timestamps,prices,energy,congestion,loss
2025-01-01 00:00:00-05:00,33.19,31.85,-0.0,1.34
2025-01-01 01:00:00-05:00,32.07,30.81,-0.0,1.26
2025-01-01 02:00:00-05:00,30.05,28.87,-0.0,1.18
2025-01-01 03:00:00-05:00,28.41,27.26,-0.0,1.15
2025-01-01 04:00:00-05:00,28.3,27.19,-0.0,1.11
2025-01-01 05:00:00-05:00,30.3,29.08,-0.0,1.22
2025-01-01 06:00:00-05:00,31.1,29.76,-0.0,1.34
2025-01-01 07:00:00-05:00,30.97,29.64,-0.0,1.33
2025-01-01 08:00:00-05:00,33.43,31.9,-0.0,1.53
2025-01-01 09:00:00-05:00,33.97,32.379999999999995,-0.0,1.59
2025-01-01 10:00:00-05:00,37.03,35.27,-0.0,1.76
2025-01-01 11:00:00-05:00,37.3,35.459999999999994,-0.0,1.84
2025-01-01 12:00:00-05:00,38.14,36.22,-0.0,1.92
2025-01-01 13:00:00-05:00,38.65,36.67,-0.0,1.98
2025-01-01 14:00:00-05:00,38.96,37.04,-0.0,1.92
2025-01-01 15:00:00-05:00,38.79,36.8,-0.0,1.99
2025-01-01 16:00:00-05:00,41.82,39.72,-0.0,2.1
2025-01-01 17:00:00-05:00,53.33,50.5,-0.0,2.83
2025-01-01 18:00:00-05:00,45.86,43.47,-0.0,2.39
2025-01-01 19:00:00-05:00,42.89,40.66,-0.0,2.23
2025-01-01 20:00:00-05:00,40.35,38.25,-0.0,2.1
2025-01-01 21:00:00-05:00,35.93,34.03,-0.0,1.9
2025-01-01 22:00:00-05:00,33.1,31.41,-0.0,1.69
2025-01-01 23:00:00-05:00,33.13,31.49,-0.0,1.64
2025-01-02 00:00:00-05:00,36.8,34.919999999999995,-0.0,1.88
2025-01-02 01:00:00-05:00,36.14,34.32,-0.0,1.82
2025-01-02 02:00:00-05:00,33.17,31.53,-0.0,1.64
2025-01-02 03:00:00-05:00,31.42,29.840000000000003,-0.0,1.58
2025-01-02 04:00:00-05:00,34.17,32.42,-0.0,1.75
2025-01-02 05:00:00-05:00,37.51,35.62,-0.0,1.89
2025-01-02 06:00:00-05:00,48.14,38.16,7.81,2.17
2025-01-02 07:00:00-05:00,86.76,41.61000000000001,42.82,2.33
2025-01-02 08:00:00-05:00,82.97,41.559999999999995,39.04,2.37
2025-01-02 09:00:00-05:00,53.58,41.12,10.12,2.34
2025-01-02 10:00:00-05:00,48.98,41.86,4.73,2.39
2025-01-02 11:00:00-05:00,47.25,40.93,3.99,2.33
2025-01-02 12:00:00-05:00,44.85,40.07,2.54,2.24
2025-01-02 13:00:00-05:00,46.55,41.37,2.82,2.36
2025-01-02 14:00:00-05:00,49.96,41.11000000000001,6.51,2.34
2025-01-02 15:00:00-05:00,61.62,43.309999999999995,15.93,2.38
2025-01-02 16:00:00-05:00,79.44,49.55,27.07,2.82
2025-01-02 17:00:00-05:00,113.19,55.09,54.85,3.25
2025-01-02 18:00:00-05:00,84.29,55.040000000000006,26.0,3.25
2025-01-02 19:00:00-05:00,91.92,49.25000000000001,39.82,2.85
2025-01-02 20:00:00-05:00,72.16,49.04999999999999,20.32,2.79
2025-01-02 21:00:00-05:00,60.84,45.85,12.38,2.61
2025-01-02 22:00:00-05:00,45.69,43.27,-0.0,2.42
2025-01-02 23:00:00-05:00,43.34,41.040000000000006,-0.0,2.3
2025-01-03 00:00:00-05:00,43.46,41.39,-0.0,2.07
2025-01-03 01:00:00-05:00,41.39,39.42,-0.0,1.97
2025-01-03 02:00:00-05:00,40.68,38.78,-0.0,1.9
2025-01-03 03:00:00-05:00,41.35,39.42,-0.0,1.93
2025-01-03 04:00:00-05:00,42.65,40.62,-0.0,2.03
2025-01-03 05:00:00-05:00,48.92,46.55,-0.0,2.37
2025-01-03 06:00:00-05:00,56.9,53.94,-0.0,2.96
2025-01-03 07:00:00-05:00,59.02,54.98,0.91,3.13
2025-01-03 08:00:00-05:00,59.04,55.04,0.92,3.08
2025-01-03 09:00:00-05:00,58.68,54.150000000000006,1.66,2.87
2025-01-03 10:00:00-05:00,55.94,52.51,0.65,2.78
2025-01-03 11:00:00-05:00,55.73,52.26,0.65,2.82
2025-01-03 12:00:00-05:00,54.14,50.84,0.71,2.59
2025-01-03 13:00:00-05:00,55.11,51.87,0.75,2.49
2025-01-03 14:00:00-05:00,58.61,54.98,0.88,2.75
2025-01-03 15:00:00-05:00,59.43,55.260000000000005,1.19,2.98
2025-01-03 16:00:00-05:00,67.79,55.320000000000014,9.37,3.1
2025-01-03 17:00:00-05:00,86.51,58.61,24.5,3.4
2025-01-03 18:00:00-05:00,79.27,57.92999999999999,17.92,3.42
2025-01-03 19:00:00-05:00,63.87,55.489999999999995,5.27,3.11
2025-01-03 20:00:00-05:00,61.66,55.27,3.3,3.09
2025-01-03 21:00:00-05:00,57.71,54.65,-0.0,3.06
2025-01-03 22:00:00-05:00,57.2,54.220000000000006,-0.0,2.98
2025-01-03 23:00:00-05:00,57.43,54.54,-0.0,2.89
2025-01-04 00:00:00-05:00,54.93,51.97,-0.0,2.96
2025-01-04 01:00:00-05:00,52.3,49.58,-0.0,2.72
2025-01-04 02:00:00-05:00,50.28,47.620000000000005,-0.0,2.66
2025-01-04 03:00:00-05:00,51.23,48.51,-0.0,2.72
2025-01-04 04:00:00-05:00,51.54,48.76,-0.0,2.78
2025-01-04 05:00:00-05:00,52.95,49.92,0.09,2.94
2025-01-04 06:00:00-05:00,53.15,49.61,0.66,2.88
2025-01-04 07:00:00-05:00,57.04,53.97,-0.0,3.07
2025-01-04 08:00:00-05:00,65.0,54.82,7.0,3.18
2025-01-04 09:00:00-05:00,71.29,55.09,12.89,3.31
2025-01-04 10:00:00-05:00,71.08,55.32000000000001,12.44,3.32
2025-01-04 11:00:00-05:00,69.39,55.39000000000001,10.68,3.32
2025-01-04 12:00:00-05:00,68.48,55.26,9.96,3.26
2025-01-04 13:00:00-05:00,70.0,55.2,11.54,3.26
2025-01-04 14:00:00-05:00,75.0,55.25999999999999,16.48,3.26
2025-01-04 15:00:00-05:00,107.53,55.38000000000001,48.83,3.32
2025-01-04 16:00:00-05:00,140.0,58.02000000000001,78.38,3.6
2025-01-04 17:00:00-05:00,180.0,67.35,108.47,4.18
2025-01-04 18:00:00-05:00,170.0,66.18999999999998,99.7,4.11
2025-01-04 19:00:00-05:00,158.89,57.41999999999999,97.91,3.56
2025-01-04 20:00:00-05:00,156.67,55.329999999999984,97.91,3.43
2025-01-04 21:00:00-05:00,121.36,55.209999999999994,62.78,3.37
2025-01-04 22:00:00-05:00,106.77,55.099999999999994,48.42,3.25
2025-01-04 23:00:00-05:00,90.33,54.99,32.1,3.24
2025-01-05 00:00:00-05:00,79.23,73.39999999999999,1.43,4.4
2025-01-05 01:00:00-05:00,78.41,73.84,0.21,4.36
2025-01-05 02:00:00-05:00,76.69,67.51,5.27,3.91
2025-01-05 03:00:00-05:00,71.58,64.74,3.22,3.62
2025-01-05 04:00:00-05:00,70.82,66.94,-0.0,3.88
2025-01-05 05:00:00-05:00,71.04,67.21000000000001,-0.0,3.83
2025-01-05 06:00:00-05:00,75.01,70.97,-0.0,4.04
2025-01-05 07:00:00-05:00,83.39,54.17,26.13,3.09
2025-01-05 08:00:00-05:00,118.75,59.190000000000005,56.07,3.49
2025-01-05 09:00:00-05:00,104.29,66.55,33.81,3.93
2025-01-05 10:00:00-05:00,98.63,74.13999999999999,20.12,4.37
2025-01-05 11:00:00-05:00,98.85,74.0,20.49,4.36
2025-01-05 12:00:00-05:00,98.47,72.33,21.95,4.19
2025-01-05 13:00:00-05:00,98.37,73.70000000000002,20.4,4.27
2025-01-05 14:00:00-05:00,101.36,73.99,23.08,4.29
2025-01-05 15:00:00-05:00,105.92,73.92000000000002,27.57,4.43
2025-01-05 16:00:00-05:00,157.0,85.58999999999999,66.36,5.05
2025-01-05 17:00:00-05:00,190.0,104.93,78.88,6.19
2025-01-05 18:00:00-05:00,184.18,100.7,77.54,5.94
2025-01-05 19:00:00-05:00,160.0,89.92999999999999,64.77,5.3
2025-01-05 20:00:00-05:00,132.38,93.32,33.56,5.5
2025-01-05 21:00:00-05:00,125.0,86.16,33.76,5.08
2025-01-05 22:00:00-05:00,97.95,83.60000000000001,9.42,4.93
2025-01-05 23:00:00-05:00,92.25,87.19,-0.0,5.06
2025-01-06 00:00:00-05:00,99.31,88.36000000000001,5.74,5.21
2025-01-06 01:00:00-05:00,99.45,81.28,13.46,4.71
2025-01-06 02:00:00-05:00,97.54,81.01,11.75,4.78
2025-01-06 03:00:00-05:00,96.37,85.17,6.26,4.94
2025-01-06 04:00:00-05:00,94.85,89.14,0.27,5.44
2025-01-06 05:00:00-05:00,117.1,81.59,31.19,4.32
2025-01-06 06:00:00-05:00,122.79,90.62,27.37,4.8
2025-01-06 07:00:00-05:00,162.06,89.82999999999998,67.65,4.58
2025-01-06 08:00:00-05:00,151.76,103.06,43.55,5.15
2025-01-06 09:00:00-05:00,152.22,91.49,56.34,4.39
2025-01-06 10:00:00-05:00,156.88,118.07999999999998,33.37,5.43
2025-01-06 11:00:00-05:00,134.83,112.22,17.68,4.93
2025-01-06 12:00:00-05:00,131.39,101.54,25.49,4.36
2025-01-06 13:00:00-05:00,135.77,83.71000000000001,48.46,3.6
2025-01-06 14:00:00-05:00,137.23,85.82999999999998,47.71,3.69
2025-01-06 15:00:00-05:00,150.46,79.83000000000003,66.96,3.67
2025-01-06 16:00:00-05:00,173.3,81.43,87.88,3.99
2025-01-06 17:00:00-05:00,200.79,97.64,98.17,4.98
2025-01-06 18:00:00-05:00,197.75,86.88999999999999,106.43,4.43
2025-01-06 19:00:00-05:00,188.92,71.66999999999997,113.67,3.58
2025-01-06 20:00:00-05:00,151.07,74.36999999999999,72.39,4.31
2025-01-06 21:00:00-05:00,141.06,74.88,61.84,4.34
2025-01-06 22:00:00-05:00,135.26,80.13999999999999,50.72,4.4
2025-01-06 23:00:00-05:00,124.44,79.42999999999999,40.56,4.45
2025-01-07 00:00:00-05:00,136.08,70.6,61.24,4.24
2025-01-07 01:00:00-05:00,120.16,70.38,45.7,4.08
2025-01-07 02:00:00-05:00,128.23,70.23999999999998,53.99,4.0
2025-01-07 03:00:00-05:00,126.2,70.31,51.88,4.01
2025-01-07 04:00:00-05:00,132.28,70.30999999999999,57.89,4.08
2025-01-07 05:00:00-05:00,145.53,64.19000000000001,78.2,3.14
2025-01-07 06:00:00-05:00,171.81,68.89000000000001,99.41,3.51
2025-01-07 07:00:00-05:00,205.51,50.53,152.6,2.38
2025-01-07 08:00:00-05:00,183.32,51.51999999999998,129.33,2.47
2025-01-07 09:00:00-05:00,177.01,45.339999999999975,129.77,1.9
2025-01-07 10:00:00-05:00,169.69,59.110000000000014,108.1,2.48
2025-01-07 11:00:00-05:00,169.64,52.23,115.27,2.14
2025-01-07 12:00:00-05:00,166.53,47.13000000000001,117.51,1.89
2025-01-07 13:00:00-05:00,165.34,46.93000000000001,116.53,1.88
2025-01-07 14:00:00-05:00,166.02,48.390000000000015,115.65,1.98
2025-01-07 15:00:00-05:00,180.8,46.349999999999994,132.46,1.99
2025-01-07 16:00:00-05:00,207.77,61.599999999999994,143.4,2.77
2025-01-07 17:00:00-05:00,262.01,81.15999999999997,177.11,3.74
2025-01-07 18:00:00-05:00,243.87,80.42000000000002,159.67,3.78
2025-01-07 19:00:00-05:00,226.49,68.71000000000001,154.76,3.02
2025-01-07 20:00:00-05:00,187.0,70.6,112.59,3.81
2025-01-07 21:00:00-05:00,179.13,70.51999999999998,104.87,3.74
2025-01-07 22:00:00-05:00,163.22,70.48,88.8,3.94
2025-01-07 23:00:00-05:00,160.29,70.64999999999999,85.61,4.03
2025-01-08 00:00:00-05:00,155.14,73.69999999999997,76.79,4.65
2025-01-08 01:00:00-05:00,149.62,71.78000000000002,73.39,4.45
2025-01-08 02:00:00-05:00,141.02,70.76000000000002,65.87,4.39
2025-01-08 03:00:00-05:00,140.53,70.53999999999999,65.69,4.3
2025-01-08 04:00:00-05:00,153.4,70.75999999999999,78.18,4.46
2025-01-08 05:00:00-05:00,161.16,73.63000000000001,83.11,4.42
2025-01-08 06:00:00-05:00,195.0,74.55,115.67,4.78
2025-01-08 07:00:00-05:00,222.0,73.63,143.88,4.49
2025-01-08 08:00:00-05:00,221.61,74.57000000000002,142.42,4.62
2025-01-08 09:00:00-05:00,189.01,74.24,110.24,4.53
2025-01-08 10:00:00-05:00,168.55,74.53,89.47,4.55
2025-01-08 11:00:00-05:00,159.04,72.86999999999998,81.87,4.3
2025-01-08 12:00:00-05:00,158.31,70.76000000000002,83.38,4.17
2025-01-08 13:00:00-05:00,158.28,70.62,83.57,4.09
2025-01-08 14:00:00-05:00,155.7,72.72,78.69,4.29
2025-01-08 15:00:00-05:00,180.61,72.35000000000002,104.06,4.2
2025-01-08 16:00:00-05:00,231.35,74.70999999999998,151.93,4.71
2025-01-08 17:00:00-05:00,262.99,86.60000000000002,170.76,5.63
2025-01-08 18:00:00-05:00,251.12,82.4,163.37,5.35
2025-01-08 19:00:00-05:00,236.85,74.32,157.84,4.69
2025-01-08 20:00:00-05:00,243.92,74.15999999999997,165.08,4.68
2025-01-08 21:00:00-05:00,185.51,71.41999999999997,109.73,4.36
2025-01-08 22:00:00-05:00,174.78,74.24,96.01,4.53
2025-01-08 23:00:00-05:00,163.04,74.24,84.04,4.76
2025-01-09 00:00:00-05:00,165.95,70.64999999999999,90.92,4.38
2025-01-09 01:00:00-05:00,158.99,66.19,88.69,4.11
2025-01-09 02:00:00-05:00,153.52,57.22,92.75,3.55
2025-01-09 03:00:00-05:00,146.82,57.61,85.58,3.63
2025-01-09 04:00:00-05:00,155.61,62.60000000000002,89.19,3.82
2025-01-09 05:00:00-05:00,164.98,70.79999999999998,90.0,4.18
2025-01-09 06:00:00-05:00,189.23,71.1,113.72,4.41
2025-01-09 07:00:00-05:00,235.7,71.01999999999998,160.35,4.33
2025-01-09 08:00:00-05:00,225.0,71.01999999999998,149.65,4.33
2025-01-09 09:00:00-05:00,178.67,70.95999999999998,103.6,4.11
2025-01-09 10:00:00-05:00,164.83,71.24000000000002,89.46,4.13
2025-01-09 11:00:00-05:00,152.02,71.1,76.87,4.05
2025-01-09 12:00:00-05:00,148.91,71.10000000000001,73.83,3.98
2025-01-09 13:00:00-05:00,145.66,70.94999999999999,70.81,3.9
2025-01-09 14:00:00-05:00,144.64,70.88999999999999,69.93,3.82
2025-01-09 15:00:00-05:00,156.22,71.16,80.93,4.13
2025-01-09 16:00:00-05:00,201.17,71.16999999999999,125.66,4.34
2025-01-09 17:00:00-05:00,210.79,96.83,107.86,6.1
2025-01-09 18:00:00-05:00,225.75,97.71,121.98,6.06
2025-01-09 19:00:00-05:00,202.92,74.22999999999999,124.09,4.6
2025-01-09 20:00:00-05:00,207.03,73.61000000000001,128.78,4.64
2025-01-09 21:00:00-05:00,168.86,71.10000000000001,93.21,4.55
2025-01-09 22:00:00-05:00,160.52,71.02000000000002,85.02,4.48
2025-01-09 23:00:00-05:00,159.9,70.95000000000002,84.69,4.26
2025-01-10 00:00:00-05:00,132.96,66.44999999999999,62.46,4.05
2025-01-10 01:00:00-05:00,124.13,66.38,53.77,3.98
2025-01-10 02:00:00-05:00,113.55,66.45,43.11,3.99
2025-01-10 03:00:00-05:00,109.78,67.28,38.46,4.04
2025-01-10 04:00:00-05:00,111.67,74.23,32.91,4.53
2025-01-10 05:00:00-05:00,154.59,77.00999999999999,72.72,4.86
2025-01-10 06:00:00-05:00,168.5,84.68,78.32,5.5
2025-01-10 07:00:00-05:00,176.03,85.83999999999999,84.61,5.58
2025-01-10 08:00:00-05:00,180.0,86.73,87.64,5.63
2025-01-10 09:00:00-05:00,125.0,85.82,34.12,5.06
2025-01-10 10:00:00-05:00,101.18,86.74000000000001,9.24,5.2
2025-01-10 11:00:00-05:00,90.8,82.44,3.83,4.53
2025-01-10 12:00:00-05:00,86.89,82.44,-0.0,4.45
2025-01-10 13:00:00-05:00,87.6,82.96,-0.0,4.64
2025-01-10 14:00:00-05:00,88.14,83.71000000000001,-0.0,4.43
2025-01-10 15:00:00-05:00,95.46,90.00999999999999,0.14,5.31
2025-01-10 16:00:00-05:00,104.13,91.6,6.94,5.59
2025-01-10 17:00:00-05:00,121.14,115.0,-1.33,7.47
2025-01-10 18:00:00-05:00,104.71,97.81,0.63,6.27
2025-01-10 19:00:00-05:00,118.22,97.08,15.12,6.02
2025-01-10 20:00:00-05:00,115.37,91.54,18.25,5.58
2025-01-10 21:00:00-05:00,104.73,86.18,13.38,5.17
2025-01-10 22:00:00-05:00,104.32,83.64999999999999,15.65,5.02
2025-01-10 23:00:00-05:00,104.7,81.94,18.09,4.67
2025-01-11 00:00:00-05:00,86.59,81.77000000000001,-0.0,4.82
2025-01-11 01:00:00-05:00,81.91,77.57,-0.0,4.34
2025-01-11 02:00:00-05:00,75.15,71.17,-0.0,3.98
2025-01-11 03:00:00-05:00,72.02,68.27,-0.0,3.75
2025-01-11 04:00:00-05:00,73.41,69.52,-0.0,3.89
2025-01-11 05:00:00-05:00,74.9,70.86,-0.0,4.04
2025-01-11 06:00:00-05:00,73.33,69.25,-0.0,4.08
2025-01-11 07:00:00-05:00,87.84,73.6,9.82,4.42
2025-01-11 08:00:00-05:00,114.91,80.42,29.58,4.91
2025-01-11 09:00:00-05:00,118.36,81.77000000000001,31.6,4.99
2025-01-11 10:00:00-05:00,84.27,79.35,-0.0,4.92
2025-01-11 11:00:00-05:00,89.11,84.47,-0.0,4.64
2025-01-11 12:00:00-05:00,79.81,75.51,-0.0,4.3
2025-01-11 13:00:00-05:00,76.22,72.03999999999999,-0.0,4.18
2025-01-11 14:00:00-05:00,69.91,66.14,-0.0,3.77
2025-01-11 15:00:00-05:00,81.99,77.41999999999999,-0.0,4.57
2025-01-11 16:00:00-05:00,86.67,81.69,-0.0,4.98
2025-01-11 17:00:00-05:00,130.65,84.85,40.37,5.43
2025-01-11 18:00:00-05:00,100.0,82.02,12.81,5.17
2025-01-11 19:00:00-05:00,78.45,73.79,0.16,4.5
2025-01-11 20:00:00-05:00,74.06,69.72,0.09,4.25
2025-01-11 21:00:00-05:00,69.9,66.01,-0.0,3.89
2025-01-11 22:00:00-05:00,69.49,65.80999999999999,-0.0,3.68
2025-01-11 23:00:00-05:00,69.48,65.73,-0.0,3.75
2025-01-12 00:00:00-05:00,69.83,65.94,-0.0,3.89
2025-01-12 01:00:00-05:00,69.62,65.80000000000001,-0.0,3.82
2025-01-12 02:00:00-05:00,68.59,65.26,-0.0,3.33
2025-01-12 03:00:00-05:00,68.06,65.0,-0.0,3.06
2025-01-12 04:00:00-05:00,68.06,65.0,-0.0,3.06
2025-01-12 05:00:00-05:00,68.86,65.46,-0.0,3.4
2025-01-12 06:00:00-05:00,68.73,65.4,-0.0,3.33
2025-01-12 07:00:00-05:00,68.19,65.00999999999999,-0.0,3.18
2025-01-12 08:00:00-05:00,68.32,65.07,-0.0,3.25
2025-01-12 09:00:00-05:00,65.78,63.19,-0.0,2.59
2025-01-12 10:00:00-05:00,65.45,63.0,-0.0,2.45
2025-01-12 11:00:00-05:00,63.96,61.8,-0.0,2.16
2025-01-12 12:00:00-05:00,65.46,63.18999999999999,-0.0,2.27
2025-01-12 13:00:00-05:00,65.37,63.040000000000006,-0.0,2.33
2025-01-12 14:00:00-05:00,66.86,64.35,-0.0,2.51
2025-01-12 15:00:00-05:00,68.14,65.2,-0.0,2.94
2025-01-12 16:00:00-05:00,72.38,68.47999999999999,-0.0,3.9
2025-01-12 17:00:00-05:00,86.34,81.69,-0.0,4.65
2025-01-12 18:00:00-05:00,78.27,74.11999999999999,-0.0,4.15
2025-01-12 19:00:00-05:00,72.1,68.28,-0.0,3.82
2025-01-12 20:00:00-05:00,69.77,65.95,-0.0,3.82
2025-01-12 21:00:00-05:00,68.73,65.4,-0.0,3.33
2025-01-12 22:00:00-05:00,68.19,65.07,-0.0,3.12
2025-01-12 23:00:00-05:00,68.33,65.14,-0.0,3.19
2025-01-13 00:00:00-05:00,68.92,65.39,-0.0,3.53
2025-01-13 01:00:00-05:00,68.73,65.33,-0.0,3.4
2025-01-13 02:00:00-05:00,68.99,65.46,-0.0,3.53
2025-01-13 03:00:00-05:00,68.59,65.26,-0.0,3.33
2025-01-13 04:00:00-05:00,69.21,65.6,-0.0,3.61
2025-01-13 05:00:00-05:00,70.17,66.2,-0.0,3.97
2025-01-13 06:00:00-05:00,78.85,74.53,-0.0,4.32
2025-01-13 07:00:00-05:00,113.51,101.03,6.42,6.06
2025-01-13 08:00:00-05:00,98.85,93.43,-0.0,5.42
2025-01-13 09:00:00-05:00,75.83,71.81,-0.0,4.02
2025-01-13 10:00:00-05:00,70.67,67.05,-0.0,3.62
2025-01-13 11:00:00-05:00,68.67,65.46000000000001,-0.0,3.21
2025-01-13 12:00:00-05:00,68.53,65.39,-0.0,3.14
2025-01-13 13:00:00-05:00,68.4,65.27000000000001,-0.0,3.13
2025-01-13 14:00:00-05:00,68.53,65.33,-0.0,3.2
2025-01-13 15:00:00-05:00,69.34,65.79,-0.0,3.55
2025-01-13 16:00:00-05:00,76.81,72.53,-0.0,4.28
2025-01-13 17:00:00-05:00,99.1,81.77,12.42,4.91
2025-01-13 18:00:00-05:00,101.32,80.47999999999999,16.09,4.75
2025-01-13 19:00:00-05:00,76.9,67.25,5.68,3.97
2025-01-13 20:00:00-05:00,72.02,66.47,1.7,3.85
2025-01-13 21:00:00-05:00,68.44,64.94,-0.0,3.5
2025-01-13 22:00:00-05:00,69.21,65.72999999999999,-0.0,3.48
2025-01-13 23:00:00-05:00,68.66,65.33,-0.0,3.33
2025-01-14 00:00:00-05:00,68.27,64.71,-0.0,3.56
2025-01-14 01:00:00-05:00,66.54,63.13000000000001,-0.0,3.41
2025-01-14 02:00:00-05:00,69.2,65.59,-0.0,3.61
2025-01-14 03:00:00-05:00,69.2,65.59,-0.0,3.61
2025-01-14 04:00:00-05:00,69.27,65.66,-0.0,3.61
2025-01-14 05:00:00-05:00,66.0,62.5,-0.0,3.5
2025-01-14 06:00:00-05:00,186.62,69.95,112.33,4.34
2025-01-14 07:00:00-05:00,246.51,82.26999999999998,159.05,5.19
2025-01-14 08:00:00-05:00,171.23,82.35999999999999,83.68,5.19
2025-01-14 09:00:00-05:00,84.92,80.04,-0.0,4.88
2025-01-14 10:00:00-05:00,88.75,82.18,1.8,4.77
2025-01-14 11:00:00-05:00,82.25,75.1,2.95,4.2
2025-01-14 12:00:00-05:00,81.22,76.77,0.15,4.3
2025-01-14 13:00:00-05:00,82.65,78.19000000000001,-0.0,4.46
2025-01-14 14:00:00-05:00,88.1,82.1,1.32,4.68
2025-01-14 15:00:00-05:00,97.5,83.66,8.82,5.02
2025-01-14 16:00:00-05:00,113.74,82.35999999999999,26.35,5.03
2025-01-14 17:00:00-05:00,132.97,122.08,3.19,7.7
2025-01-14 18:00:00-05:00,163.21,88.52,69.11,5.58
2025-01-14 19:00:00-05:00,143.46,85.55000000000001,52.43,5.48
2025-01-14 20:00:00-05:00,122.72,85.82000000000001,31.58,5.32
2025-01-14 21:00:00-05:00,106.1,82.19999999999999,18.97,4.93
2025-01-14 22:00:00-05:00,102.05,81.94999999999999,15.18,4.92
2025-01-14 23:00:00-05:00,101.96,81.86,15.27,4.83
2025-01-15 00:00:00-05:00,92.83,80.93,7.21,4.69
2025-01-15 01:00:00-05:00,90.21,74.86,11.08,4.27
2025-01-15 02:00:00-05:00,87.55,74.86,8.42,4.27
2025-01-15 03:00:00-05:00,84.8,74.86999999999999,5.59,4.34
2025-01-15 04:00:00-05:00,85.37,80.62,-0.0,4.75
2025-01-15 05:00:00-05:00,97.32,82.19999999999999,10.19,4.93
2025-01-15 06:00:00-05:00,121.39,85.9,30.07,5.42
2025-01-15 07:00:00-05:00,155.23,103.79,45.0,6.44
2025-01-15 08:00:00-05:00,131.0,109.36,14.75,6.89
2025-01-15 09:00:00-05:00,100.99,85.72999999999999,10.12,5.14
2025-01-15 10:00:00-05:00,93.0,85.73,2.39,4.88
2025-01-15 11:00:00-05:00,96.5,85.99,5.78,4.73
2025-01-15 12:00:00-05:00,93.0,85.64,2.65,4.71
2025-01-15 13:00:00-05:00,93.0,84.85000000000001,3.49,4.66
2025-01-15 14:00:00-05:00,96.0,85.38,5.93,4.69
2025-01-15 15:00:00-05:00,114.22,86.55,22.74,4.93
2025-01-15 16:00:00-05:00,127.1,87.49,34.36,5.25
2025-01-15 17:00:00-05:00,156.0,113.69,34.92,7.39
2025-01-15 18:00:00-05:00,156.0,115.01,33.62,7.37
2025-01-15 19:00:00-05:00,137.24,84.93,47.13,5.18
2025-01-15 20:00:00-05:00,130.66,85.11,40.36,5.19
2025-01-15 21:00:00-05:00,121.75,84.14,32.56,5.05
2025-01-15 22:00:00-05:00,123.03,84.15,33.83,5.05
2025-01-15 23:00:00-05:00,112.16,83.72,23.5,4.94
2025-01-16 00:00:00-05:00,126.57,82.02999999999999,39.78,4.76
2025-01-16 01:00:00-05:00,113.75,81.86,27.23,4.66
2025-01-16 02:00:00-05:00,112.99,80.97,27.33,4.69
2025-01-16 03:00:00-05:00,101.16,95.74,0.06,5.36
2025-01-16 04:00:00-05:00,105.13,99.46,-0.0,5.67
2025-01-16 05:00:00-05:00,185.17,83.84999999999998,96.2,5.12
2025-01-16 06:00:00-05:00,187.0,122.75,57.01,7.24
2025-01-16 07:00:00-05:00,189.03,149.92000000000002,30.57,8.54
2025-01-16 08:00:00-05:00,160.46,133.09,19.79,7.58
2025-01-16 09:00:00-05:00,147.83,109.82000000000002,31.31,6.7
2025-01-16 10:00:00-05:00,120.61,114.0,-0.0,6.61
2025-01-16 11:00:00-05:00,95.13,86.37,3.49,5.27
2025-01-16 12:00:00-05:00,94.44,85.71,3.5,5.23
2025-01-16 13:00:00-05:00,122.36,91.46,25.23,5.67
2025-01-16 14:00:00-05:00,99.12,89.46000000000001,4.11,5.55
2025-01-16 15:00:00-05:00,127.48,96.62,24.77,6.09
2025-01-16 16:00:00-05:00,150.0,94.96,49.25,5.79
2025-01-16 17:00:00-05:00,186.46,115.30000000000004,64.24,6.92
2025-01-16 18:00:00-05:00,180.42,96.29999999999998,78.34,5.78
2025-01-16 19:00:00-05:00,180.0,88.2,86.24,5.56
2025-01-16 20:00:00-05:00,161.59,92.45000000000002,63.69,5.45
2025-01-16 21:00:00-05:00,141.78,83.14000000000001,53.57,5.07
2025-01-16 22:00:00-05:00,148.0,82.03,60.97,5.0
2025-01-16 23:00:00-05:00,146.0,85.42999999999999,55.36,5.21
2025-01-17 00:00:00-05:00,149.28,105.23,37.84,6.21
2025-01-17 01:00:00-05:00,137.55,85.64,46.95,4.96
2025-01-17 02:00:00-05:00,137.19,79.07,53.62,4.5
2025-01-17 03:00:00-05:00,115.0,86.19000000000001,23.99,4.82
2025-01-17 04:00:00-05:00,125.53,86.00999999999999,34.71,4.81
2025-01-17 05:00:00-05:00,156.44,85.00999999999999,66.5,4.93
2025-01-17 06:00:00-05:00,190.0,87.36999999999999,97.3,5.33
2025-01-17 07:00:00-05:00,213.98,124.59,82.04,7.35
2025-01-17 08:00:00-05:00,160.1,127.09,25.51,7.5
2025-01-17 09:00:00-05:00,120.0,87.08999999999999,27.51,5.4
2025-01-17 10:00:00-05:00,91.88,85.17999999999999,1.5,5.2
2025-01-17 11:00:00-05:00,88.05,82.99,-0.0,5.06
2025-01-17 12:00:00-05:00,87.11,82.1,-0.0,5.01
2025-01-17 13:00:00-05:00,86.13,81.17999999999999,-0.0,4.95
2025-01-17 14:00:00-05:00,90.21,84.94,-0.0,5.27
2025-01-17 15:00:00-05:00,105.18,70.56000000000002,30.24,4.38
2025-01-17 16:00:00-05:00,126.51,70.5,51.85,4.16
2025-01-17 17:00:00-05:00,180.0,70.71999999999998,105.04,4.24
2025-01-17 18:00:00-05:00,166.97,70.57,92.1,4.3
2025-01-17 19:00:00-05:00,135.58,70.56,60.72,4.3
2025-01-17 20:00:00-05:00,130.0,70.69999999999999,54.99,4.31
2025-01-17 21:00:00-05:00,118.79,70.25,44.4,4.14
2025-01-17 22:00:00-05:00,102.44,70.41,27.88,4.15
2025-01-17 23:00:00-05:00,116.9,70.11000000000001,42.87,3.92
2025-01-18 00:00:00-05:00,73.68,70.04,-0.0,3.64
2025-01-18 01:00:00-05:00,73.1,69.69,-0.0,3.41
2025-01-18 02:00:00-05:00,71.72,68.44,-0.0,3.28
2025-01-18 03:00:00-05:00,73.24,69.69,-0.0,3.55
2025-01-18 04:00:00-05:00,73.52,69.75999999999999,-0.0,3.76
2025-01-18 05:00:00-05:00,74.19,70.32,-0.0,3.87
2025-01-18 06:00:00-05:00,70.0,66.61,-0.0,3.39
2025-01-18 07:00:00-05:00,119.11,54.66,61.45,3.0
2025-01-18 08:00:00-05:00,117.54,58.7,55.55,3.29
2025-01-18 09:00:00-05:00,126.72,69.78,52.97,3.97
2025-01-18 10:00:00-05:00,172.86,75.07000000000001,93.29,4.5
2025-01-18 11:00:00-05:00,162.06,70.96000000000001,86.84,4.26
2025-01-18 12:00:00-05:00,168.37,70.69,93.22,4.46
2025-01-18 13:00:00-05:00,176.38,70.62,101.31,4.45
2025-01-18 14:00:00-05:00,173.07,70.69,97.85,4.53
2025-01-18 15:00:00-05:00,183.75,70.75,108.4,4.6
2025-01-18 16:00:00-05:00,209.0,71.61000000000001,132.67,4.72
2025-01-18 17:00:00-05:00,164.7,71.30999999999999,88.76,4.63
2025-01-18 18:00:00-05:00,158.03,74.82000000000001,78.27,4.94
2025-01-18 19:00:00-05:00,148.64,71.08,73.08,4.48
2025-01-18 20:00:00-05:00,141.3,70.86000000000001,65.97,4.47
2025-01-18 21:00:00-05:00,124.07,70.72,49.04,4.31
2025-01-18 22:00:00-05:00,102.15,70.94,26.81,4.4
2025-01-18 23:00:00-05:00,111.55,70.72,36.59,4.24
2025-01-19 00:00:00-05:00,155.0,82.24999999999999,67.73,5.02
2025-01-19 01:00:00-05:00,155.43,84.70000000000002,65.56,5.17
2025-01-19 02:00:00-05:00,160.31,82.98,72.27,5.06
2025-01-19 03:00:00-05:00,149.17,85.00999999999999,59.06,5.1
2025-01-19 04:00:00-05:00,142.54,85.00999999999999,52.34,5.19
2025-01-19 05:00:00-05:00,142.43,85.35000000000002,51.79,5.29
2025-01-19 06:00:00-05:00,154.69,85.26,64.14,5.29
2025-01-19 07:00:00-05:00,270.02,85.35,179.46,5.21
2025-01-19 08:00:00-05:00,287.41,88.60000000000002,193.13,5.68
2025-01-19 09:00:00-05:00,265.02,89.63999999999999,169.64,5.74
2025-01-19 10:00:00-05:00,263.09,88.69999999999996,168.71,5.68
2025-01-19 11:00:00-05:00,272.42,88.78000000000003,177.95,5.69
2025-01-19 12:00:00-05:00,273.92,88.61000000000001,179.63,5.68
2025-01-19 13:00:00-05:00,255.17,87.41999999999999,162.15,5.6
2025-01-19 14:00:00-05:00,249.57,89.29999999999998,154.55,5.72
2025-01-19 15:00:00-05:00,285.68,137.11,140.21,8.36
2025-01-19 16:00:00-05:00,345.68,155.51,180.37,9.8
2025-01-19 17:00:00-05:00,244.02,228.01,2.33,13.68
2025-01-19 18:00:00-05:00,229.6,209.64,7.38,12.58
2025-01-19 19:00:00-05:00,227.22,205.18,9.73,12.31
2025-01-19 20:00:00-05:00,233.22,165.96,57.47,9.79
2025-01-19 21:00:00-05:00,223.0,137.82999999999998,76.62,8.55
2025-01-19 22:00:00-05:00,216.08,149.35000000000002,57.47,9.26
2025-01-19 23:00:00-05:00,171.91,161.87,-0.0,10.04
2025-01-20 00:00:00-05:00,184.57,174.12,-0.0,10.45
2025-01-20 01:00:00-05:00,172.53,162.76,-0.0,9.77
2025-01-20 02:00:00-05:00,166.03,156.48,-0.0,9.55
2025-01-20 03:00:00-05:00,166.18,157.37,-0.0,8.81
2025-01-20 04:00:00-05:00,177.07,168.0,-0.0,9.07
2025-01-20 05:00:00-05:00,200.75,191.01,-0.0,9.74
2025-01-20 06:00:00-05:00,241.77,229.39,-0.0,12.38
2025-01-20 07:00:00-05:00,322.42,242.12,66.51,13.79
2025-01-20 08:00:00-05:00,316.83,213.56,91.32,11.95
2025-01-20 09:00:00-05:00,251.0,229.52,8.63,12.85
2025-01-20 10:00:00-05:00,221.03,210.31,-0.0,10.72
2025-01-20 11:00:00-05:00,218.64,208.23,-0.0,10.41
2025-01-20 12:00:00-05:00,218.83,208.02,-0.0,10.81
2025-01-20 13:00:00-05:00,220.06,208.99,-0.0,11.07
2025-01-20 14:00:00-05:00,228.92,217.61,-0.0,11.31
2025-01-20 15:00:00-05:00,235.91,222.71,0.06,13.14
2025-01-20 16:00:00-05:00,334.55,228.08999999999995,93.24,13.22
2025-01-20 17:00:00-05:00,390.58,283.35999999999996,91.93,15.29
2025-01-20 18:00:00-05:00,354.0,274.08,65.13,14.79
2025-01-20 19:00:00-05:00,343.64,250.01,79.89,13.74
2025-01-20 20:00:00-05:00,297.05,234.81000000000003,49.1,13.14
2025-01-20 21:00:00-05:00,252.54,219.37,20.89,12.28
2025-01-20 22:00:00-05:00,234.38,222.38,-0.0,12.0
2025-01-20 23:00:00-05:00,222.19,211.21,-0.0,10.98
2025-01-21 00:00:00-05:00,213.57,203.79,-0.0,9.78
2025-01-21 01:00:00-05:00,195.63,186.67,-0.0,8.96
2025-01-21 02:00:00-05:00,207.17,197.49,-0.0,9.68
2025-01-21 03:00:00-05:00,205.08,195.32,-0.0,9.76
2025-01-21 04:00:00-05:00,210.44,200.23,-0.0,10.21
2025-01-21 05:00:00-05:00,220.05,209.38,-0.0,10.67
2025-01-21 06:00:00-05:00,269.36,255.57,-0.0,13.79
2025-01-21 07:00:00-05:00,316.39,299.34,-0.0,17.05
2025-01-21 08:00:00-05:00,276.6,262.19,-0.0,14.41
2025-01-21 09:00:00-05:00,261.26,248.35,-0.0,12.91
2025-01-21 10:00:00-05:00,246.41,234.9,-0.0,11.51
2025-01-21 11:00:00-05:00,233.14,222.88,-0.0,10.26
2025-01-21 12:00:00-05:00,228.7,218.43,-0.0,10.27
2025-01-21 13:00:00-05:00,234.54,223.8,-0.0,10.74
2025-01-21 14:00:00-05:00,243.59,232.43,-0.0,11.16
2025-01-21 15:00:00-05:00,258.52,245.98,-0.0,12.54
2025-01-21 16:00:00-05:00,272.7,258.97999999999996,-0.0,13.72
2025-01-21 17:00:00-05:00,368.02,318.46,32.38,17.18
2025-01-21 18:00:00-05:00,364.04,308.76,39.23,16.05
2025-01-21 19:00:00-05:00,310.0,279.28,15.37,15.35
2025-01-21 20:00:00-05:00,264.93,251.13,-0.0,13.8
2025-01-21 21:00:00-05:00,252.83,239.89,-0.0,12.94
2025-01-21 22:00:00-05:00,240.67,228.56,-0.0,12.11
2025-01-21 23:00:00-05:00,236.77,225.29,-0.0,11.48
2025-01-22 00:00:00-05:00,213.56,203.78,-0.0,9.78
2025-01-22 01:00:00-05:00,208.93,199.17,-0.0,9.76
2025-01-22 02:00:00-05:00,204.63,195.07,-0.0,9.56
2025-01-22 03:00:00-05:00,203.53,194.03,-0.0,9.5
2025-01-22 04:00:00-05:00,217.54,207.18,-0.0,10.36
2025-01-22 05:00:00-05:00,227.55,216.31,-0.0,11.24
2025-01-22 06:00:00-05:00,297.59,282.34999999999997,-0.0,15.24
2025-01-22 07:00:00-05:00,318.1,301.53000000000003,-0.0,16.57
2025-01-22 08:00:00-05:00,290.03,275.44,-0.0,14.59
2025-01-22 09:00:00-05:00,259.34,246.52999999999997,-0.0,12.81
2025-01-22 10:00:00-05:00,230.83,220.26,-0.0,10.57
2025-01-22 11:00:00-05:00,217.86,208.47000000000003,-0.0,9.39
2025-01-22 12:00:00-05:00,214.95,205.69,-0.0,9.26
2025-01-22 13:00:00-05:00,215.48,206.0,-0.0,9.48
2025-01-22 14:00:00-05:00,218.43,208.62,-0.0,9.81
2025-01-22 15:00:00-05:00,242.79,229.7,-0.0,13.09
2025-01-22 16:00:00-05:00,257.16,243.3,-0.0,13.86
2025-01-22 17:00:00-05:00,312.07,294.34999999999997,0.36,17.36
2025-01-22 18:00:00-05:00,308.46,284.88,7.06,16.52
2025-01-22 19:00:00-05:00,274.66,259.36,-0.0,15.3
2025-01-22 20:00:00-05:00,257.54,243.43,-0.0,14.11
2025-01-22 21:00:00-05:00,239.5,227.02,-0.0,12.48
2025-01-22 22:00:00-05:00,226.18,214.8,-0.0,11.38
2025-01-22 23:00:00-05:00,218.84,208.23,-0.0,10.61
2025-01-23 00:00:00-05:00,171.51,162.26999999999998,-0.0,9.24
2025-01-23 01:00:00-05:00,164.81,155.93,-0.0,8.88
2025-01-23 02:00:00-05:00,161.75,153.47,-0.0,8.28
2025-01-23 03:00:00-05:00,160.29,151.94,-0.0,8.35
2025-01-23 04:00:00-05:00,164.88,156.14,-0.0,8.74
2025-01-23 05:00:00-05:00,172.01,162.26999999999998,-0.0,9.74
2025-01-23 06:00:00-05:00,240.8,178.06,51.33,11.41
2025-01-23 07:00:00-05:00,277.58,182.12999999999997,83.78,11.67
2025-01-23 08:00:00-05:00,240.16,174.89,54.07,11.2
2025-01-23 09:00:00-05:00,193.46,182.34,-0.0,11.12
2025-01-23 10:00:00-05:00,165.49,156.72,-0.0,8.77
2025-01-23 11:00:00-05:00,151.5,143.74,-0.0,7.76
2025-01-23 12:00:00-05:00,151.46,144.11,-0.0,7.35
2025-01-23 13:00:00-05:00,145.57,138.38,-0.0,7.19
2025-01-23 14:00:00-05:00,144.17,137.30999999999997,-0.0,6.86
2025-01-23 15:00:00-05:00,155.31,147.5,-0.0,7.81
2025-01-23 16:00:00-05:00,171.45,161.75,-0.0,9.7
2025-01-23 17:00:00-05:00,199.57,182.68,5.37,11.52
2025-01-23 18:00:00-05:00,201.66,177.31,13.17,11.18
2025-01-23 19:00:00-05:00,176.83,166.66000000000005,-0.0,10.17
2025-01-23 20:00:00-05:00,170.97,161.29,-0.0,9.68
2025-01-23 21:00:00-05:00,163.13,154.19,-0.0,8.94
2025-01-23 22:00:00-05:00,157.32,148.56,-0.0,8.76
2025-01-23 23:00:00-05:00,156.3,147.88000000000002,-0.0,8.42
2025-01-24 00:00:00-05:00,160.62,100.51000000000002,53.38,6.73
2025-01-24 01:00:00-05:00,151.02,96.77000000000002,47.86,6.39
2025-01-24 02:00:00-05:00,130.69,97.55,26.89,6.25
2025-01-24 03:00:00-05:00,133.38,112.51,13.78,7.09
2025-01-24 04:00:00-05:00,140.26,111.17,21.97,7.12
2025-01-24 05:00:00-05:00,152.46,129.94,14.08,8.44
2025-01-24 06:00:00-05:00,178.07,167.35,-0.0,10.72
2025-01-24 07:00:00-05:00,225.0,174.07,39.78,11.15
2025-01-24 08:00:00-05:00,183.4,172.21,-0.0,11.19
2025-01-24 09:00:00-05:00,168.2,129.9,29.73,8.57
2025-01-24 10:00:00-05:00,155.58,109.03,39.24,7.31
2025-01-24 11:00:00-05:00,129.79,99.93,23.27,6.59
2025-01-24 12:00:00-05:00,124.58,100.72,17.41,6.45
2025-01-24 13:00:00-05:00,122.4,97.43,18.73,6.24
2025-01-24 14:00:00-05:00,121.54,100.82,14.26,6.46
2025-01-24 15:00:00-05:00,136.59,104.44,25.05,7.1
2025-01-24 16:00:00-05:00,180.0,111.23000000000002,61.1,7.67
2025-01-24 17:00:00-05:00,223.46,132.65000000000003,81.39,9.42
2025-01-24 18:00:00-05:00,240.92,132.36999999999998,99.15,9.4
2025-01-24 19:00:00-05:00,213.12,109.19,96.4,7.53
2025-01-24 20:00:00-05:00,181.51,102.72999999999998,71.79,6.99
2025-01-24 21:00:00-05:00,173.2,110.64999999999998,55.02,7.53
2025-01-24 22:00:00-05:00,164.27,100.51,56.92,6.84
2025-01-24 23:00:00-05:00,141.15,100.3,34.23,6.62
2025-01-25 00:00:00-05:00,171.34,97.35,67.67,6.32
2025-01-25 01:00:00-05:00,156.84,116.70999999999998,32.77,7.36
2025-01-25 02:00:00-05:00,151.01,121.98999999999998,21.21,7.81
2025-01-25 03:00:00-05:00,146.21,137.54000000000002,-0.0,8.67
2025-01-25 04:00:00-05:00,150.29,141.51,-0.0,8.78
2025-01-25 05:00:00-05:00,159.12,149.68,-0.0,9.44
2025-01-25 06:00:00-05:00,181.49,133.04000000000002,39.81,8.64
2025-01-25 07:00:00-05:00,203.78,130.32999999999998,65.23,8.22
2025-01-25 08:00:00-05:00,222.0,137.14,76.07,8.79
2025-01-25 09:00:00-05:00,166.61,109.55,50.15,6.91
2025-01-25 10:00:00-05:00,135.27,100.35,28.9,6.02
2025-01-25 11:00:00-05:00,121.22,87.80000000000001,28.15,5.27
2025-01-25 12:00:00-05:00,116.26,87.53,23.57,5.16
2025-01-25 13:00:00-05:00,115.42,87.28,22.99,5.15
2025-01-25 14:00:00-05:00,122.53,87.43,29.85,5.25
2025-01-25 15:00:00-05:00,161.73,87.61999999999998,68.68,5.43
2025-01-25 16:00:00-05:00,215.29,87.81,121.6,5.88
2025-01-25 17:00:00-05:00,341.21,88.15999999999997,247.14,5.91
2025-01-25 18:00:00-05:00,310.0,88.25999999999996,215.83,5.91
2025-01-25 19:00:00-05:00,285.39,81.81,198.18,5.4
2025-01-25 20:00:00-05:00,220.58,76.69000000000003,138.91,4.98
2025-01-25 21:00:00-05:00,231.86,73.11000000000001,154.0,4.75
2025-01-25 22:00:00-05:00,197.79,72.3,120.86,4.63
2025-01-25 23:00:00-05:00,139.78,72.15,63.15,4.48
2025-01-26 00:00:00-05:00,137.13,87.61,44.17,5.35
2025-01-26 01:00:00-05:00,111.25,85.25,20.89,5.11
2025-01-26 02:00:00-05:00,112.46,81.81,25.82,4.83
2025-01-26 03:00:00-05:00,101.35,81.82,14.7,4.83
2025-01-26 04:00:00-05:00,102.63,80.96,16.89,4.78
2025-01-26 05:00:00-05:00,115.88,73.28999999999999,38.12,4.47
2025-01-26 06:00:00-05:00,120.04,81.21000000000001,33.79,5.04
2025-01-26 07:00:00-05:00,110.06,71.92,33.97,4.17
2025-01-26 08:00:00-05:00,112.12,78.03,29.33,4.76
2025-01-26 09:00:00-05:00,116.64,81.30000000000001,30.38,4.96
2025-01-26 10:00:00-05:00,99.24,72.85999999999999,22.01,4.37
2025-01-26 11:00:00-05:00,107.22,75.07,27.95,4.2
2025-01-26 12:00:00-05:00,104.42,72.16,28.37,3.89
2025-01-26 13:00:00-05:00,100.54,72.15,24.5,3.89
2025-01-26 14:00:00-05:00,104.21,72.28999999999999,27.87,4.05
2025-01-26 15:00:00-05:00,96.19,81.13,10.27,4.79
2025-01-26 16:00:00-05:00,106.66,83.42999999999999,18.14,5.09
2025-01-26 17:00:00-05:00,175.02,88.07,81.4,5.55
2025-01-26 18:00:00-05:00,198.64,88.07,104.93,5.64
2025-01-26 19:00:00-05:00,157.38,87.61999999999999,64.24,5.52
2025-01-26 20:00:00-05:00,121.78,87.8,28.45,5.53
2025-01-26 21:00:00-05:00,116.98,80.97000000000001,30.99,5.02
2025-01-26 22:00:00-05:00,116.0,78.05,33.11,4.84
2025-01-26 23:00:00-05:00,94.73,72.0,18.41,4.32
2025-01-27 00:00:00-05:00,108.01,81.22,21.84,4.95
2025-01-27 01:00:00-05:00,112.74,71.92999999999999,36.42,4.39
2025-01-27 02:00:00-05:00,110.67,71.7,34.67,4.3
2025-01-27 03:00:00-05:00,110.7,71.77000000000001,34.55,4.38
2025-01-27 04:00:00-05:00,121.42,72.0,44.95,4.47
2025-01-27 05:00:00-05:00,156.0,72.15,79.38,4.47
2025-01-27 06:00:00-05:00,195.0,87.25,102.25,5.5
2025-01-27 07:00:00-05:00,221.13,87.96999999999998,127.7,5.46
2025-01-27 08:00:00-05:00,218.5,88.25000000000001,124.52,5.73
2025-01-27 09:00:00-05:00,153.0,73.64000000000001,74.94,4.42
2025-01-27 10:00:00-05:00,108.16,71.71,32.44,4.01
2025-01-27 11:00:00-05:00,101.79,71.70000000000002,26.15,3.94
2025-01-27 12:00:00-05:00,95.5,71.84,19.71,3.95
2025-01-27 13:00:00-05:00,91.59,71.78,15.94,3.87
2025-01-27 14:00:00-05:00,84.96,71.77,9.24,3.95
2025-01-27 15:00:00-05:00,103.46,71.91999999999999,27.37,4.17
2025-01-27 16:00:00-05:00,157.4,71.92,81.17,4.31
2025-01-27 17:00:00-05:00,214.05,82.69,126.31,5.05
2025-01-27 18:00:00-05:00,209.45,80.56,123.97,4.92
2025-01-27 19:00:00-05:00,175.0,72.30000000000001,98.22,4.48
2025-01-27 20:00:00-05:00,156.6,75.69,76.22,4.69
2025-01-27 21:00:00-05:00,140.61,72.07000000000002,64.22,4.32
2025-01-27 22:00:00-05:00,147.87,71.85,71.78,4.24
2025-01-27 23:00:00-05:00,111.02,71.69999999999999,35.09,4.23
2025-01-28 00:00:00-05:00,116.62,71.41,41.21,4.0
2025-01-28 01:00:00-05:00,114.89,71.35,39.62,3.92
2025-01-28 02:00:00-05:00,110.02,71.27,34.83,3.92
2025-01-28 03:00:00-05:00,107.28,71.27,32.09,3.92
2025-01-28 04:00:00-05:00,120.26,71.55000000000001,44.63,4.08
2025-01-28 05:00:00-05:00,124.36,72.00999999999999,48.03,4.32
2025-01-28 06:00:00-05:00,175.0,78.67,91.61,4.72
2025-01-28 07:00:00-05:00,201.0,87.53,108.22,5.25
2025-01-28 08:00:00-05:00,180.04,87.97999999999999,86.6,5.46
2025-01-28 09:00:00-05:00,130.65,87.62,37.95,5.08
2025-01-28 10:00:00-05:00,125.82,87.80999999999999,32.83,5.18
2025-01-28 11:00:00-05:00,120.73,87.81,27.83,5.09
2025-01-28 12:00:00-05:00,116.33,87.71000000000001,23.54,5.08
2025-01-28 13:00:00-05:00,114.84,86.12,23.81,4.91
2025-01-28 14:00:00-05:00,116.61,87.60999999999999,24.18,4.82
2025-01-28 15:00:00-05:00,137.9,88.16,44.63,5.11
2025-01-28 16:00:00-05:00,169.33,88.26000000000002,75.6,5.47
2025-01-28 17:00:00-05:00,212.02,168.17000000000002,33.25,10.6
2025-01-28 18:00:00-05:00,200.0,170.57,18.68,10.75
2025-01-28 19:00:00-05:00,210.54,116.12,87.22,7.2
2025-01-28 20:00:00-05:00,200.75,140.78,51.52,8.45
2025-01-28 21:00:00-05:00,147.59,104.18,37.26,6.15
2025-01-28 22:00:00-05:00,131.65,87.54,38.86,5.25
2025-01-28 23:00:00-05:00,129.29,87.16999999999999,37.15,4.97
2025-01-29 00:00:00-05:00,124.18,95.16,23.6,5.42
2025-01-29 01:00:00-05:00,111.57,88.65,17.96,4.96
2025-01-29 02:00:00-05:00,115.03,87.99,22.03,5.01
2025-01-29 03:00:00-05:00,116.97,82.44999999999999,29.82,4.7
2025-01-29 04:00:00-05:00,118.93,91.19,22.55,5.19
2025-01-29 05:00:00-05:00,135.0,91.63,38.15,5.22
2025-01-29 06:00:00-05:00,213.93,80.11000000000001,129.1,4.72
2025-01-29 07:00:00-05:00,220.9,72.31,144.25,4.34
2025-01-29 08:00:00-05:00,237.74,79.75999999999999,153.11,4.87
2025-01-29 09:00:00-05:00,155.4,92.28,57.68,5.44
2025-01-29 10:00:00-05:00,138.18,121.37000000000002,9.77,7.04
2025-01-29 11:00:00-05:00,129.74,117.42000000000002,5.63,6.69
2025-01-29 12:00:00-05:00,125.91,119.24,-0.0,6.67
2025-01-29 13:00:00-05:00,124.68,117.48,0.39,6.81
2025-01-29 14:00:00-05:00,119.95,113.48,0.01,6.46
2025-01-29 15:00:00-05:00,129.35,122.38,-0.0,6.97
2025-01-29 16:00:00-05:00,143.71,135.83,-0.0,7.88
2025-01-29 17:00:00-05:00,200.0,93.02,101.3,5.68
2025-01-29 18:00:00-05:00,205.0,102.77,95.96,6.27
2025-01-29 19:00:00-05:00,175.0,94.57999999999998,74.65,5.77
2025-01-29 20:00:00-05:00,150.51,122.99,20.26,7.26
2025-01-29 21:00:00-05:00,139.0,124.17,7.51,7.32
2025-01-29 22:00:00-05:00,137.56,117.0,13.78,6.78
2025-01-29 23:00:00-05:00,140.0,104.0,30.07,5.93
2025-01-30 00:00:00-05:00,108.36,102.26,0.07,6.03
2025-01-30 01:00:00-05:00,100.05,94.75,-0.0,5.3
2025-01-30 02:00:00-05:00,97.15,92.0,-0.0,5.15
2025-01-30 03:00:00-05:00,99.3,93.95,-0.0,5.35
2025-01-30 04:00:00-05:00,105.74,99.88,0.07,5.79
2025-01-30 05:00:00-05:00,131.55,96.60000000000002,28.96,5.99
2025-01-30 06:00:00-05:00,180.45,69.44999999999999,106.9,4.1
2025-01-30 07:00:00-05:00,223.36,88.25000000000003,130.17,4.94
2025-01-30 08:00:00-05:00,170.42,102.17,62.33,5.92
2025-01-30 09:00:00-05:00,148.6,87.62999999999998,56.42,4.55
2025-01-30 10:00:00-05:00,107.59,87.09,16.06,4.44
2025-01-30 11:00:00-05:00,93.83,87.26,2.3,4.27
2025-01-30 12:00:00-05:00,80.9,75.91000000000001,1.42,3.57
2025-01-30 13:00:00-05:00,74.8,71.36999999999999,-0.0,3.43
2025-01-30 14:00:00-05:00,92.56,66.52,22.78,3.26
2025-01-30 15:00:00-05:00,74.81,71.18,-0.0,3.63
2025-01-30 16:00:00-05:00,156.01,78.69,73.07,4.25
2025-01-30 17:00:00-05:00,164.57,87.25999999999999,72.34,4.97
2025-01-30 18:00:00-05:00,186.74,87.35000000000001,94.33,5.06
2025-01-30 19:00:00-05:00,159.13,79.89999999999999,74.76,4.47
2025-01-30 20:00:00-05:00,140.04,109.92,24.08,6.04
2025-01-30 21:00:00-05:00,129.57,114.63,8.29,6.65
2025-01-30 22:00:00-05:00,99.67,94.3,-0.0,5.37
2025-01-30 23:00:00-05:00,132.64,74.95999999999998,53.41,4.27
2025-01-31 00:00:00-05:00,120.59,66.16,50.79,3.64
2025-01-31 01:00:00-05:00,108.23,69.52000000000001,34.82,3.89
2025-01-31 02:00:00-05:00,109.93,69.38000000000001,36.67,3.88
2025-01-31 03:00:00-05:00,124.29,67.67,52.97,3.65
2025-01-31 04:00:00-05:00,77.53,73.42,-0.0,4.11
2025-01-31 05:00:00-05:00,82.0,76.92999999999999,0.84,4.23
2025-01-31 06:00:00-05:00,93.54,88.58000000000001,-0.0,4.96
2025-01-31 07:00:00-05:00,123.19,98.36,19.33,5.5
2025-01-31 08:00:00-05:00,126.27,119.8,-0.0,6.47
2025-01-31 09:00:00-05:00,148.05,140.74,-0.0,7.31
2025-01-31 10:00:00-05:00,138.21,132.13,-0.0,6.08
2025-01-31 11:00:00-05:00,131.88,125.37,-0.0,6.51
2025-01-31 12:00:00-05:00,115.0,107.93,1.03,6.04
2025-01-31 13:00:00-05:00,97.7,87.28,5.27,5.15
2025-01-31 14:00:00-05:00,103.73,87.19,11.4,5.14
2025-01-31 15:00:00-05:00,107.39,87.1,15.06,5.23
2025-01-31 16:00:00-05:00,97.66,86.83,5.8,5.03
2025-01-31 17:00:00-05:00,101.58,87.0,9.54,5.04
2025-01-31 18:00:00-05:00,100.4,79.02000000000001,16.72,4.66
2025-01-31 19:00:00-05:00,108.14,71.42,32.58,4.14
2025-01-31 20:00:00-05:00,96.39,71.49000000000001,20.68,4.22
2025-01-31 21:00:00-05:00,82.76,71.20000000000002,7.43,4.13
2025-01-31 22:00:00-05:00,75.85,71.2,0.52,4.13
2025-01-31 23:00:00-05:00,75.18,71.13000000000001,-0.0,4.05
2025-02-01 00:00:00-05:00,67.18,63.92000000000001,-0.0,3.26
2025-02-01 01:00:00-05:00,55.12,52.5,-0.0,2.62
2025-02-01 02:00:00-05:00,48.71,46.48,-0.0,2.23
2025-02-01 03:00:00-05:00,46.91,44.849999999999994,-0.0,2.06
2025-02-01 04:00:00-05:00,47.98,45.83,-0.0,2.15
2025-02-01 05:00:00-05:00,50.37,48.059999999999995,-0.0,2.31
2025-02-01 06:00:00-05:00,55.96,53.45,-0.0,2.51
2025-02-01 07:00:00-05:00,58.81,56.17,-0.0,2.64
2025-02-01 08:00:00-05:00,62.04,59.09,-0.0,2.95
2025-02-01 09:00:00-05:00,70.25,67.1,-0.0,3.15
2025-02-01 10:00:00-05:00,73.82,70.50999999999999,-0.0,3.31
2025-02-01 11:00:00-05:00,65.47,62.65,-0.0,2.82
2025-02-01 12:00:00-05:00,60.65,58.21,-0.0,2.44
2025-02-01 13:00:00-05:00,63.94,61.309999999999995,-0.0,2.63
2025-02-01 14:00:00-05:00,59.73,57.379999999999995,-0.0,2.35
2025-02-01 15:00:00-05:00,70.5,67.72,-0.0,2.78
2025-02-01 16:00:00-05:00,76.36,72.45,-0.0,3.91
2025-02-01 17:00:00-05:00,99.84,94.01,-0.0,5.83
2025-02-01 18:00:00-05:00,118.0,96.39,15.53,6.08
2025-02-01 19:00:00-05:00,102.28,90.78,5.87,5.63
2025-02-01 20:00:00-05:00,92.22,86.83,-0.0,5.39
2025-02-01 21:00:00-05:00,82.79,78.18,-0.0,4.61
2025-02-01 22:00:00-05:00,75.64,71.43,-0.0,4.21
2025-02-01 23:00:00-05:00,84.0,79.55,-0.0,4.45
2025-02-02 00:00:00-05:00,107.33,98.98,2.91,5.44
2025-02-02 01:00:00-05:00,101.67,89.61,7.22,4.84
2025-02-02 02:00:00-05:00,88.64,75.97,8.57,4.1
2025-02-02 03:00:00-05:00,88.64,69.45,15.44,3.75
2025-02-02 04:00:00-05:00,88.64,63.84,21.36,3.44
2025-02-02 05:00:00-05:00,79.88,67.61999999999999,8.61,3.65
2025-02-02 06:00:00-05:00,113.18,72.63000000000001,36.56,3.99
2025-02-02 07:00:00-05:00,120.77,76.1,40.34,4.33
2025-02-02 08:00:00-05:00,137.93,77.35,56.02,4.56
2025-02-02 09:00:00-05:00,140.0,73.25999999999999,62.49,4.25
2025-02-02 10:00:00-05:00,94.25,65.53,24.99,3.73
2025-02-02 11:00:00-05:00,75.99,71.83999999999999,0.06,4.09
2025-02-02 12:00:00-05:00,70.69,66.82,0.06,3.81
2025-02-02 13:00:00-05:00,70.28,66.49,-0.0,3.79
2025-02-02 14:00:00-05:00,70.0,66.23,-0.0,3.77
2025-02-02 15:00:00-05:00,75.75,71.6,-0.0,4.15
2025-02-02 16:00:00-05:00,98.14,84.11,8.98,5.05
2025-02-02 17:00:00-05:00,128.0,100.09,21.91,6.0
2025-02-02 18:00:00-05:00,170.0,95.29,68.9,5.81
2025-02-02 19:00:00-05:00,108.0,86.86,15.84,5.3
2025-02-02 20:00:00-05:00,98.0,76.69999999999999,16.62,4.68
2025-02-02 21:00:00-05:00,78.0,65.38,8.76,3.86
2025-02-02 22:00:00-05:00,60.96,57.51,0.06,3.39
2025-02-02 23:00:00-05:00,62.94,52.78,7.15,3.01
2025-02-03 00:00:00-05:00,74.09,70.56,-0.0,3.53
2025-02-03 01:00:00-05:00,70.33,66.86,-0.0,3.47
2025-02-03 02:00:00-05:00,69.86,66.35,-0.0,3.51
2025-02-03 03:00:00-05:00,72.05,68.42999999999999,-0.0,3.62
2025-02-03 04:00:00-05:00,72.81,69.21000000000001,-0.0,3.6
2025-02-03 05:00:00-05:00,74.67,70.91,-0.0,3.76
2025-02-03 06:00:00-05:00,75.63,71.42,-0.0,4.21
2025-02-03 07:00:00-05:00,130.56,71.58,54.83,4.15
2025-02-03 08:00:00-05:00,108.81,71.86000000000001,32.71,4.24
2025-02-03 09:00:00-05:00,90.56,71.99000000000001,14.25,4.32
2025-02-03 10:00:00-05:00,82.36,71.7,6.5,4.16
2025-02-03 11:00:00-05:00,75.12,71.27000000000001,-0.0,3.85
2025-02-03 12:00:00-05:00,74.75,71.12,-0.0,3.63
2025-02-03 13:00:00-05:00,74.53,70.98,-0.0,3.55
2025-02-03 14:00:00-05:00,71.19,67.8,-0.0,3.39
2025-02-03 15:00:00-05:00,73.41,70.05,-0.0,3.36
2025-02-03 16:00:00-05:00,73.29,69.67,-0.0,3.62
2025-02-03 17:00:00-05:00,75.71,71.63,-0.0,4.08
2025-02-03 18:00:00-05:00,83.07,71.86,6.97,4.24
2025-02-03 19:00:00-05:00,75.12,71.27000000000001,-0.0,3.85
2025-02-03 20:00:00-05:00,74.68,71.06,-0.0,3.62
2025-02-03 21:00:00-05:00,72.65,69.32000000000001,-0.0,3.33
2025-02-03 22:00:00-05:00,59.72,57.15,-0.0,2.57
2025-02-03 23:00:00-05:00,56.27,53.690000000000005,-0.0,2.58
2025-02-04 00:00:00-05:00,67.21,64.07,-0.0,3.14
2025-02-04 01:00:00-05:00,65.12,61.96000000000001,-0.0,3.16
2025-02-04 02:00:00-05:00,64.88,61.73,-0.0,3.15
2025-02-04 03:00:00-05:00,61.17,58.2,-0.0,2.97
2025-02-04 04:00:00-05:00,63.79,60.7,-0.0,3.09
2025-02-04 05:00:00-05:00,66.38,63.22,-0.0,3.16
2025-02-04 06:00:00-05:00,77.64,71.06,2.75,3.83
2025-02-04 07:00:00-05:00,95.75,71.55,20.12,4.08
2025-02-04 08:00:00-05:00,91.0,71.78999999999999,14.98,4.23
2025-02-04 09:00:00-05:00,75.26,71.34,-0.0,3.92
2025-02-04 10:00:00-05:00,73.19,69.57,-0.0,3.62
2025-02-04 11:00:00-05:00,64.68,61.66,-0.0,3.02
2025-02-04 12:00:00-05:00,61.78,59.01,-0.0,2.77
2025-02-04 13:00:00-05:00,64.34,61.45,-0.0,2.89
2025-02-04 14:00:00-05:00,70.13,66.92,-0.0,3.21
2025-02-04 15:00:00-05:00,73.17,69.49,-0.0,3.68
2025-02-04 16:00:00-05:00,83.31,74.11000000000001,4.68,4.52
2025-02-04 17:00:00-05:00,140.12,88.41999999999999,45.96,5.74
2025-02-04 18:00:00-05:00,156.0,91.06,59.02,5.92
2025-02-04 19:00:00-05:00,156.0,88.42,61.92,5.66
2025-02-04 20:00:00-05:00,130.12,83.49000000000001,41.37,5.26
2025-02-04 21:00:00-05:00,89.04,72.02000000000001,12.77,4.25
2025-02-04 22:00:00-05:00,80.07,71.56,4.43,4.08
2025-02-04 23:00:00-05:00,83.1,71.36,7.75,3.99
2025-02-05 00:00:00-05:00,102.0,90.11,6.57,5.32
2025-02-05 01:00:00-05:00,99.41,94.14,-0.0,5.27
2025-02-05 02:00:00-05:00,95.53,90.72,-0.0,4.81
2025-02-05 03:00:00-05:00,95.94,91.11,-0.0,4.83
2025-02-05 04:00:00-05:00,109.52,103.91,-0.0,5.61
2025-02-05 05:00:00-05:00,125.44,119.13,-0.0,6.31
2025-02-05 06:00:00-05:00,147.69,140.53,-0.0,7.16
2025-02-05 07:00:00-05:00,177.0,166.8,1.7,8.5
2025-02-05 08:00:00-05:00,162.24,154.66,-0.0,7.58
2025-02-05 09:00:00-05:00,141.74,135.9,-0.0,5.84
2025-02-05 10:00:00-05:00,133.37,128.61,-0.0,4.76
2025-02-05 11:00:00-05:00,119.86,115.47,-0.0,4.39
2025-02-05 12:00:00-05:00,112.77,108.64,-0.0,4.13
2025-02-05 13:00:00-05:00,114.48,110.29,-0.0,4.19
2025-02-05 14:00:00-05:00,120.92,116.39,-0.0,4.53
2025-02-05 15:00:00-05:00,132.26,127.42,-0.0,4.84
2025-02-05 16:00:00-05:00,148.66,142.54,-0.0,6.12
2025-02-05 17:00:00-05:00,183.39,174.98999999999998,-0.0,8.4
2025-02-05 18:00:00-05:00,190.65,181.75,-0.0,8.9
2025-02-05 19:00:00-05:00,168.7,160.67,-0.0,8.03
2025-02-05 20:00:00-05:00,150.94,143.48,-0.0,7.46
2025-02-05 21:00:00-05:00,138.6,132.0,-0.0,6.6
2025-02-05 22:00:00-05:00,124.64,118.15,-0.0,6.49
2025-02-05 23:00:00-05:00,158.0,110.7,41.22,6.08
2025-02-06 00:00:00-05:00,154.23,72.32,77.5,4.41
2025-02-06 01:00:00-05:00,122.64,72.61,45.45,4.58
2025-02-06 02:00:00-05:00,122.64,72.16999999999999,46.07,4.4
2025-02-06 03:00:00-05:00,122.64,72.23,46.0,4.41
2025-02-06 04:00:00-05:00,147.36,72.32000000000001,70.55,4.49
2025-02-06 05:00:00-05:00,122.64,72.25,46.2,4.19
2025-02-06 06:00:00-05:00,165.8,83.05000000000001,77.85,4.9
2025-02-06 07:00:00-05:00,221.2,140.14,73.22,7.84
2025-02-06 08:00:00-05:00,222.02,134.01,80.24,7.77
2025-02-06 09:00:00-05:00,228.0,98.59,123.4,6.01
2025-02-06 10:00:00-05:00,180.0,107.72,65.93,6.35
2025-02-06 11:00:00-05:00,168.87,105.07,57.5,6.3
2025-02-06 12:00:00-05:00,166.3,87.35000000000001,73.89,5.06
2025-02-06 13:00:00-05:00,148.74,72.99,71.45,4.3
2025-02-06 14:00:00-05:00,130.0,72.91,52.79,4.3
2025-02-06 15:00:00-05:00,123.1,74.36999999999999,44.42,4.31
2025-02-06 16:00:00-05:00,130.0,72.52,53.28,4.2
2025-02-06 17:00:00-05:00,140.82,72.81,63.72,4.29
2025-02-06 18:00:00-05:00,135.49,72.74000000000001,58.46,4.29
2025-02-06 19:00:00-05:00,130.0,72.52,53.28,4.2
2025-02-06 20:00:00-05:00,110.0,72.43,33.22,4.35
2025-02-06 21:00:00-05:00,100.57,71.13999999999999,25.23,4.2
2025-02-06 22:00:00-05:00,70.55,66.56,-0.0,3.99
2025-02-06 23:00:00-05:00,74.0,62.290000000000006,7.97,3.74
2025-02-07 00:00:00-05:00,61.89,58.55,-0.0,3.34
2025-02-07 01:00:00-05:00,57.05,53.82,-0.0,3.23
2025-02-07 02:00:00-05:00,57.0,53.82,-0.0,3.18
2025-02-07 03:00:00-05:00,56.53,53.48,-0.0,3.05
2025-02-07 04:00:00-05:00,56.43,53.39,-0.0,3.04
2025-02-07 05:00:00-05:00,58.44,55.07,0.07,3.3
2025-02-07 06:00:00-05:00,131.42,67.58999999999999,59.84,3.99
2025-02-07 07:00:00-05:00,120.0,72.43,43.22,4.35
2025-02-07 08:00:00-05:00,120.0,72.38,43.35,4.27
2025-02-07 09:00:00-05:00,70.0,64.4,1.8,3.8
2025-02-07 10:00:00-05:00,67.52,63.76,-0.0,3.76
2025-02-07 11:00:00-05:00,65.07,61.61999999999999,-0.0,3.45
2025-02-07 12:00:00-05:00,64.39,61.15,-0.0,3.24
2025-02-07 13:00:00-05:00,63.63,60.31,-0.0,3.32
2025-02-07 14:00:00-05:00,60.84,57.73,-0.0,3.11
2025-02-07 15:00:00-05:00,67.51,64.05000000000001,-0.0,3.46
2025-02-07 16:00:00-05:00,77.09,72.66,-0.0,4.43
2025-02-07 17:00:00-05:00,113.63,73.32999999999998,35.6,4.7
2025-02-07 18:00:00-05:00,113.63,73.33999999999999,35.59,4.7
2025-02-07 19:00:00-05:00,109.5,72.95,31.95,4.6
2025-02-07 20:00:00-05:00,93.28,72.96,15.65,4.67
2025-02-07 21:00:00-05:00,77.16,72.64999999999999,-0.0,4.51
2025-02-07 22:00:00-05:00,76.63,72.36,-0.0,4.27
2025-02-07 23:00:00-05:00,101.16,72.64999999999999,24.0,4.51
2025-02-08 00:00:00-05:00,72.5,63.5,4.81,4.19
2025-02-08 01:00:00-05:00,64.89,60.98,-0.0,3.91
2025-02-08 02:00:00-05:00,65.14,61.05,-0.0,4.09
2025-02-08 03:00:00-05:00,69.75,65.43,-0.0,4.32
2025-02-08 04:00:00-05:00,73.31,68.64,-0.0,4.67
2025-02-08 05:00:00-05:00,74.73,70.10000000000001,-0.0,4.63
2025-02-08 06:00:00-05:00,73.64,68.35,0.78,4.51
2025-02-08 07:00:00-05:00,75.72,71.1,-0.0,4.62
2025-02-08 08:00:00-05:00,79.75,74.95,-0.0,4.8
2025-02-08 09:00:00-05:00,80.32,75.41999999999999,-0.0,4.9
2025-02-08 10:00:00-05:00,85.0,79.74,-0.0,5.26
2025-02-08 11:00:00-05:00,82.35,77.53999999999999,-0.0,4.81
2025-02-08 12:00:00-05:00,75.22,70.76,-0.0,4.46
2025-02-08 13:00:00-05:00,64.7,60.86,-0.0,3.84
2025-02-08 14:00:00-05:00,74.94,70.5,-0.0,4.44
2025-02-08 15:00:00-05:00,99.17,77.03,17.21,4.93
2025-02-08 16:00:00-05:00,119.72,84.78999999999999,29.5,5.43
2025-02-08 17:00:00-05:00,129.97,91.55,32.47,5.95
2025-02-08 18:00:00-05:00,129.62,92.14,31.49,5.99
2025-02-08 19:00:00-05:00,139.28,78.24999999999999,55.95,5.08
2025-02-08 20:00:00-05:00,130.0,82.30000000000001,42.43,5.27
2025-02-08 21:00:00-05:00,120.0,71.9,43.49,4.61
2025-02-08 22:00:00-05:00,78.2,73.56,-0.0,4.64
2025-02-08 23:00:00-05:00,77.0,72.43,-0.0,4.57
2025-02-09 00:00:00-05:00,72.36,65.39,2.92,4.05
2025-02-09 01:00:00-05:00,68.61,64.85,-0.0,3.76
2025-02-09 02:00:00-05:00,68.68,64.85000000000001,-0.0,3.83
2025-02-09 03:00:00-05:00,68.34,64.66,-0.0,3.68
2025-02-09 04:00:00-05:00,68.2,64.59,-0.0,3.61
2025-02-09 05:00:00-05:00,68.28,64.72,-0.0,3.56
2025-02-09 06:00:00-05:00,68.81,64.98,-0.0,3.83
2025-02-09 07:00:00-05:00,70.77,64.85,2.09,3.83
2025-02-09 08:00:00-05:00,83.51,65.25,14.28,3.98
2025-02-09 09:00:00-05:00,114.69,67.38,43.06,4.25
2025-02-09 10:00:00-05:00,118.0,69.46000000000001,44.16,4.38
2025-02-09 11:00:00-05:00,91.33,65.53,21.74,4.06
2025-02-09 12:00:00-05:00,88.0,65.18,18.91,3.91
2025-02-09 13:00:00-05:00,88.0,65.11,18.98,3.91
2025-02-09 14:00:00-05:00,73.71,65.03999999999999,4.83,3.84
2025-02-09 15:00:00-05:00,98.0,67.39999999999999,26.42,4.18
2025-02-09 16:00:00-05:00,118.0,77.69,35.41,4.9
2025-02-09 17:00:00-05:00,171.95,88.68999999999998,77.58,5.68
2025-02-09 18:00:00-05:00,199.07,86.64999999999998,106.87,5.55
2025-02-09 19:00:00-05:00,171.0,81.57000000000001,84.2,5.23
2025-02-09 20:00:00-05:00,138.62,78.41999999999999,55.18,5.02
2025-02-09 21:00:00-05:00,125.0,73.26,47.05,4.69
2025-02-09 22:00:00-05:00,90.89,65.86,20.81,4.22
2025-02-09 23:00:00-05:00,88.0,65.24000000000001,18.85,3.91
2025-02-10 00:00:00-05:00,83.01,70.83000000000001,7.71,4.47
2025-02-10 01:00:00-05:00,78.0,70.47,3.16,4.37
2025-02-10 02:00:00-05:00,78.0,70.33,3.38,4.29
2025-02-10 03:00:00-05:00,78.0,70.55000000000001,3.07,4.38
2025-02-10 04:00:00-05:00,88.0,70.92999999999999,12.53,4.54
2025-02-10 05:00:00-05:00,101.72,79.59,17.03,5.1
2025-02-10 06:00:00-05:00,115.72,106.38,2.96,6.38
2025-02-10 07:00:00-05:00,179.57,134.06,38.14,7.37
2025-02-10 08:00:00-05:00,175.41,146.8,19.95,8.66
2025-02-10 09:00:00-05:00,142.11,98.19000000000004,38.13,5.79
2025-02-10 10:00:00-05:00,123.69,96.95,21.22,5.52
2025-02-10 11:00:00-05:00,103.54,91.15,7.38,5.01
2025-02-10 12:00:00-05:00,112.84,80.7,27.7,4.44
2025-02-10 13:00:00-05:00,111.59,74.97999999999999,32.49,4.12
2025-02-10 14:00:00-05:00,117.55,70.85,42.95,3.75
2025-02-10 15:00:00-05:00,136.82,71.52999999999997,61.43,3.86
2025-02-10 16:00:00-05:00,171.79,96.46999999999998,69.92,5.4
2025-02-10 17:00:00-05:00,188.02,96.84,85.47,5.71
2025-02-10 18:00:00-05:00,206.96,97.04,104.2,5.72
2025-02-10 19:00:00-05:00,188.0,96.73999999999998,85.65,5.61
2025-02-10 20:00:00-05:00,178.4,96.84,76.04,5.52
2025-02-10 21:00:00-05:00,153.34,85.59,62.96,4.79
2025-02-10 22:00:00-05:00,128.93,94.78,28.65,5.5
2025-02-10 23:00:00-05:00,125.9,80.07000000000001,40.94,4.89
2025-02-11 00:00:00-05:00,146.99,74.85000000000002,67.5,4.64
2025-02-11 01:00:00-05:00,149.62,72.03,73.12,4.47
2025-02-11 02:00:00-05:00,140.0,73.71,61.64,4.65
2025-02-11 03:00:00-05:00,145.4,75.30000000000001,65.35,4.75
2025-02-11 04:00:00-05:00,140.0,77.02999999999999,58.11,4.86
2025-02-11 05:00:00-05:00,129.25,94.29,29.4,5.56
2025-02-11 06:00:00-05:00,222.02,99.76000000000002,116.07,6.19
2025-02-11 07:00:00-05:00,224.95,97.89999999999998,121.18,5.87
2025-02-11 08:00:00-05:00,228.0,97.24,124.83,5.93
2025-02-11 09:00:00-05:00,179.27,81.16000000000003,93.32,4.79
2025-02-11 10:00:00-05:00,148.51,90.05999999999999,53.05,5.4
2025-02-11 11:00:00-05:00,138.59,79.83999999999999,54.2,4.55
2025-02-11 12:00:00-05:00,138.8,71.18,63.56,4.06
2025-02-11 13:00:00-05:00,135.7,71.06,60.73,3.91
2025-02-11 14:00:00-05:00,143.15,71.14000000000001,68.1,3.91
2025-02-11 15:00:00-05:00,151.9,78.91000000000003,68.57,4.42
2025-02-11 16:00:00-05:00,173.72,97.04,71.05,5.63
2025-02-11 17:00:00-05:00,222.02,97.44,118.54,6.04
2025-02-11 18:00:00-05:00,229.25,99.15,123.95,6.15
2025-02-11 19:00:00-05:00,208.0,97.33,104.73,5.94
2025-02-11 20:00:00-05:00,172.81,97.24,69.64,5.93
2025-02-11 21:00:00-05:00,145.78,96.74,43.04,6.0
2025-02-11 22:00:00-05:00,131.31,96.84,28.46,6.01
2025-02-11 23:00:00-05:00,147.99,97.36,44.69,5.94
2025-02-12 00:00:00-05:00,113.9,107.58,0.08,6.24
2025-02-12 01:00:00-05:00,158.8,99.98,53.02,5.8
2025-02-12 02:00:00-05:00,119.18,108.08,4.83,6.27
2025-02-12 03:00:00-05:00,119.38,113.16,-0.0,6.22
2025-02-12 04:00:00-05:00,121.06,114.75,-0.0,6.31
2025-02-12 05:00:00-05:00,129.26,119.24,3.71,6.31
2025-02-12 06:00:00-05:00,258.64,127.13999999999996,124.51,6.99
2025-02-12 07:00:00-05:00,245.0,121.88,116.91,6.21
2025-02-12 08:00:00-05:00,332.6,122.20000000000002,204.17,6.23
2025-02-12 09:00:00-05:00,230.98,137.82999999999998,86.4,6.75
2025-02-12 10:00:00-05:00,164.3,137.48000000000002,20.09,6.73
2025-02-12 11:00:00-05:00,145.73,138.92,-0.0,6.81
2025-02-12 12:00:00-05:00,152.68,118.12,28.66,5.9
2025-02-12 13:00:00-05:00,164.3,99.55,59.38,5.37
2025-02-12 14:00:00-05:00,160.0,96.48999999999998,58.4,5.11
2025-02-12 15:00:00-05:00,127.58,121.85,-0.0,5.73
2025-02-12 16:00:00-05:00,163.35,155.43,-0.0,7.92
2025-02-12 17:00:00-05:00,183.09,173.72,-0.0,9.37
2025-02-12 18:00:00-05:00,196.55,170.62,16.55,9.38
2025-02-12 19:00:00-05:00,159.38,148.6,2.46,8.32
2025-02-12 20:00:00-05:00,139.02,130.4,1.32,7.3
2025-02-12 21:00:00-05:00,165.74,99.95,60.2,5.59
2025-02-12 22:00:00-05:00,148.34,87.10000000000001,56.36,4.88
2025-02-12 23:00:00-05:00,150.0,83.39000000000001,61.94,4.67
2025-02-13 00:00:00-05:00,94.96,64.57999999999998,26.37,4.01
2025-02-13 01:00:00-05:00,87.29,51.32,32.74,3.23
2025-02-13 02:00:00-05:00,82.01,47.27,31.71,3.03
2025-02-13 03:00:00-05:00,71.65,48.99,19.57,3.09
2025-02-13 04:00:00-05:00,55.28,51.86,-0.0,3.42
2025-02-13 05:00:00-05:00,60.76,57.05,-0.0,3.71
2025-02-13 06:00:00-05:00,74.94,70.56,-0.0,4.38
2025-02-13 07:00:00-05:00,88.0,82.78,-0.0,5.22
2025-02-13 08:00:00-05:00,90.4,85.04,-0.0,5.36
2025-02-13 09:00:00-05:00,91.02,83.14,2.55,5.33
2025-02-13 10:00:00-05:00,107.11,85.97999999999999,15.46,5.67
2025-02-13 11:00:00-05:00,112.19,78.71000000000001,28.21,5.27
2025-02-13 12:00:00-05:00,105.07,66.14999999999999,34.56,4.36
2025-02-13 13:00:00-05:00,80.07,60.23,15.87,3.97
2025-02-13 14:00:00-05:00,77.43,56.120000000000005,17.61,3.7
2025-02-13 15:00:00-05:00,71.31,58.46,8.93,3.92
2025-02-13 16:00:00-05:00,78.41,59.35999999999999,15.07,3.98
2025-02-13 17:00:00-05:00,93.94,70.16,19.01,4.77
2025-02-13 18:00:00-05:00,103.17,71.7,26.59,4.88
2025-02-13 19:00:00-05:00,104.81,56.77,44.18,3.86
2025-02-13 20:00:00-05:00,80.07,62.31,13.52,4.24
2025-02-13 21:00:00-05:00,70.66,58.55,8.19,3.92
2025-02-13 22:00:00-05:00,59.69,55.89,-0.0,3.8
2025-02-13 23:00:00-05:00,61.08,52.02,5.68,3.38
2025-02-14 00:00:00-05:00,106.67,60.4,42.71,3.56
2025-02-14 01:00:00-05:00,106.0,58.52,44.15,3.33
2025-02-14 02:00:00-05:00,96.02,59.20999999999999,33.38,3.43
2025-02-14 03:00:00-05:00,92.89,59.42,30.09,3.38
2025-02-14 04:00:00-05:00,99.0,60.220000000000006,35.29,3.49
2025-02-14 05:00:00-05:00,106.04,58.900000000000006,43.67,3.47
2025-02-14 06:00:00-05:00,136.55,62.74000000000001,69.85,3.96
2025-02-14 07:00:00-05:00,158.56,61.030000000000015,93.74,3.79
2025-02-14 08:00:00-05:00,146.0,65.64999999999999,76.02,4.33
2025-02-14 09:00:00-05:00,99.0,61.23,33.85,3.92
2025-02-14 10:00:00-05:00,100.0,61.16,34.98,3.86
2025-02-14 11:00:00-05:00,88.0,61.08999999999999,23.12,3.79
2025-02-14 12:00:00-05:00,80.05,60.83,15.45,3.77
2025-02-14 13:00:00-05:00,78.0,60.71,13.65,3.64
2025-02-14 14:00:00-05:00,78.0,60.8,13.49,3.71
2025-02-14 15:00:00-05:00,87.43,61.640000000000015,21.72,4.07
2025-02-14 16:00:00-05:00,112.86,61.43,47.38,4.05
2025-02-14 17:00:00-05:00,139.3,84.96000000000001,48.65,5.69
2025-02-14 18:00:00-05:00,186.41,97.83,82.02,6.56
2025-02-14 19:00:00-05:00,148.38,86.6,56.07,5.71
2025-02-14 20:00:00-05:00,143.25,83.41,54.34,5.5
2025-02-14 21:00:00-05:00,136.0,74.59,56.56,4.85
2025-02-14 22:00:00-05:00,135.13,69.01,61.7,4.42
2025-02-14 23:00:00-05:00,135.87,70.55000000000001,60.87,4.45
2025-02-15 00:00:00-05:00,134.36,81.62,47.68,5.06
2025-02-15 01:00:00-05:00,100.0,80.59,14.41,5.0
2025-02-15 02:00:00-05:00,134.1,74.22,55.28,4.6
2025-02-15 03:00:00-05:00,100.0,70.15,25.5,4.35
2025-02-15 04:00:00-05:00,97.72,70.97,22.35,4.4
2025-02-15 05:00:00-05:00,110.0,74.32,31.07,4.61
2025-02-15 06:00:00-05:00,138.01,70.27999999999999,63.3,4.43
2025-02-15 07:00:00-05:00,146.81,65.05,77.73,4.03
2025-02-15 08:00:00-05:00,183.04,71.53999999999998,106.92,4.58
2025-02-15 09:00:00-05:00,210.06,77.25000000000001,127.86,4.95
2025-02-15 10:00:00-05:00,184.46,85.97000000000001,92.98,5.51
2025-02-15 11:00:00-05:00,174.14,82.32,86.63,5.19
2025-02-15 12:00:00-05:00,178.54,82.16,91.12,5.26
2025-02-15 13:00:00-05:00,181.4,79.80999999999999,96.48,5.11
2025-02-15 14:00:00-05:00,147.67,74.13,68.87,4.67
2025-02-15 15:00:00-05:00,179.05,62.48000000000002,112.63,3.94
2025-02-15 16:00:00-05:00,199.57,65.70999999999998,129.65,4.21
2025-02-15 17:00:00-05:00,320.97,72.63,243.62,4.72
2025-02-15 18:00:00-05:00,232.59,68.98000000000002,159.19,4.42
2025-02-15 19:00:00-05:00,199.82,61.670000000000016,134.2,3.95
2025-02-15 20:00:00-05:00,187.48,69.99,113.08,4.41
2025-02-15 21:00:00-05:00,176.5,55.85000000000001,117.24,3.41
2025-02-15 22:00:00-05:00,168.7,55.849999999999994,109.44,3.41
2025-02-15 23:00:00-05:00,139.32,55.95999999999998,80.0,3.36
2025-02-16 00:00:00-05:00,100.81,63.82000000000001,32.97,4.02
2025-02-16 01:00:00-05:00,90.69,60.989999999999995,25.98,3.72
2025-02-16 02:00:00-05:00,97.33,60.92,32.69,3.72
2025-02-16 03:00:00-05:00,93.58,60.92,29.0,3.66
2025-02-16 04:00:00-05:00,95.0,60.86,30.49,3.65
2025-02-16 05:00:00-05:00,90.82,60.86999999999999,26.3,3.65
2025-02-16 06:00:00-05:00,100.38,60.72,36.08,3.58
2025-02-16 07:00:00-05:00,97.12,60.650000000000006,32.89,3.58
2025-02-16 08:00:00-05:00,99.02,93.26,0.17,5.59
2025-02-16 09:00:00-05:00,153.6,95.66,52.1,5.84
2025-02-16 10:00:00-05:00,156.66,95.76,55.06,5.84
2025-02-16 11:00:00-05:00,157.42,95.95,55.62,5.85
2025-02-16 12:00:00-05:00,170.0,95.85,68.3,5.85
2025-02-16 13:00:00-05:00,155.69,95.76,54.18,5.75
2025-02-16 14:00:00-05:00,152.32,95.85,50.72,5.75
2025-02-16 15:00:00-05:00,142.83,95.65,41.44,5.74
2025-02-16 16:00:00-05:00,151.8,96.05,49.89,5.86
2025-02-16 17:00:00-05:00,161.05,96.04,59.05,5.96
2025-02-16 18:00:00-05:00,160.23,96.13,58.23,5.87
2025-02-16 19:00:00-05:00,141.19,95.86,39.58,5.75
2025-02-16 20:00:00-05:00,120.0,95.65,18.61,5.74
2025-02-16 21:00:00-05:00,114.53,60.66,50.29,3.58
2025-02-16 22:00:00-05:00,91.75,60.92,27.17,3.66
2025-02-16 23:00:00-05:00,98.73,60.720000000000006,34.49,3.52
2025-02-17 00:00:00-05:00,114.03,61.099999999999994,49.2,3.73
2025-02-17 01:00:00-05:00,108.14,65.86000000000001,38.46,3.82
2025-02-17 02:00:00-05:00,98.0,69.1,24.89,4.01
2025-02-17 03:00:00-05:00,98.0,68.12,25.93,3.95
2025-02-17 04:00:00-05:00,96.52,68.25,24.11,4.16
2025-02-17 05:00:00-05:00,98.83,71.16,23.4,4.27
2025-02-17 06:00:00-05:00,110.84,82.21,23.7,4.93
2025-02-17 07:00:00-05:00,128.97,74.82000000000001,49.66,4.49
2025-02-17 08:00:00-05:00,153.41,90.87,57.0,5.54
2025-02-17 09:00:00-05:00,138.58,89.53,43.59,5.46
2025-02-17 10:00:00-05:00,150.75,94.17,50.93,5.65
2025-02-17 11:00:00-05:00,148.62,95.37,47.62,5.63
2025-02-17 12:00:00-05:00,148.11,89.04000000000002,53.82,5.25
2025-02-17 13:00:00-05:00,143.45,85.44999999999999,52.96,5.04
2025-02-17 14:00:00-05:00,147.54,91.04,51.22,5.28
2025-02-17 15:00:00-05:00,152.47,101.79,44.78,5.9
2025-02-17 16:00:00-05:00,169.96,110.66000000000004,52.66,6.64
2025-02-17 17:00:00-05:00,194.32,112.4,74.83,7.09
2025-02-17 18:00:00-05:00,202.61,115.07,80.17,7.37
2025-02-17 19:00:00-05:00,182.94,112.19,63.56,7.19
2025-02-17 20:00:00-05:00,169.59,112.07000000000002,50.57,6.95
2025-02-17 21:00:00-05:00,161.92,94.14999999999998,62.03,5.74
2025-02-17 22:00:00-05:00,152.47,107.18,38.86,6.43
2025-02-17 23:00:00-05:00,153.43,103.64,43.68,6.11
2025-02-18 00:00:00-05:00,147.55,113.56,27.18,6.81
2025-02-18 01:00:00-05:00,145.5,114.02,24.75,6.73
2025-02-18 02:00:00-05:00,141.33,114.02,20.47,6.84
2025-02-18 03:00:00-05:00,141.82,114.48999999999998,20.46,6.87
2025-02-18 04:00:00-05:00,147.65,114.6,26.06,6.99
2025-02-18 05:00:00-05:00,152.87,139.14,5.1,8.63
2025-02-18 06:00:00-05:00,191.93,142.71,40.22,9.0
2025-02-18 07:00:00-05:00,248.02,143.39,95.88,8.75
2025-02-18 08:00:00-05:00,238.79,156.51999999999998,72.4,9.87
2025-02-18 09:00:00-05:00,188.9,132.20999999999998,48.36,8.33
2025-02-18 10:00:00-05:00,153.49,122.08,23.84,7.57
2025-02-18 11:00:00-05:00,149.81,126.84,15.36,7.61
2025-02-18 12:00:00-05:00,149.05,114.37,27.93,6.75
2025-02-18 13:00:00-05:00,144.64,111.95999999999998,26.19,6.49
2025-02-18 14:00:00-05:00,147.64,111.84999999999998,29.42,6.37
2025-02-18 15:00:00-05:00,152.23,116.2,29.29,6.74
2025-02-18 16:00:00-05:00,160.71,150.86,0.49,9.36
2025-02-18 17:00:00-05:00,211.34,191.33,8.72,11.29
2025-02-18 18:00:00-05:00,216.18,204.72,-0.0,11.46
2025-02-18 19:00:00-05:00,198.8,187.91000000000005,-0.0,10.89
2025-02-18 20:00:00-05:00,187.64,177.52999999999997,-0.0,10.11
2025-02-18 21:00:00-05:00,188.0,138.37,41.19,8.44
2025-02-18 22:00:00-05:00,164.68,148.59,7.03,9.06
2025-02-18 23:00:00-05:00,165.34,140.0,16.8,8.54
2025-02-19 00:00:00-05:00,145.62,112.52,26.23,6.87
2025-02-19 01:00:00-05:00,147.59,112.41,28.32,6.86
2025-02-19 02:00:00-05:00,144.32,112.9,24.42,7.0
2025-02-19 03:00:00-05:00,136.78,118.43,11.12,7.23
2025-02-19 04:00:00-05:00,137.48,127.59,2.11,7.78
2025-02-19 05:00:00-05:00,148.06,139.28,-0.0,8.78
2025-02-19 06:00:00-05:00,222.02,148.39,64.43,9.2
2025-02-19 07:00:00-05:00,252.61,170.46000000000004,71.58,10.57
2025-02-19 08:00:00-05:00,195.55,171.15,14.13,10.27
2025-02-19 09:00:00-05:00,169.44,159.85,-0.0,9.59
2025-02-19 10:00:00-05:00,161.93,153.06,-0.0,8.87
2025-02-19 11:00:00-05:00,156.5,148.06,-0.0,8.44
2025-02-19 12:00:00-05:00,153.37,145.24,-0.0,8.13
2025-02-19 13:00:00-05:00,150.92,143.19,-0.0,7.73
2025-02-19 14:00:00-05:00,151.65,143.61,-0.0,8.04
2025-02-19 15:00:00-05:00,155.86,147.60000000000002,-0.0,8.26
2025-02-19 16:00:00-05:00,166.31,157.2,-0.0,9.11
2025-02-19 17:00:00-05:00,198.22,186.47,-0.0,11.75
2025-02-19 18:00:00-05:00,222.02,198.54,11.37,12.11
2025-02-19 19:00:00-05:00,194.29,175.83,7.73,10.73
2025-02-19 20:00:00-05:00,181.53,171.09,-0.0,10.44
2025-02-19 21:00:00-05:00,161.62,152.47,-0.0,9.15
2025-02-19 22:00:00-05:00,159.79,150.75,-0.0,9.04
2025-02-19 23:00:00-05:00,159.57,150.82999999999998,-0.0,8.74
2025-02-20 00:00:00-05:00,149.52,140.52,-0.0,9.0
2025-02-20 01:00:00-05:00,143.35,131.2,3.88,8.27
2025-02-20 02:00:00-05:00,142.18,116.99,17.81,7.38
2025-02-20 03:00:00-05:00,141.73,132.95999999999998,-0.0,8.77
2025-02-20 04:00:00-05:00,144.76,136.04999999999998,-0.0,8.71
2025-02-20 05:00:00-05:00,152.62,143.43,-0.0,9.19
2025-02-20 06:00:00-05:00,179.25,169.1,-0.0,10.15
2025-02-20 07:00:00-05:00,203.98,191.88,-0.0,12.1
2025-02-20 08:00:00-05:00,192.95,181.86,-0.0,11.09
2025-02-20 09:00:00-05:00,171.0,160.86,-0.0,10.14
2025-02-20 10:00:00-05:00,161.98,152.37,-0.0,9.61
2025-02-20 11:00:00-05:00,155.67,146.57999999999998,-0.0,9.09
2025-02-20 12:00:00-05:00,155.72,115.54999999999998,32.77,7.4
2025-02-20 13:00:00-05:00,152.51,115.78999999999998,29.42,7.3
2025-02-20 14:00:00-05:00,152.2,112.64,32.46,7.1
2025-02-20 15:00:00-05:00,158.2,116.09,34.67,7.44
2025-02-20 16:00:00-05:00,168.11,112.77,48.12,7.22
2025-02-20 17:00:00-05:00,197.43,115.91,73.99,7.53
2025-02-20 18:00:00-05:00,208.94,123.32,77.48,8.14
2025-02-20 19:00:00-05:00,192.89,115.2,70.31,7.38
2025-02-20 20:00:00-05:00,175.22,118.93,48.91,7.38
2025-02-20 21:00:00-05:00,162.77,112.63,43.15,6.99
2025-02-20 22:00:00-05:00,152.66,111.31,34.67,6.68
2025-02-20 23:00:00-05:00,154.12,112.07999999999998,35.43,6.61
2025-02-21 00:00:00-05:00,142.7,134.61999999999998,-0.0,8.08
2025-02-21 01:00:00-05:00,134.63,127.01,-0.0,7.62
2025-02-21 02:00:00-05:00,130.22,122.73,-0.0,7.49
2025-02-21 03:00:00-05:00,131.04,123.39,-0.0,7.65
2025-02-21 04:00:00-05:00,134.2,126.36,-0.0,7.84
2025-02-21 05:00:00-05:00,144.13,135.71,-0.0,8.42
2025-02-21 06:00:00-05:00,155.81,145.96,0.07,9.78
2025-02-21 07:00:00-05:00,185.06,148.98,26.4,9.68
2025-02-21 08:00:00-05:00,165.4,133.81,22.76,8.83
2025-02-21 09:00:00-05:00,153.44,113.76,32.62,7.06
2025-02-21 10:00:00-05:00,140.31,109.14,24.4,6.77
2025-02-21 11:00:00-05:00,133.89,105.43999999999998,22.12,6.33
2025-02-21 12:00:00-05:00,126.91,94.18,26.98,5.75
2025-02-21 13:00:00-05:00,127.49,80.28999999999999,42.38,4.82
2025-02-21 14:00:00-05:00,131.14,73.98999999999998,52.79,4.36
2025-02-21 15:00:00-05:00,134.7,90.19,39.01,5.5
2025-02-21 16:00:00-05:00,146.97,96.42999999999998,44.46,6.08
2025-02-21 17:00:00-05:00,171.63,106.36,58.36,6.91
2025-02-21 18:00:00-05:00,189.11,102.70000000000002,79.53,6.88
2025-02-21 19:00:00-05:00,169.61,99.92000000000002,63.29,6.4
2025-02-21 20:00:00-05:00,151.97,113.4,31.31,7.26
2025-02-21 21:00:00-05:00,138.42,111.7,19.57,7.15
2025-02-21 22:00:00-05:00,130.12,119.57,2.78,7.77
2025-02-21 23:00:00-05:00,138.61,130.52,-0.0,8.09
2025-02-22 00:00:00-05:00,114.74,107.83,-0.0,6.91
2025-02-22 01:00:00-05:00,114.54,107.64,-0.0,6.9
2025-02-22 02:00:00-05:00,107.55,101.27,-0.0,6.28
2025-02-22 03:00:00-05:00,105.02,98.79,-0.0,6.23
2025-02-22 04:00:00-05:00,103.31,97.28,-0.0,6.03
2025-02-22 05:00:00-05:00,103.02,96.91,-0.0,6.11
2025-02-22 06:00:00-05:00,154.61,97.0,51.49,6.12
2025-02-22 07:00:00-05:00,144.31,96.51000000000002,41.91,5.89
2025-02-22 08:00:00-05:00,124.61,96.81,21.89,5.91
2025-02-22 09:00:00-05:00,102.51,96.71,-0.0,5.8
2025-02-22 10:00:00-05:00,90.52,85.8,-0.0,4.72
2025-02-22 11:00:00-05:00,79.44,75.52,-0.0,3.92
2025-02-22 12:00:00-05:00,74.13,70.67,-0.0,3.46
2025-02-22 13:00:00-05:00,72.89,69.49,-0.0,3.4
2025-02-22 14:00:00-05:00,71.52,68.17999999999999,-0.0,3.34
2025-02-22 15:00:00-05:00,76.95,73.22,-0.0,3.73
2025-02-22 16:00:00-05:00,92.13,87.25,-0.0,4.88
2025-02-22 17:00:00-05:00,112.94,97.95,8.72,6.27
2025-02-22 18:00:00-05:00,114.07,99.57,8.12,6.38
2025-02-22 19:00:00-05:00,103.18,97.0,0.07,6.11
2025-02-22 20:00:00-05:00,102.3,96.51,-0.0,5.79
2025-02-22 21:00:00-05:00,102.09,96.31,-0.0,5.78
2025-02-22 22:00:00-05:00,93.29,88.26,-0.0,5.03
2025-02-22 23:00:00-05:00,90.73,86.0,-0.0,4.73
2025-02-23 00:00:00-05:00,86.87,82.34,-0.0,4.53
2025-02-23 01:00:00-05:00,80.18,76.0,-0.0,4.18
2025-02-23 02:00:00-05:00,75.86,71.91,-0.0,3.95
2025-02-23 03:00:00-05:00,77.14,73.12,-0.0,4.02
2025-02-23 04:00:00-05:00,82.5,78.42,-0.0,4.08
2025-02-23 05:00:00-05:00,77.75,73.77,-0.0,3.98
2025-02-23 06:00:00-05:00,86.87,82.42,-0.0,4.45
2025-02-23 07:00:00-05:00,82.11,78.13,-0.0,3.98
2025-02-23 08:00:00-05:00,72.58,69.32,-0.0,3.26
2025-02-23 09:00:00-05:00,67.78,64.61,-0.0,3.17
2025-02-23 10:00:00-05:00,65.58,62.52,-0.0,3.06
2025-02-23 11:00:00-05:00,66.16,63.129999999999995,-0.0,3.03
2025-02-23 12:00:00-05:00,67.83,64.91,-0.0,2.92
2025-02-23 13:00:00-05:00,66.07,63.16,-0.0,2.91
2025-02-23 14:00:00-05:00,66.32,63.39999999999999,-0.0,2.92
2025-02-23 15:00:00-05:00,67.61,64.64,-0.0,2.97
2025-02-23 16:00:00-05:00,83.71,79.8,-0.0,3.91
2025-02-23 17:00:00-05:00,100.41,95.72,-0.0,4.69
2025-02-23 18:00:00-05:00,114.7,109.24,-0.0,5.46
2025-02-23 19:00:00-05:00,103.52,98.69,-0.0,4.83
2025-02-23 20:00:00-05:00,98.08,93.59,-0.0,4.49
2025-02-23 21:00:00-05:00,84.65,80.85000000000001,-0.0,3.8
2025-02-23 22:00:00-05:00,79.53,75.89,-0.0,3.64
2025-02-23 23:00:00-05:00,76.38,73.02,-0.0,3.36
2025-02-24 00:00:00-05:00,71.12,67.93,-0.0,3.19
2025-02-24 01:00:00-05:00,70.42,67.19,-0.0,3.23
2025-02-24 02:00:00-05:00,67.92,64.87,-0.0,3.05
2025-02-24 03:00:00-05:00,63.51,60.599999999999994,-0.0,2.91
2025-02-24 04:00:00-05:00,68.0,64.82,-0.0,3.18
2025-02-24 05:00:00-05:00,70.6,67.11,-0.0,3.49
2025-02-24 06:00:00-05:00,82.75,78.44,-0.0,4.31
2025-02-24 07:00:00-05:00,103.05,86.75,10.83,5.47
2025-02-24 08:00:00-05:00,73.29,69.14,-0.0,4.15
2025-02-24 09:00:00-05:00,69.36,65.07,-0.0,4.29
2025-02-24 10:00:00-05:00,64.6,60.709999999999994,-0.0,3.89
2025-02-24 11:00:00-05:00,61.06,57.34,-0.0,3.72
2025-02-24 12:00:00-05:00,59.47,56.26,-0.0,3.21
2025-02-24 13:00:00-05:00,57.89,54.77,-0.0,3.12
2025-02-24 14:00:00-05:00,59.3,56.0,-0.0,3.3
2025-02-24 15:00:00-05:00,58.78,55.45,-0.0,3.33
2025-02-24 16:00:00-05:00,68.03,64.06,-0.0,3.97
2025-02-24 17:00:00-05:00,81.69,74.21,2.51,4.97
2025-02-24 18:00:00-05:00,91.66,85.82,-0.0,5.84
2025-02-24 19:00:00-05:00,85.02,76.91999999999999,2.95,5.15
2025-02-24 20:00:00-05:00,75.35,70.69,-0.0,4.66
2025-02-24 21:00:00-05:00,66.6,62.59,-0.0,4.01
2025-02-24 22:00:00-05:00,59.66,56.18,-0.0,3.48
2025-02-24 23:00:00-05:00,58.0,54.56,-0.0,3.44
2025-02-25 00:00:00-05:00,51.71,48.83,-0.0,2.88
2025-02-25 01:00:00-05:00,51.18,48.28,-0.0,2.9
2025-02-25 02:00:00-05:00,49.0,46.31,-0.0,2.69
2025-02-25 03:00:00-05:00,50.58,47.85,-0.0,2.73
2025-02-25 04:00:00-05:00,52.26,49.489999999999995,-0.0,2.77
2025-02-25 05:00:00-05:00,58.05,54.97,-0.0,3.08
2025-02-25 06:00:00-05:00,75.94,71.71,-0.0,4.23
2025-02-25 07:00:00-05:00,77.78,73.59,-0.0,4.19
2025-02-25 08:00:00-05:00,70.85,67.22,-0.0,3.63
2025-02-25 09:00:00-05:00,71.1,67.58999999999999,-0.0,3.51
2025-02-25 10:00:00-05:00,66.32,63.21999999999999,-0.0,3.1
2025-02-25 11:00:00-05:00,63.94,61.01,-0.0,2.93
2025-02-25 12:00:00-05:00,62.72,59.96,-0.0,2.76
2025-02-25 13:00:00-05:00,59.8,57.169999999999995,-0.0,2.63
2025-02-25 14:00:00-05:00,59.91,57.169999999999995,-0.0,2.74
2025-02-25 15:00:00-05:00,64.82,61.91,-0.0,2.91
2025-02-25 16:00:00-05:00,70.47,67.17999999999999,-0.0,3.29
2025-02-25 17:00:00-05:00,85.55,81.78999999999999,-0.0,3.76
2025-02-25 18:00:00-05:00,89.24,85.14999999999999,-0.0,4.09
2025-02-25 19:00:00-05:00,81.11,77.39,-0.0,3.72
2025-02-25 20:00:00-05:00,72.42,69.04,-0.0,3.38
2025-02-25 21:00:00-05:00,64.33,61.27,-0.0,3.06
2025-02-25 22:00:00-05:00,60.53,57.7,-0.0,2.83
2025-02-25 23:00:00-05:00,62.0,59.16,-0.0,2.84
2025-02-26 00:00:00-05:00,46.18,43.98,-0.0,2.2
2025-02-26 01:00:00-05:00,45.01,42.87,-0.0,2.14
2025-02-26 02:00:00-05:00,42.59,40.6,-0.0,1.99
2025-02-26 03:00:00-05:00,42.22,40.21,-0.0,2.01
2025-02-26 04:00:00-05:00,43.98,41.93,-0.0,2.05
2025-02-26 05:00:00-05:00,48.31,46.32,-0.0,1.99
2025-02-26 06:00:00-05:00,59.51,57.0,-0.0,2.51
2025-02-26 07:00:00-05:00,67.28,64.51,-0.0,2.77
2025-02-26 08:00:00-05:00,55.28,53.21,-0.0,2.07
2025-02-26 09:00:00-05:00,46.87,45.11,-0.0,1.76
2025-02-26 10:00:00-05:00,43.82,42.34,-0.0,1.48
2025-02-26 11:00:00-05:00,41.05,39.66,-0.0,1.39
2025-02-26 12:00:00-05:00,40.9,39.55,-0.0,1.35
2025-02-26 13:00:00-05:00,42.06,40.68,-0.0,1.38
2025-02-26 14:00:00-05:00,42.51,41.07,-0.0,1.44
2025-02-26 15:00:00-05:00,43.88,42.36,-0.0,1.52
2025-02-26 16:00:00-05:00,50.74,48.93,-0.0,1.81
2025-02-26 17:00:00-05:00,64.5,62.02,-0.0,2.48
2025-02-26 18:00:00-05:00,77.2,74.09,-0.0,3.11
2025-02-26 19:00:00-05:00,65.32,62.86999999999999,-0.0,2.45
2025-02-26 20:00:00-05:00,57.88,55.650000000000006,-0.0,2.23
2025-02-26 21:00:00-05:00,51.66,49.62,-0.0,2.04
2025-02-26 22:00:00-05:00,47.85,46.06,-0.0,1.79
2025-02-26 23:00:00-05:00,45.52,43.48,-0.0,2.04
2025-02-27 00:00:00-05:00,42.89,41.04,-0.0,1.85
2025-02-27 01:00:00-05:00,41.22,39.44,-0.0,1.78
2025-02-27 02:00:00-05:00,39.33,37.629999999999995,-0.0,1.7
2025-02-27 03:00:00-05:00,39.3,37.61,-0.0,1.69
2025-02-27 04:00:00-05:00,39.28,37.52,-0.0,1.76
2025-02-27 05:00:00-05:00,42.04,40.38,-0.0,1.66
2025-02-27 06:00:00-05:00,54.71,52.51,-0.0,2.2
2025-02-27 07:00:00-05:00,55.86,53.77,-0.0,2.09
2025-02-27 08:00:00-05:00,51.32,49.16,-0.0,2.16
2025-02-27 09:00:00-05:00,50.12,48.19,-0.0,1.93
2025-02-27 10:00:00-05:00,51.19,49.27,-0.0,1.92
2025-02-27 11:00:00-05:00,49.67,47.81,-0.0,1.86
2025-02-27 12:00:00-05:00,48.37,46.599999999999994,-0.0,1.77
2025-02-27 13:00:00-05:00,45.83,44.15,-0.0,1.68
2025-02-27 14:00:00-05:00,45.13,43.440000000000005,-0.0,1.69
2025-02-27 15:00:00-05:00,45.3,43.52,-0.0,1.78
2025-02-27 16:00:00-05:00,48.74,46.82,-0.0,1.92
2025-02-27 17:00:00-05:00,57.17,55.03,-0.0,2.14
2025-02-27 18:00:00-05:00,62.6,59.96,-0.0,2.64
2025-02-27 19:00:00-05:00,55.65,53.36,-0.0,2.29
2025-02-27 20:00:00-05:00,49.49,47.45,-0.0,2.04
2025-02-27 21:00:00-05:00,45.4,43.239999999999995,-0.0,2.16
2025-02-27 22:00:00-05:00,41.2,39.2,-0.0,2.0
2025-02-27 23:00:00-05:00,41.9,39.79,-0.0,2.11
2025-02-28 00:00:00-05:00,40.87,38.849999999999994,-0.0,2.02
2025-02-28 01:00:00-05:00,38.38,36.52,-0.0,1.86
2025-02-28 02:00:00-05:00,37.75,35.95,-0.0,1.8
2025-02-28 03:00:00-05:00,38.04,36.2,-0.0,1.84
2025-02-28 04:00:00-05:00,39.21,37.27,-0.0,1.94
2025-02-28 05:00:00-05:00,43.6,41.84,-0.0,1.76
2025-02-28 06:00:00-05:00,55.1,52.78,-0.0,2.32
2025-02-28 07:00:00-05:00,60.51,58.07,-0.0,2.44
2025-02-28 08:00:00-05:00,49.12,47.32,-0.0,1.8
2025-02-28 09:00:00-05:00,42.42,40.99,-0.0,1.43
2025-02-28 10:00:00-05:00,40.12,38.95,-0.0,1.17
2025-02-28 11:00:00-05:00,39.13,37.99,-0.0,1.14
2025-02-28 12:00:00-05:00,37.89,36.86,-0.0,1.03
2025-02-28 13:00:00-05:00,37.84,36.74,-0.0,1.1
2025-02-28 14:00:00-05:00,37.91,36.809999999999995,-0.0,1.1
2025-02-28 15:00:00-05:00,40.34,39.010000000000005,-0.0,1.33
2025-02-28 16:00:00-05:00,46.46,44.8,-0.0,1.66
2025-02-28 17:00:00-05:00,57.65,55.43,-0.0,2.22
2025-02-28 18:00:00-05:00,61.9,59.41,-0.0,2.49
2025-02-28 19:00:00-05:00,53.45,51.2,-0.0,2.25
2025-02-28 20:00:00-05:00,51.8,49.33,-0.0,2.47
2025-02-28 21:00:00-05:00,47.05,44.94,-0.0,2.11
2025-02-28 22:00:00-05:00,43.37,41.11,-0.0,2.26
2025-02-28 23:00:00-05:00,42.2,40.040000000000006,-0.0,2.16
2025-03-01 00:00:00-05:00,42.85,40.93,-0.0,1.92
2025-03-01 01:00:00-05:00,41.29,39.44,-0.0,1.85
2025-03-01 02:00:00-05:00,40.42,38.61,-0.0,1.81
2025-03-01 03:00:00-05:00,39.51,37.739999999999995,-0.0,1.77
2025-03-01 04:00:00-05:00,40.27,38.46,-0.0,1.81
2025-03-01 05:00:00-05:00,40.48,38.66,-0.0,1.82
2025-03-01 06:00:00-05:00,44.51,42.39,-0.0,2.12
2025-03-01 07:00:00-05:00,46.1,43.95,-0.0,2.15
2025-03-01 08:00:00-05:00,44.26,42.23,-0.0,2.03
2025-03-01 09:00:00-05:00,41.56,39.73,-0.0,1.83
2025-03-01 10:00:00-05:00,45.86,43.72,-0.0,2.14
2025-03-01 11:00:00-05:00,46.86,44.55,-0.0,2.31
2025-03-01 12:00:00-05:00,45.39,43.27,-0.0,2.12
2025-03-01 13:00:00-05:00,45.03,42.85,-0.0,2.18
2025-03-01 14:00:00-05:00,45.91,43.63999999999999,-0.0,2.27
2025-03-01 15:00:00-05:00,49.3,46.82,-0.0,2.48
2025-03-01 16:00:00-05:00,57.19,54.0,-0.0,3.19
2025-03-01 17:00:00-05:00,80.5,64.95,11.59,3.96
2025-03-01 18:00:00-05:00,92.59,77.84,10.08,4.67
2025-03-01 19:00:00-05:00,97.26,74.85,17.84,4.57
2025-03-01 20:00:00-05:00,82.72,70.19,8.25,4.28
2025-03-01 21:00:00-05:00,79.37,65.2,10.26,3.91
2025-03-01 22:00:00-05:00,64.47,60.879999999999995,-0.0,3.59
2025-03-01 23:00:00-05:00,60.67,57.4,-0.0,3.27
2025-03-02 00:00:00-05:00,61.46,58.370000000000005,-0.0,3.09
2025-03-02 01:00:00-05:00,58.79,55.94,-0.0,2.85
2025-03-02 02:00:00-05:00,58.64,55.8,-0.0,2.84
2025-03-02 03:00:00-05:00,61.1,58.08,-0.0,3.02
2025-03-02 04:00:00-05:00,62.2,59.13,-0.0,3.07
2025-03-02 05:00:00-05:00,63.81,60.66,-0.0,3.15
2025-03-02 06:00:00-05:00,69.09,65.61,-0.0,3.48
2025-03-02 07:00:00-05:00,73.0,69.39,-0.0,3.61
2025-03-02 08:00:00-05:00,67.29,64.15,-0.0,3.14
2025-03-02 09:00:00-05:00,56.65,54.06,-0.0,2.59
2025-03-02 10:00:00-05:00,72.82,69.47999999999999,-0.0,3.34
2025-03-02 11:00:00-05:00,67.37,64.28,-0.0,3.09
2025-03-02 12:00:00-05:00,65.67,62.78,-0.0,2.89
2025-03-02 13:00:00-05:00,65.94,62.86,-0.0,3.08
2025-03-02 14:00:00-05:00,68.0,64.7,-0.0,3.3
2025-03-02 15:00:00-05:00,79.46,75.25,-0.0,4.21
2025-03-02 16:00:00-05:00,91.62,86.10000000000001,-0.0,5.52
2025-03-02 17:00:00-05:00,109.2,99.23,3.71,6.26
2025-03-02 18:00:00-05:00,138.84,120.79,10.44,7.61
2025-03-02 19:00:00-05:00,143.56,99.67,37.71,6.18
2025-03-02 20:00:00-05:00,127.45,97.51,23.99,5.95
2025-03-02 21:00:00-05:00,102.78,96.87,-0.0,5.91
2025-03-02 22:00:00-05:00,95.96,90.36,-0.0,5.6
2025-03-02 23:00:00-05:00,90.82,85.75999999999999,-0.0,5.06
2025-03-03 00:00:00-05:00,85.82,81.19,-0.0,4.63
2025-03-03 01:00:00-05:00,80.49,76.14999999999999,-0.0,4.34
2025-03-03 02:00:00-05:00,81.04,73.18,3.76,4.1
2025-03-03 03:00:00-05:00,78.97,72.62,2.36,3.99
2025-03-03 04:00:00-05:00,81.96,77.53999999999999,-0.0,4.42
2025-03-03 05:00:00-05:00,95.02,84.17999999999999,5.87,4.97
2025-03-03 06:00:00-05:00,158.6,116.71,34.89,7.0
2025-03-03 07:00:00-05:00,139.04,131.29999999999998,-0.0,7.74
2025-03-03 08:00:00-05:00,104.69,99.14,-0.0,5.55
2025-03-03 09:00:00-05:00,82.76,78.37,-0.0,4.39
2025-03-03 10:00:00-05:00,76.95,73.22,-0.0,3.73
2025-03-03 11:00:00-05:00,70.59,67.17,-0.0,3.42
2025-03-03 12:00:00-05:00,67.41,64.32,-0.0,3.09
2025-03-03 13:00:00-05:00,65.88,62.98,-0.0,2.9
2025-03-03 14:00:00-05:00,66.35,63.24999999999999,-0.0,3.1
2025-03-03 15:00:00-05:00,71.7,68.16,-0.0,3.54
2025-03-03 16:00:00-05:00,85.4,80.80000000000001,-0.0,4.6
2025-03-03 17:00:00-05:00,121.04,105.09,9.65,6.3
2025-03-03 18:00:00-05:00,173.07,118.54,47.06,7.47
2025-03-03 19:00:00-05:00,185.0,98.88,79.89,6.23
2025-03-03 20:00:00-05:00,146.47,92.06,48.7,5.71
2025-03-03 21:00:00-05:00,109.09,81.82000000000001,22.36,4.91
2025-03-03 22:00:00-05:00,84.04,76.61000000000001,2.83,4.6
2025-03-03 23:00:00-05:00,80.19,70.75,5.27,4.17
2025-03-04 00:00:00-05:00,111.4,61.82000000000001,46.0,3.58
2025-03-04 01:00:00-05:00,66.6,62.95,-0.0,3.65
2025-03-04 02:00:00-05:00,64.13,60.559999999999995,-0.0,3.57
2025-03-04 03:00:00-05:00,63.07,59.61,-0.0,3.46
2025-03-04 04:00:00-05:00,70.0,60.14,6.31,3.55
2025-03-04 05:00:00-05:00,119.42,58.54,57.43,3.45
2025-03-04 06:00:00-05:00,150.0,86.36,58.2,5.44
2025-03-04 07:00:00-05:00,160.0,86.61999999999999,67.83,5.55
2025-03-04 08:00:00-05:00,100.0,72.82,22.81,4.37
2025-03-04 09:00:00-05:00,72.79,68.60000000000001,-0.0,4.19
2025-03-04 10:00:00-05:00,53.92,51.3,-0.0,2.62
2025-03-04 11:00:00-05:00,51.49,49.18,-0.0,2.31
2025-03-04 12:00:00-05:00,49.79,47.64,-0.0,2.15
2025-03-04 13:00:00-05:00,48.73,46.629999999999995,-0.0,2.1
2025-03-04 14:00:00-05:00,49.21,47.0,-0.0,2.21
2025-03-04 15:00:00-05:00,52.07,49.59,-0.0,2.48
2025-03-04 16:00:00-05:00,58.5,55.4,-0.0,3.1
2025-03-04 17:00:00-05:00,73.3,67.71,1.73,3.86
2025-03-04 18:00:00-05:00,81.77,77.44,-0.0,4.33
2025-03-04 19:00:00-05:00,72.04,68.16000000000001,-0.0,3.88
2025-03-04 20:00:00-05:00,64.29,61.00000000000001,-0.0,3.29
2025-03-04 21:00:00-05:00,58.09,55.010000000000005,-0.0,3.08
2025-03-04 22:00:00-05:00,52.17,49.55,-0.0,2.62
2025-03-04 23:00:00-05:00,48.99,46.57,-0.0,2.42
2025-03-05 00:00:00-05:00,40.36,38.4,-0.0,1.96
2025-03-05 01:00:00-05:00,39.64,37.79,-0.0,1.85
2025-03-05 02:00:00-05:00,38.04,36.23,-0.0,1.81
2025-03-05 03:00:00-05:00,37.57,35.78,-0.0,1.79
2025-03-05 04:00:00-05:00,37.82,35.92,-0.0,1.9
2025-03-05 05:00:00-05:00,39.57,37.69,-0.0,1.88
2025-03-05 06:00:00-05:00,47.5,44.81,-0.0,2.69
2025-03-05 07:00:00-05:00,50.09,47.260000000000005,-0.0,2.83
2025-03-05 08:00:00-05:00,50.75,47.83,-0.0,2.92
2025-03-05 09:00:00-05:00,50.62,47.8,-0.0,2.82
2025-03-05 10:00:00-05:00,50.8,48.02,-0.0,2.78
2025-03-05 11:00:00-05:00,48.86,46.18,-0.0,2.68
2025-03-05 12:00:00-05:00,46.4,43.86,-0.0,2.54
2025-03-05 13:00:00-05:00,45.66,43.16,-0.0,2.5
2025-03-05 14:00:00-05:00,44.48,42.08,-0.0,2.4
2025-03-05 15:00:00-05:00,45.37,42.84,-0.0,2.53
2025-03-05 16:00:00-05:00,47.7,44.96,-0.0,2.74
2025-03-05 17:00:00-05:00,54.72,51.43,-0.0,3.29
2025-03-05 18:00:00-05:00,58.79,55.3,-0.0,3.49
2025-03-05 19:00:00-05:00,52.35,49.29,-0.0,3.06
2025-03-05 20:00:00-05:00,47.31,44.55,-0.0,2.76
2025-03-05 21:00:00-05:00,41.93,39.59,-0.0,2.34
2025-03-05 22:00:00-05:00,39.9,37.82,-0.0,2.08
2025-03-05 23:00:00-05:00,39.19,37.18,-0.0,2.01
2025-03-06 00:00:00-05:00,42.64,40.53,-0.0,2.11
2025-03-06 01:00:00-05:00,41.33,39.21,-0.0,2.12
2025-03-06 02:00:00-05:00,38.44,36.54,-0.0,1.9
2025-03-06 03:00:00-05:00,36.26,34.47,-0.0,1.79
2025-03-06 04:00:00-05:00,38.87,36.91,-0.0,1.96
2025-03-06 05:00:00-05:00,42.32,40.19,-0.0,2.13
2025-03-06 06:00:00-05:00,46.68,44.16,-0.0,2.52
2025-03-06 07:00:00-05:00,49.8,47.16,-0.0,2.64
2025-03-06 08:00:00-05:00,46.45,44.16,-0.0,2.29
2025-03-06 09:00:00-05:00,43.28,41.26,-0.0,2.02
2025-03-06 10:00:00-05:00,43.21,41.23,-0.0,1.98
2025-03-06 11:00:00-05:00,41.46,39.64,-0.0,1.82
2025-03-06 12:00:00-05:00,40.63,38.81,-0.0,1.82
2025-03-06 13:00:00-05:00,41.21,39.43,-0.0,1.78
2025-03-06 14:00:00-05:00,40.54,38.76,-0.0,1.78
2025-03-06 15:00:00-05:00,43.16,40.989999999999995,-0.0,2.17
2025-03-06 16:00:00-05:00,49.97,43.72,3.72,2.53
2025-03-06 17:00:00-05:00,55.6,52.35,-0.0,3.25
2025-03-06 18:00:00-05:00,63.9,60.11,-0.0,3.79
2025-03-06 19:00:00-05:00,55.54,52.3,-0.0,3.24
2025-03-06 20:00:00-05:00,53.13,49.720000000000006,0.08,3.33
2025-03-06 21:00:00-05:00,48.78,45.8,-0.0,2.98
2025-03-06 22:00:00-05:00,45.43,42.74,-0.0,2.69
2025-03-06 23:00:00-05:00,43.94,41.489999999999995,-0.0,2.45
2025-03-07 00:00:00-05:00,46.34,43.68000000000001,-0.0,2.66
2025-03-07 01:00:00-05:00,43.41,40.84,-0.0,2.57
2025-03-07 02:00:00-05:00,43.63,41.080000000000005,-0.0,2.55
2025-03-07 03:00:00-05:00,43.7,41.11,-0.0,2.59
2025-03-07 04:00:00-05:00,45.03,42.36,-0.0,2.67
2025-03-07 05:00:00-05:00,49.74,46.79,-0.0,2.95
2025-03-07 06:00:00-05:00,66.04,62.010000000000005,-0.0,4.03
2025-03-07 07:00:00-05:00,67.61,63.6,-0.0,4.01
2025-03-07 08:00:00-05:00,55.42,52.38,-0.0,3.04
2025-03-07 09:00:00-05:00,45.39,42.94,-0.0,2.45
2025-03-07 10:00:00-05:00,43.26,41.08,-0.0,2.18
2025-03-07 11:00:00-05:00,39.71,37.96,-0.0,1.75
2025-03-07 12:00:00-05:00,39.37,37.669999999999995,-0.0,1.7
2025-03-07 13:00:00-05:00,38.91,37.27,-0.0,1.64
2025-03-07 14:00:00-05:00,39.01,37.33,-0.0,1.68
2025-03-07 15:00:00-05:00,42.06,40.13,-0.0,1.93
2025-03-07 16:00:00-05:00,49.47,46.8,-0.0,2.67
2025-03-07 17:00:00-05:00,64.34,60.760000000000005,-0.0,3.58
2025-03-07 18:00:00-05:00,73.86,69.81,-0.0,4.05
2025-03-07 19:00:00-05:00,66.95,63.46,-0.0,3.49
2025-03-07 20:00:00-05:00,60.44,57.239999999999995,-0.0,3.2
2025-03-07 21:00:00-05:00,55.03,52.11,-0.0,2.92
2025-03-07 22:00:00-05:00,50.01,47.489999999999995,-0.0,2.52
2025-03-07 23:00:00-05:00,47.97,45.47,-0.0,2.5
2025-03-08 00:00:00-05:00,55.96,45.620000000000005,7.69,2.65
2025-03-08 01:00:00-05:00,46.01,43.489999999999995,-0.0,2.52
2025-03-08 02:00:00-05:00,43.14,40.78,-0.0,2.36
2025-03-08 03:00:00-05:00,42.78,40.47,-0.0,2.31
2025-03-08 04:00:00-05:00,43.03,40.67,-0.0,2.36
2025-03-08 05:00:00-05:00,45.95,43.43,-0.0,2.52
2025-03-08 06:00:00-05:00,72.0,48.10999999999999,21.1,2.79
2025-03-08 07:00:00-05:00,51.28,48.47,-0.0,2.81
2025-03-08 08:00:00-05:00,45.65,43.35,-0.0,2.3
2025-03-08 09:00:00-05:00,40.25,38.3,-0.0,1.95
2025-03-08 10:00:00-05:00,38.97,37.19,-0.0,1.78
2025-03-08 11:00:00-05:00,38.09,36.35,-0.0,1.74
2025-03-08 12:00:00-05:00,36.03,34.410000000000004,-0.0,1.62
2025-03-08 13:00:00-05:00,34.83,33.23,-0.0,1.6
2025-03-08 14:00:00-05:00,35.5,33.84,-0.0,1.66
2025-03-08 15:00:00-05:00,39.33,37.42,-0.0,1.91
2025-03-08 16:00:00-05:00,45.1,41.71,0.89,2.5
2025-03-08 17:00:00-05:00,72.49,50.28,19.14,3.07
2025-03-08 18:00:00-05:00,88.02,62.329999999999984,22.01,3.68
2025-03-08 19:00:00-05:00,75.0,58.03999999999999,13.48,3.48
2025-03-08 20:00:00-05:00,75.0,51.82,20.07,3.11
2025-03-08 21:00:00-05:00,67.13,49.78,14.41,2.94
2025-03-08 22:00:00-05:00,60.0,45.76,11.5,2.74
2025-03-08 23:00:00-05:00,47.55,44.79,0.07,2.69
2025-03-09 00:00:00-05:00,57.25,54.47,-0.0,2.78
2025-03-09 01:00:00-05:00,52.58,50.12,-0.0,2.46
2025-03-09 03:00:00-04:00,50.62,48.209999999999994,-0.0,2.41
2025-03-09 04:00:00-04:00,49.27,46.66,-0.0,2.61
2025-03-09 05:00:00-04:00,50.26,47.69,-0.0,2.57
2025-03-09 06:00:00-04:00,57.69,54.629999999999995,-0.0,3.06
2025-03-09 07:00:00-04:00,54.88,51.82,-0.0,3.06
2025-03-09 08:00:00-04:00,50.88,48.370000000000005,-0.0,2.51
2025-03-09 09:00:00-04:00,46.21,44.05,-0.0,2.16
2025-03-09 10:00:00-04:00,42.39,40.49,-0.0,1.9
2025-03-09 11:00:00-04:00,41.96,40.08,-0.0,1.88
2025-03-09 12:00:00-04:00,41.65,39.7,-0.0,1.95
2025-03-09 13:00:00-04:00,39.96,38.17,-0.0,1.79
2025-03-09 14:00:00-04:00,39.55,37.669999999999995,-0.0,1.88
2025-03-09 15:00:00-04:00,38.97,37.08,-0.0,1.89
2025-03-09 16:00:00-04:00,42.24,40.120000000000005,-0.0,2.12
2025-03-09 17:00:00-04:00,51.24,48.52,-0.0,2.72
2025-03-09 18:00:00-04:00,78.18,61.90000000000001,12.82,3.46
2025-03-09 19:00:00-04:00,88.18,69.31,15.06,3.81
2025-03-09 20:00:00-04:00,83.77,61.86999999999999,18.5,3.4
2025-03-09 21:00:00-04:00,62.64,54.13,5.53,2.98
2025-03-09 22:00:00-04:00,52.19,49.61,-0.0,2.58
2025-03-09 23:00:00-04:00,50.23,47.7,-0.0,2.53
2025-03-10 00:00:00-04:00,45.38,43.3,-0.0,2.08
2025-03-10 01:00:00-04:00,42.35,40.41,-0.0,1.94
2025-03-10 02:00:00-04:00,40.94,39.099999999999994,-0.0,1.84
2025-03-10 03:00:00-04:00,40.79,38.96,-0.0,1.83
2025-03-10 04:00:00-04:00,43.56,41.6,-0.0,1.96
2025-03-10 05:00:00-04:00,49.58,47.309999999999995,-0.0,2.27
2025-03-10 06:00:00-04:00,65.56,62.38,-0.0,3.18
2025-03-10 07:00:00-04:00,78.06,73.99000000000001,-0.0,4.07
2025-03-10 08:00:00-04:00,62.31,59.400000000000006,-0.0,2.91
2025-03-10 09:00:00-04:00,47.08,45.01,-0.0,2.07
2025-03-10 10:00:00-04:00,43.8,42.0,-0.0,1.8
2025-03-10 11:00:00-04:00,40.89,39.17,-0.0,1.72
2025-03-10 12:00:00-04:00,38.71,37.15,-0.0,1.56
2025-03-10 13:00:00-04:00,37.35,35.88,-0.0,1.47
2025-03-10 14:00:00-04:00,36.86,35.44,-0.0,1.42
2025-03-10 15:00:00-04:00,37.92,36.5,-0.0,1.42
2025-03-10 16:00:00-04:00,41.35,39.68,-0.0,1.67
2025-03-10 17:00:00-04:00,52.2,50.14,-0.0,2.06
2025-03-10 18:00:00-04:00,70.69,67.89999999999999,-0.0,2.79
2025-03-10 19:00:00-04:00,78.35,74.97,-0.0,3.38
2025-03-10 20:00:00-04:00,66.93,64.17,-0.0,2.76
2025-03-10 21:00:00-04:00,56.3,53.87,-0.0,2.43
2025-03-10 22:00:00-04:00,48.73,46.68,-0.0,2.05
2025-03-10 23:00:00-04:00,43.72,41.84,-0.0,1.88
2025-03-11 00:00:00-04:00,39.9,37.96,-0.0,1.94
2025-03-11 01:00:00-04:00,38.25,36.57,-0.0,1.68
2025-03-11 02:00:00-04:00,35.64,34.04,-0.0,1.6
2025-03-11 03:00:00-04:00,33.29,31.77,-0.0,1.52
2025-03-11 04:00:00-04:00,34.87,33.239999999999995,-0.0,1.63
2025-03-11 05:00:00-04:00,39.19,37.32,-0.0,1.87
2025-03-11 06:00:00-04:00,96.66,52.89,40.92,2.85
2025-03-11 07:00:00-04:00,87.85,69.60999999999999,14.48,3.76
2025-03-11 08:00:00-04:00,54.43,51.46,0.35,2.62
2025-03-11 09:00:00-04:00,40.88,38.78,0.09,2.01
2025-03-11 10:00:00-04:00,38.89,33.4,3.99,1.5
2025-03-11 11:00:00-04:00,35.28,24.06,10.16,1.06
2025-03-11 12:00:00-04:00,33.21,21.96,10.35,0.9
2025-03-11 13:00:00-04:00,31.83,21.61,9.33,0.89
2025-03-11 14:00:00-04:00,32.07,21.6,9.61,0.86
2025-03-11 15:00:00-04:00,34.55,22.19,11.45,0.91
2025-03-11 16:00:00-04:00,39.71,25.409999999999997,13.21,1.09
2025-03-11 17:00:00-04:00,41.49,38.66,0.86,1.97
2025-03-11 18:00:00-04:00,55.81,53.1,-0.0,2.71
2025-03-11 19:00:00-04:00,68.74,65.41,-0.0,3.33
2025-03-11 20:00:00-04:00,63.26,60.309999999999995,-0.0,2.95
2025-03-11 21:00:00-04:00,50.58,48.26,-0.0,2.32
2025-03-11 22:00:00-04:00,44.6,42.68,-0.0,1.92
2025-03-11 23:00:00-04:00,41.18,39.48,-0.0,1.7
2025-03-12 00:00:00-04:00,39.44,38.03,-0.0,1.41
2025-03-12 01:00:00-04:00,38.22,36.89,-0.0,1.33
2025-03-12 02:00:00-04:00,36.45,35.25,-0.0,1.2
2025-03-12 03:00:00-04:00,36.34,35.14,-0.0,1.2
2025-03-12 04:00:00-04:00,37.66,36.419999999999995,-0.0,1.24
2025-03-12 05:00:00-04:00,45.33,43.71,-0.0,1.62
2025-03-12 06:00:00-04:00,65.57,63.10999999999999,-0.0,2.46
2025-03-12 07:00:00-04:00,81.71,78.27,-0.0,3.44
2025-03-12 08:00:00-04:00,65.13,62.74999999999999,-0.0,2.38
2025-03-12 09:00:00-04:00,42.85,41.36,-0.0,1.49
2025-03-12 10:00:00-04:00,42.41,41.129999999999995,-0.0,1.28
2025-03-12 11:00:00-04:00,39.69,38.46,-0.0,1.23
2025-03-12 12:00:00-04:00,37.33,36.14,-0.0,1.19
2025-03-12 13:00:00-04:00,36.9,35.76,-0.0,1.14
2025-03-12 14:00:00-04:00,36.11,34.99,-0.0,1.12
2025-03-12 15:00:00-04:00,39.14,38.26,-0.46,1.34
2025-03-12 16:00:00-04:00,45.63,44.510000000000005,-0.61,1.73
2025-03-12 17:00:00-04:00,53.48,52.27,-0.78,1.99
2025-03-12 18:00:00-04:00,67.83,66.35,-1.1,2.58
2025-03-12 19:00:00-04:00,74.17,72.13,-1.13,3.17
2025-03-12 20:00:00-04:00,65.01,63.220000000000006,-0.93,2.72
2025-03-12 21:00:00-04:00,53.91,52.49999999999999,-0.79,2.2
2025-03-12 22:00:00-04:00,46.87,45.64,-0.64,1.87
2025-03-12 23:00:00-04:00,44.16,42.419999999999995,-0.0,1.74
2025-03-13 00:00:00-04:00,46.06,44.25,-0.0,1.81
2025-03-13 01:00:00-04:00,42.88,41.23,-0.0,1.65
2025-03-13 02:00:00-04:00,40.29,38.78,-0.0,1.51
2025-03-13 03:00:00-04:00,39.98,38.55,-0.0,1.43
2025-03-13 04:00:00-04:00,40.33,38.85,-0.0,1.48
2025-03-13 05:00:00-04:00,46.97,45.08,-0.0,1.89
2025-03-13 06:00:00-04:00,60.62,58.23,-0.0,2.39
2025-03-13 07:00:00-04:00,83.98,80.52000000000001,-0.0,3.46
2025-03-13 08:00:00-04:00,67.24,64.58999999999999,-0.0,2.65
2025-03-13 09:00:00-04:00,53.15,50.33,0.71,2.11
2025-03-13 10:00:00-04:00,49.8,46.879999999999995,1.14,1.78
2025-03-13 11:00:00-04:00,45.39,41.86,1.94,1.59
2025-03-13 12:00:00-04:00,42.77,40.010000000000005,1.32,1.44
2025-03-13 13:00:00-04:00,41.02,38.38,1.22,1.42
2025-03-13 14:00:00-04:00,40.39,37.64,1.4,1.35
2025-03-13 15:00:00-04:00,41.78,38.84,1.46,1.48
2025-03-13 16:00:00-04:00,45.73,44.02,-0.0,1.71
2025-03-13 17:00:00-04:00,54.64,52.54,-0.0,2.1
2025-03-13 18:00:00-04:00,66.66,63.97,-0.0,2.69
2025-03-13 19:00:00-04:00,79.74,76.3,-0.0,3.44
2025-03-13 20:00:00-04:00,64.59,62.040000000000006,-0.0,2.55
2025-03-13 21:00:00-04:00,53.49,51.43,-0.0,2.06
2025-03-13 22:00:00-04:00,46.59,44.75,-0.0,1.84
2025-03-13 23:00:00-04:00,42.65,40.97,-0.0,1.68
2025-03-14 00:00:00-04:00,39.13,37.88,-0.0,1.25
2025-03-14 01:00:00-04:00,37.56,36.36,-0.0,1.2
2025-03-14 02:00:00-04:00,35.63,34.49,-0.0,1.14
2025-03-14 03:00:00-04:00,35.62,34.48,-0.0,1.14
2025-03-14 04:00:00-04:00,37.25,35.99,-0.0,1.26
2025-03-14 05:00:00-04:00,42.07,40.57,-0.0,1.5
2025-03-14 06:00:00-04:00,55.02,52.75,-0.0,2.27
2025-03-14 07:00:00-04:00,67.71,64.97999999999999,-0.0,2.73
2025-03-14 08:00:00-04:00,57.32,55.11,-0.0,2.21
2025-03-14 09:00:00-04:00,44.85,43.370000000000005,-0.0,1.48
2025-03-14 10:00:00-04:00,39.81,38.46,-0.0,1.35
2025-03-14 11:00:00-04:00,36.43,35.27,-0.0,1.16
2025-03-14 12:00:00-04:00,34.53,33.53,-0.0,1.0
2025-03-14 13:00:00-04:00,33.51,32.5,-0.0,1.01
2025-03-14 14:00:00-04:00,31.9,30.91,-0.0,0.99
2025-03-14 15:00:00-04:00,32.11,31.05,-0.0,1.06
2025-03-14 16:00:00-04:00,35.59,34.36000000000001,-0.0,1.23
2025-03-14 17:00:00-04:00,40.9,39.25,-0.0,1.65
2025-03-14 18:00:00-04:00,50.51,48.11,-0.0,2.4
2025-03-14 19:00:00-04:00,57.62,54.83,-0.0,2.79
2025-03-14 20:00:00-04:00,49.76,47.349999999999994,-0.0,2.41
2025-03-14 21:00:00-04:00,43.13,40.96,-0.0,2.17
2025-03-14 22:00:00-04:00,39.44,37.559999999999995,-0.0,1.88
2025-03-14 23:00:00-04:00,37.3,35.559999999999995,-0.0,1.74
2025-03-15 00:00:00-04:00,36.07,34.48,-0.0,1.59
2025-03-15 01:00:00-04:00,33.7,31.43,0.85,1.42
2025-03-15 02:00:00-04:00,32.79,28.72,2.81,1.26
2025-03-15 03:00:00-04:00,31.95,28.85,1.8,1.3
2025-03-15 04:00:00-04:00,33.41,29.809999999999995,2.29,1.31
2025-03-15 05:00:00-04:00,36.16,31.309999999999995,3.47,1.38
2025-03-15 06:00:00-04:00,43.39,33.61,8.3,1.48
2025-03-15 07:00:00-04:00,49.1,33.63,13.89,1.58
2025-03-15 08:00:00-04:00,46.37,37.3,7.43,1.64
2025-03-15 09:00:00-04:00,39.8,38.08,-0.0,1.72
2025-03-15 10:00:00-04:00,37.48,36.04,-0.0,1.44
2025-03-15 11:00:00-04:00,35.34,34.050000000000004,-0.0,1.29
2025-03-15 12:00:00-04:00,31.67,30.51,-0.0,1.16
2025-03-15 13:00:00-04:00,30.19,29.08,-0.0,1.11
2025-03-15 14:00:00-04:00,29.48,27.91,0.48,1.09
2025-03-15 15:00:00-04:00,32.21,26.89,4.27,1.05
2025-03-15 16:00:00-04:00,33.08,31.81,-0.0,1.27
2025-03-15 17:00:00-04:00,38.88,35.59,1.69,1.6
2025-03-15 18:00:00-04:00,48.66,40.09,6.65,1.92
2025-03-15 19:00:00-04:00,54.24,43.05,9.12,2.07
2025-03-15 20:00:00-04:00,46.77,41.150000000000006,3.65,1.97
2025-03-15 21:00:00-04:00,37.67,34.95,1.11,1.61
2025-03-15 22:00:00-04:00,37.12,26.159999999999997,9.76,1.2
2025-03-15 23:00:00-04:00,34.29,27.99,5.01,1.29
2025-03-16 00:00:00-04:00,31.76,23.93,6.75,1.08
2025-03-16 01:00:00-04:00,29.94,21.24,7.77,0.93
2025-03-16 02:00:00-04:00,27.1,21.84,4.3,0.96
2025-03-16 03:00:00-04:00,27.46,20.0,6.58,0.88
2025-03-16 04:00:00-04:00,28.02,20.76,6.37,0.89
2025-03-16 05:00:00-04:00,27.76,20.2,6.69,0.87
2025-03-16 06:00:00-04:00,33.98,19.47,13.65,0.86
2025-03-16 07:00:00-04:00,37.5,20.15,16.5,0.85
2025-03-16 08:00:00-04:00,41.34,21.110000000000007,19.36,0.87
2025-03-16 09:00:00-04:00,36.18,24.389999999999997,10.77,1.02
2025-03-16 10:00:00-04:00,38.45,28.01,9.24,1.2
2025-03-16 11:00:00-04:00,35.09,27.2,6.69,1.2
2025-03-16 12:00:00-04:00,35.33,27.519999999999996,6.57,1.24
2025-03-16 13:00:00-04:00,35.44,26.129999999999995,8.13,1.18
2025-03-16 14:00:00-04:00,34.61,25.76,7.69,1.16
2025-03-16 15:00:00-04:00,33.91,28.839999999999993,3.69,1.38
2025-03-16 16:00:00-04:00,37.4,33.93,1.81,1.66
2025-03-16 17:00:00-04:00,42.11,33.81,6.61,1.69
2025-03-16 18:00:00-04:00,44.48,42.18,0.11,2.19
2025-03-16 19:00:00-04:00,50.62,48.12,-0.0,2.5
2025-03-16 20:00:00-04:00,45.48,43.31999999999999,-0.0,2.16
2025-03-16 21:00:00-04:00,37.63,35.940000000000005,-0.0,1.69
2025-03-16 22:00:00-04:00,33.28,31.85,-0.0,1.43
2025-03-16 23:00:00-04:00,31.65,30.35,-0.0,1.3
2025-03-17 00:00:00-04:00,35.8,34.86,-0.0,0.94
2025-03-17 01:00:00-04:00,33.06,32.22,-0.0,0.84
2025-03-17 02:00:00-04:00,31.84,31.03,-0.0,0.81
2025-03-17 03:00:00-04:00,30.66,29.91,-0.0,0.75
2025-03-17 04:00:00-04:00,31.0,30.24,-0.0,0.76
2025-03-17 05:00:00-04:00,35.2,34.31,-0.0,0.89
2025-03-17 06:00:00-04:00,43.28,42.19,-0.0,1.09
2025-03-17 07:00:00-04:00,56.8,55.15,-0.0,1.65
2025-03-17 08:00:00-04:00,53.3,51.75,-0.0,1.55
2025-03-17 09:00:00-04:00,49.08,47.75,-0.0,1.33
2025-03-17 10:00:00-04:00,47.24,46.0,-0.0,1.24
2025-03-17 11:00:00-04:00,45.03,43.76,-0.0,1.27
2025-03-17 12:00:00-04:00,42.74,41.66,-0.0,1.08
2025-03-17 13:00:00-04:00,41.2,40.150000000000006,-0.03,1.08
2025-03-17 14:00:00-04:00,38.74,37.66,-0.01,1.09
2025-03-17 15:00:00-04:00,40.01,38.87,-0.03,1.17
2025-03-17 16:00:00-04:00,40.82,39.63,-0.0,1.19
2025-03-17 17:00:00-04:00,50.35,49.66,-1.0,1.69
2025-03-17 18:00:00-04:00,57.57,55.84,-0.0,1.73
2025-03-17 19:00:00-04:00,66.55,64.3,-0.0,2.25
2025-03-17 20:00:00-04:00,57.91,56.11,-0.0,1.8
2025-03-17 21:00:00-04:00,47.93,46.49,-0.0,1.44
2025-03-17 22:00:00-04:00,42.48,41.279999999999994,-0.0,1.2
2025-03-17 23:00:00-04:00,38.39,37.6,-0.0,0.79
2025-03-18 00:00:00-04:00,39.95,39.02,-0.0,0.93
2025-03-18 01:00:00-04:00,37.39,36.55,-0.0,0.84
2025-03-18 02:00:00-04:00,35.32,34.53,-0.0,0.79
2025-03-18 03:00:00-04:00,34.94,34.059999999999995,-0.0,0.88
2025-03-18 04:00:00-04:00,35.94,34.96,-0.0,0.98
2025-03-18 05:00:00-04:00,40.88,39.46,-0.0,1.42
2025-03-18 06:00:00-04:00,57.59,55.370000000000005,-0.0,2.22
2025-03-18 07:00:00-04:00,71.59,68.83,-0.0,2.76
2025-03-18 08:00:00-04:00,52.98,51.34,-0.0,1.64
2025-03-18 09:00:00-04:00,37.84,36.99,-0.0,0.85
2025-03-18 10:00:00-04:00,33.54,32.85,-0.0,0.69
2025-03-18 11:00:00-04:00,29.61,29.06,-0.0,0.55
2025-03-18 12:00:00-04:00,27.66,27.2,-0.0,0.46
2025-03-18 13:00:00-04:00,26.72,26.299999999999997,-0.0,0.42
2025-03-18 14:00:00-04:00,26.26,25.85,-0.0,0.41
2025-03-18 15:00:00-04:00,29.27,28.7,-0.0,0.57
2025-03-18 16:00:00-04:00,32.26,31.51,-0.0,0.75
2025-03-18 17:00:00-04:00,39.31,38.06,-0.0,1.25
2025-03-18 18:00:00-04:00,48.96,47.49,-0.0,1.47
2025-03-18 19:00:00-04:00,60.0,58.19,-0.0,1.81
2025-03-18 20:00:00-04:00,52.7,50.970000000000006,-0.0,1.73
2025-03-18 21:00:00-04:00,42.54,41.06,-0.0,1.48
2025-03-18 22:00:00-04:00,38.95,37.67,-0.0,1.28
2025-03-18 23:00:00-04:00,36.43,35.2,-0.0,1.23
2025-03-19 00:00:00-04:00,35.44,34.54,-0.0,0.9
2025-03-19 01:00:00-04:00,33.63,32.68,-0.0,0.95
2025-03-19 02:00:00-04:00,32.59,31.700000000000003,-0.0,0.89
2025-03-19 03:00:00-04:00,32.94,31.979999999999997,-0.0,0.96
2025-03-19 04:00:00-04:00,33.7,32.690000000000005,-0.0,1.01
2025-03-19 05:00:00-04:00,35.5,34.04,-0.0,1.46
2025-03-19 06:00:00-04:00,53.44,51.33,-0.0,2.11
2025-03-19 07:00:00-04:00,62.98,60.62,-0.0,2.36
2025-03-19 08:00:00-04:00,48.81,47.2,-0.0,1.61
2025-03-19 09:00:00-04:00,35.38,34.620000000000005,-0.0,0.76
2025-03-19 10:00:00-04:00,32.62,31.979999999999997,-0.0,0.64
2025-03-19 11:00:00-04:00,28.97,28.49,-0.0,0.48
2025-03-19 12:00:00-04:00,27.89,27.45,-0.0,0.44
2025-03-19 13:00:00-04:00,27.66,27.17,-0.0,0.49
2025-03-19 14:00:00-04:00,26.56,25.99,-0.0,0.57
2025-03-19 15:00:00-04:00,29.07,28.33,-0.0,0.74
2025-03-19 16:00:00-04:00,32.79,31.84,-0.0,0.95
2025-03-19 17:00:00-04:00,37.9,36.41,-0.0,1.49
2025-03-19 18:00:00-04:00,48.98,47.13999999999999,-0.0,1.84
2025-03-19 19:00:00-04:00,55.3,53.02,-0.0,2.28
2025-03-19 20:00:00-04:00,50.45,48.370000000000005,-0.0,2.08
2025-03-19 21:00:00-04:00,39.19,37.58,-0.0,1.61
2025-03-19 22:00:00-04:00,35.27,33.85,-0.0,1.42
2025-03-19 23:00:00-04:00,32.69,31.429999999999996,-0.0,1.26
2025-03-20 00:00:00-04:00,35.14,33.79,-0.0,1.35
2025-03-20 01:00:00-04:00,33.12,31.79,-0.0,1.33
2025-03-20 02:00:00-04:00,32.1,30.860000000000003,-0.0,1.24
2025-03-20 03:00:00-04:00,31.22,30.02,-0.0,1.2
2025-03-20 04:00:00-04:00,31.45,30.24,-0.0,1.21
2025-03-20 05:00:00-04:00,35.08,33.54,-0.0,1.54
2025-03-20 06:00:00-04:00,51.67,49.02,-0.0,2.65
2025-03-20 07:00:00-04:00,57.67,56.31,-1.4,2.76
2025-03-20 08:00:00-04:00,53.13,51.35,-0.74,2.52
2025-03-20 09:00:00-04:00,45.96,44.07000000000001,-0.09,1.98
2025-03-20 10:00:00-04:00,44.7,42.93000000000001,-0.03,1.8
2025-03-20 11:00:00-04:00,40.93,39.35,-0.0,1.58
2025-03-20 12:00:00-04:00,39.76,38.53,-0.27,1.5
2025-03-20 13:00:00-04:00,38.3,37.0,-0.03,1.33
2025-03-20 14:00:00-04:00,37.97,36.58,-0.03,1.42
2025-03-20 15:00:00-04:00,41.53,39.86,-0.0,1.67
2025-03-20 16:00:00-04:00,43.0,41.39,-0.0,1.61
2025-03-20 17:00:00-04:00,48.03,46.81,-0.84,2.06
2025-03-20 18:00:00-04:00,53.48,51.59,-0.18,2.07
2025-03-20 19:00:00-04:00,62.14,61.07,-1.43,2.5
2025-03-20 20:00:00-04:00,56.94,55.56,-0.78,2.16
2025-03-20 21:00:00-04:00,47.61,45.9,-0.03,1.74
2025-03-20 22:00:00-04:00,41.52,40.080000000000005,-0.0,1.44
2025-03-20 23:00:00-04:00,38.07,36.92,-0.0,1.15
2025-03-21 00:00:00-04:00,38.56,37.47,-0.0,1.09
2025-03-21 01:00:00-04:00,36.27,35.32,-0.0,0.95
2025-03-21 02:00:00-04:00,35.17,34.21,-0.0,0.96
2025-03-21 03:00:00-04:00,35.1,34.15,-0.0,0.95
2025-03-21 04:00:00-04:00,35.2,34.14,-0.0,1.06
2025-03-21 05:00:00-04:00,39.36,38.1,-0.0,1.26
2025-03-21 06:00:00-04:00,52.75,52.52,-1.61,1.84
2025-03-21 07:00:00-04:00,62.68,63.09,-2.62,2.21
2025-03-21 08:00:00-04:00,55.71,55.73,-2.08,2.06
2025-03-21 09:00:00-04:00,45.66,45.06999999999999,-0.9,1.49
2025-03-21 10:00:00-04:00,38.89,37.72,-0.0,1.17
2025-03-21 11:00:00-04:00,35.72,34.68,-0.0,1.04
2025-03-21 12:00:00-04:00,32.85,31.96,-0.0,0.89
2025-03-21 13:00:00-04:00,31.42,30.53,-0.0,0.89
2025-03-21 14:00:00-04:00,30.43,29.51,-0.0,0.92
2025-03-21 15:00:00-04:00,31.07,30.13,-0.0,0.94
2025-03-21 16:00:00-04:00,33.23,32.13999999999999,-0.0,1.09
2025-03-21 17:00:00-04:00,39.46,38.16,-0.0,1.3
2025-03-21 18:00:00-04:00,51.25,49.33,-0.0,1.92
2025-03-21 19:00:00-04:00,58.28,55.72,-0.0,2.56
2025-03-21 20:00:00-04:00,53.15,51.2,-0.0,1.95
2025-03-21 21:00:00-04:00,47.09,45.190000000000005,-0.0,1.9
2025-03-21 22:00:00-04:00,41.14,39.48,-0.0,1.66
2025-03-21 23:00:00-04:00,38.07,36.54,-0.0,1.53
2025-03-22 00:00:00-04:00,36.05,34.86,-0.0,1.19
2025-03-22 01:00:00-04:00,34.49,33.260000000000005,-0.0,1.23
2025-03-22 02:00:00-04:00,33.12,31.909999999999997,-0.0,1.21
2025-03-22 03:00:00-04:00,31.97,30.77,-0.0,1.2
2025-03-22 04:00:00-04:00,31.81,30.619999999999997,-0.0,1.19
2025-03-22 05:00:00-04:00,34.89,33.61,-0.0,1.28
2025-03-22 06:00:00-04:00,42.09,40.55,-0.0,1.54
2025-03-22 07:00:00-04:00,47.61,45.87,-0.0,1.74
2025-03-22 08:00:00-04:00,42.18,40.83,-0.0,1.35
2025-03-22 09:00:00-04:00,35.22,34.23,-0.0,0.99
2025-03-22 10:00:00-04:00,32.52,31.730000000000004,-0.0,0.79
2025-03-22 11:00:00-04:00,32.4,31.639999999999997,-0.0,0.76
2025-03-22 12:00:00-04:00,30.43,29.66,-0.0,0.77
2025-03-22 13:00:00-04:00,28.97,28.15,-0.0,0.82
2025-03-22 14:00:00-04:00,28.15,27.36,-0.0,0.79
2025-03-22 15:00:00-04:00,30.37,29.49,-0.0,0.88
2025-03-22 16:00:00-04:00,33.25,32.16,-0.0,1.09
2025-03-22 17:00:00-04:00,37.69,36.28,-0.0,1.41
2025-03-22 18:00:00-04:00,46.08,44.22,-0.0,1.86
2025-03-22 19:00:00-04:00,52.38,50.17,-0.0,2.21
2025-03-22 20:00:00-04:00,51.43,49.26,-0.0,2.17
2025-03-22 21:00:00-04:00,43.77,42.13,-0.0,1.64
2025-03-22 22:00:00-04:00,39.1,37.67,-0.0,1.43
2025-03-22 23:00:00-04:00,37.59,36.39,-0.0,1.2
2025-03-23 00:00:00-04:00,38.99,37.86,-0.0,1.13
2025-03-23 01:00:00-04:00,36.09,35.14,-0.0,0.95
2025-03-23 02:00:00-04:00,35.6,34.7,-0.0,0.9
2025-03-23 03:00:00-04:00,35.97,34.99,-0.0,0.98
2025-03-23 04:00:00-04:00,36.85,35.88,-0.0,0.97
2025-03-23 05:00:00-04:00,38.41,37.33,-0.0,1.08
2025-03-23 06:00:00-04:00,45.81,44.35,-0.0,1.46
2025-03-23 07:00:00-04:00,51.27,49.580000000000005,-0.0,1.69
2025-03-23 08:00:00-04:00,42.37,41.379999999999995,-0.0,0.99
2025-03-23 09:00:00-04:00,36.12,35.339999999999996,-0.0,0.78
2025-03-23 10:00:00-04:00,33.24,32.620000000000005,-0.0,0.62
2025-03-23 11:00:00-04:00,30.91,30.39,-0.0,0.52
2025-03-23 12:00:00-04:00,29.89,29.39,-0.0,0.5
2025-03-23 13:00:00-04:00,28.46,28.01,-0.0,0.45
2025-03-23 14:00:00-04:00,27.25,26.79,-0.0,0.46
2025-03-23 15:00:00-04:00,27.39,26.88,-0.0,0.51
2025-03-23 16:00:00-04:00,31.86,31.2,-0.0,0.66
2025-03-23 17:00:00-04:00,42.3,41.15,-0.0,1.15
2025-03-23 18:00:00-04:00,54.69,52.79,-0.0,1.9
2025-03-23 19:00:00-04:00,66.04,63.620000000000005,-0.0,2.42
2025-03-23 20:00:00-04:00,61.53,59.28,-0.0,2.25
2025-03-23 21:00:00-04:00,49.98,48.11,-0.0,1.87
2025-03-23 22:00:00-04:00,42.26,40.71,-0.0,1.55
2025-03-23 23:00:00-04:00,37.98,36.7,-0.0,1.28
2025-03-24 00:00:00-04:00,39.92,38.42,-0.0,1.5
2025-03-24 01:00:00-04:00,38.41,37.0,-0.0,1.41
2025-03-24 02:00:00-04:00,36.75,35.37,-0.0,1.38
2025-03-24 03:00:00-04:00,35.93,34.55,-0.0,1.38
2025-03-24 04:00:00-04:00,37.57,36.23,-0.0,1.34
2025-03-24 05:00:00-04:00,43.1,41.4,-0.0,1.7
2025-03-24 06:00:00-04:00,53.99,51.91,-0.0,2.08
2025-03-24 07:00:00-04:00,61.63,58.97,-0.0,2.66
2025-03-24 08:00:00-04:00,56.79,54.24,-0.0,2.55
2025-03-24 09:00:00-04:00,52.34,50.14,-0.0,2.2
2025-03-24 10:00:00-04:00,52.09,49.99,-0.0,2.1
2025-03-24 11:00:00-04:00,50.95,48.81,-0.0,2.14
2025-03-24 12:00:00-04:00,46.14,44.2,-0.0,1.94
2025-03-24 13:00:00-04:00,44.45,42.580000000000005,-0.0,1.87
2025-03-24 14:00:00-04:00,42.92,41.23,-0.0,1.69
2025-03-24 15:00:00-04:00,42.63,40.95,-0.0,1.68
2025-03-24 16:00:00-04:00,43.16,41.459999999999994,-0.0,1.7
2025-03-24 17:00:00-04:00,50.46,48.52,-0.0,1.94
2025-03-24 18:00:00-04:00,56.78,54.39,-0.0,2.39
2025-03-24 19:00:00-04:00,62.7,60.0,-0.0,2.7
2025-03-24 20:00:00-04:00,58.12,55.51,-0.0,2.61
2025-03-24 21:00:00-04:00,47.66,45.61,-0.0,2.05
2025-03-24 22:00:00-04:00,42.45,40.540000000000006,-0.0,1.91
2025-03-24 23:00:00-04:00,41.97,40.09,-0.0,1.88
2025-03-25 00:00:00-04:00,40.99,39.22,-0.0,1.77
2025-03-25 01:00:00-04:00,38.91,37.34,-0.0,1.57
2025-03-25 02:00:00-04:00,37.42,36.02,-0.0,1.4
2025-03-25 03:00:00-04:00,37.24,35.84,-0.0,1.4
2025-03-25 04:00:00-04:00,37.91,36.419999999999995,-0.0,1.49
2025-03-25 05:00:00-04:00,42.38,40.55,-0.0,1.83
2025-03-25 06:00:00-04:00,55.97,53.56,-0.0,2.41
2025-03-25 07:00:00-04:00,64.0,61.01,-0.0,2.99
2025-03-25 08:00:00-04:00,56.76,54.26,-0.0,2.5
2025-03-25 09:00:00-04:00,42.88,41.190000000000005,-0.0,1.69
2025-03-25 10:00:00-04:00,40.46,38.94,-0.0,1.52
2025-03-25 11:00:00-04:00,38.72,37.3,-0.0,1.42
2025-03-25 12:00:00-04:00,36.27,34.980000000000004,-0.0,1.29
2025-03-25 13:00:00-04:00,36.22,34.96,-0.0,1.26
2025-03-25 14:00:00-04:00,34.96,33.71,-0.0,1.25
2025-03-25 15:00:00-04:00,35.76,34.419999999999995,-0.0,1.34
2025-03-25 16:00:00-04:00,39.15,37.54,-0.0,1.61
2025-03-25 17:00:00-04:00,45.82,43.8,-0.0,2.02
2025-03-25 18:00:00-04:00,57.04,54.27,-0.0,2.77
2025-03-25 19:00:00-04:00,66.32,63.279999999999994,-0.0,3.04
2025-03-25 20:00:00-04:00,62.68,59.92,-0.0,2.76
2025-03-25 21:00:00-04:00,50.72,48.49,-0.0,2.23
2025-03-25 22:00:00-04:00,44.75,42.95,-0.0,1.8
2025-03-25 23:00:00-04:00,42.27,40.6,-0.0,1.67
2025-03-26 00:00:00-04:00,41.66,40.25,-0.0,1.41
2025-03-26 01:00:00-04:00,40.17,38.85,-0.0,1.32
2025-03-26 02:00:00-04:00,39.43,38.17,-0.0,1.26
2025-03-26 03:00:00-04:00,39.23,38.12,-0.0,1.11
2025-03-26 04:00:00-04:00,40.15,38.98,-0.0,1.17
2025-03-26 05:00:00-04:00,43.88,42.48,-0.0,1.4
2025-03-26 06:00:00-04:00,57.88,55.71,-0.0,2.17
2025-03-26 07:00:00-04:00,67.29,64.83000000000001,-0.0,2.46
2025-03-26 08:00:00-04:00,57.1,55.22,-0.0,1.88
2025-03-26 09:00:00-04:00,44.07,42.54,-0.0,1.53
2025-03-26 10:00:00-04:00,40.46,39.32,-0.0,1.14
2025-03-26 11:00:00-04:00,37.52,36.36000000000001,-0.0,1.16
2025-03-26 12:00:00-04:00,37.2,36.120000000000005,-0.0,1.08
2025-03-26 13:00:00-04:00,37.36,36.31,-0.0,1.05
2025-03-26 14:00:00-04:00,36.34,35.21,-0.0,1.13
2025-03-26 15:00:00-04:00,36.74,35.57,-0.0,1.17
2025-03-26 16:00:00-04:00,39.77,38.46,-0.0,1.31
2025-03-26 17:00:00-04:00,47.09,45.46,-0.0,1.63
2025-03-26 18:00:00-04:00,55.8,53.65,-0.0,2.15
2025-03-26 19:00:00-04:00,68.11,65.49,-0.0,2.62
2025-03-26 20:00:00-04:00,64.12,61.720000000000006,-0.0,2.4
2025-03-26 21:00:00-04:00,55.13,53.11,-0.0,2.02
2025-03-26 22:00:00-04:00,46.39,44.73,-0.0,1.66
2025-03-26 23:00:00-04:00,44.26,42.89,-0.0,1.37
2025-03-27 00:00:00-04:00,40.82,39.44,-0.0,1.38
2025-03-27 01:00:00-04:00,39.3,37.94,-0.0,1.36
2025-03-27 02:00:00-04:00,38.06,36.85,-0.0,1.21
2025-03-27 03:00:00-04:00,39.03,37.78,-0.0,1.25
2025-03-27 04:00:00-04:00,39.31,37.95,-0.0,1.36
2025-03-27 05:00:00-04:00,44.5,42.83,-0.0,1.67
2025-03-27 06:00:00-04:00,66.23,63.68000000000001,-0.0,2.55
2025-03-27 07:00:00-04:00,78.0,74.93,-0.0,3.07
2025-03-27 08:00:00-04:00,53.02,51.38,-0.0,1.64
2025-03-27 09:00:00-04:00,38.81,37.68,-0.0,1.13
2025-03-27 10:00:00-04:00,33.56,32.550000000000004,-0.0,1.01
2025-03-27 11:00:00-04:00,32.06,31.130000000000003,-0.0,0.93
2025-03-27 12:00:00-04:00,31.13,30.4,-0.0,0.73
2025-03-27 13:00:00-04:00,30.99,30.209999999999997,-0.0,0.78
2025-03-27 14:00:00-04:00,28.66,27.88,-0.0,0.78
2025-03-27 15:00:00-04:00,28.44,27.64,-0.0,0.8
2025-03-27 16:00:00-04:00,32.96,29.33,2.66,0.97
2025-03-27 17:00:00-04:00,39.02,37.45,-0.0,1.57
2025-03-27 18:00:00-04:00,50.56,48.150000000000006,-0.0,2.41
2025-03-27 19:00:00-04:00,63.13,59.73,-0.0,3.4
2025-03-27 20:00:00-04:00,59.67,56.4,-0.0,3.27
2025-03-27 21:00:00-04:00,47.38,44.870000000000005,-0.0,2.51
2025-03-27 22:00:00-04:00,43.0,40.72,-0.0,2.28
2025-03-27 23:00:00-04:00,39.23,37.19,-0.0,2.04
2025-03-28 00:00:00-04:00,37.1,35.13,-0.0,1.97
2025-03-28 01:00:00-04:00,36.29,34.4,-0.0,1.89
2025-03-28 02:00:00-04:00,35.36,33.58,-0.0,1.78
2025-03-28 03:00:00-04:00,34.98,33.279999999999994,-0.0,1.7
2025-03-28 04:00:00-04:00,35.26,33.55,-0.0,1.71
2025-03-28 05:00:00-04:00,40.96,38.9,-0.0,2.06
2025-03-28 06:00:00-04:00,57.21,54.23,-0.0,2.98
2025-03-28 07:00:00-04:00,70.43,66.76,-0.0,3.67
2025-03-28 08:00:00-04:00,53.63,51.22,-0.0,2.41
2025-03-28 09:00:00-04:00,41.13,39.620000000000005,-0.0,1.51
2025-03-28 10:00:00-04:00,38.15,36.93,-0.0,1.22
2025-03-28 11:00:00-04:00,35.5,34.4,-0.0,1.1
2025-03-28 12:00:00-04:00,33.88,32.830000000000005,-0.0,1.05
2025-03-28 13:00:00-04:00,32.69,31.83,-0.0,0.86
2025-03-28 14:00:00-04:00,32.77,31.880000000000003,-0.0,0.89
2025-03-28 15:00:00-04:00,34.14,33.21,-0.0,0.93
2025-03-28 16:00:00-04:00,36.58,35.449999999999996,-0.0,1.13
2025-03-28 17:00:00-04:00,41.15,39.8,-0.0,1.35
2025-03-28 18:00:00-04:00,46.18,44.36,-0.0,1.82
2025-03-28 19:00:00-04:00,55.76,53.46,-0.0,2.3
2025-03-28 20:00:00-04:00,50.18,48.11,-0.0,2.07
2025-03-28 21:00:00-04:00,40.74,39.06,-0.0,1.68
2025-03-28 22:00:00-04:00,38.95,37.38,-0.0,1.57
2025-03-28 23:00:00-04:00,35.46,34.06,-0.0,1.4
2025-03-29 00:00:00-04:00,33.07,31.86,-0.0,1.21
2025-03-29 01:00:00-04:00,31.88,30.65,-0.0,1.23
2025-03-29 02:00:00-04:00,30.58,29.38,-0.0,1.2
2025-03-29 03:00:00-04:00,29.42,28.23,-0.0,1.19
2025-03-29 04:00:00-04:00,29.36,28.12,-0.0,1.24
2025-03-29 05:00:00-04:00,31.26,29.91,-0.0,1.35
2025-03-29 06:00:00-04:00,34.48,33.029999999999994,-0.0,1.45
2025-03-29 07:00:00-04:00,37.35,35.88,-0.0,1.47
2025-03-29 08:00:00-04:00,39.33,38.0,-0.0,1.33
2025-03-29 09:00:00-04:00,36.59,35.32,-0.0,1.27
2025-03-29 10:00:00-04:00,35.93,34.72,-0.0,1.21
2025-03-29 11:00:00-04:00,34.42,33.230000000000004,-0.0,1.19
2025-03-29 12:00:00-04:00,31.99,30.94,-0.0,1.05
2025-03-29 13:00:00-04:00,31.82,30.81,-0.0,1.01
2025-03-29 14:00:00-04:00,32.13,31.070000000000004,-0.0,1.06
2025-03-29 15:00:00-04:00,32.87,31.79,-0.0,1.08
2025-03-29 16:00:00-04:00,35.07,33.88,-0.0,1.19
2025-03-29 17:00:00-04:00,38.6,37.33,-0.0,1.27
2025-03-29 18:00:00-04:00,44.84,43.2,-0.0,1.64
2025-03-29 19:00:00-04:00,49.64,47.82,-0.0,1.82
2025-03-29 20:00:00-04:00,45.2,43.59,-0.0,1.61
2025-03-29 21:00:00-04:00,39.39,37.98,-0.0,1.41
2025-03-29 22:00:00-04:00,37.29,36.0,-0.0,1.29
2025-03-29 23:00:00-04:00,33.85,32.74,-0.0,1.11
2025-03-30 00:00:00-04:00,36.95,35.77,-0.0,1.18
2025-03-30 01:00:00-04:00,35.07,33.98,-0.0,1.09
2025-03-30 02:00:00-04:00,33.93,32.85,-0.0,1.08
2025-03-30 03:00:00-04:00,34.04,32.92,-0.0,1.12
2025-03-30 04:00:00-04:00,34.38,33.25,-0.0,1.13
2025-03-30 05:00:00-04:00,35.03,33.85,-0.0,1.18
2025-03-30 06:00:00-04:00,36.33,35.07,-0.0,1.26
2025-03-30 07:00:00-04:00,37.85,36.36,-0.0,1.49
2025-03-30 08:00:00-04:00,38.2,36.84,-0.0,1.36
2025-03-30 09:00:00-04:00,42.19,40.65,-0.0,1.54
2025-03-30 10:00:00-04:00,44.81,42.92,-0.0,1.89
2025-03-30 11:00:00-04:00,44.24,42.330000000000005,-0.0,1.91
2025-03-30 12:00:00-04:00,43.26,41.4,-0.0,1.86
2025-03-30 13:00:00-04:00,41.5,39.6,-0.0,1.9
2025-03-30 14:00:00-04:00,41.3,39.37,-0.0,1.93
2025-03-30 15:00:00-04:00,43.0,41.03,-0.0,1.97
2025-03-30 16:00:00-04:00,46.13,43.93,-0.0,2.2
2025-03-30 17:00:00-04:00,50.93,48.46,-0.0,2.47
2025-03-30 18:00:00-04:00,54.34,51.46,-0.0,2.88
2025-03-30 19:00:00-04:00,58.28,54.98,0.22,3.08
2025-03-30 20:00:00-04:00,53.49,50.7,-0.0,2.79
2025-03-30 21:00:00-04:00,45.71,37.96,5.74,2.01
2025-03-30 22:00:00-04:00,40.43,38.36,-0.0,2.07
2025-03-30 23:00:00-04:00,34.75,32.82,0.36,1.57
2025-03-31 00:00:00-04:00,40.29,25.08,13.98,1.23
2025-03-31 01:00:00-04:00,36.28,23.5,11.68,1.1
2025-03-31 02:00:00-04:00,35.86,22.54,12.26,1.06
2025-03-31 03:00:00-04:00,34.04,22.28,10.73,1.03
2025-03-31 04:00:00-04:00,36.18,23.409999999999997,11.67,1.1
2025-03-31 05:00:00-04:00,35.55,26.639999999999997,7.63,1.28
2025-03-31 06:00:00-04:00,51.14,30.47,19.03,1.64
2025-03-31 07:00:00-04:00,49.21,46.25,-0.0,2.96
2025-03-31 08:00:00-04:00,51.51,48.46,-0.0,3.05
2025-03-31 09:00:00-04:00,48.55,45.06999999999999,0.78,2.7
2025-03-31 10:00:00-04:00,49.28,46.45,-0.0,2.83
2025-03-31 11:00:00-04:00,45.46,42.93,-0.0,2.53
2025-03-31 12:00:00-04:00,41.25,39.06,-0.0,2.19
2025-03-31 13:00:00-04:00,40.3,38.349999999999994,-0.0,1.95
2025-03-31 14:00:00-04:00,38.66,36.81999999999999,-0.0,1.84
2025-03-31 15:00:00-04:00,40.29,38.19,-0.0,2.1
2025-03-31 16:00:00-04:00,48.33,38.01,8.15,2.17
2025-03-31 17:00:00-04:00,54.85,42.81,9.52,2.52
2025-03-31 18:00:00-04:00,56.05,48.04,5.08,2.93
2025-03-31 19:00:00-04:00,60.65,57.22,-0.0,3.43
2025-03-31 20:00:00-04:00,53.72,50.82,-0.0,2.9
2025-03-31 21:00:00-04:00,43.97,41.72,-0.0,2.25
2025-03-31 22:00:00-04:00,39.27,37.290000000000006,-0.0,1.98
2025-03-31 23:00:00-04:00,36.93,35.38,-0.0,1.55
2025-04-01 00:00:00-04:00,34.08,32.989999999999995,-0.0,1.09
2025-04-01 01:00:00-04:00,33.5,32.37,-0.0,1.13
2025-04-01 02:00:00-04:00,31.59,30.52,-0.0,1.07
2025-04-01 03:00:00-04:00,31.0,29.98,-0.0,1.02
2025-04-01 04:00:00-04:00,32.17,31.08,-0.0,1.09
2025-04-01 05:00:00-04:00,35.18,33.92,-0.0,1.26
2025-04-01 06:00:00-04:00,49.37,47.29,-0.0,2.08
2025-04-01 07:00:00-04:00,57.7,55.48,-0.0,2.22
2025-04-01 08:00:00-04:00,48.8,47.059999999999995,-0.0,1.74
2025-04-01 09:00:00-04:00,37.07,35.95,-0.0,1.12
2025-04-01 10:00:00-04:00,33.67,32.690000000000005,-0.0,0.98
2025-04-01 11:00:00-04:00,31.65,30.79,-0.0,0.86
2025-04-01 12:00:00-04:00,29.1,28.31,-0.0,0.79
2025-04-01 13:00:00-04:00,28.51,27.680000000000003,-0.0,0.83
2025-04-01 14:00:00-04:00,29.31,28.48,-0.0,0.83
2025-04-01 15:00:00-04:00,28.72,27.88,-0.0,0.84
2025-04-01 16:00:00-04:00,30.93,29.86,-0.0,1.07
2025-04-01 17:00:00-04:00,38.83,37.48,-0.0,1.35
2025-04-01 18:00:00-04:00,45.14,43.07,-0.0,2.07
2025-04-01 19:00:00-04:00,59.24,56.690000000000005,-0.0,2.55
2025-04-01 20:00:00-04:00,56.15,53.68,-0.0,2.47
2025-04-01 21:00:00-04:00,43.13,41.31,-0.0,1.82
2025-04-01 22:00:00-04:00,39.42,37.83,-0.0,1.59
2025-04-01 23:00:00-04:00,36.6,35.230000000000004,-0.0,1.37
2025-04-02 00:00:00-04:00,39.3,37.94,-0.0,1.36
2025-04-02 01:00:00-04:00,37.29,35.89,-0.0,1.4
2025-04-02 02:00:00-04:00,36.81,35.36,-0.0,1.45
2025-04-02 03:00:00-04:00,36.95,35.49,-0.0,1.46
2025-04-02 04:00:00-04:00,37.27,35.730000000000004,-0.0,1.54
2025-04-02 05:00:00-04:00,42.05,40.279999999999994,-0.0,1.77
2025-04-02 06:00:00-04:00,58.09,55.17,-0.0,2.92
2025-04-02 07:00:00-04:00,66.02,62.52,-0.0,3.5
2025-04-02 08:00:00-04:00,53.61,51.11,-0.0,2.5
2025-04-02 09:00:00-04:00,44.74,42.9,-0.0,1.84
2025-04-02 10:00:00-04:00,38.56,37.18,-0.0,1.38
2025-04-02 11:00:00-04:00,37.16,35.9,-0.0,1.26
2025-04-02 12:00:00-04:00,37.43,36.16,-0.0,1.27
2025-04-02 13:00:00-04:00,37.33,36.03,-0.0,1.3
2025-04-02 14:00:00-04:00,37.69,36.28,-0.0,1.41
2025-04-02 15:00:00-04:00,38.69,36.989999999999995,-0.0,1.7
2025-04-02 16:00:00-04:00,41.78,39.79,-0.0,1.99
2025-04-02 17:00:00-04:00,47.61,45.09,-0.0,2.52
2025-04-02 18:00:00-04:00,56.01,52.79,-0.0,3.22
2025-04-02 19:00:00-04:00,65.36,61.31,-0.0,4.05
2025-04-02 20:00:00-04:00,60.02,49.16,7.67,3.19
2025-04-02 21:00:00-04:00,48.52,41.05,4.88,2.59
2025-04-02 22:00:00-04:00,41.17,37.81,1.17,2.19
2025-04-02 23:00:00-04:00,39.8,35.08,2.86,1.86
2025-04-03 00:00:00-04:00,42.03,28.410000000000004,12.14,1.48
2025-04-03 01:00:00-04:00,40.7,24.430000000000003,15.02,1.25
2025-04-03 02:00:00-04:00,38.77,25.03,12.46,1.28
2025-04-03 03:00:00-04:00,38.38,24.49,12.62,1.27
2025-04-03 04:00:00-04:00,39.62,23.34999999999999,15.03,1.24
2025-04-03 05:00:00-04:00,38.05,34.449999999999996,1.71,1.89
2025-04-03 06:00:00-04:00,49.63,44.99,2.08,2.56
2025-04-03 07:00:00-04:00,59.28,44.57,11.9,2.81
2025-04-03 08:00:00-04:00,56.33,52.89,-0.0,3.44
2025-04-03 09:00:00-04:00,54.59,51.3,-0.0,3.29
2025-04-03 10:00:00-04:00,51.58,48.52,-0.0,3.06
2025-04-03 11:00:00-04:00,49.81,46.900000000000006,-0.0,2.91
2025-04-03 12:00:00-04:00,49.32,43.7,3.0,2.62
2025-04-03 13:00:00-04:00,44.92,42.260000000000005,0.08,2.58
2025-04-03 14:00:00-04:00,45.18,36.03,7.03,2.12
2025-04-03 15:00:00-04:00,44.3,39.47,2.58,2.25
2025-04-03 16:00:00-04:00,46.76,35.99999999999999,8.56,2.2
2025-04-03 17:00:00-04:00,50.02,39.870000000000005,7.68,2.47
2025-04-03 18:00:00-04:00,56.39,42.79,10.86,2.74
2025-04-03 19:00:00-04:00,59.1,49.440000000000005,6.54,3.12
2025-04-03 20:00:00-04:00,53.0,49.77,-0.0,3.23
2025-04-03 21:00:00-04:00,43.83,41.27,-0.0,2.56
2025-04-03 22:00:00-04:00,40.46,38.39,-0.0,2.07
2025-04-03 23:00:00-04:00,37.25,35.44,-0.0,1.81
2025-04-04 00:00:00-04:00,39.18,37.67,-0.0,1.51
2025-04-04 01:00:00-04:00,36.04,34.72,-0.0,1.32
2025-04-04 02:00:00-04:00,35.58,34.25,-0.0,1.33
2025-04-04 03:00:00-04:00,36.15,34.76,-0.0,1.39
2025-04-04 04:00:00-04:00,36.27,35.080000000000005,-0.0,1.19
2025-04-04 05:00:00-04:00,39.44,38.29,-0.0,1.15
2025-04-04 06:00:00-04:00,49.26,47.46,-0.0,1.8
2025-04-04 07:00:00-04:00,53.28,51.18,-0.0,2.1
2025-04-04 08:00:00-04:00,52.56,50.64,-0.0,1.92
2025-04-04 09:00:00-04:00,44.89,43.37,-0.0,1.52
2025-04-04 10:00:00-04:00,42.35,41.08,-0.0,1.27
2025-04-04 11:00:00-04:00,36.58,35.589999999999996,-0.0,0.99
2025-04-04 12:00:00-04:00,35.28,34.29,-0.0,0.99
2025-04-04 13:00:00-04:00,35.17,34.21,-0.0,0.96
2025-04-04 14:00:00-04:00,33.99,33.07,-0.0,0.92
2025-04-04 15:00:00-04:00,33.5,32.56,-0.0,0.94
2025-04-04 16:00:00-04:00,34.2,33.2,-0.0,1.0
2025-04-04 17:00:00-04:00,38.65,37.379999999999995,-0.0,1.27
2025-04-04 18:00:00-04:00,46.19,44.33,-0.0,1.86
2025-04-04 19:00:00-04:00,57.74,55.25,-0.0,2.49
2025-04-04 20:00:00-04:00,53.77,51.510000000000005,-0.0,2.26
2025-04-04 21:00:00-04:00,46.27,44.45,-0.0,1.82
2025-04-04 22:00:00-04:00,40.56,39.080000000000005,-0.0,1.48
2025-04-04 23:00:00-04:00,38.16,36.94,-0.0,1.22
2025-04-05 00:00:00-04:00,41.06,39.82,-0.0,1.24
2025-04-05 01:00:00-04:00,38.39,37.2,-0.0,1.19
2025-04-05 02:00:00-04:00,36.86,35.61,-0.0,1.25
2025-04-05 03:00:00-04:00,36.35,35.050000000000004,-0.0,1.3
2025-04-05 04:00:00-04:00,38.29,36.75,-0.0,1.54
2025-04-05 05:00:00-04:00,35.46,34.03,-0.0,1.43
2025-04-05 06:00:00-04:00,38.17,36.67,-0.0,1.5
2025-04-05 07:00:00-04:00,42.62,41.02,-0.0,1.6
2025-04-05 08:00:00-04:00,44.88,43.11,-0.0,1.77
2025-04-05 09:00:00-04:00,47.19,45.33,-0.0,1.86
2025-04-05 10:00:00-04:00,49.89,48.02,-0.0,1.87
2025-04-05 11:00:00-04:00,51.63,49.64,-0.0,1.99
2025-04-05 12:00:00-04:00,50.79,48.79,-0.0,2.0
2025-04-05 13:00:00-04:00,50.32,48.34,-0.0,1.98
2025-04-05 14:00:00-04:00,45.73,43.93,-0.0,1.8
2025-04-05 15:00:00-04:00,48.55,46.64,-0.0,1.91
2025-04-05 16:00:00-04:00,48.25,46.22,-0.0,2.03
2025-04-05 17:00:00-04:00,50.84,48.510000000000005,-0.0,2.33
2025-04-05 18:00:00-04:00,52.87,50.45,-0.0,2.42
2025-04-05 19:00:00-04:00,57.32,54.64,-0.0,2.68
2025-04-05 20:00:00-04:00,55.05,52.629999999999995,-0.0,2.42
2025-04-05 21:00:00-04:00,47.2,45.3,-0.0,1.9
2025-04-05 22:00:00-04:00,43.42,41.91,-0.0,1.51
2025-04-05 23:00:00-04:00,40.68,39.34,-0.0,1.34
2025-04-06 00:00:00-04:00,39.18,38.19,-0.0,0.99
2025-04-06 01:00:00-04:00,36.79,35.79,-0.0,1.0
2025-04-06 02:00:00-04:00,36.81,35.88,-0.0,0.93
2025-04-06 03:00:00-04:00,35.91,34.97,-0.0,0.94
2025-04-06 04:00:00-04:00,35.3,34.37,-0.0,0.93
2025-04-06 05:00:00-04:00,34.03,32.980000000000004,-0.0,1.05
2025-04-06 06:00:00-04:00,35.3,34.239999999999995,-0.0,1.06
2025-04-06 07:00:00-04:00,36.68,35.61,-0.0,1.07
2025-04-06 08:00:00-04:00,39.6,38.48,-0.0,1.12
2025-04-06 09:00:00-04:00,40.85,39.620000000000005,-0.0,1.23
2025-04-06 10:00:00-04:00,44.4,43.11,-0.0,1.29
2025-04-06 11:00:00-04:00,42.04,40.77,-0.0,1.27
2025-04-06 12:00:00-04:00,39.98,38.88999999999999,-0.0,1.09
2025-04-06 13:00:00-04:00,36.3,35.279999999999994,-0.0,1.02
2025-04-06 14:00:00-04:00,35.69,34.68,-0.0,1.01
2025-04-06 15:00:00-04:00,36.51,35.519999999999996,-0.0,0.99
2025-04-06 16:00:00-04:00,37.9,36.76,-0.0,1.14
2025-04-06 17:00:00-04:00,46.24,44.89,-0.0,1.35
2025-04-06 18:00:00-04:00,52.64,51.11,-0.0,1.53
2025-04-06 19:00:00-04:00,60.75,58.53,-0.0,2.22
2025-04-06 20:00:00-04:00,59.7,57.900000000000006,-0.0,1.8
2025-04-06 21:00:00-04:00,51.7,50.39,-0.0,1.31
2025-04-06 22:00:00-04:00,46.8,45.84,-0.0,0.96
2025-04-06 23:00:00-04:00,41.59,40.77,-0.0,0.82
2025-04-07 00:00:00-04:00,47.32,46.21,-0.0,1.11
2025-04-07 01:00:00-04:00,42.99,41.98,-0.0,1.01
2025-04-07 02:00:00-04:00,42.1,41.11,-0.0,0.99
2025-04-07 03:00:00-04:00,40.84,39.88,-0.0,0.96
2025-04-07 04:00:00-04:00,42.4,41.33,-0.0,1.07
2025-04-07 05:00:00-04:00,47.42,46.17,-0.0,1.25
2025-04-07 06:00:00-04:00,59.65,57.85,-0.0,1.8
2025-04-07 07:00:00-04:00,67.57,65.53999999999999,-0.0,2.03
2025-04-07 08:00:00-04:00,62.06,60.25,-0.0,1.81
2025-04-07 09:00:00-04:00,60.3,58.599999999999994,-0.0,1.7
2025-04-07 10:00:00-04:00,57.88,56.36,-0.0,1.52
2025-04-07 11:00:00-04:00,54.25,52.82,-0.0,1.43
2025-04-07 12:00:00-04:00,51.51,50.25,-0.0,1.26
2025-04-07 13:00:00-04:00,49.95,48.78,-0.0,1.17
2025-04-07 14:00:00-04:00,50.62,49.44,-0.0,1.18
2025-04-07 15:00:00-04:00,51.63,50.32,-0.0,1.31
2025-04-07 16:00:00-04:00,52.68,51.15,-0.0,1.53
2025-04-07 17:00:00-04:00,57.87,55.97,-0.0,1.9
2025-04-07 18:00:00-04:00,63.49,61.22,-0.0,2.27
2025-04-07 19:00:00-04:00,71.7,69.14,-0.0,2.56
2025-04-07 20:00:00-04:00,64.21,61.8,-0.0,2.41
2025-04-07 21:00:00-04:00,55.9,54.12,-0.0,1.78
2025-04-07 22:00:00-04:00,47.77,46.290000000000006,-0.0,1.48
2025-04-07 23:00:00-04:00,45.93,44.55,-0.0,1.38
2025-04-08 00:00:00-04:00,49.26,47.59,-0.0,1.67
2025-04-08 01:00:00-04:00,45.08,43.43,-0.0,1.65
2025-04-08 02:00:00-04:00,43.1,41.52,-0.0,1.58
2025-04-08 03:00:00-04:00,43.25,41.58,-0.0,1.67
2025-04-08 04:00:00-04:00,43.59,41.91,-0.0,1.68
2025-04-08 05:00:00-04:00,46.23,44.33,-0.0,1.9
2025-04-08 06:00:00-04:00,60.82,58.37,-0.0,2.45
2025-04-08 07:00:00-04:00,68.49,65.72999999999999,-0.0,2.76
2025-04-08 08:00:00-04:00,62.61,60.14,-0.0,2.47
2025-04-08 09:00:00-04:00,56.63,54.720000000000006,-0.0,1.91
2025-04-08 10:00:00-04:00,54.36,52.42,-0.0,1.94
2025-04-08 11:00:00-04:00,50.3,48.599999999999994,-0.0,1.7
2025-04-08 12:00:00-04:00,48.35,46.67,-0.0,1.68
2025-04-08 13:00:00-04:00,47.28,45.81,-0.0,1.47
2025-04-08 14:00:00-04:00,45.88,44.46,-0.0,1.42
2025-04-08 15:00:00-04:00,48.13,46.59,-0.0,1.54
2025-04-08 16:00:00-04:00,51.11,49.29,-0.0,1.82
2025-04-08 17:00:00-04:00,58.47,56.11,-0.0,2.36
2025-04-08 18:00:00-04:00,66.71,63.82999999999999,-0.0,2.88
2025-04-08 19:00:00-04:00,86.46,82.58,-0.0,3.88
2025-04-08 20:00:00-04:00,83.92,80.69,-0.0,3.23
2025-04-08 21:00:00-04:00,65.04,62.540000000000006,-0.0,2.5
2025-04-08 22:00:00-04:00,58.22,56.14,-0.0,2.08
2025-04-08 23:00:00-04:00,51.6,49.81,-0.0,1.79
2025-04-09 00:00:00-04:00,53.34,51.09,-0.0,2.25
2025-04-09 01:00:00-04:00,51.81,49.63,-0.0,2.18
2025-04-09 02:00:00-04:00,49.8,47.84,-0.0,1.96
2025-04-09 03:00:00-04:00,50.22,48.2,-0.0,2.02
2025-04-09 04:00:00-04:00,51.63,49.6,-0.0,2.03
2025-04-09 05:00:00-04:00,60.29,58.03,-0.0,2.26
2025-04-09 06:00:00-04:00,85.82,82.44,-0.0,3.38
2025-04-09 07:00:00-04:00,95.2,91.28,-0.0,3.92
2025-04-09 08:00:00-04:00,69.56,67.21000000000001,-0.0,2.35
2025-04-09 09:00:00-04:00,55.52,54.06,-0.0,1.46
2025-04-09 10:00:00-04:00,50.91,49.669999999999995,-0.0,1.24
2025-04-09 11:00:00-04:00,45.65,44.67,-0.0,0.98
2025-04-09 12:00:00-04:00,43.88,42.85,-0.0,1.03
2025-04-09 13:00:00-04:00,41.81,40.79,-0.0,1.02
2025-04-09 14:00:00-04:00,40.7,39.63,-0.0,1.07
2025-04-09 15:00:00-04:00,41.14,40.06,-0.0,1.08
2025-04-09 16:00:00-04:00,45.33,43.97,-0.0,1.36
2025-04-09 17:00:00-04:00,53.3,51.599999999999994,-0.0,1.7
2025-04-09 18:00:00-04:00,68.08,65.53,-0.0,2.55
2025-04-09 19:00:00-04:00,85.63,82.25999999999999,-0.0,3.37
2025-04-09 20:00:00-04:00,81.87,78.87,-0.0,3.0
2025-04-09 21:00:00-04:00,69.35,66.80999999999999,-0.0,2.54
2025-04-09 22:00:00-04:00,58.29,56.37,-0.0,1.92
2025-04-09 23:00:00-04:00,52.99,51.25,-0.0,1.74
2025-04-10 00:00:00-04:00,43.58,42.23,-0.0,1.35
2025-04-10 01:00:00-04:00,43.37,41.989999999999995,-0.0,1.38
2025-04-10 02:00:00-04:00,41.53,40.24,-0.0,1.29
2025-04-10 03:00:00-04:00,40.53,39.2,-0.0,1.33
2025-04-10 04:00:00-04:00,41.82,40.44,-0.0,1.38
2025-04-10 05:00:00-04:00,44.49,42.86,-0.0,1.63
2025-04-10 06:00:00-04:00,62.78,60.02,-0.0,2.76
2025-04-10 07:00:00-04:00,68.69,65.42,-0.0,3.27
2025-04-10 08:00:00-04:00,55.0,53.09,-0.0,1.91
2025-04-10 09:00:00-04:00,45.91,44.56999999999999,-0.0,1.34
2025-04-10 10:00:00-04:00,43.84,42.73,-0.0,1.11
2025-04-10 11:00:00-04:00,41.87,40.77,-0.0,1.1
2025-04-10 12:00:00-04:00,42.05,40.989999999999995,-0.0,1.06
2025-04-10 13:00:00-04:00,43.09,42.040000000000006,-0.0,1.05
2025-04-10 14:00:00-04:00,42.85,41.72,-0.0,1.13
2025-04-10 15:00:00-04:00,43.67,42.57,-0.0,1.1
2025-04-10 16:00:00-04:00,45.2,44.010000000000005,-0.0,1.19
2025-04-10 17:00:00-04:00,50.83,49.21,-0.0,1.62
2025-04-10 18:00:00-04:00,57.13,55.2,-0.0,1.93
2025-04-10 19:00:00-04:00,66.37,63.45,-0.0,2.92
2025-04-10 20:00:00-04:00,61.86,59.26,-0.0,2.6
2025-04-10 21:00:00-04:00,53.3,51.349999999999994,-0.0,1.95
2025-04-10 22:00:00-04:00,45.19,43.7,-0.0,1.49
2025-04-10 23:00:00-04:00,43.21,41.75,-0.0,1.46
2025-04-11 00:00:00-04:00,42.66,41.099999999999994,-0.0,1.56
2025-04-11 01:00:00-04:00,41.5,39.9,-0.0,1.6
2025-04-11 02:00:00-04:00,39.7,38.25,-0.0,1.45
2025-04-11 03:00:00-04:00,39.34,37.900000000000006,-0.0,1.44
2025-04-11 04:00:00-04:00,39.51,38.059999999999995,-0.0,1.45
2025-04-11 05:00:00-04:00,44.09,42.56,-0.0,1.53
2025-04-11 06:00:00-04:00,56.87,54.48,-0.0,2.39
2025-04-11 07:00:00-04:00,65.64,62.81,-0.0,2.83
2025-04-11 08:00:00-04:00,59.69,57.34,-0.0,2.35
2025-04-11 09:00:00-04:00,57.66,55.76,-0.0,1.9
2025-04-11 10:00:00-04:00,55.43,53.61,-0.0,1.82
2025-04-11 11:00:00-04:00,51.7,50.2,-0.0,1.5
2025-04-11 12:00:00-04:00,50.51,49.04,-0.0,1.47
2025-04-11 13:00:00-04:00,50.0,48.64,-0.0,1.36
2025-04-11 14:00:00-04:00,49.54,48.0,-0.0,1.54
2025-04-11 15:00:00-04:00,49.69,48.19,-0.0,1.5
2025-04-11 16:00:00-04:00,50.05,48.45,-0.0,1.6
2025-04-11 17:00:00-04:00,54.65,52.75,-0.0,1.9
2025-04-11 18:00:00-04:00,58.6,56.29,-0.0,2.31
2025-04-11 19:00:00-04:00,64.16,61.459999999999994,-0.0,2.7
2025-04-11 20:00:00-04:00,60.36,57.87,-0.0,2.49
2025-04-11 21:00:00-04:00,54.91,52.849999999999994,-0.0,2.06
2025-04-11 22:00:00-04:00,52.83,51.04,-0.0,1.79
2025-04-11 23:00:00-04:00,50.44,48.739999999999995,-0.0,1.7
2025-04-12 00:00:00-04:00,49.29,47.67,-0.0,1.62
2025-04-12 01:00:00-04:00,45.22,43.69,-0.0,1.53
2025-04-12 02:00:00-04:00,43.96,42.47,-0.0,1.49
2025-04-12 03:00:00-04:00,42.08,40.7,-0.0,1.38
2025-04-12 04:00:00-04:00,41.32,39.92,-0.0,1.4
2025-04-12 05:00:00-04:00,45.11,43.63,-0.0,1.48
2025-04-12 06:00:00-04:00,51.96,50.1,-0.0,1.86
2025-04-12 07:00:00-04:00,56.93,54.85,-0.0,2.08
2025-04-12 08:00:00-04:00,58.95,56.68,-0.0,2.27
2025-04-12 09:00:00-04:00,59.11,56.73,-0.0,2.38
2025-04-12 10:00:00-04:00,58.78,56.36,-0.0,2.42
2025-04-12 11:00:00-04:00,58.48,56.29,-0.0,2.19
2025-04-12 12:00:00-04:00,54.3,52.57,-0.0,1.73
2025-04-12 13:00:00-04:00,52.55,50.82,-0.0,1.73
2025-04-12 14:00:00-04:00,51.33,49.55,-0.0,1.78
2025-04-12 15:00:00-04:00,51.3,49.52,-0.0,1.78
2025-04-12 16:00:00-04:00,51.68,49.74,-0.0,1.94
2025-04-12 17:00:00-04:00,54.87,52.809999999999995,-0.0,2.06
2025-04-12 18:00:00-04:00,56.02,53.81,-0.0,2.21
2025-04-12 19:00:00-04:00,59.46,56.79,-0.0,2.67
2025-04-12 20:00:00-04:00,60.46,57.8,-0.0,2.66
2025-04-12 21:00:00-04:00,54.82,52.86,-0.0,1.96
2025-04-12 22:00:00-04:00,52.48,50.66,-0.0,1.82
2025-04-12 23:00:00-04:00,47.93,46.27,-0.0,1.66
2025-04-13 00:00:00-04:00,51.53,49.69,-0.0,1.84
2025-04-13 01:00:00-04:00,49.53,47.81,-0.0,1.72
2025-04-13 02:00:00-04:00,46.38,44.81,-0.0,1.57
2025-04-13 03:00:00-04:00,45.69,44.099999999999994,-0.0,1.59
2025-04-13 04:00:00-04:00,46.77,45.150000000000006,-0.0,1.62
2025-04-13 05:00:00-04:00,46.62,44.96,-0.0,1.66
2025-04-13 06:00:00-04:00,48.86,47.07,-0.0,1.79
2025-04-13 07:00:00-04:00,51.87,50.02,-0.0,1.85
2025-04-13 08:00:00-04:00,52.44,50.57,-0.0,1.87
2025-04-13 09:00:00-04:00,48.72,46.94,-0.0,1.78
2025-04-13 10:00:00-04:00,46.89,45.22,-0.0,1.67
2025-04-13 11:00:00-04:00,45.29,43.76,-0.0,1.53
2025-04-13 12:00:00-04:00,42.53,41.25,-0.0,1.28
2025-04-13 13:00:00-04:00,41.32,40.04,-0.0,1.28
2025-04-13 14:00:00-04:00,40.75,39.45,-0.0,1.3
2025-04-13 15:00:00-04:00,39.78,38.55,-0.0,1.23
2025-04-13 16:00:00-04:00,42.72,41.4,-0.0,1.32
2025-04-13 17:00:00-04:00,49.83,48.01,-0.0,1.82
2025-04-13 18:00:00-04:00,55.14,52.87,-0.0,2.27
2025-04-13 19:00:00-04:00,60.0,57.14,-0.0,2.86
2025-04-13 20:00:00-04:00,64.69,61.73,-0.0,2.96
2025-04-13 21:00:00-04:00,57.31,55.1,-0.0,2.21
2025-04-13 22:00:00-04:00,49.47,47.57,-0.0,1.9
2025-04-13 23:00:00-04:00,46.58,44.83,-0.0,1.75
2025-04-14 00:00:00-04:00,42.21,40.67,-0.0,1.54
2025-04-14 01:00:00-04:00,39.91,38.41,-0.0,1.5
2025-04-14 02:00:00-04:00,39.9,38.44,-0.0,1.46
2025-04-14 03:00:00-04:00,39.88,38.42,-0.0,1.46
2025-04-14 04:00:00-04:00,41.89,40.32,-0.0,1.57
2025-04-14 05:00:00-04:00,45.92,44.24,-0.0,1.68
2025-04-14 06:00:00-04:00,59.11,56.4,-0.0,2.71
2025-04-14 07:00:00-04:00,62.63,59.760000000000005,-0.0,2.87
2025-04-14 08:00:00-04:00,51.36,49.48,-0.0,1.88
2025-04-14 09:00:00-04:00,38.64,37.37,-0.0,1.27
2025-04-14 10:00:00-04:00,36.33,35.129999999999995,-0.0,1.2
2025-04-14 11:00:00-04:00,32.86,31.78,-0.0,1.08
2025-04-14 12:00:00-04:00,32.32,31.23,-0.0,1.09
2025-04-14 13:00:00-04:00,32.83,31.75,-0.0,1.08
2025-04-14 14:00:00-04:00,33.23,32.199999999999996,-0.0,1.03
2025-04-14 15:00:00-04:00,35.39,34.230000000000004,-0.0,1.16
2025-04-14 16:00:00-04:00,38.7,37.32,-0.0,1.38
2025-04-14 17:00:00-04:00,46.74,44.99,-0.0,1.75
2025-04-14 18:00:00-04:00,57.58,55.05,-0.0,2.53
2025-04-14 19:00:00-04:00,66.44,57.35,6.05,3.04
2025-04-14 20:00:00-04:00,64.49,56.69999999999999,4.84,2.95
2025-04-14 21:00:00-04:00,55.24,52.19,0.39,2.66
2025-04-14 22:00:00-04:00,42.96,41.03,-0.0,1.93
2025-04-14 23:00:00-04:00,38.16,36.52,-0.0,1.64
2025-04-15 00:00:00-04:00,34.62,33.07,-0.0,1.55
2025-04-15 01:00:00-04:00,33.87,32.349999999999994,-0.0,1.52
2025-04-15 02:00:00-04:00,34.01,32.48,-0.0,1.53
2025-04-15 03:00:00-04:00,33.6,32.06,-0.0,1.54
2025-04-15 04:00:00-04:00,35.15,33.54,-0.0,1.61
2025-04-15 05:00:00-04:00,37.95,36.21,-0.0,1.74
2025-04-15 06:00:00-04:00,49.9,47.52,-0.0,2.38
2025-04-15 07:00:00-04:00,55.98,52.959999999999994,-0.0,3.02
2025-04-15 08:00:00-04:00,52.5,45.52,4.75,2.23
2025-04-15 09:00:00-04:00,41.4,39.66,-0.0,1.74
2025-04-15 10:00:00-04:00,38.88,37.31,-0.0,1.57
2025-04-15 11:00:00-04:00,35.01,33.6,-0.0,1.41
2025-04-15 12:00:00-04:00,34.08,32.71,-0.0,1.37
2025-04-15 13:00:00-04:00,32.7,31.35,-0.0,1.35
2025-04-15 14:00:00-04:00,32.19,30.889999999999997,-0.0,1.3
2025-04-15 15:00:00-04:00,34.43,33.07,-0.0,1.36
2025-04-15 16:00:00-04:00,38.51,36.919999999999995,-0.0,1.59
2025-04-15 17:00:00-04:00,42.64,40.5,-0.0,2.14
2025-04-15 18:00:00-04:00,54.0,45.21,6.31,2.48
2025-04-15 19:00:00-04:00,60.79,54.94,2.5,3.35
2025-04-15 20:00:00-04:00,61.33,48.56999999999999,9.8,2.96
2025-04-15 21:00:00-04:00,51.69,44.22,4.86,2.61
2025-04-15 22:00:00-04:00,41.18,38.92,-0.0,2.26
2025-04-15 23:00:00-04:00,37.33,35.379999999999995,-0.0,1.95
2025-04-16 00:00:00-04:00,34.56,31.300000000000004,1.6,1.66
2025-04-16 01:00:00-04:00,35.79,30.769999999999996,3.39,1.63
2025-04-16 02:00:00-04:00,33.07,31.38,-0.0,1.69
2025-04-16 03:00:00-04:00,32.51,30.729999999999997,0.09,1.69
2025-04-16 04:00:00-04:00,34.43,32.39,0.19,1.85
2025-04-16 05:00:00-04:00,38.34,36.27,-0.0,2.07
2025-04-16 06:00:00-04:00,49.17,46.39,-0.0,2.78
2025-04-16 07:00:00-04:00,55.53,52.74,-0.0,2.79
2025-04-16 08:00:00-04:00,45.58,43.489999999999995,-0.0,2.09
2025-04-16 09:00:00-04:00,40.83,39.0,-0.0,1.83
2025-04-16 10:00:00-04:00,37.24,35.64,-0.0,1.6
2025-04-16 11:00:00-04:00,33.94,32.48,-0.0,1.46
2025-04-16 12:00:00-04:00,32.44,31.01,-0.0,1.43
2025-04-16 13:00:00-04:00,32.25,30.74,-0.0,1.51
2025-04-16 14:00:00-04:00,32.22,30.83,-0.0,1.39
2025-04-16 15:00:00-04:00,33.53,31.99,-0.0,1.54
2025-04-16 16:00:00-04:00,35.98,34.269999999999996,-0.0,1.71
2025-04-16 17:00:00-04:00,42.46,40.13,-0.0,2.33
2025-04-16 18:00:00-04:00,48.88,46.25,-0.0,2.63
2025-04-16 19:00:00-04:00,59.46,56.26,-0.0,3.2
2025-04-16 20:00:00-04:00,59.11,56.03,-0.0,3.08
2025-04-16 21:00:00-04:00,50.7,48.2,-0.0,2.5
2025-04-16 22:00:00-04:00,43.75,41.67,-0.0,2.08
2025-04-16 23:00:00-04:00,40.48,38.629999999999995,-0.0,1.85
2025-04-17 00:00:00-04:00,35.14,33.69,-0.0,1.45
2025-04-17 01:00:00-04:00,33.57,32.22,-0.0,1.35
2025-04-17 02:00:00-04:00,33.78,32.45,-0.0,1.33
2025-04-17 03:00:00-04:00,33.56,32.24,-0.0,1.32
2025-04-17 04:00:00-04:00,34.4,32.949999999999996,-0.0,1.45
2025-04-17 05:00:00-04:00,40.29,38.44,-0.0,1.85
2025-04-17 06:00:00-04:00,56.4,53.66,-0.0,2.74
2025-04-17 07:00:00-04:00,58.28,55.51,-0.0,2.77
2025-04-17 08:00:00-04:00,43.72,41.879999999999995,-0.0,1.84
2025-04-17 09:00:00-04:00,30.05,28.98,-0.0,1.07
2025-04-17 10:00:00-04:00,26.86,25.98,-0.0,0.88
2025-04-17 11:00:00-04:00,24.56,23.799999999999997,-0.0,0.76
2025-04-17 12:00:00-04:00,24.08,23.38,-0.0,0.7
2025-04-17 13:00:00-04:00,23.46,22.82,-0.0,0.64
2025-04-17 14:00:00-04:00,22.71,22.09,-0.0,0.62
2025-04-17 15:00:00-04:00,23.57,22.91,-0.0,0.66
2025-04-17 16:00:00-04:00,24.92,24.1,-0.0,0.82
2025-04-17 17:00:00-04:00,31.84,30.67,-0.0,1.17
2025-04-17 18:00:00-04:00,44.02,42.21,-0.0,1.81
2025-04-17 19:00:00-04:00,54.84,52.43000000000001,-0.0,2.41
2025-04-17 20:00:00-04:00,55.66,53.11,-0.0,2.55
2025-04-17 21:00:00-04:00,47.39,45.3,-0.0,2.09
2025-04-17 22:00:00-04:00,40.44,38.809999999999995,-0.0,1.63
2025-04-17 23:00:00-04:00,36.88,35.43,-0.0,1.45
2025-04-18 00:00:00-04:00,33.31,31.910000000000004,-0.0,1.4
2025-04-18 01:00:00-04:00,30.6,29.34,-0.0,1.26
2025-04-18 02:00:00-04:00,29.1,27.9,-0.0,1.2
2025-04-18 03:00:00-04:00,28.96,27.77,-0.0,1.19
2025-04-18 04:00:00-04:00,30.51,29.14,-0.0,1.37
2025-04-18 05:00:00-04:00,34.97,33.37,-0.0,1.6
2025-04-18 06:00:00-04:00,44.66,42.529999999999994,-0.0,2.13
2025-04-18 07:00:00-04:00,46.58,44.32,-0.0,2.26
2025-04-18 08:00:00-04:00,39.97,38.14,-0.0,1.83
2025-04-18 09:00:00-04:00,29.86,27.74,0.87,1.25
2025-04-18 10:00:00-04:00,27.19,26.09,-0.0,1.1
2025-04-18 11:00:00-04:00,25.42,24.49,-0.0,0.93
2025-04-18 12:00:00-04:00,24.44,23.52,-0.0,0.92
2025-04-18 13:00:00-04:00,24.74,23.72,-0.0,1.02
2025-04-18 14:00:00-04:00,25.93,23.82,1.09,1.02
2025-04-18 15:00:00-04:00,29.87,20.700000000000003,8.24,0.93
2025-04-18 16:00:00-04:00,33.2,20.22000000000001,12.07,0.91
2025-04-18 17:00:00-04:00,40.03,22.880000000000003,16.14,1.01
2025-04-18 18:00:00-04:00,44.75,33.660000000000004,9.44,1.65
2025-04-18 19:00:00-04:00,50.4,37.36,11.17,1.87
2025-04-18 20:00:00-04:00,51.12,37.0,12.23,1.89
2025-04-18 21:00:00-04:00,43.54,33.5,8.4,1.64
2025-04-18 22:00:00-04:00,39.54,28.97,9.15,1.42
2025-04-18 23:00:00-04:00,32.63,30.49,0.68,1.46
2025-04-19 00:00:00-04:00,30.36,22.729999999999997,6.49,1.14
2025-04-19 01:00:00-04:00,28.5,20.78,6.68,1.04
2025-04-19 02:00:00-04:00,25.96,20.58,4.37,1.01
2025-04-19 03:00:00-04:00,25.43,19.089999999999996,5.42,0.92
2025-04-19 04:00:00-04:00,24.45,21.67,1.68,1.1
2025-04-19 05:00:00-04:00,27.01,25.590000000000003,0.06,1.36
2025-04-19 06:00:00-04:00,30.06,23.49,5.35,1.22
2025-04-19 07:00:00-04:00,30.56,27.79,1.33,1.44
2025-04-19 08:00:00-04:00,30.2,28.71,-0.0,1.49
2025-04-19 09:00:00-04:00,30.86,26.83,2.64,1.39
2025-04-19 10:00:00-04:00,30.49,25.72,3.46,1.31
2025-04-19 11:00:00-04:00,28.03,26.05,0.73,1.25
2025-04-19 12:00:00-04:00,27.42,25.98,0.17,1.27
2025-04-19 13:00:00-04:00,26.75,25.5,-0.0,1.25
2025-04-19 14:00:00-04:00,26.88,25.619999999999997,-0.0,1.26
2025-04-19 15:00:00-04:00,28.76,27.340000000000003,-0.0,1.42
2025-04-19 16:00:00-04:00,30.76,28.980000000000004,0.22,1.56
2025-04-19 17:00:00-04:00,37.96,35.55,0.56,1.85
2025-04-19 18:00:00-04:00,42.78,35.88,5.03,1.87
2025-04-19 19:00:00-04:00,49.44,36.85999999999999,10.63,1.95
2025-04-19 20:00:00-04:00,47.8,39.48,6.27,2.05
2025-04-19 21:00:00-04:00,37.64,35.51,0.28,1.85
2025-04-19 22:00:00-04:00,33.5,31.88,-0.0,1.62
2025-04-19 23:00:00-04:00,30.87,29.4,-0.0,1.47
2025-04-20 00:00:00-04:00,31.52,26.99,3.23,1.3
2025-04-20 01:00:00-04:00,28.46,27.08,-0.0,1.38
2025-04-20 02:00:00-04:00,26.45,25.19,-0.0,1.26
2025-04-20 03:00:00-04:00,25.38,24.22,-0.0,1.16
2025-04-20 04:00:00-04:00,24.11,23.01,-0.0,1.1
2025-04-20 05:00:00-04:00,25.9,24.74,-0.0,1.16
2025-04-20 06:00:00-04:00,30.36,28.89,-0.0,1.47
2025-04-20 07:00:00-04:00,29.17,27.91,-0.0,1.26
2025-04-20 08:00:00-04:00,26.07,25.04,-0.0,1.03
2025-04-20 09:00:00-04:00,21.65,20.82,-0.0,0.83
2025-04-20 10:00:00-04:00,20.38,19.69,-0.0,0.69
2025-04-20 11:00:00-04:00,18.47,17.88,-0.0,0.59
2025-04-20 12:00:00-04:00,17.56,17.029999999999998,-0.0,0.53
2025-04-20 13:00:00-04:00,17.73,17.18,-0.0,0.55
2025-04-20 14:00:00-04:00,17.02,16.48,-0.0,0.54
2025-04-20 15:00:00-04:00,18.25,17.65,-0.0,0.6
2025-04-20 16:00:00-04:00,20.27,19.57,-0.0,0.7
2025-04-20 17:00:00-04:00,29.08,27.909999999999997,-0.0,1.17
2025-04-20 18:00:00-04:00,37.03,35.300000000000004,-0.0,1.73
2025-04-20 19:00:00-04:00,45.04,42.77,-0.0,2.27
2025-04-20 20:00:00-04:00,44.39,42.08,-0.0,2.31
2025-04-20 21:00:00-04:00,37.93,36.06,-0.0,1.87
2025-04-20 22:00:00-04:00,35.53,33.870000000000005,-0.0,1.66
2025-04-20 23:00:00-04:00,31.43,30.08,-0.0,1.35
2025-04-21 00:00:00-04:00,29.33,28.17,-0.0,1.16
2025-04-21 01:00:00-04:00,27.85,26.75,-0.0,1.1
2025-04-21 02:00:00-04:00,26.34,25.28,-0.0,1.06
2025-04-21 03:00:00-04:00,25.14,24.13,-0.0,1.01
2025-04-21 04:00:00-04:00,26.1,24.950000000000003,-0.0,1.15
2025-04-21 05:00:00-04:00,29.09,27.76,-0.0,1.33
2025-04-21 06:00:00-04:00,33.97,32.379999999999995,-0.0,1.59
2025-04-21 07:00:00-04:00,39.85,36.39,1.61,1.85
2025-04-21 08:00:00-04:00,35.84,34.17,-0.0,1.67
2025-04-21 09:00:00-04:00,32.8,31.42,-0.0,1.38
2025-04-21 10:00:00-04:00,31.73,30.39,-0.0,1.34
2025-04-21 11:00:00-04:00,30.98,29.76,-0.0,1.22
2025-04-21 12:00:00-04:00,30.0,28.74,-0.0,1.26
2025-04-21 13:00:00-04:00,30.2,27.909999999999997,1.03,1.26
2025-04-21 14:00:00-04:00,31.8,28.520000000000003,1.97,1.31
2025-04-21 15:00:00-04:00,34.1,32.660000000000004,-0.0,1.44
2025-04-21 16:00:00-04:00,37.41,35.83,-0.0,1.58
2025-04-21 17:00:00-04:00,43.62,36.2,5.9,1.52
2025-04-21 18:00:00-04:00,50.88,36.45,12.75,1.68
2025-04-21 19:00:00-04:00,53.37,42.34,9.08,1.95
2025-04-21 20:00:00-04:00,54.88,35.84,17.36,1.68
2025-04-21 21:00:00-04:00,41.3,34.61999999999999,5.09,1.59
2025-04-21 22:00:00-04:00,36.3,27.3,7.77,1.23
2025-04-21 23:00:00-04:00,33.8,21.229999999999993,11.55,1.02
2025-04-22 00:00:00-04:00,34.14,16.32,17.08,0.74
2025-04-22 01:00:00-04:00,34.1,13.329999999999998,20.17,0.6
2025-04-22 02:00:00-04:00,31.98,13.64,17.73,0.61
2025-04-22 03:00:00-04:00,31.23,11.260000000000002,19.45,0.52
2025-04-22 04:00:00-04:00,31.0,15.96,14.3,0.74
2025-04-22 05:00:00-04:00,34.54,20.22,13.37,0.95
2025-04-22 06:00:00-04:00,47.15,23.29,22.72,1.14
2025-04-22 07:00:00-04:00,42.7,36.89,3.97,1.84
2025-04-22 08:00:00-04:00,35.37,33.75,-0.0,1.62
2025-04-22 09:00:00-04:00,30.08,28.76,-0.0,1.32
2025-04-22 10:00:00-04:00,30.26,28.96,-0.0,1.3
2025-04-22 11:00:00-04:00,28.78,27.540000000000003,-0.0,1.24
2025-04-22 12:00:00-04:00,27.99,26.22,0.64,1.13
2025-04-22 13:00:00-04:00,28.88,27.19,0.57,1.12
2025-04-22 14:00:00-04:00,29.67,25.85,2.76,1.06
2025-04-22 15:00:00-04:00,30.7,26.44,3.2,1.06
2025-04-22 16:00:00-04:00,37.46,29.43,6.82,1.21
2025-04-22 17:00:00-04:00,40.77,35.37,3.81,1.59
2025-04-22 18:00:00-04:00,44.12,41.98,-0.0,2.14
2025-04-22 19:00:00-04:00,49.38,46.900000000000006,-0.0,2.48
2025-04-22 20:00:00-04:00,51.94,49.33,-0.0,2.61
2025-04-22 21:00:00-04:00,41.32,39.35,-0.0,1.97
2025-04-22 22:00:00-04:00,35.09,33.61000000000001,-0.0,1.48
2025-04-22 23:00:00-04:00,32.6,31.23,-0.0,1.37
2025-04-23 00:00:00-04:00,27.24,26.22,-0.0,1.02
2025-04-23 01:00:00-04:00,26.62,25.7,-0.0,0.92
2025-04-23 02:00:00-04:00,25.15,24.18,-0.0,0.97
2025-04-23 03:00:00-04:00,25.89,24.92,-0.0,0.97
2025-04-23 04:00:00-04:00,27.04,26.03,-0.0,1.01
2025-04-23 05:00:00-04:00,31.2,30.0,-0.0,1.2
2025-04-23 06:00:00-04:00,41.0,39.35,-0.0,1.65
2025-04-23 07:00:00-04:00,41.26,39.669999999999995,-0.0,1.59
2025-04-23 08:00:00-04:00,33.45,32.32,-0.0,1.13
2025-04-23 09:00:00-04:00,27.96,27.04,-0.0,0.92
2025-04-23 10:00:00-04:00,25.8,25.02,-0.0,0.78
2025-04-23 11:00:00-04:00,23.7,23.01,-0.0,0.69
2025-04-23 12:00:00-04:00,22.94,22.290000000000003,-0.0,0.65
2025-04-23 13:00:00-04:00,23.26,22.6,-0.0,0.66
2025-04-23 14:00:00-04:00,23.19,22.56,-0.0,0.63
2025-04-23 15:00:00-04:00,25.44,24.700000000000003,-0.0,0.74
2025-04-23 16:00:00-04:00,29.04,28.08,-0.0,0.96
2025-04-23 17:00:00-04:00,34.94,33.66,-0.0,1.28
2025-04-23 18:00:00-04:00,41.27,39.61000000000001,-0.0,1.66
2025-04-23 19:00:00-04:00,46.59,44.580000000000005,-0.0,2.01
2025-04-23 20:00:00-04:00,47.21,45.05,-0.0,2.16
2025-04-23 21:00:00-04:00,38.29,36.71,-0.0,1.58
2025-04-23 22:00:00-04:00,34.02,32.71,-0.0,1.31
2025-04-23 23:00:00-04:00,30.55,29.4,-0.0,1.15
2025-04-24 00:00:00-04:00,27.1,26.06,-0.0,1.04
2025-04-24 01:00:00-04:00,25.48,24.55,-0.0,0.93
2025-04-24 02:00:00-04:00,23.2,22.4,-0.0,0.8
2025-04-24 03:00:00-04:00,22.83,22.01,-0.0,0.82
2025-04-24 04:00:00-04:00,21.66,20.85,-0.0,0.81
2025-04-24 05:00:00-04:00,28.01,26.91,-0.0,1.1
2025-04-24 06:00:00-04:00,34.32,32.910000000000004,-0.0,1.41
2025-04-24 07:00:00-04:00,38.8,37.34,-0.0,1.46
2025-04-24 08:00:00-04:00,32.89,31.78,-0.0,1.11
2025-04-24 09:00:00-04:00,26.72,25.869999999999997,-0.0,0.85
2025-04-24 10:00:00-04:00,25.8,25.0,-0.0,0.8
2025-04-24 11:00:00-04:00,24.45,23.74,-0.0,0.71
2025-04-24 12:00:00-04:00,24.83,24.13,-0.0,0.7
2025-04-24 13:00:00-04:00,25.44,24.67,-0.0,0.77
2025-04-24 14:00:00-04:00,25.88,25.1,-0.0,0.78
2025-04-24 15:00:00-04:00,28.72,27.64,-0.0,1.08
2025-04-24 16:00:00-04:00,31.9,30.59,-0.0,1.31
2025-04-24 17:00:00-04:00,37.39,35.88,-0.0,1.51
2025-04-24 18:00:00-04:00,44.2,42.34,-0.0,1.86
2025-04-24 19:00:00-04:00,49.96,47.67,-0.0,2.29
2025-04-24 20:00:00-04:00,47.18,45.06,-0.0,2.12
2025-04-24 21:00:00-04:00,39.46,37.83,-0.0,1.63
2025-04-24 22:00:00-04:00,33.56,32.24,-0.0,1.32
2025-04-24 23:00:00-04:00,30.52,29.4,-0.0,1.12
2025-04-25 00:00:00-04:00,27.43,26.15,-0.0,1.28
2025-04-25 01:00:00-04:00,25.66,24.51,-0.0,1.15
2025-04-25 02:00:00-04:00,24.3,23.23,-0.0,1.07
2025-04-25 03:00:00-04:00,24.48,23.45,-0.0,1.03
2025-04-25 04:00:00-04:00,25.9,24.76,-0.0,1.14
2025-04-25 05:00:00-04:00,28.69,27.450000000000003,-0.0,1.24
2025-04-25 06:00:00-04:00,35.56,33.870000000000005,-0.0,1.69
2025-04-25 07:00:00-04:00,40.05,38.25,-0.0,1.8
2025-04-25 08:00:00-04:00,32.37,31.089999999999996,-0.0,1.28
2025-04-25 09:00:00-04:00,29.28,28.15,-0.0,1.13
2025-04-25 10:00:00-04:00,27.49,26.479999999999997,-0.0,1.01
2025-04-25 11:00:00-04:00,27.37,26.37,-0.0,1.0
2025-04-25 12:00:00-04:00,28.13,26.97,-0.0,1.16
2025-04-25 13:00:00-04:00,28.95,27.78,-0.0,1.17
2025-04-25 14:00:00-04:00,30.21,28.94,-0.0,1.27
2025-04-25 15:00:00-04:00,31.88,30.68,-0.0,1.2
2025-04-25 16:00:00-04:00,35.71,34.27,-0.0,1.44
2025-04-25 17:00:00-04:00,40.98,39.099999999999994,-0.0,1.88
2025-04-25 18:00:00-04:00,44.77,42.64,-0.0,2.13
2025-04-25 19:00:00-04:00,47.51,45.16,-0.0,2.35
2025-04-25 20:00:00-04:00,44.39,42.24,-0.0,2.15
2025-04-25 21:00:00-04:00,36.67,34.89,-0.0,1.78
2025-04-25 22:00:00-04:00,33.88,32.27,-0.0,1.61
2025-04-25 23:00:00-04:00,29.64,28.23,-0.0,1.41
2025-04-26 00:00:00-04:00,30.29,28.96,-0.0,1.33
2025-04-26 01:00:00-04:00,28.07,25.45,1.5,1.12
2025-04-26 02:00:00-04:00,26.41,24.09,1.26,1.06
2025-04-26 03:00:00-04:00,25.61,21.81,2.86,0.94
2025-04-26 04:00:00-04:00,26.55,22.42,3.17,0.96
2025-04-26 05:00:00-04:00,26.5,22.68,2.82,1.0
2025-04-26 06:00:00-04:00,29.29,21.11,7.23,0.95
2025-04-26 07:00:00-04:00,28.95,26.5,1.2,1.25
2025-04-26 08:00:00-04:00,32.75,31.22,-0.0,1.53
2025-04-26 09:00:00-04:00,38.35,29.79,7.1,1.46
2025-04-26 10:00:00-04:00,36.68,29.519999999999996,5.71,1.45
2025-04-26 11:00:00-04:00,38.52,26.730000000000004,10.51,1.28
2025-04-26 12:00:00-04:00,37.22,26.02999999999999,9.92,1.27
2025-04-26 13:00:00-04:00,37.74,23.11,13.5,1.13
2025-04-26 14:00:00-04:00,36.35,22.43,12.89,1.03
2025-04-26 15:00:00-04:00,39.25,19.710000000000004,18.63,0.91
2025-04-26 16:00:00-04:00,41.29,18.049999999999997,22.43,0.81
2025-04-26 17:00:00-04:00,47.68,23.85,22.76,1.07
2025-04-26 18:00:00-04:00,46.63,24.020000000000003,21.5,1.11
2025-04-26 19:00:00-04:00,46.55,30.569999999999997,14.48,1.5
2025-04-26 20:00:00-04:00,48.96,29.959999999999997,17.44,1.56
2025-04-26 21:00:00-04:00,36.15,32.39,2.21,1.55
2025-04-26 22:00:00-04:00,33.86,27.94,4.52,1.4
2025-04-26 23:00:00-04:00,31.4,22.19,8.15,1.06
2025-04-27 00:00:00-04:00,33.97,11.310000000000002,22.15,0.51
2025-04-27 01:00:00-04:00,30.6,13.200000000000005,16.82,0.58
2025-04-27 02:00:00-04:00,28.65,13.409999999999998,14.65,0.59
2025-04-27 03:00:00-04:00,29.83,13.359999999999998,15.9,0.57
2025-04-27 04:00:00-04:00,28.65,14.529999999999998,13.48,0.64
2025-04-27 05:00:00-04:00,27.66,19.39,7.44,0.83
2025-04-27 06:00:00-04:00,30.43,17.78,11.87,0.78
2025-04-27 07:00:00-04:00,27.4,21.97,4.42,1.01
2025-04-27 08:00:00-04:00,28.89,19.020000000000003,8.99,0.88
2025-04-27 09:00:00-04:00,32.1,17.150000000000002,14.14,0.81
2025-04-27 10:00:00-04:00,32.95,17.07,15.04,0.84
2025-04-27 11:00:00-04:00,32.72,14.03,18.04,0.65
2025-04-27 12:00:00-04:00,31.92,14.050000000000004,17.24,0.63
2025-04-27 13:00:00-04:00,30.04,17.54,11.73,0.77
2025-04-27 14:00:00-04:00,31.9,13.98,17.29,0.63
2025-04-27 15:00:00-04:00,31.9,13.919999999999998,17.35,0.63
2025-04-27 16:00:00-04:00,29.32,19.9,8.56,0.86
2025-04-27 17:00:00-04:00,32.32,22.299999999999997,8.97,1.05
2025-04-27 18:00:00-04:00,34.17,28.92,3.69,1.56
2025-04-27 19:00:00-04:00,41.51,39.07,0.21,2.23
2025-04-27 20:00:00-04:00,45.99,43.55,-0.0,2.44
2025-04-27 21:00:00-04:00,33.92,32.09,-0.0,1.83
2025-04-27 22:00:00-04:00,30.34,28.79,-0.0,1.55
2025-04-27 23:00:00-04:00,28.1,26.69,-0.0,1.41
2025-04-28 00:00:00-04:00,30.87,29.57,-0.0,1.3
2025-04-28 01:00:00-04:00,27.39,26.26,-0.0,1.13
2025-04-28 02:00:00-04:00,26.24,25.139999999999997,-0.0,1.1
2025-04-28 03:00:00-04:00,26.16,25.06,-0.0,1.1
2025-04-28 04:00:00-04:00,26.47,25.38,-0.0,1.09
2025-04-28 05:00:00-04:00,29.49,28.22,-0.0,1.27
2025-04-28 06:00:00-04:00,38.67,36.97,-0.0,1.7
2025-04-28 07:00:00-04:00,40.12,38.43,-0.0,1.69
2025-04-28 08:00:00-04:00,34.11,32.8,-0.0,1.31
2025-04-28 09:00:00-04:00,28.51,27.47,-0.0,1.04
2025-04-28 10:00:00-04:00,25.0,24.2,-0.0,0.8
2025-04-28 11:00:00-04:00,23.73,23.02,-0.0,0.71
2025-04-28 12:00:00-04:00,23.56,22.85,-0.0,0.71
2025-04-28 13:00:00-04:00,24.37,23.66,-0.0,0.71
2025-04-28 14:00:00-04:00,24.27,23.5,-0.0,0.77
2025-04-28 15:00:00-04:00,25.31,24.38,-0.0,0.93
2025-04-28 16:00:00-04:00,29.38,28.14,-0.0,1.24
2025-04-28 17:00:00-04:00,34.56,32.77,0.22,1.57
2025-04-28 18:00:00-04:00,46.04,39.81999999999999,4.23,1.99
2025-04-28 19:00:00-04:00,54.47,46.73,5.26,2.48
2025-04-28 20:00:00-04:00,54.47,46.65,5.26,2.56
2025-04-28 21:00:00-04:00,44.86,35.88,7.01,1.97
2025-04-28 22:00:00-04:00,37.93,27.959999999999994,8.38,1.59
2025-04-28 23:00:00-04:00,27.31,22.74,3.32,1.25
2025-04-29 00:00:00-04:00,30.74,17.389999999999997,12.46,0.89
2025-04-29 01:00:00-04:00,29.39,9.420000000000002,19.5,0.47
2025-04-29 02:00:00-04:00,27.57,11.07,15.95,0.55
2025-04-29 03:00:00-04:00,27.55,8.169999999999998,18.96,0.42
2025-04-29 04:00:00-04:00,28.61,7.849999999999998,20.35,0.41
2025-04-29 05:00:00-04:00,31.35,14.180000000000003,16.43,0.74
2025-04-29 06:00:00-04:00,50.36,16.119999999999997,33.35,0.89
2025-04-29 07:00:00-04:00,46.16,16.259999999999994,29.09,0.81
2025-04-29 08:00:00-04:00,35.22,17.489999999999995,16.89,0.84
2025-04-29 09:00:00-04:00,27.84,17.58,9.47,0.79
2025-04-29 10:00:00-04:00,27.05,18.31,7.93,0.81
2025-04-29 11:00:00-04:00,26.03,18.630000000000003,6.58,0.82
2025-04-29 12:00:00-04:00,27.59,18.84,7.88,0.87
2025-04-29 13:00:00-04:00,27.74,21.709999999999997,5.03,1.0
2025-04-29 14:00:00-04:00,29.92,25.950000000000003,2.88,1.09
2025-04-29 15:00:00-04:00,30.85,29.01,0.39,1.45
2025-04-29 16:00:00-04:00,37.07,25.74,10.09,1.24
2025-04-29 17:00:00-04:00,46.01,28.06,16.55,1.4
2025-04-29 18:00:00-04:00,52.63,29.85,21.17,1.61
2025-04-29 19:00:00-04:00,63.98,32.05,30.2,1.73
2025-04-29 20:00:00-04:00,60.71,32.9,26.0,1.81
2025-04-29 21:00:00-04:00,46.21,28.82,15.83,1.56
2025-04-29 22:00:00-04:00,37.71,25.42,10.94,1.35
2025-04-29 23:00:00-04:00,35.56,18.320000000000004,16.38,0.86
2025-04-30 00:00:00-04:00,32.55,19.519999999999996,12.07,0.96
2025-04-30 01:00:00-04:00,29.98,18.21,10.88,0.89
2025-04-30 02:00:00-04:00,28.04,18.5,8.62,0.92
2025-04-30 03:00:00-04:00,26.71,18.99,6.77,0.95
2025-04-30 04:00:00-04:00,26.18,24.96,-0.0,1.22
2025-04-30 05:00:00-04:00,30.28,28.76,-0.0,1.52
2025-04-30 06:00:00-04:00,40.53,38.45,-0.0,2.08
2025-04-30 07:00:00-04:00,44.24,42.17,-0.0,2.07
2025-04-30 08:00:00-04:00,36.63,35.09,-0.0,1.54
2025-04-30 09:00:00-04:00,31.37,30.19,-0.0,1.18
2025-04-30 10:00:00-04:00,29.51,28.49,-0.0,1.02
2025-04-30 11:00:00-04:00,28.17,27.22,-0.0,0.95
2025-04-30 12:00:00-04:00,27.38,26.56,-0.0,0.82
2025-04-30 13:00:00-04:00,26.75,25.92,-0.0,0.83
2025-04-30 14:00:00-04:00,27.09,26.2,-0.0,0.89
2025-04-30 15:00:00-04:00,28.55,27.58,-0.0,0.97
2025-04-30 16:00:00-04:00,31.41,30.2,-0.0,1.21
2025-04-30 17:00:00-04:00,41.61,40.12,-0.0,1.49
2025-04-30 18:00:00-04:00,49.19,47.07,-0.0,2.12
2025-04-30 19:00:00-04:00,54.41,52.02,-0.0,2.39
2025-04-30 20:00:00-04:00,55.09,52.620000000000005,-0.0,2.47
2025-04-30 21:00:00-04:00,44.47,42.55,-0.0,1.92
2025-04-30 22:00:00-04:00,37.53,36.02,-0.0,1.51
2025-04-30 23:00:00-04:00,32.75,31.43,-0.0,1.32
2025-05-01 00:00:00-04:00,35.73,34.449999999999996,-0.0,1.28
2025-05-01 01:00:00-04:00,29.71,28.6,-0.0,1.11
2025-05-01 02:00:00-04:00,28.45,27.38,-0.0,1.07
2025-05-01 03:00:00-04:00,28.0,26.92,-0.0,1.08
2025-05-01 04:00:00-04:00,29.66,28.46,-0.0,1.2
2025-05-01 05:00:00-04:00,35.11,33.63,-0.0,1.48
2025-05-01 06:00:00-04:00,44.92,42.940000000000005,-0.0,1.98
2025-05-01 07:00:00-04:00,46.58,44.83,-0.0,1.75
2025-05-01 08:00:00-04:00,37.09,35.800000000000004,-0.0,1.29
2025-05-01 09:00:00-04:00,32.03,31.1,-0.0,0.93
2025-05-01 10:00:00-04:00,29.75,28.91,-0.0,0.84
2025-05-01 11:00:00-04:00,28.12,27.380000000000003,-0.0,0.74
2025-05-01 12:00:00-04:00,27.81,27.049999999999997,-0.0,0.76
2025-05-01 13:00:00-04:00,28.49,27.69,-0.0,0.8
2025-05-01 14:00:00-04:00,29.47,28.58,-0.0,0.89
2025-05-01 15:00:00-04:00,31.37,30.4,-0.0,0.97
2025-05-01 16:00:00-04:00,34.57,33.37,-0.0,1.2
2025-05-01 17:00:00-04:00,39.63,38.14,-0.0,1.49
2025-05-01 18:00:00-04:00,45.93,44.03,0.01,1.89
2025-05-01 19:00:00-04:00,56.49,50.84,3.11,2.54
2025-05-01 20:00:00-04:00,51.84,47.02,2.38,2.44
2025-05-01 21:00:00-04:00,39.82,37.89,-0.0,1.93
2025-05-01 22:00:00-04:00,34.19,32.47,-0.0,1.72
2025-05-01 23:00:00-04:00,31.98,30.54,-0.0,1.44
2025-05-02 00:00:00-04:00,32.5,31.1,-0.0,1.4
2025-05-02 01:00:00-04:00,27.76,26.46,-0.0,1.3
2025-05-02 02:00:00-04:00,26.55,25.29,-0.0,1.26
2025-05-02 03:00:00-04:00,25.78,24.58,-0.0,1.2
2025-05-02 04:00:00-04:00,26.5,25.24,-0.0,1.26
2025-05-02 05:00:00-04:00,29.81,28.39,-0.0,1.42
2025-05-02 06:00:00-04:00,38.95,36.99,-0.0,1.96
2025-05-02 07:00:00-04:00,43.43,41.21,-0.0,2.22
2025-05-02 08:00:00-04:00,40.97,38.95,-0.0,2.02
2025-05-02 09:00:00-04:00,39.82,37.89,-0.0,1.93
2025-05-02 10:00:00-04:00,36.5,34.76,-0.0,1.74
2025-05-02 11:00:00-04:00,35.35,33.76,-0.0,1.59
2025-05-02 12:00:00-04:00,34.93,33.36,-0.0,1.57
2025-05-02 13:00:00-04:00,34.51,32.96,-0.0,1.55
2025-05-02 14:00:00-04:00,36.65,34.97,-0.0,1.68
2025-05-02 15:00:00-04:00,36.5,34.73,-0.0,1.77
2025-05-02 16:00:00-04:00,39.14,37.21,-0.0,1.93
2025-05-02 17:00:00-04:00,48.62,42.98,3.32,2.32
2025-05-02 18:00:00-04:00,54.92,51.43,0.4,3.09
2025-05-02 19:00:00-04:00,59.13,55.89,-0.0,3.24
2025-05-02 20:00:00-04:00,59.91,56.52,-0.0,3.39
2025-05-02 21:00:00-04:00,47.96,45.33,-0.0,2.63
2025-05-02 22:00:00-04:00,41.05,39.02,-0.0,2.03
2025-05-02 23:00:00-04:00,36.33,34.699999999999996,-0.0,1.63
2025-05-03 00:00:00-04:00,40.82,39.1,-0.0,1.72
2025-05-03 01:00:00-04:00,34.14,32.67,-0.0,1.47
2025-05-03 02:00:00-04:00,30.34,29.06,-0.0,1.28
2025-05-03 03:00:00-04:00,29.6,28.35,-0.0,1.25
2025-05-03 04:00:00-04:00,29.64,28.45,-0.0,1.19
2025-05-03 05:00:00-04:00,30.66,29.34,-0.0,1.32
2025-05-03 06:00:00-04:00,33.29,32.04,-0.0,1.25
2025-05-03 07:00:00-04:00,40.85,39.55,-0.0,1.3
2025-05-03 08:00:00-04:00,38.57,37.37,-0.0,1.2
2025-05-03 09:00:00-04:00,38.12,36.97,-0.0,1.15
2025-05-03 10:00:00-04:00,37.38,36.25,-0.0,1.13
2025-05-03 11:00:00-04:00,38.42,37.23,-0.0,1.19
2025-05-03 12:00:00-04:00,37.65,36.34,-0.0,1.31
2025-05-03 13:00:00-04:00,38.15,36.79,-0.0,1.36
2025-05-03 14:00:00-04:00,40.22,38.75,-0.0,1.47
2025-05-03 15:00:00-04:00,45.35,43.6,-0.0,1.75
2025-05-03 16:00:00-04:00,49.18,47.15,-0.0,2.03
2025-05-03 17:00:00-04:00,52.97,50.879999999999995,-0.0,2.09
2025-05-03 18:00:00-04:00,58.52,55.89,-0.0,2.63
2025-05-03 19:00:00-04:00,58.45,55.830000000000005,-0.0,2.62
2025-05-03 20:00:00-04:00,56.0,53.69,-0.0,2.31
2025-05-03 21:00:00-04:00,50.17,48.33,-0.0,1.84
2025-05-03 22:00:00-04:00,45.12,43.47,-0.0,1.65
2025-05-03 23:00:00-04:00,40.55,39.22,-0.0,1.33
2025-05-04 00:00:00-04:00,41.49,39.93,-0.0,1.56
2025-05-04 01:00:00-04:00,32.54,31.26,-0.0,1.28
2025-05-04 02:00:00-04:00,32.98,31.65,-0.0,1.33
2025-05-04 03:00:00-04:00,31.35,30.09,-0.0,1.26
2025-05-04 04:00:00-04:00,31.06,29.84,-0.0,1.22
2025-05-04 05:00:00-04:00,31.58,30.34,-0.0,1.24
2025-05-04 06:00:00-04:00,29.79,28.54,-0.0,1.25
2025-05-04 07:00:00-04:00,31.22,29.959999999999997,-0.0,1.26
2025-05-04 08:00:00-04:00,32.53,31.19,-0.0,1.34
2025-05-04 09:00:00-04:00,35.86,34.31,-0.0,1.55
2025-05-04 10:00:00-04:00,34.74,33.24,-0.0,1.5
2025-05-04 11:00:00-04:00,36.17,34.58,-0.0,1.59
2025-05-04 12:00:00-04:00,36.6,34.99,-0.0,1.61
2025-05-04 13:00:00-04:00,37.37,35.73,-0.0,1.64
2025-05-04 14:00:00-04:00,36.55,34.839999999999996,-0.0,1.71
2025-05-04 15:00:00-04:00,38.95,37.1,-0.0,1.85
2025-05-04 16:00:00-04:00,41.87,38.88,1.08,1.91
2025-05-04 17:00:00-04:00,48.15,35.82,10.61,1.72
2025-05-04 18:00:00-04:00,49.59,45.120000000000005,2.17,2.3
2025-05-04 19:00:00-04:00,51.65,48.33,0.81,2.51
2025-05-04 20:00:00-04:00,49.88,44.67,2.8,2.41
2025-05-04 21:00:00-04:00,42.63,39.88,0.64,2.11
2025-05-04 22:00:00-04:00,38.19,34.25,2.26,1.68
2025-05-04 23:00:00-04:00,35.92,32.260000000000005,2.11,1.55
2025-05-05 00:00:00-04:00,34.63,33.230000000000004,-0.0,1.4
2025-05-05 01:00:00-04:00,30.59,29.16,-0.0,1.43
2025-05-05 02:00:00-04:00,31.0,27.62,2.05,1.33
2025-05-05 03:00:00-04:00,30.65,29.27,-0.0,1.38
2025-05-05 04:00:00-04:00,32.16,30.719999999999995,-0.0,1.44
2025-05-05 05:00:00-04:00,35.33,33.739999999999995,-0.0,1.59
2025-05-05 06:00:00-04:00,42.7,40.74,-0.0,1.96
2025-05-05 07:00:00-04:00,45.33,43.25,-0.0,2.08
2025-05-05 08:00:00-04:00,46.6,40.830000000000005,3.65,2.12
2025-05-05 09:00:00-04:00,48.47,41.05,5.37,2.05
2025-05-05 10:00:00-04:00,49.13,38.79,8.32,2.02
2025-05-05 11:00:00-04:00,44.21,42.26,-0.0,1.95
2025-05-05 12:00:00-04:00,42.81,40.89,-0.0,1.92
2025-05-05 13:00:00-04:00,41.39,39.49,-0.0,1.9
2025-05-05 14:00:00-04:00,40.46,38.64,-0.0,1.82
2025-05-05 15:00:00-04:00,44.13,41.3,0.81,2.02
2025-05-05 16:00:00-04:00,45.8,41.459999999999994,2.35,1.99
2025-05-05 17:00:00-04:00,46.99,43.440000000000005,1.55,2.0
2025-05-05 18:00:00-04:00,51.51,48.2,1.0,2.31
2025-05-05 19:00:00-04:00,54.08,50.43,1.23,2.42
2025-05-05 20:00:00-04:00,51.85,48.35,1.18,2.32
2025-05-05 21:00:00-04:00,44.28,41.099999999999994,1.09,2.09
2025-05-05 22:00:00-04:00,38.5,36.6,-0.0,1.9
2025-05-05 23:00:00-04:00,34.74,33.06,-0.0,1.68
2025-05-06 00:00:00-04:00,34.43,32.92,-0.0,1.51
2025-05-06 01:00:00-04:00,31.51,30.07,-0.0,1.44
2025-05-06 02:00:00-04:00,29.85,27.86,0.6,1.39
2025-05-06 03:00:00-04:00,30.0,28.57,-0.0,1.43
2025-05-06 04:00:00-04:00,30.27,28.88,-0.0,1.39
2025-05-06 05:00:00-04:00,33.81,32.230000000000004,-0.0,1.58
2025-05-06 06:00:00-04:00,43.33,41.42,-0.0,1.91
2025-05-06 07:00:00-04:00,46.41,44.33,-0.0,2.08
2025-05-06 08:00:00-04:00,46.86,44.89,-0.0,1.97
2025-05-06 09:00:00-04:00,43.52,41.73,-0.0,1.79
2025-05-06 10:00:00-04:00,45.0,43.23,-0.0,1.77
2025-05-06 11:00:00-04:00,42.78,41.09,-0.0,1.69
2025-05-06 12:00:00-04:00,42.07,40.49,-0.0,1.58
2025-05-06 13:00:00-04:00,41.54,39.94,-0.0,1.6
2025-05-06 14:00:00-04:00,42.82,41.17,-0.0,1.65
2025-05-06 15:00:00-04:00,43.53,41.9,-0.0,1.63
2025-05-06 16:00:00-04:00,46.28,44.54,-0.0,1.74
2025-05-06 17:00:00-04:00,53.0,51.01,-0.0,1.99
2025-05-06 18:00:00-04:00,55.79,53.8,-0.0,1.99
2025-05-06 19:00:00-04:00,57.57,55.41,-0.0,2.16
2025-05-06 20:00:00-04:00,58.19,56.169999999999995,-0.0,2.02
2025-05-06 21:00:00-04:00,47.61,45.87,-0.0,1.74
2025-05-06 22:00:00-04:00,40.9,39.14,-0.0,1.76
2025-05-06 23:00:00-04:00,36.41,34.98,-0.0,1.43
2025-05-07 00:00:00-04:00,37.62,36.169999999999995,-0.0,1.45
2025-05-07 01:00:00-04:00,32.98,31.469999999999995,-0.0,1.51
2025-05-07 02:00:00-04:00,31.01,29.53,-0.0,1.48
2025-05-07 03:00:00-04:00,29.6,28.24,-0.0,1.36
2025-05-07 04:00:00-04:00,31.76,30.51,-0.0,1.25
2025-05-07 05:00:00-04:00,36.69,35.379999999999995,-0.0,1.31
2025-05-07 06:00:00-04:00,46.99,45.31,-0.0,1.68
2025-05-07 07:00:00-04:00,52.29,50.28,-0.0,2.01
2025-05-07 08:00:00-04:00,48.1,46.38,-0.0,1.72
2025-05-07 09:00:00-04:00,45.8,44.209999999999994,-0.0,1.59
2025-05-07 10:00:00-04:00,42.82,41.41,-0.0,1.41
2025-05-07 11:00:00-04:00,40.58,39.32,-0.0,1.26
2025-05-07 12:00:00-04:00,39.71,38.48,-0.0,1.23
2025-05-07 13:00:00-04:00,39.17,37.99,-0.0,1.18
2025-05-07 14:00:00-04:00,39.03,37.89,-0.0,1.14
2025-05-07 15:00:00-04:00,41.57,40.16,-0.0,1.41
2025-05-07 16:00:00-04:00,44.65,43.14,-0.0,1.51
2025-05-07 17:00:00-04:00,50.62,48.72,-0.0,1.9
2025-05-07 18:00:00-04:00,57.53,54.260000000000005,0.83,2.44
2025-05-07 19:00:00-04:00,60.89,57.94,-0.0,2.95
2025-05-07 20:00:00-04:00,63.3,60.23,-0.0,3.07
2025-05-07 21:00:00-04:00,51.83,49.739999999999995,-0.0,2.09
2025-05-07 22:00:00-04:00,44.68,43.04,-0.0,1.64
2025-05-07 23:00:00-04:00,36.84,35.660000000000004,-0.0,1.18
2025-05-08 00:00:00-04:00,39.77,38.61000000000001,-0.0,1.16
2025-05-08 01:00:00-04:00,31.32,30.29,-0.0,1.03
2025-05-08 02:00:00-04:00,31.34,30.28,-0.0,1.06
2025-05-08 03:00:00-04:00,30.4,29.4,-0.0,1.0
2025-05-08 04:00:00-04:00,31.63,30.56,-0.0,1.07
2025-05-08 05:00:00-04:00,35.27,34.080000000000005,-0.0,1.19
2025-05-08 06:00:00-04:00,45.62,43.989999999999995,-0.0,1.63
2025-05-08 07:00:00-04:00,48.61,46.92,-0.0,1.69
2025-05-08 08:00:00-04:00,45.36,44.04,-0.0,1.32
2025-05-08 09:00:00-04:00,39.31,38.39,-0.0,0.92
2025-05-08 10:00:00-04:00,38.03,37.07,-0.0,0.96
2025-05-08 11:00:00-04:00,37.29,36.31,-0.0,0.98
2025-05-08 12:00:00-04:00,36.38,35.46,-0.0,0.92
2025-05-08 13:00:00-04:00,36.73,35.69,-0.0,1.04
2025-05-08 14:00:00-04:00,35.7,34.78,-0.12,1.04
2025-05-08 15:00:00-04:00,38.37,37.26,-0.01,1.12
2025-05-08 16:00:00-04:00,43.47,42.08,-0.0,1.39
2025-05-08 17:00:00-04:00,48.55,46.95,-0.0,1.6
2025-05-08 18:00:00-04:00,54.66,52.76,-0.0,1.9
2025-05-08 19:00:00-04:00,57.19,55.419999999999995,-0.0,1.77
2025-05-08 20:00:00-04:00,57.2,55.16,-0.0,2.04
2025-05-08 21:00:00-04:00,48.86,47.07,-0.0,1.79
2025-05-08 22:00:00-04:00,41.82,40.37,-0.0,1.45
2025-05-08 23:00:00-04:00,35.26,34.14,-0.0,1.12
2025-05-09 00:00:00-04:00,34.57,33.3,-0.0,1.27
2025-05-09 01:00:00-04:00,30.53,29.33,-0.0,1.2
2025-05-09 02:00:00-04:00,29.13,27.98,-0.0,1.15
2025-05-09 03:00:00-04:00,28.29,27.18,-0.0,1.11
2025-05-09 04:00:00-04:00,29.22,28.04,-0.0,1.18
2025-05-09 05:00:00-04:00,32.23,31.049999999999997,-0.0,1.18
2025-05-09 06:00:00-04:00,40.58,39.02,-0.0,1.56
2025-05-09 07:00:00-04:00,43.68,41.76,-0.0,1.92
2025-05-09 08:00:00-04:00,46.04,44.01,-0.0,2.03
2025-05-09 09:00:00-04:00,42.62,40.629999999999995,-0.0,1.99
2025-05-09 10:00:00-04:00,40.78,38.95,-0.0,1.83
2025-05-09 11:00:00-04:00,39.59,37.81,-0.0,1.78
2025-05-09 12:00:00-04:00,38.94,37.23,-0.0,1.71
2025-05-09 13:00:00-04:00,38.32,36.63,-0.0,1.69
2025-05-09 14:00:00-04:00,37.97,36.27,-0.0,1.7
2025-05-09 15:00:00-04:00,38.3,36.61,-0.0,1.69
2025-05-09 16:00:00-04:00,41.78,39.83,-0.0,1.95
2025-05-09 17:00:00-04:00,42.16,40.34,-0.0,1.82
2025-05-09 18:00:00-04:00,45.58,43.66,-0.0,1.92
2025-05-09 19:00:00-04:00,47.85,45.92,-0.0,1.93
2025-05-09 20:00:00-04:00,49.24,47.21,-0.0,2.03
2025-05-09 21:00:00-04:00,40.84,39.16,-0.0,1.68
2025-05-09 22:00:00-04:00,36.8,35.25,-0.0,1.55
2025-05-09 23:00:00-04:00,34.96,33.550000000000004,-0.0,1.41
2025-05-10 00:00:00-04:00,34.62,33.419999999999995,-0.0,1.2
2025-05-10 01:00:00-04:00,32.9,31.729999999999997,-0.0,1.17
2025-05-10 02:00:00-04:00,30.37,29.29,-0.0,1.08
2025-05-10 03:00:00-04:00,30.09,28.96,-0.0,1.13
2025-05-10 04:00:00-04:00,29.43,28.33,-0.0,1.1
2025-05-10 05:00:00-04:00,31.16,29.93,-0.0,1.23
2025-05-10 06:00:00-04:00,32.1,30.860000000000003,-0.0,1.24
2025-05-10 07:00:00-04:00,31.81,30.5,-0.0,1.31
2025-05-10 08:00:00-04:00,30.75,28.1,1.52,1.13
2025-05-10 09:00:00-04:00,30.21,24.75,4.5,0.96
2025-05-10 10:00:00-04:00,28.82,22.42,5.5,0.9
2025-05-10 11:00:00-04:00,27.56,20.22,6.57,0.77
2025-05-10 12:00:00-04:00,27.72,20.61,6.35,0.76
2025-05-10 13:00:00-04:00,27.21,20.200000000000003,6.26,0.75
2025-05-10 14:00:00-04:00,26.91,21.08,5.07,0.76
2025-05-10 15:00:00-04:00,26.95,21.15,5.04,0.76
2025-05-10 16:00:00-04:00,32.17,20.57,10.84,0.76
2025-05-10 17:00:00-04:00,32.09,30.440000000000005,0.4,1.25
2025-05-10 18:00:00-04:00,38.49,36.8,-0.0,1.69
2025-05-10 19:00:00-04:00,43.3,41.39,-0.0,1.91
2025-05-10 20:00:00-04:00,46.65,44.56,-0.0,2.09
2025-05-10 21:00:00-04:00,39.91,38.19,-0.0,1.72
2025-05-10 22:00:00-04:00,34.5,32.98,-0.0,1.52
2025-05-10 23:00:00-04:00,31.84,30.53,-0.0,1.31
2025-05-11 00:00:00-04:00,32.72,28.7,2.82,1.2
2025-05-11 01:00:00-04:00,30.0,24.71,4.25,1.04
2025-05-11 02:00:00-04:00,27.16,24.27,1.87,1.02
2025-05-11 03:00:00-04:00,26.23,23.77,1.46,1.0
2025-05-11 04:00:00-04:00,27.85,25.43,1.35,1.07
2025-05-11 05:00:00-04:00,29.26,27.500000000000004,0.58,1.18
2025-05-11 06:00:00-04:00,29.92,28.74,-0.0,1.18
2025-05-11 07:00:00-04:00,29.03,27.19,0.81,1.03
2025-05-11 08:00:00-04:00,25.73,24.88,-0.0,0.85
2025-05-11 09:00:00-04:00,22.35,21.72,-0.0,0.63
2025-05-11 10:00:00-04:00,20.77,20.21,-0.0,0.56
2025-05-11 11:00:00-04:00,19.86,18.339999999999996,1.01,0.51
2025-05-11 12:00:00-04:00,19.98,16.119999999999997,3.44,0.42
2025-05-11 13:00:00-04:00,19.19,18.55,0.2,0.44
2025-05-11 14:00:00-04:00,21.33,12.27,8.75,0.31
2025-05-11 15:00:00-04:00,20.95,15.26,5.26,0.43
2025-05-11 16:00:00-04:00,26.52,17.119999999999997,8.89,0.51
2025-05-11 17:00:00-04:00,29.73,28.11,0.55,1.07
2025-05-11 18:00:00-04:00,38.56,37.04,-0.0,1.52
2025-05-11 19:00:00-04:00,47.52,45.650000000000006,-0.0,1.87
2025-05-11 20:00:00-04:00,50.81,49.05,-0.0,1.76
2025-05-11 21:00:00-04:00,43.82,42.3,-0.0,1.52
2025-05-11 22:00:00-04:00,36.84,35.56,-0.0,1.28
2025-05-11 23:00:00-04:00,32.27,31.15,-0.0,1.12
2025-05-12 00:00:00-04:00,28.78,27.75,-0.0,1.03
2025-05-12 01:00:00-04:00,22.23,21.31,-0.0,0.92
2025-05-12 02:00:00-04:00,21.04,19.96,0.22,0.86
2025-05-12 03:00:00-04:00,20.9,20.06,-0.0,0.84
2025-05-12 04:00:00-04:00,23.37,22.540000000000003,-0.0,0.83
2025-05-12 05:00:00-04:00,30.93,29.88,-0.0,1.05
2025-05-12 06:00:00-04:00,36.72,35.51,-0.0,1.21
2025-05-12 07:00:00-04:00,38.83,37.55,-0.0,1.28
2025-05-12 08:00:00-04:00,35.61,34.64,-0.0,0.97
2025-05-12 09:00:00-04:00,30.35,29.700000000000003,-0.0,0.65
2025-05-12 10:00:00-04:00,29.27,28.59,-0.0,0.68
2025-05-12 11:00:00-04:00,27.4,26.81,-0.0,0.59
2025-05-12 12:00:00-04:00,26.16,25.5,-0.03,0.69
2025-05-12 13:00:00-04:00,26.72,25.959999999999997,-0.02,0.78
2025-05-12 14:00:00-04:00,26.71,25.950000000000003,-0.05,0.81
2025-05-12 15:00:00-04:00,29.01,28.06,-0.0,0.95
2025-05-12 16:00:00-04:00,34.05,32.989999999999995,-0.0,1.06
2025-05-12 17:00:00-04:00,44.07,43.25,-0.0,0.82
2025-05-12 18:00:00-04:00,52.47,51.24,-0.0,1.23
2025-05-12 19:00:00-04:00,57.19,55.53,-0.0,1.66
2025-05-12 20:00:00-04:00,57.41,55.58,-0.0,1.83
2025-05-12 21:00:00-04:00,48.88,47.64,-0.0,1.24
2025-05-12 22:00:00-04:00,40.19,39.02,-0.0,1.17
2025-05-12 23:00:00-04:00,33.19,32.129999999999995,-0.0,1.06
2025-05-13 00:00:00-04:00,30.81,29.6,-0.0,1.21
2025-05-13 01:00:00-04:00,28.16,26.95,-0.0,1.21
2025-05-13 02:00:00-04:00,26.84,25.71,-0.0,1.13
2025-05-13 03:00:00-04:00,26.86,25.78,-0.0,1.08
2025-05-13 04:00:00-04:00,28.83,27.909999999999997,-0.0,0.92
2025-05-13 05:00:00-04:00,31.87,30.82,-0.0,1.05
2025-05-13 06:00:00-04:00,39.58,38.21,-0.0,1.37
2025-05-13 07:00:00-04:00,40.02,38.59,-0.0,1.43
2025-05-13 08:00:00-04:00,38.99,37.93,-0.0,1.06
2025-05-13 09:00:00-04:00,36.04,35.199999999999996,-0.0,0.84
2025-05-13 10:00:00-04:00,36.54,35.58,-0.0,0.96
2025-05-13 11:00:00-04:00,35.56,34.56,-0.0,1.0
2025-05-13 12:00:00-04:00,34.66,33.75,-0.0,0.91
2025-05-13 13:00:00-04:00,35.63,34.59,-0.0,1.04
2025-05-13 14:00:00-04:00,37.32,36.16,-0.0,1.16
2025-05-13 15:00:00-04:00,39.24,38.02,-0.0,1.22
2025-05-13 16:00:00-04:00,42.4,40.93,-0.0,1.47
2025-05-13 17:00:00-04:00,49.46,47.69,-0.0,1.77
2025-05-13 18:00:00-04:00,52.09,50.080000000000005,-0.0,2.01
2025-05-13 19:00:00-04:00,53.88,51.71,-0.0,2.17
2025-05-13 20:00:00-04:00,52.91,50.779999999999994,-0.0,2.13
2025-05-13 21:00:00-04:00,43.76,42.12,-0.0,1.64
2025-05-13 22:00:00-04:00,35.35,33.89,-0.0,1.46
2025-05-13 23:00:00-04:00,34.36,28.419999999999995,4.6,1.34
2025-05-14 00:00:00-04:00,33.96,22.06,10.86,1.04
2025-05-14 01:00:00-04:00,32.07,18.61,12.6,0.86
2025-05-14 02:00:00-04:00,29.75,19.15,9.7,0.9
2025-05-14 03:00:00-04:00,29.56,16.63,12.16,0.77
2025-05-14 04:00:00-04:00,30.11,20.15,9.03,0.93
2025-05-14 05:00:00-04:00,29.81,28.47,-0.0,1.34
2025-05-14 06:00:00-04:00,35.55,34.279999999999994,-0.0,1.27
2025-05-14 07:00:00-04:00,40.77,39.83,-0.69,1.63
2025-05-14 08:00:00-04:00,41.18,39.85,-0.22,1.55
2025-05-14 09:00:00-04:00,39.69,38.419999999999995,-0.0,1.27
2025-05-14 10:00:00-04:00,38.88,37.6,-0.04,1.32
2025-05-14 11:00:00-04:00,37.95,36.690000000000005,-0.1,1.36
2025-05-14 12:00:00-04:00,37.76,36.54,-0.02,1.24
2025-05-14 13:00:00-04:00,38.48,37.2,-0.06,1.34
2025-05-14 14:00:00-04:00,39.33,37.97,-0.0,1.36
2025-05-14 15:00:00-04:00,40.85,39.48,-0.01,1.38
2025-05-14 16:00:00-04:00,42.56,41.24,-0.21,1.53
2025-05-14 17:00:00-04:00,47.24,45.47,-0.0,1.77
2025-05-14 18:00:00-04:00,50.5,48.7,-0.0,1.8
2025-05-14 19:00:00-04:00,54.52,52.42,-0.0,2.1
2025-05-14 20:00:00-04:00,53.15,51.16,-0.0,1.99
2025-05-14 21:00:00-04:00,47.8,46.05,-0.0,1.75
2025-05-14 22:00:00-04:00,37.6,35.95,-0.0,1.65
2025-05-14 23:00:00-04:00,34.84,33.18000000000001,-0.0,1.66
2025-05-15 00:00:00-04:00,29.73,28.45,-0.0,1.28
2025-05-15 01:00:00-04:00,26.44,25.3,-0.0,1.14
2025-05-15 02:00:00-04:00,26.84,25.63,-0.0,1.21
2025-05-15 03:00:00-04:00,25.97,24.799999999999997,-0.0,1.17
2025-05-15 04:00:00-04:00,25.69,24.56,-0.0,1.13
2025-05-15 05:00:00-04:00,30.84,29.57,-0.0,1.27
2025-05-15 06:00:00-04:00,38.31,36.84,-0.0,1.47
2025-05-15 07:00:00-04:00,42.57,40.93,-0.0,1.64
2025-05-15 08:00:00-04:00,43.77,42.09,-0.0,1.68
2025-05-15 09:00:00-04:00,41.21,39.82,-0.0,1.39
2025-05-15 10:00:00-04:00,38.81,37.57,-0.0,1.24
2025-05-15 11:00:00-04:00,39.18,37.93,-0.0,1.25
2025-05-15 12:00:00-04:00,36.92,35.64,-0.0,1.28
2025-05-15 13:00:00-04:00,38.38,37.080000000000005,-0.0,1.3
2025-05-15 14:00:00-04:00,40.28,38.92,-0.0,1.36
2025-05-15 15:00:00-04:00,41.45,39.970000000000006,-0.0,1.48
2025-05-15 16:00:00-04:00,45.12,43.43,-0.0,1.69
2025-05-15 17:00:00-04:00,49.64,47.87,-0.0,1.77
2025-05-15 18:00:00-04:00,54.22,52.34,-0.0,1.88
2025-05-15 19:00:00-04:00,57.47,55.42,-0.0,2.05
2025-05-15 20:00:00-04:00,57.52,55.41,-0.0,2.11
2025-05-15 21:00:00-04:00,49.52,47.71,-0.0,1.81
2025-05-15 22:00:00-04:00,42.17,40.55,-0.0,1.62
2025-05-15 23:00:00-04:00,36.99,35.71,-0.0,1.28
2025-05-16 00:00:00-04:00,33.75,32.73,-0.0,1.02
2025-05-16 01:00:00-04:00,29.38,28.14,-0.0,1.24
2025-05-16 02:00:00-04:00,25.56,24.369999999999997,-0.0,1.19
2025-05-16 03:00:00-04:00,23.09,22.01,-0.0,1.08
2025-05-16 04:00:00-04:00,26.79,25.56,-0.0,1.23
2025-05-16 05:00:00-04:00,32.9,31.79,-0.0,1.11
2025-05-16 06:00:00-04:00,38.65,37.53,-0.0,1.12
2025-05-16 07:00:00-04:00,41.41,40.05,-0.0,1.36
2025-05-16 08:00:00-04:00,41.64,40.47,-0.0,1.17
2025-05-16 09:00:00-04:00,40.27,39.290000000000006,-0.0,0.98
2025-05-16 10:00:00-04:00,39.38,38.53,-0.0,0.85
2025-05-16 11:00:00-04:00,39.38,38.53,-0.0,0.85
2025-05-16 12:00:00-04:00,38.24,37.53,-0.11,0.82
2025-05-16 13:00:00-04:00,39.27,38.56,-0.25,0.96
2025-05-16 14:00:00-04:00,40.19,39.62,-0.46,1.03
2025-05-16 15:00:00-04:00,42.45,41.84,-0.52,1.13
2025-05-16 16:00:00-04:00,51.39,49.7,-0.0,1.69
2025-05-16 17:00:00-04:00,55.75,54.25,-0.02,1.52
2025-05-16 18:00:00-04:00,57.19,55.47,-0.0,1.72
2025-05-16 19:00:00-04:00,57.64,55.58,-0.0,2.06
2025-05-16 20:00:00-04:00,55.88,53.99,-0.0,1.89
2025-05-16 21:00:00-04:00,48.61,47.01,-0.0,1.6
2025-05-16 22:00:00-04:00,40.63,39.220000000000006,-0.0,1.41
2025-05-16 23:00:00-04:00,35.25,33.8,-0.0,1.45
2025-05-17 00:00:00-04:00,32.26,30.869999999999997,-0.0,1.39
2025-05-17 01:00:00-04:00,29.0,27.67,-0.0,1.33
2025-05-17 02:00:00-04:00,27.45,26.02,0.21,1.22
2025-05-17 03:00:00-04:00,25.55,24.43,-0.0,1.12
2025-05-17 04:00:00-04:00,25.6,24.450000000000003,-0.0,1.15
2025-05-17 05:00:00-04:00,27.32,23.35,3.01,0.96
2025-05-17 06:00:00-04:00,29.78,25.1,3.67,1.01
2025-05-17 07:00:00-04:00,27.75,24.63,2.09,1.03
2025-05-17 08:00:00-04:00,32.63,22.410000000000004,9.26,0.96
2025-05-17 09:00:00-04:00,32.76,24.339999999999996,7.35,1.07
2025-05-17 10:00:00-04:00,32.59,25.96,5.51,1.12
2025-05-17 11:00:00-04:00,32.15,27.139999999999997,3.87,1.14
2025-05-17 12:00:00-04:00,33.37,27.43,4.79,1.15
2025-05-17 13:00:00-04:00,34.38,25.260000000000005,8.11,1.01
2025-05-17 14:00:00-04:00,39.04,22.74,15.37,0.93
2025-05-17 15:00:00-04:00,41.13,22.55,17.66,0.92
2025-05-17 16:00:00-04:00,45.61,27.85,16.59,1.17
2025-05-17 17:00:00-04:00,49.47,29.889999999999997,18.3,1.28
2025-05-17 18:00:00-04:00,55.0,30.76,22.85,1.39
2025-05-17 19:00:00-04:00,59.61,30.639999999999997,27.62,1.35
2025-05-17 20:00:00-04:00,57.41,34.67999999999999,21.17,1.56
2025-05-17 21:00:00-04:00,51.03,29.13,20.7,1.2
2025-05-17 22:00:00-04:00,42.35,32.17,8.89,1.29
2025-05-17 23:00:00-04:00,38.3,24.219999999999995,13.16,0.92
2025-05-18 00:00:00-04:00,33.83,16.429999999999996,16.69,0.71
2025-05-18 01:00:00-04:00,27.53,13.98,12.95,0.6
2025-05-18 02:00:00-04:00,23.77,12.77,10.45,0.55
2025-05-18 03:00:00-04:00,23.59,12.96,10.06,0.57
2025-05-18 04:00:00-04:00,23.44,11.160000000000002,11.78,0.5
2025-05-18 05:00:00-04:00,26.02,7.02,18.73,0.27
2025-05-18 06:00:00-04:00,24.92,10.200000000000005,14.34,0.38
2025-05-18 07:00:00-04:00,23.06,10.2,12.52,0.34
2025-05-18 08:00:00-04:00,23.43,9.51,13.62,0.3
2025-05-18 09:00:00-04:00,22.92,10.43,12.15,0.34
2025-05-18 10:00:00-04:00,24.27,10.64,13.27,0.36
2025-05-18 11:00:00-04:00,24.13,12.95,10.75,0.43
2025-05-18 12:00:00-04:00,28.09,14.89,12.71,0.49
2025-05-18 13:00:00-04:00,29.65,10.52,18.77,0.36
2025-05-18 14:00:00-04:00,30.53,12.94,17.12,0.47
2025-05-18 15:00:00-04:00,33.48,14.149999999999997,18.81,0.52
2025-05-18 16:00:00-04:00,35.38,16.369999999999997,18.42,0.59
2025-05-18 17:00:00-04:00,41.72,21.08,19.86,0.78
2025-05-18 18:00:00-04:00,44.73,20.969999999999995,22.94,0.82
2025-05-18 19:00:00-04:00,47.69,23.33,23.36,1.0
2025-05-18 20:00:00-04:00,47.31,24.110000000000003,22.16,1.04
2025-05-18 21:00:00-04:00,36.25,25.26,9.95,1.04
2025-05-18 22:00:00-04:00,29.89,28.74,-0.0,1.15
2025-05-18 23:00:00-04:00,31.14,18.17,12.26,0.71
2025-05-19 00:00:00-04:00,24.83,22.889999999999997,1.12,0.82
2025-05-19 01:00:00-04:00,21.19,18.26,2.27,0.66
2025-05-19 02:00:00-04:00,20.12,16.83,2.69,0.6
2025-05-19 03:00:00-04:00,18.9,17.15,1.11,0.64
2025-05-19 04:00:00-04:00,20.18,16.43,3.13,0.62
2025-05-19 05:00:00-04:00,21.55,20.66,-0.0,0.89
2025-05-19 06:00:00-04:00,30.93,29.68,-0.0,1.25
2025-05-19 07:00:00-04:00,32.84,32.89,-1.56,1.51
2025-05-19 08:00:00-04:00,30.04,30.24,-1.32,1.12
2025-05-19 09:00:00-04:00,27.18,28.1,-1.68,0.76
2025-05-19 10:00:00-04:00,28.72,30.159999999999997,-2.13,0.69
2025-05-19 11:00:00-04:00,29.59,31.54,-2.61,0.66
2025-05-19 12:00:00-04:00,28.95,30.729999999999997,-2.49,0.71
2025-05-19 13:00:00-04:00,27.8,29.19,-2.24,0.85
2025-05-19 14:00:00-04:00,24.95,25.98,-1.91,0.88
2025-05-19 15:00:00-04:00,27.17,28.28,-2.04,0.93
2025-05-19 16:00:00-04:00,34.3,36.29,-2.86,0.87
2025-05-19 17:00:00-04:00,43.25,45.7,-3.59,1.14
2025-05-19 18:00:00-04:00,50.22,52.27,-3.67,1.62
2025-05-19 19:00:00-04:00,47.71,46.690000000000005,-0.71,1.73
2025-05-19 20:00:00-04:00,48.27,47.3,-0.73,1.7
2025-05-19 21:00:00-04:00,40.23,39.23,-0.37,1.37
2025-05-19 22:00:00-04:00,33.26,32.41,-0.19,1.04
2025-05-19 23:00:00-04:00,30.13,29.25,-0.0,0.88
2025-05-20 00:00:00-04:00,26.75,25.97,-0.0,0.78
2025-05-20 01:00:00-04:00,24.12,23.39,-0.0,0.73
2025-05-20 02:00:00-04:00,22.97,22.28,-0.0,0.69
2025-05-20 03:00:00-04:00,22.42,21.790000000000003,-0.0,0.63
2025-05-20 04:00:00-04:00,23.87,23.2,-0.0,0.67
2025-05-20 05:00:00-04:00,28.45,27.65,-0.0,0.8
2025-05-20 06:00:00-04:00,35.33,34.33,-0.0,1.0
2025-05-20 07:00:00-04:00,36.37,35.379999999999995,-0.0,0.99
2025-05-20 08:00:00-04:00,30.22,29.51,-0.0,0.71
2025-05-20 09:00:00-04:00,26.76,26.21,-0.0,0.55
2025-05-20 10:00:00-04:00,27.65,27.08,-0.0,0.57
2025-05-20 11:00:00-04:00,27.14,26.61,-0.0,0.53
2025-05-20 12:00:00-04:00,27.19,26.66,-0.0,0.53
2025-05-20 13:00:00-04:00,28.07,27.49,-0.0,0.58
2025-05-20 14:00:00-04:00,28.27,27.69,-0.0,0.58
2025-05-20 15:00:00-04:00,28.94,28.290000000000003,-0.0,0.65
2025-05-20 16:00:00-04:00,31.42,30.68,-0.06,0.8
2025-05-20 17:00:00-04:00,36.47,35.54,-0.03,0.96
2025-05-20 18:00:00-04:00,45.52,44.28000000000001,-0.09,1.33
2025-05-20 19:00:00-04:00,48.07,46.77,-0.01,1.31
2025-05-20 20:00:00-04:00,51.15,49.669999999999995,-0.01,1.49
2025-05-20 21:00:00-04:00,41.28,40.08,-0.0,1.2
2025-05-20 22:00:00-04:00,33.5,32.59,-0.0,0.91
2025-05-20 23:00:00-04:00,30.12,29.33,-0.0,0.79
2025-05-21 00:00:00-04:00,27.39,26.65,-0.0,0.74
2025-05-21 01:00:00-04:00,24.78,24.01,-0.0,0.77
2025-05-21 02:00:00-04:00,23.53,22.82,-0.0,0.71
2025-05-21 03:00:00-04:00,21.71,21.08,-0.0,0.63
2025-05-21 04:00:00-04:00,22.63,21.95,-0.0,0.68
2025-05-21 05:00:00-04:00,25.55,24.71,-0.0,0.84
2025-05-21 06:00:00-04:00,31.73,30.69,-0.0,1.04
2025-05-21 07:00:00-04:00,35.14,33.910000000000004,-0.02,1.25
2025-05-21 08:00:00-04:00,34.15,33.169999999999995,-0.05,1.03
2025-05-21 09:00:00-04:00,31.93,31.15,-0.12,0.9
2025-05-21 10:00:00-04:00,31.08,30.3,-0.01,0.79
2025-05-21 11:00:00-04:00,30.3,29.570000000000004,-0.01,0.74
2025-05-21 12:00:00-04:00,30.32,29.66,-0.14,0.8
2025-05-21 13:00:00-04:00,29.9,29.06,-0.09,0.93
2025-05-21 14:00:00-04:00,28.98,28.07,-0.01,0.92
2025-05-21 15:00:00-04:00,30.22,29.2,-0.0,1.02
2025-05-21 16:00:00-04:00,35.12,34.23,-0.1,0.99
2025-05-21 17:00:00-04:00,39.25,38.38,-0.24,1.11
2025-05-21 18:00:00-04:00,42.47,41.440000000000005,-0.34,1.37
2025-05-21 19:00:00-04:00,44.8,43.61,-0.34,1.53
2025-05-21 20:00:00-04:00,44.72,43.54,-0.34,1.52
2025-05-21 21:00:00-04:00,36.45,35.24,-0.1,1.31
2025-05-21 22:00:00-04:00,29.96,28.84,-0.0,1.12
2025-05-21 23:00:00-04:00,27.47,26.229999999999997,0.19,1.05
2025-05-22 00:00:00-04:00,26.14,25.02,0.17,0.95
2025-05-22 01:00:00-04:00,27.43,19.27,7.43,0.73
2025-05-22 02:00:00-04:00,23.59,17.58,5.34,0.67
2025-05-22 03:00:00-04:00,20.28,18.1,1.49,0.69
2025-05-22 04:00:00-04:00,21.15,20.42,-0.0,0.73
2025-05-22 05:00:00-04:00,25.55,24.69,-0.0,0.86
2025-05-22 06:00:00-04:00,30.16,29.14,-0.0,1.02
2025-05-22 07:00:00-04:00,34.71,33.57,-0.0,1.14
2025-05-22 08:00:00-04:00,39.5,38.35,-0.0,1.15
2025-05-22 09:00:00-04:00,37.97,36.83,-0.04,1.18
2025-05-22 10:00:00-04:00,37.84,36.68,-0.05,1.21
2025-05-22 11:00:00-04:00,37.6,36.55,-0.19,1.24
2025-05-22 12:00:00-04:00,35.48,34.44,-0.13,1.17
2025-05-22 13:00:00-04:00,34.93,33.75,-0.1,1.28
2025-05-22 14:00:00-04:00,34.47,33.1,-0.02,1.39
2025-05-22 15:00:00-04:00,34.81,33.61000000000001,-0.24,1.44
2025-05-22 16:00:00-04:00,37.47,36.43,-0.31,1.35
2025-05-22 17:00:00-04:00,44.21,43.28,-0.45,1.38
2025-05-22 18:00:00-04:00,46.07,44.940000000000005,-0.35,1.48
2025-05-22 19:00:00-04:00,45.88,44.6,-0.15,1.43
2025-05-22 20:00:00-04:00,47.75,46.5,-0.14,1.39
2025-05-22 21:00:00-04:00,40.33,39.35,-0.0,0.98
2025-05-22 22:00:00-04:00,33.8,32.949999999999996,-0.01,0.86
2025-05-22 23:00:00-04:00,31.14,30.26,-0.0,0.88
2025-05-23 00:00:00-04:00,28.38,27.47,-0.0,0.91
2025-05-23 01:00:00-04:00,25.69,24.84,-0.0,0.85
2025-05-23 02:00:00-04:00,23.5,22.71,-0.0,0.79
2025-05-23 03:00:00-04:00,21.91,21.19,-0.0,0.72
2025-05-23 04:00:00-04:00,24.94,24.19,-0.0,0.75
2025-05-23 05:00:00-04:00,28.93,28.25,-0.0,0.68
2025-05-23 06:00:00-04:00,34.69,33.839999999999996,-0.0,0.85
2025-05-23 07:00:00-04:00,40.04,39.03,-0.0,1.01
2025-05-23 08:00:00-04:00,40.56,39.690000000000005,-0.0,0.87
2025-05-23 09:00:00-04:00,37.83,37.129999999999995,-0.0,0.7
2025-05-23 10:00:00-04:00,37.03,36.27,-0.0,0.76
2025-05-23 11:00:00-04:00,35.3,34.61,-0.0,0.69
2025-05-23 12:00:00-04:00,34.52,33.910000000000004,-0.0,0.61
2025-05-23 13:00:00-04:00,33.56,32.900000000000006,-0.0,0.66
2025-05-23 14:00:00-04:00,33.03,32.38,-0.0,0.65
2025-05-23 15:00:00-04:00,33.15,32.53,-0.0,0.62
2025-05-23 16:00:00-04:00,34.91,34.29,-0.0,0.62
2025-05-23 17:00:00-04:00,40.15,39.36,-0.0,0.79
2025-05-23 18:00:00-04:00,41.93,41.07,-0.0,0.86
2025-05-23 19:00:00-04:00,44.67,43.75,-0.0,0.92
2025-05-23 20:00:00-04:00,46.1,45.15,-0.0,0.95
2025-05-23 21:00:00-04:00,40.68,39.88,-0.0,0.8
2025-05-23 22:00:00-04:00,34.88,34.2,-0.0,0.68
2025-05-23 23:00:00-04:00,31.82,31.14,-0.0,0.68
2025-05-24 00:00:00-04:00,30.94,30.24,-0.0,0.7
2025-05-24 01:00:00-04:00,26.02,25.24,-0.0,0.78
2025-05-24 02:00:00-04:00,23.97,23.18,-0.0,0.79
2025-05-24 03:00:00-04:00,21.76,21.130000000000003,-0.0,0.63
2025-05-24 04:00:00-04:00,24.32,23.68,-0.0,0.64
2025-05-24 05:00:00-04:00,25.56,24.86,-0.0,0.7
2025-05-24 06:00:00-04:00,26.75,26.12,-0.0,0.63
2025-05-24 07:00:00-04:00,27.68,27.08,-0.0,0.6
2025-05-24 08:00:00-04:00,27.44,26.93,-0.0,0.51
2025-05-24 09:00:00-04:00,27.81,27.29,-0.0,0.52
2025-05-24 10:00:00-04:00,28.2,27.68,-0.0,0.52
2025-05-24 11:00:00-04:00,27.46,26.95,-0.0,0.51
2025-05-24 12:00:00-04:00,27.13,26.68,-0.0,0.45
2025-05-24 13:00:00-04:00,25.92,25.46,-0.0,0.46
2025-05-24 14:00:00-04:00,25.69,25.290000000000003,-0.0,0.4
2025-05-24 15:00:00-04:00,26.33,25.92,-0.0,0.41
2025-05-24 16:00:00-04:00,28.41,27.94,-0.0,0.47
2025-05-24 17:00:00-04:00,32.56,31.980000000000004,-0.0,0.58
2025-05-24 18:00:00-04:00,38.21,37.46,-0.0,0.75
2025-05-24 19:00:00-04:00,43.57,42.67,-0.0,0.9
2025-05-24 20:00:00-04:00,46.49,45.53,-0.0,0.96
2025-05-24 21:00:00-04:00,40.59,39.790000000000006,-0.0,0.8
2025-05-24 22:00:00-04:00,33.16,32.449999999999996,-0.0,0.71
2025-05-24 23:00:00-04:00,28.46,27.79,-0.0,0.67
2025-05-25 00:00:00-04:00,25.0,24.46,-0.0,0.54
2025-05-25 01:00:00-04:00,22.24,21.72,-0.0,0.52
2025-05-25 02:00:00-04:00,19.91,19.42,-0.0,0.49
2025-05-25 03:00:00-04:00,19.42,18.930000000000003,-0.0,0.49
2025-05-25 04:00:00-04:00,21.24,20.76,-0.0,0.48
2025-05-25 05:00:00-04:00,22.0,21.46,-0.0,0.54
2025-05-25 06:00:00-04:00,23.43,22.93,-0.0,0.5
2025-05-25 07:00:00-04:00,22.42,22.05,-0.0,0.37
2025-05-25 08:00:00-04:00,21.34,21.07,-0.0,0.27
2025-05-25 09:00:00-04:00,19.56,19.31,-0.0,0.25
2025-05-25 10:00:00-04:00,20.04,19.76,-0.0,0.28
2025-05-25 11:00:00-04:00,19.31,19.04,-0.0,0.27
2025-05-25 12:00:00-04:00,19.42,19.15,-0.0,0.27
2025-05-25 13:00:00-04:00,18.46,18.19,-0.0,0.27
2025-05-25 14:00:00-04:00,19.17,18.89,-0.0,0.28
2025-05-25 15:00:00-04:00,20.33,19.99,-0.0,0.34
2025-05-25 16:00:00-04:00,22.14,21.75,-0.0,0.39
2025-05-25 17:00:00-04:00,26.58,26.09,-0.0,0.49
2025-05-25 18:00:00-04:00,33.52,32.830000000000005,-0.0,0.69
2025-05-25 19:00:00-04:00,39.85,39.07,-0.0,0.78
2025-05-25 20:00:00-04:00,42.14,41.31,-0.0,0.83
2025-05-25 21:00:00-04:00,36.91,36.22,-0.0,0.69
2025-05-25 22:00:00-04:00,30.64,30.04,-0.0,0.6
2025-05-25 23:00:00-04:00,25.66,25.21,-0.0,0.45
2025-05-26 00:00:00-04:00,23.22,22.59,-0.0,0.63
2025-05-26 01:00:00-04:00,21.29,20.59,-0.0,0.7
2025-05-26 02:00:00-04:00,18.89,18.25,-0.0,0.64
2025-05-26 03:00:00-04:00,18.04,17.46,-0.0,0.58
2025-05-26 04:00:00-04:00,20.86,20.25,-0.0,0.61
2025-05-26 05:00:00-04:00,22.95,22.37,-0.0,0.58
2025-05-26 06:00:00-04:00,25.24,24.67,-0.0,0.57
2025-05-26 07:00:00-04:00,23.54,23.03,-0.0,0.51
2025-05-26 08:00:00-04:00,20.79,20.48,-0.0,0.31
2025-05-26 09:00:00-04:00,18.68,18.44,-0.0,0.24
2025-05-26 10:00:00-04:00,19.19,18.96,-0.0,0.23
2025-05-26 11:00:00-04:00,19.21,18.98,-0.0,0.23
2025-05-26 12:00:00-04:00,19.54,19.33,-0.0,0.21
2025-05-26 13:00:00-04:00,19.43,19.18,-0.0,0.25
2025-05-26 14:00:00-04:00,19.5,19.21,-0.0,0.29
2025-05-26 15:00:00-04:00,20.61,20.33,-0.0,0.28
2025-05-26 16:00:00-04:00,23.74,23.369999999999997,-0.0,0.37
2025-05-26 17:00:00-04:00,30.01,29.540000000000003,-0.0,0.47
2025-05-26 18:00:00-04:00,37.3,36.61,-0.0,0.69
2025-05-26 19:00:00-04:00,41.93,41.07,-0.0,0.86
2025-05-26 20:00:00-04:00,46.79,45.92,-0.0,0.87
2025-05-26 21:00:00-04:00,39.0,38.16,-0.0,0.84
2025-05-26 22:00:00-04:00,31.99,31.36,-0.0,0.63
2025-05-26 23:00:00-04:00,26.3,25.68,-0.0,0.62
2025-05-27 00:00:00-04:00,23.03,22.32,-0.0,0.71
2025-05-27 01:00:00-04:00,19.69,19.06,-0.0,0.63
2025-05-27 02:00:00-04:00,17.78,17.21,-0.0,0.57
2025-05-27 03:00:00-04:00,16.68,16.15,-0.0,0.53
2025-05-27 04:00:00-04:00,18.18,17.58,-0.0,0.6
2025-05-27 05:00:00-04:00,23.86,23.26,-0.0,0.6
2025-05-27 06:00:00-04:00,30.96,30.24,-0.0,0.72
2025-05-27 07:00:00-04:00,33.89,33.26,-0.0,0.63
2025-05-27 08:00:00-04:00,28.94,28.57,-0.0,0.37
2025-05-27 09:00:00-04:00,25.42,25.14,-0.0,0.28
2025-05-27 10:00:00-04:00,24.31,24.119999999999997,-0.0,0.19
2025-05-27 11:00:00-04:00,24.59,24.37,-0.0,0.22
2025-05-27 12:00:00-04:00,25.01,24.74,-0.0,0.27
2025-05-27 13:00:00-04:00,26.28,26.02,-0.0,0.26
2025-05-27 14:00:00-04:00,28.03,27.75,-0.0,0.28
2025-05-27 15:00:00-04:00,28.88,28.619999999999997,-0.0,0.26
2025-05-27 16:00:00-04:00,32.54,32.15,-0.0,0.39
2025-05-27 17:00:00-04:00,38.98,38.48,-0.0,0.5
2025-05-27 18:00:00-04:00,46.51,45.69,-0.0,0.82
2025-05-27 19:00:00-04:00,48.26,47.36,-0.0,0.9
2025-05-27 20:00:00-04:00,48.55,47.65,-0.0,0.9
2025-05-27 21:00:00-04:00,40.15,39.52,-0.0,0.63
2025-05-27 22:00:00-04:00,31.58,30.869999999999997,-0.0,0.71
2025-05-27 23:00:00-04:00,26.02,25.19,-0.0,0.83
2025-05-28 00:00:00-04:00,26.09,25.26,-0.0,0.83
2025-05-28 01:00:00-04:00,23.17,22.430000000000003,-0.0,0.74
2025-05-28 02:00:00-04:00,21.19,20.49,-0.0,0.7
2025-05-28 03:00:00-04:00,20.04,19.36,-0.0,0.68
2025-05-28 04:00:00-04:00,20.23,19.53,-0.0,0.7
2025-05-28 05:00:00-04:00,23.68,22.86,-0.0,0.82
2025-05-28 06:00:00-04:00,29.37,28.540000000000003,-0.0,0.83
2025-05-28 07:00:00-04:00,36.74,35.77,-0.0,0.97
2025-05-28 08:00:00-04:00,35.31,34.550000000000004,-0.0,0.76
2025-05-28 09:00:00-04:00,33.99,33.29,-0.0,0.7
2025-05-28 10:00:00-04:00,33.7,33.14,-0.0,0.56
2025-05-28 11:00:00-04:00,33.31,32.660000000000004,-0.0,0.65
2025-05-28 12:00:00-04:00,32.14,31.57,-0.0,0.57
2025-05-28 13:00:00-04:00,32.67,32.06,-0.0,0.61
2025-05-28 14:00:00-04:00,32.1,31.380000000000003,-0.0,0.72
2025-05-28 15:00:00-04:00,34.01,33.239999999999995,-0.0,0.77
2025-05-28 16:00:00-04:00,39.0,38.16,-0.0,0.84
2025-05-28 17:00:00-04:00,45.16,44.059999999999995,-0.0,1.1
2025-05-28 18:00:00-04:00,45.19,43.62,-0.0,1.57
2025-05-28 19:00:00-04:00,44.15,42.7,-0.0,1.45
2025-05-28 20:00:00-04:00,48.97,47.36,-0.0,1.61
2025-05-28 21:00:00-04:00,41.13,39.82,-0.0,1.31
2025-05-28 22:00:00-04:00,31.75,30.5,-0.0,1.25
2025-05-28 23:00:00-04:00,26.85,25.57,-0.0,1.28
2025-05-29 00:00:00-04:00,25.11,23.94,-0.0,1.17
2025-05-29 01:00:00-04:00,21.29,20.3,-0.0,0.99
2025-05-29 02:00:00-04:00,18.8,17.94,-0.0,0.86
2025-05-29 03:00:00-04:00,18.15,17.32,-0.0,0.83
2025-05-29 04:00:00-04:00,17.43,16.62,-0.0,0.81
2025-05-29 05:00:00-04:00,24.96,23.84,-0.0,1.12
2025-05-29 06:00:00-04:00,31.39,30.33,-0.0,1.06
2025-05-29 07:00:00-04:00,35.5,34.3,-0.0,1.2
2025-05-29 08:00:00-04:00,38.63,37.18,-0.0,1.45
2025-05-29 09:00:00-04:00,37.21,35.88,-0.0,1.33
2025-05-29 10:00:00-04:00,37.42,36.08,-0.0,1.34
2025-05-29 11:00:00-04:00,37.29,35.96,-0.0,1.33
2025-05-29 12:00:00-04:00,35.95,34.77,-0.0,1.18
2025-05-29 13:00:00-04:00,35.24,34.050000000000004,-0.0,1.19
2025-05-29 14:00:00-04:00,34.2,33.040000000000006,-0.0,1.16
2025-05-29 15:00:00-04:00,33.29,32.11,-0.01,1.19
2025-05-29 16:00:00-04:00,35.74,34.53,-0.0,1.21
2025-05-29 17:00:00-04:00,39.36,37.95,-0.0,1.41
2025-05-29 18:00:00-04:00,40.7,39.290000000000006,-0.0,1.41
2025-05-29 19:00:00-04:00,43.47,41.849999999999994,-0.01,1.63
2025-05-29 20:00:00-04:00,46.08,44.39,-0.0,1.69
2025-05-29 21:00:00-04:00,40.53,38.93,-0.0,1.6
2025-05-29 22:00:00-04:00,34.45,33.06,-0.0,1.39
2025-05-29 23:00:00-04:00,30.96,29.57,-0.0,1.39
2025-05-30 00:00:00-04:00,27.37,25.99,-0.0,1.38
2025-05-30 01:00:00-04:00,24.36,22.88,0.2,1.28
2025-05-30 02:00:00-04:00,21.38,20.25,-0.0,1.13
2025-05-30 03:00:00-04:00,20.87,19.610000000000003,0.2,1.06
2025-05-30 04:00:00-04:00,21.26,20.130000000000003,-0.0,1.13
2025-05-30 05:00:00-04:00,23.96,22.69,-0.0,1.27
2025-05-30 06:00:00-04:00,30.7,29.44,-0.0,1.26
2025-05-30 07:00:00-04:00,34.57,33.47,-0.0,1.1
2025-05-30 08:00:00-04:00,33.84,32.82,-0.0,1.02
2025-05-30 09:00:00-04:00,31.97,30.98,-0.0,0.99
2025-05-30 10:00:00-04:00,30.56,29.639999999999997,-0.0,0.92
2025-05-30 11:00:00-04:00,31.0,29.83,0.28,0.89
2025-05-30 12:00:00-04:00,29.95,28.2,0.9,0.85
2025-05-30 13:00:00-04:00,30.99,29.019999999999996,1.1,0.87
2025-05-30 14:00:00-04:00,31.93,30.08,0.98,0.87
2025-05-30 15:00:00-04:00,32.09,29.96,1.17,0.96
2025-05-30 16:00:00-04:00,34.76,32.88,0.8,1.08
2025-05-30 17:00:00-04:00,40.46,39.68,-0.49,1.27
2025-05-30 18:00:00-04:00,44.24,42.9,-0.12,1.46
2025-05-30 19:00:00-04:00,45.21,43.830000000000005,-0.2,1.58
2025-05-30 20:00:00-04:00,45.4,43.97,-0.24,1.67
2025-05-30 21:00:00-04:00,40.22,40.09,-1.39,1.52
2025-05-30 22:00:00-04:00,35.6,34.300000000000004,-0.0,1.3
2025-05-30 23:00:00-04:00,31.82,30.63,-0.0,1.19
2025-05-31 00:00:00-04:00,28.06,26.65,-0.0,1.41
2025-05-31 01:00:00-04:00,23.44,22.1,0.17,1.17
2025-05-31 02:00:00-04:00,21.49,20.03,0.38,1.08
2025-05-31 03:00:00-04:00,19.98,18.94,-0.0,1.04
2025-05-31 04:00:00-04:00,21.13,20.03,-0.0,1.1
2025-05-31 05:00:00-04:00,21.76,20.610000000000003,-0.0,1.15
2025-05-31 06:00:00-04:00,23.52,22.36,-0.0,1.16
2025-05-31 07:00:00-04:00,23.67,22.67,-0.0,1.0
2025-05-31 08:00:00-04:00,27.75,26.79,-0.0,0.96
2025-05-31 09:00:00-04:00,27.73,26.69,-0.0,1.04
2025-05-31 10:00:00-04:00,28.64,27.59,-0.0,1.05
2025-05-31 11:00:00-04:00,28.19,27.08,-0.0,1.11
2025-05-31 12:00:00-04:00,26.63,25.58,-0.0,1.05
2025-05-31 13:00:00-04:00,25.18,24.17,-0.0,1.01
2025-05-31 14:00:00-04:00,25.1,23.2,0.85,1.05
2025-05-31 15:00:00-04:00,26.37,20.73,4.62,1.02
2025-05-31 16:00:00-04:00,26.74,23.5,2.11,1.13
2025-05-31 17:00:00-04:00,30.56,25.94,3.35,1.27
2025-05-31 18:00:00-04:00,28.91,27.4,-0.0,1.51
2025-05-31 19:00:00-04:00,30.46,28.85,-0.0,1.61
2025-05-31 20:00:00-04:00,31.18,29.56,-0.0,1.62
2025-05-31 21:00:00-04:00,32.26,30.78,-0.0,1.48
2025-05-31 22:00:00-04:00,28.08,26.72,-0.0,1.36
2025-05-31 23:00:00-04:00,25.35,24.21,-0.0,1.14
2025-06-01 00:00:00-04:00,22.62,21.130000000000003,0.2,1.29
2025-06-01 01:00:00-04:00,20.97,18.4,1.48,1.09
2025-06-01 02:00:00-04:00,19.7,15.19,3.61,0.9
2025-06-01 03:00:00-04:00,18.65,14.83,2.94,0.88
2025-06-01 04:00:00-04:00,18.88,15.939999999999998,1.98,0.96
2025-06-01 05:00:00-04:00,20.1,14.5,4.75,0.85
2025-06-01 06:00:00-04:00,20.2,17.62,1.56,1.02
2025-06-01 07:00:00-04:00,20.96,14.14,6.03,0.79
2025-06-01 08:00:00-04:00,19.68,11.91,7.13,0.64
2025-06-01 09:00:00-04:00,21.41,8.9,12.06,0.45
2025-06-01 10:00:00-04:00,19.06,13.43,4.97,0.66
2025-06-01 11:00:00-04:00,18.94,13.510000000000002,4.78,0.65
2025-06-01 12:00:00-04:00,19.05,12.900000000000002,5.56,0.59
2025-06-01 13:00:00-04:00,19.96,8.690000000000001,10.86,0.41
2025-06-01 14:00:00-04:00,19.97,8.189999999999998,11.39,0.39
2025-06-01 15:00:00-04:00,20.42,8.99,10.99,0.44
2025-06-01 16:00:00-04:00,21.79,15.62,5.4,0.77
2025-06-01 17:00:00-04:00,24.77,16.21,7.77,0.79
2025-06-01 18:00:00-04:00,25.27,24.14,-0.0,1.13
2025-06-01 19:00:00-04:00,29.36,27.99,-0.0,1.37
2025-06-01 20:00:00-04:00,34.78,33.160000000000004,-0.0,1.62
2025-06-01 21:00:00-04:00,31.78,30.41,-0.0,1.37
2025-06-01 22:00:00-04:00,27.68,26.41,-0.0,1.27
2025-06-01 23:00:00-04:00,22.76,21.55,-0.0,1.21
2025-06-02 00:00:00-04:00,21.36,20.25,-0.0,1.11
2025-06-02 01:00:00-04:00,18.92,17.970000000000002,-0.0,0.95
2025-06-02 02:00:00-04:00,16.63,15.84,-0.0,0.79
2025-06-02 03:00:00-04:00,16.65,15.829999999999998,-0.0,0.82
2025-06-02 04:00:00-04:00,17.56,16.639999999999997,-0.0,0.92
2025-06-02 05:00:00-04:00,21.87,20.81,-0.0,1.06
2025-06-02 06:00:00-04:00,27.99,26.86,-0.0,1.13
2025-06-02 07:00:00-04:00,30.64,29.63,-0.0,1.01
2025-06-02 08:00:00-04:00,26.65,25.869999999999997,-0.0,0.78
2025-06-02 09:00:00-04:00,21.84,21.25,-0.0,0.59
2025-06-02 10:00:00-04:00,21.15,20.549999999999997,-0.0,0.6
2025-06-02 11:00:00-04:00,20.79,20.2,-0.0,0.59
2025-06-02 12:00:00-04:00,21.27,20.65,-0.0,0.62
2025-06-02 13:00:00-04:00,21.97,21.369999999999997,-0.0,0.6
2025-06-02 14:00:00-04:00,22.37,21.68,-0.0,0.69
2025-06-02 15:00:00-04:00,23.29,22.52,-0.0,0.77
2025-06-02 16:00:00-04:00,27.45,26.62,-0.0,0.83
2025-06-02 17:00:00-04:00,32.3,31.209999999999997,-0.0,1.09
2025-06-02 18:00:00-04:00,38.06,36.67,-0.0,1.39
2025-06-02 19:00:00-04:00,43.17,41.59,-0.0,1.58
2025-06-02 20:00:00-04:00,45.08,43.34,-0.0,1.74
2025-06-02 21:00:00-04:00,38.61,37.09,-0.0,1.52
2025-06-02 22:00:00-04:00,30.31,29.14,-0.0,1.17
2025-06-02 23:00:00-04:00,25.07,23.97,-0.0,1.1
2025-06-03 00:00:00-04:00,20.71,19.69,-0.0,1.02
2025-06-03 01:00:00-04:00,17.08,16.209999999999997,-0.0,0.87
2025-06-03 02:00:00-04:00,16.54,15.71,-0.0,0.83
2025-06-03 03:00:00-04:00,15.8,15.02,-0.0,0.78
2025-06-03 04:00:00-04:00,17.08,16.24,-0.0,0.84
2025-06-03 05:00:00-04:00,21.52,20.5,-0.0,1.02
2025-06-03 06:00:00-04:00,26.69,25.66,-0.0,1.03
2025-06-03 07:00:00-04:00,28.07,27.2,-0.0,0.87
2025-06-03 08:00:00-04:00,26.5,25.83,-0.0,0.67
2025-06-03 09:00:00-04:00,22.95,22.43,-0.0,0.52
2025-06-03 10:00:00-04:00,23.4,22.92,-0.0,0.48
2025-06-03 11:00:00-04:00,23.15,22.65,-0.0,0.5
2025-06-03 12:00:00-04:00,24.18,23.68,-0.0,0.5
2025-06-03 13:00:00-04:00,25.6,25.05,-0.0,0.55
2025-06-03 14:00:00-04:00,27.74,27.06,-0.0,0.68
2025-06-03 15:00:00-04:00,28.9,28.33,-0.05,0.62
2025-06-03 16:00:00-04:00,33.28,32.79,-0.33,0.82
2025-06-03 17:00:00-04:00,42.28,42.79,-1.54,1.03
2025-06-03 18:00:00-04:00,49.64,51.92,-3.58,1.3
2025-06-03 19:00:00-04:00,50.4,52.37,-3.43,1.46
2025-06-03 20:00:00-04:00,48.26,46.81999999999999,-0.01,1.45
2025-06-03 21:00:00-04:00,39.45,38.27,-0.01,1.19
2025-06-03 22:00:00-04:00,31.13,29.93,-0.0,1.2
2025-06-03 23:00:00-04:00,27.95,26.54,-0.0,1.41
2025-06-04 00:00:00-04:00,26.19,12.92,12.56,0.71
2025-06-04 01:00:00-04:00,22.79,11.739999999999998,10.43,0.62
2025-06-04 02:00:00-04:00,20.5,10.660000000000002,9.26,0.58
2025-06-04 03:00:00-04:00,19.23,10.000000000000002,8.69,0.54
2025-06-04 04:00:00-04:00,19.39,10.330000000000002,8.5,0.56
2025-06-04 05:00:00-04:00,23.98,14.33,8.85,0.8
2025-06-04 06:00:00-04:00,28.01,23.88,2.94,1.19
2025-06-04 07:00:00-04:00,31.78,29.1,1.51,1.17
2025-06-04 08:00:00-04:00,29.34,28.32,-0.0,1.02
2025-06-04 09:00:00-04:00,27.92,27.05,-0.0,0.87
2025-06-04 10:00:00-04:00,30.34,29.48,-0.0,0.86
2025-06-04 11:00:00-04:00,31.88,30.92,-0.0,0.96
2025-06-04 12:00:00-04:00,33.47,32.75,-0.0,0.72
2025-06-04 13:00:00-04:00,36.36,38.01,-2.53,0.88
2025-06-04 14:00:00-04:00,37.67,38.75,-2.01,0.93
2025-06-04 15:00:00-04:00,41.25,40.28,-0.0,0.97
2025-06-04 16:00:00-04:00,45.73,44.57,-0.0,1.16
2025-06-04 17:00:00-04:00,55.19,53.43,-0.0,1.76
2025-06-04 18:00:00-04:00,61.21,58.63,-0.0,2.58
2025-06-04 19:00:00-04:00,59.72,56.31,0.76,2.65
2025-06-04 20:00:00-04:00,58.57,56.31,-0.0,2.26
2025-06-04 21:00:00-04:00,50.16,47.279999999999994,1.13,1.75
2025-06-04 22:00:00-04:00,41.36,39.97,-0.01,1.4
2025-06-04 23:00:00-04:00,36.23,34.9,-0.0,1.33
2025-06-05 00:00:00-04:00,31.1,29.65,-0.0,1.45
2025-06-05 01:00:00-04:00,28.53,23.880000000000003,3.29,1.36
2025-06-05 02:00:00-04:00,23.02,21.8,-0.0,1.22
2025-06-05 03:00:00-04:00,22.01,20.92,-0.0,1.09
2025-06-05 04:00:00-04:00,22.51,21.42,-0.0,1.09
2025-06-05 05:00:00-04:00,26.21,25.18,-0.0,1.03
2025-06-05 06:00:00-04:00,31.41,30.32,-0.0,1.09
2025-06-05 07:00:00-04:00,31.86,30.81,-0.0,1.05
2025-06-05 08:00:00-04:00,33.28,32.22,-0.0,1.06
2025-06-05 09:00:00-04:00,33.26,32.32,-0.0,0.94
2025-06-05 10:00:00-04:00,36.3,35.449999999999996,-0.0,0.85
2025-06-05 11:00:00-04:00,36.78,37.69,-1.93,1.02
2025-06-05 12:00:00-04:00,39.46,40.150000000000006,-1.77,1.08
2025-06-05 13:00:00-04:00,42.96,44.25,-2.66,1.37
2025-06-05 14:00:00-04:00,44.99,46.35,-2.75,1.39
2025-06-05 15:00:00-04:00,47.43,45.98,-0.11,1.56
2025-06-05 16:00:00-04:00,50.84,50.06,-0.72,1.5
2025-06-05 17:00:00-04:00,58.14,55.8,-0.0,2.34
2025-06-05 18:00:00-04:00,58.6,56.07,-0.0,2.53
2025-06-05 19:00:00-04:00,57.8,55.739999999999995,-0.0,2.06
2025-06-05 20:00:00-04:00,50.74,48.88,-0.0,1.86
2025-06-05 21:00:00-04:00,45.94,44.26,-0.0,1.68
2025-06-05 22:00:00-04:00,40.59,39.3,-0.0,1.29
2025-06-05 23:00:00-04:00,39.12,37.879999999999995,-0.01,1.25
2025-06-06 00:00:00-04:00,37.12,35.62,-0.0,1.5
2025-06-06 01:00:00-04:00,34.1,29.159999999999997,3.42,1.52
2025-06-06 02:00:00-04:00,27.33,26.0,-0.0,1.33
2025-06-06 03:00:00-04:00,25.32,24.05,-0.0,1.27
2025-06-06 04:00:00-04:00,25.39,24.14,-0.0,1.25
2025-06-06 05:00:00-04:00,29.75,28.28,-0.0,1.47
2025-06-06 06:00:00-04:00,36.47,35.1,-0.0,1.37
2025-06-06 07:00:00-04:00,36.86,35.65,-0.0,1.21
2025-06-06 08:00:00-04:00,37.7,36.43,-0.0,1.27
2025-06-06 09:00:00-04:00,38.69,39.95,-2.5,1.24
2025-06-06 10:00:00-04:00,39.97,40.55,-1.8,1.22
2025-06-06 11:00:00-04:00,41.32,44.34,-4.35,1.33
2025-06-06 12:00:00-04:00,42.15,43.69,-2.94,1.4
2025-06-06 13:00:00-04:00,45.93,46.709999999999994,-2.37,1.59
2025-06-06 14:00:00-04:00,44.54,43.25,-0.18,1.47
2025-06-06 15:00:00-04:00,47.28,45.93,-0.35,1.7
2025-06-06 16:00:00-04:00,48.89,47.34,-0.01,1.56
2025-06-06 17:00:00-04:00,56.86,54.89,-0.0,1.97
2025-06-06 18:00:00-04:00,53.43,51.67,-0.0,1.76
2025-06-06 19:00:00-04:00,46.91,45.459999999999994,-0.0,1.45
2025-06-06 20:00:00-04:00,44.06,42.73,-0.0,1.33
2025-06-06 21:00:00-04:00,42.42,41.1,-0.0,1.32
2025-06-06 22:00:00-04:00,39.64,38.49,-0.0,1.15
2025-06-06 23:00:00-04:00,37.29,36.2,-0.0,1.09
2025-06-07 00:00:00-04:00,38.86,37.29,-0.0,1.57
2025-06-07 01:00:00-04:00,29.73,28.42,-0.0,1.31
2025-06-07 02:00:00-04:00,26.71,25.59,-0.0,1.12
2025-06-07 03:00:00-04:00,25.88,24.81,-0.0,1.07
2025-06-07 04:00:00-04:00,25.46,24.39,-0.0,1.07
2025-06-07 05:00:00-04:00,25.86,24.84,-0.0,1.02
2025-06-07 06:00:00-04:00,27.48,26.32,-0.0,1.16
2025-06-07 07:00:00-04:00,26.71,25.51,-0.0,1.2
2025-06-07 08:00:00-04:00,30.29,28.96,-0.0,1.33
2025-06-07 09:00:00-04:00,32.38,31.08,-0.0,1.3
2025-06-07 10:00:00-04:00,30.96,29.8,-0.0,1.16
2025-06-07 11:00:00-04:00,29.51,28.43,-0.0,1.08
2025-06-07 12:00:00-04:00,30.22,29.14,-0.0,1.08
2025-06-07 13:00:00-04:00,30.82,29.69,-0.0,1.13
2025-06-07 14:00:00-04:00,28.74,27.49,0.15,1.1
2025-06-07 15:00:00-04:00,27.87,26.45,0.26,1.16
2025-06-07 16:00:00-04:00,35.1,33.59,0.07,1.44
2025-06-07 17:00:00-04:00,39.96,38.31,-0.0,1.65
2025-06-07 18:00:00-04:00,45.37,43.5,-0.0,1.87
2025-06-07 19:00:00-04:00,45.0,43.02,-0.0,1.98
2025-06-07 20:00:00-04:00,41.32,39.39,-0.0,1.93
2025-06-07 21:00:00-04:00,37.9,36.34,-0.0,1.56
2025-06-07 22:00:00-04:00,35.01,33.6,-0.0,1.41
2025-06-07 23:00:00-04:00,32.25,31.07,-0.0,1.18
2025-06-08 00:00:00-04:00,31.87,30.61,-0.0,1.26
2025-06-08 01:00:00-04:00,27.18,26.13,-0.0,1.05
2025-06-08 02:00:00-04:00,24.82,23.89,-0.0,0.93
2025-06-08 03:00:00-04:00,24.31,23.369999999999997,-0.0,0.94
2025-06-08 04:00:00-04:00,25.51,24.58,-0.0,0.93
2025-06-08 05:00:00-04:00,25.51,24.48,-0.0,1.03
2025-06-08 06:00:00-04:00,26.6,25.6,-0.0,1.0
2025-06-08 07:00:00-04:00,21.24,20.44,-0.0,0.8
2025-06-08 08:00:00-04:00,21.62,20.87,-0.0,0.75
2025-06-08 09:00:00-04:00,21.71,21.04,-0.0,0.67
2025-06-08 10:00:00-04:00,23.6,23.0,-0.0,0.6
2025-06-08 11:00:00-04:00,24.84,24.14,-0.0,0.7
2025-06-08 12:00:00-04:00,26.39,25.72,-0.0,0.67
2025-06-08 13:00:00-04:00,27.8,27.07,-0.0,0.73
2025-06-08 14:00:00-04:00,29.25,28.37,-0.0,0.88
2025-06-08 15:00:00-04:00,29.57,28.65,-0.0,0.92
2025-06-08 16:00:00-04:00,32.4,31.28,-0.0,1.12
2025-06-08 17:00:00-04:00,37.92,36.6,-0.0,1.32
2025-06-08 18:00:00-04:00,44.08,42.59,-0.0,1.49
2025-06-08 19:00:00-04:00,43.31,41.64,-0.0,1.67
2025-06-08 20:00:00-04:00,42.05,40.2,-0.0,1.85
2025-06-08 21:00:00-04:00,38.31,36.91,-0.0,1.4
2025-06-08 22:00:00-04:00,33.17,31.96,-0.0,1.21
2025-06-08 23:00:00-04:00,28.37,27.25,-0.0,1.12
2025-06-09 00:00:00-04:00,28.18,26.81,-0.0,1.37
2025-06-09 01:00:00-04:00,24.78,23.56,-0.0,1.22
2025-06-09 02:00:00-04:00,24.57,23.44,-0.0,1.13
2025-06-09 03:00:00-04:00,21.94,20.880000000000003,-0.0,1.06
2025-06-09 04:00:00-04:00,22.59,21.47,-0.0,1.12
2025-06-09 05:00:00-04:00,24.03,22.8,-0.0,1.23
2025-06-09 06:00:00-04:00,31.16,29.82,-0.0,1.34
2025-06-09 07:00:00-04:00,33.4,31.99,-0.0,1.41
2025-06-09 08:00:00-04:00,33.46,32.33,-0.0,1.13
2025-06-09 09:00:00-04:00,34.16,33.06999999999999,-0.0,1.09
2025-06-09 10:00:00-04:00,34.37,33.239999999999995,-0.0,1.13
2025-06-09 11:00:00-04:00,35.61,34.54,-0.0,1.07
2025-06-09 12:00:00-04:00,34.24,33.24,-0.0,1.0
2025-06-09 13:00:00-04:00,35.02,34.0,-0.0,1.02
2025-06-09 14:00:00-04:00,34.44,33.38999999999999,-0.12,1.17
2025-06-09 15:00:00-04:00,35.61,34.41,-0.0,1.2
2025-06-09 16:00:00-04:00,40.43,39.18,-0.04,1.29
2025-06-09 17:00:00-04:00,45.22,43.61,-0.0,1.61
2025-06-09 18:00:00-04:00,51.05,49.279999999999994,-0.0,1.77
2025-06-09 19:00:00-04:00,47.96,46.07,-0.0,1.89
2025-06-09 20:00:00-04:00,43.41,41.54,-0.0,1.87
2025-06-09 21:00:00-04:00,41.56,39.96,-0.0,1.6
2025-06-09 22:00:00-04:00,34.6,33.43,-0.0,1.17
2025-06-09 23:00:00-04:00,29.76,28.590000000000003,-0.0,1.17
2025-06-10 00:00:00-04:00,24.74,23.52,-0.0,1.22
2025-06-10 01:00:00-04:00,20.8,19.73,-0.0,1.07
2025-06-10 02:00:00-04:00,20.59,19.57,-0.0,1.02
2025-06-10 03:00:00-04:00,19.83,18.889999999999997,-0.0,0.94
2025-06-10 04:00:00-04:00,20.49,19.51,-0.0,0.98
2025-06-10 05:00:00-04:00,22.42,21.33,-0.0,1.09
2025-06-10 06:00:00-04:00,28.74,27.63,-0.0,1.11
2025-06-10 07:00:00-04:00,32.14,30.82,-0.0,1.32
2025-06-10 08:00:00-04:00,31.82,31.3,-0.79,1.31
2025-06-10 09:00:00-04:00,30.74,30.6,-1.21,1.35
2025-06-10 10:00:00-04:00,32.71,32.269999999999996,-0.98,1.42
2025-06-10 11:00:00-04:00,32.71,31.36,-0.0,1.35
2025-06-10 12:00:00-04:00,33.16,31.85,-0.0,1.31
2025-06-10 13:00:00-04:00,32.78,31.4,-0.0,1.38
2025-06-10 14:00:00-04:00,31.94,30.51,-0.0,1.43
2025-06-10 15:00:00-04:00,32.57,31.11,-0.0,1.46
2025-06-10 16:00:00-04:00,36.73,35.279999999999994,-0.0,1.45
2025-06-10 17:00:00-04:00,43.82,42.22,-0.0,1.6
2025-06-10 18:00:00-04:00,46.57,44.95,-0.0,1.62
2025-06-10 19:00:00-04:00,45.47,43.51,-0.0,1.96
2025-06-10 20:00:00-04:00,43.75,41.82,-0.0,1.93
2025-06-10 21:00:00-04:00,39.39,37.73,-0.0,1.66
2025-06-10 22:00:00-04:00,32.92,31.380000000000003,-0.0,1.54
2025-06-10 23:00:00-04:00,29.0,27.52,-0.0,1.48
2025-06-11 00:00:00-04:00,28.22,26.9,-0.0,1.32
2025-06-11 01:00:00-04:00,25.48,24.29,-0.0,1.19
2025-06-11 02:00:00-04:00,22.86,21.83,-0.0,1.03
2025-06-11 03:00:00-04:00,22.32,21.34,-0.0,0.98
2025-06-11 04:00:00-04:00,22.04,21.07,-0.0,0.97
2025-06-11 05:00:00-04:00,24.34,23.32,-0.0,1.02
2025-06-11 06:00:00-04:00,28.47,27.32,-0.0,1.15
2025-06-11 07:00:00-04:00,31.33,30.159999999999997,-0.0,1.17
2025-06-11 08:00:00-04:00,30.67,29.520000000000003,-0.0,1.15
2025-06-11 09:00:00-04:00,25.3,24.71,-0.35,0.94
2025-06-11 10:00:00-04:00,26.95,26.12,-0.19,1.02
2025-06-11 11:00:00-04:00,26.95,26.37,-0.48,1.06
2025-06-11 12:00:00-04:00,27.19,26.81,-0.66,1.04
2025-06-11 13:00:00-04:00,27.41,27.08,-0.81,1.14
2025-06-11 14:00:00-04:00,27.4,26.929999999999996,-0.74,1.21
2025-06-11 15:00:00-04:00,29.9,29.369999999999997,-0.79,1.32
2025-06-11 16:00:00-04:00,35.63,35.290000000000006,-1.03,1.37
2025-06-11 17:00:00-04:00,45.5,45.1,-1.36,1.76
2025-06-11 18:00:00-04:00,50.1,49.2,-1.17,2.07
2025-06-11 19:00:00-04:00,51.84,49.81,-0.21,2.24
2025-06-11 20:00:00-04:00,46.82,44.55,-0.0,2.27
2025-06-11 21:00:00-04:00,42.59,40.6,-0.0,1.99
2025-06-11 22:00:00-04:00,35.84,34.230000000000004,-0.0,1.61
2025-06-11 23:00:00-04:00,31.47,30.17,-0.0,1.3
2025-06-12 00:00:00-04:00,26.43,25.2,-0.0,1.23
2025-06-12 01:00:00-04:00,23.49,22.31,-0.0,1.18
2025-06-12 02:00:00-04:00,22.12,21.07,-0.0,1.05
2025-06-12 03:00:00-04:00,20.44,19.49,-0.0,0.95
2025-06-12 04:00:00-04:00,20.88,19.92,-0.0,0.96
2025-06-12 05:00:00-04:00,24.25,23.2,-0.0,1.05
2025-06-12 06:00:00-04:00,30.44,29.41,-0.0,1.03
2025-06-12 07:00:00-04:00,33.85,32.52,-0.0,1.33
2025-06-12 08:00:00-04:00,32.22,30.95,-0.0,1.27
2025-06-12 09:00:00-04:00,27.43,26.68,-0.21,0.96
2025-06-12 10:00:00-04:00,26.69,26.12,-0.37,0.94
2025-06-12 11:00:00-04:00,28.12,27.37,-0.26,1.01
2025-06-12 12:00:00-04:00,28.26,27.58,-0.45,1.13
2025-06-12 13:00:00-04:00,29.3,28.4,-0.27,1.17
2025-06-12 14:00:00-04:00,28.48,28.1,-0.8,1.18
2025-06-12 15:00:00-04:00,31.1,30.68,-0.99,1.41
2025-06-12 16:00:00-04:00,34.34,34.21,-1.58,1.71
2025-06-12 17:00:00-04:00,43.3,44.62,-3.37,2.05
2025-06-12 18:00:00-04:00,51.39,51.19,-1.9,2.1
2025-06-12 19:00:00-04:00,51.7,49.74,-0.23,2.19
2025-06-12 20:00:00-04:00,47.34,45.39,-0.0,1.95
2025-06-12 21:00:00-04:00,43.38,41.91,-0.0,1.47
2025-06-12 22:00:00-04:00,37.67,36.61,-0.0,1.06
2025-06-12 23:00:00-04:00,32.69,31.93,-0.1,0.86
2025-06-13 00:00:00-04:00,30.75,29.51,-0.0,1.24
2025-06-13 01:00:00-04:00,26.92,25.880000000000003,-0.0,1.04
2025-06-13 02:00:00-04:00,24.88,23.9,-0.0,0.98
2025-06-13 03:00:00-04:00,23.12,22.21,-0.0,0.91
2025-06-13 04:00:00-04:00,22.87,21.99,-0.0,0.88
2025-06-13 05:00:00-04:00,25.23,24.28,-0.0,0.95
2025-06-13 06:00:00-04:00,29.5,28.56,-0.0,0.94
2025-06-13 07:00:00-04:00,32.14,31.11,-0.0,1.03
2025-06-13 08:00:00-04:00,30.56,29.639999999999997,-0.0,0.92
2025-06-13 09:00:00-04:00,27.65,27.39,-0.48,0.74
2025-06-13 10:00:00-04:00,27.03,26.67,-0.31,0.67
2025-06-13 11:00:00-04:00,26.75,26.46,-0.34,0.63
2025-06-13 12:00:00-04:00,27.07,26.98,-0.5,0.59
2025-06-13 13:00:00-04:00,26.52,26.75,-0.87,0.64
2025-06-13 14:00:00-04:00,27.09,27.42,-1.21,0.88
2025-06-13 15:00:00-04:00,28.35,28.91,-1.48,0.92
2025-06-13 16:00:00-04:00,36.73,37.08,-1.31,0.96
2025-06-13 17:00:00-04:00,41.14,42.07,-2.07,1.14
2025-06-13 18:00:00-04:00,49.61,48.21,-0.1,1.5
2025-06-13 19:00:00-04:00,46.98,45.48,-0.0,1.5
2025-06-13 20:00:00-04:00,45.02,43.540000000000006,-0.0,1.48
2025-06-13 21:00:00-04:00,40.65,39.35,-0.0,1.3
2025-06-13 22:00:00-04:00,35.58,34.54,-0.0,1.04
2025-06-13 23:00:00-04:00,31.32,30.42,-0.01,0.91
2025-06-14 00:00:00-04:00,32.73,31.69,-0.0,1.04
2025-06-14 01:00:00-04:00,28.15,27.09,-0.0,1.06
2025-06-14 02:00:00-04:00,25.42,24.44,-0.0,0.98
2025-06-14 03:00:00-04:00,23.31,22.44,-0.0,0.87
2025-06-14 04:00:00-04:00,22.97,22.13,-0.0,0.84
2025-06-14 05:00:00-04:00,24.87,24.03,-0.0,0.84
2025-06-14 06:00:00-04:00,25.89,25.06,-0.0,0.83
2025-06-14 07:00:00-04:00,26.88,25.92,-0.0,0.96
2025-06-14 08:00:00-04:00,27.44,26.44,-0.0,1.0
2025-06-14 09:00:00-04:00,29.55,28.61,-0.0,0.94
2025-06-14 10:00:00-04:00,29.58,28.659999999999997,-0.0,0.92
2025-06-14 11:00:00-04:00,29.84,28.94,-0.0,0.9
2025-06-14 12:00:00-04:00,28.88,28.04,-0.0,0.84
2025-06-14 13:00:00-04:00,28.61,27.86,-0.0,0.75
2025-06-14 14:00:00-04:00,28.8,27.96,-0.0,0.84
2025-06-14 15:00:00-04:00,29.61,28.67,-0.0,0.94
2025-06-14 16:00:00-04:00,29.71,28.71,-0.0,1.0
2025-06-14 17:00:00-04:00,34.14,33.05,-0.0,1.09
2025-06-14 18:00:00-04:00,37.28,36.120000000000005,-0.0,1.16
2025-06-14 19:00:00-04:00,37.41,36.18,-0.0,1.23
2025-06-14 20:00:00-04:00,36.37,35.169999999999995,-0.0,1.2
2025-06-14 21:00:00-04:00,34.95,33.93,-0.0,1.02
2025-06-14 22:00:00-04:00,30.93,30.06,-0.0,0.87
2025-06-14 23:00:00-04:00,27.94,27.130000000000003,-0.0,0.81
2025-06-15 00:00:00-04:00,28.85,27.98,-0.0,0.87
2025-06-15 01:00:00-04:00,25.43,24.59,-0.0,0.84
2025-06-15 02:00:00-04:00,21.77,21.01,-0.0,0.76
2025-06-15 03:00:00-04:00,21.44,20.67,-0.0,0.77
2025-06-15 04:00:00-04:00,21.42,20.680000000000003,-0.0,0.74
2025-06-15 05:00:00-04:00,21.88,21.18,-0.0,0.7
2025-06-15 06:00:00-04:00,22.29,21.619999999999997,-0.0,0.67
2025-06-15 07:00:00-04:00,22.29,21.6,-0.0,0.69
2025-06-15 08:00:00-04:00,22.91,22.2,-0.0,0.71
2025-06-15 09:00:00-04:00,22.82,22.18,-0.0,0.64
2025-06-15 10:00:00-04:00,24.14,23.41,-0.0,0.73
2025-06-15 11:00:00-04:00,24.04,23.34,-0.0,0.7
2025-06-15 12:00:00-04:00,24.13,23.5,-0.0,0.63
2025-06-15 13:00:00-04:00,24.21,23.55,-0.0,0.66
2025-06-15 14:00:00-04:00,23.5,22.88,-0.0,0.62
2025-06-15 15:00:00-04:00,23.41,22.77,-0.0,0.64
2025-06-15 16:00:00-04:00,26.55,25.78,-0.0,0.77
2025-06-15 17:00:00-04:00,30.52,29.49,-0.0,1.03
2025-06-15 18:00:00-04:00,33.82,32.65,-0.0,1.17
2025-06-15 19:00:00-04:00,36.09,34.7,-0.0,1.39
2025-06-15 20:00:00-04:00,38.32,37.02,-0.0,1.3
2025-06-15 21:00:00-04:00,35.69,34.68,-0.0,1.01
2025-06-15 22:00:00-04:00,31.47,30.61,-0.0,0.86
2025-06-15 23:00:00-04:00,27.26,26.520000000000003,-0.0,0.74
2025-06-16 00:00:00-04:00,28.71,27.68,-0.0,1.03
2025-06-16 01:00:00-04:00,25.75,24.76,-0.0,0.99
2025-06-16 02:00:00-04:00,23.12,22.23,-0.0,0.89
2025-06-16 03:00:00-04:00,21.87,21.03,-0.0,0.84
2025-06-16 04:00:00-04:00,22.09,21.3,-0.0,0.79
2025-06-16 05:00:00-04:00,25.25,24.35,-0.0,0.9
2025-06-16 06:00:00-04:00,30.37,29.540000000000003,-0.0,0.83
2025-06-16 07:00:00-04:00,32.05,30.94,-0.0,1.11
2025-06-16 08:00:00-04:00,31.98,31.06,-0.04,0.96
2025-06-16 09:00:00-04:00,29.13,28.6,-0.27,0.8
2025-06-16 10:00:00-04:00,28.86,28.16,-0.03,0.73
2025-06-16 11:00:00-04:00,29.2,28.46,-0.0,0.74
2025-06-16 12:00:00-04:00,30.72,30.019999999999996,-0.08,0.78
2025-06-16 13:00:00-04:00,30.55,29.98,-0.18,0.75
2025-06-16 14:00:00-04:00,31.29,30.7,-0.24,0.83
2025-06-16 15:00:00-04:00,31.58,30.999999999999996,-0.29,0.87
2025-06-16 16:00:00-04:00,34.67,33.900000000000006,-0.21,0.98
2025-06-16 17:00:00-04:00,40.57,39.28,-0.0,1.29
2025-06-16 18:00:00-04:00,46.05,44.58,-0.0,1.47
2025-06-16 19:00:00-04:00,48.63,46.940000000000005,-0.0,1.69
2025-06-16 20:00:00-04:00,45.26,43.559999999999995,-0.0,1.7
2025-06-16 21:00:00-04:00,41.5,39.83,-0.0,1.67
2025-06-16 22:00:00-04:00,34.49,33.230000000000004,-0.0,1.26
2025-06-16 23:00:00-04:00,29.31,28.16,-0.0,1.15
2025-06-17 00:00:00-04:00,28.18,26.91,-0.0,1.27
2025-06-17 01:00:00-04:00,25.46,24.29,-0.0,1.17
2025-06-17 02:00:00-04:00,23.35,22.22,-0.0,1.13
2025-06-17 03:00:00-04:00,21.74,20.69,-0.0,1.05
2025-06-17 04:00:00-04:00,22.28,21.200000000000003,-0.0,1.08
2025-06-17 05:00:00-04:00,25.94,24.89,-0.0,1.05
2025-06-17 06:00:00-04:00,31.24,30.159999999999997,-0.0,1.08
2025-06-17 07:00:00-04:00,34.55,33.29,-0.0,1.26
2025-06-17 08:00:00-04:00,36.06,34.81,-0.0,1.25
2025-06-17 09:00:00-04:00,34.52,33.45,-0.0,1.07
2025-06-17 10:00:00-04:00,36.5,35.3,-0.0,1.2
2025-06-17 11:00:00-04:00,37.04,35.82,-0.0,1.22
2025-06-17 12:00:00-04:00,37.17,36.16,-0.0,1.01
2025-06-17 13:00:00-04:00,37.29,36.31,-0.0,0.98
2025-06-17 14:00:00-04:00,37.0,35.96,-0.0,1.04
2025-06-17 15:00:00-04:00,39.41,38.19,-0.0,1.22
2025-06-17 16:00:00-04:00,41.7,40.49,-0.0,1.21
2025-06-17 17:00:00-04:00,44.57,43.1,-0.0,1.47
2025-06-17 18:00:00-04:00,47.95,46.42,-0.0,1.53
2025-06-17 19:00:00-04:00,49.77,48.09,-0.0,1.68
2025-06-17 20:00:00-04:00,47.15,45.47,-0.0,1.68
2025-06-17 21:00:00-04:00,42.67,41.15,-0.0,1.52
2025-06-17 22:00:00-04:00,36.57,35.3,-0.0,1.27
2025-06-17 23:00:00-04:00,31.98,30.66,-0.0,1.32
2025-06-18 00:00:00-04:00,31.1,29.87,-0.0,1.23
2025-06-18 01:00:00-04:00,27.62,26.35,-0.0,1.27
2025-06-18 02:00:00-04:00,25.33,24.19,-0.0,1.14
2025-06-18 03:00:00-04:00,25.26,24.130000000000003,-0.0,1.13
2025-06-18 04:00:00-04:00,25.41,24.29,-0.0,1.12
2025-06-18 05:00:00-04:00,26.36,25.22,-0.0,1.14
2025-06-18 06:00:00-04:00,33.92,32.74,-0.0,1.18
2025-06-18 07:00:00-04:00,35.16,33.739999999999995,-0.0,1.42
2025-06-18 08:00:00-04:00,39.95,38.6,-0.0,1.35
2025-06-18 09:00:00-04:00,40.71,39.53,-0.0,1.18
2025-06-18 10:00:00-04:00,41.82,40.84,-0.0,0.98
2025-06-18 11:00:00-04:00,42.55,41.83,-0.07,0.79
2025-06-18 12:00:00-04:00,43.13,42.51,-0.19,0.81
2025-06-18 13:00:00-04:00,45.35,44.66,-0.2,0.89
2025-06-18 14:00:00-04:00,48.49,47.95,-0.47,1.01
2025-06-18 15:00:00-04:00,52.75,52.53,-1.14,1.36
2025-06-18 16:00:00-04:00,53.21,52.2,-0.34,1.35
2025-06-18 17:00:00-04:00,58.53,56.5,-0.0,2.03
2025-06-18 18:00:00-04:00,60.26,58.0,-0.0,2.26
2025-06-18 19:00:00-04:00,58.03,56.02,-0.0,2.01
2025-06-18 20:00:00-04:00,57.3,55.58,-0.0,1.72
2025-06-18 21:00:00-04:00,49.81,48.27,-0.0,1.54
2025-06-18 22:00:00-04:00,42.66,41.459999999999994,-0.0,1.2
2025-06-18 23:00:00-04:00,38.15,37.0,-0.0,1.15
2025-06-19 00:00:00-04:00,41.25,39.7,-0.0,1.55
2025-06-19 01:00:00-04:00,36.94,35.69,-0.0,1.25
2025-06-19 02:00:00-04:00,33.71,32.480000000000004,-0.0,1.23
2025-06-19 03:00:00-04:00,31.39,30.1,-0.0,1.29
2025-06-19 04:00:00-04:00,30.86,29.59,-0.0,1.27
2025-06-19 05:00:00-04:00,35.83,34.42,-0.0,1.41
2025-06-19 06:00:00-04:00,39.59,38.03,-0.0,1.56
2025-06-19 07:00:00-04:00,43.57,41.77,-0.0,1.8
2025-06-19 08:00:00-04:00,45.0,43.15,-0.0,1.85
2025-06-19 09:00:00-04:00,44.94,43.169999999999995,-0.0,1.77
2025-06-19 10:00:00-04:00,45.58,43.83,-0.0,1.75
2025-06-19 11:00:00-04:00,47.09,45.28,-0.0,1.81
2025-06-19 12:00:00-04:00,52.29,50.18,-0.0,2.11
2025-06-19 13:00:00-04:00,55.01,52.69,-0.0,2.32
2025-06-19 14:00:00-04:00,58.37,56.02,-0.0,2.35
2025-06-19 15:00:00-04:00,63.38,56.48,4.25,2.65
2025-06-19 16:00:00-04:00,72.12,56.53000000000001,12.88,2.71
2025-06-19 17:00:00-04:00,84.36,56.67,24.75,2.94
2025-06-19 18:00:00-04:00,81.66,56.72,21.77,3.17
2025-06-19 19:00:00-04:00,66.03,62.47,-0.0,3.56
2025-06-19 20:00:00-04:00,59.52,56.470000000000006,-0.0,3.05
2025-06-19 21:00:00-04:00,55.51,52.97,-0.0,2.54
2025-06-19 22:00:00-04:00,47.95,45.84,-0.0,2.11
2025-06-19 23:00:00-04:00,41.7,39.790000000000006,-0.0,1.91
2025-06-20 00:00:00-04:00,43.87,41.739999999999995,-0.0,2.13
2025-06-20 01:00:00-04:00,39.41,37.63999999999999,-0.0,1.77
2025-06-20 02:00:00-04:00,34.99,33.480000000000004,-0.0,1.51
2025-06-20 03:00:00-04:00,34.6,33.17,-0.0,1.43
2025-06-20 04:00:00-04:00,33.77,32.31,-0.0,1.46
2025-06-20 05:00:00-04:00,32.64,31.23,-0.0,1.41
2025-06-20 06:00:00-04:00,35.16,33.739999999999995,-0.0,1.42
2025-06-20 07:00:00-04:00,35.67,34.2,-0.0,1.47
2025-06-20 08:00:00-04:00,37.84,36.38,-0.0,1.46
2025-06-20 09:00:00-04:00,36.05,34.76,-0.0,1.29
2025-06-20 10:00:00-04:00,37.01,35.83,-0.0,1.18
2025-06-20 11:00:00-04:00,38.47,37.24,-0.0,1.23
2025-06-20 12:00:00-04:00,40.04,38.76,-0.0,1.28
2025-06-20 13:00:00-04:00,43.13,41.75,-0.0,1.38
2025-06-20 14:00:00-04:00,45.65,44.43,-0.24,1.46
2025-06-20 15:00:00-04:00,47.78,46.26,-0.0,1.52
2025-06-20 16:00:00-04:00,53.01,51.67,-0.42,1.76
2025-06-20 17:00:00-04:00,58.18,56.419999999999995,-0.55,2.31
2025-06-20 18:00:00-04:00,58.89,56.41,-0.0,2.48
2025-06-20 19:00:00-04:00,58.42,56.31,-0.25,2.36
2025-06-20 20:00:00-04:00,55.33,54.02,-0.47,1.78
2025-06-20 21:00:00-04:00,53.19,51.34,-0.0,1.85
2025-06-20 22:00:00-04:00,46.76,45.379999999999995,-0.25,1.63
2025-06-20 23:00:00-04:00,41.94,40.69,-0.13,1.38
2025-06-21 00:00:00-04:00,40.79,38.96,-0.0,1.83
2025-06-21 01:00:00-04:00,36.52,34.980000000000004,-0.0,1.54
2025-06-21 02:00:00-04:00,34.07,32.7,-0.0,1.37
2025-06-21 03:00:00-04:00,32.3,30.999999999999996,-0.0,1.3
2025-06-21 04:00:00-04:00,31.65,30.369999999999997,-0.0,1.28
2025-06-21 05:00:00-04:00,31.02,29.74,-0.0,1.28
2025-06-21 06:00:00-04:00,31.56,30.29,-0.0,1.27
2025-06-21 07:00:00-04:00,32.73,31.53,-0.0,1.2
2025-06-21 08:00:00-04:00,34.59,33.39,-0.0,1.2
2025-06-21 09:00:00-04:00,36.05,34.86,-0.0,1.19
2025-06-21 10:00:00-04:00,38.72,37.74999999999999,-0.16,1.13
2025-06-21 11:00:00-04:00,41.47,40.6,-0.35,1.22
2025-06-21 12:00:00-04:00,45.25,44.82,-0.64,1.07
2025-06-21 13:00:00-04:00,46.7,46.1,-0.5,1.1
2025-06-21 14:00:00-04:00,48.88,47.98,-0.4,1.3
2025-06-21 15:00:00-04:00,51.99,51.04,-0.43,1.38
2025-06-21 16:00:00-04:00,56.04,55.17999999999999,-0.91,1.77
2025-06-21 17:00:00-04:00,61.91,59.239999999999995,-0.0,2.67
2025-06-21 18:00:00-04:00,64.87,61.84,-0.0,3.03
2025-06-21 19:00:00-04:00,60.62,57.73,-0.0,2.89
2025-06-21 20:00:00-04:00,58.94,56.19,-0.0,2.75
2025-06-21 21:00:00-04:00,54.94,52.57,-0.0,2.37
2025-06-21 22:00:00-04:00,50.13,47.97,-0.0,2.16
2025-06-21 23:00:00-04:00,45.18,43.32,-0.0,1.86
2025-06-22 00:00:00-04:00,45.19,35.379999999999995,7.72,2.09
2025-06-22 01:00:00-04:00,40.72,33.669999999999995,5.06,1.99
2025-06-22 02:00:00-04:00,34.51,32.62,-0.0,1.89
2025-06-22 03:00:00-04:00,32.36,30.62,-0.0,1.74
2025-06-22 04:00:00-04:00,32.51,29.709999999999997,1.05,1.75
2025-06-22 05:00:00-04:00,32.13,28.99,1.43,1.71
2025-06-22 06:00:00-04:00,29.26,27.66,-0.0,1.6
2025-06-22 07:00:00-04:00,31.31,29.68,-0.0,1.63
2025-06-22 08:00:00-04:00,35.02,33.1,-0.0,1.92
2025-06-22 09:00:00-04:00,41.84,39.59,-0.0,2.25
2025-06-22 10:00:00-04:00,48.0,45.8,-0.0,2.2
2025-06-22 11:00:00-04:00,51.79,49.46,-0.0,2.33
2025-06-22 12:00:00-04:00,57.14,54.73,-0.0,2.41
2025-06-22 13:00:00-04:00,58.74,56.370000000000005,-0.0,2.37
2025-06-22 14:00:00-04:00,59.49,56.82,-0.0,2.67
2025-06-22 15:00:00-04:00,67.44,64.35,-0.0,3.09
2025-06-22 16:00:00-04:00,81.44,76.89999999999999,-0.0,4.54
2025-06-22 17:00:00-04:00,100.08,94.33,-0.0,5.75
2025-06-22 18:00:00-04:00,113.65,102.61,4.37,6.67
2025-06-22 19:00:00-04:00,131.02,92.78000000000002,32.39,5.85
2025-06-22 20:00:00-04:00,139.44,81.05999999999997,53.27,5.11
2025-06-22 21:00:00-04:00,95.0,71.53999999999999,19.1,4.36
2025-06-22 22:00:00-04:00,66.64,63.23,-0.0,3.41
2025-06-22 23:00:00-04:00,59.36,56.59,-0.0,2.77
2025-06-23 00:00:00-04:00,61.28,58.36,-0.0,2.92
2025-06-23 01:00:00-04:00,57.56,55.29,-0.0,2.27
2025-06-23 02:00:00-04:00,55.05,52.989999999999995,-0.0,2.06
2025-06-23 03:00:00-04:00,51.38,49.36,-0.0,2.02
2025-06-23 04:00:00-04:00,49.06,47.17,-0.0,1.89
2025-06-23 05:00:00-04:00,52.59,50.470000000000006,-0.0,2.12
2025-06-23 06:00:00-04:00,55.17,52.85,-0.0,2.32
2025-06-23 07:00:00-04:00,58.38,56.190000000000005,-0.0,2.19
2025-06-23 08:00:00-04:00,60.18,57.75,-0.0,2.43
2025-06-23 09:00:00-04:00,62.77,60.35,-0.0,2.42
2025-06-23 10:00:00-04:00,74.29,71.23,-0.0,3.06
2025-06-23 11:00:00-04:00,84.07,80.36999999999999,-0.0,3.7
2025-06-23 12:00:00-04:00,113.66,108.69,-0.79,5.76
2025-06-23 13:00:00-04:00,143.31,131.23999999999998,4.99,7.08
2025-06-23 14:00:00-04:00,170.23,151.04999999999998,10.58,8.6
2025-06-23 15:00:00-04:00,209.45,169.13,30.0,10.32
2025-06-23 16:00:00-04:00,276.77,210.28,53.66,12.83
2025-06-23 17:00:00-04:00,336.97,245.26000000000005,76.25,15.46
2025-06-23 18:00:00-04:00,550.69,213.44000000000003,323.38,13.87
2025-06-23 19:00:00-04:00,508.1,182.95000000000005,313.08,12.07
2025-06-23 20:00:00-04:00,435.95,172.33999999999995,252.24,11.37
2025-06-23 21:00:00-04:00,257.3,114.76000000000002,135.19,7.35
2025-06-23 22:00:00-04:00,83.16,78.38,-0.0,4.78
2025-06-23 23:00:00-04:00,71.28,67.5,-0.0,3.78
2025-06-24 00:00:00-04:00,62.33,59.14,-0.0,3.19
2025-06-24 01:00:00-04:00,59.3,56.48,-0.0,2.82
2025-06-24 02:00:00-04:00,56.93,54.42,-0.0,2.51
2025-06-24 03:00:00-04:00,51.57,49.45,-0.0,2.12
2025-06-24 04:00:00-04:00,50.27,48.150000000000006,-0.0,2.12
2025-06-24 05:00:00-04:00,53.72,51.46,-0.0,2.26
2025-06-24 06:00:00-04:00,56.38,54.010000000000005,-0.0,2.37
2025-06-24 07:00:00-04:00,59.5,56.99,-0.0,2.51
2025-06-24 08:00:00-04:00,63.84,61.21,-0.0,2.63
2025-06-24 09:00:00-04:00,66.59,64.09,-0.0,2.5
2025-06-24 10:00:00-04:00,76.18,73.03,0.01,3.14
2025-06-24 11:00:00-04:00,89.63,85.94,-0.18,3.87
2025-06-24 12:00:00-04:00,117.7,113.03,-1.09,5.76
2025-06-24 13:00:00-04:00,149.76,138.74999999999997,3.52,7.49
2025-06-24 14:00:00-04:00,183.41,162.72,11.26,9.43
2025-06-24 15:00:00-04:00,253.79,170.52999999999997,72.86,10.4
2025-06-24 16:00:00-04:00,359.63,230.38,115.19,14.06
2025-06-24 17:00:00-04:00,422.19,262.55,143.62,16.02
2025-06-24 18:00:00-04:00,485.0,260.45,207.87,16.68
2025-06-24 19:00:00-04:00,479.31,237.56999999999996,226.52,15.22
2025-06-24 20:00:00-04:00,448.73,201.71,233.92,13.1
2025-06-24 21:00:00-04:00,292.44,134.02,149.97,8.45
2025-06-24 22:00:00-04:00,128.37,92.5,30.32,5.55
2025-06-24 23:00:00-04:00,75.53,71.93,-0.0,3.6
2025-06-25 00:00:00-04:00,72.3,68.86,-0.0,3.44
2025-06-25 01:00:00-04:00,68.25,64.94,-0.0,3.31
2025-06-25 02:00:00-04:00,63.76,60.72,-0.0,3.04
2025-06-25 03:00:00-04:00,59.09,56.49,-0.0,2.6
2025-06-25 04:00:00-04:00,58.61,56.2,-0.0,2.41
2025-06-25 05:00:00-04:00,59.9,57.16,-0.0,2.74
2025-06-25 06:00:00-04:00,60.22,57.52,-0.0,2.7
2025-06-25 07:00:00-04:00,66.31,63.330000000000005,-0.0,2.98
2025-06-25 08:00:00-04:00,70.6,67.42999999999999,-0.0,3.17
2025-06-25 09:00:00-04:00,74.69,71.55,-0.0,3.14
2025-06-25 10:00:00-04:00,75.53,72.07000000000001,-0.0,3.46
2025-06-25 11:00:00-04:00,79.91,75.99,-0.11,4.03
2025-06-25 12:00:00-04:00,99.28,91.55,2.7,5.03
2025-06-25 13:00:00-04:00,121.96,109.9,5.8,6.26
2025-06-25 14:00:00-04:00,153.28,121.96,24.37,6.95
2025-06-25 15:00:00-04:00,177.54,131.45999999999998,38.99,7.09
2025-06-25 16:00:00-04:00,218.6,162.82,46.5,9.28
2025-06-25 17:00:00-04:00,265.0,185.13,68.95,10.92
2025-06-25 18:00:00-04:00,308.59,205.59999999999997,90.24,12.75
2025-06-25 19:00:00-04:00,222.75,183.25,27.95,11.55
2025-06-25 20:00:00-04:00,175.0,122.29999999999998,44.87,7.83
2025-06-25 21:00:00-04:00,113.32,92.87,14.5,5.95
2025-06-25 22:00:00-04:00,77.93,73.91000000000001,-0.04,4.06
2025-06-25 23:00:00-04:00,67.18,64.16000000000001,-0.0,3.02
2025-06-26 00:00:00-04:00,53.27,51.120000000000005,-0.0,2.15
2025-06-26 01:00:00-04:00,50.97,48.96,-0.0,2.01
2025-06-26 02:00:00-04:00,48.99,47.06,-0.0,1.93
2025-06-26 03:00:00-04:00,46.66,44.989999999999995,-0.0,1.67
2025-06-26 04:00:00-04:00,44.86,43.18,-0.0,1.68
2025-06-26 05:00:00-04:00,46.18,44.4,-0.0,1.78
2025-06-26 06:00:00-04:00,48.22,46.36,-0.0,1.86
2025-06-26 07:00:00-04:00,47.91,45.76,-0.0,2.15
2025-06-26 08:00:00-04:00,49.5,47.46,-0.0,2.04
2025-06-26 09:00:00-04:00,51.32,49.59,-0.0,1.73
2025-06-26 10:00:00-04:00,49.3,47.87,-0.0,1.43
2025-06-26 11:00:00-04:00,50.38,48.86,-0.0,1.52
2025-06-26 12:00:00-04:00,51.61,50.25,-0.0,1.36
2025-06-26 13:00:00-04:00,54.66,53.279999999999994,-0.0,1.38
2025-06-26 14:00:00-04:00,54.19,52.41,-0.0,1.78
2025-06-26 15:00:00-04:00,55.28,53.26,-0.0,2.02
2025-06-26 16:00:00-04:00,57.98,56.129999999999995,-0.0,1.85
2025-06-26 17:00:00-04:00,61.17,59.05,-0.0,2.12
2025-06-26 18:00:00-04:00,58.38,56.35,-0.0,2.03
2025-06-26 19:00:00-04:00,57.75,55.8,-0.0,1.95
2025-06-26 20:00:00-04:00,51.81,49.870000000000005,-0.0,1.94
2025-06-26 21:00:00-04:00,47.87,46.12,-0.0,1.75
2025-06-26 22:00:00-04:00,42.48,41.01,-0.0,1.47
2025-06-26 23:00:00-04:00,38.22,36.65,-0.0,1.57
2025-06-27 00:00:00-04:00,40.12,38.47,-0.0,1.65
2025-06-27 01:00:00-04:00,36.01,34.559999999999995,-0.0,1.45
2025-06-27 02:00:00-04:00,32.6,31.380000000000003,-0.0,1.22
2025-06-27 03:00:00-04:00,30.09,28.96,-0.0,1.13
2025-06-27 04:00:00-04:00,30.77,29.56,-0.0,1.21
2025-06-27 05:00:00-04:00,31.89,30.58,-0.0,1.31
2025-06-27 06:00:00-04:00,39.92,38.53,-0.0,1.39
2025-06-27 07:00:00-04:00,41.3,39.79,-0.0,1.51
2025-06-27 08:00:00-04:00,43.94,42.37,-0.0,1.57
2025-06-27 09:00:00-04:00,42.55,41.19,-0.0,1.36
2025-06-27 10:00:00-04:00,40.14,38.93,-0.0,1.21
2025-06-27 11:00:00-04:00,39.72,38.49,-0.0,1.23
2025-06-27 12:00:00-04:00,41.04,39.85,-0.0,1.19
2025-06-27 13:00:00-04:00,41.41,40.2,-0.0,1.21
2025-06-27 14:00:00-04:00,41.68,40.47,-0.0,1.21
2025-06-27 15:00:00-04:00,42.95,41.66,-0.0,1.29
2025-06-27 16:00:00-04:00,46.51,45.07,-0.0,1.44
2025-06-27 17:00:00-04:00,48.54,46.94,-0.0,1.6
2025-06-27 18:00:00-04:00,46.9,45.14,-0.0,1.76
2025-06-27 19:00:00-04:00,47.33,45.6,-0.0,1.73
2025-06-27 20:00:00-04:00,42.76,40.879999999999995,-0.0,1.88
2025-06-27 21:00:00-04:00,40.59,38.88,-0.0,1.71
2025-06-27 22:00:00-04:00,36.8,35.209999999999994,-0.0,1.59
2025-06-27 23:00:00-04:00,32.05,30.519999999999996,-0.0,1.53
2025-06-28 00:00:00-04:00,35.25,33.44,-0.0,1.81
2025-06-28 01:00:00-04:00,30.01,28.42,-0.0,1.59
2025-06-28 02:00:00-04:00,27.46,26.1,-0.0,1.36
2025-06-28 03:00:00-04:00,28.59,27.13,-0.0,1.46
2025-06-28 04:00:00-04:00,27.38,25.95,-0.0,1.43
2025-06-28 05:00:00-04:00,28.56,27.02,-0.0,1.54
2025-06-28 06:00:00-04:00,27.26,25.860000000000003,-0.0,1.4
2025-06-28 07:00:00-04:00,30.13,28.72,-0.0,1.41
2025-06-28 08:00:00-04:00,33.49,31.96,-0.0,1.53
2025-06-28 09:00:00-04:00,37.01,35.41,-0.0,1.6
2025-06-28 10:00:00-04:00,40.59,39.370000000000005,-0.0,1.22
2025-06-28 11:00:00-04:00,41.9,40.76,-0.0,1.14
2025-06-28 12:00:00-04:00,42.07,41.01,-0.0,1.06
2025-06-28 13:00:00-04:00,44.97,43.83,-0.0,1.14
2025-06-28 14:00:00-04:00,44.66,43.31999999999999,-0.0,1.34
2025-06-28 15:00:00-04:00,49.62,47.94,-0.0,1.68
2025-06-28 16:00:00-04:00,52.08,50.17,-0.0,1.91
2025-06-28 17:00:00-04:00,62.53,60.18,-0.0,2.35
2025-06-28 18:00:00-04:00,64.25,61.6,-0.0,2.65
2025-06-28 19:00:00-04:00,66.44,63.58,-0.0,2.86
2025-06-28 20:00:00-04:00,64.36,61.53,-0.0,2.83
2025-06-28 21:00:00-04:00,55.41,53.129999999999995,-0.0,2.28
2025-06-28 22:00:00-04:00,50.38,48.3,-0.0,2.08
2025-06-28 23:00:00-04:00,45.66,43.81999999999999,-0.0,1.84
2025-06-29 00:00:00-04:00,38.87,36.95,-0.0,1.92
2025-06-29 01:00:00-04:00,35.37,33.75,-0.0,1.62
2025-06-29 02:00:00-04:00,31.35,29.97,-0.0,1.38
2025-06-29 03:00:00-04:00,29.86,28.52,-0.0,1.34
2025-06-29 04:00:00-04:00,29.86,28.52,-0.0,1.34
2025-06-29 05:00:00-04:00,29.36,28.02,-0.0,1.34
2025-06-29 06:00:00-04:00,29.16,27.9,-0.0,1.26
2025-06-29 07:00:00-04:00,29.45,28.32,-0.0,1.13
2025-06-29 08:00:00-04:00,29.27,28.23,-0.0,1.04
2025-06-29 09:00:00-04:00,31.37,30.34,-0.0,1.03
2025-06-29 10:00:00-04:00,32.25,31.31,-0.0,0.94
2025-06-29 11:00:00-04:00,35.99,34.940000000000005,-0.0,1.05
2025-06-29 12:00:00-04:00,38.33,37.43,-0.0,0.9
2025-06-29 13:00:00-04:00,41.08,40.29,-0.22,1.01
2025-06-29 14:00:00-04:00,44.13,42.99000000000001,-0.02,1.16
2025-06-29 15:00:00-04:00,48.5,47.23,-0.01,1.28
2025-06-29 16:00:00-04:00,54.84,53.290000000000006,-0.0,1.55
2025-06-29 17:00:00-04:00,59.2,57.2,-0.0,2.0
2025-06-29 18:00:00-04:00,74.19,71.07,-0.0,3.12
2025-06-29 19:00:00-04:00,70.69,67.52,-0.0,3.17
2025-06-29 20:00:00-04:00,64.89,61.98,-0.0,2.91
2025-06-29 21:00:00-04:00,59.32,56.98,-0.0,2.34
2025-06-29 22:00:00-04:00,51.48,49.309999999999995,-0.0,2.17
2025-06-29 23:00:00-04:00,45.7,43.86,-0.0,1.84
2025-06-30 00:00:00-04:00,43.62,41.779999999999994,-0.0,1.84
2025-06-30 01:00:00-04:00,38.41,36.83,-0.0,1.58
2025-06-30 02:00:00-04:00,35.39,33.96,-0.0,1.43
2025-06-30 03:00:00-04:00,32.68,31.36,-0.0,1.32
2025-06-30 04:00:00-04:00,32.27,30.97,-0.0,1.3
2025-06-30 05:00:00-04:00,33.61,32.26,-0.0,1.35
2025-06-30 06:00:00-04:00,36.1,34.68,-0.0,1.42
2025-06-30 07:00:00-04:00,39.09,37.66,-0.0,1.43
2025-06-30 08:00:00-04:00,44.36,43.02,-0.0,1.34
2025-06-30 09:00:00-04:00,44.42,43.34,-0.0,1.08
2025-06-30 10:00:00-04:00,46.93,46.06,-0.0,0.87
2025-06-30 11:00:00-04:00,50.01,49.12,-0.0,0.89
2025-06-30 12:00:00-04:00,55.87,55.099999999999994,-0.0,0.77
2025-06-30 13:00:00-04:00,56.53,55.81,-0.0,0.72
2025-06-30 14:00:00-04:00,61.52,61.1,-0.37,0.79
2025-06-30 15:00:00-04:00,65.9,64.61,-0.46,1.75
2025-06-30 16:00:00-04:00,79.32,76.86999999999999,-0.08,2.53
2025-06-30 17:00:00-04:00,93.23,89.42,-0.39,4.2
2025-06-30 18:00:00-04:00,94.26,89.98000000000002,-0.4,4.68
2025-06-30 19:00:00-04:00,88.39,84.43,-0.26,4.22
2025-06-30 20:00:00-04:00,78.89,75.16,0.43,3.3
2025-06-30 21:00:00-04:00,67.09,64.51,-0.0,2.58
2025-06-30 22:00:00-04:00,57.3,55.47,-0.0,1.83
2025-06-30 23:00:00-04:00,51.7,50.0,-0.0,1.7
2025-07-01 00:00:00-04:00,46.57,44.87,-0.0,1.7
2025-07-01 01:00:00-04:00,41.04,39.5,-0.0,1.54
2025-07-01 02:00:00-04:00,38.09,36.59,-0.0,1.5
2025-07-01 03:00:00-04:00,34.79,33.449999999999996,-0.0,1.34
2025-07-01 04:00:00-04:00,34.78,33.480000000000004,-0.0,1.3
2025-07-01 05:00:00-04:00,40.04,38.43,-0.0,1.61
2025-07-01 06:00:00-04:00,43.17,41.510000000000005,-0.0,1.66
2025-07-01 07:00:00-04:00,45.95,44.18,-0.0,1.77
2025-07-01 08:00:00-04:00,48.1,46.43,-0.0,1.67
2025-07-01 09:00:00-04:00,49.5,47.92,-0.0,1.58
2025-07-01 10:00:00-04:00,51.29,49.7,-0.0,1.59
2025-07-01 11:00:00-04:00,53.62,52.03,-0.07,1.66
2025-07-01 12:00:00-04:00,57.18,55.64,-0.19,1.73
2025-07-01 13:00:00-04:00,61.55,59.91,-0.33,1.97
2025-07-01 14:00:00-04:00,65.93,63.790000000000006,-0.35,2.49
2025-07-01 15:00:00-04:00,62.99,61.93000000000001,-1.42,2.48
2025-07-01 16:00:00-04:00,72.76,70.12,-0.17,2.81
2025-07-01 17:00:00-04:00,81.19,76.94,0.78,3.47
2025-07-01 18:00:00-04:00,82.36,77.5,0.68,4.18
2025-07-01 19:00:00-04:00,81.43,77.26,-0.0,4.17
2025-07-01 20:00:00-04:00,74.12,70.39000000000001,0.35,3.38
2025-07-01 21:00:00-04:00,62.25,59.74,-0.0,2.51
2025-07-01 22:00:00-04:00,53.36,51.31,-0.0,2.05
2025-07-01 23:00:00-04:00,50.33,48.72,-0.0,1.61
2025-07-02 00:00:00-04:00,48.59,46.36000000000001,-0.0,2.23
2025-07-02 01:00:00-04:00,43.78,41.74,-0.0,2.04
2025-07-02 02:00:00-04:00,38.23,36.41,-0.0,1.82
2025-07-02 03:00:00-04:00,35.74,34.1,-0.0,1.64
2025-07-02 04:00:00-04:00,35.33,33.68,-0.0,1.65
2025-07-02 05:00:00-04:00,37.59,35.800000000000004,-0.0,1.79
2025-07-02 06:00:00-04:00,41.0,39.05,-0.0,1.95
2025-07-02 07:00:00-04:00,47.39,45.01,-0.0,2.38
2025-07-02 08:00:00-04:00,50.35,48.49,-0.13,1.99
2025-07-02 09:00:00-04:00,50.33,48.61,-0.13,1.85
2025-07-02 10:00:00-04:00,47.78,46.540000000000006,-0.06,1.3
2025-07-02 11:00:00-04:00,50.69,49.55,-0.15,1.29
2025-07-02 12:00:00-04:00,52.97,51.739999999999995,-0.22,1.45
2025-07-02 13:00:00-04:00,57.05,55.73,-0.35,1.67
2025-07-02 14:00:00-04:00,60.39,58.95,-0.45,1.89
2025-07-02 15:00:00-04:00,63.67,61.67,-0.4,2.4
2025-07-02 16:00:00-04:00,68.91,66.75999999999999,-0.52,2.67
2025-07-02 17:00:00-04:00,80.88,75.61,1.57,3.7
2025-07-02 18:00:00-04:00,83.1,78.84,-0.15,4.41
2025-07-02 19:00:00-04:00,80.24,76.41999999999999,-0.08,3.9
2025-07-02 20:00:00-04:00,70.05,66.72,-0.0,3.33
2025-07-02 21:00:00-04:00,62.8,60.04,-0.0,2.76
2025-07-02 22:00:00-04:00,53.37,51.22,-0.0,2.15
2025-07-02 23:00:00-04:00,48.44,46.58,-0.0,1.86
2025-07-03 00:00:00-04:00,46.9,45.09,-0.0,1.81
2025-07-03 01:00:00-04:00,43.53,41.81,-0.0,1.72
2025-07-03 02:00:00-04:00,37.19,35.449999999999996,-0.0,1.74
2025-07-03 03:00:00-04:00,34.97,33.269999999999996,-0.0,1.7
2025-07-03 04:00:00-04:00,34.39,32.72,-0.0,1.67
2025-07-03 05:00:00-04:00,37.92,36.36,-0.0,1.56
2025-07-03 06:00:00-04:00,41.52,39.81,-0.0,1.71
2025-07-03 07:00:00-04:00,43.26,41.52,-0.0,1.74
2025-07-03 08:00:00-04:00,44.8,43.25,-0.0,1.55
2025-07-03 09:00:00-04:00,44.67,43.33,-0.0,1.34
2025-07-03 10:00:00-04:00,43.81,42.86,-0.29,1.24
2025-07-03 11:00:00-04:00,48.9,47.77,-0.3,1.43
2025-07-03 12:00:00-04:00,52.98,51.46,-0.13,1.65
2025-07-03 13:00:00-04:00,56.03,54.379999999999995,-0.3,1.95
2025-07-03 14:00:00-04:00,60.65,58.66,-0.3,2.29
2025-07-03 15:00:00-04:00,64.52,61.79,-0.42,3.15
2025-07-03 16:00:00-04:00,69.1,65.75,-0.0,3.35
2025-07-03 17:00:00-04:00,78.99,74.86999999999999,-0.0,4.12
2025-07-03 18:00:00-04:00,78.93,75.39,-0.0,3.54
2025-07-03 19:00:00-04:00,74.13,70.92999999999999,-0.0,3.2
2025-07-03 20:00:00-04:00,66.26,63.11000000000001,-0.0,3.15
2025-07-03 21:00:00-04:00,60.36,58.1,-0.0,2.26
2025-07-03 22:00:00-04:00,52.57,50.84,-0.0,1.73
2025-07-03 23:00:00-04:00,47.59,46.11000000000001,-0.0,1.48
2025-07-04 00:00:00-04:00,43.93,42.61,-0.0,1.32
2025-07-04 01:00:00-04:00,39.17,37.81,-0.0,1.36
2025-07-04 02:00:00-04:00,33.65,32.449999999999996,-0.0,1.2
2025-07-04 03:00:00-04:00,33.04,31.8,-0.0,1.24
2025-07-04 04:00:00-04:00,32.58,31.389999999999997,-0.0,1.19
2025-07-04 05:00:00-04:00,32.71,31.54,-0.0,1.17
2025-07-04 06:00:00-04:00,32.6,31.71,-0.0,0.89
2025-07-04 07:00:00-04:00,30.84,30.03,-0.0,0.81
2025-07-04 08:00:00-04:00,30.84,30.06,-0.0,0.78
2025-07-04 09:00:00-04:00,30.3,29.56,-0.0,0.74
2025-07-04 10:00:00-04:00,30.82,30.25,-0.0,0.57
2025-07-04 11:00:00-04:00,32.91,32.28,-0.02,0.65
2025-07-04 12:00:00-04:00,35.92,35.58,-0.23,0.57
2025-07-04 13:00:00-04:00,39.38,39.21,-0.46,0.63
2025-07-04 14:00:00-04:00,41.37,41.26,-0.55,0.66
2025-07-04 15:00:00-04:00,45.46,45.4,-0.58,0.64
2025-07-04 16:00:00-04:00,51.67,51.31,-0.36,0.72
2025-07-04 17:00:00-04:00,59.47,58.42,-0.0,1.05
2025-07-04 18:00:00-04:00,61.5,60.36,-0.0,1.14
2025-07-04 19:00:00-04:00,60.0,58.71,-0.0,1.29
2025-07-04 20:00:00-04:00,56.09,54.67,-0.0,1.42
2025-07-04 21:00:00-04:00,50.7,49.32,-0.0,1.38
2025-07-04 22:00:00-04:00,45.52,44.2,-0.0,1.32
2025-07-04 23:00:00-04:00,40.06,39.12,-0.08,1.02
2025-07-05 00:00:00-04:00,40.4,38.96,-0.0,1.44
2025-07-05 01:00:00-04:00,35.3,33.98,-0.0,1.32
2025-07-05 02:00:00-04:00,31.94,30.86,-0.0,1.08
2025-07-05 03:00:00-04:00,30.48,29.45,-0.0,1.03
2025-07-05 04:00:00-04:00,29.35,28.33,-0.0,1.02
2025-07-05 05:00:00-04:00,29.6,28.6,-0.0,1.0
2025-07-05 06:00:00-04:00,28.56,27.59,-0.0,0.97
2025-07-05 07:00:00-04:00,28.52,27.66,-0.0,0.86
2025-07-05 08:00:00-04:00,28.29,27.52,-0.0,0.77
2025-07-05 09:00:00-04:00,32.35,31.78,-0.0,0.57
2025-07-05 10:00:00-04:00,34.63,34.33,-0.22,0.52
2025-07-05 11:00:00-04:00,37.27,37.05,-0.3,0.52
2025-07-05 12:00:00-04:00,41.33,41.3,-0.47,0.5
2025-07-05 13:00:00-04:00,44.18,44.11,-0.46,0.53
2025-07-05 14:00:00-04:00,46.24,46.370000000000005,-0.64,0.51
2025-07-05 15:00:00-04:00,50.07,49.93,-0.56,0.7
2025-07-05 16:00:00-04:00,58.97,58.37,-0.33,0.93
2025-07-05 17:00:00-04:00,65.38,64.03,-0.0,1.35
2025-07-05 18:00:00-04:00,68.66,66.53,-0.0,2.13
2025-07-05 19:00:00-04:00,66.98,64.66000000000001,-0.0,2.32
2025-07-05 20:00:00-04:00,64.96,62.81999999999999,-0.0,2.14
2025-07-05 21:00:00-04:00,59.29,57.23,-0.0,2.06
2025-07-05 22:00:00-04:00,50.83,49.21,-0.0,1.62
2025-07-05 23:00:00-04:00,46.37,44.629999999999995,-0.0,1.74
2025-07-06 00:00:00-04:00,40.95,39.34,-0.0,1.61
2025-07-06 01:00:00-04:00,35.53,34.03,-0.0,1.5
2025-07-06 02:00:00-04:00,32.52,31.210000000000004,-0.0,1.31
2025-07-06 03:00:00-04:00,31.32,30.06,-0.0,1.26
2025-07-06 04:00:00-04:00,30.29,29.04,-0.0,1.25
2025-07-06 05:00:00-04:00,30.07,28.77,-0.0,1.3
2025-07-06 06:00:00-04:00,30.1,28.83,-0.0,1.27
2025-07-06 07:00:00-04:00,29.79,28.619999999999997,-0.0,1.17
2025-07-06 08:00:00-04:00,32.35,31.1,-0.0,1.25
2025-07-06 09:00:00-04:00,36.68,35.51,-0.0,1.17
2025-07-06 10:00:00-04:00,39.68,38.6,-0.0,1.08
2025-07-06 11:00:00-04:00,46.8,45.57,-0.0,1.23
2025-07-06 12:00:00-04:00,49.75,48.49,-0.0,1.26
2025-07-06 13:00:00-04:00,53.82,52.36,-0.0,1.46
2025-07-06 14:00:00-04:00,58.89,57.12,-0.0,1.77
2025-07-06 15:00:00-04:00,64.23,62.18000000000001,-0.0,2.05
2025-07-06 16:00:00-04:00,75.42,72.59,-0.0,2.83
2025-07-06 17:00:00-04:00,86.83,82.53999999999999,-0.0,4.29
2025-07-06 18:00:00-04:00,95.74,90.67,-0.0,5.07
2025-07-06 19:00:00-04:00,95.2,89.9,-0.0,5.3
2025-07-06 20:00:00-04:00,86.48,81.82000000000001,-0.0,4.66
2025-07-06 21:00:00-04:00,72.95,69.67,-0.0,3.28
2025-07-06 22:00:00-04:00,64.01,61.85000000000001,-0.0,2.16
2025-07-06 23:00:00-04:00,53.0,51.21,-0.0,1.79
2025-07-07 00:00:00-04:00,49.12,47.0,-0.0,2.12
2025-07-07 01:00:00-04:00,44.25,42.3,-0.0,1.95
2025-07-07 02:00:00-04:00,39.97,38.21,-0.0,1.76
2025-07-07 03:00:00-04:00,37.96,36.29,-0.0,1.67
2025-07-07 04:00:00-04:00,38.31,36.56,-0.0,1.75
2025-07-07 05:00:00-04:00,40.16,38.279999999999994,-0.0,1.88
2025-07-07 06:00:00-04:00,45.97,44.12,-0.0,1.85
2025-07-07 07:00:00-04:00,47.98,46.05,-0.0,1.93
2025-07-07 08:00:00-04:00,52.62,50.4,-0.0,2.22
2025-07-07 09:00:00-04:00,55.19,53.169999999999995,-0.0,2.02
2025-07-07 10:00:00-04:00,61.16,58.919999999999995,-0.0,2.24
2025-07-07 11:00:00-04:00,66.78,64.4,-0.0,2.38
2025-07-07 12:00:00-04:00,68.87,66.41000000000001,-0.0,2.46
2025-07-07 13:00:00-04:00,75.34,72.65,-0.0,2.69
2025-07-07 14:00:00-04:00,85.62,81.78,-0.0,3.84
2025-07-07 15:00:00-04:00,106.67,93.35,8.38,4.94
2025-07-07 16:00:00-04:00,123.54,107.14,10.51,5.89
2025-07-07 17:00:00-04:00,209.59,106.0,97.44,6.15
2025-07-07 18:00:00-04:00,224.08,107.66000000000004,110.07,6.35
2025-07-07 19:00:00-04:00,222.0,89.75000000000001,126.96,5.29
2025-07-07 20:00:00-04:00,281.47,78.37,198.87,4.23
2025-07-07 21:00:00-04:00,194.75,71.71,119.24,3.8
2025-07-07 22:00:00-04:00,69.17,65.75,-0.0,3.42
2025-07-07 23:00:00-04:00,60.9,58.45,-0.0,2.45
2025-07-08 00:00:00-04:00,57.73,55.19,-0.0,2.54
2025-07-08 01:00:00-04:00,52.07,49.73,-0.0,2.34
2025-07-08 02:00:00-04:00,49.42,47.2,-0.0,2.22
2025-07-08 03:00:00-04:00,48.75,46.56,-0.0,2.19
2025-07-08 04:00:00-04:00,48.72,46.67,-0.0,2.05
2025-07-08 05:00:00-04:00,50.78,48.64,-0.0,2.14
2025-07-08 06:00:00-04:00,52.84,50.56,-0.0,2.28
2025-07-08 07:00:00-04:00,54.91,52.599999999999994,-0.0,2.31
2025-07-08 08:00:00-04:00,60.11,57.58,-0.0,2.53
2025-07-08 09:00:00-04:00,63.81,61.24,-0.0,2.57
2025-07-08 10:00:00-04:00,63.99,61.53,-0.0,2.46
2025-07-08 11:00:00-04:00,67.29,64.52000000000001,-0.0,2.77
2025-07-08 12:00:00-04:00,70.96,68.1,-0.0,2.86
2025-07-08 13:00:00-04:00,83.11,79.69,-0.0,3.42
2025-07-08 14:00:00-04:00,91.41,84.74999999999999,2.26,4.4
2025-07-08 15:00:00-04:00,127.77,93.12,29.81,4.84
2025-07-08 16:00:00-04:00,139.58,94.12,40.47,4.99
2025-07-08 17:00:00-04:00,179.28,97.16,76.78,5.34
2025-07-08 18:00:00-04:00,199.97,111.96,81.41,6.6
2025-07-08 19:00:00-04:00,169.15,92.59,71.1,5.46
2025-07-08 20:00:00-04:00,130.0,83.8,41.34,4.86
2025-07-08 21:00:00-04:00,79.75,75.95,-0.0,3.8
2025-07-08 22:00:00-04:00,67.4,64.25,-0.0,3.15
2025-07-08 23:00:00-04:00,58.74,56.32,-0.0,2.42
2025-07-09 00:00:00-04:00,53.67,51.260000000000005,-0.0,2.41
2025-07-09 01:00:00-04:00,48.51,46.379999999999995,-0.0,2.13
2025-07-09 02:00:00-04:00,46.26,44.22,-0.0,2.04
2025-07-09 03:00:00-04:00,44.59,42.63,-0.0,1.96
2025-07-09 04:00:00-04:00,45.19,43.16,-0.0,2.03
2025-07-09 05:00:00-04:00,48.27,46.06,-0.0,2.21
2025-07-09 06:00:00-04:00,51.06,48.81,-0.0,2.25
2025-07-09 07:00:00-04:00,52.41,50.3,-0.0,2.11
2025-07-09 08:00:00-04:00,54.44,52.34,-0.0,2.1
2025-07-09 09:00:00-04:00,55.1,53.190000000000005,-0.0,1.91
2025-07-09 10:00:00-04:00,53.37,51.669999999999995,-0.0,1.7
2025-07-09 11:00:00-04:00,57.83,56.13,-0.1,1.8
2025-07-09 12:00:00-04:00,58.22,56.58,-0.0,1.64
2025-07-09 13:00:00-04:00,61.65,60.809999999999995,-0.68,1.52
2025-07-09 14:00:00-04:00,62.95,62.470000000000006,-1.14,1.62
2025-07-09 15:00:00-04:00,66.34,64.66000000000001,-0.64,2.32
2025-07-09 16:00:00-04:00,73.56,71.71000000000001,-0.81,2.66
2025-07-09 17:00:00-04:00,88.6,84.78,-0.0,3.82
2025-07-09 18:00:00-04:00,84.51,80.41000000000001,-0.0,4.1
2025-07-09 19:00:00-04:00,82.94,79.6,-0.0,3.34
2025-07-09 20:00:00-04:00,75.17,72.01,-0.0,3.16
2025-07-09 21:00:00-04:00,66.27,63.54,-0.0,2.73
2025-07-09 22:00:00-04:00,58.09,56.07,-0.0,2.02
2025-07-09 23:00:00-04:00,53.41,51.459999999999994,-0.0,1.95
2025-07-10 00:00:00-04:00,49.54,47.45,-0.0,2.09
2025-07-10 01:00:00-04:00,47.01,44.98,-0.0,2.03
2025-07-10 02:00:00-04:00,41.73,40.12,-0.0,1.61
2025-07-10 03:00:00-04:00,39.77,38.24,-0.0,1.53
2025-07-10 04:00:00-04:00,39.79,38.26,-0.0,1.53
2025-07-10 05:00:00-04:00,41.02,39.400000000000006,-0.0,1.62
2025-07-10 06:00:00-04:00,45.33,43.42,-0.0,1.91
2025-07-10 07:00:00-04:00,48.89,47.19,-0.0,1.7
2025-07-10 08:00:00-04:00,52.07,50.26,-0.0,1.81
2025-07-10 09:00:00-04:00,55.23,53.36,-0.0,1.87
2025-07-10 10:00:00-04:00,56.16,54.47,-0.0,1.69
2025-07-10 11:00:00-04:00,56.6,55.14,-0.14,1.6
2025-07-10 12:00:00-04:00,58.72,57.47,-0.3,1.55
2025-07-10 13:00:00-04:00,60.41,59.959999999999994,-1.05,1.5
2025-07-10 14:00:00-04:00,62.57,62.39,-1.31,1.49
2025-07-10 15:00:00-04:00,65.63,65.16,-1.55,2.02
2025-07-10 16:00:00-04:00,70.71,70.46999999999998,-1.8,2.04
2025-07-10 17:00:00-04:00,79.99,79.28999999999999,-2.0,2.7
2025-07-10 18:00:00-04:00,75.76,75.27,-1.99,2.48
2025-07-10 19:00:00-04:00,71.63,69.64,-0.45,2.44
2025-07-10 20:00:00-04:00,66.63,64.32,-0.0,2.31
2025-07-10 21:00:00-04:00,63.78,61.5,-0.0,2.28
2025-07-10 22:00:00-04:00,54.68,52.53,-0.0,2.15
2025-07-10 23:00:00-04:00,48.13,46.46,-0.0,1.67
2025-07-11 00:00:00-04:00,46.32,44.8,-0.0,1.52
2025-07-11 01:00:00-04:00,43.79,42.47,-0.0,1.32
2025-07-11 02:00:00-04:00,40.04,38.76,-0.0,1.28
2025-07-11 03:00:00-04:00,40.77,39.510000000000005,-0.0,1.26
2025-07-11 04:00:00-04:00,40.99,39.72,-0.0,1.27
2025-07-11 05:00:00-04:00,42.1,40.76,-0.0,1.34
2025-07-11 06:00:00-04:00,43.87,42.83,-0.24,1.28
2025-07-11 07:00:00-04:00,47.1,46.330000000000005,-0.34,1.11
2025-07-11 08:00:00-04:00,49.98,49.23,-0.43,1.18
2025-07-11 09:00:00-04:00,50.31,49.81,-0.44,0.94
2025-07-11 10:00:00-04:00,51.31,51.24,-0.65,0.72
2025-07-11 11:00:00-04:00,54.78,55.040000000000006,-1.09,0.83
2025-07-11 12:00:00-04:00,59.01,59.7,-1.53,0.84
2025-07-11 13:00:00-04:00,65.34,65.94000000000001,-1.65,1.05
2025-07-11 14:00:00-04:00,67.66,68.1,-1.87,1.43
2025-07-11 15:00:00-04:00,76.88,76.86,-1.98,2.0
2025-07-11 16:00:00-04:00,81.98,81.21000000000001,-1.42,2.19
2025-07-11 17:00:00-04:00,91.64,88.39999999999999,-0.3,3.54
2025-07-11 18:00:00-04:00,86.94,83.64999999999999,-0.14,3.43
2025-07-11 19:00:00-04:00,84.42,81.39,-0.06,3.09
2025-07-11 20:00:00-04:00,75.16,72.27,-0.0,2.89
2025-07-11 21:00:00-04:00,68.53,66.08,-0.0,2.45
2025-07-11 22:00:00-04:00,61.54,59.58,-0.0,1.96
2025-07-11 23:00:00-04:00,54.78,53.29,-0.0,1.49
2025-07-12 00:00:00-04:00,50.0,48.21,-0.0,1.79
2025-07-12 01:00:00-04:00,44.09,42.27,-0.0,1.82
2025-07-12 02:00:00-04:00,40.23,38.54,-0.0,1.69
2025-07-12 03:00:00-04:00,39.61,37.94,-0.0,1.67
2025-07-12 04:00:00-04:00,37.44,35.86,-0.0,1.58
2025-07-12 05:00:00-04:00,38.59,36.93000000000001,-0.0,1.66
2025-07-12 06:00:00-04:00,39.32,37.66,-0.0,1.66
2025-07-12 07:00:00-04:00,38.41,37.04,-0.0,1.37
2025-07-12 08:00:00-04:00,43.0,41.62,-0.08,1.46
2025-07-12 09:00:00-04:00,46.73,45.37,-0.18,1.54
2025-07-12 10:00:00-04:00,49.86,48.77,-0.27,1.36
2025-07-12 11:00:00-04:00,53.54,52.65,-0.37,1.26
2025-07-12 12:00:00-04:00,56.53,55.7,-0.45,1.28
2025-07-12 13:00:00-04:00,61.92,60.99,-0.6,1.53
2025-07-12 14:00:00-04:00,66.78,65.67,-0.73,1.84
2025-07-12 15:00:00-04:00,73.86,72.46000000000001,-0.92,2.32
2025-07-12 16:00:00-04:00,82.57,79.94,-0.0,2.63
2025-07-12 17:00:00-04:00,88.42,84.73,-0.13,3.82
2025-07-12 18:00:00-04:00,85.46,81.82,-0.05,3.69
2025-07-12 19:00:00-04:00,84.69,81.22,-0.02,3.49
2025-07-12 20:00:00-04:00,75.52,72.47999999999999,-0.0,3.04
2025-07-12 21:00:00-04:00,68.24,65.8,-0.0,2.44
2025-07-12 22:00:00-04:00,57.72,55.61,-0.0,2.11
2025-07-12 23:00:00-04:00,52.26,50.45,-0.0,1.81
2025-07-13 00:00:00-04:00,48.48,46.44,-0.0,2.04
2025-07-13 01:00:00-04:00,43.68,41.92,-0.0,1.76
2025-07-13 02:00:00-04:00,38.85,37.25,-0.0,1.6
2025-07-13 03:00:00-04:00,38.96,37.25,-0.0,1.71
2025-07-13 04:00:00-04:00,38.04,36.37,-0.0,1.67
2025-07-13 05:00:00-04:00,37.94,36.27,-0.0,1.67
2025-07-13 06:00:00-04:00,37.92,36.29,-0.0,1.63
2025-07-13 07:00:00-04:00,40.01,38.43,-0.0,1.58
2025-07-13 08:00:00-04:00,41.71,40.19,-0.05,1.57
2025-07-13 09:00:00-04:00,46.11,45.379999999999995,-0.41,1.14
2025-07-13 10:00:00-04:00,48.28,48.07,-0.8,1.01
2025-07-13 11:00:00-04:00,51.08,51.39,-1.28,0.97
2025-07-13 12:00:00-04:00,52.84,53.21000000000001,-1.27,0.9
2025-07-13 13:00:00-04:00,55.23,55.12,-0.99,1.1
2025-07-13 14:00:00-04:00,61.73,61.05,-0.6,1.28
2025-07-13 15:00:00-04:00,68.87,67.44000000000001,-0.79,2.22
2025-07-13 16:00:00-04:00,78.32,76.61999999999999,-1.05,2.75
2025-07-13 17:00:00-04:00,85.92,82.14,-0.0,3.78
2025-07-13 18:00:00-04:00,90.15,85.53,-0.0,4.62
2025-07-13 19:00:00-04:00,85.36,81.22,-0.0,4.14
2025-07-13 20:00:00-04:00,79.61,75.89,-0.0,3.72
2025-07-13 21:00:00-04:00,69.39,66.47,-0.0,2.92
2025-07-13 22:00:00-04:00,61.81,59.55,-0.0,2.26
2025-07-13 23:00:00-04:00,55.91,53.809999999999995,-0.0,2.1
2025-07-14 00:00:00-04:00,49.01,47.55,-0.2,1.66
2025-07-14 01:00:00-04:00,45.27,43.88,-0.1,1.49
2025-07-14 02:00:00-04:00,40.73,39.32,-0.0,1.41
2025-07-14 03:00:00-04:00,39.49,38.16,-0.0,1.33
2025-07-14 04:00:00-04:00,39.96,38.57,-0.0,1.39
2025-07-14 05:00:00-04:00,41.68,40.19,-0.0,1.49
2025-07-14 06:00:00-04:00,43.08,41.62,-0.04,1.5
2025-07-14 07:00:00-04:00,49.87,48.69,-0.23,1.41
2025-07-14 08:00:00-04:00,54.62,53.529999999999994,-0.36,1.45
2025-07-14 09:00:00-04:00,55.94,54.91,-0.4,1.43
2025-07-14 10:00:00-04:00,57.99,57.14,-0.41,1.26
2025-07-14 11:00:00-04:00,61.57,60.86,-0.51,1.22
2025-07-14 12:00:00-04:00,66.93,66.34,-0.67,1.26
2025-07-14 13:00:00-04:00,76.0,75.27,-0.92,1.65
2025-07-14 14:00:00-04:00,82.49,81.39999999999999,-1.11,2.2
2025-07-14 15:00:00-04:00,82.02,81.08999999999999,-1.1,2.03
2025-07-14 16:00:00-04:00,94.53,93.55,-1.45,2.43
2025-07-14 17:00:00-04:00,107.52,106.25,-1.81,3.08
2025-07-14 18:00:00-04:00,103.5,101.23,-1.67,3.94
2025-07-14 19:00:00-04:00,95.18,91.55,-0.12,3.75
2025-07-14 20:00:00-04:00,86.03,82.24,-0.0,3.79
2025-07-14 21:00:00-04:00,77.15,75.37000000000002,-0.93,2.71
2025-07-14 22:00:00-04:00,65.29,63.970000000000006,-0.6,1.92
2025-07-14 23:00:00-04:00,58.18,56.83,-0.41,1.76
2025-07-15 00:00:00-04:00,52.45,50.24,-0.0,2.21
2025-07-15 01:00:00-04:00,48.8,46.83,-0.0,1.97
2025-07-15 02:00:00-04:00,47.74,45.82,-0.0,1.92
2025-07-15 03:00:00-04:00,44.06,42.28,-0.0,1.78
2025-07-15 04:00:00-04:00,44.44,42.77,-0.0,1.67
2025-07-15 05:00:00-04:00,47.79,46.0,-0.0,1.79
2025-07-15 06:00:00-04:00,50.66,48.989999999999995,-0.0,1.67
2025-07-15 07:00:00-04:00,53.49,51.73,-0.0,1.76
2025-07-15 08:00:00-04:00,55.77,54.510000000000005,-0.43,1.69
2025-07-15 09:00:00-04:00,58.35,57.32000000000001,-0.52,1.55
2025-07-15 10:00:00-04:00,59.19,58.19,-0.39,1.39
2025-07-15 11:00:00-04:00,67.28,66.33,-0.64,1.59
2025-07-15 12:00:00-04:00,73.0,71.59,-0.81,2.22
2025-07-15 13:00:00-04:00,83.7,82.13000000000001,-1.14,2.71
2025-07-15 14:00:00-04:00,93.57,91.54,-1.45,3.48
2025-07-15 15:00:00-04:00,104.55,100.4,-0.16,4.31
2025-07-15 16:00:00-04:00,132.88,128.66,-0.79,5.01
2025-07-15 17:00:00-04:00,165.65,160.13000000000002,-1.52,7.04
2025-07-15 18:00:00-04:00,188.5,181.77,-2.0,8.73
2025-07-15 19:00:00-04:00,161.33,155.12,-1.39,7.6
2025-07-15 20:00:00-04:00,119.25,113.46,-0.45,6.24
2025-07-15 21:00:00-04:00,94.29,89.38000000000001,-0.0,4.91
2025-07-15 22:00:00-04:00,74.76,71.54,-0.0,3.22
2025-07-15 23:00:00-04:00,64.51,62.27,-0.0,2.24
2025-07-16 00:00:00-04:00,81.26,74.64,3.11,3.51
2025-07-16 01:00:00-04:00,69.95,65.26,1.75,2.94
2025-07-16 02:00:00-04:00,64.17,60.61000000000001,0.83,2.73
2025-07-16 03:00:00-04:00,58.01,54.94,0.27,2.8
2025-07-16 04:00:00-04:00,56.57,53.93,-0.0,2.64
2025-07-16 05:00:00-04:00,61.04,58.69,-0.0,2.35
2025-07-16 06:00:00-04:00,64.36,62.18,-0.0,2.18
2025-07-16 07:00:00-04:00,67.23,64.96000000000001,-0.0,2.27
2025-07-16 08:00:00-04:00,69.8,67.25,-0.0,2.55
2025-07-16 09:00:00-04:00,79.85,77.0,-0.0,2.85
2025-07-16 10:00:00-04:00,79.14,76.62,-0.0,2.52
2025-07-16 11:00:00-04:00,93.18,89.03,0.59,3.56
2025-07-16 12:00:00-04:00,100.76,98.35,-0.83,3.24
2025-07-16 13:00:00-04:00,119.62,115.91,-0.0,3.71
2025-07-16 14:00:00-04:00,135.78,131.31,-0.0,4.47
2025-07-16 15:00:00-04:00,164.55,158.00000000000003,0.7,5.85
2025-07-16 16:00:00-04:00,206.31,196.64,1.8,7.87
2025-07-16 17:00:00-04:00,264.74,239.61,13.63,11.5
2025-07-16 18:00:00-04:00,265.99,236.3,17.41,12.28
2025-07-16 19:00:00-04:00,219.85,196.18,13.87,9.8
2025-07-16 20:00:00-04:00,182.76,165.12,9.39,8.25
2025-07-16 21:00:00-04:00,143.56,124.73,12.22,6.61
2025-07-16 22:00:00-04:00,125.45,82.13000000000001,38.72,4.6
2025-07-16 23:00:00-04:00,79.46,73.12999999999998,2.68,3.65
2025-07-17 00:00:00-04:00,130.75,69.03999999999999,58.12,3.59
2025-07-17 01:00:00-04:00,97.93,67.12,27.26,3.55
2025-07-17 02:00:00-04:00,70.11,66.84,-0.0,3.27
2025-07-17 03:00:00-04:00,69.7,66.63000000000001,-0.0,3.07
2025-07-17 04:00:00-04:00,68.56,65.48,-0.0,3.08
2025-07-17 05:00:00-04:00,70.25,66.91,-0.0,3.34
2025-07-17 06:00:00-04:00,70.18,66.9,-0.0,3.28
2025-07-17 07:00:00-04:00,71.86,66.89999999999999,1.68,3.28
2025-07-17 08:00:00-04:00,78.4,67.17000000000002,7.74,3.49
2025-07-17 09:00:00-04:00,82.37,71.44000000000001,7.22,3.71
2025-07-17 10:00:00-04:00,88.39,83.29,0.94,4.16
2025-07-17 11:00:00-04:00,104.97,97.36,2.65,4.96
2025-07-17 12:00:00-04:00,118.84,110.57,2.63,5.64
2025-07-17 13:00:00-04:00,130.47,118.94,5.35,6.18
2025-07-17 14:00:00-04:00,139.47,122.8,10.29,6.38
2025-07-17 15:00:00-04:00,168.28,137.52,23.2,7.56
2025-07-17 16:00:00-04:00,210.91,177.14,24.03,9.74
2025-07-17 17:00:00-04:00,350.0,206.62,131.4,11.98
2025-07-17 18:00:00-04:00,366.02,189.62,165.22,11.18
2025-07-17 19:00:00-04:00,359.58,142.95999999999995,208.33,8.29
2025-07-17 20:00:00-04:00,317.98,111.09000000000005,199.89,7.0
2025-07-17 21:00:00-04:00,218.91,83.07999999999998,130.59,5.24
2025-07-17 22:00:00-04:00,171.44,81.88,84.81,4.75
2025-07-17 23:00:00-04:00,119.96,67.38999999999999,48.87,3.7
2025-07-18 00:00:00-04:00,90.0,61.45,25.23,3.32
2025-07-18 01:00:00-04:00,91.17,50.690000000000005,37.74,2.74
2025-07-18 02:00:00-04:00,84.03,48.18000000000001,33.25,2.6
2025-07-18 03:00:00-04:00,76.58,49.17999999999999,24.75,2.65
2025-07-18 04:00:00-04:00,64.87,55.74,6.18,2.95
2025-07-18 05:00:00-04:00,67.32,55.41999999999999,8.97,2.93
2025-07-18 06:00:00-04:00,69.61,56.11,10.58,2.92
2025-07-18 07:00:00-04:00,61.94,59.27,-0.0,2.67
2025-07-18 08:00:00-04:00,63.83,61.309999999999995,-0.0,2.52
2025-07-18 09:00:00-04:00,63.35,61.09,-0.0,2.26
2025-07-18 10:00:00-04:00,58.38,56.73,-0.0,1.65
2025-07-18 11:00:00-04:00,57.65,56.129999999999995,-0.0,1.52
2025-07-18 12:00:00-04:00,60.29,58.82,-0.0,1.47
2025-07-18 13:00:00-04:00,64.37,62.8,-0.0,1.57
2025-07-18 14:00:00-04:00,66.21,64.96,-0.37,1.62
2025-07-18 15:00:00-04:00,71.06,69.53,-0.49,2.02
2025-07-18 16:00:00-04:00,78.67,77.19000000000001,-0.68,2.16
2025-07-18 17:00:00-04:00,89.34,86.4,-0.0,2.94
2025-07-18 18:00:00-04:00,83.89,80.9,-0.0,2.99
2025-07-18 19:00:00-04:00,79.65,77.03,-0.0,2.62
2025-07-18 20:00:00-04:00,76.6,73.8,-0.0,2.8
2025-07-18 21:00:00-04:00,65.32,62.92999999999999,-0.0,2.39
2025-07-18 22:00:00-04:00,59.53,57.46,-0.0,2.07
2025-07-18 23:00:00-04:00,56.2,54.3,-0.0,1.9
2025-07-19 00:00:00-04:00,49.86,47.9,-0.0,1.96
2025-07-19 01:00:00-04:00,41.71,40.22,-0.0,1.49
2025-07-19 02:00:00-04:00,38.8,37.379999999999995,-0.0,1.42
2025-07-19 03:00:00-04:00,37.0,35.58,-0.0,1.42
2025-07-19 04:00:00-04:00,37.08,35.62,-0.0,1.46
2025-07-19 05:00:00-04:00,35.96,34.54,-0.0,1.42
2025-07-19 06:00:00-04:00,36.58,35.17,-0.0,1.41
2025-07-19 07:00:00-04:00,36.66,35.349999999999994,-0.0,1.31
2025-07-19 08:00:00-04:00,37.65,36.629999999999995,-0.0,1.02
2025-07-19 09:00:00-04:00,38.95,37.96,-0.0,0.99
2025-07-19 10:00:00-04:00,38.44,37.99,-0.38,0.83
2025-07-19 11:00:00-04:00,41.98,41.71999999999999,-0.66,0.92
2025-07-19 12:00:00-04:00,43.63,43.41,-0.78,1.0
2025-07-19 13:00:00-04:00,47.83,47.47,-0.5,0.86
2025-07-19 14:00:00-04:00,51.09,50.44,-0.41,1.06
2025-07-19 15:00:00-04:00,54.21,53.330000000000005,-0.45,1.33
2025-07-19 16:00:00-04:00,60.89,59.58,-0.0,1.31
2025-07-19 17:00:00-04:00,75.07,73.02999999999999,-0.0,2.04
2025-07-19 18:00:00-04:00,78.58,75.99,-0.0,2.59
2025-07-19 19:00:00-04:00,79.24,76.33999999999999,-0.0,2.9
2025-07-19 20:00:00-04:00,70.69,68.17,-0.0,2.52
2025-07-19 21:00:00-04:00,61.51,59.43,-0.0,2.08
2025-07-19 22:00:00-04:00,56.63,54.66,-0.0,1.97
2025-07-19 23:00:00-04:00,52.57,50.65,-0.0,1.92
2025-07-20 00:00:00-04:00,50.33,48.21,-0.0,2.12
2025-07-20 01:00:00-04:00,44.12,42.26,-0.0,1.86
2025-07-20 02:00:00-04:00,39.49,37.79,-0.0,1.7
2025-07-20 03:00:00-04:00,36.97,35.339999999999996,-0.0,1.63
2025-07-20 04:00:00-04:00,36.9,35.28,-0.0,1.62
2025-07-20 05:00:00-04:00,36.83,35.239999999999995,-0.0,1.59
2025-07-20 06:00:00-04:00,37.56,35.980000000000004,-0.0,1.58
2025-07-20 07:00:00-04:00,38.1,36.5,-0.0,1.6
2025-07-20 08:00:00-04:00,41.82,40.02,-0.0,1.8
2025-07-20 09:00:00-04:00,46.15,44.21,-0.0,1.94
2025-07-20 10:00:00-04:00,47.87,46.029999999999994,-0.0,1.84
2025-07-20 11:00:00-04:00,49.66,47.7,-0.0,1.96
2025-07-20 12:00:00-04:00,52.83,50.75,-0.0,2.08
2025-07-20 13:00:00-04:00,56.08,53.77,-0.0,2.31
2025-07-20 14:00:00-04:00,57.21,54.8,-0.0,2.41
2025-07-20 15:00:00-04:00,59.97,57.45,-0.0,2.52
2025-07-20 16:00:00-04:00,68.34,65.39,-0.0,2.95
2025-07-20 17:00:00-04:00,81.47,77.67,-0.0,3.8
2025-07-20 18:00:00-04:00,91.04,86.62,-0.0,4.42
2025-07-20 19:00:00-04:00,85.0,81.03,-0.0,3.97
2025-07-20 20:00:00-04:00,81.53,77.65,-0.0,3.88
2025-07-20 21:00:00-04:00,70.94,68.14999999999999,-0.0,2.79
2025-07-20 22:00:00-04:00,57.25,54.84,-0.0,2.41
2025-07-20 23:00:00-04:00,51.97,49.68,-0.0,2.29
2025-07-21 00:00:00-04:00,47.2,45.17,-0.0,2.03
2025-07-21 01:00:00-04:00,41.44,39.7,-0.0,1.74
2025-07-21 02:00:00-04:00,37.72,36.06,-0.0,1.66
2025-07-21 03:00:00-04:00,35.2,33.75,-0.0,1.45
2025-07-21 04:00:00-04:00,35.35,33.86,-0.0,1.49
2025-07-21 05:00:00-04:00,36.54,35.0,-0.0,1.54
2025-07-21 06:00:00-04:00,39.3,37.79,-0.0,1.51
2025-07-21 07:00:00-04:00,41.28,39.73,-0.0,1.55
2025-07-21 08:00:00-04:00,41.34,39.940000000000005,-0.0,1.4
2025-07-21 09:00:00-04:00,38.78,37.69,-0.0,1.09
2025-07-21 10:00:00-04:00,37.95,37.14,-0.19,1.0
2025-07-21 11:00:00-04:00,41.32,40.34,-0.07,1.05
2025-07-21 12:00:00-04:00,41.38,40.620000000000005,-0.29,1.05
2025-07-21 13:00:00-04:00,43.66,42.86,-0.27,1.07
2025-07-21 14:00:00-04:00,44.57,43.6,-0.29,1.26
2025-07-21 15:00:00-04:00,49.11,47.77,-0.14,1.48
2025-07-21 16:00:00-04:00,55.1,53.55,-0.0,1.55
2025-07-21 17:00:00-04:00,64.85,62.779999999999994,-0.0,2.07
2025-07-21 18:00:00-04:00,74.17,72.01,-0.0,2.16
2025-07-21 19:00:00-04:00,69.9,67.34,-0.0,2.56
2025-07-21 20:00:00-04:00,59.55,57.26,-0.0,2.29
2025-07-21 21:00:00-04:00,54.23,52.09,-0.0,2.14
2025-07-21 22:00:00-04:00,49.79,47.97,-0.0,1.82
2025-07-21 23:00:00-04:00,44.82,43.31,-0.0,1.51
2025-07-22 00:00:00-04:00,40.01,38.66,-0.0,1.35
2025-07-22 01:00:00-04:00,37.29,36.06,-0.0,1.23
2025-07-22 02:00:00-04:00,36.22,34.96,-0.0,1.26
2025-07-22 03:00:00-04:00,33.43,32.24,-0.0,1.19
2025-07-22 04:00:00-04:00,32.34,31.22,-0.0,1.12
2025-07-22 05:00:00-04:00,35.27,34.010000000000005,-0.0,1.26
2025-07-22 06:00:00-04:00,39.21,38.07,-0.0,1.14
2025-07-22 07:00:00-04:00,37.89,37.0,-0.0,0.89
2025-07-22 08:00:00-04:00,36.6,36.03,-0.0,0.57
2025-07-22 09:00:00-04:00,34.52,34.040000000000006,-0.0,0.48
2025-07-22 10:00:00-04:00,34.39,34.05,-0.0,0.34
2025-07-22 11:00:00-04:00,36.39,36.32,-0.26,0.33
2025-07-22 12:00:00-04:00,37.37,37.38,-0.27,0.26
2025-07-22 13:00:00-04:00,38.84,38.89,-0.32,0.27
2025-07-22 14:00:00-04:00,42.12,42.54,-0.72,0.3
2025-07-22 15:00:00-04:00,44.03,44.17,-0.58,0.44
2025-07-22 16:00:00-04:00,48.44,48.07,-0.06,0.43
2025-07-22 17:00:00-04:00,58.09,57.63,-0.29,0.75
2025-07-22 18:00:00-04:00,64.89,64.25,-0.45,1.09
2025-07-22 19:00:00-04:00,67.54,66.09,-0.0,1.45
2025-07-22 20:00:00-04:00,64.88,63.239999999999995,-0.0,1.64
2025-07-22 21:00:00-04:00,54.86,53.52,-0.0,1.34
2025-07-22 22:00:00-04:00,49.54,48.14,-0.0,1.4
2025-07-22 23:00:00-04:00,41.94,40.68,-0.0,1.26
2025-07-23 00:00:00-04:00,40.16,38.73,-0.0,1.43
2025-07-23 01:00:00-04:00,36.28,34.88,-0.0,1.4
2025-07-23 02:00:00-04:00,34.15,32.769999999999996,-0.0,1.38
2025-07-23 03:00:00-04:00,31.24,29.979999999999997,-0.0,1.26
2025-07-23 04:00:00-04:00,31.16,29.85,-0.0,1.31
2025-07-23 05:00:00-04:00,35.03,33.75,-0.0,1.28
2025-07-23 06:00:00-04:00,39.85,38.54,-0.0,1.31
2025-07-23 07:00:00-04:00,40.88,39.61,-0.0,1.27
2025-07-23 08:00:00-04:00,39.51,38.51,-0.0,1.0
2025-07-23 09:00:00-04:00,39.06,38.18,-0.0,0.88
2025-07-23 10:00:00-04:00,41.66,40.919999999999995,-0.0,0.74
2025-07-23 11:00:00-04:00,44.29,43.75,-0.03,0.57
2025-07-23 12:00:00-04:00,45.81,45.470000000000006,-0.07,0.41
2025-07-23 13:00:00-04:00,49.46,49.08,-0.16,0.54
2025-07-23 14:00:00-04:00,52.56,52.07000000000001,-0.24,0.73
2025-07-23 15:00:00-04:00,54.96,54.34,-0.3,0.92
2025-07-23 16:00:00-04:00,61.79,61.04,-0.47,1.22
2025-07-23 17:00:00-04:00,77.1,75.44,-0.0,1.66
2025-07-23 18:00:00-04:00,79.82,77.19,-0.0,2.63
2025-07-23 19:00:00-04:00,79.41,76.95,-0.0,2.46
2025-07-23 20:00:00-04:00,75.27,73.08,-0.0,2.19
2025-07-23 21:00:00-04:00,63.28,61.14,-0.0,2.14
2025-07-23 22:00:00-04:00,53.02,51.42,-0.0,1.6
2025-07-23 23:00:00-04:00,47.59,46.34,-0.0,1.25
2025-07-24 00:00:00-04:00,43.99,42.71,-0.0,1.28
2025-07-24 01:00:00-04:00,38.48,37.32,-0.0,1.16
2025-07-24 02:00:00-04:00,35.2,33.980000000000004,-0.0,1.22
2025-07-24 03:00:00-04:00,31.4,30.22,-0.0,1.18
2025-07-24 04:00:00-04:00,32.56,31.37,-0.0,1.19
2025-07-24 05:00:00-04:00,35.61,34.269999999999996,-0.0,1.34
2025-07-24 06:00:00-04:00,36.16,34.63999999999999,-0.0,1.52
2025-07-24 07:00:00-04:00,39.31,37.66,-0.0,1.65
2025-07-24 08:00:00-04:00,42.66,41.02,-0.0,1.64
2025-07-24 09:00:00-04:00,44.47,42.9,-0.02,1.59
2025-07-24 10:00:00-04:00,48.22,46.629999999999995,-0.0,1.59
2025-07-24 11:00:00-04:00,52.84,51.05,-0.0,1.79
2025-07-24 12:00:00-04:00,57.77,55.71,-0.0,2.06
2025-07-24 13:00:00-04:00,66.25,63.95,-0.0,2.3
2025-07-24 14:00:00-04:00,80.78,78.18,-0.29,2.89
2025-07-24 15:00:00-04:00,89.05,86.22,-0.53,3.36
2025-07-24 16:00:00-04:00,112.08,104.38,2.28,5.42
2025-07-24 17:00:00-04:00,142.85,135.18,0.1,7.57
2025-07-24 18:00:00-04:00,161.98,151.73,0.99,9.26
2025-07-24 19:00:00-04:00,157.13,124.46,25.2,7.47
2025-07-24 20:00:00-04:00,144.0,97.19,41.27,5.54
2025-07-24 21:00:00-04:00,87.55,83.38,-0.0,4.17
2025-07-24 22:00:00-04:00,70.22,67.39,-0.0,2.83
2025-07-24 23:00:00-04:00,60.3,58.09,-0.0,2.21
2025-07-25 00:00:00-04:00,61.7,59.32,-0.0,2.38
2025-07-25 01:00:00-04:00,55.03,52.81,-0.0,2.22
2025-07-25 02:00:00-04:00,51.35,49.28,-0.0,2.07
2025-07-25 03:00:00-04:00,50.95,48.900000000000006,-0.0,2.05
2025-07-25 04:00:00-04:00,51.61,49.53,-0.0,2.08
2025-07-25 05:00:00-04:00,51.24,48.85,-0.0,2.39
2025-07-25 06:00:00-04:00,50.87,48.45,-0.0,2.42
2025-07-25 07:00:00-04:00,51.92,49.45,-0.0,2.47
2025-07-25 08:00:00-04:00,56.6,54.06,-0.0,2.54
2025-07-25 09:00:00-04:00,62.79,59.8,0.12,2.87
2025-07-25 10:00:00-04:00,68.64,65.5,-0.0,3.14
2025-07-25 11:00:00-04:00,86.67,82.78,-0.0,3.89
2025-07-25 12:00:00-04:00,100.03,92.35,2.79,4.89
2025-07-25 13:00:00-04:00,124.54,95.26,24.14,5.14
2025-07-25 14:00:00-04:00,137.41,101.56,30.27,5.58
2025-07-25 15:00:00-04:00,206.1,101.54,98.88,5.68
2025-07-25 16:00:00-04:00,171.2,113.15999999999995,51.71,6.33
2025-07-25 17:00:00-04:00,176.0,133.16,35.25,7.59
2025-07-25 18:00:00-04:00,310.27,145.87,155.94,8.46
2025-07-25 19:00:00-04:00,293.66,143.66,141.53,8.47
2025-07-25 20:00:00-04:00,209.46,114.72,87.97,6.77
2025-07-25 21:00:00-04:00,107.05,96.0,5.48,5.57
2025-07-25 22:00:00-04:00,85.65,81.42,-0.0,4.23
2025-07-25 23:00:00-04:00,68.59,65.26,-0.0,3.33
2025-07-26 00:00:00-04:00,58.18,55.78,-0.0,2.4
2025-07-26 01:00:00-04:00,50.1,47.94,-0.0,2.16
2025-07-26 02:00:00-04:00,44.18,42.16,-0.0,2.02
2025-07-26 03:00:00-04:00,42.64,40.69,-0.0,1.95
2025-07-26 04:00:00-04:00,42.4,40.46,-0.0,1.94
2025-07-26 05:00:00-04:00,41.92,40.0,-0.0,1.92
2025-07-26 06:00:00-04:00,44.7,42.690000000000005,-0.0,2.01
2025-07-26 07:00:00-04:00,40.71,39.0,-0.0,1.71
2025-07-26 08:00:00-04:00,43.88,42.52,-0.0,1.36
2025-07-26 09:00:00-04:00,48.32,47.1,-0.0,1.22
2025-07-26 10:00:00-04:00,49.78,48.75,-0.0,1.03
2025-07-26 11:00:00-04:00,53.44,52.489999999999995,-0.0,0.95
2025-07-26 12:00:00-04:00,55.83,54.9,-0.0,0.93
2025-07-26 13:00:00-04:00,58.46,57.43,-0.0,1.03
2025-07-26 14:00:00-04:00,62.55,61.51,-0.0,1.04
2025-07-26 15:00:00-04:00,65.53,64.25,-0.0,1.28
2025-07-26 16:00:00-04:00,78.06,76.08,-0.0,1.98
2025-07-26 17:00:00-04:00,85.85,82.94999999999999,-0.0,2.9
2025-07-26 18:00:00-04:00,90.87,87.46000000000001,-0.0,3.41
2025-07-26 19:00:00-04:00,83.76,80.62,-0.0,3.14
2025-07-26 20:00:00-04:00,79.72,76.8,-0.0,2.92
2025-07-26 21:00:00-04:00,69.98,67.68,-0.0,2.3
2025-07-26 22:00:00-04:00,58.99,57.11,-0.0,1.88
2025-07-26 23:00:00-04:00,55.53,53.76,-0.0,1.77
2025-07-27 00:00:00-04:00,45.52,43.940000000000005,-0.0,1.58
2025-07-27 01:00:00-04:00,40.43,38.91,-0.0,1.52
2025-07-27 02:00:00-04:00,37.95,36.49,-0.0,1.46
2025-07-27 03:00:00-04:00,36.2,34.77,-0.0,1.43
2025-07-27 04:00:00-04:00,35.96,34.51,-0.0,1.45
2025-07-27 05:00:00-04:00,34.97,33.589999999999996,-0.0,1.38
2025-07-27 06:00:00-04:00,35.36,34.13,-0.0,1.23
2025-07-27 07:00:00-04:00,36.31,34.980000000000004,-0.0,1.33
2025-07-27 08:00:00-04:00,38.94,37.7,-0.0,1.24
2025-07-27 09:00:00-04:00,43.48,42.669999999999995,-0.0,0.81
2025-07-27 10:00:00-04:00,46.72,46.08,-0.0,0.64
2025-07-27 11:00:00-04:00,49.11,48.1,-0.0,1.01
2025-07-27 12:00:00-04:00,50.91,49.96999999999999,-0.01,0.95
2025-07-27 13:00:00-04:00,53.67,52.88,-0.11,0.9
2025-07-27 14:00:00-04:00,56.76,56.809999999999995,-0.5,0.45
2025-07-27 15:00:00-04:00,59.15,59.3,-0.51,0.36
2025-07-27 16:00:00-04:00,68.07,68.46999999999998,-0.88,0.48
2025-07-27 17:00:00-04:00,76.68,76.65,-0.89,0.92
2025-07-27 18:00:00-04:00,79.25,78.1,-0.8,1.95
2025-07-27 19:00:00-04:00,80.33,79.02,-0.82,2.13
2025-07-27 20:00:00-04:00,76.68,75.66000000000001,-0.72,1.74
2025-07-27 21:00:00-04:00,70.65,69.06,-0.0,1.59
2025-07-27 22:00:00-04:00,59.45,57.89,-0.0,1.56
2025-07-27 23:00:00-04:00,50.82,49.71,-0.03,1.14
2025-07-28 00:00:00-04:00,50.66,49.62,-0.0,1.04
2025-07-28 01:00:00-04:00,45.03,43.89,-0.0,1.14
2025-07-28 02:00:00-04:00,39.4,38.18,-0.0,1.22
2025-07-28 03:00:00-04:00,36.85,35.67,-0.0,1.18
2025-07-28 04:00:00-04:00,36.79,35.62,-0.0,1.17
2025-07-28 05:00:00-04:00,39.49,38.38,-0.0,1.11
2025-07-28 06:00:00-04:00,44.53,43.4,-0.0,1.13
2025-07-28 07:00:00-04:00,49.41,48.489999999999995,-0.0,0.92
2025-07-28 08:00:00-04:00,50.7,49.900000000000006,-0.0,0.8
2025-07-28 09:00:00-04:00,55.19,54.67999999999999,-0.26,0.77
2025-07-28 10:00:00-04:00,61.83,61.44,-0.22,0.61
2025-07-28 11:00:00-04:00,72.08,71.85999999999999,-0.57,0.79
2025-07-28 12:00:00-04:00,79.84,79.34,-1.09,1.59
2025-07-28 13:00:00-04:00,93.32,91.98,-1.14,2.48
2025-07-28 14:00:00-04:00,100.12,97.96,-1.27,3.43
2025-07-28 15:00:00-04:00,123.79,121.85,-2.94,4.88
2025-07-28 16:00:00-04:00,151.72,151.55,-6.49,6.66
2025-07-28 17:00:00-04:00,228.76,224.82,-5.94,9.88
2025-07-28 18:00:00-04:00,253.01,244.54,-3.75,12.22
2025-07-28 19:00:00-04:00,226.03,214.66,-0.0,11.37
2025-07-28 20:00:00-04:00,160.92,152.25,-0.0,8.67
2025-07-28 21:00:00-04:00,100.32,95.84,-0.21,4.69
2025-07-28 22:00:00-04:00,80.0,77.22,-0.0,2.78
2025-07-28 23:00:00-04:00,65.6,63.99999999999999,-0.0,1.6
2025-07-29 00:00:00-04:00,59.48,57.52,-0.0,1.96
2025-07-29 01:00:00-04:00,55.11,53.4,-0.0,1.71
2025-07-29 02:00:00-04:00,49.85,48.26,-0.0,1.59
2025-07-29 03:00:00-04:00,48.01,46.43,-0.0,1.58
2025-07-29 04:00:00-04:00,47.7,46.220000000000006,-0.0,1.48
2025-07-29 05:00:00-04:00,50.43,48.96,-0.0,1.47
2025-07-29 06:00:00-04:00,53.94,52.27,-0.0,1.67
2025-07-29 07:00:00-04:00,56.93,55.54,-0.0,1.39
2025-07-29 08:00:00-04:00,60.66,59.36,-0.0,1.3
2025-07-29 09:00:00-04:00,66.27,65.16,-0.0,1.11
2025-07-29 10:00:00-04:00,78.49,76.86999999999999,-0.0,1.62
2025-07-29 11:00:00-04:00,89.51,87.18,-0.02,2.35
2025-07-29 12:00:00-04:00,98.45,95.41,-0.3,3.34
2025-07-29 13:00:00-04:00,126.79,122.09000000000002,-0.43,5.13
2025-07-29 14:00:00-04:00,153.06,148.08,-1.24,6.22
2025-07-29 15:00:00-04:00,225.24,210.11,5.25,9.88
2025-07-29 16:00:00-04:00,262.23,247.45,2.9,11.88
2025-07-29 17:00:00-04:00,325.0,307.52,2.11,15.37
2025-07-29 18:00:00-04:00,368.34,347.52,1.37,19.45
2025-07-29 19:00:00-04:00,329.07,311.33,-0.0,17.74
2025-07-29 20:00:00-04:00,232.8,220.25,-0.0,12.55
2025-07-29 21:00:00-04:00,149.73,142.53,-0.78,7.98
2025-07-29 22:00:00-04:00,94.47,90.75,-0.0,3.72
2025-07-29 23:00:00-04:00,75.9,73.69000000000001,-0.0,2.21
2025-07-30 00:00:00-04:00,75.63,73.42999999999999,-0.0,2.2
2025-07-30 01:00:00-04:00,64.92,62.67,-0.0,2.25
2025-07-30 02:00:00-04:00,60.51,58.18,-0.0,2.33
2025-07-30 03:00:00-04:00,53.64,51.48,-0.0,2.16
2025-07-30 04:00:00-04:00,53.87,51.8,-0.0,2.07
2025-07-30 05:00:00-04:00,58.87,56.83,-0.0,2.04
2025-07-30 06:00:00-04:00,60.85,58.34,-0.0,2.51
2025-07-30 07:00:00-04:00,61.82,59.33,-0.0,2.49
2025-07-30 08:00:00-04:00,63.52,61.2,-0.0,2.32
2025-07-30 09:00:00-04:00,66.69,64.56,-0.0,2.13
2025-07-30 10:00:00-04:00,68.79,66.79,-0.0,2.0
2025-07-30 11:00:00-04:00,85.46,82.99,-0.02,2.49
2025-07-30 12:00:00-04:00,96.91,93.71,-0.36,3.56
2025-07-30 13:00:00-04:00,114.26,109.33,-0.1,5.03
2025-07-30 14:00:00-04:00,136.73,131.62,-1.08,6.19
2025-07-30 15:00:00-04:00,159.41,146.19,5.48,7.74
2025-07-30 16:00:00-04:00,200.17,185.05,4.58,10.54
2025-07-30 17:00:00-04:00,258.94,242.91,2.19,13.84
2025-07-30 18:00:00-04:00,365.58,280.8299999999999,67.9,16.85
2025-07-30 19:00:00-04:00,314.48,231.89000000000004,68.21,14.38
2025-07-30 20:00:00-04:00,234.57,159.28,65.25,10.04
2025-07-30 21:00:00-04:00,108.84,99.49,3.38,5.97
2025-07-30 22:00:00-04:00,85.21,81.61999999999999,-0.0,3.59
2025-07-30 23:00:00-04:00,71.44,69.16,-0.0,2.28
2025-07-31 00:00:00-04:00,66.11,63.75,-0.0,2.36
2025-07-31 01:00:00-04:00,56.47,54.3,-0.0,2.17
2025-07-31 02:00:00-04:00,48.73,46.629999999999995,-0.0,2.1
2025-07-31 03:00:00-04:00,47.75,45.65,-0.0,2.1
2025-07-31 04:00:00-04:00,46.43,44.48,-0.0,1.95
2025-07-31 05:00:00-04:00,50.3,48.18,-0.0,2.12
2025-07-31 06:00:00-04:00,54.9,52.94,-0.0,1.96
2025-07-31 07:00:00-04:00,57.0,55.18,-0.0,1.82
2025-07-31 08:00:00-04:00,57.45,55.78,-0.0,1.67
2025-07-31 09:00:00-04:00,57.97,56.34,-0.0,1.63
2025-07-31 10:00:00-04:00,57.51,56.05,-0.0,1.46
2025-07-31 11:00:00-04:00,60.36,58.95,-0.0,1.41
2025-07-31 12:00:00-04:00,63.51,62.02,-0.0,1.49
2025-07-31 13:00:00-04:00,67.74,66.08999999999999,-0.0,1.65
2025-07-31 14:00:00-04:00,69.53,67.77,-0.0,1.76
2025-07-31 15:00:00-04:00,72.47,70.5,-0.0,1.97
2025-07-31 16:00:00-04:00,74.18,72.30000000000001,-0.0,1.88
2025-07-31 17:00:00-04:00,75.97,73.83,-0.0,2.14
2025-07-31 18:00:00-04:00,70.98,68.91000000000001,-0.0,2.07
2025-07-31 19:00:00-04:00,65.53,63.68,-0.0,1.85
2025-07-31 20:00:00-04:00,60.04,58.01,-0.0,2.03
2025-07-31 21:00:00-04:00,58.15,56.24,-0.0,1.91
2025-07-31 22:00:00-04:00,55.43,53.76,-0.0,1.67
2025-07-31 23:00:00-04:00,51.32,49.92,-0.0,1.4
2025-08-01 00:00:00-04:00,43.71,42.15,-0.0,1.56
2025-08-01 01:00:00-04:00,39.13,37.73,-0.0,1.4
2025-08-01 02:00:00-04:00,35.67,34.36,-0.0,1.31
2025-08-01 03:00:00-04:00,32.09,30.850000000000005,-0.0,1.24
2025-08-01 04:00:00-04:00,32.37,31.119999999999997,-0.0,1.25
2025-08-01 05:00:00-04:00,34.04,32.699999999999996,-0.0,1.34
2025-08-01 06:00:00-04:00,38.96,37.53,-0.0,1.43
2025-08-01 07:00:00-04:00,42.22,40.79,-0.0,1.43
2025-08-01 08:00:00-04:00,43.88,42.48,-0.0,1.4
2025-08-01 09:00:00-04:00,41.63,40.46,-0.0,1.17
2025-08-01 10:00:00-04:00,39.57,38.57,-0.0,1.0
2025-08-01 11:00:00-04:00,39.45,38.56,-0.0,0.89
2025-08-01 12:00:00-04:00,39.91,39.05,-0.0,0.86
2025-08-01 13:00:00-04:00,41.78,40.92,-0.0,0.86
2025-08-01 14:00:00-04:00,42.29,41.54,-0.0,0.75
2025-08-01 15:00:00-04:00,45.06,44.22,-0.0,0.84
2025-08-01 16:00:00-04:00,47.8,46.82,-0.0,0.98
2025-08-01 17:00:00-04:00,51.26,50.16,-0.0,1.1
2025-08-01 18:00:00-04:00,57.6,56.14,-0.0,1.46
2025-08-01 19:00:00-04:00,57.64,56.12,-0.0,1.52
2025-08-01 20:00:00-04:00,54.45,52.66,-0.0,1.79
2025-08-01 21:00:00-04:00,47.53,46.01,-0.0,1.52
2025-08-01 22:00:00-04:00,41.15,39.95,-0.0,1.2
2025-08-01 23:00:00-04:00,37.58,36.489999999999995,-0.0,1.09
2025-08-02 00:00:00-04:00,40.33,38.97,-0.0,1.36
2025-08-02 01:00:00-04:00,36.3,35.11,-0.0,1.19
2025-08-02 02:00:00-04:00,32.41,31.409999999999997,-0.0,1.0
2025-08-02 03:00:00-04:00,30.16,29.25,-0.0,0.91
2025-08-02 04:00:00-04:00,30.54,29.619999999999997,-0.0,0.92
2025-08-02 05:00:00-04:00,30.71,29.79,-0.0,0.92
2025-08-02 06:00:00-04:00,32.78,31.83,-0.0,0.95
2025-08-02 07:00:00-04:00,33.16,32.19,-0.0,0.97
2025-08-02 08:00:00-04:00,30.78,30.21,-0.0,0.57
2025-08-02 09:00:00-04:00,30.19,29.77,-0.0,0.42
2025-08-02 10:00:00-04:00,29.02,28.76,-0.0,0.26
2025-08-02 11:00:00-04:00,29.97,29.73,-0.0,0.24
2025-08-02 12:00:00-04:00,31.24,30.93,-0.0,0.31
2025-08-02 13:00:00-04:00,33.31,32.910000000000004,-0.0,0.4
2025-08-02 14:00:00-04:00,35.45,34.96,-0.0,0.49
2025-08-02 15:00:00-04:00,38.24,37.67,-0.0,0.57
2025-08-02 16:00:00-04:00,45.39,44.5,-0.0,0.89
2025-08-02 17:00:00-04:00,54.86,53.73,-0.0,1.13
2025-08-02 18:00:00-04:00,62.1,60.17,-0.0,1.93
2025-08-02 19:00:00-04:00,60.42,58.32,-0.0,2.1
2025-08-02 20:00:00-04:00,54.98,52.76,-0.0,2.22
2025-08-02 21:00:00-04:00,47.61,45.73,-0.0,1.88
2025-08-02 22:00:00-04:00,43.4,41.57,-0.0,1.83
2025-08-02 23:00:00-04:00,38.31,36.870000000000005,-0.0,1.44
2025-08-03 00:00:00-04:00,36.29,35.03,-0.0,1.26
2025-08-03 01:00:00-04:00,31.1,29.87,-0.0,1.23
2025-08-03 02:00:00-04:00,28.55,27.43,-0.0,1.12
2025-08-03 03:00:00-04:00,26.64,25.57,-0.0,1.07
2025-08-03 04:00:00-04:00,26.3,25.22,-0.0,1.08
2025-08-03 05:00:00-04:00,26.82,25.72,-0.0,1.1
2025-08-03 06:00:00-04:00,26.95,25.82,-0.0,1.13
2025-08-03 07:00:00-04:00,27.21,26.24,-0.0,0.97
2025-08-03 08:00:00-04:00,26.97,26.36,-0.0,0.61
2025-08-03 09:00:00-04:00,26.85,26.37,-0.0,0.48
2025-08-03 10:00:00-04:00,28.41,27.96,-0.0,0.45
2025-08-03 11:00:00-04:00,30.35,29.9,-0.0,0.45
2025-08-03 12:00:00-04:00,31.27,30.75,-0.0,0.52
2025-08-03 13:00:00-04:00,34.58,34.0,-0.0,0.58
2025-08-03 14:00:00-04:00,37.77,37.07,-0.0,0.7
2025-08-03 15:00:00-04:00,42.7,41.940000000000005,-0.0,0.76
2025-08-03 16:00:00-04:00,51.15,50.15,-0.0,1.0
2025-08-03 17:00:00-04:00,64.86,63.22,-0.0,1.64
2025-08-03 18:00:00-04:00,76.72,74.34,-0.0,2.38
2025-08-03 19:00:00-04:00,79.25,76.72,-0.0,2.53
2025-08-03 20:00:00-04:00,71.22,68.75,-0.0,2.47
2025-08-03 21:00:00-04:00,59.06,57.06,-0.0,2.0
2025-08-03 22:00:00-04:00,51.42,49.78,-0.0,1.64
2025-08-03 23:00:00-04:00,44.93,43.66,-0.0,1.27
2025-08-04 00:00:00-04:00,38.51,37.239999999999995,-0.0,1.27
2025-08-04 01:00:00-04:00,34.86,33.75,-0.0,1.11
2025-08-04 02:00:00-04:00,31.86,30.78,-0.0,1.08
2025-08-04 03:00:00-04:00,29.5,28.5,-0.0,1.0
2025-08-04 04:00:00-04:00,29.8,28.85,-0.0,0.95
2025-08-04 05:00:00-04:00,33.83,32.85,-0.0,0.98
2025-08-04 06:00:00-04:00,37.14,36.23,-0.0,0.91
2025-08-04 07:00:00-04:00,39.58,38.61,-0.0,0.97
2025-08-04 08:00:00-04:00,38.09,37.16,-0.0,0.93
2025-08-04 09:00:00-04:00,37.27,36.470000000000006,-0.0,0.8
2025-08-04 10:00:00-04:00,41.27,40.46,-0.0,0.81
2025-08-04 11:00:00-04:00,45.39,44.900000000000006,-0.27,0.76
2025-08-04 12:00:00-04:00,48.18,47.45,-0.03,0.76
2025-08-04 13:00:00-04:00,51.99,51.17,-0.0,0.82
2025-08-04 14:00:00-04:00,53.55,52.66,-0.0,0.89
2025-08-04 15:00:00-04:00,57.44,56.419999999999995,-0.0,1.02
2025-08-04 16:00:00-04:00,70.14,68.56,-0.0,1.58
2025-08-04 17:00:00-04:00,82.54,79.59,-0.0,2.95
2025-08-04 18:00:00-04:00,84.33,81.01,-0.0,3.32
2025-08-04 19:00:00-04:00,83.03,79.53,-0.0,3.5
2025-08-04 20:00:00-04:00,77.88,74.88,-0.0,3.0
2025-08-04 21:00:00-04:00,64.09,61.98,-0.0,2.11
2025-08-04 22:00:00-04:00,56.34,54.75,-0.0,1.59
2025-08-04 23:00:00-04:00,48.91,47.669999999999995,-0.0,1.24
2025-08-05 00:00:00-04:00,45.53,44.51,-0.0,1.02
2025-08-05 01:00:00-04:00,40.19,39.36,-0.0,0.83
2025-08-05 02:00:00-04:00,35.91,34.97,-0.0,0.94
2025-08-05 03:00:00-04:00,34.87,33.949999999999996,-0.0,0.92
2025-08-05 04:00:00-04:00,33.19,32.22,-0.0,0.97
2025-08-05 05:00:00-04:00,34.54,33.24,-0.0,1.3
2025-08-05 06:00:00-04:00,39.29,38.07,-0.0,1.22
2025-08-05 07:00:00-04:00,43.43,42.08,-0.0,1.35
2025-08-05 08:00:00-04:00,44.19,43.03,-0.0,1.16
2025-08-05 09:00:00-04:00,43.85,42.99,-0.0,0.86
2025-08-05 10:00:00-04:00,44.48,43.87,-0.0,0.61
2025-08-05 11:00:00-04:00,46.81,46.28,-0.12,0.65
2025-08-05 12:00:00-04:00,51.44,50.8,-0.17,0.81
2025-08-05 13:00:00-04:00,56.77,56.31,-0.33,0.79
2025-08-05 14:00:00-04:00,60.31,59.94,-0.47,0.84
2025-08-05 15:00:00-04:00,66.66,65.8,-0.46,1.32
2025-08-05 16:00:00-04:00,82.35,80.15,-0.04,2.24
2025-08-05 17:00:00-04:00,98.3,94.62,-0.39,4.07
2025-08-05 18:00:00-04:00,95.59,91.86,-0.31,4.04
2025-08-05 19:00:00-04:00,86.11,82.80999999999999,-0.1,3.4
2025-08-05 20:00:00-04:00,77.74,75.17999999999999,-0.0,2.56
2025-08-05 21:00:00-04:00,64.33,62.64,-0.0,1.69
2025-08-05 22:00:00-04:00,54.96,53.62,-0.0,1.34
2025-08-05 23:00:00-04:00,48.21,47.08,-0.0,1.13
2025-08-06 00:00:00-04:00,46.03,45.09,-0.05,0.99
2025-08-06 01:00:00-04:00,42.72,41.8,-0.0,0.92
2025-08-06 02:00:00-04:00,38.66,37.76,-0.0,0.9
2025-08-06 03:00:00-04:00,36.68,35.79,-0.0,0.89
2025-08-06 04:00:00-04:00,37.13,36.190000000000005,-0.0,0.94
2025-08-06 05:00:00-04:00,38.82,37.91,-0.0,0.91
2025-08-06 06:00:00-04:00,43.18,42.21,-0.0,0.97
2025-08-06 07:00:00-04:00,44.83,43.89,-0.02,0.96
2025-08-06 08:00:00-04:00,44.73,43.87,-0.02,0.88
2025-08-06 09:00:00-04:00,43.79,43.22,-0.16,0.73
2025-08-06 10:00:00-04:00,43.16,42.92999999999999,-0.37,0.6
2025-08-06 11:00:00-04:00,45.23,45.12,-0.57,0.68
2025-08-06 12:00:00-04:00,47.89,48.080000000000005,-0.77,0.58
2025-08-06 13:00:00-04:00,52.23,52.49999999999999,-0.8,0.53
2025-08-06 14:00:00-04:00,55.92,56.370000000000005,-0.85,0.4
2025-08-06 15:00:00-04:00,57.35,57.370000000000005,-0.59,0.57
2025-08-06 16:00:00-04:00,69.29,69.60000000000001,-1.08,0.77
2025-08-06 17:00:00-04:00,77.35,76.96,-0.69,1.08
2025-08-06 18:00:00-04:00,76.05,75.39999999999999,-0.63,1.28
2025-08-06 19:00:00-04:00,73.3,71.94,-0.0,1.36
2025-08-06 20:00:00-04:00,66.36,64.87,-0.0,1.49
2025-08-06 21:00:00-04:00,58.5,57.24,-0.0,1.26
2025-08-06 22:00:00-04:00,49.14,48.35,-0.08,0.87
2025-08-06 23:00:00-04:00,45.02,44.220000000000006,-0.0,0.8
2025-08-07 00:00:00-04:00,46.63,45.49,-0.0,1.14
2025-08-07 01:00:00-04:00,42.18,41.15,-0.0,1.03
2025-08-07 02:00:00-04:00,38.67,37.73,-0.0,0.94
2025-08-07 03:00:00-04:00,37.4,36.49,-0.0,0.91
2025-08-07 04:00:00-04:00,36.85,35.92,-0.0,0.93
2025-08-07 05:00:00-04:00,39.47,38.51,-0.0,0.96
2025-08-07 06:00:00-04:00,43.76,42.69,-0.0,1.07
2025-08-07 07:00:00-04:00,45.91,44.79,-0.0,1.12
2025-08-07 08:00:00-04:00,46.16,45.08,-0.0,1.08
2025-08-07 09:00:00-04:00,44.46,43.63,-0.0,0.83
2025-08-07 10:00:00-04:00,44.11,43.46,-0.0,0.65
2025-08-07 11:00:00-04:00,46.39,45.98,-0.14,0.55
2025-08-07 12:00:00-04:00,47.75,47.510000000000005,-0.24,0.48
2025-08-07 13:00:00-04:00,52.04,51.97,-0.4,0.47
2025-08-07 14:00:00-04:00,53.89,53.83,-0.32,0.38
2025-08-07 15:00:00-04:00,58.5,58.48,-0.39,0.41
2025-08-07 16:00:00-04:00,65.65,65.38000000000001,-0.06,0.33
2025-08-07 17:00:00-04:00,77.8,76.73,-0.0,1.07
2025-08-07 18:00:00-04:00,78.11,76.66,-0.0,1.45
2025-08-07 19:00:00-04:00,78.1,76.57,-0.0,1.53
2025-08-07 20:00:00-04:00,73.0,71.36,-0.0,1.64
2025-08-07 21:00:00-04:00,61.88,60.78,-0.0,1.1
2025-08-07 22:00:00-04:00,53.84,52.73,-0.0,1.11
2025-08-07 23:00:00-04:00,47.78,46.75,-0.0,1.03
2025-08-08 00:00:00-04:00,47.16,46.15,-0.0,1.01
2025-08-08 01:00:00-04:00,43.23,42.18,-0.0,1.05
2025-08-08 02:00:00-04:00,37.35,36.370000000000005,-0.0,0.98
2025-08-08 03:00:00-04:00,35.44,34.48,-0.0,0.96
2025-08-08 04:00:00-04:00,35.49,34.46,-0.0,1.03
2025-08-08 05:00:00-04:00,37.48,36.419999999999995,-0.0,1.06
2025-08-08 06:00:00-04:00,43.32,42.22,-0.0,1.1
2025-08-08 07:00:00-04:00,44.8,43.84,-0.0,0.96
2025-08-08 08:00:00-04:00,42.77,41.970000000000006,-0.0,0.8
2025-08-08 09:00:00-04:00,40.06,39.55,-0.0,0.51
2025-08-08 10:00:00-04:00,39.75,39.51,-0.0,0.24
2025-08-08 11:00:00-04:00,41.82,41.65,-0.0,0.17
2025-08-08 12:00:00-04:00,43.76,43.919999999999995,-0.12,-0.04
2025-08-08 13:00:00-04:00,47.24,47.48,-0.19,-0.05
2025-08-08 14:00:00-04:00,51.02,50.96000000000001,-0.09,0.15
2025-08-08 15:00:00-04:00,54.99,54.72,-0.0,0.27
2025-08-08 16:00:00-04:00,62.42,62.05,-0.0,0.37
2025-08-08 17:00:00-04:00,72.21,71.28999999999999,-0.0,0.92
2025-08-08 18:00:00-04:00,77.0,75.49,-0.0,1.51
2025-08-08 19:00:00-04:00,77.78,76.18,-0.0,1.6
2025-08-08 20:00:00-04:00,69.64,68.01,-0.0,1.63
2025-08-08 21:00:00-04:00,60.17,58.82,-0.0,1.35
2025-08-08 22:00:00-04:00,52.05,50.83,-0.0,1.22
2025-08-08 23:00:00-04:00,45.23,44.26,-0.0,0.97
2025-08-09 00:00:00-04:00,41.18,40.22,-0.0,0.96
2025-08-09 01:00:00-04:00,36.43,35.44,-0.0,0.99
2025-08-09 02:00:00-04:00,34.17,33.24,-0.0,0.93
2025-08-09 03:00:00-04:00,31.82,30.95,-0.0,0.87
2025-08-09 04:00:00-04:00,32.81,31.860000000000003,-0.0,0.95
2025-08-09 05:00:00-04:00,33.29,32.29,-0.0,1.0
2025-08-09 06:00:00-04:00,33.01,32.05,-0.0,0.96
2025-08-09 07:00:00-04:00,33.01,32.239999999999995,-0.0,0.77
2025-08-09 08:00:00-04:00,30.87,30.39,-0.0,0.48
2025-08-09 09:00:00-04:00,30.45,30.15,-0.0,0.3
2025-08-09 10:00:00-04:00,33.04,32.839999999999996,-0.0,0.2
2025-08-09 11:00:00-04:00,36.72,36.93,-0.25,0.04
2025-08-09 12:00:00-04:00,39.46,39.96,-0.46,-0.04
2025-08-09 13:00:00-04:00,42.37,43.24999999999999,-0.66,-0.22
2025-08-09 14:00:00-04:00,44.68,45.51,-0.69,-0.14
2025-08-09 15:00:00-04:00,47.5,48.05,-0.45,-0.1
2025-08-09 16:00:00-04:00,55.72,55.84,-0.23,0.11
2025-08-09 17:00:00-04:00,65.02,64.8,-0.43,0.65
2025-08-09 18:00:00-04:00,73.5,72.13,-0.0,1.37
2025-08-09 19:00:00-04:00,74.49,72.75,-0.0,1.74
2025-08-09 20:00:00-04:00,66.45,64.95,-0.0,1.5
2025-08-09 21:00:00-04:00,58.04,56.79,-0.0,1.25
2025-08-09 22:00:00-04:00,49.56,48.66,-0.07,0.97
2025-08-09 23:00:00-04:00,45.13,44.25,-0.0,0.88
2025-08-10 00:00:00-04:00,41.82,40.8,-0.0,1.02
2025-08-10 01:00:00-04:00,38.67,37.690000000000005,-0.0,0.98
2025-08-10 02:00:00-04:00,35.41,34.379999999999995,-0.0,1.03
2025-08-10 03:00:00-04:00,34.37,33.37,-0.0,1.0
2025-08-10 04:00:00-04:00,33.88,32.830000000000005,-0.0,1.05
2025-08-10 05:00:00-04:00,34.06,33.03,-0.0,1.03
2025-08-10 06:00:00-04:00,33.48,32.47,-0.0,1.01
2025-08-10 07:00:00-04:00,32.69,31.769999999999996,-0.0,0.92
2025-08-10 08:00:00-04:00,32.35,31.72,-0.0,0.63
2025-08-10 09:00:00-04:00,33.14,32.78,-0.0,0.36
2025-08-10 10:00:00-04:00,35.95,35.7,-0.0,0.25
2025-08-10 11:00:00-04:00,41.79,41.62,-0.0,0.17
2025-08-10 12:00:00-04:00,47.51,47.61,-0.0,-0.1
2025-08-10 13:00:00-04:00,51.58,51.54,-0.01,0.05
2025-08-10 14:00:00-04:00,55.71,56.05,-0.12,-0.22
2025-08-10 15:00:00-04:00,58.85,58.75000000000001,-0.2,0.3
2025-08-10 16:00:00-04:00,69.15,68.94000000000001,-0.48,0.69
2025-08-10 17:00:00-04:00,87.29,86.02,-0.1,1.37
2025-08-10 18:00:00-04:00,98.13,96.02,-0.38,2.49
2025-08-10 19:00:00-04:00,97.39,95.08,-0.35,2.66
2025-08-10 20:00:00-04:00,91.11,88.81,-0.18,2.48
2025-08-10 21:00:00-04:00,70.58,68.72,-0.0,1.86
2025-08-10 22:00:00-04:00,60.2,58.73,-0.0,1.47
2025-08-10 23:00:00-04:00,50.11,48.98,-0.0,1.13
2025-08-11 00:00:00-04:00,51.52,49.73,-0.0,1.79
2025-08-11 01:00:00-04:00,44.71,43.2,-0.0,1.51
2025-08-11 02:00:00-04:00,41.33,39.9,-0.0,1.43
2025-08-11 03:00:00-04:00,37.42,36.120000000000005,-0.0,1.3
2025-08-11 04:00:00-04:00,37.31,35.980000000000004,-0.0,1.33
2025-08-11 05:00:00-04:00,40.71,39.22,-0.0,1.49
2025-08-11 06:00:00-04:00,45.42,43.84,-0.0,1.58
2025-08-11 07:00:00-04:00,48.87,47.22,-0.0,1.65
2025-08-11 08:00:00-04:00,50.05,48.64,-0.0,1.41
2025-08-11 09:00:00-04:00,51.95,50.98,-0.0,0.97
2025-08-11 10:00:00-04:00,55.95,55.23,-0.0,0.72
2025-08-11 11:00:00-04:00,64.51,63.81,-0.0,0.7
2025-08-11 12:00:00-04:00,72.95,72.23,-0.0,0.72
2025-08-11 13:00:00-04:00,97.69,96.27,-0.12,1.54
2025-08-11 14:00:00-04:00,106.37,104.44,-0.36,2.29
2025-08-11 15:00:00-04:00,113.95,110.75,-0.57,3.77
2025-08-11 16:00:00-04:00,141.28,135.92000000000002,-0.61,5.97
2025-08-11 17:00:00-04:00,237.92,163.95999999999998,65.44,8.52
2025-08-11 18:00:00-04:00,366.96,157.91999999999996,200.68,8.36
2025-08-11 19:00:00-04:00,349.29,128.1,214.28,6.91
2025-08-11 20:00:00-04:00,264.82,126.11999999999998,132.52,6.18
2025-08-11 21:00:00-04:00,163.98,98.40999999999995,61.24,4.33
2025-08-11 22:00:00-04:00,78.47,75.67,-0.0,2.8
2025-08-11 23:00:00-04:00,66.18,63.940000000000005,-0.0,2.24
2025-08-12 00:00:00-04:00,62.94,60.809999999999995,-0.0,2.13
2025-08-12 01:00:00-04:00,56.29,54.34,-0.0,1.95
2025-08-12 02:00:00-04:00,50.78,49.06,-0.0,1.72
2025-08-12 03:00:00-04:00,47.5,45.89,-0.0,1.61
2025-08-12 04:00:00-04:00,48.2,46.53,-0.0,1.67
2025-08-12 05:00:00-04:00,50.66,48.9,-0.0,1.76
2025-08-12 06:00:00-04:00,55.32,53.45,-0.0,1.87
2025-08-12 07:00:00-04:00,58.04,56.29,-0.0,1.75
2025-08-12 08:00:00-04:00,61.8,60.349999999999994,-0.0,1.45
2025-08-12 09:00:00-04:00,65.32,64.28999999999999,-0.0,1.03
2025-08-12 10:00:00-04:00,72.55,71.83,-0.0,0.72
2025-08-12 11:00:00-04:00,82.32,81.5,-0.0,0.82
2025-08-12 12:00:00-04:00,95.93,94.61,-0.0,1.32
2025-08-12 13:00:00-04:00,111.2,108.06,-0.0,3.14
2025-08-12 14:00:00-04:00,127.24,122.47,-0.0,4.77
2025-08-12 15:00:00-04:00,139.35,132.97,-0.0,6.38
2025-08-12 16:00:00-04:00,189.77,180.4,-0.0,9.37
2025-08-12 17:00:00-04:00,316.99,230.02999999999997,75.24,11.72
2025-08-12 18:00:00-04:00,449.02,207.42,231.03,10.57
2025-08-12 19:00:00-04:00,441.12,158.2,274.54,8.38
2025-08-12 20:00:00-04:00,375.0,136.84,230.91,7.25
2025-08-12 21:00:00-04:00,234.81,112.24,116.96,5.61
2025-08-12 22:00:00-04:00,127.69,95.52,28.16,4.01
2025-08-12 23:00:00-04:00,82.23,79.68,-0.0,2.55
2025-08-13 00:00:00-04:00,64.08,62.52,-0.0,1.56
2025-08-13 01:00:00-04:00,54.57,53.19,-0.0,1.38
2025-08-13 02:00:00-04:00,50.18,48.91,-0.0,1.27
2025-08-13 03:00:00-04:00,50.12,48.8,-0.0,1.32
2025-08-13 04:00:00-04:00,50.12,48.76,-0.0,1.36
2025-08-13 05:00:00-04:00,51.11,49.72,-0.0,1.39
2025-08-13 06:00:00-04:00,57.31,55.75,-0.0,1.56
2025-08-13 07:00:00-04:00,60.79,59.42,-0.0,1.37
2025-08-13 08:00:00-04:00,63.25,62.07,-0.0,1.18
2025-08-13 09:00:00-04:00,66.2,64.9,-0.0,1.3
2025-08-13 10:00:00-04:00,73.7,72.04,-0.0,1.66
2025-08-13 11:00:00-04:00,78.95,76.35000000000001,-0.0,2.6
2025-08-13 12:00:00-04:00,85.54,82.25,-0.0,3.29
2025-08-13 13:00:00-04:00,96.35,92.47,-0.0,3.88
2025-08-13 14:00:00-04:00,103.88,99.69,-0.0,4.19
2025-08-13 15:00:00-04:00,121.15,110.78000000000002,5.38,4.99
2025-08-13 16:00:00-04:00,147.23,134.82999999999998,5.93,6.47
2025-08-13 17:00:00-04:00,180.66,163.32999999999998,8.68,8.65
2025-08-13 18:00:00-04:00,160.89,152.64999999999998,-0.0,8.24
2025-08-13 19:00:00-04:00,121.01,114.81,-0.0,6.2
2025-08-13 20:00:00-04:00,96.35,91.59,-0.0,4.76
2025-08-13 21:00:00-04:00,87.0,83.49,-0.0,3.51
2025-08-13 22:00:00-04:00,72.59,70.07000000000001,-0.0,2.52
2025-08-13 23:00:00-04:00,64.1,62.35999999999999,-0.0,1.74
2025-08-14 00:00:00-04:00,56.98,55.54,-0.0,1.44
2025-08-14 01:00:00-04:00,52.15,50.879999999999995,-0.0,1.27
2025-08-14 02:00:00-04:00,47.9,46.69,-0.0,1.21
2025-08-14 03:00:00-04:00,44.17,43.05,-0.0,1.12
2025-08-14 04:00:00-04:00,43.93,42.77,-0.0,1.16
2025-08-14 05:00:00-04:00,47.43,46.09,-0.0,1.34
2025-08-14 06:00:00-04:00,53.75,52.23,-0.0,1.52
2025-08-14 07:00:00-04:00,55.05,53.55,-0.0,1.5
2025-08-14 08:00:00-04:00,55.53,54.07,-0.0,1.46
2025-08-14 09:00:00-04:00,58.11,56.8,-0.0,1.31
2025-08-14 10:00:00-04:00,56.99,56.04,-0.0,0.95
2025-08-14 11:00:00-04:00,62.53,61.55,-0.0,0.98
2025-08-14 12:00:00-04:00,69.17,67.88,-0.0,1.29
2025-08-14 13:00:00-04:00,74.26,72.02000000000001,-0.0,2.24
2025-08-14 14:00:00-04:00,76.24,72.3,0.97,2.97
2025-08-14 15:00:00-04:00,78.68,75.51,-0.0,3.17
2025-08-14 16:00:00-04:00,88.87,82.44000000000001,2.55,3.88
2025-08-14 17:00:00-04:00,97.6,92.57,0.59,4.44
2025-08-14 18:00:00-04:00,93.54,88.69000000000001,0.24,4.61
2025-08-14 19:00:00-04:00,80.97,76.97,-0.0,4.0
2025-08-14 20:00:00-04:00,75.74,72.55,-0.0,3.19
2025-08-14 21:00:00-04:00,66.74,64.53999999999999,-0.0,2.2
2025-08-14 22:00:00-04:00,59.42,57.86,-0.0,1.56
2025-08-14 23:00:00-04:00,51.71,50.5,-0.0,1.21
2025-08-15 00:00:00-04:00,47.5,46.57,-0.0,0.93
2025-08-15 01:00:00-04:00,44.1,43.36,-0.0,0.74
2025-08-15 02:00:00-04:00,39.91,39.169999999999995,-0.0,0.74
2025-08-15 03:00:00-04:00,36.11,35.4,-0.0,0.71
2025-08-15 04:00:00-04:00,36.29,35.54,-0.0,0.75
2025-08-15 05:00:00-04:00,38.85,38.05,-0.0,0.8
2025-08-15 06:00:00-04:00,43.17,42.370000000000005,-0.0,0.8
2025-08-15 07:00:00-04:00,45.5,44.74,-0.0,0.76
2025-08-15 08:00:00-04:00,45.82,45.14,-0.0,0.68
2025-08-15 09:00:00-04:00,45.68,45.27,-0.0,0.41
2025-08-15 10:00:00-04:00,45.39,45.47,-0.17,0.09
2025-08-15 11:00:00-04:00,50.91,51.32999999999999,-0.37,-0.05
2025-08-15 12:00:00-04:00,51.56,52.08,-0.36,-0.16
2025-08-15 13:00:00-04:00,59.11,59.92,-0.63,-0.18
2025-08-15 14:00:00-04:00,62.19,63.059999999999995,-0.87,0.0
2025-08-15 15:00:00-04:00,65.49,66.08999999999999,-1.07,0.47
2025-08-15 16:00:00-04:00,76.63,75.35,-0.08,1.36
2025-08-15 17:00:00-04:00,80.51,77.94000000000001,-0.0,2.57
2025-08-15 18:00:00-04:00,79.13,76.08,-0.0,3.05
2025-08-15 19:00:00-04:00,75.33,72.99,-0.0,2.34
2025-08-15 20:00:00-04:00,69.01,67.46000000000001,-0.0,1.55
2025-08-15 21:00:00-04:00,60.74,59.84,-0.0,0.9
2025-08-15 22:00:00-04:00,53.36,52.57,-0.0,0.79
2025-08-15 23:00:00-04:00,48.83,48.25,-0.0,0.58
2025-08-16 00:00:00-04:00,43.63,42.790000000000006,-0.06,0.9
2025-08-16 01:00:00-04:00,40.03,39.21,-0.0,0.82
2025-08-16 02:00:00-04:00,37.09,36.330000000000005,-0.0,0.76
2025-08-16 03:00:00-04:00,33.93,33.1,-0.0,0.83
2025-08-16 04:00:00-04:00,33.07,32.23,-0.0,0.84
2025-08-16 05:00:00-04:00,34.46,33.59,-0.0,0.87
2025-08-16 06:00:00-04:00,35.15,34.33,-0.0,0.82
2025-08-16 07:00:00-04:00,34.2,33.46,-0.0,0.74
2025-08-16 08:00:00-04:00,33.79,33.13,-0.0,0.66
2025-08-16 09:00:00-04:00,36.77,36.85,-0.6,0.52
2025-08-16 10:00:00-04:00,39.49,39.830000000000005,-0.74,0.4
2025-08-16 11:00:00-04:00,43.06,43.94,-0.97,0.09
2025-08-16 12:00:00-04:00,45.73,46.739999999999995,-1.15,0.14
2025-08-16 13:00:00-04:00,50.44,51.54,-1.26,0.16
2025-08-16 14:00:00-04:00,53.46,54.74,-1.56,0.28
2025-08-16 15:00:00-04:00,61.34,62.690000000000005,-1.85,0.5
2025-08-16 16:00:00-04:00,71.26,71.67999999999999,-1.21,0.79
2025-08-16 17:00:00-04:00,81.2,80.17999999999999,-0.1,1.12
2025-08-16 18:00:00-04:00,82.08,80.39,-0.0,1.69
2025-08-16 19:00:00-04:00,75.94,74.16,-0.0,1.78
2025-08-16 20:00:00-04:00,68.23,66.76,-0.0,1.47
2025-08-16 21:00:00-04:00,61.53,60.09,-0.0,1.44
2025-08-16 22:00:00-04:00,54.97,53.84,-0.0,1.13
2025-08-16 23:00:00-04:00,48.31,47.45,-0.0,0.86
2025-08-17 00:00:00-04:00,46.31,44.96,-0.0,1.35
2025-08-17 01:00:00-04:00,41.77,40.48,-0.0,1.29
2025-08-17 02:00:00-04:00,36.94,35.72,-0.0,1.22
2025-08-17 03:00:00-04:00,33.92,32.74,-0.0,1.18
2025-08-17 04:00:00-04:00,32.71,31.54,-0.0,1.17
2025-08-17 05:00:00-04:00,34.86,33.65,-0.0,1.21
2025-08-17 06:00:00-04:00,34.94,33.79,-0.0,1.15
2025-08-17 07:00:00-04:00,35.06,34.0,-0.0,1.06
2025-08-17 08:00:00-04:00,35.4,34.37,-0.0,1.03
2025-08-17 09:00:00-04:00,37.78,36.93,-0.0,0.85
2025-08-17 10:00:00-04:00,41.72,41.260000000000005,-0.2,0.66
2025-08-17 11:00:00-04:00,46.46,45.98,-0.3,0.78
2025-08-17 12:00:00-04:00,50.43,50.14,-0.51,0.8
2025-08-17 13:00:00-04:00,55.45,54.73,-0.37,1.09
2025-08-17 14:00:00-04:00,59.61,58.74,-0.42,1.29
2025-08-17 15:00:00-04:00,67.13,65.42999999999999,-0.0,1.7
2025-08-17 16:00:00-04:00,85.18,82.78,-0.08,2.48
2025-08-17 17:00:00-04:00,100.65,97.17000000000002,-0.12,3.6
2025-08-17 18:00:00-04:00,104.96,101.12,-0.21,4.05
2025-08-17 19:00:00-04:00,93.21,89.71,-0.0,3.5
2025-08-17 20:00:00-04:00,75.22,72.75,-0.0,2.47
2025-08-17 21:00:00-04:00,64.65,62.650000000000006,-0.0,2.0
2025-08-17 22:00:00-04:00,54.73,53.19,-0.0,1.54
2025-08-17 23:00:00-04:00,48.15,46.75,-0.0,1.4
2025-08-18 00:00:00-04:00,41.76,40.5,-0.0,1.26
2025-08-18 01:00:00-04:00,37.9,36.73,-0.0,1.17
2025-08-18 02:00:00-04:00,34.76,33.55,-0.0,1.21
2025-08-18 03:00:00-04:00,31.98,30.9,-0.0,1.08
2025-08-18 04:00:00-04:00,32.09,31.070000000000004,-0.0,1.02
2025-08-18 05:00:00-04:00,35.69,34.72,-0.0,0.97
2025-08-18 06:00:00-04:00,39.89,38.88,-0.0,1.01
2025-08-18 07:00:00-04:00,42.73,41.69,-0.0,1.04
2025-08-18 08:00:00-04:00,41.54,40.52,-0.03,1.05
2025-08-18 09:00:00-04:00,37.55,37.459999999999994,-0.66,0.75
2025-08-18 10:00:00-04:00,36.25,36.31,-0.61,0.55
2025-08-18 11:00:00-04:00,36.65,36.86,-0.65,0.44
2025-08-18 12:00:00-04:00,39.95,40.38,-0.87,0.44
2025-08-18 13:00:00-04:00,41.46,42.01,-0.97,0.42
2025-08-18 14:00:00-04:00,43.98,44.73,-1.11,0.36
2025-08-18 15:00:00-04:00,46.93,47.58,-1.22,0.57
2025-08-18 16:00:00-04:00,53.82,54.33,-1.33,0.82
2025-08-18 17:00:00-04:00,63.66,63.37,-0.53,0.82
2025-08-18 18:00:00-04:00,65.97,64.74,-0.0,1.23
2025-08-18 19:00:00-04:00,58.95,57.690000000000005,-0.18,1.44
2025-08-18 20:00:00-04:00,50.85,49.47,-0.0,1.38
2025-08-18 21:00:00-04:00,45.99,44.830000000000005,-0.0,1.16
2025-08-18 22:00:00-04:00,43.31,42.34,-0.0,0.97
2025-08-18 23:00:00-04:00,39.16,38.279999999999994,-0.0,0.88
2025-08-19 00:00:00-04:00,34.75,34.0,-0.0,0.75
2025-08-19 01:00:00-04:00,30.34,29.69,-0.0,0.65
2025-08-19 02:00:00-04:00,29.32,28.63,-0.0,0.69
2025-08-19 03:00:00-04:00,28.19,27.58,-0.0,0.61
2025-08-19 04:00:00-04:00,28.37,27.71,-0.0,0.66
2025-08-19 05:00:00-04:00,29.21,28.55,-0.0,0.66
2025-08-19 06:00:00-04:00,33.93,33.1,-0.0,0.83
2025-08-19 07:00:00-04:00,35.87,35.029999999999994,-0.0,0.84
2025-08-19 08:00:00-04:00,33.75,33.05,-0.0,0.7
2025-08-19 09:00:00-04:00,31.6,31.380000000000003,-0.25,0.47
2025-08-19 10:00:00-04:00,31.91,31.82,-0.23,0.32
2025-08-19 11:00:00-04:00,33.54,33.629999999999995,-0.36,0.27
2025-08-19 12:00:00-04:00,35.79,36.06,-0.59,0.32
2025-08-19 13:00:00-04:00,38.2,38.830000000000005,-0.86,0.23
2025-08-19 14:00:00-04:00,41.69,42.35,-0.92,0.26
2025-08-19 15:00:00-04:00,43.61,44.33,-1.03,0.31
2025-08-19 16:00:00-04:00,48.09,48.73,-1.23,0.59
2025-08-19 17:00:00-04:00,53.22,52.599999999999994,-0.22,0.84
2025-08-19 18:00:00-04:00,58.78,57.57,-0.0,1.21
2025-08-19 19:00:00-04:00,58.49,57.17,-0.0,1.32
2025-08-19 20:00:00-04:00,54.63,53.190000000000005,-0.0,1.44
2025-08-19 21:00:00-04:00,46.51,45.849999999999994,-0.3,0.96
2025-08-19 22:00:00-04:00,40.04,39.870000000000005,-0.59,0.76
2025-08-19 23:00:00-04:00,35.73,35.10999999999999,-0.05,0.67
2025-08-20 00:00:00-04:00,33.26,32.48,-0.0,0.78
2025-08-20 01:00:00-04:00,29.9,29.2,-0.0,0.7
2025-08-20 02:00:00-04:00,28.95,28.24,-0.0,0.71
2025-08-20 03:00:00-04:00,28.1,27.44,-0.0,0.66
2025-08-20 04:00:00-04:00,28.51,27.81,-0.0,0.7
2025-08-20 05:00:00-04:00,29.99,29.229999999999997,-0.0,0.76
2025-08-20 06:00:00-04:00,36.36,35.51,-0.0,0.85
2025-08-20 07:00:00-04:00,40.99,40.190000000000005,-0.0,0.8
2025-08-20 08:00:00-04:00,40.59,39.790000000000006,-0.07,0.87
2025-08-20 09:00:00-04:00,41.3,40.86,-0.25,0.69
2025-08-20 10:00:00-04:00,39.88,39.8,-0.36,0.44
2025-08-20 11:00:00-04:00,41.4,41.71,-0.68,0.37
2025-08-20 12:00:00-04:00,41.73,41.959999999999994,-0.65,0.42
2025-08-20 13:00:00-04:00,47.76,48.559999999999995,-1.19,0.39
2025-08-20 14:00:00-04:00,48.73,49.56999999999999,-1.19,0.35
2025-08-20 15:00:00-04:00,50.33,50.86,-0.93,0.4
2025-08-20 16:00:00-04:00,54.07,54.3,-0.77,0.54
2025-08-20 17:00:00-04:00,59.07,58.94,-0.58,0.71
2025-08-20 18:00:00-04:00,60.04,59.35,-0.38,1.07
2025-08-20 19:00:00-04:00,57.81,57.0,-0.22,1.03
2025-08-20 20:00:00-04:00,53.7,52.75,-0.0,0.95
2025-08-20 21:00:00-04:00,50.46,49.81,-0.0,0.65
2025-08-20 22:00:00-04:00,41.69,41.14,-0.11,0.66
2025-08-20 23:00:00-04:00,37.05,36.73,-0.27,0.59
2025-08-21 00:00:00-04:00,33.64,32.92,-0.0,0.72
2025-08-21 01:00:00-04:00,31.06,30.45,-0.0,0.61
2025-08-21 02:00:00-04:00,28.63,28.01,-0.0,0.62
2025-08-21 03:00:00-04:00,27.32,26.76,-0.0,0.56
2025-08-21 04:00:00-04:00,27.11,26.53,-0.0,0.58
2025-08-21 05:00:00-04:00,30.11,29.43,-0.0,0.68
2025-08-21 06:00:00-04:00,36.3,35.55,-0.0,0.75
2025-08-21 07:00:00-04:00,38.71,37.77,-0.0,0.94
2025-08-21 08:00:00-04:00,39.61,38.64,-0.0,0.97
2025-08-21 09:00:00-04:00,36.4,35.85,-0.1,0.65
2025-08-21 10:00:00-04:00,36.86,36.46,-0.15,0.55
2025-08-21 11:00:00-04:00,36.76,36.77,-0.49,0.48
2025-08-21 12:00:00-04:00,37.34,37.53000000000001,-0.6,0.41
2025-08-21 13:00:00-04:00,39.65,39.59,-0.34,0.4
2025-08-21 14:00:00-04:00,39.77,39.760000000000005,-0.39,0.4
2025-08-21 15:00:00-04:00,40.69,40.47,-0.18,0.4
2025-08-21 16:00:00-04:00,42.36,41.78,-0.0,0.58
2025-08-21 17:00:00-04:00,47.87,47.02,-0.0,0.85
2025-08-21 18:00:00-04:00,52.43,51.2,-0.0,1.23
2025-08-21 19:00:00-04:00,51.55,50.34,-0.0,1.21
2025-08-21 20:00:00-04:00,50.2,49.03,-0.0,1.17
2025-08-21 21:00:00-04:00,44.19,43.2,-0.0,0.99
2025-08-21 22:00:00-04:00,37.96,37.14,-0.0,0.82
2025-08-21 23:00:00-04:00,34.15,33.55,-0.0,0.6
2025-08-22 00:00:00-04:00,32.16,31.659999999999997,-0.0,0.5
2025-08-22 01:00:00-04:00,29.52,29.0,-0.0,0.52
2025-08-22 02:00:00-04:00,27.07,26.54,-0.0,0.53
2025-08-22 03:00:00-04:00,25.88,25.369999999999997,-0.0,0.51
2025-08-22 04:00:00-04:00,26.49,25.97,-0.0,0.52
2025-08-22 05:00:00-04:00,28.87,28.25,-0.0,0.62
2025-08-22 06:00:00-04:00,33.58,32.89,-0.0,0.69
2025-08-22 07:00:00-04:00,36.39,35.68,-0.0,0.71
2025-08-22 08:00:00-04:00,30.78,30.32,-0.0,0.46
2025-08-22 09:00:00-04:00,27.17,26.82,-0.0,0.35
2025-08-22 10:00:00-04:00,27.7,27.62,-0.14,0.22
2025-08-22 11:00:00-04:00,29.48,29.55,-0.25,0.18
2025-08-22 12:00:00-04:00,30.98,31.18,-0.36,0.16
2025-08-22 13:00:00-04:00,33.91,34.269999999999996,-0.57,0.21
2025-08-22 14:00:00-04:00,36.31,36.92,-0.72,0.11
2025-08-22 15:00:00-04:00,39.06,39.71,-0.85,0.2
2025-08-22 16:00:00-04:00,44.79,45.01,-0.67,0.45
2025-08-22 17:00:00-04:00,59.02,58.59,-0.5,0.93
2025-08-22 18:00:00-04:00,67.11,66.07,-0.35,1.39
2025-08-22 19:00:00-04:00,64.69,63.3,-0.0,1.39
2025-08-22 20:00:00-04:00,54.44,53.059999999999995,-0.0,1.38
2025-08-22 21:00:00-04:00,50.75,49.66,-0.0,1.09
2025-08-22 22:00:00-04:00,44.0,43.14,-0.0,0.86
2025-08-22 23:00:00-04:00,37.68,36.98,-0.0,0.7
2025-08-23 00:00:00-04:00,30.06,29.44,-0.0,0.62
2025-08-23 01:00:00-04:00,28.92,28.35,-0.0,0.57
2025-08-23 02:00:00-04:00,27.55,26.98,-0.0,0.57
2025-08-23 03:00:00-04:00,25.9,25.369999999999997,-0.0,0.53
2025-08-23 04:00:00-04:00,25.63,25.05,-0.0,0.58
2025-08-23 05:00:00-04:00,25.9,25.32,-0.0,0.58
2025-08-23 06:00:00-04:00,27.08,26.42,-0.0,0.66
2025-08-23 07:00:00-04:00,26.27,25.63,-0.0,0.64
2025-08-23 08:00:00-04:00,25.86,25.45,-0.0,0.41
2025-08-23 09:00:00-04:00,24.63,24.39,-0.0,0.24
2025-08-23 10:00:00-04:00,26.07,25.91,-0.0,0.16
2025-08-23 11:00:00-04:00,27.32,27.21,-0.0,0.11
2025-08-23 12:00:00-04:00,28.39,28.33,-0.0,0.06
2025-08-23 13:00:00-04:00,30.42,30.27,-0.24,0.39
2025-08-23 14:00:00-04:00,33.18,33.15,-0.4,0.43
2025-08-23 15:00:00-04:00,36.18,36.13,-0.56,0.61
2025-08-23 16:00:00-04:00,43.1,43.08,-0.8,0.82
2025-08-23 17:00:00-04:00,51.3,50.2,-0.0,1.1
2025-08-23 18:00:00-04:00,57.19,55.58,-0.0,1.61
2025-08-23 19:00:00-04:00,52.01,50.4,-0.0,1.61
2025-08-23 20:00:00-04:00,47.54,46.02,-0.0,1.52
2025-08-23 21:00:00-04:00,42.16,41.01,-0.0,1.15
2025-08-23 22:00:00-04:00,36.76,35.79,-0.0,0.97
2025-08-23 23:00:00-04:00,32.34,31.49,-0.0,0.85
2025-08-24 00:00:00-04:00,28.07,27.25,-0.0,0.82
2025-08-24 01:00:00-04:00,26.15,25.34,-0.0,0.81
2025-08-24 02:00:00-04:00,24.08,23.31,-0.0,0.77
2025-08-24 03:00:00-04:00,22.69,21.92,-0.0,0.77
2025-08-24 04:00:00-04:00,22.54,21.82,-0.0,0.72
2025-08-24 05:00:00-04:00,23.7,22.92,-0.0,0.78
2025-08-24 06:00:00-04:00,23.99,23.22,-0.0,0.77
2025-08-24 07:00:00-04:00,23.17,22.450000000000003,-0.0,0.72
2025-08-24 08:00:00-04:00,23.05,22.42,-0.0,0.63
2025-08-24 09:00:00-04:00,23.52,22.99,-0.0,0.53
2025-08-24 10:00:00-04:00,24.93,24.45,-0.03,0.51
2025-08-24 11:00:00-04:00,26.47,25.97,-0.15,0.65
2025-08-24 12:00:00-04:00,28.85,28.5,-0.33,0.68
2025-08-24 13:00:00-04:00,32.11,31.9,-0.55,0.76
2025-08-24 14:00:00-04:00,34.14,33.949999999999996,-0.66,0.85
2025-08-24 15:00:00-04:00,35.65,35.559999999999995,-0.76,0.85
2025-08-24 16:00:00-04:00,42.34,41.7,-0.49,1.13
2025-08-24 17:00:00-04:00,49.92,48.510000000000005,-0.0,1.41
2025-08-24 18:00:00-04:00,53.61,51.9,-0.0,1.71
2025-08-24 19:00:00-04:00,50.26,48.83,-0.23,1.66
2025-08-24 20:00:00-04:00,48.37,47.06,-0.34,1.65
2025-08-24 21:00:00-04:00,40.73,39.629999999999995,-0.21,1.31
2025-08-24 22:00:00-04:00,36.41,35.72,-0.42,1.11
2025-08-24 23:00:00-04:00,32.99,32.14,-0.15,1.0
2025-08-25 00:00:00-04:00,31.77,30.93,-0.0,0.84
2025-08-25 01:00:00-04:00,28.14,27.35,-0.0,0.79
2025-08-25 02:00:00-04:00,26.32,25.55,-0.0,0.77
2025-08-25 03:00:00-04:00,25.44,24.67,-0.0,0.77
2025-08-25 04:00:00-04:00,25.55,24.76,-0.0,0.79
2025-08-25 05:00:00-04:00,27.14,26.32,-0.0,0.82
2025-08-25 06:00:00-04:00,31.46,30.54,-0.0,0.92
2025-08-25 07:00:00-04:00,33.97,32.92,-0.0,1.05
2025-08-25 08:00:00-04:00,33.14,31.85,0.18,1.11
2025-08-25 09:00:00-04:00,29.97,28.959999999999997,-0.0,1.01
2025-08-25 10:00:00-04:00,29.97,29.07,-0.0,0.9
2025-08-25 11:00:00-04:00,31.49,30.63,-0.0,0.86
2025-08-25 12:00:00-04:00,32.64,31.66,0.16,0.82
2025-08-25 13:00:00-04:00,36.37,35.19,0.13,1.05
2025-08-25 14:00:00-04:00,36.31,35.21,0.04,1.06
2025-08-25 15:00:00-04:00,39.0,37.739999999999995,0.02,1.24
2025-08-25 16:00:00-04:00,44.37,42.93,0.07,1.37
2025-08-25 17:00:00-04:00,51.09,49.21000000000001,0.01,1.87
2025-08-25 18:00:00-04:00,54.68,52.53,-0.0,2.15
2025-08-25 19:00:00-04:00,53.41,51.16,-0.0,2.25
2025-08-25 20:00:00-04:00,47.1,45.07,-0.0,2.03
2025-08-25 21:00:00-04:00,40.79,39.11,-0.0,1.68
2025-08-25 22:00:00-04:00,33.25,31.91,-0.0,1.34
2025-08-25 23:00:00-04:00,29.81,28.66,-0.0,1.15
2025-08-26 00:00:00-04:00,27.3,26.22,-0.0,1.08
2025-08-26 01:00:00-04:00,24.18,23.3,-0.0,0.88
2025-08-26 02:00:00-04:00,22.14,21.37,-0.0,0.77
2025-08-26 03:00:00-04:00,21.09,20.34,-0.0,0.75
2025-08-26 04:00:00-04:00,20.99,20.26,-0.0,0.73
2025-08-26 05:00:00-04:00,22.74,21.95,-0.0,0.79
2025-08-26 06:00:00-04:00,27.83,27.1,-0.0,0.73
2025-08-26 07:00:00-04:00,29.65,28.84,-0.0,0.81
2025-08-26 08:00:00-04:00,27.43,26.74,-0.0,0.69
2025-08-26 09:00:00-04:00,25.48,25.04,-0.09,0.53
2025-08-26 10:00:00-04:00,25.86,25.41,-0.03,0.48
2025-08-26 11:00:00-04:00,25.94,25.52,-0.06,0.48
2025-08-26 12:00:00-04:00,26.8,26.4,-0.1,0.5
2025-08-26 13:00:00-04:00,28.42,27.98,-0.15,0.59
2025-08-26 14:00:00-04:00,30.87,30.45,-0.25,0.67
2025-08-26 15:00:00-04:00,31.52,30.99,-0.15,0.68
2025-08-26 16:00:00-04:00,36.7,35.970000000000006,-0.1,0.83
2025-08-26 17:00:00-04:00,43.29,42.15,-0.0,1.14
2025-08-26 18:00:00-04:00,47.15,45.69,-0.0,1.46
2025-08-26 19:00:00-04:00,45.84,44.46,-0.0,1.38
2025-08-26 20:00:00-04:00,42.16,40.93,-0.0,1.23
2025-08-26 21:00:00-04:00,37.65,36.66,-0.0,0.99
2025-08-26 22:00:00-04:00,31.76,30.96,-0.0,0.8
2025-08-26 23:00:00-04:00,29.86,29.13,-0.0,0.73
2025-08-27 00:00:00-04:00,27.43,26.66,-0.0,0.77
2025-08-27 01:00:00-04:00,25.82,25.12,-0.0,0.7
2025-08-27 02:00:00-04:00,24.34,23.59,-0.0,0.75
2025-08-27 03:00:00-04:00,23.58,22.889999999999997,-0.0,0.69
2025-08-27 04:00:00-04:00,23.82,23.13,-0.0,0.69
2025-08-27 05:00:00-04:00,25.83,25.1,-0.0,0.73
2025-08-27 06:00:00-04:00,31.32,30.44,-0.0,0.88
2025-08-27 07:00:00-04:00,31.82,31.07,-0.12,0.87
2025-08-27 08:00:00-04:00,28.28,27.75,-0.22,0.75
2025-08-27 09:00:00-04:00,26.11,25.69,-0.14,0.56
2025-08-27 10:00:00-04:00,24.99,24.58,-0.06,0.47
2025-08-27 11:00:00-04:00,25.19,24.770000000000003,-0.05,0.47
2025-08-27 12:00:00-04:00,25.08,24.74,-0.18,0.52
2025-08-27 13:00:00-04:00,27.07,26.709999999999997,-0.31,0.67
2025-08-27 14:00:00-04:00,28.06,27.66,-0.32,0.72
2025-08-27 15:00:00-04:00,29.36,28.94,-0.33,0.75
2025-08-27 16:00:00-04:00,33.1,32.699999999999996,-0.48,0.88
2025-08-27 17:00:00-04:00,40.34,39.09,-0.0,1.25
2025-08-27 18:00:00-04:00,42.5,40.83,-0.0,1.67
2025-08-27 19:00:00-04:00,42.26,40.48,-0.0,1.78
2025-08-27 20:00:00-04:00,40.3,38.94,-0.0,1.36
2025-08-27 21:00:00-04:00,34.61,33.58,-0.08,1.11
2025-08-27 22:00:00-04:00,29.07,28.2,-0.0,0.87
2025-08-27 23:00:00-04:00,26.76,25.950000000000003,-0.0,0.81
2025-08-28 00:00:00-04:00,26.79,25.96,-0.0,0.83
2025-08-28 01:00:00-04:00,23.43,22.64,-0.0,0.79
2025-08-28 02:00:00-04:00,21.95,21.21,-0.0,0.74
2025-08-28 03:00:00-04:00,20.97,20.24,-0.0,0.73
2025-08-28 04:00:00-04:00,21.86,21.08,-0.0,0.78
2025-08-28 05:00:00-04:00,23.14,22.25,-0.0,0.89
2025-08-28 06:00:00-04:00,27.1,26.08,-0.0,1.02
2025-08-28 07:00:00-04:00,29.78,28.69,-0.0,1.09
2025-08-28 08:00:00-04:00,26.82,25.91,-0.0,0.91
2025-08-28 09:00:00-04:00,23.32,22.69,-0.0,0.63
2025-08-28 10:00:00-04:00,23.12,22.56,-0.0,0.56
2025-08-28 11:00:00-04:00,23.98,23.44,-0.0,0.54
2025-08-28 12:00:00-04:00,24.26,23.71,-0.0,0.55
2025-08-28 13:00:00-04:00,25.97,25.37,-0.03,0.63
2025-08-28 14:00:00-04:00,27.53,26.89,-0.09,0.73
2025-08-28 15:00:00-04:00,29.32,28.55,-0.17,0.94
2025-08-28 16:00:00-04:00,33.79,32.22,0.19,1.38
2025-08-28 17:00:00-04:00,36.49,34.6,0.06,1.83
2025-08-28 18:00:00-04:00,43.28,35.65,5.49,2.14
2025-08-28 19:00:00-04:00,42.35,35.53,4.69,2.13
2025-08-28 20:00:00-04:00,37.45,35.32000000000001,0.01,2.12
2025-08-28 21:00:00-04:00,34.6,32.95,-0.0,1.65
2025-08-28 22:00:00-04:00,30.57,29.42,-0.0,1.15
2025-08-28 23:00:00-04:00,28.12,27.27,-0.0,0.85
2025-08-29 00:00:00-04:00,27.23,26.36,-0.0,0.87
2025-08-29 01:00:00-04:00,24.64,23.83,-0.0,0.81
2025-08-29 02:00:00-04:00,22.7,21.91,-0.0,0.79
2025-08-29 03:00:00-04:00,21.59,20.9,-0.0,0.69
2025-08-29 04:00:00-04:00,22.63,21.89,-0.0,0.74
2025-08-29 05:00:00-04:00,25.17,24.340000000000003,-0.0,0.83
2025-08-29 06:00:00-04:00,30.38,29.35,-0.0,1.03
2025-08-29 07:00:00-04:00,33.16,32.16,-0.0,1.0
2025-08-29 08:00:00-04:00,33.37,32.43,-0.0,0.94
2025-08-29 09:00:00-04:00,29.78,29.05,-0.05,0.78
2025-08-29 10:00:00-04:00,29.94,29.44,-0.15,0.65
2025-08-29 11:00:00-04:00,29.49,28.929999999999996,-0.11,0.67
2025-08-29 12:00:00-04:00,29.11,28.19,0.33,0.59
2025-08-29 13:00:00-04:00,31.06,30.19,0.18,0.69
2025-08-29 14:00:00-04:00,31.19,30.290000000000003,0.2,0.7
2025-08-29 15:00:00-04:00,31.34,30.32,0.23,0.79
2025-08-29 16:00:00-04:00,35.29,34.84,-0.49,0.94
2025-08-29 17:00:00-04:00,39.39,38.28,-0.0,1.11
2025-08-29 18:00:00-04:00,41.51,40.32,-0.1,1.29
2025-08-29 19:00:00-04:00,41.41,40.129999999999995,-0.0,1.28
2025-08-29 20:00:00-04:00,39.57,38.31,-0.0,1.26
2025-08-29 21:00:00-04:00,34.96,34.04,-0.14,1.06
2025-08-29 22:00:00-04:00,30.0,29.07,-0.0,0.93
2025-08-29 23:00:00-04:00,27.42,26.590000000000003,-0.0,0.83
2025-08-30 00:00:00-04:00,28.63,27.8,-0.0,0.83
2025-08-30 01:00:00-04:00,26.92,26.21,-0.0,0.71
2025-08-30 02:00:00-04:00,23.47,22.88,-0.0,0.59
2025-08-30 03:00:00-04:00,21.48,20.92,-0.0,0.56
2025-08-30 04:00:00-04:00,21.82,21.23,-0.0,0.59
2025-08-30 05:00:00-04:00,23.82,23.19,-0.0,0.63
2025-08-30 06:00:00-04:00,24.3,23.71,-0.0,0.59
2025-08-30 07:00:00-04:00,24.2,23.61,-0.0,0.59
2025-08-30 08:00:00-04:00,21.37,20.85,-0.0,0.52
2025-08-30 09:00:00-04:00,18.48,18.08,-0.0,0.4
2025-08-30 10:00:00-04:00,17.67,17.32,-0.0,0.35
2025-08-30 11:00:00-04:00,17.96,17.630000000000003,-0.0,0.33
2025-08-30 12:00:00-04:00,18.81,18.51,-0.0,0.3
2025-08-30 13:00:00-04:00,19.79,19.42,-0.0,0.37
2025-08-30 14:00:00-04:00,20.47,20.09,-0.0,0.38
2025-08-30 15:00:00-04:00,21.86,21.39,-0.0,0.47
2025-08-30 16:00:00-04:00,24.41,23.84,-0.0,0.57
2025-08-30 17:00:00-04:00,30.66,29.8,-0.0,0.86
2025-08-30 18:00:00-04:00,36.96,35.85,-0.0,1.11
2025-08-30 19:00:00-04:00,38.38,37.120000000000005,-0.0,1.26
2025-08-30 20:00:00-04:00,37.74,36.57,-0.0,1.17
2025-08-30 21:00:00-04:00,32.28,31.37,-0.0,0.91
2025-08-30 22:00:00-04:00,27.51,26.71,-0.0,0.8
2025-08-30 23:00:00-04:00,25.31,24.619999999999997,-0.0,0.69
2025-08-31 00:00:00-04:00,27.24,26.549999999999997,-0.0,0.69
2025-08-31 01:00:00-04:00,24.89,24.24,-0.0,0.65
2025-08-31 02:00:00-04:00,21.79,21.22,-0.0,0.57
2025-08-31 03:00:00-04:00,20.38,19.86,-0.0,0.52
2025-08-31 04:00:00-04:00,19.75,19.25,-0.0,0.5
2025-08-31 05:00:00-04:00,20.53,19.97,-0.0,0.56
2025-08-31 06:00:00-04:00,22.31,21.77,-0.0,0.54
2025-08-31 07:00:00-04:00,20.45,19.99,-0.0,0.46
2025-08-31 08:00:00-04:00,16.37,16.080000000000002,-0.0,0.29
2025-08-31 09:00:00-04:00,15.38,15.18,-0.0,0.2
2025-08-31 10:00:00-04:00,15.74,15.58,-0.0,0.16
2025-08-31 11:00:00-04:00,16.62,16.44,-0.0,0.18
2025-08-31 12:00:00-04:00,17.11,16.96,-0.0,0.15
2025-08-31 13:00:00-04:00,19.33,19.139999999999997,-0.0,0.19
2025-08-31 14:00:00-04:00,20.08,19.859999999999996,-0.04,0.26
2025-08-31 15:00:00-04:00,22.56,22.34,-0.12,0.34
2025-08-31 16:00:00-04:00,25.58,25.08,-0.0,0.5
2025-08-31 17:00:00-04:00,34.25,33.35,-0.0,0.9
2025-08-31 18:00:00-04:00,43.12,41.779999999999994,-0.0,1.34
2025-08-31 19:00:00-04:00,45.53,44.03,-0.0,1.5
2025-08-31 20:00:00-04:00,40.47,39.18,-0.0,1.29
2025-08-31 21:00:00-04:00,37.75,36.69,-0.0,1.06
2025-08-31 22:00:00-04:00,31.69,30.860000000000003,-0.0,0.83
2025-08-31 23:00:00-04:00,27.59,26.89,-0.0,0.7
2025-09-01 00:00:00-04:00,26.67,26.020000000000003,-0.0,0.65
2025-09-01 01:00:00-04:00,24.75,24.15,-0.0,0.6
2025-09-01 02:00:00-04:00,22.48,21.87,-0.0,0.61
2025-09-01 03:00:00-04:00,21.75,21.2,-0.0,0.55
2025-09-01 04:00:00-04:00,20.92,20.430000000000003,-0.0,0.49
2025-09-01 05:00:00-04:00,22.72,22.15,-0.0,0.57
2025-09-01 06:00:00-04:00,24.19,23.58,-0.0,0.61
2025-09-01 07:00:00-04:00,23.86,23.26,-0.0,0.6
2025-09-01 08:00:00-04:00,19.96,19.53,-0.0,0.43
2025-09-01 09:00:00-04:00,17.85,17.53,-0.0,0.32
2025-09-01 10:00:00-04:00,18.87,18.61,-0.0,0.26
2025-09-01 11:00:00-04:00,19.29,19.04,-0.0,0.25
2025-09-01 12:00:00-04:00,21.02,20.77,-0.0,0.25
2025-09-01 13:00:00-04:00,22.89,22.57,-0.0,0.32
2025-09-01 14:00:00-04:00,24.07,23.67,-0.0,0.4
2025-09-01 15:00:00-04:00,28.02,27.58,-0.03,0.47
2025-09-01 16:00:00-04:00,33.21,32.46,-0.0,0.75
2025-09-01 17:00:00-04:00,44.05,42.809999999999995,-0.0,1.24
2025-09-01 18:00:00-04:00,49.77,48.27,-0.0,1.5
2025-09-01 19:00:00-04:00,50.61,49.14,-0.0,1.47
2025-09-01 20:00:00-04:00,45.3,43.98,-0.0,1.32
2025-09-01 21:00:00-04:00,40.63,39.48,-0.0,1.15
2025-09-01 22:00:00-04:00,34.36,33.49,-0.0,0.87
2025-09-01 23:00:00-04:00,29.08,28.45,-0.0,0.63
2025-09-02 00:00:00-04:00,31.46,30.51,-0.0,0.95
2025-09-02 01:00:00-04:00,28.93,28.06,-0.0,0.87
2025-09-02 02:00:00-04:00,26.65,25.82,-0.0,0.83
2025-09-02 03:00:00-04:00,23.5,22.77,-0.0,0.73
2025-09-02 04:00:00-04:00,24.07,23.32,-0.0,0.75
2025-09-02 05:00:00-04:00,27.92,27.0,-0.0,0.92
2025-09-02 06:00:00-04:00,35.8,34.459999999999994,-0.0,1.34
2025-09-02 07:00:00-04:00,37.22,35.89,-0.0,1.33
2025-09-02 08:00:00-04:00,33.79,32.65,-0.0,1.14
2025-09-02 09:00:00-04:00,26.32,25.69,-0.17,0.8
2025-09-02 10:00:00-04:00,27.41,27.09,-0.41,0.73
2025-09-02 11:00:00-04:00,27.8,27.51,-0.45,0.74
2025-09-02 12:00:00-04:00,29.92,29.96,-0.82,0.78
2025-09-02 13:00:00-04:00,32.56,32.5,-0.78,0.84
2025-09-02 14:00:00-04:00,33.74,33.61000000000001,-0.81,0.94
2025-09-02 15:00:00-04:00,36.24,36.06,-0.72,0.9
2025-09-02 16:00:00-04:00,42.14,41.31,-0.2,1.03
2025-09-02 17:00:00-04:00,55.62,54.46999999999999,-0.37,1.52
2025-09-02 18:00:00-04:00,60.89,59.08,-0.08,1.89
2025-09-02 19:00:00-04:00,59.0,56.89,-0.0,2.11
2025-09-02 20:00:00-04:00,51.9,50.19,-0.0,1.71
2025-09-02 21:00:00-04:00,40.88,39.5,-0.0,1.38
2025-09-02 22:00:00-04:00,35.29,34.199999999999996,-0.0,1.09
2025-09-02 23:00:00-04:00,31.52,30.45,-0.0,1.07
2025-09-03 00:00:00-04:00,30.42,29.62,-0.0,0.8
2025-09-03 01:00:00-04:00,26.23,25.52,-0.0,0.71
2025-09-03 02:00:00-04:00,24.16,23.41,-0.0,0.75
2025-09-03 03:00:00-04:00,22.23,21.52,-0.0,0.71
2025-09-03 04:00:00-04:00,22.63,21.91,-0.0,0.72
2025-09-03 05:00:00-04:00,26.56,25.709999999999997,-0.0,0.85
2025-09-03 06:00:00-04:00,34.26,33.01,-0.0,1.25
2025-09-03 07:00:00-04:00,36.26,34.97,-0.0,1.29
2025-09-03 08:00:00-04:00,31.1,29.9,-0.0,1.2
2025-09-03 09:00:00-04:00,25.59,24.87,-0.17,0.89
2025-09-03 10:00:00-04:00,26.41,25.66,-0.05,0.8
2025-09-03 11:00:00-04:00,27.32,26.590000000000003,-0.1,0.83
2025-09-03 12:00:00-04:00,29.2,28.88,-0.23,0.55
2025-09-03 13:00:00-04:00,31.46,31.14,-0.3,0.62
2025-09-03 14:00:00-04:00,31.74,31.31,-0.29,0.72
2025-09-03 15:00:00-04:00,34.27,33.96,-0.33,0.64
2025-09-03 16:00:00-04:00,39.46,38.69,-0.0,0.77
2025-09-03 17:00:00-04:00,46.12,44.989999999999995,-0.0,1.13
2025-09-03 18:00:00-04:00,50.7,49.220000000000006,-0.0,1.48
2025-09-03 19:00:00-04:00,50.58,49.059999999999995,-0.0,1.52
2025-09-03 20:00:00-04:00,44.15,42.78,-0.0,1.37
2025-09-03 21:00:00-04:00,36.99,35.84,-0.0,1.15
2025-09-03 22:00:00-04:00,31.88,30.83,-0.0,1.05
2025-09-03 23:00:00-04:00,29.14,28.16,-0.0,0.98
2025-09-04 00:00:00-04:00,27.92,26.74,-0.0,1.18
2025-09-04 01:00:00-04:00,25.46,24.36,-0.0,1.1
2025-09-04 02:00:00-04:00,23.68,22.6,-0.0,1.08
2025-09-04 03:00:00-04:00,22.33,21.33,-0.0,1.0
2025-09-04 04:00:00-04:00,22.56,21.549999999999997,-0.0,1.01
2025-09-04 05:00:00-04:00,24.87,23.73,-0.0,1.14
2025-09-04 06:00:00-04:00,30.9,29.54,-0.0,1.36
2025-09-04 07:00:00-04:00,33.03,31.52,-0.0,1.51
2025-09-04 08:00:00-04:00,29.67,28.42,-0.0,1.25
2025-09-04 09:00:00-04:00,26.46,25.52,-0.0,0.94
2025-09-04 10:00:00-04:00,27.01,26.17,-0.0,0.84
2025-09-04 11:00:00-04:00,26.83,26.02,-0.0,0.81
2025-09-04 12:00:00-04:00,27.69,26.860000000000003,-0.0,0.83
2025-09-04 13:00:00-04:00,30.6,29.71,-0.0,0.89
2025-09-04 14:00:00-04:00,32.67,31.800000000000004,-0.21,1.08
2025-09-04 15:00:00-04:00,34.84,34.14000000000001,-0.49,1.19
2025-09-04 16:00:00-04:00,39.84,38.63,-0.26,1.47
2025-09-04 17:00:00-04:00,45.28,43.5,-0.0,1.78
2025-09-04 18:00:00-04:00,50.82,48.68,-0.0,2.14
2025-09-04 19:00:00-04:00,50.47,48.25,-0.0,2.22
2025-09-04 20:00:00-04:00,45.13,43.18,-0.0,1.95
2025-09-04 21:00:00-04:00,38.0,36.43,-0.0,1.57
2025-09-04 22:00:00-04:00,33.56,32.24,-0.0,1.32
2025-09-04 23:00:00-04:00,32.72,31.61,-0.16,1.27
2025-09-05 00:00:00-04:00,33.48,32.44,-0.0,1.04
2025-09-05 01:00:00-04:00,30.61,29.6,-0.0,1.01
2025-09-05 02:00:00-04:00,28.92,27.92,-0.0,1.0
2025-09-05 03:00:00-04:00,27.37,26.42,-0.0,0.95
2025-09-05 04:00:00-04:00,27.2,26.26,-0.0,0.94
2025-09-05 05:00:00-04:00,30.73,29.63,-0.0,1.1
2025-09-05 06:00:00-04:00,37.57,36.27,-0.0,1.3
2025-09-05 07:00:00-04:00,42.5,40.98,-0.0,1.52
2025-09-05 08:00:00-04:00,39.34,37.86000000000001,-0.0,1.48
2025-09-05 09:00:00-04:00,36.07,34.78,-0.0,1.29
2025-09-05 10:00:00-04:00,35.96,34.88,-0.0,1.08
2025-09-05 11:00:00-04:00,35.1,34.01,-0.0,1.09
2025-09-05 12:00:00-04:00,35.07,34.05,-0.0,1.02
2025-09-05 13:00:00-04:00,36.99,35.910000000000004,-0.0,1.08
2025-09-05 14:00:00-04:00,39.25,38.07,-0.0,1.18
2025-09-05 15:00:00-04:00,40.98,39.94,-0.0,1.04
2025-09-05 16:00:00-04:00,47.12,45.93,-0.0,1.19
2025-09-05 17:00:00-04:00,55.21,53.55,-0.0,1.66
2025-09-05 18:00:00-04:00,61.85,59.7,-0.0,2.15
2025-09-05 19:00:00-04:00,61.12,58.83,-0.0,2.29
2025-09-05 20:00:00-04:00,51.98,50.12,-0.0,1.86
2025-09-05 21:00:00-04:00,44.42,42.67,-0.0,1.75
2025-09-05 22:00:00-04:00,41.46,39.86,-0.0,1.6
2025-09-05 23:00:00-04:00,38.45,37.05,-0.01,1.41
2025-09-06 00:00:00-04:00,40.77,38.790000000000006,-0.0,1.98
2025-09-06 01:00:00-04:00,34.32,32.660000000000004,-0.0,1.66
2025-09-06 02:00:00-04:00,31.4,29.91,-0.0,1.49
2025-09-06 03:00:00-04:00,30.16,28.7,-0.0,1.46
2025-09-06 04:00:00-04:00,29.7,28.31,-0.0,1.39
2025-09-06 05:00:00-04:00,30.65,29.19,-0.0,1.46
2025-09-06 06:00:00-04:00,35.63,34.230000000000004,-0.0,1.4
2025-09-06 07:00:00-04:00,35.47,34.1,-0.0,1.37
2025-09-06 08:00:00-04:00,37.46,36.09,-0.0,1.37
2025-09-06 09:00:00-04:00,37.84,36.49,-0.0,1.35
2025-09-06 10:00:00-04:00,35.84,34.720000000000006,-0.09,1.21
2025-09-06 11:00:00-04:00,37.8,36.629999999999995,-0.15,1.32
2025-09-06 12:00:00-04:00,40.63,39.26,-0.08,1.45
2025-09-06 13:00:00-04:00,40.64,39.18,0.17,1.29
2025-09-06 14:00:00-04:00,42.02,40.42,0.15,1.45
2025-09-06 15:00:00-04:00,42.68,41.11,0.13,1.44
2025-09-06 16:00:00-04:00,46.29,44.54,0.19,1.56
2025-09-06 17:00:00-04:00,49.26,47.34,0.02,1.9
2025-09-06 18:00:00-04:00,50.53,48.63,-0.0,1.9
2025-09-06 19:00:00-04:00,48.33,46.559999999999995,-0.0,1.77
2025-09-06 20:00:00-04:00,46.48,44.82,-0.0,1.66
2025-09-06 21:00:00-04:00,41.12,39.69,-0.0,1.43
2025-09-06 22:00:00-04:00,40.22,38.67,-0.0,1.55
2025-09-06 23:00:00-04:00,37.16,35.83,-0.0,1.33
2025-09-07 00:00:00-04:00,36.36,35.23,-0.0,1.13
2025-09-07 01:00:00-04:00,32.41,31.43,-0.0,0.98
2025-09-07 02:00:00-04:00,29.69,28.77,-0.0,0.92
2025-09-07 03:00:00-04:00,27.87,27.03,-0.0,0.84
2025-09-07 04:00:00-04:00,27.09,26.27,-0.0,0.82
2025-09-07 05:00:00-04:00,28.03,27.16,-0.0,0.87
2025-09-07 06:00:00-04:00,29.59,28.73,-0.0,0.86
2025-09-07 07:00:00-04:00,29.7,27.05,1.87,0.78
2025-09-07 08:00:00-04:00,29.31,28.4,-0.0,0.91
2025-09-07 09:00:00-04:00,29.83,29.02,-0.0,0.81
2025-09-07 10:00:00-04:00,29.72,29.02,-0.0,0.7
2025-09-07 11:00:00-04:00,28.93,28.25,-0.0,0.68
2025-09-07 12:00:00-04:00,31.59,25.43,5.63,0.53
2025-09-07 13:00:00-04:00,29.91,25.33,4.0,0.58
2025-09-07 14:00:00-04:00,31.61,25.02,5.96,0.63
2025-09-07 15:00:00-04:00,28.16,27.33,0.01,0.82
2025-09-07 16:00:00-04:00,33.11,31.18,0.96,0.97
2025-09-07 17:00:00-04:00,39.2,37.95,-0.0,1.25
2025-09-07 18:00:00-04:00,44.81,43.34,-0.0,1.47
2025-09-07 19:00:00-04:00,47.28,45.64,-0.0,1.64
2025-09-07 20:00:00-04:00,42.92,41.55,-0.0,1.37
2025-09-07 21:00:00-04:00,37.66,36.42,-0.0,1.24
2025-09-07 22:00:00-04:00,33.3,32.36,-0.0,0.94
2025-09-07 23:00:00-04:00,29.84,29.03,-0.0,0.81
2025-09-08 00:00:00-04:00,28.59,27.68,-0.0,0.91
2025-09-08 01:00:00-04:00,25.72,24.87,-0.0,0.85
2025-09-08 02:00:00-04:00,23.74,22.96,-0.0,0.78
2025-09-08 03:00:00-04:00,22.95,22.22,-0.0,0.73
2025-09-08 04:00:00-04:00,24.22,23.47,-0.0,0.75
2025-09-08 05:00:00-04:00,28.73,27.87,-0.0,0.86
2025-09-08 06:00:00-04:00,34.63,33.33,-0.0,1.3
2025-09-08 07:00:00-04:00,38.79,37.23,-0.0,1.56
2025-09-08 08:00:00-04:00,31.02,30.0,-0.0,1.02
2025-09-08 09:00:00-04:00,26.13,25.15,-0.0,0.98
2025-09-08 10:00:00-04:00,24.6,23.79,-0.0,0.81
2025-09-08 11:00:00-04:00,24.45,23.71,-0.0,0.74
2025-09-08 12:00:00-04:00,24.68,23.98,-0.0,0.7
2025-09-08 13:00:00-04:00,24.94,24.24,-0.0,0.7
2025-09-08 14:00:00-04:00,24.97,24.2,-0.0,0.77
2025-09-08 15:00:00-04:00,27.15,26.21,-0.0,0.94
2025-09-08 16:00:00-04:00,32.66,31.68,-0.0,0.98
2025-09-08 17:00:00-04:00,40.05,38.81,-0.0,1.24
2025-09-08 18:00:00-04:00,44.52,43.02,-0.0,1.5
2025-09-08 19:00:00-04:00,49.82,47.95,-0.0,1.87
2025-09-08 20:00:00-04:00,44.34,42.47,-0.0,1.87
2025-09-08 21:00:00-04:00,38.7,37.11,-0.0,1.59
2025-09-08 22:00:00-04:00,33.61,32.32,-0.0,1.29
2025-09-08 23:00:00-04:00,28.1,27.1,-0.0,1.0
2025-09-09 00:00:00-04:00,29.08,28.2,-0.0,0.88
2025-09-09 01:00:00-04:00,28.58,27.72,-0.0,0.86
2025-09-09 02:00:00-04:00,26.7,25.87,-0.0,0.83
2025-09-09 03:00:00-04:00,24.67,23.91,-0.0,0.76
2025-09-09 04:00:00-04:00,24.72,23.93,-0.0,0.79
2025-09-09 05:00:00-04:00,29.11,28.1,-0.0,1.01
2025-09-09 06:00:00-04:00,39.72,38.16,-0.0,1.56
2025-09-09 07:00:00-04:00,40.41,38.97,-0.0,1.44
2025-09-09 08:00:00-04:00,31.41,30.6,-0.08,0.89
2025-09-09 09:00:00-04:00,26.37,25.93,-0.39,0.83
2025-09-09 10:00:00-04:00,26.23,25.55,-0.03,0.71
2025-09-09 11:00:00-04:00,25.8,25.18,-0.03,0.65
2025-09-09 12:00:00-04:00,25.38,24.81,-0.0,0.57
2025-09-09 13:00:00-04:00,25.76,25.21,-0.0,0.55
2025-09-09 14:00:00-04:00,26.61,26.02,-0.06,0.65
2025-09-09 15:00:00-04:00,28.75,28.2,-0.21,0.76
2025-09-09 16:00:00-04:00,34.08,33.46,-0.22,0.84
2025-09-09 17:00:00-04:00,41.75,40.69,-0.0,1.06
2025-09-09 18:00:00-04:00,47.79,46.35,-0.0,1.44
2025-09-09 19:00:00-04:00,51.48,49.79,-0.2,1.89
2025-09-09 20:00:00-04:00,45.07,43.42,-0.0,1.65
2025-09-09 21:00:00-04:00,39.22,37.78,-0.0,1.44
2025-09-09 22:00:00-04:00,32.22,31.04,-0.0,1.18
2025-09-09 23:00:00-04:00,29.27,28.17,-0.0,1.1
2025-09-10 00:00:00-04:00,30.7,26.83,2.53,1.34
2025-09-10 01:00:00-04:00,27.82,26.41,0.09,1.32
2025-09-10 02:00:00-04:00,27.75,23.75,2.77,1.23
2025-09-10 03:00:00-04:00,24.97,23.61,0.16,1.2
2025-09-10 04:00:00-04:00,24.87,23.71,-0.0,1.16
2025-09-10 05:00:00-04:00,29.96,28.56,-0.0,1.4
2025-09-10 06:00:00-04:00,37.66,35.3,0.56,1.8
2025-09-10 07:00:00-04:00,41.11,39.19,-0.0,1.92
2025-09-10 08:00:00-04:00,36.65,35.17,-0.0,1.48
2025-09-10 09:00:00-04:00,32.93,31.92,-0.17,1.18
2025-09-10 10:00:00-04:00,33.09,31.91,-0.0,1.18
2025-09-10 11:00:00-04:00,32.95,31.84,-0.0,1.11
2025-09-10 12:00:00-04:00,32.43,31.33,-0.0,1.1
2025-09-10 13:00:00-04:00,33.14,32.05,-0.0,1.09
2025-09-10 14:00:00-04:00,33.29,32.1,-0.0,1.19
2025-09-10 15:00:00-04:00,33.61,32.44,-0.0,1.17
2025-09-10 16:00:00-04:00,38.93,37.54,-0.0,1.39
2025-09-10 17:00:00-04:00,43.92,42.23,-0.0,1.69
2025-09-10 18:00:00-04:00,49.6,47.6,-0.0,2.0
2025-09-10 19:00:00-04:00,54.59,52.46,-0.18,2.31
2025-09-10 20:00:00-04:00,47.54,45.62,-0.0,1.92
2025-09-10 21:00:00-04:00,41.35,39.61,-0.0,1.74
2025-09-10 22:00:00-04:00,35.84,34.4,-0.0,1.44
2025-09-10 23:00:00-04:00,32.54,31.17,-0.0,1.37
2025-09-11 00:00:00-04:00,27.89,26.64,-0.0,1.25
2025-09-11 01:00:00-04:00,26.48,25.46,-0.0,1.02
2025-09-11 02:00:00-04:00,25.13,24.14,-0.0,0.99
2025-09-11 03:00:00-04:00,24.72,23.68,-0.0,1.04
2025-09-11 04:00:00-04:00,25.57,24.59,-0.0,0.98
2025-09-11 05:00:00-04:00,29.23,28.1,-0.0,1.13
2025-09-11 06:00:00-04:00,35.34,33.92,-0.0,1.42
2025-09-11 07:00:00-04:00,39.05,37.8,-0.26,1.51
2025-09-11 08:00:00-04:00,32.8,32.28,-0.42,0.94
2025-09-11 09:00:00-04:00,27.29,27.6,-0.92,0.61
2025-09-11 10:00:00-04:00,27.86,27.48,-0.12,0.5
2025-09-11 11:00:00-04:00,27.09,26.99,-0.33,0.43
2025-09-11 12:00:00-04:00,27.22,27.13,-0.34,0.43
2025-09-11 13:00:00-04:00,30.38,30.66,-0.74,0.46
2025-09-11 14:00:00-04:00,32.6,32.58,-0.67,0.69
2025-09-11 15:00:00-04:00,35.72,35.53,-0.73,0.92
2025-09-11 16:00:00-04:00,41.54,41.05,-0.78,1.27
2025-09-11 17:00:00-04:00,48.12,46.85,-0.51,1.78
2025-09-11 18:00:00-04:00,52.11,50.43,-0.59,2.27
2025-09-11 19:00:00-04:00,54.97,53.49,-0.82,2.3
2025-09-11 20:00:00-04:00,46.33,44.29,-0.0,2.04
2025-09-11 21:00:00-04:00,39.9,38.29,-0.0,1.61
2025-09-11 22:00:00-04:00,35.13,33.81,-0.03,1.35
2025-09-11 23:00:00-04:00,32.5,31.27,-0.05,1.28
2025-09-12 00:00:00-04:00,28.88,27.77,-0.0,1.11
2025-09-12 01:00:00-04:00,26.9,25.86,-0.0,1.04
2025-09-12 02:00:00-04:00,25.07,24.08,-0.0,0.99
2025-09-12 03:00:00-04:00,23.75,22.81,-0.0,0.94
2025-09-12 04:00:00-04:00,23.37,22.45,-0.0,0.92
2025-09-12 05:00:00-04:00,28.29,27.18,-0.0,1.11
2025-09-12 06:00:00-04:00,34.9,33.65,-0.0,1.25
2025-09-12 07:00:00-04:00,35.85,34.54,-0.0,1.31
2025-09-12 08:00:00-04:00,29.97,29.6,-0.43,0.8
2025-09-12 09:00:00-04:00,25.07,24.78,-0.18,0.47
2025-09-12 10:00:00-04:00,25.3,24.93,-0.0,0.37
2025-09-12 11:00:00-04:00,25.13,24.81,-0.0,0.32
2025-09-12 12:00:00-04:00,25.36,25.11,-0.0,0.25
2025-09-12 13:00:00-04:00,27.51,27.36,-0.18,0.33
2025-09-12 14:00:00-04:00,29.52,29.33,-0.31,0.5
2025-09-12 15:00:00-04:00,31.64,32.26,-1.23,0.61
2025-09-12 16:00:00-04:00,37.46,37.11,-0.61,0.96
2025-09-12 17:00:00-04:00,46.89,45.88,-0.69,1.7
2025-09-12 18:00:00-04:00,48.32,46.68,-0.37,2.01
2025-09-12 19:00:00-04:00,47.44,45.53,-0.09,2.0
2025-09-12 20:00:00-04:00,42.85,40.96,-0.0,1.89
2025-09-12 21:00:00-04:00,36.09,34.57,-0.0,1.52
2025-09-12 22:00:00-04:00,32.05,30.76,-0.0,1.29
2025-09-12 23:00:00-04:00,30.38,29.3,-0.0,1.08
2025-09-13 00:00:00-04:00,29.31,28.29,-0.0,1.02
2025-09-13 01:00:00-04:00,26.32,25.43,-0.0,0.89
2025-09-13 02:00:00-04:00,25.22,24.42,-0.0,0.8
2025-09-13 03:00:00-04:00,24.02,23.16,-0.0,0.86
2025-09-13 04:00:00-04:00,23.98,23.15,-0.0,0.83
2025-09-13 05:00:00-04:00,25.21,24.29,-0.0,0.92
2025-09-13 06:00:00-04:00,27.86,26.92,-0.0,0.94
2025-09-13 07:00:00-04:00,27.28,26.38,-0.0,0.9
2025-09-13 08:00:00-04:00,24.57,23.92,-0.0,0.65
2025-09-13 09:00:00-04:00,22.99,22.47,-0.0,0.52
2025-09-13 10:00:00-04:00,23.43,23.13,-0.0,0.3
2025-09-13 11:00:00-04:00,25.09,24.82,-0.0,0.27
2025-09-13 12:00:00-04:00,25.85,25.65,-0.11,0.31
2025-09-13 13:00:00-04:00,27.55,27.15,-0.09,0.49
2025-09-13 14:00:00-04:00,29.24,28.82,-0.16,0.58
2025-09-13 15:00:00-04:00,31.33,30.93,-0.25,0.65
2025-09-13 16:00:00-04:00,36.92,36.16,-0.22,0.98
2025-09-13 17:00:00-04:00,43.09,41.79,-0.0,1.3
2025-09-13 18:00:00-04:00,49.22,47.46,-0.0,1.76
2025-09-13 19:00:00-04:00,46.12,44.39,-0.0,1.73
2025-09-13 20:00:00-04:00,42.1,40.33,-0.0,1.77
2025-09-13 21:00:00-04:00,36.51,35.14,-0.0,1.37
2025-09-13 22:00:00-04:00,33.28,32.03,-0.0,1.25
2025-09-13 23:00:00-04:00,30.12,29.04,-0.0,1.08
2025-09-14 00:00:00-04:00,30.17,29.01,-0.0,1.16
2025-09-14 01:00:00-04:00,28.72,27.61,-0.0,1.11
2025-09-14 02:00:00-04:00,26.7,25.7,-0.0,1.0
2025-09-14 03:00:00-04:00,26.19,25.16,-0.0,1.03
2025-09-14 04:00:00-04:00,25.5,24.5,-0.0,1.0
2025-09-14 05:00:00-04:00,26.13,25.12,-0.0,1.01
2025-09-14 06:00:00-04:00,28.21,27.12,-0.0,1.09
2025-09-14 07:00:00-04:00,26.91,25.9,-0.0,1.01
2025-09-14 08:00:00-04:00,25.18,24.38,-0.0,0.8
2025-09-14 09:00:00-04:00,23.43,22.77,-0.0,0.66
2025-09-14 10:00:00-04:00,25.07,24.55,-0.0,0.52
2025-09-14 11:00:00-04:00,26.67,26.15,-0.0,0.52
2025-09-14 12:00:00-04:00,28.12,27.62,-0.0,0.5
2025-09-14 13:00:00-04:00,30.41,29.76,-0.0,0.65
2025-09-14 14:00:00-04:00,29.85,29.15,-0.0,0.7
2025-09-14 15:00:00-04:00,32.58,31.69,-0.0,0.89
2025-09-14 16:00:00-04:00,40.54,39.44,-0.12,1.22
2025-09-14 17:00:00-04:00,49.76,48.08,-0.0,1.68
2025-09-14 18:00:00-04:00,57.14,54.84,-0.0,2.3
2025-09-14 19:00:00-04:00,56.23,53.86,-0.0,2.37
2025-09-14 20:00:00-04:00,46.9,44.75,-0.0,2.15
2025-09-14 21:00:00-04:00,41.94,40.06,-0.0,1.88
2025-09-14 22:00:00-04:00,36.62,35.04,-0.0,1.58
2025-09-14 23:00:00-04:00,31.81,30.56,-0.0,1.25
2025-09-15 00:00:00-04:00,32.27,30.94,-0.0,1.33
2025-09-15 01:00:00-04:00,30.16,28.92,-0.0,1.24
2025-09-15 02:00:00-04:00,28.84,27.63,-0.0,1.21
2025-09-15 03:00:00-04:00,28.19,27.0,-0.0,1.19
2025-09-15 04:00:00-04:00,28.92,27.65,-0.0,1.27
2025-09-15 05:00:00-04:00,29.39,28.12,-0.0,1.27
2025-09-15 06:00:00-04:00,38.07,36.36,-0.0,1.71
2025-09-15 07:00:00-04:00,42.61,40.82,-0.0,1.79
2025-09-15 08:00:00-04:00,39.21,38.41,-0.47,1.27
2025-09-15 09:00:00-04:00,34.25,33.8,-0.49,0.94
2025-09-15 10:00:00-04:00,33.58,33.54,-0.73,0.77
2025-09-15 11:00:00-04:00,35.49,35.25,-0.57,0.81
2025-09-15 12:00:00-04:00,36.23,35.92,-0.45,0.76
2025-09-15 13:00:00-04:00,38.56,38.58,-0.56,0.54
2025-09-15 14:00:00-04:00,40.94,41.02,-0.73,0.65
2025-09-15 15:00:00-04:00,44.53,44.54,-0.9,0.89
2025-09-15 16:00:00-04:00,51.82,51.38,-0.85,1.29
2025-09-15 17:00:00-04:00,63.99,63.1,-0.94,1.83
2025-09-15 18:00:00-04:00,67.4,66.27,-0.99,2.12
2025-09-15 19:00:00-04:00,60.96,59.37,-0.43,2.02
2025-09-15 20:00:00-04:00,52.46,50.61,-0.02,1.87
2025-09-15 21:00:00-04:00,44.44,42.94,-0.0,1.5
2025-09-15 22:00:00-04:00,38.32,37.06,-0.0,1.26
2025-09-15 23:00:00-04:00,34.92,33.54,-0.0,1.38
2025-09-16 00:00:00-04:00,30.06,29.04,-0.0,1.02
2025-09-16 01:00:00-04:00,29.11,28.18,-0.0,0.93
2025-09-16 02:00:00-04:00,26.5,25.65,-0.0,0.85
2025-09-16 03:00:00-04:00,25.0,24.18,-0.0,0.82
2025-09-16 04:00:00-04:00,25.17,24.32,-0.0,0.85
2025-09-16 05:00:00-04:00,29.5,28.56,-0.0,0.94
2025-09-16 06:00:00-04:00,38.57,37.63,-0.34,1.28
2025-09-16 07:00:00-04:00,39.68,38.69,-0.21,1.2
2025-09-16 08:00:00-04:00,35.88,35.64,-0.47,0.71
2025-09-16 09:00:00-04:00,31.21,32.44,-1.72,0.49
2025-09-16 10:00:00-04:00,32.17,33.33,-1.4,0.24
2025-09-16 11:00:00-04:00,32.24,33.39,-1.35,0.2
2025-09-16 12:00:00-04:00,33.24,34.16,-0.99,0.07
2025-09-16 13:00:00-04:00,34.63,34.9,-0.45,0.18
2025-09-16 14:00:00-04:00,35.64,35.8,-0.38,0.22
2025-09-16 15:00:00-04:00,36.38,36.53,-0.59,0.44
2025-09-16 16:00:00-04:00,41.15,40.99,-0.54,0.7
2025-09-16 17:00:00-04:00,50.04,49.3,-0.39,1.13
2025-09-16 18:00:00-04:00,56.39,55.44,-0.49,1.44
2025-09-16 19:00:00-04:00,56.85,56.22,-0.94,1.57
2025-09-16 20:00:00-04:00,44.57,43.38,-0.29,1.48
2025-09-16 21:00:00-04:00,39.46,38.43,-0.24,1.27
2025-09-16 22:00:00-04:00,34.53,33.82,-0.3,1.01
2025-09-16 23:00:00-04:00,32.33,31.66,-0.21,0.88
2025-09-17 00:00:00-04:00,34.34,33.64,-0.34,1.04
2025-09-17 01:00:00-04:00,30.55,29.8,-0.14,0.89
2025-09-17 02:00:00-04:00,30.53,29.74,-0.13,0.92
2025-09-17 03:00:00-04:00,29.33,28.42,-0.0,0.91
2025-09-17 04:00:00-04:00,30.02,29.11,-0.02,0.93
2025-09-17 05:00:00-04:00,32.19,31.3,-0.14,1.03
2025-09-17 06:00:00-04:00,40.93,40.17,-0.56,1.32
2025-09-17 07:00:00-04:00,44.66,44.07,-0.82,1.41
2025-09-17 08:00:00-04:00,41.31,41.26,-0.82,0.87
2025-09-17 09:00:00-04:00,37.01,37.79,-1.42,0.64
2025-09-17 10:00:00-04:00,36.42,36.77,-0.57,0.22
2025-09-17 11:00:00-04:00,36.34,36.82,-0.63,0.15
2025-09-17 12:00:00-04:00,37.96,38.61,-0.84,0.19
2025-09-17 13:00:00-04:00,39.15,39.79,-0.76,0.12
2025-09-17 14:00:00-04:00,40.46,41.08,-0.83,0.21
2025-09-17 15:00:00-04:00,43.85,44.31,-0.95,0.49
2025-09-17 16:00:00-04:00,48.16,48.04,-0.75,0.87
2025-09-17 17:00:00-04:00,54.92,53.7,-0.23,1.45
2025-09-17 18:00:00-04:00,61.65,60.47,-0.63,1.81
2025-09-17 19:00:00-04:00,59.65,58.36,-0.52,1.81
2025-09-17 20:00:00-04:00,50.33,49.17,-0.37,1.53
2025-09-17 21:00:00-04:00,44.0,43.45,-0.75,1.3
2025-09-17 22:00:00-04:00,38.96,38.31,-0.54,1.19
2025-09-17 23:00:00-04:00,35.38,34.75,-0.31,0.94
2025-09-18 00:00:00-04:00,33.38,32.65,-0.18,0.91
2025-09-18 01:00:00-04:00,31.51,30.84,-0.1,0.77
2025-09-18 02:00:00-04:00,29.82,29.07,-0.0,0.75
2025-09-18 03:00:00-04:00,28.54,27.76,-0.0,0.78
2025-09-18 04:00:00-04:00,29.79,28.98,-0.0,0.81
2025-09-18 05:00:00-04:00,32.16,31.33,-0.11,0.94
2025-09-18 06:00:00-04:00,40.08,39.42,-0.48,1.14
2025-09-18 07:00:00-04:00,45.47,44.58,-0.54,1.43
2025-09-18 08:00:00-04:00,42.78,42.85,-0.93,0.86
2025-09-18 09:00:00-04:00,39.45,40.06,-1.21,0.6
2025-09-18 10:00:00-04:00,37.72,38.0,-0.55,0.27
2025-09-18 11:00:00-04:00,37.08,37.43,-0.61,0.26
2025-09-18 12:00:00-04:00,39.58,40.36,-0.74,-0.04
2025-09-18 13:00:00-04:00,41.25,42.03,-0.86,0.08
2025-09-18 14:00:00-04:00,43.12,43.83,-0.93,0.22
2025-09-18 15:00:00-04:00,44.61,45.75,-1.64,0.5
2025-09-18 16:00:00-04:00,47.95,48.28,-1.2,0.87
2025-09-18 17:00:00-04:00,68.76,69.86,-2.21,1.11
2025-09-18 18:00:00-04:00,69.23,69.62,-1.92,1.53
2025-09-18 19:00:00-04:00,70.2,70.79,-2.22,1.63
2025-09-18 20:00:00-04:00,57.57,57.5,-1.14,1.21
2025-09-18 21:00:00-04:00,47.98,47.97,-1.0,1.01
2025-09-18 22:00:00-04:00,43.39,43.37,-0.72,0.74
2025-09-18 23:00:00-04:00,40.36,40.41,-0.57,0.52
2025-09-19 00:00:00-04:00,35.11,34.42,-0.0,0.69
2025-09-19 01:00:00-04:00,32.97,32.51,-0.06,0.52
2025-09-19 02:00:00-04:00,31.06,30.54,-0.03,0.55
2025-09-19 03:00:00-04:00,29.69,29.19,-0.0,0.5
2025-09-19 04:00:00-04:00,29.42,28.98,-0.0,0.44
2025-09-19 05:00:00-04:00,32.94,32.26,-0.0,0.68
2025-09-19 06:00:00-04:00,39.16,38.35,-0.0,0.81
2025-09-19 07:00:00-04:00,44.41,43.58,-0.0,0.83
2025-09-19 08:00:00-04:00,40.3,40.31,-0.5,0.49
2025-09-19 09:00:00-04:00,37.52,37.96,-0.74,0.3
2025-09-19 10:00:00-04:00,35.67,36.5,-0.94,0.11
2025-09-19 11:00:00-04:00,36.27,37.16,-1.0,0.11
2025-09-19 12:00:00-04:00,37.47,38.56,-1.17,0.08
2025-09-19 13:00:00-04:00,38.24,39.42,-1.22,0.04
2025-09-19 14:00:00-04:00,40.31,41.47,-1.33,0.17
2025-09-19 15:00:00-04:00,42.0,43.12,-1.42,0.3
2025-09-19 16:00:00-04:00,48.17,48.73,-1.24,0.68
2025-09-19 17:00:00-04:00,62.93,63.47,-1.62,1.08
2025-09-19 18:00:00-04:00,61.31,61.23,-1.02,1.1
2025-09-19 19:00:00-04:00,56.58,56.13,-0.56,1.01
2025-09-19 20:00:00-04:00,48.17,47.58,-0.12,0.71
2025-09-19 21:00:00-04:00,43.13,42.91,-0.51,0.73
2025-09-19 22:00:00-04:00,40.21,39.71,-0.01,0.51
2025-09-19 23:00:00-04:00,36.14,35.68,-0.0,0.46
2025-09-20 00:00:00-04:00,34.3,33.73,-0.0,0.57
2025-09-20 01:00:00-04:00,30.11,29.55,-0.0,0.56
2025-09-20 02:00:00-04:00,27.84,27.29,-0.0,0.55
2025-09-20 03:00:00-04:00,29.04,28.47,-0.0,0.57
2025-09-20 04:00:00-04:00,28.47,27.88,-0.0,0.59
2025-09-20 05:00:00-04:00,29.56,29.01,-0.0,0.55
2025-09-20 06:00:00-04:00,32.26,31.69,-0.0,0.57
2025-09-20 07:00:00-04:00,27.73,27.29,-0.0,0.44
2025-09-20 08:00:00-04:00,27.78,27.37,-0.0,0.41
2025-09-20 09:00:00-04:00,22.93,22.75,-0.0,0.18
2025-09-20 10:00:00-04:00,21.89,21.85,-0.0,0.04
2025-09-20 11:00:00-04:00,22.54,22.57,-0.05,0.02
2025-09-20 12:00:00-04:00,22.46,22.53,-0.05,-0.02
2025-09-20 13:00:00-04:00,23.53,23.7,-0.15,-0.02
2025-09-20 14:00:00-04:00,24.02,24.14,-0.07,-0.05
2025-09-20 15:00:00-04:00,27.74,27.79,-0.13,0.08
2025-09-20 16:00:00-04:00,32.05,32.26,-0.34,0.13
2025-09-20 17:00:00-04:00,40.86,40.41,-0.0,0.45
2025-09-20 18:00:00-04:00,46.45,45.81,-0.0,0.64
2025-09-20 19:00:00-04:00,46.28,45.51,-0.0,0.77
2025-09-20 20:00:00-04:00,40.68,39.96,-0.0,0.72
2025-09-20 21:00:00-04:00,34.3,33.66,-0.0,0.64
2025-09-20 22:00:00-04:00,32.28,31.71,-0.0,0.57
2025-09-20 23:00:00-04:00,28.33,27.8,-0.0,0.53
2025-09-21 00:00:00-04:00,29.41,28.64,-0.0,0.77
2025-09-21 01:00:00-04:00,27.0,26.29,-0.0,0.71
2025-09-21 02:00:00-04:00,24.67,23.95,-0.0,0.72
2025-09-21 03:00:00-04:00,23.42,22.74,-0.0,0.68
2025-09-21 04:00:00-04:00,23.08,22.43,-0.0,0.65
2025-09-21 05:00:00-04:00,23.58,22.92,-0.0,0.66
2025-09-21 06:00:00-04:00,26.54,25.84,-0.0,0.7
2025-09-21 07:00:00-04:00,25.9,25.32,-0.0,0.58
2025-09-21 08:00:00-04:00,24.35,23.94,-0.0,0.41
2025-09-21 09:00:00-04:00,20.21,19.95,-0.0,0.26
2025-09-21 10:00:00-04:00,19.45,19.31,-0.0,0.14
2025-09-21 11:00:00-04:00,19.86,19.84,-0.0,0.02
2025-09-21 12:00:00-04:00,20.36,20.36,-0.0,0.0
2025-09-21 13:00:00-04:00,22.11,22.09,-0.0,0.02
2025-09-21 14:00:00-04:00,22.19,22.12,-0.0,0.07
2025-09-21 15:00:00-04:00,26.22,26.04,-0.0,0.18
2025-09-21 16:00:00-04:00,31.17,30.77,-0.0,0.4
2025-09-21 17:00:00-04:00,42.3,41.51,-0.0,0.79
2025-09-21 18:00:00-04:00,50.14,48.87,-0.0,1.27
2025-09-21 19:00:00-04:00,46.17,44.83,-0.0,1.34
2025-09-21 20:00:00-04:00,43.45,42.22,-0.0,1.23
2025-09-21 21:00:00-04:00,34.65,33.67,-0.0,0.98
2025-09-21 22:00:00-04:00,29.73,28.92,-0.0,0.81
2025-09-21 23:00:00-04:00,26.69,26.01,-0.0,0.68
2025-09-22 00:00:00-04:00,28.15,27.33,-0.0,0.82
2025-09-22 01:00:00-04:00,26.5,25.73,-0.0,0.77
2025-09-22 02:00:00-04:00,24.7,23.93,-0.0,0.77
2025-09-22 03:00:00-04:00,23.71,22.95,-0.0,0.76
2025-09-22 04:00:00-04:00,24.35,23.62,-0.0,0.73
2025-09-22 05:00:00-04:00,25.69,24.87,-0.0,0.82
2025-09-22 06:00:00-04:00,33.26,32.04,-0.0,1.22
2025-09-22 07:00:00-04:00,36.67,35.33,-0.0,1.34
2025-09-22 08:00:00-04:00,31.69,30.86,-0.0,0.83
2025-09-22 09:00:00-04:00,26.95,26.32,-0.0,0.63
2025-09-22 10:00:00-04:00,26.24,25.75,-0.0,0.49
2025-09-22 11:00:00-04:00,26.59,26.17,-0.0,0.42
2025-09-22 12:00:00-04:00,27.93,27.63,-0.12,0.42
2025-09-22 13:00:00-04:00,32.46,32.28,-0.14,0.32
2025-09-22 14:00:00-04:00,34.53,34.65,-0.47,0.35
2025-09-22 15:00:00-04:00,36.2,36.24,-0.33,0.29
2025-09-22 16:00:00-04:00,44.73,44.6,-0.36,0.49
2025-09-22 17:00:00-04:00,59.62,58.86,-0.0,0.76
2025-09-22 18:00:00-04:00,61.75,60.6,-0.0,1.15
2025-09-22 19:00:00-04:00,58.42,57.39,-0.0,1.03
2025-09-22 20:00:00-04:00,50.16,49.08,-0.0,1.08
2025-09-22 21:00:00-04:00,39.57,38.83,-0.0,0.74
2025-09-22 22:00:00-04:00,35.77,35.17,-0.0,0.6
2025-09-22 23:00:00-04:00,31.86,31.14,-0.0,0.72
2025-09-23 00:00:00-04:00,34.85,34.2,-0.0,0.65
2025-09-23 01:00:00-04:00,31.12,30.54,-0.0,0.58
2025-09-23 02:00:00-04:00,31.03,30.45,-0.0,0.58
2025-09-23 03:00:00-04:00,30.04,29.48,-0.0,0.56
2025-09-23 04:00:00-04:00,30.62,30.02,-0.0,0.6
2025-09-23 05:00:00-04:00,34.61,33.93,-0.0,0.68
2025-09-23 06:00:00-04:00,45.82,44.79,-0.0,1.03
2025-09-23 07:00:00-04:00,50.43,49.39,-0.0,1.04
2025-09-23 08:00:00-04:00,46.4,45.63,-0.0,0.77
2025-09-23 09:00:00-04:00,39.15,39.05,-0.49,0.59
2025-09-23 10:00:00-04:00,39.02,39.24,-0.61,0.39
2025-09-23 11:00:00-04:00,39.07,39.21,-0.65,0.51
2025-09-23 12:00:00-04:00,42.03,42.89,-1.38,0.52
2025-09-23 13:00:00-04:00,46.1,47.45,-2.06,0.71
2025-09-23 14:00:00-04:00,51.24,52.1,-1.74,0.88
2025-09-23 15:00:00-04:00,57.1,58.11,-2.23,1.22
2025-09-23 16:00:00-04:00,68.32,70.47,-3.91,1.76
2025-09-23 17:00:00-04:00,80.92,82.57,-4.05,2.4
2025-09-23 18:00:00-04:00,67.54,69.27,-3.74,2.01
2025-09-23 19:00:00-04:00,64.89,66.17,-3.0,1.72
2025-09-23 20:00:00-04:00,57.94,56.98,-0.35,1.31
2025-09-23 21:00:00-04:00,48.43,47.65,-0.12,0.9
2025-09-23 22:00:00-04:00,43.2,42.6,-0.0,0.6
2025-09-23 23:00:00-04:00,39.3,38.8,-0.0,0.5
2025-09-24 00:00:00-04:00,40.67,40.23,-0.0,0.44
2025-09-24 01:00:00-04:00,36.0,35.57,-0.0,0.43
2025-09-24 02:00:00-04:00,33.69,33.29,-0.0,0.4
2025-09-24 03:00:00-04:00,31.99,31.61,-0.0,0.38
2025-09-24 04:00:00-04:00,32.19,31.75,-0.0,0.44
2025-09-24 05:00:00-04:00,33.95,33.52,-0.0,0.43
2025-09-24 06:00:00-04:00,44.93,44.22,-0.0,0.71
2025-09-24 07:00:00-04:00,50.14,49.21,-0.0,0.93
2025-09-24 08:00:00-04:00,50.23,49.59,-0.0,0.64
2025-09-24 09:00:00-04:00,48.62,48.93,-0.8,0.49
2025-09-24 10:00:00-04:00,48.42,48.99,-0.87,0.3
2025-09-24 11:00:00-04:00,48.8,49.22,-0.77,0.35
2025-09-24 12:00:00-04:00,51.25,52.07,-1.13,0.31
2025-09-24 13:00:00-04:00,51.45,52.23,-1.1,0.32
2025-09-24 14:00:00-04:00,55.22,56.22,-1.34,0.34
2025-09-24 15:00:00-04:00,63.62,64.81,-1.84,0.65
2025-09-24 16:00:00-04:00,68.42,69.81,-2.23,0.84
2025-09-24 17:00:00-04:00,79.31,79.06,-1.33,1.58
2025-09-24 18:00:00-04:00,69.39,69.82,-1.48,1.05
2025-09-24 19:00:00-04:00,66.01,65.98,-0.76,0.79
2025-09-24 20:00:00-04:00,53.5,52.85,-0.19,0.84
2025-09-24 21:00:00-04:00,46.4,46.13,-0.51,0.78
2025-09-24 22:00:00-04:00,41.81,41.63,-0.53,0.71
2025-09-24 23:00:00-04:00,38.09,37.99,-0.43,0.53
2025-09-25 00:00:00-04:00,36.43,35.96,-0.0,0.47
2025-09-25 01:00:00-04:00,32.69,32.3,-0.0,0.39
2025-09-25 02:00:00-04:00,31.47,31.04,-0.0,0.43
2025-09-25 03:00:00-04:00,30.0,29.59,-0.0,0.41
2025-09-25 04:00:00-04:00,30.66,30.21,-0.0,0.45
2025-09-25 05:00:00-04:00,32.29,31.78,-0.0,0.51
2025-09-25 06:00:00-04:00,41.1,40.37,-0.0,0.73
2025-09-25 07:00:00-04:00,45.04,44.29,-0.09,0.84
2025-09-25 08:00:00-04:00,45.74,45.51,-0.54,0.77
2025-09-25 09:00:00-04:00,45.45,45.23,-0.64,0.86
2025-09-25 10:00:00-04:00,46.8,46.93,-0.7,0.57
2025-09-25 11:00:00-04:00,48.28,48.34,-0.64,0.58
2025-09-25 12:00:00-04:00,48.6,48.69,-0.63,0.54
2025-09-25 13:00:00-04:00,52.82,52.89,-0.65,0.58
2025-09-25 14:00:00-04:00,52.55,52.98,-1.07,0.64
2025-09-25 15:00:00-04:00,55.09,55.43,-1.12,0.78
2025-09-25 16:00:00-04:00,58.06,58.14,-1.01,0.93
2025-09-25 17:00:00-04:00,64.42,64.48,-1.22,1.16
2025-09-25 18:00:00-04:00,59.29,58.39,-0.21,1.11
2025-09-25 19:00:00-04:00,58.48,57.84,-0.34,0.98
2025-09-25 20:00:00-04:00,49.8,48.92,-0.05,0.93
2025-09-25 21:00:00-04:00,44.84,44.01,-0.0,0.83
2025-09-25 22:00:00-04:00,40.18,39.82,-0.48,0.84
2025-09-25 23:00:00-04:00,36.03,35.64,-0.29,0.68
2025-09-26 00:00:00-04:00,42.21,42.13,-0.64,0.72
2025-09-26 01:00:00-04:00,37.14,36.86,-0.38,0.66
2025-09-26 02:00:00-04:00,33.89,33.5,-0.21,0.6
2025-09-26 03:00:00-04:00,32.27,31.82,-0.12,0.57
2025-09-26 04:00:00-04:00,33.59,33.13,-0.17,0.63
2025-09-26 05:00:00-04:00,35.69,35.31,-0.29,0.67
2025-09-26 06:00:00-04:00,44.61,44.12,-0.44,0.93
2025-09-26 07:00:00-04:00,48.67,47.85,-0.23,1.05
2025-09-26 08:00:00-04:00,48.93,48.99,-0.84,0.78
2025-09-26 09:00:00-04:00,45.61,45.94,-0.88,0.55
2025-09-26 10:00:00-04:00,43.05,43.41,-0.71,0.35
2025-09-26 11:00:00-04:00,42.15,42.57,-0.68,0.26
2025-09-26 12:00:00-04:00,41.16,41.7,-0.67,0.13
2025-09-26 13:00:00-04:00,43.58,44.22,-0.77,0.13
2025-09-26 14:00:00-04:00,44.69,45.37,-0.82,0.14
2025-09-26 15:00:00-04:00,46.55,46.96,-0.88,0.47
2025-09-26 16:00:00-04:00,53.25,53.51,-1.01,0.75
2025-09-26 17:00:00-04:00,65.25,64.65,-0.57,1.17
2025-09-26 18:00:00-04:00,65.67,65.29,-0.99,1.37
2025-09-26 19:00:00-04:00,58.43,57.63,-0.35,1.15
2025-09-26 20:00:00-04:00,49.39,48.66,-0.29,1.02
2025-09-26 21:00:00-04:00,46.0,45.39,-0.39,1.0
2025-09-26 22:00:00-04:00,44.38,44.33,-0.7,0.75
2025-09-26 23:00:00-04:00,41.55,41.55,-0.58,0.58
2025-09-27 00:00:00-04:00,38.83,38.84,-0.63,0.62
2025-09-27 01:00:00-04:00,34.48,34.26,-0.36,0.58
2025-09-27 02:00:00-04:00,33.28,33.02,-0.3,0.56
2025-09-27 03:00:00-04:00,29.56,29.14,-0.08,0.5
2025-09-27 04:00:00-04:00,30.89,30.51,-0.17,0.55
2025-09-27 05:00:00-04:00,32.75,32.43,-0.23,0.55
2025-09-27 06:00:00-04:00,34.29,33.94,-0.26,0.61
2025-09-27 07:00:00-04:00,37.46,37.11,-0.35,0.7
2025-09-27 08:00:00-04:00,36.99,37.41,-0.9,0.48
2025-09-27 09:00:00-04:00,34.98,35.91,-1.29,0.36
2025-09-27 10:00:00-04:00,34.68,35.37,-0.83,0.14
2025-09-27 11:00:00-04:00,35.46,36.28,-1.0,0.18
2025-09-27 12:00:00-04:00,36.88,37.85,-0.97,0.0
2025-09-27 13:00:00-04:00,37.85,38.6,-0.83,0.08
2025-09-27 14:00:00-04:00,39.28,39.59,-0.59,0.28
2025-09-27 15:00:00-04:00,41.79,42.19,-0.7,0.3
2025-09-27 16:00:00-04:00,47.16,47.57,-0.89,0.48
2025-09-27 17:00:00-04:00,57.59,57.06,-0.33,0.86
2025-09-27 18:00:00-04:00,57.68,57.07,-0.3,0.91
2025-09-27 19:00:00-04:00,54.65,54.21,-0.42,0.86
2025-09-27 20:00:00-04:00,48.98,48.66,-0.56,0.88
2025-09-27 21:00:00-04:00,44.73,44.6,-0.72,0.85
2025-09-27 22:00:00-04:00,40.95,40.61,-0.39,0.73
2025-09-27 23:00:00-04:00,37.93,37.37,-0.0,0.56
2025-09-28 00:00:00-04:00,34.84,34.02,-0.0,0.82
2025-09-28 01:00:00-04:00,30.89,30.14,-0.0,0.75
2025-09-28 02:00:00-04:00,27.49,26.82,-0.0,0.67
2025-09-28 03:00:00-04:00,27.27,26.48,-0.0,0.79
2025-09-28 04:00:00-04:00,26.86,26.13,-0.0,0.73
2025-09-28 05:00:00-04:00,27.93,27.2,-0.0,0.73
2025-09-28 06:00:00-04:00,29.93,29.17,-0.0,0.76
2025-09-28 07:00:00-04:00,29.77,29.1,-0.0,0.67
2025-09-28 08:00:00-04:00,28.74,28.31,-0.0,0.43
2025-09-28 09:00:00-04:00,29.68,29.36,-0.0,0.32
2025-09-28 10:00:00-04:00,29.74,29.51,-0.0,0.23
2025-09-28 11:00:00-04:00,31.45,31.31,-0.11,0.25
2025-09-28 12:00:00-04:00,33.47,33.47,-0.27,0.27
2025-09-28 13:00:00-04:00,35.27,35.38,-0.36,0.25
2025-09-28 14:00:00-04:00,37.03,37.12,-0.42,0.33
2025-09-28 15:00:00-04:00,41.99,42.12,-0.68,0.55
2025-09-28 16:00:00-04:00,46.8,47.08,-0.94,0.66
2025-09-28 17:00:00-04:00,61.05,59.98,-0.13,1.2
2025-09-28 18:00:00-04:00,66.7,65.12,-0.11,1.69
2025-09-28 19:00:00-04:00,66.8,65.04,-0.0,1.76
2025-09-28 20:00:00-04:00,52.77,51.54,-0.0,1.23
2025-09-28 21:00:00-04:00,47.66,46.73,-0.0,0.93
2025-09-28 22:00:00-04:00,40.38,39.93,-0.39,0.84
2025-09-28 23:00:00-04:00,36.33,35.84,-0.12,0.61
2025-09-29 00:00:00-04:00,35.34,34.99,-0.28,0.63
2025-09-29 01:00:00-04:00,31.53,31.15,-0.09,0.47
2025-09-29 02:00:00-04:00,29.29,28.83,-0.0,0.46
2025-09-29 03:00:00-04:00,27.31,26.83,-0.0,0.48
2025-09-29 04:00:00-04:00,28.09,27.67,-0.0,0.42
2025-09-29 05:00:00-04:00,32.02,31.56,-0.08,0.54
2025-09-29 06:00:00-04:00,40.65,40.09,-0.28,0.84
2025-09-29 07:00:00-04:00,41.11,40.01,-0.22,1.32
2025-09-29 08:00:00-04:00,38.05,37.67,-0.56,0.94
2025-09-29 09:00:00-04:00,31.88,32.22,-0.98,0.64
2025-09-29 10:00:00-04:00,33.27,33.07,-0.33,0.53
2025-09-29 11:00:00-04:00,33.71,33.9,-0.7,0.51
2025-09-29 12:00:00-04:00,35.02,35.31,-0.78,0.49
2025-09-29 13:00:00-04:00,37.32,37.5,-0.7,0.52
2025-09-29 14:00:00-04:00,39.08,39.02,-0.64,0.7
2025-09-29 15:00:00-04:00,43.71,43.9,-1.15,0.96
2025-09-29 16:00:00-04:00,48.52,48.31,-0.85,1.06
2025-09-29 17:00:00-04:00,67.94,66.29,-0.2,1.85
2025-09-29 18:00:00-04:00,70.42,68.48,-0.19,2.13
2025-09-29 19:00:00-04:00,67.2,65.88,-0.0,1.32
2025-09-29 20:00:00-04:00,52.74,51.76,-0.0,0.98
2025-09-29 21:00:00-04:00,45.96,45.78,-0.6,0.78
2025-09-29 22:00:00-04:00,41.22,41.08,-0.6,0.74
2025-09-29 23:00:00-04:00,37.54,37.46,-0.41,0.49
2025-09-30 00:00:00-04:00,33.38,32.88,-0.12,0.62
2025-09-30 01:00:00-04:00,31.2,30.76,-0.02,0.46
2025-09-30 02:00:00-04:00,28.95,28.47,-0.0,0.48
2025-09-30 03:00:00-04:00,28.09,27.59,-0.0,0.5
2025-09-30 04:00:00-04:00,28.8,28.35,-0.0,0.45
2025-09-30 05:00:00-04:00,30.93,30.44,-0.0,0.49
2025-09-30 06:00:00-04:00,41.79,41.7,-0.83,0.92
2025-09-30 07:00:00-04:00,44.73,44.0,-0.06,0.79
2025-09-30 08:00:00-04:00,40.07,39.52,-0.0,0.55
2025-09-30 09:00:00-04:00,31.86,31.95,-0.38,0.29
2025-09-30 10:00:00-04:00,32.24,32.44,-0.33,0.13
2025-09-30 11:00:00-04:00,33.17,33.6,-0.5,0.07
2025-09-30 12:00:00-04:00,34.0,37.03,-3.1,0.07
2025-09-30 13:00:00-04:00,36.37,38.43,-2.18,0.12
2025-09-30 14:00:00-04:00,39.01,39.64,-0.83,0.2
2025-09-30 15:00:00-04:00,40.61,41.15,-0.87,0.33
2025-09-30 16:00:00-04:00,47.24,47.79,-1.22,0.67
2025-09-30 17:00:00-04:00,63.74,64.03,-1.57,1.28
2025-09-30 18:00:00-04:00,66.84,66.31,-1.06,1.59
2025-09-30 19:00:00-04:00,60.96,60.3,-0.66,1.32
2025-09-30 20:00:00-04:00,49.21,48.5,-0.41,1.12
2025-09-30 21:00:00-04:00,40.19,39.59,-0.27,0.87
2025-09-30 22:00:00-04:00,35.37,34.98,-0.38,0.77
2025-09-30 23:00:00-04:00,32.34,31.69,-0.05,0.7
2025-10-01 00:00:00-04:00,29.87,29.14,-0.0,0.73
2025-10-01 01:00:00-04:00,27.54,26.92,-0.0,0.62
2025-10-01 02:00:00-04:00,25.73,25.1,-0.0,0.63
2025-10-01 03:00:00-04:00,25.37,24.8,-0.0,0.57
2025-10-01 04:00:00-04:00,26.62,26.0,-0.0,0.62
2025-10-01 05:00:00-04:00,31.08,30.26,-0.0,0.82
2025-10-01 06:00:00-04:00,41.1,39.98,-0.0,1.12
2025-10-01 07:00:00-04:00,44.16,43.08,-0.0,1.08
2025-10-01 08:00:00-04:00,36.43,36.3,-0.42,0.55
2025-10-01 09:00:00-04:00,30.18,29.91,-0.15,0.42
2025-10-01 10:00:00-04:00,26.9,26.63,-0.0,0.27
2025-10-01 11:00:00-04:00,26.03,25.89,-0.07,0.21
2025-10-01 12:00:00-04:00,25.32,25.39,-0.17,0.1
2025-10-01 13:00:00-04:00,26.71,26.81,-0.31,0.21
2025-10-01 14:00:00-04:00,26.2,26.11,-0.17,0.26
2025-10-01 15:00:00-04:00,29.4,29.3,-0.22,0.32
2025-10-01 16:00:00-04:00,35.34,35.22,-0.34,0.46
2025-10-01 17:00:00-04:00,44.25,43.43,-0.0,0.82
2025-10-01 18:00:00-04:00,50.56,49.42,-0.0,1.14
2025-10-01 19:00:00-04:00,50.83,49.69,-0.0,1.14
2025-10-01 20:00:00-04:00,43.17,42.05,-0.02,1.14
2025-10-01 21:00:00-04:00,37.13,36.19,-0.0,0.94
2025-10-01 22:00:00-04:00,32.72,32.15,-0.17,0.74
2025-10-01 23:00:00-04:00,30.15,29.47,-0.0,0.68
2025-10-02 00:00:00-04:00,29.6,28.6,-0.0,1.0
2025-10-02 01:00:00-04:00,27.33,26.48,-0.0,0.85
2025-10-02 02:00:00-04:00,26.33,25.51,-0.0,0.82
2025-10-02 03:00:00-04:00,26.04,25.18,-0.0,0.86
2025-10-02 04:00:00-04:00,27.39,26.44,-0.0,0.95
2025-10-02 05:00:00-04:00,31.48,30.48,-0.0,1.0
2025-10-02 06:00:00-04:00,44.91,43.43,-0.0,1.48
2025-10-02 07:00:00-04:00,48.86,47.39,-0.0,1.47
2025-10-02 08:00:00-04:00,39.56,38.67,-0.0,0.89
2025-10-02 09:00:00-04:00,30.22,29.83,-0.0,0.39
2025-10-02 10:00:00-04:00,28.17,27.86,-0.0,0.31
2025-10-02 11:00:00-04:00,26.29,26.11,-0.0,0.18
2025-10-02 12:00:00-04:00,25.92,25.74,-0.0,0.18
2025-10-02 13:00:00-04:00,27.17,26.96,-0.0,0.21
2025-10-02 14:00:00-04:00,27.53,27.31,-0.0,0.22
2025-10-02 15:00:00-04:00,28.79,28.31,-0.0,0.48
2025-10-02 16:00:00-04:00,34.59,33.85,-0.0,0.74
2025-10-02 17:00:00-04:00,46.39,45.04,-0.0,1.35
2025-10-02 18:00:00-04:00,58.32,56.35,-0.0,1.97
2025-10-02 19:00:00-04:00,57.53,55.75,-0.0,1.78
2025-10-02 20:00:00-04:00,45.93,44.34,-0.0,1.59
2025-10-02 21:00:00-04:00,39.99,38.56,-0.0,1.43
2025-10-02 22:00:00-04:00,33.64,32.5,-0.0,1.14
2025-10-02 23:00:00-04:00,31.7,30.63,-0.0,1.07
2025-10-03 00:00:00-04:00,30.31,29.14,-0.0,1.17
2025-10-03 01:00:00-04:00,28.19,27.05,-0.0,1.14
2025-10-03 02:00:00-04:00,26.98,25.89,-0.0,1.09
2025-10-03 03:00:00-04:00,27.0,25.89,-0.0,1.11
2025-10-03 04:00:00-04:00,28.36,27.22,-0.0,1.14
2025-10-03 05:00:00-04:00,31.61,30.48,-0.0,1.13
2025-10-03 06:00:00-04:00,42.66,41.14,-0.0,1.52
2025-10-03 07:00:00-04:00,48.88,47.09,-0.0,1.79
2025-10-03 08:00:00-04:00,37.43,36.37,-0.0,1.06
2025-10-03 09:00:00-04:00,29.89,29.3,-0.0,0.59
2025-10-03 10:00:00-04:00,26.78,26.51,-0.0,0.27
2025-10-03 11:00:00-04:00,25.97,25.76,-0.0,0.21
2025-10-03 12:00:00-04:00,25.8,25.76,-0.04,0.08
2025-10-03 13:00:00-04:00,26.76,26.67,-0.04,0.13
2025-10-03 14:00:00-04:00,28.0,27.94,-0.14,0.2
2025-10-03 15:00:00-04:00,30.53,30.49,-0.18,0.22
2025-10-03 16:00:00-04:00,37.02,37.0,-0.5,0.52
2025-10-03 17:00:00-04:00,46.82,45.9,-0.0,0.92
2025-10-03 18:00:00-04:00,58.57,57.14,-0.0,1.43
2025-10-03 19:00:00-04:00,62.4,61.08,-0.14,1.46
2025-10-03 20:00:00-04:00,45.47,44.32,-0.0,1.15
2025-10-03 21:00:00-04:00,39.71,38.63,-0.0,1.08
2025-10-03 22:00:00-04:00,34.76,33.75,-0.0,1.01
2025-10-03 23:00:00-04:00,32.63,31.71,-0.0,0.92
2025-10-04 00:00:00-04:00,32.39,31.57,-0.0,0.82
2025-10-04 01:00:00-04:00,28.61,27.91,-0.0,0.7
2025-10-04 02:00:00-04:00,27.5,26.8,-0.0,0.7
2025-10-04 03:00:00-04:00,25.85,25.22,-0.0,0.63
2025-10-04 04:00:00-04:00,26.15,25.51,-0.0,0.64
2025-10-04 05:00:00-04:00,28.6,27.88,-0.0,0.72
2025-10-04 06:00:00-04:00,38.11,37.04,-0.0,1.07
2025-10-04 07:00:00-04:00,39.58,38.46,-0.0,1.12
2025-10-04 08:00:00-04:00,33.59,32.93,-0.0,0.66
2025-10-04 09:00:00-04:00,27.43,27.08,-0.0,0.35
2025-10-04 10:00:00-04:00,26.6,26.36,-0.0,0.24
2025-10-04 11:00:00-04:00,26.33,26.2,-0.0,0.13
2025-10-04 12:00:00-04:00,27.44,27.33,-0.0,0.11
2025-10-04 13:00:00-04:00,29.47,29.42,-0.13,0.18
2025-10-04 14:00:00-04:00,31.87,31.71,-0.16,0.32
2025-10-04 15:00:00-04:00,35.64,35.46,-0.28,0.46
2025-10-04 16:00:00-04:00,44.53,43.79,-0.0,0.74
2025-10-04 17:00:00-04:00,64.71,63.32,-0.0,1.39
2025-10-04 18:00:00-04:00,74.91,73.3,-0.15,1.76
2025-10-04 19:00:00-04:00,71.64,70.08,-0.05,1.61
2025-10-04 20:00:00-04:00,50.52,49.38,-0.0,1.14
2025-10-04 21:00:00-04:00,43.44,42.42,-0.0,1.02
2025-10-04 22:00:00-04:00,38.06,37.1,-0.0,0.96
2025-10-04 23:00:00-04:00,34.56,33.85,-0.0,0.71
2025-10-05 00:00:00-04:00,40.48,37.2,2.17,1.11
2025-10-05 01:00:00-04:00,35.54,32.51,2.06,0.97
2025-10-05 02:00:00-04:00,31.32,29.02,1.37,0.93
2025-10-05 03:00:00-04:00,28.33,27.45,-0.0,0.88
2025-10-05 04:00:00-04:00,28.72,27.61,0.2,0.91
2025-10-05 05:00:00-04:00,31.32,27.88,2.6,0.84
2025-10-05 06:00:00-04:00,38.87,32.06,5.85,0.96
2025-10-05 07:00:00-04:00,41.01,33.08,7.07,0.86
2025-10-05 08:00:00-04:00,30.19,28.14,1.54,0.51
2025-10-05 09:00:00-04:00,26.38,26.04,-0.0,0.34
2025-10-05 10:00:00-04:00,26.33,26.15,-0.0,0.18
2025-10-05 11:00:00-04:00,28.36,28.14,-0.0,0.22
2025-10-05 12:00:00-04:00,31.63,31.41,-0.0,0.22
2025-10-05 13:00:00-04:00,33.49,33.29,-0.0,0.2
2025-10-05 14:00:00-04:00,35.75,35.54,-0.18,0.39
2025-10-05 15:00:00-04:00,42.86,42.38,-0.07,0.55
2025-10-05 16:00:00-04:00,56.91,55.52,-0.0,1.39
2025-10-05 17:00:00-04:00,87.06,80.28,3.73,3.05
2025-10-05 18:00:00-04:00,98.75,84.71,10.4,3.64
2025-10-05 19:00:00-04:00,87.42,77.02,7.55,2.85
2025-10-05 20:00:00-04:00,66.34,62.25,2.1,1.99
2025-10-05 21:00:00-04:00,50.08,45.15,3.44,1.49
2025-10-05 22:00:00-04:00,44.58,40.73,2.46,1.39
2025-10-05 23:00:00-04:00,37.66,35.07,1.4,1.19
2025-10-06 00:00:00-04:00,34.55,33.64,-0.0,0.91
2025-10-06 01:00:00-04:00,30.7,29.83,-0.0,0.87
2025-10-06 02:00:00-04:00,28.46,27.66,-0.0,0.8
2025-10-06 03:00:00-04:00,27.5,26.7,-0.0,0.8
2025-10-06 04:00:00-04:00,29.0,28.16,-0.0,0.84
2025-10-06 05:00:00-04:00,32.84,31.82,-0.0,1.02
2025-10-06 06:00:00-04:00,44.29,36.8,6.06,1.43
2025-10-06 07:00:00-04:00,49.29,43.98,3.73,1.58
2025-10-06 08:00:00-04:00,45.26,43.46,0.5,1.3
2025-10-06 09:00:00-04:00,38.74,37.91,-0.0,0.83
2025-10-06 10:00:00-04:00,41.31,40.68,-0.02,0.65
2025-10-06 11:00:00-04:00,42.27,41.7,-0.06,0.63
2025-10-06 12:00:00-04:00,43.45,43.03,-0.1,0.52
2025-10-06 13:00:00-04:00,48.08,47.97,-0.27,0.38
2025-10-06 14:00:00-04:00,50.68,50.6,-0.37,0.45
2025-10-06 15:00:00-04:00,57.37,57.17,-0.6,0.8
2025-10-06 16:00:00-04:00,77.88,76.25,-0.35,1.98
2025-10-06 17:00:00-04:00,112.06,101.61,6.49,3.96
2025-10-06 18:00:00-04:00,126.25,109.6,11.83,4.82
2025-10-06 19:00:00-04:00,107.79,91.89,12.22,3.68
2025-10-06 20:00:00-04:00,74.93,65.61,7.22,2.1
2025-10-06 21:00:00-04:00,52.46,48.46,2.69,1.31
2025-10-06 22:00:00-04:00,46.09,43.97,0.93,1.19
2025-10-06 23:00:00-04:00,40.6,38.64,0.92,1.04
2025-10-07 00:00:00-04:00,36.53,35.08,0.33,1.12
2025-10-07 01:00:00-04:00,31.68,30.73,-0.0,0.95
2025-10-07 02:00:00-04:00,31.03,30.01,-0.0,1.02
2025-10-07 03:00:00-04:00,29.89,28.85,-0.0,1.04
2025-10-07 04:00:00-04:00,29.83,28.82,-0.0,1.01
2025-10-07 05:00:00-04:00,33.55,31.78,0.63,1.14
2025-10-07 06:00:00-04:00,46.94,40.22,5.31,1.41
2025-10-07 07:00:00-04:00,53.76,45.86,6.2,1.7
2025-10-07 08:00:00-04:00,44.99,43.81,-0.0,1.18
2025-10-07 09:00:00-04:00,39.59,38.85,-0.0,0.74
2025-10-07 10:00:00-04:00,39.27,38.69,-0.0,0.58
2025-10-07 11:00:00-04:00,39.63,38.78,-0.0,0.85
2025-10-07 12:00:00-04:00,41.93,41.27,-0.0,0.66
2025-10-07 13:00:00-04:00,44.21,43.52,-0.0,0.69
2025-10-07 14:00:00-04:00,48.0,46.97,-0.0,1.03
2025-10-07 15:00:00-04:00,56.44,55.06,-0.0,1.38
2025-10-07 16:00:00-04:00,76.11,73.58,-0.12,2.65
2025-10-07 17:00:00-04:00,112.28,97.49,9.92,4.87
2025-10-07 18:00:00-04:00,120.44,106.79,7.99,5.66
2025-10-07 19:00:00-04:00,92.21,85.64,2.89,3.68
2025-10-07 20:00:00-04:00,70.16,67.85,-0.0,2.31
2025-10-07 21:00:00-04:00,50.66,49.09,-0.0,1.57
2025-10-07 22:00:00-04:00,44.42,43.21,-0.0,1.21
2025-10-07 23:00:00-04:00,40.68,39.57,-0.0,1.11
2025-10-08 00:00:00-04:00,42.27,41.24,-0.0,1.03
2025-10-08 01:00:00-04:00,38.93,37.98,-0.0,0.95
2025-10-08 02:00:00-04:00,35.63,34.76,-0.0,0.87
2025-10-08 03:00:00-04:00,35.66,34.76,-0.0,0.9
2025-10-08 04:00:00-04:00,36.06,35.15,-0.0,0.91
2025-10-08 05:00:00-04:00,38.98,37.88,-0.0,1.1
2025-10-08 06:00:00-04:00,50.99,49.46,-0.0,1.53
2025-10-08 07:00:00-04:00,61.15,59.37,-0.0,1.78
2025-10-08 08:00:00-04:00,59.08,57.3,-0.0,1.78
2025-10-08 09:00:00-04:00,50.44,49.26,-0.0,1.18
2025-10-08 10:00:00-04:00,46.29,45.16,-0.0,1.13
2025-10-08 11:00:00-04:00,44.19,43.32,-0.0,0.87
2025-10-08 12:00:00-04:00,42.28,41.45,-0.0,0.83
2025-10-08 13:00:00-04:00,41.55,40.74,-0.0,0.81
2025-10-08 14:00:00-04:00,39.08,38.25,0.03,0.8
2025-10-08 15:00:00-04:00,40.74,39.82,-0.0,0.92
2025-10-08 16:00:00-04:00,45.05,43.95,-0.0,1.1
2025-10-08 17:00:00-04:00,64.94,59.82,3.15,1.97
2025-10-08 18:00:00-04:00,71.35,65.86,3.32,2.17
2025-10-08 19:00:00-04:00,60.97,59.37,-0.0,1.6
2025-10-08 20:00:00-04:00,47.08,45.84,-0.0,1.24
2025-10-08 21:00:00-04:00,43.11,42.06,-0.0,1.05
2025-10-08 22:00:00-04:00,39.11,38.16,-0.0,0.95
2025-10-08 23:00:00-04:00,34.97,34.25,-0.0,0.72
2025-10-09 00:00:00-04:00,32.57,31.84,-0.0,0.73
2025-10-09 01:00:00-04:00,28.59,28.03,-0.0,0.56
2025-10-09 02:00:00-04:00,27.76,27.19,-0.0,0.57
2025-10-09 03:00:00-04:00,27.23,26.67,-0.0,0.56
2025-10-09 04:00:00-04:00,28.27,27.66,-0.0,0.61
2025-10-09 05:00:00-04:00,32.82,32.11,-0.0,0.71
2025-10-09 06:00:00-04:00,50.38,49.15,-0.0,1.23
2025-10-09 07:00:00-04:00,58.56,57.08,-0.0,1.48
2025-10-09 08:00:00-04:00,44.21,43.39,-0.0,0.82
2025-10-09 09:00:00-04:00,31.46,31.24,-0.0,0.22
2025-10-09 10:00:00-04:00,29.44,29.26,-0.0,0.18
2025-10-09 11:00:00-04:00,27.28,27.17,-0.0,0.11
2025-10-09 12:00:00-04:00,27.72,27.72,-0.0,0.0
2025-10-09 13:00:00-04:00,28.43,28.37,-0.0,0.06
2025-10-09 14:00:00-04:00,27.11,26.28,0.67,0.16
2025-10-09 15:00:00-04:00,29.3,28.6,0.33,0.37
2025-10-09 16:00:00-04:00,34.81,34.43,-0.0,0.38
2025-10-09 17:00:00-04:00,49.78,48.75,-0.0,1.03
2025-10-09 18:00:00-04:00,62.57,61.16,-0.0,1.41
2025-10-09 19:00:00-04:00,62.87,61.4,-0.0,1.47
2025-10-09 20:00:00-04:00,47.78,46.7,-0.0,1.08
2025-10-09 21:00:00-04:00,42.3,41.47,-0.0,0.83
2025-10-09 22:00:00-04:00,39.62,38.88,-0.0,0.74
2025-10-09 23:00:00-04:00,35.57,34.94,-0.0,0.63
2025-10-10 00:00:00-04:00,37.84,37.17,-0.0,0.67
2025-10-10 01:00:00-04:00,34.98,34.26,-0.0,0.72
2025-10-10 02:00:00-04:00,33.35,32.6,-0.0,0.75
2025-10-10 03:00:00-04:00,32.67,31.91,-0.0,0.76
2025-10-10 04:00:00-04:00,33.2,32.42,-0.0,0.78
2025-10-10 05:00:00-04:00,37.74,36.75,-0.0,0.99
2025-10-10 06:00:00-04:00,56.96,55.41,-0.0,1.55
2025-10-10 07:00:00-04:00,71.22,69.35,-0.0,1.87
2025-10-10 08:00:00-04:00,46.87,46.0,-0.0,0.87
2025-10-10 09:00:00-04:00,35.49,34.96,-0.0,0.53
2025-10-10 10:00:00-04:00,30.97,30.63,0.1,0.24
2025-10-10 11:00:00-04:00,30.83,30.68,-0.0,0.15
2025-10-10 12:00:00-04:00,28.21,27.52,0.63,0.06
2025-10-10 13:00:00-04:00,26.02,24.92,1.02,0.08
2025-10-10 14:00:00-04:00,26.34,24.66,1.58,0.1
2025-10-10 15:00:00-04:00,29.04,26.46,2.34,0.24
2025-10-10 16:00:00-04:00,34.47,32.65,1.3,0.52
2025-10-10 17:00:00-04:00,48.74,47.74,-0.0,1.0
2025-10-10 18:00:00-04:00,59.99,58.7,-0.0,1.29
2025-10-10 19:00:00-04:00,58.81,57.21,-0.0,1.6
2025-10-10 20:00:00-04:00,46.63,45.32,-0.0,1.31
2025-10-10 21:00:00-04:00,40.72,39.54,-0.0,1.18
2025-10-10 22:00:00-04:00,37.31,36.15,-0.0,1.16
2025-10-10 23:00:00-04:00,34.14,33.11,-0.0,1.03
2025-10-11 00:00:00-04:00,35.48,34.45,-0.0,1.03
2025-10-11 01:00:00-04:00,30.26,29.38,-0.0,0.88
2025-10-11 02:00:00-04:00,29.12,28.3,-0.0,0.82
2025-10-11 03:00:00-04:00,28.02,27.26,-0.0,0.76
2025-10-11 04:00:00-04:00,29.28,28.51,-0.0,0.77
2025-10-11 05:00:00-04:00,31.59,30.76,-0.0,0.83
2025-10-11 06:00:00-04:00,38.87,37.66,-0.0,1.21
2025-10-11 07:00:00-04:00,42.54,41.18,-0.0,1.36
2025-10-11 08:00:00-04:00,38.01,37.05,-0.0,0.96
2025-10-11 09:00:00-04:00,32.81,32.13,-0.0,0.68
2025-10-11 10:00:00-04:00,30.93,30.47,-0.0,0.46
2025-10-11 11:00:00-04:00,32.56,32.14,-0.0,0.42
2025-10-11 12:00:00-04:00,32.72,32.27,-0.0,0.45
2025-10-11 13:00:00-04:00,32.89,32.44,-0.0,0.45
2025-10-11 14:00:00-04:00,33.84,33.21,-0.0,0.63
2025-10-11 15:00:00-04:00,37.33,36.64,-0.0,0.69
2025-10-11 16:00:00-04:00,42.46,41.47,-0.0,0.99
2025-10-11 17:00:00-04:00,50.32,49.09,-0.0,1.23
2025-10-11 18:00:00-04:00,61.1,59.49,-0.0,1.61
2025-10-11 19:00:00-04:00,56.26,54.89,-0.0,1.37
2025-10-11 20:00:00-04:00,45.25,44.11,-0.0,1.14
2025-10-11 21:00:00-04:00,39.63,38.63,-0.0,1.0
2025-10-11 22:00:00-04:00,37.43,36.55,-0.0,0.88
2025-10-11 23:00:00-04:00,33.89,33.06,-0.0,0.83
2025-10-12 00:00:00-04:00,38.15,37.11,-0.0,1.04
2025-10-12 01:00:00-04:00,34.37,33.44,-0.0,0.93
2025-10-12 02:00:00-04:00,32.05,31.15,-0.0,0.9
2025-10-12 03:00:00-04:00,31.01,30.23,-0.0,0.78
2025-10-12 04:00:00-04:00,31.46,30.66,-0.0,0.8
2025-10-12 05:00:00-04:00,33.07,32.17,-0.0,0.9
2025-10-12 06:00:00-04:00,37.04,36.1,-0.0,0.94
2025-10-12 07:00:00-04:00,39.21,38.29,-0.0,0.92
2025-10-12 08:00:00-04:00,37.78,37.0,-0.0,0.78
2025-10-12 09:00:00-04:00,38.23,37.48,-0.0,0.75
2025-10-12 10:00:00-04:00,38.45,37.7,-0.0,0.75
2025-10-12 11:00:00-04:00,38.7,38.01,-0.0,0.69
2025-10-12 12:00:00-04:00,38.42,37.82,-0.0,0.6
2025-10-12 13:00:00-04:00,39.71,38.97,-0.0,0.74
2025-10-12 14:00:00-04:00,39.38,38.57,-0.0,0.81
2025-10-12 15:00:00-04:00,40.41,39.5,-0.0,0.91
2025-10-12 16:00:00-04:00,45.59,44.26,-0.0,1.33
2025-10-12 17:00:00-04:00,57.39,55.56,-0.0,1.83
2025-10-12 18:00:00-04:00,66.73,64.53,-0.0,2.2
2025-10-12 19:00:00-04:00,63.63,61.66,-0.0,1.97
2025-10-12 20:00:00-04:00,47.6,46.03,-0.0,1.57
2025-10-12 21:00:00-04:00,42.58,41.34,-0.0,1.24
2025-10-12 22:00:00-04:00,40.09,39.04,-0.0,1.05
2025-10-12 23:00:00-04:00,36.49,35.64,-0.0,0.85
2025-10-13 00:00:00-04:00,35.53,34.66,-0.0,0.87
2025-10-13 01:00:00-04:00,33.92,33.13,-0.0,0.79
2025-10-13 02:00:00-04:00,31.99,31.21,-0.0,0.78
2025-10-13 03:00:00-04:00,31.54,30.77,-0.0,0.77
2025-10-13 04:00:00-04:00,31.62,30.85,-0.0,0.77
2025-10-13 05:00:00-04:00,33.48,32.63,-0.0,0.85
2025-10-13 06:00:00-04:00,41.88,40.82,-0.0,1.06
2025-10-13 07:00:00-04:00,48.09,47.81,-0.92,1.2
2025-10-13 08:00:00-04:00,50.86,49.77,-0.0,1.09
2025-10-13 09:00:00-04:00,48.05,47.11,-0.0,0.94
2025-10-13 10:00:00-04:00,49.64,48.76,-0.0,0.88
2025-10-13 11:00:00-04:00,48.49,47.73,-0.0,0.76
2025-10-13 12:00:00-04:00,47.47,46.68,-0.0,0.79
2025-10-13 13:00:00-04:00,47.45,46.66,-0.0,0.79
2025-10-13 14:00:00-04:00,47.17,46.29,-0.0,0.88
2025-10-13 15:00:00-04:00,48.2,47.35,-0.0,0.85
2025-10-13 16:00:00-04:00,52.44,51.41,-0.0,1.03
2025-10-13 17:00:00-04:00,60.98,59.85,-0.0,1.13
2025-10-13 18:00:00-04:00,67.56,66.24,-0.0,1.32
2025-10-13 19:00:00-04:00,65.93,64.64,-0.0,1.29
2025-10-13 20:00:00-04:00,51.25,50.3,-0.0,0.95
2025-10-13 21:00:00-04:00,43.63,42.95,-0.18,0.86
2025-10-13 22:00:00-04:00,41.41,41.14,-0.47,0.74
2025-10-13 23:00:00-04:00,38.47,38.51,-0.54,0.5
2025-10-14 00:00:00-04:00,37.76,37.13,-0.0,0.63
2025-10-14 01:00:00-04:00,35.75,35.19,-0.0,0.56
2025-10-14 02:00:00-04:00,34.03,33.53,-0.0,0.5
2025-10-14 03:00:00-04:00,33.98,33.41,-0.0,0.57
2025-10-14 04:00:00-04:00,34.37,33.83,-0.0,0.54
2025-10-14 05:00:00-04:00,37.42,36.76,-0.0,0.66
2025-10-14 06:00:00-04:00,49.92,48.75,-0.0,1.17
2025-10-14 07:00:00-04:00,64.39,62.88,-0.0,1.51
2025-10-14 08:00:00-04:00,62.19,60.73,-0.0,1.46
2025-10-14 09:00:00-04:00,49.87,48.89,-0.0,0.98
2025-10-14 10:00:00-04:00,48.92,47.91,-0.0,1.01
2025-10-14 11:00:00-04:00,48.32,47.46,-0.0,0.86
2025-10-14 12:00:00-04:00,43.39,45.58,-3.05,0.86
2025-10-14 13:00:00-04:00,43.59,45.69,-3.06,0.96
2025-10-14 14:00:00-04:00,41.71,43.73,-2.94,0.92
2025-10-14 15:00:00-04:00,44.62,43.7,-0.0,0.92
2025-10-14 16:00:00-04:00,50.36,49.18,-0.0,1.18
2025-10-14 17:00:00-04:00,63.86,62.37,-0.0,1.49
2025-10-14 18:00:00-04:00,79.68,77.66,-0.0,2.02
2025-10-14 19:00:00-04:00,73.15,71.5,-0.0,1.65
2025-10-14 20:00:00-04:00,54.79,53.4,-0.0,1.39
2025-10-14 21:00:00-04:00,45.56,44.45,-0.0,1.11
2025-10-14 22:00:00-04:00,39.99,39.09,-0.0,0.9
2025-10-14 23:00:00-04:00,38.18,37.36,-0.0,0.82
2025-10-15 00:00:00-04:00,36.43,35.68,-0.0,0.75
2025-10-15 01:00:00-04:00,34.26,33.55,-0.0,0.71
2025-10-15 02:00:00-04:00,33.94,33.21,-0.0,0.73
2025-10-15 03:00:00-04:00,32.99,32.09,-0.0,0.9
2025-10-15 04:00:00-04:00,34.19,33.23,-0.0,0.96
2025-10-15 05:00:00-04:00,35.74,34.77,-0.0,0.97
2025-10-15 06:00:00-04:00,44.95,43.22,-0.0,1.73
2025-10-15 07:00:00-04:00,54.4,52.11,-0.0,2.29
2025-10-15 08:00:00-04:00,49.31,47.6,-0.0,1.71
2025-10-15 09:00:00-04:00,39.07,37.78,-0.0,1.29
2025-10-15 10:00:00-04:00,37.59,36.78,-0.0,0.81
2025-10-15 11:00:00-04:00,36.49,35.64,-0.0,0.85
2025-10-15 12:00:00-04:00,35.94,35.17,-0.0,0.77
2025-10-15 13:00:00-04:00,36.44,35.9,-0.0,0.54
2025-10-15 14:00:00-04:00,35.74,35.25,-0.0,0.49
2025-10-15 15:00:00-04:00,37.43,36.8,-0.0,0.63
2025-10-15 16:00:00-04:00,42.06,41.32,-0.0,0.74
2025-10-15 17:00:00-04:00,55.83,54.47,-0.0,1.36
2025-10-15 18:00:00-04:00,71.5,69.62,-0.0,1.88
2025-10-15 19:00:00-04:00,71.17,69.37,-0.0,1.8
2025-10-15 20:00:00-04:00,52.91,51.57,-0.0,1.34
2025-10-15 21:00:00-04:00,43.73,42.66,-0.0,1.07
2025-10-15 22:00:00-04:00,39.12,38.39,-0.0,0.73
2025-10-15 23:00:00-04:00,35.26,34.71,-0.04,0.59
2025-10-16 00:00:00-04:00,36.24,35.56,-0.1,0.78
2025-10-16 01:00:00-04:00,35.51,34.81,-0.0,0.7
2025-10-16 02:00:00-04:00,35.22,34.53,-0.0,0.69
2025-10-16 03:00:00-04:00,34.84,34.12,-0.0,0.72
2025-10-16 04:00:00-04:00,34.63,33.99,-0.0,0.64
2025-10-16 05:00:00-04:00,36.7,35.84,-0.0,0.86
2025-10-16 06:00:00-04:00,51.71,50.55,-0.0,1.16
2025-10-16 07:00:00-04:00,71.97,70.15,-0.0,1.82
2025-10-16 08:00:00-04:00,51.22,50.42,-0.0,0.8
2025-10-16 09:00:00-04:00,41.04,40.63,-0.0,0.41
2025-10-16 10:00:00-04:00,33.91,33.79,-0.18,0.3
2025-10-16 11:00:00-04:00,33.05,33.2,-0.38,0.23
2025-10-16 12:00:00-04:00,30.99,30.99,-0.25,0.25
2025-10-16 13:00:00-04:00,30.11,30.03,-0.19,0.27
2025-10-16 14:00:00-04:00,30.04,29.9,-0.19,0.33
2025-10-16 15:00:00-04:00,32.13,31.72,-0.0,0.41
2025-10-16 16:00:00-04:00,37.84,37.25,-0.0,0.59
2025-10-16 17:00:00-04:00,53.24,52.25,-0.0,0.99
2025-10-16 18:00:00-04:00,68.98,67.5,-0.0,1.48
2025-10-16 19:00:00-04:00,70.02,68.38,-0.0,1.64
2025-10-16 20:00:00-04:00,51.41,50.25,-0.0,1.16
2025-10-16 21:00:00-04:00,44.15,43.16,-0.0,0.99
2025-10-16 22:00:00-04:00,41.74,40.84,-0.0,0.9
2025-10-16 23:00:00-04:00,38.67,37.99,-0.0,0.68
2025-10-17 00:00:00-04:00,39.45,38.68,-0.0,0.77
2025-10-17 01:00:00-04:00,36.98,36.22,-0.0,0.76
2025-10-17 02:00:00-04:00,35.72,34.98,-0.0,0.74
2025-10-17 03:00:00-04:00,35.03,34.34,-0.0,0.69
2025-10-17 04:00:00-04:00,35.51,34.81,-0.0,0.7
2025-10-17 05:00:00-04:00,38.6,38.07,-0.27,0.8
2025-10-17 06:00:00-04:00,53.03,52.04,-0.0,0.99
2025-10-17 07:00:00-04:00,68.65,68.18,-1.03,1.5
2025-10-17 08:00:00-04:00,51.31,50.65,-0.0,0.66
2025-10-17 09:00:00-04:00,36.48,36.83,-0.64,0.29
2025-10-17 10:00:00-04:00,32.63,33.14,-0.68,0.17
2025-10-17 11:00:00-04:00,31.48,32.06,-0.74,0.16
2025-10-17 12:00:00-04:00,29.79,30.28,-0.64,0.15
2025-10-17 13:00:00-04:00,29.94,30.24,-0.51,0.21
2025-10-17 14:00:00-04:00,29.55,29.83,-0.52,0.24
2025-10-17 15:00:00-04:00,31.92,32.01,-0.44,0.35
2025-10-17 16:00:00-04:00,38.7,38.29,-0.17,0.58
2025-10-17 17:00:00-04:00,53.16,52.02,-0.0,1.14
2025-10-17 18:00:00-04:00,61.79,60.23,-0.0,1.56
2025-10-17 19:00:00-04:00,60.12,58.65,-0.0,1.47
2025-10-17 20:00:00-04:00,47.9,46.73,-0.0,1.17
2025-10-17 21:00:00-04:00,43.62,42.64,-0.0,0.98
2025-10-17 22:00:00-04:00,40.35,39.52,-0.0,0.83
2025-10-17 23:00:00-04:00,36.91,36.29,-0.14,0.76
2025-10-18 00:00:00-04:00,38.75,37.7,-0.0,1.05
2025-10-18 01:00:00-04:00,37.21,36.2,-0.0,1.01
2025-10-18 02:00:00-04:00,34.13,33.26,-0.13,1.0
2025-10-18 03:00:00-04:00,33.04,32.05,-0.0,0.99
2025-10-18 04:00:00-04:00,33.93,32.94,-0.0,0.99
2025-10-18 05:00:00-04:00,36.54,35.37,-0.0,1.17
2025-10-18 06:00:00-04:00,42.55,41.27,-0.0,1.28
2025-10-18 07:00:00-04:00,47.42,45.86,-0.0,1.56
2025-10-18 08:00:00-04:00,44.12,42.96,-0.0,1.16
2025-10-18 09:00:00-04:00,34.27,33.7,-0.0,0.57
2025-10-18 10:00:00-04:00,31.89,31.45,-0.0,0.44
2025-10-18 11:00:00-04:00,29.16,28.81,-0.0,0.35
2025-10-18 12:00:00-04:00,27.98,27.68,-0.0,0.3
2025-10-18 13:00:00-04:00,28.39,28.03,-0.0,0.36
2025-10-18 14:00:00-04:00,28.23,27.84,-0.0,0.39
2025-10-18 15:00:00-04:00,33.18,32.56,-0.0,0.62
2025-10-18 16:00:00-04:00,40.29,39.3,-0.03,1.02
2025-10-18 17:00:00-04:00,54.89,53.32,-0.24,1.81
2025-10-18 18:00:00-04:00,59.16,57.31,-0.27,2.12
2025-10-18 19:00:00-04:00,57.36,55.52,-0.32,2.16
2025-10-18 20:00:00-04:00,44.07,42.61,-0.29,1.75
2025-10-18 21:00:00-04:00,40.01,38.61,-0.15,1.55
2025-10-18 22:00:00-04:00,36.49,35.11,-0.06,1.44
2025-10-18 23:00:00-04:00,33.43,32.21,-0.0,1.22
2025-10-19 00:00:00-04:00,38.12,36.87,-0.0,1.25
2025-10-19 01:00:00-04:00,35.55,34.35,-0.0,1.2
2025-10-19 02:00:00-04:00,33.49,32.33,-0.0,1.16
2025-10-19 03:00:00-04:00,31.2,30.12,-0.0,1.08
2025-10-19 04:00:00-04:00,30.59,29.53,-0.0,1.06
2025-10-19 05:00:00-04:00,32.56,31.43,-0.0,1.13
2025-10-19 06:00:00-04:00,33.46,32.33,-0.0,1.13
2025-10-19 07:00:00-04:00,34.99,33.71,-0.0,1.28
2025-10-19 08:00:00-04:00,31.88,30.89,-0.0,0.99
2025-10-19 09:00:00-04:00,27.25,26.56,-0.0,0.69
2025-10-19 10:00:00-04:00,25.91,25.33,-0.0,0.58
2025-10-19 11:00:00-04:00,25.08,24.59,-0.0,0.49
2025-10-19 12:00:00-04:00,25.64,25.11,-0.0,0.53
2025-10-19 13:00:00-04:00,26.83,26.3,-0.0,0.53
2025-10-19 14:00:00-04:00,29.06,28.41,-0.0,0.65
2025-10-19 15:00:00-04:00,32.6,31.74,-0.0,0.86
2025-10-19 16:00:00-04:00,39.9,38.7,-0.0,1.2
2025-10-19 17:00:00-04:00,50.55,48.65,-0.0,1.9
2025-10-19 18:00:00-04:00,61.45,58.92,-0.0,2.53
2025-10-19 19:00:00-04:00,58.08,55.84,-0.0,2.24
2025-10-19 20:00:00-04:00,46.3,44.52,-0.0,1.78
2025-10-19 21:00:00-04:00,41.33,39.85,-0.0,1.48
2025-10-19 22:00:00-04:00,36.53,35.19,-0.0,1.34
2025-10-19 23:00:00-04:00,33.24,32.12,-0.0,1.12
2025-10-20 00:00:00-04:00,33.88,32.67,-0.0,1.21
2025-10-20 01:00:00-04:00,31.8,30.7,-0.0,1.1
2025-10-20 02:00:00-04:00,30.95,29.93,-0.0,1.02
2025-10-20 03:00:00-04:00,30.7,29.72,-0.0,0.98
2025-10-20 04:00:00-04:00,30.71,29.7,-0.0,1.01
2025-10-20 05:00:00-04:00,35.69,34.48,-0.0,1.21
2025-10-20 06:00:00-04:00,45.4,43.99,-0.0,1.41
2025-10-20 07:00:00-04:00,56.21,54.41,-0.05,1.85
2025-10-20 08:00:00-04:00,56.75,55.17,-0.07,1.65
2025-10-20 09:00:00-04:00,53.78,52.32,-0.0,1.46
2025-10-20 10:00:00-04:00,52.15,51.02,-0.19,1.32
2025-10-20 11:00:00-04:00,48.48,47.39,-0.0,1.09
2025-10-20 12:00:00-04:00,45.4,44.38,-0.0,1.02
2025-10-20 13:00:00-04:00,44.09,43.06,-0.0,1.03
2025-10-20 14:00:00-04:00,43.45,42.35,-0.0,1.1
2025-10-20 15:00:00-04:00,44.45,43.28,-0.0,1.17
2025-10-20 16:00:00-04:00,50.56,49.09,-0.0,1.47
2025-10-20 17:00:00-04:00,61.0,59.05,-0.0,1.95
2025-10-20 18:00:00-04:00,69.9,67.73,-0.0,2.17
2025-10-20 19:00:00-04:00,67.93,66.09,-0.21,2.05
2025-10-20 20:00:00-04:00,52.54,51.06,-0.0,1.48
2025-10-20 21:00:00-04:00,44.59,43.33,-0.0,1.26
2025-10-20 22:00:00-04:00,38.61,37.49,-0.0,1.12
2025-10-20 23:00:00-04:00,35.69,34.62,-0.0,1.07
2025-10-21 00:00:00-04:00,34.16,32.88,-0.0,1.28
2025-10-21 01:00:00-04:00,31.43,30.25,-0.0,1.18
2025-10-21 02:00:00-04:00,31.39,30.3,-0.0,1.09
2025-10-21 03:00:00-04:00,30.27,29.16,-0.0,1.11
2025-10-21 04:00:00-04:00,31.51,30.33,-0.0,1.18
2025-10-21 05:00:00-04:00,36.82,35.47,-0.0,1.35
2025-10-21 06:00:00-04:00,54.38,52.04,-0.0,2.34
2025-10-21 07:00:00-04:00,76.43,73.16,-0.1,3.37
2025-10-21 08:00:00-04:00,54.32,52.32,-0.04,2.04
2025-10-21 09:00:00-04:00,40.06,38.89,-0.0,1.17
2025-10-21 10:00:00-04:00,35.94,35.03,-0.0,0.91
2025-10-21 11:00:00-04:00,32.79,32.27,-0.25,0.77
2025-10-21 12:00:00-04:00,34.37,34.17,-0.48,0.68
2025-10-21 13:00:00-04:00,30.04,29.68,-0.41,0.77
2025-10-21 14:00:00-04:00,35.14,34.97,-0.64,0.81
2025-10-21 15:00:00-04:00,38.43,38.09,-0.54,0.88
2025-10-21 16:00:00-04:00,48.54,47.29,-0.03,1.28
2025-10-21 17:00:00-04:00,67.82,65.48,-0.08,2.42
2025-10-21 18:00:00-04:00,80.02,76.38,0.43,3.21
2025-10-21 19:00:00-04:00,73.84,71.18,-0.11,2.77
2025-10-21 20:00:00-04:00,57.05,54.94,-0.03,2.14
2025-10-21 21:00:00-04:00,47.52,45.82,-0.0,1.7
2025-10-21 22:00:00-04:00,40.21,38.89,-0.0,1.32
2025-10-21 23:00:00-04:00,37.09,35.97,-0.14,1.26
2025-10-22 00:00:00-04:00,38.99,38.0,-0.0,0.99
2025-10-22 01:00:00-04:00,36.54,35.62,-0.0,0.92
2025-10-22 02:00:00-04:00,35.58,34.75,-0.0,0.83
2025-10-22 03:00:00-04:00,35.0,34.11,-0.0,0.89
2025-10-22 04:00:00-04:00,35.16,34.24,-0.0,0.92
2025-10-22 05:00:00-04:00,38.03,37.21,-0.33,1.15
2025-10-22 06:00:00-04:00,54.16,53.87,-1.27,1.56
2025-10-22 07:00:00-04:00,68.48,67.56,-1.04,1.96
2025-10-22 08:00:00-04:00,66.22,66.46,-1.44,1.2
2025-10-22 09:00:00-04:00,47.6,47.55,-0.57,0.62
2025-10-22 10:00:00-04:00,44.35,44.35,-0.49,0.49
2025-10-22 11:00:00-04:00,40.58,40.42,-0.33,0.49
2025-10-22 12:00:00-04:00,40.24,40.34,-0.18,0.08
2025-10-22 13:00:00-04:00,39.19,39.58,-0.43,0.04
2025-10-22 14:00:00-04:00,39.34,39.48,-0.42,0.28
2025-10-22 15:00:00-04:00,41.44,41.51,-0.49,0.42
2025-10-22 16:00:00-04:00,46.27,46.44,-0.91,0.74
2025-10-22 17:00:00-04:00,62.39,62.8,-1.79,1.38
2025-10-22 18:00:00-04:00,67.87,68.07,-1.9,1.7
2025-10-22 19:00:00-04:00,66.84,65.94,-0.49,1.39
2025-10-22 20:00:00-04:00,54.59,53.36,-0.0,1.23
2025-10-22 21:00:00-04:00,48.16,47.08,-0.0,1.08
2025-10-22 22:00:00-04:00,41.29,40.32,-0.0,0.97
2025-10-22 23:00:00-04:00,39.2,38.17,-0.0,1.03
2025-10-23 00:00:00-04:00,34.87,33.76,-0.0,1.11
2025-10-23 01:00:00-04:00,33.75,32.8,-0.0,0.95
2025-10-23 02:00:00-04:00,34.3,33.27,-0.0,1.03
2025-10-23 03:00:00-04:00,33.71,32.67,-0.0,1.04
2025-10-23 04:00:00-04:00,33.76,32.71,-0.0,1.05
2025-10-23 05:00:00-04:00,37.29,36.1,-0.0,1.19
2025-10-23 06:00:00-04:00,51.72,49.97,-0.0,1.75
2025-10-23 07:00:00-04:00,66.6,64.16,-0.0,2.44
2025-10-23 08:00:00-04:00,55.24,53.53,-0.0,1.71
2025-10-23 09:00:00-04:00,45.27,44.17,-0.0,1.1
2025-10-23 10:00:00-04:00,42.05,41.39,-0.0,0.66
2025-10-23 11:00:00-04:00,39.43,39.08,-0.08,0.43
2025-10-23 12:00:00-04:00,39.93,39.52,-0.03,0.44
2025-10-23 13:00:00-04:00,38.42,38.15,-0.15,0.42
2025-10-23 14:00:00-04:00,38.64,38.08,-0.16,0.72
2025-10-23 15:00:00-04:00,40.89,40.08,-0.03,0.84
2025-10-23 16:00:00-04:00,49.22,47.83,-0.0,1.39
2025-10-23 17:00:00-04:00,64.61,62.61,-0.0,2.0
2025-10-23 18:00:00-04:00,76.02,73.82,-0.01,2.21
2025-10-23 19:00:00-04:00,76.14,74.21,-0.0,1.93
2025-10-23 20:00:00-04:00,59.73,58.27,-0.0,1.46
2025-10-23 21:00:00-04:00,50.88,49.79,-0.0,1.09
2025-10-23 22:00:00-04:00,45.14,44.21,-0.0,0.93
2025-10-23 23:00:00-04:00,41.34,40.45,-0.0,0.89
2025-10-24 00:00:00-04:00,39.38,38.57,-0.0,0.81
2025-10-24 01:00:00-04:00,37.47,36.66,-0.0,0.81
2025-10-24 02:00:00-04:00,37.36,36.56,-0.0,0.8
2025-10-24 03:00:00-04:00,36.82,36.03,-0.0,0.79
2025-10-24 04:00:00-04:00,37.12,36.25,-0.0,0.87
2025-10-24 05:00:00-04:00,42.68,41.64,-0.0,1.04
2025-10-24 06:00:00-04:00,64.1,62.36,-0.0,1.74
2025-10-24 07:00:00-04:00,84.3,82.08,-0.0,2.22
2025-10-24 08:00:00-04:00,72.39,70.9,-0.0,1.49
2025-10-24 09:00:00-04:00,51.22,50.71,-0.0,0.51
2025-10-24 10:00:00-04:00,44.79,44.57,-0.0,0.22
2025-10-24 11:00:00-04:00,41.87,41.66,-0.0,0.21
2025-10-24 12:00:00-04:00,40.87,40.67,-0.0,0.2
2025-10-24 13:00:00-04:00,41.91,41.62,-0.0,0.29
2025-10-24 14:00:00-04:00,41.43,41.02,-0.0,0.41
2025-10-24 15:00:00-04:00,43.22,42.71,-0.0,0.51
2025-10-24 16:00:00-04:00,52.18,51.11,-0.0,1.07
2025-10-24 17:00:00-04:00,65.63,63.9,-0.0,1.73
2025-10-24 18:00:00-04:00,83.35,81.12,-0.04,2.27
2025-10-24 19:00:00-04:00,72.99,71.36,-0.01,1.64
2025-10-24 20:00:00-04:00,62.3,60.9,-0.0,1.4
2025-10-24 21:00:00-04:00,51.34,50.43,-0.0,0.91
2025-10-24 22:00:00-04:00,47.61,46.72,-0.0,0.89
2025-10-24 23:00:00-04:00,44.9,43.98,-0.0,0.92
2025-10-25 00:00:00-04:00,46.73,45.77,-0.0,0.96
2025-10-25 01:00:00-04:00,45.59,44.65,-0.0,0.94
2025-10-25 02:00:00-04:00,42.25,41.42,-0.0,0.83
2025-10-25 03:00:00-04:00,40.34,39.55,-0.0,0.79
2025-10-25 04:00:00-04:00,41.06,40.26,-0.0,0.8
2025-10-25 05:00:00-04:00,42.91,41.94,-0.0,0.97
2025-10-25 06:00:00-04:00,57.16,56.1,-0.0,1.06
2025-10-25 07:00:00-04:00,72.18,70.63,-0.0,1.55
2025-10-25 08:00:00-04:00,63.14,62.27,-0.0,0.87
2025-10-25 09:00:00-04:00,44.68,44.55,-0.0,0.13
2025-10-25 10:00:00-04:00,40.18,40.14,-0.0,0.04
2025-10-25 11:00:00-04:00,38.89,38.93,-0.0,-0.04
2025-10-25 12:00:00-04:00,38.05,38.09,-0.0,-0.04
2025-10-25 13:00:00-04:00,38.76,38.72,-0.0,0.04
2025-10-25 14:00:00-04:00,39.32,39.2,-0.0,0.12
2025-10-25 15:00:00-04:00,42.59,42.21,-0.0,0.38
2025-10-25 16:00:00-04:00,49.37,48.69,-0.0,0.68
2025-10-25 17:00:00-04:00,64.43,63.17,-0.0,1.26
2025-10-25 18:00:00-04:00,75.82,74.05,-0.0,1.77
2025-10-25 19:00:00-04:00,71.55,70.08,-0.0,1.47
2025-10-25 20:00:00-04:00,59.83,58.6,-0.0,1.23
2025-10-25 21:00:00-04:00,52.66,51.63,-0.0,1.03
2025-10-25 22:00:00-04:00,47.84,47.04,-0.0,0.8
2025-10-25 23:00:00-04:00,45.04,44.2,-0.0,0.84
2025-10-26 00:00:00-04:00,48.6,47.56,-0.0,1.04
2025-10-26 01:00:00-04:00,46.99,45.93,-0.0,1.06
2025-10-26 02:00:00-04:00,44.9,43.89,-0.0,1.01
2025-10-26 03:00:00-04:00,42.47,41.6,-0.0,0.87
2025-10-26 04:00:00-04:00,42.21,41.34,-0.0,0.87
2025-10-26 05:00:00-04:00,43.78,42.88,-0.0,0.9
2025-10-26 06:00:00-04:00,49.84,48.96,-0.0,0.88
2025-10-26 07:00:00-04:00,59.43,58.44,-0.0,0.99
2025-10-26 08:00:00-04:00,57.19,56.4,-0.0,0.79
2025-10-26 09:00:00-04:00,47.58,47.16,-0.0,0.42
2025-10-26 10:00:00-04:00,45.06,44.79,-0.0,0.27
2025-10-26 11:00:00-04:00,41.93,41.76,-0.0,0.17
2025-10-26 12:00:00-04:00,40.7,40.54,-0.0,0.16
2025-10-26 13:00:00-04:00,40.7,40.38,-0.0,0.32
2025-10-26 14:00:00-04:00,42.45,42.07,-0.0,0.38
2025-10-26 15:00:00-04:00,44.25,43.72,-0.0,0.53
2025-10-26 16:00:00-04:00,53.48,52.53,-0.0,0.95
2025-10-26 17:00:00-04:00,66.47,65.04,-0.0,1.43
2025-10-26 18:00:00-04:00,82.58,80.8,-0.0,1.78
2025-10-26 19:00:00-04:00,80.06,78.26,-0.0,1.8
2025-10-26 20:00:00-04:00,64.53,63.08,-0.0,1.45
2025-10-26 21:00:00-04:00,57.99,56.8,-0.0,1.19
2025-10-26 22:00:00-04:00,53.2,52.16,-0.0,1.04
2025-10-26 23:00:00-04:00,48.37,47.47,-0.0,0.9
2025-10-27 00:00:00-04:00,45.91,44.88,-0.0,1.03
2025-10-27 01:00:00-04:00,44.92,43.95,-0.0,0.97
2025-10-27 02:00:00-04:00,42.94,42.02,-0.0,0.92
2025-10-27 03:00:00-04:00,42.11,41.24,-0.0,0.87
2025-10-27 04:00:00-04:00,43.99,43.04,-0.0,0.95
2025-10-27 05:00:00-04:00,47.58,46.51,-0.0,1.07
2025-10-27 06:00:00-04:00,74.55,72.59,-0.0,1.96
2025-10-27 07:00:00-04:00,99.37,96.2,-0.0,3.17
2025-10-27 08:00:00-04:00,81.48,80.04,-0.0,1.44
2025-10-27 09:00:00-04:00,53.51,53.03,-0.0,0.48
2025-10-27 10:00:00-04:00,46.34,46.29,-0.0,0.05
2025-10-27 11:00:00-04:00,44.69,44.6,-0.0,0.09
2025-10-27 12:00:00-04:00,44.03,43.9,-0.0,0.13
2025-10-27 13:00:00-04:00,44.66,44.48,-0.0,0.18
2025-10-27 14:00:00-04:00,44.94,44.63,-0.0,0.31
2025-10-27 15:00:00-04:00,49.63,49.04,-0.0,0.59
2025-10-27 16:00:00-04:00,57.87,56.79,-0.0,1.08
2025-10-27 17:00:00-04:00,80.31,78.5,-0.0,1.81
2025-10-27 18:00:00-04:00,97.56,94.91,-0.0,2.65
2025-10-27 19:00:00-04:00,92.31,90.23,-0.0,2.08
2025-10-27 20:00:00-04:00,72.99,71.21,-0.0,1.78
2025-10-27 21:00:00-04:00,58.02,56.71,-0.0,1.31
2025-10-27 22:00:00-04:00,53.51,52.41,-0.0,1.1
2025-10-27 23:00:00-04:00,49.72,48.84,-0.0,0.88
2025-10-28 00:00:00-04:00,47.4,46.47,-0.0,0.93
2025-10-28 01:00:00-04:00,44.15,43.33,-0.0,0.82
2025-10-28 02:00:00-04:00,41.11,40.35,-0.0,0.76
2025-10-28 03:00:00-04:00,40.95,40.15,-0.0,0.8
2025-10-28 04:00:00-04:00,42.12,41.29,-0.0,0.83
2025-10-28 05:00:00-04:00,49.54,48.43,-0.0,1.11
2025-10-28 06:00:00-04:00,73.43,71.64,-0.0,1.79
2025-10-28 07:00:00-04:00,98.14,95.19,-0.0,2.95
2025-10-28 08:00:00-04:00,80.29,78.95,-0.0,1.34
2025-10-28 09:00:00-04:00,49.12,48.68,-0.0,0.44
2025-10-28 10:00:00-04:00,42.26,42.05,-0.0,0.21
2025-10-28 11:00:00-04:00,39.6,39.44,-0.0,0.16
2025-10-28 12:00:00-04:00,37.78,37.63,-0.0,0.15
2025-10-28 13:00:00-04:00,38.36,38.09,-0.0,0.27
2025-10-28 14:00:00-04:00,38.83,38.52,-0.0,0.31
2025-10-28 15:00:00-04:00,42.35,42.02,-0.0,0.33
2025-10-28 16:00:00-04:00,52.11,51.34,-0.0,0.77
2025-10-28 17:00:00-04:00,72.15,70.6,-0.0,1.55
2025-10-28 18:00:00-04:00,89.86,87.67,-0.0,2.19
2025-10-28 19:00:00-04:00,83.04,81.57,-0.0,1.47
2025-10-28 20:00:00-04:00,64.85,63.39,-0.0,1.46
2025-10-28 21:00:00-04:00,54.32,53.15,-0.0,1.17
2025-10-28 22:00:00-04:00,48.03,47.28,-0.0,0.75
2025-10-28 23:00:00-04:00,44.75,44.22,-0.0,0.53
2025-10-29 00:00:00-04:00,43.73,42.62,-0.0,1.11
2025-10-29 01:00:00-04:00,42.51,41.43,-0.0,1.08
2025-10-29 02:00:00-04:00,41.12,40.12,-0.0,1.0
2025-10-29 03:00:00-04:00,40.65,39.62,-0.0,1.03
2025-10-29 04:00:00-04:00,41.22,40.21,-0.0,1.01
2025-10-29 05:00:00-04:00,44.64,43.64,-0.0,1.0
2025-10-29 06:00:00-04:00,64.05,62.43,-0.0,1.62
2025-10-29 07:00:00-04:00,90.88,89.01,-0.0,1.87
2025-10-29 08:00:00-04:00,78.55,77.09,-0.0,1.46
2025-10-29 09:00:00-04:00,52.54,51.76,-0.0,0.78
2025-10-29 10:00:00-04:00,46.29,45.47,-0.0,0.82
2025-10-29 11:00:00-04:00,45.02,44.27,-0.0,0.75
2025-10-29 12:00:00-04:00,43.78,43.05,-0.0,0.73
2025-10-29 13:00:00-04:00,43.07,42.39,-0.0,0.68
2025-10-29 14:00:00-04:00,43.57,42.76,-0.0,0.81
2025-10-29 15:00:00-04:00,45.8,44.95,-0.0,0.85
2025-10-29 16:00:00-04:00,54.66,53.38,-0.0,1.28
2025-10-29 17:00:00-04:00,69.05,67.17,-0.0,1.88
2025-10-29 18:00:00-04:00,87.68,85.33,-0.21,2.56
2025-10-29 19:00:00-04:00,77.23,75.42,-0.0,1.81
2025-10-29 20:00:00-04:00,60.98,59.26,-0.0,1.72
2025-10-29 21:00:00-04:00,52.58,51.15,-0.0,1.43
2025-10-29 22:00:00-04:00,46.27,45.28,-0.0,0.99
2025-10-29 23:00:00-04:00,44.18,43.27,-0.0,0.91
2025-10-30 00:00:00-04:00,41.22,40.1,-0.0,1.12
2025-10-30 01:00:00-04:00,39.3,38.27,-0.0,1.03
2025-10-30 02:00:00-04:00,38.48,37.47,-0.0,1.01
2025-10-30 03:00:00-04:00,38.07,37.07,-0.0,1.0
2025-10-30 04:00:00-04:00,38.98,37.92,-0.0,1.06
2025-10-30 05:00:00-04:00,41.88,40.74,-0.0,1.14
2025-10-30 06:00:00-04:00,55.2,53.91,-0.0,1.29
2025-10-30 07:00:00-04:00,65.88,64.09,-0.0,1.79
2025-10-30 08:00:00-04:00,73.35,71.63,-0.0,1.72
2025-10-30 09:00:00-04:00,62.48,61.14,-0.0,1.34
2025-10-30 10:00:00-04:00,63.76,62.33,-0.0,1.43
2025-10-30 11:00:00-04:00,61.19,59.93,-0.0,1.26
2025-10-30 12:00:00-04:00,58.78,57.57,-0.0,1.21
2025-10-30 13:00:00-04:00,58.7,57.38,-0.0,1.32
2025-10-30 14:00:00-04:00,55.43,54.13,-0.0,1.3
2025-10-30 15:00:00-04:00,59.21,57.54,-0.0,1.67
2025-10-30 16:00:00-04:00,61.33,59.55,-0.0,1.78
2025-10-30 17:00:00-04:00,69.56,67.27,-0.0,2.29
2025-10-30 18:00:00-04:00,76.17,73.88,-0.0,2.29
2025-10-30 19:00:00-04:00,69.27,67.32,-0.0,1.95
2025-10-30 20:00:00-04:00,61.08,59.07,-0.0,2.01
2025-10-30 21:00:00-04:00,51.95,50.34,-0.0,1.61
2025-10-30 22:00:00-04:00,45.81,44.61,-0.0,1.2
2025-10-30 23:00:00-04:00,42.41,41.34,-0.0,1.07
2025-10-31 00:00:00-04:00,41.32,40.31,-0.0,1.01
2025-10-31 01:00:00-04:00,38.06,37.1,-0.0,0.96
2025-10-31 02:00:00-04:00,37.59,36.67,-0.0,0.92
2025-10-31 03:00:00-04:00,36.48,35.52,-0.0,0.96
2025-10-31 04:00:00-04:00,36.92,35.99,-0.0,0.93
2025-10-31 05:00:00-04:00,39.15,38.12,-0.0,1.03
2025-10-31 06:00:00-04:00,50.08,48.76,-0.0,1.32
2025-10-31 07:00:00-04:00,60.6,59.07,-0.0,1.53
2025-10-31 08:00:00-04:00,64.41,63.03,-0.0,1.38
2025-10-31 09:00:00-04:00,52.69,51.6,-0.0,1.09
2025-10-31 10:00:00-04:00,50.02,49.13,-0.0,0.89
2025-10-31 11:00:00-04:00,49.01,48.19,-0.0,0.82
2025-10-31 12:00:00-04:00,47.08,46.25,-0.0,0.83
2025-10-31 13:00:00-04:00,47.95,47.01,-0.0,0.94
2025-10-31 14:00:00-04:00,46.68,45.59,-0.0,1.09
2025-10-31 15:00:00-04:00,49.38,48.08,-0.0,1.3
2025-10-31 16:00:00-04:00,54.27,52.69,-0.0,1.58
2025-10-31 17:00:00-04:00,56.58,54.67,-0.0,1.91
2025-10-31 18:00:00-04:00,62.67,60.55,-0.0,2.12
2025-10-31 19:00:00-04:00,57.13,55.25,-0.0,1.88
2025-10-31 20:00:00-04:00,50.46,48.66,-0.0,1.8
2025-10-31 21:00:00-04:00,44.19,42.7,-0.0,1.49
2025-10-31 22:00:00-04:00,42.72,41.19,-0.0,1.53
2025-10-31 23:00:00-04:00,39.94,38.74,-0.0,1.2
2025-11-01 00:00:00-04:00,41.8,40.27,-0.0,1.53
2025-11-01 01:00:00-04:00,39.59,38.29,-0.0,1.3
2025-11-01 02:00:00-04:00,37.64,36.47,-0.0,1.17
2025-11-01 03:00:00-04:00,37.64,36.4,-0.0,1.24
2025-11-01 04:00:00-04:00,38.07,36.86,-0.0,1.21
2025-11-01 05:00:00-04:00,39.09,37.73,-0.0,1.36
2025-11-01 06:00:00-04:00,46.53,44.96,-0.0,1.57
2025-11-01 07:00:00-04:00,53.85,51.93,-0.0,1.92
2025-11-01 08:00:00-04:00,54.75,52.95,-0.0,1.8
2025-11-01 09:00:00-04:00,43.38,42.16,-0.0,1.22
2025-11-01 10:00:00-04:00,39.28,38.17,-0.0,1.11
2025-11-01 11:00:00-04:00,37.94,37.09,-0.0,0.85
2025-11-01 12:00:00-04:00,36.02,35.25,-0.0,0.77
2025-11-01 13:00:00-04:00,35.81,35.07,-0.0,0.74
2025-11-01 14:00:00-04:00,35.95,35.04,-0.0,0.91
2025-11-01 15:00:00-04:00,37.17,36.16,-0.0,1.01
2025-11-01 16:00:00-04:00,44.98,43.76,-0.0,1.22
2025-11-01 17:00:00-04:00,61.61,59.64,-0.0,1.97
2025-11-01 18:00:00-04:00,72.43,70.12,-0.0,2.31
2025-11-01 19:00:00-04:00,66.48,64.61,-0.0,1.87
2025-11-01 20:00:00-04:00,59.1,57.49,-0.0,1.61
2025-11-01 21:00:00-04:00,52.55,51.17,-0.0,1.38
2025-11-01 22:00:00-04:00,50.0,48.93,-0.0,1.07
2025-11-01 23:00:00-04:00,45.18,44.34,-0.0,0.84
2025-11-02 00:00:00-04:00,49.96,48.6,-0.0,1.36
2025-11-02 01:00:00-04:00,52.73,51.44,-0.0,1.29
2025-11-02 01:00:00-05:00,51.44,50.09,-0.0,1.35
2025-11-02 02:00:00-05:00,42.62,41.62,-0.0,1.0
2025-11-02 03:00:00-05:00,40.49,39.54,-0.0,0.95
2025-11-02 04:00:00-05:00,38.97,38.17,-0.0,0.8
2025-11-02 05:00:00-05:00,42.17,41.14,-0.0,1.03
2025-11-02 06:00:00-05:00,49.31,48.16,-0.0,1.15
2025-11-02 07:00:00-05:00,51.29,49.99,-0.0,1.3
2025-11-02 08:00:00-05:00,45.85,44.86,-0.0,0.99
2025-11-02 09:00:00-05:00,37.74,37.11,-0.0,0.63
2025-11-02 10:00:00-05:00,32.97,32.58,-0.0,0.39
2025-11-02 11:00:00-05:00,33.02,32.66,-0.0,0.36
2025-11-02 12:00:00-05:00,34.11,33.7,-0.0,0.41
2025-11-02 13:00:00-05:00,34.83,34.25,-0.0,0.58
2025-11-02 14:00:00-05:00,36.5,35.75,-0.0,0.75
2025-11-02 15:00:00-05:00,42.92,41.83,-0.0,1.09
2025-11-02 16:00:00-05:00,57.48,55.75,-0.0,1.73
2025-11-02 17:00:00-05:00,73.87,71.44,-0.0,2.43
2025-11-02 18:00:00-05:00,75.25,72.77,-0.0,2.48
2025-11-02 19:00:00-05:00,67.81,65.46,-0.0,2.35
2025-11-02 20:00:00-05:00,59.78,57.76,-0.0,2.02
2025-11-02 21:00:00-05:00,54.37,52.48,-0.0,1.89
2025-11-02 22:00:00-05:00,48.41,47.04,-0.0,1.37
2025-11-02 23:00:00-05:00,44.65,43.39,-0.0,1.26
2025-11-03 00:00:00-05:00,45.27,43.61,-0.0,1.66
2025-11-03 01:00:00-05:00,39.52,38.07,-0.0,1.45
2025-11-03 02:00:00-05:00,38.07,36.64,-0.0,1.43
2025-11-03 03:00:00-05:00,37.56,36.08,-0.0,1.48
2025-11-03 04:00:00-05:00,37.52,36.08,-0.0,1.44
2025-11-03 05:00:00-05:00,44.46,42.75,-0.0,1.71
2025-11-03 06:00:00-05:00,62.64,60.06,-0.0,2.58
2025-11-03 07:00:00-05:00,66.97,64.39,-0.0,2.58
2025-11-03 08:00:00-05:00,58.96,56.91,-0.0,2.05
2025-11-03 09:00:00-05:00,48.5,47.13,-0.0,1.37
2025-11-03 10:00:00-05:00,46.03,44.69,-0.0,1.34
2025-11-03 11:00:00-05:00,45.92,44.67,-0.0,1.25
2025-11-03 12:00:00-05:00,46.46,45.28,-0.0,1.18
2025-11-03 13:00:00-05:00,49.9,48.35,-0.0,1.55
2025-11-03 14:00:00-05:00,53.27,51.37,-0.0,1.9
2025-11-03 15:00:00-05:00,57.97,54.86,0.81,2.3
2025-11-03 16:00:00-05:00,74.0,68.91,2.06,3.03
2025-11-03 17:00:00-05:00,84.4,80.85,-0.0,3.55
2025-11-03 18:00:00-05:00,80.62,77.07,-0.0,3.55
2025-11-03 19:00:00-05:00,71.07,67.94,-0.0,3.13
2025-11-03 20:00:00-05:00,64.02,58.3,3.09,2.63
2025-11-03 21:00:00-05:00,55.62,50.41,3.04,2.17
2025-11-03 22:00:00-05:00,47.76,43.98,1.93,1.85
2025-11-03 23:00:00-05:00,42.81,41.16,-0.0,1.65
2025-11-04 00:00:00-05:00,39.69,38.2,-0.0,1.49
2025-11-04 01:00:00-05:00,36.81,35.43,-0.0,1.38
2025-11-04 02:00:00-05:00,36.05,34.7,-0.0,1.35
2025-11-04 03:00:00-05:00,35.43,34.16,-0.0,1.27
2025-11-04 04:00:00-05:00,36.99,35.67,-0.0,1.32
2025-11-04 05:00:00-05:00,41.03,39.41,-0.0,1.62
2025-11-04 06:00:00-05:00,59.07,56.8,-0.0,2.27
2025-11-04 07:00:00-05:00,68.25,65.75,-0.0,2.5
2025-11-04 08:00:00-05:00,46.16,45.52,-0.0,0.64
2025-11-04 09:00:00-05:00,38.73,38.39,-0.0,0.34
2025-11-04 10:00:00-05:00,34.77,34.53,-0.0,0.24
2025-11-04 11:00:00-05:00,34.2,33.99,-0.0,0.21
2025-11-04 12:00:00-05:00,34.35,33.84,-0.0,0.51
2025-11-04 13:00:00-05:00,35.95,35.35,-0.0,0.6
2025-11-04 14:00:00-05:00,39.44,38.63,-0.0,0.81
2025-11-04 15:00:00-05:00,46.75,45.61,-0.0,1.14
2025-11-04 16:00:00-05:00,66.26,64.21,-0.0,2.05
2025-11-04 17:00:00-05:00,90.11,87.32,-0.0,2.79
2025-11-04 18:00:00-05:00,83.67,81.24,-0.0,2.43
2025-11-04 19:00:00-05:00,69.85,67.75,-0.0,2.1
2025-11-04 20:00:00-05:00,61.24,59.29,-0.0,1.95
2025-11-04 21:00:00-05:00,53.13,51.68,-0.0,1.45
2025-11-04 22:00:00-05:00,48.46,47.05,-0.0,1.41
2025-11-04 23:00:00-05:00,44.8,43.58,-0.0,1.22
2025-11-05 00:00:00-05:00,42.67,41.71,-0.0,0.96
2025-11-05 01:00:00-05:00,39.12,38.17,-0.0,0.95
2025-11-05 02:00:00-05:00,39.06,38.15,-0.0,0.91
2025-11-05 03:00:00-05:00,37.85,37.0,-0.0,0.85
2025-11-05 04:00:00-05:00,39.92,38.95,-0.0,0.97
2025-11-05 05:00:00-05:00,47.11,45.74,-0.0,1.37
2025-11-05 06:00:00-05:00,60.09,58.34,-0.0,1.75
2025-11-05 07:00:00-05:00,68.82,66.88,-0.0,1.94
2025-11-05 08:00:00-05:00,58.42,56.99,-0.0,1.43
2025-11-05 09:00:00-05:00,49.54,48.43,-0.0,1.11
2025-11-05 10:00:00-05:00,44.98,43.88,-0.0,1.1
2025-11-05 11:00:00-05:00,45.23,44.26,-0.0,0.97
2025-11-05 12:00:00-05:00,43.73,42.83,-0.0,0.9
2025-11-05 13:00:00-05:00,45.09,44.16,-0.0,0.93
2025-11-05 14:00:00-05:00,48.81,47.62,-0.0,1.19
2025-11-05 15:00:00-05:00,55.4,53.89,-0.0,1.51
2025-11-05 16:00:00-05:00,69.74,67.64,-0.0,2.1
2025-11-05 17:00:00-05:00,79.79,77.47,-0.0,2.32
2025-11-05 18:00:00-05:00,69.56,67.4,-0.0,2.16
2025-11-05 19:00:00-05:00,58.58,56.93,-0.0,1.65
2025-11-05 20:00:00-05:00,53.65,52.09,-0.0,1.56
2025-11-05 21:00:00-05:00,48.28,46.88,-0.0,1.4
2025-11-05 22:00:00-05:00,44.07,42.79,-0.0,1.28
2025-11-05 23:00:00-05:00,38.95,37.85,-0.0,1.1
2025-11-06 00:00:00-05:00,38.07,36.86,-0.0,1.21
2025-11-06 01:00:00-05:00,35.26,34.04,-0.0,1.22
2025-11-06 02:00:00-05:00,34.99,33.84,-0.0,1.15
2025-11-06 03:00:00-05:00,34.84,33.69,-0.0,1.15
2025-11-06 04:00:00-05:00,36.1,34.98,-0.0,1.12
2025-11-06 05:00:00-05:00,41.23,39.87,-0.0,1.36
2025-11-06 06:00:00-05:00,58.76,56.89,-0.0,1.87
2025-11-06 07:00:00-05:00,67.08,65.0,-0.0,2.08
2025-11-06 08:00:00-05:00,52.39,51.46,-0.0,0.93
2025-11-06 09:00:00-05:00,41.99,41.41,-0.0,0.58
2025-11-06 10:00:00-05:00,39.41,39.1,-0.0,0.31
2025-11-06 11:00:00-05:00,37.09,36.65,-0.0,0.44
2025-11-06 12:00:00-05:00,39.19,38.84,-0.0,0.35
2025-11-06 13:00:00-05:00,39.26,38.87,-0.0,0.39
2025-11-06 14:00:00-05:00,41.93,41.43,-0.0,0.5
2025-11-06 15:00:00-05:00,50.68,49.78,-0.0,0.9
2025-11-06 16:00:00-05:00,72.29,70.46,-0.0,1.83
2025-11-06 17:00:00-05:00,87.27,85.14,-0.0,2.13
2025-11-06 18:00:00-05:00,84.2,81.99,-0.0,2.21
2025-11-06 19:00:00-05:00,71.56,69.81,-0.0,1.75
2025-11-06 20:00:00-05:00,60.77,59.23,-0.0,1.54
2025-11-06 21:00:00-05:00,52.62,51.49,-0.0,1.13
2025-11-06 22:00:00-05:00,46.53,45.62,-0.0,0.91
2025-11-06 23:00:00-05:00,44.92,43.91,-0.0,1.01
2025-11-07 00:00:00-05:00,44.21,43.18,-0.0,1.03
2025-11-07 01:00:00-05:00,40.85,39.85,-0.0,1.0
2025-11-07 02:00:00-05:00,40.78,39.78,-0.0,1.0
2025-11-07 03:00:00-05:00,39.75,38.7,-0.0,1.05
2025-11-07 04:00:00-05:00,39.41,38.37,-0.0,1.04
2025-11-07 05:00:00-05:00,45.63,44.17,-0.0,1.46
2025-11-07 06:00:00-05:00,61.8,59.83,-0.0,1.97
2025-11-07 07:00:00-05:00,70.83,68.57,-0.0,2.26
2025-11-07 08:00:00-05:00,56.91,55.36,-0.0,1.55
2025-11-07 09:00:00-05:00,50.03,48.76,-0.0,1.27
2025-11-07 10:00:00-05:00,45.55,44.44,-0.0,1.11
2025-11-07 11:00:00-05:00,44.42,43.38,-0.0,1.04
2025-11-07 12:00:00-05:00,43.53,42.51,-0.0,1.02
2025-11-07 13:00:00-05:00,45.68,44.52,-0.0,1.16
2025-11-07 14:00:00-05:00,49.91,48.46,-0.0,1.45
2025-11-07 15:00:00-05:00,54.73,53.03,-0.0,1.7
2025-11-07 16:00:00-05:00,57.26,55.7,-0.0,1.56
2025-11-07 17:00:00-05:00,74.31,71.94,-0.0,2.37
2025-11-07 18:00:00-05:00,65.18,63.04,-0.0,2.14
2025-11-07 19:00:00-05:00,57.84,55.94,-0.0,1.9
2025-11-07 20:00:00-05:00,53.6,51.74,-0.0,1.86
2025-11-07 21:00:00-05:00,46.73,45.11,-0.0,1.62
2025-11-07 22:00:00-05:00,42.82,41.33,-0.0,1.49
2025-11-07 23:00:00-05:00,41.55,40.18,-0.0,1.37
2025-11-08 00:00:00-05:00,40.03,38.79,-0.0,1.24
2025-11-08 01:00:00-05:00,36.86,35.75,-0.0,1.11
2025-11-08 02:00:00-05:00,35.92,34.91,-0.0,1.01
2025-11-08 03:00:00-05:00,35.18,34.09,-0.0,1.09
2025-11-08 04:00:00-05:00,35.99,34.98,-0.0,1.01
2025-11-08 05:00:00-05:00,39.37,38.15,-0.0,1.22
2025-11-08 06:00:00-05:00,46.25,44.95,-0.0,1.3
2025-11-08 07:00:00-05:00,47.31,45.98,-0.0,1.33
2025-11-08 08:00:00-05:00,45.41,44.39,-0.0,1.02
2025-11-08 09:00:00-05:00,39.68,39.06,-0.0,0.62
2025-11-08 10:00:00-05:00,38.24,37.67,-0.0,0.57
2025-11-08 11:00:00-05:00,36.64,36.24,-0.0,0.4
2025-11-08 12:00:00-05:00,35.65,35.37,-0.0,0.28
2025-11-08 13:00:00-05:00,37.01,36.61,-0.0,0.4
2025-11-08 14:00:00-05:00,37.76,37.31,-0.0,0.45
2025-11-08 15:00:00-05:00,47.5,46.62,-0.0,0.88
2025-11-08 16:00:00-05:00,59.21,57.94,-0.0,1.27
2025-11-08 17:00:00-05:00,75.82,74.26,-0.0,1.56
2025-11-08 18:00:00-05:00,71.65,70.11,-0.0,1.54
2025-11-08 19:00:00-05:00,66.62,64.93,-0.0,1.69
2025-11-08 20:00:00-05:00,56.05,54.79,-0.0,1.26
2025-11-08 21:00:00-05:00,48.49,47.59,-0.0,0.9
2025-11-08 22:00:00-05:00,43.55,42.65,-0.0,0.9
2025-11-08 23:00:00-05:00,41.9,40.96,-0.0,0.94
2025-11-09 00:00:00-05:00,49.69,48.48,-0.0,1.21
2025-11-09 01:00:00-05:00,46.58,45.35,-0.0,1.23
2025-11-09 02:00:00-05:00,42.12,40.97,-0.0,1.15
2025-11-09 03:00:00-05:00,40.58,39.48,-0.0,1.1
2025-11-09 04:00:00-05:00,39.7,38.54,-0.0,1.16
2025-11-09 05:00:00-05:00,43.2,41.78,-0.0,1.42
2025-11-09 06:00:00-05:00,48.89,47.37,-0.0,1.52
2025-11-09 07:00:00-05:00,50.09,48.68,-0.0,1.41
2025-11-09 08:00:00-05:00,44.11,42.99,-0.0,1.12
2025-11-09 09:00:00-05:00,50.24,48.78,-0.0,1.46
2025-11-09 10:00:00-05:00,50.83,49.45,-0.0,1.38
2025-11-09 11:00:00-05:00,49.8,48.3,-0.0,1.5
2025-11-09 12:00:00-05:00,52.8,50.97,-0.0,1.83
2025-11-09 13:00:00-05:00,55.19,53.37,-0.0,1.82
2025-11-09 14:00:00-05:00,57.08,54.99,-0.0,2.09
2025-11-09 15:00:00-05:00,60.99,58.64,-0.0,2.35
2025-11-09 16:00:00-05:00,63.76,61.25,-0.0,2.51
2025-11-09 17:00:00-05:00,81.43,78.52,-0.0,2.91
2025-11-09 18:00:00-05:00,79.7,76.71,-0.0,2.99
2025-11-09 19:00:00-05:00,67.46,65.05,-0.0,2.41
2025-11-09 20:00:00-05:00,59.92,57.84,-0.0,2.08
2025-11-09 21:00:00-05:00,50.89,49.45,-0.0,1.44
2025-11-09 22:00:00-05:00,45.47,44.19,-0.0,1.28
2025-11-09 23:00:00-05:00,42.04,40.9,-0.0,1.14
2025-11-10 00:00:00-05:00,44.94,43.89,-0.0,1.05
2025-11-10 01:00:00-05:00,40.98,39.94,-0.0,1.04
2025-11-10 02:00:00-05:00,40.15,39.13,-0.0,1.02
2025-11-10 03:00:00-05:00,38.56,37.55,-0.0,1.01
2025-11-10 04:00:00-05:00,39.46,38.35,-0.0,1.11
2025-11-10 05:00:00-05:00,45.89,44.43,-0.0,1.46
2025-11-10 06:00:00-05:00,59.69,57.79,-0.0,1.9
2025-11-10 07:00:00-05:00,69.41,67.45,-0.0,1.96
2025-11-10 08:00:00-05:00,63.4,61.92,-0.0,1.48
2025-11-10 09:00:00-05:00,60.91,59.66,-0.0,1.25
2025-11-10 10:00:00-05:00,60.01,58.61,-0.0,1.4
2025-11-10 11:00:00-05:00,59.31,58.09,-0.0,1.22
2025-11-10 12:00:00-05:00,59.31,57.98,-0.0,1.33
2025-11-10 13:00:00-05:00,61.58,60.19,-0.0,1.39
2025-11-10 14:00:00-05:00,60.88,59.39,-0.0,1.49
2025-11-10 15:00:00-05:00,68.87,67.0,-0.0,1.87
2025-11-10 16:00:00-05:00,86.28,84.01,-0.0,2.27
2025-11-10 17:00:00-05:00,107.83,104.99,-0.0,2.84
2025-11-10 18:00:00-05:00,96.01,93.3,-0.0,2.71
2025-11-10 19:00:00-05:00,83.49,81.29,-0.0,2.2
2025-11-10 20:00:00-05:00,69.05,67.17,-0.0,1.88
2025-11-10 21:00:00-05:00,62.33,60.57,-0.0,1.76
2025-11-10 22:00:00-05:00,53.67,51.86,-0.0,1.81
2025-11-10 23:00:00-05:00,50.92,49.34,-0.0,1.58
2025-11-11 00:00:00-05:00,47.29,46.0,-0.0,1.29
2025-11-11 01:00:00-05:00,46.69,45.24,-0.0,1.45
2025-11-11 02:00:00-05:00,43.85,42.45,-0.0,1.4
2025-11-11 03:00:00-05:00,43.39,42.04,-0.0,1.35
2025-11-11 04:00:00-05:00,46.15,44.63,-0.0,1.52
2025-11-11 05:00:00-05:00,50.92,49.1,-0.0,1.82
2025-11-11 06:00:00-05:00,67.59,64.99,-0.0,2.6
2025-11-11 07:00:00-05:00,77.91,75.06,-0.0,2.85
2025-11-11 08:00:00-05:00,65.67,63.63,-0.0,2.04
2025-11-11 09:00:00-05:00,61.75,59.95,-0.0,1.8
2025-11-11 10:00:00-05:00,61.87,60.01,-0.0,1.86
2025-11-11 11:00:00-05:00,59.18,57.29,-0.0,1.89
2025-11-11 12:00:00-05:00,57.78,55.94,-0.0,1.84
2025-11-11 13:00:00-05:00,58.25,56.33,-0.0,1.92
2025-11-11 14:00:00-05:00,58.96,56.85,-0.0,2.11
2025-11-11 15:00:00-05:00,63.55,61.22,-0.0,2.33
2025-11-11 16:00:00-05:00,84.52,80.96,-0.0,3.56
2025-11-11 17:00:00-05:00,110.82,106.86,-0.0,3.96
2025-11-11 18:00:00-05:00,97.63,93.97,-0.0,3.66
2025-11-11 19:00:00-05:00,87.58,84.62,-0.0,2.96
2025-11-11 20:00:00-05:00,71.82,69.19,-0.0,2.63
2025-11-11 21:00:00-05:00,64.27,61.98,-0.0,2.29
2025-11-11 22:00:00-05:00,55.65,53.77,-0.0,1.88
2025-11-11 23:00:00-05:00,51.35,49.71,-0.0,1.64
2025-11-12 00:00:00-05:00,49.42,47.66,-0.0,1.76
2025-11-12 01:00:00-05:00,45.63,43.96,-0.0,1.67
2025-11-12 02:00:00-05:00,44.45,42.78,-0.0,1.67
2025-11-12 03:00:00-05:00,44.2,42.5,-0.0,1.7
2025-11-12 04:00:00-05:00,44.71,43.11,-0.0,1.6
2025-11-12 05:00:00-05:00,48.29,46.48,-0.0,1.81
2025-11-12 06:00:00-05:00,70.14,67.97,-0.0,2.17
2025-11-12 07:00:00-05:00,88.91,86.23,-0.0,2.68
2025-11-12 08:00:00-05:00,79.93,77.68,-0.0,2.25
2025-11-12 09:00:00-05:00,69.36,67.47,-0.0,1.89
2025-11-12 10:00:00-05:00,65.06,63.66,-0.0,1.4
2025-11-12 11:00:00-05:00,63.65,62.16,-0.0,1.49
2025-11-12 12:00:00-05:00,61.65,60.44,-0.0,1.21
2025-11-12 13:00:00-05:00,63.33,61.85,-0.0,1.48
2025-11-12 14:00:00-05:00,63.77,62.09,-0.0,1.68
2025-11-12 15:00:00-05:00,66.37,64.69,-0.0,1.68
2025-11-12 16:00:00-05:00,75.14,73.1,-0.0,2.04
2025-11-12 17:00:00-05:00,87.57,85.1,-0.0,2.47
2025-11-12 18:00:00-05:00,82.57,80.24,-0.0,2.33
2025-11-12 19:00:00-05:00,74.99,72.95,-0.0,2.04
2025-11-12 20:00:00-05:00,65.87,64.01,-0.0,1.86
2025-11-12 21:00:00-05:00,59.1,57.49,-0.0,1.61
2025-11-12 22:00:00-05:00,52.64,50.91,-0.0,1.73
2025-11-12 23:00:00-05:00,47.13,45.71,-0.0,1.42
2025-11-13 00:00:00-05:00,45.65,44.11,-0.0,1.54
2025-11-13 01:00:00-05:00,44.85,43.25,-0.0,1.6
2025-11-13 02:00:00-05:00,42.71,41.19,-0.0,1.52
2025-11-13 03:00:00-05:00,42.66,41.18,-0.0,1.48
2025-11-13 04:00:00-05:00,42.48,41.04,-0.0,1.44
2025-11-13 05:00:00-05:00,44.89,43.33,-0.0,1.56
2025-11-13 06:00:00-05:00,65.21,63.01,-0.0,2.2
2025-11-13 07:00:00-05:00,78.09,75.89,-0.0,2.2
2025-11-13 08:00:00-05:00,63.26,61.6,-0.0,1.66
2025-11-13 09:00:00-05:00,57.72,56.37,-0.0,1.35
2025-11-13 10:00:00-05:00,54.43,53.05,-0.0,1.38
2025-11-13 11:00:00-05:00,52.46,51.23,-0.0,1.23
2025-11-13 12:00:00-05:00,52.26,51.04,-0.0,1.22
2025-11-13 13:00:00-05:00,53.05,51.81,-0.0,1.24
2025-11-13 14:00:00-05:00,54.07,52.75,-0.0,1.32
2025-11-13 15:00:00-05:00,61.89,60.26,-0.0,1.63
2025-11-13 16:00:00-05:00,71.6,69.32,-0.0,2.28
2025-11-13 17:00:00-05:00,90.79,88.23,-0.0,2.56
2025-11-13 18:00:00-05:00,80.98,78.54,-0.0,2.44
2025-11-13 19:00:00-05:00,68.64,66.7,-0.0,1.94
2025-11-13 20:00:00-05:00,61.66,59.98,-0.0,1.68
2025-11-13 21:00:00-05:00,57.78,56.21,-0.0,1.57
2025-11-13 22:00:00-05:00,53.03,51.43,-0.0,1.6
2025-11-13 23:00:00-05:00,49.41,47.97,-0.0,1.44
2025-11-14 00:00:00-05:00,52.0,50.59,-0.0,1.41
2025-11-14 01:00:00-05:00,46.39,45.08,-0.0,1.31
2025-11-14 02:00:00-05:00,45.25,44.02,-0.0,1.23
2025-11-14 03:00:00-05:00,44.45,43.2,-0.0,1.25
2025-11-14 04:00:00-05:00,46.43,45.17,-0.0,1.26
2025-11-14 05:00:00-05:00,51.83,50.22,-0.0,1.61
2025-11-14 06:00:00-05:00,71.05,68.78,-0.0,2.27
2025-11-14 07:00:00-05:00,90.32,87.77,-0.0,2.55
2025-11-14 08:00:00-05:00,67.47,66.28,-0.0,1.19
2025-11-14 09:00:00-05:00,56.45,55.83,-0.0,0.62
2025-11-14 10:00:00-05:00,52.82,52.61,-0.0,0.21
2025-11-14 11:00:00-05:00,49.72,49.37,-0.0,0.35
2025-11-14 12:00:00-05:00,52.35,51.98,-0.0,0.37
2025-11-14 13:00:00-05:00,54.73,53.97,-0.0,0.76
2025-11-14 14:00:00-05:00,59.73,58.79,-0.0,0.94
2025-11-14 15:00:00-05:00,66.01,64.91,-0.0,1.1
2025-11-14 16:00:00-05:00,84.02,82.05,-0.0,1.97
2025-11-14 17:00:00-05:00,97.57,95.0,-0.0,2.57
2025-11-14 18:00:00-05:00,86.2,84.02,-0.0,2.18
2025-11-14 19:00:00-05:00,75.83,73.84,-0.0,1.99
2025-11-14 20:00:00-05:00,65.06,63.41,-0.0,1.65
2025-11-14 21:00:00-05:00,60.17,58.88,-0.0,1.29
2025-11-14 22:00:00-05:00,54.63,53.72,-0.0,0.91
2025-11-14 23:00:00-05:00,50.73,49.88,-0.0,0.85
2025-11-15 00:00:00-05:00,55.79,54.8,-0.0,0.99
2025-11-15 01:00:00-05:00,55.25,54.22,-0.0,1.03
2025-11-15 02:00:00-05:00,51.4,50.39,-0.0,1.01
2025-11-15 03:00:00-05:00,51.46,50.5,-0.0,0.96
2025-11-15 04:00:00-05:00,50.95,50.0,-0.0,0.95
2025-11-15 05:00:00-05:00,53.01,51.92,-0.0,1.09
2025-11-15 06:00:00-05:00,65.09,63.63,-0.0,1.46
2025-11-15 07:00:00-05:00,65.85,64.31,-0.0,1.54
2025-11-15 08:00:00-05:00,56.98,55.92,-0.0,1.06
2025-11-15 09:00:00-05:00,51.8,51.09,-0.0,0.71
2025-11-15 10:00:00-05:00,47.93,47.41,-0.0,0.52
2025-11-15 11:00:00-05:00,45.49,45.09,-0.0,0.4
2025-11-15 12:00:00-05:00,45.64,45.1,-0.0,0.54
2025-11-15 13:00:00-05:00,48.01,47.3,-0.0,0.71
2025-11-15 14:00:00-05:00,52.95,51.76,-0.0,1.19
2025-11-15 15:00:00-05:00,60.98,59.21,-0.0,1.77
2025-11-15 16:00:00-05:00,65.92,63.82,-0.0,2.1
2025-11-15 17:00:00-05:00,73.54,71.19,-0.0,2.35
2025-11-15 18:00:00-05:00,68.19,65.95,-0.0,2.24
2025-11-15 19:00:00-05:00,62.53,60.47,-0.0,2.06
2025-11-15 20:00:00-05:00,54.95,53.09,-0.0,1.86
2025-11-15 21:00:00-05:00,49.78,48.1,-0.0,1.68
2025-11-15 22:00:00-05:00,47.03,45.48,-0.0,1.55
2025-11-15 23:00:00-05:00,45.6,44.06,-0.0,1.54
2025-11-16 00:00:00-05:00,41.26,39.56,-0.0,1.7
2025-11-16 01:00:00-05:00,39.3,37.65,-0.0,1.65
2025-11-16 02:00:00-05:00,38.36,36.71,-0.0,1.65
2025-11-16 03:00:00-05:00,37.34,35.73,-0.0,1.61
2025-11-16 04:00:00-05:00,35.51,34.02,-0.0,1.49
2025-11-16 05:00:00-05:00,36.45,34.85,-0.0,1.6
2025-11-16 06:00:00-05:00,39.14,37.49,-0.0,1.65
2025-11-16 07:00:00-05:00,41.4,39.69,-0.0,1.71
2025-11-16 08:00:00-05:00,39.59,38.07,-0.0,1.52
2025-11-16 09:00:00-05:00,38.73,37.31,-0.0,1.42
2025-11-16 10:00:00-05:00,37.7,36.29,-0.0,1.41
2025-11-16 11:00:00-05:00,37.36,35.92,-0.0,1.44
2025-11-16 12:00:00-05:00,39.74,38.17,-0.0,1.57
2025-11-16 13:00:00-05:00,40.34,38.68,-0.0,1.66
2025-11-16 14:00:00-05:00,42.42,40.63,-0.0,1.79
2025-11-16 15:00:00-05:00,46.97,44.86,-0.0,2.11
2025-11-16 16:00:00-05:00,54.47,51.98,-0.0,2.49
2025-11-16 17:00:00-05:00,64.28,61.45,-0.0,2.83
2025-11-16 18:00:00-05:00,60.92,58.29,-0.0,2.63
2025-11-16 19:00:00-05:00,54.09,51.81,-0.0,2.28
2025-11-16 20:00:00-05:00,48.66,46.61,-0.0,2.05
2025-11-16 21:00:00-05:00,45.25,43.22,-0.0,2.03
2025-11-16 22:00:00-05:00,41.8,40.0,-0.0,1.8
2025-11-16 23:00:00-05:00,41.22,39.33,-0.0,1.89
2025-11-17 00:00:00-05:00,41.83,40.07,-0.0,1.76
2025-11-17 01:00:00-05:00,38.49,36.94,-0.0,1.55
2025-11-17 02:00:00-05:00,36.83,35.35,-0.0,1.48
2025-11-17 03:00:00-05:00,36.51,35.04,-0.0,1.47
2025-11-17 04:00:00-05:00,38.53,36.98,-0.0,1.55
2025-11-17 05:00:00-05:00,42.04,40.27,-0.0,1.77
2025-11-17 06:00:00-05:00,58.41,56.0,-0.0,2.41
2025-11-17 07:00:00-05:00,70.04,67.09,-0.0,2.95
2025-11-17 08:00:00-05:00,58.18,56.0,-0.0,2.18
2025-11-17 09:00:00-05:00,54.05,52.22,-0.0,1.83
2025-11-17 10:00:00-05:00,53.18,51.58,-0.0,1.6
2025-11-17 11:00:00-05:00,51.98,50.42,-0.0,1.56
2025-11-17 12:00:00-05:00,51.72,50.16,-0.0,1.56
2025-11-17 13:00:00-05:00,52.67,51.04,-0.0,1.63
2025-11-17 14:00:00-05:00,54.06,52.23,-0.0,1.83
2025-11-17 15:00:00-05:00,57.62,55.51,-0.0,2.11
2025-11-17 16:00:00-05:00,69.95,67.26,-0.0,2.69
2025-11-17 17:00:00-05:00,91.1,87.26,-0.0,3.84
2025-11-17 18:00:00-05:00,81.17,77.97,-0.0,3.2
2025-11-17 19:00:00-05:00,69.3,66.57,-0.0,2.73
2025-11-17 20:00:00-05:00,63.76,61.13,-0.0,2.63
2025-11-17 21:00:00-05:00,58.24,55.95,-0.0,2.29
2025-11-17 22:00:00-05:00,52.67,50.79,-0.0,1.88
2025-11-17 23:00:00-05:00,49.74,47.92,-0.0,1.82
2025-11-18 00:00:00-05:00,44.98,43.33,-0.0,1.65
2025-11-18 01:00:00-05:00,43.0,41.39,-0.0,1.61
2025-11-18 02:00:00-05:00,42.84,41.27,-0.0,1.57
2025-11-18 03:00:00-05:00,42.76,41.16,-0.0,1.6
2025-11-18 04:00:00-05:00,43.6,42.09,-0.0,1.51
2025-11-18 05:00:00-05:00,45.48,43.9,-0.0,1.58
2025-11-18 06:00:00-05:00,63.03,60.6,-0.0,2.43
2025-11-18 07:00:00-05:00,79.35,76.52,-0.0,2.83
2025-11-18 08:00:00-05:00,57.22,55.5,-0.0,1.72
2025-11-18 09:00:00-05:00,51.41,50.11,-0.0,1.3
2025-11-18 10:00:00-05:00,47.2,46.1,-0.0,1.1
2025-11-18 11:00:00-05:00,45.7,44.67,-0.0,1.03
2025-11-18 12:00:00-05:00,45.0,44.03,-0.0,0.97
2025-11-18 13:00:00-05:00,47.07,46.01,-0.0,1.06
2025-11-18 14:00:00-05:00,48.6,47.41,-0.0,1.19
2025-11-18 15:00:00-05:00,57.26,55.59,-0.0,1.67
2025-11-18 16:00:00-05:00,71.68,69.12,-0.0,2.56
2025-11-18 17:00:00-05:00,95.78,92.46,-0.0,3.32
2025-11-18 18:00:00-05:00,84.19,81.42,-0.0,2.77
2025-11-18 19:00:00-05:00,73.83,71.54,-0.0,2.29
2025-11-18 20:00:00-05:00,66.46,64.34,-0.0,2.12
2025-11-18 21:00:00-05:00,58.47,56.71,-0.0,1.76
2025-11-18 22:00:00-05:00,54.43,52.69,-0.0,1.74
2025-11-18 23:00:00-05:00,49.64,48.1,-0.0,1.54
2025-11-19 00:00:00-05:00,54.56,52.97,-0.0,1.59
2025-11-19 01:00:00-05:00,52.23,50.61,-0.0,1.62
2025-11-19 02:00:00-05:00,50.71,49.18,-0.0,1.53
2025-11-19 03:00:00-05:00,51.42,49.87,-0.0,1.55
2025-11-19 04:00:00-05:00,52.2,50.58,-0.0,1.62
2025-11-19 05:00:00-05:00,55.45,53.53,-0.0,1.92
2025-11-19 06:00:00-05:00,77.51,74.67,-0.0,2.84
2025-11-19 07:00:00-05:00,91.37,88.03,-0.0,3.34
2025-11-19 08:00:00-05:00,63.8,61.94,-0.0,1.86
2025-11-19 09:00:00-05:00,56.72,55.5,-0.0,1.22
2025-11-19 10:00:00-05:00,48.34,47.48,-0.0,0.86
2025-11-19 11:00:00-05:00,47.78,46.84,-0.0,0.94
2025-11-19 12:00:00-05:00,47.06,46.09,-0.0,0.97
2025-11-19 13:00:00-05:00,48.05,47.16,-0.0,0.89
2025-11-19 14:00:00-05:00,51.05,49.9,-0.0,1.15
2025-11-19 15:00:00-05:00,62.32,60.51,-0.0,1.81
2025-11-19 16:00:00-05:00,81.07,78.26,-0.0,2.81
2025-11-19 17:00:00-05:00,98.86,95.33,-0.0,3.53
2025-11-19 18:00:00-05:00,86.47,83.31,-0.0,3.16
2025-11-19 19:00:00-05:00,79.73,76.66,-0.0,3.07
2025-11-19 20:00:00-05:00,70.21,67.58,-0.0,2.63
2025-11-19 21:00:00-05:00,62.22,59.94,-0.0,2.28
2025-11-19 22:00:00-05:00,57.28,55.29,-0.0,1.99
2025-11-19 23:00:00-05:00,54.74,52.89,-0.0,1.85
2025-11-20 00:00:00-05:00,52.52,50.79,-0.0,1.73
2025-11-20 01:00:00-05:00,48.99,47.29,-0.0,1.7
2025-11-20 02:00:00-05:00,46.63,45.05,-0.0,1.58
2025-11-20 03:00:00-05:00,46.05,44.45,-0.0,1.6
2025-11-20 04:00:00-05:00,47.34,45.7,-0.0,1.64
2025-11-20 05:00:00-05:00,52.5,50.53,-0.0,1.97
2025-11-20 06:00:00-05:00,76.29,73.15,-0.0,3.14
2025-11-20 07:00:00-05:00,89.28,85.68,-0.0,3.6
2025-11-20 08:00:00-05:00,66.4,63.97,-0.0,2.43
2025-11-20 09:00:00-05:00,57.96,56.16,-0.0,1.8
2025-11-20 10:00:00-05:00,51.67,50.31,-0.0,1.36
2025-11-20 11:00:00-05:00,47.02,45.83,-0.0,1.19
2025-11-20 12:00:00-05:00,47.49,46.33,-0.0,1.16
2025-11-20 13:00:00-05:00,49.39,48.23,-0.0,1.16
2025-11-20 14:00:00-05:00,49.76,48.55,-0.0,1.21
2025-11-20 15:00:00-05:00,57.17,55.35,-0.0,1.82
2025-11-20 16:00:00-05:00,73.83,71.19,-0.0,2.64
2025-11-20 17:00:00-05:00,84.57,81.24,-0.0,3.33
2025-11-20 18:00:00-05:00,74.99,72.04,-0.0,2.95
2025-11-20 19:00:00-05:00,69.16,66.3,0.28,2.58
2025-11-20 20:00:00-05:00,62.74,60.02,0.26,2.46
2025-11-20 21:00:00-05:00,58.35,54.35,1.82,2.18
2025-11-20 22:00:00-05:00,51.23,49.26,-0.0,1.97
2025-11-20 23:00:00-05:00,49.04,44.73,2.61,1.7
2025-11-21 00:00:00-05:00,50.33,47.89,0.52,1.92
2025-11-21 01:00:00-05:00,46.49,44.57,-0.0,1.92
2025-11-21 02:00:00-05:00,43.96,42.03,0.08,1.85
2025-11-21 03:00:00-05:00,43.16,41.3,-0.0,1.86
2025-11-21 04:00:00-05:00,43.97,42.12,-0.0,1.85
2025-11-21 05:00:00-05:00,52.95,41.93,9.18,1.84
2025-11-21 06:00:00-05:00,71.77,68.02,0.69,3.06
2025-11-21 07:00:00-05:00,77.92,73.67,0.79,3.46
2025-11-21 08:00:00-05:00,69.71,66.45,0.34,2.92
2025-11-21 09:00:00-05:00,61.24,59.0,-0.0,2.24
2025-11-21 10:00:00-05:00,58.69,56.59,-0.0,2.1
2025-11-21 11:00:00-05:00,55.81,53.92,-0.0,1.89
2025-11-21 12:00:00-05:00,54.46,52.62,-0.0,1.84
2025-11-21 13:00:00-05:00,54.07,52.24,-0.0,1.83
2025-11-21 14:00:00-05:00,57.04,55.06,-0.0,1.98
2025-11-21 15:00:00-05:00,63.93,54.91,6.82,2.2
2025-11-21 16:00:00-05:00,74.71,65.64,6.31,2.76
2025-11-21 17:00:00-05:00,83.55,80.03,-0.0,3.52
2025-11-21 18:00:00-05:00,75.93,72.66,-0.0,3.27
2025-11-21 19:00:00-05:00,68.55,65.66,-0.0,2.89
2025-11-21 20:00:00-05:00,64.94,62.32,-0.0,2.62
2025-11-21 21:00:00-05:00,59.15,56.93,-0.0,2.22
2025-11-21 22:00:00-05:00,55.5,53.57,-0.0,1.93
2025-11-21 23:00:00-05:00,48.95,47.3,-0.0,1.65
2025-11-22 00:00:00-05:00,51.04,49.13,-0.0,1.91
2025-11-22 01:00:00-05:00,49.31,47.41,-0.0,1.9
2025-11-22 02:00:00-05:00,45.5,43.67,-0.0,1.83
2025-11-22 03:00:00-05:00,43.87,42.14,-0.0,1.73
2025-11-22 04:00:00-05:00,43.22,41.52,-0.0,1.7
2025-11-22 05:00:00-05:00,45.9,44.05,-0.0,1.85
2025-11-22 06:00:00-05:00,55.46,53.17,-0.0,2.29
2025-11-22 07:00:00-05:00,60.51,57.96,-0.0,2.55
2025-11-22 08:00:00-05:00,58.16,55.82,-0.0,2.34
2025-11-22 09:00:00-05:00,54.21,52.33,-0.0,1.88
2025-11-22 10:00:00-05:00,52.9,51.16,-0.0,1.74
2025-11-22 11:00:00-05:00,50.16,48.6,-0.0,1.56
2025-11-22 12:00:00-05:00,48.01,46.57,-0.0,1.44
2025-11-22 13:00:00-05:00,48.02,46.67,-0.0,1.35
2025-11-22 14:00:00-05:00,51.37,49.78,-0.0,1.59
2025-11-22 15:00:00-05:00,56.81,54.73,-0.0,2.08
2025-11-22 16:00:00-05:00,69.53,66.6,-0.0,2.93
2025-11-22 17:00:00-05:00,82.85,79.36,-0.0,3.49
2025-11-22 18:00:00-05:00,75.14,71.83,-0.0,3.31
2025-11-22 19:00:00-05:00,69.34,66.48,-0.0,2.86
2025-11-22 20:00:00-05:00,67.22,64.45,-0.0,2.77
2025-11-22 21:00:00-05:00,60.57,58.13,-0.0,2.44
2025-11-22 22:00:00-05:00,56.4,54.23,-0.0,2.17
2025-11-22 23:00:00-05:00,51.99,50.04,-0.0,1.95
2025-11-23 00:00:00-05:00,52.22,50.02,-0.0,2.2
2025-11-23 01:00:00-05:00,48.11,45.8,0.2,2.11
2025-11-23 02:00:00-05:00,48.44,42.89,3.62,1.93
2025-11-23 03:00:00-05:00,46.17,41.96,2.32,1.89
2025-11-23 04:00:00-05:00,46.23,40.53,3.83,1.87
2025-11-23 05:00:00-05:00,47.49,39.66,6.0,1.83
2025-11-23 06:00:00-05:00,54.46,44.15,8.28,2.03
2025-11-23 07:00:00-05:00,58.84,43.33,13.47,2.04
2025-11-23 08:00:00-05:00,57.34,43.65,11.6,2.09
2025-11-23 09:00:00-05:00,57.09,44.08,10.89,2.12
2025-11-23 10:00:00-05:00,55.2,49.08,3.72,2.4
2025-11-23 11:00:00-05:00,57.58,49.64,5.65,2.29
2025-11-23 12:00:00-05:00,60.5,49.65,8.61,2.24
2025-11-23 13:00:00-05:00,61.66,46.26,13.37,2.03
2025-11-23 14:00:00-05:00,65.64,47.56,15.84,2.24
2025-11-23 15:00:00-05:00,69.69,53.29,13.79,2.61
2025-11-23 16:00:00-05:00,77.83,54.13,21.05,2.65
2025-11-23 17:00:00-05:00,93.8,65.77,24.87,3.16
2025-11-23 18:00:00-05:00,88.47,55.71,30.14,2.62
2025-11-23 19:00:00-05:00,83.99,53.49,27.88,2.62
2025-11-23 20:00:00-05:00,77.94,52.18,23.26,2.5
2025-11-23 21:00:00-05:00,66.66,47.82,16.64,2.2
2025-11-23 22:00:00-05:00,59.03,48.36,8.4,2.27
2025-11-23 23:00:00-05:00,53.77,43.88,8.0,1.89
2025-11-24 00:00:00-05:00,50.65,48.65,-0.0,2.0
2025-11-24 01:00:00-05:00,47.96,46.03,-0.0,1.93
2025-11-24 02:00:00-05:00,48.3,46.35,-0.0,1.95
2025-11-24 03:00:00-05:00,47.89,46.05,-0.0,1.84
2025-11-24 04:00:00-05:00,49.8,47.79,-0.0,2.01
2025-11-24 05:00:00-05:00,54.33,52.09,-0.0,2.24
2025-11-24 06:00:00-05:00,74.24,71.04,-0.0,3.2
2025-11-24 07:00:00-05:00,88.15,84.84,-0.0,3.31
2025-11-24 08:00:00-05:00,67.68,65.14,-0.0,2.54
2025-11-24 09:00:00-05:00,54.09,52.56,-0.0,1.53
2025-11-24 10:00:00-05:00,52.03,50.66,-0.0,1.37
2025-11-24 11:00:00-05:00,50.56,49.33,-0.0,1.23
2025-11-24 12:00:00-05:00,49.68,48.33,-0.0,1.35
2025-11-24 13:00:00-05:00,50.71,49.28,-0.0,1.43
2025-11-24 14:00:00-05:00,54.81,53.11,-0.0,1.7
2025-11-24 15:00:00-05:00,65.23,62.66,-0.0,2.57
2025-11-24 16:00:00-05:00,81.24,77.74,-0.0,3.5
2025-11-24 17:00:00-05:00,89.54,85.77,-0.0,3.77
2025-11-24 18:00:00-05:00,81.04,77.4,-0.0,3.64
2025-11-24 19:00:00-05:00,72.09,68.42,0.52,3.15
2025-11-24 20:00:00-05:00,68.19,60.41,5.06,2.72
2025-11-24 21:00:00-05:00,63.51,53.55,7.66,2.3
2025-11-24 22:00:00-05:00,59.38,47.79,9.63,1.96
2025-11-24 23:00:00-05:00,57.04,42.92,12.4,1.72
2025-11-25 00:00:00-05:00,47.91,45.89,-0.0,2.02
2025-11-25 01:00:00-05:00,44.6,42.72,-0.0,1.88
2025-11-25 02:00:00-05:00,44.66,42.78,-0.0,1.88
2025-11-25 03:00:00-05:00,44.12,42.26,-0.0,1.86
2025-11-25 04:00:00-05:00,45.61,43.69,-0.0,1.92
2025-11-25 05:00:00-05:00,46.99,44.92,-0.0,2.07
2025-11-25 06:00:00-05:00,61.41,59.05,-0.0,2.36
2025-11-25 07:00:00-05:00,72.35,69.7,-0.0,2.65
2025-11-25 08:00:00-05:00,70.44,67.93,-0.0,2.51
2025-11-25 09:00:00-05:00,65.83,63.79,-0.0,2.04
2025-11-25 10:00:00-05:00,64.55,62.61,-0.0,1.94
2025-11-25 11:00:00-05:00,63.87,62.13,-0.0,1.74
2025-11-25 12:00:00-05:00,65.11,63.27,-0.0,1.84
2025-11-25 13:00:00-05:00,65.98,64.12,-0.0,1.86
2025-11-25 14:00:00-05:00,70.06,68.08,-0.0,1.98
2025-11-25 15:00:00-05:00,76.46,74.16,-0.0,2.3
2025-11-25 16:00:00-05:00,80.35,77.71,-0.0,2.64
2025-11-25 17:00:00-05:00,84.71,81.77,-0.0,2.94
2025-11-25 18:00:00-05:00,76.71,73.9,-0.0,2.81
2025-11-25 19:00:00-05:00,69.67,67.18,-0.0,2.49
2025-11-25 20:00:00-05:00,65.13,62.62,-0.0,2.51
2025-11-25 21:00:00-05:00,59.25,56.24,0.59,2.42
2025-11-25 22:00:00-05:00,51.67,49.59,-0.0,2.08
2025-11-25 23:00:00-05:00,46.55,44.72,-0.0,1.83
2025-11-26 00:00:00-05:00,44.6,42.97,-0.0,1.63
2025-11-26 01:00:00-05:00,41.02,39.52,-0.0,1.5
2025-11-26 02:00:00-05:00,40.62,39.17,-0.0,1.45
2025-11-26 03:00:00-05:00,40.42,38.94,-0.0,1.48
2025-11-26 04:00:00-05:00,40.36,38.96,-0.0,1.4
2025-11-26 05:00:00-05:00,40.07,38.53,-0.0,1.54
2025-11-26 06:00:00-05:00,51.92,46.63,3.47,1.82
2025-11-26 07:00:00-05:00,58.23,55.99,-0.0,2.24
2025-11-26 08:00:00-05:00,60.26,57.94,-0.0,2.32
2025-11-26 09:00:00-05:00,62.56,60.33,-0.0,2.23
2025-11-26 10:00:00-05:00,61.24,59.0,-0.0,2.24
2025-11-26 11:00:00-05:00,58.47,56.38,-0.0,2.09
2025-11-26 12:00:00-05:00,57.33,55.34,-0.0,1.99
2025-11-26 13:00:00-05:00,56.53,54.44,0.19,1.9
2025-11-26 14:00:00-05:00,62.16,52.44,7.83,1.89
2025-11-26 15:00:00-05:00,69.53,51.82,15.85,1.86
2025-11-26 16:00:00-05:00,75.19,53.26,19.96,1.97
2025-11-26 17:00:00-05:00,77.29,58.65,16.53,2.11
2025-11-26 18:00:00-05:00,74.33,53.86,18.48,1.99
2025-11-26 19:00:00-05:00,73.2,39.83,31.9,1.47
2025-11-26 20:00:00-05:00,66.43,37.79,27.24,1.4
2025-11-26 21:00:00-05:00,64.33,32.52,30.74,1.07
2025-11-26 22:00:00-05:00,57.81,27.95,28.97,0.89
2025-11-26 23:00:00-05:00,49.3,28.03,20.4,0.87
2025-11-27 00:00:00-05:00,42.61,40.62,-0.0,1.99
2025-11-27 01:00:00-05:00,38.35,36.63,-0.0,1.72
2025-11-27 02:00:00-05:00,36.85,35.16,-0.0,1.69
2025-11-27 03:00:00-05:00,35.92,34.34,-0.0,1.58
2025-11-27 04:00:00-05:00,35.74,34.17,-0.0,1.57
2025-11-27 05:00:00-05:00,36.38,34.71,-0.0,1.67
2025-11-27 06:00:00-05:00,40.01,38.14,-0.0,1.87
2025-11-27 07:00:00-05:00,42.8,40.8,-0.0,2.0
2025-11-27 08:00:00-05:00,42.3,40.4,-0.0,1.9
2025-11-27 09:00:00-05:00,43.0,41.15,-0.0,1.85
2025-11-27 10:00:00-05:00,46.27,44.23,-0.0,2.04
2025-11-27 11:00:00-05:00,47.86,45.67,-0.0,2.19
2025-11-27 12:00:00-05:00,47.86,45.71,-0.0,2.15
2025-11-27 13:00:00-05:00,46.68,44.58,-0.0,2.1
2025-11-27 14:00:00-05:00,45.0,42.94,-0.0,2.06
2025-11-27 15:00:00-05:00,46.42,44.29,-0.0,2.13
2025-11-27 16:00:00-05:00,54.03,51.46,-0.0,2.57
2025-11-27 17:00:00-05:00,57.67,54.98,-0.0,2.69
2025-11-27 18:00:00-05:00,54.85,52.19,-0.0,2.66
2025-11-27 19:00:00-05:00,51.78,49.27,-0.0,2.51
2025-11-27 20:00:00-05:00,47.77,45.45,-0.0,2.32
2025-11-27 21:00:00-05:00,46.75,44.44,-0.0,2.31
2025-11-27 22:00:00-05:00,44.54,42.34,-0.0,2.2
2025-11-27 23:00:00-05:00,45.6,43.35,-0.0,2.25
2025-11-28 00:00:00-05:00,44.8,42.83,-0.0,1.97
2025-11-28 01:00:00-05:00,42.54,40.63,-0.0,1.91
2025-11-28 02:00:00-05:00,41.25,39.44,-0.0,1.81
2025-11-28 03:00:00-05:00,41.19,39.38,-0.0,1.81
2025-11-28 04:00:00-05:00,42.02,40.21,-0.0,1.81
2025-11-28 05:00:00-05:00,44.92,42.86,-0.0,2.06
2025-11-28 06:00:00-05:00,51.23,48.98,-0.0,2.25
2025-11-28 07:00:00-05:00,57.84,55.19,-0.0,2.65
2025-11-28 08:00:00-05:00,53.97,51.45,-0.0,2.52
2025-11-28 09:00:00-05:00,48.7,46.43,-0.0,2.27
2025-11-28 10:00:00-05:00,52.1,49.62,-0.0,2.48
2025-11-28 11:00:00-05:00,51.41,49.01,-0.0,2.4
2025-11-28 12:00:00-05:00,48.93,46.69,-0.0,2.24
2025-11-28 13:00:00-05:00,50.48,48.12,-0.0,2.36
2025-11-28 14:00:00-05:00,51.59,49.09,-0.0,2.5
2025-11-28 15:00:00-05:00,57.83,54.97,-0.0,2.86
2025-11-28 16:00:00-05:00,67.0,58.39,5.58,3.03
2025-11-28 17:00:00-05:00,75.13,71.55,-0.0,3.58
2025-11-28 18:00:00-05:00,73.04,69.43,-0.0,3.61
2025-11-28 19:00:00-05:00,68.83,65.49,-0.0,3.34
2025-11-28 20:00:00-05:00,61.08,58.06,-0.0,3.02
2025-11-28 21:00:00-05:00,56.79,54.04,-0.0,2.75
2025-11-28 22:00:00-05:00,54.74,52.08,-0.0,2.66
2025-11-28 23:00:00-05:00,52.39,49.85,-0.0,2.54
2025-11-29 00:00:00-05:00,50.01,47.72,-0.0,2.29
2025-11-29 01:00:00-05:00,47.06,44.99,-0.0,2.07
2025-11-29 02:00:00-05:00,45.27,43.32,-0.0,1.95
2025-11-29 03:00:00-05:00,45.11,43.17,-0.0,1.94
2025-11-29 04:00:00-05:00,45.5,43.63,-0.0,1.87
2025-11-29 05:00:00-05:00,48.04,46.06,-0.0,1.98
2025-11-29 06:00:00-05:00,57.98,55.59,-0.0,2.39
2025-11-29 07:00:00-05:00,58.69,56.22,-0.0,2.47
2025-11-29 08:00:00-05:00,52.02,50.12,-0.0,1.9
2025-11-29 09:00:00-05:00,43.97,42.57,-0.0,1.4
2025-11-29 10:00:00-05:00,44.44,43.02,-0.0,1.42
2025-11-29 11:00:00-05:00,44.21,42.92,-0.0,1.29
2025-11-29 12:00:00-05:00,44.28,43.03,-0.0,1.25
2025-11-29 13:00:00-05:00,45.54,44.21,-0.0,1.33
2025-11-29 14:00:00-05:00,50.22,48.62,-0.0,1.6
2025-11-29 15:00:00-05:00,58.68,56.7,-0.0,1.98
2025-11-29 16:00:00-05:00,75.19,72.44,-0.0,2.75
2025-11-29 17:00:00-05:00,85.86,82.72,-0.0,3.14
2025-11-29 18:00:00-05:00,84.97,81.78,-0.0,3.19
2025-11-29 19:00:00-05:00,75.69,72.92,-0.0,2.77
2025-11-29 20:00:00-05:00,69.16,66.57,-0.0,2.59
2025-11-29 21:00:00-05:00,61.83,59.34,-0.0,2.49
2025-11-29 22:00:00-05:00,57.63,55.41,-0.0,2.22
2025-11-29 23:00:00-05:00,58.3,55.95,-0.0,2.35
2025-11-30 00:00:00-05:00,53.31,51.07,-0.0,2.24
2025-11-30 01:00:00-05:00,49.74,47.65,-0.0,2.09
2025-11-30 02:00:00-05:00,46.02,44.04,-0.0,1.98
2025-11-30 03:00:00-05:00,43.08,41.27,-0.0,1.81
2025-11-30 04:00:00-05:00,42.75,40.87,-0.0,1.88
2025-11-30 05:00:00-05:00,40.94,39.14,-0.0,1.8
2025-11-30 06:00:00-05:00,42.18,40.4,-0.0,1.78
2025-11-30 07:00:00-05:00,44.1,42.16,-0.0,1.94
2025-11-30 08:00:00-05:00,43.38,41.32,-0.0,2.06
2025-11-30 09:00:00-05:00,48.16,45.65,-0.0,2.51
2025-11-30 10:00:00-05:00,52.15,49.29,-0.0,2.86
2025-11-30 11:00:00-05:00,54.87,51.91,-0.0,2.96
2025-11-30 12:00:00-05:00,59.11,55.98,-0.0,3.13
2025-11-30 13:00:00-05:00,61.96,58.73,-0.0,3.23
2025-11-30 14:00:00-05:00,58.68,55.68,-0.0,3.0
2025-11-30 15:00:00-05:00,56.89,53.87,-0.0,3.02
2025-11-30 16:00:00-05:00,65.37,61.85,-0.0,3.52
2025-11-30 17:00:00-05:00,72.57,68.92,-0.0,3.65
2025-11-30 18:00:00-05:00,72.86,69.2,-0.0,3.66
2025-11-30 19:00:00-05:00,64.12,60.84,-0.0,3.28
2025-11-30 20:00:00-05:00,53.94,51.32,-0.0,2.62
2025-11-30 21:00:00-05:00,49.02,46.69,-0.0,2.33
2025-11-30 22:00:00-05:00,45.59,43.46,-0.0,2.13
2025-11-30 23:00:00-05:00,44.57,42.41,-0.0,2.16
2025-12-01 00:00:00-05:00,50.35,48.32,-0.0,2.03
2025-12-01 01:00:00-05:00,47.08,45.27,-0.0,1.81
2025-12-01 02:00:00-05:00,45.39,43.69,-0.0,1.7
2025-12-01 03:00:00-05:00,47.42,45.59,-0.0,1.83
2025-12-01 04:00:00-05:00,51.61,49.67,-0.0,1.94
2025-12-01 05:00:00-05:00,54.94,52.73,-0.0,2.21
2025-12-01 06:00:00-05:00,76.02,73.45,-0.0,2.57
2025-12-01 07:00:00-05:00,87.25,84.38,-0.0,2.87
2025-12-01 08:00:00-05:00,83.96,82.4,-0.0,1.56
2025-12-01 09:00:00-05:00,68.32,67.64,-0.0,0.68
2025-12-01 10:00:00-05:00,65.65,65.19,-0.0,0.46
2025-12-01 11:00:00-05:00,60.79,60.61,-0.0,0.18
2025-12-01 12:00:00-05:00,60.85,60.79,-0.0,0.06
2025-12-01 13:00:00-05:00,65.65,65.58,-0.0,0.07
2025-12-01 14:00:00-05:00,70.23,70.09,-0.0,0.14
2025-12-01 15:00:00-05:00,77.59,75.92,-0.0,1.67
2025-12-01 16:00:00-05:00,100.45,97.72,-0.0,2.73
2025-12-01 17:00:00-05:00,139.96,135.75,-0.0,4.21
2025-12-01 18:00:00-05:00,120.25,116.63,-0.0,3.62
2025-12-01 19:00:00-05:00,108.54,105.38,-0.0,3.16
2025-12-01 20:00:00-05:00,90.99,88.42,-0.0,2.57
2025-12-01 21:00:00-05:00,81.31,79.25,-0.0,2.06
2025-12-01 22:00:00-05:00,73.75,71.81,-0.0,1.94
2025-12-01 23:00:00-05:00,68.41,66.42,-0.0,1.99
2025-12-02 00:00:00-05:00,74.73,72.62,-0.0,2.11
2025-12-02 01:00:00-05:00,70.55,68.5,-0.0,2.05
2025-12-02 02:00:00-05:00,68.31,66.32,-0.0,1.99
2025-12-02 03:00:00-05:00,67.91,65.87,-0.0,2.04
2025-12-02 04:00:00-05:00,66.97,64.89,-0.0,2.08
2025-12-02 05:00:00-05:00,71.42,69.14,-0.0,2.28
2025-12-02 06:00:00-05:00,92.96,89.82,-0.0,3.14
2025-12-02 07:00:00-05:00,103.99,100.86,-0.0,3.13
2025-12-02 08:00:00-05:00,103.35,99.66,-0.0,3.69
2025-12-02 09:00:00-05:00,118.55,114.54,-0.0,4.01
2025-12-02 10:00:00-05:00,119.5,115.57,-0.0,3.93
2025-12-02 11:00:00-05:00,119.99,116.04,-0.0,3.95
2025-12-02 12:00:00-05:00,116.7,113.41,-0.0,3.29
2025-12-02 13:00:00-05:00,112.19,109.03,-0.0,3.16
2025-12-02 14:00:00-05:00,110.76,107.75,-0.0,3.01
2025-12-02 15:00:00-05:00,106.24,102.74,-0.0,3.5
2025-12-02 16:00:00-05:00,120.77,117.03,-0.0,3.74
2025-12-02 17:00:00-05:00,150.16,145.37,-0.0,4.79
2025-12-02 18:00:00-05:00,128.86,124.87,-0.0,3.99
2025-12-02 19:00:00-05:00,116.61,113.1,-0.0,3.51
2025-12-02 20:00:00-05:00,104.19,100.96,-0.0,3.23
2025-12-02 21:00:00-05:00,93.71,91.16,-0.0,2.55
2025-12-02 22:00:00-05:00,89.63,87.27,-0.0,2.36
2025-12-02 23:00:00-05:00,81.35,79.52,-0.0,1.83
2025-12-03 00:00:00-05:00,90.52,86.87,-0.0,3.65
2025-12-03 01:00:00-05:00,86.63,83.14,-0.0,3.49
2025-12-03 02:00:00-05:00,88.01,84.54,-0.0,3.47
2025-12-03 03:00:00-05:00,88.23,84.59,-0.0,3.64
2025-12-03 04:00:00-05:00,88.5,84.85,-0.0,3.65
2025-12-03 05:00:00-05:00,87.32,83.72,-0.0,3.6
2025-12-03 06:00:00-05:00,122.58,116.86,-0.0,5.72
2025-12-03 07:00:00-05:00,138.52,132.3,-0.0,6.22
2025-12-03 08:00:00-05:00,130.34,124.37,-0.0,5.97
2025-12-03 09:00:00-05:00,109.18,104.47,-0.0,4.71
2025-12-03 10:00:00-05:00,95.87,91.83,-0.0,4.04
2025-12-03 11:00:00-05:00,93.39,89.46,-0.0,3.93
2025-12-03 12:00:00-05:00,94.09,90.47,-0.0,3.62
2025-12-03 13:00:00-05:00,91.05,87.54,-0.0,3.51
2025-12-03 14:00:00-05:00,92.02,88.65,-0.0,3.37
2025-12-03 15:00:00-05:00,107.47,102.95,-0.0,4.52
2025-12-03 16:00:00-05:00,130.24,124.63,-0.0,5.61
2025-12-03 17:00:00-05:00,151.3,144.64,-0.0,6.66
2025-12-03 18:00:00-05:00,132.2,126.26,-0.0,5.94
2025-12-03 19:00:00-05:00,123.53,117.76,-0.0,5.77
2025-12-03 20:00:00-05:00,103.76,98.91,-0.0,4.85
2025-12-03 21:00:00-05:00,97.22,92.85,-0.0,4.37
2025-12-03 22:00:00-05:00,91.19,87.1,-0.0,4.09
2025-12-03 23:00:00-05:00,83.69,80.01,-0.0,3.68
2025-12-04 00:00:00-05:00,93.49,75.72,14.06,3.71
2025-12-04 01:00:00-05:00,81.45,70.58,7.27,3.6
2025-12-04 02:00:00-05:00,78.38,70.63,4.43,3.32
2025-12-04 03:00:00-05:00,74.96,71.53,-0.0,3.43
2025-12-04 04:00:00-05:00,74.36,71.02,-0.0,3.34
2025-12-04 05:00:00-05:00,77.05,71.32,2.09,3.64
2025-12-04 06:00:00-05:00,97.81,93.15,-0.0,4.66
2025-12-04 07:00:00-05:00,128.66,122.65,-0.0,6.01
2025-12-04 08:00:00-05:00,124.1,118.64,-0.0,5.46
2025-12-04 09:00:00-05:00,117.84,112.76,-0.0,5.08
2025-12-04 10:00:00-05:00,116.67,111.54,-0.0,5.13
2025-12-04 11:00:00-05:00,107.61,102.97,-0.0,4.64
2025-12-04 12:00:00-05:00,105.38,100.94,-0.0,4.44
2025-12-04 13:00:00-05:00,111.28,100.96,5.98,4.34
2025-12-04 14:00:00-05:00,107.77,103.33,-0.0,4.44
2025-12-04 15:00:00-05:00,127.05,121.46,-0.0,5.59
2025-12-04 16:00:00-05:00,163.2,155.58,-0.0,7.62
2025-12-04 17:00:00-05:00,182.92,174.87,-0.0,8.05
2025-12-04 18:00:00-05:00,176.55,168.31,-0.0,8.24
2025-12-04 19:00:00-05:00,164.8,157.1,-0.0,7.7
2025-12-04 20:00:00-05:00,160.49,153.0,-0.0,7.49
2025-12-04 21:00:00-05:00,144.16,137.56,-0.0,6.6
2025-12-04 22:00:00-05:00,140.18,133.89,-0.0,6.29
2025-12-04 23:00:00-05:00,130.22,124.37,-0.0,5.85
2025-12-05 00:00:00-05:00,177.33,168.41,-0.0,8.92
2025-12-05 01:00:00-05:00,150.98,143.66,-0.0,7.32
2025-12-05 02:00:00-05:00,134.11,127.97,-0.0,6.14
2025-12-05 03:00:00-05:00,131.19,125.06,-0.0,6.13
2025-12-05 04:00:00-05:00,129.79,123.85,-0.0,5.94
2025-12-05 05:00:00-05:00,140.08,133.03,-0.0,7.05
2025-12-05 06:00:00-05:00,176.5,167.24,0.07,9.19
2025-12-05 07:00:00-05:00,215.2,204.38,-0.0,10.82
2025-12-05 08:00:00-05:00,189.99,180.6,-0.0,9.39
2025-12-05 09:00:00-05:00,180.39,161.96,10.17,8.26
2025-12-05 10:00:00-05:00,151.71,135.08,9.74,6.89
2025-12-05 11:00:00-05:00,149.15,124.29,18.77,6.09
2025-12-05 12:00:00-05:00,140.43,116.58,18.37,5.48
2025-12-05 13:00:00-05:00,135.01,113.25,16.44,5.32
2025-12-05 14:00:00-05:00,150.92,126.64,18.08,6.2
2025-12-05 15:00:00-05:00,185.16,156.4,20.63,8.13
2025-12-05 16:00:00-05:00,195.85,185.65,0.37,9.83
2025-12-05 17:00:00-05:00,233.93,221.95,-0.0,11.98
2025-12-05 18:00:00-05:00,206.87,196.09,-0.0,10.78
2025-12-05 19:00:00-05:00,188.02,178.22,-0.0,9.8
2025-12-05 20:00:00-05:00,172.11,162.11,1.09,8.91
2025-12-05 21:00:00-05:00,165.91,132.75,26.13,7.03
2025-12-05 22:00:00-05:00,147.85,140.28,-0.0,7.57
2025-12-05 23:00:00-05:00,140.81,133.6,-0.0,7.21
2025-12-06 00:00:00-05:00,149.16,124.4,17.8,6.96
2025-12-06 01:00:00-05:00,121.42,113.75,1.3,6.37
2025-12-06 02:00:00-05:00,112.62,106.75,-0.0,5.87
2025-12-06 03:00:00-05:00,103.94,98.52,-0.0,5.42
2025-12-06 04:00:00-05:00,109.48,103.68,-0.0,5.8
2025-12-06 05:00:00-05:00,136.3,102.2,28.38,5.72
2025-12-06 06:00:00-05:00,185.47,111.22,67.91,6.34
2025-12-06 07:00:00-05:00,192.52,117.89,67.91,6.72
2025-12-06 08:00:00-05:00,155.59,132.04,16.03,7.52
2025-12-06 09:00:00-05:00,137.07,129.81,-0.0,7.26
2025-12-06 10:00:00-05:00,128.6,122.02,-0.0,6.58
2025-12-06 11:00:00-05:00,126.22,119.87,-0.0,6.35
2025-12-06 12:00:00-05:00,122.24,116.09,-0.0,6.15
2025-12-06 13:00:00-05:00,118.86,112.77,-0.0,6.09
2025-12-06 14:00:00-05:00,115.7,110.09,-0.0,5.61
2025-12-06 15:00:00-05:00,123.34,117.25,-0.0,6.09
2025-12-06 16:00:00-05:00,154.44,143.09,3.2,8.15
2025-12-06 17:00:00-05:00,162.31,153.0,0.44,8.87
2025-12-06 18:00:00-05:00,167.15,149.06,9.45,8.64
2025-12-06 19:00:00-05:00,161.22,137.65,15.73,7.84
2025-12-06 20:00:00-05:00,140.14,132.59,-0.0,7.55
2025-12-06 21:00:00-05:00,127.29,120.66,-0.0,6.63
2025-12-06 22:00:00-05:00,125.72,119.28,-0.0,6.44
2025-12-06 23:00:00-05:00,119.41,113.51,-0.0,5.9
2025-12-07 00:00:00-05:00,128.49,122.14,-0.0,6.35
2025-12-07 01:00:00-05:00,121.17,115.29,-0.0,5.88
2025-12-07 02:00:00-05:00,116.2,110.56,-0.0,5.64
2025-12-07 03:00:00-05:00,114.6,109.25,-0.0,5.35
2025-12-07 04:00:00-05:00,120.63,114.89,-0.0,5.74
2025-12-07 05:00:00-05:00,118.26,112.52,-0.0,5.74
2025-12-07 06:00:00-05:00,120.66,115.13,-0.0,5.53
2025-12-07 07:00:00-05:00,125.76,120.11,-0.0,5.65
2025-12-07 08:00:00-05:00,125.77,120.35,-0.0,5.42
2025-12-07 09:00:00-05:00,127.0,121.53,-0.0,5.47
2025-12-07 10:00:00-05:00,129.2,123.4,-0.0,5.8
2025-12-07 11:00:00-05:00,130.46,124.6,-0.0,5.86
2025-12-07 12:00:00-05:00,137.26,130.73,-0.0,6.53
2025-12-07 13:00:00-05:00,139.51,132.87,-0.0,6.64
2025-12-07 14:00:00-05:00,139.64,133.24,-0.0,6.4
2025-12-07 15:00:00-05:00,143.81,136.71,-0.0,7.1
2025-12-07 16:00:00-05:00,164.14,155.88,-0.0,8.26
2025-12-07 17:00:00-05:00,185.98,176.63,-0.0,9.35
2025-12-07 18:00:00-05:00,173.74,164.84,-0.0,8.9
2025-12-07 19:00:00-05:00,156.93,148.61,-0.0,8.32
2025-12-07 20:00:00-05:00,145.48,137.9,-0.0,7.58
2025-12-07 21:00:00-05:00,133.45,126.62,-0.0,6.83
2025-12-07 22:00:00-05:00,132.42,125.76,-0.0,6.66
2025-12-07 23:00:00-05:00,127.0,120.73,-0.0,6.27
2025-12-08 00:00:00-05:00,120.04,114.76,-0.0,5.28
2025-12-08 01:00:00-05:00,120.99,115.9,-0.0,5.09
2025-12-08 02:00:00-05:00,119.44,114.29,-0.0,5.15
2025-12-08 03:00:00-05:00,121.57,116.22,-0.0,5.35
2025-12-08 04:00:00-05:00,121.75,116.39,-0.0,5.36
2025-12-08 05:00:00-05:00,122.74,116.68,-0.0,6.06
2025-12-08 06:00:00-05:00,149.87,142.0,0.07,7.8
2025-12-08 07:00:00-05:00,179.49,165.28,5.29,8.92
2025-12-08 08:00:00-05:00,161.86,155.05,-0.0,6.81
2025-12-08 09:00:00-05:00,147.66,142.39,-0.0,5.27
2025-12-08 10:00:00-05:00,150.8,144.99,-0.0,5.81
2025-12-08 11:00:00-05:00,144.25,138.97,-0.0,5.28
2025-12-08 12:00:00-05:00,137.95,132.9,-0.0,5.05
2025-12-08 13:00:00-05:00,138.97,134.01,-0.0,4.96
2025-12-08 14:00:00-05:00,147.99,142.57,-0.0,5.42
2025-12-08 15:00:00-05:00,172.36,165.41,-0.0,6.95
2025-12-08 16:00:00-05:00,204.97,195.4,-0.0,9.57
2025-12-08 17:00:00-05:00,250.95,238.55,-0.0,12.4
2025-12-08 18:00:00-05:00,245.0,233.34,-0.0,11.66
2025-12-08 19:00:00-05:00,207.15,196.92,-0.0,10.23
2025-12-08 20:00:00-05:00,195.0,185.37,-0.0,9.63
2025-12-08 21:00:00-05:00,184.56,175.28,-0.0,9.28
2025-12-08 22:00:00-05:00,171.3,162.99,-0.0,8.31
2025-12-08 23:00:00-05:00,164.33,156.66,-0.0,7.67
2025-12-09 00:00:00-05:00,155.9,148.62,-0.0,7.28
2025-12-09 01:00:00-05:00,142.06,135.43,-0.0,6.63
2025-12-09 02:00:00-05:00,137.66,131.36,-0.0,6.3
2025-12-09 03:00:00-05:00,139.28,132.65,-0.0,6.63
2025-12-09 04:00:00-05:00,137.96,131.64,-0.0,6.32
2025-12-09 05:00:00-05:00,149.5,137.94,4.12,7.44
2025-12-09 06:00:00-05:00,211.99,164.78,38.32,8.89
2025-12-09 07:00:00-05:00,237.57,208.32,18.22,11.03
2025-12-09 08:00:00-05:00,203.23,190.21,3.51,9.51
2025-12-09 09:00:00-05:00,171.49,163.17,-0.0,8.32
2025-12-09 10:00:00-05:00,162.39,154.37,-0.0,8.02
2025-12-09 11:00:00-05:00,150.33,142.15,0.79,7.39
2025-12-09 12:00:00-05:00,149.0,137.91,3.92,7.17
2025-12-09 13:00:00-05:00,153.89,130.12,17.14,6.63
2025-12-09 14:00:00-05:00,146.22,137.13,2.1,6.99
2025-12-09 15:00:00-05:00,158.3,139.18,11.75,7.37
2025-12-09 16:00:00-05:00,225.0,154.58,61.92,8.5
2025-12-09 17:00:00-05:00,261.09,181.28,70.03,9.78
2025-12-09 18:00:00-05:00,268.0,162.19,96.73,9.08
2025-12-09 19:00:00-05:00,229.4,143.57,77.94,7.89
2025-12-09 20:00:00-05:00,213.82,138.06,68.03,7.73
2025-12-09 21:00:00-05:00,155.14,126.16,22.05,6.93
2025-12-09 22:00:00-05:00,135.32,128.19,0.21,6.92
2025-12-09 23:00:00-05:00,124.41,118.04,-0.0,6.37
2025-12-10 00:00:00-05:00,122.64,116.36,-0.0,6.28
2025-12-10 01:00:00-05:00,116.59,110.94,-0.0,5.65
2025-12-10 02:00:00-05:00,115.14,109.56,-0.0,5.58
2025-12-10 03:00:00-05:00,108.94,103.66,-0.0,5.28
2025-12-10 04:00:00-05:00,108.63,103.26,-0.0,5.37
2025-12-10 05:00:00-05:00,112.81,107.14,-0.0,5.67
2025-12-10 06:00:00-05:00,138.51,118.65,13.69,6.17
2025-12-10 07:00:00-05:00,261.51,149.51,103.93,8.07
2025-12-10 08:00:00-05:00,275.01,142.61,124.56,7.84
2025-12-10 09:00:00-05:00,225.25,147.63,69.51,8.11
2025-12-10 10:00:00-05:00,215.53,127.68,80.83,7.02
2025-12-10 11:00:00-05:00,211.0,130.44,73.39,7.17
2025-12-10 12:00:00-05:00,202.29,122.3,73.39,6.6
2025-12-10 13:00:00-05:00,228.93,114.98,107.63,6.32
2025-12-10 14:00:00-05:00,123.13,116.76,0.07,6.3
2025-12-10 15:00:00-05:00,123.33,117.13,-0.0,6.2
2025-12-10 16:00:00-05:00,154.02,128.54,18.42,7.06
2025-12-10 17:00:00-05:00,158.87,145.12,5.77,7.98
2025-12-10 18:00:00-05:00,134.14,126.96,0.07,7.11
2025-12-10 19:00:00-05:00,126.63,120.03,-0.0,6.6
2025-12-10 20:00:00-05:00,119.01,112.92,-0.0,6.09
2025-12-10 21:00:00-05:00,107.91,101.67,0.85,5.39
2025-12-10 22:00:00-05:00,101.52,96.32,-0.0,5.2
2025-12-10 23:00:00-05:00,98.04,93.2,-0.0,4.84
2025-12-11 00:00:00-05:00,88.07,84.04,-0.0,4.03
2025-12-11 01:00:00-05:00,85.16,81.18,-0.0,3.98
2025-12-11 02:00:00-05:00,82.21,78.44,-0.0,3.77
2025-12-11 03:00:00-05:00,82.25,78.48,-0.0,3.77
2025-12-11 04:00:00-05:00,86.31,82.2,-0.0,4.11
2025-12-11 05:00:00-05:00,86.04,82.02,-0.0,4.02
2025-12-11 06:00:00-05:00,112.47,106.71,-0.0,5.76
2025-12-11 07:00:00-05:00,126.13,119.9,-0.0,6.23
2025-12-11 08:00:00-05:00,124.02,117.89,-0.0,6.13
2025-12-11 09:00:00-05:00,118.68,113.24,-0.0,5.44
2025-12-11 10:00:00-05:00,123.08,117.33,-0.0,5.75
2025-12-11 11:00:00-05:00,118.55,113.12,-0.0,5.43
2025-12-11 12:00:00-05:00,117.0,111.64,-0.0,5.36
2025-12-11 13:00:00-05:00,115.89,110.37,-0.0,5.52
2025-12-11 14:00:00-05:00,120.31,114.37,-0.0,5.94
2025-12-11 15:00:00-05:00,127.85,121.65,-0.0,6.2
2025-12-11 16:00:00-05:00,169.83,155.71,5.25,8.87
2025-12-11 17:00:00-05:00,191.44,181.12,-0.0,10.32
2025-12-11 18:00:00-05:00,179.88,170.35,-0.0,9.53
2025-12-11 19:00:00-05:00,166.56,157.58,-0.0,8.98
2025-12-11 20:00:00-05:00,153.63,143.75,1.69,8.19
2025-12-11 21:00:00-05:00,135.91,128.46,-0.0,7.45
2025-12-11 22:00:00-05:00,137.27,116.15,14.5,6.62
2025-12-11 23:00:00-05:00,118.04,111.57,-0.0,6.47
2025-12-12 00:00:00-05:00,112.67,107.61,-0.0,5.06
2025-12-12 01:00:00-05:00,108.95,103.96,-0.0,4.99
2025-12-12 02:00:00-05:00,104.19,99.42,-0.0,4.77
2025-12-12 03:00:00-05:00,107.02,102.02,-0.0,5.0
2025-12-12 04:00:00-05:00,106.46,101.58,-0.0,4.88
2025-12-12 05:00:00-05:00,103.8,99.05,-0.0,4.75
2025-12-12 06:00:00-05:00,133.03,126.58,-0.0,6.45
2025-12-12 07:00:00-05:00,180.25,171.83,-0.0,8.42
2025-12-12 08:00:00-05:00,167.29,159.93,-0.0,7.36
2025-12-12 09:00:00-05:00,138.6,132.63,-0.0,5.97
2025-12-12 10:00:00-05:00,127.78,122.27,-0.0,5.51
2025-12-12 11:00:00-05:00,125.78,120.71,-0.0,5.07
2025-12-12 12:00:00-05:00,120.57,115.6,-0.0,4.97
2025-12-12 13:00:00-05:00,125.05,119.9,-0.0,5.15
2025-12-12 14:00:00-05:00,126.25,121.16,-0.0,5.09
2025-12-12 15:00:00-05:00,142.03,136.31,-0.0,5.72
2025-12-12 16:00:00-05:00,161.76,153.77,-0.0,7.99
2025-12-12 17:00:00-05:00,175.11,166.3,-0.0,8.81
2025-12-12 18:00:00-05:00,165.02,156.72,-0.0,8.3
2025-12-12 19:00:00-05:00,164.59,156.46,-0.0,8.13
2025-12-12 20:00:00-05:00,156.77,149.87,-0.0,6.9
2025-12-12 21:00:00-05:00,138.15,132.46,-0.0,5.69
2025-12-12 22:00:00-05:00,140.57,134.51,-0.0,6.06
2025-12-12 23:00:00-05:00,134.46,128.8,-0.0,5.66
2025-12-13 00:00:00-05:00,115.21,109.83,-0.0,5.38
2025-12-13 01:00:00-05:00,111.39,106.19,-0.0,5.2
2025-12-13 02:00:00-05:00,97.79,93.31,-0.0,4.48
2025-12-13 03:00:00-05:00,96.02,91.8,-0.0,4.22
2025-12-13 04:00:00-05:00,95.06,90.45,-0.0,4.61
2025-12-13 05:00:00-05:00,96.32,91.56,-0.0,4.76
2025-12-13 06:00:00-05:00,101.92,96.89,-0.0,5.03
2025-12-13 07:00:00-05:00,105.18,100.08,-0.0,5.1
2025-12-13 08:00:00-05:00,107.39,102.18,-0.0,5.21
2025-12-13 09:00:00-05:00,109.15,103.66,-0.0,5.49
2025-12-13 10:00:00-05:00,119.15,113.26,-0.0,5.89
2025-12-13 11:00:00-05:00,114.78,109.01,-0.0,5.77
2025-12-13 12:00:00-05:00,112.27,106.52,-0.0,5.75
2025-12-13 13:00:00-05:00,115.71,109.79,-0.0,5.92
2025-12-13 14:00:00-05:00,110.64,105.27,-0.0,5.37
2025-12-13 15:00:00-05:00,113.38,107.88,-0.0,5.5
2025-12-13 16:00:00-05:00,130.83,124.01,-0.0,6.82
2025-12-13 17:00:00-05:00,144.18,136.93,-0.0,7.25
2025-12-13 18:00:00-05:00,134.07,127.33,-0.0,6.74
2025-12-13 19:00:00-05:00,126.79,120.64,-0.0,6.15
2025-12-13 20:00:00-05:00,127.15,121.21,-0.0,5.94
2025-12-13 21:00:00-05:00,122.83,117.09,-0.0,5.74
2025-12-13 22:00:00-05:00,119.93,114.44,-0.0,5.49
2025-12-13 23:00:00-05:00,117.09,111.62,-0.0,5.47
2025-12-14 00:00:00-05:00,122.19,116.37,-0.0,5.82
2025-12-14 01:00:00-05:00,118.29,112.98,-0.0,5.31
2025-12-14 02:00:00-05:00,113.01,107.94,-0.0,5.07
2025-12-14 03:00:00-05:00,106.51,101.82,-0.0,4.69
2025-12-14 04:00:00-05:00,109.46,104.74,-0.0,4.72
2025-12-14 05:00:00-05:00,112.74,107.78,-0.0,4.96
2025-12-14 06:00:00-05:00,112.12,107.19,-0.0,4.93
2025-12-14 07:00:00-05:00,118.15,112.95,-0.0,5.2
2025-12-14 08:00:00-05:00,120.97,115.65,-0.0,5.32
2025-12-14 09:00:00-05:00,121.83,116.81,-0.0,5.02
2025-12-14 10:00:00-05:00,136.17,130.56,-0.0,5.61
2025-12-14 11:00:00-05:00,135.36,129.9,-0.0,5.46
2025-12-14 12:00:00-05:00,132.07,126.75,-0.0,5.32
2025-12-14 13:00:00-05:00,136.42,130.8,-0.0,5.62
2025-12-14 14:00:00-05:00,140.69,134.89,-0.0,5.8
2025-12-14 15:00:00-05:00,152.49,145.51,-0.0,6.98
2025-12-14 16:00:00-05:00,168.89,159.79,0.64,8.46
2025-12-14 17:00:00-05:00,202.47,186.79,5.41,10.27
2025-12-14 18:00:00-05:00,191.89,177.23,4.92,9.74
2025-12-14 19:00:00-05:00,176.3,165.11,2.44,8.75
2025-12-14 20:00:00-05:00,165.35,156.31,0.76,8.28
2025-12-14 21:00:00-05:00,150.8,143.35,-0.0,7.45
2025-12-14 22:00:00-05:00,151.43,143.68,-0.0,7.75
2025-12-14 23:00:00-05:00,142.54,135.5,-0.0,7.04
2025-12-15 00:00:00-05:00,140.81,133.6,-0.0,7.21
2025-12-15 01:00:00-05:00,134.88,128.22,-0.0,6.66
2025-12-15 02:00:00-05:00,132.47,125.93,-0.0,6.54
2025-12-15 03:00:00-05:00,132.85,126.17,-0.0,6.68
2025-12-15 04:00:00-05:00,132.2,125.67,-0.0,6.53
2025-12-15 05:00:00-05:00,140.42,133.36,-0.0,7.06
2025-12-15 06:00:00-05:00,222.0,153.0,60.44,8.56
2025-12-15 07:00:00-05:00,221.79,198.4,12.68,10.71
2025-12-15 08:00:00-05:00,180.52,171.6,-0.0,8.92
2025-12-15 09:00:00-05:00,159.33,151.75,-0.0,7.58
2025-12-15 10:00:00-05:00,158.29,151.18,-0.0,7.11
2025-12-15 11:00:00-05:00,151.67,144.86,-0.0,6.81
2025-12-15 12:00:00-05:00,148.96,142.14,-0.0,6.82
2025-12-15 13:00:00-05:00,150.16,143.01,-0.0,7.15
2025-12-15 14:00:00-05:00,152.98,145.97,-0.0,7.01
2025-12-15 15:00:00-05:00,159.76,152.44,-0.0,7.32
2025-12-15 16:00:00-05:00,187.83,178.89,-0.0,8.94
2025-12-15 17:00:00-05:00,217.34,207.78,-0.0,9.56
2025-12-15 18:00:00-05:00,197.44,188.4,-0.0,9.04
2025-12-15 19:00:00-05:00,188.36,179.56,-0.0,8.8
2025-12-15 20:00:00-05:00,162.83,154.49,-0.0,8.34
2025-12-15 21:00:00-05:00,152.95,145.67,-0.0,7.28
2025-12-15 22:00:00-05:00,153.23,145.8,-0.0,7.43
2025-12-15 23:00:00-05:00,145.07,138.16,-0.0,6.91
2025-12-16 00:00:00-05:00,137.81,130.88,-0.0,6.93
2025-12-16 01:00:00-05:00,131.83,125.44,-0.0,6.39
2025-12-16 02:00:00-05:00,129.63,123.34,-0.0,6.29
2025-12-16 03:00:00-05:00,130.3,123.86,-0.0,6.44
2025-12-16 04:00:00-05:00,130.41,124.2,-0.0,6.21
2025-12-16 05:00:00-05:00,132.8,126.12,-0.0,6.68
2025-12-16 06:00:00-05:00,206.84,140.03,59.53,7.28
2025-12-16 07:00:00-05:00,205.15,195.2,-0.0,9.95
2025-12-16 08:00:00-05:00,175.46,167.9,-0.0,7.56
2025-12-16 09:00:00-05:00,151.88,145.49,-0.0,6.39
2025-12-16 10:00:00-05:00,130.31,125.42,-0.0,4.89
2025-12-16 11:00:00-05:00,123.53,118.77,-0.0,4.76
2025-12-16 12:00:00-05:00,122.44,117.4,-0.0,5.04
2025-12-16 13:00:00-05:00,121.66,116.65,-0.0,5.01
2025-12-16 14:00:00-05:00,124.53,119.74,-0.0,4.79
2025-12-16 15:00:00-05:00,130.5,125.12,-0.0,5.38
2025-12-16 16:00:00-05:00,165.45,158.17,-0.0,7.28
2025-12-16 17:00:00-05:00,183.06,175.01,-0.0,8.05
2025-12-16 18:00:00-05:00,166.31,142.16,17.19,6.96
2025-12-16 19:00:00-05:00,158.86,125.09,27.64,6.13
2025-12-16 20:00:00-05:00,159.72,110.21,44.22,5.29
2025-12-16 21:00:00-05:00,147.11,91.01,51.91,4.19
2025-12-16 22:00:00-05:00,137.21,92.38,40.4,4.43
2025-12-16 23:00:00-05:00,140.68,93.22,42.99,4.47
2025-12-17 00:00:00-05:00,103.18,86.95,11.63,4.6
2025-12-17 01:00:00-05:00,91.83,87.29,-0.0,4.54
2025-12-17 02:00:00-05:00,84.79,77.31,3.54,3.94
2025-12-17 03:00:00-05:00,89.05,77.5,7.37,4.18
2025-12-17 04:00:00-05:00,86.64,82.28,-0.0,4.36
2025-12-17 05:00:00-05:00,98.22,70.22,24.21,3.79
2025-12-17 06:00:00-05:00,126.09,92.61,28.39,5.09
2025-12-17 07:00:00-05:00,131.01,82.94,43.76,4.31
2025-12-17 08:00:00-05:00,124.04,88.83,30.77,4.44
2025-12-17 09:00:00-05:00,120.61,94.04,22.15,4.42
2025-12-17 10:00:00-05:00,88.61,84.31,-0.0,4.3
2025-12-17 11:00:00-05:00,86.86,82.73,-0.0,4.13
2025-12-17 12:00:00-05:00,83.42,79.67,-0.0,3.75
2025-12-17 13:00:00-05:00,82.32,78.55,-0.0,3.77
2025-12-17 14:00:00-05:00,82.86,79.29,-0.0,3.57
2025-12-17 15:00:00-05:00,97.4,93.11,-0.0,4.29
2025-12-17 16:00:00-05:00,108.19,103.43,-0.0,4.76
2025-12-17 17:00:00-05:00,127.19,121.59,-0.0,5.6
2025-12-17 18:00:00-05:00,121.69,116.12,-0.0,5.57
2025-12-17 19:00:00-05:00,116.5,111.16,-0.0,5.34
2025-12-17 20:00:00-05:00,114.98,109.71,-0.0,5.27
2025-12-17 21:00:00-05:00,94.72,90.13,-0.0,4.59
2025-12-17 22:00:00-05:00,98.83,94.21,-0.0,4.62
2025-12-17 23:00:00-05:00,83.55,79.87,-0.0,3.68
2025-12-18 00:00:00-05:00,68.32,65.76,-0.0,2.56
2025-12-18 01:00:00-05:00,64.31,61.96,-0.0,2.35
2025-12-18 02:00:00-05:00,59.17,57.06,-0.0,2.11
2025-12-18 03:00:00-05:00,59.73,57.49,-0.0,2.24
2025-12-18 04:00:00-05:00,58.75,56.49,-0.0,2.26
2025-12-18 05:00:00-05:00,60.87,58.25,-0.0,2.62
2025-12-18 06:00:00-05:00,65.7,62.93,-0.0,2.77
2025-12-18 07:00:00-05:00,75.65,72.74,-0.0,2.91
2025-12-18 08:00:00-05:00,66.75,64.25,-0.0,2.5
2025-12-18 09:00:00-05:00,59.79,57.99,-0.0,1.8
2025-12-18 10:00:00-05:00,58.25,56.5,-0.0,1.75
2025-12-18 11:00:00-05:00,54.62,53.08,-0.0,1.54
2025-12-18 12:00:00-05:00,51.63,50.23,-0.0,1.4
2025-12-18 13:00:00-05:00,52.38,50.9,-0.0,1.48
2025-12-18 14:00:00-05:00,56.04,54.3,-0.0,1.74
2025-12-18 15:00:00-05:00,61.69,59.55,-0.0,2.14
2025-12-18 16:00:00-05:00,69.26,66.59,-0.0,2.67
2025-12-18 17:00:00-05:00,74.7,71.97,-0.0,2.73
2025-12-18 18:00:00-05:00,71.74,68.91,-0.0,2.83
2025-12-18 19:00:00-05:00,65.31,62.68,-0.0,2.63
2025-12-18 20:00:00-05:00,62.75,60.22,-0.0,2.53
2025-12-18 21:00:00-05:00,58.44,56.08,-0.0,2.36
2025-12-18 22:00:00-05:00,52.33,50.22,-0.0,2.11
2025-12-18 23:00:00-05:00,47.46,45.29,-0.0,2.17
2025-12-19 00:00:00-05:00,41.34,39.67,-0.0,1.67
2025-12-19 01:00:00-05:00,39.7,38.14,-0.0,1.56
2025-12-19 02:00:00-05:00,38.72,37.19,-0.0,1.53
2025-12-19 03:00:00-05:00,38.11,36.61,-0.0,1.5
2025-12-19 04:00:00-05:00,36.75,35.3,-0.0,1.45
2025-12-19 05:00:00-05:00,38.65,37.02,-0.0,1.63
2025-12-19 06:00:00-05:00,44.54,42.83,-0.0,1.71
2025-12-19 07:00:00-05:00,50.97,49.15,-0.0,1.82
2025-12-19 08:00:00-05:00,54.47,52.63,-0.0,1.84
2025-12-19 09:00:00-05:00,56.07,54.17,-0.0,1.9
2025-12-19 10:00:00-05:00,54.82,53.02,-0.0,1.8
2025-12-19 11:00:00-05:00,53.56,51.8,-0.0,1.76
2025-12-19 12:00:00-05:00,52.08,50.42,-0.0,1.66
2025-12-19 13:00:00-05:00,49.45,47.92,-0.0,1.53
2025-12-19 14:00:00-05:00,47.71,46.23,-0.0,1.48
2025-12-19 15:00:00-05:00,52.6,50.92,-0.0,1.68
2025-12-19 16:00:00-05:00,63.29,61.03,-0.0,2.26
2025-12-19 17:00:00-05:00,74.2,71.55,-0.0,2.65
2025-12-19 18:00:00-05:00,68.7,66.12,-0.0,2.58
2025-12-19 19:00:00-05:00,63.06,60.75,-0.0,2.31
2025-12-19 20:00:00-05:00,61.87,59.43,-0.0,2.44
2025-12-19 21:00:00-05:00,58.33,56.08,-0.0,2.25
2025-12-19 22:00:00-05:00,54.58,52.58,-0.0,2.0
2025-12-19 23:00:00-05:00,52.11,50.25,-0.0,1.86
2025-12-20 00:00:00-05:00,50.73,48.87,-0.0,1.86
2025-12-20 01:00:00-05:00,49.0,47.11,-0.0,1.89
2025-12-20 02:00:00-05:00,47.27,45.5,-0.0,1.77
2025-12-20 03:00:00-05:00,46.61,44.86,-0.0,1.75
2025-12-20 04:00:00-05:00,48.19,46.33,-0.0,1.86
2025-12-20 05:00:00-05:00,47.78,45.9,-0.0,1.88
2025-12-20 06:00:00-05:00,55.65,53.56,-0.0,2.09
2025-12-20 07:00:00-05:00,61.15,58.69,-0.0,2.46
2025-12-20 08:00:00-05:00,63.84,61.68,-0.0,2.16
2025-12-20 09:00:00-05:00,52.87,51.33,-0.0,1.54
2025-12-20 10:00:00-05:00,59.97,58.0,-0.0,1.97
2025-12-20 11:00:00-05:00,54.11,52.33,-0.0,1.78
2025-12-20 12:00:00-05:00,54.65,52.75,-0.0,1.9
2025-12-20 13:00:00-05:00,55.48,53.6,-0.0,1.88
2025-12-20 14:00:00-05:00,57.55,55.39,-0.0,2.16
2025-12-20 15:00:00-05:00,64.17,57.31,4.4,2.46
2025-12-20 16:00:00-05:00,72.22,69.31,-0.0,2.91
2025-12-20 17:00:00-05:00,78.87,75.69,-0.0,3.18
2025-12-20 18:00:00-05:00,70.84,67.79,-0.0,3.05
2025-12-20 19:00:00-05:00,67.23,64.01,0.34,2.88
2025-12-20 20:00:00-05:00,63.91,54.88,6.62,2.41
2025-12-20 21:00:00-05:00,65.87,52.04,11.54,2.29
2025-12-20 22:00:00-05:00,55.8,53.29,0.01,2.5
2025-12-20 23:00:00-05:00,55.8,52.79,0.42,2.59
2025-12-21 00:00:00-05:00,53.55,51.15,-0.0,2.4
2025-12-21 01:00:00-05:00,49.99,47.79,-0.0,2.2
2025-12-21 02:00:00-05:00,46.94,44.83,-0.0,2.11
2025-12-21 03:00:00-05:00,44.52,42.52,-0.0,2.0
2025-12-21 04:00:00-05:00,44.84,42.87,-0.0,1.97
2025-12-21 05:00:00-05:00,45.31,43.28,-0.0,2.03
2025-12-21 06:00:00-05:00,48.33,46.3,-0.0,2.03
2025-12-21 07:00:00-05:00,53.0,50.96,-0.0,2.04
2025-12-21 08:00:00-05:00,52.86,50.88,-0.0,1.98
2025-12-21 09:00:00-05:00,51.16,49.29,-0.0,1.87
2025-12-21 10:00:00-05:00,49.97,48.24,-0.0,1.73
2025-12-21 11:00:00-05:00,48.28,46.6,-0.0,1.68
2025-12-21 12:00:00-05:00,47.83,46.12,-0.0,1.71
2025-12-21 13:00:00-05:00,47.7,45.91,-0.0,1.79
2025-12-21 14:00:00-05:00,55.55,53.41,-0.0,2.14
2025-12-21 15:00:00-05:00,60.46,58.08,-0.0,2.38
2025-12-21 16:00:00-05:00,72.65,69.72,-0.0,2.93
2025-12-21 17:00:00-05:00,82.65,79.55,-0.0,3.1
2025-12-21 18:00:00-05:00,75.69,72.71,-0.0,2.98
2025-12-21 19:00:00-05:00,74.0,71.02,-0.0,2.98
2025-12-21 20:00:00-05:00,69.34,66.61,-0.0,2.73
2025-12-21 21:00:00-05:00,65.98,63.38,-0.0,2.6
2025-12-21 22:00:00-05:00,70.79,68.06,-0.0,2.73
2025-12-21 23:00:00-05:00,64.08,61.86,-0.0,2.22
2025-12-22 00:00:00-05:00,65.45,63.11,-0.0,2.34
2025-12-22 01:00:00-05:00,62.57,60.22,-0.0,2.35
2025-12-22 02:00:00-05:00,60.26,58.11,-0.0,2.15
2025-12-22 03:00:00-05:00,60.68,58.13,-0.0,2.55
2025-12-22 04:00:00-05:00,61.58,59.27,-0.0,2.31
2025-12-22 05:00:00-05:00,62.99,60.63,-0.0,2.36
2025-12-22 06:00:00-05:00,84.23,80.68,-0.0,3.55
2025-12-22 07:00:00-05:00,102.04,97.84,-0.0,4.2
2025-12-22 08:00:00-05:00,95.8,92.21,-0.0,3.59
2025-12-22 09:00:00-05:00,69.1,67.09,-0.0,2.01
2025-12-22 10:00:00-05:00,69.32,67.43,-0.0,1.89
2025-12-22 11:00:00-05:00,64.64,62.94,-0.0,1.7
2025-12-22 12:00:00-05:00,62.64,60.99,-0.0,1.65
2025-12-22 13:00:00-05:00,63.74,62.01,-0.0,1.73
2025-12-22 14:00:00-05:00,72.4,70.43,-0.0,1.97
2025-12-22 15:00:00-05:00,79.7,77.16,-0.0,2.54
2025-12-22 16:00:00-05:00,98.94,95.51,-0.0,3.43
2025-12-22 17:00:00-05:00,109.79,106.39,-0.0,3.4
2025-12-22 18:00:00-05:00,103.04,99.65,-0.0,3.39
2025-12-22 19:00:00-05:00,98.58,95.44,-0.0,3.14
2025-12-22 20:00:00-05:00,79.84,77.37,-0.0,2.47
2025-12-22 21:00:00-05:00,76.01,73.37,-0.0,2.64
2025-12-22 22:00:00-05:00,73.97,71.4,-0.0,2.57
2025-12-22 23:00:00-05:00,70.16,67.73,-0.0,2.43
2025-12-23 00:00:00-05:00,60.13,57.88,-0.0,2.25
2025-12-23 01:00:00-05:00,57.99,55.76,-0.0,2.23
2025-12-23 02:00:00-05:00,53.68,51.76,-0.0,1.92
2025-12-23 03:00:00-05:00,51.79,49.85,-0.0,1.94
2025-12-23 04:00:00-05:00,54.35,52.36,-0.0,1.99
2025-12-23 05:00:00-05:00,59.2,56.71,-0.0,2.49
2025-12-23 06:00:00-05:00,66.47,63.67,-0.0,2.8
2025-12-23 07:00:00-05:00,72.7,69.97,-0.0,2.73
2025-12-23 08:00:00-05:00,75.01,71.99,-0.0,3.02
2025-12-23 09:00:00-05:00,82.26,79.09,-0.0,3.17
2025-12-23 10:00:00-05:00,78.16,75.01,-0.0,3.15
2025-12-23 11:00:00-05:00,75.39,72.42,-0.0,2.97
2025-12-23 12:00:00-05:00,69.73,67.12,-0.0,2.61
2025-12-23 13:00:00-05:00,69.41,66.87,-0.0,2.54
2025-12-23 14:00:00-05:00,70.55,67.97,-0.0,2.58
2025-12-23 15:00:00-05:00,67.05,64.66,-0.0,2.39
2025-12-23 16:00:00-05:00,71.47,68.79,-0.0,2.68
2025-12-23 17:00:00-05:00,78.78,75.68,-0.0,3.1
2025-12-23 18:00:00-05:00,70.43,67.72,-0.0,2.71
2025-12-23 19:00:00-05:00,63.84,61.45,-0.0,2.39
2025-12-23 20:00:00-05:00,62.89,60.53,-0.0,2.36
2025-12-23 21:00:00-05:00,59.64,57.34,-0.0,2.3
2025-12-23 22:00:00-05:00,54.79,52.68,-0.0,2.11
2025-12-23 23:00:00-05:00,52.83,50.85,-0.0,1.98
2025-12-24 00:00:00-05:00,47.6,45.72,-0.0,1.88
2025-12-24 01:00:00-05:00,43.42,41.83,-0.0,1.59
2025-12-24 02:00:00-05:00,40.32,38.84,-0.0,1.48
2025-12-24 03:00:00-05:00,39.67,38.22,-0.0,1.45
2025-12-24 04:00:00-05:00,39.66,38.21,-0.0,1.45
2025-12-24 05:00:00-05:00,44.5,42.71,-0.0,1.79
2025-12-24 06:00:00-05:00,55.05,52.83,-0.0,2.22
2025-12-24 07:00:00-05:00,61.07,58.83,-0.0,2.24
2025-12-24 08:00:00-05:00,60.85,58.74,-0.0,2.11
2025-12-24 09:00:00-05:00,57.72,55.93,-0.0,1.79
2025-12-24 10:00:00-05:00,57.32,55.65,-0.0,1.67
2025-12-24 11:00:00-05:00,55.47,53.96,-0.0,1.51
2025-12-24 12:00:00-05:00,53.41,52.11,-0.0,1.3
2025-12-24 13:00:00-05:00,56.57,55.14,-0.0,1.43
2025-12-24 14:00:00-05:00,60.81,59.33,-0.0,1.48
2025-12-24 15:00:00-05:00,62.6,60.78,-0.0,1.82
2025-12-24 16:00:00-05:00,70.45,68.53,-0.0,1.92
2025-12-24 17:00:00-05:00,85.09,82.45,-0.0,2.64
2025-12-24 18:00:00-05:00,71.57,69.15,-0.0,2.42
2025-12-24 19:00:00-05:00,68.32,66.07,-0.0,2.25
2025-12-24 20:00:00-05:00,64.81,62.5,-0.0,2.31
2025-12-24 21:00:00-05:00,61.84,59.58,-0.0,2.26
2025-12-24 22:00:00-05:00,61.2,58.96,-0.0,2.24
2025-12-24 23:00:00-05:00,57.63,55.68,-0.0,1.95
2025-12-25 00:00:00-05:00,51.83,49.83,-0.0,2.0
2025-12-25 01:00:00-05:00,48.08,46.14,-0.0,1.94
2025-12-25 02:00:00-05:00,46.66,44.78,-0.0,1.88
2025-12-25 03:00:00-05:00,43.27,41.6,-0.0,1.67
2025-12-25 04:00:00-05:00,42.94,41.33,-0.0,1.61
2025-12-25 05:00:00-05:00,44.69,42.93,-0.0,1.76
2025-12-25 06:00:00-05:00,48.55,46.55,-0.0,2.0
2025-12-25 07:00:00-05:00,49.16,47.32,-0.0,1.84
2025-12-25 08:00:00-05:00,51.56,49.72,-0.0,1.84
2025-12-25 09:00:00-05:00,49.7,47.74,-0.0,1.96
2025-12-25 10:00:00-05:00,54.18,52.15,-0.0,2.03
2025-12-25 11:00:00-05:00,49.33,47.62,-0.0,1.71
2025-12-25 12:00:00-05:00,48.79,47.05,-0.0,1.74
2025-12-25 13:00:00-05:00,46.59,44.97,-0.0,1.62
2025-12-25 14:00:00-05:00,46.61,44.99,-0.0,1.62
2025-12-25 15:00:00-05:00,51.39,49.46,-0.0,1.93
2025-12-25 16:00:00-05:00,56.51,54.28,-0.0,2.23
2025-12-25 17:00:00-05:00,61.79,59.19,-0.0,2.6
2025-12-25 18:00:00-05:00,58.52,56.0,-0.0,2.52
2025-12-25 19:00:00-05:00,57.02,54.67,-0.0,2.35
2025-12-25 20:00:00-05:00,56.83,54.54,-0.0,2.29
2025-12-25 21:00:00-05:00,56.25,54.03,-0.0,2.22
2025-12-25 22:00:00-05:00,58.62,56.42,-0.0,2.2
2025-12-25 23:00:00-05:00,55.57,53.59,-0.0,1.98
2025-12-26 00:00:00-05:00,67.05,64.35,-0.0,2.7
2025-12-26 01:00:00-05:00,60.76,58.37,-0.0,2.39
2025-12-26 02:00:00-05:00,56.19,54.03,-0.0,2.16
2025-12-26 03:00:00-05:00,56.22,54.01,-0.0,2.21
2025-12-26 04:00:00-05:00,55.72,53.63,-0.0,2.09
2025-12-26 05:00:00-05:00,63.45,60.84,-0.0,2.61
2025-12-26 06:00:00-05:00,71.27,68.46,-0.0,2.81
2025-12-26 07:00:00-05:00,81.21,77.79,-0.0,3.42
2025-12-26 08:00:00-05:00,82.42,78.87,-0.0,3.55
2025-12-26 09:00:00-05:00,79.2,75.87,-0.0,3.33
2025-12-26 10:00:00-05:00,79.69,76.77,-0.0,2.92
2025-12-26 11:00:00-05:00,90.5,86.93,-0.0,3.57
2025-12-26 12:00:00-05:00,86.21,83.05,-0.0,3.16
2025-12-26 13:00:00-05:00,83.7,80.4,-0.0,3.3
2025-12-26 14:00:00-05:00,85.59,82.06,-0.0,3.53
2025-12-26 15:00:00-05:00,85.84,82.06,-0.0,3.78
2025-12-26 16:00:00-05:00,96.2,92.05,-0.0,4.15
2025-12-26 17:00:00-05:00,112.0,106.97,-0.0,5.03
2025-12-26 18:00:00-05:00,105.78,100.84,-0.0,4.94
2025-12-26 19:00:00-05:00,98.09,93.6,-0.0,4.49
2025-12-26 20:00:00-05:00,96.46,92.04,-0.0,4.42
2025-12-26 21:00:00-05:00,85.78,81.93,-0.0,3.85
2025-12-26 22:00:00-05:00,81.29,77.71,-0.0,3.58
2025-12-26 23:00:00-05:00,83.33,79.36,-0.0,3.97
2025-12-27 00:00:00-05:00,85.08,81.34,-0.0,3.74
2025-12-27 01:00:00-05:00,73.18,70.03,-0.0,3.15
2025-12-27 02:00:00-05:00,71.27,68.4,-0.0,2.87
2025-12-27 03:00:00-05:00,68.71,65.94,-0.0,2.77
2025-12-27 04:00:00-05:00,69.53,66.6,-0.0,2.93
2025-12-27 05:00:00-05:00,72.27,69.09,-0.0,3.18
2025-12-27 06:00:00-05:00,74.61,71.33,-0.0,3.28
2025-12-27 07:00:00-05:00,73.63,70.73,-0.0,2.9
2025-12-27 08:00:00-05:00,82.56,79.23,-0.0,3.33
2025-12-27 09:00:00-05:00,96.07,92.28,-0.0,3.79
2025-12-27 10:00:00-05:00,92.63,89.24,-0.0,3.39
2025-12-27 11:00:00-05:00,97.76,94.18,-0.0,3.58
2025-12-27 12:00:00-05:00,86.48,83.56,-0.0,2.92
2025-12-27 13:00:00-05:00,78.66,76.15,-0.0,2.51
2025-12-27 14:00:00-05:00,78.71,76.2,-0.0,2.51
2025-12-27 15:00:00-05:00,85.07,82.12,-0.0,2.95
2025-12-27 16:00:00-05:00,98.41,94.44,-0.0,3.97
2025-12-27 17:00:00-05:00,113.58,108.9,-0.0,4.68
2025-12-27 18:00:00-05:00,102.12,98.0,-0.0,4.12
2025-12-27 19:00:00-05:00,94.87,91.05,-0.0,3.82
2025-12-27 20:00:00-05:00,90.89,87.31,-0.0,3.58
2025-12-27 21:00:00-05:00,86.23,82.91,-0.0,3.32
2025-12-27 22:00:00-05:00,90.11,86.89,-0.0,3.22
2025-12-27 23:00:00-05:00,90.4,86.76,-0.0,3.64
2025-12-28 00:00:00-05:00,112.91,107.64,-0.0,5.27
2025-12-28 01:00:00-05:00,95.97,91.57,-0.0,4.4
2025-12-28 02:00:00-05:00,82.86,79.29,-0.0,3.57
2025-12-28 03:00:00-05:00,82.85,79.2,-0.0,3.65
2025-12-28 04:00:00-05:00,82.93,79.21,-0.0,3.72
2025-12-28 05:00:00-05:00,90.67,86.52,-0.0,4.15
2025-12-28 06:00:00-05:00,91.36,87.42,-0.0,3.94
2025-12-28 07:00:00-05:00,90.96,87.38,-0.0,3.58
2025-12-28 08:00:00-05:00,78.51,75.49,-0.0,3.02
2025-12-28 09:00:00-05:00,77.38,74.33,-0.0,3.05
2025-12-28 10:00:00-05:00,71.62,68.6,-0.0,3.02
2025-12-28 11:00:00-05:00,68.3,65.67,-0.0,2.63
2025-12-28 12:00:00-05:00,66.86,64.35,-0.0,2.51
2025-12-28 13:00:00-05:00,67.54,64.94,-0.0,2.6
2025-12-28 14:00:00-05:00,71.53,68.71,-0.0,2.82
2025-12-28 15:00:00-05:00,71.83,68.87,-0.0,2.96
2025-12-28 16:00:00-05:00,88.28,84.48,-0.0,3.8
2025-12-28 17:00:00-05:00,97.7,93.59,-0.0,4.11
2025-12-28 18:00:00-05:00,86.51,82.7,-0.0,3.81
2025-12-28 19:00:00-05:00,73.18,70.03,-0.0,3.15
2025-12-28 20:00:00-05:00,71.12,67.99,-0.0,3.13
2025-12-28 21:00:00-05:00,65.81,62.91,-0.0,2.9
2025-12-28 22:00:00-05:00,60.1,57.57,-0.0,2.53
2025-12-28 23:00:00-05:00,59.99,57.08,-0.0,2.91
2025-12-29 00:00:00-05:00,58.68,55.83,-0.0,2.85
2025-12-29 01:00:00-05:00,57.76,54.75,0.22,2.79
2025-12-29 02:00:00-05:00,58.98,54.39,1.87,2.72
2025-12-29 03:00:00-05:00,58.04,52.95,2.5,2.59
2025-12-29 04:00:00-05:00,54.63,52.02,0.06,2.55
2025-12-29 05:00:00-05:00,59.32,47.03,9.94,2.35
2025-12-29 06:00:00-05:00,59.1,54.91,1.23,2.96
2025-12-29 07:00:00-05:00,65.02,61.75,-0.0,3.27
2025-12-29 08:00:00-05:00,66.3,63.08,-0.0,3.22
2025-12-29 09:00:00-05:00,74.58,63.03,8.27,3.28
2025-12-29 10:00:00-05:00,97.86,63.31,31.26,3.29
2025-12-29 11:00:00-05:00,76.65,58.74,14.86,3.05
2025-12-29 12:00:00-05:00,70.45,56.44,11.08,2.93
2025-12-29 13:00:00-05:00,70.55,53.37,14.62,2.56
2025-12-29 14:00:00-05:00,64.12,55.16,6.37,2.59
2025-12-29 15:00:00-05:00,64.01,57.04,4.18,2.79
2025-12-29 16:00:00-05:00,67.54,64.14,-0.0,3.4
2025-12-29 17:00:00-05:00,88.29,82.46,1.38,4.45
2025-12-29 18:00:00-05:00,75.56,71.69,-0.0,3.87
2025-12-29 19:00:00-05:00,68.14,64.77,-0.0,3.37
2025-12-29 20:00:00-05:00,69.44,66.01,-0.0,3.43
2025-12-29 21:00:00-05:00,67.0,60.06,3.82,3.12
2025-12-29 22:00:00-05:00,61.0,58.15,-0.0,2.85
2025-12-29 23:00:00-05:00,61.94,58.77,-0.0,3.17
2025-12-30 00:00:00-05:00,65.56,62.26,-0.0,3.3
2025-12-30 01:00:00-05:00,62.09,59.02,-0.0,3.07
2025-12-30 02:00:00-05:00,57.32,54.49,-0.0,2.83
2025-12-30 03:00:00-05:00,59.83,56.87,-0.0,2.96
2025-12-30 04:00:00-05:00,53.05,50.48,-0.0,2.57
2025-12-30 05:00:00-05:00,60.74,53.56,4.34,2.84
2025-12-30 06:00:00-05:00,73.3,58.48,11.66,3.16
2025-12-30 07:00:00-05:00,92.19,59.45,29.29,3.45
2025-12-30 08:00:00-05:00,91.61,63.44,24.75,3.42
2025-12-30 09:00:00-05:00,90.42,67.62,19.29,3.51
2025-12-30 10:00:00-05:00,94.32,66.85,24.13,3.34
2025-12-30 11:00:00-05:00,94.17,66.7,24.2,3.27
2025-12-30 12:00:00-05:00,94.2,69.75,21.1,3.35
2025-12-30 13:00:00-05:00,90.98,68.45,19.18,3.35
2025-12-30 14:00:00-05:00,94.77,69.9,21.45,3.42
2025-12-30 15:00:00-05:00,100.44,73.69,22.85,3.9
2025-12-30 16:00:00-05:00,112.45,86.82,20.6,5.03
2025-12-30 17:00:00-05:00,125.17,118.65,-0.0,6.52
2025-12-30 18:00:00-05:00,126.41,119.82,-0.0,6.59
2025-12-30 19:00:00-05:00,115.02,109.13,-0.0,5.89
2025-12-30 20:00:00-05:00,104.59,99.05,-0.0,5.54
2025-12-30 21:00:00-05:00,99.75,72.84,22.83,4.08
2025-12-30 22:00:00-05:00,91.12,70.32,16.93,3.87
2025-12-30 23:00:00-05:00,85.03,80.39,0.06,4.58
2026-01-01 00:00:00-05:00,105.89,101.04,-0.0,4.85
2026-01-01 01:00:00-05:00,96.73,92.21,-0.0,4.52
2026-01-01 02:00:00-05:00,79.26,75.49,-0.0,3.77
2026-01-01 03:00:00-05:00,73.08,69.6,-0.0,3.48
2026-01-01 04:00:00-05:00,73.31,69.82,-0.0,3.49
2026-01-01 05:00:00-05:00,90.94,86.53,-0.0,4.41
2026-01-01 06:00:00-05:00,113.38,108.29,-0.0,5.09
2026-01-01 07:00:00-05:00,109.88,104.75,-0.0,5.13
2026-01-01 08:00:00-05:00,115.12,110.05,-0.0,5.07
2026-01-01 09:00:00-05:00,116.05,111.27,-0.0,4.78
2026-01-01 10:00:00-05:00,115.15,110.3,-0.0,4.85
2026-01-01 11:00:00-05:00,107.99,103.74,-0.0,4.25
2026-01-01 12:00:00-05:00,106.47,102.37,-0.0,4.1
2026-01-01 13:00:00-05:00,109.5,105.09,-0.0,4.41
2026-01-01 14:00:00-05:00,123.38,118.41,-0.0,4.97
2026-01-01 15:00:00-05:00,122.74,117.57,-0.0,5.17
2026-01-01 16:00:00-05:00,143.64,137.19,-0.0,6.45
2026-01-01 17:00:00-05:00,158.51,151.25,-0.0,7.26
2026-01-01 18:00:00-05:00,163.84,156.19,-0.0,7.65
2026-01-01 19:00:00-05:00,147.9,140.99,-0.0,6.91
2026-01-01 20:00:00-05:00,134.6,128.44,-0.0,6.16
2026-01-01 21:00:00-05:00,131.84,125.68,-0.0,6.16
2026-01-01 22:00:00-05:00,129.53,123.71,-0.0,5.82
2026-01-01 23:00:00-05:00,133.39,127.52,-0.0,5.87
2026-01-02 00:00:00-05:00,136.21,129.48,-0.0,6.73
2026-01-02 01:00:00-05:00,126.52,120.16,-0.0,6.36
2026-01-02 02:00:00-05:00,117.68,111.87,-0.0,5.81
2026-01-02 03:00:00-05:00,118.93,112.95,-0.0,5.98
2026-01-02 04:00:00-05:00,119.16,113.17,-0.0,5.99
2026-01-02 05:00:00-05:00,124.17,117.7,-0.0,6.47
2026-01-02 06:00:00-05:00,140.3,132.86,-0.0,7.44
2026-01-02 07:00:00-05:00,145.0,137.45,-0.0,7.55
2026-01-02 08:00:00-05:00,156.54,148.81,-0.0,7.73
2026-01-02 09:00:00-05:00,138.57,132.1,-0.0,6.47
2026-01-02 10:00:00-05:00,149.54,142.96,-0.0,6.58
2026-01-02 11:00:00-05:00,134.6,128.93,-0.0,5.67
2026-01-02 12:00:00-05:00,127.96,122.57,-0.0,5.39
2026-01-02 13:00:00-05:00,127.45,122.08,-0.0,5.37
2026-01-02 14:00:00-05:00,131.34,125.68,-0.0,5.66
2026-01-02 15:00:00-05:00,141.68,135.19,-0.0,6.49
2026-01-02 16:00:00-05:00,165.19,157.92,-0.0,7.27
2026-01-02 17:00:00-05:00,180.23,171.98,-0.0,8.25
2026-01-02 18:00:00-05:00,160.41,153.06,-0.0,7.35
2026-01-02 19:00:00-05:00,143.62,136.91,-0.0,6.71
2026-01-02 20:00:00-05:00,141.05,134.08,-0.0,6.97
2026-01-02 21:00:00-05:00,132.0,106.38,20.2,5.42
2026-01-02 22:00:00-05:00,129.82,123.06,-0.0,6.76
2026-01-02 23:00:00-05:00,128.17,121.72,-0.0,6.45
2026-01-03 00:00:00-05:00,133.76,126.67,-0.0,7.09
2026-01-03 01:00:00-05:00,131.8,124.7,-0.0,7.1
2026-01-03 02:00:00-05:00,126.99,120.37,-0.0,6.62
2026-01-03 03:00:00-05:00,122.87,116.69,-0.0,6.18
2026-01-03 04:00:00-05:00,123.75,117.3,-0.0,6.45
2026-01-03 05:00:00-05:00,130.66,123.85,-0.0,6.81
2026-01-03 06:00:00-05:00,137.22,130.44,-0.0,6.78
2026-01-03 07:00:00-05:00,128.36,122.02,-0.0,6.34
2026-01-03 08:00:00-05:00,145.69,138.89,-0.0,6.8
2026-01-03 09:00:00-05:00,136.29,130.17,-0.0,6.12
2026-01-03 10:00:00-05:00,131.3,125.64,-0.0,5.66
2026-01-03 11:00:00-05:00,127.32,122.19,-0.0,5.13
2026-01-03 12:00:00-05:00,126.88,121.77,-0.0,5.11
2026-01-03 13:00:00-05:00,128.6,123.53,-0.0,5.07
2026-01-03 14:00:00-05:00,129.89,124.89,-0.0,5.0
2026-01-03 15:00:00-05:00,135.26,129.43,-0.0,5.83
2026-01-03 16:00:00-05:00,156.12,149.25,-0.0,6.87
2026-01-03 17:00:00-05:00,166.95,159.45,-0.0,7.5
2026-01-03 18:00:00-05:00,161.79,154.38,-0.0,7.41
2026-01-03 19:00:00-05:00,146.03,139.6,-0.0,6.43
2026-01-03 20:00:00-05:00,135.51,129.18,-0.0,6.33
2026-01-03 21:00:00-05:00,126.02,120.25,-0.0,5.77
2026-01-03 22:00:00-05:00,127.76,121.79,-0.0,5.97
2026-01-03 23:00:00-05:00,126.82,121.24,-0.0,5.58
2026-01-04 00:00:00-05:00,141.74,134.87,-0.0,6.87
2026-01-04 01:00:00-05:00,130.3,123.86,-0.0,6.44
2026-01-04 02:00:00-05:00,125.42,119.34,-0.0,6.08
2026-01-04 03:00:00-05:00,121.65,115.97,-0.0,5.68
2026-01-04 04:00:00-05:00,116.33,110.79,-0.0,5.54
2026-01-04 05:00:00-05:00,117.47,111.88,-0.0,5.59
2026-01-04 06:00:00-05:00,112.86,107.69,-0.0,5.17
2026-01-04 07:00:00-05:00,107.8,102.47,-0.0,5.33
2026-01-04 08:00:00-05:00,116.47,110.82,-0.0,5.65
2026-01-04 09:00:00-05:00,120.69,115.16,-0.0,5.53
2026-01-04 10:00:00-05:00,123.7,117.92,-0.0,5.78
2026-01-04 11:00:00-05:00,124.43,119.07,-0.0,5.36
2026-01-04 12:00:00-05:00,121.99,116.85,-0.0,5.14
2026-01-04 13:00:00-05:00,122.59,117.43,-0.0,5.16
2026-01-04 14:00:00-05:00,123.98,118.53,-0.0,5.45
2026-01-04 15:00:00-05:00,130.04,123.97,-0.0,6.07
2026-01-04 16:00:00-05:00,155.78,148.08,-0.0,7.7
2026-01-04 17:00:00-05:00,188.16,178.7,-0.0,9.46
2026-01-04 18:00:00-05:00,171.76,162.97,-0.0,8.79
2026-01-04 19:00:00-05:00,168.5,159.87,-0.0,8.63
2026-01-04 20:00:00-05:00,139.43,132.67,-0.0,6.76
2026-01-04 21:00:00-05:00,132.99,126.3,-0.0,6.69
2026-01-04 22:00:00-05:00,127.31,121.02,-0.0,6.29
2026-01-04 23:00:00-05:00,126.92,120.76,-0.0,6.16
2026-01-05 00:00:00-05:00,141.56,135.08,-0.0,6.48
2026-01-05 01:00:00-05:00,129.24,123.09,-0.0,6.15
2026-01-05 02:00:00-05:00,123.08,117.22,-0.0,5.86
2026-01-05 03:00:00-05:00,124.56,118.63,-0.0,5.93
2026-01-05 04:00:00-05:00,127.28,121.22,-0.0,6.06
2026-01-05 05:00:00-05:00,131.61,124.87,-0.0,6.74
2026-01-05 06:00:00-05:00,148.79,133.46,8.13,7.2
2026-01-05 07:00:00-05:00,168.82,151.81,8.97,8.04
2026-01-05 08:00:00-05:00,168.68,160.35,-0.0,8.33
2026-01-05 09:00:00-05:00,180.65,172.21,-0.0,8.44
2026-01-05 10:00:00-05:00,163.22,155.6,-0.0,7.62
2026-01-05 11:00:00-05:00,151.87,144.91,-0.0,6.96
2026-01-05 12:00:00-05:00,146.13,139.31,-0.0,6.82
2026-01-05 13:00:00-05:00,143.2,136.77,-0.0,6.43
2026-01-05 14:00:00-05:00,145.58,138.91,-0.0,6.67
2026-01-05 15:00:00-05:00,143.72,137.01,-0.0,6.71
2026-01-05 16:00:00-05:00,168.08,160.53,-0.0,7.55
2026-01-05 17:00:00-05:00,190.4,181.51,-0.0,8.89
2026-01-05 18:00:00-05:00,177.31,169.19,-0.0,8.12
2026-01-05 19:00:00-05:00,164.25,156.73,-0.0,7.52
2026-01-05 20:00:00-05:00,145.95,139.13,-0.0,6.82
2026-01-05 21:00:00-05:00,134.2,127.57,-0.0,6.63
2026-01-05 22:00:00-05:00,131.25,124.88,-0.0,6.37
2026-01-05 23:00:00-05:00,130.91,124.91,-0.0,6.0
2026-01-06 00:00:00-05:00,128.81,122.79,-0.0,6.02
2026-01-06 01:00:00-05:00,117.87,112.47,-0.0,5.4
2026-01-06 02:00:00-05:00,111.1,106.11,-0.0,4.99
2026-01-06 03:00:00-05:00,112.49,107.14,-0.0,5.35
2026-01-06 04:00:00-05:00,116.84,111.28,-0.0,5.56
2026-01-06 05:00:00-05:00,121.96,115.83,-0.0,6.13
2026-01-06 06:00:00-05:00,136.11,129.39,-0.0,6.72
2026-01-06 07:00:00-05:00,159.67,151.78,-0.0,7.89
2026-01-06 08:00:00-05:00,147.14,137.28,2.59,7.27
2026-01-06 09:00:00-05:00,153.24,146.08,-0.0,7.16
2026-01-06 10:00:00-05:00,124.28,119.16,-0.0,5.12
2026-01-06 11:00:00-05:00,120.08,115.35,-0.0,4.73
2026-01-06 12:00:00-05:00,116.86,112.26,-0.0,4.6
2026-01-06 13:00:00-05:00,115.94,111.27,-0.0,4.67
2026-01-06 14:00:00-05:00,114.47,110.18,-0.0,4.29
2026-01-06 15:00:00-05:00,99.1,95.11,-0.0,3.99
2026-01-06 16:00:00-05:00,114.62,109.68,-0.0,4.94
2026-01-06 17:00:00-05:00,122.98,117.46,-0.0,5.52
2026-01-06 18:00:00-05:00,111.61,106.6,-0.0,5.01
2026-01-06 19:00:00-05:00,95.33,91.05,-0.0,4.28
2026-01-06 20:00:00-05:00,86.88,82.98,-0.0,3.9
2026-01-06 21:00:00-05:00,81.56,77.97,-0.0,3.59
2026-01-06 22:00:00-05:00,81.38,77.51,-0.0,3.87
2026-01-06 23:00:00-05:00,76.6,73.09,-0.0,3.51
2026-01-07 00:00:00-05:00,62.39,59.88,-0.0,2.51
2026-01-07 01:00:00-05:00,57.22,55.13,-0.0,2.09
2026-01-07 02:00:00-05:00,57.01,55.03,-0.0,1.98
2026-01-07 03:00:00-05:00,57.23,55.14,-0.0,2.09
2026-01-07 04:00:00-05:00,57.29,55.14,-0.0,2.15
2026-01-07 05:00:00-05:00,55.46,53.32,-0.0,2.14
2026-01-07 06:00:00-05:00,62.82,60.29,-0.0,2.53
2026-01-07 07:00:00-05:00,72.41,69.9,-0.0,2.51
2026-01-07 08:00:00-05:00,69.57,67.16,-0.0,2.41
2026-01-07 09:00:00-05:00,69.87,67.57,-0.0,2.3
2026-01-07 10:00:00-05:00,61.95,59.91,-0.0,2.04
2026-01-07 11:00:00-05:00,61.46,59.67,-0.0,1.79
2026-01-07 12:00:00-05:00,57.8,56.17,-0.0,1.63
2026-01-07 13:00:00-05:00,56.33,54.9,-0.0,1.43
2026-01-07 14:00:00-05:00,55.28,53.78,-0.0,1.5
2026-01-07 15:00:00-05:00,57.62,55.89,-0.0,1.73
2026-01-07 16:00:00-05:00,67.19,64.92,-0.0,2.27
2026-01-07 17:00:00-05:00,81.79,79.03,-0.0,2.76
2026-01-07 18:00:00-05:00,72.94,70.41,-0.0,2.53
2026-01-07 19:00:00-05:00,62.12,60.02,-0.0,2.1
2026-01-07 20:00:00-05:00,56.63,54.51,-0.0,2.12
2026-01-07 21:00:00-05:00,55.08,53.11,-0.0,1.97
2026-01-07 22:00:00-05:00,52.62,50.79,-0.0,1.83
2026-01-07 23:00:00-05:00,52.24,50.52,-0.0,1.72
2026-01-08 00:00:00-05:00,51.77,49.97,-0.0,1.8
2026-01-08 01:00:00-05:00,51.41,49.57,-0.0,1.84
2026-01-08 02:00:00-05:00,50.0,48.31,-0.0,1.69
2026-01-08 03:00:00-05:00,48.43,46.75,-0.0,1.68
2026-01-08 04:00:00-05:00,49.92,48.23,-0.0,1.69
2026-01-08 05:00:00-05:00,51.64,49.7,-0.0,1.94
2026-01-08 06:00:00-05:00,62.5,60.16,-0.0,2.34
2026-01-08 07:00:00-05:00,72.1,70.47,-1.33,2.96
2026-01-08 08:00:00-05:00,68.49,66.76,-1.07,2.8
2026-01-08 09:00:00-05:00,54.51,52.84,-0.23,1.9
2026-01-08 10:00:00-05:00,50.03,48.52,-0.0,1.51
2026-01-08 11:00:00-05:00,45.7,44.37,-0.0,1.33
2026-01-08 12:00:00-05:00,43.47,42.37,-0.0,1.1
2026-01-08 13:00:00-05:00,43.7,42.59,-0.0,1.11
2026-01-08 14:00:00-05:00,46.31,45.14,-0.0,1.17
2026-01-08 15:00:00-05:00,50.63,49.16,-0.0,1.47
2026-01-08 16:00:00-05:00,59.17,57.64,-0.31,1.84
2026-01-08 17:00:00-05:00,66.7,64.45,-0.0,2.25
2026-01-08 18:00:00-05:00,57.93,55.86,-0.0,2.07
2026-01-08 19:00:00-05:00,53.19,51.34,-0.0,1.85
2026-01-08 20:00:00-05:00,50.37,48.48,-0.0,1.89
2026-01-08 21:00:00-05:00,48.1,46.3,-0.0,1.8
2026-01-08 22:00:00-05:00,46.91,45.15,-0.0,1.76
2026-01-08 23:00:00-05:00,45.75,44.12,-0.0,1.63
2026-01-09 00:00:00-05:00,49.81,47.8,-0.0,2.01
2026-01-09 01:00:00-05:00,45.4,43.44,-0.0,1.96
2026-01-09 02:00:00-05:00,42.21,40.35,-0.0,1.86
2026-01-09 03:00:00-05:00,42.17,40.31,-0.0,1.86
2026-01-09 04:00:00-05:00,41.33,39.55,-0.0,1.78
2026-01-09 05:00:00-05:00,41.9,39.92,0.06,1.92
2026-01-09 06:00:00-05:00,53.2,49.44,1.48,2.28
2026-01-09 07:00:00-05:00,56.74,54.24,-0.0,2.5
2026-01-09 08:00:00-05:00,51.88,49.64,-0.0,2.24
2026-01-09 09:00:00-05:00,50.59,48.64,-0.0,1.95
2026-01-09 10:00:00-05:00,44.7,42.98,-0.0,1.72
2026-01-09 11:00:00-05:00,43.79,42.1,-0.0,1.69
2026-01-09 12:00:00-05:00,41.96,40.39,-0.0,1.57
2026-01-09 13:00:00-05:00,41.3,39.71,-0.0,1.59
2026-01-09 14:00:00-05:00,43.73,42.01,-0.0,1.72
2026-01-09 15:00:00-05:00,46.25,44.56,-0.0,1.69
2026-01-09 16:00:00-05:00,54.67,52.52,-0.0,2.15
2026-01-09 17:00:00-05:00,64.84,62.29,-0.0,2.55
2026-01-09 18:00:00-05:00,56.41,54.19,-0.0,2.22
2026-01-09 19:00:00-05:00,47.8,45.87,-0.0,1.93
2026-01-09 20:00:00-05:00,44.18,42.52,-0.0,1.66
2026-01-09 21:00:00-05:00,41.6,40.08,-0.0,1.52
2026-01-09 22:00:00-05:00,40.93,39.4,-0.0,1.53
2026-01-09 23:00:00-05:00,40.69,39.28,-0.0,1.41
2026-01-10 00:00:00-05:00,38.16,36.66,-0.0,1.5
2026-01-10 01:00:00-05:00,39.63,38.1,-0.0,1.53
2026-01-10 02:00:00-05:00,38.78,37.36,-0.0,1.42
2026-01-10 03:00:00-05:00,37.68,36.3,-0.0,1.38
2026-01-10 04:00:00-05:00,38.09,36.73,-0.0,1.36
2026-01-10 05:00:00-05:00,38.3,36.9,-0.0,1.4
2026-01-10 06:00:00-05:00,41.23,39.8,-0.0,1.43
2026-01-10 07:00:00-05:00,45.16,43.89,-0.0,1.27
2026-01-10 08:00:00-05:00,45.8,44.55,-0.0,1.25
2026-01-10 09:00:00-05:00,49.85,48.59,-0.0,1.26
2026-01-10 10:00:00-05:00,48.65,47.56,-0.0,1.09
2026-01-10 11:00:00-05:00,51.17,49.88,-0.0,1.29
2026-01-10 12:00:00-05:00,51.14,49.99,-0.0,1.15
2026-01-10 13:00:00-05:00,52.07,50.8,-0.0,1.27
2026-01-10 14:00:00-05:00,51.19,49.7,-0.0,1.49
2026-01-10 15:00:00-05:00,51.72,50.12,-0.0,1.6
2026-01-10 16:00:00-05:00,56.59,54.73,-0.0,1.86
2026-01-10 17:00:00-05:00,60.14,57.88,-0.0,2.26
2026-01-10 18:00:00-05:00,57.21,55.12,-0.0,2.09
2026-01-10 19:00:00-05:00,51.69,49.8,-0.0,1.89
2026-01-10 20:00:00-05:00,44.28,42.66,-0.0,1.62
2026-01-10 21:00:00-05:00,41.79,40.26,-0.0,1.53
2026-01-10 22:00:00-05:00,41.7,40.17,-0.0,1.53
2026-01-10 23:00:00-05:00,39.26,37.86,-0.0,1.4
2026-01-11 00:00:00-05:00,35.76,34.22,-0.0,1.54
2026-01-11 01:00:00-05:00,34.21,32.74,-0.0,1.47
2026-01-11 02:00:00-05:00,31.49,30.22,-0.0,1.27
2026-01-11 03:00:00-05:00,29.18,28.03,-0.0,1.15
2026-01-11 04:00:00-05:00,29.02,27.88,-0.0,1.14
2026-01-11 05:00:00-05:00,29.97,28.74,-0.0,1.23
2026-01-11 06:00:00-05:00,32.59,31.25,-0.0,1.34
2026-01-11 07:00:00-05:00,34.37,33.08,-0.0,1.29
2026-01-11 08:00:00-05:00,33.32,32.04,-0.0,1.28
2026-01-11 09:00:00-05:00,33.4,32.27,-0.0,1.13
2026-01-11 10:00:00-05:00,32.53,31.52,-0.0,1.01
2026-01-11 11:00:00-05:00,32.37,31.4,-0.0,0.97
2026-01-11 12:00:00-05:00,32.29,31.38,-0.0,0.91
2026-01-11 13:00:00-05:00,33.08,32.15,-0.0,0.93
2026-01-11 14:00:00-05:00,40.18,38.9,-0.0,1.28
2026-01-11 15:00:00-05:00,43.15,41.69,-0.0,1.46
2026-01-11 16:00:00-05:00,50.91,48.95,-0.0,1.96
2026-01-11 17:00:00-05:00,62.19,59.68,-0.0,2.51
2026-01-11 18:00:00-05:00,57.49,55.28,-0.0,2.21
2026-01-11 19:00:00-05:00,54.89,52.68,-0.0,2.21
2026-01-11 20:00:00-05:00,50.96,48.91,-0.0,2.05
2026-01-11 21:00:00-05:00,41.72,40.04,-0.0,1.68
2026-01-11 22:00:00-05:00,41.76,40.08,-0.0,1.68
2026-01-11 23:00:00-05:00,35.88,34.53,-0.0,1.35
2026-01-12 00:00:00-05:00,47.11,44.97,0.21,1.93
2026-01-12 01:00:00-05:00,44.03,42.01,0.21,1.81
2026-01-12 02:00:00-05:00,42.6,40.61,0.21,1.78
2026-01-12 03:00:00-05:00,41.49,39.74,-0.0,1.75
2026-01-12 04:00:00-05:00,44.88,42.99,-0.0,1.89
2026-01-12 05:00:00-05:00,44.9,42.92,-0.0,1.98
2026-01-12 06:00:00-05:00,58.87,42.57,14.17,2.13
2026-01-12 07:00:00-05:00,80.15,76.7,-0.0,3.45
2026-01-12 08:00:00-05:00,73.06,70.12,-0.0,2.94
2026-01-12 09:00:00-05:00,57.03,54.94,-0.0,2.09
2026-01-12 10:00:00-05:00,52.54,50.72,-0.0,1.82
2026-01-12 11:00:00-05:00,49.53,47.81,-0.0,1.72
2026-01-12 12:00:00-05:00,47.23,45.68,-0.0,1.55
2026-01-12 13:00:00-05:00,48.45,46.81,-0.0,1.64
2026-01-12 14:00:00-05:00,50.79,49.17,-0.0,1.62
2026-01-12 15:00:00-05:00,56.44,54.53,-0.0,1.91
2026-01-12 16:00:00-05:00,63.49,61.17,-0.0,2.32
2026-01-12 17:00:00-05:00,77.4,74.28,-0.0,3.12
2026-01-12 18:00:00-05:00,78.96,75.78,-0.0,3.18
2026-01-12 19:00:00-05:00,67.86,65.25,-0.0,2.61
2026-01-12 20:00:00-05:00,61.67,59.36,-0.0,2.31
2026-01-12 21:00:00-05:00,50.73,48.92,-0.0,1.81
2026-01-12 22:00:00-05:00,49.9,48.07,-0.0,1.83
2026-01-12 23:00:00-05:00,44.37,42.79,-0.0,1.58
2026-01-13 00:00:00-05:00,43.84,41.95,-0.0,1.89
2026-01-13 01:00:00-05:00,43.09,41.19,-0.0,1.9
2026-01-13 02:00:00-05:00,42.97,41.12,-0.0,1.85
2026-01-13 03:00:00-05:00,40.75,39.07,-0.0,1.68
2026-01-13 04:00:00-05:00,42.24,40.42,-0.0,1.82
2026-01-13 05:00:00-05:00,47.05,45.24,-0.0,1.81
2026-01-13 06:00:00-05:00,63.24,60.98,-0.0,2.26
2026-01-13 07:00:00-05:00,79.06,76.24,-0.0,2.82
2026-01-13 08:00:00-05:00,67.37,64.96,-0.0,2.41
2026-01-13 09:00:00-05:00,52.49,50.86,-0.0,1.63
2026-01-13 10:00:00-05:00,44.57,42.98,-0.0,1.59
2026-01-13 11:00:00-05:00,42.84,41.43,-0.0,1.41
2026-01-13 12:00:00-05:00,41.75,40.49,-0.0,1.26
2026-01-13 13:00:00-05:00,41.66,40.41,-0.0,1.25
2026-01-13 14:00:00-05:00,41.76,40.5,-0.0,1.26
2026-01-13 15:00:00-05:00,50.98,49.54,-0.0,1.44
2026-01-13 16:00:00-05:00,54.8,53.0,-0.0,1.8
2026-01-13 17:00:00-05:00,68.89,66.24,-0.0,2.65
2026-01-13 18:00:00-05:00,60.72,58.44,-0.0,2.28
2026-01-13 19:00:00-05:00,52.8,50.52,-0.0,2.28
2026-01-13 20:00:00-05:00,50.46,48.57,-0.0,1.89
2026-01-13 21:00:00-05:00,45.43,43.6,-0.0,1.83
2026-01-13 22:00:00-05:00,43.33,41.54,-0.0,1.79
2026-01-13 23:00:00-05:00,41.77,39.84,0.26,1.67
2026-01-14 00:00:00-05:00,33.17,31.68,-0.0,1.49
2026-01-14 01:00:00-05:00,32.42,30.99,-0.0,1.43
2026-01-14 02:00:00-05:00,31.05,29.68,-0.0,1.37
2026-01-14 03:00:00-05:00,30.87,29.48,-0.0,1.39
2026-01-14 04:00:00-05:00,32.45,31.02,-0.0,1.43
2026-01-14 05:00:00-05:00,35.46,33.14,0.79,1.53
2026-01-14 06:00:00-05:00,49.32,40.0,7.56,1.76
2026-01-14 07:00:00-05:00,54.02,51.89,-0.0,2.13
2026-01-14 08:00:00-05:00,51.12,49.25,-0.0,1.87
2026-01-14 09:00:00-05:00,52.7,50.82,-0.0,1.88
2026-01-14 10:00:00-05:00,51.72,49.97,-0.0,1.75
2026-01-14 11:00:00-05:00,50.69,48.98,-0.0,1.71
2026-01-14 12:00:00-05:00,49.5,48.06,-0.0,1.44
2026-01-14 13:00:00-05:00,48.07,46.54,-0.0,1.53
2026-01-14 14:00:00-05:00,50.44,48.83,-0.0,1.61
2026-01-14 15:00:00-05:00,54.66,52.92,-0.0,1.74
2026-01-14 16:00:00-05:00,58.6,56.78,-0.0,1.82
2026-01-14 17:00:00-05:00,69.67,67.57,-0.0,2.1
2026-01-14 18:00:00-05:00,60.07,57.87,-0.0,2.2
2026-01-14 19:00:00-05:00,58.74,56.92,-0.0,1.82
2026-01-14 20:00:00-05:00,53.85,52.13,-0.0,1.72
2026-01-14 21:00:00-05:00,46.77,45.32,-0.0,1.45
2026-01-14 22:00:00-05:00,45.83,44.32,-0.0,1.51
2026-01-14 23:00:00-05:00,41.82,40.44,-0.0,1.38
2026-01-15 00:00:00-05:00,45.62,43.74,-0.0,1.88
2026-01-15 01:00:00-05:00,43.71,41.79,-0.0,1.92
2026-01-15 02:00:00-05:00,41.78,39.94,-0.0,1.84
2026-01-15 03:00:00-05:00,41.37,39.55,-0.0,1.82
2026-01-15 04:00:00-05:00,42.05,40.2,-0.0,1.85
2026-01-15 05:00:00-05:00,45.85,43.83,-0.0,2.02
2026-01-15 06:00:00-05:00,54.73,52.27,-0.0,2.46
2026-01-15 07:00:00-05:00,65.39,62.51,-0.0,2.88
2026-01-15 08:00:00-05:00,62.02,59.46,-0.0,2.56
2026-01-15 09:00:00-05:00,60.37,57.94,-0.0,2.43
2026-01-15 10:00:00-05:00,68.21,65.27,-0.0,2.94
2026-01-15 11:00:00-05:00,68.07,65.14,-0.0,2.93
2026-01-15 12:00:00-05:00,67.92,65.24,-0.0,2.68
2026-01-15 13:00:00-05:00,68.85,66.2,-0.0,2.65
2026-01-15 14:00:00-05:00,69.7,66.89,-0.0,2.81
2026-01-15 15:00:00-05:00,74.69,71.61,-0.0,3.08
2026-01-15 16:00:00-05:00,83.86,80.25,-0.0,3.61
2026-01-15 17:00:00-05:00,101.1,96.56,-0.0,4.54
2026-01-15 18:00:00-05:00,100.56,96.23,-0.0,4.33
2026-01-15 19:00:00-05:00,89.87,86.0,-0.0,3.87
2026-01-15 20:00:00-05:00,85.81,82.03,-0.0,3.78
2026-01-15 21:00:00-05:00,78.03,74.6,-0.0,3.43
2026-01-15 22:00:00-05:00,71.64,68.49,-0.0,3.15
2026-01-15 23:00:00-05:00,69.47,66.23,-0.0,3.24
2026-01-16 00:00:00-05:00,84.38,65.61,15.03,3.74
2026-01-16 01:00:00-05:00,80.3,60.72,16.12,3.46
2026-01-16 02:00:00-05:00,77.11,56.88,16.93,3.3
2026-01-16 03:00:00-05:00,71.84,56.85,11.75,3.24
2026-01-16 04:00:00-05:00,66.84,60.9,2.41,3.53
2026-01-16 05:00:00-05:00,78.67,63.75,11.1,3.82
2026-01-16 06:00:00-05:00,94.06,78.85,10.4,4.81
2026-01-16 07:00:00-05:00,107.9,101.79,-0.0,6.11
2026-01-16 08:00:00-05:00,86.52,82.09,-0.0,4.43
2026-01-16 09:00:00-05:00,76.89,73.44,-0.0,3.45
2026-01-16 10:00:00-05:00,73.92,70.86,0.15,2.91
2026-01-16 11:00:00-05:00,68.71,66.0,-0.0,2.71
2026-01-16 12:00:00-05:00,66.67,64.42,-0.0,2.25
2026-01-16 13:00:00-05:00,66.52,64.4,-0.0,2.12
2026-01-16 14:00:00-05:00,75.26,72.57,-0.0,2.69
2026-01-16 15:00:00-05:00,84.3,80.9,-0.0,3.4
2026-01-16 16:00:00-05:00,86.68,82.87,-0.0,3.81
2026-01-16 17:00:00-05:00,103.13,98.41,-0.0,4.72
2026-01-16 18:00:00-05:00,97.7,93.31,-0.0,4.39
2026-01-16 19:00:00-05:00,86.15,82.28,-0.0,3.87
2026-01-16 20:00:00-05:00,85.45,81.54,-0.0,3.91
2026-01-16 21:00:00-05:00,82.93,79.06,-0.0,3.87
2026-01-16 22:00:00-05:00,80.1,76.29,-0.0,3.81
2026-01-16 23:00:00-05:00,73.2,69.58,-0.0,3.62
2026-01-17 00:00:00-05:00,59.94,56.98,-0.0,2.96
2026-01-17 01:00:00-05:00,61.68,58.63,-0.0,3.05
2026-01-17 02:00:00-05:00,57.67,54.82,-0.0,2.85
2026-01-17 03:00:00-05:00,54.51,51.82,-0.0,2.69
2026-01-17 04:00:00-05:00,53.15,50.52,-0.0,2.63
2026-01-17 05:00:00-05:00,50.81,48.35,-0.0,2.46
2026-01-17 06:00:00-05:00,57.29,54.51,-0.0,2.78
2026-01-17 07:00:00-05:00,56.37,53.94,-0.0,2.43
2026-01-17 08:00:00-05:00,59.99,57.4,-0.0,2.59
2026-01-17 09:00:00-05:00,75.81,72.54,-0.0,3.27
2026-01-17 10:00:00-05:00,87.53,83.76,-0.0,3.77
2026-01-17 11:00:00-05:00,89.6,85.99,-0.0,3.61
2026-01-17 12:00:00-05:00,90.23,86.68,-0.0,3.55
2026-01-17 13:00:00-05:00,91.85,88.23,-0.0,3.62
2026-01-17 14:00:00-05:00,90.19,86.47,-0.0,3.72
2026-01-17 15:00:00-05:00,94.11,90.32,-0.0,3.79
2026-01-17 16:00:00-05:00,105.2,100.77,-0.0,4.43
2026-01-17 17:00:00-05:00,108.34,103.67,-0.0,4.67
2026-01-17 18:00:00-05:00,109.72,105.1,-0.0,4.62
2026-01-17 19:00:00-05:00,85.86,81.93,-0.0,3.93
2026-01-17 20:00:00-05:00,80.22,76.47,-0.0,3.75
2026-01-17 21:00:00-05:00,74.26,70.86,-0.0,3.4
2026-01-17 22:00:00-05:00,72.09,68.66,-0.0,3.43
2026-01-17 23:00:00-05:00,66.09,62.94,-0.0,3.15
2026-01-18 00:00:00-05:00,66.4,63.24,-0.0,3.16
2026-01-18 01:00:00-05:00,63.58,58.17,2.39,3.02
2026-01-18 02:00:00-05:00,58.18,55.08,0.24,2.86
2026-01-18 03:00:00-05:00,54.53,51.68,0.16,2.69
2026-01-18 04:00:00-05:00,55.21,47.88,4.84,2.49
2026-01-18 05:00:00-05:00,54.56,50.77,1.2,2.59
2026-01-18 06:00:00-05:00,56.31,51.33,2.47,2.51
2026-01-18 07:00:00-05:00,55.68,53.13,-0.0,2.55
2026-01-18 08:00:00-05:00,67.39,64.24,-0.0,3.15
2026-01-18 09:00:00-05:00,68.94,65.84,-0.0,3.1
2026-01-18 10:00:00-05:00,88.03,61.54,23.6,2.89
2026-01-18 11:00:00-05:00,91.4,64.65,23.65,3.1
2026-01-18 12:00:00-05:00,88.33,68.86,16.3,3.17
2026-01-18 13:00:00-05:00,88.06,79.33,4.92,3.81
2026-01-18 14:00:00-05:00,89.3,85.13,-0.0,4.17
2026-01-18 15:00:00-05:00,91.96,87.67,-0.0,4.29
2026-01-18 16:00:00-05:00,103.99,98.95,-0.0,5.04
2026-01-18 17:00:00-05:00,116.13,108.33,1.85,5.95
2026-01-18 18:00:00-05:00,113.61,108.0,-0.0,5.61
2026-01-18 19:00:00-05:00,105.53,100.51,-0.0,5.02
2026-01-18 20:00:00-05:00,103.08,97.99,-0.0,5.09
2026-01-18 21:00:00-05:00,94.3,89.73,-0.0,4.57
2026-01-18 22:00:00-05:00,88.95,84.72,-0.0,4.23
2026-01-18 23:00:00-05:00,84.38,80.29,-0.0,4.09
2026-01-19 00:00:00-05:00,87.85,83.83,-0.0,4.02
2026-01-19 01:00:00-05:00,82.39,78.47,-0.0,3.92
2026-01-19 02:00:00-05:00,80.13,76.32,-0.0,3.81
2026-01-19 03:00:00-05:00,74.79,71.23,-0.0,3.56
2026-01-19 04:00:00-05:00,76.54,72.83,-0.0,3.71
2026-01-19 05:00:00-05:00,82.18,78.12,-0.0,4.06
2026-01-19 06:00:00-05:00,106.21,101.06,-0.0,5.15
2026-01-19 07:00:00-05:00,118.56,113.68,-0.0,4.88
2026-01-19 08:00:00-05:00,119.33,114.63,-0.0,4.7
2026-01-19 09:00:00-05:00,114.69,110.17,-0.0,4.52
2026-01-19 10:00:00-05:00,126.06,121.69,-0.0,4.37
2026-01-19 11:00:00-05:00,117.8,113.05,-0.0,4.75
2026-01-19 12:00:00-05:00,119.36,114.44,-0.0,4.92
2026-01-19 13:00:00-05:00,120.44,115.25,-0.0,5.19
2026-01-19 14:00:00-05:00,120.1,115.15,-0.0,4.95
2026-01-19 15:00:00-05:00,121.09,115.87,-0.0,5.22
2026-01-19 16:00:00-05:00,150.72,144.22,-0.0,6.5
2026-01-19 17:00:00-05:00,169.5,162.04,-0.0,7.46
2026-01-19 18:00:00-05:00,160.92,153.84,-0.0,7.08
2026-01-19 19:00:00-05:00,156.18,149.45,-0.0,6.73
2026-01-19 20:00:00-05:00,132.72,126.76,-0.0,5.96
2026-01-19 21:00:00-05:00,121.88,109.42,6.99,5.47
2026-01-19 22:00:00-05:00,122.98,109.53,7.76,5.69
2026-01-19 23:00:00-05:00,118.45,109.3,3.25,5.9
2026-01-20 00:00:00-05:00,131.93,73.79,54.53,3.61
2026-01-20 01:00:00-05:00,130.04,71.76,54.62,3.66
2026-01-20 02:00:00-05:00,128.64,75.26,49.62,3.76
2026-01-20 03:00:00-05:00,122.06,79.06,38.89,4.11
2026-01-20 04:00:00-05:00,126.62,81.09,41.24,4.29
2026-01-20 05:00:00-05:00,133.43,85.18,43.4,4.85
2026-01-20 06:00:00-05:00,154.95,121.7,26.68,6.57
2026-01-20 07:00:00-05:00,162.84,154.21,-0.0,8.63
2026-01-20 08:00:00-05:00,155.12,147.46,-0.0,7.66
2026-01-20 09:00:00-05:00,140.4,133.97,-0.0,6.43
2026-01-20 10:00:00-05:00,149.49,143.2,-0.0,6.29
2026-01-20 11:00:00-05:00,137.37,108.43,24.06,4.88
2026-01-20 12:00:00-05:00,131.76,108.32,18.45,4.99
2026-01-20 13:00:00-05:00,131.92,104.93,22.16,4.83
2026-01-20 14:00:00-05:00,131.69,98.01,29.27,4.41
2026-01-20 15:00:00-05:00,136.59,123.16,7.76,5.67
2026-01-20 16:00:00-05:00,160.03,152.56,-0.0,7.47
2026-01-20 17:00:00-05:00,188.78,179.62,-0.0,9.16
2026-01-20 18:00:00-05:00,181.2,172.57,-0.0,8.63
2026-01-20 19:00:00-05:00,175.65,167.29,-0.0,8.36
2026-01-20 20:00:00-05:00,161.76,154.06,-0.0,7.7
2026-01-20 21:00:00-05:00,142.95,135.89,-0.0,7.06
2026-01-20 22:00:00-05:00,145.28,108.33,31.54,5.41
2026-01-20 23:00:00-05:00,141.36,108.22,27.52,5.62
2026-01-21 00:00:00-05:00,134.14,107.89,20.86,5.39
2026-01-21 01:00:00-05:00,130.54,104.9,20.4,5.24
2026-01-21 02:00:00-05:00,132.06,97.31,29.69,5.06
2026-01-21 03:00:00-05:00,133.37,97.42,30.89,5.06
2026-01-21 04:00:00-05:00,136.56,100.5,30.74,5.32
2026-01-21 05:00:00-05:00,140.79,109.89,24.97,5.93
2026-01-21 06:00:00-05:00,165.34,126.58,31.8,6.96
2026-01-21 07:00:00-05:00,174.9,165.63,-0.0,9.27
2026-01-21 08:00:00-05:00,164.73,153.4,3.21,8.12
2026-01-21 09:00:00-05:00,145.01,138.37,-0.0,6.64
2026-01-21 10:00:00-05:00,129.92,124.2,-0.0,5.72
2026-01-21 11:00:00-05:00,120.37,108.0,7.4,4.97
2026-01-21 12:00:00-05:00,121.3,105.01,11.56,4.73
2026-01-21 13:00:00-05:00,122.65,102.99,14.82,4.84
2026-01-21 14:00:00-05:00,123.07,103.1,14.82,5.15
2026-01-21 15:00:00-05:00,128.72,102.83,20.44,5.45
2026-01-21 16:00:00-05:00,136.96,112.29,18.61,6.06
2026-01-21 17:00:00-05:00,167.64,142.56,17.1,7.98
2026-01-21 18:00:00-05:00,160.48,128.56,24.72,7.2
2026-01-21 19:00:00-05:00,146.46,114.77,25.5,6.19
2026-01-21 20:00:00-05:00,135.57,104.9,25.01,5.66
2026-01-21 21:00:00-05:00,127.5,90.66,32.13,4.71
2026-01-21 22:00:00-05:00,119.44,83.72,31.45,4.27
2026-01-21 23:00:00-05:00,113.89,79.5,30.42,3.97
2026-01-22 00:00:00-05:00,74.34,70.67,-0.0,3.67
2026-01-22 01:00:00-05:00,72.72,69.0,-0.0,3.72
2026-01-22 02:00:00-05:00,73.79,69.79,0.16,3.84
2026-01-22 03:00:00-05:00,70.91,67.28,-0.0,3.63
2026-01-22 04:00:00-05:00,73.78,65.83,4.33,3.62
2026-01-22 05:00:00-05:00,78.63,69.79,4.93,3.91
2026-01-22 06:00:00-05:00,100.11,79.92,15.8,4.39
2026-01-22 07:00:00-05:00,103.7,98.39,-0.0,5.31
2026-01-22 08:00:00-05:00,92.11,87.64,-0.0,4.47
2026-01-22 09:00:00-05:00,72.93,69.93,-0.0,3.0
2026-01-22 10:00:00-05:00,72.55,69.5,-0.0,3.05
2026-01-22 11:00:00-05:00,61.81,59.37,-0.0,2.44
2026-01-22 12:00:00-05:00,61.4,58.93,-0.0,2.47
2026-01-22 13:00:00-05:00,59.75,57.34,-0.0,2.41
2026-01-22 14:00:00-05:00,59.99,57.57,-0.0,2.42
2026-01-22 15:00:00-05:00,70.32,67.29,-0.0,3.03
2026-01-22 16:00:00-05:00,89.33,85.16,-0.0,4.17
2026-01-22 17:00:00-05:00,107.66,102.34,-0.0,5.32
2026-01-22 18:00:00-05:00,103.3,98.29,-0.0,5.01
2026-01-22 19:00:00-05:00,95.28,90.66,-0.0,4.62
2026-01-22 20:00:00-05:00,85.29,80.29,0.83,4.17
2026-01-22 21:00:00-05:00,72.76,69.1,-0.0,3.66
2026-01-22 22:00:00-05:00,71.05,67.73,-0.0,3.32
2026-01-22 23:00:00-05:00,64.32,61.32,-0.0,3.0
2026-01-23 00:00:00-05:00,85.5,81.51,-0.0,3.99
2026-01-23 01:00:00-05:00,85.68,81.52,-0.0,4.16
2026-01-23 02:00:00-05:00,83.0,79.05,-0.0,3.95
2026-01-23 03:00:00-05:00,82.74,78.88,-0.0,3.86
2026-01-23 04:00:00-05:00,85.0,80.95,-0.0,4.05
2026-01-23 05:00:00-05:00,87.85,83.67,-0.0,4.18
2026-01-23 06:00:00-05:00,100.69,95.35,-0.0,5.34
2026-01-23 07:00:00-05:00,131.24,125.71,-0.0,5.53
2026-01-23 08:00:00-05:00,131.82,126.39,-0.0,5.43
2026-01-23 09:00:00-05:00,107.34,100.68,2.33,4.33
2026-01-23 10:00:00-05:00,121.95,93.48,24.54,3.93
2026-01-23 11:00:00-05:00,124.01,93.49,26.69,3.83
2026-01-23 12:00:00-05:00,119.63,93.49,22.5,3.64
2026-01-23 13:00:00-05:00,120.94,93.57,23.72,3.65
2026-01-23 14:00:00-05:00,126.4,93.59,28.88,3.93
2026-01-23 15:00:00-05:00,127.45,114.29,8.01,5.15
2026-01-23 16:00:00-05:00,146.74,139.36,-0.0,7.38
2026-01-23 17:00:00-05:00,192.93,184.81,-0.0,8.12
2026-01-23 18:00:00-05:00,183.21,175.66,-0.0,7.55
2026-01-23 19:00:00-05:00,175.25,167.87,-0.0,7.38
2026-01-23 20:00:00-05:00,170.24,162.75,-0.0,7.49
2026-01-23 21:00:00-05:00,150.11,130.23,12.85,7.03
2026-01-23 22:00:00-05:00,141.98,125.76,9.31,6.91
2026-01-23 23:00:00-05:00,135.11,127.58,-0.0,7.53
2026-01-24 00:00:00-05:00,201.08,191.15,-0.0,9.93
2026-01-24 01:00:00-05:00,198.93,190.0,-0.0,8.93
2026-01-24 02:00:00-05:00,197.57,189.43,-0.0,8.14
2026-01-24 03:00:00-05:00,197.56,189.24,-0.0,8.32
2026-01-24 04:00:00-05:00,198.92,189.81,-0.0,9.11
2026-01-24 05:00:00-05:00,210.22,201.37,-0.0,8.85
2026-01-24 06:00:00-05:00,245.43,235.76,-0.0,9.67
2026-01-24 07:00:00-05:00,291.62,279.61,-0.0,12.01
2026-01-24 08:00:00-05:00,277.38,266.2,-0.0,11.18
2026-01-24 09:00:00-05:00,251.36,242.39,-0.0,8.97
2026-01-24 10:00:00-05:00,269.49,259.87,-0.0,9.62
2026-01-24 11:00:00-05:00,252.03,243.74,-0.0,8.29
2026-01-24 12:00:00-05:00,232.67,223.5,-0.0,9.17
2026-01-24 13:00:00-05:00,230.84,220.89,-0.0,9.95
2026-01-24 14:00:00-05:00,230.83,220.88,-0.0,9.95
2026-01-24 15:00:00-05:00,285.48,275.03,-0.0,10.45
2026-01-24 16:00:00-05:00,256.28,244.54,-0.0,11.74
2026-01-24 17:00:00-05:00,317.31,301.63,-0.0,15.68
2026-01-24 18:00:00-05:00,310.41,295.36,-0.0,15.05
2026-01-24 19:00:00-05:00,291.68,277.53,-0.0,14.15
2026-01-24 20:00:00-05:00,271.0,257.86,-0.0,13.14
2026-01-24 21:00:00-05:00,239.66,228.9,-0.0,10.76
2026-01-24 22:00:00-05:00,273.08,262.32,-0.0,10.76
2026-01-24 23:00:00-05:00,273.93,262.4,-0.0,11.53
2026-01-25 00:00:00-05:00,382.25,370.4,-0.0,11.85
2026-01-25 01:00:00-05:00,358.19,347.41,-0.0,10.78
2026-01-25 02:00:00-05:00,349.57,338.42,-0.0,11.15
2026-01-25 03:00:00-05:00,334.09,323.43,-0.0,10.66
2026-01-25 04:00:00-05:00,338.56,327.76,-0.0,10.8
2026-01-25 05:00:00-05:00,357.23,345.83,-0.0,11.4
2026-01-25 06:00:00-05:00,418.85,405.49,-0.0,13.36
2026-01-25 07:00:00-05:00,380.85,366.19,-0.0,14.66
2026-01-25 08:00:00-05:00,378.6,361.94,-0.0,16.66
2026-01-25 09:00:00-05:00,385.28,369.06,-0.0,16.22
2026-01-25 10:00:00-05:00,409.09,392.24,-0.0,16.85
2026-01-25 11:00:00-05:00,414.02,397.33,-0.0,16.69
2026-01-25 12:00:00-05:00,411.51,394.56,-0.0,16.95
2026-01-25 13:00:00-05:00,407.32,390.17,-0.0,17.15
2026-01-25 14:00:00-05:00,407.19,390.05,-0.0,17.14
2026-01-25 15:00:00-05:00,436.73,419.13,-0.0,17.6
2026-01-25 16:00:00-05:00,375.46,358.6,-0.0,16.86
2026-01-25 17:00:00-05:00,433.75,414.27,-0.0,19.48
2026-01-25 18:00:00-05:00,418.09,398.94,-0.0,19.15
2026-01-25 19:00:00-05:00,393.31,375.65,-0.0,17.66
2026-01-25 20:00:00-05:00,358.57,343.8,-0.0,14.77
2026-01-25 21:00:00-05:00,321.18,307.66,-0.0,13.52
2026-01-25 22:00:00-05:00,321.73,309.34,-0.0,12.39
2026-01-25 23:00:00-05:00,329.74,316.45,-0.0,13.29
2026-01-26 00:00:00-05:00,418.05,403.92,-0.0,14.13
2026-01-26 01:00:00-05:00,379.92,367.08,-0.0,12.84
2026-01-26 02:00:00-05:00,358.26,346.47,-0.0,11.79
2026-01-26 03:00:00-05:00,353.7,342.42,-0.0,11.28
2026-01-26 04:00:00-05:00,371.78,359.55,-0.0,12.23
2026-01-26 05:00:00-05:00,427.9,413.44,-0.0,14.46
2026-01-26 06:00:00-05:00,518.91,498.0,-0.0,20.91
2026-01-26 07:00:00-05:00,524.0,500.0,-0.0,24.0
2026-01-26 08:00:00-05:00,551.02,523.8,-0.0,27.22
2026-01-26 09:00:00-05:00,554.03,527.16,-0.0,26.87
2026-01-26 10:00:00-05:00,538.35,514.18,-0.0,24.17
2026-01-26 11:00:00-05:00,542.37,518.02,-0.0,24.35
2026-01-26 12:00:00-05:00,533.67,510.19,-0.0,23.48
2026-01-26 13:00:00-05:00,522.5,500.5,-0.0,22.0
2026-01-26 14:00:00-05:00,536.33,514.72,-0.0,21.61
2026-01-26 15:00:00-05:00,554.21,530.88,-0.0,23.33
2026-01-26 16:00:00-05:00,444.14,423.4,-0.0,20.74
2026-01-26 17:00:00-05:00,533.83,507.46,-0.0,26.37
2026-01-26 18:00:00-05:00,512.02,487.19,-0.0,24.83
2026-01-26 19:00:00-05:00,499.88,476.09,-0.0,23.79
2026-01-26 20:00:00-05:00,469.68,447.32,-0.0,22.36
2026-01-26 21:00:00-05:00,456.59,438.6,-0.0,17.99
2026-01-26 22:00:00-05:00,526.0,506.75,-0.0,19.25
2026-01-26 23:00:00-05:00,484.21,467.41,-0.0,16.8
2026-01-27 00:00:00-05:00,595.89,569.67,-0.0,26.22
2026-01-27 01:00:00-05:00,603.08,575.46,-0.0,27.62
2026-01-27 02:00:00-05:00,598.19,571.33,-0.0,26.86
2026-01-27 03:00:00-05:00,599.34,572.97,-0.0,26.37
2026-01-27 04:00:00-05:00,612.58,583.97,-0.0,28.61
2026-01-27 05:00:00-05:00,608.89,581.55,-0.0,27.34
2026-01-27 06:00:00-05:00,761.52,725.96,-0.0,35.56
2026-01-27 07:00:00-05:00,839.0,796.8,-0.0,42.2
2026-01-27 08:00:00-05:00,837.41,796.8,-0.0,40.61
2026-01-27 09:00:00-05:00,787.04,751.7,-0.0,35.34
2026-01-27 10:00:00-05:00,669.01,640.84,-0.0,28.17
2026-01-27 11:00:00-05:00,664.74,635.49,-0.0,29.25
2026-01-27 12:00:00-05:00,628.1,601.66,-0.0,26.44
2026-01-27 13:00:00-05:00,619.05,591.25,-0.0,27.8
2026-01-27 14:00:00-05:00,616.2,588.53,-0.0,27.67
2026-01-27 15:00:00-05:00,658.98,629.39,-0.0,29.59
2026-01-27 16:00:00-05:00,559.89,531.73,-0.0,28.16
2026-01-27 17:00:00-05:00,718.13,682.01,-0.0,36.12
2026-01-27 18:00:00-05:00,726.21,689.68,-0.0,36.53
2026-01-27 19:00:00-05:00,658.7,625.57,-0.0,33.13
2026-01-27 20:00:00-05:00,606.85,574.14,-0.0,32.71
2026-01-27 21:00:00-05:00,597.99,568.45,-0.0,29.54
2026-01-27 22:00:00-05:00,608.11,580.26,-0.0,27.85
2026-01-27 23:00:00-05:00,603.87,577.3,-0.0,26.57
2026-01-28 00:00:00-05:00,658.83,625.69,-0.0,33.14
2026-01-28 01:00:00-05:00,609.65,578.44,-0.0,31.21
2026-01-28 02:00:00-05:00,581.05,551.3,-0.0,29.75
2026-01-28 03:00:00-05:00,582.66,552.3,-0.0,30.36
2026-01-28 04:00:00-05:00,639.82,605.91,-0.0,33.91
2026-01-28 05:00:00-05:00,841.33,798.25,-0.0,43.08
2026-01-28 06:00:00-05:00,1022.29,970.87,-0.0,51.42
2026-01-28 07:00:00-05:00,1024.32,972.8,-0.0,51.52
2026-01-28 08:00:00-05:00,1022.3,971.8,-0.0,50.5
2026-01-28 09:00:00-05:00,1015.43,965.27,-0.0,50.16
2026-01-28 10:00:00-05:00,989.54,940.66,-0.0,48.88
2026-01-28 11:00:00-05:00,965.48,918.65,-0.0,46.83
2026-01-28 12:00:00-05:00,918.28,875.4,-0.0,42.88
2026-01-28 13:00:00-05:00,898.99,855.39,-0.0,43.6
2026-01-28 14:00:00-05:00,915.24,870.03,-0.0,45.21
2026-01-28 15:00:00-05:00,1059.28,1006.0,-0.0,53.28
2026-01-28 16:00:00-05:00,550.49,518.84,-0.0,31.65
2026-01-28 17:00:00-05:00,907.37,790.39,68.76,48.22
2026-01-28 18:00:00-05:00,905.74,788.11,69.55,48.08
2026-01-28 19:00:00-05:00,812.01,765.98,0.07,45.96
2026-01-28 20:00:00-05:00,665.52,594.9,34.33,36.29
2026-01-28 21:00:00-05:00,630.26,596.86,-0.0,33.4
2026-01-28 22:00:00-05:00,962.43,914.89,-0.0,47.54
2026-01-28 23:00:00-05:00,902.54,859.58,-0.0,42.96
2026-01-29 00:00:00-05:00,405.53,386.23,-0.0,19.3
2026-01-29 01:00:00-05:00,371.73,354.37,-0.0,17.36
2026-01-29 02:00:00-05:00,337.49,321.73,-0.0,15.76
2026-01-29 03:00:00-05:00,341.29,325.35,-0.0,15.94
2026-01-29 04:00:00-05:00,391.77,373.47,-0.0,18.3
2026-01-29 05:00:00-05:00,491.32,471.08,-0.0,20.24
2026-01-29 06:00:00-05:00,666.69,638.62,-0.0,28.07
2026-01-29 07:00:00-05:00,712.73,680.73,-0.0,32.0
2026-01-29 08:00:00-05:00,706.74,675.01,-0.0,31.73
2026-01-29 09:00:00-05:00,640.8,612.6,-0.0,28.2
2026-01-29 10:00:00-05:00,571.35,547.3,-0.0,24.05
2026-01-29 11:00:00-05:00,544.21,518.31,-0.0,25.9
2026-01-29 12:00:00-05:00,473.43,450.47,-0.0,22.96
2026-01-29 13:00:00-05:00,466.82,444.18,-0.0,22.64
2026-01-29 14:00:00-05:00,475.69,451.33,-0.0,24.36
2026-01-29 15:00:00-05:00,481.88,457.64,-0.0,24.24
2026-01-29 16:00:00-05:00,512.2,488.74,-0.0,23.46
2026-01-29 17:00:00-05:00,693.46,660.45,-0.0,33.01
2026-01-29 18:00:00-05:00,691.59,658.67,-0.0,32.92
2026-01-29 19:00:00-05:00,624.16,595.01,-0.0,29.15
2026-01-29 20:00:00-05:00,578.98,552.46,-0.0,26.52
2026-01-29 21:00:00-05:00,543.62,519.7,-0.0,23.92
2026-01-29 22:00:00-05:00,602.88,576.9,-0.0,25.98
2026-01-29 23:00:00-05:00,443.11,421.22,-0.0,21.89
2026-01-30 00:00:00-05:00,306.24,293.62,-0.0,12.62
2026-01-30 01:00:00-05:00,284.56,271.78,-0.0,12.78
2026-01-30 02:00:00-05:00,267.42,255.65,-0.0,11.77
2026-01-30 03:00:00-05:00,259.54,248.12,-0.0,11.42
2026-01-30 04:00:00-05:00,280.48,267.38,-0.0,13.1
2026-01-30 05:00:00-05:00,340.47,325.8,-0.0,14.67
2026-01-30 06:00:00-05:00,474.31,455.2,-0.0,19.11
2026-01-30 07:00:00-05:00,513.46,493.69,-0.0,19.77
2026-01-30 08:00:00-05:00,497.61,478.95,-0.0,18.66
2026-01-30 09:00:00-05:00,455.95,439.67,-0.0,16.28
2026-01-30 10:00:00-05:00,403.43,387.53,-0.0,15.9
2026-01-30 11:00:00-05:00,374.2,359.46,-0.0,14.74
2026-01-30 12:00:00-05:00,328.94,315.98,-0.0,12.96
2026-01-30 13:00:00-05:00,301.82,289.93,-0.0,11.89
2026-01-30 14:00:00-05:00,303.94,291.42,-0.0,12.52
2026-01-30 15:00:00-05:00,325.82,311.19,-0.0,14.63
2026-01-30 16:00:00-05:00,420.78,400.75,-0.0,20.03
2026-01-30 17:00:00-05:00,484.6,459.79,-0.0,24.81
2026-01-30 18:00:00-05:00,505.96,481.42,-0.0,24.54
2026-01-30 19:00:00-05:00,459.63,436.92,-0.0,22.71
2026-01-30 20:00:00-05:00,424.29,401.8,-0.0,22.49
2026-01-30 21:00:00-05:00,411.5,391.91,-0.0,19.59
2026-01-30 22:00:00-05:00,401.46,383.43,-0.0,18.03
2026-01-30 23:00:00-05:00,374.33,358.2,-0.0,16.13
2026-01-31 00:00:00-05:00,252.47,238.18,-0.0,14.29
2026-01-31 01:00:00-05:00,240.2,226.39,-0.0,13.81
2026-01-31 02:00:00-05:00,222.27,209.69,-0.0,12.58
2026-01-31 03:00:00-05:00,217.16,204.87,-0.0,12.29
2026-01-31 04:00:00-05:00,222.79,209.78,-0.0,13.01
2026-01-31 05:00:00-05:00,234.66,221.38,-0.0,13.28
2026-01-31 06:00:00-05:00,271.94,256.79,-0.0,15.15
2026-01-31 07:00:00-05:00,305.46,288.45,-0.0,17.01
2026-01-31 08:00:00-05:00,317.15,301.2,-0.0,15.95
2026-01-31 09:00:00-05:00,285.56,271.71,-0.0,13.85
2026-01-31 10:00:00-05:00,261.5,248.82,-0.0,12.68
2026-01-31 11:00:00-05:00,232.96,221.87,-0.0,11.09
2026-01-31 12:00:00-05:00,218.52,207.33,-0.0,11.19
2026-01-31 13:00:00-05:00,209.31,198.22,-0.0,11.09
2026-01-31 14:00:00-05:00,213.41,201.72,-0.0,11.69
2026-01-31 15:00:00-05:00,222.37,210.18,-0.0,12.19
2026-01-31 16:00:00-05:00,255.08,240.18,-0.0,14.9
2026-01-31 17:00:00-05:00,314.31,295.67,-0.0,18.64
2026-01-31 18:00:00-05:00,305.17,287.07,-0.0,18.1
2026-01-31 19:00:00-05:00,292.7,275.08,-0.0,17.62
2026-01-31 20:00:00-05:00,262.96,246.92,-0.0,16.04
2026-01-31 21:00:00-05:00,262.29,247.92,-0.0,14.37
2026-01-31 22:00:00-05:00,238.44,225.59,-0.0,12.85
2026-01-31 23:00:00-05:00,241.23,227.79,-0.0,13.44
2026-02-01 00:00:00-05:00,300.99,284.5,-0.0,16.49
2026-02-01 01:00:00-05:00,277.76,262.79,-0.0,14.97
2026-02-01 02:00:00-05:00,254.15,240.22,-0.0,13.93
2026-02-01 03:00:00-05:00,238.7,225.62,-0.0,13.08
2026-02-01 04:00:00-05:00,248.49,235.54,-0.0,12.95
2026-02-01 05:00:00-05:00,258.26,244.34,-0.0,13.92
2026-02-01 06:00:00-05:00,272.97,258.01,-0.0,14.96
2026-02-01 07:00:00-05:00,288.41,272.61,-0.0,15.8
2026-02-01 08:00:00-05:00,303.79,287.14,-0.0,16.65
2026-02-01 09:00:00-05:00,329.49,311.73,-0.0,17.76
2026-02-01 10:00:00-05:00,295.96,280.27,-0.0,15.69
2026-02-01 11:00:00-05:00,277.55,262.59,-0.0,14.96
2026-02-01 12:00:00-05:00,251.99,228.97,9.28,13.74
2026-02-01 13:00:00-05:00,245.68,186.33,48.73,10.62
2026-02-01 14:00:00-05:00,245.74,181.26,54.15,10.33
2026-02-01 15:00:00-05:00,225.48,212.94,0.2,12.34
2026-02-01 16:00:00-05:00,280.25,266.41,-0.0,13.84
2026-02-01 17:00:00-05:00,327.48,310.42,-0.0,17.06
2026-02-01 18:00:00-05:00,322.36,305.56,-0.0,16.8
2026-02-01 19:00:00-05:00,299.75,284.67,-0.0,15.08
2026-02-01 20:00:00-05:00,288.62,274.1,-0.0,14.52
2026-02-01 21:00:00-05:00,262.41,249.21,-0.0,13.2
2026-02-01 22:00:00-05:00,247.82,235.58,-0.0,12.24
2026-02-01 23:00:00-05:00,235.19,222.72,-0.0,12.47
2026-02-02 00:00:00-05:00,228.53,215.8,-0.0,12.73
2026-02-02 01:00:00-05:00,201.72,190.3,-0.0,11.42
2026-02-02 02:00:00-05:00,200.8,189.8,-0.0,11.0
2026-02-02 03:00:00-05:00,199.18,187.91,-0.0,11.27
2026-02-02 04:00:00-05:00,202.06,190.26,-0.0,11.8
2026-02-02 05:00:00-05:00,210.91,198.4,-0.0,12.51
2026-02-02 06:00:00-05:00,282.7,267.46,-0.0,15.24
2026-02-02 07:00:00-05:00,309.75,293.33,-0.0,16.42
2026-02-02 08:00:00-05:00,311.98,296.85,-0.0,15.13
2026-02-02 09:00:00-05:00,289.13,276.15,-0.0,12.98
2026-02-02 10:00:00-05:00,247.03,234.38,-0.0,12.65
2026-02-02 11:00:00-05:00,208.81,198.49,-0.0,10.32
2026-02-02 12:00:00-05:00,198.51,170.12,19.72,8.67
2026-02-02 13:00:00-05:00,185.86,163.66,13.86,8.34
2026-02-02 14:00:00-05:00,174.29,161.46,4.6,8.23
2026-02-02 15:00:00-05:00,188.53,179.39,-0.0,9.14
2026-02-02 16:00:00-05:00,227.13,215.3,-0.0,11.83
2026-02-02 17:00:00-05:00,297.29,281.8,-0.0,15.49
2026-02-02 18:00:00-05:00,302.57,286.53,-0.0,16.04
2026-02-02 19:00:00-05:00,269.8,255.5,-0.0,14.3
2026-02-02 20:00:00-05:00,251.9,238.55,-0.0,13.35
2026-02-02 21:00:00-05:00,211.48,200.46,-0.0,11.02
2026-02-02 22:00:00-05:00,223.18,211.55,-0.0,11.63
2026-02-02 23:00:00-05:00,208.21,197.55,-0.0,10.66
2026-02-03 00:00:00-05:00,211.37,199.98,-0.0,11.39
2026-02-03 01:00:00-05:00,201.49,190.81,-0.0,10.68
2026-02-03 02:00:00-05:00,199.76,189.35,-0.0,10.41
2026-02-03 03:00:00-05:00,198.62,188.27,-0.0,10.35
2026-02-03 04:00:00-05:00,205.2,194.51,-0.0,10.69
2026-02-03 05:00:00-05:00,240.07,228.86,-0.0,11.21
2026-02-03 06:00:00-05:00,334.83,319.49,-0.0,15.34
2026-02-03 07:00:00-05:00,325.95,311.02,-0.0,14.93
2026-02-03 08:00:00-05:00,292.19,279.33,-0.0,12.86
2026-02-03 09:00:00-05:00,273.83,262.03,-0.0,11.8
2026-02-03 10:00:00-05:00,228.57,217.69,-0.0,10.88
2026-02-03 11:00:00-05:00,204.38,194.65,-0.0,9.73
2026-02-03 12:00:00-05:00,192.2,183.05,-0.0,9.15
2026-02-03 13:00:00-05:00,182.12,173.94,-0.0,8.18
2026-02-03 14:00:00-05:00,181.43,173.61,-0.0,7.82
2026-02-03 15:00:00-05:00,194.97,187.11,-0.0,7.86
2026-02-03 16:00:00-05:00,239.18,230.21,-0.0,8.97
2026-02-03 17:00:00-05:00,304.81,293.38,-0.0,11.43
2026-02-03 18:00:00-05:00,297.39,285.67,-0.0,11.72
2026-02-03 19:00:00-05:00,262.48,251.67,-0.0,10.81
2026-02-03 20:00:00-05:00,242.39,231.51,-0.0,10.88
2026-02-03 21:00:00-05:00,225.13,214.82,-0.0,10.31
2026-02-03 22:00:00-05:00,206.81,197.52,-0.0,9.29
2026-02-03 23:00:00-05:00,204.77,195.21,-0.0,9.56
2026-02-04 00:00:00-05:00,159.66,150.62,-0.0,9.04
2026-02-04 01:00:00-05:00,148.99,140.56,-0.0,8.43
2026-02-04 02:00:00-05:00,135.74,128.18,-0.0,7.56
2026-02-04 03:00:00-05:00,138.43,130.6,-0.0,7.83
2026-02-04 04:00:00-05:00,141.4,133.27,-0.0,8.13
2026-02-04 05:00:00-05:00,152.2,144.0,-0.0,8.2
2026-02-04 06:00:00-05:00,203.36,192.03,-0.0,11.33
2026-02-04 07:00:00-05:00,266.14,253.47,-0.0,12.67
2026-02-04 08:00:00-05:00,254.72,243.05,-0.0,11.67
2026-02-04 09:00:00-05:00,210.51,200.49,-0.0,10.02
2026-02-04 10:00:00-05:00,186.03,177.01,-0.0,9.02
2026-02-04 11:00:00-05:00,171.9,163.56,-0.0,8.34
2026-02-04 12:00:00-05:00,159.21,151.77,-0.0,7.44
2026-02-04 13:00:00-05:00,157.41,149.21,-0.0,8.2
2026-02-04 14:00:00-05:00,159.05,150.62,-0.0,8.43
2026-02-04 15:00:00-05:00,158.85,150.72,-0.0,8.13
2026-02-04 16:00:00-05:00,186.95,177.38,-0.0,9.57
2026-02-04 17:00:00-05:00,255.1,241.35,-0.0,13.75
2026-02-04 18:00:00-05:00,254.35,240.64,-0.0,13.71
2026-02-04 19:00:00-05:00,230.4,217.77,-0.0,12.63
2026-02-04 20:00:00-05:00,207.98,196.77,-0.0,11.21
2026-02-04 21:00:00-05:00,186.66,176.94,-0.0,9.72
2026-02-04 22:00:00-05:00,174.73,165.47,-0.0,9.26
2026-02-04 23:00:00-05:00,170.8,161.29,-0.0,9.51
2026-02-05 00:00:00-05:00,160.74,151.21,-0.0,9.53
2026-02-05 01:00:00-05:00,150.07,141.17,-0.0,8.9
2026-02-05 02:00:00-05:00,143.32,134.95,-0.0,8.37
2026-02-05 03:00:00-05:00,141.43,133.04,-0.0,8.39
2026-02-05 04:00:00-05:00,150.18,141.27,-0.0,8.91
2026-02-05 05:00:00-05:00,164.84,154.92,-0.0,9.92
2026-02-05 06:00:00-05:00,212.25,199.66,-0.0,12.59
2026-02-05 07:00:00-05:00,226.28,214.49,-0.0,11.79
2026-02-05 08:00:00-05:00,209.4,198.68,-0.0,10.72
2026-02-05 09:00:00-05:00,184.68,175.22,-0.0,9.46
2026-02-05 10:00:00-05:00,168.68,159.89,-0.0,8.79
2026-02-05 11:00:00-05:00,155.85,147.87,-0.0,7.98
2026-02-05 12:00:00-05:00,139.05,132.43,-0.0,6.62
2026-02-05 13:00:00-05:00,131.9,125.74,-0.0,6.16
2026-02-05 14:00:00-05:00,129.4,123.12,-0.0,6.28
2026-02-05 15:00:00-05:00,139.99,132.95,-0.0,7.04
2026-02-05 16:00:00-05:00,166.36,157.39,-0.0,8.97
2026-02-05 17:00:00-05:00,219.27,207.45,-0.0,11.82
2026-02-05 18:00:00-05:00,217.61,205.69,-0.0,11.92
2026-02-05 19:00:00-05:00,200.76,189.94,-0.0,10.82
2026-02-05 20:00:00-05:00,184.24,174.14,-0.0,10.1
2026-02-05 21:00:00-05:00,164.44,155.28,-0.0,9.16
2026-02-05 22:00:00-05:00,163.66,154.4,-0.0,9.26
2026-02-05 23:00:00-05:00,153.11,143.89,-0.0,9.22
2026-02-06 00:00:00-05:00,217.43,204.34,-0.0,13.09
2026-02-06 01:00:00-05:00,183.5,169.69,2.94,10.87
2026-02-06 02:00:00-05:00,165.66,155.62,0.23,9.81
2026-02-06 03:00:00-05:00,178.91,168.62,-0.0,10.29
2026-02-06 04:00:00-05:00,187.17,176.91,-0.0,10.26
2026-02-06 05:00:00-05:00,191.74,182.1,-0.0,9.64
2026-02-06 06:00:00-05:00,249.64,238.66,-0.0,10.98
2026-02-06 07:00:00-05:00,287.43,274.27,-0.0,13.16
2026-02-06 08:00:00-05:00,275.59,262.97,-0.0,12.62
2026-02-06 09:00:00-05:00,258.91,248.01,-0.0,10.9
2026-02-06 10:00:00-05:00,240.25,230.35,-0.0,9.9
2026-02-06 11:00:00-05:00,221.84,212.08,-0.0,9.76
2026-02-06 12:00:00-05:00,203.59,178.67,15.99,8.93
2026-02-06 13:00:00-05:00,200.61,153.81,39.26,7.54
2026-02-06 14:00:00-05:00,190.22,153.47,28.93,7.82
2026-02-06 15:00:00-05:00,200.69,175.0,16.42,9.27
2026-02-06 16:00:00-05:00,240.87,229.84,-0.0,11.03
2026-02-06 17:00:00-05:00,277.63,263.91,-0.0,13.72
2026-02-06 18:00:00-05:00,268.06,255.54,-0.0,12.52
2026-02-06 19:00:00-05:00,227.16,215.32,-0.0,11.84
2026-02-06 20:00:00-05:00,215.25,203.65,-0.0,11.6
2026-02-06 21:00:00-05:00,207.36,196.18,-0.0,11.18
2026-02-06 22:00:00-05:00,192.39,174.51,7.59,10.29
2026-02-06 23:00:00-05:00,196.21,149.95,37.26,9.0
2026-02-07 00:00:00-05:00,181.21,170.46,-0.0,10.75
2026-02-07 01:00:00-05:00,169.29,159.1,-0.0,10.19
2026-02-07 02:00:00-05:00,151.92,135.81,7.69,8.42
2026-02-07 03:00:00-05:00,145.5,120.78,17.11,7.61
2026-02-07 04:00:00-05:00,133.41,125.5,-0.0,7.91
2026-02-07 05:00:00-05:00,140.62,132.41,-0.0,8.21
2026-02-07 06:00:00-05:00,154.92,146.29,-0.0,8.63
2026-02-07 07:00:00-05:00,168.32,160.0,-0.0,8.32
2026-02-07 08:00:00-05:00,189.3,180.12,-0.0,9.18
2026-02-07 09:00:00-05:00,205.14,195.01,-0.0,10.13
2026-02-07 10:00:00-05:00,254.27,240.34,-0.0,13.93
2026-02-07 11:00:00-05:00,232.26,218.28,-0.0,13.98
2026-02-07 12:00:00-05:00,218.3,195.35,10.44,12.51
2026-02-07 13:00:00-05:00,225.98,166.66,48.81,10.51
2026-02-07 14:00:00-05:00,228.98,155.4,63.78,9.8
2026-02-07 15:00:00-05:00,221.86,156.41,55.75,9.7
2026-02-07 16:00:00-05:00,267.12,251.76,-0.0,15.36
2026-02-07 17:00:00-05:00,334.36,316.34,-0.0,18.02
2026-02-07 18:00:00-05:00,328.47,311.36,-0.0,17.11
2026-02-07 19:00:00-05:00,312.61,295.76,-0.0,16.85
2026-02-07 20:00:00-05:00,259.77,243.69,-0.0,16.08
2026-02-07 21:00:00-05:00,252.11,213.04,25.64,13.43
2026-02-07 22:00:00-05:00,252.45,237.25,-0.0,15.2
2026-02-07 23:00:00-05:00,256.18,240.09,-0.0,16.09
2026-02-08 00:00:00-05:00,227.08,213.41,-0.0,13.67
2026-02-08 01:00:00-05:00,218.16,205.03,-0.0,13.13
2026-02-08 02:00:00-05:00,206.24,194.01,-0.0,12.23
2026-02-08 03:00:00-05:00,204.75,192.26,-0.0,12.49
2026-02-08 04:00:00-05:00,207.02,194.56,-0.0,12.46
2026-02-08 05:00:00-05:00,210.92,198.05,-0.0,12.87
2026-02-08 06:00:00-05:00,242.61,228.44,-0.0,14.17
2026-02-08 07:00:00-05:00,250.39,237.8,-0.0,12.59
2026-02-08 08:00:00-05:00,256.07,243.88,-0.0,12.19
2026-02-08 09:00:00-05:00,237.34,225.19,-0.0,12.15
2026-02-08 10:00:00-05:00,220.42,208.94,-0.0,11.48
2026-02-08 11:00:00-05:00,205.29,194.78,-0.0,10.51
2026-02-08 12:00:00-05:00,204.99,194.49,-0.0,10.5
2026-02-08 13:00:00-05:00,197.37,187.09,-0.0,10.28
2026-02-08 14:00:00-05:00,205.25,194.74,-0.0,10.51
2026-02-08 15:00:00-05:00,209.44,198.91,-0.0,10.53
2026-02-08 16:00:00-05:00,248.31,235.6,-0.0,12.71
2026-02-08 17:00:00-05:00,331.29,313.43,-0.0,17.86
2026-02-08 18:00:00-05:00,327.12,310.08,-0.0,17.04
2026-02-08 19:00:00-05:00,313.43,297.1,-0.0,16.33
2026-02-08 20:00:00-05:00,298.49,282.13,-0.0,16.36
2026-02-08 21:00:00-05:00,269.3,253.57,-0.0,15.73
2026-02-08 22:00:00-05:00,243.06,228.87,-0.0,14.19
2026-02-08 23:00:00-05:00,242.4,226.96,-0.0,15.44
2026-02-09 00:00:00-05:00,214.23,200.97,-0.0,13.26
2026-02-09 01:00:00-05:00,204.6,191.75,-0.0,12.85
2026-02-09 02:00:00-05:00,200.93,188.31,-0.0,12.62
2026-02-09 03:00:00-05:00,203.67,190.7,-0.0,12.97
2026-02-09 04:00:00-05:00,207.37,194.89,-0.0,12.48
2026-02-09 05:00:00-05:00,242.41,228.04,-0.0,14.37
2026-02-09 06:00:00-05:00,317.93,299.36,-0.0,18.57
2026-02-09 07:00:00-05:00,332.11,314.51,-0.0,17.6
2026-02-09 08:00:00-05:00,310.45,295.67,-0.0,14.78
2026-02-09 09:00:00-05:00,250.24,239.23,-0.0,11.01
2026-02-09 10:00:00-05:00,230.0,220.52,-0.0,9.48
2026-02-09 11:00:00-05:00,193.74,183.82,-0.0,9.92
2026-02-09 12:00:00-05:00,185.15,175.84,-0.0,9.31
2026-02-09 13:00:00-05:00,174.38,165.77,-0.0,8.61
2026-02-09 14:00:00-05:00,181.47,172.67,-0.0,8.8
2026-02-09 15:00:00-05:00,188.76,178.76,-0.0,10.0
2026-02-09 16:00:00-05:00,225.08,213.35,-0.0,11.73
2026-02-09 17:00:00-05:00,293.64,279.13,-0.0,14.51
2026-02-09 18:00:00-05:00,310.76,294.85,-0.0,15.91
2026-02-09 19:00:00-05:00,264.65,251.34,-0.0,13.31
2026-02-09 20:00:00-05:00,248.37,236.1,-0.0,12.27
2026-02-09 21:00:00-05:00,218.61,207.81,-0.0,10.8
2026-02-09 22:00:00-05:00,206.75,196.54,-0.0,10.21
2026-02-09 23:00:00-05:00,195.9,184.46,-0.0,11.44
2026-02-10 00:00:00-05:00,179.84,168.55,-0.0,11.29
2026-02-10 01:00:00-05:00,164.52,150.02,4.29,10.21
2026-02-10 02:00:00-05:00,151.46,141.95,-0.0,9.51
2026-02-10 03:00:00-05:00,150.28,140.84,-0.0,9.44
2026-02-10 04:00:00-05:00,162.48,152.28,-0.0,10.2
2026-02-10 05:00:00-05:00,201.69,189.91,-0.0,11.78
2026-02-10 06:00:00-05:00,243.25,229.48,-0.0,13.77
2026-02-10 07:00:00-05:00,253.57,240.13,-0.0,13.44
2026-02-10 08:00:00-05:00,235.73,223.66,-0.0,12.07
2026-02-10 09:00:00-05:00,219.21,208.58,-0.0,10.63
2026-02-10 10:00:00-05:00,151.45,143.15,-0.0,8.3
2026-02-10 11:00:00-05:00,152.6,124.47,20.66,7.47
2026-02-10 12:00:00-05:00,153.56,115.04,31.74,6.78
2026-02-10 13:00:00-05:00,153.78,111.63,35.56,6.59
2026-02-10 14:00:00-05:00,149.88,105.62,38.03,6.23
2026-02-10 15:00:00-05:00,146.92,100.92,39.94,6.06
2026-02-10 16:00:00-05:00,153.75,145.19,-0.0,8.56
2026-02-10 17:00:00-05:00,179.7,170.01,-0.0,9.69
2026-02-10 18:00:00-05:00,175.58,166.27,-0.0,9.31
2026-02-10 19:00:00-05:00,172.23,163.26,-0.0,8.97
2026-02-10 20:00:00-05:00,160.7,152.33,-0.0,8.37
2026-02-10 21:00:00-05:00,145.72,138.13,-0.0,7.59
2026-02-10 22:00:00-05:00,131.87,124.76,-0.0,7.11
2026-02-10 23:00:00-05:00,128.28,102.69,19.32,6.27
2026-02-11 00:00:00-05:00,90.71,85.82,-0.0,4.89
2026-02-11 01:00:00-05:00,87.82,83.09,-0.0,4.73
2026-02-11 02:00:00-05:00,81.0,76.71,-0.0,4.29
2026-02-11 03:00:00-05:00,78.68,74.58,-0.0,4.1
2026-02-11 04:00:00-05:00,73.4,69.58,-0.0,3.82
2026-02-11 05:00:00-05:00,87.09,82.32,-0.0,4.77
2026-02-11 06:00:00-05:00,103.23,97.29,-0.0,5.94
2026-02-11 07:00:00-05:00,121.41,114.98,-0.0,6.43
2026-02-11 08:00:00-05:00,116.44,110.69,-0.0,5.75
2026-02-11 09:00:00-05:00,102.76,97.68,-0.0,5.08
2026-02-11 10:00:00-05:00,92.43,87.95,-0.0,4.48
2026-02-11 11:00:00-05:00,90.43,86.04,-0.0,4.39
2026-02-11 12:00:00-05:00,84.6,80.57,-0.0,4.03
2026-02-11 13:00:00-05:00,85.65,81.57,-0.0,4.08
2026-02-11 14:00:00-05:00,86.86,82.8,-0.0,4.06
2026-02-11 15:00:00-05:00,89.32,85.07,-0.0,4.25
2026-02-11 16:00:00-05:00,102.39,97.15,-0.0,5.24
2026-02-11 17:00:00-05:00,139.2,118.61,12.89,7.7
2026-02-11 18:00:00-05:00,144.44,116.39,20.37,7.68
2026-02-11 19:00:00-05:00,129.37,99.81,23.08,6.48
2026-02-11 20:00:00-05:00,103.28,97.43,-0.0,5.85
2026-02-11 21:00:00-05:00,102.02,96.8,-0.0,5.22
2026-02-11 22:00:00-05:00,85.49,81.42,-0.0,4.07
2026-02-11 23:00:00-05:00,87.79,83.17,0.05,4.57
2026-02-12 00:00:00-05:00,87.66,83.41,-0.0,4.25
2026-02-12 01:00:00-05:00,76.61,72.89,-0.0,3.72
2026-02-12 02:00:00-05:00,70.02,66.62,-0.0,3.4
2026-02-12 03:00:00-05:00,67.42,64.15,-0.0,3.27
2026-02-12 04:00:00-05:00,72.12,68.62,-0.0,3.5
2026-02-12 05:00:00-05:00,89.02,85.1,-0.0,3.92
2026-02-12 06:00:00-05:00,115.05,108.12,-0.0,6.93
2026-02-12 07:00:00-05:00,123.17,115.66,-0.0,7.51
2026-02-12 08:00:00-05:00,110.16,103.83,-0.0,6.33
2026-02-12 09:00:00-05:00,101.5,96.76,-0.0,4.74
2026-02-12 10:00:00-05:00,97.91,93.88,-0.0,4.03
2026-02-12 11:00:00-05:00,93.81,90.11,-0.0,3.7
2026-02-12 12:00:00-05:00,85.49,82.12,-0.0,3.37
2026-02-12 13:00:00-05:00,85.14,81.63,-0.0,3.51
2026-02-12 14:00:00-05:00,85.05,81.47,-0.0,3.58
2026-02-12 15:00:00-05:00,96.5,92.44,-0.0,4.06
2026-02-12 16:00:00-05:00,105.6,99.81,-0.0,5.79
2026-02-12 17:00:00-05:00,128.26,121.12,-0.0,7.14
2026-02-12 18:00:00-05:00,129.63,121.61,-0.0,8.02
2026-02-12 19:00:00-05:00,117.07,110.44,-0.0,6.63
2026-02-12 20:00:00-05:00,105.39,99.33,-0.0,6.06
2026-02-12 21:00:00-05:00,102.37,96.85,-0.0,5.52
2026-02-12 22:00:00-05:00,94.64,90.39,-0.0,4.25
2026-02-12 23:00:00-05:00,93.12,88.6,-0.0,4.52
2026-02-13 00:00:00-05:00,96.88,80.44,10.65,5.79
2026-02-13 01:00:00-05:00,85.88,80.11,-0.0,5.77
2026-02-13 02:00:00-05:00,85.54,79.95,-0.0,5.59
2026-02-13 03:00:00-05:00,85.71,79.95,-0.0,5.76
2026-02-13 04:00:00-05:00,90.79,80.2,4.9,5.69
2026-02-13 05:00:00-05:00,100.94,80.36,14.87,5.71
2026-02-13 06:00:00-05:00,126.28,107.06,11.62,7.6
2026-02-13 07:00:00-05:00,143.23,133.86,-0.0,9.37
2026-02-13 08:00:00-05:00,123.63,116.09,-0.0,7.54
2026-02-13 09:00:00-05:00,90.05,83.87,0.89,5.29
2026-02-13 10:00:00-05:00,83.92,79.4,-0.0,4.52
2026-02-13 11:00:00-05:00,75.48,71.89,-0.0,3.59
2026-02-13 12:00:00-05:00,69.43,66.06,-0.0,3.37
2026-02-13 13:00:00-05:00,67.79,64.56,-0.0,3.23
2026-02-13 14:00:00-05:00,68.3,64.99,-0.0,3.31
2026-02-13 15:00:00-05:00,69.48,65.99,-0.0,3.49
2026-02-13 16:00:00-05:00,88.54,81.91,1.38,5.25
2026-02-13 17:00:00-05:00,123.44,93.46,23.62,6.36
2026-02-13 18:00:00-05:00,108.96,102.69,-0.0,6.27
2026-02-13 19:00:00-05:00,93.52,88.23,-0.0,5.29
2026-02-13 20:00:00-05:00,85.44,80.6,-0.0,4.84
2026-02-13 21:00:00-05:00,84.6,80.19,-0.0,4.41
2026-02-13 22:00:00-05:00,82.95,78.78,-0.0,4.17
2026-02-13 23:00:00-05:00,80.57,76.23,-0.0,4.34
2026-02-14 00:00:00-05:00,81.05,76.9,-0.0,4.15
2026-02-14 01:00:00-05:00,72.86,69.13,-0.0,3.73
2026-02-14 02:00:00-05:00,69.24,65.7,-0.0,3.54
2026-02-14 03:00:00-05:00,68.92,65.45,-0.0,3.47
2026-02-14 04:00:00-05:00,69.64,66.14,-0.0,3.5
2026-02-14 05:00:00-05:00,74.53,70.85,-0.0,3.68
2026-02-14 06:00:00-05:00,80.07,76.26,-0.0,3.81
2026-02-14 07:00:00-05:00,84.01,79.71,-0.0,4.3
2026-02-14 08:00:00-05:00,83.86,79.79,-0.0,4.07
2026-02-14 09:00:00-05:00,76.42,72.92,-0.0,3.5
2026-02-14 10:00:00-05:00,68.78,65.82,-0.0,2.96
2026-02-14 11:00:00-05:00,63.22,60.56,-0.0,2.66
2026-02-14 12:00:00-05:00,57.39,54.97,-0.0,2.42
2026-02-14 13:00:00-05:00,56.36,54.3,-0.0,2.06
2026-02-14 14:00:00-05:00,55.99,53.94,-0.0,2.05
2026-02-14 15:00:00-05:00,59.42,57.19,-0.0,2.23
2026-02-14 16:00:00-05:00,71.66,68.77,-0.0,2.89
2026-02-14 17:00:00-05:00,84.19,80.11,-0.0,4.08
2026-02-14 18:00:00-05:00,84.36,80.19,-0.0,4.17
2026-02-14 19:00:00-05:00,83.3,79.71,-0.0,3.59
2026-02-14 20:00:00-05:00,78.43,75.27,-0.0,3.16
2026-02-14 21:00:00-05:00,72.64,69.65,-0.0,2.99
2026-02-14 22:00:00-05:00,72.33,69.48,-0.0,2.85
2026-02-14 23:00:00-05:00,67.28,64.82,-0.0,2.46
2026-02-15 00:00:00-05:00,68.6,66.22,-0.0,2.38
2026-02-15 01:00:00-05:00,63.75,61.54,-0.0,2.21
2026-02-15 02:00:00-05:00,58.55,56.52,-0.0,2.03
2026-02-15 03:00:00-05:00,57.46,55.41,-0.0,2.05
2026-02-15 04:00:00-05:00,55.87,53.93,-0.0,1.94
2026-02-15 05:00:00-05:00,60.68,58.57,-0.0,2.11
2026-02-15 06:00:00-05:00,68.98,66.46,-0.0,2.52
2026-02-15 07:00:00-05:00,66.27,63.97,-0.0,2.3
2026-02-15 08:00:00-05:00,64.07,62.08,-0.0,1.99
2026-02-15 09:00:00-05:00,56.46,54.87,-0.0,1.59
2026-02-15 10:00:00-05:00,52.24,50.82,-0.0,1.42
2026-02-15 11:00:00-05:00,50.79,49.51,-0.0,1.28
2026-02-15 12:00:00-05:00,49.58,48.33,-0.0,1.25
2026-02-15 13:00:00-05:00,49.94,48.58,-0.0,1.36
2026-02-15 14:00:00-05:00,52.07,50.46,-0.0,1.61
2026-02-15 15:00:00-05:00,56.99,55.01,-0.0,1.98
2026-02-15 16:00:00-05:00,71.03,68.3,-0.0,2.73
2026-02-15 17:00:00-05:00,82.96,79.47,-0.0,3.49
2026-02-15 18:00:00-05:00,86.35,82.24,-0.0,4.11
2026-02-15 19:00:00-05:00,81.1,77.53,-0.0,3.57
2026-02-15 20:00:00-05:00,77.11,73.65,-0.0,3.46
2026-02-15 21:00:00-05:00,67.0,64.18,-0.0,2.82
2026-02-15 22:00:00-05:00,62.33,59.87,-0.0,2.46
2026-02-15 23:00:00-05:00,60.17,57.85,-0.0,2.32
2026-02-16 00:00:00-05:00,60.5,58.4,-0.0,2.1
2026-02-16 01:00:00-05:00,55.25,53.33,-0.0,1.92
2026-02-16 02:00:00-05:00,53.88,52.06,-0.0,1.82
2026-02-16 03:00:00-05:00,52.39,50.62,-0.0,1.77
2026-02-16 04:00:00-05:00,53.11,51.31,-0.0,1.8
2026-02-16 05:00:00-05:00,57.38,55.49,-0.0,1.89
2026-02-16 06:00:00-05:00,68.43,65.99,-0.0,2.44
2026-02-16 07:00:00-05:00,74.55,71.75,-0.0,2.8
2026-02-16 08:00:00-05:00,73.81,71.04,-0.0,2.77
2026-02-16 09:00:00-05:00,75.48,72.72,-0.0,2.76
2026-02-16 10:00:00-05:00,71.88,69.31,-0.0,2.57
2026-02-16 11:00:00-05:00,70.23,67.86,-0.0,2.37
2026-02-16 12:00:00-05:00,64.34,62.22,-0.0,2.12
2026-02-16 13:00:00-05:00,63.67,61.52,-0.0,2.15
2026-02-16 14:00:00-05:00,59.76,57.74,-0.0,2.02
2026-02-16 15:00:00-05:00,60.22,58.13,-0.0,2.09
2026-02-16 16:00:00-05:00,69.56,67.15,-0.0,2.41
2026-02-16 17:00:00-05:00,83.3,79.79,-0.0,3.51
2026-02-16 18:00:00-05:00,87.45,83.37,-0.0,4.08
2026-02-16 19:00:00-05:00,77.85,74.71,-0.0,3.14
2026-02-16 20:00:00-05:00,65.13,62.62,-0.0,2.51
2026-02-16 21:00:00-05:00,61.41,59.16,-0.0,2.25
2026-02-16 22:00:00-05:00,57.39,55.34,-0.0,2.05
2026-02-16 23:00:00-05:00,54.85,52.95,-0.0,1.9
2026-02-17 00:00:00-05:00,53.94,51.81,-0.0,2.13
2026-02-17 01:00:00-05:00,49.2,47.26,-0.0,1.94
2026-02-17 02:00:00-05:00,47.08,45.23,-0.0,1.85
2026-02-17 03:00:00-05:00,46.51,44.72,-0.0,1.79
2026-02-17 04:00:00-05:00,48.6,46.78,-0.0,1.82
2026-02-17 05:00:00-05:00,52.9,50.82,-0.0,2.08
2026-02-17 06:00:00-05:00,69.94,67.44,-0.0,2.5
2026-02-17 07:00:00-05:00,79.14,76.09,-0.0,3.05
2026-02-17 08:00:00-05:00,78.15,75.14,-0.0,3.01
2026-02-17 09:00:00-05:00,78.36,75.42,-0.0,2.94
2026-02-17 10:00:00-05:00,72.79,70.06,-0.0,2.73
2026-02-17 11:00:00-05:00,69.77,67.28,-0.0,2.49
2026-02-17 12:00:00-05:00,63.57,61.42,-0.0,2.15
2026-02-17 13:00:00-05:00,57.11,55.18,-0.0,1.93
2026-02-17 14:00:00-05:00,54.15,52.52,-0.0,1.63
2026-02-17 15:00:00-05:00,54.17,52.54,-0.0,1.63
2026-02-17 16:00:00-05:00,67.04,64.77,-0.0,2.27
2026-02-17 17:00:00-05:00,83.23,79.95,-0.0,3.28
2026-02-17 18:00:00-05:00,87.93,83.98,-0.0,3.95
2026-02-17 19:00:00-05:00,77.5,74.45,-0.0,3.05
2026-02-17 20:00:00-05:00,68.06,65.44,-0.0,2.62
2026-02-17 21:00:00-05:00,61.0,58.43,-0.0,2.57
2026-02-17 22:00:00-05:00,57.9,55.62,-0.0,2.28
2026-02-17 23:00:00-05:00,55.43,53.3,-0.0,2.13
2026-02-18 00:00:00-05:00,56.67,54.7,-0.0,1.97
2026-02-18 01:00:00-05:00,52.48,50.61,-0.0,1.87
2026-02-18 02:00:00-05:00,51.39,49.56,-0.0,1.83
2026-02-18 03:00:00-05:00,49.85,48.07,-0.0,1.78
2026-02-18 04:00:00-05:00,51.52,49.63,-0.0,1.89
2026-02-18 05:00:00-05:00,54.82,52.81,-0.0,2.01
2026-02-18 06:00:00-05:00,61.39,59.03,-0.0,2.36
2026-02-18 07:00:00-05:00,72.43,69.24,-0.0,3.19
2026-02-18 08:00:00-05:00,74.5,71.02,-0.0,3.48
2026-02-18 09:00:00-05:00,76.34,72.98,-0.0,3.36
2026-02-18 10:00:00-05:00,69.11,66.39,-0.0,2.72
2026-02-18 11:00:00-05:00,70.69,68.5,-0.0,2.19
2026-02-18 12:00:00-05:00,68.52,66.46,-0.0,2.06
2026-02-18 13:00:00-05:00,66.34,64.41,-0.0,1.93
2026-02-18 14:00:00-05:00,62.7,60.88,-0.0,1.82
2026-02-18 15:00:00-05:00,64.24,62.19,-0.0,2.05
2026-02-18 16:00:00-05:00,70.35,68.17,-0.0,2.18
2026-02-18 17:00:00-05:00,77.98,75.2,-0.0,2.78
2026-02-18 18:00:00-05:00,79.47,76.49,-0.0,2.98
2026-02-18 19:00:00-05:00,72.41,69.9,-0.0,2.51
2026-02-18 20:00:00-05:00,67.72,65.49,-0.0,2.23
2026-02-18 21:00:00-05:00,58.36,56.44,-0.0,1.92
2026-02-18 22:00:00-05:00,56.17,54.48,-0.0,1.69
2026-02-18 23:00:00-05:00,53.46,51.95,-0.0,1.51
2026-02-19 00:00:00-05:00,52.45,50.48,-0.0,1.97
2026-02-19 01:00:00-05:00,50.24,48.31,-0.0,1.93
2026-02-19 02:00:00-05:00,48.09,46.29,-0.0,1.8
2026-02-19 03:00:00-05:00,48.05,46.2,-0.0,1.85
2026-02-19 04:00:00-05:00,48.68,46.72,-0.0,1.96
2026-02-19 05:00:00-05:00,49.47,47.52,-0.0,1.95
2026-02-19 06:00:00-05:00,59.86,57.45,-0.0,2.41
2026-02-19 07:00:00-05:00,70.4,67.5,-0.0,2.9
2026-02-19 08:00:00-05:00,67.86,65.32,-0.0,2.54
2026-02-19 09:00:00-05:00,62.79,60.49,-0.0,2.3
2026-02-19 10:00:00-05:00,56.69,54.82,-0.0,1.87
2026-02-19 11:00:00-05:00,54.34,52.55,-0.0,1.79
2026-02-19 12:00:00-05:00,52.14,50.48,-0.0,1.66
2026-02-19 13:00:00-05:00,50.19,48.54,-0.0,1.65
2026-02-19 14:00:00-05:00,51.87,50.12,-0.0,1.75
2026-02-19 15:00:00-05:00,51.21,49.43,-0.0,1.78
2026-02-19 16:00:00-05:00,58.86,56.71,-0.0,2.15
2026-02-19 17:00:00-05:00,72.52,69.6,-0.0,2.92
2026-02-19 18:00:00-05:00,77.15,73.69,-0.0,3.46
2026-02-19 19:00:00-05:00,65.42,62.67,-0.0,2.75
2026-02-19 20:00:00-05:00,58.44,55.98,-0.0,2.46
2026-02-19 21:00:00-05:00,51.58,49.36,-0.0,2.22
2026-02-19 22:00:00-05:00,49.67,47.62,-0.0,2.05
2026-02-19 23:00:00-05:00,47.25,45.35,-0.0,1.9
2026-02-20 00:00:00-05:00,47.8,45.65,-0.0,2.15
2026-02-20 01:00:00-05:00,45.42,43.34,-0.0,2.08
2026-02-20 02:00:00-05:00,45.33,43.29,-0.0,2.04
2026-02-20 03:00:00-05:00,42.24,40.34,-0.0,1.9
2026-02-20 04:00:00-05:00,42.03,40.07,-0.0,1.96
2026-02-20 05:00:00-05:00,47.88,45.56,-0.0,2.32
2026-02-20 06:00:00-05:00,57.66,54.92,-0.0,2.74
2026-02-20 07:00:00-05:00,62.15,59.53,-0.0,2.62
2026-02-20 08:00:00-05:00,67.27,64.37,-0.0,2.9
2026-02-20 09:00:00-05:00,73.41,70.32,-0.0,3.09
2026-02-20 10:00:00-05:00,79.57,76.07,-0.0,3.5
2026-02-20 11:00:00-05:00,80.8,77.4,-0.0,3.4
2026-02-20 12:00:00-05:00,79.17,75.76,-0.0,3.41
2026-02-20 13:00:00-05:00,75.36,72.04,-0.0,3.32
2026-02-20 14:00:00-05:00,73.33,70.17,-0.0,3.16
2026-02-20 15:00:00-05:00,70.12,67.03,-0.0,3.09
2026-02-20 16:00:00-05:00,70.45,67.35,-0.0,3.1
2026-02-20 17:00:00-05:00,76.07,72.65,-0.0,3.42
2026-02-20 18:00:00-05:00,70.58,67.35,-0.0,3.23
2026-02-20 19:00:00-05:00,64.31,61.36,-0.0,2.95
2026-02-20 20:00:00-05:00,57.77,55.07,-0.0,2.7
2026-02-20 21:00:00-05:00,56.23,53.65,-0.0,2.58
2026-02-20 22:00:00-05:00,48.75,46.56,-0.0,2.19
2026-02-20 23:00:00-05:00,48.95,46.71,-0.0,2.24
2026-02-21 00:00:00-05:00,43.74,42.1,-0.0,1.64
2026-02-21 01:00:00-05:00,43.53,41.9,-0.0,1.63
2026-02-21 02:00:00-05:00,43.57,41.94,-0.0,1.63
2026-02-21 03:00:00-05:00,43.09,41.51,-0.0,1.58
2026-02-21 04:00:00-05:00,43.01,41.35,-0.0,1.66
2026-02-21 05:00:00-05:00,43.66,41.98,-0.0,1.68
2026-02-21 06:00:00-05:00,46.13,44.4,-0.0,1.73
2026-02-21 07:00:00-05:00,49.22,47.51,-0.0,1.71
2026-02-21 08:00:00-05:00,52.47,50.8,-0.0,1.67
2026-02-21 09:00:00-05:00,50.53,48.92,-0.0,1.61
2026-02-21 10:00:00-05:00,53.76,51.94,-0.0,1.82
2026-02-21 11:00:00-05:00,52.73,50.9,-0.0,1.83
2026-02-21 12:00:00-05:00,50.47,48.76,-0.0,1.71
2026-02-21 13:00:00-05:00,51.58,49.88,-0.0,1.7
2026-02-21 14:00:00-05:00,50.81,49.09,-0.0,1.72
2026-02-21 15:00:00-05:00,54.19,52.36,-0.0,1.83
2026-02-21 16:00:00-05:00,60.36,58.27,-0.0,2.09
2026-02-21 17:00:00-05:00,70.82,68.16,-0.0,2.66
2026-02-21 18:00:00-05:00,75.65,72.67,-0.0,2.98
2026-02-21 19:00:00-05:00,68.6,65.9,-0.0,2.7
2026-02-21 20:00:00-05:00,62.31,59.91,-0.0,2.4
2026-02-21 21:00:00-05:00,56.82,54.58,-0.0,2.24
2026-02-21 22:00:00-05:00,57.98,55.81,-0.0,2.17
2026-02-21 23:00:00-05:00,56.45,54.18,-0.0,2.27
2026-02-22 00:00:00-05:00,51.37,49.16,-0.0,2.21
2026-02-22 01:00:00-05:00,49.55,47.37,-0.0,2.18
2026-02-22 02:00:00-05:00,46.6,44.55,-0.0,2.05
2026-02-22 03:00:00-05:00,45.39,43.39,-0.0,2.0
2026-02-22 04:00:00-05:00,45.01,43.03,-0.0,1.98
2026-02-22 05:00:00-05:00,43.91,41.94,-0.0,1.97
2026-02-22 06:00:00-05:00,44.7,42.82,-0.0,1.88
2026-02-22 07:00:00-05:00,43.01,41.32,-0.0,1.69
2026-02-22 08:00:00-05:00,45.14,43.45,-0.0,1.69
2026-02-22 09:00:00-05:00,49.82,47.86,-0.0,1.96
2026-02-22 10:00:00-05:00,55.58,53.29,-0.0,2.29
2026-02-22 11:00:00-05:00,58.13,55.79,-0.0,2.34
2026-02-22 12:00:00-05:00,58.73,56.69,-0.0,2.04
2026-02-22 13:00:00-05:00,57.62,55.62,-0.0,2.0
2026-02-22 14:00:00-05:00,57.14,55.1,-0.0,2.04
2026-02-22 15:00:00-05:00,58.71,56.45,-0.0,2.26
2026-02-22 16:00:00-05:00,63.01,60.53,-0.0,2.48
2026-02-22 17:00:00-05:00,69.58,66.84,-0.0,2.74
2026-02-22 18:00:00-05:00,71.32,68.45,-0.0,2.87
2026-02-22 19:00:00-05:00,63.76,61.19,-0.0,2.57
2026-02-22 20:00:00-05:00,62.43,59.97,-0.0,2.46
2026-02-22 21:00:00-05:00,59.97,57.72,-0.0,2.25
2026-02-22 22:00:00-05:00,57.68,55.78,-0.0,1.9
2026-02-22 23:00:00-05:00,56.43,54.52,-0.0,1.91
2026-02-23 00:00:00-05:00,53.58,51.37,-0.0,2.21
2026-02-23 01:00:00-05:00,52.06,49.87,-0.0,2.19
2026-02-23 02:00:00-05:00,49.4,47.32,-0.0,2.08
2026-02-23 03:00:00-05:00,47.92,45.85,-0.0,2.07
2026-02-23 04:00:00-05:00,49.62,47.39,-0.0,2.23
2026-02-23 05:00:00-05:00,54.32,51.73,-0.0,2.59
2026-02-23 06:00:00-05:00,66.83,63.65,-0.0,3.18
2026-02-23 07:00:00-05:00,69.72,66.53,-0.0,3.19
2026-02-23 08:00:00-05:00,74.96,71.66,-0.0,3.3
2026-02-23 09:00:00-05:00,76.21,72.79,-0.0,3.42
2026-02-23 10:00:00-05:00,82.46,78.68,-0.0,3.78
2026-02-23 11:00:00-05:00,81.58,77.99,-0.0,3.59
2026-02-23 12:00:00-05:00,74.82,71.53,-0.0,3.29
2026-02-23 13:00:00-05:00,71.23,68.3,-0.0,2.93
2026-02-23 14:00:00-05:00,66.93,64.05,-0.0,2.88
2026-02-23 15:00:00-05:00,69.12,66.14,-0.0,2.98
2026-02-23 16:00:00-05:00,70.03,66.95,-0.0,3.08
2026-02-23 17:00:00-05:00,83.7,79.79,-0.0,3.91
2026-02-23 18:00:00-05:00,83.78,79.87,-0.0,3.91
2026-02-23 19:00:00-05:00,74.6,71.12,-0.0,3.48
2026-02-23 20:00:00-05:00,65.93,62.91,-0.0,3.02
2026-02-23 21:00:00-05:00,62.66,59.79,-0.0,2.87
2026-02-23 22:00:00-05:00,60.76,58.2,-0.0,2.56
2026-02-23 23:00:00-05:00,59.36,56.64,-0.0,2.72
2026-02-24 00:00:00-05:00,70.44,67.66,-0.0,2.78
2026-02-24 01:00:00-05:00,66.93,64.23,-0.0,2.7
2026-02-24 02:00:00-05:00,66.79,64.16,-0.0,2.63
2026-02-24 03:00:00-05:00,64.34,61.8,-0.0,2.54
2026-02-24 04:00:00-05:00,69.03,66.25,-0.0,2.78
2026-02-24 05:00:00-05:00,71.76,68.93,-0.0,2.83
2026-02-24 06:00:00-05:00,87.63,84.42,-0.0,3.21
2026-02-24 07:00:00-05:00,114.67,109.95,-0.0,4.72
2026-02-24 08:00:00-05:00,90.78,86.7,-0.0,4.08
2026-02-24 09:00:00-05:00,73.09,70.48,-0.0,2.61
2026-02-24 10:00:00-05:00,79.49,76.36,-0.0,3.13
2026-02-24 11:00:00-05:00,73.59,70.69,-0.0,2.9
2026-02-24 12:00:00-05:00,70.22,67.65,-0.0,2.57
2026-02-24 13:00:00-05:00,66.89,64.38,-0.0,2.51
2026-02-24 14:00:00-05:00,68.04,65.36,-0.0,2.68
2026-02-24 15:00:00-05:00,68.09,65.28,-0.0,2.81
2026-02-24 16:00:00-05:00,83.22,79.79,-0.0,3.43
2026-02-24 17:00:00-05:00,101.98,97.96,-0.0,4.02
2026-02-24 18:00:00-05:00,124.46,119.56,-0.0,4.9
2026-02-24 19:00:00-05:00,99.93,95.9,-0.0,4.03
2026-02-24 20:00:00-05:00,91.92,88.05,-0.0,3.87
2026-02-24 21:00:00-05:00,84.7,81.05,-0.0,3.65
2026-02-24 22:00:00-05:00,79.17,75.76,-0.0,3.41
2026-02-24 23:00:00-05:00,75.87,72.33,-0.0,3.54
2026-02-25 00:00:00-05:00,82.29,78.22,-0.0,4.07
2026-02-25 01:00:00-05:00,81.6,77.57,-0.0,4.03
2026-02-25 02:00:00-05:00,77.03,73.16,-0.0,3.87
2026-02-25 03:00:00-05:00,73.09,69.41,-0.0,3.68
2026-02-25 04:00:00-05:00,74.02,70.23,-0.0,3.79
2026-02-25 05:00:00-05:00,83.06,78.81,-0.0,4.25
2026-02-25 06:00:00-05:00,101.9,97.05,-0.0,4.85
2026-02-25 07:00:00-05:00,107.89,103.14,-0.0,4.75
2026-02-25 08:00:00-05:00,102.71,98.01,-0.0,4.7
2026-02-25 09:00:00-05:00,101.35,96.98,-0.0,4.37
2026-02-25 10:00:00-05:00,82.34,78.79,-0.0,3.55
2026-02-25 11:00:00-05:00,73.8,70.76,-0.0,3.04
2026-02-25 12:00:00-05:00,69.42,66.62,-0.0,2.8
2026-02-25 13:00:00-05:00,65.54,62.9,-0.0,2.64
2026-02-25 14:00:00-05:00,63.13,60.53,-0.0,2.6
2026-02-25 15:00:00-05:00,63.07,60.41,-0.0,2.66
2026-02-25 16:00:00-05:00,71.4,68.46,-0.0,2.94
2026-02-25 17:00:00-05:00,93.23,89.39,-0.0,3.84
2026-02-25 18:00:00-05:00,87.0,83.25,-0.0,3.75
2026-02-25 19:00:00-05:00,83.76,80.0,-0.0,3.76
2026-02-25 20:00:00-05:00,73.86,70.54,-0.0,3.32
2026-02-25 21:00:00-05:00,72.01,68.84,-0.0,3.17
2026-02-25 22:00:00-05:00,67.57,64.73,-0.0,2.84
2026-02-25 23:00:00-05:00,68.01,65.02,-0.0,2.99
2026-02-26 00:00:00-05:00,56.48,54.41,-0.0,2.07
2026-02-26 01:00:00-05:00,52.99,51.1,-0.0,1.89
2026-02-26 02:00:00-05:00,52.78,50.9,-0.0,1.88
2026-02-26 03:00:00-05:00,51.35,49.61,-0.0,1.74
2026-02-26 04:00:00-05:00,54.89,53.03,-0.0,1.86
2026-02-26 05:00:00-05:00,58.79,56.8,-0.0,1.99
2026-02-26 06:00:00-05:00,78.28,75.7,-0.0,2.58
2026-02-26 07:00:00-05:00,80.05,77.57,-0.0,2.48
2026-02-26 08:00:00-05:00,73.38,71.04,-0.0,2.34
2026-02-26 09:00:00-05:00,52.88,51.24,-0.0,1.64
2026-02-26 10:00:00-05:00,53.01,51.47,-0.0,1.54
2026-02-26 11:00:00-05:00,50.65,49.37,-0.0,1.28
2026-02-26 12:00:00-05:00,50.57,49.34,-0.0,1.23
2026-02-26 13:00:00-05:00,50.23,48.96,-0.0,1.27
2026-02-26 14:00:00-05:00,50.56,49.38,-0.0,1.18
2026-02-26 15:00:00-05:00,51.39,49.99,-0.0,1.4
2026-02-26 16:00:00-05:00,59.6,57.81,-0.0,1.79
2026-02-26 17:00:00-05:00,82.27,79.72,-0.0,2.55
2026-02-26 18:00:00-05:00,88.49,85.75,-0.0,2.74
2026-02-26 19:00:00-05:00,82.51,79.8,-0.0,2.71
2026-02-26 20:00:00-05:00,73.56,71.07,-0.0,2.49
2026-02-26 21:00:00-05:00,67.8,65.64,-0.0,2.16
2026-02-26 22:00:00-05:00,64.96,63.07,-0.0,1.89
2026-02-26 23:00:00-05:00,66.74,64.86,-0.0,1.88
2026-02-27 00:00:00-05:00,52.76,50.98,-0.0,1.78
2026-02-27 01:00:00-05:00,49.06,47.36,-0.0,1.7
2026-02-27 02:00:00-05:00,48.02,46.4,-0.0,1.62
2026-02-27 03:00:00-05:00,47.0,45.37,-0.0,1.63
2026-02-27 04:00:00-05:00,48.1,46.34,-0.0,1.76
2026-02-27 05:00:00-05:00,52.37,50.41,-0.0,1.96
2026-02-27 06:00:00-05:00,68.86,66.21,-0.0,2.65
2026-02-27 07:00:00-05:00,71.23,68.42,-0.0,2.81
2026-02-27 08:00:00-05:00,55.83,53.99,-0.0,1.84
2026-02-27 09:00:00-05:00,47.75,46.09,-0.0,1.66
2026-02-27 10:00:00-05:00,45.18,43.74,-0.0,1.44
2026-02-27 11:00:00-05:00,41.52,40.23,-0.0,1.29
2026-02-27 12:00:00-05:00,40.95,39.64,-0.0,1.31
2026-02-27 13:00:00-05:00,39.92,38.65,-0.0,1.27
2026-02-27 14:00:00-05:00,40.1,38.74,-0.0,1.36
2026-02-27 15:00:00-05:00,41.09,39.62,-0.0,1.47
2026-02-27 16:00:00-05:00,49.74,47.74,-0.0,2.0
2026-02-27 17:00:00-05:00,62.38,59.58,-0.0,2.8
2026-02-27 18:00:00-05:00,66.77,63.53,-0.0,3.24
2026-02-27 19:00:00-05:00,55.83,53.12,-0.0,2.71
2026-02-27 20:00:00-05:00,49.2,46.81,-0.0,2.39
2026-02-27 21:00:00-05:00,47.32,44.94,-0.0,2.38
2026-02-27 22:00:00-05:00,46.02,43.83,-0.0,2.19
2026-02-27 23:00:00-05:00,44.53,42.25,-0.0,2.28
2026-02-28 00:00:00-05:00,41.32,39.2,-0.0,2.12
2026-02-28 01:00:00-05:00,40.41,38.27,-0.0,2.14
2026-02-28 02:00:00-05:00,37.77,35.8,-0.0,1.97
2026-02-28 03:00:00-05:00,38.8,36.78,-0.0,2.02
2026-02-28 04:00:00-05:00,38.57,36.56,-0.0,2.01
2026-02-28 05:00:00-05:00,51.9,36.16,13.75,1.99
2026-02-28 06:00:00-05:00,42.09,39.93,-0.0,2.16
2026-02-28 07:00:00-05:00,44.74,42.45,-0.0,2.29
2026-02-28 08:00:00-05:00,42.45,40.39,-0.0,2.06
2026-02-28 09:00:00-05:00,40.66,38.72,-0.0,1.94
2026-02-28 10:00:00-05:00,38.1,36.36,-0.0,1.74
2026-02-28 11:00:00-05:00,36.18,34.59,-0.0,1.59
2026-02-28 12:00:00-05:00,34.59,33.1,-0.0,1.49
2026-02-28 13:00:00-05:00,34.02,32.59,-0.0,1.43
2026-02-28 14:00:00-05:00,34.01,32.61,-0.0,1.4
2026-02-28 15:00:00-05:00,34.31,32.9,-0.0,1.41
2026-02-28 16:00:00-05:00,42.49,40.54,-0.0,1.95
2026-02-28 17:00:00-05:00,56.62,53.82,-0.0,2.8
2026-02-28 18:00:00-05:00,67.8,63.37,1.07,3.36
2026-02-28 19:00:00-05:00,58.58,55.79,-0.0,2.79
2026-02-28 20:00:00-05:00,56.71,54.01,-0.0,2.7
2026-02-28 21:00:00-05:00,56.63,53.99,-0.0,2.64
2026-02-28 22:00:00-05:00,53.4,51.2,-0.0,2.2
2026-02-28 23:00:00-05:00,50.7,48.66,-0.0,2.04
2026-03-01 00:00:00-05:00,50.65,48.75,-0.0,1.9
2026-03-01 01:00:00-05:00,48.83,46.95,-0.0,1.88
2026-03-01 02:00:00-05:00,47.26,45.44,-0.0,1.82
2026-03-01 03:00:00-05:00,45.31,43.57,-0.0,1.74
2026-03-01 04:00:00-05:00,45.31,43.61,-0.0,1.7
2026-03-01 05:00:00-05:00,44.29,42.54,-0.0,1.75
2026-03-01 06:00:00-05:00,49.43,47.44,-0.0,1.99
2026-03-01 07:00:00-05:00,49.51,47.51,-0.0,2.0
2026-03-01 08:00:00-05:00,52.24,50.09,-0.0,2.15
2026-03-01 09:00:00-05:00,52.23,49.98,-0.0,2.25
2026-03-01 10:00:00-05:00,66.62,63.51,-0.0,3.11
2026-03-01 11:00:00-05:00,66.21,63.24,-0.0,2.97
2026-03-01 12:00:00-05:00,64.49,61.48,-0.0,3.01
2026-03-01 13:00:00-05:00,61.96,59.07,-0.0,2.89
2026-03-01 14:00:00-05:00,61.43,58.62,-0.0,2.81
2026-03-01 15:00:00-05:00,59.36,56.59,-0.0,2.77
2026-03-01 16:00:00-05:00,67.03,63.66,-0.0,3.37
2026-03-01 17:00:00-05:00,143.97,85.49,53.7,4.78
2026-03-01 18:00:00-05:00,176.71,80.72,91.31,4.68
2026-03-01 19:00:00-05:00,154.04,77.18,72.38,4.48
2026-03-01 20:00:00-05:00,149.06,76.17,68.7,4.19
2026-03-01 21:00:00-05:00,101.37,76.1,21.01,4.26
2026-03-01 22:00:00-05:00,79.89,75.87,-0.0,4.02
2026-03-01 23:00:00-05:00,74.71,71.22,-0.0,3.49
2026-03-02 00:00:00-05:00,82.2,78.29,-0.0,3.91
2026-03-02 01:00:00-05:00,79.55,75.69,-0.0,3.86
2026-03-02 02:00:00-05:00,76.51,73.01,-0.0,3.5
2026-03-02 03:00:00-05:00,82.86,79.07,-0.0,3.79
2026-03-02 04:00:00-05:00,87.28,83.05,-0.0,4.23
2026-03-02 05:00:00-05:00,103.67,98.55,-0.0,5.12
2026-03-02 06:00:00-05:00,144.57,137.56,-0.0,7.01
2026-03-02 07:00:00-05:00,166.26,158.35,-0.0,7.91
2026-03-02 08:00:00-05:00,107.69,103.05,-0.0,4.64
2026-03-02 09:00:00-05:00,74.84,71.82,-0.0,3.02
2026-03-02 10:00:00-05:00,73.34,69.78,0.56,3.0
2026-03-02 11:00:00-05:00,66.86,63.83,0.35,2.68
2026-03-02 12:00:00-05:00,61.28,58.55,0.33,2.4
2026-03-02 13:00:00-05:00,58.46,55.39,0.85,2.22
2026-03-02 14:00:00-05:00,56.79,54.07,0.61,2.11
2026-03-02 15:00:00-05:00,62.3,55.45,4.58,2.27
2026-03-02 16:00:00-05:00,74.15,70.45,0.39,3.31
2026-03-02 17:00:00-05:00,127.33,121.38,-0.0,5.95
2026-03-02 18:00:00-05:00,165.67,157.78,-0.0,7.89
2026-03-02 19:00:00-05:00,138.58,131.98,-0.0,6.6
2026-03-02 20:00:00-05:00,105.09,94.07,6.23,4.79
2026-03-02 21:00:00-05:00,85.95,81.7,-0.0,4.25
2026-03-02 22:00:00-05:00,77.8,73.96,-0.0,3.84
2026-03-02 23:00:00-05:00,75.34,71.55,-0.0,3.79
2026-03-03 00:00:00-05:00,64.82,61.79,-0.0,3.03
2026-03-03 01:00:00-05:00,62.5,59.52,-0.0,2.98
2026-03-03 02:00:00-05:00,59.57,56.79,-0.0,2.78
2026-03-03 03:00:00-05:00,59.26,56.44,-0.0,2.82
2026-03-03 04:00:00-05:00,58.77,56.03,-0.0,2.74
2026-03-03 05:00:00-05:00,65.75,61.15,1.54,3.06
2026-03-03 06:00:00-05:00,76.36,71.56,1.66,3.14
2026-03-03 07:00:00-05:00,83.16,78.07,1.42,3.67
2026-03-03 08:00:00-05:00,83.04,75.95,3.52,3.57
2026-03-03 09:00:00-05:00,82.34,75.09,3.57,3.68
2026-03-03 10:00:00-05:00,71.23,67.06,1.15,3.02
2026-03-03 11:00:00-05:00,70.84,66.8,1.17,2.87
2026-03-03 12:00:00-05:00,69.2,65.23,1.1,2.87
2026-03-03 13:00:00-05:00,67.75,63.77,1.05,2.93
2026-03-03 14:00:00-05:00,69.04,65.04,1.2,2.8
2026-03-03 15:00:00-05:00,74.95,70.74,1.24,2.97
2026-03-03 16:00:00-05:00,70.28,66.44,1.18,2.66
2026-03-03 17:00:00-05:00,80.64,75.72,1.59,3.33
2026-03-03 18:00:00-05:00,81.11,76.03,1.58,3.5
2026-03-03 19:00:00-05:00,79.04,74.55,1.36,3.13
2026-03-03 20:00:00-05:00,73.19,69.06,0.82,3.31
2026-03-03 21:00:00-05:00,67.21,63.75,0.53,2.93
2026-03-03 22:00:00-05:00,63.55,60.65,0.11,2.79
2026-03-03 23:00:00-05:00,59.67,57.21,-0.0,2.46
2026-03-04 00:00:00-05:00,50.69,48.83,-0.0,1.86
2026-03-04 01:00:00-05:00,46.38,44.77,-0.0,1.61
2026-03-04 02:00:00-05:00,45.52,43.89,-0.0,1.63
2026-03-04 03:00:00-05:00,42.85,41.4,-0.0,1.45
2026-03-04 04:00:00-05:00,42.7,41.22,-0.0,1.48
2026-03-04 05:00:00-05:00,49.71,47.85,-0.0,1.86
2026-03-04 06:00:00-05:00,63.11,60.51,-0.0,2.6
2026-03-04 07:00:00-05:00,69.65,66.97,-0.0,2.68
2026-03-04 08:00:00-05:00,60.94,58.83,-0.0,2.11
2026-03-04 09:00:00-05:00,50.92,49.44,-0.0,1.48
2026-03-04 10:00:00-05:00,46.87,45.51,-0.0,1.36
2026-03-04 11:00:00-05:00,42.83,41.67,-0.0,1.16
2026-03-04 12:00:00-05:00,38.69,37.75,-0.0,0.94
2026-03-04 13:00:00-05:00,34.87,34.05,-0.0,0.82
2026-03-04 14:00:00-05:00,35.45,34.62,-0.0,0.83
2026-03-04 15:00:00-05:00,39.8,38.79,-0.0,1.01
2026-03-04 16:00:00-05:00,48.21,46.81,-0.0,1.4
2026-03-04 17:00:00-05:00,61.02,58.79,-0.0,2.23
2026-03-04 18:00:00-05:00,70.47,67.83,-0.0,2.64
2026-03-04 19:00:00-05:00,62.1,59.71,-0.0,2.39
2026-03-04 20:00:00-05:00,55.35,53.22,-0.0,2.13
2026-03-04 21:00:00-05:00,51.09,49.17,-0.0,1.92
2026-03-04 22:00:00-05:00,50.75,48.94,-0.0,1.81
2026-03-04 23:00:00-05:00,45.16,43.67,-0.0,1.49
2026-03-05 00:00:00-05:00,44.28,42.78,-0.0,1.5
2026-03-05 01:00:00-05:00,41.89,40.51,-0.0,1.38
2026-03-05 02:00:00-05:00,41.04,39.73,-0.0,1.31
2026-03-05 03:00:00-05:00,40.08,38.8,-0.0,1.28
2026-03-05 04:00:00-05:00,41.24,39.88,-0.0,1.36
2026-03-05 05:00:00-05:00,43.61,42.1,-0.0,1.51
2026-03-05 06:00:00-05:00,55.05,52.93,-0.0,2.12
2026-03-05 07:00:00-05:00,60.54,58.15,-0.0,2.39
2026-03-05 08:00:00-05:00,57.94,55.87,-0.0,2.07
2026-03-05 09:00:00-05:00,51.28,49.5,0.15,1.63
2026-03-05 10:00:00-05:00,50.74,49.01,0.26,1.47
2026-03-05 11:00:00-05:00,49.13,47.33,0.29,1.51
2026-03-05 12:00:00-05:00,48.29,46.51,0.34,1.44
2026-03-05 13:00:00-05:00,46.75,44.96,0.35,1.44
2026-03-05 14:00:00-05:00,46.48,44.65,0.36,1.47
2026-03-05 15:00:00-05:00,50.38,48.44,0.25,1.69
2026-03-05 16:00:00-05:00,54.86,52.75,0.06,2.05
2026-03-05 17:00:00-05:00,60.21,57.54,0.25,2.42
2026-03-05 18:00:00-05:00,61.7,59.1,-0.0,2.6
2026-03-05 19:00:00-05:00,57.97,55.46,0.13,2.38
2026-03-05 20:00:00-05:00,53.1,50.88,0.03,2.19
2026-03-05 21:00:00-05:00,51.77,49.7,0.03,2.04
2026-03-05 22:00:00-05:00,46.06,44.37,-0.0,1.69
2026-03-05 23:00:00-05:00,41.94,40.44,-0.0,1.5
2026-03-06 00:00:00-05:00,47.08,45.36,-0.0,1.72
2026-03-06 01:00:00-05:00,44.44,42.77,-0.0,1.67
2026-03-06 02:00:00-05:00,44.18,42.56,-0.0,1.62
2026-03-06 03:00:00-05:00,44.28,42.66,-0.0,1.62
2026-03-06 04:00:00-05:00,44.42,42.79,-0.0,1.63
2026-03-06 05:00:00-05:00,48.05,46.2,-0.0,1.85
2026-03-06 06:00:00-05:00,57.44,55.13,-0.0,2.31
2026-03-06 07:00:00-05:00,69.26,66.09,-0.0,3.17
2026-03-06 08:00:00-05:00,69.2,66.16,-0.0,3.04
2026-03-06 09:00:00-05:00,64.25,61.31,-0.0,2.94
2026-03-06 10:00:00-05:00,73.65,70.62,-0.0,3.03
2026-03-06 11:00:00-05:00,59.08,56.65,-0.0,2.43
2026-03-06 12:00:00-05:00,54.0,51.82,-0.0,2.18
2026-03-06 13:00:00-05:00,52.59,50.62,-0.0,1.97
2026-03-06 14:00:00-05:00,50.03,48.15,-0.0,1.88
2026-03-06 15:00:00-05:00,53.06,50.77,-0.0,2.29
2026-03-06 16:00:00-05:00,55.53,52.74,-0.0,2.79
2026-03-06 17:00:00-05:00,64.03,60.81,-0.0,3.22
2026-03-06 18:00:00-05:00,63.12,59.95,-0.0,3.17
2026-03-06 19:00:00-05:00,55.2,52.57,-0.0,2.63
2026-03-06 20:00:00-05:00,51.15,48.67,-0.0,2.48
2026-03-06 21:00:00-05:00,49.83,47.59,-0.0,2.24
2026-03-06 22:00:00-05:00,48.99,46.97,-0.0,2.02
2026-03-06 23:00:00-05:00,41.02,39.37,-0.0,1.65
2026-03-07 00:00:00-05:00,46.01,44.07,-0.0,1.94
2026-03-07 01:00:00-05:00,40.46,38.76,-0.0,1.7
2026-03-07 02:00:00-05:00,39.87,38.19,-0.0,1.68
2026-03-07 03:00:00-05:00,37.45,35.87,-0.0,1.58
2026-03-07 04:00:00-05:00,35.18,33.7,-0.0,1.48
2026-03-07 05:00:00-05:00,38.54,36.77,-0.0,1.77
2026-03-07 06:00:00-05:00,44.64,42.6,-0.0,2.04
2026-03-07 07:00:00-05:00,47.0,44.85,-0.0,2.15
2026-03-07 08:00:00-05:00,47.36,45.32,-0.0,2.04
2026-03-07 09:00:00-05:00,44.6,42.68,-0.0,1.92
2026-03-07 10:00:00-05:00,43.49,41.7,-0.0,1.79
2026-03-07 11:00:00-05:00,41.48,39.88,-0.0,1.6
2026-03-07 12:00:00-05:00,38.0,36.64,-0.0,1.36
2026-03-07 13:00:00-05:00,37.87,36.56,-0.0,1.31
2026-03-07 14:00:00-05:00,37.87,36.56,-0.0,1.31
2026-03-07 15:00:00-05:00,37.56,36.11,-0.0,1.45
2026-03-07 16:00:00-05:00,42.91,41.22,-0.0,1.69
2026-03-07 17:00:00-05:00,53.94,51.57,-0.0,2.37
2026-03-07 18:00:00-05:00,57.19,54.57,-0.0,2.62
2026-03-07 19:00:00-05:00,50.65,48.42,-0.0,2.23
2026-03-07 20:00:00-05:00,47.08,45.1,-0.0,1.98
2026-03-07 21:00:00-05:00,43.13,41.35,-0.0,1.78
2026-03-07 22:00:00-05:00,39.48,37.89,-0.0,1.59
2026-03-07 23:00:00-05:00,34.08,32.61,-0.0,1.47
2026-03-08 00:00:00-05:00,39.49,37.83,-0.0,1.66
2026-03-08 01:00:00-05:00,36.57,35.06,-0.0,1.51
2026-03-08 03:00:00-04:00,35.72,34.41,-0.0,1.31
2026-03-08 04:00:00-04:00,31.22,29.96,-0.0,1.26
2026-03-08 05:00:00-04:00,31.81,30.44,-0.0,1.37
2026-03-08 06:00:00-04:00,35.1,33.52,-0.0,1.58
2026-03-08 07:00:00-04:00,38.23,36.55,-0.0,1.68
2026-03-08 08:00:00-04:00,38.62,36.96,-0.0,1.66
2026-03-08 09:00:00-04:00,38.22,36.5,-0.0,1.72
2026-03-08 10:00:00-04:00,37.49,35.87,-0.0,1.62
2026-03-08 11:00:00-04:00,33.62,32.23,-0.0,1.39
2026-03-08 12:00:00-04:00,30.85,29.46,-0.0,1.39
2026-03-08 13:00:00-04:00,27.57,26.43,-0.0,1.14
2026-03-08 14:00:00-04:00,24.13,23.18,-0.0,0.95
2026-03-08 15:00:00-04:00,22.99,22.08,-0.0,0.91
2026-03-08 16:00:00-04:00,29.03,27.83,-0.0,1.2
2026-03-08 17:00:00-04:00,35.25,33.83,-0.0,1.42
2026-03-08 18:00:00-04:00,51.22,48.92,-0.0,2.3
2026-03-08 19:00:00-04:00,56.52,53.93,-0.0,2.59
2026-03-08 20:00:00-04:00,51.45,49.23,-0.0,2.22
2026-03-08 21:00:00-04:00,42.24,40.5,-0.0,1.74
2026-03-08 22:00:00-04:00,37.92,36.46,-0.0,1.46
2026-03-08 23:00:00-04:00,34.0,32.79,-0.0,1.21
2026-03-09 00:00:00-04:00,35.14,33.98,-0.0,1.16
2026-03-09 01:00:00-04:00,32.17,31.14,-0.0,1.03
2026-03-09 02:00:00-04:00,30.95,29.99,-0.0,0.96
2026-03-09 03:00:00-04:00,31.55,30.54,-0.0,1.01
2026-03-09 04:00:00-04:00,32.93,31.91,-0.0,1.02
2026-03-09 05:00:00-04:00,36.78,35.47,-0.0,1.31
2026-03-09 06:00:00-04:00,53.03,51.04,-0.0,1.99
2026-03-09 07:00:00-04:00,72.79,69.99,-0.0,2.8
2026-03-09 08:00:00-04:00,55.46,53.54,-0.0,1.92
2026-03-09 09:00:00-04:00,32.88,31.99,-0.0,0.89
2026-03-09 10:00:00-04:00,31.02,30.29,-0.0,0.73
2026-03-09 11:00:00-04:00,29.52,28.83,-0.0,0.69
2026-03-09 12:00:00-04:00,26.5,25.95,-0.0,0.55
2026-03-09 13:00:00-04:00,24.24,23.79,-0.0,0.45
2026-03-09 14:00:00-04:00,24.25,23.82,-0.0,0.43
2026-03-09 15:00:00-04:00,25.1,24.56,-0.0,0.54
2026-03-09 16:00:00-04:00,31.14,30.41,-0.0,0.73
2026-03-09 17:00:00-04:00,42.43,41.28,-0.0,1.15
2026-03-09 18:00:00-04:00,57.99,55.87,-0.0,2.12
2026-03-09 19:00:00-04:00,64.25,61.84,-0.0,2.41
2026-03-09 20:00:00-04:00,55.53,53.5,-0.0,2.03
2026-03-09 21:00:00-04:00,45.68,44.18,-0.0,1.5
2026-03-09 22:00:00-04:00,39.84,38.68,-0.0,1.16
2026-03-09 23:00:00-04:00,35.78,34.74,-0.0,1.04
2026-03-10 00:00:00-04:00,33.55,32.73,-0.0,0.82
2026-03-10 01:00:00-04:00,30.89,30.14,-0.0,0.75
2026-03-10 02:00:00-04:00,30.03,29.41,-0.0,0.62
2026-03-10 03:00:00-04:00,29.46,28.85,-0.0,0.61
2026-03-10 04:00:00-04:00,31.87,31.18,-0.0,0.69
2026-03-10 05:00:00-04:00,38.23,37.34,-0.0,0.89
2026-03-10 06:00:00-04:00,51.27,49.97,-0.0,1.3
2026-03-10 07:00:00-04:00,83.57,81.14,-0.0,2.43
2026-03-10 08:00:00-04:00,58.21,56.68,-0.0,1.53
2026-03-10 09:00:00-04:00,39.76,39.06,-0.0,0.7
2026-03-10 10:00:00-04:00,34.09,33.62,-0.0,0.47
2026-03-10 11:00:00-04:00,31.59,31.21,-0.0,0.38
2026-03-10 12:00:00-04:00,30.68,30.38,-0.0,0.3
2026-03-10 13:00:00-04:00,29.82,29.58,-0.0,0.24
2026-03-10 14:00:00-04:00,29.71,29.45,-0.0,0.26
2026-03-10 15:00:00-04:00,32.69,32.33,-0.0,0.36
2026-03-10 16:00:00-04:00,38.65,38.04,-0.0,0.61
2026-03-10 17:00:00-04:00,45.76,44.95,-0.0,0.81
2026-03-10 18:00:00-04:00,58.03,56.78,-0.0,1.25
2026-03-10 19:00:00-04:00,70.29,68.65,-0.0,1.64
2026-03-10 20:00:00-04:00,57.47,56.13,-0.0,1.34
2026-03-10 21:00:00-04:00,47.47,46.36,-0.0,1.11
2026-03-10 22:00:00-04:00,44.34,43.43,-0.0,0.91
2026-03-10 23:00:00-04:00,37.18,36.41,-0.0,0.77
2026-03-11 00:00:00-04:00,35.47,34.4,-0.0,1.07
2026-03-11 01:00:00-04:00,33.25,32.22,-0.0,1.03
2026-03-11 02:00:00-04:00,31.67,30.69,-0.0,0.98
2026-03-11 03:00:00-04:00,30.68,29.67,-0.0,1.01
2026-03-11 04:00:00-04:00,30.7,29.69,-0.0,1.01
2026-03-11 05:00:00-04:00,33.87,32.66,-0.0,1.21
2026-03-11 06:00:00-04:00,47.28,45.33,-0.0,1.95
2026-03-11 07:00:00-04:00,56.99,54.59,-0.0,2.4
2026-03-11 08:00:00-04:00,50.68,48.78,-0.0,1.9
2026-03-11 09:00:00-04:00,42.37,41.09,-0.0,1.28
2026-03-11 10:00:00-04:00,42.09,40.95,-0.0,1.14
2026-03-11 11:00:00-04:00,37.71,36.72,-0.0,0.99
2026-03-11 12:00:00-04:00,36.97,36.07,-0.0,0.9
2026-03-11 13:00:00-04:00,36.24,35.46,-0.0,0.78
2026-03-11 14:00:00-04:00,38.15,37.29,-0.0,0.86
2026-03-11 15:00:00-04:00,41.32,40.2,-0.0,1.12
2026-03-11 16:00:00-04:00,45.4,44.08,-0.0,1.32
2026-03-11 17:00:00-04:00,47.75,46.18,-0.0,1.57
2026-03-11 18:00:00-04:00,55.15,53.13,-0.0,2.02
2026-03-11 19:00:00-04:00,56.34,54.07,-0.0,2.27
2026-03-11 20:00:00-04:00,54.57,52.47,-0.0,2.1
2026-03-11 21:00:00-04:00,48.49,46.67,-0.0,1.82
2026-03-11 22:00:00-04:00,39.83,38.41,-0.0,1.42
2026-03-11 23:00:00-04:00,34.62,33.38,-0.0,1.24
2026-03-12 00:00:00-04:00,31.22,30.05,-0.0,1.17
2026-03-12 01:00:00-04:00,29.59,28.48,-0.0,1.11
2026-03-12 02:00:00-04:00,28.04,26.99,-0.0,1.05
2026-03-12 03:00:00-04:00,27.62,26.58,-0.0,1.04
2026-03-12 04:00:00-04:00,28.05,27.05,-0.0,1.0
2026-03-12 05:00:00-04:00,30.27,29.1,-0.0,1.17
2026-03-12 06:00:00-04:00,36.89,35.37,-0.0,1.52
2026-03-12 07:00:00-04:00,48.75,46.74,-0.0,2.01
2026-03-12 08:00:00-04:00,47.45,45.71,-0.0,1.74
2026-03-12 09:00:00-04:00,46.64,44.97,-0.0,1.67
2026-03-12 10:00:00-04:00,43.94,42.45,-0.0,1.49
2026-03-12 11:00:00-04:00,43.2,41.7,-0.0,1.5
2026-03-12 12:00:00-04:00,42.6,41.08,-0.0,1.52
2026-03-12 13:00:00-04:00,38.19,36.9,-0.0,1.29
2026-03-12 14:00:00-04:00,37.74,36.5,-0.0,1.24
2026-03-12 15:00:00-04:00,36.78,35.43,-0.0,1.35
2026-03-12 16:00:00-04:00,42.5,40.94,-0.0,1.56
2026-03-12 17:00:00-04:00,51.21,49.24,-0.0,1.97
2026-03-12 18:00:00-04:00,54.74,52.63,-0.0,2.11
2026-03-12 19:00:00-04:00,59.98,57.62,-0.0,2.36
2026-03-12 20:00:00-04:00,61.66,59.06,-0.0,2.6
2026-03-12 21:00:00-04:00,48.8,47.01,-0.0,1.79
2026-03-12 22:00:00-04:00,43.98,42.45,-0.0,1.53
2026-03-12 23:00:00-04:00,39.32,38.21,-0.0,1.11
2026-03-13 00:00:00-04:00,47.26,46.24,-0.0,1.02
2026-03-13 01:00:00-04:00,40.9,40.02,-0.0,0.88
2026-03-13 02:00:00-04:00,39.47,38.62,-0.0,0.85
2026-03-13 03:00:00-04:00,39.95,39.05,-0.0,0.9
2026-03-13 04:00:00-04:00,40.6,39.73,-0.0,0.87
2026-03-13 05:00:00-04:00,45.04,43.99,-0.0,1.05
2026-03-13 06:00:00-04:00,62.27,60.51,-0.0,1.76
2026-03-13 07:00:00-04:00,75.77,73.57,-0.0,2.2
2026-03-13 08:00:00-04:00,59.34,57.89,-0.0,1.45
2026-03-13 09:00:00-04:00,46.29,45.47,-0.0,0.82
2026-03-13 10:00:00-04:00,41.77,41.19,-0.0,0.58
2026-03-13 11:00:00-04:00,42.5,41.87,-0.0,0.63
2026-03-13 12:00:00-04:00,39.71,39.01,-0.0,0.7
2026-03-13 13:00:00-04:00,42.7,41.91,-0.0,0.79
2026-03-13 14:00:00-04:00,42.47,41.76,-0.0,0.71
2026-03-13 15:00:00-04:00,43.64,42.7,-0.0,0.94
2026-03-13 16:00:00-04:00,48.54,47.36,-0.0,1.18
2026-03-13 17:00:00-04:00,54.15,52.68,-0.0,1.47
2026-03-13 18:00:00-04:00,60.88,59.05,-0.0,1.83
2026-03-13 19:00:00-04:00,67.22,65.01,-0.0,2.21
2026-03-13 20:00:00-04:00,57.46,55.63,-0.0,1.83
2026-03-13 21:00:00-04:00,54.79,53.3,-0.0,1.49
2026-03-13 22:00:00-04:00,49.86,48.41,-0.0,1.45
2026-03-13 23:00:00-04:00,45.4,44.21,-0.0,1.19
2026-03-14 00:00:00-04:00,42.21,41.14,-0.0,1.07
2026-03-14 01:00:00-04:00,41.48,40.39,-0.0,1.09
2026-03-14 02:00:00-04:00,37.91,36.95,-0.0,0.96
2026-03-14 03:00:00-04:00,37.5,36.59,-0.0,0.91
2026-03-14 04:00:00-04:00,38.0,37.14,-0.0,0.86
2026-03-14 05:00:00-04:00,40.24,39.18,-0.0,1.06
2026-03-14 06:00:00-04:00,46.32,45.19,-0.0,1.13
2026-03-14 07:00:00-04:00,51.67,50.36,-0.0,1.31
2026-03-14 08:00:00-04:00,48.26,47.08,-0.0,1.18
2026-03-14 09:00:00-04:00,42.67,41.83,-0.0,0.84
2026-03-14 10:00:00-04:00,39.07,38.34,-0.0,0.73
2026-03-14 11:00:00-04:00,36.93,36.17,-0.0,0.76
2026-03-14 12:00:00-04:00,33.24,32.59,-0.0,0.65
2026-03-14 13:00:00-04:00,29.55,28.89,-0.0,0.66
2026-03-14 14:00:00-04:00,28.01,27.46,-0.0,0.55
2026-03-14 15:00:00-04:00,29.89,29.13,-0.0,0.76
2026-03-14 16:00:00-04:00,33.12,32.25,-0.0,0.87
2026-03-14 17:00:00-04:00,42.54,41.38,-0.0,1.16
2026-03-14 18:00:00-04:00,56.56,54.86,-0.0,1.7
2026-03-14 19:00:00-04:00,61.63,59.66,-0.0,1.97
2026-03-14 20:00:00-04:00,56.98,55.32,-0.0,1.66
2026-03-14 21:00:00-04:00,52.71,51.32,-0.0,1.39
2026-03-14 22:00:00-04:00,49.26,48.15,-0.0,1.11
2026-03-14 23:00:00-04:00,43.64,42.87,-0.0,0.77
2026-03-15 00:00:00-04:00,49.66,48.64,-0.0,1.02
2026-03-15 01:00:00-04:00,47.72,46.74,-0.0,0.98
2026-03-15 02:00:00-04:00,44.48,43.56,-0.0,0.92
2026-03-15 03:00:00-04:00,43.65,42.79,-0.0,0.86
2026-03-15 04:00:00-04:00,44.82,43.94,-0.0,0.88
2026-03-15 05:00:00-04:00,45.45,44.56,-0.0,0.89
2026-03-15 06:00:00-04:00,47.39,46.32,-0.0,1.07
2026-03-15 07:00:00-04:00,52.62,51.39,-0.0,1.23
2026-03-15 08:00:00-04:00,49.39,48.28,-0.0,1.11
2026-03-15 09:00:00-04:00,46.82,45.99,-0.0,0.83
2026-03-15 10:00:00-04:00,42.19,41.44,-0.0,0.75
2026-03-15 11:00:00-04:00,40.16,39.49,-0.0,0.67
2026-03-15 12:00:00-04:00,37.46,36.76,-0.0,0.7
2026-03-15 13:00:00-04:00,34.17,33.47,-0.0,0.7
2026-03-15 14:00:00-04:00,34.17,33.5,-0.0,0.67
2026-03-15 15:00:00-04:00,34.95,34.23,-0.0,0.72
2026-03-15 16:00:00-04:00,40.61,39.74,-0.0,0.87
2026-03-15 17:00:00-04:00,50.61,49.28,-0.0,1.33
2026-03-15 18:00:00-04:00,61.24,59.51,-0.0,1.73
2026-03-15 19:00:00-04:00,74.65,72.4,-0.0,2.25
2026-03-15 20:00:00-04:00,64.47,62.47,-0.0,2.0
2026-03-15 21:00:00-04:00,54.79,53.2,-0.0,1.59
2026-03-15 22:00:00-04:00,48.34,46.98,-0.0,1.36
2026-03-15 23:00:00-04:00,43.06,41.81,-0.0,1.25
2026-03-16 00:00:00-04:00,41.75,40.42,-0.0,1.33
2026-03-16 01:00:00-04:00,39.91,38.56,-0.0,1.35
2026-03-16 02:00:00-04:00,39.05,37.73,-0.0,1.32
2026-03-16 03:00:00-04:00,37.71,36.47,-0.0,1.24
2026-03-16 04:00:00-04:00,37.6,36.4,-0.0,1.2
2026-03-16 05:00:00-04:00,40.56,39.19,-0.0,1.37
2026-03-16 06:00:00-04:00,50.57,48.96,-0.0,1.61
2026-03-16 07:00:00-04:00,57.56,46.89,9.17,1.5
2026-03-16 08:00:00-04:00,58.58,56.71,-0.0,1.87
2026-03-16 09:00:00-04:00,58.28,56.53,-0.0,1.75
2026-03-16 10:00:00-04:00,55.31,52.6,1.18,1.53
2026-03-16 11:00:00-04:00,51.73,48.67,1.75,1.31
2026-03-16 12:00:00-04:00,51.26,48.35,1.65,1.26
2026-03-16 13:00:00-04:00,50.36,47.05,2.04,1.27
2026-03-16 14:00:00-04:00,49.33,46.33,1.7,1.3
2026-03-16 15:00:00-04:00,50.42,47.84,1.15,1.43
2026-03-16 16:00:00-04:00,52.69,50.19,1.1,1.4
2026-03-16 17:00:00-04:00,59.87,54.41,3.77,1.69
2026-03-16 18:00:00-04:00,63.52,58.96,2.5,2.06
2026-03-16 19:00:00-04:00,65.55,58.89,4.54,2.12
2026-03-16 20:00:00-04:00,60.96,58.18,0.86,1.92
2026-03-16 21:00:00-04:00,54.47,52.89,-0.0,1.58
2026-03-16 22:00:00-04:00,47.52,46.14,-0.0,1.38
2026-03-16 23:00:00-04:00,42.02,40.72,-0.0,1.3
2026-03-17 00:00:00-04:00,43.12,41.87,-0.0,1.25
2026-03-17 01:00:00-04:00,39.65,38.42,-0.0,1.23
2026-03-17 02:00:00-04:00,38.99,37.78,-0.0,1.21
2026-03-17 03:00:00-04:00,38.51,37.32,-0.0,1.19
2026-03-17 04:00:00-04:00,39.5,38.35,-0.0,1.15
2026-03-17 05:00:00-04:00,44.73,43.3,-0.0,1.43
2026-03-17 06:00:00-04:00,55.68,54.0,-0.0,1.68
2026-03-17 07:00:00-04:00,68.3,56.18,10.71,1.41
2026-03-17 08:00:00-04:00,59.7,58.3,-0.0,1.4
2026-03-17 09:00:00-04:00,46.39,45.12,0.41,0.86
2026-03-17 10:00:00-04:00,41.25,38.32,2.24,0.69
2026-03-17 11:00:00-04:00,40.92,37.97,2.23,0.72
2026-03-17 12:00:00-04:00,38.03,35.47,1.96,0.6
2026-03-17 13:00:00-04:00,38.37,35.88,2.02,0.47
2026-03-17 14:00:00-04:00,38.52,36.67,1.3,0.55
2026-03-17 15:00:00-04:00,43.81,41.84,1.22,0.75
2026-03-17 16:00:00-04:00,48.01,45.78,1.27,0.96
2026-03-17 17:00:00-04:00,61.25,59.64,-0.0,1.61
2026-03-17 18:00:00-04:00,70.46,68.47,-0.0,1.99
2026-03-17 19:00:00-04:00,81.98,79.36,-0.0,2.62
2026-03-17 20:00:00-04:00,71.99,70.03,-0.0,1.96
2026-03-17 21:00:00-04:00,66.9,65.21,-0.0,1.69
2026-03-17 22:00:00-04:00,58.53,57.05,-0.0,1.48
2026-03-17 23:00:00-04:00,54.17,52.9,-0.0,1.27
2026-03-18 00:00:00-04:00,62.3,61.08,-0.0,1.22
2026-03-18 01:00:00-04:00,55.28,54.14,-0.0,1.14
2026-03-18 02:00:00-04:00,55.86,54.66,-0.0,1.2
2026-03-18 03:00:00-04:00,56.38,55.17,-0.0,1.21
2026-03-18 04:00:00-04:00,56.76,55.7,-0.0,1.06
2026-03-18 05:00:00-04:00,69.61,68.04,-0.0,1.57
2026-03-18 06:00:00-04:00,91.46,88.88,-0.0,2.58
2026-03-18 07:00:00-04:00,130.8,127.24,-0.0,3.56
2026-03-18 08:00:00-04:00,92.74,90.65,-0.0,2.09
2026-03-18 09:00:00-04:00,65.25,64.1,-0.0,1.15
2026-03-18 10:00:00-04:00,50.57,50.07,-0.0,0.5
2026-03-18 11:00:00-04:00,46.42,45.91,-0.0,0.51
2026-03-18 12:00:00-04:00,46.31,45.76,-0.0,0.55
2026-03-18 13:00:00-04:00,44.5,43.93,-0.0,0.57
2026-03-18 14:00:00-04:00,41.58,41.05,-0.0,0.53
2026-03-18 15:00:00-04:00,45.0,44.29,-0.0,0.71
2026-03-18 16:00:00-04:00,52.08,50.96,-0.0,1.12
2026-03-18 17:00:00-04:00,65.8,63.82,0.07,1.91
2026-03-18 18:00:00-04:00,90.72,87.83,-0.0,2.89
2026-03-18 19:00:00-04:00,106.95,103.73,-0.0,3.22
2026-03-18 20:00:00-04:00,93.83,90.84,-0.0,2.99
2026-03-18 21:00:00-04:00,72.31,70.0,-0.0,2.31
2026-03-18 22:00:00-04:00,68.0,65.89,-0.0,2.11
2026-03-18 23:00:00-04:00,58.24,56.71,-0.0,1.53
2026-03-19 00:00:00-04:00,54.67,53.44,-0.0,1.23
2026-03-19 01:00:00-04:00,51.59,50.33,-0.0,1.26
2026-03-19 02:00:00-04:00,49.89,48.63,-0.0,1.26
2026-03-19 03:00:00-04:00,47.88,46.58,-0.0,1.3
2026-03-19 04:00:00-04:00,51.66,50.3,-0.0,1.36
2026-03-19 05:00:00-04:00,53.94,52.32,-0.0,1.62
2026-03-19 06:00:00-04:00,67.35,65.26,-0.0,2.09
2026-03-19 07:00:00-04:00,91.72,88.88,-0.0,2.84
2026-03-19 08:00:00-04:00,74.11,72.3,-0.0,1.81
2026-03-19 09:00:00-04:00,58.64,57.38,-0.0,1.26
2026-03-19 10:00:00-04:00,50.42,49.72,-0.0,0.7
2026-03-19 11:00:00-04:00,45.81,45.22,-0.0,0.59
2026-03-19 12:00:00-04:00,43.05,42.46,-0.0,0.59
2026-03-19 13:00:00-04:00,41.89,41.35,-0.0,0.54
2026-03-19 14:00:00-04:00,41.16,40.55,-0.0,0.61
2026-03-19 15:00:00-04:00,42.53,41.74,-0.0,0.79
2026-03-19 16:00:00-04:00,50.02,48.85,-0.0,1.17
2026-03-19 17:00:00-04:00,57.83,56.2,-0.0,1.63
2026-03-19 18:00:00-04:00,66.19,64.39,-0.0,1.8
2026-03-19 19:00:00-04:00,76.52,74.29,-0.0,2.23
2026-03-19 20:00:00-04:00,68.2,66.35,-0.0,1.85
2026-03-19 21:00:00-04:00,60.12,58.48,-0.0,1.64
2026-03-19 22:00:00-04:00,51.93,50.56,-0.0,1.37
2026-03-19 23:00:00-04:00,49.08,48.02,-0.0,1.06
2026-03-20 00:00:00-04:00,46.73,45.81,-0.0,0.92
2026-03-20 01:00:00-04:00,42.99,42.07,-0.0,0.92
2026-03-20 02:00:00-04:00,40.42,39.55,-0.0,0.87
2026-03-20 03:00:00-04:00,40.53,39.66,-0.0,0.87
2026-03-20 04:00:00-04:00,41.69,40.87,-0.0,0.82
2026-03-20 05:00:00-04:00,44.81,43.76,-0.0,1.05
2026-03-20 06:00:00-04:00,54.88,53.33,-0.0,1.55
2026-03-20 07:00:00-04:00,68.79,66.85,-0.0,1.94
2026-03-20 08:00:00-04:00,56.7,55.18,0.03,1.49
2026-03-20 09:00:00-04:00,46.26,45.13,0.32,0.81
2026-03-20 10:00:00-04:00,39.07,38.49,-0.0,0.58
2026-03-20 11:00:00-04:00,37.17,36.69,-0.0,0.48
2026-03-20 12:00:00-04:00,36.81,36.23,-0.0,0.58
2026-03-20 13:00:00-04:00,37.93,37.3,-0.0,0.63
2026-03-20 14:00:00-04:00,39.01,38.28,-0.0,0.73
2026-03-20 15:00:00-04:00,39.55,38.7,-0.0,0.85
2026-03-20 16:00:00-04:00,44.34,43.11,0.2,1.03
2026-03-20 17:00:00-04:00,49.68,47.9,0.39,1.39
2026-03-20 18:00:00-04:00,55.7,53.71,0.38,1.61
2026-03-20 19:00:00-04:00,61.46,59.5,0.23,1.73
2026-03-20 20:00:00-04:00,55.34,53.82,0.07,1.45
2026-03-20 21:00:00-04:00,48.78,47.52,0.03,1.23
2026-03-20 22:00:00-04:00,45.14,44.0,-0.0,1.14
2026-03-20 23:00:00-04:00,40.06,39.23,-0.0,0.83
2026-03-21 00:00:00-04:00,42.11,41.08,-0.0,1.03
2026-03-21 01:00:00-04:00,40.38,39.55,-0.0,0.83
2026-03-21 02:00:00-04:00,38.66,37.83,-0.0,0.83
2026-03-21 03:00:00-04:00,37.14,36.34,-0.0,0.8
2026-03-21 04:00:00-04:00,37.5,36.73,-0.0,0.77
2026-03-21 05:00:00-04:00,39.28,38.36,-0.0,0.92
2026-03-21 06:00:00-04:00,43.9,42.62,-0.0,1.28
2026-03-21 07:00:00-04:00,51.58,50.13,-0.0,1.45
2026-03-21 08:00:00-04:00,48.99,47.84,-0.0,1.15
2026-03-21 09:00:00-04:00,44.05,43.14,-0.0,0.91
2026-03-21 10:00:00-04:00,37.06,36.48,-0.0,0.58
2026-03-21 11:00:00-04:00,34.32,33.71,-0.0,0.61
2026-03-21 12:00:00-04:00,30.59,30.2,-0.0,0.39
2026-03-21 13:00:00-04:00,29.45,29.13,-0.0,0.32
2026-03-21 14:00:00-04:00,28.03,27.75,-0.0,0.28
2026-03-21 15:00:00-04:00,29.1,28.78,-0.0,0.32
2026-03-21 16:00:00-04:00,32.66,32.11,-0.0,0.55
2026-03-21 17:00:00-04:00,43.38,42.45,-0.0,0.93
2026-03-21 18:00:00-04:00,54.49,53.11,-0.0,1.38
2026-03-21 19:00:00-04:00,58.95,57.23,-0.0,1.72
2026-03-21 20:00:00-04:00,56.03,54.45,-0.0,1.58
2026-03-21 21:00:00-04:00,48.78,47.45,-0.0,1.33
2026-03-21 22:00:00-04:00,42.9,41.73,-0.0,1.17
2026-03-21 23:00:00-04:00,39.22,38.19,-0.0,1.03
2026-03-22 00:00:00-04:00,40.31,39.1,-0.0,1.21
2026-03-22 01:00:00-04:00,37.99,36.85,-0.0,1.14
2026-03-22 02:00:00-04:00,36.54,35.3,-0.0,1.24
2026-03-22 03:00:00-04:00,35.22,34.0,-0.0,1.22
2026-03-22 04:00:00-04:00,35.13,33.91,-0.0,1.22
2026-03-22 05:00:00-04:00,36.23,34.94,-0.0,1.29
2026-03-22 06:00:00-04:00,38.63,37.18,-0.0,1.45
2026-03-22 07:00:00-04:00,38.47,37.17,-0.0,1.3
2026-03-22 08:00:00-04:00,41.07,39.8,-0.0,1.27
2026-03-22 09:00:00-04:00,46.25,44.86,-0.0,1.39
2026-03-22 10:00:00-04:00,40.16,38.92,-0.0,1.24
2026-03-22 11:00:00-04:00,39.35,38.17,-0.0,1.18
2026-03-22 12:00:00-04:00,38.43,37.31,-0.0,1.12
2026-03-22 13:00:00-04:00,39.13,38.07,-0.0,1.06
2026-03-22 14:00:00-04:00,38.07,37.07,-0.0,1.0
2026-03-22 15:00:00-04:00,40.07,39.09,-0.0,0.98
2026-03-22 16:00:00-04:00,45.58,44.34,-0.0,1.24
2026-03-22 17:00:00-04:00,49.28,47.71,-0.0,1.57
2026-03-22 18:00:00-04:00,53.88,52.06,-0.0,1.82
2026-03-22 19:00:00-04:00,55.87,53.93,-0.0,1.94
2026-03-22 20:00:00-04:00,55.42,53.6,-0.0,1.82
2026-03-22 21:00:00-04:00,48.58,46.98,-0.0,1.6
2026-03-22 22:00:00-04:00,42.55,41.23,-0.0,1.32
2026-03-22 23:00:00-04:00,38.97,37.91,-0.0,1.06
2026-03-23 00:00:00-04:00,38.04,37.04,-0.0,1.0
2026-03-23 01:00:00-04:00,36.29,35.34,-0.0,0.95
2026-03-23 02:00:00-04:00,36.21,35.26,-0.0,0.95
2026-03-23 03:00:00-04:00,35.45,34.59,-0.0,0.86
2026-03-23 04:00:00-04:00,36.19,35.34,-0.0,0.85
2026-03-23 05:00:00-04:00,39.48,38.22,-0.0,1.26
2026-03-23 06:00:00-04:00,48.53,46.75,-0.0,1.78
2026-03-23 07:00:00-04:00,56.45,54.49,-0.0,1.96
2026-03-23 08:00:00-04:00,64.68,62.49,-0.0,2.19
2026-03-23 09:00:00-04:00,60.8,58.92,-0.0,1.88
2026-03-23 10:00:00-04:00,54.51,52.68,0.15,1.68
2026-03-23 11:00:00-04:00,52.49,50.8,0.27,1.42
2026-03-23 12:00:00-04:00,49.53,48.11,0.12,1.3
2026-03-23 13:00:00-04:00,46.6,45.14,0.24,1.22
2026-03-23 14:00:00-04:00,44.12,42.44,0.53,1.15
2026-03-23 15:00:00-04:00,45.19,43.37,0.61,1.21
2026-03-23 16:00:00-04:00,50.0,48.55,-0.0,1.45
2026-03-23 17:00:00-04:00,54.92,53.17,-0.0,1.75
2026-03-23 18:00:00-04:00,59.76,57.46,-0.0,2.3
2026-03-23 19:00:00-04:00,71.6,68.98,-0.0,2.62
2026-03-23 20:00:00-04:00,67.12,64.54,-0.0,2.58
2026-03-23 21:00:00-04:00,58.67,56.31,-0.0,2.36
2026-03-23 22:00:00-04:00,50.44,48.74,-0.0,1.7
2026-03-23 23:00:00-04:00,44.17,42.88,-0.0,1.29
2026-03-24 00:00:00-04:00,48.19,47.06,-0.0,1.13
2026-03-24 01:00:00-04:00,45.65,44.5,-0.0,1.15
2026-03-24 02:00:00-04:00,43.96,42.89,-0.0,1.07
2026-03-24 03:00:00-04:00,43.8,42.78,-0.0,1.02
2026-03-24 04:00:00-04:00,45.8,44.86,-0.0,0.94
2026-03-24 05:00:00-04:00,49.66,48.54,-0.0,1.12
2026-03-24 06:00:00-04:00,71.6,69.65,-0.0,1.95
2026-03-24 07:00:00-04:00,110.45,107.45,-0.0,3.0
2026-03-24 08:00:00-04:00,65.57,64.09,-0.0,1.48
2026-03-24 09:00:00-04:00,42.69,41.06,0.85,0.78
2026-03-24 10:00:00-04:00,38.81,37.36,1.04,0.41
2026-03-24 11:00:00-04:00,37.27,36.61,0.29,0.37
2026-03-24 12:00:00-04:00,35.3,34.69,0.23,0.38
2026-03-24 13:00:00-04:00,34.02,33.0,0.62,0.4
2026-03-24 14:00:00-04:00,30.19,29.17,0.67,0.35
2026-03-24 15:00:00-04:00,32.64,31.76,0.37,0.51
2026-03-24 16:00:00-04:00,37.33,35.71,0.8,0.82
2026-03-24 17:00:00-04:00,45.76,43.07,1.49,1.2
2026-03-24 18:00:00-04:00,62.47,59.48,0.79,2.2
2026-03-24 19:00:00-04:00,72.58,68.81,1.09,2.68
2026-03-24 20:00:00-04:00,71.32,68.77,-0.0,2.55
2026-03-24 21:00:00-04:00,56.0,54.0,-0.0,2.0
2026-03-24 22:00:00-04:00,50.44,48.55,-0.0,1.89
2026-03-24 23:00:00-04:00,45.0,43.65,-0.0,1.35
2026-03-25 00:00:00-04:00,42.02,41.04,-0.0,0.98
2026-03-25 01:00:00-04:00,39.91,38.98,-0.0,0.93
2026-03-25 02:00:00-04:00,38.42,37.59,-0.0,0.83
2026-03-25 03:00:00-04:00,38.23,37.34,-0.0,0.89
2026-03-25 04:00:00-04:00,40.57,39.73,-0.0,0.84
2026-03-25 05:00:00-04:00,44.05,43.02,-0.0,1.03
2026-03-25 06:00:00-04:00,62.25,60.2,-0.0,2.05
2026-03-25 07:00:00-04:00,77.58,75.18,-0.0,2.4
2026-03-25 08:00:00-04:00,64.95,62.43,0.96,1.56
2026-03-25 09:00:00-04:00,46.38,45.0,0.57,0.81
2026-03-25 10:00:00-04:00,38.43,37.47,0.55,0.41
2026-03-25 11:00:00-04:00,35.18,34.73,-0.0,0.45
2026-03-25 12:00:00-04:00,34.03,33.3,0.16,0.57
2026-03-25 13:00:00-04:00,31.27,29.97,0.85,0.45
2026-03-25 14:00:00-04:00,30.49,29.37,0.71,0.41
2026-03-25 15:00:00-04:00,28.98,23.93,4.81,0.24
2026-03-25 16:00:00-04:00,38.35,37.56,-0.0,0.79
2026-03-25 17:00:00-04:00,47.24,46.13,-0.0,1.11
2026-03-25 18:00:00-04:00,53.3,52.0,-0.0,1.3
2026-03-25 19:00:00-04:00,65.5,63.41,-0.0,2.09
2026-03-25 20:00:00-04:00,54.93,53.49,-0.0,1.44
2026-03-25 21:00:00-04:00,47.5,46.3,-0.0,1.2
2026-03-25 22:00:00-04:00,41.07,39.91,-0.0,1.16
2026-03-25 23:00:00-04:00,36.51,35.48,-0.0,1.03
2026-03-26 00:00:00-04:00,31.76,30.63,-0.0,1.13
2026-03-26 01:00:00-04:00,30.01,28.91,-0.0,1.1
2026-03-26 02:00:00-04:00,29.71,28.68,-0.0,1.03
2026-03-26 03:00:00-04:00,29.33,28.37,-0.0,0.96
2026-03-26 04:00:00-04:00,29.55,28.55,-0.0,1.0
2026-03-26 05:00:00-04:00,31.94,30.77,-0.0,1.17
2026-03-26 06:00:00-04:00,40.66,39.14,-0.0,1.52
2026-03-26 07:00:00-04:00,51.68,49.69,-0.0,1.99
2026-03-26 08:00:00-04:00,43.03,40.22,1.48,1.33
2026-03-26 09:00:00-04:00,36.79,34.2,1.6,0.99
2026-03-26 10:00:00-04:00,31.82,30.0,1.04,0.78
2026-03-26 11:00:00-04:00,30.27,28.66,0.87,0.74
2026-03-26 12:00:00-04:00,29.61,28.13,0.78,0.7
2026-03-26 13:00:00-04:00,29.85,28.49,0.73,0.63
2026-03-26 14:00:00-04:00,30.2,29.2,0.39,0.61
2026-03-26 15:00:00-04:00,34.06,32.06,1.36,0.64
2026-03-26 16:00:00-04:00,36.63,34.29,1.59,0.75
2026-03-26 17:00:00-04:00,40.76,39.57,0.24,0.95
2026-03-26 18:00:00-04:00,48.05,46.56,-0.0,1.49
2026-03-26 19:00:00-04:00,53.32,51.82,-0.0,1.5
2026-03-26 20:00:00-04:00,50.0,48.68,-0.0,1.32
2026-03-26 21:00:00-04:00,42.81,41.85,-0.0,0.96
2026-03-26 22:00:00-04:00,36.76,35.93,-0.0,0.83
2026-03-26 23:00:00-04:00,33.6,32.28,0.67,0.65
2026-03-27 00:00:00-04:00,30.35,29.81,-0.0,0.54
2026-03-27 01:00:00-04:00,29.3,28.84,-0.0,0.46
2026-03-27 02:00:00-04:00,27.44,27.01,-0.0,0.43
2026-03-27 03:00:00-04:00,27.77,27.36,-0.0,0.41
2026-03-27 04:00:00-04:00,28.01,27.6,-0.0,0.41
2026-03-27 05:00:00-04:00,28.55,28.07,-0.0,0.48
2026-03-27 06:00:00-04:00,37.06,36.05,-0.0,1.01
2026-03-27 07:00:00-04:00,45.81,44.74,-0.0,1.07
2026-03-27 08:00:00-04:00,45.33,44.48,0.01,0.84
2026-03-27 09:00:00-04:00,40.8,40.16,-0.0,0.64
2026-03-27 10:00:00-04:00,37.45,36.86,-0.0,0.59
2026-03-27 11:00:00-04:00,34.38,33.82,0.02,0.54
2026-03-27 12:00:00-04:00,31.67,30.79,0.42,0.46
2026-03-27 13:00:00-04:00,29.58,28.83,0.35,0.4
2026-03-27 14:00:00-04:00,26.94,26.29,0.36,0.29
2026-03-27 15:00:00-04:00,28.54,28.08,0.04,0.42
2026-03-27 16:00:00-04:00,31.62,31.12,-0.0,0.5
2026-03-27 17:00:00-04:00,38.28,37.68,-0.0,0.6
2026-03-27 18:00:00-04:00,47.24,46.4,-0.0,0.84
2026-03-27 19:00:00-04:00,54.82,53.85,-0.0,0.97
2026-03-27 20:00:00-04:00,51.88,50.96,-0.0,0.92
2026-03-27 21:00:00-04:00,42.86,42.02,-0.0,0.84
2026-03-27 22:00:00-04:00,40.72,40.04,-0.0,0.68
2026-03-27 23:00:00-04:00,38.87,38.33,-0.0,0.54
2026-03-28 00:00:00-04:00,46.37,45.29,-0.0,1.08
2026-03-28 01:00:00-04:00,44.11,42.99,-0.0,1.12
2026-03-28 02:00:00-04:00,40.81,39.81,-0.0,1.0
2026-03-28 03:00:00-04:00,40.56,39.53,-0.0,1.03
2026-03-28 04:00:00-04:00,40.95,39.87,-0.0,1.08
2026-03-28 05:00:00-04:00,44.71,43.53,-0.0,1.18
2026-03-28 06:00:00-04:00,49.69,48.38,-0.0,1.31
2026-03-28 07:00:00-04:00,53.17,51.77,-0.0,1.4
2026-03-28 08:00:00-04:00,48.83,47.87,-0.0,0.96
2026-03-28 09:00:00-04:00,37.91,37.39,-0.0,0.52
2026-03-28 10:00:00-04:00,34.35,33.88,-0.0,0.47
2026-03-28 11:00:00-04:00,30.25,29.86,-0.0,0.39
2026-03-28 12:00:00-04:00,29.31,28.91,-0.0,0.4
2026-03-28 13:00:00-04:00,27.99,27.58,-0.0,0.41
2026-03-28 14:00:00-04:00,25.34,24.94,-0.0,0.4
2026-03-28 15:00:00-04:00,26.57,26.1,-0.0,0.47
2026-03-28 16:00:00-04:00,31.53,30.79,-0.0,0.74
2026-03-28 17:00:00-04:00,40.01,38.96,-0.0,1.05
2026-03-28 18:00:00-04:00,53.65,51.84,-0.0,1.81
2026-03-28 19:00:00-04:00,62.9,60.48,-0.0,2.42
2026-03-28 20:00:00-04:00,58.52,56.59,-0.0,1.93
2026-03-28 21:00:00-04:00,50.58,48.68,-0.0,1.9
2026-03-28 22:00:00-04:00,45.13,43.69,-0.0,1.44
2026-03-28 23:00:00-04:00,42.03,40.81,-0.0,1.22
2026-03-29 00:00:00-04:00,39.88,38.76,-0.0,1.12
2026-03-29 01:00:00-04:00,36.08,34.93,-0.0,1.15
2026-03-29 02:00:00-04:00,34.12,33.09,-0.0,1.03
2026-03-29 03:00:00-04:00,34.33,33.3,-0.0,1.03
2026-03-29 04:00:00-04:00,35.12,34.03,-0.0,1.09
2026-03-29 05:00:00-04:00,36.48,35.35,-0.0,1.13
2026-03-29 06:00:00-04:00,42.49,41.09,-0.0,1.4
2026-03-29 07:00:00-04:00,46.34,44.86,-0.0,1.48
2026-03-29 08:00:00-04:00,38.7,37.65,-0.0,1.05
2026-03-29 09:00:00-04:00,30.95,30.37,-0.0,0.58
2026-03-29 10:00:00-04:00,27.78,27.45,-0.0,0.33
2026-03-29 11:00:00-04:00,26.54,26.25,-0.0,0.29
2026-03-29 12:00:00-04:00,24.59,24.3,-0.0,0.29
2026-03-29 13:00:00-04:00,23.65,23.28,-0.0,0.37
2026-03-29 14:00:00-04:00,23.15,22.81,-0.0,0.34
2026-03-29 15:00:00-04:00,24.12,23.74,-0.0,0.38
2026-03-29 16:00:00-04:00,27.87,27.3,-0.0,0.57
2026-03-29 17:00:00-04:00,33.74,32.72,-0.0,1.02
2026-03-29 18:00:00-04:00,45.71,44.25,-0.0,1.46
2026-03-29 19:00:00-04:00,53.43,51.62,-0.0,1.81
2026-03-29 20:00:00-04:00,50.35,48.65,-0.0,1.7
2026-03-29 21:00:00-04:00,39.31,37.98,-0.0,1.33
2026-03-29 22:00:00-04:00,33.84,32.67,-0.0,1.17
2026-03-29 23:00:00-04:00,31.39,30.33,-0.0,1.06
2026-03-30 00:00:00-04:00,29.56,28.64,-0.0,0.92
2026-03-30 01:00:00-04:00,28.66,27.8,-0.0,0.86
2026-03-30 02:00:00-04:00,27.92,27.05,-0.0,0.87
2026-03-30 03:00:00-04:00,28.33,27.45,-0.0,0.88
2026-03-30 04:00:00-04:00,28.5,27.59,-0.0,0.91
2026-03-30 05:00:00-04:00,30.73,29.78,-0.0,0.95
2026-03-30 06:00:00-04:00,41.58,40.1,-0.0,1.48
2026-03-30 07:00:00-04:00,48.49,46.81,-0.0,1.68
2026-03-30 08:00:00-04:00,44.88,43.49,-0.0,1.39
2026-03-30 09:00:00-04:00,34.5,33.59,-0.0,0.91
2026-03-30 10:00:00-04:00,30.5,29.93,-0.0,0.57
2026-03-30 11:00:00-04:00,28.58,28.1,-0.0,0.48
2026-03-30 12:00:00-04:00,26.81,26.39,-0.0,0.42
2026-03-30 13:00:00-04:00,25.58,25.13,-0.0,0.45
2026-03-30 14:00:00-04:00,26.88,26.33,-0.0,0.55
2026-03-30 15:00:00-04:00,31.4,30.75,-0.0,0.65
2026-03-30 16:00:00-04:00,32.22,31.37,-0.0,0.85
2026-03-30 17:00:00-04:00,36.57,35.54,-0.0,1.03
2026-03-30 18:00:00-04:00,45.84,44.59,-0.0,1.25
2026-03-30 19:00:00-04:00,54.31,52.88,-0.0,1.43
2026-03-30 20:00:00-04:00,51.41,50.11,-0.0,1.3
2026-03-30 21:00:00-04:00,40.32,39.26,-0.0,1.06
2026-03-30 22:00:00-04:00,34.57,33.66,-0.0,0.91
2026-03-30 23:00:00-04:00,30.99,30.21,-0.0,0.78
2026-04-01 00:00:00-04:00,31.95,31.17,-0.0,0.78
2026-04-01 01:00:00-04:00,27.35,26.63,-0.0,0.72
2026-04-01 02:00:00-04:00,26.5,25.78,-0.0,0.72
2026-04-01 03:00:00-04:00,26.56,25.86,-0.0,0.7
2026-04-01 04:00:00-04:00,27.77,27.09,-0.0,0.68
2026-04-01 05:00:00-04:00,29.93,29.17,-0.0,0.76
2026-04-01 06:00:00-04:00,36.86,35.82,-0.0,1.04
2026-04-01 07:00:00-04:00,45.26,44.11,-0.0,1.15
2026-04-01 08:00:00-04:00,44.42,43.38,-0.0,1.04
2026-04-01 09:00:00-04:00,40.23,39.32,-0.0,0.91
2026-04-01 10:00:00-04:00,37.41,36.64,-0.0,0.77
2026-04-01 11:00:00-04:00,35.9,35.23,-0.0,0.67
2026-04-01 12:00:00-04:00,34.56,33.98,-0.0,0.58
2026-04-01 13:00:00-04:00,34.14,33.42,0.19,0.53
2026-04-01 14:00:00-04:00,33.4,32.58,0.33,0.49
2026-04-01 15:00:00-04:00,34.16,32.59,1.08,0.49
2026-04-01 16:00:00-04:00,38.24,36.13,1.28,0.83
2026-04-01 17:00:00-04:00,42.93,41.36,0.7,0.87
2026-04-01 18:00:00-04:00,49.22,48.16,-0.0,1.06
2026-04-01 19:00:00-04:00,55.96,54.7,-0.0,1.26
2026-04-01 20:00:00-04:00,50.87,49.73,-0.0,1.14
2026-04-01 21:00:00-04:00,42.87,41.91,-0.0,0.96
2026-04-01 22:00:00-04:00,36.22,35.37,-0.0,0.85
2026-04-01 23:00:00-04:00,32.87,32.19,-0.0,0.68
2026-04-02 00:00:00-04:00,34.54,34.03,-0.0,0.51
2026-04-02 01:00:00-04:00,30.4,29.89,-0.0,0.51
2026-04-02 02:00:00-04:00,27.86,27.39,-0.0,0.47
2026-04-02 03:00:00-04:00,27.91,27.47,-0.0,0.44
2026-04-02 04:00:00-04:00,28.86,28.41,-0.0,0.45
2026-04-02 05:00:00-04:00,31.61,30.99,-0.0,0.62
2026-04-02 06:00:00-04:00,39.89,39.11,-0.0,0.78
2026-04-02 07:00:00-04:00,46.82,45.99,-0.0,0.83
2026-04-02 08:00:00-04:00,48.29,47.48,-0.0,0.81
2026-04-02 09:00:00-04:00,46.54,45.85,-0.0,0.69
2026-04-02 10:00:00-04:00,41.8,41.09,0.14,0.57
2026-04-02 11:00:00-04:00,40.59,39.72,0.35,0.52
2026-04-02 12:00:00-04:00,40.36,39.44,0.33,0.59
2026-04-02 13:00:00-04:00,40.27,39.24,0.4,0.63
2026-04-02 14:00:00-04:00,36.9,34.95,1.42,0.53
2026-04-02 15:00:00-04:00,37.63,35.64,1.31,0.68
2026-04-02 16:00:00-04:00,40.34,39.47,-0.0,0.87
2026-04-02 17:00:00-04:00,41.71,40.73,-0.0,0.98
2026-04-02 18:00:00-04:00,46.37,45.02,-0.0,1.35
2026-04-02 19:00:00-04:00,49.44,47.86,-0.0,1.58
2026-04-02 20:00:00-04:00,47.23,45.72,-0.0,1.51
2026-04-02 21:00:00-04:00,39.54,38.31,-0.0,1.23
2026-04-02 22:00:00-04:00,34.74,33.57,-0.0,1.17
2026-04-02 23:00:00-04:00,33.33,32.36,-0.0,0.97
2026-04-03 00:00:00-04:00,31.72,30.59,-0.0,1.13
2026-04-03 01:00:00-04:00,28.33,27.37,-0.0,0.96
2026-04-03 02:00:00-04:00,27.83,26.73,-0.0,1.1
2026-04-03 03:00:00-04:00,26.78,25.78,-0.0,1.0
2026-04-03 04:00:00-04:00,28.12,27.12,-0.0,1.0
2026-04-03 05:00:00-04:00,29.52,28.36,-0.0,1.16
2026-04-03 06:00:00-04:00,38.7,37.32,-0.0,1.38
2026-04-03 07:00:00-04:00,46.71,45.04,-0.0,1.67
2026-04-03 08:00:00-04:00,43.08,41.62,-0.0,1.46
2026-04-03 09:00:00-04:00,38.34,37.15,-0.0,1.19
2026-04-03 10:00:00-04:00,34.35,33.32,-0.0,1.03
2026-04-03 11:00:00-04:00,31.77,30.97,-0.0,0.8
2026-04-03 12:00:00-04:00,28.21,27.52,-0.0,0.69
2026-04-03 13:00:00-04:00,27.29,26.68,-0.0,0.61
2026-04-03 14:00:00-04:00,23.56,23.05,-0.0,0.51
2026-04-03 15:00:00-04:00,27.13,26.52,-0.0,0.61
2026-04-03 16:00:00-04:00,29.29,28.52,-0.0,0.77
2026-04-03 17:00:00-04:00,34.89,33.84,-0.0,1.05
2026-04-03 18:00:00-04:00,41.41,40.01,-0.0,1.4
2026-04-03 19:00:00-04:00,47.56,45.91,-0.0,1.65
2026-04-03 20:00:00-04:00,46.01,44.41,-0.0,1.6
2026-04-03 21:00:00-04:00,40.07,38.68,-0.0,1.39
2026-04-03 22:00:00-04:00,35.97,34.79,-0.0,1.18
2026-04-03 23:00:00-04:00,33.13,32.17,-0.0,0.96
