timestamps,prices,energy,congestion,loss
2025-01-01 00:00:00-05:00,31.06,31.86,-0.0,-0.8
2025-01-01 01:00:00-05:00,30.07,30.81,-0.0,-0.74
2025-01-01 02:00:00-05:00,28.11,28.86,-0.0,-0.75
2025-01-01 03:00:00-05:00,26.56,27.27,-0.0,-0.71
2025-01-01 04:00:00-05:00,26.48,27.19,-0.0,-0.71
2025-01-01 05:00:00-05:00,28.21,29.08,-0.0,-0.87
2025-01-01 06:00:00-05:00,28.9,29.76,-0.0,-0.86
2025-01-01 07:00:00-05:00,28.62,29.630000000000003,-0.0,-1.01
2025-01-01 08:00:00-05:00,30.75,31.9,-0.0,-1.15
2025-01-01 09:00:00-05:00,31.22,32.379999999999995,-0.0,-1.16
2025-01-01 10:00:00-05:00,34.04,35.28,-0.0,-1.24
2025-01-01 11:00:00-05:00,34.17,35.46,0.02,-1.31
2025-01-01 12:00:00-05:00,35.17,36.23,0.21,-1.27
2025-01-01 13:00:00-05:00,35.73,36.669999999999995,0.38,-1.32
2025-01-01 14:00:00-05:00,35.62,37.029999999999994,-0.0,-1.41
2025-01-01 15:00:00-05:00,35.44,36.8,-0.0,-1.36
2025-01-01 16:00:00-05:00,38.47,39.72,0.02,-1.27
2025-01-01 17:00:00-05:00,51.31,50.510000000000005,2.37,-1.57
2025-01-01 18:00:00-05:00,42.31,43.470000000000006,0.19,-1.35
2025-01-01 19:00:00-05:00,39.28,40.650000000000006,0.01,-1.38
2025-01-01 20:00:00-05:00,36.91,38.25,-0.0,-1.34
2025-01-01 21:00:00-05:00,32.83,34.019999999999996,-0.0,-1.19
2025-01-01 22:00:00-05:00,30.21,31.4,-0.0,-1.19
2025-01-01 23:00:00-05:00,30.36,31.49,-0.0,-1.13
2025-01-02 00:00:00-05:00,33.87,34.919999999999995,-0.0,-1.05
2025-01-02 01:00:00-05:00,33.4,34.33,-0.0,-0.93
2025-01-02 02:00:00-05:00,30.65,31.53,-0.0,-0.88
2025-01-02 03:00:00-05:00,28.98,29.85,-0.0,-0.87
2025-01-02 04:00:00-05:00,31.48,32.42,-0.0,-0.94
2025-01-02 05:00:00-05:00,34.7,35.63,-0.0,-0.93
2025-01-02 06:00:00-05:00,37.28,38.16,-0.0,-0.88
2025-01-02 07:00:00-05:00,40.57,41.61,-0.0,-1.04
2025-01-02 08:00:00-05:00,40.77,41.56,-0.0,-0.79
2025-01-02 09:00:00-05:00,40.73,41.10999999999999,0.52,-0.9
2025-01-02 10:00:00-05:00,41.84,41.86000000000001,1.11,-1.13
2025-01-02 11:00:00-05:00,40.11,40.93,0.33,-1.15
2025-01-02 12:00:00-05:00,39.07,40.07,0.2,-1.2
2025-01-02 13:00:00-05:00,40.5,41.379999999999995,0.24,-1.12
2025-01-02 14:00:00-05:00,40.57,41.11,0.53,-1.07
2025-01-02 15:00:00-05:00,43.57,43.31,1.3,-1.04
2025-01-02 16:00:00-05:00,51.88,49.55,3.37,-1.04
2025-01-02 17:00:00-05:00,55.6,55.1,1.71,-1.21
2025-01-02 18:00:00-05:00,55.0,55.04,1.22,-1.26
2025-01-02 19:00:00-05:00,48.36,49.24,0.25,-1.13
2025-01-02 20:00:00-05:00,47.89,49.04,0.07,-1.22
2025-01-02 21:00:00-05:00,44.61,45.85,-0.0,-1.24
2025-01-02 22:00:00-05:00,42.06,43.27,-0.0,-1.21
2025-01-02 23:00:00-05:00,40.02,41.040000000000006,-0.0,-1.02
2025-01-03 00:00:00-05:00,40.4,41.39,-0.0,-0.99
2025-01-03 01:00:00-05:00,38.48,39.43,-0.0,-0.95
2025-01-03 02:00:00-05:00,37.92,38.77,-0.0,-0.85
2025-01-03 03:00:00-05:00,38.56,39.43,-0.0,-0.87
2025-01-03 04:00:00-05:00,39.72,40.61,-0.0,-0.89
2025-01-03 05:00:00-05:00,45.8,46.55,-0.0,-0.75
2025-01-03 06:00:00-05:00,53.13,53.940000000000005,-0.0,-0.81
2025-01-03 07:00:00-05:00,54.21,54.98,0.11,-0.88
2025-01-03 08:00:00-05:00,53.99,55.04,-0.0,-1.05
2025-01-03 09:00:00-05:00,53.02,54.150000000000006,0.11,-1.24
2025-01-03 10:00:00-05:00,52.07,52.5,0.78,-1.21
2025-01-03 11:00:00-05:00,51.17,52.25,0.17,-1.25
2025-01-03 12:00:00-05:00,49.68,50.849999999999994,0.2,-1.37
2025-01-03 13:00:00-05:00,52.13,51.88,1.54,-1.29
2025-01-03 14:00:00-05:00,55.96,54.98,2.19,-1.21
2025-01-03 15:00:00-05:00,56.7,55.26,2.27,-0.83
2025-01-03 16:00:00-05:00,57.14,55.32000000000001,2.59,-0.77
2025-01-03 17:00:00-05:00,64.05,58.6,6.15,-0.7
2025-01-03 18:00:00-05:00,62.47,57.93,5.12,-0.58
2025-01-03 19:00:00-05:00,57.54,55.5,3.21,-1.17
2025-01-03 20:00:00-05:00,58.62,55.27,4.29,-0.94
2025-01-03 21:00:00-05:00,56.06,54.66,2.87,-1.47
2025-01-03 22:00:00-05:00,52.81,54.22,-0.0,-1.41
2025-01-03 23:00:00-05:00,53.24,54.55,-0.0,-1.31
2025-01-04 00:00:00-05:00,50.51,51.96,-0.0,-1.45
2025-01-04 01:00:00-05:00,48.24,49.580000000000005,-0.0,-1.34
2025-01-04 02:00:00-05:00,46.18,47.61,-0.0,-1.43
2025-01-04 03:00:00-05:00,47.06,48.510000000000005,-0.0,-1.45
2025-01-04 04:00:00-05:00,47.3,48.76,-0.0,-1.46
2025-01-04 05:00:00-05:00,48.43,49.93,-0.0,-1.5
2025-01-04 06:00:00-05:00,48.31,49.620000000000005,0.03,-1.34
2025-01-04 07:00:00-05:00,52.92,53.970000000000006,0.4,-1.45
2025-01-04 08:00:00-05:00,54.49,54.82,1.2,-1.53
2025-01-04 09:00:00-05:00,58.4,55.09,4.63,-1.32
2025-01-04 10:00:00-05:00,60.03,55.32,5.87,-1.16
2025-01-04 11:00:00-05:00,60.22,55.39,5.94,-1.11
2025-01-04 12:00:00-05:00,59.86,55.26,5.82,-1.22
2025-01-04 13:00:00-05:00,59.59,55.21,5.71,-1.33
2025-01-04 14:00:00-05:00,60.46,55.260000000000005,6.47,-1.27
2025-01-04 15:00:00-05:00,61.54,55.379999999999995,7.27,-1.11
2025-01-04 16:00:00-05:00,66.09,58.02000000000001,9.0,-0.93
2025-01-04 17:00:00-05:00,78.44,67.35,12.17,-1.08
2025-01-04 18:00:00-05:00,75.78,66.2,10.64,-1.06
2025-01-04 19:00:00-05:00,66.49,57.41,10.06,-0.98
2025-01-04 20:00:00-05:00,63.72,55.32999999999999,9.38,-0.99
2025-01-04 21:00:00-05:00,61.92,55.2,7.93,-1.21
2025-01-04 22:00:00-05:00,57.94,55.1,4.11,-1.27
2025-01-04 23:00:00-05:00,55.41,54.989999999999995,1.63,-1.21
2025-01-05 00:00:00-05:00,71.64,73.4,0.07,-1.83
2025-01-05 01:00:00-05:00,71.88,73.83999999999999,0.03,-1.99
2025-01-05 02:00:00-05:00,66.3,67.5,0.69,-1.89
2025-01-05 03:00:00-05:00,63.28,64.74,0.42,-1.88
2025-01-05 04:00:00-05:00,65.2,66.94,-0.0,-1.74
2025-01-05 05:00:00-05:00,65.53,67.21000000000001,-0.0,-1.68
2025-01-05 06:00:00-05:00,69.41,70.97,-0.0,-1.56
2025-01-05 07:00:00-05:00,56.04,54.17,3.33,-1.46
2025-01-05 08:00:00-05:00,62.22,59.18,4.76,-1.72
2025-01-05 09:00:00-05:00,69.7,66.56,5.0,-1.86
2025-01-05 10:00:00-05:00,76.95,74.14,4.81,-2.0
2025-01-05 11:00:00-05:00,76.82,73.97999999999999,4.83,-1.99
2025-01-05 12:00:00-05:00,72.17,72.33,1.86,-2.02
2025-01-05 13:00:00-05:00,72.67,73.69,1.04,-2.06
2025-01-05 14:00:00-05:00,73.24,73.99,1.17,-1.92
2025-01-05 15:00:00-05:00,73.55,73.91999999999999,1.4,-1.77
2025-01-05 16:00:00-05:00,86.48,85.60000000000001,2.85,-1.97
2025-01-05 17:00:00-05:00,105.38,104.94,2.85,-2.41
2025-01-05 18:00:00-05:00,100.16,100.71,1.67,-2.22
2025-01-05 19:00:00-05:00,89.62,89.92,1.76,-2.06
2025-01-05 20:00:00-05:00,92.53,93.32,1.54,-2.33
2025-01-05 21:00:00-05:00,84.18,86.16000000000001,-0.0,-1.98
2025-01-05 22:00:00-05:00,81.93,83.60000000000001,-0.0,-1.67
2025-01-05 23:00:00-05:00,85.62,87.19,-0.0,-1.57
2025-01-06 00:00:00-05:00,87.78,88.36,0.74,-1.32
2025-01-06 01:00:00-05:00,81.88,81.27,1.75,-1.14
2025-01-06 02:00:00-05:00,81.48,81.02000000000001,1.52,-1.06
2025-01-06 03:00:00-05:00,84.79,85.17,0.81,-1.19
2025-01-06 04:00:00-05:00,88.02,89.14999999999999,0.03,-1.16
2025-01-06 05:00:00-05:00,84.66,81.59,4.05,-0.98
2025-01-06 06:00:00-05:00,93.84,90.62,3.67,-0.45
2025-01-06 07:00:00-05:00,98.1,89.83,8.89,-0.62
2025-01-06 08:00:00-05:00,107.81,103.05,5.79,-1.03
2025-01-06 09:00:00-05:00,97.78,91.49,7.48,-1.19
2025-01-06 10:00:00-05:00,120.5,118.08,4.43,-2.01
2025-01-06 11:00:00-05:00,112.55,112.22,2.35,-2.02
2025-01-06 12:00:00-05:00,103.09,101.52,3.39,-1.82
2025-01-06 13:00:00-05:00,88.8,83.7,6.44,-1.34
2025-01-06 14:00:00-05:00,90.89,85.84,6.34,-1.29
2025-01-06 15:00:00-05:00,87.69,79.83,8.9,-1.04
2025-01-06 16:00:00-05:00,92.2,81.42,11.67,-0.89
2025-01-06 17:00:00-05:00,109.71,97.65,13.04,-0.98
2025-01-06 18:00:00-05:00,100.24,86.88,14.14,-0.78
2025-01-06 19:00:00-05:00,85.98,71.67000000000002,15.1,-0.79
2025-01-06 20:00:00-05:00,83.27,74.35999999999999,9.65,-0.74
2025-01-06 21:00:00-05:00,82.23,74.89000000000001,8.24,-0.9
2025-01-06 22:00:00-05:00,85.92,80.14,6.9,-1.12
2025-01-06 23:00:00-05:00,84.09,79.44000000000001,5.52,-0.87
2025-01-07 00:00:00-05:00,78.55,70.6,8.3,-0.35
2025-01-07 01:00:00-05:00,75.94,70.38,6.19,-0.63
2025-01-07 02:00:00-05:00,76.79,70.24000000000001,7.32,-0.77
2025-01-07 03:00:00-05:00,76.57,70.30999999999999,7.03,-0.77
2025-01-07 04:00:00-05:00,77.46,70.31,7.85,-0.7
2025-01-07 05:00:00-05:00,74.36,64.2,10.61,-0.45
2025-01-07 06:00:00-05:00,81.97,68.89,13.49,-0.41
2025-01-07 07:00:00-05:00,71.39,50.53999999999999,21.2,-0.35
2025-01-07 08:00:00-05:00,68.94,51.50999999999999,17.89,-0.46
2025-01-07 09:00:00-05:00,62.78,45.330000000000005,17.9,-0.45
2025-01-07 10:00:00-05:00,73.44,59.11,14.98,-0.65
2025-01-07 11:00:00-05:00,67.56,52.23,15.95,-0.62
2025-01-07 12:00:00-05:00,62.85,47.14,16.23,-0.52
2025-01-07 13:00:00-05:00,62.56,46.94,16.09,-0.47
2025-01-07 14:00:00-05:00,63.82,48.36999999999999,15.98,-0.53
2025-01-07 15:00:00-05:00,64.13,46.33999999999999,18.25,-0.46
2025-01-07 16:00:00-05:00,80.58,61.60000000000001,19.66,-0.68
2025-01-07 17:00:00-05:00,104.31,81.16000000000001,23.88,-0.73
2025-01-07 18:00:00-05:00,100.89,80.42,21.27,-0.8
2025-01-07 19:00:00-05:00,88.4,68.7,20.45,-0.75
2025-01-07 20:00:00-05:00,84.97,70.6,15.01,-0.64
2025-01-07 21:00:00-05:00,84.03,70.52,14.28,-0.77
2025-01-07 22:00:00-05:00,81.86,70.47,12.09,-0.7
2025-01-07 23:00:00-05:00,81.84,70.66000000000001,11.6,-0.42
2025-01-08 00:00:00-05:00,83.85,73.7,10.44,-0.29
2025-01-08 01:00:00-05:00,81.26,71.78,9.98,-0.5
2025-01-08 02:00:00-05:00,79.29,70.75,8.96,-0.42
2025-01-08 03:00:00-05:00,78.7,70.53999999999999,8.93,-0.77
2025-01-08 04:00:00-05:00,80.9,70.76,10.63,-0.49
2025-01-08 05:00:00-05:00,84.71,73.63,11.3,-0.22
2025-01-08 06:00:00-05:00,89.08,74.55,14.38,0.15
2025-01-08 07:00:00-05:00,92.94,73.62,19.54,-0.22
2025-01-08 08:00:00-05:00,88.8,74.56,14.54,-0.3
2025-01-08 09:00:00-05:00,87.08,74.25,13.35,-0.52
2025-01-08 10:00:00-05:00,85.75,74.52,11.9,-0.67
2025-01-08 11:00:00-05:00,83.26,72.88,11.18,-0.8
2025-01-08 12:00:00-05:00,80.98,70.75999999999999,11.07,-0.85
2025-01-08 13:00:00-05:00,80.83,70.61,11.14,-0.92
2025-01-08 14:00:00-05:00,82.87,72.73,10.8,-0.66
2025-01-08 15:00:00-05:00,85.41,72.37,13.91,-0.87
2025-01-08 16:00:00-05:00,90.19,74.71000000000001,15.63,-0.15
2025-01-08 17:00:00-05:00,105.15,86.60000000000001,18.38,0.17
2025-01-08 18:00:00-05:00,100.02,82.39,17.38,0.25
2025-01-08 19:00:00-05:00,90.8,74.32000000000001,16.63,-0.15
2025-01-08 20:00:00-05:00,89.3,74.17,15.35,-0.22
2025-01-08 21:00:00-05:00,85.26,71.42,14.55,-0.71
2025-01-08 22:00:00-05:00,86.91,74.24000000000001,13.04,-0.37
2025-01-08 23:00:00-05:00,85.52,74.24000000000001,11.43,-0.15
2025-01-09 00:00:00-05:00,82.31,70.66,12.36,-0.71
2025-01-09 01:00:00-05:00,77.46,66.19,12.06,-0.79
2025-01-09 02:00:00-05:00,69.15,57.22000000000001,12.61,-0.68
2025-01-09 03:00:00-05:00,68.67,57.61,11.64,-0.58
2025-01-09 04:00:00-05:00,74.04,62.6,12.13,-0.69
2025-01-09 05:00:00-05:00,82.62,70.80000000000001,12.24,-0.42
2025-01-09 06:00:00-05:00,86.63,71.09,15.47,0.07
2025-01-09 07:00:00-05:00,92.61,71.00999999999999,21.81,-0.21
2025-01-09 08:00:00-05:00,86.41,71.02,15.88,-0.49
2025-01-09 09:00:00-05:00,84.44,70.94999999999999,14.2,-0.71
2025-01-09 10:00:00-05:00,83.06,71.24000000000001,12.24,-0.42
2025-01-09 11:00:00-05:00,80.95,71.10000000000001,10.49,-0.64
2025-01-09 12:00:00-05:00,80.43,71.1,10.04,-0.71
2025-01-09 13:00:00-05:00,79.73,70.95,9.63,-0.85
2025-01-09 14:00:00-05:00,79.54,70.88000000000001,9.58,-0.92
2025-01-09 15:00:00-05:00,81.9,71.16000000000001,11.16,-0.42
2025-01-09 16:00:00-05:00,84.15,71.17,13.33,-0.35
2025-01-09 17:00:00-05:00,109.66,96.83,12.64,0.19
2025-01-09 18:00:00-05:00,110.06,97.7,12.16,0.2
2025-01-09 19:00:00-05:00,87.16,74.23,12.86,0.07
2025-01-09 20:00:00-05:00,86.19,73.6,12.66,-0.07
2025-01-09 21:00:00-05:00,83.28,71.09,12.68,-0.49
2025-01-09 22:00:00-05:00,81.94,71.02,11.56,-0.64
2025-01-09 23:00:00-05:00,82.05,70.95,11.52,-0.42
2025-01-10 00:00:00-05:00,74.33,66.44999999999999,8.48,-0.6
2025-01-10 01:00:00-05:00,72.88,66.37,7.3,-0.79
2025-01-10 02:00:00-05:00,71.64,66.45,5.85,-0.66
2025-01-10 03:00:00-05:00,71.9,67.29,5.22,-0.61
2025-01-10 04:00:00-05:00,78.1,74.22999999999999,4.47,-0.6
2025-01-10 05:00:00-05:00,81.8,77.02,5.01,-0.23
2025-01-10 06:00:00-05:00,93.11,84.67,8.36,0.08
2025-01-10 07:00:00-05:00,97.65,85.85,11.46,0.34
2025-01-10 08:00:00-05:00,94.01,86.74000000000001,7.1,0.17
2025-01-10 09:00:00-05:00,90.27,85.82,4.62,-0.17
2025-01-10 10:00:00-05:00,87.9,86.74000000000001,1.25,-0.09
2025-01-10 11:00:00-05:00,82.38,82.42999999999999,0.52,-0.57
2025-01-10 12:00:00-05:00,81.86,82.42999999999999,-0.0,-0.57
2025-01-10 13:00:00-05:00,82.54,82.95,-0.0,-0.41
2025-01-10 14:00:00-05:00,83.62,83.7,-0.0,-0.08
2025-01-10 15:00:00-05:00,90.03,90.01,0.2,-0.18
2025-01-10 16:00:00-05:00,93.06,91.6,1.64,-0.18
2025-01-10 17:00:00-05:00,116.69,115.0,1.34,0.35
2025-01-10 18:00:00-05:00,99.67,97.82,1.85,0.0
2025-01-10 19:00:00-05:00,98.94,97.08,2.05,-0.19
2025-01-10 20:00:00-05:00,93.87,91.54,2.51,-0.18
2025-01-10 21:00:00-05:00,87.65,86.17000000000002,1.82,-0.34
2025-01-10 22:00:00-05:00,85.1,83.64,2.13,-0.67
2025-01-10 23:00:00-05:00,83.91,81.94,2.46,-0.49
2025-01-11 00:00:00-05:00,81.93,81.77000000000001,-0.0,0.16
2025-01-11 01:00:00-05:00,77.34,77.57000000000001,-0.0,-0.23
2025-01-11 02:00:00-05:00,70.95,71.16,-0.0,-0.21
2025-01-11 03:00:00-05:00,68.0,68.27,-0.0,-0.27
2025-01-11 04:00:00-05:00,69.17,69.52,-0.0,-0.35
2025-01-11 05:00:00-05:00,70.65,70.86,-0.0,-0.21
2025-01-11 06:00:00-05:00,69.04,69.25,-0.0,-0.21
2025-01-11 07:00:00-05:00,73.32,73.6,0.53,-0.81
2025-01-11 08:00:00-05:00,81.16,80.41999999999999,1.54,-0.8
2025-01-11 09:00:00-05:00,82.6,81.76999999999998,1.65,-0.82
2025-01-11 10:00:00-05:00,78.48,79.35000000000001,-0.0,-0.87
2025-01-11 11:00:00-05:00,83.11,84.46,-0.0,-1.35
2025-01-11 12:00:00-05:00,74.29,75.5,-0.0,-1.21
2025-01-11 13:00:00-05:00,70.75,72.04,-0.0,-1.29
2025-01-11 14:00:00-05:00,65.09,66.15,-0.0,-1.06
2025-01-11 15:00:00-05:00,76.27,77.42999999999999,-0.0,-1.16
2025-01-11 16:00:00-05:00,80.95,81.69,-0.0,-0.74
2025-01-11 17:00:00-05:00,86.69,84.84,2.1,-0.25
2025-01-11 18:00:00-05:00,82.36,82.02,0.67,-0.33
2025-01-11 19:00:00-05:00,72.91,73.77999999999999,0.01,-0.88
2025-01-11 20:00:00-05:00,68.96,69.72999999999999,-0.0,-0.77
2025-01-11 21:00:00-05:00,65.28,66.0,-0.0,-0.72
2025-01-11 22:00:00-05:00,65.21,65.8,-0.0,-0.59
2025-01-11 23:00:00-05:00,65.21,65.74,-0.0,-0.53
2025-01-12 00:00:00-05:00,65.68,65.94000000000001,-0.0,-0.26
2025-01-12 01:00:00-05:00,65.35,65.80999999999999,-0.0,-0.46
2025-01-12 02:00:00-05:00,64.55,65.27,-0.0,-0.72
2025-01-12 03:00:00-05:00,64.16,65.00999999999999,-0.0,-0.85
2025-01-12 04:00:00-05:00,64.09,65.0,-0.0,-0.91
2025-01-12 05:00:00-05:00,64.87,65.46000000000001,-0.0,-0.59
2025-01-12 06:00:00-05:00,64.87,65.4,-0.0,-0.53
2025-01-12 07:00:00-05:00,63.9,65.01,-0.0,-1.11
2025-01-12 08:00:00-05:00,63.83,65.07,-0.0,-1.24
2025-01-12 09:00:00-05:00,62.12,63.19,-0.0,-1.07
2025-01-12 10:00:00-05:00,61.93,63.0,-0.0,-1.07
2025-01-12 11:00:00-05:00,60.99,61.8,-0.0,-0.81
2025-01-12 12:00:00-05:00,62.06,63.2,-0.0,-1.14
2025-01-12 13:00:00-05:00,61.91,63.04,-0.0,-1.13
2025-01-12 14:00:00-05:00,63.06,64.35000000000001,-0.0,-1.29
2025-01-12 15:00:00-05:00,64.48,65.2,-0.0,-0.72
2025-01-12 16:00:00-05:00,68.0,68.48,-0.0,-0.48
2025-01-12 17:00:00-05:00,81.69,81.69,-0.0,0.0
2025-01-12 18:00:00-05:00,73.97,74.12,-0.0,-0.15
2025-01-12 19:00:00-05:00,68.0,68.27,-0.0,-0.27
2025-01-12 20:00:00-05:00,65.22,65.94,-0.0,-0.72
2025-01-12 21:00:00-05:00,64.48,65.4,-0.0,-0.92
2025-01-12 22:00:00-05:00,63.83,65.07,-0.0,-1.24
2025-01-12 23:00:00-05:00,64.09,65.13000000000001,-0.0,-1.04
2025-01-13 00:00:00-05:00,64.74,65.39,-0.0,-0.65
2025-01-13 01:00:00-05:00,64.61,65.33,-0.0,-0.72
2025-01-13 02:00:00-05:00,64.81,65.46000000000001,-0.0,-0.65
2025-01-13 03:00:00-05:00,64.55,65.27,-0.0,-0.72
2025-01-13 04:00:00-05:00,65.01,65.60000000000001,-0.0,-0.59
2025-01-13 05:00:00-05:00,65.94,66.2,-0.0,-0.26
2025-01-13 06:00:00-05:00,74.45,74.52,-0.0,-0.07
2025-01-13 07:00:00-05:00,100.22,101.03,-0.0,-0.81
2025-01-13 08:00:00-05:00,92.78,93.43,-0.0,-0.65
2025-01-13 09:00:00-05:00,70.95,71.81,-0.0,-0.86
2025-01-13 10:00:00-05:00,66.25,67.05,-0.0,-0.8
2025-01-13 11:00:00-05:00,64.22,65.47,-0.0,-1.25
2025-01-13 12:00:00-05:00,64.09,65.4,-0.0,-1.31
2025-01-13 13:00:00-05:00,63.96,65.26,-0.0,-1.3
2025-01-13 14:00:00-05:00,63.96,65.34,-0.0,-1.38
2025-01-13 15:00:00-05:00,64.81,65.8,-0.0,-0.99
2025-01-13 16:00:00-05:00,72.18,72.54,0.44,-0.8
2025-01-13 17:00:00-05:00,81.59,81.77,0.64,-0.82
2025-01-13 18:00:00-05:00,80.42,80.47,0.83,-0.88
2025-01-13 19:00:00-05:00,66.67,67.25999999999999,0.29,-0.88
2025-01-13 20:00:00-05:00,65.49,66.46999999999998,0.09,-1.07
2025-01-13 21:00:00-05:00,63.57,64.94,-0.0,-1.37
2025-01-13 22:00:00-05:00,64.94,65.73,-0.0,-0.79
2025-01-13 23:00:00-05:00,64.42,65.33,-0.0,-0.91
2025-01-14 00:00:00-05:00,63.75,64.72,-0.0,-0.97
2025-01-14 01:00:00-05:00,62.19,63.14,-0.0,-0.95
2025-01-14 02:00:00-05:00,64.54,65.59,-0.0,-1.05
2025-01-14 03:00:00-05:00,64.54,65.59,-0.0,-1.05
2025-01-14 04:00:00-05:00,64.74,65.66,-0.0,-0.92
2025-01-14 05:00:00-05:00,62.0,62.5,-0.0,-0.5
2025-01-14 06:00:00-05:00,70.58,69.95,-0.0,0.63
2025-01-14 07:00:00-05:00,82.68,82.27000000000001,-0.0,0.41
2025-01-14 08:00:00-05:00,83.17,82.35,0.65,0.17
2025-01-14 09:00:00-05:00,79.88,80.03999999999999,-0.0,-0.16
2025-01-14 10:00:00-05:00,81.77,82.19,0.24,-0.66
2025-01-14 11:00:00-05:00,74.58,75.09,0.39,-0.9
2025-01-14 12:00:00-05:00,75.95,76.77000000000001,0.02,-0.84
2025-01-14 13:00:00-05:00,77.49,78.19999999999999,-0.0,-0.71
2025-01-14 14:00:00-05:00,81.46,82.09999999999998,0.18,-0.82
2025-01-14 15:00:00-05:00,84.33,83.66,1.17,-0.5
2025-01-14 16:00:00-05:00,85.86,82.36,3.99,-0.49
2025-01-14 17:00:00-05:00,122.65,122.09,1.17,-0.61
2025-01-14 18:00:00-05:00,93.61,88.53,5.17,-0.09
2025-01-14 19:00:00-05:00,88.82,85.55,3.36,-0.09
2025-01-14 20:00:00-05:00,89.85,85.82,4.29,-0.26
2025-01-14 21:00:00-05:00,84.2,82.2,2.57,-0.57
2025-01-14 22:00:00-05:00,83.11,81.95,2.06,-0.9
2025-01-14 23:00:00-05:00,83.28,81.86,2.08,-0.66
2025-01-15 00:00:00-05:00,81.35,80.92999999999999,0.98,-0.56
2025-01-15 01:00:00-05:00,75.69,74.87,1.5,-0.68
2025-01-15 02:00:00-05:00,75.41,74.86999999999999,1.14,-0.6
2025-01-15 03:00:00-05:00,74.95,74.87,0.76,-0.68
2025-01-15 04:00:00-05:00,80.29,80.61,-0.0,-0.32
2025-01-15 05:00:00-05:00,83.58,82.2,1.38,0.0
2025-01-15 06:00:00-05:00,90.42,85.91,4.08,0.43
2025-01-15 07:00:00-05:00,110.0,103.79,6.11,0.1
2025-01-15 08:00:00-05:00,110.23,109.36,0.76,0.11
2025-01-15 09:00:00-05:00,86.85,85.74,1.37,-0.26
2025-01-15 10:00:00-05:00,86.07,85.73,0.77,-0.43
2025-01-15 11:00:00-05:00,86.46,86.0,0.97,-0.51
2025-01-15 12:00:00-05:00,85.69,85.64,0.56,-0.51
2025-01-15 13:00:00-05:00,84.84,84.85000000000001,0.67,-0.68
2025-01-15 14:00:00-05:00,85.97,85.38,1.01,-0.42
2025-01-15 15:00:00-05:00,89.33,86.55,3.04,-0.26
2025-01-15 16:00:00-05:00,92.06,87.49000000000001,4.74,-0.17
2025-01-15 17:00:00-05:00,118.87,113.69,5.29,-0.11
2025-01-15 18:00:00-05:00,118.57,115.01,3.56,0.0
2025-01-15 19:00:00-05:00,91.25,84.94,6.56,-0.25
2025-01-15 20:00:00-05:00,90.47,85.1,5.62,-0.25
2025-01-15 21:00:00-05:00,88.35,84.16,4.53,-0.34
2025-01-15 22:00:00-05:00,88.44,84.15,4.71,-0.42
2025-01-15 23:00:00-05:00,86.82,83.72,3.27,-0.17
2025-01-16 00:00:00-05:00,87.31,82.04,5.52,-0.25
2025-01-16 01:00:00-05:00,85.23,81.86,3.78,-0.41
2025-01-16 02:00:00-05:00,84.2,80.97,3.79,-0.56
2025-01-16 03:00:00-05:00,94.7,95.74,0.01,-1.05
2025-01-16 04:00:00-05:00,98.47,99.46,-0.0,-0.99
2025-01-16 05:00:00-05:00,86.87,83.86,2.84,0.17
2025-01-16 06:00:00-05:00,124.43,122.74,1.69,0.0
2025-01-16 07:00:00-05:00,149.93,149.92,0.9,-0.89
2025-01-16 08:00:00-05:00,132.48,133.09999999999997,0.58,-1.2
2025-01-16 09:00:00-05:00,110.3,109.81,1.14,-0.65
2025-01-16 10:00:00-05:00,112.64,114.0,-0.0,-1.36
2025-01-16 11:00:00-05:00,87.28,86.36,1.26,-0.34
2025-01-16 12:00:00-05:00,86.72,85.72,1.26,-0.26
2025-01-16 13:00:00-05:00,93.07,91.46,1.88,-0.27
2025-01-16 14:00:00-05:00,90.62,89.47,1.42,-0.27
2025-01-16 15:00:00-05:00,98.44,96.62,1.82,0.0
2025-01-16 16:00:00-05:00,98.12,94.96,3.25,-0.09
2025-01-16 17:00:00-05:00,119.75,115.31,4.21,0.23
2025-01-16 18:00:00-05:00,100.91,96.3,4.51,0.1
2025-01-16 19:00:00-05:00,92.81,88.19000000000001,4.35,0.27
2025-01-16 20:00:00-05:00,95.06,92.44,3.08,-0.46
2025-01-16 21:00:00-05:00,85.61,83.13,2.56,-0.08
2025-01-16 22:00:00-05:00,84.49,82.03999999999999,2.7,-0.25
2025-01-16 23:00:00-05:00,88.17,85.43,2.91,-0.17
2025-01-17 00:00:00-05:00,105.83,105.22,1.13,-0.52
2025-01-17 01:00:00-05:00,86.61,85.64,1.4,-0.43
2025-01-17 02:00:00-05:00,80.19,79.07,1.59,-0.47
2025-01-17 03:00:00-05:00,86.3,86.19,0.71,-0.6
2025-01-17 04:00:00-05:00,86.61,86.01,1.03,-0.43
2025-01-17 05:00:00-05:00,87.16,85.00999999999999,1.98,0.17
2025-01-17 06:00:00-05:00,90.61,87.37,2.89,0.35
2025-01-17 07:00:00-05:00,126.66,124.59,2.44,-0.37
2025-01-17 08:00:00-05:00,127.47,127.09,0.76,-0.38
2025-01-17 09:00:00-05:00,88.38,87.09,1.46,-0.17
2025-01-17 10:00:00-05:00,84.88,85.19,0.2,-0.51
2025-01-17 11:00:00-05:00,82.49,82.97999999999999,-0.0,-0.49
2025-01-17 12:00:00-05:00,81.62,82.11,-0.0,-0.49
2025-01-17 13:00:00-05:00,80.62,81.18,-0.0,-0.56
2025-01-17 14:00:00-05:00,84.35,84.94,-0.0,-0.59
2025-01-17 15:00:00-05:00,71.8,70.57,1.65,-0.42
2025-01-17 16:00:00-05:00,72.52,70.49,2.73,-0.7
2025-01-17 17:00:00-05:00,77.33,70.72,7.25,-0.64
2025-01-17 18:00:00-05:00,74.93,70.56,4.86,-0.49
2025-01-17 19:00:00-05:00,75.64,70.55,5.58,-0.49
2025-01-17 20:00:00-05:00,79.02,70.69999999999999,8.67,-0.35
2025-01-17 21:00:00-05:00,76.89,70.26,7.55,-0.92
2025-01-17 22:00:00-05:00,72.03,70.39999999999999,2.4,-0.77
2025-01-17 23:00:00-05:00,71.41,70.11,2.49,-1.19
2025-01-18 00:00:00-05:00,69.47,70.03,-0.0,-0.56
2025-01-18 01:00:00-05:00,68.71,69.69,-0.0,-0.98
2025-01-18 02:00:00-05:00,67.41,68.42999999999999,-0.0,-1.02
2025-01-18 03:00:00-05:00,68.57,69.69,-0.0,-1.12
2025-01-18 04:00:00-05:00,68.72,69.76,-0.0,-1.04
2025-01-18 05:00:00-05:00,69.84,70.33,-0.0,-0.49
2025-01-18 06:00:00-05:00,66.0,66.6,-0.0,-0.6
2025-01-18 07:00:00-05:00,54.1,54.65,-0.0,-0.55
2025-01-18 08:00:00-05:00,58.12,58.71,-0.0,-0.59
2025-01-18 09:00:00-05:00,71.28,69.78,2.48,-0.98
2025-01-18 10:00:00-05:00,78.7,75.06,4.39,-0.75
2025-01-18 11:00:00-05:00,79.23,70.97,8.9,-0.64
2025-01-18 12:00:00-05:00,78.12,70.69,8.0,-0.57
2025-01-18 13:00:00-05:00,75.05,70.62,5.21,-0.78
2025-01-18 14:00:00-05:00,74.85,70.67999999999999,4.59,-0.42
2025-01-18 15:00:00-05:00,75.63,70.75999999999999,5.08,-0.21
2025-01-18 16:00:00-05:00,78.56,71.60000000000001,6.89,0.07
2025-01-18 17:00:00-05:00,84.26,71.30000000000001,12.32,0.64
2025-01-18 18:00:00-05:00,86.44,74.83,10.86,0.75
2025-01-18 19:00:00-05:00,81.5,71.07,10.14,0.29
2025-01-18 20:00:00-05:00,80.01,70.86,9.15,0.0
2025-01-18 21:00:00-05:00,77.4,70.72,6.82,-0.14
2025-01-18 22:00:00-05:00,74.66,70.92999999999999,3.73,0.0
2025-01-18 23:00:00-05:00,75.95,70.72,5.09,0.14
2025-01-19 00:00:00-05:00,91.62,82.25,9.29,0.08
2025-01-19 01:00:00-05:00,93.69,84.7,8.99,0.0
2025-01-19 02:00:00-05:00,92.98,82.99000000000001,9.91,0.08
2025-01-19 03:00:00-05:00,93.11,85.01,8.1,0.0
2025-01-19 04:00:00-05:00,92.19,85.00999999999999,7.18,0.0
2025-01-19 05:00:00-05:00,92.88,85.35,7.1,0.43
2025-01-19 06:00:00-05:00,94.41,85.27,8.8,0.34
2025-01-19 07:00:00-05:00,91.13,85.35,5.52,0.26
2025-01-19 08:00:00-05:00,94.98,88.61,5.75,0.62
2025-01-19 09:00:00-05:00,98.38,89.63999999999999,8.2,0.54
2025-01-19 10:00:00-05:00,101.18,88.69000000000001,12.13,0.36
2025-01-19 11:00:00-05:00,99.04,88.79,9.89,0.36
2025-01-19 12:00:00-05:00,98.21,88.61,9.24,0.36
2025-01-19 13:00:00-05:00,97.76,87.42,10.25,0.09
2025-01-19 14:00:00-05:00,100.6,89.3,10.85,0.45
2025-01-19 15:00:00-05:00,139.46,137.11,2.9,-0.55
2025-01-19 16:00:00-05:00,155.35,155.51,-0.0,-0.16
2025-01-19 17:00:00-05:00,225.85,228.01,0.12,-2.28
2025-01-19 18:00:00-05:00,207.08,209.65,0.37,-2.94
2025-01-19 19:00:00-05:00,202.59,205.17,0.49,-3.07
2025-01-19 20:00:00-05:00,166.02,165.96,2.88,-2.82
2025-01-19 21:00:00-05:00,139.34,137.82,3.86,-2.34
2025-01-19 22:00:00-05:00,150.13,149.34,2.88,-2.09
2025-01-19 23:00:00-05:00,159.76,161.87,-0.0,-2.11
2025-01-20 00:00:00-05:00,172.38,174.12,-0.0,-1.74
2025-01-20 01:00:00-05:00,160.97,162.76,-0.0,-1.79
2025-01-20 02:00:00-05:00,154.61,156.48000000000002,-0.0,-1.87
2025-01-20 03:00:00-05:00,155.17,157.36999999999998,-0.0,-2.2
2025-01-20 04:00:00-05:00,165.65,168.0,-0.0,-2.35
2025-01-20 05:00:00-05:00,188.52,191.01,-0.0,-2.49
2025-01-20 06:00:00-05:00,226.65,229.39,-0.0,-2.74
2025-01-20 07:00:00-05:00,238.5,242.13,-0.0,-3.63
2025-01-20 08:00:00-05:00,209.92,213.55,-0.0,-3.63
2025-01-20 09:00:00-05:00,224.7,229.53,-0.0,-4.83
2025-01-20 10:00:00-05:00,205.26,210.31,-0.0,-5.05
2025-01-20 11:00:00-05:00,203.23,208.23,-0.0,-5.0
2025-01-20 12:00:00-05:00,205.03,208.02,1.59,-4.58
2025-01-20 13:00:00-05:00,213.76,209.0,9.98,-5.22
2025-01-20 14:00:00-05:00,226.35,217.61,13.96,-5.22
2025-01-20 15:00:00-05:00,228.87,222.71,10.4,-4.24
2025-01-20 16:00:00-05:00,234.2,228.08999999999995,9.53,-3.42
2025-01-20 17:00:00-05:00,284.95,283.35,5.84,-4.24
2025-01-20 18:00:00-05:00,273.33,274.08,3.09,-3.84
2025-01-20 19:00:00-05:00,256.45,250.01,10.45,-4.01
2025-01-20 20:00:00-05:00,246.89,234.81,15.85,-3.77
2025-01-20 21:00:00-05:00,224.8,219.36,9.38,-3.94
2025-01-20 22:00:00-05:00,218.14,222.37,-0.0,-4.23
2025-01-20 23:00:00-05:00,207.83,211.22,-0.0,-3.39
2025-01-21 00:00:00-05:00,200.32,203.79,-0.0,-3.47
2025-01-21 01:00:00-05:00,183.67,186.66,-0.0,-2.99
2025-01-21 02:00:00-05:00,194.14,197.5,-0.0,-3.36
2025-01-21 03:00:00-05:00,192.0,195.32,-0.0,-3.32
2025-01-21 04:00:00-05:00,197.43,200.23,-0.0,-2.8
2025-01-21 05:00:00-05:00,207.08,209.38,-0.0,-2.3
2025-01-21 06:00:00-05:00,252.76,255.57,-0.0,-2.81
2025-01-21 07:00:00-05:00,295.15,299.34,-0.0,-4.19
2025-01-21 08:00:00-05:00,257.73,262.19,-0.0,-4.46
2025-01-21 09:00:00-05:00,243.62,248.35,-0.0,-4.73
2025-01-21 10:00:00-05:00,229.96,234.9,-0.0,-4.94
2025-01-21 11:00:00-05:00,217.76,222.88,-0.0,-5.12
2025-01-21 12:00:00-05:00,213.18,218.42,-0.0,-5.24
2025-01-21 13:00:00-05:00,218.42,223.79,-0.0,-5.37
2025-01-21 14:00:00-05:00,227.31,232.42,-0.0,-5.11
2025-01-21 15:00:00-05:00,241.06,245.98,-0.0,-4.92
2025-01-21 16:00:00-05:00,254.58,258.98,-0.0,-4.4
2025-01-21 17:00:00-05:00,314.0,318.46,-0.0,-4.46
2025-01-21 18:00:00-05:00,304.64,308.77,-0.11,-4.02
2025-01-21 19:00:00-05:00,274.58,279.27,-0.21,-4.48
2025-01-21 20:00:00-05:00,246.8,251.13,-0.06,-4.27
2025-01-21 21:00:00-05:00,235.47,239.88,-0.1,-4.31
2025-01-21 22:00:00-05:00,224.9,228.57,-0.0,-3.67
2025-01-21 23:00:00-05:00,222.82,225.29,-0.0,-2.47
2025-01-22 00:00:00-05:00,202.76,203.77,-0.0,-1.01
2025-01-22 01:00:00-05:00,197.79,199.17,-0.0,-1.38
2025-01-22 02:00:00-05:00,193.71,195.07,-0.0,-1.36
2025-01-22 03:00:00-05:00,192.87,194.03,-0.0,-1.16
2025-01-22 04:00:00-05:00,206.36,207.19000000000003,-0.0,-0.83
2025-01-22 05:00:00-05:00,216.09,216.31,-0.0,-0.22
2025-01-22 06:00:00-05:00,281.23,282.35,-0.0,-1.12
2025-01-22 07:00:00-05:00,299.1,301.52000000000004,-0.0,-2.42
2025-01-22 08:00:00-05:00,272.69,275.44,-0.0,-2.75
2025-01-22 09:00:00-05:00,243.07,246.52,-0.0,-3.45
2025-01-22 10:00:00-05:00,216.73,220.26,-0.0,-3.53
2025-01-22 11:00:00-05:00,204.72,208.47,-0.0,-3.75
2025-01-22 12:00:00-05:00,201.78,205.69,-0.0,-3.91
2025-01-22 13:00:00-05:00,202.08,206.0,-0.0,-3.92
2025-01-22 14:00:00-05:00,204.65,208.62,-0.0,-3.97
2025-01-22 15:00:00-05:00,225.58,229.71,-0.0,-4.13
2025-01-22 16:00:00-05:00,239.39,243.29,-0.0,-3.9
2025-01-22 17:00:00-05:00,290.52,294.34999999999997,-0.0,-3.83
2025-01-22 18:00:00-05:00,280.89,284.88,-0.0,-3.99
2025-01-22 19:00:00-05:00,255.48,259.36,-0.0,-3.88
2025-01-22 20:00:00-05:00,239.78,243.42,-0.0,-3.64
2025-01-22 21:00:00-05:00,223.62,227.02,-0.0,-3.4
2025-01-22 22:00:00-05:00,211.79,214.8,-0.0,-3.01
2025-01-22 23:00:00-05:00,205.74,208.23,-0.0,-2.49
2025-01-23 00:00:00-05:00,159.35,162.26999999999998,-0.0,-2.92
2025-01-23 01:00:00-05:00,153.28,155.93,-0.0,-2.65
2025-01-23 02:00:00-05:00,151.0,153.46,-0.0,-2.46
2025-01-23 03:00:00-05:00,149.5,151.94,-0.0,-2.44
2025-01-23 04:00:00-05:00,153.8,156.14,-0.0,-2.34
2025-01-23 05:00:00-05:00,160.81,162.27,-0.0,-1.46
2025-01-23 06:00:00-05:00,179.4,178.06,2.58,-1.24
2025-01-23 07:00:00-05:00,183.0,182.14,2.86,-2.0
2025-01-23 08:00:00-05:00,175.51,174.89,2.71,-2.09
2025-01-23 09:00:00-05:00,185.66,182.33,5.51,-2.18
2025-01-23 10:00:00-05:00,153.9,156.72,-0.0,-2.82
2025-01-23 11:00:00-05:00,141.0,143.74,-0.0,-2.74
2025-01-23 12:00:00-05:00,141.23,144.11,-0.0,-2.88
2025-01-23 13:00:00-05:00,135.47,138.38,-0.0,-2.91
2025-01-23 14:00:00-05:00,134.56,137.31,-0.0,-2.75
2025-01-23 15:00:00-05:00,144.85,147.5,-0.0,-2.65
2025-01-23 16:00:00-05:00,159.15,161.74,-0.0,-2.59
2025-01-23 17:00:00-05:00,180.38,182.68,0.26,-2.56
2025-01-23 18:00:00-05:00,175.48,177.30999999999997,0.65,-2.48
2025-01-23 19:00:00-05:00,163.82,166.66,-0.01,-2.83
2025-01-23 20:00:00-05:00,158.54,161.29,-0.01,-2.74
2025-01-23 21:00:00-05:00,151.25,154.18,-0.0,-2.93
2025-01-23 22:00:00-05:00,145.43,148.56,-0.0,-3.13
2025-01-23 23:00:00-05:00,145.95,147.88,-0.0,-1.93
2025-01-24 00:00:00-05:00,107.74,100.51,7.33,-0.1
2025-01-24 01:00:00-05:00,102.96,96.78,6.57,-0.39
2025-01-24 02:00:00-05:00,100.56,97.55,3.69,-0.68
2025-01-24 03:00:00-05:00,113.27,112.5,1.89,-1.12
2025-01-24 04:00:00-05:00,113.29,111.16,3.02,-0.89
2025-01-24 05:00:00-05:00,131.35,129.94,1.93,-0.52
2025-01-24 06:00:00-05:00,166.35,167.35,-0.0,-1.0
2025-01-24 07:00:00-05:00,172.86,174.07000000000002,-0.0,-1.21
2025-01-24 08:00:00-05:00,170.66,172.21,-0.0,-1.55
2025-01-24 09:00:00-05:00,132.81,129.89999999999998,4.08,-1.17
2025-01-24 10:00:00-05:00,110.29,109.04,2.01,-0.76
2025-01-24 11:00:00-05:00,102.43,99.93,3.19,-0.69
2025-01-24 12:00:00-05:00,102.3,100.72,2.39,-0.81
2025-01-24 13:00:00-05:00,99.21,97.42,2.57,-0.78
2025-01-24 14:00:00-05:00,102.18,100.82,1.96,-0.6
2025-01-24 15:00:00-05:00,107.46,104.44,3.44,-0.42
2025-01-24 16:00:00-05:00,116.2,111.23,5.08,-0.11
2025-01-24 17:00:00-05:00,139.59,132.65,6.27,0.67
2025-01-24 18:00:00-05:00,138.68,132.37,5.78,0.53
2025-01-24 19:00:00-05:00,117.09,109.2,8.33,-0.44
2025-01-24 20:00:00-05:00,110.22,102.73,7.9,-0.41
2025-01-24 21:00:00-05:00,112.92,110.65,2.82,-0.55
2025-01-24 22:00:00-05:00,103.02,100.51,2.91,-0.4
2025-01-24 23:00:00-05:00,104.8,100.3,4.7,-0.2
2025-01-25 00:00:00-05:00,106.33,97.34,8.99,0.0
2025-01-25 01:00:00-05:00,120.13,116.72,4.35,-0.94
2025-01-25 02:00:00-05:00,123.59,121.99,2.82,-1.22
2025-01-25 03:00:00-05:00,135.61,137.54000000000002,-0.0,-1.93
2025-01-25 04:00:00-05:00,139.67,141.51,-0.0,-1.84
2025-01-25 05:00:00-05:00,147.58,149.68,-0.0,-2.1
2025-01-25 06:00:00-05:00,136.73,133.03,5.29,-1.59
2025-01-25 07:00:00-05:00,135.04,130.33999999999995,7.18,-2.48
2025-01-25 08:00:00-05:00,139.18,137.15,4.92,-2.89
2025-01-25 09:00:00-05:00,119.69,109.55,12.11,-1.97
2025-01-25 10:00:00-05:00,103.09,100.36,4.94,-2.21
2025-01-25 11:00:00-05:00,89.96,87.8,3.74,-1.58
2025-01-25 12:00:00-05:00,88.65,87.53000000000002,2.96,-1.84
2025-01-25 13:00:00-05:00,87.98,87.28,2.54,-1.84
2025-01-25 14:00:00-05:00,89.13,87.42999999999999,3.54,-1.84
2025-01-25 15:00:00-05:00,91.87,87.62,5.92,-1.67
2025-01-25 16:00:00-05:00,99.09,87.80000000000001,12.52,-1.23
2025-01-25 17:00:00-05:00,96.48,88.16,9.37,-1.05
2025-01-25 18:00:00-05:00,98.33,88.25,10.96,-0.88
2025-01-25 19:00:00-05:00,88.2,81.81,7.61,-1.22
2025-01-25 20:00:00-05:00,85.68,76.68,10.23,-1.23
2025-01-25 21:00:00-05:00,78.53,73.11,6.81,-1.39
2025-01-25 22:00:00-05:00,78.88,72.28999999999999,7.82,-1.23
2025-01-25 23:00:00-05:00,79.46,72.14999999999999,8.39,-1.08
2025-01-26 00:00:00-05:00,92.25,87.62,5.86,-1.23
2025-01-26 01:00:00-05:00,86.57,85.25,2.77,-1.45
2025-01-26 02:00:00-05:00,83.85,81.80999999999999,3.43,-1.39
2025-01-26 03:00:00-05:00,82.3,81.82,1.95,-1.47
2025-01-26 04:00:00-05:00,81.75,80.97,2.24,-1.46
2025-01-26 05:00:00-05:00,77.03,73.28999999999999,5.06,-1.32
2025-01-26 06:00:00-05:00,84.56,81.22,4.48,-1.14
2025-01-26 07:00:00-05:00,75.06,71.92,4.51,-1.37
2025-01-26 08:00:00-05:00,82.36,78.03999999999999,5.81,-1.49
2025-01-26 09:00:00-05:00,87.51,81.3,7.51,-1.3
2025-01-26 10:00:00-05:00,77.0,72.86,5.38,-1.24
2025-01-26 11:00:00-05:00,80.27,75.07000000000001,6.63,-1.43
2025-01-26 12:00:00-05:00,75.33,72.14999999999999,4.84,-1.66
2025-01-26 13:00:00-05:00,74.86,72.15,4.3,-1.59
2025-01-26 14:00:00-05:00,77.38,72.3,6.53,-1.45
2025-01-26 15:00:00-05:00,80.7,81.14000000000001,1.1,-1.54
2025-01-26 16:00:00-05:00,84.03,83.42,1.95,-1.34
2025-01-26 17:00:00-05:00,93.76,88.06,6.75,-1.05
2025-01-26 18:00:00-05:00,96.02,88.07,9.0,-1.05
2025-01-26 19:00:00-05:00,90.08,87.61,3.78,-1.31
2025-01-26 20:00:00-05:00,88.4,87.80000000000001,1.83,-1.23
2025-01-26 21:00:00-05:00,81.5,80.97,2.15,-1.62
2025-01-26 22:00:00-05:00,78.23,78.06,1.66,-1.49
2025-01-26 23:00:00-05:00,73.09,71.99000000000001,2.39,-1.29
2025-01-27 00:00:00-05:00,82.81,81.21,2.9,-1.3
2025-01-27 01:00:00-05:00,72.32,71.92999999999999,1.83,-1.44
2025-01-27 02:00:00-05:00,71.85,71.71,1.72,-1.58
2025-01-27 03:00:00-05:00,72.06,71.77000000000001,1.72,-1.43
2025-01-27 04:00:00-05:00,73.08,71.99000000000001,2.24,-1.15
2025-01-27 05:00:00-05:00,73.98,72.16,2.98,-1.16
2025-01-27 06:00:00-05:00,89.83,87.25,3.37,-0.79
2025-01-27 07:00:00-05:00,106.4,87.97000000000001,19.22,-0.79
2025-01-27 08:00:00-05:00,99.3,88.25,11.66,-0.61
2025-01-27 09:00:00-05:00,82.55,73.64,10.31,-1.4
2025-01-27 10:00:00-05:00,76.74,71.71,7.11,-2.08
2025-01-27 11:00:00-05:00,75.68,71.70000000000002,6.13,-2.15
2025-01-27 12:00:00-05:00,74.56,71.84,4.87,-2.15
2025-01-27 13:00:00-05:00,74.33,71.78,4.7,-2.15
2025-01-27 14:00:00-05:00,73.07,71.77,3.38,-2.08
2025-01-27 15:00:00-05:00,76.35,71.92,6.3,-1.87
2025-01-27 16:00:00-05:00,79.57,71.91,9.24,-1.58
2025-01-27 17:00:00-05:00,99.86,82.69999999999999,18.57,-1.41
2025-01-27 18:00:00-05:00,97.1,80.56,17.83,-1.29
2025-01-27 19:00:00-05:00,83.74,72.28999999999999,12.68,-1.23
2025-01-27 20:00:00-05:00,79.48,75.68,4.93,-1.13
2025-01-27 21:00:00-05:00,74.14,72.06,3.6,-1.52
2025-01-27 22:00:00-05:00,74.49,71.85,4.43,-1.79
2025-01-27 23:00:00-05:00,74.17,71.7,4.33,-1.86
2025-01-28 00:00:00-05:00,73.94,71.41,4.53,-2.0
2025-01-28 01:00:00-05:00,73.62,71.34,4.35,-2.07
2025-01-28 02:00:00-05:00,72.89,71.27,3.83,-2.21
2025-01-28 03:00:00-05:00,72.59,71.28,3.52,-2.21
2025-01-28 04:00:00-05:00,74.6,71.55999999999999,4.9,-1.86
2025-01-28 05:00:00-05:00,75.77,71.99999999999999,5.29,-1.52
2025-01-28 06:00:00-05:00,83.82,78.67,6.49,-1.34
2025-01-28 07:00:00-05:00,95.59,87.53,9.37,-1.31
2025-01-28 08:00:00-05:00,93.76,87.98,7.01,-1.23
2025-01-28 09:00:00-05:00,89.89,87.62,4.02,-1.75
2025-01-28 10:00:00-05:00,89.71,87.80999999999999,3.48,-1.58
2025-01-28 11:00:00-05:00,89.09,87.81,2.95,-1.67
2025-01-28 12:00:00-05:00,88.44,87.7,2.49,-1.75
2025-01-28 13:00:00-05:00,86.75,86.13000000000001,2.52,-1.9
2025-01-28 14:00:00-05:00,88.33,87.61,2.56,-1.84
2025-01-28 15:00:00-05:00,92.65,88.16000000000001,5.64,-1.15
2025-01-28 16:00:00-05:00,97.32,88.25999999999999,10.03,-0.97
2025-01-28 17:00:00-05:00,166.76,168.17,0.78,-2.19
2025-01-28 18:00:00-05:00,167.54,170.56,-0.8,-2.22
2025-01-28 19:00:00-05:00,125.0,116.11,10.4,-1.51
2025-01-28 20:00:00-05:00,139.31,140.79000000000002,1.2,-2.68
2025-01-28 21:00:00-05:00,105.67,104.18,3.78,-2.29
2025-01-28 22:00:00-05:00,89.75,87.55000000000001,4.13,-1.93
2025-01-28 23:00:00-05:00,89.33,87.17,4.16,-2.0
2025-01-29 00:00:00-05:00,95.1,95.17,2.5,-2.57
2025-01-29 01:00:00-05:00,87.69,88.66,1.69,-2.66
2025-01-29 02:00:00-05:00,86.55,87.99,1.2,-2.64
2025-01-29 03:00:00-05:00,81.65,82.45,1.76,-2.56
2025-01-29 04:00:00-05:00,88.86,91.19,0.5,-2.83
2025-01-29 05:00:00-05:00,89.36,91.63,0.02,-2.29
2025-01-29 06:00:00-05:00,88.03,80.1,9.62,-1.69
2025-01-29 07:00:00-05:00,92.5,72.31,21.57,-1.38
2025-01-29 08:00:00-05:00,95.72,79.75,17.56,-1.59
2025-01-29 09:00:00-05:00,100.18,92.28,9.93,-2.03
2025-01-29 10:00:00-05:00,108.09,121.37,-10.37,-2.91
2025-01-29 11:00:00-05:00,105.32,117.41,-9.16,-2.93
2025-01-29 12:00:00-05:00,105.54,119.24,-10.6,-3.1
2025-01-29 13:00:00-05:00,103.13,117.49,-11.43,-2.93
2025-01-29 14:00:00-05:00,99.33,113.48,-11.2,-2.95
2025-01-29 15:00:00-05:00,108.21,122.38,-11.23,-2.94
2025-01-29 16:00:00-05:00,122.19,135.84,-10.53,-3.12
2025-01-29 17:00:00-05:00,104.91,93.03,13.65,-1.77
2025-01-29 18:00:00-05:00,113.66,102.78,12.63,-1.75
2025-01-29 19:00:00-05:00,105.87,94.58,13.09,-1.8
2025-01-29 20:00:00-05:00,122.44,123.0,2.15,-2.71
2025-01-29 21:00:00-05:00,110.72,124.16,-10.34,-3.1
2025-01-29 22:00:00-05:00,108.22,117.0,-5.74,-3.04
2025-01-29 23:00:00-05:00,101.24,104.0,0.15,-2.91
2025-01-30 00:00:00-05:00,100.01,102.26,-0.0,-2.25
2025-01-30 01:00:00-05:00,92.66,94.74,-0.0,-2.08
2025-01-30 02:00:00-05:00,90.07,92.01,-0.0,-1.94
2025-01-30 03:00:00-05:00,92.16,93.95,-0.0,-1.79
2025-01-30 04:00:00-05:00,97.88,99.88,-0.0,-2.0
2025-01-30 05:00:00-05:00,95.4,96.59,0.16,-1.35
2025-01-30 06:00:00-05:00,83.17,69.45,14.2,-0.48
2025-01-30 07:00:00-05:00,101.41,88.24999999999999,14.4,-1.24
2025-01-30 08:00:00-05:00,107.17,102.18,6.83,-1.84
2025-01-30 09:00:00-05:00,92.3,87.61999999999999,6.25,-1.57
2025-01-30 10:00:00-05:00,86.6,87.09,1.77,-2.26
2025-01-30 11:00:00-05:00,85.33,87.26,0.25,-2.18
2025-01-30 12:00:00-05:00,74.02,75.91999999999999,0.15,-2.05
2025-01-30 13:00:00-05:00,69.52,71.38,-0.0,-1.86
2025-01-30 14:00:00-05:00,67.32,66.52,2.53,-1.73
2025-01-30 15:00:00-05:00,69.54,71.17,-0.0,-1.63
2025-01-30 16:00:00-05:00,84.98,78.7,8.09,-1.81
2025-01-30 17:00:00-05:00,93.72,87.25999999999999,8.12,-1.66
2025-01-30 18:00:00-05:00,101.25,87.35,15.56,-1.66
2025-01-30 19:00:00-05:00,91.43,79.9,13.13,-1.6
2025-01-30 20:00:00-05:00,108.75,109.92,1.57,-2.74
2025-01-30 21:00:00-05:00,104.93,114.64,-6.5,-3.21
2025-01-30 22:00:00-05:00,86.24,94.29,-5.03,-3.02
2025-01-30 23:00:00-05:00,73.32,74.96,0.91,-2.55
2025-01-31 00:00:00-05:00,64.04,66.16000000000001,-0.0,-2.12
2025-01-31 01:00:00-05:00,67.22,69.51,-0.0,-2.29
2025-01-31 02:00:00-05:00,67.09,69.38000000000001,-0.0,-2.29
2025-01-31 03:00:00-05:00,65.44,67.67,-0.0,-2.23
2025-01-31 04:00:00-05:00,71.29,73.42,-0.0,-2.13
2025-01-31 05:00:00-05:00,74.93,76.93,-0.0,-2.0
2025-01-31 06:00:00-05:00,86.64,88.59,-0.0,-1.95
2025-01-31 07:00:00-05:00,98.12,98.35,2.13,-2.36
2025-01-31 08:00:00-05:00,116.92,119.81,-0.01,-2.88
2025-01-31 09:00:00-05:00,133.05,140.74,-4.03,-3.66
2025-01-31 10:00:00-05:00,126.19,132.13,-2.64,-3.3
2025-01-31 11:00:00-05:00,120.79,125.37,-1.57,-3.01
2025-01-31 12:00:00-05:00,105.76,107.92,0.11,-2.27
2025-01-31 13:00:00-05:00,85.93,87.28000000000002,0.57,-1.92
2025-01-31 14:00:00-05:00,86.44,87.19,1.25,-2.0
2025-01-31 15:00:00-05:00,86.74,87.1,1.64,-2.0
2025-01-31 16:00:00-05:00,82.54,86.82000000000001,-2.02,-2.26
2025-01-31 17:00:00-05:00,85.44,87.0,0.44,-2.0
2025-01-31 18:00:00-05:00,77.94,79.01,0.83,-1.9
2025-01-31 19:00:00-05:00,70.75,71.41,1.2,-1.86
2025-01-31 20:00:00-05:00,71.78,71.50000000000001,2.21,-1.93
2025-01-31 21:00:00-05:00,69.34,71.2,0.27,-2.13
2025-01-31 22:00:00-05:00,69.09,71.2,0.02,-2.13
2025-01-31 23:00:00-05:00,69.14,71.13,-0.0,-1.99
2025-02-01 00:00:00-05:00,62.13,63.92,-0.0,-1.79
2025-02-01 01:00:00-05:00,51.03,52.5,-0.0,-1.47
2025-02-01 02:00:00-05:00,45.46,46.48,-0.0,-1.02
2025-02-01 03:00:00-05:00,43.99,44.84,-0.0,-0.85
2025-02-01 04:00:00-05:00,45.0,45.82,-0.0,-0.82
2025-02-01 05:00:00-05:00,47.15,48.059999999999995,-0.0,-0.91
2025-02-01 06:00:00-05:00,52.7,53.45,-0.0,-0.75
2025-02-01 07:00:00-05:00,55.1,56.17,-0.0,-1.07
2025-02-01 08:00:00-05:00,57.78,59.08,-0.0,-1.3
2025-02-01 09:00:00-05:00,65.81,67.09,-0.0,-1.28
2025-02-01 10:00:00-05:00,69.02,70.5,-0.0,-1.48
2025-02-01 11:00:00-05:00,61.39,62.64,-0.0,-1.25
2025-02-01 12:00:00-05:00,57.09,58.2,-0.0,-1.11
2025-02-01 13:00:00-05:00,60.27,61.31,-0.0,-1.04
2025-02-01 14:00:00-05:00,56.4,57.379999999999995,-0.0,-0.98
2025-02-01 15:00:00-05:00,66.84,67.72,-0.0,-0.88
2025-02-01 16:00:00-05:00,71.8,72.45,-0.0,-0.65
2025-02-01 17:00:00-05:00,93.45,94.01,-0.0,-0.56
2025-02-01 18:00:00-05:00,95.82,96.39,-0.0,-0.57
2025-02-01 19:00:00-05:00,89.97,90.79,-0.0,-0.82
2025-02-01 20:00:00-05:00,85.7,86.83,-0.0,-1.13
2025-02-01 21:00:00-05:00,76.61,78.17,-0.0,-1.56
2025-02-01 22:00:00-05:00,70.28,71.43,-0.0,-1.15
2025-02-01 23:00:00-05:00,78.36,79.55,-0.0,-1.19
2025-02-02 00:00:00-05:00,96.8,98.98,-0.0,-2.18
2025-02-02 01:00:00-05:00,87.46,89.61,-0.0,-2.15
2025-02-02 02:00:00-05:00,74.14,75.96,-0.0,-1.82
2025-02-02 03:00:00-05:00,67.65,69.46000000000001,-0.0,-1.81
2025-02-02 04:00:00-05:00,62.17,63.83,-0.0,-1.66
2025-02-02 05:00:00-05:00,65.87,67.63000000000001,-0.0,-1.76
2025-02-02 06:00:00-05:00,70.67,72.63,-0.0,-1.96
2025-02-02 07:00:00-05:00,74.13,76.09,0.02,-1.98
2025-02-02 08:00:00-05:00,80.59,77.34,5.33,-2.08
2025-02-02 09:00:00-05:00,76.62,73.27,5.26,-1.91
2025-02-02 10:00:00-05:00,63.84,65.52000000000001,0.02,-1.7
2025-02-02 11:00:00-05:00,72.82,71.84,2.99,-2.01
2025-02-02 12:00:00-05:00,67.95,66.82000000000001,3.07,-1.94
2025-02-02 13:00:00-05:00,68.06,66.48,3.57,-1.99
2025-02-02 14:00:00-05:00,67.66,66.22999999999999,3.42,-1.99
2025-02-02 15:00:00-05:00,69.76,71.60000000000001,0.02,-1.86
2025-02-02 16:00:00-05:00,87.65,84.12,5.8,-2.27
2025-02-02 17:00:00-05:00,104.5,100.09,6.91,-2.5
2025-02-02 18:00:00-05:00,99.62,95.28,6.72,-2.38
2025-02-02 19:00:00-05:00,90.64,86.87,5.86,-2.09
2025-02-02 20:00:00-05:00,78.44,76.7,3.5,-1.76
2025-02-02 21:00:00-05:00,63.75,65.38,-0.0,-1.63
2025-02-02 22:00:00-05:00,56.0,57.5,-0.0,-1.5
2025-02-02 23:00:00-05:00,51.46,52.78,-0.0,-1.32
2025-02-03 00:00:00-05:00,68.8,70.56,-0.0,-1.76
2025-02-03 01:00:00-05:00,65.18,66.85000000000001,-0.0,-1.67
2025-02-03 02:00:00-05:00,64.75,66.34,-0.0,-1.59
2025-02-03 03:00:00-05:00,66.72,68.42999999999999,-0.0,-1.71
2025-02-03 04:00:00-05:00,67.55,69.21,-0.0,-1.66
2025-02-03 05:00:00-05:00,69.57,70.91999999999999,-0.0,-1.35
2025-02-03 06:00:00-05:00,70.56,71.41,-0.0,-0.85
2025-02-03 07:00:00-05:00,70.15,71.58000000000001,-0.0,-1.43
2025-02-03 08:00:00-05:00,70.64,71.86,-0.0,-1.22
2025-02-03 09:00:00-05:00,70.7,71.99000000000001,-0.0,-1.29
2025-02-03 10:00:00-05:00,70.26,71.69000000000001,-0.0,-1.43
2025-02-03 11:00:00-05:00,69.35,71.27,-0.0,-1.92
2025-02-03 12:00:00-05:00,69.14,71.13,-0.0,-1.99
2025-02-03 13:00:00-05:00,68.86,70.99,-0.0,-2.13
2025-02-03 14:00:00-05:00,65.57,67.80999999999999,-0.0,-2.24
2025-02-03 15:00:00-05:00,67.95,70.05,-0.0,-2.1
2025-02-03 16:00:00-05:00,67.37,69.68,-0.01,-2.3
2025-02-03 17:00:00-05:00,69.76,71.62,-0.0,-1.86
2025-02-03 18:00:00-05:00,70.47,71.86,0.19,-1.58
2025-02-03 19:00:00-05:00,69.2,71.27,-0.0,-2.07
2025-02-03 20:00:00-05:00,68.99,71.05,-0.0,-2.06
2025-02-03 21:00:00-05:00,67.31,69.32000000000001,-0.0,-2.01
2025-02-03 22:00:00-05:00,55.43,57.14,-0.0,-1.71
2025-02-03 23:00:00-05:00,52.13,53.690000000000005,-0.0,-1.56
2025-02-04 00:00:00-05:00,62.34,64.07000000000001,-0.0,-1.73
2025-02-04 01:00:00-05:00,60.29,61.96,-0.0,-1.67
2025-02-04 02:00:00-05:00,60.13,61.74,-0.0,-1.61
2025-02-04 03:00:00-05:00,56.69,58.2,-0.0,-1.51
2025-02-04 04:00:00-05:00,59.3,60.69,-0.0,-1.39
2025-02-04 05:00:00-05:00,61.83,63.22,-0.0,-1.39
2025-02-04 06:00:00-05:00,69.86,71.06,0.08,-1.28
2025-02-04 07:00:00-05:00,70.19,71.55,-0.0,-1.36
2025-02-04 08:00:00-05:00,70.35,71.78999999999999,-0.0,-1.44
2025-02-04 09:00:00-05:00,69.56,71.34,-0.0,-1.78
2025-02-04 10:00:00-05:00,67.7,69.58,-0.0,-1.88
2025-02-04 11:00:00-05:00,59.87,61.66,-0.0,-1.79
2025-02-04 12:00:00-05:00,57.17,59.0,-0.0,-1.83
2025-02-04 13:00:00-05:00,59.73,61.45,-0.0,-1.72
2025-02-04 14:00:00-05:00,64.78,66.92,-0.0,-2.14
2025-02-04 15:00:00-05:00,67.68,69.49000000000001,-0.0,-1.81
2025-02-04 16:00:00-05:00,72.77,74.1,-0.0,-1.33
2025-02-04 17:00:00-05:00,90.3,88.42,2.41,-0.53
2025-02-04 18:00:00-05:00,93.55,91.06,2.67,-0.18
2025-02-04 19:00:00-05:00,89.8,88.41999999999999,1.73,-0.35
2025-02-04 20:00:00-05:00,83.98,83.49000000000001,1.16,-0.67
2025-02-04 21:00:00-05:00,71.8,72.02,0.36,-0.58
2025-02-04 22:00:00-05:00,70.76,71.57000000000001,0.12,-0.93
2025-02-04 23:00:00-05:00,70.79,71.35000000000001,0.22,-0.78
2025-02-05 00:00:00-05:00,88.86,90.12,-0.0,-1.26
2025-02-05 01:00:00-05:00,92.26,94.14,-0.0,-1.88
2025-02-05 02:00:00-05:00,88.82,90.73,-0.0,-1.91
2025-02-05 03:00:00-05:00,89.29,91.11,-0.0,-1.82
2025-02-05 04:00:00-05:00,101.63,103.92,-0.0,-2.29
2025-02-05 05:00:00-05:00,116.27,119.13,-0.0,-2.86
2025-02-05 06:00:00-05:00,137.15,140.52,-0.0,-3.37
2025-02-05 07:00:00-05:00,163.13,166.79999999999998,-0.0,-3.67
2025-02-05 08:00:00-05:00,151.11,154.66000000000005,-0.0,-3.55
2025-02-05 09:00:00-05:00,132.51,135.89999999999998,-0.0,-3.39
2025-02-05 10:00:00-05:00,125.52,128.61,-0.0,-3.09
2025-02-05 11:00:00-05:00,112.24,115.47,-0.0,-3.23
2025-02-05 12:00:00-05:00,105.39,108.65,-0.0,-3.26
2025-02-05 13:00:00-05:00,107.09,110.29,-0.0,-3.2
2025-02-05 14:00:00-05:00,112.66,116.39,-0.0,-3.73
2025-02-05 15:00:00-05:00,123.85,127.42,-0.0,-3.57
2025-02-05 16:00:00-05:00,138.55,142.54000000000002,-0.0,-3.99
2025-02-05 17:00:00-05:00,170.28,175.0,-0.0,-4.72
2025-02-05 18:00:00-05:00,176.66,181.75,-0.0,-5.09
2025-02-05 19:00:00-05:00,156.33,160.67000000000002,-0.01,-4.33
2025-02-05 20:00:00-05:00,139.46,143.49,-0.01,-4.02
2025-02-05 21:00:00-05:00,118.19,132.01,-9.59,-4.23
2025-02-05 22:00:00-05:00,109.42,118.15,-4.71,-4.02
2025-02-05 23:00:00-05:00,104.43,110.7,-2.39,-3.88
2025-02-06 00:00:00-05:00,71.46,72.32,-0.0,-0.86
2025-02-06 01:00:00-05:00,71.6,72.61999999999999,-0.0,-1.02
2025-02-06 02:00:00-05:00,70.87,72.17,-0.0,-1.3
2025-02-06 03:00:00-05:00,71.01,72.24000000000001,-0.0,-1.23
2025-02-06 04:00:00-05:00,71.16,72.32,-0.0,-1.16
2025-02-06 05:00:00-05:00,71.24,72.25,-0.0,-1.01
2025-02-06 06:00:00-05:00,83.76,83.05,2.2,-1.49
2025-02-06 07:00:00-05:00,135.51,140.12999999999997,-0.42,-4.2
2025-02-06 08:00:00-05:00,130.99,134.01000000000002,0.73,-3.75
2025-02-06 09:00:00-05:00,99.64,98.59,3.22,-2.17
2025-02-06 10:00:00-05:00,107.92,107.73,3.21,-3.02
2025-02-06 11:00:00-05:00,105.36,105.06,3.24,-2.94
2025-02-06 12:00:00-05:00,90.37,87.35,5.29,-2.27
2025-02-06 13:00:00-05:00,80.18,72.98,8.81,-1.61
2025-02-06 14:00:00-05:00,78.18,72.91000000000001,7.02,-1.75
2025-02-06 15:00:00-05:00,78.09,74.38,5.57,-1.86
2025-02-06 16:00:00-05:00,76.46,72.52,6.05,-2.11
2025-02-06 17:00:00-05:00,79.06,72.81,8.0,-1.75
2025-02-06 18:00:00-05:00,78.27,72.74999999999999,7.34,-1.82
2025-02-06 19:00:00-05:00,74.54,72.51,4.14,-2.11
2025-02-06 20:00:00-05:00,72.29,72.43,2.03,-2.17
2025-02-06 21:00:00-05:00,69.58,71.15,0.71,-2.28
2025-02-06 22:00:00-05:00,64.62,66.55000000000001,-0.0,-1.93
2025-02-06 23:00:00-05:00,60.55,62.29,-0.0,-1.74
2025-02-07 00:00:00-05:00,56.68,58.56,-0.0,-1.88
2025-02-07 01:00:00-05:00,52.48,53.82,-0.0,-1.34
2025-02-07 02:00:00-05:00,52.48,53.82,-0.0,-1.34
2025-02-07 03:00:00-05:00,52.2,53.48,-0.0,-1.28
2025-02-07 04:00:00-05:00,52.17,53.4,-0.0,-1.23
2025-02-07 05:00:00-05:00,54.08,55.07,-0.0,-0.99
2025-02-07 06:00:00-05:00,67.96,67.6,1.71,-1.35
2025-02-07 07:00:00-05:00,72.15,72.43,1.24,-1.52
2025-02-07 08:00:00-05:00,72.02,72.37,1.24,-1.59
2025-02-07 09:00:00-05:00,62.58,64.4,0.05,-1.87
2025-02-07 10:00:00-05:00,61.88,63.75000000000001,-0.02,-1.85
2025-02-07 11:00:00-05:00,59.83,61.629999999999995,-0.01,-1.79
2025-02-07 12:00:00-05:00,59.62,61.15,-0.0,-1.53
2025-02-07 13:00:00-05:00,58.75,60.32,-0.0,-1.57
2025-02-07 14:00:00-05:00,56.28,57.72,-0.0,-1.44
2025-02-07 15:00:00-05:00,62.58,64.05,-0.0,-1.47
2025-02-07 16:00:00-05:00,71.13,72.66,-0.0,-1.53
2025-02-07 17:00:00-05:00,74.51,73.35,2.12,-0.96
2025-02-07 18:00:00-05:00,76.08,73.35,3.69,-0.96
2025-02-07 19:00:00-05:00,73.59,72.95,1.81,-1.17
2025-02-07 20:00:00-05:00,72.75,72.95,0.89,-1.09
2025-02-07 21:00:00-05:00,71.42,72.66,-0.0,-1.24
2025-02-07 22:00:00-05:00,71.06,72.36,-0.0,-1.3
2025-02-07 23:00:00-05:00,72.54,72.66,0.68,-0.8
2025-02-08 00:00:00-05:00,63.76,63.489999999999995,0.14,0.13
2025-02-08 01:00:00-05:00,60.81,60.99,-0.0,-0.18
2025-02-08 02:00:00-05:00,60.8,61.04,-0.0,-0.24
2025-02-08 03:00:00-05:00,65.17,65.43,-0.0,-0.26
2025-02-08 04:00:00-05:00,68.57,68.63999999999999,-0.0,-0.07
2025-02-08 05:00:00-05:00,70.17,70.10000000000001,-0.0,0.07
2025-02-08 06:00:00-05:00,68.37,68.35000000000001,0.02,0.0
2025-02-08 07:00:00-05:00,70.89,71.1,-0.0,-0.21
2025-02-08 08:00:00-05:00,74.72,74.94,-0.0,-0.22
2025-02-08 09:00:00-05:00,75.05,75.42999999999999,-0.0,-0.38
2025-02-08 10:00:00-05:00,79.18,79.73,-0.0,-0.55
2025-02-08 11:00:00-05:00,77.0,77.54,-0.0,-0.54
2025-02-08 12:00:00-05:00,69.92,70.77,-0.0,-0.85
2025-02-08 13:00:00-05:00,60.07,60.86,-0.0,-0.79
2025-02-08 14:00:00-05:00,69.51,70.5,-0.0,-0.99
2025-02-08 15:00:00-05:00,76.1,77.02,-0.0,-0.92
2025-02-08 16:00:00-05:00,84.61,84.78,0.84,-1.01
2025-02-08 17:00:00-05:00,91.38,91.55,0.92,-1.09
2025-02-08 18:00:00-05:00,91.75,92.15,0.89,-1.29
2025-02-08 19:00:00-05:00,78.82,78.24999999999999,1.59,-1.02
2025-02-08 20:00:00-05:00,82.35,82.29,1.21,-1.15
2025-02-08 21:00:00-05:00,72.2,71.9,1.24,-0.94
2025-02-08 22:00:00-05:00,72.83,73.57,-0.0,-0.74
2025-02-08 23:00:00-05:00,72.0,72.43,-0.0,-0.43
2025-02-09 00:00:00-05:00,64.6,65.38,-0.0,-0.78
2025-02-09 01:00:00-05:00,63.75,64.85,-0.0,-1.1
2025-02-09 02:00:00-05:00,63.62,64.85,-0.0,-1.23
2025-02-09 03:00:00-05:00,63.42,64.65,-0.0,-1.23
2025-02-09 04:00:00-05:00,63.36,64.59,-0.0,-1.23
2025-02-09 05:00:00-05:00,63.62,64.72,-0.0,-1.1
2025-02-09 06:00:00-05:00,63.94,64.98,-0.0,-1.04
2025-02-09 07:00:00-05:00,63.42,64.85000000000001,-0.0,-1.43
2025-02-09 08:00:00-05:00,64.14,65.25,-0.0,-1.11
2025-02-09 09:00:00-05:00,66.58,67.39,-0.0,-0.81
2025-02-09 10:00:00-05:00,68.63,69.46,-0.0,-0.83
2025-02-09 11:00:00-05:00,64.48,65.53,-0.0,-1.05
2025-02-09 12:00:00-05:00,63.55,65.17999999999999,-0.0,-1.63
2025-02-09 13:00:00-05:00,63.55,65.11,-0.0,-1.56
2025-02-09 14:00:00-05:00,63.42,65.04,-0.0,-1.62
2025-02-09 15:00:00-05:00,66.32,67.39999999999999,-0.0,-1.08
2025-02-09 16:00:00-05:00,76.45,77.7,-0.0,-1.25
2025-02-09 17:00:00-05:00,87.53,88.69,-0.0,-1.16
2025-02-09 18:00:00-05:00,85.44,86.64999999999999,-0.0,-1.21
2025-02-09 19:00:00-05:00,80.51,81.57000000000001,-0.0,-1.06
2025-02-09 20:00:00-05:00,77.39,78.41,-0.0,-1.02
2025-02-09 21:00:00-05:00,72.38,73.25999999999999,-0.0,-0.88
2025-02-09 22:00:00-05:00,65.26,65.85000000000001,-0.0,-0.59
2025-02-09 23:00:00-05:00,64.33,65.24,-0.0,-0.91
2025-02-10 00:00:00-05:00,70.13,70.83999999999999,-0.0,-0.71
2025-02-10 01:00:00-05:00,69.34,70.47,-0.0,-1.13
2025-02-10 02:00:00-05:00,69.2,70.33,-0.0,-1.13
2025-02-10 03:00:00-05:00,69.56,70.55,-0.0,-0.99
2025-02-10 04:00:00-05:00,70.35,70.91999999999999,-0.0,-0.57
2025-02-10 05:00:00-05:00,79.04,79.59,-0.0,-0.55
2025-02-10 06:00:00-05:00,105.11,106.39,0.43,-1.71
2025-02-10 07:00:00-05:00,136.12,134.07000000000002,4.73,-2.68
2025-02-10 08:00:00-05:00,144.97,146.8,1.1,-2.93
2025-02-10 09:00:00-05:00,102.89,98.18,5.6,-0.89
2025-02-10 10:00:00-05:00,98.5,96.94,3.11,-1.55
2025-02-10 11:00:00-05:00,90.15,91.15,1.01,-2.01
2025-02-10 12:00:00-05:00,82.99,80.69999999999999,4.07,-1.78
2025-02-10 13:00:00-05:00,78.17,74.98,4.77,-1.58
2025-02-10 14:00:00-05:00,75.59,70.85000000000001,6.3,-1.56
2025-02-10 15:00:00-05:00,79.18,71.52000000000001,9.02,-1.36
2025-02-10 16:00:00-05:00,103.6,96.47,9.06,-1.93
2025-02-10 17:00:00-05:00,107.83,96.84,12.54,-1.55
2025-02-10 18:00:00-05:00,111.07,97.04,15.29,-1.26
2025-02-10 19:00:00-05:00,106.6,96.75,11.5,-1.65
2025-02-10 20:00:00-05:00,105.57,96.84,10.28,-1.55
2025-02-10 21:00:00-05:00,93.29,85.59000000000002,9.24,-1.54
2025-02-10 22:00:00-05:00,97.28,94.77,4.21,-1.7
2025-02-10 23:00:00-05:00,84.72,80.07,6.01,-1.36
2025-02-11 00:00:00-05:00,81.11,74.85,7.31,-1.05
2025-02-11 01:00:00-05:00,76.87,72.03,5.78,-0.94
2025-02-11 02:00:00-05:00,76.55,73.69999999999999,3.73,-0.88
2025-02-11 03:00:00-05:00,76.74,75.3,2.27,-0.83
2025-02-11 04:00:00-05:00,80.75,77.03999999999999,4.56,-0.85
2025-02-11 05:00:00-05:00,97.26,94.29,4.29,-1.32
2025-02-11 06:00:00-05:00,108.59,99.76,9.03,-0.2
2025-02-11 07:00:00-05:00,115.37,97.9,17.86,-0.39
2025-02-11 08:00:00-05:00,107.4,97.24,11.13,-0.97
2025-02-11 09:00:00-05:00,93.43,81.16,13.73,-1.46
2025-02-11 10:00:00-05:00,96.51,90.05,7.81,-1.35
2025-02-11 11:00:00-05:00,86.54,79.84,7.98,-1.28
2025-02-11 12:00:00-05:00,79.26,71.19000000000001,9.35,-1.28
2025-02-11 13:00:00-05:00,78.79,71.06,8.94,-1.21
2025-02-11 14:00:00-05:00,79.95,71.14,10.02,-1.21
2025-02-11 15:00:00-05:00,87.82,78.91,10.09,-1.18
2025-02-11 16:00:00-05:00,106.15,97.04,10.47,-1.36
2025-02-11 17:00:00-05:00,111.84,97.44,15.18,-0.78
2025-02-11 18:00:00-05:00,111.48,99.15,13.02,-0.69
2025-02-11 19:00:00-05:00,108.59,97.33,12.23,-0.97
2025-02-11 20:00:00-05:00,106.39,97.24,10.22,-1.07
2025-02-11 21:00:00-05:00,101.22,96.75,6.31,-1.84
2025-02-11 22:00:00-05:00,99.28,96.84,4.18,-1.74
2025-02-11 23:00:00-05:00,98.11,97.36,2.5,-1.75
2025-02-12 00:00:00-05:00,104.78,107.58,-0.0,-2.8
2025-02-12 01:00:00-05:00,97.38,99.98,-0.0,-2.6
2025-02-12 02:00:00-05:00,104.62,108.09,-0.01,-3.46
2025-02-12 03:00:00-05:00,109.43,113.17000000000002,-0.01,-3.73
2025-02-12 04:00:00-05:00,110.96,114.75,-0.01,-3.78
2025-02-12 05:00:00-05:00,115.41,119.23,-0.0,-3.82
2025-02-12 06:00:00-05:00,123.83,127.14,-0.0,-3.31
2025-02-12 07:00:00-05:00,121.97,121.88,3.26,-3.17
2025-02-12 08:00:00-05:00,124.73,122.21,5.7,-3.18
2025-02-12 09:00:00-05:00,125.9,137.82999999999998,-7.51,-4.42
2025-02-12 10:00:00-05:00,126.43,137.47,-6.51,-4.53
2025-02-12 11:00:00-05:00,125.37,138.92000000000002,-8.97,-4.58
2025-02-12 12:00:00-05:00,107.05,118.13,-7.18,-3.9
2025-02-12 13:00:00-05:00,96.56,99.55,-0.01,-2.98
2025-02-12 14:00:00-05:00,92.45,96.49,-1.05,-2.99
2025-02-12 15:00:00-05:00,107.83,121.86,-10.01,-4.02
2025-02-12 16:00:00-05:00,135.52,155.43,-14.93,-4.98
2025-02-12 17:00:00-05:00,148.66,173.72,-19.15,-5.91
2025-02-12 18:00:00-05:00,148.49,170.62,-17.18,-4.95
2025-02-12 19:00:00-05:00,130.83,148.59,-13.45,-4.31
2025-02-12 20:00:00-05:00,113.69,130.39,-12.66,-4.04
2025-02-12 21:00:00-05:00,89.98,99.95000000000002,-6.57,-3.4
2025-02-12 22:00:00-05:00,84.68,87.11,0.53,-2.96
2025-02-12 23:00:00-05:00,82.46,83.39,1.74,-2.67
2025-02-13 00:00:00-05:00,63.17,64.59,-0.0,-1.42
2025-02-13 01:00:00-05:00,52.5,51.309999999999995,2.17,-0.98
2025-02-13 02:00:00-05:00,49.78,47.27,3.41,-0.9
2025-02-13 03:00:00-05:00,50.95,48.99,2.89,-0.93
2025-02-13 04:00:00-05:00,51.13,51.86,-0.0,-0.73
2025-02-13 05:00:00-05:00,56.43,57.06,-0.0,-0.63
2025-02-13 06:00:00-05:00,69.3,70.57,-0.0,-1.27
2025-02-13 07:00:00-05:00,80.97,82.77999999999999,0.01,-1.82
2025-02-13 08:00:00-05:00,83.52,85.04,0.27,-1.79
2025-02-13 09:00:00-05:00,81.21,83.14999999999999,0.14,-2.08
2025-02-13 10:00:00-05:00,85.64,85.98,1.47,-1.81
2025-02-13 11:00:00-05:00,80.0,78.71,2.79,-1.5
2025-02-13 12:00:00-05:00,66.85,66.16,1.95,-1.26
2025-02-13 13:00:00-05:00,61.31,60.23,2.23,-1.15
2025-02-13 14:00:00-05:00,58.46,56.120000000000005,3.41,-1.07
2025-02-13 15:00:00-05:00,59.32,58.470000000000006,1.73,-0.88
2025-02-13 16:00:00-05:00,61.64,59.36,2.93,-0.65
2025-02-13 17:00:00-05:00,73.98,70.16,4.45,-0.63
2025-02-13 18:00:00-05:00,77.69,71.71,6.48,-0.5
2025-02-13 19:00:00-05:00,64.48,56.77,8.28,-0.57
2025-02-13 20:00:00-05:00,63.67,62.31000000000001,1.98,-0.62
2025-02-13 21:00:00-05:00,59.41,58.54,1.57,-0.7
2025-02-13 22:00:00-05:00,55.44,55.89,-0.0,-0.45
2025-02-13 23:00:00-05:00,52.44,52.02,0.84,-0.42
2025-02-14 00:00:00-05:00,59.25,60.4,-0.0,-1.15
2025-02-14 01:00:00-05:00,57.28,58.51,-0.0,-1.23
2025-02-14 02:00:00-05:00,57.79,59.21,-0.0,-1.42
2025-02-14 03:00:00-05:00,58.04,59.4,-0.0,-1.36
2025-02-14 04:00:00-05:00,58.95,60.220000000000006,-0.0,-1.27
2025-02-14 05:00:00-05:00,57.95,58.89,-0.0,-0.94
2025-02-14 06:00:00-05:00,62.38,62.75,-0.0,-0.37
2025-02-14 07:00:00-05:00,64.39,61.04,3.9,-0.55
2025-02-14 08:00:00-05:00,65.55,65.64999999999999,0.03,-0.13
2025-02-14 09:00:00-05:00,62.27,61.220000000000006,1.66,-0.61
2025-02-14 10:00:00-05:00,62.17,61.16,1.74,-0.73
2025-02-14 11:00:00-05:00,61.78,61.09,1.67,-0.98
2025-02-14 12:00:00-05:00,60.65,60.830000000000005,0.91,-1.09
2025-02-14 13:00:00-05:00,60.22,60.7,0.91,-1.39
2025-02-14 14:00:00-05:00,61.23,60.79999999999999,1.59,-1.16
2025-02-14 15:00:00-05:00,63.28,61.64,1.64,0.0
2025-02-14 16:00:00-05:00,64.08,61.42,2.66,0.0
2025-02-14 17:00:00-05:00,87.77,84.94999999999999,2.73,0.09
2025-02-14 18:00:00-05:00,98.66,97.83,0.63,0.2
2025-02-14 19:00:00-05:00,86.86,86.6,-0.0,0.26
2025-02-14 20:00:00-05:00,83.49,83.41,-0.0,0.08
2025-02-14 21:00:00-05:00,74.67,74.60000000000001,-0.0,0.07
2025-02-14 22:00:00-05:00,68.8,69.00999999999999,-0.0,-0.21
2025-02-14 23:00:00-05:00,70.77,70.56,-0.0,0.21
2025-02-15 00:00:00-05:00,81.37,81.61,-0.0,-0.24
2025-02-15 01:00:00-05:00,80.43,80.59,-0.0,-0.16
2025-02-15 02:00:00-05:00,73.99,74.21,-0.0,-0.22
2025-02-15 03:00:00-05:00,69.73,70.15,-0.0,-0.42
2025-02-15 04:00:00-05:00,70.55,70.97,-0.0,-0.42
2025-02-15 05:00:00-05:00,73.88,74.32,-0.0,-0.44
2025-02-15 06:00:00-05:00,69.79,70.28,-0.0,-0.49
2025-02-15 07:00:00-05:00,65.35,65.05,1.08,-0.78
2025-02-15 08:00:00-05:00,70.61,71.54,-0.0,-0.93
2025-02-15 09:00:00-05:00,79.47,77.27000000000001,3.21,-1.01
2025-02-15 10:00:00-05:00,89.56,85.98,4.96,-1.38
2025-02-15 11:00:00-05:00,88.38,82.32000000000001,7.46,-1.4
2025-02-15 12:00:00-05:00,87.75,82.16,7.07,-1.48
2025-02-15 13:00:00-05:00,85.66,79.81,7.21,-1.36
2025-02-15 14:00:00-05:00,83.22,74.12,10.21,-1.11
2025-02-15 15:00:00-05:00,72.51,62.49,10.96,-0.94
2025-02-15 16:00:00-05:00,77.7,65.71000000000001,12.78,-0.79
2025-02-15 17:00:00-05:00,82.11,72.63,9.62,-0.14
2025-02-15 18:00:00-05:00,82.75,68.97999999999999,13.84,-0.07
2025-02-15 19:00:00-05:00,74.78,61.66,13.18,-0.06
2025-02-15 20:00:00-05:00,80.07,70.0,10.35,-0.28
2025-02-15 21:00:00-05:00,64.89,55.84,9.66,-0.61
2025-02-15 22:00:00-05:00,65.68,55.85000000000001,10.39,-0.56
2025-02-15 23:00:00-05:00,66.46,55.959999999999994,10.72,-0.22
2025-02-16 00:00:00-05:00,68.33,63.81999999999999,4.89,-0.38
2025-02-16 01:00:00-05:00,64.35,60.98999999999999,3.85,-0.49
2025-02-16 02:00:00-05:00,65.16,60.919999999999995,4.85,-0.61
2025-02-16 03:00:00-05:00,64.61,60.92,4.3,-0.61
2025-02-16 04:00:00-05:00,64.59,60.860000000000014,4.52,-0.79
2025-02-16 05:00:00-05:00,63.97,60.86000000000001,3.9,-0.79
2025-02-16 06:00:00-05:00,65.04,60.720000000000006,5.35,-1.03
2025-02-16 07:00:00-05:00,64.44,60.65,4.88,-1.09
2025-02-16 08:00:00-05:00,90.75,93.26,-0.0,-2.51
2025-02-16 09:00:00-05:00,93.19,95.66,0.02,-2.49
2025-02-16 10:00:00-05:00,96.14,95.76,2.77,-2.39
2025-02-16 11:00:00-05:00,96.48,95.95,2.64,-2.11
2025-02-16 12:00:00-05:00,96.7,95.85,3.24,-2.39
2025-02-16 13:00:00-05:00,96.34,95.76,3.07,-2.49
2025-02-16 14:00:00-05:00,96.34,95.85,2.88,-2.39
2025-02-16 15:00:00-05:00,95.25,95.66,2.17,-2.58
2025-02-16 16:00:00-05:00,97.06,96.05,3.22,-2.21
2025-02-16 17:00:00-05:00,97.22,96.05,3.48,-2.31
2025-02-16 18:00:00-05:00,101.08,96.14,7.15,-2.21
2025-02-16 19:00:00-05:00,96.01,95.85,2.55,-2.39
2025-02-16 20:00:00-05:00,95.01,95.66,1.93,-2.58
2025-02-16 21:00:00-05:00,65.46,60.669999999999995,6.18,-1.39
2025-02-16 22:00:00-05:00,63.65,60.92,3.95,-1.22
2025-02-16 23:00:00-05:00,64.65,60.73000000000001,5.01,-1.09
2025-02-17 00:00:00-05:00,67.79,61.11000000000001,7.29,-0.61
2025-02-17 01:00:00-05:00,70.38,65.86,5.7,-1.18
2025-02-17 02:00:00-05:00,71.34,69.10000000000001,3.69,-1.45
2025-02-17 03:00:00-05:00,70.61,68.13,3.84,-1.36
2025-02-17 04:00:00-05:00,70.53,68.26,3.57,-1.3
2025-02-17 05:00:00-05:00,73.35,71.16,3.47,-1.28
2025-02-17 06:00:00-05:00,84.49,82.21,3.51,-1.23
2025-02-17 07:00:00-05:00,79.88,74.82,6.26,-1.2
2025-02-17 08:00:00-05:00,92.53,90.87,3.39,-1.73
2025-02-17 09:00:00-05:00,93.1,89.53,5.36,-1.79
2025-02-17 10:00:00-05:00,98.52,94.17,6.42,-2.07
2025-02-17 11:00:00-05:00,99.17,95.37,5.99,-2.19
2025-02-17 12:00:00-05:00,93.77,89.03,6.78,-2.04
2025-02-17 13:00:00-05:00,90.16,85.44999999999999,6.67,-1.96
2025-02-17 14:00:00-05:00,95.4,91.04,6.45,-2.09
2025-02-17 15:00:00-05:00,105.29,101.79,5.64,-2.14
2025-02-17 16:00:00-05:00,115.3,110.67,6.62,-1.99
2025-02-17 17:00:00-05:00,120.64,112.4,9.58,-1.34
2025-02-17 18:00:00-05:00,124.29,115.07,10.26,-1.04
2025-02-17 19:00:00-05:00,118.05,112.19,7.54,-1.68
2025-02-17 20:00:00-05:00,115.9,112.07,5.63,-1.8
2025-02-17 21:00:00-05:00,100.16,94.15,7.8,-1.79
2025-02-17 22:00:00-05:00,109.94,107.18,4.9,-2.14
2025-02-17 23:00:00-05:00,107.29,103.64,5.51,-1.86
2025-02-18 00:00:00-05:00,115.76,113.56,4.02,-1.82
2025-02-18 01:00:00-05:00,115.97,114.02,3.66,-1.71
2025-02-18 02:00:00-05:00,115.34,114.02,3.03,-1.71
2025-02-18 03:00:00-05:00,115.91,114.48,3.03,-1.6
2025-02-18 04:00:00-05:00,116.96,114.6,3.85,-1.49
2025-02-18 05:00:00-05:00,137.51,139.14,0.03,-1.66
2025-02-18 06:00:00-05:00,142.22,142.72,0.79,-1.29
2025-02-18 07:00:00-05:00,145.0,143.38,3.19,-1.57
2025-02-18 08:00:00-05:00,153.26,156.51999999999998,-1.85,-1.41
2025-02-18 09:00:00-05:00,132.69,132.19,2.35,-1.85
2025-02-18 10:00:00-05:00,123.19,122.07,2.95,-1.83
2025-02-18 11:00:00-05:00,126.84,126.84,1.9,-1.9
2025-02-18 12:00:00-05:00,115.15,114.38,2.95,-2.18
2025-02-18 13:00:00-05:00,112.96,111.96,3.24,-2.24
2025-02-18 14:00:00-05:00,113.14,111.85,3.53,-2.24
2025-02-18 15:00:00-05:00,118.08,116.2,3.62,-1.74
2025-02-18 16:00:00-05:00,149.53,150.87,0.02,-1.36
2025-02-18 17:00:00-05:00,189.61,191.34,-0.0,-1.73
2025-02-18 18:00:00-05:00,200.64,204.71999999999997,-2.44,-1.64
2025-02-18 19:00:00-05:00,181.3,187.9,-4.54,-2.06
2025-02-18 20:00:00-05:00,169.48,177.54,-5.57,-2.49
2025-02-18 21:00:00-05:00,138.98,138.36,2.27,-1.65
2025-02-18 22:00:00-05:00,146.96,148.59,-0.0,-1.63
2025-02-18 23:00:00-05:00,139.47,139.98999999999998,1.15,-1.67
2025-02-19 00:00:00-05:00,115.16,112.53,3.87,-1.24
2025-02-19 01:00:00-05:00,115.24,112.4,4.18,-1.34
2025-02-19 02:00:00-05:00,115.25,112.89,3.6,-1.24
2025-02-19 03:00:00-05:00,118.77,118.43,1.64,-1.3
2025-02-19 04:00:00-05:00,126.37,127.59,0.31,-1.53
2025-02-19 05:00:00-05:00,138.73,139.28,-0.0,-0.55
2025-02-19 06:00:00-05:00,151.94,148.38,4.0,-0.44
2025-02-19 07:00:00-05:00,171.62,170.46,2.01,-0.85
2025-02-19 08:00:00-05:00,174.52,171.15,4.56,-1.19
2025-02-19 09:00:00-05:00,158.57,159.85,-0.0,-1.28
2025-02-19 10:00:00-05:00,151.52,153.05,-0.0,-1.53
2025-02-19 11:00:00-05:00,146.3,148.07000000000002,-0.0,-1.77
2025-02-19 12:00:00-05:00,143.21,145.24,-0.0,-2.03
2025-02-19 13:00:00-05:00,141.48,143.19,-0.0,-1.71
2025-02-19 14:00:00-05:00,141.6,143.61,-0.0,-2.01
2025-02-19 15:00:00-05:00,146.27,147.60000000000002,-0.0,-1.33
2025-02-19 16:00:00-05:00,156.11,157.20000000000002,-0.0,-1.09
2025-02-19 17:00:00-05:00,184.24,186.47,-0.0,-2.23
2025-02-19 18:00:00-05:00,196.75,198.54,-0.0,-1.79
2025-02-19 19:00:00-05:00,173.82,175.83,0.45,-2.46
2025-02-19 20:00:00-05:00,169.38,171.09,-0.0,-1.71
2025-02-19 21:00:00-05:00,151.25,152.48,-0.0,-1.23
2025-02-19 22:00:00-05:00,149.09,150.74,-0.0,-1.65
2025-02-19 23:00:00-05:00,149.46,150.82000000000002,-0.0,-1.36
2025-02-20 00:00:00-05:00,140.8,140.52,-0.0,0.28
2025-02-20 01:00:00-05:00,131.51,131.18999999999997,0.58,-0.26
2025-02-20 02:00:00-05:00,119.88,117.0,2.65,0.23
2025-02-20 03:00:00-05:00,133.49,132.96,-0.0,0.53
2025-02-20 04:00:00-05:00,136.05,136.05,-0.0,0.0
2025-02-20 05:00:00-05:00,144.01,143.42999999999998,-0.0,0.58
2025-02-20 06:00:00-05:00,169.11,169.11,-0.0,0.0
2025-02-20 07:00:00-05:00,190.93,191.88,-0.0,-0.95
2025-02-20 08:00:00-05:00,180.77,181.85,-0.0,-1.08
2025-02-20 09:00:00-05:00,160.06,160.86,-0.0,-0.8
2025-02-20 10:00:00-05:00,151.15,152.37,-0.0,-1.22
2025-02-20 11:00:00-05:00,144.83,146.58,-0.0,-1.75
2025-02-20 12:00:00-05:00,119.33,115.56,4.93,-1.16
2025-02-20 13:00:00-05:00,119.05,115.79,4.42,-1.16
2025-02-20 14:00:00-05:00,115.31,112.65,4.13,-1.47
2025-02-20 15:00:00-05:00,120.13,116.1,5.08,-1.05
2025-02-20 16:00:00-05:00,117.65,112.77,6.12,-1.24
2025-02-20 17:00:00-05:00,124.38,115.91,9.4,-0.93
2025-02-20 18:00:00-05:00,134.73,123.32999999999998,11.65,-0.25
2025-02-20 19:00:00-05:00,123.86,115.19,9.47,-0.8
2025-02-20 20:00:00-05:00,123.85,118.94,6.22,-1.31
2025-02-20 21:00:00-05:00,116.89,112.64,5.49,-1.24
2025-02-20 22:00:00-05:00,114.27,111.31,4.41,-1.45
2025-02-20 23:00:00-05:00,115.73,112.08,5.33,-1.68
2025-02-21 00:00:00-05:00,133.02,134.63000000000002,-0.0,-1.61
2025-02-21 01:00:00-05:00,125.74,127.01,-0.0,-1.27
2025-02-21 02:00:00-05:00,121.38,122.73,-0.0,-1.35
2025-02-21 03:00:00-05:00,122.15,123.38,-0.0,-1.23
2025-02-21 04:00:00-05:00,125.23,126.37,-0.0,-1.14
2025-02-21 05:00:00-05:00,134.49,135.71,-0.0,-1.22
2025-02-21 06:00:00-05:00,145.08,145.95000000000002,-0.0,-0.87
2025-02-21 07:00:00-05:00,149.68,148.99,2.78,-2.09
2025-02-21 08:00:00-05:00,135.1,133.82,2.62,-1.34
2025-02-21 09:00:00-05:00,116.57,113.76,4.06,-1.25
2025-02-21 10:00:00-05:00,110.98,109.15,3.03,-1.2
2025-02-21 11:00:00-05:00,107.04,105.45,2.75,-1.16
2025-02-21 12:00:00-05:00,97.03,94.19,3.97,-1.13
2025-02-21 13:00:00-05:00,85.65,80.29,6.24,-0.88
2025-02-21 14:00:00-05:00,80.88,73.99,7.77,-0.88
2025-02-21 15:00:00-05:00,95.0,90.19,5.71,-0.9
2025-02-21 16:00:00-05:00,101.07,96.43,5.6,-0.96
2025-02-21 17:00:00-05:00,112.65,106.36,7.25,-0.96
2025-02-21 18:00:00-05:00,112.07,102.7,9.88,-0.51
2025-02-21 19:00:00-05:00,107.08,99.91,7.86,-0.69
2025-02-21 20:00:00-05:00,116.41,113.4,3.92,-0.91
2025-02-21 21:00:00-05:00,113.03,111.7,2.45,-1.12
2025-02-21 22:00:00-05:00,118.61,119.57,0.35,-1.31
2025-02-21 23:00:00-05:00,129.21,130.52,-0.0,-1.31
2025-02-22 00:00:00-05:00,106.22,107.83,-0.0,-1.61
2025-02-22 01:00:00-05:00,106.14,107.65,-0.0,-1.51
2025-02-22 02:00:00-05:00,99.85,101.27,-0.0,-1.42
2025-02-22 03:00:00-05:00,97.4,98.78,-0.0,-1.38
2025-02-22 04:00:00-05:00,95.91,97.27,-0.0,-1.36
2025-02-22 05:00:00-05:00,95.55,96.91,-0.0,-1.36
2025-02-22 06:00:00-05:00,95.74,97.01,0.67,-1.94
2025-02-22 07:00:00-05:00,99.28,96.51,5.28,-2.51
2025-02-22 08:00:00-05:00,97.16,96.82,2.76,-2.42
2025-02-22 09:00:00-05:00,93.9,96.71,-0.0,-2.81
2025-02-22 10:00:00-05:00,83.23,85.8,-0.0,-2.57
2025-02-22 11:00:00-05:00,72.95,75.52,-0.0,-2.57
2025-02-22 12:00:00-05:00,68.27,70.67,-0.0,-2.4
2025-02-22 13:00:00-05:00,67.19,69.48,-0.0,-2.29
2025-02-22 14:00:00-05:00,66.07,68.17999999999999,-0.0,-2.11
2025-02-22 15:00:00-05:00,70.94,73.21,-0.0,-2.27
2025-02-22 16:00:00-05:00,84.72,87.25,-0.0,-2.53
2025-02-22 17:00:00-05:00,95.97,97.94,0.09,-2.06
2025-02-22 18:00:00-05:00,98.81,99.57,1.03,-1.79
2025-02-22 19:00:00-05:00,94.77,97.0,-0.0,-2.23
2025-02-22 20:00:00-05:00,93.9,96.5,-0.0,-2.6
2025-02-22 21:00:00-05:00,93.52,96.32,-0.0,-2.8
2025-02-22 22:00:00-05:00,86.14,88.26,-0.0,-2.12
2025-02-22 23:00:00-05:00,84.11,86.0,-0.0,-1.89
2025-02-23 00:00:00-05:00,80.61,82.34,-0.0,-1.73
2025-02-23 01:00:00-05:00,74.33,76.0,-0.0,-1.67
2025-02-23 02:00:00-05:00,70.47,71.91,-0.0,-1.44
2025-02-23 03:00:00-05:00,71.44,73.12,-0.0,-1.68
2025-02-23 04:00:00-05:00,76.63,78.42999999999999,-0.0,-1.8
2025-02-23 05:00:00-05:00,72.52,73.77,-0.0,-1.25
2025-02-23 06:00:00-05:00,80.94,82.42,-0.0,-1.48
2025-02-23 07:00:00-05:00,76.72,78.12,-0.0,-1.4
2025-02-23 08:00:00-05:00,68.0,69.32,-0.0,-1.32
2025-02-23 09:00:00-05:00,63.45,64.61,-0.0,-1.16
2025-02-23 10:00:00-05:00,61.39,62.51,-0.0,-1.12
2025-02-23 11:00:00-05:00,61.93,63.13,-0.0,-1.2
2025-02-23 12:00:00-05:00,63.87,64.91,-0.0,-1.04
2025-02-23 13:00:00-05:00,62.03,63.17,-0.0,-1.14
2025-02-23 14:00:00-05:00,62.32,63.4,-0.0,-1.08
2025-02-23 15:00:00-05:00,63.53,64.63,-0.0,-1.1
2025-02-23 16:00:00-05:00,78.44,79.8,-0.0,-1.36
2025-02-23 17:00:00-05:00,94.95,95.72,-0.0,-0.77
2025-02-23 18:00:00-05:00,108.15,109.24,-0.0,-1.09
2025-02-23 19:00:00-05:00,97.6,98.68,-0.0,-1.08
2025-02-23 20:00:00-05:00,92.75,93.59,-0.0,-0.84
2025-02-23 21:00:00-05:00,79.8,80.85,-0.0,-1.05
2025-02-23 22:00:00-05:00,75.05,75.88,-0.0,-0.83
2025-02-23 23:00:00-05:00,72.29,73.02000000000001,-0.0,-0.73
2025-02-24 00:00:00-05:00,66.63,67.92,-0.0,-1.29
2025-02-24 01:00:00-05:00,65.72,67.2,-0.0,-1.48
2025-02-24 02:00:00-05:00,63.57,64.87,-0.0,-1.3
2025-02-24 03:00:00-05:00,59.45,60.6,-0.0,-1.15
2025-02-24 04:00:00-05:00,63.53,64.83,-0.0,-1.3
2025-02-24 05:00:00-05:00,65.97,67.11,-0.0,-1.14
2025-02-24 06:00:00-05:00,77.11,78.44,-0.0,-1.33
2025-02-24 07:00:00-05:00,85.27,86.75,-0.0,-1.48
2025-02-24 08:00:00-05:00,67.68,69.14,-0.0,-1.46
2025-02-24 09:00:00-05:00,63.64,65.07000000000001,-0.0,-1.43
2025-02-24 10:00:00-05:00,59.19,60.71,-0.0,-1.52
2025-02-24 11:00:00-05:00,55.91,57.34,-0.0,-1.43
2025-02-24 12:00:00-05:00,54.98,56.27,-0.0,-1.29
2025-02-24 13:00:00-05:00,53.56,54.77,-0.0,-1.21
2025-02-24 14:00:00-05:00,54.77,56.0,-0.0,-1.23
2025-02-24 15:00:00-05:00,54.23,55.45,-0.0,-1.22
2025-02-24 16:00:00-05:00,62.65,64.05,-0.12,-1.28
2025-02-24 17:00:00-05:00,72.83,74.21,-0.05,-1.33
2025-02-24 18:00:00-05:00,83.2,85.82,-1.24,-1.38
2025-02-24 19:00:00-05:00,72.78,76.92,-2.83,-1.31
2025-02-24 20:00:00-05:00,69.0,70.69,-0.34,-1.35
2025-02-24 21:00:00-05:00,61.46,62.58,-0.0,-1.12
2025-02-24 22:00:00-05:00,55.28,56.18,-0.0,-0.9
2025-02-24 23:00:00-05:00,53.74,54.56,-0.0,-0.82
2025-02-25 00:00:00-05:00,48.15,48.83,-0.0,-0.68
2025-02-25 01:00:00-05:00,47.56,48.28,-0.0,-0.72
2025-02-25 02:00:00-05:00,45.63,46.32,-0.0,-0.69
2025-02-25 03:00:00-05:00,47.13,47.85,-0.0,-0.72
2025-02-25 04:00:00-05:00,48.75,49.49,-0.0,-0.74
2025-02-25 05:00:00-05:00,54.37,54.97,-0.0,-0.6
2025-02-25 06:00:00-05:00,70.93,71.72000000000001,-0.0,-0.79
2025-02-25 07:00:00-05:00,72.92,73.58,-0.0,-0.66
2025-02-25 08:00:00-05:00,66.62,67.23,-0.0,-0.61
2025-02-25 09:00:00-05:00,66.85,67.58999999999999,-0.0,-0.74
2025-02-25 10:00:00-05:00,62.71,63.22,-0.0,-0.51
2025-02-25 11:00:00-05:00,60.59,61.010000000000005,-0.0,-0.42
2025-02-25 12:00:00-05:00,59.36,59.96,-0.0,-0.6
2025-02-25 13:00:00-05:00,56.48,57.16,-0.0,-0.68
2025-02-25 14:00:00-05:00,56.48,57.16,-0.0,-0.68
2025-02-25 15:00:00-05:00,61.29,61.91,-0.0,-0.62
2025-02-25 16:00:00-05:00,66.38,67.17999999999999,-0.0,-0.8
2025-02-25 17:00:00-05:00,81.46,81.78999999999999,-0.0,-0.33
2025-02-25 18:00:00-05:00,85.15,85.15,-0.0,0.0
2025-02-25 19:00:00-05:00,76.94,77.39999999999999,-0.0,-0.46
2025-02-25 20:00:00-05:00,68.48,69.03,-0.0,-0.55
2025-02-25 21:00:00-05:00,60.78,61.27,-0.0,-0.49
2025-02-25 22:00:00-05:00,57.13,57.71,-0.0,-0.58
2025-02-25 23:00:00-05:00,58.57,59.16,-0.0,-0.59
2025-02-26 00:00:00-05:00,43.37,43.989999999999995,-0.0,-0.62
2025-02-26 01:00:00-05:00,42.31,42.870000000000005,-0.0,-0.56
2025-02-26 02:00:00-05:00,40.11,40.6,-0.0,-0.49
2025-02-26 03:00:00-05:00,39.73,40.209999999999994,-0.0,-0.48
2025-02-26 04:00:00-05:00,41.47,41.93,-0.0,-0.46
2025-02-26 05:00:00-05:00,46.14,46.32,-0.0,-0.18
2025-02-26 06:00:00-05:00,56.78,57.01,-0.0,-0.23
2025-02-26 07:00:00-05:00,64.31,64.5,-0.0,-0.19
2025-02-26 08:00:00-05:00,53.05,53.209999999999994,-0.0,-0.16
2025-02-26 09:00:00-05:00,44.84,45.11000000000001,-0.0,-0.27
2025-02-26 10:00:00-05:00,42.13,42.34,-0.0,-0.21
2025-02-26 11:00:00-05:00,39.34,39.66,-0.0,-0.32
2025-02-26 12:00:00-05:00,39.28,39.55,-0.0,-0.27
2025-02-26 13:00:00-05:00,40.47,40.67,-0.0,-0.2
2025-02-26 14:00:00-05:00,40.83,41.07,-0.0,-0.24
2025-02-26 15:00:00-05:00,42.11,42.36,-0.0,-0.25
2025-02-26 16:00:00-05:00,48.53,48.92,-0.0,-0.39
2025-02-26 17:00:00-05:00,61.65,62.02,-0.0,-0.37
2025-02-26 18:00:00-05:00,73.72,74.09,-0.0,-0.37
2025-02-26 19:00:00-05:00,62.56,62.870000000000005,-0.0,-0.31
2025-02-26 20:00:00-05:00,55.1,55.66,-0.0,-0.56
2025-02-26 21:00:00-05:00,49.04,49.63,-0.0,-0.59
2025-02-26 22:00:00-05:00,45.5,46.05,-0.0,-0.55
2025-02-26 23:00:00-05:00,43.05,43.48,-0.0,-0.43
2025-02-27 00:00:00-05:00,40.67,41.04,-0.0,-0.37
2025-02-27 01:00:00-05:00,39.05,39.44,-0.0,-0.39
2025-02-27 02:00:00-05:00,37.26,37.64,-0.0,-0.38
2025-02-27 03:00:00-05:00,37.31,37.61,-0.0,-0.3
2025-02-27 04:00:00-05:00,37.14,37.52,-0.0,-0.38
2025-02-27 05:00:00-05:00,40.1,40.38,-0.0,-0.28
2025-02-27 06:00:00-05:00,52.24,52.5,-0.0,-0.26
2025-02-27 07:00:00-05:00,53.55,53.76,-0.0,-0.21
2025-02-27 08:00:00-05:00,48.91,49.15,-0.0,-0.24
2025-02-27 09:00:00-05:00,47.95,48.190000000000005,-0.0,-0.24
2025-02-27 10:00:00-05:00,48.98,49.27,-0.0,-0.29
2025-02-27 11:00:00-05:00,47.29,47.81,-0.0,-0.52
2025-02-27 12:00:00-05:00,46.05,46.61,-0.0,-0.56
2025-02-27 13:00:00-05:00,43.53,44.15,-0.0,-0.62
2025-02-27 14:00:00-05:00,42.65,43.43,-0.0,-0.78
2025-02-27 15:00:00-05:00,42.77,43.510000000000005,-0.0,-0.74
2025-02-27 16:00:00-05:00,46.02,46.82,-0.0,-0.8
2025-02-27 17:00:00-05:00,54.37,55.029999999999994,-0.0,-0.66
2025-02-27 18:00:00-05:00,59.42,59.96,-0.0,-0.54
2025-02-27 19:00:00-05:00,52.88,53.36,-0.0,-0.48
2025-02-27 20:00:00-05:00,47.02,47.45,-0.0,-0.43
2025-02-27 21:00:00-05:00,42.84,43.23,-0.0,-0.39
2025-02-27 22:00:00-05:00,38.73,39.2,-0.0,-0.47
2025-02-27 23:00:00-05:00,39.27,39.790000000000006,-0.0,-0.52
2025-02-28 00:00:00-05:00,38.5,38.85,-0.0,-0.35
2025-02-28 01:00:00-05:00,36.23,36.52,-0.0,-0.29
2025-02-28 02:00:00-05:00,35.66,35.949999999999996,-0.0,-0.29
2025-02-28 03:00:00-05:00,35.94,36.19,-0.0,-0.25
2025-02-28 04:00:00-05:00,37.09,37.28,-0.0,-0.19
2025-02-28 05:00:00-05:00,41.97,41.84,-0.0,0.13
2025-02-28 06:00:00-05:00,52.89,52.78,-0.0,0.11
2025-02-28 07:00:00-05:00,58.01,58.07,-0.0,-0.06
2025-02-28 08:00:00-05:00,47.37,47.32,-0.0,0.05
2025-02-28 09:00:00-05:00,40.78,40.98,-0.0,-0.2
2025-02-28 10:00:00-05:00,38.92,38.96,-0.0,-0.04
2025-02-28 11:00:00-05:00,37.8,37.989999999999995,-0.0,-0.19
2025-02-28 12:00:00-05:00,36.61,36.87,-0.0,-0.26
2025-02-28 13:00:00-05:00,36.4,36.73,-0.0,-0.33
2025-02-28 14:00:00-05:00,36.51,36.809999999999995,-0.0,-0.3
2025-02-28 15:00:00-05:00,38.62,39.01,-0.0,-0.39
2025-02-28 16:00:00-05:00,44.22,44.8,-0.0,-0.58
2025-02-28 17:00:00-05:00,54.54,55.43,-0.0,-0.89
2025-02-28 18:00:00-05:00,58.51,59.4,-0.0,-0.89
2025-02-28 19:00:00-05:00,50.4,51.2,0.02,-0.82
2025-02-28 20:00:00-05:00,48.24,49.330000000000005,-0.0,-1.09
2025-02-28 21:00:00-05:00,44.13,44.940000000000005,-0.0,-0.81
2025-02-28 22:00:00-05:00,40.29,41.11,-0.0,-0.82
2025-02-28 23:00:00-05:00,39.36,40.04,-0.0,-0.68
2025-03-01 00:00:00-05:00,40.51,40.919999999999995,-0.0,-0.41
2025-03-01 01:00:00-05:00,39.08,39.44,-0.0,-0.36
2025-03-01 02:00:00-05:00,38.25,38.6,-0.0,-0.35
2025-03-01 03:00:00-05:00,37.39,37.73,-0.0,-0.34
2025-03-01 04:00:00-05:00,38.15,38.46,-0.0,-0.31
2025-03-01 05:00:00-05:00,38.39,38.66,-0.0,-0.27
2025-03-01 06:00:00-05:00,41.88,42.39,-0.0,-0.51
2025-03-01 07:00:00-05:00,43.42,43.95,-0.0,-0.53
2025-03-01 08:00:00-05:00,41.6,42.23,-0.0,-0.63
2025-03-01 09:00:00-05:00,39.14,39.73,-0.0,-0.59
2025-03-01 10:00:00-05:00,42.93,43.72,-0.0,-0.79
2025-03-01 11:00:00-05:00,43.74,44.54,-0.0,-0.8
2025-03-01 12:00:00-05:00,42.44,43.26,-0.0,-0.82
2025-03-01 13:00:00-05:00,41.99,42.85,-0.0,-0.86
2025-03-01 14:00:00-05:00,42.77,43.64,-0.0,-0.87
2025-03-01 15:00:00-05:00,45.97,46.81,-0.0,-0.84
2025-03-01 16:00:00-05:00,52.97,54.0,-0.0,-1.03
2025-03-01 17:00:00-05:00,63.84,64.94,-0.0,-1.1
2025-03-01 18:00:00-05:00,76.83,77.84,-0.0,-1.01
2025-03-01 19:00:00-05:00,73.73,74.85000000000001,-0.0,-1.12
2025-03-01 20:00:00-05:00,69.13,70.17999999999999,-0.0,-1.05
2025-03-01 21:00:00-05:00,64.22,65.2,-0.0,-0.98
2025-03-01 22:00:00-05:00,59.97,60.879999999999995,-0.0,-0.91
2025-03-01 23:00:00-05:00,56.94,57.4,-0.0,-0.46
2025-03-02 00:00:00-05:00,57.9,58.37,-0.0,-0.47
2025-03-02 01:00:00-05:00,55.49,55.940000000000005,-0.0,-0.45
2025-03-02 02:00:00-05:00,55.46,55.79,-0.0,-0.33
2025-03-02 03:00:00-05:00,57.68,58.08,-0.0,-0.4
2025-03-02 04:00:00-05:00,58.65,59.129999999999995,-0.0,-0.48
2025-03-02 05:00:00-05:00,60.23,60.65,-0.0,-0.42
2025-03-02 06:00:00-05:00,64.96,65.61999999999999,-0.0,-0.66
2025-03-02 07:00:00-05:00,68.56,69.39,-0.0,-0.83
2025-03-02 08:00:00-05:00,63.38,64.15,-0.0,-0.77
2025-03-02 09:00:00-05:00,53.19,54.059999999999995,-0.0,-0.87
2025-03-02 10:00:00-05:00,68.1,69.49,-0.0,-1.39
2025-03-02 11:00:00-05:00,62.87,64.28,-0.0,-1.41
2025-03-02 12:00:00-05:00,61.4,62.78,-0.0,-1.38
2025-03-02 13:00:00-05:00,61.29,62.86,-0.0,-1.57
2025-03-02 14:00:00-05:00,62.89,64.7,-0.0,-1.81
2025-03-02 15:00:00-05:00,73.29,75.25,-0.0,-1.96
2025-03-02 16:00:00-05:00,84.03,86.1,-0.0,-2.07
2025-03-02 17:00:00-05:00,98.24,99.23,-0.0,-0.99
2025-03-02 18:00:00-05:00,120.07,120.79,-0.0,-0.72
2025-03-02 19:00:00-05:00,98.87,99.67,-0.0,-0.8
2025-03-02 20:00:00-05:00,95.95,97.51,-0.0,-1.56
2025-03-02 21:00:00-05:00,95.23,96.88,-0.0,-1.65
2025-03-02 22:00:00-05:00,89.0,90.35,-0.0,-1.35
2025-03-02 23:00:00-05:00,84.38,85.75999999999999,-0.0,-1.38
2025-03-03 00:00:00-05:00,80.05,81.19,-0.0,-1.14
2025-03-03 01:00:00-05:00,74.78,76.15,-0.0,-1.37
2025-03-03 02:00:00-05:00,71.86,73.17999999999999,-0.0,-1.32
2025-03-03 03:00:00-05:00,71.23,72.61,-0.0,-1.38
2025-03-03 04:00:00-05:00,76.46,77.55,-0.0,-1.09
2025-03-03 05:00:00-05:00,83.51,84.19000000000001,-0.0,-0.68
2025-03-03 06:00:00-05:00,116.36,116.71,-0.0,-0.35
2025-03-03 07:00:00-05:00,129.98,131.29,-0.0,-1.31
2025-03-03 08:00:00-05:00,97.85,99.14,-0.0,-1.29
2025-03-03 09:00:00-05:00,76.96,78.36999999999999,-0.0,-1.41
2025-03-03 10:00:00-05:00,71.54,73.22000000000001,-0.0,-1.68
2025-03-03 11:00:00-05:00,65.55,67.16,-0.0,-1.61
2025-03-03 12:00:00-05:00,62.52,64.32000000000001,-0.0,-1.8
2025-03-03 13:00:00-05:00,61.1,62.99,-0.0,-1.89
2025-03-03 14:00:00-05:00,61.23,63.26,-0.0,-2.03
2025-03-03 15:00:00-05:00,66.04,68.15,-0.0,-2.11
2025-03-03 16:00:00-05:00,78.62,80.80000000000001,-0.0,-2.18
2025-03-03 17:00:00-05:00,103.09,105.09,-0.0,-2.0
2025-03-03 18:00:00-05:00,117.47,118.54,-0.0,-1.07
2025-03-03 19:00:00-05:00,98.08,98.87,-0.0,-0.79
2025-03-03 20:00:00-05:00,90.86,92.06,-0.0,-1.2
2025-03-03 21:00:00-05:00,80.1,81.82,-0.0,-1.72
2025-03-03 22:00:00-05:00,74.85,76.61,-0.0,-1.76
2025-03-03 23:00:00-05:00,69.05,70.75,-0.0,-1.7
2025-03-04 00:00:00-05:00,60.58,61.82,-0.0,-1.24
2025-03-04 01:00:00-05:00,61.69,62.95,-0.0,-1.26
2025-03-04 02:00:00-05:00,59.28,60.55,-0.0,-1.27
2025-03-04 03:00:00-05:00,58.48,59.61,-0.0,-1.13
2025-03-04 04:00:00-05:00,58.94,60.14,-0.0,-1.2
2025-03-04 05:00:00-05:00,59.57,58.53,1.68,-0.64
2025-03-04 06:00:00-05:00,87.54,86.36,1.7,-0.52
2025-03-04 07:00:00-05:00,87.91,86.63,1.98,-0.7
2025-03-04 08:00:00-05:00,71.51,72.82000000000001,-0.0,-1.31
2025-03-04 09:00:00-05:00,67.03,68.61,-0.0,-1.58
2025-03-04 10:00:00-05:00,50.43,51.3,-0.0,-0.87
2025-03-04 11:00:00-05:00,48.49,49.18,-0.0,-0.69
2025-03-04 12:00:00-05:00,46.97,47.64,-0.0,-0.67
2025-03-04 13:00:00-05:00,45.88,46.63,-0.0,-0.75
2025-03-04 14:00:00-05:00,46.15,46.99,-0.0,-0.84
2025-03-04 15:00:00-05:00,48.64,49.58,-0.0,-0.94
2025-03-04 16:00:00-05:00,54.23,55.4,-0.0,-1.17
2025-03-04 17:00:00-05:00,66.49,67.71,-0.0,-1.22
2025-03-04 18:00:00-05:00,76.27,77.42999999999999,-0.0,-1.16
2025-03-04 19:00:00-05:00,67.2,68.15,-0.0,-0.95
2025-03-04 20:00:00-05:00,60.27,61.0,-0.0,-0.73
2025-03-04 21:00:00-05:00,54.35,55.01,-0.0,-0.66
2025-03-04 22:00:00-05:00,48.81,49.55,-0.0,-0.74
2025-03-04 23:00:00-05:00,45.82,46.57,-0.0,-0.75
2025-03-05 00:00:00-05:00,37.79,38.41,-0.0,-0.62
2025-03-05 01:00:00-05:00,37.3,37.79,-0.0,-0.49
2025-03-05 02:00:00-05:00,35.69,36.23,-0.0,-0.54
2025-03-05 03:00:00-05:00,35.21,35.78,-0.0,-0.57
2025-03-05 04:00:00-05:00,35.34,35.92,-0.0,-0.58
2025-03-05 05:00:00-05:00,37.24,37.690000000000005,-0.0,-0.45
2025-03-05 06:00:00-05:00,44.19,44.82,-0.0,-0.63
2025-03-05 07:00:00-05:00,46.45,47.25,-0.0,-0.8
2025-03-05 08:00:00-05:00,47.07,47.84,-0.0,-0.77
2025-03-05 09:00:00-05:00,46.94,47.8,-0.0,-0.86
2025-03-05 10:00:00-05:00,47.24,48.010000000000005,-0.0,-0.77
2025-03-05 11:00:00-05:00,45.35,46.18,-0.0,-0.83
2025-03-05 12:00:00-05:00,42.94,43.86,-0.0,-0.92
2025-03-05 13:00:00-05:00,42.38,43.16,-0.0,-0.78
2025-03-05 14:00:00-05:00,41.41,42.08,-0.0,-0.67
2025-03-05 15:00:00-05:00,42.12,42.849999999999994,-0.0,-0.73
2025-03-05 16:00:00-05:00,44.24,44.96,-0.0,-0.72
2025-03-05 17:00:00-05:00,50.6,51.42,-0.0,-0.82
2025-03-05 18:00:00-05:00,54.86,55.3,-0.0,-0.44
2025-03-05 19:00:00-05:00,48.95,49.290000000000006,-0.0,-0.34
2025-03-05 20:00:00-05:00,44.19,44.55,-0.0,-0.36
2025-03-05 21:00:00-05:00,39.4,39.6,-0.0,-0.2
2025-03-05 22:00:00-05:00,37.67,37.82,-0.0,-0.15
2025-03-05 23:00:00-05:00,37.07,37.18,-0.0,-0.11
2025-03-06 00:00:00-05:00,40.33,40.53,-0.0,-0.2
2025-03-06 01:00:00-05:00,38.83,39.22,-0.0,-0.39
2025-03-06 02:00:00-05:00,36.14,36.54,-0.0,-0.4
2025-03-06 03:00:00-05:00,34.09,34.470000000000006,-0.0,-0.38
2025-03-06 04:00:00-05:00,36.62,36.919999999999995,-0.0,-0.3
2025-03-06 05:00:00-05:00,39.99,40.190000000000005,-0.0,-0.2
2025-03-06 06:00:00-05:00,44.07,44.16,-0.0,-0.09
2025-03-06 07:00:00-05:00,46.92,47.15,-0.0,-0.23
2025-03-06 08:00:00-05:00,43.85,44.16,-0.0,-0.31
2025-03-06 09:00:00-05:00,40.85,41.26,-0.0,-0.41
2025-03-06 10:00:00-05:00,40.78,41.23,-0.0,-0.45
2025-03-06 11:00:00-05:00,39.16,39.629999999999995,-0.0,-0.47
2025-03-06 12:00:00-05:00,38.22,38.8,-0.0,-0.58
2025-03-06 13:00:00-05:00,39.01,39.43,0.01,-0.43
2025-03-06 14:00:00-05:00,38.33,38.76,-0.0,-0.43
2025-03-06 15:00:00-05:00,40.38,40.99,-0.0,-0.61
2025-03-06 16:00:00-05:00,43.1,43.71,-0.0,-0.61
2025-03-06 17:00:00-05:00,51.58,52.34,0.02,-0.78
2025-03-06 18:00:00-05:00,59.23,60.10999999999999,0.02,-0.9
2025-03-06 19:00:00-05:00,51.74,52.29,0.02,-0.57
2025-03-06 20:00:00-05:00,49.44,49.71999999999999,0.02,-0.3
2025-03-06 21:00:00-05:00,45.53,45.8,-0.0,-0.27
2025-03-06 22:00:00-05:00,42.3,42.73,-0.0,-0.43
2025-03-06 23:00:00-05:00,41.33,41.5,-0.0,-0.17
2025-03-07 00:00:00-05:00,43.33,43.68,-0.0,-0.35
2025-03-07 01:00:00-05:00,40.51,40.84,-0.0,-0.33
2025-03-07 02:00:00-05:00,40.67,41.08,-0.0,-0.41
2025-03-07 03:00:00-05:00,40.69,41.099999999999994,-0.0,-0.41
2025-03-07 04:00:00-05:00,41.93,42.35,-0.0,-0.42
2025-03-07 05:00:00-05:00,46.61,46.8,-0.0,-0.19
2025-03-07 06:00:00-05:00,61.89,62.01,-0.0,-0.12
2025-03-07 07:00:00-05:00,63.02,63.59,-0.0,-0.57
2025-03-07 08:00:00-05:00,51.81,52.39,-0.0,-0.58
2025-03-07 09:00:00-05:00,42.3,42.94,-0.0,-0.64
2025-03-07 10:00:00-05:00,40.51,41.09,-0.0,-0.58
2025-03-07 11:00:00-05:00,37.43,37.96,-0.0,-0.53
2025-03-07 12:00:00-05:00,37.22,37.67,-0.0,-0.45
2025-03-07 13:00:00-05:00,36.83,37.28,-0.0,-0.45
2025-03-07 14:00:00-05:00,36.85,37.34,-0.0,-0.49
2025-03-07 15:00:00-05:00,39.69,40.129999999999995,-0.0,-0.44
2025-03-07 16:00:00-05:00,46.25,46.81,-0.0,-0.56
2025-03-07 17:00:00-05:00,59.78,60.75,-0.0,-0.97
2025-03-07 18:00:00-05:00,69.05,69.82,-0.0,-0.77
2025-03-07 19:00:00-05:00,62.82,63.45,-0.0,-0.63
2025-03-07 20:00:00-05:00,56.83,57.23,-0.0,-0.4
2025-03-07 21:00:00-05:00,51.75,52.11,-0.0,-0.36
2025-03-07 22:00:00-05:00,47.26,47.5,-0.0,-0.24
2025-03-07 23:00:00-05:00,45.47,45.47,-0.0,0.0
2025-03-08 00:00:00-05:00,44.94,45.62,-0.0,-0.68
2025-03-08 01:00:00-05:00,42.88,43.49,-0.0,-0.61
2025-03-08 02:00:00-05:00,40.12,40.77,-0.0,-0.65
2025-03-08 03:00:00-05:00,39.82,40.47,-0.0,-0.65
2025-03-08 04:00:00-05:00,40.02,40.67,-0.0,-0.65
2025-03-08 05:00:00-05:00,42.74,43.440000000000005,-0.0,-0.7
2025-03-08 06:00:00-05:00,47.39,48.11,-0.0,-0.72
2025-03-08 07:00:00-05:00,47.45,48.470000000000006,-0.0,-1.02
2025-03-08 08:00:00-05:00,42.49,43.36,-0.0,-0.87
2025-03-08 09:00:00-05:00,37.64,38.29,-0.0,-0.65
2025-03-08 10:00:00-05:00,36.59,37.190000000000005,-0.0,-0.6
2025-03-08 11:00:00-05:00,35.66,36.349999999999994,-0.0,-0.69
2025-03-08 12:00:00-05:00,33.62,34.41,-0.0,-0.79
2025-03-08 13:00:00-05:00,32.41,33.239999999999995,-0.0,-0.83
2025-03-08 14:00:00-05:00,33.0,33.84,-0.0,-0.84
2025-03-08 15:00:00-05:00,36.68,37.43,-0.0,-0.75
2025-03-08 16:00:00-05:00,40.62,41.7,-0.0,-1.08
2025-03-08 17:00:00-05:00,49.22,50.28,-0.0,-1.06
2025-03-08 18:00:00-05:00,61.15,62.34,-0.0,-1.19
2025-03-08 19:00:00-05:00,56.88,58.04,-0.0,-1.16
2025-03-08 20:00:00-05:00,50.84,51.830000000000005,-0.0,-0.99
2025-03-08 21:00:00-05:00,48.79,49.79,-0.0,-1.0
2025-03-08 22:00:00-05:00,44.84,45.75,-0.0,-0.91
2025-03-08 23:00:00-05:00,44.03,44.79,-0.0,-0.76
2025-03-09 00:00:00-05:00,53.66,54.48,-0.0,-0.82
2025-03-09 01:00:00-05:00,49.63,50.13,-0.0,-0.5
2025-03-09 03:00:00-04:00,47.34,48.21,-0.0,-0.87
2025-03-09 04:00:00-04:00,46.05,46.66,-0.0,-0.61
2025-03-09 05:00:00-04:00,47.07,47.69,-0.0,-0.62
2025-03-09 06:00:00-04:00,53.54,54.63,-0.0,-1.09
2025-03-09 07:00:00-04:00,50.58,51.82,-0.0,-1.24
2025-03-09 08:00:00-04:00,47.2,48.36,-0.0,-1.16
2025-03-09 09:00:00-04:00,43.08,44.05,-0.0,-0.97
2025-03-09 10:00:00-04:00,39.56,40.49,-0.0,-0.93
2025-03-09 11:00:00-04:00,39.11,40.07,-0.0,-0.96
2025-03-09 12:00:00-04:00,38.75,39.7,-0.0,-0.95
2025-03-09 13:00:00-04:00,37.25,38.17,-0.0,-0.92
2025-03-09 14:00:00-04:00,36.68,37.66,-0.0,-0.98
2025-03-09 15:00:00-04:00,36.12,37.08,-0.0,-0.96
2025-03-09 16:00:00-04:00,39.04,40.12,-0.0,-1.08
2025-03-09 17:00:00-04:00,47.12,48.529999999999994,-0.0,-1.41
2025-03-09 18:00:00-04:00,60.28,61.89,-0.0,-1.61
2025-03-09 19:00:00-04:00,67.72,69.31,-0.0,-1.59
2025-03-09 20:00:00-04:00,60.45,61.870000000000005,-0.0,-1.42
2025-03-09 21:00:00-04:00,52.62,54.14,-0.0,-1.52
2025-03-09 22:00:00-04:00,48.37,49.61,-0.0,-1.24
2025-03-09 23:00:00-04:00,46.79,47.7,-0.0,-0.91
2025-03-10 00:00:00-04:00,42.18,43.31,-0.0,-1.13
2025-03-10 01:00:00-04:00,39.36,40.41,-0.0,-1.05
2025-03-10 02:00:00-04:00,38.13,39.11,-0.0,-0.98
2025-03-10 03:00:00-04:00,38.03,38.97,-0.0,-0.94
2025-03-10 04:00:00-04:00,40.73,41.61,-0.0,-0.88
2025-03-10 05:00:00-04:00,46.41,47.309999999999995,-0.0,-0.9
2025-03-10 06:00:00-04:00,61.38,62.38,-0.0,-1.0
2025-03-10 07:00:00-04:00,72.44,74.0,-0.0,-1.56
2025-03-10 08:00:00-04:00,58.27,59.400000000000006,-0.0,-1.13
2025-03-10 09:00:00-04:00,43.8,45.01,-0.0,-1.21
2025-03-10 10:00:00-04:00,40.82,42.0,-0.0,-1.18
2025-03-10 11:00:00-04:00,37.99,39.16,-0.0,-1.17
2025-03-10 12:00:00-04:00,36.04,37.15,-0.0,-1.11
2025-03-10 13:00:00-04:00,34.8,35.879999999999995,-0.0,-1.08
2025-03-10 14:00:00-04:00,34.38,35.440000000000005,-0.0,-1.06
2025-03-10 15:00:00-04:00,35.44,36.5,-0.0,-1.06
2025-03-10 16:00:00-04:00,38.53,39.68,-0.0,-1.15
2025-03-10 17:00:00-04:00,48.74,50.14,-0.0,-1.4
2025-03-10 18:00:00-04:00,66.48,67.91000000000001,-0.0,-1.43
2025-03-10 19:00:00-04:00,73.39,74.97,-0.0,-1.58
2025-03-10 20:00:00-04:00,62.82,64.17,-0.0,-1.35
2025-03-10 21:00:00-04:00,52.58,53.87,-0.0,-1.29
2025-03-10 22:00:00-04:00,45.46,46.67,-0.0,-1.21
2025-03-10 23:00:00-04:00,40.87,41.83,-0.0,-0.96
2025-03-11 00:00:00-04:00,36.86,37.96,-0.0,-1.1
2025-03-11 01:00:00-04:00,35.62,36.57,-0.0,-0.95
2025-03-11 02:00:00-04:00,33.16,34.05,-0.0,-0.89
2025-03-11 03:00:00-04:00,30.94,31.77,-0.0,-0.83
2025-03-11 04:00:00-04:00,32.44,33.239999999999995,-0.0,-0.8
2025-03-11 05:00:00-04:00,36.43,37.33,-0.0,-0.9
2025-03-11 06:00:00-04:00,51.57,52.89,-0.0,-1.32
2025-03-11 07:00:00-04:00,69.74,69.61,1.8,-1.67
2025-03-11 08:00:00-04:00,51.51,51.46,1.29,-1.24
2025-03-11 09:00:00-04:00,38.71,38.78,0.98,-1.05
2025-03-11 10:00:00-04:00,33.9,33.38999999999999,1.34,-0.83
2025-03-11 11:00:00-04:00,24.81,24.069999999999997,1.39,-0.65
2025-03-11 12:00:00-04:00,22.56,21.96,1.24,-0.64
2025-03-11 13:00:00-04:00,22.08,21.619999999999997,1.11,-0.65
2025-03-11 14:00:00-04:00,22.09,21.59,1.15,-0.65
2025-03-11 15:00:00-04:00,23.03,22.19,1.44,-0.6
2025-03-11 16:00:00-04:00,26.36,25.41,1.66,-0.71
2025-03-11 17:00:00-04:00,37.62,38.669999999999995,0.11,-1.16
2025-03-11 18:00:00-04:00,51.83,53.11,-0.0,-1.28
2025-03-11 19:00:00-04:00,64.23,65.41000000000001,-0.0,-1.18
2025-03-11 20:00:00-04:00,59.22,60.3,-0.0,-1.08
2025-03-11 21:00:00-04:00,47.34,48.260000000000005,-0.0,-0.92
2025-03-11 22:00:00-04:00,41.91,42.68,-0.0,-0.77
2025-03-11 23:00:00-04:00,38.89,39.48,-0.0,-0.59
2025-03-12 00:00:00-04:00,37.76,38.02,-0.0,-0.26
2025-03-12 01:00:00-04:00,36.56,36.89,-0.0,-0.33
2025-03-12 02:00:00-04:00,35.11,35.25,-0.0,-0.14
2025-03-12 03:00:00-04:00,34.97,35.14,-0.0,-0.17
2025-03-12 04:00:00-04:00,36.27,36.42,-0.0,-0.15
2025-03-12 05:00:00-04:00,43.54,43.71,-0.0,-0.17
2025-03-12 06:00:00-04:00,62.35,63.1,-0.0,-0.75
2025-03-12 07:00:00-04:00,76.94,78.27,-0.0,-1.33
2025-03-12 08:00:00-04:00,61.68,62.75,-0.0,-1.07
2025-03-12 09:00:00-04:00,40.66,41.36,-0.0,-0.7
2025-03-12 10:00:00-04:00,40.44,41.14,-0.0,-0.7
2025-03-12 11:00:00-04:00,37.76,38.45,-0.0,-0.69
2025-03-12 12:00:00-04:00,35.45,36.14,-0.0,-0.69
2025-03-12 13:00:00-04:00,35.11,35.75,-0.0,-0.64
2025-03-12 14:00:00-04:00,34.29,34.99,-0.0,-0.7
2025-03-12 15:00:00-04:00,37.53,38.26,-0.0,-0.73
2025-03-12 16:00:00-04:00,43.61,44.5,-0.0,-0.89
2025-03-12 17:00:00-04:00,51.23,52.279999999999994,-0.0,-1.05
2025-03-12 18:00:00-04:00,65.42,66.35000000000001,-0.0,-0.93
2025-03-12 19:00:00-04:00,70.9,72.13000000000001,-0.0,-1.23
2025-03-12 20:00:00-04:00,61.96,63.22,-0.0,-1.26
2025-03-12 21:00:00-04:00,51.5,52.5,-0.0,-1.0
2025-03-12 22:00:00-04:00,44.77,45.64,-0.0,-0.87
2025-03-12 23:00:00-04:00,41.82,42.41,-0.0,-0.59
2025-03-13 00:00:00-04:00,43.45,44.25,-0.0,-0.8
2025-03-13 01:00:00-04:00,40.53,41.23,-0.0,-0.7
2025-03-13 02:00:00-04:00,38.16,38.779999999999994,-0.0,-0.62
2025-03-13 03:00:00-04:00,38.02,38.56,-0.0,-0.54
2025-03-13 04:00:00-04:00,38.35,38.86,-0.0,-0.51
2025-03-13 05:00:00-04:00,44.49,45.080000000000005,-0.0,-0.59
2025-03-13 06:00:00-04:00,57.77,58.24,-0.0,-0.47
2025-03-13 07:00:00-04:00,79.47,80.52,-0.0,-1.05
2025-03-13 08:00:00-04:00,63.63,64.60000000000001,-0.0,-0.97
2025-03-13 09:00:00-04:00,49.26,50.32,-0.0,-1.06
2025-03-13 10:00:00-04:00,45.9,46.89,-0.0,-0.99
2025-03-13 11:00:00-04:00,40.86,41.87,-0.0,-1.01
2025-03-13 12:00:00-04:00,38.97,40.01,-0.0,-1.04
2025-03-13 13:00:00-04:00,37.34,38.370000000000005,-0.0,-1.03
2025-03-13 14:00:00-04:00,36.59,37.64,-0.0,-1.05
2025-03-13 15:00:00-04:00,37.8,38.849999999999994,-0.0,-1.05
2025-03-13 16:00:00-04:00,42.65,44.01,-0.0,-1.36
2025-03-13 17:00:00-04:00,50.96,52.53,-0.0,-1.57
2025-03-13 18:00:00-04:00,62.38,63.98,-0.0,-1.6
2025-03-13 19:00:00-04:00,74.4,76.30000000000001,-0.0,-1.9
2025-03-13 20:00:00-04:00,60.87,62.05,-0.0,-1.18
2025-03-13 21:00:00-04:00,50.45,51.43,-0.0,-0.98
2025-03-13 22:00:00-04:00,43.81,44.75,-0.0,-0.94
2025-03-13 23:00:00-04:00,40.24,40.98,-0.0,-0.74
2025-03-14 00:00:00-04:00,37.65,37.879999999999995,-0.0,-0.23
2025-03-14 01:00:00-04:00,36.04,36.37,-0.0,-0.33
2025-03-14 02:00:00-04:00,34.18,34.49,-0.0,-0.31
2025-03-14 03:00:00-04:00,34.14,34.480000000000004,-0.0,-0.34
2025-03-14 04:00:00-04:00,35.57,36.0,-0.0,-0.43
2025-03-14 05:00:00-04:00,40.04,40.57,-0.0,-0.53
2025-03-14 06:00:00-04:00,51.85,52.75,-0.0,-0.9
2025-03-14 07:00:00-04:00,63.75,64.99,-0.0,-1.24
2025-03-14 08:00:00-04:00,53.74,55.120000000000005,-0.0,-1.38
2025-03-14 09:00:00-04:00,42.38,43.38,-0.0,-1.0
2025-03-14 10:00:00-04:00,37.34,38.46,-0.0,-1.12
2025-03-14 11:00:00-04:00,34.32,35.27,-0.0,-0.95
2025-03-14 12:00:00-04:00,32.55,33.519999999999996,-0.0,-0.97
2025-03-14 13:00:00-04:00,31.53,32.5,-0.0,-0.97
2025-03-14 14:00:00-04:00,29.92,30.91,-0.0,-0.99
2025-03-14 15:00:00-04:00,30.06,31.06,-0.0,-1.0
2025-03-14 16:00:00-04:00,33.22,34.35,-0.0,-1.13
2025-03-14 17:00:00-04:00,37.92,39.25,-0.0,-1.33
2025-03-14 18:00:00-04:00,46.42,48.11,-0.0,-1.69
2025-03-14 19:00:00-04:00,53.02,54.830000000000005,-0.0,-1.81
2025-03-14 20:00:00-04:00,46.02,47.35000000000001,0.23,-1.56
2025-03-14 21:00:00-04:00,39.62,40.95,0.14,-1.47
2025-03-14 22:00:00-04:00,36.44,37.57,-0.0,-1.13
2025-03-14 23:00:00-04:00,34.52,35.550000000000004,-0.0,-1.03
2025-03-15 00:00:00-04:00,33.39,34.47,0.02,-1.1
2025-03-15 01:00:00-04:00,30.54,31.44,0.11,-1.01
2025-03-15 02:00:00-04:00,28.07,28.73,0.35,-1.01
2025-03-15 03:00:00-04:00,28.1,28.85,0.23,-0.98
2025-03-15 04:00:00-04:00,29.11,29.8,0.32,-1.01
2025-03-15 05:00:00-04:00,30.76,31.31,0.48,-1.03
2025-03-15 06:00:00-04:00,33.7,33.61,1.13,-1.04
2025-03-15 07:00:00-04:00,35.24,33.63,2.62,-1.01
2025-03-15 08:00:00-04:00,38.0,37.3,1.9,-1.2
2025-03-15 09:00:00-04:00,37.85,38.08,0.99,-1.22
2025-03-15 10:00:00-04:00,35.78,36.04,0.93,-1.19
2025-03-15 11:00:00-04:00,33.88,34.050000000000004,0.89,-1.06
2025-03-15 12:00:00-04:00,30.25,30.51,0.81,-1.07
2025-03-15 13:00:00-04:00,28.82,29.09,0.78,-1.05
2025-03-15 14:00:00-04:00,27.74,27.91,0.81,-0.98
2025-03-15 15:00:00-04:00,27.25,26.889999999999997,1.19,-0.83
2025-03-15 16:00:00-04:00,31.8,31.81,0.82,-0.83
2025-03-15 17:00:00-04:00,35.7,35.59,1.14,-1.03
2025-03-15 18:00:00-04:00,40.83,40.09,1.82,-1.08
2025-03-15 19:00:00-04:00,44.18,43.059999999999995,2.24,-1.12
2025-03-15 20:00:00-04:00,41.63,41.14,1.52,-1.03
2025-03-15 21:00:00-04:00,35.03,34.949999999999996,1.06,-0.98
2025-03-15 22:00:00-04:00,26.7,26.15,1.33,-0.78
2025-03-15 23:00:00-04:00,27.69,27.980000000000004,0.63,-0.92
2025-03-16 00:00:00-04:00,24.03,23.93,0.84,-0.74
2025-03-16 01:00:00-04:00,21.52,21.23,0.97,-0.68
2025-03-16 02:00:00-04:00,21.68,21.84,0.54,-0.7
2025-03-16 03:00:00-04:00,20.33,20.0,0.97,-0.64
2025-03-16 04:00:00-04:00,20.89,20.770000000000003,0.79,-0.67
2025-03-16 05:00:00-04:00,20.52,20.2,0.97,-0.65
2025-03-16 06:00:00-04:00,20.86,19.46,2.02,-0.62
2025-03-16 07:00:00-04:00,21.86,20.17,2.38,-0.69
2025-03-16 08:00:00-04:00,22.81,21.11,2.4,-0.7
2025-03-16 09:00:00-04:00,24.9,24.4,1.33,-0.83
2025-03-16 10:00:00-04:00,28.23,28.000000000000004,1.15,-0.92
2025-03-16 11:00:00-04:00,27.14,27.21,0.83,-0.9
2025-03-16 12:00:00-04:00,27.56,27.52,0.89,-0.85
2025-03-16 13:00:00-04:00,26.27,26.13,1.0,-0.86
2025-03-16 14:00:00-04:00,25.86,25.77,0.94,-0.85
2025-03-16 15:00:00-04:00,28.32,28.840000000000003,0.49,-1.01
2025-03-16 16:00:00-04:00,33.02,33.92,0.22,-1.12
2025-03-16 17:00:00-04:00,33.58,33.81999999999999,0.81,-1.05
2025-03-16 18:00:00-04:00,40.97,42.18,0.01,-1.22
2025-03-16 19:00:00-04:00,46.87,48.12,-0.0,-1.25
2025-03-16 20:00:00-04:00,42.1,43.31,-0.0,-1.21
2025-03-16 21:00:00-04:00,35.11,35.94,-0.0,-0.83
2025-03-16 22:00:00-04:00,31.15,31.85,-0.0,-0.7
2025-03-16 23:00:00-04:00,29.68,30.35,-0.0,-0.67
2025-03-17 00:00:00-04:00,34.69,34.86,-0.0,-0.17
2025-03-17 01:00:00-04:00,32.07,32.23,-0.0,-0.16
2025-03-17 02:00:00-04:00,30.85,31.040000000000003,-0.0,-0.19
2025-03-17 03:00:00-04:00,29.74,29.92,-0.0,-0.18
2025-03-17 04:00:00-04:00,30.06,30.24,-0.0,-0.18
2025-03-17 05:00:00-04:00,34.11,34.31,-0.0,-0.2
2025-03-17 06:00:00-04:00,42.02,42.190000000000005,-0.0,-0.17
2025-03-17 07:00:00-04:00,54.48,55.13999999999999,-0.0,-0.66
2025-03-17 08:00:00-04:00,51.02,51.74,-0.0,-0.72
2025-03-17 09:00:00-04:00,46.84,47.75,-0.0,-0.91
2025-03-17 10:00:00-04:00,44.94,46.0,-0.0,-1.06
2025-03-17 11:00:00-04:00,42.57,43.76,-0.01,-1.18
2025-03-17 12:00:00-04:00,40.49,41.67,-0.01,-1.17
2025-03-17 13:00:00-04:00,38.83,40.13,-0.06,-1.24
2025-03-17 14:00:00-04:00,36.47,37.65,-0.01,-1.17
2025-03-17 15:00:00-04:00,37.61,38.88,-0.06,-1.21
2025-03-17 16:00:00-04:00,38.52,39.64,-0.01,-1.11
2025-03-17 17:00:00-04:00,45.91,49.66,-2.31,-1.44
2025-03-17 18:00:00-04:00,54.89,55.84,-0.0,-0.95
2025-03-17 19:00:00-04:00,63.46,64.3,-0.0,-0.84
2025-03-17 20:00:00-04:00,55.27,56.11000000000001,-0.0,-0.84
2025-03-17 21:00:00-04:00,45.7,46.49,-0.0,-0.79
2025-03-17 22:00:00-04:00,40.62,41.279999999999994,-0.0,-0.66
2025-03-17 23:00:00-04:00,37.3,37.599999999999994,-0.0,-0.3
2025-03-18 00:00:00-04:00,38.75,39.02,-0.0,-0.27
2025-03-18 01:00:00-04:00,36.3,36.55,-0.0,-0.25
2025-03-18 02:00:00-04:00,34.21,34.52,-0.0,-0.31
2025-03-18 03:00:00-04:00,33.69,34.059999999999995,-0.0,-0.37
2025-03-18 04:00:00-04:00,34.55,34.97,-0.0,-0.42
2025-03-18 05:00:00-04:00,38.91,39.459999999999994,-0.0,-0.55
2025-03-18 06:00:00-04:00,54.88,55.38,-0.0,-0.5
2025-03-18 07:00:00-04:00,68.01,68.83,-0.0,-0.82
2025-03-18 08:00:00-04:00,50.41,51.33,-0.0,-0.92
2025-03-18 09:00:00-04:00,36.25,36.99,-0.0,-0.74
2025-03-18 10:00:00-04:00,32.13,32.85,-0.0,-0.72
2025-03-18 11:00:00-04:00,28.36,29.06,-0.0,-0.7
2025-03-18 12:00:00-04:00,26.6,27.200000000000003,-0.0,-0.6
2025-03-18 13:00:00-04:00,25.72,26.299999999999997,-0.0,-0.58
2025-03-18 14:00:00-04:00,25.23,25.85,-0.0,-0.62
2025-03-18 15:00:00-04:00,28.04,28.7,-0.0,-0.66
2025-03-18 16:00:00-04:00,30.75,31.51,-0.0,-0.76
2025-03-18 17:00:00-04:00,37.14,38.05,-0.0,-0.91
2025-03-18 18:00:00-04:00,46.63,47.48,-0.0,-0.85
2025-03-18 19:00:00-04:00,57.38,58.190000000000005,-0.0,-0.81
2025-03-18 20:00:00-04:00,50.05,50.97,-0.0,-0.92
2025-03-18 21:00:00-04:00,40.08,41.07,-0.0,-0.99
2025-03-18 22:00:00-04:00,36.84,37.67,-0.0,-0.83
2025-03-18 23:00:00-04:00,34.46,35.2,-0.0,-0.74
2025-03-19 00:00:00-04:00,34.06,34.54,-0.0,-0.48
2025-03-19 01:00:00-04:00,32.06,32.68,-0.0,-0.62
2025-03-19 02:00:00-04:00,31.16,31.7,-0.0,-0.54
2025-03-19 03:00:00-04:00,31.4,31.97,-0.0,-0.57
2025-03-19 04:00:00-04:00,32.2,32.690000000000005,-0.0,-0.49
2025-03-19 05:00:00-04:00,33.73,34.04,-0.0,-0.31
2025-03-19 06:00:00-04:00,50.51,51.33,-0.0,-0.82
2025-03-19 07:00:00-04:00,59.59,60.620000000000005,-0.0,-1.03
2025-03-19 08:00:00-04:00,46.16,47.2,-0.0,-1.04
2025-03-19 09:00:00-04:00,34.0,34.62,-0.0,-0.62
2025-03-19 10:00:00-04:00,31.41,31.98,-0.0,-0.57
2025-03-19 11:00:00-04:00,27.89,28.49,-0.0,-0.6
2025-03-19 12:00:00-04:00,26.82,27.45,-0.0,-0.63
2025-03-19 13:00:00-04:00,26.55,27.17,-0.0,-0.62
2025-03-19 14:00:00-04:00,25.36,25.98,-0.0,-0.62
2025-03-19 15:00:00-04:00,27.6,28.34,-0.0,-0.74
2025-03-19 16:00:00-04:00,31.07,31.83,-0.0,-0.76
2025-03-19 17:00:00-04:00,35.43,36.41,-0.0,-0.98
2025-03-19 18:00:00-04:00,45.92,47.15,-0.0,-1.23
2025-03-19 19:00:00-04:00,51.56,53.02,0.02,-1.48
2025-03-19 20:00:00-04:00,47.42,48.38,0.39,-1.35
2025-03-19 21:00:00-04:00,36.58,37.58,0.01,-1.01
2025-03-19 22:00:00-04:00,32.9,33.85,-0.0,-0.95
2025-03-19 23:00:00-04:00,30.71,31.43,-0.0,-0.72
2025-03-20 00:00:00-04:00,33.04,33.78,-0.0,-0.74
2025-03-20 01:00:00-04:00,31.06,31.79,-0.0,-0.73
2025-03-20 02:00:00-04:00,30.18,30.86,-0.0,-0.68
2025-03-20 03:00:00-04:00,29.33,30.02,-0.0,-0.69
2025-03-20 04:00:00-04:00,29.55,30.24,-0.0,-0.69
2025-03-20 05:00:00-04:00,32.86,33.53,-0.0,-0.67
2025-03-20 06:00:00-04:00,47.99,49.02,-0.0,-1.03
2025-03-20 07:00:00-04:00,51.95,56.31,-3.12,-1.24
2025-03-20 08:00:00-04:00,48.52,51.370000000000005,-1.72,-1.13
2025-03-20 09:00:00-04:00,42.85,44.06,-0.2,-1.01
2025-03-20 10:00:00-04:00,41.91,42.93,0.01,-1.03
2025-03-20 11:00:00-04:00,38.5,39.349999999999994,0.09,-0.94
2025-03-20 12:00:00-04:00,37.06,38.53,-0.51,-0.96
2025-03-20 13:00:00-04:00,36.05,37.0,-0.06,-0.89
2025-03-20 14:00:00-04:00,35.63,36.57000000000001,-0.06,-0.88
2025-03-20 15:00:00-04:00,38.94,39.87,-0.01,-0.92
2025-03-20 16:00:00-04:00,40.6,41.39,-0.0,-0.79
2025-03-20 17:00:00-04:00,44.0,46.809999999999995,-1.87,-0.94
2025-03-20 18:00:00-04:00,50.22,51.59,-0.39,-0.98
2025-03-20 19:00:00-04:00,56.89,61.07,-3.2,-0.98
2025-03-20 20:00:00-04:00,52.99,55.55,-1.67,-0.89
2025-03-20 21:00:00-04:00,45.01,45.89,-0.06,-0.82
2025-03-20 22:00:00-04:00,39.48,40.08,-0.0,-0.6
2025-03-20 23:00:00-04:00,36.52,36.93,-0.0,-0.41
2025-03-21 00:00:00-04:00,37.17,37.47,-0.0,-0.3
2025-03-21 01:00:00-04:00,35.03,35.31,-0.0,-0.28
2025-03-21 02:00:00-04:00,33.94,34.21,-0.0,-0.27
2025-03-21 03:00:00-04:00,33.97,34.14,-0.0,-0.17
2025-03-21 04:00:00-04:00,34.0,34.14,-0.0,-0.14
2025-03-21 05:00:00-04:00,38.14,38.11,-0.01,0.04
2025-03-21 06:00:00-04:00,49.14,52.53,-3.39,0.0
2025-03-21 07:00:00-04:00,57.42,63.09,-5.48,-0.19
2025-03-21 08:00:00-04:00,50.98,55.73,-4.36,-0.39
2025-03-21 09:00:00-04:00,42.6,45.07000000000001,-1.88,-0.59
2025-03-21 10:00:00-04:00,37.08,37.72,-0.0,-0.64
2025-03-21 11:00:00-04:00,34.05,34.669999999999995,-0.0,-0.62
2025-03-21 12:00:00-04:00,31.28,31.950000000000003,-0.0,-0.67
2025-03-21 13:00:00-04:00,29.83,30.53,-0.0,-0.7
2025-03-21 14:00:00-04:00,28.63,29.51,-0.0,-0.88
2025-03-21 15:00:00-04:00,29.32,30.13,-0.0,-0.81
2025-03-21 16:00:00-04:00,31.37,32.14,-0.0,-0.77
2025-03-21 17:00:00-04:00,37.71,38.17,-0.0,-0.46
2025-03-21 18:00:00-04:00,49.08,49.33,-0.0,-0.25
2025-03-21 19:00:00-04:00,55.88,55.71,-0.0,0.17
2025-03-21 20:00:00-04:00,51.0,51.2,-0.0,-0.2
2025-03-21 21:00:00-04:00,44.79,45.2,-0.0,-0.41
2025-03-21 22:00:00-04:00,39.05,39.48,-0.0,-0.43
2025-03-21 23:00:00-04:00,36.17,36.54,-0.0,-0.37
2025-03-22 00:00:00-04:00,34.51,34.86,-0.0,-0.35
2025-03-22 01:00:00-04:00,32.79,33.26,-0.0,-0.47
2025-03-22 02:00:00-04:00,31.43,31.91,-0.0,-0.48
2025-03-22 03:00:00-04:00,30.41,30.78,-0.0,-0.37
2025-03-22 04:00:00-04:00,30.25,30.62,-0.0,-0.37
2025-03-22 05:00:00-04:00,33.14,33.61,-0.0,-0.47
2025-03-22 06:00:00-04:00,40.03,40.56,-0.0,-0.53
2025-03-22 07:00:00-04:00,45.18,45.87,-0.0,-0.69
2025-03-22 08:00:00-04:00,40.26,40.83,-0.0,-0.57
2025-03-22 09:00:00-04:00,33.8,34.24,0.01,-0.45
2025-03-22 10:00:00-04:00,31.42,31.73,0.01,-0.32
2025-03-22 11:00:00-04:00,31.29,31.64,-0.0,-0.35
2025-03-22 12:00:00-04:00,29.33,29.659999999999997,-0.0,-0.33
2025-03-22 13:00:00-04:00,27.76,28.15,-0.0,-0.39
2025-03-22 14:00:00-04:00,27.04,27.359999999999996,0.01,-0.33
2025-03-22 15:00:00-04:00,29.16,29.48,-0.0,-0.32
2025-03-22 16:00:00-04:00,33.51,32.15,1.74,-0.38
2025-03-22 17:00:00-04:00,36.91,36.279999999999994,1.03,-0.4
2025-03-22 18:00:00-04:00,44.0,44.22,0.22,-0.44
2025-03-22 19:00:00-04:00,49.93,50.18,-0.0,-0.25
2025-03-22 20:00:00-04:00,49.02,49.27,-0.0,-0.25
2025-03-22 21:00:00-04:00,42.0,42.13,-0.0,-0.13
2025-03-22 22:00:00-04:00,37.71,37.67,-0.0,0.04
2025-03-22 23:00:00-04:00,36.61,36.39,-0.0,0.22
2025-03-23 00:00:00-04:00,37.93,37.85,-0.0,0.08
2025-03-23 01:00:00-04:00,35.39,35.14,-0.0,0.25
2025-03-23 02:00:00-04:00,35.01,34.699999999999996,-0.0,0.31
2025-03-23 03:00:00-04:00,35.34,34.99,-0.0,0.35
2025-03-23 04:00:00-04:00,36.28,35.88,-0.0,0.4
2025-03-23 05:00:00-04:00,37.66,37.31999999999999,-0.0,0.34
2025-03-23 06:00:00-04:00,44.53,44.35,-0.0,0.18
2025-03-23 07:00:00-04:00,49.49,49.59,-0.0,-0.1
2025-03-23 08:00:00-04:00,41.5,41.38,-0.0,0.12
2025-03-23 09:00:00-04:00,35.31,35.35,-0.0,-0.04
2025-03-23 10:00:00-04:00,32.5,32.63,-0.0,-0.13
2025-03-23 11:00:00-04:00,30.24,30.389999999999997,-0.0,-0.15
2025-03-23 12:00:00-04:00,29.22,29.4,-0.0,-0.18
2025-03-23 13:00:00-04:00,27.78,28.01,-0.0,-0.23
2025-03-23 14:00:00-04:00,26.53,26.8,-0.0,-0.27
2025-03-23 15:00:00-04:00,26.61,26.88,-0.0,-0.27
2025-03-23 16:00:00-04:00,31.01,31.200000000000003,-0.0,-0.19
2025-03-23 17:00:00-04:00,40.9,41.15,-0.0,-0.25
2025-03-23 18:00:00-04:00,52.37,52.79,-0.0,-0.42
2025-03-23 19:00:00-04:00,63.25,63.63,-0.0,-0.38
2025-03-23 20:00:00-04:00,58.8,59.279999999999994,-0.0,-0.48
2025-03-23 21:00:00-04:00,47.43,48.1,-0.0,-0.67
2025-03-23 22:00:00-04:00,40.14,40.71,-0.0,-0.57
2025-03-23 23:00:00-04:00,36.37,36.7,-0.0,-0.33
2025-03-24 00:00:00-04:00,37.8,38.419999999999995,-0.0,-0.62
2025-03-24 01:00:00-04:00,36.37,37.0,-0.0,-0.63
2025-03-24 02:00:00-04:00,34.77,35.370000000000005,-0.0,-0.6
2025-03-24 03:00:00-04:00,33.96,34.550000000000004,-0.0,-0.59
2025-03-24 04:00:00-04:00,35.68,36.22,-0.0,-0.54
2025-03-24 05:00:00-04:00,40.91,41.4,-0.0,-0.49
2025-03-24 06:00:00-04:00,51.34,51.91,-0.0,-0.57
2025-03-24 07:00:00-04:00,58.2,58.970000000000006,-0.0,-0.77
2025-03-24 08:00:00-04:00,53.59,54.24,-0.0,-0.65
2025-03-24 09:00:00-04:00,50.81,50.14000000000001,1.37,-0.7
2025-03-24 10:00:00-04:00,50.22,49.99,1.08,-0.85
2025-03-24 11:00:00-04:00,49.06,48.8,1.24,-0.98
2025-03-24 12:00:00-04:00,44.36,44.2,1.13,-0.97
2025-03-24 13:00:00-04:00,42.65,42.58,1.09,-1.02
2025-03-24 14:00:00-04:00,41.27,41.23,1.03,-0.99
2025-03-24 15:00:00-04:00,41.11,40.95,1.06,-0.9
2025-03-24 16:00:00-04:00,42.63,41.46,2.17,-1.0
2025-03-24 17:00:00-04:00,49.22,48.52,1.72,-1.02
2025-03-24 18:00:00-04:00,53.91,54.38999999999999,0.56,-1.04
2025-03-24 19:00:00-04:00,59.11,60.0,0.01,-0.9
2025-03-24 20:00:00-04:00,54.64,55.52,0.01,-0.89
2025-03-24 21:00:00-04:00,44.87,45.599999999999994,-0.0,-0.73
2025-03-24 22:00:00-04:00,39.89,40.54,-0.0,-0.65
2025-03-24 23:00:00-04:00,39.61,40.09,-0.0,-0.48
2025-03-25 00:00:00-04:00,38.9,39.22,-0.0,-0.32
2025-03-25 01:00:00-04:00,37.12,37.34,-0.0,-0.22
2025-03-25 02:00:00-04:00,35.88,36.02,-0.0,-0.14
2025-03-25 03:00:00-04:00,35.7,35.84,-0.0,-0.14
2025-03-25 04:00:00-04:00,36.23,36.41,-0.0,-0.18
2025-03-25 05:00:00-04:00,40.31,40.55,-0.0,-0.24
2025-03-25 06:00:00-04:00,53.29,53.56,-0.0,-0.27
2025-03-25 07:00:00-04:00,60.59,61.010000000000005,-0.0,-0.42
2025-03-25 08:00:00-04:00,53.89,54.27,-0.0,-0.38
2025-03-25 09:00:00-04:00,40.82,41.19,-0.0,-0.37
2025-03-25 10:00:00-04:00,38.67,38.940000000000005,-0.0,-0.27
2025-03-25 11:00:00-04:00,37.08,37.3,-0.0,-0.22
2025-03-25 12:00:00-04:00,34.66,34.98,-0.0,-0.32
2025-03-25 13:00:00-04:00,34.65,34.97,-0.0,-0.32
2025-03-25 14:00:00-04:00,33.34,33.71,-0.0,-0.37
2025-03-25 15:00:00-04:00,34.15,34.43,-0.0,-0.28
2025-03-25 16:00:00-04:00,37.16,37.54,-0.0,-0.38
2025-03-25 17:00:00-04:00,43.28,43.8,-0.0,-0.52
2025-03-25 18:00:00-04:00,53.73,54.27,-0.0,-0.54
2025-03-25 19:00:00-04:00,63.35,63.29,-0.0,0.06
2025-03-25 20:00:00-04:00,59.86,59.92,-0.0,-0.06
2025-03-25 21:00:00-04:00,48.3,48.489999999999995,-0.0,-0.19
2025-03-25 22:00:00-04:00,42.73,42.94,-0.0,-0.21
2025-03-25 23:00:00-04:00,40.61,40.61,-0.0,0.0
2025-03-26 00:00:00-04:00,40.37,40.25,-0.0,0.12
2025-03-26 01:00:00-04:00,39.0,38.84,-0.0,0.16
2025-03-26 02:00:00-04:00,38.25,38.17,-0.0,0.08
2025-03-26 03:00:00-04:00,38.36,38.13,-0.0,0.23
2025-03-26 04:00:00-04:00,39.13,38.970000000000006,-0.0,0.16
2025-03-26 05:00:00-04:00,42.74,42.48,-0.0,0.26
2025-03-26 06:00:00-04:00,55.65,55.71,-0.0,-0.06
2025-03-26 07:00:00-04:00,64.89,64.83,-0.0,0.06
2025-03-26 08:00:00-04:00,55.11,55.22,-0.0,-0.11
2025-03-26 09:00:00-04:00,42.29,42.54,-0.0,-0.25
2025-03-26 10:00:00-04:00,39.2,39.32,-0.0,-0.12
2025-03-26 11:00:00-04:00,36.21,36.35,-0.0,-0.14
2025-03-26 12:00:00-04:00,35.87,36.12,-0.0,-0.25
2025-03-26 13:00:00-04:00,36.13,36.31,-0.0,-0.18
2025-03-26 14:00:00-04:00,34.97,35.21,-0.0,-0.24
2025-03-26 15:00:00-04:00,35.36,35.57,-0.0,-0.21
2025-03-26 16:00:00-04:00,38.31,38.46,-0.0,-0.15
2025-03-26 17:00:00-04:00,45.14,45.46,-0.0,-0.32
2025-03-26 18:00:00-04:00,53.49,53.65,-0.0,-0.16
2025-03-26 19:00:00-04:00,65.88,65.47999999999999,-0.0,0.4
2025-03-26 20:00:00-04:00,62.03,61.72,-0.0,0.31
2025-03-26 21:00:00-04:00,53.44,53.12,-0.0,0.32
2025-03-26 22:00:00-04:00,44.82,44.73,-0.0,0.09
2025-03-26 23:00:00-04:00,43.23,42.88999999999999,-0.0,0.34
2025-03-27 00:00:00-04:00,39.64,39.44,-0.0,0.2
2025-03-27 01:00:00-04:00,37.97,37.93,-0.0,0.04
2025-03-27 02:00:00-04:00,36.95,36.84,-0.0,0.11
2025-03-27 03:00:00-04:00,38.01,37.78,-0.0,0.23
2025-03-27 04:00:00-04:00,38.06,37.95,-0.0,0.11
2025-03-27 05:00:00-04:00,42.91,42.81999999999999,-0.0,0.09
2025-03-27 06:00:00-04:00,64.0,63.68,-0.0,0.32
2025-03-27 07:00:00-04:00,75.38,74.92999999999999,-0.0,0.45
2025-03-27 08:00:00-04:00,51.33,51.379999999999995,-0.0,-0.05
2025-03-27 09:00:00-04:00,37.45,37.67,-0.0,-0.22
2025-03-27 10:00:00-04:00,32.13,32.550000000000004,-0.0,-0.42
2025-03-27 11:00:00-04:00,30.76,31.130000000000003,-0.0,-0.37
2025-03-27 12:00:00-04:00,30.03,30.39,-0.0,-0.36
2025-03-27 13:00:00-04:00,29.7,30.21,-0.0,-0.51
2025-03-27 14:00:00-04:00,27.35,27.880000000000003,-0.0,-0.53
2025-03-27 15:00:00-04:00,27.23,27.64,-0.0,-0.41
2025-03-27 16:00:00-04:00,29.15,29.33,0.35,-0.53
2025-03-27 17:00:00-04:00,36.77,37.440000000000005,-0.0,-0.67
2025-03-27 18:00:00-04:00,47.67,48.15,-0.0,-0.48
2025-03-27 19:00:00-04:00,59.25,59.73,-0.0,-0.48
2025-03-27 20:00:00-04:00,56.06,56.400000000000006,-0.0,-0.34
2025-03-27 21:00:00-04:00,44.56,44.870000000000005,-0.0,-0.31
2025-03-27 22:00:00-04:00,40.55,40.709999999999994,-0.0,-0.16
2025-03-27 23:00:00-04:00,37.15,37.19,-0.0,-0.04
2025-03-28 00:00:00-04:00,35.1,35.14,-0.0,-0.04
2025-03-28 01:00:00-04:00,34.4,34.4,-0.0,0.0
2025-03-28 02:00:00-04:00,33.65,33.58,-0.0,0.07
2025-03-28 03:00:00-04:00,33.35,33.28,-0.0,0.07
2025-03-28 04:00:00-04:00,33.65,33.55,-0.0,0.1
2025-03-28 05:00:00-04:00,39.06,38.900000000000006,-0.0,0.16
2025-03-28 06:00:00-04:00,54.39,54.23,-0.0,0.16
2025-03-28 07:00:00-04:00,66.76,66.76,-0.0,0.0
2025-03-28 08:00:00-04:00,50.96,51.21,-0.0,-0.25
2025-03-28 09:00:00-04:00,39.46,39.62,-0.0,-0.16
2025-03-28 10:00:00-04:00,36.83,36.94,-0.0,-0.11
2025-03-28 11:00:00-04:00,34.23,34.4,-0.0,-0.17
2025-03-28 12:00:00-04:00,32.56,32.82,-0.0,-0.26
2025-03-28 13:00:00-04:00,31.64,31.83,-0.0,-0.19
2025-03-28 14:00:00-04:00,31.62,31.880000000000003,-0.0,-0.26
2025-03-28 15:00:00-04:00,33.14,33.21,-0.0,-0.07
2025-03-28 16:00:00-04:00,35.37,35.44,-0.0,-0.07
2025-03-28 17:00:00-04:00,39.6,39.8,-0.0,-0.2
2025-03-28 18:00:00-04:00,44.05,44.36,-0.0,-0.31
2025-03-28 19:00:00-04:00,53.03,53.46,-0.0,-0.43
2025-03-28 20:00:00-04:00,47.68,48.11,-0.0,-0.43
2025-03-28 21:00:00-04:00,38.55,39.059999999999995,-0.0,-0.51
2025-03-28 22:00:00-04:00,36.97,37.379999999999995,-0.0,-0.41
2025-03-28 23:00:00-04:00,33.69,34.059999999999995,-0.0,-0.37
2025-03-29 00:00:00-04:00,31.34,31.85,-0.0,-0.51
2025-03-29 01:00:00-04:00,30.01,30.66,-0.0,-0.65
2025-03-29 02:00:00-04:00,28.75,29.37,-0.0,-0.62
2025-03-29 03:00:00-04:00,27.64,28.23,-0.0,-0.59
2025-03-29 04:00:00-04:00,27.48,28.13,-0.0,-0.65
2025-03-29 05:00:00-04:00,29.31,29.91,-0.0,-0.6
2025-03-29 06:00:00-04:00,32.47,33.03,-0.0,-0.56
2025-03-29 07:00:00-04:00,35.19,35.87,-0.0,-0.68
2025-03-29 08:00:00-04:00,37.39,38.0,-0.0,-0.61
2025-03-29 09:00:00-04:00,34.69,35.32,-0.0,-0.63
2025-03-29 10:00:00-04:00,34.16,34.72,-0.0,-0.56
2025-03-29 11:00:00-04:00,32.56,33.22,-0.0,-0.66
2025-03-29 12:00:00-04:00,30.29,30.94,-0.0,-0.65
2025-03-29 13:00:00-04:00,30.15,30.799999999999997,-0.0,-0.65
2025-03-29 14:00:00-04:00,30.36,31.07,-0.0,-0.71
2025-03-29 15:00:00-04:00,31.15,31.79,-0.0,-0.64
2025-03-29 16:00:00-04:00,33.27,33.88,-0.0,-0.61
2025-03-29 17:00:00-04:00,36.81,37.330000000000005,-0.0,-0.52
2025-03-29 18:00:00-04:00,42.85,43.2,-0.0,-0.35
2025-03-29 19:00:00-04:00,47.59,47.830000000000005,-0.0,-0.24
2025-03-29 20:00:00-04:00,43.41,43.58,-0.0,-0.17
2025-03-29 21:00:00-04:00,37.87,37.98,-0.0,-0.11
2025-03-29 22:00:00-04:00,35.92,35.99,-0.0,-0.07
2025-03-29 23:00:00-04:00,32.64,32.74,-0.0,-0.1
2025-03-30 00:00:00-04:00,35.81,35.77,-0.0,0.04
2025-03-30 01:00:00-04:00,33.95,33.980000000000004,-0.0,-0.03
2025-03-30 02:00:00-04:00,32.78,32.85,-0.0,-0.07
2025-03-30 03:00:00-04:00,32.72,32.92,-0.0,-0.2
2025-03-30 04:00:00-04:00,33.18,33.25,-0.0,-0.07
2025-03-30 05:00:00-04:00,33.81,33.84,-0.0,-0.03
2025-03-30 06:00:00-04:00,35.11,35.07,-0.0,0.04
2025-03-30 07:00:00-04:00,36.25,36.36,-0.0,-0.11
2025-03-30 08:00:00-04:00,36.69,36.84,-0.0,-0.15
2025-03-30 09:00:00-04:00,40.41,40.65,-0.0,-0.24
2025-03-30 10:00:00-04:00,42.41,42.919999999999995,-0.0,-0.51
2025-03-30 11:00:00-04:00,41.7,42.330000000000005,-0.0,-0.63
2025-03-30 12:00:00-04:00,40.69,41.39,-0.0,-0.7
2025-03-30 13:00:00-04:00,38.81,39.6,-0.0,-0.79
2025-03-30 14:00:00-04:00,38.5,39.37,-0.0,-0.87
2025-03-30 15:00:00-04:00,40.21,41.03,-0.0,-0.82
2025-03-30 16:00:00-04:00,43.01,43.93,-0.0,-0.92
2025-03-30 17:00:00-04:00,47.49,48.46,-0.0,-0.97
2025-03-30 18:00:00-04:00,50.63,51.46,-0.0,-0.83
2025-03-30 19:00:00-04:00,53.8,54.98,0.03,-1.21
2025-03-30 20:00:00-04:00,49.79,50.7,-0.0,-0.91
2025-03-30 21:00:00-04:00,37.96,37.96,0.76,-0.76
2025-03-30 22:00:00-04:00,37.63,38.36,-0.0,-0.73
2025-03-30 23:00:00-04:00,32.17,32.81,0.05,-0.69
2025-03-31 00:00:00-04:00,26.59,25.08,1.86,-0.35
2025-03-31 01:00:00-04:00,24.69,23.49,1.55,-0.35
2025-03-31 02:00:00-04:00,23.83,22.54,1.63,-0.34
2025-03-31 03:00:00-04:00,23.43,22.29,1.43,-0.29
2025-03-31 04:00:00-04:00,24.65,23.4,1.55,-0.3
2025-03-31 05:00:00-04:00,27.31,26.65,1.01,-0.35
2025-03-31 06:00:00-04:00,32.95,30.46,2.43,0.06
2025-03-31 07:00:00-04:00,46.11,46.25,-0.0,-0.14
2025-03-31 08:00:00-04:00,48.02,48.46,-0.0,-0.44
2025-03-31 09:00:00-04:00,44.48,45.05,0.1,-0.67
2025-03-31 10:00:00-04:00,45.85,46.46,-0.0,-0.61
2025-03-31 11:00:00-04:00,42.41,42.919999999999995,-0.0,-0.51
2025-03-31 12:00:00-04:00,38.6,39.07,-0.0,-0.47
2025-03-31 13:00:00-04:00,37.96,38.34,-0.0,-0.38
2025-03-31 14:00:00-04:00,36.41,36.809999999999995,-0.0,-0.4
2025-03-31 15:00:00-04:00,37.77,38.190000000000005,-0.0,-0.42
2025-03-31 16:00:00-04:00,38.49,38.010000000000005,1.01,-0.53
2025-03-31 17:00:00-04:00,43.38,42.8,1.18,-0.6
2025-03-31 18:00:00-04:00,48.3,48.05,0.64,-0.39
2025-03-31 19:00:00-04:00,56.87,57.21,-0.0,-0.34
2025-03-31 20:00:00-04:00,50.57,50.82,-0.0,-0.25
2025-03-31 21:00:00-04:00,41.43,41.72,-0.0,-0.29
2025-03-31 22:00:00-04:00,37.11,37.3,-0.0,-0.19
2025-03-31 23:00:00-04:00,35.37,35.37,-0.0,0.0
2025-04-01 00:00:00-04:00,33.35,32.99,-0.0,0.36
2025-04-01 01:00:00-04:00,32.56,32.36,-0.0,0.2
2025-04-01 02:00:00-04:00,30.74,30.52,-0.0,0.22
2025-04-01 03:00:00-04:00,30.25,29.98,-0.0,0.27
2025-04-01 04:00:00-04:00,31.46,31.09,-0.0,0.37
2025-04-01 05:00:00-04:00,34.43,33.92,-0.0,0.51
2025-04-01 06:00:00-04:00,47.95,47.290000000000006,-0.0,0.66
2025-04-01 07:00:00-04:00,56.2,55.48,-0.0,0.72
2025-04-01 08:00:00-04:00,47.44,47.07,-0.0,0.37
2025-04-01 09:00:00-04:00,36.32,35.96,-0.0,0.36
2025-04-01 10:00:00-04:00,32.85,32.690000000000005,-0.0,0.16
2025-04-01 11:00:00-04:00,30.91,30.79,-0.0,0.12
2025-04-01 12:00:00-04:00,28.4,28.31,-0.0,0.09
2025-04-01 13:00:00-04:00,27.62,27.68,-0.0,-0.06
2025-04-01 14:00:00-04:00,28.54,28.48,-0.0,0.06
2025-04-01 15:00:00-04:00,27.97,27.89,-0.0,0.08
2025-04-01 16:00:00-04:00,29.86,29.86,-0.0,0.0
2025-04-01 17:00:00-04:00,37.55,37.47,-0.0,0.08
2025-04-01 18:00:00-04:00,43.37,43.07,-0.0,0.3
2025-04-01 19:00:00-04:00,57.42,56.690000000000005,-0.0,0.73
2025-04-01 20:00:00-04:00,54.16,53.68,-0.0,0.48
2025-04-01 21:00:00-04:00,41.64,41.31,-0.0,0.33
2025-04-01 22:00:00-04:00,38.17,37.83,-0.0,0.34
2025-04-01 23:00:00-04:00,35.58,35.23,-0.0,0.35
2025-04-02 00:00:00-04:00,38.17,37.940000000000005,-0.0,0.23
2025-04-02 01:00:00-04:00,36.08,35.9,-0.0,0.18
2025-04-02 02:00:00-04:00,35.43,35.36,-0.0,0.07
2025-04-02 03:00:00-04:00,35.53,35.49,-0.0,0.04
2025-04-02 04:00:00-04:00,35.77,35.730000000000004,-0.0,0.04
2025-04-02 05:00:00-04:00,40.24,40.28,-0.0,-0.04
2025-04-02 06:00:00-04:00,55.06,55.17,-0.0,-0.11
2025-04-02 07:00:00-04:00,61.9,62.53,-0.0,-0.63
2025-04-02 08:00:00-04:00,50.55,51.11,-0.0,-0.56
2025-04-02 09:00:00-04:00,42.46,42.89,-0.0,-0.43
2025-04-02 10:00:00-04:00,36.81,37.18,-0.0,-0.37
2025-04-02 11:00:00-04:00,35.62,35.91,-0.0,-0.29
2025-04-02 12:00:00-04:00,35.85,36.17,0.01,-0.33
2025-04-02 13:00:00-04:00,35.72,36.03,0.01,-0.32
2025-04-02 14:00:00-04:00,35.93,36.28,0.01,-0.36
2025-04-02 15:00:00-04:00,36.55,36.989999999999995,-0.0,-0.44
2025-04-02 16:00:00-04:00,39.23,39.79,-0.0,-0.56
2025-04-02 17:00:00-04:00,44.42,45.08,0.02,-0.68
2025-04-02 18:00:00-04:00,52.99,52.790000000000006,0.73,-0.53
2025-04-02 19:00:00-04:00,62.37,61.31999999999999,1.6,-0.55
2025-04-02 20:00:00-04:00,51.06,49.16,2.49,-0.59
2025-04-02 21:00:00-04:00,41.57,41.06,0.96,-0.45
2025-04-02 22:00:00-04:00,37.52,37.81,0.13,-0.42
2025-04-02 23:00:00-04:00,34.97,35.09,0.3,-0.42
2025-04-03 00:00:00-04:00,29.78,28.410000000000004,1.54,-0.17
2025-04-03 01:00:00-04:00,26.2,24.44,1.91,-0.15
2025-04-03 02:00:00-04:00,26.42,25.04,1.58,-0.2
2025-04-03 03:00:00-04:00,25.89,24.49,1.6,-0.2
2025-04-03 04:00:00-04:00,25.17,23.35,1.91,-0.09
2025-04-03 05:00:00-04:00,34.53,34.45,0.22,-0.14
2025-04-03 06:00:00-04:00,44.98,44.99,0.26,-0.27
2025-04-03 07:00:00-04:00,45.42,44.58,1.2,-0.36
2025-04-03 08:00:00-04:00,53.0,52.88999999999999,0.59,-0.48
2025-04-03 09:00:00-04:00,51.36,51.31,0.61,-0.56
2025-04-03 10:00:00-04:00,48.31,48.510000000000005,0.33,-0.53
2025-04-03 11:00:00-04:00,46.52,46.900000000000006,0.18,-0.56
2025-04-03 12:00:00-04:00,44.04,43.69,0.96,-0.61
2025-04-03 13:00:00-04:00,42.37,42.26,0.62,-0.51
2025-04-03 14:00:00-04:00,36.59,36.02,1.0,-0.43
2025-04-03 15:00:00-04:00,40.0,39.47,1.0,-0.47
2025-04-03 16:00:00-04:00,36.86,36.01,1.32,-0.47
2025-04-03 17:00:00-04:00,40.22,39.870000000000005,0.87,-0.52
2025-04-03 18:00:00-04:00,43.78,42.79,1.38,-0.39
2025-04-03 19:00:00-04:00,49.88,49.45,0.83,-0.4
2025-04-03 20:00:00-04:00,49.37,49.77,-0.0,-0.4
2025-04-03 21:00:00-04:00,41.07,41.28,-0.0,-0.21
2025-04-03 22:00:00-04:00,38.31,38.39,-0.0,-0.08
2025-04-03 23:00:00-04:00,35.4,35.44,-0.0,-0.04
2025-04-04 00:00:00-04:00,38.31,37.67,-0.0,0.64
2025-04-04 01:00:00-04:00,35.24,34.72,-0.0,0.52
2025-04-04 02:00:00-04:00,34.69,34.25,-0.0,0.44
2025-04-04 03:00:00-04:00,35.21,34.76,-0.0,0.45
2025-04-04 04:00:00-04:00,35.71,35.08,-0.0,0.63
2025-04-04 05:00:00-04:00,39.17,38.29,-0.0,0.88
2025-04-04 06:00:00-04:00,48.36,47.46,-0.0,0.9
2025-04-04 07:00:00-04:00,51.95,51.18,-0.0,0.77
2025-04-04 08:00:00-04:00,51.09,50.64,-0.0,0.45
2025-04-04 09:00:00-04:00,43.64,43.38,-0.0,0.26
2025-04-04 10:00:00-04:00,41.32,41.07,-0.0,0.25
2025-04-04 11:00:00-04:00,35.83,35.58,-0.0,0.25
2025-04-04 12:00:00-04:00,34.36,34.29,-0.0,0.07
2025-04-04 13:00:00-04:00,34.28,34.21,-0.0,0.07
2025-04-04 14:00:00-04:00,33.1,33.07,-0.0,0.03
2025-04-04 15:00:00-04:00,32.55,32.55,-0.0,0.0
2025-04-04 16:00:00-04:00,33.11,33.21,-0.0,-0.1
2025-04-04 17:00:00-04:00,37.27,37.38,-0.0,-0.11
2025-04-04 18:00:00-04:00,44.41,44.31999999999999,-0.0,0.09
2025-04-04 19:00:00-04:00,55.48,55.26,-0.0,0.22
2025-04-04 20:00:00-04:00,51.77,51.510000000000005,-0.0,0.26
2025-04-04 21:00:00-04:00,44.62,44.44,-0.0,0.18
2025-04-04 22:00:00-04:00,39.27,39.07,-0.0,0.2
2025-04-04 23:00:00-04:00,37.27,36.940000000000005,-0.0,0.33
2025-04-05 00:00:00-04:00,40.02,39.82,-0.0,0.2
2025-04-05 01:00:00-04:00,37.35,37.2,-0.0,0.15
2025-04-05 02:00:00-04:00,35.61,35.61,-0.0,0.0
2025-04-05 03:00:00-04:00,34.98,35.05,-0.0,-0.07
2025-04-05 04:00:00-04:00,36.67,36.74,-0.0,-0.07
2025-04-05 05:00:00-04:00,34.03,34.03,-0.0,0.0
2025-04-05 06:00:00-04:00,36.74,36.67,-0.0,0.07
2025-04-05 07:00:00-04:00,41.15,41.03,-0.0,0.12
2025-04-05 08:00:00-04:00,43.2,43.11,-0.0,0.09
2025-04-05 09:00:00-04:00,45.52,45.34,-0.0,0.18
2025-04-05 10:00:00-04:00,48.21,48.02,-0.0,0.19
2025-04-05 11:00:00-04:00,49.84,49.64,-0.0,0.2
2025-04-05 12:00:00-04:00,49.04,48.79,-0.0,0.25
2025-04-05 13:00:00-04:00,48.48,48.33,-0.0,0.15
2025-04-05 14:00:00-04:00,44.11,43.93,-0.0,0.18
2025-04-05 15:00:00-04:00,46.92,46.64,-0.0,0.28
2025-04-05 16:00:00-04:00,46.36,46.22,-0.0,0.14
2025-04-05 17:00:00-04:00,48.61,48.51,-0.0,0.1
2025-04-05 18:00:00-04:00,50.6,50.45,-0.0,0.15
2025-04-05 19:00:00-04:00,54.75,54.64,-0.0,0.11
2025-04-05 20:00:00-04:00,52.84,52.63,-0.0,0.21
2025-04-05 21:00:00-04:00,45.66,45.3,-0.0,0.36
2025-04-05 22:00:00-04:00,42.37,41.91,-0.0,0.46
2025-04-05 23:00:00-04:00,39.81,39.34,-0.0,0.47
2025-04-06 00:00:00-04:00,38.38,38.190000000000005,-0.0,0.19
2025-04-06 01:00:00-04:00,35.76,35.8,-0.0,-0.04
2025-04-06 02:00:00-04:00,35.87,35.87,-0.0,0.0
2025-04-06 03:00:00-04:00,34.8,34.97,-0.0,-0.17
2025-04-06 04:00:00-04:00,34.24,34.38,-0.0,-0.14
2025-04-06 05:00:00-04:00,33.11,32.98,-0.0,0.13
2025-04-06 06:00:00-04:00,34.51,34.239999999999995,-0.0,0.27
2025-04-06 07:00:00-04:00,36.0,35.61,-0.0,0.39
2025-04-06 08:00:00-04:00,38.91,38.489999999999995,-0.0,0.42
2025-04-06 09:00:00-04:00,40.05,39.61,-0.0,0.44
2025-04-06 10:00:00-04:00,43.5,43.11,-0.0,0.39
2025-04-06 11:00:00-04:00,40.98,40.779999999999994,-0.0,0.2
2025-04-06 12:00:00-04:00,39.24,38.89,-0.0,0.35
2025-04-06 13:00:00-04:00,35.52,35.27,-0.0,0.25
2025-04-06 14:00:00-04:00,34.82,34.68,-0.0,0.14
2025-04-06 15:00:00-04:00,35.69,35.51,-0.0,0.18
2025-04-06 16:00:00-04:00,36.87,36.76,-0.0,0.11
2025-04-06 17:00:00-04:00,45.25,44.89,-0.0,0.36
2025-04-06 18:00:00-04:00,51.56,51.1,-0.0,0.46
2025-04-06 19:00:00-04:00,59.35,58.53,-0.0,0.82
2025-04-06 20:00:00-04:00,58.6,57.9,-0.0,0.7
2025-04-06 21:00:00-04:00,51.05,50.4,-0.0,0.65
2025-04-06 22:00:00-04:00,46.66,45.83,-0.0,0.83
2025-04-06 23:00:00-04:00,41.59,40.77,-0.0,0.82
2025-04-07 00:00:00-04:00,46.86,46.21,-0.0,0.65
2025-04-07 01:00:00-04:00,42.53,41.99,-0.0,0.54
2025-04-07 02:00:00-04:00,41.73,41.11,-0.0,0.62
2025-04-07 03:00:00-04:00,40.4,39.879999999999995,-0.0,0.52
2025-04-07 04:00:00-04:00,41.91,41.33,-0.0,0.58
2025-04-07 05:00:00-04:00,46.72,46.16,-0.0,0.56
2025-04-07 06:00:00-04:00,58.6,57.85,-0.0,0.75
2025-04-07 07:00:00-04:00,66.2,65.54,-0.0,0.66
2025-04-07 08:00:00-04:00,60.74,60.260000000000005,-0.0,0.48
2025-04-07 09:00:00-04:00,58.6,58.6,-0.0,0.0
2025-04-07 10:00:00-04:00,56.19,56.36,-0.0,-0.17
2025-04-07 11:00:00-04:00,52.51,52.83,-0.0,-0.32
2025-04-07 12:00:00-04:00,50.11,50.26,-0.0,-0.15
2025-04-07 13:00:00-04:00,48.49,48.78,-0.0,-0.29
2025-04-07 14:00:00-04:00,49.18,49.43,-0.0,-0.25
2025-04-07 15:00:00-04:00,50.07,50.32,-0.0,-0.25
2025-04-07 16:00:00-04:00,50.74,51.15,-0.0,-0.41
2025-04-07 17:00:00-04:00,55.41,55.97,-0.0,-0.56
2025-04-07 18:00:00-04:00,60.86,61.23,-0.0,-0.37
2025-04-07 19:00:00-04:00,68.93,69.14,-0.0,-0.21
2025-04-07 20:00:00-04:00,61.49,61.8,-0.0,-0.31
2025-04-07 21:00:00-04:00,53.85,54.120000000000005,-0.0,-0.27
2025-04-07 22:00:00-04:00,46.05,46.279999999999994,-0.0,-0.23
2025-04-07 23:00:00-04:00,44.5,44.54,-0.0,-0.04
2025-04-08 00:00:00-04:00,47.46,47.6,-0.0,-0.14
2025-04-08 01:00:00-04:00,43.26,43.43,-0.0,-0.17
2025-04-08 02:00:00-04:00,41.44,41.52,-0.0,-0.08
2025-04-08 03:00:00-04:00,41.55,41.59,-0.0,-0.04
2025-04-08 04:00:00-04:00,41.96,41.92,-0.0,0.04
2025-04-08 05:00:00-04:00,44.46,44.33,-0.0,0.13
2025-04-08 06:00:00-04:00,58.89,58.37,-0.0,0.52
2025-04-08 07:00:00-04:00,66.19,65.73,-0.0,0.46
2025-04-08 08:00:00-04:00,63.57,60.14,3.13,0.3
2025-04-08 09:00:00-04:00,56.76,54.72,1.71,0.33
2025-04-08 10:00:00-04:00,53.11,52.42,0.53,0.16
2025-04-08 11:00:00-04:00,48.89,48.6,-0.0,0.29
2025-04-08 12:00:00-04:00,46.77,46.68,-0.0,0.09
2025-04-08 13:00:00-04:00,46.0,45.82,-0.0,0.18
2025-04-08 14:00:00-04:00,44.68,44.46,-0.0,0.22
2025-04-08 15:00:00-04:00,46.83,46.6,-0.0,0.23
2025-04-08 16:00:00-04:00,49.38,49.28,-0.0,0.1
2025-04-08 17:00:00-04:00,56.81,56.11,0.64,0.06
2025-04-08 18:00:00-04:00,66.07,63.84,2.1,0.13
2025-04-08 19:00:00-04:00,86.26,82.58,3.68,0.0
2025-04-08 20:00:00-04:00,81.25,80.68,-0.0,0.57
2025-04-08 21:00:00-04:00,62.98,62.54,-0.0,0.44
2025-04-08 22:00:00-04:00,56.43,56.15,-0.0,0.28
2025-04-08 23:00:00-04:00,50.26,49.809999999999995,-0.0,0.45
2025-04-09 00:00:00-04:00,50.99,51.09,-0.0,-0.1
2025-04-09 01:00:00-04:00,49.48,49.629999999999995,-0.0,-0.15
2025-04-09 02:00:00-04:00,47.69,47.83,-0.0,-0.14
2025-04-09 03:00:00-04:00,48.15,48.2,-0.0,-0.05
2025-04-09 04:00:00-04:00,49.5,49.6,-0.0,-0.1
2025-04-09 05:00:00-04:00,58.15,58.03,-0.0,0.12
2025-04-09 06:00:00-04:00,82.85,82.44,-0.0,0.41
2025-04-09 07:00:00-04:00,92.09,91.27,-0.0,0.82
2025-04-09 08:00:00-04:00,67.28,67.21000000000001,-0.0,0.07
2025-04-09 09:00:00-04:00,54.22,54.06,-0.0,0.16
2025-04-09 10:00:00-04:00,49.87,49.669999999999995,-0.0,0.2
2025-04-09 11:00:00-04:00,44.8,44.669999999999995,-0.0,0.13
2025-04-09 12:00:00-04:00,42.94,42.849999999999994,-0.0,0.09
2025-04-09 13:00:00-04:00,40.83,40.79,-0.0,0.04
2025-04-09 14:00:00-04:00,39.67,39.63,-0.0,0.04
2025-04-09 15:00:00-04:00,40.14,40.06,-0.0,0.08
2025-04-09 16:00:00-04:00,43.97,43.97,-0.0,0.0
2025-04-09 17:00:00-04:00,51.81,51.6,-0.0,0.21
2025-04-09 18:00:00-04:00,65.86,65.53,-0.0,0.33
2025-04-09 19:00:00-04:00,82.75,82.25,-0.0,0.5
2025-04-09 20:00:00-04:00,79.5,78.87,-0.0,0.63
2025-04-09 21:00:00-04:00,66.95,66.82000000000001,-0.0,0.13
2025-04-09 22:00:00-04:00,56.71,56.37,-0.0,0.34
2025-04-09 23:00:00-04:00,51.56,51.25,-0.0,0.31
2025-04-10 00:00:00-04:00,42.4,42.23,-0.0,0.17
2025-04-10 01:00:00-04:00,41.98,41.98,-0.0,0.0
2025-04-10 02:00:00-04:00,40.29,40.25,-0.0,0.04
2025-04-10 03:00:00-04:00,39.12,39.2,-0.0,-0.08
2025-04-10 04:00:00-04:00,40.4,40.44,-0.0,-0.04
2025-04-10 05:00:00-04:00,42.94,42.849999999999994,-0.0,0.09
2025-04-10 06:00:00-04:00,60.26,60.02,-0.0,0.24
2025-04-10 07:00:00-04:00,65.36,65.42999999999999,-0.0,-0.07
2025-04-10 08:00:00-04:00,53.14,53.09,-0.0,0.05
2025-04-10 09:00:00-04:00,44.58,44.58,-0.0,0.0
2025-04-10 10:00:00-04:00,42.81,42.72,-0.0,0.09
2025-04-10 11:00:00-04:00,40.85,40.77,-0.0,0.08
2025-04-10 12:00:00-04:00,41.15,40.99,-0.0,0.16
2025-04-10 13:00:00-04:00,42.33,42.03,-0.0,0.3
2025-04-10 14:00:00-04:00,41.89,41.72,-0.0,0.17
2025-04-10 15:00:00-04:00,42.78,42.57,-0.0,0.21
2025-04-10 16:00:00-04:00,44.23,44.01,-0.0,0.22
2025-04-10 17:00:00-04:00,49.4,49.2,-0.0,0.2
2025-04-10 18:00:00-04:00,55.31,55.2,-0.0,0.11
2025-04-10 19:00:00-04:00,63.64,63.45,-0.0,0.19
2025-04-10 20:00:00-04:00,59.55,59.25,-0.0,0.3
2025-04-10 21:00:00-04:00,51.45,51.35,-0.0,0.1
2025-04-10 22:00:00-04:00,43.75,43.71,-0.0,0.04
2025-04-10 23:00:00-04:00,41.79,41.75,-0.0,0.04
2025-04-11 00:00:00-04:00,41.06,41.1,-0.0,-0.04
2025-04-11 01:00:00-04:00,39.9,39.9,-0.0,0.0
2025-04-11 02:00:00-04:00,38.29,38.25,-0.0,0.04
2025-04-11 03:00:00-04:00,38.01,37.9,-0.0,0.11
2025-04-11 04:00:00-04:00,38.25,38.06,-0.0,0.19
2025-04-11 05:00:00-04:00,42.81,42.55,-0.0,0.26
2025-04-11 06:00:00-04:00,54.8,54.47,-0.0,0.33
2025-04-11 07:00:00-04:00,63.75,62.81,-0.0,0.94
2025-04-11 08:00:00-04:00,57.63,57.34,-0.0,0.29
2025-04-11 09:00:00-04:00,55.82,55.76,-0.0,0.06
2025-04-11 10:00:00-04:00,53.72,53.61,-0.0,0.11
2025-04-11 11:00:00-04:00,50.4,50.2,-0.0,0.2
2025-04-11 12:00:00-04:00,49.14,49.04,-0.0,0.1
2025-04-11 13:00:00-04:00,48.79,48.64,-0.0,0.15
2025-04-11 14:00:00-04:00,48.05,48.0,-0.0,0.05
2025-04-11 15:00:00-04:00,48.34,48.190000000000005,-0.0,0.15
2025-04-11 16:00:00-04:00,48.45,48.45,-0.0,0.0
2025-04-11 17:00:00-04:00,52.7,52.75,-0.0,-0.05
2025-04-11 18:00:00-04:00,56.63,56.29,-0.0,0.34
2025-04-11 19:00:00-04:00,61.95,61.46,-0.0,0.49
2025-04-11 20:00:00-04:00,58.34,57.88,-0.0,0.46
2025-04-11 21:00:00-04:00,52.8,52.849999999999994,-0.0,-0.05
2025-04-11 22:00:00-04:00,51.14,51.04,-0.0,0.1
2025-04-11 23:00:00-04:00,48.83,48.73,-0.0,0.1
2025-04-12 00:00:00-04:00,47.67,47.67,-0.0,0.0
2025-04-12 01:00:00-04:00,43.52,43.690000000000005,-0.0,-0.17
2025-04-12 02:00:00-04:00,42.35,42.48,-0.0,-0.13
2025-04-12 03:00:00-04:00,40.61,40.69,-0.0,-0.08
2025-04-12 04:00:00-04:00,39.76,39.919999999999995,-0.0,-0.16
2025-04-12 05:00:00-04:00,43.49,43.620000000000005,-0.0,-0.13
2025-04-12 06:00:00-04:00,50.01,50.11,-0.0,-0.1
2025-04-12 07:00:00-04:00,54.8,54.849999999999994,-0.0,-0.05
2025-04-12 08:00:00-04:00,56.62,56.68,-0.0,-0.06
2025-04-12 09:00:00-04:00,56.84,56.73,-0.0,0.11
2025-04-12 10:00:00-04:00,56.24,56.35,-0.0,-0.11
2025-04-12 11:00:00-04:00,56.23,56.29,-0.0,-0.06
2025-04-12 12:00:00-04:00,52.36,52.57,-0.0,-0.21
2025-04-12 13:00:00-04:00,50.67,50.82,-0.0,-0.15
2025-04-12 14:00:00-04:00,49.2,49.540000000000006,-0.0,-0.34
2025-04-12 15:00:00-04:00,49.33,49.53,-0.0,-0.2
2025-04-12 16:00:00-04:00,49.6,49.75,-0.0,-0.15
2025-04-12 17:00:00-04:00,52.65,52.809999999999995,-0.0,-0.16
2025-04-12 18:00:00-04:00,53.71,53.82,-0.0,-0.11
2025-04-12 19:00:00-04:00,57.02,56.790000000000006,-0.0,0.23
2025-04-12 20:00:00-04:00,58.04,57.81,-0.0,0.23
2025-04-12 21:00:00-04:00,52.81,52.86,-0.0,-0.05
2025-04-12 22:00:00-04:00,50.71,50.66,-0.0,0.05
2025-04-12 23:00:00-04:00,46.26,46.26,-0.0,0.0
2025-04-13 00:00:00-04:00,49.54,49.69,-0.0,-0.15
2025-04-13 01:00:00-04:00,47.72,47.82,-0.0,-0.1
2025-04-13 02:00:00-04:00,44.64,44.82,-0.0,-0.18
2025-04-13 03:00:00-04:00,43.89,44.11,-0.0,-0.22
2025-04-13 04:00:00-04:00,44.97,45.15,-0.0,-0.18
2025-04-13 05:00:00-04:00,44.73,44.95,-0.0,-0.22
2025-04-13 06:00:00-04:00,47.02,47.07,-0.0,-0.05
2025-04-13 07:00:00-04:00,50.07,50.02,-0.0,0.05
2025-04-13 08:00:00-04:00,50.42,50.57,-0.0,-0.15
2025-04-13 09:00:00-04:00,46.51,46.93,-0.0,-0.42
2025-04-13 10:00:00-04:00,44.68,45.22,-0.0,-0.54
2025-04-13 11:00:00-04:00,43.23,43.75,-0.0,-0.52
2025-04-13 12:00:00-04:00,41.01,41.26,-0.0,-0.25
2025-04-13 13:00:00-04:00,39.68,40.04,-0.0,-0.36
2025-04-13 14:00:00-04:00,39.13,39.45,-0.0,-0.32
2025-04-13 15:00:00-04:00,38.28,38.55,-0.0,-0.27
2025-04-13 16:00:00-04:00,41.36,41.4,-0.0,-0.04
2025-04-13 17:00:00-04:00,47.76,48.0,-0.0,-0.24
2025-04-13 18:00:00-04:00,52.65,52.86,-0.0,-0.21
2025-04-13 19:00:00-04:00,57.26,57.15,-0.0,0.11
2025-04-13 20:00:00-04:00,61.91,61.72,-0.0,0.19
2025-04-13 21:00:00-04:00,54.99,55.1,-0.0,-0.11
2025-04-13 22:00:00-04:00,47.37,47.559999999999995,-0.0,-0.19
2025-04-13 23:00:00-04:00,44.52,44.830000000000005,-0.0,-0.31
2025-04-14 00:00:00-04:00,40.46,40.66,-0.0,-0.2
2025-04-14 01:00:00-04:00,38.26,38.41,-0.0,-0.15
2025-04-14 02:00:00-04:00,38.25,38.44,-0.0,-0.19
2025-04-14 03:00:00-04:00,38.19,38.419999999999995,-0.0,-0.23
2025-04-14 04:00:00-04:00,40.12,40.32,-0.0,-0.2
2025-04-14 05:00:00-04:00,44.1,44.23,-0.0,-0.13
2025-04-14 06:00:00-04:00,56.29,56.4,-0.0,-0.11
2025-04-14 07:00:00-04:00,59.64,59.76,-0.0,-0.12
2025-04-14 08:00:00-04:00,49.08,49.48,-0.0,-0.4
2025-04-14 09:00:00-04:00,36.96,37.37,-0.0,-0.41
2025-04-14 10:00:00-04:00,34.81,35.13,-0.0,-0.32
2025-04-14 11:00:00-04:00,31.4,31.78,-0.0,-0.38
2025-04-14 12:00:00-04:00,30.76,31.23,-0.0,-0.47
2025-04-14 13:00:00-04:00,31.33,31.74,-0.0,-0.41
2025-04-14 14:00:00-04:00,31.78,32.2,-0.0,-0.42
2025-04-14 15:00:00-04:00,33.88,34.220000000000006,-0.0,-0.34
2025-04-14 16:00:00-04:00,36.87,37.32,-0.0,-0.45
2025-04-14 17:00:00-04:00,44.4,44.99,-0.0,-0.59
2025-04-14 18:00:00-04:00,54.28,55.05,-0.0,-0.77
2025-04-14 19:00:00-04:00,57.44,57.35,0.72,-0.63
2025-04-14 20:00:00-04:00,56.72,56.7,0.64,-0.62
2025-04-14 21:00:00-04:00,51.39,52.18000000000001,0.05,-0.84
2025-04-14 22:00:00-04:00,40.29,41.03,-0.0,-0.74
2025-04-14 23:00:00-04:00,35.93,36.52,-0.0,-0.59
2025-04-15 00:00:00-04:00,32.5,33.06,-0.0,-0.56
2025-04-15 01:00:00-04:00,31.89,32.34,-0.0,-0.45
2025-04-15 02:00:00-04:00,31.96,32.480000000000004,-0.0,-0.52
2025-04-15 03:00:00-04:00,31.52,32.07,-0.0,-0.55
2025-04-15 04:00:00-04:00,33.04,33.54,-0.0,-0.5
2025-04-15 05:00:00-04:00,35.74,36.21,-0.0,-0.47
2025-04-15 06:00:00-04:00,47.0,47.52,-0.0,-0.52
2025-04-15 07:00:00-04:00,52.17,52.96,-0.0,-0.79
2025-04-15 08:00:00-04:00,45.55,45.52,0.94,-0.91
2025-04-15 09:00:00-04:00,39.11,39.67,-0.0,-0.56
2025-04-15 10:00:00-04:00,36.79,37.31,-0.0,-0.52
2025-04-15 11:00:00-04:00,33.16,33.599999999999994,-0.0,-0.44
2025-04-15 12:00:00-04:00,32.25,32.71,-0.0,-0.46
2025-04-15 13:00:00-04:00,30.98,31.35,-0.0,-0.37
2025-04-15 14:00:00-04:00,30.49,30.889999999999997,-0.0,-0.4
2025-04-15 15:00:00-04:00,32.78,33.08,-0.0,-0.3
2025-04-15 16:00:00-04:00,36.56,36.93,-0.0,-0.37
2025-04-15 17:00:00-04:00,39.89,40.5,-0.0,-0.61
2025-04-15 18:00:00-04:00,45.35,45.21,0.82,-0.68
2025-04-15 19:00:00-04:00,54.51,54.95,0.33,-0.77
2025-04-15 20:00:00-04:00,49.91,48.57,1.97,-0.63
2025-04-15 21:00:00-04:00,44.29,44.23,0.64,-0.58
2025-04-15 22:00:00-04:00,38.5,38.93,-0.0,-0.43
2025-04-15 23:00:00-04:00,34.97,35.39,-0.0,-0.42
2025-04-16 00:00:00-04:00,31.01,31.3,0.21,-0.5
2025-04-16 01:00:00-04:00,30.73,30.77,0.45,-0.49
2025-04-16 02:00:00-04:00,30.97,31.38,-0.0,-0.41
2025-04-16 03:00:00-04:00,30.37,30.73,0.01,-0.37
2025-04-16 04:00:00-04:00,31.96,32.38,0.03,-0.45
2025-04-16 05:00:00-04:00,35.91,36.27,-0.0,-0.36
2025-04-16 06:00:00-04:00,46.07,46.39,-0.0,-0.32
2025-04-16 07:00:00-04:00,52.42,52.73,-0.0,-0.31
2025-04-16 08:00:00-04:00,43.49,43.49,-0.0,0.0
2025-04-16 09:00:00-04:00,38.92,39.0,-0.0,-0.08
2025-04-16 10:00:00-04:00,35.6,35.64,-0.0,-0.04
2025-04-16 11:00:00-04:00,32.35,32.480000000000004,-0.0,-0.13
2025-04-16 12:00:00-04:00,30.83,31.01,-0.0,-0.18
2025-04-16 13:00:00-04:00,30.5,30.75,-0.0,-0.25
2025-04-16 14:00:00-04:00,30.56,30.84,-0.0,-0.28
2025-04-16 15:00:00-04:00,31.77,31.99,-0.0,-0.22
2025-04-16 16:00:00-04:00,34.0,34.28,-0.0,-0.28
2025-04-16 17:00:00-04:00,39.77,40.13,-0.0,-0.36
2025-04-16 18:00:00-04:00,45.83,46.25,-0.0,-0.42
2025-04-16 19:00:00-04:00,56.09,56.260000000000005,-0.0,-0.17
2025-04-16 20:00:00-04:00,56.03,56.03,-0.0,0.0
2025-04-16 21:00:00-04:00,48.24,48.190000000000005,-0.0,0.05
2025-04-16 22:00:00-04:00,41.51,41.68,-0.0,-0.17
2025-04-16 23:00:00-04:00,38.7,38.620000000000005,-0.0,0.08
2025-04-17 00:00:00-04:00,33.9,33.699999999999996,-0.0,0.2
2025-04-17 01:00:00-04:00,32.34,32.21,-0.0,0.13
2025-04-17 02:00:00-04:00,32.68,32.45,-0.0,0.23
2025-04-17 03:00:00-04:00,32.44,32.25,-0.0,0.19
2025-04-17 04:00:00-04:00,33.21,32.95,-0.0,0.26
2025-04-17 05:00:00-04:00,38.83,38.45,-0.0,0.38
2025-04-17 06:00:00-04:00,54.36,53.66,-0.0,0.7
2025-04-17 07:00:00-04:00,55.94,55.5,-0.0,0.44
2025-04-17 08:00:00-04:00,42.14,41.89,-0.0,0.25
2025-04-17 09:00:00-04:00,28.98,28.98,-0.0,0.0
2025-04-17 10:00:00-04:00,25.87,25.97,-0.0,-0.1
2025-04-17 11:00:00-04:00,23.75,23.8,-0.0,-0.05
2025-04-17 12:00:00-04:00,23.31,23.38,-0.0,-0.07
2025-04-17 13:00:00-04:00,22.82,22.82,-0.0,0.0
2025-04-17 14:00:00-04:00,22.07,22.09,-0.0,-0.02
2025-04-17 15:00:00-04:00,22.84,22.91,-0.0,-0.07
2025-04-17 16:00:00-04:00,23.91,24.1,-0.0,-0.19
2025-04-17 17:00:00-04:00,30.4,30.68,-0.0,-0.28
2025-04-17 18:00:00-04:00,42.12,42.2,-0.0,-0.08
2025-04-17 19:00:00-04:00,52.53,52.42,-0.0,0.11
2025-04-17 20:00:00-04:00,53.27,53.11000000000001,-0.0,0.16
2025-04-17 21:00:00-04:00,45.39,45.3,-0.0,0.09
2025-04-17 22:00:00-04:00,38.85,38.81,-0.0,0.04
2025-04-17 23:00:00-04:00,35.54,35.43,-0.0,0.11
2025-04-18 00:00:00-04:00,31.58,31.9,-0.0,-0.32
2025-04-18 01:00:00-04:00,28.99,29.34,-0.0,-0.35
2025-04-18 02:00:00-04:00,27.54,27.9,-0.0,-0.36
2025-04-18 03:00:00-04:00,27.36,27.78,-0.0,-0.42
2025-04-18 04:00:00-04:00,28.74,29.15,-0.0,-0.41
2025-04-18 05:00:00-04:00,32.97,33.37,-0.0,-0.4
2025-04-18 06:00:00-04:00,41.98,42.529999999999994,-0.0,-0.55
2025-04-18 07:00:00-04:00,43.65,44.309999999999995,-0.0,-0.66
2025-04-18 08:00:00-04:00,37.57,38.14,-0.0,-0.57
2025-04-18 09:00:00-04:00,27.35,27.74,0.11,-0.5
2025-04-18 10:00:00-04:00,25.7,26.09,-0.0,-0.39
2025-04-18 11:00:00-04:00,24.17,24.49,-0.0,-0.32
2025-04-18 12:00:00-04:00,23.22,23.53,-0.0,-0.31
2025-04-18 13:00:00-04:00,23.37,23.73,-0.0,-0.36
2025-04-18 14:00:00-04:00,23.53,23.82,0.14,-0.43
2025-04-18 15:00:00-04:00,21.39,20.700000000000003,1.04,-0.35
2025-04-18 16:00:00-04:00,21.4,20.22,1.52,-0.34
2025-04-18 17:00:00-04:00,24.54,22.88,2.05,-0.39
2025-04-18 18:00:00-04:00,34.35,33.65,1.2,-0.5
2025-04-18 19:00:00-04:00,38.35,37.370000000000005,1.43,-0.45
2025-04-18 20:00:00-04:00,38.13,37.0,1.57,-0.44
2025-04-18 21:00:00-04:00,34.14,33.5,1.08,-0.44
2025-04-18 22:00:00-04:00,29.74,28.979999999999997,1.17,-0.41
2025-04-18 23:00:00-04:00,30.14,30.48,0.09,-0.43
2025-04-19 00:00:00-04:00,23.23,22.73,0.86,-0.36
2025-04-19 01:00:00-04:00,21.31,20.78,0.88,-0.35
2025-04-19 02:00:00-04:00,20.77,20.58,0.58,-0.39
2025-04-19 03:00:00-04:00,19.45,19.09,0.72,-0.36
2025-04-19 04:00:00-04:00,21.49,21.66,0.22,-0.39
2025-04-19 05:00:00-04:00,25.24,25.589999999999996,0.01,-0.36
2025-04-19 06:00:00-04:00,23.82,23.5,0.7,-0.38
2025-04-19 07:00:00-04:00,27.55,27.8,0.17,-0.42
2025-04-19 08:00:00-04:00,28.33,28.7,-0.0,-0.37
2025-04-19 09:00:00-04:00,26.72,26.84,0.34,-0.46
2025-04-19 10:00:00-04:00,25.74,25.73,0.45,-0.44
2025-04-19 11:00:00-04:00,25.73,26.05,0.1,-0.42
2025-04-19 12:00:00-04:00,25.64,25.98,0.02,-0.36
2025-04-19 13:00:00-04:00,25.16,25.49,-0.0,-0.33
2025-04-19 14:00:00-04:00,25.29,25.619999999999997,-0.0,-0.33
2025-04-19 15:00:00-04:00,26.96,27.34,-0.0,-0.38
2025-04-19 16:00:00-04:00,28.57,28.97,0.03,-0.43
2025-04-19 17:00:00-04:00,35.05,35.55,0.07,-0.57
2025-04-19 18:00:00-04:00,35.94,35.89,0.66,-0.61
2025-04-19 19:00:00-04:00,37.71,36.86,1.4,-0.55
2025-04-19 20:00:00-04:00,39.72,39.48,0.83,-0.59
2025-04-19 21:00:00-04:00,35.17,35.52,0.04,-0.39
2025-04-19 22:00:00-04:00,31.53,31.880000000000003,-0.0,-0.35
2025-04-19 23:00:00-04:00,29.11,29.4,-0.0,-0.29
2025-04-20 00:00:00-04:00,26.99,26.99,0.43,-0.43
2025-04-20 01:00:00-04:00,26.78,27.08,-0.0,-0.3
2025-04-20 02:00:00-04:00,24.89,25.19,-0.0,-0.3
2025-04-20 03:00:00-04:00,23.98,24.22,-0.0,-0.24
2025-04-20 04:00:00-04:00,22.73,23.01,-0.0,-0.28
2025-04-20 05:00:00-04:00,24.57,24.74,-0.0,-0.17
2025-04-20 06:00:00-04:00,28.65,28.88,-0.0,-0.23
2025-04-20 07:00:00-04:00,27.77,27.91,-0.0,-0.14
2025-04-20 08:00:00-04:00,24.9,25.049999999999997,-0.0,-0.15
2025-04-20 09:00:00-04:00,20.6,20.81,-0.0,-0.21
2025-04-20 10:00:00-04:00,19.55,19.69,-0.0,-0.14
2025-04-20 11:00:00-04:00,17.72,17.88,-0.0,-0.16
2025-04-20 12:00:00-04:00,16.88,17.029999999999998,-0.0,-0.15
2025-04-20 13:00:00-04:00,17.03,17.18,-0.0,-0.15
2025-04-20 14:00:00-04:00,16.32,16.47,-0.0,-0.15
2025-04-20 15:00:00-04:00,17.45,17.64,-0.0,-0.19
2025-04-20 16:00:00-04:00,19.32,19.57,-0.0,-0.25
2025-04-20 17:00:00-04:00,27.49,27.91,-0.0,-0.42
2025-04-20 18:00:00-04:00,34.77,35.300000000000004,-0.0,-0.53
2025-04-20 19:00:00-04:00,42.13,42.77,-0.0,-0.64
2025-04-20 20:00:00-04:00,41.36,42.08,-0.0,-0.72
2025-04-20 21:00:00-04:00,35.47,36.05,-0.0,-0.58
2025-04-20 22:00:00-04:00,33.47,33.87,-0.0,-0.4
2025-04-20 23:00:00-04:00,29.8,30.07,-0.0,-0.27
2025-04-21 00:00:00-04:00,27.64,28.18,-0.0,-0.54
2025-04-21 01:00:00-04:00,26.27,26.75,-0.0,-0.48
2025-04-21 02:00:00-04:00,24.8,25.28,-0.0,-0.48
2025-04-21 03:00:00-04:00,23.64,24.12,-0.0,-0.48
2025-04-21 04:00:00-04:00,24.48,24.95,-0.0,-0.47
2025-04-21 05:00:00-04:00,27.2,27.75,-0.0,-0.55
2025-04-21 06:00:00-04:00,31.77,32.39,-0.0,-0.62
2025-04-21 07:00:00-04:00,35.87,36.379999999999995,0.18,-0.69
2025-04-21 08:00:00-04:00,33.52,34.17,-0.0,-0.65
2025-04-21 09:00:00-04:00,30.85,31.41,-0.0,-0.56
2025-04-21 10:00:00-04:00,29.79,30.4,-0.0,-0.61
2025-04-21 11:00:00-04:00,29.2,29.77,-0.0,-0.57
2025-04-21 12:00:00-04:00,27.77,28.74,-0.22,-0.75
2025-04-21 13:00:00-04:00,27.21,27.92,-0.01,-0.7
2025-04-21 14:00:00-04:00,27.84,28.52,-0.0,-0.68
2025-04-21 15:00:00-04:00,31.1,32.67,-0.82,-0.75
2025-04-21 16:00:00-04:00,33.54,35.839999999999996,-1.55,-0.75
2025-04-21 17:00:00-04:00,36.1,36.2,0.59,-0.69
2025-04-21 18:00:00-04:00,37.08,36.459999999999994,1.28,-0.66
2025-04-21 19:00:00-04:00,41.81,42.34,0.1,-0.63
2025-04-21 20:00:00-04:00,37.07,35.83,1.88,-0.64
2025-04-21 21:00:00-04:00,34.48,34.60999999999999,0.53,-0.66
2025-04-21 22:00:00-04:00,27.47,27.299999999999997,0.8,-0.63
2025-04-21 23:00:00-04:00,22.39,21.23,1.61,-0.45
2025-04-22 00:00:00-04:00,18.46,16.32,2.38,-0.24
2025-04-22 01:00:00-04:00,15.93,13.32,2.81,-0.2
2025-04-22 02:00:00-04:00,15.91,13.63,2.47,-0.19
2025-04-22 03:00:00-04:00,13.81,11.260000000000002,2.71,-0.16
2025-04-22 04:00:00-04:00,17.74,15.969999999999995,1.99,-0.22
2025-04-22 05:00:00-04:00,21.78,20.22,1.86,-0.3
2025-04-22 06:00:00-04:00,26.13,23.29,3.17,-0.33
2025-04-22 07:00:00-04:00,36.84,36.88000000000001,0.55,-0.59
2025-04-22 08:00:00-04:00,33.35,33.75,-0.0,-0.4
2025-04-22 09:00:00-04:00,28.33,28.76,-0.0,-0.43
2025-04-22 10:00:00-04:00,28.44,28.96,-0.0,-0.52
2025-04-22 11:00:00-04:00,27.07,27.54,-0.0,-0.47
2025-04-22 12:00:00-04:00,25.81,26.22,0.09,-0.5
2025-04-22 13:00:00-04:00,26.68,27.200000000000003,0.08,-0.6
2025-04-22 14:00:00-04:00,25.68,25.84,0.38,-0.54
2025-04-22 15:00:00-04:00,26.33,26.449999999999996,0.44,-0.56
2025-04-22 16:00:00-04:00,29.81,29.429999999999996,0.94,-0.56
2025-04-22 17:00:00-04:00,35.25,35.37,0.52,-0.64
2025-04-22 18:00:00-04:00,41.48,41.98,-0.0,-0.5
2025-04-22 19:00:00-04:00,46.57,46.9,-0.0,-0.33
2025-04-22 20:00:00-04:00,49.08,49.33,-0.0,-0.25
2025-04-22 21:00:00-04:00,39.24,39.36,-0.0,-0.12
2025-04-22 22:00:00-04:00,33.57,33.6,-0.0,-0.03
2025-04-22 23:00:00-04:00,31.01,31.23,-0.0,-0.22
2025-04-23 00:00:00-04:00,26.09,26.22,-0.0,-0.13
2025-04-23 01:00:00-04:00,25.74,25.69,-0.0,0.05
2025-04-23 02:00:00-04:00,24.11,24.18,-0.0,-0.07
2025-04-23 03:00:00-04:00,24.9,24.92,-0.0,-0.02
2025-04-23 04:00:00-04:00,26.02,26.02,-0.0,0.0
2025-04-23 05:00:00-04:00,30.03,30.0,-0.0,0.03
2025-04-23 06:00:00-04:00,39.38,39.34,-0.0,0.04
2025-04-23 07:00:00-04:00,39.71,39.67,-0.0,0.04
2025-04-23 08:00:00-04:00,32.25,32.31,-0.0,-0.06
2025-04-23 09:00:00-04:00,26.93,27.04,-0.0,-0.11
2025-04-23 10:00:00-04:00,24.87,25.02,-0.0,-0.15
2025-04-23 11:00:00-04:00,22.85,23.01,-0.0,-0.16
2025-04-23 12:00:00-04:00,22.13,22.28,-0.0,-0.15
2025-04-23 13:00:00-04:00,22.42,22.6,-0.0,-0.18
2025-04-23 14:00:00-04:00,22.35,22.55,-0.0,-0.2
2025-04-23 15:00:00-04:00,24.48,24.7,-0.0,-0.22
2025-04-23 16:00:00-04:00,27.7,28.09,-0.0,-0.39
2025-04-23 17:00:00-04:00,33.43,33.66,-0.0,-0.23
2025-04-23 18:00:00-04:00,39.33,39.61,-0.0,-0.28
2025-04-23 19:00:00-04:00,44.58,44.58,-0.0,0.0
2025-04-23 20:00:00-04:00,44.78,45.05,-0.0,-0.27
2025-04-23 21:00:00-04:00,36.79,36.72,-0.0,0.07
2025-04-23 22:00:00-04:00,32.75,32.72,-0.0,0.03
2025-04-23 23:00:00-04:00,29.44,29.41,-0.0,0.03
2025-04-24 00:00:00-04:00,25.82,26.05,-0.0,-0.23
2025-04-24 01:00:00-04:00,24.3,24.55,-0.0,-0.25
2025-04-24 02:00:00-04:00,22.28,22.39,-0.0,-0.11
2025-04-24 03:00:00-04:00,21.86,22.01,-0.0,-0.15
2025-04-24 04:00:00-04:00,20.7,20.84,-0.0,-0.14
2025-04-24 05:00:00-04:00,26.96,26.91,-0.0,0.05
2025-04-24 06:00:00-04:00,32.94,32.91,-0.0,0.03
2025-04-24 07:00:00-04:00,37.5,37.35,-0.0,0.15
2025-04-24 08:00:00-04:00,31.81,31.78,-0.0,0.03
2025-04-24 09:00:00-04:00,25.66,25.87,-0.0,-0.21
2025-04-24 10:00:00-04:00,24.88,25.0,-0.0,-0.12
2025-04-24 11:00:00-04:00,23.6,23.74,-0.0,-0.14
2025-04-24 12:00:00-04:00,23.93,24.12,-0.0,-0.19
2025-04-24 13:00:00-04:00,24.45,24.67,-0.0,-0.22
2025-04-24 14:00:00-04:00,24.9,25.1,-0.0,-0.2
2025-04-24 15:00:00-04:00,27.42,27.64,-0.0,-0.22
2025-04-24 16:00:00-04:00,30.34,30.59,-0.0,-0.25
2025-04-24 17:00:00-04:00,35.53,35.89,-0.0,-0.36
2025-04-24 18:00:00-04:00,42.13,42.34,-0.0,-0.21
2025-04-24 19:00:00-04:00,47.58,47.68,-0.0,-0.1
2025-04-24 20:00:00-04:00,44.93,45.06,-0.0,-0.13
2025-04-24 21:00:00-04:00,37.95,37.84,-0.0,0.11
2025-04-24 22:00:00-04:00,32.2,32.230000000000004,-0.0,-0.03
2025-04-24 23:00:00-04:00,29.49,29.4,-0.0,0.09
2025-04-25 00:00:00-04:00,25.84,26.15,-0.0,-0.31
2025-04-25 01:00:00-04:00,24.17,24.51,-0.0,-0.34
2025-04-25 02:00:00-04:00,22.9,23.229999999999997,-0.0,-0.33
2025-04-25 03:00:00-04:00,23.21,23.44,-0.0,-0.23
2025-04-25 04:00:00-04:00,24.43,24.75,-0.0,-0.32
2025-04-25 05:00:00-04:00,27.2,27.45,-0.0,-0.25
2025-04-25 06:00:00-04:00,33.47,33.87,-0.0,-0.4
2025-04-25 07:00:00-04:00,38.06,38.25,-0.0,-0.19
2025-04-25 08:00:00-04:00,30.94,31.09,-0.0,-0.15
2025-04-25 09:00:00-04:00,27.87,28.15,-0.0,-0.28
2025-04-25 10:00:00-04:00,26.24,26.479999999999997,-0.0,-0.24
2025-04-25 11:00:00-04:00,26.13,26.369999999999997,-0.0,-0.24
2025-04-25 12:00:00-04:00,26.62,26.97,-0.0,-0.35
2025-04-25 13:00:00-04:00,27.53,27.78,-0.0,-0.25
2025-04-25 14:00:00-04:00,28.57,28.95,-0.0,-0.38
2025-04-25 15:00:00-04:00,30.26,30.69,-0.0,-0.43
2025-04-25 16:00:00-04:00,33.86,34.269999999999996,-0.0,-0.41
2025-04-25 17:00:00-04:00,38.56,39.11,-0.0,-0.55
2025-04-25 18:00:00-04:00,42.25,42.63,-0.0,-0.38
2025-04-25 19:00:00-04:00,44.71,45.16,-0.0,-0.45
2025-04-25 20:00:00-04:00,41.85,42.23,-0.0,-0.38
2025-04-25 21:00:00-04:00,34.61,34.89,-0.0,-0.28
2025-04-25 22:00:00-04:00,32.04,32.26,-0.0,-0.22
2025-04-25 23:00:00-04:00,28.11,28.22,-0.0,-0.11
2025-04-26 00:00:00-04:00,28.58,28.959999999999997,-0.0,-0.38
2025-04-26 01:00:00-04:00,25.26,25.44,0.2,-0.38
2025-04-26 02:00:00-04:00,23.91,24.1,0.17,-0.36
2025-04-26 03:00:00-04:00,21.92,21.820000000000004,0.38,-0.28
2025-04-26 04:00:00-04:00,22.54,22.42,0.43,-0.31
2025-04-26 05:00:00-04:00,22.72,22.68,0.38,-0.34
2025-04-26 06:00:00-04:00,21.8,21.1,0.97,-0.27
2025-04-26 07:00:00-04:00,26.22,26.51,0.16,-0.45
2025-04-26 08:00:00-04:00,30.66,31.22,-0.0,-0.56
2025-04-26 09:00:00-04:00,30.03,29.8,0.95,-0.72
2025-04-26 10:00:00-04:00,29.56,29.53,0.77,-0.74
2025-04-26 11:00:00-04:00,27.48,26.73,1.39,-0.64
2025-04-26 12:00:00-04:00,26.7,26.01,1.31,-0.62
2025-04-26 13:00:00-04:00,24.36,23.11,1.78,-0.53
2025-04-26 14:00:00-04:00,23.62,22.44,1.7,-0.52
2025-04-26 15:00:00-04:00,21.78,19.71,2.5,-0.43
2025-04-26 16:00:00-04:00,20.69,18.04,3.01,-0.36
2025-04-26 17:00:00-04:00,26.43,23.85,3.06,-0.48
2025-04-26 18:00:00-04:00,26.48,24.02,2.89,-0.43
2025-04-26 19:00:00-04:00,32.07,30.58,1.95,-0.46
2025-04-26 20:00:00-04:00,31.95,29.96,2.35,-0.36
2025-04-26 21:00:00-04:00,32.26,32.38,0.3,-0.42
2025-04-26 22:00:00-04:00,28.18,27.93,0.61,-0.36
2025-04-26 23:00:00-04:00,23.04,22.179999999999996,1.1,-0.24
2025-04-27 00:00:00-04:00,14.17,11.3,2.98,-0.11
2025-04-27 01:00:00-04:00,15.31,13.21,2.26,-0.16
2025-04-27 02:00:00-04:00,15.2,13.4,1.97,-0.17
2025-04-27 03:00:00-04:00,15.3,13.36,2.14,-0.2
2025-04-27 04:00:00-04:00,16.12,14.54,1.81,-0.23
2025-04-27 05:00:00-04:00,20.07,19.38,1.0,-0.31
2025-04-27 06:00:00-04:00,19.14,17.77,1.6,-0.23
2025-04-27 07:00:00-04:00,22.3,21.97,0.59,-0.26
2025-04-27 08:00:00-04:00,19.99,19.03,1.21,-0.25
2025-04-27 09:00:00-04:00,18.82,17.16,1.9,-0.24
2025-04-27 10:00:00-04:00,18.79,17.080000000000002,1.97,-0.26
2025-04-27 11:00:00-04:00,16.16,14.029999999999998,2.37,-0.24
2025-04-27 12:00:00-04:00,16.08,14.05,2.26,-0.23
2025-04-27 13:00:00-04:00,18.78,17.540000000000003,1.54,-0.3
2025-04-27 14:00:00-04:00,16.01,13.98,2.27,-0.24
2025-04-27 15:00:00-04:00,15.96,13.92,2.28,-0.24
2025-04-27 16:00:00-04:00,20.67,19.91,1.12,-0.36
2025-04-27 17:00:00-04:00,23.07,22.31,1.21,-0.45
2025-04-27 18:00:00-04:00,28.81,28.92,0.5,-0.61
2025-04-27 19:00:00-04:00,38.6,39.08,0.03,-0.51
2025-04-27 20:00:00-04:00,43.12,43.559999999999995,-0.0,-0.44
2025-04-27 21:00:00-04:00,31.87,32.09,-0.0,-0.22
2025-04-27 22:00:00-04:00,28.55,28.78,-0.0,-0.23
2025-04-27 23:00:00-04:00,26.45,26.69,-0.0,-0.24
2025-04-28 00:00:00-04:00,29.45,29.57,-0.0,-0.12
2025-04-28 01:00:00-04:00,26.24,26.27,-0.0,-0.03
2025-04-28 02:00:00-04:00,24.98,25.13,-0.0,-0.15
2025-04-28 03:00:00-04:00,24.89,25.06,-0.0,-0.17
2025-04-28 04:00:00-04:00,25.2,25.38,-0.0,-0.18
2025-04-28 05:00:00-04:00,28.16,28.22,-0.0,-0.06
2025-04-28 06:00:00-04:00,36.86,36.97,-0.0,-0.11
2025-04-28 07:00:00-04:00,38.08,38.43,-0.0,-0.35
2025-04-28 08:00:00-04:00,32.7,32.800000000000004,-0.0,-0.1
2025-04-28 09:00:00-04:00,27.22,27.47,-0.0,-0.25
2025-04-28 10:00:00-04:00,23.96,24.2,-0.0,-0.24
2025-04-28 11:00:00-04:00,22.71,23.01,-0.0,-0.3
2025-04-28 12:00:00-04:00,22.48,22.85,-0.0,-0.37
2025-04-28 13:00:00-04:00,23.31,23.66,-0.0,-0.35
2025-04-28 14:00:00-04:00,23.07,23.49,-0.0,-0.42
2025-04-28 15:00:00-04:00,23.9,24.389999999999997,-0.0,-0.49
2025-04-28 16:00:00-04:00,27.53,28.15,-0.0,-0.62
2025-04-28 17:00:00-04:00,31.98,32.77,-0.0,-0.79
2025-04-28 18:00:00-04:00,38.98,39.82,-0.0,-0.84
2025-04-28 19:00:00-04:00,45.94,46.73,-0.0,-0.79
2025-04-28 20:00:00-04:00,45.76,46.65,-0.0,-0.89
2025-04-28 21:00:00-04:00,35.34,35.88,-0.0,-0.54
2025-04-28 22:00:00-04:00,27.42,27.950000000000003,-0.0,-0.53
2025-04-28 23:00:00-04:00,22.75,22.73,0.45,-0.43
2025-04-29 00:00:00-04:00,18.87,17.400000000000002,1.68,-0.21
2025-04-29 01:00:00-04:00,12.04,9.409999999999998,2.75,-0.12
2025-04-29 02:00:00-04:00,13.18,11.06,2.25,-0.13
2025-04-29 03:00:00-04:00,10.76,8.17,2.67,-0.08
2025-04-29 04:00:00-04:00,10.64,7.85,2.87,-0.08
2025-04-29 05:00:00-04:00,16.27,14.179999999999998,2.22,-0.13
2025-04-29 06:00:00-04:00,19.85,16.130000000000003,3.82,-0.1
2025-04-29 07:00:00-04:00,19.97,16.25,3.88,-0.16
2025-04-29 08:00:00-04:00,19.59,17.48,2.32,-0.21
2025-04-29 09:00:00-04:00,18.73,17.580000000000002,1.38,-0.23
2025-04-29 10:00:00-04:00,19.18,18.31,1.16,-0.29
2025-04-29 11:00:00-04:00,19.3,18.64,0.96,-0.3
2025-04-29 12:00:00-04:00,19.73,18.840000000000003,1.15,-0.26
2025-04-29 13:00:00-04:00,22.15,21.72,0.73,-0.3
2025-04-29 14:00:00-04:00,25.98,25.95,0.42,-0.39
2025-04-29 15:00:00-04:00,28.54,29.0,0.06,-0.52
2025-04-29 16:00:00-04:00,26.72,25.74,1.47,-0.49
2025-04-29 17:00:00-04:00,29.99,28.049999999999997,2.42,-0.48
2025-04-29 18:00:00-04:00,32.52,29.850000000000005,3.09,-0.42
2025-04-29 19:00:00-04:00,35.87,32.05,4.27,-0.45
2025-04-29 20:00:00-04:00,36.3,32.89,3.8,-0.39
2025-04-29 21:00:00-04:00,30.82,28.83,2.31,-0.32
2025-04-29 22:00:00-04:00,26.72,25.42,1.6,-0.3
2025-04-29 23:00:00-04:00,20.6,18.32,2.39,-0.11
2025-04-30 00:00:00-04:00,21.1,19.520000000000003,1.7,-0.12
2025-04-30 01:00:00-04:00,19.63,18.209999999999997,1.53,-0.11
2025-04-30 02:00:00-04:00,19.6,18.5,1.21,-0.11
2025-04-30 03:00:00-04:00,19.81,18.99,0.95,-0.13
2025-04-30 04:00:00-04:00,24.86,24.96,-0.0,-0.1
2025-04-30 05:00:00-04:00,28.78,28.75,-0.0,0.03
2025-04-30 06:00:00-04:00,38.19,38.46,-0.0,-0.27
2025-04-30 07:00:00-04:00,42.26,42.18,-0.0,0.08
2025-04-30 08:00:00-04:00,35.05,35.089999999999996,-0.0,-0.04
2025-04-30 09:00:00-04:00,30.17,30.200000000000003,-0.0,-0.03
2025-04-30 10:00:00-04:00,28.43,28.49,-0.0,-0.06
2025-04-30 11:00:00-04:00,27.05,27.21,-0.0,-0.16
2025-04-30 12:00:00-04:00,26.42,26.55,-0.0,-0.13
2025-04-30 13:00:00-04:00,25.72,25.93,-0.0,-0.21
2025-04-30 14:00:00-04:00,25.93,26.19,-0.0,-0.26
2025-04-30 15:00:00-04:00,27.26,27.59,-0.0,-0.33
2025-04-30 16:00:00-04:00,29.75,30.2,-0.0,-0.45
2025-04-30 17:00:00-04:00,39.53,40.13,-0.0,-0.6
2025-04-30 18:00:00-04:00,46.51,47.07,-0.0,-0.56
2025-04-30 19:00:00-04:00,51.71,52.02,-0.0,-0.31
2025-04-30 20:00:00-04:00,52.31,52.620000000000005,-0.0,-0.31
2025-04-30 21:00:00-04:00,42.39,42.56,-0.0,-0.17
2025-04-30 22:00:00-04:00,35.98,36.019999999999996,-0.0,-0.04
2025-04-30 23:00:00-04:00,31.43,31.43,-0.0,0.0
2025-05-01 00:00:00-04:00,35.04,34.449999999999996,-0.0,0.59
2025-05-01 01:00:00-04:00,28.69,28.6,-0.0,0.09
2025-05-01 02:00:00-04:00,27.49,27.38,-0.0,0.11
2025-05-01 03:00:00-04:00,26.98,26.93,-0.0,0.05
2025-05-01 04:00:00-04:00,28.55,28.46,-0.0,0.09
2025-05-01 05:00:00-04:00,33.76,33.62,-0.0,0.14
2025-05-01 06:00:00-04:00,42.94,42.94,-0.0,0.0
2025-05-01 07:00:00-04:00,44.43,44.83,-0.0,-0.4
2025-05-01 08:00:00-04:00,35.44,35.8,-0.0,-0.36
2025-05-01 09:00:00-04:00,30.82,31.1,-0.0,-0.28
2025-05-01 10:00:00-04:00,28.6,28.92,-0.0,-0.32
2025-05-01 11:00:00-04:00,26.97,27.38,-0.0,-0.41
2025-05-01 12:00:00-04:00,26.62,27.05,-0.0,-0.43
2025-05-01 13:00:00-04:00,27.22,27.69,-0.0,-0.47
2025-05-01 14:00:00-04:00,28.04,28.58,-0.0,-0.54
2025-05-01 15:00:00-04:00,29.88,30.4,-0.0,-0.52
2025-05-01 16:00:00-04:00,32.71,33.38,-0.0,-0.67
2025-05-01 17:00:00-04:00,37.46,38.15,-0.0,-0.69
2025-05-01 18:00:00-04:00,43.08,44.03,-0.38,-0.57
2025-05-01 19:00:00-04:00,51.57,50.83,1.4,-0.66
2025-05-01 20:00:00-04:00,47.3,47.02,0.94,-0.66
2025-05-01 21:00:00-04:00,37.5,37.89,0.1,-0.49
2025-05-01 22:00:00-04:00,32.02,32.470000000000006,-0.0,-0.45
2025-05-01 23:00:00-04:00,30.14,30.54,-0.0,-0.4
2025-05-02 00:00:00-04:00,31.32,31.1,-0.0,0.22
2025-05-02 01:00:00-04:00,26.31,26.47,-0.0,-0.16
2025-05-02 02:00:00-04:00,25.08,25.28,-0.0,-0.2
2025-05-02 03:00:00-04:00,24.41,24.58,-0.0,-0.17
2025-05-02 04:00:00-04:00,25.14,25.24,-0.0,-0.1
2025-05-02 05:00:00-04:00,28.36,28.39,-0.0,-0.03
2025-05-02 06:00:00-04:00,36.88,36.99,-0.0,-0.11
2025-05-02 07:00:00-04:00,41.21,41.21,-0.0,0.0
2025-05-02 08:00:00-04:00,38.79,38.95,0.19,-0.35
2025-05-02 09:00:00-04:00,37.48,37.89,0.08,-0.49
2025-05-02 10:00:00-04:00,34.28,34.77,-0.0,-0.49
2025-05-02 11:00:00-04:00,33.26,33.769999999999996,-0.0,-0.51
2025-05-02 12:00:00-04:00,32.86,33.36,-0.0,-0.5
2025-05-02 13:00:00-04:00,32.47,32.96,-0.0,-0.49
2025-05-02 14:00:00-04:00,34.48,34.97,-0.0,-0.49
2025-05-02 15:00:00-04:00,34.24,34.730000000000004,-0.0,-0.49
2025-05-02 16:00:00-04:00,36.84,37.21,-0.0,-0.37
2025-05-02 17:00:00-04:00,43.78,42.98,1.27,-0.47
2025-05-02 18:00:00-04:00,52.48,51.419999999999995,1.47,-0.41
2025-05-02 19:00:00-04:00,57.58,55.89,1.86,-0.17
2025-05-02 20:00:00-04:00,58.1,56.52,1.92,-0.34
2025-05-02 21:00:00-04:00,45.89,45.33,0.79,-0.23
2025-05-02 22:00:00-04:00,39.03,39.03,0.16,-0.16
2025-05-02 23:00:00-04:00,34.77,34.7,-0.0,0.07
2025-05-03 00:00:00-04:00,39.49,39.1,-0.0,0.39
2025-05-03 01:00:00-04:00,32.67,32.67,-0.0,0.0
2025-05-03 02:00:00-04:00,29.15,29.06,-0.0,0.09
2025-05-03 03:00:00-04:00,28.38,28.35,-0.0,0.03
2025-05-03 04:00:00-04:00,28.56,28.45,-0.0,0.11
2025-05-03 05:00:00-04:00,29.37,29.34,-0.0,0.03
2025-05-03 06:00:00-04:00,31.98,32.04,-0.0,-0.06
2025-05-03 07:00:00-04:00,39.31,39.55,-0.0,-0.24
2025-05-03 08:00:00-04:00,37.0,37.37,-0.0,-0.37
2025-05-03 09:00:00-04:00,36.57,36.98,-0.0,-0.41
2025-05-03 10:00:00-04:00,35.9,36.26,-0.0,-0.36
2025-05-03 11:00:00-04:00,36.79,37.24,-0.0,-0.45
2025-05-03 12:00:00-04:00,35.8,36.34,-0.0,-0.54
2025-05-03 13:00:00-04:00,36.2,36.790000000000006,-0.0,-0.59
2025-05-03 14:00:00-04:00,38.09,38.75,-0.0,-0.66
2025-05-03 15:00:00-04:00,42.96,43.61,-0.0,-0.65
2025-05-03 16:00:00-04:00,46.35,47.15,-0.0,-0.8
2025-05-03 17:00:00-04:00,49.81,50.88,-0.0,-1.07
2025-05-03 18:00:00-04:00,54.82,55.88,-0.0,-1.06
2025-05-03 19:00:00-04:00,55.16,55.83,-0.0,-0.67
2025-05-03 20:00:00-04:00,52.83,53.69,-0.0,-0.86
2025-05-03 21:00:00-04:00,47.61,48.33,-0.0,-0.72
2025-05-03 22:00:00-04:00,42.82,43.47,-0.0,-0.65
2025-05-03 23:00:00-04:00,38.86,39.21,-0.0,-0.35
2025-05-04 00:00:00-04:00,39.77,39.93,-0.0,-0.16
2025-05-04 01:00:00-04:00,30.92,31.26,-0.0,-0.34
2025-05-04 02:00:00-04:00,31.24,31.65,-0.0,-0.41
2025-05-04 03:00:00-04:00,29.75,30.08,-0.0,-0.33
2025-05-04 04:00:00-04:00,29.54,29.84,-0.0,-0.3
2025-05-04 05:00:00-04:00,30.03,30.33,-0.0,-0.3
2025-05-04 06:00:00-04:00,28.14,28.54,-0.0,-0.4
2025-05-04 07:00:00-04:00,29.54,29.96,-0.0,-0.42
2025-05-04 08:00:00-04:00,30.66,31.19,-0.0,-0.53
2025-05-04 09:00:00-04:00,33.59,34.31,-0.0,-0.72
2025-05-04 10:00:00-04:00,32.57,33.23,-0.0,-0.66
2025-05-04 11:00:00-04:00,33.88,34.57,-0.0,-0.69
2025-05-04 12:00:00-04:00,34.22,34.99,-0.0,-0.77
2025-05-04 13:00:00-04:00,34.94,35.73,-0.0,-0.79
2025-05-04 14:00:00-04:00,33.97,34.839999999999996,-0.0,-0.87
2025-05-04 15:00:00-04:00,36.21,37.1,-0.0,-0.89
2025-05-04 16:00:00-04:00,38.04,38.89,0.12,-0.97
2025-05-04 17:00:00-04:00,36.18,35.82,1.25,-0.89
2025-05-04 18:00:00-04:00,44.24,45.13,0.15,-1.04
2025-05-04 19:00:00-04:00,47.39,48.34,0.02,-0.97
2025-05-04 20:00:00-04:00,44.05,44.66,0.33,-0.94
2025-05-04 21:00:00-04:00,39.16,39.879999999999995,0.04,-0.76
2025-05-04 22:00:00-04:00,33.91,34.25999999999999,0.27,-0.62
2025-05-04 23:00:00-04:00,32.07,32.27,0.25,-0.45
2025-05-05 00:00:00-04:00,33.4,33.23,-0.0,0.17
2025-05-05 01:00:00-04:00,29.1,29.16,-0.0,-0.06
2025-05-05 02:00:00-04:00,27.64,27.62,0.27,-0.25
2025-05-05 03:00:00-04:00,29.01,29.270000000000003,-0.0,-0.26
2025-05-05 04:00:00-04:00,30.53,30.71,-0.0,-0.18
2025-05-05 05:00:00-04:00,33.61,33.74,-0.0,-0.13
2025-05-05 06:00:00-04:00,40.79,40.75,-0.0,0.04
2025-05-05 07:00:00-04:00,43.16,43.25,-0.0,-0.09
2025-05-05 08:00:00-04:00,40.55,40.83,-0.0,-0.28
2025-05-05 09:00:00-04:00,40.69,41.059999999999995,-0.0,-0.37
2025-05-05 10:00:00-04:00,38.52,38.790000000000006,-0.0,-0.27
2025-05-05 11:00:00-04:00,41.8,42.26,-0.0,-0.46
2025-05-05 12:00:00-04:00,40.4,40.89,-0.0,-0.49
2025-05-05 13:00:00-04:00,39.02,39.49,-0.0,-0.47
2025-05-05 14:00:00-04:00,38.22,38.64,-0.0,-0.42
2025-05-05 15:00:00-04:00,40.84,41.290000000000006,-0.0,-0.45
2025-05-05 16:00:00-04:00,41.04,41.46,0.12,-0.54
2025-05-05 17:00:00-04:00,43.01,43.44,-0.0,-0.43
2025-05-05 18:00:00-04:00,47.86,48.2,-0.0,-0.34
2025-05-05 19:00:00-04:00,50.12,50.419999999999995,-0.0,-0.3
2025-05-05 20:00:00-04:00,48.12,48.36,-0.0,-0.24
2025-05-05 21:00:00-04:00,40.84,41.09,-0.0,-0.25
2025-05-05 22:00:00-04:00,36.27,36.6,-0.0,-0.33
2025-05-05 23:00:00-04:00,32.82,33.05,-0.0,-0.23
2025-05-06 00:00:00-04:00,33.08,32.91,-0.0,0.17
2025-05-06 01:00:00-04:00,29.89,30.07,-0.0,-0.18
2025-05-06 02:00:00-04:00,27.72,27.86,0.08,-0.22
2025-05-06 03:00:00-04:00,28.37,28.57,-0.0,-0.2
2025-05-06 04:00:00-04:00,28.77,28.89,-0.0,-0.12
2025-05-06 05:00:00-04:00,32.2,32.230000000000004,-0.0,-0.03
2025-05-06 06:00:00-04:00,41.5,41.42,-0.0,0.08
2025-05-06 07:00:00-04:00,44.33,44.33,-0.0,0.0
2025-05-06 08:00:00-04:00,44.84,44.88,-0.0,-0.04
2025-05-06 09:00:00-04:00,41.65,41.73,-0.0,-0.08
2025-05-06 10:00:00-04:00,43.1,43.23,-0.0,-0.13
2025-05-06 11:00:00-04:00,40.97,41.09,-0.0,-0.12
2025-05-06 12:00:00-04:00,40.41,40.489999999999995,-0.0,-0.08
2025-05-06 13:00:00-04:00,39.7,39.940000000000005,-0.0,-0.24
2025-05-06 14:00:00-04:00,40.92,41.17,-0.0,-0.25
2025-05-06 15:00:00-04:00,41.61,41.9,-0.0,-0.29
2025-05-06 16:00:00-04:00,44.28,44.55,-0.0,-0.27
2025-05-06 17:00:00-04:00,50.66,51.01,-0.0,-0.35
2025-05-06 18:00:00-04:00,53.9,53.79,-0.0,0.11
2025-05-06 19:00:00-04:00,55.58,55.41,-0.0,0.17
2025-05-06 20:00:00-04:00,56.56,56.16,-0.0,0.4
2025-05-06 21:00:00-04:00,46.1,45.870000000000005,-0.0,0.23
2025-05-06 22:00:00-04:00,39.1,39.14,-0.0,-0.04
2025-05-06 23:00:00-04:00,35.12,34.98,-0.0,0.14
2025-05-07 00:00:00-04:00,36.64,36.17,-0.0,0.47
2025-05-07 01:00:00-04:00,31.53,31.47,-0.0,0.06
2025-05-07 02:00:00-04:00,29.54,29.54,-0.0,0.0
2025-05-07 03:00:00-04:00,28.28,28.25,-0.0,0.03
2025-05-07 04:00:00-04:00,30.45,30.51,-0.0,-0.06
2025-05-07 05:00:00-04:00,35.17,35.38,-0.0,-0.21
2025-05-07 06:00:00-04:00,44.9,45.309999999999995,-0.0,-0.41
2025-05-07 07:00:00-04:00,49.73,50.279999999999994,-0.0,-0.55
2025-05-07 08:00:00-04:00,45.69,46.379999999999995,-0.0,-0.69
2025-05-07 09:00:00-04:00,43.42,44.21,-0.0,-0.79
2025-05-07 10:00:00-04:00,40.74,41.4,-0.0,-0.66
2025-05-07 11:00:00-04:00,38.58,39.33,-0.0,-0.75
2025-05-07 12:00:00-04:00,37.74,38.47,-0.0,-0.73
2025-05-07 13:00:00-04:00,37.31,37.99,-0.0,-0.68
2025-05-07 14:00:00-04:00,37.21,37.89,-0.0,-0.68
2025-05-07 15:00:00-04:00,39.4,40.16,-0.0,-0.76
2025-05-07 16:00:00-04:00,42.32,43.14,-0.0,-0.82
2025-05-07 17:00:00-04:00,48.13,48.720000000000006,0.29,-0.88
2025-05-07 18:00:00-04:00,53.49,54.25,-0.0,-0.76
2025-05-07 19:00:00-04:00,57.71,57.94,-0.0,-0.23
2025-05-07 20:00:00-04:00,60.11,60.23,-0.0,-0.12
2025-05-07 21:00:00-04:00,49.35,49.75,-0.0,-0.4
2025-05-07 22:00:00-04:00,42.53,43.04,-0.0,-0.51
2025-05-07 23:00:00-04:00,35.45,35.660000000000004,-0.0,-0.21
2025-05-08 00:00:00-04:00,38.85,38.620000000000005,-0.0,0.23
2025-05-08 01:00:00-04:00,30.08,30.29,-0.0,-0.21
2025-05-08 02:00:00-04:00,29.98,30.28,-0.0,-0.3
2025-05-08 03:00:00-04:00,29.13,29.4,-0.0,-0.27
2025-05-08 04:00:00-04:00,30.38,30.56,-0.0,-0.18
2025-05-08 05:00:00-04:00,33.94,34.08,-0.0,-0.14
2025-05-08 06:00:00-04:00,43.77,43.99,-0.0,-0.22
2025-05-08 07:00:00-04:00,46.59,46.92,-0.0,-0.33
2025-05-08 08:00:00-04:00,43.56,44.04,-0.0,-0.48
2025-05-08 09:00:00-04:00,38.12,38.39,-0.0,-0.27
2025-05-08 10:00:00-04:00,36.77,37.07,-0.0,-0.3
2025-05-08 11:00:00-04:00,35.95,36.31,-0.0,-0.36
2025-05-08 12:00:00-04:00,35.1,35.45,-0.0,-0.35
2025-05-08 13:00:00-04:00,35.2,35.7,-0.0,-0.5
2025-05-08 14:00:00-04:00,34.18,34.77,-0.0,-0.59
2025-05-08 15:00:00-04:00,36.7,37.260000000000005,-0.0,-0.56
2025-05-08 16:00:00-04:00,41.32,42.08,-0.0,-0.76
2025-05-08 17:00:00-04:00,46.11,46.95,-0.0,-0.84
2025-05-08 18:00:00-04:00,52.07,52.76,-0.0,-0.69
2025-05-08 19:00:00-04:00,54.75,55.41,-0.0,-0.66
2025-05-08 20:00:00-04:00,54.5,55.16,-0.0,-0.66
2025-05-08 21:00:00-04:00,46.56,47.080000000000005,-0.0,-0.52
2025-05-08 22:00:00-04:00,39.96,40.36,-0.0,-0.4
2025-05-08 23:00:00-04:00,34.0,34.14,-0.0,-0.14
2025-05-09 00:00:00-04:00,33.37,33.3,-0.0,0.07
2025-05-09 01:00:00-04:00,29.06,29.32,-0.0,-0.26
2025-05-09 02:00:00-04:00,27.76,27.98,-0.0,-0.22
2025-05-09 03:00:00-04:00,26.96,27.18,-0.0,-0.22
2025-05-09 04:00:00-04:00,27.87,28.040000000000003,-0.0,-0.17
2025-05-09 05:00:00-04:00,30.99,31.049999999999997,-0.0,-0.06
2025-05-09 06:00:00-04:00,39.02,39.02,-0.0,0.0
2025-05-09 07:00:00-04:00,41.42,41.760000000000005,-0.0,-0.34
2025-05-09 08:00:00-04:00,43.48,44.02,-0.01,-0.53
2025-05-09 09:00:00-04:00,40.0,40.629999999999995,0.02,-0.65
2025-05-09 10:00:00-04:00,38.32,38.95,-0.01,-0.62
2025-05-09 11:00:00-04:00,37.17,37.81,-0.0,-0.64
2025-05-09 12:00:00-04:00,36.59,37.220000000000006,-0.0,-0.63
2025-05-09 13:00:00-04:00,36.01,36.629999999999995,-0.0,-0.62
2025-05-09 14:00:00-04:00,35.68,36.27,-0.01,-0.58
2025-05-09 15:00:00-04:00,35.96,36.62,-0.0,-0.66
2025-05-09 16:00:00-04:00,39.07,39.84,-0.01,-0.76
2025-05-09 17:00:00-04:00,39.61,40.349999999999994,-0.01,-0.73
2025-05-09 18:00:00-04:00,43.14,43.66,-0.0,-0.52
2025-05-09 19:00:00-04:00,45.65,45.92,-0.0,-0.27
2025-05-09 20:00:00-04:00,46.89,47.22,-0.0,-0.33
2025-05-09 21:00:00-04:00,38.84,39.150000000000006,-0.0,-0.31
2025-05-09 22:00:00-04:00,34.9,35.25,-0.0,-0.35
2025-05-09 23:00:00-04:00,33.22,33.56,-0.0,-0.34
2025-05-10 00:00:00-04:00,33.02,33.42,-0.0,-0.4
2025-05-10 01:00:00-04:00,31.28,31.72,-0.0,-0.44
2025-05-10 02:00:00-04:00,28.88,29.29,-0.0,-0.41
2025-05-10 03:00:00-04:00,28.53,28.96,-0.0,-0.43
2025-05-10 04:00:00-04:00,27.9,28.32,-0.0,-0.42
2025-05-10 05:00:00-04:00,29.51,29.930000000000003,-0.0,-0.42
2025-05-10 06:00:00-04:00,30.5,30.87,-0.0,-0.37
2025-05-10 07:00:00-04:00,30.01,30.5,-0.0,-0.49
2025-05-10 08:00:00-04:00,27.7,28.1,0.16,-0.56
2025-05-10 09:00:00-04:00,24.71,24.75,0.48,-0.52
2025-05-10 10:00:00-04:00,22.52,22.409999999999997,0.6,-0.49
2025-05-10 11:00:00-04:00,20.6,20.21,0.85,-0.46
2025-05-10 12:00:00-04:00,20.95,20.6,0.82,-0.47
2025-05-10 13:00:00-04:00,20.54,20.2,0.8,-0.46
2025-05-10 14:00:00-04:00,21.27,21.08,0.65,-0.46
2025-05-10 15:00:00-04:00,21.34,21.16,0.65,-0.47
2025-05-10 16:00:00-04:00,21.47,20.56,1.4,-0.49
2025-05-10 17:00:00-04:00,29.85,30.44,0.05,-0.64
2025-05-10 18:00:00-04:00,36.14,36.8,-0.0,-0.66
2025-05-10 19:00:00-04:00,40.86,41.4,-0.0,-0.54
2025-05-10 20:00:00-04:00,43.97,44.55,-0.0,-0.58
2025-05-10 21:00:00-04:00,37.84,38.18000000000001,-0.0,-0.34
2025-05-10 22:00:00-04:00,32.65,32.98,-0.0,-0.33
2025-05-10 23:00:00-04:00,30.32,30.53,-0.0,-0.21
2025-05-11 00:00:00-04:00,28.89,28.69,0.37,-0.17
2025-05-11 01:00:00-04:00,25.18,24.72,0.56,-0.1
2025-05-11 02:00:00-04:00,24.39,24.26,0.25,-0.12
2025-05-11 03:00:00-04:00,23.83,23.78,0.19,-0.14
2025-05-11 04:00:00-04:00,25.38,25.43,0.18,-0.23
2025-05-11 05:00:00-04:00,27.35,27.49,0.08,-0.22
2025-05-11 06:00:00-04:00,28.51,28.74,-0.0,-0.23
2025-05-11 07:00:00-04:00,27.02,27.18,0.11,-0.27
2025-05-11 08:00:00-04:00,24.48,24.88,-0.0,-0.4
2025-05-11 09:00:00-04:00,21.22,21.72,-0.0,-0.5
2025-05-11 10:00:00-04:00,19.7,20.2,-0.0,-0.5
2025-05-11 11:00:00-04:00,17.99,18.34,0.13,-0.48
2025-05-11 12:00:00-04:00,16.19,16.12,0.44,-0.37
2025-05-11 13:00:00-04:00,18.05,18.54,0.03,-0.52
2025-05-11 14:00:00-04:00,13.19,12.27,1.13,-0.21
2025-05-11 15:00:00-04:00,15.68,15.26,0.68,-0.26
2025-05-11 16:00:00-04:00,17.99,17.119999999999997,1.14,-0.27
2025-05-11 17:00:00-04:00,27.59,28.11,0.07,-0.59
2025-05-11 18:00:00-04:00,36.3,37.04,-0.0,-0.74
2025-05-11 19:00:00-04:00,44.96,45.64,-0.0,-0.68
2025-05-11 20:00:00-04:00,48.26,49.05,-0.0,-0.79
2025-05-11 21:00:00-04:00,41.62,42.3,-0.0,-0.68
2025-05-11 22:00:00-04:00,34.96,35.56,-0.0,-0.6
2025-05-11 23:00:00-04:00,30.68,31.15,-0.0,-0.47
2025-05-12 00:00:00-04:00,27.56,27.75,-0.0,-0.19
2025-05-12 01:00:00-04:00,21.14,21.31,-0.0,-0.17
2025-05-12 02:00:00-04:00,19.75,19.959999999999997,0.03,-0.24
2025-05-12 03:00:00-04:00,19.8,20.06,-0.0,-0.26
2025-05-12 04:00:00-04:00,22.2,22.54,-0.0,-0.34
2025-05-12 05:00:00-04:00,29.49,29.88,-0.0,-0.39
2025-05-12 06:00:00-04:00,35.16,35.519999999999996,-0.0,-0.36
2025-05-12 07:00:00-04:00,37.02,37.55,-0.0,-0.53
2025-05-12 08:00:00-04:00,34.08,34.64,-0.0,-0.56
2025-05-12 09:00:00-04:00,29.13,29.7,-0.0,-0.57
2025-05-12 10:00:00-04:00,28.04,28.58,-0.0,-0.54
2025-05-12 11:00:00-04:00,26.49,26.81,-0.0,-0.32
2025-05-12 12:00:00-04:00,25.22,25.5,-0.0,-0.28
2025-05-12 13:00:00-04:00,25.78,25.96,-0.0,-0.18
2025-05-12 14:00:00-04:00,25.83,25.959999999999997,-0.0,-0.13
2025-05-12 15:00:00-04:00,27.89,28.06,-0.0,-0.17
2025-05-12 16:00:00-04:00,32.6,32.99,-0.0,-0.39
2025-05-12 17:00:00-04:00,42.77,43.24,-0.0,-0.47
2025-05-12 18:00:00-04:00,50.68,51.24,-0.0,-0.56
2025-05-12 19:00:00-04:00,55.08,55.53,-0.0,-0.45
2025-05-12 20:00:00-04:00,55.25,55.58,-0.0,-0.33
2025-05-12 21:00:00-04:00,47.17,47.65,-0.0,-0.48
2025-05-12 22:00:00-04:00,38.59,39.02,-0.0,-0.43
2025-05-12 23:00:00-04:00,31.94,32.13,-0.0,-0.19
2025-05-13 00:00:00-04:00,29.48,29.6,-0.0,-0.12
2025-05-13 01:00:00-04:00,26.79,26.95,-0.0,-0.16
2025-05-13 02:00:00-04:00,25.61,25.71,-0.0,-0.1
2025-05-13 03:00:00-04:00,25.6,25.78,-0.0,-0.18
2025-05-13 04:00:00-04:00,27.55,27.91,-0.0,-0.36
2025-05-13 05:00:00-04:00,30.57,30.82,-0.0,-0.25
2025-05-13 06:00:00-04:00,37.9,38.21,-0.0,-0.31
2025-05-13 07:00:00-04:00,38.13,38.59,-0.0,-0.46
2025-05-13 08:00:00-04:00,37.4,37.93,-0.0,-0.53
2025-05-13 09:00:00-04:00,34.63,35.190000000000005,-0.0,-0.56
2025-05-13 10:00:00-04:00,35.0,35.57,-0.0,-0.57
2025-05-13 11:00:00-04:00,33.86,34.55,-0.0,-0.69
2025-05-13 12:00:00-04:00,33.0,33.74,-0.0,-0.74
2025-05-13 13:00:00-04:00,33.83,34.589999999999996,-0.0,-0.76
2025-05-13 14:00:00-04:00,35.44,36.16,-0.0,-0.72
2025-05-13 15:00:00-04:00,37.3,38.02,-0.0,-0.72
2025-05-13 16:00:00-04:00,40.11,40.93,-0.0,-0.82
2025-05-13 17:00:00-04:00,46.93,47.69,-0.0,-0.76
2025-05-13 18:00:00-04:00,49.28,50.08,-0.0,-0.8
2025-05-13 19:00:00-04:00,50.98,51.7,-0.0,-0.72
2025-05-13 20:00:00-04:00,50.06,50.77,-0.0,-0.71
2025-05-13 21:00:00-04:00,41.66,42.12,-0.0,-0.46
2025-05-13 22:00:00-04:00,33.53,33.9,-0.0,-0.37
2025-05-13 23:00:00-04:00,28.79,28.43,0.59,-0.23
2025-05-14 00:00:00-04:00,23.3,22.06,1.42,-0.18
2025-05-14 01:00:00-04:00,20.14,18.6,1.65,-0.11
2025-05-14 02:00:00-04:00,20.31,19.15,1.27,-0.11
2025-05-14 03:00:00-04:00,18.13,16.64,1.59,-0.1
2025-05-14 04:00:00-04:00,21.2,20.16,1.18,-0.14
2025-05-14 05:00:00-04:00,28.24,28.47,-0.0,-0.23
2025-05-14 06:00:00-04:00,33.8,34.279999999999994,-0.0,-0.48
2025-05-14 07:00:00-04:00,39.36,39.81999999999999,0.02,-0.48
2025-05-14 08:00:00-04:00,40.22,39.86,0.92,-0.56
2025-05-14 09:00:00-04:00,39.72,38.43,1.71,-0.42
2025-05-14 10:00:00-04:00,37.49,37.61000000000001,0.37,-0.49
2025-05-14 11:00:00-04:00,36.15,36.69,0.01,-0.55
2025-05-14 12:00:00-04:00,36.05,36.53999999999999,0.02,-0.51
2025-05-14 13:00:00-04:00,36.78,37.2,0.02,-0.44
2025-05-14 14:00:00-04:00,37.51,37.96,-0.0,-0.45
2025-05-14 15:00:00-04:00,38.96,39.47,-0.0,-0.51
2025-05-14 16:00:00-04:00,40.72,41.239999999999995,0.02,-0.54
2025-05-14 17:00:00-04:00,45.85,45.47,0.92,-0.54
2025-05-14 18:00:00-04:00,48.21,48.7,-0.0,-0.49
2025-05-14 19:00:00-04:00,51.95,52.42,-0.0,-0.47
2025-05-14 20:00:00-04:00,50.69,51.15,-0.0,-0.46
2025-05-14 21:00:00-04:00,45.77,46.040000000000006,-0.0,-0.27
2025-05-14 22:00:00-04:00,35.87,35.94,-0.0,-0.07
2025-05-14 23:00:00-04:00,33.21,33.18,-0.0,0.03
2025-05-15 00:00:00-04:00,28.54,28.45,-0.0,0.09
2025-05-15 01:00:00-04:00,25.4,25.299999999999997,-0.0,0.1
2025-05-15 02:00:00-04:00,25.64,25.64,-0.0,0.0
2025-05-15 03:00:00-04:00,24.8,24.8,-0.0,0.0
2025-05-15 04:00:00-04:00,24.64,24.57,-0.0,0.07
2025-05-15 05:00:00-04:00,29.66,29.57,-0.0,0.09
2025-05-15 06:00:00-04:00,36.65,36.83,-0.0,-0.18
2025-05-15 07:00:00-04:00,40.56,40.93,-0.0,-0.37
2025-05-15 08:00:00-04:00,41.49,42.080000000000005,-0.0,-0.59
2025-05-15 09:00:00-04:00,39.22,39.82,-0.0,-0.6
2025-05-15 10:00:00-04:00,37.04,37.57,-0.0,-0.53
2025-05-15 11:00:00-04:00,37.32,37.93,-0.0,-0.61
2025-05-15 12:00:00-04:00,35.07,35.64,-0.0,-0.57
2025-05-15 13:00:00-04:00,36.56,37.080000000000005,-0.0,-0.52
2025-05-15 14:00:00-04:00,38.3,38.919999999999995,-0.0,-0.62
2025-05-15 15:00:00-04:00,39.37,39.97,-0.0,-0.6
2025-05-15 16:00:00-04:00,42.73,43.43,-0.0,-0.7
2025-05-15 17:00:00-04:00,47.29,47.86,-0.0,-0.57
2025-05-15 18:00:00-04:00,52.03,52.34,-0.0,-0.31
2025-05-15 19:00:00-04:00,55.36,55.42,-0.0,-0.06
2025-05-15 20:00:00-04:00,55.08,55.41,-0.0,-0.33
2025-05-15 21:00:00-04:00,47.33,47.71,-0.0,-0.38
2025-05-15 22:00:00-04:00,40.06,40.54,-0.0,-0.48
2025-05-15 23:00:00-04:00,35.42,35.71,-0.0,-0.29
2025-05-16 00:00:00-04:00,32.54,32.74,-0.0,-0.2
2025-05-16 01:00:00-04:00,27.98,28.15,-0.0,-0.17
2025-05-16 02:00:00-04:00,24.34,24.36,-0.0,-0.02
2025-05-16 03:00:00-04:00,22.01,22.01,-0.0,0.0
2025-05-16 04:00:00-04:00,25.48,25.56,-0.0,-0.08
2025-05-16 05:00:00-04:00,31.73,31.79,-0.0,-0.06
2025-05-16 06:00:00-04:00,37.38,37.53,-0.0,-0.15
2025-05-16 07:00:00-04:00,39.77,40.05,-0.0,-0.28
2025-05-16 08:00:00-04:00,40.18,40.46,-0.0,-0.28
2025-05-16 09:00:00-04:00,38.97,39.29,-0.0,-0.32
2025-05-16 10:00:00-04:00,38.3,38.529999999999994,-0.0,-0.23
2025-05-16 11:00:00-04:00,38.22,38.53,-0.0,-0.31
2025-05-16 12:00:00-04:00,37.27,37.53,-0.0,-0.26
2025-05-16 13:00:00-04:00,38.17,38.56,-0.0,-0.39
2025-05-16 14:00:00-04:00,39.3,39.62,-0.0,-0.32
2025-05-16 15:00:00-04:00,41.5,41.84,-0.0,-0.34
2025-05-16 16:00:00-04:00,49.27,49.7,0.02,-0.45
2025-05-16 17:00:00-04:00,53.88,54.260000000000005,-0.0,-0.38
2025-05-16 18:00:00-04:00,55.14,55.47,-0.0,-0.33
2025-05-16 19:00:00-04:00,55.41,55.58,-0.0,-0.17
2025-05-16 20:00:00-04:00,53.83,53.989999999999995,-0.0,-0.16
2025-05-16 21:00:00-04:00,46.78,47.01,-0.0,-0.23
2025-05-16 22:00:00-04:00,39.14,39.22,-0.0,-0.08
2025-05-16 23:00:00-04:00,33.9,33.8,-0.0,0.1
2025-05-17 00:00:00-04:00,30.93,30.87,-0.0,0.06
2025-05-17 01:00:00-04:00,27.56,27.67,-0.0,-0.11
2025-05-17 02:00:00-04:00,25.79,26.02,0.03,-0.26
2025-05-17 03:00:00-04:00,24.28,24.43,-0.0,-0.15
2025-05-17 04:00:00-04:00,24.35,24.450000000000003,-0.0,-0.1
2025-05-17 05:00:00-04:00,23.48,23.35,0.43,-0.3
2025-05-17 06:00:00-04:00,25.32,25.1,0.52,-0.3
2025-05-17 07:00:00-04:00,24.4,24.619999999999997,0.3,-0.52
2025-05-17 08:00:00-04:00,23.17,22.42,1.31,-0.56
2025-05-17 09:00:00-04:00,24.8,24.34,1.04,-0.58
2025-05-17 10:00:00-04:00,25.95,25.96,0.77,-0.78
2025-05-17 11:00:00-04:00,27.12,27.15,0.84,-0.87
2025-05-17 12:00:00-04:00,27.65,27.429999999999996,1.1,-0.88
2025-05-17 13:00:00-04:00,26.2,25.26,1.77,-0.83
2025-05-17 14:00:00-04:00,25.51,22.74,3.36,-0.59
2025-05-17 15:00:00-04:00,26.14,22.55,4.02,-0.43
2025-05-17 16:00:00-04:00,32.06,27.85,4.74,-0.53
2025-05-17 17:00:00-04:00,34.51,29.88,5.23,-0.6
2025-05-17 18:00:00-04:00,36.64,30.760000000000005,6.4,-0.52
2025-05-17 19:00:00-04:00,36.86,30.65,6.58,-0.37
2025-05-17 20:00:00-04:00,38.8,34.69,4.67,-0.56
2025-05-17 21:00:00-04:00,32.34,29.14,3.78,-0.58
2025-05-17 22:00:00-04:00,32.69,32.17,1.26,-0.74
2025-05-17 23:00:00-04:00,25.87,24.22,1.87,-0.22
2025-05-18 00:00:00-04:00,18.51,16.43,2.19,-0.11
2025-05-18 01:00:00-04:00,15.55,13.980000000000002,1.7,-0.13
2025-05-18 02:00:00-04:00,14.03,12.779999999999998,1.37,-0.12
2025-05-18 03:00:00-04:00,14.15,12.96,1.32,-0.13
2025-05-18 04:00:00-04:00,12.7,11.169999999999998,1.63,-0.1
2025-05-18 05:00:00-04:00,9.7,7.01,2.82,-0.13
2025-05-18 06:00:00-04:00,12.16,10.2,2.16,-0.2
2025-05-18 07:00:00-04:00,11.86,10.2,1.88,-0.22
2025-05-18 08:00:00-04:00,11.36,9.5,2.07,-0.21
2025-05-18 09:00:00-04:00,12.05,10.420000000000002,1.85,-0.22
2025-05-18 10:00:00-04:00,12.42,10.63,2.02,-0.23
2025-05-18 11:00:00-04:00,14.25,12.96,1.63,-0.34
2025-05-18 12:00:00-04:00,17.47,14.89,2.97,-0.39
2025-05-18 13:00:00-04:00,13.04,10.51,2.77,-0.24
2025-05-18 14:00:00-04:00,15.18,12.94,2.52,-0.28
2025-05-18 15:00:00-04:00,16.83,14.15,2.96,-0.28
2025-05-18 16:00:00-04:00,19.39,16.38,3.39,-0.38
2025-05-18 17:00:00-04:00,25.23,21.07,4.62,-0.46
2025-05-18 18:00:00-04:00,24.08,20.97,3.45,-0.34
2025-05-18 19:00:00-04:00,26.69,23.32,3.53,-0.16
2025-05-18 20:00:00-04:00,27.26,24.1,3.35,-0.19
2025-05-18 21:00:00-04:00,26.39,25.27,1.5,-0.38
2025-05-18 22:00:00-04:00,28.25,28.74,-0.0,-0.49
2025-05-18 23:00:00-04:00,19.82,18.18,1.84,-0.2
2025-05-19 00:00:00-04:00,22.78,22.88,0.17,-0.27
2025-05-19 01:00:00-04:00,18.33,18.26,0.34,-0.27
2025-05-19 02:00:00-04:00,16.98,16.830000000000002,0.4,-0.25
2025-05-19 03:00:00-04:00,17.06,17.15,0.17,-0.26
2025-05-19 04:00:00-04:00,16.66,16.42,0.47,-0.23
2025-05-19 05:00:00-04:00,20.58,20.659999999999997,-0.0,-0.08
2025-05-19 06:00:00-04:00,29.5,29.68,-0.0,-0.18
2025-05-19 07:00:00-04:00,11.68,32.89,-21.41,0.2
2025-05-19 08:00:00-04:00,12.3,30.24,-18.12,0.18
2025-05-19 09:00:00-04:00,5.02,28.11,-23.17,0.08
2025-05-19 10:00:00-04:00,0.87,30.16,-29.35,0.06
2025-05-19 11:00:00-04:00,-4.37,31.550000000000004,-35.95,0.03
2025-05-19 12:00:00-04:00,-4.18,30.74,-34.92,0.0
2025-05-19 13:00:00-04:00,-2.14,29.2,-31.4,0.06
2025-05-19 14:00:00-04:00,-0.77,25.979999999999997,-26.83,0.08
2025-05-19 15:00:00-04:00,-0.2,28.27,-28.56,0.09
2025-05-19 16:00:00-04:00,-3.76,36.29,-40.01,-0.04
2025-05-19 17:00:00-04:00,-3.82,45.709999999999994,-49.48,-0.05
2025-05-19 18:00:00-04:00,1.63,52.27,-50.59,-0.05
2025-05-19 19:00:00-04:00,36.32,46.69,-9.72,-0.65
2025-05-19 20:00:00-04:00,36.54,47.3,-10.1,-0.66
2025-05-19 21:00:00-04:00,33.64,39.22,-5.03,-0.55
2025-05-19 22:00:00-04:00,29.4,32.41,-2.56,-0.45
2025-05-19 23:00:00-04:00,28.75,29.25,-0.0,-0.5
2025-05-20 00:00:00-04:00,25.73,25.96,-0.0,-0.23
2025-05-20 01:00:00-04:00,23.11,23.39,-0.0,-0.28
2025-05-20 02:00:00-04:00,21.99,22.28,-0.0,-0.29
2025-05-20 03:00:00-04:00,21.44,21.790000000000003,-0.0,-0.35
2025-05-20 04:00:00-04:00,22.85,23.200000000000003,-0.0,-0.35
2025-05-20 05:00:00-04:00,27.4,27.65,-0.0,-0.25
2025-05-20 06:00:00-04:00,34.02,34.330000000000005,-0.0,-0.31
2025-05-20 07:00:00-04:00,34.86,35.39,-0.0,-0.53
2025-05-20 08:00:00-04:00,29.01,29.51,-0.0,-0.5
2025-05-20 09:00:00-04:00,25.63,26.209999999999997,-0.0,-0.58
2025-05-20 10:00:00-04:00,26.35,27.08,-0.0,-0.73
2025-05-20 11:00:00-04:00,25.91,26.6,-0.0,-0.69
2025-05-20 12:00:00-04:00,25.94,26.66,-0.0,-0.72
2025-05-20 13:00:00-04:00,26.75,27.49,-0.0,-0.74
2025-05-20 14:00:00-04:00,26.97,27.69,-0.0,-0.72
2025-05-20 15:00:00-04:00,27.44,28.290000000000003,-0.0,-0.85
2025-05-20 16:00:00-04:00,29.05,30.68,-0.83,-0.8
2025-05-20 17:00:00-04:00,34.29,35.55,-0.44,-0.82
2025-05-20 18:00:00-04:00,42.22,44.28,-1.31,-0.75
2025-05-20 19:00:00-04:00,45.97,46.77,-0.15,-0.65
2025-05-20 20:00:00-04:00,48.88,49.68,-0.15,-0.65
2025-05-20 21:00:00-04:00,39.38,40.080000000000005,-0.02,-0.68
2025-05-20 22:00:00-04:00,31.88,32.6,-0.03,-0.69
2025-05-20 23:00:00-04:00,28.68,29.33,-0.0,-0.65
2025-05-21 00:00:00-04:00,26.0,26.64,-0.0,-0.64
2025-05-21 01:00:00-04:00,23.34,24.01,-0.0,-0.67
2025-05-21 02:00:00-04:00,22.14,22.82,-0.0,-0.68
2025-05-21 03:00:00-04:00,20.51,21.08,-0.0,-0.57
2025-05-21 04:00:00-04:00,21.4,21.95,-0.0,-0.55
2025-05-21 05:00:00-04:00,24.19,24.71,-0.0,-0.52
2025-05-21 06:00:00-04:00,30.14,30.69,-0.0,-0.55
2025-05-21 07:00:00-04:00,32.84,33.89000000000001,-0.24,-0.81
2025-05-21 08:00:00-04:00,31.73,33.18,-0.72,-0.73
2025-05-21 09:00:00-04:00,28.71,31.15,-1.63,-0.81
2025-05-21 10:00:00-04:00,29.4,30.3,-0.14,-0.76
2025-05-21 11:00:00-04:00,28.66,29.57,-0.14,-0.77
2025-05-21 12:00:00-04:00,26.88,29.659999999999997,-1.92,-0.86
2025-05-21 13:00:00-04:00,27.05,29.06,-1.23,-0.78
2025-05-21 14:00:00-04:00,27.22,28.06,-0.14,-0.7
2025-05-21 15:00:00-04:00,28.48,29.2,-0.02,-0.7
2025-05-21 16:00:00-04:00,32.09,34.230000000000004,-1.39,-0.75
2025-05-21 17:00:00-04:00,34.28,38.38,-3.29,-0.81
2025-05-21 18:00:00-04:00,35.7,41.45,-4.75,-1.0
2025-05-21 19:00:00-04:00,37.97,43.62,-4.78,-0.87
2025-05-21 20:00:00-04:00,37.95,43.54,-4.76,-0.83
2025-05-21 21:00:00-04:00,33.02,35.260000000000005,-1.46,-0.78
2025-05-21 22:00:00-04:00,28.15,28.84,-0.0,-0.69
2025-05-21 23:00:00-04:00,25.65,26.22,0.03,-0.6
2025-05-22 00:00:00-04:00,24.32,25.02,0.03,-0.73
2025-05-22 01:00:00-04:00,19.92,19.28,1.12,-0.48
2025-05-22 02:00:00-04:00,18.04,17.580000000000002,0.81,-0.35
2025-05-22 03:00:00-04:00,17.96,18.09,0.23,-0.36
2025-05-22 04:00:00-04:00,19.91,20.42,-0.0,-0.51
2025-05-22 05:00:00-04:00,23.97,24.69,-0.0,-0.72
2025-05-22 06:00:00-04:00,28.48,29.15,-0.0,-0.67
2025-05-22 07:00:00-04:00,32.79,33.56,-0.0,-0.77
2025-05-22 08:00:00-04:00,37.62,38.349999999999994,-0.0,-0.73
2025-05-22 09:00:00-04:00,35.43,36.83,-0.48,-0.92
2025-05-22 10:00:00-04:00,35.1,36.690000000000005,-0.6,-0.99
2025-05-22 11:00:00-04:00,33.31,36.540000000000006,-2.17,-1.06
2025-05-22 12:00:00-04:00,31.95,34.43,-1.45,-1.03
2025-05-22 13:00:00-04:00,31.71,33.74,-1.09,-0.94
2025-05-22 14:00:00-04:00,32.02,33.1,-0.22,-0.86
2025-05-22 15:00:00-04:00,29.97,33.6,-2.79,-0.84
2025-05-22 16:00:00-04:00,31.77,36.43,-3.6,-1.06
2025-05-22 17:00:00-04:00,37.05,43.27,-5.14,-1.08
2025-05-22 18:00:00-04:00,40.18,44.93,-3.99,-0.76
2025-05-22 19:00:00-04:00,42.3,44.6,-1.77,-0.53
2025-05-22 20:00:00-04:00,44.41,46.489999999999995,-1.57,-0.51
2025-05-22 21:00:00-04:00,38.7,39.35000000000001,-0.02,-0.63
2025-05-22 22:00:00-04:00,32.24,32.96000000000001,-0.09,-0.63
2025-05-22 23:00:00-04:00,29.57,30.26,-0.0,-0.69
2025-05-23 00:00:00-04:00,27.2,27.47,-0.0,-0.27
2025-05-23 01:00:00-04:00,24.52,24.84,-0.0,-0.32
2025-05-23 02:00:00-04:00,22.43,22.7,-0.0,-0.27
2025-05-23 03:00:00-04:00,20.97,21.18,-0.0,-0.21
2025-05-23 04:00:00-04:00,23.8,24.19,-0.0,-0.39
2025-05-23 05:00:00-04:00,27.61,28.26,-0.0,-0.65
2025-05-23 06:00:00-04:00,33.07,33.85,-0.0,-0.78
2025-05-23 07:00:00-04:00,38.01,39.02,-0.0,-1.01
2025-05-23 08:00:00-04:00,38.7,39.690000000000005,-0.0,-0.99
2025-05-23 09:00:00-04:00,36.05,37.129999999999995,-0.0,-1.08
2025-05-23 10:00:00-04:00,35.15,36.27,-0.0,-1.12
2025-05-23 11:00:00-04:00,33.53,34.6,-0.0,-1.07
2025-05-23 12:00:00-04:00,32.76,33.91,-0.0,-1.15
2025-05-23 13:00:00-04:00,31.66,32.91,-0.0,-1.25
2025-05-23 14:00:00-04:00,31.15,32.379999999999995,-0.0,-1.23
2025-05-23 15:00:00-04:00,31.4,32.54,-0.0,-1.14
2025-05-23 16:00:00-04:00,33.13,34.300000000000004,-0.0,-1.17
2025-05-23 17:00:00-04:00,38.1,39.36,-0.0,-1.26
2025-05-23 18:00:00-04:00,39.96,41.07,-0.0,-1.11
2025-05-23 19:00:00-04:00,42.7,43.75,-0.0,-1.05
2025-05-23 20:00:00-04:00,44.25,45.15,-0.0,-0.9
2025-05-23 21:00:00-04:00,39.08,39.879999999999995,-0.0,-0.8
2025-05-23 22:00:00-04:00,33.41,34.199999999999996,-0.0,-0.79
2025-05-23 23:00:00-04:00,30.39,31.14,-0.0,-0.75
2025-05-24 00:00:00-04:00,29.31,30.25,-0.0,-0.94
2025-05-24 01:00:00-04:00,24.53,25.24,-0.0,-0.71
2025-05-24 02:00:00-04:00,22.62,23.18,-0.0,-0.56
2025-05-24 03:00:00-04:00,20.62,21.130000000000003,-0.0,-0.51
2025-05-24 04:00:00-04:00,22.99,23.68,-0.0,-0.69
2025-05-24 05:00:00-04:00,24.19,24.860000000000003,-0.0,-0.67
2025-05-24 06:00:00-04:00,25.36,26.12,-0.0,-0.76
2025-05-24 07:00:00-04:00,26.35,27.08,-0.0,-0.73
2025-05-24 08:00:00-04:00,26.26,26.930000000000003,-0.0,-0.67
2025-05-24 09:00:00-04:00,26.58,27.29,-0.0,-0.71
2025-05-24 10:00:00-04:00,26.98,27.67,-0.0,-0.69
2025-05-24 11:00:00-04:00,26.19,26.94,-0.0,-0.75
2025-05-24 12:00:00-04:00,25.93,26.68,-0.0,-0.75
2025-05-24 13:00:00-04:00,24.72,25.459999999999997,-0.0,-0.74
2025-05-24 14:00:00-04:00,24.61,25.29,-0.0,-0.68
2025-05-24 15:00:00-04:00,25.2,25.93,-0.0,-0.73
2025-05-24 16:00:00-04:00,27.21,27.94,-0.0,-0.73
2025-05-24 17:00:00-04:00,31.18,31.98,-0.0,-0.8
2025-05-24 18:00:00-04:00,36.56,37.46,-0.0,-0.9
2025-05-24 19:00:00-04:00,41.82,42.67,-0.0,-0.85
2025-05-24 20:00:00-04:00,44.66,45.529999999999994,-0.0,-0.87
2025-05-24 21:00:00-04:00,38.92,39.8,-0.0,-0.88
2025-05-24 22:00:00-04:00,31.58,32.449999999999996,-0.0,-0.87
2025-05-24 23:00:00-04:00,27.13,27.8,-0.0,-0.67
2025-05-25 00:00:00-04:00,23.8,24.46,-0.0,-0.66
2025-05-25 01:00:00-04:00,21.02,21.72,-0.0,-0.7
2025-05-25 02:00:00-04:00,18.88,19.42,-0.0,-0.54
2025-05-25 03:00:00-04:00,18.45,18.92,-0.0,-0.47
2025-05-25 04:00:00-04:00,20.07,20.75,-0.0,-0.68
2025-05-25 05:00:00-04:00,20.77,21.46,-0.0,-0.69
2025-05-25 06:00:00-04:00,22.19,22.92,-0.0,-0.73
2025-05-25 07:00:00-04:00,21.5,22.05,-0.0,-0.55
2025-05-25 08:00:00-04:00,20.56,21.07,-0.0,-0.51
2025-05-25 09:00:00-04:00,18.79,19.31,-0.0,-0.52
2025-05-25 10:00:00-04:00,19.18,19.75,-0.0,-0.57
2025-05-25 11:00:00-04:00,18.51,19.040000000000003,-0.0,-0.53
2025-05-25 12:00:00-04:00,18.55,19.14,-0.0,-0.59
2025-05-25 13:00:00-04:00,17.6,18.18,-0.0,-0.58
2025-05-25 14:00:00-04:00,18.3,18.89,-0.0,-0.59
2025-05-25 15:00:00-04:00,19.39,19.99,-0.0,-0.6
2025-05-25 16:00:00-04:00,21.05,21.75,-0.0,-0.7
2025-05-25 17:00:00-04:00,25.33,26.09,-0.0,-0.76
2025-05-25 18:00:00-04:00,31.98,32.83,-0.0,-0.85
2025-05-25 19:00:00-04:00,38.21,39.07,-0.0,-0.86
2025-05-25 20:00:00-04:00,40.44,41.309999999999995,-0.0,-0.87
2025-05-25 21:00:00-04:00,35.53,36.22,-0.0,-0.69
2025-05-25 22:00:00-04:00,29.44,30.040000000000003,-0.0,-0.6
2025-05-25 23:00:00-04:00,24.78,25.21,-0.0,-0.43
2025-05-26 00:00:00-04:00,22.14,22.59,-0.0,-0.45
2025-05-26 01:00:00-04:00,20.2,20.59,-0.0,-0.39
2025-05-26 02:00:00-04:00,18.04,18.26,-0.0,-0.22
2025-05-26 03:00:00-04:00,17.25,17.46,-0.0,-0.21
2025-05-26 04:00:00-04:00,19.93,20.25,-0.0,-0.32
2025-05-26 05:00:00-04:00,21.93,22.38,-0.0,-0.45
2025-05-26 06:00:00-04:00,24.08,24.67,-0.0,-0.59
2025-05-26 07:00:00-04:00,22.39,23.03,-0.0,-0.64
2025-05-26 08:00:00-04:00,19.87,20.48,-0.0,-0.61
2025-05-26 09:00:00-04:00,17.84,18.45,-0.0,-0.61
2025-05-26 10:00:00-04:00,18.3,18.96,-0.0,-0.66
2025-05-26 11:00:00-04:00,18.31,18.97,-0.0,-0.66
2025-05-26 12:00:00-04:00,18.65,19.33,-0.0,-0.68
2025-05-26 13:00:00-04:00,18.45,19.18,-0.0,-0.73
2025-05-26 14:00:00-04:00,18.48,19.21,-0.0,-0.73
2025-05-26 15:00:00-04:00,19.54,20.33,-0.0,-0.79
2025-05-26 16:00:00-04:00,22.54,23.36,-0.0,-0.82
2025-05-26 17:00:00-04:00,28.68,29.54,-0.0,-0.86
2025-05-26 18:00:00-04:00,35.66,36.61,-0.0,-0.95
2025-05-26 19:00:00-04:00,40.24,41.06,-0.0,-0.82
2025-05-26 20:00:00-04:00,45.27,45.91,-0.0,-0.64
2025-05-26 21:00:00-04:00,37.44,38.169999999999995,-0.0,-0.73
2025-05-26 22:00:00-04:00,30.74,31.369999999999997,-0.0,-0.63
2025-05-26 23:00:00-04:00,25.27,25.68,-0.0,-0.41
2025-05-27 00:00:00-04:00,22.32,22.32,-0.0,0.0
2025-05-27 01:00:00-04:00,19.02,19.06,-0.0,-0.04
2025-05-27 02:00:00-04:00,17.2,17.22,-0.0,-0.02
2025-05-27 03:00:00-04:00,16.18,16.15,-0.0,0.03
2025-05-27 04:00:00-04:00,17.6,17.580000000000002,-0.0,0.02
2025-05-27 05:00:00-04:00,23.18,23.25,-0.0,-0.07
2025-05-27 06:00:00-04:00,29.78,30.23,-0.0,-0.45
2025-05-27 07:00:00-04:00,32.73,33.26,-0.0,-0.53
2025-05-27 08:00:00-04:00,28.2,28.57,-0.0,-0.37
2025-05-27 09:00:00-04:00,24.62,25.15,-0.0,-0.53
2025-05-27 10:00:00-04:00,23.53,24.11,-0.0,-0.58
2025-05-27 11:00:00-04:00,23.74,24.369999999999997,-0.0,-0.63
2025-05-27 12:00:00-04:00,24.0,24.74,-0.0,-0.74
2025-05-27 13:00:00-04:00,25.19,26.02,-0.0,-0.83
2025-05-27 14:00:00-04:00,26.89,27.75,-0.0,-0.86
2025-05-27 15:00:00-04:00,27.73,28.62,-0.0,-0.89
2025-05-27 16:00:00-04:00,31.12,32.15,-0.0,-1.03
2025-05-27 17:00:00-04:00,37.29,38.48,-0.0,-1.19
2025-05-27 18:00:00-04:00,44.63,45.68,-0.0,-1.05
2025-05-27 19:00:00-04:00,46.51,47.36,-0.0,-0.85
2025-05-27 20:00:00-04:00,46.69,47.64,-0.0,-0.95
2025-05-27 21:00:00-04:00,38.77,39.52,-0.0,-0.75
2025-05-27 22:00:00-04:00,30.5,30.87,-0.0,-0.37
2025-05-27 23:00:00-04:00,25.12,25.2,-0.0,-0.08
2025-05-28 00:00:00-04:00,25.16,25.26,-0.0,-0.1
2025-05-28 01:00:00-04:00,22.16,22.43,-0.0,-0.27
2025-05-28 02:00:00-04:00,20.21,20.5,-0.0,-0.29
2025-05-28 03:00:00-04:00,19.17,19.360000000000003,-0.0,-0.19
2025-05-28 04:00:00-04:00,19.26,19.53,-0.0,-0.27
2025-05-28 05:00:00-04:00,22.59,22.86,-0.0,-0.27
2025-05-28 06:00:00-04:00,27.92,28.55,-0.0,-0.63
2025-05-28 07:00:00-04:00,34.91,35.769999999999996,-0.0,-0.86
2025-05-28 08:00:00-04:00,33.65,34.55,-0.0,-0.9
2025-05-28 09:00:00-04:00,32.29,33.29,-0.0,-1.0
2025-05-28 10:00:00-04:00,32.14,33.13,-0.0,-0.99
2025-05-28 11:00:00-04:00,31.51,32.65,-0.0,-1.14
2025-05-28 12:00:00-04:00,30.4,31.57,-0.0,-1.17
2025-05-28 13:00:00-04:00,30.91,32.06,-0.0,-1.15
2025-05-28 14:00:00-04:00,30.31,31.38,-0.0,-1.07
2025-05-28 15:00:00-04:00,32.11,33.24,-0.0,-1.13
2025-05-28 16:00:00-04:00,36.71,38.16,-0.0,-1.45
2025-05-28 17:00:00-04:00,42.72,44.06,0.16,-1.5
2025-05-28 18:00:00-04:00,43.04,43.620000000000005,0.16,-0.74
2025-05-28 19:00:00-04:00,42.03,42.69,0.02,-0.68
2025-05-28 20:00:00-04:00,46.69,47.349999999999994,-0.0,-0.66
2025-05-28 21:00:00-04:00,39.23,39.83,-0.0,-0.6
2025-05-28 22:00:00-04:00,30.2,30.5,-0.0,-0.3
2025-05-28 23:00:00-04:00,25.4,25.58,-0.0,-0.18
2025-05-29 00:00:00-04:00,23.79,23.93,-0.0,-0.14
2025-05-29 01:00:00-04:00,20.22,20.299999999999997,-0.0,-0.08
2025-05-29 02:00:00-04:00,17.82,17.94,-0.0,-0.12
2025-05-29 03:00:00-04:00,17.18,17.32,-0.0,-0.14
2025-05-29 04:00:00-04:00,16.5,16.62,-0.0,-0.12
2025-05-29 05:00:00-04:00,23.6,23.84,-0.0,-0.24
2025-05-29 06:00:00-04:00,29.94,30.34,-0.0,-0.4
2025-05-29 07:00:00-04:00,33.82,34.3,-0.0,-0.48
2025-05-29 08:00:00-04:00,36.51,37.18,-0.0,-0.67
2025-05-29 09:00:00-04:00,34.92,35.89,-0.0,-0.97
2025-05-29 10:00:00-04:00,35.19,36.09,-0.0,-0.9
2025-05-29 11:00:00-04:00,34.88,35.96,-0.0,-1.08
2025-05-29 12:00:00-04:00,33.72,34.76,-0.0,-1.04
2025-05-29 13:00:00-04:00,33.0,34.06,-0.0,-1.06
2025-05-29 14:00:00-04:00,32.08,33.04,-0.0,-0.96
2025-05-29 15:00:00-04:00,31.14,32.11,-0.01,-0.96
2025-05-29 16:00:00-04:00,33.53,34.53,-0.0,-1.0
2025-05-29 17:00:00-04:00,36.89,37.95,-0.0,-1.06
2025-05-29 18:00:00-04:00,38.46,39.29,-0.0,-0.83
2025-05-29 19:00:00-04:00,41.26,41.86,-0.01,-0.59
2025-05-29 20:00:00-04:00,43.82,44.4,-0.0,-0.58
2025-05-29 21:00:00-04:00,38.42,38.93,-0.0,-0.51
2025-05-29 22:00:00-04:00,32.57,33.07,-0.0,-0.5
2025-05-29 23:00:00-04:00,29.45,29.57,-0.0,-0.12
2025-05-30 00:00:00-04:00,26.25,25.99,-0.0,0.26
2025-05-30 01:00:00-04:00,22.98,22.89,0.02,0.07
2025-05-30 02:00:00-04:00,20.37,20.25,-0.0,0.12
2025-05-30 03:00:00-04:00,19.68,19.62,0.02,0.04
2025-05-30 04:00:00-04:00,20.26,20.14,-0.0,0.12
2025-05-30 05:00:00-04:00,22.87,22.69,-0.0,0.18
2025-05-30 06:00:00-04:00,29.58,29.43,-0.0,0.15
2025-05-30 07:00:00-04:00,33.4,33.47,-0.0,-0.07
2025-05-30 08:00:00-04:00,32.69,32.82,-0.0,-0.13
2025-05-30 09:00:00-04:00,30.61,30.98,-0.0,-0.37
2025-05-30 10:00:00-04:00,29.31,29.639999999999997,-0.0,-0.33
2025-05-30 11:00:00-04:00,29.44,29.83,-0.0,-0.39
2025-05-30 12:00:00-04:00,27.84,28.21,-0.0,-0.37
2025-05-30 13:00:00-04:00,28.7,29.02,-0.0,-0.32
2025-05-30 14:00:00-04:00,29.69,30.08,-0.0,-0.39
2025-05-30 15:00:00-04:00,29.57,29.96,-0.0,-0.39
2025-05-30 16:00:00-04:00,32.41,32.879999999999995,-0.04,-0.43
2025-05-30 17:00:00-04:00,37.67,39.68000000000001,-1.49,-0.52
2025-05-30 18:00:00-04:00,41.56,42.900000000000006,-1.0,-0.34
2025-05-30 19:00:00-04:00,42.77,43.83,-0.76,-0.3
2025-05-30 20:00:00-04:00,43.52,43.96,-0.18,-0.26
2025-05-30 21:00:00-04:00,38.7,40.09,-1.07,-0.32
2025-05-30 22:00:00-04:00,33.92,34.300000000000004,-0.0,-0.38
2025-05-30 23:00:00-04:00,30.32,30.63,-0.0,-0.31
2025-05-31 00:00:00-04:00,26.62,26.65,-0.0,-0.03
2025-05-31 01:00:00-04:00,21.91,22.09,0.02,-0.2
2025-05-31 02:00:00-04:00,19.91,20.03,0.04,-0.16
2025-05-31 03:00:00-04:00,18.86,18.94,-0.0,-0.08
2025-05-31 04:00:00-04:00,19.95,20.03,-0.0,-0.08
2025-05-31 05:00:00-04:00,20.52,20.6,-0.0,-0.08
2025-05-31 06:00:00-04:00,22.27,22.36,-0.0,-0.09
2025-05-31 07:00:00-04:00,22.42,22.67,-0.0,-0.25
2025-05-31 08:00:00-04:00,26.22,26.78,-0.0,-0.56
2025-05-31 09:00:00-04:00,26.02,26.69,-0.0,-0.67
2025-05-31 10:00:00-04:00,26.85,27.59,-0.0,-0.74
2025-05-31 11:00:00-04:00,26.26,27.07,-0.0,-0.81
2025-05-31 12:00:00-04:00,24.81,25.58,-0.0,-0.77
2025-05-31 13:00:00-04:00,23.46,24.16,-0.0,-0.7
2025-05-31 14:00:00-04:00,22.74,23.21,0.06,-0.53
2025-05-31 15:00:00-04:00,20.81,20.729999999999997,0.37,-0.29
2025-05-31 16:00:00-04:00,23.3,23.5,0.18,-0.38
2025-05-31 17:00:00-04:00,25.91,25.94,0.28,-0.31
2025-05-31 18:00:00-04:00,27.43,27.4,-0.0,0.03
2025-05-31 19:00:00-04:00,28.94,28.85,-0.0,0.09
2025-05-31 20:00:00-04:00,29.7,29.55,-0.0,0.15
2025-05-31 21:00:00-04:00,30.66,30.78,-0.0,-0.12
2025-05-31 22:00:00-04:00,26.59,26.72,-0.0,-0.13
2025-05-31 23:00:00-04:00,24.13,24.2,-0.0,-0.07
2025-06-01 00:00:00-04:00,21.27,21.12,0.02,0.13
2025-06-01 01:00:00-04:00,18.65,18.41,0.15,0.09
2025-06-01 02:00:00-04:00,15.64,15.19,0.37,0.08
2025-06-01 03:00:00-04:00,15.22,14.85,0.3,0.07
2025-06-01 04:00:00-04:00,16.21,15.94,0.21,0.06
2025-06-01 05:00:00-04:00,15.03,14.5,0.49,0.04
2025-06-01 06:00:00-04:00,17.87,17.62,0.16,0.09
2025-06-01 07:00:00-04:00,14.78,14.14,0.61,0.03
2025-06-01 08:00:00-04:00,14.12,11.9,2.24,-0.02
2025-06-01 09:00:00-04:00,10.59,8.889999999999999,1.74,-0.04
2025-06-01 10:00:00-04:00,13.82,13.44,0.46,-0.08
2025-06-01 11:00:00-04:00,13.84,13.52,0.46,-0.14
2025-06-01 12:00:00-04:00,13.28,12.89,0.54,-0.15
2025-06-01 13:00:00-04:00,10.14,8.690000000000001,1.53,-0.08
2025-06-01 14:00:00-04:00,10.23,8.200000000000001,2.1,-0.07
2025-06-01 15:00:00-04:00,10.58,8.99,1.64,-0.05
2025-06-01 16:00:00-04:00,15.97,15.62,0.52,-0.17
2025-06-01 17:00:00-04:00,16.83,16.209999999999997,0.75,-0.13
2025-06-01 18:00:00-04:00,23.97,24.14,-0.0,-0.17
2025-06-01 19:00:00-04:00,27.87,27.98,-0.0,-0.11
2025-06-01 20:00:00-04:00,33.03,33.160000000000004,-0.0,-0.13
2025-06-01 21:00:00-04:00,30.2,30.41,-0.0,-0.21
2025-06-01 22:00:00-04:00,26.31,26.42,-0.0,-0.11
2025-06-01 23:00:00-04:00,21.73,21.56,-0.0,0.17
2025-06-02 00:00:00-04:00,20.33,20.25,-0.0,0.08
2025-06-02 01:00:00-04:00,18.11,17.97,-0.0,0.14
2025-06-02 02:00:00-04:00,15.92,15.84,-0.0,0.08
2025-06-02 03:00:00-04:00,15.88,15.83,-0.0,0.05
2025-06-02 04:00:00-04:00,16.78,16.650000000000002,-0.0,0.13
2025-06-02 05:00:00-04:00,20.89,20.81,-0.0,0.08
2025-06-02 06:00:00-04:00,26.89,26.86,-0.0,0.03
2025-06-02 07:00:00-04:00,29.46,29.64,-0.0,-0.18
2025-06-02 08:00:00-04:00,25.67,25.880000000000003,-0.0,-0.21
2025-06-02 09:00:00-04:00,21.03,21.24,-0.0,-0.21
2025-06-02 10:00:00-04:00,20.29,20.56,-0.0,-0.27
2025-06-02 11:00:00-04:00,19.88,20.2,-0.0,-0.32
2025-06-02 12:00:00-04:00,20.32,20.65,-0.0,-0.33
2025-06-02 13:00:00-04:00,21.03,21.37,-0.0,-0.34
2025-06-02 14:00:00-04:00,21.39,21.67,-0.0,-0.28
2025-06-02 15:00:00-04:00,22.21,22.53,-0.0,-0.32
2025-06-02 16:00:00-04:00,26.19,26.62,-0.0,-0.43
2025-06-02 17:00:00-04:00,30.65,31.209999999999997,-0.0,-0.56
2025-06-02 18:00:00-04:00,36.19,36.669999999999995,-0.0,-0.48
2025-06-02 19:00:00-04:00,41.22,41.6,-0.0,-0.38
2025-06-02 20:00:00-04:00,43.0,43.35,-0.0,-0.35
2025-06-02 21:00:00-04:00,36.94,37.09,-0.0,-0.15
2025-06-02 22:00:00-04:00,28.94,29.14,-0.0,-0.2
2025-06-02 23:00:00-04:00,24.01,23.96,-0.0,0.05
2025-06-03 00:00:00-04:00,19.66,19.68,-0.0,-0.02
2025-06-03 01:00:00-04:00,16.18,16.21,-0.0,-0.03
2025-06-03 02:00:00-04:00,15.69,15.71,-0.0,-0.02
2025-06-03 03:00:00-04:00,15.01,15.03,-0.0,-0.02
2025-06-03 04:00:00-04:00,16.2,16.23,-0.0,-0.03
2025-06-03 05:00:00-04:00,20.31,20.49,-0.0,-0.18
2025-06-03 06:00:00-04:00,25.31,25.67,-0.0,-0.36
2025-06-03 07:00:00-04:00,26.74,27.2,-0.0,-0.46
2025-06-03 08:00:00-04:00,25.52,25.83,-0.0,-0.31
2025-06-03 09:00:00-04:00,22.12,22.43,-0.0,-0.31
2025-06-03 10:00:00-04:00,22.58,22.92,-0.0,-0.34
2025-06-03 11:00:00-04:00,22.29,22.65,-0.0,-0.36
2025-06-03 12:00:00-04:00,23.28,23.68,-0.0,-0.4
2025-06-03 13:00:00-04:00,24.63,25.06,-0.0,-0.43
2025-06-03 14:00:00-04:00,26.66,27.07,-0.0,-0.41
2025-06-03 15:00:00-04:00,27.9,28.32,-0.0,-0.42
2025-06-03 16:00:00-04:00,32.26,32.79,-0.0,-0.53
2025-06-03 17:00:00-04:00,41.27,42.8,-1.1,-0.43
2025-06-03 18:00:00-04:00,49.12,51.93,-2.6,-0.21
2025-06-03 19:00:00-04:00,49.83,52.37,-2.49,-0.05
2025-06-03 20:00:00-04:00,46.72,46.82,-0.01,-0.09
2025-06-03 21:00:00-04:00,38.23,38.279999999999994,-0.01,-0.04
2025-06-03 22:00:00-04:00,30.0,29.94,-0.0,0.06
2025-06-03 23:00:00-04:00,26.62,26.540000000000003,-0.0,0.08
2025-06-04 00:00:00-04:00,14.62,12.93,1.63,0.06
2025-06-04 01:00:00-04:00,13.93,11.75,2.13,0.05
2025-06-04 02:00:00-04:00,11.79,10.67,1.09,0.03
2025-06-04 03:00:00-04:00,10.96,10.000000000000002,0.94,0.02
2025-06-04 04:00:00-04:00,11.28,10.33,0.92,0.03
2025-06-04 05:00:00-04:00,15.16,14.33,0.77,0.06
2025-06-04 06:00:00-04:00,23.71,23.880000000000003,-0.0,-0.17
2025-06-04 07:00:00-04:00,31.05,29.1,2.15,-0.2
2025-06-04 08:00:00-04:00,29.79,28.33,1.63,-0.17
2025-06-04 09:00:00-04:00,26.97,27.05,0.24,-0.32
2025-06-04 10:00:00-04:00,30.55,29.480000000000004,1.42,-0.35
2025-06-04 11:00:00-04:00,31.36,30.92,0.78,-0.34
2025-06-04 12:00:00-04:00,34.77,32.760000000000005,2.34,-0.33
2025-06-04 13:00:00-04:00,38.58,38.02,0.87,-0.31
2025-06-04 14:00:00-04:00,39.41,38.74,0.98,-0.31
2025-06-04 15:00:00-04:00,43.4,40.29,2.99,0.12
2025-06-04 16:00:00-04:00,46.19,44.56999999999999,1.35,0.27
2025-06-04 17:00:00-04:00,54.07,53.43,-0.0,0.64
2025-06-04 18:00:00-04:00,59.63,58.63,-0.0,1.0
2025-06-04 19:00:00-04:00,57.66,56.309999999999995,-0.0,1.35
2025-06-04 20:00:00-04:00,57.73,56.32,-0.0,1.41
2025-06-04 21:00:00-04:00,48.17,47.28,-0.01,0.9
2025-06-04 22:00:00-04:00,40.4,39.97,-0.01,0.44
2025-06-04 23:00:00-04:00,35.46,34.9,-0.0,0.56
2025-06-05 00:00:00-04:00,29.76,29.64,-0.0,0.12
2025-06-05 01:00:00-04:00,24.14,23.88,-0.0,0.26
2025-06-05 02:00:00-04:00,22.06,21.799999999999997,-0.0,0.26
2025-06-05 03:00:00-04:00,21.28,20.92,-0.0,0.36
2025-06-05 04:00:00-04:00,21.72,21.42,-0.0,0.3
2025-06-05 05:00:00-04:00,25.4,25.17,-0.0,0.23
2025-06-05 06:00:00-04:00,30.35,30.32,-0.0,0.03
2025-06-05 07:00:00-04:00,30.79,30.82,-0.0,-0.03
2025-06-05 08:00:00-04:00,32.29,32.23,-0.0,0.06
2025-06-05 09:00:00-04:00,32.2,32.330000000000005,-0.0,-0.13
2025-06-05 10:00:00-04:00,35.31,35.45,-0.0,-0.14
2025-06-05 11:00:00-04:00,36.13,37.69,-1.41,-0.15
2025-06-05 12:00:00-04:00,38.8,40.13999999999999,-1.26,-0.08
2025-06-05 13:00:00-04:00,42.09,44.24,-1.89,-0.26
2025-06-05 14:00:00-04:00,44.11,46.34,-1.95,-0.28
2025-06-05 15:00:00-04:00,45.35,45.98,-0.08,-0.55
2025-06-05 16:00:00-04:00,49.3,50.07,-0.52,-0.25
2025-06-05 17:00:00-04:00,55.29,55.79,-0.28,-0.22
2025-06-05 18:00:00-04:00,56.4,56.06999999999999,-0.01,0.34
2025-06-05 19:00:00-04:00,55.85,55.74,-0.0,0.11
2025-06-05 20:00:00-04:00,49.13,48.88,-0.0,0.25
2025-06-05 21:00:00-04:00,44.61,44.26,-0.0,0.35
2025-06-05 22:00:00-04:00,39.6,39.29,-0.0,0.31
2025-06-05 23:00:00-04:00,37.84,37.89,-0.01,-0.04
2025-06-06 00:00:00-04:00,35.7,35.63,-0.0,0.07
2025-06-06 01:00:00-04:00,29.39,29.16,-0.0,0.23
2025-06-06 02:00:00-04:00,26.31,26.0,-0.0,0.31
2025-06-06 03:00:00-04:00,24.22,24.049999999999997,-0.0,0.17
2025-06-06 04:00:00-04:00,24.35,24.130000000000003,-0.0,0.22
2025-06-06 05:00:00-04:00,28.53,28.28,-0.0,0.25
2025-06-06 06:00:00-04:00,35.0,35.1,-0.0,-0.1
2025-06-06 07:00:00-04:00,35.47,35.65,-0.0,-0.18
2025-06-06 08:00:00-04:00,36.21,36.43,-0.0,-0.22
2025-06-06 09:00:00-04:00,37.6,39.95,-1.83,-0.52
2025-06-06 10:00:00-04:00,38.79,40.55,-1.31,-0.45
2025-06-06 11:00:00-04:00,40.74,44.34,-3.11,-0.49
2025-06-06 12:00:00-04:00,41.02,43.690000000000005,-2.1,-0.57
2025-06-06 13:00:00-04:00,44.36,46.71,-1.7,-0.65
2025-06-06 14:00:00-04:00,42.42,43.24,-0.13,-0.69
2025-06-06 15:00:00-04:00,44.94,45.93,-0.25,-0.74
2025-06-06 16:00:00-04:00,46.67,47.34,-0.01,-0.66
2025-06-06 17:00:00-04:00,54.29,54.89,-0.0,-0.6
2025-06-06 18:00:00-04:00,51.25,51.67,-0.0,-0.42
2025-06-06 19:00:00-04:00,45.32,45.46,-0.0,-0.14
2025-06-06 20:00:00-04:00,42.73,42.73,-0.0,0.0
2025-06-06 21:00:00-04:00,41.03,41.11,-0.0,-0.08
2025-06-06 22:00:00-04:00,38.17,38.48,-0.0,-0.31
2025-06-06 23:00:00-04:00,35.81,36.21,-0.0,-0.4
2025-06-07 00:00:00-04:00,37.03,37.29,-0.0,-0.26
2025-06-07 01:00:00-04:00,28.42,28.42,-0.0,0.0
2025-06-07 02:00:00-04:00,25.5,25.58,-0.0,-0.08
2025-06-07 03:00:00-04:00,24.71,24.81,-0.0,-0.1
2025-06-07 04:00:00-04:00,24.31,24.38,-0.0,-0.07
2025-06-07 05:00:00-04:00,24.74,24.84,-0.0,-0.1
2025-06-07 06:00:00-04:00,26.24,26.319999999999997,-0.0,-0.08
2025-06-07 07:00:00-04:00,25.2,25.5,-0.0,-0.3
2025-06-07 08:00:00-04:00,28.7,28.96,-0.0,-0.26
2025-06-07 09:00:00-04:00,30.45,31.07,-0.0,-0.62
2025-06-07 10:00:00-04:00,29.32,29.8,-0.0,-0.48
2025-06-07 11:00:00-04:00,27.98,28.44,-0.0,-0.46
2025-06-07 12:00:00-04:00,28.62,29.14,-0.0,-0.52
2025-06-07 13:00:00-04:00,29.18,29.68,-0.0,-0.5
2025-06-07 14:00:00-04:00,27.02,27.49,-0.0,-0.47
2025-06-07 15:00:00-04:00,26.07,26.44,-0.0,-0.37
2025-06-07 16:00:00-04:00,33.01,33.58,-0.0,-0.57
2025-06-07 17:00:00-04:00,37.7,38.31,-0.0,-0.61
2025-06-07 18:00:00-04:00,43.02,43.5,-0.0,-0.48
2025-06-07 19:00:00-04:00,42.63,43.02,-0.0,-0.39
2025-06-07 20:00:00-04:00,39.35,39.39,-0.0,-0.04
2025-06-07 21:00:00-04:00,36.2,36.34,-0.0,-0.14
2025-06-07 22:00:00-04:00,33.49,33.59,-0.0,-0.1
2025-06-07 23:00:00-04:00,30.91,31.06,-0.0,-0.15
2025-06-08 00:00:00-04:00,30.73,30.61,-0.0,0.12
2025-06-08 01:00:00-04:00,26.23,26.13,-0.0,0.1
2025-06-08 02:00:00-04:00,23.99,23.889999999999997,-0.0,0.1
2025-06-08 03:00:00-04:00,23.42,23.37,-0.0,0.05
2025-06-08 04:00:00-04:00,24.63,24.58,-0.0,0.05
2025-06-08 05:00:00-04:00,24.56,24.49,-0.0,0.07
2025-06-08 06:00:00-04:00,25.58,25.61,-0.0,-0.03
2025-06-08 07:00:00-04:00,20.3,20.44,-0.0,-0.14
2025-06-08 08:00:00-04:00,20.81,20.869999999999997,-0.0,-0.06
2025-06-08 09:00:00-04:00,20.78,21.03,-0.0,-0.25
2025-06-08 10:00:00-04:00,22.75,23.0,-0.0,-0.25
2025-06-08 11:00:00-04:00,23.78,24.14,-0.0,-0.36
2025-06-08 12:00:00-04:00,25.42,25.73,-0.0,-0.31
2025-06-08 13:00:00-04:00,26.77,27.07,-0.0,-0.3
2025-06-08 14:00:00-04:00,28.12,28.380000000000003,-0.0,-0.26
2025-06-08 15:00:00-04:00,28.42,28.65,-0.0,-0.23
2025-06-08 16:00:00-04:00,31.0,31.28,-0.0,-0.28
2025-06-08 17:00:00-04:00,36.39,36.61,-0.0,-0.22
2025-06-08 18:00:00-04:00,42.5,42.59,-0.0,-0.09
2025-06-08 19:00:00-04:00,41.69,41.65,-0.0,0.04
2025-06-08 20:00:00-04:00,40.32,40.2,-0.0,0.12
2025-06-08 21:00:00-04:00,36.83,36.9,-0.0,-0.07
2025-06-08 22:00:00-04:00,31.89,31.95,-0.0,-0.06
2025-06-08 23:00:00-04:00,27.44,27.25,-0.0,0.19
2025-06-09 00:00:00-04:00,26.82,26.82,-0.0,0.0
2025-06-09 01:00:00-04:00,23.53,23.55,-0.0,-0.02
2025-06-09 02:00:00-04:00,23.42,23.44,-0.0,-0.02
2025-06-09 03:00:00-04:00,20.85,20.87,-0.0,-0.02
2025-06-09 04:00:00-04:00,21.5,21.48,-0.0,0.02
2025-06-09 05:00:00-04:00,22.89,22.8,-0.0,0.09
2025-06-09 06:00:00-04:00,29.9,29.81,-0.0,0.09
2025-06-09 07:00:00-04:00,32.16,31.999999999999996,-0.0,0.16
2025-06-09 08:00:00-04:00,32.78,32.33,-0.0,0.45
2025-06-09 09:00:00-04:00,33.24,33.07,-0.0,0.17
2025-06-09 10:00:00-04:00,33.41,33.239999999999995,-0.0,0.17
2025-06-09 11:00:00-04:00,34.74,34.53,-0.0,0.21
2025-06-09 12:00:00-04:00,33.41,33.239999999999995,-0.0,0.17
2025-06-09 13:00:00-04:00,34.31,34.0,-0.0,0.31
2025-06-09 14:00:00-04:00,33.62,33.379999999999995,-0.0,0.24
2025-06-09 15:00:00-04:00,34.62,34.41,-0.0,0.21
2025-06-09 16:00:00-04:00,39.26,39.18,-0.0,0.08
2025-06-09 17:00:00-04:00,43.65,43.61,-0.0,0.04
2025-06-09 18:00:00-04:00,49.28,49.28,-0.0,0.0
2025-06-09 19:00:00-04:00,46.53,46.07,-0.0,0.46
2025-06-09 20:00:00-04:00,42.12,41.54,-0.0,0.58
2025-06-09 21:00:00-04:00,40.24,39.96,-0.0,0.28
2025-06-09 22:00:00-04:00,33.77,33.440000000000005,-0.0,0.33
2025-06-09 23:00:00-04:00,29.04,28.58,-0.0,0.46
2025-06-10 00:00:00-04:00,23.73,23.52,-0.0,0.21
2025-06-10 01:00:00-04:00,19.84,19.74,-0.0,0.1
2025-06-10 02:00:00-04:00,19.63,19.57,-0.0,0.06
2025-06-10 03:00:00-04:00,18.94,18.880000000000003,-0.0,0.06
2025-06-10 04:00:00-04:00,19.53,19.51,-0.0,0.02
2025-06-10 05:00:00-04:00,21.35,21.33,-0.0,0.02
2025-06-10 06:00:00-04:00,27.6,27.630000000000003,-0.0,-0.03
2025-06-10 07:00:00-04:00,30.64,30.82,-0.0,-0.18
2025-06-10 08:00:00-04:00,31.08,31.299999999999997,-0.0,-0.22
2025-06-10 09:00:00-04:00,30.27,30.61,-0.0,-0.34
2025-06-10 10:00:00-04:00,31.75,32.27,-0.0,-0.52
2025-06-10 11:00:00-04:00,30.99,31.37,0.22,-0.6
2025-06-10 12:00:00-04:00,31.64,31.85,0.36,-0.57
2025-06-10 13:00:00-04:00,31.87,31.389999999999997,1.01,-0.53
2025-06-10 14:00:00-04:00,30.9,30.5,1.07,-0.67
2025-06-10 15:00:00-04:00,31.55,31.1,1.04,-0.59
2025-06-10 16:00:00-04:00,36.76,35.28,2.22,-0.74
2025-06-10 17:00:00-04:00,44.16,42.22,2.62,-0.68
2025-06-10 18:00:00-04:00,45.4,44.96,1.03,-0.59
2025-06-10 19:00:00-04:00,43.16,43.51,-0.0,-0.35
2025-06-10 20:00:00-04:00,41.87,41.83,-0.0,0.04
2025-06-10 21:00:00-04:00,37.69,37.73,-0.0,-0.04
2025-06-10 22:00:00-04:00,31.45,31.39,-0.0,0.06
2025-06-10 23:00:00-04:00,27.57,27.51,-0.0,0.06
2025-06-11 00:00:00-04:00,27.03,26.89,-0.0,0.14
2025-06-11 01:00:00-04:00,24.34,24.29,-0.0,0.05
2025-06-11 02:00:00-04:00,21.9,21.83,-0.0,0.07
2025-06-11 03:00:00-04:00,21.34,21.34,-0.0,0.0
2025-06-11 04:00:00-04:00,21.14,21.08,-0.0,0.06
2025-06-11 05:00:00-04:00,23.37,23.32,-0.0,0.05
2025-06-11 06:00:00-04:00,27.46,27.32,-0.0,0.14
2025-06-11 07:00:00-04:00,30.15,30.15,-0.0,0.0
2025-06-11 08:00:00-04:00,29.49,29.52,-0.0,-0.03
2025-06-11 09:00:00-04:00,24.61,24.72,0.09,-0.2
2025-06-11 10:00:00-04:00,27.27,26.119999999999997,1.39,-0.24
2025-06-11 11:00:00-04:00,26.96,26.380000000000003,0.84,-0.26
2025-06-11 12:00:00-04:00,28.16,26.81,1.64,-0.29
2025-06-11 13:00:00-04:00,28.54,27.07,1.79,-0.32
2025-06-11 14:00:00-04:00,28.39,26.93,1.68,-0.22
2025-06-11 15:00:00-04:00,31.01,29.37,1.82,-0.18
2025-06-11 16:00:00-04:00,37.29,35.3,2.17,-0.18
2025-06-11 17:00:00-04:00,47.81,45.1,2.89,-0.18
2025-06-11 18:00:00-04:00,52.42,49.2,3.07,0.15
2025-06-11 19:00:00-04:00,51.06,49.8,1.06,0.2
2025-06-11 20:00:00-04:00,44.82,44.55,-0.0,0.27
2025-06-11 21:00:00-04:00,40.81,40.61,-0.0,0.2
2025-06-11 22:00:00-04:00,34.44,34.23,-0.0,0.21
2025-06-11 23:00:00-04:00,30.57,30.18,-0.0,0.39
2025-06-12 00:00:00-04:00,25.17,25.200000000000003,-0.0,-0.03
2025-06-12 01:00:00-04:00,22.4,22.31,-0.0,0.09
2025-06-12 02:00:00-04:00,21.21,21.06,-0.0,0.15
2025-06-12 03:00:00-04:00,19.57,19.49,-0.0,0.08
2025-06-12 04:00:00-04:00,20.0,19.92,-0.0,0.08
2025-06-12 05:00:00-04:00,23.41,23.2,-0.0,0.21
2025-06-12 06:00:00-04:00,29.56,29.41,-0.0,0.15
2025-06-12 07:00:00-04:00,32.48,32.51,-0.0,-0.03
2025-06-12 08:00:00-04:00,31.05,30.96,-0.0,0.09
2025-06-12 09:00:00-04:00,26.71,26.67,0.04,0.0
2025-06-12 10:00:00-04:00,26.15,26.12,0.06,-0.03
2025-06-12 11:00:00-04:00,27.45,27.37,-0.0,0.08
2025-06-12 12:00:00-04:00,27.71,27.58,0.05,0.08
2025-06-12 13:00:00-04:00,28.52,28.41,-0.0,0.11
2025-06-12 14:00:00-04:00,28.32,28.1,0.14,0.08
2025-06-12 15:00:00-04:00,30.93,30.68,0.22,0.03
2025-06-12 16:00:00-04:00,34.69,34.21,0.41,0.07
2025-06-12 17:00:00-04:00,45.18,44.620000000000005,0.87,-0.31
2025-06-12 18:00:00-04:00,51.44,51.18,0.51,-0.25
2025-06-12 19:00:00-04:00,49.81,49.75,0.06,0.0
2025-06-12 20:00:00-04:00,45.58,45.4,-0.0,0.18
2025-06-12 21:00:00-04:00,41.92,41.92,-0.0,0.0
2025-06-12 22:00:00-04:00,36.57,36.61,-0.0,-0.04
2025-06-12 23:00:00-04:00,32.18,31.93,-0.0,0.25
2025-06-13 00:00:00-04:00,29.66,29.51,-0.0,0.15
2025-06-13 01:00:00-04:00,26.02,25.89,-0.0,0.13
2025-06-13 02:00:00-04:00,23.94,23.89,-0.0,0.05
2025-06-13 03:00:00-04:00,22.25,22.21,-0.0,0.04
2025-06-13 04:00:00-04:00,22.01,21.99,-0.0,0.02
2025-06-13 05:00:00-04:00,24.3,24.28,-0.0,0.02
2025-06-13 06:00:00-04:00,28.5,28.56,-0.0,-0.06
2025-06-13 07:00:00-04:00,30.9,31.119999999999997,-0.0,-0.22
2025-06-13 08:00:00-04:00,29.58,29.639999999999997,-0.0,-0.06
2025-06-13 09:00:00-04:00,27.31,27.39,0.06,-0.14
2025-06-13 10:00:00-04:00,26.64,26.67,0.05,-0.08
2025-06-13 11:00:00-04:00,26.37,26.46,0.02,-0.11
2025-06-13 12:00:00-04:00,26.84,26.98,0.08,-0.22
2025-06-13 13:00:00-04:00,26.74,26.75,0.2,-0.21
2025-06-13 14:00:00-04:00,27.52,27.42,0.29,-0.19
2025-06-13 15:00:00-04:00,29.2,28.91,0.38,-0.09
2025-06-13 16:00:00-04:00,37.01,37.07,0.16,-0.22
2025-06-13 17:00:00-04:00,42.12,42.08,0.5,-0.46
2025-06-13 18:00:00-04:00,47.9,48.22,0.02,-0.34
2025-06-13 19:00:00-04:00,45.34,45.48,-0.0,-0.14
2025-06-13 20:00:00-04:00,43.4,43.53,-0.0,-0.13
2025-06-13 21:00:00-04:00,39.12,39.349999999999994,-0.0,-0.23
2025-06-13 22:00:00-04:00,34.3,34.54,-0.0,-0.24
2025-06-13 23:00:00-04:00,30.35,30.41,-0.0,-0.06
2025-06-14 00:00:00-04:00,31.62,31.68,-0.0,-0.06
2025-06-14 01:00:00-04:00,26.99,27.1,-0.0,-0.11
2025-06-14 02:00:00-04:00,24.37,24.44,-0.0,-0.07
2025-06-14 03:00:00-04:00,22.35,22.44,-0.0,-0.09
2025-06-14 04:00:00-04:00,22.04,22.13,-0.0,-0.09
2025-06-14 05:00:00-04:00,23.98,24.03,-0.0,-0.05
2025-06-14 06:00:00-04:00,24.87,25.07,-0.0,-0.2
2025-06-14 07:00:00-04:00,25.77,25.92,-0.0,-0.15
2025-06-14 08:00:00-04:00,26.28,26.44,-0.0,-0.16
2025-06-14 09:00:00-04:00,28.29,28.6,-0.0,-0.31
2025-06-14 10:00:00-04:00,28.35,28.66,-0.0,-0.31
2025-06-14 11:00:00-04:00,28.62,28.94,-0.0,-0.32
2025-06-14 12:00:00-04:00,27.7,28.04,-0.0,-0.34
2025-06-14 13:00:00-04:00,27.52,27.85,-0.0,-0.33
2025-06-14 14:00:00-04:00,27.71,27.96,-0.0,-0.25
2025-06-14 15:00:00-04:00,28.58,28.67,-0.0,-0.09
2025-06-14 16:00:00-04:00,28.77,28.71,-0.0,0.06
2025-06-14 17:00:00-04:00,33.02,33.050000000000004,-0.0,-0.03
2025-06-14 18:00:00-04:00,35.94,36.12,-0.0,-0.18
2025-06-14 19:00:00-04:00,36.18,36.18,-0.0,0.0
2025-06-14 20:00:00-04:00,35.17,35.17,-0.0,0.0
2025-06-14 21:00:00-04:00,33.84,33.940000000000005,-0.0,-0.1
2025-06-14 22:00:00-04:00,30.03,30.06,-0.0,-0.03
2025-06-14 23:00:00-04:00,27.24,27.13,-0.0,0.11
2025-06-15 00:00:00-04:00,28.23,27.98,-0.0,0.25
2025-06-15 01:00:00-04:00,24.79,24.59,-0.0,0.2
2025-06-15 02:00:00-04:00,21.23,21.02,-0.0,0.21
2025-06-15 03:00:00-04:00,20.88,20.67,-0.0,0.21
2025-06-15 04:00:00-04:00,20.92,20.67,-0.0,0.25
2025-06-15 05:00:00-04:00,21.37,21.18,-0.0,0.19
2025-06-15 06:00:00-04:00,21.86,21.62,-0.0,0.24
2025-06-15 07:00:00-04:00,21.75,21.6,-0.0,0.15
2025-06-15 08:00:00-04:00,22.36,22.2,-0.0,0.16
2025-06-15 09:00:00-04:00,22.31,22.18,-0.0,0.13
2025-06-15 10:00:00-04:00,23.53,23.41,-0.0,0.12
2025-06-15 11:00:00-04:00,23.46,23.34,-0.0,0.12
2025-06-15 12:00:00-04:00,23.68,23.49,-0.0,0.19
2025-06-15 13:00:00-04:00,23.65,23.56,-0.0,0.09
2025-06-15 14:00:00-04:00,23.02,22.88,-0.0,0.14
2025-06-15 15:00:00-04:00,22.91,22.77,-0.0,0.14
2025-06-15 16:00:00-04:00,25.9,25.77,-0.0,0.13
2025-06-15 17:00:00-04:00,29.55,29.49,-0.0,0.06
2025-06-15 18:00:00-04:00,32.75,32.65,-0.0,0.1
2025-06-15 19:00:00-04:00,34.88,34.71,-0.0,0.17
2025-06-15 20:00:00-04:00,37.06,37.02,-0.0,0.04
2025-06-15 21:00:00-04:00,34.72,34.69,-0.0,0.03
2025-06-15 22:00:00-04:00,30.7,30.61,-0.0,0.09
2025-06-15 23:00:00-04:00,26.71,26.52,-0.0,0.19
2025-06-16 00:00:00-04:00,28.02,27.69,-0.0,0.33
2025-06-16 01:00:00-04:00,25.1,24.75,-0.0,0.35
2025-06-16 02:00:00-04:00,22.45,22.23,-0.0,0.22
2025-06-16 03:00:00-04:00,21.26,21.03,-0.0,0.23
2025-06-16 04:00:00-04:00,21.57,21.29,-0.0,0.28
2025-06-16 05:00:00-04:00,24.52,24.35,-0.0,0.17
2025-06-16 06:00:00-04:00,29.51,29.540000000000003,-0.0,-0.03
2025-06-16 07:00:00-04:00,30.76,30.94,-0.0,-0.18
2025-06-16 08:00:00-04:00,31.12,31.06,-0.0,0.06
2025-06-16 09:00:00-04:00,28.63,28.6,-0.0,0.03
2025-06-16 10:00:00-04:00,28.22,28.16,-0.0,0.06
2025-06-16 11:00:00-04:00,28.51,28.450000000000003,-0.0,0.06
2025-06-16 12:00:00-04:00,30.05,30.02,-0.0,0.03
2025-06-16 13:00:00-04:00,30.04,29.98,-0.0,0.06
2025-06-16 14:00:00-04:00,30.7,30.7,-0.0,0.0
2025-06-16 15:00:00-04:00,31.06,31.0,-0.0,0.06
2025-06-16 16:00:00-04:00,33.93,33.9,-0.0,0.03
2025-06-16 17:00:00-04:00,39.24,39.28,-0.0,-0.04
2025-06-16 18:00:00-04:00,44.72,44.59,-0.0,0.13
2025-06-16 19:00:00-04:00,47.13,46.940000000000005,-0.0,0.19
2025-06-16 20:00:00-04:00,43.79,43.57,-0.0,0.22
2025-06-16 21:00:00-04:00,39.79,39.83,-0.0,-0.04
2025-06-16 22:00:00-04:00,33.26,33.23,-0.0,0.03
2025-06-16 23:00:00-04:00,28.3,28.16,-0.0,0.14
2025-06-17 00:00:00-04:00,27.4,26.91,-0.0,0.49
2025-06-17 01:00:00-04:00,24.78,24.290000000000003,-0.0,0.49
2025-06-17 02:00:00-04:00,22.5,22.21,-0.0,0.29
2025-06-17 03:00:00-04:00,20.91,20.68,-0.0,0.23
2025-06-17 04:00:00-04:00,21.43,21.2,-0.0,0.23
2025-06-17 05:00:00-04:00,25.12,24.9,-0.0,0.22
2025-06-17 06:00:00-04:00,30.19,30.16,-0.0,0.03
2025-06-17 07:00:00-04:00,33.16,33.29,-0.0,-0.13
2025-06-17 08:00:00-04:00,34.7,34.800000000000004,-0.0,-0.1
2025-06-17 09:00:00-04:00,33.48,33.449999999999996,-0.0,0.03
2025-06-17 10:00:00-04:00,35.26,35.3,-0.0,-0.04
2025-06-17 11:00:00-04:00,35.82,35.82,-0.0,0.0
2025-06-17 12:00:00-04:00,36.16,36.16,-0.0,0.0
2025-06-17 13:00:00-04:00,36.41,36.3,-0.0,0.11
2025-06-17 14:00:00-04:00,36.03,35.96,-0.0,0.07
2025-06-17 15:00:00-04:00,38.23,38.19,-0.0,0.04
2025-06-17 16:00:00-04:00,40.56,40.48,-0.0,0.08
2025-06-17 17:00:00-04:00,42.98,43.11,-0.0,-0.13
2025-06-17 18:00:00-04:00,46.61,46.42,-0.0,0.19
2025-06-17 19:00:00-04:00,48.43,48.09,-0.0,0.34
2025-06-17 20:00:00-04:00,45.79,45.47,-0.0,0.32
2025-06-17 21:00:00-04:00,41.35,41.14,-0.0,0.21
2025-06-17 22:00:00-04:00,35.48,35.3,-0.0,0.18
2025-06-17 23:00:00-04:00,31.0,30.66,-0.0,0.34
2025-06-18 00:00:00-04:00,30.23,29.87,-0.0,0.36
2025-06-18 01:00:00-04:00,26.67,26.35,-0.0,0.32
2025-06-18 02:00:00-04:00,24.43,24.19,-0.0,0.24
2025-06-18 03:00:00-04:00,24.31,24.119999999999997,-0.0,0.19
2025-06-18 04:00:00-04:00,24.46,24.29,-0.0,0.17
2025-06-18 05:00:00-04:00,25.55,25.22,-0.0,0.33
2025-06-18 06:00:00-04:00,32.94,32.739999999999995,-0.0,0.2
2025-06-18 07:00:00-04:00,34.25,33.74,-0.0,0.51
2025-06-18 08:00:00-04:00,38.87,38.599999999999994,-0.0,0.27
2025-06-18 09:00:00-04:00,39.81,39.53,-0.0,0.28
2025-06-18 10:00:00-04:00,41.08,40.83,-0.0,0.25
2025-06-18 11:00:00-04:00,42.12,41.83,-0.0,0.29
2025-06-18 12:00:00-04:00,42.85,42.51,-0.0,0.34
2025-06-18 13:00:00-04:00,44.88,44.66,-0.0,0.22
2025-06-18 14:00:00-04:00,48.24,47.95,-0.0,0.29
2025-06-18 15:00:00-04:00,52.47,52.52,-0.0,-0.05
2025-06-18 16:00:00-04:00,52.35,52.190000000000005,-0.0,0.16
2025-06-18 17:00:00-04:00,57.18,56.5,-0.0,0.68
2025-06-18 18:00:00-04:00,59.22,58.0,-0.0,1.22
2025-06-18 19:00:00-04:00,57.03,56.02,-0.0,1.01
2025-06-18 20:00:00-04:00,56.19,55.58,-0.0,0.61
2025-06-18 21:00:00-04:00,48.79,48.26,-0.0,0.53
2025-06-18 22:00:00-04:00,41.62,41.45,-0.0,0.17
2025-06-18 23:00:00-04:00,37.07,37.0,-0.0,0.07
2025-06-19 00:00:00-04:00,39.43,39.71,-0.0,-0.28
2025-06-19 01:00:00-04:00,35.45,35.7,-0.0,-0.25
2025-06-19 02:00:00-04:00,32.12,32.48,-0.0,-0.36
2025-06-19 03:00:00-04:00,29.89,30.1,-0.0,-0.21
2025-06-19 04:00:00-04:00,29.35,29.59,-0.0,-0.24
2025-06-19 05:00:00-04:00,34.05,34.43,-0.0,-0.38
2025-06-19 06:00:00-04:00,37.91,38.029999999999994,0.14,-0.26
2025-06-19 07:00:00-04:00,44.14,41.77,2.66,-0.29
2025-06-19 08:00:00-04:00,42.8,43.15,-0.0,-0.35
2025-06-19 09:00:00-04:00,42.87,43.169999999999995,-0.0,-0.3
2025-06-19 10:00:00-04:00,43.52,43.82,-0.0,-0.3
2025-06-19 11:00:00-04:00,44.96,45.27,-0.0,-0.31
2025-06-19 12:00:00-04:00,49.78,50.18,-0.0,-0.4
2025-06-19 13:00:00-04:00,52.27,52.690000000000005,-0.0,-0.42
2025-06-19 14:00:00-04:00,55.46,56.02,-0.0,-0.56
2025-06-19 15:00:00-04:00,56.81,56.470000000000006,0.62,-0.28
2025-06-19 16:00:00-04:00,58.29,56.53,1.87,-0.11
2025-06-19 17:00:00-04:00,60.51,56.65,3.63,0.23
2025-06-19 18:00:00-04:00,60.3,56.71,3.19,0.4
2025-06-19 19:00:00-04:00,63.23,62.48,-0.0,0.75
2025-06-19 20:00:00-04:00,57.1,56.48,-0.0,0.62
2025-06-19 21:00:00-04:00,53.23,52.959999999999994,-0.0,0.27
2025-06-19 22:00:00-04:00,45.93,45.84,-0.0,0.09
2025-06-19 23:00:00-04:00,40.07,39.79,-0.0,0.28
2025-06-20 00:00:00-04:00,41.57,41.74,-0.0,-0.17
2025-06-20 01:00:00-04:00,37.38,37.64,-0.0,-0.26
2025-06-20 02:00:00-04:00,33.35,33.480000000000004,-0.0,-0.13
2025-06-20 03:00:00-04:00,33.07,33.17,-0.0,-0.1
2025-06-20 04:00:00-04:00,32.15,32.309999999999995,-0.0,-0.16
2025-06-20 05:00:00-04:00,31.23,31.23,-0.0,0.0
2025-06-20 06:00:00-04:00,33.91,33.739999999999995,-0.0,0.17
2025-06-20 07:00:00-04:00,34.41,34.199999999999996,-0.0,0.21
2025-06-20 08:00:00-04:00,36.6,36.38,-0.0,0.22
2025-06-20 09:00:00-04:00,35.01,34.76,-0.0,0.25
2025-06-20 10:00:00-04:00,36.08,35.83,-0.0,0.25
2025-06-20 11:00:00-04:00,37.47,37.25,-0.0,0.22
2025-06-20 12:00:00-04:00,38.84,38.760000000000005,-0.0,0.08
2025-06-20 13:00:00-04:00,41.79,41.75,-0.0,0.04
2025-06-20 14:00:00-04:00,44.34,44.43000000000001,-0.0,-0.09
2025-06-20 15:00:00-04:00,46.3,46.25,-0.0,0.05
2025-06-20 16:00:00-04:00,51.78,51.68,-0.0,0.1
2025-06-20 17:00:00-04:00,56.92,56.41,-0.0,0.51
2025-06-20 18:00:00-04:00,57.2,56.41,-0.0,0.79
2025-06-20 19:00:00-04:00,57.43,56.3,-0.0,1.13
2025-06-20 20:00:00-04:00,54.72,54.02,-0.0,0.7
2025-06-20 21:00:00-04:00,51.91,51.34,-0.0,0.57
2025-06-20 22:00:00-04:00,45.61,45.38,-0.0,0.23
2025-06-20 23:00:00-04:00,40.77,40.690000000000005,-0.0,0.08
2025-06-21 00:00:00-04:00,39.23,38.959999999999994,-0.0,0.27
2025-06-21 01:00:00-04:00,35.26,34.98,-0.0,0.28
2025-06-21 02:00:00-04:00,32.86,32.7,-0.0,0.16
2025-06-21 03:00:00-04:00,31.03,31.0,-0.0,0.03
2025-06-21 04:00:00-04:00,30.34,30.37,-0.0,-0.03
2025-06-21 05:00:00-04:00,29.83,29.74,-0.0,0.09
2025-06-21 06:00:00-04:00,30.45,30.3,-0.0,0.15
2025-06-21 07:00:00-04:00,31.78,31.53,-0.0,0.25
2025-06-21 08:00:00-04:00,33.46,33.39,-0.0,0.07
2025-06-21 09:00:00-04:00,34.97,34.87,-0.0,0.1
2025-06-21 10:00:00-04:00,37.78,37.74,-0.0,0.04
2025-06-21 11:00:00-04:00,40.48,40.599999999999994,-0.0,-0.12
2025-06-21 12:00:00-04:00,44.73,44.82,-0.0,-0.09
2025-06-21 13:00:00-04:00,45.91,46.09,-0.0,-0.18
2025-06-21 14:00:00-04:00,47.7,47.99,-0.0,-0.29
2025-06-21 15:00:00-04:00,50.79,51.04,-0.0,-0.25
2025-06-21 16:00:00-04:00,55.24,55.18,-0.0,0.06
2025-06-21 17:00:00-04:00,59.83,59.239999999999995,-0.0,0.59
2025-06-21 18:00:00-04:00,62.34,61.85,-0.0,0.49
2025-06-21 19:00:00-04:00,58.65,57.73,-0.0,0.92
2025-06-21 20:00:00-04:00,56.64,56.19,-0.0,0.45
2025-06-21 21:00:00-04:00,52.42,52.58,-0.0,-0.16
2025-06-21 22:00:00-04:00,47.82,47.96,-0.0,-0.14
2025-06-21 23:00:00-04:00,43.1,43.32,-0.0,-0.22
2025-06-22 00:00:00-04:00,35.91,35.38999999999999,0.45,0.07
2025-06-22 01:00:00-04:00,34.07,33.67,0.3,0.1
2025-06-22 02:00:00-04:00,32.75,32.62,-0.0,0.13
2025-06-22 03:00:00-04:00,30.71,30.62,-0.0,0.09
2025-06-22 04:00:00-04:00,29.86,29.71,0.15,0.0
2025-06-22 05:00:00-04:00,29.23,28.99,0.21,0.03
2025-06-22 06:00:00-04:00,27.82,27.65,-0.0,0.17
2025-06-22 07:00:00-04:00,29.8,29.68,-0.0,0.12
2025-06-22 08:00:00-04:00,33.23,33.099999999999994,-0.0,0.13
2025-06-22 09:00:00-04:00,39.82,39.58,-0.0,0.24
2025-06-22 10:00:00-04:00,45.76,45.809999999999995,-0.0,-0.05
2025-06-22 11:00:00-04:00,49.67,49.47,-0.0,0.2
2025-06-22 12:00:00-04:00,55.05,54.74,0.15,0.16
2025-06-22 13:00:00-04:00,56.54,56.37,-0.0,0.17
2025-06-22 14:00:00-04:00,57.22,56.82,-0.0,0.4
2025-06-22 15:00:00-04:00,65.0,64.36,-0.0,0.64
2025-06-22 16:00:00-04:00,78.21,76.89999999999999,-0.0,1.31
2025-06-22 17:00:00-04:00,96.31,94.33,-0.0,1.98
2025-06-22 18:00:00-04:00,104.97,102.61,-0.0,2.36
2025-06-22 19:00:00-04:00,95.19,92.78,-0.0,2.41
2025-06-22 20:00:00-04:00,83.41,81.06,-0.0,2.35
2025-06-22 21:00:00-04:00,73.39,71.53,-0.0,1.86
2025-06-22 22:00:00-04:00,64.61,63.22,-0.0,1.39
2025-06-22 23:00:00-04:00,57.83,56.59,-0.0,1.24
2025-06-23 00:00:00-04:00,59.65,58.37,-0.0,1.28
2025-06-23 01:00:00-04:00,56.06,55.29,-0.0,0.77
2025-06-23 02:00:00-04:00,53.52,52.99,-0.0,0.53
2025-06-23 03:00:00-04:00,49.75,49.36,-0.0,0.39
2025-06-23 04:00:00-04:00,47.5,47.17,-0.0,0.33
2025-06-23 05:00:00-04:00,50.93,50.48,-0.0,0.45
2025-06-23 06:00:00-04:00,53.37,52.84,-0.0,0.53
2025-06-23 07:00:00-04:00,56.92,56.190000000000005,-0.0,0.73
2025-06-23 08:00:00-04:00,58.97,57.76,-0.0,1.21
2025-06-23 09:00:00-04:00,61.68,60.35,-0.0,1.33
2025-06-23 10:00:00-04:00,72.94,71.23,-0.0,1.71
2025-06-23 11:00:00-04:00,82.64,80.37,-0.06,2.33
2025-06-23 12:00:00-04:00,113.88,108.7,2.36,2.82
2025-06-23 13:00:00-04:00,134.12,131.24,-0.0,2.88
2025-06-23 14:00:00-04:00,154.79,151.04999999999998,0.72,3.02
2025-06-23 15:00:00-04:00,172.3,169.12,0.81,2.37
2025-06-23 16:00:00-04:00,217.9,210.28,4.05,3.57
2025-06-23 17:00:00-04:00,255.95,245.26,6.04,4.65
2025-06-23 18:00:00-04:00,230.43,213.44,11.88,5.11
2025-06-23 19:00:00-04:00,193.18,182.95,4.38,5.85
2025-06-23 20:00:00-04:00,180.88,172.35,2.5,6.03
2025-06-23 21:00:00-04:00,118.66,114.76,-0.0,3.9
2025-06-23 22:00:00-04:00,81.12,78.38000000000001,-0.0,2.74
2025-06-23 23:00:00-04:00,69.26,67.51,-0.0,1.75
2025-06-24 00:00:00-04:00,59.79,59.14,-0.0,0.65
2025-06-24 01:00:00-04:00,56.82,56.48,-0.0,0.34
2025-06-24 02:00:00-04:00,54.54,54.43,-0.0,0.11
2025-06-24 03:00:00-04:00,49.64,49.44,-0.0,0.2
2025-06-24 04:00:00-04:00,48.21,48.16,-0.0,0.05
2025-06-24 05:00:00-04:00,51.56,51.46,-0.0,0.1
2025-06-24 06:00:00-04:00,54.44,54.01,-0.0,0.43
2025-06-24 07:00:00-04:00,57.51,57.0,-0.0,0.51
2025-06-24 08:00:00-04:00,61.89,61.22,-0.0,0.67
2025-06-24 09:00:00-04:00,64.92,64.09,-0.0,0.83
2025-06-24 10:00:00-04:00,74.57,73.02999999999999,-0.0,1.54
2025-06-24 11:00:00-04:00,88.17,85.94,-0.0,2.23
2025-06-24 12:00:00-04:00,115.06,113.02,-0.0,2.04
2025-06-24 13:00:00-04:00,140.55,138.75,-0.0,1.8
2025-06-24 14:00:00-04:00,164.51,162.72,-0.0,1.79
2025-06-24 15:00:00-04:00,174.87,170.53,2.81,1.53
2025-06-24 16:00:00-04:00,236.7,230.38,4.93,1.39
2025-06-24 17:00:00-04:00,270.81,262.55,6.17,2.09
2025-06-24 18:00:00-04:00,271.76,260.45,8.44,2.87
2025-06-24 19:00:00-04:00,246.78,237.57,4.93,4.28
2025-06-24 20:00:00-04:00,205.95,201.71,-0.0,4.24
2025-06-24 21:00:00-04:00,137.76,134.01,-0.0,3.75
2025-06-24 22:00:00-04:00,95.08,92.49,-0.0,2.59
2025-06-24 23:00:00-04:00,73.51,71.93,-0.0,1.58
2025-06-25 00:00:00-04:00,69.62,68.86,-0.0,0.76
2025-06-25 01:00:00-04:00,65.4,64.94000000000001,-0.0,0.46
2025-06-25 02:00:00-04:00,60.67,60.73,-0.0,-0.06
2025-06-25 03:00:00-04:00,56.37,56.48,-0.0,-0.11
2025-06-25 04:00:00-04:00,55.8,56.19,-0.0,-0.39
2025-06-25 05:00:00-04:00,57.04,57.15,-0.0,-0.11
2025-06-25 06:00:00-04:00,57.34,57.510000000000005,-0.0,-0.17
2025-06-25 07:00:00-04:00,63.27,63.330000000000005,-0.0,-0.06
2025-06-25 08:00:00-04:00,67.36,67.42999999999999,-0.0,-0.07
2025-06-25 09:00:00-04:00,71.69,71.55,-0.0,0.14
2025-06-25 10:00:00-04:00,72.43,72.07000000000001,-0.0,0.36
2025-06-25 11:00:00-04:00,76.91,75.99,-0.0,0.92
2025-06-25 12:00:00-04:00,92.46,91.54,-0.0,0.92
2025-06-25 13:00:00-04:00,110.77,109.89,-0.0,0.88
2025-06-25 14:00:00-04:00,123.95,121.95,1.63,0.37
2025-06-25 15:00:00-04:00,134.46,131.46,2.47,0.53
2025-06-25 16:00:00-04:00,167.66,162.82,4.02,0.82
2025-06-25 17:00:00-04:00,193.42,185.13,7.17,1.12
2025-06-25 18:00:00-04:00,210.99,205.59000000000003,3.76,1.64
2025-06-25 19:00:00-04:00,186.98,183.25,0.81,2.92
2025-06-25 20:00:00-04:00,126.59,122.3,1.84,2.45
2025-06-25 21:00:00-04:00,95.45,92.88,0.62,1.95
2025-06-25 22:00:00-04:00,75.23,73.9,-0.0,1.33
2025-06-25 23:00:00-04:00,64.68,64.17,-0.0,0.51
2025-06-26 00:00:00-04:00,51.63,51.120000000000005,-0.0,0.51
2025-06-26 01:00:00-04:00,49.31,48.96,-0.0,0.35
2025-06-26 02:00:00-04:00,47.25,47.06,-0.0,0.19
2025-06-26 03:00:00-04:00,45.08,44.989999999999995,-0.0,0.09
2025-06-26 04:00:00-04:00,43.13,43.17,-0.0,-0.04
2025-06-26 05:00:00-04:00,44.54,44.41,-0.0,0.13
2025-06-26 06:00:00-04:00,46.41,46.36,-0.0,0.05
2025-06-26 07:00:00-04:00,46.21,45.75,-0.0,0.46
2025-06-26 08:00:00-04:00,47.84,47.46,-0.0,0.38
2025-06-26 09:00:00-04:00,49.93,49.58,-0.0,0.35
2025-06-26 10:00:00-04:00,48.4,47.87,-0.0,0.53
2025-06-26 11:00:00-04:00,49.41,48.87,-0.0,0.54
2025-06-26 12:00:00-04:00,51.16,50.25,-0.0,0.91
2025-06-26 13:00:00-04:00,54.18,53.28,-0.0,0.9
2025-06-26 14:00:00-04:00,53.3,52.41,-0.0,0.89
2025-06-26 15:00:00-04:00,54.21,53.25,-0.0,0.96
2025-06-26 16:00:00-04:00,56.91,56.12,-0.0,0.79
2025-06-26 17:00:00-04:00,60.12,59.059999999999995,-0.0,1.06
2025-06-26 18:00:00-04:00,57.32,56.36,-0.0,0.96
2025-06-26 19:00:00-04:00,56.8,55.79,-0.0,1.01
2025-06-26 20:00:00-04:00,50.96,49.86,-0.0,1.1
2025-06-26 21:00:00-04:00,46.81,46.120000000000005,-0.0,0.69
2025-06-26 22:00:00-04:00,41.38,41.010000000000005,-0.0,0.37
2025-06-26 23:00:00-04:00,37.2,36.650000000000006,-0.0,0.55
2025-06-27 00:00:00-04:00,39.01,38.47,-0.0,0.54
2025-06-27 01:00:00-04:00,35.11,34.56,-0.0,0.55
2025-06-27 02:00:00-04:00,31.85,31.380000000000003,-0.0,0.47
2025-06-27 03:00:00-04:00,29.45,28.96,-0.0,0.49
2025-06-27 04:00:00-04:00,30.0,29.56,-0.0,0.44
2025-06-27 05:00:00-04:00,30.97,30.57,-0.0,0.4
2025-06-27 06:00:00-04:00,38.84,38.53,-0.0,0.31
2025-06-27 07:00:00-04:00,39.99,39.79,-0.0,0.2
2025-06-27 08:00:00-04:00,42.54,42.37,-0.0,0.17
2025-06-27 09:00:00-04:00,41.4,41.19,-0.0,0.21
2025-06-27 10:00:00-04:00,39.16,38.93,-0.0,0.23
2025-06-27 11:00:00-04:00,38.8,38.489999999999995,-0.0,0.31
2025-06-27 12:00:00-04:00,40.36,39.84,-0.0,0.52
2025-06-27 13:00:00-04:00,40.73,40.209999999999994,-0.0,0.52
2025-06-27 14:00:00-04:00,41.03,40.46,-0.0,0.57
2025-06-27 15:00:00-04:00,42.2,41.66,-0.0,0.54
2025-06-27 16:00:00-04:00,45.74,45.06,-0.0,0.68
2025-06-27 17:00:00-04:00,47.51,46.94,-0.0,0.57
2025-06-27 18:00:00-04:00,45.77,45.14,-0.0,0.63
2025-06-27 19:00:00-04:00,46.28,45.6,-0.0,0.68
2025-06-27 20:00:00-04:00,41.66,40.88999999999999,-0.0,0.77
2025-06-27 21:00:00-04:00,39.58,38.879999999999995,-0.0,0.7
2025-06-27 22:00:00-04:00,35.68,35.22,-0.0,0.46
2025-06-27 23:00:00-04:00,31.11,30.53,-0.0,0.58
2025-06-28 00:00:00-04:00,33.75,33.45,-0.0,0.3
2025-06-28 01:00:00-04:00,28.81,28.41,-0.0,0.4
2025-06-28 02:00:00-04:00,26.5,26.11,-0.0,0.39
2025-06-28 03:00:00-04:00,27.39,27.12,-0.0,0.27
2025-06-28 04:00:00-04:00,26.14,25.96,-0.0,0.18
2025-06-28 05:00:00-04:00,27.26,27.020000000000003,-0.0,0.24
2025-06-28 06:00:00-04:00,26.17,25.860000000000003,-0.0,0.31
2025-06-28 07:00:00-04:00,29.07,28.72,-0.0,0.35
2025-06-28 08:00:00-04:00,32.34,31.960000000000004,-0.0,0.38
2025-06-28 09:00:00-04:00,35.77,35.42,-0.0,0.35
2025-06-28 10:00:00-04:00,39.88,39.370000000000005,-0.0,0.51
2025-06-28 11:00:00-04:00,41.37,40.76,-0.0,0.61
2025-06-28 12:00:00-04:00,41.58,41.01,-0.0,0.57
2025-06-28 13:00:00-04:00,44.45,43.84,-0.0,0.61
2025-06-28 14:00:00-04:00,43.84,43.32,-0.0,0.52
2025-06-28 15:00:00-04:00,48.28,47.94,-0.0,0.34
2025-06-28 16:00:00-04:00,50.47,50.17,-0.0,0.3
2025-06-28 17:00:00-04:00,60.79,60.19,-0.0,0.6
2025-06-28 18:00:00-04:00,62.28,61.6,-0.0,0.68
2025-06-28 19:00:00-04:00,64.73,63.580000000000005,-0.0,1.15
2025-06-28 20:00:00-04:00,62.64,61.53,-0.0,1.11
2025-06-28 21:00:00-04:00,54.09,53.13,-0.0,0.96
2025-06-28 22:00:00-04:00,49.27,48.3,-0.0,0.97
2025-06-28 23:00:00-04:00,44.78,43.82,-0.0,0.96
2025-06-29 00:00:00-04:00,37.21,36.95,-0.0,0.26
2025-06-29 01:00:00-04:00,34.02,33.75,-0.0,0.27
2025-06-29 02:00:00-04:00,30.21,29.97,-0.0,0.24
2025-06-29 03:00:00-04:00,28.58,28.52,-0.0,0.06
2025-06-29 04:00:00-04:00,28.6,28.51,-0.0,0.09
2025-06-29 05:00:00-04:00,28.04,28.01,-0.0,0.03
2025-06-29 06:00:00-04:00,27.96,27.9,-0.0,0.06
2025-06-29 07:00:00-04:00,28.4,28.31,-0.0,0.09
2025-06-29 08:00:00-04:00,28.17,28.23,-0.0,-0.06
2025-06-29 09:00:00-04:00,30.4,30.34,-0.0,0.06
2025-06-29 10:00:00-04:00,31.38,31.32,-0.0,0.06
2025-06-29 11:00:00-04:00,35.05,34.94,-0.0,0.11
2025-06-29 12:00:00-04:00,37.51,37.43,-0.0,0.08
2025-06-29 13:00:00-04:00,40.33,40.29,-0.0,0.04
2025-06-29 14:00:00-04:00,43.12,42.989999999999995,-0.0,0.13
2025-06-29 15:00:00-04:00,47.52,47.23,-0.0,0.29
2025-06-29 16:00:00-04:00,53.78,53.3,-0.0,0.48
2025-06-29 17:00:00-04:00,57.77,57.2,-0.0,0.57
2025-06-29 18:00:00-04:00,71.92,71.06,-0.0,0.86
2025-06-29 19:00:00-04:00,68.33,67.52,-0.0,0.81
2025-06-29 20:00:00-04:00,62.84,61.970000000000006,-0.0,0.87
2025-06-29 21:00:00-04:00,57.49,56.98,-0.0,0.51
2025-06-29 22:00:00-04:00,49.66,49.309999999999995,-0.0,0.35
2025-06-29 23:00:00-04:00,44.21,43.86,-0.0,0.35
2025-06-30 00:00:00-04:00,42.21,41.79,-0.0,0.42
2025-06-30 01:00:00-04:00,37.16,36.83,-0.0,0.33
2025-06-30 02:00:00-04:00,34.34,33.970000000000006,-0.0,0.37
2025-06-30 03:00:00-04:00,31.64,31.36,-0.0,0.28
2025-06-30 04:00:00-04:00,31.25,30.97,-0.0,0.28
2025-06-30 05:00:00-04:00,32.65,32.26,-0.0,0.39
2025-06-30 06:00:00-04:00,34.82,34.68,-0.0,0.14
2025-06-30 07:00:00-04:00,37.7,37.66,-0.0,0.04
2025-06-30 08:00:00-04:00,42.98,43.02,-0.0,-0.04
2025-06-30 09:00:00-04:00,43.56,43.34,-0.0,0.22
2025-06-30 10:00:00-04:00,46.52,46.06,-0.0,0.46
2025-06-30 11:00:00-04:00,49.62,49.129999999999995,-0.0,0.49
2025-06-30 12:00:00-04:00,56.09,55.1,-0.0,0.99
2025-06-30 13:00:00-04:00,57.1,55.82,-0.0,1.28
2025-06-30 14:00:00-04:00,62.32,61.1,-0.0,1.22
2025-06-30 15:00:00-04:00,65.9,64.61,-0.0,1.29
2025-06-30 16:00:00-04:00,78.87,76.87,-0.0,2.0
2025-06-30 17:00:00-04:00,92.01,89.42,-0.0,2.59
2025-06-30 18:00:00-04:00,92.86,89.98,-0.0,2.88
2025-06-30 19:00:00-04:00,87.39,84.44,-0.0,2.95
2025-06-30 20:00:00-04:00,77.19,75.16,-0.0,2.03
2025-06-30 21:00:00-04:00,66.44,64.50999999999999,-0.0,1.93
2025-06-30 22:00:00-04:00,56.58,55.47,-0.0,1.11
2025-06-30 23:00:00-04:00,50.75,50.0,-0.0,0.75
2025-07-01 00:00:00-04:00,45.27,44.870000000000005,-0.0,0.4
2025-07-01 01:00:00-04:00,39.7,39.5,-0.0,0.2
2025-07-01 02:00:00-04:00,36.63,36.59,-0.0,0.04
2025-07-01 03:00:00-04:00,33.45,33.45,-0.0,0.0
2025-07-01 04:00:00-04:00,33.47,33.47,-0.0,0.0
2025-07-01 05:00:00-04:00,38.46,38.42,-0.0,0.04
2025-07-01 06:00:00-04:00,41.51,41.51,-0.0,0.0
2025-07-01 07:00:00-04:00,44.18,44.18,-0.0,0.0
2025-07-01 08:00:00-04:00,46.62,46.43,-0.0,0.19
2025-07-01 09:00:00-04:00,48.26,47.919999999999995,-0.0,0.34
2025-07-01 10:00:00-04:00,49.95,49.7,-0.0,0.25
2025-07-01 11:00:00-04:00,52.34,52.03,-0.0,0.31
2025-07-01 12:00:00-04:00,55.92,55.64,-0.0,0.28
2025-07-01 13:00:00-04:00,60.27,59.91,-0.0,0.36
2025-07-01 14:00:00-04:00,64.5,63.8,-0.0,0.7
2025-07-01 15:00:00-04:00,63.3,61.92,1.19,0.19
2025-07-01 16:00:00-04:00,70.83,70.13,-0.0,0.7
2025-07-01 17:00:00-04:00,77.71,76.94,-0.0,0.77
2025-07-01 18:00:00-04:00,78.97,77.5,-0.0,1.47
2025-07-01 19:00:00-04:00,78.66,77.27,-0.0,1.39
2025-07-01 20:00:00-04:00,71.52,70.39999999999999,-0.0,1.12
2025-07-01 21:00:00-04:00,60.47,59.75,-0.0,0.72
2025-07-01 22:00:00-04:00,52.02,51.3,-0.0,0.72
2025-07-01 23:00:00-04:00,49.55,48.72,-0.0,0.83
2025-07-02 00:00:00-04:00,46.59,46.36000000000001,-0.0,0.23
2025-07-02 01:00:00-04:00,42.28,41.74,-0.0,0.54
2025-07-02 02:00:00-04:00,36.67,36.41,-0.0,0.26
2025-07-02 03:00:00-04:00,34.35,34.11,-0.0,0.24
2025-07-02 04:00:00-04:00,33.82,33.68,-0.0,0.14
2025-07-02 05:00:00-04:00,36.09,35.800000000000004,-0.0,0.29
2025-07-02 06:00:00-04:00,39.24,39.04,-0.0,0.2
2025-07-02 07:00:00-04:00,44.96,45.0,-0.0,-0.04
2025-07-02 08:00:00-04:00,48.35,48.5,-0.0,-0.15
2025-07-02 09:00:00-04:00,48.52,48.620000000000005,-0.0,-0.1
2025-07-02 10:00:00-04:00,46.54,46.54,-0.0,0.0
2025-07-02 11:00:00-04:00,49.71,49.56,-0.0,0.15
2025-07-02 12:00:00-04:00,52.01,51.75,-0.0,0.26
2025-07-02 13:00:00-04:00,56.06,55.72,-0.0,0.34
2025-07-02 14:00:00-04:00,59.18,58.94,-0.0,0.24
2025-07-02 15:00:00-04:00,62.11,61.68,-0.0,0.43
2025-07-02 16:00:00-04:00,67.49,66.75,-0.0,0.74
2025-07-02 17:00:00-04:00,76.59,75.61,-0.0,0.98
2025-07-02 18:00:00-04:00,80.73,78.84,-0.0,1.89
2025-07-02 19:00:00-04:00,77.8,76.42,-0.0,1.38
2025-07-02 20:00:00-04:00,67.92,66.72,-0.0,1.2
2025-07-02 21:00:00-04:00,60.7,60.040000000000006,-0.0,0.66
2025-07-02 22:00:00-04:00,51.73,51.22,-0.0,0.51
2025-07-02 23:00:00-04:00,46.85,46.57,-0.0,0.28
2025-07-03 00:00:00-04:00,45.36,45.09,-0.0,0.27
2025-07-03 01:00:00-04:00,41.94,41.809999999999995,-0.0,0.13
2025-07-03 02:00:00-04:00,35.73,35.449999999999996,-0.0,0.28
2025-07-03 03:00:00-04:00,33.27,33.27,-0.0,0.0
2025-07-03 04:00:00-04:00,32.75,32.72,-0.0,0.03
2025-07-03 05:00:00-04:00,36.25,36.36,-0.0,-0.11
2025-07-03 06:00:00-04:00,39.65,39.809999999999995,-0.0,-0.16
2025-07-03 07:00:00-04:00,41.31,41.52,-0.0,-0.21
2025-07-03 08:00:00-04:00,43.29,43.25,-0.0,0.04
2025-07-03 09:00:00-04:00,43.54,43.32,-0.0,0.22
2025-07-03 10:00:00-04:00,43.07,42.85,-0.0,0.22
2025-07-03 11:00:00-04:00,48.06,47.77,-0.0,0.29
2025-07-03 12:00:00-04:00,51.77,51.46,-0.0,0.31
2025-07-03 13:00:00-04:00,54.54,54.38,-0.0,0.16
2025-07-03 14:00:00-04:00,58.79,58.67,-0.0,0.12
2025-07-03 15:00:00-04:00,61.85,61.79,-0.0,0.06
2025-07-03 16:00:00-04:00,66.08,65.75,-0.0,0.33
2025-07-03 17:00:00-04:00,75.18,74.88000000000001,-0.0,0.3
2025-07-03 18:00:00-04:00,75.69,75.39,-0.0,0.3
2025-07-03 19:00:00-04:00,71.86,70.94,-0.0,0.92
2025-07-03 20:00:00-04:00,63.87,63.11,-0.0,0.76
2025-07-03 21:00:00-04:00,58.74,58.1,-0.0,0.64
2025-07-03 22:00:00-04:00,51.47,50.84,0.12,0.51
2025-07-03 23:00:00-04:00,46.35,46.120000000000005,-0.0,0.23
2025-07-04 00:00:00-04:00,42.6,42.6,-0.0,0.0
2025-07-04 01:00:00-04:00,38.3,37.809999999999995,-0.0,0.49
2025-07-04 02:00:00-04:00,32.84,32.45,-0.0,0.39
2025-07-04 03:00:00-04:00,31.96,31.8,-0.0,0.16
2025-07-04 04:00:00-04:00,31.61,31.39,-0.0,0.22
2025-07-04 05:00:00-04:00,31.76,31.540000000000003,-0.0,0.22
2025-07-04 06:00:00-04:00,31.65,31.709999999999997,-0.0,-0.06
2025-07-04 07:00:00-04:00,29.97,30.03,-0.0,-0.06
2025-07-04 08:00:00-04:00,29.97,30.06,-0.0,-0.09
2025-07-04 09:00:00-04:00,29.41,29.56,-0.0,-0.15
2025-07-04 10:00:00-04:00,30.21,30.24,-0.0,-0.03
2025-07-04 11:00:00-04:00,32.26,32.29,-0.0,-0.03
2025-07-04 12:00:00-04:00,35.72,35.58,-0.0,0.14
2025-07-04 13:00:00-04:00,39.37,39.21,-0.0,0.16
2025-07-04 14:00:00-04:00,41.35,41.27,-0.0,0.08
2025-07-04 15:00:00-04:00,45.4,45.4,-0.0,0.0
2025-07-04 16:00:00-04:00,51.47,51.32,-0.0,0.15
2025-07-04 17:00:00-04:00,58.83,58.42,-0.0,0.41
2025-07-04 18:00:00-04:00,61.14,60.36,-0.0,0.78
2025-07-04 19:00:00-04:00,59.53,58.71,-0.0,0.82
2025-07-04 20:00:00-04:00,55.27,54.67,-0.0,0.6
2025-07-04 21:00:00-04:00,50.36,49.32,0.35,0.69
2025-07-04 22:00:00-04:00,44.59,44.190000000000005,-0.0,0.4
2025-07-04 23:00:00-04:00,39.36,39.12,-0.0,0.24
2025-07-05 00:00:00-04:00,39.39,38.96,-0.0,0.43
2025-07-05 01:00:00-04:00,34.14,33.97,-0.0,0.17
2025-07-05 02:00:00-04:00,31.01,30.85,-0.0,0.16
2025-07-05 03:00:00-04:00,29.45,29.45,-0.0,0.0
2025-07-05 04:00:00-04:00,28.34,28.34,-0.0,0.0
2025-07-05 05:00:00-04:00,28.74,28.6,-0.0,0.14
2025-07-05 06:00:00-04:00,27.65,27.59,-0.0,0.06
2025-07-05 07:00:00-04:00,27.85,27.66,-0.0,0.19
2025-07-05 08:00:00-04:00,27.68,27.51,-0.0,0.17
2025-07-05 09:00:00-04:00,31.9,31.77,-0.0,0.13
2025-07-05 10:00:00-04:00,34.54,34.33,-0.0,0.21
2025-07-05 11:00:00-04:00,37.23,37.04,-0.0,0.19
2025-07-05 12:00:00-04:00,41.47,41.3,-0.0,0.17
2025-07-05 13:00:00-04:00,44.2,44.11,-0.0,0.09
2025-07-05 14:00:00-04:00,46.84,46.38,-0.0,0.46
2025-07-05 15:00:00-04:00,50.49,49.940000000000005,-0.0,0.55
2025-07-05 16:00:00-04:00,59.19,58.37,-0.0,0.82
2025-07-05 17:00:00-04:00,65.12,64.03,-0.0,1.09
2025-07-05 18:00:00-04:00,68.13,66.53999999999999,-0.0,1.59
2025-07-05 19:00:00-04:00,66.53,64.65,-0.0,1.88
2025-07-05 20:00:00-04:00,64.2,62.82,-0.0,1.38
2025-07-05 21:00:00-04:00,58.37,57.23,-0.0,1.14
2025-07-05 22:00:00-04:00,50.04,49.2,-0.0,0.84
2025-07-05 23:00:00-04:00,45.57,44.63,-0.0,0.94
2025-07-06 00:00:00-04:00,40.0,39.33,-0.0,0.67
2025-07-06 01:00:00-04:00,34.41,34.029999999999994,-0.0,0.38
2025-07-06 02:00:00-04:00,31.49,31.209999999999997,-0.0,0.28
2025-07-06 03:00:00-04:00,30.3,30.06,-0.0,0.24
2025-07-06 04:00:00-04:00,29.19,29.040000000000003,-0.0,0.15
2025-07-06 05:00:00-04:00,28.78,28.78,-0.0,0.0
2025-07-06 06:00:00-04:00,28.92,28.83,-0.0,0.09
2025-07-06 07:00:00-04:00,28.64,28.61,-0.0,0.03
2025-07-06 08:00:00-04:00,31.23,31.11,-0.0,0.12
2025-07-06 09:00:00-04:00,35.55,35.51,-0.0,0.04
2025-07-06 10:00:00-04:00,38.64,38.6,-0.0,0.04
2025-07-06 11:00:00-04:00,45.76,45.58,-0.0,0.18
2025-07-06 12:00:00-04:00,48.79,48.5,-0.0,0.29
2025-07-06 13:00:00-04:00,52.72,52.35,-0.0,0.37
2025-07-06 14:00:00-04:00,57.47,57.129999999999995,-0.0,0.34
2025-07-06 15:00:00-04:00,62.62,62.18,-0.0,0.44
2025-07-06 16:00:00-04:00,73.61,72.59,-0.0,1.02
2025-07-06 17:00:00-04:00,84.19,82.53999999999999,-0.0,1.65
2025-07-06 18:00:00-04:00,93.65,90.66,-0.0,2.99
2025-07-06 19:00:00-04:00,93.13,89.89999999999999,-0.0,3.23
2025-07-06 20:00:00-04:00,84.76,81.82000000000001,-0.0,2.94
2025-07-06 21:00:00-04:00,71.28,69.68,-0.0,1.6
2025-07-06 22:00:00-04:00,63.02,61.85,-0.0,1.17
2025-07-06 23:00:00-04:00,51.98,51.209999999999994,-0.0,0.77
2025-07-07 00:00:00-04:00,47.61,47.0,-0.0,0.61
2025-07-07 01:00:00-04:00,42.69,42.309999999999995,-0.0,0.38
2025-07-07 02:00:00-04:00,38.4,38.21,-0.0,0.19
2025-07-07 03:00:00-04:00,36.44,36.29,-0.0,0.15
2025-07-07 04:00:00-04:00,36.7,36.55,-0.0,0.15
2025-07-07 05:00:00-04:00,38.51,38.28,-0.0,0.23
2025-07-07 06:00:00-04:00,44.21,44.12,-0.0,0.09
2025-07-07 07:00:00-04:00,46.05,46.05,-0.0,0.0
2025-07-07 08:00:00-04:00,50.25,50.4,-0.0,-0.15
2025-07-07 09:00:00-04:00,53.23,53.18,-0.0,0.05
2025-07-07 10:00:00-04:00,59.04,58.92,-0.0,0.12
2025-07-07 11:00:00-04:00,64.72,64.4,-0.0,0.32
2025-07-07 12:00:00-04:00,66.81,66.41,-0.0,0.4
2025-07-07 13:00:00-04:00,73.3,72.64999999999999,-0.0,0.65
2025-07-07 14:00:00-04:00,82.51,81.78,-0.0,0.73
2025-07-07 15:00:00-04:00,93.81,93.34,-0.0,0.47
2025-07-07 16:00:00-04:00,107.91,107.15,-0.0,0.76
2025-07-07 17:00:00-04:00,110.82,106.01,3.97,0.84
2025-07-07 18:00:00-04:00,112.92,107.65,4.08,1.19
2025-07-07 19:00:00-04:00,92.08,89.75,0.98,1.35
2025-07-07 20:00:00-04:00,79.38,78.36,-0.0,1.02
2025-07-07 21:00:00-04:00,72.43,71.71000000000001,-0.0,0.72
2025-07-07 22:00:00-04:00,66.48,65.76,-0.0,0.72
2025-07-07 23:00:00-04:00,58.68,58.45,-0.0,0.23
2025-07-08 00:00:00-04:00,55.13,55.190000000000005,-0.0,-0.06
2025-07-08 01:00:00-04:00,49.54,49.74,-0.0,-0.2
2025-07-08 02:00:00-04:00,47.02,47.21,-0.0,-0.19
2025-07-08 03:00:00-04:00,46.14,46.56,-0.0,-0.42
2025-07-08 04:00:00-04:00,46.25,46.67,-0.0,-0.42
2025-07-08 05:00:00-04:00,48.15,48.64,-0.0,-0.49
2025-07-08 06:00:00-04:00,50.16,50.56999999999999,-0.0,-0.41
2025-07-08 07:00:00-04:00,52.23,52.599999999999994,-0.0,-0.37
2025-07-08 08:00:00-04:00,57.23,57.57,-0.0,-0.34
2025-07-08 09:00:00-04:00,61.06,61.24,-0.0,-0.18
2025-07-08 10:00:00-04:00,61.28,61.53,-0.0,-0.25
2025-07-08 11:00:00-04:00,64.39,64.52,-0.0,-0.13
2025-07-08 12:00:00-04:00,68.03,68.1,-0.0,-0.07
2025-07-08 13:00:00-04:00,79.45,79.69,-0.0,-0.24
2025-07-08 14:00:00-04:00,84.83,84.75,-0.0,0.08
2025-07-08 15:00:00-04:00,95.54,93.13,2.69,-0.28
2025-07-08 16:00:00-04:00,97.9,94.12,3.87,-0.09
2025-07-08 17:00:00-04:00,105.23,97.15,7.98,0.1
2025-07-08 18:00:00-04:00,115.58,111.96,3.06,0.56
2025-07-08 19:00:00-04:00,96.43,92.59000000000002,2.82,1.02
2025-07-08 20:00:00-04:00,86.21,83.79999999999998,1.4,1.01
2025-07-08 21:00:00-04:00,76.34,75.96000000000001,-0.0,0.38
2025-07-08 22:00:00-04:00,64.45,64.26,-0.0,0.19
2025-07-08 23:00:00-04:00,56.55,56.32,-0.0,0.23
2025-07-09 00:00:00-04:00,51.77,51.260000000000005,-0.0,0.51
2025-07-09 01:00:00-04:00,46.42,46.370000000000005,-0.0,0.05
2025-07-09 02:00:00-04:00,44.18,44.22,-0.0,-0.04
2025-07-09 03:00:00-04:00,42.46,42.63,-0.0,-0.17
2025-07-09 04:00:00-04:00,43.03,43.16,-0.0,-0.13
2025-07-09 05:00:00-04:00,45.92,46.06,-0.0,-0.14
2025-07-09 06:00:00-04:00,48.86,48.81,-0.0,0.05
2025-07-09 07:00:00-04:00,49.99,50.29,-0.0,-0.3
2025-07-09 08:00:00-04:00,51.98,52.34,-0.0,-0.36
2025-07-09 09:00:00-04:00,52.93,53.19,-0.0,-0.26
2025-07-09 10:00:00-04:00,51.36,51.67,-0.0,-0.31
2025-07-09 11:00:00-04:00,56.18,56.12,-0.0,0.06
2025-07-09 12:00:00-04:00,56.81,56.580000000000005,-0.0,0.23
2025-07-09 13:00:00-04:00,61.23,60.8,-0.0,0.43
2025-07-09 14:00:00-04:00,62.91,62.47,-0.0,0.44
2025-07-09 15:00:00-04:00,65.43,64.65,-0.0,0.78
2025-07-09 16:00:00-04:00,72.79,71.71000000000001,-0.0,1.08
2025-07-09 17:00:00-04:00,87.07,84.77999999999999,-0.0,2.29
2025-07-09 18:00:00-04:00,82.83,80.42,-0.0,2.41
2025-07-09 19:00:00-04:00,81.75,79.6,-0.0,2.15
2025-07-09 20:00:00-04:00,73.58,72.0,-0.0,1.58
2025-07-09 21:00:00-04:00,64.93,63.53000000000001,-0.0,1.4
2025-07-09 22:00:00-04:00,56.64,56.08,-0.0,0.56
2025-07-09 23:00:00-04:00,52.07,51.45,-0.0,0.62
2025-07-10 00:00:00-04:00,47.88,47.45,-0.0,0.43
2025-07-10 01:00:00-04:00,44.99,44.99,-0.0,0.0
2025-07-10 02:00:00-04:00,40.4,40.12,-0.0,0.28
2025-07-10 03:00:00-04:00,38.35,38.23,-0.0,0.12
2025-07-10 04:00:00-04:00,38.49,38.260000000000005,-0.0,0.23
2025-07-10 05:00:00-04:00,39.64,39.4,-0.0,0.24
2025-07-10 06:00:00-04:00,43.53,43.43,0.06,0.04
2025-07-10 07:00:00-04:00,47.06,47.19,0.1,-0.23
2025-07-10 08:00:00-04:00,50.32,50.26,0.11,-0.05
2025-07-10 09:00:00-04:00,53.26,53.37,-0.0,-0.11
2025-07-10 10:00:00-04:00,54.74,54.470000000000006,0.16,0.11
2025-07-10 11:00:00-04:00,55.66,55.13999999999999,0.24,0.28
2025-07-10 12:00:00-04:00,58.22,57.47,0.18,0.57
2025-07-10 13:00:00-04:00,60.84,59.96,0.28,0.6
2025-07-10 14:00:00-04:00,63.24,62.39000000000001,0.23,0.62
2025-07-10 15:00:00-04:00,66.71,65.16,0.31,1.24
2025-07-10 16:00:00-04:00,72.49,70.46999999999998,0.4,1.62
2025-07-10 17:00:00-04:00,81.57,79.29,0.46,1.82
2025-07-10 18:00:00-04:00,77.52,75.25999999999999,-0.0,2.26
2025-07-10 19:00:00-04:00,71.87,69.64,-0.0,2.23
2025-07-10 20:00:00-04:00,65.86,64.32,-0.0,1.54
2025-07-10 21:00:00-04:00,62.61,61.5,-0.0,1.11
2025-07-10 22:00:00-04:00,53.68,52.53,-0.0,1.15
2025-07-10 23:00:00-04:00,47.66,46.45,-0.0,1.21
2025-07-11 00:00:00-04:00,45.64,44.79,-0.0,0.85
2025-07-11 01:00:00-04:00,43.32,42.47,-0.0,0.85
2025-07-11 02:00:00-04:00,39.34,38.760000000000005,-0.0,0.58
2025-07-11 03:00:00-04:00,39.94,39.5,-0.0,0.44
2025-07-11 04:00:00-04:00,40.11,39.71,-0.0,0.4
2025-07-11 05:00:00-04:00,41.21,40.76,-0.0,0.45
2025-07-11 06:00:00-04:00,43.3,42.83,-0.0,0.47
2025-07-11 07:00:00-04:00,46.38,46.330000000000005,-0.0,0.05
2025-07-11 08:00:00-04:00,49.49,49.23,0.06,0.2
2025-07-11 09:00:00-04:00,50.34,49.81,0.18,0.35
2025-07-11 10:00:00-04:00,51.91,51.25999999999999,0.09,0.56
2025-07-11 11:00:00-04:00,55.89,55.040000000000006,0.19,0.66
2025-07-11 12:00:00-04:00,60.74,59.7,0.32,0.72
2025-07-11 13:00:00-04:00,66.53,65.94,-0.0,0.59
2025-07-11 14:00:00-04:00,69.19,68.1,-0.0,1.09
2025-07-11 15:00:00-04:00,77.56,76.87,-0.0,0.69
2025-07-11 16:00:00-04:00,82.5,81.2,-0.0,1.3
2025-07-11 17:00:00-04:00,90.43,88.4,-0.0,2.03
2025-07-11 18:00:00-04:00,85.66,83.66,-0.0,2.0
2025-07-11 19:00:00-04:00,83.11,81.39,0.34,1.38
2025-07-11 20:00:00-04:00,73.5,72.27,-0.0,1.23
2025-07-11 21:00:00-04:00,66.94,66.08,-0.0,0.86
2025-07-11 22:00:00-04:00,60.53,59.58,-0.0,0.95
2025-07-11 23:00:00-04:00,54.25,53.29,-0.0,0.96
2025-07-12 00:00:00-04:00,48.56,48.22,-0.0,0.34
2025-07-12 01:00:00-04:00,42.4,42.27,-0.0,0.13
2025-07-12 02:00:00-04:00,38.65,38.53,-0.0,0.12
2025-07-12 03:00:00-04:00,37.9,37.94,-0.0,-0.04
2025-07-12 04:00:00-04:00,35.83,35.87,-0.0,-0.04
2025-07-12 05:00:00-04:00,36.85,36.92,-0.0,-0.07
2025-07-12 06:00:00-04:00,37.7,37.66,-0.0,0.04
2025-07-12 07:00:00-04:00,37.04,37.04,-0.0,0.0
2025-07-12 08:00:00-04:00,41.55,41.629999999999995,-0.0,-0.08
2025-07-12 09:00:00-04:00,45.37,45.37,-0.0,0.0
2025-07-12 10:00:00-04:00,49.02,48.77,-0.0,0.25
2025-07-12 11:00:00-04:00,53.49,52.65,-0.0,0.84
2025-07-12 12:00:00-04:00,56.31,55.7,-0.0,0.61
2025-07-12 13:00:00-04:00,61.47,60.98,-0.0,0.49
2025-07-12 14:00:00-04:00,66.79,65.67,-0.0,1.12
2025-07-12 15:00:00-04:00,73.77,72.46,-0.0,1.31
2025-07-12 16:00:00-04:00,81.62,79.94,-0.0,1.68
2025-07-12 17:00:00-04:00,87.1,84.72999999999999,-0.0,2.37
2025-07-12 18:00:00-04:00,84.36,81.82,-0.0,2.54
2025-07-12 19:00:00-04:00,83.33,81.22,-0.0,2.11
2025-07-12 20:00:00-04:00,74.21,72.47,-0.0,1.74
2025-07-12 21:00:00-04:00,66.92,65.8,-0.0,1.12
2025-07-12 22:00:00-04:00,56.44,55.599999999999994,-0.0,0.84
2025-07-12 23:00:00-04:00,51.15,50.44,-0.0,0.71
2025-07-13 00:00:00-04:00,47.23,46.44,-0.0,0.79
2025-07-13 01:00:00-04:00,42.88,41.92,-0.0,0.96
2025-07-13 02:00:00-04:00,37.99,37.25,-0.0,0.74
2025-07-13 03:00:00-04:00,37.65,37.24,-0.0,0.41
2025-07-13 04:00:00-04:00,36.8,36.36,-0.0,0.44
2025-07-13 05:00:00-04:00,36.6,36.27,-0.0,0.33
2025-07-13 06:00:00-04:00,36.68,36.28,-0.0,0.4
2025-07-13 07:00:00-04:00,38.9,38.44,-0.0,0.46
2025-07-13 08:00:00-04:00,41.07,40.19,-0.0,0.88
2025-07-13 09:00:00-04:00,46.02,45.38,-0.0,0.64
2025-07-13 10:00:00-04:00,48.93,48.06,-0.0,0.87
2025-07-13 11:00:00-04:00,52.46,51.38,-0.0,1.08
2025-07-13 12:00:00-04:00,54.43,53.21,-0.0,1.22
2025-07-13 13:00:00-04:00,56.44,55.12,-0.0,1.32
2025-07-13 14:00:00-04:00,62.39,61.05,-0.0,1.34
2025-07-13 15:00:00-04:00,68.92,67.44,-0.0,1.48
2025-07-13 16:00:00-04:00,78.23,76.62,-0.0,1.61
2025-07-13 17:00:00-04:00,84.52,82.14,-0.0,2.38
2025-07-13 18:00:00-04:00,88.87,85.54,-0.0,3.33
2025-07-13 19:00:00-04:00,84.06,81.22,-0.0,2.84
2025-07-13 20:00:00-04:00,78.25,75.89,-0.0,2.36
2025-07-13 21:00:00-04:00,68.4,66.47,-0.0,1.93
2025-07-13 22:00:00-04:00,61.1,59.55,-0.0,1.55
2025-07-13 23:00:00-04:00,55.59,53.82,-0.0,1.77
2025-07-14 00:00:00-04:00,48.55,47.55,-0.0,1.0
2025-07-14 01:00:00-04:00,44.89,43.88,-0.0,1.01
2025-07-14 02:00:00-04:00,40.1,39.31,-0.0,0.79
2025-07-14 03:00:00-04:00,38.69,38.16,-0.0,0.53
2025-07-14 04:00:00-04:00,39.0,38.57,-0.0,0.43
2025-07-14 05:00:00-04:00,40.63,40.190000000000005,-0.0,0.44
2025-07-14 06:00:00-04:00,42.04,41.62,-0.0,0.42
2025-07-14 07:00:00-04:00,48.79,48.69,-0.0,0.1
2025-07-14 08:00:00-04:00,53.86,53.54,-0.0,0.32
2025-07-14 09:00:00-04:00,55.3,54.91,-0.0,0.39
2025-07-14 10:00:00-04:00,57.6,57.14,-0.0,0.46
2025-07-14 11:00:00-04:00,61.65,60.86,-0.0,0.79
2025-07-14 12:00:00-04:00,67.6,66.33999999999999,-0.0,1.26
2025-07-14 13:00:00-04:00,76.92,75.27,-0.0,1.65
2025-07-14 14:00:00-04:00,82.86,81.39,-0.0,1.47
2025-07-14 15:00:00-04:00,82.22,81.09,-0.0,1.13
2025-07-14 16:00:00-04:00,94.76,93.55,-0.0,1.21
2025-07-14 17:00:00-04:00,107.64,106.24,0.12,1.28
2025-07-14 18:00:00-04:00,102.84,101.23,-0.0,1.61
2025-07-14 19:00:00-04:00,94.01,91.54,-0.0,2.47
2025-07-14 20:00:00-04:00,84.47,82.25,-0.0,2.22
2025-07-14 21:00:00-04:00,77.32,75.36,-0.0,1.96
2025-07-14 22:00:00-04:00,65.45,63.98,-0.0,1.47
2025-07-14 23:00:00-04:00,58.53,56.83,-0.0,1.7
2025-07-15 00:00:00-04:00,51.04,50.24,-0.0,0.8
2025-07-15 01:00:00-04:00,47.67,46.83,-0.0,0.84
2025-07-15 02:00:00-04:00,46.32,45.82,-0.0,0.5
2025-07-15 03:00:00-04:00,42.66,42.279999999999994,-0.0,0.38
2025-07-15 04:00:00-04:00,43.2,42.77,-0.0,0.43
2025-07-15 05:00:00-04:00,46.36,45.99,-0.0,0.37
2025-07-15 06:00:00-04:00,49.19,48.989999999999995,-0.0,0.2
2025-07-15 07:00:00-04:00,51.99,51.73,-0.0,0.26
2025-07-15 08:00:00-04:00,54.9,54.52,-0.0,0.38
2025-07-15 09:00:00-04:00,58.01,57.32,-0.0,0.69
2025-07-15 10:00:00-04:00,59.06,58.190000000000005,-0.0,0.87
2025-07-15 11:00:00-04:00,67.27,66.33999999999999,-0.0,0.93
2025-07-15 12:00:00-04:00,73.1,71.58999999999999,-0.0,1.51
2025-07-15 13:00:00-04:00,84.11,82.14,-0.0,1.97
2025-07-15 14:00:00-04:00,93.91,91.53,-0.0,2.38
2025-07-15 15:00:00-04:00,102.21,100.4,-0.0,1.81
2025-07-15 16:00:00-04:00,130.32,128.65,-0.0,1.67
2025-07-15 17:00:00-04:00,161.64,160.13,0.07,1.44
2025-07-15 18:00:00-04:00,184.62,181.79,0.29,2.54
2025-07-15 19:00:00-04:00,157.57,155.11999999999998,0.12,2.33
2025-07-15 20:00:00-04:00,115.73,113.46,-0.0,2.27
2025-07-15 21:00:00-04:00,91.61,89.37,-0.0,2.24
2025-07-15 22:00:00-04:00,73.39,71.53,-0.0,1.86
2025-07-15 23:00:00-04:00,63.58,62.27,-0.0,1.31
2025-07-16 00:00:00-04:00,75.17,74.64,-0.0,0.53
2025-07-16 01:00:00-04:00,65.0,65.26,-0.0,-0.26
2025-07-16 02:00:00-04:00,60.07,60.62,-0.0,-0.55
2025-07-16 03:00:00-04:00,54.5,54.94,-0.0,-0.44
2025-07-16 04:00:00-04:00,53.49,53.92,-0.0,-0.43
2025-07-16 05:00:00-04:00,58.22,58.69,-0.0,-0.47
2025-07-16 06:00:00-04:00,61.63,62.190000000000005,-0.0,-0.56
2025-07-16 07:00:00-04:00,64.57,64.96,-0.0,-0.39
2025-07-16 08:00:00-04:00,66.97,67.24,-0.0,-0.27
2025-07-16 09:00:00-04:00,77.0,77.0,-0.0,0.0
2025-07-16 10:00:00-04:00,77.0,76.61,-0.0,0.39
2025-07-16 11:00:00-04:00,89.29,89.02000000000001,-0.0,0.27
2025-07-16 12:00:00-04:00,99.04,98.35,-0.0,0.69
2025-07-16 13:00:00-04:00,116.49,115.91,-0.0,0.58
2025-07-16 14:00:00-04:00,132.24,131.31,-0.0,0.93
2025-07-16 15:00:00-04:00,159.12,158.01,-0.0,1.11
2025-07-16 16:00:00-04:00,197.57,196.63,0.15,0.79
2025-07-16 17:00:00-04:00,239.96,239.61,1.07,-0.72
2025-07-16 18:00:00-04:00,237.2,236.31,0.42,0.47
2025-07-16 19:00:00-04:00,198.39,196.17,0.46,1.76
2025-07-16 20:00:00-04:00,167.16,165.12,0.22,1.82
2025-07-16 21:00:00-04:00,126.35,124.73,-0.0,1.62
2025-07-16 22:00:00-04:00,84.19,82.14,-0.0,2.05
2025-07-16 23:00:00-04:00,73.85,73.11999999999999,-0.0,0.73
2025-07-17 00:00:00-04:00,69.46,69.03999999999999,-0.0,0.42
2025-07-17 01:00:00-04:00,66.72,67.12,-0.0,-0.4
2025-07-17 02:00:00-04:00,65.97,66.84,-0.0,-0.87
2025-07-17 03:00:00-04:00,65.57,66.63999999999999,-0.0,-1.07
2025-07-17 04:00:00-04:00,64.43,65.48,-0.0,-1.05
2025-07-17 05:00:00-04:00,66.1,66.89999999999999,-0.0,-0.8
2025-07-17 06:00:00-04:00,66.1,66.89999999999999,-0.0,-0.8
2025-07-17 07:00:00-04:00,66.1,66.89999999999999,-0.0,-0.8
2025-07-17 08:00:00-04:00,66.64,67.18,-0.0,-0.54
2025-07-17 09:00:00-04:00,71.01,71.44000000000001,-0.0,-0.43
2025-07-17 10:00:00-04:00,82.56,83.29,0.02,-0.75
2025-07-17 11:00:00-04:00,96.3,97.37,-0.0,-1.07
2025-07-17 12:00:00-04:00,112.65,110.58,3.18,-1.11
2025-07-17 13:00:00-04:00,121.14,118.94,3.39,-1.19
2025-07-17 14:00:00-04:00,124.22,122.8,2.41,-0.99
2025-07-17 15:00:00-04:00,142.62,137.52,5.78,-0.68
2025-07-17 16:00:00-04:00,189.29,177.14,13.03,-0.88
2025-07-17 17:00:00-04:00,223.96,206.62,17.75,-0.41
2025-07-17 18:00:00-04:00,199.65,189.62,10.41,-0.38
2025-07-17 19:00:00-04:00,142.96,142.96,-0.0,0.0
2025-07-17 20:00:00-04:00,111.97,111.09,-0.0,0.88
2025-07-17 21:00:00-04:00,87.18,83.09,2.84,1.25
2025-07-17 22:00:00-04:00,82.95,81.88000000000001,0.74,0.33
2025-07-17 23:00:00-04:00,69.36,67.39,2.44,-0.47
2025-07-18 00:00:00-04:00,62.17,61.44,1.28,-0.55
2025-07-18 01:00:00-04:00,52.15,50.7,1.91,-0.46
2025-07-18 02:00:00-04:00,49.38,48.18,1.68,-0.48
2025-07-18 03:00:00-04:00,49.78,49.17,1.25,-0.64
2025-07-18 04:00:00-04:00,54.93,55.73,0.31,-1.11
2025-07-18 05:00:00-04:00,54.81,55.41,0.45,-1.05
2025-07-18 06:00:00-04:00,55.7,56.120000000000005,0.53,-0.95
2025-07-18 07:00:00-04:00,57.79,59.27,-0.0,-1.48
2025-07-18 08:00:00-04:00,59.79,61.32,-0.0,-1.53
2025-07-18 09:00:00-04:00,59.68,61.08,-0.0,-1.4
2025-07-18 10:00:00-04:00,55.94,56.73,-0.0,-0.79
2025-07-18 11:00:00-04:00,55.35,56.14,-0.0,-0.79
2025-07-18 12:00:00-04:00,58.12,58.82,-0.0,-0.7
2025-07-18 13:00:00-04:00,62.05,62.8,-0.0,-0.75
2025-07-18 14:00:00-04:00,64.11,64.96,-0.0,-0.85
2025-07-18 15:00:00-04:00,68.63,69.53999999999999,-0.0,-0.91
2025-07-18 16:00:00-04:00,76.88,77.19,-0.0,-0.31
2025-07-18 17:00:00-04:00,86.23,86.4,-0.0,-0.17
2025-07-18 18:00:00-04:00,81.14,80.9,-0.0,0.24
2025-07-18 19:00:00-04:00,77.42,77.03,-0.0,0.39
2025-07-18 20:00:00-04:00,73.88,73.81,-0.0,0.07
2025-07-18 21:00:00-04:00,62.62,62.93,-0.0,-0.31
2025-07-18 22:00:00-04:00,57.13,57.470000000000006,-0.0,-0.34
2025-07-18 23:00:00-04:00,54.04,54.31,-0.0,-0.27
2025-07-19 00:00:00-04:00,48.04,47.9,-0.0,0.14
2025-07-19 01:00:00-04:00,40.66,40.22,-0.0,0.44
2025-07-19 02:00:00-04:00,37.83,37.379999999999995,-0.0,0.45
2025-07-19 03:00:00-04:00,35.86,35.58,-0.0,0.28
2025-07-19 04:00:00-04:00,35.87,35.62,-0.0,0.25
2025-07-19 05:00:00-04:00,34.75,34.54,-0.0,0.21
2025-07-19 06:00:00-04:00,35.28,35.17,-0.0,0.11
2025-07-19 07:00:00-04:00,35.6,35.35,-0.0,0.25
2025-07-19 08:00:00-04:00,36.52,36.63,-0.0,-0.11
2025-07-19 09:00:00-04:00,37.81,37.96,-0.0,-0.15
2025-07-19 10:00:00-04:00,37.84,37.99,-0.0,-0.15
2025-07-19 11:00:00-04:00,41.59,41.71,-0.0,-0.12
2025-07-19 12:00:00-04:00,43.19,43.41,-0.0,-0.22
2025-07-19 13:00:00-04:00,47.57,47.47,-0.0,0.1
2025-07-19 14:00:00-04:00,50.64,50.44,-0.0,0.2
2025-07-19 15:00:00-04:00,53.81,53.330000000000005,-0.0,0.48
2025-07-19 16:00:00-04:00,60.48,59.58,-0.0,0.9
2025-07-19 17:00:00-04:00,73.97,73.02,-0.0,0.95
2025-07-19 18:00:00-04:00,76.91,75.99,-0.0,0.92
2025-07-19 19:00:00-04:00,77.33,76.34,-0.0,0.99
2025-07-19 20:00:00-04:00,69.12,68.17,-0.0,0.95
2025-07-19 21:00:00-04:00,60.26,59.43,-0.0,0.83
2025-07-19 22:00:00-04:00,55.54,54.67,-0.0,0.87
2025-07-19 23:00:00-04:00,51.66,50.65,-0.0,1.01
2025-07-20 00:00:00-04:00,48.5,48.21,-0.0,0.29
2025-07-20 01:00:00-04:00,42.31,42.27,-0.0,0.04
2025-07-20 02:00:00-04:00,37.75,37.79,-0.0,-0.04
2025-07-20 03:00:00-04:00,35.27,35.34,-0.0,-0.07
2025-07-20 04:00:00-04:00,35.1,35.28,-0.0,-0.18
2025-07-20 05:00:00-04:00,35.07,35.25,-0.0,-0.18
2025-07-20 06:00:00-04:00,35.87,35.98,-0.0,-0.11
2025-07-20 07:00:00-04:00,36.5,36.5,-0.0,0.0
2025-07-20 08:00:00-04:00,39.94,40.02,-0.0,-0.08
2025-07-20 09:00:00-04:00,44.08,44.21,-0.0,-0.13
2025-07-20 10:00:00-04:00,45.75,46.02,-0.0,-0.27
2025-07-20 11:00:00-04:00,47.42,47.7,-0.0,-0.28
2025-07-20 12:00:00-04:00,50.29,50.75,-0.0,-0.46
2025-07-20 13:00:00-04:00,53.33,53.76,-0.0,-0.43
2025-07-20 14:00:00-04:00,54.36,54.8,-0.0,-0.44
2025-07-20 15:00:00-04:00,57.1,57.440000000000005,-0.0,-0.34
2025-07-20 16:00:00-04:00,65.27,65.39999999999999,-0.0,-0.13
2025-07-20 17:00:00-04:00,77.2,77.66,-0.0,-0.46
2025-07-20 18:00:00-04:00,86.71,86.61999999999999,-0.0,0.09
2025-07-20 19:00:00-04:00,81.27,81.03,-0.0,0.24
2025-07-20 20:00:00-04:00,77.72,77.64,-0.0,0.08
2025-07-20 21:00:00-04:00,67.39,68.14,-0.0,-0.75
2025-07-20 22:00:00-04:00,54.89,54.84,-0.0,0.05
2025-07-20 23:00:00-04:00,49.83,49.68,-0.0,0.15
2025-07-21 00:00:00-04:00,45.13,45.18,-0.0,-0.05
2025-07-21 01:00:00-04:00,39.81,39.690000000000005,-0.0,0.12
2025-07-21 02:00:00-04:00,36.06,36.06,-0.0,0.0
2025-07-21 03:00:00-04:00,33.78,33.75,-0.0,0.03
2025-07-21 04:00:00-04:00,33.93,33.86,-0.0,0.07
2025-07-21 05:00:00-04:00,35.11,35.0,-0.0,0.11
2025-07-21 06:00:00-04:00,37.9,37.79,-0.0,0.11
2025-07-21 07:00:00-04:00,39.65,39.73,-0.0,-0.08
2025-07-21 08:00:00-04:00,39.83,39.95,-0.0,-0.12
2025-07-21 09:00:00-04:00,37.46,37.68,-0.0,-0.22
2025-07-21 10:00:00-04:00,36.87,37.129999999999995,-0.0,-0.26
2025-07-21 11:00:00-04:00,40.1,40.34,-0.0,-0.24
2025-07-21 12:00:00-04:00,40.54,40.62,-0.0,-0.08
2025-07-21 13:00:00-04:00,42.94,42.849999999999994,-0.0,0.09
2025-07-21 14:00:00-04:00,43.81,43.59,-0.0,0.22
2025-07-21 15:00:00-04:00,47.86,47.76,-0.0,0.1
2025-07-21 16:00:00-04:00,53.65,53.54,-0.0,0.11
2025-07-21 17:00:00-04:00,63.16,62.779999999999994,-0.0,0.38
2025-07-21 18:00:00-04:00,72.3,72.00999999999999,-0.0,0.29
2025-07-21 19:00:00-04:00,68.22,67.35,-0.0,0.87
2025-07-21 20:00:00-04:00,58.06,57.260000000000005,-0.0,0.8
2025-07-21 21:00:00-04:00,52.62,52.099999999999994,-0.0,0.52
2025-07-21 22:00:00-04:00,48.54,47.96,-0.0,0.58
2025-07-21 23:00:00-04:00,43.82,43.3,-0.0,0.52
2025-07-22 00:00:00-04:00,39.2,38.66,-0.0,0.54
2025-07-22 01:00:00-04:00,36.46,36.06,-0.0,0.4
2025-07-22 02:00:00-04:00,35.14,34.96,-0.0,0.18
2025-07-22 03:00:00-04:00,32.43,32.24,-0.0,0.19
2025-07-22 04:00:00-04:00,31.46,31.21,-0.0,0.25
2025-07-22 05:00:00-04:00,34.22,34.01,-0.0,0.21
2025-07-22 06:00:00-04:00,38.07,38.07,-0.0,0.0
2025-07-22 07:00:00-04:00,36.75,37.01,-0.0,-0.26
2025-07-22 08:00:00-04:00,35.88,36.02,-0.0,-0.14
2025-07-22 09:00:00-04:00,34.01,34.04,-0.0,-0.03
2025-07-22 10:00:00-04:00,34.08,34.05,-0.0,0.03
2025-07-22 11:00:00-04:00,36.39,36.32,-0.0,0.07
2025-07-22 12:00:00-04:00,37.45,37.38,-0.0,0.07
2025-07-22 13:00:00-04:00,38.93,38.89,-0.0,0.04
2025-07-22 14:00:00-04:00,42.66,42.529999999999994,-0.0,0.13
2025-07-22 15:00:00-04:00,44.3,44.169999999999995,-0.0,0.13
2025-07-22 16:00:00-04:00,48.31,48.07,-0.0,0.24
2025-07-22 17:00:00-04:00,57.92,57.63,-0.0,0.29
2025-07-22 18:00:00-04:00,64.75,64.24,-0.0,0.51
2025-07-22 19:00:00-04:00,66.69,66.1,-0.0,0.59
2025-07-22 20:00:00-04:00,63.74,63.24,-0.0,0.5
2025-07-22 21:00:00-04:00,53.85,53.53,-0.0,0.32
2025-07-22 22:00:00-04:00,49.01,48.14,-0.0,0.87
2025-07-22 23:00:00-04:00,41.45,40.68,-0.0,0.77
2025-07-23 00:00:00-04:00,38.92,38.73,-0.0,0.19
2025-07-23 01:00:00-04:00,35.06,34.88,-0.0,0.18
2025-07-23 02:00:00-04:00,32.83,32.76,-0.0,0.07
2025-07-23 03:00:00-04:00,30.04,29.98,-0.0,0.06
2025-07-23 04:00:00-04:00,29.93,29.84,-0.0,0.09
2025-07-23 05:00:00-04:00,33.68,33.75,-0.0,-0.07
2025-07-23 06:00:00-04:00,38.11,38.53,-0.0,-0.42
2025-07-23 07:00:00-04:00,39.06,39.61,-0.0,-0.55
2025-07-23 08:00:00-04:00,38.09,38.510000000000005,-0.0,-0.42
2025-07-23 09:00:00-04:00,37.76,38.18,-0.0,-0.42
2025-07-23 10:00:00-04:00,40.55,40.919999999999995,-0.0,-0.37
2025-07-23 11:00:00-04:00,43.71,43.75,-0.0,-0.04
2025-07-23 12:00:00-04:00,45.61,45.47,-0.0,0.14
2025-07-23 13:00:00-04:00,49.33,49.08,-0.0,0.25
2025-07-23 14:00:00-04:00,52.44,52.07,-0.0,0.37
2025-07-23 15:00:00-04:00,54.77,54.34,-0.0,0.43
2025-07-23 16:00:00-04:00,61.47,61.04,-0.0,0.43
2025-07-23 17:00:00-04:00,76.2,75.45,-0.0,0.75
2025-07-23 18:00:00-04:00,79.04,77.19000000000001,-0.0,1.85
2025-07-23 19:00:00-04:00,78.8,76.96,-0.0,1.84
2025-07-23 20:00:00-04:00,74.39,73.07000000000001,-0.0,1.32
2025-07-23 21:00:00-04:00,61.69,61.14,-0.0,0.55
2025-07-23 22:00:00-04:00,51.99,51.42,-0.0,0.57
2025-07-23 23:00:00-04:00,46.85,46.34,-0.0,0.51
2025-07-24 00:00:00-04:00,42.88,42.71,-0.0,0.17
2025-07-24 01:00:00-04:00,37.51,37.32,-0.0,0.19
2025-07-24 02:00:00-04:00,34.05,33.98,-0.0,0.07
2025-07-24 03:00:00-04:00,30.32,30.23,-0.0,0.09
2025-07-24 04:00:00-04:00,31.47,31.38,-0.0,0.09
2025-07-24 05:00:00-04:00,34.42,34.28,-0.0,0.14
2025-07-24 06:00:00-04:00,35.02,34.64,-0.0,0.38
2025-07-24 07:00:00-04:00,37.84,37.650000000000006,-0.0,0.19
2025-07-24 08:00:00-04:00,41.43,41.02,-0.0,0.41
2025-07-24 09:00:00-04:00,43.33,42.9,-0.0,0.43
2025-07-24 10:00:00-04:00,47.23,46.629999999999995,-0.0,0.6
2025-07-24 11:00:00-04:00,51.97,51.05,-0.0,0.92
2025-07-24 12:00:00-04:00,56.82,55.71,-0.0,1.11
2025-07-24 13:00:00-04:00,65.36,63.95,-0.0,1.41
2025-07-24 14:00:00-04:00,79.82,78.17999999999999,-0.0,1.64
2025-07-24 15:00:00-04:00,88.72,86.22,-0.0,2.5
2025-07-24 16:00:00-04:00,107.71,104.37,-0.0,3.34
2025-07-24 17:00:00-04:00,143.7,135.19,4.31,4.2
2025-07-24 18:00:00-04:00,162.93,151.74,6.19,5.0
2025-07-24 19:00:00-04:00,132.29,124.46,3.22,4.61
2025-07-24 20:00:00-04:00,100.3,97.19,-0.0,3.11
2025-07-24 21:00:00-04:00,85.14,83.39,-0.0,1.75
2025-07-24 22:00:00-04:00,68.34,67.4,-0.0,0.94
2025-07-24 23:00:00-04:00,58.79,58.09,-0.0,0.7
2025-07-25 00:00:00-04:00,59.44,59.32,-0.0,0.12
2025-07-25 01:00:00-04:00,52.66,52.81999999999999,-0.0,-0.16
2025-07-25 02:00:00-04:00,48.99,49.28,-0.0,-0.29
2025-07-25 03:00:00-04:00,48.31,48.89,-0.0,-0.58
2025-07-25 04:00:00-04:00,48.94,49.53,-0.0,-0.59
2025-07-25 05:00:00-04:00,48.66,48.849999999999994,-0.0,-0.19
2025-07-25 06:00:00-04:00,48.3,48.44,-0.0,-0.14
2025-07-25 07:00:00-04:00,49.16,49.45,-0.0,-0.29
2025-07-25 08:00:00-04:00,53.95,54.06,-0.0,-0.11
2025-07-25 09:00:00-04:00,59.44,59.8,-0.0,-0.36
2025-07-25 10:00:00-04:00,65.24,65.5,-0.0,-0.26
2025-07-25 11:00:00-04:00,82.29,82.78,-0.0,-0.49
2025-07-25 12:00:00-04:00,91.61,92.36,-0.01,-0.74
2025-07-25 13:00:00-04:00,96.58,95.26,1.98,-0.66
2025-07-25 14:00:00-04:00,104.0,101.56,2.74,-0.3
2025-07-25 15:00:00-04:00,105.8,101.53,4.37,-0.1
2025-07-25 16:00:00-04:00,115.55,113.16,2.39,0.0
2025-07-25 17:00:00-04:00,135.08,133.16000000000005,1.39,0.53
2025-07-25 18:00:00-04:00,153.99,145.87,7.53,0.59
2025-07-25 19:00:00-04:00,149.36,143.65,4.99,0.72
2025-07-25 20:00:00-04:00,119.36,114.73,3.94,0.69
2025-07-25 21:00:00-04:00,96.86,96.01,0.27,0.58
2025-07-25 22:00:00-04:00,81.18,81.42,-0.0,-0.24
2025-07-25 23:00:00-04:00,65.4,65.27000000000001,-0.0,0.13
2025-07-26 00:00:00-04:00,55.9,55.79,-0.0,0.11
2025-07-26 01:00:00-04:00,48.18,47.94,-0.0,0.24
2025-07-26 02:00:00-04:00,42.2,42.16,-0.0,0.04
2025-07-26 03:00:00-04:00,40.73,40.69,-0.0,0.04
2025-07-26 04:00:00-04:00,40.3,40.459999999999994,-0.0,-0.16
2025-07-26 05:00:00-04:00,39.84,40.0,-0.0,-0.16
2025-07-26 06:00:00-04:00,42.57,42.7,-0.0,-0.13
2025-07-26 07:00:00-04:00,38.84,39.0,-0.0,-0.16
2025-07-26 08:00:00-04:00,42.01,42.52,-0.0,-0.51
2025-07-26 09:00:00-04:00,46.58,47.1,-0.0,-0.52
2025-07-26 10:00:00-04:00,48.46,48.75,-0.0,-0.29
2025-07-26 11:00:00-04:00,52.39,52.49,-0.0,-0.1
2025-07-26 12:00:00-04:00,54.74,54.9,-0.0,-0.16
2025-07-26 13:00:00-04:00,57.48,57.419999999999995,-0.0,0.06
2025-07-26 14:00:00-04:00,61.75,61.5,-0.0,0.25
2025-07-26 15:00:00-04:00,64.56,64.24000000000001,-0.0,0.32
2025-07-26 16:00:00-04:00,76.85,76.08999999999999,-0.0,0.76
2025-07-26 17:00:00-04:00,84.1,82.94,-0.0,1.16
2025-07-26 18:00:00-04:00,89.21,87.46,-0.0,1.75
2025-07-26 19:00:00-04:00,82.64,80.62,-0.0,2.02
2025-07-26 20:00:00-04:00,78.1,76.8,-0.0,1.3
2025-07-26 21:00:00-04:00,68.55,67.67,-0.0,0.88
2025-07-26 22:00:00-04:00,57.68,57.11,-0.0,0.57
2025-07-26 23:00:00-04:00,54.45,53.75,-0.0,0.7
2025-07-27 00:00:00-04:00,44.07,43.94,-0.0,0.13
2025-07-27 01:00:00-04:00,39.57,38.91,-0.0,0.66
2025-07-27 02:00:00-04:00,37.11,36.49,-0.0,0.62
2025-07-27 03:00:00-04:00,35.12,34.769999999999996,-0.0,0.35
2025-07-27 04:00:00-04:00,34.82,34.51,-0.0,0.31
2025-07-27 05:00:00-04:00,33.86,33.589999999999996,-0.0,0.27
2025-07-27 06:00:00-04:00,34.37,34.129999999999995,-0.0,0.24
2025-07-27 07:00:00-04:00,35.47,34.98,-0.0,0.49
2025-07-27 08:00:00-04:00,38.19,37.7,-0.0,0.49
2025-07-27 09:00:00-04:00,42.93,42.67,-0.0,0.26
2025-07-27 10:00:00-04:00,46.36,46.08,-0.0,0.28
2025-07-27 11:00:00-04:00,48.43,48.09,-0.0,0.34
2025-07-27 12:00:00-04:00,50.47,49.97,-0.0,0.5
2025-07-27 13:00:00-04:00,53.63,52.89,-0.0,0.74
2025-07-27 14:00:00-04:00,57.94,56.8,-0.0,1.14
2025-07-27 15:00:00-04:00,60.48,59.29,-0.0,1.19
2025-07-27 16:00:00-04:00,69.76,68.46000000000001,-0.0,1.3
2025-07-27 17:00:00-04:00,78.87,76.65,-0.0,2.22
2025-07-27 18:00:00-04:00,80.99,78.1,-0.0,2.89
2025-07-27 19:00:00-04:00,82.18,79.02000000000001,-0.0,3.16
2025-07-27 20:00:00-04:00,77.77,75.64999999999999,-0.0,2.12
2025-07-27 21:00:00-04:00,70.79,69.06,-0.0,1.73
2025-07-27 22:00:00-04:00,58.93,57.89,-0.0,1.04
2025-07-27 23:00:00-04:00,50.69,49.7,-0.0,0.99
2025-07-28 00:00:00-04:00,50.9,49.61,-0.0,1.29
2025-07-28 01:00:00-04:00,44.81,43.89,-0.0,0.92
2025-07-28 02:00:00-04:00,38.95,38.190000000000005,-0.0,0.76
2025-07-28 03:00:00-04:00,36.28,35.67,-0.0,0.61
2025-07-28 04:00:00-04:00,36.23,35.629999999999995,-0.0,0.6
2025-07-28 05:00:00-04:00,38.84,38.38,-0.0,0.46
2025-07-28 06:00:00-04:00,43.79,43.4,-0.0,0.39
2025-07-28 07:00:00-04:00,48.78,48.49,-0.0,0.29
2025-07-28 08:00:00-04:00,50.45,49.900000000000006,-0.0,0.55
2025-07-28 09:00:00-04:00,55.34,54.68000000000001,-0.0,0.66
2025-07-28 10:00:00-04:00,62.36,61.44,-0.0,0.92
2025-07-28 11:00:00-04:00,72.79,71.86,-0.0,0.93
2025-07-28 12:00:00-04:00,80.77,79.33999999999999,-0.0,1.43
2025-07-28 13:00:00-04:00,93.81,91.97,-0.0,1.84
2025-07-28 14:00:00-04:00,101.0,97.96,-0.0,3.04
2025-07-28 15:00:00-04:00,125.39,121.85,-0.0,3.54
2025-07-28 16:00:00-04:00,155.48,151.54999999999998,-0.0,3.93
2025-07-28 17:00:00-04:00,229.08,224.82,-0.0,4.26
2025-07-28 18:00:00-04:00,248.57,244.53,-2.08,6.12
2025-07-28 19:00:00-04:00,221.08,214.67,-0.02,6.43
2025-07-28 20:00:00-04:00,156.8,152.25,-0.01,4.56
2025-07-28 21:00:00-04:00,98.62,95.84,-0.0,2.78
2025-07-28 22:00:00-04:00,79.0,77.22,-0.0,1.78
2025-07-28 23:00:00-04:00,65.53,64.0,-0.0,1.53
2025-07-29 00:00:00-04:00,58.22,57.53,-0.0,0.69
2025-07-29 01:00:00-04:00,53.78,53.4,-0.0,0.38
2025-07-29 02:00:00-04:00,48.6,48.26,-0.0,0.34
2025-07-29 03:00:00-04:00,46.61,46.42,-0.0,0.19
2025-07-29 04:00:00-04:00,46.41,46.22,-0.0,0.19
2025-07-29 05:00:00-04:00,49.06,48.96,-0.0,0.1
2025-07-29 06:00:00-04:00,52.32,52.27,-0.0,0.05
2025-07-29 07:00:00-04:00,55.77,55.55,-0.0,0.22
2025-07-29 08:00:00-04:00,59.89,59.36,-0.0,0.53
2025-07-29 09:00:00-04:00,65.88,65.16,-0.0,0.72
2025-07-29 10:00:00-04:00,78.1,76.86999999999999,-0.0,1.23
2025-07-29 11:00:00-04:00,89.18,87.17,-0.0,2.01
2025-07-29 12:00:00-04:00,98.75,95.41,-0.0,3.34
2025-07-29 13:00:00-04:00,125.78,122.09,-0.33,4.02
2025-07-29 14:00:00-04:00,151.67,148.07999999999998,-0.71,4.3
2025-07-29 15:00:00-04:00,213.78,210.11,-1.58,5.25
2025-07-29 16:00:00-04:00,250.02,247.45,-2.12,4.69
2025-07-29 17:00:00-04:00,310.08,307.52,-2.98,5.54
2025-07-29 18:00:00-04:00,351.29,347.52000000000004,-3.54,7.31
2025-07-29 19:00:00-04:00,318.58,311.34000000000003,-0.22,7.46
2025-07-29 20:00:00-04:00,227.08,220.25,-0.01,6.84
2025-07-29 21:00:00-04:00,148.24,142.53,-0.0,5.71
2025-07-29 22:00:00-04:00,93.2,90.75,-0.0,2.45
2025-07-29 23:00:00-04:00,75.68,73.69000000000001,-0.0,1.99
2025-07-30 00:00:00-04:00,74.38,73.42999999999999,-0.0,0.95
2025-07-30 01:00:00-04:00,62.79,62.66,-0.0,0.13
2025-07-30 02:00:00-04:00,58.18,58.18,-0.0,0.0
2025-07-30 03:00:00-04:00,51.58,51.48,-0.0,0.1
2025-07-30 04:00:00-04:00,51.64,51.79,-0.0,-0.15
2025-07-30 05:00:00-04:00,56.54,56.82,-0.0,-0.28
2025-07-30 06:00:00-04:00,58.46,58.34,-0.0,0.12
2025-07-30 07:00:00-04:00,59.38,59.32,-0.0,0.06
2025-07-30 08:00:00-04:00,61.56,61.190000000000005,-0.0,0.37
2025-07-30 09:00:00-04:00,65.02,64.56,-0.0,0.46
2025-07-30 10:00:00-04:00,67.45,66.78,-0.0,0.67
2025-07-30 11:00:00-04:00,83.99,82.99,-0.0,1.0
2025-07-30 12:00:00-04:00,95.21,93.72,-0.0,1.49
2025-07-30 13:00:00-04:00,110.86,109.33,-0.0,1.53
2025-07-30 14:00:00-04:00,133.73,131.63,-0.0,2.1
2025-07-30 15:00:00-04:00,148.08,146.18,-0.0,1.9
2025-07-30 16:00:00-04:00,186.36,185.06,-0.0,1.3
2025-07-30 17:00:00-04:00,244.84,242.91,-0.0,1.93
2025-07-30 18:00:00-04:00,286.17,280.84000000000003,2.81,2.52
2025-07-30 19:00:00-04:00,237.7,231.88,2.81,3.01
2025-07-30 20:00:00-04:00,164.42,159.28,2.75,2.39
2025-07-30 21:00:00-04:00,101.48,99.49,-0.0,1.99
2025-07-30 22:00:00-04:00,82.93,81.63000000000001,-0.0,1.3
2025-07-30 23:00:00-04:00,69.71,69.16,-0.0,0.55
2025-07-31 00:00:00-04:00,64.58,63.75,-0.0,0.83
2025-07-31 01:00:00-04:00,54.68,54.3,-0.0,0.38
2025-07-31 02:00:00-04:00,46.77,46.63,-0.0,0.14
2025-07-31 03:00:00-04:00,45.56,45.650000000000006,-0.0,-0.09
2025-07-31 04:00:00-04:00,44.38,44.470000000000006,-0.0,-0.09
2025-07-31 05:00:00-04:00,48.23,48.18,-0.0,0.05
2025-07-31 06:00:00-04:00,52.68,52.94,-0.0,-0.26
2025-07-31 07:00:00-04:00,54.74,55.18,-0.0,-0.44
2025-07-31 08:00:00-04:00,55.5,55.78,-0.0,-0.28
2025-07-31 09:00:00-04:00,56.17,56.34,-0.0,-0.17
2025-07-31 10:00:00-04:00,56.11,56.05,-0.0,0.06
2025-07-31 11:00:00-04:00,58.88,58.940000000000005,-0.0,-0.06
2025-07-31 12:00:00-04:00,61.71,62.02,-0.0,-0.31
2025-07-31 13:00:00-04:00,66.09,66.09,-0.0,0.0
2025-07-31 14:00:00-04:00,67.64,67.78,-0.0,-0.14
2025-07-31 15:00:00-04:00,70.08,70.5,-0.0,-0.42
2025-07-31 16:00:00-04:00,71.94,72.3,-0.0,-0.36
2025-07-31 17:00:00-04:00,73.82,73.82,-0.0,0.0
2025-07-31 18:00:00-04:00,69.33,68.91,-0.0,0.42
2025-07-31 19:00:00-04:00,64.07,63.68999999999999,-0.0,0.38
2025-07-31 20:00:00-04:00,58.12,58.0,-0.0,0.12
2025-07-31 21:00:00-04:00,56.24,56.24,-0.0,0.0
2025-07-31 22:00:00-04:00,53.81,53.760000000000005,-0.0,0.05
2025-07-31 23:00:00-04:00,49.78,49.93,-0.0,-0.15
2025-08-01 00:00:00-04:00,42.24,42.16,-0.0,0.08
2025-08-01 01:00:00-04:00,37.81,37.73,-0.0,0.08
2025-08-01 02:00:00-04:00,34.53,34.36,-0.0,0.17
2025-08-01 03:00:00-04:00,30.85,30.85,-0.0,0.0
2025-08-01 04:00:00-04:00,31.18,31.12,-0.0,0.06
2025-08-01 05:00:00-04:00,32.83,32.699999999999996,-0.0,0.13
2025-08-01 06:00:00-04:00,37.57,37.53,-0.0,0.04
2025-08-01 07:00:00-04:00,40.67,40.79,-0.0,-0.12
2025-08-01 08:00:00-04:00,42.02,42.49,-0.0,-0.47
2025-08-01 09:00:00-04:00,39.97,40.45,-0.0,-0.48
2025-08-01 10:00:00-04:00,38.18,38.57,-0.0,-0.39
2025-08-01 11:00:00-04:00,38.37,38.559999999999995,-0.0,-0.19
2025-08-01 12:00:00-04:00,38.94,39.059999999999995,-0.0,-0.12
2025-08-01 13:00:00-04:00,40.96,40.92,-0.0,0.04
2025-08-01 14:00:00-04:00,41.75,41.54,-0.0,0.21
2025-08-01 15:00:00-04:00,44.39,44.21,-0.0,0.18
2025-08-01 16:00:00-04:00,46.91,46.81999999999999,-0.0,0.09
2025-08-01 17:00:00-04:00,50.36,50.16,-0.0,0.2
2025-08-01 18:00:00-04:00,56.31,56.14,-0.0,0.17
2025-08-01 19:00:00-04:00,56.52,56.120000000000005,-0.0,0.4
2025-08-01 20:00:00-04:00,53.3,52.669999999999995,-0.0,0.63
2025-08-01 21:00:00-04:00,46.47,46.01,-0.0,0.46
2025-08-01 22:00:00-04:00,40.51,39.95,-0.0,0.56
2025-08-01 23:00:00-04:00,37.04,36.49,-0.0,0.55
2025-08-02 00:00:00-04:00,38.85,38.97,-0.0,-0.12
2025-08-02 01:00:00-04:00,35.0,35.1,-0.0,-0.1
2025-08-02 02:00:00-04:00,31.34,31.4,-0.0,-0.06
2025-08-02 03:00:00-04:00,29.34,29.25,-0.0,0.09
2025-08-02 04:00:00-04:00,29.65,29.619999999999997,-0.0,0.03
2025-08-02 05:00:00-04:00,29.79,29.79,-0.0,0.0
2025-08-02 06:00:00-04:00,31.76,31.82,-0.0,-0.06
2025-08-02 07:00:00-04:00,32.04,32.199999999999996,-0.0,-0.16
2025-08-02 08:00:00-04:00,29.94,30.21,-0.0,-0.27
2025-08-02 09:00:00-04:00,29.57,29.78,-0.0,-0.21
2025-08-02 10:00:00-04:00,28.5,28.76,-0.0,-0.26
2025-08-02 11:00:00-04:00,29.5,29.74,-0.0,-0.24
2025-08-02 12:00:00-04:00,30.75,30.93,-0.0,-0.18
2025-08-02 13:00:00-04:00,32.75,32.91,-0.0,-0.16
2025-08-02 14:00:00-04:00,34.83,34.97,-0.0,-0.14
2025-08-02 15:00:00-04:00,37.56,37.67,-0.0,-0.11
2025-08-02 16:00:00-04:00,44.32,44.5,-0.0,-0.18
2025-08-02 17:00:00-04:00,53.78,53.73,-0.0,0.05
2025-08-02 18:00:00-04:00,60.0,60.18,-0.0,-0.18
2025-08-02 19:00:00-04:00,58.15,58.32,-0.0,-0.17
2025-08-02 20:00:00-04:00,52.98,52.77,-0.0,0.21
2025-08-02 21:00:00-04:00,45.74,45.74,-0.0,0.0
2025-08-02 22:00:00-04:00,41.49,41.57,-0.0,-0.08
2025-08-02 23:00:00-04:00,37.1,36.88,-0.0,0.22
2025-08-03 00:00:00-04:00,35.24,35.03,-0.0,0.21
2025-08-03 01:00:00-04:00,30.15,29.88,-0.0,0.27
2025-08-03 02:00:00-04:00,27.78,27.42,-0.0,0.36
2025-08-03 03:00:00-04:00,25.85,25.57,-0.0,0.28
2025-08-03 04:00:00-04:00,25.39,25.21,-0.0,0.18
2025-08-03 05:00:00-04:00,25.97,25.709999999999997,-0.0,0.26
2025-08-03 06:00:00-04:00,25.95,25.82,-0.0,0.13
2025-08-03 07:00:00-04:00,26.06,26.24,-0.0,-0.18
2025-08-03 08:00:00-04:00,25.97,26.36,-0.0,-0.39
2025-08-03 09:00:00-04:00,26.03,26.37,-0.0,-0.34
2025-08-03 10:00:00-04:00,27.65,27.959999999999997,-0.0,-0.31
2025-08-03 11:00:00-04:00,29.63,29.9,-0.0,-0.27
2025-08-03 12:00:00-04:00,30.5,30.75,-0.0,-0.25
2025-08-03 13:00:00-04:00,33.8,34.0,-0.0,-0.2
2025-08-03 14:00:00-04:00,36.85,37.07,-0.0,-0.22
2025-08-03 15:00:00-04:00,41.78,41.95,-0.0,-0.17
2025-08-03 16:00:00-04:00,50.35,50.15,-0.0,0.2
2025-08-03 17:00:00-04:00,63.53,63.21,-0.0,0.32
2025-08-03 18:00:00-04:00,75.24,74.33999999999999,-0.0,0.9
2025-08-03 19:00:00-04:00,77.72,76.73,-0.0,0.99
2025-08-03 20:00:00-04:00,69.43,68.74000000000001,-0.0,0.69
2025-08-03 21:00:00-04:00,57.41,57.06999999999999,-0.0,0.34
2025-08-03 22:00:00-04:00,50.03,49.78,-0.0,0.25
2025-08-03 23:00:00-04:00,43.84,43.66,-0.0,0.18
2025-08-04 00:00:00-04:00,37.54,37.24,-0.0,0.3
2025-08-04 01:00:00-04:00,34.22,33.75,-0.0,0.47
2025-08-04 02:00:00-04:00,31.25,30.79,-0.0,0.46
2025-08-04 03:00:00-04:00,28.9,28.5,-0.0,0.4
2025-08-04 04:00:00-04:00,29.2,28.85,-0.0,0.35
2025-08-04 05:00:00-04:00,32.81,32.84,-0.0,-0.03
2025-08-04 06:00:00-04:00,36.13,36.24,-0.0,-0.11
2025-08-04 07:00:00-04:00,38.27,38.620000000000005,-0.0,-0.35
2025-08-04 08:00:00-04:00,36.71,37.15,-0.0,-0.44
2025-08-04 09:00:00-04:00,35.99,36.47,-0.0,-0.48
2025-08-04 10:00:00-04:00,39.98,40.459999999999994,-0.0,-0.48
2025-08-04 11:00:00-04:00,44.63,44.900000000000006,-0.0,-0.27
2025-08-04 12:00:00-04:00,47.26,47.45,-0.0,-0.19
2025-08-04 13:00:00-04:00,51.18,51.18,-0.0,0.0
2025-08-04 14:00:00-04:00,52.81,52.650000000000006,-0.0,0.16
2025-08-04 15:00:00-04:00,56.77,56.43,-0.0,0.34
2025-08-04 16:00:00-04:00,68.84,68.56,-0.0,0.28
2025-08-04 17:00:00-04:00,80.47,79.59,-0.0,0.88
2025-08-04 18:00:00-04:00,82.88,81.02,-0.0,1.86
2025-08-04 19:00:00-04:00,81.36,79.53,-0.0,1.83
2025-08-04 20:00:00-04:00,75.78,74.88,-0.0,0.9
2025-08-04 21:00:00-04:00,62.61,61.99,-0.0,0.62
2025-08-04 22:00:00-04:00,55.29,54.74,-0.0,0.55
2025-08-04 23:00:00-04:00,48.1,47.67,-0.0,0.43
2025-08-05 00:00:00-04:00,44.82,44.51,-0.0,0.31
2025-08-05 01:00:00-04:00,39.64,39.36,-0.0,0.28
2025-08-05 02:00:00-04:00,35.11,34.97,-0.0,0.14
2025-08-05 03:00:00-04:00,34.02,33.95,-0.0,0.07
2025-08-05 04:00:00-04:00,32.38,32.220000000000006,-0.0,0.16
2025-08-05 05:00:00-04:00,33.58,33.25,-0.0,0.33
2025-08-05 06:00:00-04:00,38.0,38.08,-0.0,-0.08
2025-08-05 07:00:00-04:00,41.75,42.09,-0.0,-0.34
2025-08-05 08:00:00-04:00,42.73,43.029999999999994,-0.0,-0.3
2025-08-05 09:00:00-04:00,42.86,42.99,-0.0,-0.13
2025-08-05 10:00:00-04:00,44.13,43.870000000000005,-0.0,0.26
2025-08-05 11:00:00-04:00,46.69,46.27,-0.0,0.42
2025-08-05 12:00:00-04:00,51.25,50.79,-0.0,0.46
2025-08-05 13:00:00-04:00,56.99,56.31,-0.0,0.68
2025-08-05 14:00:00-04:00,60.84,59.940000000000005,-0.0,0.9
2025-08-05 15:00:00-04:00,66.65,65.80000000000001,-0.0,0.85
2025-08-05 16:00:00-04:00,81.59,80.15,-0.0,1.44
2025-08-05 17:00:00-04:00,97.07,94.61,-0.0,2.46
2025-08-05 18:00:00-04:00,94.34,91.86,-0.0,2.48
2025-08-05 19:00:00-04:00,85.13,82.81,-0.0,2.32
2025-08-05 20:00:00-04:00,76.48,75.17,0.03,1.28
2025-08-05 21:00:00-04:00,63.64,62.64,-0.0,1.0
2025-08-05 22:00:00-04:00,54.48,53.62,-0.0,0.86
2025-08-05 23:00:00-04:00,47.83,47.08,-0.0,0.75
2025-08-06 00:00:00-04:00,45.77,45.09,-0.0,0.68
2025-08-06 01:00:00-04:00,42.31,41.81,-0.0,0.5
2025-08-06 02:00:00-04:00,37.98,37.75,-0.0,0.23
2025-08-06 03:00:00-04:00,35.85,35.78,-0.0,0.07
2025-08-06 04:00:00-04:00,36.27,36.2,-0.0,0.07
2025-08-06 05:00:00-04:00,38.17,37.9,-0.0,0.27
2025-08-06 06:00:00-04:00,42.63,42.21,-0.0,0.42
2025-08-06 07:00:00-04:00,44.28,43.89,-0.0,0.39
2025-08-06 08:00:00-04:00,44.0,43.87,-0.0,0.13
2025-08-06 09:00:00-04:00,43.39,43.22,-0.0,0.17
2025-08-06 10:00:00-04:00,43.36,42.93,-0.0,0.43
2025-08-06 11:00:00-04:00,45.67,45.13,-0.0,0.54
2025-08-06 12:00:00-04:00,48.84,48.07,-0.0,0.77
2025-08-06 13:00:00-04:00,53.56,52.510000000000005,-0.0,1.05
2025-08-06 14:00:00-04:00,57.61,56.37,-0.0,1.24
2025-08-06 15:00:00-04:00,58.57,57.36,-0.0,1.21
2025-08-06 16:00:00-04:00,71.21,69.61,-0.0,1.6
2025-08-06 17:00:00-04:00,78.95,76.95,-0.0,2.0
2025-08-06 18:00:00-04:00,77.36,75.4,-0.0,1.96
2025-08-06 19:00:00-04:00,73.88,71.94,-0.0,1.94
2025-08-06 20:00:00-04:00,66.55,64.86999999999999,-0.0,1.68
2025-08-06 21:00:00-04:00,58.62,57.25,-0.0,1.37
2025-08-06 22:00:00-04:00,49.41,48.349999999999994,-0.0,1.06
2025-08-06 23:00:00-04:00,45.24,44.22,-0.0,1.02
2025-08-07 00:00:00-04:00,45.9,45.49,-0.0,0.41
2025-08-07 01:00:00-04:00,41.4,41.15,-0.0,0.25
2025-08-07 02:00:00-04:00,37.88,37.73,-0.0,0.15
2025-08-07 03:00:00-04:00,36.52,36.48,-0.0,0.04
2025-08-07 04:00:00-04:00,35.99,35.92,-0.0,0.07
2025-08-07 05:00:00-04:00,38.77,38.5,-0.0,0.27
2025-08-07 06:00:00-04:00,42.95,42.690000000000005,-0.0,0.26
2025-08-07 07:00:00-04:00,44.97,44.79,-0.0,0.18
2025-08-07 08:00:00-04:00,44.94,45.07,-0.0,-0.13
2025-08-07 09:00:00-04:00,43.59,43.63,-0.0,-0.04
2025-08-07 10:00:00-04:00,43.76,43.45,-0.0,0.31
2025-08-07 11:00:00-04:00,46.48,45.97,-0.0,0.51
2025-08-07 12:00:00-04:00,48.13,47.510000000000005,-0.0,0.62
2025-08-07 13:00:00-04:00,52.8,51.97,-0.0,0.83
2025-08-07 14:00:00-04:00,54.75,53.84,-0.0,0.91
2025-08-07 15:00:00-04:00,59.53,58.48,-0.0,1.05
2025-08-07 16:00:00-04:00,66.56,65.38,-0.0,1.18
2025-08-07 17:00:00-04:00,78.26,76.73,-0.0,1.53
2025-08-07 18:00:00-04:00,78.42,76.66,-0.0,1.76
2025-08-07 19:00:00-04:00,78.58,76.57000000000001,0.02,1.99
2025-08-07 20:00:00-04:00,73.28,71.35,-0.0,1.93
2025-08-07 21:00:00-04:00,62.36,60.78,-0.0,1.58
2025-08-07 22:00:00-04:00,53.69,52.739999999999995,-0.0,0.95
2025-08-07 23:00:00-04:00,47.5,46.75,-0.0,0.75
2025-08-08 00:00:00-04:00,46.79,46.14,-0.0,0.65
2025-08-08 01:00:00-04:00,42.39,42.18,-0.0,0.21
2025-08-08 02:00:00-04:00,36.41,36.37,-0.0,0.04
2025-08-08 03:00:00-04:00,34.51,34.48,-0.0,0.03
2025-08-08 04:00:00-04:00,34.42,34.45,-0.0,-0.03
2025-08-08 05:00:00-04:00,36.61,36.43,-0.0,0.18
2025-08-08 06:00:00-04:00,42.44,42.23,-0.0,0.21
2025-08-08 07:00:00-04:00,44.11,43.85,-0.0,0.26
2025-08-08 08:00:00-04:00,42.1,41.97,-0.0,0.13
2025-08-08 09:00:00-04:00,39.74,39.54,-0.0,0.2
2025-08-08 10:00:00-04:00,39.94,39.5,-0.0,0.44
2025-08-08 11:00:00-04:00,42.4,41.65,-0.0,0.75
2025-08-08 12:00:00-04:00,44.98,43.93,-0.0,1.05
2025-08-08 13:00:00-04:00,48.66,47.47,-0.0,1.19
2025-08-08 14:00:00-04:00,52.18,50.96,-0.0,1.22
2025-08-08 15:00:00-04:00,56.2,54.720000000000006,-0.0,1.48
2025-08-08 16:00:00-04:00,63.72,62.04,-0.0,1.68
2025-08-08 17:00:00-04:00,72.86,71.29,-0.0,1.57
2025-08-08 18:00:00-04:00,77.15,75.49000000000001,-0.0,1.66
2025-08-08 19:00:00-04:00,78.31,76.18,-0.0,2.13
2025-08-08 20:00:00-04:00,70.05,68.00999999999999,-0.0,2.04
2025-08-08 21:00:00-04:00,60.41,58.81999999999999,-0.0,1.59
2025-08-08 22:00:00-04:00,52.0,50.83,-0.0,1.17
2025-08-08 23:00:00-04:00,45.23,44.26,-0.0,0.97
2025-08-09 00:00:00-04:00,40.38,40.220000000000006,-0.0,0.16
2025-08-09 01:00:00-04:00,35.37,35.44,-0.0,-0.07
2025-08-09 02:00:00-04:00,33.17,33.24,-0.0,-0.07
2025-08-09 03:00:00-04:00,30.8,30.95,-0.0,-0.15
2025-08-09 04:00:00-04:00,31.64,31.86,-0.0,-0.22
2025-08-09 05:00:00-04:00,32.07,32.29,-0.0,-0.22
2025-08-09 06:00:00-04:00,31.89,32.05,-0.0,-0.16
2025-08-09 07:00:00-04:00,32.24,32.24,-0.0,0.0
2025-08-09 08:00:00-04:00,30.54,30.39,-0.0,0.15
2025-08-09 09:00:00-04:00,30.27,30.15,-0.0,0.12
2025-08-09 10:00:00-04:00,32.94,32.839999999999996,-0.0,0.1
2025-08-09 11:00:00-04:00,37.26,36.93,-0.0,0.33
2025-08-09 12:00:00-04:00,40.48,39.959999999999994,-0.0,0.52
2025-08-09 13:00:00-04:00,44.06,43.24,-0.0,0.82
2025-08-09 14:00:00-04:00,46.59,45.5,-0.0,1.09
2025-08-09 15:00:00-04:00,49.25,48.05,-0.0,1.2
2025-08-09 16:00:00-04:00,57.23,55.83,-0.0,1.4
2025-08-09 17:00:00-04:00,66.22,64.8,-0.0,1.42
2025-08-09 18:00:00-04:00,73.86,72.13,-0.0,1.73
2025-08-09 19:00:00-04:00,74.64,72.75,-0.0,1.89
2025-08-09 20:00:00-04:00,66.64,64.95,-0.0,1.69
2025-08-09 21:00:00-04:00,57.76,56.8,-0.0,0.96
2025-08-09 22:00:00-04:00,49.54,48.66,-0.0,0.88
2025-08-09 23:00:00-04:00,44.91,44.25,-0.0,0.66
2025-08-10 00:00:00-04:00,41.05,40.8,-0.0,0.25
2025-08-10 01:00:00-04:00,38.03,37.69,-0.0,0.34
2025-08-10 02:00:00-04:00,34.52,34.38,-0.0,0.14
2025-08-10 03:00:00-04:00,33.43,33.36,-0.0,0.07
2025-08-10 04:00:00-04:00,32.86,32.83,-0.0,0.03
2025-08-10 05:00:00-04:00,32.97,33.04,-0.0,-0.07
2025-08-10 06:00:00-04:00,32.37,32.47,-0.0,-0.1
2025-08-10 07:00:00-04:00,31.64,31.77,-0.0,-0.13
2025-08-10 08:00:00-04:00,31.78,31.72,-0.0,0.06
2025-08-10 09:00:00-04:00,32.91,32.779999999999994,-0.0,0.13
2025-08-10 10:00:00-04:00,35.84,35.7,-0.0,0.14
2025-08-10 11:00:00-04:00,41.83,41.62,-0.0,0.21
2025-08-10 12:00:00-04:00,48.22,47.6,-0.0,0.62
2025-08-10 13:00:00-04:00,52.21,51.54,-0.0,0.67
2025-08-10 14:00:00-04:00,57.68,56.05,-0.0,1.63
2025-08-10 15:00:00-04:00,60.0,58.76,-0.0,1.24
2025-08-10 16:00:00-04:00,70.25,68.94,-0.0,1.31
2025-08-10 17:00:00-04:00,87.65,86.02000000000001,-0.0,1.63
2025-08-10 18:00:00-04:00,98.23,96.02,-0.0,2.21
2025-08-10 19:00:00-04:00,97.45,95.07,-0.0,2.38
2025-08-10 20:00:00-04:00,90.58,88.8,-0.0,1.78
2025-08-10 21:00:00-04:00,70.31,68.73,-0.0,1.58
2025-08-10 22:00:00-04:00,59.9,58.73,-0.0,1.17
2025-08-10 23:00:00-04:00,49.67,48.98,-0.0,0.69
2025-08-11 00:00:00-04:00,49.84,49.74,-0.0,0.1
2025-08-11 01:00:00-04:00,43.33,43.2,-0.0,0.13
2025-08-11 02:00:00-04:00,39.86,39.9,-0.0,-0.04
2025-08-11 03:00:00-04:00,35.91,36.129999999999995,-0.0,-0.22
2025-08-11 04:00:00-04:00,35.73,35.98,-0.0,-0.25
2025-08-11 05:00:00-04:00,39.02,39.220000000000006,-0.0,-0.2
2025-08-11 06:00:00-04:00,43.71,43.84,-0.0,-0.13
2025-08-11 07:00:00-04:00,47.08,47.22,-0.0,-0.14
2025-08-11 08:00:00-04:00,48.4,48.64,-0.0,-0.24
2025-08-11 09:00:00-04:00,51.04,50.99,-0.0,0.05
2025-08-11 10:00:00-04:00,55.46,55.24,-0.0,0.22
2025-08-11 11:00:00-04:00,64.58,63.809999999999995,-0.0,0.77
2025-08-11 12:00:00-04:00,72.95,72.23,-0.0,0.72
2025-08-11 13:00:00-04:00,97.63,96.28,-0.0,1.35
2025-08-11 14:00:00-04:00,105.8,104.45,-0.0,1.35
2025-08-11 15:00:00-04:00,112.96,110.75,-0.0,2.21
2025-08-11 16:00:00-04:00,138.63,135.91,-0.0,2.72
2025-08-11 17:00:00-04:00,166.42,163.95999999999998,-0.0,2.46
2025-08-11 18:00:00-04:00,161.87,157.92000000000002,-0.0,3.95
2025-08-11 19:00:00-04:00,133.23,128.1,-0.0,5.13
2025-08-11 20:00:00-04:00,130.29,126.13,-0.0,4.16
2025-08-11 21:00:00-04:00,100.57,98.41,-0.0,2.16
2025-08-11 22:00:00-04:00,76.58,75.67,-0.0,0.91
2025-08-11 23:00:00-04:00,64.58,63.94,-0.0,0.64
2025-08-12 00:00:00-04:00,61.55,60.82,-0.0,0.73
2025-08-12 01:00:00-04:00,54.5,54.34,-0.0,0.16
2025-08-12 02:00:00-04:00,49.11,49.06,-0.0,0.05
2025-08-12 03:00:00-04:00,45.85,45.9,-0.0,-0.05
2025-08-12 04:00:00-04:00,46.44,46.53,-0.0,-0.09
2025-08-12 05:00:00-04:00,48.91,48.91,-0.0,0.0
2025-08-12 06:00:00-04:00,53.51,53.46,-0.0,0.05
2025-08-12 07:00:00-04:00,56.46,56.29,-0.0,0.17
2025-08-12 08:00:00-04:00,60.71,60.35,-0.0,0.36
2025-08-12 09:00:00-04:00,64.93,64.29,-0.0,0.64
2025-08-12 10:00:00-04:00,72.91,71.83,-0.0,1.08
2025-08-12 11:00:00-04:00,82.98,81.51,-0.0,1.47
2025-08-12 12:00:00-04:00,96.4,94.61,-0.0,1.79
2025-08-12 13:00:00-04:00,110.11,108.06,-0.0,2.05
2025-08-12 14:00:00-04:00,124.55,122.47,-0.0,2.08
2025-08-12 15:00:00-04:00,135.62,132.96,-0.0,2.66
2025-08-12 16:00:00-04:00,183.1,180.39,-0.0,2.71
2025-08-12 17:00:00-04:00,233.69,230.02,-0.0,3.67
2025-08-12 18:00:00-04:00,213.23,207.43,-0.0,5.8
2025-08-12 19:00:00-04:00,164.53,158.2,-0.0,6.33
2025-08-12 20:00:00-04:00,142.86,136.85000000000002,-0.0,6.01
2025-08-12 21:00:00-04:00,114.93,112.24,-0.0,2.69
2025-08-12 22:00:00-04:00,96.86,95.52,-0.0,1.34
2025-08-12 23:00:00-04:00,80.95,79.68,-0.0,1.27
2025-08-13 00:00:00-04:00,63.08,62.52,-0.0,0.56
2025-08-13 01:00:00-04:00,53.19,53.19,-0.0,0.0
2025-08-13 02:00:00-04:00,48.67,48.91,-0.0,-0.24
2025-08-13 03:00:00-04:00,48.46,48.8,-0.0,-0.34
2025-08-13 04:00:00-04:00,48.42,48.760000000000005,-0.0,-0.34
2025-08-13 05:00:00-04:00,49.42,49.72,-0.0,-0.3
2025-08-13 06:00:00-04:00,55.64,55.75,-0.0,-0.11
2025-08-13 07:00:00-04:00,59.6,59.42,-0.0,0.18
2025-08-13 08:00:00-04:00,62.45,62.080000000000005,-0.0,0.37
2025-08-13 09:00:00-04:00,65.68,64.9,-0.0,0.78
2025-08-13 10:00:00-04:00,73.56,72.04,-0.0,1.52
2025-08-13 11:00:00-04:00,78.19,76.36,-0.0,1.83
2025-08-13 12:00:00-04:00,83.9,82.26,-0.0,1.64
2025-08-13 13:00:00-04:00,94.22,92.47,-0.0,1.75
2025-08-13 14:00:00-04:00,100.99,99.7,-0.0,1.29
2025-08-13 15:00:00-04:00,112.12,110.79,-0.0,1.33
2025-08-13 16:00:00-04:00,136.45,134.82999999999998,-0.0,1.62
2025-08-13 17:00:00-04:00,164.47,163.32,-0.0,1.15
2025-08-13 18:00:00-04:00,154.63,152.65,-0.0,1.98
2025-08-13 19:00:00-04:00,117.23,114.82,-0.0,2.41
2025-08-13 20:00:00-04:00,94.34,91.59,-0.0,2.75
2025-08-13 21:00:00-04:00,85.66,83.49,-0.0,2.17
2025-08-13 22:00:00-04:00,71.05,70.07,-0.0,0.98
2025-08-13 23:00:00-04:00,62.98,62.36,-0.0,0.62
2025-08-14 00:00:00-04:00,55.59,55.53,-0.0,0.06
2025-08-14 01:00:00-04:00,50.72,50.87,-0.0,-0.15
2025-08-14 02:00:00-04:00,46.22,46.69,-0.0,-0.47
2025-08-14 03:00:00-04:00,42.54,43.05,-0.0,-0.51
2025-08-14 04:00:00-04:00,42.27,42.78,-0.0,-0.51
2025-08-14 05:00:00-04:00,45.58,46.09,-0.0,-0.51
2025-08-14 06:00:00-04:00,51.76,52.23,-0.0,-0.47
2025-08-14 07:00:00-04:00,53.24,53.56,-0.0,-0.32
2025-08-14 08:00:00-04:00,53.58,54.07,-0.0,-0.49
2025-08-14 09:00:00-04:00,56.46,56.8,-0.0,-0.34
2025-08-14 10:00:00-04:00,55.93,56.04,-0.0,-0.11
2025-08-14 11:00:00-04:00,61.36,61.54,-0.0,-0.18
2025-08-14 12:00:00-04:00,67.95,67.88000000000001,-0.0,0.07
2025-08-14 13:00:00-04:00,72.39,72.03,-0.0,0.36
2025-08-14 14:00:00-04:00,72.81,72.3,-0.0,0.51
2025-08-14 15:00:00-04:00,76.48,75.5,-0.0,0.98
2025-08-14 16:00:00-04:00,83.18,82.44000000000001,-0.0,0.74
2025-08-14 17:00:00-04:00,93.87,92.57,-0.0,1.3
2025-08-14 18:00:00-04:00,90.2,88.69,-0.0,1.51
2025-08-14 19:00:00-04:00,78.74,76.97,-0.0,1.77
2025-08-14 20:00:00-04:00,73.64,72.55,-0.0,1.09
2025-08-14 21:00:00-04:00,65.05,64.53999999999999,-0.0,0.51
2025-08-14 22:00:00-04:00,58.09,57.86000000000001,-0.0,0.23
2025-08-14 23:00:00-04:00,50.75,50.5,-0.0,0.25
2025-08-15 00:00:00-04:00,46.57,46.57,-0.0,0.0
2025-08-15 01:00:00-04:00,43.54,43.37,-0.0,0.17
2025-08-15 02:00:00-04:00,39.05,39.169999999999995,-0.0,-0.12
2025-08-15 03:00:00-04:00,35.19,35.4,-0.0,-0.21
2025-08-15 04:00:00-04:00,35.36,35.54,-0.0,-0.18
2025-08-15 05:00:00-04:00,37.86,38.05,-0.0,-0.19
2025-08-15 06:00:00-04:00,42.24,42.370000000000005,-0.0,-0.13
2025-08-15 07:00:00-04:00,44.7,44.74,-0.0,-0.04
2025-08-15 08:00:00-04:00,44.88,45.150000000000006,-0.0,-0.27
2025-08-15 09:00:00-04:00,45.19,45.28,-0.0,-0.09
2025-08-15 10:00:00-04:00,45.66,45.48,-0.0,0.18
2025-08-15 11:00:00-04:00,51.74,51.330000000000005,-0.0,0.41
2025-08-15 12:00:00-04:00,52.81,52.080000000000005,-0.0,0.73
2025-08-15 13:00:00-04:00,61.05,59.91,-0.0,1.14
2025-08-15 14:00:00-04:00,64.32,63.059999999999995,-0.0,1.26
2025-08-15 15:00:00-04:00,68.01,66.09,-0.0,1.92
2025-08-15 16:00:00-04:00,78.14,75.35,-0.0,2.79
2025-08-15 17:00:00-04:00,81.74,77.94,-0.02,3.82
2025-08-15 18:00:00-04:00,79.81,76.08,-0.0,3.73
2025-08-15 19:00:00-04:00,75.76,72.99000000000001,-0.0,2.77
2025-08-15 20:00:00-04:00,69.68,67.46000000000001,-0.0,2.22
2025-08-15 21:00:00-04:00,61.39,59.84,-0.0,1.55
2025-08-15 22:00:00-04:00,53.72,52.56,-0.0,1.16
2025-08-15 23:00:00-04:00,49.21,48.25,-0.0,0.96
2025-08-16 00:00:00-04:00,43.05,42.79,-0.0,0.26
2025-08-16 01:00:00-04:00,39.68,39.21,-0.0,0.47
2025-08-16 02:00:00-04:00,36.47,36.32,-0.0,0.15
2025-08-16 03:00:00-04:00,33.11,33.11,-0.0,0.0
2025-08-16 04:00:00-04:00,32.17,32.230000000000004,-0.0,-0.06
2025-08-16 05:00:00-04:00,33.45,33.580000000000005,-0.0,-0.13
2025-08-16 06:00:00-04:00,34.22,34.32,-0.0,-0.1
2025-08-16 07:00:00-04:00,33.36,33.46,-0.0,-0.1
2025-08-16 08:00:00-04:00,32.93,33.13,-0.0,-0.2
2025-08-16 09:00:00-04:00,36.85,36.85,-0.0,0.0
2025-08-16 10:00:00-04:00,39.91,39.83,-0.0,0.08
2025-08-16 11:00:00-04:00,44.52,43.95,-0.0,0.57
2025-08-16 12:00:00-04:00,47.44,46.739999999999995,-0.0,0.7
2025-08-16 13:00:00-04:00,52.41,51.529999999999994,-0.0,0.88
2025-08-16 14:00:00-04:00,55.67,54.74,-0.0,0.93
2025-08-16 15:00:00-04:00,63.88,62.690000000000005,-0.0,1.19
2025-08-16 16:00:00-04:00,72.82,71.67999999999999,-0.0,1.14
2025-08-16 17:00:00-04:00,81.62,80.18,-0.0,1.44
2025-08-16 18:00:00-04:00,82.24,80.39,-0.0,1.85
2025-08-16 19:00:00-04:00,76.09,74.16,-0.0,1.93
2025-08-16 20:00:00-04:00,68.63,66.75999999999999,-0.0,1.87
2025-08-16 21:00:00-04:00,61.65,60.09,-0.0,1.56
2025-08-16 22:00:00-04:00,55.35,53.84,-0.0,1.51
2025-08-16 23:00:00-04:00,48.55,47.459999999999994,-0.0,1.09
2025-08-17 00:00:00-04:00,45.14,44.96,-0.0,0.18
2025-08-17 01:00:00-04:00,40.72,40.48,-0.0,0.24
2025-08-17 02:00:00-04:00,35.76,35.72,-0.0,0.04
2025-08-17 03:00:00-04:00,32.55,32.75,-0.0,-0.2
2025-08-17 04:00:00-04:00,31.36,31.55,-0.0,-0.19
2025-08-17 05:00:00-04:00,33.49,33.660000000000004,-0.0,-0.17
2025-08-17 06:00:00-04:00,33.55,33.779999999999994,-0.0,-0.23
2025-08-17 07:00:00-04:00,33.63,34.0,-0.0,-0.37
2025-08-17 08:00:00-04:00,33.96,34.37,-0.0,-0.41
2025-08-17 09:00:00-04:00,36.53,36.94,-0.0,-0.41
2025-08-17 10:00:00-04:00,40.88,41.25,-0.0,-0.37
2025-08-17 11:00:00-04:00,45.66,45.98,-0.0,-0.32
2025-08-17 12:00:00-04:00,49.79,50.14,-0.0,-0.35
2025-08-17 13:00:00-04:00,54.4,54.73,-0.0,-0.33
2025-08-17 14:00:00-04:00,58.21,58.74,-0.0,-0.53
2025-08-17 15:00:00-04:00,64.85,65.44,-0.0,-0.59
2025-08-17 16:00:00-04:00,81.62,82.78,-0.0,-1.16
2025-08-17 17:00:00-04:00,95.72,97.17,-0.0,-1.45
2025-08-17 18:00:00-04:00,99.91,101.12,-0.0,-1.21
2025-08-17 19:00:00-04:00,88.91,89.72,-0.0,-0.81
2025-08-17 20:00:00-04:00,72.53,72.75,-0.0,-0.22
2025-08-17 21:00:00-04:00,62.34,62.650000000000006,-0.0,-0.31
2025-08-17 22:00:00-04:00,52.93,53.19,-0.0,-0.26
2025-08-17 23:00:00-04:00,46.66,46.75,-0.0,-0.09
2025-08-18 00:00:00-04:00,40.17,40.5,-0.0,-0.33
2025-08-18 01:00:00-04:00,36.8,36.73,-0.0,0.07
2025-08-18 02:00:00-04:00,33.52,33.550000000000004,-0.0,-0.03
2025-08-18 03:00:00-04:00,30.83,30.889999999999997,-0.0,-0.06
2025-08-18 04:00:00-04:00,30.98,31.07,-0.0,-0.09
2025-08-18 05:00:00-04:00,34.51,34.72,-0.0,-0.21
2025-08-18 06:00:00-04:00,38.5,38.89,-0.0,-0.39
2025-08-18 07:00:00-04:00,41.06,41.68,-0.0,-0.62
2025-08-18 08:00:00-04:00,39.87,40.52,-0.0,-0.65
2025-08-18 09:00:00-04:00,36.97,37.46,-0.0,-0.49
2025-08-18 10:00:00-04:00,35.92,36.32,-0.0,-0.4
2025-08-18 11:00:00-04:00,36.52,36.85,-0.0,-0.33
2025-08-18 12:00:00-04:00,40.21,40.37,-0.0,-0.16
2025-08-18 13:00:00-04:00,42.05,42.01,-0.0,0.04
2025-08-18 14:00:00-04:00,44.87,44.739999999999995,-0.0,0.13
2025-08-18 15:00:00-04:00,47.77,47.580000000000005,-0.0,0.19
2025-08-18 16:00:00-04:00,54.5,54.34,-0.0,0.16
2025-08-18 17:00:00-04:00,64.13,63.37,-0.0,0.76
2025-08-18 18:00:00-04:00,65.39,64.74,-0.0,0.65
2025-08-18 19:00:00-04:00,58.21,57.69,-0.0,0.52
2025-08-18 20:00:00-04:00,49.77,49.470000000000006,-0.0,0.3
2025-08-18 21:00:00-04:00,45.0,44.82,-0.0,0.18
2025-08-18 22:00:00-04:00,42.46,42.33,-0.0,0.13
2025-08-18 23:00:00-04:00,38.35,38.27,-0.0,0.08
2025-08-19 00:00:00-04:00,34.17,34.0,-0.0,0.17
2025-08-19 01:00:00-04:00,29.87,29.69,-0.0,0.18
2025-08-19 02:00:00-04:00,28.75,28.64,-0.0,0.11
2025-08-19 03:00:00-04:00,27.64,27.58,-0.0,0.06
2025-08-19 04:00:00-04:00,27.79,27.71,-0.0,0.08
2025-08-19 05:00:00-04:00,28.67,28.56,-0.0,0.11
2025-08-19 06:00:00-04:00,33.1,33.1,-0.0,0.0
2025-08-19 07:00:00-04:00,34.86,35.03,-0.0,-0.17
2025-08-19 08:00:00-04:00,32.89,33.05,-0.0,-0.16
2025-08-19 09:00:00-04:00,31.28,31.37,-0.0,-0.09
2025-08-19 10:00:00-04:00,31.82,31.82,-0.0,0.0
2025-08-19 11:00:00-04:00,33.7,33.63,-0.0,0.07
2025-08-19 12:00:00-04:00,36.14,36.07,-0.0,0.07
2025-08-19 13:00:00-04:00,39.01,38.809999999999995,-0.0,0.2
2025-08-19 14:00:00-04:00,42.62,42.36,-0.0,0.26
2025-08-19 15:00:00-04:00,44.68,44.33,-0.0,0.35
2025-08-19 16:00:00-04:00,48.98,48.739999999999995,-0.0,0.24
2025-08-19 17:00:00-04:00,52.97,52.6,-0.0,0.37
2025-08-19 18:00:00-04:00,57.86,57.57,-0.0,0.29
2025-08-19 19:00:00-04:00,57.75,57.18,-0.0,0.57
2025-08-19 20:00:00-04:00,53.57,53.2,-0.0,0.37
2025-08-19 21:00:00-04:00,46.35,45.84,-0.0,0.51
2025-08-19 22:00:00-04:00,40.48,39.879999999999995,-0.0,0.6
2025-08-19 23:00:00-04:00,35.5,35.11,-0.0,0.39
2025-08-20 00:00:00-04:00,32.42,32.480000000000004,-0.0,-0.06
2025-08-20 01:00:00-04:00,29.11,29.2,-0.0,-0.09
2025-08-20 02:00:00-04:00,28.18,28.24,-0.0,-0.06
2025-08-20 03:00:00-04:00,27.39,27.44,-0.0,-0.05
2025-08-20 04:00:00-04:00,27.79,27.82,-0.0,-0.03
2025-08-20 05:00:00-04:00,29.17,29.23,-0.0,-0.06
2025-08-20 06:00:00-04:00,35.37,35.51,-0.0,-0.14
2025-08-20 07:00:00-04:00,40.18,40.18,-0.0,0.0
2025-08-20 08:00:00-04:00,39.55,39.79,-0.0,-0.24
2025-08-20 09:00:00-04:00,40.86,40.86,-0.0,0.0
2025-08-20 10:00:00-04:00,39.87,39.79,-0.0,0.08
2025-08-20 11:00:00-04:00,41.91,41.7,-0.0,0.21
2025-08-20 12:00:00-04:00,42.22,41.97,-0.0,0.25
2025-08-20 13:00:00-04:00,48.86,48.57,-0.0,0.29
2025-08-20 14:00:00-04:00,49.88,49.580000000000005,-0.0,0.3
2025-08-20 15:00:00-04:00,51.26,50.86,-0.0,0.4
2025-08-20 16:00:00-04:00,54.63,54.3,-0.0,0.33
2025-08-20 17:00:00-04:00,59.18,58.94,-0.0,0.24
2025-08-20 18:00:00-04:00,59.59,59.35,-0.0,0.24
2025-08-20 19:00:00-04:00,57.34,57.0,-0.0,0.34
2025-08-20 20:00:00-04:00,53.06,52.74,-0.0,0.32
2025-08-20 21:00:00-04:00,50.27,49.82,-0.0,0.45
2025-08-20 22:00:00-04:00,41.68,41.15,-0.0,0.53
2025-08-20 23:00:00-04:00,37.1,36.73,-0.0,0.37
2025-08-21 00:00:00-04:00,32.89,32.92,-0.0,-0.03
2025-08-21 01:00:00-04:00,30.6,30.450000000000003,-0.0,0.15
2025-08-21 02:00:00-04:00,28.07,28.01,-0.0,0.06
2025-08-21 03:00:00-04:00,26.86,26.75,-0.0,0.11
2025-08-21 04:00:00-04:00,26.53,26.53,-0.0,0.0
2025-08-21 05:00:00-04:00,29.38,29.44,-0.0,-0.06
2025-08-21 06:00:00-04:00,35.38,35.56,-0.0,-0.18
2025-08-21 07:00:00-04:00,38.14,37.77,0.6,-0.23
2025-08-21 08:00:00-04:00,39.34,38.64,0.93,-0.23
2025-08-21 09:00:00-04:00,36.4,35.86,0.54,0.0
2025-08-21 10:00:00-04:00,37.08,36.46,0.66,-0.04
2025-08-21 11:00:00-04:00,37.35,36.77,0.54,0.04
2025-08-21 12:00:00-04:00,38.23,37.54,0.58,0.11
2025-08-21 13:00:00-04:00,40.39,39.59,0.6,0.2
2025-08-21 14:00:00-04:00,40.46,39.76,0.5,0.2
2025-08-21 15:00:00-04:00,41.21,40.470000000000006,0.62,0.12
2025-08-21 16:00:00-04:00,41.87,41.79,-0.0,0.08
2025-08-21 17:00:00-04:00,47.12,47.02,0.01,0.09
2025-08-21 18:00:00-04:00,52.27,51.2,0.92,0.15
2025-08-21 19:00:00-04:00,51.53,50.34,0.84,0.35
2025-08-21 20:00:00-04:00,50.16,49.02,0.79,0.35
2025-08-21 21:00:00-04:00,43.69,43.2,0.23,0.26
2025-08-21 22:00:00-04:00,37.7,37.14000000000001,0.3,0.26
2025-08-21 23:00:00-04:00,33.92,33.550000000000004,-0.0,0.37
2025-08-22 00:00:00-04:00,31.87,31.65,-0.0,0.22
2025-08-22 01:00:00-04:00,29.14,28.99,-0.0,0.15
2025-08-22 02:00:00-04:00,26.64,26.53,-0.0,0.11
2025-08-22 03:00:00-04:00,25.45,25.37,-0.0,0.08
2025-08-22 04:00:00-04:00,26.07,25.97,-0.0,0.1
2025-08-22 05:00:00-04:00,28.33,28.25,-0.0,0.08
2025-08-22 06:00:00-04:00,32.86,32.89,-0.0,-0.03
2025-08-22 07:00:00-04:00,35.46,35.67,-0.0,-0.21
2025-08-22 08:00:00-04:00,30.3,30.33,-0.0,-0.03
2025-08-22 09:00:00-04:00,26.64,26.83,-0.0,-0.19
2025-08-22 10:00:00-04:00,27.53,27.61,-0.0,-0.08
2025-08-22 11:00:00-04:00,29.56,29.56,-0.0,0.0
2025-08-22 12:00:00-04:00,31.16,31.19,-0.0,-0.03
2025-08-22 13:00:00-04:00,34.41,34.269999999999996,-0.0,0.14
2025-08-22 14:00:00-04:00,37.11,36.92,-0.0,0.19
2025-08-22 15:00:00-04:00,39.82,39.7,-0.0,0.12
2025-08-22 16:00:00-04:00,45.1,45.01,-0.0,0.09
2025-08-22 17:00:00-04:00,58.58,58.58,-0.0,0.0
2025-08-22 18:00:00-04:00,66.33,66.06,-0.0,0.27
2025-08-22 19:00:00-04:00,63.69,63.309999999999995,-0.0,0.38
2025-08-22 20:00:00-04:00,53.48,53.059999999999995,-0.0,0.42
2025-08-22 21:00:00-04:00,50.06,49.66,-0.0,0.4
2025-08-22 22:00:00-04:00,43.52,43.13,-0.0,0.39
2025-08-22 23:00:00-04:00,37.13,36.98,-0.0,0.15
2025-08-23 00:00:00-04:00,29.47,29.44,-0.0,0.03
2025-08-23 01:00:00-04:00,28.35,28.35,-0.0,0.0
2025-08-23 02:00:00-04:00,26.9,26.979999999999997,-0.0,-0.08
2025-08-23 03:00:00-04:00,25.26,25.360000000000003,-0.0,-0.1
2025-08-23 04:00:00-04:00,24.95,25.05,-0.0,-0.1
2025-08-23 05:00:00-04:00,25.24,25.319999999999997,-0.0,-0.08
2025-08-23 06:00:00-04:00,26.24,26.42,-0.0,-0.18
2025-08-23 07:00:00-04:00,25.32,25.63,-0.0,-0.31
2025-08-23 08:00:00-04:00,25.2,25.45,-0.0,-0.25
2025-08-23 09:00:00-04:00,24.14,24.38,-0.0,-0.24
2025-08-23 10:00:00-04:00,25.73,25.91,-0.0,-0.18
2025-08-23 11:00:00-04:00,27.07,27.21,-0.0,-0.14
2025-08-23 12:00:00-04:00,28.31,28.34,-0.0,-0.03
2025-08-23 13:00:00-04:00,30.15,30.27,-0.0,-0.12
2025-08-23 14:00:00-04:00,33.02,33.150000000000006,-0.0,-0.13
2025-08-23 15:00:00-04:00,36.01,36.12,-0.0,-0.11
2025-08-23 16:00:00-04:00,43.0,43.09,-0.0,-0.09
2025-08-23 17:00:00-04:00,50.04,50.19,-0.0,-0.15
2025-08-23 18:00:00-04:00,55.58,55.58,-0.0,0.0
2025-08-23 19:00:00-04:00,50.45,50.400000000000006,-0.0,0.05
2025-08-23 20:00:00-04:00,46.16,46.02,-0.0,0.14
2025-08-23 21:00:00-04:00,41.34,41.010000000000005,-0.0,0.33
2025-08-23 22:00:00-04:00,36.01,35.79,-0.0,0.22
2025-08-23 23:00:00-04:00,31.77,31.49,-0.0,0.28
2025-08-24 00:00:00-04:00,27.41,27.25,-0.0,0.16
2025-08-24 01:00:00-04:00,25.44,25.34,-0.0,0.1
2025-08-24 02:00:00-04:00,23.43,23.31,-0.0,0.12
2025-08-24 03:00:00-04:00,22.03,21.92,-0.0,0.11
2025-08-24 04:00:00-04:00,21.93,21.82,-0.0,0.11
2025-08-24 05:00:00-04:00,23.06,22.92,-0.0,0.14
2025-08-24 06:00:00-04:00,23.25,23.23,-0.0,0.02
2025-08-24 07:00:00-04:00,22.43,22.45,-0.0,-0.02
2025-08-24 08:00:00-04:00,22.34,22.43,-0.0,-0.09
2025-08-24 09:00:00-04:00,22.97,22.99,-0.0,-0.02
2025-08-24 10:00:00-04:00,24.44,24.44,-0.0,0.0
2025-08-24 11:00:00-04:00,25.92,25.97,-0.0,-0.05
2025-08-24 12:00:00-04:00,28.39,28.5,-0.0,-0.11
2025-08-24 13:00:00-04:00,31.67,31.89,-0.0,-0.22
2025-08-24 14:00:00-04:00,33.62,33.96,-0.0,-0.34
2025-08-24 15:00:00-04:00,35.24,35.56,-0.0,-0.32
2025-08-24 16:00:00-04:00,41.2,41.7,-0.0,-0.5
2025-08-24 17:00:00-04:00,47.88,48.510000000000005,-0.0,-0.63
2025-08-24 18:00:00-04:00,51.43,51.9,-0.0,-0.47
2025-08-24 19:00:00-04:00,48.66,48.82999999999999,0.02,-0.19
2025-08-24 20:00:00-04:00,47.09,47.07,0.21,-0.19
2025-08-24 21:00:00-04:00,39.55,39.629999999999995,-0.0,-0.08
2025-08-24 22:00:00-04:00,35.68,35.72,-0.0,-0.04
2025-08-24 23:00:00-04:00,32.25,32.15,-0.0,0.1
2025-08-25 00:00:00-04:00,30.78,30.93,-0.0,-0.15
2025-08-25 01:00:00-04:00,27.16,27.35,-0.0,-0.19
2025-08-25 02:00:00-04:00,25.32,25.55,-0.0,-0.23
2025-08-25 03:00:00-04:00,24.4,24.67,-0.0,-0.27
2025-08-25 04:00:00-04:00,24.46,24.76,-0.0,-0.3
2025-08-25 05:00:00-04:00,26.11,26.32,-0.0,-0.21
2025-08-25 06:00:00-04:00,30.18,30.55,-0.0,-0.37
2025-08-25 07:00:00-04:00,32.39,32.92,-0.0,-0.53
2025-08-25 08:00:00-04:00,31.31,31.85,-0.0,-0.54
2025-08-25 09:00:00-04:00,28.61,28.96,-0.0,-0.35
2025-08-25 10:00:00-04:00,28.75,29.07,-0.0,-0.32
2025-08-25 11:00:00-04:00,30.45,30.63,-0.0,-0.18
2025-08-25 12:00:00-04:00,31.34,31.66,-0.0,-0.32
2025-08-25 13:00:00-04:00,34.73,35.19,-0.0,-0.46
2025-08-25 14:00:00-04:00,34.76,35.22,-0.0,-0.46
2025-08-25 15:00:00-04:00,37.2,37.73,-0.0,-0.53
2025-08-25 16:00:00-04:00,42.37,42.93,-0.0,-0.56
2025-08-25 17:00:00-04:00,48.77,49.21,-0.0,-0.44
2025-08-25 18:00:00-04:00,52.43,52.53,-0.0,-0.1
2025-08-25 19:00:00-04:00,51.26,51.16,-0.0,0.1
2025-08-25 20:00:00-04:00,45.21,45.07,-0.0,0.14
2025-08-25 21:00:00-04:00,39.22,39.1,-0.0,0.12
2025-08-25 22:00:00-04:00,31.97,31.91,-0.0,0.06
2025-08-25 23:00:00-04:00,28.83,28.659999999999997,-0.0,0.17
2025-08-26 00:00:00-04:00,26.2,26.23,-0.0,-0.03
2025-08-26 01:00:00-04:00,23.36,23.29,-0.0,0.07
2025-08-26 02:00:00-04:00,21.48,21.37,-0.0,0.11
2025-08-26 03:00:00-04:00,20.38,20.34,-0.0,0.04
2025-08-26 04:00:00-04:00,20.34,20.26,-0.0,0.08
2025-08-26 05:00:00-04:00,22.09,21.96,-0.0,0.13
2025-08-26 06:00:00-04:00,27.05,27.1,-0.0,-0.05
2025-08-26 07:00:00-04:00,28.96,28.84,-0.0,0.12
2025-08-26 08:00:00-04:00,26.93,26.74,-0.0,0.19
2025-08-26 09:00:00-04:00,25.17,25.040000000000003,-0.0,0.13
2025-08-26 10:00:00-04:00,25.46,25.41,-0.0,0.05
2025-08-26 11:00:00-04:00,25.54,25.51,-0.0,0.03
2025-08-26 12:00:00-04:00,26.4,26.4,-0.0,0.0
2025-08-26 13:00:00-04:00,27.98,27.98,-0.0,0.0
2025-08-26 14:00:00-04:00,30.45,30.45,-0.0,0.0
2025-08-26 15:00:00-04:00,30.8,30.98,-0.0,-0.18
2025-08-26 16:00:00-04:00,35.61,35.97,-0.0,-0.36
2025-08-26 17:00:00-04:00,41.73,42.15,-0.0,-0.42
2025-08-26 18:00:00-04:00,45.28,45.69,-0.0,-0.41
2025-08-26 19:00:00-04:00,44.19,44.46,-0.0,-0.27
2025-08-26 20:00:00-04:00,40.81,40.93,-0.0,-0.12
2025-08-26 21:00:00-04:00,36.7,36.66,-0.0,0.04
2025-08-26 22:00:00-04:00,30.96,30.96,-0.0,0.0
2025-08-26 23:00:00-04:00,29.1,29.130000000000003,-0.0,-0.03
2025-08-27 00:00:00-04:00,26.47,26.66,-0.0,-0.19
2025-08-27 01:00:00-04:00,25.02,25.12,-0.0,-0.1
2025-08-27 02:00:00-04:00,23.46,23.58,-0.0,-0.12
2025-08-27 03:00:00-04:00,22.81,22.9,-0.0,-0.09
2025-08-27 04:00:00-04:00,23.03,23.12,-0.0,-0.09
2025-08-27 05:00:00-04:00,24.97,25.09,-0.0,-0.12
2025-08-27 06:00:00-04:00,30.26,30.44,-0.0,-0.18
2025-08-27 07:00:00-04:00,30.89,31.08,-0.0,-0.19
2025-08-27 08:00:00-04:00,27.53,27.75,-0.0,-0.22
2025-08-27 09:00:00-04:00,25.5,25.68,-0.0,-0.18
2025-08-27 10:00:00-04:00,24.37,24.59,-0.0,-0.22
2025-08-27 11:00:00-04:00,24.5,24.77,-0.0,-0.27
2025-08-27 12:00:00-04:00,24.42,24.74,-0.0,-0.32
2025-08-27 13:00:00-04:00,26.36,26.71,-0.0,-0.35
2025-08-27 14:00:00-04:00,27.28,27.67,-0.0,-0.39
2025-08-27 15:00:00-04:00,28.57,28.95,-0.0,-0.38
2025-08-27 16:00:00-04:00,32.34,32.7,-0.0,-0.36
2025-08-27 17:00:00-04:00,38.7,39.09,-0.0,-0.39
2025-08-27 18:00:00-04:00,40.78,40.82,-0.0,-0.04
2025-08-27 19:00:00-04:00,40.48,40.48,-0.0,0.0
2025-08-27 20:00:00-04:00,38.91,38.92999999999999,0.17,-0.19
2025-08-27 21:00:00-04:00,33.48,33.58,-0.0,-0.1
2025-08-27 22:00:00-04:00,28.08,28.19,-0.0,-0.11
2025-08-27 23:00:00-04:00,25.83,25.959999999999997,-0.0,-0.13
2025-08-28 00:00:00-04:00,25.83,25.959999999999997,-0.0,-0.13
2025-08-28 01:00:00-04:00,22.41,22.64,-0.0,-0.23
2025-08-28 02:00:00-04:00,21.04,21.21,-0.0,-0.17
2025-08-28 03:00:00-04:00,20.04,20.24,-0.0,-0.2
2025-08-28 04:00:00-04:00,20.85,21.08,-0.0,-0.23
2025-08-28 05:00:00-04:00,21.94,22.25,-0.0,-0.31
2025-08-28 06:00:00-04:00,25.71,26.08,-0.0,-0.37
2025-08-28 07:00:00-04:00,28.26,28.69,-0.0,-0.43
2025-08-28 08:00:00-04:00,25.53,25.92,-0.0,-0.39
2025-08-28 09:00:00-04:00,22.39,22.69,-0.0,-0.3
2025-08-28 10:00:00-04:00,22.24,22.56,-0.0,-0.32
2025-08-28 11:00:00-04:00,23.11,23.44,-0.0,-0.33
2025-08-28 12:00:00-04:00,23.41,23.72,-0.0,-0.31
2025-08-28 13:00:00-04:00,25.06,25.36,-0.0,-0.3
2025-08-28 14:00:00-04:00,26.54,26.89,-0.0,-0.35
2025-08-28 15:00:00-04:00,28.24,28.549999999999997,-0.0,-0.31
2025-08-28 16:00:00-04:00,32.09,32.220000000000006,-0.0,-0.13
2025-08-28 17:00:00-04:00,34.77,34.6,-0.0,0.17
2025-08-28 18:00:00-04:00,36.18,35.65,0.25,0.28
2025-08-28 19:00:00-04:00,36.11,35.52,0.23,0.36
2025-08-28 20:00:00-04:00,35.57,35.32,-0.0,0.25
2025-08-28 21:00:00-04:00,32.92,32.95,-0.0,-0.03
2025-08-28 22:00:00-04:00,29.28,29.43,-0.0,-0.15
2025-08-28 23:00:00-04:00,27.16,27.27,-0.0,-0.11
2025-08-29 00:00:00-04:00,26.28,26.36,-0.0,-0.08
2025-08-29 01:00:00-04:00,23.64,23.83,-0.0,-0.19
2025-08-29 02:00:00-04:00,21.69,21.91,-0.0,-0.22
2025-08-29 03:00:00-04:00,20.73,20.9,-0.0,-0.17
2025-08-29 04:00:00-04:00,21.71,21.89,-0.0,-0.18
2025-08-29 05:00:00-04:00,24.15,24.35,-0.0,-0.2
2025-08-29 06:00:00-04:00,29.03,29.35,-0.0,-0.32
2025-08-29 07:00:00-04:00,31.9,32.16,-0.0,-0.26
2025-08-29 08:00:00-04:00,32.1,32.42,-0.0,-0.32
2025-08-29 09:00:00-04:00,28.73,29.05,-0.0,-0.32
2025-08-29 10:00:00-04:00,29.09,29.44,-0.0,-0.35
2025-08-29 11:00:00-04:00,28.53,28.94,-0.0,-0.41
2025-08-29 12:00:00-04:00,27.8,28.19,-0.0,-0.39
2025-08-29 13:00:00-04:00,29.76,30.180000000000003,-0.0,-0.42
2025-08-29 14:00:00-04:00,29.85,30.3,-0.0,-0.45
2025-08-29 15:00:00-04:00,29.78,30.32,-0.0,-0.54
2025-08-29 16:00:00-04:00,34.1,34.83,-0.0,-0.73
2025-08-29 17:00:00-04:00,37.63,38.28,-0.0,-0.65
2025-08-29 18:00:00-04:00,39.71,40.31,-0.0,-0.6
2025-08-29 19:00:00-04:00,39.69,40.129999999999995,-0.0,-0.44
2025-08-29 20:00:00-04:00,38.08,38.309999999999995,-0.0,-0.23
2025-08-29 21:00:00-04:00,33.84,34.040000000000006,-0.0,-0.2
2025-08-29 22:00:00-04:00,28.9,29.07,-0.0,-0.17
2025-08-29 23:00:00-04:00,26.54,26.59,-0.0,-0.05
2025-08-30 00:00:00-04:00,27.77,27.8,-0.0,-0.03
2025-08-30 01:00:00-04:00,26.11,26.21,-0.0,-0.1
2025-08-30 02:00:00-04:00,22.88,22.88,-0.0,0.0
2025-08-30 03:00:00-04:00,20.91,20.91,-0.0,0.0
2025-08-30 04:00:00-04:00,21.29,21.23,-0.0,0.06
2025-08-30 05:00:00-04:00,23.19,23.19,-0.0,0.0
2025-08-30 06:00:00-04:00,23.54,23.7,-0.0,-0.16
2025-08-30 07:00:00-04:00,23.45,23.61,-0.0,-0.16
2025-08-30 08:00:00-04:00,20.55,20.84,-0.0,-0.29
2025-08-30 09:00:00-04:00,17.81,18.08,-0.0,-0.27
2025-08-30 10:00:00-04:00,17.07,17.330000000000002,-0.0,-0.26
2025-08-30 11:00:00-04:00,17.34,17.62,-0.0,-0.28
2025-08-30 12:00:00-04:00,18.28,18.52,-0.0,-0.24
2025-08-30 13:00:00-04:00,19.19,19.42,-0.0,-0.23
2025-08-30 14:00:00-04:00,19.85,20.09,-0.0,-0.24
2025-08-30 15:00:00-04:00,21.09,21.39,-0.0,-0.3
2025-08-30 16:00:00-04:00,23.5,23.83,-0.0,-0.33
2025-08-30 17:00:00-04:00,29.31,29.79,-0.0,-0.48
2025-08-30 18:00:00-04:00,35.42,35.85,-0.0,-0.43
2025-08-30 19:00:00-04:00,36.78,37.11,-0.0,-0.33
2025-08-30 20:00:00-04:00,36.28,36.57,-0.0,-0.29
2025-08-30 21:00:00-04:00,31.25,31.37,-0.0,-0.12
2025-08-30 22:00:00-04:00,26.58,26.709999999999997,-0.0,-0.13
2025-08-30 23:00:00-04:00,24.6,24.62,-0.0,-0.02
2025-08-31 00:00:00-04:00,26.52,26.55,-0.0,-0.03
2025-08-31 01:00:00-04:00,24.26,24.24,-0.0,0.02
2025-08-31 02:00:00-04:00,21.16,21.22,-0.0,-0.06
2025-08-31 03:00:00-04:00,19.84,19.86,-0.0,-0.02
2025-08-31 04:00:00-04:00,19.18,19.26,-0.0,-0.08
2025-08-31 05:00:00-04:00,19.93,19.97,-0.0,-0.04
2025-08-31 06:00:00-04:00,21.7,21.77,-0.0,-0.07
2025-08-31 07:00:00-04:00,19.87,19.99,-0.0,-0.12
2025-08-31 08:00:00-04:00,15.9,16.080000000000002,-0.0,-0.18
2025-08-31 09:00:00-04:00,15.02,15.19,-0.0,-0.17
2025-08-31 10:00:00-04:00,15.37,15.59,-0.0,-0.22
2025-08-31 11:00:00-04:00,16.19,16.44,-0.0,-0.25
2025-08-31 12:00:00-04:00,16.74,16.959999999999997,-0.0,-0.22
2025-08-31 13:00:00-04:00,18.95,19.14,-0.0,-0.19
2025-08-31 14:00:00-04:00,19.58,19.86,-0.0,-0.28
2025-08-31 15:00:00-04:00,22.08,22.35,-0.0,-0.27
2025-08-31 16:00:00-04:00,24.75,25.08,-0.0,-0.33
2025-08-31 17:00:00-04:00,32.85,33.35,-0.0,-0.5
2025-08-31 18:00:00-04:00,41.24,41.78,-0.0,-0.54
2025-08-31 19:00:00-04:00,43.63,44.03,-0.0,-0.4
2025-08-31 20:00:00-04:00,38.79,39.18,-0.0,-0.39
2025-08-31 21:00:00-04:00,36.39,36.68,-0.0,-0.29
2025-08-31 22:00:00-04:00,30.68,30.86,-0.0,-0.18
2025-08-31 23:00:00-04:00,26.81,26.889999999999997,-0.0,-0.08
2025-09-01 00:00:00-04:00,25.89,26.02,-0.0,-0.13
2025-09-01 01:00:00-04:00,24.0,24.14,-0.0,-0.14
2025-09-01 02:00:00-04:00,21.74,21.869999999999997,-0.0,-0.13
2025-09-01 03:00:00-04:00,21.1,21.21,-0.0,-0.11
2025-09-01 04:00:00-04:00,20.35,20.43,-0.0,-0.08
2025-09-01 05:00:00-04:00,22.1,22.14,-0.0,-0.04
2025-09-01 06:00:00-04:00,23.44,23.58,-0.0,-0.14
2025-09-01 07:00:00-04:00,23.03,23.26,-0.0,-0.23
2025-09-01 08:00:00-04:00,19.24,19.53,-0.0,-0.29
2025-09-01 09:00:00-04:00,17.26,17.540000000000003,-0.0,-0.28
2025-09-01 10:00:00-04:00,18.3,18.62,-0.0,-0.32
2025-09-01 11:00:00-04:00,18.73,19.04,-0.0,-0.31
2025-09-01 12:00:00-04:00,20.43,20.76,-0.0,-0.33
2025-09-01 13:00:00-04:00,22.19,22.57,-0.0,-0.38
2025-09-01 14:00:00-04:00,23.24,23.67,-0.0,-0.43
2025-09-01 15:00:00-04:00,27.19,27.58,-0.0,-0.39
2025-09-01 16:00:00-04:00,31.98,32.47,-0.0,-0.49
2025-09-01 17:00:00-04:00,42.08,42.809999999999995,-0.0,-0.73
2025-09-01 18:00:00-04:00,47.59,48.27,-0.0,-0.68
2025-09-01 19:00:00-04:00,48.84,49.13,-0.0,-0.29
2025-09-01 20:00:00-04:00,43.59,43.99,-0.0,-0.4
2025-09-01 21:00:00-04:00,39.09,39.48,-0.0,-0.39
2025-09-01 22:00:00-04:00,33.39,33.49,-0.0,-0.1
2025-09-01 23:00:00-04:00,28.43,28.46,-0.0,-0.03
2025-09-02 00:00:00-04:00,30.33,30.51,-0.0,-0.18
2025-09-02 01:00:00-04:00,27.9,28.07,-0.0,-0.17
2025-09-02 02:00:00-04:00,25.64,25.82,-0.0,-0.18
2025-09-02 03:00:00-04:00,22.63,22.77,-0.0,-0.14
2025-09-02 04:00:00-04:00,23.18,23.32,-0.0,-0.14
2025-09-02 05:00:00-04:00,26.81,27.0,-0.0,-0.19
2025-09-02 06:00:00-04:00,34.29,34.46,-0.0,-0.17
2025-09-02 07:00:00-04:00,35.64,35.89,-0.0,-0.25
2025-09-02 08:00:00-04:00,32.38,32.64,-0.0,-0.26
2025-09-02 09:00:00-04:00,25.48,25.69,-0.0,-0.21
2025-09-02 10:00:00-04:00,26.87,27.09,-0.0,-0.22
2025-09-02 11:00:00-04:00,27.26,27.51,-0.0,-0.25
2025-09-02 12:00:00-04:00,29.66,29.96,-0.0,-0.3
2025-09-02 13:00:00-04:00,32.2,32.49,-0.0,-0.29
2025-09-02 14:00:00-04:00,33.35,33.620000000000005,-0.0,-0.27
2025-09-02 15:00:00-04:00,35.81,36.06,-0.0,-0.25
2025-09-02 16:00:00-04:00,41.18,41.3,-0.0,-0.12
2025-09-02 17:00:00-04:00,54.14,54.46,-0.0,-0.32
2025-09-02 18:00:00-04:00,59.15,59.09,-0.0,0.06
2025-09-02 19:00:00-04:00,57.01,56.9,-0.0,0.11
2025-09-02 20:00:00-04:00,50.5,50.2,-0.0,0.3
2025-09-02 21:00:00-04:00,39.58,39.5,-0.0,0.08
2025-09-02 22:00:00-04:00,34.44,34.199999999999996,-0.0,0.24
2025-09-02 23:00:00-04:00,30.54,30.45,-0.0,0.09
2025-09-03 00:00:00-04:00,29.86,29.62,-0.0,0.24
2025-09-03 01:00:00-04:00,25.64,25.51,-0.0,0.13
2025-09-03 02:00:00-04:00,23.44,23.42,-0.0,0.02
2025-09-03 03:00:00-04:00,21.5,21.52,-0.0,-0.02
2025-09-03 04:00:00-04:00,21.86,21.9,-0.0,-0.04
2025-09-03 05:00:00-04:00,25.73,25.7,-0.0,0.03
2025-09-03 06:00:00-04:00,32.85,33.01,-0.0,-0.16
2025-09-03 07:00:00-04:00,34.68,34.96,-0.0,-0.28
2025-09-03 08:00:00-04:00,29.87,29.9,-0.0,-0.03
2025-09-03 09:00:00-04:00,24.84,24.86,-0.0,-0.02
2025-09-03 10:00:00-04:00,25.67,25.67,-0.0,0.0
2025-09-03 11:00:00-04:00,26.59,26.59,-0.0,0.0
2025-09-03 12:00:00-04:00,28.83,28.889999999999997,-0.0,-0.06
2025-09-03 13:00:00-04:00,31.07,31.13,-0.0,-0.06
2025-09-03 14:00:00-04:00,31.25,31.31,-0.0,-0.06
2025-09-03 15:00:00-04:00,33.86,33.96,-0.0,-0.1
2025-09-03 16:00:00-04:00,38.61,38.69,-0.0,-0.08
2025-09-03 17:00:00-04:00,45.08,44.989999999999995,-0.0,0.09
2025-09-03 18:00:00-04:00,49.52,49.220000000000006,-0.0,0.3
2025-09-03 19:00:00-04:00,49.5,49.06,-0.0,0.44
2025-09-03 20:00:00-04:00,43.0,42.78,-0.0,0.22
2025-09-03 21:00:00-04:00,35.92,35.85,-0.0,0.07
2025-09-03 22:00:00-04:00,30.77,30.83,-0.0,-0.06
2025-09-03 23:00:00-04:00,28.1,28.16,-0.0,-0.06
2025-09-04 00:00:00-04:00,26.43,26.75,-0.0,-0.32
2025-09-04 01:00:00-04:00,24.1,24.37,-0.0,-0.27
2025-09-04 02:00:00-04:00,22.32,22.59,-0.0,-0.27
2025-09-04 03:00:00-04:00,21.09,21.32,-0.0,-0.23
2025-09-04 04:00:00-04:00,21.34,21.56,-0.0,-0.22
2025-09-04 05:00:00-04:00,23.47,23.73,-0.0,-0.26
2025-09-04 06:00:00-04:00,29.18,29.53,-0.0,-0.35
2025-09-04 07:00:00-04:00,31.08,31.52,-0.0,-0.44
2025-09-04 08:00:00-04:00,28.08,28.42,-0.0,-0.34
2025-09-04 09:00:00-04:00,25.21,25.52,-0.0,-0.31
2025-09-04 10:00:00-04:00,25.91,26.17,-0.0,-0.26
2025-09-04 11:00:00-04:00,25.76,26.020000000000003,-0.0,-0.26
2025-09-04 12:00:00-04:00,26.53,26.85,-0.0,-0.32
2025-09-04 13:00:00-04:00,29.41,29.71,-0.0,-0.3
2025-09-04 14:00:00-04:00,31.61,31.8,-0.0,-0.19
2025-09-04 15:00:00-04:00,33.83,34.14,-0.0,-0.31
2025-09-04 16:00:00-04:00,38.2,38.620000000000005,-0.0,-0.42
2025-09-04 17:00:00-04:00,43.06,43.49,-0.0,-0.43
2025-09-04 18:00:00-04:00,48.29,48.68,-0.0,-0.39
2025-09-04 19:00:00-04:00,48.06,48.25,-0.0,-0.19
2025-09-04 20:00:00-04:00,43.14,43.18,-0.0,-0.04
2025-09-04 21:00:00-04:00,36.32,36.43,-0.0,-0.11
2025-09-04 22:00:00-04:00,32.2,32.230000000000004,-0.0,-0.03
2025-09-04 23:00:00-04:00,31.65,31.619999999999997,-0.0,0.03
2025-09-05 00:00:00-04:00,32.31,32.440000000000005,-0.0,-0.13
2025-09-05 01:00:00-04:00,29.31,29.61,-0.0,-0.3
2025-09-05 02:00:00-04:00,27.56,27.92,-0.0,-0.36
2025-09-05 03:00:00-04:00,26.07,26.41,-0.0,-0.34
2025-09-05 04:00:00-04:00,25.89,26.26,-0.0,-0.37
2025-09-05 05:00:00-04:00,29.28,29.630000000000003,-0.0,-0.35
2025-09-05 06:00:00-04:00,35.73,36.27,-0.0,-0.54
2025-09-05 07:00:00-04:00,40.04,40.98,-0.0,-0.94
2025-09-05 08:00:00-04:00,40.19,37.87,3.27,-0.95
2025-09-05 09:00:00-04:00,36.56,34.78,2.68,-0.9
2025-09-05 10:00:00-04:00,36.77,34.88,2.83,-0.94
2025-09-05 11:00:00-04:00,35.53,34.010000000000005,2.51,-0.99
2025-09-05 12:00:00-04:00,35.61,34.050000000000004,2.51,-0.95
2025-09-05 13:00:00-04:00,38.12,35.91,3.18,-0.97
2025-09-05 14:00:00-04:00,40.73,38.07,3.65,-0.99
2025-09-05 15:00:00-04:00,42.12,39.94,3.06,-0.88
2025-09-05 16:00:00-04:00,49.63,45.93,4.57,-0.87
2025-09-05 17:00:00-04:00,57.7,53.56,5.27,-1.13
2025-09-05 18:00:00-04:00,64.06,59.71,5.49,-1.14
2025-09-05 19:00:00-04:00,62.99,58.82,5.11,-0.94
2025-09-05 20:00:00-04:00,51.36,50.12,1.99,-0.75
2025-09-05 21:00:00-04:00,43.07,42.669999999999995,1.13,-0.73
2025-09-05 22:00:00-04:00,39.11,39.87,-0.0,-0.76
2025-09-05 23:00:00-04:00,36.57,37.05,-0.0,-0.48
2025-09-06 00:00:00-04:00,38.33,38.79,-0.0,-0.46
2025-09-06 01:00:00-04:00,32.13,32.650000000000006,-0.0,-0.52
2025-09-06 02:00:00-04:00,29.46,29.91,-0.0,-0.45
2025-09-06 03:00:00-04:00,28.21,28.7,-0.0,-0.49
2025-09-06 04:00:00-04:00,27.83,28.31,-0.0,-0.48
2025-09-06 05:00:00-04:00,28.78,29.19,-0.0,-0.41
2025-09-06 06:00:00-04:00,33.48,34.23,-0.0,-0.75
2025-09-06 07:00:00-04:00,33.32,34.1,-0.0,-0.78
2025-09-06 08:00:00-04:00,35.26,36.09,-0.0,-0.83
2025-09-06 09:00:00-04:00,35.61,36.49,-0.0,-0.88
2025-09-06 10:00:00-04:00,33.81,34.72,-0.01,-0.9
2025-09-06 11:00:00-04:00,35.64,36.64,-0.01,-0.99
2025-09-06 12:00:00-04:00,38.08,39.27,-0.01,-1.18
2025-09-06 13:00:00-04:00,37.99,39.17,-0.01,-1.17
2025-09-06 14:00:00-04:00,39.11,40.41,-0.01,-1.29
2025-09-06 15:00:00-04:00,39.87,41.10999999999999,-0.01,-1.23
2025-09-06 16:00:00-04:00,43.4,44.54,0.33,-1.47
2025-09-06 17:00:00-04:00,45.45,47.35000000000001,-0.38,-1.52
2025-09-06 18:00:00-04:00,47.27,48.64,-0.01,-1.36
2025-09-06 19:00:00-04:00,45.35,46.56,-0.0,-1.21
2025-09-06 20:00:00-04:00,43.79,44.82,-0.0,-1.03
2025-09-06 21:00:00-04:00,38.74,39.690000000000005,-0.0,-0.95
2025-09-06 22:00:00-04:00,37.71,38.68,-0.0,-0.97
2025-09-06 23:00:00-04:00,35.08,35.83,-0.0,-0.75
2025-09-07 00:00:00-04:00,34.77,35.23,-0.0,-0.46
2025-09-07 01:00:00-04:00,30.99,31.43,-0.0,-0.44
2025-09-07 02:00:00-04:00,28.37,28.77,-0.0,-0.4
2025-09-07 03:00:00-04:00,26.71,27.03,-0.0,-0.32
2025-09-07 04:00:00-04:00,25.96,26.27,-0.0,-0.31
2025-09-07 05:00:00-04:00,26.78,27.16,-0.0,-0.38
2025-09-07 06:00:00-04:00,28.27,28.73,-0.0,-0.46
2025-09-07 07:00:00-04:00,26.75,27.05,-0.0,-0.3
2025-09-07 08:00:00-04:00,27.8,28.4,-0.0,-0.6
2025-09-07 09:00:00-04:00,28.38,29.02,-0.0,-0.64
2025-09-07 10:00:00-04:00,28.33,29.03,-0.0,-0.7
2025-09-07 11:00:00-04:00,27.6,28.25,-0.0,-0.65
2025-09-07 12:00:00-04:00,24.99,25.42,-0.0,-0.43
2025-09-07 13:00:00-04:00,24.89,25.32,-0.0,-0.43
2025-09-07 14:00:00-04:00,24.62,25.02,-0.0,-0.4
2025-09-07 15:00:00-04:00,26.79,27.34,-0.0,-0.55
2025-09-07 16:00:00-04:00,30.59,31.18,-0.0,-0.59
2025-09-07 17:00:00-04:00,37.22,37.94,-0.0,-0.72
2025-09-07 18:00:00-04:00,42.64,43.33,-0.0,-0.69
2025-09-07 19:00:00-04:00,45.05,45.64,-0.0,-0.59
2025-09-07 20:00:00-04:00,41.35,41.56,-0.0,-0.21
2025-09-07 21:00:00-04:00,36.09,36.42,-0.0,-0.33
2025-09-07 22:00:00-04:00,32.2,32.36,-0.0,-0.16
2025-09-07 23:00:00-04:00,29.05,29.02,-0.0,0.03
2025-09-08 00:00:00-04:00,27.46,27.68,-0.0,-0.22
2025-09-08 01:00:00-04:00,24.89,24.87,-0.0,0.02
2025-09-08 02:00:00-04:00,22.96,22.96,-0.0,0.0
2025-09-08 03:00:00-04:00,22.27,22.23,-0.0,0.04
2025-09-08 04:00:00-04:00,23.47,23.47,-0.0,0.0
2025-09-08 05:00:00-04:00,27.89,27.86,-0.0,0.03
2025-09-08 06:00:00-04:00,33.47,33.34,-0.0,0.13
2025-09-08 07:00:00-04:00,37.08,37.23,-0.0,-0.15
2025-09-08 08:00:00-04:00,29.82,30.0,-0.0,-0.18
2025-09-08 09:00:00-04:00,24.77,25.15,-0.0,-0.38
2025-09-08 10:00:00-04:00,23.41,23.79,-0.0,-0.38
2025-09-08 11:00:00-04:00,23.38,23.71,-0.0,-0.33
2025-09-08 12:00:00-04:00,23.67,23.98,-0.0,-0.31
2025-09-08 13:00:00-04:00,24.01,24.23,-0.0,-0.22
2025-09-08 14:00:00-04:00,23.86,24.2,-0.0,-0.34
2025-09-08 15:00:00-04:00,25.76,26.21,-0.0,-0.45
2025-09-08 16:00:00-04:00,31.17,31.68,-0.0,-0.51
2025-09-08 17:00:00-04:00,38.07,38.81,-0.0,-0.74
2025-09-08 18:00:00-04:00,42.54,43.01,-0.0,-0.47
2025-09-08 19:00:00-04:00,47.52,47.95,-0.0,-0.43
2025-09-08 20:00:00-04:00,42.35,42.48,-0.0,-0.13
2025-09-08 21:00:00-04:00,36.81,37.11,-0.0,-0.3
2025-09-08 22:00:00-04:00,32.16,32.32,-0.0,-0.16
2025-09-08 23:00:00-04:00,27.1,27.1,-0.0,0.0
2025-09-09 00:00:00-04:00,28.51,28.2,-0.0,0.31
2025-09-09 01:00:00-04:00,27.94,27.72,-0.0,0.22
2025-09-09 02:00:00-04:00,26.13,25.87,-0.0,0.26
2025-09-09 03:00:00-04:00,24.14,23.9,-0.0,0.24
2025-09-09 04:00:00-04:00,24.14,23.93,-0.0,0.21
2025-09-09 05:00:00-04:00,28.35,28.1,0.19,0.06
2025-09-09 06:00:00-04:00,38.97,38.15,1.01,-0.19
2025-09-09 07:00:00-04:00,39.77,38.96,1.0,-0.19
2025-09-09 08:00:00-04:00,30.6,30.6,-0.0,0.0
2025-09-09 09:00:00-04:00,25.81,25.94,-0.0,-0.13
2025-09-09 10:00:00-04:00,25.42,25.55,-0.0,-0.13
2025-09-09 11:00:00-04:00,25.08,25.18,-0.0,-0.1
2025-09-09 12:00:00-04:00,24.74,24.81,-0.0,-0.07
2025-09-09 13:00:00-04:00,25.19,25.22,-0.0,-0.03
2025-09-09 14:00:00-04:00,25.84,26.02,-0.0,-0.18
2025-09-09 15:00:00-04:00,28.03,28.2,-0.0,-0.17
2025-09-09 16:00:00-04:00,33.3,33.47,-0.0,-0.17
2025-09-09 17:00:00-04:00,40.61,40.69,-0.0,-0.08
2025-09-09 18:00:00-04:00,46.58,46.35,0.14,0.09
2025-09-09 19:00:00-04:00,49.99,49.79,-0.0,0.2
2025-09-09 20:00:00-04:00,43.86,43.43,-0.0,0.43
2025-09-09 21:00:00-04:00,38.08,37.78,-0.0,0.3
2025-09-09 22:00:00-04:00,31.17,31.05,-0.0,0.12
2025-09-09 23:00:00-04:00,28.35,28.18,-0.0,0.17
2025-09-10 00:00:00-04:00,26.83,26.83,-0.0,0.0
2025-09-10 01:00:00-04:00,26.49,26.41,-0.0,0.08
2025-09-10 02:00:00-04:00,23.91,23.74,-0.0,0.17
2025-09-10 03:00:00-04:00,23.74,23.61,0.01,0.12
2025-09-10 04:00:00-04:00,24.01,23.7,0.07,0.24
2025-09-10 05:00:00-04:00,28.98,28.55,0.17,0.26
2025-09-10 06:00:00-04:00,35.51,35.3,0.32,-0.11
2025-09-10 07:00:00-04:00,40.21,39.2,0.97,0.04
2025-09-10 08:00:00-04:00,35.07,35.18,-0.0,-0.11
2025-09-10 09:00:00-04:00,31.64,31.93,-0.0,-0.29
2025-09-10 10:00:00-04:00,31.52,31.9,-0.0,-0.38
2025-09-10 11:00:00-04:00,31.52,31.84,-0.0,-0.32
2025-09-10 12:00:00-04:00,31.02,31.33,0.03,-0.34
2025-09-10 13:00:00-04:00,31.78,32.05,0.02,-0.29
2025-09-10 14:00:00-04:00,31.78,32.1,-0.0,-0.32
2025-09-10 15:00:00-04:00,32.32,32.45,-0.0,-0.13
2025-09-10 16:00:00-04:00,37.46,37.53,-0.0,-0.07
2025-09-10 17:00:00-04:00,42.32,42.24,-0.0,0.08
2025-09-10 18:00:00-04:00,48.03,47.6,-0.0,0.43
2025-09-10 19:00:00-04:00,53.21,52.48,-0.0,0.73
2025-09-10 20:00:00-04:00,46.27,45.63,-0.0,0.64
2025-09-10 21:00:00-04:00,40.01,39.61,-0.0,0.4
2025-09-10 22:00:00-04:00,34.74,34.4,-0.0,0.34
2025-09-10 23:00:00-04:00,31.48,31.17,-0.0,0.31
2025-09-11 00:00:00-04:00,26.8,26.64,-0.0,0.16
2025-09-11 01:00:00-04:00,25.61,25.46,-0.0,0.15
2025-09-11 02:00:00-04:00,24.24,24.14,-0.0,0.1
2025-09-11 03:00:00-04:00,23.75,23.68,-0.0,0.07
2025-09-11 04:00:00-04:00,24.89,24.58,0.21,0.1
2025-09-11 05:00:00-04:00,28.9,28.1,0.6,0.2
2025-09-11 06:00:00-04:00,34.09,33.92,0.03,0.14
2025-09-11 07:00:00-04:00,37.72,37.8,-0.0,-0.08
2025-09-11 08:00:00-04:00,32.13,32.29,-0.0,-0.16
2025-09-11 09:00:00-04:00,27.41,27.6,-0.0,-0.19
2025-09-11 10:00:00-04:00,27.29,27.48,-0.0,-0.19
2025-09-11 11:00:00-04:00,26.83,26.99,-0.0,-0.16
2025-09-11 12:00:00-04:00,26.99,27.12,-0.0,-0.13
2025-09-11 13:00:00-04:00,30.62,30.65,-0.0,-0.03
2025-09-11 14:00:00-04:00,32.49,32.59,-0.0,-0.1
2025-09-11 15:00:00-04:00,35.32,35.53,-0.0,-0.21
2025-09-11 16:00:00-04:00,40.68,41.05,-0.0,-0.37
2025-09-11 17:00:00-04:00,46.58,46.86,-0.0,-0.28
2025-09-11 18:00:00-04:00,50.38,50.43,-0.0,-0.05
2025-09-11 19:00:00-04:00,53.76,53.49,-0.0,0.27
2025-09-11 20:00:00-04:00,44.69,44.29,-0.0,0.4
2025-09-11 21:00:00-04:00,38.6,38.3,-0.0,0.3
2025-09-11 22:00:00-04:00,34.05,33.81,-0.0,0.24
2025-09-11 23:00:00-04:00,31.61,31.27,-0.0,0.34
2025-09-12 00:00:00-04:00,28.95,27.77,1.07,0.11
2025-09-12 01:00:00-04:00,27.16,25.85,1.15,0.16
2025-09-12 02:00:00-04:00,25.19,24.08,1.04,0.07
2025-09-12 03:00:00-04:00,23.96,22.82,1.05,0.09
2025-09-12 04:00:00-04:00,23.85,22.45,1.29,0.11
2025-09-12 05:00:00-04:00,28.84,27.17,1.43,0.24
2025-09-12 06:00:00-04:00,35.33,33.66,1.4,0.27
2025-09-12 07:00:00-04:00,36.26,34.53,1.59,0.14
2025-09-12 08:00:00-04:00,30.74,29.6,1.17,-0.03
2025-09-12 09:00:00-04:00,24.82,24.78,0.19,-0.15
2025-09-12 10:00:00-04:00,24.94,24.92,0.19,-0.17
2025-09-12 11:00:00-04:00,24.92,24.81,0.26,-0.15
2025-09-12 12:00:00-04:00,25.39,25.11,0.38,-0.1
2025-09-12 13:00:00-04:00,27.57,27.36,0.26,-0.05
2025-09-12 14:00:00-04:00,29.31,29.34,0.21,-0.24
2025-09-12 15:00:00-04:00,31.76,32.26,-0.21,-0.29
2025-09-12 16:00:00-04:00,37.0,37.11,-0.0,-0.11
2025-09-12 17:00:00-04:00,45.89,45.88,0.06,-0.05
2025-09-12 18:00:00-04:00,47.37,46.68,0.64,0.05
2025-09-12 19:00:00-04:00,46.3,45.53,0.68,0.09
2025-09-12 20:00:00-04:00,42.6,40.97,1.38,0.25
2025-09-12 21:00:00-04:00,35.71,34.58,1.03,0.1
2025-09-12 22:00:00-04:00,31.98,30.75,1.01,0.22
2025-09-12 23:00:00-04:00,30.67,29.3,1.02,0.35
2025-09-13 00:00:00-04:00,29.58,28.29,1.04,0.25
2025-09-13 01:00:00-04:00,26.77,25.43,1.06,0.28
2025-09-13 02:00:00-04:00,25.73,24.41,1.08,0.24
2025-09-13 03:00:00-04:00,24.64,23.15,1.35,0.14
2025-09-13 04:00:00-04:00,24.59,23.15,1.35,0.09
2025-09-13 05:00:00-04:00,25.99,24.28,1.56,0.15
2025-09-13 06:00:00-04:00,28.8,26.92,1.74,0.14
2025-09-13 07:00:00-04:00,27.74,26.39,1.27,0.08
2025-09-13 08:00:00-04:00,24.92,23.93,1.09,-0.1
2025-09-13 09:00:00-04:00,23.51,22.47,1.11,-0.07
2025-09-13 10:00:00-04:00,23.79,23.13,0.71,-0.05
2025-09-13 11:00:00-04:00,25.86,24.82,1.09,-0.05
2025-09-13 12:00:00-04:00,26.64,25.66,1.06,-0.08
2025-09-13 13:00:00-04:00,28.11,27.15,1.04,-0.08
2025-09-13 14:00:00-04:00,29.72,28.81,1.02,-0.11
2025-09-13 15:00:00-04:00,31.88,30.93,0.98,-0.03
2025-09-13 16:00:00-04:00,37.06,36.18,0.92,-0.04
2025-09-13 17:00:00-04:00,42.69,41.79,0.82,0.08
2025-09-13 18:00:00-04:00,48.44,47.47,0.73,0.24
2025-09-13 19:00:00-04:00,45.39,44.39,0.78,0.22
2025-09-13 20:00:00-04:00,41.85,40.33,1.36,0.16
2025-09-13 21:00:00-04:00,36.85,35.14,1.53,0.18
2025-09-13 22:00:00-04:00,33.29,32.03,1.03,0.23
2025-09-13 23:00:00-04:00,30.49,29.04,1.19,0.26
2025-09-14 00:00:00-04:00,29.89,29.0,0.63,0.26
2025-09-14 01:00:00-04:00,28.86,27.61,1.03,0.22
2025-09-14 02:00:00-04:00,27.07,25.7,1.14,0.23
2025-09-14 03:00:00-04:00,26.47,25.16,1.16,0.15
2025-09-14 04:00:00-04:00,25.85,24.5,1.18,0.17
2025-09-14 05:00:00-04:00,26.49,25.13,1.16,0.2
2025-09-14 06:00:00-04:00,29.04,27.13,1.72,0.19
2025-09-14 07:00:00-04:00,27.12,25.9,1.06,0.16
2025-09-14 08:00:00-04:00,24.89,24.38,0.66,-0.15
2025-09-14 09:00:00-04:00,23.2,22.77,0.68,-0.25
2025-09-14 10:00:00-04:00,24.93,24.55,0.6,-0.22
2025-09-14 11:00:00-04:00,27.11,26.14,1.15,-0.18
2025-09-14 12:00:00-04:00,28.55,27.62,1.04,-0.11
2025-09-14 13:00:00-04:00,30.21,29.76,0.63,-0.18
2025-09-14 14:00:00-04:00,29.65,29.16,0.64,-0.15
2025-09-14 15:00:00-04:00,32.41,31.69,0.97,-0.25
2025-09-14 16:00:00-04:00,39.83,39.44,0.86,-0.47
2025-09-14 17:00:00-04:00,47.99,48.09,0.29,-0.39
2025-09-14 18:00:00-04:00,54.96,54.84,0.34,-0.22
2025-09-14 19:00:00-04:00,54.0,53.85,0.36,-0.21
2025-09-14 20:00:00-04:00,45.3,44.75,0.55,0.0
2025-09-14 21:00:00-04:00,40.3,40.06,0.36,-0.12
2025-09-14 22:00:00-04:00,35.47,35.04,0.36,0.07
2025-09-14 23:00:00-04:00,31.28,30.56,0.45,0.27
2025-09-15 00:00:00-04:00,31.37,30.93,0.44,0.0
2025-09-15 01:00:00-04:00,29.54,28.92,0.45,0.17
2025-09-15 02:00:00-04:00,28.03,27.63,0.32,0.08
2025-09-15 03:00:00-04:00,27.44,27.0,0.33,0.11
2025-09-15 04:00:00-04:00,27.87,27.65,0.16,0.06
2025-09-15 05:00:00-04:00,28.82,28.12,0.53,0.17
2025-09-15 06:00:00-04:00,36.4,36.36,-0.0,0.04
2025-09-15 07:00:00-04:00,41.37,40.82,0.3,0.25
2025-09-15 08:00:00-04:00,38.67,38.42,0.17,0.08
2025-09-15 09:00:00-04:00,34.18,33.79,0.39,0.0
2025-09-15 10:00:00-04:00,30.43,33.54,-3.04,-0.07
2025-09-15 11:00:00-04:00,34.15,35.25,-0.89,-0.21
2025-09-15 12:00:00-04:00,36.14,35.92,0.36,-0.14
2025-09-15 13:00:00-04:00,38.9,38.57,0.33,0.0
2025-09-15 14:00:00-04:00,41.46,41.02,0.4,0.04
2025-09-15 15:00:00-04:00,44.93,44.54,0.43,-0.04
2025-09-15 16:00:00-04:00,51.89,51.38,0.3,0.21
2025-09-15 17:00:00-04:00,63.48,63.1,0.06,0.32
2025-09-15 18:00:00-04:00,67.15,66.27,0.15,0.73
2025-09-15 19:00:00-04:00,60.26,59.38,0.11,0.77
2025-09-15 20:00:00-04:00,51.57,50.6,0.31,0.66
2025-09-15 21:00:00-04:00,43.56,42.93,0.2,0.43
2025-09-15 22:00:00-04:00,37.62,37.06,0.23,0.33
2025-09-15 23:00:00-04:00,34.26,33.54,0.29,0.43
2025-09-16 00:00:00-04:00,30.67,29.04,1.48,0.15
2025-09-16 01:00:00-04:00,28.92,28.19,0.51,0.22
2025-09-16 02:00:00-04:00,26.47,25.65,0.56,0.26
2025-09-16 03:00:00-04:00,24.97,24.17,0.58,0.22
2025-09-16 04:00:00-04:00,25.07,24.31,0.52,0.24
2025-09-16 05:00:00-04:00,29.44,28.56,0.51,0.37
2025-09-16 06:00:00-04:00,38.42,37.63,0.38,0.41
2025-09-16 07:00:00-04:00,39.42,38.69,0.46,0.27
2025-09-16 08:00:00-04:00,36.01,35.64,0.3,0.07
2025-09-16 09:00:00-04:00,26.35,32.45,-6.07,-0.03
2025-09-16 10:00:00-04:00,25.6,33.34,-7.74,0.0
2025-09-16 11:00:00-04:00,26.17,33.38,-7.21,0.0
2025-09-16 12:00:00-04:00,30.05,34.16,-4.18,0.07
2025-09-16 13:00:00-04:00,34.98,34.91,-0.0,0.07
2025-09-16 14:00:00-04:00,35.92,35.81,-0.0,0.11
2025-09-16 15:00:00-04:00,36.57,36.53,-0.0,0.04
2025-09-16 16:00:00-04:00,41.14,40.99,0.11,0.04
2025-09-16 17:00:00-04:00,50.01,49.3,0.36,0.35
2025-09-16 18:00:00-04:00,56.7,55.45,0.42,0.83
2025-09-16 19:00:00-04:00,57.58,56.22,0.41,0.95
2025-09-16 20:00:00-04:00,44.54,43.38,0.55,0.61
2025-09-16 21:00:00-04:00,39.53,38.44,0.63,0.46
2025-09-16 22:00:00-04:00,34.58,33.81,0.4,0.37
2025-09-16 23:00:00-04:00,32.62,31.64,0.44,0.54
2025-09-17 00:00:00-04:00,35.57,33.64,1.56,0.37
2025-09-17 01:00:00-04:00,31.81,29.79,1.69,0.33
2025-09-17 02:00:00-04:00,30.36,29.73,0.33,0.3
2025-09-17 03:00:00-04:00,29.12,28.42,0.5,0.2
2025-09-17 04:00:00-04:00,29.82,29.11,0.48,0.23
2025-09-17 05:00:00-04:00,32.46,31.3,0.78,0.38
2025-09-17 06:00:00-04:00,42.89,40.17,2.4,0.32
2025-09-17 07:00:00-04:00,46.92,44.07,2.58,0.27
2025-09-17 08:00:00-04:00,43.92,41.27,2.61,0.04
2025-09-17 09:00:00-04:00,40.78,37.79,3.1,-0.11
2025-09-17 10:00:00-04:00,38.74,36.78,1.89,0.07
2025-09-17 11:00:00-04:00,38.6,36.83,1.81,-0.04
2025-09-17 12:00:00-04:00,40.45,38.61,1.8,0.04
2025-09-17 13:00:00-04:00,42.05,39.79,1.9,0.36
2025-09-17 14:00:00-04:00,43.57,41.09,2.11,0.37
2025-09-17 15:00:00-04:00,47.53,44.32,2.77,0.44
2025-09-17 16:00:00-04:00,52.39,48.04,3.77,0.58
2025-09-17 17:00:00-04:00,58.95,53.7,4.28,0.97
2025-09-17 18:00:00-04:00,66.91,60.46,5.0,1.45
2025-09-17 19:00:00-04:00,64.04,58.36,4.34,1.34
2025-09-17 20:00:00-04:00,53.64,49.17,3.39,1.08
2025-09-17 21:00:00-04:00,47.72,43.46,3.61,0.65
2025-09-17 22:00:00-04:00,41.1,38.31,2.45,0.34
2025-09-17 23:00:00-04:00,38.04,34.75,2.74,0.55
2025-09-18 00:00:00-04:00,34.9,32.65,1.7,0.55
2025-09-18 01:00:00-04:00,32.94,30.85,1.57,0.52
2025-09-18 02:00:00-04:00,31.08,29.07,1.43,0.58
2025-09-18 03:00:00-04:00,28.93,27.77,0.72,0.44
2025-09-18 04:00:00-04:00,30.37,28.98,0.9,0.49
2025-09-18 05:00:00-04:00,33.36,31.32,1.41,0.63
2025-09-18 06:00:00-04:00,41.92,39.41,2.12,0.39
2025-09-18 07:00:00-04:00,45.99,44.59,1.18,0.22
2025-09-18 08:00:00-04:00,43.38,42.85,0.53,0.0
2025-09-18 09:00:00-04:00,40.02,40.06,0.04,-0.08
2025-09-18 10:00:00-04:00,38.14,38.0,0.14,0.0
2025-09-18 11:00:00-04:00,37.65,37.42,0.23,0.0
2025-09-18 12:00:00-04:00,40.84,40.36,0.24,0.24
2025-09-18 13:00:00-04:00,42.78,42.03,0.5,0.25
2025-09-18 14:00:00-04:00,44.05,43.83,0.04,0.18
2025-09-18 15:00:00-04:00,46.12,45.75,0.14,0.23
2025-09-18 16:00:00-04:00,49.07,48.28,0.64,0.15
2025-09-18 17:00:00-04:00,70.59,69.87,1.0,-0.28
2025-09-18 18:00:00-04:00,73.28,69.63,3.65,0.0
2025-09-18 19:00:00-04:00,76.32,70.8,5.24,0.28
2025-09-18 20:00:00-04:00,61.04,57.5,3.48,0.06
2025-09-18 21:00:00-04:00,50.72,47.97,2.61,0.14
2025-09-18 22:00:00-04:00,44.75,43.37,1.34,0.04
2025-09-18 23:00:00-04:00,41.92,40.42,1.22,0.28
2025-09-19 00:00:00-04:00,34.37,34.41,0.06,-0.1
2025-09-19 01:00:00-04:00,32.52,32.5,0.08,-0.06
2025-09-19 02:00:00-04:00,30.96,30.54,0.45,-0.03
2025-09-19 03:00:00-04:00,29.73,29.2,0.47,0.06
2025-09-19 04:00:00-04:00,29.35,28.99,0.39,-0.03
2025-09-19 05:00:00-04:00,32.51,32.26,0.38,-0.13
2025-09-19 06:00:00-04:00,38.59,38.35,0.55,-0.31
2025-09-19 07:00:00-04:00,43.45,43.59,0.21,-0.35
2025-09-19 08:00:00-04:00,40.01,40.31,0.1,-0.4
2025-09-19 09:00:00-04:00,37.35,37.96,-0.0,-0.61
2025-09-19 10:00:00-04:00,35.95,36.5,-0.0,-0.55
2025-09-19 11:00:00-04:00,36.9,37.16,0.26,-0.52
2025-09-19 12:00:00-04:00,37.92,38.56,-0.14,-0.5
2025-09-19 13:00:00-04:00,39.15,39.42,0.12,-0.39
2025-09-19 14:00:00-04:00,40.83,41.49,-0.16,-0.5
2025-09-19 15:00:00-04:00,42.3,43.13,-0.31,-0.52
2025-09-19 16:00:00-04:00,47.82,48.72,-0.22,-0.68
2025-09-19 17:00:00-04:00,61.75,63.47,-1.02,-0.7
2025-09-19 18:00:00-04:00,60.96,61.22,-0.02,-0.24
2025-09-19 19:00:00-04:00,56.8,56.12,0.62,0.06
2025-09-19 20:00:00-04:00,48.44,47.58,0.72,0.14
2025-09-19 21:00:00-04:00,43.27,42.91,0.4,-0.04
2025-09-19 22:00:00-04:00,39.71,39.71,-0.0,0.0
2025-09-19 23:00:00-04:00,35.71,35.67,-0.0,0.04
2025-09-20 00:00:00-04:00,33.83,33.73,-0.0,0.1
2025-09-20 01:00:00-04:00,29.73,29.55,0.18,0.0
2025-09-20 02:00:00-04:00,27.22,27.29,0.04,-0.11
2025-09-20 03:00:00-04:00,28.27,28.47,-0.0,-0.2
2025-09-20 04:00:00-04:00,27.74,27.88,-0.0,-0.14
2025-09-20 05:00:00-04:00,28.99,29.02,-0.0,-0.03
2025-09-20 06:00:00-04:00,31.71,31.7,0.17,-0.16
2025-09-20 07:00:00-04:00,27.0,27.29,-0.02,-0.27
2025-09-20 08:00:00-04:00,27.05,27.36,-0.15,-0.16
2025-09-20 09:00:00-04:00,22.51,22.76,-0.11,-0.14
2025-09-20 10:00:00-04:00,21.65,21.85,-0.02,-0.18
2025-09-20 11:00:00-04:00,22.4,22.55,0.05,-0.2
2025-09-20 12:00:00-04:00,22.38,22.53,0.05,-0.2
2025-09-20 13:00:00-04:00,23.21,23.71,-0.31,-0.19
2025-09-20 14:00:00-04:00,23.68,24.14,-0.24,-0.22
2025-09-20 15:00:00-04:00,27.76,27.78,0.17,-0.19
2025-09-20 16:00:00-04:00,32.06,32.27,0.21,-0.42
2025-09-20 17:00:00-04:00,40.09,40.41,-0.0,-0.32
2025-09-20 18:00:00-04:00,46.04,45.81,0.28,-0.05
2025-09-20 19:00:00-04:00,45.78,45.51,0.41,-0.14
2025-09-20 20:00:00-04:00,40.08,39.96,0.36,-0.24
2025-09-20 21:00:00-04:00,33.62,33.66,0.19,-0.23
2025-09-20 22:00:00-04:00,31.62,31.71,-0.0,-0.09
2025-09-20 23:00:00-04:00,27.83,27.8,0.11,-0.08
2025-09-21 00:00:00-04:00,28.44,28.64,-0.0,-0.2
2025-09-21 01:00:00-04:00,26.16,26.29,-0.0,-0.13
2025-09-21 02:00:00-04:00,23.79,23.96,-0.0,-0.17
2025-09-21 03:00:00-04:00,22.56,22.74,-0.0,-0.18
2025-09-21 04:00:00-04:00,22.28,22.44,-0.0,-0.16
2025-09-21 05:00:00-04:00,22.71,22.92,-0.0,-0.21
2025-09-21 06:00:00-04:00,25.74,25.84,-0.0,-0.1
2025-09-21 07:00:00-04:00,25.25,25.33,-0.0,-0.08
2025-09-21 08:00:00-04:00,23.8,23.94,-0.0,-0.14
2025-09-21 09:00:00-04:00,19.94,19.95,0.13,-0.14
2025-09-21 10:00:00-04:00,19.57,19.31,0.43,-0.17
2025-09-21 11:00:00-04:00,20.21,19.84,0.43,-0.06
2025-09-21 12:00:00-04:00,20.3,20.36,-0.0,-0.06
2025-09-21 13:00:00-04:00,22.06,22.09,0.01,-0.04
2025-09-21 14:00:00-04:00,22.77,22.12,0.72,-0.07
2025-09-21 15:00:00-04:00,25.51,26.05,-0.46,-0.08
2025-09-21 16:00:00-04:00,31.95,30.77,1.33,-0.15
2025-09-21 17:00:00-04:00,40.89,41.52,-0.46,-0.17
2025-09-21 18:00:00-04:00,43.53,48.88,-5.2,-0.15
2025-09-21 19:00:00-04:00,43.53,44.83,-1.12,-0.18
2025-09-21 20:00:00-04:00,35.63,42.22,-6.51,-0.08
2025-09-21 21:00:00-04:00,31.06,33.67,-2.48,-0.13
2025-09-21 22:00:00-04:00,30.14,28.92,1.25,-0.03
2025-09-21 23:00:00-04:00,26.25,26.01,0.21,0.03
2025-09-22 00:00:00-04:00,27.28,27.33,-0.0,-0.05
2025-09-22 01:00:00-04:00,25.73,25.73,-0.0,0.0
2025-09-22 02:00:00-04:00,23.93,23.93,-0.0,0.0
2025-09-22 03:00:00-04:00,22.88,22.95,-0.0,-0.07
2025-09-22 04:00:00-04:00,23.62,23.62,-0.0,0.0
2025-09-22 05:00:00-04:00,24.91,24.86,0.1,-0.05
2025-09-22 06:00:00-04:00,33.67,32.04,1.44,0.19
2025-09-22 07:00:00-04:00,36.96,35.32,1.46,0.18
2025-09-22 08:00:00-04:00,32.57,30.86,1.59,0.12
2025-09-22 09:00:00-04:00,27.52,26.32,1.15,0.05
2025-09-22 10:00:00-04:00,26.89,25.75,1.09,0.05
2025-09-22 11:00:00-04:00,28.03,26.17,1.73,0.13
2025-09-22 12:00:00-04:00,28.86,27.63,1.06,0.17
2025-09-22 13:00:00-04:00,32.28,32.28,-0.0,0.0
2025-09-22 14:00:00-04:00,34.9,34.65,0.28,-0.03
2025-09-22 15:00:00-04:00,36.85,36.23,0.58,0.04
2025-09-22 16:00:00-04:00,44.96,44.6,0.18,0.18
2025-09-22 17:00:00-04:00,62.0,58.85,2.79,0.36
2025-09-22 18:00:00-04:00,65.0,60.6,4.16,0.24
2025-09-22 19:00:00-04:00,62.13,57.39,4.28,0.46
2025-09-22 20:00:00-04:00,52.27,49.08,3.04,0.15
2025-09-22 21:00:00-04:00,41.67,38.83,2.68,0.16
2025-09-22 22:00:00-04:00,37.73,35.17,2.24,0.32
2025-09-22 23:00:00-04:00,33.46,31.14,2.07,0.25
2025-09-23 00:00:00-04:00,35.93,34.2,1.49,0.24
2025-09-23 01:00:00-04:00,31.92,30.54,1.16,0.22
2025-09-23 02:00:00-04:00,31.43,30.46,0.76,0.21
2025-09-23 03:00:00-04:00,30.49,29.47,0.81,0.21
2025-09-23 04:00:00-04:00,31.19,30.03,0.98,0.18
2025-09-23 05:00:00-04:00,35.98,33.93,1.81,0.24
2025-09-23 06:00:00-04:00,45.74,44.78,0.73,0.23
2025-09-23 07:00:00-04:00,51.4,49.38,1.67,0.35
2025-09-23 08:00:00-04:00,49.24,45.63,3.06,0.55
2025-09-23 09:00:00-04:00,42.32,39.06,2.71,0.55
2025-09-23 10:00:00-04:00,42.56,39.24,2.69,0.63
2025-09-23 11:00:00-04:00,42.31,39.21,2.67,0.43
2025-09-23 12:00:00-04:00,48.13,42.9,4.76,0.47
2025-09-23 13:00:00-04:00,53.14,47.44,5.08,0.62
2025-09-23 14:00:00-04:00,58.05,52.09,5.49,0.47
2025-09-23 15:00:00-04:00,63.93,58.1,5.48,0.35
2025-09-23 16:00:00-04:00,74.69,70.48,4.07,0.14
2025-09-23 17:00:00-04:00,85.08,82.57,2.43,0.08
2025-09-23 18:00:00-04:00,76.97,69.28,6.86,0.83
2025-09-23 19:00:00-04:00,73.97,66.16,6.75,1.06
2025-09-23 20:00:00-04:00,60.94,56.98,3.73,0.23
2025-09-23 21:00:00-04:00,53.18,47.65,5.29,0.24
2025-09-23 22:00:00-04:00,44.95,42.6,1.92,0.43
2025-09-23 23:00:00-04:00,40.94,38.8,1.91,0.23
2025-09-24 00:00:00-04:00,42.68,40.23,1.97,0.48
2025-09-24 01:00:00-04:00,37.43,35.57,1.47,0.39
2025-09-24 02:00:00-04:00,34.99,33.29,1.27,0.43
2025-09-24 03:00:00-04:00,33.14,31.62,1.05,0.47
2025-09-24 04:00:00-04:00,33.25,31.75,1.06,0.44
2025-09-24 05:00:00-04:00,36.75,33.52,2.63,0.6
2025-09-24 06:00:00-04:00,48.08,44.23,3.1,0.75
2025-09-24 07:00:00-04:00,53.64,49.2,3.4,1.04
2025-09-24 08:00:00-04:00,53.8,49.59,3.32,0.89
2025-09-24 09:00:00-04:00,52.7,48.93,2.84,0.93
2025-09-24 10:00:00-04:00,52.41,49.0,2.58,0.83
2025-09-24 11:00:00-04:00,53.06,49.21,3.06,0.79
2025-09-24 12:00:00-04:00,55.56,52.07,2.71,0.78
2025-09-24 13:00:00-04:00,56.12,52.23,3.11,0.78
2025-09-24 14:00:00-04:00,59.68,56.23,2.72,0.73
2025-09-24 15:00:00-04:00,66.79,64.8,1.21,0.78
2025-09-24 16:00:00-04:00,73.35,69.81,2.7,0.84
2025-09-24 17:00:00-04:00,84.67,79.05,4.59,1.03
2025-09-24 18:00:00-04:00,75.79,69.82,4.71,1.26
2025-09-24 19:00:00-04:00,72.59,65.97,5.23,1.39
2025-09-24 20:00:00-04:00,57.47,52.86,3.66,0.95
2025-09-24 21:00:00-04:00,49.8,46.13,2.8,0.87
2025-09-24 22:00:00-04:00,44.74,41.63,2.48,0.63
2025-09-24 23:00:00-04:00,40.88,37.99,2.21,0.68
2025-09-25 00:00:00-04:00,38.01,35.96,1.4,0.65
2025-09-25 01:00:00-04:00,34.24,32.29,1.3,0.65
2025-09-25 02:00:00-04:00,32.47,31.03,0.94,0.5
2025-09-25 03:00:00-04:00,30.99,29.58,0.91,0.5
2025-09-25 04:00:00-04:00,31.75,30.22,1.02,0.51
2025-09-25 05:00:00-04:00,34.36,31.79,1.97,0.6
2025-09-25 06:00:00-04:00,43.53,40.36,2.44,0.73
2025-09-25 07:00:00-04:00,49.45,44.29,4.23,0.93
2025-09-25 08:00:00-04:00,50.28,45.5,3.82,0.96
2025-09-25 09:00:00-04:00,49.19,45.24,3.27,0.68
2025-09-25 10:00:00-04:00,51.74,46.94,4.0,0.8
2025-09-25 11:00:00-04:00,53.27,48.34,4.2,0.73
2025-09-25 12:00:00-04:00,53.3,48.71,3.86,0.73
2025-09-25 13:00:00-04:00,57.29,52.89,3.61,0.79
2025-09-25 14:00:00-04:00,57.11,52.98,3.44,0.69
2025-09-25 15:00:00-04:00,59.22,55.43,3.29,0.5
2025-09-25 16:00:00-04:00,62.45,58.14,3.9,0.41
2025-09-25 17:00:00-04:00,69.49,64.48,4.62,0.39
2025-09-25 18:00:00-04:00,63.37,58.4,4.27,0.7
2025-09-25 19:00:00-04:00,63.13,57.85,4.36,0.92
2025-09-25 20:00:00-04:00,53.13,48.93,3.57,0.63
2025-09-25 21:00:00-04:00,46.86,44.01,2.37,0.48
2025-09-25 22:00:00-04:00,42.03,39.81,1.86,0.36
2025-09-25 23:00:00-04:00,37.63,35.65,1.52,0.46
2025-09-26 00:00:00-04:00,44.36,42.13,1.72,0.51
2025-09-26 01:00:00-04:00,38.69,36.86,1.39,0.44
2025-09-26 02:00:00-04:00,35.17,33.49,1.18,0.5
2025-09-26 03:00:00-04:00,33.37,31.82,1.07,0.48
2025-09-26 04:00:00-04:00,34.74,33.13,1.08,0.53
2025-09-26 05:00:00-04:00,37.75,35.31,1.84,0.6
2025-09-26 06:00:00-04:00,48.49,44.12,3.58,0.79
2025-09-26 07:00:00-04:00,52.7,47.84,3.9,0.96
2025-09-26 08:00:00-04:00,52.73,48.99,2.96,0.78
2025-09-26 09:00:00-04:00,48.72,45.94,2.14,0.64
2025-09-26 10:00:00-04:00,45.79,43.41,1.86,0.52
2025-09-26 11:00:00-04:00,44.89,42.58,1.84,0.47
2025-09-26 12:00:00-04:00,44.0,41.71,1.79,0.5
2025-09-26 13:00:00-04:00,47.16,44.21,2.33,0.62
2025-09-26 14:00:00-04:00,48.42,45.38,2.4,0.64
2025-09-26 15:00:00-04:00,49.91,46.96,2.48,0.47
2025-09-26 16:00:00-04:00,57.11,53.51,3.28,0.32
2025-09-26 17:00:00-04:00,68.07,64.66,3.02,0.39
2025-09-26 18:00:00-04:00,69.93,65.29,4.12,0.52
2025-09-26 19:00:00-04:00,62.0,57.62,3.74,0.64
2025-09-26 20:00:00-04:00,51.7,48.65,2.51,0.54
2025-09-26 21:00:00-04:00,47.96,45.39,2.21,0.36
2025-09-26 22:00:00-04:00,46.8,44.33,1.94,0.53
2025-09-26 23:00:00-04:00,43.81,41.56,1.67,0.58
2025-09-27 00:00:00-04:00,41.66,38.83,2.36,0.47
2025-09-27 01:00:00-04:00,36.53,34.25,1.8,0.48
2025-09-27 02:00:00-04:00,35.53,33.03,2.04,0.46
2025-09-27 03:00:00-04:00,31.01,29.14,1.46,0.41
2025-09-27 04:00:00-04:00,32.48,30.5,1.58,0.4
2025-09-27 05:00:00-04:00,34.88,32.43,2.0,0.45
2025-09-27 06:00:00-04:00,36.55,33.94,2.1,0.51
2025-09-27 07:00:00-04:00,39.69,37.11,2.25,0.33
2025-09-27 08:00:00-04:00,39.89,37.4,2.26,0.23
2025-09-27 09:00:00-04:00,37.42,35.91,1.44,0.07
2025-09-27 10:00:00-04:00,37.42,35.37,1.91,0.14
2025-09-27 11:00:00-04:00,38.38,36.29,1.98,0.11
2025-09-27 12:00:00-04:00,39.72,37.84,1.58,0.3
2025-09-27 13:00:00-04:00,40.21,38.6,1.26,0.35
2025-09-27 14:00:00-04:00,41.49,39.59,1.74,0.16
2025-09-27 15:00:00-04:00,44.22,42.2,1.81,0.21
2025-09-27 16:00:00-04:00,50.86,47.57,2.81,0.48
2025-09-27 17:00:00-04:00,61.29,57.07,3.53,0.69
2025-09-27 18:00:00-04:00,62.06,57.06,4.2,0.8
2025-09-27 19:00:00-04:00,59.05,54.21,3.98,0.86
2025-09-27 20:00:00-04:00,52.8,48.67,3.45,0.68
2025-09-27 21:00:00-04:00,48.2,44.6,2.93,0.67
2025-09-27 22:00:00-04:00,42.73,40.61,1.59,0.53
2025-09-27 23:00:00-04:00,39.48,37.38,1.47,0.63
2025-09-28 00:00:00-04:00,34.2,34.03,-0.0,0.17
2025-09-28 01:00:00-04:00,30.78,30.14,0.43,0.21
2025-09-28 02:00:00-04:00,27.1,26.82,0.12,0.16
2025-09-28 03:00:00-04:00,26.57,26.48,0.01,0.08
2025-09-28 04:00:00-04:00,26.37,26.13,0.06,0.18
2025-09-28 05:00:00-04:00,27.54,27.2,0.15,0.19
2025-09-28 06:00:00-04:00,29.92,29.18,0.45,0.29
2025-09-28 07:00:00-04:00,29.86,29.09,0.45,0.32
2025-09-28 08:00:00-04:00,28.71,28.31,0.26,0.14
2025-09-28 09:00:00-04:00,29.75,29.35,0.28,0.12
2025-09-28 10:00:00-04:00,29.63,29.51,-0.0,0.12
2025-09-28 11:00:00-04:00,31.57,31.3,0.14,0.13
2025-09-28 12:00:00-04:00,34.6,33.47,0.89,0.24
2025-09-28 13:00:00-04:00,36.66,35.38,1.07,0.21
2025-09-28 14:00:00-04:00,38.61,37.12,1.23,0.26
2025-09-28 15:00:00-04:00,43.97,42.12,1.64,0.21
2025-09-28 16:00:00-04:00,49.66,47.09,2.2,0.37
2025-09-28 17:00:00-04:00,63.69,59.98,3.35,0.36
2025-09-28 18:00:00-04:00,69.59,65.11,3.83,0.65
2025-09-28 19:00:00-04:00,69.66,65.04,3.97,0.65
2025-09-28 20:00:00-04:00,54.72,51.53,2.62,0.57
2025-09-28 21:00:00-04:00,49.3,46.73,2.15,0.42
2025-09-28 22:00:00-04:00,41.84,39.94,1.66,0.24
2025-09-28 23:00:00-04:00,37.54,35.85,1.26,0.43
2025-09-29 00:00:00-04:00,36.45,34.99,1.25,0.21
2025-09-29 01:00:00-04:00,32.37,31.16,0.81,0.4
2025-09-29 02:00:00-04:00,29.58,28.83,0.43,0.32
2025-09-29 03:00:00-04:00,27.34,26.82,0.28,0.24
2025-09-29 04:00:00-04:00,28.5,27.67,0.47,0.36
2025-09-29 05:00:00-04:00,33.04,31.57,1.0,0.47
2025-09-29 06:00:00-04:00,42.43,40.1,1.89,0.44
2025-09-29 07:00:00-04:00,42.98,40.01,2.45,0.52
2025-09-29 08:00:00-04:00,40.3,37.66,2.19,0.45
2025-09-29 09:00:00-04:00,33.65,32.21,1.15,0.29
2025-09-29 10:00:00-04:00,34.93,33.08,1.59,0.26
2025-09-29 11:00:00-04:00,35.93,33.91,1.65,0.37
2025-09-29 12:00:00-04:00,37.23,35.31,1.43,0.49
2025-09-29 13:00:00-04:00,39.5,37.5,1.48,0.52
2025-09-29 14:00:00-04:00,41.09,39.02,1.64,0.43
2025-09-29 15:00:00-04:00,46.77,43.89,2.13,0.75
2025-09-29 16:00:00-04:00,53.76,48.31,4.24,1.21
2025-09-29 17:00:00-04:00,71.38,66.28,3.57,1.53
2025-09-29 18:00:00-04:00,77.13,68.48,6.52,2.13
2025-09-29 19:00:00-04:00,73.31,65.88,5.78,1.65
2025-09-29 20:00:00-04:00,56.88,51.76,4.14,0.98
2025-09-29 21:00:00-04:00,49.31,45.78,2.89,0.64
2025-09-29 22:00:00-04:00,43.57,41.08,1.87,0.62
2025-09-29 23:00:00-04:00,40.29,37.46,2.12,0.71
2025-09-30 00:00:00-04:00,34.11,32.88,0.8,0.43
2025-09-30 01:00:00-04:00,31.77,30.75,0.62,0.4
2025-09-30 02:00:00-04:00,29.11,28.46,0.39,0.26
2025-09-30 03:00:00-04:00,28.03,27.59,0.3,0.14
2025-09-30 04:00:00-04:00,28.92,28.34,0.38,0.2
2025-09-30 05:00:00-04:00,31.27,30.45,0.58,0.24
2025-09-30 06:00:00-04:00,42.5,41.71,0.96,-0.17
2025-09-30 07:00:00-04:00,45.86,44.01,1.81,0.04
2025-09-30 08:00:00-04:00,39.87,39.52,0.51,-0.16
2025-09-30 09:00:00-04:00,31.86,31.96,0.03,-0.13
2025-09-30 10:00:00-04:00,32.57,32.44,0.23,-0.1
2025-09-30 11:00:00-04:00,33.91,33.6,0.44,-0.13
2025-09-30 12:00:00-04:00,37.7,37.02,0.79,-0.11
2025-09-30 13:00:00-04:00,39.8,38.45,1.35,0.0
2025-09-30 14:00:00-04:00,39.56,39.64,-0.0,-0.08
2025-09-30 15:00:00-04:00,42.1,41.15,1.03,-0.08
2025-09-30 16:00:00-04:00,47.6,47.79,-0.0,-0.19
2025-09-30 17:00:00-04:00,63.78,64.04,-0.0,-0.26
2025-09-30 18:00:00-04:00,70.36,66.32,3.91,0.13
2025-09-30 19:00:00-04:00,64.19,60.3,3.71,0.18
2025-09-30 20:00:00-04:00,51.07,48.5,2.52,0.05
2025-09-30 21:00:00-04:00,40.76,39.6,1.28,-0.12
2025-09-30 22:00:00-04:00,35.61,34.98,0.8,-0.17
2025-09-30 23:00:00-04:00,32.28,31.7,0.74,-0.16
2025-10-01 00:00:00-04:00,29.16,29.14,0.02,0.0
2025-10-01 01:00:00-04:00,26.96,26.92,0.01,0.03
2025-10-01 02:00:00-04:00,25.16,25.1,0.01,0.05
2025-10-01 03:00:00-04:00,24.95,24.8,-0.0,0.15
2025-10-01 04:00:00-04:00,26.07,26.0,0.1,-0.03
2025-10-01 05:00:00-04:00,30.66,30.27,0.39,0.0
2025-10-01 06:00:00-04:00,40.46,39.99,0.67,-0.2
2025-10-01 07:00:00-04:00,44.0,43.09,1.0,-0.09
2025-10-01 08:00:00-04:00,37.25,36.31,0.94,0.0
2025-10-01 09:00:00-04:00,30.28,29.9,0.32,0.06
2025-10-01 10:00:00-04:00,26.62,26.64,0.01,-0.03
2025-10-01 11:00:00-04:00,25.85,25.89,0.01,-0.05
2025-10-01 12:00:00-04:00,25.41,25.39,0.02,0.0
2025-10-01 13:00:00-04:00,26.77,26.8,-0.0,-0.03
2025-10-01 14:00:00-04:00,26.03,26.11,-0.0,-0.08
2025-10-01 15:00:00-04:00,29.27,29.3,-0.0,-0.03
2025-10-01 16:00:00-04:00,35.19,35.23,-0.0,-0.04
2025-10-01 17:00:00-04:00,44.69,43.43,1.26,0.0
2025-10-01 18:00:00-04:00,52.32,49.42,2.51,0.39
2025-10-01 19:00:00-04:00,52.45,49.68,2.52,0.25
2025-10-01 20:00:00-04:00,43.65,42.05,1.64,-0.04
2025-10-01 21:00:00-04:00,37.3,36.19,1.07,0.04
2025-10-01 22:00:00-04:00,33.1,32.15,0.79,0.16
2025-10-01 23:00:00-04:00,30.32,29.48,0.58,0.26
2025-10-02 00:00:00-04:00,28.66,28.6,0.2,-0.14
2025-10-02 01:00:00-04:00,26.62,26.48,0.19,-0.05
2025-10-02 02:00:00-04:00,25.66,25.52,0.14,0.0
2025-10-02 03:00:00-04:00,25.21,25.18,0.11,-0.08
2025-10-02 04:00:00-04:00,26.57,26.45,0.23,-0.11
2025-10-02 05:00:00-04:00,31.11,30.47,0.61,0.03
2025-10-02 06:00:00-04:00,44.97,43.44,1.66,-0.13
2025-10-02 07:00:00-04:00,49.48,47.39,2.14,-0.05
2025-10-02 08:00:00-04:00,39.87,38.67,1.24,-0.04
2025-10-02 09:00:00-04:00,30.39,29.83,0.53,0.03
2025-10-02 10:00:00-04:00,28.11,27.86,0.33,-0.08
2025-10-02 11:00:00-04:00,26.26,26.11,0.18,-0.03
2025-10-02 12:00:00-04:00,25.91,25.74,0.14,0.03
2025-10-02 13:00:00-04:00,27.29,26.96,0.25,0.08
2025-10-02 14:00:00-04:00,27.64,27.3,0.31,0.03
2025-10-02 15:00:00-04:00,28.5,28.31,0.3,-0.11
2025-10-02 16:00:00-04:00,34.04,33.85,0.36,-0.17
2025-10-02 17:00:00-04:00,45.54,45.03,0.82,-0.31
2025-10-02 18:00:00-04:00,58.69,56.34,2.57,-0.22
2025-10-02 19:00:00-04:00,58.38,55.74,2.64,0.0
2025-10-02 20:00:00-04:00,45.89,44.34,1.77,-0.22
2025-10-02 21:00:00-04:00,39.16,38.56,0.83,-0.23
2025-10-02 22:00:00-04:00,33.11,32.5,0.67,-0.06
2025-10-02 23:00:00-04:00,31.03,30.63,0.46,-0.06
2025-10-03 00:00:00-04:00,29.01,29.14,0.04,-0.17
2025-10-03 01:00:00-04:00,26.85,27.05,0.07,-0.27
2025-10-03 02:00:00-04:00,25.83,25.89,0.09,-0.15
2025-10-03 03:00:00-04:00,25.92,25.89,0.24,-0.21
2025-10-03 04:00:00-04:00,27.34,27.22,0.26,-0.14
2025-10-03 05:00:00-04:00,30.83,30.48,0.44,-0.09
2025-10-03 06:00:00-04:00,41.53,41.14,0.59,-0.2
2025-10-03 07:00:00-04:00,47.65,47.09,0.75,-0.19
2025-10-03 08:00:00-04:00,36.24,36.37,0.05,-0.18
2025-10-03 09:00:00-04:00,29.17,29.31,0.01,-0.15
2025-10-03 10:00:00-04:00,26.56,26.52,0.09,-0.05
2025-10-03 11:00:00-04:00,25.74,25.78,0.04,-0.08
2025-10-03 12:00:00-04:00,25.85,25.76,0.06,0.03
2025-10-03 13:00:00-04:00,26.72,26.67,0.08,-0.03
2025-10-03 14:00:00-04:00,27.98,27.93,0.11,-0.06
2025-10-03 15:00:00-04:00,30.7,30.5,0.2,0.0
2025-10-03 16:00:00-04:00,37.4,37.01,0.43,-0.04
2025-10-03 17:00:00-04:00,48.0,45.9,2.01,0.09
2025-10-03 18:00:00-04:00,60.75,57.14,3.21,0.4
2025-10-03 19:00:00-04:00,65.08,61.08,3.57,0.43
2025-10-03 20:00:00-04:00,46.45,44.32,1.95,0.18
2025-10-03 21:00:00-04:00,39.99,38.63,1.28,0.08
2025-10-03 22:00:00-04:00,35.17,33.75,1.35,0.07
2025-10-03 23:00:00-04:00,32.18,31.71,0.31,0.16
2025-10-04 00:00:00-04:00,31.73,31.57,-0.0,0.16
2025-10-04 01:00:00-04:00,28.05,27.91,-0.0,0.14
2025-10-04 02:00:00-04:00,26.93,26.8,-0.0,0.13
2025-10-04 03:00:00-04:00,25.34,25.21,-0.0,0.13
2025-10-04 04:00:00-04:00,25.59,25.51,-0.0,0.08
2025-10-04 05:00:00-04:00,27.88,27.88,-0.0,0.0
2025-10-04 06:00:00-04:00,36.85,37.03,-0.0,-0.18
2025-10-04 07:00:00-04:00,38.15,38.46,-0.0,-0.31
2025-10-04 08:00:00-04:00,32.77,32.93,-0.0,-0.16
2025-10-04 09:00:00-04:00,27.0,27.08,-0.0,-0.08
2025-10-04 10:00:00-04:00,26.26,26.37,-0.0,-0.11
2025-10-04 11:00:00-04:00,26.09,26.19,-0.0,-0.1
2025-10-04 12:00:00-04:00,27.25,27.33,-0.0,-0.08
2025-10-04 13:00:00-04:00,29.39,29.42,-0.0,-0.03
2025-10-04 14:00:00-04:00,31.61,31.7,-0.0,-0.09
2025-10-04 15:00:00-04:00,35.32,35.46,-0.0,-0.14
2025-10-04 16:00:00-04:00,43.75,43.79,-0.0,-0.04
2025-10-04 17:00:00-04:00,63.13,63.32,-0.0,-0.19
2025-10-04 18:00:00-04:00,73.38,73.31,-0.0,0.07
2025-10-04 19:00:00-04:00,70.22,70.08,-0.0,0.14
2025-10-04 20:00:00-04:00,49.48,49.38,-0.0,0.1
2025-10-04 21:00:00-04:00,42.21,42.42,-0.0,-0.21
2025-10-04 22:00:00-04:00,36.95,37.1,-0.0,-0.15
2025-10-04 23:00:00-04:00,33.92,33.85,-0.0,0.07
2025-10-05 00:00:00-04:00,36.97,37.19,-0.0,-0.22
2025-10-05 01:00:00-04:00,32.25,32.51,-0.0,-0.26
2025-10-05 02:00:00-04:00,28.75,29.01,-0.0,-0.26
2025-10-05 03:00:00-04:00,27.24,27.46,-0.0,-0.22
2025-10-05 04:00:00-04:00,27.42,27.61,-0.0,-0.19
2025-10-05 05:00:00-04:00,27.68,27.87,-0.0,-0.19
2025-10-05 06:00:00-04:00,31.8,32.06,-0.0,-0.26
2025-10-05 07:00:00-04:00,32.89,33.09,-0.0,-0.2
2025-10-05 08:00:00-04:00,28.01,28.15,-0.0,-0.14
2025-10-05 09:00:00-04:00,25.86,26.04,-0.0,-0.18
2025-10-05 10:00:00-04:00,25.93,26.14,-0.0,-0.21
2025-10-05 11:00:00-04:00,27.88,28.13,-0.0,-0.25
2025-10-05 12:00:00-04:00,31.16,31.41,-0.0,-0.25
2025-10-05 13:00:00-04:00,33.09,33.29,-0.0,-0.2
2025-10-05 14:00:00-04:00,35.33,35.54,-0.0,-0.21
2025-10-05 15:00:00-04:00,42.17,42.38,-0.0,-0.21
2025-10-05 16:00:00-04:00,55.14,55.53,-0.0,-0.39
2025-10-05 17:00:00-04:00,81.89,80.28,1.61,0.0
2025-10-05 18:00:00-04:00,89.45,84.71,3.89,0.85
2025-10-05 19:00:00-04:00,82.34,77.02,5.01,0.31
2025-10-05 20:00:00-04:00,62.95,62.25,0.89,-0.19
2025-10-05 21:00:00-04:00,44.64,45.14,-0.28,-0.22
2025-10-05 22:00:00-04:00,39.95,40.74,-0.38,-0.41
2025-10-05 23:00:00-04:00,34.39,35.06,-0.46,-0.21
2025-10-06 00:00:00-04:00,33.76,33.64,0.22,-0.1
2025-10-06 01:00:00-04:00,29.36,29.84,-0.36,-0.12
2025-10-06 02:00:00-04:00,27.68,27.65,0.11,-0.08
2025-10-06 03:00:00-04:00,26.61,26.7,-0.01,-0.08
2025-10-06 04:00:00-04:00,28.16,28.15,0.12,-0.11
2025-10-06 05:00:00-04:00,30.9,31.83,-0.8,-0.13
2025-10-06 06:00:00-04:00,37.74,36.8,0.98,-0.04
2025-10-06 07:00:00-04:00,46.54,43.97,2.7,-0.13
2025-10-06 08:00:00-04:00,44.12,43.45,0.67,0.0
2025-10-06 09:00:00-04:00,38.24,37.9,0.53,-0.19
2025-10-06 10:00:00-04:00,41.02,40.69,0.45,-0.12
2025-10-06 11:00:00-04:00,42.02,41.7,0.4,-0.08
2025-10-06 12:00:00-04:00,44.93,43.04,1.59,0.3
2025-10-06 13:00:00-04:00,49.11,47.96,1.2,-0.05
2025-10-06 14:00:00-04:00,52.17,50.6,1.42,0.15
2025-10-06 15:00:00-04:00,59.59,57.18,2.47,-0.06
2025-10-06 16:00:00-04:00,75.87,76.25,-0.0,-0.38
2025-10-06 17:00:00-04:00,102.13,101.62,-0.0,0.51
2025-10-06 18:00:00-04:00,110.58,109.6,-0.0,0.98
2025-10-06 19:00:00-04:00,93.27,91.89,-0.0,1.38
2025-10-06 20:00:00-04:00,65.75,65.62,-0.0,0.13
2025-10-06 21:00:00-04:00,48.61,48.46,-0.0,0.15
2025-10-06 22:00:00-04:00,43.84,43.97,-0.0,-0.13
2025-10-06 23:00:00-04:00,38.56,38.64,-0.0,-0.08
2025-10-07 00:00:00-04:00,34.72,35.07,-0.0,-0.35
2025-10-07 01:00:00-04:00,30.57,30.72,-0.0,-0.15
2025-10-07 02:00:00-04:00,29.77,30.01,-0.0,-0.24
2025-10-07 03:00:00-04:00,28.62,28.85,-0.0,-0.23
2025-10-07 04:00:00-04:00,28.65,28.82,-0.0,-0.17
2025-10-07 05:00:00-04:00,31.52,31.78,-0.0,-0.26
2025-10-07 06:00:00-04:00,39.82,40.22,-0.0,-0.4
2025-10-07 07:00:00-04:00,45.45,45.86,-0.0,-0.41
2025-10-07 08:00:00-04:00,43.33,43.81,-0.0,-0.48
2025-10-07 09:00:00-04:00,38.51,38.86,-0.0,-0.35
2025-10-07 10:00:00-04:00,38.42,38.69,-0.0,-0.27
2025-10-07 11:00:00-04:00,38.77,38.77,-0.0,0.0
2025-10-07 12:00:00-04:00,40.99,41.28,-0.0,-0.29
2025-10-07 13:00:00-04:00,43.22,43.52,-0.0,-0.3
2025-10-07 14:00:00-04:00,46.73,46.96,-0.0,-0.23
2025-10-07 15:00:00-04:00,54.68,55.06,-0.0,-0.38
2025-10-07 16:00:00-04:00,71.86,73.59,-0.99,-0.74
2025-10-07 17:00:00-04:00,96.13,97.49,-0.97,-0.39
2025-10-07 18:00:00-04:00,106.57,106.79,-0.01,-0.21
2025-10-07 19:00:00-04:00,85.64,85.64,-0.0,0.0
2025-10-07 20:00:00-04:00,67.24,67.85,-0.0,-0.61
2025-10-07 21:00:00-04:00,48.7,49.09,-0.0,-0.39
2025-10-07 22:00:00-04:00,42.99,43.2,-0.0,-0.21
2025-10-07 23:00:00-04:00,39.34,39.58,-0.0,-0.24
2025-10-08 00:00:00-04:00,40.99,41.24,-0.0,-0.25
2025-10-08 01:00:00-04:00,37.72,37.98,-0.0,-0.26
2025-10-08 02:00:00-04:00,34.52,34.76,-0.0,-0.24
2025-10-08 03:00:00-04:00,34.55,34.76,-0.0,-0.21
2025-10-08 04:00:00-04:00,34.9,35.14,-0.0,-0.24
2025-10-08 05:00:00-04:00,37.58,37.88,-0.0,-0.3
2025-10-08 06:00:00-04:00,48.96,49.45,-0.0,-0.49
2025-10-08 07:00:00-04:00,58.54,59.37,-0.0,-0.83
2025-10-08 08:00:00-04:00,56.16,57.31,-0.0,-1.15
2025-10-08 09:00:00-04:00,48.22,49.26,-0.0,-1.04
2025-10-08 10:00:00-04:00,44.17,45.16,-0.0,-0.99
2025-10-08 11:00:00-04:00,42.46,43.33,-0.0,-0.87
2025-10-08 12:00:00-04:00,40.54,41.45,-0.0,-0.91
2025-10-08 13:00:00-04:00,39.96,40.74,-0.0,-0.78
2025-10-08 14:00:00-04:00,37.5,38.25,-0.02,-0.73
2025-10-08 15:00:00-04:00,39.11,39.83,-0.0,-0.72
2025-10-08 16:00:00-04:00,43.3,43.96,-0.0,-0.66
2025-10-08 17:00:00-04:00,58.74,59.82,-0.0,-1.08
2025-10-08 18:00:00-04:00,65.27,65.86,-0.0,-0.59
2025-10-08 19:00:00-04:00,59.25,59.37,-0.0,-0.12
2025-10-08 20:00:00-04:00,45.71,45.85,-0.0,-0.14
2025-10-08 21:00:00-04:00,41.85,42.06,-0.0,-0.21
2025-10-08 22:00:00-04:00,38.08,38.16,-0.0,-0.08
2025-10-08 23:00:00-04:00,34.36,34.26,-0.0,0.1
2025-10-09 00:00:00-04:00,32.03,31.84,-0.0,0.19
2025-10-09 01:00:00-04:00,28.28,28.03,-0.0,0.25
2025-10-09 02:00:00-04:00,27.43,27.19,-0.0,0.24
2025-10-09 03:00:00-04:00,26.96,26.67,-0.0,0.29
2025-10-09 04:00:00-04:00,27.94,27.66,-0.0,0.28
2025-10-09 05:00:00-04:00,32.37,32.11,-0.0,0.26
2025-10-09 06:00:00-04:00,49.1,49.15,-0.0,-0.05
2025-10-09 07:00:00-04:00,57.13,57.07,-0.0,0.06
2025-10-09 08:00:00-04:00,43.43,43.39,-0.0,0.04
2025-10-09 09:00:00-04:00,31.3,31.24,-0.0,0.06
2025-10-09 10:00:00-04:00,29.38,29.26,-0.0,0.12
2025-10-09 11:00:00-04:00,27.15,27.18,-0.0,-0.03
2025-10-09 12:00:00-04:00,27.74,27.71,-0.0,0.03
2025-10-09 13:00:00-04:00,28.38,28.38,-0.0,0.0
2025-10-09 14:00:00-04:00,25.88,26.29,-0.38,-0.03
2025-10-09 15:00:00-04:00,28.19,28.6,-0.21,-0.2
2025-10-09 16:00:00-04:00,34.16,34.44,-0.0,-0.28
2025-10-09 17:00:00-04:00,48.31,48.75,-0.0,-0.44
2025-10-09 18:00:00-04:00,61.47,61.16,-0.0,0.31
2025-10-09 19:00:00-04:00,61.59,61.41,-0.0,0.18
2025-10-09 20:00:00-04:00,46.57,46.71,-0.0,-0.14
2025-10-09 21:00:00-04:00,41.19,41.48,-0.0,-0.29
2025-10-09 22:00:00-04:00,38.77,38.89,-0.0,-0.12
2025-10-09 23:00:00-04:00,35.04,34.93,-0.0,0.11
2025-10-10 00:00:00-04:00,37.2,37.16,-0.0,0.04
2025-10-10 01:00:00-04:00,34.33,34.26,-0.0,0.07
2025-10-10 02:00:00-04:00,32.67,32.6,-0.0,0.07
2025-10-10 03:00:00-04:00,31.97,31.91,-0.0,0.06
2025-10-10 04:00:00-04:00,32.55,32.42,-0.0,0.13
2025-10-10 05:00:00-04:00,36.71,36.75,-0.0,-0.04
2025-10-10 06:00:00-04:00,55.24,55.41,-0.0,-0.17
2025-10-10 07:00:00-04:00,68.93,69.34,-0.0,-0.41
2025-10-10 08:00:00-04:00,46.0,46.0,-0.0,0.0
2025-10-10 09:00:00-04:00,34.65,34.97,-0.0,-0.32
2025-10-10 10:00:00-04:00,30.31,30.63,-0.07,-0.25
2025-10-10 11:00:00-04:00,30.4,30.68,-0.0,-0.28
2025-10-10 12:00:00-04:00,27.0,27.53,-0.39,-0.14
2025-10-10 13:00:00-04:00,24.16,24.92,-0.64,-0.12
2025-10-10 14:00:00-04:00,23.5,24.66,-0.99,-0.17
2025-10-10 15:00:00-04:00,24.72,26.47,-1.51,-0.24
2025-10-10 16:00:00-04:00,31.35,32.65,-0.84,-0.46
2025-10-10 17:00:00-04:00,47.3,47.73,-0.0,-0.43
2025-10-10 18:00:00-04:00,58.64,58.7,-0.0,-0.06
2025-10-10 19:00:00-04:00,56.93,57.21,-0.0,-0.28
2025-10-10 20:00:00-04:00,45.0,45.31,-0.0,-0.31
2025-10-10 21:00:00-04:00,39.18,39.54,-0.0,-0.36
2025-10-10 22:00:00-04:00,35.75,36.15,-0.0,-0.4
2025-10-10 23:00:00-04:00,32.94,33.1,-0.0,-0.16
2025-10-11 00:00:00-04:00,34.14,34.45,-0.0,-0.31
2025-10-11 01:00:00-04:00,29.09,29.38,-0.0,-0.29
2025-10-11 02:00:00-04:00,28.07,28.3,-0.0,-0.23
2025-10-11 03:00:00-04:00,27.12,27.26,-0.0,-0.14
2025-10-11 04:00:00-04:00,28.39,28.5,-0.0,-0.11
2025-10-11 05:00:00-04:00,30.67,30.76,-0.0,-0.09
2025-10-11 06:00:00-04:00,37.18,37.67,-0.0,-0.49
2025-10-11 07:00:00-04:00,40.61,41.19,-0.0,-0.58
2025-10-11 08:00:00-04:00,36.56,37.04,-0.0,-0.48
2025-10-11 09:00:00-04:00,31.65,32.13,-0.0,-0.48
2025-10-11 10:00:00-04:00,30.14,30.47,-0.0,-0.33
2025-10-11 11:00:00-04:00,31.76,32.14,-0.0,-0.38
2025-10-11 12:00:00-04:00,31.82,32.27,-0.0,-0.45
2025-10-11 13:00:00-04:00,31.95,32.44,-0.0,-0.49
2025-10-11 14:00:00-04:00,32.64,33.2,-0.0,-0.56
2025-10-11 15:00:00-04:00,36.16,36.64,-0.0,-0.48
2025-10-11 16:00:00-04:00,40.76,41.47,-0.0,-0.71
2025-10-11 17:00:00-04:00,48.5,49.09,-0.0,-0.59
2025-10-11 18:00:00-04:00,58.96,59.5,-0.0,-0.54
2025-10-11 19:00:00-04:00,54.45,54.89,-0.0,-0.44
2025-10-11 20:00:00-04:00,43.62,44.1,-0.0,-0.48
2025-10-11 21:00:00-04:00,38.21,38.63,-0.0,-0.42
2025-10-11 22:00:00-04:00,36.26,36.55,-0.0,-0.29
2025-10-11 23:00:00-04:00,32.93,33.06,-0.0,-0.13
2025-10-12 00:00:00-04:00,36.97,37.12,-0.0,-0.15
2025-10-12 01:00:00-04:00,33.33,33.43,-0.0,-0.1
2025-10-12 02:00:00-04:00,31.05,31.14,-0.0,-0.09
2025-10-12 03:00:00-04:00,30.13,30.22,-0.0,-0.09
2025-10-12 04:00:00-04:00,30.57,30.66,-0.0,-0.09
2025-10-12 05:00:00-04:00,32.01,32.17,-0.0,-0.16
2025-10-12 06:00:00-04:00,35.92,36.1,-0.0,-0.18
2025-10-12 07:00:00-04:00,38.33,38.29,-0.0,0.04
2025-10-12 08:00:00-04:00,36.97,37.01,-0.0,-0.04
2025-10-12 09:00:00-04:00,37.33,37.48,-0.0,-0.15
2025-10-12 10:00:00-04:00,37.25,37.7,-0.0,-0.45
2025-10-12 11:00:00-04:00,37.6,38.02,-0.0,-0.42
2025-10-12 12:00:00-04:00,37.63,37.82,-0.0,-0.19
2025-10-12 13:00:00-04:00,38.58,38.97,-0.0,-0.39
2025-10-12 14:00:00-04:00,38.22,38.57,-0.0,-0.35
2025-10-12 15:00:00-04:00,39.15,39.51,-0.0,-0.36
2025-10-12 16:00:00-04:00,43.6,44.26,-0.0,-0.66
2025-10-12 17:00:00-04:00,54.84,55.56,-0.0,-0.72
2025-10-12 18:00:00-04:00,64.15,64.53,-0.0,-0.38
2025-10-12 19:00:00-04:00,61.35,61.66,-0.0,-0.31
2025-10-12 20:00:00-04:00,45.62,46.04,-0.0,-0.42
2025-10-12 21:00:00-04:00,40.93,41.34,-0.0,-0.41
2025-10-12 22:00:00-04:00,38.91,39.03,-0.0,-0.12
2025-10-12 23:00:00-04:00,35.64,35.64,-0.0,0.0
2025-10-13 00:00:00-04:00,34.56,34.66,-0.0,-0.1
2025-10-13 01:00:00-04:00,33.1,33.13,-0.0,-0.03
2025-10-13 02:00:00-04:00,31.05,31.21,-0.0,-0.16
2025-10-13 03:00:00-04:00,30.64,30.76,-0.0,-0.12
2025-10-13 04:00:00-04:00,30.72,30.84,-0.0,-0.12
2025-10-13 05:00:00-04:00,32.53,32.63,-0.0,-0.1
2025-10-13 06:00:00-04:00,40.74,40.82,-0.0,-0.08
2025-10-13 07:00:00-04:00,42.85,47.82,-4.87,-0.1
2025-10-13 08:00:00-04:00,49.72,49.77,-0.0,-0.05
2025-10-13 09:00:00-04:00,46.92,47.11,-0.0,-0.19
2025-10-13 10:00:00-04:00,48.52,48.76,-0.0,-0.24
2025-10-13 11:00:00-04:00,47.4,47.73,-0.0,-0.33
2025-10-13 12:00:00-04:00,46.35,46.67,-0.0,-0.32
2025-10-13 13:00:00-04:00,46.33,46.65,-0.0,-0.32
2025-10-13 14:00:00-04:00,45.97,46.29,-0.0,-0.32
2025-10-13 15:00:00-04:00,47.11,47.35,-0.0,-0.24
2025-10-13 16:00:00-04:00,51.1,51.41,-0.0,-0.31
2025-10-13 17:00:00-04:00,60.9,59.85,1.05,0.0
2025-10-13 18:00:00-04:00,67.67,66.23,1.17,0.27
2025-10-13 19:00:00-04:00,66.03,64.63,1.14,0.26
2025-10-13 20:00:00-04:00,50.35,50.3,-0.0,0.05
2025-10-13 21:00:00-04:00,41.73,42.95,-1.09,-0.13
2025-10-13 22:00:00-04:00,38.17,41.14,-2.85,-0.12
2025-10-13 23:00:00-04:00,35.34,38.5,-3.28,0.12
2025-10-14 00:00:00-04:00,37.24,37.13,-0.0,0.11
2025-10-14 01:00:00-04:00,35.36,35.18,-0.0,0.18
2025-10-14 02:00:00-04:00,33.7,33.53,-0.0,0.17
2025-10-14 03:00:00-04:00,33.58,33.41,-0.0,0.17
2025-10-14 04:00:00-04:00,34.0,33.83,-0.0,0.17
2025-10-14 05:00:00-04:00,36.87,36.76,-0.0,0.11
2025-10-14 06:00:00-04:00,49.17,48.75,0.17,0.25
2025-10-14 07:00:00-04:00,63.47,62.88,0.27,0.32
2025-10-14 08:00:00-04:00,60.78,60.73,0.17,-0.12
2025-10-14 09:00:00-04:00,48.85,48.9,-0.0,-0.05
2025-10-14 10:00:00-04:00,47.7,47.92,0.11,-0.33
2025-10-14 11:00:00-04:00,47.19,47.46,0.11,-0.38
2025-10-14 12:00:00-04:00,45.18,45.59,-0.0,-0.41
2025-10-14 13:00:00-04:00,45.37,45.69,-0.0,-0.32
2025-10-14 14:00:00-04:00,43.33,43.72,-0.0,-0.39
2025-10-14 15:00:00-04:00,43.31,43.7,-0.0,-0.39
2025-10-14 16:00:00-04:00,48.84,49.18,-0.0,-0.34
2025-10-14 17:00:00-04:00,62.3,62.36,-0.0,-0.06
2025-10-14 18:00:00-04:00,78.05,77.66,-0.0,0.39
2025-10-14 19:00:00-04:00,72.01,71.51,-0.0,0.5
2025-10-14 20:00:00-04:00,53.57,53.4,0.17,0.0
2025-10-14 21:00:00-04:00,44.36,44.45,-0.0,-0.09
2025-10-14 22:00:00-04:00,39.02,39.1,-0.0,-0.08
2025-10-14 23:00:00-04:00,37.44,37.37,-0.0,0.07
2025-10-15 00:00:00-04:00,35.68,35.68,-0.0,0.0
2025-10-15 01:00:00-04:00,33.52,33.55,-0.0,-0.03
2025-10-15 02:00:00-04:00,33.14,33.21,-0.0,-0.07
2025-10-15 03:00:00-04:00,32.06,32.09,-0.0,-0.03
2025-10-15 04:00:00-04:00,33.16,33.23,-0.0,-0.07
2025-10-15 05:00:00-04:00,34.94,34.77,-0.0,0.17
2025-10-15 06:00:00-04:00,43.91,43.22,-0.0,0.69
2025-10-15 07:00:00-04:00,55.16,52.11,2.27,0.78
2025-10-15 08:00:00-04:00,50.63,47.6,2.17,0.86
2025-10-15 09:00:00-04:00,40.0,37.79,1.72,0.49
2025-10-15 10:00:00-04:00,38.94,36.78,1.68,0.48
2025-10-15 11:00:00-04:00,35.89,35.64,-0.0,0.25
2025-10-15 12:00:00-04:00,35.34,35.16,-0.0,0.18
2025-10-15 13:00:00-04:00,35.79,35.9,-0.0,-0.11
2025-10-15 14:00:00-04:00,35.0,35.25,-0.0,-0.25
2025-10-15 15:00:00-04:00,36.44,36.81,-0.0,-0.37
2025-10-15 16:00:00-04:00,40.86,41.31,-0.0,-0.45
2025-10-15 17:00:00-04:00,53.81,54.46,-0.0,-0.65
2025-10-15 18:00:00-04:00,69.34,69.62,-0.0,-0.28
2025-10-15 19:00:00-04:00,69.23,69.37,-0.0,-0.14
2025-10-15 20:00:00-04:00,51.42,51.57,-0.0,-0.15
2025-10-15 21:00:00-04:00,42.49,42.66,-0.0,-0.17
2025-10-15 22:00:00-04:00,38.5,38.38,-0.0,0.12
2025-10-15 23:00:00-04:00,34.95,34.71,-0.0,0.24
2025-10-16 00:00:00-04:00,35.56,35.56,-0.0,0.0
2025-10-16 01:00:00-04:00,34.96,34.82,-0.0,0.14
2025-10-16 02:00:00-04:00,34.56,34.53,-0.0,0.03
2025-10-16 03:00:00-04:00,34.23,34.13,-0.0,0.1
2025-10-16 04:00:00-04:00,34.26,33.99,-0.0,0.27
2025-10-16 05:00:00-04:00,35.99,35.85,-0.0,0.14
2025-10-16 06:00:00-04:00,51.11,50.55,-0.0,0.56
2025-10-16 07:00:00-04:00,70.57,70.15,-0.0,0.42
2025-10-16 08:00:00-04:00,50.77,50.41,-0.0,0.36
2025-10-16 09:00:00-04:00,40.72,40.64,-0.0,0.08
2025-10-16 10:00:00-04:00,33.76,33.79,-0.0,-0.03
2025-10-16 11:00:00-04:00,33.1,33.2,-0.0,-0.1
2025-10-16 12:00:00-04:00,30.9,30.99,-0.0,-0.09
2025-10-16 13:00:00-04:00,29.88,30.03,-0.0,-0.15
2025-10-16 14:00:00-04:00,29.7,29.91,-0.0,-0.21
2025-10-16 15:00:00-04:00,31.46,31.71,-0.0,-0.25
2025-10-16 16:00:00-04:00,36.8,37.25,-0.0,-0.45
2025-10-16 17:00:00-04:00,51.99,52.25,-0.0,-0.26
2025-10-16 18:00:00-04:00,67.63,67.49,-0.0,0.14
2025-10-16 19:00:00-04:00,68.39,68.39,-0.0,0.0
2025-10-16 20:00:00-04:00,50.31,50.26,-0.0,0.05
2025-10-16 21:00:00-04:00,43.11,43.15,-0.0,-0.04
2025-10-16 22:00:00-04:00,40.72,40.84,-0.0,-0.12
2025-10-16 23:00:00-04:00,38.14,37.99,-0.0,0.15
2025-10-17 00:00:00-04:00,38.76,38.68,-0.0,0.08
2025-10-17 01:00:00-04:00,36.22,36.22,-0.0,0.0
2025-10-17 02:00:00-04:00,35.02,34.98,-0.0,0.04
2025-10-17 03:00:00-04:00,34.49,34.35,-0.0,0.14
2025-10-17 04:00:00-04:00,34.99,34.82,-0.0,0.17
2025-10-17 05:00:00-04:00,38.18,38.07,-0.0,0.11
2025-10-17 06:00:00-04:00,52.52,52.05,-0.0,0.47
2025-10-17 07:00:00-04:00,68.73,68.19,-0.0,0.54
2025-10-17 08:00:00-04:00,50.91,50.66,-0.0,0.25
2025-10-17 09:00:00-04:00,36.79,36.83,-0.0,-0.04
2025-10-17 10:00:00-04:00,33.17,33.14,-0.0,0.03
2025-10-17 11:00:00-04:00,31.93,32.06,-0.0,-0.13
2025-10-17 12:00:00-04:00,30.21,30.27,-0.0,-0.06
2025-10-17 13:00:00-04:00,30.12,30.24,-0.0,-0.12
2025-10-17 14:00:00-04:00,29.65,29.83,-0.0,-0.18
2025-10-17 15:00:00-04:00,31.78,32.0,-0.0,-0.22
2025-10-17 16:00:00-04:00,37.96,38.31,-0.0,-0.35
2025-10-17 17:00:00-04:00,51.76,52.02,-0.0,-0.26
2025-10-17 18:00:00-04:00,60.23,60.23,-0.0,0.0
2025-10-17 19:00:00-04:00,58.42,58.65,-0.0,-0.23
2025-10-17 20:00:00-04:00,46.63,46.72,-0.0,-0.09
2025-10-17 21:00:00-04:00,42.55,42.64,-0.0,-0.09
2025-10-17 22:00:00-04:00,39.48,39.52,-0.0,-0.04
2025-10-17 23:00:00-04:00,36.25,36.29,-0.0,-0.04
2025-10-18 00:00:00-04:00,37.43,37.69,-0.0,-0.26
2025-10-18 01:00:00-04:00,36.01,36.19,-0.0,-0.18
2025-10-18 02:00:00-04:00,33.03,33.26,-0.0,-0.23
2025-10-18 03:00:00-04:00,31.78,32.04,-0.0,-0.26
2025-10-18 04:00:00-04:00,32.75,32.95,-0.0,-0.2
2025-10-18 05:00:00-04:00,35.06,35.38,-0.0,-0.32
2025-10-18 06:00:00-04:00,40.94,41.27,-0.0,-0.33
2025-10-18 07:00:00-04:00,45.32,45.87,-0.0,-0.55
2025-10-18 08:00:00-04:00,42.49,42.96,-0.0,-0.47
2025-10-18 09:00:00-04:00,33.53,33.7,-0.0,-0.17
2025-10-18 10:00:00-04:00,31.26,31.45,-0.0,-0.19
2025-10-18 11:00:00-04:00,28.58,28.81,-0.0,-0.23
2025-10-18 12:00:00-04:00,27.53,27.67,-0.0,-0.14
2025-10-18 13:00:00-04:00,27.83,28.02,-0.0,-0.19
2025-10-18 14:00:00-04:00,27.59,27.84,-0.0,-0.25
2025-10-18 15:00:00-04:00,32.24,32.57,-0.0,-0.33
2025-10-18 16:00:00-04:00,38.55,39.29,-0.15,-0.59
2025-10-18 17:00:00-04:00,51.55,53.32,-1.02,-0.75
2025-10-18 18:00:00-04:00,55.54,57.31,-1.2,-0.57
2025-10-18 19:00:00-04:00,53.26,55.51,-1.53,-0.72
2025-10-18 20:00:00-04:00,40.39,42.61,-1.54,-0.68
2025-10-18 21:00:00-04:00,37.21,38.63,-0.84,-0.58
2025-10-18 22:00:00-04:00,34.18,35.12,-0.34,-0.6
2025-10-18 23:00:00-04:00,31.76,32.21,-0.0,-0.45
2025-10-19 00:00:00-04:00,36.5,36.87,-0.0,-0.37
2025-10-19 01:00:00-04:00,33.97,34.35,-0.0,-0.38
2025-10-19 02:00:00-04:00,31.91,32.33,-0.0,-0.42
2025-10-19 03:00:00-04:00,29.73,30.12,-0.0,-0.39
2025-10-19 04:00:00-04:00,29.11,29.52,-0.0,-0.41
2025-10-19 05:00:00-04:00,30.96,31.43,-0.0,-0.47
2025-10-19 06:00:00-04:00,31.88,32.33,-0.0,-0.45
2025-10-19 07:00:00-04:00,35.3,33.7,2.17,-0.57
2025-10-19 08:00:00-04:00,30.93,30.89,0.47,-0.43
2025-10-19 09:00:00-04:00,26.17,26.57,-0.0,-0.4
2025-10-19 10:00:00-04:00,25.0,25.33,-0.0,-0.33
2025-10-19 11:00:00-04:00,24.39,24.59,0.17,-0.37
2025-10-19 12:00:00-04:00,24.86,25.11,-0.0,-0.25
2025-10-19 13:00:00-04:00,26.07,26.31,-0.0,-0.24
2025-10-19 14:00:00-04:00,28.15,28.41,-0.0,-0.26
2025-10-19 15:00:00-04:00,31.42,31.74,-0.0,-0.32
2025-10-19 16:00:00-04:00,39.3,38.69,1.11,-0.5
2025-10-19 17:00:00-04:00,48.12,48.65,-0.0,-0.53
2025-10-19 18:00:00-04:00,58.56,58.91,0.12,-0.47
2025-10-19 19:00:00-04:00,56.04,55.84,0.48,-0.28
2025-10-19 20:00:00-04:00,44.33,44.52,0.12,-0.31
2025-10-19 21:00:00-04:00,39.58,39.85,0.09,-0.36
2025-10-19 22:00:00-04:00,34.81,35.2,-0.0,-0.39
2025-10-19 23:00:00-04:00,31.92,32.11,-0.0,-0.19
2025-10-20 00:00:00-04:00,32.44,32.67,-0.0,-0.23
2025-10-20 01:00:00-04:00,30.51,30.69,-0.0,-0.18
2025-10-20 02:00:00-04:00,29.87,29.93,-0.0,-0.06
2025-10-20 03:00:00-04:00,29.6,29.72,-0.0,-0.12
2025-10-20 04:00:00-04:00,29.52,29.7,-0.0,-0.18
2025-10-20 05:00:00-04:00,34.27,34.48,-0.0,-0.21
2025-10-20 06:00:00-04:00,43.77,43.99,0.04,-0.26
2025-10-20 07:00:00-04:00,54.19,54.4,0.11,-0.32
2025-10-20 08:00:00-04:00,54.72,55.16,-0.0,-0.44
2025-10-20 09:00:00-04:00,51.84,52.31,-0.0,-0.47
2025-10-20 10:00:00-04:00,50.45,51.01,-0.0,-0.56
2025-10-20 11:00:00-04:00,46.87,47.39,-0.0,-0.52
2025-10-20 12:00:00-04:00,43.89,44.38,-0.0,-0.49
2025-10-20 13:00:00-04:00,42.58,43.05,-0.0,-0.47
2025-10-20 14:00:00-04:00,41.93,42.35,-0.0,-0.42
2025-10-20 15:00:00-04:00,42.72,43.28,-0.0,-0.56
2025-10-20 16:00:00-04:00,48.4,49.09,-0.0,-0.69
2025-10-20 17:00:00-04:00,58.29,59.06,-0.0,-0.77
2025-10-20 18:00:00-04:00,67.44,67.72,0.12,-0.4
2025-10-20 19:00:00-04:00,65.95,66.09,0.12,-0.26
2025-10-20 20:00:00-04:00,51.07,51.06,0.01,0.0
2025-10-20 21:00:00-04:00,43.44,43.33,0.02,0.09
2025-10-20 22:00:00-04:00,37.45,37.49,-0.0,-0.04
2025-10-20 23:00:00-04:00,34.51,34.61,-0.0,-0.1
2025-10-21 00:00:00-04:00,32.91,32.88,-0.0,0.03
2025-10-21 01:00:00-04:00,30.34,30.25,-0.0,0.09
2025-10-21 02:00:00-04:00,30.39,30.3,-0.0,0.09
2025-10-21 03:00:00-04:00,29.19,29.16,-0.0,0.03
2025-10-21 04:00:00-04:00,30.36,30.33,-0.0,0.03
2025-10-21 05:00:00-04:00,35.62,35.48,-0.0,0.14
2025-10-21 06:00:00-04:00,52.19,52.03,-0.0,0.16
2025-10-21 07:00:00-04:00,73.27,73.17,0.32,-0.22
2025-10-21 08:00:00-04:00,52.33,52.33,-0.0,0.0
2025-10-21 09:00:00-04:00,38.98,38.9,-0.0,0.08
2025-10-21 10:00:00-04:00,35.07,35.03,-0.0,0.04
2025-10-21 11:00:00-04:00,32.29,32.26,0.06,-0.03
2025-10-21 12:00:00-04:00,34.18,34.17,0.01,0.0
2025-10-21 13:00:00-04:00,30.01,29.68,0.24,0.09
2025-10-21 14:00:00-04:00,34.87,34.97,-0.0,-0.1
2025-10-21 15:00:00-04:00,38.02,38.1,-0.0,-0.08
2025-10-21 16:00:00-04:00,46.78,47.3,-0.0,-0.52
2025-10-21 17:00:00-04:00,64.78,65.48,-0.05,-0.65
2025-10-21 18:00:00-04:00,75.41,76.38,-0.59,-0.38
2025-10-21 19:00:00-04:00,70.67,71.17,-0.22,-0.28
2025-10-21 20:00:00-04:00,54.78,54.94,-0.0,-0.16
2025-10-21 21:00:00-04:00,45.73,45.82,-0.0,-0.09
2025-10-21 22:00:00-04:00,38.74,38.89,-0.0,-0.15
2025-10-21 23:00:00-04:00,35.8,35.98,-0.0,-0.18
2025-10-22 00:00:00-04:00,37.92,38.0,-0.0,-0.08
2025-10-22 01:00:00-04:00,35.48,35.62,-0.0,-0.14
2025-10-22 02:00:00-04:00,34.61,34.75,-0.0,-0.14
2025-10-22 03:00:00-04:00,33.91,34.11,-0.0,-0.2
2025-10-22 04:00:00-04:00,34.06,34.23,-0.0,-0.17
2025-10-22 05:00:00-04:00,36.98,37.2,-0.0,-0.22
2025-10-22 06:00:00-04:00,53.76,53.87,-0.0,-0.11
2025-10-22 07:00:00-04:00,67.16,67.56,-0.0,-0.4
2025-10-22 08:00:00-04:00,60.11,66.46,-5.42,-0.93
2025-10-22 09:00:00-04:00,46.95,47.56,0.1,-0.71
2025-10-22 10:00:00-04:00,43.85,44.34,0.09,-0.58
2025-10-22 11:00:00-04:00,40.23,40.42,0.05,-0.24
2025-10-22 12:00:00-04:00,40.0,40.34,0.06,-0.4
2025-10-22 13:00:00-04:00,39.36,39.59,0.13,-0.36
2025-10-22 14:00:00-04:00,39.18,39.48,0.09,-0.39
2025-10-22 15:00:00-04:00,41.1,41.52,0.08,-0.5
2025-10-22 16:00:00-04:00,45.83,46.45,0.08,-0.7
2025-10-22 17:00:00-04:00,61.87,62.8,0.01,-0.94
2025-10-22 18:00:00-04:00,67.77,68.07,0.45,-0.75
2025-10-22 19:00:00-04:00,65.33,65.94,0.11,-0.72
2025-10-22 20:00:00-04:00,52.61,53.36,-0.0,-0.75
2025-10-22 21:00:00-04:00,46.56,47.08,-0.0,-0.52
2025-10-22 22:00:00-04:00,39.88,40.32,-0.0,-0.44
2025-10-22 23:00:00-04:00,37.75,38.17,-0.0,-0.42
2025-10-23 00:00:00-04:00,33.29,33.76,-0.0,-0.47
2025-10-23 01:00:00-04:00,32.57,32.8,-0.0,-0.23
2025-10-23 02:00:00-04:00,32.96,33.26,-0.0,-0.3
2025-10-23 03:00:00-04:00,32.37,32.66,-0.0,-0.29
2025-10-23 04:00:00-04:00,32.42,32.71,-0.0,-0.29
2025-10-23 05:00:00-04:00,35.96,36.1,-0.0,-0.14
2025-10-23 06:00:00-04:00,49.83,49.98,-0.0,-0.15
2025-10-23 07:00:00-04:00,63.84,64.16,-0.0,-0.32
2025-10-23 08:00:00-04:00,53.36,53.52,-0.0,-0.16
2025-10-23 09:00:00-04:00,43.99,44.17,-0.0,-0.18
2025-10-23 10:00:00-04:00,41.43,41.39,-0.0,0.04
2025-10-23 11:00:00-04:00,39.2,39.07,0.05,0.08
2025-10-23 12:00:00-04:00,39.62,39.52,0.02,0.08
2025-10-23 13:00:00-04:00,38.28,38.15,0.09,0.04
2025-10-23 14:00:00-04:00,37.98,38.08,0.09,-0.19
2025-10-23 15:00:00-04:00,39.7,40.08,0.02,-0.4
2025-10-23 16:00:00-04:00,47.26,47.83,-0.0,-0.57
2025-10-23 17:00:00-04:00,61.86,62.61,-0.0,-0.75
2025-10-23 18:00:00-04:00,73.76,73.82,0.16,-0.22
2025-10-23 19:00:00-04:00,74.01,74.21,0.17,-0.37
2025-10-23 20:00:00-04:00,57.95,58.27,0.03,-0.35
2025-10-23 21:00:00-04:00,49.59,49.79,-0.0,-0.2
2025-10-23 22:00:00-04:00,43.97,44.21,0.02,-0.26
2025-10-23 23:00:00-04:00,40.37,40.45,-0.0,-0.08
2025-10-24 00:00:00-04:00,38.42,38.57,-0.0,-0.15
2025-10-24 01:00:00-04:00,36.52,36.67,-0.0,-0.15
2025-10-24 02:00:00-04:00,36.45,36.56,-0.0,-0.11
2025-10-24 03:00:00-04:00,35.89,36.03,-0.0,-0.14
2025-10-24 04:00:00-04:00,36.07,36.25,-0.0,-0.18
2025-10-24 05:00:00-04:00,41.44,41.65,-0.0,-0.21
2025-10-24 06:00:00-04:00,62.39,62.36,0.09,-0.06
2025-10-24 07:00:00-04:00,82.03,82.09,0.27,-0.33
2025-10-24 08:00:00-04:00,71.14,70.9,0.31,-0.07
2025-10-24 09:00:00-04:00,50.84,50.71,0.08,0.05
2025-10-24 10:00:00-04:00,44.57,44.57,-0.0,0.0
2025-10-24 11:00:00-04:00,41.62,41.66,-0.0,-0.04
2025-10-24 12:00:00-04:00,40.67,40.67,-0.0,0.0
2025-10-24 13:00:00-04:00,41.57,41.61,-0.0,-0.04
2025-10-24 14:00:00-04:00,40.9,41.02,-0.0,-0.12
2025-10-24 15:00:00-04:00,42.66,42.7,-0.0,-0.04
2025-10-24 16:00:00-04:00,50.7,51.11,-0.0,-0.41
2025-10-24 17:00:00-04:00,63.65,63.9,-0.0,-0.25
2025-10-24 18:00:00-04:00,81.16,81.12,0.04,0.0
2025-10-24 19:00:00-04:00,71.45,71.36,-0.05,0.14
2025-10-24 20:00:00-04:00,60.78,60.9,-0.0,-0.12
2025-10-24 21:00:00-04:00,50.48,50.43,-0.0,0.05
2025-10-24 22:00:00-04:00,46.63,46.72,-0.0,-0.09
2025-10-24 23:00:00-04:00,43.88,43.97,-0.0,-0.09
2025-10-25 00:00:00-04:00,45.95,45.77,-0.0,0.18
2025-10-25 01:00:00-04:00,44.65,44.65,-0.0,0.0
2025-10-25 02:00:00-04:00,41.55,41.43,-0.0,0.12
2025-10-25 03:00:00-04:00,39.71,39.55,-0.0,0.16
2025-10-25 04:00:00-04:00,40.46,40.26,-0.0,0.2
2025-10-25 05:00:00-04:00,42.12,41.95,-0.0,0.17
2025-10-25 06:00:00-04:00,56.38,56.1,-0.0,0.28
2025-10-25 07:00:00-04:00,71.13,70.63,-0.0,0.5
2025-10-25 08:00:00-04:00,62.82,62.26,-0.0,0.56
2025-10-25 09:00:00-04:00,45.08,44.54,-0.0,0.54
2025-10-25 10:00:00-04:00,40.46,40.14,-0.0,0.32
2025-10-25 11:00:00-04:00,39.12,38.92,-0.0,0.2
2025-10-25 12:00:00-04:00,38.32,38.09,-0.0,0.23
2025-10-25 13:00:00-04:00,38.99,38.72,-0.0,0.27
2025-10-25 14:00:00-04:00,39.36,39.2,-0.0,0.16
2025-10-25 15:00:00-04:00,42.3,42.22,-0.0,0.08
2025-10-25 16:00:00-04:00,48.73,48.68,-0.0,0.05
2025-10-25 17:00:00-04:00,63.1,63.16,-0.0,-0.06
2025-10-25 18:00:00-04:00,74.23,74.05,0.11,0.07
2025-10-25 19:00:00-04:00,70.15,70.08,-0.0,0.07
2025-10-25 20:00:00-04:00,58.48,58.6,-0.0,-0.12
2025-10-25 21:00:00-04:00,51.42,51.63,-0.0,-0.21
2025-10-25 22:00:00-04:00,47.08,47.03,-0.0,0.05
2025-10-25 23:00:00-04:00,44.12,44.21,-0.0,-0.09
2025-10-26 00:00:00-04:00,47.46,47.55,-0.0,-0.09
2025-10-26 01:00:00-04:00,45.79,45.93,-0.0,-0.14
2025-10-26 02:00:00-04:00,43.76,43.89,-0.0,-0.13
2025-10-26 03:00:00-04:00,41.51,41.59,-0.0,-0.08
2025-10-26 04:00:00-04:00,41.26,41.34,-0.0,-0.08
2025-10-26 05:00:00-04:00,42.79,42.88,-0.0,-0.09
2025-10-26 06:00:00-04:00,48.96,48.96,-0.0,0.0
2025-10-26 07:00:00-04:00,58.67,58.44,-0.0,0.23
2025-10-26 08:00:00-04:00,56.63,56.4,-0.0,0.23
2025-10-26 09:00:00-04:00,47.3,47.16,-0.0,0.14
2025-10-26 10:00:00-04:00,44.83,44.79,-0.0,0.04
2025-10-26 11:00:00-04:00,41.68,41.76,-0.0,-0.08
2025-10-26 12:00:00-04:00,40.41,40.53,-0.0,-0.12
2025-10-26 13:00:00-04:00,40.25,40.37,-0.0,-0.12
2025-10-26 14:00:00-04:00,41.95,42.08,-0.0,-0.13
2025-10-26 15:00:00-04:00,43.5,43.72,-0.0,-0.22
2025-10-26 16:00:00-04:00,52.12,52.54,-0.0,-0.42
2025-10-26 17:00:00-04:00,64.84,65.03,-0.0,-0.19
2025-10-26 18:00:00-04:00,80.94,80.8,0.3,-0.16
2025-10-26 19:00:00-04:00,78.33,78.26,0.23,-0.16
2025-10-26 20:00:00-04:00,62.7,63.08,-0.0,-0.38
2025-10-26 21:00:00-04:00,56.57,56.8,-0.0,-0.23
2025-10-26 22:00:00-04:00,51.95,52.16,-0.0,-0.21
2025-10-26 23:00:00-04:00,47.29,47.48,-0.0,-0.19
2025-10-27 00:00:00-04:00,44.7,44.88,-0.0,-0.18
2025-10-27 01:00:00-04:00,43.78,43.96,-0.0,-0.18
2025-10-27 02:00:00-04:00,41.93,42.01,-0.0,-0.08
2025-10-27 03:00:00-04:00,41.08,41.24,-0.0,-0.16
2025-10-27 04:00:00-04:00,42.91,43.04,-0.0,-0.13
2025-10-27 05:00:00-04:00,46.42,46.51,-0.0,-0.09
2025-10-27 06:00:00-04:00,72.09,72.59,-0.0,-0.5
2025-10-27 07:00:00-04:00,95.53,96.2,-0.0,-0.67
2025-10-27 08:00:00-04:00,78.6,80.05,-0.01,-1.44
2025-10-27 09:00:00-04:00,52.18,53.03,-0.0,-0.85
2025-10-27 10:00:00-04:00,45.69,46.29,-0.0,-0.6
2025-10-27 11:00:00-04:00,43.84,44.6,-0.0,-0.76
2025-10-27 12:00:00-04:00,43.07,43.91,-0.0,-0.84
2025-10-27 13:00:00-04:00,43.68,44.48,-0.0,-0.8
2025-10-27 14:00:00-04:00,43.73,44.62,-0.0,-0.89
2025-10-27 15:00:00-04:00,47.92,49.05,-0.0,-1.13
2025-10-27 16:00:00-04:00,55.54,56.8,-0.01,-1.25
2025-10-27 17:00:00-04:00,75.65,78.5,-1.36,-1.49
2025-10-27 18:00:00-04:00,91.16,94.91,-2.33,-1.42
2025-10-27 19:00:00-04:00,86.62,90.23,-2.16,-1.45
2025-10-27 20:00:00-04:00,69.48,71.21,-0.52,-1.21
2025-10-27 21:00:00-04:00,55.63,56.72,-0.01,-1.08
2025-10-27 22:00:00-04:00,51.3,52.41,-0.01,-1.1
2025-10-27 23:00:00-04:00,48.01,48.84,-0.0,-0.83
2025-10-28 00:00:00-04:00,46.01,46.47,-0.0,-0.46
2025-10-28 01:00:00-04:00,42.9,43.33,-0.0,-0.43
2025-10-28 02:00:00-04:00,39.98,40.34,-0.0,-0.36
2025-10-28 03:00:00-04:00,39.83,40.15,-0.0,-0.32
2025-10-28 04:00:00-04:00,40.88,41.29,-0.0,-0.41
2025-10-28 05:00:00-04:00,47.85,48.43,-0.0,-0.58
2025-10-28 06:00:00-04:00,70.64,71.64,-0.0,-1.0
2025-10-28 07:00:00-04:00,94.27,95.19,0.03,-0.95
2025-10-28 08:00:00-04:00,78.0,78.94,-0.0,-0.94
2025-10-28 09:00:00-04:00,47.9,48.68,-0.0,-0.78
2025-10-28 10:00:00-04:00,41.42,42.05,-0.0,-0.63
2025-10-28 11:00:00-04:00,38.73,39.44,-0.0,-0.71
2025-10-28 12:00:00-04:00,36.96,37.64,-0.0,-0.68
2025-10-28 13:00:00-04:00,37.41,38.09,-0.0,-0.68
2025-10-28 14:00:00-04:00,37.64,38.52,-0.0,-0.88
2025-10-28 15:00:00-04:00,41.22,42.02,-0.0,-0.8
2025-10-28 16:00:00-04:00,50.16,51.35,-0.01,-1.18
2025-10-28 17:00:00-04:00,69.11,70.61,-0.01,-1.49
2025-10-28 18:00:00-04:00,84.68,87.67,-1.5,-1.49
2025-10-28 19:00:00-04:00,80.91,81.57,-0.0,-0.66
2025-10-28 20:00:00-04:00,61.94,63.39,-0.31,-1.14
2025-10-28 21:00:00-04:00,52.19,53.16,-0.01,-0.96
2025-10-28 22:00:00-04:00,46.48,47.28,-0.0,-0.8
2025-10-28 23:00:00-04:00,43.64,44.22,-0.0,-0.58
2025-10-29 00:00:00-04:00,42.07,42.63,-0.0,-0.56
2025-10-29 01:00:00-04:00,40.81,41.43,-0.0,-0.62
2025-10-29 02:00:00-04:00,39.64,40.12,-0.0,-0.48
2025-10-29 03:00:00-04:00,39.15,39.62,-0.0,-0.47
2025-10-29 04:00:00-04:00,39.73,40.21,-0.0,-0.48
2025-10-29 05:00:00-04:00,43.28,43.63,-0.0,-0.35
2025-10-29 06:00:00-04:00,61.62,62.43,-0.0,-0.81
2025-10-29 07:00:00-04:00,88.12,89.01,-0.0,-0.89
2025-10-29 08:00:00-04:00,76.32,77.09,-0.0,-0.77
2025-10-29 09:00:00-04:00,50.98,51.75,-0.0,-0.77
2025-10-29 10:00:00-04:00,44.51,45.48,-0.01,-0.96
2025-10-29 11:00:00-04:00,43.24,44.27,-0.01,-1.02
2025-10-29 12:00:00-04:00,42.06,43.06,-0.01,-0.99
2025-10-29 13:00:00-04:00,41.5,42.4,-0.01,-0.89
2025-10-29 14:00:00-04:00,41.82,42.77,-0.01,-0.94
2025-10-29 15:00:00-04:00,43.86,44.95,-0.01,-1.08
2025-10-29 16:00:00-04:00,52.18,53.38,-0.03,-1.17
2025-10-29 17:00:00-04:00,65.89,67.18,-0.01,-1.28
2025-10-29 18:00:00-04:00,82.74,85.34,-1.23,-1.37
2025-10-29 19:00:00-04:00,74.36,75.43,-0.01,-1.06
2025-10-29 20:00:00-04:00,58.34,59.26,0.03,-0.95
2025-10-29 21:00:00-04:00,50.4,51.15,0.22,-0.97
2025-10-29 22:00:00-04:00,44.37,45.29,-0.01,-0.91
2025-10-29 23:00:00-04:00,42.58,43.27,-0.0,-0.69
2025-10-30 00:00:00-04:00,39.62,40.1,-0.0,-0.48
2025-10-30 01:00:00-04:00,38.08,38.27,-0.0,-0.19
2025-10-30 02:00:00-04:00,37.24,37.46,-0.0,-0.22
2025-10-30 03:00:00-04:00,36.85,37.07,-0.0,-0.22
2025-10-30 04:00:00-04:00,37.58,37.92,-0.0,-0.34
2025-10-30 05:00:00-04:00,40.34,40.75,-0.0,-0.41
2025-10-30 06:00:00-04:00,53.37,53.91,-0.0,-0.54
2025-10-30 07:00:00-04:00,63.25,64.08,-0.0,-0.83
2025-10-30 08:00:00-04:00,70.84,71.64,-0.01,-0.79
2025-10-30 09:00:00-04:00,60.27,61.14,-0.01,-0.86
2025-10-30 10:00:00-04:00,61.45,62.33,-0.01,-0.87
2025-10-30 11:00:00-04:00,59.09,59.94,-0.01,-0.84
2025-10-30 12:00:00-04:00,56.58,57.57,-0.01,-0.98
2025-10-30 13:00:00-04:00,56.52,57.39,-0.01,-0.86
2025-10-30 14:00:00-04:00,53.31,54.13,-0.01,-0.81
2025-10-30 15:00:00-04:00,56.61,57.54,-0.01,-0.92
2025-10-30 16:00:00-04:00,58.78,59.55,0.12,-0.89
2025-10-30 17:00:00-04:00,66.92,67.27,0.66,-1.01
2025-10-30 18:00:00-04:00,73.07,73.88,-0.0,-0.81
2025-10-30 19:00:00-04:00,66.63,67.31,-0.01,-0.67
2025-10-30 20:00:00-04:00,58.82,59.07,0.52,-0.77
2025-10-30 21:00:00-04:00,49.58,50.34,-0.01,-0.75
2025-10-30 22:00:00-04:00,44.02,44.6,-0.0,-0.58
2025-10-30 23:00:00-04:00,41.0,41.33,-0.0,-0.33
2025-10-31 00:00:00-04:00,39.98,40.3,-0.0,-0.32
2025-10-31 01:00:00-04:00,36.76,37.09,-0.0,-0.33
2025-10-31 02:00:00-04:00,36.34,36.67,-0.0,-0.33
2025-10-31 03:00:00-04:00,35.1,35.52,-0.0,-0.42
2025-10-31 04:00:00-04:00,35.48,35.98,-0.0,-0.5
2025-10-31 05:00:00-04:00,37.51,38.12,-0.0,-0.61
2025-10-31 06:00:00-04:00,47.95,48.77,0.01,-0.83
2025-10-31 07:00:00-04:00,58.61,59.07,0.31,-0.77
2025-10-31 08:00:00-04:00,65.24,63.03,2.96,-0.75
2025-10-31 09:00:00-04:00,51.98,51.6,1.05,-0.67
2025-10-31 10:00:00-04:00,50.42,49.14,1.92,-0.64
2025-10-31 11:00:00-04:00,50.23,48.19,2.67,-0.63
2025-10-31 12:00:00-04:00,48.21,46.24,2.52,-0.55
2025-10-31 13:00:00-04:00,49.44,47.01,2.9,-0.47
2025-10-31 14:00:00-04:00,47.62,45.59,2.67,-0.64
2025-10-31 15:00:00-04:00,50.17,48.07,2.77,-0.67
2025-10-31 16:00:00-04:00,53.73,52.69,1.73,-0.69
2025-10-31 17:00:00-04:00,56.56,54.67,2.6,-0.71
2025-10-31 18:00:00-04:00,61.98,60.55,2.15,-0.72
2025-10-31 19:00:00-04:00,58.35,55.25,3.65,-0.55
2025-10-31 20:00:00-04:00,51.37,48.66,3.24,-0.53
2025-10-31 21:00:00-04:00,44.63,42.69,2.54,-0.6
2025-10-31 22:00:00-04:00,40.53,41.19,-0.0,-0.66
2025-10-31 23:00:00-04:00,38.23,38.73,-0.0,-0.5
2025-11-01 00:00:00-04:00,39.59,40.27,-0.0,-0.68
2025-11-01 01:00:00-04:00,38.02,38.29,-0.0,-0.27
2025-11-01 02:00:00-04:00,36.36,36.47,-0.0,-0.11
2025-11-01 03:00:00-04:00,36.26,36.41,-0.0,-0.15
2025-11-01 04:00:00-04:00,36.74,36.85,-0.0,-0.11
2025-11-01 05:00:00-04:00,37.66,37.74,-0.0,-0.08
2025-11-01 06:00:00-04:00,44.87,44.96,-0.0,-0.09
2025-11-01 07:00:00-04:00,51.57,51.93,-0.0,-0.36
2025-11-01 08:00:00-04:00,52.69,52.95,-0.0,-0.26
2025-11-01 09:00:00-04:00,42.07,42.15,-0.0,-0.08
2025-11-01 10:00:00-04:00,37.99,38.18,-0.0,-0.19
2025-11-01 11:00:00-04:00,36.83,37.09,-0.0,-0.26
2025-11-01 12:00:00-04:00,35.04,35.25,-0.0,-0.21
2025-11-01 13:00:00-04:00,34.9,35.07,-0.0,-0.17
2025-11-01 14:00:00-04:00,34.72,35.04,-0.0,-0.32
2025-11-01 15:00:00-04:00,35.87,36.16,-0.0,-0.29
2025-11-01 16:00:00-04:00,43.19,43.76,-0.0,-0.57
2025-11-01 17:00:00-04:00,58.94,59.65,-0.0,-0.71
2025-11-01 18:00:00-04:00,69.7,70.12,-0.0,-0.42
2025-11-01 19:00:00-04:00,64.15,64.6,-0.0,-0.45
2025-11-01 20:00:00-04:00,56.97,57.49,-0.0,-0.52
2025-11-01 21:00:00-04:00,50.81,51.17,-0.0,-0.36
2025-11-01 22:00:00-04:00,48.97,48.92,-0.0,0.05
2025-11-01 23:00:00-04:00,44.51,44.33,-0.0,0.18
2025-11-02 00:00:00-04:00,48.16,48.6,-0.0,-0.44
2025-11-02 01:00:00-04:00,51.34,51.44,-0.0,-0.1
2025-11-02 01:00:00-05:00,49.79,50.09,-0.0,-0.3
2025-11-02 02:00:00-05:00,41.5,41.62,-0.0,-0.12
2025-11-02 03:00:00-05:00,39.39,39.55,-0.0,-0.16
2025-11-02 04:00:00-05:00,38.21,38.17,-0.0,0.04
2025-11-02 05:00:00-05:00,40.93,41.13,-0.0,-0.2
2025-11-02 06:00:00-05:00,47.87,48.16,-0.0,-0.29
2025-11-02 07:00:00-05:00,49.44,49.99,-0.0,-0.55
2025-11-02 08:00:00-05:00,44.28,44.86,-0.0,-0.58
2025-11-02 09:00:00-05:00,36.71,37.12,-0.0,-0.41
2025-11-02 10:00:00-05:00,32.32,32.58,-0.0,-0.26
2025-11-02 11:00:00-05:00,32.37,32.66,-0.0,-0.29
2025-11-02 12:00:00-05:00,33.37,33.71,-0.0,-0.34
2025-11-02 13:00:00-05:00,33.83,34.24,-0.0,-0.41
2025-11-02 14:00:00-05:00,35.21,35.75,-0.0,-0.54
2025-11-02 15:00:00-05:00,40.99,41.83,-0.0,-0.84
2025-11-02 16:00:00-05:00,54.97,55.75,-0.0,-0.78
2025-11-02 17:00:00-05:00,71.01,71.44,-0.0,-0.43
2025-11-02 18:00:00-05:00,72.48,72.77,-0.0,-0.29
2025-11-02 19:00:00-05:00,64.87,65.46,-0.0,-0.59
2025-11-02 20:00:00-05:00,57.07,57.76,-0.0,-0.69
2025-11-02 21:00:00-05:00,51.49,52.49,-0.0,-1.0
2025-11-02 22:00:00-05:00,46.48,47.04,-0.0,-0.56
2025-11-02 23:00:00-05:00,43.0,43.39,-0.0,-0.39
2025-11-03 00:00:00-05:00,42.65,43.61,-0.0,-0.96
2025-11-03 01:00:00-05:00,37.27,38.07,-0.0,-0.8
2025-11-03 02:00:00-05:00,35.87,36.64,-0.0,-0.77
2025-11-03 03:00:00-05:00,35.26,36.09,-0.0,-0.83
2025-11-03 04:00:00-05:00,35.31,36.07,-0.0,-0.76
2025-11-03 05:00:00-05:00,41.72,42.75,-0.0,-1.03
2025-11-03 06:00:00-05:00,58.86,60.06,-0.0,-1.2
2025-11-03 07:00:00-05:00,62.92,64.4,-0.0,-1.48
2025-11-03 08:00:00-05:00,55.37,56.91,-0.01,-1.53
2025-11-03 09:00:00-05:00,45.8,47.13,-0.01,-1.32
2025-11-03 10:00:00-05:00,43.38,44.69,-0.01,-1.3
2025-11-03 11:00:00-05:00,43.41,44.67,-0.01,-1.25
2025-11-03 12:00:00-05:00,44.06,45.29,-0.01,-1.22
2025-11-03 13:00:00-05:00,47.08,48.35,-0.01,-1.26
2025-11-03 14:00:00-05:00,49.98,51.37,-0.01,-1.38
2025-11-03 15:00:00-05:00,53.12,54.86,-0.31,-1.43
2025-11-03 16:00:00-05:00,67.27,68.9,-0.05,-1.58
2025-11-03 17:00:00-05:00,79.14,80.85,-0.01,-1.7
2025-11-03 18:00:00-05:00,75.6,77.08,-0.01,-1.47
2025-11-03 19:00:00-05:00,66.58,67.95,-0.01,-1.36
2025-11-03 20:00:00-05:00,57.45,58.3,0.38,-1.23
2025-11-03 21:00:00-05:00,49.52,50.41,0.37,-1.26
2025-11-03 22:00:00-05:00,43.03,43.99,0.23,-1.19
2025-11-03 23:00:00-05:00,40.22,41.17,-0.0,-0.95
2025-11-04 00:00:00-05:00,37.48,38.21,-0.0,-0.73
2025-11-04 01:00:00-05:00,34.75,35.42,-0.0,-0.67
2025-11-04 02:00:00-05:00,34.04,34.7,-0.0,-0.66
2025-11-04 03:00:00-05:00,33.59,34.17,-0.0,-0.58
2025-11-04 04:00:00-05:00,35.1,35.67,-0.0,-0.57
2025-11-04 05:00:00-05:00,38.86,39.41,-0.0,-0.55
2025-11-04 06:00:00-05:00,55.66,56.8,-0.0,-1.14
2025-11-04 07:00:00-05:00,64.37,65.75,-0.0,-1.38
2025-11-04 08:00:00-05:00,44.34,45.52,-0.0,-1.18
2025-11-04 09:00:00-05:00,37.5,38.38,-0.0,-0.88
2025-11-04 10:00:00-05:00,33.69,34.52,-0.0,-0.83
2025-11-04 11:00:00-05:00,33.18,34.0,-0.0,-0.82
2025-11-04 12:00:00-05:00,33.0,33.84,-0.0,-0.84
2025-11-04 13:00:00-05:00,34.5,35.35,-0.0,-0.85
2025-11-04 14:00:00-05:00,37.59,38.63,-0.0,-1.04
2025-11-04 15:00:00-05:00,44.38,45.62,-0.01,-1.23
2025-11-04 16:00:00-05:00,62.47,64.21,-0.01,-1.73
2025-11-04 17:00:00-05:00,85.22,87.33,-0.01,-2.1
2025-11-04 18:00:00-05:00,79.61,81.23,-0.0,-1.62
2025-11-04 19:00:00-05:00,66.06,67.75,-0.0,-1.69
2025-11-04 20:00:00-05:00,57.62,59.29,-0.01,-1.66
2025-11-04 21:00:00-05:00,50.29,51.68,-0.0,-1.39
2025-11-04 22:00:00-05:00,45.58,47.05,-0.01,-1.46
2025-11-04 23:00:00-05:00,42.28,43.59,-0.0,-1.31
2025-11-05 00:00:00-05:00,41.05,41.72,-0.0,-0.67
2025-11-05 01:00:00-05:00,37.56,38.17,-0.0,-0.61
2025-11-05 02:00:00-05:00,37.5,38.15,-0.0,-0.65
2025-11-05 03:00:00-05:00,36.4,36.99,-0.0,-0.59
2025-11-05 04:00:00-05:00,38.2,38.94,-0.0,-0.74
2025-11-05 05:00:00-05:00,44.5,45.73,-0.0,-1.23
2025-11-05 06:00:00-05:00,56.59,58.34,-0.0,-1.75
2025-11-05 07:00:00-05:00,64.94,66.88,-0.0,-1.94
2025-11-05 08:00:00-05:00,55.34,56.99,-0.0,-1.65
2025-11-05 09:00:00-05:00,46.87,48.43,-0.01,-1.55
2025-11-05 10:00:00-05:00,42.34,43.89,-0.01,-1.54
2025-11-05 11:00:00-05:00,42.66,44.26,-0.01,-1.59
2025-11-05 12:00:00-05:00,41.37,42.84,-0.01,-1.46
2025-11-05 13:00:00-05:00,42.65,44.16,-0.01,-1.5
2025-11-05 14:00:00-05:00,45.9,47.62,-0.15,-1.57
2025-11-05 15:00:00-05:00,51.03,53.9,-1.09,-1.78
2025-11-05 16:00:00-05:00,65.46,67.64,-0.01,-2.17
2025-11-05 17:00:00-05:00,75.29,77.47,-0.01,-2.17
2025-11-05 18:00:00-05:00,65.65,67.41,-0.01,-1.75
2025-11-05 19:00:00-05:00,55.39,56.93,-0.01,-1.53
2025-11-05 20:00:00-05:00,50.46,52.09,-0.01,-1.62
2025-11-05 21:00:00-05:00,45.46,46.88,-0.01,-1.41
2025-11-05 22:00:00-05:00,41.46,42.8,-0.01,-1.33
2025-11-05 23:00:00-05:00,36.76,37.86,-0.0,-1.1
2025-11-06 00:00:00-05:00,36.15,36.85,-0.0,-0.7
2025-11-06 01:00:00-05:00,33.35,34.03,-0.0,-0.68
2025-11-06 02:00:00-05:00,33.26,33.84,-0.0,-0.58
2025-11-06 03:00:00-05:00,33.08,33.69,-0.0,-0.61
2025-11-06 04:00:00-05:00,34.57,34.99,-0.0,-0.42
2025-11-06 05:00:00-05:00,39.2,39.88,-0.0,-0.68
2025-11-06 06:00:00-05:00,55.63,56.88,-0.0,-1.25
2025-11-06 07:00:00-05:00,63.76,65.0,-0.0,-1.24
2025-11-06 08:00:00-05:00,50.64,51.47,-0.0,-0.83
2025-11-06 09:00:00-05:00,40.87,41.41,-0.0,-0.54
2025-11-06 10:00:00-05:00,38.74,39.09,-0.0,-0.35
2025-11-06 11:00:00-05:00,36.47,36.65,-0.0,-0.18
2025-11-06 12:00:00-05:00,38.3,38.84,-0.0,-0.54
2025-11-06 13:00:00-05:00,38.32,38.86,-0.0,-0.54
2025-11-06 14:00:00-05:00,40.72,41.42,-0.0,-0.7
2025-11-06 15:00:00-05:00,48.73,49.78,-0.0,-1.05
2025-11-06 16:00:00-05:00,69.12,70.46,-0.0,-1.34
2025-11-06 17:00:00-05:00,83.52,85.14,-0.0,-1.62
2025-11-06 18:00:00-05:00,80.51,81.98,-0.0,-1.47
2025-11-06 19:00:00-05:00,68.84,69.82,-0.0,-0.98
2025-11-06 20:00:00-05:00,58.22,59.23,-0.0,-1.01
2025-11-06 21:00:00-05:00,50.66,51.49,-0.0,-0.83
2025-11-06 22:00:00-05:00,44.98,45.62,-0.0,-0.64
2025-11-06 23:00:00-05:00,43.3,43.91,-0.0,-0.61
2025-11-07 00:00:00-05:00,42.4,43.18,-0.0,-0.78
2025-11-07 01:00:00-05:00,39.01,39.85,-0.0,-0.84
2025-11-07 02:00:00-05:00,38.87,39.78,-0.0,-0.91
2025-11-07 03:00:00-05:00,37.82,38.71,-0.0,-0.89
2025-11-07 04:00:00-05:00,37.46,38.38,-0.0,-0.92
2025-11-07 05:00:00-05:00,42.72,44.18,-0.0,-1.46
2025-11-07 06:00:00-05:00,57.97,59.84,-0.01,-1.86
2025-11-07 07:00:00-05:00,66.57,68.56,-0.0,-1.99
2025-11-07 08:00:00-05:00,53.86,55.35,-0.0,-1.49
2025-11-07 09:00:00-05:00,47.3,48.76,-0.0,-1.46
2025-11-07 10:00:00-05:00,43.01,44.43,-0.0,-1.42
2025-11-07 11:00:00-05:00,42.13,43.39,-0.0,-1.26
2025-11-07 12:00:00-05:00,41.19,42.51,-0.0,-1.32
2025-11-07 13:00:00-05:00,43.23,44.52,-0.0,-1.29
2025-11-07 14:00:00-05:00,47.05,48.46,-0.0,-1.41
2025-11-07 15:00:00-05:00,51.54,53.02,-0.0,-1.48
2025-11-07 16:00:00-05:00,54.36,55.7,-0.0,-1.34
2025-11-07 17:00:00-05:00,70.29,71.94,-0.0,-1.65
2025-11-07 18:00:00-05:00,61.65,63.04,-0.0,-1.39
2025-11-07 19:00:00-05:00,54.76,55.94,-0.0,-1.18
2025-11-07 20:00:00-05:00,50.55,51.74,-0.0,-1.19
2025-11-07 21:00:00-05:00,43.98,45.11,-0.0,-1.13
2025-11-07 22:00:00-05:00,40.22,41.33,-0.0,-1.11
2025-11-07 23:00:00-05:00,39.13,40.17,-0.0,-1.04
2025-11-08 00:00:00-05:00,38.09,38.79,-0.0,-0.7
2025-11-08 01:00:00-05:00,35.25,35.75,-0.0,-0.5
2025-11-08 02:00:00-05:00,34.45,34.9,-0.0,-0.45
2025-11-08 03:00:00-05:00,33.75,34.09,-0.0,-0.34
2025-11-08 04:00:00-05:00,34.66,34.98,-0.0,-0.32
2025-11-08 05:00:00-05:00,37.81,38.15,-0.0,-0.34
2025-11-08 06:00:00-05:00,44.31,44.94,-0.0,-0.63
2025-11-08 07:00:00-05:00,45.15,45.98,-0.0,-0.83
2025-11-08 08:00:00-05:00,43.81,44.39,-0.0,-0.58
2025-11-08 09:00:00-05:00,38.63,39.06,-0.0,-0.43
2025-11-08 10:00:00-05:00,37.33,37.67,-0.0,-0.34
2025-11-08 11:00:00-05:00,36.03,36.25,-0.0,-0.22
2025-11-08 12:00:00-05:00,35.16,35.37,-0.0,-0.21
2025-11-08 13:00:00-05:00,36.24,36.61,-0.0,-0.37
2025-11-08 14:00:00-05:00,36.93,37.3,-0.0,-0.37
2025-11-08 15:00:00-05:00,46.11,46.62,-0.0,-0.51
2025-11-08 16:00:00-05:00,56.67,57.94,-0.0,-1.27
2025-11-08 17:00:00-05:00,73.22,74.26,-0.0,-1.04
2025-11-08 18:00:00-05:00,69.06,70.11,-0.0,-1.05
2025-11-08 19:00:00-05:00,63.7,64.94,-0.0,-1.24
2025-11-08 20:00:00-05:00,53.69,54.79,-0.0,-1.1
2025-11-08 21:00:00-05:00,46.78,47.59,-0.0,-0.81
2025-11-08 22:00:00-05:00,41.93,42.66,-0.0,-0.73
2025-11-08 23:00:00-05:00,40.22,40.96,-0.0,-0.74
2025-11-09 00:00:00-05:00,47.75,48.48,-0.0,-0.73
2025-11-09 01:00:00-05:00,44.76,45.35,-0.0,-0.59
2025-11-09 02:00:00-05:00,40.4,40.97,-0.0,-0.57
2025-11-09 03:00:00-05:00,39.04,39.47,-0.0,-0.43
2025-11-09 04:00:00-05:00,38.12,38.54,-0.0,-0.42
2025-11-09 05:00:00-05:00,41.11,41.78,-0.0,-0.67
2025-11-09 06:00:00-05:00,46.71,47.37,-0.0,-0.66
2025-11-09 07:00:00-05:00,47.75,48.68,-0.0,-0.93
2025-11-09 08:00:00-05:00,41.96,42.99,-0.0,-1.03
2025-11-09 09:00:00-05:00,47.46,48.77,-0.0,-1.31
2025-11-09 10:00:00-05:00,48.31,49.45,-0.0,-1.14
2025-11-09 11:00:00-05:00,46.95,48.3,-0.0,-1.35
2025-11-09 12:00:00-05:00,49.48,50.97,-0.01,-1.48
2025-11-09 13:00:00-05:00,51.76,53.37,-0.01,-1.6
2025-11-09 14:00:00-05:00,53.39,55.0,-0.01,-1.6
2025-11-09 15:00:00-05:00,57.06,58.64,-0.0,-1.58
2025-11-09 16:00:00-05:00,59.53,61.24,-0.0,-1.71
2025-11-09 17:00:00-05:00,76.95,78.52,-0.0,-1.57
2025-11-09 18:00:00-05:00,74.87,76.71,-0.0,-1.84
2025-11-09 19:00:00-05:00,63.62,65.05,-0.0,-1.43
2025-11-09 20:00:00-05:00,56.62,57.84,-0.0,-1.22
2025-11-09 21:00:00-05:00,48.81,49.45,-0.0,-0.64
2025-11-09 22:00:00-05:00,43.7,44.19,-0.0,-0.49
2025-11-09 23:00:00-05:00,40.61,40.89,-0.0,-0.28
2025-11-10 00:00:00-05:00,43.58,43.89,-0.0,-0.31
2025-11-10 01:00:00-05:00,39.55,39.95,-0.0,-0.4
2025-11-10 02:00:00-05:00,38.86,39.13,-0.0,-0.27
2025-11-10 03:00:00-05:00,37.21,37.55,-0.0,-0.34
2025-11-10 04:00:00-05:00,38.11,38.34,-0.0,-0.23
2025-11-10 05:00:00-05:00,44.16,44.42,-0.0,-0.26
2025-11-10 06:00:00-05:00,57.21,57.79,-0.0,-0.58
2025-11-10 07:00:00-05:00,66.98,67.45,-0.0,-0.47
2025-11-10 08:00:00-05:00,61.36,61.92,-0.0,-0.56
2025-11-10 09:00:00-05:00,59.0,59.65,-0.0,-0.65
2025-11-10 10:00:00-05:00,57.84,58.6,-0.0,-0.76
2025-11-10 11:00:00-05:00,57.45,58.09,-0.0,-0.64
2025-11-10 12:00:00-05:00,57.22,57.98,-0.0,-0.76
2025-11-10 13:00:00-05:00,59.29,60.19,-0.0,-0.9
2025-11-10 14:00:00-05:00,58.39,59.4,-0.0,-1.01
2025-11-10 15:00:00-05:00,65.58,66.99,-0.0,-1.41
2025-11-10 16:00:00-05:00,82.33,84.01,-0.0,-1.68
2025-11-10 17:00:00-05:00,103.95,105.0,-0.0,-1.05
2025-11-10 18:00:00-05:00,92.0,93.31,-0.0,-1.31
2025-11-10 19:00:00-05:00,80.23,81.29,-0.0,-1.06
2025-11-10 20:00:00-05:00,66.37,67.17,-0.0,-0.8
2025-11-10 21:00:00-05:00,59.91,60.57,-0.0,-0.66
2025-11-10 22:00:00-05:00,51.23,51.85,-0.0,-0.62
2025-11-10 23:00:00-05:00,48.95,49.35,-0.0,-0.4
2025-11-11 00:00:00-05:00,45.59,46.0,-0.0,-0.41
2025-11-11 01:00:00-05:00,44.75,45.25,-0.0,-0.5
2025-11-11 02:00:00-05:00,41.95,42.46,-0.0,-0.51
2025-11-11 03:00:00-05:00,41.55,42.05,-0.0,-0.5
2025-11-11 04:00:00-05:00,43.83,44.63,-0.0,-0.8
2025-11-11 05:00:00-05:00,48.12,49.1,-0.0,-0.98
2025-11-11 06:00:00-05:00,63.62,64.99,-0.0,-1.37
2025-11-11 07:00:00-05:00,73.33,75.06,-0.01,-1.72
2025-11-11 08:00:00-05:00,62.29,63.63,-0.0,-1.34
2025-11-11 09:00:00-05:00,58.76,59.96,-0.0,-1.2
2025-11-11 10:00:00-05:00,58.75,60.01,-0.0,-1.26
2025-11-11 11:00:00-05:00,55.91,57.29,-0.0,-1.38
2025-11-11 12:00:00-05:00,54.58,55.93,-0.01,-1.34
2025-11-11 13:00:00-05:00,54.86,56.33,-0.01,-1.46
2025-11-11 14:00:00-05:00,55.43,56.86,-0.01,-1.42
2025-11-11 15:00:00-05:00,59.75,61.23,-0.01,-1.47
2025-11-11 16:00:00-05:00,79.1,80.97,-0.01,-1.86
2025-11-11 17:00:00-05:00,104.61,106.87,-0.01,-2.25
2025-11-11 18:00:00-05:00,91.89,93.97,-0.01,-2.07
2025-11-11 19:00:00-05:00,82.92,84.61,-0.0,-1.69
2025-11-11 20:00:00-05:00,67.66,69.19,-0.01,-1.52
2025-11-11 21:00:00-05:00,60.36,61.98,-0.01,-1.61
2025-11-11 22:00:00-05:00,52.58,53.76,-0.0,-1.18
2025-11-11 23:00:00-05:00,48.67,49.72,-0.0,-1.05
2025-11-12 00:00:00-05:00,46.56,47.65,-0.0,-1.09
2025-11-12 01:00:00-05:00,42.9,43.96,-0.0,-1.06
2025-11-12 02:00:00-05:00,41.67,42.78,-0.0,-1.11
2025-11-12 03:00:00-05:00,41.3,42.49,-0.0,-1.19
2025-11-12 04:00:00-05:00,41.95,43.11,-0.0,-1.16
2025-11-12 05:00:00-05:00,45.17,46.47,-0.0,-1.3
2025-11-12 06:00:00-05:00,66.47,67.97,-0.0,-1.5
2025-11-12 07:00:00-05:00,84.51,86.23,-0.0,-1.72
2025-11-12 08:00:00-05:00,75.96,77.67,-0.0,-1.71
2025-11-12 09:00:00-05:00,65.99,67.47,-0.0,-1.48
2025-11-12 10:00:00-05:00,62.32,63.66,-0.0,-1.34
2025-11-12 11:00:00-05:00,60.55,62.17,-0.0,-1.62
2025-11-12 12:00:00-05:00,58.87,60.44,-0.0,-1.57
2025-11-12 13:00:00-05:00,60.0,61.85,-0.0,-1.85
2025-11-12 14:00:00-05:00,60.23,62.09,-0.0,-1.86
2025-11-12 15:00:00-05:00,63.07,64.68,-0.0,-1.61
2025-11-12 16:00:00-05:00,71.2,73.1,-0.0,-1.9
2025-11-12 17:00:00-05:00,83.31,85.1,-0.0,-1.79
2025-11-12 18:00:00-05:00,78.88,80.24,-0.0,-1.36
2025-11-12 19:00:00-05:00,71.56,72.95,-0.0,-1.39
2025-11-12 20:00:00-05:00,62.61,64.02,-0.0,-1.41
2025-11-12 21:00:00-05:00,55.94,57.49,-0.0,-1.55
2025-11-12 22:00:00-05:00,49.54,50.91,-0.0,-1.37
2025-11-12 23:00:00-05:00,44.57,45.71,-0.0,-1.14
2025-11-13 00:00:00-05:00,43.1,44.11,-0.0,-1.01
2025-11-13 01:00:00-05:00,42.08,43.25,-0.0,-1.17
2025-11-13 02:00:00-05:00,40.16,41.19,-0.0,-1.03
2025-11-13 03:00:00-05:00,40.11,41.18,-0.0,-1.07
2025-11-13 04:00:00-05:00,39.98,41.05,-0.0,-1.07
2025-11-13 05:00:00-05:00,42.25,43.33,-0.0,-1.08
2025-11-13 06:00:00-05:00,61.5,63.01,-0.0,-1.51
2025-11-13 07:00:00-05:00,74.29,75.89,-0.0,-1.6
2025-11-13 08:00:00-05:00,59.87,61.59,-0.0,-1.72
2025-11-13 09:00:00-05:00,54.79,56.37,-0.0,-1.58
2025-11-13 10:00:00-05:00,51.35,53.05,-0.0,-1.7
2025-11-13 11:00:00-05:00,49.59,51.23,-0.0,-1.64
2025-11-13 12:00:00-05:00,49.36,51.04,-0.0,-1.68
2025-11-13 13:00:00-05:00,50.14,51.8,-0.0,-1.66
2025-11-13 14:00:00-05:00,51.17,52.75,-0.0,-1.58
2025-11-13 15:00:00-05:00,58.45,60.27,-0.01,-1.81
2025-11-13 16:00:00-05:00,67.23,69.32,-0.01,-2.08
2025-11-13 17:00:00-05:00,86.2,88.23,-0.0,-2.03
2025-11-13 18:00:00-05:00,76.74,78.54,-0.0,-1.8
2025-11-13 19:00:00-05:00,65.3,66.7,-0.0,-1.4
2025-11-13 20:00:00-05:00,58.85,59.99,-0.0,-1.14
2025-11-13 21:00:00-05:00,54.86,56.21,-0.0,-1.35
2025-11-13 22:00:00-05:00,50.2,51.44,-0.0,-1.24
2025-11-13 23:00:00-05:00,46.82,47.97,-0.0,-1.15
2025-11-14 00:00:00-05:00,49.12,50.59,-0.0,-1.47
2025-11-14 01:00:00-05:00,43.91,45.08,-0.0,-1.17
2025-11-14 02:00:00-05:00,42.87,44.01,-0.0,-1.14
2025-11-14 03:00:00-05:00,42.16,43.2,-0.0,-1.04
2025-11-14 04:00:00-05:00,44.13,45.17,-0.0,-1.04
2025-11-14 05:00:00-05:00,48.72,50.23,-0.0,-1.51
2025-11-14 06:00:00-05:00,67.47,68.78,-0.0,-1.31
2025-11-14 07:00:00-05:00,85.84,87.77,-0.0,-1.93
2025-11-14 08:00:00-05:00,65.08,66.27,-0.0,-1.19
2025-11-14 09:00:00-05:00,55.0,55.84,-0.0,-0.84
2025-11-14 10:00:00-05:00,51.72,52.61,-0.0,-0.89
2025-11-14 11:00:00-05:00,48.49,49.38,-0.0,-0.89
2025-11-14 12:00:00-05:00,50.63,51.98,-0.0,-1.35
2025-11-14 13:00:00-05:00,52.57,53.97,-0.0,-1.4
2025-11-14 14:00:00-05:00,57.26,58.79,-0.0,-1.53
2025-11-14 15:00:00-05:00,63.35,64.91,-0.0,-1.56
2025-11-14 16:00:00-05:00,80.25,82.06,-0.0,-1.81
2025-11-14 17:00:00-05:00,93.86,95.0,-0.0,-1.14
2025-11-14 18:00:00-05:00,83.43,84.01,-0.0,-0.58
2025-11-14 19:00:00-05:00,73.17,73.84,-0.0,-0.67
2025-11-14 20:00:00-05:00,62.78,63.41,-0.0,-0.63
2025-11-14 21:00:00-05:00,57.87,58.87,-0.0,-1.0
2025-11-14 22:00:00-05:00,53.19,53.73,-0.0,-0.54
2025-11-14 23:00:00-05:00,49.29,49.89,-0.0,-0.6
2025-11-15 00:00:00-05:00,54.36,54.8,-0.0,-0.44
2025-11-15 01:00:00-05:00,53.84,54.22,-0.0,-0.38
2025-11-15 02:00:00-05:00,49.79,50.39,-0.0,-0.6
2025-11-15 03:00:00-05:00,49.95,50.5,-0.0,-0.55
2025-11-15 04:00:00-05:00,49.4,50.0,-0.0,-0.6
2025-11-15 05:00:00-05:00,51.4,51.92,-0.0,-0.52
2025-11-15 06:00:00-05:00,63.05,63.62,-0.0,-0.57
2025-11-15 07:00:00-05:00,63.4,64.3,-0.0,-0.9
2025-11-15 08:00:00-05:00,54.97,55.92,-0.0,-0.95
2025-11-15 09:00:00-05:00,50.12,51.09,-0.0,-0.97
2025-11-15 10:00:00-05:00,46.36,47.4,-0.0,-1.04
2025-11-15 11:00:00-05:00,44.05,45.09,-0.0,-1.04
2025-11-15 12:00:00-05:00,43.93,45.1,-0.0,-1.17
2025-11-15 13:00:00-05:00,46.02,47.29,-0.0,-1.27
2025-11-15 14:00:00-05:00,50.36,51.77,-0.01,-1.4
2025-11-15 15:00:00-05:00,57.61,59.22,-0.01,-1.6
2025-11-15 16:00:00-05:00,61.16,63.81,-0.8,-1.85
2025-11-15 17:00:00-05:00,69.27,71.2,-0.01,-1.92
2025-11-15 18:00:00-05:00,64.3,65.96,-0.01,-1.65
2025-11-15 19:00:00-05:00,58.9,60.48,-0.01,-1.57
2025-11-15 20:00:00-05:00,51.65,53.09,-0.01,-1.43
2025-11-15 21:00:00-05:00,46.68,48.1,-0.07,-1.35
2025-11-15 22:00:00-05:00,44.25,45.49,-0.01,-1.23
2025-11-15 23:00:00-05:00,42.78,44.07,-0.01,-1.28
2025-11-16 00:00:00-05:00,38.57,39.57,-0.01,-0.99
2025-11-16 01:00:00-05:00,36.7,37.65,-0.01,-0.94
2025-11-16 02:00:00-05:00,35.75,36.71,-0.01,-0.95
2025-11-16 03:00:00-05:00,34.91,35.73,-0.0,-0.82
2025-11-16 04:00:00-05:00,33.37,34.02,-0.0,-0.65
2025-11-16 05:00:00-05:00,34.11,34.84,-0.0,-0.73
2025-11-16 06:00:00-05:00,36.85,37.49,-0.0,-0.64
2025-11-16 07:00:00-05:00,39.1,39.69,-0.0,-0.59
2025-11-16 08:00:00-05:00,37.42,38.07,-0.0,-0.65
2025-11-16 09:00:00-05:00,36.6,37.31,-0.0,-0.71
2025-11-16 10:00:00-05:00,35.63,36.29,-0.01,-0.65
2025-11-16 11:00:00-05:00,35.2,35.93,-0.01,-0.72
2025-11-16 12:00:00-05:00,37.44,38.18,-0.01,-0.73
2025-11-16 13:00:00-05:00,37.9,38.67,-0.0,-0.77
2025-11-16 14:00:00-05:00,39.82,40.64,-0.01,-0.81
2025-11-16 15:00:00-05:00,44.0,44.86,-0.01,-0.85
2025-11-16 16:00:00-05:00,50.98,51.98,-0.01,-0.99
2025-11-16 17:00:00-05:00,60.77,61.44,-0.0,-0.67
2025-11-16 18:00:00-05:00,57.65,58.29,-0.0,-0.64
2025-11-16 19:00:00-05:00,51.08,51.81,-0.0,-0.73
2025-11-16 20:00:00-05:00,45.92,46.62,-0.0,-0.7
2025-11-16 21:00:00-05:00,42.43,43.22,-0.01,-0.78
2025-11-16 22:00:00-05:00,39.44,40.0,-0.0,-0.56
2025-11-16 23:00:00-05:00,38.67,39.34,-0.0,-0.67
2025-11-17 00:00:00-05:00,39.38,40.06,-0.0,-0.68
2025-11-17 01:00:00-05:00,36.49,36.93,-0.0,-0.44
2025-11-17 02:00:00-05:00,34.99,35.34,-0.0,-0.35
2025-11-17 03:00:00-05:00,34.62,35.04,-0.0,-0.42
2025-11-17 04:00:00-05:00,36.46,36.98,-0.0,-0.52
2025-11-17 05:00:00-05:00,39.7,40.26,-0.0,-0.56
2025-11-17 06:00:00-05:00,55.55,56.0,-0.0,-0.45
2025-11-17 07:00:00-05:00,66.35,67.1,-0.01,-0.74
2025-11-17 08:00:00-05:00,55.44,56.0,-0.0,-0.56
2025-11-17 09:00:00-05:00,51.76,52.23,-0.0,-0.47
2025-11-17 10:00:00-05:00,51.12,51.59,-0.0,-0.47
2025-11-17 11:00:00-05:00,49.82,50.42,-0.0,-0.6
2025-11-17 12:00:00-05:00,49.51,50.16,-0.0,-0.65
2025-11-17 13:00:00-05:00,50.47,51.03,-0.0,-0.56
2025-11-17 14:00:00-05:00,51.71,52.23,-0.0,-0.52
2025-11-17 15:00:00-05:00,54.84,55.51,-0.01,-0.66
2025-11-17 16:00:00-05:00,66.52,67.27,-0.01,-0.74
2025-11-17 17:00:00-05:00,86.3,87.27,-0.01,-0.96
2025-11-17 18:00:00-05:00,77.51,77.98,-0.0,-0.47
2025-11-17 19:00:00-05:00,66.04,66.57,-0.0,-0.53
2025-11-17 20:00:00-05:00,60.52,61.13,-0.0,-0.61
2025-11-17 21:00:00-05:00,55.38,55.94,-0.0,-0.56
2025-11-17 22:00:00-05:00,50.64,50.79,-0.0,-0.15
2025-11-17 23:00:00-05:00,47.92,47.92,-0.0,0.0
2025-11-18 00:00:00-05:00,43.68,43.33,-0.0,0.35
2025-11-18 01:00:00-05:00,41.76,41.39,-0.0,0.37
2025-11-18 02:00:00-05:00,41.64,41.27,-0.0,0.37
2025-11-18 03:00:00-05:00,41.45,41.16,-0.0,0.29
2025-11-18 04:00:00-05:00,42.51,42.09,-0.0,0.42
2025-11-18 05:00:00-05:00,44.34,43.9,-0.0,0.44
2025-11-18 06:00:00-05:00,61.09,60.61,-0.0,0.48
2025-11-18 07:00:00-05:00,77.2,76.51,-0.0,0.69
2025-11-18 08:00:00-05:00,55.89,55.5,-0.0,0.39
2025-11-18 09:00:00-05:00,50.56,50.11,-0.0,0.45
2025-11-18 10:00:00-05:00,46.51,46.1,-0.0,0.41
2025-11-18 11:00:00-05:00,44.99,44.68,-0.0,0.31
2025-11-18 12:00:00-05:00,44.43,44.03,-0.0,0.4
2025-11-18 13:00:00-05:00,46.47,46.01,-0.0,0.46
2025-11-18 14:00:00-05:00,47.7,47.41,-0.0,0.29
2025-11-18 15:00:00-05:00,55.93,55.59,-0.0,0.34
2025-11-18 16:00:00-05:00,69.47,69.12,-0.0,0.35
2025-11-18 17:00:00-05:00,93.01,92.45,-0.0,0.56
2025-11-18 18:00:00-05:00,81.91,81.42,-0.0,0.49
2025-11-18 19:00:00-05:00,72.19,71.55,-0.0,0.64
2025-11-18 20:00:00-05:00,64.98,64.34,-0.0,0.64
2025-11-18 21:00:00-05:00,57.22,56.71,-0.0,0.51
2025-11-18 22:00:00-05:00,52.96,52.7,-0.0,0.26
2025-11-18 23:00:00-05:00,48.53,48.1,-0.0,0.43
2025-11-19 00:00:00-05:00,53.24,52.97,-0.0,0.27
2025-11-19 01:00:00-05:00,50.96,50.6,-0.0,0.36
2025-11-19 02:00:00-05:00,49.53,49.18,-0.0,0.35
2025-11-19 03:00:00-05:00,50.32,49.87,-0.0,0.45
2025-11-19 04:00:00-05:00,50.84,50.59,-0.0,0.25
2025-11-19 05:00:00-05:00,53.41,53.52,-0.0,-0.11
2025-11-19 06:00:00-05:00,74.52,74.67,-0.0,-0.15
2025-11-19 07:00:00-05:00,87.59,88.03,-0.0,-0.44
2025-11-19 08:00:00-05:00,61.26,61.94,-0.0,-0.68
2025-11-19 09:00:00-05:00,55.0,55.5,-0.0,-0.5
2025-11-19 10:00:00-05:00,47.1,47.48,-0.0,-0.38
2025-11-19 11:00:00-05:00,46.33,46.84,-0.0,-0.51
2025-11-19 12:00:00-05:00,45.67,46.09,-0.0,-0.42
2025-11-19 13:00:00-05:00,46.69,47.16,-0.0,-0.47
2025-11-19 14:00:00-05:00,49.16,49.91,-0.0,-0.75
2025-11-19 15:00:00-05:00,59.6,60.51,-0.0,-0.91
2025-11-19 16:00:00-05:00,77.0,78.27,-0.01,-1.26
2025-11-19 17:00:00-05:00,94.09,95.33,-0.0,-1.24
2025-11-19 18:00:00-05:00,82.22,83.31,-0.0,-1.09
2025-11-19 19:00:00-05:00,75.74,76.67,-0.01,-0.92
2025-11-19 20:00:00-05:00,67.03,67.57,-0.0,-0.54
2025-11-19 21:00:00-05:00,59.11,59.95,-0.0,-0.84
2025-11-19 22:00:00-05:00,54.57,55.29,-0.0,-0.72
2025-11-19 23:00:00-05:00,52.68,52.89,-0.0,-0.21
2025-11-20 00:00:00-05:00,50.79,50.79,-0.0,0.0
2025-11-20 01:00:00-05:00,47.38,47.29,-0.0,0.09
2025-11-20 02:00:00-05:00,45.05,45.05,-0.0,0.0
2025-11-20 03:00:00-05:00,44.54,44.45,-0.0,0.09
2025-11-20 04:00:00-05:00,45.74,45.69,-0.0,0.05
2025-11-20 05:00:00-05:00,50.33,50.53,-0.0,-0.2
2025-11-20 06:00:00-05:00,72.41,73.14,-0.0,-0.73
2025-11-20 07:00:00-05:00,85.09,85.69,-0.0,-0.6
2025-11-20 08:00:00-05:00,63.13,63.96,-0.0,-0.83
2025-11-20 09:00:00-05:00,55.55,56.17,-0.0,-0.62
2025-11-20 10:00:00-05:00,49.76,50.31,-0.0,-0.55
2025-11-20 11:00:00-05:00,45.33,45.83,-0.0,-0.5
2025-11-20 12:00:00-05:00,45.73,46.33,-0.0,-0.6
2025-11-20 13:00:00-05:00,47.56,48.24,-0.0,-0.68
2025-11-20 14:00:00-05:00,47.77,48.55,-0.0,-0.78
2025-11-20 15:00:00-05:00,54.24,55.35,-0.0,-1.11
2025-11-20 16:00:00-05:00,69.98,71.19,-0.0,-1.21
2025-11-20 17:00:00-05:00,79.93,81.23,-0.0,-1.3
2025-11-20 18:00:00-05:00,71.17,72.03,-0.0,-0.86
2025-11-20 19:00:00-05:00,65.34,66.29,0.04,-0.99
2025-11-20 20:00:00-05:00,58.78,60.01,0.03,-1.26
2025-11-20 21:00:00-05:00,53.35,54.36,0.24,-1.25
2025-11-20 22:00:00-05:00,48.52,49.26,-0.0,-0.74
2025-11-20 23:00:00-05:00,44.27,44.73,0.34,-0.8
2025-11-21 00:00:00-05:00,47.1,47.89,0.07,-0.86
2025-11-21 01:00:00-05:00,44.13,44.58,-0.0,-0.45
2025-11-21 02:00:00-05:00,41.54,42.03,0.01,-0.5
2025-11-21 03:00:00-05:00,40.81,41.3,-0.0,-0.49
2025-11-21 04:00:00-05:00,41.74,42.12,-0.0,-0.38
2025-11-21 05:00:00-05:00,42.41,41.93,1.19,-0.71
2025-11-21 06:00:00-05:00,67.09,68.02,0.09,-1.02
2025-11-21 07:00:00-05:00,73.11,73.67,0.1,-0.66
2025-11-21 08:00:00-05:00,65.37,66.46,0.04,-1.13
2025-11-21 09:00:00-05:00,58.18,59.01,-0.0,-0.83
2025-11-21 10:00:00-05:00,55.52,56.6,-0.0,-1.08
2025-11-21 11:00:00-05:00,52.79,53.92,-0.0,-1.13
2025-11-21 12:00:00-05:00,51.41,52.62,-0.0,-1.21
2025-11-21 13:00:00-05:00,51.14,52.24,-0.0,-1.1
2025-11-21 14:00:00-05:00,53.9,55.06,-0.0,-1.16
2025-11-21 15:00:00-05:00,54.8,54.92,0.93,-1.05
2025-11-21 16:00:00-05:00,65.52,65.64,0.86,-0.98
2025-11-21 17:00:00-05:00,79.16,80.04,-0.0,-0.88
2025-11-21 18:00:00-05:00,71.93,72.66,-0.0,-0.73
2025-11-21 19:00:00-05:00,64.88,65.67,-0.0,-0.79
2025-11-21 20:00:00-05:00,61.76,62.32,-0.0,-0.56
2025-11-21 21:00:00-05:00,56.54,56.94,-0.0,-0.4
2025-11-21 22:00:00-05:00,53.41,53.57,-0.0,-0.16
2025-11-21 23:00:00-05:00,47.29,47.29,-0.0,0.0
2025-11-22 00:00:00-05:00,49.08,49.13,-0.0,-0.05
2025-11-22 01:00:00-05:00,47.22,47.41,-0.0,-0.19
2025-11-22 02:00:00-05:00,43.45,43.67,-0.0,-0.22
2025-11-22 03:00:00-05:00,41.98,42.15,-0.0,-0.17
2025-11-22 04:00:00-05:00,41.35,41.52,-0.0,-0.17
2025-11-22 05:00:00-05:00,44.0,44.04,-0.0,-0.04
2025-11-22 06:00:00-05:00,52.86,53.18,-0.0,-0.32
2025-11-22 07:00:00-05:00,57.5,57.97,-0.0,-0.47
2025-11-22 08:00:00-05:00,55.21,55.82,-0.0,-0.61
2025-11-22 09:00:00-05:00,51.91,52.33,-0.0,-0.42
2025-11-22 10:00:00-05:00,50.8,51.16,-0.0,-0.36
2025-11-22 11:00:00-05:00,48.22,48.61,-0.0,-0.39
2025-11-22 12:00:00-05:00,46.19,46.56,-0.0,-0.37
2025-11-22 13:00:00-05:00,46.34,46.66,-0.0,-0.32
2025-11-22 14:00:00-05:00,49.28,49.78,-0.0,-0.5
2025-11-22 15:00:00-05:00,54.08,54.73,-0.0,-0.65
2025-11-22 16:00:00-05:00,65.81,66.61,-0.0,-0.8
2025-11-22 17:00:00-05:00,78.57,79.36,-0.0,-0.79
2025-11-22 18:00:00-05:00,71.04,71.83,-0.0,-0.79
2025-11-22 19:00:00-05:00,65.75,66.48,-0.0,-0.73
2025-11-22 20:00:00-05:00,63.74,64.45,-0.0,-0.71
2025-11-22 21:00:00-05:00,57.55,58.13,-0.0,-0.58
2025-11-22 22:00:00-05:00,53.86,54.24,-0.0,-0.38
2025-11-22 23:00:00-05:00,49.94,50.04,-0.0,-0.1
2025-11-23 00:00:00-05:00,49.17,50.02,-0.0,-0.85
2025-11-23 01:00:00-05:00,44.87,45.8,0.03,-0.96
2025-11-23 02:00:00-05:00,42.49,42.89,0.5,-0.9
2025-11-23 03:00:00-05:00,41.45,41.97,0.32,-0.84
2025-11-23 04:00:00-05:00,40.21,40.53,0.53,-0.85
2025-11-23 05:00:00-05:00,39.69,39.65,0.83,-0.79
2025-11-23 06:00:00-05:00,44.45,44.14,1.15,-0.84
2025-11-23 07:00:00-05:00,44.39,43.33,1.88,-0.82
2025-11-23 08:00:00-05:00,44.31,43.65,1.62,-0.96
2025-11-23 09:00:00-05:00,44.43,44.08,1.5,-1.15
2025-11-23 10:00:00-05:00,48.15,49.07,0.4,-1.32
2025-11-23 11:00:00-05:00,48.97,49.65,0.61,-1.29
2025-11-23 12:00:00-05:00,49.28,49.65,0.92,-1.29
2025-11-23 13:00:00-05:00,46.37,46.25,1.41,-1.29
2025-11-23 14:00:00-05:00,47.89,47.56,1.66,-1.33
2025-11-23 15:00:00-05:00,53.43,53.29,1.53,-1.39
2025-11-23 16:00:00-05:00,55.21,54.12,2.33,-1.24
2025-11-23 17:00:00-05:00,67.07,65.77,2.75,-1.45
2025-11-23 18:00:00-05:00,57.81,55.72,3.32,-1.23
2025-11-23 19:00:00-05:00,55.44,53.49,3.08,-1.13
2025-11-23 20:00:00-05:00,53.59,52.17,2.57,-1.15
2025-11-23 21:00:00-05:00,49.02,47.82,2.3,-1.1
2025-11-23 22:00:00-05:00,48.36,48.36,1.16,-1.16
2025-11-23 23:00:00-05:00,44.11,43.88,1.11,-0.88
2025-11-24 00:00:00-05:00,48.17,48.66,-0.0,-0.49
2025-11-24 01:00:00-05:00,45.7,46.02,-0.0,-0.32
2025-11-24 02:00:00-05:00,46.03,46.35,-0.0,-0.32
2025-11-24 03:00:00-05:00,45.82,46.05,-0.0,-0.23
2025-11-24 04:00:00-05:00,47.65,47.79,-0.0,-0.14
2025-11-24 05:00:00-05:00,51.73,52.09,-0.0,-0.36
2025-11-24 06:00:00-05:00,70.47,71.04,-0.0,-0.57
2025-11-24 07:00:00-05:00,84.5,84.84,-0.0,-0.34
2025-11-24 08:00:00-05:00,64.76,65.15,-0.0,-0.39
2025-11-24 09:00:00-05:00,52.41,52.57,-0.0,-0.16
2025-11-24 10:00:00-05:00,50.46,50.66,-0.0,-0.2
2025-11-24 11:00:00-05:00,49.08,49.33,-0.0,-0.25
2025-11-24 12:00:00-05:00,47.85,48.33,-0.0,-0.48
2025-11-24 13:00:00-05:00,48.69,49.28,-0.0,-0.59
2025-11-24 14:00:00-05:00,52.47,53.1,-0.0,-0.63
2025-11-24 15:00:00-05:00,61.72,62.66,-0.0,-0.94
2025-11-24 16:00:00-05:00,76.57,77.73,-0.0,-1.16
2025-11-24 17:00:00-05:00,84.74,85.77,-0.0,-1.03
2025-11-24 18:00:00-05:00,76.24,77.4,-0.0,-1.16
2025-11-24 19:00:00-05:00,67.33,68.42,0.07,-1.16
2025-11-24 20:00:00-05:00,60.09,60.42,0.7,-1.03
2025-11-24 21:00:00-05:00,53.7,53.55,1.06,-0.91
2025-11-24 22:00:00-05:00,48.2,47.78,1.33,-0.91
2025-11-24 23:00:00-05:00,43.94,42.92,1.71,-0.69
2025-11-25 00:00:00-05:00,45.53,45.9,-0.0,-0.37
2025-11-25 01:00:00-05:00,42.42,42.72,-0.0,-0.3
2025-11-25 02:00:00-05:00,42.43,42.77,-0.0,-0.34
2025-11-25 03:00:00-05:00,41.97,42.26,-0.0,-0.29
2025-11-25 04:00:00-05:00,43.43,43.69,-0.0,-0.26
2025-11-25 05:00:00-05:00,44.52,44.93,-0.0,-0.41
2025-11-25 06:00:00-05:00,58.63,59.04,-0.0,-0.41
2025-11-25 07:00:00-05:00,69.36,69.71,-0.0,-0.35
2025-11-25 08:00:00-05:00,67.25,67.93,-0.0,-0.68
2025-11-25 09:00:00-05:00,63.15,63.79,-0.0,-0.64
2025-11-25 10:00:00-05:00,62.1,62.6,-0.0,-0.5
2025-11-25 11:00:00-05:00,61.7,62.13,-0.0,-0.43
2025-11-25 12:00:00-05:00,62.71,63.28,-0.0,-0.57
2025-11-25 13:00:00-05:00,63.48,64.12,-0.0,-0.64
2025-11-25 14:00:00-05:00,67.41,68.09,-0.0,-0.68
2025-11-25 15:00:00-05:00,73.41,74.15,-0.0,-0.74
2025-11-25 16:00:00-05:00,76.78,77.71,-0.0,-0.93
2025-11-25 17:00:00-05:00,81.03,81.77,-0.0,-0.74
2025-11-25 18:00:00-05:00,73.16,73.9,-0.0,-0.74
2025-11-25 19:00:00-05:00,66.51,67.18,-0.0,-0.67
2025-11-25 20:00:00-05:00,61.87,62.62,-0.0,-0.75
2025-11-25 21:00:00-05:00,55.25,56.24,0.08,-1.07
2025-11-25 22:00:00-05:00,48.99,49.58,-0.0,-0.59
2025-11-25 23:00:00-05:00,44.26,44.71,-0.0,-0.45
2025-11-26 00:00:00-05:00,42.41,42.97,-0.0,-0.56
2025-11-26 01:00:00-05:00,39.12,39.52,-0.0,-0.4
2025-11-26 02:00:00-05:00,38.74,39.17,-0.0,-0.43
2025-11-26 03:00:00-05:00,38.55,38.94,-0.0,-0.39
2025-11-26 04:00:00-05:00,38.64,38.95,-0.0,-0.31
2025-11-26 05:00:00-05:00,38.03,38.53,-0.0,-0.5
2025-11-26 06:00:00-05:00,46.27,46.63,0.48,-0.84
2025-11-26 07:00:00-05:00,55.15,55.99,-0.0,-0.84
2025-11-26 08:00:00-05:00,56.96,57.95,-0.0,-0.99
2025-11-26 09:00:00-05:00,59.36,60.33,-0.0,-0.97
2025-11-26 10:00:00-05:00,57.7,59.0,-0.0,-1.3
2025-11-26 11:00:00-05:00,55.14,56.38,-0.0,-1.24
2025-11-26 12:00:00-05:00,53.96,55.34,-0.0,-1.38
2025-11-26 13:00:00-05:00,53.0,54.44,0.03,-1.47
2025-11-26 14:00:00-05:00,51.94,52.44,0.86,-1.36
2025-11-26 15:00:00-05:00,52.26,51.82,1.73,-1.29
2025-11-26 16:00:00-05:00,54.22,53.26,2.18,-1.22
2025-11-26 17:00:00-05:00,59.22,58.64,1.81,-1.23
2025-11-26 18:00:00-05:00,54.94,53.85,2.06,-0.97
2025-11-26 19:00:00-05:00,43.55,39.82,4.45,-0.72
2025-11-26 20:00:00-05:00,40.09,37.8,2.97,-0.68
2025-11-26 21:00:00-05:00,35.38,32.51,3.36,-0.49
2025-11-26 22:00:00-05:00,31.55,27.95,4.02,-0.42
2025-11-26 23:00:00-05:00,30.51,28.04,2.84,-0.37
2025-11-27 00:00:00-05:00,39.85,40.62,-0.0,-0.77
2025-11-27 01:00:00-05:00,36.0,36.62,-0.0,-0.62
2025-11-27 02:00:00-05:00,34.5,35.17,-0.0,-0.67
2025-11-27 03:00:00-05:00,33.72,34.34,-0.0,-0.62
2025-11-27 04:00:00-05:00,33.55,34.16,-0.0,-0.61
2025-11-27 05:00:00-05:00,34.05,34.71,-0.0,-0.66
2025-11-27 06:00:00-05:00,37.53,38.14,-0.0,-0.61
2025-11-27 07:00:00-05:00,40.15,40.8,-0.0,-0.65
2025-11-27 08:00:00-05:00,39.63,40.4,-0.0,-0.77
2025-11-27 09:00:00-05:00,40.36,41.14,-0.0,-0.78
2025-11-27 10:00:00-05:00,43.26,44.23,-0.0,-0.97
2025-11-27 11:00:00-05:00,44.71,45.67,-0.0,-0.96
2025-11-27 12:00:00-05:00,44.66,45.71,-0.0,-1.05
2025-11-27 13:00:00-05:00,43.52,44.59,-0.0,-1.07
2025-11-27 14:00:00-05:00,42.0,42.94,-0.0,-0.94
2025-11-27 15:00:00-05:00,43.36,44.29,-0.0,-0.93
2025-11-27 16:00:00-05:00,50.32,51.45,-0.0,-1.13
2025-11-27 17:00:00-05:00,54.09,54.97,-0.0,-0.88
2025-11-27 18:00:00-05:00,51.36,52.2,-0.0,-0.84
2025-11-27 19:00:00-05:00,48.39,49.28,-0.0,-0.89
2025-11-27 20:00:00-05:00,44.64,45.46,-0.0,-0.82
2025-11-27 21:00:00-05:00,43.55,44.44,-0.0,-0.89
2025-11-27 22:00:00-05:00,41.32,42.34,-0.0,-1.02
2025-11-27 23:00:00-05:00,42.35,43.35,-0.0,-1.0
2025-11-28 00:00:00-05:00,42.02,42.84,-0.0,-0.82
2025-11-28 01:00:00-05:00,39.81,40.62,-0.0,-0.81
2025-11-28 02:00:00-05:00,38.6,39.43,-0.0,-0.83
2025-11-28 03:00:00-05:00,38.59,39.38,-0.0,-0.79
2025-11-28 04:00:00-05:00,39.45,40.22,-0.0,-0.77
2025-11-28 05:00:00-05:00,41.96,42.86,-0.0,-0.9
2025-11-28 06:00:00-05:00,47.9,48.98,-0.0,-1.08
2025-11-28 07:00:00-05:00,53.97,55.18,-0.0,-1.21
2025-11-28 08:00:00-05:00,50.27,51.45,-0.0,-1.18
2025-11-28 09:00:00-05:00,45.36,46.43,-0.0,-1.07
2025-11-28 10:00:00-05:00,48.33,49.62,-0.0,-1.29
2025-11-28 11:00:00-05:00,47.79,49.01,-0.0,-1.22
2025-11-28 12:00:00-05:00,45.56,46.68,-0.0,-1.12
2025-11-28 13:00:00-05:00,46.96,48.12,-0.0,-1.16
2025-11-28 14:00:00-05:00,48.0,49.08,-0.0,-1.08
2025-11-28 15:00:00-05:00,53.82,54.98,-0.0,-1.16
2025-11-28 16:00:00-05:00,57.73,58.38,0.63,-1.28
2025-11-28 17:00:00-05:00,70.48,71.55,-0.0,-1.07
2025-11-28 18:00:00-05:00,68.46,69.43,-0.0,-0.97
2025-11-28 19:00:00-05:00,64.58,65.5,-0.0,-0.92
2025-11-28 20:00:00-05:00,57.25,58.06,-0.0,-0.81
2025-11-28 21:00:00-05:00,53.11,54.03,-0.0,-0.92
2025-11-28 22:00:00-05:00,51.31,52.09,-0.0,-0.78
2025-11-28 23:00:00-05:00,49.15,49.85,-0.0,-0.7
2025-11-29 00:00:00-05:00,47.39,47.72,-0.0,-0.33
2025-11-29 01:00:00-05:00,44.77,44.99,-0.0,-0.22
2025-11-29 02:00:00-05:00,43.19,43.32,-0.0,-0.13
2025-11-29 03:00:00-05:00,43.13,43.17,-0.0,-0.04
2025-11-29 04:00:00-05:00,43.66,43.62,-0.0,0.04
2025-11-29 05:00:00-05:00,46.11,46.06,-0.0,0.05
2025-11-29 06:00:00-05:00,55.71,55.6,-0.0,0.11
2025-11-29 07:00:00-05:00,56.28,56.22,-0.0,0.06
2025-11-29 08:00:00-05:00,50.21,50.11,-0.0,0.1
2025-11-29 09:00:00-05:00,42.65,42.56,-0.0,0.09
2025-11-29 10:00:00-05:00,43.07,43.03,-0.0,0.04
2025-11-29 11:00:00-05:00,42.92,42.92,-0.0,0.0
2025-11-29 12:00:00-05:00,43.16,43.03,-0.0,0.13
2025-11-29 13:00:00-05:00,44.35,44.22,-0.0,0.13
2025-11-29 14:00:00-05:00,48.82,48.62,-0.0,0.2
2025-11-29 15:00:00-05:00,56.99,56.71,-0.0,0.28
2025-11-29 16:00:00-05:00,72.73,72.44,-0.0,0.29
2025-11-29 17:00:00-05:00,83.3,82.72,-0.0,0.58
2025-11-29 18:00:00-05:00,82.03,81.78,-0.0,0.25
2025-11-29 19:00:00-05:00,73.14,72.92,-0.0,0.22
2025-11-29 20:00:00-05:00,66.43,66.56,-0.0,-0.13
2025-11-29 21:00:00-05:00,58.92,59.33,-0.0,-0.41
2025-11-29 22:00:00-05:00,55.13,55.41,-0.0,-0.28
2025-11-29 23:00:00-05:00,55.5,55.95,-0.0,-0.45
2025-11-30 00:00:00-05:00,50.3,51.06,-0.0,-0.76
2025-11-30 01:00:00-05:00,46.98,47.65,-0.0,-0.67
2025-11-30 02:00:00-05:00,43.38,44.04,-0.0,-0.66
2025-11-30 03:00:00-05:00,40.69,41.27,-0.0,-0.58
2025-11-30 04:00:00-05:00,40.26,40.87,-0.0,-0.61
2025-11-30 05:00:00-05:00,38.63,39.14,-0.0,-0.51
2025-11-30 06:00:00-05:00,40.08,40.4,-0.0,-0.32
2025-11-30 07:00:00-05:00,41.82,42.16,-0.0,-0.34
2025-11-30 08:00:00-05:00,40.69,41.31,-0.0,-0.62
2025-11-30 09:00:00-05:00,44.87,45.65,-0.0,-0.78
2025-11-30 10:00:00-05:00,48.41,49.3,-0.0,-0.89
2025-11-30 11:00:00-05:00,50.87,51.91,-0.0,-1.04
2025-11-30 12:00:00-05:00,54.69,55.98,-0.0,-1.29
2025-11-30 13:00:00-05:00,57.38,58.73,-0.0,-1.35
2025-11-30 14:00:00-05:00,54.51,55.68,-0.0,-1.17
2025-11-30 15:00:00-05:00,52.74,53.87,-0.0,-1.13
2025-11-30 16:00:00-05:00,60.61,61.85,-0.0,-1.24
2025-11-30 17:00:00-05:00,67.81,68.92,-0.0,-1.11
2025-11-30 18:00:00-05:00,68.16,69.2,-0.0,-1.04
2025-11-30 19:00:00-05:00,59.98,60.83,-0.0,-0.85
2025-11-30 20:00:00-05:00,50.65,51.32,-0.0,-0.67
2025-11-30 21:00:00-05:00,46.04,46.69,-0.0,-0.65
2025-11-30 22:00:00-05:00,43.07,43.46,-0.0,-0.39
2025-11-30 23:00:00-05:00,42.03,42.41,-0.0,-0.38
2025-12-01 00:00:00-05:00,47.6,48.32,-0.0,-0.72
2025-12-01 01:00:00-05:00,44.67,45.26,-0.0,-0.59
2025-12-01 02:00:00-05:00,43.17,43.69,-0.0,-0.52
2025-12-01 03:00:00-05:00,45.14,45.6,-0.0,-0.46
2025-12-01 04:00:00-05:00,49.23,49.68,-0.0,-0.45
2025-12-01 05:00:00-05:00,52.25,52.73,-0.0,-0.48
2025-12-01 06:00:00-05:00,72.86,73.45,-0.0,-0.59
2025-12-01 07:00:00-05:00,83.11,84.37,-0.0,-1.26
2025-12-01 08:00:00-05:00,59.77,82.39,-22.62,0.0
2025-12-01 09:00:00-05:00,53.91,67.65,-13.67,-0.07
2025-12-01 10:00:00-05:00,51.03,65.19,-13.9,-0.26
2025-12-01 11:00:00-05:00,49.73,60.61,-10.7,-0.18
2025-12-01 12:00:00-05:00,49.04,60.79,-11.51,-0.24
2025-12-01 13:00:00-05:00,51.32,65.58,-14.0,-0.26
2025-12-01 14:00:00-05:00,53.44,70.09,-16.44,-0.21
2025-12-01 15:00:00-05:00,75.61,75.91,-0.0,-0.3
2025-12-01 16:00:00-05:00,97.24,97.73,-0.0,-0.49
2025-12-01 17:00:00-05:00,134.94,135.75,-0.0,-0.81
2025-12-01 18:00:00-05:00,115.69,116.63,-0.0,-0.94
2025-12-01 19:00:00-05:00,104.33,105.38,-0.0,-1.05
2025-12-01 20:00:00-05:00,87.18,88.42,-0.0,-1.24
2025-12-01 21:00:00-05:00,78.22,79.25,-0.0,-1.03
2025-12-01 22:00:00-05:00,70.65,71.8,-0.0,-1.15
2025-12-01 23:00:00-05:00,65.49,66.42,-0.0,-0.93
2025-12-02 00:00:00-05:00,71.67,72.62,-0.0,-0.95
2025-12-02 01:00:00-05:00,67.54,68.5,-0.0,-0.96
2025-12-02 02:00:00-05:00,65.26,66.32,-0.0,-1.06
2025-12-02 03:00:00-05:00,64.95,65.87,-0.0,-0.92
2025-12-02 04:00:00-05:00,64.05,64.9,-0.0,-0.85
2025-12-02 05:00:00-05:00,68.24,69.14,-0.0,-0.9
2025-12-02 06:00:00-05:00,88.38,89.82,-0.0,-1.44
2025-12-02 07:00:00-05:00,100.96,100.86,-0.0,0.1
2025-12-02 08:00:00-05:00,99.17,99.67,-0.0,-0.5
2025-12-02 09:00:00-05:00,113.63,114.55,-0.0,-0.92
2025-12-02 10:00:00-05:00,114.64,115.57,-0.0,-0.93
2025-12-02 11:00:00-05:00,114.65,116.04,-0.0,-1.39
2025-12-02 12:00:00-05:00,111.82,113.41,-0.0,-1.59
2025-12-02 13:00:00-05:00,107.5,109.03,-0.0,-1.53
2025-12-02 14:00:00-05:00,106.34,107.74,-0.0,-1.4
2025-12-02 15:00:00-05:00,101.1,102.75,-0.0,-1.65
2025-12-02 16:00:00-05:00,115.97,117.03,-0.0,-1.06
2025-12-02 17:00:00-05:00,144.65,145.37,-0.0,-0.72
2025-12-02 18:00:00-05:00,124.12,124.86,-0.0,-0.74
2025-12-02 19:00:00-05:00,112.31,113.1,-0.0,-0.79
2025-12-02 20:00:00-05:00,100.56,100.96,-0.0,-0.4
2025-12-02 21:00:00-05:00,90.07,91.16,-0.0,-1.09
2025-12-02 22:00:00-05:00,86.4,87.27,-0.0,-0.87
2025-12-02 23:00:00-05:00,78.97,79.52,-0.0,-0.55
2025-12-03 00:00:00-05:00,84.17,86.86,-0.0,-2.69
2025-12-03 01:00:00-05:00,80.47,83.13,-0.0,-2.66
2025-12-03 02:00:00-05:00,81.66,84.53,-0.0,-2.87
2025-12-03 03:00:00-05:00,81.62,84.59,-0.01,-2.96
2025-12-03 04:00:00-05:00,81.97,84.86,-0.0,-2.89
2025-12-03 05:00:00-05:00,78.89,83.72,-1.9,-2.93
2025-12-03 06:00:00-05:00,106.43,116.86,-6.23,-4.2
2025-12-03 07:00:00-05:00,122.02,132.3,-6.04,-4.24
2025-12-03 08:00:00-05:00,117.33,124.38,-3.32,-3.73
2025-12-03 09:00:00-05:00,97.31,104.47,-3.5,-3.66
2025-12-03 10:00:00-05:00,84.62,91.84,-3.73,-3.49
2025-12-03 11:00:00-05:00,81.41,89.46,-4.3,-3.75
2025-12-03 12:00:00-05:00,81.06,90.47,-5.43,-3.98
2025-12-03 13:00:00-05:00,78.77,87.54,-5.01,-3.76
2025-12-03 14:00:00-05:00,80.68,88.65,-4.16,-3.81
2025-12-03 15:00:00-05:00,94.09,102.94,-4.73,-4.12
2025-12-03 16:00:00-05:00,112.65,124.62,-7.23,-4.74
2025-12-03 17:00:00-05:00,129.78,144.64,-8.92,-5.94
2025-12-03 18:00:00-05:00,113.56,126.26,-7.9,-4.8
2025-12-03 19:00:00-05:00,105.13,117.75,-7.91,-4.71
2025-12-03 20:00:00-05:00,89.73,98.91,-5.12,-4.06
2025-12-03 21:00:00-05:00,83.13,92.85,-5.73,-3.99
2025-12-03 22:00:00-05:00,79.61,87.09,-3.74,-3.74
2025-12-03 23:00:00-05:00,75.32,80.01,-1.49,-3.2
2025-12-04 00:00:00-05:00,71.96,75.72,0.1,-3.86
2025-12-04 01:00:00-05:00,66.74,70.57,-0.09,-3.74
2025-12-04 02:00:00-05:00,66.03,70.64,-0.86,-3.75
2025-12-04 03:00:00-05:00,66.52,71.53,-1.15,-3.86
2025-12-04 04:00:00-05:00,66.6,71.02,-0.72,-3.7
2025-12-04 05:00:00-05:00,66.57,71.32,-1.04,-3.71
2025-12-04 06:00:00-05:00,88.77,93.16,-0.01,-4.38
2025-12-04 07:00:00-05:00,116.88,122.64,-0.0,-5.76
2025-12-04 08:00:00-05:00,113.19,118.65,-0.0,-5.46
2025-12-04 09:00:00-05:00,107.34,112.76,-0.01,-5.41
2025-12-04 10:00:00-05:00,103.39,111.53,-2.68,-5.46
2025-12-04 11:00:00-05:00,97.93,102.98,-0.01,-5.04
2025-12-04 12:00:00-05:00,95.89,100.94,-0.01,-5.04
2025-12-04 13:00:00-05:00,96.12,100.96,0.21,-5.05
2025-12-04 14:00:00-05:00,98.78,103.32,-0.0,-4.54
2025-12-04 15:00:00-05:00,116.72,121.46,-0.0,-4.74
2025-12-04 16:00:00-05:00,150.03,155.58,-0.1,-5.45
2025-12-04 17:00:00-05:00,169.45,174.87,-0.0,-5.42
2025-12-04 18:00:00-05:00,162.17,168.3,-0.74,-5.39
2025-12-04 19:00:00-05:00,152.23,157.1,-0.0,-4.87
2025-12-04 20:00:00-05:00,148.25,152.99,-0.0,-4.74
2025-12-04 21:00:00-05:00,133.43,137.55,-0.0,-4.12
2025-12-04 22:00:00-05:00,129.73,133.88,-0.0,-4.15
2025-12-04 23:00:00-05:00,120.77,124.38,-0.0,-3.61
2025-12-05 00:00:00-05:00,146.47,168.42,-15.38,-6.57
2025-12-05 01:00:00-05:00,125.68,143.66,-12.23,-5.75
2025-12-05 02:00:00-05:00,115.31,127.96,-7.92,-4.73
2025-12-05 03:00:00-05:00,113.36,125.06,-7.2,-4.5
2025-12-05 04:00:00-05:00,112.48,123.85,-7.03,-4.34
2025-12-05 05:00:00-05:00,116.58,133.04,-10.61,-5.85
2025-12-05 06:00:00-05:00,142.96,167.24,-15.92,-8.36
2025-12-05 07:00:00-05:00,179.64,204.38,-16.16,-8.58
2025-12-05 08:00:00-05:00,157.69,180.6,-14.79,-8.12
2025-12-05 09:00:00-05:00,139.51,161.97,-13.71,-8.75
2025-12-05 10:00:00-05:00,116.1,135.08,-11.29,-7.69
2025-12-05 11:00:00-05:00,107.31,124.28,-9.64,-7.33
2025-12-05 12:00:00-05:00,101.18,116.58,-8.52,-6.88
2025-12-05 13:00:00-05:00,98.87,113.25,-7.81,-6.57
2025-12-05 14:00:00-05:00,109.62,126.64,-9.81,-7.21
2025-12-05 15:00:00-05:00,134.65,156.4,-13.78,-7.97
2025-12-05 16:00:00-05:00,158.53,185.64,-18.57,-8.54
2025-12-05 17:00:00-05:00,194.99,221.95,-17.85,-9.11
2025-12-05 18:00:00-05:00,170.06,196.09,-17.98,-8.05
2025-12-05 19:00:00-05:00,152.37,178.22,-17.83,-8.02
2025-12-05 20:00:00-05:00,139.4,162.11,-15.42,-7.29
2025-12-05 21:00:00-05:00,116.54,132.75,-10.11,-6.1
2025-12-05 22:00:00-05:00,121.74,140.28,-11.95,-6.59
2025-12-05 23:00:00-05:00,116.91,133.6,-10.95,-5.74
2025-12-06 00:00:00-05:00,120.42,124.41,-0.0,-3.99
2025-12-06 01:00:00-05:00,110.0,113.75,-0.0,-3.75
2025-12-06 02:00:00-05:00,103.23,106.75,-0.0,-3.52
2025-12-06 03:00:00-05:00,95.37,98.53,-0.0,-3.16
2025-12-06 04:00:00-05:00,100.15,103.69,-0.01,-3.53
2025-12-06 05:00:00-05:00,98.83,102.2,-0.0,-3.37
2025-12-06 06:00:00-05:00,107.66,111.23,-0.01,-3.56
2025-12-06 07:00:00-05:00,114.47,117.9,-0.01,-3.42
2025-12-06 08:00:00-05:00,121.89,132.04,-6.45,-3.7
2025-12-06 09:00:00-05:00,122.6,129.8,-3.57,-3.63
2025-12-06 10:00:00-05:00,118.47,122.02,-0.01,-3.54
2025-12-06 11:00:00-05:00,115.84,119.88,-0.2,-3.84
2025-12-06 12:00:00-05:00,112.49,116.1,-0.01,-3.6
2025-12-06 13:00:00-05:00,109.28,112.79,-0.01,-3.5
2025-12-06 14:00:00-05:00,106.79,110.1,-0.01,-3.3
2025-12-06 15:00:00-05:00,113.96,117.25,-0.01,-3.28
2025-12-06 16:00:00-05:00,139.87,143.09,0.35,-3.57
2025-12-06 17:00:00-05:00,149.37,153.0,0.04,-3.67
2025-12-06 18:00:00-05:00,145.48,149.06,-0.0,-3.58
2025-12-06 19:00:00-05:00,135.98,137.65,1.77,-3.44
2025-12-06 20:00:00-05:00,129.67,132.59,-0.0,-2.92
2025-12-06 21:00:00-05:00,117.89,120.66,-0.0,-2.77
2025-12-06 22:00:00-05:00,116.77,119.28,-0.0,-2.51
2025-12-06 23:00:00-05:00,111.47,113.51,-0.0,-2.04
2025-12-07 00:00:00-05:00,120.18,122.14,-0.0,-1.96
2025-12-07 01:00:00-05:00,113.57,115.3,-0.0,-1.73
2025-12-07 02:00:00-05:00,109.02,110.57,-0.0,-1.55
2025-12-07 03:00:00-05:00,107.72,109.25,-0.0,-1.53
2025-12-07 04:00:00-05:00,112.94,114.89,-0.0,-1.95
2025-12-07 05:00:00-05:00,110.61,112.52,-0.0,-1.91
2025-12-07 06:00:00-05:00,113.06,115.13,-0.0,-2.07
2025-12-07 07:00:00-05:00,118.68,120.12,-0.0,-1.44
2025-12-07 08:00:00-05:00,118.91,120.35,-0.0,-1.44
2025-12-07 09:00:00-05:00,120.19,121.52,-0.0,-1.33
2025-12-07 10:00:00-05:00,121.79,123.4,-0.0,-1.61
2025-12-07 11:00:00-05:00,122.98,124.6,-0.0,-1.62
2025-12-07 12:00:00-05:00,128.5,130.72,-0.0,-2.22
2025-12-07 13:00:00-05:00,130.07,132.87,-0.0,-2.8
2025-12-07 14:00:00-05:00,130.05,133.25,-0.0,-3.2
2025-12-07 15:00:00-05:00,133.29,136.7,-0.0,-3.41
2025-12-07 16:00:00-05:00,152.46,155.89,-0.0,-3.43
2025-12-07 17:00:00-05:00,172.74,176.63,-0.0,-3.89
2025-12-07 18:00:00-05:00,161.06,164.84,-0.0,-3.78
2025-12-07 19:00:00-05:00,144.61,148.62,-0.0,-4.01
2025-12-07 20:00:00-05:00,134.46,137.9,-0.0,-3.44
2025-12-07 21:00:00-05:00,123.46,126.62,-0.0,-3.16
2025-12-07 22:00:00-05:00,122.62,125.76,-0.0,-3.14
2025-12-07 23:00:00-05:00,118.18,120.72,-0.0,-2.54
2025-12-08 00:00:00-05:00,112.0,114.76,-0.0,-2.76
2025-12-08 01:00:00-05:00,113.01,115.9,-0.0,-2.89
2025-12-08 02:00:00-05:00,111.55,114.29,-0.0,-2.74
2025-12-08 03:00:00-05:00,113.55,116.22,-0.0,-2.67
2025-12-08 04:00:00-05:00,113.94,116.39,-0.0,-2.45
2025-12-08 05:00:00-05:00,114.0,116.68,-0.0,-2.68
2025-12-08 06:00:00-05:00,139.45,142.0,-0.0,-2.55
2025-12-08 07:00:00-05:00,163.31,165.29,-0.0,-1.98
2025-12-08 08:00:00-05:00,153.02,155.04,-0.0,-2.02
2025-12-08 09:00:00-05:00,140.69,142.39,-0.0,-1.7
2025-12-08 10:00:00-05:00,142.39,145.0,-0.0,-2.61
2025-12-08 11:00:00-05:00,136.19,138.97,-0.0,-2.78
2025-12-08 12:00:00-05:00,130.24,132.9,-0.0,-2.66
2025-12-08 13:00:00-05:00,131.06,134.01,-0.0,-2.95
2025-12-08 14:00:00-05:00,139.3,142.57,-0.0,-3.27
2025-12-08 15:00:00-05:00,162.6,165.41,-0.0,-2.81
2025-12-08 16:00:00-05:00,193.07,195.41,-0.0,-2.34
2025-12-08 17:00:00-05:00,236.16,238.55,-0.0,-2.39
2025-12-08 18:00:00-05:00,231.23,233.33,-0.0,-2.1
2025-12-08 19:00:00-05:00,195.34,196.92,-0.0,-1.58
2025-12-08 20:00:00-05:00,183.33,185.36,-0.0,-2.03
2025-12-08 21:00:00-05:00,172.47,175.28,-0.0,-2.81
2025-12-08 22:00:00-05:00,160.22,162.99,-0.0,-2.77
2025-12-08 23:00:00-05:00,153.52,156.65,-0.0,-3.13
2025-12-09 00:00:00-05:00,146.54,148.62,-0.0,-2.08
2025-12-09 01:00:00-05:00,133.26,135.43,-0.0,-2.17
2025-12-09 02:00:00-05:00,128.99,131.35,-0.0,-2.36
2025-12-09 03:00:00-05:00,130.0,132.65,-0.0,-2.65
2025-12-09 04:00:00-05:00,129.13,131.64,-0.0,-2.51
2025-12-09 05:00:00-05:00,134.22,137.94,-0.0,-3.72
2025-12-09 06:00:00-05:00,157.84,164.78,-2.83,-4.11
2025-12-09 07:00:00-05:00,198.88,208.31,-4.85,-4.58
2025-12-09 08:00:00-05:00,181.06,190.21,-4.58,-4.57
2025-12-09 09:00:00-05:00,158.77,163.17,-0.0,-4.4
2025-12-09 10:00:00-05:00,149.58,154.37,-0.0,-4.79
2025-12-09 11:00:00-05:00,137.42,142.14,0.11,-4.83
2025-12-09 12:00:00-05:00,133.61,137.92,0.52,-4.83
2025-12-09 13:00:00-05:00,127.72,130.12,2.28,-4.68
2025-12-09 14:00:00-05:00,132.47,137.12,0.28,-4.93
2025-12-09 15:00:00-05:00,136.0,139.18,1.55,-4.73
2025-12-09 16:00:00-05:00,149.79,154.58,-0.0,-4.79
2025-12-09 17:00:00-05:00,176.56,181.27,-0.0,-4.71
2025-12-09 18:00:00-05:00,157.65,162.19,-0.0,-4.54
2025-12-09 19:00:00-05:00,140.72,143.56,1.33,-4.17
2025-12-09 20:00:00-05:00,134.35,138.06,0.01,-3.72
2025-12-09 21:00:00-05:00,125.3,126.15,2.93,-3.78
2025-12-09 22:00:00-05:00,123.99,128.19,0.03,-4.23
2025-12-09 23:00:00-05:00,114.74,118.04,-0.0,-3.3
2025-12-10 00:00:00-05:00,112.87,116.36,-0.0,-3.49
2025-12-10 01:00:00-05:00,107.71,110.93,-0.0,-3.22
2025-12-10 02:00:00-05:00,106.38,109.56,-0.0,-3.18
2025-12-10 03:00:00-05:00,100.55,103.66,-0.0,-3.11
2025-12-10 04:00:00-05:00,100.06,103.26,-0.0,-3.2
2025-12-10 05:00:00-05:00,103.5,107.14,-0.0,-3.64
2025-12-10 06:00:00-05:00,123.0,118.65,8.38,-4.03
2025-12-10 07:00:00-05:00,153.68,149.51,8.96,-4.79
2025-12-10 08:00:00-05:00,146.47,142.61,8.28,-4.42
2025-12-10 09:00:00-05:00,153.85,147.62,11.25,-5.02
2025-12-10 10:00:00-05:00,123.93,127.69,0.07,-3.83
2025-12-10 11:00:00-05:00,128.31,130.43,1.92,-4.04
2025-12-10 12:00:00-05:00,118.64,122.3,0.13,-3.79
2025-12-10 13:00:00-05:00,113.3,114.98,1.89,-3.57
2025-12-10 14:00:00-05:00,119.14,116.77,6.11,-3.74
2025-12-10 15:00:00-05:00,114.99,117.13,1.37,-3.51
2025-12-10 16:00:00-05:00,130.56,128.54,5.62,-3.6
2025-12-10 17:00:00-05:00,141.65,145.11,0.02,-3.48
2025-12-10 18:00:00-05:00,123.95,126.97,0.03,-3.05
2025-12-10 19:00:00-05:00,117.29,120.03,0.02,-2.76
2025-12-10 20:00:00-05:00,110.92,112.92,0.94,-2.94
2025-12-10 21:00:00-05:00,98.83,101.68,0.2,-3.05
2025-12-10 22:00:00-05:00,93.05,96.33,-0.0,-3.28
2025-12-10 23:00:00-05:00,90.59,93.2,-0.0,-2.61
2025-12-11 00:00:00-05:00,81.51,84.03,-0.0,-2.52
2025-12-11 01:00:00-05:00,78.67,81.19,-0.0,-2.52
2025-12-11 02:00:00-05:00,76.01,78.44,-0.0,-2.43
2025-12-11 03:00:00-05:00,76.2,78.48,-0.0,-2.28
2025-12-11 04:00:00-05:00,79.9,82.2,-0.0,-2.3
2025-12-11 05:00:00-05:00,79.81,82.02,-0.0,-2.21
2025-12-11 06:00:00-05:00,103.4,106.71,-0.0,-3.31
2025-12-11 07:00:00-05:00,117.15,119.9,-0.0,-2.75
2025-12-11 08:00:00-05:00,114.82,117.9,-0.01,-3.07
2025-12-11 09:00:00-05:00,110.42,113.25,-0.0,-2.83
2025-12-11 10:00:00-05:00,114.05,117.33,-0.0,-3.28
2025-12-11 11:00:00-05:00,109.84,113.12,-0.0,-3.28
2025-12-11 12:00:00-05:00,108.4,111.64,-0.0,-3.24
2025-12-11 13:00:00-05:00,106.95,110.38,-0.01,-3.42
2025-12-11 14:00:00-05:00,110.55,114.37,-0.39,-3.43
2025-12-11 15:00:00-05:00,117.95,121.65,-0.66,-3.04
2025-12-11 16:00:00-05:00,153.24,155.71,1.11,-3.58
2025-12-11 17:00:00-05:00,180.7,181.12,3.74,-4.16
2025-12-11 18:00:00-05:00,170.9,170.34,4.31,-3.75
2025-12-11 19:00:00-05:00,157.25,157.58,3.29,-3.62
2025-12-11 20:00:00-05:00,140.45,143.75,-0.0,-3.3
2025-12-11 21:00:00-05:00,125.51,128.46,-0.0,-2.95
2025-12-11 22:00:00-05:00,113.6,116.16,-0.0,-2.56
2025-12-11 23:00:00-05:00,108.89,111.57,-0.0,-2.68
2025-12-12 00:00:00-05:00,105.78,107.61,-0.0,-1.83
2025-12-12 01:00:00-05:00,102.3,103.97,-0.0,-1.67
2025-12-12 02:00:00-05:00,97.53,99.42,-0.0,-1.89
2025-12-12 03:00:00-05:00,99.98,102.02,-0.0,-2.04
2025-12-12 04:00:00-05:00,99.76,101.59,-0.0,-1.83
2025-12-12 05:00:00-05:00,97.27,99.05,-0.0,-1.78
2025-12-12 06:00:00-05:00,124.3,126.57,-0.0,-2.27
2025-12-12 07:00:00-05:00,168.91,171.83,-0.0,-2.92
2025-12-12 08:00:00-05:00,157.37,159.94,-0.0,-2.57
2025-12-12 09:00:00-05:00,130.5,132.63,-0.0,-2.13
2025-12-12 10:00:00-05:00,120.07,122.27,-0.0,-2.2
2025-12-12 11:00:00-05:00,118.41,120.71,-0.0,-2.3
2025-12-12 12:00:00-05:00,113.4,115.6,-0.0,-2.2
2025-12-12 13:00:00-05:00,117.62,119.9,-0.0,-2.28
2025-12-12 14:00:00-05:00,119.1,121.16,-0.0,-2.06
2025-12-12 15:00:00-05:00,134.4,136.31,-0.0,-1.91
2025-12-12 16:00:00-05:00,152.7,153.77,-0.0,-1.07
2025-12-12 17:00:00-05:00,165.8,166.3,-0.0,-0.5
2025-12-12 18:00:00-05:00,156.25,156.72,-0.0,-0.47
2025-12-12 19:00:00-05:00,155.68,156.46,-0.0,-0.78
2025-12-12 20:00:00-05:00,147.47,149.87,-0.0,-2.4
2025-12-12 21:00:00-05:00,130.48,132.46,-0.0,-1.98
2025-12-12 22:00:00-05:00,132.5,134.51,-0.0,-2.01
2025-12-12 23:00:00-05:00,126.74,128.81,-0.0,-2.07
2025-12-13 00:00:00-05:00,106.54,109.83,-0.0,-3.29
2025-12-13 01:00:00-05:00,103.01,106.19,-0.0,-3.18
2025-12-13 02:00:00-05:00,90.51,93.31,-0.0,-2.8
2025-12-13 03:00:00-05:00,89.13,91.79,-0.0,-2.66
2025-12-13 04:00:00-05:00,87.64,90.44,-0.0,-2.8
2025-12-13 05:00:00-05:00,88.82,91.56,-0.0,-2.74
2025-12-13 06:00:00-05:00,93.69,96.88,-0.0,-3.19
2025-12-13 07:00:00-05:00,96.57,100.08,-0.0,-3.51
2025-12-13 08:00:00-05:00,98.41,102.19,-0.0,-3.78
2025-12-13 09:00:00-05:00,99.72,103.66,-0.0,-3.94
2025-12-13 10:00:00-05:00,108.84,113.26,-0.0,-4.42
2025-12-13 11:00:00-05:00,104.52,108.99,-0.0,-4.47
2025-12-13 12:00:00-05:00,102.25,106.51,-0.0,-4.26
2025-12-13 13:00:00-05:00,105.49,109.77,-0.0,-4.28
2025-12-13 14:00:00-05:00,101.38,105.27,-0.0,-3.89
2025-12-13 15:00:00-05:00,104.32,107.88,-0.0,-3.56
2025-12-13 16:00:00-05:00,120.79,124.02,-0.0,-3.23
2025-12-13 17:00:00-05:00,134.05,136.93,-0.0,-2.88
2025-12-13 18:00:00-05:00,124.78,127.33,-0.0,-2.55
2025-12-13 19:00:00-05:00,117.98,120.63,-0.0,-2.65
2025-12-13 20:00:00-05:00,119.27,121.21,-0.0,-1.94
2025-12-13 21:00:00-05:00,114.41,117.1,-0.0,-2.69
2025-12-13 22:00:00-05:00,111.69,114.44,-0.0,-2.75
2025-12-13 23:00:00-05:00,108.72,111.62,-0.0,-2.9
2025-12-14 00:00:00-05:00,112.99,116.37,-0.0,-3.38
2025-12-14 01:00:00-05:00,109.59,112.98,-0.0,-3.39
2025-12-14 02:00:00-05:00,104.38,107.94,-0.0,-3.56
2025-12-14 03:00:00-05:00,98.46,101.82,-0.0,-3.36
2025-12-14 04:00:00-05:00,101.39,104.75,-0.0,-3.36
2025-12-14 05:00:00-05:00,104.11,107.77,-0.0,-3.66
2025-12-14 06:00:00-05:00,103.33,107.18,-0.0,-3.85
2025-12-14 07:00:00-05:00,109.11,112.95,-0.0,-3.84
2025-12-14 08:00:00-05:00,111.49,115.65,-0.0,-4.16
2025-12-14 09:00:00-05:00,112.61,116.81,-0.0,-4.2
2025-12-14 10:00:00-05:00,125.6,130.56,-0.0,-4.96
2025-12-14 11:00:00-05:00,125.24,129.91,-0.0,-4.67
2025-12-14 12:00:00-05:00,122.19,126.75,-0.0,-4.56
2025-12-14 13:00:00-05:00,125.82,130.79,-0.0,-4.97
2025-12-14 14:00:00-05:00,130.04,134.89,-0.0,-4.85
2025-12-14 15:00:00-05:00,140.41,145.51,-0.0,-5.1
2025-12-14 16:00:00-05:00,155.0,159.79,-0.0,-4.79
2025-12-14 17:00:00-05:00,182.5,186.79,-0.0,-4.29
2025-12-14 18:00:00-05:00,172.62,177.23,-0.0,-4.61
2025-12-14 19:00:00-05:00,160.82,165.11,-0.0,-4.29
2025-12-14 20:00:00-05:00,152.24,156.3,-0.0,-4.06
2025-12-14 21:00:00-05:00,138.91,143.36,-0.0,-4.45
2025-12-14 22:00:00-05:00,139.37,143.68,-0.0,-4.31
2025-12-14 23:00:00-05:00,131.3,135.5,-0.0,-4.2
2025-12-15 00:00:00-05:00,129.46,133.6,-0.0,-4.14
2025-12-15 01:00:00-05:00,124.37,128.21,-0.0,-3.84
2025-12-15 02:00:00-05:00,122.16,125.93,-0.0,-3.77
2025-12-15 03:00:00-05:00,122.51,126.17,-0.0,-3.66
2025-12-15 04:00:00-05:00,122.02,125.67,-0.0,-3.65
2025-12-15 05:00:00-05:00,129.08,133.35,-0.0,-4.27
2025-12-15 06:00:00-05:00,149.49,153.0,-0.0,-3.51
2025-12-15 07:00:00-05:00,191.22,198.4,-1.42,-5.76
2025-12-15 08:00:00-05:00,167.89,171.61,1.42,-5.14
2025-12-15 09:00:00-05:00,146.9,151.74,0.02,-4.86
2025-12-15 10:00:00-05:00,146.04,151.18,-0.0,-5.14
2025-12-15 11:00:00-05:00,139.94,144.87,-0.0,-4.93
2025-12-15 12:00:00-05:00,137.16,142.14,-0.0,-4.98
2025-12-15 13:00:00-05:00,138.14,143.01,-0.01,-4.86
2025-12-15 14:00:00-05:00,141.03,145.97,0.02,-4.96
2025-12-15 15:00:00-05:00,152.09,152.44,4.38,-4.73
2025-12-15 16:00:00-05:00,174.23,178.89,0.35,-5.01
2025-12-15 17:00:00-05:00,203.15,207.78,0.14,-4.77
2025-12-15 18:00:00-05:00,183.9,188.39,0.03,-4.52
2025-12-15 19:00:00-05:00,175.11,179.56,0.03,-4.48
2025-12-15 20:00:00-05:00,151.87,154.5,-0.0,-2.63
2025-12-15 21:00:00-05:00,141.59,145.67,-0.0,-4.08
2025-12-15 22:00:00-05:00,141.43,145.8,-0.0,-4.37
2025-12-15 23:00:00-05:00,133.88,138.16,-0.0,-4.28
2025-12-16 00:00:00-05:00,126.82,130.88,-0.0,-4.06
2025-12-16 01:00:00-05:00,121.79,125.43,-0.0,-3.64
2025-12-16 02:00:00-05:00,119.64,123.34,-0.0,-3.7
2025-12-16 03:00:00-05:00,120.15,123.86,-0.0,-3.71
2025-12-16 04:00:00-05:00,120.6,124.21,-0.0,-3.61
2025-12-16 05:00:00-05:00,121.83,126.12,-0.0,-4.29
2025-12-16 06:00:00-05:00,135.84,140.04,-0.0,-4.2
2025-12-16 07:00:00-05:00,189.34,195.2,-1.56,-4.3
2025-12-16 08:00:00-05:00,163.5,167.9,-0.87,-3.53
2025-12-16 09:00:00-05:00,141.7,145.48,-0.0,-3.78
2025-12-16 10:00:00-05:00,121.67,125.43,-0.0,-3.76
2025-12-16 11:00:00-05:00,114.85,118.77,-0.0,-3.92
2025-12-16 12:00:00-05:00,113.37,117.4,-0.04,-3.99
2025-12-16 13:00:00-05:00,112.67,116.65,-0.01,-3.97
2025-12-16 14:00:00-05:00,115.12,119.73,-0.42,-4.19
2025-12-16 15:00:00-05:00,119.83,125.12,-1.04,-4.25
2025-12-16 16:00:00-05:00,151.71,158.17,-1.56,-4.9
2025-12-16 17:00:00-05:00,168.35,175.0,-1.22,-5.43
2025-12-16 18:00:00-05:00,139.05,142.15,1.45,-4.55
2025-12-16 19:00:00-05:00,124.09,125.09,3.25,-4.25
2025-12-16 20:00:00-05:00,110.52,110.21,4.27,-3.96
2025-12-16 21:00:00-05:00,92.35,91.0,4.99,-3.64
2025-12-16 22:00:00-05:00,92.45,92.38,3.86,-3.79
2025-12-16 23:00:00-05:00,93.51,93.22,4.12,-3.83
2025-12-17 00:00:00-05:00,84.81,86.94,1.26,-3.39
2025-12-17 01:00:00-05:00,83.8,87.29,-0.0,-3.49
2025-12-17 02:00:00-05:00,74.59,77.31,0.37,-3.09
2025-12-17 03:00:00-05:00,75.11,77.5,0.79,-3.18
2025-12-17 04:00:00-05:00,78.99,82.28,-0.0,-3.29
2025-12-17 05:00:00-05:00,70.1,70.23,2.61,-2.74
2025-12-17 06:00:00-05:00,97.21,92.6,7.85,-3.24
2025-12-17 07:00:00-05:00,85.61,82.95,5.57,-2.91
2025-12-17 08:00:00-05:00,89.56,88.83,3.92,-3.19
2025-12-17 09:00:00-05:00,92.29,94.04,1.73,-3.48
2025-12-17 10:00:00-05:00,81.78,84.31,-0.0,-2.53
2025-12-17 11:00:00-05:00,80.08,82.73,-0.0,-2.65
2025-12-17 12:00:00-05:00,77.12,79.67,-0.0,-2.55
2025-12-17 13:00:00-05:00,75.96,78.55,-0.0,-2.59
2025-12-17 14:00:00-05:00,76.98,79.28,-0.0,-2.3
2025-12-17 15:00:00-05:00,90.61,93.12,-0.0,-2.51
2025-12-17 16:00:00-05:00,100.84,103.42,-0.0,-2.58
2025-12-17 17:00:00-05:00,119.03,121.59,-0.0,-2.56
2025-12-17 18:00:00-05:00,114.03,116.12,-0.0,-2.09
2025-12-17 19:00:00-05:00,108.94,111.16,-0.0,-2.22
2025-12-17 20:00:00-05:00,107.75,109.72,-0.0,-1.97
2025-12-17 21:00:00-05:00,88.23,90.13,-0.0,-1.9
2025-12-17 22:00:00-05:00,92.23,94.21,-0.0,-1.98
2025-12-17 23:00:00-05:00,78.36,79.88,-0.0,-1.52
2025-12-18 00:00:00-05:00,65.1,65.76,-0.0,-0.66
2025-12-18 01:00:00-05:00,61.22,61.96,-0.0,-0.74
2025-12-18 02:00:00-05:00,56.32,57.06,-0.0,-0.74
2025-12-18 03:00:00-05:00,56.51,57.49,-0.0,-0.98
2025-12-18 04:00:00-05:00,55.58,56.49,-0.0,-0.91
2025-12-18 05:00:00-05:00,56.96,58.24,-0.0,-1.28
2025-12-18 06:00:00-05:00,61.55,62.93,-0.0,-1.38
2025-12-18 07:00:00-05:00,71.07,72.74,-0.0,-1.67
2025-12-18 08:00:00-05:00,62.7,64.24,-0.0,-1.54
2025-12-18 09:00:00-05:00,56.77,57.99,-0.0,-1.22
2025-12-18 10:00:00-05:00,55.09,56.5,-0.0,-1.41
2025-12-18 11:00:00-05:00,51.91,53.08,-0.0,-1.17
2025-12-18 12:00:00-05:00,49.12,50.23,-0.0,-1.11
2025-12-18 13:00:00-05:00,49.68,50.9,-0.0,-1.22
2025-12-18 14:00:00-05:00,53.22,54.31,-0.0,-1.09
2025-12-18 15:00:00-05:00,58.42,59.55,-0.0,-1.13
2025-12-18 16:00:00-05:00,65.53,66.6,-0.0,-1.07
2025-12-18 17:00:00-05:00,71.11,71.97,-0.0,-0.86
2025-12-18 18:00:00-05:00,68.09,68.91,-0.0,-0.82
2025-12-18 19:00:00-05:00,61.99,62.68,-0.0,-0.69
2025-12-18 20:00:00-05:00,59.44,60.22,-0.0,-0.78
2025-12-18 21:00:00-05:00,55.25,56.09,-0.0,-0.84
2025-12-18 22:00:00-05:00,49.37,50.22,-0.0,-0.85
2025-12-18 23:00:00-05:00,44.61,45.29,-0.0,-0.68
2025-12-19 00:00:00-05:00,39.16,39.68,-0.0,-0.52
2025-12-19 01:00:00-05:00,37.6,38.13,-0.0,-0.53
2025-12-19 02:00:00-05:00,36.79,37.2,-0.0,-0.41
2025-12-19 03:00:00-05:00,36.24,36.61,-0.0,-0.37
2025-12-19 04:00:00-05:00,34.88,35.3,-0.0,-0.42
2025-12-19 05:00:00-05:00,36.32,37.02,-0.0,-0.7
2025-12-19 06:00:00-05:00,42.18,42.82,-0.0,-0.64
2025-12-19 07:00:00-05:00,48.57,49.16,-0.0,-0.59
2025-12-19 08:00:00-05:00,51.89,52.63,-0.0,-0.74
2025-12-19 09:00:00-05:00,53.53,54.18,-0.0,-0.65
2025-12-19 10:00:00-05:00,52.32,53.01,-0.0,-0.69
2025-12-19 11:00:00-05:00,51.12,51.79,-0.0,-0.67
2025-12-19 12:00:00-05:00,49.71,50.42,-0.0,-0.71
2025-12-19 13:00:00-05:00,47.46,47.91,0.27,-0.72
2025-12-19 14:00:00-05:00,45.79,46.24,0.2,-0.65
2025-12-19 15:00:00-05:00,50.26,50.92,-0.0,-0.66
2025-12-19 16:00:00-05:00,60.37,61.03,0.01,-0.67
2025-12-19 17:00:00-05:00,72.18,71.55,1.49,-0.86
2025-12-19 18:00:00-05:00,69.86,66.12,4.6,-0.86
2025-12-19 19:00:00-05:00,62.29,60.75,2.39,-0.85
2025-12-19 20:00:00-05:00,58.9,59.43,0.24,-0.77
2025-12-19 21:00:00-05:00,55.25,56.09,-0.0,-0.84
2025-12-19 22:00:00-05:00,51.69,52.58,-0.0,-0.89
2025-12-19 23:00:00-05:00,49.95,50.25,-0.0,-0.3
2025-12-20 00:00:00-05:00,48.23,48.87,-0.0,-0.64
2025-12-20 01:00:00-05:00,46.5,47.11,-0.0,-0.61
2025-12-20 02:00:00-05:00,44.86,45.5,-0.0,-0.64
2025-12-20 03:00:00-05:00,44.42,44.87,-0.0,-0.45
2025-12-20 04:00:00-05:00,46.01,46.33,-0.0,-0.32
2025-12-20 05:00:00-05:00,45.49,45.9,-0.0,-0.41
2025-12-20 06:00:00-05:00,53.02,53.56,-0.0,-0.54
2025-12-20 07:00:00-05:00,57.63,58.68,-0.0,-1.05
2025-12-20 08:00:00-05:00,60.45,61.68,-0.0,-1.23
2025-12-20 09:00:00-05:00,50.2,51.33,-0.0,-1.13
2025-12-20 10:00:00-05:00,56.08,57.99,-0.0,-1.91
2025-12-20 11:00:00-05:00,50.49,52.32,-0.0,-1.83
2025-12-20 12:00:00-05:00,50.8,52.75,-0.0,-1.95
2025-12-20 13:00:00-05:00,53.64,53.6,2.08,-2.04
2025-12-20 14:00:00-05:00,54.9,55.39,1.73,-2.22
2025-12-20 15:00:00-05:00,59.57,57.31,4.5,-2.24
2025-12-20 16:00:00-05:00,71.52,69.31,4.7,-2.49
2025-12-20 17:00:00-05:00,78.47,75.7,5.12,-2.35
2025-12-20 18:00:00-05:00,70.24,67.78,4.63,-2.17
2025-12-20 19:00:00-05:00,66.17,64.0,4.41,-2.24
2025-12-20 20:00:00-05:00,57.65,54.88,4.74,-1.97
2025-12-20 21:00:00-05:00,55.15,52.03,5.15,-2.03
2025-12-20 22:00:00-05:00,52.07,53.28,0.66,-1.87
2025-12-20 23:00:00-05:00,51.06,52.8,0.06,-1.8
2025-12-21 00:00:00-05:00,49.71,51.14,-0.0,-1.43
2025-12-21 01:00:00-05:00,46.64,47.79,-0.0,-1.15
2025-12-21 02:00:00-05:00,43.71,44.83,-0.0,-1.12
2025-12-21 03:00:00-05:00,41.46,42.52,-0.0,-1.06
2025-12-21 04:00:00-05:00,41.84,42.87,-0.0,-1.03
2025-12-21 05:00:00-05:00,42.15,43.28,-0.0,-1.13
2025-12-21 06:00:00-05:00,45.05,46.3,-0.0,-1.25
2025-12-21 07:00:00-05:00,49.79,50.96,-0.0,-1.17
2025-12-21 08:00:00-05:00,50.03,50.88,0.27,-1.12
2025-12-21 09:00:00-05:00,48.2,49.28,-0.0,-1.08
2025-12-21 10:00:00-05:00,47.18,48.24,-0.0,-1.06
2025-12-21 11:00:00-05:00,45.58,46.61,-0.0,-1.03
2025-12-21 12:00:00-05:00,45.47,46.13,0.45,-1.11
2025-12-21 13:00:00-05:00,45.28,45.9,0.48,-1.1
2025-12-21 14:00:00-05:00,53.39,53.42,1.47,-1.5
2025-12-21 15:00:00-05:00,59.62,58.09,3.16,-1.63
2025-12-21 16:00:00-05:00,68.46,69.72,0.27,-1.53
2025-12-21 17:00:00-05:00,78.12,79.55,-0.0,-1.43
2025-12-21 18:00:00-05:00,71.54,72.71,-0.0,-1.17
2025-12-21 19:00:00-05:00,69.95,71.01,-0.0,-1.06
2025-12-21 20:00:00-05:00,65.61,66.61,-0.0,-1.0
2025-12-21 21:00:00-05:00,62.36,63.38,-0.0,-1.02
2025-12-21 22:00:00-05:00,67.18,68.07,-0.0,-0.89
2025-12-21 23:00:00-05:00,61.48,61.85,-0.0,-0.37
2025-12-22 00:00:00-05:00,62.61,63.12,-0.0,-0.51
2025-12-22 01:00:00-05:00,59.74,60.22,-0.0,-0.48
2025-12-22 02:00:00-05:00,57.7,58.1,-0.0,-0.4
2025-12-22 03:00:00-05:00,57.43,58.12,-0.0,-0.69
2025-12-22 04:00:00-05:00,58.68,59.27,-0.0,-0.59
2025-12-22 05:00:00-05:00,59.72,60.63,-0.0,-0.91
2025-12-22 06:00:00-05:00,79.15,80.69,-0.0,-1.54
2025-12-22 07:00:00-05:00,95.68,97.83,-0.0,-2.15
2025-12-22 08:00:00-05:00,90.0,92.2,0.01,-2.21
2025-12-22 09:00:00-05:00,65.67,67.08,-0.0,-1.41
2025-12-22 10:00:00-05:00,65.95,67.43,-0.0,-1.48
2025-12-22 11:00:00-05:00,61.62,62.94,-0.0,-1.32
2025-12-22 12:00:00-05:00,59.71,60.99,-0.0,-1.28
2025-12-22 13:00:00-05:00,60.64,62.0,-0.0,-1.36
2025-12-22 14:00:00-05:00,69.16,70.43,-0.0,-1.27
2025-12-22 15:00:00-05:00,75.84,77.15,-0.0,-1.31
2025-12-22 16:00:00-05:00,94.08,95.51,-0.0,-1.43
2025-12-22 17:00:00-05:00,105.0,106.39,-0.0,-1.39
2025-12-22 18:00:00-05:00,98.16,99.65,-0.0,-1.49
2025-12-22 19:00:00-05:00,94.1,95.44,-0.0,-1.34
2025-12-22 20:00:00-05:00,76.28,77.36,-0.0,-1.08
2025-12-22 21:00:00-05:00,72.27,73.37,-0.0,-1.1
2025-12-22 22:00:00-05:00,69.98,71.41,-0.0,-1.43
2025-12-22 23:00:00-05:00,66.51,67.73,-0.0,-1.22
2025-12-23 00:00:00-05:00,56.84,57.88,-0.0,-1.04
2025-12-23 01:00:00-05:00,54.58,55.75,-0.0,-1.17
2025-12-23 02:00:00-05:00,50.83,51.76,-0.0,-0.93
2025-12-23 03:00:00-05:00,49.05,49.85,-0.0,-0.8
2025-12-23 04:00:00-05:00,51.36,52.36,-0.0,-1.0
2025-12-23 05:00:00-05:00,55.18,56.71,-0.0,-1.53
2025-12-23 06:00:00-05:00,61.96,63.68,-0.0,-1.72
2025-12-23 07:00:00-05:00,68.23,69.98,-0.0,-1.75
2025-12-23 08:00:00-05:00,69.97,71.99,-0.0,-2.02
2025-12-23 09:00:00-05:00,76.96,79.09,-0.0,-2.13
2025-12-23 10:00:00-05:00,76.09,75.01,3.18,-2.1
2025-12-23 11:00:00-05:00,73.09,72.42,2.55,-1.88
2025-12-23 12:00:00-05:00,66.37,67.12,1.06,-1.81
2025-12-23 13:00:00-05:00,67.07,66.87,1.94,-1.74
2025-12-23 14:00:00-05:00,66.41,67.97,0.07,-1.63
2025-12-23 15:00:00-05:00,66.45,64.65,3.35,-1.55
2025-12-23 16:00:00-05:00,69.16,68.8,2.08,-1.72
2025-12-23 17:00:00-05:00,78.11,75.68,4.1,-1.67
2025-12-23 18:00:00-05:00,67.92,67.72,1.75,-1.55
2025-12-23 19:00:00-05:00,61.5,61.45,1.65,-1.6
2025-12-23 20:00:00-05:00,61.1,60.53,2.26,-1.69
2025-12-23 21:00:00-05:00,57.67,57.34,1.99,-1.66
2025-12-23 22:00:00-05:00,51.26,52.68,-0.0,-1.42
2025-12-23 23:00:00-05:00,49.58,50.85,-0.0,-1.27
2025-12-24 00:00:00-05:00,44.58,45.72,-0.0,-1.14
2025-12-24 01:00:00-05:00,40.82,41.82,-0.0,-1.0
2025-12-24 02:00:00-05:00,37.95,38.84,-0.0,-0.89
2025-12-24 03:00:00-05:00,37.46,38.22,-0.0,-0.76
2025-12-24 04:00:00-05:00,37.48,38.21,-0.0,-0.73
2025-12-24 05:00:00-05:00,41.64,42.71,-0.0,-1.07
2025-12-24 06:00:00-05:00,51.52,52.84,-0.0,-1.32
2025-12-24 07:00:00-05:00,57.3,58.83,-0.0,-1.53
2025-12-24 08:00:00-05:00,57.33,58.74,-0.0,-1.41
2025-12-24 09:00:00-05:00,54.93,55.94,-0.0,-1.01
2025-12-24 10:00:00-05:00,54.7,55.65,-0.0,-0.95
2025-12-24 11:00:00-05:00,53.04,53.96,-0.0,-0.92
2025-12-24 12:00:00-05:00,51.12,52.11,-0.0,-0.99
2025-12-24 13:00:00-05:00,54.09,55.14,-0.0,-1.05
2025-12-24 14:00:00-05:00,58.44,59.33,-0.0,-0.89
2025-12-24 15:00:00-05:00,59.99,60.78,-0.0,-0.79
2025-12-24 16:00:00-05:00,67.78,68.53,-0.0,-0.75
2025-12-24 17:00:00-05:00,81.54,82.45,-0.0,-0.91
2025-12-24 18:00:00-05:00,68.04,69.15,-0.0,-1.11
2025-12-24 19:00:00-05:00,65.08,66.07,-0.0,-0.99
2025-12-24 20:00:00-05:00,61.31,62.5,-0.0,-1.19
2025-12-24 21:00:00-05:00,58.27,59.58,-0.0,-1.31
2025-12-24 22:00:00-05:00,57.72,58.96,-0.0,-1.24
2025-12-24 23:00:00-05:00,54.9,55.68,-0.0,-0.78
2025-12-25 00:00:00-05:00,48.64,49.84,-0.0,-1.2
2025-12-25 01:00:00-05:00,45.08,46.14,-0.0,-1.06
2025-12-25 02:00:00-05:00,43.61,44.77,-0.0,-1.16
2025-12-25 03:00:00-05:00,40.56,41.6,-0.0,-1.04
2025-12-25 04:00:00-05:00,40.34,41.33,-0.0,-0.99
2025-12-25 05:00:00-05:00,41.81,42.93,-0.0,-1.12
2025-12-25 06:00:00-05:00,45.25,46.55,-0.0,-1.3
2025-12-25 07:00:00-05:00,46.05,47.33,-0.0,-1.28
2025-12-25 08:00:00-05:00,48.42,49.71,-0.0,-1.29
2025-12-25 09:00:00-05:00,46.31,47.74,-0.0,-1.43
2025-12-25 10:00:00-05:00,50.53,52.15,-0.0,-1.62
2025-12-25 11:00:00-05:00,46.19,47.62,-0.0,-1.43
2025-12-25 12:00:00-05:00,45.59,47.05,-0.0,-1.46
2025-12-25 13:00:00-05:00,43.76,44.97,-0.0,-1.21
2025-12-25 14:00:00-05:00,43.87,44.99,-0.0,-1.12
2025-12-25 15:00:00-05:00,47.98,49.46,-0.0,-1.48
2025-12-25 16:00:00-05:00,52.87,54.28,-0.0,-1.41
2025-12-25 17:00:00-05:00,57.65,59.19,-0.0,-1.54
2025-12-25 18:00:00-05:00,54.49,56.0,-0.0,-1.51
2025-12-25 19:00:00-05:00,53.25,54.67,-0.0,-1.42
2025-12-25 20:00:00-05:00,53.29,54.54,-0.0,-1.25
2025-12-25 21:00:00-05:00,52.63,54.04,-0.0,-1.41
2025-12-25 22:00:00-05:00,55.06,56.41,-0.0,-1.35
2025-12-25 23:00:00-05:00,52.52,53.59,-0.0,-1.07
2025-12-26 00:00:00-05:00,62.8,64.34,-0.0,-1.54
2025-12-26 01:00:00-05:00,56.91,58.37,-0.0,-1.46
2025-12-26 02:00:00-05:00,52.78,54.02,-0.0,-1.24
2025-12-26 03:00:00-05:00,52.7,54.0,-0.0,-1.3
2025-12-26 04:00:00-05:00,52.4,53.63,-0.0,-1.23
2025-12-26 05:00:00-05:00,59.2,60.84,-0.0,-1.64
2025-12-26 06:00:00-05:00,66.27,68.46,-0.0,-2.19
2025-12-26 07:00:00-05:00,75.14,77.79,-0.0,-2.65
2025-12-26 08:00:00-05:00,79.46,78.86,3.2,-2.6
2025-12-26 09:00:00-05:00,73.21,75.86,0.01,-2.66
2025-12-26 10:00:00-05:00,75.02,76.77,0.86,-2.61
2025-12-26 11:00:00-05:00,84.27,86.93,0.73,-3.39
2025-12-26 12:00:00-05:00,83.12,83.06,3.22,-3.16
2025-12-26 13:00:00-05:00,77.18,80.4,-0.0,-3.22
2025-12-26 14:00:00-05:00,78.86,82.06,-0.0,-3.2
2025-12-26 15:00:00-05:00,81.08,82.06,2.14,-3.12
2025-12-26 16:00:00-05:00,93.62,92.05,4.79,-3.22
2025-12-26 17:00:00-05:00,108.97,106.97,5.53,-3.53
2025-12-26 18:00:00-05:00,103.38,100.83,5.78,-3.23
2025-12-26 19:00:00-05:00,95.94,93.6,5.34,-3.0
2025-12-26 20:00:00-05:00,94.23,92.05,5.22,-3.04
2025-12-26 21:00:00-05:00,79.38,81.92,-0.0,-2.54
2025-12-26 22:00:00-05:00,75.45,77.71,-0.0,-2.26
2025-12-26 23:00:00-05:00,77.15,79.37,-0.0,-2.22
2025-12-27 00:00:00-05:00,79.06,81.34,-0.0,-2.28
2025-12-27 01:00:00-05:00,68.21,70.03,-0.0,-1.82
2025-12-27 02:00:00-05:00,66.69,68.4,-0.0,-1.71
2025-12-27 03:00:00-05:00,64.23,65.94,-0.0,-1.71
2025-12-27 04:00:00-05:00,64.81,66.61,-0.0,-1.8
2025-12-27 05:00:00-05:00,67.23,69.09,-0.0,-1.86
2025-12-27 06:00:00-05:00,69.33,71.33,-0.0,-2.0
2025-12-27 07:00:00-05:00,69.31,70.72,-0.0,-1.41
2025-12-27 08:00:00-05:00,77.41,79.23,-0.0,-1.82
2025-12-27 09:00:00-05:00,89.7,92.28,-0.0,-2.58
2025-12-27 10:00:00-05:00,87.01,89.24,-0.0,-2.23
2025-12-27 11:00:00-05:00,91.45,94.18,-0.0,-2.73
2025-12-27 12:00:00-05:00,81.38,83.55,-0.0,-2.17
2025-12-27 13:00:00-05:00,74.4,76.15,-0.0,-1.75
2025-12-27 14:00:00-05:00,74.6,76.2,-0.0,-1.6
2025-12-27 15:00:00-05:00,80.15,82.12,-0.0,-1.97
2025-12-27 16:00:00-05:00,92.37,94.45,-0.0,-2.08
2025-12-27 17:00:00-05:00,106.62,108.9,0.01,-2.29
2025-12-27 18:00:00-05:00,96.06,98.01,0.01,-1.96
2025-12-27 19:00:00-05:00,89.05,91.04,0.01,-2.0
2025-12-27 20:00:00-05:00,85.31,87.3,0.01,-2.0
2025-12-27 21:00:00-05:00,80.92,82.9,0.01,-1.99
2025-12-27 22:00:00-05:00,84.73,86.9,-0.0,-2.17
2025-12-27 23:00:00-05:00,84.76,86.75,-0.0,-1.99
2025-12-28 00:00:00-05:00,105.17,107.64,-0.0,-2.47
2025-12-28 01:00:00-05:00,89.47,91.57,-0.0,-2.1
2025-12-28 02:00:00-05:00,77.47,79.29,-0.0,-1.82
2025-12-28 03:00:00-05:00,77.47,79.21,-0.0,-1.74
2025-12-28 04:00:00-05:00,77.39,79.21,-0.0,-1.82
2025-12-28 05:00:00-05:00,84.44,86.52,-0.0,-2.08
2025-12-28 06:00:00-05:00,85.15,87.42,-0.0,-2.27
2025-12-28 07:00:00-05:00,85.37,87.38,-0.0,-2.01
2025-12-28 08:00:00-05:00,73.46,75.49,-0.0,-2.03
2025-12-28 09:00:00-05:00,72.17,74.33,-0.0,-2.16
2025-12-28 10:00:00-05:00,66.62,68.61,-0.0,-1.99
2025-12-28 11:00:00-05:00,63.96,65.67,-0.0,-1.71
2025-12-28 12:00:00-05:00,62.36,64.36,-0.0,-2.0
2025-12-28 13:00:00-05:00,62.86,64.94,-0.0,-2.08
2025-12-28 14:00:00-05:00,66.51,68.71,-0.0,-2.2
2025-12-28 15:00:00-05:00,66.87,68.87,-0.0,-2.0
2025-12-28 16:00:00-05:00,82.11,84.47,-0.0,-2.36
2025-12-28 17:00:00-05:00,91.25,93.59,-0.0,-2.34
2025-12-28 18:00:00-05:00,80.64,82.7,-0.0,-2.06
2025-12-28 19:00:00-05:00,68.21,70.03,-0.0,-1.82
2025-12-28 20:00:00-05:00,65.75,67.99,-0.0,-2.24
2025-12-28 21:00:00-05:00,60.89,62.91,-0.0,-2.02
2025-12-28 22:00:00-05:00,55.84,57.57,-0.0,-1.73
2025-12-28 23:00:00-05:00,55.25,57.08,-0.0,-1.83
2025-12-29 00:00:00-05:00,53.77,55.83,-0.0,-2.06
2025-12-29 01:00:00-05:00,52.53,54.75,0.03,-2.25
2025-12-29 02:00:00-05:00,52.46,54.39,0.25,-2.18
2025-12-29 03:00:00-05:00,51.1,52.94,0.33,-2.17
2025-12-29 04:00:00-05:00,49.9,52.03,0.01,-2.14
2025-12-29 05:00:00-05:00,46.36,47.02,1.31,-1.97
2025-12-29 06:00:00-05:00,55.89,54.91,2.95,-1.97
2025-12-29 07:00:00-05:00,62.77,61.75,3.18,-2.16
2025-12-29 08:00:00-05:00,64.69,63.09,3.87,-2.27
2025-12-29 09:00:00-05:00,63.91,63.03,3.21,-2.33
2025-12-29 10:00:00-05:00,68.13,63.31,7.1,-2.28
2025-12-29 11:00:00-05:00,60.51,58.74,3.83,-2.06
2025-12-29 12:00:00-05:00,57.25,56.44,2.67,-1.86
2025-12-29 13:00:00-05:00,54.2,53.36,2.65,-1.81
2025-12-29 14:00:00-05:00,54.44,55.16,1.16,-1.88
2025-12-29 15:00:00-05:00,57.16,57.04,1.83,-1.71
2025-12-29 16:00:00-05:00,63.13,64.15,0.65,-1.67
2025-12-29 17:00:00-05:00,85.82,82.46,5.5,-2.14
2025-12-29 18:00:00-05:00,74.38,71.69,4.48,-1.79
2025-12-29 19:00:00-05:00,65.58,64.78,2.48,-1.68
2025-12-29 20:00:00-05:00,67.72,66.01,3.49,-1.78
2025-12-29 21:00:00-05:00,59.57,60.05,1.26,-1.74
2025-12-29 22:00:00-05:00,56.47,58.16,-0.0,-1.69
2025-12-29 23:00:00-05:00,57.06,58.77,-0.0,-1.71
2025-12-30 00:00:00-05:00,60.27,62.26,-0.0,-1.99
2025-12-30 01:00:00-05:00,57.31,59.02,-0.0,-1.71
2025-12-30 02:00:00-05:00,52.8,54.49,-0.0,-1.69
2025-12-30 03:00:00-05:00,55.12,56.88,-0.0,-1.76
2025-12-30 04:00:00-05:00,48.91,50.48,-0.0,-1.57
2025-12-30 05:00:00-05:00,52.45,53.56,0.77,-1.88
2025-12-30 06:00:00-05:00,58.7,58.48,2.09,-1.87
2025-12-30 07:00:00-05:00,63.54,59.45,5.87,-1.78
2025-12-30 08:00:00-05:00,68.38,63.44,6.91,-1.97
2025-12-30 09:00:00-05:00,70.24,67.62,4.79,-2.17
2025-12-30 10:00:00-05:00,69.75,66.84,5.18,-2.27
2025-12-30 11:00:00-05:00,69.63,66.7,5.2,-2.27
2025-12-30 12:00:00-05:00,73.38,69.74,5.8,-2.16
2025-12-30 13:00:00-05:00,70.84,68.45,4.51,-2.12
2025-12-30 14:00:00-05:00,72.2,69.89,4.61,-2.3
2025-12-30 15:00:00-05:00,77.59,73.7,6.1,-2.21
2025-12-30 16:00:00-05:00,92.49,86.82,8.19,-2.52
2025-12-30 17:00:00-05:00,122.48,118.65,7.03,-3.2
2025-12-30 18:00:00-05:00,123.22,119.82,6.63,-3.23
2025-12-30 19:00:00-05:00,112.48,109.13,6.29,-2.94
2025-12-30 20:00:00-05:00,102.43,99.04,6.16,-2.77
2025-12-30 21:00:00-05:00,77.01,72.84,6.5,-2.33
2025-12-30 22:00:00-05:00,71.04,70.32,3.11,-2.39
2025-12-30 23:00:00-05:00,77.9,80.38,0.01,-2.49
2026-01-01 00:00:00-05:00,97.6,101.04,-0.0,-3.44
2026-01-01 01:00:00-05:00,89.08,92.22,-0.0,-3.14
2026-01-01 02:00:00-05:00,73.0,75.49,-0.0,-2.49
2026-01-01 03:00:00-05:00,67.3,69.6,-0.0,-2.3
2026-01-01 04:00:00-05:00,67.65,69.81,-0.0,-2.16
2026-01-01 05:00:00-05:00,84.02,86.53,-0.0,-2.51
2026-01-01 06:00:00-05:00,105.37,108.29,-0.0,-2.92
2026-01-01 07:00:00-05:00,101.5,104.75,-0.0,-3.25
2026-01-01 08:00:00-05:00,106.53,110.06,-0.0,-3.53
2026-01-01 09:00:00-05:00,107.49,111.27,-0.0,-3.78
2026-01-01 10:00:00-05:00,106.34,110.31,-0.0,-3.97
2026-01-01 11:00:00-05:00,99.9,103.74,-0.0,-3.84
2026-01-01 12:00:00-05:00,98.59,102.38,-0.0,-3.79
2026-01-01 13:00:00-05:00,101.2,105.09,-0.0,-3.89
2026-01-01 14:00:00-05:00,114.15,118.41,-0.0,-4.26
2026-01-01 15:00:00-05:00,113.71,117.58,0.01,-3.88
2026-01-01 16:00:00-05:00,141.0,137.18,8.07,-4.25
2026-01-01 17:00:00-05:00,147.54,151.25,0.68,-4.39
2026-01-01 18:00:00-05:00,155.99,156.19,4.48,-4.68
2026-01-01 19:00:00-05:00,138.69,140.99,2.22,-4.52
2026-01-01 20:00:00-05:00,125.0,128.44,0.93,-4.37
2026-01-01 21:00:00-05:00,120.91,125.69,-0.0,-4.78
2026-01-01 22:00:00-05:00,119.51,123.72,-0.0,-4.21
2026-01-01 23:00:00-05:00,123.57,127.52,-0.0,-3.95
2026-01-02 00:00:00-05:00,125.46,129.47,-0.0,-4.01
2026-01-02 01:00:00-05:00,116.43,120.16,-0.0,-3.73
2026-01-02 02:00:00-05:00,108.4,111.87,-0.0,-3.47
2026-01-02 03:00:00-05:00,109.45,112.95,-0.0,-3.5
2026-01-02 04:00:00-05:00,109.66,113.17,-0.0,-3.51
2026-01-02 05:00:00-05:00,113.93,117.7,-0.0,-3.77
2026-01-02 06:00:00-05:00,128.21,132.86,-0.0,-4.65
2026-01-02 07:00:00-05:00,133.04,137.44,-0.0,-4.4
2026-01-02 08:00:00-05:00,143.9,148.81,-0.0,-4.91
2026-01-02 09:00:00-05:00,127.74,132.1,-0.0,-4.36
2026-01-02 10:00:00-05:00,137.82,142.96,-0.0,-5.14
2026-01-02 11:00:00-05:00,124.17,128.94,-0.0,-4.77
2026-01-02 12:00:00-05:00,117.79,122.57,-0.0,-4.78
2026-01-02 13:00:00-05:00,117.32,122.08,-0.0,-4.76
2026-01-02 14:00:00-05:00,121.16,125.68,-0.0,-4.52
2026-01-02 15:00:00-05:00,130.29,135.19,-0.16,-4.74
2026-01-02 16:00:00-05:00,152.72,157.92,0.33,-5.53
2026-01-02 17:00:00-05:00,164.57,171.97,-1.55,-5.85
2026-01-02 18:00:00-05:00,146.6,153.06,-1.1,-5.36
2026-01-02 19:00:00-05:00,131.58,136.92,-0.54,-4.8
2026-01-02 20:00:00-05:00,128.5,134.08,-0.88,-4.7
2026-01-02 21:00:00-05:00,105.11,106.38,2.66,-3.93
2026-01-02 22:00:00-05:00,118.87,123.05,-0.0,-4.18
2026-01-02 23:00:00-05:00,117.71,121.72,-0.0,-4.01
2026-01-03 00:00:00-05:00,123.26,126.67,-0.0,-3.41
2026-01-03 01:00:00-05:00,121.33,124.69,-0.0,-3.36
2026-01-03 02:00:00-05:00,117.13,120.37,-0.0,-3.24
2026-01-03 03:00:00-05:00,113.65,116.68,-0.0,-3.03
2026-01-03 04:00:00-05:00,114.14,117.3,-0.0,-3.16
2026-01-03 05:00:00-05:00,120.76,123.85,-0.0,-3.09
2026-01-03 06:00:00-05:00,127.04,130.43,-0.0,-3.39
2026-01-03 07:00:00-05:00,118.11,122.02,-0.0,-3.91
2026-01-03 08:00:00-05:00,128.63,138.9,-5.96,-4.31
2026-01-03 09:00:00-05:00,120.52,130.17,-5.61,-4.04
2026-01-03 10:00:00-05:00,116.24,125.64,-5.37,-4.03
2026-01-03 11:00:00-05:00,113.11,122.18,-5.16,-3.91
2026-01-03 12:00:00-05:00,112.73,121.77,-5.14,-3.9
2026-01-03 13:00:00-05:00,114.56,123.54,-5.15,-3.83
2026-01-03 14:00:00-05:00,116.22,124.89,-5.04,-3.63
2026-01-03 15:00:00-05:00,125.16,129.43,-0.0,-4.27
2026-01-03 16:00:00-05:00,144.33,149.25,-0.0,-4.92
2026-01-03 17:00:00-05:00,154.67,159.45,-0.0,-4.78
2026-01-03 18:00:00-05:00,149.43,154.38,-0.0,-4.95
2026-01-03 19:00:00-05:00,135.0,139.6,-0.0,-4.6
2026-01-03 20:00:00-05:00,124.54,129.19,-0.0,-4.65
2026-01-03 21:00:00-05:00,116.16,120.25,-0.0,-4.09
2026-01-03 22:00:00-05:00,118.26,121.8,-0.0,-3.54
2026-01-03 23:00:00-05:00,118.21,121.24,-0.0,-3.03
2026-01-04 00:00:00-05:00,131.62,134.86,-0.0,-3.24
2026-01-04 01:00:00-05:00,120.77,123.86,-0.0,-3.09
2026-01-04 02:00:00-05:00,116.24,119.34,-0.0,-3.1
2026-01-04 03:00:00-05:00,113.07,115.96,-0.0,-2.89
2026-01-04 04:00:00-05:00,107.91,110.79,-0.0,-2.88
2026-01-04 05:00:00-05:00,109.09,111.88,-0.0,-2.79
2026-01-04 06:00:00-05:00,105.0,107.69,-0.0,-2.69
2026-01-04 07:00:00-05:00,99.61,102.48,-0.0,-2.87
2026-01-04 08:00:00-05:00,107.5,110.82,-0.0,-3.32
2026-01-04 09:00:00-05:00,111.71,115.16,-0.0,-3.45
2026-01-04 10:00:00-05:00,114.14,117.92,-0.0,-3.78
2026-01-04 11:00:00-05:00,115.25,119.06,-0.0,-3.81
2026-01-04 12:00:00-05:00,113.0,116.85,-0.0,-3.85
2026-01-04 13:00:00-05:00,113.55,117.42,-0.0,-3.87
2026-01-04 14:00:00-05:00,114.85,118.53,-0.0,-3.68
2026-01-04 15:00:00-05:00,120.36,123.96,-0.0,-3.6
2026-01-04 16:00:00-05:00,143.49,148.08,-0.0,-4.59
2026-01-04 17:00:00-05:00,173.7,178.7,-0.0,-5.0
2026-01-04 18:00:00-05:00,158.23,162.96,-0.0,-4.73
2026-01-04 19:00:00-05:00,154.92,159.88,-0.0,-4.96
2026-01-04 20:00:00-05:00,128.96,132.67,-0.0,-3.71
2026-01-04 21:00:00-05:00,122.63,126.3,-0.0,-3.67
2026-01-04 22:00:00-05:00,117.87,121.02,-0.0,-3.15
2026-01-04 23:00:00-05:00,118.11,120.77,-0.0,-2.66
2026-01-05 00:00:00-05:00,132.23,135.07,-0.0,-2.84
2026-01-05 01:00:00-05:00,120.38,123.09,-0.0,-2.71
2026-01-05 02:00:00-05:00,114.76,117.23,-0.0,-2.47
2026-01-05 03:00:00-05:00,116.02,118.63,-0.0,-2.61
2026-01-05 04:00:00-05:00,118.67,121.22,-0.0,-2.55
2026-01-05 05:00:00-05:00,122.0,124.87,-0.0,-2.87
2026-01-05 06:00:00-05:00,130.65,133.46,-0.0,-2.81
2026-01-05 07:00:00-05:00,148.62,151.82,-0.0,-3.2
2026-01-05 08:00:00-05:00,156.35,160.35,-0.0,-4.0
2026-01-05 09:00:00-05:00,168.08,172.21,-0.0,-4.13
2026-01-05 10:00:00-05:00,151.71,155.59,-0.0,-3.88
2026-01-05 11:00:00-05:00,141.15,144.92,-0.0,-3.77
2026-01-05 12:00:00-05:00,135.69,139.31,-0.0,-3.62
2026-01-05 13:00:00-05:00,133.63,136.77,-0.0,-3.14
2026-01-05 14:00:00-05:00,135.57,138.91,-0.0,-3.34
2026-01-05 15:00:00-05:00,134.0,137.01,-0.0,-3.01
2026-01-05 16:00:00-05:00,157.48,160.54,-0.0,-3.06
2026-01-05 17:00:00-05:00,178.79,181.51,-0.0,-2.72
2026-01-05 18:00:00-05:00,166.48,169.19,-0.0,-2.71
2026-01-05 19:00:00-05:00,154.38,156.73,-0.0,-2.35
2026-01-05 20:00:00-05:00,136.9,139.13,-0.0,-2.23
2026-01-05 21:00:00-05:00,124.64,127.57,-0.0,-2.93
2026-01-05 22:00:00-05:00,122.02,124.89,-0.0,-2.87
2026-01-05 23:00:00-05:00,121.91,124.91,-0.0,-3.0
2026-01-06 00:00:00-05:00,120.09,122.79,-0.0,-2.7
2026-01-06 01:00:00-05:00,110.0,112.47,-0.0,-2.47
2026-01-06 02:00:00-05:00,103.99,106.11,-0.0,-2.12
2026-01-06 03:00:00-05:00,105.0,107.14,-0.0,-2.14
2026-01-06 04:00:00-05:00,108.93,111.27,-0.0,-2.34
2026-01-06 05:00:00-05:00,113.04,115.82,-0.0,-2.78
2026-01-06 06:00:00-05:00,126.42,129.39,-0.0,-2.97
2026-01-06 07:00:00-05:00,147.99,151.78,-0.0,-3.79
2026-01-06 08:00:00-05:00,133.71,137.28,-0.0,-3.57
2026-01-06 09:00:00-05:00,142.58,146.09,-0.0,-3.51
2026-01-06 10:00:00-05:00,116.42,119.16,-0.0,-2.74
2026-01-06 11:00:00-05:00,112.58,115.35,-0.0,-2.77
2026-01-06 12:00:00-05:00,109.23,112.26,-0.0,-3.03
2026-01-06 13:00:00-05:00,108.27,111.27,-0.0,-3.0
2026-01-06 14:00:00-05:00,107.31,110.18,-0.0,-2.87
2026-01-06 15:00:00-05:00,92.63,95.1,-0.0,-2.47
2026-01-06 16:00:00-05:00,106.73,109.69,-0.0,-2.96
2026-01-06 17:00:00-05:00,114.53,117.46,-0.0,-2.93
2026-01-06 18:00:00-05:00,103.94,106.6,-0.0,-2.66
2026-01-06 19:00:00-05:00,88.51,91.06,-0.0,-2.55
2026-01-06 20:00:00-05:00,80.57,82.98,-0.0,-2.41
2026-01-06 21:00:00-05:00,75.64,77.98,-0.0,-2.34
2026-01-06 22:00:00-05:00,75.02,77.5,-0.0,-2.48
2026-01-06 23:00:00-05:00,70.91,73.1,-0.0,-2.19
2026-01-07 00:00:00-05:00,58.5,59.87,-0.0,-1.37
2026-01-07 01:00:00-05:00,53.81,55.13,-0.0,-1.32
2026-01-07 02:00:00-05:00,53.66,55.03,-0.0,-1.37
2026-01-07 03:00:00-05:00,53.7,55.13,-0.0,-1.43
2026-01-07 04:00:00-05:00,53.76,55.14,-0.0,-1.38
2026-01-07 05:00:00-05:00,51.83,53.32,-0.0,-1.49
2026-01-07 06:00:00-05:00,58.72,60.29,-0.0,-1.57
2026-01-07 07:00:00-05:00,68.57,69.9,-0.0,-1.33
2026-01-07 08:00:00-05:00,65.95,67.16,-0.0,-1.21
2026-01-07 09:00:00-05:00,66.36,67.57,-0.0,-1.21
2026-01-07 10:00:00-05:00,58.89,59.91,-0.0,-1.02
2026-01-07 11:00:00-05:00,58.96,59.67,-0.0,-0.71
2026-01-07 12:00:00-05:00,55.43,56.16,-0.0,-0.73
2026-01-07 13:00:00-05:00,54.35,54.9,-0.0,-0.55
2026-01-07 14:00:00-05:00,53.24,53.78,-0.0,-0.54
2026-01-07 15:00:00-05:00,55.1,55.88,-0.0,-0.78
2026-01-07 16:00:00-05:00,63.95,64.92,-0.0,-0.97
2026-01-07 17:00:00-05:00,77.84,79.02,-0.0,-1.18
2026-01-07 18:00:00-05:00,69.43,70.42,-0.0,-0.99
2026-01-07 19:00:00-05:00,59.0,60.02,-0.0,-1.02
2026-01-07 20:00:00-05:00,53.42,54.51,-0.0,-1.09
2026-01-07 21:00:00-05:00,52.16,53.11,-0.0,-0.95
2026-01-07 22:00:00-05:00,49.89,50.8,-0.0,-0.91
2026-01-07 23:00:00-05:00,49.71,50.52,-0.0,-0.81
2026-01-08 00:00:00-05:00,49.23,49.98,-0.0,-0.75
2026-01-08 01:00:00-05:00,48.78,49.58,-0.0,-0.8
2026-01-08 02:00:00-05:00,47.64,48.32,-0.0,-0.68
2026-01-08 03:00:00-05:00,46.19,46.75,-0.0,-0.56
2026-01-08 04:00:00-05:00,47.6,48.23,-0.0,-0.63
2026-01-08 05:00:00-05:00,48.85,49.7,-0.0,-0.85
2026-01-08 06:00:00-05:00,59.38,60.16,-0.0,-0.78
2026-01-08 07:00:00-05:00,69.06,70.47,-0.0,-1.41
2026-01-08 08:00:00-05:00,65.42,66.75,-0.0,-1.33
2026-01-08 09:00:00-05:00,51.9,52.85,-0.0,-0.95
2026-01-08 10:00:00-05:00,47.7,48.53,-0.0,-0.83
2026-01-08 11:00:00-05:00,43.52,44.36,-0.0,-0.84
2026-01-08 12:00:00-05:00,41.53,42.38,-0.0,-0.85
2026-01-08 13:00:00-05:00,41.7,42.6,-0.0,-0.9
2026-01-08 14:00:00-05:00,44.15,45.14,-0.0,-0.99
2026-01-08 15:00:00-05:00,48.03,49.16,-0.0,-1.13
2026-01-08 16:00:00-05:00,56.25,57.63,-0.0,-1.38
2026-01-08 17:00:00-05:00,62.71,64.45,-0.0,-1.74
2026-01-08 18:00:00-05:00,54.3,55.86,-0.0,-1.56
2026-01-08 19:00:00-05:00,49.9,51.34,-0.0,-1.44
2026-01-08 20:00:00-05:00,47.09,48.49,0.01,-1.41
2026-01-08 21:00:00-05:00,44.86,46.3,-0.0,-1.44
2026-01-08 22:00:00-05:00,43.88,45.14,-0.0,-1.26
2026-01-08 23:00:00-05:00,42.97,44.12,-0.0,-1.15
2026-01-09 00:00:00-05:00,46.22,47.8,-0.0,-1.58
2026-01-09 01:00:00-05:00,41.92,43.44,-0.0,-1.52
2026-01-09 02:00:00-05:00,38.98,40.35,-0.0,-1.37
2026-01-09 03:00:00-05:00,38.94,40.31,-0.0,-1.37
2026-01-09 04:00:00-05:00,38.2,39.54,-0.0,-1.34
2026-01-09 05:00:00-05:00,38.53,39.92,0.01,-1.4
2026-01-09 06:00:00-05:00,51.13,49.44,3.27,-1.58
2026-01-09 07:00:00-05:00,55.95,54.24,3.39,-1.68
2026-01-09 08:00:00-05:00,48.9,49.64,0.95,-1.69
2026-01-09 09:00:00-05:00,47.77,48.64,0.69,-1.56
2026-01-09 10:00:00-05:00,41.64,42.97,-0.0,-1.33
2026-01-09 11:00:00-05:00,40.89,42.11,-0.0,-1.22
2026-01-09 12:00:00-05:00,39.18,40.39,-0.0,-1.21
2026-01-09 13:00:00-05:00,38.45,39.71,0.01,-1.27
2026-01-09 14:00:00-05:00,41.04,42.01,0.29,-1.26
2026-01-09 15:00:00-05:00,45.47,44.55,2.21,-1.29
2026-01-09 16:00:00-05:00,53.56,52.51,2.68,-1.63
2026-01-09 17:00:00-05:00,63.81,62.28,3.27,-1.74
2026-01-09 18:00:00-05:00,54.86,54.19,2.19,-1.52
2026-01-09 19:00:00-05:00,44.54,45.87,-0.0,-1.33
2026-01-09 20:00:00-05:00,41.63,42.52,-0.0,-0.89
2026-01-09 21:00:00-05:00,39.32,40.08,-0.0,-0.76
2026-01-09 22:00:00-05:00,39.0,39.39,-0.0,-0.39
2026-01-09 23:00:00-05:00,39.04,39.27,-0.0,-0.23
2026-01-10 00:00:00-05:00,36.59,36.66,-0.0,-0.07
2026-01-10 01:00:00-05:00,38.06,38.1,-0.0,-0.04
2026-01-10 02:00:00-05:00,37.39,37.35,-0.0,0.04
2026-01-10 03:00:00-05:00,36.23,36.3,-0.0,-0.07
2026-01-10 04:00:00-05:00,36.58,36.73,-0.0,-0.15
2026-01-10 05:00:00-05:00,36.67,36.89,-0.0,-0.22
2026-01-10 06:00:00-05:00,39.32,39.8,-0.0,-0.48
2026-01-10 07:00:00-05:00,43.45,43.89,-0.0,-0.44
2026-01-10 08:00:00-05:00,43.93,44.55,-0.0,-0.62
2026-01-10 09:00:00-05:00,47.11,48.59,-0.51,-0.97
2026-01-10 10:00:00-05:00,46.18,47.56,-0.57,-0.81
2026-01-10 11:00:00-05:00,48.06,49.88,-0.67,-1.15
2026-01-10 12:00:00-05:00,47.88,49.99,-0.86,-1.25
2026-01-10 13:00:00-05:00,48.66,50.79,-0.81,-1.32
2026-01-10 14:00:00-05:00,48.41,49.7,-0.0,-1.29
2026-01-10 15:00:00-05:00,48.92,50.12,-0.0,-1.2
2026-01-10 16:00:00-05:00,53.47,54.73,-0.0,-1.26
2026-01-10 17:00:00-05:00,56.67,57.89,-0.0,-1.22
2026-01-10 18:00:00-05:00,53.85,55.12,-0.0,-1.27
2026-01-10 19:00:00-05:00,48.5,49.8,-0.0,-1.3
2026-01-10 20:00:00-05:00,41.77,42.67,-0.0,-0.9
2026-01-10 21:00:00-05:00,39.46,40.26,-0.0,-0.8
2026-01-10 22:00:00-05:00,39.49,40.17,-0.0,-0.68
2026-01-10 23:00:00-05:00,37.22,37.86,-0.0,-0.64
2026-01-11 00:00:00-05:00,33.43,34.22,-0.0,-0.79
2026-01-11 01:00:00-05:00,31.98,32.73,-0.0,-0.75
2026-01-11 02:00:00-05:00,29.47,30.22,-0.0,-0.75
2026-01-11 03:00:00-05:00,27.33,28.03,-0.0,-0.7
2026-01-11 04:00:00-05:00,27.24,27.88,-0.0,-0.64
2026-01-11 05:00:00-05:00,28.1,28.73,-0.0,-0.63
2026-01-11 06:00:00-05:00,30.56,31.25,-0.0,-0.69
2026-01-11 07:00:00-05:00,32.42,33.08,-0.0,-0.66
2026-01-11 08:00:00-05:00,31.31,32.03,0.11,-0.83
2026-01-11 09:00:00-05:00,31.56,32.27,-0.0,-0.71
2026-01-11 10:00:00-05:00,30.79,31.51,-0.0,-0.72
2026-01-11 11:00:00-05:00,30.58,31.4,-0.0,-0.82
2026-01-11 12:00:00-05:00,30.6,31.38,-0.0,-0.78
2026-01-11 13:00:00-05:00,31.37,32.14,-0.0,-0.77
2026-01-11 14:00:00-05:00,39.72,38.9,1.79,-0.97
2026-01-11 15:00:00-05:00,42.82,41.68,2.14,-1.0
2026-01-11 16:00:00-05:00,50.9,48.95,3.13,-1.18
2026-01-11 17:00:00-05:00,61.64,59.68,3.27,-1.31
2026-01-11 18:00:00-05:00,57.07,55.28,3.17,-1.38
2026-01-11 19:00:00-05:00,54.64,52.67,3.44,-1.47
2026-01-11 20:00:00-05:00,50.22,48.91,2.58,-1.27
2026-01-11 21:00:00-05:00,40.99,40.04,2.03,-1.08
2026-01-11 22:00:00-05:00,39.28,40.08,-0.0,-0.8
2026-01-11 23:00:00-05:00,33.91,34.53,-0.0,-0.62
2026-01-12 00:00:00-05:00,43.91,44.96,0.03,-1.08
2026-01-12 01:00:00-05:00,41.03,42.01,0.03,-1.01
2026-01-12 02:00:00-05:00,39.66,40.6,0.03,-0.97
2026-01-12 03:00:00-05:00,38.87,39.74,-0.0,-0.87
2026-01-12 04:00:00-05:00,42.05,43.0,-0.0,-0.95
2026-01-12 05:00:00-05:00,41.9,42.93,-0.0,-1.03
2026-01-12 06:00:00-05:00,45.69,42.58,3.54,-0.43
2026-01-12 07:00:00-05:00,85.54,76.69,9.92,-1.07
2026-01-12 08:00:00-05:00,78.92,70.11,9.79,-0.98
2026-01-12 09:00:00-05:00,56.67,54.94,2.83,-1.1
2026-01-12 10:00:00-05:00,51.04,50.71,1.34,-1.01
2026-01-12 11:00:00-05:00,46.87,47.82,0.01,-0.96
2026-01-12 12:00:00-05:00,44.87,45.68,0.01,-0.82
2026-01-12 13:00:00-05:00,45.89,46.82,0.01,-0.94
2026-01-12 14:00:00-05:00,48.41,49.16,0.28,-1.03
2026-01-12 15:00:00-05:00,56.07,54.53,2.52,-0.98
2026-01-12 16:00:00-05:00,63.27,61.16,3.27,-1.16
2026-01-12 17:00:00-05:00,77.26,74.28,4.31,-1.33
2026-01-12 18:00:00-05:00,81.06,75.78,6.64,-1.36
2026-01-12 19:00:00-05:00,69.82,65.25,5.62,-1.05
2026-01-12 20:00:00-05:00,62.92,59.36,4.51,-0.95
2026-01-12 21:00:00-05:00,48.53,48.92,0.49,-0.88
2026-01-12 22:00:00-05:00,47.45,48.08,-0.0,-0.63
2026-01-12 23:00:00-05:00,42.19,42.79,-0.0,-0.6
2026-01-13 00:00:00-05:00,41.28,41.95,-0.0,-0.67
2026-01-13 01:00:00-05:00,40.45,41.19,-0.0,-0.74
2026-01-13 02:00:00-05:00,40.42,41.12,-0.0,-0.7
2026-01-13 03:00:00-05:00,38.53,39.08,-0.0,-0.55
2026-01-13 04:00:00-05:00,39.85,40.42,-0.0,-0.57
2026-01-13 05:00:00-05:00,44.57,45.24,0.01,-0.68
2026-01-13 06:00:00-05:00,66.32,60.98,6.01,-0.67
2026-01-13 07:00:00-05:00,80.02,76.23,4.24,-0.45
2026-01-13 08:00:00-05:00,68.86,64.97,4.86,-0.97
2026-01-13 09:00:00-05:00,48.84,50.87,-1.01,-1.02
2026-01-13 10:00:00-05:00,41.43,42.98,-0.48,-1.07
2026-01-13 11:00:00-05:00,40.04,41.44,-0.28,-1.12
2026-01-13 12:00:00-05:00,39.23,40.49,-0.17,-1.09
2026-01-13 13:00:00-05:00,39.24,40.41,-0.16,-1.01
2026-01-13 14:00:00-05:00,39.29,40.5,-0.16,-1.05
2026-01-13 15:00:00-05:00,50.15,49.53,1.56,-0.94
2026-01-13 16:00:00-05:00,56.15,53.0,4.21,-1.06
2026-01-13 17:00:00-05:00,69.87,66.23,4.7,-1.06
2026-01-13 18:00:00-05:00,61.43,58.44,3.93,-0.94
2026-01-13 19:00:00-05:00,53.18,50.52,3.26,-0.6
2026-01-13 20:00:00-05:00,51.31,48.57,3.57,-0.83
2026-01-13 21:00:00-05:00,44.02,43.6,1.25,-0.83
2026-01-13 22:00:00-05:00,40.81,41.55,0.01,-0.75
2026-01-13 23:00:00-05:00,39.0,39.85,0.03,-0.88
2026-01-14 00:00:00-05:00,31.24,31.68,-0.0,-0.44
2026-01-14 01:00:00-05:00,30.53,30.99,-0.0,-0.46
2026-01-14 02:00:00-05:00,29.33,29.68,-0.0,-0.35
2026-01-14 03:00:00-05:00,29.07,29.48,-0.0,-0.41
2026-01-14 04:00:00-05:00,30.56,31.02,-0.0,-0.46
2026-01-14 05:00:00-05:00,32.56,33.14,0.15,-0.73
2026-01-14 06:00:00-05:00,40.68,40.0,1.4,-0.72
2026-01-14 07:00:00-05:00,63.28,51.89,11.65,-0.26
2026-01-14 08:00:00-05:00,60.87,49.26,11.81,-0.2
2026-01-14 09:00:00-05:00,60.07,50.81,9.56,-0.3
2026-01-14 10:00:00-05:00,58.04,49.97,8.42,-0.35
2026-01-14 11:00:00-05:00,53.13,48.97,4.4,-0.24
2026-01-14 12:00:00-05:00,53.08,48.06,5.21,-0.19
2026-01-14 13:00:00-05:00,45.94,46.54,0.01,-0.61
2026-01-14 14:00:00-05:00,49.09,48.82,0.95,-0.68
2026-01-14 15:00:00-05:00,54.24,52.92,2.01,-0.69
2026-01-14 16:00:00-05:00,57.86,56.79,1.75,-0.68
2026-01-14 17:00:00-05:00,67.36,67.57,0.53,-0.74
2026-01-14 18:00:00-05:00,59.09,57.88,1.56,-0.35
2026-01-14 19:00:00-05:00,59.17,56.92,2.93,-0.68
2026-01-14 20:00:00-05:00,52.49,52.13,1.09,-0.73
2026-01-14 21:00:00-05:00,44.56,45.32,0.01,-0.77
2026-01-14 22:00:00-05:00,43.92,44.32,-0.0,-0.4
2026-01-14 23:00:00-05:00,40.08,40.44,-0.0,-0.36
2026-01-15 00:00:00-05:00,42.95,43.74,-0.0,-0.79
2026-01-15 01:00:00-05:00,41.08,41.79,-0.0,-0.71
2026-01-15 02:00:00-05:00,39.23,39.95,-0.0,-0.72
2026-01-15 03:00:00-05:00,38.88,39.55,-0.0,-0.67
2026-01-15 04:00:00-05:00,39.63,40.19,-0.0,-0.56
2026-01-15 05:00:00-05:00,42.96,43.84,-0.0,-0.88
2026-01-15 06:00:00-05:00,51.17,52.27,-0.0,-1.1
2026-01-15 07:00:00-05:00,61.52,62.52,-0.0,-1.0
2026-01-15 08:00:00-05:00,58.69,59.46,-0.0,-0.77
2026-01-15 09:00:00-05:00,57.18,57.93,-0.0,-0.75
2026-01-15 10:00:00-05:00,63.84,65.28,-0.0,-1.44
2026-01-15 11:00:00-05:00,63.64,65.14,-0.0,-1.5
2026-01-15 12:00:00-05:00,63.81,65.25,-0.0,-1.44
2026-01-15 13:00:00-05:00,64.81,66.2,-0.0,-1.39
2026-01-15 14:00:00-05:00,65.42,66.89,-0.0,-1.47
2026-01-15 15:00:00-05:00,70.19,71.62,-0.0,-1.43
2026-01-15 16:00:00-05:00,78.9,80.25,0.01,-1.36
2026-01-15 17:00:00-05:00,95.12,96.56,0.01,-1.45
2026-01-15 18:00:00-05:00,100.08,96.22,5.21,-1.35
2026-01-15 19:00:00-05:00,86.76,86.0,2.14,-1.38
2026-01-15 20:00:00-05:00,83.66,82.04,3.02,-1.4
2026-01-15 21:00:00-05:00,73.27,74.59,0.02,-1.34
2026-01-15 22:00:00-05:00,67.39,68.49,-0.0,-1.1
2026-01-15 23:00:00-05:00,64.83,66.22,-0.0,-1.39
2026-01-16 00:00:00-05:00,65.76,65.61,1.73,-1.58
2026-01-16 01:00:00-05:00,60.99,60.72,1.85,-1.58
2026-01-16 02:00:00-05:00,57.29,56.88,1.94,-1.53
2026-01-16 03:00:00-05:00,56.78,56.86,1.34,-1.42
2026-01-16 04:00:00-05:00,59.65,60.9,0.27,-1.52
2026-01-16 05:00:00-05:00,63.56,63.74,1.28,-1.46
2026-01-16 06:00:00-05:00,78.22,78.84,1.19,-1.81
2026-01-16 07:00:00-05:00,100.06,101.79,-0.0,-1.73
2026-01-16 08:00:00-05:00,80.61,82.09,-0.0,-1.48
2026-01-16 09:00:00-05:00,71.9,73.45,-0.0,-1.55
2026-01-16 10:00:00-05:00,69.1,70.87,-0.0,-1.77
2026-01-16 11:00:00-05:00,64.35,66.0,-0.0,-1.65
2026-01-16 12:00:00-05:00,62.81,64.42,-0.0,-1.61
2026-01-16 13:00:00-05:00,62.79,64.4,-0.0,-1.61
2026-01-16 14:00:00-05:00,70.61,72.57,-0.0,-1.96
2026-01-16 15:00:00-05:00,78.88,80.9,-0.0,-2.02
2026-01-16 16:00:00-05:00,82.53,82.87,1.56,-1.9
2026-01-16 17:00:00-05:00,99.84,98.4,3.51,-2.07
2026-01-16 18:00:00-05:00,94.76,93.31,3.5,-2.05
2026-01-16 19:00:00-05:00,83.31,82.29,3.0,-1.98
2026-01-16 20:00:00-05:00,80.59,81.54,1.17,-2.12
2026-01-16 21:00:00-05:00,75.66,79.05,-1.42,-1.97
2026-01-16 22:00:00-05:00,73.59,76.28,-0.71,-1.98
2026-01-16 23:00:00-05:00,67.23,69.58,-0.33,-2.02
2026-01-17 00:00:00-05:00,55.45,56.99,-0.0,-1.54
2026-01-17 01:00:00-05:00,57.0,58.64,-0.0,-1.64
2026-01-17 02:00:00-05:00,53.5,54.82,-0.0,-1.32
2026-01-17 03:00:00-05:00,50.57,51.81,-0.0,-1.24
2026-01-17 04:00:00-05:00,49.37,50.53,-0.0,-1.16
2026-01-17 05:00:00-05:00,47.32,48.34,-0.0,-1.02
2026-01-17 06:00:00-05:00,50.36,54.51,-3.33,-0.82
2026-01-17 07:00:00-05:00,53.18,53.94,-0.0,-0.76
2026-01-17 08:00:00-05:00,56.33,57.4,-0.27,-0.8
2026-01-17 09:00:00-05:00,65.28,72.54,-6.31,-0.95
2026-01-17 10:00:00-05:00,74.47,83.75,-8.11,-1.17
2026-01-17 11:00:00-05:00,76.07,85.99,-8.72,-1.2
2026-01-17 12:00:00-05:00,75.99,86.67,-9.38,-1.3
2026-01-17 13:00:00-05:00,77.58,88.24,-9.42,-1.24
2026-01-17 14:00:00-05:00,74.68,86.47,-10.5,-1.29
2026-01-17 15:00:00-05:00,78.1,90.32,-11.14,-1.08
2026-01-17 16:00:00-05:00,87.54,100.77,-12.32,-0.91
2026-01-17 17:00:00-05:00,90.38,103.67,-12.46,-0.83
2026-01-17 18:00:00-05:00,88.94,105.1,-15.32,-0.84
2026-01-17 19:00:00-05:00,79.43,81.93,-0.37,-2.13
2026-01-17 20:00:00-05:00,76.37,76.47,1.89,-1.99
2026-01-17 21:00:00-05:00,69.92,70.86,0.9,-1.84
2026-01-17 22:00:00-05:00,66.87,68.66,-0.0,-1.79
2026-01-17 23:00:00-05:00,61.25,62.95,-0.0,-1.7
2026-01-18 00:00:00-05:00,61.53,63.23,-0.0,-1.7
2026-01-18 01:00:00-05:00,56.72,58.16,0.25,-1.69
2026-01-18 02:00:00-05:00,53.5,55.08,0.02,-1.6
2026-01-18 03:00:00-05:00,49.18,51.69,-1.01,-1.5
2026-01-18 04:00:00-05:00,46.99,47.88,0.5,-1.39
2026-01-18 05:00:00-05:00,49.71,50.77,0.31,-1.37
2026-01-18 06:00:00-05:00,50.56,51.32,0.62,-1.38
2026-01-18 07:00:00-05:00,51.89,53.12,0.15,-1.38
2026-01-18 08:00:00-05:00,65.26,64.24,2.75,-1.73
2026-01-18 09:00:00-05:00,66.75,65.84,2.75,-1.84
2026-01-18 10:00:00-05:00,65.38,61.53,5.69,-1.84
2026-01-18 11:00:00-05:00,68.52,64.65,5.87,-2.0
2026-01-18 12:00:00-05:00,70.33,68.86,3.53,-2.06
2026-01-18 13:00:00-05:00,79.33,79.34,2.21,-2.22
2026-01-18 14:00:00-05:00,83.31,85.13,0.56,-2.38
2026-01-18 15:00:00-05:00,88.08,87.67,2.69,-2.28
2026-01-18 16:00:00-05:00,94.88,98.95,-1.99,-2.08
2026-01-18 17:00:00-05:00,106.94,108.33,0.67,-2.06
2026-01-18 18:00:00-05:00,107.55,108.0,1.71,-2.16
2026-01-18 19:00:00-05:00,97.07,100.51,-1.32,-2.12
2026-01-18 20:00:00-05:00,95.95,97.99,0.12,-2.16
2026-01-18 21:00:00-05:00,87.79,89.73,0.3,-2.24
2026-01-18 22:00:00-05:00,82.51,84.71,-0.0,-2.2
2026-01-18 23:00:00-05:00,78.35,80.28,-0.0,-1.93
2026-01-19 00:00:00-05:00,81.64,83.82,-0.0,-2.18
2026-01-19 01:00:00-05:00,76.35,78.46,-0.0,-2.11
2026-01-19 02:00:00-05:00,74.1,76.32,-0.0,-2.22
2026-01-19 03:00:00-05:00,69.24,71.23,-0.0,-1.99
2026-01-19 04:00:00-05:00,70.93,72.82,-0.0,-1.89
2026-01-19 05:00:00-05:00,78.04,78.12,2.03,-2.11
2026-01-19 06:00:00-05:00,105.39,101.06,6.96,-2.63
2026-01-19 07:00:00-05:00,91.99,113.68,-20.44,-1.25
2026-01-19 08:00:00-05:00,92.4,114.62,-20.85,-1.37
2026-01-19 09:00:00-05:00,89.38,110.17,-19.58,-1.21
2026-01-19 10:00:00-05:00,95.82,121.69,-24.28,-1.59
2026-01-19 11:00:00-05:00,89.33,113.04,-22.47,-1.24
2026-01-19 12:00:00-05:00,90.05,114.45,-23.14,-1.26
2026-01-19 13:00:00-05:00,90.34,115.26,-23.65,-1.27
2026-01-19 14:00:00-05:00,90.0,115.15,-24.11,-1.04
2026-01-19 15:00:00-05:00,89.9,115.87,-25.39,-0.58
2026-01-19 16:00:00-05:00,109.24,144.23,-34.56,-0.43
2026-01-19 17:00:00-05:00,126.46,162.05,-34.78,-0.81
2026-01-19 18:00:00-05:00,119.68,153.84,-33.55,-0.61
2026-01-19 19:00:00-05:00,115.71,149.44,-33.58,-0.15
2026-01-19 20:00:00-05:00,100.89,126.75,-24.98,-0.88
2026-01-19 21:00:00-05:00,87.57,109.43,-20.98,-0.88
2026-01-19 22:00:00-05:00,88.9,109.53,-19.87,-0.76
2026-01-19 23:00:00-05:00,87.97,109.31,-20.35,-0.99
2026-01-20 00:00:00-05:00,77.75,73.79,5.95,-1.99
2026-01-20 01:00:00-05:00,75.7,71.76,5.95,-2.01
2026-01-20 02:00:00-05:00,78.24,75.26,5.01,-2.03
2026-01-20 03:00:00-05:00,80.91,79.07,3.9,-2.06
2026-01-20 04:00:00-05:00,83.28,81.09,4.14,-1.95
2026-01-20 05:00:00-05:00,89.73,85.16,6.44,-1.87
2026-01-20 06:00:00-05:00,120.88,121.7,1.61,-2.43
2026-01-20 07:00:00-05:00,149.4,154.21,-1.88,-2.93
2026-01-20 08:00:00-05:00,142.05,147.46,-2.9,-2.51
2026-01-20 09:00:00-05:00,119.79,133.97,-11.5,-2.68
2026-01-20 10:00:00-05:00,122.22,143.2,-17.69,-3.29
2026-01-20 11:00:00-05:00,97.77,108.44,-8.18,-2.49
2026-01-20 12:00:00-05:00,96.98,108.32,-8.74,-2.6
2026-01-20 13:00:00-05:00,94.35,104.93,-7.96,-2.62
2026-01-20 14:00:00-05:00,90.59,98.0,-5.06,-2.35
2026-01-20 15:00:00-05:00,113.0,123.16,-7.7,-2.46
2026-01-20 16:00:00-05:00,146.24,152.55,-3.26,-3.05
2026-01-20 17:00:00-05:00,171.5,179.63,-4.9,-3.23
2026-01-20 18:00:00-05:00,165.93,172.58,-3.72,-2.93
2026-01-20 19:00:00-05:00,160.67,167.3,-3.62,-3.01
2026-01-20 20:00:00-05:00,148.78,154.05,-2.34,-2.93
2026-01-20 21:00:00-05:00,129.65,135.88,-3.24,-2.99
2026-01-20 22:00:00-05:00,106.39,108.32,0.45,-2.38
2026-01-20 23:00:00-05:00,106.64,108.21,0.91,-2.48
2026-01-21 00:00:00-05:00,105.59,107.89,0.39,-2.69
2026-01-21 01:00:00-05:00,102.77,104.9,0.6,-2.73
2026-01-21 02:00:00-05:00,97.77,97.32,2.98,-2.53
2026-01-21 03:00:00-05:00,97.98,97.41,3.1,-2.53
2026-01-21 04:00:00-05:00,101.08,100.5,3.09,-2.51
2026-01-21 05:00:00-05:00,107.96,109.89,0.71,-2.64
2026-01-21 06:00:00-05:00,128.31,126.59,4.51,-2.79
2026-01-21 07:00:00-05:00,158.59,165.63,-3.55,-3.49
2026-01-21 08:00:00-05:00,149.54,153.39,-0.17,-3.68
2026-01-21 09:00:00-05:00,133.38,138.37,-1.26,-3.73
2026-01-21 10:00:00-05:00,118.95,124.21,-1.78,-3.48
2026-01-21 11:00:00-05:00,103.47,108.01,-1.4,-3.14
2026-01-21 12:00:00-05:00,102.0,105.01,0.25,-3.26
2026-01-21 13:00:00-05:00,100.46,102.99,0.66,-3.19
2026-01-21 14:00:00-05:00,100.36,103.1,0.35,-3.09
2026-01-21 15:00:00-05:00,100.91,102.83,0.85,-2.77
2026-01-21 16:00:00-05:00,111.13,112.29,1.76,-2.92
2026-01-21 17:00:00-05:00,139.47,142.56,0.33,-3.42
2026-01-21 18:00:00-05:00,129.26,128.58,3.77,-3.09
2026-01-21 19:00:00-05:00,114.42,114.76,2.52,-2.86
2026-01-21 20:00:00-05:00,106.01,104.9,3.63,-2.52
2026-01-21 21:00:00-05:00,92.54,90.66,4.32,-2.44
2026-01-21 22:00:00-05:00,83.13,83.73,1.66,-2.26
2026-01-21 23:00:00-05:00,81.27,79.5,4.15,-2.38
2026-01-22 00:00:00-05:00,68.69,70.68,-0.01,-1.98
2026-01-22 01:00:00-05:00,67.13,69.0,-0.01,-1.86
2026-01-22 02:00:00-05:00,67.48,69.79,-0.28,-2.03
2026-01-22 03:00:00-05:00,65.12,67.28,-0.28,-1.88
2026-01-22 04:00:00-05:00,64.36,65.84,0.43,-1.91
2026-01-22 05:00:00-05:00,67.25,69.8,-0.52,-2.03
2026-01-22 06:00:00-05:00,77.85,79.91,-0.07,-1.99
2026-01-22 07:00:00-05:00,93.66,98.4,-2.77,-1.97
2026-01-22 08:00:00-05:00,83.23,87.64,-2.4,-2.01
2026-01-22 09:00:00-05:00,67.78,69.93,-0.33,-1.82
2026-01-22 10:00:00-05:00,67.2,69.5,-0.35,-1.95
2026-01-22 11:00:00-05:00,57.76,59.37,-0.01,-1.6
2026-01-22 12:00:00-05:00,56.97,58.93,-0.31,-1.65
2026-01-22 13:00:00-05:00,55.64,57.34,-0.04,-1.66
2026-01-22 14:00:00-05:00,55.79,57.56,-0.16,-1.61
2026-01-22 15:00:00-05:00,64.51,67.29,-1.03,-1.75
2026-01-22 16:00:00-05:00,83.27,85.15,-0.01,-1.87
2026-01-22 17:00:00-05:00,100.51,102.34,0.01,-1.84
2026-01-22 18:00:00-05:00,96.53,98.3,-0.0,-1.77
2026-01-22 19:00:00-05:00,88.93,90.66,0.08,-1.81
2026-01-22 20:00:00-05:00,79.3,80.29,0.7,-1.69
2026-01-22 21:00:00-05:00,66.22,69.1,-1.22,-1.66
2026-01-22 22:00:00-05:00,66.18,67.74,-0.0,-1.56
2026-01-22 23:00:00-05:00,60.09,61.32,-0.0,-1.23
2026-01-23 00:00:00-05:00,79.3,81.51,-0.01,-2.2
2026-01-23 01:00:00-05:00,78.93,81.52,-0.31,-2.28
2026-01-23 02:00:00-05:00,76.82,79.04,-0.01,-2.21
2026-01-23 03:00:00-05:00,76.66,78.88,-0.01,-2.21
2026-01-23 04:00:00-05:00,78.61,80.95,-0.16,-2.18
2026-01-23 05:00:00-05:00,81.66,83.67,-0.0,-2.01
2026-01-23 06:00:00-05:00,93.44,95.36,-0.01,-1.91
2026-01-23 07:00:00-05:00,123.85,125.72,3.16,-5.03
2026-01-23 08:00:00-05:00,124.59,126.4,3.38,-5.19
2026-01-23 09:00:00-05:00,97.1,100.69,0.24,-3.83
2026-01-23 10:00:00-05:00,93.42,93.48,3.86,-3.92
2026-01-23 11:00:00-05:00,93.0,93.49,3.53,-4.02
2026-01-23 12:00:00-05:00,90.74,93.48,1.46,-4.2
2026-01-23 13:00:00-05:00,92.46,93.57,2.91,-4.02
2026-01-23 14:00:00-05:00,93.3,93.59,3.64,-3.93
2026-01-23 15:00:00-05:00,111.05,114.29,0.87,-4.11
2026-01-23 16:00:00-05:00,137.41,139.35,0.01,-1.95
2026-01-23 17:00:00-05:00,182.04,184.81,-0.0,-2.77
2026-01-23 18:00:00-05:00,173.06,175.67,0.02,-2.63
2026-01-23 19:00:00-05:00,172.43,167.88,7.06,-2.51
2026-01-23 20:00:00-05:00,170.4,162.74,10.58,-2.92
2026-01-23 21:00:00-05:00,136.5,130.23,8.48,-2.21
2026-01-23 22:00:00-05:00,124.66,125.75,1.05,-2.14
2026-01-23 23:00:00-05:00,126.06,127.59,-0.0,-1.53
2026-01-24 00:00:00-05:00,191.53,191.15,-0.0,0.38
2026-01-24 01:00:00-05:00,190.19,190.0,-0.0,0.19
2026-01-24 02:00:00-05:00,189.62,189.43,-0.0,0.19
2026-01-24 03:00:00-05:00,189.05,189.24,-0.0,-0.19
2026-01-24 04:00:00-05:00,190.38,189.81,-0.0,0.57
2026-01-24 05:00:00-05:00,201.98,201.37,-0.0,0.61
2026-01-24 06:00:00-05:00,236.95,235.77,-0.0,1.18
2026-01-24 07:00:00-05:00,280.16,279.6,-0.0,0.56
2026-01-24 08:00:00-05:00,267.27,266.2,-0.0,1.07
2026-01-24 09:00:00-05:00,243.36,242.39,-0.0,0.97
2026-01-24 10:00:00-05:00,259.35,259.87,-0.0,-0.52
2026-01-24 11:00:00-05:00,243.26,243.75,-0.0,-0.49
2026-01-24 12:00:00-05:00,224.4,223.5,-0.0,0.9
2026-01-24 13:00:00-05:00,221.78,220.89,-0.0,0.89
2026-01-24 14:00:00-05:00,221.77,220.88,-0.0,0.89
2026-01-24 15:00:00-05:00,275.03,275.03,-0.0,0.0
2026-01-24 16:00:00-05:00,242.84,244.54,-0.0,-1.7
2026-01-24 17:00:00-05:00,300.14,301.64,-0.0,-1.5
2026-01-24 18:00:00-05:00,293.89,295.36,-0.0,-1.47
2026-01-24 19:00:00-05:00,275.88,277.54,-0.0,-1.66
2026-01-24 20:00:00-05:00,255.78,257.85,-0.0,-2.07
2026-01-24 21:00:00-05:00,227.3,228.89,-0.0,-1.59
2026-01-24 22:00:00-05:00,262.06,262.32,-0.0,-0.26
2026-01-24 23:00:00-05:00,262.92,262.39,-0.0,0.53
2026-01-25 00:00:00-05:00,370.77,370.4,-0.0,0.37
2026-01-25 01:00:00-05:00,348.11,347.41,-0.0,0.7
2026-01-25 02:00:00-05:00,338.75,338.41,-0.0,0.34
2026-01-25 03:00:00-05:00,323.76,323.44,-0.0,0.32
2026-01-25 04:00:00-05:00,328.09,327.76,-0.0,0.33
2026-01-25 05:00:00-05:00,346.18,345.83,-0.0,0.35
2026-01-25 06:00:00-05:00,405.09,405.5,-0.0,-0.41
2026-01-25 07:00:00-05:00,363.24,366.18,-0.0,-2.94
2026-01-25 08:00:00-05:00,357.23,361.95,-0.0,-4.72
2026-01-25 09:00:00-05:00,364.64,369.05,-0.0,-4.41
2026-01-25 10:00:00-05:00,387.12,392.23,-0.0,-5.11
2026-01-25 11:00:00-05:00,391.39,397.34,-0.0,-5.95
2026-01-25 12:00:00-05:00,388.65,394.56,-0.0,-5.91
2026-01-25 13:00:00-05:00,384.71,390.17,-0.0,-5.46
2026-01-25 14:00:00-05:00,385.39,390.05,-0.0,-4.66
2026-01-25 15:00:00-05:00,415.35,419.13,-0.0,-3.78
2026-01-25 16:00:00-05:00,352.85,358.6,-0.0,-5.75
2026-01-25 17:00:00-05:00,408.87,414.27,-0.0,-5.4
2026-01-25 18:00:00-05:00,394.56,398.94,-0.0,-4.38
2026-01-25 19:00:00-05:00,370.76,375.65,-0.0,-4.89
2026-01-25 20:00:00-05:00,339.69,343.8,-0.0,-4.11
2026-01-25 21:00:00-05:00,303.65,307.66,-0.0,-4.01
2026-01-25 22:00:00-05:00,306.85,309.34,-0.0,-2.49
2026-01-25 23:00:00-05:00,315.19,316.45,-0.0,-1.26
2026-01-26 00:00:00-05:00,402.71,403.92,-0.0,-1.21
2026-01-26 01:00:00-05:00,366.35,367.08,-0.0,-0.73
2026-01-26 02:00:00-05:00,346.13,346.48,-0.0,-0.35
2026-01-26 03:00:00-05:00,342.42,342.42,-0.0,0.0
2026-01-26 04:00:00-05:00,359.91,359.55,-0.0,0.36
2026-01-26 05:00:00-05:00,413.85,413.44,-0.0,0.41
2026-01-26 06:00:00-05:00,499.0,498.0,-0.0,1.0
2026-01-26 07:00:00-05:00,499.0,500.0,-0.0,-1.0
2026-01-26 08:00:00-05:00,520.67,523.79,-0.0,-3.12
2026-01-26 09:00:00-05:00,522.92,527.16,-0.0,-4.24
2026-01-26 10:00:00-05:00,510.04,514.17,-0.0,-4.13
2026-01-26 11:00:00-05:00,511.27,518.02,-0.0,-6.75
2026-01-26 12:00:00-05:00,504.09,510.19,-0.0,-6.1
2026-01-26 13:00:00-05:00,495.01,500.5,-0.0,-5.49
2026-01-26 14:00:00-05:00,507.01,514.72,-0.0,-7.71
2026-01-26 15:00:00-05:00,522.36,530.87,-0.0,-8.51
2026-01-26 16:00:00-05:00,412.39,423.4,-0.0,-11.01
2026-01-26 17:00:00-05:00,498.83,507.46,-0.0,-8.63
2026-01-26 18:00:00-05:00,476.47,487.19,-0.0,-10.72
2026-01-26 19:00:00-05:00,467.03,476.09,-0.0,-9.06
2026-01-26 20:00:00-05:00,437.91,447.32,-0.0,-9.41
2026-01-26 21:00:00-05:00,429.83,438.6,-0.0,-8.77
2026-01-26 22:00:00-05:00,499.16,506.75,-0.0,-7.59
2026-01-26 23:00:00-05:00,463.19,467.41,-0.0,-4.22
2026-01-27 00:00:00-05:00,567.97,569.67,-0.0,-1.7
2026-01-27 01:00:00-05:00,572.59,575.45,-0.0,-2.86
2026-01-27 02:00:00-05:00,568.49,571.33,-0.0,-2.84
2026-01-27 03:00:00-05:00,570.69,572.97,-0.0,-2.28
2026-01-27 04:00:00-05:00,581.64,583.97,-0.0,-2.33
2026-01-27 05:00:00-05:00,582.13,581.55,-0.0,0.58
2026-01-27 06:00:00-05:00,728.87,725.95,-0.0,2.92
2026-01-27 07:00:00-05:00,796.0,796.8,-0.0,-0.8
2026-01-27 08:00:00-05:00,794.42,796.8,-0.0,-2.38
2026-01-27 09:00:00-05:00,746.48,751.71,-0.0,-5.23
2026-01-27 10:00:00-05:00,635.69,640.84,-0.0,-5.15
2026-01-27 11:00:00-05:00,627.9,635.5,-0.0,-7.6
2026-01-27 12:00:00-05:00,594.47,601.66,-0.0,-7.19
2026-01-27 13:00:00-05:00,583.55,591.25,-0.0,-7.7
2026-01-27 14:00:00-05:00,580.86,588.53,-0.0,-7.67
2026-01-27 15:00:00-05:00,623.71,629.39,-0.0,-5.68
2026-01-27 16:00:00-05:00,522.69,531.73,-0.0,-9.04
2026-01-27 17:00:00-05:00,671.8,682.01,-0.0,-10.21
2026-01-27 18:00:00-05:00,680.03,689.69,-0.0,-9.66
2026-01-27 19:00:00-05:00,617.42,625.57,-0.0,-8.15
2026-01-27 20:00:00-05:00,564.93,574.14,-0.0,-9.21
2026-01-27 21:00:00-05:00,559.33,568.45,-0.0,-9.12
2026-01-27 22:00:00-05:00,574.46,580.26,-0.0,-5.8
2026-01-27 23:00:00-05:00,576.72,577.3,-0.0,-0.58
2026-01-28 00:00:00-05:00,628.2,625.69,-0.0,2.51
2026-01-28 01:00:00-05:00,580.76,578.44,-0.0,2.32
2026-01-28 02:00:00-05:00,553.51,551.3,-0.0,2.21
2026-01-28 03:00:00-05:00,555.08,552.3,-0.0,2.78
2026-01-28 04:00:00-05:00,609.57,605.91,-0.0,3.66
2026-01-28 05:00:00-05:00,806.23,798.25,-0.0,7.98
2026-01-28 06:00:00-05:00,983.46,970.87,-0.0,12.59
2026-01-28 07:00:00-05:00,981.54,972.8,-0.0,8.74
2026-01-28 08:00:00-05:00,977.67,971.8,-0.0,5.87
2026-01-28 09:00:00-05:00,965.27,965.27,-0.0,0.0
2026-01-28 10:00:00-05:00,941.6,940.66,-0.0,0.94
2026-01-28 11:00:00-05:00,914.08,918.65,-0.0,-4.57
2026-01-28 12:00:00-05:00,872.78,875.4,-0.0,-2.62
2026-01-28 13:00:00-05:00,851.98,855.39,-0.0,-3.41
2026-01-28 14:00:00-05:00,864.84,870.03,-0.0,-5.19
2026-01-28 15:00:00-05:00,1002.99,1006.0,-0.0,-3.01
2026-01-28 16:00:00-05:00,510.01,518.83,-0.0,-8.82
2026-01-28 17:00:00-05:00,779.32,790.39,-0.0,-11.07
2026-01-28 18:00:00-05:00,777.07,788.1,-0.0,-11.03
2026-01-28 19:00:00-05:00,753.7,765.99,-0.0,-12.29
2026-01-28 20:00:00-05:00,587.78,594.89,-0.0,-7.11
2026-01-28 21:00:00-05:00,590.89,596.86,-0.0,-5.97
2026-01-28 22:00:00-05:00,913.06,914.89,-0.0,-1.83
2026-01-28 23:00:00-05:00,866.43,859.59,-0.0,6.84
2026-01-29 00:00:00-05:00,389.3,386.22,-0.0,3.08
2026-01-29 01:00:00-05:00,357.55,354.37,-0.0,3.18
2026-01-29 02:00:00-05:00,324.29,321.73,-0.0,2.56
2026-01-29 03:00:00-05:00,327.95,325.36,-0.0,2.59
2026-01-29 04:00:00-05:00,375.73,373.48,-0.0,2.25
2026-01-29 05:00:00-05:00,470.14,471.08,-0.0,-0.94
2026-01-29 06:00:00-05:00,635.45,638.63,-0.0,-3.18
2026-01-29 07:00:00-05:00,677.34,680.73,-0.0,-3.39
2026-01-29 08:00:00-05:00,668.92,675.01,-0.0,-6.09
2026-01-29 09:00:00-05:00,605.29,612.61,-0.0,-7.32
2026-01-29 10:00:00-05:00,540.17,547.3,-0.0,-7.13
2026-01-29 11:00:00-05:00,513.12,518.3,-0.0,-5.18
2026-01-29 12:00:00-05:00,445.97,450.47,-0.0,-4.5
2026-01-29 13:00:00-05:00,438.87,444.18,-0.0,-5.31
2026-01-29 14:00:00-05:00,447.26,451.33,-0.0,-4.07
2026-01-29 15:00:00-05:00,454.46,457.64,-0.0,-3.18
2026-01-29 16:00:00-05:00,483.38,488.75,-0.0,-5.37
2026-01-29 17:00:00-05:00,652.56,660.46,-0.0,-7.9
2026-01-29 18:00:00-05:00,653.38,658.67,-0.0,-5.29
2026-01-29 19:00:00-05:00,589.06,595.01,-0.0,-5.95
2026-01-29 20:00:00-05:00,547.48,552.46,-0.0,-4.98
2026-01-29 21:00:00-05:00,516.08,519.69,-0.0,-3.61
2026-01-29 22:00:00-05:00,572.26,576.9,-0.0,-4.64
2026-01-29 23:00:00-05:00,422.91,421.22,-0.0,1.69
2026-01-30 00:00:00-05:00,298.03,293.62,-0.0,4.41
2026-01-30 01:00:00-05:00,274.5,271.78,-0.0,2.72
2026-01-30 02:00:00-05:00,258.74,255.66,-0.0,3.08
2026-01-30 03:00:00-05:00,251.34,248.12,-0.0,3.22
2026-01-30 04:00:00-05:00,269.78,267.38,-0.0,2.4
2026-01-30 05:00:00-05:00,327.76,325.79,-0.0,1.97
2026-01-30 06:00:00-05:00,456.57,455.2,-0.0,1.37
2026-01-30 07:00:00-05:00,492.71,493.7,-0.0,-0.99
2026-01-30 08:00:00-05:00,477.04,478.95,-0.0,-1.91
2026-01-30 09:00:00-05:00,436.14,439.67,-0.0,-3.53
2026-01-30 10:00:00-05:00,386.37,387.53,-0.0,-1.16
2026-01-30 11:00:00-05:00,358.02,359.45,-0.0,-1.43
2026-01-30 12:00:00-05:00,314.09,315.97,-0.0,-1.88
2026-01-30 13:00:00-05:00,288.2,289.93,-0.0,-1.73
2026-01-30 14:00:00-05:00,289.68,291.42,-0.0,-1.74
2026-01-30 15:00:00-05:00,308.69,311.19,-0.0,-2.5
2026-01-30 16:00:00-05:00,397.14,400.75,-0.0,-3.61
2026-01-30 17:00:00-05:00,457.05,459.79,-0.0,-2.74
2026-01-30 18:00:00-05:00,481.9,481.42,-0.0,0.48
2026-01-30 19:00:00-05:00,436.92,436.92,-0.0,0.0
2026-01-30 20:00:00-05:00,401.0,401.8,-0.0,-0.8
2026-01-30 21:00:00-05:00,392.31,391.92,-0.0,0.39
2026-01-30 22:00:00-05:00,384.59,383.44,-0.0,1.15
2026-01-30 23:00:00-05:00,360.0,358.2,-0.0,1.8
2026-01-31 00:00:00-05:00,238.65,238.17,-0.0,0.48
2026-01-31 01:00:00-05:00,227.53,226.39,-0.0,1.14
2026-01-31 02:00:00-05:00,209.9,209.69,-0.0,0.21
2026-01-31 03:00:00-05:00,205.08,204.87,-0.0,0.21
2026-01-31 04:00:00-05:00,210.2,209.78,-0.0,0.42
2026-01-31 05:00:00-05:00,222.04,221.37,-0.0,0.67
2026-01-31 06:00:00-05:00,258.84,256.8,-0.0,2.04
2026-01-31 07:00:00-05:00,289.61,288.45,-0.0,1.16
2026-01-31 08:00:00-05:00,302.71,301.2,-0.0,1.51
2026-01-31 09:00:00-05:00,272.25,271.71,-0.0,0.54
2026-01-31 10:00:00-05:00,247.58,248.82,-0.0,-1.24
2026-01-31 11:00:00-05:00,221.43,221.87,-0.0,-0.44
2026-01-31 12:00:00-05:00,207.75,207.33,-0.0,0.42
2026-01-31 13:00:00-05:00,198.42,198.22,-0.0,0.2
2026-01-31 14:00:00-05:00,201.51,201.71,-0.0,-0.2
2026-01-31 15:00:00-05:00,209.77,210.19,-0.0,-0.42
2026-01-31 16:00:00-05:00,238.51,240.18,-0.0,-1.67
2026-01-31 17:00:00-05:00,294.5,295.68,-0.0,-1.18
2026-01-31 18:00:00-05:00,285.93,287.07,-0.0,-1.14
2026-01-31 19:00:00-05:00,273.99,275.09,-0.0,-1.1
2026-01-31 20:00:00-05:00,245.45,246.92,-0.0,-1.47
2026-01-31 21:00:00-05:00,246.44,247.92,-0.0,-1.48
2026-01-31 22:00:00-05:00,224.69,225.59,-0.0,-0.9
2026-01-31 23:00:00-05:00,227.8,227.8,-0.0,0.0
2026-02-01 00:00:00-05:00,279.38,284.49,-0.0,-5.11
2026-02-01 01:00:00-05:00,258.06,262.78,-0.0,-4.72
2026-02-01 02:00:00-05:00,235.42,240.22,-0.0,-4.8
2026-02-01 03:00:00-05:00,220.87,225.62,-0.0,-4.75
2026-02-01 04:00:00-05:00,231.06,235.54,-0.0,-4.48
2026-02-01 05:00:00-05:00,239.69,244.34,-0.0,-4.65
2026-02-01 06:00:00-05:00,252.08,258.0,-0.0,-5.92
2026-02-01 07:00:00-05:00,266.86,272.6,-0.0,-5.74
2026-02-01 08:00:00-05:00,280.25,287.14,-0.0,-6.89
2026-02-01 09:00:00-05:00,303.63,311.74,-0.0,-8.11
2026-02-01 10:00:00-05:00,271.87,280.28,-0.01,-8.4
2026-02-01 11:00:00-05:00,254.44,262.59,-0.01,-8.14
2026-02-01 12:00:00-05:00,223.99,228.97,0.97,-5.95
2026-02-01 13:00:00-05:00,187.33,186.33,5.1,-4.1
2026-02-01 14:00:00-05:00,182.93,181.26,5.66,-3.99
2026-02-01 15:00:00-05:00,208.07,212.93,0.03,-4.89
2026-02-01 16:00:00-05:00,259.48,266.42,-0.01,-6.93
2026-02-01 17:00:00-05:00,302.66,310.42,-0.01,-7.75
2026-02-01 18:00:00-05:00,298.85,305.57,-0.0,-6.72
2026-02-01 19:00:00-05:00,278.68,284.67,-0.0,-5.99
2026-02-01 20:00:00-05:00,267.52,274.1,-0.0,-6.58
2026-02-01 21:00:00-05:00,242.99,249.21,-0.0,-6.22
2026-02-01 22:00:00-05:00,230.86,235.57,-0.0,-4.71
2026-02-01 23:00:00-05:00,217.83,222.73,-0.0,-4.9
2026-02-02 00:00:00-05:00,213.86,215.81,-0.0,-1.95
2026-02-02 01:00:00-05:00,188.21,190.3,-0.0,-2.09
2026-02-02 02:00:00-05:00,187.53,189.8,-0.0,-2.27
2026-02-02 03:00:00-05:00,185.45,187.9,-0.0,-2.45
2026-02-02 04:00:00-05:00,188.17,190.26,-0.0,-2.09
2026-02-02 05:00:00-05:00,196.81,198.4,-0.0,-1.59
2026-02-02 06:00:00-05:00,263.97,267.45,-0.0,-3.48
2026-02-02 07:00:00-05:00,290.4,293.33,-0.0,-2.93
2026-02-02 08:00:00-05:00,293.3,296.85,-0.0,-3.55
2026-02-02 09:00:00-05:00,272.28,276.15,-0.0,-3.87
2026-02-02 10:00:00-05:00,231.1,234.38,-0.0,-3.28
2026-02-02 11:00:00-05:00,195.12,198.5,-0.0,-3.38
2026-02-02 12:00:00-05:00,169.71,170.12,2.65,-3.06
2026-02-02 13:00:00-05:00,162.73,163.65,1.86,-2.78
2026-02-02 14:00:00-05:00,159.33,161.46,0.62,-2.75
2026-02-02 15:00:00-05:00,177.42,179.39,-0.0,-1.97
2026-02-02 16:00:00-05:00,214.44,215.3,-0.0,-0.86
2026-02-02 17:00:00-05:00,281.52,281.8,-0.0,-0.28
2026-02-02 18:00:00-05:00,285.96,286.53,-0.0,-0.57
2026-02-02 19:00:00-05:00,254.73,255.49,-0.0,-0.76
2026-02-02 20:00:00-05:00,237.13,238.55,-0.0,-1.42
2026-02-02 21:00:00-05:00,198.26,200.46,-0.0,-2.2
2026-02-02 22:00:00-05:00,209.23,211.55,-0.0,-2.32
2026-02-02 23:00:00-05:00,195.58,197.56,-0.0,-1.98
2026-02-03 00:00:00-05:00,198.37,199.98,-0.0,-1.61
2026-02-03 01:00:00-05:00,189.28,190.81,-0.0,-1.53
2026-02-03 02:00:00-05:00,187.83,189.35,-0.0,-1.52
2026-02-03 03:00:00-05:00,186.76,188.27,-0.0,-1.51
2026-02-03 04:00:00-05:00,192.95,194.51,-0.0,-1.56
2026-02-03 05:00:00-05:00,226.35,228.86,-0.0,-2.51
2026-02-03 06:00:00-05:00,316.61,319.49,-0.0,-2.88
2026-02-03 07:00:00-05:00,307.61,311.02,-0.0,-3.41
2026-02-03 08:00:00-05:00,274.85,279.33,-0.0,-4.48
2026-02-03 09:00:00-05:00,257.04,262.03,-0.0,-4.99
2026-02-03 10:00:00-05:00,214.85,217.69,-0.0,-2.84
2026-02-03 11:00:00-05:00,191.34,194.65,-0.0,-3.31
2026-02-03 12:00:00-05:00,179.4,183.06,-0.0,-3.66
2026-02-03 13:00:00-05:00,171.51,173.95,-0.0,-2.44
2026-02-03 14:00:00-05:00,171.18,173.61,-0.0,-2.43
2026-02-03 15:00:00-05:00,185.06,187.11,-0.0,-2.05
2026-02-03 16:00:00-05:00,226.77,230.22,-0.0,-3.45
2026-02-03 17:00:00-05:00,289.87,293.38,-0.0,-3.51
2026-02-03 18:00:00-05:00,281.95,285.67,-0.0,-3.72
2026-02-03 19:00:00-05:00,247.9,251.67,-0.0,-3.77
2026-02-03 20:00:00-05:00,229.65,231.51,-0.0,-1.86
2026-02-03 21:00:00-05:00,212.46,214.82,-0.0,-2.36
2026-02-03 22:00:00-05:00,195.74,197.52,-0.0,-1.78
2026-02-03 23:00:00-05:00,193.85,195.21,-0.0,-1.36
2026-02-04 00:00:00-05:00,149.11,150.62,-0.0,-1.51
2026-02-04 01:00:00-05:00,138.88,140.56,-0.0,-1.68
2026-02-04 02:00:00-05:00,126.78,128.19,-0.0,-1.41
2026-02-04 03:00:00-05:00,129.41,130.59,-0.0,-1.18
2026-02-04 04:00:00-05:00,131.8,133.26,-0.0,-1.46
2026-02-04 05:00:00-05:00,143.13,143.99,-0.0,-0.86
2026-02-04 06:00:00-05:00,192.23,192.04,-0.0,0.19
2026-02-04 07:00:00-05:00,252.96,253.47,-0.0,-0.51
2026-02-04 08:00:00-05:00,241.84,243.05,-0.0,-1.21
2026-02-04 09:00:00-05:00,200.09,200.49,-0.0,-0.4
2026-02-04 10:00:00-05:00,175.95,177.01,-0.0,-1.06
2026-02-04 11:00:00-05:00,162.09,163.57,-0.0,-1.48
2026-02-04 12:00:00-05:00,150.41,151.78,-0.0,-1.37
2026-02-04 13:00:00-05:00,147.86,149.21,-0.0,-1.35
2026-02-04 14:00:00-05:00,149.57,150.62,-0.0,-1.05
2026-02-04 15:00:00-05:00,149.67,150.72,-0.0,-1.05
2026-02-04 16:00:00-05:00,176.85,177.38,-0.0,-0.53
2026-02-04 17:00:00-05:00,241.35,241.35,-0.0,0.0
2026-02-04 18:00:00-05:00,241.36,240.64,-0.0,0.72
2026-02-04 19:00:00-05:00,218.87,217.78,-0.0,1.09
2026-02-04 20:00:00-05:00,196.97,196.77,-0.0,0.2
2026-02-04 21:00:00-05:00,176.76,176.94,-0.0,-0.18
2026-02-04 22:00:00-05:00,164.64,165.46,-0.0,-0.82
2026-02-04 23:00:00-05:00,160.16,161.28,-0.0,-1.12
2026-02-05 00:00:00-05:00,149.84,151.2,-0.0,-1.36
2026-02-05 01:00:00-05:00,140.03,141.16,-0.0,-1.13
2026-02-05 02:00:00-05:00,133.86,134.94,-0.0,-1.08
2026-02-05 03:00:00-05:00,131.98,133.05,-0.0,-1.07
2026-02-05 04:00:00-05:00,140.14,141.28,-0.0,-1.14
2026-02-05 05:00:00-05:00,153.99,154.91,-0.0,-0.92
2026-02-05 06:00:00-05:00,199.47,199.67,-0.0,-0.2
2026-02-05 07:00:00-05:00,215.57,214.49,-0.0,1.08
2026-02-05 08:00:00-05:00,199.67,198.67,-0.0,1.0
2026-02-05 09:00:00-05:00,174.7,175.22,-0.0,-0.52
2026-02-05 10:00:00-05:00,158.14,159.9,-0.0,-1.76
2026-02-05 11:00:00-05:00,146.25,147.87,-0.0,-1.62
2026-02-05 12:00:00-05:00,131.1,132.42,-0.0,-1.32
2026-02-05 13:00:00-05:00,124.61,125.74,-0.0,-1.13
2026-02-05 14:00:00-05:00,121.9,123.13,-0.0,-1.23
2026-02-05 15:00:00-05:00,131.88,132.95,-0.0,-1.07
2026-02-05 16:00:00-05:00,156.46,157.4,-0.0,-0.94
2026-02-05 17:00:00-05:00,207.24,207.45,-0.0,-0.21
2026-02-05 18:00:00-05:00,205.27,205.68,-0.0,-0.41
2026-02-05 19:00:00-05:00,189.56,189.94,-0.0,-0.38
2026-02-05 20:00:00-05:00,173.45,174.14,-0.0,-0.69
2026-02-05 21:00:00-05:00,154.51,155.28,-0.0,-0.77
2026-02-05 22:00:00-05:00,153.32,154.39,-0.0,-1.07
2026-02-05 23:00:00-05:00,142.73,143.89,-0.0,-1.16
2026-02-06 00:00:00-05:00,202.1,204.34,-0.0,-2.24
2026-02-06 01:00:00-05:00,167.38,169.69,0.41,-2.72
2026-02-06 02:00:00-05:00,153.33,155.62,0.04,-2.33
2026-02-06 03:00:00-05:00,166.54,168.62,1.13,-3.21
2026-02-06 04:00:00-05:00,173.22,176.91,0.03,-3.72
2026-02-06 05:00:00-05:00,179.39,182.09,0.03,-2.73
2026-02-06 06:00:00-05:00,243.28,238.66,7.24,-2.62
2026-02-06 07:00:00-05:00,294.91,274.27,23.65,-3.01
2026-02-06 08:00:00-05:00,269.22,262.98,9.67,-3.43
2026-02-06 09:00:00-05:00,243.82,248.01,0.03,-4.22
2026-02-06 10:00:00-05:00,236.48,230.35,11.42,-5.29
2026-02-06 11:00:00-05:00,213.68,212.07,6.48,-4.87
2026-02-06 12:00:00-05:00,176.8,178.67,2.23,-4.1
2026-02-06 13:00:00-05:00,156.22,153.83,5.47,-3.08
2026-02-06 14:00:00-05:00,156.58,153.47,5.72,-2.61
2026-02-06 15:00:00-05:00,173.14,175.0,1.82,-3.68
2026-02-06 16:00:00-05:00,224.99,229.84,-0.01,-4.84
2026-02-06 17:00:00-05:00,258.93,263.92,0.29,-5.28
2026-02-06 18:00:00-05:00,250.95,255.54,-0.0,-4.59
2026-02-06 19:00:00-05:00,211.45,215.33,-0.01,-3.87
2026-02-06 20:00:00-05:00,209.83,203.65,9.23,-3.05
2026-02-06 21:00:00-05:00,210.33,196.19,16.89,-2.75
2026-02-06 22:00:00-05:00,183.24,174.51,11.53,-2.8
2026-02-06 23:00:00-05:00,157.43,149.94,10.34,-2.85
2026-02-07 00:00:00-05:00,167.73,170.46,-0.0,-2.73
2026-02-07 01:00:00-05:00,155.75,159.1,-0.0,-3.35
2026-02-07 02:00:00-05:00,133.76,135.8,0.82,-2.86
2026-02-07 03:00:00-05:00,119.94,120.79,1.81,-2.66
2026-02-07 04:00:00-05:00,123.11,125.5,-0.0,-2.39
2026-02-07 05:00:00-05:00,130.16,132.41,-0.0,-2.25
2026-02-07 06:00:00-05:00,143.95,146.3,-0.0,-2.35
2026-02-07 07:00:00-05:00,156.81,160.01,-0.0,-3.2
2026-02-07 08:00:00-05:00,177.43,180.13,-0.0,-2.7
2026-02-07 09:00:00-05:00,197.59,195.02,5.89,-3.32
2026-02-07 10:00:00-05:00,246.47,240.34,10.45,-4.32
2026-02-07 11:00:00-05:00,224.17,218.28,9.16,-3.27
2026-02-07 12:00:00-05:00,201.2,195.35,8.59,-2.74
2026-02-07 13:00:00-05:00,174.79,166.67,10.62,-2.5
2026-02-07 14:00:00-05:00,164.65,155.41,11.42,-2.18
2026-02-07 15:00:00-05:00,165.76,156.4,11.7,-2.34
2026-02-07 16:00:00-05:00,262.04,251.76,15.07,-4.79
2026-02-07 17:00:00-05:00,327.69,316.33,16.43,-5.07
2026-02-07 18:00:00-05:00,314.86,311.36,7.86,-4.36
2026-02-07 19:00:00-05:00,302.34,295.75,11.62,-5.03
2026-02-07 20:00:00-05:00,250.47,243.69,10.19,-3.41
2026-02-07 21:00:00-05:00,218.96,213.05,8.69,-2.78
2026-02-07 22:00:00-05:00,235.35,237.26,-0.0,-1.91
2026-02-07 23:00:00-05:00,238.66,240.09,-0.0,-1.43
2026-02-08 00:00:00-05:00,214.05,213.41,-0.0,0.64
2026-02-08 01:00:00-05:00,205.24,205.03,-0.0,0.21
2026-02-08 02:00:00-05:00,193.81,194.0,-0.0,-0.19
2026-02-08 03:00:00-05:00,192.07,192.26,-0.0,-0.19
2026-02-08 04:00:00-05:00,194.17,194.56,-0.0,-0.39
2026-02-08 05:00:00-05:00,197.85,198.05,-0.0,-0.2
2026-02-08 06:00:00-05:00,229.13,228.44,-0.0,0.69
2026-02-08 07:00:00-05:00,238.03,237.79,-0.0,0.24
2026-02-08 08:00:00-05:00,243.15,243.88,-0.0,-0.73
2026-02-08 09:00:00-05:00,225.19,225.19,-0.0,0.0
2026-02-08 10:00:00-05:00,208.31,208.93,-0.0,-0.62
2026-02-08 11:00:00-05:00,194.39,194.78,-0.0,-0.39
2026-02-08 12:00:00-05:00,193.52,194.49,-0.0,-0.97
2026-02-08 13:00:00-05:00,185.98,187.1,-0.0,-1.12
2026-02-08 14:00:00-05:00,193.78,194.75,-0.0,-0.97
2026-02-08 15:00:00-05:00,197.91,198.9,-0.0,-0.99
2026-02-08 16:00:00-05:00,235.36,235.6,-0.0,-0.24
2026-02-08 17:00:00-05:00,312.81,313.44,-0.0,-0.63
2026-02-08 18:00:00-05:00,310.08,310.08,-0.0,0.0
2026-02-08 19:00:00-05:00,296.21,297.1,-0.0,-0.89
2026-02-08 20:00:00-05:00,281.85,282.13,-0.0,-0.28
2026-02-08 21:00:00-05:00,253.07,253.58,-0.0,-0.51
2026-02-08 22:00:00-05:00,230.48,228.87,-0.0,1.61
2026-02-08 23:00:00-05:00,226.5,226.95,-0.0,-0.45
2026-02-09 00:00:00-05:00,201.17,200.97,-0.0,0.2
2026-02-09 01:00:00-05:00,191.37,191.75,-0.0,-0.38
2026-02-09 02:00:00-05:00,187.93,188.31,-0.0,-0.38
2026-02-09 03:00:00-05:00,190.51,190.7,-0.0,-0.19
2026-02-09 04:00:00-05:00,195.08,194.88,-0.0,0.2
2026-02-09 05:00:00-05:00,227.12,228.03,-0.0,-0.91
2026-02-09 06:00:00-05:00,299.07,299.37,-0.0,-0.3
2026-02-09 07:00:00-05:00,315.77,314.51,-0.0,1.26
2026-02-09 08:00:00-05:00,295.97,295.67,-0.0,0.3
2026-02-09 09:00:00-05:00,238.99,239.23,-0.0,-0.24
2026-02-09 10:00:00-05:00,218.99,220.52,-0.0,-1.53
2026-02-09 11:00:00-05:00,182.54,183.82,-0.0,-1.28
2026-02-09 12:00:00-05:00,173.91,175.84,-0.0,-1.93
2026-02-09 13:00:00-05:00,164.61,165.76,-0.0,-1.15
2026-02-09 14:00:00-05:00,171.28,172.67,-0.0,-1.39
2026-02-09 15:00:00-05:00,177.52,178.76,-0.0,-1.24
2026-02-09 16:00:00-05:00,213.99,213.35,-0.0,0.64
2026-02-09 17:00:00-05:00,279.14,279.14,-0.0,0.0
2026-02-09 18:00:00-05:00,295.14,294.84,-0.0,0.3
2026-02-09 19:00:00-05:00,250.83,251.33,-0.0,-0.5
2026-02-09 20:00:00-05:00,235.16,236.1,-0.0,-0.94
2026-02-09 21:00:00-05:00,205.74,207.82,-0.0,-2.08
2026-02-09 22:00:00-05:00,194.38,196.54,-0.0,-2.16
2026-02-09 23:00:00-05:00,183.18,184.46,-0.0,-1.28
2026-02-10 00:00:00-05:00,166.02,168.54,-0.0,-2.52
2026-02-10 01:00:00-05:00,147.2,150.03,0.03,-2.86
2026-02-10 02:00:00-05:00,139.82,141.95,-0.0,-2.13
2026-02-10 03:00:00-05:00,138.87,140.84,-0.0,-1.97
2026-02-10 04:00:00-05:00,150.0,152.28,-0.0,-2.28
2026-02-10 05:00:00-05:00,186.12,189.92,-0.0,-3.8
2026-02-10 06:00:00-05:00,231.06,229.48,5.48,-3.9
2026-02-10 07:00:00-05:00,241.72,240.13,4.46,-2.87
2026-02-10 08:00:00-05:00,220.07,223.66,-0.0,-3.59
2026-02-10 09:00:00-05:00,204.61,208.58,-0.0,-3.97
2026-02-10 10:00:00-05:00,140.43,143.15,-0.0,-2.72
2026-02-10 11:00:00-05:00,126.72,124.47,4.37,-2.12
2026-02-10 12:00:00-05:00,117.67,115.03,4.83,-2.19
2026-02-10 13:00:00-05:00,115.06,111.64,5.43,-2.01
2026-02-10 14:00:00-05:00,108.82,105.62,5.1,-1.9
2026-02-10 15:00:00-05:00,103.38,100.92,4.38,-1.92
2026-02-10 16:00:00-05:00,144.5,145.19,2.64,-3.33
2026-02-10 17:00:00-05:00,171.41,170.02,4.63,-3.24
2026-02-10 18:00:00-05:00,168.64,166.28,5.03,-2.67
2026-02-10 19:00:00-05:00,167.99,163.26,7.51,-2.78
2026-02-10 20:00:00-05:00,151.47,152.33,2.04,-2.9
2026-02-10 21:00:00-05:00,145.04,138.12,9.68,-2.76
2026-02-10 22:00:00-05:00,124.98,124.76,2.59,-2.37
2026-02-10 23:00:00-05:00,103.12,102.7,2.07,-1.65
2026-02-11 00:00:00-05:00,83.59,85.82,-0.0,-2.23
2026-02-11 01:00:00-05:00,80.93,83.09,-0.0,-2.16
2026-02-11 02:00:00-05:00,74.48,76.71,-0.0,-2.23
2026-02-11 03:00:00-05:00,72.41,74.58,-0.0,-2.17
2026-02-11 04:00:00-05:00,67.56,69.58,-0.0,-2.02
2026-02-11 05:00:00-05:00,80.1,82.32,-0.0,-2.22
2026-02-11 06:00:00-05:00,95.44,97.29,-0.0,-1.85
2026-02-11 07:00:00-05:00,112.44,114.98,-0.01,-2.53
2026-02-11 08:00:00-05:00,109.03,110.69,-0.0,-1.66
2026-02-11 09:00:00-05:00,96.12,97.69,-0.0,-1.57
2026-02-11 10:00:00-05:00,86.19,87.95,-0.0,-1.76
2026-02-11 11:00:00-05:00,84.15,86.04,-0.0,-1.89
2026-02-11 12:00:00-05:00,78.72,80.57,-0.0,-1.85
2026-02-11 13:00:00-05:00,79.86,81.58,-0.0,-1.72
2026-02-11 14:00:00-05:00,80.98,82.8,-0.0,-1.82
2026-02-11 15:00:00-05:00,83.37,85.07,-0.0,-1.7
2026-02-11 16:00:00-05:00,95.1,97.14,-0.0,-2.04
2026-02-11 17:00:00-05:00,117.18,118.6,-0.0,-1.42
2026-02-11 18:00:00-05:00,115.23,116.39,-0.0,-1.16
2026-02-11 19:00:00-05:00,98.81,99.81,-0.0,-1.0
2026-02-11 20:00:00-05:00,95.98,97.44,-0.0,-1.46
2026-02-11 21:00:00-05:00,94.96,96.8,-0.0,-1.84
2026-02-11 22:00:00-05:00,79.71,81.42,-0.0,-1.71
2026-02-11 23:00:00-05:00,81.42,83.17,-0.0,-1.75
2026-02-12 00:00:00-05:00,81.16,83.41,-0.0,-2.25
2026-02-12 01:00:00-05:00,71.08,72.9,-0.0,-1.82
2026-02-12 02:00:00-05:00,64.96,66.62,-0.0,-1.66
2026-02-12 03:00:00-05:00,62.61,64.15,-0.0,-1.54
2026-02-12 04:00:00-05:00,66.91,68.62,-0.0,-1.71
2026-02-12 05:00:00-05:00,83.06,85.1,-0.0,-2.04
2026-02-12 06:00:00-05:00,107.26,108.13,-0.0,-0.87
2026-02-12 07:00:00-05:00,115.08,115.66,-0.0,-0.58
2026-02-12 08:00:00-05:00,103.31,103.83,-0.0,-0.52
2026-02-12 09:00:00-05:00,95.69,96.75,-0.0,-1.06
2026-02-12 10:00:00-05:00,92.28,93.88,-0.0,-1.6
2026-02-12 11:00:00-05:00,88.66,90.11,-0.0,-1.45
2026-02-12 12:00:00-05:00,80.48,82.12,-0.0,-1.64
2026-02-12 13:00:00-05:00,80.17,81.64,-0.0,-1.47
2026-02-12 14:00:00-05:00,79.84,81.47,-0.0,-1.63
2026-02-12 15:00:00-05:00,91.33,92.44,-0.0,-1.11
2026-02-12 16:00:00-05:00,99.11,99.8,-0.0,-0.69
2026-02-12 17:00:00-05:00,121.11,121.11,-0.0,0.0
2026-02-12 18:00:00-05:00,122.09,121.6,-0.0,0.49
2026-02-12 19:00:00-05:00,110.22,110.44,-0.0,-0.22
2026-02-12 20:00:00-05:00,98.94,99.34,-0.0,-0.4
2026-02-12 21:00:00-05:00,96.07,96.85,-0.0,-0.78
2026-02-12 22:00:00-05:00,89.04,90.39,-0.0,-1.35
2026-02-12 23:00:00-05:00,87.28,88.61,-0.0,-1.33
2026-02-13 00:00:00-05:00,81.41,80.44,1.37,-0.4
2026-02-13 01:00:00-05:00,79.39,80.11,-0.0,-0.72
2026-02-13 02:00:00-05:00,79.07,79.95,-0.0,-0.88
2026-02-13 03:00:00-05:00,79.15,79.95,-0.0,-0.8
2026-02-13 04:00:00-05:00,80.1,80.19,0.63,-0.72
2026-02-13 05:00:00-05:00,81.72,80.37,1.91,-0.56
2026-02-13 06:00:00-05:00,108.02,107.05,1.5,-0.53
2026-02-13 07:00:00-05:00,134.13,133.86,-0.0,0.27
2026-02-13 08:00:00-05:00,116.09,116.09,-0.0,0.0
2026-02-13 09:00:00-05:00,83.48,83.87,0.11,-0.5
2026-02-13 10:00:00-05:00,78.2,79.39,-0.0,-1.19
2026-02-13 11:00:00-05:00,70.66,71.88,-0.0,-1.22
2026-02-13 12:00:00-05:00,64.41,66.06,-0.0,-1.65
2026-02-13 13:00:00-05:00,62.88,64.56,-0.0,-1.68
2026-02-13 14:00:00-05:00,63.43,64.99,-0.0,-1.56
2026-02-13 15:00:00-05:00,65.0,65.98,0.6,-1.58
2026-02-13 16:00:00-05:00,82.32,81.92,1.14,-0.74
2026-02-13 17:00:00-05:00,96.4,93.46,3.22,-0.28
2026-02-13 18:00:00-05:00,103.23,102.7,1.36,-0.83
2026-02-13 19:00:00-05:00,89.99,88.23,2.47,-0.71
2026-02-13 20:00:00-05:00,81.92,80.61,2.12,-0.81
2026-02-13 21:00:00-05:00,80.29,80.18,1.47,-1.36
2026-02-13 22:00:00-05:00,76.59,78.77,-0.68,-1.5
2026-02-13 23:00:00-05:00,73.27,76.22,-1.35,-1.6
2026-02-14 00:00:00-05:00,74.9,76.9,-0.0,-2.0
2026-02-14 01:00:00-05:00,67.43,69.13,0.16,-1.86
2026-02-14 02:00:00-05:00,63.92,65.69,-0.0,-1.77
2026-02-14 03:00:00-05:00,63.75,65.45,-0.0,-1.7
2026-02-14 04:00:00-05:00,64.35,66.13,-0.0,-1.78
2026-02-14 05:00:00-05:00,69.22,70.85,-0.0,-1.63
2026-02-14 06:00:00-05:00,74.58,76.26,-0.0,-1.68
2026-02-14 07:00:00-05:00,78.35,79.71,-0.0,-1.36
2026-02-14 08:00:00-05:00,78.84,79.79,-0.0,-0.95
2026-02-14 09:00:00-05:00,71.47,72.93,-0.0,-1.46
2026-02-14 10:00:00-05:00,64.64,65.82,-0.0,-1.18
2026-02-14 11:00:00-05:00,59.59,60.56,-0.0,-0.97
2026-02-14 12:00:00-05:00,53.93,54.98,-0.0,-1.05
2026-02-14 13:00:00-05:00,53.33,54.31,-0.0,-0.98
2026-02-14 14:00:00-05:00,52.91,53.94,-0.0,-1.03
2026-02-14 15:00:00-05:00,56.16,57.19,-0.0,-1.03
2026-02-14 16:00:00-05:00,67.46,68.77,-0.0,-1.31
2026-02-14 17:00:00-05:00,79.55,80.11,-0.0,-0.56
2026-02-14 18:00:00-05:00,79.79,80.19,-0.0,-0.4
2026-02-14 19:00:00-05:00,78.76,79.71,-0.0,-0.95
2026-02-14 20:00:00-05:00,74.37,75.27,-0.0,-0.9
2026-02-14 21:00:00-05:00,68.53,69.65,-0.0,-1.12
2026-02-14 22:00:00-05:00,68.3,69.48,-0.0,-1.18
2026-02-14 23:00:00-05:00,64.04,64.81,-0.0,-0.77
2026-02-15 00:00:00-05:00,65.16,66.22,-0.0,-1.06
2026-02-15 01:00:00-05:00,60.3,61.53,-0.0,-1.23
2026-02-15 02:00:00-05:00,55.51,56.53,-0.0,-1.02
2026-02-15 03:00:00-05:00,54.52,55.41,-0.0,-0.89
2026-02-15 04:00:00-05:00,53.17,53.93,-0.0,-0.76
2026-02-15 05:00:00-05:00,57.7,58.58,-0.0,-0.88
2026-02-15 06:00:00-05:00,65.46,66.46,-0.0,-1.0
2026-02-15 07:00:00-05:00,62.95,63.98,-0.0,-1.03
2026-02-15 08:00:00-05:00,61.28,62.09,-0.0,-0.81
2026-02-15 09:00:00-05:00,54.21,54.87,-0.0,-0.66
2026-02-15 10:00:00-05:00,50.26,50.82,-0.0,-0.56
2026-02-15 11:00:00-05:00,48.61,49.5,-0.0,-0.89
2026-02-15 12:00:00-05:00,47.41,48.33,-0.0,-0.92
2026-02-15 13:00:00-05:00,47.47,48.59,-0.0,-1.12
2026-02-15 14:00:00-05:00,49.3,50.46,-0.0,-1.16
2026-02-15 15:00:00-05:00,53.81,55.02,-0.0,-1.21
2026-02-15 16:00:00-05:00,66.8,68.3,-0.0,-1.5
2026-02-15 17:00:00-05:00,78.12,79.47,-0.0,-1.35
2026-02-15 18:00:00-05:00,81.49,82.23,-0.0,-0.74
2026-02-15 19:00:00-05:00,75.98,77.53,-0.0,-1.55
2026-02-15 20:00:00-05:00,72.24,73.64,-0.0,-1.4
2026-02-15 21:00:00-05:00,62.9,64.18,-0.0,-1.28
2026-02-15 22:00:00-05:00,58.73,59.87,-0.0,-1.14
2026-02-15 23:00:00-05:00,56.87,57.85,-0.0,-0.98
2026-02-16 00:00:00-05:00,57.52,58.39,-0.0,-0.87
2026-02-16 01:00:00-05:00,52.53,53.33,-0.0,-0.8
2026-02-16 02:00:00-05:00,51.22,52.05,-0.0,-0.83
2026-02-16 03:00:00-05:00,49.92,50.63,-0.0,-0.71
2026-02-16 04:00:00-05:00,50.6,51.32,-0.0,-0.72
2026-02-16 05:00:00-05:00,54.82,55.48,-0.0,-0.66
2026-02-16 06:00:00-05:00,64.93,65.99,-0.0,-1.06
2026-02-16 07:00:00-05:00,70.03,71.75,-0.0,-1.72
2026-02-16 08:00:00-05:00,69.33,71.05,-0.01,-1.71
2026-02-16 09:00:00-05:00,70.3,72.72,-0.67,-1.75
2026-02-16 10:00:00-05:00,67.64,69.31,-0.01,-1.66
2026-02-16 11:00:00-05:00,65.25,67.85,-0.7,-1.9
2026-02-16 12:00:00-05:00,60.09,62.21,-0.26,-1.86
2026-02-16 13:00:00-05:00,58.3,61.51,-1.37,-1.84
2026-02-16 14:00:00-05:00,55.99,57.74,-0.07,-1.68
2026-02-16 15:00:00-05:00,56.8,58.13,-0.0,-1.33
2026-02-16 16:00:00-05:00,65.4,67.15,-0.0,-1.75
2026-02-16 17:00:00-05:00,77.87,79.8,-0.01,-1.92
2026-02-16 18:00:00-05:00,82.2,83.37,-0.0,-1.17
2026-02-16 19:00:00-05:00,72.91,74.71,-0.01,-1.79
2026-02-16 20:00:00-05:00,61.05,62.62,-0.01,-1.56
2026-02-16 21:00:00-05:00,57.86,59.16,-0.0,-1.3
2026-02-16 22:00:00-05:00,54.07,55.34,-0.0,-1.27
2026-02-16 23:00:00-05:00,51.83,52.94,-0.0,-1.11
2026-02-17 00:00:00-05:00,50.36,51.81,-0.0,-1.45
2026-02-17 01:00:00-05:00,46.03,47.26,-0.0,-1.23
2026-02-17 02:00:00-05:00,44.05,45.23,-0.0,-1.18
2026-02-17 03:00:00-05:00,43.74,44.72,-0.0,-0.98
2026-02-17 04:00:00-05:00,45.79,46.77,-0.0,-0.98
2026-02-17 05:00:00-05:00,49.65,50.82,-0.0,-1.17
2026-02-17 06:00:00-05:00,66.09,67.44,-0.0,-1.35
2026-02-17 07:00:00-05:00,73.73,76.09,-0.53,-1.83
2026-02-17 08:00:00-05:00,72.67,75.14,-0.52,-1.95
2026-02-17 09:00:00-05:00,72.14,75.42,-1.25,-2.03
2026-02-17 10:00:00-05:00,64.94,70.06,-3.23,-1.89
2026-02-17 11:00:00-05:00,61.63,67.28,-3.56,-2.09
2026-02-17 12:00:00-05:00,58.23,61.42,-1.29,-1.9
2026-02-17 13:00:00-05:00,53.4,55.18,-0.01,-1.77
2026-02-17 14:00:00-05:00,50.89,52.52,-0.0,-1.63
2026-02-17 15:00:00-05:00,51.49,52.54,-0.0,-1.05
2026-02-17 16:00:00-05:00,63.22,64.78,-0.0,-1.56
2026-02-17 17:00:00-05:00,78.83,79.95,-0.0,-1.12
2026-02-17 18:00:00-05:00,83.4,83.98,-0.0,-0.58
2026-02-17 19:00:00-05:00,73.03,74.45,-0.0,-1.42
2026-02-17 20:00:00-05:00,64.13,65.44,-0.0,-1.31
2026-02-17 21:00:00-05:00,57.03,58.43,-0.0,-1.4
2026-02-17 22:00:00-05:00,54.51,55.62,-0.0,-1.11
2026-02-17 23:00:00-05:00,52.34,53.3,-0.0,-0.96
2026-02-18 00:00:00-05:00,53.88,54.7,-0.0,-0.82
2026-02-18 01:00:00-05:00,49.7,50.61,-0.0,-0.91
2026-02-18 02:00:00-05:00,48.56,49.55,-0.0,-0.99
2026-02-18 03:00:00-05:00,47.11,48.07,-0.0,-0.96
2026-02-18 04:00:00-05:00,48.59,49.63,-0.0,-1.04
2026-02-18 05:00:00-05:00,51.76,52.82,-0.0,-1.06
2026-02-18 06:00:00-05:00,57.85,59.03,-0.0,-1.18
2026-02-18 07:00:00-05:00,67.66,69.25,-0.0,-1.59
2026-02-18 08:00:00-05:00,69.4,71.02,0.01,-1.63
2026-02-18 09:00:00-05:00,71.31,72.98,0.01,-1.68
2026-02-18 10:00:00-05:00,65.0,66.39,0.01,-1.4
2026-02-18 11:00:00-05:00,67.07,68.5,0.01,-1.44
2026-02-18 12:00:00-05:00,65.0,66.45,0.01,-1.46
2026-02-18 13:00:00-05:00,63.06,64.41,0.01,-1.36
2026-02-18 14:00:00-05:00,59.36,60.88,-0.0,-1.52
2026-02-18 15:00:00-05:00,60.71,62.2,-0.0,-1.49
2026-02-18 16:00:00-05:00,66.53,68.17,-0.0,-1.64
2026-02-18 17:00:00-05:00,73.77,75.2,-0.0,-1.43
2026-02-18 18:00:00-05:00,75.42,76.49,-0.0,-1.07
2026-02-18 19:00:00-05:00,68.85,69.9,-0.0,-1.05
2026-02-18 20:00:00-05:00,64.51,65.49,-0.0,-0.98
2026-02-18 21:00:00-05:00,55.36,56.43,-0.0,-1.07
2026-02-18 22:00:00-05:00,53.6,54.47,-0.0,-0.87
2026-02-18 23:00:00-05:00,51.43,51.95,-0.0,-0.52
2026-02-19 00:00:00-05:00,49.78,50.49,-0.0,-0.71
2026-02-19 01:00:00-05:00,47.48,48.3,-0.0,-0.82
2026-02-19 02:00:00-05:00,45.59,46.28,-0.0,-0.69
2026-02-19 03:00:00-05:00,45.37,46.2,-0.0,-0.83
2026-02-19 04:00:00-05:00,45.93,46.72,-0.0,-0.79
2026-02-19 05:00:00-05:00,46.81,47.52,-0.0,-0.71
2026-02-19 06:00:00-05:00,56.35,57.44,-0.0,-1.09
2026-02-19 07:00:00-05:00,66.08,67.5,-0.0,-1.42
2026-02-19 08:00:00-05:00,63.88,65.32,-0.0,-1.44
2026-02-19 09:00:00-05:00,59.1,60.49,-0.0,-1.39
2026-02-19 10:00:00-05:00,53.73,54.83,-0.0,-1.1
2026-02-19 11:00:00-05:00,51.19,52.56,-0.0,-1.37
2026-02-19 12:00:00-05:00,49.01,50.48,-0.0,-1.47
2026-02-19 13:00:00-05:00,47.27,48.53,-0.0,-1.26
2026-02-19 14:00:00-05:00,48.86,50.11,-0.0,-1.25
2026-02-19 15:00:00-05:00,48.35,49.44,-0.0,-1.09
2026-02-19 16:00:00-05:00,55.34,56.7,-0.0,-1.36
2026-02-19 17:00:00-05:00,68.06,69.59,-0.0,-1.53
2026-02-19 18:00:00-05:00,71.99,73.68,-0.0,-1.69
2026-02-19 19:00:00-05:00,61.23,62.67,-0.0,-1.44
2026-02-19 20:00:00-05:00,54.8,55.98,-0.0,-1.18
2026-02-19 21:00:00-05:00,48.17,49.35,-0.0,-1.18
2026-02-19 22:00:00-05:00,46.53,47.62,-0.0,-1.09
2026-02-19 23:00:00-05:00,44.35,45.35,-0.0,-1.0
2026-02-20 00:00:00-05:00,44.29,45.66,-0.0,-1.37
2026-02-20 01:00:00-05:00,42.1,43.35,0.01,-1.26
2026-02-20 02:00:00-05:00,41.95,43.3,-0.01,-1.34
2026-02-20 03:00:00-05:00,39.13,40.35,-0.01,-1.21
2026-02-20 04:00:00-05:00,38.87,40.06,0.01,-1.2
2026-02-20 05:00:00-05:00,46.2,45.57,1.86,-1.23
2026-02-20 06:00:00-05:00,56.17,54.91,2.63,-1.37
2026-02-20 07:00:00-05:00,60.35,59.53,2.01,-1.19
2026-02-20 08:00:00-05:00,64.4,64.36,1.52,-1.48
2026-02-20 09:00:00-05:00,71.1,70.32,2.26,-1.48
2026-02-20 10:00:00-05:00,78.67,76.07,4.05,-1.45
2026-02-20 11:00:00-05:00,80.01,77.4,4.24,-1.63
2026-02-20 12:00:00-05:00,78.29,75.76,4.2,-1.67
2026-02-20 13:00:00-05:00,72.5,72.05,2.04,-1.59
2026-02-20 14:00:00-05:00,71.2,70.16,2.65,-1.61
2026-02-20 15:00:00-05:00,67.9,67.04,2.4,-1.54
2026-02-20 16:00:00-05:00,69.07,67.35,3.14,-1.42
2026-02-20 17:00:00-05:00,73.55,72.66,2.27,-1.38
2026-02-20 18:00:00-05:00,66.56,67.35,0.69,-1.48
2026-02-20 19:00:00-05:00,60.8,61.37,0.78,-1.35
2026-02-20 20:00:00-05:00,55.17,55.07,1.31,-1.21
2026-02-20 21:00:00-05:00,50.72,53.65,-1.59,-1.34
2026-02-20 22:00:00-05:00,45.19,46.57,-0.12,-1.26
2026-02-20 23:00:00-05:00,45.4,46.71,-0.0,-1.31
2026-02-21 00:00:00-05:00,41.05,42.1,-0.0,-1.05
2026-02-21 01:00:00-05:00,40.72,41.89,-0.0,-1.17
2026-02-21 02:00:00-05:00,40.76,41.93,-0.0,-1.17
2026-02-21 03:00:00-05:00,40.31,41.52,-0.0,-1.21
2026-02-21 04:00:00-05:00,40.15,41.35,-0.0,-1.2
2026-02-21 05:00:00-05:00,40.8,41.98,-0.0,-1.18
2026-02-21 06:00:00-05:00,43.21,44.41,-0.0,-1.2
2026-02-21 07:00:00-05:00,46.37,47.51,-0.0,-1.14
2026-02-21 08:00:00-05:00,49.67,50.79,-0.0,-1.12
2026-02-21 09:00:00-05:00,47.94,48.92,-0.0,-0.98
2026-02-21 10:00:00-05:00,50.75,51.94,-0.0,-1.19
2026-02-21 11:00:00-05:00,49.63,50.9,-0.0,-1.27
2026-02-21 12:00:00-05:00,47.4,48.77,-0.0,-1.37
2026-02-21 13:00:00-05:00,48.74,49.89,-0.0,-1.15
2026-02-21 14:00:00-05:00,47.97,49.1,-0.0,-1.13
2026-02-21 15:00:00-05:00,51.15,52.35,-0.0,-1.2
2026-02-21 16:00:00-05:00,56.87,58.27,-0.0,-1.4
2026-02-21 17:00:00-05:00,66.46,68.16,-0.0,-1.7
2026-02-21 18:00:00-05:00,71.14,72.67,-0.0,-1.53
2026-02-21 19:00:00-05:00,64.51,65.9,-0.0,-1.39
2026-02-21 20:00:00-05:00,58.9,59.92,-0.0,-1.02
2026-02-21 21:00:00-05:00,53.38,54.58,-0.0,-1.2
2026-02-21 22:00:00-05:00,54.86,55.81,-0.0,-0.95
2026-02-21 23:00:00-05:00,53.36,54.17,-0.0,-0.81
2026-02-22 00:00:00-05:00,48.51,49.15,-0.0,-0.64
2026-02-22 01:00:00-05:00,46.76,47.38,-0.0,-0.62
2026-02-22 02:00:00-05:00,43.97,44.55,-0.0,-0.58
2026-02-22 03:00:00-05:00,42.91,43.39,-0.0,-0.48
2026-02-22 04:00:00-05:00,42.52,43.03,-0.0,-0.51
2026-02-22 05:00:00-05:00,41.44,41.94,-0.0,-0.5
2026-02-22 06:00:00-05:00,42.35,42.82,-0.0,-0.47
2026-02-22 07:00:00-05:00,40.78,41.32,-0.0,-0.54
2026-02-22 08:00:00-05:00,42.93,43.45,-0.0,-0.52
2026-02-22 09:00:00-05:00,47.14,47.86,-0.0,-0.72
2026-02-22 10:00:00-05:00,52.22,53.29,-0.0,-1.07
2026-02-22 11:00:00-05:00,54.45,55.79,-0.0,-1.34
2026-02-22 12:00:00-05:00,55.44,56.69,-0.0,-1.25
2026-02-22 13:00:00-05:00,54.29,55.63,-0.0,-1.34
2026-02-22 14:00:00-05:00,53.78,55.1,-0.0,-1.32
2026-02-22 15:00:00-05:00,55.04,56.45,-0.0,-1.41
2026-02-22 16:00:00-05:00,59.02,60.53,-0.0,-1.51
2026-02-22 17:00:00-05:00,65.44,66.85,-0.0,-1.41
2026-02-22 18:00:00-05:00,67.22,68.45,-0.0,-1.23
2026-02-22 19:00:00-05:00,59.97,61.19,-0.0,-1.22
2026-02-22 20:00:00-05:00,58.59,59.97,-0.0,-1.38
2026-02-22 21:00:00-05:00,56.16,57.72,-0.0,-1.56
2026-02-22 22:00:00-05:00,54.78,55.78,-0.0,-1.0
2026-02-22 23:00:00-05:00,53.6,54.53,-0.0,-0.93
2026-02-23 00:00:00-05:00,50.5,51.37,-0.0,-0.87
2026-02-23 01:00:00-05:00,48.81,49.86,-0.0,-1.05
2026-02-23 02:00:00-05:00,46.24,47.33,-0.0,-1.09
2026-02-23 03:00:00-05:00,44.85,45.86,-0.0,-1.01
2026-02-23 04:00:00-05:00,46.35,47.39,-0.0,-1.04
2026-02-23 05:00:00-05:00,50.5,51.74,-0.0,-1.24
2026-02-23 06:00:00-05:00,62.06,63.65,-0.0,-1.59
2026-02-23 07:00:00-05:00,66.77,66.53,1.44,-1.2
2026-02-23 08:00:00-05:00,69.63,71.66,-0.96,-1.07
2026-02-23 09:00:00-05:00,71.19,72.79,-0.36,-1.24
2026-02-23 10:00:00-05:00,78.39,78.68,1.28,-1.57
2026-02-23 11:00:00-05:00,78.0,77.98,1.66,-1.64
2026-02-23 12:00:00-05:00,70.45,71.52,0.5,-1.57
2026-02-23 13:00:00-05:00,66.48,68.3,-0.25,-1.57
2026-02-23 14:00:00-05:00,61.93,64.05,-0.71,-1.41
2026-02-23 15:00:00-05:00,64.76,66.15,-0.07,-1.32
2026-02-23 16:00:00-05:00,68.75,66.95,3.07,-1.27
2026-02-23 17:00:00-05:00,80.39,79.79,1.72,-1.12
2026-02-23 18:00:00-05:00,79.01,79.88,0.01,-0.88
2026-02-23 19:00:00-05:00,70.21,71.13,0.01,-0.93
2026-02-23 20:00:00-05:00,62.16,62.91,-0.0,-0.75
2026-02-23 21:00:00-05:00,58.78,59.8,-0.0,-1.02
2026-02-23 22:00:00-05:00,57.39,58.2,-0.0,-0.81
2026-02-23 23:00:00-05:00,55.56,56.64,-0.0,-1.08
2026-02-24 00:00:00-05:00,66.38,67.67,-0.0,-1.29
2026-02-24 01:00:00-05:00,63.01,64.23,-0.0,-1.22
2026-02-24 02:00:00-05:00,63.0,64.15,-0.0,-1.15
2026-02-24 03:00:00-05:00,60.94,61.81,-0.0,-0.87
2026-02-24 04:00:00-05:00,65.26,66.25,-0.0,-0.99
2026-02-24 05:00:00-05:00,67.9,68.93,-0.0,-1.03
2026-02-24 06:00:00-05:00,83.92,84.42,-0.0,-0.5
2026-02-24 07:00:00-05:00,108.85,109.95,-0.0,-1.1
2026-02-24 08:00:00-05:00,86.19,86.71,-0.0,-0.52
2026-02-24 09:00:00-05:00,69.63,70.47,-0.0,-0.84
2026-02-24 10:00:00-05:00,75.13,76.35,-0.0,-1.22
2026-02-24 11:00:00-05:00,69.7,70.69,-0.0,-0.99
2026-02-24 12:00:00-05:00,66.43,67.65,-0.0,-1.22
2026-02-24 13:00:00-05:00,63.09,64.38,-0.0,-1.29
2026-02-24 14:00:00-05:00,63.99,65.36,0.01,-1.38
2026-02-24 15:00:00-05:00,63.93,65.29,0.01,-1.37
2026-02-24 16:00:00-05:00,82.55,79.79,4.12,-1.36
2026-02-24 17:00:00-05:00,100.95,97.96,3.97,-0.98
2026-02-24 18:00:00-05:00,127.71,119.56,9.11,-0.96
2026-02-24 19:00:00-05:00,101.12,95.91,6.46,-1.25
2026-02-24 20:00:00-05:00,95.01,88.06,8.45,-1.5
2026-02-24 21:00:00-05:00,87.78,81.04,8.36,-1.62
2026-02-24 22:00:00-05:00,74.21,75.76,0.04,-1.59
2026-02-24 23:00:00-05:00,70.88,72.33,-0.0,-1.45
2026-02-25 00:00:00-05:00,75.97,78.23,0.01,-2.27
2026-02-25 01:00:00-05:00,75.18,77.58,0.01,-2.41
2026-02-25 02:00:00-05:00,70.97,73.15,0.01,-2.19
2026-02-25 03:00:00-05:00,67.41,69.42,0.01,-2.02
2026-02-25 04:00:00-05:00,68.35,70.23,0.01,-1.89
2026-02-25 05:00:00-05:00,82.59,78.82,5.98,-2.21
2026-02-25 06:00:00-05:00,104.08,97.05,9.55,-2.52
2026-02-25 07:00:00-05:00,112.23,103.15,11.56,-2.48
2026-02-25 08:00:00-05:00,108.21,98.0,12.76,-2.55
2026-02-25 09:00:00-05:00,98.4,96.98,4.03,-2.61
2026-02-25 10:00:00-05:00,79.12,78.8,2.37,-2.05
2026-02-25 11:00:00-05:00,69.25,70.75,0.34,-1.84
2026-02-25 12:00:00-05:00,65.06,66.62,0.3,-1.86
2026-02-25 13:00:00-05:00,62.12,62.9,1.05,-1.83
2026-02-25 14:00:00-05:00,59.94,60.53,1.1,-1.69
2026-02-25 15:00:00-05:00,60.56,60.41,1.72,-1.57
2026-02-25 16:00:00-05:00,70.79,68.45,3.78,-1.44
2026-02-25 17:00:00-05:00,94.51,89.39,6.64,-1.52
2026-02-25 18:00:00-05:00,84.61,83.25,2.61,-1.25
2026-02-25 19:00:00-05:00,79.21,80.0,0.33,-1.12
2026-02-25 20:00:00-05:00,70.68,70.55,1.19,-1.06
2026-02-25 21:00:00-05:00,69.45,68.84,1.78,-1.17
2026-02-25 22:00:00-05:00,63.62,64.72,-0.0,-1.1
2026-02-25 23:00:00-05:00,63.97,65.01,-0.0,-1.04
2026-02-26 00:00:00-05:00,53.65,54.41,-0.0,-0.76
2026-02-26 01:00:00-05:00,50.75,51.11,-0.0,-0.36
2026-02-26 02:00:00-05:00,50.49,50.9,-0.0,-0.41
2026-02-26 03:00:00-05:00,49.36,49.61,-0.0,-0.25
2026-02-26 04:00:00-05:00,52.82,53.03,-0.0,-0.21
2026-02-26 05:00:00-05:00,56.69,56.8,-0.0,-0.11
2026-02-26 06:00:00-05:00,75.55,75.7,-0.0,-0.15
2026-02-26 07:00:00-05:00,77.18,77.57,-0.0,-0.39
2026-02-26 08:00:00-05:00,70.55,71.04,-0.0,-0.49
2026-02-26 09:00:00-05:00,50.57,51.24,-0.0,-0.67
2026-02-26 10:00:00-05:00,50.8,51.47,-0.0,-0.67
2026-02-26 11:00:00-05:00,48.68,49.37,-0.0,-0.69
2026-02-26 12:00:00-05:00,48.6,49.34,-0.0,-0.74
2026-02-26 13:00:00-05:00,48.27,48.96,-0.0,-0.69
2026-02-26 14:00:00-05:00,48.74,49.38,-0.0,-0.64
2026-02-26 15:00:00-05:00,49.29,49.99,-0.0,-0.7
2026-02-26 16:00:00-05:00,57.0,57.81,-0.0,-0.81
2026-02-26 17:00:00-05:00,79.24,79.72,-0.0,-0.48
2026-02-26 18:00:00-05:00,86.0,85.74,-0.0,0.26
2026-02-26 19:00:00-05:00,79.56,79.8,-0.0,-0.24
2026-02-26 20:00:00-05:00,70.72,71.07,-0.0,-0.35
2026-02-26 21:00:00-05:00,64.85,65.63,-0.0,-0.78
2026-02-26 22:00:00-05:00,62.63,63.07,-0.0,-0.44
2026-02-26 23:00:00-05:00,64.48,64.87,-0.0,-0.39
2026-02-27 00:00:00-05:00,50.31,50.97,-0.0,-0.66
2026-02-27 01:00:00-05:00,46.8,47.37,-0.0,-0.57
2026-02-27 02:00:00-05:00,45.79,46.39,-0.0,-0.6
2026-02-27 03:00:00-05:00,44.73,45.37,-0.0,-0.64
2026-02-27 04:00:00-05:00,45.65,46.34,-0.0,-0.69
2026-02-27 05:00:00-05:00,49.55,50.41,-0.0,-0.86
2026-02-27 06:00:00-05:00,64.82,66.21,-0.0,-1.39
2026-02-27 07:00:00-05:00,66.92,68.43,-0.0,-1.51
2026-02-27 08:00:00-05:00,52.8,53.99,-0.0,-1.19
2026-02-27 09:00:00-05:00,44.98,46.09,-0.0,-1.11
2026-02-27 10:00:00-05:00,42.52,43.74,-0.0,-1.22
2026-02-27 11:00:00-05:00,38.91,40.24,-0.0,-1.33
2026-02-27 12:00:00-05:00,38.18,39.65,-0.0,-1.47
2026-02-27 13:00:00-05:00,37.21,38.64,-0.0,-1.43
2026-02-27 14:00:00-05:00,37.39,38.75,-0.0,-1.36
2026-02-27 15:00:00-05:00,38.16,39.63,-0.0,-1.47
2026-02-27 16:00:00-05:00,46.06,47.73,-0.0,-1.67
2026-02-27 17:00:00-05:00,58.28,59.58,0.49,-1.79
2026-02-27 18:00:00-05:00,62.37,63.53,0.68,-1.84
2026-02-27 19:00:00-05:00,52.82,53.11,1.25,-1.54
2026-02-27 20:00:00-05:00,46.31,46.82,0.85,-1.36
2026-02-27 21:00:00-05:00,43.92,44.94,0.42,-1.44
2026-02-27 22:00:00-05:00,42.47,43.83,-0.0,-1.36
2026-02-27 23:00:00-05:00,40.89,42.24,-0.0,-1.35
2026-02-28 00:00:00-05:00,38.03,39.2,-0.0,-1.17
2026-02-28 01:00:00-05:00,37.04,38.27,-0.0,-1.23
2026-02-28 02:00:00-05:00,34.73,35.8,-0.0,-1.07
2026-02-28 03:00:00-05:00,35.82,36.78,-0.0,-0.96
2026-02-28 04:00:00-05:00,35.58,36.57,-0.0,-0.99
2026-02-28 05:00:00-05:00,35.19,36.16,-0.0,-0.97
2026-02-28 06:00:00-05:00,39.06,39.94,-0.0,-0.88
2026-02-28 07:00:00-05:00,41.6,42.45,-0.0,-0.85
2026-02-28 08:00:00-05:00,39.5,40.39,-0.0,-0.89
2026-02-28 09:00:00-05:00,37.95,38.72,-0.0,-0.77
2026-02-28 10:00:00-05:00,35.63,36.36,-0.0,-0.73
2026-02-28 11:00:00-05:00,33.9,34.59,-0.0,-0.69
2026-02-28 12:00:00-05:00,32.43,33.09,-0.0,-0.66
2026-02-28 13:00:00-05:00,32.01,32.6,-0.0,-0.59
2026-02-28 14:00:00-05:00,32.02,32.61,-0.0,-0.59
2026-02-28 15:00:00-05:00,32.37,32.9,-0.0,-0.53
2026-02-28 16:00:00-05:00,40.02,40.55,-0.0,-0.53
2026-02-28 17:00:00-05:00,53.07,53.82,-0.0,-0.75
2026-02-28 18:00:00-05:00,62.61,63.37,-0.0,-0.76
2026-02-28 19:00:00-05:00,55.23,55.79,-0.0,-0.56
2026-02-28 20:00:00-05:00,53.47,54.01,-0.0,-0.54
2026-02-28 21:00:00-05:00,53.34,53.99,-0.0,-0.65
2026-02-28 22:00:00-05:00,50.9,51.21,-0.0,-0.31
2026-02-28 23:00:00-05:00,48.42,48.66,-0.0,-0.24
2026-03-01 00:00:00-05:00,48.16,48.74,-0.0,-0.58
2026-03-01 01:00:00-05:00,46.34,46.95,-0.0,-0.61
2026-03-01 02:00:00-05:00,44.81,45.45,-0.0,-0.64
2026-03-01 03:00:00-05:00,43.0,43.57,-0.0,-0.57
2026-03-01 04:00:00-05:00,43.13,43.61,-0.0,-0.48
2026-03-01 05:00:00-05:00,41.99,42.54,-0.0,-0.55
2026-03-01 06:00:00-05:00,46.87,47.44,-0.0,-0.57
2026-03-01 07:00:00-05:00,46.99,47.51,-0.0,-0.52
2026-03-01 08:00:00-05:00,49.19,50.09,-0.0,-0.9
2026-03-01 09:00:00-05:00,48.93,49.98,-0.0,-1.05
2026-03-01 10:00:00-05:00,61.67,63.51,-0.0,-1.84
2026-03-01 11:00:00-05:00,61.41,63.25,-0.0,-1.84
2026-03-01 12:00:00-05:00,59.64,61.48,-0.0,-1.84
2026-03-01 13:00:00-05:00,57.12,59.07,-0.0,-1.95
2026-03-01 14:00:00-05:00,56.74,58.62,-0.0,-1.88
2026-03-01 15:00:00-05:00,54.89,56.59,-0.0,-1.7
2026-03-01 16:00:00-05:00,61.81,63.66,-0.0,-1.85
2026-03-01 17:00:00-05:00,84.2,85.48,-0.0,-1.28
2026-03-01 18:00:00-05:00,80.24,80.72,-0.0,-0.48
2026-03-01 19:00:00-05:00,76.88,77.19,-0.0,-0.31
2026-03-01 20:00:00-05:00,75.8,76.18,-0.0,-0.38
2026-03-01 21:00:00-05:00,75.04,76.11,-0.0,-1.07
2026-03-01 22:00:00-05:00,74.74,75.88,-0.0,-1.14
2026-03-01 23:00:00-05:00,70.15,71.22,-0.0,-1.07
2026-03-02 00:00:00-05:00,77.19,78.29,-0.0,-1.1
2026-03-02 01:00:00-05:00,74.7,75.69,-0.0,-0.99
2026-03-02 02:00:00-05:00,72.05,73.0,-0.0,-0.95
2026-03-02 03:00:00-05:00,78.2,79.07,-0.0,-0.87
2026-03-02 04:00:00-05:00,81.96,83.04,-0.0,-1.08
2026-03-02 05:00:00-05:00,96.78,98.55,-0.0,-1.77
2026-03-02 06:00:00-05:00,135.08,137.55,-0.0,-2.47
2026-03-02 07:00:00-05:00,155.33,158.34,-0.0,-3.01
2026-03-02 08:00:00-05:00,100.98,103.04,-0.0,-2.06
2026-03-02 09:00:00-05:00,69.95,71.82,-0.0,-1.87
2026-03-02 10:00:00-05:00,67.41,69.78,-0.0,-2.37
2026-03-02 11:00:00-05:00,61.59,63.83,-0.0,-2.24
2026-03-02 12:00:00-05:00,56.3,58.55,0.03,-2.28
2026-03-02 13:00:00-05:00,53.31,55.4,0.07,-2.16
2026-03-02 14:00:00-05:00,52.08,54.08,0.05,-2.05
2026-03-02 15:00:00-05:00,53.8,55.44,0.58,-2.22
2026-03-02 16:00:00-05:00,67.77,70.44,-0.14,-2.53
2026-03-02 17:00:00-05:00,118.1,121.39,-0.02,-3.27
2026-03-02 18:00:00-05:00,153.68,157.78,-0.48,-3.62
2026-03-02 19:00:00-05:00,132.48,131.99,3.13,-2.64
2026-03-02 20:00:00-05:00,95.41,94.07,3.32,-1.98
2026-03-02 21:00:00-05:00,83.36,81.71,3.37,-1.72
2026-03-02 22:00:00-05:00,73.88,73.95,1.85,-1.92
2026-03-02 23:00:00-05:00,70.9,71.55,1.07,-1.72
2026-03-03 00:00:00-05:00,60.06,61.79,-0.0,-1.73
2026-03-03 01:00:00-05:00,57.98,59.53,-0.0,-1.55
2026-03-03 02:00:00-05:00,55.31,56.79,-0.0,-1.48
2026-03-03 03:00:00-05:00,55.08,56.43,-0.0,-1.35
2026-03-03 04:00:00-05:00,54.73,56.02,-0.0,-1.29
2026-03-03 05:00:00-05:00,59.45,61.16,-0.36,-1.35
2026-03-03 06:00:00-05:00,69.73,71.55,-0.39,-1.43
2026-03-03 07:00:00-05:00,76.21,78.08,-0.38,-1.49
2026-03-03 08:00:00-05:00,73.58,75.96,-0.93,-1.45
2026-03-03 09:00:00-05:00,72.23,75.09,-0.91,-1.95
2026-03-03 10:00:00-05:00,65.25,67.06,-0.0,-1.81
2026-03-03 11:00:00-05:00,65.0,66.8,-0.0,-1.8
2026-03-03 12:00:00-05:00,63.41,65.24,-0.0,-1.83
2026-03-03 13:00:00-05:00,61.85,63.76,-0.0,-1.91
2026-03-03 14:00:00-05:00,63.03,65.05,-0.0,-2.02
2026-03-03 15:00:00-05:00,68.62,70.74,-0.0,-2.12
2026-03-03 16:00:00-05:00,64.91,66.44,-0.0,-1.53
2026-03-03 17:00:00-05:00,74.27,75.71,-0.0,-1.44
2026-03-03 18:00:00-05:00,75.04,76.03,-0.0,-0.99
2026-03-03 19:00:00-05:00,73.5,74.54,-0.0,-1.04
2026-03-03 20:00:00-05:00,68.16,69.06,-0.0,-0.9
2026-03-03 21:00:00-05:00,62.91,63.74,-0.0,-0.83
2026-03-03 22:00:00-05:00,59.93,60.66,-0.0,-0.73
2026-03-03 23:00:00-05:00,56.69,57.21,-0.0,-0.52
2026-03-04 00:00:00-05:00,48.35,48.84,-0.0,-0.49
2026-03-04 01:00:00-05:00,44.55,44.77,-0.0,-0.22
2026-03-04 02:00:00-05:00,43.54,43.89,-0.0,-0.35
2026-03-04 03:00:00-05:00,41.28,41.4,-0.0,-0.12
2026-03-04 04:00:00-05:00,41.05,41.21,-0.0,-0.16
2026-03-04 05:00:00-05:00,47.61,47.85,-0.0,-0.24
2026-03-04 06:00:00-05:00,59.84,60.5,-0.0,-0.66
2026-03-04 07:00:00-05:00,65.77,66.97,-0.0,-1.2
2026-03-04 08:00:00-05:00,57.59,58.83,-0.0,-1.24
2026-03-04 09:00:00-05:00,48.26,49.45,-0.0,-1.19
2026-03-04 10:00:00-05:00,44.19,45.51,-0.0,-1.32
2026-03-04 11:00:00-05:00,40.42,41.67,-0.0,-1.25
2026-03-04 12:00:00-05:00,36.53,37.74,-0.0,-1.21
2026-03-04 13:00:00-05:00,33.07,34.06,-0.0,-0.99
2026-03-04 14:00:00-05:00,33.51,34.62,-0.0,-1.11
2026-03-04 15:00:00-05:00,37.63,38.79,-0.0,-1.16
2026-03-04 16:00:00-05:00,45.78,46.81,-0.0,-1.03
2026-03-04 17:00:00-05:00,57.84,58.78,-0.0,-0.94
2026-03-04 18:00:00-05:00,66.68,67.83,-0.0,-1.15
2026-03-04 19:00:00-05:00,58.87,59.71,-0.0,-0.84
2026-03-04 20:00:00-05:00,52.64,53.22,-0.0,-0.58
2026-03-04 21:00:00-05:00,48.44,49.18,-0.0,-0.74
2026-03-04 22:00:00-05:00,48.26,48.95,-0.0,-0.69
2026-03-04 23:00:00-05:00,43.24,43.68,-0.0,-0.44
2026-03-05 00:00:00-05:00,42.31,42.78,-0.0,-0.47
2026-03-05 01:00:00-05:00,40.03,40.51,-0.0,-0.48
2026-03-05 02:00:00-05:00,39.26,39.74,-0.0,-0.48
2026-03-05 03:00:00-05:00,38.22,38.8,-0.0,-0.58
2026-03-05 04:00:00-05:00,39.37,39.89,-0.0,-0.52
2026-03-05 05:00:00-05:00,41.51,42.1,-0.0,-0.59
2026-03-05 06:00:00-05:00,51.98,52.93,-0.0,-0.95
2026-03-05 07:00:00-05:00,56.82,58.16,-0.0,-1.34
2026-03-05 08:00:00-05:00,54.59,55.87,-0.0,-1.28
2026-03-05 09:00:00-05:00,48.21,49.5,-0.0,-1.29
2026-03-05 10:00:00-05:00,47.83,49.01,-0.0,-1.18
2026-03-05 11:00:00-05:00,46.09,47.32,-0.0,-1.23
2026-03-05 12:00:00-05:00,45.26,46.51,-0.0,-1.25
2026-03-05 13:00:00-05:00,43.8,44.97,-0.0,-1.17
2026-03-05 14:00:00-05:00,43.45,44.65,-0.0,-1.2
2026-03-05 15:00:00-05:00,46.88,48.44,-0.11,-1.45
2026-03-05 16:00:00-05:00,51.16,52.74,-0.16,-1.42
2026-03-05 17:00:00-05:00,55.86,57.55,-0.14,-1.55
2026-03-05 18:00:00-05:00,57.62,59.1,-0.0,-1.48
2026-03-05 19:00:00-05:00,54.35,55.46,-0.0,-1.11
2026-03-05 20:00:00-05:00,49.77,50.89,-0.0,-1.12
2026-03-05 21:00:00-05:00,48.66,49.71,-0.0,-1.05
2026-03-05 22:00:00-05:00,43.62,44.37,-0.0,-0.75
2026-03-05 23:00:00-05:00,39.76,40.45,-0.0,-0.69
2026-03-06 00:00:00-05:00,44.99,45.35,-0.0,-0.36
2026-03-06 01:00:00-05:00,42.35,42.78,-0.0,-0.43
2026-03-06 02:00:00-05:00,42.18,42.56,-0.0,-0.38
2026-03-06 03:00:00-05:00,42.45,42.66,-0.0,-0.21
2026-03-06 04:00:00-05:00,42.41,42.8,-0.0,-0.39
2026-03-06 05:00:00-05:00,45.7,46.21,-0.0,-0.51
2026-03-06 06:00:00-05:00,54.47,55.13,-0.0,-0.66
2026-03-06 07:00:00-05:00,64.9,66.09,-0.0,-1.19
2026-03-06 08:00:00-05:00,64.83,66.15,-0.0,-1.32
2026-03-06 09:00:00-05:00,59.7,61.31,-0.02,-1.59
2026-03-06 10:00:00-05:00,68.49,70.62,-0.15,-1.98
2026-03-06 11:00:00-05:00,55.0,56.64,-0.0,-1.64
2026-03-06 12:00:00-05:00,50.26,51.82,-0.01,-1.55
2026-03-06 13:00:00-05:00,48.86,50.61,-0.28,-1.47
2026-03-06 14:00:00-05:00,46.43,48.15,-0.23,-1.49
2026-03-06 15:00:00-05:00,49.12,50.77,-0.13,-1.52
2026-03-06 16:00:00-05:00,51.32,52.74,-0.0,-1.42
2026-03-06 17:00:00-05:00,59.16,60.81,-0.13,-1.52
2026-03-06 18:00:00-05:00,58.42,59.95,-0.15,-1.38
2026-03-06 19:00:00-05:00,51.31,52.57,-0.0,-1.26
2026-03-06 20:00:00-05:00,46.9,48.66,-0.55,-1.21
2026-03-06 21:00:00-05:00,45.04,47.59,-1.36,-1.19
2026-03-06 22:00:00-05:00,43.48,46.96,-2.31,-1.17
2026-03-06 23:00:00-05:00,37.66,39.36,-0.6,-1.1
2026-03-07 00:00:00-05:00,41.19,44.08,-1.61,-1.28
2026-03-07 01:00:00-05:00,36.1,38.75,-1.49,-1.16
2026-03-07 02:00:00-05:00,34.8,38.18,-2.2,-1.18
2026-03-07 03:00:00-05:00,33.88,35.88,-0.92,-1.08
2026-03-07 04:00:00-05:00,31.4,33.69,-1.28,-1.01
2026-03-07 05:00:00-05:00,34.0,36.77,-1.67,-1.1
2026-03-07 06:00:00-05:00,38.5,42.6,-2.86,-1.24
2026-03-07 07:00:00-05:00,39.88,44.85,-3.67,-1.3
2026-03-07 08:00:00-05:00,39.79,45.32,-4.26,-1.27
2026-03-07 09:00:00-05:00,37.91,42.68,-3.49,-1.28
2026-03-07 10:00:00-05:00,36.0,41.7,-4.36,-1.34
2026-03-07 11:00:00-05:00,34.64,39.89,-3.97,-1.28
2026-03-07 12:00:00-05:00,32.42,36.65,-3.02,-1.21
2026-03-07 13:00:00-05:00,31.76,36.56,-3.59,-1.21
2026-03-07 14:00:00-05:00,32.25,36.56,-3.14,-1.17
2026-03-07 15:00:00-05:00,31.14,36.12,-3.86,-1.12
2026-03-07 16:00:00-05:00,36.46,41.22,-3.61,-1.15
2026-03-07 17:00:00-05:00,46.65,51.56,-3.62,-1.29
2026-03-07 18:00:00-05:00,49.19,54.57,-4.13,-1.25
2026-03-07 19:00:00-05:00,44.42,48.41,-2.83,-1.16
2026-03-07 20:00:00-05:00,41.49,45.1,-2.57,-1.04
2026-03-07 21:00:00-05:00,37.97,41.35,-2.35,-1.03
2026-03-07 22:00:00-05:00,35.75,37.89,-1.12,-1.02
2026-03-07 23:00:00-05:00,31.66,32.62,-0.01,-0.95
2026-03-08 00:00:00-05:00,36.81,37.83,-0.0,-1.02
2026-03-08 01:00:00-05:00,34.08,35.06,-0.0,-0.98
2026-03-08 03:00:00-04:00,33.41,34.41,-0.0,-1.0
2026-03-08 04:00:00-04:00,29.28,29.97,-0.0,-0.69
2026-03-08 05:00:00-04:00,29.71,30.44,-0.0,-0.73
2026-03-08 06:00:00-04:00,32.69,33.53,-0.0,-0.84
2026-03-08 07:00:00-04:00,35.74,36.54,-0.0,-0.8
2026-03-08 08:00:00-04:00,36.11,36.96,-0.0,-0.85
2026-03-08 09:00:00-04:00,35.48,36.5,-0.0,-1.02
2026-03-08 10:00:00-04:00,34.68,35.87,-0.01,-1.18
2026-03-08 11:00:00-04:00,31.03,32.24,-0.08,-1.13
2026-03-08 12:00:00-04:00,28.26,29.47,-0.15,-1.06
2026-03-08 13:00:00-04:00,25.12,26.44,-0.34,-0.98
2026-03-08 14:00:00-04:00,21.15,23.17,-1.12,-0.9
2026-03-08 15:00:00-04:00,21.23,22.08,-0.01,-0.84
2026-03-08 16:00:00-04:00,26.74,27.84,-0.12,-0.98
2026-03-08 17:00:00-04:00,32.77,33.83,-0.01,-1.05
2026-03-08 18:00:00-04:00,47.47,48.92,-0.13,-1.32
2026-03-08 19:00:00-04:00,52.33,53.93,-0.36,-1.24
2026-03-08 20:00:00-04:00,47.93,49.24,-0.18,-1.13
2026-03-08 21:00:00-04:00,39.52,40.5,-0.05,-0.93
2026-03-08 22:00:00-04:00,35.66,36.46,-0.0,-0.8
2026-03-08 23:00:00-04:00,32.13,32.79,-0.0,-0.66
2026-03-09 00:00:00-04:00,33.31,33.99,-0.0,-0.68
2026-03-09 01:00:00-04:00,30.52,31.14,-0.0,-0.62
2026-03-09 02:00:00-04:00,29.39,29.99,-0.0,-0.6
2026-03-09 03:00:00-04:00,29.96,30.54,-0.0,-0.58
2026-03-09 04:00:00-04:00,31.37,31.91,-0.0,-0.54
2026-03-09 05:00:00-04:00,34.72,35.47,-0.0,-0.75
2026-03-09 06:00:00-04:00,49.89,51.04,-0.28,-0.87
2026-03-09 07:00:00-04:00,69.76,69.99,0.75,-0.98
2026-03-09 08:00:00-04:00,53.25,53.55,0.83,-1.13
2026-03-09 09:00:00-04:00,31.08,31.99,-0.01,-0.9
2026-03-09 10:00:00-04:00,29.32,30.29,-0.0,-0.97
2026-03-09 11:00:00-04:00,27.77,28.83,-0.05,-1.01
2026-03-09 12:00:00-04:00,25.1,25.96,-0.0,-0.86
2026-03-09 13:00:00-04:00,23.0,23.79,-0.01,-0.78
2026-03-09 14:00:00-04:00,23.0,23.82,-0.01,-0.81
2026-03-09 15:00:00-04:00,23.74,24.56,-0.01,-0.81
2026-03-09 16:00:00-04:00,29.28,30.41,-0.25,-0.88
2026-03-09 17:00:00-04:00,41.27,41.27,0.99,-0.99
2026-03-09 18:00:00-04:00,55.9,55.86,0.99,-0.95
2026-03-09 19:00:00-04:00,62.46,61.83,1.62,-0.99
2026-03-09 20:00:00-04:00,54.11,53.49,1.42,-0.8
2026-03-09 21:00:00-04:00,44.25,44.18,0.82,-0.75
2026-03-09 22:00:00-04:00,38.03,38.69,-0.0,-0.66
2026-03-09 23:00:00-04:00,34.15,34.74,-0.0,-0.59
2026-03-10 00:00:00-04:00,32.34,32.73,-0.0,-0.39
2026-03-10 01:00:00-04:00,29.69,30.14,-0.0,-0.45
2026-03-10 02:00:00-04:00,29.11,29.4,-0.0,-0.29
2026-03-10 03:00:00-04:00,28.56,28.85,-0.0,-0.29
2026-03-10 04:00:00-04:00,30.9,31.18,-0.0,-0.28
2026-03-10 05:00:00-04:00,36.85,37.34,-0.0,-0.49
2026-03-10 06:00:00-04:00,50.81,49.97,1.29,-0.45
2026-03-10 07:00:00-04:00,86.89,81.14,6.23,-0.48
2026-03-10 08:00:00-04:00,59.41,56.68,3.35,-0.62
2026-03-10 09:00:00-04:00,39.94,39.05,1.55,-0.66
2026-03-10 10:00:00-04:00,32.88,33.62,-0.0,-0.74
2026-03-10 11:00:00-04:00,30.9,31.22,0.34,-0.66
2026-03-10 12:00:00-04:00,29.64,30.37,-0.0,-0.73
2026-03-10 13:00:00-04:00,28.84,29.58,-0.0,-0.74
2026-03-10 14:00:00-04:00,28.84,29.43,0.2,-0.79
2026-03-10 15:00:00-04:00,32.39,32.33,0.8,-0.74
2026-03-10 16:00:00-04:00,38.8,38.04,1.44,-0.68
2026-03-10 17:00:00-04:00,45.61,44.95,1.29,-0.63
2026-03-10 18:00:00-04:00,59.0,56.78,2.56,-0.34
2026-03-10 19:00:00-04:00,70.5,68.64,2.2,-0.34
2026-03-10 20:00:00-04:00,56.83,56.13,0.87,-0.17
2026-03-10 21:00:00-04:00,47.09,46.36,1.05,-0.32
2026-03-10 22:00:00-04:00,43.04,43.43,-0.0,-0.39
2026-03-10 23:00:00-04:00,36.05,36.41,-0.0,-0.36
2026-03-11 00:00:00-04:00,33.95,34.4,-0.0,-0.45
2026-03-11 01:00:00-04:00,31.76,32.21,-0.0,-0.45
2026-03-11 02:00:00-04:00,30.13,30.68,-0.0,-0.55
2026-03-11 03:00:00-04:00,29.13,29.66,-0.0,-0.53
2026-03-11 04:00:00-04:00,29.16,29.69,-0.0,-0.53
2026-03-11 05:00:00-04:00,32.71,32.65,0.71,-0.65
2026-03-11 06:00:00-04:00,46.5,45.32,2.04,-0.86
2026-03-11 07:00:00-04:00,55.91,54.6,2.4,-1.09
2026-03-11 08:00:00-04:00,50.16,48.78,2.41,-1.03
2026-03-11 09:00:00-04:00,43.26,41.09,2.83,-0.66
2026-03-11 10:00:00-04:00,42.99,40.95,2.74,-0.7
2026-03-11 11:00:00-04:00,37.75,36.72,1.73,-0.7
2026-03-11 12:00:00-04:00,37.31,36.06,1.97,-0.72
2026-03-11 13:00:00-04:00,35.97,35.46,1.26,-0.75
2026-03-11 14:00:00-04:00,38.08,37.29,1.61,-0.82
2026-03-11 15:00:00-04:00,41.88,40.19,2.69,-1.0
2026-03-11 16:00:00-04:00,46.41,44.08,3.3,-0.97
2026-03-11 17:00:00-04:00,47.44,46.18,2.37,-1.11
2026-03-11 18:00:00-04:00,54.89,53.13,2.93,-1.17
2026-03-11 19:00:00-04:00,53.79,54.07,0.64,-0.92
2026-03-11 20:00:00-04:00,47.96,52.47,-3.57,-0.94
2026-03-11 21:00:00-04:00,42.9,46.67,-2.84,-0.93
2026-03-11 22:00:00-04:00,38.11,38.4,0.52,-0.81
2026-03-11 23:00:00-04:00,32.59,33.38,0.01,-0.8
2026-03-12 00:00:00-04:00,29.36,30.05,-0.0,-0.69
2026-03-12 01:00:00-04:00,28.05,28.48,0.11,-0.54
2026-03-12 02:00:00-04:00,26.86,27.0,0.35,-0.49
2026-03-12 03:00:00-04:00,26.12,26.59,0.01,-0.48
2026-03-12 04:00:00-04:00,26.59,27.05,-0.0,-0.46
2026-03-12 05:00:00-04:00,28.65,29.11,0.01,-0.47
2026-03-12 06:00:00-04:00,35.47,35.36,0.57,-0.46
2026-03-12 07:00:00-04:00,48.74,46.73,2.62,-0.61
2026-03-12 08:00:00-04:00,46.83,45.71,1.62,-0.5
2026-03-12 09:00:00-04:00,46.64,44.98,2.25,-0.59
2026-03-12 10:00:00-04:00,42.95,42.46,1.17,-0.68
2026-03-12 11:00:00-04:00,41.76,41.7,0.77,-0.71
2026-03-12 12:00:00-04:00,42.8,41.07,2.59,-0.86
2026-03-12 13:00:00-04:00,37.16,36.9,1.18,-0.92
2026-03-12 14:00:00-04:00,37.61,36.5,1.99,-0.88
2026-03-12 15:00:00-04:00,36.75,35.44,2.19,-0.88
2026-03-12 16:00:00-04:00,42.57,40.94,2.57,-0.94
2026-03-12 17:00:00-04:00,50.25,49.24,1.95,-0.94
2026-03-12 18:00:00-04:00,51.85,52.64,0.11,-0.9
2026-03-12 19:00:00-04:00,56.99,57.62,-0.0,-0.63
2026-03-12 20:00:00-04:00,58.58,59.07,0.22,-0.71
2026-03-12 21:00:00-04:00,46.54,47.01,-0.0,-0.47
2026-03-12 22:00:00-04:00,42.11,42.45,-0.0,-0.34
2026-03-12 23:00:00-04:00,38.33,38.21,0.2,-0.08
2026-03-13 00:00:00-04:00,45.97,46.25,-0.0,-0.28
2026-03-13 01:00:00-04:00,39.6,40.03,0.05,-0.48
2026-03-13 02:00:00-04:00,38.3,38.62,0.1,-0.42
2026-03-13 03:00:00-04:00,38.55,39.06,-0.0,-0.51
2026-03-13 04:00:00-04:00,39.31,39.73,0.1,-0.52
2026-03-13 05:00:00-04:00,43.46,43.99,-0.0,-0.53
2026-03-13 06:00:00-04:00,63.48,60.51,3.76,-0.79
2026-03-13 07:00:00-04:00,78.22,73.56,5.91,-1.25
2026-03-13 08:00:00-04:00,59.99,57.89,2.97,-0.87
2026-03-13 09:00:00-04:00,48.0,45.47,3.35,-0.82
2026-03-13 10:00:00-04:00,43.66,41.2,3.16,-0.7
2026-03-13 11:00:00-04:00,44.27,41.88,3.19,-0.8
2026-03-13 12:00:00-04:00,41.12,39.01,2.97,-0.86
2026-03-13 13:00:00-04:00,43.97,41.9,3.03,-0.96
2026-03-13 14:00:00-04:00,43.79,41.76,3.03,-1.0
2026-03-13 15:00:00-04:00,41.87,42.71,0.1,-0.94
2026-03-13 16:00:00-04:00,48.26,47.36,1.85,-0.95
2026-03-13 17:00:00-04:00,51.26,52.68,-0.47,-0.95
2026-03-13 18:00:00-04:00,59.69,59.06,1.58,-0.95
2026-03-13 19:00:00-04:00,65.37,65.0,1.28,-0.91
2026-03-13 20:00:00-04:00,56.74,55.62,1.84,-0.72
2026-03-13 21:00:00-04:00,54.82,53.29,2.22,-0.69
2026-03-13 22:00:00-04:00,46.44,48.41,-1.19,-0.78
2026-03-13 23:00:00-04:00,45.96,44.21,2.59,-0.84
2026-03-14 00:00:00-04:00,42.59,41.15,2.35,-0.91
2026-03-14 01:00:00-04:00,41.84,40.39,2.34,-0.89
2026-03-14 02:00:00-04:00,37.0,36.96,0.93,-0.89
2026-03-14 03:00:00-04:00,36.43,36.59,0.68,-0.84
2026-03-14 04:00:00-04:00,36.75,37.15,0.49,-0.89
2026-03-14 05:00:00-04:00,38.99,39.18,0.75,-0.94
2026-03-14 06:00:00-04:00,46.77,45.19,2.48,-0.9
2026-03-14 07:00:00-04:00,52.79,50.36,3.49,-1.06
2026-03-14 08:00:00-04:00,49.32,47.08,3.23,-0.99
2026-03-14 09:00:00-04:00,44.17,41.84,3.13,-0.8
2026-03-14 10:00:00-04:00,40.29,38.34,2.68,-0.73
2026-03-14 11:00:00-04:00,37.75,36.16,2.42,-0.83
2026-03-14 12:00:00-04:00,33.38,32.59,1.54,-0.75
2026-03-14 13:00:00-04:00,28.27,28.88,0.08,-0.69
2026-03-14 14:00:00-04:00,26.88,27.46,-0.0,-0.58
2026-03-14 15:00:00-04:00,29.96,29.13,1.47,-0.64
2026-03-14 16:00:00-04:00,32.0,32.25,0.3,-0.55
2026-03-14 17:00:00-04:00,40.68,41.38,-0.0,-0.7
2026-03-14 18:00:00-04:00,54.46,54.85,0.21,-0.6
2026-03-14 19:00:00-04:00,59.39,59.67,0.32,-0.6
2026-03-14 20:00:00-04:00,55.28,55.31,0.35,-0.38
2026-03-14 21:00:00-04:00,51.25,51.32,0.39,-0.46
2026-03-14 22:00:00-04:00,48.21,48.15,0.39,-0.33
2026-03-14 23:00:00-04:00,43.15,42.87,0.37,-0.09
2026-03-15 00:00:00-04:00,48.16,48.65,-0.0,-0.49
2026-03-15 01:00:00-04:00,46.22,46.73,-0.0,-0.51
2026-03-15 02:00:00-04:00,43.06,43.57,0.14,-0.65
2026-03-15 03:00:00-04:00,42.2,42.8,-0.0,-0.6
2026-03-15 04:00:00-04:00,43.29,43.95,0.09,-0.75
2026-03-15 05:00:00-04:00,43.9,44.56,0.01,-0.67
2026-03-15 06:00:00-04:00,45.48,46.32,0.22,-1.06
2026-03-15 07:00:00-04:00,50.39,51.39,0.13,-1.13
2026-03-15 08:00:00-04:00,47.52,48.27,0.31,-1.06
2026-03-15 09:00:00-04:00,47.14,46.0,2.02,-0.88
2026-03-15 10:00:00-04:00,42.41,41.44,1.88,-0.91
2026-03-15 11:00:00-04:00,40.78,39.49,2.2,-0.91
2026-03-15 12:00:00-04:00,37.85,36.76,2.01,-0.92
2026-03-15 13:00:00-04:00,34.5,33.47,1.87,-0.84
2026-03-15 14:00:00-04:00,34.54,33.51,1.87,-0.84
2026-03-15 15:00:00-04:00,35.3,34.22,1.83,-0.75
2026-03-15 16:00:00-04:00,41.1,39.73,2.24,-0.87
2026-03-15 17:00:00-04:00,50.82,49.29,2.47,-0.94
2026-03-15 18:00:00-04:00,61.27,59.51,2.71,-0.95
2026-03-15 19:00:00-04:00,74.19,72.4,2.8,-1.01
2026-03-15 20:00:00-04:00,64.21,62.47,2.74,-1.0
2026-03-15 21:00:00-04:00,54.57,53.19,2.34,-0.96
2026-03-15 22:00:00-04:00,48.59,46.98,2.55,-0.94
2026-03-15 23:00:00-04:00,42.72,41.8,1.84,-0.92
2026-03-16 00:00:00-04:00,39.58,40.42,0.09,-0.93
2026-03-16 01:00:00-04:00,37.2,38.55,-0.39,-0.96
2026-03-16 02:00:00-04:00,34.99,37.74,-1.84,-0.91
2026-03-16 03:00:00-04:00,33.82,36.47,-1.77,-0.88
2026-03-16 04:00:00-04:00,34.4,36.4,-1.09,-0.91
2026-03-16 05:00:00-04:00,38.1,39.19,-0.15,-0.94
2026-03-16 06:00:00-04:00,48.76,48.95,0.79,-0.98
2026-03-16 07:00:00-04:00,48.57,46.89,2.57,-0.89
2026-03-16 08:00:00-04:00,59.5,56.71,3.87,-1.08
2026-03-16 09:00:00-04:00,56.32,56.52,1.04,-1.24
2026-03-16 10:00:00-04:00,52.28,52.6,0.94,-1.26
2026-03-16 11:00:00-04:00,46.73,48.68,-0.68,-1.27
2026-03-16 12:00:00-04:00,46.6,48.37,-0.56,-1.21
2026-03-16 13:00:00-04:00,45.19,47.05,-0.69,-1.17
2026-03-16 14:00:00-04:00,44.55,46.34,-0.63,-1.16
2026-03-16 15:00:00-04:00,46.08,47.85,-0.67,-1.1
2026-03-16 16:00:00-04:00,50.13,50.19,0.84,-0.9
2026-03-16 17:00:00-04:00,54.53,54.41,1.32,-1.2
2026-03-16 18:00:00-04:00,58.68,58.96,0.78,-1.06
2026-03-16 19:00:00-04:00,59.13,58.89,1.3,-1.06
2026-03-16 20:00:00-04:00,61.19,58.18,3.94,-0.93
2026-03-16 21:00:00-04:00,55.53,52.88,3.55,-0.9
2026-03-16 22:00:00-04:00,48.0,46.14,2.69,-0.83
2026-03-16 23:00:00-04:00,40.4,40.71,0.46,-0.77
2026-03-17 00:00:00-04:00,41.19,41.86,-0.0,-0.67
2026-03-17 01:00:00-04:00,37.73,38.42,-0.0,-0.69
2026-03-17 02:00:00-04:00,37.06,37.78,-0.0,-0.72
2026-03-17 03:00:00-04:00,36.57,37.32,-0.0,-0.75
2026-03-17 04:00:00-04:00,37.58,38.35,-0.0,-0.77
2026-03-17 05:00:00-04:00,42.49,43.3,0.01,-0.82
2026-03-17 06:00:00-04:00,56.76,54.0,3.46,-0.7
2026-03-17 07:00:00-04:00,59.25,56.19,3.62,-0.56
2026-03-17 08:00:00-04:00,59.91,58.3,2.48,-0.87
2026-03-17 09:00:00-04:00,44.36,45.13,-0.0,-0.77
2026-03-17 10:00:00-04:00,37.59,38.32,-0.0,-0.73
2026-03-17 11:00:00-04:00,37.53,37.97,0.32,-0.76
2026-03-17 12:00:00-04:00,34.84,35.47,0.01,-0.64
2026-03-17 13:00:00-04:00,36.01,35.89,0.7,-0.58
2026-03-17 14:00:00-04:00,36.9,36.67,0.89,-0.66
2026-03-17 15:00:00-04:00,43.67,41.83,2.55,-0.71
2026-03-17 16:00:00-04:00,47.93,45.77,2.89,-0.73
2026-03-17 17:00:00-04:00,62.91,59.64,3.87,-0.6
2026-03-17 18:00:00-04:00,70.88,68.47,2.96,-0.55
2026-03-17 19:00:00-04:00,82.41,79.36,3.6,-0.55
2026-03-17 20:00:00-04:00,69.5,70.03,0.17,-0.7
2026-03-17 21:00:00-04:00,65.47,65.2,0.92,-0.65
2026-03-17 22:00:00-04:00,56.84,57.05,0.3,-0.51
2026-03-17 23:00:00-04:00,52.61,52.91,0.13,-0.43
2026-03-18 00:00:00-04:00,60.9,61.08,-0.0,-0.18
2026-03-18 01:00:00-04:00,54.03,54.14,-0.0,-0.11
2026-03-18 02:00:00-04:00,54.61,54.66,-0.0,-0.05
2026-03-18 03:00:00-04:00,55.17,55.17,-0.0,0.0
2026-03-18 04:00:00-04:00,55.81,55.7,-0.0,0.11
2026-03-18 05:00:00-04:00,67.91,68.05,-0.0,-0.14
2026-03-18 06:00:00-04:00,88.8,88.89,-0.0,-0.09
2026-03-18 07:00:00-04:00,126.86,127.24,-0.0,-0.38
2026-03-18 08:00:00-04:00,89.74,90.65,-0.0,-0.91
2026-03-18 09:00:00-04:00,63.46,64.1,-0.0,-0.64
2026-03-18 10:00:00-04:00,49.67,50.07,-0.0,-0.4
2026-03-18 11:00:00-04:00,45.32,45.92,-0.0,-0.6
2026-03-18 12:00:00-04:00,45.08,45.77,-0.0,-0.69
2026-03-18 13:00:00-04:00,43.18,43.93,-0.0,-0.75
2026-03-18 14:00:00-04:00,40.35,41.05,-0.0,-0.7
2026-03-18 15:00:00-04:00,43.54,44.29,-0.0,-0.75
2026-03-18 16:00:00-04:00,49.89,50.96,-0.0,-1.07
2026-03-18 17:00:00-04:00,62.54,63.81,-0.06,-1.21
2026-03-18 18:00:00-04:00,86.59,87.82,-0.0,-1.23
2026-03-18 19:00:00-04:00,102.69,103.73,-0.0,-1.04
2026-03-18 20:00:00-04:00,89.84,90.84,-0.0,-1.0
2026-03-18 21:00:00-04:00,69.09,70.0,-0.0,-0.91
2026-03-18 22:00:00-04:00,64.91,65.9,-0.0,-0.99
2026-03-18 23:00:00-04:00,56.2,56.71,-0.0,-0.51
2026-03-19 00:00:00-04:00,53.01,53.44,-0.0,-0.43
2026-03-19 01:00:00-04:00,49.73,50.33,-0.0,-0.6
2026-03-19 02:00:00-04:00,48.14,48.63,-0.0,-0.49
2026-03-19 03:00:00-04:00,46.06,46.57,-0.0,-0.51
2026-03-19 04:00:00-04:00,49.9,50.3,-0.0,-0.4
2026-03-19 05:00:00-04:00,51.8,52.32,-0.0,-0.52
2026-03-19 06:00:00-04:00,64.54,65.26,-0.0,-0.72
2026-03-19 07:00:00-04:00,88.17,88.88,-0.0,-0.71
2026-03-19 08:00:00-04:00,71.65,72.3,-0.0,-0.65
2026-03-19 09:00:00-04:00,56.63,57.38,-0.0,-0.75
2026-03-19 10:00:00-04:00,49.38,49.73,-0.0,-0.35
2026-03-19 11:00:00-04:00,44.81,45.22,-0.0,-0.41
2026-03-19 12:00:00-04:00,42.07,42.45,-0.0,-0.38
2026-03-19 13:00:00-04:00,40.9,41.35,-0.0,-0.45
2026-03-19 14:00:00-04:00,39.98,40.55,-0.0,-0.57
2026-03-19 15:00:00-04:00,41.07,41.74,-0.0,-0.67
2026-03-19 16:00:00-04:00,48.21,48.85,-0.0,-0.64
2026-03-19 17:00:00-04:00,55.29,56.19,-0.0,-0.9
2026-03-19 18:00:00-04:00,63.49,64.39,-0.0,-0.9
2026-03-19 19:00:00-04:00,73.32,74.29,-0.0,-0.97
2026-03-19 20:00:00-04:00,65.48,66.34,-0.0,-0.86
2026-03-19 21:00:00-04:00,57.66,58.48,-0.0,-0.82
2026-03-19 22:00:00-04:00,50.01,50.57,-0.0,-0.56
2026-03-19 23:00:00-04:00,47.74,48.03,-0.0,-0.29
2026-03-20 00:00:00-04:00,45.95,45.81,-0.0,0.14
2026-03-20 01:00:00-04:00,42.07,42.07,-0.0,0.0
2026-03-20 02:00:00-04:00,39.51,39.55,-0.0,-0.04
2026-03-20 03:00:00-04:00,39.58,39.66,-0.0,-0.08
2026-03-20 04:00:00-04:00,40.83,40.87,-0.0,-0.04
2026-03-20 05:00:00-04:00,43.63,43.76,-0.0,-0.13
2026-03-20 06:00:00-04:00,52.96,53.33,-0.0,-0.37
2026-03-20 07:00:00-04:00,66.31,66.86,-0.01,-0.54
2026-03-20 08:00:00-04:00,54.54,55.18,-0.03,-0.61
2026-03-20 09:00:00-04:00,44.4,45.11,-0.26,-0.45
2026-03-20 10:00:00-04:00,38.07,38.49,-0.0,-0.42
2026-03-20 11:00:00-04:00,36.3,36.7,0.08,-0.48
2026-03-20 12:00:00-04:00,35.68,36.23,-0.01,-0.54
2026-03-20 13:00:00-04:00,36.73,37.3,-0.01,-0.56
2026-03-20 14:00:00-04:00,38.86,38.27,1.16,-0.57
2026-03-20 15:00:00-04:00,39.57,38.7,1.53,-0.66
2026-03-20 16:00:00-04:00,43.29,43.1,0.88,-0.69
2026-03-20 17:00:00-04:00,46.71,47.9,-0.33,-0.86
2026-03-20 18:00:00-04:00,52.85,53.71,-0.32,-0.54
2026-03-20 19:00:00-04:00,58.77,59.5,-0.19,-0.54
2026-03-20 20:00:00-04:00,53.38,53.81,-0.06,-0.37
2026-03-20 21:00:00-04:00,46.98,47.52,-0.02,-0.52
2026-03-20 22:00:00-04:00,43.51,43.99,-0.0,-0.48
2026-03-20 23:00:00-04:00,38.96,39.23,-0.0,-0.27
2026-03-21 00:00:00-04:00,40.72,41.09,-0.0,-0.37
2026-03-21 01:00:00-04:00,39.54,39.54,-0.0,0.0
2026-03-21 02:00:00-04:00,37.87,37.83,-0.0,0.04
2026-03-21 03:00:00-04:00,36.45,36.34,-0.0,0.11
2026-03-21 04:00:00-04:00,36.88,36.73,-0.0,0.15
2026-03-21 05:00:00-04:00,38.32,38.36,-0.0,-0.04
2026-03-21 06:00:00-04:00,42.37,42.62,-0.0,-0.25
2026-03-21 07:00:00-04:00,49.87,50.12,-0.0,-0.25
2026-03-21 08:00:00-04:00,47.61,47.85,-0.0,-0.24
2026-03-21 09:00:00-04:00,43.01,43.14,-0.0,-0.13
2026-03-21 10:00:00-04:00,36.41,36.48,-0.0,-0.07
2026-03-21 11:00:00-04:00,33.41,33.71,-0.0,-0.3
2026-03-21 12:00:00-04:00,29.99,30.2,-0.0,-0.21
2026-03-21 13:00:00-04:00,28.9,29.13,-0.0,-0.23
2026-03-21 14:00:00-04:00,27.5,27.75,-0.0,-0.25
2026-03-21 15:00:00-04:00,28.55,28.78,-0.0,-0.23
2026-03-21 16:00:00-04:00,31.79,32.11,-0.0,-0.32
2026-03-21 17:00:00-04:00,41.98,42.45,-0.0,-0.47
2026-03-21 18:00:00-04:00,52.74,53.11,-0.0,-0.37
2026-03-21 19:00:00-04:00,56.66,57.23,-0.0,-0.57
2026-03-21 20:00:00-04:00,54.02,54.46,-0.0,-0.44
2026-03-21 21:00:00-04:00,46.98,47.45,-0.0,-0.47
2026-03-21 22:00:00-04:00,41.23,41.73,-0.0,-0.5
2026-03-21 23:00:00-04:00,37.88,38.19,-0.0,-0.31
2026-03-22 00:00:00-04:00,38.55,39.1,-0.0,-0.55
2026-03-22 01:00:00-04:00,36.36,36.84,-0.0,-0.48
2026-03-22 02:00:00-04:00,34.74,35.31,-0.0,-0.57
2026-03-22 03:00:00-04:00,33.49,34.0,-0.0,-0.51
2026-03-22 04:00:00-04:00,33.41,33.92,-0.0,-0.51
2026-03-22 05:00:00-04:00,34.59,34.94,-0.0,-0.35
2026-03-22 06:00:00-04:00,36.81,37.18,-0.0,-0.37
2026-03-22 07:00:00-04:00,36.76,37.17,-0.0,-0.41
2026-03-22 08:00:00-04:00,39.28,39.8,-0.0,-0.52
2026-03-22 09:00:00-04:00,44.27,44.85,-0.0,-0.58
2026-03-22 10:00:00-04:00,38.29,38.91,-0.0,-0.62
2026-03-22 11:00:00-04:00,37.44,38.17,-0.0,-0.73
2026-03-22 12:00:00-04:00,36.67,37.3,-0.0,-0.63
2026-03-22 13:00:00-04:00,37.3,38.06,-0.0,-0.76
2026-03-22 14:00:00-04:00,36.33,37.07,-0.0,-0.74
2026-03-22 15:00:00-04:00,38.35,39.09,-0.0,-0.74
2026-03-22 16:00:00-04:00,43.29,44.34,-0.21,-0.84
2026-03-22 17:00:00-04:00,46.56,47.71,-0.29,-0.86
2026-03-22 18:00:00-04:00,51.1,52.05,-0.12,-0.83
2026-03-22 19:00:00-04:00,53.14,53.93,-0.03,-0.76
2026-03-22 20:00:00-04:00,52.8,53.6,-0.1,-0.7
2026-03-22 21:00:00-04:00,46.13,46.98,-0.05,-0.8
2026-03-22 22:00:00-04:00,40.65,41.23,-0.0,-0.58
2026-03-22 23:00:00-04:00,37.57,37.91,-0.0,-0.34
2026-03-23 00:00:00-04:00,36.63,37.04,-0.0,-0.41
2026-03-23 01:00:00-04:00,35.05,35.33,-0.0,-0.28
2026-03-23 02:00:00-04:00,35.01,35.26,-0.0,-0.25
2026-03-23 03:00:00-04:00,34.41,34.58,-0.0,-0.17
2026-03-23 04:00:00-04:00,35.41,35.34,-0.0,0.07
2026-03-23 05:00:00-04:00,38.11,38.22,-0.0,-0.11
2026-03-23 06:00:00-04:00,46.38,46.76,-0.0,-0.38
2026-03-23 07:00:00-04:00,54.18,54.5,0.01,-0.33
2026-03-23 08:00:00-04:00,63.74,62.48,1.76,-0.5
2026-03-23 09:00:00-04:00,60.58,58.92,2.25,-0.59
2026-03-23 10:00:00-04:00,52.37,52.67,0.44,-0.74
2026-03-23 11:00:00-04:00,49.18,50.81,-0.97,-0.66
2026-03-23 12:00:00-04:00,46.53,48.11,-0.86,-0.72
2026-03-23 13:00:00-04:00,43.59,45.15,-0.79,-0.77
2026-03-23 14:00:00-04:00,41.11,42.45,-0.62,-0.72
2026-03-23 15:00:00-04:00,42.19,43.37,-0.31,-0.87
2026-03-23 16:00:00-04:00,46.68,48.54,-0.89,-0.97
2026-03-23 17:00:00-04:00,52.42,53.16,0.11,-0.85
2026-03-23 18:00:00-04:00,57.1,57.46,0.39,-0.75
2026-03-23 19:00:00-04:00,69.58,68.98,1.29,-0.69
2026-03-23 20:00:00-04:00,66.56,64.54,2.47,-0.45
2026-03-23 21:00:00-04:00,58.16,56.3,2.25,-0.39
2026-03-23 22:00:00-04:00,49.1,48.74,0.8,-0.44
2026-03-23 23:00:00-04:00,42.63,42.89,-0.0,-0.26
2026-03-24 00:00:00-04:00,47.2,47.06,-0.0,0.14
2026-03-24 01:00:00-04:00,44.41,44.5,-0.0,-0.09
2026-03-24 02:00:00-04:00,42.89,42.89,-0.0,0.0
2026-03-24 03:00:00-04:00,42.82,42.78,-0.0,0.04
2026-03-24 04:00:00-04:00,45.21,44.85,-0.0,0.36
2026-03-24 05:00:00-04:00,48.74,48.55,-0.0,0.19
2026-03-24 06:00:00-04:00,69.73,69.66,-0.0,0.07
2026-03-24 07:00:00-04:00,111.37,107.46,3.59,0.32
2026-03-24 08:00:00-04:00,63.84,64.1,-0.0,-0.26
2026-03-24 09:00:00-04:00,40.66,41.06,0.13,-0.53
2026-03-24 10:00:00-04:00,36.95,37.36,-0.0,-0.41
2026-03-24 11:00:00-04:00,36.21,36.61,-0.0,-0.4
2026-03-24 12:00:00-04:00,34.31,34.69,-0.0,-0.38
2026-03-24 13:00:00-04:00,32.64,33.0,-0.0,-0.36
2026-03-24 14:00:00-04:00,28.78,29.16,-0.0,-0.38
2026-03-24 15:00:00-04:00,31.38,31.76,-0.0,-0.38
2026-03-24 16:00:00-04:00,35.2,35.7,-0.0,-0.5
2026-03-24 17:00:00-04:00,42.51,43.07,-0.0,-0.56
2026-03-24 18:00:00-04:00,58.94,59.48,-0.0,-0.54
2026-03-24 19:00:00-04:00,68.33,68.81,-0.0,-0.48
2026-03-24 20:00:00-04:00,68.93,68.78,0.36,-0.21
2026-03-24 21:00:00-04:00,54.02,54.0,0.51,-0.49
2026-03-24 22:00:00-04:00,48.16,48.55,-0.0,-0.39
2026-03-24 23:00:00-04:00,43.47,43.64,-0.0,-0.17
2026-03-25 00:00:00-04:00,41.04,41.04,-0.0,0.0
2026-03-25 01:00:00-04:00,39.01,38.97,-0.0,0.04
2026-03-25 02:00:00-04:00,37.74,37.59,-0.0,0.15
2026-03-25 03:00:00-04:00,37.37,37.33,-0.0,0.04
2026-03-25 04:00:00-04:00,39.85,39.73,-0.0,0.12
2026-03-25 05:00:00-04:00,42.89,43.02,-0.0,-0.13
2026-03-25 06:00:00-04:00,60.02,60.2,-0.0,-0.18
2026-03-25 07:00:00-04:00,75.32,75.17,-0.0,0.15
2026-03-25 08:00:00-04:00,61.7,62.42,-0.53,-0.19
2026-03-25 09:00:00-04:00,44.64,45.0,-0.18,-0.18
2026-03-25 10:00:00-04:00,37.32,37.47,-0.0,-0.15
2026-03-25 11:00:00-04:00,34.45,34.73,-0.0,-0.28
2026-03-25 12:00:00-04:00,32.98,33.31,-0.0,-0.33
2026-03-25 13:00:00-04:00,29.67,29.97,-0.0,-0.3
2026-03-25 14:00:00-04:00,29.04,29.36,-0.0,-0.32
2026-03-25 15:00:00-04:00,21.26,23.93,-2.67,0.0
2026-03-25 16:00:00-04:00,37.07,37.56,-0.0,-0.49
2026-03-25 17:00:00-04:00,46.62,46.14,1.13,-0.65
2026-03-25 18:00:00-04:00,51.43,52.0,-0.0,-0.57
2026-03-25 19:00:00-04:00,63.31,63.41,0.66,-0.76
2026-03-25 20:00:00-04:00,52.96,53.48,0.01,-0.53
2026-03-25 21:00:00-04:00,46.69,46.31,1.03,-0.65
2026-03-25 22:00:00-04:00,39.31,39.91,-0.0,-0.6
2026-03-25 23:00:00-04:00,35.02,35.48,-0.0,-0.46
2026-03-26 00:00:00-04:00,30.29,30.63,-0.0,-0.34
2026-03-26 01:00:00-04:00,28.59,28.91,-0.0,-0.32
2026-03-26 02:00:00-04:00,28.42,28.68,-0.0,-0.26
2026-03-26 03:00:00-04:00,28.17,28.37,-0.0,-0.2
2026-03-26 04:00:00-04:00,28.41,28.55,-0.0,-0.14
2026-03-26 05:00:00-04:00,30.5,30.78,-0.0,-0.28
2026-03-26 06:00:00-04:00,38.67,39.14,-0.0,-0.47
2026-03-26 07:00:00-04:00,49.1,49.69,-0.0,-0.59
2026-03-26 08:00:00-04:00,39.71,40.23,-0.0,-0.52
2026-03-26 09:00:00-04:00,33.73,34.21,-0.0,-0.48
2026-03-26 10:00:00-04:00,29.57,29.99,-0.0,-0.42
2026-03-26 11:00:00-04:00,28.14,28.65,-0.0,-0.51
2026-03-26 12:00:00-04:00,27.62,28.13,-0.0,-0.51
2026-03-26 13:00:00-04:00,28.1,28.5,-0.0,-0.4
2026-03-26 14:00:00-04:00,28.75,29.19,-0.0,-0.44
2026-03-26 15:00:00-04:00,31.57,32.06,-0.04,-0.45
2026-03-26 16:00:00-04:00,33.73,34.28,-0.0,-0.55
2026-03-26 17:00:00-04:00,38.93,39.56,-0.0,-0.63
2026-03-26 18:00:00-04:00,45.81,46.56,-0.0,-0.75
2026-03-26 19:00:00-04:00,51.09,51.82,-0.0,-0.73
2026-03-26 20:00:00-04:00,48.24,48.68,0.24,-0.68
2026-03-26 21:00:00-04:00,41.6,41.85,0.46,-0.71
2026-03-26 22:00:00-04:00,35.25,35.93,-0.0,-0.68
2026-03-26 23:00:00-04:00,31.84,32.29,-0.0,-0.45
2026-03-27 00:00:00-04:00,29.66,29.81,-0.0,-0.15
2026-03-27 01:00:00-04:00,28.75,28.84,-0.0,-0.09
2026-03-27 02:00:00-04:00,26.93,27.01,-0.0,-0.08
2026-03-27 03:00:00-04:00,27.36,27.36,-0.0,0.0
2026-03-27 04:00:00-04:00,27.71,27.6,-0.0,0.11
2026-03-27 05:00:00-04:00,28.11,28.08,-0.0,0.03
2026-03-27 06:00:00-04:00,35.66,36.06,-0.0,-0.4
2026-03-27 07:00:00-04:00,44.47,44.74,-0.0,-0.27
2026-03-27 08:00:00-04:00,44.16,44.48,-0.01,-0.31
2026-03-27 09:00:00-04:00,39.88,40.16,-0.0,-0.28
2026-03-27 10:00:00-04:00,36.42,36.86,-0.0,-0.44
2026-03-27 11:00:00-04:00,33.32,33.83,-0.0,-0.51
2026-03-27 12:00:00-04:00,30.33,30.79,-0.0,-0.46
2026-03-27 13:00:00-04:00,28.36,28.82,-0.0,-0.46
2026-03-27 14:00:00-04:00,25.87,26.29,-0.0,-0.42
2026-03-27 15:00:00-04:00,27.57,28.07,-0.0,-0.5
2026-03-27 16:00:00-04:00,30.5,31.12,-0.0,-0.62
2026-03-27 17:00:00-04:00,37.0,37.68,-0.0,-0.68
2026-03-27 18:00:00-04:00,46.03,46.4,-0.0,-0.37
2026-03-27 19:00:00-04:00,53.85,53.85,-0.0,0.0
2026-03-27 20:00:00-04:00,50.96,50.96,-0.0,0.0
2026-03-27 21:00:00-04:00,41.72,42.01,-0.0,-0.29
2026-03-27 22:00:00-04:00,39.76,40.04,-0.0,-0.28
2026-03-27 23:00:00-04:00,38.3,38.34,-0.0,-0.04
2026-03-28 00:00:00-04:00,45.15,45.29,-0.0,-0.14
2026-03-28 01:00:00-04:00,42.64,42.99,-0.0,-0.35
2026-03-28 02:00:00-04:00,39.53,39.81,-0.0,-0.28
2026-03-28 03:00:00-04:00,39.17,39.53,-0.0,-0.36
2026-03-28 04:00:00-04:00,39.56,39.88,-0.0,-0.32
2026-03-28 05:00:00-04:00,43.14,43.53,-0.0,-0.39
2026-03-28 06:00:00-04:00,48.09,48.38,-0.0,-0.29
2026-03-28 07:00:00-04:00,51.72,51.77,-0.0,-0.05
2026-03-28 08:00:00-04:00,47.78,47.88,-0.0,-0.1
2026-03-28 09:00:00-04:00,37.24,37.39,-0.0,-0.15
2026-03-28 10:00:00-04:00,33.6,33.87,-0.0,-0.27
2026-03-28 11:00:00-04:00,29.59,29.86,-0.0,-0.27
2026-03-28 12:00:00-04:00,28.65,28.91,-0.0,-0.26
2026-03-28 13:00:00-04:00,27.3,27.58,-0.0,-0.28
2026-03-28 14:00:00-04:00,24.72,24.94,-0.0,-0.22
2026-03-28 15:00:00-04:00,25.84,26.1,-0.0,-0.26
2026-03-28 16:00:00-04:00,30.33,30.79,-0.0,-0.46
2026-03-28 17:00:00-04:00,38.74,38.96,0.25,-0.47
2026-03-28 18:00:00-04:00,55.25,51.85,3.82,-0.42
2026-03-28 19:00:00-04:00,60.06,60.48,-0.0,-0.42
2026-03-28 20:00:00-04:00,56.22,56.59,0.02,-0.39
2026-03-28 21:00:00-04:00,48.32,48.69,0.31,-0.68
2026-03-28 22:00:00-04:00,43.21,43.69,-0.0,-0.48
2026-03-28 23:00:00-04:00,40.4,40.81,-0.0,-0.41
2026-03-29 00:00:00-04:00,38.44,38.75,-0.0,-0.31
2026-03-29 01:00:00-04:00,34.58,34.93,-0.0,-0.35
2026-03-29 02:00:00-04:00,32.8,33.1,-0.0,-0.3
2026-03-29 03:00:00-04:00,32.96,33.29,-0.0,-0.33
2026-03-29 04:00:00-04:00,33.66,34.03,-0.0,-0.37
2026-03-29 05:00:00-04:00,34.85,35.34,-0.0,-0.49
2026-03-29 06:00:00-04:00,40.48,41.1,-0.0,-0.62
2026-03-29 07:00:00-04:00,44.23,44.86,-0.0,-0.63
2026-03-29 08:00:00-04:00,37.04,37.64,-0.0,-0.6
2026-03-29 09:00:00-04:00,30.16,30.37,-0.0,-0.21
2026-03-29 10:00:00-04:00,27.34,27.45,-0.0,-0.11
2026-03-29 11:00:00-04:00,26.07,26.25,-0.0,-0.18
2026-03-29 12:00:00-04:00,24.06,24.3,-0.0,-0.24
2026-03-29 13:00:00-04:00,23.03,23.29,-0.0,-0.26
2026-03-29 14:00:00-04:00,22.56,22.81,-0.0,-0.25
2026-03-29 15:00:00-04:00,23.58,23.75,-0.0,-0.17
2026-03-29 16:00:00-04:00,27.02,27.29,-0.0,-0.27
2026-03-29 17:00:00-04:00,32.23,32.72,-0.0,-0.49
2026-03-29 18:00:00-04:00,43.77,44.26,-0.0,-0.49
2026-03-29 19:00:00-04:00,50.9,51.62,-0.05,-0.67
2026-03-29 20:00:00-04:00,47.88,48.65,-0.04,-0.73
2026-03-29 21:00:00-04:00,37.29,37.98,-0.01,-0.68
2026-03-29 22:00:00-04:00,32.04,32.66,-0.0,-0.62
2026-03-29 23:00:00-04:00,29.81,30.33,-0.0,-0.52
2026-03-30 00:00:00-04:00,28.33,28.64,-0.0,-0.31
2026-03-30 01:00:00-04:00,27.55,27.8,-0.0,-0.25
2026-03-30 02:00:00-04:00,26.76,27.06,-0.0,-0.3
2026-03-30 03:00:00-04:00,27.21,27.46,-0.0,-0.25
2026-03-30 04:00:00-04:00,27.34,27.59,-0.0,-0.25
2026-03-30 05:00:00-04:00,29.57,29.78,-0.0,-0.21
2026-03-30 06:00:00-04:00,39.65,40.09,-0.0,-0.44
2026-03-30 07:00:00-04:00,46.38,46.81,-0.01,-0.42
2026-03-30 08:00:00-04:00,43.03,43.5,0.01,-0.48
2026-03-30 09:00:00-04:00,33.23,33.59,0.01,-0.37
2026-03-30 10:00:00-04:00,30.28,29.94,0.58,-0.24
2026-03-30 11:00:00-04:00,27.86,28.1,0.01,-0.25
2026-03-30 12:00:00-04:00,26.14,26.39,0.01,-0.26
2026-03-30 13:00:00-04:00,24.86,25.13,0.01,-0.28
2026-03-30 14:00:00-04:00,26.19,26.32,0.18,-0.31
2026-03-30 15:00:00-04:00,30.73,30.76,0.28,-0.31
2026-03-30 16:00:00-04:00,31.29,31.37,0.33,-0.41
2026-03-30 17:00:00-04:00,35.08,35.54,-0.0,-0.46
2026-03-30 18:00:00-04:00,44.28,44.59,-0.0,-0.31
2026-03-30 19:00:00-04:00,52.67,52.88,-0.0,-0.21
2026-03-30 20:00:00-04:00,49.91,50.11,-0.0,-0.2
2026-03-30 21:00:00-04:00,38.91,39.26,-0.0,-0.35
2026-03-30 22:00:00-04:00,33.33,33.67,-0.0,-0.34
2026-03-30 23:00:00-04:00,29.96,30.2,-0.0,-0.24
2026-04-01 00:00:00-04:00,30.89,31.17,-0.0,-0.28
2026-04-01 01:00:00-04:00,26.29,26.64,-0.0,-0.35
2026-04-01 02:00:00-04:00,25.49,25.77,-0.0,-0.28
2026-04-01 03:00:00-04:00,25.63,25.86,-0.0,-0.23
2026-04-01 04:00:00-04:00,26.9,27.09,-0.0,-0.19
2026-04-01 05:00:00-04:00,28.97,29.17,-0.0,-0.2
2026-04-01 06:00:00-04:00,35.61,35.82,-0.0,-0.21
2026-04-01 07:00:00-04:00,44.03,44.12,-0.0,-0.09
2026-04-01 08:00:00-04:00,43.08,43.38,-0.0,-0.3
2026-04-01 09:00:00-04:00,38.97,39.32,-0.0,-0.35
2026-04-01 10:00:00-04:00,36.34,36.63,-0.0,-0.29
2026-04-01 11:00:00-04:00,34.88,35.23,-0.0,-0.35
2026-04-01 12:00:00-04:00,33.61,33.98,-0.0,-0.37
2026-04-01 13:00:00-04:00,33.09,33.42,-0.0,-0.33
2026-04-01 14:00:00-04:00,32.26,32.59,-0.0,-0.33
2026-04-01 15:00:00-04:00,32.27,32.6,-0.0,-0.33
2026-04-01 16:00:00-04:00,35.61,36.12,-0.0,-0.51
2026-04-01 17:00:00-04:00,40.91,41.36,-0.0,-0.45
2026-04-01 18:00:00-04:00,47.97,48.16,-0.0,-0.19
2026-04-01 19:00:00-04:00,54.65,54.7,-0.0,-0.05
2026-04-01 20:00:00-04:00,49.77,49.72,-0.0,0.05
2026-04-01 21:00:00-04:00,41.78,41.91,-0.0,-0.13
2026-04-01 22:00:00-04:00,35.23,35.37,-0.0,-0.14
2026-04-01 23:00:00-04:00,32.22,32.19,-0.0,0.03
2026-04-02 00:00:00-04:00,34.17,34.03,-0.0,0.14
2026-04-02 01:00:00-04:00,29.89,29.89,-0.0,0.0
2026-04-02 02:00:00-04:00,27.37,27.4,-0.0,-0.03
2026-04-02 03:00:00-04:00,27.52,27.46,-0.0,0.06
2026-04-02 04:00:00-04:00,28.52,28.41,-0.0,0.11
2026-04-02 05:00:00-04:00,30.96,30.99,-0.0,-0.03
2026-04-02 06:00:00-04:00,38.99,39.11,-0.0,-0.12
2026-04-02 07:00:00-04:00,45.95,46.0,-0.0,-0.05
2026-04-02 08:00:00-04:00,47.25,47.49,-0.0,-0.24
2026-04-02 09:00:00-04:00,46.05,45.85,0.57,-0.37
2026-04-02 10:00:00-04:00,40.8,41.09,-0.0,-0.29
2026-04-02 11:00:00-04:00,39.42,39.73,0.01,-0.32
2026-04-02 12:00:00-04:00,39.13,39.44,0.01,-0.32
2026-04-02 13:00:00-04:00,38.98,39.24,0.01,-0.27
2026-04-02 14:00:00-04:00,34.64,34.96,-0.0,-0.32
2026-04-02 15:00:00-04:00,35.37,35.65,0.01,-0.29
2026-04-02 16:00:00-04:00,40.19,39.46,1.0,-0.27
2026-04-02 17:00:00-04:00,40.57,40.74,0.16,-0.33
2026-04-02 18:00:00-04:00,44.67,45.02,0.01,-0.36
2026-04-02 19:00:00-04:00,47.59,47.87,0.01,-0.29
2026-04-02 20:00:00-04:00,46.2,45.73,0.7,-0.23
2026-04-02 21:00:00-04:00,39.46,38.32,1.41,-0.27
2026-04-02 22:00:00-04:00,33.17,33.56,0.01,-0.4
2026-04-02 23:00:00-04:00,32.17,32.36,-0.0,-0.19
2026-04-03 00:00:00-04:00,30.84,30.58,0.75,-0.49
2026-04-03 01:00:00-04:00,26.93,27.37,-0.0,-0.44
2026-04-03 02:00:00-04:00,26.25,26.74,-0.01,-0.48
2026-04-03 03:00:00-04:00,25.36,25.77,-0.0,-0.41
2026-04-03 04:00:00-04:00,26.71,27.12,-0.0,-0.41
2026-04-03 05:00:00-04:00,28.18,28.36,0.24,-0.42
2026-04-03 06:00:00-04:00,38.8,37.32,1.97,-0.49
2026-04-03 07:00:00-04:00,46.56,45.05,2.1,-0.59
2026-04-03 08:00:00-04:00,43.28,41.62,2.28,-0.62
2026-04-03 09:00:00-04:00,38.58,37.15,1.95,-0.52
2026-04-03 10:00:00-04:00,34.62,33.32,1.73,-0.43
2026-04-03 11:00:00-04:00,32.14,30.97,1.6,-0.43
2026-04-03 12:00:00-04:00,28.51,27.52,1.4,-0.41
2026-04-03 13:00:00-04:00,27.69,26.68,1.36,-0.35
2026-04-03 14:00:00-04:00,22.91,23.05,0.16,-0.3
2026-04-03 15:00:00-04:00,27.57,26.53,1.36,-0.32
2026-04-03 16:00:00-04:00,29.62,28.52,1.47,-0.37
2026-04-03 17:00:00-04:00,35.24,33.84,1.77,-0.37
2026-04-03 18:00:00-04:00,41.47,40.01,1.82,-0.36
2026-04-03 19:00:00-04:00,45.79,45.9,0.16,-0.27
2026-04-03 20:00:00-04:00,44.15,44.41,-0.0,-0.26
2026-04-03 21:00:00-04:00,38.45,38.68,-0.0,-0.23
2026-04-03 22:00:00-04:00,34.65,34.79,-0.0,-0.14
2026-04-03 23:00:00-04:00,32.17,32.17,-0.0,0.0
