timestamps,prices,energy,congestion,loss
2025-01-01 00:00:00-05:00,32.11,31.86,-0.0,0.25
2025-01-01 01:00:00-05:00,31.05,30.8,-0.0,0.25
2025-01-01 02:00:00-05:00,29.07,28.87,-0.0,0.2
2025-01-01 03:00:00-05:00,27.49,27.27,-0.0,0.22
2025-01-01 04:00:00-05:00,27.4,27.18,-0.0,0.22
2025-01-01 05:00:00-05:00,29.34,29.08,-0.0,0.26
2025-01-01 06:00:00-05:00,29.91,29.76,-0.0,0.15
2025-01-01 07:00:00-05:00,29.78,29.630000000000003,-0.0,0.15
2025-01-01 08:00:00-05:00,32.09,31.9,-0.0,0.19
2025-01-01 09:00:00-05:00,32.61,32.38,-0.0,0.23
2025-01-01 10:00:00-05:00,35.55,35.269999999999996,-0.0,0.28
2025-01-01 11:00:00-05:00,35.71,35.46,-0.0,0.25
2025-01-01 12:00:00-05:00,36.44,36.22,-0.0,0.22
2025-01-01 13:00:00-05:00,36.89,36.67,-0.0,0.22
2025-01-01 14:00:00-05:00,37.26,37.04,-0.0,0.22
2025-01-01 15:00:00-05:00,36.95,36.8,-0.0,0.15
2025-01-01 16:00:00-05:00,39.76,39.72,-0.0,0.04
2025-01-01 17:00:00-05:00,50.4,50.5,-0.0,-0.1
2025-01-01 18:00:00-05:00,43.43,43.47,-0.0,-0.04
2025-01-01 19:00:00-05:00,40.7,40.66,-0.0,0.04
2025-01-01 20:00:00-05:00,38.24,38.24,-0.0,0.0
2025-01-01 21:00:00-05:00,34.02,34.02,-0.0,0.0
2025-01-01 22:00:00-05:00,31.4,31.4,-0.0,0.0
2025-01-01 23:00:00-05:00,31.56,31.5,-0.0,0.06
2025-01-02 00:00:00-05:00,34.91,34.91,-0.0,0.0
2025-01-02 01:00:00-05:00,34.29,34.32,-0.0,-0.03
2025-01-02 02:00:00-05:00,31.5,31.53,-0.0,-0.03
2025-01-02 03:00:00-05:00,29.81,29.84,-0.0,-0.03
2025-01-02 04:00:00-05:00,32.39,32.42,-0.0,-0.03
2025-01-02 05:00:00-05:00,35.59,35.63,-0.0,-0.04
2025-01-02 06:00:00-05:00,38.0,38.15,-0.0,-0.15
2025-01-02 07:00:00-05:00,41.53,41.61,-0.0,-0.08
2025-01-02 08:00:00-05:00,41.44,41.559999999999995,-0.0,-0.12
2025-01-02 09:00:00-05:00,41.04,41.12,-0.0,-0.08
2025-01-02 10:00:00-05:00,41.7,41.870000000000005,-0.0,-0.17
2025-01-02 11:00:00-05:00,40.8,40.919999999999995,-0.0,-0.12
2025-01-02 12:00:00-05:00,39.95,40.07,-0.0,-0.12
2025-01-02 13:00:00-05:00,41.21,41.37,-0.0,-0.16
2025-01-02 14:00:00-05:00,40.9,41.1,-0.0,-0.2
2025-01-02 15:00:00-05:00,43.05,43.309999999999995,-0.0,-0.26
2025-01-02 16:00:00-05:00,49.1,49.55,-0.0,-0.45
2025-01-02 17:00:00-05:00,54.6,55.1,-0.0,-0.5
2025-01-02 18:00:00-05:00,54.6,55.04,-0.0,-0.44
2025-01-02 19:00:00-05:00,48.9,49.24,-0.0,-0.34
2025-01-02 20:00:00-05:00,48.8,49.04,-0.0,-0.24
2025-01-02 21:00:00-05:00,45.62,45.849999999999994,-0.0,-0.23
2025-01-02 22:00:00-05:00,43.1,43.27,-0.0,-0.17
2025-01-02 23:00:00-05:00,41.0,41.04,-0.0,-0.04
2025-01-03 00:00:00-05:00,41.48,41.4,-0.0,0.08
2025-01-03 01:00:00-05:00,39.5,39.42,-0.0,0.08
2025-01-03 02:00:00-05:00,38.85,38.77,-0.0,0.08
2025-01-03 03:00:00-05:00,39.5,39.42,-0.0,0.08
2025-01-03 04:00:00-05:00,40.7,40.620000000000005,-0.0,0.08
2025-01-03 05:00:00-05:00,46.5,46.55,-0.0,-0.05
2025-01-03 06:00:00-05:00,53.78,53.94,-0.0,-0.16
2025-01-03 07:00:00-05:00,54.6,54.98,-0.0,-0.38
2025-01-03 08:00:00-05:00,54.6,55.04,-0.0,-0.44
2025-01-03 09:00:00-05:00,53.99,54.15,-0.0,-0.16
2025-01-03 10:00:00-05:00,52.29,52.5,-0.0,-0.21
2025-01-03 11:00:00-05:00,52.1,52.26,-0.0,-0.16
2025-01-03 12:00:00-05:00,50.74,50.84,-0.0,-0.1
2025-01-03 13:00:00-05:00,51.72,51.879999999999995,-0.0,-0.16
2025-01-03 14:00:00-05:00,54.6,54.98,-0.0,-0.38
2025-01-03 15:00:00-05:00,54.6,55.26,-0.0,-0.66
2025-01-03 16:00:00-05:00,54.6,55.32,-0.0,-0.72
2025-01-03 17:00:00-05:00,57.73,58.61,-0.0,-0.88
2025-01-03 18:00:00-05:00,57.0,57.93,-0.0,-0.93
2025-01-03 19:00:00-05:00,55.0,55.5,-0.0,-0.5
2025-01-03 20:00:00-05:00,54.61,55.27,-0.0,-0.66
2025-01-03 21:00:00-05:00,54.6,54.65,-0.0,-0.05
2025-01-03 22:00:00-05:00,54.22,54.22,-0.0,0.0
2025-01-03 23:00:00-05:00,54.6,54.55,-0.0,0.05
2025-01-04 00:00:00-05:00,51.91,51.959999999999994,-0.0,-0.05
2025-01-04 01:00:00-05:00,49.52,49.57,-0.0,-0.05
2025-01-04 02:00:00-05:00,47.56,47.61,-0.0,-0.05
2025-01-04 03:00:00-05:00,48.42,48.52,-0.0,-0.1
2025-01-04 04:00:00-05:00,48.66,48.76,-0.0,-0.1
2025-01-04 05:00:00-05:00,49.82,49.92,-0.0,-0.1
2025-01-04 06:00:00-05:00,49.42,49.620000000000005,-0.0,-0.2
2025-01-04 07:00:00-05:00,53.81,53.97,-0.0,-0.16
2025-01-04 08:00:00-05:00,54.6,54.82,-0.0,-0.22
2025-01-04 09:00:00-05:00,54.6,55.1,-0.0,-0.5
2025-01-04 10:00:00-05:00,54.6,55.32,-0.0,-0.72
2025-01-04 11:00:00-05:00,54.61,55.39,-0.0,-0.78
2025-01-04 12:00:00-05:00,54.6,55.26,-0.0,-0.66
2025-01-04 13:00:00-05:00,54.6,55.21,-0.0,-0.61
2025-01-04 14:00:00-05:00,54.6,55.26,-0.0,-0.66
2025-01-04 15:00:00-05:00,54.6,55.38,-0.0,-0.78
2025-01-04 16:00:00-05:00,57.04,58.03,-0.0,-0.99
2025-01-04 17:00:00-05:00,66.27,67.35,-0.0,-1.08
2025-01-04 18:00:00-05:00,65.27,66.2,-0.0,-0.93
2025-01-04 19:00:00-05:00,56.61,57.41,-0.0,-0.8
2025-01-04 20:00:00-05:00,54.61,55.33,-0.0,-0.72
2025-01-04 21:00:00-05:00,54.6,55.21,-0.0,-0.61
2025-01-04 22:00:00-05:00,54.6,55.1,-0.0,-0.5
2025-01-04 23:00:00-05:00,54.6,54.98,-0.0,-0.38
2025-01-05 00:00:00-05:00,73.04,73.41000000000001,-0.0,-0.37
2025-01-05 01:00:00-05:00,73.33,73.84,-0.0,-0.51
2025-01-05 02:00:00-05:00,67.1,67.5,-0.0,-0.4
2025-01-05 03:00:00-05:00,64.42,64.74,-0.0,-0.32
2025-01-05 04:00:00-05:00,66.61,66.94,-0.0,-0.33
2025-01-05 05:00:00-05:00,66.94,67.21,-0.0,-0.27
2025-01-05 06:00:00-05:00,70.55,70.97,-0.0,-0.42
2025-01-05 07:00:00-05:00,53.91,54.18,-0.0,-0.27
2025-01-05 08:00:00-05:00,58.89,59.18,-0.0,-0.29
2025-01-05 09:00:00-05:00,66.16,66.56,-0.0,-0.4
2025-01-05 10:00:00-05:00,73.54,74.14,-0.0,-0.6
2025-01-05 11:00:00-05:00,73.48,73.99000000000001,-0.0,-0.51
2025-01-05 12:00:00-05:00,71.97,72.33,-0.0,-0.36
2025-01-05 13:00:00-05:00,73.33,73.7,-0.0,-0.37
2025-01-05 14:00:00-05:00,73.48,73.99000000000001,-0.0,-0.51
2025-01-05 15:00:00-05:00,73.48,73.92,-0.0,-0.44
2025-01-05 16:00:00-05:00,85.16,85.59,-0.0,-0.43
2025-01-05 17:00:00-05:00,104.31,104.94,-0.0,-0.63
2025-01-05 18:00:00-05:00,100.1,100.7,-0.0,-0.6
2025-01-05 19:00:00-05:00,89.48,89.93,-0.0,-0.45
2025-01-05 20:00:00-05:00,92.95,93.32,-0.0,-0.37
2025-01-05 21:00:00-05:00,85.82,86.16,-0.0,-0.34
2025-01-05 22:00:00-05:00,83.18,83.60000000000001,-0.0,-0.42
2025-01-05 23:00:00-05:00,86.84,87.19,-0.0,-0.35
2025-01-06 00:00:00-05:00,87.47,88.35,-0.0,-0.88
2025-01-06 01:00:00-05:00,80.46,81.27,-0.0,-0.81
2025-01-06 02:00:00-05:00,80.2,81.01,-0.0,-0.81
2025-01-06 03:00:00-05:00,84.32,85.16999999999999,-0.0,-0.85
2025-01-06 04:00:00-05:00,88.34,89.14,-0.0,-0.8
2025-01-06 05:00:00-05:00,80.45,81.59,-0.0,-1.14
2025-01-06 06:00:00-05:00,88.35,90.61,-0.0,-2.26
2025-01-06 07:00:00-05:00,87.86,89.84,-0.0,-1.98
2025-01-06 08:00:00-05:00,98.63,103.06,-0.0,-4.43
2025-01-06 09:00:00-05:00,88.29,91.49,-0.0,-3.2
2025-01-06 10:00:00-05:00,114.77,118.08,-0.0,-3.31
2025-01-06 11:00:00-05:00,108.52,112.22,-0.0,-3.7
2025-01-06 12:00:00-05:00,98.58,101.53,-0.0,-2.95
2025-01-06 13:00:00-05:00,80.44,83.71,-0.0,-3.27
2025-01-06 14:00:00-05:00,82.23,85.83,-0.0,-3.6
2025-01-06 15:00:00-05:00,76.71,79.82,-0.0,-3.11
2025-01-06 16:00:00-05:00,77.68,81.42,-0.0,-3.74
2025-01-06 17:00:00-05:00,92.67,97.65,-0.0,-4.98
2025-01-06 18:00:00-05:00,82.11,86.89,-0.0,-4.78
2025-01-06 19:00:00-05:00,69.37,71.67,-0.0,-2.3
2025-01-06 20:00:00-05:00,73.4,74.37,-0.0,-0.97
2025-01-06 21:00:00-05:00,73.99,74.89,-0.0,-0.9
2025-01-06 22:00:00-05:00,79.18,80.14,-0.0,-0.96
2025-01-06 23:00:00-05:00,78.49,79.44,-0.0,-0.95
2025-01-07 00:00:00-05:00,69.4,70.60000000000001,-0.0,-1.2
2025-01-07 01:00:00-05:00,69.4,70.39,-0.0,-0.99
2025-01-07 02:00:00-05:00,69.4,70.24000000000001,-0.0,-0.84
2025-01-07 03:00:00-05:00,69.4,70.32000000000001,-0.0,-0.92
2025-01-07 04:00:00-05:00,69.4,70.32000000000001,-0.0,-0.92
2025-01-07 05:00:00-05:00,59.44,64.19,-0.0,-4.75
2025-01-07 06:00:00-05:00,63.65,68.89,-0.0,-5.24
2025-01-07 07:00:00-05:00,46.85,50.54,-0.0,-3.69
2025-01-07 08:00:00-05:00,47.6,51.52,-0.0,-3.92
2025-01-07 09:00:00-05:00,41.75,45.33,-0.0,-3.58
2025-01-07 10:00:00-05:00,54.67,59.1,-0.0,-4.43
2025-01-07 11:00:00-05:00,48.37,52.23,-0.0,-3.86
2025-01-07 12:00:00-05:00,43.13,47.14,-0.0,-4.01
2025-01-07 13:00:00-05:00,42.85,46.93,-0.0,-4.08
2025-01-07 14:00:00-05:00,44.26,48.37,-0.0,-4.11
2025-01-07 15:00:00-05:00,42.36,46.35,-0.0,-3.99
2025-01-07 16:00:00-05:00,56.36,61.6,-0.0,-5.24
2025-01-07 17:00:00-05:00,72.32,81.16,-0.0,-8.84
2025-01-07 18:00:00-05:00,72.55,80.42999999999999,-0.0,-7.88
2025-01-07 19:00:00-05:00,63.08,68.71,-0.0,-5.63
2025-01-07 20:00:00-05:00,69.4,70.60000000000001,-0.0,-1.2
2025-01-07 21:00:00-05:00,69.4,70.53,-0.0,-1.13
2025-01-07 22:00:00-05:00,69.4,70.48,0.05,-1.13
2025-01-07 23:00:00-05:00,69.4,70.65,-0.05,-1.2
2025-01-08 00:00:00-05:00,72.08,73.7,-0.0,-1.62
2025-01-08 01:00:00-05:00,70.41,71.78,-0.0,-1.37
2025-01-08 02:00:00-05:00,69.41,70.75999999999999,-0.0,-1.35
2025-01-08 03:00:00-05:00,69.41,70.53999999999999,-0.0,-1.13
2025-01-08 04:00:00-05:00,69.41,70.75999999999999,-0.0,-1.35
2025-01-08 05:00:00-05:00,71.94,73.63,-0.0,-1.69
2025-01-08 06:00:00-05:00,72.62,74.56,-0.0,-1.94
2025-01-08 07:00:00-05:00,72.01,73.63000000000001,-0.0,-1.62
2025-01-08 08:00:00-05:00,72.7,74.56,-0.0,-1.86
2025-01-08 09:00:00-05:00,72.46,74.24,-0.0,-1.78
2025-01-08 10:00:00-05:00,72.75,74.53,0.01,-1.79
2025-01-08 11:00:00-05:00,71.42,72.88,-0.0,-1.46
2025-01-08 12:00:00-05:00,69.41,70.75999999999999,-0.0,-1.35
2025-01-08 13:00:00-05:00,69.41,70.61,-0.0,-1.2
2025-01-08 14:00:00-05:00,71.2,72.73,-0.0,-1.53
2025-01-08 15:00:00-05:00,71.13,72.36,-0.0,-1.23
2025-01-08 16:00:00-05:00,72.77,74.71,-0.0,-1.94
2025-01-08 17:00:00-05:00,84.08,86.59,-0.0,-2.51
2025-01-08 18:00:00-05:00,80.0,82.39,-0.0,-2.39
2025-01-08 19:00:00-05:00,72.47,74.33,-0.0,-1.86
2025-01-08 20:00:00-05:00,72.39,74.17,-0.0,-1.78
2025-01-08 21:00:00-05:00,70.07,71.42999999999999,-0.0,-1.36
2025-01-08 22:00:00-05:00,72.39,74.24,-0.0,-1.85
2025-01-08 23:00:00-05:00,72.31,74.24000000000001,-0.0,-1.93
2025-01-09 00:00:00-05:00,69.38,70.64999999999999,-0.0,-1.27
2025-01-09 01:00:00-05:00,65.13,66.19,-0.0,-1.06
2025-01-09 02:00:00-05:00,56.3,57.22,-0.0,-0.92
2025-01-09 03:00:00-05:00,56.63,57.61,-0.0,-0.98
2025-01-09 04:00:00-05:00,61.53,62.59,-0.0,-1.06
2025-01-09 05:00:00-05:00,69.39,70.81,-0.0,-1.42
2025-01-09 06:00:00-05:00,69.39,71.1,-0.0,-1.71
2025-01-09 07:00:00-05:00,69.39,71.02,-0.0,-1.63
2025-01-09 08:00:00-05:00,69.39,71.02,-0.0,-1.63
2025-01-09 09:00:00-05:00,69.39,70.95,-0.0,-1.56
2025-01-09 10:00:00-05:00,69.39,71.24,-0.0,-1.85
2025-01-09 11:00:00-05:00,69.39,71.1,-0.0,-1.71
2025-01-09 12:00:00-05:00,69.39,71.1,-0.0,-1.71
2025-01-09 13:00:00-05:00,69.39,70.95,-0.0,-1.56
2025-01-09 14:00:00-05:00,69.39,70.88,-0.0,-1.49
2025-01-09 15:00:00-05:00,69.39,71.17,-0.0,-1.78
2025-01-09 16:00:00-05:00,69.39,71.17,-0.0,-1.78
2025-01-09 17:00:00-05:00,87.0,96.82,-6.82,-3.0
2025-01-09 18:00:00-05:00,87.62,97.71,-7.06,-3.03
2025-01-09 19:00:00-05:00,72.0,74.22,-0.0,-2.22
2025-01-09 20:00:00-05:00,71.55,73.61,-0.0,-2.06
2025-01-09 21:00:00-05:00,69.39,71.1,-0.0,-1.71
2025-01-09 22:00:00-05:00,69.39,71.02,-0.0,-1.63
2025-01-09 23:00:00-05:00,69.39,70.95,-0.0,-1.56
2025-01-10 00:00:00-05:00,65.38,66.44999999999999,-0.0,-1.07
2025-01-10 01:00:00-05:00,65.38,66.36999999999999,-0.0,-0.99
2025-01-10 02:00:00-05:00,65.38,66.44999999999999,-0.0,-1.07
2025-01-10 03:00:00-05:00,66.14,67.28,-0.0,-1.14
2025-01-10 04:00:00-05:00,72.97,74.23,-0.0,-1.26
2025-01-10 05:00:00-05:00,77.74,77.02,2.26,-1.54
2025-01-10 06:00:00-05:00,80.38,84.67,-2.26,-2.03
2025-01-10 07:00:00-05:00,80.38,85.84,-3.06,-2.4
2025-01-10 08:00:00-05:00,80.38,86.72999999999999,-3.75,-2.6
2025-01-10 09:00:00-05:00,80.38,85.82000000000001,-3.04,-2.4
2025-01-10 10:00:00-05:00,80.38,86.72999999999999,-3.75,-2.6
2025-01-10 11:00:00-05:00,80.38,82.44,-0.0,-2.06
2025-01-10 12:00:00-05:00,80.38,82.44,-0.0,-2.06
2025-01-10 13:00:00-05:00,80.38,82.94999999999999,-0.58,-1.99
2025-01-10 14:00:00-05:00,80.38,83.71,-1.32,-2.01
2025-01-10 15:00:00-05:00,80.38,90.00999999999999,-7.11,-2.52
2025-01-10 16:00:00-05:00,80.38,91.6,-8.66,-2.56
2025-01-10 17:00:00-05:00,80.38,115.0,-31.28,-3.34
2025-01-10 18:00:00-05:00,80.38,97.82,-14.7,-2.74
2025-01-10 19:00:00-05:00,80.38,97.09,-14.09,-2.62
2025-01-10 20:00:00-05:00,80.38,91.54,-8.6,-2.56
2025-01-10 21:00:00-05:00,80.38,86.17999999999999,-3.56,-2.24
2025-01-10 22:00:00-05:00,80.38,83.64,-1.5,-1.76
2025-01-10 23:00:00-05:00,80.38,81.94,-0.0,-1.56
2025-01-11 00:00:00-05:00,80.38,81.77,-0.0,-1.39
2025-01-11 01:00:00-05:00,76.56,77.57000000000001,-0.0,-1.01
2025-01-11 02:00:00-05:00,70.45,71.16,-0.0,-0.71
2025-01-11 03:00:00-05:00,67.59,68.27000000000001,-0.0,-0.68
2025-01-11 04:00:00-05:00,68.82,69.52,-0.0,-0.7
2025-01-11 05:00:00-05:00,70.09,70.87,-0.0,-0.78
2025-01-11 06:00:00-05:00,68.42,69.25,-0.0,-0.83
2025-01-11 07:00:00-05:00,72.64,73.6,-0.0,-0.96
2025-01-11 08:00:00-05:00,79.3,80.42999999999999,-0.0,-1.13
2025-01-11 09:00:00-05:00,80.38,81.77,-0.0,-1.39
2025-01-11 10:00:00-05:00,78.16,79.35,-0.0,-1.19
2025-01-11 11:00:00-05:00,83.7,84.46000000000001,-0.0,-0.76
2025-01-11 12:00:00-05:00,74.6,75.5,-0.0,-0.9
2025-01-11 13:00:00-05:00,71.11,72.05,-0.0,-0.94
2025-01-11 14:00:00-05:00,65.22,66.15,-0.0,-0.93
2025-01-11 15:00:00-05:00,76.5,77.43,-0.0,-0.93
2025-01-11 16:00:00-05:00,80.38,81.69,-0.0,-1.31
2025-01-11 17:00:00-05:00,82.98,84.85000000000001,-0.0,-1.87
2025-01-11 18:00:00-05:00,80.38,82.02,-0.0,-1.64
2025-01-11 19:00:00-05:00,72.68,73.78,-0.0,-1.1
2025-01-11 20:00:00-05:00,68.67,69.71000000000001,-0.0,-1.04
2025-01-11 21:00:00-05:00,65.22,66.01,-0.0,-0.79
2025-01-11 22:00:00-05:00,65.21,65.8,-0.0,-0.59
2025-01-11 23:00:00-05:00,65.21,65.74,-0.0,-0.53
2025-01-12 00:00:00-05:00,65.22,65.94,-0.0,-0.72
2025-01-12 01:00:00-05:00,65.21,65.8,-0.0,-0.59
2025-01-12 02:00:00-05:00,65.2,65.27,-0.0,-0.07
2025-01-12 03:00:00-05:00,65.2,65.0,-0.0,0.2
2025-01-12 04:00:00-05:00,65.2,65.0,-0.0,0.2
2025-01-12 05:00:00-05:00,65.2,65.46000000000001,-0.0,-0.26
2025-01-12 06:00:00-05:00,65.2,65.4,-0.0,-0.2
2025-01-12 07:00:00-05:00,65.2,65.0,-0.0,0.2
2025-01-12 08:00:00-05:00,65.2,65.07000000000001,-0.0,0.13
2025-01-12 09:00:00-05:00,63.51,63.19,-0.0,0.32
2025-01-12 10:00:00-05:00,63.25,63.0,-0.0,0.25
2025-01-12 11:00:00-05:00,62.11,61.8,-0.0,0.31
2025-01-12 12:00:00-05:00,63.51,63.19,-0.0,0.32
2025-01-12 13:00:00-05:00,63.36,63.04,-0.0,0.32
2025-01-12 14:00:00-05:00,64.74,64.35,-0.0,0.39
2025-01-12 15:00:00-05:00,65.2,65.2,-0.0,0.0
2025-01-12 16:00:00-05:00,67.73,68.48,-0.0,-0.75
2025-01-12 17:00:00-05:00,80.38,81.69,-0.0,-1.31
2025-01-12 18:00:00-05:00,73.15,74.12,-0.0,-0.97
2025-01-12 19:00:00-05:00,67.46,68.27999999999999,-0.0,-0.82
2025-01-12 20:00:00-05:00,65.22,65.94,-0.0,-0.72
2025-01-12 21:00:00-05:00,65.2,65.4,-0.0,-0.2
2025-01-12 22:00:00-05:00,65.2,65.07000000000001,-0.0,0.13
2025-01-12 23:00:00-05:00,65.2,65.13000000000001,-0.0,0.07
2025-01-13 00:00:00-05:00,65.2,65.4,-0.0,-0.2
2025-01-13 01:00:00-05:00,65.2,65.33,-0.0,-0.13
2025-01-13 02:00:00-05:00,65.2,65.46000000000001,-0.0,-0.26
2025-01-13 03:00:00-05:00,65.2,65.27,-0.0,-0.07
2025-01-13 04:00:00-05:00,65.21,65.6,-0.0,-0.39
2025-01-13 05:00:00-05:00,65.47,66.2,-0.0,-0.73
2025-01-13 06:00:00-05:00,65.22,74.53,-8.42,-0.89
2025-01-13 07:00:00-05:00,99.61,101.02,-0.0,-1.41
2025-01-13 08:00:00-05:00,92.03,93.43,-0.0,-1.4
2025-01-13 09:00:00-05:00,71.02,71.81,-0.0,-0.79
2025-01-13 10:00:00-05:00,66.32,67.05999999999999,-0.0,-0.74
2025-01-13 11:00:00-05:00,65.2,65.46000000000001,-0.0,-0.26
2025-01-13 12:00:00-05:00,65.2,65.4,-0.0,-0.2
2025-01-13 13:00:00-05:00,65.2,65.27,-0.0,-0.07
2025-01-13 14:00:00-05:00,65.2,65.33,-0.0,-0.13
2025-01-13 15:00:00-05:00,65.2,65.79,-0.0,-0.59
2025-01-13 16:00:00-05:00,71.45,72.54,-0.0,-1.09
2025-01-13 17:00:00-05:00,80.38,81.77,-0.0,-1.39
2025-01-13 18:00:00-05:00,79.27,80.47,-0.0,-1.2
2025-01-13 19:00:00-05:00,66.31,67.25,-0.0,-0.94
2025-01-13 20:00:00-05:00,65.21,66.47,-0.53,-0.73
2025-01-13 21:00:00-05:00,65.2,64.93,0.53,-0.26
2025-01-13 22:00:00-05:00,65.2,65.73,-0.0,-0.53
2025-01-13 23:00:00-05:00,65.2,65.33,-0.0,-0.13
2025-01-14 00:00:00-05:00,64.52,64.71,-0.0,-0.19
2025-01-14 01:00:00-05:00,62.88,63.13,-0.0,-0.25
2025-01-14 02:00:00-05:00,65.2,65.59,-0.0,-0.39
2025-01-14 03:00:00-05:00,65.2,65.59,-0.0,-0.39
2025-01-14 04:00:00-05:00,65.2,65.66,-0.0,-0.46
2025-01-14 05:00:00-05:00,65.2,62.50000000000001,3.26,-0.56
2025-01-14 06:00:00-05:00,65.22,69.95,-3.26,-1.47
2025-01-14 07:00:00-05:00,80.38,82.27,-0.0,-1.89
2025-01-14 08:00:00-05:00,80.38,82.36,-0.0,-1.98
2025-01-14 09:00:00-05:00,78.2,80.04,-0.0,-1.84
2025-01-14 10:00:00-05:00,80.38,82.19,-0.0,-1.81
2025-01-14 11:00:00-05:00,73.59,75.09,-0.0,-1.5
2025-01-14 12:00:00-05:00,75.24,76.77,-0.0,-1.53
2025-01-14 13:00:00-05:00,76.55,78.2,-0.0,-1.65
2025-01-14 14:00:00-05:00,80.38,82.11,-0.0,-1.73
2025-01-14 15:00:00-05:00,81.65,83.66000000000001,-0.0,-2.01
2025-01-14 16:00:00-05:00,80.39,82.37,-0.0,-1.98
2025-01-14 17:00:00-05:00,108.62,122.08,-10.53,-2.93
2025-01-14 18:00:00-05:00,85.26,88.53000000000002,-0.79,-2.48
2025-01-14 19:00:00-05:00,83.24,85.55,-0.0,-2.31
2025-01-14 20:00:00-05:00,83.51,85.82000000000001,-0.0,-2.31
2025-01-14 21:00:00-05:00,80.39,82.2,-0.0,-1.81
2025-01-14 22:00:00-05:00,80.39,81.95,-0.0,-1.56
2025-01-14 23:00:00-05:00,80.39,81.86,-0.0,-1.47
2025-01-15 00:00:00-05:00,79.63,80.92999999999999,-0.0,-1.3
2025-01-15 01:00:00-05:00,73.66,74.86,-0.0,-1.2
2025-01-15 02:00:00-05:00,73.66,74.86,-0.0,-1.2
2025-01-15 03:00:00-05:00,73.66,74.86,-0.0,-1.2
2025-01-15 04:00:00-05:00,79.24,80.61,-0.0,-1.37
2025-01-15 05:00:00-05:00,80.39,82.2,-0.0,-1.81
2025-01-15 06:00:00-05:00,80.39,85.91,-3.2,-2.32
2025-01-15 07:00:00-05:00,80.39,103.79,-20.91,-2.49
2025-01-15 08:00:00-05:00,80.39,109.36,-26.13,-2.84
2025-01-15 09:00:00-05:00,80.39,85.73,-3.11,-2.23
2025-01-15 10:00:00-05:00,80.39,85.73,-3.11,-2.23
2025-01-15 11:00:00-05:00,80.39,86.0,-3.37,-2.24
2025-01-15 12:00:00-05:00,80.39,85.64,-3.11,-2.14
2025-01-15 13:00:00-05:00,80.39,84.85000000000001,-2.42,-2.04
2025-01-15 14:00:00-05:00,80.39,85.38,-2.86,-2.13
2025-01-15 15:00:00-05:00,80.39,86.55,-3.83,-2.33
2025-01-15 16:00:00-05:00,80.39,87.49,-4.74,-2.36
2025-01-15 17:00:00-05:00,80.39,113.69,-30.24,-3.06
2025-01-15 18:00:00-05:00,80.39,115.01,-31.52,-3.1
2025-01-15 19:00:00-05:00,80.39,84.94,-2.6,-1.95
2025-01-15 20:00:00-05:00,80.39,85.10000000000001,-2.76,-1.95
2025-01-15 21:00:00-05:00,80.39,84.14999999999999,-1.99,-1.77
2025-01-15 22:00:00-05:00,80.39,84.14999999999999,-1.99,-1.77
2025-01-15 23:00:00-05:00,80.39,83.72,-1.74,-1.59
2025-01-16 00:00:00-05:00,80.39,82.03,-0.0,-1.64
2025-01-16 01:00:00-05:00,80.39,81.86,-0.0,-1.47
2025-01-16 02:00:00-05:00,79.67,80.97,-0.0,-1.3
2025-01-16 03:00:00-05:00,94.6,95.74,-0.0,-1.14
2025-01-16 04:00:00-05:00,99.94,99.46,1.87,-1.39
2025-01-16 05:00:00-05:00,80.39,83.86,-1.87,-1.6
2025-01-16 06:00:00-05:00,120.91,122.75,-0.0,-1.84
2025-01-16 07:00:00-05:00,148.27,149.92000000000002,-0.0,-1.65
2025-01-16 08:00:00-05:00,131.5,133.09,-0.0,-1.59
2025-01-16 09:00:00-05:00,107.84,109.81,-0.0,-1.97
2025-01-16 10:00:00-05:00,112.3,114.01,-0.0,-1.71
2025-01-16 11:00:00-05:00,83.0,86.36999999999999,-1.55,-1.82
2025-01-16 12:00:00-05:00,83.0,85.71,-0.91,-1.8
2025-01-16 13:00:00-05:00,83.0,91.46,-6.45,-2.01
2025-01-16 14:00:00-05:00,83.0,89.46,-4.49,-1.97
2025-01-16 15:00:00-05:00,80.39,96.62,-14.01,-2.22
2025-01-16 16:00:00-05:00,93.06,94.96,-0.0,-1.9
2025-01-16 17:00:00-05:00,113.11,115.3,-0.0,-2.19
2025-01-16 18:00:00-05:00,94.47,96.3,-0.0,-1.83
2025-01-16 19:00:00-05:00,80.39,88.2,-5.87,-1.94
2025-01-16 20:00:00-05:00,91.06,92.44,-0.0,-1.38
2025-01-16 21:00:00-05:00,80.39,83.13,-1.08,-1.66
2025-01-16 22:00:00-05:00,80.39,82.03,-0.0,-1.64
2025-01-16 23:00:00-05:00,80.39,85.44,-3.42,-1.63
2025-01-17 00:00:00-05:00,103.44,105.23,-0.0,-1.79
2025-01-17 01:00:00-05:00,84.26,85.63000000000001,-0.0,-1.37
2025-01-17 02:00:00-05:00,77.96,79.07,-0.0,-1.11
2025-01-17 03:00:00-05:00,85.06,86.18,-0.0,-1.12
2025-01-17 04:00:00-05:00,84.81,86.01,-0.0,-1.2
2025-01-17 05:00:00-05:00,83.39,85.01,-0.0,-1.62
2025-01-17 06:00:00-05:00,85.0,87.36999999999999,-0.27,-2.1
2025-01-17 07:00:00-05:00,122.1,124.59,-0.0,-2.49
2025-01-17 08:00:00-05:00,124.55,127.09,-0.0,-2.54
2025-01-17 09:00:00-05:00,85.0,87.09,-0.0,-2.09
2025-01-17 10:00:00-05:00,83.39,85.18,-0.0,-1.79
2025-01-17 11:00:00-05:00,81.08,82.99,-0.0,-1.91
2025-01-17 12:00:00-05:00,70.0,82.11,-10.22,-1.89
2025-01-17 13:00:00-05:00,70.3,81.17999999999999,-9.02,-1.86
2025-01-17 14:00:00-05:00,74.4,84.94000000000001,-8.5,-2.04
2025-01-17 15:00:00-05:00,69.22,70.56,-0.0,-1.34
2025-01-17 16:00:00-05:00,69.23,70.5,-0.0,-1.27
2025-01-17 17:00:00-05:00,69.23,70.72,-0.0,-1.49
2025-01-17 18:00:00-05:00,69.22,70.56,-0.0,-1.34
2025-01-17 19:00:00-05:00,69.21,70.55,-0.0,-1.34
2025-01-17 20:00:00-05:00,69.21,70.69999999999999,-0.0,-1.49
2025-01-17 21:00:00-05:00,69.2,70.25,-0.0,-1.05
2025-01-17 22:00:00-05:00,69.21,70.41,-0.0,-1.2
2025-01-17 23:00:00-05:00,69.2,70.11,-0.0,-0.91
2025-01-18 00:00:00-05:00,69.2,70.04,-0.0,-0.84
2025-01-18 01:00:00-05:00,69.2,69.68,-0.0,-0.48
2025-01-18 02:00:00-05:00,68.03,68.44,-0.0,-0.41
2025-01-18 03:00:00-05:00,69.2,69.68,-0.0,-0.48
2025-01-18 04:00:00-05:00,69.2,69.76,-0.0,-0.56
2025-01-18 05:00:00-05:00,69.2,70.33,-0.0,-1.13
2025-01-18 06:00:00-05:00,65.94,66.61,-0.0,-0.67
2025-01-18 07:00:00-05:00,54.15,54.64,-0.0,-0.49
2025-01-18 08:00:00-05:00,58.06,58.7,-0.0,-0.64
2025-01-18 09:00:00-05:00,69.2,69.77,0.34,-0.91
2025-01-18 10:00:00-05:00,69.2,75.06,-4.36,-1.5
2025-01-18 11:00:00-05:00,69.2,70.96,-0.27,-1.49
2025-01-18 12:00:00-05:00,69.2,70.69,-0.0,-1.49
2025-01-18 13:00:00-05:00,69.2,70.61,-0.0,-1.41
2025-01-18 14:00:00-05:00,69.2,70.69,-0.0,-1.49
2025-01-18 15:00:00-05:00,69.2,70.76,-0.0,-1.56
2025-01-18 16:00:00-05:00,69.22,71.60000000000001,-0.45,-1.93
2025-01-18 17:00:00-05:00,69.23,71.3,-0.0,-2.07
2025-01-18 18:00:00-05:00,72.59,74.83,-0.0,-2.24
2025-01-18 19:00:00-05:00,69.23,71.08,-0.0,-1.85
2025-01-18 20:00:00-05:00,69.23,70.86,-0.0,-1.63
2025-01-18 21:00:00-05:00,69.23,70.72,-0.0,-1.49
2025-01-18 22:00:00-05:00,69.23,70.93,-0.0,-1.7
2025-01-18 23:00:00-05:00,69.23,70.72,-0.0,-1.49
2025-01-19 00:00:00-05:00,80.61,82.25,-0.0,-1.64
2025-01-19 01:00:00-05:00,83.09,84.7,-0.0,-1.61
2025-01-19 02:00:00-05:00,81.4,82.98,-0.0,-1.58
2025-01-19 03:00:00-05:00,83.39,85.01,-0.0,-1.62
2025-01-19 04:00:00-05:00,83.39,85.01,-0.0,-1.62
2025-01-19 05:00:00-05:00,83.39,85.35,-0.0,-1.96
2025-01-19 06:00:00-05:00,83.39,85.27,-0.0,-1.88
2025-01-19 07:00:00-05:00,83.39,85.35,-0.0,-1.96
2025-01-19 08:00:00-05:00,85.0,88.6,-1.03,-2.57
2025-01-19 09:00:00-05:00,85.0,89.64,-1.95,-2.69
2025-01-19 10:00:00-05:00,85.0,88.69,-1.21,-2.48
2025-01-19 11:00:00-05:00,85.0,88.78999999999999,-1.3,-2.49
2025-01-19 12:00:00-05:00,85.0,88.61,-1.22,-2.39
2025-01-19 13:00:00-05:00,85.0,87.42,-0.24,-2.18
2025-01-19 14:00:00-05:00,85.0,89.3,-1.8,-2.5
2025-01-19 15:00:00-05:00,136.86,137.11,1.8,-2.05
2025-01-19 16:00:00-05:00,153.01,155.5,-0.0,-2.49
2025-01-19 17:00:00-05:00,224.82,228.01,-0.0,-3.19
2025-01-19 18:00:00-05:00,206.91,209.64,-0.0,-2.73
2025-01-19 19:00:00-05:00,202.5,205.17,-0.0,-2.67
2025-01-19 20:00:00-05:00,163.98,165.95999999999998,-0.0,-1.98
2025-01-19 21:00:00-05:00,136.18,137.83,-0.0,-1.65
2025-01-19 22:00:00-05:00,147.56,149.35,-0.0,-1.79
2025-01-19 23:00:00-05:00,160.09,161.87,-0.0,-1.78
2025-01-20 00:00:00-05:00,172.38,174.12,-0.0,-1.74
2025-01-20 01:00:00-05:00,161.13,162.76,-0.0,-1.63
2025-01-20 02:00:00-05:00,154.77,156.49,-0.0,-1.72
2025-01-20 03:00:00-05:00,156.43,157.37,-0.0,-0.94
2025-01-20 04:00:00-05:00,167.5,168.0,-0.0,-0.5
2025-01-20 05:00:00-05:00,191.39,191.01,-0.0,0.38
2025-01-20 06:00:00-05:00,229.39,229.39,-0.0,0.0
2025-01-20 07:00:00-05:00,241.64,242.12,-0.0,-0.48
2025-01-20 08:00:00-05:00,213.77,213.56,-0.0,0.21
2025-01-20 09:00:00-05:00,229.53,229.53,-0.0,0.0
2025-01-20 10:00:00-05:00,210.73,210.31,-0.0,0.42
2025-01-20 11:00:00-05:00,208.65,208.23,-0.0,0.42
2025-01-20 12:00:00-05:00,208.02,208.02,-0.0,0.0
2025-01-20 13:00:00-05:00,208.99,208.99,-0.0,0.0
2025-01-20 14:00:00-05:00,217.61,217.61,-0.0,0.0
2025-01-20 15:00:00-05:00,221.61,222.72000000000003,-0.0,-1.11
2025-01-20 16:00:00-05:00,227.4,228.08,-0.0,-0.68
2025-01-20 17:00:00-05:00,283.64,283.36,-0.0,0.28
2025-01-20 18:00:00-05:00,274.63,274.08,-0.0,0.55
2025-01-20 19:00:00-05:00,250.76,250.01,-0.0,0.75
2025-01-20 20:00:00-05:00,235.28,234.81,-0.0,0.47
2025-01-20 21:00:00-05:00,220.03,219.37,-0.0,0.66
2025-01-20 22:00:00-05:00,223.27,222.38,-0.0,0.89
2025-01-20 23:00:00-05:00,212.07,211.22,-0.0,0.85
2025-01-21 00:00:00-05:00,204.6,203.78,-0.0,0.82
2025-01-21 01:00:00-05:00,187.23,186.67,-0.0,0.56
2025-01-21 02:00:00-05:00,197.9,197.5,-0.0,0.4
2025-01-21 03:00:00-05:00,195.52,195.32,-0.0,0.2
2025-01-21 04:00:00-05:00,200.23,200.23,-0.0,0.0
2025-01-21 05:00:00-05:00,209.8,209.38,-0.0,0.42
2025-01-21 06:00:00-05:00,256.08,255.57,-0.0,0.51
2025-01-21 07:00:00-05:00,299.34,299.34,-0.0,0.0
2025-01-21 08:00:00-05:00,262.19,262.19,-0.0,0.0
2025-01-21 09:00:00-05:00,248.1,248.35,-0.0,-0.25
2025-01-21 10:00:00-05:00,234.67,234.9,-0.0,-0.23
2025-01-21 11:00:00-05:00,222.88,222.88,-0.0,0.0
2025-01-21 12:00:00-05:00,218.43,218.43,-0.0,0.0
2025-01-21 13:00:00-05:00,223.8,223.8,-0.0,0.0
2025-01-21 14:00:00-05:00,232.43,232.43,-0.0,0.0
2025-01-21 15:00:00-05:00,245.98,245.98,-0.0,0.0
2025-01-21 16:00:00-05:00,259.5,258.98,-0.0,0.52
2025-01-21 17:00:00-05:00,318.78,318.46,-0.0,0.32
2025-01-21 18:00:00-05:00,309.7,308.77,-0.0,0.93
2025-01-21 19:00:00-05:00,279.84,279.28,-0.0,0.56
2025-01-21 20:00:00-05:00,251.63,251.13,-0.0,0.5
2025-01-21 21:00:00-05:00,240.37,239.89,-0.0,0.48
2025-01-21 22:00:00-05:00,229.03,228.57,-0.0,0.46
2025-01-21 23:00:00-05:00,225.74,225.29,-0.0,0.45
2025-01-22 00:00:00-05:00,203.98,203.78,-0.0,0.2
2025-01-22 01:00:00-05:00,199.18,199.18,-0.0,0.0
2025-01-22 02:00:00-05:00,195.27,195.07,-0.0,0.2
2025-01-22 03:00:00-05:00,194.02,194.02,-0.0,0.0
2025-01-22 04:00:00-05:00,207.4,207.19,-0.0,0.21
2025-01-22 05:00:00-05:00,227.82,216.31,11.51,0.0
2025-01-22 06:00:00-05:00,271.41,282.35,-11.51,0.57
2025-01-22 07:00:00-05:00,302.13,301.53,-0.0,0.6
2025-01-22 08:00:00-05:00,276.0,275.45,-0.0,0.55
2025-01-22 09:00:00-05:00,246.53,246.53,-0.0,0.0
2025-01-22 10:00:00-05:00,219.82,220.26,-0.0,-0.44
2025-01-22 11:00:00-05:00,208.26,208.47,-0.0,-0.21
2025-01-22 12:00:00-05:00,205.48,205.69,-0.0,-0.21
2025-01-22 13:00:00-05:00,205.79,206.0,-0.0,-0.21
2025-01-22 14:00:00-05:00,208.41,208.62,-0.0,-0.21
2025-01-22 15:00:00-05:00,228.79,229.71,-0.0,-0.92
2025-01-22 16:00:00-05:00,242.81,243.3,-0.0,-0.49
2025-01-22 17:00:00-05:00,293.76,294.34999999999997,-0.0,-0.59
2025-01-22 18:00:00-05:00,284.59,284.86999999999995,-0.0,-0.28
2025-01-22 19:00:00-05:00,258.85,259.37,-0.0,-0.52
2025-01-22 20:00:00-05:00,242.7,243.43,-0.0,-0.73
2025-01-22 21:00:00-05:00,226.57,227.02,-0.0,-0.45
2025-01-22 22:00:00-05:00,214.8,214.8,-0.0,0.0
2025-01-22 23:00:00-05:00,208.65,208.23,-0.0,0.42
2025-01-23 00:00:00-05:00,161.45,162.26,-0.0,-0.81
2025-01-23 01:00:00-05:00,155.0,155.93,-0.0,-0.93
2025-01-23 02:00:00-05:00,152.55,153.47,-0.0,-0.92
2025-01-23 03:00:00-05:00,151.03,151.94,-0.0,-0.91
2025-01-23 04:00:00-05:00,155.21,156.14,-0.0,-0.93
2025-01-23 05:00:00-05:00,160.0,162.27,-0.0,-2.27
2025-01-23 06:00:00-05:00,174.86,178.06,-0.0,-3.2
2025-01-23 07:00:00-05:00,179.41,182.14,-0.0,-2.73
2025-01-23 08:00:00-05:00,171.91,174.88,-0.0,-2.97
2025-01-23 09:00:00-05:00,179.41,182.33,-0.0,-2.92
2025-01-23 10:00:00-05:00,155.0,156.72,-0.0,-1.72
2025-01-23 11:00:00-05:00,142.3,143.74,-0.0,-1.44
2025-01-23 12:00:00-05:00,142.96,144.12,-0.0,-1.16
2025-01-23 13:00:00-05:00,137.13,138.38,-0.0,-1.25
2025-01-23 14:00:00-05:00,136.07,137.31,-0.0,-1.24
2025-01-23 15:00:00-05:00,146.17,147.5,-0.0,-1.33
2025-01-23 16:00:00-05:00,159.81,161.74,-0.0,-1.93
2025-01-23 17:00:00-05:00,180.12,182.68,-0.0,-2.56
2025-01-23 18:00:00-05:00,175.0,177.31,-0.0,-2.31
2025-01-23 19:00:00-05:00,165.0,166.67,-0.0,-1.67
2025-01-23 20:00:00-05:00,159.52,161.29000000000002,-0.0,-1.77
2025-01-23 21:00:00-05:00,152.8,154.19,-0.0,-1.39
2025-01-23 22:00:00-05:00,147.36,148.55,-0.0,-1.19
2025-01-23 23:00:00-05:00,146.55,147.88000000000002,-0.0,-1.33
2025-01-24 00:00:00-05:00,98.0,100.51,-0.0,-2.51
2025-01-24 01:00:00-05:00,94.55,96.77,-0.0,-2.22
2025-01-24 02:00:00-05:00,95.5,97.55,-0.0,-2.05
2025-01-24 03:00:00-05:00,110.48,112.5,-0.0,-2.02
2025-01-24 04:00:00-05:00,108.94,111.16,-0.0,-2.22
2025-01-24 05:00:00-05:00,125.0,129.93,-1.95,-2.98
2025-01-24 06:00:00-05:00,166.79,167.35,1.95,-2.51
2025-01-24 07:00:00-05:00,171.46,174.07000000000002,-0.0,-2.61
2025-01-24 08:00:00-05:00,169.45,172.20999999999998,-0.0,-2.76
2025-01-24 09:00:00-05:00,126.78,129.9,-0.0,-3.12
2025-01-24 10:00:00-05:00,106.32,109.04,-0.0,-2.72
2025-01-24 11:00:00-05:00,97.24,99.93,-0.0,-2.69
2025-01-24 12:00:00-05:00,98.0,100.71,-0.0,-2.71
2025-01-24 13:00:00-05:00,94.8,97.43,-0.0,-2.63
2025-01-24 14:00:00-05:00,98.0,100.82,-0.0,-2.82
2025-01-24 15:00:00-05:00,101.4,104.43,-0.0,-3.03
2025-01-24 16:00:00-05:00,108.0,111.23,-0.0,-3.23
2025-01-24 17:00:00-05:00,128.0,132.65,-0.0,-4.65
2025-01-24 18:00:00-05:00,128.0,132.36,-0.0,-4.36
2025-01-24 19:00:00-05:00,106.25,109.19,-0.0,-2.94
2025-01-24 20:00:00-05:00,100.05,102.72,-0.0,-2.67
2025-01-24 21:00:00-05:00,108.0,110.66,-0.0,-2.66
2025-01-24 22:00:00-05:00,98.0,100.51,-0.0,-2.51
2025-01-24 23:00:00-05:00,98.0,100.3,-0.0,-2.3
2025-01-25 00:00:00-05:00,95.01,97.35,-0.0,-2.34
2025-01-25 01:00:00-05:00,114.49,116.71,-0.0,-2.22
2025-01-25 02:00:00-05:00,119.8,121.99,-0.0,-2.19
2025-01-25 03:00:00-05:00,135.61,137.54000000000002,-0.0,-1.93
2025-01-25 04:00:00-05:00,139.67,141.51,-0.0,-1.84
2025-01-25 05:00:00-05:00,147.73,149.67999999999998,-0.0,-1.95
2025-01-25 06:00:00-05:00,130.9,133.03,-0.0,-2.13
2025-01-25 07:00:00-05:00,129.03,130.33,-0.0,-1.3
2025-01-25 08:00:00-05:00,135.64,137.14999999999998,-0.0,-1.51
2025-01-25 09:00:00-05:00,107.8,109.56,-0.0,-1.76
2025-01-25 10:00:00-05:00,99.04,100.35,-0.0,-1.31
2025-01-25 11:00:00-05:00,86.39,87.8,-0.0,-1.41
2025-01-25 12:00:00-05:00,86.39,87.53,-0.0,-1.14
2025-01-25 13:00:00-05:00,86.14,87.28,-0.0,-1.14
2025-01-25 14:00:00-05:00,86.39,87.44,-0.0,-1.05
2025-01-25 15:00:00-05:00,86.39,87.62,-0.0,-1.23
2025-01-25 16:00:00-05:00,86.4,87.81,-0.0,-1.41
2025-01-25 17:00:00-05:00,86.4,88.16000000000001,-0.0,-1.76
2025-01-25 18:00:00-05:00,86.4,88.26,-0.0,-1.86
2025-01-25 19:00:00-05:00,80.5,81.81,-0.0,-1.31
2025-01-25 20:00:00-05:00,75.46,76.69,-0.0,-1.23
2025-01-25 21:00:00-05:00,72.01,73.10000000000001,-0.0,-1.09
2025-01-25 22:00:00-05:00,71.21,72.28999999999999,-0.0,-1.08
2025-01-25 23:00:00-05:00,71.21,72.14999999999999,-0.0,-0.94
2025-01-26 00:00:00-05:00,86.39,87.62,-0.0,-1.23
2025-01-26 01:00:00-05:00,84.13,85.24,-0.0,-1.11
2025-01-26 02:00:00-05:00,80.84,81.82000000000001,-0.0,-0.98
2025-01-26 03:00:00-05:00,80.84,81.82000000000001,-0.0,-0.98
2025-01-26 04:00:00-05:00,80.0,80.97,-0.0,-0.97
2025-01-26 05:00:00-05:00,72.41,73.28999999999999,-0.0,-0.88
2025-01-26 06:00:00-05:00,80.0,81.22,-0.0,-1.22
2025-01-26 07:00:00-05:00,71.2,71.92,-0.0,-0.72
2025-01-26 08:00:00-05:00,76.94,78.03,-0.0,-1.09
2025-01-26 09:00:00-05:00,80.0,81.3,-0.0,-1.3
2025-01-26 10:00:00-05:00,71.77,72.86,-0.0,-1.09
2025-01-26 11:00:00-05:00,73.86,75.06,-0.0,-1.2
2025-01-26 12:00:00-05:00,71.21,72.14999999999999,-0.0,-0.94
2025-01-26 13:00:00-05:00,71.21,72.14999999999999,-0.0,-0.94
2025-01-26 14:00:00-05:00,71.21,72.28999999999999,-0.0,-1.08
2025-01-26 15:00:00-05:00,80.0,81.14,-0.0,-1.14
2025-01-26 16:00:00-05:00,82.09,83.43,-0.0,-1.34
2025-01-26 17:00:00-05:00,86.39,88.07000000000001,-0.0,-1.68
2025-01-26 18:00:00-05:00,86.4,88.08000000000001,-0.0,-1.68
2025-01-26 19:00:00-05:00,86.39,87.62,-0.0,-1.23
2025-01-26 20:00:00-05:00,86.39,87.8,-0.0,-1.41
2025-01-26 21:00:00-05:00,80.0,80.97,-0.0,-0.97
2025-01-26 22:00:00-05:00,77.19,78.05,-0.0,-0.86
2025-01-26 23:00:00-05:00,71.21,72.0,-0.0,-0.79
2025-01-27 00:00:00-05:00,80.24,81.21,-0.0,-0.97
2025-01-27 01:00:00-05:00,71.21,71.92999999999999,-0.0,-0.72
2025-01-27 02:00:00-05:00,71.2,71.7,-0.0,-0.5
2025-01-27 03:00:00-05:00,71.2,71.78,-0.0,-0.58
2025-01-27 04:00:00-05:00,71.21,72.0,-0.0,-0.79
2025-01-27 05:00:00-05:00,71.21,72.14999999999999,-0.0,-0.94
2025-01-27 06:00:00-05:00,85.76,87.24000000000001,-0.0,-1.48
2025-01-27 07:00:00-05:00,86.39,87.97,-0.0,-1.58
2025-01-27 08:00:00-05:00,86.39,88.25,-0.0,-1.86
2025-01-27 09:00:00-05:00,72.54,73.64,-0.0,-1.1
2025-01-27 10:00:00-05:00,71.21,71.71,-0.0,-0.5
2025-01-27 11:00:00-05:00,71.2,71.7,-0.0,-0.5
2025-01-27 12:00:00-05:00,71.2,71.85000000000001,-0.0,-0.65
2025-01-27 13:00:00-05:00,71.2,71.78,-0.0,-0.58
2025-01-27 14:00:00-05:00,71.2,71.78,-0.0,-0.58
2025-01-27 15:00:00-05:00,71.2,71.92,-0.0,-0.72
2025-01-27 16:00:00-05:00,71.2,71.92,-0.0,-0.72
2025-01-27 17:00:00-05:00,81.54,82.7,-0.0,-1.16
2025-01-27 18:00:00-05:00,79.36,80.57,-0.0,-1.21
2025-01-27 19:00:00-05:00,71.21,72.28999999999999,-0.0,-1.08
2025-01-27 20:00:00-05:00,74.47,75.67999999999999,-0.0,-1.21
2025-01-27 21:00:00-05:00,71.2,72.06,-0.0,-0.86
2025-01-27 22:00:00-05:00,71.2,71.85000000000001,-0.0,-0.65
2025-01-27 23:00:00-05:00,71.2,71.7,-0.0,-0.5
2025-01-28 00:00:00-05:00,71.2,71.41,-0.0,-0.21
2025-01-28 01:00:00-05:00,71.2,71.34,-0.0,-0.14
2025-01-28 02:00:00-05:00,71.2,71.27,-0.0,-0.07
2025-01-28 03:00:00-05:00,71.2,71.27,-0.0,-0.07
2025-01-28 04:00:00-05:00,71.2,71.56,-0.0,-0.36
2025-01-28 05:00:00-05:00,71.21,72.0,-0.0,-0.79
2025-01-28 06:00:00-05:00,77.65,78.67,-0.0,-1.02
2025-01-28 07:00:00-05:00,86.39,87.53,-0.0,-1.14
2025-01-28 08:00:00-05:00,86.4,87.98,-0.0,-1.58
2025-01-28 09:00:00-05:00,86.39,87.62,-0.0,-1.23
2025-01-28 10:00:00-05:00,86.4,87.81,-0.0,-1.41
2025-01-28 11:00:00-05:00,86.4,87.81,-0.0,-1.41
2025-01-28 12:00:00-05:00,86.39,87.7,-0.0,-1.31
2025-01-28 13:00:00-05:00,85.0,86.12,-0.0,-1.12
2025-01-28 14:00:00-05:00,86.39,87.62,-0.0,-1.23
2025-01-28 15:00:00-05:00,86.4,88.16000000000001,-0.0,-1.76
2025-01-28 16:00:00-05:00,86.4,88.26,-0.0,-1.86
2025-01-28 17:00:00-05:00,164.97,168.17,-0.0,-3.2
2025-01-28 18:00:00-05:00,167.5,170.57,-0.0,-3.07
2025-01-28 19:00:00-05:00,114.03,116.12,-0.0,-2.09
2025-01-28 20:00:00-05:00,139.1,140.78,-0.0,-1.68
2025-01-28 21:00:00-05:00,103.04,104.18,-0.0,-1.14
2025-01-28 22:00:00-05:00,86.4,87.54,-0.0,-1.14
2025-01-28 23:00:00-05:00,86.39,87.18,-0.0,-0.79
2025-01-29 00:00:00-05:00,94.97,95.16,-0.0,-0.19
2025-01-29 01:00:00-05:00,88.74,88.64999999999999,-0.0,0.09
2025-01-29 02:00:00-05:00,87.99,87.99,-0.0,0.0
2025-01-29 03:00:00-05:00,82.54,82.46000000000001,-0.0,0.08
2025-01-29 04:00:00-05:00,91.27,91.18,-0.0,0.09
2025-01-29 05:00:00-05:00,91.27,91.64,-0.0,-0.37
2025-01-29 06:00:00-05:00,79.54,80.10000000000001,-0.0,-0.56
2025-01-29 07:00:00-05:00,71.73,72.31,-0.0,-0.58
2025-01-29 08:00:00-05:00,79.04,79.76,-0.0,-0.72
2025-01-29 09:00:00-05:00,91.54,92.28,-0.0,-0.74
2025-01-29 10:00:00-05:00,120.4,121.38,-0.0,-0.98
2025-01-29 11:00:00-05:00,116.6,117.42,-0.0,-0.82
2025-01-29 12:00:00-05:00,118.65,119.24,-0.0,-0.59
2025-01-29 13:00:00-05:00,116.67,117.49,-0.0,-0.82
2025-01-29 14:00:00-05:00,112.8,113.48,-0.0,-0.68
2025-01-29 15:00:00-05:00,121.53,122.38,-0.0,-0.85
2025-01-29 16:00:00-05:00,134.74,135.83,-0.0,-1.09
2025-01-29 17:00:00-05:00,91.82,93.03,-0.0,-1.21
2025-01-29 18:00:00-05:00,101.33,102.77,-0.0,-1.44
2025-01-29 19:00:00-05:00,93.35,94.58,-0.0,-1.23
2025-01-29 20:00:00-05:00,121.77,123.0,-0.0,-1.23
2025-01-29 21:00:00-05:00,123.3,124.16,-0.0,-0.86
2025-01-29 22:00:00-05:00,116.53,117.0,-0.0,-0.47
2025-01-29 23:00:00-05:00,103.8,104.01,-0.0,-0.21
2025-01-30 00:00:00-05:00,101.65,102.26,-0.0,-0.61
2025-01-30 01:00:00-05:00,94.46,94.74,-0.0,-0.28
2025-01-30 02:00:00-05:00,91.73,92.01,-0.0,-0.28
2025-01-30 03:00:00-05:00,93.57,93.94,-0.0,-0.37
2025-01-30 04:00:00-05:00,130.61,99.88,31.23,-0.5
2025-01-30 05:00:00-05:00,64.01,96.59,-31.23,-1.35
2025-01-30 06:00:00-05:00,68.21,69.46,-0.0,-1.25
2025-01-30 07:00:00-05:00,87.19,88.24,-0.0,-1.05
2025-01-30 08:00:00-05:00,100.95,102.17,-0.0,-1.22
2025-01-30 09:00:00-05:00,86.4,87.63000000000001,-0.0,-1.23
2025-01-30 10:00:00-05:00,86.39,87.09,-0.0,-0.7
2025-01-30 11:00:00-05:00,86.39,87.26,-0.0,-0.87
2025-01-30 12:00:00-05:00,75.39,75.92,-0.0,-0.53
2025-01-30 13:00:00-05:00,70.8,71.36999999999999,-0.0,-0.57
2025-01-30 14:00:00-05:00,65.99,66.52,-0.0,-0.53
2025-01-30 15:00:00-05:00,70.47,71.17999999999999,-0.0,-0.71
2025-01-30 16:00:00-05:00,78.15,78.7,-0.0,-0.55
2025-01-30 17:00:00-05:00,86.39,87.26,-0.0,-0.87
2025-01-30 18:00:00-05:00,86.39,87.35,-0.0,-0.96
2025-01-30 19:00:00-05:00,79.02,79.89999999999999,-0.0,-0.88
2025-01-30 20:00:00-05:00,109.16,109.92,-0.0,-0.76
2025-01-30 21:00:00-05:00,114.29,114.63,-0.0,-0.34
2025-01-30 22:00:00-05:00,94.39,94.3,-0.0,0.09
2025-01-30 23:00:00-05:00,75.26,74.96000000000001,-0.0,0.3
2025-01-31 00:00:00-05:00,66.49,66.16,-0.0,0.33
2025-01-31 01:00:00-05:00,69.86,69.51,-0.0,0.35
2025-01-31 02:00:00-05:00,69.79,69.37,-0.0,0.42
2025-01-31 03:00:00-05:00,68.08,67.67,-0.0,0.41
2025-01-31 04:00:00-05:00,73.57,73.41999999999999,-0.0,0.15
2025-01-31 05:00:00-05:00,77.08,76.92999999999999,-0.0,0.15
2025-01-31 06:00:00-05:00,88.32,88.58,-0.0,-0.26
2025-01-31 07:00:00-05:00,97.96,98.35,-0.0,-0.39
2025-01-31 08:00:00-05:00,119.21,119.81,-0.0,-0.6
2025-01-31 09:00:00-05:00,140.99,140.73000000000002,0.54,-0.28
2025-01-31 10:00:00-05:00,132.0,132.13,-0.0,-0.13
2025-01-31 11:00:00-05:00,124.49,125.36,-0.0,-0.87
2025-01-31 12:00:00-05:00,106.64,107.93,-0.0,-1.29
2025-01-31 13:00:00-05:00,86.41,87.28,-0.0,-0.87
2025-01-31 14:00:00-05:00,86.4,87.19000000000001,-0.0,-0.79
2025-01-31 15:00:00-05:00,86.4,87.10000000000001,-0.0,-0.7
2025-01-31 16:00:00-05:00,86.39,86.82000000000001,-0.0,-0.43
2025-01-31 17:00:00-05:00,86.39,86.99,-0.0,-0.6
2025-01-31 18:00:00-05:00,78.62,79.01,-0.0,-0.39
2025-01-31 19:00:00-05:00,71.2,71.41,-0.0,-0.21
2025-01-31 20:00:00-05:00,71.21,71.49,-0.0,-0.28
2025-01-31 21:00:00-05:00,71.2,71.2,-0.0,0.0
2025-01-31 22:00:00-05:00,71.2,71.2,-0.0,0.0
2025-01-31 23:00:00-05:00,71.2,71.13000000000001,-0.0,0.07
2025-02-01 00:00:00-05:00,64.43,63.92000000000001,-0.0,0.51
2025-02-01 01:00:00-05:00,53.02,52.5,-0.0,0.52
2025-02-01 02:00:00-05:00,46.95,46.49,-0.0,0.46
2025-02-01 03:00:00-05:00,45.29,44.84,-0.0,0.45
2025-02-01 04:00:00-05:00,46.28,45.82,-0.0,0.46
2025-02-01 05:00:00-05:00,48.55,48.07,-0.0,0.48
2025-02-01 06:00:00-05:00,54.04,53.45,-0.0,0.59
2025-02-01 07:00:00-05:00,56.79,56.17,-0.0,0.62
2025-02-01 08:00:00-05:00,59.68,59.09,-0.0,0.59
2025-02-01 09:00:00-05:00,67.76,67.09,-0.0,0.67
2025-02-01 10:00:00-05:00,71.06,70.5,-0.0,0.56
2025-02-01 11:00:00-05:00,63.09,62.650000000000006,-0.0,0.44
2025-02-01 12:00:00-05:00,58.67,58.21,-0.0,0.46
2025-02-01 13:00:00-05:00,61.68,61.31,-0.0,0.37
2025-02-01 14:00:00-05:00,57.83,57.37,-0.0,0.46
2025-02-01 15:00:00-05:00,69.09,67.72000000000001,0.96,0.41
2025-02-01 16:00:00-05:00,71.2,72.45,-0.96,-0.29
2025-02-01 17:00:00-05:00,93.07,94.01,-0.0,-0.94
2025-02-01 18:00:00-05:00,95.34,96.4,-0.0,-1.06
2025-02-01 19:00:00-05:00,89.97,90.79,-0.0,-0.82
2025-02-01 20:00:00-05:00,86.23,86.83,-0.0,-0.6
2025-02-01 21:00:00-05:00,78.1,78.17999999999999,-0.0,-0.08
2025-02-01 22:00:00-05:00,71.21,71.41999999999999,-0.0,-0.21
2025-02-01 23:00:00-05:00,79.79,79.55000000000001,-0.0,0.24
2025-02-02 00:00:00-05:00,99.48,98.98,-0.0,0.5
2025-02-02 01:00:00-05:00,90.33,89.62,-0.0,0.71
2025-02-02 02:00:00-05:00,76.65,75.97,-0.0,0.68
2025-02-02 03:00:00-05:00,70.15,69.46000000000001,-0.0,0.69
2025-02-02 04:00:00-05:00,64.47,63.83,-0.0,0.64
2025-02-02 05:00:00-05:00,68.3,67.61999999999999,-0.0,0.68
2025-02-02 06:00:00-05:00,73.28,72.63,-0.0,0.65
2025-02-02 07:00:00-05:00,76.55,76.09,-0.0,0.46
2025-02-02 08:00:00-05:00,77.73,77.34,-0.0,0.39
2025-02-02 09:00:00-05:00,73.63,73.25999999999999,-0.0,0.37
2025-02-02 10:00:00-05:00,65.85,65.52,-0.0,0.33
2025-02-02 11:00:00-05:00,72.2,71.84,-0.0,0.36
2025-02-02 12:00:00-05:00,67.16,66.82,-0.0,0.34
2025-02-02 13:00:00-05:00,66.82,66.49,-0.0,0.33
2025-02-02 14:00:00-05:00,66.56,66.23,-0.0,0.33
2025-02-02 15:00:00-05:00,71.81,71.59,-0.0,0.22
2025-02-02 16:00:00-05:00,84.11,84.11,-0.0,0.0
2025-02-02 17:00:00-05:00,99.99,100.09,-0.0,-0.1
2025-02-02 18:00:00-05:00,95.09,95.28,-0.0,-0.19
2025-02-02 19:00:00-05:00,86.6,86.86,-0.0,-0.26
2025-02-02 20:00:00-05:00,76.55,76.7,-0.0,-0.15
2025-02-02 21:00:00-05:00,65.32,65.38999999999999,-0.0,-0.07
2025-02-02 22:00:00-05:00,57.5,57.5,-0.0,0.0
2025-02-02 23:00:00-05:00,52.94,52.78,-0.0,0.16
2025-02-03 00:00:00-05:00,71.2,70.57000000000001,-0.0,0.63
2025-02-03 01:00:00-05:00,67.39,66.86,-0.0,0.53
2025-02-03 02:00:00-05:00,66.74,66.33999999999999,-0.0,0.4
2025-02-03 03:00:00-05:00,68.91,68.42999999999999,-0.0,0.48
2025-02-03 04:00:00-05:00,69.7,69.21000000000001,-0.0,0.49
2025-02-03 05:00:00-05:00,71.2,70.92,-0.0,0.28
2025-02-03 06:00:00-05:00,71.2,71.41,-0.0,-0.21
2025-02-03 07:00:00-05:00,71.22,71.58,-0.0,-0.36
2025-02-03 08:00:00-05:00,71.21,71.86,-0.0,-0.65
2025-02-03 09:00:00-05:00,71.2,71.99000000000001,-0.0,-0.79
2025-02-03 10:00:00-05:00,71.2,71.7,-0.0,-0.5
2025-02-03 11:00:00-05:00,71.2,71.27,-0.0,-0.07
2025-02-03 12:00:00-05:00,71.2,71.13000000000001,-0.0,0.07
2025-02-03 13:00:00-05:00,71.2,70.99000000000001,-0.0,0.21
2025-02-03 14:00:00-05:00,68.07,67.8,-0.0,0.27
2025-02-03 15:00:00-05:00,70.33,70.05,-0.0,0.28
2025-02-03 16:00:00-05:00,69.88,69.67,-0.0,0.21
2025-02-03 17:00:00-05:00,71.2,71.63000000000001,-0.0,-0.43
2025-02-03 18:00:00-05:00,71.21,71.86,-0.0,-0.65
2025-02-03 19:00:00-05:00,71.2,71.27,-0.0,-0.07
2025-02-03 20:00:00-05:00,71.2,71.06,-0.0,0.14
2025-02-03 21:00:00-05:00,69.67,69.32000000000001,-0.0,0.35
2025-02-03 22:00:00-05:00,57.55,57.15,-0.0,0.4
2025-02-03 23:00:00-05:00,54.17,53.690000000000005,-0.0,0.48
2025-02-04 00:00:00-05:00,64.77,64.06,-0.0,0.71
2025-02-04 01:00:00-05:00,62.58,61.96,-0.0,0.62
2025-02-04 02:00:00-05:00,62.35,61.73,-0.0,0.62
2025-02-04 03:00:00-05:00,58.78,58.2,-0.0,0.58
2025-02-04 04:00:00-05:00,61.24,60.690000000000005,-0.0,0.55
2025-02-04 05:00:00-05:00,63.79,63.22,-0.0,0.57
2025-02-04 06:00:00-05:00,71.2,71.06,-0.0,0.14
2025-02-04 07:00:00-05:00,71.2,71.56,-0.0,-0.36
2025-02-04 08:00:00-05:00,71.21,71.78999999999999,-0.0,-0.58
2025-02-04 09:00:00-05:00,71.2,71.34,-0.0,-0.14
2025-02-04 10:00:00-05:00,69.65,69.58000000000001,-0.0,0.07
2025-02-04 11:00:00-05:00,61.66,61.66,-0.0,0.0
2025-02-04 12:00:00-05:00,59.12,59.0,-0.0,0.12
2025-02-04 13:00:00-05:00,61.45,61.45,-0.0,0.0
2025-02-04 14:00:00-05:00,66.99,66.92,-0.0,0.07
2025-02-04 15:00:00-05:00,71.2,69.49,1.92,-0.21
2025-02-04 16:00:00-05:00,71.22,74.11,-1.92,-0.97
2025-02-04 17:00:00-05:00,86.39,88.42,-0.0,-2.03
2025-02-04 18:00:00-05:00,88.7,91.07,-0.0,-2.37
2025-02-04 19:00:00-05:00,86.39,88.42,-0.0,-2.03
2025-02-04 20:00:00-05:00,81.9,83.49000000000001,-0.0,-1.59
2025-02-04 21:00:00-05:00,71.23,72.02000000000001,-0.0,-0.79
2025-02-04 22:00:00-05:00,71.21,71.57,-0.0,-0.36
2025-02-04 23:00:00-05:00,71.21,71.35,-0.0,-0.14
2025-02-05 00:00:00-05:00,89.76,90.12,-0.0,-0.36
2025-02-05 01:00:00-05:00,94.33,94.14,-0.0,0.19
2025-02-05 02:00:00-05:00,91.27,90.72,-0.0,0.55
2025-02-05 03:00:00-05:00,91.66,91.11,-0.0,0.55
2025-02-05 04:00:00-05:00,104.65,103.92,-0.0,0.73
2025-02-05 05:00:00-05:00,120.08,119.13,-0.0,0.95
2025-02-05 06:00:00-05:00,141.52,140.53,-0.0,0.99
2025-02-05 07:00:00-05:00,167.8,166.79000000000002,-0.0,1.01
2025-02-05 08:00:00-05:00,155.75,154.66,-0.0,1.09
2025-02-05 09:00:00-05:00,136.86,135.9,-0.0,0.96
2025-02-05 10:00:00-05:00,129.52,128.61,-0.0,0.91
2025-02-05 11:00:00-05:00,116.17,115.47,-0.0,0.7
2025-02-05 12:00:00-05:00,109.3,108.64,-0.0,0.66
2025-02-05 13:00:00-05:00,110.96,110.29,-0.0,0.67
2025-02-05 14:00:00-05:00,117.21,116.39,-0.0,0.82
2025-02-05 15:00:00-05:00,128.31,127.41,-0.0,0.9
2025-02-05 16:00:00-05:00,143.4,142.54,-0.0,0.86
2025-02-05 17:00:00-05:00,175.52,174.99,-0.0,0.53
2025-02-05 18:00:00-05:00,182.12,181.76,-0.0,0.36
2025-02-05 19:00:00-05:00,160.83,160.67000000000002,-0.0,0.16
2025-02-05 20:00:00-05:00,143.34,143.48,-0.0,-0.14
2025-02-05 21:00:00-05:00,132.13,132.0,-0.0,0.13
2025-02-05 22:00:00-05:00,118.51,118.15,-0.0,0.36
2025-02-05 23:00:00-05:00,111.36,110.69,-0.0,0.67
2025-02-06 00:00:00-05:00,71.96,72.32,-0.0,-0.36
2025-02-06 01:00:00-05:00,71.96,72.61,-0.0,-0.65
2025-02-06 02:00:00-05:00,71.95,72.17,-0.0,-0.22
2025-02-06 03:00:00-05:00,71.95,72.24000000000001,-0.0,-0.29
2025-02-06 04:00:00-05:00,71.96,72.32,-0.0,-0.36
2025-02-06 05:00:00-05:00,71.96,72.25,-0.0,-0.29
2025-02-06 06:00:00-05:00,82.64,83.05,-0.0,-0.41
2025-02-06 07:00:00-05:00,140.41,140.13,-0.0,0.28
2025-02-06 08:00:00-05:00,133.74,134.01000000000002,-0.0,-0.27
2025-02-06 09:00:00-05:00,97.51,98.59,-0.0,-1.08
2025-02-06 10:00:00-05:00,106.97,107.72,-0.0,-0.75
2025-02-06 11:00:00-05:00,104.12,105.07,-0.0,-0.95
2025-02-06 12:00:00-05:00,86.39,87.35,-0.0,-0.96
2025-02-06 13:00:00-05:00,71.96,72.97999999999999,-0.0,-1.02
2025-02-06 14:00:00-05:00,71.96,72.91,-0.0,-0.95
2025-02-06 15:00:00-05:00,73.48,74.37,-0.0,-0.89
2025-02-06 16:00:00-05:00,71.93,72.51,-0.0,-0.58
2025-02-06 17:00:00-05:00,71.94,72.81,-0.0,-0.87
2025-02-06 18:00:00-05:00,71.94,72.74,-0.0,-0.8
2025-02-06 19:00:00-05:00,71.93,72.51,-0.0,-0.58
2025-02-06 20:00:00-05:00,71.93,72.43,-0.0,-0.5
2025-02-06 21:00:00-05:00,70.86,71.14,-0.0,-0.28
2025-02-06 22:00:00-05:00,66.22,66.55,-0.0,-0.33
2025-02-06 23:00:00-05:00,62.05,62.3,-0.0,-0.25
2025-02-07 00:00:00-05:00,58.79,58.55,-0.0,0.24
2025-02-07 01:00:00-05:00,53.61,53.82,-0.0,-0.21
2025-02-07 02:00:00-05:00,53.61,53.82,-0.0,-0.21
2025-02-07 03:00:00-05:00,53.32,53.48,-0.0,-0.16
2025-02-07 04:00:00-05:00,53.18,53.39,-0.0,-0.21
2025-02-07 05:00:00-05:00,54.9,55.059999999999995,-0.0,-0.16
2025-02-07 06:00:00-05:00,67.26,67.60000000000001,-0.0,-0.34
2025-02-07 07:00:00-05:00,71.93,72.43,-0.0,-0.5
2025-02-07 08:00:00-05:00,71.88,72.38,-0.0,-0.5
2025-02-07 09:00:00-05:00,64.08,64.39999999999999,-0.0,-0.32
2025-02-07 10:00:00-05:00,63.5,63.75,-0.0,-0.25
2025-02-07 11:00:00-05:00,61.44,61.62,-0.0,-0.18
2025-02-07 12:00:00-05:00,60.97,61.15,-0.0,-0.18
2025-02-07 13:00:00-05:00,60.08,60.32,-0.0,-0.24
2025-02-07 14:00:00-05:00,57.49,57.72,-0.0,-0.23
2025-02-07 15:00:00-05:00,63.86,64.05,-0.0,-0.19
2025-02-07 16:00:00-05:00,71.93,72.66000000000001,-0.0,-0.73
2025-02-07 17:00:00-05:00,71.94,73.34,-0.0,-1.4
2025-02-07 18:00:00-05:00,71.95,73.35000000000001,-0.0,-1.4
2025-02-07 19:00:00-05:00,71.93,72.95,-0.0,-1.02
2025-02-07 20:00:00-05:00,71.94,72.96,-0.0,-1.02
2025-02-07 21:00:00-05:00,71.93,72.66000000000001,-0.0,-0.73
2025-02-07 22:00:00-05:00,71.93,72.36000000000001,-0.0,-0.43
2025-02-07 23:00:00-05:00,71.93,72.66000000000001,-0.0,-0.73
2025-02-08 00:00:00-05:00,62.29,63.5,-0.0,-1.21
2025-02-08 01:00:00-05:00,60.01,60.989999999999995,-0.0,-0.98
2025-02-08 02:00:00-05:00,60.01,61.05,-0.0,-1.04
2025-02-08 03:00:00-05:00,64.38,65.42999999999999,-0.0,-1.05
2025-02-08 04:00:00-05:00,67.33,68.64,-0.0,-1.31
2025-02-08 05:00:00-05:00,68.84,70.10000000000001,-0.0,-1.26
2025-02-08 06:00:00-05:00,67.19,68.35,-0.0,-1.16
2025-02-08 07:00:00-05:00,70.04,71.10000000000001,-0.0,-1.06
2025-02-08 08:00:00-05:00,73.9,74.95,-0.0,-1.05
2025-02-08 09:00:00-05:00,74.29,75.42,-0.0,-1.13
2025-02-08 10:00:00-05:00,78.46,79.74,-0.0,-1.28
2025-02-08 11:00:00-05:00,76.22,77.53999999999999,-0.0,-1.32
2025-02-08 12:00:00-05:00,69.63,70.75999999999999,-0.0,-1.13
2025-02-08 13:00:00-05:00,60.01,60.86,-0.0,-0.85
2025-02-08 14:00:00-05:00,69.51,70.5,-0.0,-0.99
2025-02-08 15:00:00-05:00,76.1,77.02,-0.0,-0.92
2025-02-08 16:00:00-05:00,83.78,84.79,-0.0,-1.01
2025-02-08 17:00:00-05:00,90.27,91.55,-0.0,-1.28
2025-02-08 18:00:00-05:00,90.85,92.14,-0.0,-1.29
2025-02-08 19:00:00-05:00,77.22,78.24,-0.0,-1.02
2025-02-08 20:00:00-05:00,81.32,82.3,-0.0,-0.98
2025-02-08 21:00:00-05:00,71.11,71.9,-0.0,-0.79
2025-02-08 22:00:00-05:00,72.76,73.57000000000001,-0.0,-0.81
2025-02-08 23:00:00-05:00,71.71,72.42999999999999,-0.0,-0.72
2025-02-09 00:00:00-05:00,64.99,65.38,-0.0,-0.39
2025-02-09 01:00:00-05:00,64.98,64.85000000000001,-0.0,0.13
2025-02-09 02:00:00-05:00,64.98,64.85000000000001,-0.0,0.13
2025-02-09 03:00:00-05:00,64.98,64.66000000000001,-0.0,0.32
2025-02-09 04:00:00-05:00,64.98,64.59,-0.0,0.39
2025-02-09 05:00:00-05:00,64.98,64.72,-0.0,0.26
2025-02-09 06:00:00-05:00,64.98,64.98,-0.0,0.0
2025-02-09 07:00:00-05:00,64.98,64.85000000000001,-0.0,0.13
2025-02-09 08:00:00-05:00,64.99,65.25,-0.0,-0.26
2025-02-09 09:00:00-05:00,66.78,67.39,-0.0,-0.61
2025-02-09 10:00:00-05:00,68.76,69.45,-0.0,-0.69
2025-02-09 11:00:00-05:00,65.0,65.53,-0.0,-0.53
2025-02-09 12:00:00-05:00,64.98,65.17,-0.0,-0.19
2025-02-09 13:00:00-05:00,64.98,65.11,-0.0,-0.13
2025-02-09 14:00:00-05:00,64.98,65.04,-0.0,-0.06
2025-02-09 15:00:00-05:00,66.79,67.4,-0.0,-0.61
2025-02-09 16:00:00-05:00,76.99,77.69,-0.0,-0.7
2025-02-09 17:00:00-05:00,87.63,88.69,-0.0,-1.06
2025-02-09 18:00:00-05:00,85.62,86.66000000000001,-0.0,-1.04
2025-02-09 19:00:00-05:00,80.6,81.58,-0.0,-0.98
2025-02-09 20:00:00-05:00,77.39,78.41,-0.0,-1.02
2025-02-09 21:00:00-05:00,72.3,73.25,-0.0,-0.95
2025-02-09 22:00:00-05:00,65.0,65.86,-0.0,-0.86
2025-02-09 23:00:00-05:00,64.98,65.24000000000001,-0.0,-0.26
2025-02-10 00:00:00-05:00,69.99,70.83999999999999,-0.0,-0.85
2025-02-10 01:00:00-05:00,69.98,70.47,-0.0,-0.49
2025-02-10 02:00:00-05:00,69.98,70.33,-0.0,-0.35
2025-02-10 03:00:00-05:00,69.98,70.55,-0.0,-0.57
2025-02-10 04:00:00-05:00,70.0,70.92,-0.0,-0.92
2025-02-10 05:00:00-05:00,78.55,79.59,-0.0,-1.04
2025-02-10 06:00:00-05:00,105.0,106.39,-0.0,-1.39
2025-02-10 07:00:00-05:00,132.99,134.07000000000002,-0.0,-1.08
2025-02-10 08:00:00-05:00,145.19,146.8,-0.0,-1.61
2025-02-10 09:00:00-05:00,96.12,98.19,-0.0,-2.07
2025-02-10 10:00:00-05:00,95.39,96.94,-0.0,-1.55
2025-02-10 11:00:00-05:00,89.97,91.16,-0.0,-1.19
2025-02-10 12:00:00-05:00,79.74,80.69999999999999,-0.0,-0.96
2025-02-10 13:00:00-05:00,74.0,74.98,-0.0,-0.98
2025-02-10 14:00:00-05:00,70.0,70.85,-0.0,-0.85
2025-02-10 15:00:00-05:00,70.53,71.53,-0.0,-1.0
2025-02-10 16:00:00-05:00,95.21,96.47,-0.0,-1.26
2025-02-10 17:00:00-05:00,95.39,96.84,-0.0,-1.45
2025-02-10 18:00:00-05:00,95.39,97.04,-0.0,-1.65
2025-02-10 19:00:00-05:00,95.39,96.74,-0.0,-1.35
2025-02-10 20:00:00-05:00,95.39,96.84,-0.0,-1.45
2025-02-10 21:00:00-05:00,84.39,85.59,-0.0,-1.2
2025-02-10 22:00:00-05:00,93.45,94.78,-0.0,-1.33
2025-02-10 23:00:00-05:00,79.19,80.07,-0.0,-0.88
2025-02-11 00:00:00-05:00,73.95,74.84,-0.0,-0.89
2025-02-11 01:00:00-05:00,71.09,72.03,-0.0,-0.94
2025-02-11 02:00:00-05:00,72.75,73.71,-0.0,-0.96
2025-02-11 03:00:00-05:00,74.25,75.3,-0.0,-1.05
2025-02-11 04:00:00-05:00,75.96,77.03999999999999,-0.0,-1.08
2025-02-11 05:00:00-05:00,93.06,94.29,-0.0,-1.23
2025-02-11 06:00:00-05:00,97.66,99.76,-0.0,-2.1
2025-02-11 07:00:00-05:00,96.14,97.9,-0.0,-1.76
2025-02-11 08:00:00-05:00,95.39,97.24,-0.0,-1.85
2025-02-11 09:00:00-05:00,79.94,81.16,-0.0,-1.22
2025-02-11 10:00:00-05:00,88.61,90.05,-0.0,-1.44
2025-02-11 11:00:00-05:00,78.56,79.84,-0.0,-1.28
2025-02-11 12:00:00-05:00,70.12,71.19,-0.0,-1.07
2025-02-11 13:00:00-05:00,70.0,71.06,-0.0,-1.06
2025-02-11 14:00:00-05:00,70.0,71.14,-0.0,-1.14
2025-02-11 15:00:00-05:00,77.65,78.92,-0.0,-1.27
2025-02-11 16:00:00-05:00,95.39,97.04,-0.0,-1.65
2025-02-11 17:00:00-05:00,95.39,97.44,-0.0,-2.05
2025-02-11 18:00:00-05:00,96.97,99.15,-0.0,-2.18
2025-02-11 19:00:00-05:00,95.39,97.34,-0.0,-1.95
2025-02-11 20:00:00-05:00,95.39,97.24,-0.0,-1.85
2025-02-11 21:00:00-05:00,95.39,96.74,-0.0,-1.35
2025-02-11 22:00:00-05:00,95.39,96.84,-0.0,-1.45
2025-02-11 23:00:00-05:00,96.29,97.36,-0.0,-1.07
2025-02-12 00:00:00-05:00,107.69,107.58,-0.0,0.11
2025-02-12 01:00:00-05:00,100.08,99.98,-0.0,0.1
2025-02-12 02:00:00-05:00,108.52,108.09,-0.0,0.43
2025-02-12 03:00:00-05:00,114.18,113.16,-0.0,1.02
2025-02-12 04:00:00-05:00,115.78,114.75,-0.0,1.03
2025-02-12 05:00:00-05:00,120.54,119.23,-0.0,1.31
2025-02-12 06:00:00-05:00,127.65,127.14,-0.0,0.51
2025-02-12 07:00:00-05:00,122.37,121.88,-0.0,0.49
2025-02-12 08:00:00-05:00,122.7,122.21,-0.0,0.49
2025-02-12 09:00:00-05:00,138.8,137.83,-0.0,0.97
2025-02-12 10:00:00-05:00,138.44,137.47,-0.0,0.97
2025-02-12 11:00:00-05:00,139.76,138.92,-0.0,0.84
2025-02-12 12:00:00-05:00,118.47,118.11,-0.0,0.36
2025-02-12 13:00:00-05:00,99.25,99.55,-0.0,-0.3
2025-02-12 14:00:00-05:00,95.39,96.49,-0.81,-0.29
2025-02-12 15:00:00-05:00,122.0,121.85,-0.59,0.74
2025-02-12 16:00:00-05:00,157.45,155.42999999999998,1.4,0.62
2025-02-12 17:00:00-05:00,174.59,173.72,-0.0,0.87
2025-02-12 18:00:00-05:00,170.79,170.62,-0.0,0.17
2025-02-12 19:00:00-05:00,148.6,148.6,-0.0,0.0
2025-02-12 20:00:00-05:00,130.53,130.4,-0.0,0.13
2025-02-12 21:00:00-05:00,100.04,99.94,-0.0,0.1
2025-02-12 22:00:00-05:00,87.28,87.11,-0.0,0.17
2025-02-12 23:00:00-05:00,83.65,83.4,-0.0,0.25
2025-02-13 00:00:00-05:00,64.14,64.59,-0.0,-0.45
2025-02-13 01:00:00-05:00,50.7,51.31,-0.0,-0.61
2025-02-13 02:00:00-05:00,46.71,47.28,-0.0,-0.57
2025-02-13 03:00:00-05:00,48.41,49.0,-0.0,-0.59
2025-02-13 04:00:00-05:00,51.13,51.86,-0.0,-0.73
2025-02-13 05:00:00-05:00,56.31,57.05,-0.0,-0.74
2025-02-13 06:00:00-05:00,70.0,70.57,-0.0,-0.57
2025-02-13 07:00:00-05:00,82.29,82.78,-0.0,-0.49
2025-02-13 08:00:00-05:00,84.45,85.04,-0.0,-0.59
2025-02-13 09:00:00-05:00,84.67,83.15,2.02,-0.5
2025-02-13 10:00:00-05:00,82.93,85.98,-2.02,-1.03
2025-02-13 11:00:00-05:00,77.44,78.7,-0.0,-1.26
2025-02-13 12:00:00-05:00,65.09,66.15,-0.0,-1.06
2025-02-13 13:00:00-05:00,59.2,60.220000000000006,-0.0,-1.02
2025-02-13 14:00:00-05:00,55.17,56.120000000000005,-0.0,-0.95
2025-02-13 15:00:00-05:00,57.29,58.46,-0.0,-1.17
2025-02-13 16:00:00-05:00,57.29,59.370000000000005,-0.77,-1.31
2025-02-13 17:00:00-05:00,68.68,70.16000000000001,-0.0,-1.48
2025-02-13 18:00:00-05:00,70.0,71.7,-0.12,-1.58
2025-02-13 19:00:00-05:00,55.57,56.76,-0.0,-1.19
2025-02-13 20:00:00-05:00,61.0,62.31,-0.0,-1.31
2025-02-13 21:00:00-05:00,57.31,58.54,-0.0,-1.23
2025-02-13 22:00:00-05:00,54.66,55.88999999999999,-0.0,-1.23
2025-02-13 23:00:00-05:00,51.03,52.02,-0.0,-0.99
2025-02-14 00:00:00-05:00,59.98,60.4,-0.0,-0.42
2025-02-14 01:00:00-05:00,58.34,58.52,-0.0,-0.18
2025-02-14 02:00:00-05:00,59.09,59.21,-0.0,-0.12
2025-02-14 03:00:00-05:00,59.23,59.41,-0.0,-0.18
2025-02-14 04:00:00-05:00,59.98,60.22,-0.0,-0.24
2025-02-14 05:00:00-05:00,59.98,58.88999999999999,1.56,-0.47
2025-02-14 06:00:00-05:00,60.0,62.75,-1.56,-1.19
2025-02-14 07:00:00-05:00,60.0,61.04,-0.0,-1.04
2025-02-14 08:00:00-05:00,64.01,65.65,-0.0,-1.64
2025-02-14 09:00:00-05:00,60.0,61.22,-0.0,-1.22
2025-02-14 10:00:00-05:00,60.0,61.16,-0.0,-1.16
2025-02-14 11:00:00-05:00,59.99,61.09,-0.0,-1.1
2025-02-14 12:00:00-05:00,59.98,60.83,-0.0,-0.85
2025-02-14 13:00:00-05:00,59.98,60.709999999999994,-0.0,-0.73
2025-02-14 14:00:00-05:00,59.98,60.8,0.03,-0.85
2025-02-14 15:00:00-05:00,60.01,61.64,-0.03,-1.6
2025-02-14 16:00:00-05:00,60.01,61.419999999999995,-0.0,-1.41
2025-02-14 17:00:00-05:00,82.75,84.96,-0.0,-2.21
2025-02-14 18:00:00-05:00,95.39,97.83,-0.0,-2.44
2025-02-14 19:00:00-05:00,84.52,86.6,-0.0,-2.08
2025-02-14 20:00:00-05:00,81.65,83.41000000000001,-0.0,-1.76
2025-02-14 21:00:00-05:00,73.26,74.60000000000001,-0.0,-1.34
2025-02-14 22:00:00-05:00,67.9,69.01,-0.0,-1.11
2025-02-14 23:00:00-05:00,69.5,70.56,-0.0,-1.06
2025-02-15 00:00:00-05:00,80.23,81.62,-0.0,-1.39
2025-02-15 01:00:00-05:00,79.3,80.59,-0.0,-1.29
2025-02-15 02:00:00-05:00,73.1,74.21,-0.0,-1.11
2025-02-15 03:00:00-05:00,69.17,70.15,-0.0,-0.98
2025-02-15 04:00:00-05:00,69.98,70.97,-0.0,-0.99
2025-02-15 05:00:00-05:00,73.21,74.32,-0.0,-1.11
2025-02-15 06:00:00-05:00,69.15,70.28,-0.0,-1.13
2025-02-15 07:00:00-05:00,64.07,65.03999999999999,-0.0,-0.97
2025-02-15 08:00:00-05:00,70.39,71.54,-0.0,-1.15
2025-02-15 09:00:00-05:00,76.02,77.25999999999999,-0.0,-1.24
2025-02-15 10:00:00-05:00,84.51,85.97,-0.0,-1.46
2025-02-15 11:00:00-05:00,80.92,82.32000000000001,-0.0,-1.4
2025-02-15 12:00:00-05:00,80.84,82.16,-0.0,-1.32
2025-02-15 13:00:00-05:00,78.52,79.8,-0.0,-1.28
2025-02-15 14:00:00-05:00,72.86,74.12,-0.0,-1.26
2025-02-15 15:00:00-05:00,61.43,62.49,-0.0,-1.06
2025-02-15 16:00:00-05:00,64.53,65.71000000000001,-0.0,-1.18
2025-02-15 17:00:00-05:00,71.04,72.64,-0.0,-1.6
2025-02-15 18:00:00-05:00,67.4,68.98,-0.0,-1.58
2025-02-15 19:00:00-05:00,60.31,61.67,-0.0,-1.36
2025-02-15 20:00:00-05:00,68.59,69.99000000000001,-0.0,-1.4
2025-02-15 21:00:00-05:00,55.01,55.85,-0.0,-0.84
2025-02-15 22:00:00-05:00,55.01,55.85,-0.0,-0.84
2025-02-15 23:00:00-05:00,55.01,55.96,-0.0,-0.95
2025-02-16 00:00:00-05:00,62.74,63.830000000000005,-0.0,-1.09
2025-02-16 01:00:00-05:00,60.01,60.989999999999995,-0.0,-0.98
2025-02-16 02:00:00-05:00,60.01,60.919999999999995,-0.0,-0.91
2025-02-16 03:00:00-05:00,60.01,60.919999999999995,-0.0,-0.91
2025-02-16 04:00:00-05:00,60.01,60.86,-0.0,-0.85
2025-02-16 05:00:00-05:00,60.01,60.86,-0.0,-0.85
2025-02-16 06:00:00-05:00,60.0,60.73,-0.0,-0.73
2025-02-16 07:00:00-05:00,59.99,60.66,-0.0,-0.67
2025-02-16 08:00:00-05:00,92.7,93.26,-0.0,-0.56
2025-02-16 09:00:00-05:00,94.99,95.65,-0.0,-0.66
2025-02-16 10:00:00-05:00,94.99,95.76,-0.0,-0.77
2025-02-16 11:00:00-05:00,94.99,95.95,-0.0,-0.96
2025-02-16 12:00:00-05:00,94.99,95.85,-0.0,-0.86
2025-02-16 13:00:00-05:00,94.99,95.76,-0.0,-0.77
2025-02-16 14:00:00-05:00,94.99,95.85,-0.0,-0.86
2025-02-16 15:00:00-05:00,94.99,95.65,-0.0,-0.66
2025-02-16 16:00:00-05:00,94.99,96.04,-0.0,-1.05
2025-02-16 17:00:00-05:00,94.99,96.04,-0.0,-1.05
2025-02-16 18:00:00-05:00,94.99,96.14,-0.0,-1.15
2025-02-16 19:00:00-05:00,94.99,95.85,-0.0,-0.86
2025-02-16 20:00:00-05:00,94.99,95.65,-0.0,-0.66
2025-02-16 21:00:00-05:00,60.0,60.67,-0.0,-0.67
2025-02-16 22:00:00-05:00,60.01,60.919999999999995,-0.0,-0.91
2025-02-16 23:00:00-05:00,60.0,60.73,-0.0,-0.73
2025-02-17 00:00:00-05:00,60.01,61.11,-0.0,-1.1
2025-02-17 01:00:00-05:00,65.07,65.86,-0.0,-0.79
2025-02-17 02:00:00-05:00,68.41,69.1,-0.0,-0.69
2025-02-17 03:00:00-05:00,67.44,68.12,-0.0,-0.68
2025-02-17 04:00:00-05:00,67.5,68.25,-0.0,-0.75
2025-02-17 05:00:00-05:00,70.38,71.16,-0.0,-0.78
2025-02-17 06:00:00-05:00,81.13,82.19999999999999,-0.0,-1.07
2025-02-17 07:00:00-05:00,73.92,74.81,-0.0,-0.89
2025-02-17 08:00:00-05:00,89.69,90.87,-0.0,-1.18
2025-02-17 09:00:00-05:00,88.36,89.53,-0.0,-1.17
2025-02-17 10:00:00-05:00,92.95,94.18,-0.0,-1.23
2025-02-17 11:00:00-05:00,94.13,95.37,-0.0,-1.24
2025-02-17 12:00:00-05:00,87.87,89.03,-0.0,-1.16
2025-02-17 13:00:00-05:00,84.34,85.45,-0.0,-1.11
2025-02-17 14:00:00-05:00,89.77,91.04,-0.0,-1.27
2025-02-17 15:00:00-05:00,100.36,101.79,-0.0,-1.43
2025-02-17 16:00:00-05:00,109.0,110.66,-0.0,-1.66
2025-02-17 17:00:00-05:00,110.39,112.41,-0.0,-2.02
2025-02-17 18:00:00-05:00,112.77,115.07,-0.0,-2.3
2025-02-17 19:00:00-05:00,110.39,112.19,-0.0,-1.8
2025-02-17 20:00:00-05:00,110.39,112.07,-0.0,-1.68
2025-02-17 21:00:00-05:00,92.83,94.15,-0.0,-1.32
2025-02-17 22:00:00-05:00,105.68,107.18,-0.0,-1.5
2025-02-17 23:00:00-05:00,102.28,103.63,-0.0,-1.35
2025-02-18 00:00:00-05:00,112.08,113.56,-0.0,-1.48
2025-02-18 01:00:00-05:00,112.53,114.02,-0.0,-1.49
2025-02-18 02:00:00-05:00,112.53,114.02,-0.0,-1.49
2025-02-18 03:00:00-05:00,112.89,114.49,-0.0,-1.6
2025-02-18 04:00:00-05:00,113.0,114.6,-0.0,-1.6
2025-02-18 05:00:00-05:00,137.2,139.14999999999998,-0.0,-1.95
2025-02-18 06:00:00-05:00,140.58,142.72,-0.0,-2.14
2025-02-18 07:00:00-05:00,141.52,143.39,-0.0,-1.87
2025-02-18 08:00:00-05:00,154.02,156.53,-0.0,-2.51
2025-02-18 09:00:00-05:00,130.08,132.20000000000002,-0.0,-2.12
2025-02-18 10:00:00-05:00,120.0,122.08,-0.0,-2.08
2025-02-18 11:00:00-05:00,124.68,126.84,-0.0,-2.16
2025-02-18 12:00:00-05:00,112.78,114.38,-0.0,-1.6
2025-02-18 13:00:00-05:00,110.39,111.96,-0.0,-1.57
2025-02-18 14:00:00-05:00,110.39,111.85,-0.0,-1.46
2025-02-18 15:00:00-05:00,113.83,116.21,-0.4,-1.98
2025-02-18 16:00:00-05:00,148.55,150.86,0.4,-2.71
2025-02-18 17:00:00-05:00,189.42,191.33,-0.0,-1.91
2025-02-18 18:00:00-05:00,203.5,204.72,-0.0,-1.22
2025-02-18 19:00:00-05:00,186.6,187.91,-0.0,-1.31
2025-02-18 20:00:00-05:00,176.64,177.51999999999998,-0.0,-0.88
2025-02-18 21:00:00-05:00,136.29,138.36,-0.0,-2.07
2025-02-18 22:00:00-05:00,146.2,148.57999999999998,-0.0,-2.38
2025-02-18 23:00:00-05:00,137.9,140.0,-0.0,-2.1
2025-02-19 00:00:00-05:00,110.39,112.53,-0.0,-2.14
2025-02-19 01:00:00-05:00,110.39,112.41,-0.0,-2.02
2025-02-19 02:00:00-05:00,110.74,112.89,-0.0,-2.15
2025-02-19 03:00:00-05:00,116.18,118.43,-0.0,-2.25
2025-02-19 04:00:00-05:00,125.41,127.58,-0.0,-2.17
2025-02-19 05:00:00-05:00,136.63,139.28,-0.0,-2.65
2025-02-19 06:00:00-05:00,137.27,148.39,-8.74,-2.38
2025-02-19 07:00:00-05:00,167.91,170.46,-0.0,-2.55
2025-02-19 08:00:00-05:00,160.34,171.15,-8.58,-2.23
2025-02-19 09:00:00-05:00,157.13,159.85,-0.0,-2.72
2025-02-19 10:00:00-05:00,150.6,153.04999999999998,-0.0,-2.45
2025-02-19 11:00:00-05:00,145.69,148.06,-0.0,-2.37
2025-02-19 12:00:00-05:00,143.07,145.23999999999998,-0.0,-2.17
2025-02-19 13:00:00-05:00,140.9,143.20000000000002,-0.0,-2.3
2025-02-19 14:00:00-05:00,141.31,143.61,-0.0,-2.3
2025-02-19 15:00:00-05:00,145.39,147.6,-0.0,-2.21
2025-02-19 16:00:00-05:00,154.68,157.20000000000002,-0.0,-2.52
2025-02-19 17:00:00-05:00,183.48,186.47,-0.0,-2.99
2025-02-19 18:00:00-05:00,195.16,198.54,-0.0,-3.38
2025-02-19 19:00:00-05:00,173.01,175.82999999999998,-0.0,-2.82
2025-02-19 20:00:00-05:00,168.53,171.09,-0.0,-2.56
2025-02-19 21:00:00-05:00,150.03,152.48,-0.0,-2.45
2025-02-19 22:00:00-05:00,148.33,150.75,-0.0,-2.42
2025-02-19 23:00:00-05:00,148.71,150.82000000000002,-0.0,-2.11
2025-02-20 00:00:00-05:00,137.43,140.52,-0.0,-3.09
2025-02-20 01:00:00-05:00,127.92,131.19,-0.0,-3.27
2025-02-20 02:00:00-05:00,113.84,116.99,-0.0,-3.15
2025-02-20 03:00:00-05:00,129.64,132.95999999999998,-0.0,-3.32
2025-02-20 04:00:00-05:00,133.19,136.05,-0.0,-2.86
2025-02-20 05:00:00-05:00,140.57,143.44,-0.0,-2.87
2025-02-20 06:00:00-05:00,167.42,169.11,-0.0,-1.69
2025-02-20 07:00:00-05:00,190.15,191.88,-0.0,-1.73
2025-02-20 08:00:00-05:00,180.03,181.85,-0.0,-1.82
2025-02-20 09:00:00-05:00,158.12,160.86,-0.0,-2.74
2025-02-20 10:00:00-05:00,149.79,152.38,-0.0,-2.59
2025-02-20 11:00:00-05:00,144.09,146.58,-0.0,-2.49
2025-02-20 12:00:00-05:00,112.9,115.55,-0.0,-2.65
2025-02-20 13:00:00-05:00,113.13,115.79,-0.0,-2.66
2025-02-20 14:00:00-05:00,110.39,112.64,-0.0,-2.25
2025-02-20 15:00:00-05:00,112.31,116.09,-1.23,-2.55
2025-02-20 16:00:00-05:00,111.74,112.76,1.23,-2.25
2025-02-20 17:00:00-05:00,113.25,115.91,-0.0,-2.66
2025-02-20 18:00:00-05:00,120.0,123.32,-0.0,-3.32
2025-02-20 19:00:00-05:00,112.55,115.19,-0.0,-2.64
2025-02-20 20:00:00-05:00,116.56,118.94,-0.0,-2.38
2025-02-20 21:00:00-05:00,110.39,112.64,-0.0,-2.25
2025-02-20 22:00:00-05:00,109.08,111.31,-0.0,-2.23
2025-02-20 23:00:00-05:00,110.4,112.08,-0.0,-1.68
2025-02-21 00:00:00-05:00,133.02,134.63000000000002,-0.0,-1.61
2025-02-21 01:00:00-05:00,125.49,127.01,-0.0,-1.52
2025-02-21 02:00:00-05:00,121.26,122.73,-0.0,-1.47
2025-02-21 03:00:00-05:00,121.91,123.39,-0.0,-1.48
2025-02-21 04:00:00-05:00,124.86,126.37,-0.0,-1.51
2025-02-21 05:00:00-05:00,134.09,135.71,-0.0,-1.62
2025-02-21 06:00:00-05:00,143.04,145.95999999999998,-0.0,-2.92
2025-02-21 07:00:00-05:00,146.59,148.98,-0.0,-2.39
2025-02-21 08:00:00-05:00,130.87,133.81,-0.0,-2.94
2025-02-21 09:00:00-05:00,111.15,113.76,-0.0,-2.61
2025-02-21 10:00:00-05:00,106.52,109.14,-0.0,-2.62
2025-02-21 11:00:00-05:00,102.92,105.45,-0.0,-2.53
2025-02-21 12:00:00-05:00,92.02,94.18,-0.0,-2.16
2025-02-21 13:00:00-05:00,78.37,80.30000000000001,-0.0,-1.93
2025-02-21 14:00:00-05:00,72.29,73.99000000000001,-0.0,-1.7
2025-02-21 15:00:00-05:00,88.02,90.19,-0.0,-2.17
2025-02-21 16:00:00-05:00,94.22,96.43,-0.0,-2.21
2025-02-21 17:00:00-05:00,103.92,106.36,-0.0,-2.44
2025-02-21 18:00:00-05:00,100.14,102.7,-0.0,-2.56
2025-02-21 19:00:00-05:00,97.52,99.92,-0.0,-2.4
2025-02-21 20:00:00-05:00,110.79,113.39,-0.0,-2.6
2025-02-21 21:00:00-05:00,109.23,111.69,-0.0,-2.46
2025-02-21 22:00:00-05:00,117.06,119.58,-0.0,-2.52
2025-02-21 23:00:00-05:00,128.69,130.52,-0.0,-1.83
2025-02-22 00:00:00-05:00,106.43,107.83,-0.0,-1.4
2025-02-22 01:00:00-05:00,106.47,107.65,-0.0,-1.18
2025-02-22 02:00:00-05:00,100.26,101.27,-0.0,-1.01
2025-02-22 03:00:00-05:00,97.8,98.79,-0.0,-0.99
2025-02-22 04:00:00-05:00,96.3,97.27,-0.0,-0.97
2025-02-22 05:00:00-05:00,95.94,96.91,-0.0,-0.97
2025-02-22 06:00:00-05:00,95.94,97.0,-0.0,-1.06
2025-02-22 07:00:00-05:00,95.93,96.51,-0.0,-0.58
2025-02-22 08:00:00-05:00,95.94,96.81,-0.0,-0.87
2025-02-22 09:00:00-05:00,95.93,96.71,-0.0,-0.78
2025-02-22 10:00:00-05:00,85.8,85.8,-0.0,0.0
2025-02-22 11:00:00-05:00,75.74,75.50999999999999,-0.0,0.23
2025-02-22 12:00:00-05:00,70.95,70.67,-0.0,0.28
2025-02-22 13:00:00-05:00,69.7,69.49000000000001,-0.0,0.21
2025-02-22 14:00:00-05:00,68.32,68.17999999999999,-0.0,0.14
2025-02-22 15:00:00-05:00,73.36,73.21,-0.0,0.15
2025-02-22 16:00:00-05:00,88.1,87.25,0.94,-0.09
2025-02-22 17:00:00-05:00,95.93,97.95,-0.94,-1.08
2025-02-22 18:00:00-05:00,98.08,99.57,-0.0,-1.49
2025-02-22 19:00:00-05:00,95.93,96.99,-0.0,-1.06
2025-02-22 20:00:00-05:00,95.93,96.51,-0.0,-0.58
2025-02-22 21:00:00-05:00,95.93,96.31,-0.0,-0.38
2025-02-22 22:00:00-05:00,88.0,88.26,-0.0,-0.26
2025-02-22 23:00:00-05:00,86.0,86.0,-0.0,0.0
2025-02-23 00:00:00-05:00,82.51,82.34,-0.0,0.17
2025-02-23 01:00:00-05:00,76.23,76.0,-0.0,0.23
2025-02-23 02:00:00-05:00,72.05,71.91,-0.0,0.14
2025-02-23 03:00:00-05:00,73.41,73.11999999999999,-0.0,0.29
2025-02-23 04:00:00-05:00,78.9,78.43,-0.0,0.47
2025-02-23 05:00:00-05:00,73.92,73.77,-0.0,0.15
2025-02-23 06:00:00-05:00,82.59,82.42,-0.0,0.17
2025-02-23 07:00:00-05:00,78.44,78.13,-0.0,0.31
2025-02-23 08:00:00-05:00,69.67,69.32000000000001,-0.0,0.35
2025-02-23 09:00:00-05:00,64.68,64.62,-0.0,0.06
2025-02-23 10:00:00-05:00,62.58,62.52,-0.0,0.06
2025-02-23 11:00:00-05:00,63.32,63.13,-0.0,0.19
2025-02-23 12:00:00-05:00,65.1,64.89999999999999,-0.0,0.2
2025-02-23 13:00:00-05:00,63.35,63.16,-0.0,0.19
2025-02-23 14:00:00-05:00,63.53,63.4,-0.0,0.13
2025-02-23 15:00:00-05:00,64.89,64.63,-0.0,0.26
2025-02-23 16:00:00-05:00,80.2,79.8,-0.0,0.4
2025-02-23 17:00:00-05:00,96.01,95.72,-0.0,0.29
2025-02-23 18:00:00-05:00,109.46,109.24,-0.0,0.22
2025-02-23 19:00:00-05:00,98.98,98.68,-0.0,0.3
2025-02-23 20:00:00-05:00,93.87,93.59,-0.0,0.28
2025-02-23 21:00:00-05:00,81.42,80.85000000000001,-0.0,0.57
2025-02-23 22:00:00-05:00,76.27,75.89,-0.0,0.38
2025-02-23 23:00:00-05:00,73.6,73.02,-0.0,0.58
2025-02-24 00:00:00-05:00,68.74,67.92,-0.0,0.82
2025-02-24 01:00:00-05:00,68.01,67.2,-0.0,0.81
2025-02-24 02:00:00-05:00,65.58,64.87,-0.0,0.71
2025-02-24 03:00:00-05:00,61.27,60.6,-0.0,0.67
2025-02-24 04:00:00-05:00,65.47,64.82,-0.0,0.65
2025-02-24 05:00:00-05:00,67.65,67.12,-0.0,0.53
2025-02-24 06:00:00-05:00,78.68,78.44000000000001,-0.0,0.24
2025-02-24 07:00:00-05:00,86.66,86.75,-0.0,-0.09
2025-02-24 08:00:00-05:00,69.28,69.14,-0.0,0.14
2025-02-24 09:00:00-05:00,65.13,65.06,-0.0,0.07
2025-02-24 10:00:00-05:00,60.83,60.71,-0.0,0.12
2025-02-24 11:00:00-05:00,57.34,57.34,-0.0,0.0
2025-02-24 12:00:00-05:00,56.38,56.27,-0.0,0.11
2025-02-24 13:00:00-05:00,54.76,54.76,-0.0,0.0
2025-02-24 14:00:00-05:00,55.94,56.0,-0.0,-0.06
2025-02-24 15:00:00-05:00,55.34,55.45,-0.0,-0.11
2025-02-24 16:00:00-05:00,63.86,64.05,-0.0,-0.19
2025-02-24 17:00:00-05:00,73.77,74.21,-0.0,-0.44
2025-02-24 18:00:00-05:00,85.13,85.82,-0.0,-0.69
2025-02-24 19:00:00-05:00,76.46,76.91999999999999,-0.0,-0.46
2025-02-24 20:00:00-05:00,70.4,70.68,-0.0,-0.28
2025-02-24 21:00:00-05:00,62.34,62.59,-0.0,-0.25
2025-02-24 22:00:00-05:00,56.01,56.18,-0.0,-0.17
2025-02-24 23:00:00-05:00,54.4,54.559999999999995,-0.0,-0.16
2025-02-25 00:00:00-05:00,48.73,48.83,-0.0,-0.1
2025-02-25 01:00:00-05:00,48.24,48.29,-0.0,-0.05
2025-02-25 02:00:00-05:00,46.32,46.32,-0.0,0.0
2025-02-25 03:00:00-05:00,47.95,47.85,-0.0,0.1
2025-02-25 04:00:00-05:00,49.64,49.49,-0.0,0.15
2025-02-25 05:00:00-05:00,55.25,54.97,-0.0,0.28
2025-02-25 06:00:00-05:00,72.0,71.71,-0.0,0.29
2025-02-25 07:00:00-05:00,73.96,73.58999999999999,-0.0,0.37
2025-02-25 08:00:00-05:00,67.56,67.22,-0.0,0.34
2025-02-25 09:00:00-05:00,68.0,67.59,-0.0,0.41
2025-02-25 10:00:00-05:00,63.6,63.22,-0.0,0.38
2025-02-25 11:00:00-05:00,61.44,61.01,-0.0,0.43
2025-02-25 12:00:00-05:00,60.5,59.96,-0.0,0.54
2025-02-25 13:00:00-05:00,57.68,57.17,-0.0,0.51
2025-02-25 14:00:00-05:00,57.74,57.17,-0.0,0.57
2025-02-25 15:00:00-05:00,62.53,61.91,-0.0,0.62
2025-02-25 16:00:00-05:00,67.85,67.17999999999999,-0.0,0.67
2025-02-25 17:00:00-05:00,82.44,81.78999999999999,-0.0,0.65
2025-02-25 18:00:00-05:00,85.4,85.14,-0.0,0.26
2025-02-25 19:00:00-05:00,77.95,77.4,-0.0,0.55
2025-02-25 20:00:00-05:00,69.58,69.03,-0.0,0.55
2025-02-25 21:00:00-05:00,61.76,61.27,-0.0,0.49
2025-02-25 22:00:00-05:00,58.17,57.71,-0.0,0.46
2025-02-25 23:00:00-05:00,59.75,59.16,-0.0,0.59
2025-02-26 00:00:00-05:00,44.42,43.98,-0.0,0.44
2025-02-26 01:00:00-05:00,43.3,42.87,-0.0,0.43
2025-02-26 02:00:00-05:00,41.0,40.59,-0.0,0.41
2025-02-26 03:00:00-05:00,40.61,40.21,-0.0,0.4
2025-02-26 04:00:00-05:00,42.31,41.93,-0.0,0.38
2025-02-26 05:00:00-05:00,46.69,46.32,-0.0,0.37
2025-02-26 06:00:00-05:00,57.41,57.01,-0.0,0.4
2025-02-26 07:00:00-05:00,64.96,64.50999999999999,-0.0,0.45
2025-02-26 08:00:00-05:00,53.58,53.2,-0.0,0.38
2025-02-26 09:00:00-05:00,45.34,45.11000000000001,-0.0,0.23
2025-02-26 10:00:00-05:00,42.55,42.34,-0.0,0.21
2025-02-26 11:00:00-05:00,39.86,39.66,-0.0,0.2
2025-02-26 12:00:00-05:00,39.79,39.55,-0.0,0.24
2025-02-26 13:00:00-05:00,40.96,40.67,-0.0,0.29
2025-02-26 14:00:00-05:00,41.36,41.07,-0.0,0.29
2025-02-26 15:00:00-05:00,42.66,42.36,-0.0,0.3
2025-02-26 16:00:00-05:00,49.36,48.92,-0.0,0.44
2025-02-26 17:00:00-05:00,62.57,62.01,-0.0,0.56
2025-02-26 18:00:00-05:00,74.68,74.09,-0.0,0.59
2025-02-26 19:00:00-05:00,63.44,62.879999999999995,-0.0,0.56
2025-02-26 20:00:00-05:00,56.15,55.65,-0.0,0.5
2025-02-26 21:00:00-05:00,50.49,49.63,0.41,0.45
2025-02-26 22:00:00-05:00,46.1,46.05,-0.41,0.46
2025-02-26 23:00:00-05:00,43.96,43.48,-0.0,0.48
2025-02-27 00:00:00-05:00,41.54,41.05,-0.0,0.49
2025-02-27 01:00:00-05:00,39.92,39.45,-0.0,0.47
2025-02-27 02:00:00-05:00,38.09,37.64,-0.0,0.45
2025-02-27 03:00:00-05:00,38.06,37.61,-0.0,0.45
2025-02-27 04:00:00-05:00,37.93,37.52,-0.0,0.41
2025-02-27 05:00:00-05:00,40.79,40.39,-0.0,0.4
2025-02-27 06:00:00-05:00,52.98,52.51,-0.0,0.47
2025-02-27 07:00:00-05:00,54.44,53.77,0.19,0.48
2025-02-27 08:00:00-05:00,49.26,49.15,-0.19,0.3
2025-02-27 09:00:00-05:00,48.53,48.19,-0.0,0.34
2025-02-27 10:00:00-05:00,49.62,49.27,-0.0,0.35
2025-02-27 11:00:00-05:00,48.19,47.809999999999995,-0.0,0.38
2025-02-27 12:00:00-05:00,47.07,46.6,-0.0,0.47
2025-02-27 13:00:00-05:00,44.64,44.15,-0.0,0.49
2025-02-27 14:00:00-05:00,43.87,43.44,-0.0,0.43
2025-02-27 15:00:00-05:00,43.95,43.510000000000005,-0.0,0.44
2025-02-27 16:00:00-05:00,47.24,46.82,-0.0,0.42
2025-02-27 17:00:00-05:00,55.46,55.02,-0.0,0.44
2025-02-27 18:00:00-05:00,60.2,59.96,-0.0,0.24
2025-02-27 19:00:00-05:00,53.57,53.36,-0.0,0.21
2025-02-27 20:00:00-05:00,47.64,47.45,-0.0,0.19
2025-02-27 21:00:00-05:00,43.41,43.239999999999995,-0.0,0.17
2025-02-27 22:00:00-05:00,39.32,39.2,-0.0,0.12
2025-02-27 23:00:00-05:00,39.95,39.790000000000006,-0.0,0.16
2025-02-28 00:00:00-05:00,38.89,38.85,-0.0,0.04
2025-02-28 01:00:00-05:00,36.56,36.52,-0.0,0.04
2025-02-28 02:00:00-05:00,35.99,35.95,-0.0,0.04
2025-02-28 03:00:00-05:00,36.23,36.19,-0.0,0.04
2025-02-28 04:00:00-05:00,37.31,37.27,-0.0,0.04
2025-02-28 05:00:00-05:00,41.92,41.84,-0.0,0.08
2025-02-28 06:00:00-05:00,52.89,52.78,-0.0,0.11
2025-02-28 07:00:00-05:00,58.24,58.07,-0.0,0.17
2025-02-28 08:00:00-05:00,47.42,47.33,-0.0,0.09
2025-02-28 09:00:00-05:00,41.11,40.99,-0.0,0.12
2025-02-28 10:00:00-05:00,39.11,38.95,-0.0,0.16
2025-02-28 11:00:00-05:00,38.14,37.99,-0.0,0.15
2025-02-28 12:00:00-05:00,37.05,36.86,-0.0,0.19
2025-02-28 13:00:00-05:00,36.92,36.74,-0.0,0.18
2025-02-28 14:00:00-05:00,37.03,36.81,-0.0,0.22
2025-02-28 15:00:00-05:00,39.32,39.01,-0.0,0.31
2025-02-28 16:00:00-05:00,45.2,44.8,-0.0,0.4
2025-02-28 17:00:00-05:00,56.04,55.43,-0.0,0.61
2025-02-28 18:00:00-05:00,60.0,59.41,-0.0,0.59
2025-02-28 19:00:00-05:00,51.51,51.2,-0.0,0.31
2025-02-28 20:00:00-05:00,49.63,49.330000000000005,-0.0,0.3
2025-02-28 21:00:00-05:00,45.16,44.93,-0.0,0.23
2025-02-28 22:00:00-05:00,41.27,41.1,-0.0,0.17
2025-02-28 23:00:00-05:00,40.2,40.040000000000006,-0.0,0.16
2025-03-01 00:00:00-05:00,41.13,40.92,-0.0,0.21
2025-03-01 01:00:00-05:00,39.64,39.44,-0.0,0.2
2025-03-01 02:00:00-05:00,38.76,38.6,-0.0,0.16
2025-03-01 03:00:00-05:00,37.85,37.74,-0.0,0.11
2025-03-01 04:00:00-05:00,38.58,38.46,-0.0,0.12
2025-03-01 05:00:00-05:00,38.77,38.650000000000006,-0.0,0.12
2025-03-01 06:00:00-05:00,42.56,42.39,-0.0,0.17
2025-03-01 07:00:00-05:00,44.17,43.95,-0.0,0.22
2025-03-01 08:00:00-05:00,42.45,42.24,-0.0,0.21
2025-03-01 09:00:00-05:00,39.89,39.73,-0.0,0.16
2025-03-01 10:00:00-05:00,43.89,43.71,-0.0,0.18
2025-03-01 11:00:00-05:00,44.68,44.55,-0.0,0.13
2025-03-01 12:00:00-05:00,43.44,43.27,-0.0,0.17
2025-03-01 13:00:00-05:00,43.02,42.85,-0.0,0.17
2025-03-01 14:00:00-05:00,43.78,43.65,-0.0,0.13
2025-03-01 15:00:00-05:00,46.96,46.82,-0.0,0.14
2025-03-01 16:00:00-05:00,54.11,54.0,-0.0,0.11
2025-03-01 17:00:00-05:00,65.01,64.94000000000001,-0.0,0.07
2025-03-01 18:00:00-05:00,77.84,77.84,-0.0,0.0
2025-03-01 19:00:00-05:00,74.92,74.85000000000001,-0.0,0.07
2025-03-01 20:00:00-05:00,70.26,70.19000000000001,-0.0,0.07
2025-03-01 21:00:00-05:00,65.4,65.2,-0.0,0.2
2025-03-01 22:00:00-05:00,61.19,60.879999999999995,-0.0,0.31
2025-03-01 23:00:00-05:00,57.69,57.4,-0.0,0.29
2025-03-02 00:00:00-05:00,58.72,58.37,-0.0,0.35
2025-03-02 01:00:00-05:00,56.34,55.95,-0.0,0.39
2025-03-02 02:00:00-05:00,56.19,55.8,-0.0,0.39
2025-03-02 03:00:00-05:00,58.54,58.08,-0.0,0.46
2025-03-02 04:00:00-05:00,59.66,59.129999999999995,-0.0,0.53
2025-03-02 05:00:00-05:00,61.14,60.66,-0.0,0.48
2025-03-02 06:00:00-05:00,66.08,65.62,-0.0,0.46
2025-03-02 07:00:00-05:00,69.88,69.39,-0.0,0.49
2025-03-02 08:00:00-05:00,64.53,64.14,-0.0,0.39
2025-03-02 09:00:00-05:00,60.44,54.05,6.12,0.27
2025-03-02 10:00:00-05:00,63.65,69.49,-6.12,0.28
2025-03-02 11:00:00-05:00,64.67,64.28,-0.0,0.39
2025-03-02 12:00:00-05:00,63.16,62.779999999999994,-0.0,0.38
2025-03-02 13:00:00-05:00,63.24,62.86,-0.0,0.38
2025-03-02 14:00:00-05:00,65.16,64.7,-0.0,0.46
2025-03-02 15:00:00-05:00,75.55,75.25,-0.0,0.3
2025-03-02 16:00:00-05:00,85.93,86.10000000000001,-0.0,-0.17
2025-03-02 17:00:00-05:00,98.83,99.23,-0.0,-0.4
2025-03-02 18:00:00-05:00,120.42,120.78,-0.0,-0.36
2025-03-02 19:00:00-05:00,99.47,99.67,-0.0,-0.2
2025-03-02 20:00:00-05:00,97.71,97.51,-0.0,0.2
2025-03-02 21:00:00-05:00,97.07,96.88,-0.0,0.19
2025-03-02 22:00:00-05:00,90.26,90.35,-0.0,-0.09
2025-03-02 23:00:00-05:00,85.93,85.76,-0.0,0.17
2025-03-03 00:00:00-05:00,81.84,81.19,-0.0,0.65
2025-03-03 01:00:00-05:00,76.83,76.14999999999999,-0.0,0.68
2025-03-03 02:00:00-05:00,73.99,73.17999999999999,-0.0,0.81
2025-03-03 03:00:00-05:00,73.55,72.61,-0.0,0.94
2025-03-03 04:00:00-05:00,78.24,77.53999999999999,-0.0,0.7
2025-03-03 05:00:00-05:00,86.41,84.19,1.8,0.42
2025-03-03 06:00:00-05:00,115.25,116.7,-1.8,0.35
2025-03-03 07:00:00-05:00,131.96,131.3,-0.0,0.66
2025-03-03 08:00:00-05:00,99.44,99.14,-0.0,0.3
2025-03-03 09:00:00-05:00,78.37,78.37,-0.0,0.0
2025-03-03 10:00:00-05:00,73.59,73.22,-0.0,0.37
2025-03-03 11:00:00-05:00,67.36,67.16,-0.0,0.2
2025-03-03 12:00:00-05:00,64.71,64.32,-0.0,0.39
2025-03-03 13:00:00-05:00,63.49,62.99,-0.0,0.5
2025-03-03 14:00:00-05:00,63.7,63.25,-0.0,0.45
2025-03-03 15:00:00-05:00,68.64,68.16,-0.0,0.48
2025-03-03 16:00:00-05:00,81.2,80.79,-0.0,0.41
2025-03-03 17:00:00-05:00,105.19,105.08,-0.0,0.11
2025-03-03 18:00:00-05:00,118.19,118.54,-0.0,-0.35
2025-03-03 19:00:00-05:00,98.29,98.88,-0.0,-0.59
2025-03-03 20:00:00-05:00,91.87,92.05,-0.0,-0.18
2025-03-03 21:00:00-05:00,82.15,81.82000000000001,-0.0,0.33
2025-03-03 22:00:00-05:00,76.92,76.61,-0.0,0.31
2025-03-03 23:00:00-05:00,71.1,70.74,-0.0,0.36
2025-03-04 00:00:00-05:00,62.25,61.81,-0.0,0.44
2025-03-04 01:00:00-05:00,63.33,62.95,-0.0,0.38
2025-03-04 02:00:00-05:00,60.92,60.55,-0.0,0.37
2025-03-04 03:00:00-05:00,59.97,59.61,-0.0,0.36
2025-03-04 04:00:00-05:00,60.5,60.14,-0.0,0.36
2025-03-04 05:00:00-05:00,58.71,58.53,-0.0,0.18
2025-03-04 06:00:00-05:00,85.93,86.36000000000001,-0.0,-0.43
2025-03-04 07:00:00-05:00,85.93,86.63000000000001,-0.0,-0.7
2025-03-04 08:00:00-05:00,72.89,72.82000000000001,-0.0,0.07
2025-03-04 09:00:00-05:00,68.74,68.6,-0.0,0.14
2025-03-04 10:00:00-05:00,51.51,51.3,-0.0,0.21
2025-03-04 11:00:00-05:00,49.38,49.18,-0.0,0.2
2025-03-04 12:00:00-05:00,47.83,47.64,-0.0,0.19
2025-03-04 13:00:00-05:00,46.86,46.63,-0.0,0.23
2025-03-04 14:00:00-05:00,47.23,46.989999999999995,-0.0,0.24
2025-03-04 15:00:00-05:00,49.84,49.59,-0.0,0.25
2025-03-04 16:00:00-05:00,55.62,55.4,-0.0,0.22
2025-03-04 17:00:00-05:00,67.98,67.71000000000001,-0.0,0.27
2025-03-04 18:00:00-05:00,77.74,77.42999999999999,-0.0,0.31
2025-03-04 19:00:00-05:00,68.43,68.16000000000001,-0.0,0.27
2025-03-04 20:00:00-05:00,61.24,61.0,-0.0,0.24
2025-03-04 21:00:00-05:00,55.17,55.0,-0.0,0.17
2025-03-04 22:00:00-05:00,49.75,49.55,-0.0,0.2
2025-03-04 23:00:00-05:00,46.81,46.580000000000005,-0.0,0.23
2025-03-05 00:00:00-05:00,38.48,38.4,-0.0,0.08
2025-03-05 01:00:00-05:00,37.9,37.79,-0.0,0.11
2025-03-05 02:00:00-05:00,36.3,36.23,-0.0,0.07
2025-03-05 03:00:00-05:00,35.85,35.78,-0.0,0.07
2025-03-05 04:00:00-05:00,35.95,35.910000000000004,-0.0,0.04
2025-03-05 05:00:00-05:00,37.8,37.69,-0.0,0.11
2025-03-05 06:00:00-05:00,44.77,44.81,-0.0,-0.04
2025-03-05 07:00:00-05:00,47.2,47.25,-0.0,-0.05
2025-03-05 08:00:00-05:00,47.69,47.83,-0.0,-0.14
2025-03-05 09:00:00-05:00,47.66,47.8,-0.0,-0.14
2025-03-05 10:00:00-05:00,47.92,48.02,-0.0,-0.1
2025-03-05 11:00:00-05:00,46.04,46.18,-0.0,-0.14
2025-03-05 12:00:00-05:00,43.73,43.86,-0.0,-0.13
2025-03-05 13:00:00-05:00,42.99,43.16,-0.0,-0.17
2025-03-05 14:00:00-05:00,41.87,42.08,-0.0,-0.21
2025-03-05 15:00:00-05:00,42.59,42.85,-0.0,-0.26
2025-03-05 16:00:00-05:00,44.65,44.96,-0.0,-0.31
2025-03-05 17:00:00-05:00,50.97,51.43,-0.0,-0.46
2025-03-05 18:00:00-05:00,54.75,55.3,-0.0,-0.55
2025-03-05 19:00:00-05:00,48.85,49.29,-0.0,-0.44
2025-03-05 20:00:00-05:00,44.14,44.54,-0.0,-0.4
2025-03-05 21:00:00-05:00,39.24,39.6,-0.0,-0.36
2025-03-05 22:00:00-05:00,37.44,37.82,-0.0,-0.38
2025-03-05 23:00:00-05:00,36.81,37.18,-0.0,-0.37
2025-03-06 00:00:00-05:00,40.2,40.53,-0.0,-0.33
2025-03-06 01:00:00-05:00,38.95,39.220000000000006,-0.0,-0.27
2025-03-06 02:00:00-05:00,36.32,36.54,-0.0,-0.22
2025-03-06 03:00:00-05:00,34.26,34.47,-0.0,-0.21
2025-03-06 04:00:00-05:00,36.69,36.91,-0.0,-0.22
2025-03-06 05:00:00-05:00,39.99,40.190000000000005,-0.0,-0.2
2025-03-06 06:00:00-05:00,43.94,44.16,-0.0,-0.22
2025-03-06 07:00:00-05:00,46.88,47.16,-0.0,-0.28
2025-03-06 08:00:00-05:00,43.89,44.15,-0.0,-0.26
2025-03-06 09:00:00-05:00,40.97,41.26,-0.0,-0.29
2025-03-06 10:00:00-05:00,40.99,41.24,-0.0,-0.25
2025-03-06 11:00:00-05:00,39.44,39.64,-0.0,-0.2
2025-03-06 12:00:00-05:00,38.65,38.8,-0.0,-0.15
2025-03-06 13:00:00-05:00,39.23,39.43,-0.0,-0.2
2025-03-06 14:00:00-05:00,38.53,38.76,-0.0,-0.23
2025-03-06 15:00:00-05:00,40.75,40.99,-0.0,-0.24
2025-03-06 16:00:00-05:00,43.46,43.72,-0.0,-0.26
2025-03-06 17:00:00-05:00,51.93,52.35,-0.0,-0.42
2025-03-06 18:00:00-05:00,59.63,60.11,-0.0,-0.48
2025-03-06 19:00:00-05:00,51.77,52.290000000000006,-0.0,-0.52
2025-03-06 20:00:00-05:00,49.17,49.72,-0.0,-0.55
2025-03-06 21:00:00-05:00,45.31,45.81,-0.0,-0.5
2025-03-06 22:00:00-05:00,42.3,42.73,-0.0,-0.43
2025-03-06 23:00:00-05:00,41.04,41.5,-0.0,-0.46
2025-03-07 00:00:00-05:00,43.2,43.68,-0.0,-0.48
2025-03-07 01:00:00-05:00,40.35,40.84,-0.0,-0.49
2025-03-07 02:00:00-05:00,40.59,41.080000000000005,-0.0,-0.49
2025-03-07 03:00:00-05:00,40.65,41.1,-0.0,-0.45
2025-03-07 04:00:00-05:00,41.89,42.35,-0.0,-0.46
2025-03-07 05:00:00-05:00,46.23,46.79,-0.0,-0.56
2025-03-07 06:00:00-05:00,61.21,62.02,-0.0,-0.81
2025-03-07 07:00:00-05:00,62.96,63.6,-0.0,-0.64
2025-03-07 08:00:00-05:00,51.81,52.39,-0.0,-0.58
2025-03-07 09:00:00-05:00,42.43,42.94,-0.0,-0.51
2025-03-07 10:00:00-05:00,40.55,41.09,-0.0,-0.54
2025-03-07 11:00:00-05:00,37.51,37.96,-0.0,-0.45
2025-03-07 12:00:00-05:00,37.18,37.67,-0.0,-0.49
2025-03-07 13:00:00-05:00,36.79,37.28,-0.0,-0.49
2025-03-07 14:00:00-05:00,36.89,37.34,-0.0,-0.45
2025-03-07 15:00:00-05:00,39.65,40.129999999999995,-0.0,-0.48
2025-03-07 16:00:00-05:00,46.29,46.8,-0.0,-0.51
2025-03-07 17:00:00-05:00,60.2,60.75,-0.0,-0.55
2025-03-07 18:00:00-05:00,69.25,69.81,-0.0,-0.56
2025-03-07 19:00:00-05:00,63.02,63.46,-0.0,-0.44
2025-03-07 20:00:00-05:00,56.77,57.23,-0.0,-0.46
2025-03-07 21:00:00-05:00,51.65,52.12,-0.0,-0.47
2025-03-07 22:00:00-05:00,47.12,47.5,-0.0,-0.38
2025-03-07 23:00:00-05:00,45.06,45.47,-0.0,-0.41
2025-03-08 00:00:00-05:00,45.21,45.62,-0.0,-0.41
2025-03-08 01:00:00-05:00,43.1,43.49,-0.0,-0.39
2025-03-08 02:00:00-05:00,40.37,40.779999999999994,-0.0,-0.41
2025-03-08 03:00:00-05:00,40.07,40.47,-0.0,-0.4
2025-03-08 04:00:00-05:00,40.23,40.68,-0.0,-0.45
2025-03-08 05:00:00-05:00,43.0,43.43,-0.0,-0.43
2025-03-08 06:00:00-05:00,47.68,48.11,-0.0,-0.43
2025-03-08 07:00:00-05:00,48.03,48.47,-0.0,-0.44
2025-03-08 08:00:00-05:00,42.96,43.35,-0.0,-0.39
2025-03-08 09:00:00-05:00,37.87,38.29,-0.0,-0.42
2025-03-08 10:00:00-05:00,36.78,37.19,-0.0,-0.41
2025-03-08 11:00:00-05:00,35.98,36.34,-0.0,-0.36
2025-03-08 12:00:00-05:00,34.1,34.410000000000004,-0.0,-0.31
2025-03-08 13:00:00-05:00,32.94,33.239999999999995,-0.0,-0.3
2025-03-08 14:00:00-05:00,33.54,33.85,-0.0,-0.31
2025-03-08 15:00:00-05:00,37.05,37.419999999999995,-0.0,-0.37
2025-03-08 16:00:00-05:00,41.37,41.71,-0.0,-0.34
2025-03-08 17:00:00-05:00,52.0,50.27,2.13,-0.4
2025-03-08 18:00:00-05:00,59.83,62.33,-2.13,-0.37
2025-03-08 19:00:00-05:00,57.69,58.04,-0.0,-0.35
2025-03-08 20:00:00-05:00,51.51,51.82,-0.0,-0.31
2025-03-08 21:00:00-05:00,49.49,49.79,-0.0,-0.3
2025-03-08 22:00:00-05:00,45.57,45.75,-0.0,-0.18
2025-03-08 23:00:00-05:00,44.57,44.79,-0.0,-0.22
2025-03-09 00:00:00-05:00,54.53,54.48,-0.0,0.05
2025-03-09 01:00:00-05:00,52.06,50.13,1.88,0.05
2025-03-09 03:00:00-04:00,46.52,48.21000000000001,-1.88,0.19
2025-03-09 04:00:00-04:00,46.56,46.650000000000006,-0.0,-0.09
2025-03-09 05:00:00-04:00,47.64,47.69,-0.0,-0.05
2025-03-09 06:00:00-04:00,54.64,54.64,-0.0,0.0
2025-03-09 07:00:00-04:00,51.82,51.82,-0.0,0.0
2025-03-09 08:00:00-04:00,48.46,48.36,-0.0,0.1
2025-03-09 09:00:00-04:00,44.09,44.05,-0.0,0.04
2025-03-09 10:00:00-04:00,40.53,40.49,-0.0,0.04
2025-03-09 11:00:00-04:00,40.12,40.08,-0.0,0.04
2025-03-09 12:00:00-04:00,39.75,39.71,-0.0,0.04
2025-03-09 13:00:00-04:00,38.17,38.17,-0.0,0.0
2025-03-09 14:00:00-04:00,37.63,37.67,-0.0,-0.04
2025-03-09 15:00:00-04:00,37.01,37.08,-0.0,-0.07
2025-03-09 16:00:00-04:00,40.08,40.12,-0.0,-0.04
2025-03-09 17:00:00-04:00,48.53,48.53,-0.0,0.0
2025-03-09 18:00:00-04:00,62.77,61.89,0.82,0.06
2025-03-09 19:00:00-04:00,68.56,69.31,-0.82,0.07
2025-03-09 20:00:00-04:00,61.99,61.870000000000005,-0.0,0.12
2025-03-09 21:00:00-04:00,54.19,54.14,-0.0,0.05
2025-03-09 22:00:00-04:00,49.76,49.61,-0.0,0.15
2025-03-09 23:00:00-04:00,47.75,47.7,-0.0,0.05
2025-03-10 00:00:00-04:00,43.43,43.3,-0.0,0.13
2025-03-10 01:00:00-04:00,40.53,40.41,-0.0,0.12
2025-03-10 02:00:00-04:00,39.18,39.1,-0.0,0.08
2025-03-10 03:00:00-04:00,39.04,38.96,-0.0,0.08
2025-03-10 04:00:00-04:00,41.65,41.61,-0.0,0.04
2025-03-10 05:00:00-04:00,47.4,47.309999999999995,-0.0,0.09
2025-03-10 06:00:00-04:00,63.05,62.379999999999995,0.61,0.06
2025-03-10 07:00:00-04:00,73.53,73.99,-0.61,0.15
2025-03-10 08:00:00-04:00,58.78,59.4,-0.68,0.06
2025-03-10 09:00:00-04:00,45.69,45.01,0.68,0.0
2025-03-10 10:00:00-04:00,41.95,41.99,-0.0,-0.04
2025-03-10 11:00:00-04:00,39.09,39.17,-0.0,-0.08
2025-03-10 12:00:00-04:00,37.07,37.14,-0.0,-0.07
2025-03-10 13:00:00-04:00,35.81,35.88,-0.0,-0.07
2025-03-10 14:00:00-04:00,35.41,35.449999999999996,-0.0,-0.04
2025-03-10 15:00:00-04:00,36.5,36.5,-0.0,0.0
2025-03-10 16:00:00-04:00,39.72,39.68,-0.0,0.04
2025-03-10 17:00:00-04:00,51.42,50.15,1.17,0.1
2025-03-10 18:00:00-04:00,67.81,67.91,-0.44,0.34
2025-03-10 19:00:00-04:00,74.54,74.98,-0.74,0.3
2025-03-10 20:00:00-04:00,64.5,64.18,-0.0,0.32
2025-03-10 21:00:00-04:00,54.09,53.870000000000005,-0.0,0.22
2025-03-10 22:00:00-04:00,46.69,46.68,-0.13,0.14
2025-03-10 23:00:00-04:00,41.96,41.83,0.13,0.0
2025-03-11 00:00:00-04:00,37.89,37.97,-0.0,-0.08
2025-03-11 01:00:00-04:00,36.43,36.58,-0.0,-0.15
2025-03-11 02:00:00-04:00,33.91,34.05,-0.0,-0.14
2025-03-11 03:00:00-04:00,31.58,31.77,-0.0,-0.19
2025-03-11 04:00:00-04:00,33.01,33.239999999999995,-0.0,-0.23
2025-03-11 05:00:00-04:00,37.07,37.33,-0.0,-0.26
2025-03-11 06:00:00-04:00,52.52,52.89,-0.0,-0.37
2025-03-11 07:00:00-04:00,69.05,69.61,-0.0,-0.56
2025-03-11 08:00:00-04:00,50.99,51.45,-0.0,-0.46
2025-03-11 09:00:00-04:00,38.38,38.77,-0.0,-0.39
2025-03-11 10:00:00-04:00,33.03,33.4,-0.0,-0.37
2025-03-11 11:00:00-04:00,23.82,24.06,-0.0,-0.24
2025-03-11 12:00:00-04:00,21.76,21.96,-0.0,-0.2
2025-03-11 13:00:00-04:00,21.42,21.610000000000003,-0.0,-0.19
2025-03-11 14:00:00-04:00,21.4,21.59,-0.0,-0.19
2025-03-11 15:00:00-04:00,21.97,22.19,-0.0,-0.22
2025-03-11 16:00:00-04:00,25.19,25.42,-0.0,-0.23
2025-03-11 17:00:00-04:00,38.35,38.66,-0.0,-0.31
2025-03-11 18:00:00-04:00,52.68,53.11,-0.0,-0.43
2025-03-11 19:00:00-04:00,64.88,65.41,-0.0,-0.53
2025-03-11 20:00:00-04:00,59.89,60.31,-0.0,-0.42
2025-03-11 21:00:00-04:00,48.02,48.260000000000005,-0.0,-0.24
2025-03-11 22:00:00-04:00,42.5,42.67,-0.0,-0.17
2025-03-11 23:00:00-04:00,39.32,39.48,-0.0,-0.16
2025-03-12 00:00:00-04:00,38.14,38.03,-0.0,0.11
2025-03-12 01:00:00-04:00,37.08,36.89,-0.0,0.19
2025-03-12 02:00:00-04:00,35.43,35.25,-0.0,0.18
2025-03-12 03:00:00-04:00,35.36,35.15,-0.0,0.21
2025-03-12 04:00:00-04:00,36.71,36.42,-0.0,0.29
2025-03-12 05:00:00-04:00,44.06,43.71,-0.0,0.35
2025-03-12 06:00:00-04:00,64.77,63.11,1.03,0.63
2025-03-12 07:00:00-04:00,77.95,78.28,-1.03,0.7
2025-03-12 08:00:00-04:00,61.06,62.75000000000001,-2.38,0.69
2025-03-12 09:00:00-04:00,44.03,41.36,2.38,0.29
2025-03-12 10:00:00-04:00,41.42,41.13,-0.0,0.29
2025-03-12 11:00:00-04:00,38.73,38.459999999999994,-0.0,0.27
2025-03-12 12:00:00-04:00,36.39,36.14,-0.0,0.25
2025-03-12 13:00:00-04:00,36.01,35.76,-0.0,0.25
2025-03-12 14:00:00-04:00,35.24,34.99,-0.0,0.25
2025-03-12 15:00:00-04:00,38.57,38.27,-0.0,0.3
2025-03-12 16:00:00-04:00,44.85,44.5,-0.0,0.35
2025-03-12 17:00:00-04:00,52.74,52.27,-0.0,0.47
2025-03-12 18:00:00-04:00,66.94,66.34,-0.0,0.6
2025-03-12 19:00:00-04:00,72.64,72.13,-0.0,0.51
2025-03-12 20:00:00-04:00,63.79,63.22,-0.0,0.57
2025-03-12 21:00:00-04:00,52.91,52.489999999999995,-0.0,0.42
2025-03-12 22:00:00-04:00,45.96,45.64,-0.0,0.32
2025-03-12 23:00:00-04:00,42.67,42.41,-0.0,0.26
2025-03-13 00:00:00-04:00,44.6,44.25,-0.0,0.35
2025-03-13 01:00:00-04:00,41.52,41.23,-0.0,0.29
2025-03-13 02:00:00-04:00,39.06,38.79,-0.0,0.27
2025-03-13 03:00:00-04:00,38.83,38.559999999999995,-0.0,0.27
2025-03-13 04:00:00-04:00,39.13,38.86,-0.0,0.27
2025-03-13 05:00:00-04:00,45.39,45.07,-0.0,0.32
2025-03-13 06:00:00-04:00,58.65,58.24,-0.0,0.41
2025-03-13 07:00:00-04:00,81.01,80.52000000000001,-0.0,0.49
2025-03-13 08:00:00-04:00,65.11,64.6,-0.0,0.51
2025-03-13 09:00:00-04:00,50.68,50.33,-0.0,0.35
2025-03-13 10:00:00-04:00,47.21,46.88,-0.0,0.33
2025-03-13 11:00:00-04:00,42.16,41.86,-0.0,0.3
2025-03-13 12:00:00-04:00,40.33,40.01,-0.0,0.32
2025-03-13 13:00:00-04:00,38.68,38.37,-0.0,0.31
2025-03-13 14:00:00-04:00,37.94,37.64,-0.0,0.3
2025-03-13 15:00:00-04:00,39.12,38.849999999999994,-0.0,0.27
2025-03-13 16:00:00-04:00,44.36,44.01,-0.0,0.35
2025-03-13 17:00:00-04:00,53.01,52.54,-0.0,0.47
2025-03-13 18:00:00-04:00,64.55,63.98,-0.0,0.57
2025-03-13 19:00:00-04:00,76.91,76.3,-0.0,0.61
2025-03-13 20:00:00-04:00,62.61,62.05,-0.0,0.56
2025-03-13 21:00:00-04:00,51.84,51.43000000000001,-0.0,0.41
2025-03-13 22:00:00-04:00,45.07,44.75,-0.0,0.32
2025-03-13 23:00:00-04:00,41.22,40.97,-0.0,0.25
2025-03-14 00:00:00-04:00,38.03,37.88,-0.0,0.15
2025-03-14 01:00:00-04:00,36.58,36.36,-0.0,0.22
2025-03-14 02:00:00-04:00,34.7,34.49,-0.0,0.21
2025-03-14 03:00:00-04:00,34.69,34.48,-0.0,0.21
2025-03-14 04:00:00-04:00,36.21,35.99,-0.0,0.22
2025-03-14 05:00:00-04:00,40.81,40.57,-0.0,0.24
2025-03-14 06:00:00-04:00,53.12,52.75,-0.0,0.37
2025-03-14 07:00:00-04:00,65.57,64.99,-0.0,0.58
2025-03-14 08:00:00-04:00,55.5,55.11,-0.0,0.39
2025-03-14 09:00:00-04:00,43.68,43.37,-0.0,0.31
2025-03-14 10:00:00-04:00,38.73,38.459999999999994,-0.0,0.27
2025-03-14 11:00:00-04:00,35.51,35.26,-0.0,0.25
2025-03-14 12:00:00-04:00,33.73,33.529999999999994,-0.0,0.2
2025-03-14 13:00:00-04:00,32.7,32.5,-0.0,0.2
2025-03-14 14:00:00-04:00,31.09,30.9,-0.0,0.19
2025-03-14 15:00:00-04:00,31.24,31.049999999999997,-0.0,0.19
2025-03-14 16:00:00-04:00,34.59,34.35,-0.0,0.24
2025-03-14 17:00:00-04:00,39.53,39.25,-0.0,0.28
2025-03-14 18:00:00-04:00,48.4,48.11,-0.0,0.29
2025-03-14 19:00:00-04:00,55.1,54.82,-0.0,0.28
2025-03-14 20:00:00-04:00,47.49,47.35,-0.0,0.14
2025-03-14 21:00:00-04:00,41.08,40.96,-0.0,0.12
2025-03-14 22:00:00-04:00,37.64,37.56,-0.0,0.08
2025-03-14 23:00:00-04:00,35.59,35.550000000000004,-0.0,0.04
2025-03-15 00:00:00-04:00,34.48,34.48,-0.0,0.0
2025-03-15 01:00:00-04:00,31.4,31.43,-0.0,-0.03
2025-03-15 02:00:00-04:00,28.78,28.72,-0.0,0.06
2025-03-15 03:00:00-04:00,28.88,28.85,-0.0,0.03
2025-03-15 04:00:00-04:00,29.84,29.81,-0.0,0.03
2025-03-15 05:00:00-04:00,31.31,31.31,-0.0,0.0
2025-03-15 06:00:00-04:00,33.58,33.61,-0.0,-0.03
2025-03-15 07:00:00-04:00,33.56,33.63,-0.0,-0.07
2025-03-15 08:00:00-04:00,37.26,37.3,-0.0,-0.04
2025-03-15 09:00:00-04:00,38.05,38.09,-0.0,-0.04
2025-03-15 10:00:00-04:00,36.03,36.03,-0.0,0.0
2025-03-15 11:00:00-04:00,34.05,34.05,-0.0,0.0
2025-03-15 12:00:00-04:00,30.51,30.51,-0.0,0.0
2025-03-15 13:00:00-04:00,29.09,29.09,-0.0,0.0
2025-03-15 14:00:00-04:00,27.86,27.92,-0.0,-0.06
2025-03-15 15:00:00-04:00,26.79,26.9,-0.0,-0.11
2025-03-15 16:00:00-04:00,31.64,31.8,-0.0,-0.16
2025-03-15 17:00:00-04:00,35.34,35.59,-0.0,-0.25
2025-03-15 18:00:00-04:00,39.81,40.09,-0.0,-0.28
2025-03-15 19:00:00-04:00,42.76,43.059999999999995,-0.0,-0.3
2025-03-15 20:00:00-04:00,40.86,41.15,-0.0,-0.29
2025-03-15 21:00:00-04:00,34.74,34.95,-0.0,-0.21
2025-03-15 22:00:00-04:00,26.02,26.15,-0.0,-0.13
2025-03-15 23:00:00-04:00,27.91,27.99,-0.0,-0.08
2025-03-16 00:00:00-04:00,23.84,23.94,-0.0,-0.1
2025-03-16 01:00:00-04:00,21.15,21.229999999999997,-0.0,-0.08
2025-03-16 02:00:00-04:00,21.76,21.85,-0.0,-0.09
2025-03-16 03:00:00-04:00,19.92,20.0,-0.0,-0.08
2025-03-16 04:00:00-04:00,20.68,20.76,-0.0,-0.08
2025-03-16 05:00:00-04:00,20.12,20.2,-0.0,-0.08
2025-03-16 06:00:00-04:00,18.69,19.47,-0.7,-0.08
2025-03-16 07:00:00-04:00,20.8,20.16,0.7,-0.06
2025-03-16 08:00:00-04:00,21.02,21.1,-0.0,-0.08
2025-03-16 09:00:00-04:00,25.09,24.39,0.75,-0.05
2025-03-16 10:00:00-04:00,27.17,28.0,-0.75,-0.08
2025-03-16 11:00:00-04:00,27.09,27.2,-0.0,-0.11
2025-03-16 12:00:00-04:00,27.38,27.52,-0.0,-0.14
2025-03-16 13:00:00-04:00,26.03,26.130000000000003,-0.0,-0.1
2025-03-16 14:00:00-04:00,25.66,25.76,-0.0,-0.1
2025-03-16 15:00:00-04:00,28.72,28.83,-0.0,-0.11
2025-03-16 16:00:00-04:00,33.78,33.92,-0.0,-0.14
2025-03-16 17:00:00-04:00,33.65,33.82,-0.0,-0.17
2025-03-16 18:00:00-04:00,41.93,42.18,-0.0,-0.25
2025-03-16 19:00:00-04:00,47.84,48.13,-0.0,-0.29
2025-03-16 20:00:00-04:00,43.14,43.31,-0.0,-0.17
2025-03-16 21:00:00-04:00,35.76,35.94,-0.0,-0.18
2025-03-16 22:00:00-04:00,31.72,31.85,-0.0,-0.13
2025-03-16 23:00:00-04:00,30.22,30.34,-0.0,-0.12
2025-03-17 00:00:00-04:00,34.9,34.87,-0.0,0.03
2025-03-17 01:00:00-04:00,32.29,32.23,-0.0,0.06
2025-03-17 02:00:00-04:00,31.13,31.04,-0.0,0.09
2025-03-17 03:00:00-04:00,30.03,29.91,-0.0,0.12
2025-03-17 04:00:00-04:00,30.4,30.25,-0.0,0.15
2025-03-17 05:00:00-04:00,34.48,34.309999999999995,-0.0,0.17
2025-03-17 06:00:00-04:00,42.66,42.17999999999999,0.27,0.21
2025-03-17 07:00:00-04:00,55.21,55.150000000000006,-0.27,0.33
2025-03-17 08:00:00-04:00,52.01,51.75,-0.0,0.26
2025-03-17 09:00:00-04:00,47.98,47.739999999999995,-0.0,0.24
2025-03-17 10:00:00-04:00,46.23,46.0,-0.0,0.23
2025-03-17 11:00:00-04:00,43.94,43.76,-0.0,0.18
2025-03-17 12:00:00-04:00,41.87,41.66,-0.0,0.21
2025-03-17 13:00:00-04:00,40.3,40.15,-0.01,0.16
2025-03-17 14:00:00-04:00,37.8,37.65,-0.0,0.15
2025-03-17 15:00:00-04:00,38.99,38.88,-0.01,0.12
2025-03-17 16:00:00-04:00,39.72,39.64,-0.0,0.08
2025-03-17 17:00:00-04:00,49.54,49.66,-0.17,0.05
2025-03-17 18:00:00-04:00,56.07,55.85,-0.0,0.22
2025-03-17 19:00:00-04:00,64.5,64.31,-0.0,0.19
2025-03-17 20:00:00-04:00,56.39,56.11,-0.0,0.28
2025-03-17 21:00:00-04:00,46.77,46.49,-0.0,0.28
2025-03-17 22:00:00-04:00,41.61,41.28,-0.0,0.33
2025-03-17 23:00:00-04:00,37.94,37.599999999999994,-0.0,0.34
2025-03-18 00:00:00-04:00,39.26,39.02,-0.0,0.24
2025-03-18 01:00:00-04:00,36.81,36.55,-0.0,0.26
2025-03-18 02:00:00-04:00,34.8,34.529999999999994,-0.0,0.27
2025-03-18 03:00:00-04:00,34.36,34.05,-0.0,0.31
2025-03-18 04:00:00-04:00,35.24,34.96,-0.0,0.28
2025-03-18 05:00:00-04:00,39.77,39.46,-0.0,0.31
2025-03-18 06:00:00-04:00,55.65,55.37,-0.0,0.28
2025-03-18 07:00:00-04:00,69.04,68.83000000000001,-0.0,0.21
2025-03-18 08:00:00-04:00,51.57,51.33,-0.07,0.31
2025-03-18 09:00:00-04:00,37.29,37.0,0.07,0.22
2025-03-18 10:00:00-04:00,33.01,32.839999999999996,-0.0,0.17
2025-03-18 11:00:00-04:00,29.2,29.05,-0.0,0.15
2025-03-18 12:00:00-04:00,27.31,27.2,-0.0,0.11
2025-03-18 13:00:00-04:00,26.4,26.29,-0.0,0.11
2025-03-18 14:00:00-04:00,25.95,25.85,-0.0,0.1
2025-03-18 15:00:00-04:00,28.81,28.69,-0.0,0.12
2025-03-18 16:00:00-04:00,31.63,31.5,-0.0,0.13
2025-03-18 17:00:00-04:00,38.21,38.06,-0.0,0.15
2025-03-18 18:00:00-04:00,47.72,47.48,-0.0,0.24
2025-03-18 19:00:00-04:00,58.48,58.19,-0.0,0.29
2025-03-18 20:00:00-04:00,51.23,50.97,-0.0,0.26
2025-03-18 21:00:00-04:00,41.23,41.07,-0.0,0.16
2025-03-18 22:00:00-04:00,37.85,37.66,-0.0,0.19
2025-03-18 23:00:00-04:00,35.34,35.2,-0.0,0.14
2025-03-19 00:00:00-04:00,34.65,34.55,-0.0,0.1
2025-03-19 01:00:00-04:00,32.78,32.68,-0.0,0.1
2025-03-19 02:00:00-04:00,31.8,31.7,-0.0,0.1
2025-03-19 03:00:00-04:00,32.07,31.97,-0.0,0.1
2025-03-19 04:00:00-04:00,57.96,32.68,25.21,0.07
2025-03-19 05:00:00-04:00,6.75,34.04,-26.98,-0.31
2025-03-19 06:00:00-04:00,53.1,51.33,1.77,0.0
2025-03-19 07:00:00-04:00,60.56,60.620000000000005,-0.0,-0.06
2025-03-19 08:00:00-04:00,47.25,47.2,-0.0,0.05
2025-03-19 09:00:00-04:00,34.62,34.62,-0.0,0.0
2025-03-19 10:00:00-04:00,32.01,31.979999999999997,-0.0,0.03
2025-03-19 11:00:00-04:00,28.52,28.49,-0.0,0.03
2025-03-19 12:00:00-04:00,27.48,27.45,-0.0,0.03
2025-03-19 13:00:00-04:00,27.17,27.17,-0.0,0.0
2025-03-19 14:00:00-04:00,25.94,25.99,-0.0,-0.05
2025-03-19 15:00:00-04:00,28.25,28.33,-0.0,-0.08
2025-03-19 16:00:00-04:00,31.71,31.84,-0.0,-0.13
2025-03-19 17:00:00-04:00,36.23,36.41,-0.0,-0.18
2025-03-19 18:00:00-04:00,46.91,47.13999999999999,-0.0,-0.23
2025-03-19 19:00:00-04:00,52.65,53.02,-0.0,-0.37
2025-03-19 20:00:00-04:00,48.09,48.38,-0.0,-0.29
2025-03-19 21:00:00-04:00,37.32,37.58,-0.0,-0.26
2025-03-19 22:00:00-04:00,33.65,33.85,-0.0,-0.2
2025-03-19 23:00:00-04:00,31.21,31.43,-0.0,-0.22
2025-03-20 00:00:00-04:00,33.59,33.790000000000006,-0.0,-0.2
2025-03-20 01:00:00-04:00,31.57,31.79,-0.0,-0.22
2025-03-20 02:00:00-04:00,30.68,30.86,-0.0,-0.18
2025-03-20 03:00:00-04:00,29.84,30.02,-0.0,-0.18
2025-03-20 04:00:00-04:00,30.06,30.24,-0.0,-0.18
2025-03-20 05:00:00-04:00,33.33,33.53,-0.0,-0.2
2025-03-20 06:00:00-04:00,48.53,49.02,-0.0,-0.49
2025-03-20 07:00:00-04:00,59.01,56.31,3.15,-0.45
2025-03-20 08:00:00-04:00,47.42,51.36,-3.53,-0.41
2025-03-20 09:00:00-04:00,43.74,44.07000000000001,-0.02,-0.31
2025-03-20 10:00:00-04:00,42.67,42.94,-0.01,-0.26
2025-03-20 11:00:00-04:00,39.12,39.349999999999994,-0.0,-0.23
2025-03-20 12:00:00-04:00,38.29,38.529999999999994,-0.05,-0.19
2025-03-20 13:00:00-04:00,36.85,37.01,-0.01,-0.15
2025-03-20 14:00:00-04:00,36.35,36.58,-0.01,-0.22
2025-03-20 15:00:00-04:00,39.58,39.86,-0.0,-0.28
2025-03-20 16:00:00-04:00,41.18,41.39,-0.0,-0.21
2025-03-20 17:00:00-04:00,46.43,46.809999999999995,-0.15,-0.23
2025-03-20 18:00:00-04:00,51.3,51.59,-0.03,-0.26
2025-03-20 19:00:00-04:00,60.51,61.059999999999995,-0.25,-0.3
2025-03-20 20:00:00-04:00,55.2,55.56,-0.14,-0.22
2025-03-20 21:00:00-04:00,45.76,45.91,-0.01,-0.14
2025-03-20 22:00:00-04:00,40.0,40.08,-0.0,-0.08
2025-03-20 23:00:00-04:00,36.89,36.93,-0.0,-0.04
2025-03-21 00:00:00-04:00,37.44,37.48,-0.0,-0.04
2025-03-21 01:00:00-04:00,35.28,35.32,-0.0,-0.04
2025-03-21 02:00:00-04:00,34.18,34.21,-0.0,-0.03
2025-03-21 03:00:00-04:00,34.04,34.14,-0.0,-0.1
2025-03-21 04:00:00-04:00,34.0,34.14,-0.0,-0.14
2025-03-21 05:00:00-04:00,37.92,38.11,-0.0,-0.19
2025-03-21 06:00:00-04:00,51.88,52.54,-0.29,-0.37
2025-03-21 07:00:00-04:00,62.26,63.1,-0.46,-0.38
2025-03-21 08:00:00-04:00,54.98,55.73,-0.36,-0.39
2025-03-21 09:00:00-04:00,44.55,45.06999999999999,-0.16,-0.36
2025-03-21 10:00:00-04:00,37.54,37.73,-0.0,-0.19
2025-03-21 11:00:00-04:00,34.47,34.68,-0.0,-0.21
2025-03-21 12:00:00-04:00,31.76,31.950000000000003,-0.0,-0.19
2025-03-21 13:00:00-04:00,30.35,30.53,-0.0,-0.18
2025-03-21 14:00:00-04:00,29.34,29.52,-0.0,-0.18
2025-03-21 15:00:00-04:00,29.92,30.130000000000003,-0.0,-0.21
2025-03-21 16:00:00-04:00,31.88,32.14,-0.0,-0.26
2025-03-21 17:00:00-04:00,39.42,38.17,1.59,-0.34
2025-03-21 18:00:00-04:00,72.3,49.31999999999999,23.42,-0.44
2025-03-21 19:00:00-04:00,5.0,55.720000000000006,-49.77,-0.95
2025-03-21 20:00:00-04:00,75.6,51.209999999999994,24.75,-0.36
2025-03-21 21:00:00-04:00,45.01,45.19,-0.0,-0.18
2025-03-21 22:00:00-04:00,39.37,39.489999999999995,-0.0,-0.12
2025-03-21 23:00:00-04:00,36.43,36.54,-0.0,-0.11
2025-03-22 00:00:00-04:00,34.72,34.86,-0.0,-0.14
2025-03-22 01:00:00-04:00,33.09,33.260000000000005,-0.0,-0.17
2025-03-22 02:00:00-04:00,31.75,31.91,-0.0,-0.16
2025-03-22 03:00:00-04:00,30.56,30.77,-0.0,-0.21
2025-03-22 04:00:00-04:00,30.37,30.62,-0.0,-0.25
2025-03-22 05:00:00-04:00,33.48,33.61,-0.0,-0.13
2025-03-22 06:00:00-04:00,40.39,40.55,-0.0,-0.16
2025-03-22 07:00:00-04:00,45.68,45.86,-0.0,-0.18
2025-03-22 08:00:00-04:00,40.63,40.830000000000005,-0.0,-0.2
2025-03-22 09:00:00-04:00,34.06,34.230000000000004,-0.0,-0.17
2025-03-22 10:00:00-04:00,31.54,31.73,-0.0,-0.19
2025-03-22 11:00:00-04:00,31.52,31.65,-0.0,-0.13
2025-03-22 12:00:00-04:00,29.54,29.66,-0.0,-0.12
2025-03-22 13:00:00-04:00,28.04,28.15,-0.0,-0.11
2025-03-22 14:00:00-04:00,27.22,27.36,-0.0,-0.14
2025-03-22 15:00:00-04:00,29.31,29.49,-0.0,-0.18
2025-03-22 16:00:00-04:00,31.87,32.160000000000004,-0.0,-0.29
2025-03-22 17:00:00-04:00,35.95,36.28,-0.0,-0.33
2025-03-22 18:00:00-04:00,43.82,44.22,-0.0,-0.4
2025-03-22 19:00:00-04:00,49.77,50.17,-0.0,-0.4
2025-03-22 20:00:00-04:00,48.92,49.260000000000005,-0.0,-0.34
2025-03-22 21:00:00-04:00,41.83,42.12,-0.0,-0.29
2025-03-22 22:00:00-04:00,37.44,37.66,-0.0,-0.22
2025-03-22 23:00:00-04:00,36.21,36.39,-0.0,-0.18
2025-03-23 00:00:00-04:00,37.66,37.849999999999994,-0.0,-0.19
2025-03-23 01:00:00-04:00,35.0,35.14,-0.0,-0.14
2025-03-23 02:00:00-04:00,34.56,34.7,-0.0,-0.14
2025-03-23 03:00:00-04:00,34.85,34.99,-0.0,-0.14
2025-03-23 04:00:00-04:00,35.74,35.88,-0.0,-0.14
2025-03-23 05:00:00-04:00,37.22,37.33,-0.0,-0.11
2025-03-23 06:00:00-04:00,44.17,44.35,-0.0,-0.18
2025-03-23 07:00:00-04:00,49.49,49.59,-0.0,-0.1
2025-03-23 08:00:00-04:00,41.3,41.379999999999995,-0.0,-0.08
2025-03-23 09:00:00-04:00,35.24,35.35,-0.0,-0.11
2025-03-23 10:00:00-04:00,32.59,32.620000000000005,-0.0,-0.03
2025-03-23 11:00:00-04:00,30.36,30.39,-0.0,-0.03
2025-03-23 12:00:00-04:00,29.37,29.4,-0.0,-0.03
2025-03-23 13:00:00-04:00,27.98,28.01,-0.0,-0.03
2025-03-23 14:00:00-04:00,26.79,26.79,-0.0,0.0
2025-03-23 15:00:00-04:00,26.85,26.880000000000003,-0.0,-0.03
2025-03-23 16:00:00-04:00,31.17,31.200000000000003,-0.0,-0.03
2025-03-23 17:00:00-04:00,41.19,41.15,-0.0,0.04
2025-03-23 18:00:00-04:00,52.9,52.79,-0.0,0.11
2025-03-23 19:00:00-04:00,63.69,63.629999999999995,-0.0,0.06
2025-03-23 20:00:00-04:00,59.34,59.28,-0.0,0.06
2025-03-23 21:00:00-04:00,48.25,48.11,-0.0,0.14
2025-03-23 22:00:00-04:00,40.8,40.72,-0.0,0.08
2025-03-23 23:00:00-04:00,36.77,36.7,-0.0,0.07
2025-03-24 00:00:00-04:00,38.42,38.42,-0.0,0.0
2025-03-24 01:00:00-04:00,37.0,37.0,-0.0,0.0
2025-03-24 02:00:00-04:00,35.3,35.37,-0.0,-0.07
2025-03-24 03:00:00-04:00,34.48,34.55,-0.0,-0.07
2025-03-24 04:00:00-04:00,36.12,36.23,-0.0,-0.11
2025-03-24 05:00:00-04:00,41.24,41.4,-0.0,-0.16
2025-03-24 06:00:00-04:00,51.65,51.91,-0.0,-0.26
2025-03-24 07:00:00-04:00,58.68,58.97,-0.0,-0.29
2025-03-24 08:00:00-04:00,53.91,54.23,-0.0,-0.32
2025-03-24 09:00:00-04:00,49.79,50.14,-0.0,-0.35
2025-03-24 10:00:00-04:00,49.65,50.0,-0.0,-0.35
2025-03-24 11:00:00-04:00,48.51,48.8,-0.0,-0.29
2025-03-24 12:00:00-04:00,43.94,44.2,-0.0,-0.26
2025-03-24 13:00:00-04:00,42.37,42.58,-0.0,-0.21
2025-03-24 14:00:00-04:00,41.06,41.22,-0.0,-0.16
2025-03-24 15:00:00-04:00,40.79,40.95,-0.0,-0.16
2025-03-24 16:00:00-04:00,41.3,41.47,-0.0,-0.17
2025-03-24 17:00:00-04:00,48.37,48.52,-0.0,-0.15
2025-03-24 18:00:00-04:00,54.17,54.39,-0.0,-0.22
2025-03-24 19:00:00-04:00,59.7,60.0,-0.0,-0.3
2025-03-24 20:00:00-04:00,55.24,55.52,-0.0,-0.28
2025-03-24 21:00:00-04:00,45.33,45.6,-0.0,-0.27
2025-03-24 22:00:00-04:00,40.26,40.54,-0.0,-0.28
2025-03-24 23:00:00-04:00,39.85,40.09,-0.0,-0.24
2025-03-25 00:00:00-04:00,38.99,39.22,-0.0,-0.23
2025-03-25 01:00:00-04:00,37.16,37.349999999999994,-0.0,-0.19
2025-03-25 02:00:00-04:00,35.88,36.02,-0.0,-0.14
2025-03-25 03:00:00-04:00,35.74,35.85,-0.0,-0.11
2025-03-25 04:00:00-04:00,36.31,36.42,-0.0,-0.11
2025-03-25 05:00:00-04:00,40.47,40.55,-0.0,-0.08
2025-03-25 06:00:00-04:00,53.4,53.559999999999995,-0.0,-0.16
2025-03-25 07:00:00-04:00,60.71,61.01,-0.0,-0.3
2025-03-25 08:00:00-04:00,53.89,54.27,-0.0,-0.38
2025-03-25 09:00:00-04:00,40.86,41.19,-0.0,-0.33
2025-03-25 10:00:00-04:00,38.59,38.940000000000005,-0.0,-0.35
2025-03-25 11:00:00-04:00,36.97,37.31,-0.0,-0.34
2025-03-25 12:00:00-04:00,34.66,34.98,-0.0,-0.32
2025-03-25 13:00:00-04:00,34.68,34.96,-0.0,-0.28
2025-03-25 14:00:00-04:00,33.44,33.71,-0.0,-0.27
2025-03-25 15:00:00-04:00,34.11,34.42,-0.0,-0.31
2025-03-25 16:00:00-04:00,37.2,37.540000000000006,-0.0,-0.34
2025-03-25 17:00:00-04:00,43.5,43.8,-0.0,-0.3
2025-03-25 18:00:00-04:00,54.01,54.28,-0.0,-0.27
2025-03-25 19:00:00-04:00,62.97,63.28,-0.0,-0.31
2025-03-25 20:00:00-04:00,59.68,59.92,-0.0,-0.24
2025-03-25 21:00:00-04:00,48.44,48.489999999999995,-0.0,-0.05
2025-03-25 22:00:00-04:00,42.9,42.94,-0.0,-0.04
2025-03-25 23:00:00-04:00,40.61,40.61,-0.0,0.0
2025-03-26 00:00:00-04:00,40.05,40.25,-0.0,-0.2
2025-03-26 01:00:00-04:00,38.69,38.84,-0.0,-0.15
2025-03-26 02:00:00-04:00,38.05,38.16,-0.0,-0.11
2025-03-26 03:00:00-04:00,38.01,38.12,-0.0,-0.11
2025-03-26 04:00:00-04:00,38.86,38.98,-0.0,-0.12
2025-03-26 05:00:00-04:00,42.39,42.47,-0.0,-0.08
2025-03-26 06:00:00-04:00,55.65,55.71,-0.0,-0.06
2025-03-26 07:00:00-04:00,64.7,64.83,-0.0,-0.13
2025-03-26 08:00:00-04:00,55.22,55.22,-0.0,0.0
2025-03-26 09:00:00-04:00,42.42,42.55,-0.0,-0.13
2025-03-26 10:00:00-04:00,39.2,39.32,-0.0,-0.12
2025-03-26 11:00:00-04:00,36.21,36.35,-0.0,-0.14
2025-03-26 12:00:00-04:00,36.01,36.12,-0.0,-0.11
2025-03-26 13:00:00-04:00,36.2,36.31,-0.0,-0.11
2025-03-26 14:00:00-04:00,35.11,35.22,-0.0,-0.11
2025-03-26 15:00:00-04:00,35.32,35.57,-0.0,-0.25
2025-03-26 16:00:00-04:00,38.15,38.46,-0.0,-0.31
2025-03-26 17:00:00-04:00,45.14,45.46,-0.0,-0.32
2025-03-26 18:00:00-04:00,53.17,53.65,-0.0,-0.48
2025-03-26 19:00:00-04:00,64.83,65.48,-0.0,-0.65
2025-03-26 20:00:00-04:00,61.16,61.72,-0.0,-0.56
2025-03-26 21:00:00-04:00,52.64,53.12,-0.0,-0.48
2025-03-26 22:00:00-04:00,44.47,44.74,-0.0,-0.27
2025-03-26 23:00:00-04:00,42.67,42.88,-0.0,-0.21
2025-03-27 00:00:00-04:00,39.2,39.440000000000005,-0.0,-0.24
2025-03-27 01:00:00-04:00,37.74,37.93,-0.0,-0.19
2025-03-27 02:00:00-04:00,36.73,36.84,-0.0,-0.11
2025-03-27 03:00:00-04:00,37.67,37.78,-0.0,-0.11
2025-03-27 04:00:00-04:00,37.87,37.95,-0.0,-0.08
2025-03-27 05:00:00-04:00,42.74,42.830000000000005,-0.0,-0.09
2025-03-27 06:00:00-04:00,63.49,63.68,-0.0,-0.19
2025-03-27 07:00:00-04:00,74.41,74.92999999999999,-0.0,-0.52
2025-03-27 08:00:00-04:00,51.33,51.379999999999995,-0.0,-0.05
2025-03-27 09:00:00-04:00,37.56,37.67,-0.0,-0.11
2025-03-27 10:00:00-04:00,32.46,32.56,-0.0,-0.1
2025-03-27 11:00:00-04:00,30.98,31.13,-0.0,-0.15
2025-03-27 12:00:00-04:00,30.22,30.4,-0.0,-0.18
2025-03-27 13:00:00-04:00,30.03,30.21,-0.0,-0.18
2025-03-27 14:00:00-04:00,27.71,27.880000000000003,-0.0,-0.17
2025-03-27 15:00:00-04:00,27.42,27.64,-0.0,-0.22
2025-03-27 16:00:00-04:00,29.06,29.32,-0.0,-0.26
2025-03-27 17:00:00-04:00,37.14,37.44,-0.0,-0.3
2025-03-27 18:00:00-04:00,47.62,48.15,-0.0,-0.53
2025-03-27 19:00:00-04:00,59.02,59.73,-0.0,-0.71
2025-03-27 20:00:00-04:00,55.73,56.4,-0.0,-0.67
2025-03-27 21:00:00-04:00,44.29,44.87,-0.0,-0.58
2025-03-27 22:00:00-04:00,40.23,40.72,-0.0,-0.49
2025-03-27 23:00:00-04:00,36.74,37.18,-0.0,-0.44
2025-03-28 00:00:00-04:00,34.65,35.14,-0.0,-0.49
2025-03-28 01:00:00-04:00,33.95,34.400000000000006,-0.0,-0.45
2025-03-28 02:00:00-04:00,33.18,33.58,-0.0,-0.4
2025-03-28 03:00:00-04:00,32.91,33.279999999999994,-0.0,-0.37
2025-03-28 04:00:00-04:00,33.18,33.55,-0.0,-0.37
2025-03-28 05:00:00-04:00,38.55,38.9,-0.0,-0.35
2025-03-28 06:00:00-04:00,53.8,54.239999999999995,-0.0,-0.44
2025-03-28 07:00:00-04:00,66.23,66.77000000000001,-0.0,-0.54
2025-03-28 08:00:00-04:00,50.96,51.21,-0.0,-0.25
2025-03-28 09:00:00-04:00,39.42,39.620000000000005,-0.0,-0.2
2025-03-28 10:00:00-04:00,36.79,36.94,-0.0,-0.15
2025-03-28 11:00:00-04:00,34.3,34.4,-0.0,-0.1
2025-03-28 12:00:00-04:00,32.76,32.83,-0.0,-0.07
2025-03-28 13:00:00-04:00,31.77,31.83,-0.0,-0.06
2025-03-28 14:00:00-04:00,32.04,31.880000000000003,0.22,-0.06
2025-03-28 15:00:00-04:00,32.92,33.21,-0.22,-0.07
2025-03-28 16:00:00-04:00,35.34,35.45,-0.0,-0.11
2025-03-28 17:00:00-04:00,38.42,39.8,-1.3,-0.08
2025-03-28 18:00:00-04:00,45.44,44.36,1.3,-0.22
2025-03-28 19:00:00-04:00,53.2,53.470000000000006,-0.0,-0.27
2025-03-28 20:00:00-04:00,47.92,48.11,-0.0,-0.19
2025-03-28 21:00:00-04:00,38.9,39.059999999999995,-0.0,-0.16
2025-03-28 22:00:00-04:00,37.23,37.379999999999995,-0.0,-0.15
2025-03-28 23:00:00-04:00,33.96,34.06,-0.0,-0.1
2025-03-29 00:00:00-04:00,31.85,31.85,-0.0,0.0
2025-03-29 01:00:00-04:00,30.68,30.65,-0.0,0.03
2025-03-29 02:00:00-04:00,29.37,29.37,-0.0,0.0
2025-03-29 03:00:00-04:00,28.18,28.24,-0.0,-0.06
2025-03-29 04:00:00-04:00,28.01,28.12,-0.0,-0.11
2025-03-29 05:00:00-04:00,29.76,29.91,-0.0,-0.15
2025-03-29 06:00:00-04:00,32.9,33.03,-0.0,-0.13
2025-03-29 07:00:00-04:00,35.73,35.87,-0.0,-0.14
2025-03-29 08:00:00-04:00,37.96,38.0,-0.0,-0.04
2025-03-29 09:00:00-04:00,35.29,35.33,-0.0,-0.04
2025-03-29 10:00:00-04:00,34.68,34.71,-0.0,-0.03
2025-03-29 11:00:00-04:00,33.23,33.23,-0.0,0.0
2025-03-29 12:00:00-04:00,30.94,30.94,-0.0,0.0
2025-03-29 13:00:00-04:00,30.83,30.799999999999997,-0.0,0.03
2025-03-29 14:00:00-04:00,31.11,31.08,-0.0,0.03
2025-03-29 15:00:00-04:00,31.82,31.79,-0.0,0.03
2025-03-29 16:00:00-04:00,33.92,33.89,-0.0,0.03
2025-03-29 17:00:00-04:00,37.37,37.33,-0.0,0.04
2025-03-29 18:00:00-04:00,43.15,43.19,-0.0,-0.04
2025-03-29 19:00:00-04:00,47.78,47.83,-0.0,-0.05
2025-03-29 20:00:00-04:00,43.54,43.58,-0.0,-0.04
2025-03-29 21:00:00-04:00,37.95,37.99,-0.0,-0.04
2025-03-29 22:00:00-04:00,35.96,36.0,-0.0,-0.04
2025-03-29 23:00:00-04:00,32.7,32.730000000000004,-0.0,-0.03
2025-03-30 00:00:00-04:00,35.7,35.77,-0.0,-0.07
2025-03-30 01:00:00-04:00,33.95,33.980000000000004,-0.0,-0.03
2025-03-30 02:00:00-04:00,32.82,32.85,-0.0,-0.03
2025-03-30 03:00:00-04:00,32.88,32.910000000000004,-0.0,-0.03
2025-03-30 04:00:00-04:00,33.18,33.25,-0.0,-0.07
2025-03-30 05:00:00-04:00,33.78,33.85,-0.0,-0.07
2025-03-30 06:00:00-04:00,34.9,35.07,-0.0,-0.17
2025-03-30 07:00:00-04:00,36.17,36.35,-0.0,-0.18
2025-03-30 08:00:00-04:00,36.8,36.84,-0.0,-0.04
2025-03-30 09:00:00-04:00,40.61,40.65,-0.0,-0.04
2025-03-30 10:00:00-04:00,42.83,42.92,-0.0,-0.09
2025-03-30 11:00:00-04:00,42.25,42.33,-0.0,-0.08
2025-03-30 12:00:00-04:00,41.35,41.39,-0.0,-0.04
2025-03-30 13:00:00-04:00,39.6,39.6,-0.0,0.0
2025-03-30 14:00:00-04:00,39.33,39.37,-0.0,-0.04
2025-03-30 15:00:00-04:00,40.95,41.03,-0.0,-0.08
2025-03-30 16:00:00-04:00,43.85,43.940000000000005,-0.0,-0.09
2025-03-30 17:00:00-04:00,48.27,48.46,-0.0,-0.19
2025-03-30 18:00:00-04:00,51.1,51.46,-0.0,-0.36
2025-03-30 19:00:00-04:00,54.6,54.98,-0.0,-0.38
2025-03-30 20:00:00-04:00,50.3,50.709999999999994,-0.0,-0.41
2025-03-30 21:00:00-04:00,37.61,37.95,-0.0,-0.34
2025-03-30 22:00:00-04:00,38.01,38.36,-0.0,-0.35
2025-03-30 23:00:00-04:00,32.55,32.809999999999995,-0.0,-0.26
2025-03-31 00:00:00-04:00,24.78,25.08,-0.0,-0.3
2025-03-31 01:00:00-04:00,23.19,23.5,-0.0,-0.31
2025-03-31 02:00:00-04:00,22.25,22.54,-0.0,-0.29
2025-03-31 03:00:00-04:00,22.0,22.29,-0.0,-0.29
2025-03-31 04:00:00-04:00,23.08,23.409999999999997,-0.0,-0.33
2025-03-31 05:00:00-04:00,26.3,26.65,-0.0,-0.35
2025-03-31 06:00:00-04:00,30.01,30.47,-0.0,-0.46
2025-03-31 07:00:00-04:00,45.6,46.25,-0.0,-0.65
2025-03-31 08:00:00-04:00,47.92,48.45,-0.0,-0.53
2025-03-31 09:00:00-04:00,44.65,45.059999999999995,-0.0,-0.41
2025-03-31 10:00:00-04:00,45.99,46.45,-0.0,-0.46
2025-03-31 11:00:00-04:00,42.54,42.93,-0.0,-0.39
2025-03-31 12:00:00-04:00,38.68,39.07,-0.0,-0.39
2025-03-31 13:00:00-04:00,38.0,38.35,-0.0,-0.35
2025-03-31 14:00:00-04:00,36.48,36.809999999999995,-0.0,-0.33
2025-03-31 15:00:00-04:00,37.77,38.190000000000005,-0.0,-0.42
2025-03-31 16:00:00-04:00,37.6,38.02,-0.0,-0.42
2025-03-31 17:00:00-04:00,42.42,42.81,-0.0,-0.39
2025-03-31 18:00:00-04:00,47.41,48.04,-0.0,-0.63
2025-03-31 19:00:00-04:00,56.53,57.21,-0.0,-0.68
2025-03-31 20:00:00-04:00,50.36,50.82,-0.0,-0.46
2025-03-31 21:00:00-04:00,41.35,41.73,-0.0,-0.38
2025-03-31 22:00:00-04:00,37.0,37.3,-0.0,-0.3
2025-03-31 23:00:00-04:00,35.13,35.38,-0.0,-0.25
2025-04-01 00:00:00-04:00,32.83,32.989999999999995,-0.0,-0.16
2025-04-01 01:00:00-04:00,32.21,32.37,-0.0,-0.16
2025-04-01 02:00:00-04:00,30.37,30.52,-0.0,-0.15
2025-04-01 03:00:00-04:00,29.8,29.98,-0.0,-0.18
2025-04-01 04:00:00-04:00,30.87,31.09,-0.0,-0.22
2025-04-01 05:00:00-04:00,33.65,33.92,-0.0,-0.27
2025-04-01 06:00:00-04:00,46.82,47.29,-0.0,-0.47
2025-04-01 07:00:00-04:00,55.04,55.49,-0.0,-0.45
2025-04-01 08:00:00-04:00,46.78,47.06,-0.0,-0.28
2025-04-01 09:00:00-04:00,35.71,35.96,-0.0,-0.25
2025-04-01 10:00:00-04:00,32.46,32.69,-0.0,-0.23
2025-04-01 11:00:00-04:00,30.57,30.78,-0.0,-0.21
2025-04-01 12:00:00-04:00,28.08,28.31,-0.0,-0.23
2025-04-01 13:00:00-04:00,27.49,27.68,-0.0,-0.19
2025-04-01 14:00:00-04:00,28.26,28.49,-0.0,-0.23
2025-04-01 15:00:00-04:00,27.66,27.88,-0.0,-0.22
2025-04-01 16:00:00-04:00,29.59,29.86,-0.0,-0.27
2025-04-01 17:00:00-04:00,38.24,37.47,0.84,-0.07
2025-04-01 18:00:00-04:00,42.72,43.07,-0.0,-0.35
2025-04-01 19:00:00-04:00,56.35,56.690000000000005,-0.0,-0.34
2025-04-01 20:00:00-04:00,53.47,53.68,-0.0,-0.21
2025-04-01 21:00:00-04:00,41.15,41.309999999999995,-0.0,-0.16
2025-04-01 22:00:00-04:00,37.76,37.84,-0.0,-0.08
2025-04-01 23:00:00-04:00,35.23,35.23,-0.0,0.0
2025-04-02 00:00:00-04:00,37.9,37.94,-0.0,-0.04
2025-04-02 01:00:00-04:00,35.86,35.9,-0.0,-0.04
2025-04-02 02:00:00-04:00,35.36,35.36,-0.0,0.0
2025-04-02 03:00:00-04:00,35.46,35.5,-0.0,-0.04
2025-04-02 04:00:00-04:00,35.73,35.73,-0.0,0.0
2025-04-02 05:00:00-04:00,40.28,40.28,-0.0,0.0
2025-04-02 06:00:00-04:00,55.11,55.17,-0.0,-0.06
2025-04-02 07:00:00-04:00,62.46,62.52,-0.0,-0.06
2025-04-02 08:00:00-04:00,51.16,51.11,-0.0,0.05
2025-04-02 09:00:00-04:00,42.18,42.89,-0.75,0.04
2025-04-02 10:00:00-04:00,37.98,37.19,0.75,0.04
2025-04-02 11:00:00-04:00,35.91,35.91,-0.0,0.0
2025-04-02 12:00:00-04:00,36.13,36.17,-0.0,-0.04
2025-04-02 13:00:00-04:00,35.97,36.04,-0.0,-0.07
2025-04-02 14:00:00-04:00,36.21,36.28,-0.0,-0.07
2025-04-02 15:00:00-04:00,36.91,36.98,-0.0,-0.07
2025-04-02 16:00:00-04:00,39.67,39.79,-0.0,-0.12
2025-04-02 17:00:00-04:00,44.9,45.08,-0.0,-0.18
2025-04-02 18:00:00-04:00,52.37,52.79,-0.0,-0.42
2025-04-02 19:00:00-04:00,60.7,61.31,-0.0,-0.61
2025-04-02 20:00:00-04:00,48.72,49.16,-0.0,-0.44
2025-04-02 21:00:00-04:00,40.65,41.059999999999995,-0.0,-0.41
2025-04-02 22:00:00-04:00,37.71,37.8,0.25,-0.34
2025-04-02 23:00:00-04:00,34.59,35.080000000000005,-0.25,-0.24
2025-04-03 00:00:00-04:00,28.13,28.41,-0.0,-0.28
2025-04-03 01:00:00-04:00,24.19,24.43,-0.0,-0.24
2025-04-03 02:00:00-04:00,24.84,25.04,-0.0,-0.2
2025-04-03 03:00:00-04:00,24.29,24.49,-0.0,-0.2
2025-04-03 04:00:00-04:00,23.12,23.35,-0.0,-0.23
2025-04-03 05:00:00-04:00,34.14,34.45,-0.0,-0.31
2025-04-03 06:00:00-04:00,44.53,44.98,-0.0,-0.45
2025-04-03 07:00:00-04:00,44.37,44.58,0.24,-0.45
2025-04-03 08:00:00-04:00,52.17,52.89,-0.24,-0.48
2025-04-03 09:00:00-04:00,50.84,51.3,-0.0,-0.46
2025-04-03 10:00:00-04:00,48.08,48.52,-0.0,-0.44
2025-04-03 11:00:00-04:00,46.48,46.9,-0.0,-0.42
2025-04-03 12:00:00-04:00,43.3,43.69,-0.0,-0.39
2025-04-03 13:00:00-04:00,41.79,42.25,-0.0,-0.46
2025-04-03 14:00:00-04:00,35.63,36.03,-0.0,-0.4
2025-04-03 15:00:00-04:00,39.08,39.47,-0.0,-0.39
2025-04-03 16:00:00-04:00,35.65,36.01,-0.0,-0.36
2025-04-03 17:00:00-04:00,39.47,39.87,-0.0,-0.4
2025-04-03 18:00:00-04:00,42.28,42.79,-0.0,-0.51
2025-04-03 19:00:00-04:00,48.85,49.440000000000005,-0.0,-0.59
2025-04-03 20:00:00-04:00,49.22,49.77,-0.0,-0.55
2025-04-03 21:00:00-04:00,40.82,41.27,-0.0,-0.45
2025-04-03 22:00:00-04:00,38.0,38.38,-0.0,-0.38
2025-04-03 23:00:00-04:00,35.15,35.43,-0.0,-0.28
2025-04-04 00:00:00-04:00,37.33,37.67,-0.0,-0.34
2025-04-04 01:00:00-04:00,34.51,34.72,-0.0,-0.21
2025-04-04 02:00:00-04:00,34.04,34.24,-0.0,-0.2
2025-04-04 03:00:00-04:00,34.58,34.75,-0.0,-0.17
2025-04-04 04:00:00-04:00,34.9,35.07,-0.0,-0.17
2025-04-04 05:00:00-04:00,38.14,38.29,-0.0,-0.15
2025-04-04 06:00:00-04:00,47.32,47.46,-0.0,-0.14
2025-04-04 07:00:00-04:00,50.98,51.18,-0.0,-0.2
2025-04-04 08:00:00-04:00,50.59,50.64,-0.0,-0.05
2025-04-04 09:00:00-04:00,43.33,43.37,-0.0,-0.04
2025-04-04 10:00:00-04:00,40.99,41.07,-0.0,-0.08
2025-04-04 11:00:00-04:00,35.48,35.589999999999996,-0.0,-0.11
2025-04-04 12:00:00-04:00,34.18,34.28,-0.0,-0.1
2025-04-04 13:00:00-04:00,34.14,34.21,-0.0,-0.07
2025-04-04 14:00:00-04:00,33.0,33.07,-0.0,-0.07
2025-04-04 15:00:00-04:00,32.49,32.550000000000004,-0.0,-0.06
2025-04-04 16:00:00-04:00,33.24,33.21,-0.0,0.03
2025-04-04 17:00:00-04:00,37.46,37.39,-0.0,0.07
2025-04-04 18:00:00-04:00,44.28,44.32,-0.0,-0.04
2025-04-04 19:00:00-04:00,55.2,55.260000000000005,-0.0,-0.06
2025-04-04 20:00:00-04:00,51.51,51.51,-0.0,0.0
2025-04-04 21:00:00-04:00,44.45,44.45,-0.0,0.0
2025-04-04 22:00:00-04:00,39.11,39.07,-0.0,0.04
2025-04-04 23:00:00-04:00,36.98,36.94,-0.0,0.04
2025-04-05 00:00:00-04:00,39.86,39.82,-0.0,0.04
2025-04-05 01:00:00-04:00,37.23,37.19,-0.0,0.04
2025-04-05 02:00:00-04:00,35.65,35.61,-0.0,0.04
2025-04-05 03:00:00-04:00,35.05,35.05,-0.0,0.0
2025-04-05 04:00:00-04:00,34.79,36.74,-1.88,-0.07
2025-04-05 05:00:00-04:00,34.36,34.04,0.46,-0.14
2025-04-05 06:00:00-04:00,37.94,36.669999999999995,1.42,-0.15
2025-04-05 07:00:00-04:00,40.82,41.02,-0.0,-0.2
2025-04-05 08:00:00-04:00,44.05,43.10999999999999,1.2,-0.26
2025-04-05 09:00:00-04:00,43.87,45.34,-1.2,-0.27
2025-04-05 10:00:00-04:00,47.78,48.02,-0.0,-0.24
2025-04-05 11:00:00-04:00,49.34,49.64,-0.0,-0.3
2025-04-05 12:00:00-04:00,48.45,48.790000000000006,-0.0,-0.34
2025-04-05 13:00:00-04:00,48.0,48.34,-0.0,-0.34
2025-04-05 14:00:00-04:00,43.53,43.93,-0.0,-0.4
2025-04-05 15:00:00-04:00,46.22,46.64,-0.0,-0.42
2025-04-05 16:00:00-04:00,45.8,46.22,-0.0,-0.42
2025-04-05 17:00:00-04:00,48.02,48.510000000000005,-0.0,-0.49
2025-04-05 18:00:00-04:00,49.94,50.44,-0.0,-0.5
2025-04-05 19:00:00-04:00,54.15,54.64,-0.0,-0.49
2025-04-05 20:00:00-04:00,52.21,52.63,-0.0,-0.42
2025-04-05 21:00:00-04:00,44.99,45.3,-0.0,-0.31
2025-04-05 22:00:00-04:00,41.66,41.91,-0.0,-0.25
2025-04-05 23:00:00-04:00,39.1,39.33,-0.0,-0.23
2025-04-06 00:00:00-04:00,38.15,38.19,-0.0,-0.04
2025-04-06 01:00:00-04:00,35.79,35.79,-0.0,0.0
2025-04-06 02:00:00-04:00,35.91,35.87,-0.0,0.04
2025-04-06 03:00:00-04:00,35.04,34.97,-0.0,0.07
2025-04-06 04:00:00-04:00,34.45,34.38,-0.0,0.07
2025-04-06 05:00:00-04:00,32.75,32.98,-0.0,-0.23
2025-04-06 06:00:00-04:00,33.97,34.25,-0.0,-0.28
2025-04-06 07:00:00-04:00,35.33,35.62,-0.0,-0.29
2025-04-06 08:00:00-04:00,38.14,38.49,-0.0,-0.35
2025-04-06 09:00:00-04:00,39.22,39.62,-0.0,-0.4
2025-04-06 10:00:00-04:00,42.64,43.11,-0.0,-0.47
2025-04-06 11:00:00-04:00,40.29,40.78,-0.0,-0.49
2025-04-06 12:00:00-04:00,38.43,38.89,-0.0,-0.46
2025-04-06 13:00:00-04:00,34.82,35.28,-0.0,-0.46
2025-04-06 14:00:00-04:00,34.23,34.68,-0.0,-0.45
2025-04-06 15:00:00-04:00,35.05,35.51,-0.0,-0.46
2025-04-06 16:00:00-04:00,36.62,36.75999999999999,0.34,-0.48
2025-04-06 17:00:00-04:00,44.05,44.88,-0.34,-0.49
2025-04-06 18:00:00-04:00,50.59,51.1,-0.0,-0.51
2025-04-06 19:00:00-04:00,58.06,58.53,-0.0,-0.47
2025-04-06 20:00:00-04:00,57.56,57.91,-0.0,-0.35
2025-04-06 21:00:00-04:00,50.19,50.39,-0.0,-0.2
2025-04-06 22:00:00-04:00,45.7,45.84,-0.0,-0.14
2025-04-06 23:00:00-04:00,40.7,40.78,-0.0,-0.08
2025-04-07 00:00:00-04:00,46.12,46.21,-0.0,-0.09
2025-04-07 01:00:00-04:00,41.9,41.98,-0.0,-0.08
2025-04-07 02:00:00-04:00,41.03,41.11,-0.0,-0.08
2025-04-07 03:00:00-04:00,39.84,39.88,-0.0,-0.04
2025-04-07 04:00:00-04:00,41.29,41.33,-0.0,-0.04
2025-04-07 05:00:00-04:00,46.12,46.169999999999995,-0.0,-0.05
2025-04-07 06:00:00-04:00,57.62,57.849999999999994,-0.0,-0.23
2025-04-07 07:00:00-04:00,65.28,65.54,-0.0,-0.26
2025-04-07 08:00:00-04:00,59.96,60.26,-0.0,-0.3
2025-04-07 09:00:00-04:00,58.36,58.59,-0.0,-0.23
2025-04-07 10:00:00-04:00,56.19,56.36,-0.0,-0.17
2025-04-07 11:00:00-04:00,52.62,52.83,-0.0,-0.21
2025-04-07 12:00:00-04:00,50.11,50.26,-0.0,-0.15
2025-04-07 13:00:00-04:00,48.63,48.78,-0.0,-0.15
2025-04-07 14:00:00-04:00,49.28,49.43,-0.0,-0.15
2025-04-07 15:00:00-04:00,50.12,50.32,-0.0,-0.2
2025-04-07 16:00:00-04:00,50.95,51.150000000000006,-0.0,-0.2
2025-04-07 17:00:00-04:00,55.75,55.97,-0.0,-0.22
2025-04-07 18:00:00-04:00,60.79,61.22,-0.0,-0.43
2025-04-07 19:00:00-04:00,68.58,69.14,-0.0,-0.56
2025-04-07 20:00:00-04:00,61.31,61.81,-0.0,-0.5
2025-04-07 21:00:00-04:00,53.79,54.11,-0.0,-0.32
2025-04-07 22:00:00-04:00,46.1,46.28,-0.0,-0.18
2025-04-07 23:00:00-04:00,44.37,44.55,-0.0,-0.18
2025-04-08 00:00:00-04:00,47.22,47.6,-0.0,-0.38
2025-04-08 01:00:00-04:00,43.04,43.43,-0.0,-0.39
2025-04-08 02:00:00-04:00,41.11,41.53,-0.0,-0.42
2025-04-08 03:00:00-04:00,41.09,41.59,-0.0,-0.5
2025-04-08 04:00:00-04:00,41.37,41.919999999999995,-0.0,-0.55
2025-04-08 05:00:00-04:00,43.61,44.32,-0.0,-0.71
2025-04-08 06:00:00-04:00,57.38,58.370000000000005,-0.0,-0.99
2025-04-08 07:00:00-04:00,64.68,65.73,-0.0,-1.05
2025-04-08 08:00:00-04:00,59.06,60.14,-0.0,-1.08
2025-04-08 09:00:00-04:00,53.73,54.709999999999994,-0.0,-0.98
2025-04-08 10:00:00-04:00,51.48,52.419999999999995,-0.0,-0.94
2025-04-08 11:00:00-04:00,47.73,48.599999999999994,-0.0,-0.87
2025-04-08 12:00:00-04:00,45.88,46.67,-0.0,-0.79
2025-04-08 13:00:00-04:00,45.03,45.81,-0.0,-0.78
2025-04-08 14:00:00-04:00,43.66,44.459999999999994,-0.0,-0.8
2025-04-08 15:00:00-04:00,45.76,46.6,-0.0,-0.84
2025-04-08 16:00:00-04:00,48.4,49.29,-0.0,-0.89
2025-04-08 17:00:00-04:00,54.87,56.12,-0.18,-1.07
2025-04-08 18:00:00-04:00,65.25,63.84,2.56,-1.15
2025-04-08 19:00:00-04:00,78.54,82.58000000000001,-2.56,-1.48
2025-04-08 20:00:00-04:00,79.31,80.68,-0.0,-1.37
2025-04-08 21:00:00-04:00,61.6,62.54,-0.0,-0.94
2025-04-08 22:00:00-04:00,55.36,56.15,-0.0,-0.79
2025-04-08 23:00:00-04:00,49.11,49.81,-0.0,-0.7
2025-04-09 00:00:00-04:00,50.53,51.09,-0.0,-0.56
2025-04-09 01:00:00-04:00,49.13,49.63,-0.0,-0.5
2025-04-09 02:00:00-04:00,47.45,47.830000000000005,-0.0,-0.38
2025-04-09 03:00:00-04:00,47.87,48.21,-0.0,-0.34
2025-04-09 04:00:00-04:00,49.3,49.599999999999994,-0.0,-0.3
2025-04-09 05:00:00-04:00,57.68,58.03,-0.0,-0.35
2025-04-09 06:00:00-04:00,81.61,82.42999999999999,-0.0,-0.82
2025-04-09 07:00:00-04:00,89.72,91.27,-0.0,-1.55
2025-04-09 08:00:00-04:00,66.6,67.21,-0.0,-0.61
2025-04-09 09:00:00-04:00,53.68,54.06,-0.0,-0.38
2025-04-09 10:00:00-04:00,49.27,49.67,-0.0,-0.4
2025-04-09 11:00:00-04:00,44.31,44.67,-0.0,-0.36
2025-04-09 12:00:00-04:00,42.42,42.85,-0.0,-0.43
2025-04-09 13:00:00-04:00,40.38,40.79,-0.0,-0.41
2025-04-09 14:00:00-04:00,39.19,39.629999999999995,-0.0,-0.44
2025-04-09 15:00:00-04:00,39.58,40.059999999999995,-0.0,-0.48
2025-04-09 16:00:00-04:00,43.44,43.97,-0.0,-0.53
2025-04-09 17:00:00-04:00,51.08,51.6,-0.0,-0.52
2025-04-09 18:00:00-04:00,64.81,65.53,-0.0,-0.72
2025-04-09 19:00:00-04:00,81.35,82.25,-0.0,-0.9
2025-04-09 20:00:00-04:00,78.38,78.87,0.3,-0.79
2025-04-09 21:00:00-04:00,66.05,66.80999999999999,-0.3,-0.46
2025-04-09 22:00:00-04:00,56.09,56.370000000000005,-0.0,-0.28
2025-04-09 23:00:00-04:00,51.04,51.24,-0.0,-0.2
2025-04-10 00:00:00-04:00,42.06,42.23,-0.0,-0.17
2025-04-10 01:00:00-04:00,41.86,41.99,-0.0,-0.13
2025-04-10 02:00:00-04:00,40.13,40.25,-0.0,-0.12
2025-04-10 03:00:00-04:00,39.08,39.2,-0.0,-0.12
2025-04-10 04:00:00-04:00,40.28,40.44,-0.0,-0.16
2025-04-10 05:00:00-04:00,42.69,42.86,-0.0,-0.17
2025-04-10 06:00:00-04:00,59.24,60.02,-0.0,-0.78
2025-04-10 07:00:00-04:00,64.37,65.42,-0.0,-1.05
2025-04-10 08:00:00-04:00,52.83,53.09,-0.0,-0.26
2025-04-10 09:00:00-04:00,44.4,44.58,-0.0,-0.18
2025-04-10 10:00:00-04:00,42.51,42.72,-0.0,-0.21
2025-04-10 11:00:00-04:00,40.52,40.760000000000005,-0.0,-0.24
2025-04-10 12:00:00-04:00,40.83,40.989999999999995,-0.0,-0.16
2025-04-10 13:00:00-04:00,41.87,42.04,-0.0,-0.17
2025-04-10 14:00:00-04:00,41.56,41.73,-0.0,-0.17
2025-04-10 15:00:00-04:00,42.36,42.57,-0.0,-0.21
2025-04-10 16:00:00-04:00,43.83,44.01,-0.0,-0.18
2025-04-10 17:00:00-04:00,48.86,49.2,-0.0,-0.34
2025-04-10 18:00:00-04:00,54.87,55.2,-0.0,-0.33
2025-04-10 19:00:00-04:00,62.43,63.45,-0.0,-1.02
2025-04-10 20:00:00-04:00,58.43,59.26,-0.0,-0.83
2025-04-10 21:00:00-04:00,50.99,51.35,-0.0,-0.36
2025-04-10 22:00:00-04:00,43.49,43.71,-0.0,-0.22
2025-04-10 23:00:00-04:00,41.58,41.75,-0.0,-0.17
2025-04-11 00:00:00-04:00,40.86,41.11,-0.0,-0.25
2025-04-11 01:00:00-04:00,39.66,39.9,-0.0,-0.24
2025-04-11 02:00:00-04:00,38.1,38.25,-0.0,-0.15
2025-04-11 03:00:00-04:00,37.71,37.9,-0.0,-0.19
2025-04-11 04:00:00-04:00,37.84,38.07,-0.0,-0.23
2025-04-11 05:00:00-04:00,42.35,42.56,-0.0,-0.21
2025-04-11 06:00:00-04:00,54.1,54.48,-0.0,-0.38
2025-04-11 07:00:00-04:00,63.0,62.809999999999995,1.26,-1.07
2025-04-11 08:00:00-04:00,55.61,57.34,-1.16,-0.57
2025-04-11 09:00:00-04:00,55.39,55.77,-0.1,-0.28
2025-04-11 10:00:00-04:00,53.29,53.61,-0.0,-0.32
2025-04-11 11:00:00-04:00,49.85,50.2,-0.0,-0.35
2025-04-11 12:00:00-04:00,48.75,49.04,-0.0,-0.29
2025-04-11 13:00:00-04:00,48.35,48.64,-0.0,-0.29
2025-04-11 14:00:00-04:00,47.67,48.0,-0.0,-0.33
2025-04-11 15:00:00-04:00,47.86,48.2,-0.0,-0.34
2025-04-11 16:00:00-04:00,48.11,48.45,-0.0,-0.34
2025-04-11 17:00:00-04:00,52.49,52.75,-0.0,-0.26
2025-04-11 18:00:00-04:00,55.62,56.29,-0.0,-0.67
2025-04-11 19:00:00-04:00,60.66,61.459999999999994,-0.0,-0.8
2025-04-11 20:00:00-04:00,57.12,57.87,-0.0,-0.75
2025-04-11 21:00:00-04:00,53.06,52.85,0.47,-0.26
2025-04-11 22:00:00-04:00,50.32,51.04,-0.47,-0.25
2025-04-11 23:00:00-04:00,48.54,48.73,-0.0,-0.19
2025-04-12 00:00:00-04:00,47.43,47.67,-0.0,-0.24
2025-04-12 01:00:00-04:00,43.6,43.690000000000005,-0.0,-0.09
2025-04-12 02:00:00-04:00,42.39,42.47,-0.0,-0.08
2025-04-12 03:00:00-04:00,40.61,40.69,-0.0,-0.08
2025-04-12 04:00:00-04:00,39.84,39.92,-0.0,-0.08
2025-04-12 05:00:00-04:00,43.53,43.620000000000005,-0.0,-0.09
2025-04-12 06:00:00-04:00,49.86,50.11,-0.0,-0.25
2025-04-12 07:00:00-04:00,55.34,54.86,0.81,-0.33
2025-04-12 08:00:00-04:00,55.62,56.68,-0.49,-0.57
2025-04-12 09:00:00-04:00,55.61,56.72,-0.32,-0.79
2025-04-12 10:00:00-04:00,55.62,56.349999999999994,-0.0,-0.73
2025-04-12 11:00:00-04:00,55.61,56.28,-0.0,-0.67
2025-04-12 12:00:00-04:00,52.21,52.58,-0.0,-0.37
2025-04-12 13:00:00-04:00,50.52,50.82,-0.0,-0.3
2025-04-12 14:00:00-04:00,49.2,49.540000000000006,-0.0,-0.34
2025-04-12 15:00:00-04:00,49.18,49.52,-0.0,-0.34
2025-04-12 16:00:00-04:00,49.34,49.74,-0.0,-0.4
2025-04-12 17:00:00-04:00,52.38,52.8,-0.0,-0.42
2025-04-12 18:00:00-04:00,53.38,53.81,-0.0,-0.43
2025-04-12 19:00:00-04:00,55.94,56.79,-0.0,-0.85
2025-04-12 20:00:00-04:00,56.99,57.8,-0.0,-0.81
2025-04-12 21:00:00-04:00,52.6,52.86,-0.0,-0.26
2025-04-12 22:00:00-04:00,50.4,50.65,-0.0,-0.25
2025-04-12 23:00:00-04:00,46.03,46.26,-0.0,-0.23
2025-04-13 00:00:00-04:00,49.54,49.69,-0.0,-0.15
2025-04-13 01:00:00-04:00,47.67,47.81,-0.0,-0.14
2025-04-13 02:00:00-04:00,44.77,44.81,-0.0,-0.04
2025-04-13 03:00:00-04:00,44.06,44.1,-0.0,-0.04
2025-04-13 04:00:00-04:00,45.1,45.15,-0.0,-0.05
2025-04-13 05:00:00-04:00,44.86,44.95,-0.0,-0.09
2025-04-13 06:00:00-04:00,46.79,47.07,-0.0,-0.28
2025-04-13 07:00:00-04:00,49.62,50.02,-0.0,-0.4
2025-04-13 08:00:00-04:00,50.22,50.57,-0.0,-0.35
2025-04-13 09:00:00-04:00,46.56,46.940000000000005,-0.0,-0.38
2025-04-13 10:00:00-04:00,44.95,45.220000000000006,-0.0,-0.27
2025-04-13 11:00:00-04:00,43.54,43.76,-0.0,-0.22
2025-04-13 12:00:00-04:00,40.97,41.26,-0.0,-0.29
2025-04-13 13:00:00-04:00,39.76,40.04,-0.0,-0.28
2025-04-13 14:00:00-04:00,39.13,39.45,-0.0,-0.32
2025-04-13 15:00:00-04:00,38.23,38.54,-0.0,-0.31
2025-04-13 16:00:00-04:00,40.98,41.38999999999999,-0.0,-0.41
2025-04-13 17:00:00-04:00,47.52,48.0,-0.0,-0.48
2025-04-13 18:00:00-04:00,52.28,52.86,-0.0,-0.58
2025-04-13 19:00:00-04:00,56.17,57.14,-0.0,-0.97
2025-04-13 20:00:00-04:00,60.8,61.72,-0.0,-0.92
2025-04-13 21:00:00-04:00,54.72,55.1,-0.0,-0.38
2025-04-13 22:00:00-04:00,47.23,47.559999999999995,-0.0,-0.33
2025-04-13 23:00:00-04:00,44.65,44.83,-0.0,-0.18
2025-04-14 00:00:00-04:00,40.46,40.66,-0.0,-0.2
2025-04-14 01:00:00-04:00,38.19,38.419999999999995,-0.0,-0.23
2025-04-14 02:00:00-04:00,38.21,38.44,-0.0,-0.23
2025-04-14 03:00:00-04:00,38.23,38.419999999999995,-0.0,-0.19
2025-04-14 04:00:00-04:00,40.12,40.32,-0.0,-0.2
2025-04-14 05:00:00-04:00,44.06,44.24,-0.0,-0.18
2025-04-14 06:00:00-04:00,55.61,56.4,-0.0,-0.79
2025-04-14 07:00:00-04:00,58.92,59.760000000000005,-0.0,-0.84
2025-04-14 08:00:00-04:00,49.08,49.48,-0.0,-0.4
2025-04-14 09:00:00-04:00,37.15,37.37,-0.0,-0.22
2025-04-14 10:00:00-04:00,34.89,35.13,-0.0,-0.24
2025-04-14 11:00:00-04:00,31.56,31.78,-0.0,-0.22
2025-04-14 12:00:00-04:00,31.01,31.23,-0.0,-0.22
2025-04-14 13:00:00-04:00,31.49,31.75,-0.0,-0.26
2025-04-14 14:00:00-04:00,31.94,32.2,-0.0,-0.26
2025-04-14 15:00:00-04:00,33.95,34.220000000000006,-0.0,-0.27
2025-04-14 16:00:00-04:00,36.98,37.32,-0.0,-0.34
2025-04-14 17:00:00-04:00,44.62,44.98,-0.0,-0.36
2025-04-14 18:00:00-04:00,54.44,55.04,-0.0,-0.6
2025-04-14 19:00:00-04:00,56.32,57.35,-0.0,-1.03
2025-04-14 20:00:00-04:00,55.62,56.7,-0.0,-1.08
2025-04-14 21:00:00-04:00,51.56,52.18,-0.0,-0.62
2025-04-14 22:00:00-04:00,40.62,41.029999999999994,-0.0,-0.41
2025-04-14 23:00:00-04:00,36.15,36.52,-0.0,-0.37
2025-04-15 00:00:00-04:00,32.7,33.06,-0.0,-0.36
2025-04-15 01:00:00-04:00,31.96,32.35,-0.0,-0.39
2025-04-15 02:00:00-04:00,32.09,32.480000000000004,-0.0,-0.39
2025-04-15 03:00:00-04:00,31.71,32.06,-0.0,-0.35
2025-04-15 04:00:00-04:00,33.14,33.54,-0.0,-0.4
2025-04-15 05:00:00-04:00,35.81,36.21,-0.0,-0.4
2025-04-15 06:00:00-04:00,46.9,47.52,-0.0,-0.62
2025-04-15 07:00:00-04:00,52.22,52.96,-0.0,-0.74
2025-04-15 08:00:00-04:00,44.98,45.52,-0.0,-0.54
2025-04-15 09:00:00-04:00,39.11,39.67,-0.0,-0.56
2025-04-15 10:00:00-04:00,36.71,37.31,-0.0,-0.6
2025-04-15 11:00:00-04:00,33.0,33.6,-0.0,-0.6
2025-04-15 12:00:00-04:00,32.12,32.71,-0.0,-0.59
2025-04-15 13:00:00-04:00,30.76,31.360000000000003,-0.0,-0.6
2025-04-15 14:00:00-04:00,30.33,30.889999999999997,-0.0,-0.56
2025-04-15 15:00:00-04:00,32.45,33.080000000000005,-0.0,-0.63
2025-04-15 16:00:00-04:00,36.22,36.92,-0.0,-0.7
2025-04-15 17:00:00-04:00,38.61,40.489999999999995,-1.19,-0.69
2025-04-15 18:00:00-04:00,43.36,45.21,-1.08,-0.77
2025-04-15 19:00:00-04:00,50.51,54.94,-3.5,-0.93
2025-04-15 20:00:00-04:00,47.06,48.57,-0.68,-0.83
2025-04-15 21:00:00-04:00,43.41,44.22,-0.06,-0.75
2025-04-15 22:00:00-04:00,38.26,38.919999999999995,-0.0,-0.66
2025-04-15 23:00:00-04:00,34.82,35.39,-0.0,-0.57
2025-04-16 00:00:00-04:00,30.79,31.29,-0.0,-0.5
2025-04-16 01:00:00-04:00,30.28,30.77,-0.0,-0.49
2025-04-16 02:00:00-04:00,30.88,31.38,-0.0,-0.5
2025-04-16 03:00:00-04:00,30.21,30.73,-0.0,-0.52
2025-04-16 04:00:00-04:00,31.87,32.39,-0.0,-0.52
2025-04-16 05:00:00-04:00,35.69,36.27,-0.0,-0.58
2025-04-16 06:00:00-04:00,45.5,46.38,-0.0,-0.88
2025-04-16 07:00:00-04:00,49.05,52.73,-2.68,-1.0
2025-04-16 08:00:00-04:00,42.71,43.49,-0.0,-0.78
2025-04-16 09:00:00-04:00,38.3,39.0,-0.0,-0.7
2025-04-16 10:00:00-04:00,34.96,35.64,-0.0,-0.68
2025-04-16 11:00:00-04:00,31.86,32.48,-0.0,-0.62
2025-04-16 12:00:00-04:00,30.42,31.01,-0.0,-0.59
2025-04-16 13:00:00-04:00,30.2,30.75,-0.0,-0.55
2025-04-16 14:00:00-04:00,30.31,30.83,-0.0,-0.52
2025-04-16 15:00:00-04:00,31.42,31.99,-0.0,-0.57
2025-04-16 16:00:00-04:00,33.66,34.279999999999994,-0.0,-0.62
2025-04-16 17:00:00-04:00,39.41,40.129999999999995,-0.0,-0.72
2025-04-16 18:00:00-04:00,44.7,46.25000000000001,-0.67,-0.88
2025-04-16 19:00:00-04:00,55.18,56.25,-0.0,-1.07
2025-04-16 20:00:00-04:00,54.97,56.04,-0.0,-1.07
2025-04-16 21:00:00-04:00,47.33,48.2,-0.0,-0.87
2025-04-16 22:00:00-04:00,41.05,41.669999999999995,-0.0,-0.62
2025-04-16 23:00:00-04:00,38.08,38.62,-0.0,-0.54
2025-04-17 00:00:00-04:00,33.22,33.69,-0.0,-0.47
2025-04-17 01:00:00-04:00,31.79,32.21,-0.0,-0.42
2025-04-17 02:00:00-04:00,32.06,32.45,-0.0,-0.39
2025-04-17 03:00:00-04:00,31.89,32.24,-0.0,-0.35
2025-04-17 04:00:00-04:00,32.55,32.94,-0.0,-0.39
2025-04-17 05:00:00-04:00,37.95,38.45,-0.0,-0.5
2025-04-17 06:00:00-04:00,52.86,53.66,-0.0,-0.8
2025-04-17 07:00:00-04:00,54.61,55.5,-0.0,-0.89
2025-04-17 08:00:00-04:00,41.21,41.88,-0.0,-0.67
2025-04-17 09:00:00-04:00,28.51,28.97,-0.0,-0.46
2025-04-17 10:00:00-04:00,25.56,25.98,-0.0,-0.42
2025-04-17 11:00:00-04:00,23.42,23.8,-0.0,-0.38
2025-04-17 12:00:00-04:00,23.03,23.380000000000003,-0.0,-0.35
2025-04-17 13:00:00-04:00,22.46,22.83,-0.0,-0.37
2025-04-17 14:00:00-04:00,21.71,22.09,-0.0,-0.38
2025-04-17 15:00:00-04:00,22.52,22.91,-0.0,-0.39
2025-04-17 16:00:00-04:00,23.71,24.1,-0.0,-0.39
2025-04-17 17:00:00-04:00,30.21,30.67,-0.0,-0.46
2025-04-17 18:00:00-04:00,41.61,42.2,-0.0,-0.59
2025-04-17 19:00:00-04:00,51.75,52.43,-0.0,-0.68
2025-04-17 20:00:00-04:00,52.48,53.11,-0.0,-0.63
2025-04-17 21:00:00-04:00,44.89,45.3,-0.0,-0.41
2025-04-17 22:00:00-04:00,38.5,38.81,-0.0,-0.31
2025-04-17 23:00:00-04:00,35.19,35.44,-0.0,-0.25
2025-04-18 00:00:00-04:00,31.71,31.9,-0.0,-0.19
2025-04-18 01:00:00-04:00,29.22,29.34,-0.0,-0.12
2025-04-18 02:00:00-04:00,27.76,27.9,-0.0,-0.14
2025-04-18 03:00:00-04:00,27.63,27.77,-0.0,-0.14
2025-04-18 04:00:00-04:00,29.0,29.14,-0.0,-0.14
2025-04-18 05:00:00-04:00,33.17,33.370000000000005,-0.0,-0.2
2025-04-18 06:00:00-04:00,42.19,42.53,-0.0,-0.34
2025-04-18 07:00:00-04:00,45.31,44.31,1.44,-0.44
2025-04-18 08:00:00-04:00,36.32,38.14,-1.44,-0.38
2025-04-18 09:00:00-04:00,27.46,27.74,-0.0,-0.28
2025-04-18 10:00:00-04:00,25.83,26.09,-0.0,-0.26
2025-04-18 11:00:00-04:00,24.22,24.49,-0.0,-0.27
2025-04-18 12:00:00-04:00,23.27,23.53,-0.0,-0.26
2025-04-18 13:00:00-04:00,23.46,23.72,-0.0,-0.26
2025-04-18 14:00:00-04:00,23.55,23.81,-0.0,-0.26
2025-04-18 15:00:00-04:00,20.48,20.71,-0.0,-0.23
2025-04-18 16:00:00-04:00,19.98,20.22,-0.0,-0.24
2025-04-18 17:00:00-04:00,22.61,22.88,-0.0,-0.27
2025-04-18 18:00:00-04:00,33.19,33.66,-0.0,-0.47
2025-04-18 19:00:00-04:00,36.84,37.36000000000001,-0.0,-0.52
2025-04-18 20:00:00-04:00,36.49,37.010000000000005,-0.0,-0.52
2025-04-18 21:00:00-04:00,33.03,33.5,-0.0,-0.47
2025-04-18 22:00:00-04:00,28.57,28.98,-0.0,-0.41
2025-04-18 23:00:00-04:00,30.09,30.49,-0.0,-0.4
2025-04-19 00:00:00-04:00,22.42,22.74,-0.0,-0.32
2025-04-19 01:00:00-04:00,20.51,20.78,-0.0,-0.27
2025-04-19 02:00:00-04:00,20.35,20.58,-0.0,-0.23
2025-04-19 03:00:00-04:00,18.87,19.1,-0.0,-0.23
2025-04-19 04:00:00-04:00,21.38,21.66,-0.0,-0.28
2025-04-19 05:00:00-04:00,23.5,25.59,-1.73,-0.36
2025-04-19 06:00:00-04:00,24.89,23.49,1.73,-0.33
2025-04-19 07:00:00-04:00,27.37,27.790000000000003,-0.0,-0.42
2025-04-19 08:00:00-04:00,28.25,28.71,-0.0,-0.46
2025-04-19 09:00:00-04:00,26.43,26.83,-0.0,-0.4
2025-04-19 10:00:00-04:00,25.31,25.72,-0.0,-0.41
2025-04-19 11:00:00-04:00,25.63,26.05,-0.0,-0.42
2025-04-19 12:00:00-04:00,25.54,25.98,-0.0,-0.44
2025-04-19 13:00:00-04:00,25.06,25.49,-0.0,-0.43
2025-04-19 14:00:00-04:00,25.21,25.62,-0.0,-0.41
2025-04-19 15:00:00-04:00,26.9,27.34,-0.0,-0.44
2025-04-19 16:00:00-04:00,28.54,28.97,-0.0,-0.43
2025-04-19 17:00:00-04:00,35.02,35.550000000000004,-0.0,-0.53
2025-04-19 18:00:00-04:00,35.42,35.89,-0.0,-0.47
2025-04-19 19:00:00-04:00,36.38,36.86,-0.0,-0.48
2025-04-19 20:00:00-04:00,38.96,39.47,-0.0,-0.51
2025-04-19 21:00:00-04:00,35.03,35.53,-0.0,-0.5
2025-04-19 22:00:00-04:00,31.43,31.88,-0.0,-0.45
2025-04-19 23:00:00-04:00,28.99,29.4,-0.0,-0.41
2025-04-20 00:00:00-04:00,26.61,26.99,-0.0,-0.38
2025-04-20 01:00:00-04:00,26.64,27.07,-0.0,-0.43
2025-04-20 02:00:00-04:00,24.81,25.19,-0.0,-0.38
2025-04-20 03:00:00-04:00,23.86,24.22,-0.0,-0.36
2025-04-20 04:00:00-04:00,22.69,23.01,-0.0,-0.32
2025-04-20 05:00:00-04:00,24.37,24.74,-0.0,-0.37
2025-04-20 06:00:00-04:00,28.42,28.880000000000003,-0.0,-0.46
2025-04-20 07:00:00-04:00,27.44,27.91,-0.0,-0.47
2025-04-20 08:00:00-04:00,24.64,25.04,-0.0,-0.4
2025-04-20 09:00:00-04:00,20.46,20.81,-0.0,-0.35
2025-04-20 10:00:00-04:00,19.35,19.68,-0.0,-0.33
2025-04-20 11:00:00-04:00,17.56,17.88,-0.0,-0.32
2025-04-20 12:00:00-04:00,16.73,17.04,-0.0,-0.31
2025-04-20 13:00:00-04:00,16.87,17.18,-0.0,-0.31
2025-04-20 14:00:00-04:00,16.16,16.47,-0.0,-0.31
2025-04-20 15:00:00-04:00,17.33,17.65,-0.0,-0.32
2025-04-20 16:00:00-04:00,19.26,19.57,-0.0,-0.31
2025-04-20 17:00:00-04:00,27.49,27.91,-0.0,-0.42
2025-04-20 18:00:00-04:00,35.19,35.3,0.31,-0.42
2025-04-20 19:00:00-04:00,42.04,42.78,-0.31,-0.43
2025-04-20 20:00:00-04:00,41.7,42.080000000000005,-0.0,-0.38
2025-04-20 21:00:00-04:00,35.76,36.05,-0.0,-0.29
2025-04-20 22:00:00-04:00,33.64,33.88,-0.0,-0.24
2025-04-20 23:00:00-04:00,29.93,30.08,-0.0,-0.15
2025-04-21 00:00:00-04:00,28.12,28.18,-0.0,-0.06
2025-04-21 01:00:00-04:00,26.7,26.75,-0.0,-0.05
2025-04-21 02:00:00-04:00,25.23,25.28,-0.0,-0.05
2025-04-21 03:00:00-04:00,24.1,24.12,-0.0,-0.02
2025-04-21 04:00:00-04:00,24.88,24.95,-0.0,-0.07
2025-04-21 05:00:00-04:00,27.67,27.75,-0.0,-0.08
2025-04-21 06:00:00-04:00,32.22,32.379999999999995,-0.0,-0.16
2025-04-21 07:00:00-04:00,36.2,36.38,-0.0,-0.18
2025-04-21 08:00:00-04:00,33.93,34.17,-0.0,-0.24
2025-04-21 09:00:00-04:00,31.16,31.41,-0.0,-0.25
2025-04-21 10:00:00-04:00,30.19,30.4,-0.0,-0.21
2025-04-21 11:00:00-04:00,29.56,29.77,-0.0,-0.21
2025-04-21 12:00:00-04:00,28.5,28.73,-0.0,-0.23
2025-04-21 13:00:00-04:00,27.67,27.92,-0.0,-0.25
2025-04-21 14:00:00-04:00,28.23,28.52,-0.0,-0.29
2025-04-21 15:00:00-04:00,32.37,32.66,-0.0,-0.29
2025-04-21 16:00:00-04:00,35.41,35.839999999999996,-0.0,-0.43
2025-04-21 17:00:00-04:00,35.72,36.19,-0.0,-0.47
2025-04-21 18:00:00-04:00,35.98,36.45,-0.0,-0.47
2025-04-21 19:00:00-04:00,41.75,42.34,-0.0,-0.59
2025-04-21 20:00:00-04:00,35.44,35.83,-0.0,-0.39
2025-04-21 21:00:00-04:00,34.27,34.620000000000005,-0.0,-0.35
2025-04-21 22:00:00-04:00,27.08,27.299999999999997,-0.0,-0.22
2025-04-21 23:00:00-04:00,21.04,21.23,-0.0,-0.19
2025-04-22 00:00:00-04:00,16.16,16.32,-0.0,-0.16
2025-04-22 01:00:00-04:00,13.18,13.33,-0.0,-0.15
2025-04-22 02:00:00-04:00,13.5,13.64,-0.0,-0.14
2025-04-22 03:00:00-04:00,11.13,11.25,-0.0,-0.12
2025-04-22 04:00:00-04:00,15.79,15.97,-0.0,-0.18
2025-04-22 05:00:00-04:00,20.02,20.22,-0.0,-0.2
2025-04-22 06:00:00-04:00,23.04,23.3,-0.0,-0.26
2025-04-22 07:00:00-04:00,36.44,36.879999999999995,-0.0,-0.44
2025-04-22 08:00:00-04:00,33.25,33.76,-0.0,-0.51
2025-04-22 09:00:00-04:00,28.3,28.76,-0.0,-0.46
2025-04-22 10:00:00-04:00,28.52,28.95,-0.0,-0.43
2025-04-22 11:00:00-04:00,27.1,27.540000000000003,-0.0,-0.44
2025-04-22 12:00:00-04:00,25.8,26.22,-0.0,-0.42
2025-04-22 13:00:00-04:00,26.82,27.2,-0.0,-0.38
2025-04-22 14:00:00-04:00,25.46,25.85,-0.0,-0.39
2025-04-22 15:00:00-04:00,26.05,26.45,-0.0,-0.4
2025-04-22 16:00:00-04:00,28.99,29.43,-0.0,-0.44
2025-04-22 17:00:00-04:00,34.84,35.370000000000005,-0.0,-0.53
2025-04-22 18:00:00-04:00,41.4,41.99,-0.0,-0.59
2025-04-22 19:00:00-04:00,46.24,46.9,-0.0,-0.66
2025-04-22 20:00:00-04:00,48.68,49.32,-0.0,-0.64
2025-04-22 21:00:00-04:00,38.96,39.35,-0.0,-0.39
2025-04-22 22:00:00-04:00,33.34,33.61000000000001,-0.0,-0.27
2025-04-22 23:00:00-04:00,31.04,31.23,-0.0,-0.19
2025-04-23 00:00:00-04:00,26.03,26.21,-0.0,-0.18
2025-04-23 01:00:00-04:00,25.49,25.7,-0.0,-0.21
2025-04-23 02:00:00-04:00,23.99,24.18,-0.0,-0.19
2025-04-23 03:00:00-04:00,24.75,24.92,-0.0,-0.17
2025-04-23 04:00:00-04:00,25.84,26.02,-0.0,-0.18
2025-04-23 05:00:00-04:00,29.79,30.0,-0.0,-0.21
2025-04-23 06:00:00-04:00,39.03,39.35,-0.0,-0.32
2025-04-23 07:00:00-04:00,39.31,39.67,-0.0,-0.36
2025-04-23 08:00:00-04:00,31.96,32.31,-0.0,-0.35
2025-04-23 09:00:00-04:00,26.75,27.05,-0.0,-0.3
2025-04-23 10:00:00-04:00,24.75,25.02,-0.0,-0.27
2025-04-23 11:00:00-04:00,22.73,23.01,-0.0,-0.28
2025-04-23 12:00:00-04:00,22.02,22.29,-0.0,-0.27
2025-04-23 13:00:00-04:00,22.33,22.6,-0.0,-0.27
2025-04-23 14:00:00-04:00,22.29,22.56,-0.0,-0.27
2025-04-23 15:00:00-04:00,24.41,24.71,-0.0,-0.3
2025-04-23 16:00:00-04:00,27.78,28.09,-0.0,-0.31
2025-04-23 17:00:00-04:00,33.36,33.66,-0.0,-0.3
2025-04-23 18:00:00-04:00,39.33,39.61,-0.0,-0.28
2025-04-23 19:00:00-04:00,44.36,44.58,-0.0,-0.22
2025-04-23 20:00:00-04:00,44.78,45.05,-0.0,-0.27
2025-04-23 21:00:00-04:00,36.57,36.72,-0.0,-0.15
2025-04-23 22:00:00-04:00,32.65,32.72,-0.0,-0.07
2025-04-23 23:00:00-04:00,29.38,29.41,-0.0,-0.03
2025-04-24 00:00:00-04:00,25.96,26.06,-0.0,-0.1
2025-04-24 01:00:00-04:00,24.45,24.55,-0.0,-0.1
2025-04-24 02:00:00-04:00,22.28,22.39,-0.0,-0.11
2025-04-24 03:00:00-04:00,21.91,22.02,-0.0,-0.11
2025-04-24 04:00:00-04:00,20.72,20.84,-0.0,-0.12
2025-04-24 05:00:00-04:00,26.66,26.9,-0.0,-0.24
2025-04-24 06:00:00-04:00,32.61,32.91,-0.0,-0.3
2025-04-24 07:00:00-04:00,37.01,37.35,-0.0,-0.34
2025-04-24 08:00:00-04:00,31.46,31.78,-0.0,-0.32
2025-04-24 09:00:00-04:00,25.64,25.87,-0.0,-0.23
2025-04-24 10:00:00-04:00,24.78,25.01,-0.0,-0.23
2025-04-24 11:00:00-04:00,23.55,23.74,-0.0,-0.19
2025-04-24 12:00:00-04:00,23.93,24.12,-0.0,-0.19
2025-04-24 13:00:00-04:00,24.48,24.68,-0.0,-0.2
2025-04-24 14:00:00-04:00,24.85,25.1,-0.0,-0.25
2025-04-24 15:00:00-04:00,27.34,27.64,-0.0,-0.3
2025-04-24 16:00:00-04:00,30.22,30.59,-0.0,-0.37
2025-04-24 17:00:00-04:00,35.49,35.88,-0.0,-0.39
2025-04-24 18:00:00-04:00,41.92,42.34,-0.0,-0.42
2025-04-24 19:00:00-04:00,47.2,47.68,-0.0,-0.48
2025-04-24 20:00:00-04:00,44.7,45.06,-0.0,-0.36
2025-04-24 21:00:00-04:00,37.53,37.83,-0.0,-0.3
2025-04-24 22:00:00-04:00,32.01,32.23,-0.0,-0.22
2025-04-24 23:00:00-04:00,29.23,29.41,-0.0,-0.18
2025-04-25 00:00:00-04:00,25.94,26.15,-0.0,-0.21
2025-04-25 01:00:00-04:00,24.34,24.51,-0.0,-0.17
2025-04-25 02:00:00-04:00,23.09,23.23,-0.0,-0.14
2025-04-25 03:00:00-04:00,23.31,23.45,-0.0,-0.14
2025-04-25 04:00:00-04:00,24.66,24.76,-0.0,-0.1
2025-04-25 05:00:00-04:00,27.31,27.45,-0.0,-0.14
2025-04-25 06:00:00-04:00,33.67,33.870000000000005,-0.0,-0.2
2025-04-25 07:00:00-04:00,37.91,38.25,-0.0,-0.34
2025-04-25 08:00:00-04:00,30.78,31.09,-0.0,-0.31
2025-04-25 09:00:00-04:00,27.92,28.15,-0.0,-0.23
2025-04-25 10:00:00-04:00,26.27,26.48,-0.0,-0.21
2025-04-25 11:00:00-04:00,26.16,26.37,-0.0,-0.21
2025-04-25 12:00:00-04:00,26.76,26.98,-0.0,-0.22
2025-04-25 13:00:00-04:00,27.56,27.78,-0.0,-0.22
2025-04-25 14:00:00-04:00,28.71,28.94,-0.0,-0.23
2025-04-25 15:00:00-04:00,30.41,30.69,-0.0,-0.28
2025-04-25 16:00:00-04:00,33.93,34.27,-0.0,-0.34
2025-04-25 17:00:00-04:00,38.39,39.1,-0.28,-0.43
2025-04-25 18:00:00-04:00,42.45,42.64,0.28,-0.47
2025-04-25 19:00:00-04:00,44.62,45.16,-0.0,-0.54
2025-04-25 20:00:00-04:00,41.73,42.23,-0.0,-0.5
2025-04-25 21:00:00-04:00,34.48,34.9,-0.0,-0.42
2025-04-25 22:00:00-04:00,31.88,32.269999999999996,-0.0,-0.39
2025-04-25 23:00:00-04:00,27.89,28.23,-0.0,-0.34
2025-04-26 00:00:00-04:00,28.73,28.96,-0.0,-0.23
2025-04-26 01:00:00-04:00,25.27,25.45,-0.0,-0.18
2025-04-26 02:00:00-04:00,23.95,24.09,-0.0,-0.14
2025-04-26 03:00:00-04:00,21.67,21.82,-0.0,-0.15
2025-04-26 04:00:00-04:00,22.27,22.43,-0.0,-0.16
2025-04-26 05:00:00-04:00,22.55,22.69,-0.0,-0.14
2025-04-26 06:00:00-04:00,20.96,21.11,-0.0,-0.15
2025-04-26 07:00:00-04:00,26.29,26.5,-0.0,-0.21
2025-04-26 08:00:00-04:00,31.0,31.22,-0.0,-0.22
2025-04-26 09:00:00-04:00,29.64,29.79,-0.0,-0.15
2025-04-26 10:00:00-04:00,29.38,29.53,-0.0,-0.15
2025-04-26 11:00:00-04:00,26.57,26.73,-0.0,-0.16
2025-04-26 12:00:00-04:00,25.86,26.02,-0.0,-0.16
2025-04-26 13:00:00-04:00,22.95,23.11,-0.0,-0.16
2025-04-26 14:00:00-04:00,22.26,22.44,-0.0,-0.18
2025-04-26 15:00:00-04:00,19.53,19.71,-0.0,-0.18
2025-04-26 16:00:00-04:00,17.88,18.04,-0.0,-0.16
2025-04-26 17:00:00-04:00,23.63,23.85,-0.0,-0.22
2025-04-26 18:00:00-04:00,23.78,24.02,-0.0,-0.24
2025-04-26 19:00:00-04:00,30.27,30.58,-0.0,-0.31
2025-04-26 20:00:00-04:00,29.6,29.96,-0.0,-0.36
2025-04-26 21:00:00-04:00,31.99,32.379999999999995,-0.0,-0.39
2025-04-26 22:00:00-04:00,27.61,27.94,-0.0,-0.33
2025-04-26 23:00:00-04:00,21.94,22.18,-0.0,-0.24
2025-04-27 00:00:00-04:00,11.16,11.31,-0.0,-0.15
2025-04-27 01:00:00-04:00,13.06,13.2,-0.0,-0.14
2025-04-27 02:00:00-04:00,13.27,13.4,-0.0,-0.13
2025-04-27 03:00:00-04:00,13.25,13.36,-0.0,-0.11
2025-04-27 04:00:00-04:00,14.42,14.54,-0.0,-0.12
2025-04-27 05:00:00-04:00,19.25,19.38,-0.0,-0.13
2025-04-27 06:00:00-04:00,17.62,17.78,-0.0,-0.16
2025-04-27 07:00:00-04:00,21.73,21.97,-0.0,-0.24
2025-04-27 08:00:00-04:00,18.78,19.03,-0.0,-0.25
2025-04-27 09:00:00-04:00,16.94,17.16,-0.0,-0.22
2025-04-27 10:00:00-04:00,16.89,17.080000000000002,-0.0,-0.19
2025-04-27 11:00:00-04:00,13.88,14.03,-0.0,-0.15
2025-04-27 12:00:00-04:00,13.89,14.04,-0.0,-0.15
2025-04-27 13:00:00-04:00,17.34,17.53,-0.0,-0.19
2025-04-27 14:00:00-04:00,13.83,13.98,-0.0,-0.15
2025-04-27 15:00:00-04:00,13.78,13.92,-0.0,-0.14
2025-04-27 16:00:00-04:00,19.7,19.9,-0.0,-0.2
2025-04-27 17:00:00-04:00,22.1,22.3,-0.0,-0.2
2025-04-27 18:00:00-04:00,28.72,28.92,-0.0,-0.2
2025-04-27 19:00:00-04:00,38.72,39.07,-0.0,-0.35
2025-04-27 20:00:00-04:00,43.16,43.55,-0.0,-0.39
2025-04-27 21:00:00-04:00,31.74,32.089999999999996,-0.0,-0.35
2025-04-27 22:00:00-04:00,28.49,28.78,-0.0,-0.29
2025-04-27 23:00:00-04:00,26.45,26.69,-0.0,-0.24
2025-04-28 00:00:00-04:00,29.37,29.58,-0.0,-0.21
2025-04-28 01:00:00-04:00,26.11,26.27,-0.0,-0.16
2025-04-28 02:00:00-04:00,24.96,25.130000000000003,-0.0,-0.17
2025-04-28 03:00:00-04:00,24.94,25.06,-0.0,-0.12
2025-04-28 04:00:00-04:00,25.25,25.38,-0.0,-0.13
2025-04-28 05:00:00-04:00,28.07,28.21,-0.0,-0.14
2025-04-28 06:00:00-04:00,36.79,36.97,-0.0,-0.18
2025-04-28 07:00:00-04:00,38.28,38.43,-0.0,-0.15
2025-04-28 08:00:00-04:00,32.57,32.8,-0.0,-0.23
2025-04-28 09:00:00-04:00,27.3,27.46,-0.0,-0.16
2025-04-28 10:00:00-04:00,24.06,24.2,-0.0,-0.14
2025-04-28 11:00:00-04:00,22.85,23.01,-0.0,-0.16
2025-04-28 12:00:00-04:00,22.71,22.85,-0.0,-0.14
2025-04-28 13:00:00-04:00,23.5,23.66,-0.0,-0.16
2025-04-28 14:00:00-04:00,23.35,23.49,-0.0,-0.14
2025-04-28 15:00:00-04:00,24.24,24.389999999999997,-0.0,-0.15
2025-04-28 16:00:00-04:00,27.98,28.15,-0.0,-0.17
2025-04-28 17:00:00-04:00,32.64,32.77,-0.0,-0.13
2025-04-28 18:00:00-04:00,39.7,39.82,-0.0,-0.12
2025-04-28 19:00:00-04:00,46.5,46.73,-0.0,-0.23
2025-04-28 20:00:00-04:00,46.39,46.65,-0.07,-0.19
2025-04-28 21:00:00-04:00,35.73,35.87,0.07,-0.21
2025-04-28 22:00:00-04:00,27.72,27.94,-0.0,-0.22
2025-04-28 23:00:00-04:00,22.53,22.74,-0.0,-0.21
2025-04-29 00:00:00-04:00,17.21,17.400000000000002,-0.0,-0.19
2025-04-29 01:00:00-04:00,9.32,9.42,-0.0,-0.1
2025-04-29 02:00:00-04:00,10.94,11.07,-0.0,-0.13
2025-04-29 03:00:00-04:00,8.07,8.18,-0.0,-0.11
2025-04-29 04:00:00-04:00,7.74,7.85,-0.0,-0.11
2025-04-29 05:00:00-04:00,13.98,14.18,-0.0,-0.2
2025-04-29 06:00:00-04:00,15.88,16.12,-0.0,-0.24
2025-04-29 07:00:00-04:00,16.03,16.26,-0.0,-0.23
2025-04-29 08:00:00-04:00,17.22,17.48,-0.0,-0.26
2025-04-29 09:00:00-04:00,17.32,17.580000000000002,-0.0,-0.26
2025-04-29 10:00:00-04:00,18.04,18.31,-0.0,-0.27
2025-04-29 11:00:00-04:00,18.36,18.64,-0.0,-0.28
2025-04-29 12:00:00-04:00,18.56,18.84,-0.0,-0.28
2025-04-29 13:00:00-04:00,21.37,21.72,-0.0,-0.35
2025-04-29 14:00:00-04:00,25.53,25.950000000000003,-0.0,-0.42
2025-04-29 15:00:00-04:00,28.57,29.0,-0.0,-0.43
2025-04-29 16:00:00-04:00,25.38,25.74,-0.0,-0.36
2025-04-29 17:00:00-04:00,27.69,28.06,-0.0,-0.37
2025-04-29 18:00:00-04:00,29.46,29.85,-0.0,-0.39
2025-04-29 19:00:00-04:00,31.67,32.050000000000004,-0.0,-0.38
2025-04-29 20:00:00-04:00,32.51,32.9,-0.0,-0.39
2025-04-29 21:00:00-04:00,28.42,28.82,-0.0,-0.4
2025-04-29 22:00:00-04:00,25.05,25.43,-0.0,-0.38
2025-04-29 23:00:00-04:00,18.04,18.31,-0.0,-0.27
2025-04-30 00:00:00-04:00,19.23,19.52,-0.0,-0.29
2025-04-30 01:00:00-04:00,17.94,18.21,-0.0,-0.27
2025-04-30 02:00:00-04:00,18.22,18.5,-0.0,-0.28
2025-04-30 03:00:00-04:00,18.72,18.99,-0.0,-0.27
2025-04-30 04:00:00-04:00,24.58,24.95,-0.0,-0.37
2025-04-30 05:00:00-04:00,28.35,28.75,-0.0,-0.4
2025-04-30 06:00:00-04:00,38.0,38.46,-0.0,-0.46
2025-04-30 07:00:00-04:00,41.67,42.17,-0.0,-0.5
2025-04-30 08:00:00-04:00,34.67,35.09,-0.0,-0.42
2025-04-30 09:00:00-04:00,29.84,30.2,-0.0,-0.36
2025-04-30 10:00:00-04:00,28.15,28.49,-0.0,-0.34
2025-04-30 11:00:00-04:00,26.89,27.22,-0.0,-0.33
2025-04-30 12:00:00-04:00,26.23,26.55,-0.0,-0.32
2025-04-30 13:00:00-04:00,25.64,25.92,-0.0,-0.28
2025-04-30 14:00:00-04:00,25.91,26.2,-0.0,-0.29
2025-04-30 15:00:00-04:00,27.29,27.59,-0.0,-0.3
2025-04-30 16:00:00-04:00,29.9,30.2,-0.0,-0.3
2025-04-30 17:00:00-04:00,39.76,40.12,-0.0,-0.36
2025-04-30 18:00:00-04:00,46.65,47.07,-0.0,-0.42
2025-04-30 19:00:00-04:00,51.6,52.02,-0.0,-0.42
2025-04-30 20:00:00-04:00,52.25,52.62,-0.0,-0.37
2025-04-30 21:00:00-04:00,42.3,42.55,-0.0,-0.25
2025-04-30 22:00:00-04:00,35.8,36.01,-0.0,-0.21
2025-04-30 23:00:00-04:00,31.27,31.43,-0.0,-0.16
2025-05-01 00:00:00-04:00,34.13,34.46000000000001,-0.09,-0.24
2025-05-01 01:00:00-04:00,28.57,28.59,0.09,-0.11
2025-05-01 02:00:00-04:00,27.25,27.39,-0.0,-0.14
2025-05-01 03:00:00-04:00,26.79,26.92,-0.0,-0.13
2025-05-01 04:00:00-04:00,28.29,28.46,-0.0,-0.17
2025-05-01 05:00:00-04:00,33.46,33.63,-0.0,-0.17
2025-05-01 06:00:00-04:00,42.73,42.94,-0.0,-0.21
2025-05-01 07:00:00-04:00,44.93,44.84,-0.0,0.09
2025-05-01 08:00:00-04:00,35.8,35.8,-0.0,0.0
2025-05-01 09:00:00-04:00,31.1,31.1,-0.0,0.0
2025-05-01 10:00:00-04:00,28.91,28.91,-0.0,0.0
2025-05-01 11:00:00-04:00,27.38,27.38,-0.0,0.0
2025-05-01 12:00:00-04:00,27.03,27.06,-0.0,-0.03
2025-05-01 13:00:00-04:00,27.66,27.69,-0.0,-0.03
2025-05-01 14:00:00-04:00,28.56,28.59,-0.0,-0.03
2025-05-01 15:00:00-04:00,30.4,30.4,-0.0,0.0
2025-05-01 16:00:00-04:00,33.41,33.379999999999995,-0.0,0.03
2025-05-01 17:00:00-04:00,38.18,38.14,-0.0,0.04
2025-05-01 18:00:00-04:00,44.03,44.03,-0.0,0.0
2025-05-01 19:00:00-04:00,50.68,50.83,-0.0,-0.15
2025-05-01 20:00:00-04:00,46.83,47.02,-0.0,-0.19
2025-05-01 21:00:00-04:00,37.74,37.89,-0.0,-0.15
2025-05-01 22:00:00-04:00,32.25,32.48,-0.0,-0.23
2025-05-01 23:00:00-04:00,29.76,30.540000000000003,-0.57,-0.21
2025-05-02 00:00:00-04:00,28.08,31.11,-2.59,-0.44
2025-05-02 01:00:00-04:00,24.98,26.46,-1.14,-0.34
2025-05-02 02:00:00-04:00,23.0,25.29,-1.96,-0.33
2025-05-02 03:00:00-04:00,22.3,24.58,-1.96,-0.32
2025-05-02 04:00:00-04:00,22.87,25.24,-2.02,-0.35
2025-05-02 05:00:00-04:00,25.62,28.39,-2.34,-0.43
2025-05-02 06:00:00-04:00,33.48,36.989999999999995,-2.96,-0.55
2025-05-02 07:00:00-04:00,40.99,41.21,0.44,-0.66
2025-05-02 08:00:00-04:00,35.0,38.95,-3.4,-0.55
2025-05-02 09:00:00-04:00,34.3,37.89,-3.06,-0.53
2025-05-02 10:00:00-04:00,31.43,34.76,-2.81,-0.52
2025-05-02 11:00:00-04:00,30.32,33.77,-2.94,-0.51
2025-05-02 12:00:00-04:00,29.43,33.36,-3.43,-0.5
2025-05-02 13:00:00-04:00,29.09,32.96,-3.38,-0.49
2025-05-02 14:00:00-04:00,30.77,34.97,-3.64,-0.56
2025-05-02 15:00:00-04:00,30.69,34.74,-3.49,-0.56
2025-05-02 16:00:00-04:00,33.19,37.2,-3.38,-0.63
2025-05-02 17:00:00-04:00,42.29,42.98,-0.0,-0.69
2025-05-02 18:00:00-04:00,50.56,51.43,-0.0,-0.87
2025-05-02 19:00:00-04:00,54.99,55.89,-0.0,-0.9
2025-05-02 20:00:00-04:00,55.61,56.52,-0.0,-0.91
2025-05-02 21:00:00-04:00,44.79,45.33,-0.0,-0.54
2025-05-02 22:00:00-04:00,38.67,39.02,-0.0,-0.35
2025-05-02 23:00:00-04:00,34.32,34.7,-0.0,-0.38
2025-05-03 00:00:00-04:00,38.4,39.1,-0.0,-0.7
2025-05-03 01:00:00-04:00,32.15,32.67,-0.0,-0.52
2025-05-03 02:00:00-04:00,28.6,29.07,-0.0,-0.47
2025-05-03 03:00:00-04:00,27.9,28.35,-0.0,-0.45
2025-05-03 04:00:00-04:00,27.99,28.45,-0.0,-0.46
2025-05-03 05:00:00-04:00,28.87,29.34,-0.0,-0.47
2025-05-03 06:00:00-04:00,31.76,32.050000000000004,-0.0,-0.29
2025-05-03 07:00:00-04:00,39.63,39.55,-0.0,0.08
2025-05-03 08:00:00-04:00,37.45,37.38,-0.0,0.07
2025-05-03 09:00:00-04:00,37.09,36.98,-0.0,0.11
2025-05-03 10:00:00-04:00,36.37,36.26,-0.0,0.11
2025-05-03 11:00:00-04:00,37.35,37.24,-0.0,0.11
2025-05-03 12:00:00-04:00,36.45,36.34,-0.0,0.11
2025-05-03 13:00:00-04:00,36.9,36.79,-0.0,0.11
2025-05-03 14:00:00-04:00,38.83,38.75,-0.0,0.08
2025-05-03 15:00:00-04:00,43.7,43.61,-0.0,0.09
2025-05-03 16:00:00-04:00,47.2,47.150000000000006,-0.0,0.05
2025-05-03 17:00:00-04:00,50.88,50.88,-0.0,0.0
2025-05-03 18:00:00-04:00,55.61,55.89,-0.0,-0.28
2025-05-03 19:00:00-04:00,55.38,55.830000000000005,-0.0,-0.45
2025-05-03 20:00:00-04:00,53.74,53.690000000000005,-0.0,0.05
2025-05-03 21:00:00-04:00,48.43,48.33,-0.0,0.1
2025-05-03 22:00:00-04:00,43.65,43.48,-0.0,0.17
2025-05-03 23:00:00-04:00,39.33,39.21,-0.0,0.12
2025-05-04 00:00:00-04:00,39.65,39.93,-0.0,-0.28
2025-05-04 01:00:00-04:00,31.07,31.26,-0.0,-0.19
2025-05-04 02:00:00-04:00,31.43,31.65,-0.0,-0.22
2025-05-04 03:00:00-04:00,29.9,30.08,-0.0,-0.18
2025-05-04 04:00:00-04:00,29.6,29.84,-0.0,-0.24
2025-05-04 05:00:00-04:00,30.09,30.33,-0.0,-0.24
2025-05-04 06:00:00-04:00,28.31,28.54,-0.0,-0.23
2025-05-04 07:00:00-04:00,29.72,29.959999999999997,-0.0,-0.24
2025-05-04 08:00:00-04:00,30.98,31.2,-0.0,-0.22
2025-05-04 09:00:00-04:00,34.11,34.31,-0.0,-0.2
2025-05-04 10:00:00-04:00,33.01,33.239999999999995,-0.0,-0.23
2025-05-04 11:00:00-04:00,34.33,34.57,-0.0,-0.24
2025-05-04 12:00:00-04:00,34.71,34.99,-0.0,-0.28
2025-05-04 13:00:00-04:00,35.44,35.73,-0.0,-0.29
2025-05-04 14:00:00-04:00,34.6,34.84,-0.0,-0.24
2025-05-04 15:00:00-04:00,36.8,37.099999999999994,-0.0,-0.3
2025-05-04 16:00:00-04:00,38.62,38.89,-0.0,-0.27
2025-05-04 17:00:00-04:00,35.61,35.82,-0.0,-0.21
2025-05-04 18:00:00-04:00,44.85,45.120000000000005,-0.0,-0.27
2025-05-04 19:00:00-04:00,47.94,48.33,-0.0,-0.39
2025-05-04 20:00:00-04:00,44.36,44.67,-0.0,-0.31
2025-05-04 21:00:00-04:00,39.56,39.88,-0.0,-0.32
2025-05-04 22:00:00-04:00,33.95,34.260000000000005,-0.0,-0.31
2025-05-04 23:00:00-04:00,31.92,32.27,-0.0,-0.35
2025-05-05 00:00:00-04:00,32.74,33.24,-0.0,-0.5
2025-05-05 01:00:00-04:00,28.61,29.16,-0.0,-0.55
2025-05-05 02:00:00-04:00,27.21,27.62,-0.0,-0.41
2025-05-05 03:00:00-04:00,28.92,29.270000000000003,-0.0,-0.35
2025-05-05 04:00:00-04:00,30.32,30.72,-0.0,-0.4
2025-05-05 05:00:00-04:00,33.3,33.739999999999995,-0.0,-0.44
2025-05-05 06:00:00-04:00,40.26,40.75,-0.0,-0.49
2025-05-05 07:00:00-04:00,42.69,43.25,-0.0,-0.56
2025-05-05 08:00:00-04:00,40.3,40.83,-0.0,-0.53
2025-05-05 09:00:00-04:00,40.57,41.06,-0.0,-0.49
2025-05-05 10:00:00-04:00,38.29,38.8,-0.0,-0.51
2025-05-05 11:00:00-04:00,41.67,42.260000000000005,-0.0,-0.59
2025-05-05 12:00:00-04:00,40.32,40.89,-0.0,-0.57
2025-05-05 13:00:00-04:00,38.9,39.49,-0.0,-0.59
2025-05-05 14:00:00-04:00,38.02,38.64,-0.0,-0.62
2025-05-05 15:00:00-04:00,40.59,41.290000000000006,-0.0,-0.7
2025-05-05 16:00:00-04:00,40.79,41.45,-0.0,-0.66
2025-05-05 17:00:00-04:00,42.74,43.440000000000005,-0.0,-0.7
2025-05-05 18:00:00-04:00,47.42,48.190000000000005,-0.0,-0.77
2025-05-05 19:00:00-04:00,49.67,50.42,-0.0,-0.75
2025-05-05 20:00:00-04:00,47.58,48.36,-0.0,-0.78
2025-05-05 21:00:00-04:00,39.9,41.09,-0.49,-0.7
2025-05-05 22:00:00-04:00,33.3,36.599999999999994,-2.75,-0.55
2025-05-05 23:00:00-04:00,29.95,33.04,-2.6,-0.49
2025-05-06 00:00:00-04:00,25.25,32.92,-7.04,-0.63
2025-05-06 01:00:00-04:00,26.31,30.07,-3.28,-0.48
2025-05-06 02:00:00-04:00,24.35,27.870000000000005,-3.1,-0.42
2025-05-06 03:00:00-04:00,24.99,28.569999999999997,-3.15,-0.43
2025-05-06 04:00:00-04:00,25.33,28.889999999999997,-3.13,-0.43
2025-05-06 05:00:00-04:00,29.14,32.230000000000004,-2.61,-0.48
2025-05-06 06:00:00-04:00,35.1,41.42,-5.7,-0.62
2025-05-06 07:00:00-04:00,37.31,44.330000000000005,-6.31,-0.71
2025-05-06 08:00:00-04:00,40.59,44.89,-3.58,-0.72
2025-05-06 09:00:00-04:00,41.06,41.73,-0.0,-0.67
2025-05-06 10:00:00-04:00,42.62,43.23,-0.0,-0.61
2025-05-06 11:00:00-04:00,40.52,41.1,-0.0,-0.58
2025-05-06 12:00:00-04:00,39.92,40.49,-0.0,-0.57
2025-05-06 13:00:00-04:00,39.42,39.940000000000005,-0.0,-0.52
2025-05-06 14:00:00-04:00,40.63,41.17,-0.0,-0.54
2025-05-06 15:00:00-04:00,41.4,41.9,-0.0,-0.5
2025-05-06 16:00:00-04:00,44.06,44.55,-0.0,-0.49
2025-05-06 17:00:00-04:00,50.4,51.01,-0.0,-0.61
2025-05-06 18:00:00-04:00,53.2,53.790000000000006,-0.0,-0.59
2025-05-06 19:00:00-04:00,54.8,55.41,-0.0,-0.61
2025-05-06 20:00:00-04:00,55.55,56.169999999999995,-0.0,-0.62
2025-05-06 21:00:00-04:00,45.36,45.86,-0.0,-0.5
2025-05-06 22:00:00-04:00,38.75,39.14,-0.0,-0.39
2025-05-06 23:00:00-04:00,34.6,34.980000000000004,-0.0,-0.38
2025-05-07 00:00:00-04:00,35.7,36.17,-0.0,-0.47
2025-05-07 01:00:00-04:00,30.99,31.459999999999997,-0.0,-0.47
2025-05-07 02:00:00-04:00,29.1,29.540000000000003,-0.0,-0.44
2025-05-07 03:00:00-04:00,27.79,28.24,-0.0,-0.45
2025-05-07 04:00:00-04:00,30.27,30.52,-0.0,-0.25
2025-05-07 05:00:00-04:00,35.31,35.38,-0.0,-0.07
2025-05-07 06:00:00-04:00,45.27,45.32,-0.0,-0.05
2025-05-07 07:00:00-04:00,50.23,50.279999999999994,-0.0,-0.05
2025-05-07 08:00:00-04:00,46.24,46.38,-0.0,-0.14
2025-05-07 09:00:00-04:00,44.12,44.21,-0.0,-0.09
2025-05-07 10:00:00-04:00,41.33,41.41,-0.0,-0.08
2025-05-07 11:00:00-04:00,39.29,39.33,-0.0,-0.04
2025-05-07 12:00:00-04:00,38.4,38.48,-0.0,-0.08
2025-05-07 13:00:00-04:00,37.92,38.0,-0.0,-0.08
2025-05-07 14:00:00-04:00,37.85,37.89,-0.0,-0.04
2025-05-07 15:00:00-04:00,40.05,40.169999999999995,-0.0,-0.12
2025-05-07 16:00:00-04:00,43.1,43.14,-0.0,-0.04
2025-05-07 17:00:00-04:00,48.57,48.72,-0.0,-0.15
2025-05-07 18:00:00-04:00,55.61,54.26,1.57,-0.22
2025-05-07 19:00:00-04:00,55.61,57.93,-1.57,-0.75
2025-05-07 20:00:00-04:00,55.62,60.22,-3.82,-0.78
2025-05-07 21:00:00-04:00,53.37,49.75,3.82,-0.2
2025-05-07 22:00:00-04:00,43.0,43.04,-0.0,-0.04
2025-05-07 23:00:00-04:00,35.66,35.66,-0.0,0.0
2025-05-08 00:00:00-04:00,38.5,38.62,-0.0,-0.12
2025-05-08 01:00:00-04:00,30.2,30.29,-0.0,-0.09
2025-05-08 02:00:00-04:00,30.22,30.28,-0.0,-0.06
2025-05-08 03:00:00-04:00,29.34,29.4,-0.0,-0.06
2025-05-08 04:00:00-04:00,30.47,30.56,-0.0,-0.09
2025-05-08 05:00:00-04:00,34.01,34.08,-0.0,-0.07
2025-05-08 06:00:00-04:00,43.9,43.99,-0.0,-0.09
2025-05-08 07:00:00-04:00,46.78,46.92,-0.0,-0.14
2025-05-08 08:00:00-04:00,44.0,44.04,-0.0,-0.04
2025-05-08 09:00:00-04:00,38.35,38.39,-0.0,-0.04
2025-05-08 10:00:00-04:00,36.99,37.06,-0.0,-0.07
2025-05-08 11:00:00-04:00,36.24,36.31,-0.0,-0.07
2025-05-08 12:00:00-04:00,35.39,35.46,-0.0,-0.07
2025-05-08 13:00:00-04:00,35.62,35.69,-0.0,-0.07
2025-05-08 14:00:00-04:00,34.7,34.77,-0.0,-0.07
2025-05-08 15:00:00-04:00,37.19,37.26,-0.0,-0.07
2025-05-08 16:00:00-04:00,42.04,42.08,-0.0,-0.04
2025-05-08 17:00:00-04:00,46.91,46.959999999999994,-0.0,-0.05
2025-05-08 18:00:00-04:00,52.71,52.76,-0.0,-0.05
2025-05-08 19:00:00-04:00,55.47,55.41,-0.0,0.06
2025-05-08 20:00:00-04:00,55.16,55.16,-0.0,0.0
2025-05-08 21:00:00-04:00,47.03,47.08,-0.0,-0.05
2025-05-08 22:00:00-04:00,40.37,40.37,-0.0,0.0
2025-05-08 23:00:00-04:00,34.07,34.14,-0.0,-0.07
2025-05-09 00:00:00-04:00,33.07,33.3,-0.0,-0.23
2025-05-09 01:00:00-04:00,29.15,29.32,-0.0,-0.17
2025-05-09 02:00:00-04:00,27.82,27.99,-0.0,-0.17
2025-05-09 03:00:00-04:00,26.99,27.18,-0.0,-0.19
2025-05-09 04:00:00-04:00,27.81,28.04,-0.0,-0.23
2025-05-09 05:00:00-04:00,30.83,31.049999999999997,-0.0,-0.22
2025-05-09 06:00:00-04:00,38.75,39.02,-0.0,-0.27
2025-05-09 07:00:00-04:00,41.51,41.76,-0.0,-0.25
2025-05-09 08:00:00-04:00,43.71,44.02,-0.0,-0.31
2025-05-09 09:00:00-04:00,40.35,40.63,-0.0,-0.28
2025-05-09 10:00:00-04:00,38.68,38.95,-0.0,-0.27
2025-05-09 11:00:00-04:00,37.55,37.809999999999995,-0.0,-0.26
2025-05-09 12:00:00-04:00,36.97,37.23,-0.0,-0.26
2025-05-09 13:00:00-04:00,36.38,36.63,-0.0,-0.25
2025-05-09 14:00:00-04:00,35.98,36.27,-0.0,-0.29
2025-05-09 15:00:00-04:00,36.4,36.62,-0.0,-0.22
2025-05-09 16:00:00-04:00,39.55,39.83,-0.0,-0.28
2025-05-09 17:00:00-04:00,40.1,40.34,-0.0,-0.24
2025-05-09 18:00:00-04:00,43.45,43.67,-0.0,-0.22
2025-05-09 19:00:00-04:00,45.65,45.92,-0.0,-0.27
2025-05-09 20:00:00-04:00,46.93,47.21,-0.0,-0.28
2025-05-09 21:00:00-04:00,38.92,39.15,-0.0,-0.23
2025-05-09 22:00:00-04:00,35.01,35.26,-0.0,-0.25
2025-05-09 23:00:00-04:00,33.29,33.56,-0.0,-0.27
2025-05-10 00:00:00-04:00,33.32,33.42,-0.0,-0.1
2025-05-10 01:00:00-04:00,31.63,31.72,-0.0,-0.09
2025-05-10 02:00:00-04:00,29.2,29.29,-0.0,-0.09
2025-05-10 03:00:00-04:00,28.84,28.96,-0.0,-0.12
2025-05-10 04:00:00-04:00,28.18,28.32,-0.0,-0.14
2025-05-10 05:00:00-04:00,29.75,29.93,-0.0,-0.18
2025-05-10 06:00:00-04:00,30.68,30.86,-0.0,-0.18
2025-05-10 07:00:00-04:00,30.28,30.49,-0.0,-0.21
2025-05-10 08:00:00-04:00,27.94,28.110000000000003,-0.0,-0.17
2025-05-10 09:00:00-04:00,24.57,24.74,-0.0,-0.17
2025-05-10 10:00:00-04:00,22.28,22.41,-0.0,-0.13
2025-05-10 11:00:00-04:00,20.08,20.22,-0.0,-0.14
2025-05-10 12:00:00-04:00,20.46,20.6,-0.0,-0.14
2025-05-10 13:00:00-04:00,20.08,20.2,-0.0,-0.12
2025-05-10 14:00:00-04:00,20.94,21.09,-0.0,-0.15
2025-05-10 15:00:00-04:00,21.0,21.15,-0.0,-0.15
2025-05-10 16:00:00-04:00,20.45,20.57,-0.0,-0.12
2025-05-10 17:00:00-04:00,30.2,30.44,-0.0,-0.24
2025-05-10 18:00:00-04:00,36.54,36.8,-0.0,-0.26
2025-05-10 19:00:00-04:00,41.11,41.4,-0.0,-0.29
2025-05-10 20:00:00-04:00,44.25,44.56,-0.0,-0.31
2025-05-10 21:00:00-04:00,37.88,38.190000000000005,-0.0,-0.31
2025-05-10 22:00:00-04:00,32.68,32.98,-0.0,-0.3
2025-05-10 23:00:00-04:00,30.23,30.54,-0.0,-0.31
2025-05-11 00:00:00-04:00,28.31,28.68,-0.0,-0.37
2025-05-11 01:00:00-04:00,24.35,24.72,-0.0,-0.37
2025-05-11 02:00:00-04:00,23.93,24.27,-0.0,-0.34
2025-05-11 03:00:00-04:00,23.47,23.78,-0.0,-0.31
2025-05-11 04:00:00-04:00,25.13,25.43,-0.0,-0.3
2025-05-11 05:00:00-04:00,27.17,27.5,-0.0,-0.33
2025-05-11 06:00:00-04:00,28.43,28.75,-0.0,-0.32
2025-05-11 07:00:00-04:00,26.89,27.19,-0.03,-0.27
2025-05-11 08:00:00-04:00,24.68,24.869999999999997,0.03,-0.22
2025-05-11 09:00:00-04:00,21.59,21.72,-0.0,-0.13
2025-05-11 10:00:00-04:00,20.08,20.2,-0.0,-0.12
2025-05-11 11:00:00-04:00,18.21,18.34,-0.0,-0.13
2025-05-11 12:00:00-04:00,15.98,16.13,-0.0,-0.15
2025-05-11 13:00:00-04:00,18.46,18.55,-0.0,-0.09
2025-05-11 14:00:00-04:00,12.11,12.27,-0.0,-0.16
2025-05-11 15:00:00-04:00,15.08,15.26,-0.0,-0.18
2025-05-11 16:00:00-04:00,16.9,17.119999999999997,-0.0,-0.22
2025-05-11 17:00:00-04:00,27.85,28.1,-0.0,-0.25
2025-05-11 18:00:00-04:00,36.86,37.04,-0.0,-0.18
2025-05-11 19:00:00-04:00,45.42,45.65,-0.0,-0.23
2025-05-11 20:00:00-04:00,49.1,49.05,-0.0,0.05
2025-05-11 21:00:00-04:00,42.34,42.3,-0.0,0.04
2025-05-11 22:00:00-04:00,35.63,35.56,-0.0,0.07
2025-05-11 23:00:00-04:00,31.15,31.15,-0.0,0.0
2025-05-12 00:00:00-04:00,27.52,27.74,-0.0,-0.22
2025-05-12 01:00:00-04:00,21.04,21.32,-0.0,-0.28
2025-05-12 02:00:00-04:00,19.74,19.959999999999997,-0.0,-0.22
2025-05-12 03:00:00-04:00,19.88,20.06,-0.0,-0.18
2025-05-12 04:00:00-04:00,22.42,22.53,-0.0,-0.11
2025-05-12 05:00:00-04:00,29.82,29.88,-0.0,-0.06
2025-05-12 06:00:00-04:00,35.4,35.51,-0.0,-0.11
2025-05-12 07:00:00-04:00,37.51,37.55,-0.0,-0.04
2025-05-12 08:00:00-04:00,34.6,34.63,-0.0,-0.03
2025-05-12 09:00:00-04:00,29.7,29.7,-0.0,0.0
2025-05-12 10:00:00-04:00,28.53,28.59,-0.0,-0.06
2025-05-12 11:00:00-04:00,26.59,26.81,-0.0,-0.22
2025-05-12 12:00:00-04:00,25.19,25.49,-0.0,-0.3
2025-05-12 13:00:00-04:00,25.57,25.96,-0.0,-0.39
2025-05-12 14:00:00-04:00,25.52,25.96,-0.0,-0.44
2025-05-12 15:00:00-04:00,27.61,28.06,-0.0,-0.45
2025-05-12 16:00:00-04:00,32.7,33.0,-0.0,-0.3
2025-05-12 17:00:00-04:00,43.21,43.25,-0.0,-0.04
2025-05-12 18:00:00-04:00,51.24,51.24,-0.0,0.0
2025-05-12 19:00:00-04:00,55.47,55.53,-0.0,-0.06
2025-05-12 20:00:00-04:00,55.47,55.58,-0.0,-0.11
2025-05-12 21:00:00-04:00,47.69,47.64,-0.0,0.05
2025-05-12 22:00:00-04:00,38.98,39.02,-0.0,-0.04
2025-05-12 23:00:00-04:00,31.91,32.13,-0.0,-0.22
2025-05-13 00:00:00-04:00,29.21,29.6,-0.0,-0.39
2025-05-13 01:00:00-04:00,26.54,26.94,-0.0,-0.4
2025-05-13 02:00:00-04:00,25.3,25.71,-0.0,-0.41
2025-05-13 03:00:00-04:00,25.47,25.78,-0.0,-0.31
2025-05-13 04:00:00-04:00,27.83,27.909999999999997,-0.0,-0.08
2025-05-13 05:00:00-04:00,30.73,30.82,-0.0,-0.09
2025-05-13 06:00:00-04:00,38.1,38.21,-0.0,-0.11
2025-05-13 07:00:00-04:00,38.51,38.59,-0.0,-0.08
2025-05-13 08:00:00-04:00,37.9,37.94,-0.0,-0.04
2025-05-13 09:00:00-04:00,35.2,35.2,-0.0,0.0
2025-05-13 10:00:00-04:00,35.61,35.57,-0.0,0.04
2025-05-13 11:00:00-04:00,34.59,34.56,-0.0,0.03
2025-05-13 12:00:00-04:00,33.81,33.74,-0.0,0.07
2025-05-13 13:00:00-04:00,34.59,34.59,-0.0,0.0
2025-05-13 14:00:00-04:00,36.12,36.16,-0.0,-0.04
2025-05-13 15:00:00-04:00,37.99,38.03,-0.0,-0.04
2025-05-13 16:00:00-04:00,40.93,40.93,-0.0,0.0
2025-05-13 17:00:00-04:00,47.65,47.7,-0.0,-0.05
2025-05-13 18:00:00-04:00,50.09,50.09,-0.0,0.0
2025-05-13 19:00:00-04:00,51.66,51.709999999999994,-0.0,-0.05
2025-05-13 20:00:00-04:00,50.72,50.77,-0.0,-0.05
2025-05-13 21:00:00-04:00,42.08,42.12,-0.0,-0.04
2025-05-13 22:00:00-04:00,33.66,33.9,-0.0,-0.24
2025-05-13 23:00:00-04:00,28.0,28.43,-0.0,-0.43
2025-05-14 00:00:00-04:00,21.7,22.05,-0.0,-0.35
2025-05-14 01:00:00-04:00,18.31,18.61,-0.0,-0.3
2025-05-14 02:00:00-04:00,18.84,19.15,-0.0,-0.31
2025-05-14 03:00:00-04:00,16.37,16.64,-0.0,-0.27
2025-05-14 04:00:00-04:00,19.84,20.16,-0.0,-0.32
2025-05-14 05:00:00-04:00,28.13,28.47,-0.0,-0.34
2025-05-14 06:00:00-04:00,34.21,34.28,-0.0,-0.07
2025-05-14 07:00:00-04:00,39.74,39.82,-0.0,-0.08
2025-05-14 08:00:00-04:00,39.77,39.85,-0.0,-0.08
2025-05-14 09:00:00-04:00,38.35,38.43,-0.0,-0.08
2025-05-14 10:00:00-04:00,37.57,37.61,-0.0,-0.04
2025-05-14 11:00:00-04:00,36.66,36.7,-0.0,-0.04
2025-05-14 12:00:00-04:00,36.5,36.54,-0.0,-0.04
2025-05-14 13:00:00-04:00,37.13,37.2,-0.0,-0.07
2025-05-14 14:00:00-04:00,37.89,37.97,-0.0,-0.08
2025-05-14 15:00:00-04:00,39.43,39.47,-0.0,-0.04
2025-05-14 16:00:00-04:00,41.2,41.24,-0.0,-0.04
2025-05-14 17:00:00-04:00,45.33,45.47,-0.0,-0.14
2025-05-14 18:00:00-04:00,48.65,48.7,-0.0,-0.05
2025-05-14 19:00:00-04:00,52.37,52.419999999999995,-0.0,-0.05
2025-05-14 20:00:00-04:00,51.1,51.15,-0.0,-0.05
2025-05-14 21:00:00-04:00,46.0,46.05,-0.0,-0.05
2025-05-14 22:00:00-04:00,35.66,35.949999999999996,-0.0,-0.29
2025-05-14 23:00:00-04:00,32.65,33.18,-0.0,-0.53
2025-05-15 00:00:00-04:00,28.03,28.46,-0.0,-0.43
2025-05-15 01:00:00-04:00,24.89,25.3,-0.0,-0.41
2025-05-15 02:00:00-04:00,25.26,25.64,-0.0,-0.38
2025-05-15 03:00:00-04:00,24.43,24.8,-0.0,-0.37
2025-05-15 04:00:00-04:00,24.17,24.56,-0.0,-0.39
2025-05-15 05:00:00-04:00,19.8,29.57,-9.42,-0.35
2025-05-15 06:00:00-04:00,46.21,36.83,9.42,-0.04
2025-05-15 07:00:00-04:00,40.97,40.93,-0.0,0.04
2025-05-15 08:00:00-04:00,42.17,42.09,-0.0,0.08
2025-05-15 09:00:00-04:00,39.85,39.81,-0.0,0.04
2025-05-15 10:00:00-04:00,37.57,37.57,-0.0,0.0
2025-05-15 11:00:00-04:00,37.93,37.93,-0.0,0.0
2025-05-15 12:00:00-04:00,35.61,35.65,-0.0,-0.04
2025-05-15 13:00:00-04:00,37.04,37.08,-0.0,-0.04
2025-05-15 14:00:00-04:00,38.88,38.92,-0.0,-0.04
2025-05-15 15:00:00-04:00,39.93,39.97,-0.0,-0.04
2025-05-15 16:00:00-04:00,43.43,43.43,-0.0,0.0
2025-05-15 17:00:00-04:00,47.86,47.86,-0.0,0.0
2025-05-15 18:00:00-04:00,52.45,52.35,-0.0,0.1
2025-05-15 19:00:00-04:00,55.47,55.41,-0.0,0.06
2025-05-15 20:00:00-04:00,55.47,55.41,-0.0,0.06
2025-05-15 21:00:00-04:00,47.81,47.71,-0.0,0.1
2025-05-15 22:00:00-04:00,40.62,40.54,-0.0,0.08
2025-05-15 23:00:00-04:00,35.74,35.7,-0.0,0.04
2025-05-16 00:00:00-04:00,39.81,32.730000000000004,7.15,-0.07
2025-05-16 01:00:00-04:00,20.69,28.15,-7.15,-0.31
2025-05-16 02:00:00-04:00,23.95,24.36,-0.0,-0.41
2025-05-16 03:00:00-04:00,21.62,22.02,-0.0,-0.4
2025-05-16 04:00:00-04:00,6.75,25.56,-18.45,-0.36
2025-05-16 05:00:00-04:00,50.08,31.789999999999996,18.45,-0.16
2025-05-16 06:00:00-04:00,37.53,37.53,-0.0,0.0
2025-05-16 07:00:00-04:00,40.37,40.05,0.32,0.0
2025-05-16 08:00:00-04:00,40.15,40.47,-0.32,0.0
2025-05-16 09:00:00-04:00,39.29,39.29,-0.0,0.0
2025-05-16 10:00:00-04:00,38.53,38.53,-0.0,0.0
2025-05-16 11:00:00-04:00,38.53,38.53,-0.0,0.0
2025-05-16 12:00:00-04:00,37.49,37.53,-0.0,-0.04
2025-05-16 13:00:00-04:00,38.52,38.56,-0.0,-0.04
2025-05-16 14:00:00-04:00,39.58,39.62,-0.0,-0.04
2025-05-16 15:00:00-04:00,41.8,41.84,-0.0,-0.04
2025-05-16 16:00:00-04:00,49.55,49.7,-0.0,-0.15
2025-05-16 17:00:00-04:00,54.2,54.25,-0.0,-0.05
2025-05-16 18:00:00-04:00,55.47,55.47,-0.0,0.0
2025-05-16 19:00:00-04:00,55.47,55.58,-0.0,-0.11
2025-05-16 20:00:00-04:00,54.05,54.0,-0.0,0.05
2025-05-16 21:00:00-04:00,47.06,47.010000000000005,-0.0,0.05
2025-05-16 22:00:00-04:00,39.06,39.22,-0.0,-0.16
2025-05-16 23:00:00-04:00,33.32,33.79,-0.0,-0.47
2025-05-17 00:00:00-04:00,30.37,30.87,-0.0,-0.5
2025-05-17 01:00:00-04:00,27.22,27.66,-0.0,-0.44
2025-05-17 02:00:00-04:00,25.65,26.01,-0.0,-0.36
2025-05-17 03:00:00-04:00,24.06,24.43,-0.0,-0.37
2025-05-17 04:00:00-04:00,24.03,24.450000000000003,-0.0,-0.42
2025-05-17 05:00:00-04:00,22.96,23.36,-0.0,-0.4
2025-05-17 06:00:00-04:00,24.68,25.11,-0.0,-0.43
2025-05-17 07:00:00-04:00,24.25,24.62,-0.0,-0.37
2025-05-17 08:00:00-04:00,22.1,22.41,-0.0,-0.31
2025-05-17 09:00:00-04:00,24.0,24.34,-0.0,-0.34
2025-05-17 10:00:00-04:00,25.65,25.959999999999997,-0.0,-0.31
2025-05-17 11:00:00-04:00,26.82,27.14,-0.0,-0.32
2025-05-17 12:00:00-04:00,27.13,27.43,-0.0,-0.3
2025-05-17 13:00:00-04:00,24.96,25.26,-0.0,-0.3
2025-05-17 14:00:00-04:00,22.38,22.74,-0.0,-0.36
2025-05-17 15:00:00-04:00,22.12,22.55,-0.0,-0.43
2025-05-17 16:00:00-04:00,27.37,27.84,-0.0,-0.47
2025-05-17 17:00:00-04:00,29.4,29.88,-0.0,-0.48
2025-05-17 18:00:00-04:00,30.24,30.76,-0.0,-0.52
2025-05-17 19:00:00-04:00,30.09,30.64,-0.0,-0.55
2025-05-17 20:00:00-04:00,34.09,34.68000000000001,-0.0,-0.59
2025-05-17 21:00:00-04:00,28.7,29.14,-0.0,-0.44
2025-05-17 22:00:00-04:00,31.72,32.17,-0.0,-0.45
2025-05-17 23:00:00-04:00,23.72,24.23,-0.0,-0.51
2025-05-18 00:00:00-04:00,16.16,16.44,-0.0,-0.28
2025-05-18 01:00:00-04:00,13.76,13.98,-0.0,-0.22
2025-05-18 02:00:00-04:00,12.58,12.77,-0.0,-0.19
2025-05-18 03:00:00-04:00,12.77,12.96,-0.0,-0.19
2025-05-18 04:00:00-04:00,10.99,11.16,-0.0,-0.17
2025-05-18 05:00:00-04:00,6.92,7.02,-0.0,-0.1
2025-05-18 06:00:00-04:00,10.06,10.2,-0.0,-0.14
2025-05-18 07:00:00-04:00,10.06,10.2,-0.0,-0.14
2025-05-18 08:00:00-04:00,9.38,9.5,-0.0,-0.12
2025-05-18 09:00:00-04:00,10.27,10.43,-0.0,-0.16
2025-05-18 10:00:00-04:00,10.49,10.64,-0.0,-0.15
2025-05-18 11:00:00-04:00,12.79,12.94,-0.0,-0.15
2025-05-18 12:00:00-04:00,14.72,14.9,-0.0,-0.18
2025-05-18 13:00:00-04:00,10.37,10.52,-0.0,-0.15
2025-05-18 14:00:00-04:00,12.76,12.94,-0.0,-0.18
2025-05-18 15:00:00-04:00,13.94,14.15,-0.0,-0.21
2025-05-18 16:00:00-04:00,16.16,16.37,-0.0,-0.21
2025-05-18 17:00:00-04:00,20.78,21.08,-0.0,-0.3
2025-05-18 18:00:00-04:00,20.63,20.97,-0.0,-0.34
2025-05-18 19:00:00-04:00,22.88,23.32,-0.0,-0.44
2025-05-18 20:00:00-04:00,23.65,24.11,-0.0,-0.46
2025-05-18 21:00:00-04:00,24.89,25.27,-0.0,-0.38
2025-05-18 22:00:00-04:00,28.4,28.74,-0.0,-0.34
2025-05-18 23:00:00-04:00,17.9,18.17,-0.0,-0.27
2025-05-19 00:00:00-04:00,22.5,22.89,-0.0,-0.39
2025-05-19 01:00:00-04:00,17.99,18.26,-0.0,-0.27
2025-05-19 02:00:00-04:00,16.58,16.83,-0.0,-0.25
2025-05-19 03:00:00-04:00,16.9,17.16,-0.0,-0.26
2025-05-19 04:00:00-04:00,16.16,16.42,-0.0,-0.26
2025-05-19 05:00:00-04:00,20.29,20.66,-0.0,-0.37
2025-05-19 06:00:00-04:00,29.17,29.67,-0.0,-0.5
2025-05-19 07:00:00-04:00,29.33,32.89,-2.84,-0.72
2025-05-19 08:00:00-04:00,29.6,30.24,-0.0,-0.64
2025-05-19 09:00:00-04:00,27.65,28.1,-0.0,-0.45
2025-05-19 10:00:00-04:00,29.71,30.16,-0.0,-0.45
2025-05-19 11:00:00-04:00,31.13,31.54,-0.0,-0.41
2025-05-19 12:00:00-04:00,30.28,30.74,-0.0,-0.46
2025-05-19 13:00:00-04:00,24.76,29.19,-3.85,-0.58
2025-05-19 14:00:00-04:00,21.9,25.99,-3.49,-0.6
2025-05-19 15:00:00-04:00,16.16,28.28,-11.55,-0.57
2025-05-19 16:00:00-04:00,43.7,36.28,7.85,-0.43
2025-05-19 17:00:00-04:00,45.25,45.71,-0.0,-0.46
2025-05-19 18:00:00-04:00,51.85,52.27,-0.0,-0.42
2025-05-19 19:00:00-04:00,46.37,46.69,-0.0,-0.32
2025-05-19 20:00:00-04:00,47.07,47.31,-0.0,-0.24
2025-05-19 21:00:00-04:00,39.02,39.220000000000006,-0.0,-0.2
2025-05-19 22:00:00-04:00,32.25,32.41,-0.0,-0.16
2025-05-19 23:00:00-04:00,29.14,29.26,-0.0,-0.12
2025-05-20 00:00:00-04:00,25.81,25.959999999999997,-0.0,-0.15
2025-05-20 01:00:00-04:00,23.25,23.39,-0.0,-0.14
2025-05-20 02:00:00-04:00,22.14,22.27,-0.0,-0.13
2025-05-20 03:00:00-04:00,21.72,21.79,-0.0,-0.07
2025-05-20 04:00:00-04:00,23.13,23.2,-0.0,-0.07
2025-05-20 05:00:00-04:00,27.56,27.639999999999997,-0.0,-0.08
2025-05-20 06:00:00-04:00,34.19,34.33,-0.0,-0.14
2025-05-20 07:00:00-04:00,35.24,35.38,-0.0,-0.14
2025-05-20 08:00:00-04:00,29.36,29.51,-0.0,-0.15
2025-05-20 09:00:00-04:00,26.1,26.200000000000003,-0.0,-0.1
2025-05-20 10:00:00-04:00,27.0,27.08,-0.0,-0.08
2025-05-20 11:00:00-04:00,26.5,26.61,-0.0,-0.11
2025-05-20 12:00:00-04:00,26.58,26.659999999999997,-0.0,-0.08
2025-05-20 13:00:00-04:00,27.38,27.49,-0.0,-0.11
2025-05-20 14:00:00-04:00,27.58,27.69,-0.0,-0.11
2025-05-20 15:00:00-04:00,28.18,28.29,-0.0,-0.11
2025-05-20 16:00:00-04:00,30.56,30.68,-0.0,-0.12
2025-05-20 17:00:00-04:00,35.44,35.55,-0.0,-0.11
2025-05-20 18:00:00-04:00,44.25,44.29,-0.0,-0.04
2025-05-20 19:00:00-04:00,46.77,46.77,-0.0,0.0
2025-05-20 20:00:00-04:00,49.67,49.67,-0.0,0.0
2025-05-20 21:00:00-04:00,40.12,40.08,-0.0,0.04
2025-05-20 22:00:00-04:00,32.62,32.589999999999996,-0.0,0.03
2025-05-20 23:00:00-04:00,29.33,29.33,-0.0,0.0
2025-05-21 00:00:00-04:00,26.64,26.64,-0.0,0.0
2025-05-21 01:00:00-04:00,23.98,24.0,-0.0,-0.02
2025-05-21 02:00:00-04:00,22.82,22.82,-0.0,0.0
2025-05-21 03:00:00-04:00,21.08,21.08,-0.0,0.0
2025-05-21 04:00:00-04:00,21.9,21.94,-0.0,-0.04
2025-05-21 05:00:00-04:00,24.64,24.71,-0.0,-0.07
2025-05-21 06:00:00-04:00,30.6,30.69,-0.0,-0.09
2025-05-21 07:00:00-04:00,33.76,33.9,-0.0,-0.14
2025-05-21 08:00:00-04:00,33.05,33.18,-0.0,-0.13
2025-05-21 09:00:00-04:00,31.02,31.14,-0.0,-0.12
2025-05-21 10:00:00-04:00,30.21,30.3,-0.0,-0.09
2025-05-21 11:00:00-04:00,29.51,29.57,-0.0,-0.06
2025-05-21 12:00:00-04:00,29.54,29.66,-0.0,-0.12
2025-05-21 13:00:00-04:00,28.83,29.06,-0.0,-0.23
2025-05-21 14:00:00-04:00,27.79,28.07,-0.0,-0.28
2025-05-21 15:00:00-04:00,28.91,29.2,-0.0,-0.29
2025-05-21 16:00:00-04:00,34.06,34.230000000000004,-0.0,-0.17
2025-05-21 17:00:00-04:00,38.22,38.37,-0.0,-0.15
2025-05-21 18:00:00-04:00,41.32,41.44,-0.0,-0.12
2025-05-21 19:00:00-04:00,43.45,43.620000000000005,-0.0,-0.17
2025-05-21 20:00:00-04:00,43.32,43.54,-0.0,-0.22
2025-05-21 21:00:00-04:00,35.04,35.25,-0.0,-0.21
2025-05-21 22:00:00-04:00,28.58,28.84,-0.0,-0.26
2025-05-21 23:00:00-04:00,22.7,26.22,-3.18,-0.34
2025-05-22 00:00:00-04:00,24.3,25.03,-0.5,-0.23
2025-05-22 01:00:00-04:00,16.71,19.28,-2.34,-0.23
2025-05-22 02:00:00-04:00,15.2,17.58,-2.13,-0.25
2025-05-22 03:00:00-04:00,15.65,18.1,-2.2,-0.25
2025-05-22 04:00:00-04:00,19.27,20.42,-0.97,-0.18
2025-05-22 05:00:00-04:00,24.54,24.69,-0.0,-0.15
2025-05-22 06:00:00-04:00,28.97,29.14,-0.0,-0.17
2025-05-22 07:00:00-04:00,33.36,33.56,-0.0,-0.2
2025-05-22 08:00:00-04:00,38.2,38.35,-0.0,-0.15
2025-05-22 09:00:00-04:00,36.66,36.84,-0.03,-0.15
2025-05-22 10:00:00-04:00,36.5,36.68,-0.0,-0.18
2025-05-22 11:00:00-04:00,36.37,36.55,-0.0,-0.18
2025-05-22 12:00:00-04:00,34.3,34.44,-0.0,-0.14
2025-05-22 13:00:00-04:00,33.41,33.74,-0.06,-0.27
2025-05-22 14:00:00-04:00,32.68,33.11,-0.03,-0.4
2025-05-22 15:00:00-04:00,33.2,33.6,-0.0,-0.4
2025-05-22 16:00:00-04:00,36.25,36.43,-0.0,-0.18
2025-05-22 17:00:00-04:00,43.14,43.27,-0.0,-0.13
2025-05-22 18:00:00-04:00,44.75,44.93,-0.0,-0.18
2025-05-22 19:00:00-04:00,44.47,44.6,-0.0,-0.13
2025-05-22 20:00:00-04:00,46.36,46.5,-0.0,-0.14
2025-05-22 21:00:00-04:00,39.35,39.35,-0.0,0.0
2025-05-22 22:00:00-04:00,32.92,32.95,-0.0,-0.03
2025-05-22 23:00:00-04:00,30.2,30.26,-0.0,-0.06
2025-05-23 00:00:00-04:00,27.28,27.47,-0.0,-0.19
2025-05-23 01:00:00-04:00,24.64,24.84,-0.0,-0.2
2025-05-23 02:00:00-04:00,22.48,22.71,-0.0,-0.23
2025-05-23 03:00:00-04:00,20.99,21.18,-0.0,-0.19
2025-05-23 04:00:00-04:00,18.6,24.19,-5.45,-0.14
2025-05-23 05:00:00-04:00,33.79,28.249999999999996,5.45,0.09
2025-05-23 06:00:00-04:00,33.88,33.85,-0.0,0.03
2025-05-23 07:00:00-04:00,39.1,39.02,-0.0,0.08
2025-05-23 08:00:00-04:00,39.81,39.690000000000005,-0.0,0.12
2025-05-23 09:00:00-04:00,37.24,37.13,-0.0,0.11
2025-05-23 10:00:00-04:00,36.42,36.27,-0.0,0.15
2025-05-23 11:00:00-04:00,34.71,34.61,-0.0,0.1
2025-05-23 12:00:00-04:00,34.05,33.91,-0.0,0.14
2025-05-23 13:00:00-04:00,33.04,32.91,-0.0,0.13
2025-05-23 14:00:00-04:00,32.48,32.379999999999995,-0.0,0.1
2025-05-23 15:00:00-04:00,32.64,32.54,-0.0,0.1
2025-05-23 16:00:00-04:00,33.89,34.29,-0.54,0.14
2025-05-23 17:00:00-04:00,40.06,39.36000000000001,0.54,0.16
2025-05-23 18:00:00-04:00,41.23,41.07,-0.0,0.16
2025-05-23 19:00:00-04:00,43.89,43.76,-0.0,0.13
2025-05-23 20:00:00-04:00,45.28,45.14,-0.0,0.14
2025-05-23 21:00:00-04:00,40.08,39.879999999999995,-0.0,0.2
2025-05-23 22:00:00-04:00,34.36,34.19,-0.0,0.17
2025-05-23 23:00:00-04:00,31.23,31.14,-0.0,0.09
2025-05-24 00:00:00-04:00,30.37,30.25,-0.0,0.12
2025-05-24 01:00:00-04:00,25.19,25.24,-0.0,-0.05
2025-05-24 02:00:00-04:00,23.02,23.18,-0.0,-0.16
2025-05-24 03:00:00-04:00,21.0,21.13,-0.0,-0.13
2025-05-24 04:00:00-04:00,23.64,23.69,-0.0,-0.05
2025-05-24 05:00:00-04:00,24.84,24.86,-0.0,-0.02
2025-05-24 06:00:00-04:00,26.2,26.12,-0.0,0.08
2025-05-24 07:00:00-04:00,27.16,27.08,-0.0,0.08
2025-05-24 08:00:00-04:00,27.01,26.930000000000003,-0.0,0.08
2025-05-24 09:00:00-04:00,27.38,27.3,-0.0,0.08
2025-05-24 10:00:00-04:00,27.75,27.67,-0.0,0.08
2025-05-24 11:00:00-04:00,27.03,26.950000000000003,-0.0,0.08
2025-05-24 12:00:00-04:00,26.76,26.680000000000003,-0.0,0.08
2025-05-24 13:00:00-04:00,25.51,25.46,-0.0,0.05
2025-05-24 14:00:00-04:00,25.34,25.29,-0.0,0.05
2025-05-24 15:00:00-04:00,25.97,25.92,-0.0,0.05
2025-05-24 16:00:00-04:00,28.02,27.94,-0.0,0.08
2025-05-24 17:00:00-04:00,32.04,31.98,-0.0,0.06
2025-05-24 18:00:00-04:00,37.54,37.46,-0.0,0.08
2025-05-24 19:00:00-04:00,42.8,42.669999999999995,-0.0,0.13
2025-05-24 20:00:00-04:00,45.58,45.53,-0.0,0.05
2025-05-24 21:00:00-04:00,39.96,39.8,-0.0,0.16
2025-05-24 22:00:00-04:00,32.58,32.449999999999996,-0.0,0.13
2025-05-24 23:00:00-04:00,27.85,27.790000000000003,-0.0,0.06
2025-05-25 00:00:00-04:00,24.53,24.46,-0.0,0.07
2025-05-25 01:00:00-04:00,21.76,21.72,-0.0,0.04
2025-05-25 02:00:00-04:00,19.42,19.42,-0.0,0.0
2025-05-25 03:00:00-04:00,18.91,18.93,-0.0,-0.02
2025-05-25 04:00:00-04:00,20.82,20.76,-0.0,0.06
2025-05-25 05:00:00-04:00,21.53,21.47,-0.0,0.06
2025-05-25 06:00:00-04:00,22.99,22.92,-0.0,0.07
2025-05-25 07:00:00-04:00,22.14,22.05,-0.0,0.09
2025-05-25 08:00:00-04:00,21.16,21.08,-0.0,0.08
2025-05-25 09:00:00-04:00,19.37,19.31,-0.0,0.06
2025-05-25 10:00:00-04:00,19.82,19.76,-0.0,0.06
2025-05-25 11:00:00-04:00,19.08,19.04,-0.0,0.04
2025-05-25 12:00:00-04:00,19.19,19.15,-0.0,0.04
2025-05-25 13:00:00-04:00,18.2,18.18,-0.0,0.02
2025-05-25 14:00:00-04:00,18.91,18.89,-0.0,0.02
2025-05-25 15:00:00-04:00,19.99,19.99,-0.0,0.0
2025-05-25 16:00:00-04:00,21.79,21.75,-0.0,0.04
2025-05-25 17:00:00-04:00,26.17,26.090000000000003,-0.0,0.08
2025-05-25 18:00:00-04:00,32.96,32.83,-0.0,0.13
2025-05-25 19:00:00-04:00,39.23,39.07,-0.0,0.16
2025-05-25 20:00:00-04:00,41.52,41.31,-0.0,0.21
2025-05-25 21:00:00-04:00,36.41,36.23,-0.0,0.18
2025-05-25 22:00:00-04:00,30.19,30.040000000000003,-0.0,0.15
2025-05-25 23:00:00-04:00,25.31,25.209999999999997,-0.0,0.1
2025-05-26 00:00:00-04:00,22.54,22.59,-0.0,-0.05
2025-05-26 01:00:00-04:00,20.43,20.6,-0.0,-0.17
2025-05-26 02:00:00-04:00,18.07,18.25,-0.0,-0.18
2025-05-26 03:00:00-04:00,17.32,17.46,-0.0,-0.14
2025-05-26 04:00:00-04:00,20.19,20.25,-0.0,-0.06
2025-05-26 05:00:00-04:00,22.4,22.38,-0.0,0.02
2025-05-26 06:00:00-04:00,24.75,24.68,-0.0,0.07
2025-05-26 07:00:00-04:00,23.12,23.03,-0.0,0.09
2025-05-26 08:00:00-04:00,20.54,20.48,-0.0,0.06
2025-05-26 09:00:00-04:00,18.5,18.44,-0.0,0.06
2025-05-26 10:00:00-04:00,19.02,18.96,-0.0,0.06
2025-05-26 11:00:00-04:00,19.02,18.98,-0.0,0.04
2025-05-26 12:00:00-04:00,19.36,19.32,-0.0,0.04
2025-05-26 13:00:00-04:00,19.21,19.17,-0.0,0.04
2025-05-26 14:00:00-04:00,19.23,19.21,-0.0,0.02
2025-05-26 15:00:00-04:00,20.35,20.33,-0.0,0.02
2025-05-26 16:00:00-04:00,23.41,23.36,-0.0,0.05
2025-05-26 17:00:00-04:00,29.6,29.540000000000003,-0.0,0.06
2025-05-26 18:00:00-04:00,36.72,36.61,-0.0,0.11
2025-05-26 19:00:00-04:00,41.23,41.07,-0.0,0.16
2025-05-26 20:00:00-04:00,46.06,45.92,-0.0,0.14
2025-05-26 21:00:00-04:00,38.28,38.17,-0.0,0.11
2025-05-26 22:00:00-04:00,31.46,31.37,-0.0,0.09
2025-05-26 23:00:00-04:00,25.68,25.68,-0.0,0.0
2025-05-27 00:00:00-04:00,22.07,22.31,-0.0,-0.24
2025-05-27 01:00:00-04:00,18.85,19.06,-0.0,-0.21
2025-05-27 02:00:00-04:00,17.01,17.220000000000002,-0.0,-0.21
2025-05-27 03:00:00-04:00,15.95,16.14,-0.0,-0.19
2025-05-27 04:00:00-04:00,17.37,17.580000000000002,-0.0,-0.21
2025-05-27 05:00:00-04:00,23.14,23.26,-0.0,-0.12
2025-05-27 06:00:00-04:00,30.29,30.23,-0.0,0.06
2025-05-27 07:00:00-04:00,33.33,33.26,-0.0,0.07
2025-05-27 08:00:00-04:00,28.63,28.57,-0.0,0.06
2025-05-27 09:00:00-04:00,25.2,25.15,-0.0,0.05
2025-05-27 10:00:00-04:00,24.19,24.12,-0.0,0.07
2025-05-27 11:00:00-04:00,24.45,24.38,-0.0,0.07
2025-05-27 12:00:00-04:00,24.82,24.75,-0.0,0.07
2025-05-27 13:00:00-04:00,26.1,26.020000000000003,-0.0,0.08
2025-05-27 14:00:00-04:00,27.83,27.75,-0.0,0.08
2025-05-27 15:00:00-04:00,28.71,28.62,-0.0,0.09
2025-05-27 16:00:00-04:00,32.25,32.15,-0.0,0.1
2025-05-27 17:00:00-04:00,38.6,38.48,-0.0,0.12
2025-05-27 18:00:00-04:00,45.77,45.68,-0.0,0.09
2025-05-27 19:00:00-04:00,47.46,47.37,-0.0,0.09
2025-05-27 20:00:00-04:00,47.79,47.65,-0.0,0.14
2025-05-27 21:00:00-04:00,39.68,39.52,-0.0,0.16
2025-05-27 22:00:00-04:00,30.72,30.869999999999997,-0.0,-0.15
2025-05-27 23:00:00-04:00,24.92,25.200000000000003,-0.0,-0.28
2025-05-28 00:00:00-04:00,25.01,25.26,-0.0,-0.25
2025-05-28 01:00:00-04:00,22.21,22.43,-0.0,-0.22
2025-05-28 02:00:00-04:00,20.29,20.49,-0.0,-0.2
2025-05-28 03:00:00-04:00,19.17,19.360000000000003,-0.0,-0.19
2025-05-28 04:00:00-04:00,19.32,19.53,-0.0,-0.21
2025-05-28 05:00:00-04:00,5.0,22.87,-17.66,-0.21
2025-05-28 06:00:00-04:00,46.23,28.539999999999996,17.66,0.03
2025-05-28 07:00:00-04:00,35.85,35.78,-0.0,0.07
2025-05-28 08:00:00-04:00,34.62,34.55,-0.0,0.07
2025-05-28 09:00:00-04:00,33.35,33.28,-0.0,0.07
2025-05-28 10:00:00-04:00,33.2,33.13,-0.0,0.07
2025-05-28 11:00:00-04:00,32.75,32.65,-0.0,0.1
2025-05-28 12:00:00-04:00,31.69,31.56,-0.0,0.13
2025-05-28 13:00:00-04:00,32.16,32.059999999999995,-0.0,0.1
2025-05-28 14:00:00-04:00,31.38,31.38,-0.0,0.0
2025-05-28 15:00:00-04:00,33.27,33.24,-0.0,0.03
2025-05-28 16:00:00-04:00,38.31,38.16,-0.0,0.15
2025-05-28 17:00:00-04:00,44.19,44.059999999999995,-0.0,0.13
2025-05-28 18:00:00-04:00,43.75,43.62,-0.0,0.13
2025-05-28 19:00:00-04:00,42.78,42.69,-0.0,0.09
2025-05-28 20:00:00-04:00,47.45,47.36,-0.0,0.09
2025-05-28 21:00:00-04:00,39.94,39.82,-0.0,0.12
2025-05-28 22:00:00-04:00,30.35,30.5,-0.0,-0.15
2025-05-28 23:00:00-04:00,25.29,25.57,-0.0,-0.28
2025-05-29 00:00:00-04:00,23.63,23.94,-0.0,-0.31
2025-05-29 01:00:00-04:00,20.01,20.290000000000003,-0.0,-0.28
2025-05-29 02:00:00-04:00,17.69,17.94,-0.0,-0.25
2025-05-29 03:00:00-04:00,17.09,17.32,-0.0,-0.23
2025-05-29 04:00:00-04:00,16.38,16.61,-0.0,-0.23
2025-05-29 05:00:00-04:00,5.0,23.83,-18.62,-0.21
2025-05-29 06:00:00-04:00,48.41,30.339999999999993,18.01,0.06
2025-05-29 07:00:00-04:00,35.02,34.31,0.61,0.1
2025-05-29 08:00:00-04:00,37.29,37.18,-0.0,0.11
2025-05-29 09:00:00-04:00,35.99,35.88,-0.0,0.11
2025-05-29 10:00:00-04:00,36.2,36.09,-0.0,0.11
2025-05-29 11:00:00-04:00,36.1,35.96,-0.0,0.14
2025-05-29 12:00:00-04:00,34.87,34.769999999999996,-0.0,0.1
2025-05-29 13:00:00-04:00,34.16,34.059999999999995,-0.0,0.1
2025-05-29 14:00:00-04:00,33.14,33.04,-0.0,0.1
2025-05-29 15:00:00-04:00,32.17,32.11,-0.0,0.06
2025-05-29 16:00:00-04:00,34.64,34.54,-0.0,0.1
2025-05-29 17:00:00-04:00,38.07,37.96,-0.0,0.11
2025-05-29 18:00:00-04:00,39.41,39.29,-0.0,0.12
2025-05-29 19:00:00-04:00,41.94,41.86,-0.0,0.08
2025-05-29 20:00:00-04:00,44.44,44.4,-0.0,0.04
2025-05-29 21:00:00-04:00,38.97,38.93,-0.0,0.04
2025-05-29 22:00:00-04:00,33.28,33.07,0.18,0.03
2025-05-29 23:00:00-04:00,29.19,29.58,-0.18,-0.21
2025-05-30 00:00:00-04:00,25.57,25.99,-0.0,-0.42
2025-05-30 01:00:00-04:00,22.52,22.89,-0.0,-0.37
2025-05-30 02:00:00-04:00,19.9,20.24,-0.0,-0.34
2025-05-30 03:00:00-04:00,19.32,19.61,-0.0,-0.29
2025-05-30 04:00:00-04:00,19.79,20.13,-0.0,-0.34
2025-05-30 05:00:00-04:00,16.16,22.700000000000003,-6.15,-0.39
2025-05-30 06:00:00-04:00,35.34,29.430000000000007,6.15,-0.24
2025-05-30 07:00:00-04:00,33.43,33.46,-0.0,-0.03
2025-05-30 08:00:00-04:00,32.79,32.82,-0.0,-0.03
2025-05-30 09:00:00-04:00,30.95,30.98,-0.0,-0.03
2025-05-30 10:00:00-04:00,29.61,29.64,-0.0,-0.03
2025-05-30 11:00:00-04:00,29.83,29.83,-0.0,0.0
2025-05-30 12:00:00-04:00,28.18,28.21,-0.0,-0.03
2025-05-30 13:00:00-04:00,28.96,29.02,-0.0,-0.06
2025-05-30 14:00:00-04:00,30.05,30.08,-0.0,-0.03
2025-05-30 15:00:00-04:00,29.96,29.96,-0.0,0.0
2025-05-30 16:00:00-04:00,32.87,32.879999999999995,-0.01,0.0
2025-05-30 17:00:00-04:00,39.5,39.67,-0.25,0.08
2025-05-30 18:00:00-04:00,42.82,42.9,-0.17,0.09
2025-05-30 19:00:00-04:00,43.8,43.84,-0.13,0.09
2025-05-30 20:00:00-04:00,43.98,43.97,-0.03,0.04
2025-05-30 21:00:00-04:00,39.99,40.09,-0.18,0.08
2025-05-30 22:00:00-04:00,34.37,34.3,-0.0,0.07
2025-05-30 23:00:00-04:00,30.6,30.630000000000003,-0.0,-0.03
2025-05-31 00:00:00-04:00,26.38,26.65,-0.0,-0.27
2025-05-31 01:00:00-04:00,21.87,22.09,-0.0,-0.22
2025-05-31 02:00:00-04:00,19.81,20.03,-0.0,-0.22
2025-05-31 03:00:00-04:00,18.71,18.94,-0.0,-0.23
2025-05-31 04:00:00-04:00,19.81,20.03,-0.0,-0.22
2025-05-31 05:00:00-04:00,20.38,20.61,-0.0,-0.23
2025-05-31 06:00:00-04:00,21.9,22.359999999999996,-0.24,-0.22
2025-05-31 07:00:00-04:00,22.82,22.67,0.24,-0.09
2025-05-31 08:00:00-04:00,26.86,26.78,-0.0,0.08
2025-05-31 09:00:00-04:00,26.8,26.69,0.03,0.08
2025-05-31 10:00:00-04:00,27.62,27.590000000000003,-0.03,0.06
2025-05-31 11:00:00-04:00,27.13,27.08,-0.0,0.05
2025-05-31 12:00:00-04:00,25.58,25.58,-0.0,0.0
2025-05-31 13:00:00-04:00,24.12,24.17,-0.0,-0.05
2025-05-31 14:00:00-04:00,23.07,23.21,-0.0,-0.14
2025-05-31 15:00:00-04:00,20.49,20.74,-0.0,-0.25
2025-05-31 16:00:00-04:00,23.27,23.51,-0.0,-0.24
2025-05-31 17:00:00-04:00,25.65,25.93,-0.0,-0.28
2025-05-31 18:00:00-04:00,26.97,27.41,-0.0,-0.44
2025-05-31 19:00:00-04:00,28.42,28.85,-0.0,-0.43
2025-05-31 20:00:00-04:00,29.11,29.55,-0.0,-0.44
2025-05-31 21:00:00-04:00,30.57,30.78,-0.0,-0.21
2025-05-31 22:00:00-04:00,26.51,26.72,-0.0,-0.21
2025-05-31 23:00:00-04:00,24.04,24.21,-0.0,-0.17
2025-06-01 00:00:00-04:00,20.72,21.119999999999997,-0.0,-0.4
2025-06-01 01:00:00-04:00,18.06,18.41,-0.0,-0.35
2025-06-01 02:00:00-04:00,14.92,15.19,-0.0,-0.27
2025-06-01 03:00:00-04:00,14.56,14.84,-0.0,-0.28
2025-06-01 04:00:00-04:00,15.65,15.94,-0.0,-0.29
2025-06-01 05:00:00-04:00,14.23,14.49,-0.0,-0.26
2025-06-01 06:00:00-04:00,17.3,17.62,-0.0,-0.32
2025-06-01 07:00:00-04:00,13.88,14.13,-0.0,-0.25
2025-06-01 08:00:00-04:00,9.7,11.909999999999998,-2.01,-0.2
2025-06-01 09:00:00-04:00,8.04,8.899999999999999,-0.71,-0.15
2025-06-01 10:00:00-04:00,13.22,13.44,-0.0,-0.22
2025-06-01 11:00:00-04:00,13.31,13.51,-0.0,-0.2
2025-06-01 12:00:00-04:00,12.73,12.9,-0.0,-0.17
2025-06-01 13:00:00-04:00,7.94,8.700000000000001,-0.63,-0.13
2025-06-01 14:00:00-04:00,6.75,8.19,-1.31,-0.13
2025-06-01 15:00:00-04:00,8.09,8.99,-0.76,-0.14
2025-06-01 16:00:00-04:00,15.42,15.62,-0.0,-0.2
2025-06-01 17:00:00-04:00,15.98,16.21,-0.0,-0.23
2025-06-01 18:00:00-04:00,23.9,24.139999999999997,-0.0,-0.24
2025-06-01 19:00:00-04:00,27.76,27.98,-0.0,-0.22
2025-06-01 20:00:00-04:00,32.96,33.160000000000004,-0.0,-0.2
2025-06-01 21:00:00-04:00,30.35,30.41,-0.0,-0.06
2025-06-01 22:00:00-04:00,40.83,26.42,14.52,-0.11
2025-06-01 23:00:00-04:00,6.75,21.55,-14.52,-0.28
2025-06-02 00:00:00-04:00,19.95,20.25,-0.0,-0.3
2025-06-02 01:00:00-04:00,17.68,17.97,-0.0,-0.29
2025-06-02 02:00:00-04:00,15.63,15.840000000000002,-0.0,-0.21
2025-06-02 03:00:00-04:00,15.62,15.83,-0.0,-0.21
2025-06-02 04:00:00-04:00,16.38,16.65,-0.0,-0.27
2025-06-02 05:00:00-04:00,20.54,20.81,-0.0,-0.27
2025-06-02 06:00:00-04:00,26.68,26.87,-0.0,-0.19
2025-06-02 07:00:00-04:00,29.6,29.630000000000003,-0.0,-0.03
2025-06-02 08:00:00-04:00,25.85,25.880000000000003,-0.0,-0.03
2025-06-02 09:00:00-04:00,21.2,21.24,-0.0,-0.04
2025-06-02 10:00:00-04:00,20.51,20.55,-0.0,-0.04
2025-06-02 11:00:00-04:00,20.14,20.2,-0.0,-0.06
2025-06-02 12:00:00-04:00,20.59,20.65,-0.0,-0.06
2025-06-02 13:00:00-04:00,21.31,21.369999999999997,-0.0,-0.06
2025-06-02 14:00:00-04:00,21.57,21.68,-0.0,-0.11
2025-06-02 15:00:00-04:00,22.43,22.52,-0.0,-0.09
2025-06-02 16:00:00-04:00,26.59,26.62,-0.0,-0.03
2025-06-02 17:00:00-04:00,31.21,31.21,-0.0,0.0
2025-06-02 18:00:00-04:00,36.7,36.66,-0.0,0.04
2025-06-02 19:00:00-04:00,41.68,41.6,-0.0,0.08
2025-06-02 20:00:00-04:00,43.43,43.34,-0.0,0.09
2025-06-02 21:00:00-04:00,37.13,37.09,-0.0,0.04
2025-06-02 22:00:00-04:00,29.17,29.14,-0.0,0.03
2025-06-02 23:00:00-04:00,23.8,23.97,-0.0,-0.17
2025-06-03 00:00:00-04:00,19.47,19.69,-0.0,-0.22
2025-06-03 01:00:00-04:00,16.03,16.21,-0.0,-0.18
2025-06-03 02:00:00-04:00,15.55,15.71,-0.0,-0.16
2025-06-03 03:00:00-04:00,14.87,15.02,-0.0,-0.15
2025-06-03 04:00:00-04:00,16.09,16.24,-0.0,-0.15
2025-06-03 05:00:00-04:00,20.41,20.49,-0.0,-0.08
2025-06-03 06:00:00-04:00,25.72,25.67,-0.0,0.05
2025-06-03 07:00:00-04:00,27.37,27.21,-0.0,0.16
2025-06-03 08:00:00-04:00,25.96,25.83,-0.0,0.13
2025-06-03 09:00:00-04:00,22.54,22.43,-0.0,0.11
2025-06-03 10:00:00-04:00,23.06,22.92,-0.0,0.14
2025-06-03 11:00:00-04:00,22.79,22.65,-0.0,0.14
2025-06-03 12:00:00-04:00,23.82,23.68,-0.0,0.14
2025-06-03 13:00:00-04:00,25.21,25.06,-0.0,0.15
2025-06-03 14:00:00-04:00,27.23,27.07,-0.0,0.16
2025-06-03 15:00:00-04:00,28.5,28.33,-0.0,0.17
2025-06-03 16:00:00-04:00,32.98,32.779999999999994,-0.0,0.2
2025-06-03 17:00:00-04:00,42.78,42.790000000000006,-0.27,0.26
2025-06-03 18:00:00-04:00,51.6,51.93,-0.64,0.31
2025-06-03 19:00:00-04:00,52.02,52.370000000000005,-0.61,0.26
2025-06-03 20:00:00-04:00,47.05,46.809999999999995,-0.0,0.24
2025-06-03 21:00:00-04:00,41.0,38.28,2.53,0.19
2025-06-03 22:00:00-04:00,29.47,29.93,-0.37,-0.09
2025-06-03 23:00:00-04:00,24.09,26.54,-2.16,-0.29
2025-06-04 00:00:00-04:00,12.27,12.93,-0.44,-0.22
2025-06-04 01:00:00-04:00,10.16,11.75,-1.39,-0.2
2025-06-04 02:00:00-04:00,10.16,10.66,-0.32,-0.18
2025-06-04 03:00:00-04:00,9.85,10.01,-0.0,-0.16
2025-06-04 04:00:00-04:00,10.15,10.33,-0.0,-0.18
2025-06-04 05:00:00-04:00,10.16,14.33,-3.94,-0.23
2025-06-04 06:00:00-04:00,27.51,23.880000000000003,3.82,-0.19
2025-06-04 07:00:00-04:00,29.12,29.1,0.11,-0.09
2025-06-04 08:00:00-04:00,28.27,28.33,-0.0,-0.06
2025-06-04 09:00:00-04:00,27.03,27.06,-0.0,-0.03
2025-06-04 10:00:00-04:00,29.48,29.48,-0.0,0.0
2025-06-04 11:00:00-04:00,30.95,30.92,-0.0,0.03
2025-06-04 12:00:00-04:00,32.82,32.75,-0.0,0.07
2025-06-04 13:00:00-04:00,37.64,38.010000000000005,-0.45,0.08
2025-06-04 14:00:00-04:00,38.43,38.75,-0.36,0.04
2025-06-04 15:00:00-04:00,40.33,40.29,-0.0,0.04
2025-06-04 16:00:00-04:00,44.57,44.57,-0.0,0.0
2025-06-04 17:00:00-04:00,55.74,53.43,2.36,-0.05
2025-06-04 18:00:00-04:00,55.74,58.63,-2.36,-0.53
2025-06-04 19:00:00-04:00,55.75,56.31,-0.0,-0.56
2025-06-04 20:00:00-04:00,55.74,56.32,-0.3,-0.28
2025-06-04 21:00:00-04:00,47.53,47.28,0.3,-0.05
2025-06-04 22:00:00-04:00,39.93,39.97,-0.0,-0.04
2025-06-04 23:00:00-04:00,34.7,34.910000000000004,-0.0,-0.21
2025-06-05 00:00:00-04:00,29.4,29.639999999999997,-0.0,-0.24
2025-06-05 01:00:00-04:00,23.5,23.88,-0.0,-0.38
2025-06-05 02:00:00-04:00,21.47,21.799999999999997,-0.0,-0.33
2025-06-05 03:00:00-04:00,20.61,20.92,-0.0,-0.31
2025-06-05 04:00:00-04:00,12.16,21.42,-8.96,-0.3
2025-06-05 05:00:00-04:00,34.01,25.18,8.96,-0.13
2025-06-05 06:00:00-04:00,30.29,30.32,-0.0,-0.03
2025-06-05 07:00:00-04:00,30.82,30.82,-0.0,0.0
2025-06-05 08:00:00-04:00,32.22,32.22,-0.0,0.0
2025-06-05 09:00:00-04:00,32.39,32.33,-0.0,0.06
2025-06-05 10:00:00-04:00,35.53,35.46,-0.0,0.07
2025-06-05 11:00:00-04:00,37.43,37.7,-0.31,0.04
2025-06-05 12:00:00-04:00,39.86,40.14,-0.28,0.0
2025-06-05 13:00:00-04:00,43.82,44.24,-0.42,0.0
2025-06-05 14:00:00-04:00,45.91,46.349999999999994,-0.44,0.0
2025-06-05 15:00:00-04:00,46.01,45.98,-0.02,0.05
2025-06-05 16:00:00-04:00,50.0,50.07,-0.12,0.05
2025-06-05 17:00:00-04:00,55.74,55.8,-0.0,-0.06
2025-06-05 18:00:00-04:00,55.74,56.07,-0.0,-0.33
2025-06-05 19:00:00-04:00,55.74,55.74,-0.0,0.0
2025-06-05 20:00:00-04:00,48.88,48.88,-0.0,0.0
2025-06-05 21:00:00-04:00,44.34,44.260000000000005,0.04,0.04
2025-06-05 22:00:00-04:00,39.29,39.29,-0.04,0.04
2025-06-05 23:00:00-04:00,38.0,37.89,-0.0,0.11
2025-06-06 00:00:00-04:00,35.45,35.63,-0.0,-0.18
2025-06-06 01:00:00-04:00,28.84,29.16,-0.0,-0.32
2025-06-06 02:00:00-04:00,25.72,26.01,-0.0,-0.29
2025-06-06 03:00:00-04:00,23.76,24.05,-0.0,-0.29
2025-06-06 04:00:00-04:00,23.82,24.13,-0.0,-0.31
2025-06-06 05:00:00-04:00,7.39,28.270000000000003,-20.6,-0.28
2025-06-06 06:00:00-04:00,55.74,35.1,20.6,0.04
2025-06-06 07:00:00-04:00,35.72,35.65,-0.0,0.07
2025-06-06 08:00:00-04:00,36.46,36.42,-0.0,0.04
2025-06-06 09:00:00-04:00,39.63,39.96000000000001,-0.45,0.12
2025-06-06 10:00:00-04:00,40.35,40.55,-0.32,0.12
2025-06-06 11:00:00-04:00,43.7,44.34,-0.77,0.13
2025-06-06 12:00:00-04:00,43.3,43.69,-0.52,0.13
2025-06-06 13:00:00-04:00,46.39,46.72,-0.42,0.09
2025-06-06 14:00:00-04:00,43.3,43.239999999999995,-0.03,0.09
2025-06-06 15:00:00-04:00,45.91,45.92,-0.06,0.05
2025-06-06 16:00:00-04:00,47.43,47.34,-0.0,0.09
2025-06-06 17:00:00-04:00,54.89,54.89,-0.0,0.0
2025-06-06 18:00:00-04:00,51.72,51.67,-0.0,0.05
2025-06-06 19:00:00-04:00,45.5,45.45,-0.0,0.05
2025-06-06 20:00:00-04:00,42.82,42.73,-0.0,0.09
2025-06-06 21:00:00-04:00,41.23,41.11,-0.0,0.12
2025-06-06 22:00:00-04:00,38.68,38.49,-0.0,0.19
2025-06-06 23:00:00-04:00,36.35,36.2,-0.0,0.15
2025-06-07 00:00:00-04:00,37.22,37.29,-0.0,-0.07
2025-06-07 01:00:00-04:00,28.11,28.42,-0.0,-0.31
2025-06-07 02:00:00-04:00,25.3,25.58,-0.0,-0.28
2025-06-07 03:00:00-04:00,24.56,24.81,-0.0,-0.25
2025-06-07 04:00:00-04:00,24.12,24.39,-0.0,-0.27
2025-06-07 05:00:00-04:00,24.61,24.83,-0.0,-0.22
2025-06-07 06:00:00-04:00,26.03,26.32,-0.0,-0.29
2025-06-07 07:00:00-04:00,25.25,25.51,-0.0,-0.26
2025-06-07 08:00:00-04:00,28.67,28.96,-0.0,-0.29
2025-06-07 09:00:00-04:00,31.01,31.07,-0.0,-0.06
2025-06-07 10:00:00-04:00,29.77,29.8,-0.0,-0.03
2025-06-07 11:00:00-04:00,28.4,28.43,-0.0,-0.03
2025-06-07 12:00:00-04:00,29.09,29.15,-0.0,-0.06
2025-06-07 13:00:00-04:00,29.63,29.69,-0.0,-0.06
2025-06-07 14:00:00-04:00,27.38,27.49,-0.0,-0.11
2025-06-07 15:00:00-04:00,26.23,26.44,-0.0,-0.21
2025-06-07 16:00:00-04:00,33.48,33.58,-0.0,-0.1
2025-06-07 17:00:00-04:00,38.2,38.31,-0.0,-0.11
2025-06-07 18:00:00-04:00,43.41,43.5,-0.0,-0.09
2025-06-07 19:00:00-04:00,42.93,43.02,-0.0,-0.09
2025-06-07 20:00:00-04:00,39.12,39.39,-0.0,-0.27
2025-06-07 21:00:00-04:00,36.27,36.34,-0.0,-0.07
2025-06-07 22:00:00-04:00,33.53,33.6,-0.0,-0.07
2025-06-07 23:00:00-04:00,31.0,31.06,-0.0,-0.06
2025-06-08 00:00:00-04:00,30.4,30.61,-0.0,-0.21
2025-06-08 01:00:00-04:00,25.84,26.13,-0.0,-0.29
2025-06-08 02:00:00-04:00,23.63,23.89,-0.0,-0.26
2025-06-08 03:00:00-04:00,23.1,23.380000000000003,-0.0,-0.28
2025-06-08 04:00:00-04:00,24.28,24.57,-0.0,-0.29
2025-06-08 05:00:00-04:00,24.17,24.49,-0.0,-0.32
2025-06-08 06:00:00-04:00,23.16,25.6,-2.16,-0.28
2025-06-08 07:00:00-04:00,22.04,20.44,1.8,-0.2
2025-06-08 08:00:00-04:00,21.01,20.880000000000003,0.36,-0.23
2025-06-08 09:00:00-04:00,20.93,21.03,-0.0,-0.1
2025-06-08 10:00:00-04:00,22.94,23.01,-0.0,-0.07
2025-06-08 11:00:00-04:00,24.11,24.13,-0.0,-0.02
2025-06-08 12:00:00-04:00,25.72,25.72,-0.0,0.0
2025-06-08 13:00:00-04:00,27.04,27.07,-0.0,-0.03
2025-06-08 14:00:00-04:00,28.29,28.369999999999997,-0.0,-0.08
2025-06-08 15:00:00-04:00,28.59,28.65,-0.0,-0.06
2025-06-08 16:00:00-04:00,31.21,31.27,-0.0,-0.06
2025-06-08 17:00:00-04:00,36.49,36.6,-0.0,-0.11
2025-06-08 18:00:00-04:00,42.63,42.59,-0.0,0.04
2025-06-08 19:00:00-04:00,41.56,41.64,-0.0,-0.08
2025-06-08 20:00:00-04:00,27.83,40.2,-12.09,-0.28
2025-06-08 21:00:00-04:00,49.0,36.91,12.09,0.0
2025-06-08 22:00:00-04:00,52.18,31.95,20.23,0.0
2025-06-08 23:00:00-04:00,6.75,27.25,-20.23,-0.27
2025-06-09 00:00:00-04:00,26.39,26.82,-0.0,-0.43
2025-06-09 01:00:00-04:00,23.2,23.55,-0.0,-0.35
2025-06-09 02:00:00-04:00,23.09,23.44,-0.0,-0.35
2025-06-09 03:00:00-04:00,20.54,20.869999999999997,-0.0,-0.33
2025-06-09 04:00:00-04:00,21.11,21.48,-0.0,-0.37
2025-06-09 05:00:00-04:00,22.44,22.81,-0.0,-0.37
2025-06-09 06:00:00-04:00,29.52,29.82,-0.0,-0.3
2025-06-09 07:00:00-04:00,31.61,31.99,-0.0,-0.38
2025-06-09 08:00:00-04:00,31.91,32.33,-0.0,-0.42
2025-06-09 09:00:00-04:00,32.84,33.07,-0.0,-0.23
2025-06-09 10:00:00-04:00,33.01,33.239999999999995,-0.0,-0.23
2025-06-09 11:00:00-04:00,34.36,34.53,-0.0,-0.17
2025-06-09 12:00:00-04:00,33.01,33.239999999999995,-0.0,-0.23
2025-06-09 13:00:00-04:00,33.73,34.0,-0.0,-0.27
2025-06-09 14:00:00-04:00,33.02,33.39,-0.0,-0.37
2025-06-09 15:00:00-04:00,34.03,34.410000000000004,-0.0,-0.38
2025-06-09 16:00:00-04:00,38.94,39.169999999999995,-0.0,-0.23
2025-06-09 17:00:00-04:00,43.3,43.599999999999994,-0.0,-0.3
2025-06-09 18:00:00-04:00,49.08,49.28,-0.0,-0.2
2025-06-09 19:00:00-04:00,45.66,46.08,-0.0,-0.42
2025-06-09 20:00:00-04:00,24.94,41.54,-16.02,-0.58
2025-06-09 21:00:00-04:00,55.74,39.96000000000001,16.02,-0.24
2025-06-09 22:00:00-04:00,55.74,33.440000000000005,22.47,-0.17
2025-06-09 23:00:00-04:00,5.71,28.58,-22.47,-0.4
2025-06-10 00:00:00-04:00,23.12,23.52,-0.0,-0.4
2025-06-10 01:00:00-04:00,19.4,19.74,-0.0,-0.34
2025-06-10 02:00:00-04:00,19.26,19.57,-0.0,-0.31
2025-06-10 03:00:00-04:00,18.58,18.88,-0.0,-0.3
2025-06-10 04:00:00-04:00,19.2,19.51,-0.0,-0.31
2025-06-10 05:00:00-04:00,5.0,21.339999999999996,-16.08,-0.26
2025-06-10 06:00:00-04:00,43.6,27.630000000000003,16.08,-0.11
2025-06-10 07:00:00-04:00,30.76,30.82,-0.0,-0.06
2025-06-10 08:00:00-04:00,31.26,31.290000000000003,-0.0,-0.03
2025-06-10 09:00:00-04:00,30.51,30.6,-0.0,-0.09
2025-06-10 10:00:00-04:00,32.24,32.27,-0.0,-0.03
2025-06-10 11:00:00-04:00,31.33,31.36,-0.0,-0.03
2025-06-10 12:00:00-04:00,31.79,31.85,-0.0,-0.06
2025-06-10 13:00:00-04:00,31.27,31.4,-0.0,-0.13
2025-06-10 14:00:00-04:00,30.32,30.5,-0.0,-0.18
2025-06-10 15:00:00-04:00,30.89,31.11,-0.0,-0.22
2025-06-10 16:00:00-04:00,35.18,35.29,-0.0,-0.11
2025-06-10 17:00:00-04:00,42.09,42.220000000000006,-0.0,-0.13
2025-06-10 18:00:00-04:00,44.87,44.96,-0.0,-0.09
2025-06-10 19:00:00-04:00,43.29,43.51,-0.0,-0.22
2025-06-10 20:00:00-04:00,41.49,41.830000000000005,-0.0,-0.34
2025-06-10 21:00:00-04:00,37.54,37.73,-0.0,-0.19
2025-06-10 22:00:00-04:00,31.07,31.38,-0.0,-0.31
2025-06-10 23:00:00-04:00,27.1,27.51,-0.0,-0.41
2025-06-11 00:00:00-04:00,26.47,26.9,-0.0,-0.43
2025-06-11 01:00:00-04:00,23.9,24.29,-0.0,-0.39
2025-06-11 02:00:00-04:00,21.48,21.83,-0.0,-0.35
2025-06-11 03:00:00-04:00,21.0,21.34,-0.0,-0.34
2025-06-11 04:00:00-04:00,20.74,21.08,-0.0,-0.34
2025-06-11 05:00:00-04:00,23.02,23.32,-0.0,-0.3
2025-06-11 06:00:00-04:00,26.99,27.319999999999997,-0.0,-0.33
2025-06-11 07:00:00-04:00,29.82,30.15,-0.0,-0.33
2025-06-11 08:00:00-04:00,29.14,29.52,-0.0,-0.38
2025-06-11 09:00:00-04:00,24.42,24.72,-0.0,-0.3
2025-06-11 10:00:00-04:00,25.75,26.12,-0.0,-0.37
2025-06-11 11:00:00-04:00,25.99,26.38,-0.0,-0.39
2025-06-11 12:00:00-04:00,26.41,26.81,-0.0,-0.4
2025-06-11 13:00:00-04:00,26.7,27.08,-0.0,-0.38
2025-06-11 14:00:00-04:00,26.46,26.92,-0.0,-0.46
2025-06-11 15:00:00-04:00,28.9,29.369999999999997,-0.0,-0.47
2025-06-11 16:00:00-04:00,34.73,35.3,-0.0,-0.57
2025-06-11 17:00:00-04:00,44.43,45.11,-0.0,-0.68
2025-06-11 18:00:00-04:00,48.36,49.2,-0.0,-0.84
2025-06-11 19:00:00-04:00,48.96,49.81,-0.0,-0.85
2025-06-11 20:00:00-04:00,43.79,44.55,-0.0,-0.76
2025-06-11 21:00:00-04:00,39.95,40.6,-0.0,-0.65
2025-06-11 22:00:00-04:00,33.68,34.23,-0.0,-0.55
2025-06-11 23:00:00-04:00,29.66,30.17,-0.0,-0.51
2025-06-12 00:00:00-04:00,24.77,25.2,-0.0,-0.43
2025-06-12 01:00:00-04:00,21.84,22.31,-0.0,-0.47
2025-06-12 02:00:00-04:00,20.66,21.06,-0.0,-0.4
2025-06-12 03:00:00-04:00,19.12,19.49,-0.0,-0.37
2025-06-12 04:00:00-04:00,19.58,19.92,-0.0,-0.34
2025-06-12 05:00:00-04:00,18.0,23.200000000000003,-4.85,-0.35
2025-06-12 06:00:00-04:00,34.06,29.410000000000004,4.85,-0.2
2025-06-12 07:00:00-04:00,32.22,32.51,-0.0,-0.29
2025-06-12 08:00:00-04:00,30.52,30.95,-0.0,-0.43
2025-06-12 09:00:00-04:00,26.36,26.68,-0.0,-0.32
2025-06-12 10:00:00-04:00,25.81,26.119999999999997,-0.0,-0.31
2025-06-12 11:00:00-04:00,26.96,27.37,-0.0,-0.41
2025-06-12 12:00:00-04:00,27.11,27.58,-0.0,-0.47
2025-06-12 13:00:00-04:00,27.95,28.41,-0.0,-0.46
2025-06-12 14:00:00-04:00,27.64,28.09,-0.0,-0.45
2025-06-12 15:00:00-04:00,30.22,30.68,-0.0,-0.46
2025-06-12 16:00:00-04:00,33.63,34.21,-0.0,-0.58
2025-06-12 17:00:00-04:00,43.99,44.61,-0.0,-0.62
2025-06-12 18:00:00-04:00,50.73,51.19,-0.0,-0.46
2025-06-12 19:00:00-04:00,49.2,49.75,-0.0,-0.55
2025-06-12 20:00:00-04:00,44.94,45.39,-0.0,-0.45
2025-06-12 21:00:00-04:00,42.47,41.92,0.68,-0.13
2025-06-12 22:00:00-04:00,35.93,36.61,-0.68,0.0
2025-06-12 23:00:00-04:00,31.83,31.93,-0.0,-0.1
2025-06-13 00:00:00-04:00,29.16,29.51,-0.0,-0.35
2025-06-13 01:00:00-04:00,25.63,25.89,-0.0,-0.26
2025-06-13 02:00:00-04:00,23.66,23.9,-0.0,-0.24
2025-06-13 03:00:00-04:00,21.98,22.2,-0.0,-0.22
2025-06-13 04:00:00-04:00,21.77,21.99,-0.0,-0.22
2025-06-13 05:00:00-04:00,24.06,24.28,-0.0,-0.22
2025-06-13 06:00:00-04:00,28.45,28.56,-0.0,-0.11
2025-06-13 07:00:00-04:00,31.02,31.11,-0.0,-0.09
2025-06-13 08:00:00-04:00,29.47,29.65,-0.0,-0.18
2025-06-13 09:00:00-04:00,27.28,27.39,-0.0,-0.11
2025-06-13 10:00:00-04:00,26.54,26.67,-0.0,-0.13
2025-06-13 11:00:00-04:00,26.35,26.46,-0.0,-0.11
2025-06-13 12:00:00-04:00,26.95,26.98,-0.0,-0.03
2025-06-13 13:00:00-04:00,26.68,26.76,-0.0,-0.08
2025-06-13 14:00:00-04:00,27.25,27.41,-0.0,-0.16
2025-06-13 15:00:00-04:00,28.48,28.91,-0.23,-0.2
2025-06-13 16:00:00-04:00,37.23,37.07,0.23,-0.07
2025-06-13 17:00:00-04:00,42.12,42.08,-0.0,0.04
2025-06-13 18:00:00-04:00,48.16,48.209999999999994,-0.0,-0.05
2025-06-13 19:00:00-04:00,45.43,45.48,-0.0,-0.05
2025-06-13 20:00:00-04:00,43.53,43.53,-0.0,0.0
2025-06-13 21:00:00-04:00,39.4,39.36,-0.0,0.04
2025-06-13 22:00:00-04:00,34.68,34.54,-0.0,0.14
2025-06-13 23:00:00-04:00,30.51,30.42,-0.0,0.09
2025-06-14 00:00:00-04:00,31.65,31.68,-0.0,-0.03
2025-06-14 01:00:00-04:00,26.96,27.09,-0.0,-0.13
2025-06-14 02:00:00-04:00,24.27,24.44,-0.0,-0.17
2025-06-14 03:00:00-04:00,22.28,22.44,-0.0,-0.16
2025-06-14 04:00:00-04:00,21.97,22.119999999999997,-0.0,-0.15
2025-06-14 05:00:00-04:00,23.93,24.03,-0.0,-0.1
2025-06-14 06:00:00-04:00,25.04,25.07,-0.0,-0.03
2025-06-14 07:00:00-04:00,25.77,25.92,-0.0,-0.15
2025-06-14 08:00:00-04:00,26.28,26.44,-0.0,-0.16
2025-06-14 09:00:00-04:00,28.58,28.61,-0.0,-0.03
2025-06-14 10:00:00-04:00,28.66,28.66,-0.0,0.0
2025-06-14 11:00:00-04:00,28.94,28.94,-0.0,0.0
2025-06-14 12:00:00-04:00,28.04,28.04,-0.0,0.0
2025-06-14 13:00:00-04:00,27.88,27.85,-0.0,0.03
2025-06-14 14:00:00-04:00,27.88,27.959999999999997,-0.0,-0.08
2025-06-14 15:00:00-04:00,28.55,28.66,-0.0,-0.11
2025-06-14 16:00:00-04:00,28.51,28.71,-0.0,-0.2
2025-06-14 17:00:00-04:00,32.95,33.050000000000004,-0.0,-0.1
2025-06-14 18:00:00-04:00,36.08,36.12,-0.0,-0.04
2025-06-14 19:00:00-04:00,36.07,36.18,-0.0,-0.11
2025-06-14 20:00:00-04:00,35.1,35.17,-0.0,-0.07
2025-06-14 21:00:00-04:00,34.07,33.93,-0.0,0.14
2025-06-14 22:00:00-04:00,30.18,30.06,-0.0,0.12
2025-06-14 23:00:00-04:00,27.15,27.119999999999997,-0.0,0.03
2025-06-15 00:00:00-04:00,27.87,27.98,-0.0,-0.11
2025-06-15 01:00:00-04:00,24.44,24.59,-0.0,-0.15
2025-06-15 02:00:00-04:00,20.78,21.01,-0.0,-0.23
2025-06-15 03:00:00-04:00,20.45,20.68,-0.0,-0.23
2025-06-15 04:00:00-04:00,20.45,20.68,-0.0,-0.23
2025-06-15 05:00:00-04:00,20.99,21.18,-0.0,-0.19
2025-06-15 06:00:00-04:00,21.41,21.63,-0.0,-0.22
2025-06-15 07:00:00-04:00,21.39,21.61,-0.0,-0.22
2025-06-15 08:00:00-04:00,22.0,22.2,-0.0,-0.2
2025-06-15 09:00:00-04:00,21.98,22.18,-0.0,-0.2
2025-06-15 10:00:00-04:00,23.2,23.41,-0.0,-0.21
2025-06-15 11:00:00-04:00,23.13,23.34,-0.0,-0.21
2025-06-15 12:00:00-04:00,23.28,23.49,-0.0,-0.21
2025-06-15 13:00:00-04:00,23.34,23.55,-0.0,-0.21
2025-06-15 14:00:00-04:00,22.67,22.880000000000003,-0.0,-0.21
2025-06-15 15:00:00-04:00,22.59,22.77,-0.0,-0.18
2025-06-15 16:00:00-04:00,25.57,25.78,-0.0,-0.21
2025-06-15 17:00:00-04:00,29.26,29.5,-0.0,-0.24
2025-06-15 18:00:00-04:00,32.42,32.65,-0.0,-0.23
2025-06-15 19:00:00-04:00,34.46,34.7,-0.0,-0.24
2025-06-15 20:00:00-04:00,37.1,37.03,-0.0,0.07
2025-06-15 21:00:00-04:00,34.86,34.69,-0.0,0.17
2025-06-15 22:00:00-04:00,30.77,30.62,-0.0,0.15
2025-06-15 23:00:00-04:00,26.6,26.520000000000003,-0.0,0.08
2025-06-16 00:00:00-04:00,27.47,27.69,-0.0,-0.22
2025-06-16 01:00:00-04:00,24.48,24.75,-0.0,-0.27
2025-06-16 02:00:00-04:00,22.01,22.23,-0.0,-0.22
2025-06-16 03:00:00-04:00,20.79,21.02,-0.0,-0.23
2025-06-16 04:00:00-04:00,21.06,21.29,-0.0,-0.23
2025-06-16 05:00:00-04:00,24.2,24.35,-0.0,-0.15
2025-06-16 06:00:00-04:00,29.63,29.54,-0.0,0.09
2025-06-16 07:00:00-04:00,31.07,30.95,-0.0,0.12
2025-06-16 08:00:00-04:00,31.18,31.06,-0.0,0.12
2025-06-16 09:00:00-04:00,28.75,28.61,-0.0,0.14
2025-06-16 10:00:00-04:00,28.27,28.16,-0.0,0.11
2025-06-16 11:00:00-04:00,28.57,28.46,-0.0,0.11
2025-06-16 12:00:00-04:00,30.17,30.020000000000003,-0.0,0.15
2025-06-16 13:00:00-04:00,30.1,29.98,-0.0,0.12
2025-06-16 14:00:00-04:00,30.86,30.71,-0.0,0.15
2025-06-16 15:00:00-04:00,31.12,31.0,-0.0,0.12
2025-06-16 16:00:00-04:00,34.06,33.89,-0.0,0.17
2025-06-16 17:00:00-04:00,39.47,39.27,-0.0,0.2
2025-06-16 18:00:00-04:00,44.81,44.59,-0.0,0.22
2025-06-16 19:00:00-04:00,47.13,46.940000000000005,-0.0,0.19
2025-06-16 20:00:00-04:00,43.74,43.57,-0.0,0.17
2025-06-16 21:00:00-04:00,39.99,39.830000000000005,-0.0,0.16
2025-06-16 22:00:00-04:00,33.36,33.23,-0.0,0.13
2025-06-16 23:00:00-04:00,28.16,28.16,-0.0,0.0
2025-06-17 00:00:00-04:00,26.6,26.92,-0.0,-0.32
2025-06-17 01:00:00-04:00,23.95,24.29,-0.0,-0.34
2025-06-17 02:00:00-04:00,21.92,22.21,-0.0,-0.29
2025-06-17 03:00:00-04:00,20.41,20.68,-0.0,-0.27
2025-06-17 04:00:00-04:00,20.92,21.200000000000003,-0.0,-0.28
2025-06-17 05:00:00-04:00,24.77,24.89,-0.0,-0.12
2025-06-17 06:00:00-04:00,30.22,30.16,-0.0,0.06
2025-06-17 07:00:00-04:00,33.61,33.29,0.19,0.13
2025-06-17 08:00:00-04:00,34.76,34.809999999999995,-0.19,0.14
2025-06-17 09:00:00-04:00,33.58,33.449999999999996,-0.0,0.13
2025-06-17 10:00:00-04:00,35.44,35.3,-0.0,0.14
2025-06-17 11:00:00-04:00,35.93,35.82,-0.0,0.11
2025-06-17 12:00:00-04:00,36.27,36.16,-0.0,0.11
2025-06-17 13:00:00-04:00,36.41,36.3,-0.0,0.11
2025-06-17 14:00:00-04:00,36.03,35.96,-0.0,0.07
2025-06-17 15:00:00-04:00,38.27,38.190000000000005,-0.0,0.08
2025-06-17 16:00:00-04:00,40.52,40.48,-0.0,0.04
2025-06-17 17:00:00-04:00,43.15,43.11,-0.0,0.04
2025-06-17 18:00:00-04:00,46.47,46.42,-0.0,0.05
2025-06-17 19:00:00-04:00,48.04,48.09,-0.0,-0.05
2025-06-17 20:00:00-04:00,45.42,45.47,-0.0,-0.05
2025-06-17 21:00:00-04:00,41.14,41.14,-0.0,0.0
2025-06-17 22:00:00-04:00,35.52,35.300000000000004,0.22,0.0
2025-06-17 23:00:00-04:00,30.29,30.659999999999997,-0.22,-0.15
2025-06-18 00:00:00-04:00,29.58,29.88,-0.0,-0.3
2025-06-18 01:00:00-04:00,25.99,26.36,-0.0,-0.37
2025-06-18 02:00:00-04:00,23.85,24.19,-0.0,-0.34
2025-06-18 03:00:00-04:00,23.81,24.119999999999997,-0.0,-0.31
2025-06-18 04:00:00-04:00,23.97,24.29,-0.0,-0.32
2025-06-18 05:00:00-04:00,24.9,25.229999999999997,-0.0,-0.33
2025-06-18 06:00:00-04:00,32.58,32.739999999999995,-0.0,-0.16
2025-06-18 07:00:00-04:00,33.37,33.739999999999995,-0.0,-0.37
2025-06-18 08:00:00-04:00,38.44,38.59,-0.0,-0.15
2025-06-18 09:00:00-04:00,39.33,39.53,-0.0,-0.2
2025-06-18 10:00:00-04:00,40.8,40.84,-0.0,-0.04
2025-06-18 11:00:00-04:00,41.91,41.83,-0.0,0.08
2025-06-18 12:00:00-04:00,42.6,42.51,-0.0,0.09
2025-06-18 13:00:00-04:00,44.7,44.66,-0.0,0.04
2025-06-18 14:00:00-04:00,48.0,47.95,-0.0,0.05
2025-06-18 15:00:00-04:00,52.58,52.53,-0.0,0.05
2025-06-18 16:00:00-04:00,52.61,52.190000000000005,0.37,0.05
2025-06-18 17:00:00-04:00,55.74,56.5,-0.37,-0.39
2025-06-18 18:00:00-04:00,57.42,58.0,-0.0,-0.58
2025-06-18 19:00:00-04:00,55.74,56.02,-0.0,-0.28
2025-06-18 20:00:00-04:00,55.69,55.58,-0.0,0.11
2025-06-18 21:00:00-04:00,48.36,48.26,-0.0,0.1
2025-06-18 22:00:00-04:00,41.58,41.46,-0.0,0.12
2025-06-18 23:00:00-04:00,37.15,37.0,-0.0,0.15
2025-06-19 00:00:00-04:00,39.83,39.71,-0.0,0.12
2025-06-19 01:00:00-04:00,35.8,35.69,-0.0,0.11
2025-06-19 02:00:00-04:00,32.51,32.48,-0.0,0.03
2025-06-19 03:00:00-04:00,29.95,30.1,-0.0,-0.15
2025-06-19 04:00:00-04:00,29.47,29.59,-0.0,-0.12
2025-06-19 05:00:00-04:00,34.46,34.43,-0.0,0.03
2025-06-19 06:00:00-04:00,37.96,38.04,-0.0,-0.08
2025-06-19 07:00:00-04:00,41.69,41.77,-0.0,-0.08
2025-06-19 08:00:00-04:00,43.1,43.14,-0.0,-0.04
2025-06-19 09:00:00-04:00,43.08,43.17,-0.0,-0.09
2025-06-19 10:00:00-04:00,43.7,43.830000000000005,-0.0,-0.13
2025-06-19 11:00:00-04:00,45.1,45.28,-0.0,-0.18
2025-06-19 12:00:00-04:00,49.98,50.18,-0.0,-0.2
2025-06-19 13:00:00-04:00,52.43,52.69,-0.0,-0.26
2025-06-19 14:00:00-04:00,55.74,56.02,-0.0,-0.28
2025-06-19 15:00:00-04:00,55.74,56.48,-0.0,-0.74
2025-06-19 16:00:00-04:00,55.74,56.53,-0.0,-0.79
2025-06-19 17:00:00-04:00,55.75,56.66,-0.0,-0.91
2025-06-19 18:00:00-04:00,55.75,56.71,-0.0,-0.96
2025-06-19 19:00:00-04:00,61.35,62.47,-0.0,-1.12
2025-06-19 20:00:00-04:00,55.74,56.48,-0.0,-0.74
2025-06-19 21:00:00-04:00,52.93,52.96,0.23,-0.26
2025-06-19 22:00:00-04:00,45.94,45.84,0.33,-0.23
2025-06-19 23:00:00-04:00,38.87,39.79,-0.56,-0.36
2025-06-20 00:00:00-04:00,41.53,41.74,-0.0,-0.21
2025-06-20 01:00:00-04:00,37.49,37.64,-0.0,-0.15
2025-06-20 02:00:00-04:00,33.31,33.480000000000004,-0.0,-0.17
2025-06-20 03:00:00-04:00,33.01,33.18,-0.0,-0.17
2025-06-20 04:00:00-04:00,31.5,32.31,-0.62,-0.19
2025-06-20 05:00:00-04:00,31.66,31.23,0.62,-0.19
2025-06-20 06:00:00-04:00,33.54,33.74,-0.0,-0.2
2025-06-20 07:00:00-04:00,33.93,34.2,-0.0,-0.27
2025-06-20 08:00:00-04:00,36.09,36.38,-0.0,-0.29
2025-06-20 09:00:00-04:00,34.45,34.760000000000005,-0.0,-0.31
2025-06-20 10:00:00-04:00,35.51,35.83,-0.0,-0.32
2025-06-20 11:00:00-04:00,36.91,37.25,-0.0,-0.34
2025-06-20 12:00:00-04:00,38.45,38.760000000000005,-0.0,-0.31
2025-06-20 13:00:00-04:00,41.38,41.760000000000005,-0.0,-0.38
2025-06-20 14:00:00-04:00,44.07,44.43,-0.0,-0.36
2025-06-20 15:00:00-04:00,45.84,46.260000000000005,-0.0,-0.42
2025-06-20 16:00:00-04:00,51.32,51.68,-0.0,-0.36
2025-06-20 17:00:00-04:00,55.74,56.41,-0.0,-0.67
2025-06-20 18:00:00-04:00,55.74,56.41,-0.0,-0.67
2025-06-20 19:00:00-04:00,55.74,56.3,-0.0,-0.56
2025-06-20 20:00:00-04:00,53.91,54.02,-0.0,-0.11
2025-06-20 21:00:00-04:00,51.29,51.34,-0.0,-0.05
2025-06-20 22:00:00-04:00,45.39,45.39,-0.0,0.0
2025-06-20 23:00:00-04:00,40.73,40.69,-0.0,0.04
2025-06-21 00:00:00-04:00,38.53,38.96,-0.0,-0.43
2025-06-21 01:00:00-04:00,34.6,34.980000000000004,-0.0,-0.38
2025-06-21 02:00:00-04:00,32.37,32.699999999999996,-0.0,-0.33
2025-06-21 03:00:00-04:00,30.69,31.0,-0.0,-0.31
2025-06-21 04:00:00-04:00,30.1,30.37,-0.0,-0.27
2025-06-21 05:00:00-04:00,29.41,29.74,-0.0,-0.33
2025-06-21 06:00:00-04:00,29.93,30.29,-0.0,-0.36
2025-06-21 07:00:00-04:00,31.19,31.540000000000003,-0.0,-0.35
2025-06-21 08:00:00-04:00,33.26,33.39,-0.0,-0.13
2025-06-21 09:00:00-04:00,34.69,34.86,-0.0,-0.17
2025-06-21 10:00:00-04:00,37.63,37.74,-0.0,-0.11
2025-06-21 11:00:00-04:00,40.56,40.6,-0.0,-0.04
2025-06-21 12:00:00-04:00,44.86,44.82,-0.0,0.04
2025-06-21 13:00:00-04:00,46.19,46.099999999999994,-0.0,0.09
2025-06-21 14:00:00-04:00,48.08,47.98,-0.0,0.1
2025-06-21 15:00:00-04:00,51.1,51.05,-0.0,0.05
2025-06-21 16:00:00-04:00,55.74,55.190000000000005,0.61,-0.06
2025-06-21 17:00:00-04:00,58.03,59.23,-0.61,-0.59
2025-06-21 18:00:00-04:00,61.23,61.849999999999994,-0.0,-0.62
2025-06-21 19:00:00-04:00,57.04,57.73,-0.0,-0.69
2025-06-21 20:00:00-04:00,55.74,56.190000000000005,-0.0,-0.45
2025-06-21 21:00:00-04:00,52.52,52.57,-0.0,-0.05
2025-06-21 22:00:00-04:00,47.82,47.96,-0.0,-0.14
2025-06-21 23:00:00-04:00,43.19,43.32,-0.0,-0.13
2025-06-22 00:00:00-04:00,34.82,35.39,-0.0,-0.57
2025-06-22 01:00:00-04:00,33.1,33.67,-0.0,-0.57
2025-06-22 02:00:00-04:00,32.03,32.620000000000005,-0.0,-0.59
2025-06-22 03:00:00-04:00,30.03,30.61,-0.0,-0.58
2025-06-22 04:00:00-04:00,29.18,29.71,-0.0,-0.53
2025-06-22 05:00:00-04:00,28.43,28.98,-0.0,-0.55
2025-06-22 06:00:00-04:00,27.08,27.659999999999997,-0.0,-0.58
2025-06-22 07:00:00-04:00,29.09,29.68,-0.0,-0.59
2025-06-22 08:00:00-04:00,32.47,33.1,-0.0,-0.63
2025-06-22 09:00:00-04:00,38.79,39.58,-0.0,-0.79
2025-06-22 10:00:00-04:00,45.2,45.8,-0.0,-0.6
2025-06-22 11:00:00-04:00,48.78,49.47,-0.0,-0.69
2025-06-22 12:00:00-04:00,54.02,54.73,-0.0,-0.71
2025-06-22 13:00:00-04:00,55.75,56.37,-0.0,-0.62
2025-06-22 14:00:00-04:00,55.91,56.81999999999999,-0.0,-0.91
2025-06-22 15:00:00-04:00,63.26,64.35,-0.0,-1.09
2025-06-22 16:00:00-04:00,74.98,76.9,-0.0,-1.92
2025-06-22 17:00:00-04:00,91.87,94.32,-0.0,-2.45
2025-06-22 18:00:00-04:00,99.94,102.61,-0.0,-2.67
2025-06-22 19:00:00-04:00,90.47,92.79,-0.0,-2.32
2025-06-22 20:00:00-04:00,78.8,81.06,-0.31,-1.95
2025-06-22 21:00:00-04:00,70.42,71.54,0.31,-1.43
2025-06-22 22:00:00-04:00,62.21,63.22,-0.0,-1.01
2025-06-22 23:00:00-04:00,55.74,56.59,-0.0,-0.85
2025-06-23 00:00:00-04:00,57.49,58.36,-0.0,-0.87
2025-06-23 01:00:00-04:00,54.9,55.28,-0.0,-0.38
2025-06-23 02:00:00-04:00,52.67,52.99,-0.0,-0.32
2025-06-23 03:00:00-04:00,49.02,49.36000000000001,-0.0,-0.34
2025-06-23 04:00:00-04:00,46.84,47.17,-0.0,-0.33
2025-06-23 05:00:00-04:00,50.12,50.47,-0.0,-0.35
2025-06-23 06:00:00-04:00,52.37,52.849999999999994,-0.0,-0.48
2025-06-23 07:00:00-04:00,55.69,56.2,-0.0,-0.51
2025-06-23 08:00:00-04:00,56.83,57.76,-0.0,-0.93
2025-06-23 09:00:00-04:00,59.33,60.36,-0.0,-1.03
2025-06-23 10:00:00-04:00,69.38,71.22999999999999,-0.0,-1.85
2025-06-23 11:00:00-04:00,78.01,80.37,0.13,-2.49
2025-06-23 12:00:00-04:00,99.68,108.7,-5.21,-3.81
2025-06-23 13:00:00-04:00,126.51,131.23000000000002,-0.0,-4.72
2025-06-23 14:00:00-04:00,132.96,151.04,-12.79,-5.29
2025-06-23 15:00:00-04:00,140.44,169.11999999999998,-22.76,-5.92
2025-06-23 16:00:00-04:00,173.76,210.28,-29.15,-7.37
2025-06-23 17:00:00-04:00,192.67,245.26,-44.0,-8.59
2025-06-23 18:00:00-04:00,169.24,213.44,-36.72,-7.48
2025-06-23 19:00:00-04:00,151.25,182.94,-25.28,-6.41
2025-06-23 20:00:00-04:00,136.95,172.33999999999995,-29.35,-6.04
2025-06-23 21:00:00-04:00,100.05,114.76,-10.81,-3.9
2025-06-23 22:00:00-04:00,71.08,78.36999999999999,-4.71,-2.58
2025-06-23 23:00:00-04:00,65.89,67.51,-0.0,-1.62
2025-06-24 00:00:00-04:00,58.08,59.14,-0.0,-1.06
2025-06-24 01:00:00-04:00,55.74,56.48,-0.0,-0.74
2025-06-24 02:00:00-04:00,53.83,54.43,-0.0,-0.6
2025-06-24 03:00:00-04:00,48.95,49.440000000000005,-0.0,-0.49
2025-06-24 04:00:00-04:00,47.68,48.16,-0.0,-0.48
2025-06-24 05:00:00-04:00,51.0,51.46,-0.0,-0.46
2025-06-24 06:00:00-04:00,53.42,54.010000000000005,-0.0,-0.59
2025-06-24 07:00:00-04:00,56.15,57.0,-0.0,-0.85
2025-06-24 08:00:00-04:00,60.35,61.21,-0.0,-0.86
2025-06-24 09:00:00-04:00,63.06,64.09,-0.0,-1.03
2025-06-24 10:00:00-04:00,71.22,73.03999999999999,-0.0,-1.82
2025-06-24 11:00:00-04:00,83.36,85.94,-0.0,-2.58
2025-06-24 12:00:00-04:00,109.52,113.02,-0.0,-3.5
2025-06-24 13:00:00-04:00,134.3,138.75,-0.0,-4.45
2025-06-24 14:00:00-04:00,156.35,162.72,-1.16,-5.21
2025-06-24 15:00:00-04:00,165.06,170.52,-0.0,-5.46
2025-06-24 16:00:00-04:00,223.48,230.39,-0.0,-6.91
2025-06-24 17:00:00-04:00,254.68,262.55,-0.0,-7.87
2025-06-24 18:00:00-04:00,252.88,260.44,-0.0,-7.56
2025-06-24 19:00:00-04:00,230.67,237.57,-0.0,-6.9
2025-06-24 20:00:00-04:00,195.66,201.71,-0.0,-6.05
2025-06-24 21:00:00-04:00,130.0,134.02,-0.0,-4.02
2025-06-24 22:00:00-04:00,90.0,92.49,-0.0,-2.49
2025-06-24 23:00:00-04:00,70.71,71.92999999999999,-0.0,-1.22
2025-06-25 00:00:00-04:00,67.76,68.86,-0.0,-1.1
2025-06-25 01:00:00-04:00,63.9,64.94,-0.0,-1.04
2025-06-25 02:00:00-04:00,59.82,60.73,-0.0,-0.91
2025-06-25 03:00:00-04:00,55.75,56.49,-0.0,-0.74
2025-06-25 04:00:00-04:00,55.74,56.190000000000005,-0.0,-0.45
2025-06-25 05:00:00-04:00,56.41,57.15,-0.0,-0.74
2025-06-25 06:00:00-04:00,56.77,57.52,-0.0,-0.75
2025-06-25 07:00:00-04:00,62.45,63.34,-0.0,-0.89
2025-06-25 08:00:00-04:00,66.49,67.42999999999999,-0.0,-0.94
2025-06-25 09:00:00-04:00,70.4,71.55000000000001,-0.0,-1.15
2025-06-25 10:00:00-04:00,70.41,72.06,-0.0,-1.65
2025-06-25 11:00:00-04:00,70.41,76.0,-3.31,-2.28
2025-06-25 12:00:00-04:00,88.71,91.55,-0.0,-2.84
2025-06-25 13:00:00-04:00,90.0,109.89,-16.27,-3.62
2025-06-25 14:00:00-04:00,90.0,121.96,-28.05,-3.91
2025-06-25 15:00:00-04:00,90.0,131.47,-37.13,-4.34
2025-06-25 16:00:00-04:00,90.0,162.82,-67.45,-5.37
2025-06-25 17:00:00-04:00,124.0,185.13,-55.2,-5.93
2025-06-25 18:00:00-04:00,124.0,205.6,-75.01,-6.59
2025-06-25 19:00:00-04:00,114.0,183.25,-63.21,-6.04
2025-06-25 20:00:00-04:00,114.0,122.3,-4.27,-4.03
2025-06-25 21:00:00-04:00,91.71,92.87,1.72,-2.88
2025-06-25 22:00:00-04:00,70.41,73.89999999999999,-1.72,-1.77
2025-06-25 23:00:00-04:00,63.14,64.17,-0.0,-1.03
2025-06-26 00:00:00-04:00,50.36,51.13,-0.0,-0.77
2025-06-26 01:00:00-04:00,48.33,48.97,-0.0,-0.64
2025-06-26 02:00:00-04:00,46.44,47.05,-0.0,-0.61
2025-06-26 03:00:00-04:00,44.45,44.99,-0.0,-0.54
2025-06-26 04:00:00-04:00,42.66,43.18,-0.0,-0.52
2025-06-26 05:00:00-04:00,43.83,44.41,-0.0,-0.58
2025-06-26 06:00:00-04:00,45.76,46.36,-0.0,-0.6
2025-06-26 07:00:00-04:00,45.25,45.75,-0.0,-0.5
2025-06-26 08:00:00-04:00,47.03,47.46,-0.0,-0.43
2025-06-26 09:00:00-04:00,49.34,49.59,-0.0,-0.25
2025-06-26 10:00:00-04:00,47.63,47.870000000000005,-0.0,-0.24
2025-06-26 11:00:00-04:00,48.17,48.87,-0.41,-0.29
2025-06-26 12:00:00-04:00,50.31,50.25000000000001,0.41,-0.35
2025-06-26 13:00:00-04:00,52.96,53.28,-0.0,-0.32
2025-06-26 14:00:00-04:00,51.88,52.400000000000006,-0.0,-0.52
2025-06-26 15:00:00-04:00,52.56,53.25,-0.0,-0.69
2025-06-26 16:00:00-04:00,55.51,56.129999999999995,-0.0,-0.62
2025-06-26 17:00:00-04:00,58.22,59.05,-0.0,-0.83
2025-06-26 18:00:00-04:00,55.74,56.36,-0.0,-0.62
2025-06-26 19:00:00-04:00,55.35,55.8,-0.0,-0.45
2025-06-26 20:00:00-04:00,49.27,49.870000000000005,-0.0,-0.6
2025-06-26 21:00:00-04:00,45.74,46.11,-0.0,-0.37
2025-06-26 22:00:00-04:00,42.72,41.0,1.92,-0.2
2025-06-26 23:00:00-04:00,34.29,36.65,-1.92,-0.44
2025-06-27 00:00:00-04:00,38.01,38.47,-0.0,-0.46
2025-06-27 01:00:00-04:00,34.07,34.55,-0.0,-0.48
2025-06-27 02:00:00-04:00,30.97,31.38,-0.0,-0.41
2025-06-27 03:00:00-04:00,28.55,28.96,-0.0,-0.41
2025-06-27 04:00:00-04:00,29.14,29.55,-0.0,-0.41
2025-06-27 05:00:00-04:00,30.17,30.57,-0.0,-0.4
2025-06-27 06:00:00-04:00,38.27,38.540000000000006,-0.0,-0.27
2025-06-27 07:00:00-04:00,39.55,39.79,-0.0,-0.24
2025-06-27 08:00:00-04:00,42.12,42.37,-0.0,-0.25
2025-06-27 09:00:00-04:00,40.95,41.2,-0.0,-0.25
2025-06-27 10:00:00-04:00,38.7,38.93,-0.0,-0.23
2025-06-27 11:00:00-04:00,38.22,38.49,-0.0,-0.27
2025-06-27 12:00:00-04:00,39.49,39.85,-0.0,-0.36
2025-06-27 13:00:00-04:00,39.81,40.21,-0.0,-0.4
2025-06-27 14:00:00-04:00,40.06,40.46,-0.0,-0.4
2025-06-27 15:00:00-04:00,41.2,41.66,-0.0,-0.46
2025-06-27 16:00:00-04:00,44.57,45.06,-0.0,-0.49
2025-06-27 17:00:00-04:00,46.47,46.94,-0.0,-0.47
2025-06-27 18:00:00-04:00,44.65,45.15,-0.0,-0.5
2025-06-27 19:00:00-04:00,45.14,45.6,-0.0,-0.46
2025-06-27 20:00:00-04:00,40.23,40.88999999999999,-0.0,-0.66
2025-06-27 21:00:00-04:00,38.37,38.879999999999995,-0.0,-0.51
2025-06-27 22:00:00-04:00,34.73,35.22,-0.0,-0.49
2025-06-27 23:00:00-04:00,30.01,30.53,-0.0,-0.52
2025-06-28 00:00:00-04:00,32.88,33.45,-0.0,-0.57
2025-06-28 01:00:00-04:00,27.85,28.42,-0.0,-0.57
2025-06-28 02:00:00-04:00,25.58,26.1,-0.0,-0.52
2025-06-28 03:00:00-04:00,26.58,27.119999999999997,-0.0,-0.54
2025-06-28 04:00:00-04:00,25.46,25.95,-0.0,-0.49
2025-06-28 05:00:00-04:00,25.83,27.019999999999996,-0.65,-0.54
2025-06-28 06:00:00-04:00,26.0,25.87,0.65,-0.52
2025-06-28 07:00:00-04:00,28.21,28.73,-0.0,-0.52
2025-06-28 08:00:00-04:00,31.38,31.95,-0.0,-0.57
2025-06-28 09:00:00-04:00,34.92,35.42,-0.0,-0.5
2025-06-28 10:00:00-04:00,38.94,39.37,-0.0,-0.43
2025-06-28 11:00:00-04:00,40.31,40.760000000000005,-0.0,-0.45
2025-06-28 12:00:00-04:00,40.6,41.01,-0.0,-0.41
2025-06-28 13:00:00-04:00,43.35,43.83,-0.0,-0.48
2025-06-28 14:00:00-04:00,42.8,43.32,-0.0,-0.52
2025-06-28 15:00:00-04:00,47.32,47.94,-0.0,-0.62
2025-06-28 16:00:00-04:00,49.47,50.17,-0.0,-0.7
2025-06-28 17:00:00-04:00,59.35,60.190000000000005,-0.0,-0.84
2025-06-28 18:00:00-04:00,60.74,61.6,-0.0,-0.86
2025-06-28 19:00:00-04:00,62.63,63.580000000000005,-0.0,-0.95
2025-06-28 20:00:00-04:00,60.61,61.53,-0.0,-0.92
2025-06-28 21:00:00-04:00,52.49,53.13,-0.0,-0.64
2025-06-28 22:00:00-04:00,47.73,48.309999999999995,-0.0,-0.58
2025-06-28 23:00:00-04:00,43.29,43.81,-0.0,-0.52
2025-06-29 00:00:00-04:00,36.44,36.96,-0.0,-0.52
2025-06-29 01:00:00-04:00,33.28,33.75,-0.0,-0.47
2025-06-29 02:00:00-04:00,29.58,29.97,-0.0,-0.39
2025-06-29 03:00:00-04:00,28.15,28.52,-0.0,-0.37
2025-06-29 04:00:00-04:00,28.15,28.52,-0.0,-0.37
2025-06-29 05:00:00-04:00,27.65,28.01,-0.0,-0.36
2025-06-29 06:00:00-04:00,27.54,27.9,-0.0,-0.36
2025-06-29 07:00:00-04:00,27.94,28.31,-0.0,-0.37
2025-06-29 08:00:00-04:00,27.91,28.22,-0.0,-0.31
2025-06-29 09:00:00-04:00,29.98,30.34,-0.0,-0.36
2025-06-29 10:00:00-04:00,31.03,31.31,-0.0,-0.28
2025-06-29 11:00:00-04:00,34.66,34.94,-0.0,-0.28
2025-06-29 12:00:00-04:00,37.17,37.43,-0.0,-0.26
2025-06-29 13:00:00-04:00,39.97,40.29,-0.0,-0.32
2025-06-29 14:00:00-04:00,42.65,43.0,-0.0,-0.35
2025-06-29 15:00:00-04:00,46.91,47.239999999999995,-0.0,-0.33
2025-06-29 16:00:00-04:00,52.87,53.3,-0.0,-0.43
2025-06-29 17:00:00-04:00,60.74,57.2,4.06,-0.52
2025-06-29 18:00:00-04:00,66.23,71.07000000000001,-4.06,-0.78
2025-06-29 19:00:00-04:00,66.84,67.52000000000001,-0.0,-0.68
2025-06-29 20:00:00-04:00,61.35,61.97,-0.0,-0.62
2025-06-29 21:00:00-04:00,56.81,56.98,-0.0,-0.17
2025-06-29 22:00:00-04:00,49.12,49.32,-0.0,-0.2
2025-06-29 23:00:00-04:00,43.64,43.86,-0.0,-0.22
2025-06-30 00:00:00-04:00,41.33,41.79,-0.0,-0.46
2025-06-30 01:00:00-04:00,36.39,36.83,-0.0,-0.44
2025-06-30 02:00:00-04:00,33.59,33.96,-0.0,-0.37
2025-06-30 03:00:00-04:00,31.02,31.36,-0.0,-0.34
2025-06-30 04:00:00-04:00,30.63,30.97,-0.0,-0.34
2025-06-30 05:00:00-04:00,31.87,32.26,-0.0,-0.39
2025-06-30 06:00:00-04:00,34.4,34.68,-0.0,-0.28
2025-06-30 07:00:00-04:00,37.36,37.66,-0.0,-0.3
2025-06-30 08:00:00-04:00,42.86,43.03,-0.0,-0.17
2025-06-30 09:00:00-04:00,43.12,43.34,-0.0,-0.22
2025-06-30 10:00:00-04:00,45.79,46.06,-0.0,-0.27
2025-06-30 11:00:00-04:00,48.83,49.12,-0.0,-0.29
2025-06-30 12:00:00-04:00,54.66,55.099999999999994,-0.0,-0.44
2025-06-30 13:00:00-04:00,55.31,55.81,-0.0,-0.5
2025-06-30 14:00:00-04:00,60.67,61.09,-0.0,-0.42
2025-06-30 15:00:00-04:00,63.77,64.61,-0.0,-0.84
2025-06-30 16:00:00-04:00,75.41,76.86999999999999,-0.0,-1.46
2025-06-30 17:00:00-04:00,86.72,89.42,-0.29,-2.41
2025-06-30 18:00:00-04:00,87.32,89.97999999999999,-0.32,-2.34
2025-06-30 19:00:00-04:00,80.81,84.44,-1.52,-2.11
2025-06-30 20:00:00-04:00,75.4,75.16,1.37,-1.13
2025-06-30 21:00:00-04:00,63.54,64.51,-0.0,-0.97
2025-06-30 22:00:00-04:00,54.97,55.47,-0.0,-0.5
2025-06-30 23:00:00-04:00,49.65,50.0,-0.0,-0.35
2025-07-01 00:00:00-04:00,44.55,44.86,-0.0,-0.31
2025-07-01 01:00:00-04:00,39.23,39.5,-0.0,-0.27
2025-07-01 02:00:00-04:00,36.34,36.59,-0.0,-0.25
2025-07-01 03:00:00-04:00,33.22,33.449999999999996,-0.0,-0.23
2025-07-01 04:00:00-04:00,33.24,33.47,-0.0,-0.23
2025-07-01 05:00:00-04:00,38.12,38.43,-0.0,-0.31
2025-07-01 06:00:00-04:00,41.22,41.51,-0.0,-0.29
2025-07-01 07:00:00-04:00,43.88,44.190000000000005,-0.0,-0.31
2025-07-01 08:00:00-04:00,46.06,46.43,-0.0,-0.37
2025-07-01 09:00:00-04:00,47.49,47.92,-0.0,-0.43
2025-07-01 10:00:00-04:00,49.21,49.71,-0.0,-0.5
2025-07-01 11:00:00-04:00,51.46,52.03,-0.0,-0.57
2025-07-01 12:00:00-04:00,54.92,55.64,-0.0,-0.72
2025-07-01 13:00:00-04:00,59.07,59.91,-0.0,-0.84
2025-07-01 14:00:00-04:00,62.52,63.8,-0.0,-1.28
2025-07-01 15:00:00-04:00,60.75,61.93,-0.0,-1.18
2025-07-01 16:00:00-04:00,68.65,70.13000000000001,-0.0,-1.48
2025-07-01 17:00:00-04:00,75.4,76.94000000000001,-0.0,-1.54
2025-07-01 18:00:00-04:00,75.41,77.5,-0.0,-2.09
2025-07-01 19:00:00-04:00,75.41,77.27,-0.0,-1.86
2025-07-01 20:00:00-04:00,69.13,70.39999999999999,-0.0,-1.27
2025-07-01 21:00:00-04:00,59.82,59.75,0.73,-0.66
2025-07-01 22:00:00-04:00,50.01,51.3,-0.73,-0.56
2025-07-01 23:00:00-04:00,48.33,48.72,-0.0,-0.39
2025-07-02 00:00:00-04:00,45.85,46.36,-0.0,-0.51
2025-07-02 01:00:00-04:00,41.11,41.73,-0.0,-0.62
2025-07-02 02:00:00-04:00,35.9,36.41,-0.0,-0.51
2025-07-02 03:00:00-04:00,33.66,34.099999999999994,-0.0,-0.44
2025-07-02 04:00:00-04:00,33.24,33.68,-0.0,-0.44
2025-07-02 05:00:00-04:00,35.3,35.8,-0.0,-0.5
2025-07-02 06:00:00-04:00,38.54,39.05,-0.0,-0.51
2025-07-02 07:00:00-04:00,44.42,45.010000000000005,-0.0,-0.59
2025-07-02 08:00:00-04:00,48.2,48.49,-0.0,-0.29
2025-07-02 09:00:00-04:00,48.33,48.62,-0.0,-0.29
2025-07-02 10:00:00-04:00,46.26,46.54,-0.0,-0.28
2025-07-02 11:00:00-04:00,49.21,49.55,-0.0,-0.34
2025-07-02 12:00:00-04:00,51.33,51.75,-0.0,-0.42
2025-07-02 13:00:00-04:00,55.17,55.73,-0.0,-0.56
2025-07-02 14:00:00-04:00,58.36,58.95,-0.0,-0.59
2025-07-02 15:00:00-04:00,60.75,61.67,-0.0,-0.92
2025-07-02 16:00:00-04:00,65.56,66.76,-0.0,-1.2
2025-07-02 17:00:00-04:00,75.41,75.6,1.4,-1.59
2025-07-02 18:00:00-04:00,75.41,78.85,-1.47,-1.97
2025-07-02 19:00:00-04:00,75.26,76.42000000000002,0.07,-1.23
2025-07-02 20:00:00-04:00,65.72,66.72,-0.0,-1.0
2025-07-02 21:00:00-04:00,59.5,60.04,-0.0,-0.54
2025-07-02 22:00:00-04:00,51.11,51.22,0.3,-0.41
2025-07-02 23:00:00-04:00,46.04,46.56999999999999,-0.3,-0.23
2025-07-03 00:00:00-04:00,44.82,45.09,-0.0,-0.27
2025-07-03 01:00:00-04:00,41.57,41.82,-0.0,-0.25
2025-07-03 02:00:00-04:00,34.92,35.45,-0.0,-0.53
2025-07-03 03:00:00-04:00,32.81,33.28,-0.0,-0.47
2025-07-03 04:00:00-04:00,32.26,32.72,-0.0,-0.46
2025-07-03 05:00:00-04:00,36.15,36.37,-0.0,-0.22
2025-07-03 06:00:00-04:00,39.61,39.81,-0.0,-0.2
2025-07-03 07:00:00-04:00,41.31,41.52,-0.0,-0.21
2025-07-03 08:00:00-04:00,43.03,43.25,-0.0,-0.22
2025-07-03 09:00:00-04:00,43.07,43.33,-0.0,-0.26
2025-07-03 10:00:00-04:00,42.64,42.85,-0.0,-0.21
2025-07-03 11:00:00-04:00,47.44,47.77,-0.0,-0.33
2025-07-03 12:00:00-04:00,51.05,51.459999999999994,-0.0,-0.41
2025-07-03 13:00:00-04:00,53.89,54.38,-0.0,-0.49
2025-07-03 14:00:00-04:00,58.08,58.67,-0.0,-0.59
2025-07-03 15:00:00-04:00,60.74,61.79,-0.0,-1.05
2025-07-03 16:00:00-04:00,64.57,65.75,-0.0,-1.18
2025-07-03 17:00:00-04:00,73.6,74.86999999999999,-0.0,-1.27
2025-07-03 18:00:00-04:00,74.17,75.38,-0.0,-1.21
2025-07-03 19:00:00-04:00,69.73,70.94,-0.0,-1.21
2025-07-03 20:00:00-04:00,62.03,63.1,-0.0,-1.07
2025-07-03 21:00:00-04:00,57.63,58.1,-0.0,-0.47
2025-07-03 22:00:00-04:00,51.24,50.84,0.7,-0.3
2025-07-03 23:00:00-04:00,45.23,46.11,-0.7,-0.18
2025-07-04 00:00:00-04:00,42.56,42.6,-0.0,-0.04
2025-07-04 01:00:00-04:00,37.43,37.81,-0.0,-0.38
2025-07-04 02:00:00-04:00,32.13,32.45,-0.0,-0.32
2025-07-04 03:00:00-04:00,31.48,31.8,-0.0,-0.32
2025-07-04 04:00:00-04:00,31.08,31.389999999999997,-0.0,-0.31
2025-07-04 05:00:00-04:00,31.23,31.55,-0.0,-0.32
2025-07-04 06:00:00-04:00,31.6,31.71,-0.05,-0.06
2025-07-04 07:00:00-04:00,30.05,30.03,0.05,-0.03
2025-07-04 08:00:00-04:00,30.0,30.06,-0.0,-0.06
2025-07-04 09:00:00-04:00,29.47,29.56,-0.0,-0.09
2025-07-04 10:00:00-04:00,30.12,30.24,-0.0,-0.12
2025-07-04 11:00:00-04:00,32.19,32.29,-0.0,-0.1
2025-07-04 12:00:00-04:00,35.44,35.58,-0.0,-0.14
2025-07-04 13:00:00-04:00,39.02,39.220000000000006,-0.0,-0.2
2025-07-04 14:00:00-04:00,41.1,41.26,-0.0,-0.16
2025-07-04 15:00:00-04:00,45.27,45.41,-0.0,-0.14
2025-07-04 16:00:00-04:00,51.16,51.309999999999995,-0.0,-0.15
2025-07-04 17:00:00-04:00,58.19,58.419999999999995,-0.0,-0.23
2025-07-04 18:00:00-04:00,60.11,60.35,-0.0,-0.24
2025-07-04 19:00:00-04:00,58.53,58.71,-0.0,-0.18
2025-07-04 20:00:00-04:00,54.61,54.66,-0.0,-0.05
2025-07-04 21:00:00-04:00,49.22,49.32,-0.0,-0.1
2025-07-04 22:00:00-04:00,44.21,44.190000000000005,0.11,-0.09
2025-07-04 23:00:00-04:00,38.94,39.129999999999995,-0.11,-0.08
2025-07-05 00:00:00-04:00,38.53,38.96,-0.0,-0.43
2025-07-05 01:00:00-04:00,33.6,33.97,-0.0,-0.37
2025-07-05 02:00:00-04:00,30.52,30.86,-0.0,-0.34
2025-07-05 03:00:00-04:00,29.13,29.45,-0.0,-0.32
2025-07-05 04:00:00-04:00,28.02,28.33,-0.0,-0.31
2025-07-05 05:00:00-04:00,28.26,28.6,-0.0,-0.34
2025-07-05 06:00:00-04:00,27.27,27.6,-0.0,-0.33
2025-07-05 07:00:00-04:00,27.3,27.66,-0.0,-0.36
2025-07-05 08:00:00-04:00,27.16,27.52,-0.0,-0.36
2025-07-05 09:00:00-04:00,31.68,31.78,-0.0,-0.1
2025-07-05 10:00:00-04:00,34.23,34.33,-0.0,-0.1
2025-07-05 11:00:00-04:00,36.94,37.05,-0.0,-0.11
2025-07-05 12:00:00-04:00,41.27,41.31,-0.0,-0.04
2025-07-05 13:00:00-04:00,44.06,44.1,-0.0,-0.04
2025-07-05 14:00:00-04:00,46.24,46.38,-0.0,-0.14
2025-07-05 15:00:00-04:00,49.69,49.94,-0.0,-0.25
2025-07-05 16:00:00-04:00,58.14,58.37,-0.0,-0.23
2025-07-05 17:00:00-04:00,63.72,64.03999999999999,-0.0,-0.32
2025-07-05 18:00:00-04:00,65.67,66.54,-0.0,-0.87
2025-07-05 19:00:00-04:00,63.75,64.66,-0.0,-0.91
2025-07-05 20:00:00-04:00,62.38,62.82,-0.0,-0.44
2025-07-05 21:00:00-04:00,56.78,57.23,0.01,-0.46
2025-07-05 22:00:00-04:00,51.03,49.21,2.22,-0.4
2025-07-05 23:00:00-04:00,41.68,44.629999999999995,-2.23,-0.72
2025-07-06 00:00:00-04:00,38.7,39.330000000000005,-0.0,-0.63
2025-07-06 01:00:00-04:00,33.52,34.03,-0.0,-0.51
2025-07-06 02:00:00-04:00,30.75,31.22,-0.0,-0.47
2025-07-06 03:00:00-04:00,29.61,30.06,-0.0,-0.45
2025-07-06 04:00:00-04:00,28.64,29.05,-0.0,-0.41
2025-07-06 05:00:00-04:00,28.35,28.78,-0.0,-0.43
2025-07-06 06:00:00-04:00,28.37,28.83,-0.0,-0.46
2025-07-06 07:00:00-04:00,28.19,28.62,-0.0,-0.43
2025-07-06 08:00:00-04:00,30.64,31.11,-0.0,-0.47
2025-07-06 09:00:00-04:00,35.22,35.51,-0.0,-0.29
2025-07-06 10:00:00-04:00,38.33,38.6,-0.0,-0.27
2025-07-06 11:00:00-04:00,45.26,45.58,-0.0,-0.32
2025-07-06 12:00:00-04:00,48.11,48.5,-0.0,-0.39
2025-07-06 13:00:00-04:00,51.83,52.35,-0.0,-0.52
2025-07-06 14:00:00-04:00,56.44,57.12,-0.0,-0.68
2025-07-06 15:00:00-04:00,61.5,62.18,-0.0,-0.68
2025-07-06 16:00:00-04:00,73.03,72.59,1.82,-1.38
2025-07-06 17:00:00-04:00,78.41,82.53999999999999,-1.82,-2.31
2025-07-06 18:00:00-04:00,87.67,90.66,-0.0,-2.99
2025-07-06 19:00:00-04:00,87.02,89.89999999999999,-0.0,-2.88
2025-07-06 20:00:00-04:00,78.41,81.82000000000001,-1.12,-2.29
2025-07-06 21:00:00-04:00,69.78,69.68,1.08,-0.98
2025-07-06 22:00:00-04:00,61.54,61.85,-0.0,-0.31
2025-07-06 23:00:00-04:00,50.9,51.21,-0.0,-0.31
2025-07-07 00:00:00-04:00,46.39,47.0,-0.0,-0.61
2025-07-07 01:00:00-04:00,41.8,42.309999999999995,-0.0,-0.51
2025-07-07 02:00:00-04:00,37.71,38.21,-0.0,-0.5
2025-07-07 03:00:00-04:00,35.82,36.29,-0.0,-0.47
2025-07-07 04:00:00-04:00,36.07,36.55,-0.0,-0.48
2025-07-07 05:00:00-04:00,37.75,38.29,-0.0,-0.54
2025-07-07 06:00:00-04:00,43.76,44.11,-0.0,-0.35
2025-07-07 07:00:00-04:00,45.68,46.05,-0.0,-0.37
2025-07-07 08:00:00-04:00,49.95,50.400000000000006,-0.0,-0.45
2025-07-07 09:00:00-04:00,52.69,53.169999999999995,-0.0,-0.48
2025-07-07 10:00:00-04:00,58.34,58.93000000000001,-0.0,-0.59
2025-07-07 11:00:00-04:00,63.75,64.39,-0.0,-0.64
2025-07-07 12:00:00-04:00,65.42,66.41,-0.0,-0.99
2025-07-07 13:00:00-04:00,73.05,72.65,1.49,-1.09
2025-07-07 14:00:00-04:00,78.41,81.77999999999999,-1.49,-1.88
2025-07-07 15:00:00-04:00,90.59,93.35,-0.33,-2.43
2025-07-07 16:00:00-04:00,101.46,107.15,-2.8,-2.89
2025-07-07 17:00:00-04:00,102.42,106.01,-0.73,-2.86
2025-07-07 18:00:00-04:00,104.07,107.66,-0.79,-2.8
2025-07-07 19:00:00-04:00,85.99,89.75,-1.43,-2.33
2025-07-07 20:00:00-04:00,78.4,78.36000000000001,1.21,-1.17
2025-07-07 21:00:00-04:00,70.78,71.71000000000001,-0.0,-0.93
2025-07-07 22:00:00-04:00,65.56,65.76,0.66,-0.86
2025-07-07 23:00:00-04:00,57.5,58.45,-0.66,-0.29
2025-07-08 00:00:00-04:00,55.02,55.190000000000005,-0.0,-0.17
2025-07-08 01:00:00-04:00,49.49,49.74,-0.0,-0.25
2025-07-08 02:00:00-04:00,46.88,47.21,-0.0,-0.33
2025-07-08 03:00:00-04:00,46.24,46.56,-0.0,-0.32
2025-07-08 04:00:00-04:00,46.48,46.669999999999995,-0.0,-0.19
2025-07-08 05:00:00-04:00,48.54,48.64,-0.0,-0.1
2025-07-08 06:00:00-04:00,50.46,50.56,-0.0,-0.1
2025-07-08 07:00:00-04:00,52.44,52.599999999999994,-0.0,-0.16
2025-07-08 08:00:00-04:00,57.29,57.58,-0.0,-0.29
2025-07-08 09:00:00-04:00,60.93,61.23,-0.0,-0.3
2025-07-08 10:00:00-04:00,61.16,61.529999999999994,-0.0,-0.37
2025-07-08 11:00:00-04:00,63.75,64.52,-0.0,-0.77
2025-07-08 12:00:00-04:00,67.15,68.10000000000001,-0.0,-0.95
2025-07-08 13:00:00-04:00,78.41,79.69,-0.0,-1.28
2025-07-08 14:00:00-04:00,82.5,84.74000000000001,-0.04,-2.2
2025-07-08 15:00:00-04:00,90.39,93.12,-0.31,-2.42
2025-07-08 16:00:00-04:00,91.34,94.13,-0.34,-2.45
2025-07-08 17:00:00-04:00,94.2,97.16,-0.43,-2.53
2025-07-08 18:00:00-04:00,108.04,111.96,-0.9,-3.02
2025-07-08 19:00:00-04:00,89.98,92.59,-0.3,-2.31
2025-07-08 20:00:00-04:00,78.41,83.8,-3.47,-1.92
2025-07-08 21:00:00-04:00,78.4,75.96,3.43,-0.99
2025-07-08 22:00:00-04:00,63.74,64.26,-0.0,-0.52
2025-07-08 23:00:00-04:00,56.04,56.32,-0.0,-0.28
2025-07-09 00:00:00-04:00,50.59,51.260000000000005,-0.0,-0.67
2025-07-09 01:00:00-04:00,45.91,46.37,-0.0,-0.46
2025-07-09 02:00:00-04:00,43.78,44.22,-0.0,-0.44
2025-07-09 03:00:00-04:00,42.2,42.63,-0.0,-0.43
2025-07-09 04:00:00-04:00,42.73,43.16,-0.0,-0.43
2025-07-09 05:00:00-04:00,45.6,46.06,-0.0,-0.46
2025-07-09 06:00:00-04:00,47.66,48.809999999999995,-0.71,-0.44
2025-07-09 07:00:00-04:00,50.76,50.3,0.71,-0.25
2025-07-09 08:00:00-04:00,52.13,52.34,-0.0,-0.21
2025-07-09 09:00:00-04:00,52.98,53.19,-0.0,-0.21
2025-07-09 10:00:00-04:00,51.46,51.67,-0.0,-0.21
2025-07-09 11:00:00-04:00,55.85,56.13,-0.0,-0.28
2025-07-09 12:00:00-04:00,56.36,56.59,-0.0,-0.23
2025-07-09 13:00:00-04:00,60.5,60.8,-0.0,-0.3
2025-07-09 14:00:00-04:00,62.1,62.47,-0.0,-0.37
2025-07-09 15:00:00-04:00,63.75,64.66,-0.0,-0.91
2025-07-09 16:00:00-04:00,75.04,71.71000000000001,4.33,-1.0
2025-07-09 17:00:00-04:00,78.41,84.78,-4.33,-2.04
2025-07-09 18:00:00-04:00,78.41,80.42,-0.0,-2.01
2025-07-09 19:00:00-04:00,78.41,79.6,-0.0,-1.19
2025-07-09 20:00:00-04:00,71.06,72.0,-0.0,-0.94
2025-07-09 21:00:00-04:00,63.75,63.540000000000006,0.91,-0.7
2025-07-09 22:00:00-04:00,58.22,56.07,2.37,-0.22
2025-07-09 23:00:00-04:00,47.76,51.45,-3.28,-0.41
2025-07-10 00:00:00-04:00,46.89,47.46,-0.0,-0.57
2025-07-10 01:00:00-04:00,44.58,44.989999999999995,-0.0,-0.41
2025-07-10 02:00:00-04:00,39.76,40.12,-0.0,-0.36
2025-07-10 03:00:00-04:00,37.89,38.23,-0.0,-0.34
2025-07-10 04:00:00-04:00,37.92,38.27,-0.0,-0.35
2025-07-10 05:00:00-04:00,39.04,39.4,-0.0,-0.36
2025-07-10 06:00:00-04:00,43.03,43.42,-0.0,-0.39
2025-07-10 07:00:00-04:00,47.1,47.190000000000005,-0.0,-0.09
2025-07-10 08:00:00-04:00,50.12,50.27,-0.0,-0.15
2025-07-10 09:00:00-04:00,53.16,53.37,-0.0,-0.21
2025-07-10 10:00:00-04:00,54.2,54.470000000000006,-0.0,-0.27
2025-07-10 11:00:00-04:00,54.86,55.13,-0.0,-0.27
2025-07-10 12:00:00-04:00,57.12,57.46,-0.0,-0.34
2025-07-10 13:00:00-04:00,59.66,59.959999999999994,-0.0,-0.3
2025-07-10 14:00:00-04:00,62.07,62.38,-0.0,-0.31
2025-07-10 15:00:00-04:00,64.12,65.17,-0.0,-1.05
2025-07-10 16:00:00-04:00,69.48,70.47,-0.0,-0.99
2025-07-10 17:00:00-04:00,78.01,79.28,-0.0,-1.27
2025-07-10 18:00:00-04:00,74.21,75.25999999999999,-0.0,-1.05
2025-07-10 19:00:00-04:00,68.73,69.64,-0.0,-0.91
2025-07-10 20:00:00-04:00,63.74,64.32000000000001,-0.0,-0.58
2025-07-10 21:00:00-04:00,63.74,61.510000000000005,2.48,-0.25
2025-07-10 22:00:00-04:00,50.39,52.53,-1.46,-0.68
2025-07-10 23:00:00-04:00,44.88,46.470000000000006,-1.03,-0.56
2025-07-11 00:00:00-04:00,44.26,44.8,-0.0,-0.54
2025-07-11 01:00:00-04:00,41.92,42.47,-0.0,-0.55
2025-07-11 02:00:00-04:00,38.3,38.76,-0.0,-0.46
2025-07-11 03:00:00-04:00,39.04,39.51,-0.0,-0.47
2025-07-11 04:00:00-04:00,39.32,39.72,-0.0,-0.4
2025-07-11 05:00:00-04:00,40.35,40.76,-0.0,-0.41
2025-07-11 06:00:00-04:00,42.44,42.83,-0.0,-0.39
2025-07-11 07:00:00-04:00,46.33,46.33,-0.0,0.0
2025-07-11 08:00:00-04:00,49.18,49.23,-0.0,-0.05
2025-07-11 09:00:00-04:00,49.76,49.809999999999995,-0.0,-0.05
2025-07-11 10:00:00-04:00,51.15,51.25,-0.0,-0.1
2025-07-11 11:00:00-04:00,54.87,55.029999999999994,-0.0,-0.16
2025-07-11 12:00:00-04:00,59.46,59.7,-0.0,-0.24
2025-07-11 13:00:00-04:00,65.74,65.94,-0.0,-0.2
2025-07-11 14:00:00-04:00,67.29,68.10000000000001,-0.0,-0.81
2025-07-11 15:00:00-04:00,76.02,76.86,-0.0,-0.84
2025-07-11 16:00:00-04:00,80.4,81.21000000000001,0.33,-1.14
2025-07-11 17:00:00-04:00,85.77,88.39999999999999,-0.33,-2.3
2025-07-11 18:00:00-04:00,81.89,83.65,-0.0,-1.76
2025-07-11 19:00:00-04:00,80.41,81.38,-0.0,-0.97
2025-07-11 20:00:00-04:00,71.41,72.27,-0.0,-0.86
2025-07-11 21:00:00-04:00,65.75,66.08,-0.0,-0.33
2025-07-11 22:00:00-04:00,60.24,59.58,0.78,-0.12
2025-07-11 23:00:00-04:00,52.4,53.29,-0.78,-0.11
2025-07-12 00:00:00-04:00,48.22,48.22,-0.0,0.0
2025-07-12 01:00:00-04:00,42.06,42.27,-0.0,-0.21
2025-07-12 02:00:00-04:00,38.23,38.54,-0.0,-0.31
2025-07-12 03:00:00-04:00,37.63,37.93,-0.0,-0.3
2025-07-12 04:00:00-04:00,35.57,35.86,-0.0,-0.29
2025-07-12 05:00:00-04:00,36.59,36.92,-0.0,-0.33
2025-07-12 06:00:00-04:00,37.09,37.66,-0.23,-0.34
2025-07-12 07:00:00-04:00,37.16,37.04,0.23,-0.11
2025-07-12 08:00:00-04:00,41.63,41.63,-0.0,0.0
2025-07-12 09:00:00-04:00,45.37,45.37,-0.0,0.0
2025-07-12 10:00:00-04:00,48.77,48.77,-0.0,0.0
2025-07-12 11:00:00-04:00,52.59,52.65,-0.01,-0.05
2025-07-12 12:00:00-04:00,55.66,55.71,0.01,-0.06
2025-07-12 13:00:00-04:00,60.99,60.99,-0.0,0.0
2025-07-12 14:00:00-04:00,65.28,65.67,-0.0,-0.39
2025-07-12 15:00:00-04:00,71.74,72.46,-0.0,-0.72
2025-07-12 16:00:00-04:00,80.4,79.94,1.26,-0.8
2025-07-12 17:00:00-04:00,81.78,84.73,-1.26,-1.69
2025-07-12 18:00:00-04:00,80.41,81.82,-0.02,-1.39
2025-07-12 19:00:00-04:00,80.41,81.22,-0.0,-0.81
2025-07-12 20:00:00-04:00,71.9,72.48,-0.0,-0.58
2025-07-12 21:00:00-04:00,65.74,65.80999999999999,-0.0,-0.07
2025-07-12 22:00:00-04:00,55.44,55.61,-0.0,-0.17
2025-07-12 23:00:00-04:00,50.29,50.44,-0.0,-0.15
2025-07-13 00:00:00-04:00,45.79,46.44,-0.0,-0.65
2025-07-13 01:00:00-04:00,41.29,41.92,-0.0,-0.63
2025-07-13 02:00:00-04:00,36.94,37.26,0.24,-0.56
2025-07-13 03:00:00-04:00,36.48,37.24,-0.24,-0.52
2025-07-13 04:00:00-04:00,35.82,36.36,-0.0,-0.54
2025-07-13 05:00:00-04:00,35.73,36.27,-0.0,-0.54
2025-07-13 06:00:00-04:00,35.74,36.28,-0.0,-0.54
2025-07-13 07:00:00-04:00,37.86,38.44,-0.0,-0.58
2025-07-13 08:00:00-04:00,39.54,40.18,-0.0,-0.64
2025-07-13 09:00:00-04:00,45.16,45.38999999999999,-0.0,-0.23
2025-07-13 10:00:00-04:00,47.78,48.07,-0.0,-0.29
2025-07-13 11:00:00-04:00,51.08,51.39,-0.0,-0.31
2025-07-13 12:00:00-04:00,52.89,53.21,-0.0,-0.32
2025-07-13 13:00:00-04:00,54.79,55.12,-0.0,-0.33
2025-07-13 14:00:00-04:00,60.68,61.04,-0.0,-0.36
2025-07-13 15:00:00-04:00,66.43,67.44000000000001,-0.0,-1.01
2025-07-13 16:00:00-04:00,75.54,76.61,-0.0,-1.07
2025-07-13 17:00:00-04:00,80.41,82.14,-0.0,-1.73
2025-07-13 18:00:00-04:00,82.5,85.54,-0.73,-2.31
2025-07-13 19:00:00-04:00,80.41,81.22999999999999,0.73,-1.55
2025-07-13 20:00:00-04:00,74.83,75.89,-0.0,-1.06
2025-07-13 21:00:00-04:00,65.74,66.47,-0.0,-0.73
2025-07-13 22:00:00-04:00,63.88,59.56000000000001,4.68,-0.36
2025-07-13 23:00:00-04:00,48.38,53.81,-4.68,-0.75
2025-07-14 00:00:00-04:00,46.93,47.55,-0.0,-0.62
2025-07-14 01:00:00-04:00,43.31,43.88,-0.0,-0.57
2025-07-14 02:00:00-04:00,38.8,39.309999999999995,-0.0,-0.51
2025-07-14 03:00:00-04:00,37.7,38.16,-0.0,-0.46
2025-07-14 04:00:00-04:00,38.15,38.57,-0.0,-0.42
2025-07-14 05:00:00-04:00,39.71,40.19,-0.0,-0.48
2025-07-14 06:00:00-04:00,41.17,41.63,-0.0,-0.46
2025-07-14 07:00:00-04:00,48.54,48.69,-0.0,-0.15
2025-07-14 08:00:00-04:00,53.32,53.53,-0.0,-0.21
2025-07-14 09:00:00-04:00,54.7,54.92,-0.0,-0.22
2025-07-14 10:00:00-04:00,56.86,57.14,-0.0,-0.28
2025-07-14 11:00:00-04:00,60.56,60.86,-0.0,-0.3
2025-07-14 12:00:00-04:00,65.74,66.33999999999999,-0.0,-0.6
2025-07-14 13:00:00-04:00,74.44,75.27,-0.0,-0.83
2025-07-14 14:00:00-04:00,80.33,81.39,-0.0,-1.06
2025-07-14 15:00:00-04:00,80.12,81.09,-0.0,-0.97
2025-07-14 16:00:00-04:00,92.43,93.55,-0.0,-1.12
2025-07-14 17:00:00-04:00,105.08,106.25,-0.0,-1.17
2025-07-14 18:00:00-04:00,99.91,101.23,-0.0,-1.32
2025-07-14 19:00:00-04:00,89.98,91.54,-0.0,-1.56
2025-07-14 20:00:00-04:00,80.41,82.24999999999999,-0.27,-1.57
2025-07-14 21:00:00-04:00,74.88,75.36,0.27,-0.75
2025-07-14 22:00:00-04:00,65.74,63.97999999999999,2.08,-0.32
2025-07-14 23:00:00-04:00,54.12,56.81999999999999,-2.08,-0.62
2025-07-15 00:00:00-04:00,49.49,50.24,-0.0,-0.75
2025-07-15 01:00:00-04:00,46.67,46.83,0.59,-0.75
2025-07-15 02:00:00-04:00,44.54,45.82,-0.59,-0.69
2025-07-15 03:00:00-04:00,41.65,42.28,-0.0,-0.63
2025-07-15 04:00:00-04:00,42.21,42.77,-0.0,-0.56
2025-07-15 05:00:00-04:00,44.58,46.0,-0.82,-0.6
2025-07-15 06:00:00-04:00,49.52,48.99,0.82,-0.29
2025-07-15 07:00:00-04:00,51.32,51.74,-0.0,-0.42
2025-07-15 08:00:00-04:00,54.08,54.52,-0.0,-0.44
2025-07-15 09:00:00-04:00,56.8,57.32,-0.0,-0.52
2025-07-15 10:00:00-04:00,57.67,58.190000000000005,-0.0,-0.52
2025-07-15 11:00:00-04:00,65.74,66.33999999999999,-0.0,-0.6
2025-07-15 12:00:00-04:00,70.38,71.6,-0.0,-1.22
2025-07-15 13:00:00-04:00,80.41,82.14,-0.0,-1.73
2025-07-15 14:00:00-04:00,89.16,91.54,-0.0,-2.38
2025-07-15 15:00:00-04:00,97.99,100.4,-0.0,-2.41
2025-07-15 16:00:00-04:00,126.59,128.65,-0.0,-2.06
2025-07-15 17:00:00-04:00,157.88,160.12,-0.0,-2.24
2025-07-15 18:00:00-04:00,179.23,181.78,-0.0,-2.55
2025-07-15 19:00:00-04:00,153.1,155.12,-0.0,-2.02
2025-07-15 20:00:00-04:00,111.3,113.46,-0.0,-2.16
2025-07-15 21:00:00-04:00,87.5,89.38,-0.0,-1.88
2025-07-15 22:00:00-04:00,70.46,71.52999999999999,-0.0,-1.07
2025-07-15 23:00:00-04:00,61.9,62.27,-0.0,-0.37
2025-07-16 00:00:00-04:00,73.9,74.65,-0.0,-0.75
2025-07-16 01:00:00-04:00,65.0,65.26,-0.0,-0.26
2025-07-16 02:00:00-04:00,60.37,60.61,-0.0,-0.24
2025-07-16 03:00:00-04:00,54.29,54.95,-0.0,-0.66
2025-07-16 04:00:00-04:00,53.44,53.93,-0.0,-0.49
2025-07-16 05:00:00-04:00,58.22,58.69,-0.0,-0.47
2025-07-16 06:00:00-04:00,61.94,62.19,-0.0,-0.25
2025-07-16 07:00:00-04:00,64.64,64.96,-0.0,-0.32
2025-07-16 08:00:00-04:00,66.57,67.24,-0.0,-0.67
2025-07-16 09:00:00-04:00,76.0,77.0,-0.0,-1.0
2025-07-16 10:00:00-04:00,75.62,76.62,-0.0,-1.0
2025-07-16 11:00:00-04:00,87.86,89.02,-0.0,-1.16
2025-07-16 12:00:00-04:00,96.97,98.35,-0.0,-1.38
2025-07-16 13:00:00-04:00,114.52,115.91,-0.0,-1.39
2025-07-16 14:00:00-04:00,129.61,131.32000000000002,-0.0,-1.71
2025-07-16 15:00:00-04:00,155.79,158.0,-0.0,-2.21
2025-07-16 16:00:00-04:00,193.88,196.63,-0.0,-2.75
2025-07-16 17:00:00-04:00,236.25,239.6,-0.0,-3.35
2025-07-16 18:00:00-04:00,232.99,236.3,-0.0,-3.31
2025-07-16 19:00:00-04:00,193.24,196.18,-0.0,-2.94
2025-07-16 20:00:00-04:00,162.81,165.12,-0.0,-2.31
2025-07-16 21:00:00-04:00,122.87,124.74,-0.0,-1.87
2025-07-16 22:00:00-04:00,80.41,82.14,-0.0,-1.73
2025-07-16 23:00:00-04:00,72.25,73.12,-0.0,-0.87
2025-07-17 00:00:00-04:00,68.36,69.05,-0.0,-0.69
2025-07-17 01:00:00-04:00,66.58,67.12,-0.0,-0.54
2025-07-17 02:00:00-04:00,66.57,66.83999999999999,-0.0,-0.27
2025-07-17 03:00:00-04:00,66.57,66.63999999999999,-0.0,-0.07
2025-07-17 04:00:00-04:00,65.41,65.47999999999999,-0.0,-0.07
2025-07-17 05:00:00-04:00,66.57,66.89999999999999,-0.0,-0.33
2025-07-17 06:00:00-04:00,66.57,66.89999999999999,-0.0,-0.33
2025-07-17 07:00:00-04:00,66.57,66.89999999999999,-0.0,-0.33
2025-07-17 08:00:00-04:00,66.57,67.17999999999999,-0.0,-0.61
2025-07-17 09:00:00-04:00,70.59,71.44,-0.0,-0.85
2025-07-17 10:00:00-04:00,82.29,83.29,-0.0,-1.0
2025-07-17 11:00:00-04:00,95.9,97.36,-0.0,-1.46
2025-07-17 12:00:00-04:00,108.8,110.57,-0.0,-1.77
2025-07-17 13:00:00-04:00,116.92,118.94,-0.0,-2.02
2025-07-17 14:00:00-04:00,120.71,122.8,-0.0,-2.09
2025-07-17 15:00:00-04:00,135.05,137.52,-0.0,-2.47
2025-07-17 16:00:00-04:00,173.95,177.13,-0.0,-3.18
2025-07-17 17:00:00-04:00,202.91,206.62,-0.0,-3.71
2025-07-17 18:00:00-04:00,186.21,189.62,-0.0,-3.41
2025-07-17 19:00:00-04:00,140.53,142.96,-0.0,-2.43
2025-07-17 20:00:00-04:00,108.41,111.08,-0.0,-2.67
2025-07-17 21:00:00-04:00,80.93,83.09,-0.0,-2.16
2025-07-17 22:00:00-04:00,80.41,81.88,-0.0,-1.47
2025-07-17 23:00:00-04:00,66.58,67.39,-0.0,-0.81
2025-07-18 00:00:00-04:00,60.72,61.45,-0.0,-0.73
2025-07-18 01:00:00-04:00,50.14,50.7,-0.0,-0.56
2025-07-18 02:00:00-04:00,47.65,48.18,-0.0,-0.53
2025-07-18 03:00:00-04:00,48.63,49.17,-0.0,-0.54
2025-07-18 04:00:00-04:00,55.35,55.74,-0.0,-0.39
2025-07-18 05:00:00-04:00,55.02,55.41,-0.0,-0.39
2025-07-18 06:00:00-04:00,52.74,56.120000000000005,-2.99,-0.39
2025-07-18 07:00:00-04:00,62.26,59.27,2.99,0.0
2025-07-18 08:00:00-04:00,61.32,61.32,-0.0,0.0
2025-07-18 09:00:00-04:00,60.96,61.08,-0.0,-0.12
2025-07-18 10:00:00-04:00,56.62,56.73,-0.0,-0.11
2025-07-18 11:00:00-04:00,56.02,56.13,-0.0,-0.11
2025-07-18 12:00:00-04:00,57.75,58.82,-0.95,-0.12
2025-07-18 13:00:00-04:00,63.57,62.809999999999995,0.95,-0.19
2025-07-18 14:00:00-04:00,64.7,64.96000000000001,-0.0,-0.26
2025-07-18 15:00:00-04:00,69.19,69.53999999999999,-0.0,-0.35
2025-07-18 16:00:00-04:00,76.57,77.19,-0.0,-0.62
2025-07-18 17:00:00-04:00,85.37,86.4,-0.0,-1.03
2025-07-18 18:00:00-04:00,79.93,80.9,-0.0,-0.97
2025-07-18 19:00:00-04:00,76.57,77.02999999999999,-0.0,-0.46
2025-07-18 20:00:00-04:00,73.43,73.80000000000001,-0.0,-0.37
2025-07-18 21:00:00-04:00,62.74,62.93,-0.0,-0.19
2025-07-18 22:00:00-04:00,58.41,57.47,1.05,-0.11
2025-07-18 23:00:00-04:00,53.14,54.3,-1.05,-0.11
2025-07-19 00:00:00-04:00,47.46,47.89,-0.0,-0.43
2025-07-19 01:00:00-04:00,39.86,40.22,-0.0,-0.36
2025-07-19 02:00:00-04:00,37.01,37.379999999999995,-0.0,-0.37
2025-07-19 03:00:00-04:00,35.22,35.58,-0.0,-0.36
2025-07-19 04:00:00-04:00,35.26,35.62,-0.0,-0.36
2025-07-19 05:00:00-04:00,34.16,34.54,-0.0,-0.38
2025-07-19 06:00:00-04:00,34.85,35.17,-0.0,-0.32
2025-07-19 07:00:00-04:00,34.96,35.35,-0.0,-0.39
2025-07-19 08:00:00-04:00,36.52,36.63,-0.0,-0.11
2025-07-19 09:00:00-04:00,37.89,37.97,-0.0,-0.08
2025-07-19 10:00:00-04:00,37.88,37.99,-0.0,-0.11
2025-07-19 11:00:00-04:00,41.59,41.71,-0.0,-0.12
2025-07-19 12:00:00-04:00,43.28,43.41,-0.0,-0.13
2025-07-19 13:00:00-04:00,47.33,47.47,-0.0,-0.14
2025-07-19 14:00:00-04:00,50.19,50.44,-0.0,-0.25
2025-07-19 15:00:00-04:00,50.5,53.33,-2.35,-0.48
2025-07-19 16:00:00-04:00,61.57,59.58,2.35,-0.36
2025-07-19 17:00:00-04:00,72.73,73.02000000000001,-0.0,-0.29
2025-07-19 18:00:00-04:00,75.69,75.99,-0.0,-0.3
2025-07-19 19:00:00-04:00,76.11,76.34,-0.0,-0.23
2025-07-19 20:00:00-04:00,68.03,68.17,-0.0,-0.14
2025-07-19 21:00:00-04:00,60.99,59.43000000000001,1.62,-0.06
2025-07-19 22:00:00-04:00,52.49,54.67,-1.85,-0.33
2025-07-19 23:00:00-04:00,50.09,50.650000000000006,-0.0,-0.56
2025-07-20 00:00:00-04:00,47.73,48.209999999999994,-0.0,-0.48
2025-07-20 01:00:00-04:00,41.89,42.27,-0.0,-0.38
2025-07-20 02:00:00-04:00,37.45,37.790000000000006,-0.0,-0.34
2025-07-20 03:00:00-04:00,35.03,35.35,-0.0,-0.32
2025-07-20 04:00:00-04:00,35.0,35.28,-0.0,-0.28
2025-07-20 05:00:00-04:00,34.96,35.24,-0.0,-0.28
2025-07-20 06:00:00-04:00,35.69,35.98,-0.0,-0.29
2025-07-20 07:00:00-04:00,36.17,36.5,-0.0,-0.33
2025-07-20 08:00:00-04:00,39.54,40.02,-0.0,-0.48
2025-07-20 09:00:00-04:00,43.68,44.21,-0.0,-0.53
2025-07-20 10:00:00-04:00,45.52,46.03,-0.0,-0.51
2025-07-20 11:00:00-04:00,47.18,47.7,-0.0,-0.52
2025-07-20 12:00:00-04:00,50.15,50.76,-0.0,-0.61
2025-07-20 13:00:00-04:00,53.12,53.76,-0.0,-0.64
2025-07-20 14:00:00-04:00,54.08,54.79,-0.0,-0.71
2025-07-20 15:00:00-04:00,56.64,57.44,-0.0,-0.8
2025-07-20 16:00:00-04:00,64.35,65.39999999999999,-0.0,-1.05
2025-07-20 17:00:00-04:00,76.58,77.67,-0.0,-1.09
2025-07-20 18:00:00-04:00,85.41,86.61999999999999,-0.0,-1.21
2025-07-20 19:00:00-04:00,80.14,81.03,-0.0,-0.89
2025-07-20 20:00:00-04:00,76.57,77.64,-0.45,-0.62
2025-07-20 21:00:00-04:00,68.66,68.14,0.45,0.07
2025-07-20 22:00:00-04:00,54.71,54.84,0.2,-0.33
2025-07-20 23:00:00-04:00,48.94,49.69,-0.2,-0.55
2025-07-21 00:00:00-04:00,44.72,45.17,-0.0,-0.45
2025-07-21 01:00:00-04:00,39.3,39.7,-0.0,-0.4
2025-07-21 02:00:00-04:00,35.7,36.06,-0.0,-0.36
2025-07-21 03:00:00-04:00,33.41,33.75,-0.0,-0.34
2025-07-21 04:00:00-04:00,33.55,33.86,-0.0,-0.31
2025-07-21 05:00:00-04:00,34.69,35.01,-0.0,-0.32
2025-07-21 06:00:00-04:00,37.48,37.779999999999994,-0.0,-0.3
2025-07-21 07:00:00-04:00,39.37,39.73,-0.0,-0.36
2025-07-21 08:00:00-04:00,38.06,39.95,-1.49,-0.4
2025-07-21 09:00:00-04:00,38.91,37.67999999999999,1.49,-0.26
2025-07-21 10:00:00-04:00,36.83,37.129999999999995,-0.0,-0.3
2025-07-21 11:00:00-04:00,40.06,40.34,-0.0,-0.28
2025-07-21 12:00:00-04:00,40.22,40.629999999999995,-0.0,-0.41
2025-07-21 13:00:00-04:00,42.38,42.85,-0.0,-0.47
2025-07-21 14:00:00-04:00,42.98,43.59,-0.0,-0.61
2025-07-21 15:00:00-04:00,45.55,47.77,-1.5,-0.72
2025-07-21 16:00:00-04:00,54.35,53.55,1.5,-0.7
2025-07-21 17:00:00-04:00,62.03,62.78,-0.0,-0.75
2025-07-21 18:00:00-04:00,71.72,72.01,-0.0,-0.29
2025-07-21 19:00:00-04:00,66.74,67.35,-0.0,-0.61
2025-07-21 20:00:00-04:00,56.74,57.260000000000005,-0.0,-0.52
2025-07-21 21:00:00-04:00,51.58,52.1,-0.0,-0.52
2025-07-21 22:00:00-04:00,47.48,47.959999999999994,-0.0,-0.48
2025-07-21 23:00:00-04:00,42.87,43.3,-0.0,-0.43
2025-07-22 00:00:00-04:00,38.39,38.66,-0.0,-0.27
2025-07-22 01:00:00-04:00,36.47,36.06,0.66,-0.25
2025-07-22 02:00:00-04:00,34.09,34.96,-0.66,-0.21
2025-07-22 03:00:00-04:00,32.01,32.23,-0.0,-0.22
2025-07-22 04:00:00-04:00,31.03,31.22,-0.0,-0.19
2025-07-22 05:00:00-04:00,33.81,34.010000000000005,-0.0,-0.2
2025-07-22 06:00:00-04:00,38.1,38.06,-0.0,0.04
2025-07-22 07:00:00-04:00,37.19,37.0,-0.0,0.19
2025-07-22 08:00:00-04:00,36.17,36.03,-0.0,0.14
2025-07-22 09:00:00-04:00,34.15,34.05,-0.0,0.1
2025-07-22 10:00:00-04:00,34.15,34.05,-0.0,0.1
2025-07-22 11:00:00-04:00,36.43,36.32,-0.0,0.11
2025-07-22 12:00:00-04:00,37.49,37.38,-0.0,0.11
2025-07-22 13:00:00-04:00,39.01,38.89,-0.0,0.12
2025-07-22 14:00:00-04:00,42.66,42.529999999999994,-0.0,0.13
2025-07-22 15:00:00-04:00,44.25,44.16,-0.0,0.09
2025-07-22 16:00:00-04:00,48.16,48.059999999999995,-0.0,0.1
2025-07-22 17:00:00-04:00,57.87,57.64,-0.0,0.23
2025-07-22 18:00:00-04:00,64.57,64.25,-0.0,0.32
2025-07-22 19:00:00-04:00,66.42,66.09,-0.0,0.33
2025-07-22 20:00:00-04:00,63.62,63.239999999999995,-0.0,0.38
2025-07-22 21:00:00-04:00,74.4,53.52000000000001,20.61,0.27
2025-07-22 22:00:00-04:00,27.3,48.15,-20.61,-0.24
2025-07-22 23:00:00-04:00,40.35,40.68,-0.0,-0.33
2025-07-23 00:00:00-04:00,38.57,38.72,-0.0,-0.15
2025-07-23 01:00:00-04:00,34.68,34.89,-0.0,-0.21
2025-07-23 02:00:00-04:00,32.57,32.77,-0.0,-0.2
2025-07-23 03:00:00-04:00,29.8,29.98,-0.0,-0.18
2025-07-23 04:00:00-04:00,29.64,29.85,-0.0,-0.21
2025-07-23 05:00:00-04:00,33.75,33.75,-0.0,0.0
2025-07-23 06:00:00-04:00,38.77,38.540000000000006,-0.0,0.23
2025-07-23 07:00:00-04:00,39.82,39.62,-0.0,0.2
2025-07-23 08:00:00-04:00,38.63,38.510000000000005,-0.0,0.12
2025-07-23 09:00:00-04:00,38.3,38.19,-0.0,0.11
2025-07-23 10:00:00-04:00,41.05,40.93,-0.0,0.12
2025-07-23 11:00:00-04:00,43.93,43.75,-0.0,0.18
2025-07-23 12:00:00-04:00,45.65,45.47,-0.0,0.18
2025-07-23 13:00:00-04:00,49.18,49.08,-0.0,0.1
2025-07-23 14:00:00-04:00,52.12,52.07,-0.0,0.05
2025-07-23 15:00:00-04:00,54.34,54.34,-0.0,0.0
2025-07-23 16:00:00-04:00,61.04,61.04,-0.0,0.0
2025-07-23 17:00:00-04:00,75.45,75.45,-0.0,0.0
2025-07-23 18:00:00-04:00,76.57,77.19,-0.0,-0.62
2025-07-23 19:00:00-04:00,76.57,76.94999999999999,-0.0,-0.38
2025-07-23 20:00:00-04:00,73.22,73.07,-0.0,0.15
2025-07-23 21:00:00-04:00,61.26,61.14,-0.0,0.12
2025-07-23 22:00:00-04:00,51.48,51.43,-0.0,0.05
2025-07-23 23:00:00-04:00,46.38,46.330000000000005,-0.0,0.05
2025-07-24 00:00:00-04:00,42.75,42.71,-0.0,0.04
2025-07-24 01:00:00-04:00,37.32,37.32,-0.0,0.0
2025-07-24 02:00:00-04:00,33.88,33.980000000000004,-0.0,-0.1
2025-07-24 03:00:00-04:00,30.04,30.22,-0.0,-0.18
2025-07-24 04:00:00-04:00,31.22,31.38,-0.0,-0.16
2025-07-24 05:00:00-04:00,34.07,34.27,-0.0,-0.2
2025-07-24 06:00:00-04:00,34.19,34.64,-0.0,-0.45
2025-07-24 07:00:00-04:00,37.13,37.66,-0.0,-0.53
2025-07-24 08:00:00-04:00,40.36,41.02,-0.0,-0.66
2025-07-24 09:00:00-04:00,42.17,42.9,-0.0,-0.73
2025-07-24 10:00:00-04:00,45.84,46.63,-0.0,-0.79
2025-07-24 11:00:00-04:00,50.14,51.06,-0.0,-0.92
2025-07-24 12:00:00-04:00,54.59,55.7,-0.0,-1.11
2025-07-24 13:00:00-04:00,62.67,63.95,-0.0,-1.28
2025-07-24 14:00:00-04:00,76.61,78.17,-0.0,-1.56
2025-07-24 15:00:00-04:00,90.4,86.21,6.26,-2.07
2025-07-24 16:00:00-04:00,90.41,104.38,-10.31,-3.66
2025-07-24 17:00:00-04:00,120.89,135.2,-9.57,-4.74
2025-07-24 18:00:00-04:00,132.83,151.73000000000002,-13.74,-5.16
2025-07-24 19:00:00-04:00,113.34,124.47,-7.14,-3.99
2025-07-24 20:00:00-04:00,90.41,97.19,-4.16,-2.62
2025-07-24 21:00:00-04:00,76.57,83.39,-5.48,-1.34
2025-07-24 22:00:00-04:00,76.57,67.39999999999999,9.64,-0.47
2025-07-24 23:00:00-04:00,57.8,58.09,-0.0,-0.29
2025-07-25 00:00:00-04:00,59.2,59.32,-0.0,-0.12
2025-07-25 01:00:00-04:00,52.71,52.82,-0.0,-0.11
2025-07-25 02:00:00-04:00,49.19,49.29,-0.0,-0.1
2025-07-25 03:00:00-04:00,48.84,48.89,-0.0,-0.05
2025-07-25 04:00:00-04:00,76.57,49.52999999999999,27.09,-0.05
2025-07-25 05:00:00-04:00,21.28,48.86,-27.09,-0.49
2025-07-25 06:00:00-04:00,47.87,48.45,-0.0,-0.58
2025-07-25 07:00:00-04:00,48.86,49.45,-0.0,-0.59
2025-07-25 08:00:00-04:00,53.3,54.059999999999995,-0.0,-0.76
2025-07-25 09:00:00-04:00,58.96,59.8,-0.0,-0.84
2025-07-25 10:00:00-04:00,64.58,65.5,-0.0,-0.92
2025-07-25 11:00:00-04:00,81.63,82.78999999999999,-0.0,-1.16
2025-07-25 12:00:00-04:00,90.41,92.35,-0.0,-1.94
2025-07-25 13:00:00-04:00,92.97,95.26,-0.0,-2.29
2025-07-25 14:00:00-04:00,98.91,101.57,0.08,-2.74
2025-07-25 15:00:00-04:00,98.98,101.53,0.09,-2.64
2025-07-25 16:00:00-04:00,110.66,113.16,0.44,-2.94
2025-07-25 17:00:00-04:00,130.63,133.16,1.06,-3.59
2025-07-25 18:00:00-04:00,142.08,145.87,-0.0,-3.79
2025-07-25 19:00:00-04:00,141.84,143.66000000000005,1.48,-3.3
2025-07-25 20:00:00-04:00,112.78,114.72,0.58,-2.52
2025-07-25 21:00:00-04:00,90.41,96.0,-3.39,-2.2
2025-07-25 22:00:00-04:00,84.0,81.42,3.39,-0.81
2025-07-25 23:00:00-04:00,64.55,65.27,-0.0,-0.72
2025-07-26 00:00:00-04:00,55.45,55.78,-0.0,-0.33
2025-07-26 01:00:00-04:00,47.46,47.94,-0.0,-0.48
2025-07-26 02:00:00-04:00,41.73,42.15,-0.0,-0.42
2025-07-26 03:00:00-04:00,40.28,40.69,-0.0,-0.41
2025-07-26 04:00:00-04:00,40.06,40.46,-0.0,-0.4
2025-07-26 05:00:00-04:00,39.6,40.0,-0.0,-0.4
2025-07-26 06:00:00-04:00,40.63,42.690000000000005,-1.63,-0.43
2025-07-26 07:00:00-04:00,6.75,38.99,-31.93,-0.31
2025-07-26 08:00:00-04:00,76.12,42.52,33.56,0.04
2025-07-26 09:00:00-04:00,47.2,47.11,-0.0,0.09
2025-07-26 10:00:00-04:00,48.85,48.75,-0.0,0.1
2025-07-26 11:00:00-04:00,52.55,52.5,-0.0,0.05
2025-07-26 12:00:00-04:00,55.01,54.9,-0.0,0.11
2025-07-26 13:00:00-04:00,57.48,57.419999999999995,-0.0,0.06
2025-07-26 14:00:00-04:00,61.5,61.5,-0.0,0.0
2025-07-26 15:00:00-04:00,64.24,64.24,-0.0,0.0
2025-07-26 16:00:00-04:00,76.57,76.08999999999999,0.93,-0.45
2025-07-26 17:00:00-04:00,81.1,82.94,-0.93,-0.91
2025-07-26 18:00:00-04:00,86.5,87.46,-0.0,-0.96
2025-07-26 19:00:00-04:00,79.82,80.63,-0.0,-0.81
2025-07-26 20:00:00-04:00,76.57,76.8,-0.0,-0.23
2025-07-26 21:00:00-04:00,70.08,67.67,2.34,0.07
2025-07-26 22:00:00-04:00,57.99,57.11,0.82,0.06
2025-07-26 23:00:00-04:00,50.49,53.760000000000005,-3.16,-0.11
2025-07-27 00:00:00-04:00,43.81,43.940000000000005,-0.0,-0.13
2025-07-27 01:00:00-04:00,38.48,38.91,-0.0,-0.43
2025-07-27 02:00:00-04:00,36.05,36.489999999999995,-0.0,-0.44
2025-07-27 03:00:00-04:00,34.39,34.77,-0.0,-0.38
2025-07-27 04:00:00-04:00,34.13,34.510000000000005,-0.0,-0.38
2025-07-27 05:00:00-04:00,33.22,33.589999999999996,-0.0,-0.37
2025-07-27 06:00:00-04:00,33.76,34.129999999999995,-0.0,-0.37
2025-07-27 07:00:00-04:00,34.6,34.980000000000004,-0.0,-0.38
2025-07-27 08:00:00-04:00,16.16,37.7,-21.24,-0.3
2025-07-27 09:00:00-04:00,64.0,42.67,21.24,0.09
2025-07-27 10:00:00-04:00,46.31,46.080000000000005,-0.0,0.23
2025-07-27 11:00:00-04:00,48.24,48.1,-0.0,0.14
2025-07-27 12:00:00-04:00,50.07,49.97,-0.0,0.1
2025-07-27 13:00:00-04:00,52.99,52.88,-0.0,0.11
2025-07-27 14:00:00-04:00,56.98,56.809999999999995,-0.0,0.17
2025-07-27 15:00:00-04:00,59.54,59.3,-0.0,0.24
2025-07-27 16:00:00-04:00,68.74,68.47,-0.0,0.27
2025-07-27 17:00:00-04:00,76.57,76.64999999999999,-0.0,-0.08
2025-07-27 18:00:00-04:00,77.47,78.1,-0.0,-0.63
2025-07-27 19:00:00-04:00,77.77,79.00999999999999,-0.69,-0.55
2025-07-27 20:00:00-04:00,76.57,75.64999999999999,0.69,0.23
2025-07-27 21:00:00-04:00,71.22,69.06,1.81,0.35
2025-07-27 22:00:00-04:00,56.26,57.9,-1.81,0.17
2025-07-27 23:00:00-04:00,49.8,49.7,-0.0,0.1
2025-07-28 00:00:00-04:00,49.42,49.620000000000005,-0.0,-0.2
2025-07-28 01:00:00-04:00,43.58,43.89,-0.0,-0.31
2025-07-28 02:00:00-04:00,37.76,38.18,-0.0,-0.42
2025-07-28 03:00:00-04:00,35.28,35.67,-0.0,-0.39
2025-07-28 04:00:00-04:00,35.26,35.62,-0.0,-0.36
2025-07-28 05:00:00-04:00,38.19,38.379999999999995,-0.0,-0.19
2025-07-28 06:00:00-04:00,43.4,43.4,-0.0,0.0
2025-07-28 07:00:00-04:00,48.68,48.49,-0.0,0.19
2025-07-28 08:00:00-04:00,50.0,49.9,-0.0,0.1
2025-07-28 09:00:00-04:00,54.8,54.69,-0.0,0.11
2025-07-28 10:00:00-04:00,61.56,61.440000000000005,-0.0,0.12
2025-07-28 11:00:00-04:00,73.98,71.85000000000001,2.06,0.07
2025-07-28 12:00:00-04:00,76.57,79.35,-2.06,-0.72
2025-07-28 13:00:00-04:00,90.41,91.97,-0.0,-1.56
2025-07-28 14:00:00-04:00,94.82,97.96,-0.0,-3.14
2025-07-28 15:00:00-04:00,117.94,121.84,-0.0,-3.9
2025-07-28 16:00:00-04:00,146.85,151.54999999999998,-0.0,-4.7
2025-07-28 17:00:00-04:00,218.97,224.82,-0.0,-5.85
2025-07-28 18:00:00-04:00,242.01,244.54,4.57,-7.1
2025-07-28 19:00:00-04:00,208.43,214.66,-0.0,-6.23
2025-07-28 20:00:00-04:00,147.74,152.24,-0.08,-4.42
2025-07-28 21:00:00-04:00,90.41,95.84,-3.13,-2.3
2025-07-28 22:00:00-04:00,76.57,77.22999999999999,0.04,-0.7
2025-07-28 23:00:00-04:00,67.16,64.0,3.16,0.0
2025-07-29 00:00:00-04:00,57.29,57.52,-0.0,-0.23
2025-07-29 01:00:00-04:00,53.3,53.41,-0.0,-0.11
2025-07-29 02:00:00-04:00,47.97,48.26,-0.0,-0.29
2025-07-29 03:00:00-04:00,46.2,46.43,-0.0,-0.23
2025-07-29 04:00:00-04:00,46.04,46.22,-0.0,-0.18
2025-07-29 05:00:00-04:00,48.92,48.97,-0.0,-0.05
2025-07-29 06:00:00-04:00,52.21,52.26,-0.0,-0.05
2025-07-29 07:00:00-04:00,55.3,55.55,-0.36,0.11
2025-07-29 08:00:00-04:00,59.77,59.35,0.36,0.06
2025-07-29 09:00:00-04:00,65.29,65.16000000000001,-0.0,0.13
2025-07-29 10:00:00-04:00,76.57,76.88,-0.0,-0.31
2025-07-29 11:00:00-04:00,88.65,87.17000000000002,2.52,-1.04
2025-07-29 12:00:00-04:00,90.41,95.41,-2.52,-2.48
2025-07-29 13:00:00-04:00,118.79,122.09,0.73,-4.03
2025-07-29 14:00:00-04:00,144.74,148.08,1.54,-4.88
2025-07-29 15:00:00-04:00,206.84,210.11,3.46,-6.73
2025-07-29 16:00:00-04:00,244.67,247.45,4.64,-7.42
2025-07-29 17:00:00-04:00,304.81,307.52000000000004,6.51,-9.22
2025-07-29 18:00:00-04:00,344.85,347.53000000000003,7.74,-10.42
2025-07-29 19:00:00-04:00,302.74,311.33000000000004,0.45,-9.04
2025-07-29 20:00:00-04:00,213.87,220.26,-0.0,-6.39
2025-07-29 21:00:00-04:00,134.33,142.53000000000003,-3.93,-4.27
2025-07-29 22:00:00-04:00,90.4,90.75,0.83,-1.18
2025-07-29 23:00:00-04:00,76.57,73.69,3.1,-0.22
2025-07-30 00:00:00-04:00,74.23,73.42,0.66,0.15
2025-07-30 01:00:00-04:00,62.01,62.669999999999995,-0.66,0.0
2025-07-30 02:00:00-04:00,57.89,58.18,-0.0,-0.29
2025-07-30 03:00:00-04:00,51.07,51.48,-0.0,-0.41
2025-07-30 04:00:00-04:00,51.64,51.79,-0.0,-0.15
2025-07-30 05:00:00-04:00,76.57,56.81999999999999,19.75,0.0
2025-07-30 06:00:00-04:00,37.92,58.34,-19.95,-0.47
2025-07-30 07:00:00-04:00,59.0,59.32,0.21,-0.53
2025-07-30 08:00:00-04:00,60.52,61.190000000000005,-0.0,-0.67
2025-07-30 09:00:00-04:00,63.79,64.56,-0.0,-0.77
2025-07-30 10:00:00-04:00,65.92,66.79,-0.0,-0.87
2025-07-30 11:00:00-04:00,82.98,82.99,1.15,-1.16
2025-07-30 12:00:00-04:00,90.41,93.71,-1.15,-2.15
2025-07-30 13:00:00-04:00,106.05,109.33,-0.0,-3.28
2025-07-30 14:00:00-04:00,127.41,131.63,-0.0,-4.22
2025-07-30 15:00:00-04:00,141.5,146.18,-0.0,-4.68
2025-07-30 16:00:00-04:00,179.51,185.06,-0.0,-5.55
2025-07-30 17:00:00-04:00,235.85,242.9,-0.0,-7.05
2025-07-30 18:00:00-04:00,272.42,280.84000000000003,-0.0,-8.42
2025-07-30 19:00:00-04:00,225.15,231.88,-0.0,-6.73
2025-07-30 20:00:00-04:00,154.66,159.28,-0.0,-4.62
2025-07-30 21:00:00-04:00,90.41,99.48,-6.59,-2.48
2025-07-30 22:00:00-04:00,87.32,81.63,6.59,-0.9
2025-07-30 23:00:00-04:00,69.09,69.16,-0.0,-0.07
2025-07-31 00:00:00-04:00,64.13,63.74999999999999,0.63,-0.25
2025-07-31 01:00:00-04:00,53.34,54.290000000000006,-0.63,-0.32
2025-07-31 02:00:00-04:00,46.17,46.64,-0.0,-0.47
2025-07-31 03:00:00-04:00,45.24,45.65,-0.0,-0.41
2025-07-31 04:00:00-04:00,44.12,44.48,-0.0,-0.36
2025-07-31 05:00:00-04:00,47.8,48.19,-0.0,-0.39
2025-07-31 06:00:00-04:00,52.94,52.94,-0.0,0.0
2025-07-31 07:00:00-04:00,55.4,55.18,-0.0,0.22
2025-07-31 08:00:00-04:00,55.95,55.78,-0.0,0.17
2025-07-31 09:00:00-04:00,56.39,56.33,-0.0,0.06
2025-07-31 10:00:00-04:00,56.17,56.06,-0.0,0.11
2025-07-31 11:00:00-04:00,59.06,58.940000000000005,-0.0,0.12
2025-07-31 12:00:00-04:00,62.14,62.02,-0.0,0.12
2025-07-31 13:00:00-04:00,66.15,66.08000000000001,-0.0,0.07
2025-07-31 14:00:00-04:00,67.77,67.77,-0.0,0.0
2025-07-31 15:00:00-04:00,70.43,70.5,-0.0,-0.07
2025-07-31 16:00:00-04:00,72.23,72.3,-0.0,-0.07
2025-07-31 17:00:00-04:00,73.75,73.82,-0.0,-0.07
2025-07-31 18:00:00-04:00,68.84,68.91,-0.0,-0.07
2025-07-31 19:00:00-04:00,63.68,63.68,-0.0,0.0
2025-07-31 20:00:00-04:00,60.71,58.01,2.64,0.06
2025-07-31 21:00:00-04:00,57.87,56.23,1.58,0.06
2025-07-31 22:00:00-04:00,53.55,53.76,-0.37,0.16
2025-07-31 23:00:00-04:00,46.28,49.93,-3.85,0.2
2025-08-01 00:00:00-04:00,41.9,42.15,-0.0,-0.25
2025-08-01 01:00:00-04:00,37.47,37.73,-0.0,-0.26
2025-08-01 02:00:00-04:00,34.12,34.36,-0.0,-0.24
2025-08-01 03:00:00-04:00,30.6,30.85,-0.0,-0.25
2025-08-01 04:00:00-04:00,30.87,31.12,-0.0,-0.25
2025-08-01 05:00:00-04:00,32.43,32.69,-0.0,-0.26
2025-08-01 06:00:00-04:00,37.35,37.54,-0.0,-0.19
2025-08-01 07:00:00-04:00,40.67,40.79,-0.0,-0.12
2025-08-01 08:00:00-04:00,42.48,42.48,-0.0,0.0
2025-08-01 09:00:00-04:00,40.5,40.46,-0.0,0.04
2025-08-01 10:00:00-04:00,38.57,38.57,-0.0,0.0
2025-08-01 11:00:00-04:00,38.56,38.56,-0.0,0.0
2025-08-01 12:00:00-04:00,39.02,39.06,-0.0,-0.04
2025-08-01 13:00:00-04:00,40.88,40.92,-0.0,-0.04
2025-08-01 14:00:00-04:00,41.5,41.54,-0.0,-0.04
2025-08-01 15:00:00-04:00,44.17,44.21,-0.0,-0.04
2025-08-01 16:00:00-04:00,46.76,46.809999999999995,-0.0,-0.05
2025-08-01 17:00:00-04:00,50.74,50.16,0.58,0.0
2025-08-01 18:00:00-04:00,55.57,56.15,-0.58,0.0
2025-08-01 19:00:00-04:00,56.18,56.12,-0.0,0.06
2025-08-01 20:00:00-04:00,52.45,52.66,-0.0,-0.21
2025-08-01 21:00:00-04:00,45.87,46.01,-0.0,-0.14
2025-08-01 22:00:00-04:00,39.83,39.95,-0.0,-0.12
2025-08-01 23:00:00-04:00,36.34,36.49,-0.0,-0.15
2025-08-02 00:00:00-04:00,38.97,38.97,-0.0,0.0
2025-08-02 01:00:00-04:00,35.1,35.1,-0.0,0.0
2025-08-02 02:00:00-04:00,31.41,31.41,-0.0,0.0
2025-08-02 03:00:00-04:00,29.16,29.25,-0.0,-0.09
2025-08-02 04:00:00-04:00,29.59,29.62,-0.0,-0.03
2025-08-02 05:00:00-04:00,29.76,29.790000000000003,-0.0,-0.03
2025-08-02 06:00:00-04:00,31.79,31.82,-0.0,-0.03
2025-08-02 07:00:00-04:00,32.13,32.190000000000005,-0.0,-0.06
2025-08-02 08:00:00-04:00,30.27,30.21,-0.0,0.06
2025-08-02 09:00:00-04:00,29.83,29.77,-0.0,0.06
2025-08-02 10:00:00-04:00,28.85,28.76,-0.0,0.09
2025-08-02 11:00:00-04:00,29.8,29.74,-0.0,0.06
2025-08-02 12:00:00-04:00,31.0,30.94,-0.0,0.06
2025-08-02 13:00:00-04:00,32.94,32.91,-0.0,0.03
2025-08-02 14:00:00-04:00,35.0,34.96,-0.0,0.04
2025-08-02 15:00:00-04:00,37.67,37.67,-0.0,0.0
2025-08-02 16:00:00-04:00,44.5,44.5,-0.0,0.0
2025-08-02 17:00:00-04:00,53.73,53.73,-0.0,0.0
2025-08-02 18:00:00-04:00,60.24,60.18,-0.0,0.06
2025-08-02 19:00:00-04:00,58.39,58.33,-0.0,0.06
2025-08-02 20:00:00-04:00,52.56,52.77,-0.0,-0.21
2025-08-02 21:00:00-04:00,45.56,45.74,-0.0,-0.18
2025-08-02 22:00:00-04:00,41.41,41.58,-0.0,-0.17
2025-08-02 23:00:00-04:00,36.69,36.87,-0.0,-0.18
2025-08-03 00:00:00-04:00,34.82,35.03,-0.0,-0.21
2025-08-03 01:00:00-04:00,29.52,29.88,-0.0,-0.36
2025-08-03 02:00:00-04:00,27.07,27.43,-0.0,-0.36
2025-08-03 03:00:00-04:00,25.26,25.57,-0.0,-0.31
2025-08-03 04:00:00-04:00,24.91,25.21,-0.0,-0.3
2025-08-03 05:00:00-04:00,25.41,25.72,-0.0,-0.31
2025-08-03 06:00:00-04:00,25.48,25.82,-0.0,-0.34
2025-08-03 07:00:00-04:00,16.16,26.24,-9.9,-0.18
2025-08-03 08:00:00-04:00,36.31,26.360000000000007,9.9,0.05
2025-08-03 09:00:00-04:00,26.45,26.37,-0.0,0.08
2025-08-03 10:00:00-04:00,28.02,27.96,-0.0,0.06
2025-08-03 11:00:00-04:00,29.96,29.9,-0.0,0.06
2025-08-03 12:00:00-04:00,30.81,30.75,-0.0,0.06
2025-08-03 13:00:00-04:00,34.07,34.0,-0.0,0.07
2025-08-03 14:00:00-04:00,37.11,37.07,-0.0,0.04
2025-08-03 15:00:00-04:00,41.48,41.95,-0.55,0.08
2025-08-03 16:00:00-04:00,50.7,50.150000000000006,0.55,0.0
2025-08-03 17:00:00-04:00,63.28,63.22,-0.0,0.06
2025-08-03 18:00:00-04:00,74.34,74.34,-0.0,0.0
2025-08-03 19:00:00-04:00,76.88,76.72999999999999,-0.0,0.15
2025-08-03 20:00:00-04:00,68.88,68.74,-0.0,0.14
2025-08-03 21:00:00-04:00,57.04,57.06,-0.25,0.23
2025-08-03 22:00:00-04:00,49.65,49.78,-0.38,0.25
2025-08-03 23:00:00-04:00,43.6,43.67,-0.33,0.26
2025-08-04 00:00:00-04:00,37.17,37.24,-0.0,-0.07
2025-08-04 01:00:00-04:00,33.54,33.74,-0.0,-0.2
2025-08-04 02:00:00-04:00,30.51,30.790000000000003,-0.0,-0.28
2025-08-04 03:00:00-04:00,28.24,28.5,-0.0,-0.26
2025-08-04 04:00:00-04:00,28.71,28.85,-0.0,-0.14
2025-08-04 05:00:00-04:00,32.91,32.839999999999996,-0.0,0.07
2025-08-04 06:00:00-04:00,36.49,36.23,-0.0,0.26
2025-08-04 07:00:00-04:00,38.89,38.62,-0.0,0.27
2025-08-04 08:00:00-04:00,37.38,37.16,-0.0,0.22
2025-08-04 09:00:00-04:00,36.69,36.47,-0.0,0.22
2025-08-04 10:00:00-04:00,40.67,40.47,-0.0,0.2
2025-08-04 11:00:00-04:00,45.17,44.9,-0.0,0.27
2025-08-04 12:00:00-04:00,47.69,47.45,-0.0,0.24
2025-08-04 13:00:00-04:00,51.38,51.17,-0.0,0.21
2025-08-04 14:00:00-04:00,52.87,52.66,-0.0,0.21
2025-08-04 15:00:00-04:00,56.6,56.43,-0.0,0.17
2025-08-04 16:00:00-04:00,70.8,68.57000000000001,2.16,0.07
2025-08-04 17:00:00-04:00,76.88,79.58999999999999,-2.16,-0.55
2025-08-04 18:00:00-04:00,80.2,81.01,-0.0,-0.81
2025-08-04 19:00:00-04:00,76.89,79.54,-1.93,-0.72
2025-08-04 20:00:00-04:00,76.88,74.88,1.93,0.07
2025-08-04 21:00:00-04:00,62.26,61.99,-0.1,0.37
2025-08-04 22:00:00-04:00,54.84,54.74000000000001,-0.34,0.44
2025-08-04 23:00:00-04:00,47.81,47.67,-0.29,0.43
2025-08-05 00:00:00-04:00,44.86,44.51,-0.0,0.35
2025-08-05 01:00:00-04:00,39.71,39.36,-0.0,0.35
2025-08-05 02:00:00-04:00,35.21,34.96,-0.0,0.25
2025-08-05 03:00:00-04:00,34.23,33.959999999999994,-0.0,0.27
2025-08-05 04:00:00-04:00,76.88,32.23,44.46,0.19
2025-08-05 05:00:00-04:00,-50.25,33.25000000000001,-83.4,-0.1
2025-08-05 06:00:00-04:00,76.88,38.07999999999999,38.57,0.23
2025-08-05 07:00:00-04:00,42.34,42.09,-0.0,0.25
2025-08-05 08:00:00-04:00,43.25,43.03,-0.0,0.22
2025-08-05 09:00:00-04:00,43.16,42.989999999999995,-0.0,0.17
2025-08-05 10:00:00-04:00,44.04,43.86,-0.0,0.18
2025-08-05 11:00:00-04:00,46.42,46.28,-0.0,0.14
2025-08-05 12:00:00-04:00,50.9,50.8,-0.0,0.1
2025-08-05 13:00:00-04:00,56.48,56.309999999999995,-0.0,0.17
2025-08-05 14:00:00-04:00,60.12,59.94,-0.0,0.18
2025-08-05 15:00:00-04:00,70.97,65.8,5.04,0.13
2025-08-05 16:00:00-04:00,76.88,80.14999999999999,-2.71,-0.56
2025-08-05 17:00:00-04:00,90.4,94.62,-2.33,-1.89
2025-08-05 18:00:00-04:00,90.39,91.86,-0.0,-1.47
2025-08-05 19:00:00-04:00,80.13,82.82,-1.78,-0.91
2025-08-05 20:00:00-04:00,76.88,75.17999999999999,1.78,-0.08
2025-08-05 21:00:00-04:00,62.89,62.64,-0.0,0.25
2025-08-05 22:00:00-04:00,54.0,53.620000000000005,0.16,0.22
2025-08-05 23:00:00-04:00,47.16,47.07999999999999,-0.16,0.24
2025-08-06 00:00:00-04:00,45.32,45.09,-0.0,0.23
2025-08-06 01:00:00-04:00,42.02,41.81,-0.0,0.21
2025-08-06 02:00:00-04:00,37.98,37.75,-0.0,0.23
2025-08-06 03:00:00-04:00,36.0,35.78,-0.0,0.22
2025-08-06 04:00:00-04:00,36.41,36.19,-0.0,0.22
2025-08-06 05:00:00-04:00,38.14,37.91,-0.0,0.23
2025-08-06 06:00:00-04:00,42.46,42.21,-0.0,0.25
2025-08-06 07:00:00-04:00,44.11,43.89,-0.0,0.22
2025-08-06 08:00:00-04:00,44.09,43.870000000000005,-0.0,0.22
2025-08-06 09:00:00-04:00,43.39,43.22,-0.0,0.17
2025-08-06 10:00:00-04:00,43.06,42.93,-0.0,0.13
2025-08-06 11:00:00-04:00,45.21,45.12,-0.0,0.09
2025-08-06 12:00:00-04:00,48.22,48.08,-0.0,0.14
2025-08-06 13:00:00-04:00,52.67,52.510000000000005,-0.0,0.16
2025-08-06 14:00:00-04:00,56.54,56.37,-0.0,0.17
2025-08-06 15:00:00-04:00,57.54,57.37,-0.0,0.17
2025-08-06 16:00:00-04:00,69.74,69.6,-0.0,0.14
2025-08-06 17:00:00-04:00,76.88,76.96,-0.0,-0.08
2025-08-06 18:00:00-04:00,75.55,75.39999999999999,-0.0,0.15
2025-08-06 19:00:00-04:00,72.15,71.93,-0.0,0.22
2025-08-06 20:00:00-04:00,65.07,64.86999999999999,-0.0,0.2
2025-08-06 21:00:00-04:00,57.33,57.25,-0.21,0.29
2025-08-06 22:00:00-04:00,48.2,48.35,-0.49,0.34
2025-08-06 23:00:00-04:00,44.53,44.22,-0.0,0.31
2025-08-07 00:00:00-04:00,45.77,45.5,-0.0,0.27
2025-08-07 01:00:00-04:00,41.44,41.15,-0.0,0.29
2025-08-07 02:00:00-04:00,38.0,37.73,-0.0,0.27
2025-08-07 03:00:00-04:00,36.78,36.49,-0.0,0.29
2025-08-07 04:00:00-04:00,36.2,35.910000000000004,-0.0,0.29
2025-08-07 05:00:00-04:00,38.77,38.5,-0.0,0.27
2025-08-07 06:00:00-04:00,42.99,42.690000000000005,-0.0,0.3
2025-08-07 07:00:00-04:00,45.06,44.79,-0.0,0.27
2025-08-07 08:00:00-04:00,45.35,45.08,-0.0,0.27
2025-08-07 09:00:00-04:00,43.9,43.64,-0.0,0.26
2025-08-07 10:00:00-04:00,43.67,43.45,-0.0,0.22
2025-08-07 11:00:00-04:00,46.16,45.98,-0.0,0.18
2025-08-07 12:00:00-04:00,47.71,47.52,-0.0,0.19
2025-08-07 13:00:00-04:00,52.18,51.97,-0.0,0.21
2025-08-07 14:00:00-04:00,54.05,53.83,-0.0,0.22
2025-08-07 15:00:00-04:00,58.77,58.48,-0.0,0.29
2025-08-07 16:00:00-04:00,65.71,65.38,-0.0,0.33
2025-08-07 17:00:00-04:00,76.88,76.72999999999999,-0.0,0.15
2025-08-07 18:00:00-04:00,76.89,76.66,-0.0,0.23
2025-08-07 19:00:00-04:00,76.88,76.57,-0.0,0.31
2025-08-07 20:00:00-04:00,71.64,71.35,-0.0,0.29
2025-08-07 21:00:00-04:00,61.21,60.78,-0.0,0.43
2025-08-07 22:00:00-04:00,53.05,52.73,-0.0,0.32
2025-08-07 23:00:00-04:00,47.04,46.76,-0.0,0.28
2025-08-08 00:00:00-04:00,46.38,46.150000000000006,-0.0,0.23
2025-08-08 01:00:00-04:00,42.43,42.18,-0.0,0.25
2025-08-08 02:00:00-04:00,36.59,36.370000000000005,-0.0,0.22
2025-08-08 03:00:00-04:00,34.68,34.47,-0.0,0.21
2025-08-08 04:00:00-04:00,34.67,34.46,-0.0,0.21
2025-08-08 05:00:00-04:00,36.65,36.43,-0.0,0.22
2025-08-08 06:00:00-04:00,42.53,42.23,-0.0,0.3
2025-08-08 07:00:00-04:00,44.11,43.85,-0.0,0.26
2025-08-08 08:00:00-04:00,42.19,41.98,-0.0,0.21
2025-08-08 09:00:00-04:00,39.78,39.54,-0.0,0.24
2025-08-08 10:00:00-04:00,39.71,39.51,-0.0,0.2
2025-08-08 11:00:00-04:00,41.86,41.65,-0.0,0.21
2025-08-08 12:00:00-04:00,44.19,43.919999999999995,-0.0,0.27
2025-08-08 13:00:00-04:00,47.72,47.48,-0.0,0.24
2025-08-08 14:00:00-04:00,51.16,50.959999999999994,-0.0,0.2
2025-08-08 15:00:00-04:00,54.94,54.72,-0.0,0.22
2025-08-08 16:00:00-04:00,62.29,62.04,-0.0,0.25
2025-08-08 17:00:00-04:00,71.43,71.29,-0.0,0.14
2025-08-08 18:00:00-04:00,75.79,75.49000000000001,-0.0,0.3
2025-08-08 19:00:00-04:00,76.49,76.17999999999999,-0.0,0.31
2025-08-08 20:00:00-04:00,68.28,68.01,-0.0,0.27
2025-08-08 21:00:00-04:00,59.29,58.82,-0.0,0.47
2025-08-08 22:00:00-04:00,51.14,50.83,-0.0,0.31
2025-08-08 23:00:00-04:00,44.65,44.25,-0.0,0.4
2025-08-09 00:00:00-04:00,40.58,40.22,-0.0,0.36
2025-08-09 01:00:00-04:00,35.76,35.44,-0.0,0.32
2025-08-09 02:00:00-04:00,33.5,33.24,-0.0,0.26
2025-08-09 03:00:00-04:00,31.2,30.95,-0.0,0.25
2025-08-09 04:00:00-04:00,32.11,31.86,-0.0,0.25
2025-08-09 05:00:00-04:00,32.55,32.29,-0.0,0.26
2025-08-09 06:00:00-04:00,32.3,32.04,-0.0,0.26
2025-08-09 07:00:00-04:00,32.5,32.24,-0.0,0.26
2025-08-09 08:00:00-04:00,30.6,30.39,-0.0,0.21
2025-08-09 09:00:00-04:00,30.39,30.15,-0.0,0.24
2025-08-09 10:00:00-04:00,33.14,32.85,-0.0,0.29
2025-08-09 11:00:00-04:00,37.26,36.93,-0.0,0.33
2025-08-09 12:00:00-04:00,40.28,39.96,-0.0,0.32
2025-08-09 13:00:00-04:00,43.63,43.24,-0.0,0.39
2025-08-09 14:00:00-04:00,45.87,45.51,-0.0,0.36
2025-08-09 15:00:00-04:00,48.43,48.05,-0.0,0.38
2025-08-09 16:00:00-04:00,56.23,55.84,-0.0,0.39
2025-08-09 17:00:00-04:00,65.26,64.80000000000001,-0.0,0.46
2025-08-09 18:00:00-04:00,72.5,72.14,-0.0,0.36
2025-08-09 19:00:00-04:00,73.04,72.75,-0.0,0.29
2025-08-09 20:00:00-04:00,65.27,64.95,-0.01,0.33
2025-08-09 21:00:00-04:00,57.04,56.8,-0.27,0.51
2025-08-09 22:00:00-04:00,48.5,48.66,-0.55,0.39
2025-08-09 23:00:00-04:00,44.0,44.25,-0.69,0.44
2025-08-10 00:00:00-04:00,41.13,40.81,-0.0,0.32
2025-08-10 01:00:00-04:00,37.99,37.690000000000005,-0.0,0.3
2025-08-10 02:00:00-04:00,34.62,34.379999999999995,-0.0,0.24
2025-08-10 03:00:00-04:00,33.57,33.37,-0.0,0.2
2025-08-10 04:00:00-04:00,33.02,32.82,-0.0,0.2
2025-08-10 05:00:00-04:00,33.24,33.04,-0.0,0.2
2025-08-10 06:00:00-04:00,32.66,32.459999999999994,-0.0,0.2
2025-08-10 07:00:00-04:00,31.96,31.77,-0.0,0.19
2025-08-10 08:00:00-04:00,31.94,31.72,-0.0,0.22
2025-08-10 09:00:00-04:00,33.01,32.78,-0.0,0.23
2025-08-10 10:00:00-04:00,35.98,35.699999999999996,-0.0,0.28
2025-08-10 11:00:00-04:00,41.95,41.620000000000005,-0.0,0.33
2025-08-10 12:00:00-04:00,47.98,47.599999999999994,-0.0,0.38
2025-08-10 13:00:00-04:00,51.85,51.54,-0.0,0.31
2025-08-10 14:00:00-04:00,55.85,56.05,-0.54,0.34
2025-08-10 15:00:00-04:00,59.65,58.76,0.54,0.35
2025-08-10 16:00:00-04:00,69.36,68.94,-0.0,0.42
2025-08-10 17:00:00-04:00,86.45,86.02000000000001,-0.09,0.52
2025-08-10 18:00:00-04:00,96.21,96.02,-0.0,0.19
2025-08-10 19:00:00-04:00,95.36,95.07,-0.0,0.29
2025-08-10 20:00:00-04:00,89.34,88.8,-0.0,0.54
2025-08-10 21:00:00-04:00,68.41,68.72,-0.86,0.55
2025-08-10 22:00:00-04:00,57.94,58.73,-1.2,0.41
2025-08-10 23:00:00-04:00,49.02,48.97,-0.3,0.35
2025-08-11 00:00:00-04:00,49.99,49.74,-0.0,0.25
2025-08-11 01:00:00-04:00,43.46,43.2,-0.0,0.26
2025-08-11 02:00:00-04:00,40.14,39.9,-0.0,0.24
2025-08-11 03:00:00-04:00,36.38,36.13,-0.0,0.25
2025-08-11 04:00:00-04:00,36.2,35.980000000000004,-0.0,0.22
2025-08-11 05:00:00-04:00,39.45,39.21,-0.0,0.24
2025-08-11 06:00:00-04:00,44.15,43.84,-0.0,0.31
2025-08-11 07:00:00-04:00,47.5,47.21,-0.0,0.29
2025-08-11 08:00:00-04:00,48.88,48.64,-0.0,0.24
2025-08-11 09:00:00-04:00,51.24,50.98,-0.0,0.26
2025-08-11 10:00:00-04:00,55.57,55.24,-0.0,0.33
2025-08-11 11:00:00-04:00,64.13,63.809999999999995,-0.0,0.32
2025-08-11 12:00:00-04:00,72.73,72.22,-0.0,0.51
2025-08-11 13:00:00-04:00,96.38,96.28,-0.0,0.1
2025-08-11 14:00:00-04:00,106.88,104.45,2.64,-0.21
2025-08-11 15:00:00-04:00,106.89,110.75,-2.64,-1.22
2025-08-11 16:00:00-04:00,134.0,135.91,0.53,-2.44
2025-08-11 17:00:00-04:00,160.31,163.96,-0.53,-3.12
2025-08-11 18:00:00-04:00,154.91,157.92,-0.0,-3.01
2025-08-11 19:00:00-04:00,120.4,128.1,-4.76,-2.94
2025-08-11 20:00:00-04:00,120.39,126.13,-4.1,-1.64
2025-08-11 21:00:00-04:00,106.88,98.41,8.86,-0.39
2025-08-11 22:00:00-04:00,75.61,75.67999999999999,-0.6,0.53
2025-08-11 23:00:00-04:00,63.42,63.95,-0.98,0.45
2025-08-12 00:00:00-04:00,60.89,60.82,-0.41,0.48
2025-08-12 01:00:00-04:00,54.72,54.34,-0.0,0.38
2025-08-12 02:00:00-04:00,49.36,49.06,-0.0,0.3
2025-08-12 03:00:00-04:00,46.22,45.9,-0.0,0.32
2025-08-12 04:00:00-04:00,46.86,46.53,-0.0,0.33
2025-08-12 05:00:00-04:00,49.25,48.91,-0.0,0.34
2025-08-12 06:00:00-04:00,53.83,53.45,-0.0,0.38
2025-08-12 07:00:00-04:00,56.69,56.29,-0.0,0.4
2025-08-12 08:00:00-04:00,60.71,60.35,-0.0,0.36
2025-08-12 09:00:00-04:00,64.68,64.29,-0.0,0.39
2025-08-12 10:00:00-04:00,72.34,71.83,-0.0,0.51
2025-08-12 11:00:00-04:00,82.0,81.51,-0.0,0.49
2025-08-12 12:00:00-04:00,94.7,94.61,-0.0,0.09
2025-08-12 13:00:00-04:00,106.88,108.07,-0.0,-1.19
2025-08-12 14:00:00-04:00,120.39,122.47,-0.0,-2.08
2025-08-12 15:00:00-04:00,132.11,132.97000000000003,2.07,-2.93
2025-08-12 16:00:00-04:00,174.36,180.4,-2.07,-3.97
2025-08-12 17:00:00-04:00,225.89,230.02,-0.0,-4.13
2025-08-12 18:00:00-04:00,203.28,207.43,-0.0,-4.15
2025-08-12 19:00:00-04:00,154.57,158.2,-0.0,-3.63
2025-08-12 20:00:00-04:00,120.4,136.84,-13.3,-3.14
2025-08-12 21:00:00-04:00,112.63,112.24,1.85,-1.46
2025-08-12 22:00:00-04:00,106.88,95.53,11.45,-0.1
2025-08-12 23:00:00-04:00,79.85,79.69,-0.47,0.63
2025-08-13 00:00:00-04:00,62.96,62.52,-0.0,0.44
2025-08-13 01:00:00-04:00,53.61,53.19,-0.0,0.42
2025-08-13 02:00:00-04:00,49.26,48.919999999999995,-0.0,0.34
2025-08-13 03:00:00-04:00,49.14,48.8,-0.0,0.34
2025-08-13 04:00:00-04:00,49.1,48.76,-0.0,0.34
2025-08-13 05:00:00-04:00,50.07,49.72,-0.0,0.35
2025-08-13 06:00:00-04:00,56.2,55.760000000000005,-0.0,0.44
2025-08-13 07:00:00-04:00,59.84,59.42,-0.0,0.42
2025-08-13 08:00:00-04:00,62.57,62.08,-0.0,0.49
2025-08-13 09:00:00-04:00,69.98,64.9,5.02,0.06
2025-08-13 10:00:00-04:00,70.0,72.04,-1.39,-0.65
2025-08-13 11:00:00-04:00,71.21,76.36,-3.62,-1.53
2025-08-13 12:00:00-04:00,80.36,82.25,-0.0,-1.89
2025-08-13 13:00:00-04:00,90.16,92.47,-0.0,-2.31
2025-08-13 14:00:00-04:00,97.2,99.69,-0.0,-2.49
2025-08-13 15:00:00-04:00,108.02,110.79,-0.0,-2.77
2025-08-13 16:00:00-04:00,131.19,134.82,-0.0,-3.63
2025-08-13 17:00:00-04:00,159.25,163.33,-0.0,-4.08
2025-08-13 18:00:00-04:00,148.84,152.65,-0.0,-3.81
2025-08-13 19:00:00-04:00,111.95,114.82,-0.0,-2.87
2025-08-13 20:00:00-04:00,89.39,91.59,-0.0,-2.2
2025-08-13 21:00:00-04:00,70.01,83.50000000000001,-12.15,-1.34
2025-08-13 22:00:00-04:00,69.98,70.07000000000001,0.19,-0.28
2025-08-13 23:00:00-04:00,74.63,62.35999999999999,11.96,0.31
2025-08-14 00:00:00-04:00,55.87,55.529999999999994,-0.0,0.34
2025-08-14 01:00:00-04:00,51.28,50.870000000000005,-0.0,0.41
2025-08-14 02:00:00-04:00,47.1,46.68,-0.0,0.42
2025-08-14 03:00:00-04:00,43.44,43.05,-0.0,0.39
2025-08-14 04:00:00-04:00,43.16,42.779999999999994,-0.0,0.38
2025-08-14 05:00:00-04:00,46.46,46.09,-0.0,0.37
2025-08-14 06:00:00-04:00,52.7,52.23,-0.0,0.47
2025-08-14 07:00:00-04:00,53.93,53.55,-0.0,0.38
2025-08-14 08:00:00-04:00,54.39,54.06,-0.0,0.33
2025-08-14 09:00:00-04:00,57.14,56.8,-0.0,0.34
2025-08-14 10:00:00-04:00,56.32,56.04,-0.0,0.28
2025-08-14 11:00:00-04:00,61.79,61.54,-0.0,0.25
2025-08-14 12:00:00-04:00,69.98,67.89,2.09,0.0
2025-08-14 13:00:00-04:00,69.99,72.02,-1.24,-0.79
2025-08-14 14:00:00-04:00,70.01,72.31,-0.85,-1.45
2025-08-14 15:00:00-04:00,73.77,75.5,-0.0,-1.73
2025-08-14 16:00:00-04:00,80.46,82.44,-0.0,-1.98
2025-08-14 17:00:00-04:00,90.26,92.57,-0.0,-2.31
2025-08-14 18:00:00-04:00,86.83,88.7,-0.0,-1.87
2025-08-14 19:00:00-04:00,71.59,76.96000000000001,-3.68,-1.69
2025-08-14 20:00:00-04:00,70.0,72.56,-1.83,-0.73
2025-08-14 21:00:00-04:00,69.98,64.54,5.5,-0.06
2025-08-14 22:00:00-04:00,58.09,57.86000000000001,-0.0,0.23
2025-08-14 23:00:00-04:00,50.75,50.5,-0.0,0.25
2025-08-15 00:00:00-04:00,46.85,46.57,-0.0,0.28
2025-08-15 01:00:00-04:00,43.67,43.36,-0.0,0.31
2025-08-15 02:00:00-04:00,39.44,39.16,-0.0,0.28
2025-08-15 03:00:00-04:00,35.66,35.41,-0.0,0.25
2025-08-15 04:00:00-04:00,35.79,35.54,-0.0,0.25
2025-08-15 05:00:00-04:00,38.32,38.05,-0.0,0.27
2025-08-15 06:00:00-04:00,42.4,42.37,-0.31,0.34
2025-08-15 07:00:00-04:00,45.32,44.739999999999995,0.31,0.27
2025-08-15 08:00:00-04:00,45.33,45.15,-0.0,0.18
2025-08-15 09:00:00-04:00,45.41,45.27,-0.0,0.14
2025-08-15 10:00:00-04:00,45.61,45.47,-0.0,0.14
2025-08-15 11:00:00-04:00,51.53,51.32,-0.0,0.21
2025-08-15 12:00:00-04:00,52.24,52.080000000000005,-0.0,0.16
2025-08-15 13:00:00-04:00,60.03,59.91,-0.0,0.12
2025-08-15 14:00:00-04:00,63.12,63.059999999999995,-0.0,0.06
2025-08-15 15:00:00-04:00,69.98,66.09,4.28,-0.39
2025-08-15 16:00:00-04:00,70.01,75.34,-4.28,-1.05
2025-08-15 17:00:00-04:00,75.8,77.94,0.04,-2.18
2025-08-15 18:00:00-04:00,73.42,76.09,-0.69,-1.98
2025-08-15 19:00:00-04:00,70.0,72.99000000000001,-2.04,-0.95
2025-08-15 20:00:00-04:00,69.98,67.45,2.73,-0.2
2025-08-15 21:00:00-04:00,60.14,59.84,-0.0,0.3
2025-08-15 22:00:00-04:00,53.99,52.57,1.1,0.32
2025-08-15 23:00:00-04:00,47.44,48.25,-1.1,0.29
2025-08-16 00:00:00-04:00,42.93,42.79,-0.2,0.34
2025-08-16 01:00:00-04:00,39.68,39.2,0.2,0.28
2025-08-16 02:00:00-04:00,36.58,36.32,-0.0,0.26
2025-08-16 03:00:00-04:00,33.34,33.11000000000001,-0.0,0.23
2025-08-16 04:00:00-04:00,32.46,32.230000000000004,-0.0,0.23
2025-08-16 05:00:00-04:00,33.85,33.58,-0.0,0.27
2025-08-16 06:00:00-04:00,33.8,34.33,-0.84,0.31
2025-08-16 07:00:00-04:00,34.57,33.459999999999994,0.84,0.27
2025-08-16 08:00:00-04:00,33.33,33.129999999999995,-0.0,0.2
2025-08-16 09:00:00-04:00,37.08,36.86,-0.0,0.22
2025-08-16 10:00:00-04:00,40.11,39.83,-0.0,0.28
2025-08-16 11:00:00-04:00,44.21,43.94,-0.0,0.27
2025-08-16 12:00:00-04:00,46.97,46.74,-0.0,0.23
2025-08-16 13:00:00-04:00,51.8,51.54,-0.0,0.26
2025-08-16 14:00:00-04:00,54.96,54.74,-0.0,0.22
2025-08-16 15:00:00-04:00,62.94,62.69,-0.0,0.25
2025-08-16 16:00:00-04:00,72.04,71.68,-0.0,0.36
2025-08-16 17:00:00-04:00,80.22,80.17999999999999,-0.44,0.48
2025-08-16 18:00:00-04:00,80.45,80.39000000000001,-0.43,0.49
2025-08-16 19:00:00-04:00,73.99,74.16,-0.62,0.45
2025-08-16 20:00:00-04:00,66.38,66.75999999999999,-0.85,0.47
2025-08-16 21:00:00-04:00,59.39,60.09,-1.06,0.36
2025-08-16 22:00:00-04:00,52.92,53.84,-1.25,0.33
2025-08-16 23:00:00-04:00,47.43,47.46,-0.36,0.33
2025-08-17 00:00:00-04:00,45.23,44.959999999999994,-0.0,0.27
2025-08-17 01:00:00-04:00,40.55,40.47,-0.0,0.08
2025-08-17 02:00:00-04:00,35.79,35.72,-0.0,0.07
2025-08-17 03:00:00-04:00,32.78,32.75,-0.0,0.03
2025-08-17 04:00:00-04:00,31.58,31.549999999999997,-0.0,0.03
2025-08-17 05:00:00-04:00,33.72,33.65,-0.0,0.07
2025-08-17 06:00:00-04:00,33.96,33.79,-0.0,0.17
2025-08-17 07:00:00-04:00,34.17,34.0,-0.0,0.17
2025-08-17 08:00:00-04:00,34.54,34.37,-0.0,0.17
2025-08-17 09:00:00-04:00,37.12,36.93,-0.0,0.19
2025-08-17 10:00:00-04:00,41.46,41.25,-0.0,0.21
2025-08-17 11:00:00-04:00,46.16,45.98,-0.0,0.18
2025-08-17 12:00:00-04:00,50.34,50.14,-0.0,0.2
2025-08-17 13:00:00-04:00,54.84,54.73,-0.0,0.11
2025-08-17 14:00:00-04:00,58.85,58.73,-0.0,0.12
2025-08-17 15:00:00-04:00,65.63,65.42999999999999,-0.0,0.2
2025-08-17 16:00:00-04:00,83.02,82.77,-0.0,0.25
2025-08-17 17:00:00-04:00,97.27,97.17,-0.0,0.1
2025-08-17 18:00:00-04:00,101.22,101.12,-0.0,0.1
2025-08-17 19:00:00-04:00,89.99,89.72,-0.0,0.27
2025-08-17 20:00:00-04:00,72.81,72.74000000000001,-0.37,0.44
2025-08-17 21:00:00-04:00,62.05,62.64999999999999,-0.98,0.38
2025-08-17 22:00:00-04:00,53.51,53.19,-0.0,0.32
2025-08-17 23:00:00-04:00,46.89,46.75,-0.0,0.14
2025-08-18 00:00:00-04:00,40.58,40.5,-0.0,0.08
2025-08-18 01:00:00-04:00,36.62,36.73,-0.0,-0.11
2025-08-18 02:00:00-04:00,33.39,33.56,-0.0,-0.17
2025-08-18 03:00:00-04:00,30.74,30.889999999999997,-0.0,-0.15
2025-08-18 04:00:00-04:00,31.01,31.07,-0.0,-0.06
2025-08-18 05:00:00-04:00,34.86,34.72,-0.0,0.14
2025-08-18 06:00:00-04:00,39.16,38.88999999999999,-0.0,0.27
2025-08-18 07:00:00-04:00,41.98,41.69,-0.0,0.29
2025-08-18 08:00:00-04:00,40.72,40.52,-0.0,0.2
2025-08-18 09:00:00-04:00,37.65,37.46,-0.0,0.19
2025-08-18 10:00:00-04:00,36.54,36.32,-0.0,0.22
2025-08-18 11:00:00-04:00,37.07,36.85,-0.0,0.22
2025-08-18 12:00:00-04:00,40.58,40.379999999999995,-0.0,0.2
2025-08-18 13:00:00-04:00,42.18,42.01,-0.0,0.17
2025-08-18 14:00:00-04:00,44.59,44.73,-0.32,0.18
2025-08-18 15:00:00-04:00,48.04,47.58,0.32,0.14
2025-08-18 16:00:00-04:00,54.5,54.34,-0.0,0.16
2025-08-18 17:00:00-04:00,63.56,63.370000000000005,-0.0,0.19
2025-08-18 18:00:00-04:00,64.94,64.75,-0.0,0.19
2025-08-18 19:00:00-04:00,57.86,57.69,-0.0,0.17
2025-08-18 20:00:00-04:00,49.67,49.47,-0.0,0.2
2025-08-18 21:00:00-04:00,45.0,44.82,-0.0,0.18
2025-08-18 22:00:00-04:00,42.63,42.330000000000005,-0.0,0.3
2025-08-18 23:00:00-04:00,38.54,38.27,-0.0,0.27
2025-08-19 00:00:00-04:00,34.24,34.0,-0.0,0.24
2025-08-19 01:00:00-04:00,29.9,29.69,-0.0,0.21
2025-08-19 02:00:00-04:00,28.83,28.63,-0.0,0.2
2025-08-19 03:00:00-04:00,27.8,27.58,-0.0,0.22
2025-08-19 04:00:00-04:00,27.9,27.7,-0.0,0.2
2025-08-19 05:00:00-04:00,28.78,28.55,-0.0,0.23
2025-08-19 06:00:00-04:00,33.4,33.1,-0.0,0.3
2025-08-19 07:00:00-04:00,35.31,35.03,-0.0,0.28
2025-08-19 08:00:00-04:00,33.29,33.06,-0.0,0.23
2025-08-19 09:00:00-04:00,31.63,31.38,-0.0,0.25
2025-08-19 10:00:00-04:00,32.07,31.82,-0.0,0.25
2025-08-19 11:00:00-04:00,33.87,33.629999999999995,-0.0,0.24
2025-08-19 12:00:00-04:00,36.32,36.07,-0.0,0.25
2025-08-19 13:00:00-04:00,39.09,38.82,-0.0,0.27
2025-08-19 14:00:00-04:00,42.7,42.36,-0.0,0.34
2025-08-19 15:00:00-04:00,44.6,44.33,-0.08,0.35
2025-08-19 16:00:00-04:00,49.21,48.74,0.08,0.39
2025-08-19 17:00:00-04:00,52.92,52.6,-0.0,0.32
2025-08-19 18:00:00-04:00,57.91,57.559999999999995,-0.0,0.35
2025-08-19 19:00:00-04:00,57.52,57.17,-0.0,0.35
2025-08-19 20:00:00-04:00,53.51,53.19,-0.0,0.32
2025-08-19 21:00:00-04:00,46.17,45.85,-0.0,0.32
2025-08-19 22:00:00-04:00,40.16,39.879999999999995,-0.0,0.28
2025-08-19 23:00:00-04:00,35.39,35.11,-0.0,0.28
2025-08-20 00:00:00-04:00,32.78,32.49,-0.0,0.29
2025-08-20 01:00:00-04:00,29.46,29.2,-0.0,0.26
2025-08-20 02:00:00-04:00,28.47,28.25,-0.0,0.22
2025-08-20 03:00:00-04:00,27.66,27.44,-0.0,0.22
2025-08-20 04:00:00-04:00,28.04,27.82,-0.0,0.22
2025-08-20 05:00:00-04:00,29.49,29.229999999999997,-0.0,0.26
2025-08-20 06:00:00-04:00,35.83,35.51,-0.0,0.32
2025-08-20 07:00:00-04:00,40.59,40.190000000000005,-0.0,0.4
2025-08-20 08:00:00-04:00,40.18,39.78,-0.0,0.4
2025-08-20 09:00:00-04:00,41.23,40.86,-0.0,0.37
2025-08-20 10:00:00-04:00,40.19,39.79,-0.0,0.4
2025-08-20 11:00:00-04:00,42.08,41.71,-0.0,0.37
2025-08-20 12:00:00-04:00,42.3,41.97,-0.0,0.33
2025-08-20 13:00:00-04:00,49.0,48.56,-0.0,0.44
2025-08-20 14:00:00-04:00,50.07,49.57,-0.0,0.5
2025-08-20 15:00:00-04:00,51.31,50.85,-0.0,0.46
2025-08-20 16:00:00-04:00,54.73,54.3,-0.0,0.43
2025-08-20 17:00:00-04:00,59.41,58.94,-0.0,0.47
2025-08-20 18:00:00-04:00,59.82,59.35,-0.0,0.47
2025-08-20 19:00:00-04:00,57.45,57.0,-0.0,0.45
2025-08-20 20:00:00-04:00,53.22,52.75,-0.0,0.47
2025-08-20 21:00:00-04:00,50.32,49.82,-0.0,0.5
2025-08-20 22:00:00-04:00,41.47,41.14,-0.0,0.33
2025-08-20 23:00:00-04:00,37.07,36.74,-0.0,0.33
2025-08-21 00:00:00-04:00,33.22,32.92,-0.0,0.3
2025-08-21 01:00:00-04:00,30.72,30.45,-0.0,0.27
2025-08-21 02:00:00-04:00,28.26,28.01,-0.0,0.25
2025-08-21 03:00:00-04:00,26.97,26.76,-0.0,0.21
2025-08-21 04:00:00-04:00,26.77,26.53,-0.0,0.24
2025-08-21 05:00:00-04:00,29.73,29.44,-0.0,0.29
2025-08-21 06:00:00-04:00,35.95,35.56,-0.0,0.39
2025-08-21 07:00:00-04:00,38.1,37.76,-0.0,0.34
2025-08-21 08:00:00-04:00,38.95,38.64,-0.0,0.31
2025-08-21 09:00:00-04:00,36.15,35.86,-0.0,0.29
2025-08-21 10:00:00-04:00,36.75,36.46,-0.0,0.29
2025-08-21 11:00:00-04:00,37.06,36.77,-0.0,0.29
2025-08-21 12:00:00-04:00,37.79,37.53,-0.0,0.26
2025-08-21 13:00:00-04:00,39.83,39.59,-0.0,0.24
2025-08-21 14:00:00-04:00,40.0,39.76,-0.0,0.24
2025-08-21 15:00:00-04:00,40.75,40.46,-0.0,0.29
2025-08-21 16:00:00-04:00,41.99,41.78,-0.0,0.21
2025-08-21 17:00:00-04:00,47.26,47.02,-0.0,0.24
2025-08-21 18:00:00-04:00,51.46,51.2,-0.0,0.26
2025-08-21 19:00:00-04:00,50.59,50.34,-0.0,0.25
2025-08-21 20:00:00-04:00,49.32,49.02,-0.0,0.3
2025-08-21 21:00:00-04:00,43.54,43.2,-0.0,0.34
2025-08-21 22:00:00-04:00,37.48,37.15,-0.0,0.33
2025-08-21 23:00:00-04:00,33.85,33.550000000000004,-0.0,0.3
2025-08-22 00:00:00-04:00,31.94,31.66,-0.0,0.28
2025-08-22 01:00:00-04:00,29.25,28.99,-0.0,0.26
2025-08-22 02:00:00-04:00,26.75,26.54,-0.0,0.21
2025-08-22 03:00:00-04:00,25.57,25.37,-0.0,0.2
2025-08-22 04:00:00-04:00,26.2,25.97,-0.0,0.23
2025-08-22 05:00:00-04:00,28.5,28.25,-0.0,0.25
2025-08-22 06:00:00-04:00,33.22,32.89,-0.0,0.33
2025-08-22 07:00:00-04:00,35.99,35.67,-0.0,0.32
2025-08-22 08:00:00-04:00,30.51,30.33,-0.0,0.18
2025-08-22 09:00:00-04:00,26.98,26.82,-0.0,0.16
2025-08-22 10:00:00-04:00,27.75,27.61,-0.0,0.14
2025-08-22 11:00:00-04:00,29.71,29.56,-0.0,0.15
2025-08-22 12:00:00-04:00,31.32,31.19,-0.0,0.13
2025-08-22 13:00:00-04:00,34.37,34.269999999999996,-0.0,0.1
2025-08-22 14:00:00-04:00,37.0,36.93,-0.0,0.07
2025-08-22 15:00:00-04:00,39.86,39.7,-0.0,0.16
2025-08-22 16:00:00-04:00,45.15,45.01,-0.0,0.14
2025-08-22 17:00:00-04:00,58.93,58.58,-0.0,0.35
2025-08-22 18:00:00-04:00,66.47,66.07,-0.0,0.4
2025-08-22 19:00:00-04:00,61.72,63.3,-2.03,0.45
2025-08-22 20:00:00-04:00,55.46,53.06,2.03,0.37
2025-08-22 21:00:00-04:00,49.96,49.66,-0.0,0.3
2025-08-22 22:00:00-04:00,43.44,43.14,-0.0,0.3
2025-08-22 23:00:00-04:00,37.28,36.99,-0.0,0.29
2025-08-23 00:00:00-04:00,29.7,29.44,-0.0,0.26
2025-08-23 01:00:00-04:00,28.58,28.35,-0.0,0.23
2025-08-23 02:00:00-04:00,27.19,26.98,-0.0,0.21
2025-08-23 03:00:00-04:00,25.57,25.37,-0.0,0.2
2025-08-23 04:00:00-04:00,25.25,25.05,-0.0,0.2
2025-08-23 05:00:00-04:00,25.49,25.31,-0.0,0.18
2025-08-23 06:00:00-04:00,26.61,26.42,-0.0,0.19
2025-08-23 07:00:00-04:00,25.79,25.64,-0.0,0.15
2025-08-23 08:00:00-04:00,25.59,25.46,-0.0,0.13
2025-08-23 09:00:00-04:00,24.53,24.380000000000003,-0.0,0.15
2025-08-23 10:00:00-04:00,26.07,25.91,-0.0,0.16
2025-08-23 11:00:00-04:00,27.37,27.21,-0.0,0.16
2025-08-23 12:00:00-04:00,28.48,28.34,-0.0,0.14
2025-08-23 13:00:00-04:00,30.39,30.27,-0.0,0.12
2025-08-23 14:00:00-04:00,33.29,33.16,-0.0,0.13
2025-08-23 15:00:00-04:00,36.27,36.120000000000005,-0.0,0.15
2025-08-23 16:00:00-04:00,43.22,43.09,-0.0,0.13
2025-08-23 17:00:00-04:00,50.4,50.2,-0.0,0.2
2025-08-23 18:00:00-04:00,55.86,55.58,-0.0,0.28
2025-08-23 19:00:00-04:00,50.6,50.4,-0.0,0.2
2025-08-23 20:00:00-04:00,46.25,46.02,-0.0,0.23
2025-08-23 21:00:00-04:00,41.22,41.01,-0.0,0.21
2025-08-23 22:00:00-04:00,35.94,35.8,-0.0,0.14
2025-08-23 23:00:00-04:00,31.65,31.49,-0.0,0.16
2025-08-24 00:00:00-04:00,27.25,27.25,-0.0,0.0
2025-08-24 01:00:00-04:00,25.31,25.34,-0.0,-0.03
2025-08-24 02:00:00-04:00,23.25,23.32,-0.0,-0.07
2025-08-24 03:00:00-04:00,21.84,21.93,-0.0,-0.09
2025-08-24 04:00:00-04:00,21.77,21.81,-0.0,-0.04
2025-08-24 05:00:00-04:00,22.85,22.92,-0.0,-0.07
2025-08-24 06:00:00-04:00,23.2,23.22,-0.0,-0.02
2025-08-24 07:00:00-04:00,22.45,22.45,-0.0,0.0
2025-08-24 08:00:00-04:00,22.43,22.43,-0.0,0.0
2025-08-24 09:00:00-04:00,22.99,22.99,-0.0,0.0
2025-08-24 10:00:00-04:00,24.44,24.44,-0.0,0.0
2025-08-24 11:00:00-04:00,26.0,25.97,-0.0,0.03
2025-08-24 12:00:00-04:00,28.53,28.5,-0.0,0.03
2025-08-24 13:00:00-04:00,31.93,31.9,-0.0,0.03
2025-08-24 14:00:00-04:00,33.99,33.96,-0.0,0.03
2025-08-24 15:00:00-04:00,35.6,35.56,-0.0,0.04
2025-08-24 16:00:00-04:00,41.78,41.7,-0.0,0.08
2025-08-24 17:00:00-04:00,48.7,48.510000000000005,-0.0,0.19
2025-08-24 18:00:00-04:00,52.11,51.9,-0.0,0.21
2025-08-24 19:00:00-04:00,49.08,48.83,-0.0,0.25
2025-08-24 20:00:00-04:00,47.3,47.059999999999995,-0.0,0.24
2025-08-24 21:00:00-04:00,39.79,39.63,-0.0,0.16
2025-08-24 22:00:00-04:00,35.86,35.72,-0.0,0.14
2025-08-24 23:00:00-04:00,32.25,32.15,-0.0,0.1
2025-08-25 00:00:00-04:00,31.15,30.93,-0.0,0.22
2025-08-25 01:00:00-04:00,27.51,27.34,-0.0,0.17
2025-08-25 02:00:00-04:00,25.68,25.55,-0.0,0.13
2025-08-25 03:00:00-04:00,24.82,24.67,-0.0,0.15
2025-08-25 04:00:00-04:00,24.93,24.76,-0.0,0.17
2025-08-25 05:00:00-04:00,26.51,26.32,-0.0,0.19
2025-08-25 06:00:00-04:00,30.82,30.55,-0.0,0.27
2025-08-25 07:00:00-04:00,33.18,32.92,-0.0,0.26
2025-08-25 08:00:00-04:00,31.95,31.85,-0.0,0.1
2025-08-25 09:00:00-04:00,28.87,28.96,-0.0,-0.09
2025-08-25 10:00:00-04:00,28.95,29.07,-0.0,-0.12
2025-08-25 11:00:00-04:00,30.51,30.630000000000003,-0.0,-0.12
2025-08-25 12:00:00-04:00,31.5,31.66,-0.0,-0.16
2025-08-25 13:00:00-04:00,34.98,35.19,-0.0,-0.21
2025-08-25 14:00:00-04:00,34.93,35.21,-0.0,-0.28
2025-08-25 15:00:00-04:00,37.43,37.73,-0.0,-0.3
2025-08-25 16:00:00-04:00,42.63,42.93,-0.0,-0.3
2025-08-25 17:00:00-04:00,48.72,49.21,-0.0,-0.49
2025-08-25 18:00:00-04:00,52.0,52.53,-0.0,-0.53
2025-08-25 19:00:00-04:00,50.65,51.16,-0.0,-0.51
2025-08-25 20:00:00-04:00,44.67,45.08,-0.0,-0.41
2025-08-25 21:00:00-04:00,38.75,39.1,-0.0,-0.35
2025-08-25 22:00:00-04:00,31.65,31.91,-0.0,-0.26
2025-08-25 23:00:00-04:00,28.46,28.66,-0.0,-0.2
2025-08-26 00:00:00-04:00,26.01,26.22,-0.0,-0.21
2025-08-26 01:00:00-04:00,23.11,23.3,-0.0,-0.19
2025-08-26 02:00:00-04:00,21.22,21.369999999999997,-0.0,-0.15
2025-08-26 03:00:00-04:00,20.21,20.33,-0.0,-0.12
2025-08-26 04:00:00-04:00,20.12,20.26,-0.0,-0.14
2025-08-26 05:00:00-04:00,21.82,21.95,-0.0,-0.13
2025-08-26 06:00:00-04:00,27.18,27.1,-0.0,0.08
2025-08-26 07:00:00-04:00,28.98,28.84,-0.0,0.14
2025-08-26 08:00:00-04:00,26.82,26.74,-0.0,0.08
2025-08-26 09:00:00-04:00,25.12,25.040000000000003,-0.0,0.08
2025-08-26 10:00:00-04:00,25.46,25.41,-0.0,0.05
2025-08-26 11:00:00-04:00,25.57,25.52,-0.0,0.05
2025-08-26 12:00:00-04:00,26.42,26.39,-0.0,0.03
2025-08-26 13:00:00-04:00,27.98,27.98,-0.0,0.0
2025-08-26 14:00:00-04:00,30.45,30.45,-0.0,0.0
2025-08-26 15:00:00-04:00,30.95,30.98,-0.0,-0.03
2025-08-26 16:00:00-04:00,35.93,35.97,-0.0,-0.04
2025-08-26 17:00:00-04:00,42.19,42.15,-0.0,0.04
2025-08-26 18:00:00-04:00,45.78,45.69,-0.0,0.09
2025-08-26 19:00:00-04:00,44.59,44.46,-0.0,0.13
2025-08-26 20:00:00-04:00,41.1,40.940000000000005,-0.0,0.16
2025-08-26 21:00:00-04:00,36.81,36.66,-0.0,0.15
2025-08-26 22:00:00-04:00,31.12,30.96,-0.0,0.16
2025-08-26 23:00:00-04:00,29.3,29.12,-0.0,0.18
2025-08-27 00:00:00-04:00,26.82,26.66,-0.0,0.16
2025-08-27 01:00:00-04:00,25.25,25.12,-0.0,0.13
2025-08-27 02:00:00-04:00,23.7,23.58,-0.0,0.12
2025-08-27 03:00:00-04:00,23.01,22.89,-0.0,0.12
2025-08-27 04:00:00-04:00,23.28,23.12,-0.0,0.16
2025-08-27 05:00:00-04:00,25.3,25.1,-0.0,0.2
2025-08-27 06:00:00-04:00,30.71,30.44,-0.0,0.27
2025-08-27 07:00:00-04:00,31.35,31.07,-0.0,0.28
2025-08-27 08:00:00-04:00,27.95,27.75,-0.0,0.2
2025-08-27 09:00:00-04:00,25.86,25.68,-0.0,0.18
2025-08-27 10:00:00-04:00,24.74,24.59,-0.0,0.15
2025-08-27 11:00:00-04:00,24.94,24.77,-0.0,0.17
2025-08-27 12:00:00-04:00,24.86,24.74,-0.0,0.12
2025-08-27 13:00:00-04:00,26.81,26.7,-0.0,0.11
2025-08-27 14:00:00-04:00,27.78,27.67,-0.0,0.11
2025-08-27 15:00:00-04:00,29.03,28.94,-0.0,0.09
2025-08-27 16:00:00-04:00,32.76,32.69,-0.0,0.07
2025-08-27 17:00:00-04:00,39.75,39.08,0.59,0.08
2025-08-27 18:00:00-04:00,39.99,40.82000000000001,-0.59,-0.24
2025-08-27 19:00:00-04:00,39.99,40.48,-0.29,-0.2
2025-08-27 20:00:00-04:00,39.39,38.940000000000005,0.29,0.16
2025-08-27 21:00:00-04:00,33.79,33.589999999999996,-0.0,0.2
2025-08-27 22:00:00-04:00,28.36,28.19,-0.0,0.17
2025-08-27 23:00:00-04:00,26.12,25.96,-0.0,0.16
2025-08-28 00:00:00-04:00,26.09,25.96,-0.0,0.13
2025-08-28 01:00:00-04:00,22.73,22.64,-0.0,0.09
2025-08-28 02:00:00-04:00,21.29,21.2,-0.0,0.09
2025-08-28 03:00:00-04:00,20.32,20.24,-0.0,0.08
2025-08-28 04:00:00-04:00,21.17,21.090000000000003,-0.0,0.08
2025-08-28 05:00:00-04:00,22.36,22.25,-0.0,0.11
2025-08-28 06:00:00-04:00,26.21,26.08,-0.0,0.13
2025-08-28 07:00:00-04:00,28.83,28.69,-0.0,0.14
2025-08-28 08:00:00-04:00,26.02,25.92,-0.0,0.1
2025-08-28 09:00:00-04:00,22.78,22.69,-0.0,0.09
2025-08-28 10:00:00-04:00,22.65,22.56,-0.0,0.09
2025-08-28 11:00:00-04:00,23.54,23.45,-0.0,0.09
2025-08-28 12:00:00-04:00,23.81,23.709999999999997,-0.0,0.1
2025-08-28 13:00:00-04:00,25.41,25.36,-0.0,0.05
2025-08-28 14:00:00-04:00,26.89,26.89,-0.0,0.0
2025-08-28 15:00:00-04:00,69.99,28.549999999999997,41.53,-0.09
2025-08-28 16:00:00-04:00,9.06,32.21,-22.73,-0.42
2025-08-28 17:00:00-04:00,15.01,34.59,-18.79,-0.79
2025-08-28 18:00:00-04:00,34.79,35.65,-0.0,-0.86
2025-08-28 19:00:00-04:00,34.74,35.52,-0.0,-0.78
2025-08-28 20:00:00-04:00,15.01,35.32,-19.64,-0.67
2025-08-28 21:00:00-04:00,11.86,32.949999999999996,-20.83,-0.26
2025-08-28 22:00:00-04:00,69.99,29.419999999999995,40.48,0.09
2025-08-28 23:00:00-04:00,27.46,27.27,-0.0,0.19
2025-08-29 00:00:00-04:00,26.49,26.36,-0.0,0.13
2025-08-29 01:00:00-04:00,23.97,23.83,-0.0,0.14
2025-08-29 02:00:00-04:00,22.02,21.91,-0.0,0.11
2025-08-29 03:00:00-04:00,21.05,20.9,-0.0,0.15
2025-08-29 04:00:00-04:00,22.06,21.889999999999997,-0.0,0.17
2025-08-29 05:00:00-04:00,24.54,24.35,-0.0,0.19
2025-08-29 06:00:00-04:00,29.61,29.35,-0.0,0.26
2025-08-29 07:00:00-04:00,32.45,32.160000000000004,-0.0,0.29
2025-08-29 08:00:00-04:00,32.68,32.42,-0.0,0.26
2025-08-29 09:00:00-04:00,29.25,29.05,-0.0,0.2
2025-08-29 10:00:00-04:00,29.62,29.44,-0.0,0.18
2025-08-29 11:00:00-04:00,29.11,28.94,-0.0,0.17
2025-08-29 12:00:00-04:00,28.34,28.2,-0.0,0.14
2025-08-29 13:00:00-04:00,30.27,30.18,-0.0,0.09
2025-08-29 14:00:00-04:00,30.36,30.3,-0.0,0.06
2025-08-29 15:00:00-04:00,30.38,30.32,-0.0,0.06
2025-08-29 16:00:00-04:00,34.91,34.839999999999996,-0.0,0.07
2025-08-29 17:00:00-04:00,38.39,38.27,-0.0,0.12
2025-08-29 18:00:00-04:00,40.48,40.32,-0.0,0.16
2025-08-29 19:00:00-04:00,40.37,40.129999999999995,-0.0,0.24
2025-08-29 20:00:00-04:00,38.54,38.31,-0.0,0.23
2025-08-29 21:00:00-04:00,34.29,34.05,-0.0,0.24
2025-08-29 22:00:00-04:00,29.27,29.07,-0.0,0.2
2025-08-29 23:00:00-04:00,26.78,26.59,-0.0,0.19
2025-08-30 00:00:00-04:00,27.99,27.79,-0.0,0.2
2025-08-30 01:00:00-04:00,26.4,26.209999999999997,-0.02,0.21
2025-08-30 02:00:00-04:00,23.04,22.88,-0.0,0.16
2025-08-30 03:00:00-04:00,21.04,20.91,-0.0,0.13
2025-08-30 04:00:00-04:00,21.35,21.22,-0.0,0.13
2025-08-30 05:00:00-04:00,23.36,23.2,-0.0,0.16
2025-08-30 06:00:00-04:00,23.89,23.7,-0.0,0.19
2025-08-30 07:00:00-04:00,23.76,23.62,-0.0,0.14
2025-08-30 08:00:00-04:00,20.91,20.85,-0.0,0.06
2025-08-30 09:00:00-04:00,18.14,18.09,-0.0,0.05
2025-08-30 10:00:00-04:00,17.36,17.33,-0.0,0.03
2025-08-30 11:00:00-04:00,17.66,17.62,-0.0,0.04
2025-08-30 12:00:00-04:00,18.54,18.52,-0.0,0.02
2025-08-30 13:00:00-04:00,19.42,19.42,-0.0,0.0
2025-08-30 14:00:00-04:00,20.09,20.09,-0.0,0.0
2025-08-30 15:00:00-04:00,21.41,21.39,-0.0,0.02
2025-08-30 16:00:00-04:00,23.88,23.83,-0.0,0.05
2025-08-30 17:00:00-04:00,29.88,29.79,-0.0,0.09
2025-08-30 18:00:00-04:00,36.03,35.85,-0.0,0.18
2025-08-30 19:00:00-04:00,37.34,37.120000000000005,-0.0,0.22
2025-08-30 20:00:00-04:00,36.05,36.57,-0.81,0.29
2025-08-30 21:00:00-04:00,31.59,31.37,-0.0,0.22
2025-08-30 22:00:00-04:00,26.92,26.71,-0.0,0.21
2025-08-30 23:00:00-04:00,24.82,24.62,-0.0,0.2
2025-08-31 00:00:00-04:00,26.74,26.549999999999997,-0.0,0.19
2025-08-31 01:00:00-04:00,24.41,24.24,-0.0,0.17
2025-08-31 02:00:00-04:00,21.39,21.22,-0.0,0.17
2025-08-31 03:00:00-04:00,19.98,19.86,-0.0,0.12
2025-08-31 04:00:00-04:00,19.41,19.26,-0.0,0.15
2025-08-31 05:00:00-04:00,20.13,19.97,-0.0,0.16
2025-08-31 06:00:00-04:00,21.96,21.76,-0.0,0.2
2025-08-31 07:00:00-04:00,20.15,19.99,-0.0,0.16
2025-08-31 08:00:00-04:00,16.19,16.080000000000002,-0.0,0.11
2025-08-31 09:00:00-04:00,15.29,15.18,-0.0,0.11
2025-08-31 10:00:00-04:00,15.68,15.59,-0.0,0.09
2025-08-31 11:00:00-04:00,16.53,16.43,-0.0,0.1
2025-08-31 12:00:00-04:00,17.06,16.959999999999997,-0.0,0.1
2025-08-31 13:00:00-04:00,19.23,19.13,-0.0,0.1
2025-08-31 14:00:00-04:00,19.98,19.86,-0.0,0.12
2025-08-31 15:00:00-04:00,22.48,22.35,-0.0,0.13
2025-08-31 16:00:00-04:00,25.26,25.08,-0.0,0.18
2025-08-31 17:00:00-04:00,33.59,33.35,-0.0,0.24
2025-08-31 18:00:00-04:00,42.12,41.79,-0.0,0.33
2025-08-31 19:00:00-04:00,44.42,44.02,-0.0,0.4
2025-08-31 20:00:00-04:00,39.25,39.18,-0.32,0.39
2025-08-31 21:00:00-04:00,37.01,36.68,-0.04,0.37
2025-08-31 22:00:00-04:00,31.13,30.86,-0.07,0.34
2025-08-31 23:00:00-04:00,27.19,26.89,-0.0,0.3
2025-09-01 00:00:00-04:00,26.22,26.01,-0.0,0.21
2025-09-01 01:00:00-04:00,24.37,24.15,-0.0,0.22
2025-09-01 02:00:00-04:00,22.06,21.86,-0.0,0.2
2025-09-01 03:00:00-04:00,21.39,21.2,-0.0,0.19
2025-09-01 04:00:00-04:00,20.64,20.44,-0.0,0.2
2025-09-01 05:00:00-04:00,22.39,22.15,-0.0,0.24
2025-09-01 06:00:00-04:00,23.81,23.57,-0.0,0.24
2025-09-01 07:00:00-04:00,23.47,23.26,-0.0,0.21
2025-09-01 08:00:00-04:00,19.69,19.53,-0.0,0.16
2025-09-01 09:00:00-04:00,17.68,17.54,-0.0,0.14
2025-09-01 10:00:00-04:00,18.76,18.610000000000003,-0.0,0.15
2025-09-01 11:00:00-04:00,19.17,19.040000000000003,-0.0,0.13
2025-09-01 12:00:00-04:00,20.89,20.76,-0.0,0.13
2025-09-01 13:00:00-04:00,22.74,22.58,-0.0,0.16
2025-09-01 14:00:00-04:00,23.83,23.659999999999997,-0.0,0.17
2025-09-01 15:00:00-04:00,27.77,27.58,-0.0,0.19
2025-09-01 16:00:00-04:00,32.7,32.470000000000006,-0.0,0.23
2025-09-01 17:00:00-04:00,43.11,42.81,-0.0,0.3
2025-09-01 18:00:00-04:00,48.65,48.27,-0.0,0.38
2025-09-01 19:00:00-04:00,49.53,49.14,-0.0,0.39
2025-09-01 20:00:00-04:00,44.33,43.98,-0.0,0.35
2025-09-01 21:00:00-04:00,39.84,39.49,-0.0,0.35
2025-09-01 22:00:00-04:00,33.79,33.49,-0.0,0.3
2025-09-01 23:00:00-04:00,28.74,28.459999999999997,-0.0,0.28
2025-09-02 00:00:00-04:00,30.78,30.51,-0.0,0.27
2025-09-02 01:00:00-04:00,28.32,28.07,-0.0,0.25
2025-09-02 02:00:00-04:00,26.08,25.819999999999997,-0.0,0.26
2025-09-02 03:00:00-04:00,23.0,22.77,-0.0,0.23
2025-09-02 04:00:00-04:00,23.51,23.32,-0.0,0.19
2025-09-02 05:00:00-04:00,27.24,27.0,-0.0,0.24
2025-09-02 06:00:00-04:00,34.6,34.46,-0.0,0.14
2025-09-02 07:00:00-04:00,36.04,35.9,-0.0,0.14
2025-09-02 08:00:00-04:00,32.71,32.64,-0.0,0.07
2025-09-02 09:00:00-04:00,25.71,25.68,-0.0,0.03
2025-09-02 10:00:00-04:00,27.12,27.09,-0.0,0.03
2025-09-02 11:00:00-04:00,27.51,27.51,-0.0,0.0
2025-09-02 12:00:00-04:00,29.96,29.96,-0.0,0.0
2025-09-02 13:00:00-04:00,32.5,32.5,-0.0,0.0
2025-09-02 14:00:00-04:00,33.62,33.62,-0.0,0.0
2025-09-02 15:00:00-04:00,36.06,36.06,-0.0,0.0
2025-09-02 16:00:00-04:00,41.35,41.31,-0.0,0.04
2025-09-02 17:00:00-04:00,54.63,54.470000000000006,-0.0,0.16
2025-09-02 18:00:00-04:00,59.26,59.08,-0.0,0.18
2025-09-02 19:00:00-04:00,57.01,56.9,-0.0,0.11
2025-09-02 20:00:00-04:00,50.35,50.2,-0.0,0.15
2025-09-02 21:00:00-04:00,39.54,39.5,-0.0,0.04
2025-09-02 22:00:00-04:00,34.27,34.2,-0.0,0.07
2025-09-02 23:00:00-04:00,30.54,30.45,-0.0,0.09
2025-09-03 00:00:00-04:00,29.68,29.62,-0.0,0.06
2025-09-03 01:00:00-04:00,25.57,25.52,-0.0,0.05
2025-09-03 02:00:00-04:00,23.46,23.41,-0.0,0.05
2025-09-03 03:00:00-04:00,21.56,21.52,-0.0,0.04
2025-09-03 04:00:00-04:00,21.95,21.91,-0.0,0.04
2025-09-03 05:00:00-04:00,25.76,25.71,-0.0,0.05
2025-09-03 06:00:00-04:00,33.08,33.01,-0.0,0.07
2025-09-03 07:00:00-04:00,35.07,34.96,-0.0,0.11
2025-09-03 08:00:00-04:00,29.93,29.9,-0.0,0.03
2025-09-03 09:00:00-04:00,24.89,24.87,-0.0,0.02
2025-09-03 10:00:00-04:00,25.67,25.67,-0.0,0.0
2025-09-03 11:00:00-04:00,26.57,26.6,-0.0,-0.03
2025-09-03 12:00:00-04:00,28.83,28.889999999999997,-0.0,-0.06
2025-09-03 13:00:00-04:00,31.07,31.13,-0.0,-0.06
2025-09-03 14:00:00-04:00,31.25,31.31,-0.0,-0.06
2025-09-03 15:00:00-04:00,33.9,33.97,-0.0,-0.07
2025-09-03 16:00:00-04:00,38.61,38.69,-0.0,-0.08
2025-09-03 17:00:00-04:00,44.9,44.99,-0.0,-0.09
2025-09-03 18:00:00-04:00,49.08,49.23,-0.0,-0.15
2025-09-03 19:00:00-04:00,48.91,49.059999999999995,-0.0,-0.15
2025-09-03 20:00:00-04:00,42.7,42.790000000000006,-0.0,-0.09
2025-09-03 21:00:00-04:00,35.81,35.85,-0.0,-0.04
2025-09-03 22:00:00-04:00,30.77,30.83,-0.0,-0.06
2025-09-03 23:00:00-04:00,28.13,28.16,-0.0,-0.03
2025-09-04 00:00:00-04:00,26.62,26.75,-0.0,-0.13
2025-09-04 01:00:00-04:00,24.22,24.369999999999997,-0.0,-0.15
2025-09-04 02:00:00-04:00,22.46,22.59,-0.0,-0.13
2025-09-04 03:00:00-04:00,21.2,21.33,-0.0,-0.13
2025-09-04 04:00:00-04:00,21.4,21.549999999999997,-0.0,-0.15
2025-09-04 05:00:00-04:00,23.57,23.73,-0.0,-0.16
2025-09-04 06:00:00-04:00,29.36,29.54,-0.0,-0.18
2025-09-04 07:00:00-04:00,31.36,31.52,-0.0,-0.16
2025-09-04 08:00:00-04:00,28.23,28.43,-0.0,-0.2
2025-09-04 09:00:00-04:00,25.34,25.52,-0.0,-0.18
2025-09-04 10:00:00-04:00,25.99,26.17,-0.0,-0.18
2025-09-04 11:00:00-04:00,25.81,26.02,-0.0,-0.21
2025-09-04 12:00:00-04:00,26.61,26.85,-0.0,-0.24
2025-09-04 13:00:00-04:00,29.41,29.71,-0.0,-0.3
2025-09-04 14:00:00-04:00,31.48,31.8,-0.0,-0.32
2025-09-04 15:00:00-04:00,33.83,34.14,-0.0,-0.31
2025-09-04 16:00:00-04:00,38.28,38.63,-0.0,-0.35
2025-09-04 17:00:00-04:00,43.19,43.489999999999995,-0.0,-0.3
2025-09-04 18:00:00-04:00,48.39,48.68,-0.0,-0.29
2025-09-04 19:00:00-04:00,47.91,48.25,-0.0,-0.34
2025-09-04 20:00:00-04:00,42.93,43.19,-0.0,-0.26
2025-09-04 21:00:00-04:00,36.22,36.44,-0.0,-0.22
2025-09-04 22:00:00-04:00,32.08,32.239999999999995,-0.0,-0.16
2025-09-04 23:00:00-04:00,31.52,31.61,-0.0,-0.09
2025-09-05 00:00:00-04:00,32.57,32.44,-0.0,0.13
2025-09-05 01:00:00-04:00,29.75,29.6,-0.0,0.15
2025-09-05 02:00:00-04:00,28.09,27.92,-0.0,0.17
2025-09-05 03:00:00-04:00,26.58,26.42,-0.0,0.16
2025-09-05 04:00:00-04:00,26.39,26.26,-0.0,0.13
2025-09-05 05:00:00-04:00,29.81,29.63,-0.0,0.18
2025-09-05 06:00:00-04:00,36.49,36.27,-0.0,0.22
2025-09-05 07:00:00-04:00,41.27,40.98,-0.0,0.29
2025-09-05 08:00:00-04:00,37.98,37.87,-0.0,0.11
2025-09-05 09:00:00-04:00,34.89,34.79,-0.0,0.1
2025-09-05 10:00:00-04:00,34.94,34.87,-0.0,0.07
2025-09-05 11:00:00-04:00,34.04,34.01,-0.0,0.03
2025-09-05 12:00:00-04:00,34.05,34.05,-0.0,0.0
2025-09-05 13:00:00-04:00,35.88,35.92,-0.0,-0.04
2025-09-05 14:00:00-04:00,37.99,38.07,-0.0,-0.08
2025-09-05 15:00:00-04:00,39.86,39.94,-0.0,-0.08
2025-09-05 16:00:00-04:00,45.84,45.93000000000001,-0.0,-0.09
2025-09-05 17:00:00-04:00,53.55,53.55,-0.0,0.0
2025-09-05 18:00:00-04:00,59.76,59.7,-0.0,0.06
2025-09-05 19:00:00-04:00,58.82,58.82,-0.0,0.0
2025-09-05 20:00:00-04:00,50.12,50.12,-0.0,0.0
2025-09-05 21:00:00-04:00,42.97,42.669999999999995,0.34,-0.04
2025-09-05 22:00:00-04:00,39.53,39.870000000000005,-0.34,0.0
2025-09-05 23:00:00-04:00,37.09,37.05,-0.0,0.04
2025-09-06 00:00:00-04:00,38.48,38.79,-0.0,-0.31
2025-09-06 01:00:00-04:00,32.43,32.66,-0.0,-0.23
2025-09-06 02:00:00-04:00,29.73,29.91,-0.0,-0.18
2025-09-06 03:00:00-04:00,28.56,28.7,-0.0,-0.14
2025-09-06 04:00:00-04:00,28.2,28.31,-0.0,-0.11
2025-09-06 05:00:00-04:00,29.0,29.19,-0.04,-0.15
2025-09-06 06:00:00-04:00,34.41,34.23,0.04,0.14
2025-09-06 07:00:00-04:00,34.24,34.1,-0.0,0.14
2025-09-06 08:00:00-04:00,37.55,36.08,1.36,0.11
2025-09-06 09:00:00-04:00,35.28,36.49,-1.36,0.15
2025-09-06 10:00:00-04:00,34.82,34.72,-0.0,0.1
2025-09-06 11:00:00-04:00,36.71,36.64,-0.0,0.07
2025-09-06 12:00:00-04:00,39.34,39.260000000000005,-0.0,0.08
2025-09-06 13:00:00-04:00,39.21,39.17,-0.0,0.04
2025-09-06 14:00:00-04:00,40.46,40.42,-0.0,0.04
2025-09-06 15:00:00-04:00,41.19,41.11,-0.0,0.08
2025-09-06 16:00:00-04:00,44.63,44.54,-0.0,0.09
2025-09-06 17:00:00-04:00,47.44,47.349999999999994,-0.0,0.09
2025-09-06 18:00:00-04:00,48.74,48.64,-0.0,0.1
2025-09-06 19:00:00-04:00,46.66,46.56999999999999,-0.0,0.09
2025-09-06 20:00:00-04:00,44.95,44.82,-0.0,0.13
2025-09-06 21:00:00-04:00,41.19,39.69,1.3,0.2
2025-09-06 22:00:00-04:00,37.57,38.68,-1.3,0.19
2025-09-06 23:00:00-04:00,36.02,35.84,-0.0,0.18
2025-09-07 00:00:00-04:00,35.37,35.23,-0.0,0.14
2025-09-07 01:00:00-04:00,31.5,31.44,-0.0,0.06
2025-09-07 02:00:00-04:00,28.83,28.77,-0.0,0.06
2025-09-07 03:00:00-04:00,27.09,27.04,-0.0,0.05
2025-09-07 04:00:00-04:00,26.33,26.28,-0.0,0.05
2025-09-07 05:00:00-04:00,27.24,27.16,-0.0,0.08
2025-09-07 06:00:00-04:00,28.84,28.72,-0.0,0.12
2025-09-07 07:00:00-04:00,27.15,27.04,-0.0,0.11
2025-09-07 08:00:00-04:00,28.46,28.4,-0.0,0.06
2025-09-07 09:00:00-04:00,29.11,29.02,-0.0,0.09
2025-09-07 10:00:00-04:00,29.09,29.03,-0.0,0.06
2025-09-07 11:00:00-04:00,28.25,28.25,-0.0,0.0
2025-09-07 12:00:00-04:00,25.43,25.43,-0.0,0.0
2025-09-07 13:00:00-04:00,25.29,25.32,-0.0,-0.03
2025-09-07 14:00:00-04:00,24.97,25.02,-0.0,-0.05
2025-09-07 15:00:00-04:00,27.25,27.33,-0.0,-0.08
2025-09-07 16:00:00-04:00,31.09,31.18,-0.0,-0.09
2025-09-07 17:00:00-04:00,38.69,37.95,0.78,-0.04
2025-09-07 18:00:00-04:00,43.92,43.33,0.5,0.09
2025-09-07 19:00:00-04:00,44.5,45.64,-1.28,0.14
2025-09-07 20:00:00-04:00,41.68,41.55,-0.0,0.13
2025-09-07 21:00:00-04:00,36.5,36.43,-0.0,0.07
2025-09-07 22:00:00-04:00,32.46,32.36,-0.0,0.1
2025-09-07 23:00:00-04:00,29.08,29.02,-0.0,0.06
2025-09-08 00:00:00-04:00,27.65,27.68,-0.0,-0.03
2025-09-08 01:00:00-04:00,24.75,24.87,-0.0,-0.12
2025-09-08 02:00:00-04:00,22.84,22.95,-0.0,-0.11
2025-09-08 03:00:00-04:00,22.13,22.22,-0.0,-0.09
2025-09-08 04:00:00-04:00,23.45,23.47,-0.0,-0.02
2025-09-08 05:00:00-04:00,27.89,27.86,-0.0,0.03
2025-09-08 06:00:00-04:00,33.1,33.33,-0.0,-0.23
2025-09-08 07:00:00-04:00,36.97,37.23,-0.0,-0.26
2025-09-08 08:00:00-04:00,29.88,30.0,-0.0,-0.12
2025-09-08 09:00:00-04:00,25.05,25.15,-0.0,-0.1
2025-09-08 10:00:00-04:00,23.67,23.79,-0.0,-0.12
2025-09-08 11:00:00-04:00,23.6,23.72,-0.0,-0.12
2025-09-08 12:00:00-04:00,23.87,23.99,-0.0,-0.12
2025-09-08 13:00:00-04:00,24.09,24.23,-0.0,-0.14
2025-09-08 14:00:00-04:00,24.05,24.19,-0.0,-0.14
2025-09-08 15:00:00-04:00,26.03,26.21,-0.0,-0.18
2025-09-08 16:00:00-04:00,31.52,31.68,-0.0,-0.16
2025-09-08 17:00:00-04:00,38.62,38.81,-0.0,-0.19
2025-09-08 18:00:00-04:00,42.84,43.01,-0.0,-0.17
2025-09-08 19:00:00-04:00,47.81,47.95,-0.0,-0.14
2025-09-08 20:00:00-04:00,42.13,42.47,-0.0,-0.34
2025-09-08 21:00:00-04:00,36.85,37.11,-0.0,-0.26
2025-09-08 22:00:00-04:00,32.12,32.31,-0.0,-0.19
2025-09-08 23:00:00-04:00,26.94,27.1,-0.0,-0.16
2025-09-09 00:00:00-04:00,28.01,28.21,-0.0,-0.2
2025-09-09 01:00:00-04:00,27.55,27.72,-0.0,-0.17
2025-09-09 02:00:00-04:00,25.72,25.87,-0.0,-0.15
2025-09-09 03:00:00-04:00,23.78,23.9,-0.0,-0.12
2025-09-09 04:00:00-04:00,23.79,23.93,-0.0,-0.14
2025-09-09 05:00:00-04:00,27.53,28.1,-0.4,-0.17
2025-09-09 06:00:00-04:00,35.85,38.15,-2.11,-0.19
2025-09-09 07:00:00-04:00,36.69,38.97,-2.09,-0.19
2025-09-09 08:00:00-04:00,30.48,30.6,-0.0,-0.12
2025-09-09 09:00:00-04:00,25.83,25.93,-0.0,-0.1
2025-09-09 10:00:00-04:00,25.44,25.54,-0.0,-0.1
2025-09-09 11:00:00-04:00,25.05,25.18,-0.0,-0.13
2025-09-09 12:00:00-04:00,24.69,24.81,-0.0,-0.12
2025-09-09 13:00:00-04:00,25.06,25.21,-0.0,-0.15
2025-09-09 14:00:00-04:00,25.89,26.02,-0.0,-0.13
2025-09-09 15:00:00-04:00,28.03,28.2,-0.0,-0.17
2025-09-09 16:00:00-04:00,33.26,33.46,-0.0,-0.2
2025-09-09 17:00:00-04:00,40.49,40.69,-0.0,-0.2
2025-09-09 18:00:00-04:00,45.87,46.35,-0.3,-0.18
2025-09-09 19:00:00-04:00,49.59,49.79,-0.0,-0.2
2025-09-09 20:00:00-04:00,43.08,43.43,-0.0,-0.35
2025-09-09 21:00:00-04:00,37.44,37.78,-0.0,-0.34
2025-09-09 22:00:00-04:00,30.79,31.04,-0.0,-0.25
2025-09-09 23:00:00-04:00,27.95,28.18,-0.0,-0.23
2025-09-10 00:00:00-04:00,26.56,26.83,-0.0,-0.27
2025-09-10 01:00:00-04:00,26.15,26.41,-0.0,-0.26
2025-09-10 02:00:00-04:00,23.51,23.75,-0.0,-0.24
2025-09-10 03:00:00-04:00,23.36,23.6,-0.03,-0.21
2025-09-10 04:00:00-04:00,23.36,23.71,-0.14,-0.21
2025-09-10 05:00:00-04:00,27.94,28.56,-0.36,-0.26
2025-09-10 06:00:00-04:00,34.39,35.3,-0.63,-0.28
2025-09-10 07:00:00-04:00,36.81,39.19,-2.07,-0.31
2025-09-10 08:00:00-04:00,34.96,35.17,-0.0,-0.21
2025-09-10 09:00:00-04:00,31.79,31.92,-0.0,-0.13
2025-09-10 10:00:00-04:00,31.72,31.91,-0.0,-0.19
2025-09-10 11:00:00-04:00,31.65,31.84,-0.0,-0.19
2025-09-10 12:00:00-04:00,31.02,31.33,-0.06,-0.25
2025-09-10 13:00:00-04:00,31.74,32.05,-0.05,-0.26
2025-09-10 14:00:00-04:00,31.84,32.11,-0.01,-0.26
2025-09-10 15:00:00-04:00,32.15,32.44,-0.0,-0.29
2025-09-10 16:00:00-04:00,37.16,37.54,-0.0,-0.38
2025-09-10 17:00:00-04:00,41.85,42.23,-0.0,-0.38
2025-09-10 18:00:00-04:00,47.17,47.6,-0.0,-0.43
2025-09-10 19:00:00-04:00,52.0,52.47,-0.0,-0.47
2025-09-10 20:00:00-04:00,45.26,45.62,0.05,-0.41
2025-09-10 21:00:00-04:00,39.21,39.62,-0.05,-0.36
2025-09-10 22:00:00-04:00,34.12,34.4,-0.0,-0.28
2025-09-10 23:00:00-04:00,30.92,31.17,-0.0,-0.25
2025-09-11 00:00:00-04:00,26.4,26.64,-0.0,-0.24
2025-09-11 01:00:00-04:00,25.35,25.45,-0.0,-0.1
2025-09-11 02:00:00-04:00,23.97,24.14,-0.0,-0.17
2025-09-11 03:00:00-04:00,23.51,23.67,-0.0,-0.16
2025-09-11 04:00:00-04:00,24.04,24.59,-0.45,-0.1
2025-09-11 05:00:00-04:00,26.69,28.1,-1.3,-0.11
2025-09-11 06:00:00-04:00,33.61,33.92,-0.07,-0.24
2025-09-11 07:00:00-04:00,37.53,37.79,-0.0,-0.26
2025-09-11 08:00:00-04:00,32.16,32.29,-0.0,-0.13
2025-09-11 09:00:00-04:00,27.47,27.61,-0.0,-0.14
2025-09-11 10:00:00-04:00,27.32,27.48,-0.0,-0.16
2025-09-11 11:00:00-04:00,26.8,26.99,-0.0,-0.19
2025-09-11 12:00:00-04:00,26.94,27.13,-0.0,-0.19
2025-09-11 13:00:00-04:00,30.44,30.65,-0.0,-0.21
2025-09-11 14:00:00-04:00,32.36,32.59,-0.0,-0.23
2025-09-11 15:00:00-04:00,35.29,35.54,-0.0,-0.25
2025-09-11 16:00:00-04:00,40.85,41.05,-0.0,-0.2
2025-09-11 17:00:00-04:00,46.58,46.86,-0.0,-0.28
2025-09-11 18:00:00-04:00,50.18,50.43,-0.0,-0.25
2025-09-11 19:00:00-04:00,53.23,53.5,-0.0,-0.27
2025-09-11 20:00:00-04:00,43.93,44.29,-0.0,-0.36
2025-09-11 21:00:00-04:00,37.99,38.3,-0.0,-0.31
2025-09-11 22:00:00-04:00,33.54,33.81,-0.0,-0.27
2025-09-11 23:00:00-04:00,31.05,31.27,-0.0,-0.22
2025-09-12 00:00:00-04:00,25.31,27.77,-2.27,-0.19
2025-09-12 01:00:00-04:00,23.26,25.87,-2.43,-0.18
2025-09-12 02:00:00-04:00,21.73,24.08,-2.21,-0.14
2025-09-12 03:00:00-04:00,20.45,22.82,-2.23,-0.14
2025-09-12 04:00:00-04:00,19.59,22.44,-2.72,-0.13
2025-09-12 05:00:00-04:00,23.97,27.18,-3.02,-0.19
2025-09-12 06:00:00-04:00,30.51,33.66,-2.95,-0.2
2025-09-12 07:00:00-04:00,30.96,34.53,-3.33,-0.24
2025-09-12 08:00:00-04:00,27.04,29.6,-2.47,-0.09
2025-09-12 09:00:00-04:00,24.33,24.78,-0.4,-0.05
2025-09-12 10:00:00-04:00,24.46,24.92,-0.39,-0.07
2025-09-12 11:00:00-04:00,24.19,24.81,-0.55,-0.07
2025-09-12 12:00:00-04:00,24.21,25.11,-0.8,-0.1
2025-09-12 13:00:00-04:00,26.67,27.36,-0.53,-0.16
2025-09-12 14:00:00-04:00,28.76,29.33,-0.45,-0.12
2025-09-12 15:00:00-04:00,31.74,32.26,-0.36,-0.16
2025-09-12 16:00:00-04:00,36.92,37.1,-0.0,-0.18
2025-09-12 17:00:00-04:00,45.49,45.88,-0.16,-0.23
2025-09-12 18:00:00-04:00,44.88,46.68,-1.57,-0.23
2025-09-12 19:00:00-04:00,43.69,45.53,-1.66,-0.18
2025-09-12 20:00:00-04:00,37.23,40.96,-3.36,-0.37
2025-09-12 21:00:00-04:00,31.8,34.57,-2.53,-0.24
2025-09-12 22:00:00-04:00,28.08,30.75,-2.46,-0.21
2025-09-12 23:00:00-04:00,26.6,29.29,-2.49,-0.2
2025-09-13 00:00:00-04:00,25.63,28.29,-2.52,-0.14
2025-09-13 01:00:00-04:00,22.7,25.43,-2.58,-0.15
2025-09-13 02:00:00-04:00,21.67,24.41,-2.62,-0.12
2025-09-13 03:00:00-04:00,19.76,23.16,-3.28,-0.12
2025-09-13 04:00:00-04:00,19.75,23.15,-3.28,-0.12
2025-09-13 05:00:00-04:00,20.37,24.28,-3.79,-0.12
2025-09-13 06:00:00-04:00,22.58,26.91,-4.2,-0.13
2025-09-13 07:00:00-04:00,23.19,26.39,-3.07,-0.13
2025-09-13 08:00:00-04:00,21.27,23.92,-2.63,-0.02
2025-09-13 09:00:00-04:00,19.76,22.46,-2.68,-0.02
2025-09-13 10:00:00-04:00,21.38,23.12,-1.72,-0.02
2025-09-13 11:00:00-04:00,22.18,24.82,-2.64,0.0
2025-09-13 12:00:00-04:00,23.08,25.65,-2.57,0.0
2025-09-13 13:00:00-04:00,24.61,27.15,-2.51,-0.03
2025-09-13 14:00:00-04:00,26.34,28.82,-2.45,-0.03
2025-09-13 15:00:00-04:00,28.52,30.93,-2.38,-0.03
2025-09-13 16:00:00-04:00,33.9,36.18,-2.24,-0.04
2025-09-13 17:00:00-04:00,39.72,41.78,-1.98,-0.08
2025-09-13 18:00:00-04:00,45.54,47.46,-1.78,-0.14
2025-09-13 19:00:00-04:00,42.37,44.39,-1.89,-0.13
2025-09-13 20:00:00-04:00,36.77,40.33,-3.32,-0.24
2025-09-13 21:00:00-04:00,31.25,35.13,-3.71,-0.17
2025-09-13 22:00:00-04:00,29.36,32.03,-2.48,-0.19
2025-09-13 23:00:00-04:00,26.0,29.04,-2.87,-0.17
2025-09-14 00:00:00-04:00,27.23,29.0,-1.54,-0.23
2025-09-14 01:00:00-04:00,24.88,27.61,-2.51,-0.22
2025-09-14 02:00:00-04:00,22.69,25.7,-2.8,-0.21
2025-09-14 03:00:00-04:00,22.12,25.16,-2.84,-0.2
2025-09-14 04:00:00-04:00,21.43,24.49,-2.89,-0.17
2025-09-14 05:00:00-04:00,22.11,25.12,-2.84,-0.17
2025-09-14 06:00:00-04:00,22.68,27.12,-4.25,-0.19
2025-09-14 07:00:00-04:00,23.21,25.89,-2.53,-0.15
2025-09-14 08:00:00-04:00,22.74,24.38,-1.59,-0.05
2025-09-14 09:00:00-04:00,21.11,22.76,-1.63,-0.02
2025-09-14 10:00:00-04:00,23.07,24.56,-1.44,-0.05
2025-09-14 11:00:00-04:00,23.33,26.15,-2.77,-0.05
2025-09-14 12:00:00-04:00,25.07,27.63,-2.5,-0.06
2025-09-14 13:00:00-04:00,28.18,29.76,-1.52,-0.06
2025-09-14 14:00:00-04:00,27.55,29.15,-1.54,-0.06
2025-09-14 15:00:00-04:00,29.29,31.69,-2.34,-0.06
2025-09-14 16:00:00-04:00,37.29,39.44,-2.07,-0.08
2025-09-14 17:00:00-04:00,47.27,48.08,-0.71,-0.1
2025-09-14 18:00:00-04:00,53.9,54.83,-0.82,-0.11
2025-09-14 19:00:00-04:00,52.89,53.86,-0.86,-0.11
2025-09-14 20:00:00-04:00,43.17,44.76,-1.32,-0.27
2025-09-14 21:00:00-04:00,38.96,40.06,-0.86,-0.24
2025-09-14 22:00:00-04:00,33.97,35.04,-0.86,-0.21
2025-09-14 23:00:00-04:00,29.26,30.56,-1.09,-0.21
2025-09-15 00:00:00-04:00,29.66,30.94,-1.06,-0.22
2025-09-15 01:00:00-04:00,27.63,28.92,-1.09,-0.2
2025-09-15 02:00:00-04:00,26.66,27.62,-0.77,-0.19
2025-09-15 03:00:00-04:00,26.02,27.01,-0.8,-0.19
2025-09-15 04:00:00-04:00,27.05,27.64,-0.4,-0.19
2025-09-15 05:00:00-04:00,26.65,28.13,-1.28,-0.2
2025-09-15 06:00:00-04:00,35.28,36.37,-0.87,-0.22
2025-09-15 07:00:00-04:00,39.8,40.81,-0.73,-0.28
2025-09-15 08:00:00-04:00,37.93,38.43,-0.42,-0.08
2025-09-15 09:00:00-04:00,32.78,33.8,-0.95,-0.07
2025-09-15 10:00:00-04:00,32.51,33.54,-0.96,-0.07
2025-09-15 11:00:00-04:00,34.27,35.25,-0.91,-0.07
2025-09-15 12:00:00-04:00,34.97,35.92,-0.88,-0.07
2025-09-15 13:00:00-04:00,37.66,38.58,-0.8,-0.12
2025-09-15 14:00:00-04:00,39.88,41.01,-0.97,-0.16
2025-09-15 15:00:00-04:00,43.31,44.54,-1.05,-0.18
2025-09-15 16:00:00-04:00,50.45,51.38,-0.73,-0.2
2025-09-15 17:00:00-04:00,62.7,63.1,-0.15,-0.25
2025-09-15 18:00:00-04:00,65.64,66.26,-0.36,-0.26
2025-09-15 19:00:00-04:00,58.87,59.38,-0.27,-0.24
2025-09-15 20:00:00-04:00,49.4,50.6,-0.74,-0.46
2025-09-15 21:00:00-04:00,42.11,42.93,-0.48,-0.34
2025-09-15 22:00:00-04:00,36.24,37.05,-0.55,-0.26
2025-09-15 23:00:00-04:00,32.6,33.53,-0.7,-0.23
2025-09-16 00:00:00-04:00,25.23,29.03,-3.63,-0.17
2025-09-16 01:00:00-04:00,26.75,28.18,-1.26,-0.17
2025-09-16 02:00:00-04:00,24.14,25.65,-1.36,-0.15
2025-09-16 03:00:00-04:00,22.61,24.17,-1.42,-0.14
2025-09-16 04:00:00-04:00,22.88,24.32,-1.27,-0.17
2025-09-16 05:00:00-04:00,27.1,28.56,-1.26,-0.2
2025-09-16 06:00:00-04:00,36.45,37.63,-0.92,-0.26
2025-09-16 07:00:00-04:00,37.32,38.69,-1.1,-0.27
2025-09-16 08:00:00-04:00,34.4,35.64,-1.13,-0.11
2025-09-16 09:00:00-04:00,32.33,32.45,-0.02,-0.1
2025-09-16 10:00:00-04:00,33.22,33.34,-0.02,-0.1
2025-09-16 11:00:00-04:00,33.28,33.38,-0.0,-0.1
2025-09-16 12:00:00-04:00,34.06,34.16,-0.0,-0.1
2025-09-16 13:00:00-04:00,34.8,34.9,-0.0,-0.1
2025-09-16 14:00:00-04:00,35.7,35.81,-0.0,-0.11
2025-09-16 15:00:00-04:00,36.42,36.53,-0.0,-0.11
2025-09-16 16:00:00-04:00,40.65,40.99,-0.26,-0.08
2025-09-16 17:00:00-04:00,48.32,49.3,-0.88,-0.1
2025-09-16 18:00:00-04:00,54.25,55.44,-1.02,-0.17
2025-09-16 19:00:00-04:00,54.99,56.21,-1.0,-0.22
2025-09-16 20:00:00-04:00,41.69,43.38,-1.34,-0.35
2025-09-16 21:00:00-04:00,36.65,38.45,-1.53,-0.27
2025-09-16 22:00:00-04:00,32.59,33.82,-0.99,-0.24
2025-09-16 23:00:00-04:00,30.36,31.65,-1.07,-0.22
2025-09-17 00:00:00-04:00,29.52,33.64,-3.89,-0.23
2025-09-17 01:00:00-04:00,25.39,29.8,-4.2,-0.21
2025-09-17 02:00:00-04:00,28.72,29.74,-0.81,-0.21
2025-09-17 03:00:00-04:00,27.01,28.42,-1.24,-0.17
2025-09-17 04:00:00-04:00,27.75,29.11,-1.19,-0.17
2025-09-17 05:00:00-04:00,29.15,31.3,-1.93,-0.22
2025-09-17 06:00:00-04:00,36.41,40.17,-3.48,-0.28
2025-09-17 07:00:00-04:00,40.56,44.06,-3.15,-0.35
2025-09-17 08:00:00-04:00,37.73,41.27,-3.25,-0.29
2025-09-17 09:00:00-04:00,34.08,37.79,-3.48,-0.23
2025-09-17 10:00:00-04:00,35.98,36.77,-0.57,-0.22
2025-09-17 11:00:00-04:00,36.04,36.83,-0.57,-0.22
2025-09-17 12:00:00-04:00,37.63,38.61,-0.71,-0.27
2025-09-17 13:00:00-04:00,37.91,39.8,-1.61,-0.28
2025-09-17 14:00:00-04:00,38.71,41.08,-2.08,-0.29
2025-09-17 15:00:00-04:00,40.87,44.31,-3.08,-0.36
2025-09-17 16:00:00-04:00,44.85,48.05,-2.81,-0.39
2025-09-17 17:00:00-04:00,49.39,53.69,-3.87,-0.43
2025-09-17 18:00:00-04:00,56.61,60.48,-3.32,-0.55
2025-09-17 19:00:00-04:00,55.59,58.36,-2.24,-0.53
2025-09-17 20:00:00-04:00,46.0,49.17,-2.73,-0.44
2025-09-17 21:00:00-04:00,39.89,43.45,-3.21,-0.35
2025-09-17 22:00:00-04:00,34.48,38.32,-3.57,-0.27
2025-09-17 23:00:00-04:00,32.2,34.75,-2.31,-0.24
2025-09-18 00:00:00-04:00,30.0,32.65,-2.39,-0.26
2025-09-18 01:00:00-04:00,28.14,30.84,-2.45,-0.25
2025-09-18 02:00:00-04:00,26.32,29.07,-2.52,-0.23
2025-09-18 03:00:00-04:00,26.46,27.76,-1.08,-0.22
2025-09-18 04:00:00-04:00,27.5,28.98,-1.22,-0.26
2025-09-18 05:00:00-04:00,29.11,31.32,-1.93,-0.28
2025-09-18 06:00:00-04:00,36.93,39.41,-2.16,-0.32
2025-09-18 07:00:00-04:00,42.26,44.59,-1.97,-0.36
2025-09-18 08:00:00-04:00,41.78,42.85,-0.9,-0.17
2025-09-18 09:00:00-04:00,39.83,40.06,-0.11,-0.12
2025-09-18 10:00:00-04:00,37.85,38.0,-0.0,-0.15
2025-09-18 11:00:00-04:00,36.91,37.42,-0.29,-0.22
2025-09-18 12:00:00-04:00,40.2,40.36,-0.0,-0.16
2025-09-18 13:00:00-04:00,41.81,42.02,-0.0,-0.21
2025-09-18 14:00:00-04:00,43.62,43.84,-0.0,-0.22
2025-09-18 15:00:00-04:00,45.43,45.75,-0.0,-0.32
2025-09-18 16:00:00-04:00,47.95,48.29,-0.0,-0.34
2025-09-18 17:00:00-04:00,69.76,69.87,-0.39,0.28
2025-09-18 18:00:00-04:00,69.0,69.63,-0.98,0.35
2025-09-18 19:00:00-04:00,70.21,70.79,-0.94,0.36
2025-09-18 20:00:00-04:00,56.32,57.5,-1.47,0.29
2025-09-18 21:00:00-04:00,46.4,47.97,-1.81,0.24
2025-09-18 22:00:00-04:00,42.68,43.37,-0.91,0.22
2025-09-18 23:00:00-04:00,38.77,40.42,-1.89,0.24
2025-09-19 00:00:00-04:00,34.49,34.42,-0.14,0.21
2025-09-19 01:00:00-04:00,32.52,32.51,-0.19,0.2
2025-09-19 02:00:00-04:00,30.72,30.54,-0.0,0.18
2025-09-19 03:00:00-04:00,28.98,29.19,-0.39,0.18
2025-09-19 04:00:00-04:00,28.93,28.99,-0.23,0.17
2025-09-19 05:00:00-04:00,31.55,32.26,-0.94,0.23
2025-09-19 06:00:00-04:00,37.26,38.35,-1.36,0.27
2025-09-19 07:00:00-04:00,42.99,43.58,-0.9,0.31
2025-09-19 08:00:00-04:00,40.34,40.32,-0.26,0.28
2025-09-19 09:00:00-04:00,38.23,37.96,-0.0,0.27
2025-09-19 10:00:00-04:00,36.76,36.5,-0.0,0.26
2025-09-19 11:00:00-04:00,36.73,37.16,-0.65,0.22
2025-09-19 12:00:00-04:00,38.38,38.57,-0.42,0.23
2025-09-19 13:00:00-04:00,39.35,39.42,-0.31,0.24
2025-09-19 14:00:00-04:00,41.5,41.48,-0.15,0.17
2025-09-19 15:00:00-04:00,43.23,43.12,-0.02,0.13
2025-09-19 16:00:00-04:00,48.15,48.73,-0.82,0.24
2025-09-19 17:00:00-04:00,63.79,63.47,-0.0,0.32
2025-09-19 18:00:00-04:00,61.51,61.23,-0.03,0.31
2025-09-19 19:00:00-04:00,54.91,56.13,-1.5,0.28
2025-09-19 20:00:00-04:00,46.08,47.58,-1.74,0.24
2025-09-19 21:00:00-04:00,44.59,42.92,1.41,0.26
2025-09-19 22:00:00-04:00,37.84,39.71,-2.07,0.2
2025-09-19 23:00:00-04:00,35.57,35.67,-0.32,0.22
2025-09-20 00:00:00-04:00,33.83,33.73,-0.0,0.1
2025-09-20 01:00:00-04:00,29.2,29.55,-0.44,0.09
2025-09-20 02:00:00-04:00,27.29,27.28,-0.1,0.11
2025-09-20 03:00:00-04:00,28.58,28.47,-0.0,0.11
2025-09-20 04:00:00-04:00,28.02,27.88,-0.0,0.14
2025-09-20 05:00:00-04:00,29.19,29.01,-0.0,0.18
2025-09-20 06:00:00-04:00,28.28,31.69,-3.6,0.19
2025-09-20 07:00:00-04:00,30.25,27.29,2.77,0.19
2025-09-20 08:00:00-04:00,27.56,27.37,-0.0,0.19
2025-09-20 09:00:00-04:00,22.73,22.74,-0.17,0.16
2025-09-20 10:00:00-04:00,21.33,21.85,-0.69,0.17
2025-09-20 11:00:00-04:00,22.37,22.56,-0.35,0.16
2025-09-20 12:00:00-04:00,22.5,22.52,-0.18,0.16
2025-09-20 13:00:00-04:00,23.61,23.7,-0.26,0.17
2025-09-20 14:00:00-04:00,23.74,24.13,-0.58,0.19
2025-09-20 15:00:00-04:00,27.54,27.79,-0.42,0.17
2025-09-20 16:00:00-04:00,31.97,32.26,-0.52,0.23
2025-09-20 17:00:00-04:00,40.7,40.42,-0.0,0.28
2025-09-20 18:00:00-04:00,45.49,45.81,-0.68,0.36
2025-09-20 19:00:00-04:00,44.88,45.51,-0.99,0.36
2025-09-20 20:00:00-04:00,39.41,39.96,-0.87,0.32
2025-09-20 21:00:00-04:00,33.11,33.66,-0.82,0.27
2025-09-20 22:00:00-04:00,31.9,31.71,-0.0,0.19
2025-09-20 23:00:00-04:00,27.74,27.8,-0.26,0.2
2025-09-21 00:00:00-04:00,28.78,28.64,-0.0,0.14
2025-09-21 01:00:00-04:00,26.42,26.29,-0.0,0.13
2025-09-21 02:00:00-04:00,24.08,23.96,-0.0,0.12
2025-09-21 03:00:00-04:00,22.85,22.74,-0.0,0.11
2025-09-21 04:00:00-04:00,22.54,22.43,-0.0,0.11
2025-09-21 05:00:00-04:00,23.03,22.91,-0.0,0.12
2025-09-21 06:00:00-04:00,25.97,25.84,-0.0,0.13
2025-09-21 07:00:00-04:00,25.44,25.31,-0.0,0.13
2025-09-21 08:00:00-04:00,24.07,23.95,-0.0,0.12
2025-09-21 09:00:00-04:00,19.75,19.96,-0.31,0.1
2025-09-21 10:00:00-04:00,18.39,19.31,-1.04,0.12
2025-09-21 11:00:00-04:00,18.91,19.84,-1.05,0.12
2025-09-21 12:00:00-04:00,20.46,20.36,-0.0,0.1
2025-09-21 13:00:00-04:00,22.2,22.09,-0.0,0.11
2025-09-21 14:00:00-04:00,20.52,22.13,-1.74,0.13
2025-09-21 15:00:00-04:00,24.75,26.04,-1.42,0.13
2025-09-21 16:00:00-04:00,30.96,30.77,-0.0,0.19
2025-09-21 17:00:00-04:00,41.13,41.51,-0.63,0.25
2025-09-21 18:00:00-04:00,48.29,48.87,-0.83,0.25
2025-09-21 19:00:00-04:00,42.61,44.82,-2.39,0.18
2025-09-21 20:00:00-04:00,42.2,42.24,-0.12,0.08
2025-09-21 21:00:00-04:00,33.78,33.68,-0.0,0.1
2025-09-21 22:00:00-04:00,28.98,28.92,-0.0,0.06
2025-09-21 23:00:00-04:00,26.06,26.01,-0.0,0.05
2025-09-22 00:00:00-04:00,27.36,27.33,-0.0,0.03
2025-09-22 01:00:00-04:00,25.75,25.72,-0.0,0.03
2025-09-22 02:00:00-04:00,23.93,23.93,-0.0,0.0
2025-09-22 03:00:00-04:00,22.98,22.96,-0.0,0.02
2025-09-22 04:00:00-04:00,23.67,23.62,-0.0,0.05
2025-09-22 05:00:00-04:00,26.88,24.87,1.99,0.02
2025-09-22 06:00:00-04:00,29.36,32.04,-2.42,-0.26
2025-09-22 07:00:00-04:00,29.34,35.33,-5.74,-0.25
2025-09-22 08:00:00-04:00,26.82,30.86,-3.83,-0.21
2025-09-22 09:00:00-04:00,23.4,26.33,-2.77,-0.16
2025-09-22 10:00:00-04:00,23.0,25.75,-2.62,-0.13
2025-09-22 11:00:00-04:00,21.88,26.17,-4.16,-0.13
2025-09-22 12:00:00-04:00,24.94,27.64,-2.56,-0.14
2025-09-22 13:00:00-04:00,32.41,32.28,-0.0,0.13
2025-09-22 14:00:00-04:00,34.19,34.65,-0.67,0.21
2025-09-22 15:00:00-04:00,35.91,36.24,-0.55,0.22
2025-09-22 16:00:00-04:00,44.55,44.6,-0.32,0.27
2025-09-22 17:00:00-04:00,57.86,58.86,-1.41,0.41
2025-09-22 18:00:00-04:00,59.7,60.6,-1.33,0.43
2025-09-22 19:00:00-04:00,55.9,57.39,-1.95,0.46
2025-09-22 20:00:00-04:00,47.53,49.09,-1.86,0.3
2025-09-22 21:00:00-04:00,36.03,38.82,-2.99,0.2
2025-09-22 22:00:00-04:00,33.09,35.18,-2.27,0.18
2025-09-22 23:00:00-04:00,28.71,31.13,-2.55,0.13
2025-09-23 00:00:00-04:00,33.51,34.2,-0.86,0.17
2025-09-23 01:00:00-04:00,29.87,30.55,-0.83,0.15
2025-09-23 02:00:00-04:00,29.8,30.46,-0.81,0.15
2025-09-23 03:00:00-04:00,28.69,29.48,-0.94,0.15
2025-09-23 04:00:00-04:00,28.7,30.02,-1.47,0.15
2025-09-23 05:00:00-04:00,32.44,33.93,-1.66,0.17
2025-09-23 06:00:00-04:00,42.77,44.79,-2.15,0.13
2025-09-23 07:00:00-04:00,47.47,49.39,-2.02,0.1
2025-09-23 08:00:00-04:00,43.35,45.63,-2.28,0.0
2025-09-23 09:00:00-04:00,36.02,39.06,-2.88,-0.16
2025-09-23 10:00:00-04:00,36.55,39.24,-2.53,-0.16
2025-09-23 11:00:00-04:00,36.54,39.2,-2.5,-0.16
2025-09-23 12:00:00-04:00,40.98,42.89,-1.7,-0.21
2025-09-23 13:00:00-04:00,45.77,47.44,-1.43,-0.24
2025-09-23 14:00:00-04:00,50.47,52.1,-1.37,-0.26
2025-09-23 15:00:00-04:00,57.82,58.11,-0.0,-0.29
2025-09-23 16:00:00-04:00,69.77,70.48,-0.36,-0.35
2025-09-23 17:00:00-04:00,81.77,82.57,-0.39,-0.41
2025-09-23 18:00:00-04:00,68.13,69.26,-0.79,-0.34
2025-09-23 19:00:00-04:00,64.65,66.17,-1.19,-0.33
2025-09-23 20:00:00-04:00,55.56,56.98,-1.42,0.0
2025-09-23 21:00:00-04:00,45.88,47.65,-1.96,0.19
2025-09-23 22:00:00-04:00,41.73,42.61,-1.09,0.21
2025-09-23 23:00:00-04:00,35.93,38.8,-3.1,0.23
2025-09-24 00:00:00-04:00,39.72,40.23,-0.71,0.2
2025-09-24 01:00:00-04:00,35.22,35.57,-0.53,0.18
2025-09-24 02:00:00-04:00,32.87,33.28,-0.58,0.17
2025-09-24 03:00:00-04:00,31.33,31.61,-0.44,0.16
2025-09-24 04:00:00-04:00,31.46,31.74,-0.41,0.13
2025-09-24 05:00:00-04:00,31.45,33.52,-2.24,0.17
2025-09-24 06:00:00-04:00,42.14,44.23,-2.22,0.13
2025-09-24 07:00:00-04:00,47.11,49.21,-2.2,0.1
2025-09-24 08:00:00-04:00,47.9,49.58,-1.83,0.15
2025-09-24 09:00:00-04:00,47.51,48.93,-1.57,0.15
2025-09-24 10:00:00-04:00,48.11,48.99,-1.08,0.2
2025-09-24 11:00:00-04:00,47.54,49.22,-1.83,0.15
2025-09-24 12:00:00-04:00,51.88,52.07,-0.35,0.16
2025-09-24 13:00:00-04:00,51.06,52.23,-1.33,0.16
2025-09-24 14:00:00-04:00,55.68,56.22,-0.77,0.23
2025-09-24 15:00:00-04:00,64.93,64.8,-0.0,0.13
2025-09-24 16:00:00-04:00,70.03,69.82,-0.0,0.21
2025-09-24 17:00:00-04:00,76.87,79.06,-1.95,-0.24
2025-09-24 18:00:00-04:00,71.58,69.82,1.48,0.28
2025-09-24 19:00:00-04:00,65.15,65.97,-1.15,0.33
2025-09-24 20:00:00-04:00,51.45,52.85,-1.61,0.21
2025-09-24 21:00:00-04:00,45.17,46.12,-1.09,0.14
2025-09-24 22:00:00-04:00,40.08,41.63,-1.68,0.13
2025-09-24 23:00:00-04:00,36.68,37.99,-1.46,0.15
2025-09-25 00:00:00-04:00,36.04,35.97,-0.0,0.07
2025-09-25 01:00:00-04:00,31.81,32.31,-0.56,0.06
2025-09-25 02:00:00-04:00,30.84,31.04,-0.26,0.06
2025-09-25 03:00:00-04:00,29.38,29.59,-0.27,0.06
2025-09-25 04:00:00-04:00,29.86,30.21,-0.41,0.06
2025-09-25 05:00:00-04:00,30.67,31.79,-1.18,0.06
2025-09-25 06:00:00-04:00,38.71,40.37,-1.74,0.08
2025-09-25 07:00:00-04:00,42.43,44.29,-1.95,0.09
2025-09-25 08:00:00-04:00,43.7,45.51,-1.9,0.09
2025-09-25 09:00:00-04:00,43.42,45.24,-1.91,0.09
2025-09-25 10:00:00-04:00,45.24,46.95,-1.85,0.14
2025-09-25 11:00:00-04:00,46.69,48.33,-1.79,0.15
2025-09-25 12:00:00-04:00,48.02,48.7,-0.83,0.15
2025-09-25 13:00:00-04:00,51.42,52.88,-1.62,0.16
2025-09-25 14:00:00-04:00,52.78,52.98,-0.41,0.21
2025-09-25 15:00:00-04:00,55.71,55.43,-0.0,0.28
2025-09-25 16:00:00-04:00,58.02,58.14,-0.41,0.29
2025-09-25 17:00:00-04:00,63.94,64.48,-0.86,0.32
2025-09-25 18:00:00-04:00,57.31,58.4,-1.38,0.29
2025-09-25 19:00:00-04:00,56.7,57.85,-1.44,0.29
2025-09-25 20:00:00-04:00,47.34,48.92,-1.78,0.2
2025-09-25 21:00:00-04:00,44.14,44.01,-0.09,0.22
2025-09-25 22:00:00-04:00,39.2,39.82,-0.74,0.12
2025-09-25 23:00:00-04:00,35.39,35.65,-0.37,0.11
2025-09-26 00:00:00-04:00,42.17,42.14,-0.1,0.13
2025-09-26 01:00:00-04:00,36.43,36.86,-0.54,0.11
2025-09-26 02:00:00-04:00,32.78,33.5,-0.82,0.1
2025-09-26 03:00:00-04:00,30.97,31.82,-0.95,0.1
2025-09-26 04:00:00-04:00,32.86,33.13,-0.37,0.1
2025-09-26 05:00:00-04:00,33.73,35.3,-1.68,0.11
2025-09-26 06:00:00-04:00,42.4,44.12,-1.81,0.09
2025-09-26 07:00:00-04:00,46.39,47.84,-1.5,0.05
2025-09-26 08:00:00-04:00,47.75,48.99,-1.39,0.15
2025-09-26 09:00:00-04:00,45.95,45.94,-0.13,0.14
2025-09-26 10:00:00-04:00,43.54,43.41,-0.0,0.13
2025-09-26 11:00:00-04:00,42.6,42.57,-0.1,0.13
2025-09-26 12:00:00-04:00,41.83,41.7,-0.0,0.13
2025-09-26 13:00:00-04:00,43.43,44.21,-0.87,0.09
2025-09-26 14:00:00-04:00,44.6,45.38,-0.83,0.05
2025-09-26 15:00:00-04:00,46.35,46.97,-0.67,0.05
2025-09-26 16:00:00-04:00,52.39,53.5,-1.22,0.11
2025-09-26 17:00:00-04:00,64.85,64.66,-0.0,0.19
2025-09-26 18:00:00-04:00,65.07,65.29,-0.42,0.2
2025-09-26 19:00:00-04:00,56.55,57.64,-1.26,0.17
2025-09-26 20:00:00-04:00,48.39,48.65,-0.41,0.15
2025-09-26 21:00:00-04:00,45.11,45.39,-0.42,0.14
2025-09-26 22:00:00-04:00,46.16,44.32,1.66,0.18
2025-09-26 23:00:00-04:00,40.1,41.55,-1.66,0.21
2025-09-27 00:00:00-04:00,36.23,38.83,-2.72,0.12
2025-09-27 01:00:00-04:00,31.98,34.25,-2.34,0.07
2025-09-27 02:00:00-04:00,29.93,33.03,-3.2,0.1
2025-09-27 03:00:00-04:00,26.67,29.14,-2.53,0.06
2025-09-27 04:00:00-04:00,28.12,30.51,-2.48,0.09
2025-09-27 05:00:00-04:00,29.3,32.43,-3.29,0.16
2025-09-27 06:00:00-04:00,30.97,33.93,-3.1,0.14
2025-09-27 07:00:00-04:00,34.5,37.1,-2.79,0.19
2025-09-27 08:00:00-04:00,34.89,37.41,-2.78,0.26
2025-09-27 09:00:00-04:00,33.93,35.91,-2.27,0.29
2025-09-27 10:00:00-04:00,33.36,35.37,-2.29,0.28
2025-09-27 11:00:00-04:00,34.25,36.28,-2.25,0.22
2025-09-27 12:00:00-04:00,35.98,37.84,-2.13,0.27
2025-09-27 13:00:00-04:00,38.79,38.6,-0.04,0.23
2025-09-27 14:00:00-04:00,37.7,39.59,-2.13,0.24
2025-09-27 15:00:00-04:00,41.89,42.2,-0.61,0.3
2025-09-27 16:00:00-04:00,46.04,47.57,-1.82,0.29
2025-09-27 17:00:00-04:00,56.03,57.06,-1.26,0.23
2025-09-27 18:00:00-04:00,55.94,57.06,-1.46,0.34
2025-09-27 19:00:00-04:00,52.9,54.2,-1.57,0.27
2025-09-27 20:00:00-04:00,46.86,48.66,-2.0,0.2
2025-09-27 21:00:00-04:00,43.37,44.61,-1.37,0.13
2025-09-27 22:00:00-04:00,37.31,40.61,-3.46,0.16
2025-09-27 23:00:00-04:00,34.77,37.38,-2.72,0.11
2025-09-28 00:00:00-04:00,34.06,34.03,-0.0,0.03
2025-09-28 01:00:00-04:00,30.17,30.14,-0.0,0.03
2025-09-28 02:00:00-04:00,26.84,26.81,-0.0,0.03
2025-09-28 03:00:00-04:00,26.42,26.47,-0.0,-0.05
2025-09-28 04:00:00-04:00,26.1,26.13,-0.0,-0.03
2025-09-28 05:00:00-04:00,27.17,27.2,-0.0,-0.03
2025-09-28 06:00:00-04:00,29.18,29.18,-0.0,0.0
2025-09-28 07:00:00-04:00,29.13,29.1,-0.0,0.03
2025-09-28 08:00:00-04:00,28.46,28.32,-0.0,0.14
2025-09-28 09:00:00-04:00,29.47,29.35,-0.0,0.12
2025-09-28 10:00:00-04:00,29.63,29.51,-0.0,0.12
2025-09-28 11:00:00-04:00,31.43,31.3,-0.0,0.13
2025-09-28 12:00:00-04:00,33.54,33.47,-0.0,0.07
2025-09-28 13:00:00-04:00,35.49,35.38,-0.0,0.11
2025-09-28 14:00:00-04:00,37.19,37.12,-0.0,0.07
2025-09-28 15:00:00-04:00,42.25,42.12,-0.0,0.13
2025-09-28 16:00:00-04:00,47.27,47.08,-0.0,0.19
2025-09-28 17:00:00-04:00,60.34,59.98,-0.0,0.36
2025-09-28 18:00:00-04:00,65.38,65.12,-0.0,0.26
2025-09-28 19:00:00-04:00,65.3,65.04,-0.0,0.26
2025-09-28 20:00:00-04:00,51.8,51.54,-0.0,0.26
2025-09-28 21:00:00-04:00,47.06,46.73,-0.0,0.33
2025-09-28 22:00:00-04:00,39.95,39.94,-0.23,0.24
2025-09-28 23:00:00-04:00,35.86,35.84,-0.16,0.18
2025-09-29 00:00:00-04:00,34.51,34.99,-0.66,0.18
2025-09-29 01:00:00-04:00,30.84,31.15,-0.44,0.13
2025-09-29 02:00:00-04:00,28.86,28.83,-0.06,0.09
2025-09-29 03:00:00-04:00,26.76,26.83,-0.15,0.08
2025-09-29 04:00:00-04:00,27.35,27.67,-0.4,0.08
2025-09-29 05:00:00-04:00,30.86,31.56,-0.83,0.13
2025-09-29 06:00:00-04:00,39.19,40.1,-1.07,0.16
2025-09-29 07:00:00-04:00,37.67,40.01,-2.14,-0.2
2025-09-29 08:00:00-04:00,35.4,37.66,-2.07,-0.19
2025-09-29 09:00:00-04:00,31.23,32.22,-0.86,-0.13
2025-09-29 10:00:00-04:00,31.58,33.08,-1.37,-0.13
2025-09-29 11:00:00-04:00,32.48,33.91,-1.29,-0.14
2025-09-29 12:00:00-04:00,34.73,35.31,-0.4,-0.18
2025-09-29 13:00:00-04:00,37.27,37.49,-0.0,-0.22
2025-09-29 14:00:00-04:00,38.79,39.02,-0.0,-0.23
2025-09-29 15:00:00-04:00,43.59,43.9,-0.0,-0.31
2025-09-29 16:00:00-04:00,47.98,48.32,-0.0,-0.34
2025-09-29 17:00:00-04:00,65.49,66.28,-0.39,-0.4
2025-09-29 18:00:00-04:00,64.79,68.49,-3.22,-0.48
2025-09-29 19:00:00-04:00,68.2,65.88,2.12,0.2
2025-09-29 20:00:00-04:00,52.02,51.76,-0.0,0.26
2025-09-29 21:00:00-04:00,46.08,45.78,0.02,0.28
2025-09-29 22:00:00-04:00,41.22,41.08,-0.02,0.16
2025-09-29 23:00:00-04:00,37.61,37.46,-0.0,0.15
2025-09-30 00:00:00-04:00,32.98,32.88,-0.0,0.1
2025-09-30 01:00:00-04:00,30.88,30.76,-0.0,0.12
2025-09-30 02:00:00-04:00,28.61,28.47,-0.0,0.14
2025-09-30 03:00:00-04:00,27.76,27.59,-0.0,0.17
2025-09-30 04:00:00-04:00,28.55,28.35,-0.0,0.2
2025-09-30 05:00:00-04:00,30.72,30.45,-0.0,0.27
2025-09-30 06:00:00-04:00,42.13,41.71,-0.0,0.42
2025-09-30 07:00:00-04:00,44.44,44.0,-0.0,0.44
2025-09-30 08:00:00-04:00,39.95,39.51,-0.0,0.44
2025-09-30 09:00:00-04:00,32.24,31.95,-0.0,0.29
2025-09-30 10:00:00-04:00,32.7,32.44,-0.0,0.26
2025-09-30 11:00:00-04:00,33.88,33.61,-0.0,0.27
2025-09-30 12:00:00-04:00,37.32,37.03,-0.0,0.29
2025-09-30 13:00:00-04:00,38.68,38.45,-0.0,0.23
2025-09-30 14:00:00-04:00,39.88,39.64,-0.0,0.24
2025-09-30 15:00:00-04:00,41.4,41.15,-0.0,0.25
2025-09-30 16:00:00-04:00,48.03,47.79,-0.0,0.24
2025-09-30 17:00:00-04:00,64.42,64.03,-0.0,0.39
2025-09-30 18:00:00-04:00,66.72,66.32,-0.0,0.4
2025-09-30 19:00:00-04:00,60.72,60.29,-0.0,0.43
2025-09-30 20:00:00-04:00,48.8,48.51,-0.0,0.29
2025-09-30 21:00:00-04:00,39.87,39.59,-0.0,0.28
2025-09-30 22:00:00-04:00,35.19,34.98,-0.0,0.21
2025-09-30 23:00:00-04:00,31.89,31.7,-0.0,0.19
2025-10-01 00:00:00-04:00,29.2,29.14,-0.0,0.06
2025-10-01 01:00:00-04:00,26.98,26.93,-0.0,0.05
2025-10-01 02:00:00-04:00,25.12,25.09,-0.0,0.03
2025-10-01 03:00:00-04:00,24.83,24.81,-0.0,0.02
2025-10-01 04:00:00-04:00,26.1,26.0,-0.0,0.1
2025-10-01 05:00:00-04:00,30.42,30.27,-0.0,0.15
2025-10-01 06:00:00-04:00,40.23,39.99,-0.0,0.24
2025-10-01 07:00:00-04:00,43.34,43.08,-0.0,0.26
2025-10-01 08:00:00-04:00,36.53,36.31,-0.0,0.22
2025-10-01 09:00:00-04:00,30.05,29.9,-0.0,0.15
2025-10-01 10:00:00-04:00,26.77,26.64,-0.0,0.13
2025-10-01 11:00:00-04:00,26.04,25.88,-0.0,0.16
2025-10-01 12:00:00-04:00,25.52,25.39,-0.0,0.13
2025-10-01 13:00:00-04:00,26.88,26.8,-0.0,0.08
2025-10-01 14:00:00-04:00,26.16,26.11,-0.0,0.05
2025-10-01 15:00:00-04:00,29.36,29.3,-0.0,0.06
2025-10-01 16:00:00-04:00,34.24,35.23,-1.1,0.11
2025-10-01 17:00:00-04:00,44.74,43.42,1.1,0.22
2025-10-01 18:00:00-04:00,49.72,49.42,-0.0,0.3
2025-10-01 19:00:00-04:00,50.04,49.69,-0.0,0.35
2025-10-01 20:00:00-04:00,42.3,42.05,-0.0,0.25
2025-10-01 21:00:00-04:00,36.34,36.19,-0.0,0.15
2025-10-01 22:00:00-04:00,32.28,32.15,-0.0,0.13
2025-10-01 23:00:00-04:00,29.56,29.47,-0.0,0.09
2025-10-02 00:00:00-04:00,28.71,28.6,-0.0,0.11
2025-10-02 01:00:00-04:00,26.61,26.48,-0.0,0.13
2025-10-02 02:00:00-04:00,25.64,25.51,-0.0,0.13
2025-10-02 03:00:00-04:00,25.31,25.18,-0.0,0.13
2025-10-02 04:00:00-04:00,26.58,26.45,-0.0,0.13
2025-10-02 05:00:00-04:00,30.66,30.48,-0.0,0.18
2025-10-02 06:00:00-04:00,43.74,43.43,-0.0,0.31
2025-10-02 07:00:00-04:00,47.72,47.39,-0.0,0.33
2025-10-02 08:00:00-04:00,38.91,38.68,-0.0,0.23
2025-10-02 09:00:00-04:00,30.02,29.84,-0.0,0.18
2025-10-02 10:00:00-04:00,28.03,27.86,-0.0,0.17
2025-10-02 11:00:00-04:00,26.29,26.11,-0.0,0.18
2025-10-02 12:00:00-04:00,25.89,25.73,-0.0,0.16
2025-10-02 13:00:00-04:00,27.04,26.96,-0.0,0.08
2025-10-02 14:00:00-04:00,27.42,27.31,-0.0,0.11
2025-10-02 15:00:00-04:00,28.34,28.31,-0.0,0.03
2025-10-02 16:00:00-04:00,33.91,33.84,-0.0,0.07
2025-10-02 17:00:00-04:00,45.18,45.04,-0.0,0.14
2025-10-02 18:00:00-04:00,56.57,56.34,-0.0,0.23
2025-10-02 19:00:00-04:00,55.97,55.75,-0.0,0.22
2025-10-02 20:00:00-04:00,44.47,44.34,-0.0,0.13
2025-10-02 21:00:00-04:00,38.67,38.55,-0.0,0.12
2025-10-02 22:00:00-04:00,32.57,32.5,-0.0,0.07
2025-10-02 23:00:00-04:00,30.72,30.63,-0.0,0.09
2025-10-03 00:00:00-04:00,29.18,29.15,-0.0,0.03
2025-10-03 01:00:00-04:00,27.08,27.05,-0.0,0.03
2025-10-03 02:00:00-04:00,25.89,25.89,-0.0,0.0
2025-10-03 03:00:00-04:00,25.89,25.89,-0.0,0.0
2025-10-03 04:00:00-04:00,27.22,27.22,-0.0,0.0
2025-10-03 05:00:00-04:00,30.51,30.48,-0.0,0.03
2025-10-03 06:00:00-04:00,41.18,41.14,-0.0,0.04
2025-10-03 07:00:00-04:00,47.14,47.09,-0.0,0.05
2025-10-03 08:00:00-04:00,36.41,36.37,-0.0,0.04
2025-10-03 09:00:00-04:00,29.39,29.3,-0.0,0.09
2025-10-03 10:00:00-04:00,26.6,26.52,-0.0,0.08
2025-10-03 11:00:00-04:00,25.87,25.77,-0.0,0.1
2025-10-03 12:00:00-04:00,25.87,25.77,-0.0,0.1
2025-10-03 13:00:00-04:00,26.78,26.67,-0.0,0.11
2025-10-03 14:00:00-04:00,28.05,27.94,-0.0,0.11
2025-10-03 15:00:00-04:00,30.59,30.5,-0.0,0.09
2025-10-03 16:00:00-04:00,37.15,37.0,-0.0,0.15
2025-10-03 17:00:00-04:00,46.13,45.9,-0.0,0.23
2025-10-03 18:00:00-04:00,57.43,57.14,-0.0,0.29
2025-10-03 19:00:00-04:00,61.39,61.08,-0.0,0.31
2025-10-03 20:00:00-04:00,44.5,44.32,-0.0,0.18
2025-10-03 21:00:00-04:00,38.71,38.63,-0.0,0.08
2025-10-03 22:00:00-04:00,33.78,33.75,-0.0,0.03
2025-10-03 23:00:00-04:00,31.74,31.71,-0.0,0.03
2025-10-04 00:00:00-04:00,31.54,31.57,-0.0,-0.03
2025-10-04 01:00:00-04:00,27.91,27.91,-0.0,0.0
2025-10-04 02:00:00-04:00,26.8,26.8,-0.0,0.0
2025-10-04 03:00:00-04:00,25.24,25.21,-0.0,0.03
2025-10-04 04:00:00-04:00,25.54,25.51,-0.0,0.03
2025-10-04 05:00:00-04:00,27.94,27.88,-0.0,0.06
2025-10-04 06:00:00-04:00,37.18,37.03,-0.0,0.15
2025-10-04 07:00:00-04:00,38.58,38.46,-0.0,0.12
2025-10-04 08:00:00-04:00,33.07,32.94,-0.0,0.13
2025-10-04 09:00:00-04:00,27.19,27.08,-0.0,0.11
2025-10-04 10:00:00-04:00,26.47,26.36,-0.0,0.11
2025-10-04 11:00:00-04:00,26.33,26.2,-0.0,0.13
2025-10-04 12:00:00-04:00,27.46,27.32,-0.0,0.14
2025-10-04 13:00:00-04:00,29.54,29.42,-0.0,0.12
2025-10-04 14:00:00-04:00,31.8,31.7,-0.0,0.1
2025-10-04 15:00:00-04:00,35.57,35.46,-0.0,0.11
2025-10-04 16:00:00-04:00,44.01,43.79,-0.0,0.22
2025-10-04 17:00:00-04:00,63.82,63.32,-0.0,0.5
2025-10-04 18:00:00-04:00,73.89,73.31,-0.0,0.58
2025-10-04 19:00:00-04:00,70.71,70.08,-0.0,0.63
2025-10-04 20:00:00-04:00,49.73,49.38,-0.0,0.35
2025-10-04 21:00:00-04:00,42.68,42.42,-0.0,0.26
2025-10-04 22:00:00-04:00,37.24,37.09,-0.0,0.15
2025-10-04 23:00:00-04:00,33.95,33.85,-0.0,0.1
2025-10-05 00:00:00-04:00,37.34,37.19,-0.0,0.15
2025-10-05 01:00:00-04:00,32.64,32.51,-0.0,0.13
2025-10-05 02:00:00-04:00,29.13,29.01,-0.0,0.12
2025-10-05 03:00:00-04:00,27.54,27.46,-0.0,0.08
2025-10-05 04:00:00-04:00,27.69,27.61,-0.0,0.08
2025-10-05 05:00:00-04:00,27.99,27.88,-0.0,0.11
2025-10-05 06:00:00-04:00,32.18,32.05,-0.0,0.13
2025-10-05 07:00:00-04:00,33.18,33.08,-0.0,0.1
2025-10-05 08:00:00-04:00,28.26,28.15,-0.0,0.11
2025-10-05 09:00:00-04:00,26.15,26.05,-0.0,0.1
2025-10-05 10:00:00-04:00,26.28,26.15,-0.0,0.13
2025-10-05 11:00:00-04:00,28.31,28.14,-0.0,0.17
2025-10-05 12:00:00-04:00,31.57,31.41,-0.0,0.16
2025-10-05 13:00:00-04:00,33.46,33.29,-0.0,0.17
2025-10-05 14:00:00-04:00,35.65,35.54,-0.0,0.11
2025-10-05 15:00:00-04:00,42.51,42.38,-0.0,0.13
2025-10-05 16:00:00-04:00,58.65,55.53,3.01,0.11
2025-10-05 17:00:00-04:00,76.87,80.28,-3.01,-0.4
2025-10-05 18:00:00-04:00,84.03,84.71,-0.0,-0.68
2025-10-05 19:00:00-04:00,76.87,77.02,-0.0,-0.15
2025-10-05 20:00:00-04:00,62.5,62.25,-0.0,0.25
2025-10-05 21:00:00-04:00,45.24,45.15,-0.0,0.09
2025-10-05 22:00:00-04:00,40.82,40.74,-0.0,0.08
2025-10-05 23:00:00-04:00,35.06,35.06,-0.0,0.0
2025-10-06 00:00:00-04:00,33.64,33.64,-0.0,0.0
2025-10-06 01:00:00-04:00,29.81,29.84,-0.0,-0.03
2025-10-06 02:00:00-04:00,27.63,27.66,-0.0,-0.03
2025-10-06 03:00:00-04:00,26.67,26.7,-0.0,-0.03
2025-10-06 04:00:00-04:00,28.13,28.16,-0.0,-0.03
2025-10-06 05:00:00-04:00,31.82,31.82,-0.0,0.0
2025-10-06 06:00:00-04:00,36.65,36.8,-0.0,-0.15
2025-10-06 07:00:00-04:00,43.84,43.97,-0.0,-0.13
2025-10-06 08:00:00-04:00,43.24,43.46,-0.0,-0.22
2025-10-06 09:00:00-04:00,37.79,37.9,-0.0,-0.11
2025-10-06 10:00:00-04:00,40.57,40.69,-0.0,-0.12
2025-10-06 11:00:00-04:00,41.58,41.7,-0.0,-0.12
2025-10-06 12:00:00-04:00,42.82,43.03,-0.0,-0.21
2025-10-06 13:00:00-04:00,48.06,47.96,-0.0,0.1
2025-10-06 14:00:00-04:00,50.65,50.6,-0.0,0.05
2025-10-06 15:00:00-04:00,57.17,57.17,-0.0,0.0
2025-10-06 16:00:00-04:00,76.87,76.25,0.85,-0.23
2025-10-06 17:00:00-04:00,99.66,101.63,-0.85,-1.12
2025-10-06 18:00:00-04:00,108.4,109.6,-0.0,-1.2
2025-10-06 19:00:00-04:00,79.56,91.89,-11.32,-1.01
2025-10-06 20:00:00-04:00,76.87,65.62,11.32,-0.07
2025-10-06 21:00:00-04:00,48.46,48.46,-0.0,0.0
2025-10-06 22:00:00-04:00,44.01,43.97,-0.0,0.04
2025-10-06 23:00:00-04:00,38.64,38.64,-0.0,0.0
2025-10-07 00:00:00-04:00,35.08,35.08,-0.0,0.0
2025-10-07 01:00:00-04:00,30.76,30.73,-0.0,0.03
2025-10-07 02:00:00-04:00,30.01,30.01,-0.0,0.0
2025-10-07 03:00:00-04:00,28.83,28.86,-0.0,-0.03
2025-10-07 04:00:00-04:00,28.79,28.82,-0.0,-0.03
2025-10-07 05:00:00-04:00,31.78,31.78,-0.0,0.0
2025-10-07 06:00:00-04:00,40.3,40.22,-0.0,0.08
2025-10-07 07:00:00-04:00,47.77,45.86,1.86,0.05
2025-10-07 08:00:00-04:00,42.04,43.81,-1.86,0.09
2025-10-07 09:00:00-04:00,38.93,38.85,-0.0,0.08
2025-10-07 10:00:00-04:00,39.12,38.68,0.36,0.08
2025-10-07 11:00:00-04:00,38.19,38.78,-0.36,-0.23
2025-10-07 12:00:00-04:00,41.36,41.28,-0.0,0.08
2025-10-07 13:00:00-04:00,43.61,43.52,-0.0,0.09
2025-10-07 14:00:00-04:00,46.96,46.96,-0.0,0.0
2025-10-07 15:00:00-04:00,55.06,55.06,-0.0,0.0
2025-10-07 16:00:00-04:00,76.87,73.58,3.58,-0.29
2025-10-07 17:00:00-04:00,92.64,97.49,-3.58,-1.27
2025-10-07 18:00:00-04:00,105.51,106.79,-0.0,-1.28
2025-10-07 19:00:00-04:00,76.87,85.64,-8.17,-0.6
2025-10-07 20:00:00-04:00,76.16,67.85,8.17,0.14
2025-10-07 21:00:00-04:00,49.24,49.09,-0.0,0.15
2025-10-07 22:00:00-04:00,43.38,43.21,-0.0,0.17
2025-10-07 23:00:00-04:00,39.69,39.57,-0.0,0.12
2025-10-08 00:00:00-04:00,41.45,41.24,-0.0,0.21
2025-10-08 01:00:00-04:00,38.17,37.98,-0.0,0.19
2025-10-08 02:00:00-04:00,34.93,34.76,-0.0,0.17
2025-10-08 03:00:00-04:00,34.9,34.76,-0.0,0.14
2025-10-08 04:00:00-04:00,35.29,35.15,-0.0,0.14
2025-10-08 05:00:00-04:00,38.07,37.88,-0.0,0.19
2025-10-08 06:00:00-04:00,49.76,49.46,-0.0,0.3
2025-10-08 07:00:00-04:00,59.79,59.37,-0.0,0.42
2025-10-08 08:00:00-04:00,57.31,57.3,-0.28,0.29
2025-10-08 09:00:00-04:00,49.84,49.26,0.28,0.3
2025-10-08 10:00:00-04:00,45.39,45.16,-0.0,0.23
2025-10-08 11:00:00-04:00,43.54,43.32,-0.0,0.22
2025-10-08 12:00:00-04:00,41.58,41.46,-0.0,0.12
2025-10-08 13:00:00-04:00,40.81,40.73,-0.0,0.08
2025-10-08 14:00:00-04:00,38.28,38.24,-0.0,0.04
2025-10-08 15:00:00-04:00,39.83,39.83,-0.0,0.0
2025-10-08 16:00:00-04:00,43.91,43.95,-0.0,-0.04
2025-10-08 17:00:00-04:00,59.88,59.82,-0.0,0.06
2025-10-08 18:00:00-04:00,66.06,65.86,-0.0,0.2
2025-10-08 19:00:00-04:00,59.67,59.37,-0.0,0.3
2025-10-08 20:00:00-04:00,46.07,45.84,-0.0,0.23
2025-10-08 21:00:00-04:00,42.23,42.06,-0.0,0.17
2025-10-08 22:00:00-04:00,38.27,38.16,-0.0,0.11
2025-10-08 23:00:00-04:00,34.36,34.26,-0.0,0.1
2025-10-09 00:00:00-04:00,31.9,31.84,-0.0,0.06
2025-10-09 01:00:00-04:00,28.14,28.03,-0.0,0.11
2025-10-09 02:00:00-04:00,27.27,27.19,-0.0,0.08
2025-10-09 03:00:00-04:00,26.72,26.67,-0.0,0.05
2025-10-09 04:00:00-04:00,27.75,27.67,-0.0,0.08
2025-10-09 05:00:00-04:00,32.28,32.12,-0.0,0.16
2025-10-09 06:00:00-04:00,49.45,49.15,-0.0,0.3
2025-10-09 07:00:00-04:00,57.36,57.07,-0.0,0.29
2025-10-09 08:00:00-04:00,43.56,43.39,-0.0,0.17
2025-10-09 09:00:00-04:00,31.37,31.24,-0.0,0.13
2025-10-09 10:00:00-04:00,29.35,29.26,-0.0,0.09
2025-10-09 11:00:00-04:00,27.28,27.17,-0.0,0.11
2025-10-09 12:00:00-04:00,27.83,27.72,-0.0,0.11
2025-10-09 13:00:00-04:00,28.46,28.37,-0.0,0.09
2025-10-09 14:00:00-04:00,26.33,26.28,-0.0,0.05
2025-10-09 15:00:00-04:00,28.65,28.59,-0.0,0.06
2025-10-09 16:00:00-04:00,34.57,34.43,-0.0,0.14
2025-10-09 17:00:00-04:00,48.95,48.75,-0.0,0.2
2025-10-09 18:00:00-04:00,61.41,61.16,-0.0,0.25
2025-10-09 19:00:00-04:00,61.71,61.4,-0.0,0.31
2025-10-09 20:00:00-04:00,47.08,46.71,-0.0,0.37
2025-10-09 21:00:00-04:00,41.8,41.47,-0.0,0.33
2025-10-09 22:00:00-04:00,39.23,38.88,-0.0,0.35
2025-10-09 23:00:00-04:00,35.22,34.94,-0.0,0.28
2025-10-10 00:00:00-04:00,37.43,37.17,-0.0,0.26
2025-10-10 01:00:00-04:00,34.5,34.26,-0.0,0.24
2025-10-10 02:00:00-04:00,32.8,32.6,-0.0,0.2
2025-10-10 03:00:00-04:00,32.1,31.91,-0.0,0.19
2025-10-10 04:00:00-04:00,32.62,32.42,-0.0,0.2
2025-10-10 05:00:00-04:00,36.97,36.75,-0.0,0.22
2025-10-10 06:00:00-04:00,55.8,55.41,-0.0,0.39
2025-10-10 07:00:00-04:00,69.76,69.34,-0.0,0.42
2025-10-10 08:00:00-04:00,46.18,46.0,-0.0,0.18
2025-10-10 09:00:00-04:00,35.14,34.96,-0.0,0.18
2025-10-10 10:00:00-04:00,30.74,30.62,-0.0,0.12
2025-10-10 11:00:00-04:00,30.83,30.68,-0.0,0.15
2025-10-10 12:00:00-04:00,27.67,27.53,-0.0,0.14
2025-10-10 13:00:00-04:00,25.05,24.92,-0.0,0.13
2025-10-10 14:00:00-04:00,24.76,24.66,-0.0,0.1
2025-10-10 15:00:00-04:00,26.57,26.46,-0.0,0.11
2025-10-10 16:00:00-04:00,32.78,32.65,-0.0,0.13
2025-10-10 17:00:00-04:00,46.83,47.73,-1.19,0.29
2025-10-10 18:00:00-04:00,60.25,58.71,1.19,0.35
2025-10-10 19:00:00-04:00,57.56,57.21,-0.0,0.35
2025-10-10 20:00:00-04:00,45.54,45.31,-0.0,0.23
2025-10-10 21:00:00-04:00,39.66,39.54,-0.0,0.12
2025-10-10 22:00:00-04:00,36.22,36.15,-0.0,0.07
2025-10-10 23:00:00-04:00,33.14,33.11,-0.0,0.03
2025-10-11 00:00:00-04:00,34.48,34.45,-0.0,0.03
2025-10-11 01:00:00-04:00,29.41,29.38,-0.0,0.03
2025-10-11 02:00:00-04:00,28.33,28.3,-0.0,0.03
2025-10-11 03:00:00-04:00,27.28,27.25,-0.0,0.03
2025-10-11 04:00:00-04:00,28.54,28.51,-0.0,0.03
2025-10-11 05:00:00-04:00,30.82,30.76,-0.0,0.06
2025-10-11 06:00:00-04:00,37.82,37.67,-0.0,0.15
2025-10-11 07:00:00-04:00,41.35,41.18,-0.0,0.17
2025-10-11 08:00:00-04:00,37.23,37.04,-0.0,0.19
2025-10-11 09:00:00-04:00,32.33,32.14,-0.0,0.19
2025-10-11 10:00:00-04:00,30.66,30.48,-0.0,0.18
2025-10-11 11:00:00-04:00,32.37,32.14,-0.0,0.23
2025-10-11 12:00:00-04:00,32.5,32.27,-0.0,0.23
2025-10-11 13:00:00-04:00,32.66,32.43,-0.0,0.23
2025-10-11 14:00:00-04:00,33.41,33.21,-0.0,0.2
2025-10-11 15:00:00-04:00,36.85,36.63,-0.0,0.22
2025-10-11 16:00:00-04:00,41.12,41.46,-0.59,0.25
2025-10-11 17:00:00-04:00,50.03,49.09,0.59,0.35
2025-10-11 18:00:00-04:00,59.97,59.5,-0.0,0.47
2025-10-11 19:00:00-04:00,55.38,54.89,-0.0,0.49
2025-10-11 20:00:00-04:00,44.46,44.11,-0.0,0.35
2025-10-11 21:00:00-04:00,38.86,38.63,-0.0,0.23
2025-10-11 22:00:00-04:00,36.77,36.55,-0.0,0.22
2025-10-11 23:00:00-04:00,33.23,33.06,-0.0,0.17
2025-10-12 00:00:00-04:00,37.23,37.12,-0.0,0.11
2025-10-12 01:00:00-04:00,33.53,33.43,-0.0,0.1
2025-10-12 02:00:00-04:00,31.24,31.15,-0.0,0.09
2025-10-12 03:00:00-04:00,30.34,30.22,-0.0,0.12
2025-10-12 04:00:00-04:00,30.79,30.67,-0.0,0.12
2025-10-12 05:00:00-04:00,32.3,32.17,-0.0,0.13
2025-10-12 06:00:00-04:00,36.28,36.1,-0.0,0.18
2025-10-12 07:00:00-04:00,38.41,38.29,-0.0,0.12
2025-10-12 08:00:00-04:00,37.12,37.01,-0.0,0.11
2025-10-12 09:00:00-04:00,37.59,37.48,-0.0,0.11
2025-10-12 10:00:00-04:00,37.85,37.7,-0.0,0.15
2025-10-12 11:00:00-04:00,38.17,38.02,-0.0,0.15
2025-10-12 12:00:00-04:00,37.89,37.81,-0.0,0.08
2025-10-12 13:00:00-04:00,39.05,38.97,-0.0,0.08
2025-10-12 14:00:00-04:00,38.61,38.57,-0.0,0.04
2025-10-12 15:00:00-04:00,39.54,39.5,-0.0,0.04
2025-10-12 16:00:00-04:00,44.35,44.26,-0.0,0.09
2025-10-12 17:00:00-04:00,55.73,55.56,-0.0,0.17
2025-10-12 18:00:00-04:00,64.73,64.54,-0.0,0.19
2025-10-12 19:00:00-04:00,61.84,61.65,-0.0,0.19
2025-10-12 20:00:00-04:00,46.17,46.03,-0.0,0.14
2025-10-12 21:00:00-04:00,41.42,41.34,-0.0,0.08
2025-10-12 22:00:00-04:00,39.15,39.03,-0.0,0.12
2025-10-12 23:00:00-04:00,35.75,35.64,-0.0,0.11
2025-10-13 00:00:00-04:00,34.77,34.67,-0.0,0.1
2025-10-13 01:00:00-04:00,33.26,33.13,-0.0,0.13
2025-10-13 02:00:00-04:00,31.33,31.2,-0.0,0.13
2025-10-13 03:00:00-04:00,30.86,30.77,-0.0,0.09
2025-10-13 04:00:00-04:00,30.97,30.85,-0.0,0.12
2025-10-13 05:00:00-04:00,32.76,32.63,-0.0,0.13
2025-10-13 06:00:00-04:00,40.99,40.83,-0.0,0.16
2025-10-13 07:00:00-04:00,48.01,47.82,-0.0,0.19
2025-10-13 08:00:00-04:00,49.97,49.77,-0.0,0.2
2025-10-13 09:00:00-04:00,47.35,47.11,-0.0,0.24
2025-10-13 10:00:00-04:00,49.0,48.75,-0.0,0.25
2025-10-13 11:00:00-04:00,48.01,47.72,-0.0,0.29
2025-10-13 12:00:00-04:00,46.91,46.68,-0.0,0.23
2025-10-13 13:00:00-04:00,46.89,46.66,-0.0,0.23
2025-10-13 14:00:00-04:00,46.48,46.29,-0.0,0.19
2025-10-13 15:00:00-04:00,47.59,47.35,-0.0,0.24
2025-10-13 16:00:00-04:00,51.67,51.41,-0.0,0.26
2025-10-13 17:00:00-04:00,60.09,59.85,-0.0,0.24
2025-10-13 18:00:00-04:00,66.43,66.23,-0.0,0.2
2025-10-13 19:00:00-04:00,64.83,64.64,-0.0,0.19
2025-10-13 20:00:00-04:00,50.5,50.3,-0.0,0.2
2025-10-13 21:00:00-04:00,43.08,42.95,-0.0,0.13
2025-10-13 22:00:00-04:00,41.35,41.14,-0.0,0.21
2025-10-13 23:00:00-04:00,38.74,38.51,-0.0,0.23
2025-10-14 00:00:00-04:00,37.35,37.13,-0.0,0.22
2025-10-14 01:00:00-04:00,35.4,35.19,-0.0,0.21
2025-10-14 02:00:00-04:00,33.73,33.53,-0.0,0.2
2025-10-14 03:00:00-04:00,33.61,33.41,-0.0,0.2
2025-10-14 04:00:00-04:00,34.03,33.83,-0.0,0.2
2025-10-14 05:00:00-04:00,36.98,36.76,-0.0,0.22
2025-10-14 06:00:00-04:00,48.63,48.75,-0.37,0.25
2025-10-14 07:00:00-04:00,62.55,62.89,-0.59,0.25
2025-10-14 08:00:00-04:00,59.38,60.74,-1.6,0.24
2025-10-14 09:00:00-04:00,50.32,48.89,1.23,0.2
2025-10-14 10:00:00-04:00,47.86,47.92,-0.25,0.19
2025-10-14 11:00:00-04:00,47.41,47.47,-0.25,0.19
2025-10-14 12:00:00-04:00,45.81,45.58,-0.0,0.23
2025-10-14 13:00:00-04:00,45.87,45.69,-0.0,0.18
2025-10-14 14:00:00-04:00,43.9,43.72,-0.0,0.18
2025-10-14 15:00:00-04:00,43.88,43.7,-0.0,0.18
2025-10-14 16:00:00-04:00,49.33,49.18,-0.0,0.15
2025-10-14 17:00:00-04:00,62.55,62.36,-0.0,0.19
2025-10-14 18:00:00-04:00,77.82,77.66,-0.0,0.16
2025-10-14 19:00:00-04:00,71.65,71.51,-0.0,0.14
2025-10-14 20:00:00-04:00,53.14,53.4,-0.37,0.11
2025-10-14 21:00:00-04:00,44.49,44.45,-0.0,0.04
2025-10-14 22:00:00-04:00,39.21,39.09,-0.0,0.12
2025-10-14 23:00:00-04:00,37.44,37.37,-0.0,0.07
2025-10-15 00:00:00-04:00,35.82,35.68,-0.0,0.14
2025-10-15 01:00:00-04:00,33.69,33.56,-0.0,0.13
2025-10-15 02:00:00-04:00,33.34,33.21,-0.0,0.13
2025-10-15 03:00:00-04:00,32.22,32.09,-0.0,0.13
2025-10-15 04:00:00-04:00,33.33,33.23,-0.0,0.1
2025-10-15 05:00:00-04:00,85.0,34.77,50.13,0.1
2025-10-15 06:00:00-04:00,-7.3,43.22,-50.13,-0.39
2025-10-15 07:00:00-04:00,51.49,52.11,-0.0,-0.62
2025-10-15 08:00:00-04:00,47.12,47.6,-0.0,-0.48
2025-10-15 09:00:00-04:00,37.41,37.79,-0.0,-0.38
2025-10-15 10:00:00-04:00,36.38,36.78,-0.0,-0.4
2025-10-15 11:00:00-04:00,35.24,35.63,-0.0,-0.39
2025-10-15 12:00:00-04:00,-14.28,35.17,-49.1,-0.35
2025-10-15 13:00:00-04:00,85.0,35.9,49.1,0.0
2025-10-15 14:00:00-04:00,35.32,35.25,-0.0,0.07
2025-10-15 15:00:00-04:00,36.91,36.8,-0.0,0.11
2025-10-15 16:00:00-04:00,41.48,41.31,-0.0,0.17
2025-10-15 17:00:00-04:00,54.79,54.46,-0.0,0.33
2025-10-15 18:00:00-04:00,70.04,69.62,-0.0,0.42
2025-10-15 19:00:00-04:00,69.85,69.36,-0.0,0.49
2025-10-15 20:00:00-04:00,51.73,51.57,-0.0,0.16
2025-10-15 21:00:00-04:00,42.83,42.66,-0.0,0.17
2025-10-15 22:00:00-04:00,38.5,38.38,-0.0,0.12
2025-10-15 23:00:00-04:00,34.81,34.71,-0.0,0.1
2025-10-16 00:00:00-04:00,35.7,35.56,-0.0,0.14
2025-10-16 01:00:00-04:00,34.96,34.82,-0.0,0.14
2025-10-16 02:00:00-04:00,34.67,34.53,-0.0,0.14
2025-10-16 03:00:00-04:00,34.26,34.12,-0.0,0.14
2025-10-16 04:00:00-04:00,34.12,33.98,-0.0,0.14
2025-10-16 05:00:00-04:00,35.95,35.84,-0.0,0.11
2025-10-16 06:00:00-04:00,50.7,50.55,-0.0,0.15
2025-10-16 07:00:00-04:00,70.29,70.15,-0.0,0.14
2025-10-16 08:00:00-04:00,50.67,50.42,-0.0,0.25
2025-10-16 09:00:00-04:00,40.8,40.64,-0.0,0.16
2025-10-16 10:00:00-04:00,33.9,33.8,-0.0,0.1
2025-10-16 11:00:00-04:00,33.33,33.2,-0.0,0.13
2025-10-16 12:00:00-04:00,31.02,30.99,-0.0,0.03
2025-10-16 13:00:00-04:00,30.06,30.03,-0.0,0.03
2025-10-16 14:00:00-04:00,29.93,29.9,-0.0,0.03
2025-10-16 15:00:00-04:00,31.75,31.72,-0.0,0.03
2025-10-16 16:00:00-04:00,37.32,37.25,-0.0,0.07
2025-10-16 17:00:00-04:00,52.45,52.24,-0.0,0.21
2025-10-16 18:00:00-04:00,67.84,67.5,-0.0,0.34
2025-10-16 19:00:00-04:00,68.73,68.39,-0.0,0.34
2025-10-16 20:00:00-04:00,50.51,50.26,-0.0,0.25
2025-10-16 21:00:00-04:00,43.33,43.16,-0.0,0.17
2025-10-16 22:00:00-04:00,41.01,40.85,-0.0,0.16
2025-10-16 23:00:00-04:00,38.14,37.99,-0.0,0.15
2025-10-17 00:00:00-04:00,38.83,38.67,-0.0,0.16
2025-10-17 01:00:00-04:00,36.4,36.22,-0.0,0.18
2025-10-17 02:00:00-04:00,35.16,34.98,-0.0,0.18
2025-10-17 03:00:00-04:00,34.52,34.35,-0.0,0.17
2025-10-17 04:00:00-04:00,34.99,34.82,-0.0,0.17
2025-10-17 05:00:00-04:00,38.12,38.06,-0.17,0.23
2025-10-17 06:00:00-04:00,52.59,52.05,0.17,0.37
2025-10-17 07:00:00-04:00,68.53,68.19,-0.0,0.34
2025-10-17 08:00:00-04:00,51.01,50.65,-0.0,0.36
2025-10-17 09:00:00-04:00,37.08,36.82,-0.0,0.26
2025-10-17 10:00:00-04:00,33.27,33.14,-0.0,0.13
2025-10-17 11:00:00-04:00,32.22,32.06,-0.0,0.16
2025-10-17 12:00:00-04:00,30.39,30.27,-0.0,0.12
2025-10-17 13:00:00-04:00,30.33,30.24,-0.0,0.09
2025-10-17 14:00:00-04:00,29.92,29.83,-0.0,0.09
2025-10-17 15:00:00-04:00,32.1,32.0,-0.0,0.1
2025-10-17 16:00:00-04:00,38.45,38.3,-0.0,0.15
2025-10-17 17:00:00-04:00,52.28,52.02,-0.0,0.26
2025-10-17 18:00:00-04:00,60.53,60.23,-0.0,0.3
2025-10-17 19:00:00-04:00,59.0,58.65,-0.0,0.35
2025-10-17 20:00:00-04:00,46.96,46.73,-0.0,0.23
2025-10-17 21:00:00-04:00,42.85,42.64,-0.0,0.21
2025-10-17 22:00:00-04:00,39.68,39.52,-0.0,0.16
2025-10-17 23:00:00-04:00,36.43,36.28,-0.0,0.15
2025-10-18 00:00:00-04:00,37.81,37.7,-0.0,0.11
2025-10-18 01:00:00-04:00,36.3,36.19,-0.0,0.11
2025-10-18 02:00:00-04:00,33.4,33.27,-0.0,0.13
2025-10-18 03:00:00-04:00,32.14,32.04,-0.0,0.1
2025-10-18 04:00:00-04:00,33.05,32.95,-0.0,0.1
2025-10-18 05:00:00-04:00,34.97,35.37,-0.51,0.11
2025-10-18 06:00:00-04:00,41.9,41.27,0.51,0.12
2025-10-18 07:00:00-04:00,45.96,45.87,-0.0,0.09
2025-10-18 08:00:00-04:00,43.09,42.96,-0.0,0.13
2025-10-18 09:00:00-04:00,33.83,33.69,-0.0,0.14
2025-10-18 10:00:00-04:00,31.58,31.45,-0.0,0.13
2025-10-18 11:00:00-04:00,28.93,28.81,-0.0,0.12
2025-10-18 12:00:00-04:00,27.75,27.67,-0.0,0.08
2025-10-18 13:00:00-04:00,28.11,28.03,-0.0,0.08
2025-10-18 14:00:00-04:00,27.9,27.84,-0.0,0.06
2025-10-18 15:00:00-04:00,32.66,32.56,-0.0,0.1
2025-10-18 16:00:00-04:00,39.41,39.29,-0.0,0.12
2025-10-18 17:00:00-04:00,53.48,53.32,-0.0,0.16
2025-10-18 18:00:00-04:00,57.43,57.32,-0.0,0.11
2025-10-18 19:00:00-04:00,55.63,55.52,-0.0,0.11
2025-10-18 20:00:00-04:00,42.65,42.61,-0.0,0.04
2025-10-18 21:00:00-04:00,38.66,38.62,-0.0,0.04
2025-10-18 22:00:00-04:00,35.11,35.11,-0.0,0.0
2025-10-18 23:00:00-04:00,32.18,32.21,-0.0,-0.03
2025-10-19 00:00:00-04:00,36.83,36.87,-0.0,-0.04
2025-10-19 01:00:00-04:00,34.35,34.35,-0.0,0.0
2025-10-19 02:00:00-04:00,32.33,32.33,-0.0,0.0
2025-10-19 03:00:00-04:00,30.12,30.12,-0.0,0.0
2025-10-19 04:00:00-04:00,29.53,29.53,-0.0,0.0
2025-10-19 05:00:00-04:00,31.47,31.44,-0.0,0.03
2025-10-19 06:00:00-04:00,32.36,32.33,-0.0,0.03
2025-10-19 07:00:00-04:00,33.67,33.7,-0.0,-0.03
2025-10-19 08:00:00-04:00,30.9,30.9,-0.0,0.0
2025-10-19 09:00:00-04:00,26.58,26.55,-0.0,0.03
2025-10-19 10:00:00-04:00,25.37,25.32,-0.0,0.05
2025-10-19 11:00:00-04:00,24.27,24.59,-0.37,0.05
2025-10-19 12:00:00-04:00,25.14,25.11,-0.0,0.03
2025-10-19 13:00:00-04:00,26.3,26.3,-0.0,0.0
2025-10-19 14:00:00-04:00,28.38,28.41,-0.0,-0.03
2025-10-19 15:00:00-04:00,31.71,31.74,-0.0,-0.03
2025-10-19 16:00:00-04:00,38.7,38.7,-0.0,0.0
2025-10-19 17:00:00-04:00,48.6,48.65,-0.0,-0.05
2025-10-19 18:00:00-04:00,58.8,58.92,-0.0,-0.12
2025-10-19 19:00:00-04:00,55.73,55.84,-0.0,-0.11
2025-10-19 20:00:00-04:00,44.38,44.51,-0.0,-0.13
2025-10-19 21:00:00-04:00,39.81,39.85,-0.0,-0.04
2025-10-19 22:00:00-04:00,35.16,35.2,-0.0,-0.04
2025-10-19 23:00:00-04:00,32.08,32.11,-0.0,-0.03
2025-10-20 00:00:00-04:00,32.67,32.67,-0.0,0.0
2025-10-20 01:00:00-04:00,30.69,30.69,-0.0,0.0
2025-10-20 02:00:00-04:00,29.93,29.93,-0.0,0.0
2025-10-20 03:00:00-04:00,29.75,29.72,-0.0,0.03
2025-10-20 04:00:00-04:00,29.72,29.69,-0.0,0.03
2025-10-20 05:00:00-04:00,34.48,34.48,-0.0,0.0
2025-10-20 06:00:00-04:00,44.08,43.99,-0.0,0.09
2025-10-20 07:00:00-04:00,54.46,54.41,-0.0,0.05
2025-10-20 08:00:00-04:00,55.33,55.16,-0.0,0.17
2025-10-20 09:00:00-04:00,52.47,52.31,-0.0,0.16
2025-10-20 10:00:00-04:00,51.17,51.02,-0.0,0.15
2025-10-20 11:00:00-04:00,47.58,47.39,-0.0,0.19
2025-10-20 12:00:00-04:00,44.51,44.38,-0.0,0.13
2025-10-20 13:00:00-04:00,43.19,43.06,-0.0,0.13
2025-10-20 14:00:00-04:00,42.44,42.36,-0.0,0.08
2025-10-20 15:00:00-04:00,43.41,43.28,-0.0,0.13
2025-10-20 16:00:00-04:00,49.28,49.08,-0.0,0.2
2025-10-20 17:00:00-04:00,59.23,59.05,-0.0,0.18
2025-10-20 18:00:00-04:00,67.86,67.72,-0.0,0.14
2025-10-20 19:00:00-04:00,66.22,66.09,-0.0,0.13
2025-10-20 20:00:00-04:00,51.11,51.06,-0.0,0.05
2025-10-20 21:00:00-04:00,43.34,43.34,-0.0,0.0
2025-10-20 22:00:00-04:00,37.49,37.49,-0.0,0.0
2025-10-20 23:00:00-04:00,34.65,34.62,-0.0,0.03
2025-10-21 00:00:00-04:00,32.72,32.88,-0.0,-0.16
2025-10-21 01:00:00-04:00,30.1,30.25,-0.0,-0.15
2025-10-21 02:00:00-04:00,30.18,30.3,-0.0,-0.12
2025-10-21 03:00:00-04:00,29.04,29.16,-0.0,-0.12
2025-10-21 04:00:00-04:00,30.21,30.33,-0.0,-0.12
2025-10-21 05:00:00-04:00,35.34,35.48,-0.0,-0.14
2025-10-21 06:00:00-04:00,51.83,52.04,-0.0,-0.21
2025-10-21 07:00:00-04:00,72.88,73.17,-0.0,-0.29
2025-10-21 08:00:00-04:00,51.96,52.32,-0.0,-0.36
2025-10-21 09:00:00-04:00,38.63,38.9,-0.0,-0.27
2025-10-21 10:00:00-04:00,34.83,35.04,-0.0,-0.21
2025-10-21 11:00:00-04:00,32.07,32.26,-0.0,-0.19
2025-10-21 12:00:00-04:00,34.03,34.17,-0.0,-0.14
2025-10-21 13:00:00-04:00,29.45,29.69,-0.0,-0.24
2025-10-21 14:00:00-04:00,34.91,34.98,-0.0,-0.07
2025-10-21 15:00:00-04:00,38.02,38.1,-0.0,-0.08
2025-10-21 16:00:00-04:00,47.44,47.3,-0.0,0.14
2025-10-21 17:00:00-04:00,65.62,65.49,-0.0,0.13
2025-10-21 18:00:00-04:00,76.3,76.38,-0.0,-0.08
2025-10-21 19:00:00-04:00,71.17,71.17,-0.0,0.0
2025-10-21 20:00:00-04:00,54.94,54.94,-0.0,0.0
2025-10-21 21:00:00-04:00,45.82,45.82,-0.0,0.0
2025-10-21 22:00:00-04:00,39.01,38.89,-0.0,0.12
2025-10-21 23:00:00-04:00,36.09,35.98,-0.0,0.11
2025-10-22 00:00:00-04:00,38.12,38.01,-0.0,0.11
2025-10-22 01:00:00-04:00,35.73,35.62,-0.0,0.11
2025-10-22 02:00:00-04:00,34.85,34.75,-0.0,0.1
2025-10-22 03:00:00-04:00,34.22,34.12,-0.0,0.1
2025-10-22 04:00:00-04:00,34.34,34.24,-0.0,0.1
2025-10-22 05:00:00-04:00,37.32,37.21,-0.0,0.11
2025-10-22 06:00:00-04:00,54.08,53.86,-0.0,0.22
2025-10-22 07:00:00-04:00,67.84,67.57,-0.0,0.27
2025-10-22 08:00:00-04:00,66.73,66.46,-0.0,0.27
2025-10-22 09:00:00-04:00,47.75,47.56,-0.0,0.19
2025-10-22 10:00:00-04:00,44.57,44.35,-0.0,0.22
2025-10-22 11:00:00-04:00,40.34,40.42,-0.0,-0.08
2025-10-22 12:00:00-04:00,40.5,40.34,-0.0,0.16
2025-10-22 13:00:00-04:00,39.74,39.58,-0.0,0.16
2025-10-22 14:00:00-04:00,39.56,39.48,-0.0,0.08
2025-10-22 15:00:00-04:00,41.6,41.52,-0.0,0.08
2025-10-22 16:00:00-04:00,46.54,46.45,-0.0,0.09
2025-10-22 17:00:00-04:00,62.93,62.8,-0.0,0.13
2025-10-22 18:00:00-04:00,66.65,68.07,-1.49,0.07
2025-10-22 19:00:00-04:00,67.56,65.94,1.49,0.13
2025-10-22 20:00:00-04:00,53.41,53.36,-0.0,0.05
2025-10-22 21:00:00-04:00,46.98,47.07,-0.0,-0.09
2025-10-22 22:00:00-04:00,40.28,40.32,-0.0,-0.04
2025-10-22 23:00:00-04:00,38.13,38.17,-0.0,-0.04
2025-10-23 00:00:00-04:00,33.79,33.76,-0.0,0.03
2025-10-23 01:00:00-04:00,32.86,32.79,-0.0,0.07
2025-10-23 02:00:00-04:00,33.3,33.27,-0.0,0.03
2025-10-23 03:00:00-04:00,32.7,32.67,-0.0,0.03
2025-10-23 04:00:00-04:00,32.75,32.72,-0.0,0.03
2025-10-23 05:00:00-04:00,35.95,36.1,-0.15,0.0
2025-10-23 06:00:00-04:00,50.13,49.98,0.15,0.0
2025-10-23 07:00:00-04:00,64.16,64.16,-0.0,0.0
2025-10-23 08:00:00-04:00,53.52,53.52,-0.0,0.0
2025-10-23 09:00:00-04:00,44.21,44.17,-0.0,0.04
2025-10-23 10:00:00-04:00,41.39,41.39,-0.0,0.0
2025-10-23 11:00:00-04:00,39.15,39.07,-0.0,0.08
2025-10-23 12:00:00-04:00,39.6,39.52,-0.0,0.08
2025-10-23 13:00:00-04:00,38.23,38.15,-0.0,0.08
2025-10-23 14:00:00-04:00,38.15,38.07,-0.0,0.08
2025-10-23 15:00:00-04:00,40.2,40.08,-0.0,0.12
2025-10-23 16:00:00-04:00,47.93,47.83,-0.0,0.1
2025-10-23 17:00:00-04:00,62.86,62.61,-0.0,0.25
2025-10-23 18:00:00-04:00,74.04,73.82,-0.0,0.22
2025-10-23 19:00:00-04:00,74.43,74.21,-0.0,0.22
2025-10-23 20:00:00-04:00,58.51,58.28,-0.0,0.23
2025-10-23 21:00:00-04:00,50.5,49.78,0.52,0.2
2025-10-23 22:00:00-04:00,43.96,44.21,-0.52,0.27
2025-10-23 23:00:00-04:00,40.61,40.45,-0.0,0.16
2025-10-24 00:00:00-04:00,38.81,38.58,-0.0,0.23
2025-10-24 01:00:00-04:00,36.89,36.67,-0.0,0.22
2025-10-24 02:00:00-04:00,36.74,36.56,-0.0,0.18
2025-10-24 03:00:00-04:00,36.25,36.03,-0.0,0.22
2025-10-24 04:00:00-04:00,36.47,36.25,-0.0,0.22
2025-10-24 05:00:00-04:00,41.89,41.64,-0.0,0.25
2025-10-24 06:00:00-04:00,62.61,62.36,-0.0,0.25
2025-10-24 07:00:00-04:00,82.41,82.08,-0.0,0.33
2025-10-24 08:00:00-04:00,71.19,70.91,-0.0,0.28
2025-10-24 09:00:00-04:00,51.02,50.71,-0.0,0.31
2025-10-24 10:00:00-04:00,44.88,44.57,-0.0,0.31
2025-10-24 11:00:00-04:00,41.96,41.67,-0.0,0.29
2025-10-24 12:00:00-04:00,40.92,40.67,-0.0,0.25
2025-10-24 13:00:00-04:00,41.87,41.62,-0.0,0.25
2025-10-24 14:00:00-04:00,41.23,41.02,-0.0,0.21
2025-10-24 15:00:00-04:00,42.92,42.71,-0.0,0.21
2025-10-24 16:00:00-04:00,51.28,51.1,-0.03,0.21
2025-10-24 17:00:00-04:00,64.13,63.91,0.03,0.19
2025-10-24 18:00:00-04:00,81.28,81.12,-0.0,0.16
2025-10-24 19:00:00-04:00,71.57,71.36,-0.0,0.21
2025-10-24 20:00:00-04:00,61.27,60.9,-0.0,0.37
2025-10-24 21:00:00-04:00,51.0,50.44,0.26,0.3
2025-10-24 22:00:00-04:00,46.79,46.72,-0.26,0.33
2025-10-24 23:00:00-04:00,44.24,43.97,-0.0,0.27
2025-10-25 00:00:00-04:00,45.95,45.77,-0.0,0.18
2025-10-25 01:00:00-04:00,44.83,44.65,-0.0,0.18
2025-10-25 02:00:00-04:00,41.59,41.42,-0.0,0.17
2025-10-25 03:00:00-04:00,39.71,39.55,-0.0,0.16
2025-10-25 04:00:00-04:00,40.42,40.26,-0.0,0.16
2025-10-25 05:00:00-04:00,42.07,41.94,-0.0,0.13
2025-10-25 06:00:00-04:00,56.43,56.09,-0.0,0.34
2025-10-25 07:00:00-04:00,70.99,70.64,-0.0,0.35
2025-10-25 08:00:00-04:00,62.58,62.27,-0.0,0.31
2025-10-25 09:00:00-04:00,44.82,44.55,-0.0,0.27
2025-10-25 10:00:00-04:00,40.38,40.14,-0.0,0.24
2025-10-25 11:00:00-04:00,39.2,38.93,-0.0,0.27
2025-10-25 12:00:00-04:00,38.32,38.09,-0.0,0.23
2025-10-25 13:00:00-04:00,38.91,38.72,-0.0,0.19
2025-10-25 14:00:00-04:00,39.44,39.2,-0.0,0.24
2025-10-25 15:00:00-04:00,42.47,42.22,-0.0,0.25
2025-10-25 16:00:00-04:00,48.93,48.69,-0.0,0.24
2025-10-25 17:00:00-04:00,63.61,63.16,-0.0,0.45
2025-10-25 18:00:00-04:00,74.49,74.04,-0.0,0.45
2025-10-25 19:00:00-04:00,70.57,70.08,-0.0,0.49
2025-10-25 20:00:00-04:00,59.01,58.6,-0.0,0.41
2025-10-25 21:00:00-04:00,51.99,51.63,-0.0,0.36
2025-10-25 22:00:00-04:00,47.41,47.04,-0.0,0.37
2025-10-25 23:00:00-04:00,44.52,44.21,-0.0,0.31
2025-10-26 00:00:00-04:00,47.84,47.55,-0.0,0.29
2025-10-26 01:00:00-04:00,46.21,45.93,-0.0,0.28
2025-10-26 02:00:00-04:00,44.11,43.89,-0.0,0.22
2025-10-26 03:00:00-04:00,41.84,41.59,-0.0,0.25
2025-10-26 04:00:00-04:00,41.59,41.34,-0.0,0.25
2025-10-26 05:00:00-04:00,43.13,42.87,-0.0,0.26
2025-10-26 06:00:00-04:00,49.1,48.96,-0.25,0.39
2025-10-26 07:00:00-04:00,59.15,58.43,0.25,0.47
2025-10-26 08:00:00-04:00,56.85,56.4,-0.0,0.45
2025-10-26 09:00:00-04:00,47.49,47.16,-0.0,0.33
2025-10-26 10:00:00-04:00,45.1,44.78,-0.0,0.32
2025-10-26 11:00:00-04:00,42.13,41.76,-0.0,0.37
2025-10-26 12:00:00-04:00,40.82,40.53,-0.0,0.29
2025-10-26 13:00:00-04:00,40.66,40.38,-0.0,0.28
2025-10-26 14:00:00-04:00,42.37,42.07,-0.0,0.3
2025-10-26 15:00:00-04:00,44.03,43.72,-0.0,0.31
2025-10-26 16:00:00-04:00,52.86,52.54,-0.0,0.32
2025-10-26 17:00:00-04:00,65.5,65.04,-0.0,0.46
2025-10-26 18:00:00-04:00,81.45,80.81,-0.0,0.64
2025-10-26 19:00:00-04:00,78.88,78.26,-0.0,0.62
2025-10-26 20:00:00-04:00,63.64,63.07,-0.0,0.57
2025-10-26 21:00:00-04:00,57.2,56.8,-0.0,0.4
2025-10-26 22:00:00-04:00,52.57,52.15,-0.0,0.42
2025-10-26 23:00:00-04:00,47.85,47.47,-0.0,0.38
2025-10-27 00:00:00-04:00,45.15,44.88,-0.0,0.27
2025-10-27 01:00:00-04:00,44.22,43.95,-0.0,0.27
2025-10-27 02:00:00-04:00,42.27,42.02,-0.0,0.25
2025-10-27 03:00:00-04:00,41.53,41.24,-0.0,0.29
2025-10-27 04:00:00-04:00,43.3,43.04,-0.0,0.26
2025-10-27 05:00:00-04:00,46.84,46.51,-0.0,0.33
2025-10-27 06:00:00-04:00,73.94,72.59,0.91,0.44
2025-10-27 07:00:00-04:00,95.0,96.2,-0.91,-0.29
2025-10-27 08:00:00-04:00,80.52,80.04,-0.0,0.48
2025-10-27 09:00:00-04:00,53.41,53.04,-0.0,0.37
2025-10-27 10:00:00-04:00,46.62,46.29,-0.0,0.33
2025-10-27 11:00:00-04:00,44.91,44.6,-0.0,0.31
2025-10-27 12:00:00-04:00,44.17,43.9,-0.0,0.27
2025-10-27 13:00:00-04:00,44.75,44.48,-0.0,0.27
2025-10-27 14:00:00-04:00,44.89,44.62,-0.0,0.27
2025-10-27 15:00:00-04:00,49.29,49.04,-0.0,0.25
2025-10-27 16:00:00-04:00,57.02,56.79,-0.0,0.23
2025-10-27 17:00:00-04:00,78.82,78.5,-0.0,0.32
2025-10-27 18:00:00-04:00,95.0,94.9,-0.0,0.1
2025-10-27 19:00:00-04:00,90.59,90.23,-0.0,0.36
2025-10-27 20:00:00-04:00,71.5,71.21,-0.0,0.29
2025-10-27 21:00:00-04:00,57.0,56.72,-0.0,0.28
2025-10-27 22:00:00-04:00,52.73,52.41,-0.0,0.32
2025-10-27 23:00:00-04:00,49.13,48.84,-0.0,0.29
2025-10-28 00:00:00-04:00,46.7,46.47,-0.0,0.23
2025-10-28 01:00:00-04:00,43.59,43.33,-0.0,0.26
2025-10-28 02:00:00-04:00,40.55,40.35,-0.0,0.2
2025-10-28 03:00:00-04:00,40.39,40.15,-0.0,0.24
2025-10-28 04:00:00-04:00,41.54,41.29,-0.0,0.25
2025-10-28 05:00:00-04:00,48.77,48.43,-0.0,0.34
2025-10-28 06:00:00-04:00,72.15,71.64,-0.0,0.51
2025-10-28 07:00:00-04:00,95.0,95.19,-0.0,-0.19
2025-10-28 08:00:00-04:00,75.93,78.95,-3.58,0.56
2025-10-28 09:00:00-04:00,52.6,48.68,3.58,0.34
2025-10-28 10:00:00-04:00,42.22,42.05,-0.0,0.17
2025-10-28 11:00:00-04:00,39.64,39.44,-0.0,0.2
2025-10-28 12:00:00-04:00,37.82,37.63,-0.0,0.19
2025-10-28 13:00:00-04:00,38.24,38.09,-0.0,0.15
2025-10-28 14:00:00-04:00,38.72,38.53,-0.0,0.19
2025-10-28 15:00:00-04:00,42.23,42.02,-0.0,0.21
2025-10-28 16:00:00-04:00,51.5,51.35,-0.0,0.15
2025-10-28 17:00:00-04:00,70.88,70.6,-0.0,0.28
2025-10-28 18:00:00-04:00,87.94,87.68,-0.0,0.26
2025-10-28 19:00:00-04:00,81.89,81.56,-0.0,0.33
2025-10-28 20:00:00-04:00,63.58,63.39,-0.0,0.19
2025-10-28 21:00:00-04:00,53.37,53.16,-0.0,0.21
2025-10-28 22:00:00-04:00,47.57,47.28,-0.0,0.29
2025-10-28 23:00:00-04:00,44.49,44.22,-0.0,0.27
2025-10-29 00:00:00-04:00,42.8,42.63,-0.0,0.17
2025-10-29 01:00:00-04:00,41.64,41.43,-0.0,0.21
2025-10-29 02:00:00-04:00,40.32,40.12,-0.0,0.2
2025-10-29 03:00:00-04:00,39.82,39.62,-0.0,0.2
2025-10-29 04:00:00-04:00,40.42,40.22,-0.0,0.2
2025-10-29 05:00:00-04:00,43.94,43.63,-0.0,0.31
2025-10-29 06:00:00-04:00,62.93,62.43,-0.0,0.5
2025-10-29 07:00:00-04:00,89.72,89.01,-0.0,0.71
2025-10-29 08:00:00-04:00,77.63,77.09,-0.0,0.54
2025-10-29 09:00:00-04:00,52.17,51.76,-0.0,0.41
2025-10-29 10:00:00-04:00,45.74,45.47,-0.0,0.27
2025-10-29 11:00:00-04:00,44.53,44.26,-0.0,0.27
2025-10-29 12:00:00-04:00,43.27,43.05,-0.0,0.22
2025-10-29 13:00:00-04:00,42.61,42.4,-0.0,0.21
2025-10-29 14:00:00-04:00,42.93,42.76,-0.0,0.17
2025-10-29 15:00:00-04:00,45.17,44.94,-0.0,0.23
2025-10-29 16:00:00-04:00,53.71,53.39,-0.0,0.32
2025-10-29 17:00:00-04:00,67.51,67.17,-0.0,0.34
2025-10-29 18:00:00-04:00,85.59,85.33,-0.0,0.26
2025-10-29 19:00:00-04:00,75.73,75.43,-0.0,0.3
2025-10-29 20:00:00-04:00,59.5,59.26,-0.0,0.24
2025-10-29 21:00:00-04:00,51.46,51.15,-0.0,0.31
2025-10-29 22:00:00-04:00,45.64,45.28,-0.0,0.36
2025-10-29 23:00:00-04:00,43.62,43.28,-0.0,0.34
2025-10-30 00:00:00-04:00,40.3,40.1,-0.0,0.2
2025-10-30 01:00:00-04:00,38.46,38.27,-0.0,0.19
2025-10-30 02:00:00-04:00,37.65,37.46,-0.0,0.19
2025-10-30 03:00:00-04:00,37.26,37.07,-0.0,0.19
2025-10-30 04:00:00-04:00,38.11,37.92,-0.0,0.19
2025-10-30 05:00:00-04:00,40.99,40.74,-0.0,0.25
2025-10-30 06:00:00-04:00,54.29,53.91,-0.0,0.38
2025-10-30 07:00:00-04:00,65.01,64.09,0.53,0.39
2025-10-30 08:00:00-04:00,71.53,71.63,-0.53,0.43
2025-10-30 09:00:00-04:00,63.08,61.14,1.57,0.37
2025-10-30 10:00:00-04:00,61.12,62.32,-1.58,0.38
2025-10-30 11:00:00-04:00,59.5,59.94,-0.8,0.36
2025-10-30 12:00:00-04:00,57.02,57.56,-0.89,0.35
2025-10-30 13:00:00-04:00,57.61,57.39,-0.01,0.23
2025-10-30 14:00:00-04:00,54.29,54.13,-0.0,0.16
2025-10-30 15:00:00-04:00,55.39,57.54,-2.27,0.12
2025-10-30 16:00:00-04:00,61.94,59.55,2.27,0.12
2025-10-30 17:00:00-04:00,67.34,67.27,-0.0,0.07
2025-10-30 18:00:00-04:00,73.88,73.88,-0.0,0.0
2025-10-30 19:00:00-04:00,67.38,67.31,-0.0,0.07
2025-10-30 20:00:00-04:00,59.13,59.07,-0.0,0.06
2025-10-30 21:00:00-04:00,50.44,50.34,-0.0,0.1
2025-10-30 22:00:00-04:00,44.78,44.6,-0.0,0.18
2025-10-30 23:00:00-04:00,41.46,41.34,-0.0,0.12
2025-10-31 00:00:00-04:00,40.47,40.31,-0.0,0.16
2025-10-31 01:00:00-04:00,37.28,37.09,-0.0,0.19
2025-10-31 02:00:00-04:00,36.85,36.67,-0.0,0.18
2025-10-31 03:00:00-04:00,35.67,35.53,-0.0,0.14
2025-10-31 04:00:00-04:00,36.17,35.99,-0.0,0.18
2025-10-31 05:00:00-04:00,38.32,38.13,-0.0,0.19
2025-10-31 06:00:00-04:00,49.01,48.76,-0.0,0.25
2025-10-31 07:00:00-04:00,59.36,59.06,-0.0,0.3
2025-10-31 08:00:00-04:00,63.41,63.03,-0.0,0.38
2025-10-31 09:00:00-04:00,51.81,51.6,-0.0,0.21
2025-10-31 10:00:00-04:00,49.33,49.13,-0.0,0.2
2025-10-31 11:00:00-04:00,48.39,48.2,-0.0,0.19
2025-10-31 12:00:00-04:00,46.33,46.24,-0.0,0.09
2025-10-31 13:00:00-04:00,47.01,47.01,-0.0,0.0
2025-10-31 14:00:00-04:00,45.54,45.59,-0.0,-0.05
2025-10-31 15:00:00-04:00,48.03,48.08,-0.0,-0.05
2025-10-31 16:00:00-04:00,52.59,52.7,-0.0,-0.11
2025-10-31 17:00:00-04:00,54.5,54.66,-0.0,-0.16
2025-10-31 18:00:00-04:00,60.37,60.55,-0.0,-0.18
2025-10-31 19:00:00-04:00,54.97,55.24,-0.0,-0.27
2025-10-31 20:00:00-04:00,48.46,48.65,-0.0,-0.19
2025-10-31 21:00:00-04:00,43.21,42.69,0.65,-0.13
2025-10-31 22:00:00-04:00,40.43,41.2,-0.65,-0.12
2025-10-31 23:00:00-04:00,38.63,38.75,-0.0,-0.12
2025-11-01 00:00:00-04:00,40.19,40.27,-0.0,-0.08
2025-11-01 01:00:00-04:00,38.21,38.29,-0.0,-0.08
2025-11-01 02:00:00-04:00,36.36,36.47,-0.0,-0.11
2025-11-01 03:00:00-04:00,36.3,36.41,-0.0,-0.11
2025-11-01 04:00:00-04:00,36.78,36.85,-0.0,-0.07
2025-11-01 05:00:00-04:00,37.66,37.74,-0.0,-0.08
2025-11-01 06:00:00-04:00,44.91,44.95,-0.0,-0.04
2025-11-01 07:00:00-04:00,51.93,51.93,-0.0,0.0
2025-11-01 08:00:00-04:00,53.0,52.95,-0.0,0.05
2025-11-01 09:00:00-04:00,42.16,42.16,-0.0,0.0
2025-11-01 10:00:00-04:00,38.18,38.18,-0.0,0.0
2025-11-01 11:00:00-04:00,37.16,37.09,-0.0,0.07
2025-11-01 12:00:00-04:00,35.32,35.25,-0.0,0.07
2025-11-01 13:00:00-04:00,35.08,35.08,-0.0,0.0
2025-11-01 14:00:00-04:00,35.07,35.03,-0.0,0.04
2025-11-01 15:00:00-04:00,36.2,36.16,-0.0,0.04
2025-11-01 16:00:00-04:00,43.89,43.76,-0.0,0.13
2025-11-01 17:00:00-04:00,59.89,59.65,-0.0,0.24
2025-11-01 18:00:00-04:00,70.47,70.12,-0.0,0.35
2025-11-01 19:00:00-04:00,65.06,64.6,-0.0,0.46
2025-11-01 20:00:00-04:00,57.95,57.49,-0.0,0.46
2025-11-01 21:00:00-04:00,51.53,51.17,-0.0,0.36
2025-11-01 22:00:00-04:00,49.31,48.92,-0.0,0.39
2025-11-01 23:00:00-04:00,44.69,44.34,-0.0,0.35
2025-11-02 00:00:00-04:00,48.99,48.6,-0.0,0.39
2025-11-02 01:00:00-04:00,51.9,51.44,-0.0,0.46
2025-11-02 01:00:00-05:00,50.54,50.09,-0.0,0.45
2025-11-02 02:00:00-05:00,42.0,41.63,-0.0,0.37
2025-11-02 03:00:00-05:00,39.9,39.54,-0.0,0.36
2025-11-02 04:00:00-05:00,38.51,38.17,-0.0,0.34
2025-11-02 05:00:00-05:00,41.51,41.14,-0.0,0.37
2025-11-02 06:00:00-05:00,46.41,48.16,-2.23,0.48
2025-11-02 07:00:00-05:00,52.67,49.99,2.23,0.45
2025-11-02 08:00:00-05:00,45.23,44.87,-0.0,0.36
2025-11-02 09:00:00-05:00,37.38,37.12,-0.0,0.26
2025-11-02 10:00:00-05:00,32.81,32.58,-0.0,0.23
2025-11-02 11:00:00-05:00,32.92,32.66,-0.0,0.26
2025-11-02 12:00:00-05:00,33.98,33.71,-0.0,0.27
2025-11-02 13:00:00-05:00,34.49,34.25,-0.0,0.24
2025-11-02 14:00:00-05:00,36.0,35.75,-0.0,0.25
2025-11-02 15:00:00-05:00,42.13,41.84,-0.0,0.29
2025-11-02 16:00:00-05:00,56.08,55.74,-0.0,0.34
2025-11-02 17:00:00-05:00,71.87,71.44,-0.0,0.43
2025-11-02 18:00:00-05:00,73.21,72.77,-0.0,0.44
2025-11-02 19:00:00-05:00,65.86,65.46,-0.0,0.4
2025-11-02 20:00:00-05:00,58.17,57.76,-0.0,0.41
2025-11-02 21:00:00-05:00,52.86,52.49,-0.0,0.37
2025-11-02 22:00:00-05:00,47.42,47.05,-0.0,0.37
2025-11-02 23:00:00-05:00,43.65,43.39,-0.0,0.26
2025-11-03 00:00:00-05:00,43.83,43.61,-0.0,0.22
2025-11-03 01:00:00-05:00,38.26,38.07,-0.0,0.19
2025-11-03 02:00:00-05:00,36.75,36.64,-0.0,0.11
2025-11-03 03:00:00-05:00,36.19,36.08,-0.0,0.11
2025-11-03 04:00:00-05:00,36.18,36.07,-0.0,0.11
2025-11-03 05:00:00-05:00,42.96,42.75,-0.0,0.21
2025-11-03 06:00:00-05:00,60.18,60.06,-0.0,0.12
2025-11-03 07:00:00-05:00,64.52,64.39,-0.0,0.13
2025-11-03 08:00:00-05:00,56.97,56.91,-0.0,0.06
2025-11-03 09:00:00-05:00,47.13,47.13,-0.0,0.0
2025-11-03 10:00:00-05:00,44.73,44.69,-0.0,0.04
2025-11-03 11:00:00-05:00,44.67,44.67,-0.0,0.0
2025-11-03 12:00:00-05:00,45.29,45.29,-0.0,0.0
2025-11-03 13:00:00-05:00,48.3,48.35,-0.0,-0.05
2025-11-03 14:00:00-05:00,51.32,51.37,-0.0,-0.05
2025-11-03 15:00:00-05:00,54.8,54.85,-0.0,-0.05
2025-11-03 16:00:00-05:00,67.92,68.91,-0.85,-0.14
2025-11-03 17:00:00-05:00,81.46,80.85,0.85,-0.24
2025-11-03 18:00:00-05:00,76.76,77.07,-0.0,-0.31
2025-11-03 19:00:00-05:00,67.67,67.94,-0.0,-0.27
2025-11-03 20:00:00-05:00,58.18,58.3,-0.0,-0.12
2025-11-03 21:00:00-05:00,50.41,50.41,-0.0,0.0
2025-11-03 22:00:00-05:00,44.03,43.99,-0.0,0.04
2025-11-03 23:00:00-05:00,41.16,41.16,-0.0,0.0
2025-11-04 00:00:00-05:00,38.17,38.21,-0.0,-0.04
2025-11-04 01:00:00-05:00,35.39,35.43,-0.0,-0.04
2025-11-04 02:00:00-05:00,34.63,34.7,-0.0,-0.07
2025-11-04 03:00:00-05:00,34.14,34.17,-0.0,-0.03
2025-11-04 04:00:00-05:00,35.6,35.67,-0.0,-0.07
2025-11-04 05:00:00-05:00,39.3,39.42,-0.0,-0.12
2025-11-04 06:00:00-05:00,56.86,56.8,-0.0,0.06
2025-11-04 07:00:00-05:00,65.75,65.75,-0.0,0.0
2025-11-04 08:00:00-05:00,45.52,45.52,-0.0,0.0
2025-11-04 09:00:00-05:00,38.35,38.39,-0.0,-0.04
2025-11-04 10:00:00-05:00,34.45,34.52,-0.0,-0.07
2025-11-04 11:00:00-05:00,33.93,34.0,-0.0,-0.07
2025-11-04 12:00:00-05:00,33.74,33.84,-0.0,-0.1
2025-11-04 13:00:00-05:00,35.25,35.36,-0.0,-0.11
2025-11-04 14:00:00-05:00,38.56,38.64,-0.0,-0.08
2025-11-04 15:00:00-05:00,45.47,45.61,-0.0,-0.14
2025-11-04 16:00:00-05:00,64.21,64.21,-0.0,0.0
2025-11-04 17:00:00-05:00,87.23,87.32,-0.0,-0.09
2025-11-04 18:00:00-05:00,81.4,81.24,-0.0,0.16
2025-11-04 19:00:00-05:00,67.88,67.74,-0.0,0.14
2025-11-04 20:00:00-05:00,59.46,59.28,-0.0,0.18
2025-11-04 21:00:00-05:00,51.89,51.68,-0.0,0.21
2025-11-04 22:00:00-05:00,47.29,47.05,-0.0,0.24
2025-11-04 23:00:00-05:00,43.85,43.59,-0.0,0.26
2025-11-05 00:00:00-05:00,41.84,41.71,-0.0,0.13
2025-11-05 01:00:00-05:00,38.32,38.17,-0.0,0.15
2025-11-05 02:00:00-05:00,38.3,38.15,-0.0,0.15
2025-11-05 03:00:00-05:00,37.18,36.99,-0.0,0.19
2025-11-05 04:00:00-05:00,38.89,38.94,-0.21,0.16
2025-11-05 05:00:00-05:00,44.57,45.74,-1.4,0.23
2025-11-05 06:00:00-05:00,60.42,58.35,1.61,0.46
2025-11-05 07:00:00-05:00,73.48,66.88,6.07,0.53
2025-11-05 08:00:00-05:00,51.38,57.0,-6.07,0.45
2025-11-05 09:00:00-05:00,48.76,48.42,-0.0,0.34
2025-11-05 10:00:00-05:00,44.2,43.89,-0.0,0.31
2025-11-05 11:00:00-05:00,44.57,44.26,-0.0,0.31
2025-11-05 12:00:00-05:00,43.13,42.83,-0.0,0.3
2025-11-05 13:00:00-05:00,44.43,44.16,-0.0,0.27
2025-11-05 14:00:00-05:00,47.96,47.62,-0.0,0.34
2025-11-05 15:00:00-05:00,54.32,53.89,-0.0,0.43
2025-11-05 16:00:00-05:00,62.87,67.64,-5.18,0.41
2025-11-05 17:00:00-05:00,83.03,77.46,5.18,0.39
2025-11-05 18:00:00-05:00,67.74,67.4,-0.0,0.34
2025-11-05 19:00:00-05:00,57.21,56.92,-0.0,0.29
2025-11-05 20:00:00-05:00,52.4,52.09,-0.0,0.31
2025-11-05 21:00:00-05:00,47.11,46.87,-0.0,0.24
2025-11-05 22:00:00-05:00,42.96,42.79,-0.0,0.17
2025-11-05 23:00:00-05:00,37.97,37.86,-0.0,0.11
2025-11-06 00:00:00-05:00,36.75,36.86,-0.0,-0.11
2025-11-06 01:00:00-05:00,33.9,34.04,-0.0,-0.14
2025-11-06 02:00:00-05:00,33.74,33.84,-0.0,-0.1
2025-11-06 03:00:00-05:00,33.59,33.69,-0.0,-0.1
2025-11-06 04:00:00-05:00,34.88,34.98,-0.0,-0.1
2025-11-06 05:00:00-05:00,39.84,39.88,-0.0,-0.04
2025-11-06 06:00:00-05:00,56.99,56.88,-0.0,0.11
2025-11-06 07:00:00-05:00,65.06,64.99,-0.0,0.07
2025-11-06 08:00:00-05:00,51.57,51.47,-0.0,0.1
2025-11-06 09:00:00-05:00,41.49,41.41,-0.0,0.08
2025-11-06 10:00:00-05:00,39.21,39.09,-0.0,0.12
2025-11-06 11:00:00-05:00,36.54,36.65,-0.0,-0.11
2025-11-06 12:00:00-05:00,38.96,38.84,-0.0,0.12
2025-11-06 13:00:00-05:00,38.99,38.87,-0.0,0.12
2025-11-06 14:00:00-05:00,41.55,41.43,-0.0,0.12
2025-11-06 15:00:00-05:00,49.98,49.78,-0.0,0.2
2025-11-06 16:00:00-05:00,70.6,70.46,-0.0,0.14
2025-11-06 17:00:00-05:00,85.57,85.14,-0.0,0.43
2025-11-06 18:00:00-05:00,82.39,81.98,-0.0,0.41
2025-11-06 19:00:00-05:00,70.17,69.82,-0.0,0.35
2025-11-06 20:00:00-05:00,59.8,59.22,0.22,0.36
2025-11-06 21:00:00-05:00,51.58,51.49,-0.22,0.31
2025-11-06 22:00:00-05:00,45.98,45.62,-0.0,0.36
2025-11-06 23:00:00-05:00,44.26,43.91,-0.0,0.35
2025-11-07 00:00:00-05:00,43.48,43.18,-0.0,0.3
2025-11-07 01:00:00-05:00,40.13,39.85,-0.0,0.28
2025-11-07 02:00:00-05:00,40.07,39.79,-0.0,0.28
2025-11-07 03:00:00-05:00,38.98,38.71,-0.0,0.27
2025-11-07 04:00:00-05:00,38.65,38.38,-0.0,0.27
2025-11-07 05:00:00-05:00,44.53,44.18,-0.0,0.35
2025-11-07 06:00:00-05:00,60.31,59.83,-0.0,0.48
2025-11-07 07:00:00-05:00,69.11,68.56,-0.0,0.55
2025-11-07 08:00:00-05:00,55.75,55.36,-0.0,0.39
2025-11-07 09:00:00-05:00,49.06,48.77,-0.0,0.29
2025-11-07 10:00:00-05:00,44.7,44.43,-0.0,0.27
2025-11-07 11:00:00-05:00,43.56,43.39,-0.0,0.17
2025-11-07 12:00:00-05:00,42.64,42.51,-0.0,0.13
2025-11-07 13:00:00-05:00,44.62,44.53,-0.0,0.09
2025-11-07 14:00:00-05:00,48.55,48.45,-0.0,0.1
2025-11-07 15:00:00-05:00,51.34,53.04,-1.75,0.05
2025-11-07 16:00:00-05:00,57.5,55.69,1.75,0.06
2025-11-07 17:00:00-05:00,71.87,71.94,-0.0,-0.07
2025-11-07 18:00:00-05:00,62.97,63.03,-0.0,-0.06
2025-11-07 19:00:00-05:00,55.82,55.93,-0.0,-0.11
2025-11-07 20:00:00-05:00,51.64,51.74,-0.0,-0.1
2025-11-07 21:00:00-05:00,45.06,45.11,-0.0,-0.05
2025-11-07 22:00:00-05:00,41.29,41.33,-0.0,-0.04
2025-11-07 23:00:00-05:00,40.18,40.18,-0.0,0.0
2025-11-08 00:00:00-05:00,38.83,38.79,-0.0,0.04
2025-11-08 01:00:00-05:00,35.78,35.74,-0.0,0.04
2025-11-08 02:00:00-05:00,34.94,34.91,-0.0,0.03
2025-11-08 03:00:00-05:00,34.09,34.09,-0.0,0.0
2025-11-08 04:00:00-05:00,34.97,34.97,-0.0,0.0
2025-11-08 05:00:00-05:00,38.15,38.15,-0.0,0.0
2025-11-08 06:00:00-05:00,45.03,44.94,-0.0,0.09
2025-11-08 07:00:00-05:00,48.04,45.97,1.93,0.14
2025-11-08 08:00:00-05:00,42.68,44.39,-1.93,0.22
2025-11-08 09:00:00-05:00,39.29,39.05,-0.0,0.24
2025-11-08 10:00:00-05:00,37.86,37.67,-0.0,0.19
2025-11-08 11:00:00-05:00,36.39,36.24,-0.0,0.15
2025-11-08 12:00:00-05:00,35.55,35.37,-0.0,0.18
2025-11-08 13:00:00-05:00,36.83,36.61,-0.0,0.22
2025-11-08 14:00:00-05:00,37.53,37.3,-0.0,0.23
2025-11-08 15:00:00-05:00,46.95,46.62,-0.0,0.33
2025-11-08 16:00:00-05:00,58.52,57.94,-0.0,0.58
2025-11-08 17:00:00-05:00,74.92,74.25,-0.0,0.67
2025-11-08 18:00:00-05:00,70.81,70.11,-0.0,0.7
2025-11-08 19:00:00-05:00,65.45,64.93,-0.0,0.52
2025-11-08 20:00:00-05:00,55.39,54.79,-0.0,0.6
2025-11-08 21:00:00-05:00,48.07,47.59,-0.0,0.48
2025-11-08 22:00:00-05:00,43.04,42.66,-0.0,0.38
2025-11-08 23:00:00-05:00,41.32,40.95,-0.0,0.37
2025-11-09 00:00:00-05:00,48.96,48.48,-0.0,0.48
2025-11-09 01:00:00-05:00,45.81,45.36,-0.0,0.45
2025-11-09 02:00:00-05:00,41.38,40.97,-0.0,0.41
2025-11-09 03:00:00-05:00,39.83,39.48,-0.0,0.35
2025-11-09 04:00:00-05:00,38.93,38.54,-0.0,0.39
2025-11-09 05:00:00-05:00,42.2,41.78,-0.0,0.42
2025-11-09 06:00:00-05:00,47.8,47.37,-0.0,0.43
2025-11-09 07:00:00-05:00,49.26,48.67,-0.0,0.59
2025-11-09 08:00:00-05:00,44.97,42.99,1.55,0.43
2025-11-09 09:00:00-05:00,47.66,48.77,-1.55,0.44
2025-11-09 10:00:00-05:00,49.84,49.45,-0.0,0.39
2025-11-09 11:00:00-05:00,48.64,48.3,-0.0,0.34
2025-11-09 12:00:00-05:00,51.17,50.97,-0.0,0.2
2025-11-09 13:00:00-05:00,53.64,53.37,-0.0,0.27
2025-11-09 14:00:00-05:00,54.23,54.99,-0.87,0.11
2025-11-09 15:00:00-05:00,54.61,58.64,-4.15,0.12
2025-11-09 16:00:00-05:00,66.33,61.25,5.02,0.06
2025-11-09 17:00:00-05:00,78.75,78.51,-0.0,0.24
2025-11-09 18:00:00-05:00,77.02,76.71,-0.0,0.31
2025-11-09 19:00:00-05:00,65.31,65.05,-0.0,0.26
2025-11-09 20:00:00-05:00,58.13,57.84,-0.0,0.29
2025-11-09 21:00:00-05:00,49.65,49.45,-0.0,0.2
2025-11-09 22:00:00-05:00,44.41,44.19,-0.0,0.22
2025-11-09 23:00:00-05:00,41.19,40.9,-0.0,0.29
2025-11-10 00:00:00-05:00,44.28,43.89,-0.0,0.39
2025-11-10 01:00:00-05:00,40.31,39.95,-0.0,0.36
2025-11-10 02:00:00-05:00,39.48,39.13,-0.0,0.35
2025-11-10 03:00:00-05:00,37.85,37.55,-0.0,0.3
2025-11-10 04:00:00-05:00,38.54,38.35,-0.0,0.19
2025-11-10 05:00:00-05:00,43.78,44.43,-0.78,0.13
2025-11-10 06:00:00-05:00,58.8,57.79,0.78,0.23
2025-11-10 07:00:00-05:00,68.38,67.44,0.8,0.14
2025-11-10 08:00:00-05:00,61.37,61.92,-0.8,0.25
2025-11-10 09:00:00-05:00,59.96,59.66,-0.0,0.3
2025-11-10 10:00:00-05:00,58.72,58.6,-0.0,0.12
2025-11-10 11:00:00-05:00,58.2,58.08,-0.0,0.12
2025-11-10 12:00:00-05:00,58.09,57.97,-0.0,0.12
2025-11-10 13:00:00-05:00,60.37,60.19,-0.0,0.18
2025-11-10 14:00:00-05:00,59.58,59.4,-0.0,0.18
2025-11-10 15:00:00-05:00,67.19,66.99,-0.0,0.2
2025-11-10 16:00:00-05:00,84.26,84.01,-0.0,0.25
2025-11-10 17:00:00-05:00,105.1,104.99,-0.0,0.11
2025-11-10 18:00:00-05:00,93.49,93.3,-0.0,0.19
2025-11-10 19:00:00-05:00,81.37,81.29,-0.0,0.08
2025-11-10 20:00:00-05:00,67.9,67.16,0.67,0.07
2025-11-10 21:00:00-05:00,59.91,60.58,-0.67,0.0
2025-11-10 22:00:00-05:00,51.8,51.85,-0.0,-0.05
2025-11-10 23:00:00-05:00,49.34,49.34,-0.0,0.0
2025-11-11 00:00:00-05:00,45.95,46.0,-0.0,-0.05
2025-11-11 01:00:00-05:00,45.2,45.25,-0.0,-0.05
2025-11-11 02:00:00-05:00,42.41,42.45,-0.0,-0.04
2025-11-11 03:00:00-05:00,42.01,42.05,-0.0,-0.04
2025-11-11 04:00:00-05:00,44.63,44.63,-0.0,0.0
2025-11-11 05:00:00-05:00,49.05,49.1,-0.0,-0.05
2025-11-11 06:00:00-05:00,64.86,64.99,-0.0,-0.13
2025-11-11 07:00:00-05:00,74.91,75.06,-0.0,-0.15
2025-11-11 08:00:00-05:00,63.44,63.63,-0.0,-0.19
2025-11-11 09:00:00-05:00,59.72,59.96,-0.0,-0.24
2025-11-11 10:00:00-05:00,59.77,60.01,-0.0,-0.24
2025-11-11 11:00:00-05:00,57.01,57.3,-0.0,-0.29
2025-11-11 12:00:00-05:00,55.6,55.93,-0.0,-0.33
2025-11-11 13:00:00-05:00,55.99,56.33,-0.0,-0.34
2025-11-11 14:00:00-05:00,56.46,56.86,-0.0,-0.4
2025-11-11 15:00:00-05:00,60.8,61.23,-0.0,-0.43
2025-11-11 16:00:00-05:00,80.32,80.97,-0.0,-0.65
2025-11-11 17:00:00-05:00,106.44,106.87,-0.0,-0.43
2025-11-11 18:00:00-05:00,93.5,93.97,-0.0,-0.47
2025-11-11 19:00:00-05:00,84.28,84.62,-0.0,-0.34
2025-11-11 20:00:00-05:00,68.98,69.19,-0.0,-0.21
2025-11-11 21:00:00-05:00,61.85,61.97,-0.0,-0.12
2025-11-11 22:00:00-05:00,53.71,53.76,-0.0,-0.05
2025-11-11 23:00:00-05:00,49.77,49.72,-0.0,0.05
2025-11-12 00:00:00-05:00,47.66,47.66,-0.0,0.0
2025-11-12 01:00:00-05:00,43.96,43.96,-0.0,0.0
2025-11-12 02:00:00-05:00,42.78,42.78,-0.0,0.0
2025-11-12 03:00:00-05:00,42.54,42.5,-0.0,0.04
2025-11-12 04:00:00-05:00,43.2,43.11,-0.0,0.09
2025-11-12 05:00:00-05:00,46.62,46.48,-0.0,0.14
2025-11-12 06:00:00-05:00,68.31,67.97,-0.0,0.34
2025-11-12 07:00:00-05:00,86.66,86.23,-0.0,0.43
2025-11-12 08:00:00-05:00,78.06,77.67,-0.0,0.39
2025-11-12 09:00:00-05:00,67.89,67.48,-0.0,0.41
2025-11-12 10:00:00-05:00,64.11,63.66,-0.0,0.45
2025-11-12 11:00:00-05:00,62.6,62.16,-0.0,0.44
2025-11-12 12:00:00-05:00,60.92,60.44,-0.0,0.48
2025-11-12 13:00:00-05:00,62.29,61.85,-0.0,0.44
2025-11-12 14:00:00-05:00,62.47,62.1,-0.0,0.37
2025-11-12 15:00:00-05:00,65.01,64.68,-0.0,0.33
2025-11-12 16:00:00-05:00,73.46,73.09,-0.0,0.37
2025-11-12 17:00:00-05:00,85.53,85.1,-0.0,0.43
2025-11-12 18:00:00-05:00,80.65,80.25,-0.0,0.4
2025-11-12 19:00:00-05:00,73.31,72.94,-0.0,0.37
2025-11-12 20:00:00-05:00,64.4,64.01,-0.0,0.39
2025-11-12 21:00:00-05:00,57.95,57.49,-0.0,0.46
2025-11-12 22:00:00-05:00,51.22,50.91,-0.0,0.31
2025-11-12 23:00:00-05:00,45.99,45.71,-0.0,0.28
2025-11-13 00:00:00-05:00,44.24,44.11,-0.0,0.13
2025-11-13 01:00:00-05:00,43.42,43.25,-0.0,0.17
2025-11-13 02:00:00-05:00,41.31,41.19,-0.0,0.12
2025-11-13 03:00:00-05:00,41.34,41.17,-0.0,0.17
2025-11-13 04:00:00-05:00,41.21,41.05,-0.0,0.16
2025-11-13 05:00:00-05:00,43.5,43.33,-0.0,0.17
2025-11-13 06:00:00-05:00,63.33,63.01,-0.0,0.32
2025-11-13 07:00:00-05:00,76.49,75.89,-0.0,0.6
2025-11-13 08:00:00-05:00,62.15,61.6,-0.0,0.55
2025-11-13 09:00:00-05:00,56.87,56.36,-0.0,0.51
2025-11-13 10:00:00-05:00,53.53,53.05,-0.0,0.48
2025-11-13 11:00:00-05:00,51.69,51.23,-0.0,0.46
2025-11-13 12:00:00-05:00,51.5,51.04,-0.0,0.46
2025-11-13 13:00:00-05:00,52.22,51.81,-0.0,0.41
2025-11-13 14:00:00-05:00,53.12,52.75,-0.0,0.37
2025-11-13 15:00:00-05:00,60.69,60.27,-0.0,0.42
2025-11-13 16:00:00-05:00,69.59,69.31,-0.0,0.28
2025-11-13 17:00:00-05:00,88.67,88.23,-0.0,0.44
2025-11-13 18:00:00-05:00,78.94,78.55,-0.0,0.39
2025-11-13 19:00:00-05:00,67.04,66.7,-0.0,0.34
2025-11-13 20:00:00-05:00,60.35,59.99,-0.0,0.36
2025-11-13 21:00:00-05:00,56.66,56.21,-0.0,0.45
2025-11-13 22:00:00-05:00,51.8,51.44,-0.0,0.36
2025-11-13 23:00:00-05:00,48.36,47.98,-0.0,0.38
2025-11-14 00:00:00-05:00,50.89,50.58,-0.0,0.31
2025-11-14 01:00:00-05:00,45.31,45.08,-0.0,0.23
2025-11-14 02:00:00-05:00,44.28,44.01,-0.0,0.27
2025-11-14 03:00:00-05:00,43.45,43.19,-0.0,0.26
2025-11-14 04:00:00-05:00,45.44,45.17,-0.0,0.27
2025-11-14 05:00:00-05:00,50.53,50.23,-0.0,0.3
2025-11-14 06:00:00-05:00,68.99,68.78,-0.0,0.21
2025-11-14 07:00:00-05:00,88.21,87.77,-0.0,0.44
2025-11-14 08:00:00-05:00,66.67,66.27,-0.0,0.4
2025-11-14 09:00:00-05:00,56.28,55.84,-0.0,0.44
2025-11-14 10:00:00-05:00,53.14,52.61,-0.0,0.53
2025-11-14 11:00:00-05:00,49.67,49.37,-0.0,0.3
2025-11-14 12:00:00-05:00,52.45,51.98,-0.0,0.47
2025-11-14 13:00:00-05:00,54.3,53.97,-0.0,0.33
2025-11-14 14:00:00-05:00,59.26,58.79,-0.0,0.47
2025-11-14 15:00:00-05:00,65.36,64.9,-0.0,0.46
2025-11-14 16:00:00-05:00,82.3,82.05,-0.0,0.25
2025-11-14 17:00:00-05:00,95.0,95.0,-0.0,0.0
2025-11-14 18:00:00-05:00,84.36,84.02,-0.0,0.34
2025-11-14 19:00:00-05:00,74.21,73.84,-0.0,0.37
2025-11-14 20:00:00-05:00,63.8,63.42,-0.0,0.38
2025-11-14 21:00:00-05:00,59.46,58.87,-0.0,0.59
2025-11-14 22:00:00-05:00,54.31,53.72,-0.0,0.59
2025-11-14 23:00:00-05:00,50.43,49.88,-0.0,0.55
2025-11-15 00:00:00-05:00,55.35,54.8,-0.0,0.55
2025-11-15 01:00:00-05:00,54.82,54.22,-0.0,0.6
2025-11-15 02:00:00-05:00,50.9,50.4,-0.0,0.5
2025-11-15 03:00:00-05:00,51.0,50.5,-0.0,0.5
2025-11-15 04:00:00-05:00,50.5,50.0,-0.0,0.5
2025-11-15 05:00:00-05:00,50.42,51.91,-1.96,0.47
2025-11-15 06:00:00-05:00,63.83,63.63,-0.37,0.57
2025-11-15 07:00:00-05:00,67.21,64.3,2.33,0.58
2025-11-15 08:00:00-05:00,56.42,55.92,-0.0,0.5
2025-11-15 09:00:00-05:00,51.6,51.09,-0.0,0.51
2025-11-15 10:00:00-05:00,47.93,47.41,-0.0,0.52
2025-11-15 11:00:00-05:00,45.59,45.09,-0.0,0.5
2025-11-15 12:00:00-05:00,45.6,45.1,-0.0,0.5
2025-11-15 13:00:00-05:00,47.72,47.3,-0.0,0.42
2025-11-15 14:00:00-05:00,52.17,51.76,-0.0,0.41
2025-11-15 15:00:00-05:00,57.12,59.21,-2.45,0.36
2025-11-15 16:00:00-05:00,66.64,63.8,2.45,0.39
2025-11-15 17:00:00-05:00,71.7,71.2,-0.0,0.5
2025-11-15 18:00:00-05:00,66.35,65.95,-0.0,0.4
2025-11-15 19:00:00-05:00,60.84,60.47,-0.0,0.37
2025-11-15 20:00:00-05:00,53.42,53.1,-0.0,0.32
2025-11-15 21:00:00-05:00,48.34,48.1,-0.0,0.24
2025-11-15 22:00:00-05:00,45.66,45.48,-0.0,0.18
2025-11-15 23:00:00-05:00,44.24,44.06,-0.0,0.18
2025-11-16 00:00:00-05:00,39.4,39.56,-0.0,-0.16
2025-11-16 01:00:00-05:00,37.49,37.64,-0.0,-0.15
2025-11-16 02:00:00-05:00,36.53,36.71,-0.0,-0.18
2025-11-16 03:00:00-05:00,35.52,35.73,-0.0,-0.21
2025-11-16 04:00:00-05:00,33.78,34.02,-0.0,-0.24
2025-11-16 05:00:00-05:00,34.56,34.84,-0.0,-0.28
2025-11-16 06:00:00-05:00,37.23,37.49,-0.0,-0.26
2025-11-16 07:00:00-05:00,39.42,39.7,-0.0,-0.28
2025-11-16 08:00:00-05:00,37.76,38.07,-0.0,-0.31
2025-11-16 09:00:00-05:00,36.94,37.31,-0.0,-0.37
2025-11-16 10:00:00-05:00,35.93,36.29,-0.0,-0.36
2025-11-16 11:00:00-05:00,35.56,35.92,-0.0,-0.36
2025-11-16 12:00:00-05:00,37.76,38.18,-0.0,-0.42
2025-11-16 13:00:00-05:00,38.25,38.67,-0.0,-0.42
2025-11-16 14:00:00-05:00,40.19,40.64,-0.0,-0.45
2025-11-16 15:00:00-05:00,44.37,44.86,-0.0,-0.49
2025-11-16 16:00:00-05:00,51.41,51.98,-0.0,-0.57
2025-11-16 17:00:00-05:00,60.77,61.44,-0.0,-0.67
2025-11-16 18:00:00-05:00,57.71,58.29,-0.0,-0.58
2025-11-16 19:00:00-05:00,51.29,51.81,-0.0,-0.52
2025-11-16 20:00:00-05:00,46.2,46.62,-0.0,-0.42
2025-11-16 21:00:00-05:00,42.78,43.21,-0.0,-0.43
2025-11-16 22:00:00-05:00,39.6,40.0,-0.0,-0.4
2025-11-16 23:00:00-05:00,38.98,39.33,-0.0,-0.35
2025-11-17 00:00:00-05:00,39.7,40.06,-0.0,-0.36
2025-11-17 01:00:00-05:00,36.57,36.94,-0.0,-0.37
2025-11-17 02:00:00-05:00,34.99,35.34,-0.0,-0.35
2025-11-17 03:00:00-05:00,34.73,35.05,-0.0,-0.32
2025-11-17 04:00:00-05:00,36.64,36.97,-0.0,-0.33
2025-11-17 05:00:00-05:00,39.9,40.26,-0.0,-0.36
2025-11-17 06:00:00-05:00,55.55,56.0,-0.0,-0.45
2025-11-17 07:00:00-05:00,66.48,67.08,-0.0,-0.6
2025-11-17 08:00:00-05:00,55.55,56.0,-0.0,-0.45
2025-11-17 09:00:00-05:00,51.81,52.23,-0.0,-0.42
2025-11-17 10:00:00-05:00,51.17,51.58,-0.0,-0.41
2025-11-17 11:00:00-05:00,50.07,50.42,-0.0,-0.35
2025-11-17 12:00:00-05:00,49.76,50.16,-0.0,-0.4
2025-11-17 13:00:00-05:00,50.57,51.03,-0.0,-0.46
2025-11-17 14:00:00-05:00,51.76,52.23,-0.0,-0.47
2025-11-17 15:00:00-05:00,55.01,55.51,-0.0,-0.5
2025-11-17 16:00:00-05:00,66.72,67.26,-0.0,-0.54
2025-11-17 17:00:00-05:00,86.48,87.27,-0.0,-0.79
2025-11-17 18:00:00-05:00,77.35,77.98,-0.0,-0.63
2025-11-17 19:00:00-05:00,66.11,66.57,-0.0,-0.46
2025-11-17 20:00:00-05:00,60.77,61.13,-0.0,-0.36
2025-11-17 21:00:00-05:00,55.61,55.94,-0.0,-0.33
2025-11-17 22:00:00-05:00,50.49,50.79,-0.0,-0.3
2025-11-17 23:00:00-05:00,47.63,47.92,-0.0,-0.29
2025-11-18 00:00:00-05:00,42.94,43.33,-0.0,-0.39
2025-11-18 01:00:00-05:00,41.05,41.38,-0.0,-0.33
2025-11-18 02:00:00-05:00,40.9,41.27,-0.0,-0.37
2025-11-18 03:00:00-05:00,40.83,41.16,-0.0,-0.33
2025-11-18 04:00:00-05:00,41.79,42.08,-0.0,-0.29
2025-11-18 05:00:00-05:00,43.64,43.9,-0.0,-0.26
2025-11-18 06:00:00-05:00,60.18,60.6,-0.0,-0.42
2025-11-18 07:00:00-05:00,76.06,76.52,-0.0,-0.46
2025-11-18 08:00:00-05:00,55.17,55.5,-0.0,-0.33
2025-11-18 09:00:00-05:00,49.81,50.11,-0.0,-0.3
2025-11-18 10:00:00-05:00,45.77,46.09,-0.0,-0.32
2025-11-18 11:00:00-05:00,44.41,44.68,-0.0,-0.27
2025-11-18 12:00:00-05:00,43.77,44.03,-0.0,-0.26
2025-11-18 13:00:00-05:00,45.74,46.01,-0.0,-0.27
2025-11-18 14:00:00-05:00,47.18,47.42,-0.0,-0.24
2025-11-18 15:00:00-05:00,55.07,55.6,-0.25,-0.28
2025-11-18 16:00:00-05:00,69.02,69.11,0.25,-0.34
2025-11-18 17:00:00-05:00,92.09,92.46,-0.0,-0.37
2025-11-18 18:00:00-05:00,81.09,81.41,-0.0,-0.32
2025-11-18 19:00:00-05:00,71.26,71.55,-0.0,-0.29
2025-11-18 20:00:00-05:00,64.14,64.33,-0.0,-0.19
2025-11-18 21:00:00-05:00,56.59,56.7,-0.0,-0.11
2025-11-18 22:00:00-05:00,52.65,52.7,-0.0,-0.05
2025-11-18 23:00:00-05:00,48.1,48.1,-0.0,0.0
2025-11-19 00:00:00-05:00,52.98,52.98,-0.0,0.0
2025-11-19 01:00:00-05:00,50.61,50.61,-0.0,0.0
2025-11-19 02:00:00-05:00,49.18,49.18,-0.0,0.0
2025-11-19 03:00:00-05:00,49.87,49.87,-0.0,0.0
2025-11-19 04:00:00-05:00,50.58,50.58,-0.0,0.0
2025-11-19 05:00:00-05:00,53.52,53.52,-0.0,0.0
2025-11-19 06:00:00-05:00,74.78,74.68,0.1,0.0
2025-11-19 07:00:00-05:00,87.93,88.03,-0.1,0.0
2025-11-19 08:00:00-05:00,61.94,61.94,-0.0,0.0
2025-11-19 09:00:00-05:00,55.5,55.5,-0.0,0.0
2025-11-19 10:00:00-05:00,47.48,47.48,-0.0,0.0
2025-11-19 11:00:00-05:00,46.85,46.85,-0.0,0.0
2025-11-19 12:00:00-05:00,46.09,46.09,-0.0,0.0
2025-11-19 13:00:00-05:00,47.16,47.16,-0.0,0.0
2025-11-19 14:00:00-05:00,49.9,49.9,-0.0,0.0
2025-11-19 15:00:00-05:00,60.51,60.51,-0.0,0.0
2025-11-19 16:00:00-05:00,78.26,78.26,-0.0,0.0
2025-11-19 17:00:00-05:00,95.33,95.33,-0.0,0.0
2025-11-19 18:00:00-05:00,83.3,83.3,-0.0,0.0
2025-11-19 19:00:00-05:00,76.66,76.66,-0.0,0.0
2025-11-19 20:00:00-05:00,67.58,67.58,-0.0,0.0
2025-11-19 21:00:00-05:00,59.94,59.94,-0.0,0.0
2025-11-19 22:00:00-05:00,55.29,55.29,-0.0,0.0
2025-11-19 23:00:00-05:00,52.89,52.89,-0.0,0.0
2025-11-20 00:00:00-05:00,50.79,50.79,-0.0,0.0
2025-11-20 01:00:00-05:00,47.29,47.29,-0.0,0.0
2025-11-20 02:00:00-05:00,45.05,45.05,-0.0,0.0
2025-11-20 03:00:00-05:00,44.45,44.45,-0.0,0.0
2025-11-20 04:00:00-05:00,45.7,45.7,-0.0,0.0
2025-11-20 05:00:00-05:00,50.53,50.53,-0.0,0.0
2025-11-20 06:00:00-05:00,73.14,73.14,-0.0,0.0
2025-11-20 07:00:00-05:00,85.68,85.68,-0.0,0.0
2025-11-20 08:00:00-05:00,63.97,63.97,-0.0,0.0
2025-11-20 09:00:00-05:00,56.16,56.16,-0.0,0.0
2025-11-20 10:00:00-05:00,50.32,50.32,-0.0,0.0
2025-11-20 11:00:00-05:00,45.83,45.83,-0.0,0.0
2025-11-20 12:00:00-05:00,46.33,46.33,-0.0,0.0
2025-11-20 13:00:00-05:00,48.23,48.23,-0.0,0.0
2025-11-20 14:00:00-05:00,48.55,48.55,-0.0,0.0
2025-11-20 15:00:00-05:00,55.35,55.35,-0.0,0.0
2025-11-20 16:00:00-05:00,71.2,71.2,-0.0,0.0
2025-11-20 17:00:00-05:00,81.23,81.23,-0.0,0.0
2025-11-20 18:00:00-05:00,72.04,72.04,-0.0,0.0
2025-11-20 19:00:00-05:00,66.3,66.3,-0.0,0.0
2025-11-20 20:00:00-05:00,60.01,60.01,-0.0,0.0
2025-11-20 21:00:00-05:00,54.36,54.36,-0.0,0.0
2025-11-20 22:00:00-05:00,49.26,49.26,-0.0,0.0
2025-11-20 23:00:00-05:00,44.73,44.73,-0.0,0.0
2025-11-21 00:00:00-05:00,47.9,47.9,-0.0,0.0
2025-11-21 01:00:00-05:00,44.58,44.58,-0.0,0.0
2025-11-21 02:00:00-05:00,42.03,42.03,-0.0,0.0
2025-11-21 03:00:00-05:00,41.3,41.3,-0.0,0.0
2025-11-21 04:00:00-05:00,42.12,42.12,-0.0,0.0
2025-11-21 05:00:00-05:00,41.93,41.93,-0.0,0.0
2025-11-21 06:00:00-05:00,68.02,68.02,-0.0,0.0
2025-11-21 07:00:00-05:00,77.43,73.66,3.77,0.0
2025-11-21 08:00:00-05:00,62.69,66.46,-3.77,0.0
2025-11-21 09:00:00-05:00,59.0,59.0,-0.0,0.0
2025-11-21 10:00:00-05:00,56.6,56.6,-0.0,0.0
2025-11-21 11:00:00-05:00,53.92,53.92,-0.0,0.0
2025-11-21 12:00:00-05:00,52.62,52.62,-0.0,0.0
2025-11-21 13:00:00-05:00,52.24,52.24,-0.0,0.0
2025-11-21 14:00:00-05:00,55.06,55.06,-0.0,0.0
2025-11-21 15:00:00-05:00,54.92,54.92,-0.0,0.0
2025-11-21 16:00:00-05:00,65.64,65.64,-0.0,0.0
2025-11-21 17:00:00-05:00,80.04,80.04,-0.0,0.0
2025-11-21 18:00:00-05:00,72.66,72.66,-0.0,0.0
2025-11-21 19:00:00-05:00,65.67,65.67,-0.0,0.0
2025-11-21 20:00:00-05:00,62.33,62.33,-0.0,0.0
2025-11-21 21:00:00-05:00,56.93,56.93,-0.0,0.0
2025-11-21 22:00:00-05:00,53.57,53.57,-0.0,0.0
2025-11-21 23:00:00-05:00,47.29,47.29,-0.0,0.0
2025-11-22 00:00:00-05:00,49.13,49.13,-0.0,0.0
2025-11-22 01:00:00-05:00,47.41,47.41,-0.0,0.0
2025-11-22 02:00:00-05:00,43.67,43.67,-0.0,0.0
2025-11-22 03:00:00-05:00,42.14,42.14,-0.0,0.0
2025-11-22 04:00:00-05:00,41.52,41.52,-0.0,0.0
2025-11-22 05:00:00-05:00,44.05,44.05,-0.0,0.0
2025-11-22 06:00:00-05:00,53.18,53.18,-0.0,0.0
2025-11-22 07:00:00-05:00,57.96,57.96,-0.0,0.0
2025-11-22 08:00:00-05:00,55.82,55.82,-0.0,0.0
2025-11-22 09:00:00-05:00,52.33,52.33,-0.0,0.0
2025-11-22 10:00:00-05:00,51.16,51.16,-0.0,0.0
2025-11-22 11:00:00-05:00,48.61,48.61,-0.0,0.0
2025-11-22 12:00:00-05:00,46.56,46.56,-0.0,0.0
2025-11-22 13:00:00-05:00,46.67,46.67,-0.0,0.0
2025-11-22 14:00:00-05:00,49.78,49.78,-0.0,0.0
2025-11-22 15:00:00-05:00,54.73,54.73,-0.0,0.0
2025-11-22 16:00:00-05:00,66.61,66.61,-0.0,0.0
2025-11-22 17:00:00-05:00,79.36,79.36,-0.0,0.0
2025-11-22 18:00:00-05:00,71.83,71.83,-0.0,0.0
2025-11-22 19:00:00-05:00,66.48,66.48,-0.0,0.0
2025-11-22 20:00:00-05:00,64.45,64.45,-0.0,0.0
2025-11-22 21:00:00-05:00,58.13,58.13,-0.0,0.0
2025-11-22 22:00:00-05:00,54.23,54.23,-0.0,0.0
2025-11-22 23:00:00-05:00,50.04,50.04,-0.0,0.0
2025-11-23 00:00:00-05:00,50.02,50.02,-0.0,0.0
2025-11-23 01:00:00-05:00,45.81,45.81,-0.0,0.0
2025-11-23 02:00:00-05:00,42.89,42.89,-0.0,0.0
2025-11-23 03:00:00-05:00,41.97,41.97,-0.0,0.0
2025-11-23 04:00:00-05:00,40.53,40.53,-0.0,0.0
2025-11-23 05:00:00-05:00,39.66,39.66,-0.0,0.0
2025-11-23 06:00:00-05:00,44.14,44.14,-0.0,0.0
2025-11-23 07:00:00-05:00,43.33,43.33,-0.0,0.0
2025-11-23 08:00:00-05:00,43.64,43.64,-0.0,0.0
2025-11-23 09:00:00-05:00,44.08,44.08,-0.0,0.0
2025-11-23 10:00:00-05:00,49.07,49.07,-0.0,0.0
2025-11-23 11:00:00-05:00,49.65,49.65,-0.0,0.0
2025-11-23 12:00:00-05:00,49.65,49.65,-0.0,0.0
2025-11-23 13:00:00-05:00,46.25,46.25,-0.0,0.0
2025-11-23 14:00:00-05:00,47.56,47.56,-0.0,0.0
2025-11-23 15:00:00-05:00,53.29,53.29,-0.0,0.0
2025-11-23 16:00:00-05:00,54.13,54.13,-0.0,0.0
2025-11-23 17:00:00-05:00,65.77,65.77,-0.0,0.0
2025-11-23 18:00:00-05:00,55.71,55.71,-0.0,0.0
2025-11-23 19:00:00-05:00,53.49,53.49,-0.0,0.0
2025-11-23 20:00:00-05:00,52.17,52.17,-0.0,0.0
2025-11-23 21:00:00-05:00,47.82,47.82,-0.0,0.0
2025-11-23 22:00:00-05:00,48.36,48.36,-0.0,0.0
2025-11-23 23:00:00-05:00,43.88,43.88,-0.0,0.0
2025-11-24 00:00:00-05:00,48.66,48.66,-0.0,0.0
2025-11-24 01:00:00-05:00,46.02,46.02,-0.0,0.0
2025-11-24 02:00:00-05:00,46.35,46.35,-0.0,0.0
2025-11-24 03:00:00-05:00,46.05,46.05,-0.0,0.0
2025-11-24 04:00:00-05:00,47.79,47.79,-0.0,0.0
2025-11-24 05:00:00-05:00,52.09,52.09,-0.0,0.0
2025-11-24 06:00:00-05:00,71.04,71.04,-0.0,0.0
2025-11-24 07:00:00-05:00,84.84,84.84,-0.0,0.0
2025-11-24 08:00:00-05:00,65.15,65.15,-0.0,0.0
2025-11-24 09:00:00-05:00,52.57,52.57,-0.0,0.0
2025-11-24 10:00:00-05:00,50.66,50.66,-0.0,0.0
2025-11-24 11:00:00-05:00,49.33,49.33,-0.0,0.0
2025-11-24 12:00:00-05:00,48.33,48.33,-0.0,0.0
2025-11-24 13:00:00-05:00,49.28,49.28,-0.0,0.0
2025-11-24 14:00:00-05:00,53.11,53.11,-0.0,0.0
2025-11-24 15:00:00-05:00,62.66,62.66,-0.0,0.0
2025-11-24 16:00:00-05:00,77.74,77.74,-0.0,0.0
2025-11-24 17:00:00-05:00,85.77,85.77,-0.0,0.0
2025-11-24 18:00:00-05:00,77.4,77.4,-0.0,0.0
2025-11-24 19:00:00-05:00,68.42,68.42,-0.0,0.0
2025-11-24 20:00:00-05:00,60.42,60.42,-0.0,0.0
2025-11-24 21:00:00-05:00,53.56,53.56,-0.0,0.0
2025-11-24 22:00:00-05:00,47.78,47.78,-0.0,0.0
2025-11-24 23:00:00-05:00,42.92,42.92,-0.0,0.0
2025-11-25 00:00:00-05:00,45.89,45.89,-0.0,0.0
2025-11-25 01:00:00-05:00,42.72,42.72,-0.0,0.0
2025-11-25 02:00:00-05:00,42.78,42.78,-0.0,0.0
2025-11-25 03:00:00-05:00,42.26,42.26,-0.0,0.0
2025-11-25 04:00:00-05:00,43.69,43.69,-0.0,0.0
2025-11-25 05:00:00-05:00,44.92,44.92,-0.0,0.0
2025-11-25 06:00:00-05:00,59.04,59.04,-0.0,0.0
2025-11-25 07:00:00-05:00,74.25,69.71,4.54,0.0
2025-11-25 08:00:00-05:00,64.6,67.93,-3.33,0.0
2025-11-25 09:00:00-05:00,62.58,63.8,-1.22,0.0
2025-11-25 10:00:00-05:00,62.61,62.61,-0.0,0.0
2025-11-25 11:00:00-05:00,62.14,62.14,-0.0,0.0
2025-11-25 12:00:00-05:00,63.28,63.28,-0.0,0.0
2025-11-25 13:00:00-05:00,64.12,64.12,-0.0,0.0
2025-11-25 14:00:00-05:00,68.09,68.09,-0.0,0.0
2025-11-25 15:00:00-05:00,74.15,74.15,-0.0,0.0
2025-11-25 16:00:00-05:00,77.71,77.71,-0.0,0.0
2025-11-25 17:00:00-05:00,81.77,81.77,-0.0,0.0
2025-11-25 18:00:00-05:00,73.9,73.9,-0.0,0.0
2025-11-25 19:00:00-05:00,67.18,67.18,-0.0,0.0
2025-11-25 20:00:00-05:00,62.62,62.62,-0.0,0.0
2025-11-25 21:00:00-05:00,56.24,56.24,-0.0,0.0
2025-11-25 22:00:00-05:00,49.59,49.59,-0.0,0.0
2025-11-25 23:00:00-05:00,44.71,44.71,-0.0,0.0
2025-11-26 00:00:00-05:00,42.97,42.97,-0.0,0.0
2025-11-26 01:00:00-05:00,39.52,39.52,-0.0,0.0
2025-11-26 02:00:00-05:00,39.17,39.17,-0.0,0.0
2025-11-26 03:00:00-05:00,38.94,38.94,-0.0,0.0
2025-11-26 04:00:00-05:00,38.96,38.96,-0.0,0.0
2025-11-26 05:00:00-05:00,38.53,38.53,-0.0,0.0
2025-11-26 06:00:00-05:00,46.63,46.63,-0.0,0.0
2025-11-26 07:00:00-05:00,55.99,55.99,-0.0,0.0
2025-11-26 08:00:00-05:00,57.94,57.94,-0.0,0.0
2025-11-26 09:00:00-05:00,60.33,60.33,-0.0,0.0
2025-11-26 10:00:00-05:00,59.0,59.0,-0.0,0.0
2025-11-26 11:00:00-05:00,56.38,56.38,-0.0,0.0
2025-11-26 12:00:00-05:00,55.34,55.34,-0.0,0.0
2025-11-26 13:00:00-05:00,54.44,54.44,-0.0,0.0
2025-11-26 14:00:00-05:00,52.45,52.45,-0.0,0.0
2025-11-26 15:00:00-05:00,51.82,51.82,-0.0,0.0
2025-11-26 16:00:00-05:00,53.26,53.26,-0.0,0.0
2025-11-26 17:00:00-05:00,58.65,58.65,-0.0,0.0
2025-11-26 18:00:00-05:00,53.85,53.85,-0.0,0.0
2025-11-26 19:00:00-05:00,39.82,39.82,-0.0,0.0
2025-11-26 20:00:00-05:00,37.79,37.79,-0.0,0.0
2025-11-26 21:00:00-05:00,32.51,32.51,-0.0,0.0
2025-11-26 22:00:00-05:00,27.95,27.95,-0.0,0.0
2025-11-26 23:00:00-05:00,28.03,28.03,-0.0,0.0
2025-11-27 00:00:00-05:00,40.34,40.62,-0.0,-0.28
2025-11-27 01:00:00-05:00,36.41,36.63,-0.0,-0.22
2025-11-27 02:00:00-05:00,34.96,35.17,-0.0,-0.21
2025-11-27 03:00:00-05:00,34.17,34.34,-0.0,-0.17
2025-11-27 04:00:00-05:00,33.99,34.16,-0.0,-0.17
2025-11-27 05:00:00-05:00,34.51,34.72,-0.0,-0.21
2025-11-27 06:00:00-05:00,37.84,38.15,-0.0,-0.31
2025-11-27 07:00:00-05:00,40.47,40.8,-0.0,-0.33
2025-11-27 08:00:00-05:00,40.08,40.4,-0.0,-0.32
2025-11-27 09:00:00-05:00,40.81,41.14,-0.0,-0.33
2025-11-27 10:00:00-05:00,43.93,44.24,-0.0,-0.31
2025-11-27 11:00:00-05:00,45.31,45.68,-0.0,-0.37
2025-11-27 12:00:00-05:00,45.4,45.72,-0.0,-0.32
2025-11-27 13:00:00-05:00,44.28,44.59,-0.0,-0.31
2025-11-27 14:00:00-05:00,42.64,42.94,-0.0,-0.3
2025-11-27 15:00:00-05:00,43.98,44.29,-0.0,-0.31
2025-11-27 16:00:00-05:00,51.1,51.46,-0.0,-0.36
2025-11-27 17:00:00-05:00,54.53,54.97,-0.0,-0.44
2025-11-27 18:00:00-05:00,51.77,52.19,-0.0,-0.42
2025-11-27 19:00:00-05:00,48.98,49.27,-0.0,-0.29
2025-11-27 20:00:00-05:00,45.18,45.45,-0.0,-0.27
2025-11-27 21:00:00-05:00,44.17,44.44,-0.0,-0.27
2025-11-27 22:00:00-05:00,42.13,42.34,-0.0,-0.21
2025-11-27 23:00:00-05:00,43.17,43.34,-0.0,-0.17
2025-11-28 00:00:00-05:00,42.62,42.83,-0.0,-0.21
2025-11-28 01:00:00-05:00,40.46,40.62,-0.0,-0.16
2025-11-28 02:00:00-05:00,39.28,39.44,-0.0,-0.16
2025-11-28 03:00:00-05:00,39.26,39.38,-0.0,-0.12
2025-11-28 04:00:00-05:00,40.09,40.21,-0.0,-0.12
2025-11-28 05:00:00-05:00,42.69,42.86,-0.0,-0.17
2025-11-28 06:00:00-05:00,48.83,48.98,-0.0,-0.15
2025-11-28 07:00:00-05:00,55.08,55.19,-0.0,-0.11
2025-11-28 08:00:00-05:00,51.25,51.45,-0.0,-0.2
2025-11-28 09:00:00-05:00,46.19,46.42,-0.0,-0.23
2025-11-28 10:00:00-05:00,49.38,49.63,-0.0,-0.25
2025-11-28 11:00:00-05:00,48.72,49.01,-0.0,-0.29
2025-11-28 12:00:00-05:00,46.41,46.69,-0.0,-0.28
2025-11-28 13:00:00-05:00,47.83,48.12,-0.0,-0.29
2025-11-28 14:00:00-05:00,48.74,49.08,-0.0,-0.34
2025-11-28 15:00:00-05:00,54.53,54.97,-0.0,-0.44
2025-11-28 16:00:00-05:00,57.92,58.39,-0.0,-0.47
2025-11-28 17:00:00-05:00,70.97,71.54,-0.0,-0.57
2025-11-28 18:00:00-05:00,68.87,69.43,-0.0,-0.56
2025-11-28 19:00:00-05:00,64.97,65.5,-0.0,-0.53
2025-11-28 20:00:00-05:00,57.66,58.06,-0.0,-0.4
2025-11-28 21:00:00-05:00,53.71,54.03,-0.0,-0.32
2025-11-28 22:00:00-05:00,51.78,52.09,-0.0,-0.31
2025-11-28 23:00:00-05:00,49.55,49.85,-0.0,-0.3
2025-11-29 00:00:00-05:00,47.34,47.72,-0.0,-0.38
2025-11-29 01:00:00-05:00,44.68,44.99,-0.0,-0.31
2025-11-29 02:00:00-05:00,43.02,43.32,-0.0,-0.3
2025-11-29 03:00:00-05:00,42.87,43.17,-0.0,-0.3
2025-11-29 04:00:00-05:00,43.32,43.62,-0.0,-0.3
2025-11-29 05:00:00-05:00,45.75,46.07,-0.0,-0.32
2025-11-29 06:00:00-05:00,55.32,55.6,-0.0,-0.28
2025-11-29 07:00:00-05:00,55.94,56.22,-0.0,-0.28
2025-11-29 08:00:00-05:00,49.86,50.11,-0.0,-0.25
2025-11-29 09:00:00-05:00,42.31,42.56,-0.0,-0.25
2025-11-29 10:00:00-05:00,42.81,43.02,-0.0,-0.21
2025-11-29 11:00:00-05:00,42.71,42.92,-0.0,-0.21
2025-11-29 12:00:00-05:00,42.86,43.03,-0.0,-0.17
2025-11-29 13:00:00-05:00,44.04,44.22,-0.0,-0.18
2025-11-29 14:00:00-05:00,48.48,48.63,-0.0,-0.15
2025-11-29 15:00:00-05:00,56.53,56.7,-0.0,-0.17
2025-11-29 16:00:00-05:00,72.36,72.43,-0.0,-0.07
2025-11-29 17:00:00-05:00,82.63,82.71,-0.0,-0.08
2025-11-29 18:00:00-05:00,81.71,81.79,-0.0,-0.08
2025-11-29 19:00:00-05:00,72.92,72.92,-0.0,0.0
2025-11-29 20:00:00-05:00,66.57,66.57,-0.0,0.0
2025-11-29 21:00:00-05:00,59.34,59.34,-0.0,0.0
2025-11-29 22:00:00-05:00,55.46,55.4,-0.0,0.06
2025-11-29 23:00:00-05:00,56.01,55.95,-0.0,0.06
2025-11-30 00:00:00-05:00,51.02,51.07,-0.0,-0.05
2025-11-30 01:00:00-05:00,47.6,47.65,-0.0,-0.05
2025-11-30 02:00:00-05:00,44.0,44.04,-0.0,-0.04
2025-11-30 03:00:00-05:00,41.18,41.26,-0.0,-0.08
2025-11-30 04:00:00-05:00,40.75,40.87,-0.0,-0.12
2025-11-30 05:00:00-05:00,38.99,39.15,-0.0,-0.16
2025-11-30 06:00:00-05:00,40.2,40.4,-0.0,-0.2
2025-11-30 07:00:00-05:00,41.91,42.16,-0.0,-0.25
2025-11-30 08:00:00-05:00,41.11,41.32,-0.0,-0.21
2025-11-30 09:00:00-05:00,45.38,45.65,-0.0,-0.27
2025-11-30 10:00:00-05:00,49.05,49.3,-0.0,-0.25
2025-11-30 11:00:00-05:00,51.65,51.91,-0.0,-0.26
2025-11-30 12:00:00-05:00,55.64,55.97,-0.0,-0.33
2025-11-30 13:00:00-05:00,58.38,58.73,-0.0,-0.35
2025-11-30 14:00:00-05:00,55.4,55.68,-0.0,-0.28
2025-11-30 15:00:00-05:00,53.61,53.88,-0.0,-0.27
2025-11-30 16:00:00-05:00,61.48,61.85,-0.0,-0.37
2025-11-30 17:00:00-05:00,68.51,68.92,-0.0,-0.41
2025-11-30 18:00:00-05:00,68.78,69.19,-0.0,-0.41
2025-11-30 19:00:00-05:00,60.41,60.83,-0.0,-0.42
2025-11-30 20:00:00-05:00,51.02,51.33,-0.0,-0.31
2025-11-30 21:00:00-05:00,46.37,46.69,-0.0,-0.32
2025-11-30 22:00:00-05:00,43.16,43.46,-0.0,-0.3
2025-11-30 23:00:00-05:00,42.07,42.41,-0.0,-0.34
2025-12-01 00:00:00-05:00,48.37,48.32,-0.0,0.05
2025-12-01 01:00:00-05:00,45.31,45.26,-0.0,0.05
2025-12-01 02:00:00-05:00,43.73,43.69,-0.0,0.04
2025-12-01 03:00:00-05:00,45.64,45.59,-0.0,0.05
2025-12-01 04:00:00-05:00,49.77,49.67,-0.0,0.1
2025-12-01 05:00:00-05:00,52.88,52.72,-0.0,0.16
2025-12-01 06:00:00-05:00,73.67,73.45,-0.0,0.22
2025-12-01 07:00:00-05:00,84.72,84.38,-0.0,0.34
2025-12-01 08:00:00-05:00,82.64,82.39,-0.0,0.25
2025-12-01 09:00:00-05:00,67.99,67.65,-0.0,0.34
2025-12-01 10:00:00-05:00,65.65,65.19,-0.0,0.46
2025-12-01 11:00:00-05:00,61.09,60.61,-0.0,0.48
2025-12-01 12:00:00-05:00,61.27,60.79,-0.0,0.48
2025-12-01 13:00:00-05:00,66.17,65.58,-0.0,0.59
2025-12-01 14:00:00-05:00,70.86,70.09,-0.0,0.77
2025-12-01 15:00:00-05:00,76.68,75.92,-0.0,0.76
2025-12-01 16:00:00-05:00,98.6,97.72,-0.0,0.88
2025-12-01 17:00:00-05:00,137.25,135.75,-0.0,1.5
2025-12-01 18:00:00-05:00,117.8,116.63,-0.0,1.17
2025-12-01 19:00:00-05:00,106.43,105.38,-0.0,1.05
2025-12-01 20:00:00-05:00,89.57,88.42,-0.0,1.15
2025-12-01 21:00:00-05:00,80.21,79.26,-0.0,0.95
2025-12-01 22:00:00-05:00,72.6,71.81,-0.0,0.79
2025-12-01 23:00:00-05:00,67.09,66.43,-0.0,0.66
2025-12-02 00:00:00-05:00,73.27,72.62,-0.0,0.65
2025-12-02 01:00:00-05:00,69.11,68.49,-0.0,0.62
2025-12-02 02:00:00-05:00,66.99,66.33,-0.0,0.66
2025-12-02 03:00:00-05:00,66.46,65.87,-0.0,0.59
2025-12-02 04:00:00-05:00,65.48,64.9,-0.0,0.58
2025-12-02 05:00:00-05:00,69.84,69.15,-0.0,0.69
2025-12-02 06:00:00-05:00,90.81,89.82,-0.0,0.99
2025-12-02 07:00:00-05:00,101.76,100.85,-0.0,0.91
2025-12-02 08:00:00-05:00,105.52,99.67,4.96,0.89
2025-12-02 09:00:00-05:00,110.73,114.54,-4.96,1.15
2025-12-02 10:00:00-05:00,116.73,115.57,-0.0,1.16
2025-12-02 11:00:00-05:00,117.2,116.04,-0.0,1.16
2025-12-02 12:00:00-05:00,114.54,113.41,-0.0,1.13
2025-12-02 13:00:00-05:00,110.11,109.02,-0.0,1.09
2025-12-02 14:00:00-05:00,108.82,107.74,-0.0,1.08
2025-12-02 15:00:00-05:00,103.57,102.75,-0.0,0.82
2025-12-02 16:00:00-05:00,118.2,117.03,-0.0,1.17
2025-12-02 17:00:00-05:00,146.83,145.38,-0.0,1.45
2025-12-02 18:00:00-05:00,125.99,124.87,-0.0,1.12
2025-12-02 19:00:00-05:00,114.12,113.1,-0.0,1.02
2025-12-02 20:00:00-05:00,101.87,100.96,-0.0,0.91
2025-12-02 21:00:00-05:00,95.0,91.17,2.92,0.91
2025-12-02 22:00:00-05:00,94.2,87.27,5.97,0.96
2025-12-02 23:00:00-05:00,80.48,79.52,-0.0,0.96
2025-12-03 00:00:00-05:00,87.65,86.87,-0.0,0.78
2025-12-03 01:00:00-05:00,83.88,83.13,-0.0,0.75
2025-12-03 02:00:00-05:00,85.38,84.53,-0.0,0.85
2025-12-03 03:00:00-05:00,85.35,84.59,-0.0,0.76
2025-12-03 04:00:00-05:00,85.62,84.86,-0.0,0.76
2025-12-03 05:00:00-05:00,84.65,83.73,-0.0,0.92
2025-12-03 06:00:00-05:00,117.68,116.86,-0.0,0.82
2025-12-03 07:00:00-05:00,133.1,132.3,-0.0,0.8
2025-12-03 08:00:00-05:00,125.0,124.37,-0.0,0.63
2025-12-03 09:00:00-05:00,105.0,104.47,-0.0,0.53
2025-12-03 10:00:00-05:00,92.3,91.84,-0.0,0.46
2025-12-03 11:00:00-05:00,90.0,89.46,-0.0,0.54
2025-12-03 12:00:00-05:00,91.01,90.46,-0.0,0.55
2025-12-03 13:00:00-05:00,87.98,87.54,-0.0,0.44
2025-12-03 14:00:00-05:00,89.35,88.64,-0.0,0.71
2025-12-03 15:00:00-05:00,103.46,102.94,-0.0,0.52
2025-12-03 16:00:00-05:00,125.0,124.62,-0.0,0.38
2025-12-03 17:00:00-05:00,145.08,144.64,-0.0,0.44
2025-12-03 18:00:00-05:00,126.51,126.26,-0.0,0.25
2025-12-03 19:00:00-05:00,117.88,117.76,-0.0,0.12
2025-12-03 20:00:00-05:00,99.11,98.91,-0.0,0.2
2025-12-03 21:00:00-05:00,93.04,92.85,-0.0,0.19
2025-12-03 22:00:00-05:00,87.54,87.1,-0.0,0.44
2025-12-03 23:00:00-05:00,80.33,80.01,-0.0,0.32
2025-12-04 00:00:00-05:00,118.8,75.72,42.78,0.3
2025-12-04 01:00:00-05:00,112.1,70.58,41.17,0.35
2025-12-04 02:00:00-05:00,106.4,70.64,35.41,0.35
2025-12-04 03:00:00-05:00,108.9,71.53,37.01,0.36
2025-12-04 04:00:00-05:00,117.6,71.02,46.15,0.43
2025-12-04 05:00:00-05:00,71.68,71.32,-0.0,0.36
2025-12-04 06:00:00-05:00,93.43,93.15,-0.0,0.28
2025-12-04 07:00:00-05:00,123.14,122.65,-0.0,0.49
2025-12-04 08:00:00-05:00,119.12,118.64,-0.0,0.48
2025-12-04 09:00:00-05:00,113.1,112.76,-0.0,0.34
2025-12-04 10:00:00-05:00,111.87,111.53,-0.0,0.34
2025-12-04 11:00:00-05:00,103.18,102.97,-0.0,0.21
2025-12-04 12:00:00-05:00,101.05,100.95,-0.0,0.1
2025-12-04 13:00:00-05:00,101.06,100.96,-0.0,0.1
2025-12-04 14:00:00-05:00,103.33,103.33,-0.0,0.0
2025-12-04 15:00:00-05:00,121.33,121.45,-0.0,-0.12
2025-12-04 16:00:00-05:00,155.27,155.58,-0.0,-0.31
2025-12-04 17:00:00-05:00,174.7,174.87,-0.0,-0.17
2025-12-04 18:00:00-05:00,168.3,168.3,-0.0,0.0
2025-12-04 19:00:00-05:00,157.1,157.1,-0.0,0.0
2025-12-04 20:00:00-05:00,153.15,153.0,-0.0,0.15
2025-12-04 21:00:00-05:00,137.69,137.55,-0.0,0.14
2025-12-04 22:00:00-05:00,134.29,133.89,-0.0,0.4
2025-12-04 23:00:00-05:00,124.75,124.38,-0.0,0.37
2025-12-05 00:00:00-05:00,169.43,168.41,-0.0,1.02
2025-12-05 01:00:00-05:00,144.95,143.66,-0.0,1.29
2025-12-05 02:00:00-05:00,129.11,127.96,-0.0,1.15
2025-12-05 03:00:00-05:00,126.31,125.06,-0.0,1.25
2025-12-05 04:00:00-05:00,125.09,123.85,-0.0,1.24
2025-12-05 05:00:00-05:00,134.23,133.04,-0.0,1.19
2025-12-05 06:00:00-05:00,168.57,167.24,-0.0,1.33
2025-12-05 07:00:00-05:00,206.01,204.38,-0.0,1.63
2025-12-05 08:00:00-05:00,182.04,180.6,-0.0,1.44
2025-12-05 09:00:00-05:00,163.11,161.97,-0.0,1.14
2025-12-05 10:00:00-05:00,135.9,135.08,-0.0,0.82
2025-12-05 11:00:00-05:00,125.17,124.29,-0.0,0.88
2025-12-05 12:00:00-05:00,117.4,116.58,-0.0,0.82
2025-12-05 13:00:00-05:00,114.05,113.25,-0.0,0.8
2025-12-05 14:00:00-05:00,127.53,126.64,-0.0,0.89
2025-12-05 15:00:00-05:00,157.51,156.41,-0.0,1.1
2025-12-05 16:00:00-05:00,186.95,185.64,-0.0,1.31
2025-12-05 17:00:00-05:00,223.29,221.95,-0.0,1.34
2025-12-05 18:00:00-05:00,197.27,196.09,-0.0,1.18
2025-12-05 19:00:00-05:00,179.3,178.22,-0.0,1.08
2025-12-05 20:00:00-05:00,163.08,162.1,-0.0,0.98
2025-12-05 21:00:00-05:00,133.42,132.75,-0.0,0.67
2025-12-05 22:00:00-05:00,141.12,140.27,-0.0,0.85
2025-12-05 23:00:00-05:00,134.41,133.6,-0.0,0.81
2025-12-06 00:00:00-05:00,125.03,124.4,-0.0,0.63
2025-12-06 01:00:00-05:00,114.55,113.75,-0.0,0.8
2025-12-06 02:00:00-05:00,107.51,106.76,-0.0,0.75
2025-12-06 03:00:00-05:00,99.22,98.53,-0.0,0.69
2025-12-06 04:00:00-05:00,104.41,103.68,-0.0,0.73
2025-12-06 05:00:00-05:00,102.93,102.21,-0.0,0.72
2025-12-06 06:00:00-05:00,111.9,111.23,-0.0,0.67
2025-12-06 07:00:00-05:00,118.61,117.9,-0.0,0.71
2025-12-06 08:00:00-05:00,132.44,132.04,-0.0,0.4
2025-12-06 09:00:00-05:00,130.19,129.8,-0.0,0.39
2025-12-06 10:00:00-05:00,122.38,122.01,-0.0,0.37
2025-12-06 11:00:00-05:00,120.48,119.88,-0.0,0.6
2025-12-06 12:00:00-05:00,116.44,116.09,-0.0,0.35
2025-12-06 13:00:00-05:00,113.12,112.78,-0.0,0.34
2025-12-06 14:00:00-05:00,110.53,110.09,-0.0,0.44
2025-12-06 15:00:00-05:00,117.72,117.25,-0.0,0.47
2025-12-06 16:00:00-05:00,143.08,143.08,-0.0,0.0
2025-12-06 17:00:00-05:00,153.0,153.0,-0.0,0.0
2025-12-06 18:00:00-05:00,149.21,149.06,-0.0,0.15
2025-12-06 19:00:00-05:00,137.79,137.65,-0.0,0.14
2025-12-06 20:00:00-05:00,132.58,132.58,-0.0,0.0
2025-12-06 21:00:00-05:00,120.78,120.66,-0.0,0.12
2025-12-06 22:00:00-05:00,119.52,119.28,-0.0,0.24
2025-12-06 23:00:00-05:00,113.74,113.51,-0.0,0.23
2025-12-07 00:00:00-05:00,122.63,122.14,-0.0,0.49
2025-12-07 01:00:00-05:00,115.87,115.29,-0.0,0.58
2025-12-07 02:00:00-05:00,111.01,110.57,-0.0,0.44
2025-12-07 03:00:00-05:00,109.8,109.25,-0.0,0.55
2025-12-07 04:00:00-05:00,115.7,114.89,-0.0,0.81
2025-12-07 05:00:00-05:00,113.31,112.52,-0.0,0.79
2025-12-07 06:00:00-05:00,116.05,115.13,-0.0,0.92
2025-12-07 07:00:00-05:00,120.96,120.11,-0.0,0.85
2025-12-07 08:00:00-05:00,121.2,120.35,-0.0,0.85
2025-12-07 09:00:00-05:00,122.14,121.53,-0.0,0.61
2025-12-07 10:00:00-05:00,123.65,123.4,-0.0,0.25
2025-12-07 11:00:00-05:00,124.73,124.61,-0.0,0.12
2025-12-07 12:00:00-05:00,130.98,130.72,-0.0,0.26
2025-12-07 13:00:00-05:00,133.0,132.87,-0.0,0.13
2025-12-07 14:00:00-05:00,133.78,133.24,-0.0,0.54
2025-12-07 15:00:00-05:00,137.25,136.7,-0.0,0.55
2025-12-07 16:00:00-05:00,156.51,155.88,-0.0,0.63
2025-12-07 17:00:00-05:00,177.34,176.63,-0.0,0.71
2025-12-07 18:00:00-05:00,165.34,164.84,-0.0,0.5
2025-12-07 19:00:00-05:00,149.06,148.61,-0.0,0.45
2025-12-07 20:00:00-05:00,138.32,137.91,-0.0,0.41
2025-12-07 21:00:00-05:00,127.0,126.62,-0.0,0.38
2025-12-07 22:00:00-05:00,126.27,125.76,-0.0,0.51
2025-12-07 23:00:00-05:00,121.21,120.73,-0.0,0.48
2025-12-08 00:00:00-05:00,144.0,114.76,28.33,0.91
2025-12-08 01:00:00-05:00,131.3,115.9,14.48,0.92
2025-12-08 02:00:00-05:00,121.3,114.3,6.09,0.91
2025-12-08 03:00:00-05:00,116.92,116.22,-0.0,0.7
2025-12-08 04:00:00-05:00,121.5,116.39,4.29,0.82
2025-12-08 05:00:00-05:00,139.6,116.68,22.1,0.82
2025-12-08 06:00:00-05:00,155.1,142.0,12.39,0.71
2025-12-08 07:00:00-05:00,216.8,165.29,50.85,0.66
2025-12-08 08:00:00-05:00,179.0,155.04,23.18,0.78
2025-12-08 09:00:00-05:00,144.5,142.38,1.4,0.72
2025-12-08 10:00:00-05:00,145.43,144.99,-0.0,0.44
2025-12-08 11:00:00-05:00,139.53,138.97,-0.0,0.56
2025-12-08 12:00:00-05:00,133.3,132.9,-0.0,0.4
2025-12-08 13:00:00-05:00,134.68,134.01,-0.0,0.67
2025-12-08 14:00:00-05:00,158.7,142.57,15.41,0.72
2025-12-08 15:00:00-05:00,188.1,165.41,21.86,0.83
2025-12-08 16:00:00-05:00,214.7,195.4,18.32,0.98
2025-12-08 17:00:00-05:00,245.9,238.55,6.15,1.2
2025-12-08 18:00:00-05:00,236.7,233.34,2.19,1.17
2025-12-08 19:00:00-05:00,216.9,196.92,19.19,0.79
2025-12-08 20:00:00-05:00,207.5,185.37,21.2,0.93
2025-12-08 21:00:00-05:00,175.81,175.28,-0.0,0.53
2025-12-08 22:00:00-05:00,166.4,163.0,2.58,0.82
2025-12-08 23:00:00-05:00,174.0,156.65,16.56,0.79
2025-12-09 00:00:00-05:00,149.37,148.62,-0.0,0.75
2025-12-09 01:00:00-05:00,136.25,135.43,-0.0,0.82
2025-12-09 02:00:00-05:00,132.28,131.35,-0.0,0.93
2025-12-09 03:00:00-05:00,133.59,132.65,-0.0,0.94
2025-12-09 04:00:00-05:00,132.69,131.64,-0.0,1.05
2025-12-09 05:00:00-05:00,139.03,137.93,-0.0,1.1
2025-12-09 06:00:00-05:00,166.09,164.78,-0.0,1.31
2025-12-09 07:00:00-05:00,209.79,208.32,-0.0,1.47
2025-12-09 08:00:00-05:00,191.36,190.21,-0.0,1.15
2025-12-09 09:00:00-05:00,163.99,163.17,-0.0,0.82
2025-12-09 10:00:00-05:00,155.3,154.37,-0.0,0.93
2025-12-09 11:00:00-05:00,142.87,142.16,-0.0,0.71
2025-12-09 12:00:00-05:00,138.61,137.92,-0.0,0.69
2025-12-09 13:00:00-05:00,130.9,130.11,-0.0,0.79
2025-12-09 14:00:00-05:00,137.95,137.12,-0.0,0.83
2025-12-09 15:00:00-05:00,140.02,139.18,-0.0,0.84
2025-12-09 16:00:00-05:00,155.52,154.59,-0.0,0.93
2025-12-09 17:00:00-05:00,182.37,181.28,-0.0,1.09
2025-12-09 18:00:00-05:00,162.85,162.2,-0.0,0.65
2025-12-09 19:00:00-05:00,144.14,143.56,-0.0,0.58
2025-12-09 20:00:00-05:00,138.48,138.06,-0.0,0.42
2025-12-09 21:00:00-05:00,126.53,126.15,-0.0,0.38
2025-12-09 22:00:00-05:00,128.58,128.19,-0.0,0.39
2025-12-09 23:00:00-05:00,118.51,118.04,-0.0,0.47
2025-12-10 00:00:00-05:00,116.83,116.36,-0.0,0.47
2025-12-10 01:00:00-05:00,111.38,110.93,-0.0,0.45
2025-12-10 02:00:00-05:00,110.0,109.56,-0.0,0.44
2025-12-10 03:00:00-05:00,104.18,103.66,-0.0,0.52
2025-12-10 04:00:00-05:00,103.89,103.27,-0.0,0.62
2025-12-10 05:00:00-05:00,107.79,107.14,-0.0,0.65
2025-12-10 06:00:00-05:00,119.25,118.65,-0.0,0.6
2025-12-10 07:00:00-05:00,150.26,149.51,-0.0,0.75
2025-12-10 08:00:00-05:00,143.19,142.62,-0.0,0.57
2025-12-10 09:00:00-05:00,148.21,147.62,-0.0,0.59
2025-12-10 10:00:00-05:00,128.32,127.68,-0.0,0.64
2025-12-10 11:00:00-05:00,130.96,130.44,-0.0,0.52
2025-12-10 12:00:00-05:00,122.79,122.3,-0.0,0.49
2025-12-10 13:00:00-05:00,115.44,114.98,-0.0,0.46
2025-12-10 14:00:00-05:00,117.23,116.76,-0.0,0.47
2025-12-10 15:00:00-05:00,117.6,117.13,-0.0,0.47
2025-12-10 16:00:00-05:00,128.92,128.53,-0.0,0.39
2025-12-10 17:00:00-05:00,145.26,145.11,-0.0,0.15
2025-12-10 18:00:00-05:00,127.09,126.96,-0.0,0.13
2025-12-10 19:00:00-05:00,120.27,120.03,-0.0,0.24
2025-12-10 20:00:00-05:00,113.03,112.92,-0.0,0.11
2025-12-10 21:00:00-05:00,101.88,101.68,-0.0,0.2
2025-12-10 22:00:00-05:00,96.71,96.32,-0.0,0.39
2025-12-10 23:00:00-05:00,93.57,93.2,-0.0,0.37
2025-12-11 00:00:00-05:00,84.62,84.03,-0.0,0.59
2025-12-11 01:00:00-05:00,81.76,81.19,-0.0,0.57
2025-12-11 02:00:00-05:00,79.0,78.45,-0.0,0.55
2025-12-11 03:00:00-05:00,78.96,78.49,-0.0,0.47
2025-12-11 04:00:00-05:00,82.61,82.2,-0.0,0.41
2025-12-11 05:00:00-05:00,82.43,82.02,-0.0,0.41
2025-12-11 06:00:00-05:00,107.03,106.71,-0.0,0.32
2025-12-11 07:00:00-05:00,120.14,119.9,-0.0,0.24
2025-12-11 08:00:00-05:00,118.12,117.88,-0.0,0.24
2025-12-11 09:00:00-05:00,113.25,113.25,-0.0,0.0
2025-12-11 10:00:00-05:00,117.33,117.33,-0.0,0.0
2025-12-11 11:00:00-05:00,113.23,113.12,-0.0,0.11
2025-12-11 12:00:00-05:00,111.64,111.64,-0.0,0.0
2025-12-11 13:00:00-05:00,110.37,110.37,-0.0,0.0
2025-12-11 14:00:00-05:00,114.25,114.36,-0.0,-0.11
2025-12-11 15:00:00-05:00,121.53,121.65,-0.0,-0.12
2025-12-11 16:00:00-05:00,155.4,155.71,-0.0,-0.31
2025-12-11 17:00:00-05:00,180.58,181.12,-0.0,-0.54
2025-12-11 18:00:00-05:00,169.83,170.34,-0.0,-0.51
2025-12-11 19:00:00-05:00,157.11,157.58,-0.0,-0.47
2025-12-11 20:00:00-05:00,143.47,143.76,-0.0,-0.29
2025-12-11 21:00:00-05:00,128.08,128.46,-0.0,-0.38
2025-12-11 22:00:00-05:00,116.03,116.15,-0.0,-0.12
2025-12-11 23:00:00-05:00,111.46,111.57,-0.0,-0.11
2025-12-12 00:00:00-05:00,107.83,107.61,-0.0,0.22
2025-12-12 01:00:00-05:00,104.28,103.97,-0.0,0.31
2025-12-12 02:00:00-05:00,99.72,99.42,-0.0,0.3
2025-12-12 03:00:00-05:00,102.43,102.02,-0.0,0.41
2025-12-12 04:00:00-05:00,101.99,101.58,-0.0,0.41
2025-12-12 05:00:00-05:00,148.3,99.04,48.76,0.5
2025-12-12 06:00:00-05:00,153.0,126.57,25.92,0.51
2025-12-12 07:00:00-05:00,205.0,171.83,32.48,0.69
2025-12-12 08:00:00-05:00,186.8,159.93,26.23,0.64
2025-12-12 09:00:00-05:00,155.0,132.63,22.1,0.27
2025-12-12 10:00:00-05:00,153.0,122.27,30.36,0.37
2025-12-12 11:00:00-05:00,153.0,120.71,31.81,0.48
2025-12-12 12:00:00-05:00,115.95,115.6,-0.0,0.35
2025-12-12 13:00:00-05:00,120.26,119.9,-0.0,0.36
2025-12-12 14:00:00-05:00,121.41,121.17,-0.0,0.24
2025-12-12 15:00:00-05:00,136.72,136.31,-0.0,0.41
2025-12-12 16:00:00-05:00,153.0,153.76,-0.0,-0.76
2025-12-12 17:00:00-05:00,165.14,166.3,-0.0,-1.16
2025-12-12 18:00:00-05:00,155.63,156.72,-0.0,-1.09
2025-12-12 19:00:00-05:00,153.0,156.45,-2.52,-0.93
2025-12-12 20:00:00-05:00,153.0,149.88,2.52,0.6
2025-12-12 21:00:00-05:00,153.0,132.46,19.74,0.8
2025-12-12 22:00:00-05:00,135.19,134.51,-0.0,0.68
2025-12-12 23:00:00-05:00,129.58,128.8,-0.0,0.78
2025-12-13 00:00:00-05:00,110.71,109.84,-0.0,0.87
2025-12-13 01:00:00-05:00,107.04,106.19,-0.0,0.85
2025-12-13 02:00:00-05:00,94.15,93.31,-0.0,0.84
2025-12-13 03:00:00-05:00,92.62,91.8,-0.0,0.82
2025-12-13 04:00:00-05:00,91.26,90.45,-0.0,0.81
2025-12-13 05:00:00-05:00,92.29,91.56,-0.0,0.73
2025-12-13 06:00:00-05:00,97.66,96.89,-0.0,0.77
2025-12-13 07:00:00-05:00,100.87,100.07,-0.0,0.8
2025-12-13 08:00:00-05:00,103.0,102.19,-0.0,0.81
2025-12-13 09:00:00-05:00,104.39,103.66,-0.0,0.73
2025-12-13 10:00:00-05:00,114.06,113.26,-0.0,0.8
2025-12-13 11:00:00-05:00,109.87,109.0,-0.0,0.87
2025-12-13 12:00:00-05:00,107.27,106.52,-0.0,0.75
2025-12-13 13:00:00-05:00,110.44,109.78,-0.0,0.66
2025-12-13 14:00:00-05:00,105.8,105.27,-0.0,0.53
2025-12-13 15:00:00-05:00,108.42,107.88,-0.0,0.54
2025-12-13 16:00:00-05:00,124.39,124.02,-0.0,0.37
2025-12-13 17:00:00-05:00,137.2,136.93,-0.0,0.27
2025-12-13 18:00:00-05:00,127.45,127.32,-0.0,0.13
2025-12-13 19:00:00-05:00,121.0,120.64,-0.0,0.36
2025-12-13 20:00:00-05:00,121.7,121.21,-0.0,0.49
2025-12-13 21:00:00-05:00,117.69,117.1,-0.0,0.59
2025-12-13 22:00:00-05:00,115.24,114.43,-0.0,0.81
2025-12-13 23:00:00-05:00,112.41,111.62,-0.0,0.79
2025-12-14 00:00:00-05:00,117.3,116.37,-0.0,0.93
2025-12-14 01:00:00-05:00,114.11,112.98,-0.0,1.13
2025-12-14 02:00:00-05:00,109.02,107.94,-0.0,1.08
2025-12-14 03:00:00-05:00,102.84,101.82,-0.0,1.02
2025-12-14 04:00:00-05:00,105.9,104.75,-0.0,1.15
2025-12-14 05:00:00-05:00,108.97,107.78,-0.0,1.19
2025-12-14 06:00:00-05:00,108.37,107.19,-0.0,1.18
2025-12-14 07:00:00-05:00,114.08,112.95,-0.0,1.13
2025-12-14 08:00:00-05:00,116.8,115.64,-0.0,1.16
2025-12-14 09:00:00-05:00,117.98,116.81,-0.0,1.17
2025-12-14 10:00:00-05:00,131.74,130.57,-0.0,1.17
2025-12-14 11:00:00-05:00,131.08,129.91,-0.0,1.17
2025-12-14 12:00:00-05:00,127.76,126.75,-0.0,1.01
2025-12-14 13:00:00-05:00,131.84,130.8,-0.0,1.04
2025-12-14 14:00:00-05:00,135.97,134.9,-0.0,1.07
2025-12-14 15:00:00-05:00,139.19,145.5,-7.34,1.03
2025-12-14 16:00:00-05:00,168.1,159.8,7.34,0.96
2025-12-14 17:00:00-05:00,187.54,186.79,-0.0,0.75
2025-12-14 18:00:00-05:00,177.94,177.23,-0.0,0.71
2025-12-14 19:00:00-05:00,165.94,165.11,-0.0,0.83
2025-12-14 20:00:00-05:00,157.09,156.3,-0.0,0.79
2025-12-14 21:00:00-05:00,143.93,143.35,-0.0,0.58
2025-12-14 22:00:00-05:00,144.11,143.68,-0.0,0.43
2025-12-14 23:00:00-05:00,136.32,135.5,-0.0,0.82
2025-12-15 00:00:00-05:00,134.14,133.6,-0.0,0.54
2025-12-15 01:00:00-05:00,128.86,128.22,-0.0,0.64
2025-12-15 02:00:00-05:00,126.56,125.93,-0.0,0.63
2025-12-15 03:00:00-05:00,126.81,126.18,-0.0,0.63
2025-12-15 04:00:00-05:00,126.43,125.67,-0.0,0.76
2025-12-15 05:00:00-05:00,134.16,133.36,-0.0,0.8
2025-12-15 06:00:00-05:00,153.0,153.0,-0.0,0.0
2025-12-15 07:00:00-05:00,199.2,198.4,-0.0,0.8
2025-12-15 08:00:00-05:00,172.3,171.61,-0.0,0.69
2025-12-15 09:00:00-05:00,152.21,151.75,-0.0,0.46
2025-12-15 10:00:00-05:00,151.79,151.18,-0.0,0.61
2025-12-15 11:00:00-05:00,145.45,144.87,-0.0,0.58
2025-12-15 12:00:00-05:00,142.56,142.13,-0.0,0.43
2025-12-15 13:00:00-05:00,143.3,143.01,-0.0,0.29
2025-12-15 14:00:00-05:00,146.56,145.97,-0.0,0.59
2025-12-15 15:00:00-05:00,153.0,152.44,-0.05,0.61
2025-12-15 16:00:00-05:00,179.66,178.89,0.05,0.72
2025-12-15 17:00:00-05:00,208.61,207.78,-0.0,0.83
2025-12-15 18:00:00-05:00,188.96,188.39,-0.0,0.57
2025-12-15 19:00:00-05:00,181.02,179.57,0.73,0.72
2025-12-15 20:00:00-05:00,153.0,154.5,-0.73,-0.77
2025-12-15 21:00:00-05:00,151.01,145.67,4.9,0.44
2025-12-15 22:00:00-05:00,141.64,145.81,-4.9,0.73
2025-12-15 23:00:00-05:00,139.27,138.17,-0.0,1.1
2025-12-16 00:00:00-05:00,131.67,130.88,-0.0,0.79
2025-12-16 01:00:00-05:00,126.32,125.44,-0.0,0.88
2025-12-16 02:00:00-05:00,124.21,123.34,-0.0,0.87
2025-12-16 03:00:00-05:00,124.73,123.86,-0.0,0.87
2025-12-16 04:00:00-05:00,125.08,124.2,-0.0,0.88
2025-12-16 05:00:00-05:00,127.01,126.12,-0.0,0.89
2025-12-16 06:00:00-05:00,140.89,140.04,-0.0,0.85
2025-12-16 07:00:00-05:00,196.18,195.2,-0.0,0.98
2025-12-16 08:00:00-05:00,168.74,167.9,-0.0,0.84
2025-12-16 09:00:00-05:00,146.21,145.48,-0.0,0.73
2025-12-16 10:00:00-05:00,126.18,125.42,-0.0,0.76
2025-12-16 11:00:00-05:00,119.49,118.77,-0.0,0.72
2025-12-16 12:00:00-05:00,117.87,117.4,-0.0,0.47
2025-12-16 13:00:00-05:00,117.12,116.65,-0.0,0.47
2025-12-16 14:00:00-05:00,120.46,119.74,-0.0,0.72
2025-12-16 15:00:00-05:00,125.87,125.11,-0.0,0.76
2025-12-16 16:00:00-05:00,158.96,158.17,-0.0,0.79
2025-12-16 17:00:00-05:00,176.06,175.0,-0.0,1.06
2025-12-16 18:00:00-05:00,142.73,142.16,-0.0,0.57
2025-12-16 19:00:00-05:00,125.72,125.09,-0.0,0.63
2025-12-16 20:00:00-05:00,110.88,110.21,-0.0,0.67
2025-12-16 21:00:00-05:00,91.56,91.01,-0.0,0.55
2025-12-16 22:00:00-05:00,93.03,92.38,-0.0,0.65
2025-12-16 23:00:00-05:00,93.77,93.21,-0.0,0.56
2025-12-17 00:00:00-05:00,87.47,86.95,-0.0,0.52
2025-12-17 01:00:00-05:00,87.91,87.29,-0.0,0.62
2025-12-17 02:00:00-05:00,77.78,77.31,-0.0,0.47
2025-12-17 03:00:00-05:00,78.05,77.5,-0.0,0.55
2025-12-17 04:00:00-05:00,82.78,82.28,-0.0,0.5
2025-12-17 05:00:00-05:00,70.65,70.23,-0.0,0.42
2025-12-17 06:00:00-05:00,93.07,92.6,-0.0,0.47
2025-12-17 07:00:00-05:00,83.36,82.94,-0.0,0.42
2025-12-17 08:00:00-05:00,89.28,88.83,-0.0,0.45
2025-12-17 09:00:00-05:00,94.5,94.03,-0.0,0.47
2025-12-17 10:00:00-05:00,84.48,84.31,-0.0,0.17
2025-12-17 11:00:00-05:00,82.89,82.72,-0.0,0.17
2025-12-17 12:00:00-05:00,79.83,79.67,-0.0,0.16
2025-12-17 13:00:00-05:00,78.7,78.54,-0.0,0.16
2025-12-17 14:00:00-05:00,79.45,79.29,-0.0,0.16
2025-12-17 15:00:00-05:00,93.31,93.12,-0.0,0.19
2025-12-17 16:00:00-05:00,103.74,103.43,-0.0,0.31
2025-12-17 17:00:00-05:00,121.83,121.59,-0.0,0.24
2025-12-17 18:00:00-05:00,116.24,116.12,-0.0,0.12
2025-12-17 19:00:00-05:00,111.27,111.16,-0.0,0.11
2025-12-17 20:00:00-05:00,109.94,109.72,-0.0,0.22
2025-12-17 21:00:00-05:00,90.31,90.13,-0.0,0.18
2025-12-17 22:00:00-05:00,94.69,94.22,-0.0,0.47
2025-12-17 23:00:00-05:00,80.28,79.88,-0.0,0.4
2025-12-18 00:00:00-05:00,66.08,65.75,-0.0,0.33
2025-12-18 01:00:00-05:00,62.4,61.96,-0.0,0.44
2025-12-18 02:00:00-05:00,57.46,57.06,-0.0,0.4
2025-12-18 03:00:00-05:00,57.95,57.49,-0.0,0.46
2025-12-18 04:00:00-05:00,56.89,56.49,-0.0,0.4
2025-12-18 05:00:00-05:00,58.6,58.25,-0.0,0.35
2025-12-18 06:00:00-05:00,63.31,62.93,-0.0,0.38
2025-12-18 07:00:00-05:00,73.25,72.74,-0.0,0.51
2025-12-18 08:00:00-05:00,64.63,64.24,-0.0,0.39
2025-12-18 09:00:00-05:00,58.34,57.99,-0.0,0.35
2025-12-18 10:00:00-05:00,56.78,56.5,-0.0,0.28
2025-12-18 11:00:00-05:00,53.35,53.08,-0.0,0.27
2025-12-18 12:00:00-05:00,50.42,50.22,-0.0,0.2
2025-12-18 13:00:00-05:00,51.06,50.91,-0.0,0.15
2025-12-18 14:00:00-05:00,54.36,54.31,-0.0,0.05
2025-12-18 15:00:00-05:00,58.83,59.55,-0.72,0.0
2025-12-18 16:00:00-05:00,67.32,66.6,0.72,0.0
2025-12-18 17:00:00-05:00,71.9,71.97,-0.0,-0.07
2025-12-18 18:00:00-05:00,68.84,68.91,-0.0,-0.07
2025-12-18 19:00:00-05:00,62.61,62.67,-0.0,-0.06
2025-12-18 20:00:00-05:00,60.16,60.22,-0.0,-0.06
2025-12-18 21:00:00-05:00,56.03,56.09,-0.0,-0.06
2025-12-18 22:00:00-05:00,50.22,50.22,-0.0,0.0
2025-12-18 23:00:00-05:00,45.29,45.29,-0.0,0.0
2025-12-19 00:00:00-05:00,39.68,39.68,-0.0,0.0
2025-12-19 01:00:00-05:00,38.17,38.13,-0.0,0.04
2025-12-19 02:00:00-05:00,37.19,37.19,-0.0,0.0
2025-12-19 03:00:00-05:00,36.61,36.61,-0.0,0.0
2025-12-19 04:00:00-05:00,35.3,35.3,-0.0,0.0
2025-12-19 05:00:00-05:00,37.06,37.02,-0.0,0.04
2025-12-19 06:00:00-05:00,42.83,42.83,-0.0,0.0
2025-12-19 07:00:00-05:00,49.15,49.15,-0.0,0.0
2025-12-19 08:00:00-05:00,52.68,52.63,-0.0,0.05
2025-12-19 09:00:00-05:00,54.17,54.17,-0.0,0.0
2025-12-19 10:00:00-05:00,53.07,53.02,-0.0,0.05
2025-12-19 11:00:00-05:00,51.85,51.8,-0.0,0.05
2025-12-19 12:00:00-05:00,50.47,50.42,-0.0,0.05
2025-12-19 13:00:00-05:00,47.96,47.91,-0.0,0.05
2025-12-19 14:00:00-05:00,46.28,46.23,-0.0,0.05
2025-12-19 15:00:00-05:00,51.02,50.92,-0.0,0.1
2025-12-19 16:00:00-05:00,61.03,61.03,-0.0,0.0
2025-12-19 17:00:00-05:00,71.48,71.55,-0.0,-0.07
2025-12-19 18:00:00-05:00,65.99,66.12,-0.0,-0.13
2025-12-19 19:00:00-05:00,60.69,60.75,-0.0,-0.06
2025-12-19 20:00:00-05:00,59.38,59.44,-0.0,-0.06
2025-12-19 21:00:00-05:00,56.09,56.09,-0.0,0.0
2025-12-19 22:00:00-05:00,52.69,52.58,-0.0,0.11
2025-12-19 23:00:00-05:00,50.3,50.25,-0.0,0.05
2025-12-20 00:00:00-05:00,48.92,48.87,-0.0,0.05
2025-12-20 01:00:00-05:00,47.21,47.12,-0.0,0.09
2025-12-20 02:00:00-05:00,45.54,45.49,-0.0,0.05
2025-12-20 03:00:00-05:00,44.91,44.87,-0.0,0.04
2025-12-20 04:00:00-05:00,46.42,46.33,-0.0,0.09
2025-12-20 05:00:00-05:00,45.99,45.9,-0.0,0.09
2025-12-20 06:00:00-05:00,53.72,53.56,-0.0,0.16
2025-12-20 07:00:00-05:00,58.98,58.69,-0.0,0.29
2025-12-20 08:00:00-05:00,62.06,61.69,-0.0,0.37
2025-12-20 09:00:00-05:00,55.95,51.33,4.21,0.41
2025-12-20 10:00:00-05:00,54.25,58.0,-4.21,0.46
2025-12-20 11:00:00-05:00,52.74,52.32,-0.0,0.42
2025-12-20 12:00:00-05:00,53.13,52.76,-0.0,0.37
2025-12-20 13:00:00-05:00,53.98,53.6,-0.0,0.38
2025-12-20 14:00:00-05:00,55.78,55.39,-0.0,0.39
2025-12-20 15:00:00-05:00,57.65,57.3,-0.0,0.35
2025-12-20 16:00:00-05:00,69.73,69.31,-0.0,0.42
2025-12-20 17:00:00-05:00,76.07,75.69,-0.0,0.38
2025-12-20 18:00:00-05:00,67.99,67.79,-0.0,0.2
2025-12-20 19:00:00-05:00,64.2,64.01,-0.0,0.19
2025-12-20 20:00:00-05:00,55.05,54.88,-0.0,0.17
2025-12-20 21:00:00-05:00,52.3,52.04,-0.0,0.26
2025-12-20 22:00:00-05:00,53.49,53.28,-0.0,0.21
2025-12-20 23:00:00-05:00,52.96,52.8,-0.0,0.16
2025-12-21 00:00:00-05:00,51.3,51.15,-0.0,0.15
2025-12-21 01:00:00-05:00,47.88,47.78,-0.0,0.1
2025-12-21 02:00:00-05:00,44.92,44.83,-0.0,0.09
2025-12-21 03:00:00-05:00,42.61,42.52,-0.0,0.09
2025-12-21 04:00:00-05:00,42.95,42.86,-0.0,0.09
2025-12-21 05:00:00-05:00,43.36,43.27,-0.0,0.09
2025-12-21 06:00:00-05:00,46.43,46.29,-0.0,0.14
2025-12-21 07:00:00-05:00,51.06,50.96,-0.0,0.1
2025-12-21 08:00:00-05:00,50.98,50.88,-0.0,0.1
2025-12-21 09:00:00-05:00,49.43,49.28,-0.0,0.15
2025-12-21 10:00:00-05:00,48.34,48.24,-0.0,0.1
2025-12-21 11:00:00-05:00,46.7,46.61,-0.0,0.09
2025-12-21 12:00:00-05:00,46.17,46.12,-0.0,0.05
2025-12-21 13:00:00-05:00,45.91,45.91,-0.0,0.0
2025-12-21 14:00:00-05:00,53.57,53.41,-0.0,0.16
2025-12-21 15:00:00-05:00,58.32,58.09,-0.0,0.23
2025-12-21 16:00:00-05:00,70.0,69.72,-0.0,0.28
2025-12-21 17:00:00-05:00,79.95,79.55,-0.0,0.4
2025-12-21 18:00:00-05:00,73.0,72.71,-0.0,0.29
2025-12-21 19:00:00-05:00,71.23,71.02,-0.0,0.21
2025-12-21 20:00:00-05:00,66.81,66.61,-0.0,0.2
2025-12-21 21:00:00-05:00,63.57,63.38,-0.0,0.19
2025-12-21 22:00:00-05:00,68.27,68.07,-0.0,0.2
2025-12-21 23:00:00-05:00,62.1,61.85,-0.0,0.25
2025-12-22 00:00:00-05:00,63.5,63.12,-0.0,0.38
2025-12-22 01:00:00-05:00,60.53,60.23,-0.0,0.3
2025-12-22 02:00:00-05:00,58.52,58.11,-0.0,0.41
2025-12-22 03:00:00-05:00,58.47,58.12,-0.0,0.35
2025-12-22 04:00:00-05:00,59.69,59.27,-0.0,0.42
2025-12-22 05:00:00-05:00,61.17,60.63,-0.0,0.54
2025-12-22 06:00:00-05:00,81.17,80.68,-0.0,0.49
2025-12-22 07:00:00-05:00,98.42,97.83,-0.0,0.59
2025-12-22 08:00:00-05:00,89.25,92.21,-3.52,0.56
2025-12-22 09:00:00-05:00,71.14,67.09,3.52,0.53
2025-12-22 10:00:00-05:00,67.91,67.43,-0.0,0.48
2025-12-22 11:00:00-05:00,63.32,62.94,-0.0,0.38
2025-12-22 12:00:00-05:00,61.36,60.99,-0.0,0.37
2025-12-22 13:00:00-05:00,62.44,62.0,-0.0,0.44
2025-12-22 14:00:00-05:00,70.93,70.43,-0.0,0.5
2025-12-22 15:00:00-05:00,77.7,77.16,-0.0,0.54
2025-12-22 16:00:00-05:00,96.27,95.51,-0.0,0.76
2025-12-22 17:00:00-05:00,107.34,106.38,-0.0,0.96
2025-12-22 18:00:00-05:00,100.54,99.65,-0.0,0.89
2025-12-22 19:00:00-05:00,96.29,95.43,-0.0,0.86
2025-12-22 20:00:00-05:00,78.06,77.37,-0.0,0.69
2025-12-22 21:00:00-05:00,76.01,73.37,1.98,0.66
2025-12-22 22:00:00-05:00,70.21,71.4,-1.98,0.79
2025-12-22 23:00:00-05:00,68.54,67.72,-0.0,0.82
2025-12-23 00:00:00-05:00,58.4,57.88,-0.0,0.52
2025-12-23 01:00:00-05:00,56.25,55.75,-0.0,0.5
2025-12-23 02:00:00-05:00,52.28,51.76,-0.0,0.52
2025-12-23 03:00:00-05:00,50.35,49.85,-0.0,0.5
2025-12-23 04:00:00-05:00,52.88,52.36,-0.0,0.52
2025-12-23 05:00:00-05:00,57.22,56.71,-0.0,0.51
2025-12-23 06:00:00-05:00,64.31,63.67,-0.0,0.64
2025-12-23 07:00:00-05:00,71.15,69.97,0.62,0.56
2025-12-23 08:00:00-05:00,75.43,71.99,2.93,0.51
2025-12-23 09:00:00-05:00,76.1,79.09,-3.55,0.56
2025-12-23 10:00:00-05:00,75.46,75.01,-0.0,0.45
2025-12-23 11:00:00-05:00,72.86,72.42,-0.0,0.44
2025-12-23 12:00:00-05:00,67.65,67.12,-0.0,0.53
2025-12-23 13:00:00-05:00,67.4,66.87,-0.0,0.53
2025-12-23 14:00:00-05:00,68.58,67.97,-0.0,0.61
2025-12-23 15:00:00-05:00,65.17,64.66,-0.0,0.51
2025-12-23 16:00:00-05:00,69.28,68.8,-0.0,0.48
2025-12-23 17:00:00-05:00,75.98,75.68,-0.0,0.3
2025-12-23 18:00:00-05:00,68.2,67.72,-0.0,0.48
2025-12-23 19:00:00-05:00,61.82,61.45,-0.0,0.37
2025-12-23 20:00:00-05:00,60.9,60.53,-0.0,0.37
2025-12-23 21:00:00-05:00,57.63,57.34,-0.0,0.29
2025-12-23 22:00:00-05:00,53.0,52.68,-0.0,0.32
2025-12-23 23:00:00-05:00,51.15,50.84,-0.0,0.31
2025-12-24 00:00:00-05:00,46.05,45.73,-0.0,0.32
2025-12-24 01:00:00-05:00,42.16,41.83,-0.0,0.33
2025-12-24 02:00:00-05:00,39.12,38.85,-0.0,0.27
2025-12-24 03:00:00-05:00,38.49,38.22,-0.0,0.27
2025-12-24 04:00:00-05:00,38.47,38.2,-0.0,0.27
2025-12-24 05:00:00-05:00,43.01,42.71,-0.0,0.3
2025-12-24 06:00:00-05:00,53.21,52.84,-0.0,0.37
2025-12-24 07:00:00-05:00,59.25,58.84,-0.0,0.41
2025-12-24 08:00:00-05:00,59.16,58.75,-0.0,0.41
2025-12-24 09:00:00-05:00,56.27,55.93,-0.0,0.34
2025-12-24 10:00:00-05:00,56.04,55.65,-0.0,0.39
2025-12-24 11:00:00-05:00,54.34,53.96,-0.0,0.38
2025-12-24 12:00:00-05:00,52.53,52.12,-0.0,0.41
2025-12-24 13:00:00-05:00,55.53,55.14,-0.0,0.39
2025-12-24 14:00:00-05:00,59.75,59.33,-0.0,0.42
2025-12-24 15:00:00-05:00,61.21,60.78,-0.0,0.43
2025-12-24 16:00:00-05:00,69.22,68.53,-0.0,0.69
2025-12-24 17:00:00-05:00,83.03,82.45,-0.0,0.58
2025-12-24 18:00:00-05:00,69.77,69.15,-0.0,0.62
2025-12-24 19:00:00-05:00,66.67,66.08,-0.0,0.59
2025-12-24 20:00:00-05:00,63.06,62.5,-0.0,0.56
2025-12-24 21:00:00-05:00,60.11,59.58,-0.0,0.53
2025-12-24 22:00:00-05:00,59.49,58.96,-0.0,0.53
2025-12-24 23:00:00-05:00,56.18,55.68,-0.0,0.5
2025-12-25 00:00:00-05:00,50.38,49.83,-0.0,0.55
2025-12-25 01:00:00-05:00,46.6,46.14,-0.0,0.46
2025-12-25 02:00:00-05:00,45.18,44.78,-0.0,0.4
2025-12-25 03:00:00-05:00,44.0,41.6,1.98,0.42
2025-12-25 04:00:00-05:00,44.0,41.34,2.25,0.41
2025-12-25 05:00:00-05:00,44.0,42.93,0.6,0.47
2025-12-25 06:00:00-05:00,47.02,46.55,-0.0,0.47
2025-12-25 07:00:00-05:00,47.75,47.33,-0.0,0.42
2025-12-25 08:00:00-05:00,50.21,49.71,-0.0,0.5
2025-12-25 09:00:00-05:00,48.13,47.75,-0.0,0.38
2025-12-25 10:00:00-05:00,52.56,52.14,-0.0,0.42
2025-12-25 11:00:00-05:00,48.0,47.62,-0.0,0.38
2025-12-25 12:00:00-05:00,47.42,47.05,-0.0,0.37
2025-12-25 13:00:00-05:00,45.29,44.97,-0.0,0.32
2025-12-25 14:00:00-05:00,45.31,44.99,-0.0,0.32
2025-12-25 15:00:00-05:00,49.81,49.46,-0.0,0.35
2025-12-25 16:00:00-05:00,54.67,54.29,-0.0,0.38
2025-12-25 17:00:00-05:00,59.6,59.18,-0.0,0.42
2025-12-25 18:00:00-05:00,56.39,56.0,-0.0,0.39
2025-12-25 19:00:00-05:00,55.06,54.67,-0.0,0.39
2025-12-25 20:00:00-05:00,55.03,54.54,-0.0,0.49
2025-12-25 21:00:00-05:00,54.52,54.03,-0.0,0.49
2025-12-25 22:00:00-05:00,56.98,56.42,-0.0,0.56
2025-12-25 23:00:00-05:00,54.12,53.58,-0.0,0.54
2025-12-26 00:00:00-05:00,65.05,64.34,-0.0,0.71
2025-12-26 01:00:00-05:00,59.07,58.37,-0.0,0.7
2025-12-26 02:00:00-05:00,54.68,54.03,-0.0,0.65
2025-12-26 03:00:00-05:00,54.7,54.0,-0.0,0.7
2025-12-26 04:00:00-05:00,54.28,53.63,-0.0,0.65
2025-12-26 05:00:00-05:00,61.63,60.84,-0.0,0.79
2025-12-26 06:00:00-05:00,69.35,68.46,-0.0,0.89
2025-12-26 07:00:00-05:00,78.64,77.78,-0.0,0.86
2025-12-26 08:00:00-05:00,79.57,78.86,-0.0,0.71
2025-12-26 09:00:00-05:00,76.55,75.87,-0.0,0.68
2025-12-26 10:00:00-05:00,77.46,76.77,-0.0,0.69
2025-12-26 11:00:00-05:00,87.71,86.93,-0.0,0.78
2025-12-26 12:00:00-05:00,83.8,83.05,-0.0,0.75
2025-12-26 13:00:00-05:00,81.12,80.4,-0.0,0.72
2025-12-26 14:00:00-05:00,82.8,82.06,-0.0,0.74
2025-12-26 15:00:00-05:00,82.72,82.07,-0.0,0.65
2025-12-26 16:00:00-05:00,92.7,92.05,-0.0,0.65
2025-12-26 17:00:00-05:00,107.73,106.98,-0.0,0.75
2025-12-26 18:00:00-05:00,101.45,100.84,-0.0,0.61
2025-12-26 19:00:00-05:00,94.16,93.6,-0.0,0.56
2025-12-26 20:00:00-05:00,92.78,92.05,-0.0,0.73
2025-12-26 21:00:00-05:00,82.5,81.92,-0.0,0.58
2025-12-26 22:00:00-05:00,78.33,77.71,-0.0,0.62
2025-12-26 23:00:00-05:00,80.0,79.37,-0.0,0.63
2025-12-27 00:00:00-05:00,82.15,81.34,-0.0,0.81
2025-12-27 01:00:00-05:00,70.8,70.03,-0.0,0.77
2025-12-27 02:00:00-05:00,69.28,68.39,-0.0,0.89
2025-12-27 03:00:00-05:00,66.87,65.95,-0.0,0.92
2025-12-27 04:00:00-05:00,67.53,66.6,-0.0,0.93
2025-12-27 05:00:00-05:00,69.99,69.09,-0.0,0.9
2025-12-27 06:00:00-05:00,72.11,71.32,-0.0,0.79
2025-12-27 07:00:00-05:00,71.5,70.72,-0.0,0.78
2025-12-27 08:00:00-05:00,80.11,79.24,-0.0,0.87
2025-12-27 09:00:00-05:00,93.3,92.28,-0.0,1.02
2025-12-27 10:00:00-05:00,90.31,89.24,-0.0,1.07
2025-12-27 11:00:00-05:00,95.41,94.19,-0.0,1.22
2025-12-27 12:00:00-05:00,84.64,83.56,-0.0,1.08
2025-12-27 13:00:00-05:00,77.07,76.15,-0.0,0.92
2025-12-27 14:00:00-05:00,77.12,76.2,-0.0,0.92
2025-12-27 15:00:00-05:00,83.19,82.13,-0.0,1.06
2025-12-27 16:00:00-05:00,95.39,94.45,-0.0,0.94
2025-12-27 17:00:00-05:00,109.99,108.9,-0.0,1.09
2025-12-27 18:00:00-05:00,98.89,98.01,-0.0,0.88
2025-12-27 19:00:00-05:00,91.95,91.04,-0.0,0.91
2025-12-27 20:00:00-05:00,88.36,87.31,-0.0,1.05
2025-12-27 21:00:00-05:00,83.91,82.91,-0.0,1.0
2025-12-27 22:00:00-05:00,88.11,86.89,-0.0,1.22
2025-12-27 23:00:00-05:00,87.8,86.76,-0.0,1.04
2025-12-28 00:00:00-05:00,108.5,107.64,-0.0,0.86
2025-12-28 01:00:00-05:00,92.3,91.57,-0.0,0.73
2025-12-28 02:00:00-05:00,80.0,79.29,-0.0,0.71
2025-12-28 03:00:00-05:00,80.0,79.21,-0.0,0.79
2025-12-28 04:00:00-05:00,80.0,79.21,-0.0,0.79
2025-12-28 05:00:00-05:00,87.38,86.51,-0.0,0.87
2025-12-28 06:00:00-05:00,88.3,87.43,-0.0,0.87
2025-12-28 07:00:00-05:00,88.25,87.38,-0.0,0.87
2025-12-28 08:00:00-05:00,76.25,75.5,-0.0,0.75
2025-12-28 09:00:00-05:00,75.0,74.33,-0.0,0.67
2025-12-28 10:00:00-05:00,69.23,68.61,-0.0,0.62
2025-12-28 11:00:00-05:00,66.26,65.67,-0.0,0.59
2025-12-28 12:00:00-05:00,65.0,64.36,-0.0,0.64
2025-12-28 13:00:00-05:00,65.59,64.94,-0.0,0.65
2025-12-28 14:00:00-05:00,69.33,68.71,-0.0,0.62
2025-12-28 15:00:00-05:00,69.49,68.87,-0.0,0.62
2025-12-28 16:00:00-05:00,85.23,84.47,-0.0,0.76
2025-12-28 17:00:00-05:00,94.43,93.59,-0.0,0.84
2025-12-28 18:00:00-05:00,83.36,82.7,-0.0,0.66
2025-12-28 19:00:00-05:00,70.59,70.03,-0.0,0.56
2025-12-28 20:00:00-05:00,68.67,67.99,-0.0,0.68
2025-12-28 21:00:00-05:00,63.54,62.91,-0.0,0.63
2025-12-28 22:00:00-05:00,58.15,57.57,-0.0,0.58
2025-12-28 23:00:00-05:00,57.65,57.08,-0.0,0.57
2025-12-29 00:00:00-05:00,58.0,55.83,1.61,0.56
2025-12-29 01:00:00-05:00,58.0,54.75,2.76,0.49
2025-12-29 02:00:00-05:00,56.0,54.39,1.12,0.49
2025-12-29 03:00:00-05:00,56.0,52.94,2.58,0.48
2025-12-29 04:00:00-05:00,58.0,52.02,5.51,0.47
2025-12-29 05:00:00-05:00,61.0,47.03,13.5,0.47
2025-12-29 06:00:00-05:00,70.0,54.91,14.65,0.44
2025-12-29 07:00:00-05:00,72.0,61.75,9.76,0.49
2025-12-29 08:00:00-05:00,63.53,63.09,-0.0,0.44
2025-12-29 09:00:00-05:00,63.48,63.04,-0.0,0.44
2025-12-29 10:00:00-05:00,63.69,63.31,-0.0,0.38
2025-12-29 11:00:00-05:00,59.03,58.73,-0.0,0.3
2025-12-29 12:00:00-05:00,56.66,56.43,-0.0,0.23
2025-12-29 13:00:00-05:00,53.63,53.36,-0.0,0.27
2025-12-29 14:00:00-05:00,55.38,55.16,-0.0,0.22
2025-12-29 15:00:00-05:00,57.15,57.04,-0.0,0.11
2025-12-29 16:00:00-05:00,64.27,64.14,-0.0,0.13
2025-12-29 17:00:00-05:00,82.55,82.47,-0.0,0.08
2025-12-29 18:00:00-05:00,71.69,71.69,-0.0,0.0
2025-12-29 19:00:00-05:00,64.91,64.78,-0.0,0.13
2025-12-29 20:00:00-05:00,66.14,66.01,-0.0,0.13
2025-12-29 21:00:00-05:00,60.24,60.06,-0.0,0.18
2025-12-29 22:00:00-05:00,58.33,58.16,-0.0,0.17
2025-12-29 23:00:00-05:00,58.95,58.77,-0.0,0.18
2025-12-30 00:00:00-05:00,64.0,62.27,1.42,0.31
2025-12-30 01:00:00-05:00,61.0,59.02,1.74,0.24
2025-12-30 02:00:00-05:00,61.0,54.49,6.24,0.27
2025-12-30 03:00:00-05:00,61.0,56.88,3.89,0.23
2025-12-30 04:00:00-05:00,61.0,50.48,10.27,0.25
2025-12-30 05:00:00-05:00,78.3,53.56,24.42,0.32
2025-12-30 06:00:00-05:00,82.8,58.49,24.02,0.29
2025-12-30 07:00:00-05:00,99.0,59.45,39.37,0.18
2025-12-30 08:00:00-05:00,99.0,63.43,35.38,0.19
2025-12-30 09:00:00-05:00,89.0,67.61,21.12,0.27
2025-12-30 10:00:00-05:00,84.0,66.84,16.82,0.34
2025-12-30 11:00:00-05:00,84.0,66.7,17.03,0.27
2025-12-30 12:00:00-05:00,84.0,69.75,14.11,0.14
2025-12-30 13:00:00-05:00,84.0,68.45,15.41,0.14
2025-12-30 14:00:00-05:00,94.0,69.9,23.89,0.21
2025-12-30 15:00:00-05:00,107.0,73.69,33.16,0.15
2025-12-30 16:00:00-05:00,129.0,86.82,42.01,0.17
2025-12-30 17:00:00-05:00,141.0,118.65,22.11,0.24
2025-12-30 18:00:00-05:00,141.0,119.82,20.82,0.36
2025-12-30 19:00:00-05:00,121.3,109.13,11.84,0.33
2025-12-30 20:00:00-05:00,119.0,99.04,19.66,0.3
2025-12-30 21:00:00-05:00,109.0,72.84,35.79,0.37
2025-12-30 22:00:00-05:00,89.0,70.33,18.32,0.35
2025-12-30 23:00:00-05:00,89.0,80.39,8.29,0.32
2026-01-01 00:00:00-05:00,119.0,101.04,16.95,1.01
2026-01-01 01:00:00-05:00,119.0,92.21,25.77,1.02
2026-01-01 02:00:00-05:00,119.0,75.49,42.76,0.75
2026-01-01 03:00:00-05:00,119.0,69.59,48.78,0.63
2026-01-01 04:00:00-05:00,119.0,69.81,48.56,0.63
2026-01-01 05:00:00-05:00,119.0,86.53,31.78,0.69
2026-01-01 06:00:00-05:00,119.9,108.29,10.75,0.86
2026-01-01 07:00:00-05:00,128.3,104.74,22.82,0.74
2026-01-01 08:00:00-05:00,139.6,110.05,28.67,0.88
2026-01-01 09:00:00-05:00,139.8,111.27,27.64,0.89
2026-01-01 10:00:00-05:00,119.0,110.3,7.82,0.88
2026-01-01 11:00:00-05:00,119.0,103.73,14.44,0.83
2026-01-01 12:00:00-05:00,119.0,102.38,15.9,0.72
2026-01-01 13:00:00-05:00,119.0,105.09,13.28,0.63
2026-01-01 14:00:00-05:00,129.0,118.42,9.75,0.83
2026-01-01 15:00:00-05:00,165.0,117.58,46.71,0.71
2026-01-01 16:00:00-05:00,249.0,137.18,110.85,0.97
2026-01-01 17:00:00-05:00,249.0,151.25,96.68,1.07
2026-01-01 18:00:00-05:00,249.0,156.19,91.87,0.94
2026-01-01 19:00:00-05:00,249.0,140.99,107.16,0.85
2026-01-01 20:00:00-05:00,249.0,128.43,119.66,0.91
2026-01-01 21:00:00-05:00,165.0,125.68,38.43,0.89
2026-01-01 22:00:00-05:00,149.0,123.71,24.3,0.99
2026-01-01 23:00:00-05:00,149.0,127.52,20.33,1.15
2026-01-02 00:00:00-05:00,165.0,129.48,34.36,1.16
2026-01-02 01:00:00-05:00,165.0,120.16,43.64,1.2
2026-01-02 02:00:00-05:00,165.0,111.87,52.01,1.12
2026-01-02 03:00:00-05:00,165.0,112.95,50.92,1.13
2026-01-02 04:00:00-05:00,165.0,113.17,50.7,1.13
2026-01-02 05:00:00-05:00,165.0,117.69,46.13,1.18
2026-01-02 06:00:00-05:00,229.0,132.86,94.81,1.33
2026-01-02 07:00:00-05:00,274.0,137.45,135.18,1.37
2026-01-02 08:00:00-05:00,229.0,148.8,78.86,1.34
2026-01-02 09:00:00-05:00,165.0,132.1,31.58,1.32
2026-01-02 10:00:00-05:00,165.0,142.97,20.75,1.28
2026-01-02 11:00:00-05:00,165.0,128.94,34.9,1.16
2026-01-02 12:00:00-05:00,165.0,122.58,41.32,1.1
2026-01-02 13:00:00-05:00,165.0,122.08,42.06,0.86
2026-01-02 14:00:00-05:00,165.0,125.68,38.56,0.76
2026-01-02 15:00:00-05:00,165.0,135.19,28.99,0.82
2026-01-02 16:00:00-05:00,229.0,157.92,69.82,1.26
2026-01-02 17:00:00-05:00,274.0,171.98,100.48,1.54
2026-01-02 18:00:00-05:00,274.0,153.06,119.72,1.22
2026-01-02 19:00:00-05:00,261.0,136.91,123.12,0.97
2026-01-02 20:00:00-05:00,249.0,134.08,114.11,0.81
2026-01-02 21:00:00-05:00,165.0,106.38,57.87,0.75
2026-01-02 22:00:00-05:00,165.0,123.05,41.08,0.87
2026-01-02 23:00:00-05:00,165.0,121.73,42.3,0.97
2026-01-03 00:00:00-05:00,127.81,126.67,-0.0,1.14
2026-01-03 01:00:00-05:00,125.81,124.69,-0.0,1.12
2026-01-03 02:00:00-05:00,121.45,120.37,-0.0,1.08
2026-01-03 03:00:00-05:00,117.85,116.68,-0.0,1.17
2026-01-03 04:00:00-05:00,118.9,117.31,0.42,1.17
2026-01-03 05:00:00-05:00,125.09,123.85,-0.0,1.24
2026-01-03 06:00:00-05:00,153.7,130.44,21.96,1.3
2026-01-03 07:00:00-05:00,154.2,122.02,30.96,1.22
2026-01-03 08:00:00-05:00,152.1,138.88,12.11,1.11
2026-01-03 09:00:00-05:00,131.2,130.16,-0.0,1.04
2026-01-03 10:00:00-05:00,126.52,125.63,-0.0,0.89
2026-01-03 11:00:00-05:00,123.16,122.19,-0.0,0.97
2026-01-03 12:00:00-05:00,122.63,121.77,-0.0,0.86
2026-01-03 13:00:00-05:00,124.52,123.54,-0.0,0.98
2026-01-03 14:00:00-05:00,126.01,124.89,-0.0,1.12
2026-01-03 15:00:00-05:00,132.7,129.43,1.84,1.43
2026-01-03 16:00:00-05:00,159.5,149.25,8.61,1.64
2026-01-03 17:00:00-05:00,170.9,159.45,9.86,1.59
2026-01-03 18:00:00-05:00,166.1,154.38,10.18,1.54
2026-01-03 19:00:00-05:00,149.9,139.6,8.9,1.4
2026-01-03 20:00:00-05:00,145.5,129.19,14.89,1.42
2026-01-03 21:00:00-05:00,128.0,120.24,6.43,1.33
2026-01-03 22:00:00-05:00,123.13,121.79,-0.0,1.34
2026-01-03 23:00:00-05:00,122.7,121.24,-0.0,1.46
2026-01-04 00:00:00-05:00,136.35,134.86,-0.0,1.49
2026-01-04 01:00:00-05:00,128.0,123.85,2.54,1.61
2026-01-04 02:00:00-05:00,122.5,119.34,1.72,1.44
2026-01-04 03:00:00-05:00,122.6,115.97,5.13,1.5
2026-01-04 04:00:00-05:00,127.8,110.8,15.67,1.33
2026-01-04 05:00:00-05:00,132.61,111.88,19.38,1.35
2026-01-04 06:00:00-05:00,139.0,107.68,30.13,1.19
2026-01-04 07:00:00-05:00,149.0,102.48,45.5,1.02
2026-01-04 08:00:00-05:00,154.0,110.83,41.95,1.22
2026-01-04 09:00:00-05:00,150.52,115.16,34.09,1.27
2026-01-04 10:00:00-05:00,139.6,117.92,20.38,1.3
2026-01-04 11:00:00-05:00,129.8,119.06,9.43,1.31
2026-01-04 12:00:00-05:00,126.6,116.85,8.58,1.17
2026-01-04 13:00:00-05:00,133.4,117.43,14.8,1.17
2026-01-04 14:00:00-05:00,145.1,118.53,25.51,1.06
2026-01-04 15:00:00-05:00,165.0,123.97,39.92,1.11
2026-01-04 16:00:00-05:00,179.0,148.08,29.59,1.33
2026-01-04 17:00:00-05:00,199.0,178.7,18.7,1.6
2026-01-04 18:00:00-05:00,199.0,162.96,34.74,1.3
2026-01-04 19:00:00-05:00,184.0,159.88,22.85,1.27
2026-01-04 20:00:00-05:00,169.0,132.67,35.14,1.19
2026-01-04 21:00:00-05:00,144.0,126.29,16.7,1.01
2026-01-04 22:00:00-05:00,149.0,121.02,26.89,1.09
2026-01-04 23:00:00-05:00,139.0,120.76,16.91,1.33
2026-01-05 00:00:00-05:00,159.0,135.07,22.3,1.63
2026-01-05 01:00:00-05:00,159.0,123.08,34.56,1.36
2026-01-05 02:00:00-05:00,159.0,117.22,40.37,1.41
2026-01-05 03:00:00-05:00,159.0,118.63,38.94,1.43
2026-01-05 04:00:00-05:00,159.0,121.22,36.32,1.46
2026-01-05 05:00:00-05:00,169.0,124.88,42.62,1.5
2026-01-05 06:00:00-05:00,190.5,133.46,55.57,1.47
2026-01-05 07:00:00-05:00,199.0,151.81,45.67,1.52
2026-01-05 08:00:00-05:00,186.9,160.35,24.95,1.6
2026-01-05 09:00:00-05:00,173.58,172.21,-0.0,1.37
2026-01-05 10:00:00-05:00,156.84,155.6,-0.0,1.24
2026-01-05 11:00:00-05:00,154.0,144.92,7.78,1.3
2026-01-05 12:00:00-05:00,149.1,139.31,8.54,1.25
2026-01-05 13:00:00-05:00,155.1,136.76,17.11,1.23
2026-01-05 14:00:00-05:00,157.9,138.9,17.89,1.11
2026-01-05 15:00:00-05:00,165.9,137.01,27.66,1.23
2026-01-05 16:00:00-05:00,203.9,160.53,41.76,1.61
2026-01-05 17:00:00-05:00,211.8,181.51,28.48,1.81
2026-01-05 18:00:00-05:00,209.0,169.19,38.29,1.52
2026-01-05 19:00:00-05:00,199.0,156.72,40.87,1.41
2026-01-05 20:00:00-05:00,174.0,139.13,33.48,1.39
2026-01-05 21:00:00-05:00,154.0,127.56,25.16,1.28
2026-01-05 22:00:00-05:00,149.0,124.88,22.74,1.38
2026-01-05 23:00:00-05:00,144.0,124.92,17.58,1.5
2026-01-06 00:00:00-05:00,124.27,122.79,-0.0,1.48
2026-01-06 01:00:00-05:00,124.0,112.48,10.17,1.35
2026-01-06 02:00:00-05:00,124.0,106.1,16.52,1.38
2026-01-06 03:00:00-05:00,124.0,107.14,15.47,1.39
2026-01-06 04:00:00-05:00,124.0,111.28,11.28,1.44
2026-01-06 05:00:00-05:00,134.0,115.83,16.67,1.5
2026-01-06 06:00:00-05:00,141.6,129.39,10.53,1.68
2026-01-06 07:00:00-05:00,153.3,151.78,-0.0,1.52
2026-01-06 08:00:00-05:00,149.0,137.28,10.35,1.37
2026-01-06 09:00:00-05:00,147.4,146.09,-0.0,1.31
2026-01-06 10:00:00-05:00,120.35,119.16,-0.0,1.19
2026-01-06 11:00:00-05:00,116.51,115.36,-0.0,1.15
2026-01-06 12:00:00-05:00,113.49,112.25,-0.0,1.24
2026-01-06 13:00:00-05:00,112.38,111.27,-0.0,1.11
2026-01-06 14:00:00-05:00,111.28,110.18,-0.0,1.1
2026-01-06 15:00:00-05:00,119.81,95.11,23.85,0.85
2026-01-06 16:00:00-05:00,129.0,109.69,18.33,0.98
2026-01-06 17:00:00-05:00,139.0,117.46,20.6,0.94
2026-01-06 18:00:00-05:00,139.0,106.6,31.55,0.85
2026-01-06 19:00:00-05:00,123.05,91.05,31.18,0.82
2026-01-06 20:00:00-05:00,114.0,82.98,30.27,0.75
2026-01-06 21:00:00-05:00,114.0,77.98,35.4,0.62
2026-01-06 22:00:00-05:00,109.0,77.5,30.8,0.7
2026-01-06 23:00:00-05:00,99.0,73.1,25.17,0.73
2026-01-07 00:00:00-05:00,67.1,59.87,6.63,0.6
2026-01-07 01:00:00-05:00,60.0,55.13,4.21,0.66
2026-01-07 02:00:00-05:00,56.0,55.03,0.26,0.71
2026-01-07 03:00:00-05:00,55.85,55.14,-0.0,0.71
2026-01-07 04:00:00-05:00,55.85,55.14,-0.0,0.71
2026-01-07 05:00:00-05:00,65.3,53.32,11.29,0.69
2026-01-07 06:00:00-05:00,69.2,60.29,8.13,0.78
2026-01-07 07:00:00-05:00,75.0,69.89,4.2,0.91
2026-01-07 08:00:00-05:00,82.1,67.16,14.13,0.81
2026-01-07 09:00:00-05:00,75.0,67.58,6.61,0.81
2026-01-07 10:00:00-05:00,60.63,59.91,-0.0,0.72
2026-01-07 11:00:00-05:00,60.39,59.67,-0.0,0.72
2026-01-07 12:00:00-05:00,56.84,56.16,-0.0,0.68
2026-01-07 13:00:00-05:00,55.56,54.9,-0.0,0.66
2026-01-07 14:00:00-05:00,54.32,53.78,-0.0,0.54
2026-01-07 15:00:00-05:00,56.39,55.89,-0.0,0.5
2026-01-07 16:00:00-05:00,65.44,64.92,-0.0,0.52
2026-01-07 17:00:00-05:00,79.58,79.02,-0.0,0.56
2026-01-07 18:00:00-05:00,70.91,70.41,-0.0,0.5
2026-01-07 19:00:00-05:00,60.5,60.02,-0.0,0.48
2026-01-07 20:00:00-05:00,55.0,54.51,-0.0,0.49
2026-01-07 21:00:00-05:00,53.54,53.12,-0.0,0.42
2026-01-07 22:00:00-05:00,51.25,50.79,-0.0,0.46
2026-01-07 23:00:00-05:00,51.03,50.52,-0.0,0.51
2026-01-08 00:00:00-05:00,50.47,49.97,-0.0,0.5
2026-01-08 01:00:00-05:00,50.12,49.57,-0.0,0.55
2026-01-08 02:00:00-05:00,48.85,48.32,-0.0,0.53
2026-01-08 03:00:00-05:00,47.26,46.74,-0.0,0.52
2026-01-08 04:00:00-05:00,48.76,48.23,-0.0,0.53
2026-01-08 05:00:00-05:00,50.25,49.7,-0.0,0.55
2026-01-08 06:00:00-05:00,60.76,60.16,-0.0,0.6
2026-01-08 07:00:00-05:00,71.17,70.47,-0.0,0.7
2026-01-08 08:00:00-05:00,67.11,66.75,-0.24,0.6
2026-01-08 09:00:00-05:00,53.61,52.84,0.24,0.53
2026-01-08 10:00:00-05:00,49.01,48.52,-0.0,0.49
2026-01-08 11:00:00-05:00,44.81,44.37,-0.0,0.44
2026-01-08 12:00:00-05:00,42.75,42.37,-0.0,0.38
2026-01-08 13:00:00-05:00,43.02,42.59,-0.0,0.43
2026-01-08 14:00:00-05:00,45.55,45.14,-0.0,0.41
2026-01-08 15:00:00-05:00,49.7,49.16,-0.0,0.54
2026-01-08 16:00:00-05:00,68.5,57.64,10.17,0.69
2026-01-08 17:00:00-05:00,77.8,64.45,12.64,0.71
2026-01-08 18:00:00-05:00,73.4,55.86,16.87,0.67
2026-01-08 19:00:00-05:00,57.0,51.34,5.09,0.57
2026-01-08 20:00:00-05:00,49.1,48.49,0.13,0.48
2026-01-08 21:00:00-05:00,46.76,46.3,-0.0,0.46
2026-01-08 22:00:00-05:00,45.55,45.14,-0.0,0.41
2026-01-08 23:00:00-05:00,44.52,44.12,-0.0,0.4
2026-01-09 00:00:00-05:00,48.18,47.8,-0.0,0.38
2026-01-09 01:00:00-05:00,43.78,43.43,-0.0,0.35
2026-01-09 02:00:00-05:00,40.67,40.35,-0.0,0.32
2026-01-09 03:00:00-05:00,40.59,40.31,-0.0,0.28
2026-01-09 04:00:00-05:00,39.86,39.55,-0.0,0.31
2026-01-09 05:00:00-05:00,50.0,39.93,9.83,0.24
2026-01-09 06:00:00-05:00,57.0,49.44,7.31,0.25
2026-01-09 07:00:00-05:00,60.0,54.24,5.49,0.27
2026-01-09 08:00:00-05:00,60.0,49.64,10.11,0.25
2026-01-09 09:00:00-05:00,53.2,48.65,4.31,0.24
2026-01-09 10:00:00-05:00,43.15,42.98,-0.0,0.17
2026-01-09 11:00:00-05:00,43.0,42.11,0.72,0.17
2026-01-09 12:00:00-05:00,43.0,40.39,2.45,0.16
2026-01-09 13:00:00-05:00,46.0,39.71,6.13,0.16
2026-01-09 14:00:00-05:00,46.7,42.01,4.56,0.13
2026-01-09 15:00:00-05:00,56.8,44.56,12.11,0.13
2026-01-09 16:00:00-05:00,60.3,52.52,7.62,0.16
2026-01-09 17:00:00-05:00,69.0,62.28,6.53,0.19
2026-01-09 18:00:00-05:00,65.5,54.18,11.21,0.11
2026-01-09 19:00:00-05:00,51.5,45.87,5.49,0.14
2026-01-09 20:00:00-05:00,47.0,42.52,4.35,0.13
2026-01-09 21:00:00-05:00,40.2,40.08,-0.0,0.12
2026-01-09 22:00:00-05:00,39.44,39.4,-0.0,0.04
2026-01-09 23:00:00-05:00,39.36,39.28,-0.0,0.08
2026-01-10 00:00:00-05:00,36.55,36.66,-0.0,-0.11
2026-01-10 01:00:00-05:00,38.03,38.11,-0.0,-0.08
2026-01-10 02:00:00-05:00,37.32,37.36,-0.0,-0.04
2026-01-10 03:00:00-05:00,36.34,36.3,-0.0,0.04
2026-01-10 04:00:00-05:00,36.8,36.73,-0.0,0.07
2026-01-10 05:00:00-05:00,36.97,36.9,-0.0,0.07
2026-01-10 06:00:00-05:00,40.0,39.8,-0.0,0.2
2026-01-10 07:00:00-05:00,44.15,43.89,-0.0,0.26
2026-01-10 08:00:00-05:00,44.82,44.55,-0.0,0.27
2026-01-10 09:00:00-05:00,48.93,48.59,-0.0,0.34
2026-01-10 10:00:00-05:00,47.9,47.56,-0.0,0.34
2026-01-10 11:00:00-05:00,50.28,49.88,-0.0,0.4
2026-01-10 12:00:00-05:00,50.39,49.99,-0.0,0.4
2026-01-10 13:00:00-05:00,51.2,50.8,-0.0,0.4
2026-01-10 14:00:00-05:00,50.05,49.7,-0.0,0.35
2026-01-10 15:00:00-05:00,50.47,50.12,-0.0,0.35
2026-01-10 16:00:00-05:00,55.0,54.72,-0.0,0.28
2026-01-10 17:00:00-05:00,58.0,57.88,-0.0,0.12
2026-01-10 18:00:00-05:00,55.34,55.12,-0.0,0.22
2026-01-10 19:00:00-05:00,50.0,49.8,-0.0,0.2
2026-01-10 20:00:00-05:00,42.75,42.66,-0.0,0.09
2026-01-10 21:00:00-05:00,40.38,40.26,-0.0,0.12
2026-01-10 22:00:00-05:00,40.34,40.18,-0.0,0.16
2026-01-10 23:00:00-05:00,38.01,37.86,-0.0,0.15
2026-01-11 00:00:00-05:00,34.29,34.22,-0.0,0.07
2026-01-11 01:00:00-05:00,32.83,32.73,-0.0,0.1
2026-01-11 02:00:00-05:00,30.35,30.23,-0.0,0.12
2026-01-11 03:00:00-05:00,28.17,28.03,-0.0,0.14
2026-01-11 04:00:00-05:00,27.99,27.88,-0.0,0.11
2026-01-11 05:00:00-05:00,28.82,28.73,-0.0,0.09
2026-01-11 06:00:00-05:00,31.38,31.25,-0.0,0.13
2026-01-11 07:00:00-05:00,33.22,33.09,-0.0,0.13
2026-01-11 08:00:00-05:00,32.14,32.04,-0.0,0.1
2026-01-11 09:00:00-05:00,32.37,32.27,-0.0,0.1
2026-01-11 10:00:00-05:00,31.64,31.51,-0.0,0.13
2026-01-11 11:00:00-05:00,31.55,31.39,-0.0,0.16
2026-01-11 12:00:00-05:00,31.54,31.38,-0.0,0.16
2026-01-11 13:00:00-05:00,32.34,32.15,-0.0,0.19
2026-01-11 14:00:00-05:00,39.09,38.89,-0.0,0.2
2026-01-11 15:00:00-05:00,41.85,41.68,-0.0,0.17
2026-01-11 16:00:00-05:00,49.15,48.95,-0.0,0.2
2026-01-11 17:00:00-05:00,59.8,59.68,-0.0,0.12
2026-01-11 18:00:00-05:00,55.56,55.28,-0.0,0.28
2026-01-11 19:00:00-05:00,52.94,52.68,-0.0,0.26
2026-01-11 20:00:00-05:00,49.06,48.91,-0.0,0.15
2026-01-11 21:00:00-05:00,40.16,40.04,-0.0,0.12
2026-01-11 22:00:00-05:00,40.16,40.08,-0.0,0.08
2026-01-11 23:00:00-05:00,34.6,34.53,-0.0,0.07
2026-01-12 00:00:00-05:00,44.92,44.96,-0.0,-0.04
2026-01-12 01:00:00-05:00,42.01,42.01,-0.0,0.0
2026-01-12 02:00:00-05:00,40.61,40.61,-0.0,0.0
2026-01-12 03:00:00-05:00,39.74,39.74,-0.0,0.0
2026-01-12 04:00:00-05:00,43.04,43.0,-0.0,0.04
2026-01-12 05:00:00-05:00,53.0,42.92,9.99,0.09
2026-01-12 06:00:00-05:00,84.0,42.57,41.68,-0.25
2026-01-12 07:00:00-05:00,76.7,76.7,-0.0,0.0
2026-01-12 08:00:00-05:00,70.04,70.11,-0.0,-0.07
2026-01-12 09:00:00-05:00,55.1,54.93,-0.0,0.17
2026-01-12 10:00:00-05:00,50.92,50.72,-0.0,0.2
2026-01-12 11:00:00-05:00,48.0,47.81,-0.0,0.19
2026-01-12 12:00:00-05:00,45.82,45.68,-0.0,0.14
2026-01-12 13:00:00-05:00,46.95,46.81,-0.0,0.14
2026-01-12 14:00:00-05:00,49.41,49.16,-0.0,0.25
2026-01-12 15:00:00-05:00,54.81,54.54,-0.0,0.27
2026-01-12 16:00:00-05:00,61.41,61.16,-0.0,0.25
2026-01-12 17:00:00-05:00,74.58,74.28,-0.0,0.3
2026-01-12 18:00:00-05:00,76.01,75.78,-0.0,0.23
2026-01-12 19:00:00-05:00,65.38,65.25,-0.0,0.13
2026-01-12 20:00:00-05:00,59.54,59.36,-0.0,0.18
2026-01-12 21:00:00-05:00,49.12,48.92,-0.0,0.2
2026-01-12 22:00:00-05:00,48.27,48.08,-0.0,0.19
2026-01-12 23:00:00-05:00,43.0,42.78,-0.0,0.22
2026-01-13 00:00:00-05:00,42.03,41.95,-0.0,0.08
2026-01-13 01:00:00-05:00,41.31,41.19,-0.0,0.12
2026-01-13 02:00:00-05:00,41.24,41.12,-0.0,0.12
2026-01-13 03:00:00-05:00,39.23,39.07,-0.0,0.16
2026-01-13 04:00:00-05:00,40.58,40.42,-0.0,0.16
2026-01-13 05:00:00-05:00,45.46,45.23,-0.0,0.23
2026-01-13 06:00:00-05:00,61.28,60.97,-0.0,0.31
2026-01-13 07:00:00-05:00,76.47,76.24,-0.0,0.23
2026-01-13 08:00:00-05:00,65.1,64.97,-0.0,0.13
2026-01-13 09:00:00-05:00,51.07,50.87,-0.0,0.2
2026-01-13 10:00:00-05:00,43.07,42.98,-0.0,0.09
2026-01-13 11:00:00-05:00,41.52,41.44,-0.0,0.08
2026-01-13 12:00:00-05:00,40.57,40.49,-0.0,0.08
2026-01-13 13:00:00-05:00,40.53,40.41,-0.0,0.12
2026-01-13 14:00:00-05:00,40.62,40.5,-0.0,0.12
2026-01-13 15:00:00-05:00,49.79,49.54,-0.0,0.25
2026-01-13 16:00:00-05:00,53.26,52.99,-0.0,0.27
2026-01-13 17:00:00-05:00,66.3,66.23,-0.0,0.07
2026-01-13 18:00:00-05:00,58.56,58.44,-0.0,0.12
2026-01-13 19:00:00-05:00,63.6,50.53,13.32,-0.25
2026-01-13 20:00:00-05:00,48.62,48.57,-0.0,0.05
2026-01-13 21:00:00-05:00,43.6,43.6,-0.0,0.0
2026-01-13 22:00:00-05:00,41.55,41.55,-0.0,0.0
2026-01-13 23:00:00-05:00,39.88,39.84,-0.0,0.04
2026-01-14 00:00:00-05:00,31.55,31.68,-0.0,-0.13
2026-01-14 01:00:00-05:00,30.9,30.99,-0.0,-0.09
2026-01-14 02:00:00-05:00,29.6,29.69,-0.0,-0.09
2026-01-14 03:00:00-05:00,29.39,29.48,-0.0,-0.09
2026-01-14 04:00:00-05:00,30.93,31.02,-0.0,-0.09
2026-01-14 05:00:00-05:00,33.18,33.15,-0.0,0.03
2026-01-14 06:00:00-05:00,40.0,40.0,-0.0,0.0
2026-01-14 07:00:00-05:00,51.84,51.89,-0.0,-0.05
2026-01-14 08:00:00-05:00,49.25,49.25,-0.0,0.0
2026-01-14 09:00:00-05:00,50.76,50.81,-0.0,-0.05
2026-01-14 10:00:00-05:00,49.97,49.97,-0.0,0.0
2026-01-14 11:00:00-05:00,49.03,48.98,-0.0,0.05
2026-01-14 12:00:00-05:00,48.11,48.06,-0.0,0.05
2026-01-14 13:00:00-05:00,46.63,46.54,-0.0,0.09
2026-01-14 14:00:00-05:00,48.97,48.82,-0.0,0.15
2026-01-14 15:00:00-05:00,53.08,52.92,-0.0,0.16
2026-01-14 16:00:00-05:00,57.07,56.78,-0.0,0.29
2026-01-14 17:00:00-05:00,67.91,67.57,-0.0,0.34
2026-01-14 18:00:00-05:00,57.9,57.88,0.08,-0.06
2026-01-14 19:00:00-05:00,57.32,56.92,-0.0,0.4
2026-01-14 20:00:00-05:00,52.44,52.13,-0.0,0.31
2026-01-14 21:00:00-05:00,45.59,45.32,-0.0,0.27
2026-01-14 22:00:00-05:00,44.54,44.32,-0.0,0.22
2026-01-14 23:00:00-05:00,40.65,40.45,-0.0,0.2
2026-01-15 00:00:00-05:00,44.0,43.74,-0.0,0.26
2026-01-15 01:00:00-05:00,42.0,41.79,-0.0,0.21
2026-01-15 02:00:00-05:00,40.18,39.94,-0.0,0.24
2026-01-15 03:00:00-05:00,39.79,39.55,-0.0,0.24
2026-01-15 04:00:00-05:00,40.4,40.2,-0.0,0.2
2026-01-15 05:00:00-05:00,44.1,43.84,-0.0,0.26
2026-01-15 06:00:00-05:00,52.54,52.28,-0.0,0.26
2026-01-15 07:00:00-05:00,62.64,62.51,-0.0,0.13
2026-01-15 08:00:00-05:00,59.64,59.46,-0.0,0.18
2026-01-15 09:00:00-05:00,58.05,57.93,-0.0,0.12
2026-01-15 10:00:00-05:00,65.34,65.27,-0.0,0.07
2026-01-15 11:00:00-05:00,65.2,65.13,-0.0,0.07
2026-01-15 12:00:00-05:00,65.31,65.24,-0.0,0.07
2026-01-15 13:00:00-05:00,66.2,66.2,-0.0,0.0
2026-01-15 14:00:00-05:00,66.96,66.89,-0.0,0.07
2026-01-15 15:00:00-05:00,71.68,71.61,-0.0,0.07
2026-01-15 16:00:00-05:00,80.33,80.25,-0.0,0.08
2026-01-15 17:00:00-05:00,96.66,96.56,-0.0,0.1
2026-01-15 18:00:00-05:00,96.22,96.22,-0.0,0.0
2026-01-15 19:00:00-05:00,85.91,86.0,-0.0,-0.09
2026-01-15 20:00:00-05:00,82.12,82.04,-0.0,0.08
2026-01-15 21:00:00-05:00,74.52,74.59,-0.0,-0.07
2026-01-15 22:00:00-05:00,70.42,68.48,2.01,-0.07
2026-01-15 23:00:00-05:00,64.28,66.22,-2.01,0.07
2026-01-16 00:00:00-05:00,65.67,65.6,-0.0,0.07
2026-01-16 01:00:00-05:00,60.85,60.73,-0.0,0.12
2026-01-16 02:00:00-05:00,57.0,56.89,-0.0,0.11
2026-01-16 03:00:00-05:00,56.91,56.85,-0.0,0.06
2026-01-16 04:00:00-05:00,61.02,60.9,-0.0,0.12
2026-01-16 05:00:00-05:00,63.81,63.75,-0.0,0.06
2026-01-16 06:00:00-05:00,79.0,78.84,-0.0,0.16
2026-01-16 07:00:00-05:00,101.59,101.79,-0.0,-0.2
2026-01-16 08:00:00-05:00,82.17,82.09,-0.0,0.08
2026-01-16 09:00:00-05:00,73.52,73.45,-0.0,0.07
2026-01-16 10:00:00-05:00,70.94,70.87,-0.0,0.07
2026-01-16 11:00:00-05:00,66.0,66.0,-0.0,0.0
2026-01-16 12:00:00-05:00,64.61,64.42,-0.0,0.19
2026-01-16 13:00:00-05:00,64.59,64.4,-0.0,0.19
2026-01-16 14:00:00-05:00,72.86,72.57,-0.0,0.29
2026-01-16 15:00:00-05:00,81.23,80.91,-0.0,0.32
2026-01-16 16:00:00-05:00,83.29,82.87,-0.0,0.42
2026-01-16 17:00:00-05:00,98.8,98.4,-0.0,0.4
2026-01-16 18:00:00-05:00,93.88,93.32,-0.0,0.56
2026-01-16 19:00:00-05:00,82.78,82.28,-0.0,0.5
2026-01-16 20:00:00-05:00,82.11,81.54,-0.0,0.57
2026-01-16 21:00:00-05:00,79.46,79.06,-0.0,0.4
2026-01-16 22:00:00-05:00,76.67,76.29,-0.0,0.38
2026-01-16 23:00:00-05:00,70.0,69.58,-0.0,0.42
2026-01-17 00:00:00-05:00,57.44,56.99,-0.0,0.45
2026-01-17 01:00:00-05:00,59.05,58.64,-0.0,0.41
2026-01-17 02:00:00-05:00,55.2,54.81,-0.0,0.39
2026-01-17 03:00:00-05:00,52.18,51.81,-0.0,0.37
2026-01-17 04:00:00-05:00,50.83,50.53,-0.0,0.3
2026-01-17 05:00:00-05:00,48.63,48.34,-0.0,0.29
2026-01-17 06:00:00-05:00,54.78,54.51,-0.0,0.27
2026-01-17 07:00:00-05:00,54.27,53.94,-0.0,0.33
2026-01-17 08:00:00-05:00,57.75,57.4,-0.0,0.35
2026-01-17 09:00:00-05:00,74.09,72.53,1.34,0.22
2026-01-17 10:00:00-05:00,82.59,83.76,-1.34,0.17
2026-01-17 11:00:00-05:00,86.16,85.99,-0.0,0.17
2026-01-17 12:00:00-05:00,86.85,86.68,-0.0,0.17
2026-01-17 13:00:00-05:00,88.41,88.23,-0.0,0.18
2026-01-17 14:00:00-05:00,86.73,86.47,-0.0,0.26
2026-01-17 15:00:00-05:00,90.5,90.32,-0.0,0.18
2026-01-17 16:00:00-05:00,100.77,100.77,-0.0,0.0
2026-01-17 17:00:00-05:00,103.57,103.67,-0.0,-0.1
2026-01-17 18:00:00-05:00,105.0,105.1,-0.0,-0.1
2026-01-17 19:00:00-05:00,82.18,81.93,-0.0,0.25
2026-01-17 20:00:00-05:00,76.7,76.47,-0.0,0.23
2026-01-17 21:00:00-05:00,71.0,70.86,-0.0,0.14
2026-01-17 22:00:00-05:00,68.73,68.66,-0.0,0.07
2026-01-17 23:00:00-05:00,63.01,62.95,-0.0,0.06
2026-01-18 00:00:00-05:00,63.43,63.24,-0.0,0.19
2026-01-18 01:00:00-05:00,58.4,58.17,-0.0,0.23
2026-01-18 02:00:00-05:00,55.3,55.08,-0.0,0.22
2026-01-18 03:00:00-05:00,51.9,51.69,-0.0,0.21
2026-01-18 04:00:00-05:00,48.07,47.88,-0.0,0.19
2026-01-18 05:00:00-05:00,50.92,50.77,-0.0,0.15
2026-01-18 06:00:00-05:00,51.48,51.33,-0.0,0.15
2026-01-18 07:00:00-05:00,53.34,53.13,-0.0,0.21
2026-01-18 08:00:00-05:00,64.43,64.24,-0.0,0.19
2026-01-18 09:00:00-05:00,66.11,65.85,-0.0,0.26
2026-01-18 10:00:00-05:00,61.73,61.54,-0.0,0.19
2026-01-18 11:00:00-05:00,64.84,64.65,-0.0,0.19
2026-01-18 12:00:00-05:00,69.0,68.86,-0.0,0.14
2026-01-18 13:00:00-05:00,79.42,79.34,-0.0,0.08
2026-01-18 14:00:00-05:00,85.3,85.13,-0.0,0.17
2026-01-18 15:00:00-05:00,88.02,87.67,-0.0,0.35
2026-01-18 16:00:00-05:00,99.05,98.95,-0.0,0.1
2026-01-18 17:00:00-05:00,108.0,108.32,-0.0,-0.32
2026-01-18 18:00:00-05:00,108.0,108.0,-0.0,0.0
2026-01-18 19:00:00-05:00,100.61,100.51,-0.0,0.1
2026-01-18 20:00:00-05:00,97.99,97.99,-0.0,0.0
2026-01-18 21:00:00-05:00,90.0,89.73,-0.0,0.27
2026-01-18 22:00:00-05:00,84.97,84.72,-0.0,0.25
2026-01-18 23:00:00-05:00,80.53,80.29,-0.0,0.24
2026-01-19 00:00:00-05:00,84.25,83.83,-0.0,0.42
2026-01-19 01:00:00-05:00,78.86,78.47,-0.0,0.39
2026-01-19 02:00:00-05:00,76.7,76.32,-0.0,0.38
2026-01-19 03:00:00-05:00,71.74,71.24,-0.0,0.5
2026-01-19 04:00:00-05:00,73.26,72.82,-0.0,0.44
2026-01-19 05:00:00-05:00,78.51,78.12,-0.0,0.39
2026-01-19 06:00:00-05:00,96.89,101.05,-4.57,0.41
2026-01-19 07:00:00-05:00,118.36,113.68,4.57,0.11
2026-01-19 08:00:00-05:00,114.74,114.63,-0.0,0.11
2026-01-19 09:00:00-05:00,109.91,110.17,0.07,-0.33
2026-01-19 10:00:00-05:00,121.24,121.67,-0.07,-0.36
2026-01-19 11:00:00-05:00,111.92,113.05,-0.0,-1.13
2026-01-19 12:00:00-05:00,113.18,114.44,-0.0,-1.26
2026-01-19 13:00:00-05:00,113.99,115.26,-0.0,-1.27
2026-01-19 14:00:00-05:00,113.77,115.15,-0.0,-1.38
2026-01-19 15:00:00-05:00,114.59,115.86,-0.0,-1.27
2026-01-19 16:00:00-05:00,143.07,144.23,-0.0,-1.16
2026-01-19 17:00:00-05:00,161.08,162.05,-0.0,-0.97
2026-01-19 18:00:00-05:00,152.6,153.84,-0.0,-1.24
2026-01-19 19:00:00-05:00,148.1,149.45,-0.0,-1.35
2026-01-19 20:00:00-05:00,125.61,126.75,-0.0,-1.14
2026-01-19 21:00:00-05:00,108.0,109.43,-0.0,-1.43
2026-01-19 22:00:00-05:00,108.0,109.53,-0.0,-1.53
2026-01-19 23:00:00-05:00,108.0,109.31,-0.0,-1.31
2026-01-20 00:00:00-05:00,73.86,73.79,-0.0,0.07
2026-01-20 01:00:00-05:00,71.9,71.76,-0.0,0.14
2026-01-20 02:00:00-05:00,75.41,75.26,-0.0,0.15
2026-01-20 03:00:00-05:00,79.14,79.06,-0.0,0.08
2026-01-20 04:00:00-05:00,81.09,81.09,-0.0,0.0
2026-01-20 05:00:00-05:00,85.0,85.17,-0.0,-0.17
2026-01-20 06:00:00-05:00,121.46,121.7,-0.0,-0.24
2026-01-20 07:00:00-05:00,153.9,154.21,-0.0,-0.31
2026-01-20 08:00:00-05:00,147.16,147.45,-0.0,-0.29
2026-01-20 09:00:00-05:00,133.57,133.97,-0.0,-0.4
2026-01-20 10:00:00-05:00,142.77,143.2,-0.0,-0.43
2026-01-20 11:00:00-05:00,108.0,108.43,-0.0,-0.43
2026-01-20 12:00:00-05:00,108.0,108.32,-0.0,-0.32
2026-01-20 13:00:00-05:00,104.72,104.93,-0.0,-0.21
2026-01-20 14:00:00-05:00,97.8,98.0,-0.0,-0.2
2026-01-20 15:00:00-05:00,122.79,123.16,-0.0,-0.37
2026-01-20 16:00:00-05:00,152.4,152.55,-0.0,-0.15
2026-01-20 17:00:00-05:00,179.62,179.62,-0.0,0.0
2026-01-20 18:00:00-05:00,172.41,172.58,-0.0,-0.17
2026-01-20 19:00:00-05:00,166.96,167.29,-0.0,-0.33
2026-01-20 20:00:00-05:00,153.75,154.06,-0.0,-0.31
2026-01-20 21:00:00-05:00,135.75,135.89,-0.0,-0.14
2026-01-20 22:00:00-05:00,108.0,108.32,-0.0,-0.32
2026-01-20 23:00:00-05:00,108.0,108.22,-0.0,-0.22
2026-01-21 00:00:00-05:00,108.0,107.89,-0.0,0.11
2026-01-21 01:00:00-05:00,105.0,104.89,-0.0,0.11
2026-01-21 02:00:00-05:00,97.41,97.31,-0.0,0.1
2026-01-21 03:00:00-05:00,97.61,97.41,-0.0,0.2
2026-01-21 04:00:00-05:00,100.6,100.5,-0.0,0.1
2026-01-21 05:00:00-05:00,110.0,109.89,-0.0,0.11
2026-01-21 06:00:00-05:00,126.58,126.58,-0.0,0.0
2026-01-21 07:00:00-05:00,165.47,165.64,-0.0,-0.17
2026-01-21 08:00:00-05:00,153.4,153.4,-0.0,0.0
2026-01-21 09:00:00-05:00,138.51,138.37,-0.0,0.14
2026-01-21 10:00:00-05:00,124.33,124.21,-0.0,0.12
2026-01-21 11:00:00-05:00,108.0,108.0,-0.0,0.0
2026-01-21 12:00:00-05:00,105.22,105.01,-0.0,0.21
2026-01-21 13:00:00-05:00,103.2,102.99,-0.0,0.21
2026-01-21 14:00:00-05:00,103.31,103.1,-0.0,0.21
2026-01-21 15:00:00-05:00,100.56,102.83,-2.48,0.21
2026-01-21 16:00:00-05:00,115.0,112.29,2.48,0.23
2026-01-21 17:00:00-05:00,142.56,142.56,-0.0,0.0
2026-01-21 18:00:00-05:00,128.7,128.57,-0.0,0.13
2026-01-21 19:00:00-05:00,115.0,114.77,-0.0,0.23
2026-01-21 20:00:00-05:00,105.0,104.89,-0.0,0.11
2026-01-21 21:00:00-05:00,90.75,90.66,-0.0,0.09
2026-01-21 22:00:00-05:00,83.73,83.73,-0.0,0.0
2026-01-21 23:00:00-05:00,79.58,79.5,-0.0,0.08
2026-01-22 00:00:00-05:00,70.88,70.67,-0.0,0.21
2026-01-22 01:00:00-05:00,69.21,69.0,-0.0,0.21
2026-01-22 02:00:00-05:00,70.0,69.79,-0.0,0.21
2026-01-22 03:00:00-05:00,67.42,67.29,-0.0,0.13
2026-01-22 04:00:00-05:00,65.97,65.84,-0.0,0.13
2026-01-22 05:00:00-05:00,70.0,69.79,-0.0,0.21
2026-01-22 06:00:00-05:00,80.0,79.92,-0.0,0.08
2026-01-22 07:00:00-05:00,98.2,98.4,-0.0,-0.2
2026-01-22 08:00:00-05:00,87.56,87.65,-0.0,-0.09
2026-01-22 09:00:00-05:00,70.0,69.93,-0.0,0.07
2026-01-22 10:00:00-05:00,69.56,69.49,-0.0,0.07
2026-01-22 11:00:00-05:00,59.43,59.37,-0.0,0.06
2026-01-22 12:00:00-05:00,58.93,58.93,-0.0,0.0
2026-01-22 13:00:00-05:00,57.4,57.34,-0.0,0.06
2026-01-22 14:00:00-05:00,57.69,57.57,-0.0,0.12
2026-01-22 15:00:00-05:00,67.36,67.29,-0.0,0.07
2026-01-22 16:00:00-05:00,85.07,85.16,-0.0,-0.09
2026-01-22 17:00:00-05:00,101.93,102.34,-0.0,-0.41
2026-01-22 18:00:00-05:00,98.0,98.29,-0.0,-0.29
2026-01-22 19:00:00-05:00,90.39,90.66,-0.0,-0.27
2026-01-22 20:00:00-05:00,80.05,80.29,-0.0,-0.24
2026-01-22 21:00:00-05:00,69.1,69.1,-0.0,0.0
2026-01-22 22:00:00-05:00,67.8,67.73,-0.0,0.07
2026-01-22 23:00:00-05:00,61.38,61.32,-0.0,0.06
2026-01-23 00:00:00-05:00,81.84,81.51,-0.0,0.33
2026-01-23 01:00:00-05:00,81.94,81.53,-0.0,0.41
2026-01-23 02:00:00-05:00,79.53,79.05,-0.0,0.48
2026-01-23 03:00:00-05:00,79.51,78.88,-0.0,0.63
2026-01-23 04:00:00-05:00,81.44,80.95,-0.0,0.49
2026-01-23 05:00:00-05:00,85.22,83.67,1.04,0.51
2026-01-23 06:00:00-05:00,93.2,95.36,-2.06,-0.1
2026-01-23 07:00:00-05:00,127.24,125.72,1.02,0.5
2026-01-23 08:00:00-05:00,133.95,126.39,7.18,0.38
2026-01-23 09:00:00-05:00,93.2,100.68,-7.18,-0.3
2026-01-23 10:00:00-05:00,93.21,93.49,-0.0,-0.28
2026-01-23 11:00:00-05:00,93.21,93.49,-0.0,-0.28
2026-01-23 12:00:00-05:00,93.2,93.48,-0.0,-0.28
2026-01-23 13:00:00-05:00,93.2,93.57,-0.0,-0.37
2026-01-23 14:00:00-05:00,93.21,93.58,-0.0,-0.37
2026-01-23 15:00:00-05:00,111.52,114.29,-2.09,-0.68
2026-01-23 16:00:00-05:00,135.0,139.36,-3.53,-0.83
2026-01-23 17:00:00-05:00,190.98,184.8,5.62,0.56
2026-01-23 18:00:00-05:00,176.02,175.67,-0.0,0.35
2026-01-23 19:00:00-05:00,168.21,167.87,-0.0,0.34
2026-01-23 20:00:00-05:00,167.4,162.74,4.33,0.33
2026-01-23 21:00:00-05:00,125.0,130.24,-4.33,-0.91
2026-01-23 22:00:00-05:00,125.0,125.75,-0.0,-0.75
2026-01-23 23:00:00-05:00,126.43,127.58,-0.0,-1.15
2026-01-24 00:00:00-05:00,190.01,191.15,-0.0,-1.14
2026-01-24 01:00:00-05:00,190.0,190.0,-0.0,0.0
2026-01-24 02:00:00-05:00,190.0,189.43,-0.0,0.57
2026-01-24 03:00:00-05:00,190.0,189.24,-0.0,0.76
2026-01-24 04:00:00-05:00,190.0,189.81,-0.0,0.19
2026-01-24 05:00:00-05:00,202.79,201.37,-0.0,1.42
2026-01-24 06:00:00-05:00,237.42,235.76,-0.0,1.66
2026-01-24 07:00:00-05:00,281.57,279.6,-0.0,1.97
2026-01-24 08:00:00-05:00,267.81,266.2,-0.0,1.61
2026-01-24 09:00:00-05:00,243.85,242.39,-0.0,1.46
2026-01-24 10:00:00-05:00,261.44,259.87,-0.0,1.57
2026-01-24 11:00:00-05:00,337.9,243.75,92.93,1.22
2026-01-24 12:00:00-05:00,129.68,223.5,-92.93,-0.89
2026-01-24 13:00:00-05:00,219.79,220.89,-0.0,-1.1
2026-01-24 14:00:00-05:00,102.49,220.89,-117.52,-0.88
2026-01-24 15:00:00-05:00,367.24,275.03,90.55,1.66
2026-01-24 16:00:00-05:00,305.0,244.54,58.26,2.2
2026-01-24 17:00:00-05:00,320.0,301.64,16.54,1.82
2026-01-24 18:00:00-05:00,320.0,295.36,22.56,2.08
2026-01-24 19:00:00-05:00,300.0,277.53,20.51,1.96
2026-01-24 20:00:00-05:00,280.0,257.85,20.33,1.82
2026-01-24 21:00:00-05:00,260.0,228.9,29.28,1.82
2026-01-24 22:00:00-05:00,251.3,262.32,-13.38,2.36
2026-01-24 23:00:00-05:00,255.89,262.39,-8.86,2.36
2026-01-25 00:00:00-05:00,373.73,370.4,-0.0,3.33
2026-01-25 01:00:00-05:00,350.88,347.41,-0.0,3.47
2026-01-25 02:00:00-05:00,341.8,338.42,-0.0,3.38
2026-01-25 03:00:00-05:00,326.67,323.44,-0.0,3.23
2026-01-25 04:00:00-05:00,331.04,327.76,-0.0,3.28
2026-01-25 05:00:00-05:00,349.29,345.83,-0.0,3.46
2026-01-25 06:00:00-05:00,409.96,405.49,-0.0,4.47
2026-01-25 07:00:00-05:00,370.59,366.18,-0.0,4.41
2026-01-25 08:00:00-05:00,366.3,361.94,-0.0,4.36
2026-01-25 09:00:00-05:00,373.12,369.05,-0.0,4.07
2026-01-25 10:00:00-05:00,396.55,392.23,-0.0,4.32
2026-01-25 11:00:00-05:00,401.31,397.34,-0.0,3.97
2026-01-25 12:00:00-05:00,398.5,394.55,-0.0,3.95
2026-01-25 13:00:00-05:00,393.28,390.17,-0.0,3.11
2026-01-25 14:00:00-05:00,393.55,390.05,-0.0,3.5
2026-01-25 15:00:00-05:00,388.98,419.13,-33.49,3.34
2026-01-25 16:00:00-05:00,395.68,358.6,33.49,3.59
2026-01-25 17:00:00-05:00,417.57,414.27,-0.0,3.3
2026-01-25 18:00:00-05:00,402.12,398.94,-0.0,3.18
2026-01-25 19:00:00-05:00,378.64,375.65,-0.0,2.99
2026-01-25 20:00:00-05:00,347.24,343.8,-0.0,3.44
2026-01-25 21:00:00-05:00,310.11,307.66,-0.0,2.45
2026-01-25 22:00:00-05:00,311.8,309.34,-0.0,2.46
2026-01-25 23:00:00-05:00,318.97,316.45,-0.0,2.52
2026-01-26 00:00:00-05:00,407.96,403.92,-0.0,4.04
2026-01-26 01:00:00-05:00,370.75,367.08,-0.0,3.67
2026-01-26 02:00:00-05:00,349.94,346.48,-0.0,3.46
2026-01-26 03:00:00-05:00,345.84,342.42,-0.0,3.42
2026-01-26 04:00:00-05:00,363.15,359.55,-0.0,3.6
2026-01-26 05:00:00-05:00,418.0,413.44,-0.0,4.56
2026-01-26 06:00:00-05:00,500.0,498.0,-0.0,2.0
2026-01-26 07:00:00-05:00,500.0,500.0,-0.0,0.0
2026-01-26 08:00:00-05:00,524.32,523.8,-0.0,0.52
2026-01-26 09:00:00-05:00,527.68,527.15,-0.0,0.53
2026-01-26 10:00:00-05:00,514.69,514.18,-0.0,0.51
2026-01-26 11:00:00-05:00,518.54,518.02,-0.0,0.52
2026-01-26 12:00:00-05:00,510.7,510.19,-0.0,0.51
2026-01-26 13:00:00-05:00,500.0,500.5,-0.0,-0.5
2026-01-26 14:00:00-05:00,500.0,514.72,-16.79,2.07
2026-01-26 15:00:00-05:00,497.9,530.89,-36.19,3.2
2026-01-26 16:00:00-05:00,479.35,423.4,52.97,2.98
2026-01-26 17:00:00-05:00,500.0,507.46,-8.48,1.02
2026-01-26 18:00:00-05:00,497.13,487.18,8.48,1.47
2026-01-26 19:00:00-05:00,478.48,476.09,-0.0,2.39
2026-01-26 20:00:00-05:00,456.3,447.32,6.73,2.25
2026-01-26 21:00:00-05:00,456.91,438.61,16.1,2.2
2026-01-26 22:00:00-05:00,492.7,506.75,-17.62,3.57
2026-01-26 23:00:00-05:00,470.7,467.41,-0.0,3.29
2026-01-27 00:00:00-05:00,573.11,569.67,-0.0,3.44
2026-01-27 01:00:00-05:00,578.93,575.46,-0.0,3.47
2026-01-27 02:00:00-05:00,574.78,571.33,-0.0,3.45
2026-01-27 03:00:00-05:00,576.43,572.97,-0.0,3.46
2026-01-27 04:00:00-05:00,587.49,583.97,-0.0,3.52
2026-01-27 05:00:00-05:00,585.65,581.55,-0.0,4.1
2026-01-27 06:00:00-05:00,731.07,725.95,-0.0,5.12
2026-01-27 07:00:00-05:00,800.0,796.8,-0.0,3.2
2026-01-27 08:00:00-05:00,800.0,796.8,-0.0,3.2
2026-01-27 09:00:00-05:00,757.0,751.7,-0.0,5.3
2026-01-27 10:00:00-05:00,672.9,640.85,26.95,5.1
2026-01-27 11:00:00-05:00,668.7,635.5,28.72,4.48
2026-01-27 12:00:00-05:00,670.5,601.66,64.05,4.79
2026-01-27 13:00:00-05:00,674.8,591.25,78.84,4.71
2026-01-27 14:00:00-05:00,685.3,588.53,92.08,4.69
2026-01-27 15:00:00-05:00,674.2,629.39,40.37,4.44
2026-01-27 16:00:00-05:00,706.1,531.73,170.14,4.23
2026-01-27 17:00:00-05:00,720.3,682.01,33.48,4.81
2026-01-27 18:00:00-05:00,722.3,689.69,27.75,4.86
2026-01-27 19:00:00-05:00,725.8,625.57,95.82,4.41
2026-01-27 20:00:00-05:00,720.6,574.14,142.41,4.05
2026-01-27 21:00:00-05:00,615.6,568.45,43.14,4.01
2026-01-27 22:00:00-05:00,584.88,580.26,-0.0,4.62
2026-01-27 23:00:00-05:00,581.9,577.3,-0.0,4.6
2026-01-28 00:00:00-05:00,623.82,625.69,-0.0,-1.87
2026-01-28 01:00:00-05:00,576.71,578.44,-0.0,-1.73
2026-01-28 02:00:00-05:00,550.2,551.3,-0.0,-1.1
2026-01-28 03:00:00-05:00,550.66,552.31,-0.0,-1.65
2026-01-28 04:00:00-05:00,603.5,605.91,-0.0,-2.41
2026-01-28 05:00:00-05:00,796.66,798.25,-0.0,-1.59
2026-01-28 06:00:00-05:00,968.93,970.87,-0.0,-1.94
2026-01-28 07:00:00-05:00,971.83,972.8,-0.0,-0.97
2026-01-28 08:00:00-05:00,970.83,971.8,-0.0,-0.97
2026-01-28 09:00:00-05:00,963.34,965.27,-0.0,-1.93
2026-01-28 10:00:00-05:00,935.98,940.66,-0.0,-4.68
2026-01-28 11:00:00-05:00,914.08,918.65,-0.0,-4.57
2026-01-28 12:00:00-05:00,871.04,875.4,-0.0,-4.36
2026-01-28 13:00:00-05:00,851.14,855.4,-0.0,-4.26
2026-01-28 14:00:00-05:00,865.7,870.03,-0.0,-4.33
2026-01-28 15:00:00-05:00,750.64,1006.0,-253.35,-2.01
2026-01-28 16:00:00-05:00,773.74,518.83,253.35,1.56
2026-01-28 17:00:00-05:00,793.56,790.39,-0.0,3.17
2026-01-28 18:00:00-05:00,790.48,788.11,-0.0,2.37
2026-01-28 19:00:00-05:00,775.0,765.99,5.16,3.85
2026-01-28 20:00:00-05:00,666.62,594.89,69.94,1.79
2026-01-28 21:00:00-05:00,669.68,596.85,74.02,-1.19
2026-01-28 22:00:00-05:00,805.53,914.89,-106.62,-2.74
2026-01-28 23:00:00-05:00,818.82,859.57,-37.33,-3.42
2026-01-29 00:00:00-05:00,384.31,386.23,-0.0,-1.92
2026-01-29 01:00:00-05:00,352.96,354.37,-0.0,-1.41
2026-01-29 02:00:00-05:00,320.44,321.72,-0.0,-1.28
2026-01-29 03:00:00-05:00,324.38,325.35,-0.0,-0.97
2026-01-29 04:00:00-05:00,300.0,373.48,-72.73,-0.75
2026-01-29 05:00:00-05:00,547.56,471.08,72.73,3.75
2026-01-29 06:00:00-05:00,644.36,638.63,-0.0,5.73
2026-01-29 07:00:00-05:00,686.15,680.73,-0.0,5.42
2026-01-29 08:00:00-05:00,679.08,675.01,-0.0,4.07
2026-01-29 09:00:00-05:00,616.31,612.61,-0.0,3.7
2026-01-29 10:00:00-05:00,690.77,547.3,140.72,2.75
2026-01-29 11:00:00-05:00,375.0,518.3,-140.72,-2.58
2026-01-29 12:00:00-05:00,447.34,450.47,-0.0,-3.13
2026-01-29 13:00:00-05:00,441.09,444.18,-0.0,-3.09
2026-01-29 14:00:00-05:00,434.82,451.33,-12.88,-3.63
2026-01-29 15:00:00-05:00,359.9,457.64,-95.92,-1.82
2026-01-29 16:00:00-05:00,600.0,488.74,108.8,2.46
2026-01-29 17:00:00-05:00,664.44,660.45,-0.0,3.99
2026-01-29 18:00:00-05:00,661.98,658.67,-0.0,3.31
2026-01-29 19:00:00-05:00,600.0,595.01,2.0,2.99
2026-01-29 20:00:00-05:00,555.8,552.47,-0.0,3.33
2026-01-29 21:00:00-05:00,542.72,519.69,19.89,3.14
2026-01-29 22:00:00-05:00,652.62,576.9,73.4,2.32
2026-01-29 23:00:00-05:00,325.0,421.22,-93.29,-2.93
2026-01-30 00:00:00-05:00,291.26,293.62,-0.0,-2.36
2026-01-30 01:00:00-05:00,269.6,271.78,-0.0,-2.18
2026-01-30 02:00:00-05:00,253.6,255.65,-0.0,-2.05
2026-01-30 03:00:00-05:00,246.13,248.12,-0.0,-1.99
2026-01-30 04:00:00-05:00,265.23,267.38,-0.0,-2.15
2026-01-30 05:00:00-05:00,324.5,325.8,-0.0,-1.3
2026-01-30 06:00:00-05:00,456.57,455.2,-0.0,1.37
2026-01-30 07:00:00-05:00,496.68,493.7,-0.0,2.98
2026-01-30 08:00:00-05:00,481.36,478.95,-0.0,2.41
2026-01-30 09:00:00-05:00,452.05,439.67,10.61,1.77
2026-01-30 10:00:00-05:00,375.0,387.54,-10.61,-1.93
2026-01-30 11:00:00-05:00,356.96,359.46,-0.0,-2.5
2026-01-30 12:00:00-05:00,313.44,315.98,-0.0,-2.54
2026-01-30 13:00:00-05:00,287.6,289.93,-0.0,-2.33
2026-01-30 14:00:00-05:00,289.07,291.41,-0.0,-2.34
2026-01-30 15:00:00-05:00,308.69,311.19,-0.0,-2.5
2026-01-30 16:00:00-05:00,399.55,400.75,-0.0,-1.2
2026-01-30 17:00:00-05:00,457.96,459.79,-0.0,-1.83
2026-01-30 18:00:00-05:00,479.02,481.42,-0.0,-2.4
2026-01-30 19:00:00-05:00,434.75,436.92,-0.0,-2.17
2026-01-30 20:00:00-05:00,399.01,401.8,-0.0,-2.79
2026-01-30 21:00:00-05:00,388.77,391.92,-0.0,-3.15
2026-01-30 22:00:00-05:00,380.77,383.44,-0.0,-2.67
2026-01-30 23:00:00-05:00,356.06,358.2,-0.0,-2.14
2026-01-31 00:00:00-05:00,237.23,238.18,-0.0,-0.95
2026-01-31 01:00:00-05:00,225.04,226.39,-0.0,-1.35
2026-01-31 02:00:00-05:00,208.44,209.69,-0.0,-1.25
2026-01-31 03:00:00-05:00,203.85,204.87,-0.0,-1.02
2026-01-31 04:00:00-05:00,208.7,209.77,-0.03,-1.04
2026-01-31 05:00:00-05:00,220.53,221.38,0.03,-0.88
2026-01-31 06:00:00-05:00,255.52,256.8,-0.0,-1.28
2026-01-31 07:00:00-05:00,286.73,288.45,-0.0,-1.72
2026-01-31 08:00:00-05:00,299.4,301.2,-0.0,-1.8
2026-01-31 09:00:00-05:00,274.55,271.7,4.2,-1.35
2026-01-31 10:00:00-05:00,243.63,248.82,-4.2,-0.99
2026-01-31 11:00:00-05:00,220.99,221.87,-0.0,-0.88
2026-01-31 12:00:00-05:00,204.85,207.33,-0.0,-2.48
2026-01-31 13:00:00-05:00,195.44,198.22,-0.0,-2.78
2026-01-31 14:00:00-05:00,199.3,201.71,-0.0,-2.41
2026-01-31 15:00:00-05:00,207.88,210.19,-0.0,-2.31
2026-01-31 16:00:00-05:00,239.22,240.18,-0.0,-0.96
2026-01-31 17:00:00-05:00,294.2,295.67,-0.0,-1.47
2026-01-31 18:00:00-05:00,285.93,287.07,-0.0,-1.14
2026-01-31 19:00:00-05:00,273.44,275.08,-0.0,-1.64
2026-01-31 20:00:00-05:00,245.69,246.92,-0.0,-1.23
2026-01-31 21:00:00-05:00,246.68,247.91,-0.0,-1.23
2026-01-31 22:00:00-05:00,236.39,225.59,11.7,-0.9
2026-01-31 23:00:00-05:00,215.41,227.79,-11.7,-0.68
2026-02-01 00:00:00-05:00,286.21,284.49,-0.0,1.72
2026-02-01 01:00:00-05:00,264.37,262.78,-0.0,1.59
2026-02-01 02:00:00-05:00,241.91,240.22,-0.0,1.69
2026-02-01 03:00:00-05:00,227.21,225.62,-0.0,1.59
2026-02-01 04:00:00-05:00,237.2,235.54,-0.0,1.66
2026-02-01 05:00:00-05:00,245.81,244.34,-0.0,1.47
2026-02-01 06:00:00-05:00,259.57,258.01,-0.0,1.56
2026-02-01 07:00:00-05:00,274.25,272.6,-0.0,1.65
2026-02-01 08:00:00-05:00,289.29,287.15,0.41,1.73
2026-02-01 09:00:00-05:00,313.2,311.73,-0.41,1.88
2026-02-01 10:00:00-05:00,281.97,280.28,-0.0,1.69
2026-02-01 11:00:00-05:00,336.7,262.59,73.06,1.05
2026-02-01 12:00:00-05:00,155.0,228.97,-73.06,-0.91
2026-02-01 13:00:00-05:00,185.04,186.34,-0.0,-1.3
2026-02-01 14:00:00-05:00,180.0,181.26,-0.0,-1.26
2026-02-01 15:00:00-05:00,177.27,212.93,-34.39,-1.27
2026-02-01 16:00:00-05:00,301.6,266.41,34.39,0.8
2026-02-01 17:00:00-05:00,311.66,310.41,-0.0,1.25
2026-02-01 18:00:00-05:00,306.8,305.57,-0.0,1.23
2026-02-01 19:00:00-05:00,285.81,284.67,-0.0,1.14
2026-02-01 20:00:00-05:00,275.48,274.1,-0.0,1.38
2026-02-01 21:00:00-05:00,250.21,249.21,-0.0,1.0
2026-02-01 22:00:00-05:00,236.52,235.57,-0.0,0.95
2026-02-01 23:00:00-05:00,223.62,222.73,-0.0,0.89
2026-02-02 00:00:00-05:00,214.95,215.81,-0.0,-0.86
2026-02-02 01:00:00-05:00,189.54,190.3,-0.0,-0.76
2026-02-02 02:00:00-05:00,189.04,189.8,-0.0,-0.76
2026-02-02 03:00:00-05:00,187.15,187.9,-0.0,-0.75
2026-02-02 04:00:00-05:00,189.32,190.27,-0.0,-0.95
2026-02-02 05:00:00-05:00,195.0,198.4,-2.41,-0.99
2026-02-02 06:00:00-05:00,270.41,267.46,2.41,0.54
2026-02-02 07:00:00-05:00,294.51,293.33,-0.0,1.18
2026-02-02 08:00:00-05:00,298.04,296.85,-0.0,1.19
2026-02-02 09:00:00-05:00,309.35,276.15,32.65,0.55
2026-02-02 10:00:00-05:00,200.1,234.38,-32.65,-1.63
2026-02-02 11:00:00-05:00,196.9,198.49,-0.0,-1.59
2026-02-02 12:00:00-05:00,168.59,170.12,-0.0,-1.53
2026-02-02 13:00:00-05:00,162.02,163.66,-0.0,-1.64
2026-02-02 14:00:00-05:00,160.0,161.46,-0.0,-1.46
2026-02-02 15:00:00-05:00,177.6,179.39,-0.0,-1.79
2026-02-02 16:00:00-05:00,213.14,215.29,-0.0,-2.15
2026-02-02 17:00:00-05:00,279.85,281.81,-0.0,-1.96
2026-02-02 18:00:00-05:00,284.23,286.53,-0.0,-2.3
2026-02-02 19:00:00-05:00,253.44,255.49,-0.0,-2.05
2026-02-02 20:00:00-05:00,236.89,238.55,-0.0,-1.66
2026-02-02 21:00:00-05:00,199.07,200.46,-0.0,-1.39
2026-02-02 22:00:00-05:00,210.08,211.55,-0.0,-1.47
2026-02-02 23:00:00-05:00,196.18,197.55,-0.0,-1.37
2026-02-03 00:00:00-05:00,199.37,199.97,-0.0,-0.6
2026-02-03 01:00:00-05:00,190.43,190.81,-0.0,-0.38
2026-02-03 02:00:00-05:00,188.97,189.35,-0.0,-0.38
2026-02-03 03:00:00-05:00,187.9,188.28,-0.0,-0.38
2026-02-03 04:00:00-05:00,191.83,194.51,-2.49,-0.19
2026-02-03 05:00:00-05:00,232.96,228.86,2.49,1.61
2026-02-03 06:00:00-05:00,322.36,319.49,-0.0,2.87
2026-02-03 07:00:00-05:00,313.81,311.02,-0.0,2.79
2026-02-03 08:00:00-05:00,281.84,279.33,-0.0,2.51
2026-02-03 09:00:00-05:00,263.61,262.03,-0.0,1.58
2026-02-03 10:00:00-05:00,217.26,217.69,-0.0,-0.43
2026-02-03 11:00:00-05:00,194.26,194.65,-0.0,-0.39
2026-02-03 12:00:00-05:00,182.69,183.06,-0.0,-0.37
2026-02-03 13:00:00-05:00,173.59,173.94,-0.0,-0.35
2026-02-03 14:00:00-05:00,173.26,173.61,-0.0,-0.35
2026-02-03 15:00:00-05:00,185.0,187.12,-1.93,-0.19
2026-02-03 16:00:00-05:00,233.97,230.21,1.93,1.83
2026-02-03 17:00:00-05:00,296.01,293.38,-0.0,2.63
2026-02-03 18:00:00-05:00,288.24,285.67,-0.0,2.57
2026-02-03 19:00:00-05:00,253.44,251.67,-0.0,1.77
2026-02-03 20:00:00-05:00,231.97,231.51,-0.0,0.46
2026-02-03 21:00:00-05:00,214.6,214.81,-0.0,-0.21
2026-02-03 22:00:00-05:00,197.32,197.52,-0.0,-0.2
2026-02-03 23:00:00-05:00,195.21,195.21,-0.0,0.0
2026-02-04 00:00:00-05:00,150.02,150.62,-0.0,-0.6
2026-02-04 01:00:00-05:00,140.0,140.56,-0.0,-0.56
2026-02-04 02:00:00-05:00,127.55,128.19,-0.0,-0.64
2026-02-04 03:00:00-05:00,130.07,130.59,-0.0,-0.52
2026-02-04 04:00:00-05:00,132.73,133.26,-0.0,-0.53
2026-02-04 05:00:00-05:00,143.56,143.99,-0.0,-0.43
2026-02-04 06:00:00-05:00,191.27,192.04,-0.0,-0.77
2026-02-04 07:00:00-05:00,253.98,253.47,-0.0,0.51
2026-02-04 08:00:00-05:00,243.3,243.06,-0.0,0.24
2026-02-04 09:00:00-05:00,199.1,200.49,-0.0,-1.39
2026-02-04 10:00:00-05:00,175.78,177.01,-0.0,-1.23
2026-02-04 11:00:00-05:00,162.59,163.57,-0.0,-0.98
2026-02-04 12:00:00-05:00,150.87,151.78,-0.0,-0.91
2026-02-04 13:00:00-05:00,148.01,149.21,-0.0,-1.2
2026-02-04 14:00:00-05:00,149.26,150.62,-0.0,-1.36
2026-02-04 15:00:00-05:00,149.51,150.72,-0.0,-1.21
2026-02-04 16:00:00-05:00,175.95,177.38,-0.0,-1.43
2026-02-04 17:00:00-05:00,239.41,241.35,-0.0,-1.94
2026-02-04 18:00:00-05:00,238.23,240.64,-0.0,-2.41
2026-02-04 19:00:00-05:00,215.6,217.78,-0.0,-2.18
2026-02-04 20:00:00-05:00,195.0,196.77,-0.0,-1.77
2026-02-04 21:00:00-05:00,175.51,176.93,-0.0,-1.42
2026-02-04 22:00:00-05:00,164.32,165.47,-0.0,-1.15
2026-02-04 23:00:00-05:00,160.16,161.28,-0.0,-1.12
2026-02-05 00:00:00-05:00,149.99,151.2,-0.0,-1.21
2026-02-05 01:00:00-05:00,140.03,141.16,-0.0,-1.13
2026-02-05 02:00:00-05:00,133.86,134.94,-0.0,-1.08
2026-02-05 03:00:00-05:00,132.12,133.04,-0.0,-0.92
2026-02-05 04:00:00-05:00,140.3,141.28,-0.0,-0.98
2026-02-05 05:00:00-05:00,153.99,154.91,-0.0,-0.92
2026-02-05 06:00:00-05:00,190.09,199.66,-8.38,-1.19
2026-02-05 07:00:00-05:00,221.81,214.5,8.38,-1.07
2026-02-05 08:00:00-05:00,197.08,198.68,-0.0,-1.6
2026-02-05 09:00:00-05:00,173.81,175.22,-0.0,-1.41
2026-02-05 10:00:00-05:00,158.61,159.89,-0.0,-1.28
2026-02-05 11:00:00-05:00,146.68,147.87,-0.0,-1.19
2026-02-05 12:00:00-05:00,131.36,132.42,-0.0,-1.06
2026-02-05 13:00:00-05:00,124.73,125.74,-0.0,-1.01
2026-02-05 14:00:00-05:00,122.14,123.13,-0.0,-0.99
2026-02-05 15:00:00-05:00,131.88,132.95,-0.0,-1.07
2026-02-05 16:00:00-05:00,156.13,157.39,-0.0,-1.26
2026-02-05 17:00:00-05:00,205.78,207.45,-0.0,-1.67
2026-02-05 18:00:00-05:00,204.03,205.68,-0.0,-1.65
2026-02-05 19:00:00-05:00,188.41,189.94,-0.0,-1.53
2026-02-05 20:00:00-05:00,172.93,174.14,-0.0,-1.21
2026-02-05 21:00:00-05:00,154.21,155.29,-0.0,-1.08
2026-02-05 22:00:00-05:00,153.48,154.4,-0.0,-0.92
2026-02-05 23:00:00-05:00,143.17,143.89,-0.0,-0.72
2026-02-06 00:00:00-05:00,203.33,204.35,-0.0,-1.02
2026-02-06 01:00:00-05:00,169.01,169.69,-0.0,-0.68
2026-02-06 02:00:00-05:00,155.0,155.62,-0.0,-0.62
2026-02-06 03:00:00-05:00,168.46,168.63,-0.0,-0.17
2026-02-06 04:00:00-05:00,177.45,176.92,-0.0,0.53
2026-02-06 05:00:00-05:00,182.82,182.09,-0.0,0.73
2026-02-06 06:00:00-05:00,240.1,238.66,-0.0,1.44
2026-02-06 07:00:00-05:00,275.65,274.27,-0.0,1.38
2026-02-06 08:00:00-05:00,264.29,262.97,-0.0,1.32
2026-02-06 09:00:00-05:00,249.51,248.01,-0.0,1.5
2026-02-06 10:00:00-05:00,231.74,230.35,-0.0,1.39
2026-02-06 11:00:00-05:00,228.49,212.07,15.78,0.64
2026-02-06 12:00:00-05:00,162.0,178.67,-15.78,-0.89
2026-02-06 13:00:00-05:00,152.9,153.82,-0.0,-0.92
2026-02-06 14:00:00-05:00,152.4,153.47,-0.0,-1.07
2026-02-06 15:00:00-05:00,155.1,175.0,-18.86,-1.04
2026-02-06 16:00:00-05:00,248.93,229.84,18.86,0.23
2026-02-06 17:00:00-05:00,264.45,263.92,-0.0,0.53
2026-02-06 18:00:00-05:00,255.8,255.54,-0.0,0.26
2026-02-06 19:00:00-05:00,214.25,215.32,-0.0,-1.07
2026-02-06 20:00:00-05:00,202.23,203.65,-0.0,-1.42
2026-02-06 21:00:00-05:00,194.82,196.18,-0.0,-1.36
2026-02-06 22:00:00-05:00,173.29,174.5,-0.0,-1.21
2026-02-06 23:00:00-05:00,149.2,149.95,-0.0,-0.75
2026-02-07 00:00:00-05:00,169.61,170.46,-0.0,-0.85
2026-02-07 01:00:00-05:00,158.46,159.09,-0.0,-0.63
2026-02-07 02:00:00-05:00,135.13,135.81,-0.0,-0.68
2026-02-07 03:00:00-05:00,120.3,120.78,-0.0,-0.48
2026-02-07 04:00:00-05:00,125.0,125.5,-0.0,-0.5
2026-02-07 05:00:00-05:00,110.14,132.41,-21.74,-0.53
2026-02-07 06:00:00-05:00,168.18,146.29,21.74,0.15
2026-02-07 07:00:00-05:00,160.81,160.01,-0.0,0.8
2026-02-07 08:00:00-05:00,180.3,180.12,-0.0,0.18
2026-02-07 09:00:00-05:00,195.59,195.0,-0.0,0.59
2026-02-07 10:00:00-05:00,240.09,240.33,-0.0,-0.24
2026-02-07 11:00:00-05:00,216.76,218.28,-0.0,-1.52
2026-02-07 12:00:00-05:00,193.39,195.34,-0.0,-1.95
2026-02-07 13:00:00-05:00,165.0,166.67,-0.0,-1.67
2026-02-07 14:00:00-05:00,153.84,155.39,-0.0,-1.55
2026-02-07 15:00:00-05:00,155.0,156.41,-0.0,-1.41
2026-02-07 16:00:00-05:00,251.26,251.76,-0.0,-0.5
2026-02-07 17:00:00-05:00,316.65,316.33,-0.0,0.32
2026-02-07 18:00:00-05:00,311.99,311.37,-0.0,0.62
2026-02-07 19:00:00-05:00,313.08,295.76,16.73,0.59
2026-02-07 20:00:00-05:00,225.0,243.69,-16.73,-1.96
2026-02-07 21:00:00-05:00,211.12,213.04,-0.0,-1.92
2026-02-07 22:00:00-05:00,235.6,237.25,-0.0,-1.65
2026-02-07 23:00:00-05:00,238.16,240.09,-0.0,-1.93
2026-02-08 00:00:00-05:00,211.49,213.41,-0.0,-1.92
2026-02-08 01:00:00-05:00,203.18,205.03,-0.0,-1.85
2026-02-08 02:00:00-05:00,192.45,194.01,-0.0,-1.56
2026-02-08 03:00:00-05:00,190.72,192.26,-0.0,-1.54
2026-02-08 04:00:00-05:00,193.2,194.55,-0.0,-1.35
2026-02-08 05:00:00-05:00,190.0,198.05,-6.67,-1.38
2026-02-08 06:00:00-05:00,216.5,228.44,-10.58,-1.36
2026-02-08 07:00:00-05:00,255.29,237.8,17.25,0.24
2026-02-08 08:00:00-05:00,244.12,243.88,-0.0,0.24
2026-02-08 09:00:00-05:00,224.07,225.19,-0.0,-1.12
2026-02-08 10:00:00-05:00,207.48,208.93,-0.0,-1.45
2026-02-08 11:00:00-05:00,193.21,194.78,-0.0,-1.57
2026-02-08 12:00:00-05:00,192.93,194.49,-0.0,-1.56
2026-02-08 13:00:00-05:00,185.59,187.09,-0.0,-1.5
2026-02-08 14:00:00-05:00,192.99,194.75,-0.0,-1.76
2026-02-08 15:00:00-05:00,197.3,198.9,-0.0,-1.6
2026-02-08 16:00:00-05:00,234.19,235.6,-0.0,-1.41
2026-02-08 17:00:00-05:00,313.43,313.43,-0.0,0.0
2026-02-08 18:00:00-05:00,310.08,310.08,-0.0,0.0
2026-02-08 19:00:00-05:00,297.1,297.1,-0.0,0.0
2026-02-08 20:00:00-05:00,282.13,282.13,-0.0,0.0
2026-02-08 21:00:00-05:00,252.06,253.57,-0.0,-1.51
2026-02-08 22:00:00-05:00,226.8,228.86,-0.0,-2.06
2026-02-08 23:00:00-05:00,225.38,226.96,-0.0,-1.58
2026-02-09 00:00:00-05:00,199.58,200.98,-0.0,-1.4
2026-02-09 01:00:00-05:00,190.21,191.75,-0.0,-1.54
2026-02-09 02:00:00-05:00,187.0,188.31,-0.0,-1.31
2026-02-09 03:00:00-05:00,189.37,190.7,-0.0,-1.33
2026-02-09 04:00:00-05:00,193.92,194.89,-0.0,-0.97
2026-02-09 05:00:00-05:00,228.26,228.03,-0.0,0.23
2026-02-09 06:00:00-05:00,298.44,299.36,-0.92,0.0
2026-02-09 07:00:00-05:00,315.75,314.52,0.92,0.31
2026-02-09 08:00:00-05:00,295.97,295.67,-0.0,0.3
2026-02-09 09:00:00-05:00,239.46,239.22,-0.0,0.24
2026-02-09 10:00:00-05:00,243.39,220.53,22.64,0.22
2026-02-09 11:00:00-05:00,159.7,183.82,-22.64,-1.48
2026-02-09 12:00:00-05:00,174.42,175.83,-0.0,-1.41
2026-02-09 13:00:00-05:00,164.43,165.76,-0.0,-1.33
2026-02-09 14:00:00-05:00,171.28,172.67,-0.0,-1.39
2026-02-09 15:00:00-05:00,177.04,178.76,-0.28,-1.44
2026-02-09 16:00:00-05:00,185.0,213.35,-26.87,-1.48
2026-02-09 17:00:00-05:00,306.85,279.14,27.15,0.56
2026-02-09 18:00:00-05:00,295.14,294.84,-0.0,0.3
2026-02-09 19:00:00-05:00,251.59,251.34,-0.0,0.25
2026-02-09 20:00:00-05:00,236.82,236.11,-0.0,0.71
2026-02-09 21:00:00-05:00,208.23,207.81,-0.0,0.42
2026-02-09 22:00:00-05:00,210.9,196.54,13.97,0.39
2026-02-09 23:00:00-05:00,169.39,184.46,-13.97,-1.1
2026-02-10 00:00:00-05:00,167.54,168.55,-0.0,-1.01
2026-02-10 01:00:00-05:00,149.28,150.03,-0.0,-0.75
2026-02-10 02:00:00-05:00,141.1,141.95,-0.0,-0.85
2026-02-10 03:00:00-05:00,140.01,140.85,-0.0,-0.84
2026-02-10 04:00:00-05:00,140.0,152.28,-11.67,-0.61
2026-02-10 05:00:00-05:00,202.16,189.92,11.67,0.57
2026-02-10 06:00:00-05:00,230.17,229.48,-0.0,0.69
2026-02-10 07:00:00-05:00,240.61,240.13,-0.0,0.48
2026-02-10 08:00:00-05:00,224.33,223.66,-0.0,0.67
2026-02-10 09:00:00-05:00,208.79,208.58,-0.0,0.21
2026-02-10 10:00:00-05:00,142.44,143.15,-0.0,-0.71
2026-02-10 11:00:00-05:00,123.6,124.47,-0.0,-0.87
2026-02-10 12:00:00-05:00,114.23,115.03,-0.0,-0.8
2026-02-10 13:00:00-05:00,110.86,111.64,-0.0,-0.78
2026-02-10 14:00:00-05:00,104.77,105.62,-0.0,-0.85
2026-02-10 15:00:00-05:00,96.96,100.92,-3.26,-0.7
2026-02-10 16:00:00-05:00,148.16,145.19,3.26,-0.29
2026-02-10 17:00:00-05:00,169.84,170.01,-0.0,-0.17
2026-02-10 18:00:00-05:00,166.11,166.28,-0.0,-0.17
2026-02-10 19:00:00-05:00,163.25,163.25,-0.0,0.0
2026-02-10 20:00:00-05:00,152.32,152.32,-0.0,0.0
2026-02-10 21:00:00-05:00,137.99,138.13,-0.0,-0.14
2026-02-10 22:00:00-05:00,124.27,124.77,-0.0,-0.5
2026-02-10 23:00:00-05:00,101.87,102.7,-0.0,-0.83
2026-02-11 00:00:00-05:00,86.08,85.82,-0.0,0.26
2026-02-11 01:00:00-05:00,83.42,83.09,-0.0,0.33
2026-02-11 02:00:00-05:00,77.1,76.71,-0.0,0.39
2026-02-11 03:00:00-05:00,75.03,74.58,-0.0,0.45
2026-02-11 04:00:00-05:00,70.0,69.58,-0.0,0.42
2026-02-11 05:00:00-05:00,82.65,82.32,-0.0,0.33
2026-02-11 06:00:00-05:00,97.39,97.29,-0.0,0.1
2026-02-11 07:00:00-05:00,115.32,114.97,-0.0,0.35
2026-02-11 08:00:00-05:00,110.8,110.69,-0.0,0.11
2026-02-11 09:00:00-05:00,97.59,97.69,-0.0,-0.1
2026-02-11 10:00:00-05:00,87.94,87.94,-0.0,0.0
2026-02-11 11:00:00-05:00,86.13,86.04,-0.0,0.09
2026-02-11 12:00:00-05:00,80.65,80.57,-0.0,0.08
2026-02-11 13:00:00-05:00,81.66,81.58,-0.0,0.08
2026-02-11 14:00:00-05:00,82.89,82.81,-0.0,0.08
2026-02-11 15:00:00-05:00,85.24,85.07,-0.0,0.17
2026-02-11 16:00:00-05:00,96.95,97.14,-0.0,-0.19
2026-02-11 17:00:00-05:00,117.3,118.6,-0.0,-1.3
2026-02-11 18:00:00-05:00,115.0,116.39,-0.0,-1.39
2026-02-11 19:00:00-05:00,98.61,99.8,-0.0,-1.19
2026-02-11 20:00:00-05:00,96.95,97.43,-0.0,-0.48
2026-02-11 21:00:00-05:00,96.8,96.8,-0.0,0.0
2026-02-11 22:00:00-05:00,81.75,81.42,-0.0,0.33
2026-02-11 23:00:00-05:00,83.59,83.17,-0.0,0.42
2026-02-12 00:00:00-05:00,84.0,83.41,-0.0,0.59
2026-02-12 01:00:00-05:00,73.41,72.9,-0.0,0.51
2026-02-12 02:00:00-05:00,67.15,66.62,-0.0,0.53
2026-02-12 03:00:00-05:00,64.6,64.15,-0.0,0.45
2026-02-12 04:00:00-05:00,69.17,68.62,-0.0,0.55
2026-02-12 05:00:00-05:00,96.95,85.1,11.17,0.68
2026-02-12 06:00:00-05:00,96.96,108.13,-11.17,0.0
2026-02-12 07:00:00-05:00,115.19,115.65,-0.0,-0.46
2026-02-12 08:00:00-05:00,103.42,103.83,-0.0,-0.41
2026-02-12 09:00:00-05:00,96.95,96.76,-0.0,0.19
2026-02-12 10:00:00-05:00,94.54,93.88,-0.0,0.66
2026-02-12 11:00:00-05:00,90.83,90.11,-0.0,0.72
2026-02-12 12:00:00-05:00,82.77,82.12,-0.0,0.65
2026-02-12 13:00:00-05:00,82.28,81.63,-0.0,0.65
2026-02-12 14:00:00-05:00,82.04,81.47,-0.0,0.57
2026-02-12 15:00:00-05:00,95.64,92.43,2.65,0.56
2026-02-12 16:00:00-05:00,96.96,99.81,-2.65,-0.2
2026-02-12 17:00:00-05:00,120.39,121.11,-0.0,-0.72
2026-02-12 18:00:00-05:00,120.39,121.61,-0.0,-1.22
2026-02-12 19:00:00-05:00,110.0,110.44,-0.0,-0.44
2026-02-12 20:00:00-05:00,99.03,99.33,-0.0,-0.3
2026-02-12 21:00:00-05:00,96.95,96.85,-0.0,0.1
2026-02-12 22:00:00-05:00,91.2,90.39,-0.0,0.81
2026-02-12 23:00:00-05:00,89.4,88.6,-0.0,0.8
2026-02-13 00:00:00-05:00,79.96,80.44,-0.0,-0.48
2026-02-13 01:00:00-05:00,79.95,80.11,-0.0,-0.16
2026-02-13 02:00:00-05:00,79.95,79.95,-0.0,0.0
2026-02-13 03:00:00-05:00,79.95,79.95,-0.0,0.0
2026-02-13 04:00:00-05:00,79.95,80.19,-0.0,-0.24
2026-02-13 05:00:00-05:00,79.96,80.36,-0.0,-0.4
2026-02-13 06:00:00-05:00,106.42,107.06,-0.0,-0.64
2026-02-13 07:00:00-05:00,132.93,133.86,-0.0,-0.93
2026-02-13 08:00:00-05:00,115.15,116.08,-0.0,-0.93
2026-02-13 09:00:00-05:00,82.48,83.88,-0.64,-0.76
2026-02-13 10:00:00-05:00,79.95,79.39,0.64,-0.08
2026-02-13 11:00:00-05:00,72.17,71.88,-0.0,0.29
2026-02-13 12:00:00-05:00,66.53,66.06,-0.0,0.47
2026-02-13 13:00:00-05:00,65.02,64.56,-0.0,0.46
2026-02-13 14:00:00-05:00,65.38,64.99,-0.0,0.39
2026-02-13 15:00:00-05:00,68.02,65.99,1.63,0.4
2026-02-13 16:00:00-05:00,79.95,81.91,-1.63,-0.33
2026-02-13 17:00:00-05:00,92.71,93.46,-0.0,-0.75
2026-02-13 18:00:00-05:00,101.46,102.69,-0.0,-1.23
2026-02-13 19:00:00-05:00,87.25,88.22,-0.0,-0.97
2026-02-13 20:00:00-05:00,79.96,80.61,-0.0,-0.65
2026-02-13 21:00:00-05:00,79.95,80.19,-0.0,-0.24
2026-02-13 22:00:00-05:00,78.85,78.77,-0.0,0.08
2026-02-13 23:00:00-05:00,76.38,76.23,-0.0,0.15
2026-02-14 00:00:00-05:00,77.44,76.9,-0.0,0.54
2026-02-14 01:00:00-05:00,69.62,69.13,-0.0,0.49
2026-02-14 02:00:00-05:00,66.22,65.7,-0.0,0.52
2026-02-14 03:00:00-05:00,66.04,65.45,-0.0,0.59
2026-02-14 04:00:00-05:00,66.8,66.14,-0.0,0.66
2026-02-14 05:00:00-05:00,71.48,70.84,-0.0,0.64
2026-02-14 06:00:00-05:00,76.94,76.26,-0.0,0.68
2026-02-14 07:00:00-05:00,79.95,79.71,-0.0,0.24
2026-02-14 08:00:00-05:00,79.95,79.79,-0.0,0.16
2026-02-14 09:00:00-05:00,73.44,72.93,-0.0,0.51
2026-02-14 10:00:00-05:00,66.34,65.82,-0.0,0.52
2026-02-14 11:00:00-05:00,60.99,60.56,-0.0,0.43
2026-02-14 12:00:00-05:00,55.31,54.98,-0.0,0.33
2026-02-14 13:00:00-05:00,54.63,54.3,-0.0,0.33
2026-02-14 14:00:00-05:00,54.26,53.93,-0.0,0.33
2026-02-14 15:00:00-05:00,57.53,57.18,-0.0,0.35
2026-02-14 16:00:00-05:00,69.19,68.77,-0.0,0.42
2026-02-14 17:00:00-05:00,79.95,80.11,-0.0,-0.16
2026-02-14 18:00:00-05:00,79.95,80.19,-0.0,-0.24
2026-02-14 19:00:00-05:00,79.95,79.71,-0.0,0.24
2026-02-14 20:00:00-05:00,75.72,75.27,-0.0,0.45
2026-02-14 21:00:00-05:00,70.07,69.65,-0.0,0.42
2026-02-14 22:00:00-05:00,70.1,69.48,-0.0,0.62
2026-02-14 23:00:00-05:00,65.53,64.82,-0.0,0.71
2026-02-15 00:00:00-05:00,66.88,66.22,-0.0,0.66
2026-02-15 01:00:00-05:00,62.28,61.54,-0.0,0.74
2026-02-15 02:00:00-05:00,57.2,56.52,-0.0,0.68
2026-02-15 03:00:00-05:00,56.08,55.41,-0.0,0.67
2026-02-15 04:00:00-05:00,54.58,53.93,-0.0,0.65
2026-02-15 05:00:00-05:00,59.22,58.57,-0.0,0.65
2026-02-15 06:00:00-05:00,67.26,66.46,-0.0,0.8
2026-02-15 07:00:00-05:00,64.74,63.97,-0.0,0.77
2026-02-15 08:00:00-05:00,62.71,62.09,-0.0,0.62
2026-02-15 09:00:00-05:00,55.36,54.87,-0.0,0.49
2026-02-15 10:00:00-05:00,51.22,50.82,-0.0,0.4
2026-02-15 11:00:00-05:00,49.95,49.51,-0.0,0.44
2026-02-15 12:00:00-05:00,48.71,48.33,-0.0,0.38
2026-02-15 13:00:00-05:00,48.97,48.58,-0.0,0.39
2026-02-15 14:00:00-05:00,50.86,50.46,-0.0,0.4
2026-02-15 15:00:00-05:00,55.45,55.01,-0.0,0.44
2026-02-15 16:00:00-05:00,68.84,68.3,-0.0,0.54
2026-02-15 17:00:00-05:00,79.95,79.47,-0.0,0.48
2026-02-15 18:00:00-05:00,79.96,82.23,-2.11,-0.16
2026-02-15 19:00:00-05:00,79.95,77.53,2.11,0.31
2026-02-15 20:00:00-05:00,74.01,73.64,-0.0,0.37
2026-02-15 21:00:00-05:00,64.57,64.18,-0.0,0.39
2026-02-15 22:00:00-05:00,60.3,59.88,-0.0,0.42
2026-02-15 23:00:00-05:00,58.38,57.86,-0.0,0.52
2026-02-16 00:00:00-05:00,58.92,58.4,-0.0,0.52
2026-02-16 01:00:00-05:00,53.87,53.34,-0.0,0.53
2026-02-16 02:00:00-05:00,52.58,52.06,-0.0,0.52
2026-02-16 03:00:00-05:00,51.13,50.62,-0.0,0.51
2026-02-16 04:00:00-05:00,51.88,51.31,-0.0,0.57
2026-02-16 05:00:00-05:00,56.1,55.49,-0.0,0.61
2026-02-16 06:00:00-05:00,66.65,65.99,-0.0,0.66
2026-02-16 07:00:00-05:00,72.26,71.75,-0.0,0.51
2026-02-16 08:00:00-05:00,71.47,71.04,-0.0,0.43
2026-02-16 09:00:00-05:00,73.08,72.71,-0.0,0.37
2026-02-16 10:00:00-05:00,69.66,69.31,-0.0,0.35
2026-02-16 11:00:00-05:00,68.33,67.85,-0.0,0.48
2026-02-16 12:00:00-05:00,62.59,62.21,-0.0,0.38
2026-02-16 13:00:00-05:00,61.89,61.52,-0.0,0.37
2026-02-16 14:00:00-05:00,58.03,57.74,-0.0,0.29
2026-02-16 15:00:00-05:00,58.49,58.14,-0.0,0.35
2026-02-16 16:00:00-05:00,67.68,67.15,-0.0,0.53
2026-02-16 17:00:00-05:00,79.95,79.79,-0.0,0.16
2026-02-16 18:00:00-05:00,79.95,83.37,-3.01,-0.41
2026-02-16 19:00:00-05:00,77.94,74.71,3.01,0.22
2026-02-16 20:00:00-05:00,63.0,62.62,-0.0,0.38
2026-02-16 21:00:00-05:00,59.46,59.16,-0.0,0.3
2026-02-16 22:00:00-05:00,55.73,55.34,-0.0,0.39
2026-02-16 23:00:00-05:00,53.36,52.94,-0.0,0.42
2026-02-17 00:00:00-05:00,52.18,51.81,-0.0,0.37
2026-02-17 01:00:00-05:00,47.59,47.26,-0.0,0.33
2026-02-17 02:00:00-05:00,45.59,45.23,-0.0,0.36
2026-02-17 03:00:00-05:00,45.12,44.72,-0.0,0.4
2026-02-17 04:00:00-05:00,47.19,46.77,-0.0,0.42
2026-02-17 05:00:00-05:00,51.33,50.82,-0.0,0.51
2026-02-17 06:00:00-05:00,68.12,67.45,-0.0,0.67
2026-02-17 07:00:00-05:00,76.55,76.09,-0.0,0.46
2026-02-17 08:00:00-05:00,75.6,75.15,-0.0,0.45
2026-02-17 09:00:00-05:00,75.88,75.42,-0.0,0.46
2026-02-17 10:00:00-05:00,70.48,70.06,-0.0,0.42
2026-02-17 11:00:00-05:00,67.81,67.27,-0.0,0.54
2026-02-17 12:00:00-05:00,61.85,61.42,-0.0,0.43
2026-02-17 13:00:00-05:00,55.57,55.18,-0.0,0.39
2026-02-17 14:00:00-05:00,52.89,52.52,-0.0,0.37
2026-02-17 15:00:00-05:00,52.96,52.54,-0.0,0.42
2026-02-17 16:00:00-05:00,65.23,64.77,-0.0,0.46
2026-02-17 17:00:00-05:00,79.95,79.95,-0.0,0.0
2026-02-17 18:00:00-05:00,79.95,83.98,-3.61,-0.42
2026-02-17 19:00:00-05:00,78.36,74.45,3.61,0.3
2026-02-17 20:00:00-05:00,65.83,65.44,-0.0,0.39
2026-02-17 21:00:00-05:00,58.78,58.43,-0.0,0.35
2026-02-17 22:00:00-05:00,56.01,55.62,-0.0,0.39
2026-02-17 23:00:00-05:00,53.72,53.3,-0.0,0.42
2026-02-18 00:00:00-05:00,55.09,54.7,-0.0,0.39
2026-02-18 01:00:00-05:00,51.01,50.61,-0.0,0.4
2026-02-18 02:00:00-05:00,50.0,49.55,-0.0,0.45
2026-02-18 03:00:00-05:00,48.51,48.08,-0.0,0.43
2026-02-18 04:00:00-05:00,50.13,49.63,-0.0,0.5
2026-02-18 05:00:00-05:00,53.34,52.81,-0.0,0.53
2026-02-18 06:00:00-05:00,59.62,59.03,-0.0,0.59
2026-02-18 07:00:00-05:00,69.73,69.24,-0.0,0.49
2026-02-18 08:00:00-05:00,71.38,71.02,-0.0,0.36
2026-02-18 09:00:00-05:00,73.34,72.97,-0.0,0.37
2026-02-18 10:00:00-05:00,66.79,66.39,-0.0,0.4
2026-02-18 11:00:00-05:00,68.91,68.5,-0.0,0.41
2026-02-18 12:00:00-05:00,66.98,66.45,-0.0,0.53
2026-02-18 13:00:00-05:00,64.92,64.41,-0.0,0.51
2026-02-18 14:00:00-05:00,61.36,60.88,-0.0,0.48
2026-02-18 15:00:00-05:00,62.63,62.19,-0.0,0.44
2026-02-18 16:00:00-05:00,68.65,68.17,-0.0,0.48
2026-02-18 17:00:00-05:00,75.35,75.2,-0.0,0.15
2026-02-18 18:00:00-05:00,76.42,76.5,-0.0,-0.08
2026-02-18 19:00:00-05:00,70.11,69.9,-0.0,0.21
2026-02-18 20:00:00-05:00,65.82,65.49,-0.0,0.33
2026-02-18 21:00:00-05:00,56.78,56.44,-0.0,0.34
2026-02-18 22:00:00-05:00,54.91,54.48,-0.0,0.43
2026-02-18 23:00:00-05:00,52.42,51.95,-0.0,0.47
2026-02-19 00:00:00-05:00,50.99,50.49,-0.0,0.5
2026-02-19 01:00:00-05:00,48.79,48.31,-0.0,0.48
2026-02-19 02:00:00-05:00,46.79,46.28,-0.0,0.51
2026-02-19 03:00:00-05:00,46.71,46.2,-0.0,0.51
2026-02-19 04:00:00-05:00,47.24,46.73,-0.0,0.51
2026-02-19 05:00:00-05:00,48.05,47.53,-0.0,0.52
2026-02-19 06:00:00-05:00,58.14,57.45,-0.0,0.69
2026-02-19 07:00:00-05:00,68.18,67.51,-0.0,0.67
2026-02-19 08:00:00-05:00,66.04,65.32,-0.0,0.72
2026-02-19 09:00:00-05:00,61.04,60.5,-0.0,0.54
2026-02-19 10:00:00-05:00,55.32,54.83,-0.0,0.49
2026-02-19 11:00:00-05:00,53.08,52.55,-0.0,0.53
2026-02-19 12:00:00-05:00,50.93,50.48,-0.0,0.45
2026-02-19 13:00:00-05:00,48.92,48.53,-0.0,0.39
2026-02-19 14:00:00-05:00,50.56,50.11,-0.0,0.45
2026-02-19 15:00:00-05:00,49.88,49.44,-0.0,0.44
2026-02-19 16:00:00-05:00,57.21,56.7,-0.0,0.51
2026-02-19 17:00:00-05:00,70.08,69.59,-0.0,0.49
2026-02-19 18:00:00-05:00,74.05,73.68,-0.0,0.37
2026-02-19 19:00:00-05:00,63.11,62.67,-0.0,0.44
2026-02-19 20:00:00-05:00,56.38,55.99,-0.0,0.39
2026-02-19 21:00:00-05:00,49.65,49.35,-0.0,0.3
2026-02-19 22:00:00-05:00,48.0,47.62,-0.0,0.38
2026-02-19 23:00:00-05:00,45.76,45.35,-0.0,0.41
2026-02-20 00:00:00-05:00,46.11,45.65,-0.0,0.46
2026-02-20 01:00:00-05:00,43.78,43.35,-0.0,0.43
2026-02-20 02:00:00-05:00,43.73,43.3,-0.0,0.43
2026-02-20 03:00:00-05:00,40.71,40.35,-0.0,0.36
2026-02-20 04:00:00-05:00,40.43,40.07,-0.0,0.36
2026-02-20 05:00:00-05:00,45.93,45.57,-0.0,0.36
2026-02-20 06:00:00-05:00,55.41,54.92,-0.0,0.49
2026-02-20 07:00:00-05:00,60.01,59.54,-0.0,0.47
2026-02-20 08:00:00-05:00,64.82,64.37,-0.0,0.45
2026-02-20 09:00:00-05:00,70.6,70.32,-0.0,0.28
2026-02-20 10:00:00-05:00,76.22,76.07,-0.0,0.15
2026-02-20 11:00:00-05:00,77.55,77.39,-0.0,0.16
2026-02-20 12:00:00-05:00,75.83,75.75,-0.0,0.08
2026-02-20 13:00:00-05:00,72.12,72.05,-0.0,0.07
2026-02-20 14:00:00-05:00,70.38,70.17,-0.0,0.21
2026-02-20 15:00:00-05:00,67.31,67.04,-0.0,0.27
2026-02-20 16:00:00-05:00,67.62,67.35,-0.0,0.27
2026-02-20 17:00:00-05:00,72.8,72.65,-0.0,0.15
2026-02-20 18:00:00-05:00,67.62,67.35,-0.0,0.27
2026-02-20 19:00:00-05:00,61.61,61.36,-0.0,0.25
2026-02-20 20:00:00-05:00,55.35,55.07,-0.0,0.28
2026-02-20 21:00:00-05:00,54.6,53.65,0.68,0.27
2026-02-20 22:00:00-05:00,46.21,46.56,-0.68,0.33
2026-02-20 23:00:00-05:00,47.08,46.71,-0.0,0.37
2026-02-21 00:00:00-05:00,42.43,42.09,-0.0,0.34
2026-02-21 01:00:00-05:00,42.23,41.9,-0.0,0.33
2026-02-21 02:00:00-05:00,42.27,41.94,-0.0,0.33
2026-02-21 03:00:00-05:00,41.89,41.52,-0.0,0.37
2026-02-21 04:00:00-05:00,41.73,41.36,-0.0,0.37
2026-02-21 05:00:00-05:00,42.35,41.97,-0.0,0.38
2026-02-21 06:00:00-05:00,44.85,44.41,-0.0,0.44
2026-02-21 07:00:00-05:00,47.99,47.51,-0.0,0.48
2026-02-21 08:00:00-05:00,51.25,50.79,-0.0,0.46
2026-02-21 09:00:00-05:00,49.36,48.92,-0.0,0.44
2026-02-21 10:00:00-05:00,52.36,51.95,-0.0,0.41
2026-02-21 11:00:00-05:00,51.31,50.9,-0.0,0.41
2026-02-21 12:00:00-05:00,49.15,48.76,-0.0,0.39
2026-02-21 13:00:00-05:00,50.28,49.88,-0.0,0.4
2026-02-21 14:00:00-05:00,49.49,49.1,-0.0,0.39
2026-02-21 15:00:00-05:00,52.82,52.35,-0.0,0.47
2026-02-21 16:00:00-05:00,58.97,58.27,-0.0,0.7
2026-02-21 17:00:00-05:00,68.85,68.17,-0.0,0.68
2026-02-21 18:00:00-05:00,73.25,72.67,-0.0,0.58
2026-02-21 19:00:00-05:00,66.49,65.9,-0.0,0.59
2026-02-21 20:00:00-05:00,60.45,59.91,-0.0,0.54
2026-02-21 21:00:00-05:00,55.01,54.58,-0.0,0.43
2026-02-21 22:00:00-05:00,56.25,55.81,-0.0,0.44
2026-02-21 23:00:00-05:00,54.6,54.17,-0.0,0.43
2026-02-22 00:00:00-05:00,49.59,49.15,-0.0,0.44
2026-02-22 01:00:00-05:00,47.75,47.37,-0.0,0.38
2026-02-22 02:00:00-05:00,44.91,44.56,-0.0,0.35
2026-02-22 03:00:00-05:00,43.73,43.38,-0.0,0.35
2026-02-22 04:00:00-05:00,43.37,43.03,-0.0,0.34
2026-02-22 05:00:00-05:00,42.28,41.95,-0.0,0.33
2026-02-22 06:00:00-05:00,42.45,42.83,-0.76,0.38
2026-02-22 07:00:00-05:00,42.44,41.31,0.76,0.37
2026-02-22 08:00:00-05:00,43.79,43.44,-0.0,0.35
2026-02-22 09:00:00-05:00,48.24,47.86,-0.0,0.38
2026-02-22 10:00:00-05:00,53.71,53.29,-0.0,0.42
2026-02-22 11:00:00-05:00,56.29,55.79,-0.0,0.5
2026-02-22 12:00:00-05:00,57.2,56.69,-0.0,0.51
2026-02-22 13:00:00-05:00,56.12,55.62,-0.0,0.5
2026-02-22 14:00:00-05:00,55.6,55.11,-0.0,0.49
2026-02-22 15:00:00-05:00,56.9,56.45,-0.0,0.45
2026-02-22 16:00:00-05:00,61.08,60.54,-0.0,0.54
2026-02-22 17:00:00-05:00,67.38,66.85,-0.0,0.53
2026-02-22 18:00:00-05:00,68.86,68.45,-0.0,0.41
2026-02-22 19:00:00-05:00,61.62,61.19,-0.0,0.43
2026-02-22 20:00:00-05:00,60.44,59.96,-0.0,0.48
2026-02-22 21:00:00-05:00,58.24,57.72,-0.0,0.52
2026-02-22 22:00:00-05:00,56.34,55.78,-0.0,0.56
2026-02-22 23:00:00-05:00,55.13,54.53,-0.0,0.6
2026-02-23 00:00:00-05:00,51.89,51.38,-0.0,0.51
2026-02-23 01:00:00-05:00,50.41,49.86,-0.0,0.55
2026-02-23 02:00:00-05:00,47.84,47.32,-0.0,0.52
2026-02-23 03:00:00-05:00,46.31,45.85,-0.0,0.46
2026-02-23 04:00:00-05:00,47.87,47.4,-0.0,0.47
2026-02-23 05:00:00-05:00,52.26,51.74,-0.0,0.52
2026-02-23 06:00:00-05:00,63.88,63.64,-0.4,0.64
2026-02-23 07:00:00-05:00,67.46,66.53,0.4,0.53
2026-02-23 08:00:00-05:00,72.02,71.66,-0.0,0.36
2026-02-23 09:00:00-05:00,73.01,72.79,-0.0,0.22
2026-02-23 10:00:00-05:00,78.92,78.68,-0.0,0.24
2026-02-23 11:00:00-05:00,78.14,77.98,-0.0,0.16
2026-02-23 12:00:00-05:00,71.67,71.53,-0.0,0.14
2026-02-23 13:00:00-05:00,68.64,68.3,-0.0,0.34
2026-02-23 14:00:00-05:00,64.24,64.05,-0.0,0.19
2026-02-23 15:00:00-05:00,66.41,66.14,-0.0,0.27
2026-02-23 16:00:00-05:00,67.29,66.95,-0.0,0.34
2026-02-23 17:00:00-05:00,79.95,79.79,-0.0,0.16
2026-02-23 18:00:00-05:00,79.95,79.87,-0.0,0.08
2026-02-23 19:00:00-05:00,71.26,71.12,-0.0,0.14
2026-02-23 20:00:00-05:00,63.16,62.91,-0.0,0.25
2026-02-23 21:00:00-05:00,60.03,59.79,-0.0,0.24
2026-02-23 22:00:00-05:00,58.5,58.21,-0.0,0.29
2026-02-23 23:00:00-05:00,56.98,56.64,-0.0,0.34
2026-02-24 00:00:00-05:00,68.14,67.66,-0.0,0.48
2026-02-24 01:00:00-05:00,64.69,64.24,-0.0,0.45
2026-02-24 02:00:00-05:00,64.66,64.15,-0.0,0.51
2026-02-24 03:00:00-05:00,62.24,61.8,-0.0,0.44
2026-02-24 04:00:00-05:00,66.72,66.25,-0.0,0.47
2026-02-24 05:00:00-05:00,69.35,68.93,-0.0,0.42
2026-02-24 06:00:00-05:00,84.77,84.43,-0.0,0.34
2026-02-24 07:00:00-05:00,110.39,109.95,-0.0,0.44
2026-02-24 08:00:00-05:00,80.76,86.7,-5.51,-0.43
2026-02-24 09:00:00-05:00,76.13,70.48,5.51,0.14
2026-02-24 10:00:00-05:00,76.32,76.36,-0.04,0.0
2026-02-24 11:00:00-05:00,70.66,70.69,0.04,-0.07
2026-02-24 12:00:00-05:00,67.78,67.64,-0.0,0.14
2026-02-24 13:00:00-05:00,64.57,64.38,-0.0,0.19
2026-02-24 14:00:00-05:00,65.55,65.35,-0.0,0.2
2026-02-24 15:00:00-05:00,65.48,65.28,-0.0,0.2
2026-02-24 16:00:00-05:00,79.95,79.79,-0.0,0.16
2026-02-24 17:00:00-05:00,98.35,97.96,-0.0,0.39
2026-02-24 18:00:00-05:00,120.16,119.56,-0.0,0.6
2026-02-24 19:00:00-05:00,96.29,95.9,-0.0,0.39
2026-02-24 20:00:00-05:00,88.32,88.06,-0.0,0.26
2026-02-24 21:00:00-05:00,81.21,81.05,-0.0,0.16
2026-02-24 22:00:00-05:00,75.99,75.76,-0.0,0.23
2026-02-24 23:00:00-05:00,72.69,72.33,-0.0,0.36
2026-02-25 00:00:00-05:00,78.62,78.23,-0.0,0.39
2026-02-25 01:00:00-05:00,78.04,77.57,-0.0,0.47
2026-02-25 02:00:00-05:00,73.6,73.16,-0.0,0.44
2026-02-25 03:00:00-05:00,69.83,69.41,-0.0,0.42
2026-02-25 04:00:00-05:00,70.51,70.23,-0.0,0.28
2026-02-25 05:00:00-05:00,79.21,78.81,-0.0,0.4
2026-02-25 06:00:00-05:00,97.64,97.05,-0.0,0.59
2026-02-25 07:00:00-05:00,103.66,103.14,-0.0,0.52
2026-02-25 08:00:00-05:00,98.3,98.01,-0.0,0.29
2026-02-25 09:00:00-05:00,97.27,96.98,-0.0,0.29
2026-02-25 10:00:00-05:00,79.03,78.79,-0.0,0.24
2026-02-25 11:00:00-05:00,71.04,70.76,-0.0,0.28
2026-02-25 12:00:00-05:00,66.95,66.62,-0.0,0.33
2026-02-25 13:00:00-05:00,63.21,62.89,-0.0,0.32
2026-02-25 14:00:00-05:00,60.77,60.53,-0.0,0.24
2026-02-25 15:00:00-05:00,60.59,60.41,-0.0,0.18
2026-02-25 16:00:00-05:00,68.8,68.46,-0.0,0.34
2026-02-25 17:00:00-05:00,89.66,89.39,-0.0,0.27
2026-02-25 18:00:00-05:00,83.33,83.25,-0.0,0.08
2026-02-25 19:00:00-05:00,80.08,80.0,-0.0,0.08
2026-02-25 20:00:00-05:00,70.69,70.55,-0.0,0.14
2026-02-25 21:00:00-05:00,69.04,68.83,-0.0,0.21
2026-02-25 22:00:00-05:00,64.98,64.72,-0.0,0.26
2026-02-25 23:00:00-05:00,65.34,65.01,-0.0,0.33
2026-02-26 00:00:00-05:00,54.57,54.41,-0.0,0.16
2026-02-26 01:00:00-05:00,51.26,51.11,-0.0,0.15
2026-02-26 02:00:00-05:00,51.05,50.9,-0.0,0.15
2026-02-26 03:00:00-05:00,49.81,49.61,-0.0,0.2
2026-02-26 04:00:00-05:00,53.3,53.03,-0.0,0.27
2026-02-26 05:00:00-05:00,57.14,56.8,-0.0,0.34
2026-02-26 06:00:00-05:00,75.93,75.7,-0.0,0.23
2026-02-26 07:00:00-05:00,77.95,77.56,-0.0,0.39
2026-02-26 08:00:00-05:00,71.26,71.05,-0.0,0.21
2026-02-26 09:00:00-05:00,51.39,51.24,-0.0,0.15
2026-02-26 10:00:00-05:00,51.62,51.47,-0.0,0.15
2026-02-26 11:00:00-05:00,49.52,49.37,-0.0,0.15
2026-02-26 12:00:00-05:00,49.48,49.33,-0.0,0.15
2026-02-26 13:00:00-05:00,49.06,48.96,-0.0,0.1
2026-02-26 14:00:00-05:00,49.53,49.38,-0.0,0.15
2026-02-26 15:00:00-05:00,50.14,49.99,-0.0,0.15
2026-02-26 16:00:00-05:00,58.1,57.81,-0.0,0.29
2026-02-26 17:00:00-05:00,79.96,79.72,-0.0,0.24
2026-02-26 18:00:00-05:00,85.92,85.75,-0.0,0.17
2026-02-26 19:00:00-05:00,79.96,79.8,-0.0,0.16
2026-02-26 20:00:00-05:00,71.43,71.07,-0.0,0.36
2026-02-26 21:00:00-05:00,66.1,65.64,-0.0,0.46
2026-02-26 22:00:00-05:00,64.47,63.07,0.9,0.5
2026-02-26 23:00:00-05:00,64.68,64.87,-0.9,0.71
2026-02-27 00:00:00-05:00,51.49,50.98,-0.0,0.51
2026-02-27 01:00:00-05:00,47.88,47.36,-0.0,0.52
2026-02-27 02:00:00-05:00,46.9,46.39,-0.0,0.51
2026-02-27 03:00:00-05:00,45.87,45.37,-0.0,0.5
2026-02-27 04:00:00-05:00,46.85,46.34,-0.0,0.51
2026-02-27 05:00:00-05:00,50.96,50.4,-0.0,0.56
2026-02-27 06:00:00-05:00,66.94,66.21,-0.0,0.73
2026-02-27 07:00:00-05:00,69.18,68.43,-0.0,0.75
2026-02-27 08:00:00-05:00,54.48,54.0,-0.0,0.48
2026-02-27 09:00:00-05:00,46.41,46.09,-0.0,0.32
2026-02-27 10:00:00-05:00,44.05,43.74,-0.0,0.31
2026-02-27 11:00:00-05:00,40.55,40.23,-0.0,0.32
2026-02-27 12:00:00-05:00,39.96,39.64,-0.0,0.32
2026-02-27 13:00:00-05:00,38.92,38.65,-0.0,0.27
2026-02-27 14:00:00-05:00,39.02,38.75,-0.0,0.27
2026-02-27 15:00:00-05:00,39.94,39.62,-0.0,0.32
2026-02-27 16:00:00-05:00,48.07,47.73,-0.0,0.34
2026-02-27 17:00:00-05:00,60.0,59.58,-0.0,0.42
2026-02-27 18:00:00-05:00,63.85,63.53,-0.0,0.32
2026-02-27 19:00:00-05:00,53.28,53.12,-0.0,0.16
2026-02-27 20:00:00-05:00,46.96,46.82,-0.0,0.14
2026-02-27 21:00:00-05:00,45.03,44.94,-0.0,0.09
2026-02-27 22:00:00-05:00,43.92,43.83,-0.0,0.09
2026-02-27 23:00:00-05:00,42.37,42.24,-0.0,0.13
2026-02-28 00:00:00-05:00,39.32,39.2,-0.0,0.12
2026-02-28 01:00:00-05:00,38.34,38.26,-0.0,0.08
2026-02-28 02:00:00-05:00,35.87,35.8,-0.0,0.07
2026-02-28 03:00:00-05:00,36.85,36.78,-0.0,0.07
2026-02-28 04:00:00-05:00,36.64,36.57,-0.0,0.07
2026-02-28 05:00:00-05:00,36.24,36.17,-0.0,0.07
2026-02-28 06:00:00-05:00,40.02,39.94,-0.0,0.08
2026-02-28 07:00:00-05:00,42.49,42.45,-0.0,0.04
2026-02-28 08:00:00-05:00,40.43,40.39,-0.0,0.04
2026-02-28 09:00:00-05:00,38.72,38.72,-0.0,0.0
2026-02-28 10:00:00-05:00,36.39,36.35,-0.0,0.04
2026-02-28 11:00:00-05:00,34.59,34.59,-0.0,0.0
2026-02-28 12:00:00-05:00,33.13,33.1,-0.0,0.03
2026-02-28 13:00:00-05:00,32.62,32.59,-0.0,0.03
2026-02-28 14:00:00-05:00,32.64,32.61,-0.0,0.03
2026-02-28 15:00:00-05:00,32.93,32.9,-0.0,0.03
2026-02-28 16:00:00-05:00,40.63,40.55,-0.0,0.08
2026-02-28 17:00:00-05:00,53.98,53.82,-0.0,0.16
2026-02-28 18:00:00-05:00,63.56,63.37,-0.0,0.19
2026-02-28 19:00:00-05:00,56.02,55.8,-0.0,0.22
2026-02-28 20:00:00-05:00,54.28,54.01,-0.0,0.27
2026-02-28 21:00:00-05:00,54.36,53.98,-0.0,0.38
2026-02-28 22:00:00-05:00,51.56,51.2,-0.0,0.36
2026-02-28 23:00:00-05:00,49.04,48.65,-0.0,0.39
2026-03-01 00:00:00-05:00,49.13,48.74,-0.0,0.39
2026-03-01 01:00:00-05:00,47.37,46.95,-0.0,0.42
2026-03-01 02:00:00-05:00,45.85,45.44,-0.0,0.41
2026-03-01 03:00:00-05:00,43.96,43.57,-0.0,0.39
2026-03-01 04:00:00-05:00,44.0,43.61,-0.0,0.39
2026-03-01 05:00:00-05:00,42.89,42.55,-0.0,0.34
2026-03-01 06:00:00-05:00,46.65,47.44,-1.17,0.38
2026-03-01 07:00:00-05:00,49.06,47.51,1.17,0.38
2026-03-01 08:00:00-05:00,50.44,50.09,-0.0,0.35
2026-03-01 09:00:00-05:00,50.33,49.98,-0.0,0.35
2026-03-01 10:00:00-05:00,63.89,63.51,-0.0,0.38
2026-03-01 11:00:00-05:00,63.56,63.24,-0.0,0.32
2026-03-01 12:00:00-05:00,61.73,61.48,-0.0,0.25
2026-03-01 13:00:00-05:00,59.3,59.06,-0.0,0.24
2026-03-01 14:00:00-05:00,58.85,58.61,-0.0,0.24
2026-03-01 15:00:00-05:00,56.81,56.58,-0.0,0.23
2026-03-01 16:00:00-05:00,73.05,63.67,9.19,0.19
2026-03-01 17:00:00-05:00,75.95,85.48,-9.19,-0.34
2026-03-01 18:00:00-05:00,80.16,80.72,-0.0,-0.56
2026-03-01 19:00:00-05:00,76.65,77.19,-0.0,-0.54
2026-03-01 20:00:00-05:00,75.95,76.18,-0.0,-0.23
2026-03-01 21:00:00-05:00,75.95,76.1,-0.0,-0.15
2026-03-01 22:00:00-05:00,75.95,75.87,-0.0,0.08
2026-03-01 23:00:00-05:00,71.58,71.22,-0.0,0.36
2026-03-02 00:00:00-05:00,78.6,78.29,-0.0,0.31
2026-03-02 01:00:00-05:00,75.99,75.69,-0.0,0.3
2026-03-02 02:00:00-05:00,73.44,73.0,-0.0,0.44
2026-03-02 03:00:00-05:00,79.46,79.06,-0.0,0.4
2026-03-02 04:00:00-05:00,83.38,83.05,-0.0,0.33
2026-03-02 05:00:00-05:00,98.95,98.55,-0.0,0.4
2026-03-02 06:00:00-05:00,138.25,137.56,-0.0,0.69
2026-03-02 07:00:00-05:00,159.14,158.34,-0.0,0.8
2026-03-02 08:00:00-05:00,103.46,103.05,-0.0,0.41
2026-03-02 09:00:00-05:00,72.04,71.82,-0.0,0.22
2026-03-02 10:00:00-05:00,69.92,69.78,-0.0,0.14
2026-03-02 11:00:00-05:00,63.96,63.83,-0.0,0.13
2026-03-02 12:00:00-05:00,58.67,58.55,-0.0,0.12
2026-03-02 13:00:00-05:00,55.51,55.4,-0.0,0.11
2026-03-02 14:00:00-05:00,54.13,54.08,-0.0,0.05
2026-03-02 15:00:00-05:00,55.56,55.45,-0.0,0.11
2026-03-02 16:00:00-05:00,72.01,70.44,1.36,0.21
2026-03-02 17:00:00-05:00,120.27,121.39,-1.36,0.24
2026-03-02 18:00:00-05:00,157.94,157.78,-0.0,0.16
2026-03-02 19:00:00-05:00,121.38,131.99,-10.74,0.13
2026-03-02 20:00:00-05:00,105.0,94.07,10.74,0.19
2026-03-02 21:00:00-05:00,81.79,81.71,-0.0,0.08
2026-03-02 22:00:00-05:00,74.1,73.95,-0.0,0.15
2026-03-02 23:00:00-05:00,71.69,71.55,-0.0,0.14
2026-03-03 00:00:00-05:00,62.28,61.79,-0.0,0.49
2026-03-03 01:00:00-05:00,60.0,59.53,-0.0,0.47
2026-03-03 02:00:00-05:00,57.3,56.79,-0.0,0.51
2026-03-03 03:00:00-05:00,56.88,56.43,-0.0,0.45
2026-03-03 04:00:00-05:00,56.52,56.02,-0.0,0.5
2026-03-03 05:00:00-05:00,63.5,61.16,1.85,0.49
2026-03-03 06:00:00-05:00,85.0,71.55,12.81,0.64
2026-03-03 07:00:00-05:00,78.62,78.07,-0.0,0.55
2026-03-03 08:00:00-05:00,75.95,75.95,-0.0,0.0
2026-03-03 09:00:00-05:00,75.16,75.08,-0.0,0.08
2026-03-03 10:00:00-05:00,67.46,67.06,-0.0,0.4
2026-03-03 11:00:00-05:00,67.2,66.8,-0.0,0.4
2026-03-03 12:00:00-05:00,65.69,65.23,-0.0,0.46
2026-03-03 13:00:00-05:00,64.21,63.76,-0.0,0.45
2026-03-03 14:00:00-05:00,65.44,65.05,-0.0,0.39
2026-03-03 15:00:00-05:00,71.1,70.74,-0.0,0.36
2026-03-03 16:00:00-05:00,66.77,66.44,-0.0,0.33
2026-03-03 17:00:00-05:00,75.79,75.71,-0.0,0.08
2026-03-03 18:00:00-05:00,75.95,76.03,-0.0,-0.08
2026-03-03 19:00:00-05:00,74.85,74.55,-0.0,0.3
2026-03-03 20:00:00-05:00,69.33,69.05,-0.0,0.28
2026-03-03 21:00:00-05:00,64.0,63.74,-0.0,0.26
2026-03-03 22:00:00-05:00,60.96,60.66,-0.0,0.3
2026-03-03 23:00:00-05:00,57.61,57.21,-0.0,0.4
2026-03-04 00:00:00-05:00,49.27,48.83,-0.0,0.44
2026-03-04 01:00:00-05:00,45.18,44.78,-0.0,0.4
2026-03-04 02:00:00-05:00,44.24,43.89,-0.0,0.35
2026-03-04 03:00:00-05:00,41.74,41.41,-0.0,0.33
2026-03-04 04:00:00-05:00,41.55,41.22,-0.0,0.33
2026-03-04 05:00:00-05:00,48.19,47.85,-0.0,0.34
2026-03-04 06:00:00-05:00,60.87,60.5,-0.0,0.37
2026-03-04 07:00:00-05:00,67.37,66.97,-0.0,0.4
2026-03-04 08:00:00-05:00,59.12,58.82,-0.0,0.3
2026-03-04 09:00:00-05:00,49.79,49.44,-0.0,0.35
2026-03-04 10:00:00-05:00,45.78,45.51,-0.0,0.27
2026-03-04 11:00:00-05:00,41.92,41.67,-0.0,0.25
2026-03-04 12:00:00-05:00,37.97,37.74,-0.0,0.23
2026-03-04 13:00:00-05:00,34.3,34.06,-0.0,0.24
2026-03-04 14:00:00-05:00,34.86,34.62,-0.0,0.24
2026-03-04 15:00:00-05:00,39.06,38.79,-0.0,0.27
2026-03-04 16:00:00-05:00,46.99,46.8,-0.0,0.19
2026-03-04 17:00:00-05:00,58.96,58.78,-0.0,0.18
2026-03-04 18:00:00-05:00,68.1,67.83,-0.0,0.27
2026-03-04 19:00:00-05:00,59.89,59.71,-0.0,0.18
2026-03-04 20:00:00-05:00,53.38,53.22,-0.0,0.16
2026-03-04 21:00:00-05:00,49.42,49.17,-0.0,0.25
2026-03-04 22:00:00-05:00,49.24,48.94,-0.0,0.3
2026-03-04 23:00:00-05:00,43.98,43.67,-0.0,0.31
2026-03-05 00:00:00-05:00,43.09,42.79,-0.0,0.3
2026-03-05 01:00:00-05:00,40.87,40.51,-0.0,0.36
2026-03-05 02:00:00-05:00,40.13,39.73,-0.0,0.4
2026-03-05 03:00:00-05:00,39.19,38.8,-0.0,0.39
2026-03-05 04:00:00-05:00,40.29,39.89,-0.0,0.4
2026-03-05 05:00:00-05:00,42.47,42.09,-0.0,0.38
2026-03-05 06:00:00-05:00,53.35,52.93,-0.0,0.42
2026-03-05 07:00:00-05:00,58.56,58.15,-0.0,0.41
2026-03-05 08:00:00-05:00,56.21,55.87,-0.0,0.34
2026-03-05 09:00:00-05:00,49.84,49.49,-0.0,0.35
2026-03-05 10:00:00-05:00,49.4,49.01,-0.0,0.39
2026-03-05 11:00:00-05:00,47.66,47.33,-0.0,0.33
2026-03-05 12:00:00-05:00,46.88,46.51,-0.0,0.37
2026-03-05 13:00:00-05:00,45.33,44.97,-0.0,0.36
2026-03-05 14:00:00-05:00,45.01,44.65,-0.0,0.36
2026-03-05 15:00:00-05:00,48.73,48.44,-0.0,0.29
2026-03-05 16:00:00-05:00,52.9,52.74,-0.0,0.16
2026-03-05 17:00:00-05:00,57.67,57.55,-0.0,0.12
2026-03-05 18:00:00-05:00,59.22,59.1,-0.0,0.12
2026-03-05 19:00:00-05:00,55.51,55.45,-0.0,0.06
2026-03-05 20:00:00-05:00,51.14,50.88,-0.0,0.26
2026-03-05 21:00:00-05:00,49.96,49.71,-0.0,0.25
2026-03-05 22:00:00-05:00,44.64,44.37,-0.0,0.27
2026-03-05 23:00:00-05:00,40.73,40.44,-0.0,0.29
2026-03-06 00:00:00-05:00,45.63,45.36,-0.0,0.27
2026-03-06 01:00:00-05:00,43.03,42.77,-0.0,0.26
2026-03-06 02:00:00-05:00,42.91,42.57,-0.0,0.34
2026-03-06 03:00:00-05:00,42.96,42.66,-0.0,0.3
2026-03-06 04:00:00-05:00,43.14,42.8,-0.0,0.34
2026-03-06 05:00:00-05:00,46.48,46.2,-0.0,0.28
2026-03-06 06:00:00-05:00,55.4,55.12,-0.0,0.28
2026-03-06 07:00:00-05:00,66.35,66.08,-0.0,0.27
2026-03-06 08:00:00-05:00,66.42,66.15,-0.0,0.27
2026-03-06 09:00:00-05:00,61.56,61.31,-0.0,0.25
2026-03-06 10:00:00-05:00,70.9,70.62,-0.0,0.28
2026-03-06 11:00:00-05:00,56.93,56.65,-0.0,0.28
2026-03-06 12:00:00-05:00,52.08,51.82,-0.0,0.26
2026-03-06 13:00:00-05:00,50.92,50.61,-0.0,0.31
2026-03-06 14:00:00-05:00,48.44,48.15,-0.0,0.29
2026-03-06 15:00:00-05:00,50.98,50.78,-0.0,0.2
2026-03-06 16:00:00-05:00,52.85,52.74,-0.0,0.11
2026-03-06 17:00:00-05:00,60.87,60.81,-0.0,0.06
2026-03-06 18:00:00-05:00,59.94,59.94,-0.0,0.0
2026-03-06 19:00:00-05:00,52.67,52.56,-0.0,0.11
2026-03-06 20:00:00-05:00,48.81,48.66,-0.0,0.15
2026-03-06 21:00:00-05:00,47.73,47.59,-0.0,0.14
2026-03-06 22:00:00-05:00,47.11,46.97,-0.0,0.14
2026-03-06 23:00:00-05:00,39.52,39.36,-0.0,0.16
2026-03-07 00:00:00-05:00,44.21,44.08,-0.0,0.13
2026-03-07 01:00:00-05:00,38.91,38.75,-0.0,0.16
2026-03-07 02:00:00-05:00,38.3,38.19,-0.0,0.11
2026-03-07 03:00:00-05:00,35.98,35.87,-0.0,0.11
2026-03-07 04:00:00-05:00,33.8,33.7,-0.0,0.1
2026-03-07 05:00:00-05:00,36.85,36.78,-0.0,0.07
2026-03-07 06:00:00-05:00,39.89,42.6,-2.8,0.09
2026-03-07 07:00:00-05:00,47.65,44.85,2.8,0.0
2026-03-07 08:00:00-05:00,45.32,45.32,-0.0,0.0
2026-03-07 09:00:00-05:00,42.67,42.67,-0.0,0.0
2026-03-07 10:00:00-05:00,41.74,41.7,-0.0,0.04
2026-03-07 11:00:00-05:00,39.88,39.88,-0.0,0.0
2026-03-07 12:00:00-05:00,36.64,36.64,-0.0,0.0
2026-03-07 13:00:00-05:00,36.56,36.56,-0.0,0.0
2026-03-07 14:00:00-05:00,36.56,36.56,-0.0,0.0
2026-03-07 15:00:00-05:00,36.08,36.12,-0.0,-0.04
2026-03-07 16:00:00-05:00,41.18,41.22,-0.0,-0.04
2026-03-07 17:00:00-05:00,51.46,51.56,-0.0,-0.1
2026-03-07 18:00:00-05:00,54.35,54.57,-0.0,-0.22
2026-03-07 19:00:00-05:00,48.27,48.41,-0.0,-0.14
2026-03-07 20:00:00-05:00,45.01,45.1,-0.0,-0.09
2026-03-07 21:00:00-05:00,41.31,41.35,-0.0,-0.04
2026-03-07 22:00:00-05:00,37.89,37.89,-0.0,0.0
2026-03-07 23:00:00-05:00,32.62,32.62,-0.0,0.0
2026-03-08 00:00:00-05:00,37.87,37.83,-0.0,0.04
2026-03-08 01:00:00-05:00,35.14,35.07,-0.0,0.07
2026-03-08 03:00:00-04:00,34.58,34.41,-0.0,0.17
2026-03-08 04:00:00-04:00,30.03,29.97,-0.0,0.06
2026-03-08 05:00:00-04:00,30.47,30.44,-0.0,0.03
2026-03-08 06:00:00-04:00,33.56,33.53,-0.0,0.03
2026-03-08 07:00:00-04:00,36.55,36.55,-0.0,0.0
2026-03-08 08:00:00-04:00,36.96,36.96,-0.0,0.0
2026-03-08 09:00:00-04:00,36.5,36.5,-0.0,0.0
2026-03-08 10:00:00-04:00,35.88,35.88,-0.0,0.0
2026-03-08 11:00:00-04:00,32.24,32.24,-0.0,0.0
2026-03-08 12:00:00-04:00,29.47,29.47,-0.0,0.0
2026-03-08 13:00:00-04:00,26.43,26.43,-0.0,0.0
2026-03-08 14:00:00-04:00,23.18,23.18,-0.0,0.0
2026-03-08 15:00:00-04:00,22.08,22.08,-0.0,0.0
2026-03-08 16:00:00-04:00,27.81,27.84,-0.0,-0.03
2026-03-08 17:00:00-04:00,33.73,33.83,-0.0,-0.1
2026-03-08 18:00:00-04:00,48.82,48.92,-0.0,-0.1
2026-03-08 19:00:00-04:00,53.77,53.93,-0.0,-0.16
2026-03-08 20:00:00-04:00,49.14,49.24,-0.0,-0.1
2026-03-08 21:00:00-04:00,40.42,40.5,-0.0,-0.08
2026-03-08 22:00:00-04:00,36.39,36.46,-0.0,-0.07
2026-03-08 23:00:00-04:00,32.72,32.79,-0.0,-0.07
2026-03-09 00:00:00-04:00,34.02,33.99,-0.0,0.03
2026-03-09 01:00:00-04:00,31.17,31.14,-0.0,0.03
2026-03-09 02:00:00-04:00,30.02,29.99,-0.0,0.03
2026-03-09 03:00:00-04:00,30.57,30.54,-0.0,0.03
2026-03-09 04:00:00-04:00,31.97,31.91,-0.0,0.06
2026-03-09 05:00:00-04:00,35.54,35.47,-0.0,0.07
2026-03-09 06:00:00-04:00,51.14,51.04,-0.0,0.1
2026-03-09 07:00:00-04:00,68.29,69.99,-1.63,-0.07
2026-03-09 08:00:00-04:00,50.98,53.54,-2.56,0.0
2026-03-09 09:00:00-04:00,36.21,31.99,4.19,0.03
2026-03-09 10:00:00-04:00,30.32,30.29,-0.0,0.03
2026-03-09 11:00:00-04:00,28.83,28.83,-0.0,0.0
2026-03-09 12:00:00-04:00,25.93,25.96,-0.0,-0.03
2026-03-09 13:00:00-04:00,23.77,23.79,-0.0,-0.02
2026-03-09 14:00:00-04:00,23.79,23.81,-0.0,-0.02
2026-03-09 15:00:00-04:00,24.51,24.56,-0.0,-0.05
2026-03-09 16:00:00-04:00,30.29,30.41,-0.0,-0.12
2026-03-09 17:00:00-04:00,41.11,41.27,-0.0,-0.16
2026-03-09 18:00:00-04:00,55.53,55.86,-0.0,-0.33
2026-03-09 19:00:00-04:00,61.59,61.84,-0.0,-0.25
2026-03-09 20:00:00-04:00,53.34,53.5,-0.0,-0.16
2026-03-09 21:00:00-04:00,44.04,44.17,-0.0,-0.13
2026-03-09 22:00:00-04:00,38.68,38.68,-0.0,0.0
2026-03-09 23:00:00-04:00,34.77,34.74,-0.0,0.03
2026-03-10 00:00:00-04:00,32.83,32.73,-0.0,0.1
2026-03-10 01:00:00-04:00,30.26,30.14,-0.0,0.12
2026-03-10 02:00:00-04:00,29.55,29.4,-0.0,0.15
2026-03-10 03:00:00-04:00,29.05,28.85,-0.0,0.2
2026-03-10 04:00:00-04:00,31.4,31.18,-0.0,0.22
2026-03-10 05:00:00-04:00,37.64,37.34,-0.0,0.3
2026-03-10 06:00:00-04:00,50.35,49.97,-0.07,0.45
2026-03-10 07:00:00-04:00,81.54,81.14,0.07,0.33
2026-03-10 08:00:00-04:00,56.91,56.68,-0.0,0.23
2026-03-10 09:00:00-04:00,39.29,39.05,-0.0,0.24
2026-03-10 10:00:00-04:00,33.82,33.62,-0.0,0.2
2026-03-10 11:00:00-04:00,31.37,31.21,-0.0,0.16
2026-03-10 12:00:00-04:00,30.52,30.37,-0.0,0.15
2026-03-10 13:00:00-04:00,29.76,29.58,-0.0,0.18
2026-03-10 14:00:00-04:00,29.59,29.44,-0.0,0.15
2026-03-10 15:00:00-04:00,32.49,32.33,-0.0,0.16
2026-03-10 16:00:00-04:00,38.15,38.04,-0.0,0.11
2026-03-10 17:00:00-04:00,45.08,44.94,-0.0,0.14
2026-03-10 18:00:00-04:00,56.9,56.79,-0.0,0.11
2026-03-10 19:00:00-04:00,68.86,68.65,-0.0,0.21
2026-03-10 20:00:00-04:00,56.24,56.13,-0.0,0.11
2026-03-10 21:00:00-04:00,46.5,46.36,-0.0,0.14
2026-03-10 22:00:00-04:00,43.65,43.43,-0.0,0.22
2026-03-10 23:00:00-04:00,36.64,36.42,-0.0,0.22
2026-03-11 00:00:00-04:00,34.58,34.41,-0.0,0.17
2026-03-11 01:00:00-04:00,32.34,32.21,-0.0,0.13
2026-03-11 02:00:00-04:00,30.84,30.69,-0.0,0.15
2026-03-11 03:00:00-04:00,29.82,29.67,-0.0,0.15
2026-03-11 04:00:00-04:00,29.87,29.69,-0.0,0.18
2026-03-11 05:00:00-04:00,32.79,32.66,-0.0,0.13
2026-03-11 06:00:00-04:00,45.47,45.33,-0.0,0.14
2026-03-11 07:00:00-04:00,54.59,54.59,-0.0,0.0
2026-03-11 08:00:00-04:00,48.88,48.78,-0.0,0.1
2026-03-11 09:00:00-04:00,41.22,41.1,-0.0,0.12
2026-03-11 10:00:00-04:00,41.03,40.95,-0.0,0.08
2026-03-11 11:00:00-04:00,36.79,36.72,-0.0,0.07
2026-03-11 12:00:00-04:00,36.17,36.06,-0.0,0.11
2026-03-11 13:00:00-04:00,35.57,35.46,-0.0,0.11
2026-03-11 14:00:00-04:00,37.45,37.3,-0.0,0.15
2026-03-11 15:00:00-04:00,40.32,40.2,-0.0,0.12
2026-03-11 16:00:00-04:00,44.12,44.08,-0.0,0.04
2026-03-11 17:00:00-04:00,46.18,46.18,-0.0,0.0
2026-03-11 18:00:00-04:00,53.08,53.13,-0.0,-0.05
2026-03-11 19:00:00-04:00,53.96,54.07,-0.0,-0.11
2026-03-11 20:00:00-04:00,52.42,52.47,-0.0,-0.05
2026-03-11 21:00:00-04:00,46.68,46.68,-0.0,0.0
2026-03-11 22:00:00-04:00,38.44,38.4,-0.0,0.04
2026-03-11 23:00:00-04:00,33.45,33.38,-0.0,0.07
2026-03-12 00:00:00-04:00,30.05,30.05,-0.0,0.0
2026-03-12 01:00:00-04:00,28.45,28.48,-0.0,-0.03
2026-03-12 02:00:00-04:00,26.97,27.0,-0.0,-0.03
2026-03-12 03:00:00-04:00,26.56,26.59,-0.0,-0.03
2026-03-12 04:00:00-04:00,27.05,27.05,-0.0,0.0
2026-03-12 05:00:00-04:00,29.07,29.1,-0.0,-0.03
2026-03-12 06:00:00-04:00,35.33,35.37,-0.0,-0.04
2026-03-12 07:00:00-04:00,46.69,46.74,-0.0,-0.05
2026-03-12 08:00:00-04:00,45.72,45.72,-0.0,0.0
2026-03-12 09:00:00-04:00,44.93,44.97,-0.0,-0.04
2026-03-12 10:00:00-04:00,42.41,42.45,-0.0,-0.04
2026-03-12 11:00:00-04:00,41.7,41.7,-0.0,0.0
2026-03-12 12:00:00-04:00,41.08,41.08,-0.0,0.0
2026-03-12 13:00:00-04:00,36.9,36.9,-0.0,0.0
2026-03-12 14:00:00-04:00,36.46,36.5,-0.0,-0.04
2026-03-12 15:00:00-04:00,35.4,35.44,-0.0,-0.04
2026-03-12 16:00:00-04:00,40.86,40.94,-0.0,-0.08
2026-03-12 17:00:00-04:00,49.04,49.24,-0.0,-0.2
2026-03-12 18:00:00-04:00,52.53,52.64,-0.0,-0.11
2026-03-12 19:00:00-04:00,57.5,57.62,-0.0,-0.12
2026-03-12 20:00:00-04:00,58.95,59.07,-0.0,-0.12
2026-03-12 21:00:00-04:00,47.06,47.01,-0.0,0.05
2026-03-12 22:00:00-04:00,42.54,42.45,-0.0,0.09
2026-03-12 23:00:00-04:00,38.02,38.22,-0.39,0.19
2026-03-13 00:00:00-04:00,46.43,46.24,-0.0,0.19
2026-03-13 01:00:00-04:00,40.24,40.02,-0.1,0.32
2026-03-13 02:00:00-04:00,38.73,38.62,-0.2,0.31
2026-03-13 03:00:00-04:00,39.36,39.05,-0.0,0.31
2026-03-13 04:00:00-04:00,39.89,39.73,-0.2,0.36
2026-03-13 05:00:00-04:00,44.3,43.99,-0.0,0.31
2026-03-13 06:00:00-04:00,60.5,60.52,-0.39,0.37
2026-03-13 07:00:00-04:00,73.1,73.57,-0.91,0.44
2026-03-13 08:00:00-04:00,58.12,57.89,-0.0,0.23
2026-03-13 09:00:00-04:00,45.9,45.48,0.15,0.27
2026-03-13 10:00:00-04:00,41.29,41.19,-0.15,0.25
2026-03-13 11:00:00-04:00,42.13,41.88,-0.0,0.25
2026-03-13 12:00:00-04:00,39.2,39.0,-0.0,0.2
2026-03-13 13:00:00-04:00,42.11,41.9,-0.0,0.21
2026-03-13 14:00:00-04:00,41.97,41.76,-0.0,0.21
2026-03-13 15:00:00-04:00,42.79,42.7,-0.0,0.09
2026-03-13 16:00:00-04:00,47.41,47.36,-0.0,0.05
2026-03-13 17:00:00-04:00,52.62,52.67,-0.0,-0.05
2026-03-13 18:00:00-04:00,58.99,59.05,-0.0,-0.06
2026-03-13 19:00:00-04:00,64.81,65.0,-0.0,-0.19
2026-03-13 20:00:00-04:00,55.51,55.62,-0.0,-0.11
2026-03-13 21:00:00-04:00,53.35,53.3,-0.0,0.05
2026-03-13 22:00:00-04:00,48.5,48.4,-0.0,0.1
2026-03-13 23:00:00-04:00,44.34,44.21,-0.0,0.13
2026-03-14 00:00:00-04:00,41.21,41.15,-0.15,0.21
2026-03-14 01:00:00-04:00,40.4,40.39,-0.19,0.2
2026-03-14 02:00:00-04:00,36.82,36.96,-0.4,0.26
2026-03-14 03:00:00-04:00,36.45,36.58,-0.42,0.29
2026-03-14 04:00:00-04:00,36.92,37.15,-0.56,0.33
2026-03-14 05:00:00-04:00,39.03,39.18,-0.46,0.31
2026-03-14 06:00:00-04:00,45.13,45.18,-0.37,0.32
2026-03-14 07:00:00-04:00,51.2,50.37,0.53,0.3
2026-03-14 08:00:00-04:00,45.94,47.09,-1.43,0.28
2026-03-14 09:00:00-04:00,41.38,41.84,-0.75,0.29
2026-03-14 10:00:00-04:00,38.31,38.34,-0.26,0.23
2026-03-14 11:00:00-04:00,36.31,36.17,-0.01,0.15
2026-03-14 12:00:00-04:00,32.6,32.58,-0.08,0.1
2026-03-14 13:00:00-04:00,28.91,28.88,-0.0,0.03
2026-03-14 14:00:00-04:00,27.49,27.46,-0.0,0.03
2026-03-14 15:00:00-04:00,29.1,29.13,-0.0,-0.03
2026-03-14 16:00:00-04:00,32.22,32.25,-0.0,-0.03
2026-03-14 17:00:00-04:00,41.66,41.39,0.27,0.0
2026-03-14 18:00:00-04:00,54.17,54.86,-0.69,0.0
2026-03-14 19:00:00-04:00,59.03,59.67,-0.64,0.0
2026-03-14 20:00:00-04:00,54.63,55.32,-0.69,0.0
2026-03-14 21:00:00-04:00,50.7,51.33,-0.78,0.15
2026-03-14 22:00:00-04:00,47.54,48.15,-0.8,0.19
2026-03-14 23:00:00-04:00,42.39,42.87,-0.74,0.26
2026-03-15 00:00:00-04:00,48.93,48.64,-0.0,0.29
2026-03-15 01:00:00-04:00,47.02,46.74,-0.0,0.28
2026-03-15 02:00:00-04:00,43.62,43.56,-0.29,0.35
2026-03-15 03:00:00-04:00,43.14,42.8,-0.0,0.34
2026-03-15 04:00:00-04:00,44.15,43.95,-0.19,0.39
2026-03-15 05:00:00-04:00,44.93,44.55,-0.02,0.4
2026-03-15 06:00:00-04:00,46.28,46.33,-0.51,0.46
2026-03-15 07:00:00-04:00,51.35,51.38,-0.44,0.41
2026-03-15 08:00:00-04:00,48.61,48.27,-0.0,0.34
2026-03-15 09:00:00-04:00,46.31,45.99,-0.0,0.32
2026-03-15 10:00:00-04:00,41.69,41.45,-0.05,0.29
2026-03-15 11:00:00-04:00,39.77,39.49,-0.0,0.28
2026-03-15 12:00:00-04:00,37.02,36.76,-0.0,0.26
2026-03-15 13:00:00-04:00,33.6,33.47,-0.0,0.13
2026-03-15 14:00:00-04:00,33.6,33.5,-0.0,0.1
2026-03-15 15:00:00-04:00,34.3,34.23,-0.0,0.07
2026-03-15 16:00:00-04:00,39.82,39.74,-0.0,0.08
2026-03-15 17:00:00-04:00,49.23,49.28,-0.0,-0.05
2026-03-15 18:00:00-04:00,59.45,59.51,-0.0,-0.06
2026-03-15 19:00:00-04:00,72.4,72.4,-0.0,0.0
2026-03-15 20:00:00-04:00,62.47,62.47,-0.0,0.0
2026-03-15 21:00:00-04:00,53.21,53.19,-0.03,0.05
2026-03-15 22:00:00-04:00,47.07,46.98,-0.0,0.09
2026-03-15 23:00:00-04:00,41.91,41.8,-0.06,0.17
2026-03-16 00:00:00-04:00,40.32,40.42,-0.18,0.08
2026-03-16 01:00:00-04:00,38.33,38.55,-0.3,0.08
2026-03-16 02:00:00-04:00,37.41,37.73,-0.36,0.04
2026-03-16 03:00:00-04:00,36.5,36.47,-0.01,0.04
2026-03-16 04:00:00-04:00,36.13,36.4,-0.38,0.11
2026-03-16 05:00:00-04:00,39.01,39.19,-0.26,0.08
2026-03-16 06:00:00-04:00,48.91,48.96,-0.0,-0.05
2026-03-16 07:00:00-04:00,46.44,46.89,-0.45,0.0
2026-03-16 08:00:00-04:00,56.66,56.72,-0.0,-0.06
2026-03-16 09:00:00-04:00,56.3,56.53,-0.0,-0.23
2026-03-16 10:00:00-04:00,52.5,52.6,-0.0,-0.1
2026-03-16 11:00:00-04:00,48.57,48.67,-0.0,-0.1
2026-03-16 12:00:00-04:00,48.31,48.36,-0.0,-0.05
2026-03-16 13:00:00-04:00,46.91,47.05,-0.0,-0.14
2026-03-16 14:00:00-04:00,46.2,46.34,-0.0,-0.14
2026-03-16 15:00:00-04:00,47.7,47.84,-0.0,-0.14
2026-03-16 16:00:00-04:00,49.99,50.19,-0.0,-0.2
2026-03-16 17:00:00-04:00,54.2,54.42,-0.0,-0.22
2026-03-16 18:00:00-04:00,58.61,58.96,-0.0,-0.35
2026-03-16 19:00:00-04:00,58.6,58.89,-0.0,-0.29
2026-03-16 20:00:00-04:00,58.01,58.18,-0.0,-0.17
2026-03-16 21:00:00-04:00,52.44,52.88,-0.44,0.0
2026-03-16 22:00:00-04:00,45.83,46.14,-0.26,-0.05
2026-03-16 23:00:00-04:00,40.39,40.72,-0.37,0.04
2026-03-17 00:00:00-04:00,41.82,41.86,-0.0,-0.04
2026-03-17 01:00:00-04:00,38.3,38.41,-0.0,-0.11
2026-03-17 02:00:00-04:00,37.7,37.78,-0.0,-0.08
2026-03-17 03:00:00-04:00,37.28,37.32,-0.0,-0.04
2026-03-17 04:00:00-04:00,38.3,38.35,-0.09,0.04
2026-03-17 05:00:00-04:00,43.3,43.3,-0.0,0.0
2026-03-17 06:00:00-04:00,53.49,54.01,-0.36,-0.16
2026-03-17 07:00:00-04:00,54.89,56.19,-1.24,-0.06
2026-03-17 08:00:00-04:00,58.18,58.3,-0.0,-0.12
2026-03-17 09:00:00-04:00,45.08,45.13,-0.0,-0.05
2026-03-17 10:00:00-04:00,38.25,38.33,-0.0,-0.08
2026-03-17 11:00:00-04:00,37.86,37.97,-0.0,-0.11
2026-03-17 12:00:00-04:00,35.36,35.47,-0.0,-0.11
2026-03-17 13:00:00-04:00,35.77,35.88,-0.0,-0.11
2026-03-17 14:00:00-04:00,36.6,36.67,-0.0,-0.07
2026-03-17 15:00:00-04:00,41.75,41.83,-0.0,-0.08
2026-03-17 16:00:00-04:00,46.19,45.77,0.6,-0.18
2026-03-17 17:00:00-04:00,58.42,59.64,-0.81,-0.41
2026-03-17 18:00:00-04:00,66.22,68.48,-1.85,-0.41
2026-03-17 19:00:00-04:00,76.88,79.37,-2.02,-0.47
2026-03-17 20:00:00-04:00,67.62,70.03,-2.41,0.0
2026-03-17 21:00:00-04:00,64.1,65.2,-1.17,0.07
2026-03-17 22:00:00-04:00,56.49,57.05,-0.56,0.0
2026-03-17 23:00:00-04:00,52.76,52.9,-0.25,0.11
2026-03-18 00:00:00-04:00,61.2,61.08,-0.0,0.12
2026-03-18 01:00:00-04:00,54.19,54.14,-0.0,0.05
2026-03-18 02:00:00-04:00,54.72,54.67,-0.0,0.05
2026-03-18 03:00:00-04:00,55.23,55.17,-0.0,0.06
2026-03-18 04:00:00-04:00,55.55,55.7,-0.32,0.17
2026-03-18 05:00:00-04:00,67.66,68.04,-0.52,0.14
2026-03-18 06:00:00-04:00,87.63,88.88,-1.34,0.09
2026-03-18 07:00:00-04:00,123.89,127.23,-3.47,0.13
2026-03-18 08:00:00-04:00,89.74,90.65,-1.09,0.18
2026-03-18 09:00:00-04:00,64.96,64.1,0.86,0.0
2026-03-18 10:00:00-04:00,50.22,50.07,-0.0,0.15
2026-03-18 11:00:00-04:00,46.01,45.92,-0.0,0.09
2026-03-18 12:00:00-04:00,45.85,45.76,-0.0,0.09
2026-03-18 13:00:00-04:00,44.02,43.93,-0.0,0.09
2026-03-18 14:00:00-04:00,41.13,41.05,-0.0,0.08
2026-03-18 15:00:00-04:00,44.38,44.29,-0.0,0.09
2026-03-18 16:00:00-04:00,51.07,50.97,-0.0,0.1
2026-03-18 17:00:00-04:00,63.75,63.81,-0.0,-0.06
2026-03-18 18:00:00-04:00,87.74,87.83,-0.0,-0.09
2026-03-18 19:00:00-04:00,103.73,103.73,-0.0,0.0
2026-03-18 20:00:00-04:00,90.75,90.84,-0.0,-0.09
2026-03-18 21:00:00-04:00,70.0,70.0,-0.0,0.0
2026-03-18 22:00:00-04:00,65.89,65.89,-0.0,0.0
2026-03-18 23:00:00-04:00,56.77,56.71,-0.0,0.06
2026-03-19 00:00:00-04:00,53.65,53.44,-0.0,0.21
2026-03-19 01:00:00-04:00,50.54,50.34,-0.0,0.2
2026-03-19 02:00:00-04:00,48.82,48.62,-0.0,0.2
2026-03-19 03:00:00-04:00,46.72,46.58,-0.0,0.14
2026-03-19 04:00:00-04:00,50.46,50.31,-0.0,0.15
2026-03-19 05:00:00-04:00,52.37,52.32,-0.0,0.05
2026-03-19 06:00:00-04:00,66.12,65.26,0.79,0.07
2026-03-19 07:00:00-04:00,88.09,88.88,-0.79,0.0
2026-03-19 08:00:00-04:00,72.45,72.31,-0.0,0.14
2026-03-19 09:00:00-04:00,57.44,57.38,-0.0,0.06
2026-03-19 10:00:00-04:00,49.82,49.72,-0.0,0.1
2026-03-19 11:00:00-04:00,45.31,45.22,-0.0,0.09
2026-03-19 12:00:00-04:00,42.5,42.46,-0.0,0.04
2026-03-19 13:00:00-04:00,41.44,41.36,-0.0,0.08
2026-03-19 14:00:00-04:00,40.63,40.55,-0.0,0.08
2026-03-19 15:00:00-04:00,41.82,41.74,-0.0,0.08
2026-03-19 16:00:00-04:00,48.8,48.85,-0.0,-0.05
2026-03-19 17:00:00-04:00,56.08,56.19,-0.0,-0.11
2026-03-19 18:00:00-04:00,64.45,64.39,-0.0,0.06
2026-03-19 19:00:00-04:00,74.37,74.3,-0.0,0.07
2026-03-19 20:00:00-04:00,66.41,66.34,-0.0,0.07
2026-03-19 21:00:00-04:00,58.54,58.48,-0.0,0.06
2026-03-19 22:00:00-04:00,50.61,50.56,-0.0,0.05
2026-03-19 23:00:00-04:00,48.12,48.02,-0.0,0.1
2026-03-20 00:00:00-04:00,46.0,45.82,-0.0,0.18
2026-03-20 01:00:00-04:00,42.24,42.07,-0.0,0.17
2026-03-20 02:00:00-04:00,39.71,39.55,-0.0,0.16
2026-03-20 03:00:00-04:00,39.86,39.66,-0.0,0.2
2026-03-20 04:00:00-04:00,41.12,40.87,-0.0,0.25
2026-03-20 05:00:00-04:00,43.98,43.76,-0.0,0.22
2026-03-20 06:00:00-04:00,53.49,53.33,-0.0,0.16
2026-03-20 07:00:00-04:00,67.05,66.85,-0.0,0.2
2026-03-20 08:00:00-04:00,55.29,55.18,-0.0,0.11
2026-03-20 09:00:00-04:00,45.26,45.12,-0.0,0.14
2026-03-20 10:00:00-04:00,38.61,38.49,-0.0,0.12
2026-03-20 11:00:00-04:00,36.84,36.69,-0.0,0.15
2026-03-20 12:00:00-04:00,36.34,36.23,-0.0,0.11
2026-03-20 13:00:00-04:00,37.41,37.3,-0.0,0.11
2026-03-20 14:00:00-04:00,38.36,38.28,-0.0,0.08
2026-03-20 15:00:00-04:00,38.81,38.69,-0.0,0.12
2026-03-20 16:00:00-04:00,43.19,43.1,-0.0,0.09
2026-03-20 17:00:00-04:00,48.04,47.9,-0.0,0.14
2026-03-20 18:00:00-04:00,53.7,53.7,-0.0,0.0
2026-03-20 19:00:00-04:00,59.55,59.49,-0.0,0.06
2026-03-20 20:00:00-04:00,53.92,53.81,-0.0,0.11
2026-03-20 21:00:00-04:00,47.71,47.52,-0.0,0.19
2026-03-20 22:00:00-04:00,44.13,44.0,-0.0,0.13
2026-03-20 23:00:00-04:00,39.43,39.23,-0.0,0.2
2026-03-21 00:00:00-04:00,41.33,41.08,-0.0,0.25
2026-03-21 01:00:00-04:00,39.74,39.54,-0.0,0.2
2026-03-21 02:00:00-04:00,38.02,37.83,-0.0,0.19
2026-03-21 03:00:00-04:00,36.52,36.34,-0.0,0.18
2026-03-21 04:00:00-04:00,36.92,36.74,-0.0,0.18
2026-03-21 05:00:00-04:00,38.52,38.37,-0.0,0.15
2026-03-21 06:00:00-04:00,42.75,42.62,-0.0,0.13
2026-03-21 07:00:00-04:00,50.27,50.12,-0.0,0.15
2026-03-21 08:00:00-04:00,47.99,47.85,-0.0,0.14
2026-03-21 09:00:00-04:00,43.27,43.14,-0.0,0.13
2026-03-21 10:00:00-04:00,36.63,36.48,-0.0,0.15
2026-03-21 11:00:00-04:00,33.81,33.71,-0.0,0.1
2026-03-21 12:00:00-04:00,30.29,30.2,-0.0,0.09
2026-03-21 13:00:00-04:00,29.19,29.13,-0.0,0.06
2026-03-21 14:00:00-04:00,27.81,27.75,-0.0,0.06
2026-03-21 15:00:00-04:00,28.87,28.78,-0.0,0.09
2026-03-21 16:00:00-04:00,32.26,32.11,0.05,0.1
2026-03-21 17:00:00-04:00,42.53,42.45,-0.05,0.13
2026-03-21 18:00:00-04:00,53.22,53.11,-0.0,0.11
2026-03-21 19:00:00-04:00,57.35,57.24,-0.0,0.11
2026-03-21 20:00:00-04:00,54.56,54.45,-0.0,0.11
2026-03-21 21:00:00-04:00,47.64,47.45,-0.0,0.19
2026-03-21 22:00:00-04:00,41.94,41.73,-0.0,0.21
2026-03-21 23:00:00-04:00,38.34,38.19,-0.0,0.15
2026-03-22 00:00:00-04:00,39.3,39.1,-0.0,0.2
2026-03-22 01:00:00-04:00,36.99,36.84,-0.0,0.15
2026-03-22 02:00:00-04:00,35.38,35.31,-0.0,0.07
2026-03-22 03:00:00-04:00,34.06,33.99,-0.0,0.07
2026-03-22 04:00:00-04:00,33.98,33.91,-0.0,0.07
2026-03-22 05:00:00-04:00,34.97,34.94,-0.0,0.03
2026-03-22 06:00:00-04:00,37.22,37.18,-0.0,0.04
2026-03-22 07:00:00-04:00,37.21,37.17,-0.0,0.04
2026-03-22 08:00:00-04:00,41.21,39.8,1.33,0.08
2026-03-22 09:00:00-04:00,43.66,44.86,-1.33,0.13
2026-03-22 10:00:00-04:00,38.99,38.91,-0.0,0.08
2026-03-22 11:00:00-04:00,38.24,38.16,-0.0,0.08
2026-03-22 12:00:00-04:00,37.38,37.31,-0.0,0.07
2026-03-22 13:00:00-04:00,38.18,38.07,-0.0,0.11
2026-03-22 14:00:00-04:00,37.15,37.08,-0.0,0.07
2026-03-22 15:00:00-04:00,39.21,39.09,-0.0,0.12
2026-03-22 16:00:00-04:00,44.43,44.34,-0.0,0.09
2026-03-22 17:00:00-04:00,47.76,47.71,-0.0,0.05
2026-03-22 18:00:00-04:00,52.11,52.06,-0.0,0.05
2026-03-22 19:00:00-04:00,53.93,53.93,-0.0,0.0
2026-03-22 20:00:00-04:00,53.6,53.6,-0.0,0.0
2026-03-22 21:00:00-04:00,47.12,46.98,-0.0,0.14
2026-03-22 22:00:00-04:00,41.4,41.23,-0.0,0.17
2026-03-22 23:00:00-04:00,38.06,37.91,-0.0,0.15
2026-03-23 00:00:00-04:00,37.26,37.04,-0.0,0.22
2026-03-23 01:00:00-04:00,35.52,35.34,-0.0,0.18
2026-03-23 02:00:00-04:00,35.43,35.25,-0.0,0.18
2026-03-23 03:00:00-04:00,34.76,34.59,-0.0,0.17
2026-03-23 04:00:00-04:00,35.52,35.34,-0.0,0.18
2026-03-23 05:00:00-04:00,38.3,38.22,-0.0,0.08
2026-03-23 06:00:00-04:00,46.75,46.75,-0.0,0.0
2026-03-23 07:00:00-04:00,55.69,54.49,1.2,0.0
2026-03-23 08:00:00-04:00,60.93,62.49,-1.56,0.0
2026-03-23 09:00:00-04:00,58.54,58.92,-0.32,-0.06
2026-03-23 10:00:00-04:00,52.59,52.67,-0.13,0.05
2026-03-23 11:00:00-04:00,50.81,50.81,-0.0,0.0
2026-03-23 12:00:00-04:00,48.1,48.1,-0.0,0.0
2026-03-23 13:00:00-04:00,45.14,45.14,-0.0,0.0
2026-03-23 14:00:00-04:00,42.45,42.45,-0.0,0.0
2026-03-23 15:00:00-04:00,43.37,43.37,-0.0,0.0
2026-03-23 16:00:00-04:00,48.54,48.54,-0.0,0.0
2026-03-23 17:00:00-04:00,53.11,53.16,-0.0,-0.05
2026-03-23 18:00:00-04:00,57.4,57.46,-0.0,-0.06
2026-03-23 19:00:00-04:00,68.84,68.98,-0.0,-0.14
2026-03-23 20:00:00-04:00,64.1,64.54,-0.31,-0.13
2026-03-23 21:00:00-04:00,56.02,56.3,-0.17,-0.11
2026-03-23 22:00:00-04:00,48.74,48.74,-0.0,0.0
2026-03-23 23:00:00-04:00,42.97,42.88,-0.0,0.09
2026-03-24 00:00:00-04:00,47.11,47.06,-0.0,0.05
2026-03-24 01:00:00-04:00,44.54,44.5,-0.0,0.04
2026-03-24 02:00:00-04:00,42.93,42.89,-0.0,0.04
2026-03-24 03:00:00-04:00,42.82,42.78,-0.0,0.04
2026-03-24 04:00:00-04:00,44.94,44.85,-0.0,0.09
2026-03-24 05:00:00-04:00,48.69,48.54,-0.0,0.15
2026-03-24 06:00:00-04:00,69.73,69.66,-0.0,0.07
2026-03-24 07:00:00-04:00,99.09,107.45,-8.36,0.0
2026-03-24 08:00:00-04:00,66.39,64.09,2.3,0.0
2026-03-24 09:00:00-04:00,47.13,41.07,6.06,0.0
2026-03-24 10:00:00-04:00,37.36,37.36,-0.0,0.0
2026-03-24 11:00:00-04:00,36.61,36.61,-0.0,0.0
2026-03-24 12:00:00-04:00,34.69,34.69,-0.0,0.0
2026-03-24 13:00:00-04:00,33.0,33.0,-0.0,0.0
2026-03-24 14:00:00-04:00,29.13,29.16,-0.0,-0.03
2026-03-24 15:00:00-04:00,31.7,31.76,-0.0,-0.06
2026-03-24 16:00:00-04:00,35.63,35.7,-0.0,-0.07
2026-03-24 17:00:00-04:00,42.93,43.06,-0.0,-0.13
2026-03-24 18:00:00-04:00,59.12,59.47,-0.0,-0.35
2026-03-24 19:00:00-04:00,68.4,68.81,-0.0,-0.41
2026-03-24 20:00:00-04:00,68.37,68.78,-0.0,-0.41
2026-03-24 21:00:00-04:00,53.79,54.01,-0.0,-0.22
2026-03-24 22:00:00-04:00,48.36,48.55,-0.0,-0.19
2026-03-24 23:00:00-04:00,43.56,43.65,-0.0,-0.09
2026-03-25 00:00:00-04:00,40.95,41.03,-0.0,-0.08
2026-03-25 01:00:00-04:00,38.86,38.98,-0.0,-0.12
2026-03-25 02:00:00-04:00,37.52,37.6,-0.0,-0.08
2026-03-25 03:00:00-04:00,37.29,37.33,-0.0,-0.04
2026-03-25 04:00:00-04:00,39.73,39.73,-0.0,0.0
2026-03-25 05:00:00-04:00,43.07,43.03,-0.0,0.04
2026-03-25 06:00:00-04:00,60.08,60.2,-0.0,-0.12
2026-03-25 07:00:00-04:00,75.02,75.17,-0.0,-0.15
2026-03-25 08:00:00-04:00,62.3,62.43,-0.13,0.0
2026-03-25 09:00:00-04:00,45.05,45.0,-0.0,0.05
2026-03-25 10:00:00-04:00,37.55,37.47,-0.0,0.08
2026-03-25 11:00:00-04:00,34.77,34.74,-0.0,0.03
2026-03-25 12:00:00-04:00,33.34,33.31,-0.0,0.03
2026-03-25 13:00:00-04:00,30.0,29.97,-0.0,0.03
2026-03-25 14:00:00-04:00,29.39,29.36,-0.0,0.03
2026-03-25 15:00:00-04:00,23.96,23.94,-0.0,0.02
2026-03-25 16:00:00-04:00,37.63,37.55,-0.0,0.08
2026-03-25 17:00:00-04:00,46.18,46.13,-0.0,0.05
2026-03-25 18:00:00-04:00,52.11,52.01,-0.0,0.1
2026-03-25 19:00:00-04:00,63.41,63.41,-0.0,0.0
2026-03-25 20:00:00-04:00,53.54,53.49,-0.0,0.05
2026-03-25 21:00:00-04:00,46.49,46.3,-0.0,0.19
2026-03-25 22:00:00-04:00,40.07,39.91,-0.0,0.16
2026-03-25 23:00:00-04:00,35.58,35.47,-0.0,0.11
2026-03-26 00:00:00-04:00,30.62,30.62,-0.0,0.0
2026-03-26 01:00:00-04:00,28.88,28.91,-0.0,-0.03
2026-03-26 02:00:00-04:00,28.68,28.68,-0.0,0.0
2026-03-26 03:00:00-04:00,28.36,28.36,-0.0,0.0
2026-03-26 04:00:00-04:00,28.55,28.55,-0.0,0.0
2026-03-26 05:00:00-04:00,30.8,30.77,-0.0,0.03
2026-03-26 06:00:00-04:00,39.18,39.14,-0.0,0.04
2026-03-26 07:00:00-04:00,49.69,49.69,-0.0,0.0
2026-03-26 08:00:00-04:00,40.27,40.23,-0.0,0.04
2026-03-26 09:00:00-04:00,34.2,34.2,-0.0,0.0
2026-03-26 10:00:00-04:00,29.99,29.99,-0.0,0.0
2026-03-26 11:00:00-04:00,28.66,28.66,-0.0,0.0
2026-03-26 12:00:00-04:00,28.12,28.12,-0.0,0.0
2026-03-26 13:00:00-04:00,28.49,28.49,-0.0,0.0
2026-03-26 14:00:00-04:00,30.1,29.19,0.88,0.03
2026-03-26 15:00:00-04:00,31.25,32.07,-0.88,0.06
2026-03-26 16:00:00-04:00,34.39,34.29,-0.0,0.1
2026-03-26 17:00:00-04:00,39.69,39.57,-0.0,0.12
2026-03-26 18:00:00-04:00,46.7,46.56,-0.0,0.14
2026-03-26 19:00:00-04:00,51.92,51.82,-0.0,0.1
2026-03-26 20:00:00-04:00,48.83,48.68,-0.0,0.15
2026-03-26 21:00:00-04:00,42.02,41.85,-0.0,0.17
2026-03-26 22:00:00-04:00,36.12,35.94,-0.0,0.18
2026-03-26 23:00:00-04:00,32.45,32.29,-0.0,0.16
2026-03-27 00:00:00-04:00,29.93,29.81,-0.0,0.12
2026-03-27 01:00:00-04:00,28.95,28.83,-0.0,0.12
2026-03-27 02:00:00-04:00,27.09,27.01,-0.0,0.08
2026-03-27 03:00:00-04:00,27.44,27.36,-0.0,0.08
2026-03-27 04:00:00-04:00,27.68,27.6,-0.0,0.08
2026-03-27 05:00:00-04:00,28.16,28.08,-0.0,0.08
2026-03-27 06:00:00-04:00,36.16,36.05,-0.0,0.11
2026-03-27 07:00:00-04:00,45.96,44.73,1.05,0.18
2026-03-27 08:00:00-04:00,43.65,44.48,-1.05,0.22
2026-03-27 09:00:00-04:00,40.32,40.16,-0.0,0.16
2026-03-27 10:00:00-04:00,37.01,36.86,-0.0,0.15
2026-03-27 11:00:00-04:00,33.92,33.82,-0.0,0.1
2026-03-27 12:00:00-04:00,30.88,30.79,-0.0,0.09
2026-03-27 13:00:00-04:00,28.91,28.82,-0.0,0.09
2026-03-27 14:00:00-04:00,26.37,26.29,-0.0,0.08
2026-03-27 15:00:00-04:00,28.16,28.08,-0.0,0.08
2026-03-27 16:00:00-04:00,31.25,31.13,-0.0,0.12
2026-03-27 17:00:00-04:00,37.87,37.68,-0.0,0.19
2026-03-27 18:00:00-04:00,46.63,46.4,-0.0,0.23
2026-03-27 19:00:00-04:00,54.06,53.84,-0.0,0.22
2026-03-27 20:00:00-04:00,51.22,50.96,-0.0,0.26
2026-03-27 21:00:00-04:00,42.59,42.02,0.32,0.25
2026-03-27 22:00:00-04:00,40.04,40.04,-0.24,0.24
2026-03-27 23:00:00-04:00,38.49,38.34,-0.08,0.23
2026-03-28 00:00:00-04:00,45.51,45.28,-0.0,0.23
2026-03-28 01:00:00-04:00,43.25,42.99,-0.0,0.26
2026-03-28 02:00:00-04:00,40.05,39.81,-0.0,0.24
2026-03-28 03:00:00-04:00,39.77,39.53,-0.0,0.24
2026-03-28 04:00:00-04:00,40.12,39.88,-0.0,0.24
2026-03-28 05:00:00-04:00,43.8,43.54,-0.0,0.26
2026-03-28 06:00:00-04:00,48.67,48.38,-0.0,0.29
2026-03-28 07:00:00-04:00,51.98,51.77,-0.0,0.21
2026-03-28 08:00:00-04:00,48.17,47.88,-0.0,0.29
2026-03-28 09:00:00-04:00,37.57,37.38,-0.0,0.19
2026-03-28 10:00:00-04:00,34.04,33.87,-0.0,0.17
2026-03-28 11:00:00-04:00,29.98,29.86,-0.0,0.12
2026-03-28 12:00:00-04:00,28.99,28.9,-0.0,0.09
2026-03-28 13:00:00-04:00,27.63,27.57,-0.0,0.06
2026-03-28 14:00:00-04:00,24.99,24.94,-0.0,0.05
2026-03-28 15:00:00-04:00,26.13,26.1,-0.0,0.03
2026-03-28 16:00:00-04:00,30.82,30.79,-0.0,0.03
2026-03-28 17:00:00-04:00,38.99,38.95,-0.0,0.04
2026-03-28 18:00:00-04:00,52.28,51.84,0.39,0.05
2026-03-28 19:00:00-04:00,60.21,60.48,-0.39,0.12
2026-03-28 20:00:00-04:00,56.76,56.59,-0.0,0.17
2026-03-28 21:00:00-04:00,48.88,48.68,-0.0,0.2
2026-03-28 22:00:00-04:00,43.91,43.69,-0.0,0.22
2026-03-28 23:00:00-04:00,41.01,40.8,-0.0,0.21
2026-03-29 00:00:00-04:00,38.95,38.76,-0.0,0.19
2026-03-29 01:00:00-04:00,35.07,34.93,-0.0,0.14
2026-03-29 02:00:00-04:00,33.2,33.1,-0.0,0.1
2026-03-29 03:00:00-04:00,33.43,33.3,-0.0,0.13
2026-03-29 04:00:00-04:00,34.17,34.03,-0.0,0.14
2026-03-29 05:00:00-04:00,35.49,35.35,-0.0,0.14
2026-03-29 06:00:00-04:00,41.22,41.1,-0.0,0.12
2026-03-29 07:00:00-04:00,45.0,44.87,-0.0,0.13
2026-03-29 08:00:00-04:00,37.76,37.65,-0.0,0.11
2026-03-29 09:00:00-04:00,30.44,30.38,-0.0,0.06
2026-03-29 10:00:00-04:00,27.51,27.45,-0.0,0.06
2026-03-29 11:00:00-04:00,26.27,26.24,-0.0,0.03
2026-03-29 12:00:00-04:00,24.3,24.3,-0.0,0.0
2026-03-29 13:00:00-04:00,23.28,23.28,-0.0,0.0
2026-03-29 14:00:00-04:00,22.81,22.81,-0.0,0.0
2026-03-29 15:00:00-04:00,23.72,23.74,-0.0,-0.02
2026-03-29 16:00:00-04:00,27.27,27.3,-0.0,-0.03
2026-03-29 17:00:00-04:00,32.72,32.72,-0.0,0.0
2026-03-29 18:00:00-04:00,44.3,44.26,-0.0,0.04
2026-03-29 19:00:00-04:00,51.68,51.63,-0.0,0.05
2026-03-29 20:00:00-04:00,48.7,48.65,-0.0,0.05
2026-03-29 21:00:00-04:00,38.02,37.98,-0.0,0.04
2026-03-29 22:00:00-04:00,32.69,32.66,-0.0,0.03
2026-03-29 23:00:00-04:00,30.39,30.33,-0.0,0.06
2026-03-30 00:00:00-04:00,28.65,28.65,-0.0,0.0
2026-03-30 01:00:00-04:00,27.83,27.8,-0.0,0.03
2026-03-30 02:00:00-04:00,27.08,27.05,-0.0,0.03
2026-03-30 03:00:00-04:00,27.48,27.45,-0.0,0.03
2026-03-30 04:00:00-04:00,27.59,27.59,-0.0,0.0
2026-03-30 05:00:00-04:00,29.8,29.77,-0.0,0.03
2026-03-30 06:00:00-04:00,40.09,40.09,-0.0,0.0
2026-03-30 07:00:00-04:00,46.76,46.81,-0.0,-0.05
2026-03-30 08:00:00-04:00,43.45,43.49,-0.0,-0.04
2026-03-30 09:00:00-04:00,33.56,33.59,-0.0,-0.03
2026-03-30 10:00:00-04:00,29.87,29.93,-0.0,-0.06
2026-03-30 11:00:00-04:00,28.04,28.1,-0.0,-0.06
2026-03-30 12:00:00-04:00,26.34,26.39,-0.0,-0.05
2026-03-30 13:00:00-04:00,25.06,25.14,-0.0,-0.08
2026-03-30 14:00:00-04:00,26.25,26.33,-0.0,-0.08
2026-03-30 15:00:00-04:00,30.69,30.75,-0.0,-0.06
2026-03-30 16:00:00-04:00,31.31,31.37,-0.0,-0.06
2026-03-30 17:00:00-04:00,35.46,35.53,-0.0,-0.07
2026-03-30 18:00:00-04:00,44.59,44.59,-0.0,0.0
2026-03-30 19:00:00-04:00,52.93,52.88,-0.0,0.05
2026-03-30 20:00:00-04:00,50.26,50.11,-0.0,0.15
2026-03-30 21:00:00-04:00,39.42,39.26,-0.0,0.16
2026-03-30 22:00:00-04:00,33.8,33.66,-0.0,0.14
2026-03-30 23:00:00-04:00,30.33,30.21,-0.0,0.12
2026-04-01 00:00:00-04:00,31.17,31.17,-0.0,0.0
2026-04-01 01:00:00-04:00,26.63,26.63,-0.0,0.0
2026-04-01 02:00:00-04:00,25.75,25.78,-0.0,-0.03
2026-04-01 03:00:00-04:00,25.86,25.86,-0.0,0.0
2026-04-01 04:00:00-04:00,27.09,27.09,-0.0,0.0
2026-04-01 05:00:00-04:00,29.17,29.17,-0.0,0.0
2026-04-01 06:00:00-04:00,35.82,35.82,-0.0,0.0
2026-04-01 07:00:00-04:00,44.12,44.12,-0.0,0.0
2026-04-01 08:00:00-04:00,43.43,43.39,-0.0,0.04
2026-04-01 09:00:00-04:00,39.33,39.33,-0.0,0.0
2026-04-01 10:00:00-04:00,36.64,36.64,-0.0,0.0
2026-04-01 11:00:00-04:00,35.24,35.24,-0.0,0.0
2026-04-01 12:00:00-04:00,33.98,33.98,-0.0,0.0
2026-04-01 13:00:00-04:00,33.42,33.42,-0.0,0.0
2026-04-01 14:00:00-04:00,32.58,32.58,-0.0,0.0
2026-04-01 15:00:00-04:00,32.59,32.59,-0.0,0.0
2026-04-01 16:00:00-04:00,36.08,36.12,-0.0,-0.04
2026-04-01 17:00:00-04:00,41.37,41.37,-0.0,0.0
2026-04-01 18:00:00-04:00,48.17,48.17,-0.0,0.0
2026-04-01 19:00:00-04:00,54.71,54.71,-0.0,0.0
2026-04-01 20:00:00-04:00,49.72,49.72,-0.0,0.0
2026-04-01 21:00:00-04:00,41.95,41.91,-0.0,0.04
2026-04-01 22:00:00-04:00,35.41,35.37,-0.0,0.04
2026-04-01 23:00:00-04:00,32.22,32.19,-0.0,0.03
2026-04-02 00:00:00-04:00,34.13,34.03,-0.0,0.1
2026-04-02 01:00:00-04:00,29.95,29.89,-0.0,0.06
2026-04-02 02:00:00-04:00,27.45,27.4,-0.0,0.05
2026-04-02 03:00:00-04:00,27.52,27.46,-0.0,0.06
2026-04-02 04:00:00-04:00,28.46,28.4,-0.0,0.06
2026-04-02 05:00:00-04:00,31.06,31.0,-0.0,0.06
2026-04-02 06:00:00-04:00,39.18,39.1,-0.0,0.08
2026-04-02 07:00:00-04:00,46.95,46.0,0.86,0.09
2026-04-02 08:00:00-04:00,46.77,47.49,-0.86,0.14
2026-04-02 09:00:00-04:00,45.99,45.85,-0.0,0.14
2026-04-02 10:00:00-04:00,41.21,41.09,-0.0,0.12
2026-04-02 11:00:00-04:00,39.84,39.72,-0.0,0.12
2026-04-02 12:00:00-04:00,39.52,39.44,-0.0,0.08
2026-04-02 13:00:00-04:00,39.32,39.24,-0.0,0.08
2026-04-02 14:00:00-04:00,35.02,34.95,-0.0,0.07
2026-04-02 15:00:00-04:00,35.68,35.64,-0.0,0.04
2026-04-02 16:00:00-04:00,39.47,39.47,-0.0,0.0
2026-04-02 17:00:00-04:00,40.61,40.74,-0.13,0.0
2026-04-02 18:00:00-04:00,45.06,45.02,0.13,-0.09
2026-04-02 19:00:00-04:00,47.72,47.86,-0.0,-0.14
2026-04-02 20:00:00-04:00,45.63,45.72,-0.0,-0.09
2026-04-02 21:00:00-04:00,38.24,38.32,-0.0,-0.08
2026-04-02 22:00:00-04:00,34.0,33.56,0.47,-0.03
2026-04-02 23:00:00-04:00,31.83,32.36,-0.47,-0.06
2026-04-03 00:00:00-04:00,30.49,30.58,-0.0,-0.09
2026-04-03 01:00:00-04:00,27.29,27.37,-0.0,-0.08
2026-04-03 02:00:00-04:00,26.65,26.73,-0.0,-0.08
2026-04-03 03:00:00-04:00,25.7,25.78,-0.0,-0.08
2026-04-03 04:00:00-04:00,27.04,27.12,-0.0,-0.08
2026-04-03 05:00:00-04:00,28.25,28.36,-0.0,-0.11
2026-04-03 06:00:00-04:00,37.17,37.32,-0.0,-0.15
2026-04-03 07:00:00-04:00,44.82,45.04,-0.0,-0.22
2026-04-03 08:00:00-04:00,41.46,41.63,-0.0,-0.17
2026-04-03 09:00:00-04:00,37.0,37.15,-0.0,-0.15
2026-04-03 10:00:00-04:00,33.12,33.32,-0.0,-0.2
2026-04-03 11:00:00-04:00,30.78,30.96,-0.0,-0.18
2026-04-03 12:00:00-04:00,27.36,27.52,-0.0,-0.16
2026-04-03 13:00:00-04:00,26.52,26.68,-0.0,-0.16
2026-04-03 14:00:00-04:00,22.94,23.05,-0.0,-0.11
2026-04-03 15:00:00-04:00,26.37,26.53,-0.0,-0.16
2026-04-03 16:00:00-04:00,28.35,28.52,-0.0,-0.17
2026-04-03 17:00:00-04:00,33.64,33.84,-0.0,-0.2
2026-04-03 18:00:00-04:00,39.81,40.01,-0.0,-0.2
2026-04-03 19:00:00-04:00,45.68,45.91,-0.0,-0.23
2026-04-03 20:00:00-04:00,44.23,44.41,-0.0,-0.18
2026-04-03 21:00:00-04:00,38.53,38.68,-0.0,-0.15
2026-04-03 22:00:00-04:00,34.68,34.78,-0.0,-0.1
2026-04-03 23:00:00-04:00,32.07,32.17,-0.0,-0.1
