timestamps,prices,energy,congestion,loss
2025-01-01 00:00:00-05:00,33.16,31.85,-0.0,1.31
2025-01-01 01:00:00-05:00,32.07,30.81,-0.0,1.26
2025-01-01 02:00:00-05:00,30.02,28.86,-0.0,1.16
2025-01-01 03:00:00-05:00,28.28,27.27,-0.0,1.01
2025-01-01 04:00:00-05:00,28.22,27.19,-0.0,1.03
2025-01-01 05:00:00-05:00,30.27,29.08,-0.0,1.19
2025-01-01 06:00:00-05:00,31.07,29.76,-0.0,1.31
2025-01-01 07:00:00-05:00,31.05,29.630000000000003,-0.0,1.42
2025-01-01 08:00:00-05:00,33.46,31.9,-0.0,1.56
2025-01-01 09:00:00-05:00,34.0,32.38,-0.0,1.62
2025-01-01 10:00:00-05:00,37.0,35.27,-0.0,1.73
2025-01-01 11:00:00-05:00,37.38,35.470000000000006,-0.0,1.91
2025-01-01 12:00:00-05:00,38.14,36.22,-0.0,1.92
2025-01-01 13:00:00-05:00,38.72,36.67,-0.0,2.05
2025-01-01 14:00:00-05:00,39.14,37.03,-0.0,2.11
2025-01-01 15:00:00-05:00,39.05,36.8,-0.0,2.25
2025-01-01 16:00:00-05:00,42.34,39.720000000000006,-0.0,2.62
2025-01-01 17:00:00-05:00,54.03,50.5,-0.0,3.53
2025-01-01 18:00:00-05:00,46.47,43.47,-0.0,3.0
2025-01-01 19:00:00-05:00,43.42,40.65,-0.0,2.77
2025-01-01 20:00:00-05:00,40.85,38.25,-0.0,2.6
2025-01-01 21:00:00-05:00,36.3,34.019999999999996,-0.0,2.28
2025-01-01 22:00:00-05:00,33.47,31.4,-0.0,2.07
2025-01-01 23:00:00-05:00,33.32,31.49,-0.0,1.83
2025-01-02 00:00:00-05:00,36.8,34.919999999999995,-0.0,1.88
2025-01-02 01:00:00-05:00,36.14,34.32,-0.0,1.82
2025-01-02 02:00:00-05:00,33.17,31.53,-0.0,1.64
2025-01-02 03:00:00-05:00,31.42,29.840000000000003,-0.0,1.58
2025-01-02 04:00:00-05:00,34.17,32.42,-0.0,1.75
2025-01-02 05:00:00-05:00,37.62,35.629999999999995,-0.0,1.99
2025-01-02 06:00:00-05:00,41.86,38.15,1.15,2.56
2025-01-02 07:00:00-05:00,50.87,41.6,6.4,2.87
2025-01-02 08:00:00-05:00,50.27,41.56,5.8,2.91
2025-01-02 09:00:00-05:00,46.98,41.12,2.94,2.92
2025-01-02 10:00:00-05:00,46.21,41.870000000000005,1.37,2.97
2025-01-02 11:00:00-05:00,45.03,40.92,1.16,2.95
2025-01-02 12:00:00-05:00,43.73,40.06999999999999,0.74,2.92
2025-01-02 13:00:00-05:00,45.22,41.379999999999995,0.82,3.02
2025-01-02 14:00:00-05:00,46.04,41.11,1.89,3.04
2025-01-02 15:00:00-05:00,51.19,43.309999999999995,4.63,3.25
2025-01-02 16:00:00-05:00,61.37,49.54,7.86,3.97
2025-01-02 17:00:00-05:00,70.8,55.1,11.18,4.52
2025-01-02 18:00:00-05:00,65.6,55.05,6.04,4.51
2025-01-02 19:00:00-05:00,59.0,49.25,5.86,3.89
2025-01-02 20:00:00-05:00,55.93,49.04,3.21,3.68
2025-01-02 21:00:00-05:00,51.01,45.85,1.82,3.34
2025-01-02 22:00:00-05:00,46.35,43.28,-0.0,3.07
2025-01-02 23:00:00-05:00,43.63,41.040000000000006,-0.0,2.59
2025-01-03 00:00:00-05:00,43.83,41.39,-0.0,2.44
2025-01-03 01:00:00-05:00,41.71,39.42,-0.0,2.29
2025-01-03 02:00:00-05:00,40.99,38.78,-0.0,2.21
2025-01-03 03:00:00-05:00,41.75,39.42,-0.0,2.33
2025-01-03 04:00:00-05:00,43.01,40.61,-0.0,2.4
2025-01-03 05:00:00-05:00,49.25,46.55,-0.0,2.7
2025-01-03 06:00:00-05:00,57.23,53.94,-0.0,3.29
2025-01-03 07:00:00-05:00,59.48,54.98,0.65,3.85
2025-01-03 08:00:00-05:00,55.88,55.04,-3.23,4.07
2025-01-03 09:00:00-05:00,52.0,54.15,-5.83,3.68
2025-01-03 10:00:00-05:00,53.68,52.51,-2.29,3.46
2025-01-03 11:00:00-05:00,53.46,52.25,-2.29,3.5
2025-01-03 12:00:00-05:00,51.65,50.85,-2.5,3.3
2025-01-03 13:00:00-05:00,52.89,51.879999999999995,-2.62,3.63
2025-01-03 14:00:00-05:00,56.0,54.98,-3.11,4.13
2025-01-03 15:00:00-05:00,55.39,55.27,-4.19,4.31
2025-01-03 16:00:00-05:00,66.74,55.31999999999999,6.88,4.54
2025-01-03 17:00:00-05:00,81.51,58.61,17.98,4.92
2025-01-03 18:00:00-05:00,76.0,57.93,13.15,4.92
2025-01-03 19:00:00-05:00,63.74,55.5,3.86,4.38
2025-01-03 20:00:00-05:00,62.0,55.27,2.42,4.31
2025-01-03 21:00:00-05:00,58.42,54.65,-0.0,3.77
2025-01-03 22:00:00-05:00,57.63,54.21,-0.0,3.42
2025-01-03 23:00:00-05:00,57.82,54.55,-0.0,3.27
2025-01-04 00:00:00-05:00,55.34,51.96,-0.0,3.38
2025-01-04 01:00:00-05:00,52.7,49.580000000000005,-0.0,3.12
2025-01-04 02:00:00-05:00,50.61,47.61,-0.0,3.0
2025-01-04 03:00:00-05:00,51.67,48.52,-0.0,3.15
2025-01-04 04:00:00-05:00,51.93,48.76,-0.0,3.17
2025-01-04 05:00:00-05:00,53.19,49.919999999999995,0.03,3.24
2025-01-04 06:00:00-05:00,53.14,49.63,0.19,3.32
2025-01-04 07:00:00-05:00,57.64,53.97,-0.0,3.67
2025-01-04 08:00:00-05:00,60.62,54.82,2.07,3.73
2025-01-04 09:00:00-05:00,62.98,55.09,3.81,4.08
2025-01-04 10:00:00-05:00,67.41,55.32999999999999,7.88,4.2
2025-01-04 11:00:00-05:00,67.44,55.39,7.84,4.21
2025-01-04 12:00:00-05:00,66.72,55.26,7.31,4.15
2025-01-04 13:00:00-05:00,66.09,55.2,6.8,4.09
2025-01-04 14:00:00-05:00,70.23,55.26,10.88,4.09
2025-01-04 15:00:00-05:00,74.67,55.379999999999995,15.03,4.26
2025-01-04 16:00:00-05:00,85.85,58.029999999999994,23.18,4.64
2025-01-04 17:00:00-05:00,109.73,67.35000000000001,36.72,5.66
2025-01-04 18:00:00-05:00,100.85,66.19999999999999,29.22,5.43
2025-01-04 19:00:00-05:00,91.02,57.40999999999999,28.96,4.65
2025-01-04 20:00:00-05:00,88.49,55.32999999999999,28.96,4.2
2025-01-04 21:00:00-05:00,77.92,55.21,18.57,4.14
2025-01-04 22:00:00-05:00,73.5,55.1,14.32,4.08
2025-01-04 23:00:00-05:00,68.44,54.98,9.5,3.96
2025-01-05 00:00:00-05:00,79.04,73.41000000000001,0.42,5.21
2025-01-05 01:00:00-05:00,79.25,73.85000000000001,0.16,5.24
2025-01-05 02:00:00-05:00,75.97,67.5,3.88,4.59
2025-01-05 03:00:00-05:00,71.51,64.74,2.37,4.4
2025-01-05 04:00:00-05:00,71.62,66.94,-0.0,4.68
2025-01-05 05:00:00-05:00,71.84,67.21000000000001,-0.0,4.63
2025-01-05 06:00:00-05:00,75.86,70.97,-0.0,4.89
2025-01-05 07:00:00-05:00,77.28,54.17999999999999,19.2,3.9
2025-01-05 08:00:00-05:00,80.19,59.18,16.57,4.44
2025-01-05 09:00:00-05:00,81.54,66.56000000000002,9.99,4.99
2025-01-05 10:00:00-05:00,85.42,74.14,5.94,5.34
2025-01-05 11:00:00-05:00,85.22,73.99,6.05,5.18
2025-01-05 12:00:00-05:00,83.73,72.33,6.48,4.92
2025-01-05 13:00:00-05:00,84.88,73.69,6.03,5.16
2025-01-05 14:00:00-05:00,86.06,73.99000000000001,6.82,5.25
2025-01-05 15:00:00-05:00,87.24,73.91999999999999,8.15,5.17
2025-01-05 16:00:00-05:00,109.7,85.59,18.12,5.99
2025-01-05 17:00:00-05:00,132.59,104.93,20.0,7.66
2025-01-05 18:00:00-05:00,124.59,100.7,16.44,7.45
2025-01-05 19:00:00-05:00,111.24,89.91999999999999,14.76,6.56
2025-01-05 20:00:00-05:00,109.29,93.32,9.44,6.53
2025-01-05 21:00:00-05:00,97.16,86.16,5.06,5.94
2025-01-05 22:00:00-05:00,90.62,83.60000000000001,1.42,5.6
2025-01-05 23:00:00-05:00,92.69,87.19,-0.0,5.5
2025-01-06 00:00:00-05:00,98.5,88.36,4.22,5.92
2025-01-06 01:00:00-05:00,96.38,81.27,9.9,5.21
2025-01-06 02:00:00-05:00,94.68,81.02000000000001,8.64,5.02
2025-01-06 03:00:00-05:00,95.05,85.17,4.6,5.28
2025-01-06 04:00:00-05:00,95.13,89.13999999999999,0.2,5.79
2025-01-06 05:00:00-05:00,108.85,81.59,22.94,4.32
2025-01-06 06:00:00-05:00,116.02,90.62,20.15,5.25
2025-01-06 07:00:00-05:00,144.87,89.82999999999998,49.74,5.3
2025-01-06 08:00:00-05:00,141.59,103.06,31.93,6.6
2025-01-06 09:00:00-05:00,138.74,91.49,41.31,5.94
2025-01-06 10:00:00-05:00,150.58,118.08,24.47,8.03
2025-01-06 11:00:00-05:00,133.15,112.22,12.96,7.97
2025-01-06 12:00:00-05:00,127.22,101.53,18.69,7.0
2025-01-06 13:00:00-05:00,125.1,83.71,35.53,5.86
2025-01-06 14:00:00-05:00,126.82,85.82999999999998,34.98,6.01
2025-01-06 15:00:00-05:00,134.27,79.83000000000001,49.09,5.35
2025-01-06 16:00:00-05:00,151.47,81.42999999999998,64.43,5.61
2025-01-06 17:00:00-05:00,176.45,97.64999999999998,71.97,6.83
2025-01-06 18:00:00-05:00,171.09,86.89000000000001,78.03,6.17
2025-01-06 19:00:00-05:00,160.02,71.67000000000002,83.34,5.01
2025-01-06 20:00:00-05:00,133.41,74.37,52.94,6.1
2025-01-06 21:00:00-05:00,126.17,74.88,45.23,6.06
2025-01-06 22:00:00-05:00,123.92,80.13,37.14,6.65
2025-01-06 23:00:00-05:00,115.25,79.44,29.69,6.12
2025-01-07 00:00:00-05:00,120.64,70.6,44.89,5.15
2025-01-07 01:00:00-05:00,108.81,70.38,33.5,4.93
2025-01-07 02:00:00-05:00,114.45,70.25,39.57,4.63
2025-01-07 03:00:00-05:00,112.98,70.32,38.02,4.64
2025-01-07 04:00:00-05:00,117.25,70.32,42.43,4.5
2025-01-07 05:00:00-05:00,125.24,64.19,57.33,3.72
2025-01-07 06:00:00-05:00,145.91,68.89,72.89,4.13
2025-01-07 07:00:00-05:00,168.17,50.53999999999999,114.5,3.13
2025-01-07 08:00:00-05:00,151.35,51.510000000000005,96.64,3.2
2025-01-07 09:00:00-05:00,145.01,45.329999999999984,96.69,2.99
2025-01-07 10:00:00-05:00,143.73,59.099999999999994,80.9,3.73
2025-01-07 11:00:00-05:00,141.61,52.23,86.14,3.24
2025-01-07 12:00:00-05:00,137.78,47.14,87.67,2.97
2025-01-07 13:00:00-05:00,136.75,46.94,86.9,2.91
2025-01-07 14:00:00-05:00,137.73,48.369999999999976,86.31,3.05
2025-01-07 15:00:00-05:00,148.22,46.349999999999994,99.0,2.87
2025-01-07 16:00:00-05:00,172.36,61.59000000000002,106.64,4.13
2025-01-07 17:00:00-05:00,216.61,81.17000000000002,129.68,5.76
2025-01-07 18:00:00-05:00,202.89,80.42999999999999,116.83,5.63
2025-01-07 19:00:00-05:00,186.72,68.71,113.2,4.81
2025-01-07 20:00:00-05:00,158.81,70.6,82.35,5.86
2025-01-07 21:00:00-05:00,152.89,70.52999999999999,76.79,5.57
2025-01-07 22:00:00-05:00,141.06,70.47000000000001,65.02,5.57
2025-01-07 23:00:00-05:00,138.84,70.65,62.75,5.44
2025-01-08 00:00:00-05:00,136.47,73.69999999999999,56.43,6.34
2025-01-08 01:00:00-05:00,131.74,71.78,53.93,6.03
2025-01-08 02:00:00-05:00,124.96,70.75999999999999,48.4,5.8
2025-01-08 03:00:00-05:00,124.52,70.53999999999999,48.27,5.71
2025-01-08 04:00:00-05:00,134.01,70.75999999999998,57.45,5.8
2025-01-08 05:00:00-05:00,141.1,73.63,61.07,6.4
2025-01-08 06:00:00-05:00,158.54,74.56,77.72,6.26
2025-01-08 07:00:00-05:00,185.75,73.62999999999998,105.79,6.33
2025-01-08 08:00:00-05:00,159.89,74.55999999999999,78.77,6.56
2025-01-08 09:00:00-05:00,153.71,74.24,72.86,6.61
2025-01-08 10:00:00-05:00,147.02,74.53000000000002,65.71,6.78
2025-01-08 11:00:00-05:00,144.53,72.88000000000001,65.17,6.48
2025-01-08 12:00:00-05:00,140.77,70.76,63.86,6.15
2025-01-08 13:00:00-05:00,140.76,70.61,64.08,6.07
2025-01-08 14:00:00-05:00,141.85,72.72,62.66,6.47
2025-01-08 15:00:00-05:00,155.0,72.36,76.42,6.22
2025-01-08 16:00:00-05:00,167.49,74.72000000000001,85.67,7.1
2025-01-08 17:00:00-05:00,194.69,86.6,99.6,8.49
2025-01-08 18:00:00-05:00,184.55,82.39,94.17,7.99
2025-01-08 19:00:00-05:00,171.49,74.33000000000001,90.1,7.06
2025-01-08 20:00:00-05:00,164.35,74.17,83.21,6.97
2025-01-08 21:00:00-05:00,156.65,71.42999999999999,78.79,6.43
2025-01-08 22:00:00-05:00,151.52,74.25,70.59,6.68
2025-01-08 23:00:00-05:00,142.61,74.24000000000001,61.76,6.61
2025-01-09 00:00:00-05:00,143.4,70.64000000000001,66.82,5.94
2025-01-09 01:00:00-05:00,136.67,66.18999999999997,65.18,5.3
2025-01-09 02:00:00-05:00,129.9,57.21000000000001,68.17,4.52
2025-01-09 03:00:00-05:00,125.0,57.61,62.89,4.5
2025-01-09 04:00:00-05:00,133.03,62.59000000000002,65.55,4.89
2025-01-09 05:00:00-05:00,142.75,70.8,66.14,5.81
2025-01-09 06:00:00-05:00,160.71,71.09000000000002,83.58,6.04
2025-01-09 07:00:00-05:00,195.26,71.03,117.84,6.39
2025-01-09 08:00:00-05:00,163.81,71.01999999999998,86.18,6.61
2025-01-09 09:00:00-05:00,155.48,70.94999999999999,78.07,6.46
2025-01-09 10:00:00-05:00,144.79,71.23999999999998,67.0,6.55
2025-01-09 11:00:00-05:00,134.57,71.09999999999998,57.14,6.33
2025-01-09 12:00:00-05:00,131.68,71.09,54.26,6.33
2025-01-09 13:00:00-05:00,129.3,70.95000000000002,52.04,6.31
2025-01-09 14:00:00-05:00,130.5,70.88,53.52,6.1
2025-01-09 15:00:00-05:00,140.72,71.16999999999999,63.22,6.33
2025-01-09 16:00:00-05:00,163.1,71.16,85.32,6.62
2025-01-09 17:00:00-05:00,207.77,96.82,101.65,9.3
2025-01-09 18:00:00-05:00,178.1,97.7,71.02,9.38
2025-01-09 19:00:00-05:00,161.08,74.22000000000001,79.73,7.13
2025-01-09 20:00:00-05:00,149.4,73.60000000000001,68.8,7.0
2025-01-09 21:00:00-05:00,146.07,71.1,68.5,6.47
2025-01-09 22:00:00-05:00,139.9,71.03000000000003,62.48,6.39
2025-01-09 23:00:00-05:00,139.36,70.95000000000002,62.24,6.17
2025-01-10 00:00:00-05:00,117.48,66.44,45.92,5.12
2025-01-10 01:00:00-05:00,110.95,66.38,39.53,5.04
2025-01-10 02:00:00-05:00,103.26,66.44,31.7,5.12
2025-01-10 03:00:00-05:00,100.74,67.29,28.27,5.18
2025-01-10 04:00:00-05:00,104.14,74.23,24.19,5.72
2025-01-10 05:00:00-05:00,110.24,77.02000000000001,27.29,5.93
2025-01-10 06:00:00-05:00,136.82,84.66999999999999,45.29,6.86
2025-01-10 07:00:00-05:00,155.9,85.85,62.24,7.81
2025-01-10 08:00:00-05:00,133.6,86.72999999999999,38.63,8.24
2025-01-10 09:00:00-05:00,118.81,85.82,25.1,7.89
2025-01-10 10:00:00-05:00,101.07,86.72999999999999,6.8,7.54
2025-01-10 11:00:00-05:00,92.26,82.44000000000001,2.82,7.0
2025-01-10 12:00:00-05:00,89.44,82.44,-0.0,7.0
2025-01-10 13:00:00-05:00,90.09,82.95,-0.0,7.14
2025-01-10 14:00:00-05:00,90.99,83.71,-0.0,7.28
2025-01-10 15:00:00-05:00,101.35,90.02,3.23,8.1
2025-01-10 16:00:00-05:00,117.28,91.61,17.15,8.52
2025-01-10 17:00:00-05:00,150.98,115.0,25.05,10.93
2025-01-10 18:00:00-05:00,139.65,97.81,32.74,9.1
2025-01-10 19:00:00-05:00,117.13,97.07999999999998,11.12,8.93
2025-01-10 20:00:00-05:00,114.02,91.54,14.06,8.42
2025-01-10 21:00:00-05:00,103.51,86.18,9.84,7.49
2025-01-10 22:00:00-05:00,101.92,83.64,11.51,6.77
2025-01-10 23:00:00-05:00,101.46,81.94,13.3,6.22
2025-01-11 00:00:00-05:00,87.66,81.77,-0.0,5.89
2025-01-11 01:00:00-05:00,83.0,77.57,-0.0,5.43
2025-01-11 02:00:00-05:00,75.79,71.17,-0.0,4.62
2025-01-11 03:00:00-05:00,72.78,68.28,-0.0,4.5
2025-01-11 04:00:00-05:00,74.18,69.52000000000001,-0.0,4.66
2025-01-11 05:00:00-05:00,75.61,70.86,-0.0,4.75
2025-01-11 06:00:00-05:00,73.96,69.25,-0.0,4.71
2025-01-11 07:00:00-05:00,81.8,73.6,2.9,5.3
2025-01-11 08:00:00-05:00,94.91,80.42999999999999,8.45,6.03
2025-01-11 09:00:00-05:00,97.42,81.78,9.02,6.62
2025-01-11 10:00:00-05:00,85.38,79.35,-0.0,6.03
2025-01-11 11:00:00-05:00,90.46,84.46,-0.0,6.0
2025-01-11 12:00:00-05:00,80.95,75.51,-0.0,5.44
2025-01-11 13:00:00-05:00,77.45,72.04,-0.0,5.41
2025-01-11 14:00:00-05:00,71.11,66.15,-0.0,4.96
2025-01-11 15:00:00-05:00,83.07,77.41999999999999,-0.0,5.65
2025-01-11 16:00:00-05:00,88.47,81.69,-0.0,6.78
2025-01-11 17:00:00-05:00,104.01,84.84,11.53,7.64
2025-01-11 18:00:00-05:00,92.73,82.02000000000001,3.66,7.05
2025-01-11 19:00:00-05:00,80.03,73.78,0.05,6.2
2025-01-11 20:00:00-05:00,75.53,69.72,0.03,5.78
2025-01-11 21:00:00-05:00,71.09,66.01,-0.0,5.08
2025-01-11 22:00:00-05:00,70.28,65.8,-0.0,4.48
2025-01-11 23:00:00-05:00,70.01,65.74000000000001,-0.0,4.27
2025-01-12 00:00:00-05:00,70.49,65.94,-0.0,4.55
2025-01-12 01:00:00-05:00,70.08,65.81,-0.0,4.27
2025-01-12 02:00:00-05:00,68.98,65.26,-0.0,3.72
2025-01-12 03:00:00-05:00,68.38,65.0,-0.0,3.38
2025-01-12 04:00:00-05:00,68.45,65.01,-0.0,3.44
2025-01-12 05:00:00-05:00,69.39,65.46,-0.0,3.93
2025-01-12 06:00:00-05:00,69.19,65.39999999999999,-0.0,3.79
2025-01-12 07:00:00-05:00,68.77,65.0,-0.0,3.77
2025-01-12 08:00:00-05:00,68.97,65.07,-0.0,3.9
2025-01-12 09:00:00-05:00,66.6,63.19,-0.0,3.41
2025-01-12 10:00:00-05:00,66.27,62.99999999999999,-0.0,3.27
2025-01-12 11:00:00-05:00,64.64,61.8,-0.0,2.84
2025-01-12 12:00:00-05:00,66.1,63.19,-0.0,2.91
2025-01-12 13:00:00-05:00,65.94,63.04,-0.0,2.9
2025-01-12 14:00:00-05:00,67.44,64.35,-0.0,3.09
2025-01-12 15:00:00-05:00,68.91,65.2,-0.0,3.71
2025-01-12 16:00:00-05:00,73.41,68.47999999999999,-0.0,4.93
2025-01-12 17:00:00-05:00,87.98,81.69,-0.0,6.29
2025-01-12 18:00:00-05:00,79.53,74.12,-0.0,5.41
2025-01-12 19:00:00-05:00,73.4,68.28,-0.0,5.12
2025-01-12 20:00:00-05:00,71.02,65.94,-0.0,5.08
2025-01-12 21:00:00-05:00,69.78,65.4,-0.0,4.38
2025-01-12 22:00:00-05:00,69.04,65.07000000000001,-0.0,3.97
2025-01-12 23:00:00-05:00,69.04,65.13000000000001,-0.0,3.91
2025-01-13 00:00:00-05:00,69.45,65.39,-0.0,4.06
2025-01-13 01:00:00-05:00,69.18,65.33000000000001,-0.0,3.85
2025-01-13 02:00:00-05:00,69.26,65.46000000000001,-0.0,3.8
2025-01-13 03:00:00-05:00,68.92,65.27,-0.0,3.65
2025-01-13 04:00:00-05:00,69.6,65.6,-0.0,4.0
2025-01-13 05:00:00-05:00,70.83,66.2,-0.0,4.63
2025-01-13 06:00:00-05:00,79.9,74.53,-0.0,5.37
2025-01-13 07:00:00-05:00,109.92,101.03,0.91,7.98
2025-01-13 08:00:00-05:00,100.91,93.43,-0.0,7.48
2025-01-13 09:00:00-05:00,77.48,71.81,-0.0,5.67
2025-01-13 10:00:00-05:00,72.15,67.06,-0.0,5.09
2025-01-13 11:00:00-05:00,69.97,65.46,-0.0,4.51
2025-01-13 12:00:00-05:00,69.78,65.4,-0.0,4.38
2025-01-13 13:00:00-05:00,69.51,65.27000000000001,-0.0,4.24
2025-01-13 14:00:00-05:00,69.78,65.34,-0.0,4.44
2025-01-13 15:00:00-05:00,70.86,65.78999999999999,-0.0,5.07
2025-01-13 16:00:00-05:00,78.84,72.53,-0.0,6.31
2025-01-13 17:00:00-05:00,92.48,81.77,3.51,7.2
2025-01-13 18:00:00-05:00,91.95,80.48,4.55,6.92
2025-01-13 19:00:00-05:00,74.64,67.25,1.61,5.78
2025-01-13 20:00:00-05:00,72.33,66.47,0.48,5.38
2025-01-13 21:00:00-05:00,69.61,64.93,-0.0,4.68
2025-01-13 22:00:00-05:00,70.33,65.73,-0.0,4.6
2025-01-13 23:00:00-05:00,69.45,65.33,-0.0,4.12
2025-01-14 00:00:00-05:00,68.92,64.72,-0.0,4.2
2025-01-14 01:00:00-05:00,67.18,63.14000000000001,-0.0,4.04
2025-01-14 02:00:00-05:00,69.73,65.60000000000001,-0.0,4.13
2025-01-14 03:00:00-05:00,69.73,65.60000000000001,-0.0,4.13
2025-01-14 04:00:00-05:00,69.73,65.66,-0.0,4.07
2025-01-14 05:00:00-05:00,66.81,62.5,-0.0,4.31
2025-01-14 06:00:00-05:00,91.14,69.95,15.88,5.31
2025-01-14 07:00:00-05:00,111.33,82.27,22.48,6.58
2025-01-14 08:00:00-05:00,102.69,82.35,13.42,6.92
2025-01-14 09:00:00-05:00,86.76,80.04,-0.0,6.72
2025-01-14 10:00:00-05:00,90.58,82.19,1.32,7.07
2025-01-14 11:00:00-05:00,83.63,75.09,2.16,6.38
2025-01-14 12:00:00-05:00,83.49,76.78,0.11,6.6
2025-01-14 13:00:00-05:00,84.84,78.2,-0.0,6.64
2025-01-14 14:00:00-05:00,90.14,82.11,0.97,7.06
2025-01-14 15:00:00-05:00,97.56,83.66000000000001,6.46,7.44
2025-01-14 16:00:00-05:00,122.74,82.37,32.71,7.66
2025-01-14 17:00:00-05:00,163.51,122.07999999999998,30.07,11.36
2025-01-14 18:00:00-05:00,139.12,88.53,42.09,8.5
2025-01-14 19:00:00-05:00,126.63,85.55,32.95,8.13
2025-01-14 20:00:00-05:00,119.71,85.81,25.74,8.16
2025-01-14 21:00:00-05:00,103.35,82.19,13.92,7.24
2025-01-14 22:00:00-05:00,99.97,81.95,11.14,6.88
2025-01-14 23:00:00-05:00,99.52,81.85,11.2,6.47
2025-01-15 00:00:00-05:00,92.53,80.92,5.29,6.32
2025-01-15 01:00:00-05:00,88.83,74.86999999999999,8.12,5.84
2025-01-15 02:00:00-05:00,86.8,74.86,6.17,5.77
2025-01-15 03:00:00-05:00,84.81,74.87,4.1,5.84
2025-01-15 04:00:00-05:00,86.9,80.61,-0.0,6.29
2025-01-15 05:00:00-05:00,96.25,82.2,7.47,6.58
2025-01-15 06:00:00-05:00,115.0,85.91,22.04,7.05
2025-01-15 07:00:00-05:00,145.58,103.79000000000002,32.97,8.82
2025-01-15 08:00:00-05:00,123.34,109.36,4.13,9.85
2025-01-15 09:00:00-05:00,100.6,85.74,7.41,7.45
2025-01-15 10:00:00-05:00,102.73,85.73,9.37,7.63
2025-01-15 11:00:00-05:00,100.88,85.99,7.41,7.48
2025-01-15 12:00:00-05:00,98.53,85.64,5.44,7.45
2025-01-15 13:00:00-05:00,98.25,84.84,6.11,7.3
2025-01-15 14:00:00-05:00,100.94,85.38,8.14,7.42
2025-01-15 15:00:00-05:00,110.81,86.55,16.64,7.62
2025-01-15 16:00:00-05:00,123.18,87.49000000000001,27.73,7.96
2025-01-15 17:00:00-05:00,162.03,113.7,37.65,10.68
2025-01-15 18:00:00-05:00,144.9,115.00000000000004,19.54,10.36
2025-01-15 19:00:00-05:00,127.89,84.93,36.08,6.88
2025-01-15 20:00:00-05:00,122.9,85.11000000000001,30.9,6.89
2025-01-15 21:00:00-05:00,115.64,84.14999999999999,24.92,6.57
2025-01-15 22:00:00-05:00,116.36,84.15,25.9,6.31
2025-01-15 23:00:00-05:00,107.76,83.73,18.0,6.03
2025-01-16 00:00:00-05:00,118.34,82.03000000000002,30.49,5.82
2025-01-16 01:00:00-05:00,108.46,81.85999999999999,20.87,5.73
2025-01-16 02:00:00-05:00,107.42,80.97,20.94,5.51
2025-01-16 03:00:00-05:00,102.49,95.74,0.05,6.7
2025-01-16 04:00:00-05:00,106.32,99.46,-0.0,6.86
2025-01-16 05:00:00-05:00,111.05,83.85999999999999,20.15,7.04
2025-01-16 06:00:00-05:00,144.27,122.75,11.94,9.58
2025-01-16 07:00:00-05:00,168.32,149.91,6.41,12.0
2025-01-16 08:00:00-05:00,148.02,133.09,4.15,10.78
2025-01-16 09:00:00-05:00,130.02,109.82,10.87,9.33
2025-01-16 10:00:00-05:00,123.23,114.0,-0.0,9.23
2025-01-16 11:00:00-05:00,117.74,86.36,23.95,7.43
2025-01-16 12:00:00-05:00,117.05,85.72,23.96,7.37
2025-01-16 13:00:00-05:00,119.34,91.46,20.01,7.87
2025-01-16 14:00:00-05:00,124.1,89.47,26.94,7.69
2025-01-16 15:00:00-05:00,132.0,96.62,26.98,8.4
2025-01-16 16:00:00-05:00,149.49,94.95000000000002,46.28,8.26
2025-01-16 17:00:00-05:00,184.95,115.3,59.73,9.92
2025-01-16 18:00:00-05:00,164.98,96.29999999999998,60.4,8.28
2025-01-16 19:00:00-05:00,149.9,88.20000000000002,53.94,7.76
2025-01-16 20:00:00-05:00,137.4,92.44,37.19,7.77
2025-01-16 21:00:00-05:00,121.09,83.14000000000001,30.63,7.32
2025-01-16 22:00:00-05:00,120.01,82.03,30.68,7.3
2025-01-16 23:00:00-05:00,110.9,85.43,18.04,7.43
2025-01-17 00:00:00-05:00,122.15,105.22,7.99,8.94
2025-01-17 01:00:00-05:00,102.65,85.64000000000001,9.91,7.1
2025-01-17 02:00:00-05:00,96.79,79.07,11.32,6.4
2025-01-17 03:00:00-05:00,98.05,86.17999999999999,5.06,6.81
2025-01-17 04:00:00-05:00,100.05,86.02000000000001,7.32,6.71
2025-01-17 05:00:00-05:00,106.01,85.01,14.03,6.97
2025-01-17 06:00:00-05:00,115.68,87.38000000000001,20.53,7.77
2025-01-17 07:00:00-05:00,152.87,124.59,17.31,10.97
2025-01-17 08:00:00-05:00,143.15,127.09,5.38,10.68
2025-01-17 09:00:00-05:00,113.59,87.09,18.75,7.75
2025-01-17 10:00:00-05:00,95.59,85.18,3.08,7.33
2025-01-17 11:00:00-05:00,90.29,82.99000000000001,-0.0,7.3
2025-01-17 12:00:00-05:00,89.17,82.11,-0.0,7.06
2025-01-17 13:00:00-05:00,88.08,81.17999999999999,-0.0,6.9
2025-01-17 14:00:00-05:00,92.42,84.94,-0.0,7.48
2025-01-17 15:00:00-05:00,98.29,70.56,21.59,6.14
2025-01-17 16:00:00-05:00,92.73,70.50000000000001,16.52,5.71
2025-01-17 17:00:00-05:00,122.52,70.72,45.79,6.01
2025-01-17 18:00:00-05:00,105.84,70.57,29.34,5.93
2025-01-17 19:00:00-05:00,96.2,70.55000000000001,19.72,5.93
2025-01-17 20:00:00-05:00,96.83,70.7,20.05,6.08
2025-01-17 21:00:00-05:00,90.23,70.25,14.15,5.83
2025-01-17 22:00:00-05:00,85.13,70.41,8.88,5.84
2025-01-17 23:00:00-05:00,90.29,70.11,14.92,5.26
2025-01-18 00:00:00-05:00,74.03,70.04,-0.0,3.99
2025-01-18 01:00:00-05:00,73.44,69.67999999999999,-0.0,3.76
2025-01-18 02:00:00-05:00,72.06,68.44,-0.0,3.62
2025-01-18 03:00:00-05:00,73.38,69.69,-0.0,3.69
2025-01-18 04:00:00-05:00,73.52,69.75999999999999,-0.0,3.76
2025-01-18 05:00:00-05:00,74.41,70.33,-0.0,4.08
2025-01-18 06:00:00-05:00,70.4,66.61,-0.0,3.79
2025-01-18 07:00:00-05:00,66.81,54.65,8.88,3.28
2025-01-18 08:00:00-05:00,70.44,58.709999999999994,8.03,3.7
2025-01-18 09:00:00-05:00,88.95,69.76,14.51,4.68
2025-01-18 10:00:00-05:00,106.27,75.07,25.65,5.55
2025-01-18 11:00:00-05:00,111.81,70.97,35.59,5.25
2025-01-18 12:00:00-05:00,110.24,70.69,34.46,5.09
2025-01-18 13:00:00-05:00,105.86,70.61,30.31,4.94
2025-01-18 14:00:00-05:00,102.72,70.69,26.8,5.23
2025-01-18 15:00:00-05:00,105.75,70.75999999999999,29.68,5.31
2025-01-18 16:00:00-05:00,118.39,71.60999999999999,41.27,5.51
2025-01-18 17:00:00-05:00,146.43,71.30000000000001,69.78,5.35
2025-01-18 18:00:00-05:00,141.89,74.82999999999998,61.52,5.54
2025-01-18 19:00:00-05:00,133.57,71.07999999999998,57.44,5.05
2025-01-18 20:00:00-05:00,127.54,70.86,51.86,4.82
2025-01-18 21:00:00-05:00,113.99,70.72,38.46,4.81
2025-01-18 22:00:00-05:00,96.85,70.92999999999999,21.03,4.89
2025-01-18 23:00:00-05:00,103.87,70.71000000000001,28.7,4.46
2025-01-19 00:00:00-05:00,140.58,82.26,53.14,5.18
2025-01-19 01:00:00-05:00,141.31,84.70000000000002,51.44,5.17
2025-01-19 02:00:00-05:00,144.58,82.98000000000002,56.71,4.89
2025-01-19 03:00:00-05:00,136.28,85.00999999999999,46.34,4.93
2025-01-19 04:00:00-05:00,131.0,85.0,41.07,4.93
2025-01-19 05:00:00-05:00,131.28,85.35999999999999,40.63,5.29
2025-01-19 06:00:00-05:00,140.96,85.26000000000002,50.32,5.38
2025-01-19 07:00:00-05:00,143.1,85.35,51.78,5.97
2025-01-19 08:00:00-05:00,140.71,88.61000000000001,45.28,6.82
2025-01-19 09:00:00-05:00,149.86,89.64000000000001,53.32,6.9
2025-01-19 10:00:00-05:00,167.89,88.68999999999997,72.37,6.83
2025-01-19 11:00:00-05:00,158.71,88.78,63.0,6.93
2025-01-19 12:00:00-05:00,155.65,88.60000000000002,60.13,6.92
2025-01-19 13:00:00-05:00,156.58,87.42000000000002,62.43,6.73
2025-01-19 14:00:00-05:00,160.54,89.30999999999997,64.18,7.05
2025-01-19 15:00:00-05:00,175.33,137.1,28.49,9.74
2025-01-19 16:00:00-05:00,192.72,155.51,26.17,11.04
2025-01-19 17:00:00-05:00,244.2,228.01,0.68,15.51
2025-01-19 18:00:00-05:00,225.84,209.64,2.15,14.05
2025-01-19 19:00:00-05:00,221.75,205.17,2.83,13.75
2025-01-19 20:00:00-05:00,193.63,165.97,16.71,10.95
2025-01-19 21:00:00-05:00,169.45,137.82,22.39,9.24
2025-01-19 22:00:00-05:00,175.62,149.34,16.71,9.57
2025-01-19 23:00:00-05:00,171.91,161.87,-0.0,10.04
2025-01-20 00:00:00-05:00,184.74,174.12,-0.0,10.62
2025-01-20 01:00:00-05:00,172.69,162.76,-0.0,9.93
2025-01-20 02:00:00-05:00,166.35,156.49,-0.0,9.86
2025-01-20 03:00:00-05:00,166.33,157.36,-0.0,8.97
2025-01-20 04:00:00-05:00,176.73,168.0,-0.0,8.73
2025-01-20 05:00:00-05:00,199.22,191.01,-0.0,8.21
2025-01-20 06:00:00-05:00,239.47,229.39,-0.0,10.08
2025-01-20 07:00:00-05:00,262.65,242.13,9.38,11.14
2025-01-20 08:00:00-05:00,235.62,213.56,12.88,9.18
2025-01-20 09:00:00-05:00,241.31,229.53,1.22,10.56
2025-01-20 10:00:00-05:00,220.2,210.31,-0.0,9.89
2025-01-20 11:00:00-05:00,218.23,208.24,-0.0,9.99
2025-01-20 12:00:00-05:00,218.62,208.02,-0.0,10.6
2025-01-20 13:00:00-05:00,219.65,209.0,-0.0,10.65
2025-01-20 14:00:00-05:00,228.92,217.61,-0.0,11.31
2025-01-20 15:00:00-05:00,234.52,222.71,0.01,11.8
2025-01-20 16:00:00-05:00,252.91,228.09,12.97,11.85
2025-01-20 17:00:00-05:00,308.91,283.36,12.79,12.76
2025-01-20 18:00:00-05:00,295.19,274.08,9.06,12.05
2025-01-20 19:00:00-05:00,272.36,250.01,11.09,11.26
2025-01-20 20:00:00-05:00,252.45,234.80999999999997,6.83,10.81
2025-01-20 21:00:00-05:00,232.16,219.37,2.91,9.88
2025-01-20 22:00:00-05:00,232.15,222.38,-0.0,9.77
2025-01-20 23:00:00-05:00,219.88,211.22,-0.0,8.66
2025-01-21 00:00:00-05:00,212.14,203.77999999999997,-0.0,8.36
2025-01-21 01:00:00-05:00,194.51,186.67,-0.0,7.84
2025-01-21 02:00:00-05:00,205.41,197.5,-0.0,7.91
2025-01-21 03:00:00-05:00,203.33,195.32,-0.0,8.01
2025-01-21 04:00:00-05:00,208.45,200.24,-0.0,8.21
2025-01-21 05:00:00-05:00,217.76,209.38,-0.0,8.38
2025-01-21 06:00:00-05:00,266.3,255.57,-0.0,10.73
2025-01-21 07:00:00-05:00,313.41,299.34000000000003,-0.0,14.07
2025-01-21 08:00:00-05:00,274.78,262.2,-0.0,12.58
2025-01-21 09:00:00-05:00,260.76,248.35,-0.0,12.41
2025-01-21 10:00:00-05:00,247.35,234.91,-0.0,12.44
2025-01-21 11:00:00-05:00,234.69,222.89,-0.0,11.8
2025-01-21 12:00:00-05:00,230.0,218.43,-0.0,11.57
2025-01-21 13:00:00-05:00,235.88,223.8,-0.0,12.08
2025-01-21 14:00:00-05:00,244.74,232.43,-0.0,12.31
2025-01-21 15:00:00-05:00,258.52,245.98,-0.0,12.54
2025-01-21 16:00:00-05:00,271.41,258.98,-0.0,12.43
2025-01-21 17:00:00-05:00,338.56,318.46,4.5,15.6
2025-01-21 18:00:00-05:00,328.71,308.76,5.43,14.52
2025-01-21 19:00:00-05:00,295.31,279.27000000000004,2.08,13.96
2025-01-21 20:00:00-05:00,263.66,251.13,-0.02,12.55
2025-01-21 21:00:00-05:00,251.4,239.89,-0.0,11.51
2025-01-21 22:00:00-05:00,238.86,228.57,-0.0,10.29
2025-01-21 23:00:00-05:00,234.53,225.29,-0.0,9.24
2025-01-22 00:00:00-05:00,212.34,203.78,-0.0,8.56
2025-01-22 01:00:00-05:00,208.15,199.18,-0.0,8.97
2025-01-22 02:00:00-05:00,203.45,195.07,-0.0,8.38
2025-01-22 03:00:00-05:00,202.76,194.02,-0.0,8.74
2025-01-22 04:00:00-05:00,215.69,207.19,-0.0,8.5
2025-01-22 05:00:00-05:00,225.39,216.30999999999997,-0.0,9.08
2025-01-22 06:00:00-05:00,294.21,282.34999999999997,-0.0,11.86
2025-01-22 07:00:00-05:00,315.4,301.52,-0.0,13.88
2025-01-22 08:00:00-05:00,288.94,275.45,-0.0,13.49
2025-01-22 09:00:00-05:00,259.58,246.52,-0.0,13.06
2025-01-22 10:00:00-05:00,233.03,220.26,-0.0,12.77
2025-01-22 11:00:00-05:00,219.93,208.47,-0.0,11.46
2025-01-22 12:00:00-05:00,216.79,205.69,-0.0,11.1
2025-01-22 13:00:00-05:00,217.11,205.99,-0.0,11.12
2025-01-22 14:00:00-05:00,219.88,208.62,-0.0,11.26
2025-01-22 15:00:00-05:00,243.49,229.71,-0.0,13.78
2025-01-22 16:00:00-05:00,257.4,243.28999999999996,-0.0,14.11
2025-01-22 17:00:00-05:00,311.47,294.35,0.05,17.07
2025-01-22 18:00:00-05:00,302.09,284.87999999999994,0.98,16.23
2025-01-22 19:00:00-05:00,274.4,259.35999999999996,-0.0,15.04
2025-01-22 20:00:00-05:00,257.3,243.43,-0.0,13.87
2025-01-22 21:00:00-05:00,239.27,227.02,-0.0,12.25
2025-01-22 22:00:00-05:00,225.54,214.8,-0.0,10.74
2025-01-22 23:00:00-05:00,217.61,208.23,-0.0,9.38
2025-01-23 00:00:00-05:00,172.0,162.26,-0.0,9.74
2025-01-23 01:00:00-05:00,165.44,155.93,-0.0,9.51
2025-01-23 02:00:00-05:00,162.98,153.45999999999998,-0.0,9.52
2025-01-23 03:00:00-05:00,161.05,151.93,-0.0,9.12
2025-01-23 04:00:00-05:00,165.35,156.14,-0.0,9.21
2025-01-23 05:00:00-05:00,172.67,162.27999999999997,-0.0,10.39
2025-01-23 06:00:00-05:00,205.0,178.07,15.0,11.93
2025-01-23 07:00:00-05:00,215.44,182.14,20.37,12.93
2025-01-23 08:00:00-05:00,203.97,174.89,15.8,13.28
2025-01-23 09:00:00-05:00,196.02,182.34,-0.0,13.68
2025-01-23 10:00:00-05:00,167.22,156.72,-0.0,10.5
2025-01-23 11:00:00-05:00,153.37,143.74,-0.0,9.63
2025-01-23 12:00:00-05:00,153.48,144.12,-0.0,9.36
2025-01-23 13:00:00-05:00,147.24,138.38,-0.0,8.86
2025-01-23 14:00:00-05:00,146.23,137.31,-0.0,8.92
2025-01-23 15:00:00-05:00,157.23,147.5,-0.0,9.73
2025-01-23 16:00:00-05:00,172.75,161.75,-0.0,11.0
2025-01-23 17:00:00-05:00,197.03,182.68,1.57,12.78
2025-01-23 18:00:00-05:00,193.57,177.31,3.85,12.41
2025-01-23 19:00:00-05:00,178.16,166.67,-0.0,11.49
2025-01-23 20:00:00-05:00,172.41,161.29,-0.0,11.12
2025-01-23 21:00:00-05:00,164.68,154.19,-0.0,10.49
2025-01-23 22:00:00-05:00,158.36,148.56,-0.0,9.8
2025-01-23 23:00:00-05:00,157.2,147.88,-0.0,9.32
2025-01-24 00:00:00-05:00,149.02,100.5,41.68,6.84
2025-01-24 01:00:00-05:00,140.63,96.78,37.37,6.48
2025-01-24 02:00:00-05:00,125.08,97.55,20.99,6.54
2025-01-24 03:00:00-05:00,130.8,112.5,10.76,7.54
2025-01-24 04:00:00-05:00,135.89,111.17,17.16,7.56
2025-01-24 05:00:00-05:00,149.77,129.94,10.99,8.84
2025-01-24 06:00:00-05:00,177.73,167.35,-0.0,10.38
2025-01-24 07:00:00-05:00,190.26,174.07,5.57,10.62
2025-01-24 08:00:00-05:00,183.4,172.21,-0.0,11.19
2025-01-24 09:00:00-05:00,162.74,129.9,23.23,9.61
2025-01-24 10:00:00-05:00,128.12,109.03,11.46,7.63
2025-01-24 11:00:00-05:00,125.0,99.93,18.18,6.89
2025-01-24 12:00:00-05:00,121.26,100.72,13.6,6.94
2025-01-24 13:00:00-05:00,118.78,97.43,14.63,6.72
2025-01-24 14:00:00-05:00,119.12,100.82,11.14,7.16
2025-01-24 15:00:00-05:00,131.53,104.44,19.57,7.52
2025-01-24 16:00:00-05:00,148.39,111.23,28.93,8.23
2025-01-24 17:00:00-05:00,178.85,132.64,35.73,10.48
2025-01-24 18:00:00-05:00,175.66,132.36999999999998,32.96,10.33
2025-01-24 19:00:00-05:00,164.84,109.19,47.46,8.19
2025-01-24 20:00:00-05:00,155.27,102.72,44.95,7.6
2025-01-24 21:00:00-05:00,134.79,110.66,16.06,8.07
2025-01-24 22:00:00-05:00,124.37,100.51,16.62,7.24
2025-01-24 23:00:00-05:00,133.86,100.31000000000002,26.73,6.82
2025-01-25 00:00:00-05:00,157.15,97.35,53.09,6.71
2025-01-25 01:00:00-05:00,150.24,116.71,25.71,7.82
2025-01-25 02:00:00-05:00,146.68,121.99,16.64,8.05
2025-01-25 03:00:00-05:00,146.61,137.53,-0.0,9.08
2025-01-25 04:00:00-05:00,150.71,141.52,-0.0,9.19
2025-01-25 05:00:00-05:00,159.27,149.68,-0.0,9.59
2025-01-25 06:00:00-05:00,172.91,133.02999999999997,31.24,8.64
2025-01-25 07:00:00-05:00,190.12,130.34,51.18,8.6
2025-01-25 08:00:00-05:00,177.97,137.15,31.22,9.6
2025-01-25 09:00:00-05:00,156.9,109.56,39.35,7.99
2025-01-25 10:00:00-05:00,129.85,100.35,22.67,6.83
2025-01-25 11:00:00-05:00,115.77,87.8,22.09,5.88
2025-01-25 12:00:00-05:00,111.8,87.53,18.49,5.78
2025-01-25 13:00:00-05:00,110.91,87.28,18.04,5.59
2025-01-25 14:00:00-05:00,116.46,87.44,23.42,5.6
2025-01-25 15:00:00-05:00,125.2,87.62,31.89,5.69
2025-01-25 16:00:00-05:00,140.18,87.82,46.31,6.05
2025-01-25 17:00:00-05:00,158.88,88.17,64.36,6.35
2025-01-25 18:00:00-05:00,156.34,88.26,61.64,6.44
2025-01-25 19:00:00-05:00,143.93,81.80000000000001,56.49,5.64
2025-01-25 20:00:00-05:00,141.81,76.68,59.91,5.22
2025-01-25 21:00:00-05:00,125.21,73.10999999999999,47.2,4.9
2025-01-25 22:00:00-05:00,122.8,72.28999999999999,45.74,4.77
2025-01-25 23:00:00-05:00,126.03,72.16,49.54,4.33
2025-01-26 00:00:00-05:00,127.73,87.62,34.68,5.43
2025-01-26 01:00:00-05:00,106.85,85.25,16.4,5.2
2025-01-26 02:00:00-05:00,106.91,81.81,20.27,4.83
2025-01-26 03:00:00-05:00,98.18,81.81,11.54,4.83
2025-01-26 04:00:00-05:00,99.0,80.96,13.26,4.78
2025-01-26 05:00:00-05:00,107.46,73.28,29.93,4.25
2025-01-26 06:00:00-05:00,112.7,81.22,26.53,4.95
2025-01-26 07:00:00-05:00,102.83,71.92,26.67,4.24
2025-01-26 08:00:00-05:00,106.05,78.03,23.02,5.0
2025-01-26 09:00:00-05:00,110.43,81.30000000000001,23.85,5.28
2025-01-26 10:00:00-05:00,94.98,72.86,17.31,4.81
2025-01-26 11:00:00-05:00,101.86,75.07,21.98,4.81
2025-01-26 12:00:00-05:00,99.09,72.16,22.31,4.62
2025-01-26 13:00:00-05:00,96.04,72.15,19.27,4.62
2025-01-26 14:00:00-05:00,98.7,72.3,21.92,4.48
2025-01-26 15:00:00-05:00,94.48,81.14000000000001,8.07,5.27
2025-01-26 16:00:00-05:00,103.11,83.42,14.27,5.42
2025-01-26 17:00:00-05:00,129.7,88.07,35.82,5.81
2025-01-26 18:00:00-05:00,148.3,88.07000000000001,54.33,5.9
2025-01-26 19:00:00-05:00,115.72,87.62,22.32,5.78
2025-01-26 20:00:00-05:00,104.43,87.8,10.84,5.79
2025-01-26 21:00:00-05:00,98.9,80.96000000000001,12.75,5.19
2025-01-26 22:00:00-05:00,92.5,78.05,9.69,4.76
2025-01-26 23:00:00-05:00,90.73,72.0,14.48,4.25
2025-01-27 00:00:00-05:00,103.22,81.22,17.13,4.87
2025-01-27 01:00:00-05:00,86.7,71.93,10.53,4.24
2025-01-27 02:00:00-05:00,85.78,71.7,9.92,4.16
2025-01-27 03:00:00-05:00,85.83,71.78,9.89,4.16
2025-01-27 04:00:00-05:00,89.11,71.99,12.87,4.25
2025-01-27 05:00:00-05:00,96.54,72.15,19.99,4.4
2025-01-27 06:00:00-05:00,117.78,87.24,24.95,5.59
2025-01-27 07:00:00-05:00,165.37,87.97000000000001,71.51,5.89
2025-01-27 08:00:00-05:00,136.94,88.25,42.25,6.44
2025-01-27 09:00:00-05:00,122.45,73.63,43.74,5.08
2025-01-27 10:00:00-05:00,101.89,71.71,25.45,4.73
2025-01-27 11:00:00-05:00,97.02,71.7,20.52,4.8
2025-01-27 12:00:00-05:00,92.05,71.85,15.46,4.74
2025-01-27 13:00:00-05:00,89.02,71.77,12.51,4.74
2025-01-27 14:00:00-05:00,83.91,71.78,7.25,4.88
2025-01-27 15:00:00-05:00,98.21,71.91999999999999,21.47,4.82
2025-01-27 16:00:00-05:00,111.87,71.91000000000001,35.0,4.96
2025-01-27 17:00:00-05:00,159.06,82.69,70.41,5.96
2025-01-27 18:00:00-05:00,154.95,80.56999999999998,68.58,5.8
2025-01-27 19:00:00-05:00,124.53,72.29,47.11,5.13
2025-01-27 20:00:00-05:00,112.1,75.69,31.11,5.3
2025-01-27 21:00:00-05:00,98.59,72.06,21.7,4.83
2025-01-27 22:00:00-05:00,104.08,71.85000000000001,27.63,4.6
2025-01-27 23:00:00-05:00,103.46,71.69999999999999,27.53,4.23
2025-01-28 00:00:00-05:00,108.15,71.41,32.31,4.43
2025-01-28 01:00:00-05:00,106.68,71.34,31.06,4.28
2025-01-28 02:00:00-05:00,102.78,71.27,27.31,4.2
2025-01-28 03:00:00-05:00,100.63,71.28,25.15,4.2
2025-01-28 04:00:00-05:00,110.76,71.55000000000001,34.99,4.22
2025-01-28 05:00:00-05:00,114.2,72.0,37.66,4.54
2025-01-28 06:00:00-05:00,126.94,78.66999999999999,43.23,5.04
2025-01-28 07:00:00-05:00,159.52,87.53,66.12,5.87
2025-01-28 08:00:00-05:00,142.85,87.97999999999999,48.62,6.25
2025-01-28 09:00:00-05:00,123.69,87.61999999999999,29.76,6.31
2025-01-28 10:00:00-05:00,119.79,87.80000000000001,25.75,6.24
2025-01-28 11:00:00-05:00,115.78,87.81,21.83,6.14
2025-01-28 12:00:00-05:00,112.21,87.69999999999999,18.46,6.05
2025-01-28 13:00:00-05:00,110.57,86.13,18.67,5.77
2025-01-28 14:00:00-05:00,112.8,87.62,18.96,6.22
2025-01-28 15:00:00-05:00,129.68,88.16000000000001,35.0,6.52
2025-01-28 16:00:00-05:00,154.2,88.25999999999999,59.24,6.7
2025-01-28 17:00:00-05:00,193.28,168.17999999999998,12.33,12.77
2025-01-28 18:00:00-05:00,188.72,170.57,5.35,12.8
2025-01-28 19:00:00-05:00,168.5,116.11,43.68,8.71
2025-01-28 20:00:00-05:00,165.54,140.78,14.76,10.0
2025-01-28 21:00:00-05:00,140.79,104.17999999999998,29.21,7.4
2025-01-28 22:00:00-05:00,124.04,87.53,30.47,6.04
2025-01-28 23:00:00-05:00,121.79,87.17,29.12,5.5
2025-01-29 00:00:00-05:00,118.89,95.16,18.5,5.23
2025-01-29 01:00:00-05:00,107.43,88.65,14.08,4.7
2025-01-29 02:00:00-05:00,102.83,87.99000000000001,10.35,4.49
2025-01-29 03:00:00-05:00,101.49,82.46,14.83,4.2
2025-01-29 04:00:00-05:00,102.11,91.18,6.19,4.74
2025-01-29 05:00:00-05:00,102.06,91.63,5.39,5.04
2025-01-29 06:00:00-05:00,140.59,80.09000000000002,55.61,4.89
2025-01-29 07:00:00-05:00,172.75,72.32000000000001,95.8,4.63
2025-01-29 08:00:00-05:00,154.79,79.75999999999999,69.69,5.34
2025-01-29 09:00:00-05:00,143.43,92.28,45.24,5.91
2025-01-29 10:00:00-05:00,136.56,121.37,7.66,7.53
2025-01-29 11:00:00-05:00,129.12,117.42,4.42,7.28
2025-01-29 12:00:00-05:00,126.27,119.24,-0.0,7.03
2025-01-29 13:00:00-05:00,124.72,117.49,0.3,6.93
2025-01-29 14:00:00-05:00,120.4,113.48,-0.0,6.92
2025-01-29 15:00:00-05:00,130.09,122.38,-0.0,7.71
2025-01-29 16:00:00-05:00,144.94,135.84,-0.0,9.1
2025-01-29 17:00:00-05:00,167.17,93.03,67.63,6.51
2025-01-29 18:00:00-05:00,164.45,102.76999999999998,54.38,7.3
2025-01-29 19:00:00-05:00,158.19,94.58,56.89,6.72
2025-01-29 20:00:00-05:00,147.25,122.99,15.89,8.37
2025-01-29 21:00:00-05:00,138.12,124.16,5.89,8.07
2025-01-29 22:00:00-05:00,125.8,117.0,1.9,6.9
2025-01-29 23:00:00-05:00,115.11,104.0,5.08,6.03
2025-01-30 00:00:00-05:00,108.1,102.26,0.01,5.83
2025-01-30 01:00:00-05:00,99.95,94.74,-0.0,5.21
2025-01-30 02:00:00-05:00,96.97,92.01,-0.0,4.96
2025-01-30 03:00:00-05:00,98.92,93.94,-0.0,4.98
2025-01-30 04:00:00-05:00,105.38,99.88,0.01,5.49
2025-01-30 05:00:00-05:00,107.44,96.59,4.76,6.09
2025-01-30 06:00:00-05:00,157.92,69.45999999999998,83.81,4.65
2025-01-30 07:00:00-05:00,196.3,88.24000000000001,102.06,6.0
2025-01-30 08:00:00-05:00,157.99,102.18000000000002,48.86,6.95
2025-01-30 09:00:00-05:00,138.0,87.63,44.24,6.13
2025-01-30 10:00:00-05:00,105.42,87.08,12.59,5.75
2025-01-30 11:00:00-05:00,95.0,87.26,1.8,5.94
2025-01-30 12:00:00-05:00,81.95,75.91000000000001,1.11,4.93
2025-01-30 13:00:00-05:00,76.01,71.37,-0.0,4.64
2025-01-30 14:00:00-05:00,88.64,66.52,17.86,4.26
2025-01-30 15:00:00-05:00,76.08,71.17,-0.0,4.91
2025-01-30 16:00:00-05:00,141.43,78.69,57.31,5.43
2025-01-30 17:00:00-05:00,150.36,87.25,56.74,6.37
2025-01-30 18:00:00-05:00,167.89,87.35999999999997,73.98,6.55
2025-01-30 19:00:00-05:00,144.36,79.89,58.64,5.83
2025-01-30 20:00:00-05:00,136.5,109.92,18.89,7.69
2025-01-30 21:00:00-05:00,124.38,114.64,2.4,7.34
2025-01-30 22:00:00-05:00,100.05,94.3,-0.0,5.75
2025-01-30 23:00:00-05:00,91.93,74.96000000000001,12.7,4.27
2025-01-31 00:00:00-05:00,76.62,66.16000000000001,7.02,3.44
2025-01-31 01:00:00-05:00,77.8,69.50999999999999,4.82,3.47
2025-01-31 02:00:00-05:00,77.84,69.37,5.07,3.4
2025-01-31 03:00:00-05:00,78.44,67.66999999999999,7.32,3.45
2025-01-31 04:00:00-05:00,77.39,73.43,-0.0,3.96
2025-01-31 05:00:00-05:00,81.04,76.92,0.12,4.0
2025-01-31 06:00:00-05:00,93.72,88.58,-0.0,5.14
2025-01-31 07:00:00-05:00,119.42,98.35,15.17,5.9
2025-01-31 08:00:00-05:00,127.24,119.81,-0.0,7.43
2025-01-31 09:00:00-05:00,149.03,140.73,-0.0,8.3
2025-01-31 10:00:00-05:00,139.66,132.13,-0.0,7.53
2025-01-31 11:00:00-05:00,133.27,125.37,-0.0,7.9
2025-01-31 12:00:00-05:00,115.86,107.93,0.81,7.12
2025-01-31 13:00:00-05:00,97.01,87.28,4.14,5.59
2025-01-31 14:00:00-05:00,101.72,87.19,8.95,5.58
2025-01-31 15:00:00-05:00,104.49,87.1,11.81,5.58
2025-01-31 16:00:00-05:00,96.76,86.83000000000001,4.55,5.38
2025-01-31 17:00:00-05:00,100.05,86.99999999999999,7.48,5.57
2025-01-31 18:00:00-05:00,88.68,79.01000000000002,4.85,4.82
2025-01-31 19:00:00-05:00,85.21,71.41,9.44,4.36
2025-01-31 20:00:00-05:00,92.1,71.48999999999998,16.1,4.51
2025-01-31 21:00:00-05:00,77.55,71.19999999999999,2.15,4.2
2025-01-31 22:00:00-05:00,75.48,71.2,0.15,4.13
2025-01-31 23:00:00-05:00,75.04,71.13000000000001,-0.0,3.91
2025-02-01 00:00:00-05:00,66.66,63.91,-0.0,2.75
2025-02-01 01:00:00-05:00,54.6,52.5,-0.0,2.1
2025-02-01 02:00:00-05:00,48.11,46.48,-0.0,1.63
2025-02-01 03:00:00-05:00,46.32,44.84,-0.0,1.48
2025-02-01 04:00:00-05:00,47.33,45.82,-0.0,1.51
2025-02-01 05:00:00-05:00,49.6,48.06,-0.0,1.54
2025-02-01 06:00:00-05:00,55.0,53.45,-0.0,1.55
2025-02-01 07:00:00-05:00,57.96,56.16,-0.0,1.8
2025-02-01 08:00:00-05:00,61.15,59.08,-0.0,2.07
2025-02-01 09:00:00-05:00,69.1,67.08999999999999,-0.0,2.01
2025-02-01 10:00:00-05:00,72.9,70.5,-0.0,2.4
2025-02-01 11:00:00-05:00,64.71,62.64999999999999,-0.0,2.06
2025-02-01 12:00:00-05:00,60.06,58.2,-0.0,1.86
2025-02-01 13:00:00-05:00,63.33,61.309999999999995,-0.0,2.02
2025-02-01 14:00:00-05:00,59.27,57.38,-0.0,1.89
2025-02-01 15:00:00-05:00,69.95,67.72,-0.0,2.23
2025-02-01 16:00:00-05:00,75.71,72.44999999999999,-0.0,3.26
2025-02-01 17:00:00-05:00,98.81,94.02,-0.0,4.79
2025-02-01 18:00:00-05:00,103.41,96.39,2.2,4.82
2025-02-01 19:00:00-05:00,96.24,90.78,0.83,4.63
2025-02-01 20:00:00-05:00,91.52,86.83,-0.0,4.69
2025-02-01 21:00:00-05:00,82.08,78.17,-0.0,3.91
2025-02-01 22:00:00-05:00,74.85,71.41999999999999,-0.0,3.43
2025-02-01 23:00:00-05:00,82.73,79.54,-0.0,3.19
2025-02-02 00:00:00-05:00,103.35,98.98,0.41,3.96
2025-02-02 01:00:00-05:00,94.12,89.62,1.01,3.49
2025-02-02 02:00:00-05:00,80.06,75.97,1.2,2.89
2025-02-02 03:00:00-05:00,74.26,69.45,2.17,2.64
2025-02-02 04:00:00-05:00,69.2,63.84,3.0,2.36
2025-02-02 05:00:00-05:00,71.4,67.62000000000002,1.21,2.57
2025-02-02 06:00:00-05:00,80.81,72.63000000000001,5.13,3.05
2025-02-02 07:00:00-05:00,85.25,76.09,5.66,3.5
2025-02-02 08:00:00-05:00,89.07,77.33999999999999,7.86,3.87
2025-02-02 09:00:00-05:00,85.55,73.26,8.77,3.52
2025-02-02 10:00:00-05:00,71.98,65.52,3.51,2.95
2025-02-02 11:00:00-05:00,75.15,71.83,0.01,3.31
2025-02-02 12:00:00-05:00,69.97,66.82,0.01,3.14
2025-02-02 13:00:00-05:00,69.75,66.49,-0.0,3.26
2025-02-02 14:00:00-05:00,69.54,66.23,-0.0,3.31
2025-02-02 15:00:00-05:00,75.32,71.6,-0.0,3.72
2025-02-02 16:00:00-05:00,90.16,84.10999999999999,1.26,4.79
2025-02-02 17:00:00-05:00,108.76,100.09000000000002,3.07,5.6
2025-02-02 18:00:00-05:00,110.57,95.28,9.67,5.62
2025-02-02 19:00:00-05:00,94.21,86.86999999999999,2.22,5.12
2025-02-02 20:00:00-05:00,83.41,76.71,2.33,4.37
2025-02-02 21:00:00-05:00,70.14,65.38,1.23,3.53
2025-02-02 22:00:00-05:00,60.61,57.5,0.01,3.1
2025-02-02 23:00:00-05:00,56.21,52.78,1.0,2.43
2025-02-03 00:00:00-05:00,73.18,70.57000000000001,-0.0,2.61
2025-02-03 01:00:00-05:00,69.33,66.85,-0.0,2.48
2025-02-03 02:00:00-05:00,68.86,66.34,-0.0,2.52
2025-02-03 03:00:00-05:00,71.02,68.42,-0.0,2.6
2025-02-03 04:00:00-05:00,71.77,69.21,-0.0,2.56
2025-02-03 05:00:00-05:00,73.75,70.91,-0.0,2.84
2025-02-03 06:00:00-05:00,74.98,71.41000000000001,-0.0,3.57
2025-02-03 07:00:00-05:00,82.83,71.58,7.46,3.79
2025-02-03 08:00:00-05:00,80.33,71.86,4.45,4.02
2025-02-03 09:00:00-05:00,78.03,71.99000000000001,1.94,4.1
2025-02-03 10:00:00-05:00,76.24,71.71,0.88,3.65
2025-02-03 11:00:00-05:00,74.62,71.27000000000001,-0.0,3.35
2025-02-03 12:00:00-05:00,74.33,71.13,-0.0,3.2
2025-02-03 13:00:00-05:00,74.11,70.99,-0.0,3.12
2025-02-03 14:00:00-05:00,70.92,67.8,-0.0,3.12
2025-02-03 15:00:00-05:00,73.27,70.05,-0.0,3.22
2025-02-03 16:00:00-05:00,73.22,69.67,-0.0,3.55
2025-02-03 17:00:00-05:00,75.85,71.63,-0.0,4.22
2025-02-03 18:00:00-05:00,77.11,71.86,0.94,4.31
2025-02-03 19:00:00-05:00,75.12,71.27000000000001,-0.0,3.85
2025-02-03 20:00:00-05:00,74.61,71.06,-0.0,3.55
2025-02-03 21:00:00-05:00,72.37,69.32000000000001,-0.0,3.05
2025-02-03 22:00:00-05:00,59.54,57.14,-0.0,2.4
2025-02-03 23:00:00-05:00,55.73,53.69,-0.0,2.04
2025-02-04 00:00:00-05:00,66.18,64.07000000000001,-0.0,2.11
2025-02-04 01:00:00-05:00,63.94,61.96,-0.0,1.98
2025-02-04 02:00:00-05:00,63.65,61.73,-0.0,1.92
2025-02-04 03:00:00-05:00,59.95,58.21,-0.0,1.74
2025-02-04 04:00:00-05:00,62.39,60.69,-0.0,1.7
2025-02-04 05:00:00-05:00,65.18,63.220000000000006,-0.0,1.96
2025-02-04 06:00:00-05:00,74.2,71.06,0.37,2.77
2025-02-04 07:00:00-05:00,77.72,71.55999999999999,2.73,3.43
2025-02-04 08:00:00-05:00,77.76,71.78,2.03,3.95
2025-02-04 09:00:00-05:00,74.7,71.35000000000001,-0.0,3.35
2025-02-04 10:00:00-05:00,72.5,69.58,-0.0,2.92
2025-02-04 11:00:00-05:00,64.44,61.66,-0.0,2.78
2025-02-04 12:00:00-05:00,61.6,59.010000000000005,-0.0,2.59
2025-02-04 13:00:00-05:00,64.15,61.45,-0.0,2.7
2025-02-04 14:00:00-05:00,70.13,66.92,-0.0,3.21
2025-02-04 15:00:00-05:00,73.03,69.49,-0.0,3.54
2025-02-04 16:00:00-05:00,79.26,74.11000000000001,0.63,4.52
2025-02-04 17:00:00-05:00,106.91,88.42,12.39,6.1
2025-02-04 18:00:00-05:00,110.93,91.06,13.59,6.28
2025-02-04 19:00:00-05:00,102.93,88.42000000000002,8.41,6.1
2025-02-04 20:00:00-05:00,94.53,83.49,5.62,5.42
2025-02-04 21:00:00-05:00,77.5,72.03,1.73,3.74
2025-02-04 22:00:00-05:00,75.39,71.57000000000001,0.6,3.22
2025-02-04 23:00:00-05:00,75.33,71.35,1.05,2.93
2025-02-05 00:00:00-05:00,94.99,90.12,0.91,3.96
2025-02-05 01:00:00-05:00,97.92,94.15,-0.0,3.77
2025-02-05 02:00:00-05:00,94.08,90.72,-0.0,3.36
2025-02-05 03:00:00-05:00,94.3,91.11,-0.0,3.19
2025-02-05 04:00:00-05:00,107.65,103.91,-0.0,3.74
2025-02-05 05:00:00-05:00,123.54,119.13,-0.0,4.41
2025-02-05 06:00:00-05:00,146.15,140.52,-0.0,5.63
2025-02-05 07:00:00-05:00,173.87,166.79,0.24,6.84
2025-02-05 08:00:00-05:00,160.86,154.67000000000002,-0.0,6.19
2025-02-05 09:00:00-05:00,141.61,135.9,-0.0,5.71
2025-02-05 10:00:00-05:00,133.88,128.6,-0.0,5.28
2025-02-05 11:00:00-05:00,120.67,115.47,-0.0,5.2
2025-02-05 12:00:00-05:00,113.54,108.65,-0.0,4.89
2025-02-05 13:00:00-05:00,115.03,110.29,-0.0,4.74
2025-02-05 14:00:00-05:00,121.63,116.39,-0.0,5.24
2025-02-05 15:00:00-05:00,133.01,127.41,-0.0,5.6
2025-02-05 16:00:00-05:00,149.38,142.54,-0.0,6.84
2025-02-05 17:00:00-05:00,184.26,174.98999999999998,-0.0,9.27
2025-02-05 18:00:00-05:00,191.56,181.75,-0.0,9.81
2025-02-05 19:00:00-05:00,169.34,160.67000000000002,-0.0,8.67
2025-02-05 20:00:00-05:00,151.51,143.48,-0.0,8.03
2025-02-05 21:00:00-05:00,138.86,132.0,-0.0,6.86
2025-02-05 22:00:00-05:00,123.94,118.15,-0.0,5.79
2025-02-05 23:00:00-05:00,121.24,110.69,5.68,4.87
2025-02-06 00:00:00-05:00,86.33,72.32,10.75,3.26
2025-02-06 01:00:00-05:00,82.48,72.62,6.3,3.56
2025-02-06 02:00:00-05:00,81.73,72.17,6.39,3.17
2025-02-06 03:00:00-05:00,81.87,72.24000000000001,6.38,3.25
2025-02-06 04:00:00-05:00,85.36,72.31,9.79,3.26
2025-02-06 05:00:00-05:00,82.05,72.24,6.41,3.4
2025-02-06 06:00:00-05:00,98.3,83.05,10.85,4.4
2025-02-06 07:00:00-05:00,157.62,140.14,10.2,7.28
2025-02-06 08:00:00-05:00,152.69,134.01,11.18,7.5
2025-02-06 09:00:00-05:00,130.57,98.59,25.77,6.21
2025-02-06 10:00:00-05:00,131.87,107.72,17.8,6.35
2025-02-06 11:00:00-05:00,128.29,105.06,16.71,6.52
2025-02-06 12:00:00-05:00,122.34,87.34,29.58,5.42
2025-02-06 13:00:00-05:00,125.29,72.98,47.78,4.53
2025-02-06 14:00:00-05:00,118.89,72.92,41.45,4.52
2025-02-06 15:00:00-05:00,113.94,74.37,34.88,4.69
2025-02-06 16:00:00-05:00,116.38,72.52000000000001,39.29,4.57
2025-02-06 17:00:00-05:00,127.59,72.81,50.05,4.73
2025-02-06 18:00:00-05:00,123.39,72.74,45.92,4.73
2025-02-06 19:00:00-05:00,113.78,72.50999999999999,36.85,4.42
2025-02-06 20:00:00-05:00,94.39,72.44,17.68,4.27
2025-02-06 21:00:00-05:00,78.5,71.14,3.52,3.84
2025-02-06 22:00:00-05:00,70.28,66.56,-0.0,3.72
2025-02-06 23:00:00-05:00,66.57,62.279999999999994,1.11,3.18
2025-02-07 00:00:00-05:00,61.31,58.56,-0.0,2.75
2025-02-07 01:00:00-05:00,56.57,53.83,-0.0,2.74
2025-02-07 02:00:00-05:00,56.52,53.830000000000005,-0.0,2.69
2025-02-07 03:00:00-05:00,56.1,53.48,-0.0,2.62
2025-02-07 04:00:00-05:00,56.01,53.39,-0.0,2.62
2025-02-07 05:00:00-05:00,57.66,55.059999999999995,0.01,2.59
2025-02-07 06:00:00-05:00,79.36,67.59,8.32,3.45
2025-02-07 07:00:00-05:00,82.45,72.42999999999999,6.04,3.98
2025-02-07 08:00:00-05:00,82.31,72.38000000000001,6.02,3.91
2025-02-07 09:00:00-05:00,68.13,64.39999999999999,0.25,3.48
2025-02-07 10:00:00-05:00,67.26,63.760000000000005,-0.0,3.5
2025-02-07 11:00:00-05:00,64.95,61.620000000000005,-0.0,3.33
2025-02-07 12:00:00-05:00,64.21,61.14999999999999,-0.0,3.06
2025-02-07 13:00:00-05:00,63.45,60.32,-0.0,3.13
2025-02-07 14:00:00-05:00,60.78,57.72,-0.0,3.06
2025-02-07 15:00:00-05:00,67.44,64.05,-0.0,3.39
2025-02-07 16:00:00-05:00,77.09,72.66,-0.0,4.43
2025-02-07 17:00:00-05:00,89.12,73.34,10.94,4.84
2025-02-07 18:00:00-05:00,97.64,73.35000000000001,19.38,4.91
2025-02-07 19:00:00-05:00,86.91,72.94999999999999,9.29,4.67
2025-02-07 20:00:00-05:00,82.11,72.96000000000001,4.55,4.6
2025-02-07 21:00:00-05:00,77.02,72.66,-0.0,4.36
2025-02-07 22:00:00-05:00,76.19,72.36,-0.0,3.83
2025-02-07 23:00:00-05:00,79.77,72.64999999999999,3.34,3.78
2025-02-08 00:00:00-05:00,67.66,63.49,0.68,3.49
2025-02-08 01:00:00-05:00,64.28,60.99,-0.0,3.29
2025-02-08 02:00:00-05:00,64.4,61.040000000000006,-0.0,3.36
2025-02-08 03:00:00-05:00,69.02,65.42,-0.0,3.6
2025-02-08 04:00:00-05:00,72.48,68.64,-0.0,3.84
2025-02-08 05:00:00-05:00,73.89,70.11,-0.0,3.78
2025-02-08 06:00:00-05:00,72.21,68.33999999999999,0.11,3.76
2025-02-08 07:00:00-05:00,75.01,71.10000000000001,-0.0,3.91
2025-02-08 08:00:00-05:00,78.92,74.95,-0.0,3.97
2025-02-08 09:00:00-05:00,79.49,75.41999999999999,-0.0,4.07
2025-02-08 10:00:00-05:00,84.2,79.74000000000001,-0.0,4.46
2025-02-08 11:00:00-05:00,81.96,77.53999999999999,-0.0,4.42
2025-02-08 12:00:00-05:00,74.87,70.77000000000001,-0.0,4.1
2025-02-08 13:00:00-05:00,64.39,60.86,-0.0,3.53
2025-02-08 14:00:00-05:00,74.59,70.5,-0.0,4.09
2025-02-08 15:00:00-05:00,83.69,77.02999999999999,2.43,4.23
2025-02-08 16:00:00-05:00,93.76,84.79,4.14,4.83
2025-02-08 17:00:00-05:00,101.51,91.55,4.56,5.4
2025-02-08 18:00:00-05:00,102.1,92.15,4.42,5.53
2025-02-08 19:00:00-05:00,90.72,78.24,7.86,4.62
2025-02-08 20:00:00-05:00,93.03,82.30000000000001,5.96,4.77
2025-02-08 21:00:00-05:00,81.97,71.91,6.11,3.95
2025-02-08 22:00:00-05:00,77.61,73.57,-0.0,4.04
2025-02-08 23:00:00-05:00,75.98,72.43,-0.0,3.55
2025-02-09 00:00:00-05:00,68.8,65.38,0.41,3.01
2025-02-09 01:00:00-05:00,67.38,64.85,-0.0,2.53
2025-02-09 02:00:00-05:00,67.51,64.85000000000001,-0.0,2.66
2025-02-09 03:00:00-05:00,66.92,64.66,-0.0,2.26
2025-02-09 04:00:00-05:00,66.79,64.59,-0.0,2.2
2025-02-09 05:00:00-05:00,67.05,64.72,-0.0,2.33
2025-02-09 06:00:00-05:00,67.45,64.98,-0.0,2.47
2025-02-09 07:00:00-05:00,67.61,64.86,0.29,2.46
2025-02-09 08:00:00-05:00,70.0,65.25,2.01,2.74
2025-02-09 09:00:00-05:00,76.55,67.39,6.06,3.1
2025-02-09 10:00:00-05:00,78.8,69.45,6.22,3.13
2025-02-09 11:00:00-05:00,71.6,65.52,3.06,3.02
2025-02-09 12:00:00-05:00,70.77,65.17,2.66,2.94
2025-02-09 13:00:00-05:00,70.64,65.11,2.67,2.86
2025-02-09 14:00:00-05:00,67.6,65.05,-0.31,2.86
2025-02-09 15:00:00-05:00,74.42,67.4,3.72,3.3
2025-02-09 16:00:00-05:00,79.71,77.69,-1.94,3.96
2025-02-09 17:00:00-05:00,95.0,88.69,1.61,4.7
2025-02-09 18:00:00-05:00,98.52,86.65,7.02,4.85
2025-02-09 19:00:00-05:00,90.33,81.57,4.28,4.48
2025-02-09 20:00:00-05:00,84.3,78.41,1.5,4.39
2025-02-09 21:00:00-05:00,79.96,73.25999999999999,2.75,3.95
2025-02-09 22:00:00-05:00,72.04,65.86,2.89,3.29
2025-02-09 23:00:00-05:00,70.53,65.22999999999999,2.62,2.68
2025-02-10 00:00:00-05:00,75.45,70.84,1.07,3.54
2025-02-10 01:00:00-05:00,74.29,70.47000000000001,0.44,3.38
2025-02-10 02:00:00-05:00,74.03,70.32000000000001,0.47,3.24
2025-02-10 03:00:00-05:00,74.36,70.53999999999999,0.43,3.39
2025-02-10 04:00:00-05:00,76.27,70.91,1.74,3.62
2025-02-10 05:00:00-05:00,86.01,79.59,2.36,4.06
2025-02-10 06:00:00-05:00,114.75,106.38,2.31,6.06
2025-02-10 07:00:00-05:00,171.06,134.07000000000002,29.76,7.23
2025-02-10 08:00:00-05:00,160.81,146.79999999999998,5.65,8.36
2025-02-10 09:00:00-05:00,133.83,98.18,29.76,5.89
2025-02-10 10:00:00-05:00,119.22,96.94,16.56,5.72
2025-02-10 11:00:00-05:00,99.99,91.16,3.64,5.19
2025-02-10 12:00:00-05:00,107.0,80.69999999999999,21.62,4.68
2025-02-10 13:00:00-05:00,104.75,74.97999999999999,25.35,4.42
2025-02-10 14:00:00-05:00,108.55,70.85,33.52,4.18
2025-02-10 15:00:00-05:00,123.76,71.53,47.94,4.29
2025-02-10 16:00:00-05:00,156.73,96.47,54.57,5.69
2025-02-10 17:00:00-05:00,169.45,96.84,66.7,5.91
2025-02-10 18:00:00-05:00,184.47,97.03,81.32,6.12
2025-02-10 19:00:00-05:00,169.23,96.75,66.58,5.9
2025-02-10 20:00:00-05:00,162.19,96.84,59.34,6.01
2025-02-10 21:00:00-05:00,139.86,85.59000000000003,49.13,5.14
2025-02-10 22:00:00-05:00,122.83,94.78,22.36,5.69
2025-02-10 23:00:00-05:00,116.26,80.07000000000001,31.95,4.24
2025-02-11 00:00:00-05:00,120.34,74.85,41.45,4.04
2025-02-11 01:00:00-05:00,111.4,72.03000000000002,35.41,3.96
2025-02-11 02:00:00-05:00,102.46,73.69999999999999,24.78,3.98
2025-02-11 03:00:00-05:00,98.24,75.3,18.8,4.14
2025-02-11 04:00:00-05:00,109.27,77.03999999999999,28.0,4.23
2025-02-11 05:00:00-05:00,122.51,94.29,22.94,5.28
2025-02-11 06:00:00-05:00,161.32,99.76,55.57,5.99
2025-02-11 07:00:00-05:00,198.14,97.89999999999998,94.56,5.68
2025-02-11 08:00:00-05:00,169.04,97.24,65.67,6.13
2025-02-11 09:00:00-05:00,158.99,81.16000000000003,72.88,4.95
2025-02-11 10:00:00-05:00,136.89,90.05999999999997,41.43,5.4
2025-02-11 11:00:00-05:00,127.12,79.84,42.33,4.95
2025-02-11 12:00:00-05:00,125.23,71.18,49.64,4.41
2025-02-11 13:00:00-05:00,122.9,71.07000000000001,47.42,4.41
2025-02-11 14:00:00-05:00,128.74,71.15,53.18,4.41
2025-02-11 15:00:00-05:00,137.28,78.92,53.55,4.81
2025-02-11 16:00:00-05:00,158.6,97.04,55.44,6.12
2025-02-11 17:00:00-05:00,184.14,97.43999999999996,80.37,6.33
2025-02-11 18:00:00-05:00,179.61,99.16000000000004,73.91,6.54
2025-02-11 19:00:00-05:00,168.15,97.35000000000002,64.57,6.23
2025-02-11 20:00:00-05:00,157.66,97.24,54.29,6.13
2025-02-11 21:00:00-05:00,136.0,96.74,33.55,5.71
2025-02-11 22:00:00-05:00,124.74,96.84,22.19,5.71
2025-02-11 23:00:00-05:00,119.54,97.36,17.02,5.16
2025-02-12 00:00:00-05:00,112.54,107.58,0.01,4.95
2025-02-12 01:00:00-05:00,111.39,99.97,7.12,4.3
2025-02-12 02:00:00-05:00,113.18,108.1,0.65,4.43
2025-02-12 03:00:00-05:00,117.57,113.16,-0.0,4.41
2025-02-12 04:00:00-05:00,119.11,114.75,-0.0,4.36
2025-02-12 05:00:00-05:00,123.9,119.23,0.5,4.17
2025-02-12 06:00:00-05:00,149.21,127.14,16.86,5.21
2025-02-12 07:00:00-05:00,144.1,121.88,16.25,5.97
2025-02-12 08:00:00-05:00,156.69,122.2,28.38,6.11
2025-02-12 09:00:00-05:00,156.17,137.82999999999998,11.86,6.48
2025-02-12 10:00:00-05:00,146.56,137.47,2.76,6.33
2025-02-12 11:00:00-05:00,145.73,138.92,-0.0,6.81
2025-02-12 12:00:00-05:00,128.19,118.12,3.93,6.14
2025-02-12 13:00:00-05:00,113.77,99.54999999999998,8.15,6.07
2025-02-12 14:00:00-05:00,110.29,96.48,8.02,5.79
2025-02-12 15:00:00-05:00,128.07,121.86,-0.0,6.21
2025-02-12 16:00:00-05:00,163.66,155.43,-0.0,8.23
2025-02-12 17:00:00-05:00,182.74,173.71,-0.0,9.03
2025-02-12 18:00:00-05:00,181.88,170.62,2.22,9.04
2025-02-12 19:00:00-05:00,156.95,148.59999999999997,0.33,8.02
2025-02-12 20:00:00-05:00,137.48,130.39,0.18,6.91
2025-02-12 21:00:00-05:00,113.22,99.95,8.08,5.19
2025-02-12 22:00:00-05:00,98.94,87.1,7.57,4.27
2025-02-12 23:00:00-05:00,95.38,83.38999999999999,8.32,3.67
2025-02-13 00:00:00-05:00,71.59,64.59,3.71,3.29
2025-02-13 01:00:00-05:00,68.11,51.31,14.08,2.72
2025-02-13 02:00:00-05:00,68.98,47.28,19.34,2.36
2025-02-13 03:00:00-05:00,66.86,48.99,15.37,2.5
2025-02-13 04:00:00-05:00,54.86,51.85,-0.0,3.01
2025-02-13 05:00:00-05:00,60.31,57.06,-0.0,3.25
2025-02-13 06:00:00-05:00,74.52,70.57,-0.0,3.95
2025-02-13 07:00:00-05:00,87.25,82.78,-0.0,4.47
2025-02-13 08:00:00-05:00,89.72,85.05,-0.0,4.67
2025-02-13 09:00:00-05:00,87.99,83.14,0.36,4.49
2025-02-13 10:00:00-05:00,93.14,85.97999999999999,2.18,4.98
2025-02-13 11:00:00-05:00,96.15,78.71000000000001,12.56,4.88
2025-02-13 12:00:00-05:00,80.36,66.15,10.11,4.1
2025-02-13 13:00:00-05:00,73.46,60.21999999999999,9.57,3.67
2025-02-13 14:00:00-05:00,73.46,56.11999999999999,13.86,3.48
2025-02-13 15:00:00-05:00,69.24,58.47,7.03,3.74
2025-02-13 16:00:00-05:00,75.0,59.36,11.84,3.8
2025-02-13 17:00:00-05:00,89.58,70.16,14.93,4.49
2025-02-13 18:00:00-05:00,97.18,71.71000000000001,20.88,4.59
2025-02-13 19:00:00-05:00,88.0,56.77,27.65,3.58
2025-02-13 20:00:00-05:00,74.59,62.31000000000001,8.29,3.99
2025-02-13 21:00:00-05:00,68.67,58.540000000000006,6.44,3.69
2025-02-13 22:00:00-05:00,59.58,55.89,-0.0,3.69
2025-02-13 23:00:00-05:00,59.49,52.01,4.46,3.02
2025-02-14 00:00:00-05:00,69.23,60.4,5.93,2.9
2025-02-14 01:00:00-05:00,67.1,58.51,6.13,2.46
2025-02-14 02:00:00-05:00,66.27,59.209999999999994,4.63,2.43
2025-02-14 03:00:00-05:00,65.96,59.39999999999999,4.18,2.38
2025-02-14 04:00:00-05:00,67.59,60.220000000000006,4.9,2.47
2025-02-14 05:00:00-05:00,67.67,58.900000000000006,6.06,2.71
2025-02-14 06:00:00-05:00,75.95,62.75,9.69,3.51
2025-02-14 07:00:00-05:00,92.63,61.029999999999994,28.18,3.42
2025-02-14 08:00:00-05:00,80.42,65.64999999999999,10.7,4.07
2025-02-14 09:00:00-05:00,74.13,61.22999999999999,9.23,3.67
2025-02-14 10:00:00-05:00,74.26,61.17,9.61,3.48
2025-02-14 11:00:00-05:00,73.23,61.09,8.72,3.42
2025-02-14 12:00:00-05:00,68.83,60.82999999999999,4.6,3.4
2025-02-14 13:00:00-05:00,68.5,60.7,4.52,3.28
2025-02-14 14:00:00-05:00,73.08,60.8,8.94,3.34
2025-02-14 15:00:00-05:00,74.11,61.64,8.58,3.89
2025-02-14 16:00:00-05:00,78.99,61.419999999999995,13.76,3.81
2025-02-14 17:00:00-05:00,104.78,84.96000000000001,14.13,5.69
2025-02-14 18:00:00-05:00,117.35,97.82,13.07,6.46
2025-02-14 19:00:00-05:00,99.72,86.59,7.67,5.46
2025-02-14 20:00:00-05:00,95.66,83.41,7.25,5.0
2025-02-14 21:00:00-05:00,86.61,74.6,7.84,4.17
2025-02-14 22:00:00-05:00,81.34,69.00999999999999,8.54,3.79
2025-02-14 23:00:00-05:00,82.52,70.56,8.43,3.53
2025-02-15 00:00:00-05:00,92.65,81.63,6.62,4.4
2025-02-15 01:00:00-05:00,86.86,80.59,2.0,4.27
2025-02-15 02:00:00-05:00,85.82,74.20999999999998,7.68,3.93
2025-02-15 03:00:00-05:00,77.41,70.14999999999999,3.54,3.72
2025-02-15 04:00:00-05:00,77.9,70.97000000000001,3.1,3.83
2025-02-15 05:00:00-05:00,82.8,74.32,4.32,4.16
2025-02-15 06:00:00-05:00,83.22,70.28,8.79,4.15
2025-02-15 07:00:00-05:00,84.27,65.04,15.52,3.71
2025-02-15 08:00:00-05:00,90.83,71.54,14.85,4.44
2025-02-15 09:00:00-05:00,108.75,77.25999999999999,26.54,4.95
2025-02-15 10:00:00-05:00,122.03,85.97,30.55,5.51
2025-02-15 11:00:00-05:00,127.26,82.32000000000001,39.67,5.27
2025-02-15 12:00:00-05:00,126.76,82.15,39.35,5.26
2025-02-15 13:00:00-05:00,125.32,79.81,40.4,5.11
2025-02-15 14:00:00-05:00,132.98,74.12,54.04,4.82
2025-02-15 15:00:00-05:00,126.61,62.489999999999995,60.06,4.06
2025-02-15 16:00:00-05:00,138.63,65.71,68.45,4.47
2025-02-15 17:00:00-05:00,148.67,72.63,71.1,4.94
2025-02-15 18:00:00-05:00,154.4,68.98000000000002,80.66,4.76
2025-02-15 19:00:00-05:00,142.84,61.66000000000001,76.98,4.2
2025-02-15 20:00:00-05:00,135.01,69.98999999999998,60.4,4.62
2025-02-15 21:00:00-05:00,123.04,55.85000000000001,63.67,3.52
2025-02-15 22:00:00-05:00,120.0,55.85,60.63,3.52
2025-02-15 23:00:00-05:00,122.05,55.96,62.79,3.3
2025-02-16 00:00:00-05:00,93.43,63.82000000000001,25.91,3.7
2025-02-16 01:00:00-05:00,85.0,60.99000000000001,20.41,3.6
2025-02-16 02:00:00-05:00,90.02,60.92,25.69,3.41
2025-02-16 03:00:00-05:00,87.18,60.92000000000001,22.79,3.47
2025-02-16 04:00:00-05:00,88.29,60.86000000000001,23.96,3.47
2025-02-16 05:00:00-05:00,85.0,60.86,20.67,3.47
2025-02-16 06:00:00-05:00,92.48,60.73,28.35,3.4
2025-02-16 07:00:00-05:00,90.02,60.66,25.84,3.52
2025-02-16 08:00:00-05:00,98.9,93.26,0.05,5.59
2025-02-16 09:00:00-05:00,108.65,95.65,7.36,5.64
2025-02-16 10:00:00-05:00,116.51,95.76,15.2,5.55
2025-02-16 11:00:00-05:00,116.45,95.96,14.93,5.56
2025-02-16 12:00:00-05:00,119.93,95.86,18.32,5.75
2025-02-16 13:00:00-05:00,117.31,95.76,15.9,5.65
2025-02-16 14:00:00-05:00,116.49,95.85,14.89,5.75
2025-02-16 15:00:00-05:00,113.64,95.65,12.15,5.84
2025-02-16 16:00:00-05:00,119.57,96.05,17.56,5.96
2025-02-16 17:00:00-05:00,120.41,96.05,18.31,6.05
2025-02-16 18:00:00-05:00,148.18,96.14,45.79,6.25
2025-02-16 19:00:00-05:00,119.46,95.86,17.75,5.85
2025-02-16 20:00:00-05:00,115.33,95.65,13.84,5.84
2025-02-16 21:00:00-05:00,103.97,60.66,39.55,3.76
2025-02-16 22:00:00-05:00,86.19,60.91999999999999,21.37,3.9
2025-02-16 23:00:00-05:00,91.37,60.73,27.12,3.52
2025-02-17 00:00:00-05:00,103.16,61.10999999999999,38.57,3.48
2025-02-17 01:00:00-05:00,99.7,65.85000000000001,30.16,3.69
2025-02-17 02:00:00-05:00,92.35,69.1,19.52,3.73
2025-02-17 03:00:00-05:00,92.13,68.11999999999999,20.33,3.68
2025-02-17 04:00:00-05:00,90.84,68.25999999999999,18.9,3.68
2025-02-17 05:00:00-05:00,93.35,71.16,18.35,3.84
2025-02-17 06:00:00-05:00,105.39,82.2,18.59,4.6
2025-02-17 07:00:00-05:00,118.15,74.81,39.0,4.34
2025-02-17 08:00:00-05:00,114.41,90.87,17.64,5.9
2025-02-17 09:00:00-05:00,128.64,89.52,33.3,5.82
2025-02-17 10:00:00-05:00,140.38,94.17999999999998,39.99,6.21
2025-02-17 11:00:00-05:00,139.16,95.38,37.39,6.39
2025-02-17 12:00:00-05:00,137.17,89.03999999999999,42.26,5.87
2025-02-17 13:00:00-05:00,132.76,85.44999999999999,41.58,5.73
2025-02-17 14:00:00-05:00,137.45,91.04,40.22,6.19
2025-02-17 15:00:00-05:00,143.96,101.78,35.16,7.02
2025-02-17 16:00:00-05:00,159.75,110.67,41.34,7.74
2025-02-17 17:00:00-05:00,179.36,112.41000000000004,58.75,8.2
2025-02-17 18:00:00-05:00,186.65,115.07,62.95,8.63
2025-02-17 19:00:00-05:00,170.18,112.19,49.91,8.08
2025-02-17 20:00:00-05:00,159.85,112.07,39.71,8.07
2025-02-17 21:00:00-05:00,149.54,94.15,48.7,6.69
2025-02-17 22:00:00-05:00,145.19,107.18,30.51,7.5
2025-02-17 23:00:00-05:00,144.41,103.63,34.25,6.53
2025-02-18 00:00:00-05:00,141.7,113.57,21.32,6.81
2025-02-18 01:00:00-05:00,140.16,114.01,19.42,6.73
2025-02-18 02:00:00-05:00,136.81,114.02,16.06,6.73
2025-02-18 03:00:00-05:00,137.18,114.49000000000002,16.05,6.64
2025-02-18 04:00:00-05:00,141.81,114.6,20.45,6.76
2025-02-18 05:00:00-05:00,148.2,139.14,0.85,8.21
2025-02-18 06:00:00-05:00,161.11,142.71,9.55,8.85
2025-02-18 07:00:00-05:00,181.53,143.39,29.1,9.04
2025-02-18 08:00:00-05:00,176.54,156.52999999999997,9.52,10.49
2025-02-18 09:00:00-05:00,158.52,132.20000000000002,17.07,9.25
2025-02-18 10:00:00-05:00,149.3,122.07000000000002,18.69,8.54
2025-02-18 11:00:00-05:00,147.88,126.83,12.04,9.01
2025-02-18 12:00:00-05:00,144.27,114.38,21.89,8.0
2025-02-18 13:00:00-05:00,140.32,111.95999999999998,20.53,7.83
2025-02-18 14:00:00-05:00,142.73,111.83999999999996,23.06,7.83
2025-02-18 15:00:00-05:00,147.53,116.2,22.96,8.37
2025-02-18 16:00:00-05:00,161.56,150.86,0.14,10.56
2025-02-18 17:00:00-05:00,204.15,191.33,1.15,11.67
2025-02-18 18:00:00-05:00,216.59,204.72,-0.0,11.87
2025-02-18 19:00:00-05:00,199.18,187.91,-0.0,11.27
2025-02-18 20:00:00-05:00,188.0,177.53,-0.0,10.47
2025-02-18 21:00:00-05:00,159.42,138.37,11.64,9.41
2025-02-18 22:00:00-05:00,159.32,148.6,0.92,9.8
2025-02-18 23:00:00-05:00,156.78,140.0,8.24,8.54
2025-02-19 00:00:00-05:00,139.94,112.52,20.55,6.87
2025-02-19 01:00:00-05:00,141.23,112.41,22.19,6.63
2025-02-19 02:00:00-05:00,138.68,112.89,19.13,6.66
2025-02-19 03:00:00-05:00,134.25,118.43,8.71,7.11
2025-02-19 04:00:00-05:00,136.89,127.57999999999998,1.66,7.65
2025-02-19 05:00:00-05:00,148.06,139.28,-0.0,8.78
2025-02-19 06:00:00-05:00,165.92,148.37999999999997,8.49,9.05
2025-02-19 07:00:00-05:00,190.95,170.46,9.42,11.07
2025-02-19 08:00:00-05:00,183.62,171.16,1.85,10.61
2025-02-19 09:00:00-05:00,170.4,159.85,-0.0,10.55
2025-02-19 10:00:00-05:00,163.31,153.05,-0.0,10.26
2025-02-19 11:00:00-05:00,158.14,148.07,-0.0,10.07
2025-02-19 12:00:00-05:00,154.83,145.25,-0.0,9.58
2025-02-19 13:00:00-05:00,152.94,143.2,-0.0,9.74
2025-02-19 14:00:00-05:00,153.38,143.61,-0.0,9.77
2025-02-19 15:00:00-05:00,157.49,147.60000000000002,-0.0,9.89
2025-02-19 16:00:00-05:00,167.11,157.20000000000002,-0.0,9.91
2025-02-19 17:00:00-05:00,198.96,186.47,-0.0,12.49
2025-02-19 18:00:00-05:00,213.41,198.54,1.57,13.3
2025-02-19 19:00:00-05:00,189.9,175.84,2.28,11.78
2025-02-19 20:00:00-05:00,182.21,171.10000000000002,-0.0,11.11
2025-02-19 21:00:00-05:00,162.08,152.47000000000003,-0.0,9.61
2025-02-19 22:00:00-05:00,160.25,150.75,-0.0,9.5
2025-02-19 23:00:00-05:00,159.72,150.82,-0.0,8.9
2025-02-20 00:00:00-05:00,149.65,140.52,-0.0,9.13
2025-02-20 01:00:00-05:00,142.65,131.2,3.05,8.4
2025-02-20 02:00:00-05:00,138.69,117.0,13.97,7.72
2025-02-20 03:00:00-05:00,141.73,132.95999999999998,-0.0,8.77
2025-02-20 04:00:00-05:00,144.76,136.04999999999998,-0.0,8.71
2025-02-20 05:00:00-05:00,152.18,143.43,-0.0,8.75
2025-02-20 06:00:00-05:00,178.06,169.1,-0.0,8.96
2025-02-20 07:00:00-05:00,202.62,191.88,-0.0,10.74
2025-02-20 08:00:00-05:00,192.58,181.85,-0.0,10.73
2025-02-20 09:00:00-05:00,171.47,160.86,-0.0,10.61
2025-02-20 10:00:00-05:00,162.59,152.38,-0.0,10.21
2025-02-20 11:00:00-05:00,156.68,146.57,-0.0,10.11
2025-02-20 12:00:00-05:00,149.49,115.55,25.73,8.21
2025-02-20 13:00:00-05:00,147.37,115.79000000000002,23.13,8.45
2025-02-20 14:00:00-05:00,146.16,112.64,25.52,8.0
2025-02-20 15:00:00-05:00,151.6,116.09999999999998,27.26,8.24
2025-02-20 16:00:00-05:00,158.73,112.76999999999998,37.84,8.12
2025-02-20 17:00:00-05:00,182.66,115.90999999999998,58.17,8.58
2025-02-20 18:00:00-05:00,193.74,123.32,60.92,9.5
2025-02-20 19:00:00-05:00,178.88,115.2,55.28,8.4
2025-02-20 20:00:00-05:00,165.96,118.94,38.45,8.57
2025-02-20 21:00:00-05:00,154.56,112.64,33.92,8.0
2025-02-20 22:00:00-05:00,146.47,111.31,27.26,7.9
2025-02-20 23:00:00-05:00,147.12,112.08,27.86,7.18
2025-02-21 00:00:00-05:00,142.97,134.62,-0.0,8.35
2025-02-21 01:00:00-05:00,134.5,127.01,-0.0,7.49
2025-02-21 02:00:00-05:00,129.97,122.73,-0.0,7.24
2025-02-21 03:00:00-05:00,130.67,123.39,-0.0,7.28
2025-02-21 04:00:00-05:00,133.69,126.36,-0.0,7.33
2025-02-21 05:00:00-05:00,143.45,135.72,-0.0,7.73
2025-02-21 06:00:00-05:00,156.18,145.96,0.01,10.21
2025-02-21 07:00:00-05:00,176.67,148.98,18.01,9.68
2025-02-21 08:00:00-05:00,159.5,133.82,16.32,9.36
2025-02-21 09:00:00-05:00,147.34,113.76,25.62,7.96
2025-02-21 10:00:00-05:00,135.72,109.13,19.16,7.43
2025-02-21 11:00:00-05:00,129.99,105.45,17.37,7.17
2025-02-21 12:00:00-05:00,121.68,94.18,21.19,6.31
2025-02-21 13:00:00-05:00,118.87,80.29,33.28,5.3
2025-02-21 14:00:00-05:00,120.25,73.99,41.45,4.81
2025-02-21 15:00:00-05:00,126.87,90.2,30.63,6.04
2025-02-21 16:00:00-05:00,138.09,96.43,34.91,6.75
2025-02-21 17:00:00-05:00,159.85,106.36,45.83,7.66
2025-02-21 18:00:00-05:00,172.64,102.69999999999996,62.45,7.49
2025-02-21 19:00:00-05:00,156.81,99.91,49.7,7.2
2025-02-21 20:00:00-05:00,146.23,113.39,24.57,8.27
2025-02-21 21:00:00-05:00,134.75,111.69,15.36,7.7
2025-02-21 22:00:00-05:00,129.89,119.56999999999998,2.18,8.14
2025-02-21 23:00:00-05:00,138.48,130.51999999999998,-0.0,7.96
2025-02-22 00:00:00-05:00,114.08,107.83,-0.0,6.25
2025-02-22 01:00:00-05:00,113.67,107.65,-0.0,6.02
2025-02-22 02:00:00-05:00,106.94,101.27,-0.0,5.67
2025-02-22 03:00:00-05:00,104.22,98.79,-0.0,5.43
2025-02-22 04:00:00-05:00,102.72,97.28,-0.0,5.44
2025-02-22 05:00:00-05:00,102.33,96.91,-0.0,5.42
2025-02-22 06:00:00-05:00,112.94,97.01,10.31,5.62
2025-02-22 07:00:00-05:00,135.0,96.5,32.9,5.6
2025-02-22 08:00:00-05:00,120.0,96.82,17.18,6.0
2025-02-22 09:00:00-05:00,102.7,96.7,-0.0,6.0
2025-02-22 10:00:00-05:00,90.09,85.8,-0.0,4.29
2025-02-22 11:00:00-05:00,79.21,75.50999999999999,-0.0,3.7
2025-02-22 12:00:00-05:00,74.13,70.67,-0.0,3.46
2025-02-22 13:00:00-05:00,72.89,69.49,-0.0,3.4
2025-02-22 14:00:00-05:00,71.52,68.17999999999999,-0.0,3.34
2025-02-22 15:00:00-05:00,77.02,73.22,-0.0,3.8
2025-02-22 16:00:00-05:00,92.05,87.25,-0.0,4.8
2025-02-22 17:00:00-05:00,105.51,97.95,1.49,6.07
2025-02-22 18:00:00-05:00,112.42,99.57,6.38,6.47
2025-02-22 19:00:00-05:00,103.23,97.0,0.02,6.21
2025-02-22 20:00:00-05:00,102.3,96.51,-0.0,5.79
2025-02-22 21:00:00-05:00,101.9,96.32,-0.0,5.58
2025-02-22 22:00:00-05:00,93.03,88.27,-0.0,4.76
2025-02-22 23:00:00-05:00,90.04,86.0,-0.0,4.04
2025-02-23 00:00:00-05:00,86.05,82.34,-0.0,3.71
2025-02-23 01:00:00-05:00,79.35,76.00999999999999,-0.0,3.34
2025-02-23 02:00:00-05:00,75.0,71.91,-0.0,3.09
2025-02-23 03:00:00-05:00,76.26,73.12,-0.0,3.14
2025-02-23 04:00:00-05:00,81.72,78.42999999999999,-0.0,3.29
2025-02-23 05:00:00-05:00,76.8,73.77,-0.0,3.03
2025-02-23 06:00:00-05:00,85.89,82.43,-0.0,3.46
2025-02-23 07:00:00-05:00,81.17,78.13,-0.0,3.04
2025-02-23 08:00:00-05:00,72.1,69.32,-0.0,2.78
2025-02-23 09:00:00-05:00,67.26,64.61,-0.0,2.65
2025-02-23 10:00:00-05:00,65.02,62.52,-0.0,2.5
2025-02-23 11:00:00-05:00,65.47,63.129999999999995,-0.0,2.34
2025-02-23 12:00:00-05:00,67.24,64.91,-0.0,2.33
2025-02-23 13:00:00-05:00,65.5,63.16,-0.0,2.34
2025-02-23 14:00:00-05:00,65.75,63.4,-0.0,2.35
2025-02-23 15:00:00-05:00,67.09,64.63000000000001,-0.0,2.46
2025-02-23 16:00:00-05:00,82.91,79.8,-0.0,3.11
2025-02-23 17:00:00-05:00,99.55,95.72,-0.0,3.83
2025-02-23 18:00:00-05:00,113.83,109.24,-0.0,4.59
2025-02-23 19:00:00-05:00,102.83,98.69,-0.0,4.14
2025-02-23 20:00:00-05:00,97.43,93.59,-0.0,3.84
2025-02-23 21:00:00-05:00,83.84,80.85000000000001,-0.0,2.99
2025-02-23 22:00:00-05:00,78.77,75.89,-0.0,2.88
2025-02-23 23:00:00-05:00,75.29,73.02000000000001,-0.0,2.27
2025-02-24 00:00:00-05:00,70.3,67.92,-0.0,2.38
2025-02-24 01:00:00-05:00,69.55,67.2,-0.0,2.35
2025-02-24 02:00:00-05:00,67.2,64.87,-0.0,2.33
2025-02-24 03:00:00-05:00,62.72,60.6,-0.0,2.12
2025-02-24 04:00:00-05:00,67.22,64.82,-0.0,2.4
2025-02-24 05:00:00-05:00,69.8,67.11,-0.0,2.69
2025-02-24 06:00:00-05:00,82.13,78.44,-0.0,3.69
2025-02-24 07:00:00-05:00,92.61,86.75,1.52,4.34
2025-02-24 08:00:00-05:00,72.66,69.14,-0.0,3.52
2025-02-24 09:00:00-05:00,68.39,65.07000000000001,-0.0,3.32
2025-02-24 10:00:00-05:00,63.74,60.71,-0.0,3.03
2025-02-24 11:00:00-05:00,60.32,57.34,-0.0,2.98
2025-02-24 12:00:00-05:00,58.91,56.26,-0.0,2.65
2025-02-24 13:00:00-05:00,57.34,54.77,-0.0,2.57
2025-02-24 14:00:00-05:00,58.8,56.0,-0.0,2.8
2025-02-24 15:00:00-05:00,58.39,55.45,-0.0,2.94
2025-02-24 16:00:00-05:00,67.64,64.06,-0.0,3.58
2025-02-24 17:00:00-05:00,79.26,74.22000000000001,0.74,4.3
2025-02-24 18:00:00-05:00,90.88,85.82,-0.0,5.06
2025-02-24 19:00:00-05:00,81.79,76.92000000000002,0.41,4.46
2025-02-24 20:00:00-05:00,74.71,70.67999999999999,-0.0,4.03
2025-02-24 21:00:00-05:00,66.03,62.59,-0.0,3.44
2025-02-24 22:00:00-05:00,59.16,56.18,-0.0,2.98
2025-02-24 23:00:00-05:00,57.34,54.56,-0.0,2.78
2025-02-25 00:00:00-05:00,51.27,48.830000000000005,-0.0,2.44
2025-02-25 01:00:00-05:00,50.6,48.28,-0.0,2.32
2025-02-25 02:00:00-05:00,48.5,46.32,-0.0,2.18
2025-02-25 03:00:00-05:00,49.91,47.849999999999994,-0.0,2.06
2025-02-25 04:00:00-05:00,51.57,49.49,-0.0,2.08
2025-02-25 05:00:00-05:00,57.06,54.97,-0.0,2.09
2025-02-25 06:00:00-05:00,74.66,71.72,-0.0,2.94
2025-02-25 07:00:00-05:00,76.38,73.58,-0.0,2.8
2025-02-25 08:00:00-05:00,69.78,67.23,-0.0,2.55
2025-02-25 09:00:00-05:00,69.96,67.6,-0.0,2.36
2025-02-25 10:00:00-05:00,65.24,63.21999999999999,-0.0,2.02
2025-02-25 11:00:00-05:00,62.84,61.010000000000005,-0.0,1.83
2025-02-25 12:00:00-05:00,61.76,59.96,-0.0,1.8
2025-02-25 13:00:00-05:00,58.94,57.169999999999995,-0.0,1.77
2025-02-25 14:00:00-05:00,58.94,57.169999999999995,-0.0,1.77
2025-02-25 15:00:00-05:00,63.77,61.91,-0.0,1.86
2025-02-25 16:00:00-05:00,69.39,67.18,-0.0,2.21
2025-02-25 17:00:00-05:00,84.48,81.79,-0.0,2.69
2025-02-25 18:00:00-05:00,88.21,85.14999999999999,-0.0,3.06
2025-02-25 19:00:00-05:00,80.27,77.39999999999999,-0.0,2.87
2025-02-25 20:00:00-05:00,71.59,69.03,-0.0,2.56
2025-02-25 21:00:00-05:00,63.47,61.27,-0.0,2.2
2025-02-25 22:00:00-05:00,59.9,57.71,-0.0,2.19
2025-02-25 23:00:00-05:00,61.17,59.16,-0.0,2.01
2025-02-26 00:00:00-05:00,45.65,43.98,-0.0,1.67
2025-02-26 01:00:00-05:00,44.46,42.87,-0.0,1.59
2025-02-26 02:00:00-05:00,42.14,40.6,-0.0,1.54
2025-02-26 03:00:00-05:00,41.74,40.21,-0.0,1.53
2025-02-26 04:00:00-05:00,43.48,41.93,-0.0,1.55
2025-02-26 05:00:00-05:00,47.85,46.32,-0.0,1.53
2025-02-26 06:00:00-05:00,59.34,57.0,-0.0,2.34
2025-02-26 07:00:00-05:00,66.96,64.50999999999999,-0.0,2.45
2025-02-26 08:00:00-05:00,55.23,53.209999999999994,-0.0,2.02
2025-02-26 09:00:00-05:00,46.87,45.11,-0.0,1.76
2025-02-26 10:00:00-05:00,43.9,42.33,-0.0,1.57
2025-02-26 11:00:00-05:00,41.13,39.66,-0.0,1.47
2025-02-26 12:00:00-05:00,40.86,39.56,-0.0,1.3
2025-02-26 13:00:00-05:00,41.93,40.67,-0.0,1.26
2025-02-26 14:00:00-05:00,42.38,41.07,-0.0,1.31
2025-02-26 15:00:00-05:00,43.88,42.36,-0.0,1.52
2025-02-26 16:00:00-05:00,50.68,48.92,-0.0,1.76
2025-02-26 17:00:00-05:00,64.18,62.010000000000005,-0.0,2.17
2025-02-26 18:00:00-05:00,76.75,74.09,-0.0,2.66
2025-02-26 19:00:00-05:00,65.07,62.86999999999999,-0.0,2.2
2025-02-26 20:00:00-05:00,57.77,55.66,-0.0,2.11
2025-02-26 21:00:00-05:00,51.51,49.62,-0.0,1.89
2025-02-26 22:00:00-05:00,47.71,46.05,-0.0,1.66
2025-02-26 23:00:00-05:00,44.91,43.48,-0.0,1.43
2025-02-27 00:00:00-05:00,42.4,41.05,-0.0,1.35
2025-02-27 01:00:00-05:00,40.78,39.44,-0.0,1.34
2025-02-27 02:00:00-05:00,38.88,37.64,-0.0,1.24
2025-02-27 03:00:00-05:00,38.81,37.61,-0.0,1.2
2025-02-27 04:00:00-05:00,38.75,37.51,-0.0,1.24
2025-02-27 05:00:00-05:00,41.8,40.39,-0.0,1.41
2025-02-27 06:00:00-05:00,54.39,52.5,-0.0,1.89
2025-02-27 07:00:00-05:00,55.76,53.77,-0.0,1.99
2025-02-27 08:00:00-05:00,51.12,49.15,-0.0,1.97
2025-02-27 09:00:00-05:00,50.02,48.190000000000005,-0.0,1.83
2025-02-27 10:00:00-05:00,51.0,49.28,-0.0,1.72
2025-02-27 11:00:00-05:00,49.63,47.81,-0.0,1.82
2025-02-27 12:00:00-05:00,48.19,46.599999999999994,-0.0,1.59
2025-02-27 13:00:00-05:00,45.7,44.16,-0.0,1.54
2025-02-27 14:00:00-05:00,45.13,43.440000000000005,-0.0,1.69
2025-02-27 15:00:00-05:00,45.25,43.51,-0.0,1.74
2025-02-27 16:00:00-05:00,48.87,46.809999999999995,-0.0,2.06
2025-02-27 17:00:00-05:00,57.5,55.02,-0.0,2.48
2025-02-27 18:00:00-05:00,62.66,59.959999999999994,-0.0,2.7
2025-02-27 19:00:00-05:00,55.87,53.36,-0.0,2.51
2025-02-27 20:00:00-05:00,49.68,47.45,-0.0,2.23
2025-02-27 21:00:00-05:00,45.05,43.23,-0.0,1.82
2025-02-27 22:00:00-05:00,40.96,39.19,-0.0,1.77
2025-02-27 23:00:00-05:00,41.54,39.79,-0.0,1.75
2025-02-28 00:00:00-05:00,40.72,38.86,-0.0,1.86
2025-02-28 01:00:00-05:00,38.16,36.52,-0.0,1.64
2025-02-28 02:00:00-05:00,37.53,35.95,-0.0,1.58
2025-02-28 03:00:00-05:00,37.78,36.19,-0.0,1.59
2025-02-28 04:00:00-05:00,38.88,37.28,-0.0,1.6
2025-02-28 05:00:00-05:00,43.43,41.84,-0.0,1.59
2025-02-28 06:00:00-05:00,55.0,52.78,-0.0,2.22
2025-02-28 07:00:00-05:00,60.57,58.07,-0.0,2.5
2025-02-28 08:00:00-05:00,49.31,47.32,-0.0,1.99
2025-02-28 09:00:00-05:00,42.7,40.98,-0.0,1.72
2025-02-28 10:00:00-05:00,40.36,38.96,-0.0,1.4
2025-02-28 11:00:00-05:00,39.43,37.99,-0.0,1.44
2025-02-28 12:00:00-05:00,38.23,36.87,-0.0,1.36
2025-02-28 13:00:00-05:00,38.13,36.73,-0.0,1.4
2025-02-28 14:00:00-05:00,38.24,36.81,-0.0,1.43
2025-02-28 15:00:00-05:00,40.65,39.01,-0.0,1.64
2025-02-28 16:00:00-05:00,46.82,44.8,-0.0,2.02
2025-02-28 17:00:00-05:00,57.93,55.43,-0.0,2.5
2025-02-28 18:00:00-05:00,62.19,59.4,-0.0,2.79
2025-02-28 19:00:00-05:00,54.01,51.2,-0.0,2.81
2025-02-28 20:00:00-05:00,52.04,49.33,-0.0,2.71
2025-02-28 21:00:00-05:00,47.27,44.93000000000001,-0.0,2.34
2025-02-28 22:00:00-05:00,43.24,41.1,-0.0,2.14
2025-02-28 23:00:00-05:00,42.0,40.04,-0.0,1.96
2025-03-01 00:00:00-05:00,42.52,40.93,-0.0,1.59
2025-03-01 01:00:00-05:00,40.97,39.43,-0.0,1.54
2025-03-01 02:00:00-05:00,40.03,38.6,-0.0,1.43
2025-03-01 03:00:00-05:00,39.17,37.74,-0.0,1.43
2025-03-01 04:00:00-05:00,39.96,38.46,-0.0,1.5
2025-03-01 05:00:00-05:00,40.13,38.66,-0.0,1.47
2025-03-01 06:00:00-05:00,44.17,42.39,-0.0,1.78
2025-03-01 07:00:00-05:00,45.71,43.95,-0.0,1.76
2025-03-01 08:00:00-05:00,44.01,42.239999999999995,-0.0,1.77
2025-03-01 09:00:00-05:00,41.44,39.73,-0.0,1.71
2025-03-01 10:00:00-05:00,45.51,43.72,-0.0,1.79
2025-03-01 11:00:00-05:00,46.37,44.54,-0.0,1.83
2025-03-01 12:00:00-05:00,45.0,43.27,-0.0,1.73
2025-03-01 13:00:00-05:00,44.6,42.84,-0.0,1.76
2025-03-01 14:00:00-05:00,45.43,43.64,-0.0,1.79
2025-03-01 15:00:00-05:00,48.64,46.82,-0.0,1.82
2025-03-01 16:00:00-05:00,56.22,54.01,-0.0,2.21
2025-03-01 17:00:00-05:00,69.33,64.94999999999999,1.59,2.79
2025-03-01 18:00:00-05:00,80.95,77.85,-0.24,3.34
2025-03-01 19:00:00-05:00,76.08,74.85,-2.06,3.29
2025-03-01 20:00:00-05:00,70.46,70.17999999999999,-2.74,3.02
2025-03-01 21:00:00-05:00,66.92,65.19999999999999,-0.82,2.54
2025-03-01 22:00:00-05:00,61.94,60.88,-1.13,2.19
2025-03-01 23:00:00-05:00,59.24,57.4,-0.0,1.84
2025-03-02 00:00:00-05:00,60.36,58.37,-0.0,1.99
2025-03-02 01:00:00-05:00,57.9,55.94,-0.0,1.96
2025-03-02 02:00:00-05:00,57.63,55.79,-0.0,1.84
2025-03-02 03:00:00-05:00,59.94,58.08,-0.0,1.86
2025-03-02 04:00:00-05:00,61.02,59.13,-0.0,1.89
2025-03-02 05:00:00-05:00,62.59,60.650000000000006,-0.0,1.94
2025-03-02 06:00:00-05:00,68.04,65.61,-0.0,2.43
2025-03-02 07:00:00-05:00,71.96,69.39,-0.0,2.57
2025-03-02 08:00:00-05:00,66.65,64.15,-0.0,2.5
2025-03-02 09:00:00-05:00,56.38,54.06,-0.0,2.32
2025-03-02 10:00:00-05:00,72.54,69.49000000000001,-0.0,3.05
2025-03-02 11:00:00-05:00,67.11,64.28,-0.0,2.83
2025-03-02 12:00:00-05:00,65.48,62.78,-0.0,2.7
2025-03-02 13:00:00-05:00,65.62,62.86000000000001,-0.0,2.76
2025-03-02 14:00:00-05:00,67.55,64.71,-0.0,2.84
2025-03-02 15:00:00-05:00,78.72,75.26,-0.0,3.46
2025-03-02 16:00:00-05:00,90.92,86.1,-0.0,4.82
2025-03-02 17:00:00-05:00,104.61,99.22,0.53,4.86
2025-03-02 18:00:00-05:00,128.18,120.78,1.48,5.92
2025-03-02 19:00:00-05:00,109.99,99.67,5.34,4.98
2025-03-02 20:00:00-05:00,105.69,97.51,3.4,4.78
2025-03-02 21:00:00-05:00,101.62,96.87,-0.0,4.75
2025-03-02 22:00:00-05:00,94.78,90.35,-0.0,4.43
2025-03-02 23:00:00-05:00,89.53,85.76,-0.0,3.77
2025-03-03 00:00:00-05:00,77.45,81.19,-6.5,2.76
2025-03-03 01:00:00-05:00,74.57,76.14999999999999,-4.17,2.59
2025-03-03 02:00:00-05:00,73.3,73.18,-2.15,2.27
2025-03-03 03:00:00-05:00,72.95,72.61000000000001,-1.62,1.96
2025-03-03 04:00:00-05:00,79.33,77.53999999999999,-0.46,2.25
2025-03-03 05:00:00-05:00,84.51,84.19000000000001,-2.29,2.61
2025-03-03 06:00:00-05:00,116.28,116.71,-4.05,3.62
2025-03-03 07:00:00-05:00,122.42,131.29,-13.34,4.47
2025-03-03 08:00:00-05:00,84.0,99.14,-18.7,3.56
2025-03-03 09:00:00-05:00,70.46,78.36999999999999,-11.28,3.37
2025-03-03 10:00:00-05:00,66.89,73.22,-9.04,2.71
2025-03-03 11:00:00-05:00,61.68,67.16,-8.1,2.62
2025-03-03 12:00:00-05:00,60.84,64.32000000000001,-6.06,2.58
2025-03-03 13:00:00-05:00,60.0,62.99,-5.32,2.33
2025-03-03 14:00:00-05:00,60.62,63.25,-5.09,2.46
2025-03-03 15:00:00-05:00,64.55,68.16,-6.2,2.59
2025-03-03 16:00:00-05:00,73.12,80.80000000000001,-10.92,3.24
2025-03-03 17:00:00-05:00,95.54,105.09,-13.96,4.41
2025-03-03 18:00:00-05:00,115.71,118.55,-8.05,5.21
2025-03-03 19:00:00-05:00,102.16,98.87,-1.36,4.65
2025-03-03 20:00:00-05:00,90.52,92.05,-5.49,3.96
2025-03-03 21:00:00-05:00,78.73,81.81,-6.36,3.28
2025-03-03 22:00:00-05:00,73.87,76.60000000000001,-5.8,3.07
2025-03-03 23:00:00-05:00,68.73,70.75,-4.64,2.62
2025-03-04 00:00:00-05:00,68.21,61.82,4.54,1.85
2025-03-04 01:00:00-05:00,64.62,62.96,-0.41,2.07
2025-03-04 02:00:00-05:00,62.61,60.55,-0.0,2.06
2025-03-04 03:00:00-05:00,61.58,59.62,-0.0,1.96
2025-03-04 04:00:00-05:00,62.89,60.14,0.88,1.87
2025-03-04 05:00:00-05:00,68.38,58.53999999999999,8.09,1.75
2025-03-04 06:00:00-05:00,98.27,86.36,8.2,3.71
2025-03-04 07:00:00-05:00,98.62,86.63000000000001,7.92,4.07
2025-03-04 08:00:00-05:00,71.88,72.80999999999999,-3.63,2.7
2025-03-04 09:00:00-05:00,65.07,68.6,-6.14,2.61
2025-03-04 10:00:00-05:00,53.05,51.3,-0.0,1.75
2025-03-04 11:00:00-05:00,50.75,49.18,-0.0,1.57
2025-03-04 12:00:00-05:00,49.17,47.65,-0.0,1.52
2025-03-04 13:00:00-05:00,48.22,46.629999999999995,-0.0,1.59
2025-03-04 14:00:00-05:00,48.64,47.0,-0.0,1.64
2025-03-04 15:00:00-05:00,51.28,49.59,-0.0,1.69
2025-03-04 16:00:00-05:00,57.39,55.4,-0.0,1.99
2025-03-04 17:00:00-05:00,70.37,67.71,0.23,2.43
2025-03-04 18:00:00-05:00,80.45,77.43,-0.0,3.02
2025-03-04 19:00:00-05:00,70.74,68.14999999999999,-0.0,2.59
2025-03-04 20:00:00-05:00,63.25,60.99,-0.0,2.26
2025-03-04 21:00:00-05:00,57.04,55.0,-0.0,2.04
2025-03-04 22:00:00-05:00,51.48,49.55,-0.0,1.93
2025-03-04 23:00:00-05:00,48.3,46.58,-0.0,1.72
2025-03-05 00:00:00-05:00,39.9,38.4,-0.0,1.5
2025-03-05 01:00:00-05:00,39.11,37.79,-0.0,1.32
2025-03-05 02:00:00-05:00,37.5,36.23,-0.0,1.27
2025-03-05 03:00:00-05:00,37.0,35.78,-0.0,1.22
2025-03-05 04:00:00-05:00,37.25,35.92,-0.0,1.33
2025-03-05 05:00:00-05:00,38.89,37.68,-0.0,1.21
2025-03-05 06:00:00-05:00,46.83,44.809999999999995,-0.0,2.02
2025-03-05 07:00:00-05:00,49.47,47.25,-0.0,2.22
2025-03-05 08:00:00-05:00,50.13,47.830000000000005,-0.0,2.3
2025-03-05 09:00:00-05:00,50.09,47.8,-0.0,2.29
2025-03-05 10:00:00-05:00,50.27,48.010000000000005,-0.0,2.26
2025-03-05 11:00:00-05:00,48.44,46.18,-0.0,2.26
2025-03-05 12:00:00-05:00,46.01,43.86,-0.0,2.15
2025-03-05 13:00:00-05:00,45.23,43.16,-0.0,2.07
2025-03-05 14:00:00-05:00,44.14,42.08,-0.0,2.06
2025-03-05 15:00:00-05:00,45.16,42.849999999999994,-0.0,2.31
2025-03-05 16:00:00-05:00,47.39,44.96,-0.0,2.43
2025-03-05 17:00:00-05:00,54.36,51.43,-0.0,2.93
2025-03-05 18:00:00-05:00,58.34,55.3,-0.0,3.04
2025-03-05 19:00:00-05:00,52.0,49.29,-0.0,2.71
2025-03-05 20:00:00-05:00,46.95,44.55,-0.0,2.4
2025-03-05 21:00:00-05:00,41.49,39.59,-0.0,1.9
2025-03-05 22:00:00-05:00,39.44,37.82,-0.0,1.62
2025-03-05 23:00:00-05:00,38.75,37.19,-0.0,1.56
2025-03-06 00:00:00-05:00,42.23,40.529999999999994,-0.0,1.7
2025-03-06 01:00:00-05:00,40.86,39.21,-0.0,1.65
2025-03-06 02:00:00-05:00,38.07,36.54,-0.0,1.53
2025-03-06 03:00:00-05:00,35.81,34.47,-0.0,1.34
2025-03-06 04:00:00-05:00,38.35,36.91,-0.0,1.44
2025-03-06 05:00:00-05:00,41.72,40.19,-0.0,1.53
2025-03-06 06:00:00-05:00,46.15,44.16,-0.0,1.99
2025-03-06 07:00:00-05:00,49.42,47.16,-0.0,2.26
2025-03-06 08:00:00-05:00,46.27,44.150000000000006,-0.0,2.12
2025-03-06 09:00:00-05:00,43.28,41.26,-0.0,2.02
2025-03-06 10:00:00-05:00,43.17,41.23,-0.0,1.94
2025-03-06 11:00:00-05:00,41.46,39.64,-0.0,1.82
2025-03-06 12:00:00-05:00,40.63,38.81,-0.0,1.82
2025-03-06 13:00:00-05:00,41.28,39.43,-0.0,1.85
2025-03-06 14:00:00-05:00,40.62,38.76,-0.0,1.86
2025-03-06 15:00:00-05:00,43.29,41.0,-0.0,2.29
2025-03-06 16:00:00-05:00,46.65,43.72,0.48,2.45
2025-03-06 17:00:00-05:00,55.33,52.35,-0.0,2.98
2025-03-06 18:00:00-05:00,63.48,60.12,-0.0,3.36
2025-03-06 19:00:00-05:00,55.22,52.29,-0.0,2.93
2025-03-06 20:00:00-05:00,52.41,49.72,0.01,2.68
2025-03-06 21:00:00-05:00,48.37,45.809999999999995,-0.0,2.56
2025-03-06 22:00:00-05:00,45.08,42.73,-0.0,2.35
2025-03-06 23:00:00-05:00,43.61,41.49,-0.0,2.12
2025-03-07 00:00:00-05:00,46.08,43.68,-0.0,2.4
2025-03-07 01:00:00-05:00,43.12,40.83,-0.0,2.29
2025-03-07 02:00:00-05:00,43.3,41.08,-0.0,2.22
2025-03-07 03:00:00-05:00,43.28,41.1,-0.0,2.18
2025-03-07 04:00:00-05:00,44.64,42.35,-0.0,2.29
2025-03-07 05:00:00-05:00,49.27,46.790000000000006,-0.0,2.48
2025-03-07 06:00:00-05:00,65.55,62.02,-0.0,3.53
2025-03-07 07:00:00-05:00,67.16,63.599999999999994,-0.0,3.56
2025-03-07 08:00:00-05:00,55.31,52.38,-0.0,2.93
2025-03-07 09:00:00-05:00,45.52,42.940000000000005,-0.0,2.58
2025-03-07 10:00:00-05:00,43.3,41.08,-0.0,2.22
2025-03-07 11:00:00-05:00,39.97,37.96,-0.0,2.01
2025-03-07 12:00:00-05:00,39.63,37.67,-0.0,1.96
2025-03-07 13:00:00-05:00,39.21,37.27,-0.0,1.94
2025-03-07 14:00:00-05:00,39.27,37.330000000000005,-0.0,1.94
2025-03-07 15:00:00-05:00,42.18,40.13,-0.0,2.05
2025-03-07 16:00:00-05:00,49.38,46.81,-0.0,2.57
2025-03-07 17:00:00-05:00,64.03,60.75,-0.0,3.28
2025-03-07 18:00:00-05:00,73.51,69.81,-0.0,3.7
2025-03-07 19:00:00-05:00,66.76,63.46000000000001,-0.0,3.3
2025-03-07 20:00:00-05:00,60.15,57.23,-0.0,2.92
2025-03-07 21:00:00-05:00,54.82,52.11,-0.0,2.71
2025-03-07 22:00:00-05:00,49.78,47.5,-0.0,2.28
2025-03-07 23:00:00-05:00,47.38,45.470000000000006,-0.0,1.91
2025-03-08 00:00:00-05:00,48.6,45.62,1.06,1.92
2025-03-08 01:00:00-05:00,45.36,43.49,-0.0,1.87
2025-03-08 02:00:00-05:00,42.61,40.77,-0.0,1.84
2025-03-08 03:00:00-05:00,42.3,40.48,-0.0,1.82
2025-03-08 04:00:00-05:00,42.58,40.67,-0.0,1.91
2025-03-08 05:00:00-05:00,45.39,43.43,-0.0,1.96
2025-03-08 06:00:00-05:00,53.19,48.099999999999994,2.92,2.17
2025-03-08 07:00:00-05:00,50.89,48.47,-0.0,2.42
2025-03-08 08:00:00-05:00,45.48,43.36,-0.0,2.12
2025-03-08 09:00:00-05:00,40.09,38.290000000000006,-0.0,1.8
2025-03-08 10:00:00-05:00,38.9,37.19,-0.0,1.71
2025-03-08 11:00:00-05:00,38.02,36.35,-0.0,1.67
2025-03-08 12:00:00-05:00,36.07,34.42,-0.0,1.65
2025-03-08 13:00:00-05:00,34.87,33.239999999999995,-0.0,1.63
2025-03-08 14:00:00-05:00,35.5,33.84,-0.0,1.66
2025-03-08 15:00:00-05:00,39.22,37.42,-0.0,1.8
2025-03-08 16:00:00-05:00,44.0,41.71,0.12,2.17
2025-03-08 17:00:00-05:00,55.74,50.28,2.65,2.81
2025-03-08 18:00:00-05:00,68.68,62.34000000000001,3.04,3.3
2025-03-08 19:00:00-05:00,62.98,58.05,1.86,3.07
2025-03-08 20:00:00-05:00,57.34,51.82,2.78,2.74
2025-03-08 21:00:00-05:00,54.41,49.779999999999994,1.99,2.64
2025-03-08 22:00:00-05:00,49.58,45.74999999999999,1.59,2.24
2025-03-08 23:00:00-05:00,46.95,44.790000000000006,0.01,2.15
2025-03-09 00:00:00-05:00,56.76,54.47,-0.0,2.29
2025-03-09 01:00:00-05:00,52.08,50.129999999999995,-0.0,1.95
2025-03-09 03:00:00-04:00,50.09,48.21,-0.0,1.88
2025-03-09 04:00:00-04:00,48.71,46.66,-0.0,2.05
2025-03-09 05:00:00-04:00,49.74,47.690000000000005,-0.0,2.05
2025-03-09 06:00:00-04:00,57.2,54.63,-0.0,2.57
2025-03-09 07:00:00-04:00,54.36,51.82,-0.0,2.54
2025-03-09 08:00:00-04:00,50.59,48.36000000000001,-0.0,2.23
2025-03-09 09:00:00-04:00,45.94,44.05,-0.0,1.89
2025-03-09 10:00:00-04:00,42.19,40.489999999999995,-0.0,1.7
2025-03-09 11:00:00-04:00,41.68,40.08,-0.0,1.6
2025-03-09 12:00:00-04:00,41.25,39.7,-0.0,1.55
2025-03-09 13:00:00-04:00,39.65,38.16,-0.0,1.49
2025-03-09 14:00:00-04:00,39.21,37.67,-0.0,1.54
2025-03-09 15:00:00-04:00,38.71,37.08,-0.0,1.63
2025-03-09 16:00:00-04:00,41.93,40.12,-0.0,1.81
2025-03-09 17:00:00-04:00,50.9,48.52,-0.0,2.38
2025-03-09 18:00:00-04:00,66.55,61.89,1.75,2.91
2025-03-09 19:00:00-04:00,74.61,69.30999999999999,2.04,3.26
2025-03-09 20:00:00-04:00,67.28,61.870000000000005,2.5,2.91
2025-03-09 21:00:00-04:00,57.53,54.13,0.75,2.65
2025-03-09 22:00:00-04:00,51.84,49.61000000000001,-0.0,2.23
2025-03-09 23:00:00-04:00,49.8,47.7,-0.0,2.1
2025-03-10 00:00:00-04:00,44.99,43.3,-0.0,1.69
2025-03-10 01:00:00-04:00,41.94,40.4,-0.0,1.54
2025-03-10 02:00:00-04:00,40.59,39.1,-0.0,1.49
2025-03-10 03:00:00-04:00,40.44,38.96,-0.0,1.48
2025-03-10 04:00:00-04:00,43.19,41.61,-0.0,1.58
2025-03-10 05:00:00-04:00,49.01,47.309999999999995,-0.0,1.7
2025-03-10 06:00:00-04:00,65.0,62.38,-0.0,2.62
2025-03-10 07:00:00-04:00,77.4,73.99000000000001,-0.0,3.41
2025-03-10 08:00:00-04:00,62.01,59.4,-0.0,2.61
2025-03-10 09:00:00-04:00,47.17,45.010000000000005,-0.0,2.16
2025-03-10 10:00:00-04:00,43.84,41.99,-0.0,1.85
2025-03-10 11:00:00-04:00,40.93,39.17,-0.0,1.76
2025-03-10 12:00:00-04:00,38.75,37.15,-0.0,1.6
2025-03-10 13:00:00-04:00,37.45,35.870000000000005,-0.0,1.58
2025-03-10 14:00:00-04:00,37.0,35.44,-0.0,1.56
2025-03-10 15:00:00-04:00,38.1,36.5,-0.0,1.6
2025-03-10 16:00:00-04:00,41.43,39.69,-0.0,1.74
2025-03-10 17:00:00-04:00,52.4,50.14,-0.0,2.26
2025-03-10 18:00:00-04:00,70.63,67.91,-0.0,2.72
2025-03-10 19:00:00-04:00,78.27,74.97,-0.0,3.3
2025-03-10 20:00:00-04:00,66.99,64.17,-0.0,2.82
2025-03-10 21:00:00-04:00,56.35,53.870000000000005,-0.0,2.48
2025-03-10 22:00:00-04:00,48.87,46.68,-0.0,2.19
2025-03-10 23:00:00-04:00,43.76,41.83,-0.0,1.93
2025-03-11 00:00:00-04:00,39.79,37.97,-0.0,1.82
2025-03-11 01:00:00-04:00,38.33,36.57,-0.0,1.76
2025-03-11 02:00:00-04:00,35.71,34.04,-0.0,1.67
2025-03-11 03:00:00-04:00,33.38,31.76,-0.0,1.62
2025-03-11 04:00:00-04:00,34.93,33.24,-0.0,1.69
2025-03-11 05:00:00-04:00,39.23,37.33,-0.0,1.9
2025-03-11 06:00:00-04:00,61.4,52.9,5.54,2.96
2025-03-11 07:00:00-04:00,75.26,69.61000000000001,1.96,3.69
2025-03-11 08:00:00-04:00,54.45,51.45,0.27,2.73
2025-03-11 09:00:00-04:00,40.9,38.78,0.07,2.05
2025-03-11 10:00:00-04:00,38.03,33.39,3.07,1.57
2025-03-11 11:00:00-04:00,33.0,24.07,7.8,1.13
2025-03-11 12:00:00-04:00,30.95,21.959999999999997,7.96,1.03
2025-03-11 13:00:00-04:00,29.82,21.61,7.17,1.04
2025-03-11 14:00:00-04:00,30.02,21.59,7.39,1.04
2025-03-11 15:00:00-04:00,32.21,22.19,8.95,1.07
2025-03-11 16:00:00-04:00,36.96,25.42,10.32,1.22
2025-03-11 17:00:00-04:00,41.38,38.66,0.67,2.05
2025-03-11 18:00:00-04:00,56.08,53.11,-0.0,2.97
2025-03-11 19:00:00-04:00,68.87,65.41000000000001,-0.0,3.46
2025-03-11 20:00:00-04:00,63.32,60.31,-0.0,3.01
2025-03-11 21:00:00-04:00,50.58,48.26,-0.0,2.32
2025-03-11 22:00:00-04:00,44.6,42.68,-0.0,1.92
2025-03-11 23:00:00-04:00,41.14,39.48,-0.0,1.66
2025-03-12 00:00:00-04:00,39.28,38.03,-0.0,1.25
2025-03-12 01:00:00-04:00,38.0,36.89,-0.0,1.11
2025-03-12 02:00:00-04:00,36.2,35.25,-0.0,0.95
2025-03-12 03:00:00-04:00,36.02,35.14,-0.0,0.88
2025-03-12 04:00:00-04:00,37.22,36.42,-0.0,0.8
2025-03-12 05:00:00-04:00,44.81,43.72,-0.0,1.09
2025-03-12 06:00:00-04:00,65.0,63.11,-0.0,1.89
2025-03-12 07:00:00-04:00,80.93,78.27000000000001,-0.0,2.66
2025-03-12 08:00:00-04:00,64.81,62.74,-0.0,2.07
2025-03-12 09:00:00-04:00,42.81,41.36,-0.0,1.45
2025-03-12 10:00:00-04:00,42.33,41.14,-0.0,1.19
2025-03-12 11:00:00-04:00,39.53,38.45,-0.0,1.08
2025-03-12 12:00:00-04:00,37.07,36.13,-0.0,0.94
2025-03-12 13:00:00-04:00,36.65,35.76,-0.0,0.89
2025-03-12 14:00:00-04:00,35.9,34.99,-0.0,0.91
2025-03-12 15:00:00-04:00,38.63,38.26,-0.55,0.92
2025-03-12 16:00:00-04:00,45.17,44.5,-0.71,1.38
2025-03-12 17:00:00-04:00,53.13,52.27,-0.92,1.78
2025-03-12 18:00:00-04:00,67.18,66.35000000000001,-1.29,2.12
2025-03-12 19:00:00-04:00,73.54,72.13000000000001,-1.33,2.74
2025-03-12 20:00:00-04:00,64.59,63.23,-1.1,2.46
2025-03-12 21:00:00-04:00,53.61,52.49,-0.93,2.05
2025-03-12 22:00:00-04:00,46.67,45.64,-0.75,1.78
2025-03-12 23:00:00-04:00,43.9,42.42,-0.0,1.48
2025-03-13 00:00:00-04:00,45.75,44.24,-0.0,1.51
2025-03-13 01:00:00-04:00,42.55,41.23,-0.0,1.32
2025-03-13 02:00:00-04:00,39.94,38.78,-0.0,1.16
2025-03-13 03:00:00-04:00,39.75,38.55,-0.0,1.2
2025-03-13 04:00:00-04:00,40.02,38.86000000000001,-0.0,1.16
2025-03-13 05:00:00-04:00,46.56,45.07,-0.0,1.49
2025-03-13 06:00:00-04:00,60.27,58.23,-0.0,2.04
2025-03-13 07:00:00-04:00,83.82,80.52,-0.0,3.3
2025-03-13 08:00:00-04:00,66.99,64.6,-0.0,2.39
2025-03-13 09:00:00-04:00,49.9,50.32,-2.38,1.96
2025-03-13 10:00:00-04:00,44.81,46.88,-3.81,1.74
2025-03-13 11:00:00-04:00,37.0,41.86,-6.49,1.63
2025-03-13 12:00:00-04:00,37.11,40.01,-4.42,1.52
2025-03-13 13:00:00-04:00,35.71,38.379999999999995,-4.09,1.42
2025-03-13 14:00:00-04:00,34.39,37.64,-4.68,1.43
2025-03-13 15:00:00-04:00,35.49,38.85,-4.87,1.51
2025-03-13 16:00:00-04:00,45.95,44.02,-0.0,1.93
2025-03-13 17:00:00-04:00,54.74,52.53,-0.0,2.21
2025-03-13 18:00:00-04:00,66.72,63.97,-0.0,2.75
2025-03-13 19:00:00-04:00,79.81,76.3,-0.0,3.51
2025-03-13 20:00:00-04:00,64.59,62.040000000000006,-0.0,2.55
2025-03-13 21:00:00-04:00,53.49,51.43,-0.0,2.06
2025-03-13 22:00:00-04:00,46.63,44.75,-0.0,1.88
2025-03-13 23:00:00-04:00,42.53,40.97,-0.0,1.56
2025-03-14 00:00:00-04:00,39.13,37.88,-0.0,1.25
2025-03-14 01:00:00-04:00,37.53,36.370000000000005,-0.0,1.16
2025-03-14 02:00:00-04:00,35.57,34.5,-0.0,1.07
2025-03-14 03:00:00-04:00,35.59,34.49,-0.0,1.1
2025-03-14 04:00:00-04:00,37.22,36.0,-0.0,1.22
2025-03-14 05:00:00-04:00,41.98,40.559999999999995,-0.0,1.42
2025-03-14 06:00:00-04:00,54.91,52.75,-0.0,2.16
2025-03-14 07:00:00-04:00,67.91,64.97999999999999,-0.0,2.93
2025-03-14 08:00:00-04:00,57.81,55.11,-0.0,2.7
2025-03-14 09:00:00-04:00,45.45,43.370000000000005,-0.0,2.08
2025-03-14 10:00:00-04:00,40.31,38.46,-0.0,1.85
2025-03-14 11:00:00-04:00,36.82,35.27,-0.0,1.55
2025-03-14 12:00:00-04:00,35.0,33.53,-0.0,1.47
2025-03-14 13:00:00-04:00,33.97,32.51,-0.0,1.46
2025-03-14 14:00:00-04:00,32.4,30.909999999999997,0.01,1.48
2025-03-14 15:00:00-04:00,32.55,31.06,-0.0,1.49
2025-03-14 16:00:00-04:00,36.0,34.35,-0.0,1.65
2025-03-14 17:00:00-04:00,41.21,39.25,-0.0,1.96
2025-03-14 18:00:00-04:00,50.61,48.11,-0.0,2.5
2025-03-14 19:00:00-04:00,57.9,54.83,-0.0,3.07
2025-03-14 20:00:00-04:00,50.0,47.35,-0.0,2.65
2025-03-14 21:00:00-04:00,43.21,40.96,-0.0,2.25
2025-03-14 22:00:00-04:00,39.4,37.559999999999995,-0.0,1.84
2025-03-14 23:00:00-04:00,37.33,35.55,-0.0,1.78
2025-03-15 00:00:00-04:00,36.1,34.480000000000004,-0.0,1.62
2025-03-15 01:00:00-04:00,33.58,31.43,0.67,1.48
2025-03-15 02:00:00-04:00,32.24,28.72,2.2,1.32
2025-03-15 03:00:00-04:00,31.62,28.85,1.41,1.36
2025-03-15 04:00:00-04:00,32.94,29.81,1.79,1.34
2025-03-15 05:00:00-04:00,35.5,31.32,2.71,1.47
2025-03-15 06:00:00-04:00,41.71,33.61,6.49,1.61
2025-03-15 07:00:00-04:00,46.04,33.63,10.86,1.55
2025-03-15 08:00:00-04:00,44.94,37.3,5.81,1.83
2025-03-15 09:00:00-04:00,40.06,38.080000000000005,-0.0,1.98
2025-03-15 10:00:00-04:00,37.83,36.03,-0.0,1.8
2025-03-15 11:00:00-04:00,35.61,34.04,-0.0,1.57
2025-03-15 12:00:00-04:00,31.97,30.51,-0.0,1.46
2025-03-15 13:00:00-04:00,30.55,29.1,-0.0,1.45
2025-03-15 14:00:00-04:00,29.69,27.910000000000004,0.38,1.4
2025-03-15 15:00:00-04:00,31.61,26.9,3.34,1.37
2025-03-15 16:00:00-04:00,33.33,31.799999999999997,-0.0,1.53
2025-03-15 17:00:00-04:00,38.83,35.589999999999996,1.32,1.92
2025-03-15 18:00:00-04:00,47.41,40.09,5.2,2.12
2025-03-15 19:00:00-04:00,52.6,43.059999999999995,7.13,2.41
2025-03-15 20:00:00-04:00,46.26,41.15,2.85,2.26
2025-03-15 21:00:00-04:00,37.67,34.96,0.86,1.85
2025-03-15 22:00:00-04:00,35.09,26.15,7.63,1.31
2025-03-15 23:00:00-04:00,33.31,27.99,3.92,1.4
2025-03-16 00:00:00-04:00,30.34,23.93,5.28,1.13
2025-03-16 01:00:00-04:00,28.3,21.23,6.09,0.98
2025-03-16 02:00:00-04:00,26.21,21.84,3.36,1.01
2025-03-16 03:00:00-04:00,26.07,20.0,5.15,0.92
2025-03-16 04:00:00-04:00,26.72,20.76,4.98,0.98
2025-03-16 05:00:00-04:00,26.43,20.200000000000003,5.24,0.99
2025-03-16 06:00:00-04:00,31.1,19.480000000000004,10.69,0.93
2025-03-16 07:00:00-04:00,34.07,20.159999999999997,12.92,0.99
2025-03-16 08:00:00-04:00,37.29,21.12,15.16,1.01
2025-03-16 09:00:00-04:00,34.0,24.4,8.43,1.17
2025-03-16 10:00:00-04:00,36.64,28.0,7.24,1.4
2025-03-16 11:00:00-04:00,33.86,27.21,5.24,1.41
2025-03-16 12:00:00-04:00,34.07,27.520000000000003,5.15,1.4
2025-03-16 13:00:00-04:00,33.8,26.11999999999999,6.37,1.31
2025-03-16 14:00:00-04:00,33.07,25.76,6.02,1.29
2025-03-16 15:00:00-04:00,33.25,28.83,2.89,1.53
2025-03-16 16:00:00-04:00,37.14,33.92,1.42,1.8
2025-03-16 17:00:00-04:00,40.75,33.82,5.17,1.76
2025-03-16 18:00:00-04:00,44.5,42.18,0.09,2.23
2025-03-16 19:00:00-04:00,50.58,48.129999999999995,-0.0,2.45
2025-03-16 20:00:00-04:00,45.52,43.31,-0.0,2.21
2025-03-16 21:00:00-04:00,37.66,35.94,-0.0,1.72
2025-03-16 22:00:00-04:00,33.22,31.85,-0.0,1.37
2025-03-16 23:00:00-04:00,31.53,30.35,-0.0,1.18
2025-03-17 00:00:00-04:00,35.7,34.86,-0.0,0.84
2025-03-17 01:00:00-04:00,32.97,32.23,-0.0,0.74
2025-03-17 02:00:00-04:00,31.75,31.04,-0.0,0.71
2025-03-17 03:00:00-04:00,30.57,29.91,-0.0,0.66
2025-03-17 04:00:00-04:00,30.85,30.25,-0.0,0.6
2025-03-17 05:00:00-04:00,35.13,34.31,-0.0,0.82
2025-03-17 06:00:00-04:00,43.62,42.18,-0.0,1.44
2025-03-17 07:00:00-04:00,57.29,55.14,-0.0,2.15
2025-03-17 08:00:00-04:00,53.87,51.75,-0.0,2.12
2025-03-17 09:00:00-04:00,49.84,47.74,-0.0,2.1
2025-03-17 10:00:00-04:00,48.07,46.0,-0.0,2.07
2025-03-17 11:00:00-04:00,45.86,43.76,-0.0,2.1
2025-03-17 12:00:00-04:00,43.62,41.66,-0.0,1.96
2025-03-17 13:00:00-04:00,42.08,40.14,-0.03,1.97
2025-03-17 14:00:00-04:00,39.45,37.65,-0.01,1.81
2025-03-17 15:00:00-04:00,40.75,38.88,-0.03,1.9
2025-03-17 16:00:00-04:00,41.62,39.64,-0.0,1.98
2025-03-17 17:00:00-04:00,51.02,49.66,-1.02,2.38
2025-03-17 18:00:00-04:00,58.13,55.84,-0.0,2.29
2025-03-17 19:00:00-04:00,67.0,64.3,-0.0,2.7
2025-03-17 20:00:00-04:00,58.47,56.11,-0.0,2.36
2025-03-17 21:00:00-04:00,48.44,46.489999999999995,-0.0,1.95
2025-03-17 22:00:00-04:00,42.81,41.28,-0.0,1.53
2025-03-17 23:00:00-04:00,38.62,37.599999999999994,-0.0,1.02
2025-03-18 00:00:00-04:00,40.03,39.02,-0.0,1.01
2025-03-18 01:00:00-04:00,37.43,36.55,-0.0,0.88
2025-03-18 02:00:00-04:00,35.32,34.53,-0.0,0.79
2025-03-18 03:00:00-04:00,34.91,34.059999999999995,-0.0,0.85
2025-03-18 04:00:00-04:00,35.91,34.97,-0.0,0.94
2025-03-18 05:00:00-04:00,40.72,39.46,-0.0,1.26
2025-03-18 06:00:00-04:00,57.43,55.38,-0.0,2.05
2025-03-18 07:00:00-04:00,71.86,68.83,-0.0,3.03
2025-03-18 08:00:00-04:00,53.49,51.33,-0.0,2.16
2025-03-18 09:00:00-04:00,38.47,36.99,-0.0,1.48
2025-03-18 10:00:00-04:00,34.13,32.85,-0.0,1.28
2025-03-18 11:00:00-04:00,30.19,29.06,-0.0,1.13
2025-03-18 12:00:00-04:00,28.26,27.200000000000003,-0.0,1.06
2025-03-18 13:00:00-04:00,27.32,26.3,-0.0,1.02
2025-03-18 14:00:00-04:00,26.93,25.84,-0.0,1.09
2025-03-18 15:00:00-04:00,29.87,28.69,-0.0,1.18
2025-03-18 16:00:00-04:00,32.8,31.51,-0.0,1.29
2025-03-18 17:00:00-04:00,39.65,38.05,-0.0,1.6
2025-03-18 18:00:00-04:00,49.43,47.48,-0.0,1.95
2025-03-18 19:00:00-04:00,60.52,58.190000000000005,-0.0,2.33
2025-03-18 20:00:00-04:00,53.11,50.97,-0.0,2.14
2025-03-18 21:00:00-04:00,42.87,41.07,-0.0,1.8
2025-03-18 22:00:00-04:00,39.21,37.67,-0.0,1.54
2025-03-18 23:00:00-04:00,36.54,35.199999999999996,-0.0,1.34
2025-03-19 00:00:00-04:00,35.79,34.55,-0.0,1.24
2025-03-19 01:00:00-04:00,33.86,32.69,-0.0,1.17
2025-03-19 02:00:00-04:00,32.81,31.700000000000003,-0.0,1.11
2025-03-19 03:00:00-04:00,33.1,31.98,-0.0,1.12
2025-03-19 04:00:00-04:00,33.86,32.69,-0.0,1.17
2025-03-19 05:00:00-04:00,35.71,34.04,-0.0,1.67
2025-03-19 06:00:00-04:00,53.59,51.330000000000005,-0.0,2.26
2025-03-19 07:00:00-04:00,63.47,60.62,-0.0,2.85
2025-03-19 08:00:00-04:00,49.42,47.2,-0.0,2.22
2025-03-19 09:00:00-04:00,36.18,34.62,-0.0,1.56
2025-03-19 10:00:00-04:00,33.23,31.979999999999997,-0.0,1.25
2025-03-19 11:00:00-04:00,29.69,28.49,-0.0,1.2
2025-03-19 12:00:00-04:00,28.63,27.45,-0.0,1.18
2025-03-19 13:00:00-04:00,28.39,27.17,-0.0,1.22
2025-03-19 14:00:00-04:00,27.18,25.98,-0.0,1.2
2025-03-19 15:00:00-04:00,29.78,28.34,-0.0,1.44
2025-03-19 16:00:00-04:00,33.36,31.83,-0.0,1.53
2025-03-19 17:00:00-04:00,38.55,36.4,-0.0,2.15
2025-03-19 18:00:00-04:00,50.02,47.14,-0.0,2.88
2025-03-19 19:00:00-04:00,56.31,53.02,-0.0,3.29
2025-03-19 20:00:00-04:00,51.33,48.379999999999995,-0.0,2.95
2025-03-19 21:00:00-04:00,39.87,37.58,-0.0,2.29
2025-03-19 22:00:00-04:00,35.81,33.85,-0.0,1.96
2025-03-19 23:00:00-04:00,33.13,31.430000000000003,-0.0,1.7
2025-03-20 00:00:00-04:00,35.27,33.790000000000006,-0.0,1.48
2025-03-20 01:00:00-04:00,33.25,31.79,-0.0,1.46
2025-03-20 02:00:00-04:00,32.22,30.86,-0.0,1.36
2025-03-20 03:00:00-04:00,31.34,30.02,-0.0,1.32
2025-03-20 04:00:00-04:00,31.54,30.24,-0.0,1.3
2025-03-20 05:00:00-04:00,35.01,33.54,-0.0,1.47
2025-03-20 06:00:00-04:00,51.82,49.03,-0.0,2.79
2025-03-20 07:00:00-04:00,58.1,56.32,-1.43,3.21
2025-03-20 08:00:00-04:00,53.43,51.37,-0.76,2.82
2025-03-20 09:00:00-04:00,46.39,44.06,-0.09,2.42
2025-03-20 10:00:00-04:00,45.17,42.93,-0.03,2.27
2025-03-20 11:00:00-04:00,41.48,39.36,-0.0,2.12
2025-03-20 12:00:00-04:00,40.3,38.53,-0.27,2.04
2025-03-20 13:00:00-04:00,38.89,37.0,-0.03,1.92
2025-03-20 14:00:00-04:00,38.55,36.57,-0.03,2.01
2025-03-20 15:00:00-04:00,42.05,39.86,-0.0,2.19
2025-03-20 16:00:00-04:00,43.54,41.39,-0.0,2.15
2025-03-20 17:00:00-04:00,48.3,46.81999999999999,-0.86,2.34
2025-03-20 18:00:00-04:00,53.88,51.580000000000005,-0.18,2.48
2025-03-20 19:00:00-04:00,62.66,61.07,-1.46,3.05
2025-03-20 20:00:00-04:00,57.38,55.56,-0.79,2.61
2025-03-20 21:00:00-04:00,47.98,45.9,-0.03,2.11
2025-03-20 22:00:00-04:00,41.84,40.080000000000005,-0.0,1.76
2025-03-20 23:00:00-04:00,38.33,36.93,-0.0,1.4
2025-03-21 00:00:00-04:00,38.75,37.48,-0.0,1.27
2025-03-21 01:00:00-04:00,36.48,35.32,-0.0,1.16
2025-03-21 02:00:00-04:00,35.34,34.21,-0.0,1.13
2025-03-21 03:00:00-04:00,35.27,34.150000000000006,-0.0,1.12
2025-03-21 04:00:00-04:00,35.37,34.14,-0.0,1.23
2025-03-21 05:00:00-04:00,39.63,38.1,-0.0,1.53
2025-03-21 06:00:00-04:00,53.19,52.529999999999994,-1.65,2.31
2025-03-21 07:00:00-04:00,63.26,63.09,-2.67,2.84
2025-03-21 08:00:00-04:00,56.17,55.73,-2.12,2.56
2025-03-21 09:00:00-04:00,46.32,45.08,-0.92,2.16
2025-03-21 10:00:00-04:00,39.5,37.73,-0.0,1.77
2025-03-21 11:00:00-04:00,36.34,34.68000000000001,-0.0,1.66
2025-03-21 12:00:00-04:00,33.43,31.96,-0.0,1.47
2025-03-21 13:00:00-04:00,31.97,30.53,-0.0,1.44
2025-03-21 14:00:00-04:00,31.08,29.52,-0.0,1.56
2025-03-21 15:00:00-04:00,31.73,30.13,-0.0,1.6
2025-03-21 16:00:00-04:00,33.75,32.14,-0.0,1.61
2025-03-21 17:00:00-04:00,40.04,38.17,-0.0,1.87
2025-03-21 18:00:00-04:00,51.94,49.33,-0.0,2.61
2025-03-21 19:00:00-04:00,59.17,55.71,-0.0,3.46
2025-03-21 20:00:00-04:00,53.86,51.2,-0.0,2.66
2025-03-21 21:00:00-04:00,47.32,45.2,-0.0,2.12
2025-03-21 22:00:00-04:00,41.3,39.48,-0.0,1.82
2025-03-21 23:00:00-04:00,38.14,36.53,-0.0,1.61
2025-03-22 00:00:00-04:00,36.22,34.86,-0.0,1.36
2025-03-22 01:00:00-04:00,34.62,33.26,-0.0,1.36
2025-03-22 02:00:00-04:00,33.22,31.91,-0.0,1.31
2025-03-22 03:00:00-04:00,32.07,30.78,-0.0,1.29
2025-03-22 04:00:00-04:00,31.94,30.62,-0.0,1.32
2025-03-22 05:00:00-04:00,34.99,33.61,-0.0,1.38
2025-03-22 06:00:00-04:00,42.22,40.56,-0.0,1.66
2025-03-22 07:00:00-04:00,47.93,45.86,-0.0,2.07
2025-03-22 08:00:00-04:00,42.67,40.83,-0.0,1.84
2025-03-22 09:00:00-04:00,35.7,34.230000000000004,-0.0,1.47
2025-03-22 10:00:00-04:00,32.96,31.72,-0.0,1.24
2025-03-22 11:00:00-04:00,32.88,31.65,-0.0,1.23
2025-03-22 12:00:00-04:00,30.81,29.65,-0.0,1.16
2025-03-22 13:00:00-04:00,29.28,28.15,-0.0,1.13
2025-03-22 14:00:00-04:00,28.42,27.35,-0.0,1.07
2025-03-22 15:00:00-04:00,30.67,29.49,-0.0,1.18
2025-03-22 16:00:00-04:00,33.45,32.160000000000004,-0.0,1.29
2025-03-22 17:00:00-04:00,37.87,36.279999999999994,-0.0,1.59
2025-03-22 18:00:00-04:00,46.43,44.22,-0.0,2.21
2025-03-22 19:00:00-04:00,52.63,50.17,-0.0,2.46
2025-03-22 20:00:00-04:00,51.53,49.26,-0.0,2.27
2025-03-22 21:00:00-04:00,44.02,42.120000000000005,-0.0,1.9
2025-03-22 22:00:00-04:00,39.18,37.67,-0.0,1.51
2025-03-22 23:00:00-04:00,37.7,36.39,-0.0,1.31
2025-03-23 00:00:00-04:00,39.14,37.85,-0.0,1.29
2025-03-23 01:00:00-04:00,36.13,35.150000000000006,-0.0,0.98
2025-03-23 02:00:00-04:00,35.64,34.7,-0.0,0.94
2025-03-23 03:00:00-04:00,35.93,34.98,-0.0,0.95
2025-03-23 04:00:00-04:00,36.81,35.88,-0.0,0.93
2025-03-23 05:00:00-04:00,38.34,37.330000000000005,-0.0,1.01
2025-03-23 06:00:00-04:00,45.81,44.35,-0.0,1.46
2025-03-23 07:00:00-04:00,51.27,49.580000000000005,-0.0,1.69
2025-03-23 08:00:00-04:00,42.74,41.38,-0.0,1.36
2025-03-23 09:00:00-04:00,36.47,35.339999999999996,-0.0,1.13
2025-03-23 10:00:00-04:00,33.67,32.63,-0.0,1.04
2025-03-23 11:00:00-04:00,31.36,30.39,-0.0,0.97
2025-03-23 12:00:00-04:00,30.25,29.4,-0.0,0.85
2025-03-23 13:00:00-04:00,28.85,28.01,-0.0,0.84
2025-03-23 14:00:00-04:00,27.63,26.8,-0.0,0.83
2025-03-23 15:00:00-04:00,27.82,26.88,-0.0,0.94
2025-03-23 16:00:00-04:00,32.11,31.2,-0.0,0.91
2025-03-23 17:00:00-04:00,42.55,41.15,-0.0,1.4
2025-03-23 18:00:00-04:00,54.75,52.8,-0.0,1.95
2025-03-23 19:00:00-04:00,66.23,63.620000000000005,-0.0,2.61
2025-03-23 20:00:00-04:00,61.65,59.28,-0.0,2.37
2025-03-23 21:00:00-04:00,50.03,48.1,-0.0,1.93
2025-03-23 22:00:00-04:00,42.34,40.71,-0.0,1.63
2025-03-23 23:00:00-04:00,37.98,36.7,-0.0,1.28
2025-03-24 00:00:00-04:00,39.84,38.42,-0.0,1.42
2025-03-24 01:00:00-04:00,38.44,37.0,-0.0,1.44
2025-03-24 02:00:00-04:00,36.79,35.37,-0.0,1.42
2025-03-24 03:00:00-04:00,35.93,34.55,-0.0,1.38
2025-03-24 04:00:00-04:00,37.68,36.23,-0.0,1.45
2025-03-24 05:00:00-04:00,43.06,41.400000000000006,-0.0,1.66
2025-03-24 06:00:00-04:00,54.4,51.91,-0.0,2.49
2025-03-24 07:00:00-04:00,62.27,58.970000000000006,-0.0,3.3
2025-03-24 08:00:00-04:00,57.27,54.23,-0.0,3.04
2025-03-24 09:00:00-04:00,52.95,50.14,-0.0,2.81
2025-03-24 10:00:00-04:00,52.84,49.99,-0.0,2.85
2025-03-24 11:00:00-04:00,51.68,48.8,-0.0,2.88
2025-03-24 12:00:00-04:00,46.85,44.2,-0.0,2.65
2025-03-24 13:00:00-04:00,45.14,42.59,-0.0,2.55
2025-03-24 14:00:00-04:00,43.58,41.23,-0.0,2.35
2025-03-24 15:00:00-04:00,43.16,40.95,-0.0,2.21
2025-03-24 16:00:00-04:00,43.74,41.46,-0.0,2.28
2025-03-24 17:00:00-04:00,51.09,48.52,-0.0,2.57
2025-03-24 18:00:00-04:00,57.38,54.39,-0.0,2.99
2025-03-24 19:00:00-04:00,63.36,60.0,-0.0,3.36
2025-03-24 20:00:00-04:00,58.51,55.51,-0.0,3.0
2025-03-24 21:00:00-04:00,47.98,45.61,-0.0,2.37
2025-03-24 22:00:00-04:00,42.57,40.54,-0.0,2.03
2025-03-24 23:00:00-04:00,41.89,40.08,-0.0,1.81
2025-03-25 00:00:00-04:00,40.87,39.22,-0.0,1.65
2025-03-25 01:00:00-04:00,38.8,37.34,-0.0,1.46
2025-03-25 02:00:00-04:00,37.28,36.02,-0.0,1.26
2025-03-25 03:00:00-04:00,36.99,35.84,-0.0,1.15
2025-03-25 04:00:00-04:00,37.65,36.41,-0.0,1.24
2025-03-25 05:00:00-04:00,42.09,40.55,-0.0,1.54
2025-03-25 06:00:00-04:00,55.97,53.56,-0.0,2.41
2025-03-25 07:00:00-04:00,64.0,61.01,-0.0,2.99
2025-03-25 08:00:00-04:00,56.92,54.260000000000005,-0.0,2.66
2025-03-25 09:00:00-04:00,43.33,41.19,-0.0,2.14
2025-03-25 10:00:00-04:00,40.81,38.940000000000005,-0.0,1.87
2025-03-25 11:00:00-04:00,39.06,37.31,-0.0,1.75
2025-03-25 12:00:00-04:00,36.62,34.98,-0.0,1.64
2025-03-25 13:00:00-04:00,36.58,34.97,-0.0,1.61
2025-03-25 14:00:00-04:00,35.33,33.71,-0.0,1.62
2025-03-25 15:00:00-04:00,36.11,34.42,-0.0,1.69
2025-03-25 16:00:00-04:00,39.49,37.54,-0.0,1.95
2025-03-25 17:00:00-04:00,46.3,43.8,-0.0,2.5
2025-03-25 18:00:00-04:00,57.21,54.28,-0.0,2.93
2025-03-25 19:00:00-04:00,66.39,63.29,-0.0,3.1
2025-03-25 20:00:00-04:00,62.8,59.919999999999995,-0.0,2.88
2025-03-25 21:00:00-04:00,50.68,48.5,-0.0,2.18
2025-03-25 22:00:00-04:00,44.92,42.940000000000005,-0.0,1.98
2025-03-25 23:00:00-04:00,42.15,40.61,-0.0,1.54
2025-03-26 00:00:00-04:00,41.78,40.25,-0.0,1.53
2025-03-26 01:00:00-04:00,40.12,38.84,-0.0,1.28
2025-03-26 02:00:00-04:00,39.47,38.17,-0.0,1.3
2025-03-26 03:00:00-04:00,39.31,38.13,-0.0,1.18
2025-03-26 04:00:00-04:00,40.22,38.97,-0.0,1.25
2025-03-26 05:00:00-04:00,44.01,42.48,-0.0,1.53
2025-03-26 06:00:00-04:00,58.33,55.71,-0.0,2.62
2025-03-26 07:00:00-04:00,67.81,64.83,-0.0,2.98
2025-03-26 08:00:00-04:00,57.59,55.220000000000006,-0.0,2.37
2025-03-26 09:00:00-04:00,44.54,42.54,-0.0,2.0
2025-03-26 10:00:00-04:00,40.97,39.32,-0.0,1.65
2025-03-26 11:00:00-04:00,37.92,36.36,-0.0,1.56
2025-03-26 12:00:00-04:00,37.63,36.11,-0.0,1.52
2025-03-26 13:00:00-04:00,37.84,36.32,-0.0,1.52
2025-03-26 14:00:00-04:00,36.73,35.22,-0.0,1.51
2025-03-26 15:00:00-04:00,37.24,35.57,-0.0,1.67
2025-03-26 16:00:00-04:00,40.42,38.46,-0.0,1.96
2025-03-26 17:00:00-04:00,48.0,45.46,-0.0,2.54
2025-03-26 18:00:00-04:00,56.65,53.65,-0.0,3.0
2025-03-26 19:00:00-04:00,69.02,65.49,-0.0,3.53
2025-03-26 20:00:00-04:00,65.05,61.72,-0.0,3.33
2025-03-26 21:00:00-04:00,55.72,53.12,-0.0,2.6
2025-03-26 22:00:00-04:00,46.97,44.73,-0.0,2.24
2025-03-26 23:00:00-04:00,44.69,42.89,-0.0,1.8
2025-03-27 00:00:00-04:00,41.09,39.43000000000001,-0.0,1.66
2025-03-27 01:00:00-04:00,39.53,37.94,-0.0,1.59
2025-03-27 02:00:00-04:00,38.28,36.84,-0.0,1.44
2025-03-27 03:00:00-04:00,39.18,37.78,-0.0,1.4
2025-03-27 04:00:00-04:00,39.5,37.94,-0.0,1.56
2025-03-27 05:00:00-04:00,44.71,42.83,-0.0,1.88
2025-03-27 06:00:00-04:00,66.61,63.68,-0.0,2.93
2025-03-27 07:00:00-04:00,78.75,74.93,-0.0,3.82
2025-03-27 08:00:00-04:00,53.75,51.39,-0.0,2.36
2025-03-27 09:00:00-04:00,39.45,37.68,-0.0,1.77
2025-03-27 10:00:00-04:00,34.12,32.559999999999995,-0.0,1.56
2025-03-27 11:00:00-04:00,32.5,31.13,-0.0,1.37
2025-03-27 12:00:00-04:00,31.64,30.39,-0.0,1.25
2025-03-27 13:00:00-04:00,31.57,30.21,-0.0,1.36
2025-03-27 14:00:00-04:00,29.22,27.88,-0.0,1.34
2025-03-27 15:00:00-04:00,29.02,27.64,-0.0,1.38
2025-03-27 16:00:00-04:00,32.83,29.33,2.09,1.41
2025-03-27 17:00:00-04:00,39.61,37.44,-0.0,2.17
2025-03-27 18:00:00-04:00,51.04,48.15,-0.0,2.89
2025-03-27 19:00:00-04:00,63.43,59.73,-0.0,3.7
2025-03-27 20:00:00-04:00,59.73,56.4,-0.0,3.33
2025-03-27 21:00:00-04:00,47.57,44.88,-0.0,2.69
2025-03-27 22:00:00-04:00,42.87,40.709999999999994,-0.0,2.16
2025-03-27 23:00:00-04:00,39.01,37.19,-0.0,1.82
2025-03-28 00:00:00-04:00,36.86,35.14,-0.0,1.72
2025-03-28 01:00:00-04:00,35.98,34.4,-0.0,1.58
2025-03-28 02:00:00-04:00,34.99,33.580000000000005,-0.0,1.41
2025-03-28 03:00:00-04:00,34.64,33.28,-0.0,1.36
2025-03-28 04:00:00-04:00,34.86,33.55,-0.0,1.31
2025-03-28 05:00:00-04:00,40.38,38.900000000000006,-0.0,1.48
2025-03-28 06:00:00-04:00,56.51,54.23,-0.0,2.28
2025-03-28 07:00:00-04:00,69.84,66.77000000000001,-0.0,3.07
2025-03-28 08:00:00-04:00,53.47,51.22,-0.0,2.25
2025-03-28 09:00:00-04:00,41.41,39.629999999999995,-0.0,1.78
2025-03-28 10:00:00-04:00,38.34,36.940000000000005,-0.0,1.4
2025-03-28 11:00:00-04:00,35.67,34.4,-0.0,1.27
2025-03-28 12:00:00-04:00,34.11,32.83,-0.0,1.28
2025-03-28 13:00:00-04:00,32.98,31.839999999999996,-0.0,1.14
2025-03-28 14:00:00-04:00,33.16,31.879999999999995,-0.0,1.28
2025-03-28 15:00:00-04:00,34.44,33.21,-0.0,1.23
2025-03-28 16:00:00-04:00,36.75,35.44,-0.0,1.31
2025-03-28 17:00:00-04:00,41.43,39.8,-0.0,1.63
2025-03-28 18:00:00-04:00,46.44,44.349999999999994,-0.0,2.09
2025-03-28 19:00:00-04:00,55.98,53.47,-0.0,2.51
2025-03-28 20:00:00-04:00,50.37,48.11,-0.0,2.26
2025-03-28 21:00:00-04:00,40.86,39.06,-0.0,1.8
2025-03-28 22:00:00-04:00,38.99,37.38,-0.0,1.61
2025-03-28 23:00:00-04:00,35.49,34.06,-0.0,1.43
2025-03-29 00:00:00-04:00,33.07,31.86,-0.0,1.21
2025-03-29 01:00:00-04:00,31.91,30.65,-0.0,1.26
2025-03-29 02:00:00-04:00,30.55,29.37,-0.0,1.18
2025-03-29 03:00:00-04:00,29.42,28.23,-0.0,1.19
2025-03-29 04:00:00-04:00,29.36,28.12,-0.0,1.24
2025-03-29 05:00:00-04:00,31.22,29.91,-0.0,1.31
2025-03-29 06:00:00-04:00,34.39,33.04,-0.0,1.35
2025-03-29 07:00:00-04:00,37.45,35.870000000000005,-0.0,1.58
2025-03-29 08:00:00-04:00,39.48,38.0,-0.0,1.48
2025-03-29 09:00:00-04:00,36.7,35.32,-0.0,1.38
2025-03-29 10:00:00-04:00,35.93,34.72,-0.0,1.21
2025-03-29 11:00:00-04:00,34.42,33.230000000000004,-0.0,1.19
2025-03-29 12:00:00-04:00,32.09,30.940000000000005,-0.0,1.15
2025-03-29 13:00:00-04:00,31.88,30.799999999999997,-0.0,1.08
2025-03-29 14:00:00-04:00,32.26,31.08,-0.0,1.18
2025-03-29 15:00:00-04:00,32.96,31.78,-0.0,1.18
2025-03-29 16:00:00-04:00,35.1,33.88,-0.0,1.22
2025-03-29 17:00:00-04:00,38.82,37.33,-0.0,1.49
2025-03-29 18:00:00-04:00,44.97,43.2,-0.0,1.77
2025-03-29 19:00:00-04:00,49.79,47.83,-0.0,1.96
2025-03-29 20:00:00-04:00,45.33,43.58,-0.0,1.75
2025-03-29 21:00:00-04:00,39.43,37.99,-0.0,1.44
2025-03-29 22:00:00-04:00,37.18,35.99,-0.0,1.19
2025-03-29 23:00:00-04:00,33.78,32.730000000000004,-0.0,1.05
2025-03-30 00:00:00-04:00,36.77,35.77,-0.0,1.0
2025-03-30 01:00:00-04:00,35.0,33.98,-0.0,1.02
2025-03-30 02:00:00-04:00,33.77,32.85,-0.0,0.92
2025-03-30 03:00:00-04:00,33.87,32.91,-0.0,0.96
2025-03-30 04:00:00-04:00,34.18,33.25,-0.0,0.93
2025-03-30 05:00:00-04:00,34.79,33.839999999999996,-0.0,0.95
2025-03-30 06:00:00-04:00,36.12,35.07,-0.0,1.05
2025-03-30 07:00:00-04:00,37.74,36.36,-0.0,1.38
2025-03-30 08:00:00-04:00,38.2,36.84,-0.0,1.36
2025-03-30 09:00:00-04:00,42.23,40.65,-0.0,1.58
2025-03-30 10:00:00-04:00,44.64,42.92,-0.0,1.72
2025-03-30 11:00:00-04:00,44.07,42.33,-0.0,1.74
2025-03-30 12:00:00-04:00,43.13,41.39,-0.0,1.74
2025-03-30 13:00:00-04:00,41.34,39.6,-0.0,1.74
2025-03-30 14:00:00-04:00,41.18,39.37,-0.0,1.81
2025-03-30 15:00:00-04:00,42.92,41.03,-0.0,1.89
2025-03-30 16:00:00-04:00,46.04,43.93,-0.0,2.11
2025-03-30 17:00:00-04:00,50.88,48.46,-0.0,2.42
2025-03-30 18:00:00-04:00,54.23,51.45,-0.0,2.78
2025-03-30 19:00:00-04:00,58.29,54.989999999999995,0.17,3.13
2025-03-30 20:00:00-04:00,53.75,50.71,-0.0,3.04
2025-03-30 21:00:00-04:00,44.42,37.95,4.5,1.97
2025-03-30 22:00:00-04:00,40.39,38.36,-0.0,2.03
2025-03-30 23:00:00-04:00,34.57,32.81,0.28,1.48
2025-03-31 00:00:00-04:00,37.06,25.08,10.95,1.03
2025-03-31 01:00:00-04:00,33.63,23.49,9.15,0.99
2025-03-31 02:00:00-04:00,33.07,22.549999999999997,9.6,0.92
2025-03-31 03:00:00-04:00,31.54,22.29,8.4,0.85
2025-03-31 04:00:00-04:00,33.46,23.410000000000004,9.14,0.91
2025-03-31 05:00:00-04:00,33.73,26.64,5.97,1.12
2025-03-31 06:00:00-04:00,46.7,30.47,14.71,1.52
2025-03-31 07:00:00-04:00,49.67,46.25,-0.0,3.42
2025-03-31 08:00:00-04:00,52.19,48.46,-0.0,3.73
2025-03-31 09:00:00-04:00,49.13,45.06,0.6,3.47
2025-03-31 10:00:00-04:00,50.12,46.45,-0.0,3.67
2025-03-31 11:00:00-04:00,46.23,42.919999999999995,-0.0,3.31
2025-03-31 12:00:00-04:00,42.12,39.07,-0.0,3.05
2025-03-31 13:00:00-04:00,41.3,38.349999999999994,-0.0,2.95
2025-03-31 14:00:00-04:00,39.69,36.82,-0.0,2.87
2025-03-31 15:00:00-04:00,41.32,38.19,-0.0,3.13
2025-03-31 16:00:00-04:00,47.15,38.02,6.28,2.85
2025-03-31 17:00:00-04:00,53.26,42.81,7.33,3.12
2025-03-31 18:00:00-04:00,55.5,48.05,3.9,3.55
2025-03-31 19:00:00-04:00,61.68,57.21,-0.0,4.47
2025-03-31 20:00:00-04:00,54.33,50.83,-0.0,3.5
2025-03-31 21:00:00-04:00,44.52,41.720000000000006,-0.0,2.8
2025-03-31 22:00:00-04:00,39.46,37.3,-0.0,2.16
2025-03-31 23:00:00-04:00,37.1,35.370000000000005,-0.0,1.73
2025-04-01 00:00:00-04:00,34.14,32.99,-0.0,1.15
2025-04-01 01:00:00-04:00,33.6,32.370000000000005,-0.0,1.23
2025-04-01 02:00:00-04:00,31.62,30.52,-0.0,1.1
2025-04-01 03:00:00-04:00,31.0,29.98,-0.0,1.02
2025-04-01 04:00:00-04:00,32.17,31.08,-0.0,1.09
2025-04-01 05:00:00-04:00,35.14,33.92,-0.0,1.22
2025-04-01 06:00:00-04:00,49.37,47.29,-0.0,2.08
2025-04-01 07:00:00-04:00,57.87,55.489999999999995,-0.0,2.38
2025-04-01 08:00:00-04:00,49.13,47.06,-0.0,2.07
2025-04-01 09:00:00-04:00,37.5,35.95,-0.0,1.55
2025-04-01 10:00:00-04:00,34.26,32.69,-0.0,1.57
2025-04-01 11:00:00-04:00,32.33,30.79,-0.0,1.54
2025-04-01 12:00:00-04:00,29.78,28.31,-0.0,1.47
2025-04-01 13:00:00-04:00,29.2,27.68,-0.0,1.52
2025-04-01 14:00:00-04:00,29.97,28.49,-0.0,1.48
2025-04-01 15:00:00-04:00,29.36,27.88,-0.0,1.48
2025-04-01 16:00:00-04:00,31.56,29.86,-0.0,1.7
2025-04-01 17:00:00-04:00,39.39,37.48,-0.0,1.91
2025-04-01 18:00:00-04:00,45.61,43.07,-0.0,2.54
2025-04-01 19:00:00-04:00,59.63,56.68,-0.0,2.95
2025-04-01 20:00:00-04:00,56.53,53.69,-0.0,2.84
2025-04-01 21:00:00-04:00,43.46,41.31,-0.0,2.15
2025-04-01 22:00:00-04:00,39.54,37.84,-0.0,1.7
2025-04-01 23:00:00-04:00,36.67,35.230000000000004,-0.0,1.44
2025-04-02 00:00:00-04:00,39.19,37.94,-0.0,1.25
2025-04-02 01:00:00-04:00,37.19,35.9,-0.0,1.29
2025-04-02 02:00:00-04:00,36.67,35.36,-0.0,1.31
2025-04-02 03:00:00-04:00,36.85,35.5,-0.0,1.35
2025-04-02 04:00:00-04:00,37.09,35.730000000000004,-0.0,1.36
2025-04-02 05:00:00-04:00,41.85,40.28,-0.0,1.57
2025-04-02 06:00:00-04:00,58.04,55.17,-0.0,2.87
2025-04-02 07:00:00-04:00,66.27,62.52,-0.0,3.75
2025-04-02 08:00:00-04:00,53.97,51.11,-0.0,2.86
2025-04-02 09:00:00-04:00,45.08,42.89,-0.0,2.19
2025-04-02 10:00:00-04:00,39.04,37.18,-0.0,1.86
2025-04-02 11:00:00-04:00,37.7,35.910000000000004,-0.0,1.79
2025-04-02 12:00:00-04:00,38.08,36.16,-0.0,1.92
2025-04-02 13:00:00-04:00,37.84,36.040000000000006,-0.0,1.8
2025-04-02 14:00:00-04:00,38.24,36.28,-0.0,1.96
2025-04-02 15:00:00-04:00,39.21,36.99,-0.0,2.22
2025-04-02 16:00:00-04:00,42.34,39.790000000000006,-0.0,2.55
2025-04-02 17:00:00-04:00,48.1,45.08,-0.0,3.02
2025-04-02 18:00:00-04:00,56.54,52.79,-0.0,3.75
2025-04-02 19:00:00-04:00,65.79,61.32000000000001,-0.0,4.47
2025-04-02 20:00:00-04:00,58.55,49.16,5.9,3.49
2025-04-02 21:00:00-04:00,47.64,41.06,3.75,2.83
2025-04-02 22:00:00-04:00,41.05,37.809999999999995,0.9,2.34
2025-04-02 23:00:00-04:00,39.35,35.08,2.2,2.07
2025-04-03 00:00:00-04:00,39.21,28.409999999999997,9.35,1.45
2025-04-03 01:00:00-04:00,37.25,24.43,11.57,1.25
2025-04-03 02:00:00-04:00,35.86,25.040000000000003,9.59,1.23
2025-04-03 03:00:00-04:00,35.4,24.479999999999997,9.72,1.2
2025-04-03 04:00:00-04:00,36.09,23.35,11.57,1.17
2025-04-03 05:00:00-04:00,37.42,34.45,1.32,1.65
2025-04-03 06:00:00-04:00,49.1,44.97,1.61,2.52
2025-04-03 07:00:00-04:00,56.63,44.56,9.17,2.9
2025-04-03 08:00:00-04:00,56.49,52.89,-0.0,3.6
2025-04-03 09:00:00-04:00,54.95,51.31,-0.0,3.64
2025-04-03 10:00:00-04:00,51.96,48.51,-0.0,3.45
2025-04-03 11:00:00-04:00,50.33,46.91,-0.0,3.42
2025-04-03 12:00:00-04:00,49.29,43.7,2.31,3.28
2025-04-03 13:00:00-04:00,45.53,42.26,0.06,3.21
2025-04-03 14:00:00-04:00,44.14,36.019999999999996,5.42,2.7
2025-04-03 15:00:00-04:00,44.31,39.48,1.99,2.84
2025-04-03 16:00:00-04:00,45.15,36.0,6.59,2.56
2025-04-03 17:00:00-04:00,48.57,39.870000000000005,5.91,2.79
2025-04-03 18:00:00-04:00,54.19,42.79,8.36,3.04
2025-04-03 19:00:00-04:00,58.14,49.440000000000005,5.04,3.66
2025-04-03 20:00:00-04:00,53.4,49.77,-0.0,3.63
2025-04-03 21:00:00-04:00,44.12,41.27,-0.0,2.85
2025-04-03 22:00:00-04:00,40.69,38.39,-0.0,2.3
2025-04-03 23:00:00-04:00,37.35,35.440000000000005,-0.0,1.91
2025-04-04 00:00:00-04:00,39.1,37.67,-0.0,1.43
2025-04-04 01:00:00-04:00,35.94,34.73,-0.0,1.21
2025-04-04 02:00:00-04:00,35.37,34.239999999999995,-0.0,1.13
2025-04-04 03:00:00-04:00,35.8,34.76,-0.0,1.04
2025-04-04 04:00:00-04:00,35.96,35.08,-0.0,0.88
2025-04-04 05:00:00-04:00,39.17,38.29,-0.0,0.88
2025-04-04 06:00:00-04:00,49.12,47.46,-0.0,1.66
2025-04-04 07:00:00-04:00,53.28,51.18,-0.0,2.1
2025-04-04 08:00:00-04:00,52.56,50.64,-0.0,1.92
2025-04-04 09:00:00-04:00,45.28,43.370000000000005,-0.0,1.91
2025-04-04 10:00:00-04:00,42.92,41.07,-0.0,1.85
2025-04-04 11:00:00-04:00,37.19,35.589999999999996,-0.0,1.6
2025-04-04 12:00:00-04:00,35.83,34.29,-0.0,1.54
2025-04-04 13:00:00-04:00,35.75,34.21,-0.0,1.54
2025-04-04 14:00:00-04:00,34.59,33.07,-0.0,1.52
2025-04-04 15:00:00-04:00,34.15,32.559999999999995,-0.0,1.59
2025-04-04 16:00:00-04:00,34.7,33.2,-0.0,1.5
2025-04-04 17:00:00-04:00,39.1,37.38,-0.0,1.72
2025-04-04 18:00:00-04:00,46.5,44.33,-0.0,2.17
2025-04-04 19:00:00-04:00,57.96,55.25,-0.0,2.71
2025-04-04 20:00:00-04:00,53.83,51.51,-0.0,2.32
2025-04-04 21:00:00-04:00,46.45,44.45,-0.0,2.0
2025-04-04 22:00:00-04:00,40.56,39.080000000000005,-0.0,1.48
2025-04-04 23:00:00-04:00,38.01,36.94,-0.0,1.07
2025-04-05 00:00:00-04:00,40.77,39.82,-0.0,0.95
2025-04-05 01:00:00-04:00,38.16,37.19,-0.0,0.97
2025-04-05 02:00:00-04:00,36.61,35.61,-0.0,1.0
2025-04-05 03:00:00-04:00,36.1,35.050000000000004,-0.0,1.05
2025-04-05 04:00:00-04:00,38.03,36.74,-0.0,1.29
2025-04-05 05:00:00-04:00,35.29,34.03,-0.0,1.26
2025-04-05 06:00:00-04:00,38.02,36.66,-0.0,1.36
2025-04-05 07:00:00-04:00,42.54,41.02,-0.0,1.52
2025-04-05 08:00:00-04:00,44.84,43.11000000000001,-0.0,1.73
2025-04-05 09:00:00-04:00,47.1,45.33,-0.0,1.77
2025-04-05 10:00:00-04:00,49.8,48.02,-0.0,1.78
2025-04-05 11:00:00-04:00,51.57,49.64,-0.0,1.93
2025-04-05 12:00:00-04:00,50.75,48.8,-0.0,1.95
2025-04-05 13:00:00-04:00,50.32,48.34,-0.0,1.98
2025-04-05 14:00:00-04:00,45.82,43.93,-0.0,1.89
2025-04-05 15:00:00-04:00,48.6,46.64,-0.0,1.96
2025-04-05 16:00:00-04:00,48.35,46.22,-0.0,2.13
2025-04-05 17:00:00-04:00,50.89,48.51,-0.0,2.38
2025-04-05 18:00:00-04:00,52.92,50.45,-0.0,2.47
2025-04-05 19:00:00-04:00,57.37,54.64,-0.0,2.73
2025-04-05 20:00:00-04:00,55.05,52.629999999999995,-0.0,2.42
2025-04-05 21:00:00-04:00,47.07,45.31,-0.0,1.76
2025-04-05 22:00:00-04:00,43.42,41.91,-0.0,1.51
2025-04-05 23:00:00-04:00,40.68,39.34,-0.0,1.34
2025-04-06 00:00:00-04:00,39.1,38.190000000000005,-0.0,0.91
2025-04-06 01:00:00-04:00,36.76,35.79,-0.0,0.97
2025-04-06 02:00:00-04:00,36.59,35.870000000000005,-0.0,0.72
2025-04-06 03:00:00-04:00,35.77,34.970000000000006,-0.0,0.8
2025-04-06 04:00:00-04:00,35.13,34.370000000000005,-0.0,0.76
2025-04-06 05:00:00-04:00,34.03,32.980000000000004,-0.0,1.05
2025-04-06 06:00:00-04:00,35.34,34.24,-0.0,1.1
2025-04-06 07:00:00-04:00,36.68,35.61,-0.0,1.07
2025-04-06 08:00:00-04:00,39.75,38.48,-0.0,1.27
2025-04-06 09:00:00-04:00,41.04,39.62,-0.0,1.42
2025-04-06 10:00:00-04:00,44.7,43.1,-0.0,1.6
2025-04-06 11:00:00-04:00,42.41,40.779999999999994,-0.0,1.63
2025-04-06 12:00:00-04:00,40.33,38.89,-0.0,1.44
2025-04-06 13:00:00-04:00,36.65,35.28,-0.0,1.37
2025-04-06 14:00:00-04:00,36.14,34.68,-0.0,1.46
2025-04-06 15:00:00-04:00,37.01,35.519999999999996,-0.0,1.49
2025-04-06 16:00:00-04:00,38.37,36.75,-0.0,1.62
2025-04-06 17:00:00-04:00,46.69,44.89,-0.0,1.8
2025-04-06 18:00:00-04:00,53.05,51.11,-0.0,1.94
2025-04-06 19:00:00-04:00,60.81,58.53,-0.0,2.28
2025-04-06 20:00:00-04:00,59.76,57.91,-0.0,1.85
2025-04-06 21:00:00-04:00,51.7,50.39,-0.0,1.31
2025-04-06 22:00:00-04:00,46.84,45.830000000000005,-0.0,1.01
2025-04-06 23:00:00-04:00,41.55,40.779999999999994,-0.0,0.77
2025-04-07 00:00:00-04:00,47.37,46.21,-0.0,1.16
2025-04-07 01:00:00-04:00,43.04,41.99,-0.0,1.05
2025-04-07 02:00:00-04:00,42.06,41.11,-0.0,0.95
2025-04-07 03:00:00-04:00,40.72,39.879999999999995,-0.0,0.84
2025-04-07 04:00:00-04:00,42.2,41.330000000000005,-0.0,0.87
2025-04-07 05:00:00-04:00,47.37,46.169999999999995,-0.0,1.2
2025-04-07 06:00:00-04:00,59.65,57.85,-0.0,1.8
2025-04-07 07:00:00-04:00,67.83,65.53999999999999,-0.0,2.29
2025-04-07 08:00:00-04:00,62.49,60.260000000000005,-0.0,2.23
2025-04-07 09:00:00-04:00,61.0,58.6,-0.0,2.4
2025-04-07 10:00:00-04:00,58.67,56.36,-0.0,2.31
2025-04-07 11:00:00-04:00,55.21,52.83,-0.0,2.38
2025-04-07 12:00:00-04:00,52.42,50.260000000000005,-0.0,2.16
2025-04-07 13:00:00-04:00,50.98,48.779999999999994,-0.0,2.2
2025-04-07 14:00:00-04:00,51.75,49.43,-0.0,2.32
2025-04-07 15:00:00-04:00,52.64,50.32,-0.0,2.32
2025-04-07 16:00:00-04:00,53.71,51.15,-0.0,2.56
2025-04-07 17:00:00-04:00,58.82,55.97,-0.0,2.85
2025-04-07 18:00:00-04:00,64.28,61.22,-0.0,3.06
2025-04-07 19:00:00-04:00,72.59,69.13000000000001,-0.0,3.46
2025-04-07 20:00:00-04:00,64.95,61.8,-0.0,3.15
2025-04-07 21:00:00-04:00,56.71,54.11,-0.0,2.6
2025-04-07 22:00:00-04:00,48.37,46.29,-0.0,2.08
2025-04-07 23:00:00-04:00,46.37,44.54,-0.0,1.83
2025-04-08 00:00:00-04:00,50.02,47.59,-0.0,2.43
2025-04-08 01:00:00-04:00,45.64,43.43,-0.0,2.21
2025-04-08 02:00:00-04:00,43.56,41.53,-0.0,2.03
2025-04-08 03:00:00-04:00,43.71,41.59,-0.0,2.12
2025-04-08 04:00:00-04:00,44.05,41.91,-0.0,2.14
2025-04-08 05:00:00-04:00,46.81,44.330000000000005,-0.0,2.48
2025-04-08 06:00:00-04:00,61.58,58.37,-0.0,3.21
2025-04-08 07:00:00-04:00,69.61,65.73,-0.0,3.88
2025-04-08 08:00:00-04:00,63.75,60.14,-0.0,3.61
2025-04-08 09:00:00-04:00,58.0,54.72,-0.0,3.28
2025-04-08 10:00:00-04:00,55.51,52.42,-0.0,3.09
2025-04-08 11:00:00-04:00,51.32,48.6,-0.0,2.72
2025-04-08 12:00:00-04:00,49.38,46.67,-0.0,2.71
2025-04-08 13:00:00-04:00,48.38,45.82,-0.0,2.56
2025-04-08 14:00:00-04:00,46.94,44.45,-0.0,2.49
2025-04-08 15:00:00-04:00,49.25,46.6,-0.0,2.65
2025-04-08 16:00:00-04:00,52.19,49.28,-0.0,2.91
2025-04-08 17:00:00-04:00,59.26,56.12,-0.0,3.14
2025-04-08 18:00:00-04:00,67.35,63.84,-0.0,3.51
2025-04-08 19:00:00-04:00,87.37,82.58,-0.0,4.79
2025-04-08 20:00:00-04:00,84.96,80.69,-0.0,4.27
2025-04-08 21:00:00-04:00,65.6,62.53999999999999,-0.0,3.06
2025-04-08 22:00:00-04:00,58.95,56.14,-0.0,2.81
2025-04-08 23:00:00-04:00,52.25,49.81,-0.0,2.44
2025-04-09 00:00:00-04:00,53.59,51.09,-0.0,2.5
2025-04-09 01:00:00-04:00,52.01,49.629999999999995,-0.0,2.38
2025-04-09 02:00:00-04:00,49.99,47.84,-0.0,2.15
2025-04-09 03:00:00-04:00,50.27,48.2,-0.0,2.07
2025-04-09 04:00:00-04:00,51.73,49.599999999999994,-0.0,2.13
2025-04-09 05:00:00-04:00,60.41,58.029999999999994,-0.0,2.38
2025-04-09 06:00:00-04:00,86.23,82.44,-0.0,3.79
2025-04-09 07:00:00-04:00,95.93,91.28,-0.0,4.65
2025-04-09 08:00:00-04:00,70.24,67.21,-0.0,3.03
2025-04-09 09:00:00-04:00,56.33,54.059999999999995,-0.0,2.27
2025-04-09 10:00:00-04:00,51.66,49.669999999999995,-0.0,1.99
2025-04-09 11:00:00-04:00,46.55,44.669999999999995,-0.0,1.88
2025-04-09 12:00:00-04:00,44.73,42.849999999999994,-0.0,1.88
2025-04-09 13:00:00-04:00,42.58,40.79,-0.0,1.79
2025-04-09 14:00:00-04:00,41.41,39.629999999999995,-0.0,1.78
2025-04-09 15:00:00-04:00,41.9,40.059999999999995,-0.0,1.84
2025-04-09 16:00:00-04:00,46.25,43.97,-0.0,2.28
2025-04-09 17:00:00-04:00,53.97,51.6,-0.0,2.37
2025-04-09 18:00:00-04:00,68.55,65.53,-0.0,3.02
2025-04-09 19:00:00-04:00,86.13,82.25999999999999,-0.0,3.87
2025-04-09 20:00:00-04:00,82.42,78.87,-0.0,3.55
2025-04-09 21:00:00-04:00,69.75,66.81,-0.0,2.94
2025-04-09 22:00:00-04:00,58.46,56.370000000000005,-0.0,2.09
2025-04-09 23:00:00-04:00,52.94,51.25,-0.0,1.69
2025-04-10 00:00:00-04:00,43.74,42.22,-0.0,1.52
2025-04-10 01:00:00-04:00,43.49,41.98,-0.0,1.51
2025-04-10 02:00:00-04:00,41.62,40.25,-0.0,1.37
2025-04-10 03:00:00-04:00,40.57,39.2,-0.0,1.37
2025-04-10 04:00:00-04:00,41.94,40.44,-0.0,1.5
2025-04-10 05:00:00-04:00,44.4,42.86,-0.0,1.54
2025-04-10 06:00:00-04:00,62.9,60.02,-0.0,2.88
2025-04-10 07:00:00-04:00,68.89,65.42,-0.0,3.47
2025-04-10 08:00:00-04:00,55.16,53.09,-0.0,2.07
2025-04-10 09:00:00-04:00,46.27,44.580000000000005,-0.0,1.69
2025-04-10 10:00:00-04:00,44.31,42.73,-0.0,1.58
2025-04-10 11:00:00-04:00,42.27,40.760000000000005,-0.0,1.51
2025-04-10 12:00:00-04:00,42.38,40.99,-0.0,1.39
2025-04-10 13:00:00-04:00,43.34,42.040000000000006,-0.0,1.3
2025-04-10 14:00:00-04:00,43.14,41.72,-0.0,1.42
2025-04-10 15:00:00-04:00,44.02,42.57,-0.0,1.45
2025-04-10 16:00:00-04:00,45.59,44.010000000000005,-0.0,1.58
2025-04-10 17:00:00-04:00,51.12,49.2,-0.0,1.92
2025-04-10 18:00:00-04:00,57.41,55.2,-0.0,2.21
2025-04-10 19:00:00-04:00,66.75,63.45,-0.0,3.3
2025-04-10 20:00:00-04:00,62.1,59.260000000000005,-0.0,2.84
2025-04-10 21:00:00-04:00,53.45,51.34,-0.0,2.11
2025-04-10 22:00:00-04:00,45.37,43.71,-0.0,1.66
2025-04-10 23:00:00-04:00,43.34,41.75,-0.0,1.59
2025-04-11 00:00:00-04:00,42.83,41.1,-0.0,1.73
2025-04-11 01:00:00-04:00,41.54,39.9,-0.0,1.64
2025-04-11 02:00:00-04:00,39.74,38.25,-0.0,1.49
2025-04-11 03:00:00-04:00,39.3,37.9,-0.0,1.4
2025-04-11 04:00:00-04:00,39.47,38.06,-0.0,1.41
2025-04-11 05:00:00-04:00,44.13,42.55,-0.0,1.58
2025-04-11 06:00:00-04:00,56.38,54.470000000000006,-0.0,1.91
2025-04-11 07:00:00-04:00,65.64,62.81,-0.0,2.83
2025-04-11 08:00:00-04:00,59.75,57.34,-0.0,2.41
2025-04-11 09:00:00-04:00,58.0,55.77,-0.0,2.23
2025-04-11 10:00:00-04:00,55.65,53.61,-0.0,2.04
2025-04-11 11:00:00-04:00,52.15,50.19,-0.0,1.96
2025-04-11 12:00:00-04:00,51.01,49.05,-0.0,1.96
2025-04-11 13:00:00-04:00,50.49,48.64,-0.0,1.85
2025-04-11 14:00:00-04:00,49.87,48.0,-0.0,1.87
2025-04-11 15:00:00-04:00,50.07,48.19,-0.0,1.88
2025-04-11 16:00:00-04:00,50.44,48.45,-0.0,1.99
2025-04-11 17:00:00-04:00,54.81,52.75,-0.0,2.06
2025-04-11 18:00:00-04:00,58.71,56.29,-0.0,2.42
2025-04-11 19:00:00-04:00,64.28,61.45,-0.0,2.83
2025-04-11 20:00:00-04:00,60.42,57.88,-0.0,2.54
2025-04-11 21:00:00-04:00,54.86,52.85,-0.0,2.01
2025-04-11 22:00:00-04:00,52.93,51.04,-0.0,1.89
2025-04-11 23:00:00-04:00,50.49,48.74,-0.0,1.75
2025-04-12 00:00:00-04:00,49.48,47.669999999999995,-0.0,1.81
2025-04-12 01:00:00-04:00,45.31,43.690000000000005,-0.0,1.62
2025-04-12 02:00:00-04:00,44.09,42.48,-0.0,1.61
2025-04-12 03:00:00-04:00,42.12,40.7,-0.0,1.42
2025-04-12 04:00:00-04:00,41.36,39.92,-0.0,1.44
2025-04-12 05:00:00-04:00,45.19,43.62,-0.0,1.57
2025-04-12 06:00:00-04:00,52.01,50.11,-0.0,1.9
2025-04-12 07:00:00-04:00,56.99,54.85,-0.0,2.14
2025-04-12 08:00:00-04:00,59.29,56.68,-0.0,2.61
2025-04-12 09:00:00-04:00,59.45,56.73,-0.0,2.72
2025-04-12 10:00:00-04:00,59.23,56.36,-0.0,2.87
2025-04-12 11:00:00-04:00,59.04,56.28,-0.0,2.76
2025-04-12 12:00:00-04:00,54.99,52.57,-0.0,2.42
2025-04-12 13:00:00-04:00,53.06,50.830000000000005,-0.0,2.23
2025-04-12 14:00:00-04:00,51.87,49.54,-0.0,2.33
2025-04-12 15:00:00-04:00,51.75,49.52,-0.0,2.23
2025-04-12 16:00:00-04:00,52.08,49.739999999999995,-0.0,2.34
2025-04-12 17:00:00-04:00,55.29,52.81,-0.0,2.48
2025-04-12 18:00:00-04:00,56.24,53.82,-0.0,2.42
2025-04-12 19:00:00-04:00,59.68,56.79,-0.0,2.89
2025-04-12 20:00:00-04:00,60.7,57.81,-0.0,2.89
2025-04-12 21:00:00-04:00,55.03,52.86,-0.0,2.17
2025-04-12 22:00:00-04:00,52.68,50.65,-0.0,2.03
2025-04-12 23:00:00-04:00,48.12,46.27,-0.0,1.85
2025-04-13 00:00:00-04:00,51.63,49.690000000000005,-0.0,1.94
2025-04-13 01:00:00-04:00,49.63,47.81,-0.0,1.82
2025-04-13 02:00:00-04:00,46.48,44.82,-0.0,1.66
2025-04-13 03:00:00-04:00,45.78,44.1,-0.0,1.68
2025-04-13 04:00:00-04:00,46.77,45.150000000000006,-0.0,1.62
2025-04-13 05:00:00-04:00,46.66,44.95,-0.0,1.71
2025-04-13 06:00:00-04:00,49.04,47.06,-0.0,1.98
2025-04-13 07:00:00-04:00,52.22,50.02,-0.0,2.2
2025-04-13 08:00:00-04:00,52.95,50.57,-0.0,2.38
2025-04-13 09:00:00-04:00,49.23,46.93,-0.0,2.3
2025-04-13 10:00:00-04:00,47.43,45.21,-0.0,2.22
2025-04-13 11:00:00-04:00,45.86,43.76,-0.0,2.1
2025-04-13 12:00:00-04:00,43.15,41.25,-0.0,1.9
2025-04-13 13:00:00-04:00,41.88,40.04,-0.0,1.84
2025-04-13 14:00:00-04:00,41.27,39.45,-0.0,1.82
2025-04-13 15:00:00-04:00,40.39,38.54,-0.0,1.85
2025-04-13 16:00:00-04:00,43.38,41.39,-0.0,1.99
2025-04-13 17:00:00-04:00,50.5,48.01,-0.0,2.49
2025-04-13 18:00:00-04:00,55.45,52.86,-0.0,2.59
2025-04-13 19:00:00-04:00,60.28,57.14,-0.0,3.14
2025-04-13 20:00:00-04:00,65.05,61.72,-0.0,3.33
2025-04-13 21:00:00-04:00,57.52,55.1,-0.0,2.42
2025-04-13 22:00:00-04:00,49.75,47.56,-0.0,2.19
2025-04-13 23:00:00-04:00,46.85,44.83,-0.0,2.02
2025-04-14 00:00:00-04:00,42.58,40.67,-0.0,1.91
2025-04-14 01:00:00-04:00,40.1,38.41,-0.0,1.69
2025-04-14 02:00:00-04:00,40.01,38.43,-0.0,1.58
2025-04-14 03:00:00-04:00,40.03,38.42,-0.0,1.61
2025-04-14 04:00:00-04:00,41.89,40.32,-0.0,1.57
2025-04-14 05:00:00-04:00,46.09,44.23,-0.0,1.86
2025-04-14 06:00:00-04:00,59.44,56.4,-0.0,3.04
2025-04-14 07:00:00-04:00,63.1,59.760000000000005,-0.0,3.34
2025-04-14 08:00:00-04:00,51.95,49.48,-0.0,2.47
2025-04-14 09:00:00-04:00,39.24,37.370000000000005,-0.0,1.87
2025-04-14 10:00:00-04:00,36.82,35.13,-0.0,1.69
2025-04-14 11:00:00-04:00,33.37,31.78,-0.0,1.59
2025-04-14 12:00:00-04:00,32.82,31.23,-0.0,1.59
2025-04-14 13:00:00-04:00,33.36,31.74,-0.0,1.62
2025-04-14 14:00:00-04:00,33.87,32.199999999999996,-0.0,1.67
2025-04-14 15:00:00-04:00,35.93,34.22,-0.0,1.71
2025-04-14 16:00:00-04:00,39.37,37.32,-0.0,2.05
2025-04-14 17:00:00-04:00,47.5,44.98,-0.0,2.52
2025-04-14 18:00:00-04:00,58.29,55.04,-0.0,3.25
2025-04-14 19:00:00-04:00,65.72,57.349999999999994,4.7,3.67
2025-04-14 20:00:00-04:00,64.2,56.7,3.76,3.74
2025-04-14 21:00:00-04:00,55.67,52.18,0.31,3.18
2025-04-14 22:00:00-04:00,43.49,41.03,-0.0,2.46
2025-04-14 23:00:00-04:00,38.63,36.510000000000005,-0.0,2.12
2025-04-15 00:00:00-04:00,35.05,33.07,-0.0,1.98
2025-04-15 01:00:00-04:00,34.29,32.35,-0.0,1.94
2025-04-15 02:00:00-04:00,34.36,32.48,-0.0,1.88
2025-04-15 03:00:00-04:00,33.89,32.06,-0.0,1.83
2025-04-15 04:00:00-04:00,35.45,33.540000000000006,-0.0,1.91
2025-04-15 05:00:00-04:00,38.27,36.21,-0.0,2.06
2025-04-15 06:00:00-04:00,50.32,47.52,-0.0,2.8
2025-04-15 07:00:00-04:00,56.41,52.97,-0.0,3.44
2025-04-15 08:00:00-04:00,52.13,45.52,3.65,2.96
2025-04-15 09:00:00-04:00,42.32,39.66,-0.0,2.66
2025-04-15 10:00:00-04:00,39.85,37.31,-0.0,2.54
2025-04-15 11:00:00-04:00,35.95,33.6,-0.0,2.35
2025-04-15 12:00:00-04:00,35.0,32.71,-0.0,2.29
2025-04-15 13:00:00-04:00,33.51,31.35,-0.0,2.16
2025-04-15 14:00:00-04:00,33.02,30.890000000000004,-0.0,2.13
2025-04-15 15:00:00-04:00,35.33,33.08,-0.0,2.25
2025-04-15 16:00:00-04:00,39.51,36.93,-0.0,2.58
2025-04-15 17:00:00-04:00,43.49,40.49,-0.0,3.0
2025-04-15 18:00:00-04:00,53.27,45.21,4.9,3.16
2025-04-15 19:00:00-04:00,60.73,54.95,1.94,3.84
2025-04-15 20:00:00-04:00,59.58,48.57,7.61,3.4
2025-04-15 21:00:00-04:00,51.01,44.22,3.78,3.01
2025-04-15 22:00:00-04:00,41.61,38.93,-0.0,2.68
2025-04-15 23:00:00-04:00,37.76,35.39,-0.0,2.37
2025-04-16 00:00:00-04:00,34.55,31.299999999999997,1.25,2.0
2025-04-16 01:00:00-04:00,35.35,30.770000000000003,2.64,1.94
2025-04-16 02:00:00-04:00,33.42,31.380000000000003,-0.0,2.04
2025-04-16 03:00:00-04:00,32.83,30.729999999999997,0.07,2.03
2025-04-16 04:00:00-04:00,34.64,32.39,0.15,2.1
2025-04-16 05:00:00-04:00,38.63,36.27,-0.0,2.36
2025-04-16 06:00:00-04:00,49.64,46.39,-0.0,3.25
2025-04-16 07:00:00-04:00,56.48,52.739999999999995,-0.0,3.74
2025-04-16 08:00:00-04:00,46.41,43.5,-0.0,2.91
2025-04-16 09:00:00-04:00,41.61,39.0,-0.0,2.61
2025-04-16 10:00:00-04:00,37.95,35.64,-0.0,2.31
2025-04-16 11:00:00-04:00,34.59,32.480000000000004,-0.0,2.11
2025-04-16 12:00:00-04:00,33.03,31.020000000000003,-0.0,2.01
2025-04-16 13:00:00-04:00,32.75,30.75,-0.0,2.0
2025-04-16 14:00:00-04:00,32.87,30.839999999999996,-0.0,2.03
2025-04-16 15:00:00-04:00,34.07,31.99,-0.0,2.08
2025-04-16 16:00:00-04:00,36.63,34.27,-0.0,2.36
2025-04-16 17:00:00-04:00,42.9,40.129999999999995,-0.0,2.77
2025-04-16 18:00:00-04:00,49.53,46.25,-0.0,3.28
2025-04-16 19:00:00-04:00,60.19,56.25,-0.0,3.94
2025-04-16 20:00:00-04:00,59.84,56.03,-0.0,3.81
2025-04-16 21:00:00-04:00,51.38,48.2,-0.0,3.18
2025-04-16 22:00:00-04:00,44.38,41.67,-0.0,2.71
2025-04-16 23:00:00-04:00,40.98,38.62,-0.0,2.36
2025-04-17 00:00:00-04:00,35.51,33.69,-0.0,1.82
2025-04-17 01:00:00-04:00,34.02,32.220000000000006,-0.0,1.8
2025-04-17 02:00:00-04:00,34.17,32.45,-0.0,1.72
2025-04-17 03:00:00-04:00,33.92,32.24,-0.0,1.68
2025-04-17 04:00:00-04:00,34.69,32.94,-0.0,1.75
2025-04-17 05:00:00-04:00,40.52,38.45,-0.0,2.07
2025-04-17 06:00:00-04:00,56.72,53.66,-0.0,3.06
2025-04-17 07:00:00-04:00,58.78,55.51,-0.0,3.27
2025-04-17 08:00:00-04:00,44.31,41.88,-0.0,2.43
2025-04-17 09:00:00-04:00,30.6,28.98,-0.0,1.62
2025-04-17 10:00:00-04:00,27.48,25.97,-0.0,1.51
2025-04-17 11:00:00-04:00,25.13,23.799999999999997,-0.0,1.33
2025-04-17 12:00:00-04:00,24.69,23.380000000000003,-0.0,1.31
2025-04-17 13:00:00-04:00,24.1,22.82,-0.0,1.28
2025-04-17 14:00:00-04:00,23.39,22.09,-0.0,1.3
2025-04-17 15:00:00-04:00,24.31,22.91,-0.0,1.4
2025-04-17 16:00:00-04:00,25.62,24.1,-0.0,1.52
2025-04-17 17:00:00-04:00,32.64,30.68,-0.0,1.96
2025-04-17 18:00:00-04:00,44.86,42.2,-0.0,2.66
2025-04-17 19:00:00-04:00,55.57,52.42,-0.0,3.15
2025-04-17 20:00:00-04:00,56.19,53.11,-0.0,3.08
2025-04-17 21:00:00-04:00,47.7,45.3,-0.0,2.4
2025-04-17 22:00:00-04:00,40.9,38.81,-0.0,2.09
2025-04-17 23:00:00-04:00,37.27,35.43,-0.0,1.84
2025-04-18 00:00:00-04:00,33.53,31.9,-0.0,1.63
2025-04-18 01:00:00-04:00,30.86,29.34,-0.0,1.52
2025-04-18 02:00:00-04:00,29.35,27.9,-0.0,1.45
2025-04-18 03:00:00-04:00,29.24,27.77,-0.0,1.47
2025-04-18 04:00:00-04:00,30.63,29.14,-0.0,1.49
2025-04-18 05:00:00-04:00,35.1,33.370000000000005,-0.0,1.73
2025-04-18 06:00:00-04:00,45.0,42.53,-0.0,2.47
2025-04-18 07:00:00-04:00,47.37,44.309999999999995,-0.0,3.06
2025-04-18 08:00:00-04:00,40.81,38.14,-0.0,2.67
2025-04-18 09:00:00-04:00,30.37,27.74,0.69,1.94
2025-04-18 10:00:00-04:00,27.81,26.09,-0.0,1.72
2025-04-18 11:00:00-04:00,26.06,24.49,-0.0,1.57
2025-04-18 12:00:00-04:00,25.01,23.53,-0.0,1.48
2025-04-18 13:00:00-04:00,25.22,23.72,-0.0,1.5
2025-04-18 14:00:00-04:00,26.21,23.81,0.87,1.53
2025-04-18 15:00:00-04:00,28.63,20.71,6.58,1.34
2025-04-18 16:00:00-04:00,31.2,20.229999999999997,9.64,1.33
2025-04-18 17:00:00-04:00,37.31,22.880000000000003,12.9,1.53
2025-04-18 18:00:00-04:00,43.59,33.660000000000004,7.54,2.39
2025-04-18 19:00:00-04:00,48.99,37.370000000000005,8.93,2.69
2025-04-18 20:00:00-04:00,49.45,37.0,9.78,2.67
2025-04-18 21:00:00-04:00,42.52,33.5,6.71,2.31
2025-04-18 22:00:00-04:00,38.29,28.98,7.31,2.0
2025-04-18 23:00:00-04:00,33.1,30.49,0.54,2.07
2025-04-19 00:00:00-04:00,29.2,22.73,5.06,1.41
2025-04-19 01:00:00-04:00,27.23,20.78,5.2,1.25
2025-04-19 02:00:00-04:00,25.2,20.59,3.4,1.21
2025-04-19 03:00:00-04:00,24.48,19.1,4.22,1.16
2025-04-19 04:00:00-04:00,24.29,21.66,1.31,1.32
2025-04-19 05:00:00-04:00,27.26,25.6,0.05,1.61
2025-04-19 06:00:00-04:00,29.12,23.49,4.17,1.46
2025-04-19 07:00:00-04:00,30.58,27.79,1.04,1.75
2025-04-19 08:00:00-04:00,30.57,28.71,-0.0,1.86
2025-04-19 09:00:00-04:00,30.58,26.83,2.06,1.69
2025-04-19 10:00:00-04:00,30.02,25.72,2.7,1.6
2025-04-19 11:00:00-04:00,28.26,26.05,0.57,1.64
2025-04-19 12:00:00-04:00,27.8,25.98,0.13,1.69
2025-04-19 13:00:00-04:00,27.15,25.49,-0.0,1.66
2025-04-19 14:00:00-04:00,27.29,25.63,-0.0,1.66
2025-04-19 15:00:00-04:00,29.17,27.340000000000003,-0.0,1.83
2025-04-19 16:00:00-04:00,31.14,28.97,0.17,2.0
2025-04-19 17:00:00-04:00,38.33,35.54,0.44,2.35
2025-04-19 18:00:00-04:00,42.11,35.89,3.92,2.3
2025-04-19 19:00:00-04:00,47.47,36.86,8.29,2.32
2025-04-19 20:00:00-04:00,46.85,39.47,4.89,2.49
2025-04-19 21:00:00-04:00,38.05,35.519999999999996,0.22,2.31
2025-04-19 22:00:00-04:00,33.92,31.880000000000003,-0.0,2.04
2025-04-19 23:00:00-04:00,31.23,29.41,-0.0,1.82
2025-04-20 00:00:00-04:00,31.16,26.99,2.52,1.65
2025-04-20 01:00:00-04:00,28.81,27.08,-0.0,1.73
2025-04-20 02:00:00-04:00,26.78,25.19,-0.0,1.59
2025-04-20 03:00:00-04:00,25.72,24.22,-0.0,1.5
2025-04-20 04:00:00-04:00,24.41,23.01,-0.0,1.4
2025-04-20 05:00:00-04:00,26.17,24.74,-0.0,1.43
2025-04-20 06:00:00-04:00,30.67,28.880000000000003,-0.0,1.79
2025-04-20 07:00:00-04:00,29.58,27.909999999999997,-0.0,1.67
2025-04-20 08:00:00-04:00,26.55,25.05,-0.0,1.5
2025-04-20 09:00:00-04:00,22.1,20.81,-0.0,1.29
2025-04-20 10:00:00-04:00,20.89,19.69,-0.0,1.2
2025-04-20 11:00:00-04:00,19.04,17.88,-0.0,1.16
2025-04-20 12:00:00-04:00,18.14,17.03,-0.0,1.11
2025-04-20 13:00:00-04:00,18.32,17.19,-0.0,1.13
2025-04-20 14:00:00-04:00,17.56,16.47,-0.0,1.09
2025-04-20 15:00:00-04:00,18.79,17.64,-0.0,1.15
2025-04-20 16:00:00-04:00,20.76,19.57,-0.0,1.19
2025-04-20 17:00:00-04:00,29.69,27.9,-0.0,1.79
2025-04-20 18:00:00-04:00,37.52,35.290000000000006,-0.0,2.23
2025-04-20 19:00:00-04:00,45.47,42.77,-0.0,2.7
2025-04-20 20:00:00-04:00,44.73,42.08,-0.0,2.65
2025-04-20 21:00:00-04:00,38.22,36.06,-0.0,2.16
2025-04-20 22:00:00-04:00,35.74,33.88,-0.0,1.86
2025-04-20 23:00:00-04:00,31.58,30.08,-0.0,1.5
2025-04-21 00:00:00-04:00,29.61,28.17,-0.0,1.44
2025-04-21 01:00:00-04:00,28.07,26.76,-0.0,1.31
2025-04-21 02:00:00-04:00,26.51,25.270000000000003,-0.0,1.24
2025-04-21 03:00:00-04:00,25.33,24.119999999999997,-0.0,1.21
2025-04-21 04:00:00-04:00,26.2,24.95,-0.0,1.25
2025-04-21 05:00:00-04:00,29.2,27.76,-0.0,1.44
2025-04-21 06:00:00-04:00,34.2,32.39,-0.0,1.81
2025-04-21 07:00:00-04:00,39.65,36.39,1.26,2.0
2025-04-21 08:00:00-04:00,36.05,34.169999999999995,-0.0,1.88
2025-04-21 09:00:00-04:00,33.17,31.41,-0.0,1.76
2025-04-21 10:00:00-04:00,32.1,30.4,-0.0,1.7
2025-04-21 11:00:00-04:00,31.4,29.76,-0.0,1.64
2025-04-21 12:00:00-04:00,30.49,28.74,-0.0,1.75
2025-04-21 13:00:00-04:00,30.42,27.92,0.8,1.7
2025-04-21 14:00:00-04:00,31.81,28.51,1.53,1.77
2025-04-21 15:00:00-04:00,34.73,32.669999999999995,-0.0,2.06
2025-04-21 16:00:00-04:00,38.13,35.830000000000005,-0.0,2.3
2025-04-21 17:00:00-04:00,43.12,36.19,4.61,2.32
2025-04-21 18:00:00-04:00,48.67,36.45,9.96,2.26
2025-04-21 19:00:00-04:00,52.06,42.34,7.09,2.63
2025-04-21 20:00:00-04:00,51.58,35.83,13.56,2.19
2025-04-21 21:00:00-04:00,40.67,34.620000000000005,3.97,2.08
2025-04-21 22:00:00-04:00,34.98,27.299999999999997,6.07,1.61
2025-04-21 23:00:00-04:00,31.42,21.23,9.02,1.17
2025-04-22 00:00:00-04:00,30.55,16.32,13.35,0.88
2025-04-22 01:00:00-04:00,29.82,13.33,15.76,0.73
2025-04-22 02:00:00-04:00,28.21,13.640000000000002,13.85,0.72
2025-04-22 03:00:00-04:00,27.08,11.259999999999996,15.22,0.6
2025-04-22 04:00:00-04:00,28.0,15.96,11.19,0.85
2025-04-22 05:00:00-04:00,31.75,20.22,10.46,1.07
2025-04-22 06:00:00-04:00,42.33,23.29,17.78,1.26
2025-04-22 07:00:00-04:00,42.2,36.88,3.11,2.21
2025-04-22 08:00:00-04:00,36.19,33.76,-0.0,2.43
2025-04-22 09:00:00-04:00,30.88,28.75,-0.0,2.13
2025-04-22 10:00:00-04:00,31.1,28.96,-0.0,2.14
2025-04-22 11:00:00-04:00,29.58,27.54,-0.0,2.04
2025-04-22 12:00:00-04:00,28.71,26.22,0.5,1.99
2025-04-22 13:00:00-04:00,29.71,27.2,0.44,2.07
2025-04-22 14:00:00-04:00,29.99,25.85,2.15,1.99
2025-04-22 15:00:00-04:00,31.0,26.450000000000003,2.49,2.06
2025-04-22 16:00:00-04:00,37.04,29.430000000000003,5.31,2.3
2025-04-22 17:00:00-04:00,41.27,35.370000000000005,3.04,2.86
2025-04-22 18:00:00-04:00,45.34,41.98,-0.0,3.36
2025-04-22 19:00:00-04:00,50.46,46.9,-0.0,3.56
2025-04-22 20:00:00-04:00,52.93,49.33,-0.0,3.6
2025-04-22 21:00:00-04:00,41.91,39.349999999999994,-0.0,2.56
2025-04-22 22:00:00-04:00,35.66,33.61,-0.0,2.05
2025-04-22 23:00:00-04:00,33.04,31.23,-0.0,1.81
2025-04-23 00:00:00-04:00,27.61,26.22,-0.0,1.39
2025-04-23 01:00:00-04:00,26.95,25.69,-0.0,1.26
2025-04-23 02:00:00-04:00,25.44,24.18,-0.0,1.26
2025-04-23 03:00:00-04:00,26.17,24.92,-0.0,1.25
2025-04-23 04:00:00-04:00,27.27,26.02,-0.0,1.25
2025-04-23 05:00:00-04:00,31.44,30.0,-0.0,1.44
2025-04-23 06:00:00-04:00,41.35,39.34,-0.0,2.01
2025-04-23 07:00:00-04:00,41.77,39.67,-0.0,2.1
2025-04-23 08:00:00-04:00,34.19,32.32,-0.0,1.87
2025-04-23 09:00:00-04:00,28.64,27.04,-0.0,1.6
2025-04-23 10:00:00-04:00,26.47,25.02,-0.0,1.45
2025-04-23 11:00:00-04:00,24.39,23.01,-0.0,1.38
2025-04-23 12:00:00-04:00,23.65,22.29,-0.0,1.36
2025-04-23 13:00:00-04:00,24.03,22.61,-0.0,1.42
2025-04-23 14:00:00-04:00,24.0,22.56,-0.0,1.44
2025-04-23 15:00:00-04:00,26.26,24.700000000000003,-0.0,1.56
2025-04-23 16:00:00-04:00,30.0,28.09,-0.0,1.91
2025-04-23 17:00:00-04:00,35.85,33.660000000000004,-0.0,2.19
2025-04-23 18:00:00-04:00,42.06,39.6,-0.0,2.46
2025-04-23 19:00:00-04:00,47.03,44.58,-0.0,2.45
2025-04-23 20:00:00-04:00,47.75,45.05,-0.0,2.7
2025-04-23 21:00:00-04:00,38.59,36.720000000000006,-0.0,1.87
2025-04-23 22:00:00-04:00,34.31,32.71,-0.0,1.6
2025-04-23 23:00:00-04:00,30.76,29.41,-0.0,1.35
2025-04-24 00:00:00-04:00,27.36,26.06,-0.0,1.3
2025-04-24 01:00:00-04:00,25.77,24.54,-0.0,1.23
2025-04-24 02:00:00-04:00,23.49,22.389999999999997,-0.0,1.1
2025-04-24 03:00:00-04:00,23.14,22.02,-0.0,1.12
2025-04-24 04:00:00-04:00,21.93,20.85,-0.0,1.08
2025-04-24 05:00:00-04:00,28.22,26.9,-0.0,1.32
2025-04-24 06:00:00-04:00,34.65,32.91,-0.0,1.74
2025-04-24 07:00:00-04:00,39.32,37.34,-0.0,1.98
2025-04-24 08:00:00-04:00,33.53,31.78,-0.0,1.75
2025-04-24 09:00:00-04:00,27.32,25.87,-0.0,1.45
2025-04-24 10:00:00-04:00,26.3,25.0,-0.0,1.3
2025-04-24 11:00:00-04:00,24.97,23.74,-0.0,1.23
2025-04-24 12:00:00-04:00,25.41,24.13,-0.0,1.28
2025-04-24 13:00:00-04:00,26.03,24.67,-0.0,1.36
2025-04-24 14:00:00-04:00,26.53,25.1,-0.0,1.43
2025-04-24 15:00:00-04:00,29.16,27.64,-0.0,1.52
2025-04-24 16:00:00-04:00,32.36,30.59,-0.0,1.77
2025-04-24 17:00:00-04:00,38.22,35.89,-0.0,2.33
2025-04-24 18:00:00-04:00,44.84,42.34,-0.0,2.5
2025-04-24 19:00:00-04:00,50.48,47.669999999999995,-0.0,2.81
2025-04-24 20:00:00-04:00,47.68,45.07,-0.0,2.61
2025-04-24 21:00:00-04:00,39.77,37.84,-0.0,1.93
2025-04-24 22:00:00-04:00,33.94,32.23,-0.0,1.71
2025-04-24 23:00:00-04:00,30.73,29.41,-0.0,1.32
2025-04-25 00:00:00-04:00,27.51,26.15,-0.0,1.36
2025-04-25 01:00:00-04:00,25.76,24.51,-0.0,1.25
2025-04-25 02:00:00-04:00,24.41,23.23,-0.0,1.18
2025-04-25 03:00:00-04:00,24.55,23.45,-0.0,1.1
2025-04-25 04:00:00-04:00,25.92,24.76,-0.0,1.16
2025-04-25 05:00:00-04:00,28.71,27.45,-0.0,1.26
2025-04-25 06:00:00-04:00,35.6,33.870000000000005,-0.0,1.73
2025-04-25 07:00:00-04:00,40.13,38.260000000000005,-0.0,1.87
2025-04-25 08:00:00-04:00,32.71,31.09,-0.0,1.62
2025-04-25 09:00:00-04:00,29.64,28.15,-0.0,1.49
2025-04-25 10:00:00-04:00,27.83,26.479999999999997,-0.0,1.35
2025-04-25 11:00:00-04:00,27.74,26.369999999999997,-0.0,1.37
2025-04-25 12:00:00-04:00,28.46,26.98,-0.0,1.48
2025-04-25 13:00:00-04:00,29.2,27.78,-0.0,1.42
2025-04-25 14:00:00-04:00,30.56,28.94,-0.0,1.62
2025-04-25 15:00:00-04:00,32.59,30.690000000000005,-0.0,1.9
2025-04-25 16:00:00-04:00,36.47,34.269999999999996,-0.0,2.2
2025-04-25 17:00:00-04:00,41.73,39.11,-0.0,2.62
2025-04-25 18:00:00-04:00,45.32,42.63,-0.0,2.69
2025-04-25 19:00:00-04:00,48.1,45.17,-0.0,2.93
2025-04-25 20:00:00-04:00,44.98,42.239999999999995,-0.0,2.74
2025-04-25 21:00:00-04:00,37.2,34.900000000000006,-0.0,2.3
2025-04-25 22:00:00-04:00,34.27,32.27,-0.0,2.0
2025-04-25 23:00:00-04:00,29.78,28.23,-0.0,1.55
2025-04-26 00:00:00-04:00,30.55,28.96,-0.0,1.59
2025-04-26 01:00:00-04:00,27.92,25.44,1.18,1.3
2025-04-26 02:00:00-04:00,26.31,24.09,0.99,1.23
2025-04-26 03:00:00-04:00,25.17,21.82,2.24,1.11
2025-04-26 04:00:00-04:00,26.07,22.42,2.48,1.17
2025-04-26 05:00:00-04:00,26.06,22.69,2.21,1.16
2025-04-26 06:00:00-04:00,27.85,21.1,5.67,1.08
2025-04-26 07:00:00-04:00,28.85,26.51,0.94,1.4
2025-04-26 08:00:00-04:00,33.0,31.22,-0.0,1.78
2025-04-26 09:00:00-04:00,36.97,29.79,5.57,1.61
2025-04-26 10:00:00-04:00,35.57,29.53,4.48,1.56
2025-04-26 11:00:00-04:00,36.43,26.74,8.25,1.44
2025-04-26 12:00:00-04:00,35.21,26.020000000000003,7.79,1.4
2025-04-26 13:00:00-04:00,34.98,23.109999999999992,10.6,1.27
2025-04-26 14:00:00-04:00,33.81,22.430000000000007,10.12,1.26
2025-04-26 15:00:00-04:00,35.43,19.71,14.62,1.1
2025-04-26 16:00:00-04:00,36.65,18.04,17.6,1.01
2025-04-26 17:00:00-04:00,43.03,23.85,17.85,1.33
2025-04-26 18:00:00-04:00,42.25,24.01,16.87,1.37
2025-04-26 19:00:00-04:00,43.61,30.57,11.39,1.65
2025-04-26 20:00:00-04:00,45.32,29.950000000000003,13.72,1.65
2025-04-26 21:00:00-04:00,35.9,32.379999999999995,1.74,1.78
2025-04-26 22:00:00-04:00,33.03,27.930000000000003,3.56,1.54
2025-04-26 23:00:00-04:00,29.79,22.18,6.41,1.2
2025-04-27 00:00:00-04:00,29.32,11.299999999999995,17.42,0.6
2025-04-27 01:00:00-04:00,27.13,13.2,13.23,0.7
2025-04-27 02:00:00-04:00,25.63,13.4,11.53,0.7
2025-04-27 03:00:00-04:00,26.5,13.35,12.51,0.64
2025-04-27 04:00:00-04:00,25.82,14.54,10.6,0.68
2025-04-27 05:00:00-04:00,26.11,19.39,5.85,0.87
2025-04-27 06:00:00-04:00,27.95,17.78,9.33,0.84
2025-04-27 07:00:00-04:00,26.5,21.98,3.47,1.05
2025-04-27 08:00:00-04:00,27.06,19.02,7.07,0.97
2025-04-27 09:00:00-04:00,29.15,17.159999999999997,11.12,0.87
2025-04-27 10:00:00-04:00,29.82,17.08,11.87,0.87
2025-04-27 11:00:00-04:00,28.99,14.03,14.24,0.72
2025-04-27 12:00:00-04:00,28.38,14.05,13.61,0.72
2025-04-27 13:00:00-04:00,27.71,17.54,9.26,0.91
2025-04-27 14:00:00-04:00,28.35,13.97,13.65,0.73
2025-04-27 15:00:00-04:00,28.34,13.920000000000002,13.7,0.72
2025-04-27 16:00:00-04:00,27.69,19.9,6.76,1.03
2025-04-27 17:00:00-04:00,30.58,22.299999999999997,7.05,1.23
2025-04-27 18:00:00-04:00,33.53,28.92,2.9,1.71
2025-04-27 19:00:00-04:00,41.67,39.08,0.17,2.42
2025-04-27 20:00:00-04:00,46.21,43.55,-0.0,2.66
2025-04-27 21:00:00-04:00,34.01,32.08,-0.0,1.93
2025-04-27 22:00:00-04:00,30.51,28.78,-0.0,1.73
2025-04-27 23:00:00-04:00,28.26,26.69,-0.0,1.57
2025-04-28 00:00:00-04:00,30.99,29.57,-0.0,1.42
2025-04-28 01:00:00-04:00,27.42,26.270000000000003,-0.0,1.15
2025-04-28 02:00:00-04:00,26.31,25.13,-0.0,1.18
2025-04-28 03:00:00-04:00,26.19,25.06,-0.0,1.13
2025-04-28 04:00:00-04:00,26.49,25.369999999999997,-0.0,1.12
2025-04-28 05:00:00-04:00,29.43,28.22,-0.0,1.21
2025-04-28 06:00:00-04:00,38.56,36.97,-0.0,1.59
2025-04-28 07:00:00-04:00,40.16,38.43,-0.0,1.73
2025-04-28 08:00:00-04:00,34.37,32.8,-0.0,1.57
2025-04-28 09:00:00-04:00,28.87,27.47,-0.0,1.4
2025-04-28 10:00:00-04:00,25.42,24.21,-0.0,1.21
2025-04-28 11:00:00-04:00,24.26,23.020000000000003,-0.0,1.24
2025-04-28 12:00:00-04:00,24.11,22.85,-0.0,1.26
2025-04-28 13:00:00-04:00,24.94,23.66,-0.0,1.28
2025-04-28 14:00:00-04:00,24.83,23.49,-0.0,1.34
2025-04-28 15:00:00-04:00,25.85,24.39,-0.0,1.46
2025-04-28 16:00:00-04:00,29.89,28.14,-0.0,1.75
2025-04-28 17:00:00-04:00,34.93,32.769999999999996,-0.0,2.16
2025-04-28 18:00:00-04:00,42.33,39.82,-0.0,2.51
2025-04-28 19:00:00-04:00,49.68,46.73,-0.0,2.95
2025-04-28 20:00:00-04:00,49.68,46.65,-0.0,3.03
2025-04-28 21:00:00-04:00,38.14,35.88,-0.0,2.26
2025-04-28 22:00:00-04:00,29.79,27.95,-0.0,1.84
2025-04-28 23:00:00-04:00,26.75,22.74,2.51,1.5
2025-04-29 00:00:00-04:00,27.72,17.39,9.37,0.96
2025-04-29 01:00:00-04:00,25.25,9.419999999999998,15.3,0.53
2025-04-29 02:00:00-04:00,24.2,11.07,12.51,0.62
2025-04-29 03:00:00-04:00,23.52,8.17,14.88,0.47
2025-04-29 04:00:00-04:00,24.27,7.859999999999998,15.97,0.44
2025-04-29 05:00:00-04:00,27.34,14.18,12.35,0.81
2025-04-29 06:00:00-04:00,38.33,16.13,21.27,0.93
2025-04-29 07:00:00-04:00,38.8,16.259999999999998,21.6,0.94
2025-04-29 08:00:00-04:00,31.03,17.490000000000002,12.44,1.1
2025-04-29 09:00:00-04:00,26.09,17.58,7.42,1.09
2025-04-29 10:00:00-04:00,25.71,18.32,6.22,1.17
2025-04-29 11:00:00-04:00,24.97,18.639999999999997,5.16,1.17
2025-04-29 12:00:00-04:00,26.2,18.839999999999996,6.17,1.19
2025-04-29 13:00:00-04:00,27.03,21.72,3.94,1.37
2025-04-29 14:00:00-04:00,29.79,25.950000000000003,2.26,1.58
2025-04-29 15:00:00-04:00,31.29,29.01,0.31,1.97
2025-04-29 16:00:00-04:00,35.35,25.74,7.91,1.7
2025-04-29 17:00:00-04:00,42.85,28.05,12.98,1.82
2025-04-29 18:00:00-04:00,48.36,29.860000000000003,16.59,1.91
2025-04-29 19:00:00-04:00,57.72,32.05,23.59,2.08
2025-04-29 20:00:00-04:00,55.38,32.900000000000006,20.31,2.17
2025-04-29 21:00:00-04:00,43.06,28.820000000000007,12.37,1.87
2025-04-29 22:00:00-04:00,35.65,25.43,8.57,1.65
2025-04-29 23:00:00-04:00,32.16,18.309999999999995,12.84,1.01
2025-04-30 00:00:00-04:00,30.09,19.52,9.48,1.09
2025-04-30 01:00:00-04:00,27.75,18.21,8.54,1.0
2025-04-30 02:00:00-04:00,26.26,18.49,6.77,1.0
2025-04-30 03:00:00-04:00,25.33,18.99,5.32,1.02
2025-04-30 04:00:00-04:00,26.3,24.95,-0.0,1.35
2025-04-30 05:00:00-04:00,30.3,28.75,-0.0,1.55
2025-04-30 06:00:00-04:00,40.68,38.45,-0.0,2.23
2025-04-30 07:00:00-04:00,44.41,42.18,-0.0,2.23
2025-04-30 08:00:00-04:00,37.16,35.089999999999996,-0.0,2.07
2025-04-30 09:00:00-04:00,31.98,30.2,-0.0,1.78
2025-04-30 10:00:00-04:00,30.11,28.49,-0.0,1.62
2025-04-30 11:00:00-04:00,28.88,27.22,-0.0,1.66
2025-04-30 12:00:00-04:00,28.25,26.55,-0.0,1.7
2025-04-30 13:00:00-04:00,27.63,25.92,-0.0,1.71
2025-04-30 14:00:00-04:00,27.92,26.19,-0.0,1.73
2025-04-30 15:00:00-04:00,29.44,27.59,-0.0,1.85
2025-04-30 16:00:00-04:00,32.4,30.2,-0.0,2.2
2025-04-30 17:00:00-04:00,43.05,40.12,-0.0,2.93
2025-04-30 18:00:00-04:00,50.27,47.07,-0.0,3.2
2025-04-30 19:00:00-04:00,55.4,52.02,-0.0,3.38
2025-04-30 20:00:00-04:00,55.83,52.62,-0.0,3.21
2025-04-30 21:00:00-04:00,44.98,42.559999999999995,-0.0,2.42
2025-04-30 22:00:00-04:00,37.96,36.02,-0.0,1.94
2025-04-30 23:00:00-04:00,33.03,31.43,-0.0,1.6
2025-05-01 00:00:00-04:00,35.63,34.46,-0.0,1.17
2025-05-01 01:00:00-04:00,29.74,28.59,-0.0,1.15
2025-05-01 02:00:00-04:00,28.4,27.389999999999997,-0.0,1.01
2025-05-01 03:00:00-04:00,28.0,26.92,-0.0,1.08
2025-05-01 04:00:00-04:00,29.6,28.46,-0.0,1.14
2025-05-01 05:00:00-04:00,34.94,33.629999999999995,-0.0,1.31
2025-05-01 06:00:00-04:00,44.83,42.94,-0.0,1.89
2025-05-01 07:00:00-04:00,46.63,44.830000000000005,-0.0,1.8
2025-05-01 08:00:00-04:00,37.37,35.8,-0.0,1.57
2025-05-01 09:00:00-04:00,32.4,31.09,-0.0,1.31
2025-05-01 10:00:00-04:00,30.16,28.92,-0.0,1.24
2025-05-01 11:00:00-04:00,28.58,27.38,-0.0,1.2
2025-05-01 12:00:00-04:00,28.33,27.06,-0.0,1.27
2025-05-01 13:00:00-04:00,28.99,27.69,-0.0,1.3
2025-05-01 14:00:00-04:00,29.99,28.59,-0.0,1.4
2025-05-01 15:00:00-04:00,31.86,30.4,-0.0,1.46
2025-05-01 16:00:00-04:00,35.04,33.37,-0.0,1.67
2025-05-01 17:00:00-04:00,40.05,38.14,-0.0,1.91
2025-05-01 18:00:00-04:00,46.15,44.04,-0.0,2.11
2025-05-01 19:00:00-04:00,53.53,50.84,-0.0,2.69
2025-05-01 20:00:00-04:00,49.6,47.02,-0.0,2.58
2025-05-01 21:00:00-04:00,39.97,37.89,-0.0,2.08
2025-05-01 22:00:00-04:00,34.29,32.47,-0.0,1.82
2025-05-01 23:00:00-04:00,32.13,30.540000000000003,-0.0,1.59
2025-05-02 00:00:00-04:00,32.66,31.109999999999996,-0.0,1.55
2025-05-02 01:00:00-04:00,28.0,26.47,-0.0,1.53
2025-05-02 02:00:00-04:00,26.7,25.29,-0.0,1.41
2025-05-02 03:00:00-04:00,25.93,24.58,-0.0,1.35
2025-05-02 04:00:00-04:00,26.65,25.24,-0.0,1.41
2025-05-02 05:00:00-04:00,29.98,28.39,-0.0,1.59
2025-05-02 06:00:00-04:00,39.14,37.0,-0.0,2.14
2025-05-02 07:00:00-04:00,43.64,41.21,-0.0,2.43
2025-05-02 08:00:00-04:00,41.44,38.95,-0.0,2.49
2025-05-02 09:00:00-04:00,40.39,37.89,-0.0,2.5
2025-05-02 10:00:00-04:00,37.09,34.760000000000005,-0.0,2.33
2025-05-02 11:00:00-04:00,36.13,33.77,-0.0,2.36
2025-05-02 12:00:00-04:00,35.7,33.370000000000005,-0.0,2.33
2025-05-02 13:00:00-04:00,35.34,32.970000000000006,-0.0,2.37
2025-05-02 14:00:00-04:00,37.42,34.97,-0.0,2.45
2025-05-02 15:00:00-04:00,37.27,34.74,-0.0,2.53
2025-05-02 16:00:00-04:00,40.0,37.21,-0.0,2.79
2025-05-02 17:00:00-04:00,48.81,42.98,2.6,3.23
2025-05-02 18:00:00-04:00,55.55,51.42999999999999,0.31,3.81
2025-05-02 19:00:00-04:00,59.85,55.88,-0.0,3.97
2025-05-02 20:00:00-04:00,60.64,56.52,-0.0,4.12
2025-05-02 21:00:00-04:00,48.27,45.330000000000005,-0.0,2.94
2025-05-02 22:00:00-04:00,41.4,39.02,-0.0,2.38
2025-05-02 23:00:00-04:00,36.64,34.7,-0.0,1.94
2025-05-03 00:00:00-04:00,41.44,39.09,-0.0,2.35
2025-05-03 01:00:00-04:00,34.76,32.67,-0.0,2.09
2025-05-03 02:00:00-04:00,30.78,29.07,-0.0,1.71
2025-05-03 03:00:00-04:00,30.11,28.35,-0.0,1.76
2025-05-03 04:00:00-04:00,30.13,28.45,-0.0,1.68
2025-05-03 05:00:00-04:00,31.07,29.34,-0.0,1.73
2025-05-03 06:00:00-04:00,33.71,32.04,-0.0,1.67
2025-05-03 07:00:00-04:00,41.37,39.55,-0.0,1.82
2025-05-03 08:00:00-04:00,39.28,37.370000000000005,-0.0,1.91
2025-05-03 09:00:00-04:00,38.86,36.98,-0.0,1.88
2025-05-03 10:00:00-04:00,38.0,36.26,-0.0,1.74
2025-05-03 11:00:00-04:00,39.02,37.23,-0.0,1.79
2025-05-03 12:00:00-04:00,38.27,36.35,-0.0,1.92
2025-05-03 13:00:00-04:00,38.77,36.78,-0.0,1.99
2025-05-03 14:00:00-04:00,40.96,38.75,-0.0,2.21
2025-05-03 15:00:00-04:00,45.87,43.599999999999994,-0.0,2.27
2025-05-03 16:00:00-04:00,49.65,47.15,-0.0,2.5
2025-05-03 17:00:00-04:00,54.03,50.870000000000005,-0.0,3.16
2025-05-03 18:00:00-04:00,59.58,55.89,-0.0,3.69
2025-05-03 19:00:00-04:00,59.57,55.83,-0.0,3.74
2025-05-03 20:00:00-04:00,56.69,53.69,-0.0,3.0
2025-05-03 21:00:00-04:00,50.85,48.34,-0.0,2.51
2025-05-03 22:00:00-04:00,45.6,43.47,-0.0,2.13
2025-05-03 23:00:00-04:00,41.02,39.220000000000006,-0.0,1.8
2025-05-04 00:00:00-04:00,41.93,39.93,-0.0,2.0
2025-05-04 01:00:00-04:00,32.95,31.26,-0.0,1.69
2025-05-04 02:00:00-04:00,33.36,31.65,-0.0,1.71
2025-05-04 03:00:00-04:00,31.59,30.09,-0.0,1.5
2025-05-04 04:00:00-04:00,31.36,29.84,-0.0,1.52
2025-05-04 05:00:00-04:00,31.82,30.33,-0.0,1.49
2025-05-04 06:00:00-04:00,30.16,28.53,-0.0,1.63
2025-05-04 07:00:00-04:00,31.73,29.96,-0.0,1.77
2025-05-04 08:00:00-04:00,33.06,31.19,-0.0,1.87
2025-05-04 09:00:00-04:00,36.44,34.309999999999995,-0.0,2.13
2025-05-04 10:00:00-04:00,35.37,33.239999999999995,-0.0,2.13
2025-05-04 11:00:00-04:00,36.82,34.57,-0.0,2.25
2025-05-04 12:00:00-04:00,37.34,35.0,-0.0,2.34
2025-05-04 13:00:00-04:00,38.12,35.73,-0.0,2.39
2025-05-04 14:00:00-04:00,37.35,34.84,-0.0,2.51
2025-05-04 15:00:00-04:00,39.73,37.099999999999994,-0.0,2.63
2025-05-04 16:00:00-04:00,42.49,38.89,0.88,2.72
2025-05-04 17:00:00-04:00,47.1,35.83,8.73,2.54
2025-05-04 18:00:00-04:00,49.31,45.13,1.07,3.11
2025-05-04 19:00:00-04:00,51.91,48.33,0.15,3.43
2025-05-04 20:00:00-04:00,50.02,44.67,2.27,3.08
2025-05-04 21:00:00-04:00,42.92,39.88,0.29,2.75
2025-05-04 22:00:00-04:00,38.34,34.25000000000001,1.86,2.23
2025-05-04 23:00:00-04:00,35.94,32.27,1.73,1.94
2025-05-05 00:00:00-04:00,34.8,33.239999999999995,-0.0,1.56
2025-05-05 01:00:00-04:00,30.79,29.16,-0.0,1.63
2025-05-05 02:00:00-04:00,30.61,27.62,1.61,1.38
2025-05-05 03:00:00-04:00,30.71,29.28,-0.0,1.43
2025-05-05 04:00:00-04:00,32.16,30.719999999999995,-0.0,1.44
2025-05-05 05:00:00-04:00,35.36,33.74,-0.0,1.62
2025-05-05 06:00:00-04:00,42.98,40.739999999999995,-0.0,2.24
2025-05-05 07:00:00-04:00,46.02,43.25,-0.0,2.77
2025-05-05 08:00:00-04:00,44.4,40.83,0.55,3.02
2025-05-05 09:00:00-04:00,44.91,41.059999999999995,0.81,3.04
2025-05-05 10:00:00-04:00,43.03,38.790000000000006,1.41,2.83
2025-05-05 11:00:00-04:00,45.1,42.27,-0.0,2.83
2025-05-05 12:00:00-04:00,43.67,40.89,-0.0,2.78
2025-05-05 13:00:00-04:00,42.14,39.49,-0.0,2.65
2025-05-05 14:00:00-04:00,41.27,38.64,-0.0,2.63
2025-05-05 15:00:00-04:00,44.1,41.29,-0.0,2.81
2025-05-05 16:00:00-04:00,45.0,41.46,0.72,2.82
2025-05-05 17:00:00-04:00,46.4,43.44,-0.0,2.96
2025-05-05 18:00:00-04:00,51.43,48.2,-0.0,3.23
2025-05-05 19:00:00-04:00,53.75,50.42,-0.0,3.33
2025-05-05 20:00:00-04:00,51.6,48.36,-0.0,3.24
2025-05-05 21:00:00-04:00,43.84,41.09,-0.0,2.75
2025-05-05 22:00:00-04:00,38.97,36.59,-0.0,2.38
2025-05-05 23:00:00-04:00,35.1,33.050000000000004,-0.0,2.05
2025-05-06 00:00:00-04:00,34.79,32.91,-0.0,1.88
2025-05-06 01:00:00-04:00,31.87,30.07,-0.0,1.8
2025-05-06 02:00:00-04:00,30.02,27.86,0.46,1.7
2025-05-06 03:00:00-04:00,30.29,28.58,-0.0,1.71
2025-05-06 04:00:00-04:00,30.56,28.89,-0.0,1.67
2025-05-06 05:00:00-04:00,34.03,32.230000000000004,-0.0,1.8
2025-05-06 06:00:00-04:00,43.91,41.419999999999995,-0.0,2.49
2025-05-06 07:00:00-04:00,47.21,44.33,-0.0,2.88
2025-05-06 08:00:00-04:00,47.94,44.89,-0.0,3.05
2025-05-06 09:00:00-04:00,44.53,41.73,-0.0,2.8
2025-05-06 10:00:00-04:00,46.0,43.23,-0.0,2.77
2025-05-06 11:00:00-04:00,43.73,41.099999999999994,-0.0,2.63
2025-05-06 12:00:00-04:00,43.0,40.49,-0.0,2.51
2025-05-06 13:00:00-04:00,42.46,39.94,-0.0,2.52
2025-05-06 14:00:00-04:00,43.81,41.17,-0.0,2.64
2025-05-06 15:00:00-04:00,44.46,41.9,-0.0,2.56
2025-05-06 16:00:00-04:00,47.22,44.55,-0.0,2.67
2025-05-06 17:00:00-04:00,54.28,51.01,-0.0,3.27
2025-05-06 18:00:00-04:00,56.91,53.79,-0.0,3.12
2025-05-06 19:00:00-04:00,58.51,55.41,-0.0,3.1
2025-05-06 20:00:00-04:00,59.2,56.17,-0.0,3.03
2025-05-06 21:00:00-04:00,48.25,45.87,-0.0,2.38
2025-05-06 22:00:00-04:00,41.29,39.14,-0.0,2.15
2025-05-06 23:00:00-04:00,36.83,34.98,-0.0,1.85
2025-05-07 00:00:00-04:00,38.09,36.17,-0.0,1.92
2025-05-07 01:00:00-04:00,33.32,31.46,-0.0,1.86
2025-05-07 02:00:00-04:00,31.34,29.54,-0.0,1.8
2025-05-07 03:00:00-04:00,30.0,28.25,-0.0,1.75
2025-05-07 04:00:00-04:00,32.07,30.51,-0.0,1.56
2025-05-07 05:00:00-04:00,36.94,35.379999999999995,-0.0,1.56
2025-05-07 06:00:00-04:00,47.49,45.32,-0.0,2.17
2025-05-07 07:00:00-04:00,52.69,50.28,-0.0,2.41
2025-05-07 08:00:00-04:00,48.84,46.38,-0.0,2.46
2025-05-07 09:00:00-04:00,46.55,44.209999999999994,-0.0,2.34
2025-05-07 10:00:00-04:00,43.52,41.41,-0.0,2.11
2025-05-07 11:00:00-04:00,41.33,39.33,-0.0,2.0
2025-05-07 12:00:00-04:00,40.52,38.48,-0.0,2.04
2025-05-07 13:00:00-04:00,40.01,38.0,-0.0,2.01
2025-05-07 14:00:00-04:00,39.94,37.9,-0.0,2.04
2025-05-07 15:00:00-04:00,42.33,40.16,-0.0,2.17
2025-05-07 16:00:00-04:00,45.3,43.14,-0.0,2.16
2025-05-07 17:00:00-04:00,51.4,48.72,-0.0,2.68
2025-05-07 18:00:00-04:00,57.14,54.26,-0.21,3.09
2025-05-07 19:00:00-04:00,61.76,57.94,-0.0,3.82
2025-05-07 20:00:00-04:00,63.96,60.22,-0.0,3.74
2025-05-07 21:00:00-04:00,52.28,49.74,-0.0,2.54
2025-05-07 22:00:00-04:00,45.15,43.04,-0.0,2.11
2025-05-07 23:00:00-04:00,37.31,35.67,-0.0,1.64
2025-05-08 00:00:00-04:00,40.27,38.61000000000001,-0.0,1.66
2025-05-08 01:00:00-04:00,31.78,30.3,-0.0,1.48
2025-05-08 02:00:00-04:00,31.73,30.28,-0.0,1.45
2025-05-08 03:00:00-04:00,30.78,29.4,-0.0,1.38
2025-05-08 04:00:00-04:00,31.97,30.56,-0.0,1.41
2025-05-08 05:00:00-04:00,35.65,34.08,-0.0,1.57
2025-05-08 06:00:00-04:00,46.1,43.99,-0.0,2.11
2025-05-08 07:00:00-04:00,49.41,46.919999999999995,-0.0,2.49
2025-05-08 08:00:00-04:00,46.64,44.04,-0.0,2.6
2025-05-08 09:00:00-04:00,40.61,38.38,-0.0,2.23
2025-05-08 10:00:00-04:00,39.29,37.07,-0.0,2.22
2025-05-08 11:00:00-04:00,38.53,36.31,-0.0,2.22
2025-05-08 12:00:00-04:00,37.66,35.459999999999994,-0.0,2.2
2025-05-08 13:00:00-04:00,38.01,35.69,-0.0,2.32
2025-05-08 14:00:00-04:00,38.89,34.77,1.79,2.33
2025-05-08 15:00:00-04:00,39.9,37.26,0.18,2.46
2025-05-08 16:00:00-04:00,44.86,42.08,-0.0,2.78
2025-05-08 17:00:00-04:00,49.91,46.95,-0.0,2.96
2025-05-08 18:00:00-04:00,55.93,52.76,-0.0,3.17
2025-05-08 19:00:00-04:00,58.74,55.42,-0.0,3.32
2025-05-08 20:00:00-04:00,58.36,55.16,-0.0,3.2
2025-05-08 21:00:00-04:00,49.85,47.07,-0.0,2.78
2025-05-08 22:00:00-04:00,42.59,40.370000000000005,-0.0,2.22
2025-05-08 23:00:00-04:00,35.98,34.13999999999999,-0.0,1.84
2025-05-09 00:00:00-04:00,34.9,33.3,-0.0,1.6
2025-05-09 01:00:00-04:00,30.88,29.33,-0.0,1.55
2025-05-09 02:00:00-04:00,29.44,27.99,-0.0,1.45
2025-05-09 03:00:00-04:00,28.59,27.18,-0.0,1.41
2025-05-09 04:00:00-04:00,29.47,28.04,-0.0,1.43
2025-05-09 05:00:00-04:00,32.6,31.05,-0.0,1.55
2025-05-09 06:00:00-04:00,40.97,39.02,-0.0,1.95
2025-05-09 07:00:00-04:00,44.22,41.76,-0.0,2.46
2025-05-09 08:00:00-04:00,46.87,44.01,-0.0,2.86
2025-05-09 09:00:00-04:00,43.44,40.64,-0.0,2.8
2025-05-09 10:00:00-04:00,41.48,38.95,-0.0,2.53
2025-05-09 11:00:00-04:00,40.27,37.81,-0.0,2.46
2025-05-09 12:00:00-04:00,39.68,37.22,-0.0,2.46
2025-05-09 13:00:00-04:00,39.05,36.629999999999995,-0.0,2.42
2025-05-09 14:00:00-04:00,38.7,36.27,-0.0,2.43
2025-05-09 15:00:00-04:00,38.93,36.62,-0.0,2.31
2025-05-09 16:00:00-04:00,42.5,39.83,-0.0,2.67
2025-05-09 17:00:00-04:00,42.96,40.34,-0.0,2.62
2025-05-09 18:00:00-04:00,46.24,43.66,-0.0,2.58
2025-05-09 19:00:00-04:00,48.45,45.93,-0.0,2.52
2025-05-09 20:00:00-04:00,50.0,47.22,-0.0,2.78
2025-05-09 21:00:00-04:00,41.42,39.15,-0.0,2.27
2025-05-09 22:00:00-04:00,37.33,35.25,-0.0,2.08
2025-05-09 23:00:00-04:00,35.53,33.550000000000004,-0.0,1.98
2025-05-10 00:00:00-04:00,35.39,33.42,-0.0,1.97
2025-05-10 01:00:00-04:00,33.62,31.72,-0.0,1.9
2025-05-10 02:00:00-04:00,30.99,29.29,-0.0,1.7
2025-05-10 03:00:00-04:00,30.67,28.96,-0.0,1.71
2025-05-10 04:00:00-04:00,30.02,28.32,-0.0,1.7
2025-05-10 05:00:00-04:00,31.82,29.93,-0.0,1.89
2025-05-10 06:00:00-04:00,32.81,30.860000000000003,-0.0,1.95
2025-05-10 07:00:00-04:00,32.45,30.500000000000004,-0.0,1.95
2025-05-10 08:00:00-04:00,31.11,28.1,1.18,1.83
2025-05-10 09:00:00-04:00,29.79,24.75,3.48,1.56
2025-05-10 10:00:00-04:00,28.07,22.42,4.26,1.39
2025-05-10 11:00:00-04:00,26.57,20.23,5.09,1.25
2025-05-10 12:00:00-04:00,26.78,20.6,4.92,1.26
2025-05-10 13:00:00-04:00,26.27,20.21,4.85,1.21
2025-05-10 14:00:00-04:00,26.32,21.08,3.93,1.31
2025-05-10 15:00:00-04:00,26.43,21.15,3.91,1.37
2025-05-10 16:00:00-04:00,30.29,20.57,8.4,1.32
2025-05-10 17:00:00-04:00,32.8,30.45,0.31,2.04
2025-05-10 18:00:00-04:00,39.34,36.8,-0.0,2.54
2025-05-10 19:00:00-04:00,44.09,41.400000000000006,-0.0,2.69
2025-05-10 20:00:00-04:00,47.5,44.56,-0.0,2.94
2025-05-10 21:00:00-04:00,40.56,38.190000000000005,-0.0,2.37
2025-05-10 22:00:00-04:00,35.15,32.97,-0.0,2.18
2025-05-10 23:00:00-04:00,32.52,30.540000000000003,-0.0,1.98
2025-05-11 00:00:00-04:00,32.66,28.68999999999999,2.19,1.78
2025-05-11 01:00:00-04:00,29.61,24.71,3.29,1.61
2025-05-11 02:00:00-04:00,27.25,24.27,1.45,1.53
2025-05-11 03:00:00-04:00,26.38,23.78,1.13,1.47
2025-05-11 04:00:00-04:00,28.01,25.43,1.05,1.53
2025-05-11 05:00:00-04:00,29.62,27.49,0.45,1.68
2025-05-11 06:00:00-04:00,30.44,28.74,-0.0,1.7
2025-05-11 07:00:00-04:00,29.48,27.19,0.63,1.66
2025-05-11 08:00:00-04:00,26.42,24.880000000000003,-0.0,1.54
2025-05-11 09:00:00-04:00,23.11,21.72,-0.0,1.39
2025-05-11 10:00:00-04:00,21.53,20.200000000000003,-0.0,1.33
2025-05-11 11:00:00-04:00,20.35,18.33,0.79,1.23
2025-05-11 12:00:00-04:00,19.96,16.12,2.68,1.16
2025-05-11 13:00:00-04:00,20.0,18.55,0.15,1.3
2025-05-11 14:00:00-04:00,20.0,12.27,6.81,0.92
2025-05-11 15:00:00-04:00,20.48,15.260000000000002,4.09,1.13
2025-05-11 16:00:00-04:00,25.3,17.11,6.92,1.27
2025-05-11 17:00:00-04:00,30.5,28.1,0.43,1.97
2025-05-11 18:00:00-04:00,39.53,37.05,-0.0,2.48
2025-05-11 19:00:00-04:00,48.57,45.65,-0.0,2.92
2025-05-11 20:00:00-04:00,51.79,49.05,-0.0,2.74
2025-05-11 21:00:00-04:00,44.5,42.3,-0.0,2.2
2025-05-11 22:00:00-04:00,37.37,35.559999999999995,-0.0,1.81
2025-05-11 23:00:00-04:00,32.73,31.139999999999997,-0.0,1.59
2025-05-12 00:00:00-04:00,29.22,27.75,-0.0,1.47
2025-05-12 01:00:00-04:00,22.57,21.31,-0.0,1.26
2025-05-12 02:00:00-04:00,21.29,19.959999999999997,0.17,1.16
2025-05-12 03:00:00-04:00,21.18,20.06,-0.0,1.12
2025-05-12 04:00:00-04:00,23.64,22.54,-0.0,1.1
2025-05-12 05:00:00-04:00,31.23,29.88,-0.0,1.35
2025-05-12 06:00:00-04:00,37.16,35.51,-0.02,1.67
2025-05-12 07:00:00-04:00,39.69,37.55,-0.04,2.18
2025-05-12 08:00:00-04:00,36.72,34.64,-0.0,2.08
2025-05-12 09:00:00-04:00,31.51,29.700000000000003,-0.0,1.81
2025-05-12 10:00:00-04:00,30.42,28.590000000000003,-0.0,1.83
2025-05-12 11:00:00-04:00,28.76,26.8,-0.0,1.96
2025-05-12 12:00:00-04:00,27.91,25.5,0.4,2.01
2025-05-12 13:00:00-04:00,28.41,25.97,0.31,2.13
2025-05-12 14:00:00-04:00,28.91,25.96,0.77,2.18
2025-05-12 15:00:00-04:00,30.47,28.06,0.05,2.36
2025-05-12 16:00:00-04:00,35.44,33.0,-0.0,2.44
2025-05-12 17:00:00-04:00,46.06,43.25,-0.0,2.81
2025-05-12 18:00:00-04:00,54.27,51.25,-0.0,3.02
2025-05-12 19:00:00-04:00,58.86,55.53,-0.0,3.33
2025-05-12 20:00:00-04:00,58.92,55.59,-0.0,3.33
2025-05-12 21:00:00-04:00,50.26,47.64,-0.0,2.62
2025-05-12 22:00:00-04:00,41.2,39.02,-0.0,2.18
2025-05-12 23:00:00-04:00,33.97,32.14,-0.0,1.83
2025-05-13 00:00:00-04:00,31.5,29.6,-0.0,1.9
2025-05-13 01:00:00-04:00,28.8,26.94,-0.0,1.86
2025-05-13 02:00:00-04:00,27.43,25.71,-0.0,1.72
2025-05-13 03:00:00-04:00,27.38,25.78,-0.0,1.6
2025-05-13 04:00:00-04:00,29.36,27.91,-0.0,1.45
2025-05-13 05:00:00-04:00,32.3,30.819999999999997,-0.0,1.48
2025-05-13 06:00:00-04:00,40.16,38.209999999999994,-0.0,1.95
2025-05-13 07:00:00-04:00,40.82,38.58,-0.0,2.24
2025-05-13 08:00:00-04:00,40.25,37.94,-0.0,2.31
2025-05-13 09:00:00-04:00,37.34,35.190000000000005,-0.0,2.15
2025-05-13 10:00:00-04:00,37.64,35.58,-0.0,2.06
2025-05-13 11:00:00-04:00,36.63,34.56,-0.0,2.07
2025-05-13 12:00:00-04:00,35.87,33.739999999999995,-0.0,2.13
2025-05-13 13:00:00-04:00,36.74,34.59,-0.0,2.15
2025-05-13 14:00:00-04:00,38.44,36.16,-0.0,2.28
2025-05-13 15:00:00-04:00,40.43,38.03,-0.0,2.4
2025-05-13 16:00:00-04:00,43.43,40.93,-0.0,2.5
2025-05-13 17:00:00-04:00,50.51,47.7,-0.0,2.81
2025-05-13 18:00:00-04:00,52.89,50.09,-0.0,2.8
2025-05-13 19:00:00-04:00,54.6,51.71,-0.0,2.89
2025-05-13 20:00:00-04:00,53.67,50.78,-0.0,2.89
2025-05-13 21:00:00-04:00,44.44,42.12,-0.0,2.32
2025-05-13 22:00:00-04:00,36.0,33.9,-0.0,2.1
2025-05-13 23:00:00-04:00,33.75,28.42,3.48,1.85
2025-05-14 00:00:00-04:00,31.87,22.06,8.2,1.61
2025-05-14 01:00:00-04:00,29.5,18.61,9.51,1.38
2025-05-14 02:00:00-04:00,27.86,19.16,7.32,1.38
2025-05-14 03:00:00-04:00,27.03,16.64,9.18,1.21
2025-05-14 04:00:00-04:00,28.47,20.17,6.81,1.49
2025-05-14 05:00:00-04:00,30.47,28.48,-0.0,1.99
2025-05-14 06:00:00-04:00,36.27,34.28,-0.0,1.99
2025-05-14 07:00:00-04:00,42.49,39.82,-0.0,2.67
2025-05-14 08:00:00-04:00,42.72,39.85,-0.0,2.87
2025-05-14 09:00:00-04:00,41.12,38.43,-0.0,2.69
2025-05-14 10:00:00-04:00,40.13,37.61,-0.0,2.52
2025-05-14 11:00:00-04:00,39.08,36.7,-0.0,2.38
2025-05-14 12:00:00-04:00,38.92,36.55,-0.0,2.37
2025-05-14 13:00:00-04:00,39.62,37.2,-0.0,2.42
2025-05-14 14:00:00-04:00,40.39,37.96,-0.0,2.43
2025-05-14 15:00:00-04:00,42.0,39.47,-0.0,2.53
2025-05-14 16:00:00-04:00,43.92,41.24,-0.0,2.68
2025-05-14 17:00:00-04:00,48.52,45.470000000000006,-0.0,3.05
2025-05-14 18:00:00-04:00,51.62,48.7,-0.0,2.92
2025-05-14 19:00:00-04:00,55.62,52.419999999999995,-0.0,3.2
2025-05-14 20:00:00-04:00,54.33,51.16,-0.0,3.17
2025-05-14 21:00:00-04:00,48.72,46.05,-0.0,2.67
2025-05-14 22:00:00-04:00,38.36,35.95,-0.0,2.41
2025-05-14 23:00:00-04:00,35.64,33.18,-0.0,2.46
2025-05-15 00:00:00-04:00,30.36,28.45,-0.0,1.91
2025-05-15 01:00:00-04:00,26.99,25.29,-0.0,1.7
2025-05-15 02:00:00-04:00,27.38,25.64,-0.0,1.74
2025-05-15 03:00:00-04:00,26.49,24.799999999999997,-0.0,1.69
2025-05-15 04:00:00-04:00,26.18,24.56,-0.0,1.62
2025-05-15 05:00:00-04:00,31.31,29.57,-0.0,1.74
2025-05-15 06:00:00-04:00,38.71,36.83,-0.0,1.88
2025-05-15 07:00:00-04:00,43.22,40.93,-0.0,2.29
2025-05-15 08:00:00-04:00,44.52,42.080000000000005,-0.0,2.44
2025-05-15 09:00:00-04:00,42.16,39.809999999999995,-0.0,2.35
2025-05-15 10:00:00-04:00,39.82,37.57,-0.0,2.25
2025-05-15 11:00:00-04:00,40.24,37.93,-0.0,2.31
2025-05-15 12:00:00-04:00,37.82,35.65,-0.0,2.17
2025-05-15 13:00:00-04:00,39.38,37.080000000000005,-0.0,2.3
2025-05-15 14:00:00-04:00,41.37,38.919999999999995,-0.0,2.45
2025-05-15 15:00:00-04:00,42.69,39.97,-0.0,2.72
2025-05-15 16:00:00-04:00,46.34,43.43000000000001,-0.0,2.91
2025-05-15 17:00:00-04:00,50.78,47.86,-0.0,2.92
2025-05-15 18:00:00-04:00,55.27,52.34,-0.0,2.93
2025-05-15 19:00:00-04:00,58.57,55.41,-0.0,3.16
2025-05-15 20:00:00-04:00,58.8,55.419999999999995,-0.0,3.38
2025-05-15 21:00:00-04:00,50.48,47.709999999999994,-0.0,2.77
2025-05-15 22:00:00-04:00,42.97,40.54,-0.0,2.43
2025-05-15 23:00:00-04:00,37.67,35.71,-0.0,1.96
2025-05-16 00:00:00-04:00,34.47,32.74,-0.0,1.73
2025-05-16 01:00:00-04:00,30.03,28.14,-0.0,1.89
2025-05-16 02:00:00-04:00,26.1,24.37,-0.0,1.73
2025-05-16 03:00:00-04:00,23.58,22.02,-0.0,1.56
2025-05-16 04:00:00-04:00,27.27,25.56,-0.0,1.71
2025-05-16 05:00:00-04:00,33.47,31.79,-0.0,1.68
2025-05-16 06:00:00-04:00,39.33,37.53,-0.0,1.8
2025-05-16 07:00:00-04:00,42.41,40.05,-0.0,2.36
2025-05-16 08:00:00-04:00,42.97,40.46,-0.0,2.51
2025-05-16 09:00:00-04:00,41.8,39.279999999999994,-0.0,2.52
2025-05-16 10:00:00-04:00,41.03,38.53,-0.0,2.5
2025-05-16 11:00:00-04:00,41.11,38.53,-0.0,2.58
2025-05-16 12:00:00-04:00,41.77,37.52000000000001,1.66,2.59
2025-05-16 13:00:00-04:00,45.05,38.56,3.83,2.66
2025-05-16 14:00:00-04:00,49.32,39.620000000000005,6.97,2.73
2025-05-16 15:00:00-04:00,52.7,41.830000000000005,7.94,2.93
2025-05-16 16:00:00-04:00,53.4,49.7,0.02,3.68
2025-05-16 17:00:00-04:00,58.58,54.24999999999999,0.59,3.74
2025-05-16 18:00:00-04:00,59.13,55.47,-0.0,3.66
2025-05-16 19:00:00-04:00,59.25,55.58,-0.0,3.67
2025-05-16 20:00:00-04:00,57.01,53.989999999999995,-0.0,3.02
2025-05-16 21:00:00-04:00,49.74,47.010000000000005,-0.0,2.73
2025-05-16 22:00:00-04:00,41.69,39.22,-0.0,2.47
2025-05-16 23:00:00-04:00,36.29,33.79,-0.0,2.5
2025-05-17 00:00:00-04:00,32.97,30.869999999999997,-0.0,2.1
2025-05-17 01:00:00-04:00,29.69,27.67,-0.0,2.02
2025-05-17 02:00:00-04:00,28.0,26.02,0.16,1.82
2025-05-17 03:00:00-04:00,26.16,24.43,-0.0,1.73
2025-05-17 04:00:00-04:00,26.18,24.44,-0.0,1.74
2025-05-17 05:00:00-04:00,27.13,23.36,2.27,1.5
2025-05-17 06:00:00-04:00,29.48,25.1,2.77,1.61
2025-05-17 07:00:00-04:00,28.0,24.619999999999997,1.58,1.8
2025-05-17 08:00:00-04:00,31.05,22.41,7.0,1.64
2025-05-17 09:00:00-04:00,31.67,24.33,5.56,1.78
2025-05-17 10:00:00-04:00,32.0,25.96,4.17,1.87
2025-05-17 11:00:00-04:00,32.0,27.14,2.93,1.93
2025-05-17 12:00:00-04:00,32.97,27.42,3.63,1.92
2025-05-17 13:00:00-04:00,33.22,25.27,6.13,1.82
2025-05-17 14:00:00-04:00,36.08,22.739999999999995,11.63,1.71
2025-05-17 15:00:00-04:00,44.31,22.56000000000001,19.95,1.8
2025-05-17 16:00:00-04:00,50.7,27.84,20.66,2.2
2025-05-17 17:00:00-04:00,58.58,29.88,26.34,2.36
2025-05-17 18:00:00-04:00,58.39,30.77,25.16,2.46
2025-05-17 19:00:00-04:00,54.18,30.65,21.11,2.42
2025-05-17 20:00:00-04:00,53.28,34.68,16.0,2.6
2025-05-17 21:00:00-04:00,46.88,29.130000000000003,15.65,2.1
2025-05-17 22:00:00-04:00,41.21,32.17,6.72,2.32
2025-05-17 23:00:00-04:00,35.99,24.22,9.95,1.82
2025-05-18 00:00:00-04:00,30.26,16.44,12.57,1.25
2025-05-18 01:00:00-04:00,24.77,13.989999999999998,9.75,1.03
2025-05-18 02:00:00-04:00,21.53,12.78,7.87,0.88
2025-05-18 03:00:00-04:00,21.44,12.97,7.58,0.89
2025-05-18 04:00:00-04:00,20.83,11.159999999999998,8.9,0.77
2025-05-18 05:00:00-04:00,21.6,7.02,14.16,0.42
2025-05-18 06:00:00-04:00,21.67,10.21,10.84,0.62
2025-05-18 07:00:00-04:00,20.35,10.21,9.46,0.68
2025-05-18 08:00:00-04:00,20.47,9.5,10.32,0.65
2025-05-18 09:00:00-04:00,20.34,10.420000000000002,9.2,0.72
2025-05-18 10:00:00-04:00,21.39,10.64,10.05,0.7
2025-05-18 11:00:00-04:00,21.93,12.95,8.14,0.84
2025-05-18 12:00:00-04:00,25.52,14.9,9.62,1.0
2025-05-18 13:00:00-04:00,25.45,10.52,14.21,0.72
2025-05-18 14:00:00-04:00,26.79,12.939999999999998,12.96,0.89
2025-05-18 15:00:00-04:00,29.36,14.15,14.23,0.98
2025-05-18 16:00:00-04:00,31.39,16.369999999999997,13.92,1.1
2025-05-18 17:00:00-04:00,37.55,21.079999999999995,15.02,1.45
2025-05-18 18:00:00-04:00,39.76,20.959999999999994,17.35,1.45
2025-05-18 19:00:00-04:00,42.57,23.33,17.63,1.61
2025-05-18 20:00:00-04:00,42.53,24.110000000000003,16.73,1.69
2025-05-18 21:00:00-04:00,34.44,25.26,7.51,1.67
2025-05-18 22:00:00-04:00,30.53,28.75,-0.0,1.78
2025-05-18 23:00:00-04:00,28.48,18.17,9.27,1.04
2025-05-19 00:00:00-04:00,25.36,22.89,0.84,1.63
2025-05-19 01:00:00-04:00,21.22,18.27,1.71,1.24
2025-05-19 02:00:00-04:00,19.94,16.83,2.03,1.08
2025-05-19 03:00:00-04:00,19.07,17.150000000000002,0.84,1.08
2025-05-19 04:00:00-04:00,19.86,16.419999999999998,2.37,1.07
2025-05-19 05:00:00-04:00,22.05,20.67,-0.0,1.38
2025-05-19 06:00:00-04:00,31.67,29.680000000000003,-0.0,1.99
2025-05-19 07:00:00-04:00,33.0,32.89,-2.49,2.6
2025-05-19 08:00:00-04:00,30.51,30.23,-2.11,2.39
2025-05-19 09:00:00-04:00,27.34,28.1,-2.7,1.94
2025-05-19 10:00:00-04:00,28.82,30.160000000000004,-3.42,2.08
2025-05-19 11:00:00-04:00,29.46,31.540000000000003,-4.19,2.11
2025-05-19 12:00:00-04:00,28.88,30.74,-4.01,2.15
2025-05-19 13:00:00-04:00,27.9,29.19,-3.6,2.31
2025-05-19 14:00:00-04:00,25.06,25.979999999999997,-3.08,2.16
2025-05-19 15:00:00-04:00,27.23,28.28,-3.28,2.23
2025-05-19 16:00:00-04:00,34.23,36.28,-4.59,2.54
2025-05-19 17:00:00-04:00,43.0,45.709999999999994,-5.77,3.06
2025-05-19 18:00:00-04:00,49.51,52.27,-5.9,3.14
2025-05-19 19:00:00-04:00,48.5,46.690000000000005,-1.13,2.94
2025-05-19 20:00:00-04:00,49.01,47.3,-1.18,2.89
2025-05-19 21:00:00-04:00,40.98,39.22,-0.59,2.35
2025-05-19 22:00:00-04:00,33.99,32.41,-0.3,1.88
2025-05-19 23:00:00-04:00,30.74,29.25,-0.0,1.49
2025-05-20 00:00:00-04:00,27.19,25.97,-0.0,1.22
2025-05-20 01:00:00-04:00,24.59,23.4,-0.0,1.19
2025-05-20 02:00:00-04:00,23.32,22.27,-0.0,1.05
2025-05-20 03:00:00-04:00,22.7,21.79,-0.0,0.91
2025-05-20 04:00:00-04:00,24.19,23.19,-0.0,1.0
2025-05-20 05:00:00-04:00,28.83,27.639999999999997,-0.0,1.19
2025-05-20 06:00:00-04:00,35.91,34.33,-0.0,1.58
2025-05-20 07:00:00-04:00,37.19,35.39,-0.0,1.8
2025-05-20 08:00:00-04:00,31.01,29.51,-0.0,1.5
2025-05-20 09:00:00-04:00,27.62,26.21,-0.0,1.41
2025-05-20 10:00:00-04:00,28.46,27.08,-0.0,1.38
2025-05-20 11:00:00-04:00,28.04,26.6,-0.0,1.44
2025-05-20 12:00:00-04:00,28.12,26.65,-0.0,1.47
2025-05-20 13:00:00-04:00,28.98,27.5,-0.0,1.48
2025-05-20 14:00:00-04:00,29.27,27.69,-0.0,1.58
2025-05-20 15:00:00-04:00,29.96,28.29,-0.0,1.67
2025-05-20 16:00:00-04:00,32.46,30.69,-0.1,1.87
2025-05-20 17:00:00-04:00,37.56,35.55,-0.05,2.06
2025-05-20 18:00:00-04:00,46.35,44.29,-0.15,2.21
2025-05-20 19:00:00-04:00,49.0,46.78,-0.02,2.24
2025-05-20 20:00:00-04:00,52.04,49.68,-0.02,2.38
2025-05-20 21:00:00-04:00,41.8,40.08,-0.0,1.72
2025-05-20 22:00:00-04:00,34.06,32.59,-0.0,1.47
2025-05-20 23:00:00-04:00,30.59,29.33,-0.0,1.26
2025-05-21 00:00:00-04:00,27.81,26.64,-0.0,1.17
2025-05-21 01:00:00-04:00,25.11,24.0,-0.0,1.11
2025-05-21 02:00:00-04:00,23.82,22.82,-0.0,1.0
2025-05-21 03:00:00-04:00,21.99,21.08,-0.0,0.91
2025-05-21 04:00:00-04:00,22.94,21.950000000000003,-0.0,0.99
2025-05-21 05:00:00-04:00,25.75,24.71,-0.0,1.04
2025-05-21 06:00:00-04:00,32.01,30.69,-0.0,1.32
2025-05-21 07:00:00-04:00,35.6,33.900000000000006,-0.03,1.73
2025-05-21 08:00:00-04:00,35.02,33.18,-0.08,1.92
2025-05-21 09:00:00-04:00,32.89,31.15,-0.19,1.93
2025-05-21 10:00:00-04:00,32.1,30.3,-0.02,1.82
2025-05-21 11:00:00-04:00,31.27,29.58,-0.02,1.71
2025-05-21 12:00:00-04:00,31.28,29.66,-0.22,1.84
2025-05-21 13:00:00-04:00,30.81,29.06,-0.14,1.89
2025-05-21 14:00:00-04:00,29.99,28.069999999999997,-0.02,1.94
2025-05-21 15:00:00-04:00,31.24,29.2,-0.0,2.04
2025-05-21 16:00:00-04:00,36.23,34.22999999999999,-0.16,2.16
2025-05-21 17:00:00-04:00,40.26,38.38,-0.38,2.26
2025-05-21 18:00:00-04:00,43.22,41.45,-0.55,2.32
2025-05-21 19:00:00-04:00,45.51,43.62,-0.55,2.44
2025-05-21 20:00:00-04:00,45.51,43.53999999999999,-0.55,2.52
2025-05-21 21:00:00-04:00,37.2,35.25000000000001,-0.17,2.12
2025-05-21 22:00:00-04:00,30.63,28.84,-0.0,1.79
2025-05-21 23:00:00-04:00,28.0,26.22,0.15,1.63
2025-05-22 00:00:00-04:00,26.8,25.020000000000003,0.13,1.65
2025-05-22 01:00:00-04:00,26.12,19.28,5.61,1.23
2025-05-22 02:00:00-04:00,22.74,17.58,4.03,1.13
2025-05-22 03:00:00-04:00,20.39,18.1,1.13,1.16
2025-05-22 04:00:00-04:00,21.66,20.41,-0.0,1.25
2025-05-22 05:00:00-04:00,26.11,24.68,-0.0,1.43
2025-05-22 06:00:00-04:00,30.75,29.15,-0.0,1.6
2025-05-22 07:00:00-04:00,35.54,33.56,-0.0,1.98
2025-05-22 08:00:00-04:00,40.38,38.35,-0.0,2.03
2025-05-22 09:00:00-04:00,38.98,36.83,-0.06,2.21
2025-05-22 10:00:00-04:00,38.92,36.68,-0.07,2.31
2025-05-22 11:00:00-04:00,38.58,36.55,-0.27,2.3
2025-05-22 12:00:00-04:00,36.32,34.43,-0.18,2.07
2025-05-22 13:00:00-04:00,35.77,33.74,-0.13,2.16
2025-05-22 14:00:00-04:00,35.39,33.1,-0.03,2.32
2025-05-22 15:00:00-04:00,35.65,33.6,-0.34,2.39
2025-05-22 16:00:00-04:00,38.14,36.43,-0.44,2.15
2025-05-22 17:00:00-04:00,45.15,43.27,-0.63,2.51
2025-05-22 18:00:00-04:00,46.87,44.94,-0.49,2.42
2025-05-22 19:00:00-04:00,46.66,44.60999999999999,-0.22,2.27
2025-05-22 20:00:00-04:00,48.72,46.489999999999995,-0.19,2.42
2025-05-22 21:00:00-04:00,41.31,39.34,-0.0,1.97
2025-05-22 22:00:00-04:00,34.65,32.949999999999996,-0.01,1.71
2025-05-22 23:00:00-04:00,31.8,30.26,-0.0,1.54
2025-05-23 00:00:00-04:00,28.76,27.47,-0.0,1.29
2025-05-23 01:00:00-04:00,26.06,24.84,-0.0,1.22
2025-05-23 02:00:00-04:00,23.82,22.71,-0.0,1.11
2025-05-23 03:00:00-04:00,22.14,21.19,-0.0,0.95
2025-05-23 04:00:00-04:00,25.23,24.19,-0.0,1.04
2025-05-23 05:00:00-04:00,29.27,28.25,-0.0,1.02
2025-05-23 06:00:00-04:00,35.2,33.84,-0.0,1.36
2025-05-23 07:00:00-04:00,40.74,39.02,-0.0,1.72
2025-05-23 08:00:00-04:00,41.35,39.68,-0.0,1.67
2025-05-23 09:00:00-04:00,38.84,37.13,-0.0,1.71
2025-05-23 10:00:00-04:00,37.83,36.27,-0.0,1.56
2025-05-23 11:00:00-04:00,36.13,34.61,-0.0,1.52
2025-05-23 12:00:00-04:00,35.4,33.91,-0.0,1.49
2025-05-23 13:00:00-04:00,34.42,32.910000000000004,-0.0,1.51
2025-05-23 14:00:00-04:00,33.94,32.39,-0.0,1.55
2025-05-23 15:00:00-04:00,34.1,32.54,-0.0,1.56
2025-05-23 16:00:00-04:00,35.94,34.29,-0.0,1.65
2025-05-23 17:00:00-04:00,41.14,39.37,-0.0,1.77
2025-05-23 18:00:00-04:00,42.75,41.07,-0.0,1.68
2025-05-23 19:00:00-04:00,45.63,43.75,-0.0,1.88
2025-05-23 20:00:00-04:00,47.04,45.14,-0.0,1.9
2025-05-23 21:00:00-04:00,41.31,39.88,-0.0,1.43
2025-05-23 22:00:00-04:00,35.49,34.190000000000005,-0.0,1.3
2025-05-23 23:00:00-04:00,32.35,31.14,-0.0,1.21
2025-05-24 00:00:00-04:00,31.43,30.25,-0.0,1.18
2025-05-24 01:00:00-04:00,26.48,25.24,-0.0,1.24
2025-05-24 02:00:00-04:00,24.36,23.18,-0.0,1.18
2025-05-24 03:00:00-04:00,22.18,21.12,-0.0,1.06
2025-05-24 04:00:00-04:00,24.8,23.69,-0.0,1.11
2025-05-24 05:00:00-04:00,25.98,24.86,-0.0,1.12
2025-05-24 06:00:00-04:00,27.09,26.12,-0.0,0.97
2025-05-24 07:00:00-04:00,28.03,27.08,-0.0,0.95
2025-05-24 08:00:00-04:00,27.9,26.93,-0.0,0.97
2025-05-24 09:00:00-04:00,28.27,27.29,-0.0,0.98
2025-05-24 10:00:00-04:00,28.67,27.680000000000003,-0.0,0.99
2025-05-24 11:00:00-04:00,28.0,26.95,-0.0,1.05
2025-05-24 12:00:00-04:00,27.75,26.68,-0.0,1.07
2025-05-24 13:00:00-04:00,26.53,25.46,-0.0,1.07
2025-05-24 14:00:00-04:00,26.38,25.29,-0.0,1.09
2025-05-24 15:00:00-04:00,27.06,25.92,-0.0,1.14
2025-05-24 16:00:00-04:00,29.08,27.93,-0.0,1.15
2025-05-24 17:00:00-04:00,33.32,31.98,-0.0,1.34
2025-05-24 18:00:00-04:00,39.07,37.46,-0.0,1.61
2025-05-24 19:00:00-04:00,44.29,42.67,-0.0,1.62
2025-05-24 20:00:00-04:00,47.35,45.53,-0.0,1.82
2025-05-24 21:00:00-04:00,41.27,39.8,-0.0,1.47
2025-05-24 22:00:00-04:00,33.78,32.45,-0.0,1.33
2025-05-24 23:00:00-04:00,28.91,27.8,-0.0,1.11
2025-05-25 00:00:00-04:00,25.46,24.46,-0.0,1.0
2025-05-25 01:00:00-04:00,22.74,21.72,-0.0,1.02
2025-05-25 02:00:00-04:00,20.3,19.43,-0.0,0.87
2025-05-25 03:00:00-04:00,19.81,18.92,-0.0,0.89
2025-05-25 04:00:00-04:00,21.63,20.76,-0.0,0.87
2025-05-25 05:00:00-04:00,22.34,21.46,-0.0,0.88
2025-05-25 06:00:00-04:00,23.84,22.92,-0.0,0.92
2025-05-25 07:00:00-04:00,22.87,22.05,-0.0,0.82
2025-05-25 08:00:00-04:00,21.87,21.07,-0.0,0.8
2025-05-25 09:00:00-04:00,20.08,19.31,-0.0,0.77
2025-05-25 10:00:00-04:00,20.57,19.76,-0.0,0.81
2025-05-25 11:00:00-04:00,19.81,19.049999999999997,-0.0,0.76
2025-05-25 12:00:00-04:00,19.95,19.15,-0.0,0.8
2025-05-25 13:00:00-04:00,18.98,18.18,-0.0,0.8
2025-05-25 14:00:00-04:00,19.74,18.889999999999997,-0.0,0.85
2025-05-25 15:00:00-04:00,20.89,19.99,-0.0,0.9
2025-05-25 16:00:00-04:00,22.66,21.75,-0.0,0.91
2025-05-25 17:00:00-04:00,27.11,26.09,-0.0,1.02
2025-05-25 18:00:00-04:00,34.01,32.83,-0.0,1.18
2025-05-25 19:00:00-04:00,40.4,39.07,-0.0,1.33
2025-05-25 20:00:00-04:00,42.84,41.31,-0.0,1.53
2025-05-25 21:00:00-04:00,37.49,36.22,-0.0,1.27
2025-05-25 22:00:00-04:00,31.03,30.040000000000003,-0.0,0.99
2025-05-25 23:00:00-04:00,26.04,25.21,-0.0,0.83
2025-05-26 00:00:00-04:00,23.61,22.59,-0.0,1.02
2025-05-26 01:00:00-04:00,21.72,20.59,-0.0,1.13
2025-05-26 02:00:00-04:00,19.26,18.26,-0.0,1.0
2025-05-26 03:00:00-04:00,18.33,17.459999999999997,-0.0,0.87
2025-05-26 04:00:00-04:00,21.12,20.25,-0.0,0.87
2025-05-26 05:00:00-04:00,23.24,22.369999999999997,-0.0,0.87
2025-05-26 06:00:00-04:00,25.59,24.68,-0.0,0.91
2025-05-26 07:00:00-04:00,23.91,23.03,-0.0,0.88
2025-05-26 08:00:00-04:00,21.36,20.48,-0.0,0.88
2025-05-26 09:00:00-04:00,19.29,18.44,-0.0,0.85
2025-05-26 10:00:00-04:00,19.86,18.97,-0.0,0.89
2025-05-26 11:00:00-04:00,19.93,18.98,-0.0,0.95
2025-05-26 12:00:00-04:00,20.29,19.32,-0.0,0.97
2025-05-26 13:00:00-04:00,20.19,19.17,-0.0,1.02
2025-05-26 14:00:00-04:00,20.23,19.21,-0.0,1.02
2025-05-26 15:00:00-04:00,21.47,20.33,-0.0,1.14
2025-05-26 16:00:00-04:00,24.58,23.369999999999997,-0.0,1.21
2025-05-26 17:00:00-04:00,31.01,29.53,-0.0,1.48
2025-05-26 18:00:00-04:00,38.3,36.61,-0.0,1.69
2025-05-26 19:00:00-04:00,42.67,41.07,-0.0,1.6
2025-05-26 20:00:00-04:00,47.66,45.919999999999995,-0.0,1.74
2025-05-26 21:00:00-04:00,39.57,38.16,-0.0,1.41
2025-05-26 22:00:00-04:00,32.53,31.37,-0.0,1.16
2025-05-26 23:00:00-04:00,26.66,25.68,-0.0,0.98
2025-05-27 00:00:00-04:00,23.3,22.32,-0.0,0.98
2025-05-27 01:00:00-04:00,19.92,19.06,-0.0,0.86
2025-05-27 02:00:00-04:00,17.97,17.209999999999997,-0.0,0.76
2025-05-27 03:00:00-04:00,16.84,16.15,-0.0,0.69
2025-05-27 04:00:00-04:00,18.35,17.580000000000002,-0.0,0.77
2025-05-27 05:00:00-04:00,24.05,23.26,-0.0,0.79
2025-05-27 06:00:00-04:00,31.14,30.23,-0.0,0.91
2025-05-27 07:00:00-04:00,34.56,33.260000000000005,-0.0,1.3
2025-05-27 08:00:00-04:00,29.74,28.57,-0.0,1.17
2025-05-27 09:00:00-04:00,26.4,25.139999999999997,-0.0,1.26
2025-05-27 10:00:00-04:00,25.29,24.11,-0.0,1.18
2025-05-27 11:00:00-04:00,25.62,24.380000000000003,-0.0,1.24
2025-05-27 12:00:00-04:00,26.0,24.74,-0.0,1.26
2025-05-27 13:00:00-04:00,27.45,26.02,-0.0,1.43
2025-05-27 14:00:00-04:00,29.3,27.75,-0.0,1.55
2025-05-27 15:00:00-04:00,30.16,28.62,-0.0,1.54
2025-05-27 16:00:00-04:00,33.85,32.15,-0.0,1.7
2025-05-27 17:00:00-04:00,40.45,38.49,-0.0,1.96
2025-05-27 18:00:00-04:00,47.74,45.68,-0.0,2.06
2025-05-27 19:00:00-04:00,49.35,47.36,-0.0,1.99
2025-05-27 20:00:00-04:00,49.55,47.64,-0.0,1.91
2025-05-27 21:00:00-04:00,41.03,39.53,-0.0,1.5
2025-05-27 22:00:00-04:00,32.29,30.869999999999997,-0.0,1.42
2025-05-27 23:00:00-04:00,26.33,25.2,-0.0,1.13
2025-05-28 00:00:00-04:00,26.55,25.26,-0.0,1.29
2025-05-28 01:00:00-04:00,23.69,22.43,-0.0,1.26
2025-05-28 02:00:00-04:00,21.6,20.49,-0.0,1.11
2025-05-28 03:00:00-04:00,20.33,19.36,-0.0,0.97
2025-05-28 04:00:00-04:00,20.59,19.54,-0.0,1.05
2025-05-28 05:00:00-04:00,23.96,22.86,-0.0,1.1
2025-05-28 06:00:00-04:00,29.63,28.549999999999997,-0.0,1.08
2025-05-28 07:00:00-04:00,37.24,35.77,-0.0,1.47
2025-05-28 08:00:00-04:00,36.14,34.55,-0.0,1.59
2025-05-28 09:00:00-04:00,35.02,33.290000000000006,-0.0,1.73
2025-05-28 10:00:00-04:00,34.76,33.14,-0.0,1.62
2025-05-28 11:00:00-04:00,34.22,32.65,-0.0,1.57
2025-05-28 12:00:00-04:00,33.11,31.56,-0.0,1.55
2025-05-28 13:00:00-04:00,33.63,32.06,-0.0,1.57
2025-05-28 14:00:00-04:00,33.01,31.38,-0.0,1.63
2025-05-28 15:00:00-04:00,34.93,33.24,-0.0,1.69
2025-05-28 16:00:00-04:00,40.03,38.16,-0.0,1.87
2025-05-28 17:00:00-04:00,46.22,44.06,-0.0,2.16
2025-05-28 18:00:00-04:00,46.06,43.620000000000005,-0.0,2.44
2025-05-28 19:00:00-04:00,45.0,42.7,-0.0,2.3
2025-05-28 20:00:00-04:00,49.96,47.36,-0.0,2.6
2025-05-28 21:00:00-04:00,41.89,39.82,-0.0,2.07
2025-05-28 22:00:00-04:00,32.3,30.499999999999996,-0.0,1.8
2025-05-28 23:00:00-04:00,27.23,25.57,-0.0,1.66
2025-05-29 00:00:00-04:00,25.35,23.94,-0.0,1.41
2025-05-29 01:00:00-04:00,21.52,20.3,-0.0,1.22
2025-05-29 02:00:00-04:00,18.96,17.94,-0.0,1.02
2025-05-29 03:00:00-04:00,18.34,17.32,-0.0,1.02
2025-05-29 04:00:00-04:00,17.61,16.61,-0.0,1.0
2025-05-29 05:00:00-04:00,25.2,23.84,-0.0,1.36
2025-05-29 06:00:00-04:00,31.61,30.34,-0.0,1.27
2025-05-29 07:00:00-04:00,35.95,34.300000000000004,-0.0,1.65
2025-05-29 08:00:00-04:00,39.08,37.18,-0.0,1.9
2025-05-29 09:00:00-04:00,38.0,35.88,-0.0,2.12
2025-05-29 10:00:00-04:00,38.11,36.09,-0.0,2.02
2025-05-29 11:00:00-04:00,38.04,35.96,-0.0,2.08
2025-05-29 12:00:00-04:00,36.81,34.760000000000005,-0.0,2.05
2025-05-29 13:00:00-04:00,36.06,34.050000000000004,-0.0,2.01
2025-05-29 14:00:00-04:00,34.99,33.04,-0.0,1.95
2025-05-29 15:00:00-04:00,34.03,32.11,-0.01,1.93
2025-05-29 16:00:00-04:00,36.64,34.53,-0.0,2.11
2025-05-29 17:00:00-04:00,40.23,37.95,-0.0,2.28
2025-05-29 18:00:00-04:00,41.45,39.290000000000006,-0.0,2.16
2025-05-29 19:00:00-04:00,44.23,41.85999999999999,-0.01,2.38
2025-05-29 20:00:00-04:00,46.97,44.4,-0.0,2.57
2025-05-29 21:00:00-04:00,41.11,38.93,-0.0,2.18
2025-05-29 22:00:00-04:00,34.75,33.06,-0.0,1.69
2025-05-29 23:00:00-04:00,31.17,29.57,-0.0,1.6
2025-05-30 00:00:00-04:00,27.71,25.99,-0.0,1.72
2025-05-30 01:00:00-04:00,24.61,22.880000000000003,0.15,1.58
2025-05-30 02:00:00-04:00,21.62,20.24,-0.0,1.38
2025-05-30 03:00:00-04:00,21.08,19.62,0.15,1.31
2025-05-30 04:00:00-04:00,21.48,20.13,-0.0,1.35
2025-05-30 05:00:00-04:00,24.21,22.69,-0.0,1.52
2025-05-30 06:00:00-04:00,30.96,29.43,-0.0,1.53
2025-05-30 07:00:00-04:00,35.14,33.47,-0.0,1.67
2025-05-30 08:00:00-04:00,34.49,32.82,-0.0,1.67
2025-05-30 09:00:00-04:00,32.77,30.97,-0.0,1.8
2025-05-30 10:00:00-04:00,31.38,29.63,-0.0,1.75
2025-05-30 11:00:00-04:00,30.72,29.83,-0.87,1.76
2025-05-30 12:00:00-04:00,27.05,28.2,-2.81,1.66
2025-05-30 13:00:00-04:00,27.36,29.03,-3.44,1.77
2025-05-30 14:00:00-04:00,28.82,30.09,-3.07,1.8
2025-05-30 15:00:00-04:00,28.13,29.959999999999997,-3.66,1.83
2025-05-30 16:00:00-04:00,32.3,32.87,-2.58,2.01
2025-05-30 17:00:00-04:00,35.91,39.68,-6.07,2.3
2025-05-30 18:00:00-04:00,40.53,42.9,-4.69,2.32
2025-05-30 19:00:00-04:00,42.86,43.84,-3.21,2.23
2025-05-30 20:00:00-04:00,46.04,43.97,-0.21,2.28
2025-05-30 21:00:00-04:00,40.93,40.09,-1.24,2.08
2025-05-30 22:00:00-04:00,36.01,34.3,-0.0,1.71
2025-05-30 23:00:00-04:00,32.13,30.630000000000003,-0.0,1.5
2025-05-31 00:00:00-04:00,28.24,26.639999999999997,-0.0,1.6
2025-05-31 01:00:00-04:00,23.57,22.09,0.13,1.35
2025-05-31 02:00:00-04:00,21.54,20.03,0.29,1.22
2025-05-31 03:00:00-04:00,20.11,18.94,-0.0,1.17
2025-05-31 04:00:00-04:00,21.23,20.03,-0.0,1.2
2025-05-31 05:00:00-04:00,21.88,20.6,-0.0,1.28
2025-05-31 06:00:00-04:00,23.66,22.36,-0.0,1.3
2025-05-31 07:00:00-04:00,23.89,22.67,-0.0,1.22
2025-05-31 08:00:00-04:00,27.96,26.78,-0.0,1.18
2025-05-31 09:00:00-04:00,27.95,26.7,-0.0,1.25
2025-05-31 10:00:00-04:00,29.0,27.59,-0.0,1.41
2025-05-31 11:00:00-04:00,28.57,27.08,-0.0,1.49
2025-05-31 12:00:00-04:00,27.04,25.58,-0.0,1.46
2025-05-31 13:00:00-04:00,25.59,24.16,-0.0,1.43
2025-05-31 14:00:00-04:00,25.15,23.209999999999997,0.41,1.53
2025-05-31 15:00:00-04:00,25.68,20.73,3.48,1.47
2025-05-31 16:00:00-04:00,26.73,23.51,1.58,1.64
2025-05-31 17:00:00-04:00,30.29,25.94,2.51,1.84
2025-05-31 18:00:00-04:00,29.52,27.41,-0.0,2.11
2025-05-31 19:00:00-04:00,31.04,28.85,-0.0,2.19
2025-05-31 20:00:00-04:00,31.74,29.549999999999997,-0.0,2.19
2025-05-31 21:00:00-04:00,32.63,30.78,-0.0,1.85
2025-05-31 22:00:00-04:00,28.32,26.72,-0.0,1.6
2025-05-31 23:00:00-04:00,25.54,24.21,-0.0,1.33
2025-06-01 00:00:00-04:00,22.71,21.12,0.15,1.44
2025-06-01 01:00:00-04:00,20.77,18.41,1.11,1.25
2025-06-01 02:00:00-04:00,18.88,15.2,2.71,0.97
2025-06-01 03:00:00-04:00,18.01,14.85,2.2,0.96
2025-06-01 04:00:00-04:00,18.49,15.929999999999998,1.49,1.07
2025-06-01 05:00:00-04:00,19.0,14.489999999999998,3.57,0.94
2025-06-01 06:00:00-04:00,19.95,17.619999999999997,1.17,1.16
2025-06-01 07:00:00-04:00,19.6,14.14,4.53,0.93
2025-06-01 08:00:00-04:00,18.4,11.9,5.71,0.79
2025-06-01 09:00:00-04:00,18.69,8.9,9.19,0.6
2025-06-01 10:00:00-04:00,17.21,13.43,2.85,0.93
2025-06-01 11:00:00-04:00,18.01,13.510000000000002,3.59,0.91
2025-06-01 12:00:00-04:00,17.94,12.910000000000002,4.17,0.86
2025-06-01 13:00:00-04:00,17.56,8.689999999999998,8.27,0.6
2025-06-01 14:00:00-04:00,17.55,8.200000000000001,8.78,0.57
2025-06-01 15:00:00-04:00,18.0,8.989999999999998,8.39,0.62
2025-06-01 16:00:00-04:00,20.74,15.62,4.06,1.06
2025-06-01 17:00:00-04:00,23.16,16.21,5.83,1.12
2025-06-01 18:00:00-04:00,25.64,24.14,-0.0,1.5
2025-06-01 19:00:00-04:00,29.69,27.98,-0.0,1.71
2025-06-01 20:00:00-04:00,35.08,33.16,-0.0,1.92
2025-06-01 21:00:00-04:00,31.9,30.41,-0.0,1.49
2025-06-01 22:00:00-04:00,27.73,26.41,-0.0,1.32
2025-06-01 23:00:00-04:00,22.89,21.55,-0.0,1.34
2025-06-02 00:00:00-04:00,21.56,20.24,-0.0,1.32
2025-06-02 01:00:00-04:00,19.08,17.97,-0.0,1.11
2025-06-02 02:00:00-04:00,16.76,15.840000000000002,-0.0,0.92
2025-06-02 03:00:00-04:00,16.75,15.83,-0.0,0.92
2025-06-02 04:00:00-04:00,17.71,16.64,-0.0,1.07
2025-06-02 05:00:00-04:00,22.08,20.81,-0.0,1.27
2025-06-02 06:00:00-04:00,28.21,26.87,-0.0,1.34
2025-06-02 07:00:00-04:00,31.11,29.63,-0.0,1.48
2025-06-02 08:00:00-04:00,27.22,25.88,-0.0,1.34
2025-06-02 09:00:00-04:00,22.47,21.24,-0.0,1.23
2025-06-02 10:00:00-04:00,21.81,20.56,-0.0,1.25
2025-06-02 11:00:00-04:00,21.47,20.2,-0.0,1.27
2025-06-02 12:00:00-04:00,21.97,20.65,-0.0,1.32
2025-06-02 13:00:00-04:00,22.78,21.37,-0.0,1.41
2025-06-02 14:00:00-04:00,23.19,21.67,-0.0,1.52
2025-06-02 15:00:00-04:00,24.12,22.52,-0.0,1.6
2025-06-02 16:00:00-04:00,28.38,26.619999999999997,-0.0,1.76
2025-06-02 17:00:00-04:00,33.27,31.210000000000004,-0.0,2.06
2025-06-02 18:00:00-04:00,39.02,36.67,-0.0,2.35
2025-06-02 19:00:00-04:00,44.13,41.59,-0.0,2.54
2025-06-02 20:00:00-04:00,45.99,43.35,-0.0,2.64
2025-06-02 21:00:00-04:00,39.32,37.09,-0.0,2.23
2025-06-02 22:00:00-04:00,30.86,29.14,-0.0,1.72
2025-06-02 23:00:00-04:00,25.5,23.96,-0.0,1.54
2025-06-03 00:00:00-04:00,21.04,19.68,-0.0,1.36
2025-06-03 01:00:00-04:00,17.33,16.209999999999997,-0.0,1.12
2025-06-03 02:00:00-04:00,16.74,15.7,-0.0,1.04
2025-06-03 03:00:00-04:00,16.0,15.02,-0.0,0.98
2025-06-03 04:00:00-04:00,17.24,16.229999999999997,-0.0,1.01
2025-06-03 05:00:00-04:00,21.62,20.49,-0.0,1.13
2025-06-03 06:00:00-04:00,26.92,25.66,-0.0,1.26
2025-06-03 07:00:00-04:00,28.46,27.21,-0.0,1.25
2025-06-03 08:00:00-04:00,26.97,25.83,-0.0,1.14
2025-06-03 09:00:00-04:00,23.48,22.43,-0.0,1.05
2025-06-03 10:00:00-04:00,23.97,22.92,-0.0,1.05
2025-06-03 11:00:00-04:00,23.81,22.66,-0.0,1.15
2025-06-03 12:00:00-04:00,24.86,23.68,-0.0,1.18
2025-06-03 13:00:00-04:00,26.36,25.06,-0.0,1.3
2025-06-03 14:00:00-04:00,28.58,27.069999999999997,-0.0,1.51
2025-06-03 15:00:00-04:00,30.0,28.33,0.06,1.61
2025-06-03 16:00:00-04:00,35.18,32.79,0.36,2.03
2025-06-03 17:00:00-04:00,43.97,42.8,-1.4,2.57
2025-06-03 18:00:00-04:00,51.53,51.93,-3.25,2.85
2025-06-03 19:00:00-04:00,52.03,52.37,-3.11,2.77
2025-06-03 20:00:00-04:00,49.34,46.82,-0.01,2.53
2025-06-03 21:00:00-04:00,40.18,38.28,-0.01,1.91
2025-06-03 22:00:00-04:00,31.76,29.93,-0.0,1.83
2025-06-03 23:00:00-04:00,28.35,26.540000000000003,-0.0,1.81
2025-06-04 00:00:00-04:00,23.44,12.920000000000002,9.45,1.07
2025-06-04 01:00:00-04:00,20.66,11.75,7.94,0.97
2025-06-04 02:00:00-04:00,17.67,10.670000000000003,6.17,0.83
2025-06-04 03:00:00-04:00,17.59,10.0,6.81,0.78
2025-06-04 04:00:00-04:00,17.8,10.32,6.66,0.82
2025-06-04 05:00:00-04:00,21.02,14.32,5.52,1.18
2025-06-04 06:00:00-04:00,25.69,23.880000000000003,-0.0,1.81
2025-06-04 07:00:00-04:00,31.05,29.1,-0.0,1.95
2025-06-04 08:00:00-04:00,30.08,28.319999999999997,-0.0,1.76
2025-06-04 09:00:00-04:00,28.82,27.06,-0.0,1.76
2025-06-04 10:00:00-04:00,31.34,29.48,-0.0,1.86
2025-06-04 11:00:00-04:00,32.9,30.92,-0.0,1.98
2025-06-04 12:00:00-04:00,34.88,32.75,-0.0,2.13
2025-06-04 13:00:00-04:00,38.12,38.01,-2.29,2.4
2025-06-04 14:00:00-04:00,39.45,38.75,-1.82,2.52
2025-06-04 15:00:00-04:00,42.54,40.29,-0.0,2.25
2025-06-04 16:00:00-04:00,47.2,44.57,-0.0,2.63
2025-06-04 17:00:00-04:00,56.85,53.43,-0.0,3.42
2025-06-04 18:00:00-04:00,62.91,58.629999999999995,-0.0,4.28
2025-06-04 19:00:00-04:00,60.25,56.31,-0.0,3.94
2025-06-04 20:00:00-04:00,59.41,56.309999999999995,-0.0,3.1
2025-06-04 21:00:00-04:00,49.3,47.279999999999994,-0.01,2.03
2025-06-04 22:00:00-04:00,41.84,39.97,-0.01,1.88
2025-06-04 23:00:00-04:00,36.89,34.9,-0.0,1.99
2025-06-05 00:00:00-04:00,31.39,29.64,-0.0,1.75
2025-06-05 01:00:00-04:00,26.04,23.88,0.42,1.74
2025-06-05 02:00:00-04:00,23.3,21.8,-0.0,1.5
2025-06-05 03:00:00-04:00,22.28,20.92,-0.0,1.36
2025-06-05 04:00:00-04:00,22.77,21.42,-0.0,1.35
2025-06-05 05:00:00-04:00,26.41,25.18,-0.0,1.23
2025-06-05 06:00:00-04:00,31.74,30.31,-0.0,1.43
2025-06-05 07:00:00-04:00,32.51,30.819999999999997,-0.0,1.69
2025-06-05 08:00:00-04:00,33.99,32.22,-0.0,1.77
2025-06-05 09:00:00-04:00,34.04,32.33,-0.0,1.71
2025-06-05 10:00:00-04:00,37.3,35.459999999999994,-0.0,1.84
2025-06-05 11:00:00-04:00,38.13,37.690000000000005,-1.75,2.19
2025-06-05 12:00:00-04:00,40.84,40.14000000000001,-1.59,2.29
2025-06-05 13:00:00-04:00,44.46,44.24,-2.39,2.61
2025-06-05 14:00:00-04:00,46.79,46.34,-2.47,2.92
2025-06-05 15:00:00-04:00,49.01,45.98,-0.1,3.13
2025-06-05 16:00:00-04:00,52.72,50.07,-0.65,3.3
2025-06-05 17:00:00-04:00,66.81,55.790000000000006,6.72,4.3
2025-06-05 18:00:00-04:00,60.88,56.07,0.21,4.6
2025-06-05 19:00:00-04:00,59.48,55.739999999999995,-0.0,3.74
2025-06-05 20:00:00-04:00,51.86,48.88,-0.0,2.98
2025-06-05 21:00:00-04:00,46.55,44.25,-0.0,2.3
2025-06-05 22:00:00-04:00,41.29,39.29,-0.0,2.0
2025-06-05 23:00:00-04:00,39.81,37.89,-0.01,1.93
2025-06-06 00:00:00-04:00,37.91,35.629999999999995,-0.0,2.28
2025-06-06 01:00:00-04:00,31.67,29.16,0.44,2.07
2025-06-06 02:00:00-04:00,27.77,26.0,-0.0,1.77
2025-06-06 03:00:00-04:00,25.8,24.05,-0.0,1.75
2025-06-06 04:00:00-04:00,25.9,24.139999999999997,-0.0,1.76
2025-06-06 05:00:00-04:00,30.2,28.28,-0.0,1.92
2025-06-06 06:00:00-04:00,36.92,35.1,-0.0,1.82
2025-06-06 07:00:00-04:00,37.71,35.64,-0.0,2.07
2025-06-06 08:00:00-04:00,38.65,36.43,-0.0,2.22
2025-06-06 09:00:00-04:00,40.16,39.95,-2.27,2.48
2025-06-06 10:00:00-04:00,41.39,40.55,-1.63,2.47
2025-06-06 11:00:00-04:00,42.93,44.34,-3.94,2.53
2025-06-06 12:00:00-04:00,43.65,43.69,-2.66,2.62
2025-06-06 13:00:00-04:00,47.6,46.72,-2.15,3.03
2025-06-06 14:00:00-04:00,45.94,43.24999999999999,-0.16,2.85
2025-06-06 15:00:00-04:00,48.69,45.93,-0.32,3.08
2025-06-06 16:00:00-04:00,50.4,47.33,-0.01,3.08
2025-06-06 17:00:00-04:00,58.68,54.9,-0.0,3.78
2025-06-06 18:00:00-04:00,54.87,51.669999999999995,-0.0,3.2
2025-06-06 19:00:00-04:00,48.09,45.45,-0.0,2.64
2025-06-06 20:00:00-04:00,45.08,42.73,-0.0,2.35
2025-06-06 21:00:00-04:00,43.16,41.11,-0.0,2.05
2025-06-06 22:00:00-04:00,40.48,38.48,-0.0,2.0
2025-06-06 23:00:00-04:00,38.13,36.21,-0.0,1.92
2025-06-07 00:00:00-04:00,39.68,37.29,-0.0,2.39
2025-06-07 01:00:00-04:00,30.53,28.43,-0.0,2.1
2025-06-07 02:00:00-04:00,27.45,25.58,-0.0,1.87
2025-06-07 03:00:00-04:00,26.57,24.81,-0.0,1.76
2025-06-07 04:00:00-04:00,26.12,24.39,-0.0,1.73
2025-06-07 05:00:00-04:00,26.55,24.84,-0.0,1.71
2025-06-07 06:00:00-04:00,28.3,26.32,-0.0,1.98
2025-06-07 07:00:00-04:00,27.57,25.5,-0.0,2.07
2025-06-07 08:00:00-04:00,31.22,28.96,-0.0,2.26
2025-06-07 09:00:00-04:00,33.34,31.070000000000004,-0.0,2.27
2025-06-07 10:00:00-04:00,31.95,29.8,-0.0,2.15
2025-06-07 11:00:00-04:00,30.54,28.44,-0.0,2.1
2025-06-07 12:00:00-04:00,31.42,29.15,-0.0,2.27
2025-06-07 13:00:00-04:00,31.98,29.69,-0.0,2.29
2025-06-07 14:00:00-04:00,32.68,27.48,2.97,2.23
2025-06-07 15:00:00-04:00,33.82,26.44,5.13,2.25
2025-06-07 16:00:00-04:00,37.61,33.58,1.34,2.69
2025-06-07 17:00:00-04:00,41.34,38.31,-0.0,3.03
2025-06-07 18:00:00-04:00,46.76,43.5,-0.0,3.26
2025-06-07 19:00:00-04:00,46.12,43.02,-0.0,3.1
2025-06-07 20:00:00-04:00,42.35,39.39,-0.0,2.96
2025-06-07 21:00:00-04:00,38.7,36.34,-0.0,2.36
2025-06-07 22:00:00-04:00,35.81,33.59,-0.0,2.22
2025-06-07 23:00:00-04:00,33.12,31.069999999999997,-0.0,2.05
2025-06-08 00:00:00-04:00,32.42,30.610000000000003,-0.0,1.81
2025-06-08 01:00:00-04:00,27.88,26.13,-0.0,1.75
2025-06-08 02:00:00-04:00,25.42,23.89,-0.0,1.53
2025-06-08 03:00:00-04:00,24.87,23.37,-0.0,1.5
2025-06-08 04:00:00-04:00,26.1,24.58,-0.0,1.52
2025-06-08 05:00:00-04:00,26.0,24.48,-0.0,1.52
2025-06-08 06:00:00-04:00,27.25,25.61,-0.0,1.64
2025-06-08 07:00:00-04:00,21.89,20.44,-0.0,1.45
2025-06-08 08:00:00-04:00,22.36,20.88,-0.0,1.48
2025-06-08 09:00:00-04:00,22.49,21.04,-0.0,1.45
2025-06-08 10:00:00-04:00,24.52,23.0,-0.0,1.52
2025-06-08 11:00:00-04:00,25.73,24.14,-0.0,1.59
2025-06-08 12:00:00-04:00,27.37,25.72,-0.0,1.65
2025-06-08 13:00:00-04:00,28.86,27.07,-0.0,1.79
2025-06-08 14:00:00-04:00,30.33,28.369999999999997,-0.0,1.96
2025-06-08 15:00:00-04:00,30.66,28.66,-0.0,2.0
2025-06-08 16:00:00-04:00,33.47,31.28,-0.0,2.19
2025-06-08 17:00:00-04:00,39.17,36.61,-0.0,2.56
2025-06-08 18:00:00-04:00,44.93,42.59,-0.0,2.34
2025-06-08 19:00:00-04:00,44.06,41.650000000000006,-0.0,2.41
2025-06-08 20:00:00-04:00,42.85,40.2,-0.0,2.65
2025-06-08 21:00:00-04:00,38.94,36.91,-0.0,2.03
2025-06-08 22:00:00-04:00,33.71,31.95,-0.0,1.76
2025-06-08 23:00:00-04:00,28.99,27.24,-0.0,1.75
2025-06-09 00:00:00-04:00,28.56,26.82,-0.0,1.74
2025-06-09 01:00:00-04:00,25.08,23.549999999999997,-0.0,1.53
2025-06-09 02:00:00-04:00,24.85,23.44,-0.0,1.41
2025-06-09 03:00:00-04:00,22.13,20.88,-0.0,1.25
2025-06-09 04:00:00-04:00,22.76,21.47,-0.0,1.29
2025-06-09 05:00:00-04:00,24.28,22.8,-0.0,1.48
2025-06-09 06:00:00-04:00,31.45,29.81,-0.0,1.64
2025-06-09 07:00:00-04:00,33.88,31.99,-0.0,1.89
2025-06-09 08:00:00-04:00,34.2,32.330000000000005,-0.0,1.87
2025-06-09 09:00:00-04:00,34.86,33.08,-0.0,1.78
2025-06-09 10:00:00-04:00,35.0,33.24,-0.0,1.76
2025-06-09 11:00:00-04:00,36.23,34.54,-0.0,1.69
2025-06-09 12:00:00-04:00,35.0,33.24,-0.0,1.76
2025-06-09 13:00:00-04:00,35.8,34.0,-0.0,1.8
2025-06-09 14:00:00-04:00,35.56,33.39,0.13,2.04
2025-06-09 15:00:00-04:00,36.51,34.41,-0.0,2.1
2025-06-09 16:00:00-04:00,41.46,39.18000000000001,0.05,2.23
2025-06-09 17:00:00-04:00,46.04,43.6,-0.0,2.44
2025-06-09 18:00:00-04:00,51.65,49.28,-0.0,2.37
2025-06-09 19:00:00-04:00,48.47,46.08,-0.0,2.39
2025-06-09 20:00:00-04:00,43.9,41.53,-0.0,2.37
2025-06-09 21:00:00-04:00,41.88,39.96,-0.0,1.92
2025-06-09 22:00:00-04:00,34.84,33.440000000000005,-0.0,1.4
2025-06-09 23:00:00-04:00,30.13,28.59,-0.0,1.54
2025-06-10 00:00:00-04:00,24.9,23.51,-0.0,1.39
2025-06-10 01:00:00-04:00,20.96,19.74,-0.0,1.22
2025-06-10 02:00:00-04:00,20.69,19.58,-0.0,1.11
2025-06-10 03:00:00-04:00,19.98,18.88,-0.0,1.1
2025-06-10 04:00:00-04:00,20.66,19.51,-0.0,1.15
2025-06-10 05:00:00-04:00,22.5,21.33,-0.0,1.17
2025-06-10 06:00:00-04:00,28.79,27.63,-0.0,1.16
2025-06-10 07:00:00-04:00,32.21,30.82,-0.0,1.39
2025-06-10 08:00:00-04:00,32.83,31.299999999999997,-0.0,1.53
2025-06-10 09:00:00-04:00,32.29,30.61,-0.0,1.68
2025-06-10 10:00:00-04:00,34.05,32.279999999999994,-0.0,1.77
2025-06-10 11:00:00-04:00,33.25,31.37,-0.0,1.88
2025-06-10 12:00:00-04:00,33.77,31.860000000000003,-0.0,1.91
2025-06-10 13:00:00-04:00,33.37,31.389999999999997,-0.0,1.98
2025-06-10 14:00:00-04:00,32.7,30.500000000000004,-0.0,2.2
2025-06-10 15:00:00-04:00,33.32,31.11,-0.0,2.21
2025-06-10 16:00:00-04:00,37.65,35.29,-0.0,2.36
2025-06-10 17:00:00-04:00,45.0,42.21,-0.0,2.79
2025-06-10 18:00:00-04:00,47.74,44.95,-0.0,2.79
2025-06-10 19:00:00-04:00,46.29,43.5,-0.0,2.79
2025-06-10 20:00:00-04:00,44.5,41.82,-0.0,2.68
2025-06-10 21:00:00-04:00,39.84,37.73,-0.0,2.11
2025-06-10 22:00:00-04:00,33.36,31.38,-0.0,1.98
2025-06-10 23:00:00-04:00,29.3,27.51,-0.0,1.79
2025-06-11 00:00:00-04:00,28.57,26.9,-0.0,1.67
2025-06-11 01:00:00-04:00,25.85,24.290000000000003,-0.0,1.56
2025-06-11 02:00:00-04:00,23.14,21.83,-0.0,1.31
2025-06-11 03:00:00-04:00,22.68,21.33,-0.0,1.35
2025-06-11 04:00:00-04:00,22.38,21.07,-0.0,1.31
2025-06-11 05:00:00-04:00,24.67,23.32,-0.0,1.35
2025-06-11 06:00:00-04:00,28.96,27.32,-0.0,1.64
2025-06-11 07:00:00-04:00,32.08,30.15,-0.0,1.93
2025-06-11 08:00:00-04:00,31.5,29.52,-0.0,1.98
2025-06-11 09:00:00-04:00,28.55,24.71,2.06,1.78
2025-06-11 10:00:00-04:00,29.09,26.11,1.07,1.91
2025-06-11 11:00:00-04:00,31.21,26.38,2.85,1.98
2025-06-11 12:00:00-04:00,32.71,26.8,3.87,2.04
2025-06-11 13:00:00-04:00,34.0,27.08,4.73,2.19
2025-06-11 14:00:00-04:00,33.52,26.930000000000007,4.33,2.26
2025-06-11 15:00:00-04:00,36.41,29.37,4.63,2.41
2025-06-11 16:00:00-04:00,44.27,35.290000000000006,6.05,2.93
2025-06-11 17:00:00-04:00,56.82,45.099999999999994,7.98,3.74
2025-06-11 18:00:00-04:00,60.06,49.190000000000005,6.83,4.04
2025-06-11 19:00:00-04:00,55.05,49.809999999999995,1.21,4.03
2025-06-11 20:00:00-04:00,48.03,44.55,-0.0,3.48
2025-06-11 21:00:00-04:00,43.53,40.6,-0.0,2.93
2025-06-11 22:00:00-04:00,36.77,34.24,-0.0,2.53
2025-06-11 23:00:00-04:00,32.29,30.18,-0.0,2.11
2025-06-12 00:00:00-04:00,26.89,25.2,-0.0,1.69
2025-06-12 01:00:00-04:00,23.9,22.32,-0.0,1.58
2025-06-12 02:00:00-04:00,22.41,21.06,-0.0,1.35
2025-06-12 03:00:00-04:00,20.76,19.49,-0.0,1.27
2025-06-12 04:00:00-04:00,21.17,19.91,-0.0,1.26
2025-06-12 05:00:00-04:00,24.52,23.2,-0.0,1.32
2025-06-12 06:00:00-04:00,30.85,29.41,-0.0,1.44
2025-06-12 07:00:00-04:00,34.46,32.51,-0.0,1.95
2025-06-12 08:00:00-04:00,33.09,30.960000000000004,-0.0,2.13
2025-06-12 09:00:00-04:00,29.74,26.68,1.17,1.89
2025-06-12 10:00:00-04:00,30.13,26.13,2.12,1.88
2025-06-12 11:00:00-04:00,30.85,27.36,1.46,2.03
2025-06-12 12:00:00-04:00,32.26,27.57,2.54,2.15
2025-06-12 13:00:00-04:00,32.14,28.4,1.47,2.27
2025-06-12 14:00:00-04:00,35.03,28.1,4.6,2.33
2025-06-12 15:00:00-04:00,38.98,30.669999999999995,5.79,2.52
2025-06-12 16:00:00-04:00,46.33,34.209999999999994,9.28,2.84
2025-06-12 17:00:00-04:00,68.22,44.61999999999999,19.81,3.79
2025-06-12 18:00:00-04:00,66.11,51.19,11.03,3.89
2025-06-12 19:00:00-04:00,54.96,49.75,1.33,3.88
2025-06-12 20:00:00-04:00,48.52,45.39,-0.0,3.13
2025-06-12 21:00:00-04:00,44.22,41.92,-0.0,2.3
2025-06-12 22:00:00-04:00,38.55,36.61,-0.0,1.94
2025-06-12 23:00:00-04:00,33.77,31.930000000000003,0.12,1.72
2025-06-13 00:00:00-04:00,31.4,29.51,-0.0,1.89
2025-06-13 01:00:00-04:00,27.41,25.88,-0.0,1.53
2025-06-13 02:00:00-04:00,25.33,23.9,-0.0,1.43
2025-06-13 03:00:00-04:00,23.56,22.209999999999997,-0.0,1.35
2025-06-13 04:00:00-04:00,23.3,21.98,-0.0,1.32
2025-06-13 05:00:00-04:00,25.74,24.28,-0.0,1.46
2025-06-13 06:00:00-04:00,30.1,28.56,-0.0,1.54
2025-06-13 07:00:00-04:00,33.02,31.120000000000005,-0.0,1.9
2025-06-13 08:00:00-04:00,31.54,29.64,-0.0,1.9
2025-06-13 09:00:00-04:00,30.66,27.39,1.54,1.73
2025-06-13 10:00:00-04:00,29.61,26.68,1.28,1.65
2025-06-13 11:00:00-04:00,29.59,26.46,1.52,1.61
2025-06-13 12:00:00-04:00,31.3,26.97,2.68,1.65
2025-06-13 13:00:00-04:00,33.56,26.75,5.12,1.69
2025-06-13 14:00:00-04:00,36.36,27.419999999999995,7.1,1.84
2025-06-13 15:00:00-04:00,39.55,28.91,8.73,1.91
2025-06-13 16:00:00-04:00,44.02,37.07000000000001,4.65,2.3
2025-06-13 17:00:00-04:00,56.72,42.07,12.08,2.57
2025-06-13 18:00:00-04:00,51.76,48.209999999999994,0.56,2.99
2025-06-13 19:00:00-04:00,48.07,45.48,-0.0,2.59
2025-06-13 20:00:00-04:00,45.84,43.53,-0.0,2.31
2025-06-13 21:00:00-04:00,41.48,39.36,-0.0,2.12
2025-06-13 22:00:00-04:00,36.27,34.540000000000006,-0.0,1.73
2025-06-13 23:00:00-04:00,31.85,30.41,0.01,1.43
2025-06-14 00:00:00-04:00,33.21,31.69,-0.0,1.52
2025-06-14 01:00:00-04:00,28.48,27.1,-0.0,1.38
2025-06-14 02:00:00-04:00,25.76,24.44,-0.0,1.32
2025-06-14 03:00:00-04:00,23.69,22.43,-0.0,1.26
2025-06-14 04:00:00-04:00,23.34,22.12,-0.0,1.22
2025-06-14 05:00:00-04:00,25.2,24.02,-0.0,1.18
2025-06-14 06:00:00-04:00,26.27,25.07,-0.0,1.2
2025-06-14 07:00:00-04:00,27.4,25.92,-0.0,1.48
2025-06-14 08:00:00-04:00,27.97,26.44,-0.0,1.53
2025-06-14 09:00:00-04:00,30.15,28.61,-0.0,1.54
2025-06-14 10:00:00-04:00,30.15,28.66,-0.0,1.49
2025-06-14 11:00:00-04:00,30.47,28.94,-0.0,1.53
2025-06-14 12:00:00-04:00,29.55,28.04,-0.0,1.51
2025-06-14 13:00:00-04:00,29.33,27.85,-0.0,1.48
2025-06-14 14:00:00-04:00,29.58,27.959999999999997,-0.0,1.62
2025-06-14 15:00:00-04:00,30.5,28.66,-0.0,1.84
2025-06-14 16:00:00-04:00,30.46,28.71,-0.0,1.75
2025-06-14 17:00:00-04:00,34.93,33.05,-0.0,1.88
2025-06-14 18:00:00-04:00,38.0,36.12,-0.0,1.88
2025-06-14 19:00:00-04:00,38.02,36.18,-0.0,1.84
2025-06-14 20:00:00-04:00,36.89,35.17,-0.0,1.72
2025-06-14 21:00:00-04:00,35.3,33.94,-0.0,1.36
2025-06-14 22:00:00-04:00,31.26,30.06,-0.0,1.2
2025-06-14 23:00:00-04:00,28.08,27.13,-0.0,0.95
2025-06-15 00:00:00-04:00,29.1,27.98,-0.0,1.12
2025-06-15 01:00:00-04:00,25.67,24.590000000000003,-0.0,1.08
2025-06-15 02:00:00-04:00,22.0,21.01,-0.0,0.99
2025-06-15 03:00:00-04:00,21.64,20.67,-0.0,0.97
2025-06-15 04:00:00-04:00,21.61,20.68,-0.0,0.93
2025-06-15 05:00:00-04:00,22.13,21.18,-0.0,0.95
2025-06-15 06:00:00-04:00,22.57,21.62,-0.0,0.95
2025-06-15 07:00:00-04:00,22.6,21.610000000000003,-0.0,0.99
2025-06-15 08:00:00-04:00,23.24,22.2,-0.0,1.04
2025-06-15 09:00:00-04:00,23.24,22.18,-0.0,1.06
2025-06-15 10:00:00-04:00,24.56,23.41,-0.0,1.15
2025-06-15 11:00:00-04:00,24.49,23.35,-0.0,1.14
2025-06-15 12:00:00-04:00,24.6,23.5,-0.0,1.1
2025-06-15 13:00:00-04:00,24.8,23.55,-0.0,1.25
2025-06-15 14:00:00-04:00,24.09,22.88,-0.0,1.21
2025-06-15 15:00:00-04:00,23.96,22.78,-0.0,1.18
2025-06-15 16:00:00-04:00,27.11,25.77,-0.0,1.34
2025-06-15 17:00:00-04:00,31.14,29.49,-0.0,1.65
2025-06-15 18:00:00-04:00,34.41,32.65,-0.0,1.76
2025-06-15 19:00:00-04:00,36.51,34.71,-0.0,1.8
2025-06-15 20:00:00-04:00,38.51,37.03,-0.0,1.48
2025-06-15 21:00:00-04:00,35.9,34.69,-0.0,1.21
2025-06-15 22:00:00-04:00,31.59,30.61,-0.0,0.98
2025-06-15 23:00:00-04:00,27.32,26.53,-0.0,0.79
2025-06-16 00:00:00-04:00,28.66,27.69,-0.0,0.97
2025-06-16 01:00:00-04:00,25.72,24.76,-0.0,0.96
2025-06-16 02:00:00-04:00,23.14,22.23,-0.0,0.91
2025-06-16 03:00:00-04:00,21.93,21.03,-0.0,0.9
2025-06-16 04:00:00-04:00,22.17,21.3,-0.0,0.87
2025-06-16 05:00:00-04:00,25.25,24.35,-0.0,0.9
2025-06-16 06:00:00-04:00,30.4,29.54,-0.0,0.86
2025-06-16 07:00:00-04:00,32.37,30.949999999999996,-0.0,1.42
2025-06-16 08:00:00-04:00,32.4,31.06,0.04,1.3
2025-06-16 09:00:00-04:00,30.12,28.61,0.28,1.23
2025-06-16 10:00:00-04:00,29.4,28.159999999999997,0.03,1.21
2025-06-16 11:00:00-04:00,29.65,28.459999999999997,-0.0,1.19
2025-06-16 12:00:00-04:00,31.36,30.01,0.09,1.26
2025-06-16 13:00:00-04:00,31.51,29.97,0.19,1.35
2025-06-16 14:00:00-04:00,32.38,30.71,0.26,1.41
2025-06-16 15:00:00-04:00,32.7,31.000000000000004,0.3,1.4
2025-06-16 16:00:00-04:00,35.6,33.89,0.22,1.49
2025-06-16 17:00:00-04:00,41.16,39.27,-0.0,1.89
2025-06-16 18:00:00-04:00,46.46,44.59,-0.0,1.87
2025-06-16 19:00:00-04:00,48.83,46.95,-0.0,1.88
2025-06-16 20:00:00-04:00,45.31,43.57,-0.0,1.74
2025-06-16 21:00:00-04:00,41.58,39.83,-0.0,1.75
2025-06-16 22:00:00-04:00,34.56,33.230000000000004,-0.0,1.33
2025-06-16 23:00:00-04:00,29.28,28.15,-0.0,1.13
2025-06-17 00:00:00-04:00,28.37,26.92,-0.0,1.45
2025-06-17 01:00:00-04:00,25.6,24.290000000000003,-0.0,1.31
2025-06-17 02:00:00-04:00,23.52,22.21,-0.0,1.31
2025-06-17 03:00:00-04:00,21.94,20.68,-0.0,1.26
2025-06-17 04:00:00-04:00,22.47,21.2,-0.0,1.27
2025-06-17 05:00:00-04:00,26.07,24.9,-0.0,1.17
2025-06-17 06:00:00-04:00,31.39,30.15,-0.0,1.24
2025-06-17 07:00:00-04:00,34.89,33.29,-0.0,1.6
2025-06-17 08:00:00-04:00,36.38,34.81,-0.0,1.57
2025-06-17 09:00:00-04:00,34.92,33.45,-0.0,1.47
2025-06-17 10:00:00-04:00,36.82,35.3,-0.0,1.52
2025-06-17 11:00:00-04:00,37.47,35.82,-0.0,1.65
2025-06-17 12:00:00-04:00,37.9,36.16,-0.0,1.74
2025-06-17 13:00:00-04:00,38.01,36.3,-0.0,1.71
2025-06-17 14:00:00-04:00,37.68,35.95,-0.0,1.73
2025-06-17 15:00:00-04:00,40.1,38.190000000000005,-0.0,1.91
2025-06-17 16:00:00-04:00,42.55,40.489999999999995,-0.0,2.06
2025-06-17 17:00:00-04:00,45.52,43.11,-0.0,2.41
2025-06-17 18:00:00-04:00,48.83,46.42,-0.0,2.41
2025-06-17 19:00:00-04:00,50.59,48.09,-0.0,2.5
2025-06-17 20:00:00-04:00,47.87,45.459999999999994,-0.0,2.41
2025-06-17 21:00:00-04:00,43.24,41.14,-0.0,2.1
2025-06-17 22:00:00-04:00,37.1,35.300000000000004,-0.0,1.8
2025-06-17 23:00:00-04:00,32.22,30.66,-0.0,1.56
2025-06-18 00:00:00-04:00,31.43,29.88,-0.0,1.55
2025-06-18 01:00:00-04:00,27.88,26.35,-0.0,1.53
2025-06-18 02:00:00-04:00,25.59,24.19,-0.0,1.4
2025-06-18 03:00:00-04:00,25.55,24.130000000000003,-0.0,1.42
2025-06-18 04:00:00-04:00,25.77,24.29,-0.0,1.48
2025-06-18 05:00:00-04:00,26.69,25.23,-0.0,1.46
2025-06-18 06:00:00-04:00,34.41,32.739999999999995,-0.0,1.67
2025-06-18 07:00:00-04:00,36.0,33.74,-0.0,2.26
2025-06-18 08:00:00-04:00,40.91,38.59,-0.0,2.32
2025-06-18 09:00:00-04:00,41.98,39.529999999999994,-0.0,2.45
2025-06-18 10:00:00-04:00,42.96,40.84,-0.0,2.12
2025-06-18 11:00:00-04:00,43.74,41.82,0.08,1.84
2025-06-18 12:00:00-04:00,44.68,42.51,0.21,1.96
2025-06-18 13:00:00-04:00,47.15,44.65,0.22,2.28
2025-06-18 14:00:00-04:00,50.93,47.96,0.53,2.44
2025-06-18 15:00:00-04:00,56.84,52.52,1.27,3.05
2025-06-18 16:00:00-04:00,55.39,52.19,0.38,2.82
2025-06-18 17:00:00-04:00,60.17,56.5,-0.0,3.67
2025-06-18 18:00:00-04:00,61.66,58.0,-0.0,3.66
2025-06-18 19:00:00-04:00,58.82,56.02,-0.0,2.8
2025-06-18 20:00:00-04:00,57.91,55.58,-0.0,2.33
2025-06-18 21:00:00-04:00,50.14,48.26,-0.0,1.88
2025-06-18 22:00:00-04:00,43.2,41.46,-0.0,1.74
2025-06-18 23:00:00-04:00,38.63,37.0,-0.0,1.63
2025-06-19 00:00:00-04:00,41.69,39.71,-0.0,1.98
2025-06-19 01:00:00-04:00,37.26,35.69,-0.0,1.57
2025-06-19 02:00:00-04:00,33.9,32.47,-0.0,1.43
2025-06-19 03:00:00-04:00,31.72,30.1,-0.0,1.62
2025-06-19 04:00:00-04:00,31.25,29.59,-0.0,1.66
2025-06-19 05:00:00-04:00,36.14,34.42,-0.0,1.72
2025-06-19 06:00:00-04:00,40.12,38.03,-0.0,2.09
2025-06-19 07:00:00-04:00,44.37,41.78,-0.0,2.59
2025-06-19 08:00:00-04:00,45.95,43.150000000000006,-0.0,2.8
2025-06-19 09:00:00-04:00,46.11,43.17,-0.0,2.94
2025-06-19 10:00:00-04:00,46.81,43.830000000000005,-0.0,2.98
2025-06-19 11:00:00-04:00,48.54,45.28,-0.0,3.26
2025-06-19 12:00:00-04:00,53.8,50.18,-0.0,3.62
2025-06-19 13:00:00-04:00,56.69,52.69,-0.0,4.0
2025-06-19 14:00:00-04:00,60.66,56.01,-0.0,4.65
2025-06-19 15:00:00-04:00,65.54,56.48,3.64,5.42
2025-06-19 16:00:00-04:00,73.01,56.53,10.94,5.54
2025-06-19 17:00:00-04:00,83.1,56.66,21.0,5.44
2025-06-19 18:00:00-04:00,80.4,56.72000000000001,18.47,5.21
2025-06-19 19:00:00-04:00,68.1,62.46999999999999,-0.0,5.63
2025-06-19 20:00:00-04:00,60.94,56.48,-0.0,4.46
2025-06-19 21:00:00-04:00,56.36,52.97,-0.0,3.39
2025-06-19 22:00:00-04:00,48.78,45.84,-0.0,2.94
2025-06-19 23:00:00-04:00,42.66,39.79,-0.0,2.87
2025-06-20 00:00:00-04:00,44.37,41.739999999999995,-0.0,2.63
2025-06-20 01:00:00-04:00,39.75,37.64,-0.0,2.11
2025-06-20 02:00:00-04:00,35.25,33.48,-0.0,1.77
2025-06-20 03:00:00-04:00,34.86,33.17,-0.0,1.69
2025-06-20 04:00:00-04:00,33.99,32.31,-0.0,1.68
2025-06-20 05:00:00-04:00,32.79,31.23,-0.0,1.56
2025-06-20 06:00:00-04:00,35.53,33.74,-0.0,1.79
2025-06-20 07:00:00-04:00,36.32,34.2,-0.0,2.12
2025-06-20 08:00:00-04:00,38.82,36.38,-0.0,2.44
2025-06-20 09:00:00-04:00,37.13,34.760000000000005,-0.0,2.37
2025-06-20 10:00:00-04:00,38.34,35.830000000000005,-0.0,2.51
2025-06-20 11:00:00-04:00,39.89,37.25,-0.0,2.64
2025-06-20 12:00:00-04:00,41.75,38.76,-0.0,2.99
2025-06-20 13:00:00-04:00,45.05,41.75,-0.0,3.3
2025-06-20 14:00:00-04:00,47.8,44.42999999999999,-0.23,3.6
2025-06-20 15:00:00-04:00,50.0,46.25,-0.0,3.75
2025-06-20 16:00:00-04:00,55.11,51.68,-0.39,3.82
2025-06-20 17:00:00-04:00,60.42,56.42,-0.51,4.51
2025-06-20 18:00:00-04:00,60.59,56.42,-0.0,4.17
2025-06-20 19:00:00-04:00,59.51,56.309999999999995,-0.23,3.43
2025-06-20 20:00:00-04:00,56.23,54.01,-0.43,2.65
2025-06-20 21:00:00-04:00,53.91,51.34,-0.0,2.57
2025-06-20 22:00:00-04:00,47.6,45.379999999999995,-0.23,2.45
2025-06-20 23:00:00-04:00,42.85,40.69,-0.12,2.28
2025-06-21 00:00:00-04:00,41.49,38.96,-0.0,2.53
2025-06-21 01:00:00-04:00,37.11,34.98,-0.0,2.13
2025-06-21 02:00:00-04:00,34.5,32.7,-0.0,1.8
2025-06-21 03:00:00-04:00,32.74,31.000000000000004,-0.0,1.74
2025-06-21 04:00:00-04:00,32.1,30.37,-0.0,1.73
2025-06-21 05:00:00-04:00,31.46,29.74,-0.0,1.72
2025-06-21 06:00:00-04:00,32.17,30.290000000000003,-0.0,1.88
2025-06-21 07:00:00-04:00,33.49,31.53,-0.0,1.96
2025-06-21 08:00:00-04:00,35.43,33.39,-0.0,2.04
2025-06-21 09:00:00-04:00,37.13,34.86,-0.0,2.27
2025-06-21 10:00:00-04:00,40.26,37.74,0.18,2.34
2025-06-21 11:00:00-04:00,43.51,40.599999999999994,0.39,2.52
2025-06-21 12:00:00-04:00,47.94,44.809999999999995,0.71,2.42
2025-06-21 13:00:00-04:00,49.29,46.099999999999994,0.56,2.63
2025-06-21 14:00:00-04:00,51.26,47.98,0.45,2.83
2025-06-21 15:00:00-04:00,54.49,51.05,0.48,2.96
2025-06-21 16:00:00-04:00,59.45,55.18000000000001,1.01,3.26
2025-06-21 17:00:00-04:00,63.44,59.23,-0.0,4.21
2025-06-21 18:00:00-04:00,66.24,61.849999999999994,-0.0,4.39
2025-06-21 19:00:00-04:00,61.6,57.73,-0.0,3.87
2025-06-21 20:00:00-04:00,59.73,56.19,-0.0,3.54
2025-06-21 21:00:00-04:00,55.52,52.580000000000005,-0.0,2.94
2025-06-21 22:00:00-04:00,50.99,47.97,-0.0,3.02
2025-06-21 23:00:00-04:00,46.13,43.32,-0.0,2.81
2025-06-22 00:00:00-04:00,40.77,35.400000000000006,2.58,2.79
2025-06-22 01:00:00-04:00,38.02,33.67,1.69,2.66
2025-06-22 02:00:00-04:00,35.06,32.61,-0.0,2.45
2025-06-22 03:00:00-04:00,32.82,30.61,-0.0,2.21
2025-06-22 04:00:00-04:00,32.77,29.71,0.89,2.17
2025-06-22 05:00:00-04:00,32.32,28.99,1.22,2.11
2025-06-22 06:00:00-04:00,29.82,27.66,-0.0,2.16
2025-06-22 07:00:00-04:00,32.0,29.68,-0.0,2.32
2025-06-22 08:00:00-04:00,35.78,33.1,-0.0,2.68
2025-06-22 09:00:00-04:00,42.78,39.58,-0.0,3.2
2025-06-22 10:00:00-04:00,49.1,45.8,-0.0,3.3
2025-06-22 11:00:00-04:00,53.03,49.47,-0.0,3.56
2025-06-22 12:00:00-04:00,58.51,54.739999999999995,-0.0,3.77
2025-06-22 13:00:00-04:00,60.2,56.370000000000005,-0.0,3.83
2025-06-22 14:00:00-04:00,61.14,56.82,-0.0,4.32
2025-06-22 15:00:00-04:00,69.44,64.36,-0.0,5.08
2025-06-22 16:00:00-04:00,83.97,76.9,-0.0,7.07
2025-06-22 17:00:00-04:00,103.0,94.33,-0.0,8.67
2025-06-22 18:00:00-04:00,112.42,102.61,0.68,9.13
2025-06-22 19:00:00-04:00,105.62,92.79,5.04,7.79
2025-06-22 20:00:00-04:00,95.73,81.05000000000001,8.35,6.33
2025-06-22 21:00:00-04:00,79.51,71.53,2.97,5.01
2025-06-22 22:00:00-04:00,67.21,63.21999999999999,-0.0,3.99
2025-06-22 23:00:00-04:00,60.04,56.59,-0.0,3.45
2025-06-23 00:00:00-04:00,61.87,58.37,-0.0,3.5
2025-06-23 01:00:00-04:00,58.11,55.29,-0.0,2.82
2025-06-23 02:00:00-04:00,55.74,52.99,-0.0,2.75
2025-06-23 03:00:00-04:00,52.07,49.36,-0.0,2.71
2025-06-23 04:00:00-04:00,49.81,47.17,-0.0,2.64
2025-06-23 05:00:00-04:00,53.2,50.48,-0.0,2.72
2025-06-23 06:00:00-04:00,56.01,52.84,-0.0,3.17
2025-06-23 07:00:00-04:00,59.56,56.190000000000005,-0.0,3.37
2025-06-23 08:00:00-04:00,61.69,57.76,-0.0,3.93
2025-06-23 09:00:00-04:00,64.52,60.36,-0.0,4.16
2025-06-23 10:00:00-04:00,76.29,71.23,-0.0,5.06
2025-06-23 11:00:00-04:00,86.4,80.37,-0.0,6.03
2025-06-23 12:00:00-04:00,117.19,108.7,-0.86,9.35
2025-06-23 13:00:00-04:00,142.61,131.23000000000002,-0.56,11.94
2025-06-23 14:00:00-04:00,165.46,151.04,-0.23,14.65
2025-06-23 15:00:00-04:00,190.82,169.13,4.62,17.07
2025-06-23 16:00:00-04:00,243.13,210.27,11.63,21.23
2025-06-23 17:00:00-04:00,291.17,245.26,21.62,24.29
2025-06-23 18:00:00-04:00,301.58,213.44999999999996,68.28,19.85
2025-06-23 19:00:00-04:00,242.14,182.95,43.09,16.1
2025-06-23 20:00:00-04:00,221.28,172.33999999999995,34.8,14.14
2025-06-23 21:00:00-04:00,139.5,114.75,15.91,8.84
2025-06-23 22:00:00-04:00,84.1,78.38,-0.0,5.72
2025-06-23 23:00:00-04:00,71.69,67.5,-0.0,4.19
2025-06-24 00:00:00-04:00,62.75,59.14,-0.0,3.61
2025-06-24 01:00:00-04:00,59.69,56.47,-0.0,3.22
2025-06-24 02:00:00-04:00,57.15,54.43,-0.0,2.72
2025-06-24 03:00:00-04:00,51.87,49.45,-0.0,2.42
2025-06-24 04:00:00-04:00,50.61,48.16,-0.0,2.45
2025-06-24 05:00:00-04:00,53.98,51.459999999999994,-0.0,2.52
2025-06-24 06:00:00-04:00,56.87,54.01,-0.0,2.86
2025-06-24 07:00:00-04:00,60.59,57.0,-0.0,3.59
2025-06-24 08:00:00-04:00,64.88,61.209999999999994,-0.0,3.67
2025-06-24 09:00:00-04:00,68.0,64.09,-0.0,3.91
2025-06-24 10:00:00-04:00,78.15,73.04,-0.0,5.11
2025-06-24 11:00:00-04:00,92.32,85.94,-0.15,6.53
2025-06-24 12:00:00-04:00,121.73,113.03000000000002,-0.9,9.6
2025-06-24 13:00:00-04:00,150.91,138.75,-0.75,12.91
2025-06-24 14:00:00-04:00,177.88,162.71,-0.3,15.47
2025-06-24 15:00:00-04:00,203.79,170.51999999999998,16.22,17.05
2025-06-24 16:00:00-04:00,280.71,230.38,27.07,23.26
2025-06-24 17:00:00-04:00,324.8,262.55,36.5,25.75
2025-06-24 18:00:00-04:00,338.17,260.45000000000005,53.25,24.47
2025-06-24 19:00:00-04:00,304.39,237.56999999999996,45.91,20.91
2025-06-24 20:00:00-04:00,248.91,201.7,30.26,16.95
2025-06-24 21:00:00-04:00,162.35,134.02,18.41,9.92
2025-06-24 22:00:00-04:00,102.65,92.5,3.68,6.47
2025-06-24 23:00:00-04:00,75.88,71.92999999999999,-0.0,3.95
2025-06-25 00:00:00-04:00,73.13,68.86,-0.0,4.27
2025-06-25 01:00:00-04:00,68.97,64.94,-0.0,4.03
2025-06-25 02:00:00-04:00,64.37,60.73,-0.0,3.64
2025-06-25 03:00:00-04:00,59.76,56.489999999999995,-0.0,3.27
2025-06-25 04:00:00-04:00,59.11,56.19,-0.0,2.92
2025-06-25 05:00:00-04:00,60.41,57.15,-0.0,3.26
2025-06-25 06:00:00-04:00,61.08,57.51,-0.0,3.57
2025-06-25 07:00:00-04:00,67.39,63.33,-0.0,4.06
2025-06-25 08:00:00-04:00,71.81,67.43,-0.0,4.38
2025-06-25 09:00:00-04:00,76.41,71.53999999999999,-0.0,4.87
2025-06-25 10:00:00-04:00,77.9,72.07000000000001,-0.0,5.83
2025-06-25 11:00:00-04:00,82.66,75.99999999999999,-0.1,6.76
2025-06-25 12:00:00-04:00,100.07,91.55,-0.08,8.6
2025-06-25 13:00:00-04:00,120.68,109.89,-0.09,10.88
2025-06-25 14:00:00-04:00,144.27,121.96,10.0,12.31
2025-06-25 15:00:00-04:00,165.09,131.46,19.56,14.07
2025-06-25 16:00:00-04:00,204.43,162.82,24.02,17.59
2025-06-25 17:00:00-04:00,246.33,185.14,41.76,19.43
2025-06-25 18:00:00-04:00,247.57,205.6,20.79,21.18
2025-06-25 19:00:00-04:00,205.8,183.25,4.78,17.77
2025-06-25 20:00:00-04:00,144.6,122.3,10.92,11.38
2025-06-25 21:00:00-04:00,104.62,92.87,3.67,8.08
2025-06-25 22:00:00-04:00,79.48,73.9,-0.03,5.61
2025-06-25 23:00:00-04:00,68.4,64.17,-0.0,4.23
2025-06-26 00:00:00-04:00,54.29,51.12,-0.0,3.17
2025-06-26 01:00:00-04:00,51.95,48.96,-0.0,2.99
2025-06-26 02:00:00-04:00,49.83,47.05,-0.0,2.78
2025-06-26 03:00:00-04:00,47.56,45.0,-0.0,2.56
2025-06-26 04:00:00-04:00,45.68,43.18,-0.0,2.5
2025-06-26 05:00:00-04:00,47.02,44.400000000000006,-0.0,2.62
2025-06-26 06:00:00-04:00,49.19,46.36,-0.0,2.83
2025-06-26 07:00:00-04:00,49.6,45.760000000000005,-0.0,3.84
2025-06-26 08:00:00-04:00,51.3,47.459999999999994,-0.0,3.84
2025-06-26 09:00:00-04:00,53.1,49.58,-0.0,3.52
2025-06-26 10:00:00-04:00,51.08,47.87,-0.0,3.21
2025-06-26 11:00:00-04:00,52.24,48.870000000000005,-0.0,3.37
2025-06-26 12:00:00-04:00,53.62,50.25,-0.0,3.37
2025-06-26 13:00:00-04:00,56.95,53.28,-0.0,3.67
2025-06-26 14:00:00-04:00,56.5,52.41,-0.0,4.09
2025-06-26 15:00:00-04:00,57.62,53.25,-0.0,4.37
2025-06-26 16:00:00-04:00,60.17,56.13,-0.0,4.04
2025-06-26 17:00:00-04:00,63.42,59.05,-0.0,4.37
2025-06-26 18:00:00-04:00,60.14,56.36,-0.0,3.78
2025-06-26 19:00:00-04:00,59.26,55.8,-0.0,3.46
2025-06-26 20:00:00-04:00,53.36,49.87,-0.0,3.49
2025-06-26 21:00:00-04:00,49.2,46.11,-0.0,3.09
2025-06-26 22:00:00-04:00,43.63,41.0,-0.0,2.63
2025-06-26 23:00:00-04:00,39.43,36.65,-0.0,2.78
2025-06-27 00:00:00-04:00,41.39,38.47,-0.0,2.92
2025-06-27 01:00:00-04:00,37.15,34.56,-0.0,2.59
2025-06-27 02:00:00-04:00,33.51,31.38,-0.0,2.13
2025-06-27 03:00:00-04:00,30.93,28.96,-0.0,1.97
2025-06-27 04:00:00-04:00,31.59,29.55,-0.0,2.04
2025-06-27 05:00:00-04:00,32.68,30.57,-0.0,2.11
2025-06-27 06:00:00-04:00,40.97,38.54,-0.0,2.43
2025-06-27 07:00:00-04:00,42.54,39.8,-0.0,2.74
2025-06-27 08:00:00-04:00,45.38,42.370000000000005,-0.0,3.01
2025-06-27 09:00:00-04:00,44.0,41.2,-0.0,2.8
2025-06-27 10:00:00-04:00,41.54,38.93,-0.0,2.61
2025-06-27 11:00:00-04:00,41.11,38.49,-0.0,2.62
2025-06-27 12:00:00-04:00,42.52,39.85,-0.0,2.67
2025-06-27 13:00:00-04:00,42.98,40.209999999999994,-0.0,2.77
2025-06-27 14:00:00-04:00,43.34,40.470000000000006,-0.0,2.87
2025-06-27 15:00:00-04:00,44.74,41.66,-0.0,3.08
2025-06-27 16:00:00-04:00,48.35,45.06,-0.0,3.29
2025-06-27 17:00:00-04:00,50.37,46.95,-0.0,3.42
2025-06-27 18:00:00-04:00,48.39,45.14,-0.0,3.25
2025-06-27 19:00:00-04:00,48.7,45.6,-0.0,3.1
2025-06-27 20:00:00-04:00,44.07,40.88,-0.0,3.19
2025-06-27 21:00:00-04:00,41.68,38.88,-0.0,2.8
2025-06-27 22:00:00-04:00,37.89,35.21,-0.0,2.68
2025-06-27 23:00:00-04:00,32.82,30.53,-0.0,2.29
2025-06-28 00:00:00-04:00,36.02,33.440000000000005,-0.0,2.58
2025-06-28 01:00:00-04:00,30.63,28.41,-0.0,2.22
2025-06-28 02:00:00-04:00,28.01,26.110000000000003,-0.0,1.9
2025-06-28 03:00:00-04:00,29.13,27.119999999999997,-0.0,2.01
2025-06-28 04:00:00-04:00,27.98,25.95,-0.0,2.03
2025-06-28 05:00:00-04:00,29.13,27.02,-0.0,2.11
2025-06-28 06:00:00-04:00,27.88,25.86,-0.0,2.02
2025-06-28 07:00:00-04:00,30.99,28.72,-0.0,2.27
2025-06-28 08:00:00-04:00,34.54,31.95,-0.0,2.59
2025-06-28 09:00:00-04:00,38.21,35.410000000000004,-0.0,2.8
2025-06-28 10:00:00-04:00,42.2,39.36,-0.0,2.84
2025-06-28 11:00:00-04:00,43.69,40.75,-0.0,2.94
2025-06-28 12:00:00-04:00,44.0,41.01,-0.0,2.99
2025-06-28 13:00:00-04:00,47.08,43.84,-0.0,3.24
2025-06-28 14:00:00-04:00,46.78,43.31,-0.0,3.47
2025-06-28 15:00:00-04:00,52.01,47.94,-0.0,4.07
2025-06-28 16:00:00-04:00,54.49,50.17,-0.0,4.32
2025-06-28 17:00:00-04:00,65.25,60.19,-0.0,5.06
2025-06-28 18:00:00-04:00,66.65,61.60000000000001,-0.0,5.05
2025-06-28 19:00:00-04:00,68.67,63.58,-0.0,5.09
2025-06-28 20:00:00-04:00,66.7,61.53,-0.0,5.17
2025-06-28 21:00:00-04:00,57.06,53.13,-0.0,3.93
2025-06-28 22:00:00-04:00,51.83,48.309999999999995,-0.0,3.52
2025-06-28 23:00:00-04:00,46.88,43.81,-0.0,3.07
2025-06-29 00:00:00-04:00,39.87,36.95,-0.0,2.92
2025-06-29 01:00:00-04:00,36.29,33.76,-0.0,2.53
2025-06-29 02:00:00-04:00,32.16,29.969999999999995,-0.0,2.19
2025-06-29 03:00:00-04:00,30.69,28.520000000000003,-0.0,2.17
2025-06-29 04:00:00-04:00,30.6,28.520000000000003,-0.0,2.08
2025-06-29 05:00:00-04:00,30.09,28.02,-0.0,2.07
2025-06-29 06:00:00-04:00,30.0,27.91,-0.0,2.09
2025-06-29 07:00:00-04:00,30.49,28.31,-0.0,2.18
2025-06-29 08:00:00-04:00,30.48,28.22,-0.0,2.26
2025-06-29 09:00:00-04:00,32.71,30.34,-0.0,2.37
2025-06-29 10:00:00-04:00,33.66,31.309999999999995,-0.0,2.35
2025-06-29 11:00:00-04:00,37.6,34.95,-0.0,2.65
2025-06-29 12:00:00-04:00,40.43,37.43,-0.0,3.0
2025-06-29 13:00:00-04:00,43.73,40.29,0.1,3.34
2025-06-29 14:00:00-04:00,46.53,42.99,0.01,3.53
2025-06-29 15:00:00-04:00,50.97,47.24,-0.0,3.73
2025-06-29 16:00:00-04:00,57.19,53.3,-0.0,3.89
2025-06-29 17:00:00-04:00,61.43,57.2,-0.0,4.23
2025-06-29 18:00:00-04:00,76.82,71.07,-0.0,5.75
2025-06-29 19:00:00-04:00,72.65,67.52000000000001,-0.0,5.13
2025-06-29 20:00:00-04:00,66.37,61.970000000000006,-0.0,4.4
2025-06-29 21:00:00-04:00,60.11,56.98,-0.0,3.13
2025-06-29 22:00:00-04:00,52.02,49.31,-0.0,2.71
2025-06-29 23:00:00-04:00,46.49,43.86,-0.0,2.63
2025-06-30 00:00:00-04:00,44.88,41.790000000000006,-0.0,3.09
2025-06-30 01:00:00-04:00,39.62,36.82,-0.0,2.8
2025-06-30 02:00:00-04:00,36.41,33.959999999999994,-0.0,2.45
2025-06-30 03:00:00-04:00,33.62,31.36,-0.0,2.26
2025-06-30 04:00:00-04:00,33.14,30.97,-0.0,2.17
2025-06-30 05:00:00-04:00,34.52,32.260000000000005,-0.0,2.26
2025-06-30 06:00:00-04:00,37.11,34.68,-0.0,2.43
2025-06-30 07:00:00-04:00,40.56,37.66,-0.0,2.9
2025-06-30 08:00:00-04:00,46.04,43.03,-0.0,3.01
2025-06-30 09:00:00-04:00,46.29,43.34,-0.0,2.95
2025-06-30 10:00:00-04:00,49.1,46.06,-0.0,3.04
2025-06-30 11:00:00-04:00,52.32,49.13,-0.0,3.19
2025-06-30 12:00:00-04:00,58.63,55.1,-0.0,3.53
2025-06-30 13:00:00-04:00,59.27,55.81,-0.0,3.46
2025-06-30 14:00:00-04:00,64.56,61.1,-0.39,3.85
2025-06-30 15:00:00-04:00,69.42,64.61,-0.49,5.3
2025-06-30 16:00:00-04:00,83.85,76.87,-0.09,7.07
2025-06-30 17:00:00-04:00,98.66,89.42,-0.42,9.66
2025-06-30 18:00:00-04:00,98.55,89.97,-0.42,9.0
2025-06-30 19:00:00-04:00,92.26,84.43,-0.28,8.11
2025-06-30 20:00:00-04:00,80.94,75.14999999999999,-0.0,5.79
2025-06-30 21:00:00-04:00,68.76,64.5,-0.0,4.26
2025-06-30 22:00:00-04:00,59.19,55.47,-0.0,3.72
2025-06-30 23:00:00-04:00,53.3,50.0,-0.0,3.3
2025-07-01 00:00:00-04:00,47.92,44.870000000000005,-0.0,3.05
2025-07-01 01:00:00-04:00,42.27,39.510000000000005,-0.0,2.76
2025-07-01 02:00:00-04:00,39.08,36.59,-0.0,2.49
2025-07-01 03:00:00-04:00,35.63,33.46,-0.0,2.17
2025-07-01 04:00:00-04:00,35.65,33.48,-0.0,2.17
2025-07-01 05:00:00-04:00,41.08,38.43,-0.0,2.65
2025-07-01 06:00:00-04:00,44.58,41.51,-0.0,3.07
2025-07-01 07:00:00-04:00,47.63,44.18,-0.0,3.45
2025-07-01 08:00:00-04:00,49.96,46.43,-0.0,3.53
2025-07-01 09:00:00-04:00,51.42,47.92,-0.0,3.5
2025-07-01 10:00:00-04:00,53.63,49.7,-0.0,3.93
2025-07-01 11:00:00-04:00,56.28,52.02,-0.06,4.32
2025-07-01 12:00:00-04:00,60.49,55.64,-0.16,5.01
2025-07-01 13:00:00-04:00,65.25,59.9,-0.28,5.63
2025-07-01 14:00:00-04:00,70.21,63.79,-0.34,6.76
2025-07-01 15:00:00-04:00,74.42,61.93,5.74,6.75
2025-07-01 16:00:00-04:00,80.7,70.13,2.93,7.64
2025-07-01 17:00:00-04:00,99.38,76.92999999999999,14.37,8.08
2025-07-01 18:00:00-04:00,99.63,77.5,13.53,8.6
2025-07-01 19:00:00-04:00,85.61,77.26,-0.0,8.35
2025-07-01 20:00:00-04:00,76.94,70.39,-0.0,6.55
2025-07-01 21:00:00-04:00,64.35,59.74999999999999,-0.0,4.6
2025-07-01 22:00:00-04:00,55.05,51.309999999999995,-0.0,3.74
2025-07-01 23:00:00-04:00,51.94,48.72,-0.0,3.22
2025-07-02 00:00:00-04:00,49.74,46.36,-0.0,3.38
2025-07-02 01:00:00-04:00,44.91,41.739999999999995,-0.0,3.17
2025-07-02 02:00:00-04:00,39.36,36.41,-0.0,2.95
2025-07-02 03:00:00-04:00,36.84,34.11000000000001,-0.0,2.73
2025-07-02 04:00:00-04:00,36.31,33.68,-0.0,2.63
2025-07-02 05:00:00-04:00,38.63,35.800000000000004,-0.0,2.83
2025-07-02 06:00:00-04:00,42.17,39.05,-0.0,3.12
2025-07-02 07:00:00-04:00,48.65,45.01,-0.0,3.64
2025-07-02 08:00:00-04:00,51.77,48.49,-0.11,3.39
2025-07-02 09:00:00-04:00,51.95,48.62,-0.12,3.45
2025-07-02 10:00:00-04:00,49.79,46.55,-0.06,3.3
2025-07-02 11:00:00-04:00,52.89,49.56,-0.14,3.47
2025-07-02 12:00:00-04:00,55.38,51.75000000000001,-0.2,3.83
2025-07-02 13:00:00-04:00,59.54,55.73,-0.31,4.12
2025-07-02 14:00:00-04:00,63.09,58.95,-0.4,4.54
2025-07-02 15:00:00-04:00,66.75,61.669999999999995,-0.41,5.49
2025-07-02 16:00:00-04:00,73.04,66.76,-0.53,6.81
2025-07-02 17:00:00-04:00,83.17,75.61,-0.0,7.56
2025-07-02 18:00:00-04:00,86.57,78.84,-0.15,7.88
2025-07-02 19:00:00-04:00,82.68,76.42,-0.08,6.34
2025-07-02 20:00:00-04:00,71.65,66.71000000000001,-0.0,4.94
2025-07-02 21:00:00-04:00,63.76,60.04,-0.0,3.72
2025-07-02 22:00:00-04:00,54.45,51.220000000000006,-0.0,3.23
2025-07-02 23:00:00-04:00,49.41,46.56999999999999,-0.0,2.84
2025-07-03 00:00:00-04:00,47.75,45.09,-0.0,2.66
2025-07-03 01:00:00-04:00,44.37,41.82,-0.0,2.55
2025-07-03 02:00:00-04:00,38.04,35.45,-0.0,2.59
2025-07-03 03:00:00-04:00,35.64,33.28,-0.0,2.36
2025-07-03 04:00:00-04:00,34.98,32.72,-0.0,2.26
2025-07-03 05:00:00-04:00,38.51,36.37,-0.0,2.14
2025-07-03 06:00:00-04:00,42.28,39.81,-0.0,2.47
2025-07-03 07:00:00-04:00,44.34,41.52,-0.0,2.82
2025-07-03 08:00:00-04:00,45.97,43.24,-0.0,2.73
2025-07-03 09:00:00-04:00,46.01,43.32,-0.0,2.69
2025-07-03 10:00:00-04:00,45.83,42.85,0.32,2.66
2025-07-03 11:00:00-04:00,51.18,47.779999999999994,0.34,3.06
2025-07-03 12:00:00-04:00,55.16,51.46,0.15,3.55
2025-07-03 13:00:00-04:00,58.74,54.379999999999995,0.34,4.02
2025-07-03 14:00:00-04:00,63.35,58.67,0.34,4.34
2025-07-03 15:00:00-04:00,68.08,61.79,0.48,5.81
2025-07-03 16:00:00-04:00,71.93,65.75,-0.0,6.18
2025-07-03 17:00:00-04:00,81.76,74.88000000000001,-0.0,6.88
2025-07-03 18:00:00-04:00,80.81,75.38,-0.0,5.43
2025-07-03 19:00:00-04:00,75.41,70.94,-0.0,4.47
2025-07-03 20:00:00-04:00,66.96,63.10999999999999,-0.0,3.85
2025-07-03 21:00:00-04:00,60.65,58.1,-0.0,2.55
2025-07-03 22:00:00-04:00,53.07,50.84,-0.0,2.23
2025-07-03 23:00:00-04:00,48.19,46.11,-0.0,2.08
2025-07-04 00:00:00-04:00,44.48,42.61,-0.0,1.87
2025-07-04 01:00:00-04:00,39.66,37.809999999999995,-0.0,1.85
2025-07-04 02:00:00-04:00,34.04,32.449999999999996,-0.0,1.59
2025-07-04 03:00:00-04:00,33.3,31.81,-0.0,1.49
2025-07-04 04:00:00-04:00,32.81,31.4,-0.0,1.41
2025-07-04 05:00:00-04:00,32.96,31.54,-0.0,1.42
2025-07-04 06:00:00-04:00,32.98,31.709999999999997,-0.0,1.27
2025-07-04 07:00:00-04:00,31.26,30.03,-0.0,1.23
2025-07-04 08:00:00-04:00,31.41,30.06,-0.0,1.35
2025-07-04 09:00:00-04:00,31.01,29.56,-0.0,1.45
2025-07-04 10:00:00-04:00,31.81,30.24,-0.0,1.57
2025-07-04 11:00:00-04:00,34.02,32.29,0.02,1.71
2025-07-04 12:00:00-04:00,37.67,35.58,0.21,1.88
2025-07-04 13:00:00-04:00,41.79,39.209999999999994,0.42,2.16
2025-07-04 14:00:00-04:00,44.04,41.27,0.5,2.27
2025-07-04 15:00:00-04:00,48.52,45.400000000000006,0.53,2.59
2025-07-04 16:00:00-04:00,54.46,51.31,0.33,2.82
2025-07-04 17:00:00-04:00,61.4,58.42,-0.0,2.98
2025-07-04 18:00:00-04:00,62.95,60.36,-0.0,2.59
2025-07-04 19:00:00-04:00,61.06,58.71,-0.0,2.35
2025-07-04 20:00:00-04:00,56.74,54.66,-0.0,2.08
2025-07-04 21:00:00-04:00,51.0,49.32,-0.0,1.68
2025-07-04 22:00:00-04:00,45.96,44.19,-0.0,1.77
2025-07-04 23:00:00-04:00,40.96,39.13,0.07,1.76
2025-07-05 00:00:00-04:00,40.98,38.959999999999994,-0.0,2.02
2025-07-05 01:00:00-04:00,35.81,33.980000000000004,-0.0,1.83
2025-07-05 02:00:00-04:00,32.37,30.859999999999996,-0.0,1.51
2025-07-05 03:00:00-04:00,30.92,29.450000000000003,-0.0,1.47
2025-07-05 04:00:00-04:00,29.72,28.33,-0.0,1.39
2025-07-05 05:00:00-04:00,29.94,28.6,-0.0,1.34
2025-07-05 06:00:00-04:00,29.01,27.6,-0.0,1.41
2025-07-05 07:00:00-04:00,29.1,27.66,-0.0,1.44
2025-07-05 08:00:00-04:00,29.03,27.52,-0.0,1.51
2025-07-05 09:00:00-04:00,33.27,31.780000000000005,-0.0,1.49
2025-07-05 10:00:00-04:00,36.08,34.33,0.2,1.55
2025-07-05 11:00:00-04:00,38.98,37.03999999999999,0.27,1.67
2025-07-05 12:00:00-04:00,43.5,41.3,0.42,1.78
2025-07-05 13:00:00-04:00,46.55,44.11,0.41,2.03
2025-07-05 14:00:00-04:00,48.9,46.37,0.58,1.95
2025-07-05 15:00:00-04:00,52.59,49.940000000000005,0.5,2.15
2025-07-05 16:00:00-04:00,60.94,58.379999999999995,0.29,2.27
2025-07-05 17:00:00-04:00,66.47,64.03999999999999,-0.0,2.43
2025-07-05 18:00:00-04:00,69.53,66.53,-0.0,3.0
2025-07-05 19:00:00-04:00,67.31,64.66,-0.0,2.65
2025-07-05 20:00:00-04:00,64.96,62.81999999999999,-0.0,2.14
2025-07-05 21:00:00-04:00,59.35,57.23,-0.0,2.12
2025-07-05 22:00:00-04:00,51.22,49.2,-0.0,2.02
2025-07-05 23:00:00-04:00,47.08,44.629999999999995,-0.0,2.45
2025-07-06 00:00:00-04:00,41.53,39.33,-0.0,2.2
2025-07-06 01:00:00-04:00,35.97,34.03,-0.0,1.94
2025-07-06 02:00:00-04:00,32.99,31.21,-0.0,1.78
2025-07-06 03:00:00-04:00,31.74,30.06,-0.0,1.68
2025-07-06 04:00:00-04:00,30.67,29.040000000000003,-0.0,1.63
2025-07-06 05:00:00-04:00,30.5,28.77,-0.0,1.73
2025-07-06 06:00:00-04:00,30.56,28.83,-0.0,1.73
2025-07-06 07:00:00-04:00,30.36,28.61,-0.0,1.75
2025-07-06 08:00:00-04:00,33.0,31.1,-0.0,1.9
2025-07-06 09:00:00-04:00,37.39,35.51,-0.0,1.88
2025-07-06 10:00:00-04:00,40.57,38.6,-0.0,1.97
2025-07-06 11:00:00-04:00,47.81,45.580000000000005,-0.0,2.23
2025-07-06 12:00:00-04:00,50.97,48.5,-0.0,2.47
2025-07-06 13:00:00-04:00,55.23,52.349999999999994,-0.0,2.88
2025-07-06 14:00:00-04:00,60.38,57.13,-0.0,3.25
2025-07-06 15:00:00-04:00,65.54,62.18000000000001,-0.0,3.36
2025-07-06 16:00:00-04:00,77.24,72.58999999999999,-0.0,4.65
2025-07-06 17:00:00-04:00,88.81,82.54,-0.0,6.27
2025-07-06 18:00:00-04:00,97.37,90.66,-0.0,6.71
2025-07-06 19:00:00-04:00,96.19,89.89999999999999,-0.0,6.29
2025-07-06 20:00:00-04:00,87.06,81.82000000000001,-0.0,5.24
2025-07-06 21:00:00-04:00,72.89,69.68,-0.0,3.21
2025-07-06 22:00:00-04:00,64.01,61.85000000000001,-0.0,2.16
2025-07-06 23:00:00-04:00,53.2,51.2,-0.0,2.0
2025-07-07 00:00:00-04:00,49.35,47.0,-0.0,2.35
2025-07-07 01:00:00-04:00,44.55,42.309999999999995,-0.0,2.24
2025-07-07 02:00:00-04:00,40.23,38.209999999999994,-0.0,2.02
2025-07-07 03:00:00-04:00,38.28,36.29,-0.0,1.99
2025-07-07 04:00:00-04:00,38.56,36.55,-0.0,2.01
2025-07-07 05:00:00-04:00,40.31,38.28,-0.0,2.03
2025-07-07 06:00:00-04:00,46.37,44.12,-0.0,2.25
2025-07-07 07:00:00-04:00,48.58,46.05,-0.0,2.53
2025-07-07 08:00:00-04:00,53.18,50.41,-0.0,2.77
2025-07-07 09:00:00-04:00,56.1,53.18,-0.0,2.92
2025-07-07 10:00:00-04:00,62.11,58.93,-0.0,3.18
2025-07-07 11:00:00-04:00,67.8,64.39,-0.0,3.41
2025-07-07 12:00:00-04:00,70.67,66.42,-0.0,4.25
2025-07-07 13:00:00-04:00,77.08,72.65,-0.0,4.43
2025-07-07 14:00:00-04:00,87.99,81.78,-0.0,6.21
2025-07-07 15:00:00-04:00,101.65,93.35,-0.0,8.3
2025-07-07 16:00:00-04:00,117.0,107.15,-0.0,9.85
2025-07-07 17:00:00-04:00,139.14,106.01,23.59,9.54
2025-07-07 18:00:00-04:00,141.14,107.66,24.22,9.26
2025-07-07 19:00:00-04:00,114.82,89.74999999999999,17.89,7.18
2025-07-07 20:00:00-04:00,109.59,78.37,26.6,4.62
2025-07-07 21:00:00-04:00,92.3,71.71,16.72,3.87
2025-07-07 22:00:00-04:00,69.24,65.75999999999999,-0.0,3.48
2025-07-07 23:00:00-04:00,60.9,58.45,-0.0,2.45
2025-07-08 00:00:00-04:00,57.45,55.190000000000005,-0.0,2.26
2025-07-08 01:00:00-04:00,52.07,49.73,-0.0,2.34
2025-07-08 02:00:00-04:00,49.52,47.21,-0.0,2.31
2025-07-08 03:00:00-04:00,48.94,46.57,-0.0,2.37
2025-07-08 04:00:00-04:00,48.81,46.66,-0.0,2.15
2025-07-08 05:00:00-04:00,50.68,48.64,-0.0,2.04
2025-07-08 06:00:00-04:00,52.79,50.57,-0.0,2.22
2025-07-08 07:00:00-04:00,55.07,52.6,-0.0,2.47
2025-07-08 08:00:00-04:00,60.45,57.57,-0.0,2.88
2025-07-08 09:00:00-04:00,64.12,61.24,-0.0,2.88
2025-07-08 10:00:00-04:00,64.48,61.53,-0.0,2.95
2025-07-08 11:00:00-04:00,68.39,64.52,-0.0,3.87
2025-07-08 12:00:00-04:00,72.46,68.1,-0.0,4.36
2025-07-08 13:00:00-04:00,85.5,79.69,-0.0,5.81
2025-07-08 14:00:00-04:00,92.21,84.75,-0.0,7.46
2025-07-08 15:00:00-04:00,118.44,93.12,16.47,8.85
2025-07-08 16:00:00-04:00,126.82,94.12,23.66,9.04
2025-07-08 17:00:00-04:00,155.3,97.15,48.82,9.33
2025-07-08 18:00:00-04:00,140.33,111.97000000000004,18.07,10.29
2025-07-08 19:00:00-04:00,117.02,92.59,16.65,7.78
2025-07-08 20:00:00-04:00,98.35,83.79999999999998,8.26,6.29
2025-07-08 21:00:00-04:00,80.51,75.95,-0.0,4.56
2025-07-08 22:00:00-04:00,67.4,64.25,-0.0,3.15
2025-07-08 23:00:00-04:00,58.63,56.32,-0.0,2.31
2025-07-09 00:00:00-04:00,54.08,51.26,-0.0,2.82
2025-07-09 01:00:00-04:00,49.11,46.37,-0.0,2.74
2025-07-09 02:00:00-04:00,46.69,44.22,-0.0,2.47
2025-07-09 03:00:00-04:00,44.93,42.63,-0.0,2.3
2025-07-09 04:00:00-04:00,45.45,43.16,-0.0,2.29
2025-07-09 05:00:00-04:00,48.59,46.06,-0.0,2.53
2025-07-09 06:00:00-04:00,51.45,48.82,-0.0,2.63
2025-07-09 07:00:00-04:00,52.91,50.3,-0.0,2.61
2025-07-09 08:00:00-04:00,54.96,52.34,-0.0,2.62
2025-07-09 09:00:00-04:00,55.85,53.19,-0.0,2.66
2025-07-09 10:00:00-04:00,54.41,51.669999999999995,-0.0,2.74
2025-07-09 11:00:00-04:00,58.96,56.12,0.09,2.75
2025-07-09 12:00:00-04:00,59.35,56.58,-0.0,2.77
2025-07-09 13:00:00-04:00,63.48,60.809999999999995,-0.37,3.04
2025-07-09 14:00:00-04:00,65.65,62.48,-0.01,3.18
2025-07-09 15:00:00-04:00,68.13,64.64999999999999,-0.6,4.08
2025-07-09 16:00:00-04:00,75.26,71.72000000000001,-0.76,4.3
2025-07-09 17:00:00-04:00,90.71,84.78,-0.0,5.93
2025-07-09 18:00:00-04:00,85.8,80.41,-0.0,5.39
2025-07-09 19:00:00-04:00,83.66,79.6,-0.0,4.06
2025-07-09 20:00:00-04:00,75.46,72.0,-0.0,3.46
2025-07-09 21:00:00-04:00,66.27,63.54,-0.0,2.73
2025-07-09 22:00:00-04:00,58.49,56.08,-0.0,2.41
2025-07-09 23:00:00-04:00,53.97,51.45,-0.0,2.52
2025-07-10 00:00:00-04:00,50.21,47.46,-0.0,2.75
2025-07-10 01:00:00-04:00,47.68,44.98,-0.0,2.7
2025-07-10 02:00:00-04:00,42.33,40.12,-0.0,2.21
2025-07-10 03:00:00-04:00,40.26,38.23,-0.0,2.03
2025-07-10 04:00:00-04:00,40.29,38.26,-0.0,2.03
2025-07-10 05:00:00-04:00,41.53,39.4,-0.0,2.13
2025-07-10 06:00:00-04:00,45.94,43.419999999999995,-0.0,2.52
2025-07-10 07:00:00-04:00,49.51,47.2,-0.0,2.31
2025-07-10 08:00:00-04:00,52.53,50.27,-0.0,2.26
2025-07-10 09:00:00-04:00,55.93,53.37,-0.0,2.56
2025-07-10 10:00:00-04:00,57.03,54.47,-0.0,2.56
2025-07-10 11:00:00-04:00,57.85,55.14000000000001,0.12,2.59
2025-07-10 12:00:00-04:00,60.38,57.47,0.27,2.64
2025-07-10 13:00:00-04:00,62.44,59.95,-0.15,2.64
2025-07-10 14:00:00-04:00,65.17,62.38,-0.02,2.81
2025-07-10 15:00:00-04:00,69.0,65.16,0.06,3.78
2025-07-10 16:00:00-04:00,74.4,70.47,0.06,3.87
2025-07-10 17:00:00-04:00,83.95,79.29,-0.18,4.84
2025-07-10 18:00:00-04:00,79.05,75.27,0.02,3.76
2025-07-10 19:00:00-04:00,73.18,69.63000000000001,0.41,3.14
2025-07-10 20:00:00-04:00,67.02,64.32,-0.0,2.7
2025-07-10 21:00:00-04:00,63.71,61.5,-0.0,2.21
2025-07-10 22:00:00-04:00,55.2,52.52,-0.0,2.68
2025-07-10 23:00:00-04:00,48.5,46.46,-0.0,2.04
2025-07-11 00:00:00-04:00,47.08,44.8,-0.0,2.28
2025-07-11 01:00:00-04:00,44.72,42.47,-0.0,2.25
2025-07-11 02:00:00-04:00,40.81,38.760000000000005,-0.0,2.05
2025-07-11 03:00:00-04:00,41.52,39.510000000000005,-0.0,2.01
2025-07-11 04:00:00-04:00,41.62,39.71,-0.0,1.91
2025-07-11 05:00:00-04:00,42.71,40.75,-0.0,1.96
2025-07-11 06:00:00-04:00,44.85,42.830000000000005,-0.21,2.23
2025-07-11 07:00:00-04:00,48.03,46.33,-0.29,1.99
2025-07-11 08:00:00-04:00,50.93,49.23,-0.37,2.07
2025-07-11 09:00:00-04:00,51.47,49.81,-0.38,2.04
2025-07-11 10:00:00-04:00,53.15,51.25,-0.25,2.15
2025-07-11 11:00:00-04:00,57.41,55.03999999999999,-0.05,2.42
2025-07-11 12:00:00-04:00,62.5,59.7,0.11,2.69
2025-07-11 13:00:00-04:00,68.91,65.93,-0.12,3.1
2025-07-11 14:00:00-04:00,72.01,68.11,-0.05,3.95
2025-07-11 15:00:00-04:00,81.27,76.87,-0.45,4.85
2025-07-11 16:00:00-04:00,85.25,81.2,-1.23,5.28
2025-07-11 17:00:00-04:00,95.12,88.4,-0.26,6.98
2025-07-11 18:00:00-04:00,89.56,83.65,-0.12,6.03
2025-07-11 19:00:00-04:00,86.13,81.38,-0.05,4.8
2025-07-11 20:00:00-04:00,76.32,72.27999999999999,-0.0,4.04
2025-07-11 21:00:00-04:00,68.92,66.08,-0.0,2.84
2025-07-11 22:00:00-04:00,61.72,59.58,-0.0,2.14
2025-07-11 23:00:00-04:00,55.26,53.29,-0.0,1.97
2025-07-12 00:00:00-04:00,49.9,48.21,-0.0,1.69
2025-07-12 01:00:00-04:00,44.39,42.28,-0.0,2.11
2025-07-12 02:00:00-04:00,40.65,38.53,-0.0,2.12
2025-07-12 03:00:00-04:00,39.87,37.94,-0.0,1.93
2025-07-12 04:00:00-04:00,37.65,35.86,-0.0,1.79
2025-07-12 05:00:00-04:00,38.88,36.92,-0.0,1.96
2025-07-12 06:00:00-04:00,39.55,37.669999999999995,-0.0,1.88
2025-07-12 07:00:00-04:00,38.75,37.05,-0.0,1.7
2025-07-12 08:00:00-04:00,43.34,41.63,-0.08,1.79
2025-07-12 09:00:00-04:00,47.05,45.37,-0.18,1.86
2025-07-12 10:00:00-04:00,50.4,48.77,-0.27,1.9
2025-07-12 11:00:00-04:00,53.92,52.66,-0.37,1.63
2025-07-12 12:00:00-04:00,57.32,55.71,-0.45,2.06
2025-07-12 13:00:00-04:00,62.66,60.99,-0.59,2.26
2025-07-12 14:00:00-04:00,67.71,65.66999999999999,-0.72,2.76
2025-07-12 15:00:00-04:00,75.03,72.46,-0.91,3.48
2025-07-12 16:00:00-04:00,83.69,79.92999999999999,-0.0,3.76
2025-07-12 17:00:00-04:00,89.68,84.73,-0.13,5.08
2025-07-12 18:00:00-04:00,85.94,81.82,-0.05,4.17
2025-07-12 19:00:00-04:00,84.77,81.22,-0.02,3.57
2025-07-12 20:00:00-04:00,75.3,72.48,-0.0,2.82
2025-07-12 21:00:00-04:00,67.91,65.8,-0.0,2.11
2025-07-12 22:00:00-04:00,57.67,55.61,-0.0,2.06
2025-07-12 23:00:00-04:00,52.41,50.44,-0.0,1.97
2025-07-13 00:00:00-04:00,49.14,46.45,-0.0,2.69
2025-07-13 01:00:00-04:00,44.22,41.92,-0.0,2.3
2025-07-13 02:00:00-04:00,39.26,37.25,-0.0,2.01
2025-07-13 03:00:00-04:00,39.21,37.24,-0.0,1.97
2025-07-13 04:00:00-04:00,38.33,36.37,-0.0,1.96
2025-07-13 05:00:00-04:00,38.3,36.27,-0.0,2.03
2025-07-13 06:00:00-04:00,38.28,36.29,-0.0,1.99
2025-07-13 07:00:00-04:00,40.51,38.44,-0.0,2.07
2025-07-13 08:00:00-04:00,42.35,40.19,-0.05,2.21
2025-07-13 09:00:00-04:00,47.48,45.4,0.04,2.04
2025-07-13 10:00:00-04:00,50.35,48.059999999999995,0.27,2.02
2025-07-13 11:00:00-04:00,53.88,51.39,0.54,1.95
2025-07-13 12:00:00-04:00,55.62,53.21,0.44,1.97
2025-07-13 13:00:00-04:00,57.24,55.120000000000005,0.08,2.04
2025-07-13 14:00:00-04:00,62.7,61.040000000000006,-0.6,2.26
2025-07-13 15:00:00-04:00,70.22,67.44000000000001,-0.79,3.57
2025-07-13 16:00:00-04:00,79.62,76.61,-1.05,4.06
2025-07-13 17:00:00-04:00,87.15,82.14,-0.0,5.01
2025-07-13 18:00:00-04:00,90.92,85.53,-0.0,5.39
2025-07-13 19:00:00-04:00,85.44,81.22,-0.0,4.22
2025-07-13 20:00:00-04:00,79.46,75.89,-0.0,3.57
2025-07-13 21:00:00-04:00,69.13,66.47,-0.0,2.66
2025-07-13 22:00:00-04:00,61.63,59.55,-0.0,2.08
2025-07-13 23:00:00-04:00,56.13,53.82,-0.0,2.31
2025-07-14 00:00:00-04:00,49.92,47.55,-0.2,2.57
2025-07-14 01:00:00-04:00,46.02,43.88,-0.1,2.24
2025-07-14 02:00:00-04:00,41.36,39.32,-0.0,2.04
2025-07-14 03:00:00-04:00,40.1,38.16,-0.0,1.94
2025-07-14 04:00:00-04:00,40.47,38.58,-0.0,1.89
2025-07-14 05:00:00-04:00,42.24,40.190000000000005,-0.0,2.05
2025-07-14 06:00:00-04:00,43.96,41.63,-0.04,2.37
2025-07-14 07:00:00-04:00,50.8,48.68999999999999,-0.23,2.34
2025-07-14 08:00:00-04:00,55.59,53.53000000000001,-0.35,2.41
2025-07-14 09:00:00-04:00,56.94,54.92,-0.39,2.41
2025-07-14 10:00:00-04:00,59.26,57.15,-0.4,2.51
2025-07-14 11:00:00-04:00,62.92,60.86,-0.5,2.56
2025-07-14 12:00:00-04:00,68.74,66.34,-0.65,3.05
2025-07-14 13:00:00-04:00,77.99,75.27,-0.89,3.61
2025-07-14 14:00:00-04:00,84.87,81.38,-1.07,4.56
2025-07-14 15:00:00-04:00,84.88,81.08,-1.06,4.86
2025-07-14 16:00:00-04:00,97.75,93.55,-1.41,5.61
2025-07-14 17:00:00-04:00,111.18,106.24,-1.76,6.7
2025-07-14 18:00:00-04:00,105.57,101.22,-1.62,5.97
2025-07-14 19:00:00-04:00,96.64,91.53,-0.11,5.22
2025-07-14 20:00:00-04:00,87.18,82.25,-0.0,4.93
2025-07-14 21:00:00-04:00,77.7,75.36000000000001,-0.9,3.24
2025-07-14 22:00:00-04:00,65.76,63.970000000000006,-0.58,2.37
2025-07-14 23:00:00-04:00,58.93,56.82,-0.39,2.5
2025-07-15 00:00:00-04:00,52.95,50.24,-0.0,2.71
2025-07-15 01:00:00-04:00,49.4,46.83,-0.0,2.57
2025-07-15 02:00:00-04:00,48.29,45.82,-0.0,2.47
2025-07-15 03:00:00-04:00,44.56,42.28,-0.0,2.28
2025-07-15 04:00:00-04:00,44.95,42.77,-0.0,2.18
2025-07-15 05:00:00-04:00,48.39,46.0,-0.0,2.39
2025-07-15 06:00:00-04:00,51.44,48.989999999999995,-0.0,2.45
2025-07-15 07:00:00-04:00,54.47,51.73,-0.0,2.74
2025-07-15 08:00:00-04:00,56.92,54.52,-0.38,2.78
2025-07-15 09:00:00-04:00,59.67,57.31,-0.45,2.81
2025-07-15 10:00:00-04:00,60.64,58.190000000000005,-0.34,2.79
2025-07-15 11:00:00-04:00,69.09,66.33000000000001,-0.56,3.32
2025-07-15 12:00:00-04:00,74.96,71.58999999999999,-0.71,4.08
2025-07-15 13:00:00-04:00,86.15,82.14,-1.0,5.01
2025-07-15 14:00:00-04:00,96.41,91.54,-1.26,6.13
2025-07-15 15:00:00-04:00,107.66,100.39,-0.16,7.43
2025-07-15 16:00:00-04:00,136.34,128.66,-0.81,8.49
2025-07-15 17:00:00-04:00,169.14,160.12,-1.55,10.57
2025-07-15 18:00:00-04:00,190.82,181.77,-2.04,11.09
2025-07-15 19:00:00-04:00,163.01,155.11999999999998,-1.42,9.31
2025-07-15 20:00:00-04:00,120.27,113.46,-0.46,7.27
2025-07-15 21:00:00-04:00,94.74,89.38,-0.0,5.36
2025-07-15 22:00:00-04:00,74.9,71.54,-0.0,3.36
2025-07-15 23:00:00-04:00,64.57,62.25999999999999,-0.0,2.31
2025-07-16 00:00:00-04:00,78.38,74.64999999999999,-0.0,3.73
2025-07-16 01:00:00-04:00,68.2,65.26,-0.0,2.94
2025-07-16 02:00:00-04:00,63.34,60.61000000000001,-0.0,2.73
2025-07-16 03:00:00-04:00,58.02,54.95,-0.0,3.07
2025-07-16 04:00:00-04:00,56.73,53.93,-0.0,2.8
2025-07-16 05:00:00-04:00,61.57,58.69,-0.0,2.88
2025-07-16 06:00:00-04:00,65.17,62.190000000000005,-0.0,2.98
2025-07-16 07:00:00-04:00,68.21,64.96,-0.0,3.25
2025-07-16 08:00:00-04:00,71.07,67.24,-0.0,3.83
2025-07-16 09:00:00-04:00,81.7,77.0,-0.0,4.7
2025-07-16 10:00:00-04:00,81.13,76.61,-0.0,4.52
2025-07-16 11:00:00-04:00,94.18,89.02000000000001,-0.0,5.16
2025-07-16 12:00:00-04:00,103.61,98.34,-0.73,6.0
2025-07-16 13:00:00-04:00,123.1,115.91,-0.0,7.19
2025-07-16 14:00:00-04:00,139.59,131.31,-0.0,8.28
2025-07-16 15:00:00-04:00,168.77,158.0,-0.12,10.89
2025-07-16 16:00:00-04:00,210.02,196.62000000000003,-0.77,14.17
2025-07-16 17:00:00-04:00,257.55,239.61,-0.26,18.2
2025-07-16 18:00:00-04:00,252.22,236.3,-0.37,16.29
2025-07-16 19:00:00-04:00,209.32,196.17,-0.0,13.15
2025-07-16 20:00:00-04:00,175.36,165.12,-0.0,10.24
2025-07-16 21:00:00-04:00,132.26,124.73,0.67,6.86
2025-07-16 22:00:00-04:00,91.54,82.14000000000001,4.72,4.68
2025-07-16 23:00:00-04:00,76.78,73.13,-0.0,3.65
2025-07-17 00:00:00-04:00,79.8,69.05,7.64,3.11
2025-07-17 01:00:00-04:00,74.0,67.13000000000001,3.52,3.35
2025-07-17 02:00:00-04:00,69.85,66.83999999999999,-0.0,3.01
2025-07-17 03:00:00-04:00,69.23,66.63000000000001,-0.0,2.6
2025-07-17 04:00:00-04:00,67.9,65.48,-0.0,2.42
2025-07-17 05:00:00-04:00,69.78,66.91,-0.0,2.87
2025-07-17 06:00:00-04:00,69.92,66.91,-0.0,3.01
2025-07-17 07:00:00-04:00,70.31,66.9,-0.0,3.41
2025-07-17 08:00:00-04:00,70.94,67.17999999999999,-0.0,3.76
2025-07-17 09:00:00-04:00,75.73,71.44,-0.0,4.29
2025-07-17 10:00:00-04:00,88.46,83.28999999999999,-0.0,5.17
2025-07-17 11:00:00-04:00,104.07,97.36,-0.0,6.71
2025-07-17 12:00:00-04:00,118.87,110.57,-0.0,8.3
2025-07-17 13:00:00-04:00,128.22,118.94,-0.0,9.28
2025-07-17 14:00:00-04:00,132.62,122.79,-0.0,9.83
2025-07-17 15:00:00-04:00,142.74,137.53,-5.92,11.13
2025-07-17 16:00:00-04:00,183.18,177.14,-8.84,14.88
2025-07-17 17:00:00-04:00,236.25,206.62,12.49,17.14
2025-07-17 18:00:00-04:00,205.41,189.61,0.45,15.35
2025-07-17 19:00:00-04:00,179.94,142.95999999999998,26.12,10.86
2025-07-17 20:00:00-04:00,146.15,111.08,26.3,8.77
2025-07-17 21:00:00-04:00,115.63,83.08999999999999,26.23,6.31
2025-07-17 22:00:00-04:00,101.23,81.87,13.87,5.49
2025-07-17 23:00:00-04:00,85.54,67.38,14.32,3.84
2025-07-18 00:00:00-04:00,72.88,61.44,7.5,3.94
2025-07-18 01:00:00-04:00,64.95,50.7,11.21,3.04
2025-07-18 02:00:00-04:00,61.0,48.18,9.88,2.94
2025-07-18 03:00:00-04:00,59.43,49.18,7.35,2.9
2025-07-18 04:00:00-04:00,60.58,55.73,1.84,3.01
2025-07-18 05:00:00-04:00,60.96,55.41,2.67,2.88
2025-07-18 06:00:00-04:00,62.35,56.13,3.14,3.08
2025-07-18 07:00:00-04:00,62.3,59.279999999999994,-0.0,3.02
2025-07-18 08:00:00-04:00,64.63,61.31999999999999,-0.0,3.31
2025-07-18 09:00:00-04:00,64.44,61.08,-0.0,3.36
2025-07-18 10:00:00-04:00,59.85,56.73,-0.0,3.12
2025-07-18 11:00:00-04:00,59.45,56.14,-0.0,3.31
2025-07-18 12:00:00-04:00,62.35,58.82,-0.0,3.53
2025-07-18 13:00:00-04:00,66.76,62.8,-0.0,3.96
2025-07-18 14:00:00-04:00,69.05,64.96,-0.33,4.42
2025-07-18 15:00:00-04:00,73.83,69.53999999999999,-0.44,4.73
2025-07-18 16:00:00-04:00,81.76,77.19,-0.6,5.17
2025-07-18 17:00:00-04:00,92.89,86.41,-0.0,6.48
2025-07-18 18:00:00-04:00,86.56,80.9,-0.0,5.66
2025-07-18 19:00:00-04:00,81.11,77.03,-0.0,4.08
2025-07-18 20:00:00-04:00,77.71,73.8,-0.0,3.91
2025-07-18 21:00:00-04:00,66.26,62.93000000000001,-0.0,3.33
2025-07-18 22:00:00-04:00,60.51,57.47,-0.0,3.04
2025-07-18 23:00:00-04:00,57.07,54.3,-0.0,2.77
2025-07-19 00:00:00-04:00,50.77,47.900000000000006,-0.0,2.87
2025-07-19 01:00:00-04:00,42.39,40.22,-0.0,2.17
2025-07-19 02:00:00-04:00,39.29,37.38,-0.0,1.91
2025-07-19 03:00:00-04:00,37.42,35.57,-0.0,1.85
2025-07-19 04:00:00-04:00,37.5,35.61,-0.0,1.89
2025-07-19 05:00:00-04:00,36.44,34.54,-0.0,1.9
2025-07-19 06:00:00-04:00,37.1,35.17,-0.0,1.93
2025-07-19 07:00:00-04:00,37.29,35.35,-0.0,1.94
2025-07-19 08:00:00-04:00,38.53,36.63,-0.0,1.9
2025-07-19 09:00:00-04:00,39.9,37.96,-0.0,1.94
2025-07-19 10:00:00-04:00,40.48,37.99,0.4,2.09
2025-07-19 11:00:00-04:00,44.7,41.720000000000006,0.69,2.29
2025-07-19 12:00:00-04:00,46.65,43.41,0.81,2.43
2025-07-19 13:00:00-04:00,50.51,47.48,0.52,2.51
2025-07-19 14:00:00-04:00,53.63,50.43,0.43,2.77
2025-07-19 15:00:00-04:00,56.85,53.34,0.47,3.04
2025-07-19 16:00:00-04:00,62.26,59.58,-0.0,2.68
2025-07-19 17:00:00-04:00,76.09,73.02000000000001,-0.0,3.07
2025-07-19 18:00:00-04:00,79.18,75.99000000000001,-0.0,3.19
2025-07-19 19:00:00-04:00,79.32,76.35,-0.0,2.97
2025-07-19 20:00:00-04:00,70.49,68.17,-0.0,2.32
2025-07-19 21:00:00-04:00,61.28,59.44,-0.0,1.84
2025-07-19 22:00:00-04:00,56.85,54.66,-0.0,2.19
2025-07-19 23:00:00-04:00,53.23,50.65,-0.0,2.58
2025-07-20 00:00:00-04:00,50.77,48.220000000000006,-0.0,2.55
2025-07-20 01:00:00-04:00,44.59,42.27,-0.0,2.32
2025-07-20 02:00:00-04:00,39.83,37.79,-0.0,2.04
2025-07-20 03:00:00-04:00,37.36,35.35,-0.0,2.01
2025-07-20 04:00:00-04:00,37.29,35.28,-0.0,2.01
2025-07-20 05:00:00-04:00,37.29,35.25,-0.0,2.04
2025-07-20 06:00:00-04:00,38.0,35.99,-0.0,2.01
2025-07-20 07:00:00-04:00,38.51,36.5,-0.0,2.01
2025-07-20 08:00:00-04:00,42.46,40.02,-0.0,2.44
2025-07-20 09:00:00-04:00,47.04,44.21,-0.0,2.83
2025-07-20 10:00:00-04:00,49.11,46.03,-0.0,3.08
2025-07-20 11:00:00-04:00,50.95,47.7,-0.0,3.25
2025-07-20 12:00:00-04:00,54.36,50.76,-0.0,3.6
2025-07-20 13:00:00-04:00,57.42,53.760000000000005,-0.0,3.66
2025-07-20 14:00:00-04:00,58.74,54.79,-0.0,3.95
2025-07-20 15:00:00-04:00,61.58,57.44,-0.0,4.14
2025-07-20 16:00:00-04:00,70.3,65.39,-0.0,4.91
2025-07-20 17:00:00-04:00,83.5,77.67,-0.0,5.83
2025-07-20 18:00:00-04:00,92.87,86.63000000000001,-0.0,6.24
2025-07-20 19:00:00-04:00,86.22,81.03,-0.0,5.19
2025-07-20 20:00:00-04:00,82.15,77.65,-0.0,4.5
2025-07-20 21:00:00-04:00,71.34,68.14,-0.0,3.2
2025-07-20 22:00:00-04:00,57.69,54.84,-0.0,2.85
2025-07-20 23:00:00-04:00,52.66,49.68,-0.0,2.98
2025-07-21 00:00:00-04:00,47.88,45.17,-0.0,2.71
2025-07-21 01:00:00-04:00,41.92,39.7,-0.0,2.22
2025-07-21 02:00:00-04:00,38.11,36.06,-0.0,2.05
2025-07-21 03:00:00-04:00,35.6,33.75,-0.0,1.85
2025-07-21 04:00:00-04:00,35.65,33.86,-0.0,1.79
2025-07-21 05:00:00-04:00,36.86,35.01,-0.0,1.85
2025-07-21 06:00:00-04:00,39.83,37.79,-0.0,2.04
2025-07-21 07:00:00-04:00,42.04,39.74,-0.0,2.3
2025-07-21 08:00:00-04:00,42.38,39.940000000000005,-0.0,2.44
2025-07-21 09:00:00-04:00,39.87,37.69,-0.0,2.18
2025-07-21 10:00:00-04:00,40.41,37.129999999999995,1.01,2.27
2025-07-21 11:00:00-04:00,43.01,40.34,0.25,2.42
2025-07-21 12:00:00-04:00,44.85,40.62,1.59,2.64
2025-07-21 13:00:00-04:00,47.1,42.85,1.47,2.78
2025-07-21 14:00:00-04:00,48.14,43.580000000000005,1.55,3.01
2025-07-21 15:00:00-04:00,51.98,47.77,0.77,3.44
2025-07-21 16:00:00-04:00,57.19,53.55,-0.0,3.64
2025-07-21 17:00:00-04:00,66.86,62.78,-0.0,4.08
2025-07-21 18:00:00-04:00,75.75,72.01,-0.0,3.74
2025-07-21 19:00:00-04:00,70.91,67.34,-0.0,3.57
2025-07-21 20:00:00-04:00,60.01,57.26,-0.0,2.75
2025-07-21 21:00:00-04:00,54.75,52.09,-0.0,2.66
2025-07-21 22:00:00-04:00,50.5,47.96,-0.0,2.54
2025-07-21 23:00:00-04:00,45.64,43.3,-0.0,2.34
2025-07-22 00:00:00-04:00,40.4,38.66,-0.0,1.74
2025-07-22 01:00:00-04:00,37.69,36.07,-0.0,1.62
2025-07-22 02:00:00-04:00,36.43,34.96,-0.0,1.47
2025-07-22 03:00:00-04:00,33.55,32.23,-0.0,1.32
2025-07-22 04:00:00-04:00,32.4,31.209999999999997,-0.0,1.19
2025-07-22 05:00:00-04:00,35.41,34.01,-0.0,1.4
2025-07-22 06:00:00-04:00,39.32,38.07,-0.0,1.25
2025-07-22 07:00:00-04:00,38.19,37.01,-0.0,1.18
2025-07-22 08:00:00-04:00,37.28,36.02,-0.0,1.26
2025-07-22 09:00:00-04:00,35.3,34.04,-0.0,1.26
2025-07-22 10:00:00-04:00,35.27,34.050000000000004,-0.0,1.22
2025-07-22 11:00:00-04:00,37.93,36.32,0.23,1.38
2025-07-22 12:00:00-04:00,39.11,37.37,0.24,1.5
2025-07-22 13:00:00-04:00,40.74,38.89,0.29,1.56
2025-07-22 14:00:00-04:00,44.8,42.54,0.64,1.62
2025-07-22 15:00:00-04:00,46.46,44.169999999999995,0.52,1.77
2025-07-22 16:00:00-04:00,50.03,48.059999999999995,-0.05,2.02
2025-07-22 17:00:00-04:00,59.27,57.63,-0.26,1.9
2025-07-22 18:00:00-04:00,65.7,64.24000000000001,-0.4,1.86
2025-07-22 19:00:00-04:00,67.88,66.08999999999999,-0.0,1.79
2025-07-22 20:00:00-04:00,64.82,63.239999999999995,-0.0,1.58
2025-07-22 21:00:00-04:00,55.02,53.52,-0.0,1.5
2025-07-22 22:00:00-04:00,50.02,48.14,-0.0,1.88
2025-07-22 23:00:00-04:00,42.51,40.68,-0.0,1.83
2025-07-23 00:00:00-04:00,40.39,38.73,-0.0,1.66
2025-07-23 01:00:00-04:00,36.46,34.89,-0.0,1.57
2025-07-23 02:00:00-04:00,34.18,32.77,-0.0,1.41
2025-07-23 03:00:00-04:00,31.27,29.98,-0.0,1.29
2025-07-23 04:00:00-04:00,31.16,29.85,-0.0,1.31
2025-07-23 05:00:00-04:00,35.03,33.75,-0.0,1.28
2025-07-23 06:00:00-04:00,39.85,38.54,-0.0,1.31
2025-07-23 07:00:00-04:00,41.08,39.61,-0.0,1.47
2025-07-23 08:00:00-04:00,40.09,38.510000000000005,-0.0,1.58
2025-07-23 09:00:00-04:00,39.86,38.18,-0.0,1.68
2025-07-23 10:00:00-04:00,42.68,40.92,-0.0,1.76
2025-07-23 11:00:00-04:00,45.48,43.76,-0.03,1.75
2025-07-23 12:00:00-04:00,47.13,45.470000000000006,-0.07,1.73
2025-07-23 13:00:00-04:00,50.84,49.080000000000005,-0.15,1.91
2025-07-23 14:00:00-04:00,53.87,52.06999999999999,-0.23,2.03
2025-07-23 15:00:00-04:00,56.17,54.330000000000005,-0.28,2.12
2025-07-23 16:00:00-04:00,63.1,61.04,-0.44,2.5
2025-07-23 17:00:00-04:00,78.39,75.45,-0.0,2.94
2025-07-23 18:00:00-04:00,80.51,77.19000000000001,-0.0,3.32
2025-07-23 19:00:00-04:00,80.03,76.95,-0.0,3.08
2025-07-23 20:00:00-04:00,75.12,73.08,-0.0,2.04
2025-07-23 21:00:00-04:00,63.04,61.14,-0.0,1.9
2025-07-23 22:00:00-04:00,53.12,51.43,-0.0,1.69
2025-07-23 23:00:00-04:00,47.91,46.33,-0.0,1.58
2025-07-24 00:00:00-04:00,44.29,42.71,-0.0,1.58
2025-07-24 01:00:00-04:00,38.74,37.32,-0.0,1.42
2025-07-24 02:00:00-04:00,35.41,33.98,-0.0,1.43
2025-07-24 03:00:00-04:00,31.59,30.23,-0.0,1.36
2025-07-24 04:00:00-04:00,32.75,31.37,-0.0,1.38
2025-07-24 05:00:00-04:00,35.86,34.28,-0.0,1.58
2025-07-24 06:00:00-04:00,36.57,34.63,-0.0,1.94
2025-07-24 07:00:00-04:00,39.95,37.650000000000006,-0.0,2.3
2025-07-24 08:00:00-04:00,43.52,41.02,-0.0,2.5
2025-07-24 09:00:00-04:00,45.67,42.900000000000006,-0.02,2.79
2025-07-24 10:00:00-04:00,49.43,46.63,-0.0,2.8
2025-07-24 11:00:00-04:00,54.12,51.059999999999995,-0.0,3.06
2025-07-24 12:00:00-04:00,59.11,55.71,-0.0,3.4
2025-07-24 13:00:00-04:00,67.79,63.95,-0.0,3.84
2025-07-24 14:00:00-04:00,82.84,78.17,-0.26,4.93
2025-07-24 15:00:00-04:00,91.52,86.21,-0.47,5.78
2025-07-24 16:00:00-04:00,113.97,104.37,-0.0,9.6
2025-07-24 17:00:00-04:00,147.36,135.19000000000003,-0.0,12.17
2025-07-24 18:00:00-04:00,165.09,151.73000000000002,-0.0,13.36
2025-07-24 19:00:00-04:00,137.82,124.47,3.52,9.83
2025-07-24 20:00:00-04:00,109.66,97.19,5.77,6.7
2025-07-24 21:00:00-04:00,88.05,83.38,-0.0,4.67
2025-07-24 22:00:00-04:00,70.09,67.39,-0.0,2.7
2025-07-24 23:00:00-04:00,60.42,58.09,-0.0,2.33
2025-07-25 00:00:00-04:00,61.87,59.32,-0.0,2.55
2025-07-25 01:00:00-04:00,55.19,52.809999999999995,-0.0,2.38
2025-07-25 02:00:00-04:00,51.6,49.28,-0.0,2.32
2025-07-25 03:00:00-04:00,51.04,48.89,-0.0,2.15
2025-07-25 04:00:00-04:00,51.66,49.529999999999994,-0.0,2.13
2025-07-25 05:00:00-04:00,51.44,48.849999999999994,-0.0,2.59
2025-07-25 06:00:00-04:00,51.25,48.44,-0.0,2.81
2025-07-25 07:00:00-04:00,52.71,49.45,-0.0,3.26
2025-07-25 08:00:00-04:00,57.52,54.06,-0.0,3.46
2025-07-25 09:00:00-04:00,63.98,59.8,-0.0,4.18
2025-07-25 10:00:00-04:00,69.89,65.5,-0.0,4.39
2025-07-25 11:00:00-04:00,88.49,82.78,-0.0,5.71
2025-07-25 12:00:00-04:00,100.38,92.35,-0.0,8.03
2025-07-25 13:00:00-04:00,126.67,95.26,22.46,8.95
2025-07-25 14:00:00-04:00,130.33,101.57,19.01,9.75
2025-07-25 15:00:00-04:00,150.0,101.53,38.72,9.75
2025-07-25 16:00:00-04:00,180.7,113.15999999999998,56.33,11.21
2025-07-25 17:00:00-04:00,205.66,133.14999999999998,59.45,13.06
2025-07-25 18:00:00-04:00,229.29,145.87,69.55,13.87
2025-07-25 19:00:00-04:00,196.45,143.64999999999998,39.59,13.21
2025-07-25 20:00:00-04:00,149.65,114.72,24.95,9.98
2025-07-25 21:00:00-04:00,105.4,96.01,1.62,7.77
2025-07-25 22:00:00-04:00,86.47,81.42,-0.0,5.05
2025-07-25 23:00:00-04:00,69.18,65.26,-0.0,3.92
2025-07-26 00:00:00-04:00,58.74,55.79,-0.0,2.95
2025-07-26 01:00:00-04:00,50.77,47.940000000000005,-0.0,2.83
2025-07-26 02:00:00-04:00,44.64,42.15,-0.0,2.49
2025-07-26 03:00:00-04:00,42.97,40.69,-0.0,2.28
2025-07-26 04:00:00-04:00,42.73,40.47,-0.0,2.26
2025-07-26 05:00:00-04:00,42.2,40.0,-0.0,2.2
2025-07-26 06:00:00-04:00,45.13,42.7,-0.0,2.43
2025-07-26 07:00:00-04:00,41.21,38.99,-0.0,2.22
2025-07-26 08:00:00-04:00,44.64,42.51,-0.0,2.13
2025-07-26 09:00:00-04:00,49.41,47.099999999999994,-0.0,2.31
2025-07-26 10:00:00-04:00,51.09,48.75,-0.0,2.34
2025-07-26 11:00:00-04:00,54.91,52.489999999999995,-0.0,2.42
2025-07-26 12:00:00-04:00,57.54,54.9,-0.0,2.64
2025-07-26 13:00:00-04:00,60.06,57.42,-0.0,2.64
2025-07-26 14:00:00-04:00,64.27,61.49999999999999,-0.0,2.77
2025-07-26 15:00:00-04:00,67.14,64.25,-0.0,2.89
2025-07-26 16:00:00-04:00,80.12,76.09,-0.0,4.03
2025-07-26 17:00:00-04:00,87.84,82.95,-0.0,4.89
2025-07-26 18:00:00-04:00,92.01,87.46000000000001,-0.0,4.55
2025-07-26 19:00:00-04:00,84.33,80.62,-0.0,3.71
2025-07-26 20:00:00-04:00,79.87,76.79,-0.0,3.08
2025-07-26 21:00:00-04:00,69.78,67.68,-0.0,2.1
2025-07-26 22:00:00-04:00,59.05,57.11,-0.0,1.94
2025-07-26 23:00:00-04:00,55.91,53.76,-0.0,2.15
2025-07-27 00:00:00-04:00,46.13,43.93,-0.0,2.2
2025-07-27 01:00:00-04:00,40.93,38.91,-0.0,2.02
2025-07-27 02:00:00-04:00,38.35,36.49,-0.0,1.86
2025-07-27 03:00:00-04:00,36.48,34.779999999999994,-0.0,1.7
2025-07-27 04:00:00-04:00,36.2,34.510000000000005,-0.0,1.69
2025-07-27 05:00:00-04:00,35.27,33.59,-0.0,1.68
2025-07-27 06:00:00-04:00,35.91,34.13999999999999,-0.0,1.77
2025-07-27 07:00:00-04:00,36.49,34.99,-0.0,1.5
2025-07-27 08:00:00-04:00,39.44,37.7,-0.0,1.74
2025-07-27 09:00:00-04:00,44.21,42.68,-0.0,1.53
2025-07-27 10:00:00-04:00,47.55,46.08,-0.0,1.47
2025-07-27 11:00:00-04:00,49.59,48.1,-0.0,1.49
2025-07-27 12:00:00-04:00,51.52,49.98,-0.01,1.55
2025-07-27 13:00:00-04:00,54.36,52.879999999999995,-0.11,1.59
2025-07-27 14:00:00-04:00,58.22,56.81,0.05,1.36
2025-07-27 15:00:00-04:00,60.6,59.3,-0.06,1.36
2025-07-27 16:00:00-04:00,69.98,68.47000000000001,-0.2,1.71
2025-07-27 17:00:00-04:00,78.32,76.64999999999999,-0.63,2.3
2025-07-27 18:00:00-04:00,79.8,78.1,-0.8,2.5
2025-07-27 19:00:00-04:00,80.64,79.00999999999999,-0.82,2.45
2025-07-27 20:00:00-04:00,76.52,75.64999999999999,-0.72,1.59
2025-07-27 21:00:00-04:00,70.37,69.06,-0.0,1.31
2025-07-27 22:00:00-04:00,59.51,57.89,-0.0,1.62
2025-07-27 23:00:00-04:00,51.12,49.71,-0.03,1.44
2025-07-28 00:00:00-04:00,51.25,49.62,-0.0,1.63
2025-07-28 01:00:00-04:00,45.73,43.88999999999999,-0.0,1.84
2025-07-28 02:00:00-04:00,40.01,38.18,-0.0,1.83
2025-07-28 03:00:00-04:00,37.39,35.68,-0.0,1.71
2025-07-28 04:00:00-04:00,37.29,35.62,-0.0,1.67
2025-07-28 05:00:00-04:00,40.03,38.38,-0.0,1.65
2025-07-28 06:00:00-04:00,45.05,43.4,-0.0,1.65
2025-07-28 07:00:00-04:00,50.04,48.49,-0.0,1.55
2025-07-28 08:00:00-04:00,51.4,49.9,-0.0,1.5
2025-07-28 09:00:00-04:00,56.72,54.690000000000005,0.23,1.8
2025-07-28 10:00:00-04:00,63.61,61.44,0.2,1.97
2025-07-28 11:00:00-04:00,75.0,71.85000000000001,0.49,2.66
2025-07-28 12:00:00-04:00,84.17,79.35,0.54,4.28
2025-07-28 13:00:00-04:00,97.94,91.98,-0.11,6.07
2025-07-28 14:00:00-04:00,109.56,97.95,3.38,8.23
2025-07-28 15:00:00-04:00,142.6,121.85,10.27,10.48
2025-07-28 16:00:00-04:00,189.9,151.54999999999998,24.71,13.64
2025-07-28 17:00:00-04:00,252.27,224.82,7.9,19.55
2025-07-28 18:00:00-04:00,262.16,244.54,-3.64,21.26
2025-07-28 19:00:00-04:00,232.47,214.66,-0.0,17.81
2025-07-28 20:00:00-04:00,163.97,152.25,-0.0,11.72
2025-07-28 21:00:00-04:00,101.96,95.84,-0.2,6.32
2025-07-28 22:00:00-04:00,80.62,77.23,-0.0,3.39
2025-07-28 23:00:00-04:00,65.6,63.99999999999999,-0.0,1.6
2025-07-29 00:00:00-04:00,59.76,57.52,-0.0,2.24
2025-07-29 01:00:00-04:00,55.48,53.4,-0.0,2.08
2025-07-29 02:00:00-04:00,50.38,48.260000000000005,-0.0,2.12
2025-07-29 03:00:00-04:00,48.42,46.43,-0.0,1.99
2025-07-29 04:00:00-04:00,48.08,46.23,-0.0,1.85
2025-07-29 05:00:00-04:00,50.73,48.97,-0.0,1.76
2025-07-29 06:00:00-04:00,54.2,52.27,-0.0,1.93
2025-07-29 07:00:00-04:00,57.32,55.54,-0.0,1.78
2025-07-29 08:00:00-04:00,61.13,59.35,-0.0,1.78
2025-07-29 09:00:00-04:00,67.18,65.16000000000001,-0.0,2.02
2025-07-29 10:00:00-04:00,79.8,76.88,-0.0,2.92
2025-07-29 11:00:00-04:00,91.43,87.18,-0.02,4.27
2025-07-29 12:00:00-04:00,101.45,95.41,-0.26,6.3
2025-07-29 13:00:00-04:00,131.25,122.09,-0.37,9.53
2025-07-29 14:00:00-04:00,159.59,148.07999999999998,-1.07,12.58
2025-07-29 15:00:00-04:00,227.33,210.11,-1.47,18.69
2025-07-29 16:00:00-04:00,283.05,247.45,12.58,23.02
2025-07-29 17:00:00-04:00,343.71,307.52,7.59,28.6
2025-07-29 18:00:00-04:00,378.81,347.52,-0.0,31.29
2025-07-29 19:00:00-04:00,337.49,311.33,-0.0,26.16
2025-07-29 20:00:00-04:00,236.99,220.26,-0.0,16.73
2025-07-29 21:00:00-04:00,151.0,142.53,-0.79,9.26
2025-07-29 22:00:00-04:00,95.02,90.75,-0.0,4.27
2025-07-29 23:00:00-04:00,75.75,73.69,-0.0,2.06
2025-07-30 00:00:00-04:00,75.48,73.43,-0.0,2.05
2025-07-30 01:00:00-04:00,65.18,62.67000000000001,-0.0,2.51
2025-07-30 02:00:00-04:00,60.97,58.18,-0.0,2.79
2025-07-30 03:00:00-04:00,53.95,51.48,-0.0,2.47
2025-07-30 04:00:00-04:00,54.07,51.79,-0.0,2.28
2025-07-30 05:00:00-04:00,59.1,56.82,-0.0,2.28
2025-07-30 06:00:00-04:00,61.26,58.34,-0.0,2.92
2025-07-30 07:00:00-04:00,62.64,59.32,-0.0,3.32
2025-07-30 08:00:00-04:00,64.68,61.190000000000005,-0.0,3.49
2025-07-30 09:00:00-04:00,68.37,64.56,-0.0,3.81
2025-07-30 10:00:00-04:00,70.79,66.78,-0.0,4.01
2025-07-30 11:00:00-04:00,88.12,82.98,-0.01,5.15
2025-07-30 12:00:00-04:00,100.72,93.72,-0.31,7.31
2025-07-30 13:00:00-04:00,118.33,109.33,-0.84,9.84
2025-07-30 14:00:00-04:00,143.76,131.63,-0.11,12.24
2025-07-30 15:00:00-04:00,167.03,146.18,6.67,14.18
2025-07-30 16:00:00-04:00,219.62,185.06,16.24,18.32
2025-07-30 17:00:00-04:00,288.17,242.91000000000005,21.44,23.82
2025-07-30 18:00:00-04:00,322.22,280.84000000000003,13.84,27.54
2025-07-30 19:00:00-04:00,268.38,231.88,14.71,21.79
2025-07-30 20:00:00-04:00,190.0,159.28,16.23,14.49
2025-07-30 21:00:00-04:00,106.88,99.49,0.13,7.26
2025-07-30 22:00:00-04:00,85.87,81.63000000000001,-0.0,4.24
2025-07-30 23:00:00-04:00,71.86,69.17,-0.0,2.69
2025-07-31 00:00:00-04:00,66.37,63.760000000000005,-0.0,2.61
2025-07-31 01:00:00-04:00,57.01,54.3,-0.0,2.71
2025-07-31 02:00:00-04:00,49.24,46.63,-0.0,2.61
2025-07-31 03:00:00-04:00,48.16,45.65,-0.0,2.51
2025-07-31 04:00:00-04:00,46.87,44.47,-0.0,2.4
2025-07-31 05:00:00-04:00,50.59,48.18000000000001,-0.0,2.41
2025-07-31 06:00:00-04:00,55.27,52.940000000000005,-0.0,2.33
2025-07-31 07:00:00-04:00,57.39,55.18,-0.0,2.21
2025-07-31 08:00:00-04:00,58.35,55.78,-0.0,2.57
2025-07-31 09:00:00-04:00,58.99,56.34,-0.0,2.65
2025-07-31 10:00:00-04:00,58.58,56.059999999999995,-0.0,2.52
2025-07-31 11:00:00-04:00,61.71,58.94,-0.0,2.77
2025-07-31 12:00:00-04:00,65.06,62.02,-0.0,3.04
2025-07-31 13:00:00-04:00,69.19,66.08,-0.0,3.11
2025-07-31 14:00:00-04:00,71.16,67.77,-0.0,3.39
2025-07-31 15:00:00-04:00,74.37,70.5,-0.0,3.87
2025-07-31 16:00:00-04:00,76.13,72.3,-0.0,3.83
2025-07-31 17:00:00-04:00,77.22,73.82,-0.0,3.4
2025-07-31 18:00:00-04:00,71.67,68.91,-0.0,2.76
2025-07-31 19:00:00-04:00,66.1,63.67999999999999,-0.0,2.42
2025-07-31 20:00:00-04:00,60.33,58.01,-0.0,2.32
2025-07-31 21:00:00-04:00,58.38,56.24,-0.0,2.14
2025-07-31 22:00:00-04:00,55.75,53.76,-0.0,1.99
2025-07-31 23:00:00-04:00,51.87,49.919999999999995,-0.0,1.95
2025-08-01 00:00:00-04:00,44.51,42.15,-0.0,2.36
2025-08-01 01:00:00-04:00,39.88,37.73,-0.0,2.15
2025-08-01 02:00:00-04:00,36.18,34.36,-0.0,1.82
2025-08-01 03:00:00-04:00,32.52,30.860000000000003,-0.0,1.66
2025-08-01 04:00:00-04:00,32.77,31.120000000000005,-0.0,1.65
2025-08-01 05:00:00-04:00,34.46,32.7,-0.0,1.76
2025-08-01 06:00:00-04:00,39.52,37.53,-0.0,1.99
2025-08-01 07:00:00-04:00,42.83,40.79,-0.0,2.04
2025-08-01 08:00:00-04:00,44.65,42.48,-0.0,2.17
2025-08-01 09:00:00-04:00,42.56,40.46,-0.0,2.1
2025-08-01 10:00:00-04:00,40.54,38.57,-0.0,1.97
2025-08-01 11:00:00-04:00,40.41,38.559999999999995,-0.0,1.85
2025-08-01 12:00:00-04:00,40.97,39.06,-0.0,1.91
2025-08-01 13:00:00-04:00,42.84,40.92,-0.0,1.92
2025-08-01 14:00:00-04:00,43.37,41.54,-0.0,1.83
2025-08-01 15:00:00-04:00,46.21,44.22,-0.0,1.99
2025-08-01 16:00:00-04:00,49.06,46.81,-0.0,2.25
2025-08-01 17:00:00-04:00,52.17,50.16,-0.0,2.01
2025-08-01 18:00:00-04:00,58.39,56.14,-0.0,2.25
2025-08-01 19:00:00-04:00,58.2,56.120000000000005,-0.0,2.08
2025-08-01 20:00:00-04:00,54.77,52.66,-0.0,2.11
2025-08-01 21:00:00-04:00,47.85,46.01,-0.0,1.84
2025-08-01 22:00:00-04:00,41.47,39.95,-0.0,1.52
2025-08-01 23:00:00-04:00,37.87,36.48,-0.0,1.39
2025-08-02 00:00:00-04:00,40.6,38.96,-0.0,1.64
2025-08-02 01:00:00-04:00,36.54,35.1,-0.0,1.44
2025-08-02 02:00:00-04:00,32.53,31.4,-0.0,1.13
2025-08-02 03:00:00-04:00,30.27,29.25,-0.0,1.02
2025-08-02 04:00:00-04:00,30.63,29.619999999999997,-0.0,1.01
2025-08-02 05:00:00-04:00,30.8,29.79,-0.0,1.01
2025-08-02 06:00:00-04:00,33.04,31.83,-0.0,1.21
2025-08-02 07:00:00-04:00,33.52,32.2,-0.0,1.32
2025-08-02 08:00:00-04:00,31.45,30.21,-0.0,1.24
2025-08-02 09:00:00-04:00,31.02,29.77,-0.0,1.25
2025-08-02 10:00:00-04:00,30.0,28.76,-0.0,1.24
2025-08-02 11:00:00-04:00,31.04,29.73,-0.0,1.31
2025-08-02 12:00:00-04:00,32.45,30.930000000000003,-0.0,1.52
2025-08-02 13:00:00-04:00,34.49,32.910000000000004,-0.0,1.58
2025-08-02 14:00:00-04:00,36.61,34.97,-0.0,1.64
2025-08-02 15:00:00-04:00,39.48,37.669999999999995,-0.0,1.81
2025-08-02 16:00:00-04:00,46.68,44.5,-0.0,2.18
2025-08-02 17:00:00-04:00,56.04,53.73,-0.0,2.31
2025-08-02 18:00:00-04:00,62.7,60.17,-0.0,2.53
2025-08-02 19:00:00-04:00,60.78,58.33,-0.0,2.45
2025-08-02 20:00:00-04:00,55.19,52.76,-0.0,2.43
2025-08-02 21:00:00-04:00,47.89,45.74,-0.0,2.15
2025-08-02 22:00:00-04:00,43.61,41.57,-0.0,2.04
2025-08-02 23:00:00-04:00,38.54,36.88,-0.0,1.66
2025-08-03 00:00:00-04:00,36.43,35.03,-0.0,1.4
2025-08-03 01:00:00-04:00,31.28,29.880000000000003,-0.0,1.4
2025-08-03 02:00:00-04:00,28.63,27.42,-0.0,1.21
2025-08-03 03:00:00-04:00,26.64,25.57,-0.0,1.07
2025-08-03 04:00:00-04:00,26.32,25.21,-0.0,1.11
2025-08-03 05:00:00-04:00,26.79,25.71,-0.0,1.08
2025-08-03 06:00:00-04:00,27.05,25.81,-0.0,1.24
2025-08-03 07:00:00-04:00,27.45,26.24,-0.0,1.21
2025-08-03 08:00:00-04:00,27.34,26.36,-0.0,0.98
2025-08-03 09:00:00-04:00,27.35,26.37,-0.0,0.98
2025-08-03 10:00:00-04:00,29.02,27.96,-0.0,1.06
2025-08-03 11:00:00-04:00,31.19,29.91,-0.0,1.28
2025-08-03 12:00:00-04:00,32.16,30.739999999999995,-0.0,1.42
2025-08-03 13:00:00-04:00,35.54,34.01,-0.0,1.53
2025-08-03 14:00:00-04:00,38.81,37.07,-0.0,1.74
2025-08-03 15:00:00-04:00,43.83,41.94,-0.0,1.89
2025-08-03 16:00:00-04:00,52.16,50.15,-0.0,2.01
2025-08-03 17:00:00-04:00,65.43,63.220000000000006,-0.0,2.21
2025-08-03 18:00:00-04:00,76.65,74.34,-0.0,2.31
2025-08-03 19:00:00-04:00,78.72,76.73,-0.0,1.99
2025-08-03 20:00:00-04:00,70.67,68.75,-0.0,1.92
2025-08-03 21:00:00-04:00,58.55,57.07,-0.0,1.48
2025-08-03 22:00:00-04:00,51.08,49.79,-0.0,1.29
2025-08-03 23:00:00-04:00,44.79,43.66,-0.0,1.13
2025-08-04 00:00:00-04:00,38.74,37.25,-0.0,1.49
2025-08-04 01:00:00-04:00,34.99,33.74,-0.0,1.25
2025-08-04 02:00:00-04:00,31.93,30.79,-0.0,1.14
2025-08-04 03:00:00-04:00,29.56,28.5,-0.0,1.06
2025-08-04 04:00:00-04:00,29.8,28.85,-0.0,0.95
2025-08-04 05:00:00-04:00,33.83,32.85,-0.0,0.98
2025-08-04 06:00:00-04:00,37.25,36.24,-0.0,1.01
2025-08-04 07:00:00-04:00,40.05,38.62,-0.0,1.43
2025-08-04 08:00:00-04:00,38.64,37.15,-0.0,1.49
2025-08-04 09:00:00-04:00,38.07,36.47,-0.0,1.6
2025-08-04 10:00:00-04:00,42.33,40.47,-0.0,1.86
2025-08-04 11:00:00-04:00,47.0,44.89,0.22,1.89
2025-08-04 12:00:00-04:00,49.38,47.45,0.03,1.9
2025-08-04 13:00:00-04:00,53.17,51.18,-0.0,1.99
2025-08-04 14:00:00-04:00,54.61,52.66,-0.0,1.95
2025-08-04 15:00:00-04:00,58.45,56.42,-0.0,2.03
2025-08-04 16:00:00-04:00,71.44,68.56,-0.0,2.88
2025-08-04 17:00:00-04:00,83.57,79.58999999999999,-0.0,3.98
2025-08-04 18:00:00-04:00,84.74,81.00999999999999,-0.0,3.73
2025-08-04 19:00:00-04:00,82.95,79.53,-0.0,3.42
2025-08-04 20:00:00-04:00,77.27,74.86999999999999,-0.0,2.4
2025-08-04 21:00:00-04:00,63.35,61.99,-0.0,1.36
2025-08-04 22:00:00-04:00,56.01,54.75,-0.0,1.26
2025-08-04 23:00:00-04:00,48.63,47.68,-0.0,0.95
2025-08-05 00:00:00-04:00,45.49,44.510000000000005,-0.0,0.98
2025-08-05 01:00:00-04:00,40.22,39.36,-0.0,0.86
2025-08-05 02:00:00-04:00,35.84,34.970000000000006,-0.0,0.87
2025-08-05 03:00:00-04:00,34.74,33.96,-0.0,0.78
2025-08-05 04:00:00-04:00,33.0,32.23,-0.0,0.77
2025-08-05 05:00:00-04:00,34.44,33.239999999999995,-0.0,1.2
2025-08-05 06:00:00-04:00,39.33,38.08,-0.0,1.25
2025-08-05 07:00:00-04:00,43.56,42.09,-0.0,1.47
2025-08-05 08:00:00-04:00,44.58,43.03,-0.0,1.55
2025-08-05 09:00:00-04:00,44.53,42.98,-0.0,1.55
2025-08-05 10:00:00-04:00,45.27,43.870000000000005,-0.0,1.4
2025-08-05 11:00:00-04:00,47.85,46.28,0.05,1.52
2025-08-05 12:00:00-04:00,52.32,50.8,-0.15,1.67
2025-08-05 13:00:00-04:00,57.78,56.32,-0.29,1.75
2025-08-05 14:00:00-04:00,61.45,59.940000000000005,-0.35,1.86
2025-08-05 15:00:00-04:00,67.58,65.8,-0.46,2.24
2025-08-05 16:00:00-04:00,84.11,80.14,-0.04,4.01
2025-08-05 17:00:00-04:00,100.47,94.62,-0.39,6.24
2025-08-05 18:00:00-04:00,96.78,91.87,-0.32,5.23
2025-08-05 19:00:00-04:00,86.69,82.80999999999999,-0.1,3.98
2025-08-05 20:00:00-04:00,77.96,75.17999999999999,-0.0,2.78
2025-08-05 21:00:00-04:00,64.08,62.64,-0.0,1.44
2025-08-05 22:00:00-04:00,54.8,53.62,-0.0,1.18
2025-08-05 23:00:00-04:00,47.97,47.08,-0.0,0.89
2025-08-06 00:00:00-04:00,46.13,45.09,-0.04,1.08
2025-08-06 01:00:00-04:00,42.85,41.8,-0.0,1.05
2025-08-06 02:00:00-04:00,38.7,37.760000000000005,-0.0,0.94
2025-08-06 03:00:00-04:00,36.71,35.78,-0.0,0.93
2025-08-06 04:00:00-04:00,37.1,36.190000000000005,-0.0,0.91
2025-08-06 05:00:00-04:00,38.74,37.91,-0.0,0.83
2025-08-06 06:00:00-04:00,43.26,42.2,-0.0,1.06
2025-08-06 07:00:00-04:00,45.1,43.89000000000001,-0.02,1.23
2025-08-06 08:00:00-04:00,45.25,43.870000000000005,-0.02,1.4
2025-08-06 09:00:00-04:00,44.82,43.21,0.14,1.47
2025-08-06 10:00:00-04:00,44.54,42.93,0.32,1.29
2025-08-06 11:00:00-04:00,47.03,45.13,0.5,1.4
2025-08-06 12:00:00-04:00,49.94,48.07,0.57,1.3
2025-08-06 13:00:00-04:00,54.25,52.52,0.37,1.36
2025-08-06 14:00:00-04:00,58.0,56.370000000000005,0.22,1.41
2025-08-06 15:00:00-04:00,58.91,57.37,0.05,1.49
2025-08-06 16:00:00-04:00,71.48,69.60000000000001,-0.0,1.88
2025-08-06 17:00:00-04:00,78.75,76.96000000000001,-0.67,2.46
2025-08-06 18:00:00-04:00,76.71,75.4,-0.65,1.96
2025-08-06 19:00:00-04:00,73.51,71.93,-0.0,1.58
2025-08-06 20:00:00-04:00,66.1,64.86999999999999,-0.0,1.23
2025-08-06 21:00:00-04:00,58.11,57.25,-0.0,0.86
2025-08-06 22:00:00-04:00,49.1,48.35,-0.07,0.82
2025-08-06 23:00:00-04:00,44.93,44.22,-0.0,0.71
2025-08-07 00:00:00-04:00,46.49,45.49,-0.0,1.0
2025-08-07 01:00:00-04:00,42.1,41.15,-0.0,0.95
2025-08-07 02:00:00-04:00,38.6,37.73,-0.0,0.87
2025-08-07 03:00:00-04:00,37.36,36.49,-0.0,0.87
2025-08-07 04:00:00-04:00,36.7,35.910000000000004,-0.0,0.79
2025-08-07 05:00:00-04:00,39.39,38.5,-0.0,0.89
2025-08-07 06:00:00-04:00,43.71,42.69,-0.0,1.02
2025-08-07 07:00:00-04:00,45.87,44.8,-0.0,1.07
2025-08-07 08:00:00-04:00,46.43,45.08,-0.0,1.35
2025-08-07 09:00:00-04:00,45.03,43.63,-0.0,1.4
2025-08-07 10:00:00-04:00,44.63,43.46,-0.0,1.17
2025-08-07 11:00:00-04:00,47.39,45.98,0.12,1.29
2025-08-07 12:00:00-04:00,49.11,47.52,0.21,1.38
2025-08-07 13:00:00-04:00,53.78,51.98,0.35,1.45
2025-08-07 14:00:00-04:00,55.69,53.84,0.29,1.56
2025-08-07 15:00:00-04:00,60.29,58.47,0.36,1.46
2025-08-07 16:00:00-04:00,67.2,65.38000000000001,0.05,1.77
2025-08-07 17:00:00-04:00,79.03,76.73,-0.0,2.3
2025-08-07 18:00:00-04:00,78.34,76.66,-0.0,1.68
2025-08-07 19:00:00-04:00,77.95,76.57000000000001,-0.0,1.38
2025-08-07 20:00:00-04:00,72.64,71.35,-0.0,1.29
2025-08-07 21:00:00-04:00,61.39,60.78,-0.0,0.61
2025-08-07 22:00:00-04:00,53.73,52.73,-0.0,1.0
2025-08-07 23:00:00-04:00,47.74,46.760000000000005,-0.0,0.98
2025-08-08 00:00:00-04:00,47.21,46.15,-0.0,1.06
2025-08-08 01:00:00-04:00,43.27,42.18,-0.0,1.09
2025-08-08 02:00:00-04:00,37.43,36.37,-0.0,1.06
2025-08-08 03:00:00-04:00,35.41,34.48,-0.0,0.93
2025-08-08 04:00:00-04:00,35.39,34.46,-0.0,0.93
2025-08-08 05:00:00-04:00,37.41,36.43,-0.0,0.98
2025-08-08 06:00:00-04:00,43.41,42.23,-0.0,1.18
2025-08-08 07:00:00-04:00,45.02,43.84,-0.0,1.18
2025-08-08 08:00:00-04:00,43.28,41.98,-0.0,1.3
2025-08-08 09:00:00-04:00,40.81,39.54,-0.0,1.27
2025-08-08 10:00:00-04:00,40.65,39.5,-0.0,1.15
2025-08-08 11:00:00-04:00,42.65,41.65,-0.0,1.0
2025-08-08 12:00:00-04:00,45.0,43.92,0.11,0.97
2025-08-08 13:00:00-04:00,48.7,47.48,0.18,1.04
2025-08-08 14:00:00-04:00,52.26,50.96,0.08,1.22
2025-08-08 15:00:00-04:00,55.87,54.72,-0.0,1.15
2025-08-08 16:00:00-04:00,63.16,62.04,-0.0,1.12
2025-08-08 17:00:00-04:00,73.0,71.29,-0.0,1.71
2025-08-08 18:00:00-04:00,76.85,75.49,-0.0,1.36
2025-08-08 19:00:00-04:00,77.39,76.17,-0.0,1.22
2025-08-08 20:00:00-04:00,68.96,68.00999999999999,-0.0,0.95
2025-08-08 21:00:00-04:00,59.29,58.82,-0.0,0.47
2025-08-08 22:00:00-04:00,51.64,50.83,-0.0,0.81
2025-08-08 23:00:00-04:00,44.88,44.260000000000005,-0.0,0.62
2025-08-09 00:00:00-04:00,41.18,40.22,-0.0,0.96
2025-08-09 01:00:00-04:00,36.4,35.44,-0.0,0.96
2025-08-09 02:00:00-04:00,34.07,33.24,-0.0,0.83
2025-08-09 03:00:00-04:00,31.75,30.95,-0.0,0.8
2025-08-09 04:00:00-04:00,32.66,31.859999999999996,-0.0,0.8
2025-08-09 05:00:00-04:00,33.13,32.29,-0.0,0.84
2025-08-09 06:00:00-04:00,32.97,32.04,-0.0,0.93
2025-08-09 07:00:00-04:00,33.11,32.24,-0.0,0.87
2025-08-09 08:00:00-04:00,31.18,30.39,-0.0,0.79
2025-08-09 09:00:00-04:00,30.97,30.16,-0.0,0.81
2025-08-09 10:00:00-04:00,33.8,32.849999999999994,-0.0,0.95
2025-08-09 11:00:00-04:00,38.08,36.93,0.19,0.96
2025-08-09 12:00:00-04:00,41.36,39.96,0.36,1.04
2025-08-09 13:00:00-04:00,44.72,43.24999999999999,0.52,0.95
2025-08-09 14:00:00-04:00,47.04,45.5,0.54,1.0
2025-08-09 15:00:00-04:00,49.32,48.04,0.27,1.01
2025-08-09 16:00:00-04:00,56.72,55.83,-0.23,1.12
2025-08-09 17:00:00-04:00,65.66,64.8,-0.44,1.3
2025-08-09 18:00:00-04:00,73.43,72.13000000000001,-0.0,1.3
2025-08-09 19:00:00-04:00,74.28,72.75,-0.0,1.53
2025-08-09 20:00:00-04:00,65.93,64.95,-0.0,0.98
2025-08-09 21:00:00-04:00,57.59,56.8,-0.0,0.79
2025-08-09 22:00:00-04:00,49.46,48.66,-0.08,0.88
2025-08-09 23:00:00-04:00,45.04,44.24,-0.0,0.8
2025-08-10 00:00:00-04:00,41.94,40.8,-0.0,1.14
2025-08-10 01:00:00-04:00,38.63,37.690000000000005,-0.0,0.94
2025-08-10 02:00:00-04:00,35.31,34.38,-0.0,0.93
2025-08-10 03:00:00-04:00,34.3,33.37,-0.0,0.93
2025-08-10 04:00:00-04:00,33.71,32.82,-0.0,0.89
2025-08-10 05:00:00-04:00,34.0,33.04,-0.0,0.96
2025-08-10 06:00:00-04:00,33.41,32.47,-0.0,0.94
2025-08-10 07:00:00-04:00,32.72,31.77,-0.0,0.95
2025-08-10 08:00:00-04:00,32.64,31.72,-0.0,0.92
2025-08-10 09:00:00-04:00,33.8,32.779999999999994,-0.0,1.02
2025-08-10 10:00:00-04:00,36.81,35.7,-0.0,1.11
2025-08-10 11:00:00-04:00,42.99,41.620000000000005,-0.0,1.37
2025-08-10 12:00:00-04:00,48.93,47.6,-0.0,1.33
2025-08-10 13:00:00-04:00,53.13,51.54,-0.01,1.6
2025-08-10 14:00:00-04:00,56.88,56.05,-0.12,0.95
2025-08-10 15:00:00-04:00,59.73,58.76,-0.2,1.17
2025-08-10 16:00:00-04:00,70.05,68.94,-0.48,1.59
2025-08-10 17:00:00-04:00,88.32,86.00999999999999,-0.1,2.41
2025-08-10 18:00:00-04:00,98.33,96.03,-0.38,2.68
2025-08-10 19:00:00-04:00,97.2,95.08,-0.35,2.47
2025-08-10 20:00:00-04:00,90.85,88.81,-0.18,2.22
2025-08-10 21:00:00-04:00,69.55,68.72,-0.0,0.83
2025-08-10 22:00:00-04:00,59.73,58.73,-0.0,1.0
2025-08-10 23:00:00-04:00,50.06,48.98,-0.0,1.08
2025-08-11 00:00:00-04:00,50.98,49.739999999999995,-0.0,1.24
2025-08-11 01:00:00-04:00,44.28,43.2,-0.0,1.08
2025-08-11 02:00:00-04:00,40.94,39.9,-0.0,1.04
2025-08-11 03:00:00-04:00,37.06,36.120000000000005,-0.0,0.94
2025-08-11 04:00:00-04:00,36.95,35.980000000000004,-0.0,0.97
2025-08-11 05:00:00-04:00,40.31,39.21,-0.0,1.1
2025-08-11 06:00:00-04:00,45.16,43.849999999999994,-0.0,1.31
2025-08-11 07:00:00-04:00,48.63,47.21,-0.0,1.42
2025-08-11 08:00:00-04:00,50.29,48.64,-0.0,1.65
2025-08-11 09:00:00-04:00,52.57,50.99,-0.0,1.58
2025-08-11 10:00:00-04:00,56.78,55.24,-0.0,1.54
2025-08-11 11:00:00-04:00,65.28,63.81,-0.0,1.47
2025-08-11 12:00:00-04:00,73.81,72.22,-0.0,1.59
2025-08-11 13:00:00-04:00,98.96,96.29,-0.12,2.79
2025-08-11 14:00:00-04:00,107.64,104.44,-0.35,3.55
2025-08-11 15:00:00-04:00,115.3,110.75,-0.55,5.1
2025-08-11 16:00:00-04:00,143.48,135.92,-0.59,8.15
2025-08-11 17:00:00-04:00,181.57,163.95999999999998,6.62,10.99
2025-08-11 18:00:00-04:00,191.0,157.91,24.09,9.0
2025-08-11 19:00:00-04:00,161.31,128.1,26.55,6.66
2025-08-11 20:00:00-04:00,147.08,126.13000000000002,16.16,4.79
2025-08-11 21:00:00-04:00,108.58,98.41,7.71,2.46
2025-08-11 22:00:00-04:00,76.88,75.67,-0.0,1.21
2025-08-11 23:00:00-04:00,65.03,63.94,-0.0,1.09
2025-08-12 00:00:00-04:00,61.67,60.82,-0.0,0.85
2025-08-12 01:00:00-04:00,55.26,54.34,-0.0,0.92
2025-08-12 02:00:00-04:00,50.1,49.07,-0.0,1.03
2025-08-12 03:00:00-04:00,46.77,45.900000000000006,-0.0,0.87
2025-08-12 04:00:00-04:00,47.37,46.529999999999994,-0.0,0.84
2025-08-12 05:00:00-04:00,49.88,48.900000000000006,-0.0,0.98
2025-08-12 06:00:00-04:00,54.69,53.46,-0.0,1.23
2025-08-12 07:00:00-04:00,57.53,56.29,-0.0,1.24
2025-08-12 08:00:00-04:00,61.74,60.35,-0.0,1.39
2025-08-12 09:00:00-04:00,65.58,64.28999999999999,-0.0,1.29
2025-08-12 10:00:00-04:00,72.98,71.83,-0.0,1.15
2025-08-12 11:00:00-04:00,82.81,81.51,-0.0,1.3
2025-08-12 12:00:00-04:00,96.79,94.61,-0.0,2.18
2025-08-12 13:00:00-04:00,112.17,108.06,-0.0,4.11
2025-08-12 14:00:00-04:00,128.84,122.48,-0.0,6.36
2025-08-12 15:00:00-04:00,141.21,132.96,-0.0,8.25
2025-08-12 16:00:00-04:00,192.67,180.4,-0.0,12.27
2025-08-12 17:00:00-04:00,253.34,230.03,9.04,14.27
2025-08-12 18:00:00-04:00,248.26,207.42,29.65,11.19
2025-08-12 19:00:00-04:00,202.38,158.2,36.27,7.91
2025-08-12 20:00:00-04:00,174.08,136.85000000000002,31.07,6.16
2025-08-12 21:00:00-04:00,133.08,112.24,16.35,4.49
2025-08-12 22:00:00-04:00,101.94,95.52,3.94,2.48
2025-08-12 23:00:00-04:00,80.48,79.68,-0.0,0.8
2025-08-13 00:00:00-04:00,63.89,62.52,-0.0,1.37
2025-08-13 01:00:00-04:00,54.68,53.19,-0.0,1.49
2025-08-13 02:00:00-04:00,50.33,48.91,-0.0,1.42
2025-08-13 03:00:00-04:00,50.26,48.8,-0.0,1.46
2025-08-13 04:00:00-04:00,50.18,48.77,-0.0,1.41
2025-08-13 05:00:00-04:00,51.21,49.72,-0.0,1.49
2025-08-13 06:00:00-04:00,57.37,55.75,-0.0,1.62
2025-08-13 07:00:00-04:00,60.96,59.42,-0.0,1.54
2025-08-13 08:00:00-04:00,63.5,62.07,-0.0,1.43
2025-08-13 09:00:00-04:00,66.84,64.89,-0.0,1.95
2025-08-13 10:00:00-04:00,75.21,72.03999999999999,-0.0,3.17
2025-08-13 11:00:00-04:00,81.09,76.35000000000001,-0.0,4.74
2025-08-13 12:00:00-04:00,88.01,82.25,-0.0,5.76
2025-08-13 13:00:00-04:00,99.21,92.46,-0.0,6.75
2025-08-13 14:00:00-04:00,107.57,99.7,-0.0,7.87
2025-08-13 15:00:00-04:00,119.97,110.78,-0.0,9.19
2025-08-13 16:00:00-04:00,147.09,134.82,-0.0,12.27
2025-08-13 17:00:00-04:00,178.18,163.32,-0.0,14.86
2025-08-13 18:00:00-04:00,165.78,152.65,-0.0,13.13
2025-08-13 19:00:00-04:00,123.88,114.81,-0.0,9.07
2025-08-13 20:00:00-04:00,97.82,91.59,-0.0,6.23
2025-08-13 21:00:00-04:00,88.08,83.49,-0.0,4.59
2025-08-13 22:00:00-04:00,72.8,70.07,-0.0,2.73
2025-08-13 23:00:00-04:00,63.85,62.36,-0.0,1.49
2025-08-14 00:00:00-04:00,57.37,55.54,-0.0,1.83
2025-08-14 01:00:00-04:00,52.55,50.87,-0.0,1.68
2025-08-14 02:00:00-04:00,48.22,46.68,-0.0,1.54
2025-08-14 03:00:00-04:00,44.47,43.05,-0.0,1.42
2025-08-14 04:00:00-04:00,44.15,42.78,-0.0,1.37
2025-08-14 05:00:00-04:00,47.66,46.09,-0.0,1.57
2025-08-14 06:00:00-04:00,54.01,52.23,-0.0,1.78
2025-08-14 07:00:00-04:00,55.27,53.56,-0.0,1.71
2025-08-14 08:00:00-04:00,56.01,54.07,-0.0,1.94
2025-08-14 09:00:00-04:00,58.67,56.8,-0.0,1.87
2025-08-14 10:00:00-04:00,57.95,56.040000000000006,-0.0,1.91
2025-08-14 11:00:00-04:00,63.89,61.55,-0.0,2.34
2025-08-14 12:00:00-04:00,70.94,67.88,-0.0,3.06
2025-08-14 13:00:00-04:00,76.35,72.03,-0.0,4.32
2025-08-14 14:00:00-04:00,77.8,72.31,-0.0,5.49
2025-08-14 15:00:00-04:00,81.55,75.50999999999999,-0.0,6.04
2025-08-14 16:00:00-04:00,89.44,82.44,-0.0,7.0
2025-08-14 17:00:00-04:00,100.35,92.57,-0.0,7.78
2025-08-14 18:00:00-04:00,94.99,88.69,-0.0,6.3
2025-08-14 19:00:00-04:00,82.04,76.96000000000001,-0.0,5.08
2025-08-14 20:00:00-04:00,76.18,72.55000000000001,-0.0,3.63
2025-08-14 21:00:00-04:00,66.99,64.53999999999999,-0.0,2.45
2025-08-14 22:00:00-04:00,59.77,57.86000000000001,-0.0,1.91
2025-08-14 23:00:00-04:00,52.21,50.49,-0.0,1.72
2025-08-15 00:00:00-04:00,48.15,46.57,-0.0,1.58
2025-08-15 01:00:00-04:00,44.71,43.36,-0.0,1.35
2025-08-15 02:00:00-04:00,40.34,39.17,-0.0,1.17
2025-08-15 03:00:00-04:00,36.54,35.41,-0.0,1.13
2025-08-15 04:00:00-04:00,36.64,35.54,-0.0,1.1
2025-08-15 05:00:00-04:00,39.23,38.05,-0.0,1.18
2025-08-15 06:00:00-04:00,43.77,42.370000000000005,-0.0,1.4
2025-08-15 07:00:00-04:00,46.21,44.74,-0.0,1.47
2025-08-15 08:00:00-04:00,47.0,45.15,-0.0,1.85
2025-08-15 09:00:00-04:00,47.22,45.27,-0.0,1.95
2025-08-15 10:00:00-04:00,47.63,45.470000000000006,0.16,2.0
2025-08-15 11:00:00-04:00,53.66,51.33,0.33,2.0
2025-08-15 12:00:00-04:00,54.39,52.080000000000005,0.33,1.98
2025-08-15 13:00:00-04:00,62.58,59.91,0.57,2.1
2025-08-15 14:00:00-04:00,65.99,63.05,0.79,2.15
2025-08-15 15:00:00-04:00,69.71,66.08999999999999,0.97,2.65
2025-08-15 16:00:00-04:00,79.11,75.35000000000001,0.07,3.69
2025-08-15 17:00:00-04:00,82.7,77.94,-0.0,4.76
2025-08-15 18:00:00-04:00,80.41,76.08,-0.0,4.33
2025-08-15 19:00:00-04:00,75.91,72.99,-0.0,2.92
2025-08-15 20:00:00-04:00,68.94,67.46,-0.0,1.48
2025-08-15 21:00:00-04:00,60.68,59.84,-0.0,0.84
2025-08-15 22:00:00-04:00,53.46,52.57,-0.0,0.89
2025-08-15 23:00:00-04:00,49.12,48.25,-0.0,0.87
2025-08-16 00:00:00-04:00,44.0,42.790000000000006,0.05,1.16
2025-08-16 01:00:00-04:00,40.11,39.21,-0.0,0.9
2025-08-16 02:00:00-04:00,37.23,36.32,-0.0,0.91
2025-08-16 03:00:00-04:00,34.0,33.11,-0.0,0.89
2025-08-16 04:00:00-04:00,33.2,32.230000000000004,-0.0,0.97
2025-08-16 05:00:00-04:00,34.56,33.59,-0.0,0.97
2025-08-16 06:00:00-04:00,35.43,34.33,-0.0,1.1
2025-08-16 07:00:00-04:00,34.57,33.47,-0.0,1.1
2025-08-16 08:00:00-04:00,34.42,33.13,-0.0,1.29
2025-08-16 09:00:00-04:00,38.75,36.86,0.53,1.36
2025-08-16 10:00:00-04:00,41.88,39.84,0.65,1.39
2025-08-16 11:00:00-04:00,46.09,43.940000000000005,0.87,1.28
2025-08-16 12:00:00-04:00,49.16,46.73,1.03,1.4
2025-08-16 13:00:00-04:00,53.99,51.53,1.12,1.34
2025-08-16 14:00:00-04:00,57.66,54.739999999999995,1.39,1.53
2025-08-16 15:00:00-04:00,65.9,62.69000000000001,1.64,1.57
2025-08-16 16:00:00-04:00,74.69,71.68,1.07,1.94
2025-08-16 17:00:00-04:00,82.23,80.16,0.06,2.01
2025-08-16 18:00:00-04:00,81.76,80.39,-0.0,1.37
2025-08-16 19:00:00-04:00,75.13,74.17,-0.0,0.96
2025-08-16 20:00:00-04:00,67.36,66.76,-0.0,0.6
2025-08-16 21:00:00-04:00,60.81,60.09,-0.0,0.72
2025-08-16 22:00:00-04:00,54.43,53.84,-0.0,0.59
2025-08-16 23:00:00-04:00,48.17,47.46,-0.0,0.71
2025-08-17 00:00:00-04:00,46.17,44.96,-0.0,1.21
2025-08-17 01:00:00-04:00,41.73,40.47,-0.0,1.26
2025-08-17 02:00:00-04:00,36.9,35.72,-0.0,1.18
2025-08-17 03:00:00-04:00,33.89,32.74,-0.0,1.15
2025-08-17 04:00:00-04:00,32.62,31.549999999999997,-0.0,1.07
2025-08-17 05:00:00-04:00,34.76,33.65,-0.0,1.11
2025-08-17 06:00:00-04:00,34.87,33.79,-0.0,1.08
2025-08-17 07:00:00-04:00,35.16,34.0,-0.0,1.16
2025-08-17 08:00:00-04:00,35.74,34.36,-0.0,1.38
2025-08-17 09:00:00-04:00,38.45,36.940000000000005,-0.0,1.51
2025-08-17 10:00:00-04:00,43.24,41.26,0.17,1.81
2025-08-17 11:00:00-04:00,48.31,45.97,0.27,2.07
2025-08-17 12:00:00-04:00,52.95,50.13,0.46,2.36
2025-08-17 13:00:00-04:00,57.75,54.73,0.34,2.68
2025-08-17 14:00:00-04:00,62.17,58.74,0.38,3.05
2025-08-17 15:00:00-04:00,68.71,65.44,-0.0,3.27
2025-08-17 16:00:00-04:00,87.73,82.78000000000002,0.07,4.88
2025-08-17 17:00:00-04:00,103.47,97.18,-0.12,6.41
2025-08-17 18:00:00-04:00,106.98,101.12,-0.21,6.07
2025-08-17 19:00:00-04:00,94.65,89.72,-0.0,4.93
2025-08-17 20:00:00-04:00,75.8,72.75,-0.0,3.05
2025-08-17 21:00:00-04:00,65.34,62.650000000000006,-0.0,2.69
2025-08-17 22:00:00-04:00,55.42,53.190000000000005,-0.0,2.23
2025-08-17 23:00:00-04:00,48.72,46.76,-0.0,1.96
2025-08-18 00:00:00-04:00,42.4,40.5,-0.0,1.9
2025-08-18 01:00:00-04:00,38.49,36.73,-0.0,1.76
2025-08-18 02:00:00-04:00,35.23,33.55,-0.0,1.68
2025-08-18 03:00:00-04:00,32.38,30.9,-0.0,1.48
2025-08-18 04:00:00-04:00,32.43,31.06,-0.0,1.37
2025-08-18 05:00:00-04:00,36.0,34.71,-0.0,1.29
2025-08-18 06:00:00-04:00,40.36,38.88,-0.0,1.48
2025-08-18 07:00:00-04:00,43.44,41.69,-0.0,1.75
2025-08-18 08:00:00-04:00,42.61,40.51,0.03,2.07
2025-08-18 09:00:00-04:00,40.0,37.45,0.64,1.91
2025-08-18 10:00:00-04:00,38.73,36.31999999999999,0.59,1.82
2025-08-18 11:00:00-04:00,39.25,36.849999999999994,0.63,1.77
2025-08-18 12:00:00-04:00,43.07,40.37,0.84,1.86
2025-08-18 13:00:00-04:00,44.79,42.0,0.94,1.85
2025-08-18 14:00:00-04:00,47.68,44.73,1.07,1.88
2025-08-18 15:00:00-04:00,50.66,47.57,1.18,1.91
2025-08-18 16:00:00-04:00,57.9,54.34,1.28,2.28
2025-08-18 17:00:00-04:00,66.1,63.37,0.51,2.22
2025-08-18 18:00:00-04:00,66.76,64.75,-0.0,2.01
2025-08-18 19:00:00-04:00,59.77,57.7,0.17,1.9
2025-08-18 20:00:00-04:00,51.15,49.47,-0.0,1.68
2025-08-18 21:00:00-04:00,46.39,44.82,-0.0,1.57
2025-08-18 22:00:00-04:00,43.73,42.34,-0.0,1.39
2025-08-18 23:00:00-04:00,39.5,38.28,-0.0,1.22
2025-08-19 00:00:00-04:00,34.95,34.0,-0.0,0.95
2025-08-19 01:00:00-04:00,30.49,29.69,-0.0,0.8
2025-08-19 02:00:00-04:00,29.38,28.64,-0.0,0.74
2025-08-19 03:00:00-04:00,28.27,27.58,-0.0,0.69
2025-08-19 04:00:00-04:00,28.42,27.700000000000003,-0.0,0.72
2025-08-19 05:00:00-04:00,29.24,28.56,-0.0,0.68
2025-08-19 06:00:00-04:00,34.1,33.11,-0.0,0.99
2025-08-19 07:00:00-04:00,36.22,35.03,-0.0,1.19
2025-08-19 08:00:00-04:00,34.21,33.050000000000004,-0.0,1.16
2025-08-19 09:00:00-04:00,32.72,31.369999999999997,0.25,1.1
2025-08-19 10:00:00-04:00,33.19,31.83,0.22,1.14
2025-08-19 11:00:00-04:00,35.08,33.62,0.35,1.11
2025-08-19 12:00:00-04:00,37.91,36.07,0.58,1.26
2025-08-19 13:00:00-04:00,40.9,38.83,0.83,1.24
2025-08-19 14:00:00-04:00,44.53,42.36,0.9,1.27
2025-08-19 15:00:00-04:00,46.57,44.33,1.0,1.24
2025-08-19 16:00:00-04:00,51.26,48.739999999999995,1.2,1.32
2025-08-19 17:00:00-04:00,54.34,52.59,0.22,1.53
2025-08-19 18:00:00-04:00,59.24,57.57,-0.0,1.67
2025-08-19 19:00:00-04:00,58.6,57.17,-0.0,1.43
2025-08-19 20:00:00-04:00,54.68,53.19,-0.0,1.49
2025-08-19 21:00:00-04:00,47.33,45.85,0.29,1.19
2025-08-19 22:00:00-04:00,41.5,39.88,0.58,1.04
2025-08-19 23:00:00-04:00,36.04,35.11,0.05,0.88
2025-08-20 00:00:00-04:00,33.52,32.480000000000004,-0.0,1.04
2025-08-20 01:00:00-04:00,30.05,29.2,-0.0,0.85
2025-08-20 02:00:00-04:00,29.03,28.24,-0.0,0.79
2025-08-20 03:00:00-04:00,28.18,27.44,-0.0,0.74
2025-08-20 04:00:00-04:00,28.56,27.81,-0.0,0.75
2025-08-20 05:00:00-04:00,30.02,29.23,-0.0,0.79
2025-08-20 06:00:00-04:00,36.68,35.51,-0.0,1.17
2025-08-20 07:00:00-04:00,41.39,40.19,-0.0,1.2
2025-08-20 08:00:00-04:00,41.28,39.78,0.07,1.43
2025-08-20 09:00:00-04:00,42.42,40.86,0.25,1.31
2025-08-20 10:00:00-04:00,41.3,39.8,0.35,1.15
2025-08-20 11:00:00-04:00,43.5,41.7,0.67,1.13
2025-08-20 12:00:00-04:00,43.82,41.96,0.64,1.22
2025-08-20 13:00:00-04:00,50.95,48.57,1.17,1.21
2025-08-20 14:00:00-04:00,51.94,49.58,1.17,1.19
2025-08-20 15:00:00-04:00,52.99,50.85,0.92,1.22
2025-08-20 16:00:00-04:00,56.63,54.290000000000006,0.76,1.58
2025-08-20 17:00:00-04:00,61.34,58.940000000000005,0.57,1.83
2025-08-20 18:00:00-04:00,61.44,59.35,0.37,1.72
2025-08-20 19:00:00-04:00,58.75,57.0,0.21,1.54
2025-08-20 20:00:00-04:00,54.01,52.75,-0.0,1.26
2025-08-20 21:00:00-04:00,50.76,49.82,-0.0,0.94
2025-08-20 22:00:00-04:00,42.16,41.15,0.11,0.9
2025-08-20 23:00:00-04:00,37.81,36.73,0.27,0.81
2025-08-21 00:00:00-04:00,33.81,32.92,-0.0,0.89
2025-08-21 01:00:00-04:00,31.09,30.45,-0.0,0.64
2025-08-21 02:00:00-04:00,28.63,28.01,-0.0,0.62
2025-08-21 03:00:00-04:00,27.29,26.76,-0.0,0.53
2025-08-21 04:00:00-04:00,27.11,26.53,-0.0,0.58
2025-08-21 05:00:00-04:00,30.11,29.43,-0.0,0.68
2025-08-21 06:00:00-04:00,36.59,35.56,-0.0,1.03
2025-08-21 07:00:00-04:00,39.09,37.77,-0.0,1.32
2025-08-21 08:00:00-04:00,40.03,38.64,-0.0,1.39
2025-08-21 09:00:00-04:00,37.14,35.86,0.1,1.18
2025-08-21 10:00:00-04:00,37.81,36.47,0.14,1.2
2025-08-21 11:00:00-04:00,38.42,36.77,0.47,1.18
2025-08-21 12:00:00-04:00,39.42,37.53,0.58,1.31
2025-08-21 13:00:00-04:00,41.27,39.59,0.33,1.35
2025-08-21 14:00:00-04:00,41.49,39.76,0.38,1.35
2025-08-21 15:00:00-04:00,42.05,40.459999999999994,0.17,1.42
2025-08-21 16:00:00-04:00,43.45,41.78,-0.0,1.67
2025-08-21 17:00:00-04:00,48.81,47.02,-0.0,1.79
2025-08-21 18:00:00-04:00,52.89,51.2,-0.0,1.69
2025-08-21 19:00:00-04:00,51.85,50.34,-0.0,1.51
2025-08-21 20:00:00-04:00,50.45,49.03,-0.0,1.42
2025-08-21 21:00:00-04:00,44.32,43.2,-0.0,1.12
2025-08-21 22:00:00-04:00,38.03,37.14,-0.0,0.89
2025-08-21 23:00:00-04:00,34.22,33.55,-0.0,0.67
2025-08-22 00:00:00-04:00,32.32,31.65,-0.0,0.67
2025-08-22 01:00:00-04:00,29.57,28.99,-0.0,0.58
2025-08-22 02:00:00-04:00,27.15,26.54,-0.0,0.61
2025-08-22 03:00:00-04:00,25.96,25.380000000000003,-0.0,0.58
2025-08-22 04:00:00-04:00,26.51,25.96,-0.0,0.55
2025-08-22 05:00:00-04:00,28.87,28.25,-0.0,0.62
2025-08-22 06:00:00-04:00,33.75,32.9,-0.0,0.85
2025-08-22 07:00:00-04:00,36.82,35.68,-0.0,1.14
2025-08-22 08:00:00-04:00,31.39,30.33,-0.0,1.06
2025-08-22 09:00:00-04:00,27.9,26.83,-0.0,1.07
2025-08-22 10:00:00-04:00,28.99,27.62,0.13,1.24
2025-08-22 11:00:00-04:00,31.05,29.56,0.25,1.24
2025-08-22 12:00:00-04:00,33.05,31.19,0.36,1.5
2025-08-22 13:00:00-04:00,36.33,34.26,0.56,1.51
2025-08-22 14:00:00-04:00,39.01,36.92,0.65,1.44
2025-08-22 15:00:00-04:00,41.97,39.7,0.76,1.51
2025-08-22 16:00:00-04:00,47.37,45.02,0.6,1.75
2025-08-22 17:00:00-04:00,61.19,58.56999999999999,0.45,2.17
2025-08-22 18:00:00-04:00,68.56,66.07,0.31,2.18
2025-08-22 19:00:00-04:00,65.14,63.3,-0.0,1.84
2025-08-22 20:00:00-04:00,54.28,53.06,-0.0,1.22
2025-08-22 21:00:00-04:00,50.75,49.66,-0.0,1.09
2025-08-22 22:00:00-04:00,44.04,43.13,-0.0,0.91
2025-08-22 23:00:00-04:00,37.91,36.989999999999995,-0.0,0.92
2025-08-23 00:00:00-04:00,30.06,29.44,-0.0,0.62
2025-08-23 01:00:00-04:00,28.95,28.35,-0.0,0.6
2025-08-23 02:00:00-04:00,27.49,26.979999999999997,-0.0,0.51
2025-08-23 03:00:00-04:00,25.9,25.369999999999997,-0.0,0.53
2025-08-23 04:00:00-04:00,25.55,25.05,-0.0,0.5
2025-08-23 05:00:00-04:00,25.87,25.31,-0.0,0.56
2025-08-23 06:00:00-04:00,27.05,26.42,-0.0,0.63
2025-08-23 07:00:00-04:00,26.43,25.63,-0.0,0.8
2025-08-23 08:00:00-04:00,26.3,25.46,-0.0,0.84
2025-08-23 09:00:00-04:00,25.21,24.380000000000003,-0.0,0.83
2025-08-23 10:00:00-04:00,26.8,25.92,-0.0,0.88
2025-08-23 11:00:00-04:00,28.08,27.209999999999997,-0.0,0.87
2025-08-23 12:00:00-04:00,29.24,28.33,-0.0,0.91
2025-08-23 13:00:00-04:00,31.69,30.27,0.21,1.21
2025-08-23 14:00:00-04:00,34.89,33.16,0.34,1.39
2025-08-23 15:00:00-04:00,38.05,36.12,0.48,1.45
2025-08-23 16:00:00-04:00,45.42,43.09,0.69,1.64
2025-08-23 17:00:00-04:00,52.0,50.2,-0.0,1.8
2025-08-23 18:00:00-04:00,57.36,55.58,-0.0,1.78
2025-08-23 19:00:00-04:00,52.06,50.400000000000006,-0.0,1.66
2025-08-23 20:00:00-04:00,47.4,46.02,-0.0,1.38
2025-08-23 21:00:00-04:00,42.12,41.01,-0.0,1.11
2025-08-23 22:00:00-04:00,36.94,35.79,-0.0,1.15
2025-08-23 23:00:00-04:00,32.4,31.49,-0.0,0.91
2025-08-24 00:00:00-04:00,28.15,27.25,-0.0,0.9
2025-08-24 01:00:00-04:00,26.17,25.340000000000003,-0.0,0.83
2025-08-24 02:00:00-04:00,24.11,23.32,-0.0,0.79
2025-08-24 03:00:00-04:00,22.69,21.92,-0.0,0.77
2025-08-24 04:00:00-04:00,22.47,21.82,-0.0,0.65
2025-08-24 05:00:00-04:00,23.7,22.92,-0.0,0.78
2025-08-24 06:00:00-04:00,24.04,23.23,-0.0,0.81
2025-08-24 07:00:00-04:00,23.23,22.44,-0.0,0.79
2025-08-24 08:00:00-04:00,23.28,22.43,-0.0,0.85
2025-08-24 09:00:00-04:00,23.87,23.0,-0.0,0.87
2025-08-24 10:00:00-04:00,25.42,24.44,0.03,0.95
2025-08-24 11:00:00-04:00,27.22,25.97,0.13,1.12
2025-08-24 12:00:00-04:00,30.11,28.5,0.3,1.31
2025-08-24 13:00:00-04:00,33.88,31.890000000000004,0.49,1.5
2025-08-24 14:00:00-04:00,36.2,33.95,0.59,1.66
2025-08-24 15:00:00-04:00,37.94,35.559999999999995,0.67,1.71
2025-08-24 16:00:00-04:00,44.18,41.71,0.43,2.04
2025-08-24 17:00:00-04:00,50.59,48.510000000000005,-0.0,2.08
2025-08-24 18:00:00-04:00,54.03,51.9,-0.0,2.13
2025-08-24 19:00:00-04:00,50.89,48.82,0.21,1.86
2025-08-24 20:00:00-04:00,49.2,47.07000000000001,0.3,1.83
2025-08-24 21:00:00-04:00,41.4,39.629999999999995,0.18,1.59
2025-08-24 22:00:00-04:00,37.52,35.720000000000006,0.37,1.43
2025-08-24 23:00:00-04:00,33.48,32.15,0.14,1.19
2025-08-25 00:00:00-04:00,31.95,30.93,-0.0,1.02
2025-08-25 01:00:00-04:00,28.25,27.35,-0.0,0.9
2025-08-25 02:00:00-04:00,26.44,25.55,-0.0,0.89
2025-08-25 03:00:00-04:00,25.54,24.68,-0.0,0.86
2025-08-25 04:00:00-04:00,25.62,24.75,-0.0,0.87
2025-08-25 05:00:00-04:00,27.17,26.33,-0.0,0.84
2025-08-25 06:00:00-04:00,31.61,30.54,-0.0,1.07
2025-08-25 07:00:00-04:00,34.17,32.92,-0.0,1.25
2025-08-25 08:00:00-04:00,32.75,31.85,-0.63,1.53
2025-08-25 09:00:00-04:00,30.58,28.959999999999997,-0.0,1.62
2025-08-25 10:00:00-04:00,30.75,29.06,-0.0,1.69
2025-08-25 11:00:00-04:00,32.38,30.630000000000003,-0.0,1.75
2025-08-25 12:00:00-04:00,33.08,31.65,-0.63,2.06
2025-08-25 13:00:00-04:00,37.12,35.19,-0.46,2.39
2025-08-25 14:00:00-04:00,37.58,35.22,-0.14,2.5
2025-08-25 15:00:00-04:00,40.36,37.73,-0.09,2.72
2025-08-25 16:00:00-04:00,45.69,42.92,-0.28,3.05
2025-08-25 17:00:00-04:00,52.68,49.21,-0.02,3.49
2025-08-25 18:00:00-04:00,55.84,52.53,-0.0,3.31
2025-08-25 19:00:00-04:00,54.23,51.16,-0.0,3.07
2025-08-25 20:00:00-04:00,47.59,45.07,-0.0,2.52
2025-08-25 21:00:00-04:00,41.25,39.1,-0.0,2.15
2025-08-25 22:00:00-04:00,33.7,31.910000000000004,-0.0,1.79
2025-08-25 23:00:00-04:00,30.12,28.66,-0.0,1.46
2025-08-26 00:00:00-04:00,27.58,26.22,-0.0,1.36
2025-08-26 01:00:00-04:00,24.41,23.29,-0.0,1.12
2025-08-26 02:00:00-04:00,22.31,21.369999999999997,-0.0,0.94
2025-08-26 03:00:00-04:00,21.23,20.34,-0.0,0.89
2025-08-26 04:00:00-04:00,21.15,20.26,-0.0,0.89
2025-08-26 05:00:00-04:00,22.88,21.959999999999997,-0.0,0.92
2025-08-26 06:00:00-04:00,28.0,27.11,-0.0,0.89
2025-08-26 07:00:00-04:00,29.91,28.84,-0.0,1.07
2025-08-26 08:00:00-04:00,27.86,26.74,-0.0,1.12
2025-08-26 09:00:00-04:00,26.28,25.050000000000004,0.08,1.15
2025-08-26 10:00:00-04:00,26.7,25.4,0.03,1.27
2025-08-26 11:00:00-04:00,26.9,25.52,0.05,1.33
2025-08-26 12:00:00-04:00,27.94,26.4,0.09,1.45
2025-08-26 13:00:00-04:00,29.7,27.98,0.13,1.59
2025-08-26 14:00:00-04:00,32.38,30.460000000000004,0.22,1.7
2025-08-26 15:00:00-04:00,32.81,30.980000000000004,0.13,1.7
2025-08-26 16:00:00-04:00,38.14,35.97,0.08,2.09
2025-08-26 17:00:00-04:00,44.3,42.15,-0.0,2.15
2025-08-26 18:00:00-04:00,47.7,45.690000000000005,-0.0,2.01
2025-08-26 19:00:00-04:00,46.28,44.46,-0.0,1.82
2025-08-26 20:00:00-04:00,42.49,40.93,-0.0,1.56
2025-08-26 21:00:00-04:00,37.95,36.67,-0.0,1.28
2025-08-26 22:00:00-04:00,32.01,30.959999999999997,-0.0,1.05
2025-08-26 23:00:00-04:00,30.0,29.13,-0.0,0.87
2025-08-27 00:00:00-04:00,27.35,26.66,-0.0,0.69
2025-08-27 01:00:00-04:00,25.7,25.12,-0.0,0.58
2025-08-27 02:00:00-04:00,24.15,23.58,-0.0,0.57
2025-08-27 03:00:00-04:00,23.4,22.9,-0.0,0.5
2025-08-27 04:00:00-04:00,23.56,23.119999999999997,-0.0,0.44
2025-08-27 05:00:00-04:00,25.55,25.1,-0.0,0.45
2025-08-27 06:00:00-04:00,31.02,30.44,-0.0,0.58
2025-08-27 07:00:00-04:00,31.89,31.07,0.1,0.72
2025-08-27 08:00:00-04:00,28.76,27.750000000000004,0.2,0.81
2025-08-27 09:00:00-04:00,26.5,25.69,0.12,0.69
2025-08-27 10:00:00-04:00,25.4,24.589999999999996,0.05,0.76
2025-08-27 11:00:00-04:00,25.6,24.770000000000003,0.04,0.79
2025-08-27 12:00:00-04:00,25.91,24.74,0.16,1.01
2025-08-27 13:00:00-04:00,28.12,26.700000000000003,0.27,1.15
2025-08-27 14:00:00-04:00,29.2,27.66,0.29,1.25
2025-08-27 15:00:00-04:00,30.63,28.94,0.3,1.39
2025-08-27 16:00:00-04:00,34.66,32.69,0.43,1.54
2025-08-27 17:00:00-04:00,40.77,39.09,-0.0,1.68
2025-08-27 18:00:00-04:00,42.78,40.82,-0.0,1.96
2025-08-27 19:00:00-04:00,42.38,40.48,-0.0,1.9
2025-08-27 20:00:00-04:00,40.3,38.94,-0.0,1.36
2025-08-27 21:00:00-04:00,34.76,33.58,0.07,1.11
2025-08-27 22:00:00-04:00,29.15,28.19,-0.0,0.96
2025-08-27 23:00:00-04:00,26.74,25.959999999999997,-0.0,0.78
2025-08-28 00:00:00-04:00,26.61,25.96,-0.0,0.65
2025-08-28 01:00:00-04:00,23.34,22.64,-0.0,0.7
2025-08-28 02:00:00-04:00,21.82,21.2,-0.0,0.62
2025-08-28 03:00:00-04:00,20.85,20.24,-0.0,0.61
2025-08-28 04:00:00-04:00,21.69,21.08,-0.0,0.61
2025-08-28 05:00:00-04:00,22.94,22.25,-0.0,0.69
2025-08-28 06:00:00-04:00,26.94,26.08,-0.0,0.86
2025-08-28 07:00:00-04:00,29.75,28.69,-0.0,1.06
2025-08-28 08:00:00-04:00,26.9,25.92,-0.0,0.98
2025-08-28 09:00:00-04:00,23.53,22.69,-0.0,0.84
2025-08-28 10:00:00-04:00,23.44,22.56,-0.0,0.88
2025-08-28 11:00:00-04:00,24.38,23.44,-0.0,0.94
2025-08-28 12:00:00-04:00,24.73,23.71,-0.0,1.02
2025-08-28 13:00:00-04:00,26.53,25.37,0.02,1.14
2025-08-28 14:00:00-04:00,28.14,26.880000000000003,0.08,1.18
2025-08-28 15:00:00-04:00,30.1,28.550000000000004,0.15,1.4
2025-08-28 16:00:00-04:00,33.43,32.21,-0.81,2.03
2025-08-28 17:00:00-04:00,36.85,34.6,-0.24,2.49
2025-08-28 18:00:00-04:00,39.64,35.65,1.5,2.49
2025-08-28 19:00:00-04:00,39.16,35.519999999999996,1.36,2.28
2025-08-28 20:00:00-04:00,37.52,35.330000000000005,-0.0,2.19
2025-08-28 21:00:00-04:00,34.51,32.96,-0.0,1.55
2025-08-28 22:00:00-04:00,30.37,29.43,-0.0,0.94
2025-08-28 23:00:00-04:00,27.98,27.27,-0.0,0.71
2025-08-29 00:00:00-04:00,26.99,26.36,-0.0,0.63
2025-08-29 01:00:00-04:00,24.4,23.83,-0.0,0.57
2025-08-29 02:00:00-04:00,22.5,21.91,-0.0,0.59
2025-08-29 03:00:00-04:00,21.36,20.9,-0.0,0.46
2025-08-29 04:00:00-04:00,22.32,21.88,-0.0,0.44
2025-08-29 05:00:00-04:00,24.85,24.34,-0.0,0.51
2025-08-29 06:00:00-04:00,30.05,29.35,-0.0,0.7
2025-08-29 07:00:00-04:00,32.93,32.16,-0.0,0.77
2025-08-29 08:00:00-04:00,33.33,32.42,-0.0,0.91
2025-08-29 09:00:00-04:00,30.0,29.05,0.05,0.9
2025-08-29 10:00:00-04:00,30.53,29.44,0.12,0.97
2025-08-29 11:00:00-04:00,30.0,28.94,0.02,1.04
2025-08-29 12:00:00-04:00,27.29,28.19,-2.06,1.16
2025-08-29 13:00:00-04:00,29.61,30.18,-1.87,1.3
2025-08-29 14:00:00-04:00,29.65,30.3,-1.98,1.33
2025-08-29 15:00:00-04:00,29.55,30.31,-2.19,1.43
2025-08-29 16:00:00-04:00,37.02,34.84,0.44,1.74
2025-08-29 17:00:00-04:00,40.0,38.28,-0.0,1.72
2025-08-29 18:00:00-04:00,42.17,40.309999999999995,0.09,1.77
2025-08-29 19:00:00-04:00,41.61,40.12,-0.0,1.49
2025-08-29 20:00:00-04:00,39.42,38.31,-0.0,1.11
2025-08-29 21:00:00-04:00,35.26,34.03999999999999,0.13,1.09
2025-08-29 22:00:00-04:00,29.91,29.07,-0.0,0.84
2025-08-29 23:00:00-04:00,27.26,26.59,-0.0,0.67
2025-08-30 00:00:00-04:00,28.49,27.79,-0.0,0.7
2025-08-30 01:00:00-04:00,26.77,26.22,-0.0,0.55
2025-08-30 02:00:00-04:00,23.33,22.869999999999997,-0.0,0.46
2025-08-30 03:00:00-04:00,21.35,20.91,-0.0,0.44
2025-08-30 04:00:00-04:00,21.63,21.23,-0.0,0.4
2025-08-30 05:00:00-04:00,23.7,23.19,-0.0,0.51
2025-08-30 06:00:00-04:00,24.21,23.71,-0.0,0.5
2025-08-30 07:00:00-04:00,24.13,23.61,-0.0,0.52
2025-08-30 08:00:00-04:00,21.49,20.84,-0.0,0.65
2025-08-30 09:00:00-04:00,18.7,18.08,-0.0,0.62
2025-08-30 10:00:00-04:00,18.0,17.32,-0.0,0.68
2025-08-30 11:00:00-04:00,18.33,17.619999999999997,-0.0,0.71
2025-08-30 12:00:00-04:00,19.3,18.52,-0.0,0.78
2025-08-30 13:00:00-04:00,20.25,19.42,-0.0,0.83
2025-08-30 14:00:00-04:00,20.95,20.09,-0.0,0.86
2025-08-30 15:00:00-04:00,22.31,21.389999999999997,-0.0,0.92
2025-08-30 16:00:00-04:00,24.88,23.83,-0.0,1.05
2025-08-30 17:00:00-04:00,31.1,29.790000000000003,-0.0,1.31
2025-08-30 18:00:00-04:00,37.28,35.84,-0.0,1.44
2025-08-30 19:00:00-04:00,38.42,37.120000000000005,-0.0,1.3
2025-08-30 20:00:00-04:00,37.67,36.57,-0.0,1.1
2025-08-30 21:00:00-04:00,32.25,31.37,-0.0,0.88
2025-08-30 22:00:00-04:00,27.46,26.71,-0.0,0.75
2025-08-30 23:00:00-04:00,25.21,24.62,-0.0,0.59
2025-08-31 00:00:00-04:00,27.11,26.55,-0.0,0.56
2025-08-31 01:00:00-04:00,24.69,24.23,-0.0,0.46
2025-08-31 02:00:00-04:00,21.69,21.22,-0.0,0.47
2025-08-31 03:00:00-04:00,20.28,19.86,-0.0,0.42
2025-08-31 04:00:00-04:00,19.64,19.26,-0.0,0.38
2025-08-31 05:00:00-04:00,20.33,19.97,-0.0,0.36
2025-08-31 06:00:00-04:00,22.18,21.77,-0.0,0.41
2025-08-31 07:00:00-04:00,20.37,19.99,-0.0,0.38
2025-08-31 08:00:00-04:00,16.53,16.080000000000002,-0.0,0.45
2025-08-31 09:00:00-04:00,15.58,15.19,-0.0,0.39
2025-08-31 10:00:00-04:00,16.07,15.59,-0.0,0.48
2025-08-31 11:00:00-04:00,16.94,16.43,-0.0,0.51
2025-08-31 12:00:00-04:00,17.5,16.96,-0.0,0.54
2025-08-31 13:00:00-04:00,19.77,19.14,-0.0,0.63
2025-08-31 14:00:00-04:00,20.59,19.869999999999997,0.03,0.69
2025-08-31 15:00:00-04:00,23.22,22.35,0.11,0.76
2025-08-31 16:00:00-04:00,25.98,25.08,-0.0,0.9
2025-08-31 17:00:00-04:00,34.69,33.349999999999994,-0.0,1.34
2025-08-31 18:00:00-04:00,43.33,41.78,-0.0,1.55
2025-08-31 19:00:00-04:00,45.48,44.029999999999994,-0.0,1.45
2025-08-31 20:00:00-04:00,40.35,39.18,-0.0,1.17
2025-08-31 21:00:00-04:00,37.68,36.69,-0.0,0.99
2025-08-31 22:00:00-04:00,31.66,30.86,-0.0,0.8
2025-08-31 23:00:00-04:00,27.48,26.89,-0.0,0.59
2025-09-01 00:00:00-04:00,26.64,26.02,-0.0,0.62
2025-09-01 01:00:00-04:00,24.68,24.15,-0.0,0.53
2025-09-01 02:00:00-04:00,22.3,21.86,-0.0,0.44
2025-09-01 03:00:00-04:00,21.59,21.21,-0.0,0.38
2025-09-01 04:00:00-04:00,20.76,20.430000000000003,-0.0,0.33
2025-09-01 05:00:00-04:00,22.48,22.15,-0.0,0.33
2025-09-01 06:00:00-04:00,24.05,23.58,-0.0,0.47
2025-09-01 07:00:00-04:00,23.77,23.26,-0.0,0.51
2025-09-01 08:00:00-04:00,20.14,19.53,-0.0,0.61
2025-09-01 09:00:00-04:00,18.1,17.540000000000003,-0.0,0.56
2025-09-01 10:00:00-04:00,19.26,18.610000000000003,-0.0,0.65
2025-09-01 11:00:00-04:00,19.78,19.040000000000003,-0.0,0.74
2025-09-01 12:00:00-04:00,21.66,20.77,-0.0,0.89
2025-09-01 13:00:00-04:00,23.52,22.57,-0.0,0.95
2025-09-01 14:00:00-04:00,24.73,23.66,-0.0,1.07
2025-09-01 15:00:00-04:00,28.85,27.58,0.03,1.24
2025-09-01 16:00:00-04:00,33.83,32.47,-0.0,1.36
2025-09-01 17:00:00-04:00,44.61,42.81,-0.0,1.8
2025-09-01 18:00:00-04:00,50.05,48.26,-0.0,1.79
2025-09-01 19:00:00-04:00,50.81,49.14,-0.0,1.67
2025-09-01 20:00:00-04:00,45.48,43.98,-0.0,1.5
2025-09-01 21:00:00-04:00,40.87,39.489999999999995,-0.0,1.38
2025-09-01 22:00:00-04:00,34.46,33.49,-0.0,0.97
2025-09-01 23:00:00-04:00,29.17,28.46,-0.0,0.71
2025-09-02 00:00:00-04:00,31.18,30.51,-0.0,0.67
2025-09-02 01:00:00-04:00,28.71,28.06,-0.0,0.65
2025-09-02 02:00:00-04:00,26.34,25.82,-0.0,0.52
2025-09-02 03:00:00-04:00,23.2,22.77,-0.0,0.43
2025-09-02 04:00:00-04:00,23.81,23.32,-0.0,0.49
2025-09-02 05:00:00-04:00,27.59,27.0,-0.0,0.59
2025-09-02 06:00:00-04:00,35.56,34.46,-0.0,1.1
2025-09-02 07:00:00-04:00,37.11,35.89,-0.0,1.22
2025-09-02 08:00:00-04:00,33.82,32.65,-0.0,1.17
2025-09-02 09:00:00-04:00,26.89,25.7,0.14,1.05
2025-09-02 10:00:00-04:00,28.58,27.08,0.36,1.14
2025-09-02 11:00:00-04:00,29.11,27.51,0.39,1.21
2025-09-02 12:00:00-04:00,32.07,29.95,0.71,1.41
2025-09-02 13:00:00-04:00,34.64,32.5,0.68,1.46
2025-09-02 14:00:00-04:00,35.83,33.62,0.7,1.51
2025-09-02 15:00:00-04:00,38.34,36.06000000000001,0.62,1.66
2025-09-02 16:00:00-04:00,43.25,41.309999999999995,0.17,1.77
2025-09-02 17:00:00-04:00,57.18,54.47,0.32,2.39
2025-09-02 18:00:00-04:00,61.52,59.080000000000005,0.07,2.37
2025-09-02 19:00:00-04:00,59.0,56.89,-0.0,2.11
2025-09-02 20:00:00-04:00,51.85,50.2,-0.0,1.65
2025-09-02 21:00:00-04:00,40.96,39.5,-0.0,1.46
2025-09-02 22:00:00-04:00,35.26,34.199999999999996,-0.0,1.06
2025-09-02 23:00:00-04:00,31.3,30.45,-0.0,0.85
2025-09-03 00:00:00-04:00,30.39,29.62,-0.0,0.77
2025-09-03 01:00:00-04:00,26.21,25.52,-0.0,0.69
2025-09-03 02:00:00-04:00,24.05,23.42,-0.0,0.63
2025-09-03 03:00:00-04:00,22.12,21.52,-0.0,0.6
2025-09-03 04:00:00-04:00,22.56,21.9,-0.0,0.66
2025-09-03 05:00:00-04:00,26.45,25.7,-0.0,0.75
2025-09-03 06:00:00-04:00,34.23,33.01,-0.0,1.22
2025-09-03 07:00:00-04:00,36.33,34.97,-0.0,1.36
2025-09-03 08:00:00-04:00,31.31,29.9,-0.0,1.41
2025-09-03 09:00:00-04:00,26.22,24.87,0.13,1.22
2025-09-03 10:00:00-04:00,27.07,25.67,0.04,1.36
2025-09-03 11:00:00-04:00,28.11,26.59,0.08,1.44
2025-09-03 12:00:00-04:00,30.47,28.889999999999997,0.19,1.39
2025-09-03 13:00:00-04:00,32.93,31.130000000000003,0.24,1.56
2025-09-03 14:00:00-04:00,33.12,31.31,0.24,1.57
2025-09-03 15:00:00-04:00,36.0,33.96,0.31,1.73
2025-09-03 16:00:00-04:00,40.62,38.69,-0.0,1.93
2025-09-03 17:00:00-04:00,47.2,45.0,-0.0,2.2
2025-09-03 18:00:00-04:00,51.49,49.22,-0.0,2.27
2025-09-03 19:00:00-04:00,51.32,49.06,-0.0,2.26
2025-09-03 20:00:00-04:00,44.71,42.78,-0.0,1.93
2025-09-03 21:00:00-04:00,37.46,35.85,-0.0,1.61
2025-09-03 22:00:00-04:00,32.28,30.83,-0.0,1.45
2025-09-03 23:00:00-04:00,29.36,28.15,-0.0,1.21
2025-09-04 00:00:00-04:00,28.06,26.75,-0.0,1.31
2025-09-04 01:00:00-04:00,25.53,24.36,-0.0,1.17
2025-09-04 02:00:00-04:00,23.66,22.6,-0.0,1.06
2025-09-04 03:00:00-04:00,22.33,21.33,-0.0,1.0
2025-09-04 04:00:00-04:00,22.58,21.549999999999997,-0.0,1.03
2025-09-04 05:00:00-04:00,24.9,23.74,-0.0,1.16
2025-09-04 06:00:00-04:00,31.01,29.53,-0.0,1.48
2025-09-04 07:00:00-04:00,33.22,31.52,-0.0,1.7
2025-09-04 08:00:00-04:00,30.04,28.42,-0.0,1.62
2025-09-04 09:00:00-04:00,27.1,25.520000000000003,-0.0,1.58
2025-09-04 10:00:00-04:00,27.77,26.17,-0.0,1.6
2025-09-04 11:00:00-04:00,27.66,26.02,-0.0,1.64
2025-09-04 12:00:00-04:00,28.62,26.85,-0.0,1.77
2025-09-04 13:00:00-04:00,31.75,29.7,-0.0,2.05
2025-09-04 14:00:00-04:00,34.11,31.8,0.15,2.16
2025-09-04 15:00:00-04:00,36.87,34.13999999999999,0.38,2.35
2025-09-04 16:00:00-04:00,41.49,38.629999999999995,0.2,2.66
2025-09-04 17:00:00-04:00,46.28,43.49,-0.0,2.79
2025-09-04 18:00:00-04:00,51.6,48.68,-0.0,2.92
2025-09-04 19:00:00-04:00,51.05,48.25,-0.0,2.8
2025-09-04 20:00:00-04:00,45.47,43.18,-0.0,2.29
2025-09-04 21:00:00-04:00,38.36,36.43,-0.0,1.93
2025-09-04 22:00:00-04:00,33.81,32.230000000000004,-0.0,1.58
2025-09-04 23:00:00-04:00,33.17,31.62,0.13,1.42
2025-09-05 00:00:00-04:00,33.44,32.43,-0.0,1.01
2025-09-05 01:00:00-04:00,30.52,29.6,-0.0,0.92
2025-09-05 02:00:00-04:00,28.84,27.92,-0.0,0.92
2025-09-05 03:00:00-04:00,27.24,26.42,-0.0,0.82
2025-09-05 04:00:00-04:00,27.15,26.26,-0.0,0.89
2025-09-05 05:00:00-04:00,30.58,29.63,-0.0,0.95
2025-09-05 06:00:00-04:00,37.57,36.27,-0.0,1.3
2025-09-05 07:00:00-04:00,42.62,40.98,-0.0,1.64
2025-09-05 08:00:00-04:00,39.53,37.870000000000005,-0.0,1.66
2025-09-05 09:00:00-04:00,36.39,34.79,-0.0,1.6
2025-09-05 10:00:00-04:00,36.69,34.879999999999995,-0.0,1.81
2025-09-05 11:00:00-04:00,35.91,34.01,-0.0,1.9
2025-09-05 12:00:00-04:00,36.09,34.050000000000004,-0.0,2.04
2025-09-05 13:00:00-04:00,38.18,35.92,-0.0,2.26
2025-09-05 14:00:00-04:00,40.47,38.07,-0.0,2.4
2025-09-05 15:00:00-04:00,42.5,39.94,-0.0,2.56
2025-09-05 16:00:00-04:00,48.82,45.92,-0.0,2.9
2025-09-05 17:00:00-04:00,56.98,53.55,-0.0,3.43
2025-09-05 18:00:00-04:00,63.4,59.7,-0.0,3.7
2025-09-05 19:00:00-04:00,62.18,58.83,-0.0,3.35
2025-09-05 20:00:00-04:00,52.78,50.13,-0.0,2.65
2025-09-05 21:00:00-04:00,44.93,42.67,-0.0,2.26
2025-09-05 22:00:00-04:00,41.94,39.87,-0.0,2.07
2025-09-05 23:00:00-04:00,38.81,37.06,0.01,1.74
2025-09-06 00:00:00-04:00,40.96,38.79,-0.0,2.17
2025-09-06 01:00:00-04:00,34.52,32.660000000000004,-0.0,1.86
2025-09-06 02:00:00-04:00,31.52,29.91,-0.0,1.61
2025-09-06 03:00:00-04:00,30.22,28.7,-0.0,1.52
2025-09-06 04:00:00-04:00,29.79,28.32,-0.0,1.47
2025-09-06 05:00:00-04:00,30.68,29.19,-0.0,1.49
2025-09-06 06:00:00-04:00,35.73,34.23,-0.0,1.5
2025-09-06 07:00:00-04:00,35.54,34.11,-0.0,1.43
2025-09-06 08:00:00-04:00,37.71,36.08,-0.0,1.63
2025-09-06 09:00:00-04:00,38.17,36.49,-0.0,1.68
2025-09-06 10:00:00-04:00,36.62,34.709999999999994,0.07,1.84
2025-09-06 11:00:00-04:00,38.8,36.64,0.11,2.05
2025-09-06 12:00:00-04:00,41.72,39.26,0.06,2.4
2025-09-06 13:00:00-04:00,41.08,39.17,-0.6,2.51
2025-09-06 14:00:00-04:00,42.51,40.41,-0.53,2.63
2025-09-06 15:00:00-04:00,43.28,41.11,-0.46,2.63
2025-09-06 16:00:00-04:00,46.91,44.53999999999999,-0.66,3.03
2025-09-06 17:00:00-04:00,50.5,47.35,-0.07,3.22
2025-09-06 18:00:00-04:00,51.66,48.63999999999999,-0.0,3.02
2025-09-06 19:00:00-04:00,49.36,46.57,-0.0,2.79
2025-09-06 20:00:00-04:00,47.28,44.82,-0.0,2.46
2025-09-06 21:00:00-04:00,41.75,39.69,-0.0,2.06
2025-09-06 22:00:00-04:00,40.57,38.68,-0.0,1.89
2025-09-06 23:00:00-04:00,37.49,35.84,-0.0,1.65
2025-09-07 00:00:00-04:00,36.64,35.23,-0.0,1.41
2025-09-07 01:00:00-04:00,32.69,31.43,-0.0,1.26
2025-09-07 02:00:00-04:00,29.86,28.77,-0.0,1.09
2025-09-07 03:00:00-04:00,28.06,27.03,-0.0,1.03
2025-09-07 04:00:00-04:00,27.2,26.28,-0.0,0.92
2025-09-07 05:00:00-04:00,28.14,27.16,-0.0,0.98
2025-09-07 06:00:00-04:00,29.79,28.73,-0.0,1.06
2025-09-07 07:00:00-04:00,28.07,27.04,-0.0,1.03
2025-09-07 08:00:00-04:00,29.68,28.4,-0.0,1.28
2025-09-07 09:00:00-04:00,30.32,29.01,-0.0,1.31
2025-09-07 10:00:00-04:00,30.48,29.03,-0.0,1.45
2025-09-07 11:00:00-04:00,29.75,28.25,-0.0,1.5
2025-09-07 12:00:00-04:00,26.75,25.43,-0.0,1.32
2025-09-07 13:00:00-04:00,26.69,25.32,-0.0,1.37
2025-09-07 14:00:00-04:00,26.42,25.02,-0.0,1.4
2025-09-07 15:00:00-04:00,28.95,27.34,-0.0,1.61
2025-09-07 16:00:00-04:00,32.96,31.18,-0.0,1.78
2025-09-07 17:00:00-04:00,39.95,37.94,-0.0,2.01
2025-09-07 18:00:00-04:00,45.28,43.33,-0.0,1.95
2025-09-07 19:00:00-04:00,47.56,45.64,-0.0,1.92
2025-09-07 20:00:00-04:00,43.09,41.55,-0.0,1.54
2025-09-07 21:00:00-04:00,37.84,36.42,-0.0,1.42
2025-09-07 22:00:00-04:00,33.49,32.36,-0.0,1.13
2025-09-07 23:00:00-04:00,29.98,29.02,-0.0,0.96
2025-09-08 00:00:00-04:00,28.62,27.68,-0.0,0.94
2025-09-08 01:00:00-04:00,25.72,24.87,-0.0,0.85
2025-09-08 02:00:00-04:00,23.76,22.96,-0.0,0.8
2025-09-08 03:00:00-04:00,22.93,22.22,-0.0,0.71
2025-09-08 04:00:00-04:00,24.13,23.47,-0.0,0.66
2025-09-08 05:00:00-04:00,28.56,27.86,-0.0,0.7
2025-09-08 06:00:00-04:00,34.67,33.34,-0.0,1.33
2025-09-08 07:00:00-04:00,38.79,37.23,-0.0,1.56
2025-09-08 08:00:00-04:00,31.2,30.0,-0.0,1.2
2025-09-08 09:00:00-04:00,26.31,25.15,-0.0,1.16
2025-09-08 10:00:00-04:00,25.03,23.79,-0.0,1.24
2025-09-08 11:00:00-04:00,24.92,23.71,-0.0,1.21
2025-09-08 12:00:00-04:00,25.23,23.98,-0.0,1.25
2025-09-08 13:00:00-04:00,25.42,24.23,-0.0,1.19
2025-09-08 14:00:00-04:00,25.53,24.2,-0.0,1.33
2025-09-08 15:00:00-04:00,27.7,26.21,-0.0,1.49
2025-09-08 16:00:00-04:00,33.45,31.68,-0.0,1.77
2025-09-08 17:00:00-04:00,41.02,38.81,-0.0,2.21
2025-09-08 18:00:00-04:00,45.16,43.01,-0.0,2.15
2025-09-08 19:00:00-04:00,50.25,47.95,-0.0,2.3
2025-09-08 20:00:00-04:00,44.6,42.48,-0.0,2.12
2025-09-08 21:00:00-04:00,39.0,37.11,-0.0,1.89
2025-09-08 22:00:00-04:00,33.8,32.31,-0.0,1.49
2025-09-08 23:00:00-04:00,28.21,27.1,-0.0,1.11
2025-09-09 00:00:00-04:00,29.16,28.2,-0.0,0.96
2025-09-09 01:00:00-04:00,28.66,27.72,-0.0,0.94
2025-09-09 02:00:00-04:00,26.7,25.87,-0.0,0.83
2025-09-09 03:00:00-04:00,24.62,23.9,-0.0,0.72
2025-09-09 04:00:00-04:00,24.67,23.93,-0.0,0.74
2025-09-09 05:00:00-04:00,29.17,28.1,-0.0,1.07
2025-09-09 06:00:00-04:00,39.79,38.15,-0.0,1.64
2025-09-09 07:00:00-04:00,40.95,38.96,-0.0,1.99
2025-09-09 08:00:00-04:00,32.07,30.6,0.06,1.41
2025-09-09 09:00:00-04:00,27.5,25.94,0.29,1.27
2025-09-09 10:00:00-04:00,26.89,25.54,0.02,1.33
2025-09-09 11:00:00-04:00,26.54,25.19,0.02,1.33
2025-09-09 12:00:00-04:00,26.15,24.81,-0.0,1.34
2025-09-09 13:00:00-04:00,26.58,25.22,-0.0,1.36
2025-09-09 14:00:00-04:00,27.63,26.02,0.05,1.56
2025-09-09 15:00:00-04:00,30.13,28.19,0.16,1.78
2025-09-09 16:00:00-04:00,35.74,33.47,0.16,2.11
2025-09-09 17:00:00-04:00,43.05,40.69,-0.0,2.36
2025-09-09 18:00:00-04:00,48.85,46.35,-0.0,2.5
2025-09-09 19:00:00-04:00,52.57,49.78,0.15,2.64
2025-09-09 20:00:00-04:00,45.77,43.43,-0.0,2.34
2025-09-09 21:00:00-04:00,39.82,37.78,-0.0,2.04
2025-09-09 22:00:00-04:00,32.78,31.04,-0.0,1.74
2025-09-09 23:00:00-04:00,29.7,28.18,-0.0,1.52
2025-09-10 00:00:00-04:00,28.59,26.83,0.42,1.34
2025-09-10 01:00:00-04:00,27.69,26.4,0.02,1.27
2025-09-10 02:00:00-04:00,25.3,23.75,0.46,1.09
2025-09-10 03:00:00-04:00,24.74,23.6,0.03,1.11
2025-09-10 04:00:00-04:00,24.78,23.71,-0.0,1.07
2025-09-10 05:00:00-04:00,29.84,28.55,-0.0,1.29
2025-09-10 06:00:00-04:00,37.39,35.3,0.15,1.94
2025-09-10 07:00:00-04:00,41.35,39.2,-0.0,2.15
2025-09-10 08:00:00-04:00,36.89,35.17,-0.0,1.72
2025-09-10 09:00:00-04:00,33.71,31.92,0.13,1.66
2025-09-10 10:00:00-04:00,33.72,31.9,-0.0,1.82
2025-09-10 11:00:00-04:00,33.62,31.84,-0.0,1.78
2025-09-10 12:00:00-04:00,33.28,31.34,-0.0,1.94
2025-09-10 13:00:00-04:00,34.0,32.04,-0.0,1.96
2025-09-10 14:00:00-04:00,34.06,32.1,-0.0,1.96
2025-09-10 15:00:00-04:00,34.43,32.45,-0.0,1.98
2025-09-10 16:00:00-04:00,39.6,37.54,-0.0,2.06
2025-09-10 17:00:00-04:00,44.26,42.23,-0.0,2.03
2025-09-10 18:00:00-04:00,49.79,47.6,-0.0,2.19
2025-09-10 19:00:00-04:00,54.98,52.48,0.14,2.36
2025-09-10 20:00:00-04:00,47.63,45.62,-0.0,2.01
2025-09-10 21:00:00-04:00,41.47,39.61,-0.0,1.86
2025-09-10 22:00:00-04:00,35.98,34.4,-0.0,1.58
2025-09-10 23:00:00-04:00,32.51,31.17,-0.0,1.34
2025-09-11 00:00:00-04:00,27.73,26.64,-0.0,1.09
2025-09-11 01:00:00-04:00,26.32,25.45,-0.0,0.87
2025-09-11 02:00:00-04:00,25.06,24.14,-0.0,0.92
2025-09-11 03:00:00-04:00,24.56,23.68,-0.0,0.88
2025-09-11 04:00:00-04:00,25.39,24.58,-0.0,0.81
2025-09-11 05:00:00-04:00,29.06,28.1,-0.0,0.96
2025-09-11 06:00:00-04:00,35.37,33.91,-0.0,1.46
2025-09-11 07:00:00-04:00,40.0,37.8,0.2,2.0
2025-09-11 08:00:00-04:00,34.16,32.28,0.33,1.55
2025-09-11 09:00:00-04:00,29.75,27.6,0.72,1.43
2025-09-11 10:00:00-04:00,29.15,27.48,0.08,1.59
2025-09-11 11:00:00-04:00,28.77,26.99,0.22,1.56
2025-09-11 12:00:00-04:00,29.05,27.14,0.26,1.65
2025-09-11 13:00:00-04:00,32.92,30.65,0.49,1.78
2025-09-11 14:00:00-04:00,35.0,32.59,0.52,1.89
2025-09-11 15:00:00-04:00,38.2,35.53,0.57,2.1
2025-09-11 16:00:00-04:00,44.0,41.05,0.61,2.34
2025-09-11 17:00:00-04:00,49.78,46.85,0.4,2.53
2025-09-11 18:00:00-04:00,53.46,50.43,0.46,2.57
2025-09-11 19:00:00-04:00,56.7,53.49,0.64,2.57
2025-09-11 20:00:00-04:00,46.42,44.29,-0.0,2.13
2025-09-11 21:00:00-04:00,40.17,38.29,-0.0,1.88
2025-09-11 22:00:00-04:00,35.62,33.81,0.02,1.79
2025-09-11 23:00:00-04:00,32.75,31.27,0.04,1.44
2025-09-12 00:00:00-04:00,28.8,27.77,-0.0,1.03
2025-09-12 01:00:00-04:00,26.74,25.86,-0.0,0.88
2025-09-12 02:00:00-04:00,24.99,24.08,-0.0,0.91
2025-09-12 03:00:00-04:00,23.61,22.81,-0.0,0.8
2025-09-12 04:00:00-04:00,23.26,22.45,-0.0,0.81
2025-09-12 05:00:00-04:00,28.1,27.18,-0.0,0.92
2025-09-12 06:00:00-04:00,34.87,33.66,-0.0,1.21
2025-09-12 07:00:00-04:00,35.88,34.53,-0.0,1.35
2025-09-12 08:00:00-04:00,31.06,29.6,0.34,1.12
2025-09-12 09:00:00-04:00,25.97,24.78,0.15,1.04
2025-09-12 10:00:00-04:00,26.12,24.92,-0.0,1.2
2025-09-12 11:00:00-04:00,26.0,24.81,-0.0,1.19
2025-09-12 12:00:00-04:00,26.34,25.11,-0.0,1.23
2025-09-12 13:00:00-04:00,28.91,27.37,0.15,1.39
2025-09-12 14:00:00-04:00,31.28,29.33,0.25,1.7
2025-09-12 15:00:00-04:00,33.66,32.26,-0.37,1.77
2025-09-12 16:00:00-04:00,39.75,37.11,0.49,2.15
2025-09-12 17:00:00-04:00,48.85,45.87,0.55,2.43
2025-09-12 18:00:00-04:00,49.35,46.68,0.29,2.38
2025-09-12 19:00:00-04:00,47.79,45.53,0.07,2.19
2025-09-12 20:00:00-04:00,43.06,40.97,-0.0,2.09
2025-09-12 21:00:00-04:00,36.37,34.57,-0.0,1.8
2025-09-12 22:00:00-04:00,32.23,30.75,-0.0,1.48
2025-09-12 23:00:00-04:00,30.41,29.3,-0.0,1.11
2025-09-13 00:00:00-04:00,29.34,28.29,-0.0,1.05
2025-09-13 01:00:00-04:00,26.35,25.44,-0.0,0.91
2025-09-13 02:00:00-04:00,25.32,24.42,-0.0,0.9
2025-09-13 03:00:00-04:00,24.04,23.16,-0.0,0.88
2025-09-13 04:00:00-04:00,24.08,23.15,-0.0,0.93
2025-09-13 05:00:00-04:00,25.23,24.28,-0.0,0.95
2025-09-13 06:00:00-04:00,27.89,26.92,-0.0,0.97
2025-09-13 07:00:00-04:00,27.33,26.38,-0.0,0.95
2025-09-13 08:00:00-04:00,24.78,23.92,-0.0,0.86
2025-09-13 09:00:00-04:00,23.35,22.47,-0.0,0.88
2025-09-13 10:00:00-04:00,24.08,23.13,-0.0,0.95
2025-09-13 11:00:00-04:00,25.81,24.82,-0.0,0.99
2025-09-13 12:00:00-04:00,26.9,25.65,0.09,1.16
2025-09-13 13:00:00-04:00,28.55,27.15,0.07,1.33
2025-09-13 14:00:00-04:00,30.45,28.82,0.13,1.5
2025-09-13 15:00:00-04:00,32.67,30.92,0.2,1.55
2025-09-13 16:00:00-04:00,38.09,36.17,0.18,1.74
2025-09-13 17:00:00-04:00,43.67,41.79,-0.0,1.88
2025-09-13 18:00:00-04:00,49.6,47.46,-0.0,2.14
2025-09-13 19:00:00-04:00,46.39,44.39,-0.0,2.0
2025-09-13 20:00:00-04:00,42.3,40.32,-0.0,1.98
2025-09-13 21:00:00-04:00,36.9,35.14,-0.0,1.76
2025-09-13 22:00:00-04:00,33.63,32.03,-0.0,1.6
2025-09-13 23:00:00-04:00,30.35,29.04,-0.0,1.31
2025-09-14 00:00:00-04:00,30.31,29.0,-0.0,1.31
2025-09-14 01:00:00-04:00,28.8,27.61,-0.0,1.19
2025-09-14 02:00:00-04:00,26.78,25.7,-0.0,1.08
2025-09-14 03:00:00-04:00,26.24,25.16,-0.0,1.08
2025-09-14 04:00:00-04:00,25.55,24.5,-0.0,1.05
2025-09-14 05:00:00-04:00,26.13,25.12,-0.0,1.01
2025-09-14 06:00:00-04:00,28.18,27.12,-0.0,1.06
2025-09-14 07:00:00-04:00,26.94,25.9,-0.0,1.04
2025-09-14 08:00:00-04:00,25.35,24.37,-0.0,0.98
2025-09-14 09:00:00-04:00,23.79,22.76,-0.0,1.03
2025-09-14 10:00:00-04:00,25.71,24.56,-0.0,1.15
2025-09-14 11:00:00-04:00,27.35,26.15,-0.0,1.2
2025-09-14 12:00:00-04:00,29.0,27.62,-0.0,1.38
2025-09-14 13:00:00-04:00,31.39,29.75,-0.0,1.64
2025-09-14 14:00:00-04:00,30.73,29.16,-0.0,1.57
2025-09-14 15:00:00-04:00,33.53,31.69,-0.0,1.84
2025-09-14 16:00:00-04:00,42.03,39.44,0.1,2.49
2025-09-14 17:00:00-04:00,50.96,48.08,-0.0,2.88
2025-09-14 18:00:00-04:00,58.02,54.84,-0.0,3.18
2025-09-14 19:00:00-04:00,56.98,53.86,-0.0,3.12
2025-09-14 20:00:00-04:00,47.4,44.76,-0.0,2.64
2025-09-14 21:00:00-04:00,42.5,40.06,-0.0,2.44
2025-09-14 22:00:00-04:00,37.08,35.05,-0.0,2.03
2025-09-14 23:00:00-04:00,32.12,30.56,-0.0,1.56
2025-09-15 00:00:00-04:00,32.49,30.94,-0.0,1.55
2025-09-15 01:00:00-04:00,30.19,28.92,-0.0,1.27
2025-09-15 02:00:00-04:00,28.73,27.62,-0.0,1.11
2025-09-15 03:00:00-04:00,27.98,27.01,-0.0,0.97
2025-09-15 04:00:00-04:00,28.72,27.64,-0.0,1.08
2025-09-15 05:00:00-04:00,29.19,28.12,-0.0,1.07
2025-09-15 06:00:00-04:00,38.0,36.36,-0.0,1.64
2025-09-15 07:00:00-04:00,42.49,40.82,-0.0,1.67
2025-09-15 08:00:00-04:00,40.29,38.42,0.37,1.5
2025-09-15 09:00:00-04:00,35.59,33.79,0.38,1.42
2025-09-15 10:00:00-04:00,34.72,33.53,-0.39,1.58
2025-09-15 11:00:00-04:00,37.14,35.25,0.09,1.8
2025-09-15 12:00:00-04:00,38.21,35.92,0.35,1.94
2025-09-15 13:00:00-04:00,41.02,38.58,0.44,2.0
2025-09-15 14:00:00-04:00,43.72,41.02,0.57,2.13
2025-09-15 15:00:00-04:00,47.64,44.54,0.7,2.4
2025-09-15 16:00:00-04:00,54.67,51.38,0.67,2.62
2025-09-15 17:00:00-04:00,67.05,63.09,0.74,3.22
2025-09-15 18:00:00-04:00,70.16,66.27,0.77,3.12
2025-09-15 19:00:00-04:00,62.39,59.38,0.34,2.67
2025-09-15 20:00:00-04:00,53.04,50.6,0.01,2.43
2025-09-15 21:00:00-04:00,45.04,42.94,-0.0,2.1
2025-09-15 22:00:00-04:00,38.87,37.05,-0.0,1.82
2025-09-15 23:00:00-04:00,34.88,33.54,-0.0,1.34
2025-09-16 00:00:00-04:00,30.32,29.04,-0.0,1.28
2025-09-16 01:00:00-04:00,29.37,28.19,-0.0,1.18
2025-09-16 02:00:00-04:00,26.63,25.66,-0.0,0.97
2025-09-16 03:00:00-04:00,25.12,24.18,-0.0,0.94
2025-09-16 04:00:00-04:00,25.26,24.31,-0.0,0.95
2025-09-16 05:00:00-04:00,29.67,28.56,-0.0,1.11
2025-09-16 06:00:00-04:00,39.44,37.63,0.27,1.54
2025-09-16 07:00:00-04:00,40.48,38.69,0.17,1.62
2025-09-16 08:00:00-04:00,37.44,35.63,0.38,1.43
2025-09-16 09:00:00-04:00,33.51,32.45,-0.4,1.46
2025-09-16 10:00:00-04:00,33.85,33.34,-1.09,1.6
2025-09-16 11:00:00-04:00,33.97,33.38,-0.98,1.57
2025-09-16 12:00:00-04:00,35.44,34.17,-0.4,1.67
2025-09-16 13:00:00-04:00,37.01,34.91,0.36,1.74
2025-09-16 14:00:00-04:00,37.9,35.81,0.3,1.79
2025-09-16 15:00:00-04:00,38.83,36.53,0.47,1.83
2025-09-16 16:00:00-04:00,43.31,40.99,0.43,1.89
2025-09-16 17:00:00-04:00,51.73,49.3,0.31,2.12
2025-09-16 18:00:00-04:00,57.94,55.44,0.39,2.11
2025-09-16 19:00:00-04:00,58.98,56.22,0.74,2.02
2025-09-16 20:00:00-04:00,45.57,43.39,0.23,1.95
2025-09-16 21:00:00-04:00,40.29,38.45,0.19,1.65
2025-09-16 22:00:00-04:00,35.54,33.81,0.24,1.49
2025-09-16 23:00:00-04:00,33.02,31.65,0.17,1.2
2025-09-17 00:00:00-04:00,35.43,33.64,0.27,1.52
2025-09-17 01:00:00-04:00,31.28,29.8,0.11,1.37
2025-09-17 02:00:00-04:00,31.1,29.74,0.11,1.25
2025-09-17 03:00:00-04:00,29.65,28.43,-0.0,1.22
2025-09-17 04:00:00-04:00,30.41,29.11,0.02,1.28
2025-09-17 05:00:00-04:00,32.82,31.3,0.11,1.41
2025-09-17 06:00:00-04:00,42.79,40.17,0.45,2.17
2025-09-17 07:00:00-04:00,47.2,44.07,0.66,2.47
2025-09-17 08:00:00-04:00,44.32,41.27,0.66,2.39
2025-09-17 09:00:00-04:00,41.23,37.78,1.14,2.31
2025-09-17 10:00:00-04:00,39.51,36.77,0.46,2.28
2025-09-17 11:00:00-04:00,39.73,36.83,0.51,2.39
2025-09-17 12:00:00-04:00,41.8,38.61,0.68,2.51
2025-09-17 13:00:00-04:00,42.75,39.79,0.61,2.35
2025-09-17 14:00:00-04:00,44.17,41.08,0.67,2.42
2025-09-17 15:00:00-04:00,47.64,44.31,0.76,2.57
2025-09-17 16:00:00-04:00,51.19,48.04,0.61,2.54
2025-09-17 17:00:00-04:00,56.57,53.7,0.19,2.68
2025-09-17 18:00:00-04:00,63.7,60.47,0.51,2.72
2025-09-17 19:00:00-04:00,61.46,58.35,0.42,2.69
2025-09-17 20:00:00-04:00,51.73,49.17,0.3,2.26
2025-09-17 21:00:00-04:00,46.1,43.45,0.61,2.04
2025-09-17 22:00:00-04:00,40.74,38.31,0.44,1.99
2025-09-17 23:00:00-04:00,36.64,34.76,0.25,1.63
2025-09-18 00:00:00-04:00,34.3,32.65,0.15,1.5
2025-09-18 01:00:00-04:00,32.28,30.84,0.08,1.36
2025-09-18 02:00:00-04:00,30.17,29.07,-0.0,1.1
2025-09-18 03:00:00-04:00,28.9,27.76,-0.0,1.14
2025-09-18 04:00:00-04:00,30.14,28.98,-0.0,1.16
2025-09-18 05:00:00-04:00,32.82,31.32,0.09,1.41
2025-09-18 06:00:00-04:00,41.92,39.41,0.38,2.13
2025-09-18 07:00:00-04:00,47.52,44.59,0.43,2.5
2025-09-18 08:00:00-04:00,45.91,42.85,0.75,2.31
2025-09-18 09:00:00-04:00,43.36,40.06,0.98,2.32
2025-09-18 10:00:00-04:00,40.76,38.0,0.44,2.32
2025-09-18 11:00:00-04:00,40.38,37.42,0.49,2.47
2025-09-18 12:00:00-04:00,43.37,40.36,0.59,2.42
2025-09-18 13:00:00-04:00,45.32,42.02,0.69,2.61
2025-09-18 14:00:00-04:00,47.43,43.83,0.75,2.85
2025-09-18 15:00:00-04:00,50.0,45.75,1.32,2.93
2025-09-18 16:00:00-04:00,52.34,48.28,0.97,3.09
2025-09-18 17:00:00-04:00,75.13,69.86,1.78,3.49
2025-09-18 18:00:00-04:00,74.31,69.63,1.54,3.14
2025-09-18 19:00:00-04:00,75.55,70.79,1.79,2.97
2025-09-18 20:00:00-04:00,60.83,57.5,0.92,2.41
2025-09-18 21:00:00-04:00,50.69,47.97,0.8,1.92
2025-09-18 22:00:00-04:00,45.68,43.36,0.58,1.74
2025-09-18 23:00:00-04:00,42.29,40.42,0.46,1.41
2025-09-19 00:00:00-04:00,35.49,34.42,-0.0,1.07
2025-09-19 01:00:00-04:00,33.38,32.51,0.06,0.81
2025-09-19 02:00:00-04:00,31.3,30.54,0.03,0.73
2025-09-19 03:00:00-04:00,29.78,29.2,-0.0,0.58
2025-09-19 04:00:00-04:00,29.51,28.99,-0.0,0.52
2025-09-19 05:00:00-04:00,33.03,32.26,-0.0,0.77
2025-09-19 06:00:00-04:00,39.65,38.35,-0.0,1.3
2025-09-19 07:00:00-04:00,45.02,43.58,-0.0,1.44
2025-09-19 08:00:00-04:00,42.22,40.31,0.5,1.41
2025-09-19 09:00:00-04:00,40.29,37.96,0.74,1.59
2025-09-19 10:00:00-04:00,39.04,36.5,0.94,1.6
2025-09-19 11:00:00-04:00,39.86,37.15,1.0,1.71
2025-09-19 12:00:00-04:00,41.58,38.56,1.17,1.85
2025-09-19 13:00:00-04:00,42.53,39.43,1.21,1.89
2025-09-19 14:00:00-04:00,45.04,41.47,1.33,2.24
2025-09-19 15:00:00-04:00,46.86,43.11,1.42,2.33
2025-09-19 16:00:00-04:00,52.5,48.73,1.24,2.53
2025-09-19 17:00:00-04:00,68.17,63.47,1.53,3.17
2025-09-19 18:00:00-04:00,65.01,61.23,0.96,2.82
2025-09-19 19:00:00-04:00,59.01,56.12,0.53,2.36
2025-09-19 20:00:00-04:00,49.6,47.57,0.12,1.91
2025-09-19 21:00:00-04:00,45.07,42.92,0.48,1.67
2025-09-19 22:00:00-04:00,41.11,39.71,0.01,1.39
2025-09-19 23:00:00-04:00,36.82,35.68,-0.0,1.14
2025-09-20 00:00:00-04:00,34.81,33.73,-0.0,1.08
2025-09-20 01:00:00-04:00,30.55,29.54,-0.0,1.01
2025-09-20 02:00:00-04:00,28.14,27.29,-0.0,0.85
2025-09-20 03:00:00-04:00,29.44,28.47,-0.0,0.97
2025-09-20 04:00:00-04:00,28.69,27.88,-0.0,0.81
2025-09-20 05:00:00-04:00,29.86,29.02,-0.0,0.84
2025-09-20 06:00:00-04:00,32.61,31.69,-0.0,0.92
2025-09-20 07:00:00-04:00,28.19,27.29,-0.0,0.9
2025-09-20 08:00:00-04:00,28.3,27.37,-0.0,0.93
2025-09-20 09:00:00-04:00,23.54,22.74,-0.0,0.8
2025-09-20 10:00:00-04:00,22.67,21.84,-0.0,0.83
2025-09-20 11:00:00-04:00,23.53,22.57,0.06,0.9
2025-09-20 12:00:00-04:00,23.52,22.53,0.07,0.92
2025-09-20 13:00:00-04:00,24.91,23.7,0.21,1.0
2025-09-20 14:00:00-04:00,25.25,24.14,0.1,1.01
2025-09-20 15:00:00-04:00,29.1,27.78,0.18,1.14
2025-09-20 16:00:00-04:00,34.15,32.26,0.47,1.42
2025-09-20 17:00:00-04:00,42.07,40.41,-0.0,1.66
2025-09-20 18:00:00-04:00,47.41,45.81,-0.0,1.6
2025-09-20 19:00:00-04:00,47.14,45.5,-0.0,1.64
2025-09-20 20:00:00-04:00,41.4,39.96,-0.0,1.44
2025-09-20 21:00:00-04:00,34.77,33.66,-0.0,1.11
2025-09-20 22:00:00-04:00,32.73,31.72,-0.0,1.01
2025-09-20 23:00:00-04:00,28.67,27.81,-0.0,0.86
2025-09-21 00:00:00-04:00,29.52,28.63,-0.0,0.89
2025-09-21 01:00:00-04:00,27.11,26.29,-0.0,0.82
2025-09-21 02:00:00-04:00,24.67,23.95,-0.0,0.72
2025-09-21 03:00:00-04:00,23.42,22.74,-0.0,0.68
2025-09-21 04:00:00-04:00,23.08,22.43,-0.0,0.65
2025-09-21 05:00:00-04:00,23.63,22.92,-0.0,0.71
2025-09-21 06:00:00-04:00,26.56,25.84,-0.0,0.72
2025-09-21 07:00:00-04:00,26.03,25.32,-0.0,0.71
2025-09-21 08:00:00-04:00,24.64,23.95,-0.0,0.69
2025-09-21 09:00:00-04:00,20.57,19.95,-0.0,0.62
2025-09-21 10:00:00-04:00,19.91,19.31,-0.0,0.6
2025-09-21 11:00:00-04:00,20.41,19.83,-0.0,0.58
2025-09-21 12:00:00-04:00,20.99,20.36,-0.0,0.63
2025-09-21 13:00:00-04:00,22.75,22.09,-0.0,0.66
2025-09-21 14:00:00-04:00,22.81,22.12,-0.0,0.69
2025-09-21 15:00:00-04:00,26.87,26.04,-0.0,0.83
2025-09-21 16:00:00-04:00,31.76,30.78,-0.0,0.98
2025-09-21 17:00:00-04:00,42.88,41.51,-0.0,1.37
2025-09-21 18:00:00-04:00,50.39,48.87,-0.0,1.52
2025-09-21 19:00:00-04:00,46.22,44.83,-0.0,1.39
2025-09-21 20:00:00-04:00,43.79,42.23,-0.0,1.56
2025-09-21 21:00:00-04:00,34.85,33.67,-0.0,1.18
2025-09-21 22:00:00-04:00,29.9,28.92,-0.0,0.98
2025-09-21 23:00:00-04:00,26.87,26.01,-0.0,0.86
2025-09-22 00:00:00-04:00,28.26,27.33,-0.0,0.93
2025-09-22 01:00:00-04:00,26.57,25.72,-0.0,0.85
2025-09-22 02:00:00-04:00,24.7,23.93,-0.0,0.77
2025-09-22 03:00:00-04:00,23.69,22.96,-0.0,0.73
2025-09-22 04:00:00-04:00,24.3,23.61,-0.0,0.69
2025-09-22 05:00:00-04:00,25.64,24.87,-0.0,0.77
2025-09-22 06:00:00-04:00,33.45,32.04,-0.0,1.41
2025-09-22 07:00:00-04:00,36.77,35.32,-0.0,1.45
2025-09-22 08:00:00-04:00,32.21,30.85,-0.0,1.36
2025-09-22 09:00:00-04:00,27.5,26.31,-0.0,1.19
2025-09-22 10:00:00-04:00,26.91,25.75,-0.0,1.16
2025-09-22 11:00:00-04:00,27.27,26.17,-0.0,1.1
2025-09-22 12:00:00-04:00,28.94,27.64,0.09,1.21
2025-09-22 13:00:00-04:00,33.42,32.28,0.11,1.03
2025-09-22 14:00:00-04:00,36.06,34.66,0.36,1.04
2025-09-22 15:00:00-04:00,37.54,36.24,0.25,1.05
2025-09-22 16:00:00-04:00,46.22,44.6,0.28,1.34
2025-09-22 17:00:00-04:00,60.27,58.86,-0.0,1.41
2025-09-22 18:00:00-04:00,62.24,60.6,-0.0,1.64
2025-09-22 19:00:00-04:00,58.71,57.39,-0.0,1.32
2025-09-22 20:00:00-04:00,50.41,49.08,-0.0,1.33
2025-09-22 21:00:00-04:00,39.96,38.83,-0.0,1.13
2025-09-22 22:00:00-04:00,36.13,35.18,-0.0,0.95
2025-09-22 23:00:00-04:00,31.98,31.14,-0.0,0.84
2025-09-23 00:00:00-04:00,35.02,34.2,-0.0,0.82
2025-09-23 01:00:00-04:00,31.28,30.55,-0.0,0.73
2025-09-23 02:00:00-04:00,31.12,30.45,-0.0,0.67
2025-09-23 03:00:00-04:00,30.13,29.48,-0.0,0.65
2025-09-23 04:00:00-04:00,30.68,30.02,-0.0,0.66
2025-09-23 05:00:00-04:00,34.74,33.93,-0.0,0.81
2025-09-23 06:00:00-04:00,46.09,44.79,-0.0,1.3
2025-09-23 07:00:00-04:00,50.82,49.39,-0.0,1.43
2025-09-23 08:00:00-04:00,47.04,45.62,-0.0,1.42
2025-09-23 09:00:00-04:00,41.0,39.06,0.38,1.56
2025-09-23 10:00:00-04:00,41.24,39.24,0.47,1.53
2025-09-23 11:00:00-04:00,41.31,39.2,0.5,1.61
2025-09-23 12:00:00-04:00,45.65,42.9,0.82,1.93
2025-09-23 13:00:00-04:00,50.79,47.45,1.16,2.18
2025-09-23 14:00:00-04:00,55.65,52.09,1.06,2.5
2025-09-23 15:00:00-04:00,62.24,58.11,1.34,2.79
2025-09-23 16:00:00-04:00,76.07,70.48,1.93,3.66
2025-09-23 17:00:00-04:00,87.52,82.58,0.73,4.21
2025-09-23 18:00:00-04:00,73.02,69.27,0.49,3.26
2025-09-23 19:00:00-04:00,69.4,66.16,0.19,3.05
2025-09-23 20:00:00-04:00,58.87,56.98,-0.5,2.39
2025-09-23 21:00:00-04:00,49.1,47.65,-0.17,1.62
2025-09-23 22:00:00-04:00,43.84,42.6,-0.0,1.24
2025-09-23 23:00:00-04:00,39.88,38.8,-0.0,1.08
2025-09-24 00:00:00-04:00,41.27,40.23,-0.0,1.04
2025-09-24 01:00:00-04:00,36.53,35.57,-0.0,0.96
2025-09-24 02:00:00-04:00,34.12,33.29,-0.0,0.83
2025-09-24 03:00:00-04:00,32.27,31.61,-0.0,0.66
2025-09-24 04:00:00-04:00,32.48,31.75,-0.0,0.73
2025-09-24 05:00:00-04:00,34.25,33.51,-0.0,0.74
2025-09-24 06:00:00-04:00,45.33,44.22,-0.0,1.11
2025-09-24 07:00:00-04:00,50.49,49.21,-0.0,1.28
2025-09-24 08:00:00-04:00,50.77,49.58,-0.0,1.19
2025-09-24 09:00:00-04:00,50.66,48.93,0.6,1.13
2025-09-24 10:00:00-04:00,50.83,49.0,0.66,1.17
2025-09-24 11:00:00-04:00,50.98,49.22,0.58,1.18
2025-09-24 12:00:00-04:00,54.38,52.06,0.86,1.46
2025-09-24 13:00:00-04:00,54.43,52.23,0.84,1.36
2025-09-24 14:00:00-04:00,58.77,56.23,1.02,1.52
2025-09-24 15:00:00-04:00,68.18,64.81,1.3,2.07
2025-09-24 16:00:00-04:00,73.24,69.82,1.25,2.17
2025-09-24 17:00:00-04:00,83.07,79.06,1.01,3.0
2025-09-24 18:00:00-04:00,72.97,69.82,1.12,2.03
2025-09-24 19:00:00-04:00,68.13,65.98,0.57,1.58
2025-09-24 20:00:00-04:00,54.37,52.86,0.14,1.37
2025-09-24 21:00:00-04:00,47.71,46.12,0.39,1.2
2025-09-24 22:00:00-04:00,43.28,41.63,0.4,1.25
2025-09-24 23:00:00-04:00,39.3,37.98,0.33,0.99
2025-09-25 00:00:00-04:00,37.04,35.96,-0.0,1.08
2025-09-25 01:00:00-04:00,33.14,32.3,-0.0,0.84
2025-09-25 02:00:00-04:00,31.81,31.03,-0.0,0.78
2025-09-25 03:00:00-04:00,30.27,29.59,-0.0,0.68
2025-09-25 04:00:00-04:00,30.91,30.21,-0.0,0.7
2025-09-25 05:00:00-04:00,32.61,31.78,-0.0,0.83
2025-09-25 06:00:00-04:00,41.5,40.37,-0.0,1.13
2025-09-25 07:00:00-04:00,45.75,44.3,0.08,1.37
2025-09-25 08:00:00-04:00,47.24,45.51,0.5,1.23
2025-09-25 09:00:00-04:00,47.33,45.24,0.6,1.49
2025-09-25 10:00:00-04:00,48.86,46.94,0.65,1.27
2025-09-25 11:00:00-04:00,50.24,48.33,0.6,1.31
2025-09-25 12:00:00-04:00,50.5,48.69,0.59,1.22
2025-09-25 13:00:00-04:00,54.92,52.89,0.6,1.43
2025-09-25 14:00:00-04:00,55.25,52.99,0.99,1.27
2025-09-25 15:00:00-04:00,58.02,55.44,1.03,1.55
2025-09-25 16:00:00-04:00,61.0,58.14,0.94,1.92
2025-09-25 17:00:00-04:00,67.73,64.48,1.13,2.12
2025-09-25 18:00:00-04:00,60.52,58.4,0.2,1.92
2025-09-25 19:00:00-04:00,59.96,57.84,0.32,1.8
2025-09-25 20:00:00-04:00,50.39,48.93,0.04,1.42
2025-09-25 21:00:00-04:00,45.33,44.01,-0.0,1.32
2025-09-25 22:00:00-04:00,41.73,39.82,0.44,1.47
2025-09-25 23:00:00-04:00,37.13,35.65,0.27,1.21
2025-09-26 00:00:00-04:00,44.27,42.15,0.61,1.51
2025-09-26 01:00:00-04:00,38.51,36.85,0.37,1.29
2025-09-26 02:00:00-04:00,34.76,33.49,0.2,1.07
2025-09-26 03:00:00-04:00,32.9,31.83,0.12,0.95
2025-09-26 04:00:00-04:00,34.23,33.13,0.17,0.93
2025-09-26 05:00:00-04:00,36.64,35.31,0.27,1.06
2025-09-26 06:00:00-04:00,45.86,44.12,0.42,1.32
2025-09-26 07:00:00-04:00,49.51,47.86,0.22,1.43
2025-09-26 08:00:00-04:00,51.21,48.99,0.8,1.42
2025-09-26 09:00:00-04:00,48.21,45.93,0.85,1.43
2025-09-26 10:00:00-04:00,45.66,43.41,0.69,1.56
2025-09-26 11:00:00-04:00,44.81,42.57,0.66,1.58
2025-09-26 12:00:00-04:00,43.98,41.72,0.64,1.62
2025-09-26 13:00:00-04:00,46.72,44.21,0.74,1.77
2025-09-26 14:00:00-04:00,48.12,45.38,0.79,1.95
2025-09-26 15:00:00-04:00,50.07,46.97,0.85,2.25
2025-09-26 16:00:00-04:00,56.89,53.51,0.97,2.41
2025-09-26 17:00:00-04:00,68.05,64.66,0.55,2.84
2025-09-26 18:00:00-04:00,69.05,65.29,0.95,2.81
2025-09-26 19:00:00-04:00,60.22,57.63,0.34,2.25
2025-09-26 20:00:00-04:00,50.58,48.65,0.27,1.66
2025-09-26 21:00:00-04:00,47.49,45.39,0.38,1.72
2025-09-26 22:00:00-04:00,46.6,44.34,0.67,1.59
2025-09-26 23:00:00-04:00,43.4,41.55,0.56,1.29
2025-09-27 00:00:00-04:00,40.83,38.83,0.6,1.4
2025-09-27 01:00:00-04:00,35.86,34.25,0.34,1.27
2025-09-27 02:00:00-04:00,34.37,33.02,0.29,1.06
2025-09-27 03:00:00-04:00,30.13,29.15,0.08,0.9
2025-09-27 04:00:00-04:00,31.59,30.51,0.17,0.91
2025-09-27 05:00:00-04:00,33.52,32.42,0.22,0.88
2025-09-27 06:00:00-04:00,35.13,33.93,0.25,0.95
2025-09-27 07:00:00-04:00,38.56,37.11,0.34,1.11
2025-09-27 08:00:00-04:00,39.42,37.4,0.86,1.16
2025-09-27 09:00:00-04:00,38.36,35.91,1.23,1.22
2025-09-27 10:00:00-04:00,37.43,35.37,0.79,1.27
2025-09-27 11:00:00-04:00,38.66,36.29,0.96,1.41
2025-09-27 12:00:00-04:00,40.1,37.85,0.93,1.32
2025-09-27 13:00:00-04:00,40.75,38.61,0.79,1.35
2025-09-27 14:00:00-04:00,41.78,39.59,0.57,1.62
2025-09-27 15:00:00-04:00,44.38,42.19,0.67,1.52
2025-09-27 16:00:00-04:00,49.9,47.57,0.85,1.48
2025-09-27 17:00:00-04:00,59.21,57.06,0.32,1.83
2025-09-27 18:00:00-04:00,58.94,57.06,0.28,1.6
2025-09-27 19:00:00-04:00,56.07,54.21,0.4,1.46
2025-09-27 20:00:00-04:00,50.61,48.66,0.54,1.41
2025-09-27 21:00:00-04:00,46.67,44.6,0.69,1.38
2025-09-27 22:00:00-04:00,42.41,40.61,0.38,1.42
2025-09-27 23:00:00-04:00,38.68,37.37,-0.0,1.31
2025-09-28 00:00:00-04:00,35.52,34.02,-0.0,1.5
2025-09-28 01:00:00-04:00,31.38,30.14,-0.0,1.24
2025-09-28 02:00:00-04:00,27.91,26.81,-0.0,1.1
2025-09-28 03:00:00-04:00,27.64,26.48,-0.0,1.16
2025-09-28 04:00:00-04:00,27.23,26.13,-0.0,1.1
2025-09-28 05:00:00-04:00,28.28,27.19,-0.0,1.09
2025-09-28 06:00:00-04:00,30.2,29.18,-0.0,1.02
2025-09-28 07:00:00-04:00,30.12,29.1,-0.0,1.02
2025-09-28 08:00:00-04:00,29.28,28.32,-0.0,0.96
2025-09-28 09:00:00-04:00,30.47,29.35,-0.0,1.12
2025-09-28 10:00:00-04:00,30.72,29.51,-0.0,1.21
2025-09-28 11:00:00-04:00,32.75,31.3,0.1,1.35
2025-09-28 12:00:00-04:00,35.27,33.48,0.25,1.54
2025-09-28 13:00:00-04:00,37.43,35.38,0.35,1.7
2025-09-28 14:00:00-04:00,39.18,37.11,0.4,1.67
2025-09-28 15:00:00-04:00,44.62,42.12,0.65,1.85
2025-09-28 16:00:00-04:00,49.77,47.08,0.9,1.79
2025-09-28 17:00:00-04:00,62.2,59.98,0.12,2.1
2025-09-28 18:00:00-04:00,67.56,65.12,0.1,2.34
2025-09-28 19:00:00-04:00,67.18,65.04,-0.0,2.14
2025-09-28 20:00:00-04:00,52.93,51.54,-0.0,1.39
2025-09-28 21:00:00-04:00,47.89,46.72,-0.0,1.17
2025-09-28 22:00:00-04:00,41.6,39.94,0.38,1.28
2025-09-28 23:00:00-04:00,37.03,35.84,0.12,1.07
2025-09-29 00:00:00-04:00,36.51,34.98,0.27,1.26
2025-09-29 01:00:00-04:00,32.21,31.15,0.09,0.97
2025-09-29 02:00:00-04:00,29.67,28.83,-0.0,0.84
2025-09-29 03:00:00-04:00,27.55,26.83,-0.0,0.72
2025-09-29 04:00:00-04:00,28.39,27.67,-0.0,0.72
2025-09-29 05:00:00-04:00,32.46,31.56,0.08,0.82
2025-09-29 06:00:00-04:00,41.57,40.1,0.27,1.2
2025-09-29 07:00:00-04:00,42.22,40.01,0.21,2.0
2025-09-29 08:00:00-04:00,40.41,37.66,0.64,2.11
2025-09-29 09:00:00-04:00,35.3,32.22,1.11,1.97
2025-09-29 10:00:00-04:00,35.61,33.08,0.38,2.15
2025-09-29 11:00:00-04:00,37.0,33.91,0.92,2.17
2025-09-29 12:00:00-04:00,38.49,35.31,0.89,2.29
2025-09-29 13:00:00-04:00,40.81,37.5,0.8,2.51
2025-09-29 14:00:00-04:00,42.53,39.02,0.82,2.69
2025-09-29 15:00:00-04:00,47.8,43.9,1.31,2.59
2025-09-29 16:00:00-04:00,51.73,48.32,1.0,2.41
2025-09-29 17:00:00-04:00,69.69,66.28,0.23,3.18
2025-09-29 18:00:00-04:00,71.71,68.48,0.22,3.01
2025-09-29 19:00:00-04:00,67.6,65.89,-0.0,1.71
2025-09-29 20:00:00-04:00,52.95,51.76,-0.0,1.19
2025-09-29 21:00:00-04:00,47.67,45.78,0.7,1.19
2025-09-29 22:00:00-04:00,43.1,41.08,0.71,1.31
2025-09-29 23:00:00-04:00,39.1,37.46,0.48,1.16
2025-09-30 00:00:00-04:00,34.21,32.88,0.15,1.18
2025-09-30 01:00:00-04:00,31.74,30.76,0.03,0.95
2025-09-30 02:00:00-04:00,29.32,28.47,-0.0,0.85
2025-09-30 03:00:00-04:00,28.42,27.59,-0.0,0.83
2025-09-30 04:00:00-04:00,29.08,28.34,-0.0,0.74
2025-09-30 05:00:00-04:00,31.21,30.45,-0.0,0.76
2025-09-30 06:00:00-04:00,42.96,41.71,-0.0,1.25
2025-09-30 07:00:00-04:00,45.44,44.0,0.07,1.37
2025-09-30 08:00:00-04:00,40.86,39.52,-0.0,1.34
2025-09-30 09:00:00-04:00,33.85,31.96,0.49,1.4
2025-09-30 10:00:00-04:00,34.46,32.44,0.43,1.59
2025-09-30 11:00:00-04:00,35.91,33.6,0.66,1.65
2025-09-30 12:00:00-04:00,36.19,37.02,-2.64,1.81
2025-09-30 13:00:00-04:00,40.0,38.44,-0.4,1.96
2025-09-30 14:00:00-04:00,42.93,39.64,1.11,2.18
2025-09-30 15:00:00-04:00,44.37,41.15,1.16,2.06
2025-09-30 16:00:00-04:00,51.89,47.79,1.62,2.48
2025-09-30 17:00:00-04:00,69.08,64.03,2.1,2.95
2025-09-30 18:00:00-04:00,70.58,66.31,1.42,2.85
2025-09-30 19:00:00-04:00,63.52,60.29,0.88,2.35
2025-09-30 20:00:00-04:00,50.94,48.5,0.55,1.89
2025-09-30 21:00:00-04:00,41.62,39.6,0.36,1.66
2025-09-30 22:00:00-04:00,36.95,34.98,0.5,1.47
2025-09-30 23:00:00-04:00,33.0,31.7,0.07,1.23
2025-10-01 00:00:00-04:00,30.25,29.14,-0.0,1.11
2025-10-01 01:00:00-04:00,27.86,26.92,-0.0,0.94
2025-10-01 02:00:00-04:00,25.9,25.1,-0.0,0.8
2025-10-01 03:00:00-04:00,25.52,24.8,-0.0,0.72
2025-10-01 04:00:00-04:00,26.81,26.0,-0.0,0.81
2025-10-01 05:00:00-04:00,31.14,30.26,-0.0,0.88
2025-10-01 06:00:00-04:00,41.35,39.99,-0.0,1.36
2025-10-01 07:00:00-04:00,44.5,43.08,-0.0,1.42
2025-10-01 08:00:00-04:00,38.19,36.31,0.54,1.34
2025-10-01 09:00:00-04:00,31.23,29.9,0.19,1.14
2025-10-01 10:00:00-04:00,27.78,26.64,-0.0,1.14
2025-10-01 11:00:00-04:00,27.11,25.89,0.08,1.14
2025-10-01 12:00:00-04:00,26.79,25.39,0.23,1.17
2025-10-01 13:00:00-04:00,28.63,26.8,0.41,1.42
2025-10-01 14:00:00-04:00,27.79,26.1,0.23,1.46
2025-10-01 15:00:00-04:00,31.17,29.3,0.29,1.58
2025-10-01 16:00:00-04:00,37.46,35.22,0.44,1.8
2025-10-01 17:00:00-04:00,45.29,43.42,-0.0,1.87
2025-10-01 18:00:00-04:00,51.0,49.42,-0.0,1.58
2025-10-01 19:00:00-04:00,51.17,49.68,-0.0,1.49
2025-10-01 20:00:00-04:00,43.67,42.05,0.02,1.6
2025-10-01 21:00:00-04:00,37.64,36.19,-0.0,1.45
2025-10-01 22:00:00-04:00,33.56,32.15,0.22,1.19
2025-10-01 23:00:00-04:00,30.41,29.47,-0.0,0.94
2025-10-02 00:00:00-04:00,29.51,28.6,-0.0,0.91
2025-10-02 01:00:00-04:00,27.3,26.48,-0.0,0.82
2025-10-02 02:00:00-04:00,26.21,25.52,-0.0,0.69
2025-10-02 03:00:00-04:00,25.86,25.18,-0.0,0.68
2025-10-02 04:00:00-04:00,27.13,26.44,-0.0,0.69
2025-10-02 05:00:00-04:00,31.26,30.47,-0.0,0.79
2025-10-02 06:00:00-04:00,44.52,43.43,-0.0,1.09
2025-10-02 07:00:00-04:00,48.48,47.39,-0.0,1.09
2025-10-02 08:00:00-04:00,39.8,38.68,-0.0,1.12
2025-10-02 09:00:00-04:00,30.73,29.84,-0.0,0.89
2025-10-02 10:00:00-04:00,28.78,27.86,-0.0,0.92
2025-10-02 11:00:00-04:00,26.97,26.11,-0.0,0.86
2025-10-02 12:00:00-04:00,26.64,25.74,-0.0,0.9
2025-10-02 13:00:00-04:00,28.01,26.96,-0.0,1.05
2025-10-02 14:00:00-04:00,28.45,27.3,-0.0,1.15
2025-10-02 15:00:00-04:00,29.61,28.31,-0.0,1.3
2025-10-02 16:00:00-04:00,35.27,33.85,-0.0,1.42
2025-10-02 17:00:00-04:00,46.8,45.05,-0.0,1.75
2025-10-02 18:00:00-04:00,58.37,56.34,-0.0,2.03
2025-10-02 19:00:00-04:00,57.58,55.74,-0.0,1.84
2025-10-02 20:00:00-04:00,45.98,44.34,-0.0,1.64
2025-10-02 21:00:00-04:00,40.1,38.56,-0.0,1.54
2025-10-02 22:00:00-04:00,33.81,32.51,-0.0,1.3
2025-10-02 23:00:00-04:00,31.73,30.63,-0.0,1.1
2025-10-03 00:00:00-04:00,30.19,29.14,-0.0,1.05
2025-10-03 01:00:00-04:00,28.05,27.05,-0.0,1.0
2025-10-03 02:00:00-04:00,26.8,25.89,-0.0,0.91
2025-10-03 03:00:00-04:00,26.9,25.89,-0.0,1.01
2025-10-03 04:00:00-04:00,28.11,27.21,-0.0,0.9
2025-10-03 05:00:00-04:00,31.48,30.48,-0.0,1.0
2025-10-03 06:00:00-04:00,42.7,41.14,-0.0,1.56
2025-10-03 07:00:00-04:00,48.74,47.09,-0.0,1.65
2025-10-03 08:00:00-04:00,37.79,36.37,-0.0,1.42
2025-10-03 09:00:00-04:00,30.39,29.31,-0.0,1.08
2025-10-03 10:00:00-04:00,27.6,26.51,-0.0,1.09
2025-10-03 11:00:00-04:00,26.77,25.77,-0.0,1.0
2025-10-03 12:00:00-04:00,26.88,25.76,0.06,1.06
2025-10-03 13:00:00-04:00,27.9,26.67,0.06,1.17
2025-10-03 14:00:00-04:00,29.34,27.93,0.18,1.23
2025-10-03 15:00:00-04:00,32.0,30.5,0.25,1.25
2025-10-03 16:00:00-04:00,39.04,37.0,0.67,1.37
2025-10-03 17:00:00-04:00,47.18,45.9,-0.0,1.28
2025-10-03 18:00:00-04:00,58.62,57.14,-0.0,1.48
2025-10-03 19:00:00-04:00,62.97,61.07,0.19,1.71
2025-10-03 20:00:00-04:00,45.52,44.32,-0.0,1.2
2025-10-03 21:00:00-04:00,39.95,38.64,-0.0,1.31
2025-10-03 22:00:00-04:00,34.9,33.75,-0.0,1.15
2025-10-03 23:00:00-04:00,32.69,31.71,-0.0,0.98
2025-10-04 00:00:00-04:00,32.45,31.57,-0.0,0.88
2025-10-04 01:00:00-04:00,28.72,27.91,-0.0,0.81
2025-10-04 02:00:00-04:00,27.55,26.8,-0.0,0.75
2025-10-04 03:00:00-04:00,25.82,25.22,-0.0,0.6
2025-10-04 04:00:00-04:00,26.17,25.51,-0.0,0.66
2025-10-04 05:00:00-04:00,28.69,27.88,-0.0,0.81
2025-10-04 06:00:00-04:00,38.18,37.03,-0.0,1.15
2025-10-04 07:00:00-04:00,39.84,38.46,-0.0,1.38
2025-10-04 08:00:00-04:00,34.12,32.94,-0.0,1.18
2025-10-04 09:00:00-04:00,28.03,27.08,-0.0,0.95
2025-10-04 10:00:00-04:00,27.37,26.37,-0.0,1.0
2025-10-04 11:00:00-04:00,27.16,26.19,-0.0,0.97
2025-10-04 12:00:00-04:00,28.39,27.33,-0.0,1.06
2025-10-04 13:00:00-04:00,30.79,29.42,0.19,1.18
2025-10-04 14:00:00-04:00,33.36,31.71,0.22,1.43
2025-10-04 15:00:00-04:00,37.59,35.45,0.4,1.74
2025-10-04 16:00:00-04:00,45.49,43.78,-0.0,1.71
2025-10-04 17:00:00-04:00,65.54,63.32,-0.0,2.22
2025-10-04 18:00:00-04:00,75.6,73.31,-0.2,2.49
2025-10-04 19:00:00-04:00,71.97,70.07,-0.06,1.96
2025-10-04 20:00:00-04:00,50.72,49.39,-0.0,1.33
2025-10-04 21:00:00-04:00,43.95,42.42,-0.0,1.53
2025-10-04 22:00:00-04:00,38.54,37.09,-0.0,1.45
2025-10-04 23:00:00-04:00,35.07,33.85,-0.0,1.22
2025-10-05 00:00:00-04:00,38.6,37.19,-0.0,1.41
2025-10-05 01:00:00-04:00,33.87,32.5,-0.0,1.37
2025-10-05 02:00:00-04:00,30.2,29.01,-0.0,1.19
2025-10-05 03:00:00-04:00,28.56,27.46,-0.0,1.1
2025-10-05 04:00:00-04:00,28.72,27.61,-0.0,1.11
2025-10-05 05:00:00-04:00,28.91,27.88,-0.0,1.03
2025-10-05 06:00:00-04:00,33.18,32.06,-0.0,1.12
2025-10-05 07:00:00-04:00,34.37,33.08,-0.0,1.29
2025-10-05 08:00:00-04:00,29.19,28.15,-0.0,1.04
2025-10-05 09:00:00-04:00,27.14,26.05,-0.0,1.09
2025-10-05 10:00:00-04:00,27.32,26.14,-0.0,1.18
2025-10-05 11:00:00-04:00,29.46,28.14,-0.0,1.32
2025-10-05 12:00:00-04:00,32.92,31.41,-0.0,1.51
2025-10-05 13:00:00-04:00,34.92,33.29,-0.0,1.63
2025-10-05 14:00:00-04:00,37.65,35.55,0.22,1.88
2025-10-05 15:00:00-04:00,44.37,42.38,-0.09,2.08
2025-10-05 16:00:00-04:00,58.24,55.52,-0.0,2.72
2025-10-05 17:00:00-04:00,84.92,80.29,-0.02,4.65
2025-10-05 18:00:00-04:00,89.88,84.71,-0.0,5.17
2025-10-05 19:00:00-04:00,80.95,77.02,-0.0,3.93
2025-10-05 20:00:00-04:00,64.98,62.24,-0.0,2.74
2025-10-05 21:00:00-04:00,47.18,45.15,-0.0,2.03
2025-10-05 22:00:00-04:00,42.73,40.73,-0.0,2.0
2025-10-05 23:00:00-04:00,36.78,35.06,-0.0,1.72
2025-10-06 00:00:00-04:00,35.42,33.64,-0.0,1.78
2025-10-06 01:00:00-04:00,31.39,29.84,-0.0,1.55
2025-10-06 02:00:00-04:00,28.96,27.66,-0.0,1.3
2025-10-06 03:00:00-04:00,27.98,26.7,-0.0,1.28
2025-10-06 04:00:00-04:00,29.43,28.16,-0.0,1.27
2025-10-06 05:00:00-04:00,33.29,31.83,-0.0,1.46
2025-10-06 06:00:00-04:00,38.75,36.8,-0.0,1.95
2025-10-06 07:00:00-04:00,46.26,43.97,-0.0,2.29
2025-10-06 08:00:00-04:00,45.93,43.45,-0.0,2.48
2025-10-06 09:00:00-04:00,40.18,37.91,-0.0,2.27
2025-10-06 10:00:00-04:00,43.02,40.69,-0.03,2.36
2025-10-06 11:00:00-04:00,44.05,41.7,-0.07,2.42
2025-10-06 12:00:00-04:00,45.41,43.04,-0.12,2.49
2025-10-06 13:00:00-04:00,49.98,47.96,-0.33,2.35
2025-10-06 14:00:00-04:00,52.56,50.6,-0.42,2.38
2025-10-06 15:00:00-04:00,59.24,57.17,-0.73,2.8
2025-10-06 16:00:00-04:00,80.56,76.25,-0.42,4.73
2025-10-06 17:00:00-04:00,108.75,101.61,-0.49,7.63
2025-10-06 18:00:00-04:00,117.49,109.59,-0.0,7.9
2025-10-06 19:00:00-04:00,97.86,91.89,-0.0,5.97
2025-10-06 20:00:00-04:00,68.9,65.62,-0.0,3.28
2025-10-06 21:00:00-04:00,50.49,48.46,-0.0,2.03
2025-10-06 22:00:00-04:00,46.04,43.97,-0.0,2.07
2025-10-06 23:00:00-04:00,40.53,38.64,-0.0,1.89
2025-10-07 00:00:00-04:00,36.83,35.08,-0.0,1.75
2025-10-07 01:00:00-04:00,32.02,30.73,-0.0,1.29
2025-10-07 02:00:00-04:00,31.3,30.01,-0.0,1.29
2025-10-07 03:00:00-04:00,30.18,28.85,-0.0,1.33
2025-10-07 04:00:00-04:00,30.12,28.82,-0.0,1.3
2025-10-07 05:00:00-04:00,33.24,31.78,-0.0,1.46
2025-10-07 06:00:00-04:00,41.99,40.22,-0.0,1.77
2025-10-07 07:00:00-04:00,47.98,45.87,-0.0,2.11
2025-10-07 08:00:00-04:00,45.91,43.81,-0.0,2.1
2025-10-07 09:00:00-04:00,40.84,38.86,-0.0,1.98
2025-10-07 10:00:00-04:00,40.77,38.68,-0.0,2.09
2025-10-07 11:00:00-04:00,41.41,38.77,-0.0,2.64
2025-10-07 12:00:00-04:00,43.59,41.28,-0.0,2.31
2025-10-07 13:00:00-04:00,46.0,43.52,-0.0,2.48
2025-10-07 14:00:00-04:00,49.64,46.96,-0.0,2.68
2025-10-07 15:00:00-04:00,58.2,55.06,-0.0,3.14
2025-10-07 16:00:00-04:00,78.38,73.59,-0.14,4.93
2025-10-07 17:00:00-04:00,107.26,97.48,1.69,8.09
2025-10-07 18:00:00-04:00,118.06,106.79,2.41,8.86
2025-10-07 19:00:00-04:00,92.76,85.64,0.87,6.25
2025-10-07 20:00:00-04:00,71.65,67.85,-0.0,3.8
2025-10-07 21:00:00-04:00,51.54,49.09,-0.0,2.45
2025-10-07 22:00:00-04:00,45.11,43.21,-0.0,1.9
2025-10-07 23:00:00-04:00,41.48,39.58,-0.0,1.9
2025-10-08 00:00:00-04:00,43.14,41.24,-0.0,1.9
2025-10-08 01:00:00-04:00,39.73,37.98,-0.0,1.75
2025-10-08 02:00:00-04:00,36.29,34.76,-0.0,1.53
2025-10-08 03:00:00-04:00,36.36,34.76,-0.0,1.6
2025-10-08 04:00:00-04:00,36.8,35.15,-0.0,1.65
2025-10-08 05:00:00-04:00,39.66,37.88,-0.0,1.78
2025-10-08 06:00:00-04:00,51.54,49.46,-0.0,2.08
2025-10-08 07:00:00-04:00,62.04,59.37,-0.0,2.67
2025-10-08 08:00:00-04:00,60.0,57.31,-0.0,2.69
2025-10-08 09:00:00-04:00,51.77,49.26,-0.0,2.51
2025-10-08 10:00:00-04:00,47.46,45.16,-0.0,2.3
2025-10-08 11:00:00-04:00,45.71,43.33,-0.0,2.38
2025-10-08 12:00:00-04:00,44.02,41.45,-0.0,2.57
2025-10-08 13:00:00-04:00,43.26,40.73,-0.0,2.53
2025-10-08 14:00:00-04:00,40.85,38.26,0.07,2.52
2025-10-08 15:00:00-04:00,42.41,39.82,-0.0,2.59
2025-10-08 16:00:00-04:00,46.55,43.96,-0.0,2.59
2025-10-08 17:00:00-04:00,63.29,59.82,-0.0,3.47
2025-10-08 18:00:00-04:00,69.09,65.86,-0.0,3.23
2025-10-08 19:00:00-04:00,61.68,59.37,-0.0,2.31
2025-10-08 20:00:00-04:00,47.59,45.85,-0.0,1.74
2025-10-08 21:00:00-04:00,43.86,42.05,-0.0,1.81
2025-10-08 22:00:00-04:00,39.8,38.16,-0.0,1.64
2025-10-08 23:00:00-04:00,35.52,34.25,-0.0,1.27
2025-10-09 00:00:00-04:00,33.14,31.83,-0.0,1.31
2025-10-09 01:00:00-04:00,29.04,28.03,-0.0,1.01
2025-10-09 02:00:00-04:00,28.08,27.18,-0.0,0.9
2025-10-09 03:00:00-04:00,27.54,26.66,-0.0,0.88
2025-10-09 04:00:00-04:00,28.57,27.66,-0.0,0.91
2025-10-09 05:00:00-04:00,33.15,32.12,-0.0,1.03
2025-10-09 06:00:00-04:00,50.82,49.15,-0.0,1.67
2025-10-09 07:00:00-04:00,59.19,57.08,-0.0,2.11
2025-10-09 08:00:00-04:00,45.12,43.38,-0.0,1.74
2025-10-09 09:00:00-04:00,32.55,31.24,-0.0,1.31
2025-10-09 10:00:00-04:00,30.46,29.26,-0.0,1.2
2025-10-09 11:00:00-04:00,28.4,27.18,-0.0,1.22
2025-10-09 12:00:00-04:00,28.99,27.71,-0.0,1.28
2025-10-09 13:00:00-04:00,29.74,28.38,-0.0,1.36
2025-10-09 14:00:00-04:00,29.75,26.28,2.13,1.34
2025-10-09 15:00:00-04:00,31.23,28.59,1.18,1.46
2025-10-09 16:00:00-04:00,35.99,34.44,-0.0,1.55
2025-10-09 17:00:00-04:00,50.65,48.75,-0.0,1.9
2025-10-09 18:00:00-04:00,63.36,61.16,-0.0,2.2
2025-10-09 19:00:00-04:00,63.49,61.4,-0.0,2.09
2025-10-09 20:00:00-04:00,48.2,46.71,-0.0,1.49
2025-10-09 21:00:00-04:00,42.92,41.47,-0.0,1.45
2025-10-09 22:00:00-04:00,40.01,38.88,-0.0,1.13
2025-10-09 23:00:00-04:00,35.88,34.94,-0.0,0.94
2025-10-10 00:00:00-04:00,38.32,37.17,-0.0,1.15
2025-10-10 01:00:00-04:00,35.18,34.25,-0.0,0.93
2025-10-10 02:00:00-04:00,33.58,32.6,-0.0,0.98
2025-10-10 03:00:00-04:00,32.93,31.91,-0.0,1.02
2025-10-10 04:00:00-04:00,33.36,32.42,-0.0,0.94
2025-10-10 05:00:00-04:00,37.89,36.75,-0.0,1.14
2025-10-10 06:00:00-04:00,57.18,55.41,-0.0,1.77
2025-10-10 07:00:00-04:00,71.7,69.34,-0.0,2.36
2025-10-10 08:00:00-04:00,47.65,46.0,-0.0,1.65
2025-10-10 09:00:00-04:00,36.44,34.97,-0.0,1.47
2025-10-10 10:00:00-04:00,32.36,30.62,0.27,1.47
2025-10-10 11:00:00-04:00,32.08,30.67,-0.0,1.41
2025-10-10 12:00:00-04:00,30.68,27.54,1.85,1.29
2025-10-10 13:00:00-04:00,29.15,24.92,3.03,1.2
2025-10-10 14:00:00-04:00,30.51,24.66,4.67,1.18
2025-10-10 15:00:00-04:00,33.8,26.46,6.04,1.3
2025-10-10 16:00:00-04:00,37.46,32.65,3.15,1.66
2025-10-10 17:00:00-04:00,49.59,47.73,-0.0,1.86
2025-10-10 18:00:00-04:00,60.81,58.7,-0.0,2.11
2025-10-10 19:00:00-04:00,59.56,57.21,-0.0,2.35
2025-10-10 20:00:00-04:00,47.13,45.32,-0.0,1.81
2025-10-10 21:00:00-04:00,41.36,39.54,-0.0,1.82
2025-10-10 22:00:00-04:00,37.85,36.15,-0.0,1.7
2025-10-10 23:00:00-04:00,34.53,33.11,-0.0,1.42
2025-10-11 00:00:00-04:00,36.0,34.45,-0.0,1.55
2025-10-11 01:00:00-04:00,30.67,29.38,-0.0,1.29
2025-10-11 02:00:00-04:00,29.49,28.3,-0.0,1.19
2025-10-11 03:00:00-04:00,28.43,27.26,-0.0,1.17
2025-10-11 04:00:00-04:00,29.65,28.51,-0.0,1.14
2025-10-11 05:00:00-04:00,31.84,30.76,-0.0,1.08
2025-10-11 06:00:00-04:00,39.25,37.67,-0.0,1.58
2025-10-11 07:00:00-04:00,42.95,41.18,-0.0,1.77
2025-10-11 08:00:00-04:00,38.72,37.05,-0.0,1.67
2025-10-11 09:00:00-04:00,33.58,32.13,-0.0,1.45
2025-10-11 10:00:00-04:00,31.91,30.48,-0.0,1.43
2025-10-11 11:00:00-04:00,33.59,32.14,-0.0,1.45
2025-10-11 12:00:00-04:00,33.79,32.27,-0.0,1.52
2025-10-11 13:00:00-04:00,33.96,32.44,-0.0,1.52
2025-10-11 14:00:00-04:00,34.83,33.2,-0.0,1.63
2025-10-11 15:00:00-04:00,38.24,36.63,-0.0,1.61
2025-10-11 16:00:00-04:00,43.33,41.46,-0.0,1.87
2025-10-11 17:00:00-04:00,50.95,49.09,-0.0,1.86
2025-10-11 18:00:00-04:00,61.88,59.5,-0.0,2.38
2025-10-11 19:00:00-04:00,56.92,54.89,-0.0,2.03
2025-10-11 20:00:00-04:00,45.74,44.11,-0.0,1.63
2025-10-11 21:00:00-04:00,40.25,38.63,-0.0,1.62
2025-10-11 22:00:00-04:00,38.01,36.55,-0.0,1.46
2025-10-11 23:00:00-04:00,34.35,33.06,-0.0,1.29
2025-10-12 00:00:00-04:00,38.79,37.12,-0.0,1.67
2025-10-12 01:00:00-04:00,34.9,33.43,-0.0,1.47
2025-10-12 02:00:00-04:00,32.45,31.14,-0.0,1.31
2025-10-12 03:00:00-04:00,31.37,30.22,-0.0,1.15
2025-10-12 04:00:00-04:00,31.83,30.67,-0.0,1.16
2025-10-12 05:00:00-04:00,33.52,32.17,-0.0,1.35
2025-10-12 06:00:00-04:00,37.44,36.1,-0.0,1.34
2025-10-12 07:00:00-04:00,39.71,38.29,-0.0,1.42
2025-10-12 08:00:00-04:00,38.52,37.0,-0.0,1.52
2025-10-12 09:00:00-04:00,39.09,37.48,-0.0,1.61
2025-10-12 10:00:00-04:00,39.51,37.7,-0.0,1.81
2025-10-12 11:00:00-04:00,39.84,38.02,-0.0,1.82
2025-10-12 12:00:00-04:00,39.59,37.81,-0.0,1.78
2025-10-12 13:00:00-04:00,40.96,38.97,-0.0,1.99
2025-10-12 14:00:00-04:00,40.58,38.58,-0.0,2.0
2025-10-12 15:00:00-04:00,41.59,39.5,-0.0,2.09
2025-10-12 16:00:00-04:00,46.69,44.26,-0.0,2.43
2025-10-12 17:00:00-04:00,58.61,55.56,-0.0,3.05
2025-10-12 18:00:00-04:00,67.76,64.53,-0.0,3.23
2025-10-12 19:00:00-04:00,64.74,61.66,-0.0,3.08
2025-10-12 20:00:00-04:00,48.29,46.03,-0.0,2.26
2025-10-12 21:00:00-04:00,43.45,41.34,-0.0,2.11
2025-10-12 22:00:00-04:00,40.71,39.03,-0.0,1.68
2025-10-12 23:00:00-04:00,37.17,35.64,-0.0,1.53
2025-10-13 00:00:00-04:00,36.19,34.67,-0.0,1.52
2025-10-13 01:00:00-04:00,34.42,33.13,-0.0,1.29
2025-10-13 02:00:00-04:00,32.3,31.21,-0.0,1.09
2025-10-13 03:00:00-04:00,31.87,30.76,-0.0,1.11
2025-10-13 04:00:00-04:00,31.86,30.84,-0.0,1.02
2025-10-13 05:00:00-04:00,33.94,32.63,-0.0,1.31
2025-10-13 06:00:00-04:00,42.29,40.82,-0.0,1.47
2025-10-13 07:00:00-04:00,48.26,47.82,-1.33,1.77
2025-10-13 08:00:00-04:00,51.55,49.76,-0.0,1.79
2025-10-13 09:00:00-04:00,48.85,47.11,-0.0,1.74
2025-10-13 10:00:00-04:00,50.66,48.76,-0.0,1.9
2025-10-13 11:00:00-04:00,49.58,47.72,-0.0,1.86
2025-10-13 12:00:00-04:00,48.59,46.68,-0.0,1.91
2025-10-13 13:00:00-04:00,48.62,46.66,-0.0,1.96
2025-10-13 14:00:00-04:00,48.24,46.3,-0.0,1.94
2025-10-13 15:00:00-04:00,49.1,47.35,-0.0,1.75
2025-10-13 16:00:00-04:00,53.41,51.41,-0.0,2.0
2025-10-13 17:00:00-04:00,62.24,59.84,-0.0,2.4
2025-10-13 18:00:00-04:00,68.88,66.23,-0.0,2.65
2025-10-13 19:00:00-04:00,67.03,64.64,-0.0,2.39
2025-10-13 20:00:00-04:00,52.26,50.3,-0.0,1.96
2025-10-13 21:00:00-04:00,44.45,42.95,-0.26,1.76
2025-10-13 22:00:00-04:00,41.94,41.13,-0.67,1.48
2025-10-13 23:00:00-04:00,38.73,38.51,-0.78,1.0
2025-10-14 00:00:00-04:00,38.39,37.13,-0.0,1.26
2025-10-14 01:00:00-04:00,36.35,35.19,-0.0,1.16
2025-10-14 02:00:00-04:00,34.57,33.53,-0.0,1.04
2025-10-14 03:00:00-04:00,34.51,33.41,-0.0,1.1
2025-10-14 04:00:00-04:00,34.95,33.84,-0.0,1.11
2025-10-14 05:00:00-04:00,38.01,36.76,-0.0,1.25
2025-10-14 06:00:00-04:00,50.46,48.75,-0.0,1.71
2025-10-14 07:00:00-04:00,65.53,62.89,-0.0,2.64
2025-10-14 08:00:00-04:00,63.35,60.74,-0.0,2.61
2025-10-14 09:00:00-04:00,50.85,48.89,-0.0,1.96
2025-10-14 10:00:00-04:00,49.88,47.91,-0.0,1.97
2025-10-14 11:00:00-04:00,49.65,47.47,-0.0,2.18
2025-10-14 12:00:00-04:00,43.16,45.59,-4.53,2.1
2025-10-14 13:00:00-04:00,43.25,45.69,-4.54,2.1
2025-10-14 14:00:00-04:00,41.47,43.72,-4.35,2.1
2025-10-14 15:00:00-04:00,45.8,43.7,-0.0,2.1
2025-10-14 16:00:00-04:00,51.54,49.18,-0.0,2.36
2025-10-14 17:00:00-04:00,65.36,62.37,-0.0,2.99
2025-10-14 18:00:00-04:00,81.47,77.67,-0.0,3.8
2025-10-14 19:00:00-04:00,74.94,71.51,-0.0,3.43
2025-10-14 20:00:00-04:00,55.91,53.4,-0.0,2.51
2025-10-14 21:00:00-04:00,46.62,44.44,-0.0,2.18
2025-10-14 22:00:00-04:00,40.81,39.09,-0.0,1.72
2025-10-14 23:00:00-04:00,38.89,37.36,-0.0,1.53
2025-10-15 00:00:00-04:00,37.07,35.68,-0.0,1.39
2025-10-15 01:00:00-04:00,34.86,33.55,-0.0,1.31
2025-10-15 02:00:00-04:00,34.4,33.21,-0.0,1.19
2025-10-15 03:00:00-04:00,33.28,32.09,-0.0,1.19
2025-10-15 04:00:00-04:00,34.49,33.23,-0.0,1.26
2025-10-15 05:00:00-04:00,36.16,34.77,-0.0,1.39
2025-10-15 06:00:00-04:00,45.51,43.22,-0.0,2.29
2025-10-15 07:00:00-04:00,55.24,52.11,-0.0,3.13
2025-10-15 08:00:00-04:00,50.21,47.59,-0.0,2.62
2025-10-15 09:00:00-04:00,40.02,37.79,-0.0,2.23
2025-10-15 10:00:00-04:00,38.99,36.78,-0.0,2.21
2025-10-15 11:00:00-04:00,37.95,35.64,-0.0,2.31
2025-10-15 12:00:00-04:00,37.42,35.17,-0.0,2.25
2025-10-15 13:00:00-04:00,37.87,35.9,-0.0,1.97
2025-10-15 14:00:00-04:00,37.19,35.25,-0.0,1.94
2025-10-15 15:00:00-04:00,38.75,36.8,-0.0,1.95
2025-10-15 16:00:00-04:00,43.54,41.31,-0.0,2.23
2025-10-15 17:00:00-04:00,57.19,54.47,-0.0,2.72
2025-10-15 18:00:00-04:00,72.82,69.62,-0.0,3.2
2025-10-15 19:00:00-04:00,72.56,69.37,-0.0,3.19
2025-10-15 20:00:00-04:00,53.84,51.57,-0.0,2.27
2025-10-15 21:00:00-04:00,44.45,42.66,-0.0,1.79
2025-10-15 22:00:00-04:00,39.92,38.38,-0.0,1.54
2025-10-15 23:00:00-04:00,36.07,34.71,0.08,1.28
2025-10-16 00:00:00-04:00,37.43,35.56,0.2,1.67
2025-10-16 01:00:00-04:00,36.24,34.81,-0.0,1.43
2025-10-16 02:00:00-04:00,35.8,34.52,-0.0,1.28
2025-10-16 03:00:00-04:00,35.39,34.13,-0.0,1.26
2025-10-16 04:00:00-04:00,35.17,33.98,-0.0,1.19
2025-10-16 05:00:00-04:00,37.35,35.84,-0.0,1.51
2025-10-16 06:00:00-04:00,52.47,50.55,-0.0,1.92
2025-10-16 07:00:00-04:00,73.16,70.15,-0.0,3.01
2025-10-16 08:00:00-04:00,52.13,50.42,-0.0,1.71
2025-10-16 09:00:00-04:00,42.22,40.64,-0.0,1.58
2025-10-16 10:00:00-04:00,35.72,33.8,0.4,1.52
2025-10-16 11:00:00-04:00,35.56,33.2,0.83,1.53
2025-10-16 12:00:00-04:00,33.15,30.99,0.55,1.61
2025-10-16 13:00:00-04:00,32.1,30.03,0.42,1.65
2025-10-16 14:00:00-04:00,32.06,29.91,0.42,1.73
2025-10-16 15:00:00-04:00,33.49,31.72,-0.0,1.77
2025-10-16 16:00:00-04:00,39.4,37.24,-0.0,2.16
2025-10-16 17:00:00-04:00,54.75,52.24,-0.0,2.51
2025-10-16 18:00:00-04:00,70.54,67.5,-0.0,3.04
2025-10-16 19:00:00-04:00,71.53,68.38,-0.0,3.15
2025-10-16 20:00:00-04:00,52.32,50.26,-0.0,2.06
2025-10-16 21:00:00-04:00,45.01,43.16,-0.0,1.85
2025-10-16 22:00:00-04:00,42.76,40.84,-0.0,1.92
2025-10-16 23:00:00-04:00,39.66,37.99,-0.0,1.67
2025-10-17 00:00:00-04:00,40.3,38.68,-0.0,1.62
2025-10-17 01:00:00-04:00,37.67,36.22,-0.0,1.45
2025-10-17 02:00:00-04:00,36.28,34.98,-0.0,1.3
2025-10-17 03:00:00-04:00,35.58,34.35,-0.0,1.23
2025-10-17 04:00:00-04:00,35.96,34.81,-0.0,1.15
2025-10-17 05:00:00-04:00,39.73,38.06,0.37,1.3
2025-10-17 06:00:00-04:00,53.56,52.05,-0.0,1.51
2025-10-17 07:00:00-04:00,72.12,68.19,1.41,2.52
2025-10-17 08:00:00-04:00,52.07,50.65,-0.0,1.42
2025-10-17 09:00:00-04:00,39.47,36.82,1.36,1.29
2025-10-17 10:00:00-04:00,36.0,33.14,1.44,1.42
2025-10-17 11:00:00-04:00,35.03,32.06,1.59,1.38
2025-10-17 12:00:00-04:00,33.02,30.28,1.35,1.39
2025-10-17 13:00:00-04:00,32.84,30.24,1.09,1.51
2025-10-17 14:00:00-04:00,32.58,29.83,1.11,1.64
2025-10-17 15:00:00-04:00,34.68,32.01,0.94,1.73
2025-10-17 16:00:00-04:00,40.7,38.3,0.37,2.03
2025-10-17 17:00:00-04:00,54.25,52.01,-0.0,2.24
2025-10-17 18:00:00-04:00,62.7,60.23,-0.0,2.47
2025-10-17 19:00:00-04:00,61.11,58.65,-0.0,2.46
2025-10-17 20:00:00-04:00,48.55,46.73,-0.0,1.82
2025-10-17 21:00:00-04:00,44.26,42.64,-0.0,1.62
2025-10-17 22:00:00-04:00,41.1,39.52,-0.0,1.58
2025-10-17 23:00:00-04:00,38.14,36.29,0.29,1.56
2025-10-18 00:00:00-04:00,39.5,37.69,-0.0,1.81
2025-10-18 01:00:00-04:00,37.86,36.19,-0.0,1.67
2025-10-18 02:00:00-04:00,34.98,33.27,0.15,1.56
2025-10-18 03:00:00-04:00,33.55,32.04,-0.0,1.51
2025-10-18 04:00:00-04:00,34.46,32.94,-0.0,1.52
2025-10-18 05:00:00-04:00,37.07,35.37,-0.0,1.7
2025-10-18 06:00:00-04:00,43.25,41.27,-0.0,1.98
2025-10-18 07:00:00-04:00,48.25,45.87,-0.0,2.38
2025-10-18 08:00:00-04:00,45.11,42.96,-0.0,2.15
2025-10-18 09:00:00-04:00,35.15,33.7,-0.0,1.45
2025-10-18 10:00:00-04:00,32.9,31.45,-0.0,1.45
2025-10-18 11:00:00-04:00,30.14,28.81,-0.0,1.33
2025-10-18 12:00:00-04:00,28.97,27.67,-0.0,1.3
2025-10-18 13:00:00-04:00,29.35,28.03,-0.0,1.32
2025-10-18 14:00:00-04:00,29.29,27.84,-0.0,1.45
2025-10-18 15:00:00-04:00,34.26,32.57,-0.0,1.69
2025-10-18 16:00:00-04:00,41.46,39.3,-0.04,2.2
2025-10-18 17:00:00-04:00,55.88,53.31,-0.31,2.88
2025-10-18 18:00:00-04:00,60.11,57.31,-0.35,3.15
2025-10-18 19:00:00-04:00,58.26,55.52,-0.42,3.16
2025-10-18 20:00:00-04:00,44.79,42.61,-0.38,2.56
2025-10-18 21:00:00-04:00,40.66,38.62,-0.2,2.24
2025-10-18 22:00:00-04:00,37.21,35.11,-0.08,2.18
2025-10-18 23:00:00-04:00,34.21,32.21,-0.0,2.0
2025-10-19 00:00:00-04:00,38.85,36.86,-0.0,1.99
2025-10-19 01:00:00-04:00,36.16,34.34,-0.0,1.82
2025-10-19 02:00:00-04:00,33.98,32.33,-0.0,1.65
2025-10-19 03:00:00-04:00,31.72,30.12,-0.0,1.6
2025-10-19 04:00:00-04:00,31.09,29.53,-0.0,1.56
2025-10-19 05:00:00-04:00,33.1,31.44,-0.0,1.66
2025-10-19 06:00:00-04:00,34.04,32.33,-0.0,1.71
2025-10-19 07:00:00-04:00,35.83,33.71,-0.0,2.12
2025-10-19 08:00:00-04:00,32.75,30.9,-0.0,1.85
2025-10-19 09:00:00-04:00,28.07,26.56,-0.0,1.51
2025-10-19 10:00:00-04:00,26.77,25.33,-0.0,1.44
2025-10-19 11:00:00-04:00,25.97,24.59,-0.0,1.38
2025-10-19 12:00:00-04:00,26.59,25.11,-0.0,1.48
2025-10-19 13:00:00-04:00,27.94,26.31,-0.0,1.63
2025-10-19 14:00:00-04:00,30.28,28.41,-0.0,1.87
2025-10-19 15:00:00-04:00,33.77,31.74,-0.0,2.03
2025-10-19 16:00:00-04:00,41.18,38.7,-0.0,2.48
2025-10-19 17:00:00-04:00,51.67,48.65,-0.0,3.02
2025-10-19 18:00:00-04:00,62.81,58.92,-0.0,3.89
2025-10-19 19:00:00-04:00,59.36,55.84,-0.0,3.52
2025-10-19 20:00:00-04:00,47.41,44.52,-0.0,2.89
2025-10-19 21:00:00-04:00,42.36,39.85,-0.0,2.51
2025-10-19 22:00:00-04:00,37.48,35.19,-0.0,2.29
2025-10-19 23:00:00-04:00,34.04,32.11,-0.0,1.93
2025-10-20 00:00:00-04:00,34.63,32.67,-0.0,1.96
2025-10-20 01:00:00-04:00,32.44,30.69,-0.0,1.75
2025-10-20 02:00:00-04:00,31.52,29.93,-0.0,1.59
2025-10-20 03:00:00-04:00,31.21,29.72,-0.0,1.49
2025-10-20 04:00:00-04:00,31.21,29.7,-0.0,1.51
2025-10-20 05:00:00-04:00,36.27,34.48,-0.0,1.79
2025-10-20 06:00:00-04:00,46.19,43.99,-0.0,2.2
2025-10-20 07:00:00-04:00,57.67,54.4,0.06,3.21
2025-10-20 08:00:00-04:00,58.17,55.17,0.08,2.92
2025-10-20 09:00:00-04:00,55.03,52.31,-0.0,2.72
2025-10-20 10:00:00-04:00,53.93,51.02,0.21,2.7
2025-10-20 11:00:00-04:00,49.92,47.39,0.02,2.51
2025-10-20 12:00:00-04:00,46.86,44.38,-0.0,2.48
2025-10-20 13:00:00-04:00,45.55,43.05,-0.0,2.5
2025-10-20 14:00:00-04:00,44.85,42.35,-0.0,2.5
2025-10-20 15:00:00-04:00,45.79,43.28,-0.0,2.51
2025-10-20 16:00:00-04:00,51.93,49.08,-0.0,2.85
2025-10-20 17:00:00-04:00,62.66,59.06,-0.0,3.6
2025-10-20 18:00:00-04:00,72.07,67.73,-0.0,4.34
2025-10-20 19:00:00-04:00,70.62,66.1,0.23,4.29
2025-10-20 20:00:00-04:00,53.96,51.05,-0.0,2.91
2025-10-20 21:00:00-04:00,45.68,43.34,-0.0,2.34
2025-10-20 22:00:00-04:00,39.66,37.49,-0.0,2.17
2025-10-20 23:00:00-04:00,36.48,34.61,-0.0,1.87
2025-10-21 00:00:00-04:00,34.85,32.88,-0.0,1.97
2025-10-21 01:00:00-04:00,31.97,30.25,-0.0,1.72
2025-10-21 02:00:00-04:00,31.97,30.3,-0.0,1.67
2025-10-21 03:00:00-04:00,30.79,29.16,-0.0,1.63
2025-10-21 04:00:00-04:00,32.06,30.33,-0.0,1.73
2025-10-21 05:00:00-04:00,37.46,35.47,-0.0,1.99
2025-10-21 06:00:00-04:00,55.47,52.04,-0.0,3.43
2025-10-21 07:00:00-04:00,79.19,73.17,0.75,5.27
2025-10-21 08:00:00-04:00,56.51,52.33,0.31,3.87
2025-10-21 09:00:00-04:00,41.59,38.9,0.04,2.65
2025-10-21 10:00:00-04:00,37.39,35.03,0.01,2.35
2025-10-21 11:00:00-04:00,35.64,32.27,1.21,2.16
2025-10-21 12:00:00-04:00,37.66,34.16,1.21,2.29
2025-10-21 13:00:00-04:00,35.35,29.68,3.47,2.2
2025-10-21 14:00:00-04:00,38.84,34.98,1.45,2.41
2025-10-21 15:00:00-04:00,41.98,38.09,1.26,2.63
2025-10-21 16:00:00-04:00,50.66,47.29,0.25,3.12
2025-10-21 17:00:00-04:00,70.65,65.49,0.58,4.58
2025-10-21 18:00:00-04:00,82.26,76.39,0.37,5.5
2025-10-21 19:00:00-04:00,76.56,71.17,0.34,5.05
2025-10-21 20:00:00-04:00,58.87,54.94,0.25,3.68
2025-10-21 21:00:00-04:00,48.48,45.82,-0.0,2.66
2025-10-21 22:00:00-04:00,40.91,38.89,-0.0,2.02
2025-10-21 23:00:00-04:00,38.06,35.97,0.15,1.94
2025-10-22 00:00:00-04:00,40.17,38.01,-0.0,2.16
2025-10-22 01:00:00-04:00,37.61,35.62,-0.0,1.99
2025-10-22 02:00:00-04:00,36.66,34.75,-0.0,1.91
2025-10-22 03:00:00-04:00,35.99,34.11,-0.0,1.88
2025-10-22 04:00:00-04:00,36.12,34.24,-0.0,1.88
2025-10-22 05:00:00-04:00,39.4,37.21,-0.0,2.19
2025-10-22 06:00:00-04:00,56.94,53.86,0.01,3.07
2025-10-22 07:00:00-04:00,72.31,67.57,0.41,4.33
2025-10-22 08:00:00-04:00,68.73,66.47,-0.93,3.19
2025-10-22 09:00:00-04:00,49.8,47.55,0.06,2.19
2025-10-22 10:00:00-04:00,46.45,44.34,0.07,2.04
2025-10-22 11:00:00-04:00,43.05,40.42,0.41,2.22
2025-10-22 12:00:00-04:00,42.82,40.33,0.59,1.9
2025-10-22 13:00:00-04:00,42.84,39.58,1.4,1.86
2025-10-22 14:00:00-04:00,42.82,39.49,1.36,1.97
2025-10-22 15:00:00-04:00,44.89,41.51,1.22,2.16
2025-10-22 16:00:00-04:00,50.15,46.44,1.2,2.51
2025-10-22 17:00:00-04:00,66.45,62.81,0.13,3.51
2025-10-22 18:00:00-04:00,78.08,68.07,6.06,3.95
2025-10-22 19:00:00-04:00,71.18,65.94,1.55,3.69
2025-10-22 20:00:00-04:00,56.35,53.36,-0.0,2.99
2025-10-22 21:00:00-04:00,49.76,47.08,-0.0,2.68
2025-10-22 22:00:00-04:00,42.54,40.32,-0.0,2.22
2025-10-22 23:00:00-04:00,40.23,38.17,-0.0,2.06
2025-10-23 00:00:00-04:00,35.85,33.76,-0.0,2.09
2025-10-23 01:00:00-04:00,34.47,32.8,-0.0,1.67
2025-10-23 02:00:00-04:00,34.96,33.26,-0.0,1.7
2025-10-23 03:00:00-04:00,34.26,32.66,-0.0,1.6
2025-10-23 04:00:00-04:00,34.41,32.71,-0.0,1.7
2025-10-23 05:00:00-04:00,38.05,36.1,-0.0,1.95
2025-10-23 06:00:00-04:00,52.92,49.97,-0.0,2.95
2025-10-23 07:00:00-04:00,68.14,64.16,-0.0,3.98
2025-10-23 08:00:00-04:00,56.41,53.52,-0.0,2.89
2025-10-23 09:00:00-04:00,46.51,44.17,-0.0,2.34
2025-10-23 10:00:00-04:00,43.62,41.39,-0.0,2.23
2025-10-23 11:00:00-04:00,41.94,39.08,0.63,2.23
2025-10-23 12:00:00-04:00,42.08,39.53,0.22,2.33
2025-10-23 13:00:00-04:00,41.68,38.15,1.28,2.25
2025-10-23 14:00:00-04:00,41.73,38.08,1.33,2.32
2025-10-23 15:00:00-04:00,42.8,40.08,0.27,2.45
2025-10-23 16:00:00-04:00,50.7,47.83,-0.0,2.87
2025-10-23 17:00:00-04:00,66.37,62.61,-0.0,3.76
2025-10-23 18:00:00-04:00,78.32,73.82,0.07,4.43
2025-10-23 19:00:00-04:00,78.67,74.22,-0.0,4.45
2025-10-23 20:00:00-04:00,61.42,58.28,-0.0,3.14
2025-10-23 21:00:00-04:00,52.23,49.79,-0.0,2.44
2025-10-23 22:00:00-04:00,46.51,44.21,-0.0,2.3
2025-10-23 23:00:00-04:00,42.59,40.45,-0.0,2.14
2025-10-24 00:00:00-04:00,40.5,38.57,-0.0,1.93
2025-10-24 01:00:00-04:00,38.42,36.66,-0.0,1.76
2025-10-24 02:00:00-04:00,38.24,36.56,-0.0,1.68
2025-10-24 03:00:00-04:00,37.65,36.03,-0.0,1.62
2025-10-24 04:00:00-04:00,37.92,36.25,-0.0,1.67
2025-10-24 05:00:00-04:00,43.72,41.64,-0.0,2.08
2025-10-24 06:00:00-04:00,65.6,62.36,-0.0,3.24
2025-10-24 07:00:00-04:00,86.84,82.08,-0.0,4.76
2025-10-24 08:00:00-04:00,74.73,70.9,-0.0,3.83
2025-10-24 09:00:00-04:00,53.35,50.7,0.01,2.64
2025-10-24 10:00:00-04:00,46.84,44.57,-0.0,2.27
2025-10-24 11:00:00-04:00,43.79,41.67,-0.0,2.12
2025-10-24 12:00:00-04:00,42.87,40.68,-0.0,2.19
2025-10-24 13:00:00-04:00,43.95,41.62,-0.0,2.33
2025-10-24 14:00:00-04:00,43.32,41.02,-0.0,2.3
2025-10-24 15:00:00-04:00,45.01,42.71,-0.0,2.3
2025-10-24 16:00:00-04:00,53.93,51.11,0.01,2.81
2025-10-24 17:00:00-04:00,67.35,63.9,-0.0,3.45
2025-10-24 18:00:00-04:00,85.86,81.13,-0.05,4.78
2025-10-24 19:00:00-04:00,75.41,71.35,-0.01,4.07
2025-10-24 20:00:00-04:00,63.64,60.9,-0.0,2.74
2025-10-24 21:00:00-04:00,52.75,50.43,-0.0,2.32
2025-10-24 22:00:00-04:00,48.83,46.73,-0.0,2.1
2025-10-24 23:00:00-04:00,45.99,43.97,-0.0,2.02
2025-10-25 00:00:00-04:00,47.74,45.77,-0.0,1.97
2025-10-25 01:00:00-04:00,46.61,44.65,-0.0,1.96
2025-10-25 02:00:00-04:00,43.24,41.42,-0.0,1.82
2025-10-25 03:00:00-04:00,41.17,39.55,-0.0,1.62
2025-10-25 04:00:00-04:00,41.91,40.26,-0.0,1.65
2025-10-25 05:00:00-04:00,43.84,41.95,-0.0,1.89
2025-10-25 06:00:00-04:00,57.89,56.1,-0.0,1.79
2025-10-25 07:00:00-04:00,72.96,70.63,-0.0,2.33
2025-10-25 08:00:00-04:00,64.01,62.27,-0.0,1.74
2025-10-25 09:00:00-04:00,45.97,44.54,-0.0,1.43
2025-10-25 10:00:00-04:00,41.66,40.14,-0.0,1.52
2025-10-25 11:00:00-04:00,40.49,38.93,-0.0,1.56
2025-10-25 12:00:00-04:00,39.65,38.09,-0.0,1.56
2025-10-25 13:00:00-04:00,40.38,38.72,-0.0,1.66
2025-10-25 14:00:00-04:00,40.89,39.21,-0.0,1.68
2025-10-25 15:00:00-04:00,43.86,42.22,-0.0,1.64
2025-10-25 16:00:00-04:00,50.58,48.68,-0.0,1.9
2025-10-25 17:00:00-04:00,65.37,63.16,-0.0,2.21
2025-10-25 18:00:00-04:00,76.93,74.05,-0.0,2.88
2025-10-25 19:00:00-04:00,72.67,70.08,-0.0,2.59
2025-10-25 20:00:00-04:00,60.65,58.6,-0.0,2.05
2025-10-25 21:00:00-04:00,53.69,51.62,-0.0,2.07
2025-10-25 22:00:00-04:00,48.68,47.03,-0.0,1.65
2025-10-25 23:00:00-04:00,45.88,44.2,-0.0,1.68
2025-10-26 00:00:00-04:00,49.55,47.55,-0.0,2.0
2025-10-26 01:00:00-04:00,47.72,45.93,-0.0,1.79
2025-10-26 02:00:00-04:00,45.6,43.89,-0.0,1.71
2025-10-26 03:00:00-04:00,43.21,41.59,-0.0,1.62
2025-10-26 04:00:00-04:00,42.91,41.34,-0.0,1.57
2025-10-26 05:00:00-04:00,44.46,42.87,-0.0,1.59
2025-10-26 06:00:00-04:00,50.33,48.96,-0.0,1.37
2025-10-26 07:00:00-04:00,59.95,58.43,-0.0,1.52
2025-10-26 08:00:00-04:00,57.81,56.4,-0.0,1.41
2025-10-26 09:00:00-04:00,48.43,47.16,-0.0,1.27
2025-10-26 10:00:00-04:00,46.26,44.78,-0.0,1.48
2025-10-26 11:00:00-04:00,43.13,41.75,-0.0,1.38
2025-10-26 12:00:00-04:00,42.16,40.54,-0.0,1.62
2025-10-26 13:00:00-04:00,41.87,40.38,-0.0,1.49
2025-10-26 14:00:00-04:00,43.63,42.07,-0.0,1.56
2025-10-26 15:00:00-04:00,45.29,43.72,-0.0,1.57
2025-10-26 16:00:00-04:00,54.69,52.54,-0.0,2.15
2025-10-26 17:00:00-04:00,67.25,65.04,-0.0,2.21
2025-10-26 18:00:00-04:00,83.87,80.8,-0.0,3.07
2025-10-26 19:00:00-04:00,81.16,78.26,-0.0,2.9
2025-10-26 20:00:00-04:00,65.41,63.07,-0.0,2.34
2025-10-26 21:00:00-04:00,58.84,56.8,-0.0,2.04
2025-10-26 22:00:00-04:00,53.93,52.16,-0.0,1.77
2025-10-26 23:00:00-04:00,49.09,47.47,-0.0,1.62
2025-10-27 00:00:00-04:00,46.76,44.88,-0.0,1.88
2025-10-27 01:00:00-04:00,45.72,43.96,-0.0,1.76
2025-10-27 02:00:00-04:00,43.53,42.02,-0.0,1.51
2025-10-27 03:00:00-04:00,42.81,41.24,-0.0,1.57
2025-10-27 04:00:00-04:00,44.64,43.05,-0.0,1.59
2025-10-27 05:00:00-04:00,48.14,46.51,-0.0,1.63
2025-10-27 06:00:00-04:00,75.86,72.59,-0.0,3.27
2025-10-27 07:00:00-04:00,102.16,96.19,-0.0,5.97
2025-10-27 08:00:00-04:00,83.4,80.04,-0.0,3.36
2025-10-27 09:00:00-04:00,55.16,53.04,-0.0,2.12
2025-10-27 10:00:00-04:00,48.14,46.29,-0.0,1.85
2025-10-27 11:00:00-04:00,46.43,44.6,-0.0,1.83
2025-10-27 12:00:00-04:00,45.79,43.9,-0.0,1.89
2025-10-27 13:00:00-04:00,46.44,44.48,-0.0,1.96
2025-10-27 14:00:00-04:00,46.68,44.63,-0.0,2.05
2025-10-27 15:00:00-04:00,51.06,49.05,-0.0,2.01
2025-10-27 16:00:00-04:00,59.35,56.79,-0.0,2.56
2025-10-27 17:00:00-04:00,81.6,78.5,-0.27,3.37
2025-10-27 18:00:00-04:00,99.18,94.91,-0.47,4.74
2025-10-27 19:00:00-04:00,94.13,90.23,-0.43,4.33
2025-10-27 20:00:00-04:00,74.4,71.21,-0.09,3.28
2025-10-27 21:00:00-04:00,59.21,56.72,-0.0,2.49
2025-10-27 22:00:00-04:00,54.51,52.41,-0.0,2.1
2025-10-27 23:00:00-04:00,50.69,48.83,-0.0,1.86
2025-10-28 00:00:00-04:00,48.14,46.47,-0.0,1.67
2025-10-28 01:00:00-04:00,44.89,43.33,-0.0,1.56
2025-10-28 02:00:00-04:00,41.79,40.34,-0.0,1.45
2025-10-28 03:00:00-04:00,41.52,40.15,-0.0,1.37
2025-10-28 04:00:00-04:00,42.74,41.3,-0.0,1.44
2025-10-28 05:00:00-04:00,49.88,48.43,-0.0,1.45
2025-10-28 06:00:00-04:00,73.93,71.64,-0.0,2.29
2025-10-28 07:00:00-04:00,99.48,95.19,-0.0,4.29
2025-10-28 08:00:00-04:00,81.79,78.95,-0.0,2.84
2025-10-28 09:00:00-04:00,50.48,48.68,-0.0,1.8
2025-10-28 10:00:00-04:00,44.06,42.04,-0.0,2.02
2025-10-28 11:00:00-04:00,41.33,39.44,-0.0,1.89
2025-10-28 12:00:00-04:00,39.44,37.63,-0.0,1.81
2025-10-28 13:00:00-04:00,39.96,38.09,-0.0,1.87
2025-10-28 14:00:00-04:00,40.41,38.52,-0.0,1.89
2025-10-28 15:00:00-04:00,43.99,42.01,-0.0,1.98
2025-10-28 16:00:00-04:00,53.71,51.35,-0.0,2.36
2025-10-28 17:00:00-04:00,73.57,70.61,-0.0,2.96
2025-10-28 18:00:00-04:00,91.31,87.67,-0.31,3.95
2025-10-28 19:00:00-04:00,84.91,81.56,-0.0,3.35
2025-10-28 20:00:00-04:00,65.93,63.39,-0.06,2.6
2025-10-28 21:00:00-04:00,55.34,53.16,-0.0,2.18
2025-10-28 22:00:00-04:00,49.22,47.28,-0.0,1.94
2025-10-28 23:00:00-04:00,46.03,44.22,-0.0,1.81
2025-10-29 00:00:00-04:00,44.97,42.63,-0.0,2.34
2025-10-29 01:00:00-04:00,43.54,41.43,-0.0,2.11
2025-10-29 02:00:00-04:00,42.05,40.12,-0.0,1.93
2025-10-29 03:00:00-04:00,41.53,39.63,-0.0,1.9
2025-10-29 04:00:00-04:00,42.1,40.21,-0.0,1.89
2025-10-29 05:00:00-04:00,45.51,43.64,-0.0,1.87
2025-10-29 06:00:00-04:00,64.81,62.44,-0.0,2.37
2025-10-29 07:00:00-04:00,93.1,89.0,-0.0,4.1
2025-10-29 08:00:00-04:00,80.64,77.09,-0.0,3.55
2025-10-29 09:00:00-04:00,54.4,51.76,-0.0,2.64
2025-10-29 10:00:00-04:00,48.38,45.47,-0.0,2.91
2025-10-29 11:00:00-04:00,47.14,44.26,-0.0,2.88
2025-10-29 12:00:00-04:00,45.94,43.06,-0.0,2.88
2025-10-29 13:00:00-04:00,45.28,42.4,-0.0,2.88
2025-10-29 14:00:00-04:00,45.75,42.76,-0.0,2.99
2025-10-29 15:00:00-04:00,47.86,44.94,-0.0,2.92
2025-10-29 16:00:00-04:00,56.64,53.38,-0.0,3.26
2025-10-29 17:00:00-04:00,70.8,67.18,-0.0,3.62
2025-10-29 18:00:00-04:00,90.09,85.34,-0.28,5.03
2025-10-29 19:00:00-04:00,79.64,75.42,-0.0,4.22
2025-10-29 20:00:00-04:00,62.58,59.26,-0.0,3.32
2025-10-29 21:00:00-04:00,54.02,51.16,-0.0,2.86
2025-10-29 22:00:00-04:00,47.63,45.28,-0.0,2.35
2025-10-29 23:00:00-04:00,45.39,43.27,-0.0,2.12
2025-10-30 00:00:00-04:00,42.1,40.1,-0.0,2.0
2025-10-30 01:00:00-04:00,39.88,38.27,-0.0,1.61
2025-10-30 02:00:00-04:00,38.97,37.47,-0.0,1.5
2025-10-30 03:00:00-04:00,38.59,37.07,-0.0,1.52
2025-10-30 04:00:00-04:00,39.4,37.92,-0.0,1.48
2025-10-30 05:00:00-04:00,42.45,40.74,-0.0,1.71
2025-10-30 06:00:00-04:00,56.17,53.91,-0.0,2.26
2025-10-30 07:00:00-04:00,66.91,64.09,-0.0,2.82
2025-10-30 08:00:00-04:00,75.0,71.63,-0.0,3.37
2025-10-30 09:00:00-04:00,64.07,61.14,-0.0,2.93
2025-10-30 10:00:00-04:00,65.5,62.32,-0.0,3.18
2025-10-30 11:00:00-04:00,63.17,59.94,-0.0,3.23
2025-10-30 12:00:00-04:00,60.96,57.56,-0.0,3.4
2025-10-30 13:00:00-04:00,60.94,57.38,-0.0,3.56
2025-10-30 14:00:00-04:00,57.6,54.13,-0.0,3.47
2025-10-30 15:00:00-04:00,60.99,57.54,-0.0,3.45
2025-10-30 16:00:00-04:00,63.24,59.55,-0.0,3.69
2025-10-30 17:00:00-04:00,71.38,67.28,-0.0,4.1
2025-10-30 18:00:00-04:00,78.24,73.88,-0.0,4.36
2025-10-30 19:00:00-04:00,71.08,67.31,-0.0,3.77
2025-10-30 20:00:00-04:00,62.61,59.07,-0.0,3.54
2025-10-30 21:00:00-04:00,53.36,50.34,-0.0,3.02
2025-10-30 22:00:00-04:00,47.23,44.6,-0.0,2.63
2025-10-30 23:00:00-04:00,43.56,41.33,-0.0,2.23
2025-10-31 00:00:00-04:00,42.4,40.31,-0.0,2.09
2025-10-31 01:00:00-04:00,38.87,37.09,-0.0,1.78
2025-10-31 02:00:00-04:00,38.39,36.67,-0.0,1.72
2025-10-31 03:00:00-04:00,37.19,35.52,-0.0,1.67
2025-10-31 04:00:00-04:00,37.64,35.98,-0.0,1.66
2025-10-31 05:00:00-04:00,39.92,38.13,-0.0,1.79
2025-10-31 06:00:00-04:00,51.3,48.77,-0.0,2.53
2025-10-31 07:00:00-04:00,62.08,59.07,-0.0,3.01
2025-10-31 08:00:00-04:00,66.24,63.03,-0.0,3.21
2025-10-31 09:00:00-04:00,54.49,51.6,-0.0,2.89
2025-10-31 10:00:00-04:00,52.08,49.13,-0.0,2.95
2025-10-31 11:00:00-04:00,51.08,48.19,-0.0,2.89
2025-10-31 12:00:00-04:00,49.25,46.25,-0.0,3.0
2025-10-31 13:00:00-04:00,50.11,47.01,-0.0,3.1
2025-10-31 14:00:00-04:00,48.59,45.58,-0.0,3.01
2025-10-31 15:00:00-04:00,51.39,48.08,-0.0,3.31
2025-10-31 16:00:00-04:00,56.33,52.7,-0.0,3.63
2025-10-31 17:00:00-04:00,58.49,54.66,-0.0,3.83
2025-10-31 18:00:00-04:00,64.92,60.56,-0.0,4.36
2025-10-31 19:00:00-04:00,59.28,55.25,-0.0,4.03
2025-10-31 20:00:00-04:00,52.35,48.65,-0.0,3.7
2025-10-31 21:00:00-04:00,45.81,42.7,-0.0,3.11
2025-10-31 22:00:00-04:00,44.2,41.19,-0.0,3.01
2025-10-31 23:00:00-04:00,41.14,38.74,-0.0,2.4
2025-11-01 00:00:00-04:00,42.73,40.27,-0.0,2.46
2025-11-01 01:00:00-04:00,40.31,38.28,-0.0,2.03
2025-11-01 02:00:00-04:00,38.22,36.47,-0.0,1.75
2025-11-01 03:00:00-04:00,38.22,36.4,-0.0,1.82
2025-11-01 04:00:00-04:00,38.66,36.85,-0.0,1.81
2025-11-01 05:00:00-04:00,39.7,37.74,-0.0,1.96
2025-11-01 06:00:00-04:00,47.38,44.95,-0.0,2.43
2025-11-01 07:00:00-04:00,54.78,51.93,-0.0,2.85
2025-11-01 08:00:00-04:00,55.7,52.95,-0.0,2.75
2025-11-01 09:00:00-04:00,44.47,42.15,-0.0,2.32
2025-11-01 10:00:00-04:00,40.43,38.18,-0.0,2.25
2025-11-01 11:00:00-04:00,39.28,37.09,-0.0,2.19
2025-11-01 12:00:00-04:00,37.33,35.25,-0.0,2.08
2025-11-01 13:00:00-04:00,37.25,35.07,-0.0,2.18
2025-11-01 14:00:00-04:00,37.14,35.04,-0.0,2.1
2025-11-01 15:00:00-04:00,38.22,36.16,-0.0,2.06
2025-11-01 16:00:00-04:00,46.16,43.76,-0.0,2.4
2025-11-01 17:00:00-04:00,62.57,59.65,-0.0,2.92
2025-11-01 18:00:00-04:00,73.69,70.12,-0.0,3.57
2025-11-01 19:00:00-04:00,67.7,64.6,-0.0,3.1
2025-11-01 20:00:00-04:00,60.25,57.49,-0.0,2.76
2025-11-01 21:00:00-04:00,53.72,51.16,-0.0,2.56
2025-11-01 22:00:00-04:00,51.07,48.92,-0.0,2.15
2025-11-01 23:00:00-04:00,46.16,44.34,-0.0,1.82
2025-11-02 00:00:00-04:00,50.98,48.6,-0.0,2.38
2025-11-02 01:00:00-04:00,53.4,51.45,-0.0,1.95
2025-11-02 01:00:00-05:00,52.24,50.09,-0.0,2.15
2025-11-02 02:00:00-05:00,43.5,41.63,-0.0,1.87
2025-11-02 03:00:00-05:00,41.24,39.54,-0.0,1.7
2025-11-02 04:00:00-05:00,39.77,38.17,-0.0,1.6
2025-11-02 05:00:00-05:00,42.95,41.14,-0.0,1.81
2025-11-02 06:00:00-05:00,50.33,48.16,-0.0,2.17
2025-11-02 07:00:00-05:00,52.19,49.99,-0.0,2.2
2025-11-02 08:00:00-05:00,47.07,44.87,-0.0,2.2
2025-11-02 09:00:00-05:00,38.93,37.11,-0.0,1.82
2025-11-02 10:00:00-05:00,34.11,32.58,-0.0,1.53
2025-11-02 11:00:00-05:00,34.23,32.66,-0.0,1.57
2025-11-02 12:00:00-05:00,35.43,33.71,-0.0,1.72
2025-11-02 13:00:00-05:00,35.96,34.25,-0.0,1.71
2025-11-02 14:00:00-05:00,37.64,35.75,-0.0,1.89
2025-11-02 15:00:00-05:00,44.34,41.83,-0.0,2.51
2025-11-02 16:00:00-05:00,58.92,55.74,-0.0,3.18
2025-11-02 17:00:00-05:00,75.29,71.43,-0.0,3.86
2025-11-02 18:00:00-05:00,76.48,72.77,-0.0,3.71
2025-11-02 19:00:00-05:00,68.73,65.46,-0.0,3.27
2025-11-02 20:00:00-05:00,60.7,57.76,-0.0,2.94
2025-11-02 21:00:00-05:00,55.37,52.49,-0.0,2.88
2025-11-02 22:00:00-05:00,49.54,47.05,-0.0,2.49
2025-11-02 23:00:00-05:00,45.73,43.39,-0.0,2.34
2025-11-03 00:00:00-05:00,46.23,43.61,-0.0,2.62
2025-11-03 01:00:00-05:00,40.28,38.07,-0.0,2.21
2025-11-03 02:00:00-05:00,38.77,36.65,-0.0,2.12
2025-11-03 03:00:00-05:00,38.18,36.09,-0.0,2.09
2025-11-03 04:00:00-05:00,38.09,36.07,-0.0,2.02
2025-11-03 05:00:00-05:00,45.31,42.75,-0.0,2.56
2025-11-03 06:00:00-05:00,63.9,60.05,-0.0,3.85
2025-11-03 07:00:00-05:00,68.52,64.4,-0.0,4.12
2025-11-03 08:00:00-05:00,61.13,56.92,-0.0,4.21
2025-11-03 09:00:00-05:00,50.85,47.13,-0.0,3.72
2025-11-03 10:00:00-05:00,48.08,44.69,-0.0,3.39
2025-11-03 11:00:00-05:00,48.2,44.67,-0.0,3.53
2025-11-03 12:00:00-05:00,49.0,45.29,-0.0,3.71
2025-11-03 13:00:00-05:00,52.41,48.35,-0.0,4.06
2025-11-03 14:00:00-05:00,55.63,51.37,-0.0,4.26
2025-11-03 15:00:00-05:00,59.82,54.86,0.68,4.28
2025-11-03 16:00:00-05:00,76.15,68.9,1.74,5.51
2025-11-03 17:00:00-05:00,87.8,80.85,-0.0,6.95
2025-11-03 18:00:00-05:00,83.16,77.07,-0.0,6.09
2025-11-03 19:00:00-05:00,73.31,67.94,-0.0,5.37
2025-11-03 20:00:00-05:00,65.45,58.3,2.6,4.55
2025-11-03 21:00:00-05:00,56.9,50.41,2.56,3.93
2025-11-03 22:00:00-05:00,49.12,43.98,1.62,3.52
2025-11-03 23:00:00-05:00,44.17,41.17,-0.0,3.0
2025-11-04 00:00:00-05:00,40.92,38.21,-0.0,2.71
2025-11-04 01:00:00-05:00,37.8,35.43,-0.0,2.37
2025-11-04 02:00:00-05:00,36.95,34.7,-0.0,2.25
2025-11-04 03:00:00-05:00,36.25,34.17,-0.0,2.08
2025-11-04 04:00:00-05:00,37.88,35.67,-0.0,2.21
2025-11-04 05:00:00-05:00,42.06,39.42,-0.0,2.64
2025-11-04 06:00:00-05:00,60.66,56.8,-0.0,3.86
2025-11-04 07:00:00-05:00,70.49,65.75,-0.0,4.74
2025-11-04 08:00:00-05:00,48.3,45.52,-0.0,2.78
2025-11-04 09:00:00-05:00,40.73,38.39,-0.0,2.34
2025-11-04 10:00:00-05:00,36.63,34.52,-0.0,2.11
2025-11-04 11:00:00-05:00,36.11,34.0,-0.0,2.11
2025-11-04 12:00:00-05:00,36.01,33.84,-0.0,2.17
2025-11-04 13:00:00-05:00,37.65,35.35,-0.0,2.3
2025-11-04 14:00:00-05:00,41.11,38.64,-0.0,2.47
2025-11-04 15:00:00-05:00,48.39,45.61,-0.0,2.78
2025-11-04 16:00:00-05:00,68.0,64.21,-0.0,3.79
2025-11-04 17:00:00-05:00,92.73,87.31,-0.0,5.42
2025-11-04 18:00:00-05:00,85.86,81.23,-0.0,4.63
2025-11-04 19:00:00-05:00,71.54,67.75,-0.0,3.79
2025-11-04 20:00:00-05:00,62.66,59.28,-0.0,3.38
2025-11-04 21:00:00-05:00,54.47,51.68,-0.0,2.79
2025-11-04 22:00:00-05:00,49.54,47.05,-0.0,2.49
2025-11-04 23:00:00-05:00,45.72,43.58,-0.0,2.14
2025-11-05 00:00:00-05:00,43.76,41.72,-0.0,2.04
2025-11-05 01:00:00-05:00,40.0,38.17,-0.0,1.83
2025-11-05 02:00:00-05:00,39.82,38.14,-0.0,1.68
2025-11-05 03:00:00-05:00,38.59,37.0,-0.0,1.59
2025-11-05 04:00:00-05:00,40.7,38.95,-0.0,1.75
2025-11-05 05:00:00-05:00,47.98,45.74,-0.0,2.24
2025-11-05 06:00:00-05:00,61.03,58.34,-0.0,2.69
2025-11-05 07:00:00-05:00,69.89,66.88,-0.0,3.01
2025-11-05 08:00:00-05:00,59.28,57.0,-0.0,2.28
2025-11-05 09:00:00-05:00,50.6,48.42,-0.0,2.18
2025-11-05 10:00:00-05:00,45.99,43.88,-0.0,2.11
2025-11-05 11:00:00-05:00,46.43,44.26,-0.0,2.17
2025-11-05 12:00:00-05:00,44.97,42.83,-0.0,2.14
2025-11-05 13:00:00-05:00,46.46,44.17,-0.0,2.29
2025-11-05 14:00:00-05:00,50.14,47.62,-0.0,2.52
2025-11-05 15:00:00-05:00,56.59,53.9,-0.0,2.69
2025-11-05 16:00:00-05:00,71.02,67.64,-0.0,3.38
2025-11-05 17:00:00-05:00,81.64,77.46,-0.0,4.18
2025-11-05 18:00:00-05:00,70.77,67.4,-0.0,3.37
2025-11-05 19:00:00-05:00,59.77,56.92,-0.0,2.85
2025-11-05 20:00:00-05:00,55.0,52.08,-0.0,2.92
2025-11-05 21:00:00-05:00,49.4,46.87,-0.0,2.53
2025-11-05 22:00:00-05:00,45.18,42.79,-0.0,2.39
2025-11-05 23:00:00-05:00,39.86,37.85,-0.0,2.01
2025-11-06 00:00:00-05:00,38.92,36.86,-0.0,2.06
2025-11-06 01:00:00-05:00,35.83,34.03,-0.0,1.8
2025-11-06 02:00:00-05:00,35.46,33.84,-0.0,1.62
2025-11-06 03:00:00-05:00,35.34,33.69,-0.0,1.65
2025-11-06 04:00:00-05:00,36.66,34.98,-0.0,1.68
2025-11-06 05:00:00-05:00,41.91,39.88,-0.0,2.03
2025-11-06 06:00:00-05:00,59.89,56.88,-0.0,3.01
2025-11-06 07:00:00-05:00,68.31,65.0,-0.0,3.31
2025-11-06 08:00:00-05:00,53.94,51.47,-0.0,2.47
2025-11-06 09:00:00-05:00,43.44,41.41,-0.0,2.03
2025-11-06 10:00:00-05:00,41.01,39.09,-0.0,1.92
2025-11-06 11:00:00-05:00,38.59,36.65,-0.0,1.94
2025-11-06 12:00:00-05:00,40.82,38.84,-0.0,1.98
2025-11-06 13:00:00-05:00,40.81,38.87,-0.0,1.94
2025-11-06 14:00:00-05:00,43.58,41.43,-0.0,2.15
2025-11-06 15:00:00-05:00,52.17,49.78,-0.0,2.39
2025-11-06 16:00:00-05:00,73.98,70.46,-0.0,3.52
2025-11-06 17:00:00-05:00,89.65,85.14,-0.0,4.51
2025-11-06 18:00:00-05:00,86.08,81.98,-0.0,4.1
2025-11-06 19:00:00-05:00,73.03,69.82,-0.0,3.21
2025-11-06 20:00:00-05:00,61.83,59.23,-0.0,2.6
2025-11-06 21:00:00-05:00,53.96,51.49,-0.0,2.47
2025-11-06 22:00:00-05:00,47.67,45.62,-0.0,2.05
2025-11-06 23:00:00-05:00,45.62,43.91,-0.0,1.71
2025-11-07 00:00:00-05:00,45.2,43.17,-0.0,2.03
2025-11-07 01:00:00-05:00,41.68,39.85,-0.0,1.83
2025-11-07 02:00:00-05:00,41.62,39.79,-0.0,1.83
2025-11-07 03:00:00-05:00,40.49,38.71,-0.0,1.78
2025-11-07 04:00:00-05:00,40.18,38.38,-0.0,1.8
2025-11-07 05:00:00-05:00,46.38,44.17,-0.0,2.21
2025-11-07 06:00:00-05:00,63.0,59.83,-0.0,3.17
2025-11-07 07:00:00-05:00,71.86,68.57,-0.0,3.29
2025-11-07 08:00:00-05:00,57.96,55.36,-0.0,2.6
2025-11-07 09:00:00-05:00,51.25,48.76,-0.0,2.49
2025-11-07 10:00:00-05:00,46.79,44.44,-0.0,2.35
2025-11-07 11:00:00-05:00,45.73,43.39,-0.0,2.34
2025-11-07 12:00:00-05:00,45.02,42.51,-0.0,2.51
2025-11-07 13:00:00-05:00,47.2,44.53,-0.0,2.67
2025-11-07 14:00:00-05:00,51.32,48.46,-0.0,2.86
2025-11-07 15:00:00-05:00,56.05,53.03,-0.0,3.02
2025-11-07 16:00:00-05:00,58.87,55.7,-0.0,3.17
2025-11-07 17:00:00-05:00,76.19,71.95,-0.0,4.24
2025-11-07 18:00:00-05:00,66.69,63.04,-0.0,3.65
2025-11-07 19:00:00-05:00,59.18,55.94,-0.0,3.24
2025-11-07 20:00:00-05:00,54.89,51.73,-0.0,3.16
2025-11-07 21:00:00-05:00,47.9,45.1,-0.0,2.8
2025-11-07 22:00:00-05:00,43.9,41.34,-0.0,2.56
2025-11-07 23:00:00-05:00,42.55,40.18,-0.0,2.37
2025-11-08 00:00:00-05:00,40.73,38.79,-0.0,1.94
2025-11-08 01:00:00-05:00,37.36,35.75,-0.0,1.61
2025-11-08 02:00:00-05:00,36.44,34.91,-0.0,1.53
2025-11-08 03:00:00-05:00,35.53,34.1,-0.0,1.43
2025-11-08 04:00:00-05:00,36.47,34.97,-0.0,1.5
2025-11-08 05:00:00-05:00,39.75,38.15,-0.0,1.6
2025-11-08 06:00:00-05:00,47.01,44.94,-0.0,2.07
2025-11-08 07:00:00-05:00,48.27,45.97,-0.0,2.3
2025-11-08 08:00:00-05:00,46.52,44.39,-0.0,2.13
2025-11-08 09:00:00-05:00,40.89,39.05,-0.0,1.84
2025-11-08 10:00:00-05:00,39.48,37.67,-0.0,1.81
2025-11-08 11:00:00-05:00,38.06,36.25,-0.0,1.81
2025-11-08 12:00:00-05:00,37.1,35.37,-0.0,1.73
2025-11-08 13:00:00-05:00,38.36,36.6,-0.0,1.76
2025-11-08 14:00:00-05:00,39.02,37.3,-0.0,1.72
2025-11-08 15:00:00-05:00,48.67,46.62,-0.0,2.05
2025-11-08 16:00:00-05:00,60.43,57.94,-0.0,2.49
2025-11-08 17:00:00-05:00,77.3,74.25,-0.0,3.05
2025-11-08 18:00:00-05:00,72.84,70.11,-0.0,2.73
2025-11-08 19:00:00-05:00,67.66,64.93,-0.0,2.73
2025-11-08 20:00:00-05:00,56.92,54.79,-0.0,2.13
2025-11-08 21:00:00-05:00,49.59,47.59,-0.0,2.0
2025-11-08 22:00:00-05:00,44.36,42.65,-0.0,1.71
2025-11-08 23:00:00-05:00,42.35,40.96,-0.0,1.39
2025-11-09 00:00:00-05:00,50.27,48.48,-0.0,1.79
2025-11-09 01:00:00-05:00,46.94,45.35,-0.0,1.59
2025-11-09 02:00:00-05:00,42.4,40.97,-0.0,1.43
2025-11-09 03:00:00-05:00,40.82,39.48,-0.0,1.34
2025-11-09 04:00:00-05:00,39.74,38.54,-0.0,1.2
2025-11-09 05:00:00-05:00,43.16,41.78,-0.0,1.38
2025-11-09 06:00:00-05:00,49.03,47.37,-0.0,1.66
2025-11-09 07:00:00-05:00,50.33,48.67,-0.0,1.66
2025-11-09 08:00:00-05:00,44.84,42.99,-0.0,1.85
2025-11-09 09:00:00-05:00,51.07,48.78,-0.0,2.29
2025-11-09 10:00:00-05:00,51.72,49.44,-0.0,2.28
2025-11-09 11:00:00-05:00,50.62,48.3,-0.0,2.32
2025-11-09 12:00:00-05:00,53.72,50.97,-0.0,2.75
2025-11-09 13:00:00-05:00,56.14,53.37,-0.0,2.77
2025-11-09 14:00:00-05:00,58.01,54.99,-0.0,3.02
2025-11-09 15:00:00-05:00,61.75,58.64,-0.0,3.11
2025-11-09 16:00:00-05:00,64.56,61.25,-0.0,3.31
2025-11-09 17:00:00-05:00,82.76,78.52,-0.0,4.24
2025-11-09 18:00:00-05:00,80.85,76.71,-0.0,4.14
2025-11-09 19:00:00-05:00,68.37,65.05,-0.0,3.32
2025-11-09 20:00:00-05:00,60.56,57.84,-0.0,2.72
2025-11-09 21:00:00-05:00,51.98,49.46,-0.0,2.52
2025-11-09 22:00:00-05:00,46.09,44.19,-0.0,1.9
2025-11-09 23:00:00-05:00,42.45,40.9,-0.0,1.55
2025-11-10 00:00:00-05:00,45.38,43.89,-0.0,1.49
2025-11-10 01:00:00-05:00,41.34,39.94,-0.0,1.4
2025-11-10 02:00:00-05:00,40.34,39.13,-0.0,1.21
2025-11-10 03:00:00-05:00,38.75,37.55,-0.0,1.2
2025-11-10 04:00:00-05:00,39.65,38.35,-0.0,1.3
2025-11-10 05:00:00-05:00,46.24,44.42,-0.0,1.82
2025-11-10 06:00:00-05:00,60.16,57.79,-0.0,2.37
2025-11-10 07:00:00-05:00,70.56,67.46,-0.0,3.1
2025-11-10 08:00:00-05:00,64.64,61.92,-0.0,2.72
2025-11-10 09:00:00-05:00,62.28,59.66,-0.0,2.62
2025-11-10 10:00:00-05:00,61.36,58.6,-0.0,2.76
2025-11-10 11:00:00-05:00,60.87,58.08,-0.0,2.79
2025-11-10 12:00:00-05:00,60.76,57.98,-0.0,2.78
2025-11-10 13:00:00-05:00,63.08,60.19,-0.0,2.89
2025-11-10 14:00:00-05:00,62.19,59.4,-0.0,2.79
2025-11-10 15:00:00-05:00,70.21,66.99,-0.0,3.22
2025-11-10 16:00:00-05:00,88.29,84.01,-0.0,4.28
2025-11-10 17:00:00-05:00,110.35,105.0,-0.0,5.35
2025-11-10 18:00:00-05:00,98.43,93.3,-0.0,5.13
2025-11-10 19:00:00-05:00,85.76,81.29,-0.0,4.47
2025-11-10 20:00:00-05:00,70.39,67.17,-0.0,3.22
2025-11-10 21:00:00-05:00,63.84,60.57,-0.0,3.27
2025-11-10 22:00:00-05:00,54.65,51.85,-0.0,2.8
2025-11-10 23:00:00-05:00,51.86,49.34,-0.0,2.52
2025-11-11 00:00:00-05:00,48.44,46.0,-0.0,2.44
2025-11-11 01:00:00-05:00,47.69,45.25,-0.0,2.44
2025-11-11 02:00:00-05:00,44.53,42.45,-0.0,2.08
2025-11-11 03:00:00-05:00,44.11,42.05,-0.0,2.06
2025-11-11 04:00:00-05:00,46.99,44.63,-0.0,2.36
2025-11-11 05:00:00-05:00,51.95,49.1,-0.0,2.85
2025-11-11 06:00:00-05:00,68.82,64.99,-0.0,3.83
2025-11-11 07:00:00-05:00,79.57,75.07,-0.0,4.5
2025-11-11 08:00:00-05:00,67.39,63.64,-0.0,3.75
2025-11-11 09:00:00-05:00,63.73,59.95,-0.0,3.78
2025-11-11 10:00:00-05:00,63.73,60.01,-0.0,3.72
2025-11-11 11:00:00-05:00,60.96,57.29,-0.0,3.67
2025-11-11 12:00:00-05:00,59.68,55.93,-0.0,3.75
2025-11-11 13:00:00-05:00,60.16,56.33,-0.0,3.83
2025-11-11 14:00:00-05:00,60.78,56.86,-0.0,3.92
2025-11-11 15:00:00-05:00,65.51,61.23,-0.0,4.28
2025-11-11 16:00:00-05:00,86.63,80.96,-0.0,5.67
2025-11-11 17:00:00-05:00,114.13,106.86,-0.0,7.27
2025-11-11 18:00:00-05:00,100.26,93.96,-0.0,6.3
2025-11-11 19:00:00-05:00,90.04,84.62,-0.0,5.42
2025-11-11 20:00:00-05:00,73.41,69.19,-0.0,4.22
2025-11-11 21:00:00-05:00,66.07,61.98,-0.0,4.09
2025-11-11 22:00:00-05:00,56.83,53.77,-0.0,3.06
2025-11-11 23:00:00-05:00,52.3,49.72,-0.0,2.58
2025-11-12 00:00:00-05:00,50.23,47.66,-0.0,2.57
2025-11-12 01:00:00-05:00,46.2,43.96,-0.0,2.24
2025-11-12 02:00:00-05:00,45.05,42.78,-0.0,2.27
2025-11-12 03:00:00-05:00,44.74,42.49,-0.0,2.25
2025-11-12 04:00:00-05:00,45.31,43.11,-0.0,2.2
2025-11-12 05:00:00-05:00,48.8,46.48,-0.0,2.32
2025-11-12 06:00:00-05:00,71.56,67.96,-0.0,3.6
2025-11-12 07:00:00-05:00,90.45,86.23,-0.0,4.22
2025-11-12 08:00:00-05:00,81.48,77.68,-0.0,3.8
2025-11-12 09:00:00-05:00,70.52,67.48,-0.0,3.04
2025-11-12 10:00:00-05:00,66.53,63.66,-0.0,2.87
2025-11-12 11:00:00-05:00,65.09,62.17,-0.0,2.92
2025-11-12 12:00:00-05:00,63.22,60.44,-0.0,2.78
2025-11-12 13:00:00-05:00,64.82,61.85,-0.0,2.97
2025-11-12 14:00:00-05:00,65.08,62.1,-0.0,2.98
2025-11-12 15:00:00-05:00,67.73,64.69,-0.0,3.04
2025-11-12 16:00:00-05:00,76.68,73.1,-0.0,3.58
2025-11-12 17:00:00-05:00,89.18,85.1,-0.0,4.08
2025-11-12 18:00:00-05:00,84.09,80.24,-0.0,3.85
2025-11-12 19:00:00-05:00,76.38,72.95,-0.0,3.43
2025-11-12 20:00:00-05:00,67.02,64.01,-0.0,3.01
2025-11-12 21:00:00-05:00,60.31,57.49,-0.0,2.82
2025-11-12 22:00:00-05:00,53.4,50.91,-0.0,2.49
2025-11-12 23:00:00-05:00,47.9,45.71,-0.0,2.19
2025-11-13 00:00:00-05:00,46.36,44.11,-0.0,2.25
2025-11-13 01:00:00-05:00,45.36,43.24,-0.0,2.12
2025-11-13 02:00:00-05:00,43.13,41.19,-0.0,1.94
2025-11-13 03:00:00-05:00,43.15,41.17,-0.0,1.98
2025-11-13 04:00:00-05:00,42.97,41.04,-0.0,1.93
2025-11-13 05:00:00-05:00,45.41,43.33,-0.0,2.08
2025-11-13 06:00:00-05:00,66.28,63.01,-0.0,3.27
2025-11-13 07:00:00-05:00,79.07,75.88,-0.0,3.19
2025-11-13 08:00:00-05:00,64.24,61.59,-0.0,2.65
2025-11-13 09:00:00-05:00,58.73,56.36,-0.0,2.37
2025-11-13 10:00:00-05:00,55.33,53.05,-0.0,2.28
2025-11-13 11:00:00-05:00,53.43,51.23,-0.0,2.2
2025-11-13 12:00:00-05:00,53.39,51.04,-0.0,2.35
2025-11-13 13:00:00-05:00,54.19,51.81,-0.0,2.38
2025-11-13 14:00:00-05:00,55.13,52.75,-0.0,2.38
2025-11-13 15:00:00-05:00,63.04,60.27,-0.0,2.77
2025-11-13 16:00:00-05:00,72.99,69.32,-0.0,3.67
2025-11-13 17:00:00-05:00,92.82,88.23,-0.0,4.59
2025-11-13 18:00:00-05:00,82.63,78.55,-0.0,4.08
2025-11-13 19:00:00-05:00,69.91,66.71,-0.0,3.2
2025-11-13 20:00:00-05:00,62.62,59.98,-0.0,2.64
2025-11-13 21:00:00-05:00,58.63,56.21,-0.0,2.42
2025-11-13 22:00:00-05:00,53.7,51.44,-0.0,2.26
2025-11-13 23:00:00-05:00,49.94,47.97,-0.0,1.97
2025-11-14 00:00:00-05:00,53.17,50.59,-0.0,2.58
2025-11-14 01:00:00-05:00,47.2,45.08,-0.0,2.12
2025-11-14 02:00:00-05:00,46.0,44.02,-0.0,1.98
2025-11-14 03:00:00-05:00,45.05,43.19,-0.0,1.86
2025-11-14 04:00:00-05:00,47.16,45.17,-0.0,1.99
2025-11-14 05:00:00-05:00,52.64,50.23,-0.0,2.41
2025-11-14 06:00:00-05:00,72.02,68.79,-0.0,3.23
2025-11-14 07:00:00-05:00,91.63,87.77,-0.0,3.86
2025-11-14 08:00:00-05:00,69.12,66.27,-0.0,2.85
2025-11-14 09:00:00-05:00,58.13,55.84,-0.0,2.29
2025-11-14 10:00:00-05:00,54.98,52.61,-0.0,2.37
2025-11-14 11:00:00-05:00,51.89,49.37,-0.0,2.52
2025-11-14 12:00:00-05:00,54.58,51.98,-0.0,2.6
2025-11-14 13:00:00-05:00,56.62,53.98,-0.0,2.64
2025-11-14 14:00:00-05:00,61.37,58.79,-0.0,2.58
2025-11-14 15:00:00-05:00,67.96,64.91,-0.0,3.05
2025-11-14 16:00:00-05:00,86.32,82.06,-0.0,4.26
2025-11-14 17:00:00-05:00,99.94,95.0,-0.0,4.94
2025-11-14 18:00:00-05:00,87.55,84.02,-0.0,3.53
2025-11-14 19:00:00-05:00,76.72,73.84,-0.0,2.88
2025-11-14 20:00:00-05:00,65.76,63.41,-0.0,2.35
2025-11-14 21:00:00-05:00,61.11,58.87,-0.0,2.24
2025-11-14 22:00:00-05:00,55.82,53.73,-0.0,2.09
2025-11-14 23:00:00-05:00,51.93,49.88,-0.0,2.05
2025-11-15 00:00:00-05:00,56.5,54.8,-0.0,1.7
2025-11-15 01:00:00-05:00,55.9,54.22,-0.0,1.68
2025-11-15 02:00:00-05:00,52.11,50.4,-0.0,1.71
2025-11-15 03:00:00-05:00,52.27,50.5,-0.0,1.77
2025-11-15 04:00:00-05:00,51.8,50.0,-0.0,1.8
2025-11-15 05:00:00-05:00,53.74,51.92,-0.0,1.82
2025-11-15 06:00:00-05:00,65.85,63.62,-0.0,2.23
2025-11-15 07:00:00-05:00,66.49,64.3,-0.0,2.19
2025-11-15 08:00:00-05:00,57.87,55.91,-0.0,1.96
2025-11-15 09:00:00-05:00,52.97,51.09,-0.01,1.89
2025-11-15 10:00:00-05:00,49.08,47.41,-0.27,1.94
2025-11-15 11:00:00-05:00,46.53,45.09,-0.41,1.85
2025-11-15 12:00:00-05:00,46.59,45.1,-0.54,2.03
2025-11-15 13:00:00-05:00,49.04,47.29,-0.38,2.13
2025-11-15 14:00:00-05:00,53.81,51.76,-0.28,2.33
2025-11-15 15:00:00-05:00,61.75,59.21,-0.0,2.54
2025-11-15 16:00:00-05:00,66.88,63.82,-0.0,3.06
2025-11-15 17:00:00-05:00,74.4,71.19,-0.0,3.21
2025-11-15 18:00:00-05:00,68.72,65.95,-0.0,2.77
2025-11-15 19:00:00-05:00,63.02,60.48,-0.0,2.54
2025-11-15 20:00:00-05:00,55.15,53.09,-0.22,2.28
2025-11-15 21:00:00-05:00,50.01,48.1,-0.35,2.26
2025-11-15 22:00:00-05:00,47.2,45.48,-0.42,2.14
2025-11-15 23:00:00-05:00,46.08,44.06,-0.01,2.03
2025-11-16 00:00:00-05:00,41.54,39.56,-0.0,1.98
2025-11-16 01:00:00-05:00,39.41,37.64,-0.0,1.77
2025-11-16 02:00:00-05:00,38.51,36.71,-0.0,1.8
2025-11-16 03:00:00-05:00,37.41,35.73,-0.0,1.68
2025-11-16 04:00:00-05:00,35.61,34.01,-0.0,1.6
2025-11-16 05:00:00-05:00,36.55,34.84,-0.0,1.71
2025-11-16 06:00:00-05:00,39.25,37.49,-0.0,1.76
2025-11-16 07:00:00-05:00,41.4,39.69,-0.0,1.71
2025-11-16 08:00:00-05:00,39.9,38.07,-0.0,1.83
2025-11-16 09:00:00-05:00,39.17,37.31,-0.0,1.86
2025-11-16 10:00:00-05:00,38.14,36.29,-0.0,1.85
2025-11-16 11:00:00-05:00,37.86,35.92,-0.0,1.94
2025-11-16 12:00:00-05:00,40.35,38.18,-0.0,2.17
2025-11-16 13:00:00-05:00,41.04,38.68,-0.0,2.36
2025-11-16 14:00:00-05:00,43.07,40.63,-0.0,2.44
2025-11-16 15:00:00-05:00,47.5,44.85,-0.0,2.65
2025-11-16 16:00:00-05:00,55.25,51.97,-0.0,3.28
2025-11-16 17:00:00-05:00,65.07,61.45,-0.0,3.62
2025-11-16 18:00:00-05:00,61.67,58.29,-0.0,3.38
2025-11-16 19:00:00-05:00,54.97,51.81,-0.0,3.16
2025-11-16 20:00:00-05:00,49.41,46.61,-0.0,2.8
2025-11-16 21:00:00-05:00,45.98,43.21,-0.0,2.77
2025-11-16 22:00:00-05:00,42.32,40.0,-0.0,2.32
2025-11-16 23:00:00-05:00,41.5,39.34,-0.0,2.16
2025-11-17 00:00:00-05:00,42.39,40.07,-0.0,2.32
2025-11-17 01:00:00-05:00,38.89,36.93,-0.0,1.96
2025-11-17 02:00:00-05:00,37.18,35.34,-0.0,1.84
2025-11-17 03:00:00-05:00,36.9,35.04,-0.0,1.86
2025-11-17 04:00:00-05:00,38.97,36.97,-0.0,2.0
2025-11-17 05:00:00-05:00,42.52,40.27,-0.0,2.25
2025-11-17 06:00:00-05:00,59.13,56.0,-0.0,3.13
2025-11-17 07:00:00-05:00,70.84,67.09,-0.0,3.75
2025-11-17 08:00:00-05:00,58.97,56.0,-0.0,2.97
2025-11-17 09:00:00-05:00,54.99,52.22,-0.0,2.77
2025-11-17 10:00:00-05:00,54.26,51.58,-0.0,2.68
2025-11-17 11:00:00-05:00,53.14,50.42,-0.0,2.72
2025-11-17 12:00:00-05:00,52.97,50.16,-0.0,2.81
2025-11-17 13:00:00-05:00,53.94,51.03,-0.0,2.91
2025-11-17 14:00:00-05:00,55.0,52.23,-0.0,2.77
2025-11-17 15:00:00-05:00,58.51,55.51,-0.0,3.0
2025-11-17 16:00:00-05:00,70.96,67.26,-0.0,3.7
2025-11-17 17:00:00-05:00,92.5,87.26,-0.0,5.24
2025-11-17 18:00:00-05:00,82.18,77.97,-0.0,4.21
2025-11-17 19:00:00-05:00,70.17,66.58,-0.0,3.59
2025-11-17 20:00:00-05:00,64.31,61.13,-0.0,3.18
2025-11-17 21:00:00-05:00,58.91,55.95,-0.0,2.96
2025-11-17 22:00:00-05:00,53.33,50.79,-0.0,2.54
2025-11-17 23:00:00-05:00,50.22,47.92,-0.0,2.3
2025-11-18 00:00:00-05:00,45.41,43.33,-0.0,2.08
2025-11-18 01:00:00-05:00,43.33,41.38,-0.0,1.95
2025-11-18 02:00:00-05:00,43.17,41.27,-0.0,1.9
2025-11-18 03:00:00-05:00,43.06,41.17,-0.0,1.89
2025-11-18 04:00:00-05:00,43.89,42.08,-0.0,1.81
2025-11-18 05:00:00-05:00,45.83,43.9,-0.0,1.93
2025-11-18 06:00:00-05:00,63.88,60.61,-0.0,3.27
2025-11-18 07:00:00-05:00,80.34,76.52,-0.0,3.82
2025-11-18 08:00:00-05:00,58.11,55.5,-0.0,2.61
2025-11-18 09:00:00-05:00,52.47,50.11,-0.0,2.36
2025-11-18 10:00:00-05:00,48.35,46.09,-0.0,2.26
2025-11-18 11:00:00-05:00,46.86,44.67,-0.0,2.19
2025-11-18 12:00:00-05:00,46.14,44.03,-0.0,2.11
2025-11-18 13:00:00-05:00,48.17,46.01,-0.0,2.16
2025-11-18 14:00:00-05:00,49.65,47.42,-0.0,2.23
2025-11-18 15:00:00-05:00,58.09,55.59,-0.0,2.5
2025-11-18 16:00:00-05:00,72.09,69.12,-0.0,2.97
2025-11-18 17:00:00-05:00,96.89,92.45,-0.0,4.44
2025-11-18 18:00:00-05:00,85.16,81.41,-0.0,3.75
2025-11-18 19:00:00-05:00,74.62,71.55,-0.0,3.07
2025-11-18 20:00:00-05:00,66.98,64.34,-0.0,2.64
2025-11-18 21:00:00-05:00,59.09,56.71,-0.0,2.38
2025-11-18 22:00:00-05:00,54.91,52.7,-0.0,2.21
2025-11-18 23:00:00-05:00,49.97,48.1,-0.0,1.87
2025-11-19 00:00:00-05:00,55.04,52.98,-0.0,2.06
2025-11-19 01:00:00-05:00,52.43,50.61,-0.0,1.82
2025-11-19 02:00:00-05:00,51.0,49.18,-0.0,1.82
2025-11-19 03:00:00-05:00,51.72,49.87,-0.0,1.85
2025-11-19 04:00:00-05:00,52.51,50.59,-0.0,1.92
2025-11-19 05:00:00-05:00,55.93,53.52,-0.0,2.41
2025-11-19 06:00:00-05:00,78.33,74.67,-0.0,3.66
2025-11-19 07:00:00-05:00,92.34,88.03,-0.0,4.31
2025-11-19 08:00:00-05:00,65.22,61.94,-0.0,3.28
2025-11-19 09:00:00-05:00,58.66,55.5,-0.0,3.16
2025-11-19 10:00:00-05:00,50.33,47.48,-0.0,2.85
2025-11-19 11:00:00-05:00,49.61,46.85,-0.0,2.76
2025-11-19 12:00:00-05:00,48.71,46.08,-0.0,2.63
2025-11-19 13:00:00-05:00,49.8,47.16,-0.0,2.64
2025-11-19 14:00:00-05:00,52.65,49.91,-0.0,2.74
2025-11-19 15:00:00-05:00,63.83,60.5,-0.0,3.33
2025-11-19 16:00:00-05:00,82.56,78.26,-0.0,4.3
2025-11-19 17:00:00-05:00,100.47,95.33,-0.0,5.14
2025-11-19 18:00:00-05:00,87.8,83.3,-0.0,4.5
2025-11-19 19:00:00-05:00,80.57,76.66,-0.0,3.91
2025-11-19 20:00:00-05:00,70.55,67.58,-0.0,2.97
2025-11-19 21:00:00-05:00,62.94,59.94,-0.0,3.0
2025-11-19 22:00:00-05:00,58.06,55.3,-0.0,2.76
2025-11-19 23:00:00-05:00,55.17,52.9,-0.0,2.27
2025-11-20 00:00:00-05:00,52.97,50.79,-0.0,2.18
2025-11-20 01:00:00-05:00,49.22,47.28,-0.0,1.94
2025-11-20 02:00:00-05:00,46.9,45.05,-0.0,1.85
2025-11-20 03:00:00-05:00,46.18,44.45,-0.0,1.73
2025-11-20 04:00:00-05:00,47.53,45.7,-0.0,1.83
2025-11-20 05:00:00-05:00,52.96,50.53,-0.0,2.43
2025-11-20 06:00:00-05:00,77.09,73.14,-0.0,3.95
2025-11-20 07:00:00-05:00,89.88,85.68,-0.0,4.2
2025-11-20 08:00:00-05:00,67.35,63.96,-0.0,3.39
2025-11-20 09:00:00-05:00,59.14,56.17,-0.0,2.97
2025-11-20 10:00:00-05:00,53.13,50.31,-0.0,2.82
2025-11-20 11:00:00-05:00,48.4,45.83,-0.0,2.57
2025-11-20 12:00:00-05:00,48.93,46.34,-0.0,2.59
2025-11-20 13:00:00-05:00,50.88,48.23,-0.0,2.65
2025-11-20 14:00:00-05:00,51.21,48.54,-0.0,2.67
2025-11-20 15:00:00-05:00,58.5,55.35,-0.0,3.15
2025-11-20 16:00:00-05:00,75.11,71.2,-0.0,3.91
2025-11-20 17:00:00-05:00,85.94,81.23,-0.0,4.71
2025-11-20 18:00:00-05:00,76.14,72.04,-0.0,4.1
2025-11-20 19:00:00-05:00,70.29,66.29,0.22,3.78
2025-11-20 20:00:00-05:00,63.51,60.01,0.2,3.3
2025-11-20 21:00:00-05:00,58.75,54.36,1.4,2.99
2025-11-20 22:00:00-05:00,52.11,49.25,-0.0,2.86
2025-11-20 23:00:00-05:00,49.21,44.73,2.02,2.46
2025-11-21 00:00:00-05:00,50.78,47.89,0.4,2.49
2025-11-21 01:00:00-05:00,46.85,44.58,-0.0,2.27
2025-11-21 02:00:00-05:00,44.24,42.04,0.06,2.14
2025-11-21 03:00:00-05:00,43.28,41.3,-0.0,1.98
2025-11-21 04:00:00-05:00,44.14,42.12,-0.0,2.02
2025-11-21 05:00:00-05:00,51.07,41.94,7.08,2.05
2025-11-21 06:00:00-05:00,72.02,68.02,0.53,3.47
2025-11-21 07:00:00-05:00,78.25,73.66,0.61,3.98
2025-11-21 08:00:00-05:00,70.37,66.46,0.26,3.65
2025-11-21 09:00:00-05:00,62.54,59.0,-0.0,3.54
2025-11-21 10:00:00-05:00,59.93,56.59,-0.0,3.34
2025-11-21 11:00:00-05:00,57.21,53.92,-0.0,3.29
2025-11-21 12:00:00-05:00,55.89,52.63,-0.0,3.26
2025-11-21 13:00:00-05:00,55.48,52.24,-0.0,3.24
2025-11-21 14:00:00-05:00,58.42,55.06,-0.0,3.36
2025-11-21 15:00:00-05:00,63.36,54.92,5.26,3.18
2025-11-21 16:00:00-05:00,74.32,65.64,4.87,3.81
2025-11-21 17:00:00-05:00,84.92,80.04,-0.0,4.88
2025-11-21 18:00:00-05:00,76.95,72.66,-0.0,4.29
2025-11-21 19:00:00-05:00,69.54,65.67,-0.0,3.87
2025-11-21 20:00:00-05:00,66.0,62.32,-0.0,3.68
2025-11-21 21:00:00-05:00,60.18,56.94,-0.0,3.24
2025-11-21 22:00:00-05:00,56.3,53.57,-0.0,2.73
2025-11-21 23:00:00-05:00,49.56,47.29,-0.0,2.27
2025-11-22 00:00:00-05:00,51.58,49.12,-0.0,2.46
2025-11-22 01:00:00-05:00,49.69,47.41,-0.0,2.28
2025-11-22 02:00:00-05:00,45.68,43.67,-0.0,2.01
2025-11-22 03:00:00-05:00,44.0,42.15,-0.0,1.85
2025-11-22 04:00:00-05:00,43.34,41.52,-0.0,1.82
2025-11-22 05:00:00-05:00,46.07,44.04,-0.0,2.03
2025-11-22 06:00:00-05:00,55.94,53.18,-0.0,2.76
2025-11-22 07:00:00-05:00,61.09,57.96,-0.0,3.13
2025-11-22 08:00:00-05:00,59.06,55.82,-0.0,3.24
2025-11-22 09:00:00-05:00,55.47,52.33,-0.0,3.14
2025-11-22 10:00:00-05:00,54.17,51.15,-0.0,3.02
2025-11-22 11:00:00-05:00,51.48,48.61,-0.0,2.87
2025-11-22 12:00:00-05:00,49.35,46.56,-0.0,2.79
2025-11-22 13:00:00-05:00,49.47,46.67,-0.0,2.8
2025-11-22 14:00:00-05:00,52.72,49.78,-0.0,2.94
2025-11-22 15:00:00-05:00,57.85,54.73,-0.0,3.12
2025-11-22 16:00:00-05:00,70.27,66.61,-0.0,3.66
2025-11-22 17:00:00-05:00,83.8,79.36,-0.0,4.44
2025-11-22 18:00:00-05:00,76.0,71.84,-0.0,4.16
2025-11-22 19:00:00-05:00,70.27,66.48,-0.0,3.79
2025-11-22 20:00:00-05:00,68.05,64.44,-0.0,3.61
2025-11-22 21:00:00-05:00,61.45,58.14,-0.0,3.31
2025-11-22 22:00:00-05:00,57.16,54.23,-0.0,2.93
2025-11-22 23:00:00-05:00,52.59,50.04,-0.0,2.55
2025-11-23 00:00:00-05:00,52.77,50.02,-0.0,2.75
2025-11-23 01:00:00-05:00,48.29,45.81,0.15,2.33
2025-11-23 02:00:00-05:00,47.88,42.89,2.8,2.19
2025-11-23 03:00:00-05:00,45.86,41.97,1.79,2.1
2025-11-23 04:00:00-05:00,45.44,40.52,2.97,1.95
2025-11-23 05:00:00-05:00,46.33,39.66,4.65,2.02
2025-11-23 06:00:00-05:00,52.85,44.15,6.41,2.29
2025-11-23 07:00:00-05:00,56.08,43.33,10.45,2.3
2025-11-23 08:00:00-05:00,55.0,43.64,9.0,2.36
2025-11-23 09:00:00-05:00,54.96,44.08,8.46,2.42
2025-11-23 10:00:00-05:00,54.56,49.07,2.89,2.6
2025-11-23 11:00:00-05:00,56.81,49.65,4.38,2.78
2025-11-23 12:00:00-05:00,59.11,49.64,6.69,2.78
2025-11-23 13:00:00-05:00,59.21,46.26,10.36,2.59
2025-11-23 14:00:00-05:00,62.45,47.56,12.28,2.61
2025-11-23 15:00:00-05:00,66.8,53.3,10.68,2.82
2025-11-23 16:00:00-05:00,73.41,54.12,16.31,2.98
2025-11-23 17:00:00-05:00,88.98,65.77,19.26,3.95
2025-11-23 18:00:00-05:00,82.28,55.71,23.34,3.23
2025-11-23 19:00:00-05:00,78.13,53.49,21.59,3.05
2025-11-23 20:00:00-05:00,73.05,52.17,18.01,2.87
2025-11-23 21:00:00-05:00,63.43,47.83,12.88,2.72
2025-11-23 22:00:00-05:00,57.57,48.36,6.5,2.71
2025-11-23 23:00:00-05:00,52.45,43.89,6.19,2.37
2025-11-24 00:00:00-05:00,51.04,48.66,-0.0,2.38
2025-11-24 01:00:00-05:00,48.14,46.02,-0.0,2.12
2025-11-24 02:00:00-05:00,48.48,46.35,-0.0,2.13
2025-11-24 03:00:00-05:00,48.13,46.06,-0.0,2.07
2025-11-24 04:00:00-05:00,49.85,47.8,-0.0,2.05
2025-11-24 05:00:00-05:00,54.54,52.09,-0.0,2.45
2025-11-24 06:00:00-05:00,74.66,71.04,-0.0,3.62
2025-11-24 07:00:00-05:00,88.91,84.84,-0.0,4.07
2025-11-24 08:00:00-05:00,68.08,65.15,-0.0,2.93
2025-11-24 09:00:00-05:00,55.14,52.56,-0.0,2.58
2025-11-24 10:00:00-05:00,53.14,50.66,-0.0,2.48
2025-11-24 11:00:00-05:00,51.79,49.32,-0.0,2.47
2025-11-24 12:00:00-05:00,50.85,48.34,-0.0,2.51
2025-11-24 13:00:00-05:00,51.84,49.28,-0.0,2.56
2025-11-24 14:00:00-05:00,55.87,53.11,-0.0,2.76
2025-11-24 15:00:00-05:00,65.85,62.66,-0.0,3.19
2025-11-24 16:00:00-05:00,81.7,77.74,-0.0,3.96
2025-11-24 17:00:00-05:00,90.4,85.77,-0.0,4.63
2025-11-24 18:00:00-05:00,81.57,77.39,-0.0,4.18
2025-11-24 19:00:00-05:00,72.44,68.42,0.4,3.62
2025-11-24 20:00:00-05:00,67.53,60.42,3.91,3.2
2025-11-24 21:00:00-05:00,62.42,53.56,5.92,2.94
2025-11-24 22:00:00-05:00,57.96,47.78,7.46,2.72
2025-11-24 23:00:00-05:00,54.79,42.93,9.59,2.27
2025-11-25 00:00:00-05:00,48.19,45.9,-0.0,2.29
2025-11-25 01:00:00-05:00,44.9,42.72,-0.0,2.18
2025-11-25 02:00:00-05:00,44.83,42.78,-0.0,2.05
2025-11-25 03:00:00-05:00,44.21,42.26,-0.0,1.95
2025-11-25 04:00:00-05:00,45.65,43.68,-0.0,1.97
2025-11-25 05:00:00-05:00,47.17,44.92,-0.0,2.25
2025-11-25 06:00:00-05:00,62.05,59.04,-0.0,3.01
2025-11-25 07:00:00-05:00,73.05,69.7,-0.0,3.35
2025-11-25 08:00:00-05:00,71.39,67.93,-0.0,3.46
2025-11-25 09:00:00-05:00,67.17,63.79,-0.0,3.38
2025-11-25 10:00:00-05:00,65.74,62.61,-0.0,3.13
2025-11-25 11:00:00-05:00,65.18,62.14,-0.0,3.04
2025-11-25 12:00:00-05:00,66.44,63.28,-0.0,3.16
2025-11-25 13:00:00-05:00,67.39,64.12,-0.0,3.27
2025-11-25 14:00:00-05:00,71.42,68.08,-0.0,3.34
2025-11-25 15:00:00-05:00,77.64,74.15,-0.0,3.49
2025-11-25 16:00:00-05:00,81.9,77.71,-0.0,4.19
2025-11-25 17:00:00-05:00,86.18,81.77,-0.0,4.41
2025-11-25 18:00:00-05:00,77.81,73.9,-0.0,3.91
2025-11-25 19:00:00-05:00,70.74,67.18,-0.0,3.56
2025-11-25 20:00:00-05:00,65.81,62.62,-0.0,3.19
2025-11-25 21:00:00-05:00,59.56,56.23,0.46,2.87
2025-11-25 22:00:00-05:00,52.07,49.59,-0.0,2.48
2025-11-25 23:00:00-05:00,46.81,44.71,-0.0,2.1
2025-11-26 00:00:00-05:00,45.08,42.97,-0.0,2.11
2025-11-26 01:00:00-05:00,41.3,39.52,-0.0,1.78
2025-11-26 02:00:00-05:00,40.86,39.18,-0.0,1.68
2025-11-26 03:00:00-05:00,40.54,38.94,-0.0,1.6
2025-11-26 04:00:00-05:00,40.52,38.96,-0.0,1.56
2025-11-26 05:00:00-05:00,40.3,38.53,-0.0,1.77
2025-11-26 06:00:00-05:00,51.64,46.63,2.73,2.28
2025-11-26 07:00:00-05:00,58.96,55.99,-0.0,2.97
2025-11-26 08:00:00-05:00,61.01,57.94,-0.0,3.07
2025-11-26 09:00:00-05:00,63.4,60.33,-0.0,3.07
2025-11-26 10:00:00-05:00,62.24,59.0,-0.0,3.24
2025-11-26 11:00:00-05:00,59.42,56.38,-0.0,3.04
2025-11-26 12:00:00-05:00,58.44,55.34,-0.0,3.1
2025-11-26 13:00:00-05:00,57.58,54.44,0.15,2.99
2025-11-26 14:00:00-05:00,61.43,52.45,6.15,2.83
2025-11-26 15:00:00-05:00,67.13,51.83,12.45,2.85
2025-11-26 16:00:00-05:00,71.82,53.26,15.69,2.87
2025-11-26 17:00:00-05:00,74.92,58.65,12.99,3.28
2025-11-26 18:00:00-05:00,71.18,53.85,14.53,2.8
2025-11-26 19:00:00-05:00,67.0,39.82,25.07,2.11
2025-11-26 20:00:00-05:00,61.2,37.8,21.4,2.0
2025-11-26 21:00:00-05:00,58.14,32.52,24.16,1.46
2025-11-26 22:00:00-05:00,51.97,27.94,22.77,1.26
2025-11-26 23:00:00-05:00,45.19,28.04,16.03,1.12
2025-11-27 00:00:00-05:00,42.81,40.62,-0.0,2.19
2025-11-27 01:00:00-05:00,38.49,36.62,-0.0,1.87
2025-11-27 02:00:00-05:00,36.99,35.16,-0.0,1.83
2025-11-27 03:00:00-05:00,36.12,34.34,-0.0,1.78
2025-11-27 04:00:00-05:00,35.94,34.16,-0.0,1.78
2025-11-27 05:00:00-05:00,36.55,34.71,-0.0,1.84
2025-11-27 06:00:00-05:00,40.2,38.14,-0.0,2.06
2025-11-27 07:00:00-05:00,43.09,40.81,-0.0,2.28
2025-11-27 08:00:00-05:00,43.02,40.4,-0.0,2.62
2025-11-27 09:00:00-05:00,43.74,41.15,-0.0,2.59
2025-11-27 10:00:00-05:00,46.93,44.23,-0.0,2.7
2025-11-27 11:00:00-05:00,48.51,45.68,-0.0,2.83
2025-11-27 12:00:00-05:00,48.64,45.71,-0.0,2.93
2025-11-27 13:00:00-05:00,47.44,44.58,-0.0,2.86
2025-11-27 14:00:00-05:00,45.56,42.94,-0.0,2.62
2025-11-27 15:00:00-05:00,47.04,44.29,-0.0,2.75
2025-11-27 16:00:00-05:00,54.85,51.45,-0.0,3.4
2025-11-27 17:00:00-05:00,58.44,54.97,-0.0,3.47
2025-11-27 18:00:00-05:00,55.43,52.19,-0.0,3.24
2025-11-27 19:00:00-05:00,52.33,49.27,-0.0,3.06
2025-11-27 20:00:00-05:00,48.27,45.45,-0.0,2.82
2025-11-27 21:00:00-05:00,47.19,44.43,-0.0,2.76
2025-11-27 22:00:00-05:00,45.01,42.34,-0.0,2.67
2025-11-27 23:00:00-05:00,45.95,43.35,-0.0,2.6
2025-11-28 00:00:00-05:00,45.06,42.83,-0.0,2.23
2025-11-28 01:00:00-05:00,42.7,40.63,-0.0,2.07
2025-11-28 02:00:00-05:00,41.48,39.43,-0.0,2.05
2025-11-28 03:00:00-05:00,41.35,39.38,-0.0,1.97
2025-11-28 04:00:00-05:00,42.22,40.21,-0.0,2.01
2025-11-28 05:00:00-05:00,45.04,42.86,-0.0,2.18
2025-11-28 06:00:00-05:00,51.62,48.98,-0.0,2.64
2025-11-28 07:00:00-05:00,58.33,55.19,-0.0,3.14
2025-11-28 08:00:00-05:00,54.54,51.45,-0.0,3.09
2025-11-28 09:00:00-05:00,49.16,46.42,-0.0,2.74
2025-11-28 10:00:00-05:00,52.6,49.62,-0.0,2.98
2025-11-28 11:00:00-05:00,52.0,49.01,-0.0,2.99
2025-11-28 12:00:00-05:00,49.58,46.68,-0.0,2.9
2025-11-28 13:00:00-05:00,51.05,48.11,-0.0,2.94
2025-11-28 14:00:00-05:00,52.18,49.09,-0.0,3.09
2025-11-28 15:00:00-05:00,58.6,54.97,-0.0,3.63
2025-11-28 16:00:00-05:00,66.69,58.39,4.39,3.91
2025-11-28 17:00:00-05:00,76.42,71.55,-0.0,4.87
2025-11-28 18:00:00-05:00,74.08,69.43,-0.0,4.65
2025-11-28 19:00:00-05:00,69.82,65.5,-0.0,4.32
2025-11-28 20:00:00-05:00,61.78,58.06,-0.0,3.72
2025-11-28 21:00:00-05:00,57.6,54.03,-0.0,3.57
2025-11-28 22:00:00-05:00,55.27,52.09,-0.0,3.18
2025-11-28 23:00:00-05:00,52.79,49.85,-0.0,2.94
2025-11-29 00:00:00-05:00,50.15,47.72,-0.0,2.43
2025-11-29 01:00:00-05:00,47.11,44.99,-0.0,2.12
2025-11-29 02:00:00-05:00,45.27,43.32,-0.0,1.95
2025-11-29 03:00:00-05:00,45.07,43.17,-0.0,1.9
2025-11-29 04:00:00-05:00,45.54,43.62,-0.0,1.92
2025-11-29 05:00:00-05:00,48.04,46.06,-0.0,1.98
2025-11-29 06:00:00-05:00,58.04,55.6,-0.0,2.44
2025-11-29 07:00:00-05:00,59.09,56.22,-0.0,2.87
2025-11-29 08:00:00-05:00,52.57,50.12,-0.0,2.45
2025-11-29 09:00:00-05:00,44.48,42.56,-0.0,1.92
2025-11-29 10:00:00-05:00,44.96,43.02,-0.0,1.94
2025-11-29 11:00:00-05:00,44.86,42.93,-0.0,1.93
2025-11-29 12:00:00-05:00,44.88,43.03,-0.0,1.85
2025-11-29 13:00:00-05:00,46.08,44.22,-0.0,1.86
2025-11-29 14:00:00-05:00,50.62,48.63,-0.0,1.99
2025-11-29 15:00:00-05:00,59.14,56.7,-0.0,2.44
2025-11-29 16:00:00-05:00,75.62,72.44,-0.0,3.18
2025-11-29 17:00:00-05:00,86.35,82.71,-0.0,3.64
2025-11-29 18:00:00-05:00,85.63,81.79,-0.0,3.84
2025-11-29 19:00:00-05:00,76.35,72.92,-0.0,3.43
2025-11-29 20:00:00-05:00,69.63,66.57,-0.0,3.06
2025-11-29 21:00:00-05:00,62.18,59.33,-0.0,2.85
2025-11-29 22:00:00-05:00,57.79,55.41,-0.0,2.38
2025-11-29 23:00:00-05:00,58.3,55.95,-0.0,2.35
2025-11-30 00:00:00-05:00,53.26,51.07,-0.0,2.19
2025-11-30 01:00:00-05:00,49.5,47.64,-0.0,1.86
2025-11-30 02:00:00-05:00,45.89,44.04,-0.0,1.85
2025-11-30 03:00:00-05:00,43.0,41.27,-0.0,1.73
2025-11-30 04:00:00-05:00,42.71,40.87,-0.0,1.84
2025-11-30 05:00:00-05:00,40.86,39.14,-0.0,1.72
2025-11-30 06:00:00-05:00,42.18,40.4,-0.0,1.78
2025-11-30 07:00:00-05:00,44.1,42.16,-0.0,1.94
2025-11-30 08:00:00-05:00,43.46,41.31,-0.0,2.15
2025-11-30 09:00:00-05:00,48.25,45.65,-0.0,2.6
2025-11-30 10:00:00-05:00,52.06,49.3,-0.0,2.76
2025-11-30 11:00:00-05:00,54.81,51.9,-0.0,2.91
2025-11-30 12:00:00-05:00,59.56,55.97,-0.0,3.59
2025-11-30 13:00:00-05:00,62.43,58.73,-0.0,3.7
2025-11-30 14:00:00-05:00,59.13,55.68,-0.0,3.45
2025-11-30 15:00:00-05:00,57.22,53.88,-0.0,3.34
2025-11-30 16:00:00-05:00,65.93,61.85,-0.0,4.08
2025-11-30 17:00:00-05:00,73.33,68.92,-0.0,4.41
2025-11-30 18:00:00-05:00,73.69,69.19,-0.0,4.5
2025-11-30 19:00:00-05:00,64.85,60.84,-0.0,4.01
2025-11-30 20:00:00-05:00,54.45,51.32,-0.0,3.13
2025-11-30 21:00:00-05:00,49.63,46.69,-0.0,2.94
2025-11-30 22:00:00-05:00,45.94,43.46,-0.0,2.48
2025-11-30 23:00:00-05:00,44.74,42.41,-0.0,2.33
2025-12-01 00:00:00-05:00,50.5,48.32,-0.0,2.18
2025-12-01 01:00:00-05:00,47.16,45.26,-0.0,1.9
2025-12-01 02:00:00-05:00,45.44,43.69,-0.0,1.75
2025-12-01 03:00:00-05:00,47.37,45.59,-0.0,1.78
2025-12-01 04:00:00-05:00,51.61,49.67,-0.0,1.94
2025-12-01 05:00:00-05:00,54.83,52.72,-0.0,2.11
2025-12-01 06:00:00-05:00,76.68,73.45,-0.0,3.23
2025-12-01 07:00:00-05:00,88.08,84.37,-0.0,3.71
2025-12-01 08:00:00-05:00,83.96,82.39,-0.57,2.14
2025-12-01 09:00:00-05:00,68.72,67.65,-0.35,1.42
2025-12-01 10:00:00-05:00,66.02,65.2,-0.35,1.17
2025-12-01 11:00:00-05:00,61.3,60.6,-0.27,0.97
2025-12-01 12:00:00-05:00,61.46,60.78,-0.29,0.97
2025-12-01 13:00:00-05:00,66.21,65.58,-0.36,0.99
2025-12-01 14:00:00-05:00,70.58,70.09,-0.42,0.91
2025-12-01 15:00:00-05:00,78.19,75.91,-0.0,2.28
2025-12-01 16:00:00-05:00,101.24,97.73,-0.0,3.51
2025-12-01 17:00:00-05:00,140.63,135.75,-0.0,4.88
2025-12-01 18:00:00-05:00,121.17,116.63,-0.0,4.54
2025-12-01 19:00:00-05:00,109.48,105.37,-0.0,4.11
2025-12-01 20:00:00-05:00,91.6,88.42,-0.0,3.18
2025-12-01 21:00:00-05:00,82.02,79.25,-0.0,2.77
2025-12-01 22:00:00-05:00,74.25,71.81,-0.0,2.44
2025-12-01 23:00:00-05:00,68.61,66.42,-0.0,2.19
2025-12-02 00:00:00-05:00,74.58,72.62,-0.0,1.96
2025-12-02 01:00:00-05:00,70.35,68.5,-0.0,1.85
2025-12-02 02:00:00-05:00,68.12,66.33,-0.0,1.79
2025-12-02 03:00:00-05:00,67.65,65.87,-0.0,1.78
2025-12-02 04:00:00-05:00,66.58,64.9,-0.0,1.68
2025-12-02 05:00:00-05:00,71.08,69.15,-0.0,1.93
2025-12-02 06:00:00-05:00,92.61,89.82,-0.0,2.79
2025-12-02 07:00:00-05:00,103.58,100.86,-0.0,2.72
2025-12-02 08:00:00-05:00,103.35,99.66,-0.0,3.69
2025-12-02 09:00:00-05:00,118.79,114.55,-0.0,4.24
2025-12-02 10:00:00-05:00,119.96,115.57,-0.0,4.39
2025-12-02 11:00:00-05:00,120.8,116.04,-0.0,4.76
2025-12-02 12:00:00-05:00,117.37,113.4,-0.0,3.97
2025-12-02 13:00:00-05:00,112.84,109.03,-0.0,3.81
2025-12-02 14:00:00-05:00,111.41,107.74,-0.0,3.67
2025-12-02 15:00:00-05:00,106.65,102.75,-0.0,3.9
2025-12-02 16:00:00-05:00,121.01,117.03,-0.0,3.98
2025-12-02 17:00:00-05:00,150.6,145.37,-0.0,5.23
2025-12-02 18:00:00-05:00,129.24,124.87,-0.0,4.37
2025-12-02 19:00:00-05:00,116.95,113.1,-0.0,3.85
2025-12-02 20:00:00-05:00,103.89,100.96,-0.0,2.93
2025-12-02 21:00:00-05:00,93.99,91.16,-0.0,2.83
2025-12-02 22:00:00-05:00,89.45,87.27,-0.0,2.18
2025-12-02 23:00:00-05:00,81.27,79.52,-0.0,1.75
2025-12-03 00:00:00-05:00,90.08,86.86,-0.0,3.22
2025-12-03 01:00:00-05:00,86.12,83.13,-0.0,2.99
2025-12-03 02:00:00-05:00,87.5,84.54,-0.0,2.96
2025-12-03 03:00:00-05:00,87.64,84.6,-0.0,3.04
2025-12-03 04:00:00-05:00,87.91,84.86,-0.0,3.05
2025-12-03 05:00:00-05:00,86.91,83.73,-0.0,3.18
2025-12-03 06:00:00-05:00,122.12,116.86,-0.0,5.26
2025-12-03 07:00:00-05:00,138.52,132.3,-0.0,6.22
2025-12-03 08:00:00-05:00,130.84,124.38,-0.0,6.46
2025-12-03 09:00:00-05:00,110.11,104.47,-0.0,5.64
2025-12-03 10:00:00-05:00,96.7,91.84,-0.0,4.86
2025-12-03 11:00:00-05:00,94.29,89.46,-0.0,4.83
2025-12-03 12:00:00-05:00,94.63,90.47,-0.0,4.16
2025-12-03 13:00:00-05:00,91.57,87.54,-0.0,4.03
2025-12-03 14:00:00-05:00,92.82,88.65,-0.0,4.17
2025-12-03 15:00:00-05:00,108.09,102.94,-0.0,5.15
2025-12-03 16:00:00-05:00,131.6,124.63,-0.0,6.97
2025-12-03 17:00:00-05:00,153.32,144.64,-0.0,8.68
2025-12-03 18:00:00-05:00,133.71,126.26,-0.0,7.45
2025-12-03 19:00:00-05:00,124.71,117.76,-0.0,6.95
2025-12-03 20:00:00-05:00,104.74,98.91,-0.0,5.83
2025-12-03 21:00:00-05:00,98.33,92.85,-0.0,5.48
2025-12-03 22:00:00-05:00,91.71,87.1,-0.0,4.61
2025-12-03 23:00:00-05:00,84.01,80.01,-0.0,4.0
2025-12-04 00:00:00-05:00,90.79,75.72,11.29,3.78
2025-12-04 01:00:00-05:00,79.8,70.57,5.84,3.39
2025-12-04 02:00:00-05:00,77.44,70.63,3.56,3.25
2025-12-04 03:00:00-05:00,74.89,71.53,-0.0,3.36
2025-12-04 04:00:00-05:00,74.14,71.02,-0.0,3.12
2025-12-04 05:00:00-05:00,76.42,71.32,1.68,3.42
2025-12-04 06:00:00-05:00,97.99,93.15,-0.0,4.84
2025-12-04 07:00:00-05:00,129.02,122.65,-0.0,6.37
2025-12-04 08:00:00-05:00,124.57,118.64,-0.0,5.93
2025-12-04 09:00:00-05:00,118.51,112.76,-0.0,5.75
2025-12-04 10:00:00-05:00,117.22,111.53,-0.0,5.69
2025-12-04 11:00:00-05:00,108.43,102.98,-0.0,5.45
2025-12-04 12:00:00-05:00,106.29,100.94,-0.0,5.35
2025-12-04 13:00:00-05:00,111.01,100.96,4.8,5.25
2025-12-04 14:00:00-05:00,108.9,103.32,-0.0,5.58
2025-12-04 15:00:00-05:00,127.89,121.46,-0.0,6.43
2025-12-04 16:00:00-05:00,164.76,155.58,-0.0,9.18
2025-12-04 17:00:00-05:00,185.01,174.87,-0.0,10.14
2025-12-04 18:00:00-05:00,178.06,168.3,-0.0,9.76
2025-12-04 19:00:00-05:00,166.05,157.1,-0.0,8.95
2025-12-04 20:00:00-05:00,161.25,152.99,-0.0,8.26
2025-12-04 21:00:00-05:00,144.57,137.56,-0.0,7.01
2025-12-04 22:00:00-05:00,139.77,133.89,-0.0,5.88
2025-12-04 23:00:00-05:00,129.98,124.38,-0.0,5.6
2025-12-05 00:00:00-05:00,175.32,168.41,-0.0,6.91
2025-12-05 01:00:00-05:00,149.12,143.66,-0.0,5.46
2025-12-05 02:00:00-05:00,132.56,127.96,-0.0,4.6
2025-12-05 03:00:00-05:00,129.32,125.07,-0.0,4.25
2025-12-05 04:00:00-05:00,128.06,123.85,-0.0,4.21
2025-12-05 05:00:00-05:00,138.22,133.04,-0.0,5.18
2025-12-05 06:00:00-05:00,175.11,167.24,0.01,7.86
2025-12-05 07:00:00-05:00,213.36,204.38,-0.0,8.98
2025-12-05 08:00:00-05:00,189.09,180.6,-0.0,8.49
2025-12-05 09:00:00-05:00,178.08,161.98,8.17,7.93
2025-12-05 10:00:00-05:00,149.27,135.09,7.83,6.35
2025-12-05 11:00:00-05:00,145.23,124.3,15.09,5.84
2025-12-05 12:00:00-05:00,136.94,116.57,14.77,5.6
2025-12-05 13:00:00-05:00,131.9,113.24,13.22,5.44
2025-12-05 14:00:00-05:00,147.25,126.64,14.53,6.08
2025-12-05 15:00:00-05:00,180.32,156.4,16.57,7.35
2025-12-05 16:00:00-05:00,195.22,185.64,0.3,9.28
2025-12-05 17:00:00-05:00,232.83,221.96,-0.0,10.87
2025-12-05 18:00:00-05:00,205.5,196.09,-0.0,9.41
2025-12-05 19:00:00-05:00,187.31,178.23,-0.0,9.08
2025-12-05 20:00:00-05:00,170.77,162.11,0.88,7.78
2025-12-05 21:00:00-05:00,160.0,132.75,21.01,6.24
2025-12-05 22:00:00-05:00,146.6,140.28,-0.0,6.32
2025-12-05 23:00:00-05:00,139.21,133.6,-0.0,5.61
2025-12-06 00:00:00-05:00,132.42,124.4,2.42,5.6
2025-12-06 01:00:00-05:00,118.82,113.75,0.18,4.89
2025-12-06 02:00:00-05:00,111.34,106.75,-0.0,4.59
2025-12-06 03:00:00-05:00,102.66,98.52,-0.0,4.14
2025-12-06 04:00:00-05:00,108.14,103.68,-0.0,4.46
2025-12-06 05:00:00-05:00,110.35,102.21,3.85,4.29
2025-12-06 06:00:00-05:00,125.45,111.22,9.22,5.01
2025-12-06 07:00:00-05:00,131.95,117.89,9.22,4.84
2025-12-06 08:00:00-05:00,140.02,132.04,2.18,5.8
2025-12-06 09:00:00-05:00,135.65,129.8,-0.0,5.85
2025-12-06 10:00:00-05:00,127.38,122.02,-0.0,5.36
2025-12-06 11:00:00-05:00,125.03,119.88,-0.0,5.15
2025-12-06 12:00:00-05:00,121.32,116.09,-0.0,5.23
2025-12-06 13:00:00-05:00,117.97,112.78,-0.0,5.19
2025-12-06 14:00:00-05:00,114.93,110.09,-0.0,4.84
2025-12-06 15:00:00-05:00,122.53,117.25,-0.0,5.28
2025-12-06 16:00:00-05:00,152.61,143.09,2.51,7.01
2025-12-06 17:00:00-05:00,160.99,153.0,0.34,7.65
2025-12-06 18:00:00-05:00,157.64,149.06,1.28,7.3
2025-12-06 19:00:00-05:00,156.61,137.65,12.35,6.61
2025-12-06 20:00:00-05:00,138.82,132.59,-0.0,6.23
2025-12-06 21:00:00-05:00,126.33,120.66,-0.0,5.67
2025-12-06 22:00:00-05:00,124.18,119.29,-0.0,4.89
2025-12-06 23:00:00-05:00,118.05,113.5,-0.0,4.55
2025-12-07 00:00:00-05:00,126.66,122.14,-0.0,4.52
2025-12-07 01:00:00-05:00,119.33,115.3,-0.0,4.03
2025-12-07 02:00:00-05:00,114.21,110.57,-0.0,3.64
2025-12-07 03:00:00-05:00,112.75,109.25,-0.0,3.5
2025-12-07 04:00:00-05:00,118.33,114.89,-0.0,3.44
2025-12-07 05:00:00-05:00,115.79,112.52,-0.0,3.27
2025-12-07 06:00:00-05:00,118.58,115.13,-0.0,3.45
2025-12-07 07:00:00-05:00,123.36,120.12,-0.0,3.24
2025-12-07 08:00:00-05:00,123.36,120.35,-0.0,3.01
2025-12-07 09:00:00-05:00,124.57,121.53,-0.0,3.04
2025-12-07 10:00:00-05:00,127.35,123.4,-0.0,3.95
2025-12-07 11:00:00-05:00,128.59,124.6,-0.0,3.99
2025-12-07 12:00:00-05:00,135.3,130.73,-0.0,4.57
2025-12-07 13:00:00-05:00,138.19,132.87,-0.0,5.32
2025-12-07 14:00:00-05:00,138.44,133.25,-0.0,5.19
2025-12-07 15:00:00-05:00,142.18,136.71,-0.0,5.47
2025-12-07 16:00:00-05:00,162.43,155.88,-0.0,6.55
2025-12-07 17:00:00-05:00,184.39,176.63,-0.0,7.76
2025-12-07 18:00:00-05:00,172.27,164.85,-0.0,7.42
2025-12-07 19:00:00-05:00,155.46,148.62,-0.0,6.84
2025-12-07 20:00:00-05:00,143.83,137.9,-0.0,5.93
2025-12-07 21:00:00-05:00,132.18,126.62,-0.0,5.56
2025-12-07 22:00:00-05:00,130.66,125.76,-0.0,4.9
2025-12-07 23:00:00-05:00,125.06,120.72,-0.0,4.34
2025-12-08 00:00:00-05:00,119.0,114.75,-0.0,4.25
2025-12-08 01:00:00-05:00,119.61,115.9,-0.0,3.71
2025-12-08 02:00:00-05:00,117.95,114.29,-0.0,3.66
2025-12-08 03:00:00-05:00,119.94,116.22,-0.0,3.72
2025-12-08 04:00:00-05:00,120.01,116.4,-0.0,3.61
2025-12-08 05:00:00-05:00,120.87,116.68,-0.0,4.19
2025-12-08 06:00:00-05:00,147.4,142.0,0.01,5.39
2025-12-08 07:00:00-05:00,172.25,165.28,0.69,6.28
2025-12-08 08:00:00-05:00,161.4,155.04,-0.0,6.36
2025-12-08 09:00:00-05:00,148.09,142.39,-0.0,5.7
2025-12-08 10:00:00-05:00,151.53,145.0,-0.0,6.53
2025-12-08 11:00:00-05:00,145.23,138.97,-0.0,6.26
2025-12-08 12:00:00-05:00,139.02,132.9,-0.0,6.12
2025-12-08 13:00:00-05:00,140.3,134.0,-0.0,6.3
2025-12-08 14:00:00-05:00,149.56,142.58,-0.0,6.98
2025-12-08 15:00:00-05:00,173.19,165.41,-0.0,7.78
2025-12-08 16:00:00-05:00,204.39,195.4,-0.0,8.99
2025-12-08 17:00:00-05:00,250.0,238.55,-0.0,11.45
2025-12-08 18:00:00-05:00,244.31,233.34,-0.0,10.97
2025-12-08 19:00:00-05:00,206.18,196.92,-0.0,9.26
2025-12-08 20:00:00-05:00,194.26,185.36,-0.0,8.9
2025-12-08 21:00:00-05:00,184.04,175.28,-0.0,8.76
2025-12-08 22:00:00-05:00,170.0,163.0,-0.0,7.0
2025-12-08 23:00:00-05:00,164.18,156.66,-0.0,7.52
2025-12-09 00:00:00-05:00,154.57,148.62,-0.0,5.95
2025-12-09 01:00:00-05:00,140.85,135.43,-0.0,5.42
2025-12-09 02:00:00-05:00,136.34,131.35,-0.0,4.99
2025-12-09 03:00:00-05:00,137.97,132.66,-0.0,5.31
2025-12-09 04:00:00-05:00,136.51,131.64,-0.0,4.87
2025-12-09 05:00:00-05:00,144.3,137.94,0.57,5.79
2025-12-09 06:00:00-05:00,177.0,164.78,4.31,7.91
2025-12-09 07:00:00-05:00,219.03,208.33,0.91,9.79
2025-12-09 08:00:00-05:00,198.58,190.21,-0.95,9.32
2025-12-09 09:00:00-05:00,171.49,163.17,-0.0,8.32
2025-12-09 10:00:00-05:00,161.63,154.37,-0.0,7.26
2025-12-09 11:00:00-05:00,149.69,142.16,0.57,6.96
2025-12-09 12:00:00-05:00,147.64,137.92,2.83,6.89
2025-12-09 13:00:00-05:00,148.86,130.12,12.37,6.37
2025-12-09 14:00:00-05:00,145.63,137.12,1.52,6.99
2025-12-09 15:00:00-05:00,154.89,139.19,8.47,7.23
2025-12-09 16:00:00-05:00,171.93,154.58,8.54,8.81
2025-12-09 17:00:00-05:00,200.65,181.29,9.4,9.96
2025-12-09 18:00:00-05:00,185.22,162.18,13.14,9.9
2025-12-09 19:00:00-05:00,168.58,143.57,16.54,8.47
2025-12-09 20:00:00-05:00,155.45,138.07,9.38,8.0
2025-12-09 21:00:00-05:00,149.14,126.15,15.93,7.06
2025-12-09 22:00:00-05:00,135.26,128.19,0.15,6.92
2025-12-09 23:00:00-05:00,124.06,118.04,-0.0,6.02
2025-12-10 00:00:00-05:00,122.53,116.37,-0.0,6.16
2025-12-10 01:00:00-05:00,116.92,110.93,-0.0,5.99
2025-12-10 02:00:00-05:00,115.25,109.56,-0.0,5.69
2025-12-10 03:00:00-05:00,108.94,103.66,-0.0,5.28
2025-12-10 04:00:00-05:00,108.43,103.27,-0.0,5.16
2025-12-10 05:00:00-05:00,112.92,107.14,-0.0,5.78
2025-12-10 06:00:00-05:00,135.16,118.65,9.87,6.64
2025-12-10 07:00:00-05:00,170.81,149.51,13.23,8.07
2025-12-10 08:00:00-05:00,166.32,142.62,15.86,7.84
2025-12-10 09:00:00-05:00,164.88,147.62,8.85,8.41
2025-12-10 10:00:00-05:00,144.48,127.68,10.29,6.51
2025-12-10 11:00:00-05:00,146.82,130.43,9.35,7.04
2025-12-10 12:00:00-05:00,138.0,122.29,9.35,6.36
2025-12-10 13:00:00-05:00,134.66,114.97,13.71,5.98
2025-12-10 14:00:00-05:00,123.19,116.76,0.01,6.42
2025-12-10 15:00:00-05:00,123.56,117.12,-0.0,6.44
2025-12-10 16:00:00-05:00,138.39,128.55,2.52,7.32
2025-12-10 17:00:00-05:00,154.32,145.12,0.79,8.41
2025-12-10 18:00:00-05:00,134.34,126.97,0.01,7.36
2025-12-10 19:00:00-05:00,126.75,120.03,-0.0,6.72
2025-12-10 20:00:00-05:00,119.69,112.92,-0.0,6.77
2025-12-10 21:00:00-05:00,108.28,101.67,0.61,6.0
2025-12-10 22:00:00-05:00,101.14,96.33,-0.0,4.81
2025-12-10 23:00:00-05:00,97.58,93.2,-0.0,4.38
2025-12-11 00:00:00-05:00,87.48,84.03,-0.0,3.45
2025-12-11 01:00:00-05:00,84.51,81.18,-0.0,3.33
2025-12-11 02:00:00-05:00,81.43,78.45,-0.0,2.98
2025-12-11 03:00:00-05:00,81.62,78.48,-0.0,3.14
2025-12-11 04:00:00-05:00,85.32,82.2,-0.0,3.12
2025-12-11 05:00:00-05:00,85.54,82.02,-0.0,3.52
2025-12-11 06:00:00-05:00,112.58,106.71,-0.0,5.87
2025-12-11 07:00:00-05:00,125.78,119.91,-0.0,5.87
2025-12-11 08:00:00-05:00,123.9,117.89,-0.0,6.01
2025-12-11 09:00:00-05:00,119.25,113.25,-0.0,6.0
2025-12-11 10:00:00-05:00,123.31,117.33,-0.0,5.98
2025-12-11 11:00:00-05:00,119.0,113.12,-0.0,5.88
2025-12-11 12:00:00-05:00,117.55,111.64,-0.0,5.91
2025-12-11 13:00:00-05:00,116.55,110.37,-0.0,6.18
2025-12-11 14:00:00-05:00,121.35,114.37,-0.0,6.98
2025-12-11 15:00:00-05:00,128.7,121.65,-0.0,7.05
2025-12-11 16:00:00-05:00,166.24,155.7,0.72,9.82
2025-12-11 17:00:00-05:00,193.26,181.12,-0.0,12.14
2025-12-11 18:00:00-05:00,181.41,170.34,-0.0,11.07
2025-12-11 19:00:00-05:00,168.14,157.58,-0.0,10.56
2025-12-11 20:00:00-05:00,152.46,143.75,0.23,8.48
2025-12-11 21:00:00-05:00,136.04,128.46,-0.0,7.58
2025-12-11 22:00:00-05:00,123.48,116.15,1.98,5.35
2025-12-11 23:00:00-05:00,116.93,111.57,-0.0,5.36
2025-12-12 00:00:00-05:00,111.6,107.62,-0.0,3.98
2025-12-12 01:00:00-05:00,107.39,103.96,-0.0,3.43
2025-12-12 02:00:00-05:00,102.7,99.42,-0.0,3.28
2025-12-12 03:00:00-05:00,105.28,102.02,-0.0,3.26
2025-12-12 04:00:00-05:00,104.73,101.58,-0.0,3.15
2025-12-12 05:00:00-05:00,102.21,99.04,-0.0,3.17
2025-12-12 06:00:00-05:00,131.26,126.57,-0.0,4.69
2025-12-12 07:00:00-05:00,178.36,171.83,-0.0,6.53
2025-12-12 08:00:00-05:00,165.85,159.93,-0.0,5.92
2025-12-12 09:00:00-05:00,137.54,132.63,-0.0,4.91
2025-12-12 10:00:00-05:00,126.55,122.27,-0.0,4.28
2025-12-12 11:00:00-05:00,124.81,120.7,-0.0,4.11
2025-12-12 12:00:00-05:00,119.76,115.6,-0.0,4.16
2025-12-12 13:00:00-05:00,124.21,119.9,-0.0,4.31
2025-12-12 14:00:00-05:00,125.77,121.17,-0.0,4.6
2025-12-12 15:00:00-05:00,141.35,136.3,-0.0,5.05
2025-12-12 16:00:00-05:00,162.06,153.76,-0.0,8.3
2025-12-12 17:00:00-05:00,175.78,166.31,-0.0,9.47
2025-12-12 18:00:00-05:00,165.49,156.72,-0.0,8.77
2025-12-12 19:00:00-05:00,164.74,156.45,-0.0,8.29
2025-12-12 20:00:00-05:00,155.88,149.88,-0.0,6.0
2025-12-12 21:00:00-05:00,137.09,132.46,-0.0,4.63
2025-12-12 22:00:00-05:00,138.54,134.51,-0.0,4.03
2025-12-12 23:00:00-05:00,132.28,128.8,-0.0,3.48
2025-12-13 00:00:00-05:00,114.0,109.83,-0.0,4.17
2025-12-13 01:00:00-05:00,109.91,106.2,-0.0,3.71
2025-12-13 02:00:00-05:00,96.38,93.31,-0.0,3.07
2025-12-13 03:00:00-05:00,94.82,91.8,-0.0,3.02
2025-12-13 04:00:00-05:00,93.7,90.45,-0.0,3.25
2025-12-13 05:00:00-05:00,94.77,91.57,-0.0,3.2
2025-12-13 06:00:00-05:00,100.66,96.89,-0.0,3.77
2025-12-13 07:00:00-05:00,104.18,100.08,-0.0,4.1
2025-12-13 08:00:00-05:00,106.58,102.19,-0.0,4.39
2025-12-13 09:00:00-05:00,108.33,103.66,-0.0,4.67
2025-12-13 10:00:00-05:00,118.24,113.26,-0.0,4.98
2025-12-13 11:00:00-05:00,113.91,109.0,-0.0,4.91
2025-12-13 12:00:00-05:00,111.42,106.52,-0.0,4.9
2025-12-13 13:00:00-05:00,114.84,109.79,-0.0,5.05
2025-12-13 14:00:00-05:00,110.43,105.27,-0.0,5.16
2025-12-13 15:00:00-05:00,113.06,107.88,-0.0,5.18
2025-12-13 16:00:00-05:00,130.09,124.01,-0.0,6.08
2025-12-13 17:00:00-05:00,143.23,136.93,-0.0,6.3
2025-12-13 18:00:00-05:00,133.18,127.32,-0.0,5.86
2025-12-13 19:00:00-05:00,125.94,120.64,-0.0,5.3
2025-12-13 20:00:00-05:00,125.7,121.21,-0.0,4.49
2025-12-13 21:00:00-05:00,121.66,117.1,-0.0,4.56
2025-12-13 22:00:00-05:00,118.55,114.44,-0.0,4.11
2025-12-13 23:00:00-05:00,115.42,111.62,-0.0,3.8
2025-12-14 00:00:00-05:00,120.44,116.37,-0.0,4.07
2025-12-14 01:00:00-05:00,116.7,112.98,-0.0,3.72
2025-12-14 02:00:00-05:00,111.71,107.93,-0.0,3.78
2025-12-14 03:00:00-05:00,105.38,101.82,-0.0,3.56
2025-12-14 04:00:00-05:00,108.1,104.75,-0.0,3.35
2025-12-14 05:00:00-05:00,111.33,107.78,-0.0,3.55
2025-12-14 06:00:00-05:00,111.04,107.19,-0.0,3.85
2025-12-14 07:00:00-05:00,117.13,112.95,-0.0,4.18
2025-12-14 08:00:00-05:00,120.15,115.64,-0.0,4.51
2025-12-14 09:00:00-05:00,120.9,116.81,-0.0,4.09
2025-12-14 10:00:00-05:00,135.52,130.56,-0.0,4.96
2025-12-14 11:00:00-05:00,134.58,129.91,-0.0,4.67
2025-12-14 12:00:00-05:00,131.83,126.75,-0.0,5.08
2025-12-14 13:00:00-05:00,136.29,130.8,-0.0,5.49
2025-12-14 14:00:00-05:00,140.82,134.89,-0.0,5.93
2025-12-14 15:00:00-05:00,152.06,145.51,-0.0,6.55
2025-12-14 16:00:00-05:00,167.46,159.79,-0.0,7.67
2025-12-14 17:00:00-05:00,195.94,186.79,-0.0,9.15
2025-12-14 18:00:00-05:00,186.09,177.23,-0.0,8.86
2025-12-14 19:00:00-05:00,173.04,165.11,-0.0,7.93
2025-12-14 20:00:00-05:00,163.81,156.31,-0.0,7.5
2025-12-14 21:00:00-05:00,150.38,143.36,-0.0,7.02
2025-12-14 22:00:00-05:00,150.86,143.68,-0.0,7.18
2025-12-14 23:00:00-05:00,141.46,135.5,-0.0,5.96
2025-12-15 00:00:00-05:00,139.75,133.6,-0.0,6.15
2025-12-15 01:00:00-05:00,133.99,128.22,-0.0,5.77
2025-12-15 02:00:00-05:00,131.34,125.93,-0.0,5.41
2025-12-15 03:00:00-05:00,131.59,126.17,-0.0,5.42
2025-12-15 04:00:00-05:00,130.83,125.68,-0.0,5.15
2025-12-15 05:00:00-05:00,139.08,133.35,-0.0,5.73
2025-12-15 06:00:00-05:00,169.23,153.0,8.58,7.65
2025-12-15 07:00:00-05:00,209.28,198.4,1.55,9.33
2025-12-15 08:00:00-05:00,179.67,171.6,-0.0,8.07
2025-12-15 09:00:00-05:00,159.18,151.75,-0.0,7.43
2025-12-15 10:00:00-05:00,158.29,151.18,-0.0,7.11
2025-12-15 11:00:00-05:00,151.67,144.86,-0.0,6.81
2025-12-15 12:00:00-05:00,148.96,142.14,-0.0,6.82
2025-12-15 13:00:00-05:00,150.02,143.01,-0.0,7.01
2025-12-15 14:00:00-05:00,152.84,145.98,-0.0,6.86
2025-12-15 15:00:00-05:00,160.06,152.44,-0.0,7.62
2025-12-15 16:00:00-05:00,188.01,178.89,-0.0,9.12
2025-12-15 17:00:00-05:00,217.96,207.78,-0.0,10.18
2025-12-15 18:00:00-05:00,198.19,188.4,-0.0,9.79
2025-12-15 19:00:00-05:00,188.54,179.57,-0.0,8.97
2025-12-15 20:00:00-05:00,163.45,154.49,-0.0,8.96
2025-12-15 21:00:00-05:00,152.52,145.67,-0.0,6.85
2025-12-15 22:00:00-05:00,151.92,145.8,-0.0,6.12
2025-12-15 23:00:00-05:00,143.41,138.16,-0.0,5.25
2025-12-16 00:00:00-05:00,136.25,130.88,-0.0,5.37
2025-12-16 01:00:00-05:00,130.32,125.43,-0.0,4.89
2025-12-16 02:00:00-05:00,128.28,123.34,-0.0,4.94
2025-12-16 03:00:00-05:00,128.82,123.86,-0.0,4.96
2025-12-16 04:00:00-05:00,129.04,124.2,-0.0,4.84
2025-12-16 05:00:00-05:00,131.54,126.12,-0.0,5.42
2025-12-16 06:00:00-05:00,154.52,140.03,8.47,6.02
2025-12-16 07:00:00-05:00,203.48,195.2,-0.51,8.79
2025-12-16 08:00:00-05:00,174.49,167.89,-0.29,6.89
2025-12-16 09:00:00-05:00,152.03,145.48,-0.0,6.55
2025-12-16 10:00:00-05:00,131.32,125.42,-0.0,5.9
2025-12-16 11:00:00-05:00,124.47,118.77,-0.0,5.7
2025-12-16 12:00:00-05:00,123.25,117.39,-0.01,5.87
2025-12-16 13:00:00-05:00,122.48,116.65,-0.0,5.83
2025-12-16 14:00:00-05:00,125.33,119.73,-0.15,5.75
2025-12-16 15:00:00-05:00,130.64,125.12,-0.36,5.88
2025-12-16 16:00:00-05:00,165.55,158.16,-0.52,7.91
2025-12-16 17:00:00-05:00,184.03,175.0,-0.41,9.44
2025-12-16 18:00:00-05:00,162.62,142.16,12.79,7.67
2025-12-16 19:00:00-05:00,152.73,125.09,20.89,6.75
2025-12-16 20:00:00-05:00,149.69,110.2,33.65,5.84
2025-12-16 21:00:00-05:00,135.32,91.01,39.58,4.73
2025-12-16 22:00:00-05:00,127.71,92.38,30.8,4.53
2025-12-16 23:00:00-05:00,129.91,93.22,32.78,3.91
2025-12-17 00:00:00-05:00,100.07,86.94,8.87,4.26
2025-12-17 01:00:00-05:00,91.57,87.29,-0.0,4.28
2025-12-17 02:00:00-05:00,83.87,77.31,2.7,3.86
2025-12-17 03:00:00-05:00,86.84,77.5,5.62,3.72
2025-12-17 04:00:00-05:00,86.39,82.28,-0.0,4.11
2025-12-17 05:00:00-05:00,91.98,70.23,18.45,3.3
2025-12-17 06:00:00-05:00,111.38,92.6,14.24,4.54
2025-12-17 07:00:00-05:00,120.32,82.94,33.23,4.15
2025-12-17 08:00:00-05:00,116.64,88.83,23.37,4.44
2025-12-17 09:00:00-05:00,115.69,94.04,16.86,4.79
2025-12-17 10:00:00-05:00,88.44,84.31,-0.0,4.13
2025-12-17 11:00:00-05:00,86.86,82.73,-0.0,4.13
2025-12-17 12:00:00-05:00,83.65,79.67,-0.0,3.98
2025-12-17 13:00:00-05:00,82.63,78.55,-0.0,4.08
2025-12-17 14:00:00-05:00,83.25,79.29,-0.0,3.96
2025-12-17 15:00:00-05:00,97.59,93.12,-0.0,4.47
2025-12-17 16:00:00-05:00,108.6,103.43,-0.0,5.17
2025-12-17 17:00:00-05:00,127.67,121.59,-0.0,6.08
2025-12-17 18:00:00-05:00,122.04,116.12,-0.0,5.92
2025-12-17 19:00:00-05:00,117.05,111.16,-0.0,5.89
2025-12-17 20:00:00-05:00,115.2,109.72,-0.0,5.48
2025-12-17 21:00:00-05:00,94.36,90.12,-0.0,4.24
2025-12-17 22:00:00-05:00,98.17,94.21,-0.0,3.96
2025-12-17 23:00:00-05:00,82.67,79.88,-0.0,2.79
2025-12-18 00:00:00-05:00,68.19,65.76,-0.0,2.43
2025-12-18 01:00:00-05:00,63.94,61.96,-0.0,1.98
2025-12-18 02:00:00-05:00,58.83,57.06,-0.0,1.77
2025-12-18 03:00:00-05:00,59.44,57.48,-0.0,1.96
2025-12-18 04:00:00-05:00,58.35,56.49,-0.0,1.86
2025-12-18 05:00:00-05:00,60.63,58.24,-0.0,2.39
2025-12-18 06:00:00-05:00,65.95,62.93,-0.0,3.02
2025-12-18 07:00:00-05:00,76.37,72.73,-0.0,3.64
2025-12-18 08:00:00-05:00,67.52,64.25,-0.0,3.27
2025-12-18 09:00:00-05:00,60.89,57.99,-0.0,2.9
2025-12-18 10:00:00-05:00,59.49,56.5,-0.0,2.99
2025-12-18 11:00:00-05:00,55.84,53.08,-0.0,2.76
2025-12-18 12:00:00-05:00,52.88,50.22,-0.0,2.66
2025-12-18 13:00:00-05:00,53.91,50.91,-0.0,3.0
2025-12-18 14:00:00-05:00,57.39,54.3,-0.0,3.09
2025-12-18 15:00:00-05:00,63.07,59.56,-0.0,3.51
2025-12-18 16:00:00-05:00,70.52,66.59,-0.0,3.93
2025-12-18 17:00:00-05:00,76.14,71.97,-0.0,4.17
2025-12-18 18:00:00-05:00,72.77,68.91,-0.0,3.86
2025-12-18 19:00:00-05:00,66.06,62.68,-0.0,3.38
2025-12-18 20:00:00-05:00,63.59,60.22,-0.0,3.37
2025-12-18 21:00:00-05:00,59.4,56.09,-0.0,3.31
2025-12-18 22:00:00-05:00,52.93,50.22,-0.0,2.71
2025-12-18 23:00:00-05:00,47.38,45.3,-0.0,2.08
2025-12-19 00:00:00-05:00,41.7,39.68,-0.0,2.02
2025-12-19 01:00:00-05:00,40.0,38.13,-0.0,1.87
2025-12-19 02:00:00-05:00,38.91,37.2,-0.0,1.71
2025-12-19 03:00:00-05:00,38.33,36.61,-0.0,1.72
2025-12-19 04:00:00-05:00,36.99,35.3,-0.0,1.69
2025-12-19 05:00:00-05:00,38.95,37.03,-0.0,1.92
2025-12-19 06:00:00-05:00,45.22,42.82,-0.0,2.4
2025-12-19 07:00:00-05:00,51.9,49.15,-0.0,2.75
2025-12-19 08:00:00-05:00,55.52,52.63,-0.0,2.89
2025-12-19 09:00:00-05:00,57.04,54.17,-0.0,2.87
2025-12-19 10:00:00-05:00,55.71,53.01,-0.0,2.7
2025-12-19 11:00:00-05:00,54.44,51.8,-0.0,2.64
2025-12-19 12:00:00-05:00,53.03,50.41,-0.0,2.62
2025-12-19 13:00:00-05:00,50.5,47.91,-0.0,2.59
2025-12-19 14:00:00-05:00,48.68,46.23,-0.0,2.45
2025-12-19 15:00:00-05:00,53.57,50.92,-0.0,2.65
2025-12-19 16:00:00-05:00,64.45,61.03,-0.0,3.42
2025-12-19 17:00:00-05:00,75.48,71.55,-0.0,3.93
2025-12-19 18:00:00-05:00,70.03,66.13,-0.0,3.9
2025-12-19 19:00:00-05:00,64.34,60.76,-0.0,3.58
2025-12-19 20:00:00-05:00,62.94,59.43,-0.0,3.51
2025-12-19 21:00:00-05:00,59.28,56.08,-0.0,3.2
2025-12-19 22:00:00-05:00,55.53,52.59,-0.0,2.94
2025-12-19 23:00:00-05:00,52.61,50.25,-0.0,2.36
2025-12-20 00:00:00-05:00,51.26,48.87,-0.0,2.39
2025-12-20 01:00:00-05:00,49.38,47.12,-0.0,2.26
2025-12-20 02:00:00-05:00,47.64,45.5,-0.0,2.14
2025-12-20 03:00:00-05:00,46.88,44.86,-0.0,2.02
2025-12-20 04:00:00-05:00,48.37,46.33,-0.0,2.04
2025-12-20 05:00:00-05:00,47.87,45.9,-0.0,1.97
2025-12-20 06:00:00-05:00,55.97,53.56,-0.0,2.41
2025-12-20 07:00:00-05:00,61.27,58.69,-0.0,2.58
2025-12-20 08:00:00-05:00,64.22,61.69,-0.0,2.53
2025-12-20 09:00:00-05:00,53.28,51.33,-0.0,1.95
2025-12-20 10:00:00-05:00,60.37,57.99,-0.0,2.38
2025-12-20 11:00:00-05:00,54.52,52.32,-0.0,2.2
2025-12-20 12:00:00-05:00,55.13,52.75,-0.0,2.38
2025-12-20 13:00:00-05:00,56.17,53.6,-0.0,2.57
2025-12-20 14:00:00-05:00,58.1,55.39,-0.0,2.71
2025-12-20 15:00:00-05:00,63.63,57.31,3.46,2.86
2025-12-20 16:00:00-05:00,72.91,69.31,-0.0,3.6
2025-12-20 17:00:00-05:00,79.63,75.7,-0.0,3.93
2025-12-20 18:00:00-05:00,71.52,67.79,-0.0,3.73
2025-12-20 19:00:00-05:00,67.86,64.01,0.27,3.58
2025-12-20 20:00:00-05:00,63.1,54.88,5.2,3.02
2025-12-20 21:00:00-05:00,64.02,52.04,9.07,2.91
2025-12-20 22:00:00-05:00,56.16,53.27,0.01,2.88
2025-12-20 23:00:00-05:00,55.82,52.8,0.33,2.69
2025-12-21 00:00:00-05:00,53.8,51.14,-0.0,2.66
2025-12-21 01:00:00-05:00,50.18,47.79,-0.0,2.39
2025-12-21 02:00:00-05:00,47.07,44.83,-0.0,2.24
2025-12-21 03:00:00-05:00,44.73,42.52,-0.0,2.21
2025-12-21 04:00:00-05:00,45.05,42.86,-0.0,2.19
2025-12-21 05:00:00-05:00,45.48,43.27,-0.0,2.21
2025-12-21 06:00:00-05:00,48.61,46.3,-0.0,2.31
2025-12-21 07:00:00-05:00,53.45,50.95,-0.0,2.5
2025-12-21 08:00:00-05:00,53.37,50.88,-0.0,2.49
2025-12-21 09:00:00-05:00,51.65,49.28,-0.0,2.37
2025-12-21 10:00:00-05:00,50.46,48.24,-0.0,2.22
2025-12-21 11:00:00-05:00,48.75,46.6,-0.0,2.15
2025-12-21 12:00:00-05:00,48.33,46.12,-0.0,2.21
2025-12-21 13:00:00-05:00,48.2,45.91,-0.0,2.29
2025-12-21 14:00:00-05:00,56.08,53.41,-0.0,2.67
2025-12-21 15:00:00-05:00,60.93,58.08,-0.0,2.85
2025-12-21 16:00:00-05:00,73.07,69.72,-0.0,3.35
2025-12-21 17:00:00-05:00,83.29,79.55,-0.0,3.74
2025-12-21 18:00:00-05:00,76.13,72.71,-0.0,3.42
2025-12-21 19:00:00-05:00,74.43,71.02,-0.0,3.41
2025-12-21 20:00:00-05:00,69.68,66.61,-0.0,3.07
2025-12-21 21:00:00-05:00,66.3,63.38,-0.0,2.92
2025-12-21 22:00:00-05:00,70.79,68.06,-0.0,2.73
2025-12-21 23:00:00-05:00,63.96,61.86,-0.0,2.1
2025-12-22 00:00:00-05:00,65.39,63.12,-0.0,2.27
2025-12-22 01:00:00-05:00,62.52,60.23,-0.0,2.29
2025-12-22 02:00:00-05:00,60.08,58.1,-0.0,1.98
2025-12-22 03:00:00-05:00,60.39,58.13,-0.0,2.26
2025-12-22 04:00:00-05:00,61.47,59.28,-0.0,2.19
2025-12-22 05:00:00-05:00,62.75,60.63,-0.0,2.12
2025-12-22 06:00:00-05:00,84.23,80.68,-0.0,3.55
2025-12-22 07:00:00-05:00,102.43,97.83,-0.0,4.6
2025-12-22 08:00:00-05:00,96.63,92.2,-0.0,4.43
2025-12-22 09:00:00-05:00,69.7,67.09,-0.0,2.61
2025-12-22 10:00:00-05:00,70.14,67.44,-0.0,2.7
2025-12-22 11:00:00-05:00,65.46,62.94,-0.0,2.52
2025-12-22 12:00:00-05:00,63.37,60.99,-0.0,2.38
2025-12-22 13:00:00-05:00,64.42,62.0,-0.0,2.42
2025-12-22 14:00:00-05:00,73.04,70.43,-0.0,2.61
2025-12-22 15:00:00-05:00,80.24,77.15,-0.0,3.09
2025-12-22 16:00:00-05:00,99.52,95.51,-0.0,4.01
2025-12-22 17:00:00-05:00,110.95,106.38,-0.0,4.57
2025-12-22 18:00:00-05:00,103.83,99.65,-0.0,4.18
2025-12-22 19:00:00-05:00,99.44,95.43,-0.0,4.01
2025-12-22 20:00:00-05:00,80.38,77.37,-0.0,3.01
2025-12-22 21:00:00-05:00,76.31,73.37,-0.0,2.94
2025-12-22 22:00:00-05:00,73.83,71.4,-0.0,2.43
2025-12-22 23:00:00-05:00,69.83,67.73,-0.0,2.1
2025-12-23 00:00:00-05:00,59.96,57.88,-0.0,2.08
2025-12-23 01:00:00-05:00,57.87,55.75,-0.0,2.12
2025-12-23 02:00:00-05:00,53.57,51.76,-0.0,1.81
2025-12-23 03:00:00-05:00,51.49,49.85,-0.0,1.64
2025-12-23 04:00:00-05:00,54.19,52.36,-0.0,1.83
2025-12-23 05:00:00-05:00,59.14,56.7,-0.0,2.44
2025-12-23 06:00:00-05:00,66.35,63.68,-0.0,2.67
2025-12-23 07:00:00-05:00,73.13,69.98,-0.0,3.15
2025-12-23 08:00:00-05:00,75.44,71.98,-0.0,3.46
2025-12-23 09:00:00-05:00,83.2,79.09,-0.0,4.11
2025-12-23 10:00:00-05:00,78.68,75.01,-0.0,3.67
2025-12-23 11:00:00-05:00,75.82,72.42,-0.0,3.4
2025-12-23 12:00:00-05:00,70.06,67.11,-0.0,2.95
2025-12-23 13:00:00-05:00,69.68,66.87,-0.0,2.81
2025-12-23 14:00:00-05:00,70.69,67.97,-0.0,2.72
2025-12-23 15:00:00-05:00,67.31,64.66,-0.0,2.65
2025-12-23 16:00:00-05:00,71.75,68.79,-0.0,2.96
2025-12-23 17:00:00-05:00,79.16,75.68,-0.0,3.48
2025-12-23 18:00:00-05:00,70.84,67.72,-0.0,3.12
2025-12-23 19:00:00-05:00,64.52,61.45,-0.0,3.07
2025-12-23 20:00:00-05:00,63.56,60.53,-0.0,3.03
2025-12-23 21:00:00-05:00,60.44,57.35,-0.0,3.09
2025-12-23 22:00:00-05:00,55.31,52.68,-0.0,2.63
2025-12-23 23:00:00-05:00,53.44,50.85,-0.0,2.59
2025-12-24 00:00:00-05:00,47.78,45.72,-0.0,2.06
2025-12-24 01:00:00-05:00,43.58,41.82,-0.0,1.76
2025-12-24 02:00:00-05:00,40.44,38.85,-0.0,1.59
2025-12-24 03:00:00-05:00,39.75,38.22,-0.0,1.53
2025-12-24 04:00:00-05:00,39.66,38.21,-0.0,1.45
2025-12-24 05:00:00-05:00,44.58,42.7,-0.0,1.88
2025-12-24 06:00:00-05:00,55.05,52.83,-0.0,2.22
2025-12-24 07:00:00-05:00,61.6,58.83,-0.0,2.77
2025-12-24 08:00:00-05:00,61.56,58.74,-0.0,2.82
2025-12-24 09:00:00-05:00,58.39,55.93,-0.0,2.46
2025-12-24 10:00:00-05:00,57.82,55.65,-0.0,2.17
2025-12-24 11:00:00-05:00,56.01,53.96,-0.0,2.05
2025-12-24 12:00:00-05:00,54.2,52.11,-0.0,2.09
2025-12-24 13:00:00-05:00,57.4,55.14,-0.0,2.26
2025-12-24 14:00:00-05:00,61.58,59.33,-0.0,2.25
2025-12-24 15:00:00-05:00,62.9,60.77,-0.0,2.13
2025-12-24 16:00:00-05:00,70.93,68.53,-0.0,2.4
2025-12-24 17:00:00-05:00,85.75,82.45,-0.0,3.3
2025-12-24 18:00:00-05:00,71.92,69.15,-0.0,2.77
2025-12-24 19:00:00-05:00,68.65,66.08,-0.0,2.57
2025-12-24 20:00:00-05:00,65.0,62.5,-0.0,2.5
2025-12-24 21:00:00-05:00,62.08,59.58,-0.0,2.5
2025-12-24 22:00:00-05:00,61.44,58.96,-0.0,2.48
2025-12-24 23:00:00-05:00,57.58,55.69,-0.0,1.89
2025-12-25 00:00:00-05:00,51.58,49.84,-0.0,1.74
2025-12-25 01:00:00-05:00,47.8,46.14,-0.0,1.66
2025-12-25 02:00:00-05:00,46.52,44.78,-0.0,1.74
2025-12-25 03:00:00-05:00,43.06,41.6,-0.0,1.46
2025-12-25 04:00:00-05:00,42.78,41.33,-0.0,1.45
2025-12-25 05:00:00-05:00,44.47,42.93,-0.0,1.54
2025-12-25 06:00:00-05:00,48.42,46.56,-0.0,1.86
2025-12-25 07:00:00-05:00,49.26,47.32,-0.0,1.94
2025-12-25 08:00:00-05:00,51.65,49.71,-0.0,1.94
2025-12-25 09:00:00-05:00,49.9,47.75,-0.0,2.15
2025-12-25 10:00:00-05:00,54.44,52.15,-0.0,2.29
2025-12-25 11:00:00-05:00,49.67,47.62,-0.0,2.05
2025-12-25 12:00:00-05:00,49.12,47.05,-0.0,2.07
2025-12-25 13:00:00-05:00,46.86,44.97,-0.0,1.89
2025-12-25 14:00:00-05:00,46.89,45.0,-0.0,1.89
2025-12-25 15:00:00-05:00,51.79,49.46,-0.0,2.33
2025-12-25 16:00:00-05:00,56.73,54.28,-0.0,2.45
2025-12-25 17:00:00-05:00,61.97,59.19,-0.0,2.78
2025-12-25 18:00:00-05:00,58.69,56.0,-0.0,2.69
2025-12-25 19:00:00-05:00,57.29,54.67,-0.0,2.62
2025-12-25 20:00:00-05:00,56.83,54.54,-0.0,2.29
2025-12-25 21:00:00-05:00,56.41,54.04,-0.0,2.37
2025-12-25 22:00:00-05:00,58.68,56.42,-0.0,2.26
2025-12-25 23:00:00-05:00,55.51,53.58,-0.0,1.93
2025-12-26 00:00:00-05:00,66.66,64.35,-0.0,2.31
2025-12-26 01:00:00-05:00,60.46,58.36,-0.0,2.1
2025-12-26 02:00:00-05:00,55.86,54.02,-0.0,1.84
2025-12-26 03:00:00-05:00,55.73,54.0,-0.0,1.73
2025-12-26 04:00:00-05:00,55.35,53.63,-0.0,1.72
2025-12-26 05:00:00-05:00,62.84,60.84,-0.0,2.0
2025-12-26 06:00:00-05:00,71.06,68.46,-0.0,2.6
2025-12-26 07:00:00-05:00,80.98,77.79,-0.0,3.19
2025-12-26 08:00:00-05:00,82.42,78.87,-0.0,3.55
2025-12-26 09:00:00-05:00,79.2,75.87,-0.0,3.33
2025-12-26 10:00:00-05:00,80.15,76.78,-0.0,3.37
2025-12-26 11:00:00-05:00,91.02,86.93,-0.0,4.09
2025-12-26 12:00:00-05:00,86.88,83.06,-0.0,3.82
2025-12-26 13:00:00-05:00,84.18,80.4,-0.0,3.78
2025-12-26 14:00:00-05:00,86.0,82.06,-0.0,3.94
2025-12-26 15:00:00-05:00,86.25,82.07,-0.0,4.18
2025-12-26 16:00:00-05:00,97.02,92.05,-0.0,4.97
2025-12-26 17:00:00-05:00,113.28,106.97,-0.0,6.31
2025-12-26 18:00:00-05:00,106.59,100.85,-0.0,5.74
2025-12-26 19:00:00-05:00,98.84,93.6,-0.0,5.24
2025-12-26 20:00:00-05:00,96.83,92.05,-0.0,4.78
2025-12-26 21:00:00-05:00,86.18,81.92,-0.0,4.26
2025-12-26 22:00:00-05:00,81.44,77.71,-0.0,3.73
2025-12-26 23:00:00-05:00,82.94,79.37,-0.0,3.57
2025-12-27 00:00:00-05:00,84.43,81.34,-0.0,3.09
2025-12-27 01:00:00-05:00,72.55,70.03,-0.0,2.52
2025-12-27 02:00:00-05:00,70.65,68.4,-0.0,2.25
2025-12-27 03:00:00-05:00,68.05,65.94,-0.0,2.11
2025-12-27 04:00:00-05:00,68.73,66.6,-0.0,2.13
2025-12-27 05:00:00-05:00,71.37,69.09,-0.0,2.28
2025-12-27 06:00:00-05:00,73.96,71.32,-0.0,2.64
2025-12-27 07:00:00-05:00,73.41,70.72,-0.0,2.69
2025-12-27 08:00:00-05:00,82.48,79.23,-0.0,3.25
2025-12-27 09:00:00-05:00,96.34,92.28,-0.0,4.06
2025-12-27 10:00:00-05:00,92.72,89.24,-0.0,3.48
2025-12-27 11:00:00-05:00,97.85,94.18,-0.0,3.67
2025-12-27 12:00:00-05:00,86.9,83.55,-0.0,3.35
2025-12-27 13:00:00-05:00,78.82,76.16,-0.0,2.66
2025-12-27 14:00:00-05:00,78.87,76.2,-0.0,2.67
2025-12-27 15:00:00-05:00,85.16,82.12,-0.0,3.04
2025-12-27 16:00:00-05:00,98.7,94.45,-0.0,4.25
2025-12-27 17:00:00-05:00,114.02,108.9,-0.0,5.12
2025-12-27 18:00:00-05:00,102.61,98.0,-0.0,4.61
2025-12-27 19:00:00-05:00,95.23,91.04,-0.0,4.19
2025-12-27 20:00:00-05:00,90.97,87.3,-0.0,3.67
2025-12-27 21:00:00-05:00,86.47,82.91,-0.0,3.56
2025-12-27 22:00:00-05:00,90.28,86.89,-0.0,3.39
2025-12-27 23:00:00-05:00,89.88,86.76,-0.0,3.12
2025-12-28 00:00:00-05:00,112.05,107.64,-0.0,4.41
2025-12-28 01:00:00-05:00,95.14,91.57,-0.0,3.57
2025-12-28 02:00:00-05:00,82.3,79.29,-0.0,3.01
2025-12-28 03:00:00-05:00,82.06,79.21,-0.0,2.85
2025-12-28 04:00:00-05:00,82.06,79.21,-0.0,2.85
2025-12-28 05:00:00-05:00,89.62,86.51,-0.0,3.11
2025-12-28 06:00:00-05:00,91.01,87.42,-0.0,3.59
2025-12-28 07:00:00-05:00,91.05,87.38,-0.0,3.67
2025-12-28 08:00:00-05:00,78.89,75.49,-0.0,3.4
2025-12-28 09:00:00-05:00,77.97,74.33,-0.0,3.64
2025-12-28 10:00:00-05:00,71.62,68.6,-0.0,3.02
2025-12-28 11:00:00-05:00,68.49,65.67,-0.0,2.82
2025-12-28 12:00:00-05:00,67.32,64.36,-0.0,2.96
2025-12-28 13:00:00-05:00,67.93,64.94,-0.0,2.99
2025-12-28 14:00:00-05:00,72.01,68.71,-0.0,3.3
2025-12-28 15:00:00-05:00,71.89,68.86,-0.0,3.03
2025-12-28 16:00:00-05:00,88.61,84.47,-0.0,4.14
2025-12-28 17:00:00-05:00,98.17,93.59,-0.0,4.58
2025-12-28 18:00:00-05:00,86.67,82.7,-0.0,3.97
2025-12-28 19:00:00-05:00,73.39,70.03,-0.0,3.36
2025-12-28 20:00:00-05:00,71.46,67.99,-0.0,3.47
2025-12-28 21:00:00-05:00,66.05,62.91,-0.0,3.14
2025-12-28 22:00:00-05:00,60.22,57.57,-0.0,2.65
2025-12-28 23:00:00-05:00,59.59,57.08,-0.0,2.51
2025-12-29 00:00:00-05:00,58.35,55.84,-0.0,2.51
2025-12-29 01:00:00-05:00,57.11,54.75,0.17,2.19
2025-12-29 02:00:00-05:00,57.91,54.39,1.45,2.07
2025-12-29 03:00:00-05:00,57.0,52.95,1.93,2.12
2025-12-29 04:00:00-05:00,54.0,52.02,0.05,1.93
2025-12-29 05:00:00-05:00,56.46,47.03,7.69,1.74
2025-12-29 06:00:00-05:00,58.11,54.91,0.95,2.25
2025-12-29 07:00:00-05:00,64.59,61.75,-0.0,2.84
2025-12-29 08:00:00-05:00,66.05,63.08,-0.0,2.97
2025-12-29 09:00:00-05:00,72.34,63.04,6.4,2.9
2025-12-29 10:00:00-05:00,90.6,63.31,24.19,3.1
2025-12-29 11:00:00-05:00,73.11,58.73,11.5,2.88
2025-12-29 12:00:00-05:00,67.72,56.44,8.57,2.71
2025-12-29 13:00:00-05:00,67.29,53.36,11.32,2.61
2025-12-29 14:00:00-05:00,62.84,55.15,4.93,2.76
2025-12-29 15:00:00-05:00,63.23,57.04,3.23,2.96
2025-12-29 16:00:00-05:00,67.48,64.15,-0.0,3.33
2025-12-29 17:00:00-05:00,88.15,82.47,1.06,4.62
2025-12-29 18:00:00-05:00,75.7,71.69,-0.0,4.01
2025-12-29 19:00:00-05:00,68.34,64.78,-0.0,3.56
2025-12-29 20:00:00-05:00,69.57,66.01,-0.0,3.56
2025-12-29 21:00:00-05:00,66.32,60.07,2.95,3.3
2025-12-29 22:00:00-05:00,61.23,58.15,-0.0,3.08
2025-12-29 23:00:00-05:00,61.59,58.77,-0.0,2.82
2025-12-30 00:00:00-05:00,65.13,62.26,-0.0,2.87
2025-12-30 01:00:00-05:00,61.74,59.02,-0.0,2.72
2025-12-30 02:00:00-05:00,57.05,54.49,-0.0,2.56
2025-12-30 03:00:00-05:00,59.5,56.88,-0.0,2.62
2025-12-30 04:00:00-05:00,52.9,50.48,-0.0,2.42
2025-12-30 05:00:00-05:00,59.38,53.55,3.36,2.47
2025-12-30 06:00:00-05:00,70.14,58.49,9.02,2.63
2025-12-30 07:00:00-05:00,83.47,59.46,21.4,2.61
2025-12-30 08:00:00-05:00,85.45,63.43,19.16,2.86
2025-12-30 09:00:00-05:00,85.66,67.61,14.94,3.11
2025-12-30 10:00:00-05:00,88.67,66.85,18.68,3.14
2025-12-30 11:00:00-05:00,88.57,66.69,18.74,3.14
2025-12-30 12:00:00-05:00,89.57,69.74,16.34,3.49
2025-12-30 13:00:00-05:00,86.72,68.45,14.85,3.42
2025-12-30 14:00:00-05:00,90.0,69.9,16.61,3.49
2025-12-30 15:00:00-05:00,94.99,73.69,17.69,3.61
2025-12-30 16:00:00-05:00,107.07,86.8,15.84,4.43
2025-12-30 17:00:00-05:00,125.11,118.66,-0.19,6.64
2025-12-30 18:00:00-05:00,126.0,119.82,-0.29,6.47
2025-12-30 19:00:00-05:00,114.7,109.13,-0.21,5.78
2025-12-30 20:00:00-05:00,104.1,99.04,-0.09,5.15
2025-12-30 21:00:00-05:00,94.09,72.85,17.67,3.57
2025-12-30 22:00:00-05:00,86.81,70.32,13.11,3.38
2025-12-30 23:00:00-05:00,84.37,80.38,0.05,3.94
2026-01-01 00:00:00-05:00,105.09,101.04,-0.0,4.05
2026-01-01 01:00:00-05:00,95.9,92.21,-0.0,3.69
2026-01-01 02:00:00-05:00,78.51,75.49,-0.0,3.02
2026-01-01 03:00:00-05:00,72.45,69.6,-0.0,2.85
2026-01-01 04:00:00-05:00,72.61,69.81,-0.0,2.8
2026-01-01 05:00:00-05:00,90.0,86.54,-0.0,3.46
2026-01-01 06:00:00-05:00,112.62,108.28,-0.0,4.34
2026-01-01 07:00:00-05:00,109.04,104.74,-0.0,4.3
2026-01-01 08:00:00-05:00,114.57,110.06,-0.0,4.51
2026-01-01 09:00:00-05:00,116.05,111.27,-0.0,4.78
2026-01-01 10:00:00-05:00,115.15,110.3,-0.0,4.85
2026-01-01 11:00:00-05:00,108.41,103.74,-0.0,4.67
2026-01-01 12:00:00-05:00,107.29,102.38,-0.0,4.91
2026-01-01 13:00:00-05:00,110.44,105.08,-0.0,5.36
2026-01-01 14:00:00-05:00,124.33,118.41,-0.0,5.92
2026-01-01 15:00:00-05:00,123.57,117.58,-0.0,5.99
2026-01-01 16:00:00-05:00,144.45,137.18,-0.0,7.27
2026-01-01 17:00:00-05:00,159.23,151.25,-0.03,8.01
2026-01-01 18:00:00-05:00,164.59,156.19,-0.18,8.58
2026-01-01 19:00:00-05:00,148.78,140.99,-0.1,7.89
2026-01-01 20:00:00-05:00,135.45,128.43,-0.04,7.06
2026-01-01 21:00:00-05:00,132.22,125.69,-0.0,6.53
2026-01-01 22:00:00-05:00,129.53,123.71,-0.0,5.82
2026-01-01 23:00:00-05:00,133.0,127.52,-0.0,5.48
2026-01-02 00:00:00-05:00,134.66,129.48,-0.0,5.18
2026-01-02 01:00:00-05:00,124.97,120.16,-0.0,4.81
2026-01-02 02:00:00-05:00,116.35,111.87,-0.0,4.48
2026-01-02 03:00:00-05:00,117.24,112.95,-0.0,4.29
2026-01-02 04:00:00-05:00,117.47,113.17,-0.0,4.3
2026-01-02 05:00:00-05:00,122.28,117.69,-0.0,4.59
2026-01-02 06:00:00-05:00,138.57,132.86,-0.0,5.71
2026-01-02 07:00:00-05:00,143.22,137.45,-0.0,5.77
2026-01-02 08:00:00-05:00,155.34,148.8,-0.0,6.54
2026-01-02 09:00:00-05:00,138.04,132.09,-0.0,5.95
2026-01-02 10:00:00-05:00,149.82,142.96,-0.0,6.86
2026-01-02 11:00:00-05:00,135.13,128.94,-0.0,6.19
2026-01-02 12:00:00-05:00,128.7,122.57,-0.0,6.13
2026-01-02 13:00:00-05:00,128.55,122.08,-0.0,6.47
2026-01-02 14:00:00-05:00,132.34,125.68,-0.0,6.66
2026-01-02 15:00:00-05:00,142.44,135.19,-0.05,7.3
2026-01-02 16:00:00-05:00,166.46,157.92,-0.3,8.84
2026-01-02 17:00:00-05:00,181.15,171.98,-0.45,9.62
2026-01-02 18:00:00-05:00,161.46,153.06,-0.32,8.72
2026-01-02 19:00:00-05:00,144.51,136.91,-0.2,7.8
2026-01-02 20:00:00-05:00,141.06,134.08,-0.26,7.24
2026-01-02 21:00:00-05:00,127.74,106.38,15.62,5.74
2026-01-02 22:00:00-05:00,128.72,123.06,-0.0,5.66
2026-01-02 23:00:00-05:00,127.45,121.73,-0.0,5.72
2026-01-03 00:00:00-05:00,131.36,126.67,-0.0,4.69
2026-01-03 01:00:00-05:00,129.31,124.69,-0.0,4.62
2026-01-03 02:00:00-05:00,124.83,120.37,-0.0,4.46
2026-01-03 03:00:00-05:00,120.77,116.69,-0.0,4.08
2026-01-03 04:00:00-05:00,121.3,117.31,-0.0,3.99
2026-01-03 05:00:00-05:00,127.69,123.85,-0.0,3.84
2026-01-03 06:00:00-05:00,135.0,130.44,-0.0,4.56
2026-01-03 07:00:00-05:00,126.77,122.02,-0.0,4.75
2026-01-03 08:00:00-05:00,143.75,138.89,-0.0,4.86
2026-01-03 09:00:00-05:00,134.4,130.16,-0.05,4.29
2026-01-03 10:00:00-05:00,129.98,125.63,-0.05,4.4
2026-01-03 11:00:00-05:00,126.29,122.18,-0.05,4.16
2026-01-03 12:00:00-05:00,125.98,121.77,-0.05,4.26
2026-01-03 13:00:00-05:00,127.43,123.53,-0.05,3.95
2026-01-03 14:00:00-05:00,128.88,124.88,-0.0,4.0
2026-01-03 15:00:00-05:00,134.99,129.43,-0.0,5.56
2026-01-03 16:00:00-05:00,156.12,149.25,-0.0,6.87
2026-01-03 17:00:00-05:00,166.95,159.45,-0.0,7.5
2026-01-03 18:00:00-05:00,161.33,154.38,-0.0,6.95
2026-01-03 19:00:00-05:00,145.89,139.6,-0.0,6.29
2026-01-03 20:00:00-05:00,135.0,129.18,-0.0,5.82
2026-01-03 21:00:00-05:00,125.3,120.25,-0.0,5.05
2026-01-03 22:00:00-05:00,126.05,121.79,-0.0,4.26
2026-01-03 23:00:00-05:00,125.0,121.24,-0.0,3.76
2026-01-04 00:00:00-05:00,139.05,134.86,-0.0,4.19
2026-01-04 01:00:00-05:00,127.45,123.86,-0.0,3.59
2026-01-04 02:00:00-05:00,122.92,119.34,-0.0,3.58
2026-01-04 03:00:00-05:00,119.33,115.96,-0.0,3.37
2026-01-04 04:00:00-05:00,114.11,110.79,-0.0,3.32
2026-01-04 05:00:00-05:00,115.23,111.88,-0.0,3.35
2026-01-04 06:00:00-05:00,111.35,107.69,-0.0,3.66
2026-01-04 07:00:00-05:00,106.37,102.48,-0.0,3.89
2026-01-04 08:00:00-05:00,115.04,110.83,-0.0,4.21
2026-01-04 09:00:00-05:00,119.42,115.16,-0.0,4.26
2026-01-04 10:00:00-05:00,122.51,117.92,-0.0,4.59
2026-01-04 11:00:00-05:00,123.47,119.06,-0.0,4.41
2026-01-04 12:00:00-05:00,121.41,116.86,-0.0,4.55
2026-01-04 13:00:00-05:00,122.13,117.43,-0.0,4.7
2026-01-04 14:00:00-05:00,123.27,118.52,-0.0,4.75
2026-01-04 15:00:00-05:00,129.17,123.96,-0.0,5.21
2026-01-04 16:00:00-05:00,155.04,148.08,-0.0,6.96
2026-01-04 17:00:00-05:00,186.92,178.7,-0.0,8.22
2026-01-04 18:00:00-05:00,170.63,162.97,-0.0,7.66
2026-01-04 19:00:00-05:00,167.71,159.88,-0.0,7.83
2026-01-04 20:00:00-05:00,138.65,132.67,-0.0,5.98
2026-01-04 21:00:00-05:00,131.99,126.3,-0.0,5.69
2026-01-04 22:00:00-05:00,125.62,121.02,-0.0,4.6
2026-01-04 23:00:00-05:00,124.38,120.76,-0.0,3.62
2026-01-05 00:00:00-05:00,138.85,135.07,-0.0,3.78
2026-01-05 01:00:00-05:00,126.66,123.09,-0.0,3.57
2026-01-05 02:00:00-05:00,120.5,117.22,-0.0,3.28
2026-01-05 03:00:00-05:00,121.95,118.63,-0.0,3.32
2026-01-05 04:00:00-05:00,124.61,121.22,-0.0,3.39
2026-01-05 05:00:00-05:00,128.36,124.87,-0.0,3.49
2026-01-05 06:00:00-05:00,138.81,133.45,0.96,4.4
2026-01-05 07:00:00-05:00,158.33,151.81,1.06,5.46
2026-01-05 08:00:00-05:00,166.77,160.35,-0.0,6.42
2026-01-05 09:00:00-05:00,179.27,172.21,-0.0,7.06
2026-01-05 10:00:00-05:00,161.83,155.6,-0.0,6.23
2026-01-05 11:00:00-05:00,150.28,144.92,-0.0,5.36
2026-01-05 12:00:00-05:00,144.32,139.31,-0.0,5.01
2026-01-05 13:00:00-05:00,141.68,136.76,-0.0,4.92
2026-01-05 14:00:00-05:00,144.32,138.91,-0.0,5.41
2026-01-05 15:00:00-05:00,142.22,137.01,-0.0,5.21
2026-01-05 16:00:00-05:00,166.48,160.54,-0.0,5.94
2026-01-05 17:00:00-05:00,187.86,181.51,-0.0,6.35
2026-01-05 18:00:00-05:00,175.62,169.19,-0.0,6.43
2026-01-05 19:00:00-05:00,162.21,156.73,-0.0,5.48
2026-01-05 20:00:00-05:00,144.0,139.13,-0.0,4.87
2026-01-05 21:00:00-05:00,132.15,127.56,-0.0,4.59
2026-01-05 22:00:00-05:00,128.88,124.88,-0.0,4.0
2026-01-05 23:00:00-05:00,128.91,124.91,-0.0,4.0
2026-01-06 00:00:00-05:00,126.47,122.79,-0.0,3.68
2026-01-06 01:00:00-05:00,115.74,112.48,-0.0,3.26
2026-01-06 02:00:00-05:00,109.08,106.11,-0.0,2.97
2026-01-06 03:00:00-05:00,110.03,107.14,-0.0,2.89
2026-01-06 04:00:00-05:00,114.39,111.28,-0.0,3.11
2026-01-06 05:00:00-05:00,119.19,115.83,-0.0,3.36
2026-01-06 06:00:00-05:00,133.65,129.39,-0.0,4.26
2026-01-06 07:00:00-05:00,157.7,151.79,-0.0,5.91
2026-01-06 08:00:00-05:00,143.05,137.27,0.28,5.5
2026-01-06 09:00:00-05:00,151.78,146.09,-0.0,5.69
2026-01-06 10:00:00-05:00,123.21,119.16,-0.0,4.05
2026-01-06 11:00:00-05:00,119.28,115.36,-0.0,3.92
2026-01-06 12:00:00-05:00,116.29,112.25,-0.0,4.04
2026-01-06 13:00:00-05:00,115.49,111.26,-0.0,4.23
2026-01-06 14:00:00-05:00,114.47,110.18,-0.0,4.29
2026-01-06 15:00:00-05:00,99.39,95.11,-0.0,4.28
2026-01-06 16:00:00-05:00,114.95,109.69,-0.0,5.26
2026-01-06 17:00:00-05:00,123.1,117.46,-0.0,5.64
2026-01-06 18:00:00-05:00,111.82,106.6,-0.0,5.22
2026-01-06 19:00:00-05:00,95.61,91.06,-0.0,4.55
2026-01-06 20:00:00-05:00,87.13,82.98,-0.0,4.15
2026-01-06 21:00:00-05:00,81.95,77.98,-0.0,3.97
2026-01-06 22:00:00-05:00,81.23,77.51,-0.0,3.72
2026-01-06 23:00:00-05:00,76.31,73.1,-0.0,3.21
2026-01-07 00:00:00-05:00,62.09,59.87,-0.0,2.22
2026-01-07 01:00:00-05:00,57.01,55.13,-0.0,1.88
2026-01-07 02:00:00-05:00,56.84,55.03,-0.0,1.81
2026-01-07 03:00:00-05:00,57.01,55.13,-0.0,1.88
2026-01-07 04:00:00-05:00,56.85,55.14,-0.0,1.71
2026-01-07 05:00:00-05:00,55.14,53.33,-0.0,1.81
2026-01-07 06:00:00-05:00,62.28,60.29,-0.0,1.99
2026-01-07 07:00:00-05:00,72.13,69.89,-0.0,2.24
2026-01-07 08:00:00-05:00,69.44,67.16,-0.0,2.28
2026-01-07 09:00:00-05:00,69.67,67.57,-0.0,2.1
2026-01-07 10:00:00-05:00,61.65,59.91,-0.0,1.74
2026-01-07 11:00:00-05:00,60.99,59.68,-0.0,1.31
2026-01-07 12:00:00-05:00,57.46,56.17,-0.0,1.29
2026-01-07 13:00:00-05:00,56.11,54.9,-0.0,1.21
2026-01-07 14:00:00-05:00,55.18,53.78,-0.0,1.4
2026-01-07 15:00:00-05:00,57.84,55.89,-0.0,1.95
2026-01-07 16:00:00-05:00,67.52,64.92,-0.0,2.6
2026-01-07 17:00:00-05:00,82.27,79.03,-0.0,3.24
2026-01-07 18:00:00-05:00,73.37,70.41,-0.0,2.96
2026-01-07 19:00:00-05:00,62.54,60.02,-0.0,2.52
2026-01-07 20:00:00-05:00,56.75,54.51,-0.0,2.24
2026-01-07 21:00:00-05:00,55.29,53.11,-0.0,2.18
2026-01-07 22:00:00-05:00,52.62,50.79,-0.0,1.83
2026-01-07 23:00:00-05:00,52.29,50.52,-0.0,1.77
2026-01-08 00:00:00-05:00,51.62,49.97,-0.0,1.65
2026-01-08 01:00:00-05:00,51.11,49.57,-0.0,1.54
2026-01-08 02:00:00-05:00,49.76,48.31,-0.0,1.45
2026-01-08 03:00:00-05:00,48.01,46.75,-0.0,1.26
2026-01-08 04:00:00-05:00,49.63,48.23,-0.0,1.4
2026-01-08 05:00:00-05:00,51.34,49.7,-0.0,1.64
2026-01-08 06:00:00-05:00,62.14,60.16,-0.0,1.98
2026-01-08 07:00:00-05:00,72.42,70.47,-1.01,2.96
2026-01-08 08:00:00-05:00,68.74,66.76,-0.82,2.8
2026-01-08 09:00:00-05:00,54.57,52.85,-0.18,1.9
2026-01-08 10:00:00-05:00,50.08,48.53,-0.0,1.55
2026-01-08 11:00:00-05:00,45.88,44.37,-0.0,1.51
2026-01-08 12:00:00-05:00,43.81,42.37,-0.0,1.44
2026-01-08 13:00:00-05:00,44.05,42.6,-0.0,1.45
2026-01-08 14:00:00-05:00,46.85,45.14,-0.0,1.71
2026-01-08 15:00:00-05:00,51.22,49.16,-0.0,2.06
2026-01-08 16:00:00-05:00,59.94,57.65,-0.24,2.53
2026-01-08 17:00:00-05:00,67.41,64.44,-0.0,2.97
2026-01-08 18:00:00-05:00,58.43,55.86,-0.0,2.57
2026-01-08 19:00:00-05:00,53.8,51.34,-0.0,2.46
2026-01-08 20:00:00-05:00,50.81,48.48,-0.0,2.33
2026-01-08 21:00:00-05:00,48.47,46.29,-0.0,2.18
2026-01-08 22:00:00-05:00,47.23,45.15,-0.0,2.08
2026-01-08 23:00:00-05:00,46.11,44.12,-0.0,1.99
2026-01-09 00:00:00-05:00,50.52,47.8,-0.0,2.72
2026-01-09 01:00:00-05:00,45.78,43.44,-0.0,2.34
2026-01-09 02:00:00-05:00,42.53,40.35,-0.0,2.18
2026-01-09 03:00:00-05:00,42.53,40.31,-0.0,2.22
2026-01-09 04:00:00-05:00,41.56,39.54,-0.0,2.02
2026-01-09 05:00:00-05:00,42.21,39.93,0.05,2.23
2026-01-09 06:00:00-05:00,53.35,49.44,1.14,2.77
2026-01-09 07:00:00-05:00,57.33,54.24,-0.0,3.09
2026-01-09 08:00:00-05:00,52.67,49.64,-0.0,3.03
2026-01-09 09:00:00-05:00,51.46,48.64,-0.0,2.82
2026-01-09 10:00:00-05:00,45.34,42.98,-0.0,2.36
2026-01-09 11:00:00-05:00,44.3,42.11,-0.0,2.19
2026-01-09 12:00:00-05:00,42.61,40.39,-0.0,2.22
2026-01-09 13:00:00-05:00,41.89,39.71,-0.0,2.18
2026-01-09 14:00:00-05:00,44.4,42.01,-0.0,2.39
2026-01-09 15:00:00-05:00,47.19,44.56,-0.0,2.63
2026-01-09 16:00:00-05:00,55.88,52.52,-0.0,3.36
2026-01-09 17:00:00-05:00,66.21,62.28,-0.0,3.93
2026-01-09 18:00:00-05:00,57.54,54.18,-0.0,3.36
2026-01-09 19:00:00-05:00,48.72,45.87,-0.0,2.85
2026-01-09 20:00:00-05:00,44.69,42.52,-0.0,2.17
2026-01-09 21:00:00-05:00,42.04,40.08,-0.0,1.96
2026-01-09 22:00:00-05:00,41.09,39.4,-0.0,1.69
2026-01-09 23:00:00-05:00,40.85,39.28,-0.0,1.57
2026-01-10 00:00:00-05:00,38.31,36.66,-0.0,1.65
2026-01-10 01:00:00-05:00,39.74,38.1,-0.0,1.64
2026-01-10 02:00:00-05:00,38.81,37.35,-0.0,1.46
2026-01-10 03:00:00-05:00,37.61,36.31,-0.0,1.3
2026-01-10 04:00:00-05:00,38.09,36.73,-0.0,1.36
2026-01-10 05:00:00-05:00,38.3,36.9,-0.0,1.4
2026-01-10 06:00:00-05:00,41.31,39.8,-0.0,1.51
2026-01-10 07:00:00-05:00,45.6,43.89,-0.0,1.71
2026-01-10 08:00:00-05:00,46.56,44.55,-0.0,2.01
2026-01-10 09:00:00-05:00,50.63,48.59,-0.0,2.04
2026-01-10 10:00:00-05:00,49.41,47.56,-0.0,1.85
2026-01-10 11:00:00-05:00,52.07,49.88,-0.0,2.19
2026-01-10 12:00:00-05:00,52.39,49.99,-0.0,2.4
2026-01-10 13:00:00-05:00,53.29,50.8,-0.0,2.49
2026-01-10 14:00:00-05:00,52.43,49.7,-0.0,2.73
2026-01-10 15:00:00-05:00,52.87,50.12,-0.0,2.75
2026-01-10 16:00:00-05:00,57.95,54.72,-0.0,3.23
2026-01-10 17:00:00-05:00,61.53,57.88,-0.0,3.65
2026-01-10 18:00:00-05:00,58.48,55.12,-0.0,3.36
2026-01-10 19:00:00-05:00,53.04,49.8,-0.0,3.24
2026-01-10 20:00:00-05:00,45.27,42.67,-0.0,2.6
2026-01-10 21:00:00-05:00,42.47,40.26,-0.0,2.21
2026-01-10 22:00:00-05:00,42.22,40.17,-0.0,2.05
2026-01-10 23:00:00-05:00,39.75,37.86,-0.0,1.89
2026-01-11 00:00:00-05:00,35.93,34.22,-0.0,1.71
2026-01-11 01:00:00-05:00,34.34,32.74,-0.0,1.6
2026-01-11 02:00:00-05:00,31.74,30.23,-0.0,1.51
2026-01-11 03:00:00-05:00,29.35,28.03,-0.0,1.32
2026-01-11 04:00:00-05:00,29.19,27.88,-0.0,1.31
2026-01-11 05:00:00-05:00,30.08,28.73,-0.0,1.35
2026-01-11 06:00:00-05:00,32.72,31.25,-0.0,1.47
2026-01-11 07:00:00-05:00,34.74,33.09,-0.0,1.65
2026-01-11 08:00:00-05:00,33.83,32.04,-0.0,1.79
2026-01-11 09:00:00-05:00,33.85,32.27,-0.0,1.58
2026-01-11 10:00:00-05:00,33.03,31.52,-0.0,1.51
2026-01-11 11:00:00-05:00,32.9,31.39,-0.0,1.51
2026-01-11 12:00:00-05:00,32.89,31.38,-0.0,1.51
2026-01-11 13:00:00-05:00,33.69,32.15,-0.0,1.54
2026-01-11 14:00:00-05:00,40.96,38.9,-0.0,2.06
2026-01-11 15:00:00-05:00,43.94,41.69,-0.0,2.25
2026-01-11 16:00:00-05:00,51.94,48.95,-0.0,2.99
2026-01-11 17:00:00-05:00,63.14,59.68,-0.0,3.46
2026-01-11 18:00:00-05:00,58.43,55.28,-0.0,3.15
2026-01-11 19:00:00-05:00,55.89,52.68,-0.0,3.21
2026-01-11 20:00:00-05:00,51.84,48.91,-0.0,2.93
2026-01-11 21:00:00-05:00,42.52,40.04,-0.0,2.48
2026-01-11 22:00:00-05:00,42.24,40.08,-0.0,2.16
2026-01-11 23:00:00-05:00,36.22,34.53,-0.0,1.69
2026-01-12 00:00:00-05:00,47.97,44.97,0.17,2.83
2026-01-12 01:00:00-05:00,44.83,42.01,0.17,2.65
2026-01-12 02:00:00-05:00,43.25,40.6,0.17,2.48
2026-01-12 03:00:00-05:00,42.08,39.74,-0.0,2.34
2026-01-12 04:00:00-05:00,45.49,43.0,-0.0,2.49
2026-01-12 05:00:00-05:00,45.55,42.93,-0.0,2.62
2026-01-12 06:00:00-05:00,56.45,42.58,11.19,2.68
2026-01-12 07:00:00-05:00,81.63,76.7,-0.13,5.06
2026-01-12 08:00:00-05:00,74.65,70.11,-0.09,4.63
2026-01-12 09:00:00-05:00,58.21,54.94,-0.03,3.3
2026-01-12 10:00:00-05:00,53.5,50.72,-0.01,2.79
2026-01-12 11:00:00-05:00,50.39,47.81,-0.0,2.58
2026-01-12 12:00:00-05:00,48.19,45.68,-0.0,2.51
2026-01-12 13:00:00-05:00,49.48,46.81,-0.0,2.67
2026-01-12 14:00:00-05:00,51.87,49.17,-0.0,2.7
2026-01-12 15:00:00-05:00,57.79,54.54,-0.02,3.27
2026-01-12 16:00:00-05:00,64.93,61.17,-0.03,3.79
2026-01-12 17:00:00-05:00,79.0,74.28,-0.04,4.76
2026-01-12 18:00:00-05:00,80.57,75.78,-0.06,4.85
2026-01-12 19:00:00-05:00,69.38,65.25,-0.05,4.18
2026-01-12 20:00:00-05:00,63.0,59.36,-0.04,3.68
2026-01-12 21:00:00-05:00,51.65,48.91,-0.0,2.74
2026-01-12 22:00:00-05:00,50.57,48.07,-0.0,2.5
2026-01-12 23:00:00-05:00,44.8,42.79,-0.0,2.01
2026-01-13 00:00:00-05:00,44.05,41.95,-0.0,2.1
2026-01-13 01:00:00-05:00,43.33,41.19,-0.0,2.14
2026-01-13 02:00:00-05:00,43.25,41.11,-0.0,2.14
2026-01-13 03:00:00-05:00,40.91,39.07,-0.0,1.84
2026-01-13 04:00:00-05:00,42.28,40.42,-0.0,1.86
2026-01-13 05:00:00-05:00,47.45,45.23,-0.0,2.22
2026-01-13 06:00:00-05:00,63.79,60.98,-0.06,2.87
2026-01-13 07:00:00-05:00,79.59,76.24,-0.0,3.35
2026-01-13 08:00:00-05:00,68.28,64.97,-0.0,3.31
2026-01-13 09:00:00-05:00,53.41,50.87,-0.0,2.54
2026-01-13 10:00:00-05:00,45.0,42.98,-0.0,2.02
2026-01-13 11:00:00-05:00,43.46,41.43,-0.0,2.03
2026-01-13 12:00:00-05:00,42.48,40.5,-0.0,1.98
2026-01-13 13:00:00-05:00,42.3,40.4,-0.0,1.9
2026-01-13 14:00:00-05:00,42.49,40.51,-0.0,1.98
2026-01-13 15:00:00-05:00,51.87,49.54,-0.0,2.33
2026-01-13 16:00:00-05:00,55.82,53.0,-0.04,2.86
2026-01-13 17:00:00-05:00,70.16,66.23,-0.04,3.97
2026-01-13 18:00:00-05:00,61.73,58.44,-0.04,3.33
2026-01-13 19:00:00-05:00,53.93,50.52,-0.03,3.44
2026-01-13 20:00:00-05:00,51.45,48.57,-0.03,2.91
2026-01-13 21:00:00-05:00,46.08,43.6,-0.0,2.48
2026-01-13 22:00:00-05:00,43.87,41.54,-0.0,2.33
2026-01-13 23:00:00-05:00,42.27,39.83,0.21,2.23
2026-01-14 00:00:00-05:00,33.55,31.68,-0.0,1.87
2026-01-14 01:00:00-05:00,32.69,30.99,-0.0,1.7
2026-01-14 02:00:00-05:00,31.26,29.69,-0.0,1.57
2026-01-14 03:00:00-05:00,31.04,29.48,-0.0,1.56
2026-01-14 04:00:00-05:00,32.79,31.02,-0.0,1.77
2026-01-14 05:00:00-05:00,35.56,33.15,0.62,1.79
2026-01-14 06:00:00-05:00,48.21,39.99,5.94,2.28
2026-01-14 07:00:00-05:00,54.73,51.9,-0.02,2.85
2026-01-14 08:00:00-05:00,52.01,49.25,-0.0,2.76
2026-01-14 09:00:00-05:00,53.7,50.81,-0.01,2.9
2026-01-14 10:00:00-05:00,52.81,49.97,-0.01,2.85
2026-01-14 11:00:00-05:00,51.61,48.98,-0.01,2.64
2026-01-14 12:00:00-05:00,50.65,48.06,-0.0,2.59
2026-01-14 13:00:00-05:00,49.14,46.54,-0.0,2.6
2026-01-14 14:00:00-05:00,51.5,48.83,-0.01,2.68
2026-01-14 15:00:00-05:00,55.86,52.92,-0.02,2.96
2026-01-14 16:00:00-05:00,59.83,56.79,-0.02,3.06
2026-01-14 17:00:00-05:00,71.22,67.57,-0.0,3.65
2026-01-14 18:00:00-05:00,61.34,57.88,-0.01,3.47
2026-01-14 19:00:00-05:00,59.8,56.93,-0.03,2.9
2026-01-14 20:00:00-05:00,54.88,52.13,-0.01,2.76
2026-01-14 21:00:00-05:00,47.67,45.31,-0.0,2.36
2026-01-14 22:00:00-05:00,46.4,44.32,-0.0,2.08
2026-01-14 23:00:00-05:00,42.22,40.44,-0.0,1.78
2026-01-15 00:00:00-05:00,45.71,43.74,-0.0,1.97
2026-01-15 01:00:00-05:00,43.59,41.79,-0.0,1.8
2026-01-15 02:00:00-05:00,41.62,39.94,-0.0,1.68
2026-01-15 03:00:00-05:00,41.21,39.55,-0.0,1.66
2026-01-15 04:00:00-05:00,41.85,40.2,-0.0,1.65
2026-01-15 05:00:00-05:00,45.85,43.83,-0.0,2.02
2026-01-15 06:00:00-05:00,54.89,52.28,-0.0,2.61
2026-01-15 07:00:00-05:00,65.95,62.51,-0.0,3.44
2026-01-15 08:00:00-05:00,62.61,59.46,-0.0,3.15
2026-01-15 09:00:00-05:00,60.89,57.94,-0.0,2.95
2026-01-15 10:00:00-05:00,68.79,65.27,-0.0,3.52
2026-01-15 11:00:00-05:00,68.72,65.14,-0.0,3.58
2026-01-15 12:00:00-05:00,68.83,65.24,-0.0,3.59
2026-01-15 13:00:00-05:00,69.97,66.2,-0.0,3.77
2026-01-15 14:00:00-05:00,70.7,66.89,-0.0,3.81
2026-01-15 15:00:00-05:00,75.69,71.61,-0.0,4.08
2026-01-15 16:00:00-05:00,85.06,80.25,-0.0,4.81
2026-01-15 17:00:00-05:00,102.45,96.56,-0.0,5.89
2026-01-15 18:00:00-05:00,102.29,96.22,-0.0,6.07
2026-01-15 19:00:00-05:00,91.76,86.0,-0.0,5.76
2026-01-15 20:00:00-05:00,87.04,82.04,-0.0,5.0
2026-01-15 21:00:00-05:00,79.37,74.59,-0.0,4.78
2026-01-15 22:00:00-05:00,72.52,68.48,-0.0,4.04
2026-01-15 23:00:00-05:00,69.99,66.22,-0.0,3.77
2026-01-16 00:00:00-05:00,81.03,65.61,11.88,3.54
2026-01-16 01:00:00-05:00,76.68,60.72,12.74,3.22
2026-01-16 02:00:00-05:00,73.22,56.88,13.38,2.96
2026-01-16 03:00:00-05:00,69.15,56.85,9.29,3.01
2026-01-16 04:00:00-05:00,66.03,60.89,1.91,3.23
2026-01-16 05:00:00-05:00,75.83,63.75,8.77,3.31
2026-01-16 06:00:00-05:00,91.32,78.85,8.22,4.25
2026-01-16 07:00:00-05:00,107.9,101.79,-0.0,6.11
2026-01-16 08:00:00-05:00,86.76,82.08,-0.0,4.68
2026-01-16 09:00:00-05:00,77.77,73.44,-0.0,4.33
2026-01-16 10:00:00-05:00,74.7,70.87,-0.77,4.6
2026-01-16 11:00:00-05:00,70.03,66.0,-0.0,4.03
2026-01-16 12:00:00-05:00,68.29,64.43,-0.0,3.86
2026-01-16 13:00:00-05:00,68.13,64.4,-0.0,3.73
2026-01-16 14:00:00-05:00,76.56,72.57,-0.0,3.99
2026-01-16 15:00:00-05:00,85.35,80.9,-0.0,4.45
2026-01-16 16:00:00-05:00,87.26,82.87,-0.0,4.39
2026-01-16 17:00:00-05:00,103.81,98.4,-0.0,5.41
2026-01-16 18:00:00-05:00,98.26,93.32,-0.0,4.94
2026-01-16 19:00:00-05:00,86.8,82.28,-0.0,4.52
2026-01-16 20:00:00-05:00,85.85,81.53,-0.0,4.32
2026-01-16 21:00:00-05:00,83.33,79.06,-0.0,4.27
2026-01-16 22:00:00-05:00,80.33,76.29,-0.0,4.04
2026-01-16 23:00:00-05:00,73.33,69.58,-0.0,3.75
2026-01-17 00:00:00-05:00,59.49,56.99,-0.0,2.5
2026-01-17 01:00:00-05:00,61.34,58.64,-0.0,2.7
2026-01-17 02:00:00-05:00,57.23,54.82,-0.0,2.41
2026-01-17 03:00:00-05:00,54.09,51.81,-0.0,2.28
2026-01-17 04:00:00-05:00,52.8,50.52,-0.0,2.28
2026-01-17 05:00:00-05:00,50.57,48.35,-0.0,2.22
2026-01-17 06:00:00-05:00,56.9,54.5,-0.0,2.4
2026-01-17 07:00:00-05:00,56.1,53.94,-0.0,2.16
2026-01-17 08:00:00-05:00,59.76,57.41,-0.0,2.35
2026-01-17 09:00:00-05:00,76.31,72.54,-0.0,3.77
2026-01-17 10:00:00-05:00,88.27,83.75,-0.0,4.52
2026-01-17 11:00:00-05:00,90.72,85.99,-0.0,4.73
2026-01-17 12:00:00-05:00,91.44,86.68,-0.0,4.76
2026-01-17 13:00:00-05:00,92.9,88.23,-0.0,4.67
2026-01-17 14:00:00-05:00,91.05,86.47,-0.0,4.58
2026-01-17 15:00:00-05:00,95.1,90.32,-0.0,4.78
2026-01-17 16:00:00-05:00,106.72,100.78,-0.0,5.94
2026-01-17 17:00:00-05:00,109.89,103.67,-0.0,6.22
2026-01-17 18:00:00-05:00,111.3,105.1,-0.0,6.2
2026-01-17 19:00:00-05:00,87.01,81.93,-0.0,5.08
2026-01-17 20:00:00-05:00,81.21,76.47,-0.0,4.74
2026-01-17 21:00:00-05:00,75.26,70.87,-0.0,4.39
2026-01-17 22:00:00-05:00,72.71,68.66,-0.0,4.05
2026-01-17 23:00:00-05:00,66.53,62.94,-0.0,3.59
2026-01-18 00:00:00-05:00,66.91,63.24,-0.0,3.67
2026-01-18 01:00:00-05:00,63.37,58.17,1.89,3.31
2026-01-18 02:00:00-05:00,58.52,55.08,0.19,3.25
2026-01-18 03:00:00-05:00,54.86,51.69,0.12,3.05
2026-01-18 04:00:00-05:00,54.44,47.88,3.83,2.73
2026-01-18 05:00:00-05:00,54.71,50.77,0.95,2.99
2026-01-18 06:00:00-05:00,56.25,51.31,1.96,2.98
2026-01-18 07:00:00-05:00,56.1,53.13,-0.0,2.97
2026-01-18 08:00:00-05:00,67.84,64.24,-0.0,3.6
2026-01-18 09:00:00-05:00,69.6,65.85,-0.0,3.75
2026-01-18 10:00:00-05:00,83.71,61.53,18.67,3.51
2026-01-18 11:00:00-05:00,87.07,64.65,18.74,3.68
2026-01-18 12:00:00-05:00,85.91,68.87,12.91,4.13
2026-01-18 13:00:00-05:00,88.15,79.34,3.89,4.92
2026-01-18 14:00:00-05:00,90.32,85.13,-0.0,5.19
2026-01-18 15:00:00-05:00,92.75,87.67,-0.0,5.08
2026-01-18 16:00:00-05:00,104.88,98.94,-0.0,5.94
2026-01-18 17:00:00-05:00,116.62,108.32,1.47,6.83
2026-01-18 18:00:00-05:00,114.7,108.0,-0.0,6.7
2026-01-18 19:00:00-05:00,106.74,100.51,-0.0,6.23
2026-01-18 20:00:00-05:00,104.06,97.98,-0.0,6.08
2026-01-18 21:00:00-05:00,94.93,89.73,-0.0,5.2
2026-01-18 22:00:00-05:00,89.46,84.72,-0.0,4.74
2026-01-18 23:00:00-05:00,84.78,80.29,-0.0,4.49
2026-01-19 00:00:00-05:00,88.52,83.83,-0.0,4.69
2026-01-19 01:00:00-05:00,82.94,78.47,-0.0,4.47
2026-01-19 02:00:00-05:00,80.66,76.31,-0.0,4.35
2026-01-19 03:00:00-05:00,75.01,71.24,-0.0,3.77
2026-01-19 04:00:00-05:00,76.68,72.82,-0.0,3.86
2026-01-19 05:00:00-05:00,82.49,78.12,-0.0,4.37
2026-01-19 06:00:00-05:00,107.02,101.06,-0.0,5.96
2026-01-19 07:00:00-05:00,119.58,113.67,-0.0,5.91
2026-01-19 08:00:00-05:00,120.58,114.62,-0.0,5.96
2026-01-19 09:00:00-05:00,116.22,110.16,-0.0,6.06
2026-01-19 10:00:00-05:00,128.61,121.68,-0.0,6.93
2026-01-19 11:00:00-05:00,120.74,113.05,-0.0,7.69
2026-01-19 12:00:00-05:00,122.23,114.44,-0.0,7.79
2026-01-19 13:00:00-05:00,123.32,115.26,-0.0,8.06
2026-01-19 14:00:00-05:00,123.45,115.15,-0.0,8.3
2026-01-19 15:00:00-05:00,123.75,115.87,-0.0,7.88
2026-01-19 16:00:00-05:00,153.02,144.22,-0.0,8.8
2026-01-19 17:00:00-05:00,172.42,162.04,-0.0,10.38
2026-01-19 18:00:00-05:00,163.99,153.84,-0.0,10.15
2026-01-19 19:00:00-05:00,159.31,149.45,-0.0,9.86
2026-01-19 20:00:00-05:00,135.25,126.76,-0.0,8.49
2026-01-19 21:00:00-05:00,122.84,109.42,5.54,7.88
2026-01-19 22:00:00-05:00,122.91,109.53,6.15,7.23
2026-01-19 23:00:00-05:00,119.09,109.31,2.57,7.21
2026-01-20 00:00:00-05:00,121.4,73.79,43.11,4.5
2026-01-20 01:00:00-05:00,119.18,71.76,43.19,4.23
2026-01-20 02:00:00-05:00,119.08,75.26,39.23,4.59
2026-01-20 03:00:00-05:00,114.55,79.07,30.74,4.74
2026-01-20 04:00:00-05:00,118.55,81.09,32.6,4.86
2026-01-20 05:00:00-05:00,124.6,85.17,34.32,5.11
2026-01-20 06:00:00-05:00,150.71,121.7,21.1,7.91
2026-01-20 07:00:00-05:00,164.54,154.21,-0.0,10.33
2026-01-20 08:00:00-05:00,157.19,147.46,-0.0,9.73
2026-01-20 09:00:00-05:00,142.94,133.96,-0.0,8.98
2026-01-20 10:00:00-05:00,153.51,143.19,-0.0,10.32
2026-01-20 11:00:00-05:00,134.97,108.43,18.95,7.59
2026-01-20 12:00:00-05:00,130.0,108.32,14.53,7.15
2026-01-20 13:00:00-05:00,129.31,104.94,17.45,6.92
2026-01-20 14:00:00-05:00,127.52,98.0,23.05,6.47
2026-01-20 15:00:00-05:00,137.55,123.16,6.14,8.25
2026-01-20 16:00:00-05:00,162.47,152.56,-0.0,9.91
2026-01-20 17:00:00-05:00,191.29,179.62,-0.0,11.67
2026-01-20 18:00:00-05:00,184.14,172.58,-0.0,11.56
2026-01-20 19:00:00-05:00,178.67,167.29,-0.0,11.38
2026-01-20 20:00:00-05:00,164.54,154.06,-0.0,10.48
2026-01-20 21:00:00-05:00,144.72,135.89,-0.0,8.83
2026-01-20 22:00:00-05:00,140.52,108.32,24.94,7.26
2026-01-20 23:00:00-05:00,137.23,108.22,21.76,7.25
2026-01-21 00:00:00-05:00,130.94,107.89,16.47,6.58
2026-01-21 01:00:00-05:00,127.19,104.89,16.11,6.19
2026-01-21 02:00:00-05:00,126.4,97.32,23.44,5.64
2026-01-21 03:00:00-05:00,127.45,97.41,24.39,5.65
2026-01-21 04:00:00-05:00,130.5,100.5,24.27,5.73
2026-01-21 05:00:00-05:00,136.09,109.89,19.72,6.48
2026-01-21 06:00:00-05:00,159.03,126.58,25.11,7.34
2026-01-21 07:00:00-05:00,175.74,165.64,-0.0,10.1
2026-01-21 08:00:00-05:00,165.12,153.4,2.52,9.2
2026-01-21 09:00:00-05:00,147.24,138.38,-0.0,8.86
2026-01-21 10:00:00-05:00,132.03,124.2,-0.0,7.83
2026-01-21 11:00:00-05:00,121.17,107.99,5.83,7.35
2026-01-21 12:00:00-05:00,121.14,105.0,9.1,7.04
2026-01-21 13:00:00-05:00,121.25,102.99,11.66,6.6
2026-01-21 14:00:00-05:00,121.16,103.11,11.66,6.39
2026-01-21 15:00:00-05:00,125.37,102.83,16.16,6.38
2026-01-21 16:00:00-05:00,134.09,112.3,14.71,7.08
2026-01-21 17:00:00-05:00,165.48,142.55,13.52,9.41
2026-01-21 18:00:00-05:00,156.35,128.57,19.54,8.24
2026-01-21 19:00:00-05:00,142.16,114.77,20.16,7.23
2026-01-21 20:00:00-05:00,131.28,104.9,19.77,6.61
2026-01-21 21:00:00-05:00,121.59,90.66,25.4,5.53
2026-01-21 22:00:00-05:00,113.67,83.73,24.83,5.11
2026-01-21 23:00:00-05:00,108.29,79.5,24.02,4.77
2026-01-22 00:00:00-05:00,74.27,70.67,-0.0,3.6
2026-01-22 01:00:00-05:00,72.59,69.0,-0.0,3.59
2026-01-22 02:00:00-05:00,73.34,69.79,0.13,3.42
2026-01-22 03:00:00-05:00,70.58,67.28,-0.0,3.3
2026-01-22 04:00:00-05:00,72.55,65.84,3.42,3.29
2026-01-22 05:00:00-05:00,77.04,69.79,3.9,3.35
2026-01-22 06:00:00-05:00,96.72,79.92,12.49,4.31
2026-01-22 07:00:00-05:00,104.2,98.4,-0.0,5.8
2026-01-22 08:00:00-05:00,92.81,87.64,-0.0,5.17
2026-01-22 09:00:00-05:00,73.84,69.93,-0.0,3.91
2026-01-22 10:00:00-05:00,73.24,69.49,-0.0,3.75
2026-01-22 11:00:00-05:00,62.46,59.37,-0.0,3.09
2026-01-22 12:00:00-05:00,62.05,58.93,-0.0,3.12
2026-01-22 13:00:00-05:00,60.38,57.34,-0.0,3.04
2026-01-22 14:00:00-05:00,60.5,57.57,-0.0,2.93
2026-01-22 15:00:00-05:00,70.86,67.3,-0.0,3.56
2026-01-22 16:00:00-05:00,89.92,85.15,-0.0,4.77
2026-01-22 17:00:00-05:00,108.59,102.35,-0.0,6.24
2026-01-22 18:00:00-05:00,104.19,98.29,-0.0,5.9
2026-01-22 19:00:00-05:00,96.19,90.66,-0.0,5.53
2026-01-22 20:00:00-05:00,85.85,80.29,0.66,4.9
2026-01-22 21:00:00-05:00,72.97,69.1,-0.0,3.87
2026-01-22 22:00:00-05:00,71.12,67.73,-0.0,3.39
2026-01-22 23:00:00-05:00,64.26,61.32,-0.0,2.94
2026-01-23 00:00:00-05:00,85.42,81.51,-0.0,3.91
2026-01-23 01:00:00-05:00,85.36,81.53,-0.0,3.83
2026-01-23 02:00:00-05:00,82.52,79.05,-0.0,3.47
2026-01-23 03:00:00-05:00,82.11,78.87,-0.0,3.24
2026-01-23 04:00:00-05:00,84.43,80.95,-0.0,3.48
2026-01-23 05:00:00-05:00,87.1,83.67,-0.0,3.43
2026-01-23 06:00:00-05:00,100.4,95.35,-0.0,5.05
2026-01-23 07:00:00-05:00,130.24,125.72,-0.0,4.52
2026-01-23 08:00:00-05:00,131.19,126.39,-0.0,4.8
2026-01-23 09:00:00-05:00,107.46,100.68,1.85,4.93
2026-01-23 10:00:00-05:00,117.69,93.49,19.43,4.77
2026-01-23 11:00:00-05:00,119.57,93.5,21.12,4.95
2026-01-23 12:00:00-05:00,116.19,93.48,17.76,4.95
2026-01-23 13:00:00-05:00,117.4,93.57,18.78,5.05
2026-01-23 14:00:00-05:00,121.22,93.58,22.87,4.77
2026-01-23 15:00:00-05:00,126.69,114.3,6.34,6.05
2026-01-23 16:00:00-05:00,147.72,139.36,-0.0,8.36
2026-01-23 17:00:00-05:00,194.05,184.81,-0.0,9.24
2026-01-23 18:00:00-05:00,185.15,175.67,-0.0,9.48
2026-01-23 19:00:00-05:00,177.1,167.87,-0.0,9.23
2026-01-23 20:00:00-05:00,171.69,162.74,-0.0,8.95
2026-01-23 21:00:00-05:00,149.25,130.23,10.16,8.86
2026-01-23 22:00:00-05:00,141.28,125.75,7.36,8.17
2026-01-23 23:00:00-05:00,135.75,127.58,-0.0,8.17
2026-01-24 00:00:00-05:00,202.23,191.15,-0.0,11.08
2026-01-24 01:00:00-05:00,198.74,190.0,-0.0,8.74
2026-01-24 02:00:00-05:00,197.38,189.43,-0.0,7.95
2026-01-24 03:00:00-05:00,196.82,189.24,-0.0,7.58
2026-01-24 04:00:00-05:00,197.6,189.81,-0.0,7.79
2026-01-24 05:00:00-05:00,207.81,201.37,-0.0,6.44
2026-01-24 06:00:00-05:00,242.6,235.76,-0.0,6.84
2026-01-24 07:00:00-05:00,288.81,279.6,-0.0,9.21
2026-01-24 08:00:00-05:00,276.86,266.2,-0.0,10.66
2026-01-24 09:00:00-05:00,251.1,242.39,-0.0,8.71
2026-01-24 10:00:00-05:00,270.53,259.87,-0.0,10.66
2026-01-24 11:00:00-05:00,253.98,243.74,-0.0,10.24
2026-01-24 12:00:00-05:00,235.57,223.51,-0.0,12.06
2026-01-24 13:00:00-05:00,232.81,220.89,-0.0,11.92
2026-01-24 14:00:00-05:00,232.36,220.88,-0.0,11.48
2026-01-24 15:00:00-05:00,286.58,275.03,-0.0,11.55
2026-01-24 16:00:00-05:00,255.8,244.54,-0.0,11.26
2026-01-24 17:00:00-05:00,317.92,301.64,-0.0,16.28
2026-01-24 18:00:00-05:00,311.0,295.36,-0.0,15.64
2026-01-24 19:00:00-05:00,291.96,277.54,-0.0,14.42
2026-01-24 20:00:00-05:00,271.0,257.86,-0.0,13.14
2026-01-24 21:00:00-05:00,239.43,228.9,-0.0,10.53
2026-01-24 22:00:00-05:00,272.55,262.33,-0.0,10.22
2026-01-24 23:00:00-05:00,270.79,262.4,-0.0,8.39
2026-01-25 00:00:00-05:00,382.6,370.39,-0.0,12.21
2026-01-25 01:00:00-05:00,358.19,347.41,-0.0,10.78
2026-01-25 02:00:00-05:00,348.92,338.42,-0.0,10.5
2026-01-25 03:00:00-05:00,333.47,323.43,-0.0,10.04
2026-01-25 04:00:00-05:00,337.58,327.76,-0.0,9.82
2026-01-25 05:00:00-05:00,356.2,345.83,-0.0,10.37
2026-01-25 06:00:00-05:00,417.26,405.49,-0.0,11.77
2026-01-25 07:00:00-05:00,380.85,366.19,-0.0,14.66
2026-01-25 08:00:00-05:00,380.39,361.94,-0.0,18.45
2026-01-25 09:00:00-05:00,389.34,369.06,-0.0,20.28
2026-01-25 10:00:00-05:00,413.79,392.23,-0.0,21.56
2026-01-25 11:00:00-05:00,420.37,397.33,-0.0,23.04
2026-01-25 12:00:00-05:00,417.43,394.55,-0.0,22.88
2026-01-25 13:00:00-05:00,413.58,390.17,-0.0,23.41
2026-01-25 14:00:00-05:00,412.27,390.05,-0.0,22.22
2026-01-25 15:00:00-05:00,443.43,419.13,-0.0,24.3
2026-01-25 16:00:00-05:00,381.89,358.59,-0.0,23.3
2026-01-25 17:00:00-05:00,442.83,414.27,-0.0,28.56
2026-01-25 18:00:00-05:00,425.68,398.95,-0.0,26.73
2026-01-25 19:00:00-05:00,400.82,375.65,-0.0,25.17
2026-01-25 20:00:00-05:00,366.13,343.8,-0.0,22.33
2026-01-25 21:00:00-05:00,327.96,307.66,-0.0,20.3
2026-01-25 22:00:00-05:00,327.9,309.34,-0.0,18.56
2026-01-25 23:00:00-05:00,332.58,316.45,-0.0,16.13
2026-01-26 00:00:00-05:00,416.84,403.92,-0.0,12.92
2026-01-26 01:00:00-05:00,378.82,367.08,-0.0,11.74
2026-01-26 02:00:00-05:00,357.23,346.48,-0.0,10.75
2026-01-26 03:00:00-05:00,353.04,342.41,-0.0,10.63
2026-01-26 04:00:00-05:00,369.98,359.55,-0.0,10.43
2026-01-26 05:00:00-05:00,425.0,413.44,-0.0,11.56
2026-01-26 06:00:00-05:00,516.92,498.0,-0.0,18.92
2026-01-26 07:00:00-05:00,523.51,500.0,-0.0,23.51
2026-01-26 08:00:00-05:00,552.59,523.8,-0.0,28.79
2026-01-26 09:00:00-05:00,557.19,527.16,-0.0,30.03
2026-01-26 10:00:00-05:00,542.43,514.17,-0.0,28.26
2026-01-26 11:00:00-05:00,548.05,518.02,-0.0,30.03
2026-01-26 12:00:00-05:00,538.23,510.19,-0.0,28.04
2026-01-26 13:00:00-05:00,527.51,500.5,-0.0,27.01
2026-01-26 14:00:00-05:00,540.96,514.72,-0.0,26.24
2026-01-26 15:00:00-05:00,557.94,530.88,-0.0,27.06
2026-01-26 16:00:00-05:00,450.52,423.4,-0.0,27.12
2026-01-26 17:00:00-05:00,544.02,507.46,-0.0,36.56
2026-01-26 18:00:00-05:00,521.78,487.19,-0.0,34.59
2026-01-26 19:00:00-05:00,507.5,476.09,-0.0,31.41
2026-01-26 20:00:00-05:00,476.38,447.32,-0.0,29.06
2026-01-26 21:00:00-05:00,463.15,438.6,-0.0,24.55
2026-01-26 22:00:00-05:00,531.07,506.75,-0.0,24.32
2026-01-26 23:00:00-05:00,486.58,467.41,-0.0,19.17
2026-01-27 00:00:00-05:00,590.76,569.67,-0.0,21.09
2026-01-27 01:00:00-05:00,594.42,575.46,-0.0,18.96
2026-01-27 02:00:00-05:00,589.61,571.33,-0.0,18.28
2026-01-27 03:00:00-05:00,590.75,572.97,-0.0,17.78
2026-01-27 04:00:00-05:00,604.4,583.97,-0.0,20.43
2026-01-27 05:00:00-05:00,603.64,581.55,-0.0,22.09
2026-01-27 06:00:00-05:00,755.73,725.95,-0.0,29.78
2026-01-27 07:00:00-05:00,839.0,796.8,-0.0,42.2
2026-01-27 08:00:00-05:00,839.8,796.8,-0.0,43.0
2026-01-27 09:00:00-05:00,789.27,751.7,-0.0,37.57
2026-01-27 10:00:00-05:00,669.71,640.85,-0.0,28.86
2026-01-27 11:00:00-05:00,666.63,635.5,-0.0,31.13
2026-01-27 12:00:00-05:00,630.54,601.66,-0.0,28.88
2026-01-27 13:00:00-05:00,618.47,591.26,-0.0,27.21
2026-01-27 14:00:00-05:00,614.4,588.53,-0.0,25.87
2026-01-27 15:00:00-05:00,656.43,629.38,-0.0,27.05
2026-01-27 16:00:00-05:00,559.36,531.73,-0.0,27.63
2026-01-27 17:00:00-05:00,719.5,682.01,-0.0,37.49
2026-01-27 18:00:00-05:00,728.28,689.68,-0.0,38.6
2026-01-27 19:00:00-05:00,659.95,625.57,-0.0,34.38
2026-01-27 20:00:00-05:00,604.55,574.14,-0.0,30.41
2026-01-27 21:00:00-05:00,593.43,568.45,-0.0,24.98
2026-01-27 22:00:00-05:00,605.19,580.26,-0.0,24.93
2026-01-27 23:00:00-05:00,595.77,577.3,-0.0,18.47
2026-01-28 00:00:00-05:00,653.87,625.69,-0.0,28.18
2026-01-28 01:00:00-05:00,603.3,578.44,-0.0,24.86
2026-01-28 02:00:00-05:00,573.91,551.3,-0.0,22.61
2026-01-28 03:00:00-05:00,575.5,552.31,-0.0,23.19
2026-01-28 04:00:00-05:00,631.36,605.92,-0.0,25.44
2026-01-28 05:00:00-05:00,827.81,798.26,-0.0,29.55
2026-01-28 06:00:00-05:00,1004.83,970.87,-0.0,33.96
2026-01-28 07:00:00-05:00,1014.6,972.8,-0.0,41.8
2026-01-28 08:00:00-05:00,1014.51,971.8,-0.0,42.71
2026-01-28 09:00:00-05:00,1008.75,965.27,-0.0,43.48
2026-01-28 10:00:00-05:00,987.67,940.66,-0.0,47.01
2026-01-28 11:00:00-05:00,970.07,918.66,-0.0,51.41
2026-01-28 12:00:00-05:00,924.39,875.4,-0.0,48.99
2026-01-28 13:00:00-05:00,903.27,855.4,-0.0,47.87
2026-01-28 14:00:00-05:00,918.72,870.03,-0.0,48.69
2026-01-28 15:00:00-05:00,1052.3,1006.0,-0.0,46.3
2026-01-28 16:00:00-05:00,549.96,518.83,-0.0,31.13
2026-01-28 17:00:00-05:00,846.37,790.39,8.56,47.42
2026-01-28 18:00:00-05:00,846.44,788.1,8.66,49.68
2026-01-28 19:00:00-05:00,810.41,765.99,0.01,44.41
2026-01-28 20:00:00-05:00,634.85,594.89,4.27,35.69
2026-01-28 21:00:00-05:00,632.67,596.86,-0.0,35.81
2026-01-28 22:00:00-05:00,961.52,914.89,-0.0,46.63
2026-01-28 23:00:00-05:00,897.36,859.58,-0.0,37.78
2026-01-29 00:00:00-05:00,403.63,386.23,-0.0,17.4
2026-01-29 01:00:00-05:00,369.6,354.37,-0.0,15.23
2026-01-29 02:00:00-05:00,335.23,321.72,-0.0,13.51
2026-01-29 03:00:00-05:00,338.7,325.36,-0.0,13.34
2026-01-29 04:00:00-05:00,388.03,373.48,-0.0,14.55
2026-01-29 05:00:00-05:00,483.8,471.08,-0.0,12.72
2026-01-29 06:00:00-05:00,657.15,638.62,-0.0,18.53
2026-01-29 07:00:00-05:00,702.51,680.73,-0.0,21.78
2026-01-29 08:00:00-05:00,700.0,675.01,-0.0,24.99
2026-01-29 09:00:00-05:00,635.29,612.61,-0.0,22.68
2026-01-29 10:00:00-05:00,566.44,547.29,-0.0,19.15
2026-01-29 11:00:00-05:00,544.72,518.3,-0.0,26.42
2026-01-29 12:00:00-05:00,476.13,450.47,-0.0,25.66
2026-01-29 13:00:00-05:00,469.93,444.18,-0.0,25.75
2026-01-29 14:00:00-05:00,477.04,451.33,-0.0,25.71
2026-01-29 15:00:00-05:00,480.06,457.64,-0.0,22.42
2026-01-29 16:00:00-05:00,507.31,488.74,-0.0,18.57
2026-01-29 17:00:00-05:00,688.19,660.46,-0.0,27.73
2026-01-29 18:00:00-05:00,685.69,658.67,-0.0,27.02
2026-01-29 19:00:00-05:00,620.0,595.01,-0.0,24.99
2026-01-29 20:00:00-05:00,573.99,552.47,-0.0,21.52
2026-01-29 21:00:00-05:00,538.94,519.7,-0.0,19.24
2026-01-29 22:00:00-05:00,600.0,576.9,-0.0,23.1
2026-01-29 23:00:00-05:00,442.27,421.22,-0.0,21.05
2026-01-30 00:00:00-05:00,308.01,293.63,-0.0,14.38
2026-01-30 01:00:00-05:00,286.18,271.79,-0.0,14.39
2026-01-30 02:00:00-05:00,268.44,255.66,-0.0,12.78
2026-01-30 03:00:00-05:00,260.28,248.13,-0.0,12.15
2026-01-30 04:00:00-05:00,281.28,267.38,-0.0,13.9
2026-01-30 05:00:00-05:00,340.47,325.8,-0.0,14.67
2026-01-30 06:00:00-05:00,472.05,455.2,-0.0,16.85
2026-01-30 07:00:00-05:00,513.94,493.69,-0.0,20.25
2026-01-30 08:00:00-05:00,498.59,478.95,-0.0,19.64
2026-01-30 09:00:00-05:00,458.57,439.68,-0.0,18.89
2026-01-30 10:00:00-05:00,408.06,387.53,-0.0,20.53
2026-01-30 11:00:00-05:00,381.02,359.45,-0.0,21.57
2026-01-30 12:00:00-05:00,336.22,315.98,-0.0,20.24
2026-01-30 13:00:00-05:00,308.5,289.93,-0.0,18.57
2026-01-30 14:00:00-05:00,310.08,291.41,-0.0,18.67
2026-01-30 15:00:00-05:00,330.5,311.2,-0.0,19.3
2026-01-30 16:00:00-05:00,426.01,400.75,-0.0,25.26
2026-01-30 17:00:00-05:00,489.66,459.79,-0.0,29.87
2026-01-30 18:00:00-05:00,512.26,481.42,-0.0,30.84
2026-01-30 19:00:00-05:00,464.91,436.92,-0.0,27.99
2026-01-30 20:00:00-05:00,427.91,401.81,-0.0,26.1
2026-01-30 21:00:00-05:00,415.82,391.91,-0.0,23.91
2026-01-30 22:00:00-05:00,405.67,383.44,-0.0,22.23
2026-01-30 23:00:00-05:00,378.24,358.19,-0.0,20.05
2026-01-31 00:00:00-05:00,250.08,238.18,-0.0,11.9
2026-01-31 01:00:00-05:00,238.16,226.39,-0.0,11.77
2026-01-31 02:00:00-05:00,221.21,209.68,-0.0,11.53
2026-01-31 03:00:00-05:00,215.72,204.87,-0.0,10.85
2026-01-31 04:00:00-05:00,220.26,209.78,-0.0,10.48
2026-01-31 05:00:00-05:00,231.78,221.37,-0.0,10.41
2026-01-31 06:00:00-05:00,268.36,256.79,-0.0,11.57
2026-01-31 07:00:00-05:00,302.01,288.45,-0.0,13.56
2026-01-31 08:00:00-05:00,315.36,301.2,-0.0,14.16
2026-01-31 09:00:00-05:00,285.02,271.71,-0.0,13.31
2026-01-31 10:00:00-05:00,261.01,248.82,-0.0,12.19
2026-01-31 11:00:00-05:00,232.08,221.87,-0.0,10.21
2026-01-31 12:00:00-05:00,219.35,207.33,-0.0,12.02
2026-01-31 13:00:00-05:00,210.92,198.22,-0.0,12.7
2026-01-31 14:00:00-05:00,214.22,201.71,-0.0,12.51
2026-01-31 15:00:00-05:00,223.22,210.18,-0.0,13.04
2026-01-31 16:00:00-05:00,253.86,240.18,-0.0,13.68
2026-01-31 17:00:00-05:00,313.71,295.67,-0.0,18.04
2026-01-31 18:00:00-05:00,304.29,287.07,-0.0,17.22
2026-01-31 19:00:00-05:00,291.86,275.08,-0.0,16.78
2026-01-31 20:00:00-05:00,261.73,246.92,-0.0,14.81
2026-01-31 21:00:00-05:00,262.04,247.92,-0.0,14.12
2026-01-31 22:00:00-05:00,237.31,225.59,-0.0,11.72
2026-01-31 23:00:00-05:00,238.28,227.8,-0.0,10.48
2026-02-01 00:00:00-05:00,295.89,284.5,-0.0,11.39
2026-02-01 01:00:00-05:00,272.77,262.79,-0.0,9.98
2026-02-01 02:00:00-05:00,249.11,240.22,-0.0,8.89
2026-02-01 03:00:00-05:00,233.97,225.62,-0.0,8.35
2026-02-01 04:00:00-05:00,244.49,235.54,-0.0,8.95
2026-02-01 05:00:00-05:00,253.62,244.34,-0.0,9.28
2026-02-01 06:00:00-05:00,269.1,258.01,-0.0,11.09
2026-02-01 07:00:00-05:00,284.05,272.6,-0.0,11.45
2026-02-01 08:00:00-05:00,299.48,287.14,-0.0,12.34
2026-02-01 09:00:00-05:00,324.52,311.73,-0.0,12.79
2026-02-01 10:00:00-05:00,292.9,280.28,-0.0,12.62
2026-02-01 11:00:00-05:00,275.45,262.59,-0.0,12.86
2026-02-01 12:00:00-05:00,249.37,228.97,7.36,13.04
2026-02-01 13:00:00-05:00,236.33,186.34,38.62,11.37
2026-02-01 14:00:00-05:00,235.05,181.26,42.92,10.87
2026-02-01 15:00:00-05:00,226.08,212.93,0.16,12.99
2026-02-01 16:00:00-05:00,279.72,266.41,-0.0,13.31
2026-02-01 17:00:00-05:00,325.93,310.42,-0.0,15.51
2026-02-01 18:00:00-05:00,319.63,305.57,-0.0,14.06
2026-02-01 19:00:00-05:00,297.77,284.67,-0.0,13.1
2026-02-01 20:00:00-05:00,286.45,274.1,-0.0,12.35
2026-02-01 21:00:00-05:00,261.66,249.2,-0.0,12.46
2026-02-01 22:00:00-05:00,245.7,235.58,-0.0,10.12
2026-02-01 23:00:00-05:00,232.3,222.73,-0.0,9.57
2026-02-02 00:00:00-05:00,225.95,215.8,-0.0,10.15
2026-02-02 01:00:00-05:00,199.62,190.3,-0.0,9.32
2026-02-02 02:00:00-05:00,199.28,189.79,-0.0,9.49
2026-02-02 03:00:00-05:00,197.29,187.9,-0.0,9.39
2026-02-02 04:00:00-05:00,199.77,190.26,-0.0,9.51
2026-02-02 05:00:00-05:00,207.73,198.4,-0.0,9.33
2026-02-02 06:00:00-05:00,277.88,267.46,-0.0,10.42
2026-02-02 07:00:00-05:00,304.76,293.33,-0.0,11.43
2026-02-02 08:00:00-05:00,308.41,296.84,-0.0,11.57
2026-02-02 09:00:00-05:00,287.21,276.15,-0.0,11.06
2026-02-02 10:00:00-05:00,247.26,234.38,-0.0,12.88
2026-02-02 11:00:00-05:00,210.0,198.49,-0.0,11.51
2026-02-02 12:00:00-05:00,196.21,170.12,15.54,10.55
2026-02-02 13:00:00-05:00,184.56,163.66,10.92,9.98
2026-02-02 14:00:00-05:00,174.77,161.45,3.63,9.69
2026-02-02 15:00:00-05:00,190.33,179.39,-0.0,10.94
2026-02-02 16:00:00-05:00,228.43,215.3,-0.0,13.13
2026-02-02 17:00:00-05:00,297.86,281.81,-0.0,16.05
2026-02-02 18:00:00-05:00,303.43,286.53,-0.0,16.9
2026-02-02 19:00:00-05:00,270.57,255.5,-0.0,15.07
2026-02-02 20:00:00-05:00,252.38,238.55,-0.0,13.83
2026-02-02 21:00:00-05:00,213.1,200.46,-0.0,12.64
2026-02-02 22:00:00-05:00,224.03,211.55,-0.0,12.48
2026-02-02 23:00:00-05:00,209.6,197.55,-0.0,12.05
2026-02-03 00:00:00-05:00,209.37,199.97,-0.0,9.4
2026-02-03 01:00:00-05:00,199.79,190.82,-0.0,8.97
2026-02-03 02:00:00-05:00,198.44,189.35,-0.0,9.09
2026-02-03 03:00:00-05:00,197.31,188.27,-0.0,9.04
2026-02-03 04:00:00-05:00,203.27,194.51,-0.0,8.76
2026-02-03 05:00:00-05:00,235.72,228.86,-0.0,6.86
2026-02-03 06:00:00-05:00,328.76,319.49,-0.0,9.27
2026-02-03 07:00:00-05:00,320.97,311.02,-0.0,9.95
2026-02-03 08:00:00-05:00,288.0,279.33,-0.0,8.67
2026-02-03 09:00:00-05:00,271.2,262.03,-0.0,9.17
2026-02-03 10:00:00-05:00,227.71,217.69,-0.0,10.02
2026-02-03 11:00:00-05:00,203.8,194.65,-0.0,9.15
2026-02-03 12:00:00-05:00,192.57,183.06,-0.0,9.51
2026-02-03 13:00:00-05:00,181.95,173.94,-0.0,8.01
2026-02-03 14:00:00-05:00,181.94,173.61,-0.0,8.33
2026-02-03 15:00:00-05:00,196.1,187.12,-0.0,8.98
2026-02-03 16:00:00-05:00,238.96,230.21,-0.0,8.75
2026-02-03 17:00:00-05:00,304.52,293.37,-0.0,11.15
2026-02-03 18:00:00-05:00,297.11,285.67,-0.0,11.44
2026-02-03 19:00:00-05:00,262.73,251.67,-0.0,11.06
2026-02-03 20:00:00-05:00,242.16,231.5,-0.0,10.66
2026-02-03 21:00:00-05:00,226.62,214.81,-0.0,11.81
2026-02-03 22:00:00-05:00,207.39,197.52,-0.0,9.87
2026-02-03 23:00:00-05:00,204.0,195.21,-0.0,8.79
2026-02-04 00:00:00-05:00,158.15,150.62,-0.0,7.53
2026-02-04 01:00:00-05:00,147.59,140.56,-0.0,7.03
2026-02-04 02:00:00-05:00,134.72,128.19,-0.0,6.53
2026-02-04 03:00:00-05:00,136.86,130.59,-0.0,6.27
2026-02-04 04:00:00-05:00,139.93,133.27,-0.0,6.66
2026-02-04 05:00:00-05:00,150.76,143.99,-0.0,6.77
2026-02-04 06:00:00-05:00,200.87,192.03,-0.0,8.84
2026-02-04 07:00:00-05:00,263.62,253.47,-0.0,10.15
2026-02-04 08:00:00-05:00,252.78,243.05,-0.0,9.73
2026-02-04 09:00:00-05:00,211.31,200.49,-0.0,10.82
2026-02-04 10:00:00-05:00,186.56,177.01,-0.0,9.55
2026-02-04 11:00:00-05:00,172.56,163.57,-0.0,8.99
2026-02-04 12:00:00-05:00,160.12,151.78,-0.0,8.34
2026-02-04 13:00:00-05:00,157.26,149.21,-0.0,8.05
2026-02-04 14:00:00-05:00,158.45,150.62,-0.0,7.83
2026-02-04 15:00:00-05:00,159.0,150.72,-0.0,8.28
2026-02-04 16:00:00-05:00,187.84,177.38,-0.0,10.46
2026-02-04 17:00:00-05:00,255.34,241.35,-0.0,13.99
2026-02-04 18:00:00-05:00,255.07,240.63,-0.0,14.44
2026-02-04 19:00:00-05:00,230.62,217.77,-0.0,12.85
2026-02-04 20:00:00-05:00,208.58,196.77,-0.0,11.81
2026-02-04 21:00:00-05:00,187.19,176.93,-0.0,10.26
2026-02-04 22:00:00-05:00,174.73,165.47,-0.0,9.26
2026-02-04 23:00:00-05:00,170.31,161.28,-0.0,9.03
2026-02-05 00:00:00-05:00,160.12,151.2,-0.0,8.92
2026-02-05 01:00:00-05:00,148.93,141.17,-0.0,7.76
2026-02-05 02:00:00-05:00,142.36,134.94,-0.0,7.42
2026-02-05 03:00:00-05:00,140.36,133.05,-0.0,7.31
2026-02-05 04:00:00-05:00,148.9,141.28,-0.0,7.62
2026-02-05 05:00:00-05:00,163.28,154.92,-0.0,8.36
2026-02-05 06:00:00-05:00,209.45,199.67,-0.0,9.78
2026-02-05 07:00:00-05:00,225.0,214.49,-0.0,10.51
2026-02-05 08:00:00-05:00,208.61,198.68,-0.0,9.93
2026-02-05 09:00:00-05:00,185.38,175.22,-0.0,10.16
2026-02-05 10:00:00-05:00,169.65,159.9,-0.0,9.75
2026-02-05 11:00:00-05:00,156.74,147.87,-0.0,8.87
2026-02-05 12:00:00-05:00,140.37,132.42,-0.0,7.95
2026-02-05 13:00:00-05:00,132.9,125.74,-0.0,7.16
2026-02-05 14:00:00-05:00,130.39,123.13,-0.0,7.26
2026-02-05 15:00:00-05:00,140.65,132.94,-0.0,7.71
2026-02-05 16:00:00-05:00,167.16,157.4,-0.0,9.76
2026-02-05 17:00:00-05:00,220.1,207.44,-0.0,12.66
2026-02-05 18:00:00-05:00,218.65,205.68,-0.0,12.97
2026-02-05 19:00:00-05:00,202.11,189.94,-0.0,12.17
2026-02-05 20:00:00-05:00,185.12,174.14,-0.0,10.98
2026-02-05 21:00:00-05:00,164.6,155.28,-0.0,9.32
2026-02-05 22:00:00-05:00,163.35,154.4,-0.0,8.95
2026-02-05 23:00:00-05:00,151.51,143.89,-0.0,7.62
2026-02-06 00:00:00-05:00,216.4,204.35,-0.0,12.05
2026-02-06 01:00:00-05:00,181.33,169.69,2.31,9.33
2026-02-06 02:00:00-05:00,164.51,155.62,0.18,8.71
2026-02-06 03:00:00-05:00,177.38,168.63,-0.01,8.76
2026-02-06 04:00:00-05:00,185.06,176.92,-0.0,8.14
2026-02-06 05:00:00-05:00,190.1,182.1,-0.0,8.0
2026-02-06 06:00:00-05:00,248.65,238.67,-0.04,10.02
2026-02-06 07:00:00-05:00,286.2,274.27,-0.12,12.05
2026-02-06 08:00:00-05:00,274.22,262.97,-0.05,11.3
2026-02-06 09:00:00-05:00,259.42,248.01,-0.0,11.41
2026-02-06 10:00:00-05:00,241.12,230.35,-0.06,10.83
2026-02-06 11:00:00-05:00,223.27,212.07,-0.03,11.23
2026-02-06 12:00:00-05:00,203.24,178.67,12.6,11.97
2026-02-06 13:00:00-05:00,195.04,153.81,30.92,10.31
2026-02-06 14:00:00-05:00,186.21,153.47,22.77,9.97
2026-02-06 15:00:00-05:00,199.31,175.0,12.94,11.37
2026-02-06 16:00:00-05:00,242.7,229.84,-0.0,12.86
2026-02-06 17:00:00-05:00,278.16,263.92,-0.0,14.24
2026-02-06 18:00:00-05:00,268.82,255.54,-0.0,13.28
2026-02-06 19:00:00-05:00,229.31,215.32,-0.0,13.99
2026-02-06 20:00:00-05:00,216.88,203.65,-0.0,13.23
2026-02-06 21:00:00-05:00,208.75,196.18,-0.0,12.57
2026-02-06 22:00:00-05:00,191.13,174.5,5.98,10.65
2026-02-06 23:00:00-05:00,188.0,149.95,29.36,8.69
2026-02-07 00:00:00-05:00,179.66,170.46,-0.0,9.2
2026-02-07 01:00:00-05:00,167.68,159.09,-0.0,8.59
2026-02-07 02:00:00-05:00,148.95,135.8,6.09,7.06
2026-02-07 03:00:00-05:00,140.47,120.78,13.53,6.16
2026-02-07 04:00:00-05:00,132.02,125.5,-0.0,6.52
2026-02-07 05:00:00-05:00,139.42,132.41,-0.0,7.01
2026-02-07 06:00:00-05:00,152.58,146.29,-0.0,6.29
2026-02-07 07:00:00-05:00,166.24,160.01,-0.0,6.23
2026-02-07 08:00:00-05:00,187.69,180.13,-0.0,7.56
2026-02-07 09:00:00-05:00,203.01,195.01,-0.0,8.0
2026-02-07 10:00:00-05:00,251.63,240.33,-0.0,11.3
2026-02-07 11:00:00-05:00,229.84,218.28,-0.0,11.56
2026-02-07 12:00:00-05:00,215.13,195.35,8.26,11.52
2026-02-07 13:00:00-05:00,215.11,166.67,38.61,9.83
2026-02-07 14:00:00-05:00,214.87,155.4,50.46,9.01
2026-02-07 15:00:00-05:00,209.9,156.42,44.1,9.38
2026-02-07 16:00:00-05:00,265.85,251.76,-0.0,14.09
2026-02-07 17:00:00-05:00,333.09,316.34,-0.0,16.75
2026-02-07 18:00:00-05:00,326.61,311.36,-0.0,15.25
2026-02-07 19:00:00-05:00,310.83,295.75,-0.0,15.08
2026-02-07 20:00:00-05:00,259.05,243.69,-0.0,15.36
2026-02-07 21:00:00-05:00,246.97,213.03,20.29,13.65
2026-02-07 22:00:00-05:00,251.01,237.25,-0.0,13.76
2026-02-07 23:00:00-05:00,254.01,240.09,-0.0,13.92
2026-02-08 00:00:00-05:00,224.93,213.41,-0.0,11.52
2026-02-08 01:00:00-05:00,216.51,205.04,-0.0,11.47
2026-02-08 02:00:00-05:00,205.06,194.01,-0.0,11.05
2026-02-08 03:00:00-05:00,203.41,192.26,-0.0,11.15
2026-02-08 04:00:00-05:00,205.05,194.55,-0.0,10.5
2026-02-08 05:00:00-05:00,208.74,198.05,-0.0,10.69
2026-02-08 06:00:00-05:00,239.41,228.45,-0.0,10.96
2026-02-08 07:00:00-05:00,247.06,237.8,-0.0,9.26
2026-02-08 08:00:00-05:00,254.12,243.88,-0.0,10.24
2026-02-08 09:00:00-05:00,236.44,225.19,-0.0,11.25
2026-02-08 10:00:00-05:00,220.21,208.94,-0.0,11.27
2026-02-08 11:00:00-05:00,205.29,194.78,-0.0,10.51
2026-02-08 12:00:00-05:00,205.38,194.49,-0.0,10.89
2026-02-08 13:00:00-05:00,197.75,187.09,-0.0,10.66
2026-02-08 14:00:00-05:00,206.23,194.74,-0.0,11.49
2026-02-08 15:00:00-05:00,210.63,198.9,-0.0,11.73
2026-02-08 16:00:00-05:00,248.31,235.6,-0.0,12.71
2026-02-08 17:00:00-05:00,326.9,313.43,-0.0,13.47
2026-02-08 18:00:00-05:00,322.8,310.08,-0.0,12.72
2026-02-08 19:00:00-05:00,310.16,297.1,-0.0,13.06
2026-02-08 20:00:00-05:00,293.7,282.13,-0.0,11.57
2026-02-08 21:00:00-05:00,266.75,253.57,-0.0,13.18
2026-02-08 22:00:00-05:00,240.3,228.86,-0.0,11.44
2026-02-08 23:00:00-05:00,238.53,226.96,-0.0,11.57
2026-02-09 00:00:00-05:00,211.42,200.98,-0.0,10.44
2026-02-09 01:00:00-05:00,202.29,191.75,-0.0,10.54
2026-02-09 02:00:00-05:00,198.47,188.31,-0.0,10.16
2026-02-09 03:00:00-05:00,200.61,190.7,-0.0,9.91
2026-02-09 04:00:00-05:00,203.66,194.88,-0.0,8.78
2026-02-09 05:00:00-05:00,236.47,228.03,-0.0,8.44
2026-02-09 06:00:00-05:00,310.74,299.37,-0.0,11.37
2026-02-09 07:00:00-05:00,327.1,314.51,-0.0,12.59
2026-02-09 08:00:00-05:00,307.8,295.67,-0.0,12.13
2026-02-09 09:00:00-05:00,248.8,239.22,-0.0,9.58
2026-02-09 10:00:00-05:00,229.57,220.52,-0.0,9.05
2026-02-09 11:00:00-05:00,193.92,183.82,-0.0,10.1
2026-02-09 12:00:00-05:00,186.39,175.84,-0.0,10.55
2026-02-09 13:00:00-05:00,175.21,165.77,-0.0,9.44
2026-02-09 14:00:00-05:00,182.68,172.67,-0.0,10.01
2026-02-09 15:00:00-05:00,188.94,178.76,-0.0,10.18
2026-02-09 16:00:00-05:00,224.01,213.35,-0.0,10.66
2026-02-09 17:00:00-05:00,290.01,279.13,-0.0,10.88
2026-02-09 18:00:00-05:00,306.34,294.85,-0.0,11.49
2026-02-09 19:00:00-05:00,261.64,251.33,-0.0,10.31
2026-02-09 20:00:00-05:00,245.07,236.1,-0.0,8.97
2026-02-09 21:00:00-05:00,216.95,207.82,-0.0,9.13
2026-02-09 22:00:00-05:00,205.58,196.53,-0.0,9.05
2026-02-09 23:00:00-05:00,194.23,184.46,-0.0,9.77
2026-02-10 00:00:00-05:00,178.15,168.55,-0.0,9.6
2026-02-10 01:00:00-05:00,158.87,150.03,0.74,8.1
2026-02-10 02:00:00-05:00,149.89,141.95,-0.0,7.94
2026-02-10 03:00:00-05:00,148.73,140.85,-0.0,7.88
2026-02-10 04:00:00-05:00,160.5,152.28,-0.0,8.22
2026-02-10 05:00:00-05:00,197.89,189.92,-0.0,7.97
2026-02-10 06:00:00-05:00,239.12,229.48,-0.0,9.64
2026-02-10 07:00:00-05:00,250.94,240.12,-0.0,10.82
2026-02-10 08:00:00-05:00,233.73,223.66,-0.0,10.07
2026-02-10 09:00:00-05:00,218.8,208.58,-0.0,10.22
2026-02-10 10:00:00-05:00,151.74,143.15,-0.0,8.59
2026-02-10 11:00:00-05:00,148.04,124.46,16.36,7.22
2026-02-10 12:00:00-05:00,146.8,115.02,25.11,6.67
2026-02-10 13:00:00-05:00,146.35,111.64,28.12,6.59
2026-02-10 14:00:00-05:00,141.82,105.62,30.08,6.12
2026-02-10 15:00:00-05:00,138.37,100.93,31.59,5.85
2026-02-10 16:00:00-05:00,153.31,145.18,-0.0,8.13
2026-02-10 17:00:00-05:00,179.02,170.02,-0.0,9.0
2026-02-10 18:00:00-05:00,174.75,166.27,-0.0,8.48
2026-02-10 19:00:00-05:00,171.41,163.25,-0.0,8.16
2026-02-10 20:00:00-05:00,160.24,152.32,-0.0,7.92
2026-02-10 21:00:00-05:00,145.44,138.12,-0.0,7.32
2026-02-10 22:00:00-05:00,132.12,124.76,-0.0,7.36
2026-02-10 23:00:00-05:00,123.92,102.7,15.27,5.95
2026-02-11 00:00:00-05:00,89.77,85.82,-0.0,3.95
2026-02-11 01:00:00-05:00,86.58,83.09,-0.0,3.49
2026-02-11 02:00:00-05:00,79.93,76.71,-0.0,3.22
2026-02-11 03:00:00-05:00,77.64,74.58,-0.0,3.06
2026-02-11 04:00:00-05:00,72.43,69.58,-0.0,2.85
2026-02-11 05:00:00-05:00,85.77,82.31,-0.0,3.46
2026-02-11 06:00:00-05:00,101.38,97.29,-0.0,4.09
2026-02-11 07:00:00-05:00,120.38,114.97,-0.0,5.41
2026-02-11 08:00:00-05:00,115.78,110.69,-0.0,5.09
2026-02-11 09:00:00-05:00,102.47,97.68,-0.0,4.79
2026-02-11 10:00:00-05:00,91.99,87.94,-0.0,4.05
2026-02-11 11:00:00-05:00,90.0,86.04,-0.0,3.96
2026-02-11 12:00:00-05:00,84.44,80.57,-0.0,3.87
2026-02-11 13:00:00-05:00,85.33,81.58,-0.0,3.75
2026-02-11 14:00:00-05:00,86.7,82.81,-0.0,3.89
2026-02-11 15:00:00-05:00,88.81,85.07,-0.0,3.74
2026-02-11 16:00:00-05:00,102.39,97.15,-0.0,5.24
2026-02-11 17:00:00-05:00,128.0,118.6,1.8,7.6
2026-02-11 18:00:00-05:00,126.92,116.4,2.84,7.68
2026-02-11 19:00:00-05:00,109.71,99.8,3.22,6.69
2026-02-11 20:00:00-05:00,102.89,97.44,-0.0,5.45
2026-02-11 21:00:00-05:00,101.54,96.8,-0.0,4.74
2026-02-11 22:00:00-05:00,84.84,81.42,-0.0,3.42
2026-02-11 23:00:00-05:00,86.16,83.16,0.01,2.99
2026-02-12 00:00:00-05:00,86.83,83.41,-0.0,3.42
2026-02-12 01:00:00-05:00,75.74,72.9,-0.0,2.84
2026-02-12 02:00:00-05:00,69.16,66.63,-0.0,2.53
2026-02-12 03:00:00-05:00,66.59,64.15,-0.0,2.44
2026-02-12 04:00:00-05:00,71.16,68.62,-0.0,2.54
2026-02-12 05:00:00-05:00,88.26,85.11,-0.0,3.15
2026-02-12 06:00:00-05:00,114.18,108.13,-0.0,6.05
2026-02-12 07:00:00-05:00,123.41,115.66,-0.0,7.75
2026-02-12 08:00:00-05:00,110.68,103.83,-0.0,6.85
2026-02-12 09:00:00-05:00,102.27,96.76,-0.0,5.51
2026-02-12 10:00:00-05:00,98.57,93.88,-0.0,4.69
2026-02-12 11:00:00-05:00,94.26,90.11,-0.0,4.15
2026-02-12 12:00:00-05:00,86.22,82.12,-0.0,4.1
2026-02-12 13:00:00-05:00,85.63,81.63,-0.0,4.0
2026-02-12 14:00:00-05:00,85.78,81.47,-0.0,4.31
2026-02-12 15:00:00-05:00,96.87,92.43,-0.0,4.44
2026-02-12 16:00:00-05:00,106.39,99.8,-0.0,6.59
2026-02-12 17:00:00-05:00,129.59,121.11,-0.0,8.48
2026-02-12 18:00:00-05:00,130.97,121.61,-0.0,9.36
2026-02-12 19:00:00-05:00,118.17,110.44,-0.0,7.73
2026-02-12 20:00:00-05:00,105.78,99.33,-0.0,6.45
2026-02-12 21:00:00-05:00,102.76,96.85,-0.0,5.91
2026-02-12 22:00:00-05:00,94.82,90.39,-0.0,4.43
2026-02-12 23:00:00-05:00,92.41,88.6,-0.0,3.81
2026-02-13 00:00:00-05:00,93.57,80.44,8.22,4.91
2026-02-13 01:00:00-05:00,84.92,80.11,-0.0,4.81
2026-02-13 02:00:00-05:00,84.59,79.95,-0.0,4.64
2026-02-13 03:00:00-05:00,84.75,79.95,-0.0,4.8
2026-02-13 04:00:00-05:00,88.87,80.19,3.79,4.89
2026-02-13 05:00:00-05:00,96.99,80.35,11.49,5.15
2026-02-13 06:00:00-05:00,123.09,107.06,8.97,7.06
2026-02-13 07:00:00-05:00,143.23,133.86,-0.0,9.37
2026-02-13 08:00:00-05:00,124.45,116.09,-0.0,8.36
2026-02-13 09:00:00-05:00,90.51,83.86,0.69,5.96
2026-02-13 10:00:00-05:00,84.48,79.39,-0.0,5.09
2026-02-13 11:00:00-05:00,75.76,71.88,-0.0,3.88
2026-02-13 12:00:00-05:00,69.96,66.06,-0.0,3.9
2026-02-13 13:00:00-05:00,68.31,64.57,-0.0,3.74
2026-02-13 14:00:00-05:00,68.89,64.99,-0.0,3.9
2026-02-13 15:00:00-05:00,69.95,65.99,-0.0,3.96
2026-02-13 16:00:00-05:00,88.88,81.92,1.06,5.9
2026-02-13 17:00:00-05:00,118.8,93.46,18.24,7.1
2026-02-13 18:00:00-05:00,109.77,102.69,-0.0,7.08
2026-02-13 19:00:00-05:00,94.13,88.22,-0.0,5.91
2026-02-13 20:00:00-05:00,85.61,80.61,-0.0,5.0
2026-02-13 21:00:00-05:00,84.84,80.19,-0.0,4.65
2026-02-13 22:00:00-05:00,82.95,78.78,-0.0,4.17
2026-02-13 23:00:00-05:00,79.88,76.22,-0.0,3.66
2026-02-14 00:00:00-05:00,80.05,76.9,-0.0,3.15
2026-02-14 01:00:00-05:00,72.04,69.14,-0.0,2.9
2026-02-14 02:00:00-05:00,68.39,65.7,-0.0,2.69
2026-02-14 03:00:00-05:00,67.88,65.46,-0.0,2.42
2026-02-14 04:00:00-05:00,68.65,66.14,-0.0,2.51
2026-02-14 05:00:00-05:00,73.25,70.84,-0.0,2.41
2026-02-14 06:00:00-05:00,78.85,76.26,-0.0,2.59
2026-02-14 07:00:00-05:00,82.82,79.71,-0.0,3.11
2026-02-14 08:00:00-05:00,82.66,79.79,-0.0,2.87
2026-02-14 09:00:00-05:00,75.33,72.93,-0.0,2.4
2026-02-14 10:00:00-05:00,67.79,65.82,-0.0,1.97
2026-02-14 11:00:00-05:00,62.25,60.56,-0.0,1.69
2026-02-14 12:00:00-05:00,56.9,54.98,-0.0,1.92
2026-02-14 13:00:00-05:00,56.2,54.3,-0.0,1.9
2026-02-14 14:00:00-05:00,56.04,53.94,-0.0,2.1
2026-02-14 15:00:00-05:00,59.42,57.19,-0.0,2.23
2026-02-14 16:00:00-05:00,71.66,68.77,-0.0,2.89
2026-02-14 17:00:00-05:00,83.8,80.11,-0.0,3.69
2026-02-14 18:00:00-05:00,84.04,80.19,-0.0,3.85
2026-02-14 19:00:00-05:00,83.06,79.71,-0.0,3.35
2026-02-14 20:00:00-05:00,77.9,75.27,-0.0,2.63
2026-02-14 21:00:00-05:00,72.44,69.65,-0.0,2.79
2026-02-14 22:00:00-05:00,72.05,69.48,-0.0,2.57
2026-02-14 23:00:00-05:00,66.63,64.82,-0.0,1.81
2026-02-15 00:00:00-05:00,68.6,66.22,-0.0,2.38
2026-02-15 01:00:00-05:00,63.81,61.53,-0.0,2.28
2026-02-15 02:00:00-05:00,58.5,56.52,-0.0,1.98
2026-02-15 03:00:00-05:00,57.29,55.41,-0.0,1.88
2026-02-15 04:00:00-05:00,55.65,53.92,-0.0,1.73
2026-02-15 05:00:00-05:00,60.45,58.58,-0.0,1.87
2026-02-15 06:00:00-05:00,68.39,66.46,-0.0,1.93
2026-02-15 07:00:00-05:00,66.02,63.97,-0.0,2.05
2026-02-15 08:00:00-05:00,64.2,62.09,-0.0,2.11
2026-02-15 09:00:00-05:00,56.73,54.86,-0.0,1.87
2026-02-15 10:00:00-05:00,52.55,50.82,-0.0,1.73
2026-02-15 11:00:00-05:00,51.48,49.5,-0.0,1.98
2026-02-15 12:00:00-05:00,50.45,48.33,-0.0,2.12
2026-02-15 13:00:00-05:00,50.87,48.59,-0.0,2.28
2026-02-15 14:00:00-05:00,52.73,50.46,-0.0,2.27
2026-02-15 15:00:00-05:00,57.38,55.02,-0.0,2.36
2026-02-15 16:00:00-05:00,71.3,68.3,-0.0,3.0
2026-02-15 17:00:00-05:00,82.81,79.47,-0.0,3.34
2026-02-15 18:00:00-05:00,86.59,82.23,-0.0,4.36
2026-02-15 19:00:00-05:00,81.48,77.53,-0.0,3.95
2026-02-15 20:00:00-05:00,77.25,73.64,-0.0,3.61
2026-02-15 21:00:00-05:00,67.39,64.18,-0.0,3.21
2026-02-15 22:00:00-05:00,62.57,59.87,-0.0,2.7
2026-02-15 23:00:00-05:00,60.17,57.85,-0.0,2.32
2026-02-16 00:00:00-05:00,61.09,58.4,-0.0,2.69
2026-02-16 01:00:00-05:00,55.68,53.34,-0.0,2.34
2026-02-16 02:00:00-05:00,54.35,52.06,-0.0,2.29
2026-02-16 03:00:00-05:00,52.75,50.62,-0.0,2.13
2026-02-16 04:00:00-05:00,53.42,51.32,-0.0,2.1
2026-02-16 05:00:00-05:00,57.87,55.49,-0.0,2.38
2026-02-16 06:00:00-05:00,69.09,65.99,-0.0,3.1
2026-02-16 07:00:00-05:00,75.56,71.76,-0.0,3.8
2026-02-16 08:00:00-05:00,74.74,71.05,-0.0,3.69
2026-02-16 09:00:00-05:00,76.79,72.72,-0.0,4.07
2026-02-16 10:00:00-05:00,72.99,69.32,-0.0,3.67
2026-02-16 11:00:00-05:00,71.45,67.86,-0.0,3.59
2026-02-16 12:00:00-05:00,65.7,62.22,-0.0,3.48
2026-02-16 13:00:00-05:00,64.96,61.52,-0.0,3.44
2026-02-16 14:00:00-05:00,60.97,57.74,-0.0,3.23
2026-02-16 15:00:00-05:00,61.21,58.13,-0.0,3.08
2026-02-16 16:00:00-05:00,70.77,67.15,-0.0,3.62
2026-02-16 17:00:00-05:00,84.9,79.79,-0.0,5.11
2026-02-16 18:00:00-05:00,89.2,83.37,-0.0,5.83
2026-02-16 19:00:00-05:00,79.56,74.71,-0.0,4.85
2026-02-16 20:00:00-05:00,66.32,62.63,-0.0,3.69
2026-02-16 21:00:00-05:00,62.53,59.16,-0.0,3.37
2026-02-16 22:00:00-05:00,58.22,55.34,-0.0,2.88
2026-02-16 23:00:00-05:00,55.43,52.94,-0.0,2.49
2026-02-17 00:00:00-05:00,54.45,51.81,-0.0,2.64
2026-02-17 01:00:00-05:00,49.53,47.26,-0.0,2.27
2026-02-17 02:00:00-05:00,47.35,45.22,-0.0,2.13
2026-02-17 03:00:00-05:00,46.56,44.73,-0.0,1.83
2026-02-17 04:00:00-05:00,48.55,46.77,-0.0,1.78
2026-02-17 05:00:00-05:00,52.9,50.82,-0.0,2.08
2026-02-17 06:00:00-05:00,70.27,67.44,-0.0,2.83
2026-02-17 07:00:00-05:00,79.67,76.09,-0.0,3.58
2026-02-17 08:00:00-05:00,78.9,75.14,-0.0,3.76
2026-02-17 09:00:00-05:00,79.19,75.42,-0.0,3.77
2026-02-17 10:00:00-05:00,73.49,70.06,-0.0,3.43
2026-02-17 11:00:00-05:00,70.64,67.28,-0.0,3.36
2026-02-17 12:00:00-05:00,64.55,61.42,-0.0,3.13
2026-02-17 13:00:00-05:00,57.99,55.18,-0.0,2.81
2026-02-17 14:00:00-05:00,55.2,52.52,-0.0,2.68
2026-02-17 15:00:00-05:00,55.06,52.54,-0.0,2.52
2026-02-17 16:00:00-05:00,68.2,64.77,-0.0,3.43
2026-02-17 17:00:00-05:00,84.5,79.95,-0.0,4.55
2026-02-17 18:00:00-05:00,89.27,83.98,-0.0,5.29
2026-02-17 19:00:00-05:00,78.47,74.45,-0.0,4.02
2026-02-17 20:00:00-05:00,68.71,65.44,-0.0,3.27
2026-02-17 21:00:00-05:00,61.35,58.43,-0.0,2.92
2026-02-17 22:00:00-05:00,58.06,55.62,-0.0,2.44
2026-02-17 23:00:00-05:00,55.37,53.29,-0.0,2.08
2026-02-18 00:00:00-05:00,57.0,54.7,-0.0,2.3
2026-02-18 01:00:00-05:00,52.68,50.6,-0.0,2.08
2026-02-18 02:00:00-05:00,51.54,49.56,-0.0,1.98
2026-02-18 03:00:00-05:00,49.9,48.07,-0.0,1.83
2026-02-18 04:00:00-05:00,51.52,49.63,-0.0,1.89
2026-02-18 05:00:00-05:00,54.98,52.81,-0.0,2.17
2026-02-18 06:00:00-05:00,61.51,59.03,-0.0,2.48
2026-02-18 07:00:00-05:00,72.57,69.25,-0.0,3.32
2026-02-18 08:00:00-05:00,74.64,71.02,-0.0,3.62
2026-02-18 09:00:00-05:00,76.99,72.98,-0.0,4.01
2026-02-18 10:00:00-05:00,70.04,66.39,-0.0,3.65
2026-02-18 11:00:00-05:00,72.47,68.5,-0.0,3.97
2026-02-18 12:00:00-05:00,70.17,66.45,-0.0,3.72
2026-02-18 13:00:00-05:00,67.82,64.41,-0.0,3.41
2026-02-18 14:00:00-05:00,64.28,60.87,-0.0,3.41
2026-02-18 15:00:00-05:00,65.74,62.2,-0.0,3.54
2026-02-18 16:00:00-05:00,72.19,68.17,-0.0,4.02
2026-02-18 17:00:00-05:00,79.64,75.2,-0.0,4.44
2026-02-18 18:00:00-05:00,81.08,76.49,-0.0,4.59
2026-02-18 19:00:00-05:00,73.53,69.9,-0.0,3.63
2026-02-18 20:00:00-05:00,68.83,65.49,-0.0,3.34
2026-02-18 21:00:00-05:00,59.37,56.44,-0.0,2.93
2026-02-18 22:00:00-05:00,57.04,54.48,-0.0,2.56
2026-02-18 23:00:00-05:00,54.08,51.95,-0.0,2.13
2026-02-19 00:00:00-05:00,52.36,50.49,-0.0,1.87
2026-02-19 01:00:00-05:00,49.99,48.3,-0.0,1.69
2026-02-19 02:00:00-05:00,47.81,46.28,-0.0,1.53
2026-02-19 03:00:00-05:00,47.77,46.2,-0.0,1.57
2026-02-19 04:00:00-05:00,48.26,46.72,-0.0,1.54
2026-02-19 05:00:00-05:00,49.09,47.52,-0.0,1.57
2026-02-19 06:00:00-05:00,59.68,57.44,-0.0,2.24
2026-02-19 07:00:00-05:00,70.47,67.5,-0.0,2.97
2026-02-19 08:00:00-05:00,68.26,65.32,-0.0,2.94
2026-02-19 09:00:00-05:00,63.4,60.5,-0.0,2.9
2026-02-19 10:00:00-05:00,57.35,54.83,-0.0,2.52
2026-02-19 11:00:00-05:00,55.18,52.55,-0.0,2.63
2026-02-19 12:00:00-05:00,53.1,50.48,-0.0,2.62
2026-02-19 13:00:00-05:00,50.91,48.53,-0.0,2.38
2026-02-19 14:00:00-05:00,52.47,50.11,-0.0,2.36
2026-02-19 15:00:00-05:00,51.76,49.44,-0.0,2.32
2026-02-19 16:00:00-05:00,59.48,56.7,-0.0,2.78
2026-02-19 17:00:00-05:00,73.14,69.59,-0.0,3.55
2026-02-19 18:00:00-05:00,77.73,73.68,-0.0,4.05
2026-02-19 19:00:00-05:00,65.86,62.67,-0.0,3.19
2026-02-19 20:00:00-05:00,58.73,55.99,-0.0,2.74
2026-02-19 21:00:00-05:00,51.97,49.36,-0.0,2.61
2026-02-19 22:00:00-05:00,50.0,47.62,-0.0,2.38
2026-02-19 23:00:00-05:00,47.34,45.35,-0.0,1.99
2026-02-20 00:00:00-05:00,47.57,45.65,-0.0,1.92
2026-02-20 01:00:00-05:00,45.21,43.35,-0.0,1.86
2026-02-20 02:00:00-05:00,45.11,43.29,-0.0,1.82
2026-02-20 03:00:00-05:00,42.0,40.35,-0.0,1.65
2026-02-20 04:00:00-05:00,41.87,40.07,-0.0,1.8
2026-02-20 05:00:00-05:00,47.56,45.56,-0.0,2.0
2026-02-20 06:00:00-05:00,57.27,54.91,-0.0,2.36
2026-02-20 07:00:00-05:00,62.22,59.54,-0.0,2.68
2026-02-20 08:00:00-05:00,67.52,64.37,-0.0,3.15
2026-02-20 09:00:00-05:00,74.11,70.32,-0.0,3.79
2026-02-20 10:00:00-05:00,80.25,76.07,-0.0,4.18
2026-02-20 11:00:00-05:00,81.88,77.39,-0.0,4.49
2026-02-20 12:00:00-05:00,80.3,75.75,-0.0,4.55
2026-02-20 13:00:00-05:00,76.3,72.04,-0.06,4.32
2026-02-20 14:00:00-05:00,74.2,70.17,-0.11,4.14
2026-02-20 15:00:00-05:00,70.99,67.04,-0.0,3.95
2026-02-20 16:00:00-05:00,71.18,67.34,-0.0,3.84
2026-02-20 17:00:00-05:00,76.72,72.65,-0.0,4.07
2026-02-20 18:00:00-05:00,70.98,67.35,-0.0,3.63
2026-02-20 19:00:00-05:00,64.62,61.37,-0.0,3.25
2026-02-20 20:00:00-05:00,57.83,55.08,-0.0,2.75
2026-02-20 21:00:00-05:00,56.44,53.65,-0.0,2.79
2026-02-20 22:00:00-05:00,48.89,46.56,-0.0,2.33
2026-02-20 23:00:00-05:00,48.82,46.72,-0.0,2.1
2026-02-21 00:00:00-05:00,43.78,42.09,-0.0,1.69
2026-02-21 01:00:00-05:00,43.66,41.9,-0.0,1.76
2026-02-21 02:00:00-05:00,43.66,41.94,-0.0,1.72
2026-02-21 03:00:00-05:00,43.18,41.52,-0.0,1.66
2026-02-21 04:00:00-05:00,43.09,41.35,-0.0,1.74
2026-02-21 05:00:00-05:00,43.74,41.98,-0.0,1.76
2026-02-21 06:00:00-05:00,46.18,44.4,-0.0,1.78
2026-02-21 07:00:00-05:00,49.32,47.52,-0.0,1.8
2026-02-21 08:00:00-05:00,52.83,50.8,-0.0,2.03
2026-02-21 09:00:00-05:00,50.68,48.92,-0.0,1.76
2026-02-21 10:00:00-05:00,53.87,51.95,-0.0,1.92
2026-02-21 11:00:00-05:00,52.84,50.91,-0.0,1.93
2026-02-21 12:00:00-05:00,50.72,48.77,-0.0,1.95
2026-02-21 13:00:00-05:00,51.73,49.88,-0.0,1.85
2026-02-21 14:00:00-05:00,50.96,49.09,-0.0,1.87
2026-02-21 15:00:00-05:00,54.24,52.36,-0.0,1.88
2026-02-21 16:00:00-05:00,60.25,58.27,-0.0,1.98
2026-02-21 17:00:00-05:00,70.62,68.17,-0.0,2.45
2026-02-21 18:00:00-05:00,75.36,72.67,-0.0,2.69
2026-02-21 19:00:00-05:00,68.27,65.9,-0.0,2.37
2026-02-21 20:00:00-05:00,61.89,59.92,-0.0,1.97
2026-02-21 21:00:00-05:00,56.7,54.57,-0.0,2.13
2026-02-21 22:00:00-05:00,57.76,55.81,-0.0,1.95
2026-02-21 23:00:00-05:00,55.79,54.17,-0.0,1.62
2026-02-22 00:00:00-05:00,50.38,49.15,-0.0,1.23
2026-02-22 01:00:00-05:00,48.56,47.38,-0.0,1.18
2026-02-22 02:00:00-05:00,45.67,44.56,-0.0,1.11
2026-02-22 03:00:00-05:00,44.43,43.39,-0.0,1.04
2026-02-22 04:00:00-05:00,44.06,43.03,-0.0,1.03
2026-02-22 05:00:00-05:00,43.07,41.94,-0.0,1.13
2026-02-22 06:00:00-05:00,43.93,42.82,-0.0,1.11
2026-02-22 07:00:00-05:00,42.72,41.31,-0.0,1.41
2026-02-22 08:00:00-05:00,44.97,43.45,-0.0,1.52
2026-02-22 09:00:00-05:00,49.72,47.86,-0.0,1.86
2026-02-22 10:00:00-05:00,55.52,53.28,-0.0,2.24
2026-02-22 11:00:00-05:00,58.3,55.79,-0.0,2.51
2026-02-22 12:00:00-05:00,59.25,56.7,-0.0,2.55
2026-02-22 13:00:00-05:00,58.13,55.62,-0.0,2.51
2026-02-22 14:00:00-05:00,57.7,55.11,-0.0,2.59
2026-02-22 15:00:00-05:00,59.05,56.45,-0.0,2.6
2026-02-22 16:00:00-05:00,63.44,60.53,-0.0,2.91
2026-02-22 17:00:00-05:00,69.92,66.84,-0.0,3.08
2026-02-22 18:00:00-05:00,71.73,68.44,-0.0,3.29
2026-02-22 19:00:00-05:00,64.01,61.19,-0.0,2.82
2026-02-22 20:00:00-05:00,62.73,59.97,-0.0,2.76
2026-02-22 21:00:00-05:00,60.55,57.72,-0.0,2.83
2026-02-22 22:00:00-05:00,58.02,55.79,-0.0,2.23
2026-02-22 23:00:00-05:00,56.49,54.53,-0.0,1.96
2026-02-23 00:00:00-05:00,53.02,51.38,-0.0,1.64
2026-02-23 01:00:00-05:00,51.46,49.86,-0.0,1.6
2026-02-23 02:00:00-05:00,48.84,47.33,-0.0,1.51
2026-02-23 03:00:00-05:00,47.37,45.86,-0.0,1.51
2026-02-23 04:00:00-05:00,49.01,47.4,-0.0,1.61
2026-02-23 05:00:00-05:00,53.6,51.74,-0.0,1.86
2026-02-23 06:00:00-05:00,66.0,63.64,-0.0,2.36
2026-02-23 07:00:00-05:00,69.23,66.52,-0.02,2.73
2026-02-23 08:00:00-05:00,74.64,71.66,-0.03,3.01
2026-02-23 09:00:00-05:00,76.03,72.79,-0.04,3.28
2026-02-23 10:00:00-05:00,82.25,78.69,-0.06,3.62
2026-02-23 11:00:00-05:00,81.67,77.99,-0.06,3.74
2026-02-23 12:00:00-05:00,74.99,71.53,-0.04,3.5
2026-02-23 13:00:00-05:00,71.41,68.3,-0.03,3.14
2026-02-23 14:00:00-05:00,67.03,64.05,-0.03,3.01
2026-02-23 15:00:00-05:00,69.15,66.14,-0.03,3.04
2026-02-23 16:00:00-05:00,70.39,66.95,-0.04,3.48
2026-02-23 17:00:00-05:00,84.08,79.79,-0.02,4.31
2026-02-23 18:00:00-05:00,84.26,79.87,-0.0,4.39
2026-02-23 19:00:00-05:00,74.96,71.12,-0.0,3.84
2026-02-23 20:00:00-05:00,65.99,62.91,-0.0,3.08
2026-02-23 21:00:00-05:00,62.9,59.79,-0.0,3.11
2026-02-23 22:00:00-05:00,61.0,58.21,-0.0,2.79
2026-02-23 23:00:00-05:00,59.13,56.64,-0.0,2.49
2026-02-24 00:00:00-05:00,70.64,67.67,-0.0,2.97
2026-02-24 01:00:00-05:00,67.06,64.24,-0.0,2.82
2026-02-24 02:00:00-05:00,66.79,64.16,-0.0,2.63
2026-02-24 03:00:00-05:00,64.28,61.81,-0.0,2.47
2026-02-24 04:00:00-05:00,68.97,66.25,-0.0,2.72
2026-02-24 05:00:00-05:00,72.18,68.94,-0.0,3.24
2026-02-24 06:00:00-05:00,88.14,84.43,-0.0,3.71
2026-02-24 07:00:00-05:00,115.23,109.95,-0.0,5.28
2026-02-24 08:00:00-05:00,91.82,86.71,-0.0,5.11
2026-02-24 09:00:00-05:00,73.86,70.48,-0.0,3.38
2026-02-24 10:00:00-05:00,80.33,76.36,-0.0,3.97
2026-02-24 11:00:00-05:00,74.15,70.69,-0.0,3.46
2026-02-24 12:00:00-05:00,70.96,67.65,-0.0,3.31
2026-02-24 13:00:00-05:00,67.59,64.37,-0.0,3.22
2026-02-24 14:00:00-05:00,68.75,65.35,-0.0,3.4
2026-02-24 15:00:00-05:00,68.74,65.28,-0.0,3.46
2026-02-24 16:00:00-05:00,84.21,79.79,-0.05,4.47
2026-02-24 17:00:00-05:00,103.3,97.96,-0.04,5.38
2026-02-24 18:00:00-05:00,125.91,119.56,-0.1,6.45
2026-02-24 19:00:00-05:00,101.2,95.9,-0.07,5.37
2026-02-24 20:00:00-05:00,92.62,88.06,-0.1,4.66
2026-02-24 21:00:00-05:00,85.4,81.04,-0.09,4.45
2026-02-24 22:00:00-05:00,80.0,75.76,-0.0,4.24
2026-02-24 23:00:00-05:00,75.87,72.33,-0.0,3.54
2026-02-25 00:00:00-05:00,82.22,78.23,-0.0,3.99
2026-02-25 01:00:00-05:00,81.52,77.57,-0.0,3.95
2026-02-25 02:00:00-05:00,76.88,73.15,-0.0,3.73
2026-02-25 03:00:00-05:00,72.95,69.41,-0.0,3.54
2026-02-25 04:00:00-05:00,73.81,70.23,-0.0,3.58
2026-02-25 05:00:00-05:00,82.84,78.81,-0.07,4.1
2026-02-25 06:00:00-05:00,102.19,97.06,-0.2,5.33
2026-02-25 07:00:00-05:00,109.12,103.14,-0.0,5.98
2026-02-25 08:00:00-05:00,103.98,98.0,-0.0,5.98
2026-02-25 09:00:00-05:00,102.74,96.98,-0.16,5.92
2026-02-25 10:00:00-05:00,83.28,78.8,-0.01,4.49
2026-02-25 11:00:00-05:00,74.63,70.75,-0.01,3.89
2026-02-25 12:00:00-05:00,70.2,66.62,-0.01,3.59
2026-02-25 13:00:00-05:00,66.48,62.9,-0.0,3.58
2026-02-25 14:00:00-05:00,64.04,60.53,-0.0,3.51
2026-02-25 15:00:00-05:00,63.92,60.42,-0.0,3.5
2026-02-25 16:00:00-05:00,72.15,68.46,-0.0,3.69
2026-02-25 17:00:00-05:00,94.39,89.39,-0.0,5.0
2026-02-25 18:00:00-05:00,87.74,83.25,-0.0,4.49
2026-02-25 19:00:00-05:00,84.4,80.0,-0.0,4.4
2026-02-25 20:00:00-05:00,74.21,70.54,-0.0,3.67
2026-02-25 21:00:00-05:00,72.21,68.84,-0.0,3.37
2026-02-25 22:00:00-05:00,67.77,64.73,-0.0,3.04
2026-02-25 23:00:00-05:00,67.81,65.02,-0.0,2.79
2026-02-26 00:00:00-05:00,56.91,54.41,-0.0,2.5
2026-02-26 01:00:00-05:00,53.25,51.1,-0.0,2.15
2026-02-26 02:00:00-05:00,52.88,50.9,-0.0,1.98
2026-02-26 03:00:00-05:00,51.39,49.61,-0.0,1.78
2026-02-26 04:00:00-05:00,54.73,53.03,-0.0,1.7
2026-02-26 05:00:00-05:00,58.73,56.8,-0.0,1.93
2026-02-26 06:00:00-05:00,78.81,75.7,-0.0,3.11
2026-02-26 07:00:00-05:00,80.59,77.57,-0.0,3.02
2026-02-26 08:00:00-05:00,74.09,71.04,-0.0,3.05
2026-02-26 09:00:00-05:00,53.49,51.24,-0.0,2.25
2026-02-26 10:00:00-05:00,53.73,51.47,-0.0,2.26
2026-02-26 11:00:00-05:00,51.79,49.37,-0.0,2.42
2026-02-26 12:00:00-05:00,51.75,49.33,-0.0,2.42
2026-02-26 13:00:00-05:00,51.36,48.96,-0.0,2.4
2026-02-26 14:00:00-05:00,51.75,49.38,-0.0,2.37
2026-02-26 15:00:00-05:00,52.49,49.99,-0.0,2.5
2026-02-26 16:00:00-05:00,60.47,57.81,-0.0,2.66
2026-02-26 17:00:00-05:00,83.39,79.72,-0.0,3.67
2026-02-26 18:00:00-05:00,89.26,85.74,-0.0,3.52
2026-02-26 19:00:00-05:00,83.47,79.8,-0.0,3.67
2026-02-26 20:00:00-05:00,73.92,71.07,-0.0,2.85
2026-02-26 21:00:00-05:00,68.46,65.64,-0.0,2.82
2026-02-26 22:00:00-05:00,65.47,63.07,-0.0,2.4
2026-02-26 23:00:00-05:00,67.13,64.86,-0.0,2.27
2026-02-27 00:00:00-05:00,52.76,50.98,-0.0,1.78
2026-02-27 01:00:00-05:00,48.83,47.36,-0.0,1.47
2026-02-27 02:00:00-05:00,47.83,46.39,-0.0,1.44
2026-02-27 03:00:00-05:00,46.86,45.37,-0.0,1.49
2026-02-27 04:00:00-05:00,47.87,46.34,-0.0,1.53
2026-02-27 05:00:00-05:00,52.22,50.41,-0.0,1.81
2026-02-27 06:00:00-05:00,68.93,66.21,-0.0,2.72
2026-02-27 07:00:00-05:00,71.3,68.43,-0.0,2.87
2026-02-27 08:00:00-05:00,56.36,53.99,-0.0,2.37
2026-02-27 09:00:00-05:00,48.16,46.08,-0.0,2.08
2026-02-27 10:00:00-05:00,45.88,43.74,-0.0,2.14
2026-02-27 11:00:00-05:00,42.32,40.23,-0.0,2.09
2026-02-27 12:00:00-05:00,41.79,39.65,-0.0,2.14
2026-02-27 13:00:00-05:00,40.73,38.64,-0.0,2.09
2026-02-27 14:00:00-05:00,40.88,38.75,-0.0,2.13
2026-02-27 15:00:00-05:00,41.85,39.63,-0.0,2.22
2026-02-27 16:00:00-05:00,50.45,47.73,-0.0,2.72
2026-02-27 17:00:00-05:00,62.85,59.58,-0.0,3.27
2026-02-27 18:00:00-05:00,67.08,63.52,-0.0,3.56
2026-02-27 19:00:00-05:00,56.09,53.12,-0.0,2.97
2026-02-27 20:00:00-05:00,49.44,46.82,-0.0,2.62
2026-02-27 21:00:00-05:00,47.73,44.94,-0.0,2.79
2026-02-27 22:00:00-05:00,46.37,43.83,-0.0,2.54
2026-02-27 23:00:00-05:00,44.53,42.25,-0.0,2.28
2026-02-28 00:00:00-05:00,41.28,39.2,-0.0,2.08
2026-02-28 01:00:00-05:00,40.33,38.27,-0.0,2.06
2026-02-28 02:00:00-05:00,37.66,35.8,-0.0,1.86
2026-02-28 03:00:00-05:00,38.61,36.77,-0.0,1.84
2026-02-28 04:00:00-05:00,38.39,36.56,-0.0,1.83
2026-02-28 05:00:00-05:00,39.75,36.17,1.74,1.84
2026-02-28 06:00:00-05:00,41.89,39.93,-0.0,1.96
2026-02-28 07:00:00-05:00,44.57,42.45,-0.0,2.12
2026-02-28 08:00:00-05:00,42.49,40.39,-0.0,2.1
2026-02-28 09:00:00-05:00,40.66,38.72,-0.0,1.94
2026-02-28 10:00:00-05:00,38.14,36.36,-0.0,1.78
2026-02-28 11:00:00-05:00,36.28,34.59,-0.0,1.69
2026-02-28 12:00:00-05:00,34.69,33.1,-0.0,1.59
2026-02-28 13:00:00-05:00,34.09,32.59,-0.0,1.5
2026-02-28 14:00:00-05:00,34.14,32.61,-0.0,1.53
2026-02-28 15:00:00-05:00,34.47,32.89,-0.0,1.58
2026-02-28 16:00:00-05:00,42.37,40.54,-0.0,1.83
2026-02-28 17:00:00-05:00,55.98,53.82,-0.0,2.16
2026-02-28 18:00:00-05:00,66.04,63.36,0.14,2.54
2026-02-28 19:00:00-05:00,57.86,55.79,-0.0,2.07
2026-02-28 20:00:00-05:00,55.85,54.01,-0.0,1.84
2026-02-28 21:00:00-05:00,55.82,53.98,-0.0,1.84
2026-02-28 22:00:00-05:00,52.79,51.2,-0.0,1.59
2026-02-28 23:00:00-05:00,50.17,48.66,-0.0,1.51
2026-03-01 00:00:00-05:00,50.55,48.75,-0.0,1.8
2026-03-01 01:00:00-05:00,48.59,46.95,-0.0,1.64
2026-03-01 02:00:00-05:00,47.08,45.45,-0.0,1.63
2026-03-01 03:00:00-05:00,45.09,43.57,-0.0,1.52
2026-03-01 04:00:00-05:00,44.96,43.61,-0.0,1.35
2026-03-01 05:00:00-05:00,44.04,42.55,-0.0,1.49
2026-03-01 06:00:00-05:00,49.0,47.44,-0.0,1.56
2026-03-01 07:00:00-05:00,48.84,47.51,-0.0,1.33
2026-03-01 08:00:00-05:00,51.94,50.09,-0.0,1.85
2026-03-01 09:00:00-05:00,51.98,49.98,-0.0,2.0
2026-03-01 10:00:00-05:00,66.3,63.51,-0.0,2.79
2026-03-01 11:00:00-05:00,66.09,63.24,-0.0,2.85
2026-03-01 12:00:00-05:00,64.31,61.48,-0.0,2.83
2026-03-01 13:00:00-05:00,61.96,59.07,-0.0,2.89
2026-03-01 14:00:00-05:00,61.54,58.61,-0.0,2.93
2026-03-01 15:00:00-05:00,59.3,56.58,-0.0,2.72
2026-03-01 16:00:00-05:00,66.84,63.66,-0.0,3.18
2026-03-01 17:00:00-05:00,96.72,85.48,6.54,4.7
2026-03-01 18:00:00-05:00,96.33,80.72,11.01,4.6
2026-03-01 19:00:00-05:00,90.24,77.19,8.81,4.24
2026-03-01 20:00:00-05:00,88.05,76.17,8.37,3.51
2026-03-01 21:00:00-05:00,82.77,76.1,2.56,4.11
2026-03-01 22:00:00-05:00,79.44,75.87,-0.0,3.57
2026-03-01 23:00:00-05:00,73.78,71.22,-0.0,2.56
2026-03-02 00:00:00-05:00,81.18,78.28,-0.0,2.9
2026-03-02 01:00:00-05:00,78.41,75.69,-0.0,2.72
2026-03-02 02:00:00-05:00,75.34,73.0,-0.0,2.34
2026-03-02 03:00:00-05:00,81.59,79.06,-0.0,2.53
2026-03-02 04:00:00-05:00,85.95,83.04,-0.0,2.91
2026-03-02 05:00:00-05:00,102.3,98.56,-0.0,3.74
2026-03-02 06:00:00-05:00,143.33,137.55,-0.0,5.78
2026-03-02 07:00:00-05:00,165.63,158.34,-0.0,7.29
2026-03-02 08:00:00-05:00,107.79,103.05,-0.0,4.74
2026-03-02 09:00:00-05:00,75.41,71.82,-0.0,3.59
2026-03-02 10:00:00-05:00,70.91,69.78,-2.92,4.05
2026-03-02 11:00:00-05:00,65.84,63.84,-1.89,3.89
2026-03-02 12:00:00-05:00,62.01,58.56,-0.3,3.75
2026-03-02 13:00:00-05:00,57.75,55.4,-1.25,3.6
2026-03-02 14:00:00-05:00,56.87,54.08,-0.78,3.57
2026-03-02 15:00:00-05:00,62.41,55.44,3.59,3.38
2026-03-02 16:00:00-05:00,72.34,70.45,-2.12,4.01
2026-03-02 17:00:00-05:00,127.93,121.38,-0.0,6.55
2026-03-02 18:00:00-05:00,166.77,157.78,-0.0,8.99
2026-03-02 19:00:00-05:00,138.98,131.99,-0.0,6.99
2026-03-02 20:00:00-05:00,99.84,94.07,0.79,4.98
2026-03-02 21:00:00-05:00,85.87,81.71,-0.0,4.16
2026-03-02 22:00:00-05:00,77.8,73.96,-0.0,3.84
2026-03-02 23:00:00-05:00,75.05,71.54,-0.0,3.51
2026-03-03 00:00:00-05:00,64.32,61.79,-0.0,2.53
2026-03-03 01:00:00-05:00,61.85,59.53,-0.0,2.32
2026-03-03 02:00:00-05:00,59.0,56.79,-0.0,2.21
2026-03-03 03:00:00-05:00,58.58,56.44,-0.0,2.14
2026-03-03 04:00:00-05:00,58.03,56.02,-0.0,2.01
2026-03-03 05:00:00-05:00,58.03,61.16,-5.45,2.32
2026-03-03 06:00:00-05:00,68.15,71.56,-5.91,2.5
2026-03-03 07:00:00-05:00,75.54,78.07,-5.66,3.13
2026-03-03 08:00:00-05:00,65.58,75.95,-14.39,4.02
2026-03-03 09:00:00-05:00,64.09,75.09,-15.2,4.2
2026-03-03 10:00:00-05:00,62.78,67.06,-7.16,2.88
2026-03-03 11:00:00-05:00,62.58,66.8,-7.23,3.01
2026-03-03 12:00:00-05:00,60.96,65.23,-7.21,2.94
2026-03-03 13:00:00-05:00,59.62,63.76,-6.88,2.74
2026-03-03 14:00:00-05:00,61.22,65.05,-6.95,3.12
2026-03-03 15:00:00-05:00,66.63,70.74,-7.15,3.04
2026-03-03 16:00:00-05:00,62.63,66.44,-6.66,2.85
2026-03-03 17:00:00-05:00,70.59,75.71,-8.68,3.56
2026-03-03 18:00:00-05:00,71.35,76.03,-8.25,3.57
2026-03-03 19:00:00-05:00,70.34,74.55,-7.11,2.9
2026-03-03 20:00:00-05:00,67.14,69.06,-4.27,2.35
2026-03-03 21:00:00-05:00,63.13,63.74,-2.78,2.17
2026-03-03 22:00:00-05:00,61.82,60.65,-0.59,1.76
2026-03-03 23:00:00-05:00,58.41,57.21,-0.0,1.2
2026-03-04 00:00:00-05:00,50.1,48.83,-0.0,1.27
2026-03-04 01:00:00-05:00,45.76,44.78,-0.0,0.98
2026-03-04 02:00:00-05:00,44.95,43.9,-0.0,1.05
2026-03-04 03:00:00-05:00,42.28,41.41,-0.0,0.87
2026-03-04 04:00:00-05:00,42.17,41.22,-0.0,0.95
2026-03-04 05:00:00-05:00,49.05,47.85,-0.0,1.2
2026-03-04 06:00:00-05:00,62.5,60.51,-0.0,1.99
2026-03-04 07:00:00-05:00,69.11,66.97,-0.0,2.14
2026-03-04 08:00:00-05:00,60.88,58.82,-0.0,2.06
2026-03-04 09:00:00-05:00,51.32,49.44,-0.0,1.88
2026-03-04 10:00:00-05:00,47.6,45.51,-0.0,2.09
2026-03-04 11:00:00-05:00,43.71,41.67,-0.0,2.04
2026-03-04 12:00:00-05:00,39.55,37.74,-0.0,1.81
2026-03-04 13:00:00-05:00,35.55,34.05,-0.0,1.5
2026-03-04 14:00:00-05:00,36.18,34.62,-0.0,1.56
2026-03-04 15:00:00-05:00,40.46,38.79,-0.0,1.67
2026-03-04 16:00:00-05:00,48.96,46.81,-0.0,2.15
2026-03-04 17:00:00-05:00,61.08,58.79,-0.0,2.29
2026-03-04 18:00:00-05:00,70.61,67.83,-0.0,2.78
2026-03-04 19:00:00-05:00,62.1,59.71,-0.0,2.39
2026-03-04 20:00:00-05:00,55.19,53.22,-0.0,1.97
2026-03-04 21:00:00-05:00,50.94,49.17,-0.0,1.77
2026-03-04 22:00:00-05:00,50.65,48.94,-0.0,1.71
2026-03-04 23:00:00-05:00,45.03,43.67,-0.0,1.36
2026-03-05 00:00:00-05:00,44.07,42.79,-0.0,1.28
2026-03-05 01:00:00-05:00,41.6,40.51,-0.0,1.09
2026-03-05 02:00:00-05:00,40.73,39.74,-0.0,0.99
2026-03-05 03:00:00-05:00,39.85,38.8,-0.0,1.05
2026-03-05 04:00:00-05:00,40.8,39.88,-0.0,0.92
2026-03-05 05:00:00-05:00,43.4,42.09,-0.0,1.31
2026-03-05 06:00:00-05:00,54.73,52.93,-0.0,1.8
2026-03-05 07:00:00-05:00,60.48,58.15,-0.0,2.33
2026-03-05 08:00:00-05:00,58.27,55.87,-0.0,2.4
2026-03-05 09:00:00-05:00,52.36,49.5,0.58,2.28
2026-03-05 10:00:00-05:00,52.24,49.01,1.08,2.15
2026-03-05 11:00:00-05:00,50.68,47.32,1.18,2.18
2026-03-05 12:00:00-05:00,50.07,46.51,1.52,2.04
2026-03-05 13:00:00-05:00,48.46,44.97,1.56,1.93
2026-03-05 14:00:00-05:00,48.18,44.65,1.61,1.92
2026-03-05 15:00:00-05:00,51.62,48.44,1.0,2.18
2026-03-05 16:00:00-05:00,55.52,52.75,0.24,2.53
2026-03-05 17:00:00-05:00,61.37,57.55,0.89,2.93
2026-03-05 18:00:00-05:00,62.05,59.1,-0.0,2.95
2026-03-05 19:00:00-05:00,58.69,55.45,0.41,2.83
2026-03-05 20:00:00-05:00,53.31,50.89,0.08,2.34
2026-03-05 21:00:00-05:00,52.03,49.7,0.09,2.24
2026-03-05 22:00:00-05:00,46.23,44.37,-0.0,1.86
2026-03-05 23:00:00-05:00,41.98,40.44,-0.0,1.54
2026-03-06 00:00:00-05:00,46.9,45.36,-0.0,1.54
2026-03-06 01:00:00-05:00,44.19,42.78,-0.0,1.41
2026-03-06 02:00:00-05:00,43.84,42.56,-0.0,1.28
2026-03-06 03:00:00-05:00,43.86,42.67,-0.0,1.19
2026-03-06 04:00:00-05:00,44.13,42.8,-0.0,1.33
2026-03-06 05:00:00-05:00,47.87,46.21,-0.0,1.66
2026-03-06 06:00:00-05:00,57.27,55.12,-0.0,2.15
2026-03-06 07:00:00-05:00,68.8,66.09,-0.0,2.71
2026-03-06 08:00:00-05:00,68.99,66.15,-0.0,2.84
2026-03-06 09:00:00-05:00,64.07,61.31,-0.0,2.76
2026-03-06 10:00:00-05:00,74.15,70.62,-0.0,3.53
2026-03-06 11:00:00-05:00,59.42,56.65,-0.0,2.77
2026-03-06 12:00:00-05:00,54.31,51.82,-0.0,2.49
2026-03-06 13:00:00-05:00,53.0,50.62,-0.0,2.38
2026-03-06 14:00:00-05:00,50.46,48.15,-0.0,2.31
2026-03-06 15:00:00-05:00,53.31,50.77,-0.0,2.54
2026-03-06 16:00:00-05:00,55.38,52.74,-0.0,2.64
2026-03-06 17:00:00-05:00,64.09,60.81,-0.0,3.28
2026-03-06 18:00:00-05:00,63.3,59.95,-0.0,3.35
2026-03-06 19:00:00-05:00,55.2,52.57,-0.0,2.63
2026-03-06 20:00:00-05:00,51.19,48.66,-0.0,2.53
2026-03-06 21:00:00-05:00,50.06,47.59,-0.0,2.47
2026-03-06 22:00:00-05:00,49.36,46.97,-0.0,2.39
2026-03-06 23:00:00-05:00,41.33,39.36,-0.0,1.97
2026-03-07 00:00:00-05:00,46.5,44.08,-0.0,2.42
2026-03-07 01:00:00-05:00,40.81,38.76,-0.0,2.05
2026-03-07 02:00:00-05:00,40.25,38.19,-0.0,2.06
2026-03-07 03:00:00-05:00,37.74,35.88,-0.0,1.86
2026-03-07 04:00:00-05:00,35.41,33.69,-0.0,1.72
2026-03-07 05:00:00-05:00,38.68,36.77,-0.0,1.91
2026-03-07 06:00:00-05:00,44.9,42.6,-0.0,2.3
2026-03-07 07:00:00-05:00,47.45,44.85,-0.0,2.6
2026-03-07 08:00:00-05:00,47.99,45.32,-0.0,2.67
2026-03-07 09:00:00-05:00,45.15,42.68,-0.0,2.47
2026-03-07 10:00:00-05:00,44.16,41.7,-0.0,2.46
2026-03-07 11:00:00-05:00,42.44,39.89,-0.0,2.55
2026-03-07 12:00:00-05:00,39.06,36.64,-0.0,2.42
2026-03-07 13:00:00-05:00,38.9,36.56,-0.0,2.34
2026-03-07 14:00:00-05:00,38.9,36.56,-0.0,2.34
2026-03-07 15:00:00-05:00,38.43,36.12,-0.0,2.31
2026-03-07 16:00:00-05:00,43.78,41.22,-0.0,2.56
2026-03-07 17:00:00-05:00,54.82,51.57,-0.0,3.25
2026-03-07 18:00:00-05:00,58.17,54.57,-0.0,3.6
2026-03-07 19:00:00-05:00,51.47,48.42,-0.0,3.05
2026-03-07 20:00:00-05:00,47.89,45.09,-0.0,2.8
2026-03-07 21:00:00-05:00,43.96,41.35,-0.0,2.61
2026-03-07 22:00:00-05:00,40.2,37.89,-0.0,2.31
2026-03-07 23:00:00-05:00,34.57,32.61,-0.0,1.96
2026-03-08 00:00:00-05:00,39.99,37.83,-0.0,2.16
2026-03-08 01:00:00-05:00,36.96,35.07,-0.0,1.89
2026-03-08 03:00:00-04:00,35.96,34.41,-0.0,1.55
2026-03-08 04:00:00-04:00,31.46,29.96,-0.0,1.5
2026-03-08 05:00:00-04:00,32.05,30.44,-0.0,1.61
2026-03-08 06:00:00-04:00,35.3,33.52,-0.0,1.78
2026-03-08 07:00:00-04:00,38.56,36.55,-0.0,2.01
2026-03-08 08:00:00-04:00,39.02,36.95,-0.0,2.07
2026-03-08 09:00:00-04:00,38.62,36.5,-0.0,2.12
2026-03-08 10:00:00-04:00,38.14,35.88,-0.0,2.26
2026-03-08 11:00:00-04:00,34.2,32.23,-0.0,1.97
2026-03-08 12:00:00-04:00,31.2,29.46,-0.0,1.74
2026-03-08 13:00:00-04:00,28.07,26.43,-0.0,1.64
2026-03-08 14:00:00-04:00,24.66,23.18,-0.0,1.48
2026-03-08 15:00:00-04:00,23.56,22.08,-0.0,1.48
2026-03-08 16:00:00-04:00,29.62,27.84,-0.0,1.78
2026-03-08 17:00:00-04:00,36.02,33.82,-0.0,2.2
2026-03-08 18:00:00-04:00,51.95,48.92,-0.0,3.03
2026-03-08 19:00:00-04:00,57.11,53.93,-0.0,3.18
2026-03-08 20:00:00-04:00,52.04,49.23,-0.0,2.81
2026-03-08 21:00:00-04:00,42.81,40.5,-0.0,2.31
2026-03-08 22:00:00-04:00,38.35,36.46,-0.0,1.89
2026-03-08 23:00:00-04:00,34.39,32.78,-0.0,1.61
2026-03-09 00:00:00-04:00,35.31,33.99,-0.0,1.32
2026-03-09 01:00:00-04:00,32.33,31.15,-0.0,1.18
2026-03-09 02:00:00-04:00,31.13,29.99,-0.0,1.14
2026-03-09 03:00:00-04:00,31.58,30.54,-0.0,1.04
2026-03-09 04:00:00-04:00,32.93,31.91,-0.0,1.02
2026-03-09 05:00:00-04:00,36.71,35.47,-0.0,1.24
2026-03-09 06:00:00-04:00,52.77,51.03,-0.0,1.74
2026-03-09 07:00:00-04:00,72.79,69.99,-0.0,2.8
2026-03-09 08:00:00-04:00,55.68,53.54,-0.0,2.14
2026-03-09 09:00:00-04:00,33.42,31.98,-0.0,1.44
2026-03-09 10:00:00-04:00,31.77,30.29,-0.0,1.48
2026-03-09 11:00:00-04:00,30.36,28.83,-0.0,1.53
2026-03-09 12:00:00-04:00,27.35,25.95,-0.0,1.4
2026-03-09 13:00:00-04:00,25.12,23.79,-0.0,1.33
2026-03-09 14:00:00-04:00,25.2,23.82,-0.0,1.38
2026-03-09 15:00:00-04:00,26.03,24.56,-0.0,1.47
2026-03-09 16:00:00-04:00,32.17,30.41,-0.0,1.76
2026-03-09 17:00:00-04:00,43.54,41.27,-0.0,2.27
2026-03-09 18:00:00-04:00,58.6,55.86,-0.0,2.74
2026-03-09 19:00:00-04:00,64.87,61.84,-0.0,3.03
2026-03-09 20:00:00-04:00,55.91,53.5,-0.0,2.41
2026-03-09 21:00:00-04:00,46.21,44.18,-0.0,2.03
2026-03-09 22:00:00-04:00,40.27,38.68,-0.0,1.59
2026-03-09 23:00:00-04:00,36.02,34.73,-0.0,1.29
2026-03-10 00:00:00-04:00,33.81,32.73,-0.0,1.08
2026-03-10 01:00:00-04:00,31.1,30.14,-0.0,0.96
2026-03-10 02:00:00-04:00,30.29,29.41,-0.0,0.88
2026-03-10 03:00:00-04:00,29.54,28.85,-0.0,0.69
2026-03-10 04:00:00-04:00,31.87,31.18,-0.0,0.69
2026-03-10 05:00:00-04:00,38.16,37.34,-0.0,0.82
2026-03-10 06:00:00-04:00,51.12,49.97,-0.0,1.15
2026-03-10 07:00:00-04:00,83.82,81.15,-0.0,2.67
2026-03-10 08:00:00-04:00,58.27,56.69,-0.0,1.58
2026-03-10 09:00:00-04:00,40.27,39.06,-0.0,1.21
2026-03-10 10:00:00-04:00,34.83,33.62,-0.0,1.21
2026-03-10 11:00:00-04:00,32.34,31.22,-0.0,1.12
2026-03-10 12:00:00-04:00,31.46,30.37,-0.0,1.09
2026-03-10 13:00:00-04:00,30.73,29.58,-0.0,1.15
2026-03-10 14:00:00-04:00,30.68,29.44,-0.0,1.24
2026-03-10 15:00:00-04:00,33.69,32.33,-0.0,1.36
2026-03-10 16:00:00-04:00,39.67,38.04,-0.0,1.63
2026-03-10 17:00:00-04:00,46.56,44.94,-0.0,1.62
2026-03-10 18:00:00-04:00,58.55,56.79,-0.0,1.76
2026-03-10 19:00:00-04:00,71.05,68.65,-0.0,2.4
2026-03-10 20:00:00-04:00,57.87,56.13,-0.0,1.74
2026-03-10 21:00:00-04:00,47.7,46.35,-0.0,1.35
2026-03-10 22:00:00-04:00,44.55,43.42,-0.0,1.13
2026-03-10 23:00:00-04:00,37.29,36.42,-0.0,0.87
2026-03-11 00:00:00-04:00,35.26,34.4,-0.0,0.86
2026-03-11 01:00:00-04:00,33.05,32.21,-0.0,0.84
2026-03-11 02:00:00-04:00,31.54,30.68,-0.0,0.86
2026-03-11 03:00:00-04:00,30.47,29.67,-0.0,0.8
2026-03-11 04:00:00-04:00,30.41,29.7,-0.0,0.71
2026-03-11 05:00:00-04:00,33.6,32.65,-0.0,0.95
2026-03-11 06:00:00-04:00,46.69,45.33,-0.0,1.36
2026-03-11 07:00:00-04:00,56.56,54.6,-0.0,1.96
2026-03-11 08:00:00-04:00,50.24,48.78,-0.0,1.46
2026-03-11 09:00:00-04:00,42.33,41.1,-0.0,1.23
2026-03-11 10:00:00-04:00,42.34,40.95,-0.0,1.39
2026-03-11 11:00:00-04:00,38.0,36.72,-0.0,1.28
2026-03-11 12:00:00-04:00,37.33,36.07,-0.0,1.26
2026-03-11 13:00:00-04:00,36.88,35.46,-0.0,1.42
2026-03-11 14:00:00-04:00,38.71,37.29,-0.0,1.42
2026-03-11 15:00:00-04:00,41.81,40.2,-0.0,1.61
2026-03-11 16:00:00-04:00,46.02,44.08,-0.0,1.94
2026-03-11 17:00:00-04:00,48.16,46.18,-0.0,1.98
2026-03-11 18:00:00-04:00,55.41,53.13,-0.0,2.28
2026-03-11 19:00:00-04:00,56.18,54.07,-0.0,2.11
2026-03-11 20:00:00-04:00,54.62,52.47,-0.0,2.15
2026-03-11 21:00:00-04:00,48.45,46.68,-0.0,1.77
2026-03-11 22:00:00-04:00,39.75,38.41,-0.0,1.34
2026-03-11 23:00:00-04:00,34.52,33.38,-0.0,1.14
2026-03-12 00:00:00-04:00,31.08,30.06,-0.0,1.02
2026-03-12 01:00:00-04:00,29.42,28.48,-0.0,0.94
2026-03-12 02:00:00-04:00,27.83,26.99,-0.0,0.84
2026-03-12 03:00:00-04:00,27.44,26.59,-0.0,0.85
2026-03-12 04:00:00-04:00,27.78,27.05,-0.0,0.73
2026-03-12 05:00:00-04:00,29.97,29.1,-0.0,0.87
2026-03-12 06:00:00-04:00,36.46,35.36,-0.0,1.1
2026-03-12 07:00:00-04:00,48.28,46.74,-0.0,1.54
2026-03-12 08:00:00-04:00,47.09,45.72,-0.0,1.37
2026-03-12 09:00:00-04:00,46.41,44.97,-0.0,1.44
2026-03-12 10:00:00-04:00,43.98,42.45,-0.0,1.53
2026-03-12 11:00:00-04:00,43.16,41.7,-0.0,1.46
2026-03-12 12:00:00-04:00,42.68,41.08,-0.0,1.6
2026-03-12 13:00:00-04:00,38.45,36.9,-0.0,1.55
2026-03-12 14:00:00-04:00,38.07,36.5,-0.0,1.57
2026-03-12 15:00:00-04:00,36.92,35.43,-0.0,1.49
2026-03-12 16:00:00-04:00,42.7,40.94,-0.0,1.76
2026-03-12 17:00:00-04:00,51.4,49.24,-0.0,2.16
2026-03-12 18:00:00-04:00,54.69,52.64,-0.0,2.05
2026-03-12 19:00:00-04:00,59.93,57.62,-0.0,2.31
2026-03-12 20:00:00-04:00,61.49,59.07,-0.0,2.42
2026-03-12 21:00:00-04:00,48.65,47.01,-0.0,1.64
2026-03-12 22:00:00-04:00,43.9,42.46,-0.0,1.44
2026-03-12 23:00:00-04:00,39.17,38.21,-0.0,0.96
2026-03-13 00:00:00-04:00,47.72,46.24,-0.0,1.48
2026-03-13 01:00:00-04:00,41.1,40.02,-0.0,1.08
2026-03-13 02:00:00-04:00,39.59,38.62,-0.0,0.97
2026-03-13 03:00:00-04:00,40.07,39.06,-0.0,1.01
2026-03-13 04:00:00-04:00,40.72,39.73,-0.0,0.99
2026-03-13 05:00:00-04:00,45.27,43.99,-0.0,1.28
2026-03-13 06:00:00-04:00,62.45,60.51,-0.0,1.94
2026-03-13 07:00:00-04:00,76.14,73.57,-0.0,2.57
2026-03-13 08:00:00-04:00,59.8,57.89,-0.0,1.91
2026-03-13 09:00:00-04:00,46.93,45.48,-0.0,1.45
2026-03-13 10:00:00-04:00,42.6,41.2,-0.0,1.4
2026-03-13 11:00:00-04:00,43.43,41.88,-0.0,1.55
2026-03-13 12:00:00-04:00,40.45,39.01,-0.0,1.44
2026-03-13 13:00:00-04:00,43.49,41.9,-0.0,1.59
2026-03-13 14:00:00-04:00,43.39,41.76,-0.0,1.63
2026-03-13 15:00:00-04:00,44.5,42.71,-0.0,1.79
2026-03-13 16:00:00-04:00,49.25,47.35,-0.0,1.9
2026-03-13 17:00:00-04:00,54.84,52.68,-0.0,2.16
2026-03-13 18:00:00-04:00,61.41,59.05,-0.0,2.36
2026-03-13 19:00:00-04:00,67.61,65.01,-0.0,2.6
2026-03-13 20:00:00-04:00,57.74,55.63,-0.0,2.11
2026-03-13 21:00:00-04:00,55.11,53.3,-0.0,1.81
2026-03-13 22:00:00-04:00,50.1,48.41,-0.0,1.69
2026-03-13 23:00:00-04:00,45.76,44.21,-0.0,1.55
2026-03-14 00:00:00-04:00,42.46,41.14,-0.0,1.32
2026-03-14 01:00:00-04:00,41.6,40.39,-0.0,1.21
2026-03-14 02:00:00-04:00,37.99,36.96,-0.0,1.03
2026-03-14 03:00:00-04:00,37.57,36.58,-0.0,0.99
2026-03-14 04:00:00-04:00,38.04,37.15,-0.0,0.89
2026-03-14 05:00:00-04:00,40.16,39.18,-0.0,0.98
2026-03-14 06:00:00-04:00,46.45,45.19,-0.0,1.26
2026-03-14 07:00:00-04:00,51.72,50.36,-0.0,1.36
2026-03-14 08:00:00-04:00,48.4,47.08,-0.0,1.32
2026-03-14 09:00:00-04:00,42.92,41.83,-0.0,1.09
2026-03-14 10:00:00-04:00,39.3,38.34,-0.0,0.96
2026-03-14 11:00:00-04:00,37.18,36.17,-0.0,1.01
2026-03-14 12:00:00-04:00,33.5,32.59,-0.0,0.91
2026-03-14 13:00:00-04:00,29.78,28.88,-0.0,0.9
2026-03-14 14:00:00-04:00,28.23,27.46,-0.0,0.77
2026-03-14 15:00:00-04:00,30.04,29.14,-0.0,0.9
2026-03-14 16:00:00-04:00,33.28,32.25,-0.0,1.03
2026-03-14 17:00:00-04:00,42.83,41.38,-0.0,1.45
2026-03-14 18:00:00-04:00,56.61,54.86,-0.0,1.75
2026-03-14 19:00:00-04:00,61.75,59.66,-0.0,2.09
2026-03-14 20:00:00-04:00,57.14,55.32,-0.0,1.82
2026-03-14 21:00:00-04:00,52.92,51.33,-0.0,1.59
2026-03-14 22:00:00-04:00,49.59,48.15,-0.0,1.44
2026-03-14 23:00:00-04:00,44.03,42.87,-0.0,1.16
2026-03-15 00:00:00-04:00,50.0,48.64,-0.0,1.36
2026-03-15 01:00:00-04:00,48.0,46.74,-0.0,1.26
2026-03-15 02:00:00-04:00,44.66,43.57,-0.0,1.09
2026-03-15 03:00:00-04:00,43.87,42.8,-0.0,1.07
2026-03-15 04:00:00-04:00,45.04,43.94,-0.0,1.1
2026-03-15 05:00:00-04:00,45.67,44.56,-0.0,1.11
2026-03-15 06:00:00-04:00,47.58,46.33,-0.0,1.25
2026-03-15 07:00:00-04:00,52.82,51.38,-0.0,1.44
2026-03-15 08:00:00-04:00,49.68,48.28,-0.0,1.4
2026-03-15 09:00:00-04:00,47.37,45.99,-0.0,1.38
2026-03-15 10:00:00-04:00,42.68,41.44,-0.0,1.24
2026-03-15 11:00:00-04:00,40.59,39.49,-0.0,1.1
2026-03-15 12:00:00-04:00,37.79,36.76,-0.0,1.03
2026-03-15 13:00:00-04:00,34.5,33.46,-0.0,1.04
2026-03-15 14:00:00-04:00,34.61,33.51,-0.0,1.1
2026-03-15 15:00:00-04:00,35.5,34.23,-0.0,1.27
2026-03-15 16:00:00-04:00,41.29,39.74,-0.0,1.55
2026-03-15 17:00:00-04:00,51.3,49.28,-0.0,2.02
2026-03-15 18:00:00-04:00,61.83,59.51,-0.0,2.32
2026-03-15 19:00:00-04:00,75.45,72.41,-0.0,3.04
2026-03-15 20:00:00-04:00,64.91,62.48,-0.0,2.43
2026-03-15 21:00:00-04:00,55.16,53.19,-0.0,1.97
2026-03-15 22:00:00-04:00,48.62,46.98,-0.0,1.64
2026-03-15 23:00:00-04:00,43.18,41.8,-0.0,1.38
2026-03-16 00:00:00-04:00,41.87,40.42,-0.0,1.45
2026-03-16 01:00:00-04:00,39.95,38.56,-0.0,1.39
2026-03-16 02:00:00-04:00,39.09,37.73,-0.0,1.36
2026-03-16 03:00:00-04:00,37.74,36.46,-0.0,1.28
2026-03-16 04:00:00-04:00,37.6,36.4,-0.0,1.2
2026-03-16 05:00:00-04:00,40.64,39.19,-0.0,1.45
2026-03-16 06:00:00-04:00,51.11,48.96,-0.0,2.15
2026-03-16 07:00:00-04:00,68.76,46.89,19.99,1.88
2026-03-16 08:00:00-04:00,59.2,56.71,-0.0,2.49
2026-03-16 09:00:00-04:00,59.41,56.53,-0.0,2.88
2026-03-16 10:00:00-04:00,58.21,52.6,3.03,2.58
2026-03-16 11:00:00-04:00,55.62,48.67,4.61,2.34
2026-03-16 12:00:00-04:00,54.93,48.35,4.35,2.23
2026-03-16 13:00:00-04:00,54.69,47.05,5.38,2.26
2026-03-16 14:00:00-04:00,53.05,46.34,4.49,2.22
2026-03-16 15:00:00-04:00,53.11,47.85,3.01,2.25
2026-03-16 16:00:00-04:00,55.49,50.19,2.89,2.41
2026-03-16 17:00:00-04:00,65.12,54.41,7.99,2.72
2026-03-16 18:00:00-04:00,67.32,58.96,5.3,3.06
2026-03-16 19:00:00-04:00,69.98,58.89,8.03,3.06
2026-03-16 20:00:00-04:00,62.49,58.18,1.52,2.79
2026-03-16 21:00:00-04:00,55.1,52.88,-0.0,2.22
2026-03-16 22:00:00-04:00,48.22,46.14,-0.0,2.08
2026-03-16 23:00:00-04:00,42.26,40.71,-0.0,1.55
2026-03-17 00:00:00-04:00,43.54,41.86,-0.0,1.68
2026-03-17 01:00:00-04:00,39.92,38.42,-0.0,1.5
2026-03-17 02:00:00-04:00,39.29,37.78,-0.0,1.51
2026-03-17 03:00:00-04:00,38.74,37.32,-0.0,1.42
2026-03-17 04:00:00-04:00,39.69,38.35,-0.0,1.34
2026-03-17 05:00:00-04:00,44.99,43.3,-0.0,1.69
2026-03-17 06:00:00-04:00,56.44,54.01,-0.0,2.43
2026-03-17 07:00:00-04:00,81.77,56.19,23.28,2.3
2026-03-17 08:00:00-04:00,60.81,58.3,-0.0,2.51
2026-03-17 09:00:00-04:00,48.14,45.12,0.99,2.03
2026-03-17 10:00:00-04:00,45.48,38.33,5.35,1.8
2026-03-17 11:00:00-04:00,45.9,37.97,6.11,1.82
2026-03-17 12:00:00-04:00,42.47,35.47,5.37,1.63
2026-03-17 13:00:00-04:00,43.14,35.89,5.53,1.72
2026-03-17 14:00:00-04:00,41.99,36.67,3.56,1.76
2026-03-17 15:00:00-04:00,47.22,41.83,3.34,2.05
2026-03-17 16:00:00-04:00,50.88,45.77,2.87,2.24
2026-03-17 17:00:00-04:00,62.74,59.64,-0.0,3.1
2026-03-17 18:00:00-04:00,72.03,68.47,-0.0,3.56
2026-03-17 19:00:00-04:00,83.49,79.37,-0.0,4.12
2026-03-17 20:00:00-04:00,73.11,70.03,-0.0,3.08
2026-03-17 21:00:00-04:00,67.88,65.21,-0.0,2.67
2026-03-17 22:00:00-04:00,59.45,57.05,-0.0,2.4
2026-03-17 23:00:00-04:00,54.91,52.9,-0.0,2.01
2026-03-18 00:00:00-04:00,62.85,61.08,-0.0,1.77
2026-03-18 01:00:00-04:00,55.76,54.14,-0.0,1.62
2026-03-18 02:00:00-04:00,56.3,54.66,-0.0,1.64
2026-03-18 03:00:00-04:00,56.77,55.17,-0.0,1.6
2026-03-18 04:00:00-04:00,57.26,55.7,-0.0,1.56
2026-03-18 05:00:00-04:00,70.16,68.05,-0.0,2.11
2026-03-18 06:00:00-04:00,92.44,88.88,-0.0,3.56
2026-03-18 07:00:00-04:00,133.22,127.24,-0.0,5.98
2026-03-18 08:00:00-04:00,95.0,90.65,-0.0,4.35
2026-03-18 09:00:00-04:00,67.36,64.09,-0.0,3.27
2026-03-18 10:00:00-04:00,52.43,50.08,-0.0,2.35
2026-03-18 11:00:00-04:00,48.3,45.91,-0.0,2.39
2026-03-18 12:00:00-04:00,48.14,45.76,-0.0,2.38
2026-03-18 13:00:00-04:00,46.26,43.93,-0.0,2.33
2026-03-18 14:00:00-04:00,43.1,41.05,-0.0,2.05
2026-03-18 15:00:00-04:00,46.37,44.29,-0.0,2.08
2026-03-18 16:00:00-04:00,53.56,50.96,-0.0,2.6
2026-03-18 17:00:00-04:00,66.57,63.81,-0.56,3.32
2026-03-18 18:00:00-04:00,92.21,87.82,-0.0,4.39
2026-03-18 19:00:00-04:00,109.02,103.73,-0.0,5.29
2026-03-18 20:00:00-04:00,95.38,90.84,-0.0,4.54
2026-03-18 21:00:00-04:00,73.36,70.0,-0.0,3.36
2026-03-18 22:00:00-04:00,68.99,65.89,-0.0,3.1
2026-03-18 23:00:00-04:00,58.81,56.71,-0.0,2.1
2026-03-19 00:00:00-04:00,55.47,53.44,-0.0,2.03
2026-03-19 01:00:00-04:00,52.1,50.34,-0.0,1.76
2026-03-19 02:00:00-04:00,50.28,48.63,-0.0,1.65
2026-03-19 03:00:00-04:00,48.07,46.58,-0.0,1.49
2026-03-19 04:00:00-04:00,51.87,50.31,-0.0,1.56
2026-03-19 05:00:00-04:00,54.2,52.32,-0.0,1.88
2026-03-19 06:00:00-04:00,67.74,65.26,-0.0,2.48
2026-03-19 07:00:00-04:00,93.06,88.88,-0.0,4.18
2026-03-19 08:00:00-04:00,75.34,72.3,-0.0,3.04
2026-03-19 09:00:00-04:00,59.96,57.38,-0.0,2.58
2026-03-19 10:00:00-04:00,51.81,49.72,-0.0,2.09
2026-03-19 11:00:00-04:00,47.21,45.22,-0.0,1.99
2026-03-19 12:00:00-04:00,44.41,42.46,-0.0,1.95
2026-03-19 13:00:00-04:00,43.26,41.36,-0.0,1.9
2026-03-19 14:00:00-04:00,42.46,40.55,-0.0,1.91
2026-03-19 15:00:00-04:00,43.7,41.74,-0.0,1.96
2026-03-19 16:00:00-04:00,51.24,48.85,-0.0,2.39
2026-03-19 17:00:00-04:00,59.28,56.19,-0.0,3.09
2026-03-19 18:00:00-04:00,67.35,64.39,-0.0,2.96
2026-03-19 19:00:00-04:00,77.78,74.29,-0.0,3.49
2026-03-19 20:00:00-04:00,69.53,66.35,-0.0,3.18
2026-03-19 21:00:00-04:00,61.29,58.48,-0.0,2.81
2026-03-19 22:00:00-04:00,52.94,50.56,-0.0,2.38
2026-03-19 23:00:00-04:00,50.0,48.03,-0.0,1.97
2026-03-20 00:00:00-04:00,47.01,45.82,-0.0,1.19
2026-03-20 01:00:00-04:00,43.16,42.07,-0.0,1.09
2026-03-20 02:00:00-04:00,40.46,39.55,-0.0,0.91
2026-03-20 03:00:00-04:00,40.53,39.66,-0.0,0.87
2026-03-20 04:00:00-04:00,41.69,40.87,-0.0,0.82
2026-03-20 05:00:00-04:00,44.81,43.76,-0.0,1.05
2026-03-20 06:00:00-04:00,54.93,53.33,-0.0,1.6
2026-03-20 07:00:00-04:00,68.85,66.85,-0.0,2.0
2026-03-20 08:00:00-04:00,56.81,55.17,-0.24,1.88
2026-03-20 09:00:00-04:00,44.33,45.12,-2.41,1.62
2026-03-20 10:00:00-04:00,39.84,38.49,-0.0,1.35
2026-03-20 11:00:00-04:00,37.98,36.7,-0.0,1.28
2026-03-20 12:00:00-04:00,37.64,36.23,-0.0,1.41
2026-03-20 13:00:00-04:00,38.71,37.29,-0.0,1.42
2026-03-20 14:00:00-04:00,39.73,38.28,-0.0,1.45
2026-03-20 15:00:00-04:00,40.25,38.7,-0.0,1.55
2026-03-20 16:00:00-04:00,43.43,43.11,-1.49,1.81
2026-03-20 17:00:00-04:00,46.92,47.91,-2.95,1.96
2026-03-20 18:00:00-04:00,52.92,53.71,-2.88,2.09
2026-03-20 19:00:00-04:00,60.0,59.5,-1.76,2.26
2026-03-20 20:00:00-04:00,55.0,53.82,-0.54,1.72
2026-03-20 21:00:00-04:00,48.84,47.52,-0.2,1.52
2026-03-20 22:00:00-04:00,45.49,43.99,-0.0,1.5
2026-03-20 23:00:00-04:00,40.45,39.23,-0.0,1.22
2026-03-21 00:00:00-04:00,42.48,41.08,-0.0,1.4
2026-03-21 01:00:00-04:00,40.61,39.54,-0.0,1.07
2026-03-21 02:00:00-04:00,38.82,37.84,-0.0,0.98
2026-03-21 03:00:00-04:00,37.1,36.34,-0.0,0.76
2026-03-21 04:00:00-04:00,37.54,36.73,-0.0,0.81
2026-03-21 05:00:00-04:00,39.36,38.36,-0.0,1.0
2026-03-21 06:00:00-04:00,43.98,42.62,-0.0,1.36
2026-03-21 07:00:00-04:00,51.58,50.13,-0.0,1.45
2026-03-21 08:00:00-04:00,49.48,47.85,-0.0,1.63
2026-03-21 09:00:00-04:00,44.52,43.14,-0.0,1.38
2026-03-21 10:00:00-04:00,37.62,36.49,-0.0,1.13
2026-03-21 11:00:00-04:00,34.79,33.71,-0.0,1.08
2026-03-21 12:00:00-04:00,31.14,30.2,-0.0,0.94
2026-03-21 13:00:00-04:00,30.18,29.13,-0.0,1.05
2026-03-21 14:00:00-04:00,28.78,27.75,-0.0,1.03
2026-03-21 15:00:00-04:00,29.82,28.79,-0.0,1.03
2026-03-21 16:00:00-04:00,33.24,32.12,-0.0,1.12
2026-03-21 17:00:00-04:00,44.23,42.45,-0.0,1.78
2026-03-21 18:00:00-04:00,55.13,53.11,-0.0,2.02
2026-03-21 19:00:00-04:00,59.47,57.24,-0.0,2.23
2026-03-21 20:00:00-04:00,56.52,54.45,-0.0,2.07
2026-03-21 21:00:00-04:00,49.21,47.45,-0.0,1.76
2026-03-21 22:00:00-04:00,43.28,41.73,-0.0,1.55
2026-03-21 23:00:00-04:00,39.56,38.19,-0.0,1.37
2026-03-22 00:00:00-04:00,40.27,39.1,-0.0,1.17
2026-03-22 01:00:00-04:00,38.06,36.85,-0.0,1.21
2026-03-22 02:00:00-04:00,36.47,35.31,-0.0,1.16
2026-03-22 03:00:00-04:00,35.11,33.99,-0.0,1.12
2026-03-22 04:00:00-04:00,35.0,33.92,-0.0,1.08
2026-03-22 05:00:00-04:00,36.05,34.93,-0.0,1.12
2026-03-22 06:00:00-04:00,38.37,37.18,-0.0,1.19
2026-03-22 07:00:00-04:00,38.4,37.18,-0.0,1.22
2026-03-22 08:00:00-04:00,41.19,39.8,-0.0,1.39
2026-03-22 09:00:00-04:00,46.47,44.86,-0.0,1.61
2026-03-22 10:00:00-04:00,40.36,38.92,-0.0,1.44
2026-03-22 11:00:00-04:00,39.5,38.16,-0.0,1.34
2026-03-22 12:00:00-04:00,38.65,37.31,-0.0,1.34
2026-03-22 13:00:00-04:00,39.47,38.06,-0.0,1.41
2026-03-22 14:00:00-04:00,38.48,37.07,-0.0,1.41
2026-03-22 15:00:00-04:00,40.61,39.09,-0.0,1.52
2026-03-22 16:00:00-04:00,46.16,44.34,-0.0,1.82
2026-03-22 17:00:00-04:00,49.66,47.7,-0.0,1.96
2026-03-22 18:00:00-04:00,54.14,52.06,-0.0,2.08
2026-03-22 19:00:00-04:00,56.3,53.93,-0.0,2.37
2026-03-22 20:00:00-04:00,56.01,53.6,-0.0,2.41
2026-03-22 21:00:00-04:00,48.86,46.98,-0.0,1.88
2026-03-22 22:00:00-04:00,42.8,41.23,-0.0,1.57
2026-03-22 23:00:00-04:00,39.16,37.91,-0.0,1.25
2026-03-23 00:00:00-04:00,38.15,37.04,-0.0,1.11
2026-03-23 01:00:00-04:00,36.33,35.34,-0.0,0.99
2026-03-23 02:00:00-04:00,36.17,35.25,-0.0,0.92
2026-03-23 03:00:00-04:00,35.34,34.58,-0.0,0.76
2026-03-23 04:00:00-04:00,35.98,35.34,-0.0,0.64
2026-03-23 05:00:00-04:00,39.37,38.22,-0.0,1.15
2026-03-23 06:00:00-04:00,48.76,46.75,-0.0,2.01
2026-03-23 07:00:00-04:00,56.56,54.49,-0.0,2.07
2026-03-23 08:00:00-04:00,65.05,62.49,-0.0,2.56
2026-03-23 09:00:00-04:00,61.57,58.92,-0.0,2.65
2026-03-23 10:00:00-04:00,54.16,52.67,-0.88,2.37
2026-03-23 11:00:00-04:00,51.52,50.81,-1.58,2.29
2026-03-23 12:00:00-04:00,49.64,48.1,-0.72,2.26
2026-03-23 13:00:00-04:00,45.99,45.14,-1.45,2.3
2026-03-23 14:00:00-04:00,45.45,42.44,0.8,2.21
2026-03-23 15:00:00-04:00,47.05,43.37,1.43,2.25
2026-03-23 16:00:00-04:00,51.02,48.55,-0.0,2.47
2026-03-23 17:00:00-04:00,56.09,53.17,-0.0,2.92
2026-03-23 18:00:00-04:00,60.22,57.46,-0.0,2.76
2026-03-23 19:00:00-04:00,72.56,68.98,-0.0,3.58
2026-03-23 20:00:00-04:00,67.82,64.53,-0.0,3.29
2026-03-23 21:00:00-04:00,58.84,56.3,-0.0,2.54
2026-03-23 22:00:00-04:00,50.98,48.74,-0.0,2.24
2026-03-23 23:00:00-04:00,44.56,42.89,-0.0,1.67
2026-03-24 00:00:00-04:00,49.13,47.06,-0.0,2.07
2026-03-24 01:00:00-04:00,46.5,44.5,-0.0,2.0
2026-03-24 02:00:00-04:00,44.65,42.89,-0.0,1.76
2026-03-24 03:00:00-04:00,44.44,42.77,-0.0,1.67
2026-03-24 04:00:00-04:00,46.38,44.85,-0.0,1.53
2026-03-24 05:00:00-04:00,50.34,48.54,-0.0,1.8
2026-03-24 06:00:00-04:00,72.72,69.66,-0.0,3.06
2026-03-24 07:00:00-04:00,112.5,107.45,-0.0,5.05
2026-03-24 08:00:00-04:00,66.98,64.09,-0.0,2.89
2026-03-24 09:00:00-04:00,45.13,41.06,1.85,2.22
2026-03-24 10:00:00-04:00,41.46,37.36,2.27,1.83
2026-03-24 11:00:00-04:00,39.26,36.61,0.78,1.87
2026-03-24 12:00:00-04:00,37.04,34.7,0.61,1.73
2026-03-24 13:00:00-04:00,36.22,33.0,1.67,1.55
2026-03-24 14:00:00-04:00,32.39,29.16,1.8,1.43
2026-03-24 15:00:00-04:00,34.19,31.77,0.9,1.52
2026-03-24 16:00:00-04:00,39.53,35.7,1.97,1.86
2026-03-24 17:00:00-04:00,48.09,43.06,2.62,2.41
2026-03-24 18:00:00-04:00,63.97,59.47,0.99,3.51
2026-03-24 19:00:00-04:00,74.3,68.8,1.37,4.13
2026-03-24 20:00:00-04:00,73.11,68.77,-0.0,4.34
2026-03-24 21:00:00-04:00,57.13,54.0,-0.0,3.13
2026-03-24 22:00:00-04:00,51.27,48.55,-0.0,2.72
2026-03-24 23:00:00-04:00,45.83,43.65,-0.0,2.18
2026-03-25 00:00:00-04:00,42.97,41.04,-0.0,1.93
2026-03-25 01:00:00-04:00,40.69,38.98,-0.0,1.71
2026-03-25 02:00:00-04:00,39.1,37.59,-0.0,1.51
2026-03-25 03:00:00-04:00,38.83,37.34,-0.0,1.49
2026-03-25 04:00:00-04:00,41.16,39.73,-0.0,1.43
2026-03-25 05:00:00-04:00,44.83,43.02,-0.0,1.81
2026-03-25 06:00:00-04:00,63.51,60.2,-0.0,3.31
2026-03-25 07:00:00-04:00,78.71,75.18,-0.0,3.53
2026-03-25 08:00:00-04:00,61.27,62.43,-3.9,2.74
2026-03-25 09:00:00-04:00,46.08,45.0,-1.04,2.12
2026-03-25 10:00:00-04:00,40.45,37.48,1.25,1.72
2026-03-25 11:00:00-04:00,36.3,34.74,-0.0,1.56
2026-03-25 12:00:00-04:00,35.2,33.31,0.36,1.53
2026-03-25 13:00:00-04:00,33.27,29.97,1.95,1.35
2026-03-25 14:00:00-04:00,32.35,29.36,1.64,1.35
2026-03-25 15:00:00-04:00,36.88,23.93,12.09,0.86
2026-03-25 16:00:00-04:00,39.51,37.56,-0.0,1.95
2026-03-25 17:00:00-04:00,48.72,46.14,-0.0,2.58
2026-03-25 18:00:00-04:00,54.45,52.01,-0.0,2.44
2026-03-25 19:00:00-04:00,66.77,63.41,-0.0,3.36
2026-03-25 20:00:00-04:00,56.27,53.49,-0.0,2.78
2026-03-25 21:00:00-04:00,48.57,46.3,-0.0,2.27
2026-03-25 22:00:00-04:00,41.94,39.91,-0.0,2.03
2026-03-25 23:00:00-04:00,37.15,35.48,-0.0,1.67
2026-03-26 00:00:00-04:00,32.15,30.62,-0.0,1.53
2026-03-26 01:00:00-04:00,30.33,28.91,-0.0,1.42
2026-03-26 02:00:00-04:00,30.0,28.68,-0.0,1.32
2026-03-26 03:00:00-04:00,29.58,28.36,-0.0,1.22
2026-03-26 04:00:00-04:00,29.72,28.55,-0.0,1.17
2026-03-26 05:00:00-04:00,32.16,30.77,-0.0,1.39
2026-03-26 06:00:00-04:00,41.25,39.14,-0.0,2.11
2026-03-26 07:00:00-04:00,52.28,49.7,-0.0,2.58
2026-03-26 08:00:00-04:00,44.27,40.24,2.06,1.97
2026-03-26 09:00:00-04:00,38.89,34.2,2.91,1.78
2026-03-26 10:00:00-04:00,33.37,29.99,1.91,1.47
2026-03-26 11:00:00-04:00,31.7,28.66,1.58,1.46
2026-03-26 12:00:00-04:00,31.17,28.12,1.73,1.32
2026-03-26 13:00:00-04:00,31.4,28.5,1.62,1.28
2026-03-26 14:00:00-04:00,31.38,29.2,0.87,1.31
2026-03-26 15:00:00-04:00,35.99,32.07,2.29,1.63
2026-03-26 16:00:00-04:00,39.23,34.28,3.27,1.68
2026-03-26 17:00:00-04:00,42.07,39.56,0.41,2.1
2026-03-26 18:00:00-04:00,48.84,46.56,-0.0,2.28
2026-03-26 19:00:00-04:00,54.09,51.81,-0.0,2.28
2026-03-26 20:00:00-04:00,51.02,48.68,-0.0,2.34
2026-03-26 21:00:00-04:00,43.44,41.85,-0.0,1.59
2026-03-26 22:00:00-04:00,37.3,35.93,-0.0,1.37
2026-03-26 23:00:00-04:00,34.66,32.29,1.34,1.03
2026-03-27 00:00:00-04:00,30.77,29.82,-0.0,0.95
2026-03-27 01:00:00-04:00,29.67,28.83,-0.0,0.84
2026-03-27 02:00:00-04:00,27.88,27.02,-0.0,0.86
2026-03-27 03:00:00-04:00,28.12,27.36,-0.0,0.76
2026-03-27 04:00:00-04:00,28.21,27.6,-0.0,0.61
2026-03-27 05:00:00-04:00,28.81,28.08,-0.0,0.73
2026-03-27 06:00:00-04:00,37.53,36.05,-0.0,1.48
2026-03-27 07:00:00-04:00,46.39,44.73,-0.0,1.66
2026-03-27 08:00:00-04:00,46.25,44.48,-0.05,1.82
2026-03-27 09:00:00-04:00,42.0,40.15,-0.0,1.85
2026-03-27 10:00:00-04:00,38.66,36.85,-0.0,1.81
2026-03-27 11:00:00-04:00,35.48,33.82,0.04,1.62
2026-03-27 12:00:00-04:00,33.22,30.78,1.02,1.42
2026-03-27 13:00:00-04:00,30.95,28.82,0.86,1.27
2026-03-27 14:00:00-04:00,28.25,26.3,0.85,1.1
2026-03-27 15:00:00-04:00,29.32,28.07,0.1,1.15
2026-03-27 16:00:00-04:00,32.4,31.12,-0.0,1.28
2026-03-27 17:00:00-04:00,39.52,37.67,-0.0,1.85
2026-03-27 18:00:00-04:00,48.21,46.4,-0.0,1.81
2026-03-27 19:00:00-04:00,55.94,53.84,-0.0,2.1
2026-03-27 20:00:00-04:00,52.85,50.96,-0.0,1.89
2026-03-27 21:00:00-04:00,43.57,42.01,-0.0,1.56
2026-03-27 22:00:00-04:00,41.68,40.04,-0.0,1.64
2026-03-27 23:00:00-04:00,39.79,38.33,-0.0,1.46
2026-03-28 00:00:00-04:00,46.91,45.28,-0.0,1.63
2026-03-28 01:00:00-04:00,44.71,42.99,-0.0,1.72
2026-03-28 02:00:00-04:00,41.28,39.81,-0.0,1.47
2026-03-28 03:00:00-04:00,40.99,39.53,-0.0,1.46
2026-03-28 04:00:00-04:00,41.35,39.87,-0.0,1.48
2026-03-28 05:00:00-04:00,45.23,43.53,-0.0,1.7
2026-03-28 06:00:00-04:00,50.03,48.38,-0.0,1.65
2026-03-28 07:00:00-04:00,53.32,51.77,-0.0,1.55
2026-03-28 08:00:00-04:00,49.27,47.88,-0.0,1.39
2026-03-28 09:00:00-04:00,38.66,37.39,-0.0,1.27
2026-03-28 10:00:00-04:00,35.09,33.87,-0.0,1.22
2026-03-28 11:00:00-04:00,30.94,29.87,-0.0,1.07
2026-03-28 12:00:00-04:00,30.01,28.91,-0.0,1.1
2026-03-28 13:00:00-04:00,28.73,27.57,-0.0,1.16
2026-03-28 14:00:00-04:00,25.99,24.94,-0.0,1.05
2026-03-28 15:00:00-04:00,27.28,26.1,-0.0,1.18
2026-03-28 16:00:00-04:00,32.21,30.79,-0.0,1.42
2026-03-28 17:00:00-04:00,41.02,38.96,-0.0,2.06
2026-03-28 18:00:00-04:00,54.53,51.84,-0.0,2.69
2026-03-28 19:00:00-04:00,63.86,60.48,-0.0,3.38
2026-03-28 20:00:00-04:00,59.99,56.59,-0.0,3.4
2026-03-28 21:00:00-04:00,51.46,48.69,-0.0,2.77
2026-03-28 22:00:00-04:00,45.92,43.69,-0.0,2.23
2026-03-28 23:00:00-04:00,42.81,40.81,-0.0,2.0
2026-03-29 00:00:00-04:00,40.46,38.76,-0.0,1.7
2026-03-29 01:00:00-04:00,36.47,34.93,-0.0,1.54
2026-03-29 02:00:00-04:00,34.49,33.1,-0.0,1.39
2026-03-29 03:00:00-04:00,34.63,33.3,-0.0,1.33
2026-03-29 04:00:00-04:00,35.49,34.03,-0.0,1.46
2026-03-29 05:00:00-04:00,36.83,35.35,-0.0,1.48
2026-03-29 06:00:00-04:00,42.94,41.09,-0.0,1.85
2026-03-29 07:00:00-04:00,46.79,44.86,-0.0,1.93
2026-03-29 08:00:00-04:00,39.26,37.64,-0.0,1.62
2026-03-29 09:00:00-04:00,31.38,30.38,-0.0,1.0
2026-03-29 10:00:00-04:00,28.16,27.45,-0.0,0.71
2026-03-29 11:00:00-04:00,26.98,26.25,-0.0,0.73
2026-03-29 12:00:00-04:00,25.05,24.3,-0.0,0.75
2026-03-29 13:00:00-04:00,24.07,23.28,-0.0,0.79
2026-03-29 14:00:00-04:00,23.63,22.81,-0.0,0.82
2026-03-29 15:00:00-04:00,24.51,23.75,-0.0,0.76
2026-03-29 16:00:00-04:00,28.19,27.29,-0.0,0.9
2026-03-29 17:00:00-04:00,34.26,32.72,-0.0,1.54
2026-03-29 18:00:00-04:00,46.33,44.25,-0.0,2.08
2026-03-29 19:00:00-04:00,54.0,51.62,-0.0,2.38
2026-03-29 20:00:00-04:00,51.08,48.65,-0.0,2.43
2026-03-29 21:00:00-04:00,39.92,37.98,-0.0,1.94
2026-03-29 22:00:00-04:00,34.33,32.67,-0.0,1.66
2026-03-29 23:00:00-04:00,31.66,30.33,-0.0,1.33
2026-03-30 00:00:00-04:00,29.82,28.64,-0.0,1.18
2026-03-30 01:00:00-04:00,28.83,27.8,-0.0,1.03
2026-03-30 02:00:00-04:00,28.08,27.05,-0.0,1.03
2026-03-30 03:00:00-04:00,28.44,27.45,-0.0,0.99
2026-03-30 04:00:00-04:00,28.55,27.58,-0.0,0.97
2026-03-30 05:00:00-04:00,30.82,29.78,-0.0,1.04
2026-03-30 06:00:00-04:00,41.94,40.09,-0.0,1.85
2026-03-30 07:00:00-04:00,49.1,46.81,-0.0,2.29
2026-03-30 08:00:00-04:00,45.58,43.49,-0.0,2.09
2026-03-30 09:00:00-04:00,35.2,33.59,-0.0,1.61
2026-03-30 10:00:00-04:00,31.13,29.93,-0.0,1.2
2026-03-30 11:00:00-04:00,29.31,28.1,-0.0,1.21
2026-03-30 12:00:00-04:00,27.55,26.39,-0.0,1.16
2026-03-30 13:00:00-04:00,26.31,25.13,-0.0,1.18
2026-03-30 14:00:00-04:00,27.7,26.33,-0.0,1.37
2026-03-30 15:00:00-04:00,32.2,30.75,-0.0,1.45
2026-03-30 16:00:00-04:00,33.13,31.37,-0.0,1.76
2026-03-30 17:00:00-04:00,37.63,35.53,-0.0,2.1
2026-03-30 18:00:00-04:00,46.82,44.59,-0.0,2.23
2026-03-30 19:00:00-04:00,55.42,52.88,-0.0,2.54
2026-03-30 20:00:00-04:00,52.31,50.11,-0.0,2.2
2026-03-30 21:00:00-04:00,40.79,39.26,-0.0,1.53
2026-03-30 22:00:00-04:00,34.94,33.66,-0.0,1.28
2026-03-30 23:00:00-04:00,31.11,30.2,-0.0,0.91
2026-04-01 00:00:00-04:00,32.33,31.18,-0.0,1.15
2026-04-01 01:00:00-04:00,27.67,26.63,-0.0,1.04
2026-04-01 02:00:00-04:00,26.73,25.78,-0.0,0.95
2026-04-01 03:00:00-04:00,26.74,25.86,-0.0,0.88
2026-04-01 04:00:00-04:00,27.98,27.09,-0.0,0.89
2026-04-01 05:00:00-04:00,30.13,29.17,-0.0,0.96
2026-04-01 06:00:00-04:00,37.47,35.82,-0.0,1.65
2026-04-01 07:00:00-04:00,45.97,44.12,-0.0,1.85
2026-04-01 08:00:00-04:00,45.03,43.38,-0.0,1.65
2026-04-01 09:00:00-04:00,41.05,39.32,-0.0,1.73
2026-04-01 10:00:00-04:00,38.25,36.64,-0.0,1.61
2026-04-01 11:00:00-04:00,36.86,35.24,-0.0,1.62
2026-04-01 12:00:00-04:00,35.71,33.98,-0.0,1.73
2026-04-01 13:00:00-04:00,35.56,33.43,0.43,1.7
2026-04-01 14:00:00-04:00,35.03,32.59,0.75,1.69
2026-04-01 15:00:00-04:00,36.79,32.59,2.47,1.73
2026-04-01 16:00:00-04:00,41.03,36.11,2.93,1.99
2026-04-01 17:00:00-04:00,44.42,41.37,0.78,2.27
2026-04-01 18:00:00-04:00,50.72,48.17,-0.0,2.55
2026-04-01 19:00:00-04:00,57.66,54.71,-0.0,2.95
2026-04-01 20:00:00-04:00,52.11,49.72,-0.0,2.39
2026-04-01 21:00:00-04:00,43.83,41.9,-0.0,1.93
2026-04-01 22:00:00-04:00,36.92,35.37,-0.0,1.55
2026-04-01 23:00:00-04:00,33.38,32.19,-0.0,1.19
2026-04-02 00:00:00-04:00,34.92,34.04,-0.0,0.88
2026-04-02 01:00:00-04:00,30.73,29.89,-0.0,0.84
2026-04-02 02:00:00-04:00,28.16,27.39,-0.0,0.77
2026-04-02 03:00:00-04:00,28.16,27.47,-0.0,0.69
2026-04-02 04:00:00-04:00,29.08,28.4,-0.0,0.68
2026-04-02 05:00:00-04:00,31.83,30.99,-0.0,0.84
2026-04-02 06:00:00-04:00,40.67,39.1,-0.0,1.57
2026-04-02 07:00:00-04:00,47.79,46.0,-0.0,1.79
2026-04-02 08:00:00-04:00,49.33,47.48,-0.0,1.85
2026-04-02 09:00:00-04:00,47.96,45.85,-0.0,2.11
2026-04-02 10:00:00-04:00,43.16,41.07,0.28,1.81
2026-04-02 11:00:00-04:00,42.38,39.72,0.83,1.83
2026-04-02 12:00:00-04:00,42.12,39.44,0.79,1.89
2026-04-02 13:00:00-04:00,42.17,39.24,0.97,1.96
2026-04-02 14:00:00-04:00,40.1,34.95,3.4,1.75
2026-04-02 15:00:00-04:00,40.4,35.65,2.9,1.85
2026-04-02 16:00:00-04:00,42.53,39.47,0.77,2.29
2026-04-02 17:00:00-04:00,44.2,40.74,1.06,2.4
2026-04-02 18:00:00-04:00,47.72,45.02,-0.0,2.7
2026-04-02 19:00:00-04:00,51.25,47.85,0.38,3.02
2026-04-02 20:00:00-04:00,48.47,45.73,-0.0,2.74
2026-04-02 21:00:00-04:00,40.5,38.32,-0.0,2.18
2026-04-02 22:00:00-04:00,35.51,33.56,-0.0,1.95
2026-04-02 23:00:00-04:00,33.85,32.36,-0.0,1.49
2026-04-03 00:00:00-04:00,32.2,30.58,-0.0,1.62
2026-04-03 01:00:00-04:00,28.85,27.37,-0.0,1.48
2026-04-03 02:00:00-04:00,28.12,26.73,-0.0,1.39
2026-04-03 03:00:00-04:00,26.99,25.78,-0.0,1.21
2026-04-03 04:00:00-04:00,28.39,27.12,-0.0,1.27
2026-04-03 05:00:00-04:00,29.72,28.36,-0.0,1.36
2026-04-03 06:00:00-04:00,39.41,37.32,-0.0,2.09
2026-04-03 07:00:00-04:00,47.67,45.05,0.1,2.52
2026-04-03 08:00:00-04:00,44.13,41.62,0.18,2.33
2026-04-03 09:00:00-04:00,41.64,37.15,2.37,2.12
2026-04-03 10:00:00-04:00,37.71,33.31,2.43,1.97
2026-04-03 11:00:00-04:00,35.28,30.97,2.45,1.86
2026-04-03 12:00:00-04:00,31.13,27.53,1.98,1.62
2026-04-03 13:00:00-04:00,29.48,26.67,1.26,1.55
2026-04-03 14:00:00-04:00,26.77,23.05,2.38,1.34
2026-04-03 15:00:00-04:00,29.04,26.53,0.95,1.56
2026-04-03 16:00:00-04:00,31.59,28.53,1.38,1.68
2026-04-03 17:00:00-04:00,38.59,33.84,2.58,2.17
2026-04-03 18:00:00-04:00,43.45,40.01,0.96,2.48
2026-04-03 19:00:00-04:00,49.59,45.91,0.79,2.89
2026-04-03 20:00:00-04:00,47.44,44.42,0.18,2.84
2026-04-03 21:00:00-04:00,41.0,38.68,-0.0,2.32
2026-04-03 22:00:00-04:00,36.7,34.79,-0.0,1.91
2026-04-03 23:00:00-04:00,33.65,32.17,-0.0,1.48
