timestamps,prices,energy,congestion,loss
2025-01-01 00:00:00-05:00,33.13,31.85,-0.0,1.28
2025-01-01 01:00:00-05:00,32.04,30.81,-0.0,1.23
2025-01-01 02:00:00-05:00,30.02,28.86,-0.0,1.16
2025-01-01 03:00:00-05:00,30.33,27.27,2.0,1.06
2025-01-01 04:00:00-05:00,31.06,27.18,2.79,1.09
2025-01-01 05:00:00-05:00,31.45,29.08,1.18,1.19
2025-01-01 06:00:00-05:00,32.84,29.760000000000005,1.77,1.31
2025-01-01 07:00:00-05:00,37.29,29.63,6.3,1.36
2025-01-01 08:00:00-05:00,37.73,31.9,4.33,1.5
2025-01-01 09:00:00-05:00,36.99,32.39000000000001,3.05,1.55
2025-01-01 10:00:00-05:00,40.35,35.27,3.35,1.73
2025-01-01 11:00:00-05:00,40.26,35.459999999999994,2.92,1.88
2025-01-01 12:00:00-05:00,39.88,36.22,1.78,1.88
2025-01-01 13:00:00-05:00,39.8,36.67,1.15,1.98
2025-01-01 14:00:00-05:00,42.7,37.03,3.67,2.0
2025-01-01 15:00:00-05:00,41.0,36.8,2.14,2.06
2025-01-01 16:00:00-05:00,45.5,39.720000000000006,3.48,2.3
2025-01-01 17:00:00-05:00,53.53,50.5,-0.0,3.03
2025-01-01 18:00:00-05:00,49.53,43.48,3.4,2.65
2025-01-01 19:00:00-05:00,46.99,40.66,3.81,2.52
2025-01-01 20:00:00-05:00,44.69,38.25,4.07,2.37
2025-01-01 21:00:00-05:00,41.64,34.02,5.51,2.11
2025-01-01 22:00:00-05:00,38.62,31.399999999999995,5.27,1.95
2025-01-01 23:00:00-05:00,36.03,31.5,2.74,1.79
2025-01-02 00:00:00-05:00,40.91,34.91,4.08,1.92
2025-01-02 01:00:00-05:00,41.27,34.33,5.09,1.85
2025-01-02 02:00:00-05:00,37.35,31.53,4.12,1.7
2025-01-02 03:00:00-05:00,37.18,29.84,5.7,1.64
2025-01-02 04:00:00-05:00,39.21,32.43,5.0,1.78
2025-01-02 05:00:00-05:00,43.6,35.63,6.05,1.92
2025-01-02 06:00:00-05:00,50.77,38.16,10.4,2.21
2025-01-02 07:00:00-05:00,57.71,41.61,13.69,2.41
2025-01-02 08:00:00-05:00,56.43,41.57,12.49,2.37
2025-01-02 09:00:00-05:00,48.2,41.120000000000005,4.65,2.43
2025-01-02 10:00:00-05:00,46.6,41.88,2.17,2.55
2025-01-02 11:00:00-05:00,45.26,40.919999999999995,1.84,2.5
2025-01-02 12:00:00-05:00,43.76,40.059999999999995,1.17,2.53
2025-01-02 13:00:00-05:00,45.24,41.38,1.29,2.57
2025-01-02 14:00:00-05:00,46.65,41.1,3.0,2.55
2025-01-02 15:00:00-05:00,53.37,43.31,7.33,2.73
2025-01-02 16:00:00-05:00,65.02,49.55,12.45,3.02
2025-01-02 17:00:00-05:00,79.05,55.09,20.54,3.42
2025-01-02 18:00:00-05:00,68.9,55.05000000000001,10.44,3.41
2025-01-02 19:00:00-05:00,65.0,49.25,12.75,3.0
2025-01-02 20:00:00-05:00,58.8,49.05,6.71,3.04
2025-01-02 21:00:00-05:00,52.7,45.85,3.96,2.89
2025-01-02 22:00:00-05:00,47.31,43.28,1.35,2.68
2025-01-02 23:00:00-05:00,45.5,41.04,2.08,2.38
2025-01-03 00:00:00-05:00,55.06,41.400000000000006,11.43,2.23
2025-01-03 01:00:00-05:00,53.4,39.42,11.93,2.05
2025-01-03 02:00:00-05:00,51.15,38.77,10.4,1.98
2025-01-03 03:00:00-05:00,49.63,39.42,8.16,2.05
2025-01-03 04:00:00-05:00,51.4,40.62,8.67,2.11
2025-01-03 05:00:00-05:00,59.86,46.54,10.9,2.42
2025-01-03 06:00:00-05:00,69.21,53.94,12.36,2.91
2025-01-03 07:00:00-05:00,82.6,54.989999999999995,24.26,3.35
2025-01-03 08:00:00-05:00,74.7,55.040000000000006,16.13,3.53
2025-01-03 09:00:00-05:00,63.07,54.150000000000006,5.62,3.3
2025-01-03 10:00:00-05:00,66.28,52.51,10.57,3.2
2025-01-03 11:00:00-05:00,61.03,52.260000000000005,5.48,3.29
2025-01-03 12:00:00-05:00,59.15,50.84,5.21,3.1
2025-01-03 13:00:00-05:00,61.58,51.879999999999995,6.43,3.27
2025-01-03 14:00:00-05:00,62.78,54.99,4.11,3.68
2025-01-03 15:00:00-05:00,71.53,55.26,12.51,3.76
2025-01-03 16:00:00-05:00,82.46,55.31999999999999,23.38,3.76
2025-01-03 17:00:00-05:00,96.44,58.6,33.85,3.99
2025-01-03 18:00:00-05:00,95.8,57.93,33.88,3.99
2025-01-03 19:00:00-05:00,92.8,55.5,33.64,3.66
2025-01-03 20:00:00-05:00,78.0,55.27,19.14,3.59
2025-01-03 21:00:00-05:00,76.52,54.66,18.64,3.22
2025-01-03 22:00:00-05:00,76.53,54.22,19.28,3.03
2025-01-03 23:00:00-05:00,71.21,54.53999999999999,13.78,2.89
2025-01-04 00:00:00-05:00,76.3,51.96999999999999,21.32,3.01
2025-01-04 01:00:00-05:00,75.43,49.58000000000001,23.08,2.77
2025-01-04 02:00:00-05:00,71.8,47.61,21.48,2.71
2025-01-04 03:00:00-05:00,71.38,48.52,20.0,2.86
2025-01-04 04:00:00-05:00,73.0,48.75,21.37,2.88
2025-01-04 05:00:00-05:00,77.91,49.93,25.04,2.94
2025-01-04 06:00:00-05:00,84.1,49.61999999999999,31.45,3.03
2025-01-04 07:00:00-05:00,91.64,53.96000000000001,34.44,3.24
2025-01-04 08:00:00-05:00,85.76,54.82,27.65,3.29
2025-01-04 09:00:00-05:00,81.3,55.099999999999994,22.67,3.53
2025-01-04 10:00:00-05:00,89.7,55.32000000000001,30.67,3.71
2025-01-04 11:00:00-05:00,86.9,55.390000000000015,27.8,3.71
2025-01-04 12:00:00-05:00,86.8,55.25999999999999,27.84,3.7
2025-01-04 13:00:00-05:00,89.0,55.21,30.15,3.64
2025-01-04 14:00:00-05:00,91.4,55.26,32.49,3.65
2025-01-04 15:00:00-05:00,102.77,55.38,43.68,3.71
2025-01-04 16:00:00-05:00,119.53,58.02,57.56,3.95
2025-01-04 17:00:00-05:00,126.08,67.35,54.15,4.58
2025-01-04 18:00:00-05:00,116.1,66.19,45.47,4.44
2025-01-04 19:00:00-05:00,106.1,57.40999999999999,44.9,3.79
2025-01-04 20:00:00-05:00,103.82,55.32999999999999,44.9,3.59
2025-01-04 21:00:00-05:00,97.91,55.2,39.12,3.59
2025-01-04 22:00:00-05:00,94.97,55.099999999999994,36.34,3.53
2025-01-04 23:00:00-05:00,89.61,54.98,31.16,3.47
2025-01-05 00:00:00-05:00,105.8,73.4,27.85,4.55
2025-01-05 01:00:00-05:00,97.73,73.84,19.38,4.51
2025-01-05 02:00:00-05:00,95.16,67.5,23.54,4.12
2025-01-05 03:00:00-05:00,95.93,64.74000000000001,27.24,3.95
2025-01-05 04:00:00-05:00,96.72,66.94,25.63,4.15
2025-01-05 05:00:00-05:00,98.27,67.21000000000001,26.96,4.1
2025-01-05 06:00:00-05:00,101.5,70.97,26.2,4.33
2025-01-05 07:00:00-05:00,111.63,54.17999999999999,54.09,3.36
2025-01-05 08:00:00-05:00,109.36,59.18999999999999,46.38,3.79
2025-01-05 09:00:00-05:00,102.5,66.56,31.68,4.26
2025-01-05 10:00:00-05:00,105.52,74.13999999999999,26.56,4.82
2025-01-05 11:00:00-05:00,98.89,73.99000000000001,20.16,4.74
2025-01-05 12:00:00-05:00,97.68,72.33000000000001,20.79,4.56
2025-01-05 13:00:00-05:00,101.56,73.7,23.14,4.72
2025-01-05 14:00:00-05:00,100.52,73.99000000000001,21.79,4.74
2025-01-05 15:00:00-05:00,101.91,73.92,23.41,4.58
2025-01-05 16:00:00-05:00,126.9,85.59,36.17,5.14
2025-01-05 17:00:00-05:00,145.27,104.93,33.94,6.4
2025-01-05 18:00:00-05:00,136.01,100.7,29.27,6.04
2025-01-05 19:00:00-05:00,120.75,89.91999999999999,25.43,5.4
2025-01-05 20:00:00-05:00,113.81,93.31,14.9,5.6
2025-01-05 21:00:00-05:00,101.91,86.16,10.67,5.08
2025-01-05 22:00:00-05:00,91.53,83.6,3.0,4.93
2025-01-05 23:00:00-05:00,95.0,87.19,2.93,4.88
2025-01-06 00:00:00-05:00,98.52,88.35999999999999,5.04,5.12
2025-01-06 01:00:00-05:00,97.71,81.27,11.81,4.63
2025-01-06 02:00:00-05:00,95.85,81.00999999999999,10.31,4.53
2025-01-06 03:00:00-05:00,95.43,85.17000000000002,5.49,4.77
2025-01-06 04:00:00-05:00,98.0,89.14,3.69,5.17
2025-01-06 05:00:00-05:00,112.44,81.58999999999999,27.34,3.51
2025-01-06 06:00:00-05:00,118.6,90.62,24.0,3.98
2025-01-06 07:00:00-05:00,153.06,89.84,59.27,3.95
2025-01-06 08:00:00-05:00,145.89,103.05999999999996,38.09,4.74
2025-01-06 09:00:00-05:00,144.98,91.48999999999998,49.28,4.21
2025-01-06 10:00:00-05:00,152.7,118.07999999999998,29.19,5.43
2025-01-06 11:00:00-05:00,132.96,112.22,15.46,5.28
2025-01-06 12:00:00-05:00,128.6,101.53,22.3,4.77
2025-01-06 13:00:00-05:00,130.03,83.7,42.39,3.94
2025-01-06 14:00:00-05:00,131.6,85.82999999999998,41.73,4.04
2025-01-06 15:00:00-05:00,142.07,79.83000000000001,58.57,3.67
2025-01-06 16:00:00-05:00,162.04,81.41999999999999,76.87,3.75
2025-01-06 17:00:00-05:00,188.1,97.64,85.87,4.59
2025-01-06 18:00:00-05:00,183.89,86.88999999999999,93.09,3.91
2025-01-06 19:00:00-05:00,173.0,71.65999999999998,98.04,3.3
2025-01-06 20:00:00-05:00,143.56,74.36000000000001,64.66,4.54
2025-01-06 21:00:00-05:00,133.5,74.88000000000001,54.05,4.57
2025-01-06 22:00:00-05:00,129.39,80.13999999999999,44.36,4.89
2025-01-06 23:00:00-05:00,119.6,79.44,35.47,4.69
2025-01-07 00:00:00-05:00,128.52,70.60000000000001,53.61,4.31
2025-01-07 01:00:00-05:00,115.42,70.38,40.67,4.37
2025-01-07 02:00:00-05:00,121.72,70.24000000000001,47.27,4.21
2025-01-07 03:00:00-05:00,119.74,70.30999999999999,45.42,4.01
2025-01-07 04:00:00-05:00,125.0,70.31,50.68,4.01
2025-01-07 05:00:00-05:00,135.62,64.17999999999999,68.42,3.02
2025-01-07 06:00:00-05:00,159.03,68.89000000000001,86.97,3.17
2025-01-07 07:00:00-05:00,201.47,50.53999999999999,148.65,2.28
2025-01-07 08:00:00-05:00,177.56,51.52,123.67,2.37
2025-01-07 09:00:00-05:00,169.94,45.33,122.48,2.13
2025-01-07 10:00:00-05:00,165.94,59.11,104.05,2.78
2025-01-07 11:00:00-05:00,165.01,52.23,110.27,2.51
2025-01-07 12:00:00-05:00,160.96,47.140000000000015,111.56,2.26
2025-01-07 13:00:00-05:00,159.62,46.94,110.43,2.25
2025-01-07 14:00:00-05:00,160.67,48.37999999999998,109.92,2.37
2025-01-07 15:00:00-05:00,176.16,46.349999999999994,127.59,2.22
2025-01-07 16:00:00-05:00,199.44,61.59,135.01,2.84
2025-01-07 17:00:00-05:00,240.2,81.16,155.06,3.98
2025-01-07 18:00:00-05:00,223.93,80.42000000000002,139.73,3.78
2025-01-07 19:00:00-05:00,200.77,68.71000000000001,128.83,3.23
2025-01-07 20:00:00-05:00,180.13,70.59999999999998,105.01,4.52
2025-01-07 21:00:00-05:00,166.87,70.52999999999999,91.76,4.58
2025-01-07 22:00:00-05:00,153.27,70.48,78.14,4.65
2025-01-07 23:00:00-05:00,150.0,70.66000000000001,74.89,4.45
2025-01-08 00:00:00-05:00,145.7,73.69999999999999,67.35,4.65
2025-01-08 01:00:00-05:00,140.6,71.78,64.37,4.45
2025-01-08 02:00:00-05:00,132.99,70.75999999999999,57.77,4.46
2025-01-08 03:00:00-05:00,132.6,70.54,57.61,4.45
2025-01-08 04:00:00-05:00,143.79,70.75999999999999,68.57,4.46
2025-01-08 05:00:00-05:00,151.31,73.64,72.89,4.78
2025-01-08 06:00:00-05:00,173.98,74.55999999999999,94.64,4.78
2025-01-08 07:00:00-05:00,204.28,73.62,126.09,4.57
2025-01-08 08:00:00-05:00,180.0,74.56,100.6,4.84
2025-01-08 09:00:00-05:00,168.26,74.24999999999999,88.96,5.05
2025-01-08 10:00:00-05:00,157.87,74.53,78.35,4.99
2025-01-08 11:00:00-05:00,152.45,72.86999999999998,74.62,4.96
2025-01-08 12:00:00-05:00,150.2,70.75999999999999,74.63,4.81
2025-01-08 13:00:00-05:00,150.19,70.61000000000001,74.85,4.73
2025-01-08 14:00:00-05:00,149.65,72.73,71.83,5.09
2025-01-08 15:00:00-05:00,168.68,72.36,91.26,5.06
2025-01-08 16:00:00-05:00,189.01,74.71,108.99,5.31
2025-01-08 17:00:00-05:00,218.09,86.6,125.43,6.06
2025-01-08 18:00:00-05:00,207.2,82.39,118.96,5.85
2025-01-08 19:00:00-05:00,193.71,74.32000000000001,114.11,5.28
2025-01-08 20:00:00-05:00,188.49,74.16,109.06,5.27
2025-01-08 21:00:00-05:00,170.82,71.42999999999999,94.39,5.0
2025-01-08 22:00:00-05:00,163.62,74.24000000000001,84.18,5.2
2025-01-08 23:00:00-05:00,152.81,74.24,73.67,4.9
2025-01-09 00:00:00-05:00,154.79,70.64999999999999,79.76,4.38
2025-01-09 01:00:00-05:00,148.1,66.17999999999998,77.81,4.11
2025-01-09 02:00:00-05:00,142.19,57.20999999999998,81.37,3.61
2025-01-09 03:00:00-05:00,136.32,57.620000000000005,75.07,3.63
2025-01-09 04:00:00-05:00,144.97,62.59,78.25,4.13
2025-01-09 05:00:00-05:00,154.5,70.80999999999999,78.95,4.74
2025-01-09 06:00:00-05:00,175.7,71.08999999999999,99.77,4.84
2025-01-09 07:00:00-05:00,216.45,71.02000000000001,140.67,4.76
2025-01-09 08:00:00-05:00,185.03,71.02,109.04,4.97
2025-01-09 09:00:00-05:00,167.93,70.96,92.01,4.96
2025-01-09 10:00:00-05:00,155.51,71.24,79.21,5.06
2025-01-09 11:00:00-05:00,143.96,71.1,67.81,5.05
2025-01-09 12:00:00-05:00,140.77,71.10000000000001,64.77,4.9
2025-01-09 13:00:00-05:00,137.97,70.96000000000001,62.12,4.89
2025-01-09 14:00:00-05:00,138.6,70.87999999999998,62.61,5.11
2025-01-09 15:00:00-05:00,149.5,71.16000000000001,73.21,5.13
2025-01-09 16:00:00-05:00,173.4,71.17,97.04,5.19
2025-01-09 17:00:00-05:00,202.52,96.82,98.54,7.16
2025-01-09 18:00:00-05:00,192.1,97.70999999999998,87.06,7.33
2025-01-09 19:00:00-05:00,172.8,74.23,93.08,5.49
2025-01-09 20:00:00-05:00,167.74,73.61,88.83,5.3
2025-01-09 21:00:00-05:00,157.84,71.09000000000002,81.77,4.98
2025-01-09 22:00:00-05:00,150.5,71.02,74.58,4.9
2025-01-09 23:00:00-05:00,150.0,70.96,74.29,4.75
2025-01-10 00:00:00-05:00,125.56,66.44000000000001,54.8,4.32
2025-01-10 01:00:00-05:00,117.8,66.38,47.17,4.25
2025-01-10 02:00:00-05:00,108.59,66.44000000000001,37.83,4.32
2025-01-10 03:00:00-05:00,105.46,67.28,33.74,4.44
2025-01-10 04:00:00-05:00,107.93,74.24000000000001,28.87,4.82
2025-01-10 05:00:00-05:00,123.71,77.02,41.61,5.08
2025-01-10 06:00:00-05:00,145.07,84.68,54.97,5.42
2025-01-10 07:00:00-05:00,165.76,85.85,74.16,5.75
2025-01-10 08:00:00-05:00,145.72,86.72999999999999,52.74,6.25
2025-01-10 09:00:00-05:00,121.91,85.82999999999998,29.9,6.18
2025-01-10 10:00:00-05:00,100.9,86.73000000000002,8.1,6.07
2025-01-10 11:00:00-05:00,91.65,82.44000000000001,3.36,5.85
2025-01-10 12:00:00-05:00,88.38,82.44,-0.0,5.94
2025-01-10 13:00:00-05:00,88.93,82.95,-0.0,5.98
2025-01-10 14:00:00-05:00,89.74,83.71,-0.0,6.03
2025-01-10 15:00:00-05:00,98.52,90.00999999999999,1.94,6.57
2025-01-10 16:00:00-05:00,111.48,91.6,13.1,6.78
2025-01-10 17:00:00-05:00,137.46,115.0,13.95,8.51
2025-01-10 18:00:00-05:00,124.0,97.81,18.95,7.24
2025-01-10 19:00:00-05:00,117.42,97.09,13.25,7.08
2025-01-10 20:00:00-05:00,114.78,91.55,16.36,6.87
2025-01-10 21:00:00-05:00,104.13,86.18,11.74,6.21
2025-01-10 22:00:00-05:00,103.23,83.65,13.73,5.85
2025-01-10 23:00:00-05:00,103.38,81.94,15.87,5.57
2025-01-11 00:00:00-05:00,87.66,81.77999999999999,0.73,5.15
2025-01-11 01:00:00-05:00,87.53,77.57,5.23,4.73
2025-01-11 02:00:00-05:00,86.33,71.16,11.04,4.13
2025-01-11 03:00:00-05:00,83.59,68.27000000000001,11.29,4.03
2025-01-11 04:00:00-05:00,88.25,69.52000000000001,14.63,4.1
2025-01-11 05:00:00-05:00,87.09,70.86,12.05,4.18
2025-01-11 06:00:00-05:00,89.4,69.25,15.93,4.22
2025-01-11 07:00:00-05:00,103.9,73.60000000000001,25.59,4.71
2025-01-11 08:00:00-05:00,104.95,80.42,19.22,5.31
2025-01-11 09:00:00-05:00,101.6,81.77,14.19,5.64
2025-01-11 10:00:00-05:00,98.83,79.35,14.16,5.32
2025-01-11 11:00:00-05:00,89.71,84.47,-0.0,5.24
2025-01-11 12:00:00-05:00,89.99,75.5,9.58,4.91
2025-01-11 13:00:00-05:00,89.52,72.04999999999998,12.57,4.9
2025-01-11 14:00:00-05:00,90.99,66.14999999999999,20.34,4.5
2025-01-11 15:00:00-05:00,92.16,77.42999999999999,9.7,5.03
2025-01-11 16:00:00-05:00,102.8,81.69,15.55,5.56
2025-01-11 17:00:00-05:00,109.09,84.85000000000001,18.13,6.11
2025-01-11 18:00:00-05:00,103.44,82.02000000000001,15.6,5.82
2025-01-11 19:00:00-05:00,95.76,73.79,16.81,5.16
2025-01-11 20:00:00-05:00,84.28,69.72,9.68,4.88
2025-01-11 21:00:00-05:00,78.23,66.01,7.8,4.42
2025-01-11 22:00:00-05:00,79.1,65.80999999999999,9.28,4.01
2025-01-11 23:00:00-05:00,75.07,65.74,5.45,3.88
2025-01-12 00:00:00-05:00,70.31,65.95,0.34,4.02
2025-01-12 01:00:00-05:00,69.62,65.80000000000001,-0.0,3.82
2025-01-12 02:00:00-05:00,68.53,65.27,-0.0,3.26
2025-01-12 03:00:00-05:00,68.06,65.0,-0.0,3.06
2025-01-12 04:00:00-05:00,68.49,64.99999999999999,0.37,3.12
2025-01-12 05:00:00-05:00,69.74,65.46,0.81,3.47
2025-01-12 06:00:00-05:00,71.79,65.39,3.0,3.4
2025-01-12 07:00:00-05:00,76.7,65.0,8.32,3.38
2025-01-12 08:00:00-05:00,78.07,65.07,9.49,3.51
2025-01-12 09:00:00-05:00,76.1,63.19,9.75,3.16
2025-01-12 10:00:00-05:00,66.21,62.99999999999999,-0.0,3.21
2025-01-12 11:00:00-05:00,64.45,61.790000000000006,-0.0,2.66
2025-01-12 12:00:00-05:00,65.97,63.19,-0.0,2.78
2025-01-12 13:00:00-05:00,65.75,63.04,-0.0,2.71
2025-01-12 14:00:00-05:00,67.38,64.35,-0.0,3.03
2025-01-12 15:00:00-05:00,68.59,65.2,-0.0,3.39
2025-01-12 16:00:00-05:00,80.44,68.47,7.65,4.32
2025-01-12 17:00:00-05:00,104.8,81.69,17.8,5.31
2025-01-12 18:00:00-05:00,93.4,74.12,14.61,4.67
2025-01-12 19:00:00-05:00,84.1,68.27999999999999,11.45,4.37
2025-01-12 20:00:00-05:00,76.46,65.94,6.1,4.42
2025-01-12 21:00:00-05:00,77.22,65.39,7.97,3.86
2025-01-12 22:00:00-05:00,73.68,65.07000000000001,5.03,3.58
2025-01-12 23:00:00-05:00,69.0,65.13,0.29,3.58
2025-01-13 00:00:00-05:00,79.11,65.4,10.05,3.66
2025-01-13 01:00:00-05:00,77.58,65.33000000000001,8.79,3.46
2025-01-13 02:00:00-05:00,72.04,65.46000000000001,3.05,3.53
2025-01-13 03:00:00-05:00,71.73,65.27000000000001,3.07,3.39
2025-01-13 04:00:00-05:00,79.8,65.6,10.53,3.67
2025-01-13 05:00:00-05:00,86.19,66.19999999999999,15.95,4.04
2025-01-13 06:00:00-05:00,95.9,74.53,16.82,4.55
2025-01-13 07:00:00-05:00,113.17,101.03,5.37,6.77
2025-01-13 08:00:00-05:00,106.87,93.43,7.08,6.36
2025-01-13 09:00:00-05:00,92.59,71.81,15.97,4.81
2025-01-13 10:00:00-05:00,85.6,67.06,14.05,4.49
2025-01-13 11:00:00-05:00,82.98,65.46000000000001,13.46,4.06
2025-01-13 12:00:00-05:00,80.06,65.4,10.67,3.99
2025-01-13 13:00:00-05:00,80.04,65.27000000000001,10.92,3.85
2025-01-13 14:00:00-05:00,79.74,65.33,10.42,3.99
2025-01-13 15:00:00-05:00,88.1,65.78999999999999,17.97,4.34
2025-01-13 16:00:00-05:00,103.8,72.53,26.04,5.23
2025-01-13 17:00:00-05:00,120.09,81.77000000000001,32.43,5.89
2025-01-13 18:00:00-05:00,114.6,80.48,28.41,5.71
2025-01-13 19:00:00-05:00,103.0,67.24,30.98,4.78
2025-01-13 20:00:00-05:00,95.65,66.47,24.53,4.65
2025-01-13 21:00:00-05:00,89.3,64.94,20.27,4.09
2025-01-13 22:00:00-05:00,84.2,65.72999999999999,14.46,4.01
2025-01-13 23:00:00-05:00,81.5,65.33,12.45,3.72
2025-01-14 00:00:00-05:00,90.2,64.72,21.73,3.75
2025-01-14 01:00:00-05:00,87.2,63.13000000000001,20.41,3.66
2025-01-14 02:00:00-05:00,84.6,65.59,15.21,3.8
2025-01-14 03:00:00-05:00,83.3,65.59,13.91,3.8
2025-01-14 04:00:00-05:00,86.0,65.65,16.54,3.81
2025-01-14 05:00:00-05:00,95.97,62.5,29.78,3.69
2025-01-14 06:00:00-05:00,109.7,69.95,35.34,4.41
2025-01-14 07:00:00-05:00,138.63,82.26999999999998,51.02,5.34
2025-01-14 08:00:00-05:00,117.2,82.36000000000001,29.16,5.68
2025-01-14 09:00:00-05:00,93.79,80.04,7.98,5.77
2025-01-14 10:00:00-05:00,90.83,82.19,2.72,5.92
2025-01-14 11:00:00-05:00,85.43,75.09,4.93,5.41
2025-01-14 12:00:00-05:00,82.5,76.77,0.2,5.53
2025-01-14 13:00:00-05:00,83.75,78.2,-0.0,5.55
2025-01-14 14:00:00-05:00,90.1,82.1,2.08,5.92
2025-01-14 15:00:00-05:00,97.54,83.66000000000001,7.78,6.1
2025-01-14 16:00:00-05:00,118.92,82.37,30.54,6.01
2025-01-14 17:00:00-05:00,147.93,122.09000000000002,17.17,8.67
2025-01-14 18:00:00-05:00,140.9,88.53,45.82,6.55
2025-01-14 19:00:00-05:00,125.41,85.55000000000001,33.62,6.24
2025-01-14 20:00:00-05:00,121.34,85.83,29.25,6.26
2025-01-14 21:00:00-05:00,104.6,82.19999999999999,16.73,5.67
2025-01-14 22:00:00-05:00,100.84,81.96000000000001,13.39,5.49
2025-01-14 23:00:00-05:00,100.5,81.86,13.48,5.16
2025-01-15 00:00:00-05:00,96.1,80.92999999999999,9.83,5.34
2025-01-15 01:00:00-05:00,90.73,74.87,10.92,4.94
2025-01-15 02:00:00-05:00,90.97,74.87,11.16,4.94
2025-01-15 03:00:00-05:00,84.74,74.86,4.94,4.94
2025-01-15 04:00:00-05:00,86.01,80.61,-0.0,5.4
2025-01-15 05:00:00-05:00,96.7,82.2,8.99,5.51
2025-01-15 06:00:00-05:00,118.36,85.91,26.69,5.76
2025-01-15 07:00:00-05:00,150.44,103.79,39.7,6.95
2025-01-15 08:00:00-05:00,123.96,109.35,6.84,7.77
2025-01-15 09:00:00-05:00,100.57,85.72999999999999,8.93,5.91
2025-01-15 10:00:00-05:00,98.03,85.73,6.21,6.09
2025-01-15 11:00:00-05:00,99.0,86.0,6.8,6.2
2025-01-15 12:00:00-05:00,96.03,85.64,4.22,6.17
2025-01-15 13:00:00-05:00,95.86,84.85000000000001,4.99,6.02
2025-01-15 14:00:00-05:00,98.89,85.38,7.28,6.23
2025-01-15 15:00:00-05:00,112.94,86.55,20.08,6.31
2025-01-15 16:00:00-05:00,125.52,87.5,31.72,6.3
2025-01-15 17:00:00-05:00,159.09,113.70000000000002,37.32,8.07
2025-01-15 18:00:00-05:00,148.03,115.0,24.86,8.17
2025-01-15 19:00:00-05:00,132.8,84.93,42.09,5.78
2025-01-15 20:00:00-05:00,126.94,85.10999999999999,36.04,5.79
2025-01-15 21:00:00-05:00,118.86,84.15,29.07,5.64
2025-01-15 22:00:00-05:00,120.0,84.15,30.21,5.64
2025-01-15 23:00:00-05:00,110.0,83.72,21.0,5.28
2025-01-16 00:00:00-05:00,123.0,82.03,35.56,5.41
2025-01-16 01:00:00-05:00,117.8,81.85999999999999,30.62,5.32
2025-01-16 02:00:00-05:00,114.1,80.96,27.95,5.19
2025-01-16 03:00:00-05:00,109.46,95.75,7.58,6.13
2025-01-16 04:00:00-05:00,121.1,99.46,15.27,6.37
2025-01-16 05:00:00-05:00,132.28,83.85999999999999,41.38,7.04
2025-01-16 06:00:00-05:00,157.59,122.75,25.63,9.21
2025-01-16 07:00:00-05:00,174.6,149.91,13.75,10.94
2025-01-16 08:00:00-05:00,152.1,133.09,8.9,10.11
2025-01-16 09:00:00-05:00,136.67,109.80999999999996,17.85,9.01
2025-01-16 10:00:00-05:00,123.13,114.01,-0.0,9.12
2025-01-16 11:00:00-05:00,115.6,86.35,21.91,7.34
2025-01-16 12:00:00-05:00,115.0,85.72,21.91,7.37
2025-01-16 13:00:00-05:00,123.29,91.46,23.96,7.87
2025-01-16 14:00:00-05:00,121.85,89.47,24.69,7.69
2025-01-16 15:00:00-05:00,134.95,96.61999999999998,30.21,8.12
2025-01-16 16:00:00-05:00,156.31,94.96,53.66,7.69
2025-01-16 17:00:00-05:00,193.73,115.29999999999998,69.43,9.0
2025-01-16 18:00:00-05:00,177.58,96.3,73.48,7.8
2025-01-16 19:00:00-05:00,165.23,88.19999999999999,69.62,7.41
2025-01-16 20:00:00-05:00,148.97,92.45000000000002,49.04,7.48
2025-01-16 21:00:00-05:00,130.86,83.14000000000001,40.66,7.06
2025-01-16 22:00:00-05:00,131.61,82.03,42.52,7.06
2025-01-16 23:00:00-05:00,122.73,85.43,29.87,7.43
2025-01-17 00:00:00-05:00,130.59,105.22,16.53,8.84
2025-01-17 01:00:00-05:00,113.5,85.63,20.5,7.37
2025-01-17 02:00:00-05:00,109.2,79.07000000000001,23.41,6.72
2025-01-17 03:00:00-05:00,103.9,86.18,10.48,7.24
2025-01-17 04:00:00-05:00,108.3,86.02,15.15,7.13
2025-01-17 05:00:00-05:00,121.19,85.00999999999999,29.04,7.14
2025-01-17 06:00:00-05:00,137.55,87.37,42.49,7.69
2025-01-17 07:00:00-05:00,171.0,124.6,35.82,10.58
2025-01-17 08:00:00-05:00,148.65,127.09000000000002,11.14,10.42
2025-01-17 09:00:00-05:00,118.4,87.09,23.64,7.67
2025-01-17 10:00:00-05:00,95.8,85.17999999999999,3.12,7.5
2025-01-17 11:00:00-05:00,90.2,82.98,-0.0,7.22
2025-01-17 12:00:00-05:00,89.08,82.1,-0.0,6.98
2025-01-17 13:00:00-05:00,88.0,81.18,-0.0,6.82
2025-01-17 14:00:00-05:00,92.5,84.94,-0.0,7.56
2025-01-17 15:00:00-05:00,103.5,70.56,26.87,6.07
2025-01-17 16:00:00-05:00,103.82,70.5,27.11,6.21
2025-01-17 17:00:00-05:00,141.16,70.72,64.15,6.29
2025-01-17 18:00:00-05:00,125.0,70.56,48.16,6.28
2025-01-17 19:00:00-05:00,109.0,70.55,32.03,6.42
2025-01-17 20:00:00-05:00,107.92,70.7,30.64,6.58
2025-01-17 21:00:00-05:00,99.86,70.25,23.22,6.39
2025-01-17 22:00:00-05:00,91.97,70.41,15.01,6.55
2025-01-17 23:00:00-05:00,99.5,70.11,23.36,6.03
2025-01-18 00:00:00-05:00,125.0,70.04,50.97,3.99
2025-01-18 01:00:00-05:00,111.87,69.68,38.43,3.76
2025-01-18 02:00:00-05:00,109.79,68.44,37.73,3.62
2025-01-18 03:00:00-05:00,109.28,69.67999999999999,35.84,3.76
2025-01-18 04:00:00-05:00,110.0,69.76,36.41,3.83
2025-01-18 05:00:00-05:00,114.31,70.33000000000001,39.9,4.08
2025-01-18 06:00:00-05:00,125.73,66.61,55.33,3.79
2025-01-18 07:00:00-05:00,141.46,54.65000000000002,82.99,3.82
2025-01-18 08:00:00-05:00,133.21,58.71000000000001,70.22,4.28
2025-01-18 09:00:00-05:00,128.93,69.77000000000001,53.86,5.3
2025-01-18 10:00:00-05:00,133.26,75.05999999999999,52.19,6.01
2025-01-18 11:00:00-05:00,133.17,70.95999999999998,56.53,5.68
2025-01-18 12:00:00-05:00,134.3,70.69,58.24,5.37
2025-01-18 13:00:00-05:00,134.48,70.61,58.64,5.23
2025-01-18 14:00:00-05:00,131.3,70.69000000000001,55.03,5.58
2025-01-18 15:00:00-05:00,137.09,70.75999999999999,60.96,5.37
2025-01-18 16:00:00-05:00,155.05,71.60000000000001,77.79,5.66
2025-01-18 17:00:00-05:00,155.6,71.29999999999998,79.31,4.99
2025-01-18 18:00:00-05:00,149.99,74.82,69.93,5.24
2025-01-18 19:00:00-05:00,141.27,71.08,65.29,4.9
2025-01-18 20:00:00-05:00,134.55,70.85000000000001,58.95,4.75
2025-01-18 21:00:00-05:00,119.41,70.72,43.88,4.81
2025-01-18 22:00:00-05:00,111.28,70.94,35.38,4.96
2025-01-18 23:00:00-05:00,109.35,70.71,33.97,4.67
2025-01-19 00:00:00-05:00,167.49,82.25,79.9,5.34
2025-01-19 01:00:00-05:00,166.5,84.69999999999999,76.37,5.43
2025-01-19 02:00:00-05:00,152.88,82.98,64.67,5.23
2025-01-19 03:00:00-05:00,150.0,85.00999999999999,59.63,5.36
2025-01-19 04:00:00-05:00,150.92,85.00999999999998,60.55,5.36
2025-01-19 05:00:00-05:00,156.1,85.35000000000001,65.21,5.54
2025-01-19 06:00:00-05:00,160.0,85.27000000000001,69.19,5.54
2025-01-19 07:00:00-05:00,194.62,85.35,102.53,6.74
2025-01-19 08:00:00-05:00,199.62,88.61000000000001,103.57,7.44
2025-01-19 09:00:00-05:00,196.88,89.63,99.81,7.44
2025-01-19 10:00:00-05:00,207.82,88.68999999999998,111.77,7.36
2025-01-19 11:00:00-05:00,205.3,88.79,109.23,7.28
2025-01-19 12:00:00-05:00,203.8,88.61000000000003,108.02,7.17
2025-01-19 13:00:00-05:00,197.22,87.42,102.8,7.0
2025-01-19 14:00:00-05:00,197.34,89.31000000000002,100.71,7.32
2025-01-19 15:00:00-05:00,219.89,137.09999999999997,72.64,10.15
2025-01-19 16:00:00-05:00,252.89,155.51,86.18,11.2
2025-01-19 17:00:00-05:00,246.32,227.99999999999997,3.71,14.61
2025-01-19 18:00:00-05:00,226.17,209.64,3.31,13.22
2025-01-19 19:00:00-05:00,222.48,205.18,4.37,12.93
2025-01-19 20:00:00-05:00,202.4,165.96,25.81,10.63
2025-01-19 21:00:00-05:00,180.88,137.82999999999998,34.5,8.55
2025-01-19 22:00:00-05:00,184.11,149.34,25.81,8.96
2025-01-19 23:00:00-05:00,171.42,161.86999999999998,-0.0,9.55
2025-01-20 00:00:00-05:00,184.04,174.12,-0.0,9.92
2025-01-20 01:00:00-05:00,175.31,162.76,3.11,9.44
2025-01-20 02:00:00-05:00,170.1,156.48,4.23,9.39
2025-01-20 03:00:00-05:00,167.6,157.36999999999998,1.58,8.65
2025-01-20 04:00:00-05:00,176.4,168.0,-0.0,8.4
2025-01-20 05:00:00-05:00,198.66,191.01,-0.0,7.65
2025-01-20 06:00:00-05:00,239.02,229.39,-0.0,9.63
2025-01-20 07:00:00-05:00,273.5,242.12,20.74,10.64
2025-01-20 08:00:00-05:00,251.41,213.55,28.47,9.39
2025-01-20 09:00:00-05:00,242.55,229.52,2.69,10.34
2025-01-20 10:00:00-05:00,219.99,210.31,-0.0,9.68
2025-01-20 11:00:00-05:00,217.61,208.23,-0.0,9.38
2025-01-20 12:00:00-05:00,217.8,208.02,-0.0,9.78
2025-01-20 13:00:00-05:00,219.23,208.99,-0.0,10.24
2025-01-20 14:00:00-05:00,228.27,217.61,-0.0,10.66
2025-01-20 15:00:00-05:00,235.8,222.72000000000003,1.51,11.57
2025-01-20 16:00:00-05:00,268.4,228.08999999999995,29.14,11.17
2025-01-20 17:00:00-05:00,323.99,283.36,28.73,11.9
2025-01-20 18:00:00-05:00,305.68,274.09,20.35,11.24
2025-01-20 19:00:00-05:00,285.48,250.00000000000003,24.98,10.5
2025-01-20 20:00:00-05:00,260.47,234.81000000000003,15.34,10.32
2025-01-20 21:00:00-05:00,235.54,219.37,6.53,9.64
2025-01-20 22:00:00-05:00,231.93,222.37,-0.0,9.56
2025-01-20 23:00:00-05:00,219.88,211.22,-0.0,8.66
2025-01-21 00:00:00-05:00,212.14,203.77999999999997,-0.0,8.36
2025-01-21 01:00:00-05:00,202.04,186.67,7.35,8.02
2025-01-21 02:00:00-05:00,205.6,197.5,-0.0,8.1
2025-01-21 03:00:00-05:00,203.52,195.32,-0.0,8.2
2025-01-21 04:00:00-05:00,208.25,200.23,-0.0,8.02
2025-01-21 05:00:00-05:00,217.76,209.38,-0.0,8.38
2025-01-21 06:00:00-05:00,265.8,255.57,-0.0,10.23
2025-01-21 07:00:00-05:00,311.0,299.34,-0.0,11.66
2025-01-21 08:00:00-05:00,272.69,262.19,-0.0,10.5
2025-01-21 09:00:00-05:00,258.78,248.34999999999997,-0.0,10.43
2025-01-21 10:00:00-05:00,245.48,234.9,-0.0,10.58
2025-01-21 11:00:00-05:00,232.92,222.88,-0.0,10.04
2025-01-21 12:00:00-05:00,228.48,218.43,-0.0,10.05
2025-01-21 13:00:00-05:00,234.1,223.8,-0.0,10.3
2025-01-21 14:00:00-05:00,242.9,232.43,-0.0,10.47
2025-01-21 15:00:00-05:00,256.31,245.98,-0.0,10.33
2025-01-21 16:00:00-05:00,269.35,258.98,-0.0,10.37
2025-01-21 17:00:00-05:00,341.3,318.46000000000004,10.09,12.75
2025-01-21 18:00:00-05:00,332.4,308.77,12.2,11.43
2025-01-21 19:00:00-05:00,295.2,279.28,4.74,11.18
2025-01-21 20:00:00-05:00,261.9,251.12,-0.01,10.79
2025-01-21 21:00:00-05:00,249.96,239.89,-0.0,10.07
2025-01-21 22:00:00-05:00,237.25,228.57,-0.0,8.68
2025-01-21 23:00:00-05:00,233.39,225.29,-0.0,8.1
2025-01-22 00:00:00-05:00,211.32,203.78,-0.0,7.54
2025-01-22 01:00:00-05:00,206.94,199.18,-0.0,7.76
2025-01-22 02:00:00-05:00,202.67,195.07,-0.0,7.6
2025-01-22 03:00:00-05:00,201.58,194.02,-0.0,7.56
2025-01-22 04:00:00-05:00,214.86,207.19000000000003,-0.0,7.67
2025-01-22 05:00:00-05:00,235.83,216.31000000000003,11.51,8.01
2025-01-22 06:00:00-05:00,280.99,282.35,-11.51,10.15
2025-01-22 07:00:00-05:00,312.08,301.53,-0.0,10.55
2025-01-22 08:00:00-05:00,285.35,275.45000000000005,-0.0,9.9
2025-01-22 09:00:00-05:00,256.88,246.53,-0.0,10.35
2025-01-22 10:00:00-05:00,229.94,220.26,-0.0,9.68
2025-01-22 11:00:00-05:00,217.22,208.47,-0.0,8.75
2025-01-22 12:00:00-05:00,214.33,205.69,-0.0,8.64
2025-01-22 13:00:00-05:00,214.85,206.0,-0.0,8.85
2025-01-22 14:00:00-05:00,217.79,208.62,-0.0,9.17
2025-01-22 15:00:00-05:00,240.96,229.71,-0.0,11.25
2025-01-22 16:00:00-05:00,254.73,243.29,-0.0,11.44
2025-01-22 17:00:00-05:00,308.3,294.35,0.11,13.84
2025-01-22 18:00:00-05:00,300.2,284.88,2.21,13.11
2025-01-22 19:00:00-05:00,271.3,259.36,-0.0,11.94
2025-01-22 20:00:00-05:00,254.39,243.43,-0.0,10.96
2025-01-22 21:00:00-05:00,237.0,227.02,-0.0,9.98
2025-01-22 22:00:00-05:00,223.61,214.8,-0.0,8.81
2025-01-22 23:00:00-05:00,216.34,208.23,-0.0,8.11
2025-01-23 00:00:00-05:00,170.69,162.26,-0.0,8.43
2025-01-23 01:00:00-05:00,163.88,155.93,-0.0,7.95
2025-01-23 02:00:00-05:00,161.29,153.47,-0.0,7.82
2025-01-23 03:00:00-05:00,159.83,151.93,-0.0,7.9
2025-01-23 04:00:00-05:00,164.26,156.14999999999998,-0.0,8.11
2025-01-23 05:00:00-05:00,171.52,162.28,-0.0,9.24
2025-01-23 06:00:00-05:00,211.8,178.07000000000002,23.23,10.5
2025-01-23 07:00:00-05:00,226.9,182.14,34.2,10.56
2025-01-23 08:00:00-05:00,209.5,174.89,24.47,10.14
2025-01-23 09:00:00-05:00,192.36,182.34,-0.0,10.02
2025-01-23 10:00:00-05:00,164.71,156.72,-0.0,7.99
2025-01-23 11:00:00-05:00,151.21,143.74,-0.0,7.47
2025-01-23 12:00:00-05:00,151.32,144.12,-0.0,7.2
2025-01-23 13:00:00-05:00,145.57,138.38,-0.0,7.19
2025-01-23 14:00:00-05:00,144.44,137.3,-0.0,7.14
2025-01-23 15:00:00-05:00,155.02,147.5,-0.0,7.52
2025-01-23 16:00:00-05:00,170.63,161.74,-0.0,8.89
2025-01-23 17:00:00-05:00,195.7,182.68,2.43,10.59
2025-01-23 18:00:00-05:00,193.55,177.31,5.96,10.28
2025-01-23 19:00:00-05:00,175.66,166.67,-0.0,8.99
2025-01-23 20:00:00-05:00,169.99,161.29000000000002,-0.0,8.7
2025-01-23 21:00:00-05:00,162.36,154.19000000000003,-0.0,8.17
2025-01-23 22:00:00-05:00,156.28,148.56,-0.0,7.72
2025-01-23 23:00:00-05:00,155.27,147.88000000000002,-0.0,7.39
2025-01-24 00:00:00-05:00,154.62,100.51,47.67,6.44
2025-01-24 01:00:00-05:00,145.72,96.77,42.75,6.2
2025-01-24 02:00:00-05:00,127.9,97.55,24.01,6.34
2025-01-24 03:00:00-05:00,132.02,112.5,12.31,7.21
2025-01-24 04:00:00-05:00,138.01,111.16,19.63,7.22
2025-01-24 05:00:00-05:00,149.0,129.94,10.62,8.44
2025-01-24 06:00:00-05:00,179.0,167.35000000000002,1.95,9.7
2025-01-24 07:00:00-05:00,196.43,174.06000000000003,12.45,9.92
2025-01-24 08:00:00-05:00,182.2,172.22,-0.0,9.98
2025-01-24 09:00:00-05:00,165.0,129.9,26.53,8.57
2025-01-24 10:00:00-05:00,134.11,109.03000000000002,17.77,7.31
2025-01-24 11:00:00-05:00,127.19,99.94,20.76,6.49
2025-01-24 12:00:00-05:00,122.6,100.71,15.54,6.35
2025-01-24 13:00:00-05:00,120.28,97.43,16.71,6.14
2025-01-24 14:00:00-05:00,120.2,100.83,12.72,6.65
2025-01-24 15:00:00-05:00,133.79,104.43,22.36,7.0
2025-01-24 16:00:00-05:00,156.2,111.23,37.63,7.34
2025-01-24 17:00:00-05:00,189.54,132.64999999999998,47.61,9.28
2025-01-24 18:00:00-05:00,190.0,132.36,48.51,9.13
2025-01-24 19:00:00-05:00,177.4,109.19000000000004,61.01,7.2
2025-01-24 20:00:00-05:00,163.51,102.72,54.12,6.67
2025-01-24 21:00:00-05:00,142.87,110.65,24.92,7.3
2025-01-24 22:00:00-05:00,132.92,100.51,25.78,6.63
2025-01-24 23:00:00-05:00,137.2,100.31,30.57,6.32
2025-01-25 00:00:00-05:00,164.0,97.34,60.52,6.14
2025-01-25 01:00:00-05:00,153.26,116.70999999999998,29.31,7.24
2025-01-25 02:00:00-05:00,148.4,121.99,18.97,7.44
2025-01-25 03:00:00-05:00,145.79,137.54,-0.0,8.25
2025-01-25 04:00:00-05:00,149.86,141.51000000000002,-0.0,8.35
2025-01-25 05:00:00-05:00,158.66,149.68,-0.0,8.98
2025-01-25 06:00:00-05:00,176.62,133.04000000000002,35.6,7.98
2025-01-25 07:00:00-05:00,196.1,130.32999999999998,58.34,7.43
2025-01-25 08:00:00-05:00,187.7,137.14999999999998,42.46,8.09
2025-01-25 09:00:00-05:00,161.09,109.56,44.85,6.68
2025-01-25 10:00:00-05:00,132.42,100.36,25.84,6.22
2025-01-25 11:00:00-05:00,118.6,87.79999999999998,25.18,5.62
2025-01-25 12:00:00-05:00,114.13,87.53,21.08,5.52
2025-01-25 13:00:00-05:00,113.34,87.28,20.56,5.5
2025-01-25 14:00:00-05:00,119.64,87.42999999999999,26.7,5.51
2025-01-25 15:00:00-05:00,134.8,87.62,41.66,5.52
2025-01-25 16:00:00-05:00,157.9,87.80000000000001,64.65,5.45
2025-01-25 17:00:00-05:00,198.2,88.16,104.57,5.47
2025-01-25 18:00:00-05:00,190.0,88.25999999999999,96.18,5.56
2025-01-25 19:00:00-05:00,175.0,81.80999999999999,88.2,4.99
2025-01-25 20:00:00-05:00,161.46,76.68,80.1,4.68
2025-01-25 21:00:00-05:00,149.11,73.11,71.54,4.46
2025-01-25 22:00:00-05:00,140.84,72.28999999999999,63.99,4.56
2025-01-25 23:00:00-05:00,135.4,72.16,58.84,4.4
2025-01-26 00:00:00-05:00,132.56,87.62,39.51,5.43
2025-01-26 01:00:00-05:00,123.09,85.24000000000001,32.65,5.2
2025-01-26 02:00:00-05:00,120.58,81.82,33.85,4.91
2025-01-26 03:00:00-05:00,119.92,81.82000000000001,33.19,4.91
2025-01-26 04:00:00-05:00,123.09,80.97,37.26,4.86
2025-01-26 05:00:00-05:00,125.0,73.28,47.32,4.4
2025-01-26 06:00:00-05:00,137.0,81.21000000000001,50.75,5.04
2025-01-26 07:00:00-05:00,145.93,71.92,69.7,4.31
2025-01-26 08:00:00-05:00,137.24,78.03,54.21,5.0
2025-01-26 09:00:00-05:00,128.91,81.31,42.24,5.36
2025-01-26 10:00:00-05:00,125.0,72.85,47.34,4.81
2025-01-26 11:00:00-05:00,120.74,75.06,40.8,4.88
2025-01-26 12:00:00-05:00,117.65,72.15,40.81,4.69
2025-01-26 13:00:00-05:00,114.13,72.15,37.29,4.69
2025-01-26 14:00:00-05:00,122.45,72.29,45.53,4.63
2025-01-26 15:00:00-05:00,132.0,81.14,45.59,5.27
2025-01-26 16:00:00-05:00,150.85,83.42000000000002,62.01,5.42
2025-01-26 17:00:00-05:00,160.81,88.07000000000001,67.02,5.72
2025-01-26 18:00:00-05:00,162.37,88.08000000000001,68.57,5.72
2025-01-26 19:00:00-05:00,153.62,87.62,60.31,5.69
2025-01-26 20:00:00-05:00,146.13,87.80000000000001,52.63,5.7
2025-01-26 21:00:00-05:00,132.63,80.96000000000001,46.48,5.19
2025-01-26 22:00:00-05:00,120.71,78.04999999999998,37.74,4.92
2025-01-26 23:00:00-05:00,115.0,72.0,38.61,4.39
2025-01-27 00:00:00-05:00,117.0,81.21,30.75,5.04
2025-01-27 01:00:00-05:00,115.1,71.92999999999999,38.78,4.39
2025-01-27 02:00:00-05:00,110.54,71.70000000000002,34.54,4.3
2025-01-27 03:00:00-05:00,111.85,71.76999999999998,35.77,4.31
2025-01-27 04:00:00-05:00,117.44,72.0,41.05,4.39
2025-01-27 05:00:00-05:00,129.93,72.15,53.31,4.47
2025-01-27 06:00:00-05:00,151.02,87.25,58.27,5.5
2025-01-27 07:00:00-05:00,182.28,87.97,88.85,5.46
2025-01-27 08:00:00-05:00,156.59,88.25,62.43,5.91
2025-01-27 09:00:00-05:00,132.2,73.63999999999999,53.7,4.86
2025-01-27 10:00:00-05:00,116.27,71.71,39.83,4.73
2025-01-27 11:00:00-05:00,108.3,71.69999999999999,31.87,4.73
2025-01-27 12:00:00-05:00,102.81,71.85000000000001,26.22,4.74
2025-01-27 13:00:00-05:00,103.4,71.78,26.96,4.66
2025-01-27 14:00:00-05:00,109.07,71.77,32.56,4.74
2025-01-27 15:00:00-05:00,128.2,71.91999999999999,51.61,4.67
2025-01-27 16:00:00-05:00,153.21,71.92000000000002,76.62,4.67
2025-01-27 17:00:00-05:00,184.02,82.69,95.87,5.46
2025-01-27 18:00:00-05:00,171.4,80.56000000000002,85.52,5.32
2025-01-27 19:00:00-05:00,153.4,72.28999999999999,76.34,4.77
2025-01-27 20:00:00-05:00,144.9,75.69,64.22,4.99
2025-01-27 21:00:00-05:00,132.0,72.06,55.26,4.68
2025-01-27 22:00:00-05:00,124.35,71.85,47.9,4.6
2025-01-27 23:00:00-05:00,119.2,71.7,43.2,4.3
2025-01-28 00:00:00-05:00,112.56,71.42,36.86,4.28
2025-01-28 01:00:00-05:00,110.92,71.34,35.44,4.14
2025-01-28 02:00:00-05:00,106.56,71.27000000000001,31.16,4.13
2025-01-28 03:00:00-05:00,111.38,71.27000000000001,35.98,4.13
2025-01-28 04:00:00-05:00,115.7,71.56,39.92,4.22
2025-01-28 05:00:00-05:00,125.0,72.0,48.61,4.39
2025-01-28 06:00:00-05:00,147.58,78.67000000000002,64.03,4.88
2025-01-28 07:00:00-05:00,173.19,87.52999999999999,80.14,5.52
2025-01-28 08:00:00-05:00,154.03,87.98,60.33,5.72
2025-01-28 09:00:00-05:00,127.15,87.62,33.92,5.61
2025-01-28 10:00:00-05:00,122.78,87.81,29.35,5.62
2025-01-28 11:00:00-05:00,118.39,87.81,24.88,5.7
2025-01-28 12:00:00-05:00,114.44,87.69999999999999,21.04,5.7
2025-01-28 13:00:00-05:00,113.0,86.13,21.28,5.59
2025-01-28 14:00:00-05:00,115.01,87.62,21.61,5.78
2025-01-28 15:00:00-05:00,133.87,88.16000000000001,39.89,5.82
2025-01-28 16:00:00-05:00,161.79,88.25999999999999,67.62,5.91
2025-01-28 17:00:00-05:00,196.72,168.18,17.62,10.92
2025-01-28 18:00:00-05:00,190.0,170.56,8.51,10.93
2025-01-28 19:00:00-05:00,180.0,116.12,56.22,7.66
2025-01-28 20:00:00-05:00,173.39,140.77999999999997,23.46,9.15
2025-01-28 21:00:00-05:00,144.28,104.18,33.33,6.77
2025-01-28 22:00:00-05:00,127.99,87.53999999999999,34.76,5.69
2025-01-28 23:00:00-05:00,125.81,87.17000000000002,33.23,5.41
2025-01-29 00:00:00-05:00,131.8,95.16,31.31,5.33
2025-01-29 01:00:00-05:00,129.0,88.66,35.56,4.78
2025-01-29 02:00:00-05:00,125.0,87.99000000000001,32.26,4.75
2025-01-29 03:00:00-05:00,123.5,82.44999999999999,36.6,4.45
2025-01-29 04:00:00-05:00,129.5,91.18,33.4,4.92
2025-01-29 05:00:00-05:00,136.9,91.63000000000002,40.23,5.04
2025-01-29 06:00:00-05:00,160.5,80.10000000000001,75.76,4.64
2025-01-29 07:00:00-05:00,190.08,72.31000000000002,113.58,4.19
2025-01-29 08:00:00-05:00,176.9,79.75000000000001,92.2,4.95
2025-01-29 09:00:00-05:00,149.56,92.28,51.56,5.72
2025-01-29 10:00:00-05:00,137.63,121.37,8.73,7.53
2025-01-29 11:00:00-05:00,129.73,117.42,5.03,7.28
2025-01-29 12:00:00-05:00,126.39,119.24,-0.0,7.15
2025-01-29 13:00:00-05:00,125.0,117.49,0.34,7.17
2025-01-29 14:00:00-05:00,125.0,113.48,4.6,6.92
2025-01-29 15:00:00-05:00,129.72,122.38,-0.0,7.34
2025-01-29 16:00:00-05:00,144.12,135.83,-0.0,8.29
2025-01-29 17:00:00-05:00,179.06,93.02,80.08,5.96
2025-01-29 18:00:00-05:00,176.63,102.78,67.27,6.58
2025-01-29 19:00:00-05:00,165.8,94.58,65.26,5.96
2025-01-29 20:00:00-05:00,151.0,123.0,20.25,7.75
2025-01-29 21:00:00-05:00,138.58,124.16000000000004,6.72,7.7
2025-01-29 22:00:00-05:00,128.21,117.01,4.42,6.78
2025-01-29 23:00:00-05:00,127.58,104.0,17.65,5.93
2025-01-30 00:00:00-05:00,130.6,102.26,22.51,5.83
2025-01-30 01:00:00-05:00,129.8,94.75,29.94,5.11
2025-01-30 02:00:00-05:00,125.1,92.01,28.22,4.87
2025-01-30 03:00:00-05:00,124.0,93.95,25.17,4.88
2025-01-30 04:00:00-05:00,130.0,99.88,24.73,5.39
2025-01-30 05:00:00-05:00,136.76,96.59,34.28,5.89
2025-01-30 06:00:00-05:00,169.4,69.45,95.64,4.31
2025-01-30 07:00:00-05:00,210.0,88.25000000000001,116.46,5.29
2025-01-30 08:00:00-05:00,172.29,102.18,63.57,6.54
2025-01-30 09:00:00-05:00,143.8,87.63000000000002,50.48,5.69
2025-01-30 10:00:00-05:00,117.73,87.09,25.06,5.58
2025-01-30 11:00:00-05:00,97.47,87.25999999999999,4.54,5.67
2025-01-30 12:00:00-05:00,93.16,75.92,12.38,4.86
2025-01-30 13:00:00-05:00,96.99,71.38,21.11,4.5
2025-01-30 14:00:00-05:00,105.0,66.53,34.28,4.19
2025-01-30 15:00:00-05:00,128.95,71.17999999999998,53.21,4.56
2025-01-30 16:00:00-05:00,166.63,78.68999999999998,82.98,4.96
2025-01-30 17:00:00-05:00,181.91,87.26,88.98,5.67
2025-01-30 18:00:00-05:00,177.41,87.35000000000001,84.39,5.67
2025-01-30 19:00:00-05:00,174.93,79.89000000000001,89.85,5.19
2025-01-30 20:00:00-05:00,152.77,109.92,35.92,6.93
2025-01-30 21:00:00-05:00,139.97,114.64,18.34,6.99
2025-01-30 22:00:00-05:00,130.81,94.3,31.14,5.37
2025-01-30 23:00:00-05:00,124.0,74.96000000000001,44.85,4.19
2025-01-31 00:00:00-05:00,126.73,66.16,57.07,3.5
2025-01-31 01:00:00-05:00,124.0,69.52000000000001,50.87,3.61
2025-01-31 02:00:00-05:00,119.6,69.37,46.62,3.61
2025-01-31 03:00:00-05:00,119.99,67.66999999999999,48.87,3.45
2025-01-31 04:00:00-05:00,119.0,73.42,41.69,3.89
2025-01-31 05:00:00-05:00,124.73,76.93,43.73,4.07
2025-01-31 06:00:00-05:00,140.52,88.58000000000001,47.07,4.87
2025-01-31 07:00:00-05:00,161.1,98.35,57.05,5.7
2025-01-31 08:00:00-05:00,150.0,119.81,23.12,7.07
2025-01-31 09:00:00-05:00,148.75,140.73,-0.0,8.02
2025-01-31 10:00:00-05:00,139.13,132.13,-0.0,7.0
2025-01-31 11:00:00-05:00,132.76,125.37,-0.0,7.39
2025-01-31 12:00:00-05:00,124.3,107.93,9.57,6.8
2025-01-31 13:00:00-05:00,117.3,87.28,24.52,5.5
2025-01-31 14:00:00-05:00,125.0,87.18,32.32,5.5
2025-01-31 15:00:00-05:00,121.4,87.1,28.9,5.4
2025-01-31 16:00:00-05:00,140.0,86.83000000000001,47.79,5.38
2025-01-31 17:00:00-05:00,147.73,87.0,55.25,5.48
2025-01-31 18:00:00-05:00,145.13,79.01999999999998,61.21,4.9
2025-01-31 19:00:00-05:00,119.87,71.42,44.17,4.28
2025-01-31 20:00:00-05:00,128.16,71.5,52.23,4.43
2025-01-31 21:00:00-05:00,110.44,71.19999999999999,35.04,4.2
2025-01-31 22:00:00-05:00,99.19,71.19999999999999,23.79,4.2
2025-01-31 23:00:00-05:00,96.6,71.13,21.56,3.91
2025-02-01 00:00:00-05:00,79.1,63.919999999999995,12.24,2.94
2025-02-01 01:00:00-05:00,78.0,52.5,23.19,2.31
2025-02-01 02:00:00-05:00,79.19,46.48,30.8,1.91
2025-02-01 03:00:00-05:00,76.35,44.84,29.71,1.8
2025-02-01 04:00:00-05:00,77.79,45.82,30.18,1.79
2025-02-01 05:00:00-05:00,81.97,48.06,32.08,1.83
2025-02-01 06:00:00-05:00,88.58,53.45,33.26,1.87
2025-02-01 07:00:00-05:00,97.89,56.17,39.64,2.08
2025-02-01 08:00:00-05:00,86.21,59.09,24.82,2.3
2025-02-01 09:00:00-05:00,81.25,67.09,11.68,2.48
2025-02-01 10:00:00-05:00,88.39,70.5,15.07,2.82
2025-02-01 11:00:00-05:00,78.38,62.639999999999986,13.23,2.51
2025-02-01 12:00:00-05:00,75.97,58.2,15.5,2.27
2025-02-01 13:00:00-05:00,73.8,61.309999999999995,10.04,2.45
2025-02-01 14:00:00-05:00,78.3,57.370000000000005,18.69,2.24
2025-02-01 15:00:00-05:00,91.6,67.72,21.31,2.57
2025-02-01 16:00:00-05:00,106.9,72.45,30.97,3.48
2025-02-01 17:00:00-05:00,135.1,94.02,36.29,4.79
2025-02-01 18:00:00-05:00,131.0,96.4,29.59,5.01
2025-02-01 19:00:00-05:00,119.86,90.78,24.36,4.72
2025-02-01 20:00:00-05:00,118.42,86.83000000000001,26.99,4.6
2025-02-01 21:00:00-05:00,111.67,78.17,29.59,3.91
2025-02-01 22:00:00-05:00,106.16,71.42,31.24,3.5
2025-02-01 23:00:00-05:00,100.0,79.55,17.03,3.42
2025-02-02 00:00:00-05:00,111.41,98.98,8.18,4.25
2025-02-02 01:00:00-05:00,107.16,89.61999999999999,13.78,3.76
2025-02-02 02:00:00-05:00,103.08,75.96,24.0,3.12
2025-02-02 03:00:00-05:00,102.79,69.45000000000002,30.49,2.85
2025-02-02 04:00:00-05:00,106.59,63.83,40.14,2.62
2025-02-02 05:00:00-05:00,113.61,67.63,43.21,2.77
2025-02-02 06:00:00-05:00,123.48,72.63000000000001,47.66,3.19
2025-02-02 07:00:00-05:00,129.52,76.09,49.93,3.5
2025-02-02 08:00:00-05:00,126.26,77.34,45.13,3.79
2025-02-02 09:00:00-05:00,126.0,73.25999999999999,49.15,3.59
2025-02-02 10:00:00-05:00,120.38,65.52,51.78,3.08
2025-02-02 11:00:00-05:00,109.91,71.84,34.48,3.59
2025-02-02 12:00:00-05:00,108.24,66.82,38.08,3.34
2025-02-02 13:00:00-05:00,108.24,66.49,38.36,3.39
2025-02-02 14:00:00-05:00,108.87,66.22,39.27,3.38
2025-02-02 15:00:00-05:00,114.3,71.6,39.05,3.65
2025-02-02 16:00:00-05:00,131.12,84.11,42.39,4.62
2025-02-02 17:00:00-05:00,158.71,100.09,53.22,5.4
2025-02-02 18:00:00-05:00,149.63,95.29,49.01,5.33
2025-02-02 19:00:00-05:00,138.2,86.86,46.39,4.95
2025-02-02 20:00:00-05:00,125.4,76.71000000000001,44.4,4.29
2025-02-02 21:00:00-05:00,118.24,65.38,49.33,3.53
2025-02-02 22:00:00-05:00,112.74,57.5,52.19,3.05
2025-02-02 23:00:00-05:00,104.78,52.78,49.41,2.59
2025-02-03 00:00:00-05:00,109.45,70.57000000000001,35.92,2.96
2025-02-03 01:00:00-05:00,106.0,66.85,36.34,2.81
2025-02-03 02:00:00-05:00,102.3,66.34,33.11,2.85
2025-02-03 03:00:00-05:00,100.51,68.42000000000002,29.15,2.94
2025-02-03 04:00:00-05:00,102.13,69.21,30.01,2.91
2025-02-03 05:00:00-05:00,110.19,70.91,36.16,3.12
2025-02-03 06:00:00-05:00,125.1,71.41,50.05,3.64
2025-02-03 07:00:00-05:00,137.96,71.58,62.45,3.93
2025-02-03 08:00:00-05:00,125.96,71.85999999999999,50.01,4.09
2025-02-03 09:00:00-05:00,113.83,71.98999999999998,37.52,4.32
2025-02-03 10:00:00-05:00,99.8,71.7,24.16,3.94
2025-02-03 11:00:00-05:00,92.86,71.28,17.81,3.77
2025-02-03 12:00:00-05:00,91.4,71.13000000000001,16.72,3.55
2025-02-03 13:00:00-05:00,93.22,70.97999999999999,18.76,3.48
2025-02-03 14:00:00-05:00,92.6,67.8,21.48,3.32
2025-02-03 15:00:00-05:00,99.6,70.04999999999998,26.12,3.43
2025-02-03 16:00:00-05:00,114.98,69.67,41.69,3.62
2025-02-03 17:00:00-05:00,130.0,71.63,54.29,4.08
2025-02-03 18:00:00-05:00,119.17,71.86000000000001,43.07,4.24
2025-02-03 19:00:00-05:00,109.88,71.28,34.83,3.77
2025-02-03 20:00:00-05:00,103.6,71.06,28.99,3.55
2025-02-03 21:00:00-05:00,95.43,69.32,22.85,3.26
2025-02-03 22:00:00-05:00,87.53,57.150000000000006,27.81,2.57
2025-02-03 23:00:00-05:00,90.0,53.69,34.0,2.31
2025-02-04 00:00:00-05:00,76.59,64.07,10.15,2.37
2025-02-04 01:00:00-05:00,75.15,61.97,10.89,2.29
2025-02-04 02:00:00-05:00,71.1,61.73,7.15,2.22
2025-02-04 03:00:00-05:00,71.72,58.2,11.43,2.09
2025-02-04 04:00:00-05:00,77.35,60.69999999999999,14.53,2.12
2025-02-04 05:00:00-05:00,93.39,63.220000000000006,27.96,2.21
2025-02-04 06:00:00-05:00,102.3,71.05999999999999,28.26,2.98
2025-02-04 07:00:00-05:00,126.5,71.55000000000001,51.37,3.58
2025-02-04 08:00:00-05:00,105.95,71.78,30.22,3.95
2025-02-04 09:00:00-05:00,97.56,71.34,22.65,3.57
2025-02-04 10:00:00-05:00,90.0,69.58,17.08,3.34
2025-02-04 11:00:00-05:00,83.31,61.66,18.57,3.08
2025-02-04 12:00:00-05:00,80.1,58.99999999999999,18.21,2.89
2025-02-04 13:00:00-05:00,80.0,61.45,15.54,3.01
2025-02-04 14:00:00-05:00,80.41,66.92,10.08,3.41
2025-02-04 15:00:00-05:00,91.6,69.49,18.5,3.61
2025-02-04 16:00:00-05:00,109.33,74.10999999999999,30.85,4.37
2025-02-04 17:00:00-05:00,136.4,88.42000000000002,42.32,5.66
2025-02-04 18:00:00-05:00,135.3,91.06000000000004,38.32,5.92
2025-02-04 19:00:00-05:00,121.95,88.42,27.87,5.66
2025-02-04 20:00:00-05:00,111.91,83.49,23.33,5.09
2025-02-04 21:00:00-05:00,102.93,72.02000000000001,27.17,3.74
2025-02-04 22:00:00-05:00,96.9,71.56,21.9,3.44
2025-02-04 23:00:00-05:00,87.75,71.36000000000001,13.18,3.21
2025-02-05 00:00:00-05:00,122.0,90.12,27.47,4.41
2025-02-05 01:00:00-05:00,117.0,94.14,18.72,4.14
2025-02-05 02:00:00-05:00,119.37,90.73,24.92,3.72
2025-02-05 03:00:00-05:00,116.12,91.11,21.36,3.65
2025-02-05 04:00:00-05:00,121.0,103.91,12.93,4.16
2025-02-05 05:00:00-05:00,124.0,119.13,0.1,4.77
2025-02-05 06:00:00-05:00,150.0,140.53,3.71,5.76
2025-02-05 07:00:00-05:00,176.8,166.8,3.0,7.0
2025-02-05 08:00:00-05:00,160.69,154.66,-0.0,6.03
2025-02-05 09:00:00-05:00,141.19,135.9,-0.0,5.29
2025-02-05 10:00:00-05:00,133.23,128.61,-0.0,4.62
2025-02-05 11:00:00-05:00,120.32,115.47,-0.0,4.85
2025-02-05 12:00:00-05:00,113.54,108.65,-0.0,4.89
2025-02-05 13:00:00-05:00,115.03,110.29,-0.0,4.74
2025-02-05 14:00:00-05:00,121.63,116.39,-0.0,5.24
2025-02-05 15:00:00-05:00,132.89,127.40999999999998,-0.0,5.48
2025-02-05 16:00:00-05:00,149.1,142.54,-0.0,6.56
2025-02-05 17:00:00-05:00,183.39,174.98999999999998,-0.0,8.4
2025-02-05 18:00:00-05:00,190.47,181.75,-0.0,8.72
2025-02-05 19:00:00-05:00,179.47,160.67,10.77,8.03
2025-02-05 20:00:00-05:00,152.82,143.48,1.74,7.6
2025-02-05 21:00:00-05:00,148.18,132.00000000000003,9.45,6.73
2025-02-05 22:00:00-05:00,135.91,118.15,11.97,5.79
2025-02-05 23:00:00-05:00,129.15,110.7,13.14,5.31
2025-02-06 00:00:00-05:00,133.79,72.32,57.93,3.54
2025-02-06 01:00:00-05:00,133.0,72.61000000000001,56.54,3.85
2025-02-06 02:00:00-05:00,132.54,72.16999999999999,56.91,3.46
2025-02-06 03:00:00-05:00,130.03,72.24,54.25,3.54
2025-02-06 04:00:00-05:00,133.4,72.32,57.47,3.61
2025-02-06 05:00:00-05:00,141.29,72.25,65.5,3.54
2025-02-06 06:00:00-05:00,166.43,83.05,78.98,4.4
2025-02-06 07:00:00-05:00,182.2,140.14,34.92,7.14
2025-02-06 08:00:00-05:00,173.37,134.0,32.0,7.37
2025-02-06 09:00:00-05:00,156.8,98.59000000000002,52.2,6.01
2025-02-06 10:00:00-05:00,143.94,107.72,29.87,6.35
2025-02-06 11:00:00-05:00,138.0,105.06,26.42,6.52
2025-02-06 12:00:00-05:00,140.37,87.35000000000002,47.6,5.42
2025-02-06 13:00:00-05:00,141.79,72.97999999999999,64.28,4.53
2025-02-06 14:00:00-05:00,139.48,72.90999999999998,62.05,4.52
2025-02-06 15:00:00-05:00,144.57,74.36999999999998,65.59,4.61
2025-02-06 16:00:00-05:00,155.29,72.52000000000001,78.35,4.42
2025-02-06 17:00:00-05:00,170.4,72.81,93.07,4.52
2025-02-06 18:00:00-05:00,161.8,72.74000000000002,84.55,4.51
2025-02-06 19:00:00-05:00,145.65,72.51,68.64,4.5
2025-02-06 20:00:00-05:00,136.7,72.43,59.85,4.42
2025-02-06 21:00:00-05:00,130.0,71.15,54.73,4.12
2025-02-06 22:00:00-05:00,121.5,66.55,51.09,3.86
2025-02-06 23:00:00-05:00,119.4,62.29000000000001,53.62,3.49
2025-02-07 00:00:00-05:00,101.4,58.56,39.97,2.87
2025-02-07 01:00:00-05:00,98.52,53.82999999999999,41.79,2.9
2025-02-07 02:00:00-05:00,94.53,53.830000000000005,37.85,2.85
2025-02-07 03:00:00-05:00,94.0,53.48,37.74,2.78
2025-02-07 04:00:00-05:00,96.25,53.400000000000006,40.08,2.77
2025-02-07 05:00:00-05:00,107.13,55.06999999999999,49.31,2.75
2025-02-07 06:00:00-05:00,114.76,67.59,43.52,3.65
2025-02-07 07:00:00-05:00,129.1,72.42999999999999,52.47,4.2
2025-02-07 08:00:00-05:00,122.7,72.39,46.19,4.12
2025-02-07 09:00:00-05:00,109.4,64.41,41.26,3.73
2025-02-07 10:00:00-05:00,96.18,63.760000000000005,28.72,3.7
2025-02-07 11:00:00-05:00,88.1,61.62999999999999,22.96,3.51
2025-02-07 12:00:00-05:00,86.2,61.150000000000006,21.75,3.3
2025-02-07 13:00:00-05:00,86.1,60.31,22.47,3.32
2025-02-07 14:00:00-05:00,89.0,57.73,28.1,3.17
2025-02-07 15:00:00-05:00,97.3,64.05000000000001,29.79,3.46
2025-02-07 16:00:00-05:00,113.39,72.64999999999999,36.45,4.29
2025-02-07 17:00:00-05:00,133.82,73.33000000000001,55.79,4.7
2025-02-07 18:00:00-05:00,132.0,73.34,53.96,4.7
2025-02-07 19:00:00-05:00,121.0,72.96000000000001,43.52,4.52
2025-02-07 20:00:00-05:00,111.54,72.96000000000001,34.05,4.53
2025-02-07 21:00:00-05:00,102.12,72.66000000000001,25.25,4.21
2025-02-07 22:00:00-05:00,99.47,72.36,23.28,3.83
2025-02-07 23:00:00-05:00,94.7,72.66,18.12,3.92
2025-02-08 00:00:00-05:00,101.78,63.49999999999999,34.6,3.68
2025-02-08 01:00:00-05:00,101.0,60.99,36.6,3.41
2025-02-08 02:00:00-05:00,91.17,61.05,26.64,3.48
2025-02-08 03:00:00-05:00,96.97,65.42999999999999,27.81,3.73
2025-02-08 04:00:00-05:00,94.85,68.64,22.3,3.91
2025-02-08 05:00:00-05:00,99.2,70.11,25.17,3.92
2025-02-08 06:00:00-05:00,113.32,68.35,41.08,3.89
2025-02-08 07:00:00-05:00,133.22,71.1,58.07,4.05
2025-02-08 08:00:00-05:00,124.34,74.95,45.2,4.19
2025-02-08 09:00:00-05:00,113.24,75.42999999999999,33.44,4.37
2025-02-08 10:00:00-05:00,100.75,79.74,16.31,4.7
2025-02-08 11:00:00-05:00,92.76,77.53999999999999,10.57,4.65
2025-02-08 12:00:00-05:00,90.93,70.76000000000002,15.85,4.32
2025-02-08 13:00:00-05:00,91.39,60.870000000000005,26.81,3.71
2025-02-08 14:00:00-05:00,95.3,70.5,20.57,4.23
2025-02-08 15:00:00-05:00,102.9,77.02000000000001,21.41,4.47
2025-02-08 16:00:00-05:00,118.12,84.79,28.33,5.0
2025-02-08 17:00:00-05:00,148.9,91.55,51.86,5.49
2025-02-08 18:00:00-05:00,148.0,92.15,50.23,5.62
2025-02-08 19:00:00-05:00,133.32,78.25,50.38,4.69
2025-02-08 20:00:00-05:00,125.3,82.31,38.14,4.85
2025-02-08 21:00:00-05:00,117.03,71.9,40.96,4.17
2025-02-08 22:00:00-05:00,112.7,73.57000000000001,34.94,4.19
2025-02-08 23:00:00-05:00,103.18,72.43,26.84,3.91
2025-02-09 00:00:00-05:00,137.64,65.37999999999998,68.8,3.46
2025-02-09 01:00:00-05:00,131.46,64.85000000000002,63.63,2.98
2025-02-09 02:00:00-05:00,128.79,64.85,60.89,3.05
2025-02-09 03:00:00-05:00,128.6,64.65,61.23,2.72
2025-02-09 04:00:00-05:00,129.45,64.59,62.15,2.71
2025-02-09 05:00:00-05:00,134.97,64.72,67.47,2.78
2025-02-09 06:00:00-05:00,144.49,64.98,76.52,2.99
2025-02-09 07:00:00-05:00,155.8,64.85,87.84,3.11
2025-02-09 08:00:00-05:00,150.0,65.24999999999999,81.42,3.33
2025-02-09 09:00:00-05:00,148.27,67.38000000000002,77.25,3.64
2025-02-09 10:00:00-05:00,151.99,69.46000000000001,78.78,3.75
2025-02-09 11:00:00-05:00,146.17,65.52999999999999,77.04,3.6
2025-02-09 12:00:00-05:00,148.79,65.16999999999999,80.1,3.52
2025-02-09 13:00:00-05:00,135.02,65.11000000000003,66.46,3.45
2025-02-09 14:00:00-05:00,148.14,65.03999999999999,79.65,3.45
2025-02-09 15:00:00-05:00,155.9,67.4,84.66,3.84
2025-02-09 16:00:00-05:00,162.05,77.70000000000002,79.85,4.5
2025-02-09 17:00:00-05:00,187.0,88.69000000000001,93.08,5.23
2025-02-09 18:00:00-05:00,180.9,86.65000000000002,88.96,5.29
2025-02-09 19:00:00-05:00,170.5,81.57000000000001,83.95,4.98
2025-02-09 20:00:00-05:00,160.55,78.41000000000001,77.36,4.78
2025-02-09 21:00:00-05:00,150.54,73.24999999999999,72.89,4.4
2025-02-09 22:00:00-05:00,137.9,65.86000000000001,68.22,3.82
2025-02-09 23:00:00-05:00,139.48,65.24,71.04,3.2
2025-02-10 00:00:00-05:00,143.38,70.83,68.51,4.04
2025-02-10 01:00:00-05:00,143.16,70.46999999999998,68.89,3.8
2025-02-10 02:00:00-05:00,138.83,70.33000000000001,64.78,3.72
2025-02-10 03:00:00-05:00,136.3,70.54000000000002,61.88,3.88
2025-02-10 04:00:00-05:00,142.48,70.92,67.52,4.04
2025-02-10 05:00:00-05:00,156.2,79.6,72.07,4.53
2025-02-10 06:00:00-05:00,176.3,106.39,63.53,6.38
2025-02-10 07:00:00-05:00,196.4,134.07,54.56,7.77
2025-02-10 08:00:00-05:00,171.58,146.81,15.52,9.25
2025-02-10 09:00:00-05:00,151.68,98.18,46.92,6.58
2025-02-10 10:00:00-05:00,145.37,96.94,41.93,6.5
2025-02-10 11:00:00-05:00,137.47,91.15,40.4,5.92
2025-02-10 12:00:00-05:00,133.02,80.71000000000001,47.07,5.24
2025-02-10 13:00:00-05:00,133.49,74.98,53.64,4.87
2025-02-10 14:00:00-05:00,141.71,70.85000000000001,66.26,4.6
2025-02-10 15:00:00-05:00,151.18,71.53,74.93,4.72
2025-02-10 16:00:00-05:00,166.69,96.46999999999998,64.14,6.08
2025-02-10 17:00:00-05:00,190.8,96.84000000000002,87.76,6.2
2025-02-10 18:00:00-05:00,197.33,97.04,93.99,6.3
2025-02-10 19:00:00-05:00,180.33,96.74000000000002,77.39,6.2
2025-02-10 20:00:00-05:00,171.53,96.84,68.59,6.1
2025-02-10 21:00:00-05:00,156.13,85.59,65.06,5.48
2025-02-10 22:00:00-05:00,148.53,94.78,47.68,6.07
2025-02-10 23:00:00-05:00,148.47,80.07999999999998,63.59,4.8
2025-02-11 00:00:00-05:00,130.29,74.84,50.96,4.49
2025-02-11 01:00:00-05:00,128.7,72.03,52.35,4.32
2025-02-11 02:00:00-05:00,127.09,73.71000000000001,48.96,4.42
2025-02-11 03:00:00-05:00,128.1,75.3,48.28,4.52
2025-02-11 04:00:00-05:00,133.82,77.03999999999999,52.16,4.62
2025-02-11 05:00:00-05:00,147.63,94.29,47.68,5.66
2025-02-11 06:00:00-05:00,198.5,99.76,92.45,6.29
2025-02-11 07:00:00-05:00,213.29,97.9,109.32,6.07
2025-02-11 08:00:00-05:00,187.89,97.23,84.24,6.42
2025-02-11 09:00:00-05:00,170.48,81.14999999999999,84.21,5.12
2025-02-11 10:00:00-05:00,143.6,90.04999999999998,47.87,5.68
2025-02-11 11:00:00-05:00,133.86,79.85,48.9,5.11
2025-02-11 12:00:00-05:00,133.02,71.18,57.35,4.49
2025-02-11 13:00:00-05:00,130.47,71.06,54.79,4.62
2025-02-11 14:00:00-05:00,137.21,71.14,61.45,4.62
2025-02-11 15:00:00-05:00,145.91,78.91,61.87,5.13
2025-02-11 16:00:00-05:00,167.44,97.04,64.1,6.3
2025-02-11 17:00:00-05:00,200.2,97.43999999999998,96.23,6.53
2025-02-11 18:00:00-05:00,197.33,99.16000000000004,91.53,6.64
2025-02-11 19:00:00-05:00,183.04,97.34,79.28,6.42
2025-02-11 20:00:00-05:00,166.5,97.24,62.84,6.42
2025-02-11 21:00:00-05:00,148.1,96.74,45.16,6.2
2025-02-11 22:00:00-05:00,131.9,96.84,28.77,6.29
2025-02-11 23:00:00-05:00,134.4,97.36,31.2,5.84
2025-02-12 00:00:00-05:00,145.4,107.58,32.23,5.59
2025-02-12 01:00:00-05:00,143.73,99.98,38.65,5.1
2025-02-12 02:00:00-05:00,142.5,108.09,29.33,5.08
2025-02-12 03:00:00-05:00,143.9,113.17,25.87,4.86
2025-02-12 04:00:00-05:00,149.47,114.75,29.9,4.82
2025-02-12 05:00:00-05:00,161.0,119.23000000000002,36.88,4.89
2025-02-12 06:00:00-05:00,181.39,127.14,48.52,5.73
2025-02-12 07:00:00-05:00,233.44,121.88,104.0,7.56
2025-02-12 08:00:00-05:00,207.57,122.20999999999998,77.9,7.46
2025-02-12 09:00:00-05:00,180.19,137.83,34.23,8.13
2025-02-12 10:00:00-05:00,162.28,137.47000000000003,16.7,8.11
2025-02-12 11:00:00-05:00,148.51,138.92999999999998,1.25,8.33
2025-02-12 12:00:00-05:00,145.55,118.12000000000002,19.76,7.67
2025-02-12 13:00:00-05:00,147.83,99.54,40.92,7.37
2025-02-12 14:00:00-05:00,149.89,96.49,46.36,7.04
2025-02-12 15:00:00-05:00,167.38,121.85,37.97,7.56
2025-02-12 16:00:00-05:00,164.29,155.42999999999998,1.4,7.46
2025-02-12 17:00:00-05:00,198.94,173.72,16.71,8.51
2025-02-12 18:00:00-05:00,198.62,170.62,19.47,8.53
2025-02-12 19:00:00-05:00,175.07,148.6,18.75,7.72
2025-02-12 20:00:00-05:00,162.17,130.39,25.0,6.78
2025-02-12 21:00:00-05:00,155.4,99.95,49.96,5.49
2025-02-12 22:00:00-05:00,141.4,87.10999999999999,49.68,4.61
2025-02-12 23:00:00-05:00,135.0,83.4,47.35,4.25
2025-02-13 00:00:00-05:00,128.96,64.59,60.82,3.55
2025-02-13 01:00:00-05:00,125.59,51.31,71.41,2.87
2025-02-13 02:00:00-05:00,121.43,47.27000000000001,71.56,2.6
2025-02-13 03:00:00-05:00,128.38,49.0,76.69,2.69
2025-02-13 04:00:00-05:00,134.66,51.849999999999994,80.06,2.75
2025-02-13 05:00:00-05:00,150.53,57.05,90.51,2.97
2025-02-13 06:00:00-05:00,175.7,70.55999999999999,101.54,3.6
2025-02-13 07:00:00-05:00,190.4,82.78,103.4,4.22
2025-02-13 08:00:00-05:00,191.04,85.04999999999998,101.66,4.33
2025-02-13 09:00:00-05:00,172.2,83.14,84.74,4.32
2025-02-13 10:00:00-05:00,159.0,85.97000000000001,68.3,4.73
2025-02-13 11:00:00-05:00,153.42,78.70999999999998,70.15,4.56
2025-02-13 12:00:00-05:00,149.95,66.13999999999999,79.97,3.84
2025-02-13 13:00:00-05:00,149.2,60.219999999999985,85.49,3.49
2025-02-13 14:00:00-05:00,150.0,56.120000000000005,90.63,3.25
2025-02-13 15:00:00-05:00,152.89,58.459999999999994,90.98,3.45
2025-02-13 16:00:00-05:00,168.18,59.360000000000014,105.32,3.5
2025-02-13 17:00:00-05:00,186.08,70.16000000000001,111.71,4.21
2025-02-13 18:00:00-05:00,178.6,71.69999999999999,102.6,4.3
2025-02-13 19:00:00-05:00,160.58,56.770000000000024,100.46,3.35
2025-02-13 20:00:00-05:00,156.53,62.30999999999999,90.54,3.68
2025-02-13 21:00:00-05:00,144.0,58.55000000000001,82.06,3.39
2025-02-13 22:00:00-05:00,136.39,55.88999999999997,77.2,3.3
2025-02-13 23:00:00-05:00,132.6,52.00999999999998,77.73,2.86
2025-02-14 00:00:00-05:00,87.4,60.400000000000006,23.8,3.2
2025-02-14 01:00:00-05:00,85.01,58.510000000000005,23.63,2.87
2025-02-14 02:00:00-05:00,84.05,59.209999999999994,21.94,2.9
2025-02-14 03:00:00-05:00,84.46,59.41,22.2,2.85
2025-02-14 04:00:00-05:00,87.21,60.21999999999999,24.1,2.89
2025-02-14 05:00:00-05:00,93.34,58.900000000000006,31.44,3.0
2025-02-14 06:00:00-05:00,102.7,62.75,36.25,3.7
2025-02-14 07:00:00-05:00,109.52,61.03999999999999,45.0,3.48
2025-02-14 08:00:00-05:00,109.46,65.65,39.6,4.21
2025-02-14 09:00:00-05:00,101.39,61.22,36.31,3.86
2025-02-14 10:00:00-05:00,92.39,61.16,27.37,3.86
2025-02-14 11:00:00-05:00,90.07,61.08999999999999,25.19,3.79
2025-02-14 12:00:00-05:00,89.04,60.83000000000001,24.44,3.77
2025-02-14 13:00:00-05:00,84.9,60.71000000000001,20.55,3.64
2025-02-14 14:00:00-05:00,86.6,60.8,22.09,3.71
2025-02-14 15:00:00-05:00,101.51,61.64000000000001,35.74,4.13
2025-02-14 16:00:00-05:00,110.71,61.42,45.3,3.99
2025-02-14 17:00:00-05:00,141.13,84.94999999999999,50.66,5.52
2025-02-14 18:00:00-05:00,132.0,97.83,27.9,6.27
2025-02-14 19:00:00-05:00,121.0,86.59,28.86,5.55
2025-02-14 20:00:00-05:00,112.92,83.41,24.34,5.17
2025-02-14 21:00:00-05:00,98.38,74.58999999999999,19.39,4.4
2025-02-14 22:00:00-05:00,92.85,69.00999999999999,19.84,4.0
2025-02-14 23:00:00-05:00,94.7,70.56,20.33,3.81
2025-02-15 00:00:00-05:00,117.55,81.61999999999999,31.2,4.73
2025-02-15 01:00:00-05:00,118.73,80.59,33.47,4.67
2025-02-15 02:00:00-05:00,115.31,74.21000000000001,36.87,4.23
2025-02-15 03:00:00-05:00,115.16,70.15,41.01,4.0
2025-02-15 04:00:00-05:00,117.93,70.97,42.85,4.11
2025-02-15 05:00:00-05:00,122.8,74.33,44.09,4.38
2025-02-15 06:00:00-05:00,133.6,70.28,59.03,4.29
2025-02-15 07:00:00-05:00,146.3,65.04,77.42,3.84
2025-02-15 08:00:00-05:00,144.92,71.53999999999999,68.87,4.51
2025-02-15 09:00:00-05:00,131.17,77.25999999999999,49.04,4.87
2025-02-15 10:00:00-05:00,136.78,85.97,45.65,5.16
2025-02-15 11:00:00-05:00,139.75,82.32,52.49,4.94
2025-02-15 12:00:00-05:00,140.1,82.15,53.1,4.85
2025-02-15 13:00:00-05:00,139.7,79.8,55.11,4.79
2025-02-15 14:00:00-05:00,140.4,74.12000000000002,61.83,4.45
2025-02-15 15:00:00-05:00,142.0,62.49000000000001,75.82,3.69
2025-02-15 16:00:00-05:00,156.4,65.71000000000001,86.68,4.01
2025-02-15 17:00:00-05:00,188.4,72.64,111.33,4.43
2025-02-15 18:00:00-05:00,176.48,68.98999999999998,103.28,4.21
2025-02-15 19:00:00-05:00,160.56,61.66000000000001,95.08,3.82
2025-02-15 20:00:00-05:00,150.4,69.99,76.14,4.27
2025-02-15 21:00:00-05:00,139.07,55.849999999999994,79.87,3.35
2025-02-15 22:00:00-05:00,134.82,55.849999999999994,75.62,3.35
2025-02-15 23:00:00-05:00,130.94,55.97,71.73,3.24
2025-02-16 00:00:00-05:00,136.6,63.81999999999998,68.95,3.83
2025-02-16 01:00:00-05:00,134.58,60.99000000000001,69.93,3.66
2025-02-16 02:00:00-05:00,133.24,60.93000000000001,68.72,3.59
2025-02-16 03:00:00-05:00,134.58,60.93000000000001,70.06,3.59
2025-02-16 04:00:00-05:00,134.69,60.86,70.24,3.59
2025-02-16 05:00:00-05:00,136.03,60.86,71.64,3.53
2025-02-16 06:00:00-05:00,135.44,60.72999999999999,71.25,3.46
2025-02-16 07:00:00-05:00,134.88,60.64999999999999,70.71,3.52
2025-02-16 08:00:00-05:00,144.17,93.25,45.51,5.41
2025-02-16 09:00:00-05:00,146.3,95.66000000000004,45.0,5.64
2025-02-16 10:00:00-05:00,155.0,95.76,53.69,5.55
2025-02-16 11:00:00-05:00,156.0,95.95,54.39,5.66
2025-02-16 12:00:00-05:00,156.53,95.86,54.92,5.75
2025-02-16 13:00:00-05:00,152.6,95.76,51.19,5.65
2025-02-16 14:00:00-05:00,148.3,95.86,46.69,5.75
2025-02-16 15:00:00-05:00,152.8,95.65,51.31,5.84
2025-02-16 16:00:00-05:00,161.9,96.04,60.0,5.86
2025-02-16 17:00:00-05:00,184.54,96.03999999999998,82.54,5.96
2025-02-16 18:00:00-05:00,174.3,96.14,72.2,5.96
2025-02-16 19:00:00-05:00,157.87,95.85,56.17,5.85
2025-02-16 20:00:00-05:00,146.41,95.65,44.92,5.84
2025-02-16 21:00:00-05:00,135.25,60.670000000000016,70.82,3.76
2025-02-16 22:00:00-05:00,130.0,60.91999999999999,65.18,3.9
2025-02-16 23:00:00-05:00,128.66,60.73,64.35,3.58
2025-02-17 00:00:00-05:00,124.34,61.11000000000001,59.63,3.6
2025-02-17 01:00:00-05:00,117.88,65.86,48.2,3.82
2025-02-17 02:00:00-05:00,116.14,69.1,43.1,3.94
2025-02-17 03:00:00-05:00,115.39,68.13,43.38,3.88
2025-02-17 04:00:00-05:00,113.2,68.25,41.06,3.89
2025-02-17 05:00:00-05:00,122.66,71.16,47.45,4.05
2025-02-17 06:00:00-05:00,140.0,82.21,53.11,4.68
2025-02-17 07:00:00-05:00,148.72,74.82000000000001,69.64,4.26
2025-02-17 08:00:00-05:00,135.23,90.87,38.82,5.54
2025-02-17 09:00:00-05:00,135.81,89.53,40.82,5.46
2025-02-17 10:00:00-05:00,145.57,94.17,45.75,5.65
2025-02-17 11:00:00-05:00,143.87,95.38,42.77,5.72
2025-02-17 12:00:00-05:00,142.63,89.03,48.35,5.25
2025-02-17 13:00:00-05:00,138.15,85.45000000000002,47.57,5.13
2025-02-17 14:00:00-05:00,142.51,91.04,46.01,5.46
2025-02-17 15:00:00-05:00,148.32,101.79,40.22,6.31
2025-02-17 16:00:00-05:00,164.71,110.66,47.3,6.75
2025-02-17 17:00:00-05:00,186.48,112.40999999999998,67.21,6.86
2025-02-17 18:00:00-05:00,194.1,115.06999999999998,72.01,7.02
2025-02-17 19:00:00-05:00,175.9,112.19,57.09,6.62
2025-02-17 20:00:00-05:00,164.1,112.06999999999998,45.42,6.61
2025-02-17 21:00:00-05:00,155.42,94.14999999999998,55.72,5.55
2025-02-17 22:00:00-05:00,148.3,107.18,34.91,6.21
2025-02-17 23:00:00-05:00,148.38,103.64,39.25,5.49
2025-02-18 00:00:00-05:00,144.46,113.56,24.43,6.47
2025-02-18 01:00:00-05:00,142.53,114.01,22.25,6.27
2025-02-18 02:00:00-05:00,138.69,114.01999999999998,18.4,6.27
2025-02-18 03:00:00-05:00,139.29,114.49,18.39,6.41
2025-02-18 04:00:00-05:00,144.67,114.61,23.42,6.64
2025-02-18 05:00:00-05:00,148.86,139.14,1.79,7.93
2025-02-18 06:00:00-05:00,167.19,142.72,16.63,7.84
2025-02-18 07:00:00-05:00,197.37,143.39,46.1,7.88
2025-02-18 08:00:00-05:00,189.63,156.52,24.19,8.92
2025-02-18 09:00:00-05:00,165.5,132.2,25.5,7.8
2025-02-18 10:00:00-05:00,150.71,122.08,21.43,7.2
2025-02-18 11:00:00-05:00,148.13,126.85,13.8,7.48
2025-02-18 12:00:00-05:00,146.23,114.38,25.1,6.75
2025-02-18 13:00:00-05:00,142.1,111.96,23.54,6.6
2025-02-18 14:00:00-05:00,145.0,111.85,26.44,6.71
2025-02-18 15:00:00-05:00,149.34,116.2,25.93,7.21
2025-02-18 16:00:00-05:00,160.85,150.86,0.63,9.36
2025-02-18 17:00:00-05:00,204.0,191.34,2.91,9.75
2025-02-18 18:00:00-05:00,214.35,204.73,-0.0,9.62
2025-02-18 19:00:00-05:00,197.3,187.91000000000005,-0.0,9.39
2025-02-18 20:00:00-05:00,186.58,177.53,-0.0,9.05
2025-02-18 21:00:00-05:00,166.03,138.36,19.23,8.44
2025-02-18 22:00:00-05:00,160.0,148.59,2.35,9.06
2025-02-18 23:00:00-05:00,158.66,139.98999999999998,10.83,7.84
2025-02-19 00:00:00-05:00,147.79,112.53,28.51,6.75
2025-02-19 01:00:00-05:00,144.4,112.41,25.47,6.52
2025-02-19 02:00:00-05:00,141.4,112.89,21.96,6.55
2025-02-19 03:00:00-05:00,141.8,118.43,16.38,6.99
2025-02-19 04:00:00-05:00,148.62,127.58,13.51,7.53
2025-02-19 05:00:00-05:00,153.64,139.28,6.14,8.22
2025-02-19 06:00:00-05:00,193.68,148.39,36.69,8.6
2025-02-19 07:00:00-05:00,218.5,170.45999999999998,37.99,10.05
2025-02-19 08:00:00-05:00,185.61,171.15,4.71,9.75
2025-02-19 09:00:00-05:00,169.28,159.85,-0.0,9.43
2025-02-19 10:00:00-05:00,162.08,153.05,-0.0,9.03
2025-02-19 11:00:00-05:00,156.8,148.07000000000002,-0.0,8.73
2025-02-19 12:00:00-05:00,153.37,145.24,-0.0,8.13
2025-02-19 13:00:00-05:00,151.21,143.20000000000002,-0.0,8.01
2025-02-19 14:00:00-05:00,152.08,143.61,-0.0,8.47
2025-02-19 15:00:00-05:00,156.01,147.6,-0.0,8.41
2025-02-19 16:00:00-05:00,165.84,157.2,-0.0,8.64
2025-02-19 17:00:00-05:00,197.65,186.46,-0.0,11.19
2025-02-19 18:00:00-05:00,214.5,198.54,3.85,12.11
2025-02-19 19:00:00-05:00,200.09,175.83,13.35,10.91
2025-02-19 20:00:00-05:00,184.91,171.1,3.55,10.26
2025-02-19 21:00:00-05:00,165.0,152.47,3.69,8.84
2025-02-19 22:00:00-05:00,162.79,150.75,3.0,9.04
2025-02-19 23:00:00-05:00,162.5,150.82,3.09,8.59
2025-02-20 00:00:00-05:00,148.1,140.51999999999998,-0.0,7.58
2025-02-20 01:00:00-05:00,142.3,131.19,3.5,7.61
2025-02-20 02:00:00-05:00,140.05,117.0,16.03,7.02
2025-02-20 03:00:00-05:00,140.8,132.96,-0.0,7.84
2025-02-20 04:00:00-05:00,143.8,136.05,-0.0,7.75
2025-02-20 05:00:00-05:00,151.03,143.43,-0.0,7.6
2025-02-20 06:00:00-05:00,176.72,169.1,-0.0,7.62
2025-02-20 07:00:00-05:00,201.09,191.88,-0.0,9.21
2025-02-20 08:00:00-05:00,190.58,181.85,-0.0,8.73
2025-02-20 09:00:00-05:00,169.54,160.86,-0.0,8.68
2025-02-20 10:00:00-05:00,160.6,152.38,-0.0,8.22
2025-02-20 11:00:00-05:00,154.93,146.58,-0.0,8.35
2025-02-20 12:00:00-05:00,151.97,115.56,29.48,6.93
2025-02-20 13:00:00-05:00,149.36,115.79,26.51,7.06
2025-02-20 14:00:00-05:00,148.64,112.64,29.24,6.76
2025-02-20 15:00:00-05:00,153.3,116.10000000000002,30.0,7.2
2025-02-20 16:00:00-05:00,164.46,112.76,44.59,7.11
2025-02-20 17:00:00-05:00,189.87,115.9,66.66,7.31
2025-02-20 18:00:00-05:00,201.14,123.33,69.8,8.01
2025-02-20 19:00:00-05:00,185.92,115.19,63.35,7.38
2025-02-20 20:00:00-05:00,170.5,118.94,44.06,7.5
2025-02-20 21:00:00-05:00,158.5,112.64,38.87,6.99
2025-02-20 22:00:00-05:00,149.45,111.31,31.24,6.9
2025-02-20 23:00:00-05:00,150.39,112.08,31.92,6.39
2025-02-21 00:00:00-05:00,141.89,134.63,-0.0,7.26
2025-02-21 01:00:00-05:00,133.86,127.01000000000002,-0.0,6.85
2025-02-21 02:00:00-05:00,129.35,122.73,-0.0,6.62
2025-02-21 03:00:00-05:00,130.05,123.39,-0.0,6.66
2025-02-21 04:00:00-05:00,133.06,126.37,-0.0,6.69
2025-02-21 05:00:00-05:00,142.77,135.72,-0.0,7.05
2025-02-21 06:00:00-05:00,155.03,145.95999999999998,0.02,9.05
2025-02-21 07:00:00-05:00,179.2,148.98,21.43,8.79
2025-02-21 08:00:00-05:00,161.4,133.81,19.15,8.44
2025-02-21 09:00:00-05:00,150.18,113.76,29.36,7.06
2025-02-21 10:00:00-05:00,137.98,109.14,21.96,6.88
2025-02-21 11:00:00-05:00,132.11,105.45000000000002,19.91,6.75
2025-02-21 12:00:00-05:00,124.4,94.18,24.28,5.94
2025-02-21 13:00:00-05:00,123.65,80.29,38.14,5.22
2025-02-21 14:00:00-05:00,126.31,73.99000000000001,47.51,4.81
2025-02-21 15:00:00-05:00,131.16,90.19,35.11,5.86
2025-02-21 16:00:00-05:00,142.53,96.42999999999998,40.02,6.08
2025-02-21 17:00:00-05:00,165.59,106.36,52.53,6.7
2025-02-21 18:00:00-05:00,180.86,102.7,71.58,6.58
2025-02-21 19:00:00-05:00,163.28,99.92,56.96,6.4
2025-02-21 20:00:00-05:00,148.62,113.4,28.19,7.03
2025-02-21 21:00:00-05:00,136.24,111.69,17.62,6.93
2025-02-21 22:00:00-05:00,129.49,119.57,2.5,7.42
2025-02-21 23:00:00-05:00,137.95,130.51,-0.0,7.44
2025-02-22 00:00:00-05:00,114.3,107.83,-0.0,6.47
2025-02-22 01:00:00-05:00,113.78,107.65,-0.0,6.13
2025-02-22 02:00:00-05:00,110.31,101.27,3.27,5.77
2025-02-22 03:00:00-05:00,110.37,98.79,6.05,5.53
2025-02-22 04:00:00-05:00,109.7,97.27,6.89,5.54
2025-02-22 05:00:00-05:00,117.1,96.91,14.67,5.52
2025-02-22 06:00:00-05:00,126.62,97.01,23.99,5.62
2025-02-22 07:00:00-05:00,145.52,96.5,43.52,5.5
2025-02-22 08:00:00-05:00,131.61,96.81000000000002,28.89,5.91
2025-02-22 09:00:00-05:00,118.0,96.71,15.39,5.9
2025-02-22 10:00:00-05:00,107.08,85.8,16.74,4.54
2025-02-22 11:00:00-05:00,99.5,75.52,20.06,3.92
2025-02-22 12:00:00-05:00,94.43,70.67,20.09,3.67
2025-02-22 13:00:00-05:00,92.37,69.49000000000001,19.27,3.61
2025-02-22 14:00:00-05:00,94.42,68.19,22.69,3.54
2025-02-22 15:00:00-05:00,100.53,73.22,23.51,3.8
2025-02-22 16:00:00-05:00,112.29,87.25000000000001,20.33,4.71
2025-02-22 17:00:00-05:00,131.08,97.94,27.36,5.78
2025-02-22 18:00:00-05:00,149.97,99.58,44.32,6.07
2025-02-22 19:00:00-05:00,132.4,96.99,29.59,5.82
2025-02-22 20:00:00-05:00,117.66,96.51,15.75,5.4
2025-02-22 21:00:00-05:00,107.73,96.31,6.03,5.39
2025-02-22 22:00:00-05:00,100.84,88.27,7.9,4.67
2025-02-22 23:00:00-05:00,105.0,86.0,14.79,4.21
2025-02-23 00:00:00-05:00,107.7,82.34,21.41,3.95
2025-02-23 01:00:00-05:00,104.1,76.01,24.52,3.57
2025-02-23 02:00:00-05:00,103.1,71.91,27.88,3.31
2025-02-23 03:00:00-05:00,101.6,73.11999999999999,25.11,3.37
2025-02-23 04:00:00-05:00,101.6,78.41999999999999,19.73,3.45
2025-02-23 05:00:00-05:00,107.5,73.78,30.4,3.32
2025-02-23 06:00:00-05:00,121.4,82.43,35.26,3.71
2025-02-23 07:00:00-05:00,121.5,78.12,40.02,3.36
2025-02-23 08:00:00-05:00,104.07,69.32,31.7,3.05
2025-02-23 09:00:00-05:00,102.1,64.62,34.51,2.97
2025-02-23 10:00:00-05:00,96.8,62.510000000000005,31.41,2.88
2025-02-23 11:00:00-05:00,90.2,63.129999999999995,24.23,2.84
2025-02-23 12:00:00-05:00,88.3,64.91,20.6,2.79
2025-02-23 13:00:00-05:00,88.0,63.16,22.06,2.78
2025-02-23 14:00:00-05:00,90.1,63.39999999999999,23.91,2.79
2025-02-23 15:00:00-05:00,95.7,64.63,28.29,2.78
2025-02-23 16:00:00-05:00,108.9,79.80000000000001,25.75,3.35
2025-02-23 17:00:00-05:00,130.87,95.71,31.23,3.93
2025-02-23 18:00:00-05:00,124.69,109.25,10.75,4.69
2025-02-23 19:00:00-05:00,114.24,98.69,11.41,4.14
2025-02-23 20:00:00-05:00,114.24,93.59,16.72,3.93
2025-02-23 21:00:00-05:00,106.65,80.85000000000001,22.56,3.24
2025-02-23 22:00:00-05:00,99.73,75.88000000000001,20.66,3.19
2025-02-23 23:00:00-05:00,101.58,73.02000000000001,25.79,2.77
2025-02-24 00:00:00-05:00,91.51,67.92,20.94,2.65
2025-02-24 01:00:00-05:00,85.86,67.19999999999999,16.04,2.62
2025-02-24 02:00:00-05:00,83.57,64.85999999999999,16.18,2.53
2025-02-24 03:00:00-05:00,85.53,60.61,22.56,2.36
2025-02-24 04:00:00-05:00,88.42,64.82000000000001,20.94,2.66
2025-02-24 05:00:00-05:00,98.82,67.11,28.89,2.82
2025-02-24 06:00:00-05:00,110.42,78.44,28.21,3.77
2025-02-24 07:00:00-05:00,123.78,86.75,32.44,4.59
2025-02-24 08:00:00-05:00,107.89,69.14,35.09,3.66
2025-02-24 09:00:00-05:00,95.21,65.07,26.5,3.64
2025-02-24 10:00:00-05:00,86.88,60.709999999999994,22.83,3.34
2025-02-24 11:00:00-05:00,82.21,57.34,21.6,3.27
2025-02-24 12:00:00-05:00,78.97,56.27,19.78,2.92
2025-02-24 13:00:00-05:00,75.23,54.77,17.56,2.9
2025-02-24 14:00:00-05:00,77.64,56.0,18.62,3.02
2025-02-24 15:00:00-05:00,82.51,55.46000000000001,23.95,3.1
2025-02-24 16:00:00-05:00,91.94,64.05,24.24,3.65
2025-02-24 17:00:00-05:00,104.21,74.21,25.62,4.38
2025-02-24 18:00:00-05:00,123.3,85.82,32.42,5.06
2025-02-24 19:00:00-05:00,108.89,76.91999999999999,27.43,4.54
2025-02-24 20:00:00-05:00,96.69,70.68,21.91,4.1
2025-02-24 21:00:00-05:00,88.69,62.59,22.6,3.5
2025-02-24 22:00:00-05:00,83.01,56.18000000000001,23.74,3.09
2025-02-24 23:00:00-05:00,81.6,54.559999999999995,24.15,2.89
2025-02-25 00:00:00-05:00,80.52,48.82999999999999,29.15,2.54
2025-02-25 01:00:00-05:00,75.41,48.290000000000006,24.66,2.46
2025-02-25 02:00:00-05:00,73.1,46.31999999999999,24.47,2.31
2025-02-25 03:00:00-05:00,70.5,47.85,20.4,2.25
2025-02-25 04:00:00-05:00,73.49,49.489999999999995,21.72,2.28
2025-02-25 05:00:00-05:00,77.21,54.96999999999999,19.93,2.31
2025-02-25 06:00:00-05:00,90.15,71.72000000000001,15.35,3.08
2025-02-25 07:00:00-05:00,93.12,73.59,16.51,3.02
2025-02-25 08:00:00-05:00,82.7,67.22,12.72,2.76
2025-02-25 09:00:00-05:00,74.61,67.59,4.31,2.71
2025-02-25 10:00:00-05:00,73.5,63.22,7.94,2.34
2025-02-25 11:00:00-05:00,72.2,61.01,8.93,2.26
2025-02-25 12:00:00-05:00,70.6,59.959999999999994,8.48,2.16
2025-02-25 13:00:00-05:00,69.1,57.169999999999995,9.88,2.05
2025-02-25 14:00:00-05:00,70.14,57.17,10.92,2.05
2025-02-25 15:00:00-05:00,69.2,61.91,5.12,2.17
2025-02-25 16:00:00-05:00,78.0,67.18,8.33,2.49
2025-02-25 17:00:00-05:00,91.8,81.78999999999999,7.23,2.78
2025-02-25 18:00:00-05:00,91.76,85.15,3.46,3.15
2025-02-25 19:00:00-05:00,83.65,77.4,3.38,2.87
2025-02-25 20:00:00-05:00,81.9,69.04,10.24,2.62
2025-02-25 21:00:00-05:00,72.0,61.27,8.4,2.33
2025-02-25 22:00:00-05:00,64.71,57.709999999999994,4.75,2.25
2025-02-25 23:00:00-05:00,64.3,59.16,2.95,2.19
2025-02-26 00:00:00-05:00,45.65,43.98,-0.0,1.67
2025-02-26 01:00:00-05:00,44.5,42.87,-0.0,1.63
2025-02-26 02:00:00-05:00,42.1,40.6,-0.0,1.5
2025-02-26 03:00:00-05:00,41.7,40.21,-0.0,1.49
2025-02-26 04:00:00-05:00,43.56,41.93,-0.0,1.63
2025-02-26 05:00:00-05:00,48.0,46.32,0.06,1.62
2025-02-26 06:00:00-05:00,58.83,57.01,-0.0,1.82
2025-02-26 07:00:00-05:00,66.57,64.50999999999999,-0.0,2.06
2025-02-26 08:00:00-05:00,54.96,53.21,-0.0,1.75
2025-02-26 09:00:00-05:00,46.78,45.11,-0.0,1.67
2025-02-26 10:00:00-05:00,43.78,42.34,-0.0,1.44
2025-02-26 11:00:00-05:00,41.17,39.66,-0.0,1.51
2025-02-26 12:00:00-05:00,40.9,39.55,-0.0,1.35
2025-02-26 13:00:00-05:00,41.97,40.67,-0.0,1.3
2025-02-26 14:00:00-05:00,42.42,41.07,-0.0,1.35
2025-02-26 15:00:00-05:00,43.84,42.36000000000001,-0.0,1.48
2025-02-26 16:00:00-05:00,50.54,48.93,-0.0,1.61
2025-02-26 17:00:00-05:00,64.06,62.02,-0.0,2.04
2025-02-26 18:00:00-05:00,76.39,74.09,-0.0,2.3
2025-02-26 19:00:00-05:00,64.82,62.86999999999999,-0.0,1.95
2025-02-26 20:00:00-05:00,57.6,55.65,-0.0,1.95
2025-02-26 21:00:00-05:00,52.9,49.629999999999995,1.43,1.84
2025-02-26 22:00:00-05:00,47.16,46.04999999999999,-0.41,1.52
2025-02-26 23:00:00-05:00,44.78,43.48,-0.0,1.3
2025-02-27 00:00:00-05:00,42.19,41.04,-0.0,1.15
2025-02-27 01:00:00-05:00,40.58,39.44,-0.0,1.14
2025-02-27 02:00:00-05:00,38.69,37.64,-0.0,1.05
2025-02-27 03:00:00-05:00,38.66,37.61,-0.0,1.05
2025-02-27 04:00:00-05:00,38.71,37.51,-0.0,1.2
2025-02-27 05:00:00-05:00,41.68,40.39,-0.0,1.29
2025-02-27 06:00:00-05:00,54.29,52.5,-0.0,1.79
2025-02-27 07:00:00-05:00,55.63,53.77,0.19,1.67
2025-02-27 08:00:00-05:00,50.73,49.14999999999999,-0.19,1.77
2025-02-27 09:00:00-05:00,49.63,48.190000000000005,-0.0,1.44
2025-02-27 10:00:00-05:00,50.75,49.27,-0.0,1.48
2025-02-27 11:00:00-05:00,49.34,47.81,-0.0,1.53
2025-02-27 12:00:00-05:00,48.05,46.599999999999994,-0.0,1.45
2025-02-27 13:00:00-05:00,45.52,44.150000000000006,-0.0,1.37
2025-02-27 14:00:00-05:00,44.95,43.43,-0.0,1.52
2025-02-27 15:00:00-05:00,45.03,43.51,-0.0,1.52
2025-02-27 16:00:00-05:00,48.6,46.82,-0.0,1.78
2025-02-27 17:00:00-05:00,57.12,55.03,-0.0,2.09
2025-02-27 18:00:00-05:00,63.05,59.96,0.69,2.4
2025-02-27 19:00:00-05:00,55.49,53.35,-0.0,2.14
2025-02-27 20:00:00-05:00,49.3,47.45,-0.0,1.85
2025-02-27 21:00:00-05:00,44.97,43.24,-0.0,1.73
2025-02-27 22:00:00-05:00,40.81,39.2,-0.0,1.61
2025-02-27 23:00:00-05:00,41.42,39.79,-0.0,1.63
2025-02-28 00:00:00-05:00,40.56,38.85,-0.0,1.71
2025-02-28 01:00:00-05:00,38.05,36.52,-0.0,1.53
2025-02-28 02:00:00-05:00,37.35,35.95,-0.0,1.4
2025-02-28 03:00:00-05:00,37.6,36.190000000000005,-0.0,1.41
2025-02-28 04:00:00-05:00,38.69,37.27,-0.0,1.42
2025-02-28 05:00:00-05:00,43.18,41.84,-0.0,1.34
2025-02-28 06:00:00-05:00,54.47,52.78,-0.0,1.69
2025-02-28 07:00:00-05:00,59.87,58.07,-0.0,1.8
2025-02-28 08:00:00-05:00,48.84,47.330000000000005,-0.0,1.51
2025-02-28 09:00:00-05:00,42.5,40.98,-0.0,1.52
2025-02-28 10:00:00-05:00,40.28,38.95,-0.0,1.33
2025-02-28 11:00:00-05:00,39.32,37.99,-0.0,1.33
2025-02-28 12:00:00-05:00,38.19,36.86,-0.0,1.33
2025-02-28 13:00:00-05:00,38.13,36.73,-0.0,1.4
2025-02-28 14:00:00-05:00,38.02,36.81,-0.0,1.21
2025-02-28 15:00:00-05:00,40.34,39.010000000000005,-0.0,1.33
2025-02-28 16:00:00-05:00,46.32,44.8,-0.0,1.52
2025-02-28 17:00:00-05:00,57.32,55.43,-0.0,1.89
2025-02-28 18:00:00-05:00,61.36,59.4,-0.0,1.96
2025-02-28 19:00:00-05:00,53.35,51.2,-0.0,2.15
2025-02-28 20:00:00-05:00,51.6,49.33,-0.0,2.27
2025-02-28 21:00:00-05:00,46.91,44.94,-0.0,1.97
2025-02-28 22:00:00-05:00,43.04,41.11,-0.0,1.93
2025-02-28 23:00:00-05:00,41.84,40.040000000000006,-0.0,1.8
2025-03-01 00:00:00-05:00,44.3,40.92999999999999,1.78,1.59
2025-03-01 01:00:00-05:00,42.8,39.44,1.78,1.58
2025-03-01 02:00:00-05:00,40.5,38.61,0.39,1.5
2025-03-01 03:00:00-05:00,39.6,37.73,0.36,1.51
2025-03-01 04:00:00-05:00,40.0,38.46,-0.0,1.54
2025-03-01 05:00:00-05:00,42.66,38.65,2.5,1.51
2025-03-01 06:00:00-05:00,62.0,42.39,17.83,1.78
2025-03-01 07:00:00-05:00,60.3,43.95,14.55,1.8
2025-03-01 08:00:00-05:00,52.05,42.239999999999995,8.0,1.81
2025-03-01 09:00:00-05:00,42.06,39.73,0.54,1.79
2025-03-01 10:00:00-05:00,51.88,43.71,6.07,2.1
2025-03-01 11:00:00-05:00,50.0,44.54,3.32,2.14
2025-03-01 12:00:00-05:00,48.78,43.27,3.48,2.03
2025-03-01 13:00:00-05:00,48.6,42.84,3.7,2.06
2025-03-01 14:00:00-05:00,49.77,43.650000000000006,4.03,2.09
2025-03-01 15:00:00-05:00,51.7,46.82,2.68,2.2
2025-03-01 16:00:00-05:00,66.29,54.0,9.7,2.59
2025-03-01 17:00:00-05:00,89.7,64.94,21.64,3.12
2025-03-01 18:00:00-05:00,97.0,77.84,15.5,3.66
2025-03-01 19:00:00-05:00,86.37,74.84,8.01,3.52
2025-03-01 20:00:00-05:00,77.95,70.19,4.53,3.23
2025-03-01 21:00:00-05:00,72.5,65.19999999999999,4.43,2.87
2025-03-01 22:00:00-05:00,63.95,60.88,0.51,2.56
2025-03-01 23:00:00-05:00,59.64,57.4,-0.0,2.24
2025-03-02 00:00:00-05:00,60.41,58.37,-0.0,2.04
2025-03-02 01:00:00-05:00,57.9,55.94,-0.0,1.96
2025-03-02 02:00:00-05:00,57.63,55.79,-0.0,1.84
2025-03-02 03:00:00-05:00,59.94,58.08,-0.0,1.86
2025-03-02 04:00:00-05:00,61.02,59.13,-0.0,1.89
2025-03-02 05:00:00-05:00,62.59,60.650000000000006,-0.0,1.94
2025-03-02 06:00:00-05:00,67.97,65.61,-0.0,2.36
2025-03-02 07:00:00-05:00,71.96,69.39,-0.0,2.57
2025-03-02 08:00:00-05:00,66.65,64.15,-0.0,2.5
2025-03-02 09:00:00-05:00,65.68,54.06,9.3,2.32
2025-03-02 10:00:00-05:00,66.5,69.49,-6.12,3.13
2025-03-02 11:00:00-05:00,67.11,64.28,-0.0,2.83
2025-03-02 12:00:00-05:00,65.48,62.78,-0.0,2.7
2025-03-02 13:00:00-05:00,65.62,62.86000000000001,-0.0,2.76
2025-03-02 14:00:00-05:00,67.68,64.7,-0.0,2.98
2025-03-02 15:00:00-05:00,78.72,75.26,-0.0,3.46
2025-03-02 16:00:00-05:00,90.58,86.11,-0.0,4.47
2025-03-02 17:00:00-05:00,105.0,99.22,1.21,4.57
2025-03-02 18:00:00-05:00,129.13,120.79,3.39,4.95
2025-03-02 19:00:00-05:00,116.2,99.67,12.25,4.28
2025-03-02 20:00:00-05:00,109.4,97.52,7.79,4.09
2025-03-02 21:00:00-05:00,101.13,96.87,-0.0,4.26
2025-03-02 22:00:00-05:00,94.32,90.35,-0.0,3.97
2025-03-02 23:00:00-05:00,89.19,85.75999999999999,-0.0,3.43
2025-03-03 00:00:00-05:00,87.16,81.19,2.96,3.01
2025-03-03 01:00:00-05:00,81.1,76.14999999999999,1.9,3.05
2025-03-03 02:00:00-05:00,78.4,73.18,2.44,2.78
2025-03-03 03:00:00-05:00,76.81,72.61,1.66,2.54
2025-03-03 04:00:00-05:00,80.54,77.54,0.21,2.79
2025-03-03 05:00:00-05:00,92.3,84.19,5.17,2.94
2025-03-03 06:00:00-05:00,133.93,116.7,13.73,3.5
2025-03-03 07:00:00-05:00,141.2,131.29,6.24,3.67
2025-03-03 08:00:00-05:00,111.15,99.14,8.74,3.27
2025-03-03 09:00:00-05:00,87.09,78.38000000000001,5.27,3.44
2025-03-03 10:00:00-05:00,80.38,73.21999999999998,4.23,2.93
2025-03-03 11:00:00-05:00,73.59,67.15,3.55,2.89
2025-03-03 12:00:00-05:00,69.85,64.32,2.83,2.7
2025-03-03 13:00:00-05:00,67.99,62.99,2.48,2.52
2025-03-03 14:00:00-05:00,68.35,63.24999999999999,2.38,2.72
2025-03-03 15:00:00-05:00,73.92,68.16,2.9,2.86
2025-03-03 16:00:00-05:00,89.22,80.8,5.11,3.31
2025-03-03 17:00:00-05:00,119.6,105.09,10.3,4.21
2025-03-03 18:00:00-05:00,145.2,118.54999999999998,22.15,4.5
2025-03-03 19:00:00-05:00,134.95,98.88,31.82,4.25
2025-03-03 20:00:00-05:00,117.5,92.05,21.58,3.87
2025-03-03 21:00:00-05:00,96.77,81.82,11.59,3.36
2025-03-03 22:00:00-05:00,83.57,76.61,3.74,3.22
2025-03-03 23:00:00-05:00,81.81,70.74000000000001,7.88,3.19
2025-03-04 00:00:00-05:00,80.14,61.809999999999995,15.85,2.48
2025-03-04 01:00:00-05:00,77.0,62.95,11.47,2.58
2025-03-04 02:00:00-05:00,75.58,60.559999999999995,12.54,2.48
2025-03-04 03:00:00-05:00,75.61,59.61,13.61,2.39
2025-03-04 04:00:00-05:00,77.49,60.13999999999999,14.88,2.47
2025-03-04 05:00:00-05:00,89.79,58.53,29.09,2.17
2025-03-04 06:00:00-05:00,119.58,86.36,29.33,3.89
2025-03-04 07:00:00-05:00,121.28,86.63000000000001,30.41,4.24
2025-03-04 08:00:00-05:00,98.0,72.82000000000001,22.05,3.13
2025-03-04 09:00:00-05:00,75.88,68.6,4.19,3.09
2025-03-04 10:00:00-05:00,53.05,51.3,-0.0,1.75
2025-03-04 11:00:00-05:00,50.75,49.18,-0.0,1.57
2025-03-04 12:00:00-05:00,49.17,47.65,-0.0,1.52
2025-03-04 13:00:00-05:00,48.12,46.629999999999995,-0.0,1.49
2025-03-04 14:00:00-05:00,48.64,47.0,-0.0,1.64
2025-03-04 15:00:00-05:00,51.32,49.59,-0.0,1.73
2025-03-04 16:00:00-05:00,57.61,55.39,-0.0,2.22
2025-03-04 17:00:00-05:00,70.9,67.7,0.56,2.64
2025-03-04 18:00:00-05:00,80.37,77.43,-0.0,2.94
2025-03-04 19:00:00-05:00,70.74,68.14999999999999,-0.0,2.59
2025-03-04 20:00:00-05:00,63.25,60.99,-0.0,2.26
2025-03-04 21:00:00-05:00,57.04,55.0,-0.0,2.04
2025-03-04 22:00:00-05:00,51.33,49.55,-0.0,1.78
2025-03-04 23:00:00-05:00,48.34,46.57,-0.0,1.77
2025-03-05 00:00:00-05:00,39.78,38.4,-0.0,1.38
2025-03-05 01:00:00-05:00,39.0,37.79,-0.0,1.21
2025-03-05 02:00:00-05:00,37.43,36.24,-0.0,1.19
2025-03-05 03:00:00-05:00,36.96,35.78,-0.0,1.18
2025-03-05 04:00:00-05:00,37.17,35.910000000000004,-0.0,1.26
2025-03-05 05:00:00-05:00,38.89,37.68,-0.0,1.21
2025-03-05 06:00:00-05:00,46.74,44.81,-0.0,1.93
2025-03-05 07:00:00-05:00,49.33,47.25,-0.0,2.08
2025-03-05 08:00:00-05:00,49.99,47.84,-0.0,2.15
2025-03-05 09:00:00-05:00,50.0,47.8,-0.0,2.2
2025-03-05 10:00:00-05:00,50.08,48.02,-0.0,2.06
2025-03-05 11:00:00-05:00,48.21,46.18,-0.0,2.03
2025-03-05 12:00:00-05:00,45.88,43.86,-0.0,2.02
2025-03-05 13:00:00-05:00,45.1,43.16,-0.0,1.94
2025-03-05 14:00:00-05:00,44.02,42.080000000000005,-0.0,1.94
2025-03-05 15:00:00-05:00,44.9,42.84,-0.0,2.06
2025-03-05 16:00:00-05:00,47.12,44.959999999999994,-0.0,2.16
2025-03-05 17:00:00-05:00,54.0,51.43,-0.0,2.57
2025-03-05 18:00:00-05:00,57.9,55.3,-0.0,2.6
2025-03-05 19:00:00-05:00,51.56,49.29,-0.0,2.27
2025-03-05 20:00:00-05:00,46.6,44.55,-0.0,2.05
2025-03-05 21:00:00-05:00,41.3,39.599999999999994,-0.0,1.7
2025-03-05 22:00:00-05:00,39.29,37.82,-0.0,1.47
2025-03-05 23:00:00-05:00,38.67,37.18,-0.0,1.49
2025-03-06 00:00:00-05:00,42.03,40.53,-0.0,1.5
2025-03-06 01:00:00-05:00,40.67,39.22,-0.0,1.45
2025-03-06 02:00:00-05:00,37.93,36.54,-0.0,1.39
2025-03-06 03:00:00-05:00,35.77,34.46,-0.0,1.31
2025-03-06 04:00:00-05:00,38.24,36.91,-0.0,1.33
2025-03-06 05:00:00-05:00,41.56,40.190000000000005,-0.0,1.37
2025-03-06 06:00:00-05:00,52.0,44.16,5.81,2.03
2025-03-06 07:00:00-05:00,49.42,47.16,-0.0,2.26
2025-03-06 08:00:00-05:00,46.45,44.16,-0.0,2.29
2025-03-06 09:00:00-05:00,43.44,41.25,-0.0,2.19
2025-03-06 10:00:00-05:00,43.42,41.24,-0.0,2.18
2025-03-06 11:00:00-05:00,41.65,39.629999999999995,-0.0,2.02
2025-03-06 12:00:00-05:00,40.82,38.8,-0.0,2.02
2025-03-06 13:00:00-05:00,41.4,39.43,-0.0,1.97
2025-03-06 14:00:00-05:00,40.81,38.760000000000005,-0.0,2.05
2025-03-06 15:00:00-05:00,43.41,40.989999999999995,-0.0,2.42
2025-03-06 16:00:00-05:00,47.89,43.71,1.42,2.76
2025-03-06 17:00:00-05:00,54.76,52.349999999999994,-0.0,2.41
2025-03-06 18:00:00-05:00,62.64,60.12,-0.0,2.52
2025-03-06 19:00:00-05:00,54.59,52.290000000000006,-0.0,2.3
2025-03-06 20:00:00-05:00,51.93,49.72,0.03,2.18
2025-03-06 21:00:00-05:00,47.82,45.81,-0.0,2.01
2025-03-06 22:00:00-05:00,44.74,42.73,-0.0,2.01
2025-03-06 23:00:00-05:00,43.32,41.5,-0.0,1.82
2025-03-07 00:00:00-05:00,45.9,43.67,-0.0,2.23
2025-03-07 01:00:00-05:00,42.92,40.84,-0.0,2.08
2025-03-07 02:00:00-05:00,43.18,41.09,-0.0,2.09
2025-03-07 03:00:00-05:00,43.16,41.11,-0.0,2.05
2025-03-07 04:00:00-05:00,44.47,42.35,-0.0,2.12
2025-03-07 05:00:00-05:00,49.04,46.79,-0.0,2.25
2025-03-07 06:00:00-05:00,64.99,62.01,-0.0,2.98
2025-03-07 07:00:00-05:00,66.59,63.6,-0.0,2.99
2025-03-07 08:00:00-05:00,55.0,52.38,-0.0,2.62
2025-03-07 09:00:00-05:00,45.22,42.95,-0.0,2.27
2025-03-07 10:00:00-05:00,43.13,41.080000000000005,-0.0,2.05
2025-03-07 11:00:00-05:00,39.78,37.96,-0.0,1.82
2025-03-07 12:00:00-05:00,39.45,37.68,-0.0,1.77
2025-03-07 13:00:00-05:00,39.06,37.27,-0.0,1.79
2025-03-07 14:00:00-05:00,39.09,37.330000000000005,-0.0,1.76
2025-03-07 15:00:00-05:00,42.02,40.13,-0.0,1.89
2025-03-07 16:00:00-05:00,49.1,46.81,-0.0,2.29
2025-03-07 17:00:00-05:00,63.61,60.75,-0.0,2.86
2025-03-07 18:00:00-05:00,72.74,69.80999999999999,-0.0,2.93
2025-03-07 19:00:00-05:00,66.0,63.46,-0.0,2.54
2025-03-07 20:00:00-05:00,59.52,57.23,-0.0,2.29
2025-03-07 21:00:00-05:00,54.3,52.11,-0.0,2.19
2025-03-07 22:00:00-05:00,49.4,47.5,-0.0,1.9
2025-03-07 23:00:00-05:00,47.24,45.47,-0.0,1.77
2025-03-08 00:00:00-05:00,50.11,45.629999999999995,2.52,1.96
2025-03-08 01:00:00-05:00,45.4,43.49,-0.0,1.91
2025-03-08 02:00:00-05:00,42.65,40.77,-0.0,1.88
2025-03-08 03:00:00-05:00,42.34,40.48,-0.0,1.86
2025-03-08 04:00:00-05:00,42.58,40.67,-0.0,1.91
2025-03-08 05:00:00-05:00,45.43,43.43,-0.0,2.0
2025-03-08 06:00:00-05:00,58.26,48.11,7.94,2.21
2025-03-08 07:00:00-05:00,51.15,48.47,0.31,2.37
2025-03-08 08:00:00-05:00,45.44,43.36,-0.0,2.08
2025-03-08 09:00:00-05:00,40.09,38.290000000000006,-0.0,1.8
2025-03-08 10:00:00-05:00,38.9,37.19,-0.0,1.71
2025-03-08 11:00:00-05:00,38.02,36.35,-0.0,1.67
2025-03-08 12:00:00-05:00,36.1,34.410000000000004,-0.0,1.69
2025-03-08 13:00:00-05:00,34.9,33.24,-0.0,1.66
2025-03-08 14:00:00-05:00,35.5,33.84,-0.0,1.66
2025-03-08 15:00:00-05:00,39.22,37.42,-0.0,1.8
2025-03-08 16:00:00-05:00,44.21,41.71,0.29,2.21
2025-03-08 17:00:00-05:00,61.2,50.28,8.41,2.51
2025-03-08 18:00:00-05:00,70.29,62.33,5.09,2.87
2025-03-08 19:00:00-05:00,65.19,58.04,4.42,2.73
2025-03-08 20:00:00-05:00,60.79,51.82,6.58,2.39
2025-03-08 21:00:00-05:00,56.9,49.78,4.73,2.39
2025-03-08 22:00:00-05:00,51.53,45.75,3.77,2.01
2025-03-08 23:00:00-05:00,46.79,44.8,0.02,1.97
2025-03-09 00:00:00-05:00,61.28,54.48,4.57,2.23
2025-03-09 01:00:00-05:00,58.91,50.129999999999995,6.83,1.95
2025-03-09 03:00:00-04:00,48.16,48.21,-1.88,1.83
2025-03-09 04:00:00-04:00,48.66,46.66,-0.0,2.0
2025-03-09 05:00:00-04:00,49.69,47.69,-0.0,2.0
2025-03-09 06:00:00-04:00,57.1,54.64,-0.0,2.46
2025-03-09 07:00:00-04:00,54.31,51.82,-0.0,2.49
2025-03-09 08:00:00-04:00,50.54,48.36,-0.0,2.18
2025-03-09 09:00:00-04:00,45.99,44.05,-0.0,1.94
2025-03-09 10:00:00-04:00,42.27,40.49,-0.0,1.78
2025-03-09 11:00:00-04:00,41.76,40.08,-0.0,1.68
2025-03-09 12:00:00-04:00,41.37,39.7,-0.0,1.67
2025-03-09 13:00:00-04:00,39.81,38.17,-0.0,1.64
2025-03-09 14:00:00-04:00,39.36,37.66,-0.0,1.7
2025-03-09 15:00:00-04:00,38.86,37.08,-0.0,1.78
2025-03-09 16:00:00-04:00,48.03,40.120000000000005,5.98,1.93
2025-03-09 17:00:00-04:00,60.47,48.52,9.57,2.38
2025-03-09 18:00:00-04:00,72.0,61.89,7.2,2.91
2025-03-09 19:00:00-04:00,76.55,69.31,4.19,3.05
2025-03-09 20:00:00-04:00,70.68,61.87000000000001,6.15,2.66
2025-03-09 21:00:00-04:00,58.57,54.129999999999995,1.84,2.6
2025-03-09 22:00:00-04:00,51.79,49.61,-0.0,2.18
2025-03-09 23:00:00-04:00,51.0,47.7,1.25,2.05
2025-03-10 00:00:00-04:00,46.1,43.3,1.02,1.78
2025-03-10 01:00:00-04:00,43.7,40.41,1.67,1.62
2025-03-10 02:00:00-04:00,44.43,39.1,3.76,1.57
2025-03-10 03:00:00-04:00,43.09,38.96,2.57,1.56
2025-03-10 04:00:00-04:00,44.26,41.61,1.03,1.62
2025-03-10 05:00:00-04:00,49.06,47.31,-0.0,1.75
2025-03-10 06:00:00-04:00,65.23,62.38,0.61,2.24
2025-03-10 07:00:00-04:00,76.04,73.99000000000001,-0.61,2.66
2025-03-10 08:00:00-04:00,60.85,59.39,-0.68,2.14
2025-03-10 09:00:00-04:00,47.72,45.01,0.68,2.03
2025-03-10 10:00:00-04:00,43.97,42.0,-0.0,1.97
2025-03-10 11:00:00-04:00,41.5,39.16,0.42,1.92
2025-03-10 12:00:00-04:00,39.0,37.15,0.07,1.78
2025-03-10 13:00:00-04:00,37.6,35.88,-0.0,1.72
2025-03-10 14:00:00-04:00,37.11,35.44,-0.0,1.67
2025-03-10 15:00:00-04:00,38.18,36.5,-0.0,1.68
2025-03-10 16:00:00-04:00,41.51,39.68,-0.0,1.83
2025-03-10 17:00:00-04:00,53.52,50.15,1.17,2.2
2025-03-10 18:00:00-04:00,69.85,67.91,-0.44,2.38
2025-03-10 19:00:00-04:00,76.71,74.97999999999999,-0.74,2.47
2025-03-10 20:00:00-04:00,66.36,64.17999999999999,-0.0,2.18
2025-03-10 21:00:00-04:00,56.03,53.870000000000005,-0.0,2.16
2025-03-10 22:00:00-04:00,48.5,46.67,-0.13,1.96
2025-03-10 23:00:00-04:00,43.89,41.83,0.13,1.93
2025-03-11 00:00:00-04:00,41.68,37.96,1.86,1.86
2025-03-11 01:00:00-04:00,38.45,36.57,0.09,1.79
2025-03-11 02:00:00-04:00,37.5,34.04,1.76,1.7
2025-03-11 03:00:00-04:00,38.49,31.770000000000003,5.07,1.65
2025-03-11 04:00:00-04:00,40.02,33.230000000000004,5.06,1.73
2025-03-11 05:00:00-04:00,46.92,37.330000000000005,7.65,1.94
2025-03-11 06:00:00-04:00,70.65,52.89000000000001,15.01,2.75
2025-03-11 07:00:00-04:00,78.09,69.61,4.86,3.62
2025-03-11 08:00:00-04:00,55.4,51.45,1.17,2.78
2025-03-11 09:00:00-04:00,41.06,38.77,0.08,2.21
2025-03-11 10:00:00-04:00,38.66,33.38999999999999,3.6,1.67
2025-03-11 11:00:00-04:00,34.4,24.06,9.16,1.18
2025-03-11 12:00:00-04:00,32.39,21.96,9.33,1.1
2025-03-11 13:00:00-04:00,31.1,21.610000000000003,8.41,1.08
2025-03-11 14:00:00-04:00,31.34,21.589999999999996,8.67,1.08
2025-03-11 15:00:00-04:00,33.6,22.19,10.3,1.11
2025-03-11 16:00:00-04:00,38.57,25.419999999999995,11.88,1.27
2025-03-11 17:00:00-04:00,41.45,38.66,0.78,2.01
2025-03-11 18:00:00-04:00,55.81,53.1,-0.0,2.71
2025-03-11 19:00:00-04:00,68.41,65.39999999999999,-0.0,3.01
2025-03-11 20:00:00-04:00,63.2,60.31,-0.0,2.89
2025-03-11 21:00:00-04:00,50.53,48.26,-0.0,2.27
2025-03-11 22:00:00-04:00,44.55,42.669999999999995,-0.0,1.88
2025-03-11 23:00:00-04:00,41.1,39.48,-0.0,1.62
2025-03-12 00:00:00-04:00,39.05,38.02,-0.0,1.03
2025-03-12 01:00:00-04:00,37.82,36.9,-0.0,0.92
2025-03-12 02:00:00-04:00,36.06,35.25,-0.0,0.81
2025-03-12 03:00:00-04:00,35.92,35.15,-0.0,0.77
2025-03-12 04:00:00-04:00,37.11,36.42,-0.0,0.69
2025-03-12 05:00:00-04:00,44.5,43.71,-0.0,0.79
2025-03-12 06:00:00-04:00,65.52,63.099999999999994,1.03,1.39
2025-03-12 07:00:00-04:00,78.89,78.27,-1.03,1.65
2025-03-12 08:00:00-04:00,61.5,62.75,-2.38,1.13
2025-03-12 09:00:00-04:00,44.69,41.35999999999999,2.38,0.95
2025-03-12 10:00:00-04:00,42.0,41.13,-0.0,0.87
2025-03-12 11:00:00-04:00,39.3,38.459999999999994,-0.0,0.84
2025-03-12 12:00:00-04:00,36.97,36.14,-0.0,0.83
2025-03-12 13:00:00-04:00,36.47,35.76,-0.0,0.71
2025-03-12 14:00:00-04:00,35.83,34.989999999999995,-0.0,0.84
2025-03-12 15:00:00-04:00,39.18,38.26,-0.0,0.92
2025-03-12 16:00:00-04:00,45.7,44.5,-0.0,1.2
2025-03-12 17:00:00-04:00,53.74,52.28,-0.0,1.46
2025-03-12 18:00:00-04:00,68.07,66.35,-0.0,1.72
2025-03-12 19:00:00-04:00,74.29,72.13000000000001,-0.0,2.16
2025-03-12 20:00:00-04:00,65.31,63.23,-0.0,2.08
2025-03-12 21:00:00-04:00,54.22,52.49,-0.0,1.73
2025-03-12 22:00:00-04:00,47.19,45.64,-0.0,1.55
2025-03-12 23:00:00-04:00,43.86,42.42,-0.0,1.44
2025-03-13 00:00:00-04:00,45.79,44.24,-0.0,1.55
2025-03-13 01:00:00-04:00,42.68,41.24,-0.0,1.44
2025-03-13 02:00:00-04:00,40.02,38.78,-0.0,1.24
2025-03-13 03:00:00-04:00,39.79,38.56,-0.0,1.23
2025-03-13 04:00:00-04:00,40.06,38.85,-0.0,1.21
2025-03-13 05:00:00-04:00,46.56,45.07,-0.0,1.49
2025-03-13 06:00:00-04:00,59.98,58.23,-0.0,1.75
2025-03-13 07:00:00-04:00,83.17,80.52,-0.0,2.65
2025-03-13 08:00:00-04:00,66.6,64.6,-0.0,2.0
2025-03-13 09:00:00-04:00,53.43,50.32,1.3,1.81
2025-03-13 10:00:00-04:00,50.6,46.88,2.08,1.64
2025-03-13 11:00:00-04:00,46.91,41.86,3.55,1.5
2025-03-13 12:00:00-04:00,43.9,40.010000000000005,2.41,1.48
2025-03-13 13:00:00-04:00,42.03,38.38,2.23,1.42
2025-03-13 14:00:00-04:00,41.59,37.650000000000006,2.55,1.39
2025-03-13 15:00:00-04:00,42.98,38.84,2.66,1.48
2025-03-13 16:00:00-04:00,45.77,44.010000000000005,-0.0,1.76
2025-03-13 17:00:00-04:00,54.58,52.53,-0.0,2.05
2025-03-13 18:00:00-04:00,66.27,63.97,-0.0,2.3
2025-03-13 19:00:00-04:00,79.2,76.3,-0.0,2.9
2025-03-13 20:00:00-04:00,63.97,62.04,-0.0,1.93
2025-03-13 21:00:00-04:00,53.08,51.43,-0.0,1.65
2025-03-13 22:00:00-04:00,46.36,44.75,-0.0,1.61
2025-03-13 23:00:00-04:00,42.44,40.97,-0.0,1.47
2025-03-14 00:00:00-04:00,38.83,37.879999999999995,-0.0,0.95
2025-03-14 01:00:00-04:00,37.35,36.370000000000005,-0.0,0.98
2025-03-14 02:00:00-04:00,35.39,34.49,-0.0,0.9
2025-03-14 03:00:00-04:00,35.42,34.49,-0.0,0.93
2025-03-14 04:00:00-04:00,37.0,35.99,-0.0,1.01
2025-03-14 05:00:00-04:00,41.7,40.57,-0.0,1.13
2025-03-14 06:00:00-04:00,54.55,52.76,-0.0,1.79
2025-03-14 07:00:00-04:00,67.0,64.98,-0.0,2.02
2025-03-14 08:00:00-04:00,57.04,55.11,-0.0,1.93
2025-03-14 09:00:00-04:00,44.8,43.37,-0.0,1.43
2025-03-14 10:00:00-04:00,39.81,38.46,-0.0,1.35
2025-03-14 11:00:00-04:00,36.5,35.27,-0.0,1.23
2025-03-14 12:00:00-04:00,34.7,33.53,-0.0,1.17
2025-03-14 13:00:00-04:00,33.67,32.5,-0.0,1.17
2025-03-14 14:00:00-04:00,32.08,30.909999999999997,-0.0,1.17
2025-03-14 15:00:00-04:00,32.3,31.06,-0.0,1.24
2025-03-14 16:00:00-04:00,35.69,34.349999999999994,-0.0,1.34
2025-03-14 17:00:00-04:00,40.9,39.25,-0.0,1.65
2025-03-14 18:00:00-04:00,50.22,48.11,-0.0,2.11
2025-03-14 19:00:00-04:00,57.18,54.82,-0.0,2.36
2025-03-14 20:00:00-04:00,49.53,47.35,-0.0,2.18
2025-03-14 21:00:00-04:00,43.0,40.95,-0.0,2.05
2025-03-14 22:00:00-04:00,39.21,37.56,-0.0,1.65
2025-03-14 23:00:00-04:00,37.19,35.55,-0.0,1.64
2025-03-15 00:00:00-04:00,36.1,34.480000000000004,-0.0,1.62
2025-03-15 01:00:00-04:00,33.68,31.430000000000003,0.77,1.48
2025-03-15 02:00:00-04:00,32.6,28.72,2.53,1.35
2025-03-15 03:00:00-04:00,31.83,28.85,1.62,1.36
2025-03-15 04:00:00-04:00,33.27,29.81000000000001,2.06,1.4
2025-03-15 05:00:00-04:00,35.88,31.320000000000004,3.12,1.44
2025-03-15 06:00:00-04:00,42.66,33.61,7.47,1.58
2025-03-15 07:00:00-04:00,47.68,33.63,12.5,1.55
2025-03-15 08:00:00-04:00,45.66,37.29,6.69,1.68
2025-03-15 09:00:00-04:00,39.8,38.08,-0.0,1.72
2025-03-15 10:00:00-04:00,37.55,36.04,-0.0,1.51
2025-03-15 11:00:00-04:00,35.41,34.05,-0.0,1.36
2025-03-15 12:00:00-04:00,31.79,30.51,-0.0,1.28
2025-03-15 13:00:00-04:00,30.4,29.09,-0.0,1.31
2025-03-15 14:00:00-04:00,29.6,27.91,0.43,1.26
2025-03-15 15:00:00-04:00,32.0,26.889999999999997,3.85,1.26
2025-03-15 16:00:00-04:00,33.2,31.800000000000004,-0.0,1.4
2025-03-15 17:00:00-04:00,38.86,35.599999999999994,1.52,1.74
2025-03-15 18:00:00-04:00,48.0,40.099999999999994,5.98,1.92
2025-03-15 19:00:00-04:00,53.29,43.059999999999995,8.21,2.02
2025-03-15 20:00:00-04:00,46.4,41.15,3.28,1.97
2025-03-15 21:00:00-04:00,37.69,34.94,1.0,1.75
2025-03-15 22:00:00-04:00,36.22,26.15,8.79,1.28
2025-03-15 23:00:00-04:00,33.9,27.99,4.51,1.4
2025-03-16 00:00:00-04:00,31.13,23.93,6.07,1.13
2025-03-16 01:00:00-04:00,29.25,21.24,6.99,1.02
2025-03-16 02:00:00-04:00,26.76,21.84,3.87,1.05
2025-03-16 03:00:00-04:00,26.84,20.0,5.92,0.92
2025-03-16 04:00:00-04:00,27.45,20.76,5.73,0.96
2025-03-16 05:00:00-04:00,27.17,20.200000000000003,6.02,0.95
2025-03-16 06:00:00-04:00,32.01,19.47,11.59,0.95
2025-03-16 07:00:00-04:00,36.68,20.16,15.55,0.97
2025-03-16 08:00:00-04:00,39.71,21.110000000000003,17.55,1.05
2025-03-16 09:00:00-04:00,36.0,24.39,10.44,1.17
2025-03-16 10:00:00-04:00,36.89,28.0,7.57,1.32
2025-03-16 11:00:00-04:00,34.48,27.209999999999997,6.02,1.25
2025-03-16 12:00:00-04:00,34.7,27.52,5.91,1.27
2025-03-16 13:00:00-04:00,34.65,26.129999999999995,7.32,1.2
2025-03-16 14:00:00-04:00,33.87,25.76,6.92,1.19
2025-03-16 15:00:00-04:00,33.63,28.840000000000003,3.32,1.47
2025-03-16 16:00:00-04:00,37.25,33.919999999999995,1.63,1.7
2025-03-16 17:00:00-04:00,41.45,33.81,5.95,1.69
2025-03-16 18:00:00-04:00,44.39,42.18,0.1,2.11
2025-03-16 19:00:00-04:00,50.39,48.13,-0.0,2.26
2025-03-16 20:00:00-04:00,45.31,43.32,-0.0,1.99
2025-03-16 21:00:00-04:00,37.52,35.940000000000005,-0.0,1.58
2025-03-16 22:00:00-04:00,33.19,31.85,-0.0,1.34
2025-03-16 23:00:00-04:00,31.59,30.35,-0.0,1.24
2025-03-17 00:00:00-04:00,35.6,34.870000000000005,-0.0,0.73
2025-03-17 01:00:00-04:00,32.91,32.23,-0.0,0.68
2025-03-17 02:00:00-04:00,31.65,31.03,-0.0,0.62
2025-03-17 03:00:00-04:00,30.48,29.91,-0.0,0.57
2025-03-17 04:00:00-04:00,30.79,30.25,-0.0,0.54
2025-03-17 05:00:00-04:00,34.96,34.31,-0.0,0.65
2025-03-17 06:00:00-04:00,43.38,42.18,0.27,0.93
2025-03-17 07:00:00-04:00,56.26,55.15,-0.27,1.38
2025-03-17 08:00:00-04:00,53.09,51.75,-0.0,1.34
2025-03-17 09:00:00-04:00,49.18,47.75,-0.0,1.43
2025-03-17 10:00:00-04:00,47.47,46.0,-0.0,1.47
2025-03-17 11:00:00-04:00,45.42,43.760000000000005,-0.0,1.66
2025-03-17 12:00:00-04:00,43.24,41.66,-0.0,1.58
2025-03-17 13:00:00-04:00,41.76,40.14,-0.03,1.65
2025-03-17 14:00:00-04:00,39.19,37.66,-0.01,1.54
2025-03-17 15:00:00-04:00,40.48,38.879999999999995,-0.03,1.63
2025-03-17 16:00:00-04:00,41.34,39.64,-0.0,1.7
2025-03-17 17:00:00-04:00,50.75,49.66,-1.0,2.09
2025-03-17 18:00:00-04:00,57.51,55.84,-0.0,1.67
2025-03-17 19:00:00-04:00,66.1,64.3,-0.0,1.8
2025-03-17 20:00:00-04:00,57.63,56.11,-0.0,1.52
2025-03-17 21:00:00-04:00,47.79,46.49,-0.0,1.3
2025-03-17 22:00:00-04:00,42.31,41.28,-0.0,1.03
2025-03-17 23:00:00-04:00,38.17,37.61,-0.0,0.56
2025-03-18 00:00:00-04:00,39.8,39.02,-0.0,0.78
2025-03-18 01:00:00-04:00,37.21,36.55,-0.0,0.66
2025-03-18 02:00:00-04:00,35.18,34.53,-0.0,0.65
2025-03-18 03:00:00-04:00,34.74,34.06,-0.0,0.68
2025-03-18 04:00:00-04:00,35.73,34.959999999999994,-0.0,0.77
2025-03-18 05:00:00-04:00,40.56,39.46,-0.0,1.1
2025-03-18 06:00:00-04:00,56.81,55.370000000000005,-0.0,1.44
2025-03-18 07:00:00-04:00,70.69,68.83,-0.0,1.86
2025-03-18 08:00:00-04:00,52.7,51.330000000000005,-0.07,1.44
2025-03-18 09:00:00-04:00,38.21,36.99,0.07,1.15
2025-03-18 10:00:00-04:00,33.9,32.85,-0.0,1.05
2025-03-18 11:00:00-04:00,29.99,29.06,-0.0,0.93
2025-03-18 12:00:00-04:00,28.07,27.2,-0.0,0.87
2025-03-18 13:00:00-04:00,27.14,26.3,-0.0,0.84
2025-03-18 14:00:00-04:00,26.7,25.85,-0.0,0.85
2025-03-18 15:00:00-04:00,29.62,28.7,-0.0,0.92
2025-03-18 16:00:00-04:00,32.61,31.51,-0.0,1.1
2025-03-18 17:00:00-04:00,39.5,38.05,-0.0,1.45
2025-03-18 18:00:00-04:00,49.1,47.48,-0.0,1.62
2025-03-18 19:00:00-04:00,59.88,58.190000000000005,-0.0,1.69
2025-03-18 20:00:00-04:00,52.6,50.97,-0.0,1.63
2025-03-18 21:00:00-04:00,42.63,41.07,-0.0,1.56
2025-03-18 22:00:00-04:00,39.06,37.67,-0.0,1.39
2025-03-18 23:00:00-04:00,36.57,35.2,-0.0,1.37
2025-03-19 00:00:00-04:00,35.55,34.55,-0.0,1.0
2025-03-19 01:00:00-04:00,33.76,32.68,-0.0,1.08
2025-03-19 02:00:00-04:00,32.71,31.7,-0.0,1.01
2025-03-19 03:00:00-04:00,33.0,31.98,-0.0,1.02
2025-03-19 04:00:00-04:00,33.76,32.68,-0.0,1.08
2025-03-19 05:00:00-04:00,35.57,34.04,-0.0,1.53
2025-03-19 06:00:00-04:00,53.13,51.330000000000005,-0.0,1.8
2025-03-19 07:00:00-04:00,62.8,60.62,-0.0,2.18
2025-03-19 08:00:00-04:00,48.9,47.2,-0.0,1.7
2025-03-19 09:00:00-04:00,35.8,34.62,-0.0,1.18
2025-03-19 10:00:00-04:00,32.94,31.979999999999997,-0.0,0.96
2025-03-19 11:00:00-04:00,29.4,28.49,-0.0,0.91
2025-03-19 12:00:00-04:00,28.3,27.45,-0.0,0.85
2025-03-19 13:00:00-04:00,28.04,27.17,-0.0,0.87
2025-03-19 14:00:00-04:00,26.92,25.99,-0.0,0.93
2025-03-19 15:00:00-04:00,29.5,28.34,-0.0,1.16
2025-03-19 16:00:00-04:00,33.14,31.83,-0.0,1.31
2025-03-19 17:00:00-04:00,38.23,36.41,-0.0,1.82
2025-03-19 18:00:00-04:00,49.5,47.14,-0.0,2.36
2025-03-19 19:00:00-04:00,55.78,53.02,-0.0,2.76
2025-03-19 20:00:00-04:00,50.94,48.379999999999995,-0.0,2.56
2025-03-19 21:00:00-04:00,39.61,37.58,-0.0,2.03
2025-03-19 22:00:00-04:00,35.68,33.85,-0.0,1.83
2025-03-19 23:00:00-04:00,33.0,31.43,-0.0,1.57
2025-03-20 00:00:00-04:00,35.31,33.79,-0.0,1.52
2025-03-20 01:00:00-04:00,33.35,31.790000000000003,-0.0,1.56
2025-03-20 02:00:00-04:00,32.31,30.860000000000003,-0.0,1.45
2025-03-20 03:00:00-04:00,32.4,30.02,0.97,1.41
2025-03-20 04:00:00-04:00,33.0,30.25,1.33,1.42
2025-03-20 05:00:00-04:00,36.36,33.54,1.28,1.54
2025-03-20 06:00:00-04:00,51.57,49.02,-0.0,2.55
2025-03-20 07:00:00-04:00,60.96,56.31,2.0,2.65
2025-03-20 08:00:00-04:00,49.69,51.35,-4.13,2.47
2025-03-20 09:00:00-04:00,46.0,44.06,-0.09,2.03
2025-03-20 10:00:00-04:00,44.87,42.92,-0.03,1.98
2025-03-20 11:00:00-04:00,41.13,39.36,-0.0,1.77
2025-03-20 12:00:00-04:00,40.0,38.53,-0.27,1.74
2025-03-20 13:00:00-04:00,38.6,37.0,-0.03,1.63
2025-03-20 14:00:00-04:00,38.23,36.58,-0.03,1.68
2025-03-20 15:00:00-04:00,41.65,39.85,-0.0,1.8
2025-03-20 16:00:00-04:00,43.0,41.39,-0.0,1.61
2025-03-20 17:00:00-04:00,47.8,46.82,-0.84,1.82
2025-03-20 18:00:00-04:00,53.42,51.59,-0.18,2.01
2025-03-20 19:00:00-04:00,61.84,61.07,-1.43,2.2
2025-03-20 20:00:00-04:00,56.61,55.55,-0.77,1.83
2025-03-20 21:00:00-04:00,47.43,45.9,-0.03,1.56
2025-03-20 22:00:00-04:00,41.4,40.08,-0.0,1.32
2025-03-20 23:00:00-04:00,38.0,36.93,-0.0,1.07
2025-03-21 00:00:00-04:00,38.56,37.47,-0.0,1.09
2025-03-21 01:00:00-04:00,36.3,35.309999999999995,-0.0,0.99
2025-03-21 02:00:00-04:00,35.17,34.21,-0.0,0.96
2025-03-21 03:00:00-04:00,35.13,34.14,-0.0,0.99
2025-03-21 04:00:00-04:00,35.3,34.14,-0.0,1.16
2025-03-21 05:00:00-04:00,39.4,38.1,-0.0,1.3
2025-03-21 06:00:00-04:00,52.6,52.53,-1.61,1.68
2025-03-21 07:00:00-04:00,62.5,63.09,-2.61,2.02
2025-03-21 08:00:00-04:00,55.6,55.73,-2.08,1.95
2025-03-21 09:00:00-04:00,46.02,45.07,-0.9,1.85
2025-03-21 10:00:00-04:00,39.27,37.720000000000006,-0.0,1.55
2025-03-21 11:00:00-04:00,36.17,34.68,-0.0,1.49
2025-03-21 12:00:00-04:00,33.3,31.959999999999997,-0.0,1.34
2025-03-21 13:00:00-04:00,31.91,30.53,-0.0,1.38
2025-03-21 14:00:00-04:00,30.99,29.51,-0.0,1.48
2025-03-21 15:00:00-04:00,31.64,30.13,-0.0,1.51
2025-03-21 16:00:00-04:00,33.65,32.14,-0.0,1.51
2025-03-21 17:00:00-04:00,41.4,38.169999999999995,1.59,1.64
2025-03-21 18:00:00-04:00,49.65,49.32,-1.59,1.92
2025-03-21 19:00:00-04:00,57.67,55.720000000000006,-0.56,2.51
2025-03-21 20:00:00-04:00,53.71,51.2,0.56,1.95
2025-03-21 21:00:00-04:00,46.91,45.19,-0.0,1.72
2025-03-21 22:00:00-04:00,41.1,39.48,-0.0,1.62
2025-03-21 23:00:00-04:00,38.0,36.54,-0.0,1.46
2025-03-22 00:00:00-04:00,36.05,34.86,-0.0,1.19
2025-03-22 01:00:00-04:00,34.59,33.260000000000005,-0.0,1.33
2025-03-22 02:00:00-04:00,33.19,31.909999999999997,-0.0,1.28
2025-03-22 03:00:00-04:00,32.04,30.78,-0.0,1.26
2025-03-22 04:00:00-04:00,31.91,30.62,-0.0,1.29
2025-03-22 05:00:00-04:00,34.92,33.61,-0.0,1.31
2025-03-22 06:00:00-04:00,42.05,40.55,-0.0,1.5
2025-03-22 07:00:00-04:00,47.61,45.87,-0.0,1.74
2025-03-22 08:00:00-04:00,42.43,40.84,-0.0,1.59
2025-03-22 09:00:00-04:00,35.43,34.23,-0.0,1.2
2025-03-22 10:00:00-04:00,32.77,31.72,-0.0,1.05
2025-03-22 11:00:00-04:00,32.65,31.639999999999997,-0.0,1.01
2025-03-22 12:00:00-04:00,30.58,29.659999999999997,-0.0,0.92
2025-03-22 13:00:00-04:00,29.11,28.15,-0.0,0.96
2025-03-22 14:00:00-04:00,28.26,27.360000000000003,-0.0,0.9
2025-03-22 15:00:00-04:00,30.49,29.49,-0.0,1.0
2025-03-22 16:00:00-04:00,33.35,32.160000000000004,-0.0,1.19
2025-03-22 17:00:00-04:00,37.69,36.28,-0.0,1.41
2025-03-22 18:00:00-04:00,46.08,44.22,-0.0,1.86
2025-03-22 19:00:00-04:00,52.08,50.17,-0.0,1.91
2025-03-22 20:00:00-04:00,51.09,49.27,-0.0,1.82
2025-03-22 21:00:00-04:00,43.56,42.13,-0.0,1.43
2025-03-22 22:00:00-04:00,38.84,37.67,-0.0,1.17
2025-03-22 23:00:00-04:00,37.3,36.39,-0.0,0.91
2025-03-23 00:00:00-04:00,38.91,37.849999999999994,-0.0,1.06
2025-03-23 01:00:00-04:00,35.88,35.14,-0.0,0.74
2025-03-23 02:00:00-04:00,35.36,34.7,-0.0,0.66
2025-03-23 03:00:00-04:00,35.58,34.989999999999995,-0.0,0.59
2025-03-23 04:00:00-04:00,36.46,35.89,-0.0,0.57
2025-03-23 05:00:00-04:00,38.0,37.33,-0.0,0.67
2025-03-23 06:00:00-04:00,45.5,44.35,-0.0,1.15
2025-03-23 07:00:00-04:00,50.92,49.58,-0.0,1.34
2025-03-23 08:00:00-04:00,42.33,41.379999999999995,-0.0,0.95
2025-03-23 09:00:00-04:00,36.23,35.349999999999994,-0.0,0.88
2025-03-23 10:00:00-04:00,33.47,32.62,-0.0,0.85
2025-03-23 11:00:00-04:00,31.15,30.389999999999997,-0.0,0.76
2025-03-23 12:00:00-04:00,30.1,29.4,-0.0,0.7
2025-03-23 13:00:00-04:00,28.71,28.01,-0.0,0.7
2025-03-23 14:00:00-04:00,27.49,26.79,-0.0,0.7
2025-03-23 15:00:00-04:00,27.71,26.880000000000003,-0.0,0.83
2025-03-23 16:00:00-04:00,32.01,31.2,-0.0,0.81
2025-03-23 17:00:00-04:00,42.26,41.15,-0.0,1.11
2025-03-23 18:00:00-04:00,54.43,52.79,-0.0,1.64
2025-03-23 19:00:00-04:00,65.47,63.62,-0.0,1.85
2025-03-23 20:00:00-04:00,61.0,59.28,-0.0,1.72
2025-03-23 21:00:00-04:00,49.69,48.099999999999994,-0.0,1.59
2025-03-23 22:00:00-04:00,42.18,40.72,-0.0,1.46
2025-03-23 23:00:00-04:00,37.91,36.7,-0.0,1.21
2025-03-24 00:00:00-04:00,41.6,38.42,1.64,1.54
2025-03-24 01:00:00-04:00,40.4,37.010000000000005,1.91,1.48
2025-03-24 02:00:00-04:00,39.6,35.37,2.74,1.49
2025-03-24 03:00:00-04:00,43.2,34.55,7.2,1.45
2025-03-24 04:00:00-04:00,47.73,36.22999999999999,9.98,1.52
2025-03-24 05:00:00-04:00,52.02,41.4,8.88,1.74
2025-03-24 06:00:00-04:00,59.91,51.91,5.61,2.39
2025-03-24 07:00:00-04:00,61.86,58.97,-0.0,2.89
2025-03-24 08:00:00-04:00,57.0,54.24,-0.0,2.76
2025-03-24 09:00:00-04:00,52.55,50.14,-0.0,2.41
2025-03-24 10:00:00-04:00,52.39,49.99,-0.0,2.4
2025-03-24 11:00:00-04:00,51.39,48.81,-0.0,2.58
2025-03-24 12:00:00-04:00,46.63,44.2,-0.0,2.43
2025-03-24 13:00:00-04:00,44.92,42.58,-0.0,2.34
2025-03-24 14:00:00-04:00,43.37,41.23,-0.0,2.14
2025-03-24 15:00:00-04:00,43.4,40.95,0.32,2.13
2025-03-24 16:00:00-04:00,43.57,41.46,-0.0,2.11
2025-03-24 17:00:00-04:00,50.8,48.52,-0.0,2.28
2025-03-24 18:00:00-04:00,57.56,54.39,0.45,2.72
2025-03-24 19:00:00-04:00,63.0,60.0,-0.0,3.0
2025-03-24 20:00:00-04:00,58.29,55.52,-0.0,2.77
2025-03-24 21:00:00-04:00,47.84,45.61000000000001,-0.0,2.23
2025-03-24 22:00:00-04:00,42.45,40.540000000000006,-0.0,1.91
2025-03-24 23:00:00-04:00,41.93,40.09,-0.0,1.84
2025-03-25 00:00:00-04:00,40.83,39.22,-0.0,1.61
2025-03-25 01:00:00-04:00,38.8,37.34,-0.0,1.46
2025-03-25 02:00:00-04:00,37.28,36.02,-0.0,1.26
2025-03-25 03:00:00-04:00,37.03,35.85,-0.0,1.18
2025-03-25 04:00:00-04:00,37.69,36.419999999999995,-0.0,1.27
2025-03-25 05:00:00-04:00,42.13,40.55,-0.0,1.58
2025-03-25 06:00:00-04:00,55.54,53.56,-0.0,1.98
2025-03-25 07:00:00-04:00,63.51,61.01,-0.0,2.5
2025-03-25 08:00:00-04:00,56.6,54.27,-0.0,2.33
2025-03-25 09:00:00-04:00,43.0,41.19,-0.0,1.81
2025-03-25 10:00:00-04:00,40.5,38.94,-0.0,1.56
2025-03-25 11:00:00-04:00,38.8,37.309999999999995,-0.0,1.49
2025-03-25 12:00:00-04:00,36.41,34.98,-0.0,1.43
2025-03-25 13:00:00-04:00,36.4,34.97,-0.0,1.43
2025-03-25 14:00:00-04:00,35.1,33.72,-0.0,1.38
2025-03-25 15:00:00-04:00,35.87,34.419999999999995,-0.0,1.45
2025-03-25 16:00:00-04:00,39.3,37.54,-0.0,1.76
2025-03-25 17:00:00-04:00,45.95,43.8,-0.0,2.15
2025-03-25 18:00:00-04:00,56.72,54.28,-0.0,2.44
2025-03-25 19:00:00-04:00,65.5,63.29,-0.0,2.21
2025-03-25 20:00:00-04:00,62.02,59.92,-0.0,2.1
2025-03-25 21:00:00-04:00,50.19,48.489999999999995,-0.0,1.7
2025-03-25 22:00:00-04:00,44.4,42.94,-0.0,1.46
2025-03-25 23:00:00-04:00,41.94,40.599999999999994,-0.0,1.34
2025-03-26 00:00:00-04:00,41.46,40.25,-0.0,1.21
2025-03-26 01:00:00-04:00,39.85,38.84,-0.0,1.01
2025-03-26 02:00:00-04:00,39.2,38.17,-0.0,1.03
2025-03-26 03:00:00-04:00,39.04,38.13,-0.0,0.91
2025-03-26 04:00:00-04:00,39.99,38.98,-0.0,1.01
2025-03-26 05:00:00-04:00,43.63,42.48,-0.0,1.15
2025-03-26 06:00:00-04:00,57.83,55.71,-0.0,2.12
2025-03-26 07:00:00-04:00,66.9,64.83000000000001,-0.0,2.07
2025-03-26 08:00:00-04:00,56.87,55.21,-0.0,1.66
2025-03-26 09:00:00-04:00,43.99,42.54,-0.0,1.45
2025-03-26 10:00:00-04:00,40.5,39.32,-0.0,1.18
2025-03-26 11:00:00-04:00,37.52,36.36000000000001,-0.0,1.16
2025-03-26 12:00:00-04:00,37.2,36.120000000000005,-0.0,1.08
2025-03-26 13:00:00-04:00,37.4,36.309999999999995,-0.0,1.09
2025-03-26 14:00:00-04:00,36.31,35.22,-0.0,1.09
2025-03-26 15:00:00-04:00,36.81,35.57,-0.0,1.24
2025-03-26 16:00:00-04:00,40.0,38.46,-0.0,1.54
2025-03-26 17:00:00-04:00,47.5,45.45,-0.0,2.05
2025-03-26 18:00:00-04:00,56.01,53.65,-0.0,2.36
2025-03-26 19:00:00-04:00,67.91,65.49,-0.0,2.42
2025-03-26 20:00:00-04:00,64.0,61.72,-0.0,2.28
2025-03-26 21:00:00-04:00,54.97,53.11,-0.0,1.86
2025-03-26 22:00:00-04:00,46.3,44.739999999999995,-0.0,1.56
2025-03-26 23:00:00-04:00,44.0,42.89,-0.0,1.11
2025-03-27 00:00:00-04:00,40.78,39.44,-0.0,1.34
2025-03-27 01:00:00-04:00,39.26,37.93,-0.0,1.33
2025-03-27 02:00:00-04:00,37.95,36.85,-0.0,1.1
2025-03-27 03:00:00-04:00,38.84,37.78,-0.0,1.06
2025-03-27 04:00:00-04:00,39.19,37.94,-0.0,1.25
2025-03-27 05:00:00-04:00,44.24,42.830000000000005,-0.0,1.41
2025-03-27 06:00:00-04:00,65.66,63.68,-0.0,1.98
2025-03-27 07:00:00-04:00,77.25,74.92,-0.0,2.33
2025-03-27 08:00:00-04:00,52.92,51.38,-0.0,1.54
2025-03-27 09:00:00-04:00,38.96,37.68,-0.0,1.28
2025-03-27 10:00:00-04:00,33.66,32.55,-0.0,1.11
2025-03-27 11:00:00-04:00,32.19,31.13,-0.0,1.06
2025-03-27 12:00:00-04:00,31.37,30.4,-0.0,0.97
2025-03-27 13:00:00-04:00,31.3,30.21,-0.0,1.09
2025-03-27 14:00:00-04:00,29.0,27.88,-0.0,1.12
2025-03-27 15:00:00-04:00,28.8,27.64,-0.0,1.16
2025-03-27 16:00:00-04:00,33.06,29.33,2.41,1.32
2025-03-27 17:00:00-04:00,39.2,37.440000000000005,-0.0,1.76
2025-03-27 18:00:00-04:00,50.51,48.15,-0.0,2.36
2025-03-27 19:00:00-04:00,62.72,59.73,-0.0,2.99
2025-03-27 20:00:00-04:00,59.27,56.400000000000006,-0.0,2.87
2025-03-27 21:00:00-04:00,47.25,44.87,-0.0,2.38
2025-03-27 22:00:00-04:00,42.63,40.720000000000006,-0.0,1.91
2025-03-27 23:00:00-04:00,38.9,37.19,-0.0,1.71
2025-03-28 00:00:00-04:00,36.72,35.14,-0.0,1.58
2025-03-28 01:00:00-04:00,35.81,34.400000000000006,-0.0,1.41
2025-03-28 02:00:00-04:00,34.85,33.57,-0.0,1.28
2025-03-28 03:00:00-04:00,34.51,33.28,-0.0,1.23
2025-03-28 04:00:00-04:00,34.79,33.55,-0.0,1.24
2025-03-28 05:00:00-04:00,40.22,38.9,-0.0,1.32
2025-03-28 06:00:00-04:00,56.29,54.23,-0.0,2.06
2025-03-28 07:00:00-04:00,69.24,66.77,-0.0,2.47
2025-03-28 08:00:00-04:00,52.96,51.22,-0.0,1.74
2025-03-28 09:00:00-04:00,40.89,39.62,-0.0,1.27
2025-03-28 10:00:00-04:00,37.86,36.94,-0.0,0.92
2025-03-28 11:00:00-04:00,35.29,34.4,-0.0,0.89
2025-03-28 12:00:00-04:00,33.71,32.82,-0.0,0.89
2025-03-28 13:00:00-04:00,32.63,31.83,-0.0,0.8
2025-03-28 14:00:00-04:00,32.93,31.880000000000003,0.22,0.83
2025-03-28 15:00:00-04:00,33.75,33.21,-0.22,0.76
2025-03-28 16:00:00-04:00,36.4,35.44,-0.0,0.96
2025-03-28 17:00:00-04:00,39.69,39.8,-1.3,1.19
2025-03-28 18:00:00-04:00,47.39,44.36000000000001,1.3,1.73
2025-03-28 19:00:00-04:00,55.6,53.46,-0.0,2.14
2025-03-28 20:00:00-04:00,50.08,48.11,-0.0,1.97
2025-03-28 21:00:00-04:00,40.7,39.06,-0.0,1.64
2025-03-28 22:00:00-04:00,38.76,37.379999999999995,-0.0,1.38
2025-03-28 23:00:00-04:00,35.25,34.06,-0.0,1.19
2025-03-29 00:00:00-04:00,33.0,31.85,-0.0,1.15
2025-03-29 01:00:00-04:00,31.84,30.65,-0.0,1.19
2025-03-29 02:00:00-04:00,30.55,29.37,-0.0,1.18
2025-03-29 03:00:00-04:00,29.45,28.24,-0.0,1.21
2025-03-29 04:00:00-04:00,29.39,28.12,-0.0,1.27
2025-03-29 05:00:00-04:00,31.25,29.9,-0.0,1.35
2025-03-29 06:00:00-04:00,35.38,33.03,0.93,1.42
2025-03-29 07:00:00-04:00,38.8,35.87,1.35,1.58
2025-03-29 08:00:00-04:00,39.29,38.0,-0.0,1.29
2025-03-29 09:00:00-04:00,36.59,35.32,-0.0,1.27
2025-03-29 10:00:00-04:00,35.9,34.72,-0.0,1.18
2025-03-29 11:00:00-04:00,34.46,33.230000000000004,-0.0,1.23
2025-03-29 12:00:00-04:00,32.12,30.94,-0.0,1.18
2025-03-29 13:00:00-04:00,31.91,30.8,-0.0,1.11
2025-03-29 14:00:00-04:00,32.26,31.08,-0.0,1.18
2025-03-29 15:00:00-04:00,32.9,31.79,-0.0,1.11
2025-03-29 16:00:00-04:00,35.1,33.88,-0.0,1.22
2025-03-29 17:00:00-04:00,38.6,37.33,-0.0,1.27
2025-03-29 18:00:00-04:00,44.71,43.2,-0.0,1.51
2025-03-29 19:00:00-04:00,49.4,47.82,-0.0,1.58
2025-03-29 20:00:00-04:00,45.02,43.580000000000005,-0.0,1.44
2025-03-29 21:00:00-04:00,39.2,37.98,-0.0,1.22
2025-03-29 22:00:00-04:00,37.0,35.99,-0.0,1.01
2025-03-29 23:00:00-04:00,33.69,32.739999999999995,-0.0,0.95
2025-03-30 00:00:00-04:00,36.88,35.77,-0.0,1.11
2025-03-30 01:00:00-04:00,36.54,33.980000000000004,1.44,1.12
2025-03-30 02:00:00-04:00,33.9,32.85,-0.0,1.05
2025-03-30 03:00:00-04:00,34.0,32.92,-0.0,1.08
2025-03-30 04:00:00-04:00,34.31,33.25,-0.0,1.06
2025-03-30 05:00:00-04:00,34.9,33.85,-0.0,1.05
2025-03-30 06:00:00-04:00,36.23,35.07,-0.0,1.16
2025-03-30 07:00:00-04:00,37.77,36.35,-0.0,1.42
2025-03-30 08:00:00-04:00,38.2,36.84,-0.0,1.36
2025-03-30 09:00:00-04:00,42.19,40.65,-0.0,1.54
2025-03-30 10:00:00-04:00,44.64,42.92,-0.0,1.72
2025-03-30 11:00:00-04:00,44.07,42.33,-0.0,1.74
2025-03-30 12:00:00-04:00,43.17,41.39,-0.0,1.78
2025-03-30 13:00:00-04:00,41.46,39.6,-0.0,1.86
2025-03-30 14:00:00-04:00,41.26,39.37,-0.0,1.89
2025-03-30 15:00:00-04:00,43.0,41.03,-0.0,1.97
2025-03-30 16:00:00-04:00,46.04,43.93,-0.0,2.11
2025-03-30 17:00:00-04:00,50.88,48.46,-0.0,2.42
2025-03-30 18:00:00-04:00,54.08,51.46,-0.0,2.62
2025-03-30 19:00:00-04:00,57.98,54.98,0.2,2.8
2025-03-30 20:00:00-04:00,53.44,50.7,-0.0,2.74
2025-03-30 21:00:00-04:00,45.15,37.95,5.15,2.05
2025-03-30 22:00:00-04:00,40.43,38.36,-0.0,2.07
2025-03-30 23:00:00-04:00,37.87,32.809999999999995,3.42,1.64
2025-03-31 00:00:00-04:00,38.75,25.08,12.54,1.13
2025-03-31 01:00:00-04:00,35.0,23.5,10.47,1.03
2025-03-31 02:00:00-04:00,34.55,22.539999999999992,10.99,1.02
2025-03-31 03:00:00-04:00,32.89,22.29,9.62,0.98
2025-03-31 04:00:00-04:00,34.91,23.409999999999997,10.47,1.03
2025-03-31 05:00:00-04:00,36.35,26.65,8.45,1.25
2025-03-31 06:00:00-04:00,48.92,30.47,16.87,1.58
2025-03-31 07:00:00-04:00,57.41,46.25,7.18,3.98
2025-03-31 08:00:00-04:00,56.12,48.459999999999994,3.45,4.21
2025-03-31 09:00:00-04:00,54.0,45.06,4.97,3.97
2025-03-31 10:00:00-04:00,55.39,46.45,4.85,4.09
2025-03-31 11:00:00-04:00,55.66,42.93,9.04,3.69
2025-03-31 12:00:00-04:00,49.65,39.07,7.18,3.4
2025-03-31 13:00:00-04:00,47.02,38.35000000000001,5.37,3.3
2025-03-31 14:00:00-04:00,46.21,36.82,6.19,3.2
2025-03-31 15:00:00-04:00,49.38,38.2,7.71,3.47
2025-03-31 16:00:00-04:00,47.95,38.02,7.23,2.7
2025-03-31 17:00:00-04:00,54.25,42.8,8.45,3.0
2025-03-31 18:00:00-04:00,57.0,48.040000000000006,5.55,3.41
2025-03-31 19:00:00-04:00,61.33,57.21,-0.0,4.12
2025-03-31 20:00:00-04:00,54.12,50.82,-0.0,3.3
2025-03-31 21:00:00-04:00,44.39,41.72,-0.0,2.67
2025-03-31 22:00:00-04:00,39.42,37.3,-0.0,2.12
2025-03-31 23:00:00-04:00,37.0,35.37,-0.0,1.63
2025-04-01 00:00:00-04:00,33.88,32.99,-0.0,0.89
2025-04-01 01:00:00-04:00,33.27,32.36000000000001,-0.0,0.91
2025-04-01 02:00:00-04:00,31.37,30.52,-0.0,0.85
2025-04-01 03:00:00-04:00,30.79,29.98,-0.0,0.81
2025-04-01 04:00:00-04:00,31.93,31.09,-0.0,0.84
2025-04-01 05:00:00-04:00,34.84,33.92,-0.0,0.92
2025-04-01 06:00:00-04:00,48.76,47.29,-0.0,1.47
2025-04-01 07:00:00-04:00,57.03,55.48,-0.0,1.55
2025-04-01 08:00:00-04:00,48.52,47.06,-0.0,1.46
2025-04-01 09:00:00-04:00,37.0,35.96,-0.0,1.04
2025-04-01 10:00:00-04:00,33.9,32.69,-0.0,1.21
2025-04-01 11:00:00-04:00,31.96,30.79,-0.0,1.17
2025-04-01 12:00:00-04:00,29.45,28.32,-0.0,1.13
2025-04-01 13:00:00-04:00,28.87,27.68,-0.0,1.19
2025-04-01 14:00:00-04:00,29.63,28.49,-0.0,1.14
2025-04-01 15:00:00-04:00,29.0,27.88,-0.0,1.12
2025-04-01 16:00:00-04:00,31.21,29.87,-0.0,1.34
2025-04-01 17:00:00-04:00,38.87,37.48,-0.0,1.39
2025-04-01 18:00:00-04:00,44.96,43.07,-0.0,1.89
2025-04-01 19:00:00-04:00,58.67,56.690000000000005,-0.0,1.98
2025-04-01 20:00:00-04:00,55.67,53.68,-0.0,1.99
2025-04-01 21:00:00-04:00,42.8,41.309999999999995,-0.0,1.49
2025-04-01 22:00:00-04:00,39.01,37.84,-0.0,1.17
2025-04-01 23:00:00-04:00,36.18,35.23,-0.0,0.95
2025-04-02 00:00:00-04:00,38.93,37.95,-0.0,0.98
2025-04-02 01:00:00-04:00,36.9,35.9,-0.0,1.0
2025-04-02 02:00:00-04:00,36.45,35.35,-0.0,1.1
2025-04-02 03:00:00-04:00,36.6,35.5,-0.0,1.1
2025-04-02 04:00:00-04:00,36.88,35.74,-0.0,1.14
2025-04-02 05:00:00-04:00,41.61,40.28,-0.0,1.33
2025-04-02 06:00:00-04:00,57.43,55.17,-0.0,2.26
2025-04-02 07:00:00-04:00,65.71,62.52,-0.0,3.19
2025-04-02 08:00:00-04:00,53.51,51.11,-0.0,2.4
2025-04-02 09:00:00-04:00,43.9,42.89,-0.75,1.76
2025-04-02 10:00:00-04:00,39.46,37.18,0.75,1.53
2025-04-02 11:00:00-04:00,37.38,35.910000000000004,-0.0,1.47
2025-04-02 12:00:00-04:00,37.65,36.17,-0.0,1.48
2025-04-02 13:00:00-04:00,37.48,36.04,-0.0,1.44
2025-04-02 14:00:00-04:00,37.91,36.279999999999994,-0.0,1.63
2025-04-02 15:00:00-04:00,38.91,36.989999999999995,-0.0,1.92
2025-04-02 16:00:00-04:00,42.06,39.79,-0.0,2.27
2025-04-02 17:00:00-04:00,47.88,45.080000000000005,-0.0,2.8
2025-04-02 18:00:00-04:00,56.28,52.8,-0.0,3.48
2025-04-02 19:00:00-04:00,65.49,61.31999999999999,-0.0,4.17
2025-04-02 20:00:00-04:00,59.41,49.16,6.81,3.44
2025-04-02 21:00:00-04:00,49.0,41.06,5.11,2.83
2025-04-02 22:00:00-04:00,41.48,37.809999999999995,1.29,2.38
2025-04-02 23:00:00-04:00,39.3,35.08,2.29,1.93
2025-04-03 00:00:00-04:00,40.7,28.410000000000004,10.79,1.5
2025-04-03 01:00:00-04:00,39.08,24.44,13.35,1.29
2025-04-03 02:00:00-04:00,37.44,25.04,11.07,1.33
2025-04-03 03:00:00-04:00,37.0,24.480000000000004,11.22,1.3
2025-04-03 04:00:00-04:00,37.94,23.339999999999996,13.36,1.24
2025-04-03 05:00:00-04:00,37.76,34.449999999999996,1.52,1.79
2025-04-03 06:00:00-04:00,49.44,44.98,1.85,2.61
2025-04-03 07:00:00-04:00,58.32,44.58,10.8,2.94
2025-04-03 08:00:00-04:00,56.08,52.88,-0.24,3.44
2025-04-03 09:00:00-04:00,54.59,51.3,-0.0,3.29
2025-04-03 10:00:00-04:00,51.63,48.52,-0.0,3.11
2025-04-03 11:00:00-04:00,50.0,46.9,-0.0,3.1
2025-04-03 12:00:00-04:00,49.29,43.69,2.67,2.93
2025-04-03 13:00:00-04:00,45.21,42.27,0.07,2.87
2025-04-03 14:00:00-04:00,44.75,36.03,6.24,2.48
2025-04-03 15:00:00-04:00,44.37,39.48,2.29,2.6
2025-04-03 16:00:00-04:00,45.99,36.0,7.61,2.38
2025-04-03 17:00:00-04:00,49.21,39.88,6.82,2.51
2025-04-03 18:00:00-04:00,55.18,42.79,9.65,2.74
2025-04-03 19:00:00-04:00,58.47,49.45,5.81,3.21
2025-04-03 20:00:00-04:00,52.95,49.760000000000005,-0.0,3.19
2025-04-03 21:00:00-04:00,43.79,41.27,-0.0,2.52
2025-04-03 22:00:00-04:00,40.42,38.39,-0.0,2.03
2025-04-03 23:00:00-04:00,37.1,35.43,-0.0,1.67
2025-04-04 00:00:00-04:00,38.77,37.68,-0.0,1.09
2025-04-04 01:00:00-04:00,35.73,34.72,-0.0,1.01
2025-04-04 02:00:00-04:00,35.2,34.24,-0.0,0.96
2025-04-04 03:00:00-04:00,35.66,34.76,-0.0,0.9
2025-04-04 04:00:00-04:00,35.89,35.08,-0.0,0.81
2025-04-04 05:00:00-04:00,38.9,38.29,-0.0,0.61
2025-04-04 06:00:00-04:00,48.69,47.46,-0.0,1.23
2025-04-04 07:00:00-04:00,52.67,51.18,-0.0,1.49
2025-04-04 08:00:00-04:00,52.01,50.64,-0.0,1.37
2025-04-04 09:00:00-04:00,44.72,43.37,-0.0,1.35
2025-04-04 10:00:00-04:00,42.3,41.07,-0.0,1.23
2025-04-04 11:00:00-04:00,36.65,35.58,-0.0,1.07
2025-04-04 12:00:00-04:00,35.42,34.29,-0.0,1.13
2025-04-04 13:00:00-04:00,35.34,34.21,-0.0,1.13
2025-04-04 14:00:00-04:00,34.16,33.06999999999999,-0.0,1.09
2025-04-04 15:00:00-04:00,33.72,32.55,-0.0,1.17
2025-04-04 16:00:00-04:00,34.34,33.21,-0.0,1.13
2025-04-04 17:00:00-04:00,38.65,37.379999999999995,-0.0,1.27
2025-04-04 18:00:00-04:00,46.1,44.33,-0.0,1.77
2025-04-04 19:00:00-04:00,57.3,55.25,-0.0,2.05
2025-04-04 20:00:00-04:00,53.31,51.510000000000005,-0.0,1.8
2025-04-04 21:00:00-04:00,46.0,44.45,-0.0,1.55
2025-04-04 22:00:00-04:00,40.21,39.08,-0.0,1.13
2025-04-04 23:00:00-04:00,37.72,36.94,-0.0,0.78
2025-04-05 00:00:00-04:00,40.62,39.82,-0.0,0.8
2025-04-05 01:00:00-04:00,37.98,37.2,-0.0,0.78
2025-04-05 02:00:00-04:00,36.5,35.61,-0.0,0.89
2025-04-05 03:00:00-04:00,36.03,35.050000000000004,-0.0,0.98
2025-04-05 04:00:00-04:00,36.22,36.74,-1.88,1.36
2025-04-05 05:00:00-04:00,35.85,34.03,0.46,1.36
2025-04-05 06:00:00-04:00,39.55,36.66,1.42,1.47
2025-04-05 07:00:00-04:00,42.62,41.02,-0.0,1.6
2025-04-05 08:00:00-04:00,46.03,43.1,1.2,1.73
2025-04-05 09:00:00-04:00,45.73,45.34,-1.2,1.59
2025-04-05 10:00:00-04:00,49.6,48.02,-0.0,1.58
2025-04-05 11:00:00-04:00,51.38,49.64,-0.0,1.74
2025-04-05 12:00:00-04:00,50.5,48.79,-0.0,1.71
2025-04-05 13:00:00-04:00,50.17,48.33,-0.0,1.84
2025-04-05 14:00:00-04:00,45.6,43.93,-0.0,1.67
2025-04-05 15:00:00-04:00,48.41,46.63999999999999,-0.0,1.77
2025-04-05 16:00:00-04:00,48.16,46.22,-0.0,1.94
2025-04-05 17:00:00-04:00,50.64,48.51,-0.0,2.13
2025-04-05 18:00:00-04:00,52.72,50.45,-0.0,2.27
2025-04-05 19:00:00-04:00,56.99,54.64,-0.0,2.35
2025-04-05 20:00:00-04:00,54.74,52.63,-0.0,2.11
2025-04-05 21:00:00-04:00,46.89,45.31,-0.0,1.58
2025-04-05 22:00:00-04:00,43.12,41.9,-0.0,1.22
2025-04-05 23:00:00-04:00,40.4,39.34,-0.0,1.06
2025-04-06 00:00:00-04:00,38.76,38.19,-0.0,0.57
2025-04-06 01:00:00-04:00,36.47,35.79,-0.0,0.68
2025-04-06 02:00:00-04:00,36.34,35.870000000000005,-0.0,0.47
2025-04-06 03:00:00-04:00,35.6,34.97,-0.0,0.63
2025-04-06 04:00:00-04:00,34.96,34.38,-0.0,0.58
2025-04-06 05:00:00-04:00,33.8,32.98,-0.0,0.82
2025-04-06 06:00:00-04:00,35.1,34.24,-0.0,0.86
2025-04-06 07:00:00-04:00,36.39,35.61,-0.0,0.78
2025-04-06 08:00:00-04:00,39.37,38.48,-0.0,0.89
2025-04-06 09:00:00-04:00,40.53,39.620000000000005,-0.0,0.91
2025-04-06 10:00:00-04:00,44.19,43.11,-0.0,1.08
2025-04-06 11:00:00-04:00,42.0,40.78,-0.0,1.22
2025-04-06 12:00:00-04:00,39.9,38.89,-0.0,1.01
2025-04-06 13:00:00-04:00,36.3,35.279999999999994,-0.0,1.02
2025-04-06 14:00:00-04:00,35.79,34.68,-0.0,1.11
2025-04-06 15:00:00-04:00,36.62,35.519999999999996,-0.0,1.1
2025-04-06 16:00:00-04:00,38.31,36.76,0.34,1.21
2025-04-06 17:00:00-04:00,45.67,44.89000000000001,-0.34,1.12
2025-04-06 18:00:00-04:00,52.28,51.1,-0.0,1.18
2025-04-06 19:00:00-04:00,59.88,58.53,-0.0,1.35
2025-04-06 20:00:00-04:00,58.78,57.91,-0.0,0.87
2025-04-06 21:00:00-04:00,51.0,50.39,-0.0,0.61
2025-04-06 22:00:00-04:00,46.16,45.84,-0.0,0.32
2025-04-06 23:00:00-04:00,40.86,40.78,-0.0,0.08
2025-04-07 00:00:00-04:00,47.0,46.22,-0.0,0.78
2025-04-07 01:00:00-04:00,42.7,41.99,-0.0,0.71
2025-04-07 02:00:00-04:00,41.73,41.11,-0.0,0.62
2025-04-07 03:00:00-04:00,40.48,39.879999999999995,-0.0,0.6
2025-04-07 04:00:00-04:00,41.91,41.33,-0.0,0.58
2025-04-07 05:00:00-04:00,47.0,46.17,-0.0,0.83
2025-04-07 06:00:00-04:00,58.78,57.86,-0.0,0.92
2025-04-07 07:00:00-04:00,66.72,65.53999999999999,-0.0,1.18
2025-04-07 08:00:00-04:00,61.4,60.26,-0.0,1.14
2025-04-07 09:00:00-04:00,60.0,58.6,-0.0,1.4
2025-04-07 10:00:00-04:00,57.82,56.36,-0.0,1.46
2025-04-07 11:00:00-04:00,54.36,52.83,-0.0,1.53
2025-04-07 12:00:00-04:00,51.46,50.26,-0.0,1.2
2025-04-07 13:00:00-04:00,50.0,48.78,-0.0,1.22
2025-04-07 14:00:00-04:00,50.71,49.43,-0.0,1.28
2025-04-07 15:00:00-04:00,51.58,50.32,-0.0,1.26
2025-04-07 16:00:00-04:00,52.64,51.16,-0.0,1.48
2025-04-07 17:00:00-04:00,57.71,55.97,-0.0,1.74
2025-04-07 18:00:00-04:00,63.06,61.23,-0.0,1.83
2025-04-07 19:00:00-04:00,71.14,69.13,-0.0,2.01
2025-04-07 20:00:00-04:00,63.72,61.8,-0.0,1.92
2025-04-07 21:00:00-04:00,55.74,54.120000000000005,-0.0,1.62
2025-04-07 22:00:00-04:00,47.67,46.28,-0.0,1.39
2025-04-07 23:00:00-04:00,45.75,44.55,-0.0,1.2
2025-04-08 00:00:00-04:00,49.36,47.6,-0.0,1.76
2025-04-08 01:00:00-04:00,45.04,43.43,-0.0,1.61
2025-04-08 02:00:00-04:00,43.06,41.52,-0.0,1.54
2025-04-08 03:00:00-04:00,43.25,41.58,-0.0,1.67
2025-04-08 04:00:00-04:00,43.55,41.919999999999995,-0.0,1.63
2025-04-08 05:00:00-04:00,46.23,44.33,-0.0,1.9
2025-04-08 06:00:00-04:00,60.64,58.37,-0.0,2.27
2025-04-08 07:00:00-04:00,68.43,65.73,-0.0,2.7
2025-04-08 08:00:00-04:00,62.72,60.14,-0.0,2.58
2025-04-08 09:00:00-04:00,57.01,54.71,-0.0,2.3
2025-04-08 10:00:00-04:00,54.67,52.42,-0.0,2.25
2025-04-08 11:00:00-04:00,50.59,48.6,-0.0,1.99
2025-04-08 12:00:00-04:00,48.68,46.67,-0.0,2.01
2025-04-08 13:00:00-04:00,47.65,45.82,-0.0,1.83
2025-04-08 14:00:00-04:00,46.24,44.46,-0.0,1.78
2025-04-08 15:00:00-04:00,48.46,46.59,-0.0,1.87
2025-04-08 16:00:00-04:00,51.4,49.28,-0.0,2.12
2025-04-08 17:00:00-04:00,58.47,56.11,-0.0,2.36
2025-04-08 18:00:00-04:00,69.08,63.83999999999999,2.56,2.68
2025-04-08 19:00:00-04:00,83.41,82.58,-2.56,3.39
2025-04-08 20:00:00-04:00,83.67,80.68,-0.0,2.99
2025-04-08 21:00:00-04:00,64.78,62.53,-0.0,2.25
2025-04-08 22:00:00-04:00,58.16,56.13999999999999,-0.0,2.02
2025-04-08 23:00:00-04:00,51.45,49.81,-0.0,1.64
2025-04-09 00:00:00-04:00,53.14,51.09,-0.0,2.05
2025-04-09 01:00:00-04:00,51.56,49.63,-0.0,1.93
2025-04-09 02:00:00-04:00,49.61,47.84,-0.0,1.77
2025-04-09 03:00:00-04:00,49.84,48.2,-0.0,1.64
2025-04-09 04:00:00-04:00,51.28,49.59,-0.0,1.69
2025-04-09 05:00:00-04:00,59.71,58.03,-0.0,1.68
2025-04-09 06:00:00-04:00,84.99,82.42999999999999,-0.0,2.56
2025-04-09 07:00:00-04:00,94.74,91.27,-0.0,3.47
2025-04-09 08:00:00-04:00,69.36,67.21,-0.0,2.15
2025-04-09 09:00:00-04:00,55.52,54.06,-0.0,1.46
2025-04-09 10:00:00-04:00,51.01,49.669999999999995,-0.0,1.34
2025-04-09 11:00:00-04:00,45.92,44.67,-0.0,1.25
2025-04-09 12:00:00-04:00,44.18,42.85,-0.0,1.33
2025-04-09 13:00:00-04:00,42.13,40.79,-0.0,1.34
2025-04-09 14:00:00-04:00,40.93,39.62,-0.0,1.31
2025-04-09 15:00:00-04:00,41.46,40.06,-0.0,1.4
2025-04-09 16:00:00-04:00,45.64,43.97,-0.0,1.67
2025-04-09 17:00:00-04:00,53.2,51.6,-0.0,1.6
2025-04-09 18:00:00-04:00,67.76,65.53,-0.0,2.23
2025-04-09 19:00:00-04:00,84.72,82.25,-0.0,2.47
2025-04-09 20:00:00-04:00,81.46,78.86999999999999,0.3,2.29
2025-04-09 21:00:00-04:00,68.51,66.81,-0.3,2.0
2025-04-09 22:00:00-04:00,57.67,56.370000000000005,-0.0,1.3
2025-04-09 23:00:00-04:00,52.37,51.239999999999995,-0.0,1.13
2025-04-10 00:00:00-04:00,43.37,42.23,-0.0,1.14
2025-04-10 01:00:00-04:00,43.12,41.989999999999995,-0.0,1.13
2025-04-10 02:00:00-04:00,41.25,40.24,-0.0,1.01
2025-04-10 03:00:00-04:00,40.25,39.19,-0.0,1.06
2025-04-10 04:00:00-04:00,41.54,40.45,-0.0,1.09
2025-04-10 05:00:00-04:00,44.06,42.86,-0.0,1.2
2025-04-10 06:00:00-04:00,62.24,60.02,-0.0,2.22
2025-04-10 07:00:00-04:00,68.3,65.42,-0.0,2.88
2025-04-10 08:00:00-04:00,54.68,53.09,-0.0,1.59
2025-04-10 09:00:00-04:00,45.91,44.56999999999999,-0.0,1.34
2025-04-10 10:00:00-04:00,43.92,42.73,-0.0,1.19
2025-04-10 11:00:00-04:00,41.91,40.77,-0.0,1.14
2025-04-10 12:00:00-04:00,41.93,40.99,-0.0,0.94
2025-04-10 13:00:00-04:00,42.83,42.03,-0.0,0.8
2025-04-10 14:00:00-04:00,42.64,41.72,-0.0,0.92
2025-04-10 15:00:00-04:00,43.5,42.56,-0.0,0.94
2025-04-10 16:00:00-04:00,45.02,44.010000000000005,-0.0,1.01
2025-04-10 17:00:00-04:00,50.63,49.2,-0.0,1.43
2025-04-10 18:00:00-04:00,56.91,55.2,-0.0,1.71
2025-04-10 19:00:00-04:00,66.24,63.45,-0.0,2.79
2025-04-10 20:00:00-04:00,61.69,59.26,-0.0,2.43
2025-04-10 21:00:00-04:00,53.14,51.34,-0.0,1.8
2025-04-10 22:00:00-04:00,45.15,43.71,-0.0,1.44
2025-04-10 23:00:00-04:00,43.09,41.75,-0.0,1.34
2025-04-11 00:00:00-04:00,42.5,41.1,-0.0,1.4
2025-04-11 01:00:00-04:00,41.21,39.9,-0.0,1.31
2025-04-11 02:00:00-04:00,39.4,38.25,-0.0,1.15
2025-04-11 03:00:00-04:00,39.0,37.9,-0.0,1.1
2025-04-11 04:00:00-04:00,39.17,38.07,-0.0,1.1
2025-04-11 05:00:00-04:00,43.71,42.56,-0.0,1.15
2025-04-11 06:00:00-04:00,56.17,54.48,-0.0,1.69
2025-04-11 07:00:00-04:00,66.32,62.79999999999999,1.26,2.26
2025-04-11 08:00:00-04:00,58.07,57.34,-1.16,1.89
2025-04-11 09:00:00-04:00,57.23,55.77,-0.1,1.56
2025-04-11 10:00:00-04:00,55.0,53.61,-0.0,1.39
2025-04-11 11:00:00-04:00,51.45,50.190000000000005,-0.0,1.26
2025-04-11 12:00:00-04:00,50.27,49.040000000000006,-0.0,1.23
2025-04-11 13:00:00-04:00,49.81,48.64,-0.0,1.17
2025-04-11 14:00:00-04:00,49.2,48.0,-0.0,1.2
2025-04-11 15:00:00-04:00,49.45,48.2,-0.0,1.25
2025-04-11 16:00:00-04:00,49.86,48.45,-0.0,1.41
2025-04-11 17:00:00-04:00,54.33,52.75,-0.0,1.58
2025-04-11 18:00:00-04:00,58.32,56.3,-0.0,2.02
2025-04-11 19:00:00-04:00,63.73,61.45,-0.0,2.28
2025-04-11 20:00:00-04:00,59.96,57.88,-0.0,2.08
2025-04-11 21:00:00-04:00,54.96,52.85,0.47,1.64
2025-04-11 22:00:00-04:00,52.0,51.04,-0.47,1.43
2025-04-11 23:00:00-04:00,50.0,48.73,-0.0,1.27
2025-04-12 00:00:00-04:00,49.0,47.67,-0.0,1.33
2025-04-12 01:00:00-04:00,44.96,43.69,-0.0,1.27
2025-04-12 02:00:00-04:00,43.66,42.47,-0.0,1.19
2025-04-12 03:00:00-04:00,41.79,40.69,-0.0,1.1
2025-04-12 04:00:00-04:00,41.0,39.92,-0.0,1.08
2025-04-12 05:00:00-04:00,44.8,43.62,-0.0,1.18
2025-04-12 06:00:00-04:00,51.66,50.11,-0.0,1.55
2025-04-12 07:00:00-04:00,57.47,54.849999999999994,0.81,1.81
2025-04-12 08:00:00-04:00,58.22,56.67,-0.49,2.04
2025-04-12 09:00:00-04:00,58.44,56.72,-0.32,2.04
2025-04-12 10:00:00-04:00,58.44,56.349999999999994,-0.0,2.09
2025-04-12 11:00:00-04:00,58.2,56.290000000000006,-0.0,1.91
2025-04-12 12:00:00-04:00,54.2,52.57,-0.0,1.63
2025-04-12 13:00:00-04:00,52.4,50.82,-0.0,1.58
2025-04-12 14:00:00-04:00,51.23,49.54,-0.0,1.69
2025-04-12 15:00:00-04:00,51.16,49.529999999999994,-0.0,1.63
2025-04-12 16:00:00-04:00,51.48,49.739999999999995,-0.0,1.74
2025-04-12 17:00:00-04:00,54.66,52.809999999999995,-0.0,1.85
2025-04-12 18:00:00-04:00,55.7,53.82,-0.0,1.88
2025-04-12 19:00:00-04:00,59.0,56.79,-0.0,2.21
2025-04-12 20:00:00-04:00,60.0,57.8,-0.0,2.2
2025-04-12 21:00:00-04:00,54.5,52.86,-0.0,1.64
2025-04-12 22:00:00-04:00,52.13,50.66,-0.0,1.47
2025-04-12 23:00:00-04:00,47.65,46.26,-0.0,1.39
2025-04-13 00:00:00-04:00,51.28,49.69,-0.0,1.59
2025-04-13 01:00:00-04:00,49.29,47.81,-0.0,1.48
2025-04-13 02:00:00-04:00,46.16,44.81999999999999,-0.0,1.34
2025-04-13 03:00:00-04:00,45.47,44.1,-0.0,1.37
2025-04-13 04:00:00-04:00,46.5,45.15,-0.0,1.35
2025-04-13 05:00:00-04:00,46.35,44.95,-0.0,1.4
2025-04-13 06:00:00-04:00,48.71,47.06,-0.0,1.65
2025-04-13 07:00:00-04:00,51.77,50.02,-0.0,1.75
2025-04-13 08:00:00-04:00,52.49,50.57,-0.0,1.92
2025-04-13 09:00:00-04:00,48.95,46.93,-0.0,2.02
2025-04-13 10:00:00-04:00,47.16,45.22,-0.0,1.94
2025-04-13 11:00:00-04:00,45.64,43.76,-0.0,1.88
2025-04-13 12:00:00-04:00,42.82,41.25,-0.0,1.57
2025-04-13 13:00:00-04:00,41.64,40.04,-0.0,1.6
2025-04-13 14:00:00-04:00,41.07,39.45,-0.0,1.62
2025-04-13 15:00:00-04:00,40.2,38.540000000000006,-0.0,1.66
2025-04-13 16:00:00-04:00,43.1,41.4,-0.0,1.7
2025-04-13 17:00:00-04:00,50.06,48.0,-0.0,2.06
2025-04-13 18:00:00-04:00,55.08,52.86,-0.0,2.22
2025-04-13 19:00:00-04:00,59.72,57.15,-0.0,2.57
2025-04-13 20:00:00-04:00,64.32,61.72999999999999,-0.0,2.59
2025-04-13 21:00:00-04:00,57.08,55.1,-0.0,1.98
2025-04-13 22:00:00-04:00,49.37,47.559999999999995,-0.0,1.81
2025-04-13 23:00:00-04:00,46.53,44.83,-0.0,1.7
2025-04-14 00:00:00-04:00,42.21,40.67,-0.0,1.54
2025-04-14 01:00:00-04:00,39.84,38.42,-0.0,1.42
2025-04-14 02:00:00-04:00,39.75,38.44,-0.0,1.31
2025-04-14 03:00:00-04:00,39.72,38.41,-0.0,1.31
2025-04-14 04:00:00-04:00,41.69,40.32,-0.0,1.37
2025-04-14 05:00:00-04:00,45.78,44.23,-0.0,1.55
2025-04-14 06:00:00-04:00,58.94,56.4,-0.0,2.54
2025-04-14 07:00:00-04:00,62.51,59.76,-0.0,2.75
2025-04-14 08:00:00-04:00,51.4,49.47,-0.0,1.93
2025-04-14 09:00:00-04:00,38.87,37.37,-0.0,1.5
2025-04-14 10:00:00-04:00,36.5,35.13,-0.0,1.37
2025-04-14 11:00:00-04:00,33.15,31.78,-0.0,1.37
2025-04-14 12:00:00-04:00,32.6,31.23,-0.0,1.37
2025-04-14 13:00:00-04:00,33.11,31.75,-0.0,1.36
2025-04-14 14:00:00-04:00,33.55,32.199999999999996,-0.0,1.35
2025-04-14 15:00:00-04:00,35.63,34.230000000000004,-0.0,1.4
2025-04-14 16:00:00-04:00,39.0,37.32,-0.0,1.68
2025-04-14 17:00:00-04:00,47.01,44.98,-0.0,2.03
2025-04-14 18:00:00-04:00,57.74,55.04,-0.0,2.7
2025-04-14 19:00:00-04:00,65.8,57.35999999999999,5.35,3.09
2025-04-14 20:00:00-04:00,64.1,56.7,4.28,3.12
2025-04-14 21:00:00-04:00,55.35,52.18,0.35,2.82
2025-04-14 22:00:00-04:00,43.21,41.04,-0.0,2.17
2025-04-14 23:00:00-04:00,38.37,36.51,-0.0,1.86
2025-04-15 00:00:00-04:00,35.71,33.06,0.83,1.82
2025-04-15 01:00:00-04:00,34.03,32.35,-0.0,1.68
2025-04-15 02:00:00-04:00,34.2,32.480000000000004,-0.0,1.72
2025-04-15 03:00:00-04:00,33.76,32.059999999999995,-0.0,1.7
2025-04-15 04:00:00-04:00,35.32,33.54,-0.0,1.78
2025-04-15 05:00:00-04:00,38.09,36.21,-0.0,1.88
2025-04-15 06:00:00-04:00,50.09,47.53,-0.0,2.56
2025-04-15 07:00:00-04:00,56.14,52.96,-0.0,3.18
2025-04-15 08:00:00-04:00,53.0,45.52,4.7,2.78
2025-04-15 09:00:00-04:00,42.0,39.66,-0.0,2.34
2025-04-15 10:00:00-04:00,42.0,37.309999999999995,2.38,2.31
2025-04-15 11:00:00-04:00,38.68,33.6,2.93,2.15
2025-04-15 12:00:00-04:00,37.0,32.71,2.19,2.1
2025-04-15 13:00:00-04:00,38.33,31.35,5.0,1.98
2025-04-15 14:00:00-04:00,37.47,30.89,4.6,1.98
2025-04-15 15:00:00-04:00,37.1,33.080000000000005,1.97,2.05
2025-04-15 16:00:00-04:00,39.8,36.92,0.51,2.37
2025-04-15 17:00:00-04:00,43.0,40.49,-0.0,2.51
2025-04-15 18:00:00-04:00,53.6,45.21000000000001,5.59,2.8
2025-04-15 19:00:00-04:00,60.45,54.940000000000005,2.21,3.3
2025-04-15 20:00:00-04:00,60.2,48.57,8.67,2.96
2025-04-15 21:00:00-04:00,51.22,44.22,4.3,2.7
2025-04-15 22:00:00-04:00,41.3,38.93,-0.0,2.37
2025-04-15 23:00:00-04:00,37.44,35.39,-0.0,2.05
2025-04-16 00:00:00-04:00,34.5,31.299999999999997,1.42,1.78
2025-04-16 01:00:00-04:00,35.53,30.78,3.0,1.75
2025-04-16 02:00:00-04:00,33.17,31.380000000000003,-0.0,1.79
2025-04-16 03:00:00-04:00,32.59,30.730000000000004,0.08,1.78
2025-04-16 04:00:00-04:00,34.41,32.38999999999999,0.17,1.85
2025-04-16 05:00:00-04:00,38.27,36.28,-0.0,1.99
2025-04-16 06:00:00-04:00,49.17,46.39,-0.0,2.78
2025-04-16 07:00:00-04:00,55.9,52.739999999999995,-0.0,3.16
2025-04-16 08:00:00-04:00,45.88,43.49,-0.0,2.39
2025-04-16 09:00:00-04:00,41.14,39.0,-0.0,2.14
2025-04-16 10:00:00-04:00,37.59,35.63,-0.0,1.96
2025-04-16 11:00:00-04:00,34.26,32.47,-0.0,1.79
2025-04-16 12:00:00-04:00,32.75,31.01,-0.0,1.74
2025-04-16 13:00:00-04:00,32.5,30.75,-0.0,1.75
2025-04-16 14:00:00-04:00,32.59,30.83,-0.0,1.76
2025-04-16 15:00:00-04:00,33.78,31.99,-0.0,1.79
2025-04-16 16:00:00-04:00,36.26,34.269999999999996,-0.0,1.99
2025-04-16 17:00:00-04:00,42.54,40.129999999999995,-0.0,2.41
2025-04-16 18:00:00-04:00,49.07,46.25,-0.0,2.82
2025-04-16 19:00:00-04:00,59.4,56.25,-0.0,3.15
2025-04-16 20:00:00-04:00,59.0,56.03,-0.0,2.97
2025-04-16 21:00:00-04:00,50.7,48.2,-0.0,2.5
2025-04-16 22:00:00-04:00,43.8,41.68,-0.0,2.12
2025-04-16 23:00:00-04:00,40.4,38.62,-0.0,1.78
2025-04-17 00:00:00-04:00,35.17,33.690000000000005,-0.0,1.48
2025-04-17 01:00:00-04:00,33.63,32.21,-0.0,1.42
2025-04-17 02:00:00-04:00,33.82,32.46,-0.0,1.36
2025-04-17 03:00:00-04:00,33.56,32.24,-0.0,1.32
2025-04-17 04:00:00-04:00,34.3,32.949999999999996,-0.0,1.35
2025-04-17 05:00:00-04:00,40.06,38.45,-0.0,1.61
2025-04-17 06:00:00-04:00,55.86,53.66,-0.0,2.2
2025-04-17 07:00:00-04:00,58.0,55.5,-0.0,2.5
2025-04-17 08:00:00-04:00,43.72,41.879999999999995,-0.0,1.84
2025-04-17 09:00:00-04:00,30.22,28.97,-0.0,1.25
2025-04-17 10:00:00-04:00,27.15,25.979999999999997,-0.0,1.17
2025-04-17 11:00:00-04:00,24.84,23.79,-0.0,1.05
2025-04-17 12:00:00-04:00,24.41,23.38,-0.0,1.03
2025-04-17 13:00:00-04:00,23.8,22.82,-0.0,0.98
2025-04-17 14:00:00-04:00,23.1,22.08,-0.0,1.02
2025-04-17 15:00:00-04:00,23.98,22.9,-0.0,1.08
2025-04-17 16:00:00-04:00,25.3,24.1,-0.0,1.2
2025-04-17 17:00:00-04:00,32.27,30.680000000000003,-0.0,1.59
2025-04-17 18:00:00-04:00,44.23,42.2,-0.0,2.03
2025-04-17 19:00:00-04:00,54.79,52.43,-0.0,2.36
2025-04-17 20:00:00-04:00,55.4,53.12,-0.0,2.28
2025-04-17 21:00:00-04:00,47.16,45.3,-0.0,1.86
2025-04-17 22:00:00-04:00,40.36,38.81,-0.0,1.55
2025-04-17 23:00:00-04:00,36.78,35.43,-0.0,1.35
2025-04-18 00:00:00-04:00,33.31,31.910000000000004,-0.0,1.4
2025-04-18 01:00:00-04:00,30.57,29.34,-0.0,1.23
2025-04-18 02:00:00-04:00,29.13,27.9,-0.0,1.23
2025-04-18 03:00:00-04:00,29.02,27.77,-0.0,1.25
2025-04-18 04:00:00-04:00,30.46,29.15,-0.0,1.31
2025-04-18 05:00:00-04:00,34.8,33.37,-0.0,1.43
2025-04-18 06:00:00-04:00,44.66,42.529999999999994,-0.0,2.13
2025-04-18 07:00:00-04:00,48.37,44.32,1.44,2.61
2025-04-18 08:00:00-04:00,38.8,38.13999999999999,-1.44,2.1
2025-04-18 09:00:00-04:00,30.07,27.74,0.78,1.55
2025-04-18 10:00:00-04:00,27.5,26.09,-0.0,1.41
2025-04-18 11:00:00-04:00,25.79,24.49,-0.0,1.3
2025-04-18 12:00:00-04:00,24.75,23.53,-0.0,1.22
2025-04-18 13:00:00-04:00,25.0,23.72,-0.0,1.28
2025-04-18 14:00:00-04:00,26.1,23.81,0.98,1.31
2025-04-18 15:00:00-04:00,29.22,20.699999999999996,7.4,1.12
2025-04-18 16:00:00-04:00,32.13,20.22,10.84,1.07
2025-04-18 17:00:00-04:00,38.61,22.89,14.49,1.23
2025-04-18 18:00:00-04:00,44.08,33.66,8.47,1.95
2025-04-18 19:00:00-04:00,49.54,37.36,10.01,2.17
2025-04-18 20:00:00-04:00,50.11,37.0,10.96,2.15
2025-04-18 21:00:00-04:00,43.0,33.5,7.52,1.98
2025-04-18 22:00:00-04:00,38.85,28.97,8.2,1.68
2025-04-18 23:00:00-04:00,32.86,30.48,0.61,1.77
2025-04-19 00:00:00-04:00,29.8,22.74,5.74,1.32
2025-04-19 01:00:00-04:00,29.1,20.790000000000003,7.11,1.2
2025-04-19 02:00:00-04:00,27.7,20.58,5.93,1.19
2025-04-19 03:00:00-04:00,27.1,19.090000000000003,6.9,1.11
2025-04-19 04:00:00-04:00,26.4,21.659999999999997,3.46,1.28
2025-04-19 05:00:00-04:00,27.6,25.590000000000003,0.47,1.54
2025-04-19 06:00:00-04:00,31.32,23.49,6.47,1.36
2025-04-19 07:00:00-04:00,32.83,27.79,3.4,1.64
2025-04-19 08:00:00-04:00,31.4,28.709999999999997,1.0,1.69
2025-04-19 09:00:00-04:00,32.4,26.83,3.99,1.58
2025-04-19 10:00:00-04:00,30.33,25.72,3.07,1.54
2025-04-19 11:00:00-04:00,28.29,26.05,0.65,1.59
2025-04-19 12:00:00-04:00,27.71,25.97,0.15,1.59
2025-04-19 13:00:00-04:00,27.0,25.5,-0.0,1.5
2025-04-19 14:00:00-04:00,27.11,25.62,-0.0,1.49
2025-04-19 15:00:00-04:00,28.9,27.34,-0.0,1.56
2025-04-19 16:00:00-04:00,30.76,28.98,0.19,1.59
2025-04-19 17:00:00-04:00,38.0,35.559999999999995,0.49,1.95
2025-04-19 18:00:00-04:00,42.32,35.89,4.46,1.97
2025-04-19 19:00:00-04:00,48.3,36.849999999999994,9.42,2.03
2025-04-19 20:00:00-04:00,47.2,39.48,5.55,2.17
2025-04-19 21:00:00-04:00,37.76,35.529999999999994,0.24,1.99
2025-04-19 22:00:00-04:00,33.66,31.879999999999995,-0.0,1.78
2025-04-19 23:00:00-04:00,31.02,29.4,-0.0,1.62
2025-04-20 00:00:00-04:00,31.5,26.99,2.86,1.65
2025-04-20 01:00:00-04:00,28.7,27.08,-0.0,1.62
2025-04-20 02:00:00-04:00,26.68,25.19,-0.0,1.49
2025-04-20 03:00:00-04:00,25.6,24.22,-0.0,1.38
2025-04-20 04:00:00-04:00,24.32,23.01,-0.0,1.31
2025-04-20 05:00:00-04:00,26.1,24.74,-0.0,1.36
2025-04-20 06:00:00-04:00,30.62,28.89,-0.0,1.73
2025-04-20 07:00:00-04:00,29.5,27.91,-0.0,1.59
2025-04-20 08:00:00-04:00,26.47,25.04,-0.0,1.43
2025-04-20 09:00:00-04:00,22.04,20.81,-0.0,1.23
2025-04-20 10:00:00-04:00,20.75,19.69,-0.0,1.06
2025-04-20 11:00:00-04:00,18.9,17.88,-0.0,1.02
2025-04-20 12:00:00-04:00,18.0,17.03,-0.0,0.97
2025-04-20 13:00:00-04:00,18.18,17.18,-0.0,1.0
2025-04-20 14:00:00-04:00,17.43,16.47,-0.0,0.96
2025-04-20 15:00:00-04:00,18.67,17.650000000000002,-0.0,1.02
2025-04-20 16:00:00-04:00,20.72,19.57,-0.0,1.15
2025-04-20 17:00:00-04:00,29.58,27.909999999999997,-0.0,1.67
2025-04-20 18:00:00-04:00,37.73,35.3,0.31,2.12
2025-04-20 19:00:00-04:00,44.9,42.77,-0.31,2.44
2025-04-20 20:00:00-04:00,44.47,42.07,-0.0,2.4
2025-04-20 21:00:00-04:00,38.07,36.05,-0.0,2.02
2025-04-20 22:00:00-04:00,35.6,33.870000000000005,-0.0,1.73
2025-04-20 23:00:00-04:00,31.49,30.08,-0.0,1.41
2025-04-21 00:00:00-04:00,29.53,28.18,-0.0,1.35
2025-04-21 01:00:00-04:00,27.99,26.76,-0.0,1.23
2025-04-21 02:00:00-04:00,26.46,25.27,-0.0,1.19
2025-04-21 03:00:00-04:00,25.26,24.130000000000003,-0.0,1.13
2025-04-21 04:00:00-04:00,26.15,24.95,-0.0,1.2
2025-04-21 05:00:00-04:00,29.62,27.75,0.51,1.36
2025-04-21 06:00:00-04:00,39.05,32.38,5.05,1.62
2025-04-21 07:00:00-04:00,39.81,36.38,1.54,1.89
2025-04-21 08:00:00-04:00,35.91,34.169999999999995,-0.0,1.74
2025-04-21 09:00:00-04:00,32.99,31.42,-0.0,1.57
2025-04-21 10:00:00-04:00,31.89,30.4,-0.0,1.49
2025-04-21 11:00:00-04:00,31.19,29.76,-0.0,1.43
2025-04-21 12:00:00-04:00,30.29,28.74,-0.0,1.55
2025-04-21 13:00:00-04:00,30.34,27.92,0.91,1.51
2025-04-21 14:00:00-04:00,31.78,28.52,1.75,1.51
2025-04-21 15:00:00-04:00,34.36,32.66,-0.0,1.7
2025-04-21 16:00:00-04:00,37.81,35.84,-0.0,1.97
2025-04-21 17:00:00-04:00,43.47,36.2,5.28,1.99
2025-04-21 18:00:00-04:00,49.9,36.45,11.41,2.04
2025-04-21 19:00:00-04:00,63.06,42.34,18.35,2.37
2025-04-21 20:00:00-04:00,59.0,35.84,21.19,1.97
2025-04-21 21:00:00-04:00,42.41,34.62,5.89,1.9
2025-04-21 22:00:00-04:00,38.7,27.300000000000004,9.93,1.47
2025-04-21 23:00:00-04:00,32.67,21.23,10.32,1.12
2025-04-22 00:00:00-04:00,32.41,16.319999999999997,15.27,0.82
2025-04-22 01:00:00-04:00,32.02,13.32,18.03,0.67
2025-04-22 02:00:00-04:00,30.16,13.64,15.84,0.68
2025-04-22 03:00:00-04:00,29.21,11.270000000000003,17.38,0.56
2025-04-22 04:00:00-04:00,29.56,15.97,12.78,0.81
2025-04-22 05:00:00-04:00,35.1,20.22,13.89,0.99
2025-04-22 06:00:00-04:00,44.74,23.3,20.3,1.14
2025-04-22 07:00:00-04:00,45.4,36.879999999999995,6.49,2.03
2025-04-22 08:00:00-04:00,50.0,33.75,13.75,2.5
2025-04-22 09:00:00-04:00,49.26,28.76,18.29,2.21
2025-04-22 10:00:00-04:00,41.9,28.96,10.71,2.23
2025-04-22 11:00:00-04:00,39.82,27.54,10.08,2.2
2025-04-22 12:00:00-04:00,37.46,26.22,9.09,2.15
2025-04-22 13:00:00-04:00,38.42,27.2,9.02,2.2
2025-04-22 14:00:00-04:00,36.3,25.85,8.33,2.12
2025-04-22 15:00:00-04:00,36.8,26.44,8.22,2.14
2025-04-22 16:00:00-04:00,44.43,29.44,12.61,2.38
2025-04-22 17:00:00-04:00,48.9,35.37,10.56,2.97
2025-04-22 18:00:00-04:00,62.4,41.98,17.02,3.4
2025-04-22 19:00:00-04:00,60.4,46.88999999999999,9.85,3.66
2025-04-22 20:00:00-04:00,56.0,49.33,2.97,3.7
2025-04-22 21:00:00-04:00,52.2,39.36,10.13,2.71
2025-04-22 22:00:00-04:00,40.4,33.61,4.67,2.12
2025-04-22 23:00:00-04:00,35.3,31.229999999999997,2.07,2.0
2025-04-23 00:00:00-04:00,33.96,26.22,6.09,1.65
2025-04-23 01:00:00-04:00,30.49,25.69,3.26,1.54
2025-04-23 02:00:00-04:00,26.97,24.19,1.26,1.52
2025-04-23 03:00:00-04:00,28.5,24.92,2.08,1.5
2025-04-23 04:00:00-04:00,29.8,26.02,2.27,1.51
2025-04-23 05:00:00-04:00,32.68,30.0,0.97,1.71
2025-04-23 06:00:00-04:00,43.6,39.34,1.98,2.28
2025-04-23 07:00:00-04:00,47.89,39.669999999999995,5.88,2.34
2025-04-23 08:00:00-04:00,38.7,32.32000000000001,4.34,2.04
2025-04-23 09:00:00-04:00,31.4,27.039999999999996,2.6,1.76
2025-04-23 10:00:00-04:00,26.6,25.020000000000003,-0.0,1.58
2025-04-23 11:00:00-04:00,24.53,23.01,-0.0,1.52
2025-04-23 12:00:00-04:00,23.76,22.290000000000003,-0.0,1.47
2025-04-23 13:00:00-04:00,24.14,22.6,-0.0,1.54
2025-04-23 14:00:00-04:00,24.09,22.56,-0.0,1.53
2025-04-23 15:00:00-04:00,26.38,24.7,-0.0,1.68
2025-04-23 16:00:00-04:00,30.2,28.09,0.06,2.05
2025-04-23 17:00:00-04:00,38.1,33.660000000000004,2.08,2.36
2025-04-23 18:00:00-04:00,48.1,39.61,5.88,2.61
2025-04-23 19:00:00-04:00,52.8,44.58,5.64,2.58
2025-04-23 20:00:00-04:00,50.7,45.05,2.81,2.84
2025-04-23 21:00:00-04:00,44.0,36.720000000000006,5.3,1.98
2025-04-23 22:00:00-04:00,38.4,32.709999999999994,3.99,1.7
2025-04-23 23:00:00-04:00,31.0,29.41,0.06,1.53
2025-04-24 00:00:00-04:00,27.57,26.06,-0.0,1.51
2025-04-24 01:00:00-04:00,27.51,24.540000000000003,1.52,1.45
2025-04-24 02:00:00-04:00,26.11,22.4,2.46,1.25
2025-04-24 03:00:00-04:00,26.14,22.01,2.85,1.28
2025-04-24 04:00:00-04:00,28.28,20.85,6.2,1.23
2025-04-24 05:00:00-04:00,33.27,26.9,4.86,1.51
2025-04-24 06:00:00-04:00,45.57,32.910000000000004,10.79,1.87
2025-04-24 07:00:00-04:00,49.0,37.34,9.64,2.02
2025-04-24 08:00:00-04:00,38.5,31.78,4.94,1.78
2025-04-24 09:00:00-04:00,30.64,25.869999999999997,3.17,1.6
2025-04-24 10:00:00-04:00,26.48,25.01,-0.0,1.47
2025-04-24 11:00:00-04:00,25.14,23.74,-0.0,1.4
2025-04-24 12:00:00-04:00,25.57,24.12,-0.0,1.45
2025-04-24 13:00:00-04:00,26.18,24.67,-0.0,1.51
2025-04-24 14:00:00-04:00,27.57,25.1,0.86,1.61
2025-04-24 15:00:00-04:00,28.94,27.64,-0.0,1.3
2025-04-24 16:00:00-04:00,32.15,30.59,-0.0,1.56
2025-04-24 17:00:00-04:00,37.86,35.89,-0.0,1.97
2025-04-24 18:00:00-04:00,44.46,42.34,-0.0,2.12
2025-04-24 19:00:00-04:00,50.01,47.67,-0.0,2.34
2025-04-24 20:00:00-04:00,47.27,45.06,-0.0,2.21
2025-04-24 21:00:00-04:00,39.5,37.84,-0.0,1.66
2025-04-24 22:00:00-04:00,33.65,32.23,-0.0,1.42
2025-04-24 23:00:00-04:00,30.52,29.4,-0.0,1.12
2025-04-25 00:00:00-04:00,27.35,26.15,-0.0,1.2
2025-04-25 01:00:00-04:00,25.64,24.51,-0.0,1.13
2025-04-25 02:00:00-04:00,24.25,23.23,-0.0,1.02
2025-04-25 03:00:00-04:00,24.41,23.45,-0.0,0.96
2025-04-25 04:00:00-04:00,25.77,24.75,-0.0,1.02
2025-04-25 05:00:00-04:00,28.55,27.45,-0.0,1.1
2025-04-25 06:00:00-04:00,35.43,33.87,-0.0,1.56
2025-04-25 07:00:00-04:00,39.93,38.25,-0.0,1.68
2025-04-25 08:00:00-04:00,32.43,31.09,-0.0,1.34
2025-04-25 09:00:00-04:00,29.42,28.15,-0.0,1.27
2025-04-25 10:00:00-04:00,27.65,26.49,-0.0,1.16
2025-04-25 11:00:00-04:00,27.5,26.37,-0.0,1.13
2025-04-25 12:00:00-04:00,28.16,26.97,-0.0,1.19
2025-04-25 13:00:00-04:00,28.95,27.78,-0.0,1.17
2025-04-25 14:00:00-04:00,30.21,28.94,-0.0,1.27
2025-04-25 15:00:00-04:00,32.13,30.69,-0.0,1.44
2025-04-25 16:00:00-04:00,36.05,34.269999999999996,-0.0,1.78
2025-04-25 17:00:00-04:00,40.97,39.1,-0.28,2.15
2025-04-25 18:00:00-04:00,45.26,42.64,0.28,2.34
2025-04-25 19:00:00-04:00,47.69,45.16,-0.0,2.53
2025-04-25 20:00:00-04:00,44.6,42.24,-0.0,2.36
2025-04-25 21:00:00-04:00,37.2,34.89,0.32,1.99
2025-04-25 22:00:00-04:00,34.26,32.269999999999996,0.25,1.74
2025-04-25 23:00:00-04:00,29.55,28.22,-0.0,1.33
2025-04-26 00:00:00-04:00,30.38,28.96,-0.0,1.42
2025-04-26 01:00:00-04:00,27.99,25.44,1.35,1.2
2025-04-26 02:00:00-04:00,26.35,24.1,1.12,1.13
2025-04-26 03:00:00-04:00,25.42,21.81,2.56,1.05
2025-04-26 04:00:00-04:00,26.33,22.42,2.83,1.08
2025-04-26 05:00:00-04:00,26.28,22.69,2.52,1.07
2025-04-26 06:00:00-04:00,28.56,21.11,6.46,0.99
2025-04-26 07:00:00-04:00,36.8,26.51,8.97,1.32
2025-04-26 08:00:00-04:00,39.0,31.219999999999995,6.19,1.59
2025-04-26 09:00:00-04:00,40.18,29.79,8.9,1.49
2025-04-26 10:00:00-04:00,36.9,29.520000000000003,5.9,1.48
2025-04-26 11:00:00-04:00,37.5,26.74,9.4,1.36
2025-04-26 12:00:00-04:00,37.5,26.01,10.16,1.33
2025-04-26 13:00:00-04:00,36.37,23.1,12.09,1.18
2025-04-26 14:00:00-04:00,38.3,22.429999999999996,14.7,1.17
2025-04-26 15:00:00-04:00,37.4,19.709999999999994,16.67,1.02
2025-04-26 16:00:00-04:00,40.6,18.03,21.61,0.96
2025-04-26 17:00:00-04:00,49.47,23.85,24.36,1.26
2025-04-26 18:00:00-04:00,48.0,24.02,22.73,1.25
2025-04-26 19:00:00-04:00,51.29,30.58,18.97,1.74
2025-04-26 20:00:00-04:00,49.27,29.950000000000003,17.61,1.71
2025-04-26 21:00:00-04:00,41.7,32.379999999999995,7.48,1.84
2025-04-26 22:00:00-04:00,34.6,27.940000000000005,5.04,1.62
2025-04-26 23:00:00-04:00,30.79,22.19,7.36,1.24
2025-04-27 00:00:00-04:00,31.93,11.299999999999995,20.03,0.6
2025-04-27 01:00:00-04:00,29.11,13.2,15.21,0.7
2025-04-27 02:00:00-04:00,27.35,13.400000000000002,13.25,0.7
2025-04-27 03:00:00-04:00,28.39,13.36,14.38,0.65
2025-04-27 04:00:00-04:00,27.43,14.53,12.19,0.71
2025-04-27 05:00:00-04:00,27.1,19.380000000000003,6.73,0.99
2025-04-27 06:00:00-04:00,30.0,17.78,11.28,0.94
2025-04-27 07:00:00-04:00,32.8,21.969999999999995,9.64,1.19
2025-04-27 08:00:00-04:00,29.78,19.03,9.69,1.06
2025-04-27 09:00:00-04:00,30.9,17.159999999999997,12.78,0.96
2025-04-27 10:00:00-04:00,31.62,17.07,13.61,0.94
2025-04-27 11:00:00-04:00,31.13,14.03,16.33,0.77
2025-04-27 12:00:00-04:00,31.67,14.040000000000004,16.84,0.79
2025-04-27 13:00:00-04:00,32.2,17.540000000000003,13.68,0.98
2025-04-27 14:00:00-04:00,31.0,13.98,16.24,0.78
2025-04-27 15:00:00-04:00,32.0,13.920000000000002,17.29,0.79
2025-04-27 16:00:00-04:00,34.95,19.91,13.91,1.13
2025-04-27 17:00:00-04:00,41.7,22.300000000000004,18.08,1.32
2025-04-27 18:00:00-04:00,45.04,28.93,14.32,1.79
2025-04-27 19:00:00-04:00,46.65,39.08,5.15,2.42
2025-04-27 20:00:00-04:00,46.21,43.55,-0.0,2.66
2025-04-27 21:00:00-04:00,36.0,32.089999999999996,1.95,1.96
2025-04-27 22:00:00-04:00,31.41,28.78,0.87,1.76
2025-04-27 23:00:00-04:00,28.32,26.69,-0.0,1.63
2025-04-28 00:00:00-04:00,30.93,29.57,-0.0,1.36
2025-04-28 01:00:00-04:00,27.42,26.270000000000003,-0.0,1.15
2025-04-28 02:00:00-04:00,26.29,25.13,-0.0,1.16
2025-04-28 03:00:00-04:00,26.19,25.06,-0.0,1.13
2025-04-28 04:00:00-04:00,26.49,25.369999999999997,-0.0,1.12
2025-04-28 05:00:00-04:00,29.4,28.22,-0.0,1.18
2025-04-28 06:00:00-04:00,38.59,36.970000000000006,-0.0,1.62
2025-04-28 07:00:00-04:00,40.08,38.43,-0.0,1.65
2025-04-28 08:00:00-04:00,34.4,32.79,-0.0,1.61
2025-04-28 09:00:00-04:00,28.98,27.47,-0.0,1.51
2025-04-28 10:00:00-04:00,25.44,24.21,-0.0,1.23
2025-04-28 11:00:00-04:00,24.26,23.020000000000003,-0.0,1.24
2025-04-28 12:00:00-04:00,24.08,22.85,-0.0,1.23
2025-04-28 13:00:00-04:00,24.87,23.66,-0.0,1.21
2025-04-28 14:00:00-04:00,24.78,23.49,-0.0,1.29
2025-04-28 15:00:00-04:00,25.92,24.380000000000003,-0.0,1.54
2025-04-28 16:00:00-04:00,30.03,28.14,-0.0,1.89
2025-04-28 17:00:00-04:00,35.51,32.769999999999996,0.25,2.49
2025-04-28 18:00:00-04:00,47.5,39.82,4.89,2.79
2025-04-28 19:00:00-04:00,55.9,46.74,6.08,3.08
2025-04-28 20:00:00-04:00,55.79,46.64,6.02,3.13
2025-04-28 21:00:00-04:00,46.6,35.870000000000005,8.18,2.55
2025-04-28 22:00:00-04:00,39.8,27.95,9.7,2.15
2025-04-28 23:00:00-04:00,32.5,22.74,8.05,1.71
2025-04-29 00:00:00-04:00,30.2,17.39,11.66,1.15
2025-04-29 01:00:00-04:00,27.64,9.419999999999998,17.62,0.6
2025-04-29 02:00:00-04:00,26.2,11.07,14.41,0.72
2025-04-29 03:00:00-04:00,25.85,8.180000000000003,17.13,0.54
2025-04-29 04:00:00-04:00,26.75,7.849999999999998,18.39,0.51
2025-04-29 05:00:00-04:00,33.1,14.18,18.0,0.92
2025-04-29 06:00:00-04:00,49.3,16.119999999999997,32.18,1.0
2025-04-29 07:00:00-04:00,44.0,16.259999999999998,26.72,1.02
2025-04-29 08:00:00-04:00,34.2,17.480000000000004,15.53,1.19
2025-04-29 09:00:00-04:00,27.36,17.58,8.55,1.23
2025-04-29 10:00:00-04:00,26.7,18.31,7.16,1.23
2025-04-29 11:00:00-04:00,25.8,18.63,5.94,1.23
2025-04-29 12:00:00-04:00,27.19,18.840000000000003,7.11,1.24
2025-04-29 13:00:00-04:00,27.6,21.71,4.54,1.35
2025-04-29 14:00:00-04:00,29.87,25.95,2.6,1.32
2025-04-29 15:00:00-04:00,31.1,29.000000000000004,0.36,1.74
2025-04-29 16:00:00-04:00,36.42,25.74,9.11,1.57
2025-04-29 17:00:00-04:00,44.7,28.06,14.93,1.71
2025-04-29 18:00:00-04:00,50.8,29.84999999999999,19.1,1.85
2025-04-29 19:00:00-04:00,61.26,32.05,27.25,1.96
2025-04-29 20:00:00-04:00,58.4,32.9,23.46,2.04
2025-04-29 21:00:00-04:00,44.9,28.82,14.29,1.79
2025-04-29 22:00:00-04:00,36.87,25.42,9.87,1.58
2025-04-29 23:00:00-04:00,34.05,18.319999999999993,14.78,0.95
2025-04-30 00:00:00-04:00,31.43,19.52,10.91,1.0
2025-04-30 01:00:00-04:00,28.97,18.2,9.84,0.93
2025-04-30 02:00:00-04:00,27.23,18.5,7.79,0.94
2025-04-30 03:00:00-04:00,26.1,18.99,6.12,0.99
2025-04-30 04:00:00-04:00,26.25,24.95,-0.0,1.3
2025-04-30 05:00:00-04:00,30.25,28.76,-0.0,1.49
2025-04-30 06:00:00-04:00,40.61,38.46,-0.0,2.15
2025-04-30 07:00:00-04:00,44.24,42.17,-0.0,2.07
2025-04-30 08:00:00-04:00,36.77,35.09,-0.0,1.68
2025-04-30 09:00:00-04:00,31.59,30.2,-0.0,1.39
2025-04-30 10:00:00-04:00,29.8,28.49,-0.0,1.31
2025-04-30 11:00:00-04:00,28.55,27.22,-0.0,1.33
2025-04-30 12:00:00-04:00,27.8,26.55,-0.0,1.25
2025-04-30 13:00:00-04:00,27.19,25.92,-0.0,1.27
2025-04-30 14:00:00-04:00,27.51,26.200000000000003,-0.0,1.31
2025-04-30 15:00:00-04:00,29.0,27.59,-0.0,1.41
2025-04-30 16:00:00-04:00,31.89,30.2,-0.0,1.69
2025-04-30 17:00:00-04:00,42.41,40.12,-0.0,2.29
2025-04-30 18:00:00-04:00,49.8,47.07,-0.0,2.73
2025-04-30 19:00:00-04:00,54.78,52.02,-0.0,2.76
2025-04-30 20:00:00-04:00,55.46,52.620000000000005,-0.0,2.84
2025-04-30 21:00:00-04:00,44.73,42.559999999999995,-0.0,2.17
2025-04-30 22:00:00-04:00,37.64,36.02,-0.0,1.62
2025-04-30 23:00:00-04:00,32.84,31.42,-0.0,1.42
2025-05-01 00:00:00-04:00,35.47,34.46,-0.09,1.1
2025-05-01 01:00:00-04:00,29.8,28.6,0.09,1.11
2025-05-01 02:00:00-04:00,28.45,27.38,-0.0,1.07
2025-05-01 03:00:00-04:00,28.03,26.93,-0.0,1.1
2025-05-01 04:00:00-04:00,29.6,28.46,-0.0,1.14
2025-05-01 05:00:00-04:00,34.98,33.629999999999995,-0.0,1.35
2025-05-01 06:00:00-04:00,44.87,42.94,-0.0,1.93
2025-05-01 07:00:00-04:00,46.68,44.84,-0.0,1.84
2025-05-01 08:00:00-04:00,37.34,35.800000000000004,-0.0,1.54
2025-05-01 09:00:00-04:00,32.4,31.09,-0.0,1.31
2025-05-01 10:00:00-04:00,30.1,28.91,-0.0,1.19
2025-05-01 11:00:00-04:00,28.55,27.37,-0.0,1.18
2025-05-01 12:00:00-04:00,28.28,27.06,-0.0,1.22
2025-05-01 13:00:00-04:00,28.97,27.7,-0.0,1.27
2025-05-01 14:00:00-04:00,29.96,28.59,-0.0,1.37
2025-05-01 15:00:00-04:00,31.83,30.4,-0.0,1.43
2025-05-01 16:00:00-04:00,34.98,33.379999999999995,-0.0,1.6
2025-05-01 17:00:00-04:00,41.99,38.150000000000006,1.9,1.94
2025-05-01 18:00:00-04:00,51.87,44.029999999999994,5.68,2.16
2025-05-01 19:00:00-04:00,60.59,50.84,7.06,2.69
2025-05-01 20:00:00-04:00,65.21,47.00999999999999,15.66,2.54
2025-05-01 21:00:00-04:00,54.6,37.900000000000006,14.66,2.04
2025-05-01 22:00:00-04:00,44.97,32.47,10.68,1.82
2025-05-01 23:00:00-04:00,32.13,30.540000000000003,-0.0,1.59
2025-05-02 00:00:00-04:00,32.21,31.1,-0.38,1.49
2025-05-02 01:00:00-04:00,28.5,26.459999999999997,0.53,1.51
2025-05-02 02:00:00-04:00,27.56,25.29,0.86,1.41
2025-05-02 03:00:00-04:00,27.0,24.57,1.05,1.38
2025-05-02 04:00:00-04:00,28.0,25.24,1.35,1.41
2025-05-02 05:00:00-04:00,34.1,28.39,4.15,1.56
2025-05-02 06:00:00-04:00,39.1,36.99,0.04,2.07
2025-05-02 07:00:00-04:00,44.0,41.21,0.44,2.35
2025-05-02 08:00:00-04:00,40.76,38.94,-0.44,2.26
2025-05-02 09:00:00-04:00,40.16,37.88999999999999,-0.0,2.27
2025-05-02 10:00:00-04:00,36.92,34.760000000000005,-0.0,2.16
2025-05-02 11:00:00-04:00,35.86,33.769999999999996,-0.0,2.09
2025-05-02 12:00:00-04:00,35.4,33.36,-0.0,2.04
2025-05-02 13:00:00-04:00,34.94,32.96,-0.0,1.98
2025-05-02 14:00:00-04:00,37.03,34.97,-0.0,2.06
2025-05-02 15:00:00-04:00,36.85,34.730000000000004,-0.0,2.12
2025-05-02 16:00:00-04:00,39.44,37.21,-0.0,2.23
2025-05-02 17:00:00-04:00,48.6,42.98,3.0,2.62
2025-05-02 18:00:00-04:00,54.98,51.43,0.36,3.19
2025-05-02 19:00:00-04:00,59.07,55.89,-0.0,3.18
2025-05-02 20:00:00-04:00,59.79,56.51,-0.0,3.28
2025-05-02 21:00:00-04:00,47.78,45.33,-0.0,2.45
2025-05-02 22:00:00-04:00,40.93,39.02,-0.0,1.91
2025-05-02 23:00:00-04:00,36.12,34.699999999999996,-0.0,1.42
2025-05-03 00:00:00-04:00,40.78,39.1,-0.0,1.68
2025-05-03 01:00:00-04:00,34.24,32.67,-0.0,1.57
2025-05-03 02:00:00-04:00,30.34,29.06,-0.0,1.28
2025-05-03 03:00:00-04:00,29.66,28.36,-0.0,1.3
2025-05-03 04:00:00-04:00,29.7,28.45,-0.0,1.25
2025-05-03 05:00:00-04:00,30.75,29.34,-0.0,1.41
2025-05-03 06:00:00-04:00,33.29,32.04,-0.0,1.25
2025-05-03 07:00:00-04:00,40.85,39.55,-0.0,1.3
2025-05-03 08:00:00-04:00,38.65,37.379999999999995,-0.0,1.27
2025-05-03 09:00:00-04:00,38.23,36.97,-0.0,1.26
2025-05-03 10:00:00-04:00,37.38,36.25,-0.0,1.13
2025-05-03 11:00:00-04:00,38.42,37.23,-0.0,1.19
2025-05-03 12:00:00-04:00,37.61,36.34,-0.0,1.27
2025-05-03 13:00:00-04:00,38.11,36.79,-0.0,1.32
2025-05-03 14:00:00-04:00,40.22,38.75,-0.0,1.47
2025-05-03 15:00:00-04:00,45.22,43.61,-0.0,1.61
2025-05-03 16:00:00-04:00,49.04,47.15,-0.0,1.89
2025-05-03 17:00:00-04:00,53.22,50.879999999999995,-0.0,2.34
2025-05-03 18:00:00-04:00,58.9,55.879999999999995,-0.0,3.02
2025-05-03 19:00:00-04:00,58.78,55.82,-0.0,2.96
2025-05-03 20:00:00-04:00,56.11,53.69,-0.0,2.42
2025-05-03 21:00:00-04:00,50.32,48.34,-0.0,1.98
2025-05-03 22:00:00-04:00,45.21,43.47,-0.0,1.74
2025-05-03 23:00:00-04:00,40.55,39.22,-0.0,1.33
2025-05-04 00:00:00-04:00,41.73,39.93,-0.0,1.8
2025-05-04 01:00:00-04:00,32.79,31.26,-0.0,1.53
2025-05-04 02:00:00-04:00,33.24,31.660000000000004,-0.0,1.58
2025-05-04 03:00:00-04:00,31.41,30.09,-0.0,1.32
2025-05-04 04:00:00-04:00,31.15,29.84,-0.0,1.31
2025-05-04 05:00:00-04:00,31.7,30.33,-0.0,1.37
2025-05-04 06:00:00-04:00,30.05,28.54,-0.0,1.51
2025-05-04 07:00:00-04:00,31.55,29.96,-0.0,1.59
2025-05-04 08:00:00-04:00,32.88,31.200000000000003,-0.0,1.68
2025-05-04 09:00:00-04:00,36.2,34.31,-0.0,1.89
2025-05-04 10:00:00-04:00,35.03,33.24,-0.0,1.79
2025-05-04 11:00:00-04:00,36.47,34.57,-0.0,1.9
2025-05-04 12:00:00-04:00,36.95,34.99,-0.0,1.96
2025-05-04 13:00:00-04:00,37.76,35.72,-0.0,2.04
2025-05-04 14:00:00-04:00,37.0,34.84,-0.0,2.16
2025-05-04 15:00:00-04:00,39.4,37.1,-0.0,2.3
2025-05-04 16:00:00-04:00,42.3,38.89,1.0,2.41
2025-05-04 17:00:00-04:00,47.7,35.82000000000001,9.69,2.19
2025-05-04 18:00:00-04:00,50.9,45.12,3.03,2.75
2025-05-04 19:00:00-04:00,52.82,48.33,1.49,3.0
2025-05-04 20:00:00-04:00,50.0,44.67,2.61,2.72
2025-05-04 21:00:00-04:00,43.28,39.88,0.93,2.47
2025-05-04 22:00:00-04:00,38.3,34.24999999999999,2.06,1.99
2025-05-04 23:00:00-04:00,36.0,32.269999999999996,1.92,1.81
2025-05-05 00:00:00-04:00,34.69,33.23,-0.0,1.46
2025-05-05 01:00:00-04:00,30.71,29.17,-0.0,1.54
2025-05-05 02:00:00-04:00,30.82,27.619999999999997,1.85,1.35
2025-05-05 03:00:00-04:00,30.68,29.27,-0.0,1.41
2025-05-05 04:00:00-04:00,32.1,30.72,-0.0,1.38
2025-05-05 05:00:00-04:00,35.26,33.739999999999995,-0.0,1.52
2025-05-05 06:00:00-04:00,42.7,40.74,-0.0,1.96
2025-05-05 07:00:00-04:00,45.76,43.25,-0.0,2.51
2025-05-05 08:00:00-04:00,47.74,40.830000000000005,3.93,2.98
2025-05-05 09:00:00-04:00,49.91,41.06,5.77,3.08
2025-05-05 10:00:00-04:00,50.1,38.790000000000006,8.48,2.83
2025-05-05 11:00:00-04:00,44.76,42.27,-0.0,2.49
2025-05-05 12:00:00-04:00,43.35,40.9,-0.0,2.45
2025-05-05 13:00:00-04:00,41.9,39.489999999999995,-0.0,2.41
2025-05-05 14:00:00-04:00,41.0,38.64,-0.0,2.36
2025-05-05 15:00:00-04:00,45.4,41.3,1.5,2.6
2025-05-05 16:00:00-04:00,47.6,41.46,3.48,2.66
2025-05-05 17:00:00-04:00,49.05,43.44,2.87,2.74
2025-05-05 18:00:00-04:00,53.3,48.2,2.16,2.94
2025-05-05 19:00:00-04:00,56.06,50.42,2.67,2.97
2025-05-05 20:00:00-04:00,53.8,48.36,2.54,2.9
2025-05-05 21:00:00-04:00,46.0,41.09,2.36,2.55
2025-05-05 22:00:00-04:00,38.83,36.6,-0.0,2.23
2025-05-05 23:00:00-04:00,35.0,33.05,-0.0,1.95
2025-05-06 00:00:00-04:00,36.1,32.92,1.57,1.61
2025-05-06 01:00:00-04:00,36.0,30.07,4.4,1.53
2025-05-06 02:00:00-04:00,34.0,27.859999999999996,4.69,1.45
2025-05-06 03:00:00-04:00,31.75,28.58,1.69,1.48
2025-05-06 04:00:00-04:00,34.3,28.889999999999997,3.94,1.47
2025-05-06 05:00:00-04:00,39.8,32.23,5.96,1.61
2025-05-06 06:00:00-04:00,43.7,41.42,0.25,2.03
2025-05-06 07:00:00-04:00,50.39,44.330000000000005,3.76,2.3
2025-05-06 08:00:00-04:00,49.1,44.89,1.92,2.29
2025-05-06 09:00:00-04:00,50.1,41.73,6.24,2.13
2025-05-06 10:00:00-04:00,55.42,43.220000000000006,10.08,2.12
2025-05-06 11:00:00-04:00,47.1,41.1,3.99,2.01
2025-05-06 12:00:00-04:00,47.4,40.49,4.97,1.94
2025-05-06 13:00:00-04:00,46.1,39.94,4.2,1.96
2025-05-06 14:00:00-04:00,43.7,41.17,0.51,2.02
2025-05-06 15:00:00-04:00,49.6,41.900000000000006,5.69,2.01
2025-05-06 16:00:00-04:00,52.3,44.55,5.66,2.09
2025-05-06 17:00:00-04:00,53.46,51.01,-0.0,2.45
2025-05-06 18:00:00-04:00,55.89,53.79,-0.0,2.1
2025-05-06 19:00:00-04:00,58.0,55.41,0.15,2.44
2025-05-06 20:00:00-04:00,58.36,56.17,-0.0,2.19
2025-05-06 21:00:00-04:00,47.75,45.87,-0.0,1.88
2025-05-06 22:00:00-04:00,40.9,39.14,-0.0,1.76
2025-05-06 23:00:00-04:00,36.34,34.980000000000004,-0.0,1.36
2025-05-07 00:00:00-04:00,37.47,36.17,-0.0,1.3
2025-05-07 01:00:00-04:00,32.98,31.469999999999995,-0.0,1.51
2025-05-07 02:00:00-04:00,31.07,29.53,-0.0,1.54
2025-05-07 03:00:00-04:00,29.69,28.25,-0.0,1.44
2025-05-07 04:00:00-04:00,31.7,30.51,-0.0,1.19
2025-05-07 05:00:00-04:00,36.69,35.379999999999995,-0.0,1.31
2025-05-07 06:00:00-04:00,46.81,45.32,-0.0,1.49
2025-05-07 07:00:00-04:00,52.19,50.28,-0.0,1.91
2025-05-07 08:00:00-04:00,48.24,46.38,-0.0,1.86
2025-05-07 09:00:00-04:00,46.11,44.21,-0.0,1.9
2025-05-07 10:00:00-04:00,43.11,41.41,-0.0,1.7
2025-05-07 11:00:00-04:00,40.9,39.33,-0.0,1.57
2025-05-07 12:00:00-04:00,40.09,38.470000000000006,-0.0,1.62
2025-05-07 13:00:00-04:00,39.4,37.99,-0.0,1.41
2025-05-07 14:00:00-04:00,38.77,37.89,-0.48,1.36
2025-05-07 15:00:00-04:00,42.0,40.16,0.07,1.77
2025-05-07 16:00:00-04:00,44.98,43.15,-0.02,1.85
2025-05-07 17:00:00-04:00,50.8,48.71999999999999,-0.01,2.09
2025-05-07 18:00:00-04:00,58.5,54.25,1.75,2.5
2025-05-07 19:00:00-04:00,60.87,57.94,-0.02,2.95
2025-05-07 20:00:00-04:00,63.1,60.23,-0.02,2.89
2025-05-07 21:00:00-04:00,50.89,49.75,-0.85,1.99
2025-05-07 22:00:00-04:00,44.77,43.05,-0.0,1.72
2025-05-07 23:00:00-04:00,36.66,35.66,-0.0,1.0
2025-05-08 00:00:00-04:00,39.66,38.62,-0.0,1.04
2025-05-08 01:00:00-04:00,31.35,30.290000000000003,-0.0,1.06
2025-05-08 02:00:00-04:00,31.31,30.28,-0.0,1.03
2025-05-08 03:00:00-04:00,30.4,29.4,-0.0,1.0
2025-05-08 04:00:00-04:00,31.61,30.57,-0.0,1.04
2025-05-08 05:00:00-04:00,35.17,34.08,-0.0,1.09
2025-05-08 06:00:00-04:00,45.44,43.989999999999995,-0.0,1.45
2025-05-08 07:00:00-04:00,48.42,46.92,-0.0,1.5
2025-05-08 08:00:00-04:00,45.19,44.05,-0.0,1.14
2025-05-08 09:00:00-04:00,39.0,38.39,-0.0,0.61
2025-05-08 10:00:00-04:00,37.77,37.07,-0.0,0.7
2025-05-08 11:00:00-04:00,37.0,36.31,-0.0,0.69
2025-05-08 12:00:00-04:00,36.1,35.46,-0.0,0.64
2025-05-08 13:00:00-04:00,36.48,35.699999999999996,-0.0,0.78
2025-05-08 14:00:00-04:00,35.6,34.77,-0.0,0.83
2025-05-08 15:00:00-04:00,38.08,37.26,-0.0,0.82
2025-05-08 16:00:00-04:00,43.3,42.08,-0.0,1.22
2025-05-08 17:00:00-04:00,48.5,46.95,-0.0,1.55
2025-05-08 18:00:00-04:00,54.5,52.76,-0.0,1.74
2025-05-08 19:00:00-04:00,56.74,55.41,-0.0,1.33
2025-05-08 20:00:00-04:00,56.98,55.16,-0.0,1.82
2025-05-08 21:00:00-04:00,48.58,47.07,-0.0,1.51
2025-05-08 22:00:00-04:00,41.66,40.37,-0.0,1.29
2025-05-08 23:00:00-04:00,35.16,34.13999999999999,-0.0,1.02
2025-05-09 00:00:00-04:00,35.1,33.300000000000004,0.4,1.4
2025-05-09 01:00:00-04:00,31.6,29.33,0.95,1.32
2025-05-09 02:00:00-04:00,29.46,27.98,0.22,1.26
2025-05-09 03:00:00-04:00,28.4,27.18,-0.0,1.22
2025-05-09 04:00:00-04:00,30.6,28.04,1.3,1.26
2025-05-09 05:00:00-04:00,32.6,31.050000000000004,0.31,1.24
2025-05-09 06:00:00-04:00,40.5,39.02,-0.0,1.48
2025-05-09 07:00:00-04:00,44.4,41.74999999999999,0.81,1.84
2025-05-09 08:00:00-04:00,45.86,44.01,-0.0,1.85
2025-05-09 09:00:00-04:00,44.7,40.63,2.12,1.95
2025-05-09 10:00:00-04:00,48.0,38.95,7.22,1.83
2025-05-09 11:00:00-04:00,45.6,37.81,6.01,1.78
2025-05-09 12:00:00-04:00,45.1,37.23,6.16,1.71
2025-05-09 13:00:00-04:00,44.3,36.64,5.94,1.72
2025-05-09 14:00:00-04:00,42.6,36.27,4.63,1.7
2025-05-09 15:00:00-04:00,42.65,36.61,4.35,1.69
2025-05-09 16:00:00-04:00,46.6,39.830000000000005,4.86,1.91
2025-05-09 17:00:00-04:00,48.6,40.34,6.4,1.86
2025-05-09 18:00:00-04:00,51.1,43.66,5.56,1.88
2025-05-09 19:00:00-04:00,52.02,45.92,4.17,1.93
2025-05-09 20:00:00-04:00,50.9,47.21,1.66,2.03
2025-05-09 21:00:00-04:00,44.5,39.16,3.66,1.68
2025-05-09 22:00:00-04:00,41.7,35.25,4.86,1.59
2025-05-09 23:00:00-04:00,34.96,33.550000000000004,-0.0,1.41
2025-05-10 00:00:00-04:00,34.49,33.42,-0.0,1.07
2025-05-10 01:00:00-04:00,32.8,31.72,-0.0,1.08
2025-05-10 02:00:00-04:00,30.34,29.29,-0.0,1.05
2025-05-10 03:00:00-04:00,30.0,28.96,-0.0,1.04
2025-05-10 04:00:00-04:00,29.4,28.32,-0.0,1.08
2025-05-10 05:00:00-04:00,31.07,29.93,-0.0,1.14
2025-05-10 06:00:00-04:00,32.04,30.869999999999997,-0.0,1.17
2025-05-10 07:00:00-04:00,31.84,30.5,-0.0,1.34
2025-05-10 08:00:00-04:00,30.82,28.1,1.45,1.27
2025-05-10 09:00:00-04:00,32.7,24.750000000000004,6.79,1.16
2025-05-10 10:00:00-04:00,32.0,22.42,8.53,1.05
2025-05-10 11:00:00-04:00,31.1,20.22,9.93,0.95
2025-05-10 12:00:00-04:00,27.65,20.6,6.08,0.97
2025-05-10 13:00:00-04:00,29.3,20.200000000000003,8.17,0.93
2025-05-10 14:00:00-04:00,28.0,21.08,5.95,0.97
2025-05-10 15:00:00-04:00,30.5,21.15,8.36,0.99
2025-05-10 16:00:00-04:00,31.9,20.57,10.38,0.95
2025-05-10 17:00:00-04:00,34.7,30.450000000000003,2.76,1.49
2025-05-10 18:00:00-04:00,39.48,36.79999999999999,0.84,1.84
2025-05-10 19:00:00-04:00,43.3,41.39,-0.0,1.91
2025-05-10 20:00:00-04:00,46.47,44.56,-0.0,1.91
2025-05-10 21:00:00-04:00,39.83,38.19,-0.0,1.64
2025-05-10 22:00:00-04:00,34.39,32.97,-0.0,1.42
2025-05-10 23:00:00-04:00,31.81,30.53,-0.0,1.28
2025-05-11 00:00:00-04:00,32.74,28.69,2.7,1.35
2025-05-11 01:00:00-04:00,29.87,24.71,4.07,1.09
2025-05-11 02:00:00-04:00,27.15,24.27,1.79,1.09
2025-05-11 03:00:00-04:00,26.27,23.79,1.39,1.09
2025-05-11 04:00:00-04:00,27.82,25.44,1.29,1.09
2025-05-11 05:00:00-04:00,29.26,27.5,0.55,1.21
2025-05-11 06:00:00-04:00,30.0,28.74,-0.0,1.26
2025-05-11 07:00:00-04:00,30.25,27.19,1.84,1.22
2025-05-11 08:00:00-04:00,26.15,24.88,0.12,1.15
2025-05-11 09:00:00-04:00,22.63,21.72,-0.0,0.91
2025-05-11 10:00:00-04:00,20.97,20.2,-0.0,0.77
2025-05-11 11:00:00-04:00,20.0,18.33,0.97,0.7
2025-05-11 12:00:00-04:00,20.0,16.12,3.3,0.58
2025-05-11 13:00:00-04:00,19.39,18.55,0.19,0.65
2025-05-11 14:00:00-04:00,21.11,12.28,8.38,0.45
2025-05-11 15:00:00-04:00,20.91,15.260000000000002,5.04,0.61
2025-05-11 16:00:00-04:00,26.32,17.119999999999997,8.51,0.69
2025-05-11 17:00:00-04:00,29.93,28.11,0.53,1.29
2025-05-11 18:00:00-04:00,41.0,37.04,2.33,1.63
2025-05-11 19:00:00-04:00,47.47,45.64,-0.0,1.83
2025-05-11 20:00:00-04:00,50.47,49.05,-0.0,1.42
2025-05-11 21:00:00-04:00,44.0,42.3,0.18,1.52
2025-05-11 22:00:00-04:00,37.0,35.559999999999995,0.2,1.24
2025-05-11 23:00:00-04:00,32.3,31.15,-0.0,1.15
2025-05-12 00:00:00-04:00,28.91,27.74,-0.0,1.17
2025-05-12 01:00:00-04:00,31.9,21.32,9.54,1.04
2025-05-12 02:00:00-04:00,28.0,19.96,7.08,0.96
2025-05-12 03:00:00-04:00,27.0,20.06,6.0,0.94
2025-05-12 04:00:00-04:00,28.1,22.53,4.62,0.95
2025-05-12 05:00:00-04:00,32.8,29.879999999999995,1.76,1.16
2025-05-12 06:00:00-04:00,44.0,35.51,7.14,1.35
2025-05-12 07:00:00-04:00,44.7,37.55,5.69,1.46
2025-05-12 08:00:00-04:00,37.3,34.63999999999999,1.31,1.35
2025-05-12 09:00:00-04:00,32.0,29.700000000000003,1.17,1.13
2025-05-12 10:00:00-04:00,29.7,28.59,-0.0,1.11
2025-05-12 11:00:00-04:00,27.8,26.81,-0.0,0.99
2025-05-12 12:00:00-04:00,26.54,25.49,0.03,1.02
2025-05-12 13:00:00-04:00,27.1,25.96,0.02,1.12
2025-05-12 14:00:00-04:00,27.1,25.96,0.05,1.09
2025-05-12 15:00:00-04:00,29.27,28.06,-0.0,1.21
2025-05-12 16:00:00-04:00,34.22,33.0,-0.0,1.22
2025-05-12 17:00:00-04:00,44.2,43.25,-0.0,0.95
2025-05-12 18:00:00-04:00,55.53,51.25,3.0,1.28
2025-05-12 19:00:00-04:00,65.34,55.53000000000001,8.37,1.44
2025-05-12 20:00:00-04:00,68.65,55.58000000000001,11.52,1.55
2025-05-12 21:00:00-04:00,55.0,47.64,6.12,1.24
2025-05-12 22:00:00-04:00,44.95,39.02,4.64,1.29
2025-05-12 23:00:00-04:00,35.3,32.129999999999995,1.85,1.32
2025-05-13 00:00:00-04:00,32.91,29.59999999999999,2.01,1.3
2025-05-13 01:00:00-04:00,30.0,26.94,1.79,1.27
2025-05-13 02:00:00-04:00,26.89,25.71,-0.0,1.18
2025-05-13 03:00:00-04:00,27.5,25.78,0.59,1.13
2025-05-13 04:00:00-04:00,29.1,27.91,0.27,0.92
2025-05-13 05:00:00-04:00,37.78,30.820000000000004,5.91,1.05
2025-05-13 06:00:00-04:00,50.9,38.209999999999994,11.35,1.34
2025-05-13 07:00:00-04:00,48.4,38.58,8.35,1.47
2025-05-13 08:00:00-04:00,40.12,37.94,1.12,1.06
2025-05-13 09:00:00-04:00,36.04,35.199999999999996,-0.0,0.84
2025-05-13 10:00:00-04:00,36.7,35.58,0.13,0.99
2025-05-13 11:00:00-04:00,35.8,34.559999999999995,0.17,1.07
2025-05-13 12:00:00-04:00,34.66,33.75,-0.0,0.91
2025-05-13 13:00:00-04:00,36.2,34.59,0.47,1.14
2025-05-13 14:00:00-04:00,37.5,36.16,0.18,1.16
2025-05-13 15:00:00-04:00,39.09,38.03,-0.0,1.06
2025-05-13 16:00:00-04:00,42.8,40.93,0.64,1.23
2025-05-13 17:00:00-04:00,49.27,47.7,-0.0,1.57
2025-05-13 18:00:00-04:00,57.7,50.09,5.86,1.75
2025-05-13 19:00:00-04:00,60.7,51.71,7.13,1.86
2025-05-13 20:00:00-04:00,64.59,50.77,11.94,1.88
2025-05-13 21:00:00-04:00,52.53,42.13,8.97,1.43
2025-05-13 22:00:00-04:00,47.53,33.9,12.21,1.42
2025-05-13 23:00:00-04:00,36.2,28.42,6.47,1.31
2025-05-14 00:00:00-04:00,34.72,22.049999999999997,11.61,1.06
2025-05-14 01:00:00-04:00,34.76,18.61,15.26,0.89
2025-05-14 02:00:00-04:00,31.77,19.15,11.7,0.92
2025-05-14 03:00:00-04:00,30.42,16.64,12.98,0.8
2025-05-14 04:00:00-04:00,30.8,20.160000000000004,9.69,0.95
2025-05-14 05:00:00-04:00,40.1,28.47,10.32,1.31
2025-05-14 06:00:00-04:00,47.0,34.28,11.49,1.23
2025-05-14 07:00:00-04:00,49.7,39.830000000000005,8.32,1.55
2025-05-14 08:00:00-04:00,43.96,39.86,2.71,1.39
2025-05-14 09:00:00-04:00,39.58,38.43,-0.0,1.15
2025-05-14 10:00:00-04:00,39.3,37.60999999999999,0.49,1.2
2025-05-14 11:00:00-04:00,39.13,36.690000000000005,1.19,1.25
2025-05-14 12:00:00-04:00,38.0,36.55,0.25,1.2
2025-05-14 13:00:00-04:00,39.2,37.2,0.77,1.23
2025-05-14 14:00:00-04:00,39.14,37.96,-0.0,1.18
2025-05-14 15:00:00-04:00,40.8,39.47,0.07,1.26
2025-05-14 16:00:00-04:00,45.1,41.24,2.54,1.32
2025-05-14 17:00:00-04:00,49.83,45.47,2.63,1.73
2025-05-14 18:00:00-04:00,50.4,48.7,-0.0,1.7
2025-05-14 19:00:00-04:00,54.21,52.43,-0.0,1.78
2025-05-14 20:00:00-04:00,54.33,51.16,1.38,1.79
2025-05-14 21:00:00-04:00,47.8,46.04,0.19,1.57
2025-05-14 22:00:00-04:00,40.6,35.95,3.18,1.47
2025-05-14 23:00:00-04:00,34.9,33.17999999999999,0.09,1.63
2025-05-15 00:00:00-04:00,34.76,28.449999999999996,5.0,1.31
2025-05-15 01:00:00-04:00,34.8,25.299999999999997,8.31,1.19
2025-05-15 02:00:00-04:00,31.2,25.64,4.33,1.23
2025-05-15 03:00:00-04:00,30.1,24.8,4.11,1.19
2025-05-15 04:00:00-04:00,31.76,24.570000000000004,6.04,1.15
2025-05-15 05:00:00-04:00,36.3,29.569999999999993,5.49,1.24
2025-05-15 06:00:00-04:00,41.1,36.84,2.94,1.32
2025-05-15 07:00:00-04:00,47.2,40.93000000000001,4.84,1.43
2025-05-15 08:00:00-04:00,45.97,42.08,2.42,1.47
2025-05-15 09:00:00-04:00,44.21,39.82,3.0,1.39
2025-05-15 10:00:00-04:00,42.68,37.57,3.83,1.28
2025-05-15 11:00:00-04:00,42.86,37.93,3.6,1.33
2025-05-15 12:00:00-04:00,41.77,35.64,4.85,1.28
2025-05-15 13:00:00-04:00,39.0,37.08,0.59,1.33
2025-05-15 14:00:00-04:00,40.2,38.92,-0.0,1.28
2025-05-15 15:00:00-04:00,41.33,39.97,-0.0,1.36
2025-05-15 16:00:00-04:00,44.99,43.43,-0.0,1.56
2025-05-15 17:00:00-04:00,49.4,47.87,-0.0,1.53
2025-05-15 18:00:00-04:00,53.7,52.34,-0.0,1.36
2025-05-15 19:00:00-04:00,56.74,55.41,-0.0,1.33
2025-05-15 20:00:00-04:00,56.85,55.41,-0.0,1.44
2025-05-15 21:00:00-04:00,49.0,47.71,-0.0,1.29
2025-05-15 22:00:00-04:00,42.0,40.54,-0.0,1.46
2025-05-15 23:00:00-04:00,36.85,35.71,-0.0,1.14
2025-05-16 00:00:00-04:00,33.62,32.739999999999995,-0.0,0.88
2025-05-16 01:00:00-04:00,32.75,28.14,3.34,1.27
2025-05-16 02:00:00-04:00,31.1,24.370000000000005,5.51,1.22
2025-05-16 03:00:00-04:00,30.1,22.01,6.99,1.1
2025-05-16 04:00:00-04:00,30.1,25.56,3.34,1.2
2025-05-16 05:00:00-04:00,33.3,31.789999999999996,0.52,0.99
2025-05-16 06:00:00-04:00,38.5,37.53,-0.0,0.97
2025-05-16 07:00:00-04:00,41.73,40.05,0.32,1.36
2025-05-16 08:00:00-04:00,41.08,40.47,-0.32,0.93
2025-05-16 09:00:00-04:00,40.07,39.28,-0.0,0.79
2025-05-16 10:00:00-04:00,39.0,38.54,-0.0,0.46
2025-05-16 11:00:00-04:00,38.96,38.54,-0.0,0.42
2025-05-16 12:00:00-04:00,37.97,37.52,0.11,0.34
2025-05-16 13:00:00-04:00,39.2,38.55,0.26,0.39
2025-05-16 14:00:00-04:00,40.37,39.62,0.47,0.28
2025-05-16 15:00:00-04:00,42.54,41.84,0.53,0.17
2025-05-16 16:00:00-04:00,50.6,49.7,-0.0,0.9
2025-05-16 17:00:00-04:00,54.9,54.25,0.05,0.6
2025-05-16 18:00:00-04:00,56.19,55.47,-0.0,0.72
2025-05-16 19:00:00-04:00,56.86,55.58,-0.0,1.28
2025-05-16 20:00:00-04:00,55.18,53.99,-0.0,1.19
2025-05-16 21:00:00-04:00,48.0,47.01,-0.0,0.99
2025-05-16 22:00:00-04:00,40.43,39.21,-0.0,1.22
2025-05-16 23:00:00-04:00,35.11,33.79,-0.0,1.32
2025-05-17 00:00:00-04:00,32.26,30.869999999999997,-0.0,1.39
2025-05-17 01:00:00-04:00,30.91,27.67,1.91,1.33
2025-05-17 02:00:00-04:00,30.46,26.02,3.19,1.25
2025-05-17 03:00:00-04:00,29.48,24.430000000000003,3.88,1.17
2025-05-17 04:00:00-04:00,29.9,24.449999999999996,4.28,1.17
2025-05-17 05:00:00-04:00,32.9,23.36,8.56,0.98
2025-05-17 06:00:00-04:00,33.9,25.11,7.74,1.05
2025-05-17 07:00:00-04:00,37.4,24.62,11.7,1.08
2025-05-17 08:00:00-04:00,37.05,22.419999999999995,13.67,0.96
2025-05-17 09:00:00-04:00,32.7,24.340000000000003,7.31,1.05
2025-05-17 10:00:00-04:00,37.3,25.959999999999994,10.25,1.09
2025-05-17 11:00:00-04:00,37.2,27.15,8.91,1.14
2025-05-17 12:00:00-04:00,36.6,27.430000000000003,8.02,1.15
2025-05-17 13:00:00-04:00,38.1,25.27,11.77,1.06
2025-05-17 14:00:00-04:00,38.29,22.74,14.57,0.98
2025-05-17 15:00:00-04:00,41.3,22.549999999999994,17.76,0.99
2025-05-17 16:00:00-04:00,45.8,27.85,16.73,1.22
2025-05-17 17:00:00-04:00,50.0,29.870000000000005,18.9,1.23
2025-05-17 18:00:00-04:00,54.6,30.77,22.63,1.2
2025-05-17 19:00:00-04:00,58.0,30.65,26.22,1.13
2025-05-17 20:00:00-04:00,56.1,34.68,20.07,1.35
2025-05-17 21:00:00-04:00,50.1,29.130000000000003,19.83,1.14
2025-05-17 22:00:00-04:00,41.86,32.18,8.43,1.25
2025-05-17 23:00:00-04:00,37.6,24.22,12.48,0.9
2025-05-18 00:00:00-04:00,33.0,16.439999999999998,15.82,0.74
2025-05-18 01:00:00-04:00,34.3,13.989999999999997,19.67,0.64
2025-05-18 02:00:00-04:00,29.3,12.77,15.94,0.59
2025-05-18 03:00:00-04:00,27.6,12.96,14.04,0.6
2025-05-18 04:00:00-04:00,27.8,11.170000000000002,16.11,0.52
2025-05-18 05:00:00-04:00,31.1,7.020000000000003,23.79,0.29
2025-05-18 06:00:00-04:00,31.1,10.200000000000005,20.49,0.41
2025-05-18 07:00:00-04:00,30.96,10.200000000000005,20.36,0.4
2025-05-18 08:00:00-04:00,26.5,9.5,16.63,0.37
2025-05-18 09:00:00-04:00,26.6,10.420000000000002,15.77,0.41
2025-05-18 10:00:00-04:00,25.6,10.630000000000004,14.54,0.43
2025-05-18 11:00:00-04:00,25.1,12.95,11.65,0.5
2025-05-18 12:00:00-04:00,27.5,14.9,12.05,0.55
2025-05-18 13:00:00-04:00,28.72,10.510000000000002,17.83,0.38
2025-05-18 14:00:00-04:00,29.65,12.939999999999998,16.26,0.45
2025-05-18 15:00:00-04:00,32.52,14.150000000000006,17.86,0.51
2025-05-18 16:00:00-04:00,37.74,16.37,20.73,0.64
2025-05-18 17:00:00-04:00,44.89,21.08,23.01,0.8
2025-05-18 18:00:00-04:00,52.8,20.969999999999995,30.99,0.84
2025-05-18 19:00:00-04:00,52.5,23.33,28.21,0.96
2025-05-18 20:00:00-04:00,52.1,24.11,27.0,0.99
2025-05-18 21:00:00-04:00,46.5,25.270000000000003,20.22,1.01
2025-05-18 22:00:00-04:00,39.4,28.749999999999993,9.56,1.09
2025-05-18 23:00:00-04:00,33.5,18.17,14.6,0.73
2025-05-19 00:00:00-04:00,27.0,22.89,3.15,0.96
2025-05-19 01:00:00-04:00,25.29,18.26,6.26,0.77
2025-05-19 02:00:00-04:00,24.1,16.830000000000002,6.56,0.71
2025-05-19 03:00:00-04:00,24.1,17.150000000000002,6.23,0.72
2025-05-19 04:00:00-04:00,25.1,16.42,7.99,0.69
2025-05-19 05:00:00-04:00,31.0,20.66,9.45,0.89
2025-05-19 06:00:00-04:00,34.2,29.680000000000003,3.27,1.25
2025-05-19 07:00:00-04:00,35.9,32.9,1.49,1.51
2025-05-19 08:00:00-04:00,30.12,30.23,-1.44,1.33
2025-05-19 09:00:00-04:00,27.27,28.1,-1.84,1.01
2025-05-19 10:00:00-04:00,28.7,30.15,-2.33,0.88
2025-05-19 11:00:00-04:00,29.5,31.54,-2.86,0.82
2025-05-19 12:00:00-04:00,29.0,30.75,-2.73,0.98
2025-05-19 13:00:00-04:00,27.85,29.19,-2.45,1.11
2025-05-19 14:00:00-04:00,26.7,25.98,-0.48,1.2
2025-05-19 15:00:00-04:00,27.18,28.28,-2.23,1.13
2025-05-19 16:00:00-04:00,33.93,36.29,-3.12,0.76
2025-05-19 17:00:00-04:00,42.59,45.71,-3.94,0.82
2025-05-19 18:00:00-04:00,49.5,52.27,-4.02,1.25
2025-05-19 19:00:00-04:00,47.41,46.69,-0.77,1.49
2025-05-19 20:00:00-04:00,47.87,47.3,-0.8,1.37
2025-05-19 21:00:00-04:00,39.99,39.21,-0.4,1.18
2025-05-19 22:00:00-04:00,33.08,32.4,-0.2,0.88
2025-05-19 23:00:00-04:00,30.01,29.25,-0.0,0.76
2025-05-20 00:00:00-04:00,26.59,25.97,-0.0,0.62
2025-05-20 01:00:00-04:00,24.0,23.39,-0.0,0.61
2025-05-20 02:00:00-04:00,22.92,22.270000000000003,-0.0,0.65
2025-05-20 03:00:00-04:00,22.38,21.79,-0.0,0.59
2025-05-20 04:00:00-04:00,23.78,23.200000000000003,-0.0,0.58
2025-05-20 05:00:00-04:00,28.23,27.65,-0.0,0.58
2025-05-20 06:00:00-04:00,35.05,34.33,-0.0,0.72
2025-05-20 07:00:00-04:00,36.2,35.39,-0.0,0.81
2025-05-20 08:00:00-04:00,30.16,29.51,-0.0,0.65
2025-05-20 09:00:00-04:00,26.76,26.21,-0.0,0.55
2025-05-20 10:00:00-04:00,27.78,27.08,-0.0,0.7
2025-05-20 11:00:00-04:00,27.24,26.6,-0.0,0.64
2025-05-20 12:00:00-04:00,27.3,26.66,-0.0,0.64
2025-05-20 13:00:00-04:00,28.21,27.5,-0.0,0.71
2025-05-20 14:00:00-04:00,28.3,27.69,-0.0,0.61
2025-05-20 15:00:00-04:00,29.0,28.29,-0.0,0.71
2025-05-20 16:00:00-04:00,31.29,30.69,-0.07,0.67
2025-05-20 17:00:00-04:00,36.4,35.54,-0.03,0.89
2025-05-20 18:00:00-04:00,45.16,44.29,-0.1,0.97
2025-05-20 19:00:00-04:00,47.46,46.77,-0.01,0.7
2025-05-20 20:00:00-04:00,50.5,49.669999999999995,-0.01,0.84
2025-05-20 21:00:00-04:00,40.88,40.080000000000005,-0.0,0.8
2025-05-20 22:00:00-04:00,33.24,32.59,-0.0,0.65
2025-05-20 23:00:00-04:00,29.88,29.32,-0.0,0.56
2025-05-21 00:00:00-04:00,27.28,26.64,-0.0,0.64
2025-05-21 01:00:00-04:00,24.8,24.01,-0.0,0.79
2025-05-21 02:00:00-04:00,23.57,22.82,-0.0,0.75
2025-05-21 03:00:00-04:00,22.67,21.09,0.89,0.69
2025-05-21 04:00:00-04:00,24.11,21.94,1.42,0.75
2025-05-21 05:00:00-04:00,25.52,24.71,-0.0,0.81
2025-05-21 06:00:00-04:00,32.62,30.69,0.83,1.1
2025-05-21 07:00:00-04:00,35.13,33.900000000000006,-0.02,1.25
2025-05-21 08:00:00-04:00,33.91,33.18,-0.06,0.79
2025-05-21 09:00:00-04:00,31.7,31.15,-0.13,0.68
2025-05-21 10:00:00-04:00,30.74,30.29,-0.01,0.46
2025-05-21 11:00:00-04:00,30.0,29.57,-0.01,0.44
2025-05-21 12:00:00-04:00,30.1,29.67,-0.16,0.59
2025-05-21 13:00:00-04:00,29.66,29.06,-0.1,0.7
2025-05-21 14:00:00-04:00,28.76,28.070000000000004,-0.01,0.7
2025-05-21 15:00:00-04:00,29.99,29.2,-0.0,0.79
2025-05-21 16:00:00-04:00,34.7,34.230000000000004,-0.11,0.58
2025-05-21 17:00:00-04:00,38.8,38.37,-0.26,0.69
2025-05-21 18:00:00-04:00,42.1,41.440000000000005,-0.38,1.04
2025-05-21 19:00:00-04:00,44.41,43.61,-0.38,1.18
2025-05-21 20:00:00-04:00,44.33,43.53,-0.38,1.18
2025-05-21 21:00:00-04:00,38.0,35.25,1.59,1.16
2025-05-21 22:00:00-04:00,31.82,28.84,1.91,1.07
2025-05-21 23:00:00-04:00,28.0,26.23,0.75,1.02
2025-05-22 00:00:00-04:00,32.7,25.03,6.67,1.0
2025-05-22 01:00:00-04:00,28.5,19.28,8.45,0.77
2025-05-22 02:00:00-04:00,27.8,17.580000000000002,9.48,0.74
2025-05-22 03:00:00-04:00,25.8,18.1,6.94,0.76
2025-05-22 04:00:00-04:00,26.5,20.41,5.29,0.8
2025-05-22 05:00:00-04:00,30.7,24.68,5.13,0.89
2025-05-22 06:00:00-04:00,38.0,29.139999999999997,7.84,1.02
2025-05-22 07:00:00-04:00,45.0,33.57,10.26,1.17
2025-05-22 08:00:00-04:00,39.42,38.35,-0.0,1.07
2025-05-22 09:00:00-04:00,38.0,36.83,-0.04,1.21
2025-05-22 10:00:00-04:00,37.88,36.68,-0.05,1.25
2025-05-22 11:00:00-04:00,37.56,36.55,-0.19,1.2
2025-05-22 12:00:00-04:00,35.38,34.440000000000005,-0.13,1.07
2025-05-22 13:00:00-04:00,35.3,33.74999999999999,0.27,1.28
2025-05-22 14:00:00-04:00,34.34,33.10000000000001,-0.02,1.26
2025-05-22 15:00:00-04:00,34.67,33.61,-0.25,1.31
2025-05-22 16:00:00-04:00,37.28,36.43,-0.32,1.17
2025-05-22 17:00:00-04:00,43.94,43.28,-0.46,1.12
2025-05-22 18:00:00-04:00,45.75,44.93,-0.35,1.17
2025-05-22 19:00:00-04:00,45.6,44.6,-0.16,1.16
2025-05-22 20:00:00-04:00,47.52,46.50000000000001,-0.14,1.16
2025-05-22 21:00:00-04:00,39.9,39.35,-0.0,0.55
2025-05-22 22:00:00-04:00,33.5,32.949999999999996,-0.01,0.56
2025-05-22 23:00:00-04:00,30.99,30.26,-0.0,0.73
2025-05-23 00:00:00-04:00,31.7,27.47,3.32,0.91
2025-05-23 01:00:00-04:00,27.5,24.84,1.77,0.89
2025-05-23 02:00:00-04:00,26.7,22.71,3.13,0.86
2025-05-23 03:00:00-04:00,25.1,21.19,3.13,0.78
2025-05-23 04:00:00-04:00,26.2,24.19,1.19,0.82
2025-05-23 05:00:00-04:00,29.5,28.25,0.57,0.68
2025-05-23 06:00:00-04:00,37.0,33.839999999999996,2.28,0.88
2025-05-23 07:00:00-04:00,39.66,39.029999999999994,-0.15,0.78
2025-05-23 08:00:00-04:00,40.04,39.69,-0.16,0.51
2025-05-23 09:00:00-04:00,37.22,37.13,-0.17,0.26
2025-05-23 10:00:00-04:00,36.5,36.27,-0.24,0.47
2025-05-23 11:00:00-04:00,34.78,34.6,-0.24,0.42
2025-05-23 12:00:00-04:00,34.08,33.910000000000004,-0.24,0.41
2025-05-23 13:00:00-04:00,33.23,32.91,-0.17,0.49
2025-05-23 14:00:00-04:00,32.72,32.379999999999995,-0.11,0.45
2025-05-23 15:00:00-04:00,32.77,32.540000000000006,-0.13,0.36
2025-05-23 16:00:00-04:00,34.0,34.3,-0.54,0.24
2025-05-23 17:00:00-04:00,40.45,39.36000000000001,0.54,0.55
2025-05-23 18:00:00-04:00,41.6,41.07,-0.0,0.53
2025-05-23 19:00:00-04:00,44.32,43.75,-0.0,0.57
2025-05-23 20:00:00-04:00,45.6,45.15,-0.0,0.45
2025-05-23 21:00:00-04:00,40.19,39.88,-0.13,0.44
2025-05-23 22:00:00-04:00,34.4,34.19,-0.1,0.31
2025-05-23 23:00:00-04:00,31.54,31.13,-0.06,0.47
2025-05-24 00:00:00-04:00,30.76,30.25,-0.09,0.6
2025-05-24 01:00:00-04:00,25.94,25.23,-0.0,0.71
2025-05-24 02:00:00-04:00,25.15,23.18,1.14,0.83
2025-05-24 03:00:00-04:00,23.93,21.12,2.07,0.74
2025-05-24 04:00:00-04:00,24.34,23.68,-0.0,0.66
2025-05-24 05:00:00-04:00,25.77,24.87,0.18,0.72
2025-05-24 06:00:00-04:00,30.14,26.12,3.37,0.65
2025-05-24 07:00:00-04:00,31.0,27.08,3.27,0.65
2025-05-24 08:00:00-04:00,27.44,26.93,-0.0,0.51
2025-05-24 09:00:00-04:00,27.81,27.29,-0.0,0.52
2025-05-24 10:00:00-04:00,28.01,27.67,-0.1,0.44
2025-05-24 11:00:00-04:00,27.43,26.94,-0.0,0.49
2025-05-24 12:00:00-04:00,27.13,26.68,-0.0,0.45
2025-05-24 13:00:00-04:00,25.9,25.459999999999997,-0.02,0.46
2025-05-24 14:00:00-04:00,25.59,25.29,-0.08,0.38
2025-05-24 15:00:00-04:00,26.24,25.92,-0.09,0.41
2025-05-24 16:00:00-04:00,28.01,27.93,-0.31,0.39
2025-05-24 17:00:00-04:00,32.49,31.98,-0.0,0.51
2025-05-24 18:00:00-04:00,38.06,37.46,-0.0,0.6
2025-05-24 19:00:00-04:00,43.35,42.67,-0.0,0.68
2025-05-24 20:00:00-04:00,46.26,45.53,-0.0,0.73
2025-05-24 21:00:00-04:00,40.35,39.79,-0.0,0.56
2025-05-24 22:00:00-04:00,32.97,32.449999999999996,-0.0,0.52
2025-05-24 23:00:00-04:00,28.26,27.79,-0.06,0.53
2025-05-25 00:00:00-04:00,25.0,24.46,-0.0,0.54
2025-05-25 01:00:00-04:00,22.26,21.72,-0.0,0.54
2025-05-25 02:00:00-04:00,19.93,19.43,-0.0,0.5
2025-05-25 03:00:00-04:00,19.42,18.930000000000003,-0.0,0.49
2025-05-25 04:00:00-04:00,21.24,20.76,-0.0,0.48
2025-05-25 05:00:00-04:00,21.96,21.47,-0.0,0.49
2025-05-25 06:00:00-04:00,23.5,22.93,-0.0,0.57
2025-05-25 07:00:00-04:00,22.49,22.049999999999997,-0.0,0.44
2025-05-25 08:00:00-04:00,21.34,21.07,-0.0,0.27
2025-05-25 09:00:00-04:00,19.6,19.31,-0.0,0.29
2025-05-25 10:00:00-04:00,20.13,19.76,-0.0,0.37
2025-05-25 11:00:00-04:00,19.44,19.040000000000003,-0.0,0.4
2025-05-25 12:00:00-04:00,19.55,19.15,-0.0,0.4
2025-05-25 13:00:00-04:00,18.6,18.18,-0.0,0.42
2025-05-25 14:00:00-04:00,19.3,18.88,-0.0,0.42
2025-05-25 15:00:00-04:00,20.42,19.99,-0.03,0.46
2025-05-25 16:00:00-04:00,22.24,21.75,-0.01,0.5
2025-05-25 17:00:00-04:00,30.6,26.08,3.89,0.63
2025-05-25 18:00:00-04:00,35.1,32.830000000000005,1.51,0.76
2025-05-25 19:00:00-04:00,40.4,39.08,0.5,0.82
2025-05-25 20:00:00-04:00,41.89,41.31,-0.0,0.58
2025-05-25 21:00:00-04:00,36.77,36.23,-0.0,0.54
2025-05-25 22:00:00-04:00,30.43,30.03,-0.08,0.48
2025-05-25 23:00:00-04:00,25.45,25.209999999999997,-0.04,0.28
2025-05-26 00:00:00-04:00,23.1,22.6,-0.06,0.56
2025-05-26 01:00:00-04:00,21.5,20.59,0.17,0.74
2025-05-26 02:00:00-04:00,20.1,18.25,1.17,0.68
2025-05-26 03:00:00-04:00,20.0,17.46,1.93,0.61
2025-05-26 04:00:00-04:00,20.8,20.25,-0.0,0.55
2025-05-26 05:00:00-04:00,22.82,22.37,-0.0,0.45
2025-05-26 06:00:00-04:00,25.29,24.67,-0.0,0.62
2025-05-26 07:00:00-04:00,23.61,23.03,-0.0,0.58
2025-05-26 08:00:00-04:00,20.89,20.48,-0.0,0.41
2025-05-26 09:00:00-04:00,18.83,18.44,-0.0,0.39
2025-05-26 10:00:00-04:00,19.32,18.96,-0.0,0.36
2025-05-26 11:00:00-04:00,19.32,18.98,-0.0,0.34
2025-05-26 12:00:00-04:00,19.67,19.32,-0.0,0.35
2025-05-26 13:00:00-04:00,19.51,19.180000000000003,-0.03,0.36
2025-05-26 14:00:00-04:00,19.62,19.22,-0.0,0.4
2025-05-26 15:00:00-04:00,20.67,20.32,-0.04,0.39
2025-05-26 16:00:00-04:00,23.71,23.369999999999997,-0.08,0.42
2025-05-26 17:00:00-04:00,29.28,29.540000000000003,-0.67,0.41
2025-05-26 18:00:00-04:00,36.53,36.61000000000001,-0.52,0.44
2025-05-26 19:00:00-04:00,41.76,41.059999999999995,-0.0,0.7
2025-05-26 20:00:00-04:00,46.08,45.91,-0.34,0.51
2025-05-26 21:00:00-04:00,38.33,38.16,-0.32,0.49
2025-05-26 22:00:00-04:00,31.82,31.360000000000003,-0.01,0.47
2025-05-26 23:00:00-04:00,26.1,25.68,-0.04,0.46
2025-05-27 00:00:00-04:00,23.07,22.31,-0.0,0.76
2025-05-27 01:00:00-04:00,21.34,19.049999999999997,1.6,0.69
2025-05-27 02:00:00-04:00,20.84,17.22,3.0,0.62
2025-05-27 03:00:00-04:00,20.6,16.150000000000002,3.89,0.56
2025-05-27 04:00:00-04:00,21.21,17.580000000000002,3.0,0.63
2025-05-27 05:00:00-04:00,24.2,23.25,0.39,0.56
2025-05-27 06:00:00-04:00,30.81,30.24,-0.0,0.57
2025-05-27 07:00:00-04:00,33.73,33.26,-0.0,0.47
2025-05-27 08:00:00-04:00,28.63,28.57,-0.0,0.06
2025-05-27 09:00:00-04:00,25.12,25.15,-0.0,-0.03
2025-05-27 10:00:00-04:00,24.14,24.12,-0.0,0.02
2025-05-27 11:00:00-04:00,24.38,24.38,-0.0,0.0
2025-05-27 12:00:00-04:00,24.89,24.74,-0.0,0.15
2025-05-27 13:00:00-04:00,26.1,26.020000000000003,-0.0,0.08
2025-05-27 14:00:00-04:00,27.72,27.75,-0.0,-0.03
2025-05-27 15:00:00-04:00,28.68,28.62,-0.0,0.06
2025-05-27 16:00:00-04:00,32.28,32.15,-0.0,0.13
2025-05-27 17:00:00-04:00,38.75,38.48,-0.0,0.27
2025-05-27 18:00:00-04:00,46.27,45.68,-0.0,0.59
2025-05-27 19:00:00-04:00,47.98,47.37,-0.0,0.61
2025-05-27 20:00:00-04:00,48.45,47.64,-0.0,0.81
2025-05-27 21:00:00-04:00,40.0,39.52,-0.0,0.48
2025-05-27 22:00:00-04:00,31.67,30.87,-0.0,0.8
2025-05-27 23:00:00-04:00,26.0,25.19,-0.0,0.81
2025-05-28 00:00:00-04:00,26.0,25.27,-0.0,0.73
2025-05-28 01:00:00-04:00,23.13,22.43,-0.0,0.7
2025-05-28 02:00:00-04:00,21.8,20.49,0.57,0.74
2025-05-28 03:00:00-04:00,21.5,19.36,1.44,0.7
2025-05-28 04:00:00-04:00,22.1,19.53,1.85,0.72
2025-05-28 05:00:00-04:00,24.7,22.86,1.04,0.8
2025-05-28 06:00:00-04:00,32.71,28.54,3.37,0.8
2025-05-28 07:00:00-04:00,36.67,35.78,-0.0,0.89
2025-05-28 08:00:00-04:00,35.2,34.550000000000004,-0.0,0.65
2025-05-28 09:00:00-04:00,33.72,33.29,-0.0,0.43
2025-05-28 10:00:00-04:00,33.63,33.13,-0.0,0.5
2025-05-28 11:00:00-04:00,33.27,32.650000000000006,-0.0,0.62
2025-05-28 12:00:00-04:00,32.17,31.57,-0.0,0.6
2025-05-28 13:00:00-04:00,32.64,32.06,-0.0,0.58
2025-05-28 14:00:00-04:00,32.07,31.38,-0.0,0.69
2025-05-28 15:00:00-04:00,33.94,33.239999999999995,-0.0,0.7
2025-05-28 16:00:00-04:00,38.88,38.16,-0.0,0.72
2025-05-28 17:00:00-04:00,47.5,44.07,2.29,1.14
2025-05-28 18:00:00-04:00,53.5,43.620000000000005,8.44,1.44
2025-05-28 19:00:00-04:00,56.49,42.690000000000005,12.43,1.37
2025-05-28 20:00:00-04:00,57.75,47.36,8.88,1.51
2025-05-28 21:00:00-04:00,45.84,39.83,4.74,1.27
2025-05-28 22:00:00-04:00,35.6,30.5,3.85,1.25
2025-05-28 23:00:00-04:00,31.0,25.57,4.15,1.28
2025-05-29 00:00:00-04:00,32.1,23.94,6.94,1.22
2025-05-29 01:00:00-04:00,29.2,20.299999999999997,7.85,1.05
2025-05-29 02:00:00-04:00,27.0,17.95,8.14,0.91
2025-05-29 03:00:00-04:00,25.94,17.32,7.74,0.88
2025-05-29 04:00:00-04:00,27.59,16.62,10.11,0.86
2025-05-29 05:00:00-04:00,34.4,23.839999999999996,9.39,1.17
2025-05-29 06:00:00-04:00,34.6,30.33,3.21,1.06
2025-05-29 07:00:00-04:00,43.2,34.3,7.73,1.17
2025-05-29 08:00:00-04:00,39.55,37.17999999999999,1.03,1.34
2025-05-29 09:00:00-04:00,38.97,35.88,1.76,1.33
2025-05-29 10:00:00-04:00,40.8,36.08,3.42,1.3
2025-05-29 11:00:00-04:00,39.44,35.96,2.19,1.29
2025-05-29 12:00:00-04:00,38.99,34.760000000000005,2.98,1.25
2025-05-29 13:00:00-04:00,38.9,34.06,3.62,1.22
2025-05-29 14:00:00-04:00,38.2,33.040000000000006,3.97,1.19
2025-05-29 15:00:00-04:00,36.3,32.11,2.97,1.22
2025-05-29 16:00:00-04:00,35.74,34.53,-0.0,1.21
2025-05-29 17:00:00-04:00,43.0,37.95,3.61,1.44
2025-05-29 18:00:00-04:00,43.1,39.28,2.48,1.34
2025-05-29 19:00:00-04:00,50.4,41.86,7.08,1.46
2025-05-29 20:00:00-04:00,50.9,44.4,4.95,1.55
2025-05-29 21:00:00-04:00,44.5,38.93,4.17,1.4
2025-05-29 22:00:00-04:00,34.73,33.059999999999995,0.18,1.49
2025-05-29 23:00:00-04:00,30.87,29.57,-0.18,1.48
2025-05-30 00:00:00-04:00,27.52,25.99,-0.0,1.53
2025-05-30 01:00:00-04:00,24.51,22.89,0.18,1.44
2025-05-30 02:00:00-04:00,21.5,20.24,-0.0,1.26
2025-05-30 03:00:00-04:00,21.01,19.610000000000003,0.18,1.22
2025-05-30 04:00:00-04:00,21.4,20.13,-0.0,1.27
2025-05-30 05:00:00-04:00,24.1,22.69,-0.0,1.41
2025-05-30 06:00:00-04:00,30.76,29.43,-0.0,1.33
2025-05-30 07:00:00-04:00,34.74,33.47,-0.0,1.27
2025-05-30 08:00:00-04:00,34.0,32.82,-0.0,1.18
2025-05-30 09:00:00-04:00,32.28,30.98,-0.0,1.3
2025-05-30 10:00:00-04:00,30.88,29.64,-0.0,1.24
2025-05-30 11:00:00-04:00,31.48,29.84,0.45,1.19
2025-05-30 12:00:00-04:00,30.83,28.2,1.47,1.16
2025-05-30 13:00:00-04:00,32.0,29.02,1.79,1.19
2025-05-30 14:00:00-04:00,32.82,30.08,1.6,1.14
2025-05-30 15:00:00-04:00,33.0,29.96,1.9,1.14
2025-05-30 16:00:00-04:00,35.54,32.87,1.35,1.32
2025-05-30 17:00:00-04:00,41.72,39.67,0.54,1.51
2025-05-30 18:00:00-04:00,45.1,42.9,0.7,1.5
2025-05-30 19:00:00-04:00,45.67,43.84,0.34,1.49
2025-05-30 20:00:00-04:00,45.41,43.96999999999999,-0.23,1.67
2025-05-30 21:00:00-04:00,40.29,40.09,-1.32,1.52
2025-05-30 22:00:00-04:00,35.64,34.3,-0.0,1.34
2025-05-30 23:00:00-04:00,31.88,30.619999999999997,-0.0,1.26
2025-05-31 00:00:00-04:00,28.14,26.65,-0.0,1.49
2025-05-31 01:00:00-04:00,23.55,22.09,0.16,1.3
2025-05-31 02:00:00-04:00,21.57,20.03,0.34,1.2
2025-05-31 03:00:00-04:00,20.07,18.93,-0.0,1.14
2025-05-31 04:00:00-04:00,21.19,20.03,-0.0,1.16
2025-05-31 05:00:00-04:00,21.84,20.6,-0.0,1.24
2025-05-31 06:00:00-04:00,23.39,22.36,-0.24,1.27
2025-05-31 07:00:00-04:00,24.0,22.67,0.24,1.09
2025-05-31 08:00:00-04:00,27.83,26.79,-0.0,1.04
2025-05-31 09:00:00-04:00,27.84,26.69,0.03,1.12
2025-05-31 10:00:00-04:00,28.75,27.59,-0.03,1.19
2025-05-31 11:00:00-04:00,28.38,27.08,-0.0,1.3
2025-05-31 12:00:00-04:00,26.88,25.58,-0.0,1.3
2025-05-31 13:00:00-04:00,25.44,24.16,-0.0,1.28
2025-05-31 14:00:00-04:00,25.38,23.209999999999997,0.8,1.37
2025-05-31 15:00:00-04:00,26.19,20.73,4.13,1.33
2025-05-31 16:00:00-04:00,26.82,23.51,1.88,1.43
2025-05-31 17:00:00-04:00,31.93,25.93,4.36,1.64
2025-05-31 18:00:00-04:00,35.77,27.4,6.53,1.84
2025-05-31 19:00:00-04:00,38.77,28.850000000000005,8.05,1.87
2025-05-31 20:00:00-04:00,36.48,29.56,5.06,1.86
2025-05-31 21:00:00-04:00,35.65,30.78,3.27,1.6
2025-05-31 22:00:00-04:00,28.66,26.72,0.5,1.44
2025-05-31 23:00:00-04:00,25.42,24.21,-0.0,1.21
2025-06-01 00:00:00-04:00,22.68,21.13,0.18,1.37
2025-06-01 01:00:00-04:00,20.94,18.41,1.32,1.21
2025-06-01 02:00:00-04:00,19.41,15.19,3.23,0.99
2025-06-01 03:00:00-04:00,18.43,14.849999999999998,2.62,0.96
2025-06-01 04:00:00-04:00,18.74,15.93,1.77,1.04
2025-06-01 05:00:00-04:00,19.69,14.49,4.24,0.96
2025-06-01 06:00:00-04:00,20.19,17.62,1.39,1.18
2025-06-01 07:00:00-04:00,21.17,14.130000000000004,6.09,0.95
2025-06-01 08:00:00-04:00,19.92,11.91,7.21,0.8
2025-06-01 09:00:00-04:00,20.3,8.89,10.82,0.59
2025-06-01 10:00:00-04:00,18.93,13.43,4.61,0.89
2025-06-01 11:00:00-04:00,18.65,13.509999999999998,4.27,0.87
2025-06-01 12:00:00-04:00,18.69,12.890000000000004,4.97,0.83
2025-06-01 13:00:00-04:00,19.0,8.700000000000001,9.74,0.56
2025-06-01 14:00:00-04:00,18.99,8.199999999999998,10.26,0.53
2025-06-01 15:00:00-04:00,19.45,9.000000000000002,9.87,0.58
2025-06-01 16:00:00-04:00,21.42,15.620000000000005,4.83,0.97
2025-06-01 17:00:00-04:00,26.04,16.21,8.81,1.02
2025-06-01 18:00:00-04:00,31.53,24.130000000000003,6.02,1.38
2025-06-01 19:00:00-04:00,34.51,27.99,5.01,1.51
2025-06-01 20:00:00-04:00,34.92,33.160000000000004,0.07,1.69
2025-06-01 21:00:00-04:00,31.72,30.41,-0.0,1.31
2025-06-01 22:00:00-04:00,27.63,26.41,-0.0,1.22
2025-06-01 23:00:00-04:00,22.76,21.55,-0.0,1.21
2025-06-02 00:00:00-04:00,22.28,20.25,0.75,1.28
2025-06-02 01:00:00-04:00,20.4,17.959999999999997,1.34,1.1
2025-06-02 02:00:00-04:00,19.53,15.840000000000003,2.79,0.9
2025-06-02 03:00:00-04:00,18.2,15.83,1.47,0.9
2025-06-02 04:00:00-04:00,20.3,16.65,2.62,1.03
2025-06-02 05:00:00-04:00,23.54,20.799999999999997,1.53,1.21
2025-06-02 06:00:00-04:00,28.1,26.860000000000003,-0.0,1.24
2025-06-02 07:00:00-04:00,30.79,29.64,-0.0,1.15
2025-06-02 08:00:00-04:00,26.88,25.869999999999997,-0.0,1.01
2025-06-02 09:00:00-04:00,22.16,21.25,-0.0,0.91
2025-06-02 10:00:00-04:00,21.5,20.55,-0.0,0.95
2025-06-02 11:00:00-04:00,21.21,20.2,-0.0,1.01
2025-06-02 12:00:00-04:00,21.68,20.65,-0.0,1.03
2025-06-02 13:00:00-04:00,22.44,21.37,-0.0,1.07
2025-06-02 14:00:00-04:00,22.85,21.68,-0.0,1.17
2025-06-02 15:00:00-04:00,23.74,22.52,-0.0,1.22
2025-06-02 16:00:00-04:00,27.9,26.619999999999997,-0.0,1.28
2025-06-02 17:00:00-04:00,32.8,31.209999999999997,-0.0,1.59
2025-06-02 18:00:00-04:00,38.5,36.67,-0.0,1.83
2025-06-02 19:00:00-04:00,43.51,41.6,-0.0,1.91
2025-06-02 20:00:00-04:00,45.3,43.349999999999994,-0.0,1.95
2025-06-02 21:00:00-04:00,38.72,37.09,-0.0,1.63
2025-06-02 22:00:00-04:00,30.42,29.14,-0.0,1.28
2025-06-02 23:00:00-04:00,25.21,23.96,-0.0,1.25
2025-06-03 00:00:00-04:00,20.91,19.69,-0.0,1.22
2025-06-03 01:00:00-04:00,17.23,16.21,-0.0,1.02
2025-06-03 02:00:00-04:00,16.65,15.71,-0.0,0.94
2025-06-03 03:00:00-04:00,15.93,15.03,-0.0,0.9
2025-06-03 04:00:00-04:00,17.18,16.24,-0.0,0.94
2025-06-03 05:00:00-04:00,21.56,20.5,-0.0,1.06
2025-06-03 06:00:00-04:00,26.85,25.67,-0.0,1.18
2025-06-03 07:00:00-04:00,28.24,27.209999999999997,-0.0,1.03
2025-06-03 08:00:00-04:00,26.68,25.83,-0.0,0.85
2025-06-03 09:00:00-04:00,23.17,22.430000000000003,-0.0,0.74
2025-06-03 10:00:00-04:00,23.63,22.92,-0.0,0.71
2025-06-03 11:00:00-04:00,23.42,22.65,-0.0,0.77
2025-06-03 12:00:00-04:00,24.46,23.68,-0.0,0.78
2025-06-03 13:00:00-04:00,25.91,25.06,-0.0,0.85
2025-06-03 14:00:00-04:00,27.96,27.07,-0.0,0.89
2025-06-03 15:00:00-04:00,28.85,28.33,-0.41,0.93
2025-06-03 16:00:00-04:00,31.44,32.78,-2.49,1.15
2025-06-03 17:00:00-04:00,42.7,42.8,-1.47,1.37
2025-06-03 18:00:00-04:00,50.12,51.92,-3.41,1.61
2025-06-03 19:00:00-04:00,50.73,52.37,-3.27,1.63
2025-06-03 20:00:00-04:00,48.45,46.82,-0.01,1.64
2025-06-03 21:00:00-04:00,42.1,38.28,2.52,1.3
2025-06-03 22:00:00-04:00,31.0,29.93,-0.37,1.44
2025-06-03 23:00:00-04:00,26.0,26.54,-2.16,1.62
2025-06-04 00:00:00-04:00,26.0,12.93,11.77,1.3
2025-06-04 01:00:00-04:00,22.9,11.739999999999998,9.96,1.2
2025-06-04 02:00:00-04:00,21.6,10.660000000000002,9.88,1.06
2025-06-04 03:00:00-04:00,20.9,10.01,9.9,0.99
2025-06-04 04:00:00-04:00,22.4,10.329999999999998,11.05,1.02
2025-06-04 05:00:00-04:00,25.7,14.33,9.94,1.43
2025-06-04 06:00:00-04:00,32.0,23.880000000000003,5.97,2.15
2025-06-04 07:00:00-04:00,34.74,29.11,3.22,2.41
2025-06-04 08:00:00-04:00,30.39,28.32,-0.0,2.07
2025-06-04 09:00:00-04:00,28.9,27.06,-0.0,1.84
2025-06-04 10:00:00-04:00,31.22,29.48,-0.0,1.74
2025-06-04 11:00:00-04:00,32.72,30.93,-0.0,1.79
2025-06-04 12:00:00-04:00,34.62,32.75,-0.0,1.87
2025-06-04 13:00:00-04:00,37.7,38.01,-2.4,2.09
2025-06-04 14:00:00-04:00,39.01,38.74999999999999,-1.91,2.17
2025-06-04 15:00:00-04:00,42.14,40.29,-0.0,1.85
2025-06-04 16:00:00-04:00,46.66,44.559999999999995,-0.0,2.1
2025-06-04 17:00:00-04:00,56.58,53.43,-0.0,3.15
2025-06-04 18:00:00-04:00,62.79,58.629999999999995,-0.0,4.16
2025-06-04 19:00:00-04:00,62.0,56.31,1.58,4.11
2025-06-04 20:00:00-04:00,59.34,56.32,-0.3,3.32
2025-06-04 21:00:00-04:00,52.9,47.279999999999994,3.21,2.41
2025-06-04 22:00:00-04:00,42.12,39.96999999999999,-0.01,2.16
2025-06-04 23:00:00-04:00,37.0,34.91,-0.0,2.09
2025-06-05 00:00:00-04:00,31.75,29.65,-0.0,2.1
2025-06-05 01:00:00-04:00,29.4,23.879999999999995,3.42,2.1
2025-06-05 02:00:00-04:00,27.3,21.799999999999997,3.67,1.83
2025-06-05 03:00:00-04:00,25.64,20.92,3.03,1.69
2025-06-05 04:00:00-04:00,27.0,21.42,3.89,1.69
2025-06-05 05:00:00-04:00,26.79,25.18,-0.0,1.61
2025-06-05 06:00:00-04:00,33.0,30.31,0.93,1.76
2025-06-05 07:00:00-04:00,40.5,30.82,7.96,1.72
2025-06-05 08:00:00-04:00,37.12,32.21999999999999,3.13,1.77
2025-06-05 09:00:00-04:00,33.94,32.32,-0.0,1.62
2025-06-05 10:00:00-04:00,37.23,35.459999999999994,-0.0,1.77
2025-06-05 11:00:00-04:00,37.97,37.7,-1.84,2.11
2025-06-05 12:00:00-04:00,40.64,40.14,-1.67,2.17
2025-06-05 13:00:00-04:00,44.21,44.24,-2.51,2.48
2025-06-05 14:00:00-04:00,46.39,46.34,-2.59,2.64
2025-06-05 15:00:00-04:00,48.63,45.970000000000006,-0.1,2.76
2025-06-05 16:00:00-04:00,56.67,50.07,3.7,2.9
2025-06-05 17:00:00-04:00,76.0,55.8,16.3,3.9
2025-06-05 18:00:00-04:00,80.1,56.07,19.82,4.21
2025-06-05 19:00:00-04:00,74.4,55.74,15.26,3.4
2025-06-05 20:00:00-04:00,68.42,48.88000000000001,16.8,2.74
2025-06-05 21:00:00-04:00,58.09,44.25,11.67,2.17
2025-06-05 22:00:00-04:00,49.0,39.29,7.71,2.0
2025-06-05 23:00:00-04:00,40.15,37.88999999999999,-0.01,2.27
2025-06-06 00:00:00-04:00,38.16,35.629999999999995,-0.0,2.53
2025-06-06 01:00:00-04:00,33.82,29.16,2.27,2.39
2025-06-06 02:00:00-04:00,31.08,26.0,3.0,2.08
2025-06-06 03:00:00-04:00,30.04,24.05,3.95,2.04
2025-06-06 04:00:00-04:00,30.51,24.13,4.3,2.08
2025-06-06 05:00:00-04:00,33.3,28.28,2.76,2.26
2025-06-06 06:00:00-04:00,37.21,35.1,-0.0,2.11
2025-06-06 07:00:00-04:00,47.41,35.64999999999999,9.73,2.03
2025-06-06 08:00:00-04:00,43.35,36.43000000000001,4.77,2.15
2025-06-06 09:00:00-04:00,39.93,39.95,-2.38,2.36
2025-06-06 10:00:00-04:00,41.23,40.55,-1.71,2.39
2025-06-06 11:00:00-04:00,42.74,44.34,-4.13,2.53
2025-06-06 12:00:00-04:00,44.14,43.69,-2.22,2.67
2025-06-06 13:00:00-04:00,48.93,46.72,-0.78,2.99
2025-06-06 14:00:00-04:00,45.8,43.24,-0.17,2.73
2025-06-06 15:00:00-04:00,48.76,45.919999999999995,-0.33,3.17
2025-06-06 16:00:00-04:00,50.5,47.34,-0.01,3.17
2025-06-06 17:00:00-04:00,62.7,54.89,3.97,3.84
2025-06-06 18:00:00-04:00,65.03,51.67,10.05,3.31
2025-06-06 19:00:00-04:00,62.51,45.46,14.37,2.68
2025-06-06 20:00:00-04:00,58.9,42.73,13.86,2.31
2025-06-06 21:00:00-04:00,52.94,41.11,9.78,2.05
2025-06-06 22:00:00-04:00,44.27,38.49,3.82,1.96
2025-06-06 23:00:00-04:00,38.27,36.21,-0.0,2.06
2025-06-07 00:00:00-04:00,39.53,37.29,-0.0,2.24
2025-06-07 01:00:00-04:00,30.44,28.42,-0.0,2.02
2025-06-07 02:00:00-04:00,27.9,25.58,0.43,1.89
2025-06-07 03:00:00-04:00,26.8,24.81,0.18,1.81
2025-06-07 04:00:00-04:00,26.23,24.39,0.06,1.78
2025-06-07 05:00:00-04:00,28.4,24.84,1.82,1.74
2025-06-07 06:00:00-04:00,28.6,26.32,0.3,1.98
2025-06-07 07:00:00-04:00,27.65,25.51,-0.0,2.14
2025-06-07 08:00:00-04:00,31.25,28.96,-0.0,2.29
2025-06-07 09:00:00-04:00,33.37,31.069999999999997,-0.0,2.3
2025-06-07 10:00:00-04:00,31.95,29.8,-0.0,2.15
2025-06-07 11:00:00-04:00,30.39,28.43,-0.0,1.96
2025-06-07 12:00:00-04:00,31.3,29.14,-0.0,2.16
2025-06-07 13:00:00-04:00,31.89,29.69,-0.0,2.2
2025-06-07 14:00:00-04:00,32.26,27.479999999999997,2.69,2.09
2025-06-07 15:00:00-04:00,33.21,26.45,4.64,2.12
2025-06-07 16:00:00-04:00,37.28,33.58,1.21,2.49
2025-06-07 17:00:00-04:00,41.11,38.31,-0.0,2.8
2025-06-07 18:00:00-04:00,46.54,43.5,-0.0,3.04
2025-06-07 19:00:00-04:00,45.78,43.02,-0.0,2.76
2025-06-07 20:00:00-04:00,42.11,39.39,-0.0,2.72
2025-06-07 21:00:00-04:00,38.49,36.35,-0.0,2.14
2025-06-07 22:00:00-04:00,35.51,33.6,-0.0,1.91
2025-06-07 23:00:00-04:00,32.96,31.06,-0.0,1.9
2025-06-08 00:00:00-04:00,32.35,30.610000000000003,-0.0,1.74
2025-06-08 01:00:00-04:00,29.0,26.130000000000003,1.15,1.72
2025-06-08 02:00:00-04:00,27.3,23.89,1.86,1.55
2025-06-08 03:00:00-04:00,27.4,23.369999999999997,2.51,1.52
2025-06-08 04:00:00-04:00,26.1,24.58,-0.0,1.52
2025-06-08 05:00:00-04:00,28.0,24.49,1.97,1.54
2025-06-08 06:00:00-04:00,29.0,25.61,1.7,1.69
2025-06-08 07:00:00-04:00,25.0,20.45,2.94,1.61
2025-06-08 08:00:00-04:00,22.88,20.87,0.36,1.65
2025-06-08 09:00:00-04:00,22.55,21.03,-0.0,1.52
2025-06-08 10:00:00-04:00,24.5,23.01,-0.0,1.49
2025-06-08 11:00:00-04:00,25.66,24.14,-0.0,1.52
2025-06-08 12:00:00-04:00,27.14,25.73,-0.0,1.41
2025-06-08 13:00:00-04:00,28.56,27.07,-0.0,1.49
2025-06-08 14:00:00-04:00,29.93,28.37,-0.0,1.56
2025-06-08 15:00:00-04:00,30.23,28.66,-0.0,1.57
2025-06-08 16:00:00-04:00,33.06,31.28,-0.0,1.78
2025-06-08 17:00:00-04:00,38.8,36.599999999999994,-0.0,2.2
2025-06-08 18:00:00-04:00,44.63,42.59,-0.0,2.04
2025-06-08 19:00:00-04:00,44.1,41.64,-0.0,2.46
2025-06-08 20:00:00-04:00,42.85,40.2,-0.0,2.65
2025-06-08 21:00:00-04:00,38.9,36.91,-0.0,1.99
2025-06-08 22:00:00-04:00,34.2,31.960000000000004,0.55,1.69
2025-06-08 23:00:00-04:00,30.6,27.250000000000004,1.63,1.72
2025-06-09 00:00:00-04:00,28.26,26.81,-0.0,1.45
2025-06-09 01:00:00-04:00,24.85,23.56,-0.0,1.29
2025-06-09 02:00:00-04:00,24.64,23.44,-0.0,1.2
2025-06-09 03:00:00-04:00,22.0,20.87,-0.0,1.13
2025-06-09 04:00:00-04:00,22.63,21.47,-0.0,1.16
2025-06-09 05:00:00-04:00,24.1,22.8,-0.0,1.3
2025-06-09 06:00:00-04:00,31.12,29.81,-0.0,1.31
2025-06-09 07:00:00-04:00,33.4,31.99,-0.0,1.41
2025-06-09 08:00:00-04:00,33.49,32.330000000000005,-0.0,1.16
2025-06-09 09:00:00-04:00,34.13,33.07,-0.0,1.06
2025-06-09 10:00:00-04:00,34.2,33.24,-0.0,0.96
2025-06-09 11:00:00-04:00,35.4,34.54,-0.0,0.86
2025-06-09 12:00:00-04:00,34.24,33.24,-0.0,1.0
2025-06-09 13:00:00-04:00,34.99,34.0,-0.0,0.99
2025-06-09 14:00:00-04:00,33.63,33.38,-0.92,1.17
2025-06-09 15:00:00-04:00,35.68,34.41,-0.0,1.27
2025-06-09 16:00:00-04:00,40.1,39.18,-0.33,1.25
2025-06-09 17:00:00-04:00,45.09,43.61000000000001,-0.0,1.48
2025-06-09 18:00:00-04:00,50.96,49.28,-0.0,1.68
2025-06-09 19:00:00-04:00,47.64,46.07,-0.0,1.57
2025-06-09 20:00:00-04:00,43.16,41.54,-0.0,1.62
2025-06-09 21:00:00-04:00,41.12,39.96,-0.0,1.16
2025-06-09 22:00:00-04:00,34.3,33.43,-0.0,0.87
2025-06-09 23:00:00-04:00,29.7,28.59,-0.0,1.11
2025-06-10 00:00:00-04:00,24.76,23.51,-0.0,1.25
2025-06-10 01:00:00-04:00,21.91,19.74,1.07,1.1
2025-06-10 02:00:00-04:00,21.09,19.569999999999997,0.44,1.08
2025-06-10 03:00:00-04:00,20.0,18.89,0.09,1.02
2025-06-10 04:00:00-04:00,20.61,19.51,0.03,1.07
2025-06-10 05:00:00-04:00,22.9,21.33,0.5,1.07
2025-06-10 06:00:00-04:00,28.6,27.630000000000003,-0.0,0.97
2025-06-10 07:00:00-04:00,32.08,30.819999999999997,-0.0,1.26
2025-06-10 08:00:00-04:00,34.96,31.290000000000003,2.48,1.19
2025-06-10 09:00:00-04:00,35.8,30.6,3.79,1.41
2025-06-10 10:00:00-04:00,36.8,32.279999999999994,3.07,1.45
2025-06-10 11:00:00-04:00,32.87,31.359999999999996,-0.0,1.51
2025-06-10 12:00:00-04:00,33.38,31.85,-0.0,1.53
2025-06-10 13:00:00-04:00,33.03,31.4,-0.0,1.63
2025-06-10 14:00:00-04:00,32.27,30.500000000000004,-0.0,1.77
2025-06-10 15:00:00-04:00,32.88,31.110000000000003,-0.0,1.77
2025-06-10 16:00:00-04:00,37.05,35.29,-0.0,1.76
2025-06-10 17:00:00-04:00,44.2,42.220000000000006,-0.0,1.98
2025-06-10 18:00:00-04:00,46.8,44.959999999999994,-0.0,1.84
2025-06-10 19:00:00-04:00,45.51,43.51,-0.0,2.0
2025-06-10 20:00:00-04:00,43.75,41.82,-0.0,1.93
2025-06-10 21:00:00-04:00,39.24,37.73,-0.0,1.51
2025-06-10 22:00:00-04:00,32.92,31.380000000000003,-0.0,1.54
2025-06-10 23:00:00-04:00,29.0,27.52,-0.0,1.48
2025-06-11 00:00:00-04:00,28.27,26.9,-0.0,1.37
2025-06-11 01:00:00-04:00,25.58,24.29,-0.0,1.29
2025-06-11 02:00:00-04:00,22.97,21.84,-0.0,1.13
2025-06-11 03:00:00-04:00,22.49,21.34,-0.0,1.15
2025-06-11 04:00:00-04:00,22.19,21.07,-0.0,1.12
2025-06-11 05:00:00-04:00,24.44,23.32,-0.0,1.12
2025-06-11 06:00:00-04:00,28.55,27.32,-0.0,1.23
2025-06-11 07:00:00-04:00,31.54,30.15,-0.0,1.39
2025-06-11 08:00:00-04:00,30.91,29.52,-0.0,1.39
2025-06-11 09:00:00-04:00,25.26,24.72,-0.74,1.28
2025-06-11 10:00:00-04:00,27.1,26.12,-0.38,1.36
2025-06-11 11:00:00-04:00,26.82,26.389999999999997,-0.99,1.42
2025-06-11 12:00:00-04:00,26.92,26.81,-1.36,1.47
2025-06-11 13:00:00-04:00,27.03,27.08,-1.67,1.62
2025-06-11 14:00:00-04:00,27.1,26.92,-1.52,1.7
2025-06-11 15:00:00-04:00,29.5,29.369999999999997,-1.63,1.76
2025-06-11 16:00:00-04:00,35.26,35.29,-2.15,2.12
2025-06-11 17:00:00-04:00,44.93,45.099999999999994,-2.83,2.66
2025-06-11 18:00:00-04:00,49.39,49.2,-2.47,2.66
2025-06-11 19:00:00-04:00,52.01,49.809999999999995,-0.44,2.64
2025-06-11 20:00:00-04:00,47.0,44.55,-0.0,2.45
2025-06-11 21:00:00-04:00,42.83,40.6,-0.0,2.23
2025-06-11 22:00:00-04:00,36.08,34.23,-0.0,1.85
2025-06-11 23:00:00-04:00,31.75,30.18,-0.0,1.57
2025-06-12 00:00:00-04:00,26.56,25.2,-0.0,1.36
2025-06-12 01:00:00-04:00,23.61,22.32,-0.0,1.29
2025-06-12 02:00:00-04:00,22.18,21.06,-0.0,1.12
2025-06-12 03:00:00-04:00,20.56,19.49,-0.0,1.07
2025-06-12 04:00:00-04:00,20.97,19.91,-0.0,1.06
2025-06-12 05:00:00-04:00,24.27,23.2,-0.0,1.07
2025-06-12 06:00:00-04:00,30.38,29.41,-0.0,0.97
2025-06-12 07:00:00-04:00,34.07,32.51,-0.0,1.56
2025-06-12 08:00:00-04:00,32.53,30.950000000000003,-0.0,1.58
2025-06-12 09:00:00-04:00,27.51,26.680000000000003,-0.42,1.25
2025-06-12 10:00:00-04:00,26.63,26.13,-0.75,1.25
2025-06-12 11:00:00-04:00,28.26,27.360000000000003,-0.5,1.4
2025-06-12 12:00:00-04:00,28.18,27.58,-0.89,1.49
2025-06-12 13:00:00-04:00,29.49,28.4,-0.5,1.59
2025-06-12 14:00:00-04:00,28.05,28.09,-1.61,1.57
2025-06-12 15:00:00-04:00,30.36,30.68,-2.04,1.72
2025-06-12 16:00:00-04:00,32.91,34.209999999999994,-3.28,1.98
2025-06-12 17:00:00-04:00,40.37,44.60999999999999,-7.01,2.77
2025-06-12 18:00:00-04:00,49.8,51.19,-4.0,2.61
2025-06-12 19:00:00-04:00,51.9,49.74999999999999,-0.48,2.63
2025-06-12 20:00:00-04:00,47.48,45.39,-0.0,2.09
2025-06-12 21:00:00-04:00,44.1,41.91,0.68,1.51
2025-06-12 22:00:00-04:00,36.96,36.62,-0.68,1.02
2025-06-12 23:00:00-04:00,32.0,31.93,-0.82,0.89
2025-06-13 00:00:00-04:00,30.69,29.51,-0.0,1.18
2025-06-13 01:00:00-04:00,26.87,25.89,-0.0,0.98
2025-06-13 02:00:00-04:00,24.9,23.9,-0.0,1.0
2025-06-13 03:00:00-04:00,23.14,22.21,-0.0,0.93
2025-06-13 04:00:00-04:00,22.93,21.99,-0.0,0.94
2025-06-13 05:00:00-04:00,25.3,24.28,-0.0,1.02
2025-06-13 06:00:00-04:00,29.5,28.56,-0.0,0.94
2025-06-13 07:00:00-04:00,32.3,31.119999999999997,-0.0,1.18
2025-06-13 08:00:00-04:00,30.83,29.639999999999997,-0.0,1.19
2025-06-13 09:00:00-04:00,25.87,27.4,-2.54,1.01
2025-06-13 10:00:00-04:00,26.29,26.67,-1.31,0.93
2025-06-13 11:00:00-04:00,26.17,26.450000000000003,-1.21,0.93
2025-06-13 12:00:00-04:00,26.55,26.97,-1.34,0.92
2025-06-13 13:00:00-04:00,25.97,26.75,-1.8,1.02
2025-06-13 14:00:00-04:00,26.1,27.410000000000004,-2.49,1.18
2025-06-13 15:00:00-04:00,26.81,28.909999999999997,-3.31,1.21
2025-06-13 16:00:00-04:00,31.9,37.08,-6.44,1.26
2025-06-13 17:00:00-04:00,39.2,42.07,-4.26,1.39
2025-06-13 18:00:00-04:00,49.6,48.21,-0.2,1.59
2025-06-13 19:00:00-04:00,46.89,45.48,-0.0,1.41
2025-06-13 20:00:00-04:00,44.84,43.540000000000006,-0.0,1.3
2025-06-13 21:00:00-04:00,40.5,39.36,-0.0,1.14
2025-06-13 22:00:00-04:00,35.37,34.54,-0.0,0.83
2025-06-13 23:00:00-04:00,31.0,30.409999999999997,-0.08,0.67
2025-06-14 00:00:00-04:00,32.7,31.69,-0.0,1.01
2025-06-14 01:00:00-04:00,28.1,27.1,-0.0,1.0
2025-06-14 02:00:00-04:00,25.47,24.44,-0.0,1.03
2025-06-14 03:00:00-04:00,23.4,22.44,-0.0,0.96
2025-06-14 04:00:00-04:00,23.08,22.13,-0.0,0.95
2025-06-14 05:00:00-04:00,24.92,24.03,-0.0,0.89
2025-06-14 06:00:00-04:00,25.97,25.07,-0.0,0.9
2025-06-14 07:00:00-04:00,27.06,25.92,-0.0,1.14
2025-06-14 08:00:00-04:00,27.6,26.44,-0.0,1.16
2025-06-14 09:00:00-04:00,29.66,28.6,-0.0,1.06
2025-06-14 10:00:00-04:00,29.64,28.66,-0.0,0.98
2025-06-14 11:00:00-04:00,29.92,28.94,-0.0,0.98
2025-06-14 12:00:00-04:00,29.02,28.04,-0.0,0.98
2025-06-14 13:00:00-04:00,28.77,27.85,-0.0,0.92
2025-06-14 14:00:00-04:00,28.91,27.96,-0.0,0.95
2025-06-14 15:00:00-04:00,29.78,28.66,-0.0,1.12
2025-06-14 16:00:00-04:00,29.8,28.71,-0.0,1.09
2025-06-14 17:00:00-04:00,34.28,33.06,-0.0,1.22
2025-06-14 18:00:00-04:00,37.35,36.120000000000005,-0.0,1.23
2025-06-14 19:00:00-04:00,37.48,36.18,-0.0,1.3
2025-06-14 20:00:00-04:00,36.4,35.17,-0.0,1.23
2025-06-14 21:00:00-04:00,34.82,33.94,-0.0,0.88
2025-06-14 22:00:00-04:00,30.78,30.06,-0.0,0.72
2025-06-14 23:00:00-04:00,27.72,27.119999999999997,-0.0,0.6
2025-06-15 00:00:00-04:00,28.65,27.979999999999997,-0.0,0.67
2025-06-15 01:00:00-04:00,25.33,24.59,-0.0,0.74
2025-06-15 02:00:00-04:00,21.77,21.01,-0.0,0.76
2025-06-15 03:00:00-04:00,21.44,20.67,-0.0,0.77
2025-06-15 04:00:00-04:00,21.4,20.68,-0.0,0.72
2025-06-15 05:00:00-04:00,21.9,21.18,-0.0,0.72
2025-06-15 06:00:00-04:00,22.4,21.619999999999997,-0.0,0.78
2025-06-15 07:00:00-04:00,22.44,21.6,-0.0,0.84
2025-06-15 08:00:00-04:00,23.0,22.2,-0.0,0.8
2025-06-15 09:00:00-04:00,22.93,22.18,-0.0,0.75
2025-06-15 10:00:00-04:00,24.23,23.41,-0.0,0.82
2025-06-15 11:00:00-04:00,24.11,23.34,-0.0,0.77
2025-06-15 12:00:00-04:00,24.2,23.5,-0.0,0.7
2025-06-15 13:00:00-04:00,24.4,23.549999999999997,-0.0,0.85
2025-06-15 14:00:00-04:00,23.68,22.88,-0.0,0.8
2025-06-15 15:00:00-04:00,23.53,22.78,-0.0,0.75
2025-06-15 16:00:00-04:00,26.6,25.78,-0.0,0.82
2025-06-15 17:00:00-04:00,30.64,29.49,-0.0,1.15
2025-06-15 18:00:00-04:00,33.89,32.65,-0.0,1.24
2025-06-15 19:00:00-04:00,35.95,34.7,-0.0,1.25
2025-06-15 20:00:00-04:00,37.95,37.02,-0.0,0.93
2025-06-15 21:00:00-04:00,35.31,34.690000000000005,-0.0,0.62
2025-06-15 22:00:00-04:00,31.16,30.61,-0.0,0.55
2025-06-15 23:00:00-04:00,27.0,26.52,-0.0,0.48
2025-06-16 00:00:00-04:00,28.49,27.69,-0.0,0.8
2025-06-16 01:00:00-04:00,25.6,24.76,-0.0,0.84
2025-06-16 02:00:00-04:00,23.03,22.23,-0.0,0.8
2025-06-16 03:00:00-04:00,21.8,21.02,-0.0,0.78
2025-06-16 04:00:00-04:00,22.06,21.29,-0.0,0.77
2025-06-16 05:00:00-04:00,25.1,24.34,-0.0,0.76
2025-06-16 06:00:00-04:00,30.19,29.540000000000003,-0.0,0.65
2025-06-16 07:00:00-04:00,32.1,30.94,0.14,1.02
2025-06-16 08:00:00-04:00,31.3,31.06,-0.44,0.68
2025-06-16 09:00:00-04:00,27.0,28.6,-2.26,0.66
2025-06-16 10:00:00-04:00,28.58,28.16,-0.23,0.65
2025-06-16 11:00:00-04:00,29.08,28.45,-0.0,0.63
2025-06-16 12:00:00-04:00,30.0,30.02,-0.68,0.66
2025-06-16 13:00:00-04:00,29.14,29.98,-1.5,0.66
2025-06-16 14:00:00-04:00,29.33,30.709999999999997,-2.05,0.67
2025-06-16 15:00:00-04:00,29.3,31.0,-2.41,0.71
2025-06-16 16:00:00-04:00,32.9,33.9,-1.74,0.74
2025-06-16 17:00:00-04:00,40.3,39.279999999999994,-0.0,1.02
2025-06-16 18:00:00-04:00,45.7,44.580000000000005,-0.0,1.12
2025-06-16 19:00:00-04:00,48.16,46.94,-0.0,1.22
2025-06-16 20:00:00-04:00,44.7,43.57,-0.0,1.13
2025-06-16 21:00:00-04:00,41.03,39.84,-0.0,1.19
2025-06-16 22:00:00-04:00,34.16,33.23,-0.0,0.93
2025-06-16 23:00:00-04:00,29.0,28.16,-0.0,0.84
2025-06-17 00:00:00-04:00,27.91,26.91,-0.0,1.0
2025-06-17 01:00:00-04:00,25.29,24.29,-0.0,1.0
2025-06-17 02:00:00-04:00,23.28,22.21,-0.0,1.07
2025-06-17 03:00:00-04:00,21.74,20.69,-0.0,1.05
2025-06-17 04:00:00-04:00,22.26,21.200000000000003,-0.0,1.06
2025-06-17 05:00:00-04:00,25.77,24.9,-0.0,0.87
2025-06-17 06:00:00-04:00,31.0,30.16,-0.0,0.84
2025-06-17 07:00:00-04:00,34.71,33.290000000000006,0.19,1.23
2025-06-17 08:00:00-04:00,35.7,34.81,-0.19,1.08
2025-06-17 09:00:00-04:00,34.31,33.440000000000005,-0.0,0.87
2025-06-17 10:00:00-04:00,36.25,35.3,-0.0,0.95
2025-06-17 11:00:00-04:00,36.82,35.82,-0.0,1.0
2025-06-17 12:00:00-04:00,37.21,36.16,-0.0,1.05
2025-06-17 13:00:00-04:00,37.36,36.31,-0.0,1.05
2025-06-17 14:00:00-04:00,36.93,35.96,-0.0,0.97
2025-06-17 15:00:00-04:00,39.3,38.19,-0.0,1.11
2025-06-17 16:00:00-04:00,41.66,40.489999999999995,-0.0,1.17
2025-06-17 17:00:00-04:00,44.7,43.1,-0.0,1.6
2025-06-17 18:00:00-04:00,48.0,46.42,-0.0,1.58
2025-06-17 19:00:00-04:00,49.67,48.09,-0.0,1.58
2025-06-17 20:00:00-04:00,47.01,45.46,-0.0,1.55
2025-06-17 21:00:00-04:00,42.54,41.14,-0.0,1.4
2025-06-17 22:00:00-04:00,36.72,35.3,0.22,1.2
2025-06-17 23:00:00-04:00,31.57,30.65,-0.22,1.14
2025-06-18 00:00:00-04:00,31.16,29.88,-0.0,1.28
2025-06-18 01:00:00-04:00,27.7,26.36,-0.0,1.34
2025-06-18 02:00:00-04:00,25.49,24.18,-0.0,1.31
2025-06-18 03:00:00-04:00,25.4,24.119999999999997,-0.0,1.28
2025-06-18 04:00:00-04:00,25.62,24.28,-0.0,1.34
2025-06-18 05:00:00-04:00,26.46,25.22,-0.0,1.24
2025-06-18 06:00:00-04:00,33.99,32.75,-0.0,1.24
2025-06-18 07:00:00-04:00,35.39,33.74,-0.0,1.65
2025-06-18 08:00:00-04:00,40.1,38.6,-0.0,1.5
2025-06-18 09:00:00-04:00,41.07,39.53,-0.0,1.54
2025-06-18 10:00:00-04:00,42.06,40.84,-0.0,1.22
2025-06-18 11:00:00-04:00,42.14,41.83,-0.61,0.92
2025-06-18 12:00:00-04:00,41.75,42.51,-1.69,0.93
2025-06-18 13:00:00-04:00,44.0,44.650000000000006,-1.77,1.12
2025-06-18 14:00:00-04:00,45.0,47.96,-4.2,1.24
2025-06-18 15:00:00-04:00,44.08,52.52,-10.07,1.63
2025-06-18 16:00:00-04:00,50.65,52.19,-3.0,1.46
2025-06-18 17:00:00-04:00,58.65,56.5,-0.0,2.15
2025-06-18 18:00:00-04:00,60.08,58.0,-0.0,2.08
2025-06-18 19:00:00-04:00,57.7,56.02,-0.0,1.68
2025-06-18 20:00:00-04:00,56.8,55.58,-0.0,1.22
2025-06-18 21:00:00-04:00,49.28,48.26,-0.0,1.02
2025-06-18 22:00:00-04:00,42.45,41.46,-0.0,0.99
2025-06-18 23:00:00-04:00,38.0,37.0,-0.0,1.0
2025-06-19 00:00:00-04:00,41.3,39.709999999999994,-0.0,1.59
2025-06-19 01:00:00-04:00,36.87,35.69,-0.0,1.18
2025-06-19 02:00:00-04:00,33.77,32.470000000000006,-0.0,1.3
2025-06-19 03:00:00-04:00,32.5,30.1,0.96,1.44
2025-06-19 04:00:00-04:00,33.1,29.590000000000003,2.06,1.45
2025-06-19 05:00:00-04:00,35.8,34.419999999999995,-0.0,1.38
2025-06-19 06:00:00-04:00,39.7,38.03,-0.0,1.67
2025-06-19 07:00:00-04:00,43.78,41.77,-0.0,2.01
2025-06-19 08:00:00-04:00,45.34,43.14,-0.0,2.2
2025-06-19 09:00:00-04:00,45.37,43.169999999999995,-0.0,2.2
2025-06-19 10:00:00-04:00,46.06,43.830000000000005,-0.0,2.23
2025-06-19 11:00:00-04:00,47.68,45.28,-0.0,2.4
2025-06-19 12:00:00-04:00,52.84,50.18000000000001,-0.0,2.66
2025-06-19 13:00:00-04:00,55.54,52.7,-0.0,2.84
2025-06-19 14:00:00-04:00,59.27,56.02,-0.0,3.25
2025-06-19 15:00:00-04:00,64.0,56.470000000000006,3.8,3.73
2025-06-19 16:00:00-04:00,72.48,56.53000000000001,11.99,3.96
2025-06-19 17:00:00-04:00,84.04,56.66000000000001,23.25,4.13
2025-06-19 18:00:00-04:00,84.08,56.709999999999994,23.23,4.14
2025-06-19 19:00:00-04:00,69.3,62.48,2.32,4.5
2025-06-19 20:00:00-04:00,67.0,56.48,6.96,3.56
2025-06-19 21:00:00-04:00,58.44,52.959999999999994,2.78,2.7
2025-06-19 22:00:00-04:00,48.55,45.84,0.33,2.38
2025-06-19 23:00:00-04:00,41.5,39.79,-0.56,2.27
2025-06-20 00:00:00-04:00,43.95,41.74,-0.0,2.21
2025-06-20 01:00:00-04:00,39.45,37.64,-0.0,1.81
2025-06-20 02:00:00-04:00,35.02,33.480000000000004,-0.0,1.54
2025-06-20 03:00:00-04:00,34.6,33.17,-0.0,1.43
2025-06-20 04:00:00-04:00,33.18,32.31,-0.62,1.49
2025-06-20 05:00:00-04:00,33.28,31.22,0.62,1.44
2025-06-20 06:00:00-04:00,35.22,33.74,-0.0,1.48
2025-06-20 07:00:00-04:00,35.98,34.199999999999996,-0.0,1.78
2025-06-20 08:00:00-04:00,38.27,36.38,-0.0,1.89
2025-06-20 09:00:00-04:00,36.5,34.76,-0.0,1.74
2025-06-20 10:00:00-04:00,37.62,35.83,-0.0,1.79
2025-06-20 11:00:00-04:00,39.07,37.25,-0.0,1.82
2025-06-20 12:00:00-04:00,40.86,38.77,-0.0,2.09
2025-06-20 13:00:00-04:00,44.05,41.76,-0.0,2.29
2025-06-20 14:00:00-04:00,46.92,44.43,-0.0,2.49
2025-06-20 15:00:00-04:00,48.75,46.25,-0.0,2.5
2025-06-20 16:00:00-04:00,54.21,51.68,-0.0,2.53
2025-06-20 17:00:00-04:00,59.63,56.42,-0.0,3.21
2025-06-20 18:00:00-04:00,59.4,56.41,-0.0,2.99
2025-06-20 19:00:00-04:00,58.67,56.31,-0.0,2.36
2025-06-20 20:00:00-04:00,55.8,54.02,-0.0,1.78
2025-06-20 21:00:00-04:00,53.04,51.35,-0.0,1.69
2025-06-20 22:00:00-04:00,47.07,45.39,-0.0,1.68
2025-06-20 23:00:00-04:00,42.24,40.690000000000005,-0.0,1.55
2025-06-21 00:00:00-04:00,40.79,38.96,-0.0,1.83
2025-06-21 01:00:00-04:00,36.56,34.980000000000004,-0.0,1.58
2025-06-21 02:00:00-04:00,34.07,32.7,-0.0,1.37
2025-06-21 03:00:00-04:00,32.4,31.0,-0.0,1.4
2025-06-21 04:00:00-04:00,31.77,30.37,-0.0,1.4
2025-06-21 05:00:00-04:00,31.05,29.74,-0.0,1.31
2025-06-21 06:00:00-04:00,31.72,30.299999999999997,-0.0,1.42
2025-06-21 07:00:00-04:00,33.01,31.53,-0.0,1.48
2025-06-21 08:00:00-04:00,34.8,33.4,-0.0,1.4
2025-06-21 09:00:00-04:00,36.3,34.87,-0.0,1.43
2025-06-21 10:00:00-04:00,37.74,37.74,-1.4,1.4
2025-06-21 11:00:00-04:00,38.99,40.6,-3.07,1.46
2025-06-21 12:00:00-04:00,40.5,44.82,-5.62,1.3
2025-06-21 13:00:00-04:00,43.07,46.1,-4.46,1.43
2025-06-21 14:00:00-04:00,46.0,47.98,-3.56,1.58
2025-06-21 15:00:00-04:00,48.8,51.05,-3.83,1.58
2025-06-21 16:00:00-04:00,48.91,55.17999999999999,-8.04,1.77
2025-06-21 17:00:00-04:00,61.96,59.23,-0.0,2.73
2025-06-21 18:00:00-04:00,64.81,61.84,-0.0,2.97
2025-06-21 19:00:00-04:00,60.39,57.73,-0.0,2.66
2025-06-21 20:00:00-04:00,58.72,56.19,-0.0,2.53
2025-06-21 21:00:00-04:00,54.68,52.57,-0.0,2.11
2025-06-21 22:00:00-04:00,50.08,47.97,-0.0,2.11
2025-06-21 23:00:00-04:00,45.22,43.32,-0.0,1.9
2025-06-22 00:00:00-04:00,41.45,35.38,3.73,2.34
2025-06-22 01:00:00-04:00,38.34,33.68000000000001,2.44,2.22
2025-06-22 02:00:00-04:00,35.63,32.61000000000001,0.83,2.19
2025-06-22 03:00:00-04:00,34.97,30.609999999999996,2.37,1.99
2025-06-22 04:00:00-04:00,34.84,29.71,3.17,1.96
2025-06-22 05:00:00-04:00,35.4,28.99,4.5,1.91
2025-06-22 06:00:00-04:00,34.5,27.659999999999997,4.96,1.88
2025-06-22 07:00:00-04:00,36.6,29.68,4.9,2.02
2025-06-22 08:00:00-04:00,39.1,33.1,3.68,2.32
2025-06-22 09:00:00-04:00,42.4,39.58,0.05,2.77
2025-06-22 10:00:00-04:00,48.5,45.8,-0.0,2.7
2025-06-22 11:00:00-04:00,52.24,49.47,-0.0,2.77
2025-06-22 12:00:00-04:00,57.58,54.739999999999995,-0.0,2.84
2025-06-22 13:00:00-04:00,59.13,56.370000000000005,-0.0,2.76
2025-06-22 14:00:00-04:00,60.0,56.82,-0.0,3.18
2025-06-22 15:00:00-04:00,67.89,64.35,-0.0,3.54
2025-06-22 16:00:00-04:00,81.9,76.9,-0.0,5.0
2025-06-22 17:00:00-04:00,100.27,94.32,-0.0,5.95
2025-06-22 18:00:00-04:00,110.2,102.61,1.43,6.16
2025-06-22 19:00:00-04:00,108.6,92.78,10.63,5.19
2025-06-22 20:00:00-04:00,102.4,81.06,17.29,4.05
2025-06-22 21:00:00-04:00,81.69,71.53,6.58,3.58
2025-06-22 22:00:00-04:00,66.0,63.22,-0.0,2.78
2025-06-22 23:00:00-04:00,58.91,56.59,-0.0,2.32
2025-06-23 00:00:00-04:00,60.93,58.36,-0.0,2.57
2025-06-23 01:00:00-04:00,57.22,55.29,-0.0,1.93
2025-06-23 02:00:00-04:00,54.95,52.99,-0.0,1.96
2025-06-23 03:00:00-04:00,51.34,49.36000000000001,-0.0,1.98
2025-06-23 04:00:00-04:00,49.15,47.17,-0.0,1.98
2025-06-23 05:00:00-04:00,52.39,50.47,-0.0,1.92
2025-06-23 06:00:00-04:00,55.06,52.84,-0.0,2.22
2025-06-23 07:00:00-04:00,58.44,56.19,-0.0,2.25
2025-06-23 08:00:00-04:00,60.42,57.760000000000005,-0.0,2.66
2025-06-23 09:00:00-04:00,63.14,60.36,-0.0,2.78
2025-06-23 10:00:00-04:00,74.93,71.23,-0.0,3.7
2025-06-23 11:00:00-04:00,84.79,80.37,-0.0,4.42
2025-06-23 12:00:00-04:00,115.33,108.7,-0.0,6.63
2025-06-23 13:00:00-04:00,150.0,131.23000000000002,10.36,8.41
2025-06-23 14:00:00-04:00,181.6,151.04,20.28,10.28
2025-06-23 15:00:00-04:00,212.4,169.13,31.44,11.83
2025-06-23 16:00:00-04:00,270.0,210.28,45.01,14.71
2025-06-23 17:00:00-04:00,302.5,245.26,40.55,16.69
2025-06-23 18:00:00-04:00,352.0,213.44,124.89,13.67
2025-06-23 19:00:00-04:00,298.1,182.94,104.55,10.61
2025-06-23 20:00:00-04:00,257.8,172.35000000000002,75.98,9.47
2025-06-23 21:00:00-04:00,165.17,114.76,44.1,6.31
2025-06-23 22:00:00-04:00,82.53,78.38,-0.0,4.15
2025-06-23 23:00:00-04:00,70.81,67.5,-0.0,3.31
2025-06-24 00:00:00-04:00,62.1,59.14,-0.0,2.96
2025-06-24 01:00:00-04:00,59.08,56.48,-0.0,2.6
2025-06-24 02:00:00-04:00,56.61,54.43,-0.0,2.18
2025-06-24 03:00:00-04:00,51.37,49.44,-0.0,1.93
2025-06-24 04:00:00-04:00,50.18,48.16,-0.0,2.02
2025-06-24 05:00:00-04:00,53.42,51.46,-0.0,1.96
2025-06-24 06:00:00-04:00,56.17,54.010000000000005,-0.0,2.16
2025-06-24 07:00:00-04:00,59.62,57.0,-0.0,2.62
2025-06-24 08:00:00-04:00,63.78,61.21,-0.0,2.57
2025-06-24 09:00:00-04:00,64.48,64.10000000000001,-2.37,2.75
2025-06-24 10:00:00-04:00,79.43,73.04,2.38,4.01
2025-06-24 11:00:00-04:00,90.66,85.94,-0.0,4.72
2025-06-24 12:00:00-04:00,119.92,113.02,-0.0,6.9
2025-06-24 13:00:00-04:00,156.29,138.75,8.38,9.16
2025-06-24 14:00:00-04:00,196.5,162.71,22.4,11.39
2025-06-24 15:00:00-04:00,242.92,170.52999999999997,60.11,12.28
2025-06-24 16:00:00-04:00,330.91,230.38,84.17,16.36
2025-06-24 17:00:00-04:00,379.3,262.56,98.64,18.1
2025-06-24 18:00:00-04:00,405.1,260.44,127.74,16.92
2025-06-24 19:00:00-04:00,358.42,237.58,106.35,14.49
2025-06-24 20:00:00-04:00,326.24,201.7,112.23,12.31
2025-06-24 21:00:00-04:00,225.22,134.01000000000002,83.57,7.64
2025-06-24 22:00:00-04:00,107.93,92.49,10.63,4.81
2025-06-24 23:00:00-04:00,75.09,71.93,-0.0,3.16
2025-06-25 00:00:00-04:00,72.03,68.86,-0.0,3.17
2025-06-25 01:00:00-04:00,68.06,64.94,-0.0,3.12
2025-06-25 02:00:00-04:00,63.64,60.73,-0.0,2.91
2025-06-25 03:00:00-04:00,59.14,56.48,-0.0,2.66
2025-06-25 04:00:00-04:00,58.55,56.19,-0.0,2.36
2025-06-25 05:00:00-04:00,59.79,57.16,-0.0,2.63
2025-06-25 06:00:00-04:00,60.33,57.51,-0.0,2.82
2025-06-25 07:00:00-04:00,66.5,63.33,-0.0,3.17
2025-06-25 08:00:00-04:00,70.8,67.42999999999999,-0.0,3.37
2025-06-25 09:00:00-04:00,75.05,71.55,-0.0,3.5
2025-06-25 10:00:00-04:00,76.25,72.05999999999999,0.01,4.18
2025-06-25 11:00:00-04:00,80.56,76.0,-0.0,4.56
2025-06-25 12:00:00-04:00,102.72,91.54,5.23,5.95
2025-06-25 13:00:00-04:00,128.64,109.9,11.05,7.69
2025-06-25 14:00:00-04:00,163.95,121.95,33.21,8.79
2025-06-25 15:00:00-04:00,189.77,131.47,48.71,9.59
2025-06-25 16:00:00-04:00,232.5,162.82,57.63,12.05
2025-06-25 17:00:00-04:00,281.81,185.12,82.99,13.7
2025-06-25 18:00:00-04:00,292.8,205.6,72.39,14.81
2025-06-25 19:00:00-04:00,229.4,183.25,33.68,12.47
2025-06-25 20:00:00-04:00,165.6,122.3,35.23,8.07
2025-06-25 21:00:00-04:00,111.0,92.88,12.27,5.85
2025-06-25 22:00:00-04:00,76.1,73.91,-1.72,3.91
2025-06-25 23:00:00-04:00,67.18,64.16000000000001,-0.0,3.02
2025-06-26 00:00:00-04:00,53.32,51.12,-0.0,2.2
2025-06-26 01:00:00-04:00,51.07,48.97,-0.0,2.1
2025-06-26 02:00:00-04:00,49.03,47.05,-0.0,1.98
2025-06-26 03:00:00-04:00,46.88,44.99,-0.0,1.89
2025-06-26 04:00:00-04:00,45.03,43.17,-0.0,1.86
2025-06-26 05:00:00-04:00,46.27,44.41,-0.0,1.86
2025-06-26 06:00:00-04:00,48.4,46.36,-0.0,2.04
2025-06-26 07:00:00-04:00,49.28,45.76,-0.0,3.52
2025-06-26 08:00:00-04:00,50.88,47.46,-0.0,3.42
2025-06-26 09:00:00-04:00,52.71,49.58,-0.0,3.13
2025-06-26 10:00:00-04:00,50.55,47.87,-0.0,2.68
2025-06-26 11:00:00-04:00,51.24,48.87,-0.41,2.78
2025-06-26 12:00:00-04:00,53.27,50.25000000000001,0.41,2.61
2025-06-26 13:00:00-04:00,56.15,53.28,-0.0,2.87
2025-06-26 14:00:00-04:00,55.81,52.41,-0.0,3.4
2025-06-26 15:00:00-04:00,56.92,53.25,-0.0,3.67
2025-06-26 16:00:00-04:00,59.49,56.120000000000005,-0.0,3.37
2025-06-26 17:00:00-04:00,62.77,59.05,-0.0,3.72
2025-06-26 18:00:00-04:00,59.8,56.36,-0.0,3.44
2025-06-26 19:00:00-04:00,58.81,55.8,-0.0,3.01
2025-06-26 20:00:00-04:00,52.91,49.87,-0.0,3.04
2025-06-26 21:00:00-04:00,48.93,46.12,-0.0,2.81
2025-06-26 22:00:00-04:00,45.26,41.0,1.92,2.34
2025-06-26 23:00:00-04:00,37.33,36.65,-1.92,2.6
2025-06-27 00:00:00-04:00,41.2,38.470000000000006,-0.0,2.73
2025-06-27 01:00:00-04:00,37.01,34.559999999999995,-0.0,2.45
2025-06-27 02:00:00-04:00,36.1,31.380000000000003,2.68,2.04
2025-06-27 03:00:00-04:00,34.24,28.960000000000004,3.34,1.94
2025-06-27 04:00:00-04:00,32.7,29.56,1.16,1.98
2025-06-27 05:00:00-04:00,34.36,30.570000000000004,1.74,2.05
2025-06-27 06:00:00-04:00,40.81,38.54,-0.0,2.27
2025-06-27 07:00:00-04:00,42.3,39.79,-0.0,2.51
2025-06-27 08:00:00-04:00,44.91,42.37,-0.0,2.54
2025-06-27 09:00:00-04:00,43.5,41.19,-0.0,2.31
2025-06-27 10:00:00-04:00,41.03,38.93,-0.0,2.1
2025-06-27 11:00:00-04:00,40.61,38.49,-0.0,2.12
2025-06-27 12:00:00-04:00,41.92,39.85,-0.0,2.07
2025-06-27 13:00:00-04:00,42.46,40.21,-0.0,2.25
2025-06-27 14:00:00-04:00,42.69,40.47,-0.0,2.22
2025-06-27 15:00:00-04:00,44.03,41.66,-0.0,2.37
2025-06-27 16:00:00-04:00,47.77,45.07,-0.0,2.7
2025-06-27 17:00:00-04:00,49.99,46.940000000000005,-0.0,3.05
2025-06-27 18:00:00-04:00,48.3,45.14,-0.0,3.16
2025-06-27 19:00:00-04:00,48.6,45.59,-0.0,3.01
2025-06-27 20:00:00-04:00,44.11,40.88,-0.0,3.23
2025-06-27 21:00:00-04:00,41.71,38.870000000000005,-0.0,2.84
2025-06-27 22:00:00-04:00,37.89,35.21,-0.0,2.68
2025-06-27 23:00:00-04:00,35.8,30.52999999999999,3.07,2.2
2025-06-28 00:00:00-04:00,38.6,33.45,2.64,2.51
2025-06-28 01:00:00-04:00,46.13,28.42,15.55,2.16
2025-06-28 02:00:00-04:00,36.67,26.110000000000003,8.66,1.9
2025-06-28 03:00:00-04:00,40.14,27.120000000000005,11.01,2.01
2025-06-28 04:00:00-04:00,40.37,25.949999999999996,12.39,2.03
2025-06-28 05:00:00-04:00,32.7,27.020000000000003,3.6,2.08
2025-06-28 06:00:00-04:00,37.0,25.86,9.15,1.99
2025-06-28 07:00:00-04:00,31.14,28.73,-0.0,2.41
2025-06-28 08:00:00-04:00,34.64,31.96,-0.0,2.68
2025-06-28 09:00:00-04:00,38.07,35.41,-0.0,2.66
2025-06-28 10:00:00-04:00,41.97,39.37,-0.0,2.6
2025-06-28 11:00:00-04:00,43.33,40.76,-0.0,2.57
2025-06-28 12:00:00-04:00,43.55,41.01,-0.0,2.54
2025-06-28 13:00:00-04:00,46.46,43.83,-0.0,2.63
2025-06-28 14:00:00-04:00,46.22,43.32,-0.0,2.9
2025-06-28 15:00:00-04:00,51.25,47.94,-0.0,3.31
2025-06-28 16:00:00-04:00,54.04,50.18,-0.0,3.86
2025-06-28 17:00:00-04:00,64.82,60.18999999999999,-0.0,4.63
2025-06-28 18:00:00-04:00,66.16,61.599999999999994,-0.0,4.56
2025-06-28 19:00:00-04:00,68.16,63.58,-0.0,4.58
2025-06-28 20:00:00-04:00,65.77,61.529999999999994,-0.0,4.24
2025-06-28 21:00:00-04:00,56.16,53.129999999999995,-0.0,3.03
2025-06-28 22:00:00-04:00,50.96,48.31,-0.0,2.65
2025-06-28 23:00:00-04:00,46.05,43.82,-0.0,2.23
2025-06-29 00:00:00-04:00,41.7,36.96,1.97,2.77
2025-06-29 01:00:00-04:00,40.99,33.75,4.84,2.4
2025-06-29 02:00:00-04:00,41.61,29.97,9.51,2.13
2025-06-29 03:00:00-04:00,41.24,28.520000000000003,10.58,2.14
2025-06-29 04:00:00-04:00,38.02,28.52,7.48,2.02
2025-06-29 05:00:00-04:00,34.79,28.02,4.7,2.07
2025-06-29 06:00:00-04:00,32.92,27.910000000000004,3.0,2.01
2025-06-29 07:00:00-04:00,30.55,28.31,-0.0,2.24
2025-06-29 08:00:00-04:00,30.43,28.23,-0.0,2.2
2025-06-29 09:00:00-04:00,32.5,30.35,-0.0,2.15
2025-06-29 10:00:00-04:00,33.38,31.31,-0.0,2.07
2025-06-29 11:00:00-04:00,37.18,34.94,-0.0,2.24
2025-06-29 12:00:00-04:00,39.83,37.43,-0.0,2.4
2025-06-29 13:00:00-04:00,40.2,40.290000000000006,-2.71,2.62
2025-06-29 14:00:00-04:00,45.42,42.99,-0.28,2.71
2025-06-29 15:00:00-04:00,49.9,47.23,-0.12,2.79
2025-06-29 16:00:00-04:00,56.44,53.3,-0.0,3.14
2025-06-29 17:00:00-04:00,64.97,57.19,4.06,3.72
2025-06-29 18:00:00-04:00,71.77,71.07,-4.06,4.76
2025-06-29 19:00:00-04:00,72.17,67.51,-0.0,4.66
2025-06-29 20:00:00-04:00,66.0,61.97,-0.0,4.03
2025-06-29 21:00:00-04:00,60.0,56.98,-0.0,3.02
2025-06-29 22:00:00-04:00,52.02,49.31,-0.0,2.71
2025-06-29 23:00:00-04:00,46.4,43.86,-0.0,2.54
2025-06-30 00:00:00-04:00,44.71,41.79,-0.0,2.92
2025-06-30 01:00:00-04:00,39.66,36.83,0.18,2.65
2025-06-30 02:00:00-04:00,36.8,33.959999999999994,0.5,2.34
2025-06-30 03:00:00-04:00,36.42,31.360000000000007,2.9,2.16
2025-06-30 04:00:00-04:00,35.9,30.97,2.82,2.11
2025-06-30 05:00:00-04:00,34.8,32.269999999999996,0.34,2.19
2025-06-30 06:00:00-04:00,37.12,34.68,0.08,2.36
2025-06-30 07:00:00-04:00,40.45,37.66,-0.0,2.79
2025-06-30 08:00:00-04:00,45.78,43.02,-0.0,2.76
2025-06-30 09:00:00-04:00,45.76,43.33,-0.0,2.43
2025-06-30 10:00:00-04:00,48.32,46.06,-0.0,2.26
2025-06-30 11:00:00-04:00,51.42,49.13,-0.02,2.31
2025-06-30 12:00:00-04:00,57.64,55.1,-0.0,2.54
2025-06-30 13:00:00-04:00,58.6,55.81,-0.0,2.79
2025-06-30 14:00:00-04:00,64.27,61.09,-0.0,3.18
2025-06-30 15:00:00-04:00,69.13,64.61,-0.0,4.52
2025-06-30 16:00:00-04:00,82.64,76.87,-0.0,5.77
2025-06-30 17:00:00-04:00,98.0,89.42,-0.0,8.58
2025-06-30 18:00:00-04:00,98.08,89.98,-0.0,8.1
2025-06-30 19:00:00-04:00,91.7,84.44,-0.0,7.26
2025-06-30 20:00:00-04:00,81.65,75.15,1.16,5.34
2025-06-30 21:00:00-04:00,68.57,64.5,-0.0,4.07
2025-06-30 22:00:00-04:00,58.74,55.47,-0.0,3.27
2025-06-30 23:00:00-04:00,53.0,50.0,-0.0,3.0
2025-07-01 00:00:00-04:00,47.74,44.870000000000005,-0.0,2.87
2025-07-01 01:00:00-04:00,43.4,39.51,1.13,2.76
2025-07-01 02:00:00-04:00,40.89,36.59,1.81,2.49
2025-07-01 03:00:00-04:00,37.9,33.449999999999996,2.21,2.24
2025-07-01 04:00:00-04:00,40.0,33.47,4.32,2.21
2025-07-01 05:00:00-04:00,41.0,38.43,-0.0,2.57
2025-07-01 06:00:00-04:00,44.5,41.51,-0.0,2.99
2025-07-01 07:00:00-04:00,47.41,44.19,-0.0,3.22
2025-07-01 08:00:00-04:00,49.64,46.44,-0.0,3.2
2025-07-01 09:00:00-04:00,51.23,47.93,-0.0,3.3
2025-07-01 10:00:00-04:00,53.28,49.7,-0.0,3.58
2025-07-01 11:00:00-04:00,55.88,52.03,-0.0,3.85
2025-07-01 12:00:00-04:00,60.1,55.65,-0.0,4.45
2025-07-01 13:00:00-04:00,64.82,59.91,-0.0,4.91
2025-07-01 14:00:00-04:00,69.79,63.8,-0.0,5.99
2025-07-01 15:00:00-04:00,72.7,61.92999999999999,4.45,6.32
2025-07-01 16:00:00-04:00,81.0,70.12,3.72,7.16
2025-07-01 17:00:00-04:00,101.0,76.94,16.29,7.77
2025-07-01 18:00:00-04:00,101.36,77.5,15.41,8.45
2025-07-01 19:00:00-04:00,85.38,77.27,-0.0,8.11
2025-07-01 20:00:00-04:00,77.95,70.39,1.22,6.34
2025-07-01 21:00:00-04:00,65.01,59.74000000000001,0.73,4.54
2025-07-01 22:00:00-04:00,53.91,51.309999999999995,-0.73,3.33
2025-07-01 23:00:00-04:00,51.5,48.72,-0.0,2.78
2025-07-02 00:00:00-04:00,57.4,46.36,8.68,2.36
2025-07-02 01:00:00-04:00,52.52,41.74,8.57,2.21
2025-07-02 02:00:00-04:00,49.4,36.42,10.91,2.07
2025-07-02 03:00:00-04:00,44.7,34.11000000000001,8.65,1.94
2025-07-02 04:00:00-04:00,42.6,33.68,7.03,1.89
2025-07-02 05:00:00-04:00,45.9,35.81,8.09,2.0
2025-07-02 06:00:00-04:00,50.3,39.05,9.03,2.22
2025-07-02 07:00:00-04:00,47.85,45.010000000000005,-0.0,2.84
2025-07-02 08:00:00-04:00,50.92,48.5,-0.0,2.42
2025-07-02 09:00:00-04:00,51.0,48.62,-0.0,2.38
2025-07-02 10:00:00-04:00,48.68,46.54,-0.0,2.14
2025-07-02 11:00:00-04:00,51.73,49.55,-0.0,2.18
2025-07-02 12:00:00-04:00,54.08,51.75,-0.0,2.33
2025-07-02 13:00:00-04:00,58.4,55.73,-0.0,2.67
2025-07-02 14:00:00-04:00,61.89,58.94,-0.0,2.95
2025-07-02 15:00:00-04:00,65.31,61.67,-0.0,3.64
2025-07-02 16:00:00-04:00,72.1,66.75999999999999,-0.0,5.34
2025-07-02 17:00:00-04:00,85.6,75.61,4.85,5.14
2025-07-02 18:00:00-04:00,82.73,78.85000000000001,-1.4,5.28
2025-07-02 19:00:00-04:00,80.47,76.42,-0.0,4.05
2025-07-02 20:00:00-04:00,70.12,66.72,-0.0,3.4
2025-07-02 21:00:00-04:00,62.68,60.04,-0.0,2.64
2025-07-02 22:00:00-04:00,53.67,51.220000000000006,0.3,2.15
2025-07-02 23:00:00-04:00,48.14,46.58,-0.3,1.86
2025-07-03 00:00:00-04:00,47.03,45.09,-0.0,1.94
2025-07-03 01:00:00-04:00,43.7,41.82,-0.0,1.88
2025-07-03 02:00:00-04:00,37.54,35.45,-0.0,2.09
2025-07-03 03:00:00-04:00,35.24,33.28,-0.0,1.96
2025-07-03 04:00:00-04:00,34.59,32.730000000000004,-0.0,1.86
2025-07-03 05:00:00-04:00,38.0,36.36,-0.0,1.64
2025-07-03 06:00:00-04:00,41.72,39.81,-0.0,1.91
2025-07-03 07:00:00-04:00,43.6,41.52,-0.0,2.08
2025-07-03 08:00:00-04:00,45.1,43.24,-0.0,1.86
2025-07-03 09:00:00-04:00,45.01,43.32,-0.0,1.69
2025-07-03 10:00:00-04:00,41.9,42.849999999999994,-2.54,1.59
2025-07-03 11:00:00-04:00,47.0,47.78,-2.69,1.91
2025-07-03 12:00:00-04:00,52.46,51.47,-1.17,2.16
2025-07-03 13:00:00-04:00,54.24,54.38,-2.64,2.5
2025-07-03 14:00:00-04:00,58.7,58.67,-2.67,2.7
2025-07-03 15:00:00-04:00,62.0,61.79,-3.75,3.96
2025-07-03 16:00:00-04:00,70.02,65.75,-0.0,4.27
2025-07-03 17:00:00-04:00,79.82,74.88,-0.0,4.94
2025-07-03 18:00:00-04:00,79.15,75.38000000000001,-0.0,3.77
2025-07-03 19:00:00-04:00,74.05,70.92999999999999,-0.0,3.12
2025-07-03 20:00:00-04:00,65.95,63.11,-0.0,2.84
2025-07-03 21:00:00-04:00,59.9,58.1,-0.0,1.8
2025-07-03 22:00:00-04:00,52.97,50.849999999999994,0.7,1.42
2025-07-03 23:00:00-04:00,46.7,46.11000000000001,-0.7,1.29
2025-07-04 00:00:00-04:00,43.75,42.6,-0.0,1.15
2025-07-04 01:00:00-04:00,39.1,37.81,-0.0,1.29
2025-07-04 02:00:00-04:00,33.62,32.449999999999996,-0.0,1.17
2025-07-04 03:00:00-04:00,32.98,31.799999999999997,-0.0,1.18
2025-07-04 04:00:00-04:00,32.52,31.390000000000004,-0.0,1.13
2025-07-04 05:00:00-04:00,32.64,31.54,-0.0,1.1
2025-07-04 06:00:00-04:00,32.61,31.71,-0.05,0.95
2025-07-04 07:00:00-04:00,31.01,30.03,0.05,0.93
2025-07-04 08:00:00-04:00,31.02,30.06,-0.0,0.96
2025-07-04 09:00:00-04:00,30.54,29.57,-0.0,0.97
2025-07-04 10:00:00-04:00,31.18,30.24,-0.0,0.94
2025-07-04 11:00:00-04:00,33.1,32.29,-0.19,1.0
2025-07-04 12:00:00-04:00,34.76,35.57,-1.88,1.07
2025-07-04 13:00:00-04:00,36.62,39.22,-3.82,1.22
2025-07-04 14:00:00-04:00,37.97,41.27,-4.58,1.28
2025-07-04 15:00:00-04:00,42.0,45.41,-4.86,1.45
2025-07-04 16:00:00-04:00,49.8,51.309999999999995,-3.0,1.49
2025-07-04 17:00:00-04:00,60.0,58.42,-0.0,1.58
2025-07-04 18:00:00-04:00,61.68,60.35,-0.0,1.33
2025-07-04 19:00:00-04:00,59.88,58.71,-0.0,1.17
2025-07-04 20:00:00-04:00,55.7,54.66,-0.0,1.04
2025-07-04 21:00:00-04:00,50.21,49.32,-0.0,0.89
2025-07-04 22:00:00-04:00,45.32,44.19,0.11,1.02
2025-07-04 23:00:00-04:00,39.2,39.13,-0.79,0.86
2025-07-05 00:00:00-04:00,40.4,38.96,-0.0,1.44
2025-07-05 01:00:00-04:00,35.4,33.97,-0.0,1.43
2025-07-05 02:00:00-04:00,32.0,30.86,-0.0,1.14
2025-07-05 03:00:00-04:00,30.63,29.45,-0.0,1.18
2025-07-05 04:00:00-04:00,29.5,28.34,-0.0,1.16
2025-07-05 05:00:00-04:00,29.68,28.59,-0.0,1.09
2025-07-05 06:00:00-04:00,28.73,27.6,-0.0,1.13
2025-07-05 07:00:00-04:00,28.79,27.66,-0.0,1.13
2025-07-05 08:00:00-04:00,28.65,27.52,-0.0,1.13
2025-07-05 09:00:00-04:00,32.63,31.770000000000003,-0.0,0.86
2025-07-05 10:00:00-04:00,33.3,34.339999999999996,-1.86,0.82
2025-07-05 11:00:00-04:00,35.45,37.04,-2.48,0.89
2025-07-05 12:00:00-04:00,38.29,41.3,-3.92,0.91
2025-07-05 13:00:00-04:00,41.3,44.099999999999994,-3.82,1.02
2025-07-05 14:00:00-04:00,41.9,46.379999999999995,-5.36,0.88
2025-07-05 15:00:00-04:00,46.3,49.94,-4.69,1.05
2025-07-05 16:00:00-04:00,56.64,58.37,-2.72,0.99
2025-07-05 17:00:00-04:00,65.25,64.04,-0.0,1.21
2025-07-05 18:00:00-04:00,68.46,66.52999999999999,-0.0,1.93
2025-07-05 19:00:00-04:00,66.4,64.65,-0.0,1.75
2025-07-05 20:00:00-04:00,64.14,62.82,-0.0,1.32
2025-07-05 21:00:00-04:00,58.67,57.23,0.01,1.43
2025-07-05 22:00:00-04:00,52.8,49.2,2.22,1.38
2025-07-05 23:00:00-04:00,44.0,44.629999999999995,-2.23,1.6
2025-07-06 00:00:00-04:00,40.98,39.33,-0.0,1.65
2025-07-06 01:00:00-04:00,35.6,34.03,-0.0,1.57
2025-07-06 02:00:00-04:00,32.65,31.209999999999997,-0.0,1.44
2025-07-06 03:00:00-04:00,31.47,30.06,-0.0,1.41
2025-07-06 04:00:00-04:00,30.44,29.05,-0.0,1.39
2025-07-06 05:00:00-04:00,30.3,28.78,-0.0,1.52
2025-07-06 06:00:00-04:00,30.33,28.83,-0.0,1.5
2025-07-06 07:00:00-04:00,30.1,28.610000000000003,-0.0,1.49
2025-07-06 08:00:00-04:00,32.56,31.1,-0.0,1.46
2025-07-06 09:00:00-04:00,36.82,35.51,-0.0,1.31
2025-07-06 10:00:00-04:00,39.87,38.599999999999994,-0.0,1.27
2025-07-06 11:00:00-04:00,46.94,45.57,-0.0,1.37
2025-07-06 12:00:00-04:00,50.0,48.49,-0.0,1.51
2025-07-06 13:00:00-04:00,54.08,52.35,-0.0,1.73
2025-07-06 14:00:00-04:00,59.17,57.120000000000005,-0.0,2.05
2025-07-06 15:00:00-04:00,64.42,62.18,-0.0,2.24
2025-07-06 16:00:00-04:00,75.78,72.59,-0.0,3.19
2025-07-06 17:00:00-04:00,87.32,82.52999999999999,-0.0,4.79
2025-07-06 18:00:00-04:00,95.47,90.67,-0.0,4.8
2025-07-06 19:00:00-04:00,94.21,89.89999999999999,-0.0,4.31
2025-07-06 20:00:00-04:00,85.1,81.82,-0.0,3.28
2025-07-06 21:00:00-04:00,71.7,69.68,-0.0,2.02
2025-07-06 22:00:00-04:00,62.9,61.85,-0.0,1.05
2025-07-06 23:00:00-04:00,52.33,51.2,-0.0,1.13
2025-07-07 00:00:00-04:00,48.93,47.0,-0.0,1.93
2025-07-07 01:00:00-04:00,44.21,42.3,-0.0,1.91
2025-07-07 02:00:00-04:00,39.97,38.21,-0.0,1.76
2025-07-07 03:00:00-04:00,38.87,36.28999999999999,0.84,1.74
2025-07-07 04:00:00-04:00,38.31,36.56,-0.0,1.75
2025-07-07 05:00:00-04:00,40.08,38.28,-0.0,1.8
2025-07-07 06:00:00-04:00,45.97,44.12,-0.0,1.85
2025-07-07 07:00:00-04:00,48.07,46.05,-0.0,2.02
2025-07-07 08:00:00-04:00,52.78,50.41,-0.0,2.37
2025-07-07 09:00:00-04:00,55.35,53.17,-0.0,2.18
2025-07-07 10:00:00-04:00,61.29,58.93,-0.0,2.36
2025-07-07 11:00:00-04:00,66.9,64.39,-0.0,2.51
2025-07-07 12:00:00-04:00,69.54,66.42,-0.0,3.12
2025-07-07 13:00:00-04:00,75.92,72.65,-0.0,3.27
2025-07-07 14:00:00-04:00,86.52,81.78,-0.0,4.74
2025-07-07 15:00:00-04:00,117.22,93.35,17.52,6.35
2025-07-07 16:00:00-04:00,136.61,107.15,21.96,7.5
2025-07-07 17:00:00-04:00,187.11,106.0,73.8,7.31
2025-07-07 18:00:00-04:00,210.1,107.66,95.34,7.1
2025-07-07 19:00:00-04:00,175.82,89.75,80.41,5.66
2025-07-07 20:00:00-04:00,161.4,78.35999999999999,79.43,3.61
2025-07-07 21:00:00-04:00,113.18,71.72,38.38,3.08
2025-07-07 22:00:00-04:00,75.63,65.75999999999999,6.98,2.89
2025-07-07 23:00:00-04:00,59.77,58.44,-0.66,1.99
2025-07-08 00:00:00-04:00,57.12,55.19,-0.0,1.93
2025-07-08 01:00:00-04:00,51.77,49.73,-0.0,2.04
2025-07-08 02:00:00-04:00,49.19,47.21,-0.0,1.98
2025-07-08 03:00:00-04:00,48.52,46.56,-0.0,1.96
2025-07-08 04:00:00-04:00,48.44,46.669999999999995,-0.0,1.77
2025-07-08 05:00:00-04:00,50.44,48.64,-0.0,1.8
2025-07-08 06:00:00-04:00,52.53,50.56,-0.0,1.97
2025-07-08 07:00:00-04:00,54.75,52.59,-0.0,2.16
2025-07-08 08:00:00-04:00,59.88,57.57,-0.0,2.31
2025-07-08 09:00:00-04:00,63.57,61.24,-0.0,2.33
2025-07-08 10:00:00-04:00,63.92,61.52,-0.0,2.4
2025-07-08 11:00:00-04:00,67.68,64.52000000000001,-0.0,3.16
2025-07-08 12:00:00-04:00,71.57,68.1,-0.0,3.47
2025-07-08 13:00:00-04:00,84.23,79.69,-0.0,4.54
2025-07-08 14:00:00-04:00,94.81,84.75,4.22,5.84
2025-07-08 15:00:00-04:00,135.59,93.13,35.85,6.61
2025-07-08 16:00:00-04:00,147.89,94.11999999999998,46.99,6.78
2025-07-08 17:00:00-04:00,188.14,97.15999999999998,83.98,7.0
2025-07-08 18:00:00-04:00,191.81,111.96,71.9,7.95
2025-07-08 19:00:00-04:00,156.94,92.59,58.15,6.2
2025-07-08 20:00:00-04:00,130.4,83.80000000000001,41.4,5.2
2025-07-08 21:00:00-04:00,94.0,75.95,14.25,3.8
2025-07-08 22:00:00-04:00,69.54,64.25,2.59,2.7
2025-07-08 23:00:00-04:00,58.24,56.32,-0.0,1.92
2025-07-09 00:00:00-04:00,53.31,51.260000000000005,-0.0,2.05
2025-07-09 01:00:00-04:00,48.36,46.37,-0.0,1.99
2025-07-09 02:00:00-04:00,46.08,44.22,-0.0,1.86
2025-07-09 03:00:00-04:00,44.42,42.63,-0.0,1.79
2025-07-09 04:00:00-04:00,44.93,43.16,-0.0,1.77
2025-07-09 05:00:00-04:00,47.99,46.06,-0.0,1.93
2025-07-09 06:00:00-04:00,50.06,48.82,-0.71,1.95
2025-07-09 07:00:00-04:00,52.87,50.3,0.71,1.86
2025-07-09 08:00:00-04:00,54.22,52.34,-0.0,1.88
2025-07-09 09:00:00-04:00,54.94,53.19,-0.0,1.75
2025-07-09 10:00:00-04:00,53.43,51.67,-0.0,1.76
2025-07-09 11:00:00-04:00,56.9,56.129999999999995,-0.8,1.57
2025-07-09 12:00:00-04:00,58.22,56.58,-0.0,1.64
2025-07-09 13:00:00-04:00,61.3,60.809999999999995,-1.21,1.7
2025-07-09 14:00:00-04:00,59.47,62.47,-4.81,1.81
2025-07-09 15:00:00-04:00,67.24,64.64999999999999,-0.0,2.59
2025-07-09 16:00:00-04:00,76.1,71.72,1.66,2.72
2025-07-09 17:00:00-04:00,87.1,84.77,-1.66,3.99
2025-07-09 18:00:00-04:00,84.36,80.42,-0.0,3.94
2025-07-09 19:00:00-04:00,82.15,79.60000000000001,-0.0,2.55
2025-07-09 20:00:00-04:00,74.37,72.0,-0.0,2.37
2025-07-09 21:00:00-04:00,66.1,63.53999999999999,0.91,1.65
2025-07-09 22:00:00-04:00,59.68,56.080000000000005,2.37,1.23
2025-07-09 23:00:00-04:00,49.67,51.46,-3.28,1.49
2025-07-10 00:00:00-04:00,49.16,47.45,-0.0,1.71
2025-07-10 01:00:00-04:00,46.83,44.98,-0.0,1.85
2025-07-10 02:00:00-04:00,41.49,40.13,-0.0,1.36
2025-07-10 03:00:00-04:00,39.61,38.24,-0.0,1.37
2025-07-10 04:00:00-04:00,39.6,38.26,-0.0,1.34
2025-07-10 05:00:00-04:00,40.86,39.4,-0.0,1.46
2025-07-10 06:00:00-04:00,45.16,43.419999999999995,-0.0,1.74
2025-07-10 07:00:00-04:00,48.61,47.2,-0.0,1.41
2025-07-10 08:00:00-04:00,51.62,50.26,-0.0,1.36
2025-07-10 09:00:00-04:00,54.92,53.370000000000005,-0.0,1.55
2025-07-10 10:00:00-04:00,55.94,54.47,-0.0,1.47
2025-07-10 11:00:00-04:00,55.27,55.13,-1.13,1.27
2025-07-10 12:00:00-04:00,56.2,57.46,-2.47,1.21
2025-07-10 13:00:00-04:00,57.51,59.959999999999994,-3.65,1.2
2025-07-10 14:00:00-04:00,58.33,62.379999999999995,-5.36,1.31
2025-07-10 15:00:00-04:00,60.51,65.17,-6.74,2.08
2025-07-10 16:00:00-04:00,64.72,70.47,-7.79,2.04
2025-07-10 17:00:00-04:00,74.4,79.29,-7.5,2.61
2025-07-10 18:00:00-04:00,68.6,75.27,-8.4,1.73
2025-07-10 19:00:00-04:00,67.3,69.64,-3.73,1.39
2025-07-10 20:00:00-04:00,65.54,64.32000000000001,-0.0,1.22
2025-07-10 21:00:00-04:00,62.43,61.51,-0.0,0.92
2025-07-10 22:00:00-04:00,54.97,52.52,1.03,1.42
2025-07-10 23:00:00-04:00,46.5,46.46,-1.03,1.07
2025-07-11 00:00:00-04:00,46.23,44.8,-0.0,1.43
2025-07-11 01:00:00-04:00,43.83,42.47,-0.0,1.36
2025-07-11 02:00:00-04:00,40.08,38.76,-0.0,1.32
2025-07-11 03:00:00-04:00,40.77,39.510000000000005,-0.0,1.26
2025-07-11 04:00:00-04:00,40.95,39.720000000000006,-0.0,1.23
2025-07-11 05:00:00-04:00,42.1,40.76,-0.0,1.34
2025-07-11 06:00:00-04:00,44.37,42.83,-0.0,1.54
2025-07-11 07:00:00-04:00,47.58,46.33,-0.0,1.25
2025-07-11 08:00:00-04:00,50.51,49.23,-0.0,1.28
2025-07-11 09:00:00-04:00,50.8,49.8,-0.0,1.0
2025-07-11 10:00:00-04:00,50.7,51.26,-1.48,0.92
2025-07-11 11:00:00-04:00,51.9,55.04,-4.18,1.04
2025-07-11 12:00:00-04:00,54.1,59.7,-6.73,1.13
2025-07-11 13:00:00-04:00,61.2,65.93,-6.12,1.39
2025-07-11 14:00:00-04:00,62.7,68.10000000000001,-7.38,1.98
2025-07-11 15:00:00-04:00,73.6,76.86999999999999,-5.96,2.69
2025-07-11 16:00:00-04:00,84.12,81.2,-0.0,2.92
2025-07-11 17:00:00-04:00,92.73,88.4,-0.0,4.33
2025-07-11 18:00:00-04:00,87.33,83.64999999999999,-0.0,3.68
2025-07-11 19:00:00-04:00,84.15,81.38000000000001,-0.0,2.77
2025-07-11 20:00:00-04:00,74.65,72.27000000000001,-0.0,2.38
2025-07-11 21:00:00-04:00,67.73,66.08,-0.0,1.65
2025-07-11 22:00:00-04:00,61.49,59.58,0.78,1.13
2025-07-11 23:00:00-04:00,53.35,53.28,-0.78,0.85
2025-07-12 00:00:00-04:00,49.27,48.21,-0.0,1.06
2025-07-12 01:00:00-04:00,43.75,42.27,-0.0,1.48
2025-07-12 02:00:00-04:00,40.0,38.54,-0.0,1.46
2025-07-12 03:00:00-04:00,39.38,37.940000000000005,-0.0,1.44
2025-07-12 04:00:00-04:00,37.22,35.86,-0.0,1.36
2025-07-12 05:00:00-04:00,38.41,36.93,-0.0,1.48
2025-07-12 06:00:00-04:00,38.86,37.66,-0.23,1.43
2025-07-12 07:00:00-04:00,38.46,37.040000000000006,0.23,1.19
2025-07-12 08:00:00-04:00,42.75,41.63,-0.0,1.12
2025-07-12 09:00:00-04:00,46.51,45.379999999999995,-0.0,1.13
2025-07-12 10:00:00-04:00,49.65,48.77,-0.0,0.88
2025-07-12 11:00:00-04:00,53.11,52.65,-0.01,0.47
2025-07-12 12:00:00-04:00,56.49,55.7,0.01,0.78
2025-07-12 13:00:00-04:00,61.9,60.98,-0.0,0.92
2025-07-12 14:00:00-04:00,66.86,65.67999999999999,-0.0,1.18
2025-07-12 15:00:00-04:00,74.2,72.46000000000001,-0.0,1.74
2025-07-12 16:00:00-04:00,81.78,79.94,-0.0,1.84
2025-07-12 17:00:00-04:00,87.52,84.72999999999999,-0.0,2.79
2025-07-12 18:00:00-04:00,84.27,81.82,-0.0,2.45
2025-07-12 19:00:00-04:00,83.17,81.22,-0.0,1.95
2025-07-12 20:00:00-04:00,74.07,72.47999999999999,-0.0,1.59
2025-07-12 21:00:00-04:00,66.79,65.80000000000001,-0.0,0.99
2025-07-12 22:00:00-04:00,56.83,55.61,-0.0,1.22
2025-07-12 23:00:00-04:00,51.6,50.440000000000005,-0.0,1.16
2025-07-13 00:00:00-04:00,48.16,46.44,-0.0,1.72
2025-07-13 01:00:00-04:00,43.38,41.91,-0.0,1.47
2025-07-13 02:00:00-04:00,38.87,37.24999999999999,0.24,1.38
2025-07-13 03:00:00-04:00,38.41,37.24,-0.24,1.41
2025-07-13 04:00:00-04:00,37.78,36.36,-0.0,1.42
2025-07-13 05:00:00-04:00,37.72,36.27,-0.0,1.45
2025-07-13 06:00:00-04:00,37.7,36.290000000000006,-0.0,1.41
2025-07-13 07:00:00-04:00,39.86,38.44,-0.0,1.42
2025-07-13 08:00:00-04:00,41.55,40.18,-0.0,1.37
2025-07-13 09:00:00-04:00,44.33,45.38999999999999,-2.01,0.95
2025-07-13 10:00:00-04:00,44.23,48.06,-4.7,0.87
2025-07-13 11:00:00-04:00,44.1,51.38,-8.0,0.72
2025-07-13 12:00:00-04:00,46.3,53.209999999999994,-7.55,0.64
2025-07-13 13:00:00-04:00,51.09,55.120000000000005,-4.69,0.66
2025-07-13 14:00:00-04:00,61.9,61.05,-0.0,0.85
2025-07-13 15:00:00-04:00,69.4,67.44000000000001,-0.0,1.96
2025-07-13 16:00:00-04:00,78.91,76.61,-0.0,2.3
2025-07-13 17:00:00-04:00,85.34,82.14,-0.0,3.2
2025-07-13 18:00:00-04:00,88.23,85.54,-0.73,3.42
2025-07-13 19:00:00-04:00,84.72,81.22999999999999,0.73,2.76
2025-07-13 20:00:00-04:00,78.09,75.89,-0.0,2.2
2025-07-13 21:00:00-04:00,68.13,66.47,-0.0,1.66
2025-07-13 22:00:00-04:00,65.18,59.55,4.68,0.95
2025-07-13 23:00:00-04:00,50.37,53.809999999999995,-4.68,1.24
2025-07-14 00:00:00-04:00,49.17,47.55,-0.0,1.62
2025-07-14 01:00:00-04:00,45.41,43.879999999999995,-0.0,1.53
2025-07-14 02:00:00-04:00,40.77,39.31,-0.0,1.46
2025-07-14 03:00:00-04:00,39.53,38.16,-0.0,1.37
2025-07-14 04:00:00-04:00,39.92,38.57,-0.0,1.35
2025-07-14 05:00:00-04:00,41.71,40.18,-0.0,1.53
2025-07-14 06:00:00-04:00,43.29,41.62,-0.0,1.67
2025-07-14 07:00:00-04:00,50.29,48.69,-0.0,1.6
2025-07-14 08:00:00-04:00,55.03,53.53,-0.0,1.5
2025-07-14 09:00:00-04:00,56.29,54.92,-0.0,1.37
2025-07-14 10:00:00-04:00,58.52,57.150000000000006,-0.0,1.37
2025-07-14 11:00:00-04:00,62.2,60.86,-0.0,1.34
2025-07-14 12:00:00-04:00,67.93,66.34,-0.0,1.59
2025-07-14 13:00:00-04:00,77.07,75.27,-0.0,1.8
2025-07-14 14:00:00-04:00,84.0,81.4,-0.0,2.6
2025-07-14 15:00:00-04:00,84.0,81.09,-0.0,2.91
2025-07-14 16:00:00-04:00,97.1,93.55,-0.0,3.55
2025-07-14 17:00:00-04:00,110.6,106.24,-0.0,4.36
2025-07-14 18:00:00-04:00,105.58,101.23,-0.0,4.35
2025-07-14 19:00:00-04:00,95.21,91.54,-0.0,3.67
2025-07-14 20:00:00-04:00,85.96,82.24999999999999,0.01,3.7
2025-07-14 21:00:00-04:00,77.4,75.36,-0.0,2.04
2025-07-14 22:00:00-04:00,67.46,63.97,2.08,1.41
2025-07-14 23:00:00-04:00,56.22,56.83,-2.08,1.47
2025-07-15 00:00:00-04:00,52.35,50.24,-0.0,2.11
2025-07-15 01:00:00-04:00,49.43,46.83,0.59,2.01
2025-07-15 02:00:00-04:00,47.2,45.82000000000001,-0.59,1.97
2025-07-15 03:00:00-04:00,44.1,42.28,-0.0,1.82
2025-07-15 04:00:00-04:00,44.44,42.77,-0.0,1.67
2025-07-15 05:00:00-04:00,47.06,45.99,-0.82,1.89
2025-07-15 06:00:00-04:00,51.63,49.0,0.82,1.81
2025-07-15 07:00:00-04:00,53.7,51.73,-0.0,1.97
2025-07-15 08:00:00-04:00,56.42,54.510000000000005,-0.0,1.91
2025-07-15 09:00:00-04:00,59.15,57.32,-0.0,1.83
2025-07-15 10:00:00-04:00,59.93,58.19,-0.0,1.74
2025-07-15 11:00:00-04:00,68.4,66.34,-0.0,2.06
2025-07-15 12:00:00-04:00,74.24,71.58999999999999,-0.0,2.65
2025-07-15 13:00:00-04:00,85.43,82.14,-0.0,3.29
2025-07-15 14:00:00-04:00,95.75,91.54,-0.0,4.21
2025-07-15 15:00:00-04:00,105.62,100.4,-0.0,5.22
2025-07-15 16:00:00-04:00,134.31,128.66,-0.0,5.65
2025-07-15 17:00:00-04:00,167.49,160.12,-0.0,7.37
2025-07-15 18:00:00-04:00,189.23,181.77,-0.0,7.46
2025-07-15 19:00:00-04:00,161.33,155.12,-0.0,6.21
2025-07-15 20:00:00-04:00,118.8,113.47,-0.0,5.33
2025-07-15 21:00:00-04:00,94.5,89.38,1.01,4.11
2025-07-15 22:00:00-04:00,74.04,71.54,-0.0,2.5
2025-07-15 23:00:00-04:00,63.83,62.27,-0.0,1.56
2025-07-16 00:00:00-04:00,85.0,74.65,7.07,3.28
2025-07-16 01:00:00-04:00,71.99,65.26,3.99,2.74
2025-07-16 02:00:00-04:00,66.22,60.62,3.0,2.6
2025-07-16 03:00:00-04:00,64.4,54.94000000000001,6.55,2.91
2025-07-16 04:00:00-04:00,64.1,53.91999999999999,7.48,2.7
2025-07-16 05:00:00-04:00,69.0,58.7,7.37,2.93
2025-07-16 06:00:00-04:00,75.4,62.190000000000005,10.35,2.86
2025-07-16 07:00:00-04:00,72.27,64.96,4.26,3.05
2025-07-16 08:00:00-04:00,79.97,67.25,9.23,3.49
2025-07-16 09:00:00-04:00,81.16,77.0,-0.0,4.16
2025-07-16 10:00:00-04:00,80.29,76.61,-0.0,3.68
2025-07-16 11:00:00-04:00,93.99,89.02,1.06,3.91
2025-07-16 12:00:00-04:00,102.87,98.34,-0.0,4.53
2025-07-16 13:00:00-04:00,120.89,115.91,-0.0,4.98
2025-07-16 14:00:00-04:00,136.7,131.31,-0.0,5.39
2025-07-16 15:00:00-04:00,166.81,158.0,1.54,7.27
2025-07-16 16:00:00-04:00,210.88,196.63,4.81,9.44
2025-07-16 17:00:00-04:00,278.61,239.61,26.07,12.93
2025-07-16 18:00:00-04:00,283.1,236.3,34.99,11.81
2025-07-16 19:00:00-04:00,232.9,196.17,27.31,9.42
2025-07-16 20:00:00-04:00,198.4,165.11,25.85,7.44
2025-07-16 21:00:00-04:00,146.0,124.73,16.15,5.12
2025-07-16 22:00:00-04:00,107.75,82.14,22.0,3.61
2025-07-16 23:00:00-04:00,86.0,73.13,9.73,3.14
2025-07-17 00:00:00-04:00,97.26,69.04,25.25,2.97
2025-07-17 01:00:00-04:00,83.03,67.12,12.69,3.22
2025-07-17 02:00:00-04:00,77.3,66.83999999999999,7.45,3.01
2025-07-17 03:00:00-04:00,74.96,66.63999999999999,5.59,2.73
2025-07-17 04:00:00-04:00,75.22,65.47999999999999,7.12,2.62
2025-07-17 05:00:00-04:00,77.4,66.91,7.48,3.01
2025-07-17 06:00:00-04:00,77.26,66.9,7.42,2.94
2025-07-17 07:00:00-04:00,87.09,66.9,17.11,3.08
2025-07-17 08:00:00-04:00,92.48,67.17999999999999,22.01,3.29
2025-07-17 09:00:00-04:00,100.19,71.44,25.11,3.64
2025-07-17 10:00:00-04:00,102.18,83.29,14.48,4.41
2025-07-17 11:00:00-04:00,113.97,97.36,10.87,5.74
2025-07-17 12:00:00-04:00,122.2,110.57,4.88,6.75
2025-07-17 13:00:00-04:00,150.0,118.94,23.56,7.5
2025-07-17 14:00:00-04:00,150.0,122.79999999999998,19.71,7.49
2025-07-17 15:00:00-04:00,190.26,137.51999999999998,44.49,8.25
2025-07-17 16:00:00-04:00,234.06,177.13,46.12,10.81
2025-07-17 17:00:00-04:00,305.3,206.62,86.7,11.98
2025-07-17 18:00:00-04:00,291.1,189.62,90.68,10.8
2025-07-17 19:00:00-04:00,250.0,142.96,99.47,7.57
2025-07-17 20:00:00-04:00,204.25,111.08,86.73,6.44
2025-07-17 21:00:00-04:00,150.29,83.09,62.47,4.73
2025-07-17 22:00:00-04:00,119.7,81.88,33.24,4.58
2025-07-17 23:00:00-04:00,95.47,67.38,24.45,3.64
2025-07-18 00:00:00-04:00,76.52,61.459999999999994,11.81,3.25
2025-07-18 01:00:00-04:00,71.0,50.7,17.67,2.63
2025-07-18 02:00:00-04:00,66.35,48.17999999999999,15.57,2.6
2025-07-18 03:00:00-04:00,63.41,49.17,11.59,2.65
2025-07-18 04:00:00-04:00,61.47,55.739999999999995,2.89,2.84
2025-07-18 05:00:00-04:00,62.38,55.41,4.2,2.77
2025-07-18 06:00:00-04:00,61.0,56.12,1.96,2.92
2025-07-18 07:00:00-04:00,64.99,59.27,2.99,2.73
2025-07-18 08:00:00-04:00,64.2,61.32,-0.0,2.88
2025-07-18 09:00:00-04:00,68.67,61.09,4.83,2.75
2025-07-18 10:00:00-04:00,54.0,56.73,-4.83,2.1
2025-07-18 11:00:00-04:00,58.15,56.129999999999995,-0.0,2.02
2025-07-18 12:00:00-04:00,59.98,58.82,-0.95,2.11
2025-07-18 13:00:00-04:00,66.2,62.8,0.95,2.45
2025-07-18 14:00:00-04:00,67.69,64.96,-0.0,2.73
2025-07-18 15:00:00-04:00,72.59,69.53,-0.0,3.06
2025-07-18 16:00:00-04:00,80.58,77.19,-0.0,3.39
2025-07-18 17:00:00-04:00,90.64,86.41,-0.0,4.23
2025-07-18 18:00:00-04:00,84.7,80.9,-0.0,3.8
2025-07-18 19:00:00-04:00,79.72,77.03,-0.0,2.69
2025-07-18 20:00:00-04:00,76.38,73.8,-0.0,2.58
2025-07-18 21:00:00-04:00,65.32,62.92999999999999,-0.0,2.39
2025-07-18 22:00:00-04:00,60.59,57.470000000000006,1.05,2.07
2025-07-18 23:00:00-04:00,55.04,54.3,-1.05,1.79
2025-07-19 00:00:00-04:00,49.91,47.9,-0.0,2.01
2025-07-19 01:00:00-04:00,41.66,40.209999999999994,-0.0,1.45
2025-07-19 02:00:00-04:00,38.76,37.379999999999995,-0.0,1.38
2025-07-19 03:00:00-04:00,37.0,35.58,-0.0,1.42
2025-07-19 04:00:00-04:00,37.04,35.61,-0.0,1.43
2025-07-19 05:00:00-04:00,35.99,34.54,-0.0,1.45
2025-07-19 06:00:00-04:00,36.65,35.17,-0.0,1.48
2025-07-19 07:00:00-04:00,36.84,35.36000000000001,-0.0,1.48
2025-07-19 08:00:00-04:00,37.94,36.62,-0.0,1.32
2025-07-19 09:00:00-04:00,39.25,37.96,-0.0,1.29
2025-07-19 10:00:00-04:00,35.98,37.989999999999995,-3.19,1.18
2025-07-19 11:00:00-04:00,37.5,41.72,-5.47,1.25
2025-07-19 12:00:00-04:00,38.27,43.41,-6.44,1.3
2025-07-19 13:00:00-04:00,44.61,47.48,-4.15,1.28
2025-07-19 14:00:00-04:00,48.48,50.44,-3.37,1.41
2025-07-19 15:00:00-04:00,48.78,53.330000000000005,-6.1,1.55
2025-07-19 16:00:00-04:00,63.18,59.58,2.35,1.25
2025-07-19 17:00:00-04:00,74.56,73.02,-0.0,1.54
2025-07-19 18:00:00-04:00,77.59,75.99000000000001,-0.0,1.6
2025-07-19 19:00:00-04:00,77.79,76.34,-0.0,1.45
2025-07-19 20:00:00-04:00,69.19,68.17,-0.0,1.02
2025-07-19 21:00:00-04:00,62.17,59.43,1.85,0.89
2025-07-19 22:00:00-04:00,53.91,54.669999999999995,-1.85,1.09
2025-07-19 23:00:00-04:00,52.06,50.64,-0.0,1.42
2025-07-20 00:00:00-04:00,50.38,48.21,-0.0,2.17
2025-07-20 01:00:00-04:00,44.71,42.26,0.46,1.99
2025-07-20 02:00:00-04:00,41.18,37.79,1.58,1.81
2025-07-20 03:00:00-04:00,39.2,35.35000000000001,2.12,1.73
2025-07-20 04:00:00-04:00,38.2,35.28000000000001,1.16,1.76
2025-07-20 05:00:00-04:00,38.7,35.25000000000001,1.69,1.76
2025-07-20 06:00:00-04:00,40.11,35.99,2.36,1.76
2025-07-20 07:00:00-04:00,38.25,36.5,-0.0,1.75
2025-07-20 08:00:00-04:00,42.1,40.02,-0.0,2.08
2025-07-20 09:00:00-04:00,46.46,44.21,-0.0,2.25
2025-07-20 10:00:00-04:00,48.37,46.02,-0.0,2.35
2025-07-20 11:00:00-04:00,50.14,47.71,-0.0,2.43
2025-07-20 12:00:00-04:00,53.49,50.75,-0.0,2.74
2025-07-20 13:00:00-04:00,56.61,53.76,-0.0,2.85
2025-07-20 14:00:00-04:00,57.92,54.8,-0.0,3.12
2025-07-20 15:00:00-04:00,60.72,57.45,-0.0,3.27
2025-07-20 16:00:00-04:00,69.19,65.39999999999999,-0.0,3.79
2025-07-20 17:00:00-04:00,82.25,77.67,-0.0,4.58
2025-07-20 18:00:00-04:00,91.3,86.63,-0.0,4.67
2025-07-20 19:00:00-04:00,84.84,81.03,-0.0,3.81
2025-07-20 20:00:00-04:00,80.98,77.64,-0.0,3.34
2025-07-20 21:00:00-04:00,70.59,68.14,-0.0,2.45
2025-07-20 22:00:00-04:00,57.24,54.84,0.2,2.2
2025-07-20 23:00:00-04:00,51.72,49.68,-0.2,2.24
2025-07-21 00:00:00-04:00,47.29,45.17,-0.0,2.12
2025-07-21 01:00:00-04:00,41.52,39.690000000000005,-0.0,1.83
2025-07-21 02:00:00-04:00,37.75,36.05,-0.0,1.7
2025-07-21 03:00:00-04:00,35.3,33.75,-0.0,1.55
2025-07-21 04:00:00-04:00,35.38,33.85,-0.0,1.53
2025-07-21 05:00:00-04:00,36.51,35.01,-0.0,1.5
2025-07-21 06:00:00-04:00,39.34,37.790000000000006,-0.0,1.55
2025-07-21 07:00:00-04:00,41.6,39.73,-0.0,1.87
2025-07-21 08:00:00-04:00,40.3,39.95,-1.49,1.84
2025-07-21 09:00:00-04:00,40.83,37.68,1.49,1.66
2025-07-21 10:00:00-04:00,38.4,37.129999999999995,-0.36,1.63
2025-07-21 11:00:00-04:00,41.91,40.35,-0.13,1.69
2025-07-21 12:00:00-04:00,41.88,40.620000000000005,-0.57,1.83
2025-07-21 13:00:00-04:00,44.21,42.85,-0.52,1.88
2025-07-21 14:00:00-04:00,45.08,43.58,-0.55,2.05
2025-07-21 15:00:00-04:00,48.37,47.76,-1.78,2.39
2025-07-21 16:00:00-04:00,57.51,53.55,1.5,2.46
2025-07-21 17:00:00-04:00,65.61,62.78,-0.0,2.83
2025-07-21 18:00:00-04:00,74.46,72.00999999999999,-0.0,2.45
2025-07-21 19:00:00-04:00,69.7,67.34,-0.0,2.36
2025-07-21 20:00:00-04:00,59.26,57.26,-0.0,2.0
2025-07-21 21:00:00-04:00,54.13,52.1,-0.0,2.03
2025-07-21 22:00:00-04:00,49.73,47.95,-0.0,1.78
2025-07-21 23:00:00-04:00,44.82,43.31,-0.0,1.51
2025-07-22 00:00:00-04:00,39.89,38.65,-0.0,1.24
2025-07-22 01:00:00-04:00,37.95,36.06000000000001,0.66,1.23
2025-07-22 02:00:00-04:00,35.42,34.96,-0.66,1.12
2025-07-22 03:00:00-04:00,33.26,32.23,-0.0,1.03
2025-07-22 04:00:00-04:00,32.18,31.21,-0.0,0.97
2025-07-22 05:00:00-04:00,35.1,34.01,-0.0,1.09
2025-07-22 06:00:00-04:00,39.02,38.07,-0.0,0.95
2025-07-22 07:00:00-04:00,37.89,37.0,-0.0,0.89
2025-07-22 08:00:00-04:00,36.81,36.02,-0.0,0.79
2025-07-22 09:00:00-04:00,34.76,34.04,-0.0,0.72
2025-07-22 10:00:00-04:00,34.66,34.05,-0.0,0.61
2025-07-22 11:00:00-04:00,34.8,36.32,-2.14,0.62
2025-07-22 12:00:00-04:00,35.8,37.379999999999995,-2.25,0.67
2025-07-22 13:00:00-04:00,36.9,38.88999999999999,-2.69,0.7
2025-07-22 14:00:00-04:00,37.25,42.53,-5.96,0.68
2025-07-22 15:00:00-04:00,40.1,44.17,-4.82,0.75
2025-07-22 16:00:00-04:00,48.88,48.06,-0.0,0.82
2025-07-22 17:00:00-04:00,58.5,57.63,-0.0,0.87
2025-07-22 18:00:00-04:00,65.08,64.25,-0.0,0.83
2025-07-22 19:00:00-04:00,66.82,66.08999999999999,-0.0,0.73
2025-07-22 20:00:00-04:00,64.0,63.24,-0.0,0.76
2025-07-22 21:00:00-04:00,57.27,53.52,3.06,0.69
2025-07-22 22:00:00-04:00,46.15,48.15,-3.06,1.06
2025-07-22 23:00:00-04:00,41.77,40.67,-0.0,1.1
2025-07-23 00:00:00-04:00,40.0,38.72,-0.0,1.28
2025-07-23 01:00:00-04:00,36.24,34.88,-0.0,1.36
2025-07-23 02:00:00-04:00,34.05,32.769999999999996,-0.0,1.28
2025-07-23 03:00:00-04:00,31.21,29.98,-0.0,1.23
2025-07-23 04:00:00-04:00,31.5,29.85,0.4,1.25
2025-07-23 05:00:00-04:00,34.9,33.75,-0.0,1.15
2025-07-23 06:00:00-04:00,39.73,38.529999999999994,-0.0,1.2
2025-07-23 07:00:00-04:00,40.88,39.61,-0.0,1.27
2025-07-23 08:00:00-04:00,39.67,38.52,-0.0,1.15
2025-07-23 09:00:00-04:00,39.37,38.19,-0.0,1.18
2025-07-23 10:00:00-04:00,42.07,40.93,-0.0,1.14
2025-07-23 11:00:00-04:00,44.71,43.75,-0.0,0.96
2025-07-23 12:00:00-04:00,46.33,45.47,-0.0,0.86
2025-07-23 13:00:00-04:00,49.97,49.09,-0.0,0.88
2025-07-23 14:00:00-04:00,53.01,52.07,-0.0,0.94
2025-07-23 15:00:00-04:00,55.37,54.34,-0.0,1.03
2025-07-23 16:00:00-04:00,62.26,61.04,-0.0,1.22
2025-07-23 17:00:00-04:00,76.73,75.45,-0.0,1.28
2025-07-23 18:00:00-04:00,78.97,77.19,-0.0,1.78
2025-07-23 19:00:00-04:00,78.34,76.95,-0.0,1.39
2025-07-23 20:00:00-04:00,73.88,73.07,-0.0,0.81
2025-07-23 21:00:00-04:00,62.36,61.14,-0.0,1.22
2025-07-23 22:00:00-04:00,52.4,51.43,-0.0,0.97
2025-07-23 23:00:00-04:00,47.26,46.33,-0.0,0.93
2025-07-24 00:00:00-04:00,43.82,42.71,-0.0,1.11
2025-07-24 01:00:00-04:00,38.41,37.33,-0.0,1.08
2025-07-24 02:00:00-04:00,35.2,33.980000000000004,-0.0,1.22
2025-07-24 03:00:00-04:00,31.46,30.22,-0.0,1.24
2025-07-24 04:00:00-04:00,32.6,31.380000000000003,-0.0,1.22
2025-07-24 05:00:00-04:00,35.61,34.269999999999996,-0.0,1.34
2025-07-24 06:00:00-04:00,37.3,34.629999999999995,1.04,1.63
2025-07-24 07:00:00-04:00,42.3,37.65,2.73,1.92
2025-07-24 08:00:00-04:00,42.95,41.02,-0.0,1.93
2025-07-24 09:00:00-04:00,44.96,42.9,-0.0,2.06
2025-07-24 10:00:00-04:00,48.78,46.63,-0.0,2.15
2025-07-24 11:00:00-04:00,53.3,51.059999999999995,-0.0,2.24
2025-07-24 12:00:00-04:00,58.16,55.709999999999994,-0.0,2.45
2025-07-24 13:00:00-04:00,66.7,63.95,-0.0,2.75
2025-07-24 14:00:00-04:00,81.46,78.17999999999999,-0.0,3.28
2025-07-24 15:00:00-04:00,90.1,86.22,-0.0,3.88
2025-07-24 16:00:00-04:00,115.21,104.38,4.36,6.47
2025-07-24 17:00:00-04:00,143.62,135.19,0.18,8.25
2025-07-24 18:00:00-04:00,162.76,151.73,2.23,8.8
2025-07-24 19:00:00-04:00,139.27,124.46,8.22,6.59
2025-07-24 20:00:00-04:00,111.75,97.19,9.99,4.57
2025-07-24 21:00:00-04:00,90.1,83.39,3.46,3.25
2025-07-24 22:00:00-04:00,69.35,67.39,-0.0,1.96
2025-07-24 23:00:00-04:00,59.72,58.1,-0.0,1.62
2025-07-25 00:00:00-04:00,62.41,59.309999999999995,1.02,2.08
2025-07-25 01:00:00-04:00,56.03,52.81,1.21,2.01
2025-07-25 02:00:00-04:00,54.12,49.28999999999999,2.91,1.92
2025-07-25 03:00:00-04:00,51.55,48.9,0.75,1.9
2025-07-25 04:00:00-04:00,51.65,49.54,0.23,1.88
2025-07-25 05:00:00-04:00,55.04,48.85,3.94,2.25
2025-07-25 06:00:00-04:00,59.27,48.45,8.4,2.42
2025-07-25 07:00:00-04:00,66.86,49.45,14.74,2.67
2025-07-25 08:00:00-04:00,64.96,54.059999999999995,8.04,2.86
2025-07-25 09:00:00-04:00,67.2,59.790000000000006,4.12,3.29
2025-07-25 10:00:00-04:00,69.88,65.5,0.91,3.47
2025-07-25 11:00:00-04:00,87.09,82.79,-0.0,4.3
2025-07-25 12:00:00-04:00,103.71,92.35,5.36,6.0
2025-07-25 13:00:00-04:00,128.66,95.25,26.84,6.57
2025-07-25 14:00:00-04:00,140.3,101.56,31.53,7.21
2025-07-25 15:00:00-04:00,168.0,101.53,59.26,7.21
2025-07-25 16:00:00-04:00,215.0,113.16,93.58,8.26
2025-07-25 17:00:00-04:00,302.17,133.16000000000005,159.42,9.59
2025-07-25 18:00:00-04:00,278.61,145.88000000000005,122.52,10.21
2025-07-25 19:00:00-04:00,250.0,143.65,96.87,9.48
2025-07-25 20:00:00-04:00,188.9,114.72,66.83,7.35
2025-07-25 21:00:00-04:00,123.0,96.01,21.13,5.86
2025-07-25 22:00:00-04:00,85.17,81.42,-0.0,3.75
2025-07-25 23:00:00-04:00,69.58,65.27,1.18,3.13
2025-07-26 00:00:00-04:00,57.79,55.78,-0.0,2.01
2025-07-26 01:00:00-04:00,49.86,47.94,-0.0,1.92
2025-07-26 02:00:00-04:00,43.97,42.16,-0.0,1.81
2025-07-26 03:00:00-04:00,42.4,40.69,-0.0,1.71
2025-07-26 04:00:00-04:00,42.16,40.459999999999994,-0.0,1.7
2025-07-26 05:00:00-04:00,41.68,40.0,-0.0,1.68
2025-07-26 06:00:00-04:00,42.85,42.690000000000005,-1.63,1.79
2025-07-26 07:00:00-04:00,42.3,38.989999999999995,1.63,1.68
2025-07-26 08:00:00-04:00,43.92,42.52,-0.0,1.4
2025-07-26 09:00:00-04:00,48.42,47.1,-0.0,1.32
2025-07-26 10:00:00-04:00,49.88,48.760000000000005,-0.0,1.12
2025-07-26 11:00:00-04:00,53.6,52.5,-0.0,1.1
2025-07-26 12:00:00-04:00,55.94,54.9,-0.0,1.04
2025-07-26 13:00:00-04:00,58.46,57.43,-0.0,1.03
2025-07-26 14:00:00-04:00,62.55,61.51,-0.0,1.04
2025-07-26 15:00:00-04:00,65.33,64.24,-0.0,1.09
2025-07-26 16:00:00-04:00,77.92,76.10000000000001,-0.0,1.82
2025-07-26 17:00:00-04:00,85.6,82.94999999999999,-0.0,2.65
2025-07-26 18:00:00-04:00,90.0,87.46,-0.0,2.54
2025-07-26 19:00:00-04:00,82.71,80.61999999999999,-0.0,2.09
2025-07-26 20:00:00-04:00,78.42,76.8,-0.0,1.62
2025-07-26 21:00:00-04:00,71.09,67.67,2.34,1.08
2025-07-26 22:00:00-04:00,59.01,57.11,0.82,1.08
2025-07-26 23:00:00-04:00,51.78,53.760000000000005,-3.16,1.18
2025-07-27 00:00:00-04:00,45.3,43.94,-0.0,1.36
2025-07-27 01:00:00-04:00,40.27,38.91,-0.0,1.36
2025-07-27 02:00:00-04:00,37.8,36.489999999999995,-0.0,1.31
2025-07-27 03:00:00-04:00,36.06,34.77,-0.0,1.29
2025-07-27 04:00:00-04:00,35.79,34.51,-0.0,1.28
2025-07-27 05:00:00-04:00,34.87,33.589999999999996,-0.0,1.28
2025-07-27 06:00:00-04:00,35.46,34.13,-0.0,1.33
2025-07-27 07:00:00-04:00,36.1,34.980000000000004,-0.0,1.12
2025-07-27 08:00:00-04:00,38.79,37.7,-0.0,1.09
2025-07-27 09:00:00-04:00,43.4,42.68,-0.0,0.72
2025-07-27 10:00:00-04:00,46.63,46.080000000000005,-0.0,0.55
2025-07-27 11:00:00-04:00,48.72,48.1,-0.0,0.62
2025-07-27 12:00:00-04:00,50.57,49.97,-0.0,0.6
2025-07-27 13:00:00-04:00,53.31,52.89,-0.0,0.42
2025-07-27 14:00:00-04:00,54.5,56.81,-2.42,0.11
2025-07-27 15:00:00-04:00,57.29,59.3,-1.95,-0.06
2025-07-27 16:00:00-04:00,65.53,68.46000000000001,-3.0,0.07
2025-07-27 17:00:00-04:00,75.88,76.64,-1.15,0.39
2025-07-27 18:00:00-04:00,78.8,78.1,-0.0,0.7
2025-07-27 19:00:00-04:00,79.57,79.00999999999999,-0.0,0.56
2025-07-27 20:00:00-04:00,75.5,75.65,-0.0,-0.15
2025-07-27 21:00:00-04:00,70.6,69.07,1.81,-0.28
2025-07-27 22:00:00-04:00,56.49,57.89000000000001,-1.81,0.41
2025-07-27 23:00:00-04:00,50.0,49.7,-0.0,0.3
2025-07-28 00:00:00-04:00,50.31,49.620000000000005,-0.0,0.69
2025-07-28 01:00:00-04:00,44.98,43.879999999999995,-0.0,1.1
2025-07-28 02:00:00-04:00,39.44,38.18,-0.0,1.26
2025-07-28 03:00:00-04:00,36.92,35.67,-0.0,1.25
2025-07-28 04:00:00-04:00,36.87,35.62,-0.0,1.25
2025-07-28 05:00:00-04:00,39.49,38.38,-0.0,1.11
2025-07-28 06:00:00-04:00,44.44,43.4,-0.0,1.04
2025-07-28 07:00:00-04:00,49.17,48.49,-0.0,0.68
2025-07-28 08:00:00-04:00,50.5,49.9,-0.0,0.6
2025-07-28 09:00:00-04:00,53.0,54.69,-2.18,0.49
2025-07-28 10:00:00-04:00,60.08,61.44,-1.85,0.49
2025-07-28 11:00:00-04:00,68.04,71.86,-4.61,0.79
2025-07-28 12:00:00-04:00,74.2,79.35,-7.13,1.98
2025-07-28 13:00:00-04:00,90.64,91.98,-4.47,3.13
2025-07-28 14:00:00-04:00,98.0,97.96,-4.66,4.7
2025-07-28 15:00:00-04:00,124.2,121.86,-3.99,6.33
2025-07-28 16:00:00-04:00,150.76,151.54999999999998,-9.42,8.63
2025-07-28 17:00:00-04:00,232.8,224.82,-4.15,12.13
2025-07-28 18:00:00-04:00,257.0,244.54,-0.0,12.46
2025-07-28 19:00:00-04:00,224.97,214.67,-0.0,10.3
2025-07-28 20:00:00-04:00,159.93,152.25000000000003,-0.08,7.76
2025-07-28 21:00:00-04:00,100.03,95.83,0.08,4.12
2025-07-28 22:00:00-04:00,79.31,77.22,-0.0,2.09
2025-07-28 23:00:00-04:00,64.7,63.99,-0.0,0.71
2025-07-29 00:00:00-04:00,59.25,57.53,-0.0,1.72
2025-07-29 01:00:00-04:00,54.95,53.400000000000006,-0.0,1.55
2025-07-29 02:00:00-04:00,49.8,48.26,-0.0,1.54
2025-07-29 03:00:00-04:00,47.91,46.419999999999995,-0.0,1.49
2025-07-29 04:00:00-04:00,47.57,46.23,-0.0,1.34
2025-07-29 05:00:00-04:00,50.14,48.97,-0.0,1.17
2025-07-29 06:00:00-04:00,53.68,52.27,-0.0,1.41
2025-07-29 07:00:00-04:00,56.36,55.55,-0.36,1.17
2025-07-29 08:00:00-04:00,60.78,59.35,0.36,1.07
2025-07-29 09:00:00-04:00,66.07,65.16,-0.0,0.91
2025-07-29 10:00:00-04:00,78.41,76.86999999999999,-0.0,1.54
2025-07-29 11:00:00-04:00,89.61,87.17,-0.0,2.44
2025-07-29 12:00:00-04:00,99.23,95.41,-0.0,3.82
2025-07-29 13:00:00-04:00,128.31,122.09,-0.0,6.22
2025-07-29 14:00:00-04:00,156.07,148.07999999999998,-0.0,7.99
2025-07-29 15:00:00-04:00,235.0,210.11,12.5,12.39
2025-07-29 16:00:00-04:00,271.41,247.44,9.12,14.85
2025-07-29 17:00:00-04:00,336.32,307.51,10.36,18.45
2025-07-29 18:00:00-04:00,370.67,347.52000000000004,3.0,20.15
2025-07-29 19:00:00-04:00,328.45,311.34,-0.0,17.11
2025-07-29 20:00:00-04:00,231.05,220.26,-0.0,10.79
2025-07-29 21:00:00-04:00,148.8,142.54000000000002,-0.0,6.26
2025-07-29 22:00:00-04:00,91.53,90.75,-1.85,2.63
2025-07-29 23:00:00-04:00,76.79,73.69000000000001,1.85,1.25
2025-07-30 00:00:00-04:00,75.33,73.42,0.66,1.25
2025-07-30 01:00:00-04:00,63.83,62.669999999999995,-0.66,1.82
2025-07-30 02:00:00-04:00,60.33,58.18,-0.0,2.15
2025-07-30 03:00:00-04:00,53.48,51.47,-0.0,2.01
2025-07-30 04:00:00-04:00,53.66,51.8,-0.0,1.86
2025-07-30 05:00:00-04:00,58.59,56.830000000000005,-0.0,1.76
2025-07-30 06:00:00-04:00,60.41,58.349999999999994,-0.21,2.27
2025-07-30 07:00:00-04:00,62.14,59.32,0.21,2.61
2025-07-30 08:00:00-04:00,63.76,61.19,-0.0,2.57
2025-07-30 09:00:00-04:00,67.15,64.56,-0.0,2.59
2025-07-30 10:00:00-04:00,69.26,66.79,-0.0,2.47
2025-07-30 11:00:00-04:00,85.97,82.99,-0.0,2.98
2025-07-30 12:00:00-04:00,98.31,93.72,-0.0,4.59
2025-07-30 13:00:00-04:00,116.3,109.33,0.19,6.78
2025-07-30 14:00:00-04:00,139.39,131.63,-0.4,8.16
2025-07-30 15:00:00-04:00,165.89,146.17999999999998,10.06,9.65
2025-07-30 16:00:00-04:00,207.23,185.05,9.42,12.76
2025-07-30 17:00:00-04:00,269.21,242.9,10.03,16.28
2025-07-30 18:00:00-04:00,358.67,280.84000000000003,58.47,19.36
2025-07-30 19:00:00-04:00,304.5,231.88,57.32,15.3
2025-07-30 20:00:00-04:00,218.46,159.28000000000003,48.98,10.2
2025-07-30 21:00:00-04:00,106.0,99.49,1.24,5.27
2025-07-30 22:00:00-04:00,84.48,81.62,-0.0,2.86
2025-07-30 23:00:00-04:00,70.89,69.16,-0.0,1.73
2025-07-31 00:00:00-04:00,65.91,63.74999999999999,0.63,1.53
2025-07-31 01:00:00-04:00,55.46,54.3,-0.63,1.79
2025-07-31 02:00:00-04:00,48.5,46.63,-0.0,1.87
2025-07-31 03:00:00-04:00,47.52,45.650000000000006,-0.0,1.87
2025-07-31 04:00:00-04:00,46.3,44.48,-0.0,1.82
2025-07-31 05:00:00-04:00,49.97,48.19,-0.0,1.78
2025-07-31 06:00:00-04:00,54.48,52.94,-0.0,1.54
2025-07-31 07:00:00-04:00,56.73,55.19,-0.0,1.54
2025-07-31 08:00:00-04:00,57.34,55.78,-0.0,1.56
2025-07-31 09:00:00-04:00,57.97,56.34,-0.0,1.63
2025-07-31 10:00:00-04:00,57.51,56.05,-0.0,1.46
2025-07-31 11:00:00-04:00,60.54,58.95,-0.0,1.59
2025-07-31 12:00:00-04:00,63.82,62.02,-0.0,1.8
2025-07-31 13:00:00-04:00,67.8,66.08,-0.0,1.72
2025-07-31 14:00:00-04:00,69.74,67.77,-0.0,1.97
2025-07-31 15:00:00-04:00,72.9,70.5,-0.0,2.4
2025-07-31 16:00:00-04:00,74.61,72.3,-0.0,2.31
2025-07-31 17:00:00-04:00,75.89,73.83,-0.0,2.06
2025-07-31 18:00:00-04:00,70.77,68.91,-0.0,1.86
2025-07-31 19:00:00-04:00,65.28,63.69,-0.0,1.59
2025-07-31 20:00:00-04:00,62.27,58.010000000000005,2.64,1.62
2025-07-31 21:00:00-04:00,59.28,56.24,1.58,1.46
2025-07-31 22:00:00-04:00,54.63,53.76,-0.37,1.24
2025-07-31 23:00:00-04:00,47.33,49.93,-3.85,1.25
2025-08-01 00:00:00-04:00,43.84,42.150000000000006,-0.0,1.69
2025-08-01 01:00:00-04:00,39.31,37.73,-0.0,1.58
2025-08-01 02:00:00-04:00,35.74,34.36,-0.0,1.38
2025-08-01 03:00:00-04:00,32.18,30.85,-0.0,1.33
2025-08-01 04:00:00-04:00,32.46,31.12,-0.0,1.34
2025-08-01 05:00:00-04:00,34.1,32.690000000000005,-0.0,1.41
2025-08-01 06:00:00-04:00,39.04,37.54,-0.0,1.5
2025-08-01 07:00:00-04:00,42.34,40.790000000000006,-0.0,1.55
2025-08-01 08:00:00-04:00,44.01,42.48,-0.0,1.53
2025-08-01 09:00:00-04:00,41.91,40.459999999999994,-0.0,1.45
2025-08-01 10:00:00-04:00,39.88,38.57,-0.0,1.31
2025-08-01 11:00:00-04:00,39.8,38.57,-0.0,1.23
2025-08-01 12:00:00-04:00,40.31,39.06,-0.0,1.25
2025-08-01 13:00:00-04:00,42.06,40.92,-0.0,1.14
2025-08-01 14:00:00-04:00,42.58,41.54,-0.0,1.04
2025-08-01 15:00:00-04:00,45.32,44.21,-0.0,1.11
2025-08-01 16:00:00-04:00,48.08,46.82,-0.0,1.26
2025-08-01 17:00:00-04:00,51.99,50.16,0.58,1.25
2025-08-01 18:00:00-04:00,56.8,56.15,-0.58,1.23
2025-08-01 19:00:00-04:00,57.19,56.129999999999995,-0.0,1.06
2025-08-01 20:00:00-04:00,53.98,52.66,-0.0,1.32
2025-08-01 21:00:00-04:00,47.26,46.02,-0.0,1.24
2025-08-01 22:00:00-04:00,40.99,39.95,-0.0,1.04
2025-08-01 23:00:00-04:00,37.44,36.489999999999995,-0.0,0.95
2025-08-02 00:00:00-04:00,40.37,38.97,-0.0,1.4
2025-08-02 01:00:00-04:00,36.33,35.1,-0.0,1.23
2025-08-02 02:00:00-04:00,32.35,31.41,-0.0,0.94
2025-08-02 03:00:00-04:00,30.13,29.25,-0.0,0.88
2025-08-02 04:00:00-04:00,30.48,29.62,-0.0,0.86
2025-08-02 05:00:00-04:00,30.65,29.79,-0.0,0.86
2025-08-02 06:00:00-04:00,32.75,31.83,-0.0,0.92
2025-08-02 07:00:00-04:00,33.36,32.2,-0.0,1.16
2025-08-02 08:00:00-04:00,31.09,30.21,-0.0,0.88
2025-08-02 09:00:00-04:00,30.55,29.78,-0.0,0.77
2025-08-02 10:00:00-04:00,29.51,28.76,-0.0,0.75
2025-08-02 11:00:00-04:00,30.45,29.74,-0.0,0.71
2025-08-02 12:00:00-04:00,31.8,30.94,-0.0,0.86
2025-08-02 13:00:00-04:00,33.77,32.92,-0.0,0.85
2025-08-02 14:00:00-04:00,35.91,34.97,-0.0,0.94
2025-08-02 15:00:00-04:00,38.73,37.68,-0.0,1.05
2025-08-02 16:00:00-04:00,45.88,44.5,-0.0,1.38
2025-08-02 17:00:00-04:00,55.23,53.73,-0.0,1.5
2025-08-02 18:00:00-04:00,61.92,60.17,-0.0,1.75
2025-08-02 19:00:00-04:00,60.02,58.330000000000005,-0.0,1.69
2025-08-02 20:00:00-04:00,54.56,52.760000000000005,-0.0,1.8
2025-08-02 21:00:00-04:00,47.48,45.739999999999995,-0.0,1.74
2025-08-02 22:00:00-04:00,43.24,41.580000000000005,-0.0,1.66
2025-08-02 23:00:00-04:00,38.2,36.870000000000005,-0.0,1.33
2025-08-03 00:00:00-04:00,36.15,35.03,-0.0,1.12
2025-08-03 01:00:00-04:00,31.07,29.87,-0.0,1.2
2025-08-03 02:00:00-04:00,28.52,27.42,-0.0,1.1
2025-08-03 03:00:00-04:00,26.59,25.57,-0.0,1.02
2025-08-03 04:00:00-04:00,26.25,25.22,-0.0,1.03
2025-08-03 05:00:00-04:00,26.74,25.709999999999997,-0.0,1.03
2025-08-03 06:00:00-04:00,26.95,25.82,-0.0,1.13
2025-08-03 07:00:00-04:00,27.58,26.24,0.16,1.18
2025-08-03 08:00:00-04:00,27.26,26.360000000000003,-0.0,0.9
2025-08-03 09:00:00-04:00,27.16,26.37,-0.0,0.79
2025-08-03 10:00:00-04:00,28.8,27.96,-0.0,0.84
2025-08-03 11:00:00-04:00,30.77,29.9,-0.0,0.87
2025-08-03 12:00:00-04:00,31.7,30.75,-0.0,0.95
2025-08-03 13:00:00-04:00,34.92,34.0,-0.0,0.92
2025-08-03 14:00:00-04:00,38.07,37.07,-0.0,1.0
2025-08-03 15:00:00-04:00,42.32,41.95,-0.55,0.92
2025-08-03 16:00:00-04:00,51.8,50.15,0.55,1.1
2025-08-03 17:00:00-04:00,64.73,63.220000000000006,-0.0,1.51
2025-08-03 18:00:00-04:00,75.83,74.34,-0.0,1.49
2025-08-03 19:00:00-04:00,77.95,76.73,-0.0,1.22
2025-08-03 20:00:00-04:00,70.05,68.75,-0.0,1.3
2025-08-03 21:00:00-04:00,58.15,57.07,-0.0,1.08
2025-08-03 22:00:00-04:00,50.73,49.79,-0.0,0.94
2025-08-03 23:00:00-04:00,44.4,43.66,-0.0,0.74
2025-08-04 00:00:00-04:00,38.33,37.25,-0.0,1.08
2025-08-04 01:00:00-04:00,34.69,33.75,-0.0,0.94
2025-08-04 02:00:00-04:00,31.71,30.79,-0.0,0.92
2025-08-04 03:00:00-04:00,29.38,28.5,-0.0,0.88
2025-08-04 04:00:00-04:00,29.63,28.85,-0.0,0.78
2025-08-04 05:00:00-04:00,33.6,32.84,-0.0,0.76
2025-08-04 06:00:00-04:00,36.89,36.24,-0.0,0.65
2025-08-04 07:00:00-04:00,39.58,38.61,-0.0,0.97
2025-08-04 08:00:00-04:00,38.19,37.15,-0.0,1.04
2025-08-04 09:00:00-04:00,37.45,36.470000000000006,-0.0,0.98
2025-08-04 10:00:00-04:00,41.6,40.47,-0.0,1.13
2025-08-04 11:00:00-04:00,43.76,44.9,-2.08,0.94
2025-08-04 12:00:00-04:00,48.1,47.45,-0.25,0.9
2025-08-04 13:00:00-04:00,52.1,51.18,-0.0,0.92
2025-08-04 14:00:00-04:00,53.5,52.66,-0.0,0.84
2025-08-04 15:00:00-04:00,57.27,56.42,-0.0,0.85
2025-08-04 16:00:00-04:00,69.94,68.57,-0.0,1.37
2025-08-04 17:00:00-04:00,81.98,79.59,-0.0,2.39
2025-08-04 18:00:00-04:00,83.2,81.01,-0.0,2.19
2025-08-04 19:00:00-04:00,81.52,79.53,-0.0,1.99
2025-08-04 20:00:00-04:00,76.07,74.88,-0.0,1.19
2025-08-04 21:00:00-04:00,62.61,61.99,-0.0,0.62
2025-08-04 22:00:00-04:00,55.18,54.74,-0.0,0.44
2025-08-04 23:00:00-04:00,47.96,47.67,-0.0,0.29
2025-08-05 00:00:00-04:00,45.18,44.51,-0.0,0.67
2025-08-05 01:00:00-04:00,39.91,39.36,-0.0,0.55
2025-08-05 02:00:00-04:00,35.66,34.959999999999994,-0.0,0.7
2025-08-05 03:00:00-04:00,34.6,33.96,-0.0,0.64
2025-08-05 04:00:00-04:00,32.9,32.22,-0.0,0.68
2025-08-05 05:00:00-04:00,34.31,33.25,-0.0,1.06
2025-08-05 06:00:00-04:00,39.06,38.07,-0.0,0.99
2025-08-05 07:00:00-04:00,43.22,42.08,-0.0,1.14
2025-08-05 08:00:00-04:00,45.45,43.03000000000001,1.3,1.12
2025-08-05 09:00:00-04:00,42.5,42.989999999999995,-1.3,0.81
2025-08-05 10:00:00-04:00,44.43,43.86,-0.0,0.57
2025-08-05 11:00:00-04:00,46.06,46.28,-0.73,0.51
2025-08-05 12:00:00-04:00,51.46,50.8,-0.0,0.66
2025-08-05 13:00:00-04:00,56.82,56.31,-0.0,0.51
2025-08-05 14:00:00-04:00,60.05,59.94,-0.25,0.36
2025-08-05 15:00:00-04:00,66.52,65.78999999999999,-0.0,0.73
2025-08-05 16:00:00-04:00,82.07,80.14999999999999,-0.0,1.92
2025-08-05 17:00:00-04:00,98.5,94.62,-0.0,3.88
2025-08-05 18:00:00-04:00,95.08,91.87,-0.0,3.21
2025-08-05 19:00:00-04:00,85.13,82.81,-0.0,2.32
2025-08-05 20:00:00-04:00,76.53,75.18,-0.0,1.35
2025-08-05 21:00:00-04:00,63.33,62.64,-0.0,0.69
2025-08-05 22:00:00-04:00,54.37,53.62,0.16,0.59
2025-08-05 23:00:00-04:00,47.39,47.08,-0.16,0.47
2025-08-06 00:00:00-04:00,45.59,45.09,-0.0,0.5
2025-08-06 01:00:00-04:00,42.35,41.81,-0.0,0.54
2025-08-06 02:00:00-04:00,38.28,37.75,-0.0,0.53
2025-08-06 03:00:00-04:00,36.35,35.78,-0.0,0.57
2025-08-06 04:00:00-04:00,36.77,36.190000000000005,-0.0,0.58
2025-08-06 05:00:00-04:00,38.4,37.91,-0.0,0.49
2025-08-06 06:00:00-04:00,42.75,42.2,-0.0,0.55
2025-08-06 07:00:00-04:00,44.5,43.89,-0.0,0.61
2025-08-06 08:00:00-04:00,44.53,43.870000000000005,-0.0,0.66
2025-08-06 09:00:00-04:00,42.5,43.21,-1.27,0.56
2025-08-06 10:00:00-04:00,40.36,42.93,-3.0,0.43
2025-08-06 11:00:00-04:00,40.92,45.12,-4.65,0.45
2025-08-06 12:00:00-04:00,42.57,48.08,-5.75,0.24
2025-08-06 13:00:00-04:00,47.61,52.51,-5.01,0.11
2025-08-06 14:00:00-04:00,51.92,56.370000000000005,-4.45,0.0
2025-08-06 15:00:00-04:00,54.61,57.37,-2.82,0.06
2025-08-06 16:00:00-04:00,65.0,69.6,-4.74,0.14
2025-08-06 17:00:00-04:00,77.21,76.94999999999999,-0.13,0.39
2025-08-06 18:00:00-04:00,75.63,75.39999999999999,-0.0,0.23
2025-08-06 19:00:00-04:00,72.08,71.94,-0.0,0.14
2025-08-06 20:00:00-04:00,65.0,64.87,-0.0,0.13
2025-08-06 21:00:00-04:00,57.19,57.25,-0.0,-0.06
2025-08-06 22:00:00-04:00,48.34,48.34,-0.0,0.0
2025-08-06 23:00:00-04:00,44.31,44.22,-0.0,0.09
2025-08-07 00:00:00-04:00,46.13,45.49,-0.0,0.64
2025-08-07 01:00:00-04:00,41.77,41.150000000000006,-0.0,0.62
2025-08-07 02:00:00-04:00,38.3,37.73,-0.0,0.57
2025-08-07 03:00:00-04:00,37.11,36.49,-0.0,0.62
2025-08-07 04:00:00-04:00,36.49,35.92,-0.0,0.57
2025-08-07 05:00:00-04:00,39.12,38.51,-0.0,0.61
2025-08-07 06:00:00-04:00,43.37,42.69,-0.0,0.68
2025-08-07 07:00:00-04:00,45.6,44.79,-0.0,0.81
2025-08-07 08:00:00-04:00,46.07,45.08,-0.0,0.99
2025-08-07 09:00:00-04:00,44.37,43.629999999999995,-0.0,0.74
2025-08-07 10:00:00-04:00,43.98,43.459999999999994,-0.0,0.52
2025-08-07 11:00:00-04:00,45.28,45.98,-1.11,0.41
2025-08-07 12:00:00-04:00,46.0,47.52,-1.9,0.38
2025-08-07 13:00:00-04:00,49.12,51.98,-3.17,0.31
2025-08-07 14:00:00-04:00,51.5,53.83,-2.6,0.27
2025-08-07 15:00:00-04:00,55.5,58.47,-3.15,0.18
2025-08-07 16:00:00-04:00,65.3,65.39,-0.48,0.39
2025-08-07 17:00:00-04:00,77.42,76.73,-0.0,0.69
2025-08-07 18:00:00-04:00,76.97,76.66,-0.0,0.31
2025-08-07 19:00:00-04:00,76.5,76.58,-0.0,-0.08
2025-08-07 20:00:00-04:00,71.43,71.36000000000001,-0.0,0.07
2025-08-07 21:00:00-04:00,60.48,60.779999999999994,-0.0,-0.3
2025-08-07 22:00:00-04:00,53.0,52.73,-0.0,0.27
2025-08-07 23:00:00-04:00,47.09,46.760000000000005,-0.0,0.33
2025-08-08 00:00:00-04:00,46.84,46.150000000000006,-0.0,0.69
2025-08-08 01:00:00-04:00,43.07,42.18,-0.0,0.89
2025-08-08 02:00:00-04:00,37.28,36.370000000000005,-0.0,0.91
2025-08-08 03:00:00-04:00,35.3,34.47,-0.0,0.83
2025-08-08 04:00:00-04:00,35.35,34.46,-0.0,0.89
2025-08-08 05:00:00-04:00,37.3,36.43,-0.0,0.87
2025-08-08 06:00:00-04:00,43.2,42.23,-0.0,0.97
2025-08-08 07:00:00-04:00,44.76,43.84,-0.0,0.92
2025-08-08 08:00:00-04:00,42.9,41.98,-0.0,0.92
2025-08-08 09:00:00-04:00,40.22,39.55,-0.0,0.67
2025-08-08 10:00:00-04:00,39.94,39.5,-0.0,0.44
2025-08-08 11:00:00-04:00,41.9,41.65,-0.0,0.25
2025-08-08 12:00:00-04:00,43.0,43.93,-0.97,0.04
2025-08-08 13:00:00-04:00,45.9,47.48,-1.58,0.0
2025-08-08 14:00:00-04:00,50.3,50.959999999999994,-0.76,0.1
2025-08-08 15:00:00-04:00,54.72,54.72,-0.0,0.0
2025-08-08 16:00:00-04:00,60.09,62.040000000000006,-1.95,0.0
2025-08-08 17:00:00-04:00,73.88,71.28999999999999,1.95,0.64
2025-08-08 18:00:00-04:00,76.02,75.49,-0.0,0.53
2025-08-08 19:00:00-04:00,76.49,76.17999999999999,-0.0,0.31
2025-08-08 20:00:00-04:00,68.22,68.02,-0.0,0.2
2025-08-08 21:00:00-04:00,58.76,58.82,-0.0,-0.06
2025-08-08 22:00:00-04:00,51.19,50.83,-0.0,0.36
2025-08-08 23:00:00-04:00,44.52,44.25,-0.0,0.27
2025-08-09 00:00:00-04:00,40.7,40.220000000000006,-0.0,0.48
2025-08-09 01:00:00-04:00,36.04,35.44,-0.0,0.6
2025-08-09 02:00:00-04:00,33.87,33.239999999999995,-0.0,0.63
2025-08-09 03:00:00-04:00,31.57,30.95,-0.0,0.62
2025-08-09 04:00:00-04:00,32.53,31.86,-0.0,0.67
2025-08-09 05:00:00-04:00,32.97,32.29,-0.0,0.68
2025-08-09 06:00:00-04:00,32.75,32.05,-0.0,0.7
2025-08-09 07:00:00-04:00,32.92,32.24,-0.0,0.68
2025-08-09 08:00:00-04:00,30.9,30.38,-0.0,0.52
2025-08-09 09:00:00-04:00,30.54,30.15,-0.0,0.39
2025-08-09 10:00:00-04:00,33.27,32.84,-0.0,0.43
2025-08-09 11:00:00-04:00,35.17,36.92,-1.9,0.15
2025-08-09 12:00:00-04:00,36.56,39.96000000000001,-3.56,0.16
2025-08-09 13:00:00-04:00,38.11,43.24,-5.13,0.0
2025-08-09 14:00:00-04:00,40.13,45.51,-5.33,-0.05
2025-08-09 15:00:00-04:00,44.8,48.04,-3.1,-0.14
2025-08-09 16:00:00-04:00,55.61,55.83,-0.0,-0.22
2025-08-09 17:00:00-04:00,64.93,64.80000000000001,-0.0,0.13
2025-08-09 18:00:00-04:00,72.28,72.14,-0.0,0.14
2025-08-09 19:00:00-04:00,73.04,72.75,-0.0,0.29
2025-08-09 20:00:00-04:00,65.02,64.95,-0.0,0.07
2025-08-09 21:00:00-04:00,56.91,56.8,-0.0,0.11
2025-08-09 22:00:00-04:00,48.86,48.66,-0.0,0.2
2025-08-09 23:00:00-04:00,44.6,44.25,-0.0,0.35
2025-08-10 00:00:00-04:00,41.45,40.8,-0.0,0.65
2025-08-10 01:00:00-04:00,38.26,37.69,-0.0,0.57
2025-08-10 02:00:00-04:00,35.03,34.38,-0.0,0.65
2025-08-10 03:00:00-04:00,34.04,33.37,-0.0,0.67
2025-08-10 04:00:00-04:00,33.52,32.830000000000005,-0.0,0.69
2025-08-10 05:00:00-04:00,33.8,33.04,-0.0,0.76
2025-08-10 06:00:00-04:00,33.28,32.47,-0.0,0.81
2025-08-10 07:00:00-04:00,32.63,31.770000000000003,-0.0,0.86
2025-08-10 08:00:00-04:00,32.45,31.72,-0.0,0.73
2025-08-10 09:00:00-04:00,33.4,32.78,-0.0,0.62
2025-08-10 10:00:00-04:00,36.27,35.7,-0.0,0.57
2025-08-10 11:00:00-04:00,42.16,41.62,-0.0,0.54
2025-08-10 12:00:00-04:00,47.89,47.6,-0.0,0.29
2025-08-10 13:00:00-04:00,51.91,51.55,-0.0,0.36
2025-08-10 14:00:00-04:00,55.18,56.05,-0.54,-0.33
2025-08-10 15:00:00-04:00,59.3,58.76,0.54,0.0
2025-08-10 16:00:00-04:00,69.08,68.94,-0.0,0.14
2025-08-10 17:00:00-04:00,86.63,86.02,-0.0,0.61
2025-08-10 18:00:00-04:00,96.78,96.02,-0.0,0.76
2025-08-10 19:00:00-04:00,95.65,95.08,-0.0,0.57
2025-08-10 20:00:00-04:00,89.34,88.8,-0.0,0.54
2025-08-10 21:00:00-04:00,68.73,68.73,-0.0,0.0
2025-08-10 22:00:00-04:00,59.02,58.720000000000006,-0.0,0.3
2025-08-10 23:00:00-04:00,49.42,48.98,-0.0,0.44
2025-08-11 00:00:00-04:00,50.83,49.739999999999995,-0.0,1.09
2025-08-11 01:00:00-04:00,44.19,43.2,-0.0,0.99
2025-08-11 02:00:00-04:00,40.86,39.9,-0.0,0.96
2025-08-11 03:00:00-04:00,37.1,36.120000000000005,-0.0,0.98
2025-08-11 04:00:00-04:00,36.98,35.97,-0.0,1.01
2025-08-11 05:00:00-04:00,40.28,39.22,-0.0,1.06
2025-08-11 06:00:00-04:00,45.03,43.85,-0.0,1.18
2025-08-11 07:00:00-04:00,48.44,47.21,-0.0,1.23
2025-08-11 08:00:00-04:00,50.0,48.64,-0.0,1.36
2025-08-11 09:00:00-04:00,52.06,50.99,-0.0,1.07
2025-08-11 10:00:00-04:00,55.95,55.23,-0.0,0.72
2025-08-11 11:00:00-04:00,64.38,63.809999999999995,-0.0,0.57
2025-08-11 12:00:00-04:00,72.8,72.22,-0.0,0.58
2025-08-11 13:00:00-04:00,97.63,96.28,-0.0,1.35
2025-08-11 14:00:00-04:00,106.42,104.44,-0.0,1.98
2025-08-11 15:00:00-04:00,114.4,110.75,-0.0,3.65
2025-08-11 16:00:00-04:00,142.7,135.91,0.53,6.26
2025-08-11 17:00:00-04:00,194.0,163.95999999999998,21.52,8.52
2025-08-11 18:00:00-04:00,230.86,157.91000000000005,66.16,6.79
2025-08-11 19:00:00-04:00,203.42,128.11,70.32,4.99
2025-08-11 20:00:00-04:00,166.51,126.13,36.97,3.41
2025-08-11 21:00:00-04:00,126.86,98.42,26.67,1.77
2025-08-11 22:00:00-04:00,76.51,75.68,-0.0,0.83
2025-08-11 23:00:00-04:00,64.72,63.95,-0.0,0.77
2025-08-12 00:00:00-04:00,61.49,60.82,-0.0,0.67
2025-08-12 01:00:00-04:00,55.21,54.34,-0.0,0.87
2025-08-12 02:00:00-04:00,49.95,49.07,-0.0,0.88
2025-08-12 03:00:00-04:00,46.77,45.900000000000006,-0.0,0.87
2025-08-12 04:00:00-04:00,47.41,46.529999999999994,-0.0,0.88
2025-08-12 05:00:00-04:00,49.83,48.9,-0.0,0.93
2025-08-12 06:00:00-04:00,54.47,53.46,-0.0,1.01
2025-08-12 07:00:00-04:00,57.19,56.29,-0.0,0.9
2025-08-12 08:00:00-04:00,61.31,60.35,-0.0,0.96
2025-08-12 09:00:00-04:00,65.0,64.29,-0.0,0.71
2025-08-12 10:00:00-04:00,72.19,71.83,-0.0,0.36
2025-08-12 11:00:00-04:00,82.0,81.51,-0.0,0.49
2025-08-12 12:00:00-04:00,95.65,94.61,-0.0,1.04
2025-08-12 13:00:00-04:00,111.52,108.06,-0.0,3.46
2025-08-12 14:00:00-04:00,127.99,122.47,-0.0,5.52
2025-08-12 15:00:00-04:00,161.71,132.97000000000003,21.7,7.04
2025-08-12 16:00:00-04:00,200.8,180.39,10.13,10.28
2025-08-12 17:00:00-04:00,266.07,230.02,24.78,11.27
2025-08-12 18:00:00-04:00,291.72,207.43,75.38,8.91
2025-08-12 19:00:00-04:00,253.4,158.20000000000002,89.19,6.01
2025-08-12 20:00:00-04:00,213.74,136.84000000000003,72.11,4.79
2025-08-12 21:00:00-04:00,156.2,112.23999999999998,40.37,3.59
2025-08-12 22:00:00-04:00,106.6,95.51999999999998,9.07,2.01
2025-08-12 23:00:00-04:00,80.0,79.68,-0.0,0.32
2025-08-13 00:00:00-04:00,63.39,62.52,-0.0,0.87
2025-08-13 01:00:00-04:00,54.2,53.190000000000005,-0.0,1.01
2025-08-13 02:00:00-04:00,49.99,48.92,-0.0,1.07
2025-08-13 03:00:00-04:00,49.87,48.8,-0.0,1.07
2025-08-13 04:00:00-04:00,49.83,48.76,-0.0,1.07
2025-08-13 05:00:00-04:00,50.81,49.72,-0.0,1.09
2025-08-13 06:00:00-04:00,56.87,55.76,-0.0,1.11
2025-08-13 07:00:00-04:00,60.49,59.42,-0.0,1.07
2025-08-13 08:00:00-04:00,63.01,62.08,-0.0,0.93
2025-08-13 09:00:00-04:00,66.2,64.9,-0.0,1.3
2025-08-13 10:00:00-04:00,74.13,72.03999999999999,-0.0,2.09
2025-08-13 11:00:00-04:00,79.95,76.36,-0.0,3.59
2025-08-13 12:00:00-04:00,90.44,82.25,3.67,4.52
2025-08-13 13:00:00-04:00,109.06,92.46,11.33,5.27
2025-08-13 14:00:00-04:00,130.34,99.69,24.57,6.08
2025-08-13 15:00:00-04:00,149.0,110.79,31.23,6.98
2025-08-13 16:00:00-04:00,188.68,134.83,44.82,9.03
2025-08-13 17:00:00-04:00,241.21,163.33,66.94,10.94
2025-08-13 18:00:00-04:00,250.0,152.65,87.57,9.78
2025-08-13 19:00:00-04:00,194.85,114.81,73.27,6.77
2025-08-13 20:00:00-04:00,167.01,91.59,70.75,4.67
2025-08-13 21:00:00-04:00,126.27,83.5,39.35,3.42
2025-08-13 22:00:00-04:00,80.08,70.07000000000001,7.91,2.1
2025-08-13 23:00:00-04:00,63.42,62.36,-0.0,1.06
2025-08-14 00:00:00-04:00,56.54,55.54,-0.0,1.0
2025-08-14 01:00:00-04:00,51.79,50.87,-0.0,0.92
2025-08-14 02:00:00-04:00,47.62,46.69,-0.0,0.93
2025-08-14 03:00:00-04:00,44.0,43.05,-0.0,0.95
2025-08-14 04:00:00-04:00,43.72,42.78,-0.0,0.94
2025-08-14 05:00:00-04:00,47.15,46.09,-0.0,1.06
2025-08-14 06:00:00-04:00,53.38,52.23,-0.0,1.15
2025-08-14 07:00:00-04:00,54.79,53.56,-0.0,1.23
2025-08-14 08:00:00-04:00,55.53,54.07,-0.0,1.46
2025-08-14 09:00:00-04:00,58.16,56.8,-0.0,1.36
2025-08-14 10:00:00-04:00,57.27,56.040000000000006,-0.0,1.23
2025-08-14 11:00:00-04:00,63.09,61.55,-0.0,1.54
2025-08-14 12:00:00-04:00,69.92,67.89,-0.0,2.03
2025-08-14 13:00:00-04:00,75.12,72.03,-0.0,3.09
2025-08-14 14:00:00-04:00,78.3,72.3,1.88,4.12
2025-08-14 15:00:00-04:00,79.89,75.5,0.01,4.38
2025-08-14 16:00:00-04:00,92.47,82.44,4.92,5.11
2025-08-14 17:00:00-04:00,99.35,92.56,1.14,5.65
2025-08-14 18:00:00-04:00,93.9,88.69,0.51,4.7
2025-08-14 19:00:00-04:00,81.9,76.96000000000001,1.09,3.85
2025-08-14 20:00:00-04:00,75.09,72.55,-0.0,2.54
2025-08-14 21:00:00-04:00,66.09,64.54,-0.0,1.55
2025-08-14 22:00:00-04:00,59.02,57.86000000000001,-0.0,1.16
2025-08-14 23:00:00-04:00,51.3,50.489999999999995,-0.0,0.81
2025-08-15 00:00:00-04:00,47.31,46.57,-0.0,0.74
2025-08-15 01:00:00-04:00,43.88,43.36,-0.0,0.52
2025-08-15 02:00:00-04:00,39.79,39.17,-0.0,0.62
2025-08-15 03:00:00-04:00,36.11,35.4,-0.0,0.71
2025-08-15 04:00:00-04:00,36.21,35.54,-0.0,0.67
2025-08-15 05:00:00-04:00,38.78,38.06,-0.0,0.72
2025-08-15 06:00:00-04:00,42.86,42.370000000000005,-0.31,0.8
2025-08-15 07:00:00-04:00,45.94,44.739999999999995,0.31,0.89
2025-08-15 08:00:00-04:00,46.23,45.15,-0.0,1.08
2025-08-15 09:00:00-04:00,46.23,45.279999999999994,-0.0,0.95
2025-08-15 10:00:00-04:00,44.8,45.48,-1.45,0.77
2025-08-15 11:00:00-04:00,48.9,51.33,-3.05,0.62
2025-08-15 12:00:00-04:00,49.55,52.08,-3.0,0.47
2025-08-15 13:00:00-04:00,55.0,59.91,-5.21,0.3
2025-08-15 14:00:00-04:00,56.1,63.06,-7.21,0.25
2025-08-15 15:00:00-04:00,60.81,66.09,-5.81,0.53
2025-08-15 16:00:00-04:00,73.0,75.34,-3.7,1.36
2025-08-15 17:00:00-04:00,80.51,77.94000000000001,-0.0,2.57
2025-08-15 18:00:00-04:00,78.51,76.08,-0.0,2.43
2025-08-15 19:00:00-04:00,74.31,72.99000000000001,-0.0,1.32
2025-08-15 20:00:00-04:00,67.73,67.46000000000001,-0.0,0.27
2025-08-15 21:00:00-04:00,59.66,59.84,-0.0,-0.18
2025-08-15 22:00:00-04:00,53.67,52.57,1.1,0.0
2025-08-15 23:00:00-04:00,47.1,48.25,-1.1,-0.05
2025-08-16 00:00:00-04:00,42.47,42.79,-0.7,0.38
2025-08-16 01:00:00-04:00,39.72,39.209999999999994,0.2,0.31
2025-08-16 02:00:00-04:00,36.76,36.32,-0.0,0.44
2025-08-16 03:00:00-04:00,33.6,33.1,-0.0,0.5
2025-08-16 04:00:00-04:00,32.81,32.230000000000004,-0.0,0.58
2025-08-16 05:00:00-04:00,34.16,33.589999999999996,-0.0,0.57
2025-08-16 06:00:00-04:00,34.11,34.330000000000005,-0.84,0.62
2025-08-16 07:00:00-04:00,34.91,33.46999999999999,0.84,0.6
2025-08-16 08:00:00-04:00,33.86,33.13,-0.0,0.73
2025-08-16 09:00:00-04:00,32.52,36.85,-4.92,0.59
2025-08-16 10:00:00-04:00,34.26,39.81999999999999,-6.08,0.52
2025-08-16 11:00:00-04:00,36.11,43.95,-8.06,0.22
2025-08-16 12:00:00-04:00,37.49,46.74,-9.53,0.28
2025-08-16 13:00:00-04:00,41.37,51.529999999999994,-10.37,0.21
2025-08-16 14:00:00-04:00,42.08,54.74,-12.88,0.22
2025-08-16 15:00:00-04:00,47.56,62.68,-15.25,0.13
2025-08-16 16:00:00-04:00,62.0,71.68,-9.97,0.29
2025-08-16 17:00:00-04:00,79.59,80.17,-0.66,0.08
2025-08-16 18:00:00-04:00,80.15,80.39,-0.0,-0.24
2025-08-16 19:00:00-04:00,73.87,74.17,-0.0,-0.3
2025-08-16 20:00:00-04:00,66.3,66.75999999999999,-0.0,-0.46
2025-08-16 21:00:00-04:00,59.91,60.09,-0.0,-0.18
2025-08-16 22:00:00-04:00,53.63,53.84,-0.0,-0.21
2025-08-16 23:00:00-04:00,47.45,47.45,-0.0,0.0
2025-08-17 00:00:00-04:00,45.77,44.96,-0.0,0.81
2025-08-17 01:00:00-04:00,41.36,40.47,-0.0,0.89
2025-08-17 02:00:00-04:00,36.65,35.72,-0.0,0.93
2025-08-17 03:00:00-04:00,33.8,32.75,0.07,0.98
2025-08-17 04:00:00-04:00,34.2,31.540000000000006,1.68,0.98
2025-08-17 05:00:00-04:00,34.6,33.650000000000006,0.01,0.94
2025-08-17 06:00:00-04:00,35.48,33.79,0.78,0.91
2025-08-17 07:00:00-04:00,34.99,34.0,-0.0,0.99
2025-08-17 08:00:00-04:00,35.5,34.37,-0.0,1.13
2025-08-17 09:00:00-04:00,38.0,36.93,-0.0,1.07
2025-08-17 10:00:00-04:00,40.7,41.260000000000005,-1.63,1.07
2025-08-17 11:00:00-04:00,44.6,45.98,-2.48,1.1
2025-08-17 12:00:00-04:00,47.1,50.14,-4.24,1.2
2025-08-17 13:00:00-04:00,53.1,54.73,-3.0,1.37
2025-08-17 14:00:00-04:00,56.9,58.739999999999995,-3.36,1.52
2025-08-17 15:00:00-04:00,67.2,65.43,-0.0,1.77
2025-08-17 16:00:00-04:00,84.8,82.77,-0.62,2.65
2025-08-17 17:00:00-04:00,100.87,97.18,-0.0,3.69
2025-08-17 18:00:00-04:00,104.56,101.12,-0.0,3.44
2025-08-17 19:00:00-04:00,92.41,89.72,-0.0,2.69
2025-08-17 20:00:00-04:00,74.2,72.75,-0.0,1.45
2025-08-17 21:00:00-04:00,63.96,62.64,-0.0,1.32
2025-08-17 22:00:00-04:00,54.31,53.190000000000005,-0.0,1.12
2025-08-17 23:00:00-04:00,47.87,46.75,-0.0,1.12
2025-08-18 00:00:00-04:00,41.76,40.5,-0.0,1.26
2025-08-18 01:00:00-04:00,37.94,36.73,-0.0,1.21
2025-08-18 02:00:00-04:00,34.76,33.55,-0.0,1.21
2025-08-18 03:00:00-04:00,32.0,30.89,-0.0,1.11
2025-08-18 04:00:00-04:00,32.06,31.070000000000004,-0.0,0.99
2025-08-18 05:00:00-04:00,35.55,34.72,-0.0,0.83
2025-08-18 06:00:00-04:00,39.78,38.88,-0.0,0.9
2025-08-18 07:00:00-04:00,42.81,41.68,-0.0,1.13
2025-08-18 08:00:00-04:00,41.59,40.510000000000005,-0.22,1.3
2025-08-18 09:00:00-04:00,33.1,37.46,-5.48,1.12
2025-08-18 10:00:00-04:00,32.21,36.32,-5.09,0.98
2025-08-18 11:00:00-04:00,32.4,36.84,-5.4,0.96
2025-08-18 12:00:00-04:00,34.1,40.370000000000005,-7.24,0.97
2025-08-18 13:00:00-04:00,34.87,42.01,-8.06,0.92
2025-08-18 14:00:00-04:00,36.08,44.739999999999995,-9.55,0.89
2025-08-18 15:00:00-04:00,38.71,47.58,-9.82,0.95
2025-08-18 16:00:00-04:00,44.41,54.33,-11.06,1.14
2025-08-18 17:00:00-04:00,59.96,63.370000000000005,-4.42,1.01
2025-08-18 18:00:00-04:00,65.72,64.75,-0.0,0.97
2025-08-18 19:00:00-04:00,57.11,57.69,-1.5,0.92
2025-08-18 20:00:00-04:00,50.31,49.47,-0.0,0.84
2025-08-18 21:00:00-04:00,45.72,44.82,-0.0,0.9
2025-08-18 22:00:00-04:00,43.09,42.330000000000005,-0.0,0.76
2025-08-18 23:00:00-04:00,39.0,38.27,-0.0,0.73
2025-08-19 00:00:00-04:00,34.61,34.0,-0.0,0.61
2025-08-19 01:00:00-04:00,30.28,29.69,-0.0,0.59
2025-08-19 02:00:00-04:00,29.23,28.63,-0.0,0.6
2025-08-19 03:00:00-04:00,28.1,27.58,-0.0,0.52
2025-08-19 04:00:00-04:00,28.29,27.71,-0.0,0.58
2025-08-19 05:00:00-04:00,29.01,28.55,-0.0,0.46
2025-08-19 06:00:00-04:00,33.77,33.11000000000001,-0.0,0.66
2025-08-19 07:00:00-04:00,35.8,35.029999999999994,-0.0,0.77
2025-08-19 08:00:00-04:00,33.78,33.050000000000004,-0.0,0.73
2025-08-19 09:00:00-04:00,29.82,31.37,-2.12,0.57
2025-08-19 10:00:00-04:00,30.4,31.819999999999997,-1.93,0.51
2025-08-19 11:00:00-04:00,31.1,33.63,-3.0,0.47
2025-08-19 12:00:00-04:00,31.6,36.07,-5.01,0.54
2025-08-19 13:00:00-04:00,32.04,38.82,-7.21,0.43
2025-08-19 14:00:00-04:00,35.0,42.37,-7.79,0.42
2025-08-19 15:00:00-04:00,35.89,44.32,-8.74,0.31
2025-08-19 16:00:00-04:00,38.9,48.73,-10.32,0.49
2025-08-19 17:00:00-04:00,51.3,52.6,-1.88,0.58
2025-08-19 18:00:00-04:00,58.37,57.559999999999995,-0.0,0.81
2025-08-19 19:00:00-04:00,57.86,57.17,-0.0,0.69
2025-08-19 20:00:00-04:00,53.93,53.19,-0.0,0.74
2025-08-19 21:00:00-04:00,43.7,45.84,-2.51,0.37
2025-08-19 22:00:00-04:00,35.2,39.88,-5.0,0.32
2025-08-19 23:00:00-04:00,35.0,35.11,-0.43,0.32
2025-08-20 00:00:00-04:00,33.1,32.480000000000004,-0.0,0.62
2025-08-20 01:00:00-04:00,29.84,29.2,-0.0,0.64
2025-08-20 02:00:00-04:00,28.83,28.24,-0.0,0.59
2025-08-20 03:00:00-04:00,28.02,27.44,-0.0,0.58
2025-08-20 04:00:00-04:00,28.4,27.81,-0.0,0.59
2025-08-20 05:00:00-04:00,29.82,29.24,-0.0,0.58
2025-08-20 06:00:00-04:00,36.29,35.51,-0.0,0.78
2025-08-20 07:00:00-04:00,40.91,40.19,-0.0,0.72
2025-08-20 08:00:00-04:00,40.1,39.790000000000006,-0.56,0.87
2025-08-20 09:00:00-04:00,39.47,40.86,-2.13,0.74
2025-08-20 10:00:00-04:00,37.43,39.8,-3.0,0.63
2025-08-20 11:00:00-04:00,36.54,41.71,-5.75,0.58
2025-08-20 12:00:00-04:00,37.09,41.97,-5.51,0.63
2025-08-20 13:00:00-04:00,39.0,48.56,-10.05,0.49
2025-08-20 14:00:00-04:00,40.0,49.57,-10.07,0.5
2025-08-20 15:00:00-04:00,43.43,50.85,-7.88,0.46
2025-08-20 16:00:00-04:00,48.5,54.3,-6.5,0.7
2025-08-20 17:00:00-04:00,54.93,58.94,-4.9,0.89
2025-08-20 18:00:00-04:00,56.94,59.349999999999994,-3.18,0.77
2025-08-20 19:00:00-04:00,55.8,56.989999999999995,-1.82,0.63
2025-08-20 20:00:00-04:00,53.27,52.74,-0.0,0.53
2025-08-20 21:00:00-04:00,50.05,49.82,-0.02,0.25
2025-08-20 22:00:00-04:00,40.5,41.15,-0.94,0.29
2025-08-20 23:00:00-04:00,34.7,36.73,-2.29,0.26
2025-08-21 00:00:00-04:00,33.54,32.92,-0.0,0.62
2025-08-21 01:00:00-04:00,30.84,30.45,-0.0,0.39
2025-08-21 02:00:00-04:00,28.43,28.01,-0.0,0.42
2025-08-21 03:00:00-04:00,27.16,26.76,-0.0,0.4
2025-08-21 04:00:00-04:00,27.01,26.53,-0.0,0.48
2025-08-21 05:00:00-04:00,29.9,29.43,-0.0,0.47
2025-08-21 06:00:00-04:00,36.2,35.56,-0.0,0.64
2025-08-21 07:00:00-04:00,38.67,37.77,-0.0,0.9
2025-08-21 08:00:00-04:00,39.69,38.65,-0.0,1.04
2025-08-21 09:00:00-04:00,35.7,35.86000000000001,-0.88,0.72
2025-08-21 10:00:00-04:00,36.02,36.46000000000001,-1.24,0.8
2025-08-21 11:00:00-04:00,33.4,36.77,-4.14,0.77
2025-08-21 12:00:00-04:00,33.2,37.53,-5.08,0.75
2025-08-21 13:00:00-04:00,37.43,39.59,-2.91,0.75
2025-08-21 14:00:00-04:00,37.2,39.77,-3.32,0.75
2025-08-21 15:00:00-04:00,39.71,40.46,-1.52,0.77
2025-08-21 16:00:00-04:00,42.82,41.78,-0.0,1.04
2025-08-21 17:00:00-04:00,48.2,47.02,-0.0,1.18
2025-08-21 18:00:00-04:00,52.38,51.2,-0.0,1.18
2025-08-21 19:00:00-04:00,51.2,50.35,-0.0,0.85
2025-08-21 20:00:00-04:00,49.91,49.029999999999994,-0.0,0.88
2025-08-21 21:00:00-04:00,44.02,43.2,-0.0,0.82
2025-08-21 22:00:00-04:00,37.7,37.14,-0.0,0.56
2025-08-21 23:00:00-04:00,33.85,33.550000000000004,-0.0,0.3
2025-08-22 00:00:00-04:00,32.03,31.65,-0.0,0.38
2025-08-22 01:00:00-04:00,29.4,28.99,-0.0,0.41
2025-08-22 02:00:00-04:00,27.01,26.53,-0.0,0.48
2025-08-22 03:00:00-04:00,25.85,25.37,-0.0,0.48
2025-08-22 04:00:00-04:00,26.41,25.97,-0.0,0.44
2025-08-22 05:00:00-04:00,28.76,28.25,-0.0,0.51
2025-08-22 06:00:00-04:00,33.55,32.89,-0.0,0.66
2025-08-22 07:00:00-04:00,36.6,35.67,-0.0,0.93
2025-08-22 08:00:00-04:00,31.11,30.32,-0.0,0.79
2025-08-22 09:00:00-04:00,27.6,26.82,-0.0,0.78
2025-08-22 10:00:00-04:00,27.19,27.6,-1.16,0.75
2025-08-22 11:00:00-04:00,28.11,29.56,-2.16,0.71
2025-08-22 12:00:00-04:00,28.97,31.2,-3.1,0.87
2025-08-22 13:00:00-04:00,30.3,34.27,-4.83,0.86
2025-08-22 14:00:00-04:00,31.9,36.919999999999995,-5.8,0.78
2025-08-22 15:00:00-04:00,33.74,39.7,-6.8,0.84
2025-08-22 16:00:00-04:00,40.7,45.010000000000005,-5.39,1.08
2025-08-22 17:00:00-04:00,55.83,58.58,-3.98,1.23
2025-08-22 18:00:00-04:00,64.4,66.07000000000001,-2.79,1.12
2025-08-22 19:00:00-04:00,62.16,63.3,-2.03,0.89
2025-08-22 20:00:00-04:00,55.83,53.059999999999995,2.03,0.74
2025-08-22 21:00:00-04:00,50.36,49.67,-0.0,0.69
2025-08-22 22:00:00-04:00,43.61,43.13,-0.0,0.48
2025-08-22 23:00:00-04:00,37.5,36.98,-0.0,0.52
2025-08-23 00:00:00-04:00,29.79,29.44,-0.0,0.35
2025-08-23 01:00:00-04:00,28.72,28.35,-0.0,0.37
2025-08-23 02:00:00-04:00,27.36,26.98,-0.0,0.38
2025-08-23 03:00:00-04:00,25.8,25.37,-0.0,0.43
2025-08-23 04:00:00-04:00,25.48,25.05,-0.0,0.43
2025-08-23 05:00:00-04:00,25.77,25.31,-0.0,0.46
2025-08-23 06:00:00-04:00,27.0,26.42,-0.0,0.58
2025-08-23 07:00:00-04:00,26.3,25.63,-0.0,0.67
2025-08-23 08:00:00-04:00,26.07,25.46,-0.0,0.61
2025-08-23 09:00:00-04:00,24.95,24.39,-0.0,0.56
2025-08-23 10:00:00-04:00,26.46,25.91,-0.0,0.55
2025-08-23 11:00:00-04:00,27.7,27.21,-0.0,0.49
2025-08-23 12:00:00-04:00,28.73,28.33,-0.0,0.4
2025-08-23 13:00:00-04:00,28.95,30.27,-1.96,0.64
2025-08-23 14:00:00-04:00,30.69,33.15,-3.22,0.76
2025-08-23 15:00:00-04:00,32.41,36.129999999999995,-4.51,0.79
2025-08-23 16:00:00-04:00,37.51,43.09,-6.49,0.91
2025-08-23 17:00:00-04:00,51.15,50.2,-0.0,0.95
2025-08-23 18:00:00-04:00,56.52,55.580000000000005,-0.0,0.94
2025-08-23 19:00:00-04:00,51.4,50.39,-0.0,1.01
2025-08-23 20:00:00-04:00,46.8,46.02,-0.0,0.78
2025-08-23 21:00:00-04:00,41.55,41.02,-0.0,0.53
2025-08-23 22:00:00-04:00,36.4,35.79,-0.0,0.61
2025-08-23 23:00:00-04:00,31.96,31.49,-0.0,0.47
2025-08-24 00:00:00-04:00,27.85,27.25,-0.0,0.6
2025-08-24 01:00:00-04:00,25.99,25.33,-0.0,0.66
2025-08-24 02:00:00-04:00,23.99,23.31,-0.0,0.68
2025-08-24 03:00:00-04:00,22.58,21.92,-0.0,0.66
2025-08-24 04:00:00-04:00,22.41,21.82,-0.0,0.59
2025-08-24 05:00:00-04:00,23.56,22.92,-0.0,0.64
2025-08-24 06:00:00-04:00,23.9,23.229999999999997,-0.0,0.67
2025-08-24 07:00:00-04:00,23.12,22.45,-0.0,0.67
2025-08-24 08:00:00-04:00,23.1,22.43,-0.0,0.67
2025-08-24 09:00:00-04:00,23.54,22.99,-0.0,0.55
2025-08-24 10:00:00-04:00,24.75,24.450000000000003,-0.26,0.56
2025-08-24 11:00:00-04:00,25.38,25.979999999999997,-1.27,0.67
2025-08-24 12:00:00-04:00,26.49,28.499999999999996,-2.81,0.8
2025-08-24 13:00:00-04:00,28.19,31.89,-4.66,0.96
2025-08-24 14:00:00-04:00,29.46,33.95,-5.58,1.09
2025-08-24 15:00:00-04:00,30.24,35.56999999999999,-6.43,1.1
2025-08-24 16:00:00-04:00,38.9,41.71,-4.14,1.33
2025-08-24 17:00:00-04:00,49.92,48.510000000000005,-0.0,1.41
2025-08-24 18:00:00-04:00,53.2,51.900000000000006,-0.0,1.3
2025-08-24 19:00:00-04:00,47.9,48.83,-1.96,1.03
2025-08-24 20:00:00-04:00,45.2,47.06,-2.85,0.99
2025-08-24 21:00:00-04:00,38.72,39.63,-1.74,0.83
2025-08-24 22:00:00-04:00,33.0,35.73,-3.51,0.78
2025-08-24 23:00:00-04:00,31.5,32.15,-1.29,0.64
2025-08-25 00:00:00-04:00,31.65,30.94,-0.0,0.71
2025-08-25 01:00:00-04:00,28.0,27.34,-0.0,0.66
2025-08-25 02:00:00-04:00,26.27,25.56,-0.0,0.71
2025-08-25 03:00:00-04:00,25.39,24.67,-0.0,0.72
2025-08-25 04:00:00-04:00,25.47,24.75,-0.0,0.72
2025-08-25 05:00:00-04:00,26.98,26.32,-0.0,0.66
2025-08-25 06:00:00-04:00,31.4,30.549999999999997,-0.0,0.85
2025-08-25 07:00:00-04:00,34.0,32.92,-0.0,1.08
2025-08-25 08:00:00-04:00,33.6,31.85,0.41,1.34
2025-08-25 09:00:00-04:00,30.23,28.96,-0.0,1.27
2025-08-25 10:00:00-04:00,30.38,29.07,-0.0,1.31
2025-08-25 11:00:00-04:00,31.92,30.630000000000003,-0.0,1.29
2025-08-25 12:00:00-04:00,33.4,31.65,0.26,1.49
2025-08-25 13:00:00-04:00,37.25,35.190000000000005,0.3,1.76
2025-08-25 14:00:00-04:00,37.17,35.21,0.09,1.87
2025-08-25 15:00:00-04:00,39.86,37.74,0.05,2.07
2025-08-25 16:00:00-04:00,45.26,42.92,0.11,2.23
2025-08-25 17:00:00-04:00,51.98,49.209999999999994,0.02,2.75
2025-08-25 18:00:00-04:00,55.16,52.529999999999994,-0.0,2.63
2025-08-25 19:00:00-04:00,53.57,51.16,-0.0,2.41
2025-08-25 20:00:00-04:00,47.93,45.08,0.78,2.07
2025-08-25 21:00:00-04:00,40.87,39.11,-0.0,1.76
2025-08-25 22:00:00-04:00,33.38,31.910000000000004,-0.0,1.47
2025-08-25 23:00:00-04:00,29.86,28.66,-0.0,1.2
2025-08-26 00:00:00-04:00,27.4,26.22,-0.0,1.18
2025-08-26 01:00:00-04:00,24.23,23.3,-0.0,0.93
2025-08-26 02:00:00-04:00,22.18,21.37,-0.0,0.81
2025-08-26 03:00:00-04:00,21.15,20.34,-0.0,0.81
2025-08-26 04:00:00-04:00,21.05,20.26,-0.0,0.79
2025-08-26 05:00:00-04:00,22.74,21.95,-0.0,0.79
2025-08-26 06:00:00-04:00,27.78,27.1,-0.0,0.68
2025-08-26 07:00:00-04:00,29.65,28.84,-0.0,0.81
2025-08-26 08:00:00-04:00,27.57,26.74,-0.0,0.83
2025-08-26 09:00:00-04:00,25.04,25.05,-0.76,0.75
2025-08-26 10:00:00-04:00,26.0,25.41,-0.25,0.84
2025-08-26 11:00:00-04:00,25.9,25.519999999999996,-0.49,0.87
2025-08-26 12:00:00-04:00,26.5,26.4,-0.85,0.95
2025-08-26 13:00:00-04:00,27.84,27.98,-1.23,1.09
2025-08-26 14:00:00-04:00,29.6,30.450000000000003,-2.1,1.25
2025-08-26 15:00:00-04:00,31.0,30.98,-1.22,1.24
2025-08-26 16:00:00-04:00,36.69,35.97,-0.79,1.51
2025-08-26 17:00:00-04:00,43.71,42.15,-0.0,1.56
2025-08-26 18:00:00-04:00,47.33,45.69,-0.0,1.64
2025-08-26 19:00:00-04:00,45.88,44.46,-0.0,1.42
2025-08-26 20:00:00-04:00,42.0,40.94,-0.0,1.06
2025-08-26 21:00:00-04:00,37.47,36.66,-0.0,0.81
2025-08-26 22:00:00-04:00,31.61,30.96,-0.0,0.65
2025-08-26 23:00:00-04:00,29.71,29.130000000000003,-0.0,0.58
2025-08-27 00:00:00-04:00,27.22,26.66,-0.0,0.56
2025-08-27 01:00:00-04:00,25.65,25.119999999999997,-0.0,0.53
2025-08-27 02:00:00-04:00,24.1,23.58,-0.0,0.52
2025-08-27 03:00:00-04:00,23.38,22.9,-0.0,0.48
2025-08-27 04:00:00-04:00,23.56,23.119999999999997,-0.0,0.44
2025-08-27 05:00:00-04:00,25.55,25.1,-0.0,0.45
2025-08-27 06:00:00-04:00,30.99,30.44,-0.0,0.55
2025-08-27 07:00:00-04:00,30.69,31.07,-0.97,0.59
2025-08-27 08:00:00-04:00,26.56,27.749999999999996,-1.86,0.67
2025-08-27 09:00:00-04:00,25.07,25.68,-1.15,0.54
2025-08-27 10:00:00-04:00,24.64,24.58,-0.51,0.57
2025-08-27 11:00:00-04:00,25.01,24.77,-0.38,0.62
2025-08-27 12:00:00-04:00,24.0,24.74,-1.46,0.72
2025-08-27 13:00:00-04:00,25.0,26.700000000000003,-2.53,0.83
2025-08-27 14:00:00-04:00,25.9,27.67,-2.68,0.91
2025-08-27 15:00:00-04:00,27.13,28.95,-2.77,0.95
2025-08-27 16:00:00-04:00,29.89,32.69,-3.98,1.18
2025-08-27 17:00:00-04:00,40.49,39.080000000000005,-0.0,1.41
2025-08-27 18:00:00-04:00,42.54,40.83,-0.0,1.71
2025-08-27 19:00:00-04:00,42.1,40.48,-0.0,1.62
2025-08-27 20:00:00-04:00,40.03,38.94,-0.0,1.09
2025-08-27 21:00:00-04:00,33.7,33.589999999999996,-0.66,0.77
2025-08-27 22:00:00-04:00,28.78,28.19,-0.0,0.59
2025-08-27 23:00:00-04:00,26.58,25.959999999999997,-0.0,0.62
2025-08-28 00:00:00-04:00,26.56,25.959999999999997,-0.0,0.6
2025-08-28 01:00:00-04:00,23.37,22.65,-0.0,0.72
2025-08-28 02:00:00-04:00,21.87,21.21,-0.0,0.66
2025-08-28 03:00:00-04:00,20.91,20.24,-0.0,0.67
2025-08-28 04:00:00-04:00,21.78,21.09,-0.0,0.69
2025-08-28 05:00:00-04:00,23.05,22.25,-0.0,0.8
2025-08-28 06:00:00-04:00,26.94,26.08,-0.0,0.86
2025-08-28 07:00:00-04:00,29.75,28.69,-0.0,1.06
2025-08-28 08:00:00-04:00,26.9,25.92,-0.0,0.98
2025-08-28 09:00:00-04:00,23.46,22.69,-0.0,0.77
2025-08-28 10:00:00-04:00,23.35,22.56,-0.0,0.79
2025-08-28 11:00:00-04:00,24.24,23.44,-0.0,0.8
2025-08-28 12:00:00-04:00,24.54,23.71,-0.0,0.83
2025-08-28 13:00:00-04:00,26.02,25.36,-0.23,0.89
2025-08-28 14:00:00-04:00,27.11,26.889999999999997,-0.72,0.94
2025-08-28 15:00:00-04:00,28.23,28.55,-1.43,1.11
2025-08-28 16:00:00-04:00,34.05,32.21,0.23,1.61
2025-08-28 17:00:00-04:00,36.89,34.59,0.15,2.15
2025-08-28 18:00:00-04:00,41.0,35.65,3.1,2.25
2025-08-28 19:00:00-04:00,39.8,35.519999999999996,2.18,2.1
2025-08-28 20:00:00-04:00,37.35,35.330000000000005,0.01,2.01
2025-08-28 21:00:00-04:00,34.37,32.949999999999996,-0.0,1.42
2025-08-28 22:00:00-04:00,30.22,29.43,-0.0,0.79
2025-08-28 23:00:00-04:00,27.76,27.270000000000003,-0.0,0.49
2025-08-29 00:00:00-04:00,26.91,26.36,-0.0,0.55
2025-08-29 01:00:00-04:00,24.4,23.83,-0.0,0.57
2025-08-29 02:00:00-04:00,22.55,21.91,-0.0,0.64
2025-08-29 03:00:00-04:00,21.4,20.9,-0.0,0.5
2025-08-29 04:00:00-04:00,22.41,21.89,-0.0,0.52
2025-08-29 05:00:00-04:00,24.85,24.34,-0.0,0.51
2025-08-29 06:00:00-04:00,30.05,29.35,-0.0,0.7
2025-08-29 07:00:00-04:00,32.8,32.16,-0.0,0.64
2025-08-29 08:00:00-04:00,33.14,32.43,-0.0,0.71
2025-08-29 09:00:00-04:00,29.31,29.04,-0.46,0.73
2025-08-29 10:00:00-04:00,29.01,29.44,-1.23,0.8
2025-08-29 11:00:00-04:00,28.7,28.94,-1.08,0.84
2025-08-29 12:00:00-04:00,27.91,28.19,-1.18,0.9
2025-08-29 13:00:00-04:00,28.89,30.19,-2.29,0.99
2025-08-29 14:00:00-04:00,28.99,30.3,-2.37,1.06
2025-08-29 15:00:00-04:00,29.29,30.33,-2.16,1.12
2025-08-29 16:00:00-04:00,32.09,34.84,-4.0,1.25
2025-08-29 17:00:00-04:00,39.54,38.28,-0.0,1.26
2025-08-29 18:00:00-04:00,40.7,40.32,-0.79,1.17
2025-08-29 19:00:00-04:00,41.13,40.13,-0.0,1.0
2025-08-29 20:00:00-04:00,39.04,38.31,-0.0,0.73
2025-08-29 21:00:00-04:00,33.5,34.05,-1.16,0.61
2025-08-29 22:00:00-04:00,29.59,29.07,-0.0,0.52
2025-08-29 23:00:00-04:00,27.02,26.6,-0.0,0.42
2025-08-30 00:00:00-04:00,28.18,27.79,-0.0,0.39
2025-08-30 01:00:00-04:00,26.53,26.21,-0.0,0.32
2025-08-30 02:00:00-04:00,23.13,22.88,-0.0,0.25
2025-08-30 03:00:00-04:00,21.2,20.91,-0.0,0.29
2025-08-30 04:00:00-04:00,21.46,21.23,-0.0,0.23
2025-08-30 05:00:00-04:00,23.47,23.19,-0.0,0.28
2025-08-30 06:00:00-04:00,24.11,23.71,-0.0,0.4
2025-08-30 07:00:00-04:00,24.11,23.61,-0.0,0.5
2025-08-30 08:00:00-04:00,21.47,20.85,-0.0,0.62
2025-08-30 09:00:00-04:00,18.61,18.09,-0.0,0.52
2025-08-30 10:00:00-04:00,17.84,17.32,-0.0,0.52
2025-08-30 11:00:00-04:00,18.15,17.619999999999997,-0.0,0.53
2025-08-30 12:00:00-04:00,19.04,18.52,-0.0,0.52
2025-08-30 13:00:00-04:00,20.0,19.42,-0.0,0.58
2025-08-30 14:00:00-04:00,20.69,20.09,-0.0,0.6
2025-08-30 15:00:00-04:00,22.05,21.39,-0.0,0.66
2025-08-30 16:00:00-04:00,24.62,23.83,-0.0,0.79
2025-08-30 17:00:00-04:00,30.75,29.8,-0.0,0.95
2025-08-30 18:00:00-04:00,36.78,35.85,-0.0,0.93
2025-08-30 19:00:00-04:00,37.93,37.11,-0.0,0.82
2025-08-30 20:00:00-04:00,37.27,36.580000000000005,-0.0,0.69
2025-08-30 21:00:00-04:00,31.91,31.38,-0.0,0.53
2025-08-30 22:00:00-04:00,27.11,26.71,-0.0,0.4
2025-08-30 23:00:00-04:00,24.92,24.62,-0.0,0.3
2025-08-31 00:00:00-04:00,26.87,26.55,-0.0,0.32
2025-08-31 01:00:00-04:00,24.53,24.24,-0.0,0.29
2025-08-31 02:00:00-04:00,21.54,21.22,-0.0,0.32
2025-08-31 03:00:00-04:00,20.16,19.86,-0.0,0.3
2025-08-31 04:00:00-04:00,19.56,19.25,-0.0,0.31
2025-08-31 05:00:00-04:00,20.25,19.97,-0.0,0.28
2025-08-31 06:00:00-04:00,22.05,21.77,-0.0,0.28
2025-08-31 07:00:00-04:00,20.29,19.99,-0.0,0.3
2025-08-31 08:00:00-04:00,16.4,16.08,-0.0,0.32
2025-08-31 09:00:00-04:00,15.43,15.19,-0.0,0.24
2025-08-31 10:00:00-04:00,15.91,15.58,-0.0,0.33
2025-08-31 11:00:00-04:00,16.78,16.43,-0.0,0.35
2025-08-31 12:00:00-04:00,17.32,16.96,-0.0,0.36
2025-08-31 13:00:00-04:00,19.52,19.14,-0.0,0.38
2025-08-31 14:00:00-04:00,20.0,19.86,-0.3,0.44
2025-08-31 15:00:00-04:00,21.8,22.35,-1.02,0.47
2025-08-31 16:00:00-04:00,25.71,25.08,-0.0,0.63
2025-08-31 17:00:00-04:00,34.22,33.35,-0.0,0.87
2025-08-31 18:00:00-04:00,42.79,41.79,-0.0,1.0
2025-08-31 19:00:00-04:00,44.86,44.03,-0.0,0.83
2025-08-31 20:00:00-04:00,39.92,39.18,-0.0,0.74
2025-08-31 21:00:00-04:00,37.2,36.690000000000005,-0.0,0.51
2025-08-31 22:00:00-04:00,31.2,30.86,-0.0,0.34
2025-08-31 23:00:00-04:00,27.21,26.89,-0.0,0.32
2025-09-01 00:00:00-04:00,26.43,26.02,-0.0,0.41
2025-09-01 01:00:00-04:00,24.51,24.15,-0.0,0.36
2025-09-01 02:00:00-04:00,22.21,21.86,-0.0,0.35
2025-09-01 03:00:00-04:00,21.5,21.2,-0.0,0.3
2025-09-01 04:00:00-04:00,20.7,20.44,-0.0,0.26
2025-09-01 05:00:00-04:00,22.39,22.15,-0.0,0.24
2025-09-01 06:00:00-04:00,23.93,23.58,-0.0,0.35
2025-09-01 07:00:00-04:00,23.7,23.26,-0.0,0.44
2025-09-01 08:00:00-04:00,20.0,19.53,-0.0,0.47
2025-09-01 09:00:00-04:00,17.98,17.54,-0.0,0.44
2025-09-01 10:00:00-04:00,19.1,18.62,-0.0,0.48
2025-09-01 11:00:00-04:00,19.57,19.04,-0.0,0.53
2025-09-01 12:00:00-04:00,21.35,20.770000000000003,-0.0,0.58
2025-09-01 13:00:00-04:00,23.19,22.58,-0.0,0.61
2025-09-01 14:00:00-04:00,24.37,23.66,-0.0,0.71
2025-09-01 15:00:00-04:00,28.0,27.58,-0.27,0.69
2025-09-01 16:00:00-04:00,33.34,32.46,-0.0,0.88
2025-09-01 17:00:00-04:00,44.05,42.809999999999995,-0.0,1.24
2025-09-01 18:00:00-04:00,49.52,48.27,-0.0,1.25
2025-09-01 19:00:00-04:00,50.07,49.14,-0.0,0.93
2025-09-01 20:00:00-04:00,44.78,43.99,-0.0,0.79
2025-09-01 21:00:00-04:00,40.2,39.49,-0.0,0.71
2025-09-01 22:00:00-04:00,33.89,33.49,-0.0,0.4
2025-09-01 23:00:00-04:00,28.74,28.459999999999997,-0.0,0.28
2025-09-02 00:00:00-04:00,30.94,30.51,-0.0,0.43
2025-09-02 01:00:00-04:00,28.49,28.069999999999997,-0.0,0.42
2025-09-02 02:00:00-04:00,26.23,25.82,-0.0,0.41
2025-09-02 03:00:00-04:00,23.15,22.76,-0.0,0.39
2025-09-02 04:00:00-04:00,23.77,23.33,-0.0,0.44
2025-09-02 05:00:00-04:00,27.46,27.0,-0.0,0.46
2025-09-02 06:00:00-04:00,35.25,34.46,-0.0,0.79
2025-09-02 07:00:00-04:00,36.75,35.89,-0.0,0.86
2025-09-02 08:00:00-04:00,33.52,32.64,-0.0,0.88
2025-09-02 09:00:00-04:00,25.1,25.69,-1.36,0.77
2025-09-02 10:00:00-04:00,24.53,27.090000000000003,-3.37,0.81
2025-09-02 11:00:00-04:00,24.7,27.51,-3.69,0.88
2025-09-02 12:00:00-04:00,24.3,29.96,-6.68,1.02
2025-09-02 13:00:00-04:00,27.1,32.5,-6.41,1.01
2025-09-02 14:00:00-04:00,28.0,33.620000000000005,-6.66,1.04
2025-09-02 15:00:00-04:00,31.31,36.059999999999995,-5.87,1.12
2025-09-02 16:00:00-04:00,40.8,41.3,-1.62,1.12
2025-09-02 17:00:00-04:00,52.88,54.470000000000006,-3.0,1.41
2025-09-02 18:00:00-04:00,59.65,59.09,-0.68,1.24
2025-09-02 19:00:00-04:00,58.03,56.89,-0.0,1.14
2025-09-02 20:00:00-04:00,50.95,50.2,-0.0,0.75
2025-09-02 21:00:00-04:00,40.41,39.5,-0.0,0.91
2025-09-02 22:00:00-04:00,34.82,34.2,-0.0,0.62
2025-09-02 23:00:00-04:00,31.0,30.45,-0.0,0.55
2025-09-03 00:00:00-04:00,30.09,29.62,-0.0,0.47
2025-09-03 01:00:00-04:00,26.0,25.52,-0.0,0.48
2025-09-03 02:00:00-04:00,23.98,23.42,-0.0,0.56
2025-09-03 03:00:00-04:00,22.06,21.52,-0.0,0.54
2025-09-03 04:00:00-04:00,22.48,21.91,-0.0,0.57
2025-09-03 05:00:00-04:00,26.3,25.71,-0.0,0.59
2025-09-03 06:00:00-04:00,34.0,33.01,-0.0,0.99
2025-09-03 07:00:00-04:00,36.08,34.96,-0.0,1.12
2025-09-03 08:00:00-04:00,31.16,29.9,-0.0,1.26
2025-09-03 09:00:00-04:00,23.99,24.86,-1.84,0.97
2025-09-03 10:00:00-04:00,26.09,25.67,-0.58,1.0
2025-09-03 11:00:00-04:00,26.57,26.6,-1.12,1.09
2025-09-03 12:00:00-04:00,27.2,28.889999999999997,-2.61,0.92
2025-09-03 13:00:00-04:00,28.85,31.130000000000003,-3.34,1.06
2025-09-03 14:00:00-04:00,29.1,31.31,-3.28,1.07
2025-09-03 15:00:00-04:00,31.2,33.96,-3.95,1.19
2025-09-03 16:00:00-04:00,40.0,38.68,-0.0,1.32
2025-09-03 17:00:00-04:00,46.43,44.99,-0.0,1.44
2025-09-03 18:00:00-04:00,50.7,49.220000000000006,-0.0,1.48
2025-09-03 19:00:00-04:00,50.43,49.06,-0.0,1.37
2025-09-03 20:00:00-04:00,43.98,42.779999999999994,-0.0,1.2
2025-09-03 21:00:00-04:00,36.99,35.84,-0.0,1.15
2025-09-03 22:00:00-04:00,31.88,30.83,-0.0,1.05
2025-09-03 23:00:00-04:00,29.14,28.16,-0.0,0.98
2025-09-04 00:00:00-04:00,28.9,26.749999999999996,0.89,1.26
2025-09-04 01:00:00-04:00,27.16,24.360000000000003,1.65,1.15
2025-09-04 02:00:00-04:00,23.95,22.6,0.27,1.08
2025-09-04 03:00:00-04:00,22.79,21.33,0.44,1.02
2025-09-04 04:00:00-04:00,24.08,21.549999999999997,1.5,1.03
2025-09-04 05:00:00-04:00,26.0,23.74,1.17,1.09
2025-09-04 06:00:00-04:00,32.0,29.53,1.08,1.39
2025-09-04 07:00:00-04:00,34.3,31.519999999999996,1.14,1.64
2025-09-04 08:00:00-04:00,29.9,28.42,-0.0,1.48
2025-09-04 09:00:00-04:00,26.79,25.51,-0.0,1.28
2025-09-04 10:00:00-04:00,27.45,26.17,-0.0,1.28
2025-09-04 11:00:00-04:00,27.32,26.02,-0.0,1.3
2025-09-04 12:00:00-04:00,28.27,26.85,-0.0,1.42
2025-09-04 13:00:00-04:00,31.28,29.71,-0.0,1.57
2025-09-04 14:00:00-04:00,31.43,31.799999999999997,-1.99,1.62
2025-09-04 15:00:00-04:00,31.06,34.13,-4.81,1.74
2025-09-04 16:00:00-04:00,38.1,38.620000000000005,-2.53,2.01
2025-09-04 17:00:00-04:00,45.67,43.5,-0.0,2.17
2025-09-04 18:00:00-04:00,50.97,48.68,-0.0,2.29
2025-09-04 19:00:00-04:00,50.37,48.25,-0.0,2.12
2025-09-04 20:00:00-04:00,44.96,43.19,-0.0,1.77
2025-09-04 21:00:00-04:00,37.85,36.43,-0.0,1.42
2025-09-04 22:00:00-04:00,33.39,32.230000000000004,-0.0,1.16
2025-09-04 23:00:00-04:00,31.0,31.62,-1.6,0.98
2025-09-05 00:00:00-04:00,33.15,32.44,-0.0,0.71
2025-09-05 01:00:00-04:00,30.37,29.6,-0.0,0.77
2025-09-05 02:00:00-04:00,28.73,27.92,-0.0,0.81
2025-09-05 03:00:00-04:00,27.21,26.42,-0.0,0.79
2025-09-05 04:00:00-04:00,27.1,26.26,-0.0,0.84
2025-09-05 05:00:00-04:00,30.43,29.63,-0.0,0.8
2025-09-05 06:00:00-04:00,37.25,36.27,-0.0,0.98
2025-09-05 07:00:00-04:00,42.38,40.99,-0.0,1.39
2025-09-05 08:00:00-04:00,39.38,37.86,-0.0,1.52
2025-09-05 09:00:00-04:00,36.21,34.78,-0.0,1.43
2025-09-05 10:00:00-04:00,36.48,34.87,-0.0,1.61
2025-09-05 11:00:00-04:00,35.67,34.0,-0.0,1.67
2025-09-05 12:00:00-04:00,35.79,34.05,-0.0,1.74
2025-09-05 13:00:00-04:00,37.78,35.910000000000004,-0.0,1.87
2025-09-05 14:00:00-04:00,39.97,38.07,-0.0,1.9
2025-09-05 15:00:00-04:00,41.9,39.94,-0.0,1.96
2025-09-05 16:00:00-04:00,48.13,45.93,-0.0,2.2
2025-09-05 17:00:00-04:00,56.12,53.55,-0.0,2.57
2025-09-05 18:00:00-04:00,62.27,59.7,-0.0,2.57
2025-09-05 19:00:00-04:00,61.12,58.83,-0.0,2.29
2025-09-05 20:00:00-04:00,51.98,50.12,-0.0,1.86
2025-09-05 21:00:00-04:00,44.8,42.669999999999995,0.34,1.79
2025-09-05 22:00:00-04:00,41.21,39.86,-0.25,1.6
2025-09-05 23:00:00-04:00,37.99,37.06,-0.22,1.15
2025-09-06 00:00:00-04:00,40.88,38.790000000000006,0.15,1.94
2025-09-06 01:00:00-04:00,36.6,32.65,2.25,1.7
2025-09-06 02:00:00-04:00,33.2,29.910000000000004,1.8,1.49
2025-09-06 03:00:00-04:00,31.8,28.69,1.7,1.41
2025-09-06 04:00:00-04:00,32.6,28.31,2.9,1.39
2025-09-06 05:00:00-04:00,33.29,29.19,2.7,1.4
2025-09-06 06:00:00-04:00,35.53,34.230000000000004,-0.0,1.3
2025-09-06 07:00:00-04:00,35.44,34.11,-0.0,1.33
2025-09-06 08:00:00-04:00,38.89,36.08,1.36,1.45
2025-09-06 09:00:00-04:00,36.44,36.489999999999995,-1.36,1.31
2025-09-06 10:00:00-04:00,35.18,34.72,-0.89,1.35
2025-09-06 11:00:00-04:00,36.61,36.64,-1.53,1.5
2025-09-06 12:00:00-04:00,40.16,39.26,-0.83,1.73
2025-09-06 13:00:00-04:00,41.56,39.17,0.43,1.96
2025-09-06 14:00:00-04:00,42.97,40.41,0.38,2.18
2025-09-06 15:00:00-04:00,43.61,41.1,0.33,2.18
2025-09-06 16:00:00-04:00,47.45,44.54,0.46,2.45
2025-09-06 17:00:00-04:00,52.24,47.34,2.25,2.65
2025-09-06 18:00:00-04:00,53.85,48.64,2.78,2.43
2025-09-06 19:00:00-04:00,50.54,46.56,1.75,2.23
2025-09-06 20:00:00-04:00,46.79,44.82,-0.0,1.97
2025-09-06 21:00:00-04:00,42.69,39.68,1.3,1.71
2025-09-06 22:00:00-04:00,38.93,38.68,-1.3,1.55
2025-09-06 23:00:00-04:00,37.16,35.83,-0.0,1.33
2025-09-07 00:00:00-04:00,36.43,35.23,-0.0,1.2
2025-09-07 01:00:00-04:00,32.5,31.43,-0.0,1.07
2025-09-07 02:00:00-04:00,29.75,28.77,-0.0,0.98
2025-09-07 03:00:00-04:00,27.98,27.03,-0.0,0.95
2025-09-07 04:00:00-04:00,27.2,26.28,-0.0,0.92
2025-09-07 05:00:00-04:00,28.11,27.16,-0.0,0.95
2025-09-07 06:00:00-04:00,29.71,28.73,-0.0,0.98
2025-09-07 07:00:00-04:00,33.9,27.05,6.04,0.81
2025-09-07 08:00:00-04:00,29.9,28.4,0.19,1.31
2025-09-07 09:00:00-04:00,30.41,29.02,-0.0,1.39
2025-09-07 10:00:00-04:00,31.5,29.03,0.93,1.54
2025-09-07 11:00:00-04:00,30.0,28.26,0.19,1.55
2025-09-07 12:00:00-04:00,42.09,25.42,15.52,1.15
2025-09-07 13:00:00-04:00,37.5,25.32,11.04,1.14
2025-09-07 14:00:00-04:00,37.8,25.02,11.6,1.18
2025-09-07 15:00:00-04:00,33.7,27.34,4.83,1.53
2025-09-07 16:00:00-04:00,37.0,31.19,4.13,1.68
2025-09-07 17:00:00-04:00,40.9,37.94,1.1,1.86
2025-09-07 18:00:00-04:00,45.65,43.33,0.5,1.82
2025-09-07 19:00:00-04:00,46.0,45.64,-1.28,1.64
2025-09-07 20:00:00-04:00,42.8,41.55,-0.0,1.25
2025-09-07 21:00:00-04:00,37.66,36.42,-0.0,1.24
2025-09-07 22:00:00-04:00,33.33,32.36,-0.0,0.97
2025-09-07 23:00:00-04:00,29.87,29.03,-0.0,0.84
2025-09-08 00:00:00-04:00,28.71,27.69,-0.0,1.02
2025-09-08 01:00:00-04:00,25.81,24.87,-0.0,0.94
2025-09-08 02:00:00-04:00,23.85,22.96,-0.0,0.89
2025-09-08 03:00:00-04:00,23.0,22.22,-0.0,0.78
2025-09-08 04:00:00-04:00,24.2,23.47,-0.0,0.73
2025-09-08 05:00:00-04:00,28.56,27.86,-0.0,0.7
2025-09-08 06:00:00-04:00,34.6,33.33,-0.0,1.27
2025-09-08 07:00:00-04:00,38.86,37.22,-0.0,1.64
2025-09-08 08:00:00-04:00,31.23,30.0,-0.0,1.23
2025-09-08 09:00:00-04:00,26.36,25.15,-0.0,1.21
2025-09-08 10:00:00-04:00,25.0,23.79,-0.0,1.21
2025-09-08 11:00:00-04:00,24.88,23.72,-0.0,1.16
2025-09-08 12:00:00-04:00,25.16,23.98,-0.0,1.18
2025-09-08 13:00:00-04:00,25.32,24.23,-0.0,1.09
2025-09-08 14:00:00-04:00,25.38,24.19,-0.0,1.19
2025-09-08 15:00:00-04:00,27.57,26.21,-0.0,1.36
2025-09-08 16:00:00-04:00,33.32,31.67,-0.0,1.65
2025-09-08 17:00:00-04:00,40.87,38.81,-0.0,2.06
2025-09-08 18:00:00-04:00,44.82,43.01,-0.0,1.81
2025-09-08 19:00:00-04:00,49.82,47.95,-0.0,1.87
2025-09-08 20:00:00-04:00,44.3,42.47,-0.0,1.83
2025-09-08 21:00:00-04:00,38.81,37.1,-0.0,1.71
2025-09-08 22:00:00-04:00,33.71,32.32,-0.0,1.39
2025-09-08 23:00:00-04:00,28.1,27.1,-0.0,1.0
2025-09-09 00:00:00-04:00,28.88,28.2,-0.0,0.68
2025-09-09 01:00:00-04:00,28.41,27.72,-0.0,0.69
2025-09-09 02:00:00-04:00,26.52,25.87,-0.0,0.65
2025-09-09 03:00:00-04:00,24.52,23.9,-0.0,0.62
2025-09-09 04:00:00-04:00,24.55,23.93,-0.0,0.62
2025-09-09 05:00:00-04:00,29.0,28.1,-0.0,0.9
2025-09-09 06:00:00-04:00,39.68,38.15,-0.0,1.53
2025-09-09 07:00:00-04:00,40.57,38.97,-0.0,1.6
2025-09-09 08:00:00-04:00,31.0,30.6,-0.7,1.1
2025-09-09 09:00:00-04:00,23.6,25.94,-3.4,1.06
2025-09-09 10:00:00-04:00,26.3,25.55,-0.27,1.02
2025-09-09 11:00:00-04:00,25.91,25.18,-0.28,1.01
2025-09-09 12:00:00-04:00,25.86,24.82,-0.0,1.04
2025-09-09 13:00:00-04:00,26.21,25.21,-0.03,1.03
2025-09-09 14:00:00-04:00,26.64,26.02,-0.55,1.17
2025-09-09 15:00:00-04:00,27.61,28.2,-1.83,1.24
2025-09-09 16:00:00-04:00,33.0,33.46,-1.93,1.47
2025-09-09 17:00:00-04:00,42.32,40.69,-0.0,1.63
2025-09-09 18:00:00-04:00,48.02,46.35,-0.0,1.67
2025-09-09 19:00:00-04:00,49.73,49.8,-1.71,1.64
2025-09-09 20:00:00-04:00,45.03,43.42,-0.0,1.61
2025-09-09 21:00:00-04:00,39.29,37.78,-0.0,1.51
2025-09-09 22:00:00-04:00,32.32,31.05,-0.0,1.27
2025-09-09 23:00:00-04:00,29.33,28.17,-0.0,1.16
2025-09-10 00:00:00-04:00,29.39,26.83,1.27,1.29
2025-09-10 01:00:00-04:00,29.2,26.41,1.55,1.24
2025-09-10 02:00:00-04:00,26.21,23.75,1.39,1.07
2025-09-10 03:00:00-04:00,24.7,23.61,0.08,1.01
2025-09-10 04:00:00-04:00,24.63,23.71,-0.0,0.92
2025-09-10 05:00:00-04:00,29.7,28.56,-0.0,1.14
2025-09-10 06:00:00-04:00,38.5,35.3,1.54,1.66
2025-09-10 07:00:00-04:00,42.0,39.2,1.08,1.72
2025-09-10 08:00:00-04:00,36.61,35.17,-0.0,1.44
2025-09-10 09:00:00-04:00,31.8,31.92,-1.49,1.37
2025-09-10 10:00:00-04:00,33.5,31.91,-0.0,1.59
2025-09-10 11:00:00-04:00,33.4,31.84,-0.0,1.56
2025-09-10 12:00:00-04:00,33.0,31.34,-0.0,1.66
2025-09-10 13:00:00-04:00,33.71,32.04,-0.0,1.67
2025-09-10 14:00:00-04:00,33.77,32.1,-0.0,1.67
2025-09-10 15:00:00-04:00,34.04,32.45,-0.0,1.59
2025-09-10 16:00:00-04:00,39.19,37.54,-0.0,1.65
2025-09-10 17:00:00-04:00,43.92,42.23,-0.0,1.69
2025-09-10 18:00:00-04:00,49.22,47.6,-0.0,1.62
2025-09-10 19:00:00-04:00,52.22,52.47,-1.77,1.52
2025-09-10 20:00:00-04:00,47.0,45.63,0.05,1.32
2025-09-10 21:00:00-04:00,40.83,39.61,-0.05,1.27
2025-09-10 22:00:00-04:00,35.46,34.39,-0.0,1.07
2025-09-10 23:00:00-04:00,32.2,31.17,-0.0,1.03
2025-09-11 00:00:00-04:00,27.49,26.64,-0.0,0.85
2025-09-11 01:00:00-04:00,26.14,25.45,-0.0,0.69
2025-09-11 02:00:00-04:00,24.86,24.14,-0.0,0.72
2025-09-11 03:00:00-04:00,24.41,23.68,-0.0,0.73
2025-09-11 04:00:00-04:00,25.22,24.58,-0.0,0.64
2025-09-11 05:00:00-04:00,28.81,28.11,-0.0,0.7
2025-09-11 06:00:00-04:00,35.0,33.92,-0.0,1.08
2025-09-11 07:00:00-04:00,36.7,37.79,-2.53,1.44
2025-09-11 08:00:00-04:00,29.4,32.28,-4.11,1.23
2025-09-11 09:00:00-04:00,23.1,27.61,-5.64,1.13
2025-09-11 10:00:00-04:00,24.14,27.48,-4.47,1.13
2025-09-11 11:00:00-04:00,25.0,26.99,-3.12,1.13
2025-09-11 12:00:00-04:00,24.97,27.12,-3.32,1.17
2025-09-11 13:00:00-04:00,24.85,30.65,-7.03,1.23
2025-09-11 14:00:00-04:00,27.34,32.59,-6.55,1.3
2025-09-11 15:00:00-04:00,29.79,35.54,-7.17,1.42
2025-09-11 16:00:00-04:00,35.09,41.06,-7.65,1.68
2025-09-11 17:00:00-04:00,43.62,46.86,-5.02,1.78
2025-09-11 18:00:00-04:00,46.31,50.43,-5.78,1.66
2025-09-11 19:00:00-04:00,47.0,53.49,-8.04,1.55
2025-09-11 20:00:00-04:00,45.75,44.29,-0.0,1.46
2025-09-11 21:00:00-04:00,39.6,38.3,-0.0,1.3
2025-09-11 22:00:00-04:00,34.7,33.81,-0.29,1.18
2025-09-11 23:00:00-04:00,31.7,31.26,-0.5,0.94
2025-09-12 00:00:00-04:00,28.6,27.77,-0.0,0.83
2025-09-12 01:00:00-04:00,26.64,25.86,-0.0,0.78
2025-09-12 02:00:00-04:00,24.8,24.08,-0.0,0.72
2025-09-12 03:00:00-04:00,23.5,22.82,-0.0,0.68
2025-09-12 04:00:00-04:00,23.1,22.45,-0.0,0.65
2025-09-12 05:00:00-04:00,27.85,27.17,-0.0,0.68
2025-09-12 06:00:00-04:00,34.5,33.66,-0.0,0.84
2025-09-12 07:00:00-04:00,35.5,34.53,-0.0,0.97
2025-09-12 08:00:00-04:00,26.1,29.59,-4.26,0.77
2025-09-12 09:00:00-04:00,23.7,24.78,-1.82,0.74
2025-09-12 10:00:00-04:00,25.74,24.92,-0.0,0.82
2025-09-12 11:00:00-04:00,25.6,24.81,-0.0,0.79
2025-09-12 12:00:00-04:00,25.89,25.11,-0.0,0.78
2025-09-12 13:00:00-04:00,26.4,27.36,-1.81,0.85
2025-09-12 14:00:00-04:00,27.3,29.33,-3.12,1.09
2025-09-12 15:00:00-04:00,28.63,32.26,-4.73,1.1
2025-09-12 16:00:00-04:00,32.47,37.11,-6.09,1.45
2025-09-12 17:00:00-04:00,40.7,45.87,-6.82,1.65
2025-09-12 18:00:00-04:00,44.6,46.68,-3.67,1.59
2025-09-12 19:00:00-04:00,46.0,45.53,-0.89,1.36
2025-09-12 20:00:00-04:00,42.4,40.97,-0.0,1.43
2025-09-12 21:00:00-04:00,35.85,34.57,-0.0,1.28
2025-09-12 22:00:00-04:00,31.8,30.75,-0.0,1.05
2025-09-12 23:00:00-04:00,29.97,29.3,-0.0,0.67
2025-09-13 00:00:00-04:00,29.0,28.29,-0.0,0.71
2025-09-13 01:00:00-04:00,26.12,25.43,-0.0,0.69
2025-09-13 02:00:00-04:00,25.07,24.41,-0.0,0.66
2025-09-13 03:00:00-04:00,23.83,23.16,-0.0,0.67
2025-09-13 04:00:00-04:00,23.87,23.15,-0.0,0.72
2025-09-13 05:00:00-04:00,24.99,24.29,-0.0,0.7
2025-09-13 06:00:00-04:00,27.7,26.92,-0.0,0.78
2025-09-13 07:00:00-04:00,27.18,26.39,-0.0,0.79
2025-09-13 08:00:00-04:00,24.57,23.92,-0.0,0.65
2025-09-13 09:00:00-04:00,23.05,22.47,-0.0,0.58
2025-09-13 10:00:00-04:00,23.73,23.13,-0.0,0.6
2025-09-13 11:00:00-04:00,25.41,24.82,-0.0,0.59
2025-09-13 12:00:00-04:00,25.16,25.65,-1.13,0.64
2025-09-13 13:00:00-04:00,27.03,27.15,-0.91,0.79
2025-09-13 14:00:00-04:00,28.14,28.82,-1.6,0.92
2025-09-13 15:00:00-04:00,29.4,30.92,-2.45,0.93
2025-09-13 16:00:00-04:00,35.0,36.17,-2.22,1.05
2025-09-13 17:00:00-04:00,43.04,41.79,-0.0,1.25
2025-09-13 18:00:00-04:00,48.84,47.46,-0.0,1.38
2025-09-13 19:00:00-04:00,45.64,44.4,-0.0,1.24
2025-09-13 20:00:00-04:00,41.7,40.33,-0.0,1.37
2025-09-13 21:00:00-04:00,36.3,35.14,-0.0,1.16
2025-09-13 22:00:00-04:00,33.06,32.04,-0.0,1.02
2025-09-13 23:00:00-04:00,29.94,29.04,-0.0,0.9
2025-09-14 00:00:00-04:00,29.96,29.0,-0.0,0.96
2025-09-14 01:00:00-04:00,28.52,27.61,-0.0,0.91
2025-09-14 02:00:00-04:00,26.54,25.69,-0.0,0.85
2025-09-14 03:00:00-04:00,26.01,25.15,-0.0,0.86
2025-09-14 04:00:00-04:00,25.3,24.49,-0.0,0.81
2025-09-14 05:00:00-04:00,25.93,25.13,-0.0,0.8
2025-09-14 06:00:00-04:00,28.01,27.12,-0.03,0.92
2025-09-14 07:00:00-04:00,26.82,25.91,0.03,0.88
2025-09-14 08:00:00-04:00,25.25,24.37,-0.0,0.88
2025-09-14 09:00:00-04:00,23.63,22.77,-0.0,0.86
2025-09-14 10:00:00-04:00,25.44,24.56,-0.0,0.88
2025-09-14 11:00:00-04:00,27.01,26.15,-0.0,0.86
2025-09-14 12:00:00-04:00,28.56,27.62,-0.0,0.94
2025-09-14 13:00:00-04:00,30.86,29.76,-0.0,1.1
2025-09-14 14:00:00-04:00,30.2,29.15,-0.0,1.05
2025-09-14 15:00:00-04:00,32.9,31.7,-0.0,1.2
2025-09-14 16:00:00-04:00,39.8,39.44,-1.22,1.58
2025-09-14 17:00:00-04:00,49.9,48.07,-0.0,1.83
2025-09-14 18:00:00-04:00,56.75,54.83,-0.0,1.92
2025-09-14 19:00:00-04:00,55.74,53.86,-0.0,1.88
2025-09-14 20:00:00-04:00,46.5,44.76,-0.0,1.74
2025-09-14 21:00:00-04:00,41.62,40.06,-0.0,1.56
2025-09-14 22:00:00-04:00,36.34,35.04,-0.0,1.3
2025-09-14 23:00:00-04:00,31.6,30.56,-0.0,1.04
2025-09-15 00:00:00-04:00,32.18,30.94,-0.0,1.24
2025-09-15 01:00:00-04:00,29.93,28.92,-0.0,1.01
2025-09-15 02:00:00-04:00,28.51,27.63,-0.0,0.88
2025-09-15 03:00:00-04:00,27.84,27.0,-0.0,0.84
2025-09-15 04:00:00-04:00,28.61,27.64,-0.0,0.97
2025-09-15 05:00:00-04:00,29.03,28.13,-0.0,0.9
2025-09-15 06:00:00-04:00,37.74,36.36,-0.0,1.38
2025-09-15 07:00:00-04:00,42.13,40.82,-0.0,1.31
2025-09-15 08:00:00-04:00,34.87,38.42,-4.66,1.11
2025-09-15 09:00:00-04:00,30.0,33.79,-4.8,1.01
2025-09-15 10:00:00-04:00,31.51,33.54,-3.1,1.07
2025-09-15 11:00:00-04:00,32.4,35.25,-4.08,1.23
2025-09-15 12:00:00-04:00,32.82,35.92,-4.39,1.29
2025-09-15 13:00:00-04:00,34.44,38.57,-5.48,1.35
2025-09-15 14:00:00-04:00,35.24,41.02,-7.21,1.43
2025-09-15 15:00:00-04:00,37.33,44.54,-8.81,1.6
2025-09-15 16:00:00-04:00,44.77,51.38,-8.36,1.75
2025-09-15 17:00:00-04:00,55.9,63.1,-9.28,2.08
2025-09-15 18:00:00-04:00,58.5,66.27,-9.69,1.92
2025-09-15 19:00:00-04:00,56.8,59.37,-4.23,1.66
2025-09-15 20:00:00-04:00,52.12,50.6,-0.15,1.67
2025-09-15 21:00:00-04:00,44.35,42.94,-0.0,1.41
2025-09-15 22:00:00-04:00,38.47,37.06,0.15,1.26
2025-09-15 23:00:00-04:00,34.51,33.54,-0.0,0.97
2025-09-16 00:00:00-04:00,29.97,29.04,-0.0,0.93
2025-09-16 01:00:00-04:00,29.0,28.18,-0.0,0.82
2025-09-16 02:00:00-04:00,26.42,25.65,-0.0,0.77
2025-09-16 03:00:00-04:00,24.93,24.18,-0.0,0.75
2025-09-16 04:00:00-04:00,25.07,24.32,-0.0,0.75
2025-09-16 05:00:00-04:00,29.3,28.56,-0.0,0.74
2025-09-16 06:00:00-04:00,35.3,37.63,-3.38,1.05
2025-09-16 07:00:00-04:00,37.7,38.69,-2.11,1.12
2025-09-16 08:00:00-04:00,31.56,35.64,-5.08,1.0
2025-09-16 09:00:00-04:00,24.3,32.45,-9.16,1.01
2025-09-16 10:00:00-04:00,29.75,33.33,-4.55,0.97
2025-09-16 11:00:00-04:00,29.76,33.38,-4.62,1.0
2025-09-16 12:00:00-04:00,30.4,34.17,-4.79,1.02
2025-09-16 13:00:00-04:00,31.54,34.91,-4.45,1.08
2025-09-16 14:00:00-04:00,33.2,35.8,-3.75,1.15
2025-09-16 15:00:00-04:00,31.89,36.54,-5.85,1.2
2025-09-16 16:00:00-04:00,36.9,40.99,-5.36,1.27
2025-09-16 17:00:00-04:00,46.77,49.3,-3.86,1.33
2025-09-16 18:00:00-04:00,51.8,55.44,-4.86,1.22
2025-09-16 19:00:00-04:00,48.07,56.22,-9.27,1.12
2025-09-16 20:00:00-04:00,41.71,43.39,-2.85,1.17
2025-09-16 21:00:00-04:00,37.1,38.45,-2.42,1.07
2025-09-16 22:00:00-04:00,31.8,33.81,-2.96,0.95
2025-09-16 23:00:00-04:00,30.36,31.65,-2.05,0.76
2025-09-17 00:00:00-04:00,31.1,33.64,-3.38,0.84
2025-09-17 01:00:00-04:00,29.13,29.79,-1.41,0.75
2025-09-17 02:00:00-04:00,29.06,29.74,-1.33,0.65
2025-09-17 03:00:00-04:00,29.11,28.43,-0.0,0.68
2025-09-17 04:00:00-04:00,29.58,29.11,-0.23,0.7
2025-09-17 05:00:00-04:00,30.69,31.3,-1.39,0.78
2025-09-17 06:00:00-04:00,35.85,40.17,-5.6,1.28
2025-09-17 07:00:00-04:00,38.04,44.07,-7.53,1.5
2025-09-17 08:00:00-04:00,34.64,41.26,-8.15,1.53
2025-09-17 09:00:00-04:00,26.09,37.79,-13.21,1.51
2025-09-17 10:00:00-04:00,31.5,36.77,-6.56,1.29
2025-09-17 11:00:00-04:00,31.9,36.83,-6.29,1.36
2025-09-17 12:00:00-04:00,31.6,38.61,-8.36,1.35
2025-09-17 13:00:00-04:00,33.43,39.79,-7.55,1.19
2025-09-17 14:00:00-04:00,34.13,41.09,-8.23,1.27
2025-09-17 15:00:00-04:00,36.23,44.31,-9.41,1.33
2025-09-17 16:00:00-04:00,42.0,48.04,-7.48,1.44
2025-09-17 17:00:00-04:00,52.8,53.7,-2.29,1.39
2025-09-17 18:00:00-04:00,55.52,60.47,-6.28,1.33
2025-09-17 19:00:00-04:00,54.48,58.36,-5.16,1.28
2025-09-17 20:00:00-04:00,46.6,49.17,-3.65,1.08
2025-09-17 21:00:00-04:00,37.0,43.45,-7.49,1.04
2025-09-17 22:00:00-04:00,34.0,38.31,-5.38,1.07
2025-09-17 23:00:00-04:00,32.48,34.76,-3.08,0.8
2025-09-18 00:00:00-04:00,31.52,32.64,-1.81,0.69
2025-09-18 01:00:00-04:00,30.42,30.85,-1.01,0.58
2025-09-18 02:00:00-04:00,29.53,29.07,-0.0,0.46
2025-09-18 03:00:00-04:00,28.32,27.76,-0.0,0.56
2025-09-18 04:00:00-04:00,29.53,28.98,-0.0,0.55
2025-09-18 05:00:00-04:00,30.88,31.32,-1.07,0.63
2025-09-18 06:00:00-04:00,35.79,39.41,-4.72,1.1
2025-09-18 07:00:00-04:00,40.6,44.59,-5.37,1.38
2025-09-18 08:00:00-04:00,35.0,42.85,-9.22,1.37
2025-09-18 09:00:00-04:00,29.4,40.06,-12.06,1.4
2025-09-18 10:00:00-04:00,33.83,38.0,-5.42,1.25
2025-09-18 11:00:00-04:00,32.73,37.42,-6.04,1.35
2025-09-18 12:00:00-04:00,34.25,40.35,-7.31,1.21
2025-09-18 13:00:00-04:00,34.76,42.02,-8.52,1.26
2025-09-18 14:00:00-04:00,35.99,43.84,-9.25,1.4
2025-09-18 15:00:00-04:00,31.0,45.75,-16.31,1.56
2025-09-18 16:00:00-04:00,38.03,48.28,-11.94,1.69
2025-09-18 17:00:00-04:00,51.64,69.87,-19.9,1.67
2025-09-18 18:00:00-04:00,53.93,69.63,-17.09,1.39
2025-09-18 19:00:00-04:00,52.46,70.79,-19.53,1.2
2025-09-18 20:00:00-04:00,47.1,57.5,-11.32,0.92
2025-09-18 21:00:00-04:00,38.75,47.97,-9.89,0.67
2025-09-18 22:00:00-04:00,37.88,43.36,-6.09,0.61
2025-09-18 23:00:00-04:00,34.0,40.42,-6.74,0.32
2025-09-19 00:00:00-04:00,34.9,34.42,-0.0,0.48
2025-09-19 01:00:00-04:00,32.2,32.51,-0.6,0.29
2025-09-19 02:00:00-04:00,30.52,30.54,-0.26,0.24
2025-09-19 03:00:00-04:00,29.4,29.19,-0.0,0.21
2025-09-19 04:00:00-04:00,29.13,28.98,-0.0,0.15
2025-09-19 05:00:00-04:00,32.62,32.26,-0.0,0.36
2025-09-19 06:00:00-04:00,39.0,38.35,-0.0,0.65
2025-09-19 07:00:00-04:00,44.28,43.58,-0.0,0.7
2025-09-19 08:00:00-04:00,36.03,40.31,-5.01,0.73
2025-09-19 09:00:00-04:00,31.41,37.96,-7.42,0.87
2025-09-19 10:00:00-04:00,27.95,36.51,-9.43,0.87
2025-09-19 11:00:00-04:00,28.03,37.16,-10.02,0.89
2025-09-19 12:00:00-04:00,27.8,38.57,-11.73,0.96
2025-09-19 13:00:00-04:00,28.22,39.42,-12.19,0.99
2025-09-19 14:00:00-04:00,29.32,41.48,-13.32,1.16
2025-09-19 15:00:00-04:00,30.16,43.12,-14.21,1.25
2025-09-19 16:00:00-04:00,37.6,48.72,-12.44,1.32
2025-09-19 17:00:00-04:00,48.8,63.47,-16.26,1.59
2025-09-19 18:00:00-04:00,52.23,61.23,-10.22,1.22
2025-09-19 19:00:00-04:00,51.4,56.12,-5.62,0.9
2025-09-19 20:00:00-04:00,47.0,47.57,-1.24,0.67
2025-09-19 21:00:00-04:00,40.8,42.92,-2.76,0.64
2025-09-19 22:00:00-04:00,38.1,39.71,-2.21,0.6
2025-09-19 23:00:00-04:00,35.0,35.68,-1.14,0.46
2025-09-20 00:00:00-04:00,34.26,33.72,-0.0,0.54
2025-09-20 01:00:00-04:00,30.08,29.55,-0.0,0.53
2025-09-20 02:00:00-04:00,27.75,27.29,-0.0,0.46
2025-09-20 03:00:00-04:00,28.98,28.47,-0.0,0.51
2025-09-20 04:00:00-04:00,28.3,27.88,-0.0,0.42
2025-09-20 05:00:00-04:00,29.39,29.01,-0.0,0.38
2025-09-20 06:00:00-04:00,29.05,31.69,-3.18,0.54
2025-09-20 07:00:00-04:00,31.08,27.3,3.18,0.6
2025-09-20 08:00:00-04:00,27.91,27.36,-0.0,0.55
2025-09-20 09:00:00-04:00,23.18,22.75,-0.0,0.43
2025-09-20 10:00:00-04:00,22.26,21.85,-0.0,0.41
2025-09-20 11:00:00-04:00,22.63,22.56,-0.38,0.45
2025-09-20 12:00:00-04:00,22.55,22.53,-0.43,0.45
2025-09-20 13:00:00-04:00,22.9,23.71,-1.28,0.47
2025-09-20 14:00:00-04:00,24.0,24.14,-0.62,0.48
2025-09-20 15:00:00-04:00,27.27,27.78,-1.07,0.56
2025-09-20 16:00:00-04:00,30.16,32.26,-2.84,0.74
2025-09-20 17:00:00-04:00,41.3,40.41,-0.0,0.89
2025-09-20 18:00:00-04:00,46.49,45.8,-0.0,0.69
2025-09-20 19:00:00-04:00,46.33,45.51,-0.0,0.82
2025-09-20 20:00:00-04:00,40.68,39.96,-0.0,0.72
2025-09-20 21:00:00-04:00,34.37,33.66,-0.0,0.71
2025-09-20 22:00:00-04:00,32.31,31.71,-0.0,0.6
2025-09-20 23:00:00-04:00,28.33,27.8,-0.0,0.53
2025-09-21 00:00:00-04:00,29.26,28.63,-0.0,0.63
2025-09-21 01:00:00-04:00,26.87,26.29,-0.0,0.58
2025-09-21 02:00:00-04:00,24.53,23.96,-0.0,0.57
2025-09-21 03:00:00-04:00,23.33,22.74,-0.0,0.59
2025-09-21 04:00:00-04:00,22.99,22.43,-0.0,0.56
2025-09-21 05:00:00-04:00,23.51,22.92,-0.0,0.59
2025-09-21 06:00:00-04:00,26.41,25.84,-0.0,0.57
2025-09-21 07:00:00-04:00,25.82,25.31,-0.0,0.51
2025-09-21 08:00:00-04:00,24.45,23.95,-0.0,0.5
2025-09-21 09:00:00-04:00,20.35,19.95,-0.0,0.4
2025-09-21 10:00:00-04:00,19.72,19.31,-0.0,0.41
2025-09-21 11:00:00-04:00,20.17,19.83,-0.0,0.34
2025-09-21 12:00:00-04:00,20.71,20.36,-0.0,0.35
2025-09-21 13:00:00-04:00,22.44,22.09,-0.0,0.35
2025-09-21 14:00:00-04:00,22.5,22.12,-0.0,0.38
2025-09-21 15:00:00-04:00,26.48,26.04,-0.0,0.44
2025-09-21 16:00:00-04:00,31.26,30.77,-0.0,0.49
2025-09-21 17:00:00-04:00,42.3,41.51,-0.0,0.79
2025-09-21 18:00:00-04:00,50.0,48.87,-0.0,1.13
2025-09-21 19:00:00-04:00,45.9,44.83,-0.0,1.07
2025-09-21 20:00:00-04:00,43.2,42.23,-0.0,0.97
2025-09-21 21:00:00-04:00,34.52,33.68,-0.0,0.84
2025-09-21 22:00:00-04:00,29.61,28.92,-0.0,0.69
2025-09-21 23:00:00-04:00,26.61,26.01,-0.0,0.6
2025-09-22 00:00:00-04:00,28.04,27.33,-0.0,0.71
2025-09-22 01:00:00-04:00,26.37,25.73,-0.0,0.64
2025-09-22 02:00:00-04:00,24.53,23.93,-0.0,0.6
2025-09-22 03:00:00-04:00,23.55,22.95,-0.0,0.6
2025-09-22 04:00:00-04:00,24.14,23.62,-0.0,0.52
2025-09-22 05:00:00-04:00,27.66,24.87,2.22,0.57
2025-09-22 06:00:00-04:00,33.06,32.04,-0.0,1.02
2025-09-22 07:00:00-04:00,34.2,35.32,-2.22,1.1
2025-09-22 08:00:00-04:00,31.72,30.86,-0.0,0.86
2025-09-22 09:00:00-04:00,27.0,26.32,-0.0,0.68
2025-09-22 10:00:00-04:00,26.42,25.75,-0.0,0.67
2025-09-22 11:00:00-04:00,26.77,26.17,-0.0,0.6
2025-09-22 12:00:00-04:00,27.08,27.63,-1.16,0.61
2025-09-22 13:00:00-04:00,29.62,32.28,-3.05,0.39
2025-09-22 14:00:00-04:00,30.28,34.66,-4.69,0.31
2025-09-22 15:00:00-04:00,33.29,36.24,-3.24,0.29
2025-09-22 16:00:00-04:00,41.3,44.61,-3.62,0.31
2025-09-22 17:00:00-04:00,59.33,58.86,-0.0,0.47
2025-09-22 18:00:00-04:00,61.21,60.6,-0.0,0.61
2025-09-22 19:00:00-04:00,57.68,57.39,-0.0,0.29
2025-09-22 20:00:00-04:00,50.1,49.08,0.38,0.64
2025-09-22 21:00:00-04:00,38.8,38.83,-0.38,0.35
2025-09-22 22:00:00-04:00,35.46,35.18,-0.0,0.28
2025-09-22 23:00:00-04:00,31.45,31.14,-0.0,0.31
2025-09-23 00:00:00-04:00,34.54,34.2,-0.0,0.34
2025-09-23 01:00:00-04:00,30.88,30.54,-0.0,0.34
2025-09-23 02:00:00-04:00,30.73,30.46,-0.0,0.27
2025-09-23 03:00:00-04:00,29.77,29.48,-0.0,0.29
2025-09-23 04:00:00-04:00,30.35,30.02,-0.0,0.33
2025-09-23 05:00:00-04:00,34.3,33.93,-0.0,0.37
2025-09-23 06:00:00-04:00,45.5,44.79,-0.0,0.71
2025-09-23 07:00:00-04:00,49.98,49.39,-0.0,0.59
2025-09-23 08:00:00-04:00,46.18,45.63,-0.0,0.55
2025-09-23 09:00:00-04:00,34.71,39.05,-4.96,0.62
2025-09-23 10:00:00-04:00,33.67,39.23,-6.19,0.63
2025-09-23 11:00:00-04:00,33.38,39.2,-6.53,0.71
2025-09-23 12:00:00-04:00,34.54,42.9,-9.17,0.81
2025-09-23 13:00:00-04:00,36.0,47.44,-12.34,0.9
2025-09-23 14:00:00-04:00,41.36,52.1,-11.88,1.14
2025-09-23 15:00:00-04:00,44.44,58.11,-15.06,1.39
2025-09-23 16:00:00-04:00,53.1,70.48,-19.14,1.76
2025-09-23 17:00:00-04:00,90.3,82.57,5.66,2.07
2025-09-23 18:00:00-04:00,77.29,69.27,6.5,1.52
2025-09-23 19:00:00-04:00,76.8,66.17,9.31,1.32
2025-09-23 20:00:00-04:00,58.18,56.98,-0.0,1.2
2025-09-23 21:00:00-04:00,48.41,47.65,-0.0,0.76
2025-09-23 22:00:00-04:00,43.51,42.61,0.6,0.3
2025-09-23 23:00:00-04:00,38.0,38.79,-1.18,0.39
2025-09-24 00:00:00-04:00,40.59,40.23,-0.0,0.36
2025-09-24 01:00:00-04:00,36.0,35.57,-0.0,0.43
2025-09-24 02:00:00-04:00,33.62,33.29,-0.0,0.33
2025-09-24 03:00:00-04:00,31.86,31.61,-0.0,0.25
2025-09-24 04:00:00-04:00,32.07,31.75,-0.0,0.32
2025-09-24 05:00:00-04:00,33.72,33.52,-0.0,0.2
2025-09-24 06:00:00-04:00,44.67,44.23,-0.0,0.44
2025-09-24 07:00:00-04:00,50.0,49.21,0.2,0.59
2025-09-24 08:00:00-04:00,50.13,49.58,-0.0,0.55
2025-09-24 09:00:00-04:00,41.3,48.93,-8.07,0.44
2025-09-24 10:00:00-04:00,40.7,49.0,-8.79,0.49
2025-09-24 11:00:00-04:00,42.0,49.22,-7.76,0.54
2025-09-24 12:00:00-04:00,41.24,52.06,-11.45,0.63
2025-09-24 13:00:00-04:00,42.0,52.23,-10.86,0.63
2025-09-24 14:00:00-04:00,43.3,56.23,-13.61,0.68
2025-09-24 15:00:00-04:00,47.76,64.8,-18.07,1.03
2025-09-24 16:00:00-04:00,50.6,69.82,-20.27,1.05
2025-09-24 17:00:00-04:00,65.32,79.06,-15.4,1.66
2025-09-24 18:00:00-04:00,65.03,69.82,-5.56,0.77
2025-09-24 19:00:00-04:00,65.37,65.97,-1.07,0.47
2025-09-24 20:00:00-04:00,51.94,52.86,-1.39,0.47
2025-09-24 21:00:00-04:00,41.4,46.13,-5.14,0.41
2025-09-24 22:00:00-04:00,36.8,41.63,-5.33,0.5
2025-09-24 23:00:00-04:00,33.91,37.99,-4.38,0.3
2025-09-25 00:00:00-04:00,36.36,35.96,-0.0,0.4
2025-09-25 01:00:00-04:00,32.62,32.3,-0.0,0.32
2025-09-25 02:00:00-04:00,31.35,31.04,-0.0,0.31
2025-09-25 03:00:00-04:00,29.91,29.58,-0.0,0.33
2025-09-25 04:00:00-04:00,30.54,30.21,-0.0,0.33
2025-09-25 05:00:00-04:00,32.2,31.79,-0.0,0.41
2025-09-25 06:00:00-04:00,40.98,40.37,-0.0,0.61
2025-09-25 07:00:00-04:00,44.0,44.29,-0.96,0.67
2025-09-25 08:00:00-04:00,40.3,45.51,-5.76,0.55
2025-09-25 09:00:00-04:00,39.1,45.24,-6.91,0.77
2025-09-25 10:00:00-04:00,40.0,46.94,-7.55,0.61
2025-09-25 11:00:00-04:00,42.07,48.34,-6.9,0.63
2025-09-25 12:00:00-04:00,42.5,48.7,-6.79,0.59
2025-09-25 13:00:00-04:00,46.56,52.88,-6.96,0.64
2025-09-25 14:00:00-04:00,42.03,52.99,-11.49,0.53
2025-09-25 15:00:00-04:00,44.24,55.43,-11.97,0.78
2025-09-25 16:00:00-04:00,50.92,58.14,-8.21,0.99
2025-09-25 17:00:00-04:00,57.0,64.47,-8.57,1.1
2025-09-25 18:00:00-04:00,61.5,58.4,2.22,0.88
2025-09-25 19:00:00-04:00,57.48,57.84,-1.0,0.64
2025-09-25 20:00:00-04:00,49.0,48.92,-0.51,0.59
2025-09-25 21:00:00-04:00,44.9,44.01,0.32,0.57
2025-09-25 22:00:00-04:00,35.14,39.82,-5.43,0.75
2025-09-25 23:00:00-04:00,33.06,35.65,-3.16,0.57
2025-09-26 00:00:00-04:00,35.84,42.14,-6.89,0.59
2025-09-26 01:00:00-04:00,33.3,36.86,-4.11,0.55
2025-09-26 02:00:00-04:00,31.7,33.5,-2.23,0.43
2025-09-26 03:00:00-04:00,30.86,31.82,-1.34,0.38
2025-09-26 04:00:00-04:00,31.61,33.14,-1.86,0.33
2025-09-26 05:00:00-04:00,32.66,35.31,-3.08,0.43
2025-09-26 06:00:00-04:00,40.0,44.12,-4.69,0.57
2025-09-26 07:00:00-04:00,46.0,47.85,-2.47,0.62
2025-09-26 08:00:00-04:00,40.62,48.98,-9.0,0.64
2025-09-26 09:00:00-04:00,37.09,45.94,-9.49,0.64
2025-09-26 10:00:00-04:00,36.42,43.42,-7.69,0.69
2025-09-26 11:00:00-04:00,35.94,42.58,-7.36,0.72
2025-09-26 12:00:00-04:00,35.21,41.71,-7.21,0.71
2025-09-26 13:00:00-04:00,36.78,44.21,-8.27,0.84
2025-09-26 14:00:00-04:00,37.46,45.39,-8.88,0.95
2025-09-26 15:00:00-04:00,38.58,46.96,-9.51,1.13
2025-09-26 16:00:00-04:00,43.9,53.51,-10.89,1.28
2025-09-26 17:00:00-04:00,61.0,64.66,-5.15,1.49
2025-09-26 18:00:00-04:00,59.5,65.3,-7.17,1.37
2025-09-26 19:00:00-04:00,56.9,57.63,-1.77,1.04
2025-09-26 20:00:00-04:00,46.3,48.65,-3.08,0.73
2025-09-26 21:00:00-04:00,42.0,45.39,-4.21,0.82
2025-09-26 22:00:00-04:00,39.1,44.32,-5.89,0.67
2025-09-26 23:00:00-04:00,34.0,41.55,-7.88,0.33
2025-09-27 00:00:00-04:00,32.66,38.84,-6.72,0.54
2025-09-27 01:00:00-04:00,30.9,34.25,-3.83,0.48
2025-09-27 02:00:00-04:00,30.16,33.03,-3.23,0.36
2025-09-27 03:00:00-04:00,28.61,29.15,-0.86,0.32
2025-09-27 04:00:00-04:00,28.96,30.5,-1.85,0.31
2025-09-27 05:00:00-04:00,30.17,32.43,-2.49,0.23
2025-09-27 06:00:00-04:00,31.55,33.94,-2.69,0.3
2025-09-27 07:00:00-04:00,33.86,37.11,-3.77,0.52
2025-09-27 08:00:00-04:00,28.36,37.41,-9.61,0.56
2025-09-27 09:00:00-04:00,22.74,35.91,-13.78,0.61
2025-09-27 10:00:00-04:00,27.0,35.37,-8.9,0.53
2025-09-27 11:00:00-04:00,26.13,36.28,-10.77,0.62
2025-09-27 12:00:00-04:00,27.95,37.85,-10.39,0.49
2025-09-27 13:00:00-04:00,30.17,38.61,-8.9,0.46
2025-09-27 14:00:00-04:00,33.93,39.59,-6.37,0.71
2025-09-27 15:00:00-04:00,35.27,42.2,-7.52,0.59
2025-09-27 16:00:00-04:00,38.6,47.58,-9.5,0.52
2025-09-27 17:00:00-04:00,54.26,57.06,-3.54,0.74
2025-09-27 18:00:00-04:00,54.45,57.06,-3.18,0.57
2025-09-27 19:00:00-04:00,50.15,54.21,-4.49,0.43
2025-09-27 20:00:00-04:00,43.16,48.66,-5.99,0.49
2025-09-27 21:00:00-04:00,38.46,44.6,-6.72,0.58
2025-09-27 22:00:00-04:00,35.98,40.61,-5.16,0.53
2025-09-27 23:00:00-04:00,33.45,37.37,-4.37,0.45
2025-09-28 00:00:00-04:00,35.11,34.02,-0.0,1.09
2025-09-28 01:00:00-04:00,31.03,30.15,0.01,0.87
2025-09-28 02:00:00-04:00,27.59,26.81,-0.0,0.78
2025-09-28 03:00:00-04:00,28.32,26.47,0.84,1.01
2025-09-28 04:00:00-04:00,26.99,26.13,-0.0,0.86
2025-09-28 05:00:00-04:00,29.05,27.19,0.93,0.93
2025-09-28 06:00:00-04:00,30.64,29.17,0.65,0.82
2025-09-28 07:00:00-04:00,34.34,29.1,4.51,0.73
2025-09-28 08:00:00-04:00,30.62,28.32,1.65,0.65
2025-09-28 09:00:00-04:00,30.09,29.36,-0.0,0.73
2025-09-28 10:00:00-04:00,30.25,29.51,-0.0,0.74
2025-09-28 11:00:00-04:00,30.93,31.31,-1.13,0.75
2025-09-28 12:00:00-04:00,31.39,33.48,-2.86,0.77
2025-09-28 13:00:00-04:00,32.47,35.39,-3.8,0.88
2025-09-28 14:00:00-04:00,33.61,37.12,-4.36,0.85
2025-09-28 15:00:00-04:00,35.93,42.11,-7.11,0.93
2025-09-28 16:00:00-04:00,37.98,47.08,-9.85,0.75
2025-09-28 17:00:00-04:00,59.4,59.98,-1.36,0.78
2025-09-28 18:00:00-04:00,64.92,65.12,-1.11,0.91
2025-09-28 19:00:00-04:00,65.95,65.04,-0.0,0.91
2025-09-28 20:00:00-04:00,52.11,51.54,-0.0,0.57
2025-09-28 21:00:00-04:00,47.1,46.73,-0.0,0.37
2025-09-28 22:00:00-04:00,36.31,39.94,-4.15,0.52
2025-09-28 23:00:00-04:00,35.0,35.84,-1.27,0.43
2025-09-29 00:00:00-04:00,32.66,34.99,-2.99,0.66
2025-09-29 01:00:00-04:00,30.6,31.15,-0.99,0.44
2025-09-29 02:00:00-04:00,29.27,28.84,-0.0,0.43
2025-09-29 03:00:00-04:00,27.28,26.82,-0.0,0.46
2025-09-29 04:00:00-04:00,28.03,27.67,-0.0,0.36
2025-09-29 05:00:00-04:00,31.04,31.56,-0.87,0.35
2025-09-29 06:00:00-04:00,37.56,40.1,-3.06,0.52
2025-09-29 07:00:00-04:00,38.92,40.01,-2.33,1.24
2025-09-29 08:00:00-04:00,33.22,37.66,-5.76,1.32
2025-09-29 09:00:00-04:00,26.51,32.22,-7.0,1.29
2025-09-29 10:00:00-04:00,27.81,33.08,-6.56,1.29
2025-09-29 11:00:00-04:00,27.94,33.9,-7.25,1.29
2025-09-29 12:00:00-04:00,28.55,35.31,-8.1,1.34
2025-09-29 13:00:00-04:00,31.74,37.5,-7.22,1.46
2025-09-29 14:00:00-04:00,34.07,39.02,-6.55,1.6
2025-09-29 15:00:00-04:00,33.83,43.89,-11.64,1.58
2025-09-29 16:00:00-04:00,40.9,48.31,-8.76,1.35
2025-09-29 17:00:00-04:00,65.97,66.28,-2.03,1.72
2025-09-29 18:00:00-04:00,68.15,68.48,-1.91,1.58
2025-09-29 19:00:00-04:00,66.4,65.89,-0.01,0.52
2025-09-29 20:00:00-04:00,52.12,51.76,-0.0,0.36
2025-09-29 21:00:00-04:00,40.01,45.78,-6.13,0.36
2025-09-29 22:00:00-04:00,35.37,41.08,-6.2,0.49
2025-09-29 23:00:00-04:00,33.67,37.46,-4.2,0.41
2025-09-30 00:00:00-04:00,32.17,32.88,-1.3,0.59
2025-09-30 01:00:00-04:00,30.95,30.75,-0.23,0.43
2025-09-30 02:00:00-04:00,28.92,28.47,-0.0,0.45
2025-09-30 03:00:00-04:00,28.09,27.59,-0.0,0.5
2025-09-30 04:00:00-04:00,28.75,28.35,-0.0,0.4
2025-09-30 05:00:00-04:00,30.78,30.44,-0.0,0.34
2025-09-30 06:00:00-04:00,44.78,41.71,2.32,0.75
2025-09-30 07:00:00-04:00,43.99,44.0,-0.63,0.62
2025-09-30 08:00:00-04:00,40.23,39.52,-0.0,0.71
2025-09-30 09:00:00-04:00,29.41,31.96,-3.25,0.7
2025-09-30 10:00:00-04:00,30.37,32.43,-2.81,0.75
2025-09-30 11:00:00-04:00,30.07,33.61,-4.31,0.77
2025-09-30 12:00:00-04:00,31.66,37.02,-6.17,0.81
2025-09-30 13:00:00-04:00,30.63,38.44,-8.81,1.0
2025-09-30 14:00:00-04:00,33.79,39.64,-7.0,1.15
2025-09-30 15:00:00-04:00,34.82,41.15,-7.36,1.03
2025-09-30 16:00:00-04:00,38.91,47.79,-10.27,1.39
2025-09-30 17:00:00-04:00,52.37,64.03,-13.26,1.6
2025-09-30 18:00:00-04:00,58.75,66.32,-8.96,1.39
2025-09-30 19:00:00-04:00,55.84,60.29,-5.54,1.09
2025-09-30 20:00:00-04:00,45.92,48.51,-3.46,0.87
2025-09-30 21:00:00-04:00,38.22,39.6,-2.29,0.91
2025-09-30 22:00:00-04:00,32.62,34.97,-3.16,0.81
2025-09-30 23:00:00-04:00,32.0,31.7,-0.43,0.73
2025-10-01 00:00:00-04:00,29.9,29.14,-0.0,0.76
2025-10-01 01:00:00-04:00,27.6,26.93,-0.0,0.67
2025-10-01 02:00:00-04:00,25.7,25.1,-0.0,0.6
2025-10-01 03:00:00-04:00,25.35,24.81,-0.0,0.54
2025-10-01 04:00:00-04:00,26.65,26.0,-0.0,0.65
2025-10-01 05:00:00-04:00,30.9,30.26,-0.0,0.64
2025-10-01 06:00:00-04:00,40.87,39.99,-0.0,0.88
2025-10-01 07:00:00-04:00,43.9,43.08,-0.0,0.82
2025-10-01 08:00:00-04:00,33.6,36.31,-3.47,0.76
2025-10-01 09:00:00-04:00,29.3,29.9,-1.2,0.6
2025-10-01 10:00:00-04:00,27.27,26.63,-0.0,0.64
2025-10-01 11:00:00-04:00,25.91,25.89,-0.55,0.57
2025-10-01 12:00:00-04:00,24.6,25.4,-1.38,0.58
2025-10-01 13:00:00-04:00,25.08,26.8,-2.5,0.78
2025-10-01 14:00:00-04:00,25.54,26.11,-1.38,0.81
2025-10-01 15:00:00-04:00,28.4,29.3,-1.78,0.88
2025-10-01 16:00:00-04:00,32.24,35.23,-3.97,0.98
2025-10-01 17:00:00-04:00,45.61,43.42,1.1,1.09
2025-10-01 18:00:00-04:00,50.21,49.42,-0.0,0.79
2025-10-01 19:00:00-04:00,50.38,49.68,-0.0,0.7
2025-10-01 20:00:00-04:00,42.76,42.05,-0.13,0.84
2025-10-01 21:00:00-04:00,36.98,36.19,-0.01,0.8
2025-10-01 22:00:00-04:00,31.3,32.15,-1.43,0.58
2025-10-01 23:00:00-04:00,30.0,29.47,-0.0,0.53
2025-10-02 00:00:00-04:00,29.37,28.6,-0.0,0.77
2025-10-02 01:00:00-04:00,27.04,26.48,-0.0,0.56
2025-10-02 02:00:00-04:00,26.0,25.52,-0.0,0.48
2025-10-02 03:00:00-04:00,25.68,25.18,-0.0,0.5
2025-10-02 04:00:00-04:00,27.02,26.44,-0.0,0.58
2025-10-02 05:00:00-04:00,30.99,30.47,-0.0,0.52
2025-10-02 06:00:00-04:00,44.17,43.43,-0.0,0.74
2025-10-02 07:00:00-04:00,48.1,47.39,-0.0,0.71
2025-10-02 08:00:00-04:00,39.37,38.67,-0.0,0.7
2025-10-02 09:00:00-04:00,30.38,29.84,-0.0,0.54
2025-10-02 10:00:00-04:00,28.5,27.86,-0.0,0.64
2025-10-02 11:00:00-04:00,26.63,26.11,-0.0,0.52
2025-10-02 12:00:00-04:00,26.23,25.74,-0.0,0.49
2025-10-02 13:00:00-04:00,27.55,26.96,-0.0,0.59
2025-10-02 14:00:00-04:00,27.99,27.31,-0.0,0.68
2025-10-02 15:00:00-04:00,29.13,28.31,-0.0,0.82
2025-10-02 16:00:00-04:00,34.83,33.85,-0.0,0.98
2025-10-02 17:00:00-04:00,47.43,45.04,1.04,1.35
2025-10-02 18:00:00-04:00,57.64,56.34,-0.0,1.3
2025-10-02 19:00:00-04:00,56.8,55.74,-0.0,1.06
2025-10-02 20:00:00-04:00,45.49,44.34,-0.0,1.15
2025-10-02 21:00:00-04:00,39.6,38.56,-0.0,1.04
2025-10-02 22:00:00-04:00,33.35,32.51,-0.0,0.84
2025-10-02 23:00:00-04:00,31.46,30.63,-0.0,0.83
2025-10-03 00:00:00-04:00,30.17,29.15,-0.0,1.02
2025-10-03 01:00:00-04:00,28.08,27.05,-0.0,1.03
2025-10-03 02:00:00-04:00,26.9,25.89,0.05,0.96
2025-10-03 03:00:00-04:00,26.93,25.89,-0.0,1.04
2025-10-03 04:00:00-04:00,28.19,27.21,-0.0,0.98
2025-10-03 05:00:00-04:00,31.42,30.47,-0.0,0.95
2025-10-03 06:00:00-04:00,42.46,41.14,-0.0,1.32
2025-10-03 07:00:00-04:00,48.5,47.09,-0.0,1.41
2025-10-03 08:00:00-04:00,37.5,36.37,-0.0,1.13
2025-10-03 09:00:00-04:00,30.18,29.3,-0.0,0.88
2025-10-03 10:00:00-04:00,27.29,26.52,-0.0,0.77
2025-10-03 11:00:00-04:00,26.41,25.77,-0.0,0.64
2025-10-03 12:00:00-04:00,26.0,25.76,-0.38,0.62
2025-10-03 13:00:00-04:00,27.0,26.67,-0.36,0.69
2025-10-03 14:00:00-04:00,27.5,27.93,-1.16,0.73
2025-10-03 15:00:00-04:00,29.72,30.5,-1.54,0.76
2025-10-03 16:00:00-04:00,33.7,37.0,-4.19,0.89
2025-10-03 17:00:00-04:00,46.68,45.9,-0.0,0.78
2025-10-03 18:00:00-04:00,58.0,57.14,-0.0,0.86
2025-10-03 19:00:00-04:00,60.71,61.08,-1.22,0.85
2025-10-03 20:00:00-04:00,45.12,44.32,-0.0,0.8
2025-10-03 21:00:00-04:00,39.48,38.63,-0.0,0.85
2025-10-03 22:00:00-04:00,34.56,33.75,-0.0,0.81
2025-10-03 23:00:00-04:00,32.47,31.71,-0.0,0.76
2025-10-04 00:00:00-04:00,32.2,31.57,-0.0,0.63
2025-10-04 01:00:00-04:00,28.44,27.91,-0.0,0.53
2025-10-04 02:00:00-04:00,27.28,26.8,-0.0,0.48
2025-10-04 03:00:00-04:00,25.65,25.22,-0.0,0.43
2025-10-04 04:00:00-04:00,25.97,25.51,-0.0,0.46
2025-10-04 05:00:00-04:00,28.49,27.88,-0.0,0.61
2025-10-04 06:00:00-04:00,38.03,37.03,-0.0,1.0
2025-10-04 07:00:00-04:00,40.38,38.46,0.73,1.19
2025-10-04 08:00:00-04:00,33.0,32.94,-0.73,0.79
2025-10-04 09:00:00-04:00,27.67,27.08,-0.0,0.59
2025-10-04 10:00:00-04:00,27.0,26.37,-0.0,0.63
2025-10-04 11:00:00-04:00,26.75,26.2,-0.0,0.55
2025-10-04 12:00:00-04:00,27.9,27.33,-0.0,0.57
2025-10-04 13:00:00-04:00,28.97,29.42,-1.1,0.65
2025-10-04 14:00:00-04:00,31.2,31.71,-1.33,0.82
2025-10-04 15:00:00-04:00,34.1,35.46,-2.35,0.99
2025-10-04 16:00:00-04:00,44.84,43.79,-0.0,1.05
2025-10-04 17:00:00-04:00,64.59,63.32,-0.0,1.27
2025-10-04 18:00:00-04:00,74.41,73.31,-0.0,1.1
2025-10-04 19:00:00-04:00,70.92,70.08,-0.0,0.84
2025-10-04 20:00:00-04:00,50.17,49.38,-0.0,0.79
2025-10-04 21:00:00-04:00,43.4,42.42,-0.0,0.98
2025-10-04 22:00:00-04:00,37.95,37.1,-0.0,0.85
2025-10-04 23:00:00-04:00,34.56,33.85,-0.0,0.71
2025-10-05 00:00:00-04:00,43.11,37.19,4.69,1.23
2025-10-05 01:00:00-04:00,38.1,32.51,4.45,1.14
2025-10-05 02:00:00-04:00,33.0,29.01,2.97,1.02
2025-10-05 03:00:00-04:00,28.39,27.46,-0.0,0.93
2025-10-05 04:00:00-04:00,29.0,27.61,0.42,0.97
2025-10-05 05:00:00-04:00,34.4,27.88,5.63,0.89
2025-10-05 06:00:00-04:00,45.8,32.05,12.66,1.09
2025-10-05 07:00:00-04:00,49.5,33.08,15.29,1.13
2025-10-05 08:00:00-04:00,32.4,28.15,3.32,0.93
2025-10-05 09:00:00-04:00,26.93,26.04,-0.0,0.89
2025-10-05 10:00:00-04:00,27.01,26.15,-0.0,0.86
2025-10-05 11:00:00-04:00,29.07,28.14,-0.0,0.93
2025-10-05 12:00:00-04:00,32.42,31.42,-0.0,1.0
2025-10-05 13:00:00-04:00,34.29,33.29,-0.0,1.0
2025-10-05 14:00:00-04:00,35.2,35.54,-1.48,1.14
2025-10-05 15:00:00-04:00,43.7,42.38,-0.0,1.32
2025-10-05 16:00:00-04:00,57.3,55.52,-0.0,1.78
2025-10-05 17:00:00-04:00,90.62,80.28,7.13,3.21
2025-10-05 18:00:00-04:00,108.0,84.72,19.81,3.47
2025-10-05 19:00:00-04:00,94.02,77.02,14.38,2.62
2025-10-05 20:00:00-04:00,68.6,62.24,4.55,1.81
2025-10-05 21:00:00-04:00,54.13,45.14,7.45,1.54
2025-10-05 22:00:00-04:00,47.6,40.74,5.31,1.55
2025-10-05 23:00:00-04:00,39.5,35.07,3.03,1.4
2025-10-06 00:00:00-04:00,34.92,33.64,-0.0,1.28
2025-10-06 01:00:00-04:00,31.0,29.84,-0.0,1.16
2025-10-06 02:00:00-04:00,28.65,27.66,-0.0,0.99
2025-10-06 03:00:00-04:00,27.68,26.69,-0.0,0.99
2025-10-06 04:00:00-04:00,29.2,28.16,-0.0,1.04
2025-10-06 05:00:00-04:00,33.0,31.82,-0.0,1.18
2025-10-06 06:00:00-04:00,51.5,36.79,13.05,1.66
2025-10-06 07:00:00-04:00,53.81,43.98,8.03,1.8
2025-10-06 08:00:00-04:00,46.34,43.45,0.98,1.91
2025-10-06 09:00:00-04:00,39.53,37.9,-0.0,1.63
2025-10-06 10:00:00-04:00,42.4,40.69,-0.0,1.71
2025-10-06 11:00:00-04:00,43.42,41.71,-0.0,1.71
2025-10-06 12:00:00-04:00,44.58,43.03,-0.0,1.55
2025-10-06 13:00:00-04:00,49.2,47.96,-0.0,1.24
2025-10-06 14:00:00-04:00,51.74,50.6,-0.13,1.27
2025-10-06 15:00:00-04:00,58.77,57.17,-0.0,1.6
2025-10-06 16:00:00-04:00,79.22,76.25,-0.0,2.97
2025-10-06 17:00:00-04:00,119.77,101.62,13.17,4.98
2025-10-06 18:00:00-04:00,137.37,109.6,22.62,5.15
2025-10-06 19:00:00-04:00,119.2,91.89,23.36,3.95
2025-10-06 20:00:00-04:00,81.65,65.62,13.8,2.23
2025-10-06 21:00:00-04:00,55.7,48.46,5.79,1.45
2025-10-06 22:00:00-04:00,47.47,43.96,2.01,1.5
2025-10-06 23:00:00-04:00,42.0,38.64,1.97,1.39
2025-10-07 00:00:00-04:00,37.3,35.07,0.72,1.51
2025-10-07 01:00:00-04:00,31.9,30.72,0.01,1.17
2025-10-07 02:00:00-04:00,31.18,30.01,-0.0,1.17
2025-10-07 03:00:00-04:00,30.04,28.86,-0.0,1.18
2025-10-07 04:00:00-04:00,30.0,28.82,-0.0,1.18
2025-10-07 05:00:00-04:00,34.5,31.77,1.36,1.37
2025-10-07 06:00:00-04:00,53.32,40.23,11.48,1.61
2025-10-07 07:00:00-04:00,63.0,45.87,15.25,1.88
2025-10-07 08:00:00-04:00,43.7,43.81,-1.86,1.75
2025-10-07 09:00:00-04:00,40.25,38.85,-0.0,1.4
2025-10-07 10:00:00-04:00,40.48,38.69,0.36,1.43
2025-10-07 11:00:00-04:00,40.24,38.78,-0.36,1.82
2025-10-07 12:00:00-04:00,42.76,41.28,-0.0,1.48
2025-10-07 13:00:00-04:00,45.0,43.52,-0.0,1.48
2025-10-07 14:00:00-04:00,48.65,46.96,-0.0,1.69
2025-10-07 15:00:00-04:00,57.04,55.06,-0.0,1.98
2025-10-07 16:00:00-04:00,76.9,73.59,-0.0,3.31
2025-10-07 17:00:00-04:00,123.0,97.48,19.57,5.95
2025-10-07 18:00:00-04:00,129.03,106.79,15.94,6.3
2025-10-07 19:00:00-04:00,95.69,85.64,5.77,4.28
2025-10-07 20:00:00-04:00,70.36,67.85,-0.0,2.51
2025-10-07 21:00:00-04:00,50.76,49.09,-0.0,1.67
2025-10-07 22:00:00-04:00,44.5,43.2,-0.0,1.3
2025-10-07 23:00:00-04:00,40.88,39.58,-0.0,1.3
2025-10-08 00:00:00-04:00,42.39,41.24,-0.0,1.15
2025-10-08 01:00:00-04:00,39.08,37.98,-0.0,1.1
2025-10-08 02:00:00-04:00,35.73,34.76,-0.0,0.97
2025-10-08 03:00:00-04:00,35.8,34.76,-0.0,1.04
2025-10-08 04:00:00-04:00,36.23,35.14,-0.0,1.09
2025-10-08 05:00:00-04:00,39.06,37.88,-0.0,1.18
2025-10-08 06:00:00-04:00,50.94,49.46,-0.0,1.48
2025-10-08 07:00:00-04:00,61.15,59.37,-0.0,1.78
2025-10-08 08:00:00-04:00,59.03,57.31,-0.28,2.0
2025-10-08 09:00:00-04:00,51.36,49.26,0.28,1.82
2025-10-08 10:00:00-04:00,46.97,45.16,-0.0,1.81
2025-10-08 11:00:00-04:00,45.06,43.33,-0.0,1.73
2025-10-08 12:00:00-04:00,43.32,41.45,-0.0,1.87
2025-10-08 13:00:00-04:00,42.65,40.74,-0.0,1.91
2025-10-08 14:00:00-04:00,40.21,38.25,0.05,1.91
2025-10-08 15:00:00-04:00,41.82,39.83,-0.0,1.99
2025-10-08 16:00:00-04:00,46.02,43.95,-0.0,2.07
2025-10-08 17:00:00-04:00,68.5,59.82,5.75,2.93
2025-10-08 18:00:00-04:00,75.5,65.86,6.94,2.7
2025-10-08 19:00:00-04:00,61.15,59.37,-0.0,1.78
2025-10-08 20:00:00-04:00,47.22,45.85,-0.0,1.37
2025-10-08 21:00:00-04:00,43.32,42.06,-0.0,1.26
2025-10-08 22:00:00-04:00,39.34,38.16,-0.0,1.18
2025-10-08 23:00:00-04:00,35.18,34.25,-0.0,0.93
2025-10-09 00:00:00-04:00,32.6,31.84,-0.0,0.76
2025-10-09 01:00:00-04:00,28.59,28.03,-0.0,0.56
2025-10-09 02:00:00-04:00,27.68,27.19,-0.0,0.49
2025-10-09 03:00:00-04:00,27.17,26.66,-0.0,0.51
2025-10-09 04:00:00-04:00,28.19,27.67,-0.0,0.52
2025-10-09 05:00:00-04:00,32.7,32.12,-0.0,0.58
2025-10-09 06:00:00-04:00,50.33,49.15,-0.0,1.18
2025-10-09 07:00:00-04:00,58.28,57.08,-0.0,1.2
2025-10-09 08:00:00-04:00,44.38,43.38,-0.0,1.0
2025-10-09 09:00:00-04:00,31.96,31.24,-0.0,0.72
2025-10-09 10:00:00-04:00,29.88,29.26,-0.0,0.62
2025-10-09 11:00:00-04:00,27.8,27.17,-0.0,0.63
2025-10-09 12:00:00-04:00,28.3,27.72,-0.0,0.58
2025-10-09 13:00:00-04:00,29.0,28.38,-0.0,0.62
2025-10-09 14:00:00-04:00,28.18,26.28,1.22,0.68
2025-10-09 15:00:00-04:00,30.11,28.59,0.66,0.86
2025-10-09 16:00:00-04:00,34.5,34.44,-0.9,0.96
2025-10-09 17:00:00-04:00,51.07,48.76,0.9,1.41
2025-10-09 18:00:00-04:00,62.57,61.16,-0.0,1.41
2025-10-09 19:00:00-04:00,62.69,61.4,-0.0,1.29
2025-10-09 20:00:00-04:00,47.59,46.7,-0.0,0.89
2025-10-09 21:00:00-04:00,42.26,41.47,-0.0,0.79
2025-10-09 22:00:00-04:00,39.59,38.89,-0.0,0.7
2025-10-09 23:00:00-04:00,35.46,34.94,-0.0,0.52
2025-10-10 00:00:00-04:00,37.95,37.17,-0.0,0.78
2025-10-10 01:00:00-04:00,34.94,34.26,-0.0,0.68
2025-10-10 02:00:00-04:00,33.32,32.6,-0.0,0.72
2025-10-10 03:00:00-04:00,32.64,31.91,-0.0,0.73
2025-10-10 04:00:00-04:00,33.1,32.42,-0.0,0.68
2025-10-10 05:00:00-04:00,37.7,36.75,-0.0,0.95
2025-10-10 06:00:00-04:00,56.85,55.41,-0.0,1.44
2025-10-10 07:00:00-04:00,71.22,69.35,-0.0,1.87
2025-10-10 08:00:00-04:00,47.29,46.0,-0.0,1.29
2025-10-10 09:00:00-04:00,36.16,34.97,-0.0,1.19
2025-10-10 10:00:00-04:00,31.9,30.62,0.21,1.07
2025-10-10 11:00:00-04:00,31.78,30.68,-0.0,1.1
2025-10-10 12:00:00-04:00,29.69,27.53,1.25,0.91
2025-10-10 13:00:00-04:00,27.82,24.92,2.05,0.85
2025-10-10 14:00:00-04:00,28.63,24.66,3.16,0.81
2025-10-10 15:00:00-04:00,32.09,26.46,4.7,0.93
2025-10-10 16:00:00-04:00,36.53,32.65,2.61,1.27
2025-10-10 17:00:00-04:00,48.02,47.73,-1.19,1.48
2025-10-10 18:00:00-04:00,61.48,58.7,1.19,1.59
2025-10-10 19:00:00-04:00,58.93,57.22,-0.0,1.71
2025-10-10 20:00:00-04:00,46.72,45.31,-0.0,1.41
2025-10-10 21:00:00-04:00,41.0,39.54,-0.0,1.46
2025-10-10 22:00:00-04:00,37.67,36.15,-0.0,1.52
2025-10-10 23:00:00-04:00,34.33,33.1,-0.0,1.23
2025-10-11 00:00:00-04:00,35.58,34.44,-0.0,1.14
2025-10-11 01:00:00-04:00,30.35,29.38,-0.0,0.97
2025-10-11 02:00:00-04:00,29.21,28.3,-0.0,0.91
2025-10-11 03:00:00-04:00,28.1,27.25,-0.0,0.85
2025-10-11 04:00:00-04:00,29.34,28.51,-0.0,0.83
2025-10-11 05:00:00-04:00,31.62,30.76,-0.0,0.86
2025-10-11 06:00:00-04:00,39.02,37.67,-0.0,1.35
2025-10-11 07:00:00-04:00,42.83,41.18,-0.0,1.65
2025-10-11 08:00:00-04:00,38.42,37.05,-0.0,1.37
2025-10-11 09:00:00-04:00,33.35,32.13,-0.0,1.22
2025-10-11 10:00:00-04:00,31.51,30.47,-0.0,1.04
2025-10-11 11:00:00-04:00,33.17,32.14,-0.0,1.03
2025-10-11 12:00:00-04:00,33.37,32.27,-0.0,1.1
2025-10-11 13:00:00-04:00,33.53,32.43,-0.0,1.1
2025-10-11 14:00:00-04:00,34.4,33.21,-0.0,1.19
2025-10-11 15:00:00-04:00,37.8,36.63,-0.0,1.17
2025-10-11 16:00:00-04:00,42.36,41.46,-0.59,1.49
2025-10-11 17:00:00-04:00,51.3,49.09,0.59,1.62
2025-10-11 18:00:00-04:00,61.34,59.49,-0.0,1.85
2025-10-11 19:00:00-04:00,56.48,54.89,-0.0,1.59
2025-10-11 20:00:00-04:00,45.47,44.1,-0.0,1.37
2025-10-11 21:00:00-04:00,39.9,38.63,-0.0,1.27
2025-10-11 22:00:00-04:00,37.68,36.55,-0.0,1.13
2025-10-11 23:00:00-04:00,34.05,33.06,-0.0,0.99
2025-10-12 00:00:00-04:00,38.34,37.12,-0.0,1.22
2025-10-12 01:00:00-04:00,34.54,33.44,-0.0,1.1
2025-10-12 02:00:00-04:00,32.11,31.14,-0.0,0.97
2025-10-12 03:00:00-04:00,31.1,30.22,-0.0,0.88
2025-10-12 04:00:00-04:00,31.55,30.66,-0.0,0.89
2025-10-12 05:00:00-04:00,33.17,32.17,-0.0,1.0
2025-10-12 06:00:00-04:00,37.26,36.11,-0.0,1.15
2025-10-12 07:00:00-04:00,39.36,38.29,-0.0,1.07
2025-10-12 08:00:00-04:00,38.11,37.0,-0.0,1.11
2025-10-12 09:00:00-04:00,38.6,37.48,-0.0,1.12
2025-10-12 10:00:00-04:00,38.98,37.7,-0.0,1.28
2025-10-12 11:00:00-04:00,39.31,38.02,-0.0,1.29
2025-10-12 12:00:00-04:00,39.02,37.81,-0.0,1.21
2025-10-12 13:00:00-04:00,40.33,38.97,-0.0,1.36
2025-10-12 14:00:00-04:00,40.0,38.57,-0.0,1.43
2025-10-12 15:00:00-04:00,40.96,39.5,-0.0,1.46
2025-10-12 16:00:00-04:00,46.12,44.26,-0.0,1.86
2025-10-12 17:00:00-04:00,57.95,55.56,-0.0,2.39
2025-10-12 18:00:00-04:00,66.93,64.54,-0.0,2.39
2025-10-12 19:00:00-04:00,63.88,61.66,-0.0,2.22
2025-10-12 20:00:00-04:00,47.74,46.04,-0.0,1.7
2025-10-12 21:00:00-04:00,42.87,41.34,-0.0,1.53
2025-10-12 22:00:00-04:00,40.2,39.03,-0.0,1.17
2025-10-12 23:00:00-04:00,36.67,35.64,-0.0,1.03
2025-10-13 00:00:00-04:00,35.74,34.66,-0.0,1.08
2025-10-13 01:00:00-04:00,34.02,33.13,-0.0,0.89
2025-10-13 02:00:00-04:00,31.99,31.21,-0.0,0.78
2025-10-13 03:00:00-04:00,31.56,30.76,-0.0,0.8
2025-10-13 04:00:00-04:00,31.59,30.85,-0.0,0.74
2025-10-13 05:00:00-04:00,33.51,32.63,-0.0,0.88
2025-10-13 06:00:00-04:00,41.84,40.82,-0.0,1.02
2025-10-13 07:00:00-04:00,47.79,47.81,-1.03,1.01
2025-10-13 08:00:00-04:00,50.81,49.76,-0.0,1.05
2025-10-13 09:00:00-04:00,48.19,47.11,-0.0,1.08
2025-10-13 10:00:00-04:00,49.88,48.76,-0.0,1.12
2025-10-13 11:00:00-04:00,48.77,47.72,-0.0,1.05
2025-10-13 12:00:00-04:00,47.84,46.67,-0.0,1.17
2025-10-13 13:00:00-04:00,47.78,46.66,-0.0,1.12
2025-10-13 14:00:00-04:00,47.45,46.29,-0.0,1.16
2025-10-13 15:00:00-04:00,48.39,47.35,-0.0,1.04
2025-10-13 16:00:00-04:00,52.64,51.41,-0.0,1.23
2025-10-13 17:00:00-04:00,61.11,59.85,-0.0,1.26
2025-10-13 18:00:00-04:00,67.56,66.24,-0.0,1.32
2025-10-13 19:00:00-04:00,65.99,64.63,-0.0,1.36
2025-10-13 20:00:00-04:00,51.35,50.29,-0.0,1.06
2025-10-13 21:00:00-04:00,43.74,42.95,-0.2,0.99
2025-10-13 22:00:00-04:00,41.48,41.13,-0.52,0.87
2025-10-13 23:00:00-04:00,38.4,38.5,-0.6,0.5
2025-10-14 00:00:00-04:00,37.83,37.13,-0.0,0.7
2025-10-14 01:00:00-04:00,35.82,35.19,-0.0,0.63
2025-10-14 02:00:00-04:00,34.0,33.53,-0.0,0.47
2025-10-14 03:00:00-04:00,33.91,33.41,-0.0,0.5
2025-10-14 04:00:00-04:00,34.34,33.83,-0.0,0.51
2025-10-14 05:00:00-04:00,37.42,36.76,-0.0,0.66
2025-10-14 06:00:00-04:00,49.58,48.75,-0.0,0.83
2025-10-14 07:00:00-04:00,64.08,62.89,-0.0,1.19
2025-10-14 08:00:00-04:00,60.96,60.74,-1.24,1.46
2025-10-14 09:00:00-04:00,51.4,48.89,1.24,1.27
2025-10-14 10:00:00-04:00,49.31,47.92,-0.0,1.39
2025-10-14 11:00:00-04:00,48.89,47.47,-0.0,1.42
2025-10-14 12:00:00-04:00,47.0,45.59,-0.0,1.41
2025-10-14 13:00:00-04:00,47.15,45.69,-0.0,1.46
2025-10-14 14:00:00-04:00,45.22,43.73,-0.0,1.49
2025-10-14 15:00:00-04:00,45.19,43.7,-0.0,1.49
2025-10-14 16:00:00-04:00,50.8,49.18,-0.0,1.62
2025-10-14 17:00:00-04:00,64.05,62.37,-0.0,1.68
2025-10-14 18:00:00-04:00,79.6,77.66,-0.0,1.94
2025-10-14 19:00:00-04:00,73.22,71.51,-0.0,1.71
2025-10-14 20:00:00-04:00,55.0,53.4,-0.0,1.6
2025-10-14 21:00:00-04:00,45.87,44.45,-0.0,1.42
2025-10-14 22:00:00-04:00,40.27,39.1,-0.0,1.17
2025-10-14 23:00:00-04:00,38.41,37.37,-0.0,1.04
2025-10-15 00:00:00-04:00,36.5,35.68,-0.0,0.82
2025-10-15 01:00:00-04:00,34.29,33.55,-0.0,0.74
2025-10-15 02:00:00-04:00,33.87,33.21,-0.0,0.66
2025-10-15 03:00:00-04:00,32.77,32.1,-0.0,0.67
2025-10-15 04:00:00-04:00,33.96,33.23,-0.0,0.73
2025-10-15 05:00:00-04:00,35.5,34.77,-0.03,0.76
2025-10-15 06:00:00-04:00,44.72,43.22,0.03,1.47
2025-10-15 07:00:00-04:00,54.25,52.11,-0.0,2.14
2025-10-15 08:00:00-04:00,49.07,47.59,-0.0,1.48
2025-10-15 09:00:00-04:00,39.3,37.79,-0.0,1.51
2025-10-15 10:00:00-04:00,38.22,36.79,-0.0,1.43
2025-10-15 11:00:00-04:00,37.17,35.64,-0.0,1.53
2025-10-15 12:00:00-04:00,36.64,35.16,-0.0,1.48
2025-10-15 13:00:00-04:00,37.12,35.9,-0.0,1.22
2025-10-15 14:00:00-04:00,36.45,35.25,-0.0,1.2
2025-10-15 15:00:00-04:00,38.13,36.81,-0.0,1.32
2025-10-15 16:00:00-04:00,42.8,41.31,-0.0,1.49
2025-10-15 17:00:00-04:00,56.32,54.47,-0.0,1.85
2025-10-15 18:00:00-04:00,71.64,69.62,-0.0,2.02
2025-10-15 19:00:00-04:00,71.1,69.37,-0.0,1.73
2025-10-15 20:00:00-04:00,53.01,51.57,-0.0,1.44
2025-10-15 21:00:00-04:00,43.81,42.66,-0.0,1.15
2025-10-15 22:00:00-04:00,39.19,38.38,-0.0,0.81
2025-10-15 23:00:00-04:00,35.0,34.71,-0.3,0.59
2025-10-16 00:00:00-04:00,35.5,35.56,-0.77,0.71
2025-10-16 01:00:00-04:00,32.96,34.82,-2.38,0.52
2025-10-16 02:00:00-04:00,31.04,34.53,-3.97,0.48
2025-10-16 03:00:00-04:00,30.76,34.12,-3.84,0.48
2025-10-16 04:00:00-04:00,30.76,33.98,-3.63,0.41
2025-10-16 05:00:00-04:00,36.45,35.84,-0.0,0.61
2025-10-16 06:00:00-04:00,51.16,50.55,-0.0,0.61
2025-10-16 07:00:00-04:00,71.41,70.15,-0.0,1.26
2025-10-16 08:00:00-04:00,42.7,50.42,-8.37,0.65
2025-10-16 09:00:00-04:00,32.7,40.64,-8.67,0.73
2025-10-16 10:00:00-04:00,29.1,33.79,-5.5,0.81
2025-10-16 11:00:00-04:00,28.4,33.19,-5.59,0.8
2025-10-16 12:00:00-04:00,28.8,30.99,-3.06,0.87
2025-10-16 13:00:00-04:00,29.4,30.03,-1.56,0.93
2025-10-16 14:00:00-04:00,29.31,29.9,-1.58,0.99
2025-10-16 15:00:00-04:00,32.79,31.71,-0.0,1.08
2025-10-16 16:00:00-04:00,38.58,37.24,-0.0,1.34
2025-10-16 17:00:00-04:00,53.55,52.24,-0.0,1.31
2025-10-16 18:00:00-04:00,68.92,67.5,-0.0,1.42
2025-10-16 19:00:00-04:00,69.82,68.38,-0.0,1.44
2025-10-16 20:00:00-04:00,51.11,50.26,-0.0,0.85
2025-10-16 21:00:00-04:00,44.02,43.16,-0.0,0.86
2025-10-16 22:00:00-04:00,39.66,40.84,-2.08,0.9
2025-10-16 23:00:00-04:00,35.57,37.98,-3.06,0.65
2025-10-17 00:00:00-04:00,39.45,38.68,-0.0,0.77
2025-10-17 01:00:00-04:00,36.87,36.22,-0.0,0.65
2025-10-17 02:00:00-04:00,35.51,34.98,-0.0,0.53
2025-10-17 03:00:00-04:00,32.03,34.34,-2.76,0.45
2025-10-17 04:00:00-04:00,35.2,34.82,-0.0,0.38
2025-10-17 05:00:00-04:00,36.0,38.07,-2.49,0.42
2025-10-17 06:00:00-04:00,52.54,52.06,0.17,0.31
2025-10-17 07:00:00-04:00,60.0,68.19,-8.94,0.75
2025-10-17 08:00:00-04:00,51.06,50.66,-0.0,0.4
2025-10-17 09:00:00-04:00,32.39,36.83,-4.99,0.55
2025-10-17 10:00:00-04:00,28.52,33.14,-5.28,0.66
2025-10-17 11:00:00-04:00,27.0,32.06,-5.73,0.67
2025-10-17 12:00:00-04:00,26.0,30.27,-4.97,0.7
2025-10-17 13:00:00-04:00,27.0,30.24,-4.02,0.78
2025-10-17 14:00:00-04:00,26.65,29.83,-4.07,0.89
2025-10-17 15:00:00-04:00,29.5,32.01,-3.47,0.96
2025-10-17 16:00:00-04:00,38.11,38.3,-1.38,1.19
2025-10-17 17:00:00-04:00,53.21,52.01,-0.0,1.2
2025-10-17 18:00:00-04:00,61.62,60.23,-0.0,1.39
2025-10-17 19:00:00-04:00,60.0,58.65,-0.0,1.35
2025-10-17 20:00:00-04:00,47.71,46.73,-0.0,0.98
2025-10-17 21:00:00-04:00,43.45,42.64,-0.0,0.81
2025-10-17 22:00:00-04:00,40.35,39.52,-0.0,0.83
2025-10-17 23:00:00-04:00,36.0,36.28,-1.08,0.8
2025-10-18 00:00:00-04:00,38.79,37.7,-0.0,1.09
2025-10-18 01:00:00-04:00,37.1,36.19,-0.0,0.91
2025-10-18 02:00:00-04:00,33.0,33.26,-1.16,0.9
2025-10-18 03:00:00-04:00,33.0,32.04,-0.0,0.96
2025-10-18 04:00:00-04:00,33.87,32.95,-0.0,0.92
2025-10-18 05:00:00-04:00,36.0,35.38,-0.51,1.13
2025-10-18 06:00:00-04:00,43.1,41.27,0.51,1.32
2025-10-18 07:00:00-04:00,47.61,45.87,-0.0,1.74
2025-10-18 08:00:00-04:00,44.47,42.97,-0.0,1.5
2025-10-18 09:00:00-04:00,34.64,33.7,-0.0,0.94
2025-10-18 10:00:00-04:00,32.36,31.45,-0.0,0.91
2025-10-18 11:00:00-04:00,29.68,28.82,-0.0,0.86
2025-10-18 12:00:00-04:00,28.47,27.67,-0.0,0.8
2025-10-18 13:00:00-04:00,28.9,28.03,-0.0,0.87
2025-10-18 14:00:00-04:00,28.82,27.85,-0.0,0.97
2025-10-18 15:00:00-04:00,33.8,32.56,-0.0,1.24
2025-10-18 16:00:00-04:00,40.95,39.29,-0.03,1.69
2025-10-18 17:00:00-04:00,55.3,53.32,-0.26,2.24
2025-10-18 18:00:00-04:00,59.43,57.31,-0.29,2.41
2025-10-18 19:00:00-04:00,57.5,55.52,-0.35,2.33
2025-10-18 20:00:00-04:00,49.1,42.61,4.44,2.05
2025-10-18 21:00:00-04:00,41.3,38.62,0.83,1.85
2025-10-18 22:00:00-04:00,37.5,35.11,0.6,1.79
2025-10-18 23:00:00-04:00,33.72,32.21,-0.0,1.51
2025-10-19 00:00:00-04:00,41.4,36.87,2.95,1.58
2025-10-19 01:00:00-04:00,37.01,34.34,1.19,1.48
2025-10-19 02:00:00-04:00,35.51,32.33,1.79,1.39
2025-10-19 03:00:00-04:00,33.4,30.13,1.98,1.29
2025-10-19 04:00:00-04:00,33.4,29.53,2.57,1.3
2025-10-19 05:00:00-04:00,37.7,31.43,4.92,1.35
2025-10-19 06:00:00-04:00,44.9,32.33,11.18,1.39
2025-10-19 07:00:00-04:00,47.7,33.7,12.28,1.72
2025-10-19 08:00:00-04:00,40.4,30.9,7.99,1.51
2025-10-19 09:00:00-04:00,31.0,26.57,3.16,1.27
2025-10-19 10:00:00-04:00,26.52,25.33,-0.0,1.19
2025-10-19 11:00:00-04:00,25.65,24.59,-0.0,1.06
2025-10-19 12:00:00-04:00,26.19,25.11,-0.0,1.08
2025-10-19 13:00:00-04:00,27.46,26.3,-0.0,1.16
2025-10-19 14:00:00-04:00,29.68,28.4,-0.0,1.28
2025-10-19 15:00:00-04:00,33.17,31.74,-0.0,1.43
2025-10-19 16:00:00-04:00,40.48,38.7,-0.0,1.78
2025-10-19 17:00:00-04:00,57.9,48.65,6.96,2.29
2025-10-19 18:00:00-04:00,66.2,58.91,4.4,2.89
2025-10-19 19:00:00-04:00,58.71,55.84,0.3,2.57
2025-10-19 20:00:00-04:00,46.65,44.51,-0.0,2.14
2025-10-19 21:00:00-04:00,41.76,39.85,-0.0,1.91
2025-10-19 22:00:00-04:00,36.95,35.19,-0.0,1.76
2025-10-19 23:00:00-04:00,33.62,32.11,-0.0,1.51
2025-10-20 00:00:00-04:00,34.17,32.67,-0.0,1.5
2025-10-20 01:00:00-04:00,32.04,30.69,-0.0,1.35
2025-10-20 02:00:00-04:00,31.1,29.93,-0.0,1.17
2025-10-20 03:00:00-04:00,30.88,29.72,-0.0,1.16
2025-10-20 04:00:00-04:00,30.91,29.69,-0.0,1.22
2025-10-20 05:00:00-04:00,35.93,34.48,-0.0,1.45
2025-10-20 06:00:00-04:00,47.31,43.99,1.69,1.63
2025-10-20 07:00:00-04:00,54.18,54.41,-2.13,1.9
2025-10-20 08:00:00-04:00,56.25,55.17,-0.63,1.71
2025-10-20 09:00:00-04:00,53.94,52.32,-0.0,1.62
2025-10-20 10:00:00-04:00,50.95,51.02,-1.65,1.58
2025-10-20 11:00:00-04:00,48.86,47.39,-0.0,1.47
2025-10-20 12:00:00-04:00,45.88,44.37,-0.0,1.51
2025-10-20 13:00:00-04:00,44.56,43.05,-0.0,1.51
2025-10-20 14:00:00-04:00,44.0,42.35,-0.0,1.65
2025-10-20 15:00:00-04:00,44.88,43.28,-0.0,1.6
2025-10-20 16:00:00-04:00,51.29,49.09,0.19,2.01
2025-10-20 17:00:00-04:00,64.01,59.06,2.53,2.42
2025-10-20 18:00:00-04:00,70.44,67.73,-0.0,2.71
2025-10-20 19:00:00-04:00,66.88,66.09,-1.78,2.57
2025-10-20 20:00:00-04:00,52.89,51.05,-0.0,1.84
2025-10-20 21:00:00-04:00,44.89,43.33,-0.0,1.56
2025-10-20 22:00:00-04:00,38.91,37.49,-0.0,1.42
2025-10-20 23:00:00-04:00,36.0,34.61,-0.0,1.39
2025-10-21 00:00:00-04:00,34.36,32.88,-0.0,1.48
2025-10-21 01:00:00-04:00,31.58,30.25,-0.0,1.33
2025-10-21 02:00:00-04:00,31.48,30.3,-0.0,1.18
2025-10-21 03:00:00-04:00,30.33,29.16,-0.0,1.17
2025-10-21 04:00:00-04:00,31.55,30.34,-0.0,1.21
2025-10-21 05:00:00-04:00,36.82,35.47,-0.0,1.35
2025-10-21 06:00:00-04:00,52.64,52.03,-1.58,2.19
2025-10-21 07:00:00-04:00,71.33,73.17,-5.28,3.44
2025-10-21 08:00:00-04:00,52.68,52.33,-2.21,2.56
2025-10-21 09:00:00-04:00,40.42,38.91,-0.24,1.75
2025-10-21 10:00:00-04:00,36.69,35.04,-0.03,1.68
2025-10-21 11:00:00-04:00,32.45,32.26,-1.3,1.49
2025-10-21 12:00:00-04:00,32.08,34.16,-3.55,1.47
2025-10-21 13:00:00-04:00,30.16,29.69,-0.98,1.45
2025-10-21 14:00:00-04:00,31.46,34.98,-4.99,1.47
2025-10-21 15:00:00-04:00,35.14,38.09,-4.51,1.56
2025-10-21 16:00:00-04:00,47.55,47.3,-1.59,1.84
2025-10-21 17:00:00-04:00,64.7,65.48,-3.86,3.08
2025-10-21 18:00:00-04:00,77.29,76.38,-2.68,3.59
2025-10-21 19:00:00-04:00,71.6,71.16,-2.69,3.13
2025-10-21 20:00:00-04:00,55.67,54.94,-1.63,2.36
2025-10-21 21:00:00-04:00,46.67,45.82,-0.94,1.79
2025-10-21 22:00:00-04:00,40.33,38.89,-0.0,1.44
2025-10-21 23:00:00-04:00,36.0,35.98,-1.2,1.22
2025-10-22 00:00:00-04:00,39.06,38.0,-0.0,1.06
2025-10-22 01:00:00-04:00,36.61,35.61,-0.0,1.0
2025-10-22 02:00:00-04:00,35.51,34.75,-0.0,0.76
2025-10-22 03:00:00-04:00,35.0,34.11,-0.0,0.89
2025-10-22 04:00:00-04:00,35.26,34.23,-0.0,1.03
2025-10-22 05:00:00-04:00,42.0,37.21,3.6,1.19
2025-10-22 06:00:00-04:00,69.1,53.87,13.78,1.45
2025-10-22 07:00:00-04:00,79.95,67.56,10.7,1.69
2025-10-22 08:00:00-04:00,71.29,66.46,3.63,1.2
2025-10-22 09:00:00-04:00,54.79,47.56,6.42,0.81
2025-10-22 10:00:00-04:00,50.4,44.34,5.35,0.71
2025-10-22 11:00:00-04:00,43.4,40.42,2.17,0.81
2025-10-22 12:00:00-04:00,40.44,40.35,-0.23,0.32
2025-10-22 13:00:00-04:00,39.36,39.58,-0.54,0.32
2025-10-22 14:00:00-04:00,39.55,39.48,-0.52,0.59
2025-10-22 15:00:00-04:00,43.19,41.51,0.93,0.75
2025-10-22 16:00:00-04:00,54.0,46.44,6.58,0.98
2025-10-22 17:00:00-04:00,87.23,62.8,22.73,1.7
2025-10-22 18:00:00-04:00,99.2,68.07,29.29,1.84
2025-10-22 19:00:00-04:00,84.44,65.94,16.66,1.84
2025-10-22 20:00:00-04:00,82.8,53.36,27.84,1.6
2025-10-22 21:00:00-04:00,52.02,47.07,3.44,1.51
2025-10-22 22:00:00-04:00,42.0,40.32,0.39,1.29
2025-10-22 23:00:00-04:00,40.0,38.17,0.49,1.34
2025-10-23 00:00:00-04:00,35.11,33.76,-0.0,1.35
2025-10-23 01:00:00-04:00,33.91,32.79,-0.0,1.12
2025-10-23 02:00:00-04:00,34.46,33.26,-0.0,1.2
2025-10-23 03:00:00-04:00,33.87,32.66,-0.0,1.21
2025-10-23 04:00:00-04:00,33.89,32.71,-0.0,1.18
2025-10-23 05:00:00-04:00,37.18,36.1,-0.15,1.23
2025-10-23 06:00:00-04:00,58.08,49.97,6.26,1.85
2025-10-23 07:00:00-04:00,72.05,64.16,5.45,2.44
2025-10-23 08:00:00-04:00,64.54,53.53,9.19,1.82
2025-10-23 09:00:00-04:00,46.96,44.17,1.29,1.5
2025-10-23 10:00:00-04:00,42.42,41.38,-0.0,1.04
2025-10-23 11:00:00-04:00,39.44,39.08,-0.11,0.47
2025-10-23 12:00:00-04:00,40.0,39.53,-0.04,0.51
2025-10-23 13:00:00-04:00,38.4,38.15,-0.21,0.46
2025-10-23 14:00:00-04:00,38.74,38.08,-0.22,0.88
2025-10-23 15:00:00-04:00,41.0,40.08,-0.04,0.96
2025-10-23 16:00:00-04:00,54.65,47.83,5.05,1.77
2025-10-23 17:00:00-04:00,69.37,62.61,4.57,2.19
2025-10-23 18:00:00-04:00,76.1,73.82,-0.01,2.29
2025-10-23 19:00:00-04:00,76.07,74.21,-0.0,1.86
2025-10-23 20:00:00-04:00,72.87,58.27,12.91,1.69
2025-10-23 21:00:00-04:00,51.55,49.79,0.51,1.25
2025-10-23 22:00:00-04:00,44.63,44.22,-0.52,0.93
2025-10-23 23:00:00-04:00,41.26,40.45,-0.0,0.81
2025-10-24 00:00:00-04:00,39.38,38.57,-0.0,0.81
2025-10-24 01:00:00-04:00,37.47,36.66,-0.0,0.81
2025-10-24 02:00:00-04:00,37.33,36.56,-0.0,0.77
2025-10-24 03:00:00-04:00,36.75,36.03,-0.0,0.72
2025-10-24 04:00:00-04:00,37.09,36.26,-0.0,0.83
2025-10-24 05:00:00-04:00,42.6,41.64,-0.0,0.96
2025-10-24 06:00:00-04:00,63.48,62.36,-0.0,1.12
2025-10-24 07:00:00-04:00,83.56,82.08,-0.0,1.48
2025-10-24 08:00:00-04:00,71.68,70.9,-0.0,0.78
2025-10-24 09:00:00-04:00,51.02,50.71,-0.0,0.31
2025-10-24 10:00:00-04:00,44.57,44.57,-0.0,0.0
2025-10-24 11:00:00-04:00,41.79,41.66,-0.0,0.13
2025-10-24 12:00:00-04:00,40.67,40.67,-0.0,0.0
2025-10-24 13:00:00-04:00,41.82,41.61,-0.0,0.21
2025-10-24 14:00:00-04:00,41.35,41.02,-0.0,0.33
2025-10-24 15:00:00-04:00,43.13,42.7,-0.0,0.43
2025-10-24 16:00:00-04:00,52.35,51.1,-0.03,1.28
2025-10-24 17:00:00-04:00,65.85,63.9,0.03,1.92
2025-10-24 18:00:00-04:00,83.19,81.12,-0.04,2.11
2025-10-24 19:00:00-04:00,72.7,71.36,-0.01,1.35
2025-10-24 20:00:00-04:00,62.42,60.9,-0.0,1.52
2025-10-24 21:00:00-04:00,51.35,50.44,0.26,0.65
2025-10-24 22:00:00-04:00,47.12,46.73,-0.26,0.65
2025-10-24 23:00:00-04:00,44.76,43.97,-0.0,0.79
2025-10-25 00:00:00-04:00,46.5,45.77,-0.0,0.73
2025-10-25 01:00:00-04:00,45.41,44.65,-0.0,0.76
2025-10-25 02:00:00-04:00,42.0,41.42,-0.0,0.58
2025-10-25 03:00:00-04:00,40.1,39.55,-0.0,0.55
2025-10-25 04:00:00-04:00,40.94,40.26,-0.0,0.68
2025-10-25 05:00:00-04:00,42.79,41.95,-0.0,0.84
2025-10-25 06:00:00-04:00,58.7,56.1,1.37,1.23
2025-10-25 07:00:00-04:00,71.97,70.63,-0.0,1.34
2025-10-25 08:00:00-04:00,63.2,62.26,-0.0,0.94
2025-10-25 09:00:00-04:00,44.64,44.55,-0.0,0.09
2025-10-25 10:00:00-04:00,40.22,40.14,-0.0,0.08
2025-10-25 11:00:00-04:00,38.93,38.93,-0.0,0.0
2025-10-25 12:00:00-04:00,38.09,38.09,-0.0,0.0
2025-10-25 13:00:00-04:00,38.76,38.72,-0.0,0.04
2025-10-25 14:00:00-04:00,39.4,39.2,-0.0,0.2
2025-10-25 15:00:00-04:00,42.72,42.21,-0.0,0.51
2025-10-25 16:00:00-04:00,49.51,48.68,-0.0,0.83
2025-10-25 17:00:00-04:00,64.55,63.16,-0.0,1.39
2025-10-25 18:00:00-04:00,76.3,74.05,0.33,1.92
2025-10-25 19:00:00-04:00,71.62,70.08,-0.0,1.54
2025-10-25 20:00:00-04:00,63.0,58.6,3.0,1.4
2025-10-25 21:00:00-04:00,52.5,51.62,-0.0,0.88
2025-10-25 22:00:00-04:00,47.51,47.04,-0.0,0.47
2025-10-25 23:00:00-04:00,44.96,44.21,-0.0,0.75
2025-10-26 00:00:00-04:00,48.6,47.56,-0.0,1.04
2025-10-26 01:00:00-04:00,47.2,45.93,0.03,1.24
2025-10-26 02:00:00-04:00,44.9,43.89,-0.0,1.01
2025-10-26 03:00:00-04:00,42.47,41.6,-0.0,0.87
2025-10-26 04:00:00-04:00,42.21,41.34,-0.0,0.87
2025-10-26 05:00:00-04:00,43.82,42.88,-0.0,0.94
2025-10-26 06:00:00-04:00,68.12,48.96,18.13,1.03
2025-10-26 07:00:00-04:00,85.0,58.43,25.4,1.17
2025-10-26 08:00:00-04:00,73.2,56.4,15.67,1.13
2025-10-26 09:00:00-04:00,52.2,47.16,4.1,0.94
2025-10-26 10:00:00-04:00,45.5,44.79,-0.0,0.71
2025-10-26 11:00:00-04:00,42.3,41.76,-0.0,0.54
2025-10-26 12:00:00-04:00,41.1,40.53,-0.0,0.57
2025-10-26 13:00:00-04:00,41.26,40.37,-0.0,0.89
2025-10-26 14:00:00-04:00,43.0,42.08,-0.0,0.92
2025-10-26 15:00:00-04:00,47.7,43.72,2.89,1.09
2025-10-26 16:00:00-04:00,69.9,52.54,15.89,1.47
2025-10-26 17:00:00-04:00,85.3,65.04,18.7,1.56
2025-10-26 18:00:00-04:00,89.6,80.8,6.86,1.94
2025-10-26 19:00:00-04:00,81.85,78.26,1.71,1.88
2025-10-26 20:00:00-04:00,74.9,63.08,10.31,1.51
2025-10-26 21:00:00-04:00,66.0,56.8,7.78,1.42
2025-10-26 22:00:00-04:00,53.25,52.15,-0.0,1.1
2025-10-26 23:00:00-04:00,51.0,47.47,2.39,1.14
2025-10-27 00:00:00-04:00,46.3,44.88,0.17,1.25
2025-10-27 01:00:00-04:00,44.97,43.96,-0.0,1.01
2025-10-27 02:00:00-04:00,42.94,42.02,-0.0,0.92
2025-10-27 03:00:00-04:00,42.15,41.24,-0.0,0.91
2025-10-27 04:00:00-04:00,44.03,43.04,-0.0,0.99
2025-10-27 05:00:00-04:00,47.53,46.51,-0.0,1.02
2025-10-27 06:00:00-04:00,75.17,72.59,0.91,1.67
2025-10-27 07:00:00-04:00,97.78,96.19,-0.91,2.5
2025-10-27 08:00:00-04:00,81.16,80.04,-0.0,1.12
2025-10-27 09:00:00-04:00,53.62,53.04,-0.0,0.58
2025-10-27 10:00:00-04:00,46.48,46.29,-0.0,0.19
2025-10-27 11:00:00-04:00,45.0,44.6,-0.0,0.4
2025-10-27 12:00:00-04:00,44.39,43.91,-0.0,0.48
2025-10-27 13:00:00-04:00,44.97,44.48,-0.0,0.49
2025-10-27 14:00:00-04:00,45.2,44.62,-0.0,0.58
2025-10-27 15:00:00-04:00,50.08,49.05,-0.0,1.03
2025-10-27 16:00:00-04:00,63.4,56.79,5.02,1.59
2025-10-27 17:00:00-04:00,86.2,78.5,5.58,2.12
2025-10-27 18:00:00-04:00,99.0,94.91,1.34,2.75
2025-10-27 19:00:00-04:00,92.39,90.23,-0.0,2.16
2025-10-27 20:00:00-04:00,83.74,71.22,10.6,1.92
2025-10-27 21:00:00-04:00,59.1,56.72,0.85,1.53
2025-10-27 22:00:00-04:00,55.0,52.41,1.28,1.31
2025-10-27 23:00:00-04:00,49.82,48.84,-0.0,0.98
2025-10-28 00:00:00-04:00,47.4,46.47,-0.0,0.93
2025-10-28 01:00:00-04:00,43.98,43.33,-0.0,0.65
2025-10-28 02:00:00-04:00,40.99,40.35,-0.0,0.64
2025-10-28 03:00:00-04:00,40.79,40.15,-0.0,0.64
2025-10-28 04:00:00-04:00,41.95,41.29,-0.0,0.66
2025-10-28 05:00:00-04:00,49.7,48.43,0.16,1.11
2025-10-28 06:00:00-04:00,73.0,71.64,-0.0,1.36
2025-10-28 07:00:00-04:00,97.57,95.19,-0.0,2.38
2025-10-28 08:00:00-04:00,75.93,78.95,-3.58,0.56
2025-10-28 09:00:00-04:00,55.0,48.68,5.64,0.68
2025-10-28 10:00:00-04:00,40.15,42.04,-2.06,0.17
2025-10-28 11:00:00-04:00,39.68,39.44,-0.0,0.24
2025-10-28 12:00:00-04:00,37.93,37.63,-0.0,0.3
2025-10-28 13:00:00-04:00,38.47,38.09,-0.0,0.38
2025-10-28 14:00:00-04:00,38.95,38.53,-0.0,0.42
2025-10-28 15:00:00-04:00,42.4,42.02,-0.0,0.38
2025-10-28 16:00:00-04:00,52.47,51.34,-0.0,1.13
2025-10-28 17:00:00-04:00,78.0,70.6,5.57,1.83
2025-10-28 18:00:00-04:00,92.92,87.67,2.88,2.37
2025-10-28 19:00:00-04:00,82.71,81.57,-0.0,1.14
2025-10-28 20:00:00-04:00,71.29,63.38,6.26,1.65
2025-10-28 21:00:00-04:00,54.43,53.16,-0.0,1.27
2025-10-28 22:00:00-04:00,47.85,47.28,-0.0,0.57
2025-10-28 23:00:00-04:00,44.57,44.22,-0.0,0.35
2025-10-29 00:00:00-04:00,43.65,42.63,-0.0,1.02
2025-10-29 01:00:00-04:00,42.39,41.44,-0.0,0.95
2025-10-29 02:00:00-04:00,40.96,40.12,-0.0,0.84
2025-10-29 03:00:00-04:00,40.57,39.62,-0.0,0.95
2025-10-29 04:00:00-04:00,41.06,40.21,-0.0,0.85
2025-10-29 05:00:00-04:00,44.42,43.63,-0.0,0.79
2025-10-29 06:00:00-04:00,64.05,62.43,-0.0,1.62
2025-10-29 07:00:00-04:00,90.08,89.01,-0.0,1.07
2025-10-29 08:00:00-04:00,78.09,77.09,-0.0,1.0
2025-10-29 09:00:00-04:00,52.69,51.76,-0.0,0.93
2025-10-29 10:00:00-04:00,46.65,45.47,-0.0,1.18
2025-10-29 11:00:00-04:00,45.59,44.26,-0.0,1.33
2025-10-29 12:00:00-04:00,44.3,43.05,-0.0,1.25
2025-10-29 13:00:00-04:00,43.58,42.39,-0.0,1.19
2025-10-29 14:00:00-04:00,44.0,42.76,-0.0,1.24
2025-10-29 15:00:00-04:00,46.16,44.95,-0.0,1.21
2025-10-29 16:00:00-04:00,55.2,53.38,-0.0,1.82
2025-10-29 17:00:00-04:00,75.5,67.17,6.18,2.15
2025-10-29 18:00:00-04:00,89.2,85.33,1.06,2.81
2025-10-29 19:00:00-04:00,77.31,75.42,-0.0,1.89
2025-10-29 20:00:00-04:00,67.69,59.26,6.48,1.95
2025-10-29 21:00:00-04:00,53.1,51.15,0.26,1.69
2025-10-29 22:00:00-04:00,46.23,45.28,-0.0,0.95
2025-10-29 23:00:00-04:00,44.14,43.27,-0.0,0.87
2025-10-30 00:00:00-04:00,41.3,40.1,-0.0,1.2
2025-10-30 01:00:00-04:00,39.23,38.27,-0.0,0.96
2025-10-30 02:00:00-04:00,38.48,37.47,-0.0,1.01
2025-10-30 03:00:00-04:00,38.11,37.07,-0.0,1.04
2025-10-30 04:00:00-04:00,41.2,37.91,2.11,1.18
2025-10-30 05:00:00-04:00,45.3,40.75,3.29,1.26
2025-10-30 06:00:00-04:00,55.2,53.91,-0.0,1.29
2025-10-30 07:00:00-04:00,66.35,64.09,0.53,1.73
2025-10-30 08:00:00-04:00,72.46,71.63,-0.53,1.36
2025-10-30 09:00:00-04:00,64.05,61.14,1.57,1.34
2025-10-30 10:00:00-04:00,62.0,62.32,-1.57,1.25
2025-10-30 11:00:00-04:00,60.59,59.93,-0.0,0.66
2025-10-30 12:00:00-04:00,58.31,57.56,-0.0,0.75
2025-10-30 13:00:00-04:00,58.13,57.39,-0.0,0.74
2025-10-30 14:00:00-04:00,55.15,54.12,-0.0,1.03
2025-10-30 15:00:00-04:00,56.88,57.54,-2.27,1.61
2025-10-30 16:00:00-04:00,63.67,59.55,2.27,1.85
2025-10-30 17:00:00-04:00,74.22,67.27,4.46,2.49
2025-10-30 18:00:00-04:00,84.0,73.88,7.54,2.58
2025-10-30 19:00:00-04:00,74.5,67.31,4.9,2.29
2025-10-30 20:00:00-04:00,65.04,59.07,3.78,2.19
2025-10-30 21:00:00-04:00,52.1,50.34,-0.0,1.76
2025-10-30 22:00:00-04:00,45.63,44.6,-0.0,1.03
2025-10-30 23:00:00-04:00,42.37,41.34,-0.0,1.03
2025-10-31 00:00:00-04:00,41.32,40.31,-0.0,1.01
2025-10-31 01:00:00-04:00,38.06,37.1,-0.0,0.96
2025-10-31 02:00:00-04:00,37.55,36.67,-0.0,0.88
2025-10-31 03:00:00-04:00,36.52,35.53,-0.0,0.99
2025-10-31 04:00:00-04:00,36.92,35.99,-0.0,0.93
2025-10-31 05:00:00-04:00,39.15,38.12,-0.0,1.03
2025-10-31 06:00:00-04:00,52.9,48.76,2.53,1.61
2025-10-31 07:00:00-04:00,69.4,59.07,8.56,1.77
2025-10-31 08:00:00-04:00,64.86,63.03,-0.0,1.83
2025-10-31 09:00:00-04:00,53.0,51.61,-0.0,1.39
2025-10-31 10:00:00-04:00,50.22,49.14,-0.0,1.08
2025-10-31 11:00:00-04:00,49.35,48.2,-0.0,1.15
2025-10-31 12:00:00-04:00,47.4,46.24,-0.0,1.16
2025-10-31 13:00:00-04:00,48.28,47.01,-0.0,1.27
2025-10-31 14:00:00-04:00,47.0,45.59,-0.0,1.41
2025-10-31 15:00:00-04:00,49.86,48.08,-0.0,1.78
2025-10-31 16:00:00-04:00,54.83,52.69,0.09,2.05
2025-10-31 17:00:00-04:00,72.52,54.67,15.66,2.19
2025-10-31 18:00:00-04:00,80.0,60.56,17.02,2.42
2025-10-31 19:00:00-04:00,76.03,55.25,18.57,2.21
2025-10-31 20:00:00-04:00,63.1,48.66,12.35,2.09
2025-10-31 21:00:00-04:00,51.93,42.69,7.49,1.75
2025-10-31 22:00:00-04:00,44.0,41.2,1.07,1.73
2025-10-31 23:00:00-04:00,43.0,38.74,2.87,1.39
2025-11-01 00:00:00-04:00,41.8,40.27,-0.0,1.53
2025-11-01 01:00:00-04:00,39.51,38.29,-0.0,1.22
2025-11-01 02:00:00-04:00,37.64,36.47,-0.0,1.17
2025-11-01 03:00:00-04:00,37.64,36.4,-0.0,1.24
2025-11-01 04:00:00-04:00,38.0,36.86,-0.0,1.14
2025-11-01 05:00:00-04:00,39.02,37.74,-0.0,1.28
2025-11-01 06:00:00-04:00,49.38,44.96,2.85,1.57
2025-11-01 07:00:00-04:00,65.94,51.93,12.04,1.97
2025-11-01 08:00:00-04:00,54.91,52.95,-0.0,1.96
2025-11-01 09:00:00-04:00,43.38,42.16,-0.0,1.22
2025-11-01 10:00:00-04:00,38.98,38.18,-0.0,0.8
2025-11-01 11:00:00-04:00,37.68,37.09,-0.0,0.59
2025-11-01 12:00:00-04:00,35.81,35.25,-0.0,0.56
2025-11-01 13:00:00-04:00,35.57,35.08,-0.0,0.49
2025-11-01 14:00:00-04:00,35.81,35.04,-0.0,0.77
2025-11-01 15:00:00-04:00,37.1,36.16,-0.0,0.94
2025-11-01 16:00:00-04:00,45.03,43.76,-0.0,1.27
2025-11-01 17:00:00-04:00,61.38,59.65,-0.0,1.73
2025-11-01 18:00:00-04:00,71.52,70.12,-0.0,1.4
2025-11-01 19:00:00-04:00,65.7,64.6,-0.0,1.1
2025-11-01 20:00:00-04:00,58.35,57.49,-0.0,0.86
2025-11-01 21:00:00-04:00,51.83,51.17,-0.0,0.66
2025-11-01 22:00:00-04:00,49.12,48.92,-0.0,0.2
2025-11-01 23:00:00-04:00,44.0,44.34,-0.25,-0.09
2025-11-02 00:00:00-04:00,49.57,48.6,-0.0,0.97
2025-11-02 01:00:00-04:00,52.31,51.44,-0.0,0.87
2025-11-02 01:00:00-05:00,51.09,50.09,-0.0,1.0
2025-11-02 02:00:00-05:00,42.08,41.62,-0.0,0.46
2025-11-02 03:00:00-05:00,39.94,39.54,-0.0,0.4
2025-11-02 04:00:00-05:00,38.21,38.17,-0.0,0.04
2025-11-02 05:00:00-05:00,41.55,41.14,-0.0,0.41
2025-11-02 06:00:00-05:00,46.6,48.16,-2.23,0.67
2025-11-02 07:00:00-05:00,53.62,49.99,2.23,1.4
2025-11-02 08:00:00-05:00,46.08,44.87,-0.0,1.21
2025-11-02 09:00:00-05:00,37.82,37.12,-0.0,0.7
2025-11-02 10:00:00-05:00,33.0,32.58,-0.0,0.42
2025-11-02 11:00:00-05:00,33.02,32.66,-0.0,0.36
2025-11-02 12:00:00-05:00,34.08,33.71,-0.0,0.37
2025-11-02 13:00:00-05:00,34.96,34.24,-0.0,0.72
2025-11-02 14:00:00-05:00,36.67,35.74,-0.0,0.93
2025-11-02 15:00:00-05:00,42.96,41.83,-0.0,1.13
2025-11-02 16:00:00-05:00,57.14,55.75,-0.0,1.39
2025-11-02 17:00:00-05:00,73.15,71.44,-0.0,1.71
2025-11-02 18:00:00-05:00,74.66,72.77,-0.0,1.89
2025-11-02 19:00:00-05:00,67.36,65.46,-0.0,1.9
2025-11-02 20:00:00-05:00,59.38,57.76,-0.0,1.62
2025-11-02 21:00:00-05:00,54.17,52.49,-0.0,1.68
2025-11-02 22:00:00-05:00,47.99,47.05,-0.0,0.94
2025-11-02 23:00:00-05:00,44.3,43.39,-0.0,0.91
2025-11-03 00:00:00-05:00,45.5,43.61,0.06,1.83
2025-11-03 01:00:00-05:00,39.6,38.08,-0.0,1.52
2025-11-03 02:00:00-05:00,38.18,36.64,-0.0,1.54
2025-11-03 03:00:00-05:00,37.67,36.08,-0.0,1.59
2025-11-03 04:00:00-05:00,37.62,36.07,-0.0,1.55
2025-11-03 05:00:00-05:00,44.5,42.75,-0.0,1.75
2025-11-03 06:00:00-05:00,68.8,60.06,6.16,2.58
2025-11-03 07:00:00-05:00,76.3,64.4,9.2,2.7
2025-11-03 08:00:00-05:00,60.0,56.91,0.47,2.62
2025-11-03 09:00:00-05:00,49.06,47.13,-0.0,1.93
2025-11-03 10:00:00-05:00,46.48,44.69,-0.0,1.79
2025-11-03 11:00:00-05:00,46.37,44.67,-0.0,1.7
2025-11-03 12:00:00-05:00,46.91,45.28,-0.0,1.63
2025-11-03 13:00:00-05:00,50.14,48.35,-0.0,1.79
2025-11-03 14:00:00-05:00,53.43,51.37,-0.0,2.06
2025-11-03 15:00:00-05:00,58.11,54.86,0.78,2.47
2025-11-03 16:00:00-05:00,73.0,68.9,1.14,2.96
2025-11-03 17:00:00-05:00,85.25,80.85,0.85,3.55
2025-11-03 18:00:00-05:00,80.77,77.07,-0.0,3.7
2025-11-03 19:00:00-05:00,71.27,67.94,-0.0,3.33
2025-11-03 20:00:00-05:00,65.01,58.3,3.91,2.8
2025-11-03 21:00:00-05:00,55.6,50.41,2.92,2.27
2025-11-03 22:00:00-05:00,47.73,43.99,1.85,1.89
2025-11-03 23:00:00-05:00,42.97,41.16,-0.0,1.81
2025-11-04 00:00:00-05:00,43.1,38.21,3.17,1.72
2025-11-04 01:00:00-05:00,38.9,35.42,1.88,1.6
2025-11-04 02:00:00-05:00,36.26,34.7,-0.0,1.56
2025-11-04 03:00:00-05:00,35.9,34.17,0.26,1.47
2025-11-04 04:00:00-05:00,37.2,35.67,-0.0,1.53
2025-11-04 05:00:00-05:00,47.38,39.42,6.23,1.73
2025-11-04 06:00:00-05:00,66.2,56.8,6.96,2.44
2025-11-04 07:00:00-05:00,76.21,65.75,7.63,2.83
2025-11-04 08:00:00-05:00,55.7,45.53,8.26,1.91
2025-11-04 09:00:00-05:00,40.0,38.39,-0.0,1.61
2025-11-04 10:00:00-05:00,35.8,34.52,-0.0,1.28
2025-11-04 11:00:00-05:00,35.22,34.0,-0.0,1.22
2025-11-04 12:00:00-05:00,34.89,33.84,-0.0,1.05
2025-11-04 13:00:00-05:00,36.45,35.35,-0.0,1.1
2025-11-04 14:00:00-05:00,40.1,38.63,-0.0,1.47
2025-11-04 15:00:00-05:00,47.3,45.61,-0.0,1.69
2025-11-04 16:00:00-05:00,67.6,64.21,1.01,2.38
2025-11-04 17:00:00-05:00,90.29,87.32,-0.0,2.97
2025-11-04 18:00:00-05:00,83.51,81.24,-0.0,2.27
2025-11-04 19:00:00-05:00,69.98,67.75,-0.0,2.23
2025-11-04 20:00:00-05:00,61.3,59.28,-0.0,2.02
2025-11-04 21:00:00-05:00,53.08,51.68,-0.0,1.4
2025-11-04 22:00:00-05:00,48.6,47.05,-0.0,1.55
2025-11-04 23:00:00-05:00,45.72,43.58,0.7,1.44
2025-11-05 00:00:00-05:00,42.47,41.72,-0.0,0.75
2025-11-05 01:00:00-05:00,38.93,38.17,-0.0,0.76
2025-11-05 02:00:00-05:00,38.87,38.15,-0.0,0.72
2025-11-05 03:00:00-05:00,37.74,37.0,-0.0,0.74
2025-11-05 04:00:00-05:00,39.63,38.94,-0.21,0.9
2025-11-05 05:00:00-05:00,45.8,45.74,-1.4,1.46
2025-11-05 06:00:00-05:00,74.0,58.34,13.79,1.87
2025-11-05 07:00:00-05:00,82.0,66.88,13.12,2.0
2025-11-05 08:00:00-05:00,59.7,57.0,1.05,1.65
2025-11-05 09:00:00-05:00,49.87,48.42,-0.0,1.45
2025-11-05 10:00:00-05:00,49.58,43.88,4.25,1.45
2025-11-05 11:00:00-05:00,46.57,44.26,0.89,1.42
2025-11-05 12:00:00-05:00,45.2,42.83,1.0,1.37
2025-11-05 13:00:00-05:00,45.4,44.17,-0.0,1.23
2025-11-05 14:00:00-05:00,49.1,47.62,-0.0,1.48
2025-11-05 15:00:00-05:00,58.2,53.89,2.53,1.78
2025-11-05 16:00:00-05:00,75.2,67.64,5.33,2.23
2025-11-05 17:00:00-05:00,94.7,77.47,14.68,2.55
2025-11-05 18:00:00-05:00,87.5,67.41,17.87,2.22
2025-11-05 19:00:00-05:00,74.7,56.93,15.95,1.82
2025-11-05 20:00:00-05:00,63.0,52.09,9.14,1.77
2025-11-05 21:00:00-05:00,49.91,46.87,1.4,1.64
2025-11-05 22:00:00-05:00,46.1,42.79,1.77,1.54
2025-11-05 23:00:00-05:00,45.9,37.86,6.68,1.36
2025-11-06 00:00:00-05:00,41.1,36.85,2.81,1.44
2025-11-06 01:00:00-05:00,36.4,34.03,1.01,1.36
2025-11-06 02:00:00-05:00,35.12,33.83,-0.0,1.29
2025-11-06 03:00:00-05:00,34.97,33.69,-0.0,1.28
2025-11-06 04:00:00-05:00,36.21,34.99,-0.0,1.22
2025-11-06 05:00:00-05:00,46.5,39.88,5.19,1.43
2025-11-06 06:00:00-05:00,65.12,56.88,6.25,1.99
2025-11-06 07:00:00-05:00,72.9,65.0,5.69,2.21
2025-11-06 08:00:00-05:00,52.7,51.47,-0.0,1.23
2025-11-06 09:00:00-05:00,42.11,41.41,-0.0,0.7
2025-11-06 10:00:00-05:00,39.37,39.09,-0.0,0.28
2025-11-06 11:00:00-05:00,37.23,36.65,-0.0,0.58
2025-11-06 12:00:00-05:00,39.31,38.84,-0.0,0.47
2025-11-06 13:00:00-05:00,39.37,38.87,-0.0,0.5
2025-11-06 14:00:00-05:00,42.01,41.43,-0.0,0.58
2025-11-06 15:00:00-05:00,50.83,49.78,-0.0,1.05
2025-11-06 16:00:00-05:00,72.01,70.46,-0.0,1.55
2025-11-06 17:00:00-05:00,86.75,85.14,-0.0,1.61
2025-11-06 18:00:00-05:00,83.54,81.99,-0.0,1.55
2025-11-06 19:00:00-05:00,71.0,69.81,-0.0,1.19
2025-11-06 20:00:00-05:00,60.63,59.23,0.22,1.18
2025-11-06 21:00:00-05:00,51.89,51.49,-0.22,0.62
2025-11-06 22:00:00-05:00,46.12,45.62,-0.0,0.5
2025-11-06 23:00:00-05:00,44.79,43.91,-0.0,0.88
2025-11-07 00:00:00-05:00,43.95,43.17,-0.0,0.78
2025-11-07 01:00:00-05:00,40.69,39.85,-0.0,0.84
2025-11-07 02:00:00-05:00,40.62,39.78,-0.0,0.84
2025-11-07 03:00:00-05:00,39.6,38.71,-0.0,0.89
2025-11-07 04:00:00-05:00,39.3,38.38,-0.0,0.92
2025-11-07 05:00:00-05:00,54.0,44.17,8.37,1.46
2025-11-07 06:00:00-05:00,85.0,59.83,23.2,1.97
2025-11-07 07:00:00-05:00,89.1,68.57,18.4,2.13
2025-11-07 08:00:00-05:00,59.0,55.36,1.87,1.77
2025-11-07 09:00:00-05:00,50.23,48.77,-0.0,1.46
2025-11-07 10:00:00-05:00,45.81,44.43,-0.0,1.38
2025-11-07 11:00:00-05:00,44.69,43.39,-0.0,1.3
2025-11-07 12:00:00-05:00,43.79,42.52,-0.0,1.27
2025-11-07 13:00:00-05:00,45.95,44.53,-0.0,1.42
2025-11-07 14:00:00-05:00,50.15,48.45,-0.0,1.7
2025-11-07 15:00:00-05:00,67.8,53.03,12.86,1.91
2025-11-07 16:00:00-05:00,91.4,55.7,33.81,1.89
2025-11-07 17:00:00-05:00,98.2,71.94,23.67,2.59
2025-11-07 18:00:00-05:00,91.1,63.03,25.8,2.27
2025-11-07 19:00:00-05:00,78.3,55.94,20.35,2.01
2025-11-07 20:00:00-05:00,74.48,51.73,20.78,1.97
2025-11-07 21:00:00-05:00,59.71,45.1,12.85,1.76
2025-11-07 22:00:00-05:00,46.3,41.34,3.35,1.61
2025-11-07 23:00:00-05:00,46.6,40.18,4.89,1.53
2025-11-08 00:00:00-05:00,40.07,38.79,-0.0,1.28
2025-11-08 01:00:00-05:00,36.86,35.75,-0.0,1.11
2025-11-08 02:00:00-05:00,35.92,34.91,-0.0,1.01
2025-11-08 03:00:00-05:00,35.18,34.09,-0.0,1.09
2025-11-08 04:00:00-05:00,35.99,34.98,-0.0,1.01
2025-11-08 05:00:00-05:00,42.77,38.15,3.32,1.3
2025-11-08 06:00:00-05:00,54.28,44.94,7.86,1.48
2025-11-08 07:00:00-05:00,62.18,45.98,14.69,1.51
2025-11-08 08:00:00-05:00,43.7,44.39,-1.93,1.24
2025-11-08 09:00:00-05:00,39.76,39.06,-0.0,0.7
2025-11-08 10:00:00-05:00,38.2,37.67,-0.0,0.53
2025-11-08 11:00:00-05:00,36.5,36.24,-0.0,0.26
2025-11-08 12:00:00-05:00,35.65,35.37,-0.0,0.28
2025-11-08 13:00:00-05:00,36.86,36.6,-0.0,0.26
2025-11-08 14:00:00-05:00,37.79,37.31,-0.0,0.48
2025-11-08 15:00:00-05:00,47.6,46.62,-0.0,0.98
2025-11-08 16:00:00-05:00,59.16,57.94,-0.0,1.22
2025-11-08 17:00:00-05:00,75.44,74.26,-0.0,1.18
2025-11-08 18:00:00-05:00,71.51,70.11,-0.0,1.4
2025-11-08 19:00:00-05:00,66.3,64.93,-0.0,1.37
2025-11-08 20:00:00-05:00,55.94,54.79,-0.0,1.15
2025-11-08 21:00:00-05:00,48.16,47.59,-0.0,0.57
2025-11-08 22:00:00-05:00,43.21,42.66,-0.0,0.55
2025-11-08 23:00:00-05:00,41.9,40.96,-0.0,0.94
2025-11-09 00:00:00-05:00,49.01,48.48,-0.0,0.53
2025-11-09 01:00:00-05:00,45.85,45.35,-0.0,0.5
2025-11-09 02:00:00-05:00,41.67,40.97,-0.0,0.7
2025-11-09 03:00:00-05:00,40.14,39.47,-0.0,0.67
2025-11-09 04:00:00-05:00,39.36,38.55,-0.0,0.81
2025-11-09 05:00:00-05:00,43.9,41.78,0.87,1.25
2025-11-09 06:00:00-05:00,48.7,47.38,-0.0,1.32
2025-11-09 07:00:00-05:00,51.43,48.68,1.49,1.26
2025-11-09 08:00:00-05:00,45.27,42.99,1.55,0.73
2025-11-09 09:00:00-05:00,48.25,48.77,-1.55,1.03
2025-11-09 10:00:00-05:00,49.94,49.45,-0.0,0.49
2025-11-09 11:00:00-05:00,49.07,48.3,-0.0,0.77
2025-11-09 12:00:00-05:00,52.19,50.97,-0.0,1.22
2025-11-09 13:00:00-05:00,54.6,53.37,-0.0,1.23
2025-11-09 14:00:00-05:00,55.99,54.99,-0.87,1.87
2025-11-09 15:00:00-05:00,56.54,58.64,-4.15,2.05
2025-11-09 16:00:00-05:00,68.6,61.25,5.02,2.33
2025-11-09 17:00:00-05:00,80.4,78.52,-0.0,1.88
2025-11-09 18:00:00-05:00,78.71,76.72,-0.0,1.99
2025-11-09 19:00:00-05:00,66.81,65.05,-0.0,1.76
2025-11-09 20:00:00-05:00,59.23,57.84,-0.0,1.39
2025-11-09 21:00:00-05:00,50.0,49.45,-0.0,0.55
2025-11-09 22:00:00-05:00,44.81,44.19,-0.0,0.62
2025-11-09 23:00:00-05:00,41.55,40.9,-0.0,0.65
2025-11-10 00:00:00-05:00,44.58,43.88,-0.0,0.7
2025-11-10 01:00:00-05:00,40.67,39.95,-0.0,0.72
2025-11-10 02:00:00-05:00,39.87,39.13,-0.0,0.74
2025-11-10 03:00:00-05:00,38.34,37.55,-0.0,0.79
2025-11-10 04:00:00-05:00,39.23,38.35,-0.0,0.88
2025-11-10 05:00:00-05:00,44.71,44.43,-0.78,1.06
2025-11-10 06:00:00-05:00,60.06,57.78,0.78,1.5
2025-11-10 07:00:00-05:00,70.0,67.45,0.8,1.75
2025-11-10 08:00:00-05:00,62.17,61.92,-0.8,1.05
2025-11-10 09:00:00-05:00,60.73,59.66,-0.0,1.07
2025-11-10 10:00:00-05:00,59.84,58.61,-0.0,1.23
2025-11-10 11:00:00-05:00,59.07,58.08,-0.0,0.99
2025-11-10 12:00:00-05:00,59.02,57.98,-0.0,1.04
2025-11-10 13:00:00-05:00,61.39,60.19,-0.0,1.2
2025-11-10 14:00:00-05:00,60.94,59.4,-0.0,1.54
2025-11-10 15:00:00-05:00,69.0,66.99,-0.0,2.01
2025-11-10 16:00:00-05:00,85.6,84.01,-0.0,1.59
2025-11-10 17:00:00-05:00,106.57,104.99,-0.0,1.58
2025-11-10 18:00:00-05:00,95.07,93.3,-0.0,1.77
2025-11-10 19:00:00-05:00,82.83,81.29,-0.0,1.54
2025-11-10 20:00:00-05:00,69.38,67.16,0.67,1.55
2025-11-10 21:00:00-05:00,61.0,60.58,-0.67,1.09
2025-11-10 22:00:00-05:00,52.99,51.85,-0.0,1.14
2025-11-10 23:00:00-05:00,50.38,49.34,-0.0,1.04
2025-11-11 00:00:00-05:00,47.1,46.0,-0.0,1.1
2025-11-11 01:00:00-05:00,46.38,45.25,-0.0,1.13
2025-11-11 02:00:00-05:00,43.69,42.46,-0.0,1.23
2025-11-11 03:00:00-05:00,43.35,42.05,-0.0,1.3
2025-11-11 04:00:00-05:00,46.1,44.63,-0.0,1.47
2025-11-11 05:00:00-05:00,50.77,49.1,-0.0,1.67
2025-11-11 06:00:00-05:00,67.9,64.99,0.31,2.6
2025-11-11 07:00:00-05:00,77.91,75.06,-0.0,2.85
2025-11-11 08:00:00-05:00,65.92,63.63,-0.0,2.29
2025-11-11 09:00:00-05:00,61.99,59.95,-0.0,2.04
2025-11-11 10:00:00-05:00,62.23,60.01,-0.0,2.22
2025-11-11 11:00:00-05:00,65.54,57.29,5.9,2.35
2025-11-11 12:00:00-05:00,66.12,55.93,7.84,2.35
2025-11-11 13:00:00-05:00,71.65,56.33,12.95,2.37
2025-11-11 14:00:00-05:00,77.03,56.86,17.67,2.5
2025-11-11 15:00:00-05:00,76.86,61.23,12.87,2.76
2025-11-11 16:00:00-05:00,90.0,80.96,5.23,3.81
2025-11-11 17:00:00-05:00,110.38,106.86,-0.0,3.52
2025-11-11 18:00:00-05:00,97.54,93.97,-0.0,3.57
2025-11-11 19:00:00-05:00,87.58,84.62,-0.0,2.96
2025-11-11 20:00:00-05:00,71.67,69.18,-0.0,2.49
2025-11-11 21:00:00-05:00,64.27,61.98,-0.0,2.29
2025-11-11 22:00:00-05:00,55.7,53.77,-0.0,1.93
2025-11-11 23:00:00-05:00,51.35,49.71,-0.0,1.64
2025-11-12 00:00:00-05:00,50.6,47.66,0.99,1.95
2025-11-12 01:00:00-05:00,48.0,43.96,2.24,1.8
2025-11-12 02:00:00-05:00,46.6,42.78,2.02,1.8
2025-11-12 03:00:00-05:00,45.8,42.5,1.52,1.78
2025-11-12 04:00:00-05:00,47.7,43.11,2.86,1.73
2025-11-12 05:00:00-05:00,54.0,46.48,5.66,1.86
2025-11-12 06:00:00-05:00,69.8,67.96,-0.0,1.84
2025-11-12 07:00:00-05:00,88.82,86.24,-0.0,2.58
2025-11-12 08:00:00-05:00,80.0,77.67,-0.0,2.33
2025-11-12 09:00:00-05:00,72.4,67.48,2.76,2.16
2025-11-12 10:00:00-05:00,65.0,63.66,-0.0,1.34
2025-11-12 11:00:00-05:00,63.65,62.16,-0.0,1.49
2025-11-12 12:00:00-05:00,61.58,60.43,-0.0,1.15
2025-11-12 13:00:00-05:00,63.64,61.85,-0.0,1.79
2025-11-12 14:00:00-05:00,64.02,62.09,-0.0,1.93
2025-11-12 15:00:00-05:00,66.5,64.69,-0.0,1.81
2025-11-12 16:00:00-05:00,75.14,73.1,-0.0,2.04
2025-11-12 17:00:00-05:00,91.0,85.1,3.26,2.64
2025-11-12 18:00:00-05:00,91.79,80.24,9.14,2.41
2025-11-12 19:00:00-05:00,79.0,72.94,3.87,2.19
2025-11-12 20:00:00-05:00,67.51,64.01,1.51,1.99
2025-11-12 21:00:00-05:00,59.1,57.49,-0.0,1.61
2025-11-12 22:00:00-05:00,52.69,50.91,-0.0,1.78
2025-11-12 23:00:00-05:00,47.08,45.71,-0.0,1.37
2025-11-13 00:00:00-05:00,61.3,44.11,15.47,1.72
2025-11-13 01:00:00-05:00,59.6,43.25,14.62,1.73
2025-11-13 02:00:00-05:00,54.93,41.19,12.14,1.6
2025-11-13 03:00:00-05:00,56.0,41.18,13.22,1.6
2025-11-13 04:00:00-05:00,62.4,41.04,19.8,1.56
2025-11-13 05:00:00-05:00,66.5,43.33,21.52,1.65
2025-11-13 06:00:00-05:00,85.9,63.01,20.69,2.2
2025-11-13 07:00:00-05:00,86.8,75.89,8.71,2.2
2025-11-13 08:00:00-05:00,88.1,61.59,24.66,1.85
2025-11-13 09:00:00-05:00,79.1,56.36,21.1,1.64
2025-11-13 10:00:00-05:00,67.09,53.05,12.39,1.65
2025-11-13 11:00:00-05:00,66.11,51.22,13.35,1.54
2025-11-13 12:00:00-05:00,64.97,51.04,12.35,1.58
2025-11-13 13:00:00-05:00,67.0,51.8,13.59,1.61
2025-11-13 14:00:00-05:00,69.7,52.75,15.31,1.64
2025-11-13 15:00:00-05:00,73.8,60.26,11.67,1.87
2025-11-13 16:00:00-05:00,89.3,69.32,17.49,2.49
2025-11-13 17:00:00-05:00,96.42,88.23,5.37,2.82
2025-11-13 18:00:00-05:00,95.0,78.54,13.87,2.59
2025-11-13 19:00:00-05:00,83.06,66.7,14.29,2.07
2025-11-13 20:00:00-05:00,70.1,59.99,8.31,1.8
2025-11-13 21:00:00-05:00,60.14,56.22,2.24,1.68
2025-11-13 22:00:00-05:00,52.98,51.44,-0.0,1.54
2025-11-13 23:00:00-05:00,49.47,47.98,-0.0,1.49
2025-11-14 00:00:00-05:00,51.9,50.59,-0.0,1.31
2025-11-14 01:00:00-05:00,46.39,45.08,-0.0,1.31
2025-11-14 02:00:00-05:00,45.16,44.02,-0.0,1.14
2025-11-14 03:00:00-05:00,44.4,43.19,-0.0,1.21
2025-11-14 04:00:00-05:00,46.3,45.17,-0.0,1.13
2025-11-14 05:00:00-05:00,54.88,50.23,3.0,1.65
2025-11-14 06:00:00-05:00,74.05,68.78,3.0,2.27
2025-11-14 07:00:00-05:00,90.23,87.78,-0.0,2.45
2025-11-14 08:00:00-05:00,67.8,66.27,-0.0,1.53
2025-11-14 09:00:00-05:00,56.45,55.83,-0.0,0.62
2025-11-14 10:00:00-05:00,52.51,52.62,-0.0,-0.11
2025-11-14 11:00:00-05:00,49.62,49.37,-0.0,0.25
2025-11-14 12:00:00-05:00,52.4,51.99,-0.0,0.41
2025-11-14 13:00:00-05:00,55.0,53.98,-0.0,1.02
2025-11-14 14:00:00-05:00,60.14,58.79,-0.0,1.35
2025-11-14 15:00:00-05:00,66.08,64.91,-0.0,1.17
2025-11-14 16:00:00-05:00,83.86,82.06,-0.0,1.8
2025-11-14 17:00:00-05:00,97.47,95.0,-0.0,2.47
2025-11-14 18:00:00-05:00,87.82,84.02,1.62,2.18
2025-11-14 19:00:00-05:00,75.83,73.84,-0.0,1.99
2025-11-14 20:00:00-05:00,65.0,63.41,-0.0,1.59
2025-11-14 21:00:00-05:00,59.99,58.87,-0.0,1.12
2025-11-14 22:00:00-05:00,54.15,53.72,-0.0,0.43
2025-11-14 23:00:00-05:00,50.28,49.88,-0.0,0.4
2025-11-15 00:00:00-05:00,54.8,54.8,-0.0,0.0
2025-11-15 01:00:00-05:00,54.17,54.22,-0.0,-0.05
2025-11-15 02:00:00-05:00,50.49,50.39,-0.0,0.1
2025-11-15 03:00:00-05:00,50.5,50.5,-0.0,0.0
2025-11-15 04:00:00-05:00,50.1,50.0,-0.0,0.1
2025-11-15 05:00:00-05:00,50.06,51.92,-1.96,0.1
2025-11-15 06:00:00-05:00,63.71,63.63,-0.37,0.45
2025-11-15 07:00:00-05:00,67.6,64.3,2.33,0.97
2025-11-15 08:00:00-05:00,56.64,55.91,-0.0,0.73
2025-11-15 09:00:00-05:00,51.4,51.09,-0.0,0.31
2025-11-15 10:00:00-05:00,47.31,47.4,-0.0,-0.09
2025-11-15 11:00:00-05:00,45.0,45.09,-0.0,-0.09
2025-11-15 12:00:00-05:00,45.06,45.11,-0.0,-0.05
2025-11-15 13:00:00-05:00,47.44,47.3,-0.0,0.14
2025-11-15 14:00:00-05:00,52.54,51.76,-0.0,0.78
2025-11-15 15:00:00-05:00,59.25,59.21,-1.68,1.72
2025-11-15 16:00:00-05:00,70.0,63.81,4.21,1.98
2025-11-15 17:00:00-05:00,84.02,71.2,10.69,2.13
2025-11-15 18:00:00-05:00,87.79,65.95,19.86,1.98
2025-11-15 19:00:00-05:00,78.2,60.48,15.91,1.81
2025-11-15 20:00:00-05:00,72.84,53.1,18.15,1.59
2025-11-15 21:00:00-05:00,63.8,48.1,14.21,1.49
2025-11-15 22:00:00-05:00,54.9,45.48,8.01,1.41
2025-11-15 23:00:00-05:00,46.0,44.06,0.49,1.45
2025-11-16 00:00:00-05:00,55.6,39.56,14.3,1.74
2025-11-16 01:00:00-05:00,54.32,37.65,15.02,1.65
2025-11-16 02:00:00-05:00,51.17,36.71,12.77,1.69
2025-11-16 03:00:00-05:00,52.0,35.73,14.63,1.64
2025-11-16 04:00:00-05:00,49.63,34.02,14.08,1.53
2025-11-16 05:00:00-05:00,51.2,34.85,14.75,1.6
2025-11-16 06:00:00-05:00,66.8,37.49,27.62,1.69
2025-11-16 07:00:00-05:00,70.2,39.7,28.76,1.74
2025-11-16 08:00:00-05:00,65.78,38.06,26.08,1.64
2025-11-16 09:00:00-05:00,52.7,37.31,13.75,1.64
2025-11-16 10:00:00-05:00,47.8,36.29,9.92,1.59
2025-11-16 11:00:00-05:00,46.67,35.92,9.1,1.65
2025-11-16 12:00:00-05:00,49.0,38.18,9.03,1.79
2025-11-16 13:00:00-05:00,51.9,38.68,11.33,1.89
2025-11-16 14:00:00-05:00,62.2,40.64,19.57,1.99
2025-11-16 15:00:00-05:00,72.36,44.86,25.26,2.24
2025-11-16 16:00:00-05:00,92.14,51.98,37.72,2.44
2025-11-16 17:00:00-05:00,97.0,61.45,33.03,2.52
2025-11-16 18:00:00-05:00,91.17,58.3,30.54,2.33
2025-11-16 19:00:00-05:00,83.0,51.81,29.06,2.13
2025-11-16 20:00:00-05:00,77.59,46.62,29.06,1.91
2025-11-16 21:00:00-05:00,62.9,43.21,17.83,1.86
2025-11-16 22:00:00-05:00,57.6,40.0,15.96,1.64
2025-11-16 23:00:00-05:00,51.1,39.33,9.88,1.89
2025-11-17 00:00:00-05:00,55.18,40.07,13.39,1.72
2025-11-17 01:00:00-05:00,53.0,36.94,14.55,1.51
2025-11-17 02:00:00-05:00,49.8,35.35,13.0,1.45
2025-11-17 03:00:00-05:00,49.76,35.04,13.28,1.44
2025-11-17 04:00:00-05:00,48.13,36.97,9.64,1.52
2025-11-17 05:00:00-05:00,51.0,40.27,9.04,1.69
2025-11-17 06:00:00-05:00,70.22,56.0,12.15,2.07
2025-11-17 07:00:00-05:00,75.41,67.09,5.77,2.55
2025-11-17 08:00:00-05:00,66.47,56.0,8.51,1.96
2025-11-17 09:00:00-05:00,53.95,52.23,-0.0,1.72
2025-11-17 10:00:00-05:00,53.08,51.58,-0.0,1.5
2025-11-17 11:00:00-05:00,51.93,50.42,-0.0,1.51
2025-11-17 12:00:00-05:00,51.72,50.16,-0.0,1.56
2025-11-17 13:00:00-05:00,52.67,51.04,-0.0,1.63
2025-11-17 14:00:00-05:00,57.2,52.23,3.14,1.83
2025-11-17 15:00:00-05:00,60.48,55.51,2.97,2.0
2025-11-17 16:00:00-05:00,83.64,67.26,13.96,2.42
2025-11-17 17:00:00-05:00,115.94,87.27,25.27,3.4
2025-11-17 18:00:00-05:00,90.96,77.98,10.18,2.8
2025-11-17 19:00:00-05:00,78.2,66.58,9.23,2.39
2025-11-17 20:00:00-05:00,64.71,61.13,1.38,2.2
2025-11-17 21:00:00-05:00,57.9,55.94,-0.0,1.96
2025-11-17 22:00:00-05:00,52.47,50.8,-0.0,1.67
2025-11-17 23:00:00-05:00,49.5,47.92,-0.0,1.58
2025-11-18 00:00:00-05:00,44.68,43.34,-0.0,1.34
2025-11-18 01:00:00-05:00,42.71,41.39,-0.0,1.32
2025-11-18 02:00:00-05:00,42.59,41.27,-0.0,1.32
2025-11-18 03:00:00-05:00,42.48,41.16,-0.0,1.32
2025-11-18 04:00:00-05:00,43.26,42.08,-0.0,1.18
2025-11-18 05:00:00-05:00,45.0,43.9,-0.0,1.1
2025-11-18 06:00:00-05:00,62.0,60.6,-0.0,1.4
2025-11-18 07:00:00-05:00,77.89,76.51,-0.0,1.38
2025-11-18 08:00:00-05:00,56.72,55.5,-0.0,1.22
2025-11-18 09:00:00-05:00,50.91,50.11,-0.0,0.8
2025-11-18 10:00:00-05:00,46.6,46.09,-0.0,0.51
2025-11-18 11:00:00-05:00,45.17,44.68,-0.0,0.49
2025-11-18 12:00:00-05:00,44.52,44.03,-0.0,0.49
2025-11-18 13:00:00-05:00,46.57,46.02,-0.0,0.55
2025-11-18 14:00:00-05:00,48.13,47.42,-0.0,0.71
2025-11-18 15:00:00-05:00,56.23,55.59,-0.25,0.89
2025-11-18 16:00:00-05:00,71.02,69.11,0.25,1.66
2025-11-18 17:00:00-05:00,94.3,92.45,-0.0,1.85
2025-11-18 18:00:00-05:00,83.13,81.42,-0.0,1.71
2025-11-18 19:00:00-05:00,72.83,71.54,-0.0,1.29
2025-11-18 20:00:00-05:00,65.43,64.34,-0.0,1.09
2025-11-18 21:00:00-05:00,57.5,56.71,-0.0,0.79
2025-11-18 22:00:00-05:00,53.38,52.7,-0.0,0.68
2025-11-18 23:00:00-05:00,48.68,48.1,-0.0,0.58
2025-11-19 00:00:00-05:00,54.3,52.98,-0.0,1.32
2025-11-19 01:00:00-05:00,51.97,50.6,-0.0,1.37
2025-11-19 02:00:00-05:00,50.46,49.18,-0.0,1.28
2025-11-19 03:00:00-05:00,51.12,49.87,-0.0,1.25
2025-11-19 04:00:00-05:00,51.95,50.58,-0.0,1.37
2025-11-19 05:00:00-05:00,55.02,53.52,-0.0,1.5
2025-11-19 06:00:00-05:00,76.79,74.67,0.1,2.02
2025-11-19 07:00:00-05:00,90.3,88.02,-0.1,2.38
2025-11-19 08:00:00-05:00,63.74,61.94,-0.0,1.8
2025-11-19 09:00:00-05:00,56.78,55.5,-0.0,1.28
2025-11-19 10:00:00-05:00,48.1,47.48,-0.0,0.62
2025-11-19 11:00:00-05:00,47.73,46.84,-0.0,0.89
2025-11-19 12:00:00-05:00,47.01,46.09,-0.0,0.92
2025-11-19 13:00:00-05:00,48.1,47.16,-0.0,0.94
2025-11-19 14:00:00-05:00,51.25,49.9,-0.0,1.35
2025-11-19 15:00:00-05:00,62.14,60.51,-0.0,1.63
2025-11-19 16:00:00-05:00,80.76,78.26,-0.0,2.5
2025-11-19 17:00:00-05:00,98.29,95.33,-0.0,2.96
2025-11-19 18:00:00-05:00,86.05,83.31,-0.0,2.74
2025-11-19 19:00:00-05:00,79.27,76.66,-0.0,2.61
2025-11-19 20:00:00-05:00,70.0,67.57,0.2,2.23
2025-11-19 21:00:00-05:00,61.92,59.94,-0.0,1.98
2025-11-19 22:00:00-05:00,61.99,55.29,4.88,1.82
2025-11-19 23:00:00-05:00,54.48,52.89,-0.0,1.59
2025-11-20 00:00:00-05:00,54.24,50.78,1.88,1.58
2025-11-20 01:00:00-05:00,52.28,47.28,3.53,1.47
2025-11-20 02:00:00-05:00,50.0,45.05,3.51,1.44
2025-11-20 03:00:00-05:00,50.48,44.45,4.61,1.42
2025-11-20 04:00:00-05:00,52.05,45.7,4.93,1.42
2025-11-20 05:00:00-05:00,60.72,50.53,8.47,1.72
2025-11-20 06:00:00-05:00,87.56,73.14,11.86,2.56
2025-11-20 07:00:00-05:00,111.59,85.68,23.09,2.82
2025-11-20 08:00:00-05:00,80.91,63.96,14.71,2.24
2025-11-20 09:00:00-05:00,60.0,56.17,1.92,1.91
2025-11-20 10:00:00-05:00,51.57,50.31,-0.0,1.26
2025-11-20 11:00:00-05:00,47.11,45.83,-0.0,1.28
2025-11-20 12:00:00-05:00,47.72,46.33,-0.0,1.39
2025-11-20 13:00:00-05:00,49.82,48.23,-0.0,1.59
2025-11-20 14:00:00-05:00,57.3,48.55,7.15,1.6
2025-11-20 15:00:00-05:00,69.6,55.34,12.32,1.94
2025-11-20 16:00:00-05:00,97.74,71.19,23.99,2.56
2025-11-20 17:00:00-05:00,100.57,81.23,16.33,3.01
2025-11-20 18:00:00-05:00,102.54,72.03,27.84,2.67
2025-11-20 19:00:00-05:00,97.0,66.3,28.25,2.45
2025-11-20 20:00:00-05:00,88.88,60.02,26.64,2.22
2025-11-20 21:00:00-05:00,72.02,54.36,15.71,1.95
2025-11-20 22:00:00-05:00,61.88,49.26,10.8,1.82
2025-11-20 23:00:00-05:00,54.48,44.73,8.09,1.66
2025-11-21 00:00:00-05:00,50.02,47.9,0.49,1.63
2025-11-21 01:00:00-05:00,46.23,44.58,-0.0,1.65
2025-11-21 02:00:00-05:00,43.71,42.03,0.08,1.6
2025-11-21 03:00:00-05:00,43.15,41.31,0.19,1.65
2025-11-21 04:00:00-05:00,43.72,42.12,-0.0,1.6
2025-11-21 05:00:00-05:00,52.26,41.93,8.74,1.59
2025-11-21 06:00:00-05:00,73.5,68.02,2.96,2.52
2025-11-21 07:00:00-05:00,80.91,73.67,4.51,2.73
2025-11-21 08:00:00-05:00,65.4,66.45,-3.44,2.39
2025-11-21 09:00:00-05:00,60.59,59.0,-0.0,1.59
2025-11-21 10:00:00-05:00,58.13,56.6,-0.0,1.53
2025-11-21 11:00:00-05:00,55.43,53.92,-0.0,1.51
2025-11-21 12:00:00-05:00,54.15,52.62,-0.0,1.53
2025-11-21 13:00:00-05:00,53.55,52.24,-0.0,1.31
2025-11-21 14:00:00-05:00,56.55,55.06,-0.0,1.49
2025-11-21 15:00:00-05:00,63.34,54.91,6.51,1.92
2025-11-21 16:00:00-05:00,76.0,65.64,7.8,2.56
2025-11-21 17:00:00-05:00,83.15,80.03,-0.0,3.12
2025-11-21 18:00:00-05:00,75.35,72.66,-0.0,2.69
2025-11-21 19:00:00-05:00,68.16,65.67,-0.0,2.49
2025-11-21 20:00:00-05:00,64.26,62.33,-0.0,1.93
2025-11-21 21:00:00-05:00,58.47,56.93,-0.0,1.54
2025-11-21 22:00:00-05:00,54.7,53.57,-0.0,1.13
2025-11-21 23:00:00-05:00,48.38,47.29,-0.0,1.09
2025-11-22 00:00:00-05:00,50.36,49.13,-0.0,1.23
2025-11-22 01:00:00-05:00,48.74,47.41,-0.0,1.33
2025-11-22 02:00:00-05:00,45.11,43.67,-0.0,1.44
2025-11-22 03:00:00-05:00,43.53,42.14,-0.0,1.39
2025-11-22 04:00:00-05:00,42.93,41.52,-0.0,1.41
2025-11-22 05:00:00-05:00,45.59,44.05,-0.0,1.54
2025-11-22 06:00:00-05:00,55.09,53.18,-0.0,1.91
2025-11-22 07:00:00-05:00,60.11,57.96,-0.0,2.15
2025-11-22 08:00:00-05:00,57.89,55.82,-0.0,2.07
2025-11-22 09:00:00-05:00,53.58,52.33,-0.0,1.25
2025-11-22 10:00:00-05:00,52.18,51.16,-0.0,1.02
2025-11-22 11:00:00-05:00,49.58,48.61,-0.0,0.97
2025-11-22 12:00:00-05:00,47.49,46.56,-0.0,0.93
2025-11-22 13:00:00-05:00,47.55,46.67,-0.0,0.88
2025-11-22 14:00:00-05:00,51.07,49.78,-0.0,1.29
2025-11-22 15:00:00-05:00,56.48,54.73,-0.0,1.75
2025-11-22 16:00:00-05:00,69.0,66.61,-0.0,2.39
2025-11-22 17:00:00-05:00,81.83,79.37,-0.0,2.46
2025-11-22 18:00:00-05:00,74.2,71.83,-0.0,2.37
2025-11-22 19:00:00-05:00,68.48,66.49,-0.0,1.99
2025-11-22 20:00:00-05:00,66.25,64.45,-0.0,1.8
2025-11-22 21:00:00-05:00,59.7,58.13,-0.0,1.57
2025-11-22 22:00:00-05:00,55.64,54.23,-0.0,1.41
2025-11-22 23:00:00-05:00,51.24,50.04,-0.0,1.2
2025-11-23 00:00:00-05:00,53.09,50.02,0.97,2.1
2025-11-23 01:00:00-05:00,50.8,45.81,3.02,1.97
2025-11-23 02:00:00-05:00,48.08,42.89,3.43,1.76
2025-11-23 03:00:00-05:00,47.6,41.97,3.83,1.8
2025-11-23 04:00:00-05:00,48.8,40.53,6.53,1.74
2025-11-23 05:00:00-05:00,54.0,39.66,12.64,1.7
2025-11-23 06:00:00-05:00,55.79,44.15,9.79,1.85
2025-11-23 07:00:00-05:00,60.38,43.33,15.27,1.78
2025-11-23 08:00:00-05:00,66.1,43.65,20.62,1.83
2025-11-23 09:00:00-05:00,59.8,44.08,13.87,1.85
2025-11-23 10:00:00-05:00,56.65,49.07,5.52,2.06
2025-11-23 11:00:00-05:00,57.0,49.65,5.36,1.99
2025-11-23 12:00:00-05:00,59.91,49.65,8.18,2.08
2025-11-23 13:00:00-05:00,60.85,46.25,12.7,1.9
2025-11-23 14:00:00-05:00,64.51,47.56,15.05,1.9
2025-11-23 15:00:00-05:00,71.8,53.29,16.27,2.24
2025-11-23 16:00:00-05:00,82.0,54.13,25.6,2.27
2025-11-23 17:00:00-05:00,92.0,65.78,23.59,2.63
2025-11-23 18:00:00-05:00,86.5,55.71,28.56,2.23
2025-11-23 19:00:00-05:00,82.1,53.49,26.42,2.19
2025-11-23 20:00:00-05:00,76.3,52.17,22.04,2.09
2025-11-23 21:00:00-05:00,65.4,47.82,15.76,1.82
2025-11-23 22:00:00-05:00,58.2,48.37,7.95,1.88
2025-11-23 23:00:00-05:00,54.41,43.89,8.68,1.84
2025-11-24 00:00:00-05:00,56.58,48.66,5.88,2.04
2025-11-24 01:00:00-05:00,54.53,46.03,6.57,1.93
2025-11-24 02:00:00-05:00,53.0,46.35,4.75,1.9
2025-11-24 03:00:00-05:00,49.77,46.05,1.88,1.84
2025-11-24 04:00:00-05:00,51.0,47.8,1.29,1.91
2025-11-24 05:00:00-05:00,56.22,52.09,1.99,2.14
2025-11-24 06:00:00-05:00,73.6,71.05,-0.0,2.55
2025-11-24 07:00:00-05:00,87.3,84.84,-0.0,2.46
2025-11-24 08:00:00-05:00,67.36,65.14,-0.0,2.22
2025-11-24 09:00:00-05:00,54.09,52.56,-0.0,1.53
2025-11-24 10:00:00-05:00,51.83,50.66,-0.0,1.17
2025-11-24 11:00:00-05:00,50.46,49.32,-0.0,1.14
2025-11-24 12:00:00-05:00,49.78,48.33,-0.0,1.45
2025-11-24 13:00:00-05:00,50.96,49.28,-0.0,1.68
2025-11-24 14:00:00-05:00,54.97,53.11,-0.0,1.86
2025-11-24 15:00:00-05:00,64.91,62.66,-0.0,2.25
2025-11-24 16:00:00-05:00,80.69,77.74,-0.0,2.95
2025-11-24 17:00:00-05:00,88.85,85.77,-0.0,3.08
2025-11-24 18:00:00-05:00,80.57,77.4,-0.0,3.17
2025-11-24 19:00:00-05:00,73.42,68.42,2.13,2.87
2025-11-24 20:00:00-05:00,69.08,60.41,6.13,2.54
2025-11-24 21:00:00-05:00,62.9,53.56,7.25,2.09
2025-11-24 22:00:00-05:00,58.82,47.78,9.13,1.91
2025-11-24 23:00:00-05:00,56.0,42.92,11.28,1.8
2025-11-25 00:00:00-05:00,52.09,45.9,4.08,2.11
2025-11-25 01:00:00-05:00,48.4,42.72,3.76,1.92
2025-11-25 02:00:00-05:00,48.23,42.77,3.53,1.93
2025-11-25 03:00:00-05:00,46.2,42.26,2.08,1.86
2025-11-25 04:00:00-05:00,50.54,43.68,4.98,1.88
2025-11-25 05:00:00-05:00,58.0,44.93,11.05,2.02
2025-11-25 06:00:00-05:00,77.45,59.05,15.81,2.59
2025-11-25 07:00:00-05:00,90.0,69.71,17.43,2.86
2025-11-25 08:00:00-05:00,67.45,67.93,-3.33,2.85
2025-11-25 09:00:00-05:00,65.0,63.8,-1.22,2.42
2025-11-25 10:00:00-05:00,64.8,62.61,-0.0,2.19
2025-11-25 11:00:00-05:00,64.12,62.13,-0.0,1.99
2025-11-25 12:00:00-05:00,65.3,63.28,-0.0,2.02
2025-11-25 13:00:00-05:00,66.17,64.12,-0.0,2.05
2025-11-25 14:00:00-05:00,70.2,68.09,-0.0,2.11
2025-11-25 15:00:00-05:00,76.75,74.16,-0.0,2.59
2025-11-25 16:00:00-05:00,84.1,77.71,3.05,3.34
2025-11-25 17:00:00-05:00,94.98,81.78,9.77,3.43
2025-11-25 18:00:00-05:00,80.65,73.89,3.58,3.18
2025-11-25 19:00:00-05:00,76.62,67.18,6.55,2.89
2025-11-25 20:00:00-05:00,68.16,62.62,2.85,2.69
2025-11-25 21:00:00-05:00,59.25,56.24,0.54,2.47
2025-11-25 22:00:00-05:00,51.67,49.59,-0.0,2.08
2025-11-25 23:00:00-05:00,46.41,44.71,-0.0,1.7
2025-11-26 00:00:00-05:00,44.82,42.97,-0.0,1.85
2025-11-26 01:00:00-05:00,41.1,39.52,-0.0,1.58
2025-11-26 02:00:00-05:00,40.66,39.17,-0.0,1.49
2025-11-26 03:00:00-05:00,40.42,38.94,-0.0,1.48
2025-11-26 04:00:00-05:00,40.4,38.96,-0.0,1.44
2025-11-26 05:00:00-05:00,44.55,38.53,4.33,1.69
2025-11-26 06:00:00-05:00,58.05,46.63,9.23,2.19
2025-11-26 07:00:00-05:00,67.2,55.99,8.69,2.52
2025-11-26 08:00:00-05:00,62.0,57.94,1.45,2.61
2025-11-26 09:00:00-05:00,62.86,60.33,-0.0,2.53
2025-11-26 10:00:00-05:00,61.66,59.0,-0.0,2.66
2025-11-26 11:00:00-05:00,58.86,56.38,-0.0,2.48
2025-11-26 12:00:00-05:00,58.0,55.34,-0.0,2.66
2025-11-26 13:00:00-05:00,57.17,54.44,0.17,2.56
2025-11-26 14:00:00-05:00,61.93,52.44,7.02,2.47
2025-11-26 15:00:00-05:00,68.41,51.82,14.2,2.39
2025-11-26 16:00:00-05:00,73.6,53.26,17.89,2.45
2025-11-26 17:00:00-05:00,83.3,58.64,21.9,2.76
2025-11-26 18:00:00-05:00,85.01,53.85,28.68,2.48
2025-11-26 19:00:00-05:00,75.92,39.82,34.27,1.83
2025-11-26 20:00:00-05:00,70.0,37.79,30.47,1.74
2025-11-26 21:00:00-05:00,61.3,32.51,27.55,1.24
2025-11-26 22:00:00-05:00,55.0,27.95,25.96,1.09
2025-11-26 23:00:00-05:00,47.44,28.04,18.28,1.12
2025-11-27 00:00:00-05:00,47.4,40.62,4.71,2.07
2025-11-27 01:00:00-05:00,42.6,36.62,4.22,1.76
2025-11-27 02:00:00-05:00,40.2,35.17,3.31,1.72
2025-11-27 03:00:00-05:00,39.2,34.34,3.18,1.68
2025-11-27 04:00:00-05:00,42.4,34.16,6.6,1.64
2025-11-27 05:00:00-05:00,46.63,34.72,10.18,1.73
2025-11-27 06:00:00-05:00,59.4,38.15,19.31,1.94
2025-11-27 07:00:00-05:00,62.52,40.8,19.56,2.16
2025-11-27 08:00:00-05:00,57.6,40.4,14.86,2.34
2025-11-27 09:00:00-05:00,46.7,41.15,3.21,2.34
2025-11-27 10:00:00-05:00,51.68,44.24,4.88,2.56
2025-11-27 11:00:00-05:00,50.17,45.68,1.8,2.69
2025-11-27 12:00:00-05:00,51.56,45.71,3.15,2.7
2025-11-27 13:00:00-05:00,52.1,44.59,4.88,2.63
2025-11-27 14:00:00-05:00,58.21,42.94,12.78,2.49
2025-11-27 15:00:00-05:00,60.33,44.3,13.51,2.52
2025-11-27 16:00:00-05:00,69.39,51.45,14.9,3.04
2025-11-27 17:00:00-05:00,74.8,54.97,16.7,3.13
2025-11-27 18:00:00-05:00,70.1,52.2,14.93,2.97
2025-11-27 19:00:00-05:00,64.87,49.27,12.84,2.76
2025-11-27 20:00:00-05:00,62.1,45.46,14.1,2.54
2025-11-27 21:00:00-05:00,57.98,44.44,11.05,2.49
2025-11-27 22:00:00-05:00,50.12,42.34,5.37,2.41
2025-11-27 23:00:00-05:00,48.15,43.34,2.38,2.43
2025-11-28 00:00:00-05:00,51.81,42.83,6.88,2.1
2025-11-28 01:00:00-05:00,50.58,40.63,7.96,1.99
2025-11-28 02:00:00-05:00,50.13,39.43,8.77,1.93
2025-11-28 03:00:00-05:00,50.35,39.38,9.12,1.85
2025-11-28 04:00:00-05:00,50.36,40.21,8.26,1.89
2025-11-28 05:00:00-05:00,51.8,42.86,6.88,2.06
2025-11-28 06:00:00-05:00,58.45,48.98,7.07,2.4
2025-11-28 07:00:00-05:00,64.2,55.19,6.14,2.87
2025-11-28 08:00:00-05:00,61.7,51.45,7.47,2.78
2025-11-28 09:00:00-05:00,55.86,46.43,6.88,2.55
2025-11-28 10:00:00-05:00,52.5,49.62,-0.0,2.88
2025-11-28 11:00:00-05:00,52.7,49.01,0.85,2.84
2025-11-28 12:00:00-05:00,53.3,46.69,3.86,2.75
2025-11-28 13:00:00-05:00,57.79,48.12,6.88,2.79
2025-11-28 14:00:00-05:00,64.56,49.08,12.58,2.9
2025-11-28 15:00:00-05:00,74.0,54.98,15.78,3.24
2025-11-28 16:00:00-05:00,80.67,58.38,18.9,3.39
2025-11-28 17:00:00-05:00,91.84,71.55,16.29,4.0
2025-11-28 18:00:00-05:00,83.25,69.42,9.94,3.89
2025-11-28 19:00:00-05:00,71.04,65.49,1.88,3.67
2025-11-28 20:00:00-05:00,68.0,58.06,6.75,3.19
2025-11-28 21:00:00-05:00,60.15,54.04,3.09,3.02
2025-11-28 22:00:00-05:00,54.9,52.09,-0.0,2.81
2025-11-28 23:00:00-05:00,52.44,49.85,-0.0,2.59
2025-11-29 00:00:00-05:00,50.01,47.72,-0.0,2.29
2025-11-29 01:00:00-05:00,47.02,44.99,-0.0,2.03
2025-11-29 02:00:00-05:00,45.18,43.32,-0.0,1.86
2025-11-29 03:00:00-05:00,44.98,43.17,-0.0,1.81
2025-11-29 04:00:00-05:00,45.37,43.62,-0.0,1.75
2025-11-29 05:00:00-05:00,47.91,46.07,-0.0,1.84
2025-11-29 06:00:00-05:00,57.71,55.6,-0.0,2.11
2025-11-29 07:00:00-05:00,58.53,56.22,-0.0,2.31
2025-11-29 08:00:00-05:00,52.12,50.11,-0.0,2.01
2025-11-29 09:00:00-05:00,44.18,42.56,-0.0,1.62
2025-11-29 10:00:00-05:00,44.7,43.02,-0.0,1.68
2025-11-29 11:00:00-05:00,44.6,42.93,-0.0,1.67
2025-11-29 12:00:00-05:00,44.62,43.03,-0.0,1.59
2025-11-29 13:00:00-05:00,45.81,44.22,-0.0,1.59
2025-11-29 14:00:00-05:00,50.37,48.62,-0.0,1.75
2025-11-29 15:00:00-05:00,58.68,56.7,-0.0,1.98
2025-11-29 16:00:00-05:00,74.75,72.43,-0.0,2.32
2025-11-29 17:00:00-05:00,85.28,82.71,-0.0,2.57
2025-11-29 18:00:00-05:00,84.57,81.79,-0.0,2.78
2025-11-29 19:00:00-05:00,75.32,72.92,-0.0,2.4
2025-11-29 20:00:00-05:00,68.96,66.57,-0.0,2.39
2025-11-29 21:00:00-05:00,61.65,59.34,-0.0,2.31
2025-11-29 22:00:00-05:00,57.46,55.41,-0.0,2.05
2025-11-29 23:00:00-05:00,58.02,55.95,-0.0,2.07
2025-11-30 00:00:00-05:00,53.31,51.07,-0.0,2.24
2025-11-30 01:00:00-05:00,49.6,47.65,-0.0,1.95
2025-11-30 02:00:00-05:00,52.0,44.04,6.07,1.89
2025-11-30 03:00:00-05:00,52.75,41.27,9.67,1.81
2025-11-30 04:00:00-05:00,55.0,40.87,12.25,1.88
2025-11-30 05:00:00-05:00,58.16,39.15,17.25,1.76
2025-11-30 06:00:00-05:00,73.35,40.4,31.17,1.78
2025-11-30 07:00:00-05:00,74.5,42.16,30.4,1.94
2025-11-30 08:00:00-05:00,75.13,41.31,31.71,2.11
2025-11-30 09:00:00-05:00,63.24,45.65,15.13,2.46
2025-11-30 10:00:00-05:00,58.0,49.3,6.09,2.61
2025-11-30 11:00:00-05:00,57.72,51.91,3.01,2.8
2025-11-30 12:00:00-05:00,59.22,55.97,-0.0,3.25
2025-11-30 13:00:00-05:00,62.07,58.72,-0.0,3.35
2025-11-30 14:00:00-05:00,64.0,55.68,5.26,3.06
2025-11-30 15:00:00-05:00,65.0,53.88,8.16,2.96
2025-11-30 16:00:00-05:00,79.72,61.85,14.35,3.52
2025-11-30 17:00:00-05:00,95.14,68.91,22.44,3.79
2025-11-30 18:00:00-05:00,85.0,69.2,11.93,3.87
2025-11-30 19:00:00-05:00,78.0,60.83,13.7,3.47
2025-11-30 20:00:00-05:00,73.19,51.32,19.1,2.77
2025-11-30 21:00:00-05:00,63.0,46.69,13.74,2.57
2025-11-30 22:00:00-05:00,55.0,43.46,9.28,2.26
2025-11-30 23:00:00-05:00,51.23,42.41,6.57,2.25
2025-12-01 00:00:00-05:00,54.72,48.32,4.22,2.18
2025-12-01 01:00:00-05:00,50.92,45.27,3.71,1.94
2025-12-01 02:00:00-05:00,49.5,43.69,3.98,1.83
2025-12-01 03:00:00-05:00,50.07,45.59,2.61,1.87
2025-12-01 04:00:00-05:00,52.7,49.67,1.09,1.94
2025-12-01 05:00:00-05:00,55.77,52.73,0.99,2.05
2025-12-01 06:00:00-05:00,80.37,73.45,4.06,2.86
2025-12-01 07:00:00-05:00,87.5,84.38,-0.0,3.12
2025-12-01 08:00:00-05:00,83.88,82.4,-0.0,1.48
2025-12-01 09:00:00-05:00,68.52,67.64,-0.0,0.88
2025-12-01 10:00:00-05:00,65.85,65.2,-0.0,0.65
2025-12-01 11:00:00-05:00,61.15,60.61,-0.0,0.54
2025-12-01 12:00:00-05:00,61.27,60.79,-0.0,0.48
2025-12-01 13:00:00-05:00,66.04,65.58,-0.0,0.46
2025-12-01 14:00:00-05:00,70.44,70.09,-0.0,0.35
2025-12-01 15:00:00-05:00,77.82,75.92,-0.0,1.9
2025-12-01 16:00:00-05:00,100.36,97.72,-0.0,2.64
2025-12-01 17:00:00-05:00,139.27,135.75,-0.0,3.52
2025-12-01 18:00:00-05:00,119.89,116.63,-0.0,3.26
2025-12-01 19:00:00-05:00,108.54,105.38,-0.0,3.16
2025-12-01 20:00:00-05:00,90.99,88.42,-0.0,2.57
2025-12-01 21:00:00-05:00,81.55,79.25,-0.0,2.3
2025-12-01 22:00:00-05:00,73.89,71.81,-0.0,2.08
2025-12-01 23:00:00-05:00,68.41,66.42,-0.0,1.99
2025-12-02 00:00:00-05:00,89.6,72.62,14.95,2.03
2025-12-02 01:00:00-05:00,86.6,68.5,16.11,1.99
2025-12-02 02:00:00-05:00,82.7,66.33,14.45,1.92
2025-12-02 03:00:00-05:00,87.4,65.87,19.62,1.91
2025-12-02 04:00:00-05:00,92.0,64.9,25.22,1.88
2025-12-02 05:00:00-05:00,94.3,69.14,23.15,2.01
2025-12-02 06:00:00-05:00,115.5,89.82,22.89,2.79
2025-12-02 07:00:00-05:00,123.8,100.86,20.42,2.52
2025-12-02 08:00:00-05:00,123.3,99.67,19.64,3.99
2025-12-02 09:00:00-05:00,114.05,114.55,-4.96,4.46
2025-12-02 10:00:00-05:00,120.2,115.57,-0.0,4.63
2025-12-02 11:00:00-05:00,120.8,116.04,-0.0,4.76
2025-12-02 12:00:00-05:00,116.7,113.41,-0.0,3.29
2025-12-02 13:00:00-05:00,112.29,109.02,-0.0,3.27
2025-12-02 14:00:00-05:00,116.61,107.74,5.74,3.13
2025-12-02 15:00:00-05:00,124.4,102.74,18.27,3.39
2025-12-02 16:00:00-05:00,138.1,117.03,17.8,3.27
2025-12-02 17:00:00-05:00,149.3,145.37,-0.0,3.93
2025-12-02 18:00:00-05:00,137.4,124.87,9.04,3.49
2025-12-02 19:00:00-05:00,133.8,113.1,17.54,3.16
2025-12-02 20:00:00-05:00,123.3,100.96,19.72,2.62
2025-12-02 21:00:00-05:00,108.42,91.16,14.71,2.55
2025-12-02 22:00:00-05:00,92.45,87.27,3.0,2.18
2025-12-02 23:00:00-05:00,86.5,79.52,5.15,1.83
2025-12-03 00:00:00-05:00,103.0,86.87,12.65,3.48
2025-12-03 01:00:00-05:00,101.8,83.13,15.43,3.24
2025-12-03 02:00:00-05:00,97.8,84.54,10.13,3.13
2025-12-03 03:00:00-05:00,98.09,84.6,10.28,3.21
2025-12-03 04:00:00-05:00,100.55,84.86,12.55,3.14
2025-12-03 05:00:00-05:00,113.4,83.73,26.41,3.26
2025-12-03 06:00:00-05:00,134.9,116.86,12.9,5.14
2025-12-03 07:00:00-05:00,147.36,132.29,9.51,5.56
2025-12-03 08:00:00-05:00,137.4,124.37,5.94,7.09
2025-12-03 09:00:00-05:00,127.5,104.48,16.65,6.37
2025-12-03 10:00:00-05:00,114.1,91.84,16.66,5.6
2025-12-03 11:00:00-05:00,111.8,89.46,16.79,5.55
2025-12-03 12:00:00-05:00,111.7,90.47,17.07,4.16
2025-12-03 13:00:00-05:00,119.7,87.54,28.13,4.03
2025-12-03 14:00:00-05:00,132.01,88.65,39.37,3.99
2025-12-03 15:00:00-05:00,156.5,102.94,48.82,4.74
2025-12-03 16:00:00-05:00,185.48,124.63,54.87,5.98
2025-12-03 17:00:00-05:00,194.4,144.65,42.38,7.37
2025-12-03 18:00:00-05:00,190.0,126.26,57.3,6.44
2025-12-03 19:00:00-05:00,175.0,117.76,51.0,6.24
2025-12-03 20:00:00-05:00,160.7,98.91,56.65,5.14
2025-12-03 21:00:00-05:00,150.0,92.85,52.32,4.83
2025-12-03 22:00:00-05:00,135.1,87.1,43.73,4.27
2025-12-03 23:00:00-05:00,119.1,80.01,35.17,3.92
2025-12-04 00:00:00-05:00,151.3,75.72,71.65,3.93
2025-12-04 01:00:00-05:00,147.33,70.57,73.16,3.6
2025-12-04 02:00:00-05:00,145.77,70.63,71.61,3.53
2025-12-04 03:00:00-05:00,141.39,71.53,66.29,3.57
2025-12-04 04:00:00-05:00,148.8,71.02,74.37,3.41
2025-12-04 05:00:00-05:00,163.0,71.32,87.97,3.71
2025-12-04 06:00:00-05:00,205.2,93.15,107.3,4.75
2025-12-04 07:00:00-05:00,221.1,122.65,92.32,6.13
2025-12-04 08:00:00-05:00,213.4,118.64,89.18,5.58
2025-12-04 09:00:00-05:00,203.22,112.76,84.94,5.52
2025-12-04 10:00:00-05:00,162.2,111.53,44.98,5.69
2025-12-04 11:00:00-05:00,158.9,102.97,50.68,5.25
2025-12-04 12:00:00-05:00,164.6,100.94,58.41,5.25
2025-12-04 13:00:00-05:00,167.9,100.95,61.7,5.25
2025-12-04 14:00:00-05:00,172.1,103.33,63.4,5.37
2025-12-04 15:00:00-05:00,182.7,121.46,55.17,6.07
2025-12-04 16:00:00-05:00,218.4,155.58,54.73,8.09
2025-12-04 17:00:00-05:00,258.0,174.87,74.39,8.74
2025-12-04 18:00:00-05:00,235.2,168.31,58.48,8.41
2025-12-04 19:00:00-05:00,220.2,157.1,55.25,7.85
2025-12-04 20:00:00-05:00,209.5,153.0,49.16,7.34
2025-12-04 21:00:00-05:00,192.8,137.55,49.05,6.2
2025-12-04 22:00:00-05:00,157.0,133.89,17.36,5.75
2025-12-04 23:00:00-05:00,151.1,124.38,21.12,5.6
2025-12-05 00:00:00-05:00,180.6,168.41,4.6,7.59
2025-12-05 01:00:00-05:00,182.4,143.66,32.71,6.03
2025-12-05 02:00:00-05:00,176.2,127.97,43.11,5.12
2025-12-05 03:00:00-05:00,179.8,125.06,49.99,4.75
2025-12-05 04:00:00-05:00,188.5,123.84,59.83,4.83
2025-12-05 05:00:00-05:00,216.0,133.03,77.38,5.59
2025-12-05 06:00:00-05:00,245.26,167.23,70.0,8.03
2025-12-05 07:00:00-05:00,295.3,204.38,81.94,8.98
2025-12-05 08:00:00-05:00,250.2,180.6,61.11,8.49
2025-12-05 09:00:00-05:00,205.6,161.97,35.54,8.09
2025-12-05 10:00:00-05:00,196.46,135.09,54.62,6.75
2025-12-05 11:00:00-05:00,180.41,124.29,49.78,6.34
2025-12-05 12:00:00-05:00,173.12,116.58,50.6,5.94
2025-12-05 13:00:00-05:00,174.2,113.25,55.18,5.77
2025-12-05 14:00:00-05:00,200.7,126.64,67.73,6.33
2025-12-05 15:00:00-05:00,226.8,156.41,62.73,7.66
2025-12-05 16:00:00-05:00,332.6,185.64,138.05,8.91
2025-12-05 17:00:00-05:00,350.0,221.96,117.61,10.43
2025-12-05 18:00:00-05:00,349.4,196.09,143.9,9.41
2025-12-05 19:00:00-05:00,300.8,178.22,113.67,8.91
2025-12-05 20:00:00-05:00,291.7,162.11,121.65,7.94
2025-12-05 21:00:00-05:00,250.0,132.76,110.74,6.5
2025-12-05 22:00:00-05:00,192.7,140.28,45.69,6.73
2025-12-05 23:00:00-05:00,191.0,133.6,51.12,6.28
2025-12-06 00:00:00-05:00,153.83,124.41,23.33,6.09
2025-12-06 01:00:00-05:00,146.79,113.75,27.69,5.35
2025-12-06 02:00:00-05:00,143.04,106.75,31.27,5.02
2025-12-06 03:00:00-05:00,139.0,98.53,35.94,4.53
2025-12-06 04:00:00-05:00,140.49,103.69,31.93,4.87
2025-12-06 05:00:00-05:00,154.46,102.21,47.45,4.8
2025-12-06 06:00:00-05:00,159.29,111.23,42.61,5.45
2025-12-06 07:00:00-05:00,183.33,117.9,59.77,5.66
2025-12-06 08:00:00-05:00,171.36,132.04,32.72,6.6
2025-12-06 09:00:00-05:00,158.4,129.8,21.98,6.62
2025-12-06 10:00:00-05:00,150.0,122.01,21.77,6.22
2025-12-06 11:00:00-05:00,150.0,119.88,24.13,5.99
2025-12-06 12:00:00-05:00,147.0,116.09,24.99,5.92
2025-12-06 13:00:00-05:00,150.0,112.78,31.25,5.97
2025-12-06 14:00:00-05:00,150.0,110.09,34.41,5.5
2025-12-06 15:00:00-05:00,164.59,117.25,41.48,5.86
2025-12-06 16:00:00-05:00,207.8,143.08,57.14,7.58
2025-12-06 17:00:00-05:00,230.1,153.0,69.0,8.1
2025-12-06 18:00:00-05:00,215.0,149.05,58.2,7.75
2025-12-06 19:00:00-05:00,199.23,137.65,54.43,7.15
2025-12-06 20:00:00-05:00,185.0,132.58,45.66,6.76
2025-12-06 21:00:00-05:00,178.0,120.66,51.19,6.15
2025-12-06 22:00:00-05:00,141.0,119.28,16.11,5.61
2025-12-06 23:00:00-05:00,139.0,113.51,20.27,5.22
2025-12-07 00:00:00-05:00,136.8,122.14,9.65,5.01
2025-12-07 01:00:00-05:00,127.2,115.29,7.29,4.62
2025-12-07 02:00:00-05:00,121.2,110.57,6.2,4.43
2025-12-07 03:00:00-05:00,117.2,109.25,3.69,4.26
2025-12-07 04:00:00-05:00,124.2,114.89,5.06,4.25
2025-12-07 05:00:00-05:00,129.5,112.53,12.93,4.04
2025-12-07 06:00:00-05:00,133.6,115.13,14.21,4.26
2025-12-07 07:00:00-05:00,148.8,120.12,24.48,4.2
2025-12-07 08:00:00-05:00,151.31,120.35,26.75,4.21
2025-12-07 09:00:00-05:00,142.0,121.53,16.1,4.37
2025-12-07 10:00:00-05:00,128.21,123.4,-0.0,4.81
2025-12-07 11:00:00-05:00,129.6,124.61,-0.0,4.99
2025-12-07 12:00:00-05:00,136.08,130.72,-0.0,5.36
2025-12-07 13:00:00-05:00,138.71,132.87,-0.0,5.84
2025-12-07 14:00:00-05:00,146.6,133.24,7.63,5.73
2025-12-07 15:00:00-05:00,162.88,136.7,20.17,6.01
2025-12-07 16:00:00-05:00,201.91,155.89,39.17,6.85
2025-12-07 17:00:00-05:00,235.0,176.62,50.42,7.96
2025-12-07 18:00:00-05:00,221.0,164.84,48.57,7.59
2025-12-07 19:00:00-05:00,195.18,148.62,39.28,7.28
2025-12-07 20:00:00-05:00,178.61,137.9,34.36,6.35
2025-12-07 21:00:00-05:00,172.0,126.62,39.43,5.95
2025-12-07 22:00:00-05:00,146.98,125.76,15.69,5.53
2025-12-07 23:00:00-05:00,145.44,120.72,19.53,5.19
2025-12-08 00:00:00-05:00,167.93,114.75,48.93,4.25
2025-12-08 01:00:00-05:00,152.2,115.9,32.36,3.94
2025-12-08 02:00:00-05:00,144.14,114.29,25.96,3.89
2025-12-08 03:00:00-05:00,147.0,116.23,26.82,3.95
2025-12-08 04:00:00-05:00,150.25,116.39,30.02,3.84
2025-12-08 05:00:00-05:00,164.0,116.68,43.0,4.32
2025-12-08 06:00:00-05:00,195.04,142.0,47.78,5.26
2025-12-08 07:00:00-05:00,228.7,165.28,57.14,6.28
2025-12-08 08:00:00-05:00,213.1,155.04,51.85,6.21
2025-12-08 09:00:00-05:00,176.09,142.39,28.29,5.41
2025-12-08 10:00:00-05:00,160.63,144.99,8.82,6.82
2025-12-08 11:00:00-05:00,153.77,138.97,8.27,6.53
2025-12-08 12:00:00-05:00,149.1,132.9,9.95,6.25
2025-12-08 13:00:00-05:00,154.93,134.01,14.62,6.3
2025-12-08 14:00:00-05:00,180.86,142.57,31.59,6.7
2025-12-08 15:00:00-05:00,230.77,165.41,58.25,7.11
2025-12-08 16:00:00-05:00,284.11,195.41,80.88,7.82
2025-12-08 17:00:00-05:00,278.0,238.55,29.67,9.78
2025-12-08 18:00:00-05:00,266.34,233.34,23.66,9.34
2025-12-08 19:00:00-05:00,255.2,196.92,50.2,8.08
2025-12-08 20:00:00-05:00,249.0,185.37,55.85,7.78
2025-12-08 21:00:00-05:00,220.0,175.28,36.65,8.07
2025-12-08 22:00:00-05:00,187.62,163.0,17.78,6.84
2025-12-08 23:00:00-05:00,198.2,156.65,34.49,7.06
2025-12-09 00:00:00-05:00,156.5,148.62,1.78,6.1
2025-12-09 01:00:00-05:00,155.3,135.43,14.32,5.55
2025-12-09 02:00:00-05:00,153.8,131.35,17.33,5.12
2025-12-09 03:00:00-05:00,154.9,132.65,16.81,5.44
2025-12-09 04:00:00-05:00,156.4,131.64,19.63,5.13
2025-12-09 05:00:00-05:00,168.6,137.93,24.74,5.93
2025-12-09 06:00:00-05:00,194.8,164.78,22.6,7.42
2025-12-09 07:00:00-05:00,235.0,208.32,17.73,8.95
2025-12-09 08:00:00-05:00,207.58,190.21,8.8,8.57
2025-12-09 09:00:00-05:00,171.0,163.17,-0.0,7.83
2025-12-09 10:00:00-05:00,161.78,154.37,-0.0,7.41
2025-12-09 11:00:00-05:00,156.7,142.15,7.16,7.39
2025-12-09 12:00:00-05:00,153.3,137.92,8.21,7.17
2025-12-09 13:00:00-05:00,153.8,130.12,16.92,6.76
2025-12-09 14:00:00-05:00,165.9,137.12,21.65,7.13
2025-12-09 15:00:00-05:00,188.86,139.19,42.58,7.09
2025-12-09 16:00:00-05:00,234.73,154.59,72.11,8.03
2025-12-09 17:00:00-05:00,252.57,181.28,62.23,9.06
2025-12-09 18:00:00-05:00,256.26,162.2,85.31,8.75
2025-12-09 19:00:00-05:00,245.88,143.56,94.57,7.75
2025-12-09 20:00:00-05:00,225.15,138.06,79.64,7.45
2025-12-09 21:00:00-05:00,217.29,126.15,84.33,6.81
2025-12-09 22:00:00-05:00,172.0,128.19,36.89,6.92
2025-12-09 23:00:00-05:00,163.0,118.04,38.83,6.13
2025-12-10 00:00:00-05:00,151.26,116.36,29.08,5.82
2025-12-10 01:00:00-05:00,144.0,110.94,27.52,5.54
2025-12-10 02:00:00-05:00,139.6,109.56,24.67,5.37
2025-12-10 03:00:00-05:00,139.6,103.65,30.97,4.98
2025-12-10 04:00:00-05:00,143.1,103.27,34.98,4.85
2025-12-10 05:00:00-05:00,152.31,107.14,39.82,5.35
2025-12-10 06:00:00-05:00,183.9,118.65,59.2,6.05
2025-12-10 07:00:00-05:00,198.8,149.52,41.96,7.32
2025-12-10 08:00:00-05:00,191.29,142.62,41.54,7.13
2025-12-10 09:00:00-05:00,175.95,147.63,20.8,7.52
2025-12-10 10:00:00-05:00,158.0,127.68,24.19,6.13
2025-12-10 11:00:00-05:00,160.0,130.44,23.17,6.39
2025-12-10 12:00:00-05:00,153.92,122.3,25.63,5.99
2025-12-10 13:00:00-05:00,153.0,114.98,32.39,5.63
2025-12-10 14:00:00-05:00,150.0,116.76,27.29,5.95
2025-12-10 15:00:00-05:00,161.12,117.13,38.14,5.85
2025-12-10 16:00:00-05:00,183.9,128.54,48.94,6.42
2025-12-10 17:00:00-05:00,196.9,145.12,44.53,7.25
2025-12-10 18:00:00-05:00,190.34,126.96,56.78,6.6
2025-12-10 19:00:00-05:00,161.51,120.03,35.48,6.0
2025-12-10 20:00:00-05:00,148.7,112.92,29.69,6.09
2025-12-10 21:00:00-05:00,137.79,101.67,30.53,5.59
2025-12-10 22:00:00-05:00,115.0,96.33,13.76,4.91
2025-12-10 23:00:00-05:00,118.13,93.19,20.28,4.66
2025-12-11 00:00:00-05:00,143.33,84.03,55.69,3.61
2025-12-11 01:00:00-05:00,150.0,81.18,65.33,3.49
2025-12-11 02:00:00-05:00,149.96,78.44,68.3,3.22
2025-12-11 03:00:00-05:00,153.38,78.48,71.6,3.3
2025-12-11 04:00:00-05:00,150.0,82.2,64.35,3.45
2025-12-11 05:00:00-05:00,162.3,82.02,76.76,3.52
2025-12-11 06:00:00-05:00,185.0,106.72,72.95,5.33
2025-12-11 07:00:00-05:00,204.88,119.9,79.58,5.4
2025-12-11 08:00:00-05:00,181.45,117.89,58.02,5.54
2025-12-11 09:00:00-05:00,162.0,113.24,43.32,5.44
2025-12-11 10:00:00-05:00,157.0,117.34,33.8,5.86
2025-12-11 11:00:00-05:00,153.49,113.12,34.72,5.65
2025-12-11 12:00:00-05:00,149.48,111.64,32.15,5.69
2025-12-11 13:00:00-05:00,150.24,110.37,34.02,5.85
2025-12-11 14:00:00-05:00,159.04,114.36,38.39,6.29
2025-12-11 15:00:00-05:00,187.1,121.65,59.13,6.32
2025-12-11 16:00:00-05:00,215.0,155.71,50.89,8.4
2025-12-11 17:00:00-05:00,218.0,181.12,26.74,10.14
2025-12-11 18:00:00-05:00,210.56,170.34,30.86,9.36
2025-12-11 19:00:00-05:00,192.0,157.58,25.44,8.98
2025-12-11 20:00:00-05:00,191.0,143.75,39.78,7.47
2025-12-11 21:00:00-05:00,175.0,128.46,39.61,6.93
2025-12-11 22:00:00-05:00,153.77,116.15,32.16,5.46
2025-12-11 23:00:00-05:00,152.7,111.57,35.55,5.58
2025-12-12 00:00:00-05:00,146.9,107.62,34.87,4.41
2025-12-12 01:00:00-05:00,143.7,103.96,35.69,4.05
2025-12-12 02:00:00-05:00,139.5,99.42,36.3,3.78
2025-12-12 03:00:00-05:00,141.7,102.01,35.81,3.88
2025-12-12 04:00:00-05:00,146.4,101.58,41.06,3.76
2025-12-12 05:00:00-05:00,160.0,99.05,57.19,3.76
2025-12-12 06:00:00-05:00,173.0,126.58,41.49,4.93
2025-12-12 07:00:00-05:00,192.7,171.83,14.34,6.53
2025-12-12 08:00:00-05:00,173.82,159.93,7.81,6.08
2025-12-12 09:00:00-05:00,146.25,132.63,8.45,5.17
2025-12-12 10:00:00-05:00,138.1,122.27,10.93,4.9
2025-12-12 11:00:00-05:00,129.7,120.71,4.29,4.7
2025-12-12 12:00:00-05:00,129.3,115.61,8.95,4.74
2025-12-12 13:00:00-05:00,124.72,119.9,0.02,4.8
2025-12-12 14:00:00-05:00,138.36,121.16,12.35,4.85
2025-12-12 15:00:00-05:00,161.9,136.3,20.42,5.18
2025-12-12 16:00:00-05:00,192.45,153.77,31.3,7.38
2025-12-12 17:00:00-05:00,208.92,166.3,34.47,8.15
2025-12-12 18:00:00-05:00,204.9,156.71,40.51,7.68
2025-12-12 19:00:00-05:00,198.4,156.45,34.59,7.36
2025-12-12 20:00:00-05:00,188.31,149.87,32.89,5.55
2025-12-12 21:00:00-05:00,167.53,132.46,30.56,4.51
2025-12-12 22:00:00-05:00,142.85,134.51,4.04,4.3
2025-12-12 23:00:00-05:00,137.3,128.8,4.38,4.12
2025-12-13 00:00:00-05:00,133.03,109.83,19.03,4.17
2025-12-13 01:00:00-05:00,131.47,106.19,21.14,4.14
2025-12-13 02:00:00-05:00,130.43,93.31,33.58,3.54
2025-12-13 03:00:00-05:00,129.52,91.79,34.33,3.4
2025-12-13 04:00:00-05:00,133.01,90.45,39.04,3.52
2025-12-13 05:00:00-05:00,138.37,91.56,43.24,3.57
2025-12-13 06:00:00-05:00,150.0,96.89,49.04,4.07
2025-12-13 07:00:00-05:00,163.55,100.07,59.08,4.4
2025-12-13 08:00:00-05:00,156.74,102.19,49.95,4.6
2025-12-13 09:00:00-05:00,150.0,103.66,41.57,4.77
2025-12-13 10:00:00-05:00,150.0,113.26,31.3,5.44
2025-12-13 11:00:00-05:00,150.0,109.0,35.66,5.34
2025-12-13 12:00:00-05:00,150.0,106.52,38.26,5.22
2025-12-13 13:00:00-05:00,149.25,109.78,34.09,5.38
2025-12-13 14:00:00-05:00,150.0,105.27,39.47,5.26
2025-12-13 15:00:00-05:00,162.51,107.88,49.45,5.18
2025-12-13 16:00:00-05:00,184.87,124.01,55.03,5.83
2025-12-13 17:00:00-05:00,202.58,136.93,59.63,6.02
2025-12-13 18:00:00-05:00,189.15,127.33,56.09,5.73
2025-12-13 19:00:00-05:00,181.06,120.64,55.24,5.18
2025-12-13 20:00:00-05:00,178.0,121.21,52.07,4.72
2025-12-13 21:00:00-05:00,166.71,117.1,44.92,4.69
2025-12-13 22:00:00-05:00,152.09,114.43,33.31,4.35
2025-12-13 23:00:00-05:00,143.98,111.62,28.01,4.35
2025-12-14 00:00:00-05:00,144.1,116.38,23.19,4.53
2025-12-14 01:00:00-05:00,142.09,112.98,24.82,4.29
2025-12-14 02:00:00-05:00,137.0,107.93,24.86,4.21
2025-12-14 03:00:00-05:00,137.0,101.82,31.21,3.97
2025-12-14 04:00:00-05:00,140.4,104.75,31.67,3.98
2025-12-14 05:00:00-05:00,144.5,107.78,32.73,3.99
2025-12-14 06:00:00-05:00,142.43,107.19,30.95,4.29
2025-12-14 07:00:00-05:00,164.13,112.95,46.66,4.52
2025-12-14 08:00:00-05:00,165.79,115.64,45.52,4.63
2025-12-14 09:00:00-05:00,156.1,116.81,34.74,4.55
2025-12-14 10:00:00-05:00,164.5,130.57,28.45,5.48
2025-12-14 11:00:00-05:00,155.8,129.91,20.56,5.33
2025-12-14 12:00:00-05:00,150.8,126.75,18.6,5.45
2025-12-14 13:00:00-05:00,151.1,130.79,14.56,5.75
2025-12-14 14:00:00-05:00,165.7,134.89,24.88,5.93
2025-12-14 15:00:00-05:00,179.25,145.5,27.35,6.4
2025-12-14 16:00:00-05:00,224.02,159.79,57.21,7.02
2025-12-14 17:00:00-05:00,246.5,186.79,52.05,7.66
2025-12-14 18:00:00-05:00,229.32,177.23,44.47,7.62
2025-12-14 19:00:00-05:00,208.5,165.12,36.29,7.09
2025-12-14 20:00:00-05:00,195.04,156.31,31.86,6.87
2025-12-14 21:00:00-05:00,179.5,143.35,29.27,6.88
2025-12-14 22:00:00-05:00,165.0,143.68,14.28,7.04
2025-12-14 23:00:00-05:00,162.9,135.51,21.29,6.1
2025-12-15 00:00:00-05:00,150.0,133.6,9.99,6.41
2025-12-15 01:00:00-05:00,150.0,128.21,15.89,5.9
2025-12-15 02:00:00-05:00,146.6,125.93,15.0,5.67
2025-12-15 03:00:00-05:00,145.7,126.17,13.85,5.68
2025-12-15 04:00:00-05:00,150.0,125.68,18.8,5.52
2025-12-15 05:00:00-05:00,165.0,133.35,25.64,6.01
2025-12-15 06:00:00-05:00,183.8,153.0,23.15,7.65
2025-12-15 07:00:00-05:00,216.8,198.4,9.46,8.94
2025-12-15 08:00:00-05:00,195.0,171.6,15.5,7.9
2025-12-15 09:00:00-05:00,159.03,151.75,-0.0,7.28
2025-12-15 10:00:00-05:00,158.29,151.18,-0.0,7.11
2025-12-15 11:00:00-05:00,151.67,144.86,-0.0,6.81
2025-12-15 12:00:00-05:00,149.1,142.14,-0.0,6.96
2025-12-15 13:00:00-05:00,152.4,143.01,2.24,7.15
2025-12-15 14:00:00-05:00,165.97,145.98,13.13,6.86
2025-12-15 15:00:00-05:00,184.32,152.43,25.02,6.87
2025-12-15 16:00:00-05:00,239.51,178.89,52.76,7.86
2025-12-15 17:00:00-05:00,250.0,207.78,33.9,8.32
2025-12-15 18:00:00-05:00,247.6,188.4,51.29,7.91
2025-12-15 19:00:00-05:00,233.9,179.57,46.79,7.54
2025-12-15 20:00:00-05:00,221.05,154.49,58.68,7.88
2025-12-15 21:00:00-05:00,187.2,145.67,34.68,6.85
2025-12-15 22:00:00-05:00,157.71,145.8,5.34,6.57
2025-12-15 23:00:00-05:00,154.0,138.17,10.03,5.8
2025-12-16 00:00:00-05:00,150.12,130.88,13.49,5.75
2025-12-16 01:00:00-05:00,150.0,125.43,19.3,5.27
2025-12-16 02:00:00-05:00,147.0,123.34,18.36,5.3
2025-12-16 03:00:00-05:00,148.8,123.86,19.74,5.2
2025-12-16 04:00:00-05:00,152.6,124.2,23.18,5.22
2025-12-16 05:00:00-05:00,160.0,126.12,28.2,5.68
2025-12-16 06:00:00-05:00,189.8,140.05,43.6,6.15
2025-12-16 07:00:00-05:00,222.2,195.2,18.42,8.58
2025-12-16 08:00:00-05:00,199.05,167.9,24.1,7.05
2025-12-16 09:00:00-05:00,157.97,145.48,5.94,6.55
2025-12-16 10:00:00-05:00,133.3,125.43,2.1,5.77
2025-12-16 11:00:00-05:00,127.71,118.77,3.36,5.58
2025-12-16 12:00:00-05:00,125.0,117.4,1.73,5.87
2025-12-16 13:00:00-05:00,128.9,116.65,6.42,5.83
2025-12-16 14:00:00-05:00,138.36,119.73,13.12,5.51
2025-12-16 15:00:00-05:00,161.9,125.12,31.28,5.5
2025-12-16 16:00:00-05:00,210.0,158.17,44.55,7.28
2025-12-16 17:00:00-05:00,228.6,175.0,45.72,7.88
2025-12-16 18:00:00-05:00,219.7,142.16,70.44,7.1
2025-12-16 19:00:00-05:00,210.6,125.09,79.38,6.13
2025-12-16 20:00:00-05:00,200.2,110.21,84.59,5.4
2025-12-16 21:00:00-05:00,181.9,91.01,86.43,4.46
2025-12-16 22:00:00-05:00,153.8,92.37,56.9,4.53
2025-12-16 23:00:00-05:00,150.0,93.21,52.5,4.29
2025-12-17 00:00:00-05:00,149.35,86.94,58.15,4.26
2025-12-17 01:00:00-05:00,140.28,87.29,48.8,4.19
2025-12-17 02:00:00-05:00,150.0,77.31,68.9,3.79
2025-12-17 03:00:00-05:00,135.97,77.5,54.75,3.72
2025-12-17 04:00:00-05:00,144.26,82.28,58.03,3.95
2025-12-17 05:00:00-05:00,150.0,70.23,76.4,3.37
2025-12-17 06:00:00-05:00,163.66,92.61,66.61,4.44
2025-12-17 07:00:00-05:00,190.51,82.94,103.59,3.98
2025-12-17 08:00:00-05:00,173.82,88.84,80.72,4.26
2025-12-17 09:00:00-05:00,150.0,94.03,51.27,4.7
2025-12-17 10:00:00-05:00,118.22,84.31,30.03,3.88
2025-12-17 11:00:00-05:00,115.38,82.73,28.76,3.89
2025-12-17 12:00:00-05:00,114.54,79.67,31.2,3.67
2025-12-17 13:00:00-05:00,117.85,78.55,35.53,3.77
2025-12-17 14:00:00-05:00,123.62,79.29,40.76,3.57
2025-12-17 15:00:00-05:00,137.0,93.12,39.79,4.09
2025-12-17 16:00:00-05:00,150.0,103.42,42.03,4.55
2025-12-17 17:00:00-05:00,165.5,121.58,38.81,5.11
2025-12-17 18:00:00-05:00,151.25,116.12,30.03,5.1
2025-12-17 19:00:00-05:00,140.0,111.16,23.83,5.01
2025-12-17 20:00:00-05:00,130.9,109.72,16.47,4.71
2025-12-17 21:00:00-05:00,117.0,90.13,23.0,3.87
2025-12-17 22:00:00-05:00,108.5,94.22,10.51,3.77
2025-12-17 23:00:00-05:00,103.0,79.88,20.16,2.96
2025-12-18 00:00:00-05:00,67.72,65.75,-0.0,1.97
2025-12-18 01:00:00-05:00,63.51,61.96,-0.0,1.55
2025-12-18 02:00:00-05:00,58.6,57.06,-0.0,1.54
2025-12-18 03:00:00-05:00,59.21,57.49,-0.0,1.72
2025-12-18 04:00:00-05:00,70.0,56.49,11.59,1.92
2025-12-18 05:00:00-05:00,79.8,58.25,19.34,2.21
2025-12-18 06:00:00-05:00,100.07,62.93,34.81,2.33
2025-12-18 07:00:00-05:00,123.9,72.74,48.69,2.47
2025-12-18 08:00:00-05:00,102.55,64.24,36.0,2.31
2025-12-18 09:00:00-05:00,87.28,57.99,27.32,1.97
2025-12-18 10:00:00-05:00,62.45,56.5,3.92,2.03
2025-12-18 11:00:00-05:00,59.59,53.08,4.65,1.86
2025-12-18 12:00:00-05:00,59.6,50.22,7.62,1.76
2025-12-18 13:00:00-05:00,70.73,50.91,17.94,1.88
2025-12-18 14:00:00-05:00,74.1,54.3,17.79,2.01
2025-12-18 15:00:00-05:00,86.31,59.56,24.49,2.26
2025-12-18 16:00:00-05:00,109.33,66.59,40.21,2.53
2025-12-18 17:00:00-05:00,119.9,71.97,45.34,2.59
2025-12-18 18:00:00-05:00,102.31,68.91,30.85,2.55
2025-12-18 19:00:00-05:00,97.82,62.68,32.76,2.38
2025-12-18 20:00:00-05:00,95.47,60.22,32.9,2.35
2025-12-18 21:00:00-05:00,92.07,56.08,33.8,2.19
2025-12-18 22:00:00-05:00,76.74,50.22,24.51,2.01
2025-12-18 23:00:00-05:00,68.91,45.29,21.72,1.9
2025-12-19 00:00:00-05:00,81.8,39.67,40.46,1.67
2025-12-19 01:00:00-05:00,80.43,38.13,40.7,1.6
2025-12-19 02:00:00-05:00,71.29,37.19,32.57,1.53
2025-12-19 03:00:00-05:00,66.47,36.61,28.32,1.54
2025-12-19 04:00:00-05:00,70.69,35.3,33.91,1.48
2025-12-19 05:00:00-05:00,82.39,37.02,43.74,1.63
2025-12-19 06:00:00-05:00,87.48,42.83,42.81,1.84
2025-12-19 07:00:00-05:00,100.63,49.15,49.46,2.02
2025-12-19 08:00:00-05:00,90.0,52.63,35.16,2.21
2025-12-19 09:00:00-05:00,82.95,54.18,26.55,2.22
2025-12-19 10:00:00-05:00,78.12,53.01,23.04,2.07
2025-12-19 11:00:00-05:00,80.43,51.8,26.61,2.02
2025-12-19 12:00:00-05:00,76.34,50.42,23.96,1.96
2025-12-19 13:00:00-05:00,77.78,47.91,27.9,1.97
2025-12-19 14:00:00-05:00,77.96,46.23,29.88,1.85
2025-12-19 15:00:00-05:00,85.03,50.93,32.12,1.98
2025-12-19 16:00:00-05:00,112.19,61.04,48.65,2.5
2025-12-19 17:00:00-05:00,114.27,71.54,39.94,2.79
2025-12-19 18:00:00-05:00,106.97,66.12,38.07,2.78
2025-12-19 19:00:00-05:00,98.51,60.75,35.21,2.55
2025-12-19 20:00:00-05:00,70.81,59.44,8.52,2.85
2025-12-19 21:00:00-05:00,71.05,56.09,12.38,2.58
2025-12-19 22:00:00-05:00,65.6,52.58,10.65,2.37
2025-12-19 23:00:00-05:00,65.0,50.25,12.79,1.96
2025-12-20 00:00:00-05:00,81.8,48.87,30.88,2.05
2025-12-20 01:00:00-05:00,78.72,47.12,29.67,1.93
2025-12-20 02:00:00-05:00,69.39,45.5,21.98,1.91
2025-12-20 03:00:00-05:00,59.0,44.86,12.3,1.84
2025-12-20 04:00:00-05:00,59.0,46.33,10.86,1.81
2025-12-20 05:00:00-05:00,69.85,45.91,22.2,1.74
2025-12-20 06:00:00-05:00,66.7,53.56,11.05,2.09
2025-12-20 07:00:00-05:00,66.6,58.69,5.56,2.35
2025-12-20 08:00:00-05:00,64.6,61.69,0.63,2.28
2025-12-20 09:00:00-05:00,60.28,51.33,7.1,1.85
2025-12-20 10:00:00-05:00,56.33,57.99,-4.21,2.55
2025-12-20 11:00:00-05:00,54.68,52.32,-0.0,2.36
2025-12-20 12:00:00-05:00,55.29,52.76,-0.0,2.53
2025-12-20 13:00:00-05:00,56.17,53.6,-0.0,2.57
2025-12-20 14:00:00-05:00,61.31,55.4,3.2,2.71
2025-12-20 15:00:00-05:00,74.2,57.31,14.03,2.86
2025-12-20 16:00:00-05:00,105.2,69.31,32.63,3.26
2025-12-20 17:00:00-05:00,111.7,75.69,32.45,3.56
2025-12-20 18:00:00-05:00,108.6,67.79,37.49,3.32
2025-12-20 19:00:00-05:00,96.0,64.0,28.67,3.33
2025-12-20 20:00:00-05:00,91.3,54.88,33.51,2.91
2025-12-20 21:00:00-05:00,84.5,52.03,29.71,2.76
2025-12-20 22:00:00-05:00,76.6,53.28,20.5,2.82
2025-12-20 23:00:00-05:00,68.1,52.8,12.56,2.74
2025-12-21 00:00:00-05:00,73.62,51.14,19.92,2.56
2025-12-21 01:00:00-05:00,62.44,47.79,12.26,2.39
2025-12-21 02:00:00-05:00,60.48,44.82,13.46,2.2
2025-12-21 03:00:00-05:00,57.85,42.52,13.2,2.13
2025-12-21 04:00:00-05:00,58.81,42.87,13.8,2.14
2025-12-21 05:00:00-05:00,59.79,43.27,14.36,2.16
2025-12-21 06:00:00-05:00,65.85,46.3,17.24,2.31
2025-12-21 07:00:00-05:00,73.48,50.95,20.08,2.45
2025-12-21 08:00:00-05:00,64.54,50.88,11.27,2.39
2025-12-21 09:00:00-05:00,65.46,49.28,13.86,2.32
2025-12-21 10:00:00-05:00,63.28,48.24,12.77,2.27
2025-12-21 11:00:00-05:00,59.88,46.6,11.04,2.24
2025-12-21 12:00:00-05:00,57.01,46.12,8.63,2.26
2025-12-21 13:00:00-05:00,55.12,45.91,6.92,2.29
2025-12-21 14:00:00-05:00,68.88,53.41,12.8,2.67
2025-12-21 15:00:00-05:00,79.0,58.08,18.13,2.79
2025-12-21 16:00:00-05:00,100.67,69.72,27.81,3.14
2025-12-21 17:00:00-05:00,112.46,79.55,29.72,3.19
2025-12-21 18:00:00-05:00,102.5,72.71,26.81,2.98
2025-12-21 19:00:00-05:00,87.74,71.02,13.74,2.98
2025-12-21 20:00:00-05:00,88.25,66.61,18.91,2.73
2025-12-21 21:00:00-05:00,78.0,63.38,12.02,2.6
2025-12-21 22:00:00-05:00,71.36,68.07,0.5,2.79
2025-12-21 23:00:00-05:00,63.96,61.86,-0.0,2.1
2025-12-22 00:00:00-05:00,67.85,63.11,2.59,2.15
2025-12-22 01:00:00-05:00,62.5,60.22,0.17,2.11
2025-12-22 02:00:00-05:00,62.3,58.11,2.28,1.91
2025-12-22 03:00:00-05:00,60.21,58.12,-0.0,2.09
2025-12-22 04:00:00-05:00,63.27,59.27,1.98,2.02
2025-12-22 05:00:00-05:00,67.78,60.63,5.09,2.06
2025-12-22 06:00:00-05:00,84.13,80.68,0.38,3.07
2025-12-22 07:00:00-05:00,101.16,97.83,-0.0,3.33
2025-12-22 08:00:00-05:00,94.72,92.21,-1.18,3.69
2025-12-22 09:00:00-05:00,78.27,67.09,8.77,2.41
2025-12-22 10:00:00-05:00,70.0,67.44,-0.0,2.56
2025-12-22 11:00:00-05:00,65.39,62.94,-0.0,2.45
2025-12-22 12:00:00-05:00,64.4,60.99,1.03,2.38
2025-12-22 13:00:00-05:00,64.42,62.0,-0.0,2.42
2025-12-22 14:00:00-05:00,73.04,70.43,-0.0,2.61
2025-12-22 15:00:00-05:00,81.14,77.16,1.21,2.77
2025-12-22 16:00:00-05:00,108.25,95.5,9.6,3.15
2025-12-22 17:00:00-05:00,109.57,106.38,-0.0,3.19
2025-12-22 18:00:00-05:00,108.0,99.65,5.26,3.09
2025-12-22 19:00:00-05:00,102.8,95.43,4.41,2.96
2025-12-22 20:00:00-05:00,93.0,77.36,13.32,2.32
2025-12-22 21:00:00-05:00,88.0,73.37,12.28,2.35
2025-12-22 22:00:00-05:00,81.0,71.41,7.24,2.35
2025-12-22 23:00:00-05:00,72.96,67.73,3.0,2.23
2025-12-23 00:00:00-05:00,59.9,57.88,-0.0,2.02
2025-12-23 01:00:00-05:00,61.2,55.76,3.38,2.06
2025-12-23 02:00:00-05:00,58.18,51.76,4.61,1.81
2025-12-23 03:00:00-05:00,51.54,49.84,-0.0,1.7
2025-12-23 04:00:00-05:00,58.4,52.36,4.21,1.83
2025-12-23 05:00:00-05:00,66.2,56.7,7.17,2.33
2025-12-23 06:00:00-05:00,72.91,63.67,6.69,2.55
2025-12-23 07:00:00-05:00,89.0,69.97,16.3,2.73
2025-12-23 08:00:00-05:00,78.8,71.99,3.86,2.95
2025-12-23 09:00:00-05:00,78.47,79.09,-3.55,2.93
2025-12-23 10:00:00-05:00,77.79,75.01,-0.0,2.78
2025-12-23 11:00:00-05:00,75.02,72.42,-0.0,2.6
2025-12-23 12:00:00-05:00,69.6,67.12,-0.0,2.48
2025-12-23 13:00:00-05:00,69.27,66.87,-0.0,2.4
2025-12-23 14:00:00-05:00,72.46,67.97,2.11,2.38
2025-12-23 15:00:00-05:00,73.87,64.66,6.95,2.26
2025-12-23 16:00:00-05:00,93.45,68.79,22.25,2.41
2025-12-23 17:00:00-05:00,103.0,75.68,24.52,2.8
2025-12-23 18:00:00-05:00,96.19,67.72,25.96,2.51
2025-12-23 19:00:00-05:00,90.0,61.45,26.09,2.46
2025-12-23 20:00:00-05:00,85.35,60.54,22.39,2.42
2025-12-23 21:00:00-05:00,70.3,57.35,10.37,2.58
2025-12-23 22:00:00-05:00,70.16,52.67,15.17,2.32
2025-12-23 23:00:00-05:00,66.07,50.85,12.93,2.29
2025-12-24 00:00:00-05:00,93.99,45.72,46.35,1.92
2025-12-24 01:00:00-05:00,91.47,41.83,47.97,1.67
2025-12-24 02:00:00-05:00,83.29,38.84,42.89,1.56
2025-12-24 03:00:00-05:00,71.01,38.22,31.26,1.53
2025-12-24 04:00:00-05:00,81.8,38.21,42.14,1.45
2025-12-24 05:00:00-05:00,90.0,42.7,45.46,1.84
2025-12-24 06:00:00-05:00,85.36,52.83,30.31,2.22
2025-12-24 07:00:00-05:00,95.07,58.84,33.82,2.41
2025-12-24 08:00:00-05:00,88.17,58.74,27.02,2.41
2025-12-24 09:00:00-05:00,79.27,55.93,21.16,2.18
2025-12-24 10:00:00-05:00,79.0,55.65,21.18,2.17
2025-12-24 11:00:00-05:00,71.02,53.96,15.01,2.05
2025-12-24 12:00:00-05:00,62.4,52.11,8.26,2.03
2025-12-24 13:00:00-05:00,65.2,55.14,7.91,2.15
2025-12-24 14:00:00-05:00,67.5,59.33,6.04,2.13
2025-12-24 15:00:00-05:00,76.8,60.78,13.95,2.07
2025-12-24 16:00:00-05:00,90.0,68.53,19.55,1.92
2025-12-24 17:00:00-05:00,96.8,82.45,11.79,2.56
2025-12-24 18:00:00-05:00,90.0,69.15,18.64,2.21
2025-12-24 19:00:00-05:00,87.0,66.07,18.88,2.05
2025-12-24 20:00:00-05:00,85.2,62.49,20.52,2.19
2025-12-24 21:00:00-05:00,83.0,59.57,21.22,2.21
2025-12-24 22:00:00-05:00,79.0,58.96,17.8,2.24
2025-12-24 23:00:00-05:00,75.2,55.68,17.57,1.95
2025-12-25 00:00:00-05:00,82.0,49.83,30.17,2.0
2025-12-25 01:00:00-05:00,84.3,46.14,36.31,1.85
2025-12-25 02:00:00-05:00,78.2,44.78,31.54,1.88
2025-12-25 03:00:00-05:00,75.4,41.6,32.13,1.67
2025-12-25 04:00:00-05:00,77.7,41.33,34.76,1.61
2025-12-25 05:00:00-05:00,83.4,42.92,38.76,1.72
2025-12-25 06:00:00-05:00,82.4,46.55,33.85,2.0
2025-12-25 07:00:00-05:00,86.7,47.32,37.39,1.99
2025-12-25 08:00:00-05:00,87.7,49.71,35.95,2.04
2025-12-25 09:00:00-05:00,85.7,47.74,35.76,2.2
2025-12-25 10:00:00-05:00,88.8,52.15,34.25,2.4
2025-12-25 11:00:00-05:00,71.15,47.63,21.38,2.14
2025-12-25 12:00:00-05:00,67.8,47.04,18.59,2.17
2025-12-25 13:00:00-05:00,68.1,44.97,21.1,2.03
2025-12-25 14:00:00-05:00,74.2,45.0,27.17,2.03
2025-12-25 15:00:00-05:00,73.01,49.46,21.22,2.33
2025-12-25 16:00:00-05:00,79.58,54.28,22.85,2.45
2025-12-25 17:00:00-05:00,87.1,59.19,25.19,2.72
2025-12-25 18:00:00-05:00,82.0,56.0,23.37,2.63
2025-12-25 19:00:00-05:00,80.0,54.67,22.81,2.52
2025-12-25 20:00:00-05:00,83.7,54.55,26.81,2.34
2025-12-25 21:00:00-05:00,78.0,54.04,21.64,2.32
2025-12-25 22:00:00-05:00,75.0,56.42,16.27,2.31
2025-12-25 23:00:00-05:00,72.0,53.58,16.33,2.09
2025-12-26 00:00:00-05:00,91.64,64.34,24.72,2.58
2025-12-26 01:00:00-05:00,92.82,58.37,32.18,2.27
2025-12-26 02:00:00-05:00,75.8,54.03,19.72,2.05
2025-12-26 03:00:00-05:00,84.58,54.0,28.58,2.0
2025-12-26 04:00:00-05:00,80.6,53.63,24.98,1.99
2025-12-26 05:00:00-05:00,95.12,60.84,31.97,2.31
2025-12-26 06:00:00-05:00,100.0,68.46,28.8,2.74
2025-12-26 07:00:00-05:00,124.3,77.78,43.25,3.27
2025-12-26 08:00:00-05:00,95.8,78.86,13.47,3.47
2025-12-26 09:00:00-05:00,98.44,75.87,19.24,3.33
2025-12-26 10:00:00-05:00,123.31,76.77,43.24,3.3
2025-12-26 11:00:00-05:00,115.4,86.93,24.47,4.0
2025-12-26 12:00:00-05:00,114.18,83.06,27.47,3.65
2025-12-26 13:00:00-05:00,119.4,80.4,35.38,3.62
2025-12-26 14:00:00-05:00,127.64,82.06,41.8,3.78
2025-12-26 15:00:00-05:00,139.63,82.06,53.71,3.86
2025-12-26 16:00:00-05:00,159.33,92.05,62.95,4.33
2025-12-26 17:00:00-05:00,174.6,106.98,62.49,5.13
2025-12-26 18:00:00-05:00,152.4,100.84,46.72,4.84
2025-12-26 19:00:00-05:00,152.77,93.6,54.68,4.49
2025-12-26 20:00:00-05:00,153.78,92.04,57.41,4.33
2025-12-26 21:00:00-05:00,140.2,81.93,54.42,3.85
2025-12-26 22:00:00-05:00,137.99,77.71,56.78,3.5
2025-12-26 23:00:00-05:00,125.1,79.37,42.16,3.57
2025-12-27 00:00:00-05:00,131.95,81.33,47.2,3.42
2025-12-27 01:00:00-05:00,127.9,70.03,55.07,2.8
2025-12-27 02:00:00-05:00,120.3,68.39,49.31,2.6
2025-12-27 03:00:00-05:00,119.28,65.95,50.89,2.44
2025-12-27 04:00:00-05:00,120.0,66.6,50.93,2.47
2025-12-27 05:00:00-05:00,128.0,69.1,56.21,2.69
2025-12-27 06:00:00-05:00,116.64,71.32,42.39,2.93
2025-12-27 07:00:00-05:00,121.6,70.72,48.19,2.69
2025-12-27 08:00:00-05:00,123.04,79.24,40.63,3.17
2025-12-27 09:00:00-05:00,114.2,92.28,18.04,3.88
2025-12-27 10:00:00-05:00,124.05,89.24,31.33,3.48
2025-12-27 11:00:00-05:00,121.08,94.18,23.23,3.67
2025-12-27 12:00:00-05:00,117.0,83.55,30.19,3.26
2025-12-27 13:00:00-05:00,109.4,76.15,30.43,2.82
2025-12-27 14:00:00-05:00,112.8,76.2,33.78,2.82
2025-12-27 15:00:00-05:00,125.6,82.12,40.44,3.04
2025-12-27 16:00:00-05:00,149.2,94.45,50.97,3.78
2025-12-27 17:00:00-05:00,150.0,108.9,36.74,4.36
2025-12-27 18:00:00-05:00,136.46,98.01,34.43,4.02
2025-12-27 19:00:00-05:00,135.0,91.05,40.22,3.73
2025-12-27 20:00:00-05:00,136.14,87.31,45.43,3.4
2025-12-27 21:00:00-05:00,136.8,82.91,50.57,3.32
2025-12-27 22:00:00-05:00,127.9,86.89,37.79,3.22
2025-12-27 23:00:00-05:00,126.0,86.76,35.86,3.38
2025-12-28 00:00:00-05:00,115.44,107.63,3.18,4.63
2025-12-28 01:00:00-05:00,111.9,91.58,16.39,3.93
2025-12-28 02:00:00-05:00,109.71,79.29,27.17,3.25
2025-12-28 03:00:00-05:00,111.0,79.21,28.54,3.25
2025-12-28 04:00:00-05:00,109.28,79.21,26.82,3.25
2025-12-28 05:00:00-05:00,112.5,86.52,22.52,3.46
2025-12-28 06:00:00-05:00,114.4,87.42,23.22,3.76
2025-12-28 07:00:00-05:00,129.3,87.38,38.42,3.5
2025-12-28 08:00:00-05:00,124.02,75.49,45.36,3.17
2025-12-28 09:00:00-05:00,113.46,74.33,35.78,3.35
2025-12-28 10:00:00-05:00,95.0,68.6,23.38,3.02
2025-12-28 11:00:00-05:00,89.6,65.67,21.11,2.82
2025-12-28 12:00:00-05:00,88.1,64.35,20.92,2.83
2025-12-28 13:00:00-05:00,94.1,64.94,26.23,2.93
2025-12-28 14:00:00-05:00,101.6,68.72,29.79,3.09
2025-12-28 15:00:00-05:00,116.1,68.87,44.34,2.89
2025-12-28 16:00:00-05:00,138.0,84.48,49.72,3.8
2025-12-28 17:00:00-05:00,141.42,93.59,43.81,4.02
2025-12-28 18:00:00-05:00,136.46,82.71,50.12,3.63
2025-12-28 19:00:00-05:00,127.14,70.03,53.96,3.15
2025-12-28 20:00:00-05:00,130.53,67.99,59.41,3.13
2025-12-28 21:00:00-05:00,116.5,62.91,50.69,2.9
2025-12-28 22:00:00-05:00,112.27,57.57,52.11,2.59
2025-12-28 23:00:00-05:00,107.3,57.08,47.59,2.63
2025-12-29 00:00:00-05:00,126.1,55.83,67.59,2.68
2025-12-29 01:00:00-05:00,123.1,54.75,65.83,2.52
2025-12-29 02:00:00-05:00,115.4,54.39,58.51,2.5
2025-12-29 03:00:00-05:00,113.2,52.94,57.82,2.44
2025-12-29 04:00:00-05:00,114.0,52.03,59.63,2.34
2025-12-29 05:00:00-05:00,121.3,47.02,72.16,2.12
2025-12-29 06:00:00-05:00,120.8,54.91,63.25,2.64
2025-12-29 07:00:00-05:00,143.0,61.76,78.28,2.96
2025-12-29 08:00:00-05:00,145.97,63.09,79.79,3.09
2025-12-29 09:00:00-05:00,150.0,63.03,83.88,3.09
2025-12-29 10:00:00-05:00,140.72,63.31,74.25,3.16
2025-12-29 11:00:00-05:00,128.6,58.73,66.93,2.94
2025-12-29 12:00:00-05:00,122.0,56.44,62.74,2.82
2025-12-29 13:00:00-05:00,118.12,53.36,62.04,2.72
2025-12-29 14:00:00-05:00,118.0,55.16,60.03,2.81
2025-12-29 15:00:00-05:00,124.29,57.03,64.35,2.91
2025-12-29 16:00:00-05:00,141.64,64.15,74.22,3.27
2025-12-29 17:00:00-05:00,150.0,82.46,63.25,4.29
2025-12-29 18:00:00-05:00,139.32,71.69,63.83,3.8
2025-12-29 19:00:00-05:00,123.45,64.78,55.37,3.3
2025-12-29 20:00:00-05:00,125.02,66.02,55.64,3.36
2025-12-29 21:00:00-05:00,111.4,60.06,48.22,3.12
2025-12-29 22:00:00-05:00,113.51,58.15,52.4,2.96
2025-12-29 23:00:00-05:00,110.01,58.77,48.24,3.0
2025-12-30 00:00:00-05:00,116.81,62.26,51.5,3.05
2025-12-30 01:00:00-05:00,119.2,59.02,57.29,2.89
2025-12-30 02:00:00-05:00,110.8,54.49,53.59,2.72
2025-12-30 03:00:00-05:00,116.0,56.88,56.28,2.84
2025-12-30 04:00:00-05:00,116.4,50.48,63.5,2.42
2025-12-30 05:00:00-05:00,130.5,53.56,74.37,2.57
2025-12-30 06:00:00-05:00,126.48,58.48,65.13,2.87
2025-12-30 07:00:00-05:00,158.64,59.46,96.33,2.85
2025-12-30 08:00:00-05:00,157.17,63.43,90.7,3.04
2025-12-30 09:00:00-05:00,150.0,67.6,79.15,3.25
2025-12-30 10:00:00-05:00,140.72,66.84,70.67,3.21
2025-12-30 11:00:00-05:00,134.62,66.7,64.65,3.27
2025-12-30 12:00:00-05:00,129.85,69.74,56.62,3.49
2025-12-30 13:00:00-05:00,131.85,68.46,60.04,3.35
2025-12-30 14:00:00-05:00,134.11,69.9,60.79,3.42
2025-12-30 15:00:00-05:00,140.3,73.69,63.07,3.54
2025-12-30 16:00:00-05:00,177.6,86.82,86.53,4.25
2025-12-30 17:00:00-05:00,188.79,118.65,64.44,5.7
2025-12-30 18:00:00-05:00,167.8,119.83,42.34,5.63
2025-12-30 19:00:00-05:00,150.0,109.13,35.63,5.24
2025-12-30 20:00:00-05:00,156.1,99.05,52.3,4.75
2025-12-30 21:00:00-05:00,147.3,72.85,70.81,3.64
2025-12-30 22:00:00-05:00,142.3,70.33,68.46,3.51
2025-12-30 23:00:00-05:00,134.0,80.38,49.44,4.18
2026-01-01 00:00:00-05:00,125.64,101.04,20.05,4.55
2026-01-01 01:00:00-05:00,123.01,92.21,26.65,4.15
2026-01-01 02:00:00-05:00,119.26,75.48,40.38,3.4
2026-01-01 03:00:00-05:00,118.1,69.6,45.3,3.2
2026-01-01 04:00:00-05:00,122.63,69.82,49.6,3.21
2026-01-01 05:00:00-05:00,130.65,86.53,40.14,3.98
2026-01-01 06:00:00-05:00,134.5,108.28,21.34,4.88
2026-01-01 07:00:00-05:00,138.65,104.75,28.98,4.92
2026-01-01 08:00:00-05:00,133.75,110.05,18.74,4.96
2026-01-01 09:00:00-05:00,129.85,111.27,13.57,5.01
2026-01-01 10:00:00-05:00,126.52,110.3,11.03,5.19
2026-01-01 11:00:00-05:00,123.67,103.73,15.06,4.88
2026-01-01 12:00:00-05:00,127.0,102.38,19.71,4.91
2026-01-01 13:00:00-05:00,116.76,105.08,6.53,5.15
2026-01-01 14:00:00-05:00,124.09,118.41,-0.0,5.68
2026-01-01 15:00:00-05:00,142.23,117.58,19.01,5.64
2026-01-01 16:00:00-05:00,159.2,137.19,15.7,6.31
2026-01-01 17:00:00-05:00,179.65,151.25,21.44,6.96
2026-01-01 18:00:00-05:00,163.53,156.19,-0.0,7.34
2026-01-01 19:00:00-05:00,148.44,140.99,0.68,6.77
2026-01-01 20:00:00-05:00,150.0,128.44,15.27,6.29
2026-01-01 21:00:00-05:00,146.8,125.68,14.96,6.16
2026-01-01 22:00:00-05:00,138.27,123.72,8.86,5.69
2026-01-01 23:00:00-05:00,134.0,127.52,1.0,5.48
2026-01-02 00:00:00-05:00,134.66,129.48,-0.0,5.18
2026-01-02 01:00:00-05:00,125.09,120.16,-0.0,4.93
2026-01-02 02:00:00-05:00,116.46,111.87,-0.0,4.59
2026-01-02 03:00:00-05:00,117.58,112.95,-0.0,4.63
2026-01-02 04:00:00-05:00,117.81,113.17,-0.0,4.64
2026-01-02 05:00:00-05:00,122.64,117.7,-0.0,4.94
2026-01-02 06:00:00-05:00,138.31,132.86,-0.0,5.45
2026-01-02 07:00:00-05:00,142.53,137.44,-0.0,5.09
2026-01-02 08:00:00-05:00,154.01,148.8,-0.0,5.21
2026-01-02 09:00:00-05:00,136.72,132.1,-0.0,4.62
2026-01-02 10:00:00-05:00,148.26,142.97,-0.0,5.29
2026-01-02 11:00:00-05:00,133.96,128.94,-0.0,5.02
2026-01-02 12:00:00-05:00,127.72,122.57,-0.0,5.15
2026-01-02 13:00:00-05:00,127.45,122.08,-0.0,5.37
2026-01-02 14:00:00-05:00,130.84,125.68,-0.0,5.16
2026-01-02 15:00:00-05:00,141.0,135.19,-0.0,5.81
2026-01-02 16:00:00-05:00,164.24,157.92,-0.0,6.32
2026-01-02 17:00:00-05:00,178.51,171.98,-0.0,6.53
2026-01-02 18:00:00-05:00,159.34,153.06,-0.0,6.28
2026-01-02 19:00:00-05:00,142.8,136.92,-0.0,5.88
2026-01-02 20:00:00-05:00,140.25,134.08,-0.0,6.17
2026-01-02 21:00:00-05:00,129.72,106.38,18.34,5.0
2026-01-02 22:00:00-05:00,129.44,123.06,0.72,5.66
2026-01-02 23:00:00-05:00,127.08,121.73,-0.0,5.35
2026-01-03 00:00:00-05:00,138.37,126.67,6.13,5.57
2026-01-03 01:00:00-05:00,130.05,124.69,-0.0,5.36
2026-01-03 02:00:00-05:00,125.43,120.38,-0.0,5.05
2026-01-03 03:00:00-05:00,121.36,116.69,-0.0,4.67
2026-01-03 04:00:00-05:00,122.39,117.3,0.39,4.7
2026-01-03 05:00:00-05:00,128.81,123.85,-0.0,4.96
2026-01-03 06:00:00-05:00,148.0,130.44,12.21,5.35
2026-01-03 07:00:00-05:00,143.38,122.02,16.24,5.12
2026-01-03 08:00:00-05:00,144.03,138.89,-0.0,5.14
2026-01-03 09:00:00-05:00,134.72,130.17,-0.0,4.55
2026-01-03 10:00:00-05:00,130.29,125.64,-0.0,4.65
2026-01-03 11:00:00-05:00,126.58,122.19,-0.0,4.39
2026-01-03 12:00:00-05:00,126.28,121.77,-0.0,4.51
2026-01-03 13:00:00-05:00,127.85,123.53,-0.0,4.32
2026-01-03 14:00:00-05:00,128.63,124.89,-0.0,3.74
2026-01-03 15:00:00-05:00,134.35,129.43,-0.0,4.92
2026-01-03 16:00:00-05:00,154.47,149.25,-0.0,5.22
2026-01-03 17:00:00-05:00,165.18,159.45,-0.0,5.73
2026-01-03 18:00:00-05:00,160.1,154.38,-0.0,5.72
2026-01-03 19:00:00-05:00,144.77,139.6,-0.0,5.17
2026-01-03 20:00:00-05:00,134.35,129.18,-0.0,5.17
2026-01-03 21:00:00-05:00,124.82,120.25,-0.0,4.57
2026-01-03 22:00:00-05:00,126.17,121.79,-0.0,4.38
2026-01-03 23:00:00-05:00,125.48,121.24,-0.0,4.24
2026-01-04 00:00:00-05:00,142.71,134.86,3.0,4.85
2026-01-04 01:00:00-05:00,132.08,123.86,4.14,4.08
2026-01-04 02:00:00-05:00,123.4,119.34,-0.0,4.06
2026-01-04 03:00:00-05:00,123.7,115.97,3.91,3.82
2026-01-04 04:00:00-05:00,122.97,110.79,8.41,3.77
2026-01-04 05:00:00-05:00,130.2,111.87,14.52,3.81
2026-01-04 06:00:00-05:00,140.25,107.69,28.69,3.87
2026-01-04 07:00:00-05:00,141.55,102.48,34.97,4.1
2026-01-04 08:00:00-05:00,148.6,110.82,33.46,4.32
2026-01-04 09:00:00-05:00,150.25,115.15,30.61,4.49
2026-01-04 10:00:00-05:00,141.79,117.92,19.15,4.72
2026-01-04 11:00:00-05:00,135.0,119.07,11.41,4.52
2026-01-04 12:00:00-05:00,146.0,116.85,24.47,4.68
2026-01-04 13:00:00-05:00,148.06,117.43,25.93,4.7
2026-01-04 14:00:00-05:00,156.13,118.52,32.86,4.75
2026-01-04 15:00:00-05:00,163.0,123.97,33.95,5.08
2026-01-04 16:00:00-05:00,177.3,148.08,23.0,6.22
2026-01-04 17:00:00-05:00,186.03,178.7,-0.0,7.33
2026-01-04 18:00:00-05:00,172.81,162.97,3.0,6.84
2026-01-04 19:00:00-05:00,185.92,159.87,19.02,7.03
2026-01-04 20:00:00-05:00,162.5,132.67,24.39,5.44
2026-01-04 21:00:00-05:00,147.21,126.3,15.61,5.3
2026-01-04 22:00:00-05:00,131.13,121.01,5.4,4.72
2026-01-04 23:00:00-05:00,136.0,120.76,10.9,4.34
2026-01-05 00:00:00-05:00,139.67,135.07,-0.0,4.6
2026-01-05 01:00:00-05:00,127.51,123.09,-0.0,4.42
2026-01-05 02:00:00-05:00,124.44,117.23,3.0,4.21
2026-01-05 03:00:00-05:00,122.9,118.64,-0.0,4.26
2026-01-05 04:00:00-05:00,125.46,121.22,-0.0,4.24
2026-01-05 05:00:00-05:00,129.36,124.87,-0.0,4.49
2026-01-05 06:00:00-05:00,141.0,133.46,3.0,4.54
2026-01-05 07:00:00-05:00,160.29,151.82,3.31,5.16
2026-01-05 08:00:00-05:00,165.96,160.35,-0.0,5.61
2026-01-05 09:00:00-05:00,177.72,172.21,-0.0,5.51
2026-01-05 10:00:00-05:00,160.57,155.59,-0.0,4.98
2026-01-05 11:00:00-05:00,149.98,144.91,-0.0,5.07
2026-01-05 12:00:00-05:00,148.71,139.31,4.39,5.01
2026-01-05 13:00:00-05:00,152.0,136.77,10.45,4.78
2026-01-05 14:00:00-05:00,151.15,138.91,7.25,4.99
2026-01-05 15:00:00-05:00,159.58,137.01,17.78,4.79
2026-01-05 16:00:00-05:00,168.07,160.53,2.25,5.29
2026-01-05 17:00:00-05:00,187.14,181.51,-0.0,5.63
2026-01-05 18:00:00-05:00,177.76,169.18,3.0,5.58
2026-01-05 19:00:00-05:00,167.08,156.72,5.03,5.33
2026-01-05 20:00:00-05:00,157.77,139.14,14.05,4.58
2026-01-05 21:00:00-05:00,140.95,127.57,8.66,4.72
2026-01-05 22:00:00-05:00,137.5,124.89,8.12,4.49
2026-01-05 23:00:00-05:00,131.79,124.92,2.25,4.62
2026-01-06 00:00:00-05:00,126.97,122.79,-0.0,4.18
2026-01-06 01:00:00-05:00,116.3,112.47,-0.0,3.83
2026-01-06 02:00:00-05:00,109.5,106.11,-0.0,3.39
2026-01-06 03:00:00-05:00,110.57,107.14,-0.0,3.43
2026-01-06 04:00:00-05:00,114.84,111.28,-0.0,3.56
2026-01-06 05:00:00-05:00,119.99,115.83,-0.0,4.16
2026-01-06 06:00:00-05:00,133.79,129.39,-0.0,4.4
2026-01-06 07:00:00-05:00,157.24,151.78,-0.0,5.46
2026-01-06 08:00:00-05:00,143.29,137.28,0.93,5.08
2026-01-06 09:00:00-05:00,151.2,146.09,-0.0,5.11
2026-01-06 10:00:00-05:00,122.86,119.16,-0.0,3.7
2026-01-06 11:00:00-05:00,119.15,115.35,-0.0,3.8
2026-01-06 12:00:00-05:00,115.96,112.26,-0.0,3.7
2026-01-06 13:00:00-05:00,115.16,111.27,-0.0,3.89
2026-01-06 14:00:00-05:00,114.03,110.18,-0.0,3.85
2026-01-06 15:00:00-05:00,118.76,95.11,20.04,3.61
2026-01-06 16:00:00-05:00,129.05,109.68,15.1,4.27
2026-01-06 17:00:00-05:00,145.0,117.46,22.84,4.7
2026-01-06 18:00:00-05:00,141.0,106.6,30.03,4.37
2026-01-06 19:00:00-05:00,132.0,91.06,37.12,3.82
2026-01-06 20:00:00-05:00,127.0,82.98,40.45,3.57
2026-01-06 21:00:00-05:00,122.56,77.98,41.07,3.51
2026-01-06 22:00:00-05:00,114.0,77.51,33.0,3.49
2026-01-06 23:00:00-05:00,105.1,73.1,28.79,3.21
2026-01-07 00:00:00-05:00,94.5,59.88,32.35,2.27
2026-01-07 01:00:00-05:00,85.6,55.13,28.49,1.98
2026-01-07 02:00:00-05:00,82.0,55.03,25.04,1.93
2026-01-07 03:00:00-05:00,73.0,55.14,15.93,1.93
2026-01-07 04:00:00-05:00,76.84,55.13,19.83,1.88
2026-01-07 05:00:00-05:00,92.0,53.32,36.81,1.87
2026-01-07 06:00:00-05:00,99.25,60.29,36.91,2.05
2026-01-07 07:00:00-05:00,108.8,69.9,36.81,2.09
2026-01-07 08:00:00-05:00,112.0,67.16,42.83,2.01
2026-01-07 09:00:00-05:00,102.1,67.58,32.56,1.96
2026-01-07 10:00:00-05:00,77.9,59.91,16.25,1.74
2026-01-07 11:00:00-05:00,67.5,59.68,6.33,1.49
2026-01-07 12:00:00-05:00,66.9,56.16,9.28,1.46
2026-01-07 13:00:00-05:00,77.9,54.9,21.57,1.43
2026-01-07 14:00:00-05:00,79.2,53.78,23.86,1.56
2026-01-07 15:00:00-05:00,78.3,55.88,20.63,1.79
2026-01-07 16:00:00-05:00,97.7,64.92,30.57,2.21
2026-01-07 17:00:00-05:00,109.3,79.02,27.59,2.69
2026-01-07 18:00:00-05:00,105.7,70.41,32.89,2.4
2026-01-07 19:00:00-05:00,81.0,60.02,18.94,2.04
2026-01-07 20:00:00-05:00,77.4,54.51,20.87,2.02
2026-01-07 21:00:00-05:00,69.9,53.11,14.77,2.02
2026-01-07 22:00:00-05:00,67.84,50.79,15.22,1.83
2026-01-07 23:00:00-05:00,60.45,50.52,8.16,1.77
2026-01-08 00:00:00-05:00,59.3,49.97,7.63,1.7
2026-01-08 01:00:00-05:00,52.7,49.57,1.5,1.63
2026-01-08 02:00:00-05:00,49.86,48.31,-0.0,1.55
2026-01-08 03:00:00-05:00,48.15,46.75,-0.0,1.4
2026-01-08 04:00:00-05:00,49.73,48.23,-0.0,1.5
2026-01-08 05:00:00-05:00,60.3,49.7,8.91,1.69
2026-01-08 06:00:00-05:00,66.6,60.16,4.57,1.87
2026-01-08 07:00:00-05:00,78.78,70.47,5.84,2.47
2026-01-08 08:00:00-05:00,73.5,66.76,4.47,2.27
2026-01-08 09:00:00-05:00,58.0,52.85,3.41,1.74
2026-01-08 10:00:00-05:00,50.03,48.52,-0.0,1.51
2026-01-08 11:00:00-05:00,45.74,44.36,-0.0,1.38
2026-01-08 12:00:00-05:00,43.77,42.37,-0.0,1.4
2026-01-08 13:00:00-05:00,46.89,42.6,2.8,1.49
2026-01-08 14:00:00-05:00,49.74,45.14,2.98,1.62
2026-01-08 15:00:00-05:00,53.0,49.16,2.17,1.67
2026-01-08 16:00:00-05:00,70.31,57.64,10.77,1.9
2026-01-08 17:00:00-05:00,79.3,64.45,12.6,2.25
2026-01-08 18:00:00-05:00,78.46,55.86,20.65,1.95
2026-01-08 19:00:00-05:00,67.31,51.34,14.07,1.9
2026-01-08 20:00:00-05:00,69.7,48.49,19.37,1.84
2026-01-08 21:00:00-05:00,59.6,46.3,11.45,1.85
2026-01-08 22:00:00-05:00,57.02,45.15,10.02,1.85
2026-01-08 23:00:00-05:00,52.1,44.12,6.21,1.77
2026-01-09 00:00:00-05:00,59.8,47.8,9.71,2.29
2026-01-09 01:00:00-05:00,59.35,43.44,13.78,2.13
2026-01-09 02:00:00-05:00,59.59,40.35,17.26,1.98
2026-01-09 03:00:00-05:00,58.89,40.32,16.6,1.97
2026-01-09 04:00:00-05:00,64.4,39.54,22.96,1.9
2026-01-09 05:00:00-05:00,67.0,39.92,25.04,2.04
2026-01-09 06:00:00-05:00,76.0,49.45,24.08,2.47
2026-01-09 07:00:00-05:00,79.0,54.24,22.16,2.6
2026-01-09 08:00:00-05:00,77.0,49.64,24.98,2.38
2026-01-09 09:00:00-05:00,69.0,48.64,18.12,2.24
2026-01-09 10:00:00-05:00,63.8,42.97,18.89,1.94
2026-01-09 11:00:00-05:00,63.44,42.1,19.44,1.9
2026-01-09 12:00:00-05:00,60.31,40.39,18.06,1.86
2026-01-09 13:00:00-05:00,63.4,39.71,21.86,1.83
2026-01-09 14:00:00-05:00,64.1,42.01,20.07,2.02
2026-01-09 15:00:00-05:00,69.2,44.56,22.63,2.01
2026-01-09 16:00:00-05:00,74.3,52.52,19.31,2.47
2026-01-09 17:00:00-05:00,79.35,62.28,14.26,2.81
2026-01-09 18:00:00-05:00,74.15,54.19,17.47,2.49
2026-01-09 19:00:00-05:00,64.29,45.88,16.21,2.2
2026-01-09 20:00:00-05:00,62.31,42.52,18.0,1.79
2026-01-09 21:00:00-05:00,56.69,40.08,14.93,1.68
2026-01-09 22:00:00-05:00,50.58,39.4,9.65,1.53
2026-01-09 23:00:00-05:00,46.3,39.28,5.57,1.45
2026-01-10 00:00:00-05:00,46.2,36.66,8.0,1.54
2026-01-10 01:00:00-05:00,44.2,38.11,4.53,1.56
2026-01-10 02:00:00-05:00,41.1,37.36,2.32,1.42
2026-01-10 03:00:00-05:00,38.27,36.31,0.62,1.34
2026-01-10 04:00:00-05:00,38.46,36.73,0.37,1.36
2026-01-10 05:00:00-05:00,40.05,36.89,1.79,1.37
2026-01-10 06:00:00-05:00,43.7,39.8,2.39,1.51
2026-01-10 07:00:00-05:00,45.29,43.89,-0.0,1.4
2026-01-10 08:00:00-05:00,47.6,44.56,1.44,1.6
2026-01-10 09:00:00-05:00,50.14,48.59,-0.0,1.55
2026-01-10 10:00:00-05:00,48.94,47.56,-0.0,1.38
2026-01-10 11:00:00-05:00,51.43,49.88,-0.0,1.55
2026-01-10 12:00:00-05:00,51.59,49.99,-0.0,1.6
2026-01-10 13:00:00-05:00,52.47,50.8,-0.0,1.67
2026-01-10 14:00:00-05:00,54.6,49.7,2.91,1.99
2026-01-10 15:00:00-05:00,59.8,50.12,7.67,2.01
2026-01-10 16:00:00-05:00,66.3,54.72,9.28,2.3
2026-01-10 17:00:00-05:00,70.4,57.88,9.91,2.61
2026-01-10 18:00:00-05:00,64.88,55.12,7.39,2.37
2026-01-10 19:00:00-05:00,58.9,49.8,6.81,2.29
2026-01-10 20:00:00-05:00,55.15,42.66,10.57,1.92
2026-01-10 21:00:00-05:00,60.78,40.26,18.71,1.81
2026-01-10 22:00:00-05:00,48.44,40.17,6.58,1.69
2026-01-10 23:00:00-05:00,47.5,37.86,8.01,1.63
2026-01-11 00:00:00-05:00,47.3,34.22,11.47,1.61
2026-01-11 01:00:00-05:00,49.08,32.73,14.84,1.51
2026-01-11 02:00:00-05:00,45.1,30.23,13.48,1.39
2026-01-11 03:00:00-05:00,42.8,28.03,13.54,1.23
2026-01-11 04:00:00-05:00,43.2,27.87,14.1,1.23
2026-01-11 05:00:00-05:00,43.4,28.73,13.38,1.29
2026-01-11 06:00:00-05:00,42.51,31.25,9.92,1.34
2026-01-11 07:00:00-05:00,50.73,33.08,16.26,1.39
2026-01-11 08:00:00-05:00,57.96,32.04,24.45,1.47
2026-01-11 09:00:00-05:00,63.8,32.27,30.14,1.39
2026-01-11 10:00:00-05:00,67.06,31.52,34.22,1.32
2026-01-11 11:00:00-05:00,66.47,31.4,33.75,1.32
2026-01-11 12:00:00-05:00,60.45,31.38,27.78,1.29
2026-01-11 13:00:00-05:00,61.61,32.14,28.18,1.29
2026-01-11 14:00:00-05:00,59.99,38.9,19.42,1.67
2026-01-11 15:00:00-05:00,59.41,41.69,15.93,1.79
2026-01-11 16:00:00-05:00,71.42,48.95,20.32,2.15
2026-01-11 17:00:00-05:00,78.0,59.68,15.81,2.51
2026-01-11 18:00:00-05:00,71.0,55.28,13.4,2.32
2026-01-11 19:00:00-05:00,63.56,52.68,8.51,2.37
2026-01-11 20:00:00-05:00,71.12,48.91,20.01,2.2
2026-01-11 21:00:00-05:00,58.66,40.04,16.78,1.84
2026-01-11 22:00:00-05:00,59.93,40.08,18.09,1.76
2026-01-11 23:00:00-05:00,55.0,34.53,18.99,1.48
2026-01-12 00:00:00-05:00,59.22,44.97,12.05,2.2
2026-01-12 01:00:00-05:00,58.39,42.01,14.32,2.06
2026-01-12 02:00:00-05:00,57.71,40.61,15.07,2.03
2026-01-12 03:00:00-05:00,54.99,39.74,13.34,1.91
2026-01-12 04:00:00-05:00,57.83,42.99,12.86,1.98
2026-01-12 05:00:00-05:00,60.62,42.93,15.63,2.06
2026-01-12 06:00:00-05:00,69.0,42.57,24.34,2.09
2026-01-12 07:00:00-05:00,84.84,76.7,4.53,3.61
2026-01-12 08:00:00-05:00,73.27,70.11,-0.0,3.16
2026-01-12 09:00:00-05:00,59.99,54.94,2.64,2.41
2026-01-12 10:00:00-05:00,53.87,50.72,0.92,2.23
2026-01-12 11:00:00-05:00,52.07,47.81,2.16,2.1
2026-01-12 12:00:00-05:00,52.56,45.68,4.82,2.06
2026-01-12 13:00:00-05:00,52.21,46.81,3.29,2.11
2026-01-12 14:00:00-05:00,60.19,49.17,8.96,2.06
2026-01-12 15:00:00-05:00,60.4,54.54,3.52,2.34
2026-01-12 16:00:00-05:00,74.08,61.17,10.34,2.57
2026-01-12 17:00:00-05:00,81.0,74.28,3.53,3.19
2026-01-12 18:00:00-05:00,79.11,75.78,-0.0,3.33
2026-01-12 19:00:00-05:00,74.56,65.25,6.44,2.87
2026-01-12 20:00:00-05:00,73.47,59.36,11.56,2.55
2026-01-12 21:00:00-05:00,62.55,48.92,11.62,2.01
2026-01-12 22:00:00-05:00,60.09,48.07,10.05,1.97
2026-01-12 23:00:00-05:00,56.84,42.79,12.34,1.71
2026-01-13 00:00:00-05:00,54.21,41.95,10.37,1.89
2026-01-13 01:00:00-05:00,50.51,41.19,7.38,1.94
2026-01-13 02:00:00-05:00,48.87,41.12,5.86,1.89
2026-01-13 03:00:00-05:00,49.0,39.07,8.25,1.68
2026-01-13 04:00:00-05:00,48.97,40.42,6.81,1.74
2026-01-13 05:00:00-05:00,60.88,45.24,13.83,1.81
2026-01-13 06:00:00-05:00,72.0,60.98,8.83,2.19
2026-01-13 07:00:00-05:00,78.75,76.24,-0.0,2.51
2026-01-13 08:00:00-05:00,68.18,64.97,0.68,2.53
2026-01-13 09:00:00-05:00,52.8,50.87,-0.0,1.93
2026-01-13 10:00:00-05:00,46.08,42.98,1.21,1.89
2026-01-13 11:00:00-05:00,44.5,41.43,1.16,1.91
2026-01-13 12:00:00-05:00,43.1,40.5,0.78,1.82
2026-01-13 13:00:00-05:00,45.3,40.4,3.12,1.78
2026-01-13 14:00:00-05:00,54.73,40.5,12.45,1.78
2026-01-13 15:00:00-05:00,56.53,49.54,5.16,1.83
2026-01-13 16:00:00-05:00,71.41,53.0,16.29,2.12
2026-01-13 17:00:00-05:00,73.4,66.23,4.32,2.85
2026-01-13 18:00:00-05:00,75.28,58.44,14.33,2.51
2026-01-13 19:00:00-05:00,71.46,50.52,18.36,2.58
2026-01-13 20:00:00-05:00,67.21,48.57,16.45,2.19
2026-01-13 21:00:00-05:00,60.98,43.61,15.28,2.09
2026-01-13 22:00:00-05:00,54.55,41.54,10.89,2.12
2026-01-13 23:00:00-05:00,57.5,39.84,15.67,1.99
2026-01-14 00:00:00-05:00,49.9,31.68,16.61,1.61
2026-01-14 01:00:00-05:00,47.7,30.99,15.16,1.55
2026-01-14 02:00:00-05:00,43.0,29.69,11.89,1.42
2026-01-14 03:00:00-05:00,41.83,29.48,10.93,1.42
2026-01-14 04:00:00-05:00,45.23,31.02,12.69,1.52
2026-01-14 05:00:00-05:00,51.92,33.15,17.18,1.59
2026-01-14 06:00:00-05:00,54.8,40.0,12.88,1.92
2026-01-14 07:00:00-05:00,63.2,51.89,9.08,2.23
2026-01-14 08:00:00-05:00,59.6,49.25,8.33,2.02
2026-01-14 09:00:00-05:00,52.9,50.82,-0.0,2.08
2026-01-14 10:00:00-05:00,52.02,49.97,-0.0,2.05
2026-01-14 11:00:00-05:00,50.89,48.98,-0.0,1.91
2026-01-14 12:00:00-05:00,49.93,48.06,-0.0,1.87
2026-01-14 13:00:00-05:00,48.6,46.54,0.15,1.91
2026-01-14 14:00:00-05:00,50.73,48.83,-0.0,1.9
2026-01-14 15:00:00-05:00,54.93,52.92,-0.0,2.01
2026-01-14 16:00:00-05:00,58.83,56.79,-0.0,2.04
2026-01-14 17:00:00-05:00,69.8,67.57,-0.0,2.23
2026-01-14 18:00:00-05:00,60.25,57.88,-0.0,2.37
2026-01-14 19:00:00-05:00,58.8,56.92,-0.0,1.88
2026-01-14 20:00:00-05:00,54.06,52.13,-0.0,1.93
2026-01-14 21:00:00-05:00,48.4,45.32,1.36,1.72
2026-01-14 22:00:00-05:00,45.87,44.32,-0.0,1.55
2026-01-14 23:00:00-05:00,45.0,40.44,3.06,1.5
2026-01-15 00:00:00-05:00,45.44,43.74,-0.0,1.7
2026-01-15 01:00:00-05:00,44.3,41.79,0.84,1.67
2026-01-15 02:00:00-05:00,41.54,39.94,-0.0,1.6
2026-01-15 03:00:00-05:00,41.14,39.56,-0.0,1.58
2026-01-15 04:00:00-05:00,44.4,40.19,2.64,1.57
2026-01-15 05:00:00-05:00,47.12,43.83,1.49,1.8
2026-01-15 06:00:00-05:00,54.47,52.27,-0.0,2.2
2026-01-15 07:00:00-05:00,65.02,62.52,-0.0,2.5
2026-01-15 08:00:00-05:00,61.54,59.46,-0.0,2.08
2026-01-15 09:00:00-05:00,60.26,57.94,-0.0,2.32
2026-01-15 10:00:00-05:00,68.34,65.27,-0.0,3.07
2026-01-15 11:00:00-05:00,68.2,65.14,-0.0,3.06
2026-01-15 12:00:00-05:00,68.24,65.24,-0.0,3.0
2026-01-15 13:00:00-05:00,69.25,66.2,-0.0,3.05
2026-01-15 14:00:00-05:00,70.87,66.89,0.9,3.08
2026-01-15 15:00:00-05:00,74.69,71.61,-0.0,3.08
2026-01-15 16:00:00-05:00,83.7,80.25,-0.0,3.45
2026-01-15 17:00:00-05:00,100.13,96.56,-0.0,3.57
2026-01-15 18:00:00-05:00,99.78,96.22,-0.0,3.56
2026-01-15 19:00:00-05:00,89.52,85.99,-0.0,3.53
2026-01-15 20:00:00-05:00,85.4,82.04,-0.0,3.36
2026-01-15 21:00:00-05:00,77.95,74.59,-0.0,3.36
2026-01-15 22:00:00-05:00,73.43,68.48,2.01,2.94
2026-01-15 23:00:00-05:00,67.2,66.23,-2.01,2.98
2026-01-16 00:00:00-05:00,82.57,65.61,13.68,3.28
2026-01-16 01:00:00-05:00,78.43,60.73,14.67,3.03
2026-01-16 02:00:00-05:00,75.14,56.89,15.41,2.84
2026-01-16 03:00:00-05:00,70.39,56.86,10.69,2.84
2026-01-16 04:00:00-05:00,75.57,60.91,11.68,2.98
2026-01-16 05:00:00-05:00,81.53,63.75,14.66,3.12
2026-01-16 06:00:00-05:00,95.0,78.85,12.37,3.78
2026-01-16 07:00:00-05:00,106.68,101.79,-0.0,4.89
2026-01-16 08:00:00-05:00,85.69,82.08,-0.0,3.61
2026-01-16 09:00:00-05:00,76.75,73.44,-0.0,3.31
2026-01-16 10:00:00-05:00,74.4,70.87,0.27,3.26
2026-01-16 11:00:00-05:00,69.17,66.0,-0.0,3.17
2026-01-16 12:00:00-05:00,67.25,64.42,-0.0,2.83
2026-01-16 13:00:00-05:00,67.1,64.4,-0.0,2.7
2026-01-16 14:00:00-05:00,75.76,72.57,-0.0,3.19
2026-01-16 15:00:00-05:00,84.38,80.9,-0.0,3.48
2026-01-16 16:00:00-05:00,87.34,82.87,0.99,3.48
2026-01-16 17:00:00-05:00,102.44,98.4,-0.0,4.04
2026-01-16 18:00:00-05:00,98.91,93.32,1.76,3.83
2026-01-16 19:00:00-05:00,86.36,82.27,0.55,3.54
2026-01-16 20:00:00-05:00,88.37,81.54,3.33,3.5
2026-01-16 21:00:00-05:00,85.65,79.06,3.03,3.56
2026-01-16 22:00:00-05:00,82.63,76.29,2.83,3.51
2026-01-16 23:00:00-05:00,77.89,69.58,4.97,3.34
2026-01-17 00:00:00-05:00,70.52,56.99,11.03,2.5
2026-01-17 01:00:00-05:00,71.8,58.63,10.59,2.58
2026-01-17 02:00:00-05:00,61.3,54.82,4.07,2.41
2026-01-17 03:00:00-05:00,59.08,51.81,4.99,2.28
2026-01-17 04:00:00-05:00,62.57,50.53,9.82,2.22
2026-01-17 05:00:00-05:00,67.98,48.35,17.51,2.12
2026-01-17 06:00:00-05:00,76.58,54.51,19.73,2.34
2026-01-17 07:00:00-05:00,82.35,53.95,26.3,2.1
2026-01-17 08:00:00-05:00,74.44,57.4,14.74,2.3
2026-01-17 09:00:00-05:00,76.7,72.53,1.34,2.83
2026-01-17 10:00:00-05:00,85.6,83.76,-1.34,3.18
2026-01-17 11:00:00-05:00,89.0,85.99,-0.0,3.01
2026-01-17 12:00:00-05:00,89.97,86.68,-0.0,3.29
2026-01-17 13:00:00-05:00,91.4,88.23,-0.0,3.17
2026-01-17 14:00:00-05:00,89.84,86.47,-0.0,3.37
2026-01-17 15:00:00-05:00,93.75,90.32,-0.0,3.43
2026-01-17 16:00:00-05:00,104.4,100.78,-0.0,3.62
2026-01-17 17:00:00-05:00,107.4,103.67,-0.0,3.73
2026-01-17 18:00:00-05:00,108.78,105.1,-0.0,3.68
2026-01-17 19:00:00-05:00,85.53,81.93,-0.0,3.6
2026-01-17 20:00:00-05:00,79.99,76.47,-0.0,3.52
2026-01-17 21:00:00-05:00,74.26,70.86,-0.0,3.4
2026-01-17 22:00:00-05:00,71.96,68.66,-0.0,3.3
2026-01-17 23:00:00-05:00,67.0,62.95,0.84,3.21
2026-01-18 00:00:00-05:00,70.7,63.24,4.42,3.04
2026-01-18 01:00:00-05:00,70.9,58.17,9.94,2.79
2026-01-18 02:00:00-05:00,66.92,55.08,9.2,2.64
2026-01-18 03:00:00-05:00,65.7,51.69,11.48,2.53
2026-01-18 04:00:00-05:00,65.0,47.88,14.82,2.3
2026-01-18 05:00:00-05:00,62.0,50.76,8.75,2.49
2026-01-18 06:00:00-05:00,68.3,51.33,14.46,2.51
2026-01-18 07:00:00-05:00,76.0,53.13,20.37,2.5
2026-01-18 08:00:00-05:00,73.31,64.24,6.05,3.02
2026-01-18 09:00:00-05:00,83.2,65.85,14.19,3.16
2026-01-18 10:00:00-05:00,89.67,61.54,25.05,3.08
2026-01-18 11:00:00-05:00,95.04,64.65,27.22,3.17
2026-01-18 12:00:00-05:00,87.06,68.86,14.83,3.37
2026-01-18 13:00:00-05:00,87.7,79.34,4.47,3.89
2026-01-18 14:00:00-05:00,89.05,85.13,-0.0,3.92
2026-01-18 15:00:00-05:00,91.52,87.67,-0.0,3.85
2026-01-18 16:00:00-05:00,103.2,98.95,-0.0,4.25
2026-01-18 17:00:00-05:00,115.1,108.33,1.68,5.09
2026-01-18 18:00:00-05:00,112.86,108.0,-0.0,4.86
2026-01-18 19:00:00-05:00,104.63,100.51,-0.0,4.12
2026-01-18 20:00:00-05:00,102.2,97.99,-0.0,4.21
2026-01-18 21:00:00-05:00,93.59,89.73,-0.0,3.86
2026-01-18 22:00:00-05:00,88.27,84.71,-0.0,3.56
2026-01-18 23:00:00-05:00,83.66,80.29,-0.0,3.37
2026-01-19 00:00:00-05:00,87.01,83.83,-0.0,3.18
2026-01-19 01:00:00-05:00,81.69,78.47,-0.0,3.22
2026-01-19 02:00:00-05:00,79.52,76.32,-0.0,3.2
2026-01-19 03:00:00-05:00,74.09,71.24,-0.0,2.85
2026-01-19 04:00:00-05:00,75.81,72.82,-0.0,2.99
2026-01-19 05:00:00-05:00,81.32,78.12,-0.0,3.2
2026-01-19 06:00:00-05:00,100.73,101.06,-4.57,4.24
2026-01-19 07:00:00-05:00,121.77,113.67,4.57,3.53
2026-01-19 08:00:00-05:00,118.19,114.63,-0.0,3.56
2026-01-19 09:00:00-05:00,114.2,110.17,0.07,3.96
2026-01-19 10:00:00-05:00,125.98,121.68,-0.07,4.37
2026-01-19 11:00:00-05:00,118.14,113.05,-0.0,5.09
2026-01-19 12:00:00-05:00,119.82,114.44,-0.0,5.38
2026-01-19 13:00:00-05:00,120.67,115.25,-0.0,5.42
2026-01-19 14:00:00-05:00,120.56,115.15,-0.0,5.41
2026-01-19 15:00:00-05:00,121.2,115.87,-0.0,5.33
2026-01-19 16:00:00-05:00,150.0,144.22,-0.0,5.78
2026-01-19 17:00:00-05:00,168.2,162.04,-0.0,6.16
2026-01-19 18:00:00-05:00,160.0,153.84,-0.0,6.16
2026-01-19 19:00:00-05:00,155.27,149.45,-0.0,5.82
2026-01-19 20:00:00-05:00,132.47,126.76,-0.0,5.71
2026-01-19 21:00:00-05:00,121.47,109.42,6.36,5.69
2026-01-19 22:00:00-05:00,122.39,109.53,7.06,5.8
2026-01-19 23:00:00-05:00,117.83,109.3,2.96,5.57
2026-01-20 00:00:00-05:00,126.89,73.79,49.63,3.47
2026-01-20 01:00:00-05:00,124.85,71.76,49.72,3.37
2026-01-20 02:00:00-05:00,123.88,75.26,45.16,3.46
2026-01-20 03:00:00-05:00,118.17,79.06,35.39,3.72
2026-01-20 04:00:00-05:00,122.43,81.09,37.53,3.81
2026-01-20 05:00:00-05:00,128.6,85.17,39.51,3.92
2026-01-20 06:00:00-05:00,151.34,121.7,24.29,5.35
2026-01-20 07:00:00-05:00,160.53,154.2,-0.0,6.33
2026-01-20 08:00:00-05:00,153.36,147.46,-0.0,5.9
2026-01-20 09:00:00-05:00,140.0,133.97,-0.0,6.03
2026-01-20 10:00:00-05:00,149.93,143.2,-0.0,6.73
2026-01-20 11:00:00-05:00,135.5,108.44,21.86,5.2
2026-01-20 12:00:00-05:00,130.29,108.33,16.76,5.2
2026-01-20 13:00:00-05:00,130.01,104.94,20.14,4.93
2026-01-20 14:00:00-05:00,129.5,98.0,26.6,4.9
2026-01-20 15:00:00-05:00,136.26,123.16,7.07,6.03
2026-01-20 16:00:00-05:00,159.26,152.56,-0.0,6.7
2026-01-20 17:00:00-05:00,187.17,179.63,-0.0,7.54
2026-01-20 18:00:00-05:00,179.66,172.58,-0.0,7.08
2026-01-20 19:00:00-05:00,174.32,167.3,-0.0,7.02
2026-01-20 20:00:00-05:00,160.53,154.06,-0.0,6.47
2026-01-20 21:00:00-05:00,141.86,135.89,-0.0,5.97
2026-01-20 22:00:00-05:00,142.02,108.32,28.71,4.99
2026-01-20 23:00:00-05:00,138.35,108.21,25.05,5.09
2026-01-21 00:00:00-05:00,132.05,107.89,18.98,5.18
2026-01-21 01:00:00-05:00,128.5,104.9,18.57,5.03
2026-01-21 02:00:00-05:00,129.1,97.31,27.02,4.77
2026-01-21 03:00:00-05:00,130.3,97.41,28.12,4.77
2026-01-21 04:00:00-05:00,133.4,100.5,27.98,4.92
2026-01-21 05:00:00-05:00,137.78,109.88,22.73,5.17
2026-01-21 06:00:00-05:00,161.6,126.58,28.94,6.08
2026-01-21 07:00:00-05:00,173.75,165.64,-0.0,8.11
2026-01-21 08:00:00-05:00,163.67,153.4,2.91,7.36
2026-01-21 09:00:00-05:00,144.88,138.38,-0.0,6.5
2026-01-21 10:00:00-05:00,130.16,124.2,-0.0,5.96
2026-01-21 11:00:00-05:00,119.8,108.0,6.72,5.08
2026-01-21 12:00:00-05:00,120.44,105.0,10.5,4.94
2026-01-21 13:00:00-05:00,121.39,102.99,13.46,4.94
2026-01-21 14:00:00-05:00,121.4,103.09,13.46,4.85
2026-01-21 15:00:00-05:00,124.1,102.83,16.13,5.14
2026-01-21 16:00:00-05:00,143.65,112.3,25.63,5.72
2026-01-21 17:00:00-05:00,165.39,142.56,15.56,7.27
2026-01-21 18:00:00-05:00,157.62,128.57,22.5,6.55
2026-01-21 19:00:00-05:00,150.0,114.77,29.38,5.85
2026-01-21 20:00:00-05:00,144.0,104.89,33.76,5.35
2026-01-21 21:00:00-05:00,129.0,90.66,33.72,4.62
2026-01-21 22:00:00-05:00,116.8,83.73,28.8,4.27
2026-01-21 23:00:00-05:00,111.0,79.5,27.68,3.82
2026-01-22 00:00:00-05:00,106.22,70.67,32.16,3.39
2026-01-22 01:00:00-05:00,104.47,69.0,32.09,3.38
2026-01-22 02:00:00-05:00,102.19,69.79,29.05,3.35
2026-01-22 03:00:00-05:00,101.25,67.28,30.74,3.23
2026-01-22 04:00:00-05:00,101.39,65.83,32.33,3.23
2026-01-22 05:00:00-05:00,106.2,69.79,32.99,3.42
2026-01-22 06:00:00-05:00,123.6,79.92,39.69,3.99
2026-01-22 07:00:00-05:00,148.19,98.39,44.98,4.82
2026-01-22 08:00:00-05:00,141.14,87.65,49.2,4.29
2026-01-22 09:00:00-05:00,119.7,69.93,46.41,3.36
2026-01-22 10:00:00-05:00,97.4,69.5,24.36,3.54
2026-01-22 11:00:00-05:00,95.77,59.37,33.43,2.97
2026-01-22 12:00:00-05:00,95.9,58.93,33.97,3.0
2026-01-22 13:00:00-05:00,94.35,57.34,34.14,2.87
2026-01-22 14:00:00-05:00,95.77,57.57,35.38,2.82
2026-01-22 15:00:00-05:00,90.3,67.29,19.65,3.36
2026-01-22 16:00:00-05:00,109.2,85.15,19.79,4.26
2026-01-22 17:00:00-05:00,121.9,102.34,14.24,5.32
2026-01-22 18:00:00-05:00,113.2,98.29,9.9,5.01
2026-01-22 19:00:00-05:00,104.1,90.66,8.64,4.8
2026-01-22 20:00:00-05:00,100.0,80.29,15.46,4.25
2026-01-22 21:00:00-05:00,95.57,69.1,22.88,3.59
2026-01-22 22:00:00-05:00,88.5,67.73,17.38,3.39
2026-01-22 23:00:00-05:00,82.5,61.32,18.18,3.0
2026-01-23 00:00:00-05:00,92.09,81.51,7.0,3.58
2026-01-23 01:00:00-05:00,92.0,81.53,6.8,3.67
2026-01-23 02:00:00-05:00,89.45,79.05,7.0,3.4
2026-01-23 03:00:00-05:00,82.11,78.87,-0.0,3.24
2026-01-23 04:00:00-05:00,91.0,80.95,6.65,3.4
2026-01-23 05:00:00-05:00,93.12,83.67,6.27,3.18
2026-01-23 06:00:00-05:00,113.4,95.36,13.56,4.48
2026-01-23 07:00:00-05:00,136.89,125.72,7.03,4.14
2026-01-23 08:00:00-05:00,131.48,126.39,0.79,4.3
2026-01-23 09:00:00-05:00,107.03,100.68,2.12,4.23
2026-01-23 10:00:00-05:00,119.66,93.5,22.33,3.83
2026-01-23 11:00:00-05:00,121.61,93.49,24.29,3.83
2026-01-23 12:00:00-05:00,117.78,93.48,20.47,3.83
2026-01-23 13:00:00-05:00,119.0,93.57,21.59,3.84
2026-01-23 14:00:00-05:00,123.8,93.58,26.29,3.93
2026-01-23 15:00:00-05:00,124.4,114.29,5.2,4.91
2026-01-23 16:00:00-05:00,148.0,139.36,2.09,6.55
2026-01-23 17:00:00-05:00,190.9,184.81,-0.0,6.09
2026-01-23 18:00:00-05:00,181.64,175.66,-0.0,5.98
2026-01-23 19:00:00-05:00,173.59,167.88,-0.0,5.71
2026-01-23 20:00:00-05:00,168.93,162.75,-0.0,6.18
2026-01-23 21:00:00-05:00,148.56,130.23,11.69,6.64
2026-01-23 22:00:00-05:00,140.76,125.75,8.48,6.53
2026-01-23 23:00:00-05:00,134.21,127.58,-0.0,6.63
2026-01-24 00:00:00-05:00,197.27,191.15,-0.0,6.12
2026-01-24 01:00:00-05:00,194.55,190.0,-0.0,4.55
2026-01-24 02:00:00-05:00,193.02,189.43,-0.0,3.59
2026-01-24 03:00:00-05:00,192.83,189.24,-0.0,3.59
2026-01-24 04:00:00-05:00,193.98,189.81,-0.0,4.17
2026-01-24 05:00:00-05:00,204.19,201.37,-0.0,2.82
2026-01-24 06:00:00-05:00,238.6,235.76,-0.0,2.84
2026-01-24 07:00:00-05:00,284.9,279.6,-0.0,5.3
2026-01-24 08:00:00-05:00,272.05,266.2,-0.0,5.85
2026-01-24 09:00:00-05:00,247.48,242.38,-0.0,5.1
2026-01-24 10:00:00-05:00,266.1,259.87,-0.0,6.23
2026-01-24 11:00:00-05:00,250.07,243.74,-0.0,6.33
2026-01-24 12:00:00-05:00,231.32,223.5,-0.0,7.82
2026-01-24 13:00:00-05:00,229.28,220.89,-0.0,8.39
2026-01-24 14:00:00-05:00,228.4,220.89,-0.0,7.51
2026-01-24 15:00:00-05:00,254.39,275.03,-26.97,6.33
2026-01-24 16:00:00-05:00,278.61,244.54,26.97,7.1
2026-01-24 17:00:00-05:00,311.9,301.64,-0.0,10.26
2026-01-24 18:00:00-05:00,305.09,295.36,-0.0,9.73
2026-01-24 19:00:00-05:00,286.98,277.54,-0.0,9.44
2026-01-24 20:00:00-05:00,267.13,257.86,-0.0,9.27
2026-01-24 21:00:00-05:00,258.0,228.9,22.24,6.86
2026-01-24 22:00:00-05:00,254.71,262.33,-13.38,5.76
2026-01-24 23:00:00-05:00,258.78,262.39,-8.86,5.25
2026-01-25 00:00:00-05:00,373.73,370.4,-0.0,3.33
2026-01-25 01:00:00-05:00,350.18,347.41,-0.0,2.77
2026-01-25 02:00:00-05:00,341.8,338.42,-0.0,3.38
2026-01-25 03:00:00-05:00,327.0,323.44,-0.0,3.56
2026-01-25 04:00:00-05:00,331.71,327.76,-0.0,3.95
2026-01-25 05:00:00-05:00,350.0,345.83,-0.0,4.17
2026-01-25 06:00:00-05:00,409.96,405.49,-0.0,4.47
2026-01-25 07:00:00-05:00,373.5,366.18,-0.0,7.32
2026-01-25 08:00:00-05:00,371.72,361.94,-0.0,9.78
2026-01-25 09:00:00-05:00,377.9,369.06,-0.0,8.84
2026-01-25 10:00:00-05:00,401.26,392.23,-0.0,9.03
2026-01-25 11:00:00-05:00,407.27,397.33,-0.0,9.94
2026-01-25 12:00:00-05:00,404.42,394.55,-0.0,9.87
2026-01-25 13:00:00-05:00,400.3,390.17,-0.0,10.13
2026-01-25 14:00:00-05:00,399.8,390.04,-0.0,9.76
2026-01-25 15:00:00-05:00,396.12,419.13,-33.49,10.48
2026-01-25 16:00:00-05:00,404.29,358.6,33.49,12.2
2026-01-25 17:00:00-05:00,428.76,414.27,-0.0,14.49
2026-01-25 18:00:00-05:00,412.52,398.95,-0.0,13.57
2026-01-25 19:00:00-05:00,388.03,375.65,-0.0,12.38
2026-01-25 20:00:00-05:00,353.41,343.8,-0.0,9.61
2026-01-25 21:00:00-05:00,317.5,307.66,-0.0,9.84
2026-01-25 22:00:00-05:00,317.37,309.34,-0.0,8.03
2026-01-25 23:00:00-05:00,325.0,316.45,-0.0,8.55
2026-01-26 00:00:00-05:00,412.79,403.91,-0.0,8.88
2026-01-26 01:00:00-05:00,374.8,367.08,-0.0,7.72
2026-01-26 02:00:00-05:00,353.4,346.47,-0.0,6.93
2026-01-26 03:00:00-05:00,349.26,342.41,-0.0,6.85
2026-01-26 04:00:00-05:00,366.36,359.55,-0.0,6.81
2026-01-26 05:00:00-05:00,421.28,413.44,-0.0,7.84
2026-01-26 06:00:00-05:00,511.45,498.0,-0.0,13.45
2026-01-26 07:00:00-05:00,517.49,500.0,-0.0,17.49
2026-01-26 08:00:00-05:00,545.28,523.8,-0.0,21.48
2026-01-26 09:00:00-05:00,549.29,527.15,-0.0,22.14
2026-01-26 10:00:00-05:00,532.66,514.18,-0.0,18.48
2026-01-26 11:00:00-05:00,537.7,518.02,-0.0,19.68
2026-01-26 12:00:00-05:00,529.07,510.18,-0.0,18.89
2026-01-26 13:00:00-05:00,518.01,500.5,-0.0,17.51
2026-01-26 14:00:00-05:00,514.89,514.72,-16.79,16.96
2026-01-26 15:00:00-05:00,513.78,530.89,-36.19,19.08
2026-01-26 16:00:00-05:00,495.86,423.4,52.97,19.49
2026-01-26 17:00:00-05:00,523.34,507.46,-8.48,24.36
2026-01-26 18:00:00-05:00,520.5,487.19,8.48,24.83
2026-01-26 19:00:00-05:00,499.41,476.09,-0.0,23.32
2026-01-26 20:00:00-05:00,470.31,447.32,1.52,21.47
2026-01-26 21:00:00-05:00,470.94,438.6,16.1,16.24
2026-01-26 22:00:00-05:00,505.34,506.75,-17.62,16.21
2026-01-26 23:00:00-05:00,479.1,467.41,-0.0,11.69
2026-01-27 00:00:00-05:00,587.35,569.67,-0.0,17.68
2026-01-27 01:00:00-05:00,593.31,575.45,-0.0,17.86
2026-01-27 02:00:00-05:00,588.46,571.34,-0.0,17.12
2026-01-27 03:00:00-05:00,590.14,572.97,-0.0,17.17
2026-01-27 04:00:00-05:00,602.09,583.97,-0.0,18.12
2026-01-27 05:00:00-05:00,599.6,581.55,-0.0,18.05
2026-01-27 06:00:00-05:00,747.71,725.95,-0.0,21.76
2026-01-27 07:00:00-05:00,825.44,796.8,-0.0,28.64
2026-01-27 08:00:00-05:00,825.44,796.8,-0.0,28.64
2026-01-27 09:00:00-05:00,778.0,751.7,-0.0,26.3
2026-01-27 10:00:00-05:00,662.64,640.84,-0.0,21.8
2026-01-27 11:00:00-05:00,659.64,635.5,-0.0,24.14
2026-01-27 12:00:00-05:00,623.93,601.66,-0.0,22.27
2026-01-27 13:00:00-05:00,613.71,591.25,-0.0,22.46
2026-01-27 14:00:00-05:00,610.32,588.53,-0.0,21.79
2026-01-27 15:00:00-05:00,610.0,629.39,-42.01,22.62
2026-01-27 16:00:00-05:00,600.0,531.73,44.32,23.95
2026-01-27 17:00:00-05:00,710.65,682.01,-0.0,28.64
2026-01-27 18:00:00-05:00,717.3,689.68,-0.0,27.62
2026-01-27 19:00:00-05:00,651.23,625.57,-0.0,25.66
2026-01-27 20:00:00-05:00,600.0,574.14,-0.0,25.86
2026-01-27 21:00:00-05:00,590.6,568.45,-0.0,22.15
2026-01-27 22:00:00-05:00,600.0,580.26,-0.0,19.74
2026-01-27 23:00:00-05:00,594.6,577.3,-0.0,17.3
2026-01-28 00:00:00-05:00,649.46,625.69,-0.0,23.77
2026-01-28 01:00:00-05:00,601.6,578.44,-0.0,23.16
2026-01-28 02:00:00-05:00,573.38,551.31,-0.0,22.07
2026-01-28 03:00:00-05:00,575.5,552.31,-0.0,23.19
2026-01-28 04:00:00-05:00,631.36,605.92,-0.0,25.44
2026-01-28 05:00:00-05:00,825.41,798.25,-0.0,27.16
2026-01-28 06:00:00-05:00,999.97,970.87,-0.0,29.1
2026-01-28 07:00:00-05:00,1000.0,972.8,-0.0,27.2
2026-01-28 08:00:00-05:00,1000.0,971.8,-0.0,28.2
2026-01-28 09:00:00-05:00,999.97,965.27,-0.0,34.7
2026-01-28 10:00:00-05:00,976.39,940.65,-0.0,35.74
2026-01-28 11:00:00-05:00,957.23,918.65,-0.0,38.58
2026-01-28 12:00:00-05:00,911.3,875.39,-0.0,35.91
2026-01-28 13:00:00-05:00,891.31,855.39,-0.0,35.92
2026-01-28 14:00:00-05:00,906.56,870.03,-0.0,36.53
2026-01-28 15:00:00-05:00,791.84,1006.0,-253.35,39.19
2026-01-28 16:00:00-05:00,798.63,518.83,253.35,26.45
2026-01-28 17:00:00-05:00,853.1,790.39,25.55,37.16
2026-01-28 18:00:00-05:00,853.34,788.1,25.85,39.39
2026-01-28 19:00:00-05:00,801.27,766.0,0.02,35.25
2026-01-28 20:00:00-05:00,706.14,594.89,82.7,28.55
2026-01-28 21:00:00-05:00,698.34,596.85,74.02,27.47
2026-01-28 22:00:00-05:00,843.02,914.88,-106.62,34.76
2026-01-28 23:00:00-05:00,850.57,859.58,-37.33,28.32
2026-01-29 00:00:00-05:00,400.53,386.23,-0.0,14.3
2026-01-29 01:00:00-05:00,367.49,354.37,-0.0,13.12
2026-01-29 02:00:00-05:00,333.29,321.72,-0.0,11.57
2026-01-29 03:00:00-05:00,337.05,325.35,-0.0,11.7
2026-01-29 04:00:00-05:00,386.9,373.47,-0.0,13.43
2026-01-29 05:00:00-05:00,483.3,471.07,-0.0,12.23
2026-01-29 06:00:00-05:00,654.59,638.62,-0.0,15.97
2026-01-29 07:00:00-05:00,698.4,680.73,-0.0,17.67
2026-01-29 08:00:00-05:00,694.6,675.01,-0.0,19.59
2026-01-29 09:00:00-05:00,630.97,612.61,-0.0,18.36
2026-01-29 10:00:00-05:00,563.7,547.3,-0.0,16.4
2026-01-29 11:00:00-05:00,539.56,518.3,-0.0,21.26
2026-01-29 12:00:00-05:00,470.76,450.47,-0.0,20.29
2026-01-29 13:00:00-05:00,465.5,444.18,-0.0,21.32
2026-01-29 14:00:00-05:00,459.67,451.33,-12.88,21.22
2026-01-29 15:00:00-05:00,469.09,457.64,-8.22,19.67
2026-01-29 16:00:00-05:00,525.94,488.74,21.1,16.1
2026-01-29 17:00:00-05:00,680.25,660.45,-0.0,19.8
2026-01-29 18:00:00-05:00,678.41,658.67,-0.0,19.74
2026-01-29 19:00:00-05:00,612.85,595.02,-0.0,17.83
2026-01-29 20:00:00-05:00,568.49,552.46,-0.0,16.03
2026-01-29 21:00:00-05:00,554.67,519.7,19.89,15.08
2026-01-29 22:00:00-05:00,573.75,576.9,-19.89,16.74
2026-01-29 23:00:00-05:00,437.22,421.22,-0.0,16.0
2026-01-30 00:00:00-05:00,302.74,293.63,-0.0,9.11
2026-01-30 01:00:00-05:00,281.03,271.78,-0.0,9.25
2026-01-30 02:00:00-05:00,264.08,255.66,-0.0,8.42
2026-01-30 03:00:00-05:00,256.3,248.12,-0.0,8.18
2026-01-30 04:00:00-05:00,277.54,267.38,-0.0,10.16
2026-01-30 05:00:00-05:00,337.5,325.79,-0.0,11.71
2026-01-30 06:00:00-05:00,466.58,455.2,-0.0,11.38
2026-01-30 07:00:00-05:00,505.52,493.69,-0.0,11.83
2026-01-30 08:00:00-05:00,491.38,478.95,-0.0,12.43
2026-01-30 09:00:00-05:00,452.43,439.67,-0.0,12.76
2026-01-30 10:00:00-05:00,401.88,387.53,-0.0,14.35
2026-01-30 11:00:00-05:00,373.85,359.46,-0.0,14.39
2026-01-30 12:00:00-05:00,329.25,315.98,-0.0,13.27
2026-01-30 13:00:00-05:00,302.1,289.93,-0.0,12.17
2026-01-30 14:00:00-05:00,303.65,291.41,-0.0,12.24
2026-01-30 15:00:00-05:00,325.21,311.19,-0.0,14.02
2026-01-30 16:00:00-05:00,417.97,400.75,-0.0,17.22
2026-01-30 17:00:00-05:00,480.0,459.79,-0.0,20.21
2026-01-30 18:00:00-05:00,500.7,481.42,-0.0,19.28
2026-01-30 19:00:00-05:00,454.42,436.93,-0.0,17.49
2026-01-30 20:00:00-05:00,420.3,401.81,-0.0,18.49
2026-01-30 21:00:00-05:00,407.99,391.92,-0.0,16.07
2026-01-30 22:00:00-05:00,397.22,383.44,-0.0,13.78
2026-01-30 23:00:00-05:00,370.0,358.2,-0.0,11.8
2026-01-31 00:00:00-05:00,246.74,238.18,-0.0,8.56
2026-01-31 01:00:00-05:00,234.53,226.39,-0.0,8.14
2026-01-31 02:00:00-05:00,217.65,209.68,-0.0,7.97
2026-01-31 03:00:00-05:00,212.85,204.87,-0.0,7.98
2026-01-31 04:00:00-05:00,217.92,209.78,-0.03,8.17
2026-01-31 05:00:00-05:00,229.6,221.37,0.03,8.2
2026-01-31 06:00:00-05:00,266.55,256.79,-0.0,9.76
2026-01-31 07:00:00-05:00,300.0,288.45,-0.0,11.55
2026-01-31 08:00:00-05:00,312.35,301.2,-0.0,11.15
2026-01-31 09:00:00-05:00,286.23,271.71,4.2,10.32
2026-01-31 10:00:00-05:00,254.58,248.82,-4.2,9.96
2026-01-31 11:00:00-05:00,230.3,221.87,-0.0,8.43
2026-01-31 12:00:00-05:00,216.87,207.33,-0.0,9.54
2026-01-31 13:00:00-05:00,207.73,198.22,-0.0,9.51
2026-01-31 14:00:00-05:00,211.59,201.71,-0.0,9.88
2026-01-31 15:00:00-05:00,220.28,210.19,-0.0,10.09
2026-01-31 16:00:00-05:00,251.0,240.18,-0.0,10.82
2026-01-31 17:00:00-05:00,308.99,295.67,-0.0,13.32
2026-01-31 18:00:00-05:00,300.0,287.07,-0.0,12.93
2026-01-31 19:00:00-05:00,288.29,275.09,-0.0,13.2
2026-01-31 20:00:00-05:00,258.53,246.92,-0.0,11.61
2026-01-31 21:00:00-05:00,258.09,247.92,-0.0,10.17
2026-01-31 22:00:00-05:00,245.64,225.59,11.7,8.35
2026-01-31 23:00:00-05:00,223.84,227.79,-11.7,7.75
2026-02-01 00:00:00-05:00,295.58,284.5,-0.0,11.08
2026-02-01 01:00:00-05:00,272.77,262.79,-0.0,9.98
2026-02-01 02:00:00-05:00,249.58,240.22,-0.0,9.36
2026-02-01 03:00:00-05:00,234.65,225.62,-0.0,9.03
2026-02-01 04:00:00-05:00,244.72,235.54,-0.0,9.18
2026-02-01 05:00:00-05:00,254.6,244.34,-0.0,10.26
2026-02-01 06:00:00-05:00,269.1,258.01,-0.0,11.09
2026-02-01 07:00:00-05:00,284.32,272.61,-0.0,11.71
2026-02-01 08:00:00-05:00,305.1,287.14,4.74,13.22
2026-02-01 09:00:00-05:00,324.72,311.73,-0.41,13.4
2026-02-01 10:00:00-05:00,292.9,280.28,-0.0,12.62
2026-02-01 11:00:00-05:00,274.93,262.59,-0.0,12.34
2026-02-01 12:00:00-05:00,250.0,228.97,8.45,12.58
2026-02-01 13:00:00-05:00,240.93,186.34,44.35,10.24
2026-02-01 14:00:00-05:00,240.69,181.26,49.29,10.14
2026-02-01 15:00:00-05:00,226.6,212.93,1.54,12.13
2026-02-01 16:00:00-05:00,278.67,266.41,-0.0,12.26
2026-02-01 17:00:00-05:00,324.4,310.42,-0.0,13.98
2026-02-01 18:00:00-05:00,318.7,305.57,-0.0,13.13
2026-02-01 19:00:00-05:00,296.62,284.67,-0.0,11.95
2026-02-01 20:00:00-05:00,285.35,274.11,-0.0,11.24
2026-02-01 21:00:00-05:00,260.16,249.21,-0.0,10.95
2026-02-01 22:00:00-05:00,245.24,235.58,-0.0,9.66
2026-02-01 23:00:00-05:00,232.3,222.73,-0.0,9.57
2026-02-02 00:00:00-05:00,225.29,215.81,-0.0,9.48
2026-02-02 01:00:00-05:00,198.87,190.3,-0.0,8.57
2026-02-02 02:00:00-05:00,198.34,189.79,-0.0,8.55
2026-02-02 03:00:00-05:00,196.55,187.9,-0.0,8.65
2026-02-02 04:00:00-05:00,199.02,190.26,-0.0,8.76
2026-02-02 05:00:00-05:00,207.53,198.4,-0.0,9.13
2026-02-02 06:00:00-05:00,277.36,267.46,-0.0,9.9
2026-02-02 07:00:00-05:00,303.87,293.33,-0.0,10.54
2026-02-02 08:00:00-05:00,307.84,296.85,-0.0,10.99
2026-02-02 09:00:00-05:00,286.64,276.15,-0.0,10.49
2026-02-02 10:00:00-05:00,246.8,234.39,-0.0,12.41
2026-02-02 11:00:00-05:00,209.4,198.49,-0.0,10.91
2026-02-02 12:00:00-05:00,197.78,170.13,17.96,9.69
2026-02-02 13:00:00-05:00,185.61,163.66,12.63,9.32
2026-02-02 14:00:00-05:00,174.85,161.46,4.19,9.2
2026-02-02 15:00:00-05:00,189.25,179.39,-0.0,9.86
2026-02-02 16:00:00-05:00,226.7,215.3,-0.0,11.4
2026-02-02 17:00:00-05:00,295.05,281.8,-0.0,13.25
2026-02-02 18:00:00-05:00,300.0,286.53,-0.0,13.47
2026-02-02 19:00:00-05:00,267.51,255.5,-0.0,12.01
2026-02-02 20:00:00-05:00,250.0,238.55,-0.0,11.45
2026-02-02 21:00:00-05:00,210.48,200.46,-0.0,10.02
2026-02-02 22:00:00-05:00,221.91,211.55,-0.0,10.36
2026-02-02 23:00:00-05:00,207.23,197.55,-0.0,9.68
2026-02-03 00:00:00-05:00,208.57,199.98,-0.0,8.59
2026-02-03 01:00:00-05:00,198.83,190.82,-0.0,8.01
2026-02-03 02:00:00-05:00,197.3,189.35,-0.0,7.95
2026-02-03 03:00:00-05:00,196.37,188.28,-0.0,8.09
2026-02-03 04:00:00-05:00,200.0,194.51,-2.49,7.98
2026-02-03 05:00:00-05:00,238.67,228.86,2.49,7.32
2026-02-03 06:00:00-05:00,328.12,319.49,-0.0,8.63
2026-02-03 07:00:00-05:00,321.27,311.02,-0.0,10.25
2026-02-03 08:00:00-05:00,288.27,279.33,-0.0,8.94
2026-02-03 09:00:00-05:00,271.2,262.03,-0.0,9.17
2026-02-03 10:00:00-05:00,226.83,217.69,-0.0,9.14
2026-02-03 11:00:00-05:00,203.01,194.65,-0.0,8.36
2026-02-03 12:00:00-05:00,191.3,183.05,-0.0,8.25
2026-02-03 13:00:00-05:00,180.91,173.95,-0.0,6.96
2026-02-03 14:00:00-05:00,180.56,173.61,-0.0,6.95
2026-02-03 15:00:00-05:00,194.22,187.11,-0.0,7.11
2026-02-03 16:00:00-05:00,236.65,230.21,-0.0,6.44
2026-02-03 17:00:00-05:00,300.99,293.37,-0.0,7.62
2026-02-03 18:00:00-05:00,293.39,285.67,-0.0,7.72
2026-02-03 19:00:00-05:00,259.48,251.67,-0.0,7.81
2026-02-03 20:00:00-05:00,239.83,231.51,-0.0,8.32
2026-02-03 21:00:00-05:00,223.63,214.82,-0.0,8.81
2026-02-03 22:00:00-05:00,205.22,197.52,-0.0,7.7
2026-02-03 23:00:00-05:00,202.43,195.2,-0.0,7.23
2026-02-04 00:00:00-05:00,195.09,150.62,36.79,7.68
2026-02-04 01:00:00-05:00,184.31,140.56,36.59,7.16
2026-02-04 02:00:00-05:00,182.0,128.19,47.28,6.53
2026-02-04 03:00:00-05:00,185.27,130.59,48.15,6.53
2026-02-04 04:00:00-05:00,189.5,133.27,49.44,6.79
2026-02-04 05:00:00-05:00,218.32,143.99,67.56,6.77
2026-02-04 06:00:00-05:00,257.5,192.04,57.02,8.44
2026-02-04 07:00:00-05:00,263.1,253.47,-0.0,9.63
2026-02-04 08:00:00-05:00,252.05,243.05,-0.0,9.0
2026-02-04 09:00:00-05:00,226.67,200.5,16.35,9.82
2026-02-04 10:00:00-05:00,214.8,177.01,28.77,9.02
2026-02-04 11:00:00-05:00,213.0,163.57,40.77,8.66
2026-02-04 12:00:00-05:00,182.61,151.78,22.79,8.04
2026-02-04 13:00:00-05:00,181.45,149.21,23.89,8.35
2026-02-04 14:00:00-05:00,170.9,150.62,12.0,8.28
2026-02-04 15:00:00-05:00,173.7,150.72,14.85,8.13
2026-02-04 16:00:00-05:00,198.55,177.38,12.13,9.04
2026-02-04 17:00:00-05:00,272.0,241.35,18.59,12.06
2026-02-04 18:00:00-05:00,264.0,240.63,11.34,12.03
2026-02-04 19:00:00-05:00,233.2,217.78,4.54,10.88
2026-02-04 20:00:00-05:00,223.0,196.77,16.2,10.03
2026-02-04 21:00:00-05:00,204.89,176.93,18.94,9.02
2026-02-04 22:00:00-05:00,187.08,165.47,13.01,8.6
2026-02-04 23:00:00-05:00,184.48,161.29,14.49,8.7
2026-02-05 00:00:00-05:00,162.82,151.21,3.0,8.61
2026-02-05 01:00:00-05:00,161.46,141.17,12.67,7.62
2026-02-05 02:00:00-05:00,160.13,134.95,17.9,7.28
2026-02-05 03:00:00-05:00,159.73,133.04,19.51,7.18
2026-02-05 04:00:00-05:00,162.37,141.28,13.61,7.48
2026-02-05 05:00:00-05:00,167.4,154.92,4.43,8.05
2026-02-05 06:00:00-05:00,200.87,199.67,-8.38,9.58
2026-02-05 07:00:00-05:00,231.88,214.49,8.38,9.01
2026-02-05 08:00:00-05:00,207.21,198.67,-0.0,8.54
2026-02-05 09:00:00-05:00,184.15,175.22,-0.0,8.93
2026-02-05 10:00:00-05:00,169.0,159.89,0.48,8.63
2026-02-05 11:00:00-05:00,156.0,147.87,-0.0,8.13
2026-02-05 12:00:00-05:00,139.05,132.43,-0.0,6.62
2026-02-05 13:00:00-05:00,132.15,125.74,-0.0,6.41
2026-02-05 14:00:00-05:00,129.53,123.13,-0.0,6.4
2026-02-05 15:00:00-05:00,139.59,132.95,-0.0,6.64
2026-02-05 16:00:00-05:00,165.42,157.4,-0.0,8.02
2026-02-05 17:00:00-05:00,217.61,207.45,-0.0,10.16
2026-02-05 18:00:00-05:00,215.96,205.68,-0.0,10.28
2026-02-05 19:00:00-05:00,199.06,189.94,-0.0,9.12
2026-02-05 20:00:00-05:00,182.5,174.14,-0.0,8.36
2026-02-05 21:00:00-05:00,163.2,155.28,-0.0,7.92
2026-02-05 22:00:00-05:00,167.42,154.39,4.85,8.18
2026-02-05 23:00:00-05:00,157.0,143.89,5.35,7.76
2026-02-06 00:00:00-05:00,214.36,204.35,-0.0,10.01
2026-02-06 01:00:00-05:00,181.35,169.69,2.67,8.99
2026-02-06 02:00:00-05:00,177.32,155.62,13.3,8.4
2026-02-06 03:00:00-05:00,177.67,168.62,0.62,8.43
2026-02-06 04:00:00-05:00,185.06,176.92,-0.0,8.14
2026-02-06 05:00:00-05:00,201.69,182.09,11.95,7.65
2026-02-06 06:00:00-05:00,247.01,238.66,-0.0,8.35
2026-02-06 07:00:00-05:00,283.86,274.27,-0.0,9.59
2026-02-06 08:00:00-05:00,272.17,262.97,-0.0,9.2
2026-02-06 09:00:00-05:00,257.19,248.01,-0.0,9.18
2026-02-06 10:00:00-05:00,239.1,230.35,-0.0,8.75
2026-02-06 11:00:00-05:00,221.19,212.08,-0.0,9.11
2026-02-06 12:00:00-05:00,202.85,178.67,14.54,9.64
2026-02-06 13:00:00-05:00,198.7,153.82,36.27,8.61
2026-02-06 14:00:00-05:00,197.8,153.47,35.74,8.59
2026-02-06 15:00:00-05:00,199.7,175.01,15.07,9.62
2026-02-06 16:00:00-05:00,239.71,229.83,-0.0,9.88
2026-02-06 17:00:00-05:00,275.0,263.92,-0.0,11.08
2026-02-06 18:00:00-05:00,265.78,255.55,-0.0,10.23
2026-02-06 19:00:00-05:00,226.3,215.32,-0.0,10.98
2026-02-06 20:00:00-05:00,227.64,203.65,13.0,10.99
2026-02-06 21:00:00-05:00,206.57,196.18,-0.0,10.39
2026-02-06 22:00:00-05:00,191.0,174.51,6.9,9.59
2026-02-06 23:00:00-05:00,192.07,149.94,33.89,8.24
2026-02-07 00:00:00-05:00,195.0,170.46,15.51,9.03
2026-02-07 01:00:00-05:00,181.68,159.09,14.0,8.59
2026-02-07 02:00:00-05:00,174.88,135.8,31.75,7.33
2026-02-07 03:00:00-05:00,178.15,120.78,50.97,6.4
2026-02-07 04:00:00-05:00,184.23,125.5,52.21,6.52
2026-02-07 05:00:00-05:00,200.12,132.41,60.83,6.88
2026-02-07 06:00:00-05:00,226.0,146.29,73.12,6.59
2026-02-07 07:00:00-05:00,248.0,160.0,81.59,6.41
2026-02-07 08:00:00-05:00,244.0,180.12,56.67,7.21
2026-02-07 09:00:00-05:00,247.4,195.01,44.58,7.81
2026-02-07 10:00:00-05:00,266.31,240.33,14.92,11.06
2026-02-07 11:00:00-05:00,264.05,218.28,34.64,11.13
2026-02-07 12:00:00-05:00,250.0,195.34,43.92,10.74
2026-02-07 13:00:00-05:00,232.9,166.67,57.07,9.16
2026-02-07 14:00:00-05:00,237.5,155.4,73.56,8.54
2026-02-07 15:00:00-05:00,240.11,156.41,75.26,8.44
2026-02-07 16:00:00-05:00,305.37,251.77,41.52,12.08
2026-02-07 17:00:00-05:00,337.67,316.34,7.74,13.59
2026-02-07 18:00:00-05:00,328.52,311.36,4.39,12.77
2026-02-07 19:00:00-05:00,313.1,295.76,4.63,12.71
2026-02-07 20:00:00-05:00,294.0,243.69,37.4,12.91
2026-02-07 21:00:00-05:00,267.7,213.04,43.16,11.5
2026-02-07 22:00:00-05:00,254.6,237.26,5.25,12.09
2026-02-07 23:00:00-05:00,252.57,240.09,-0.0,12.48
2026-02-08 00:00:00-05:00,223.02,213.41,-0.0,9.61
2026-02-08 01:00:00-05:00,214.47,205.03,-0.0,9.44
2026-02-08 02:00:00-05:00,202.94,194.01,-0.0,8.93
2026-02-08 03:00:00-05:00,201.3,192.26,-0.0,9.04
2026-02-08 04:00:00-05:00,203.32,194.56,-0.0,8.76
2026-02-08 05:00:00-05:00,200.49,198.04,-6.67,9.12
2026-02-08 06:00:00-05:00,227.45,228.44,-10.58,9.59
2026-02-08 07:00:00-05:00,263.14,237.8,17.25,8.09
2026-02-08 08:00:00-05:00,252.41,243.88,-0.0,8.53
2026-02-08 09:00:00-05:00,234.65,225.19,-0.0,9.46
2026-02-08 10:00:00-05:00,244.75,208.93,25.79,10.03
2026-02-08 11:00:00-05:00,230.78,194.78,26.65,9.35
2026-02-08 12:00:00-05:00,215.4,194.49,11.19,9.72
2026-02-08 13:00:00-05:00,198.54,187.09,1.91,9.54
2026-02-08 14:00:00-05:00,209.0,194.74,4.33,9.93
2026-02-08 15:00:00-05:00,220.3,198.9,11.26,10.14
2026-02-08 16:00:00-05:00,257.35,235.6,10.91,10.84
2026-02-08 17:00:00-05:00,325.34,313.43,-0.0,11.91
2026-02-08 18:00:00-05:00,321.56,310.08,-0.0,11.48
2026-02-08 19:00:00-05:00,309.0,297.1,-0.0,11.9
2026-02-08 20:00:00-05:00,293.88,282.13,0.45,11.3
2026-02-08 21:00:00-05:00,265.49,253.57,-0.0,11.92
2026-02-08 22:00:00-05:00,239.4,228.87,-0.0,10.53
2026-02-08 23:00:00-05:00,238.3,226.96,-0.0,11.34
2026-02-09 00:00:00-05:00,210.22,200.97,-0.0,9.25
2026-02-09 01:00:00-05:00,201.15,191.76,-0.0,9.39
2026-02-09 02:00:00-05:00,197.35,188.31,-0.0,9.04
2026-02-09 03:00:00-05:00,199.66,190.7,-0.0,8.96
2026-02-09 04:00:00-05:00,203.45,194.88,-0.0,8.57
2026-02-09 05:00:00-05:00,237.16,228.03,-0.0,9.13
2026-02-09 06:00:00-05:00,309.53,299.37,-0.92,11.08
2026-02-09 07:00:00-05:00,326.13,314.51,0.92,10.7
2026-02-09 08:00:00-05:00,305.73,295.67,-0.0,10.06
2026-02-09 09:00:00-05:00,247.82,239.22,-0.0,8.6
2026-02-09 10:00:00-05:00,228.45,220.52,-0.0,7.93
2026-02-09 11:00:00-05:00,192.82,183.82,-0.0,9.0
2026-02-09 12:00:00-05:00,184.8,175.84,-0.0,8.96
2026-02-09 13:00:00-05:00,174.05,165.77,-0.0,8.28
2026-02-09 14:00:00-05:00,181.13,172.67,-0.0,8.46
2026-02-09 15:00:00-05:00,187.23,178.75,-0.28,8.76
2026-02-09 16:00:00-05:00,222.8,213.35,0.28,9.17
2026-02-09 17:00:00-05:00,287.8,279.14,-0.0,8.66
2026-02-09 18:00:00-05:00,304.0,294.85,-0.0,9.15
2026-02-09 19:00:00-05:00,259.89,251.34,-0.0,8.55
2026-02-09 20:00:00-05:00,243.88,236.1,-0.0,7.78
2026-02-09 21:00:00-05:00,215.71,207.81,-0.0,7.9
2026-02-09 22:00:00-05:00,211.16,196.54,7.56,7.06
2026-02-09 23:00:00-05:00,185.38,184.45,-7.56,8.49
2026-02-10 00:00:00-05:00,177.47,168.54,-0.0,8.93
2026-02-10 01:00:00-05:00,161.0,150.02,3.03,7.95
2026-02-10 02:00:00-05:00,149.75,141.95,-0.0,7.8
2026-02-10 03:00:00-05:00,148.45,140.85,-0.0,7.6
2026-02-10 04:00:00-05:00,160.19,152.28,-0.0,7.91
2026-02-10 05:00:00-05:00,198.08,189.92,-0.0,8.16
2026-02-10 06:00:00-05:00,239.12,229.48,-0.0,9.64
2026-02-10 07:00:00-05:00,249.74,240.12,-0.0,9.62
2026-02-10 08:00:00-05:00,233.05,223.66,-0.0,9.39
2026-02-10 09:00:00-05:00,217.75,208.58,-0.0,9.17
2026-02-10 10:00:00-05:00,150.45,143.15,-0.0,7.3
2026-02-10 11:00:00-05:00,150.0,124.46,18.82,6.72
2026-02-10 12:00:00-05:00,150.0,115.03,28.88,6.09
2026-02-10 13:00:00-05:00,149.9,111.64,32.35,5.91
2026-02-10 14:00:00-05:00,145.92,105.62,34.6,5.7
2026-02-10 15:00:00-05:00,149.0,100.92,42.63,5.45
2026-02-10 16:00:00-05:00,159.0,145.18,6.56,7.26
2026-02-10 17:00:00-05:00,190.2,170.01,12.2,7.99
2026-02-10 18:00:00-05:00,181.93,166.28,8.0,7.65
2026-02-10 19:00:00-05:00,173.2,163.26,2.59,7.35
2026-02-10 20:00:00-05:00,160.1,152.32,0.62,7.16
2026-02-10 21:00:00-05:00,150.0,138.12,5.11,6.77
2026-02-10 22:00:00-05:00,137.8,124.76,6.43,6.61
2026-02-10 23:00:00-05:00,125.82,102.69,17.59,5.54
2026-02-11 00:00:00-05:00,115.0,85.82,25.06,4.12
2026-02-11 01:00:00-05:00,104.64,83.09,17.73,3.82
2026-02-11 02:00:00-05:00,96.02,76.71,15.78,3.53
2026-02-11 03:00:00-05:00,92.01,74.58,14.0,3.43
2026-02-11 04:00:00-05:00,102.31,69.58,29.6,3.13
2026-02-11 05:00:00-05:00,145.0,82.31,58.9,3.79
2026-02-11 06:00:00-05:00,155.6,97.3,53.73,4.57
2026-02-11 07:00:00-05:00,150.0,114.98,29.84,5.18
2026-02-11 08:00:00-05:00,150.0,110.69,34.45,4.86
2026-02-11 09:00:00-05:00,150.0,97.68,47.82,4.5
2026-02-11 10:00:00-05:00,108.5,87.95,16.33,4.22
2026-02-11 11:00:00-05:00,114.3,86.04,24.13,4.13
2026-02-11 12:00:00-05:00,106.2,80.57,21.68,3.95
2026-02-11 13:00:00-05:00,104.1,81.57,18.61,3.92
2026-02-11 14:00:00-05:00,109.2,82.81,22.42,3.97
2026-02-11 15:00:00-05:00,118.43,85.07,29.44,3.92
2026-02-11 16:00:00-05:00,127.18,97.15,25.08,4.95
2026-02-11 17:00:00-05:00,149.29,118.6,23.69,7.0
2026-02-11 18:00:00-05:00,146.98,116.39,23.61,6.98
2026-02-11 19:00:00-05:00,137.24,99.8,31.45,5.99
2026-02-11 20:00:00-05:00,126.45,97.44,23.85,5.16
2026-02-11 21:00:00-05:00,113.47,96.79,12.03,4.65
2026-02-11 22:00:00-05:00,90.93,81.42,5.84,3.67
2026-02-11 23:00:00-05:00,86.95,83.16,0.04,3.75
2026-02-12 00:00:00-05:00,87.0,83.42,-0.0,3.58
2026-02-12 01:00:00-05:00,84.03,72.9,8.0,3.13
2026-02-12 02:00:00-05:00,81.3,66.62,11.88,2.8
2026-02-12 03:00:00-05:00,74.84,64.15,8.0,2.69
2026-02-12 04:00:00-05:00,79.44,68.63,8.0,2.81
2026-02-12 05:00:00-05:00,89.6,85.1,1.09,3.41
2026-02-12 06:00:00-05:00,114.18,108.13,-0.0,6.05
2026-02-12 07:00:00-05:00,122.48,115.66,-0.0,6.82
2026-02-12 08:00:00-05:00,109.85,103.83,-0.0,6.02
2026-02-12 09:00:00-05:00,101.69,96.76,-0.0,4.93
2026-02-12 10:00:00-05:00,98.2,93.88,-0.0,4.32
2026-02-12 11:00:00-05:00,94.07,90.11,-0.0,3.96
2026-02-12 12:00:00-05:00,85.98,82.12,-0.0,3.86
2026-02-12 13:00:00-05:00,85.55,81.63,-0.0,3.92
2026-02-12 14:00:00-05:00,85.54,81.47,-0.0,4.07
2026-02-12 15:00:00-05:00,96.78,92.43,-0.0,4.35
2026-02-12 16:00:00-05:00,106.29,99.81,0.49,5.99
2026-02-12 17:00:00-05:00,128.13,121.11,-0.0,7.02
2026-02-12 18:00:00-05:00,129.4,121.61,-0.0,7.79
2026-02-12 19:00:00-05:00,116.73,110.44,-0.0,6.29
2026-02-12 20:00:00-05:00,105.09,99.33,-0.0,5.76
2026-02-12 21:00:00-05:00,102.18,96.86,-0.0,5.32
2026-02-12 22:00:00-05:00,94.36,90.39,-0.0,3.97
2026-02-12 23:00:00-05:00,92.32,88.6,-0.0,3.72
2026-02-13 00:00:00-05:00,98.3,80.44,12.79,5.07
2026-02-13 01:00:00-05:00,86.81,80.11,1.73,4.97
2026-02-13 02:00:00-05:00,87.1,79.95,2.35,4.8
2026-02-13 03:00:00-05:00,84.83,79.95,-0.0,4.88
2026-02-13 04:00:00-05:00,91.7,80.19,6.62,4.89
2026-02-13 05:00:00-05:00,98.59,80.36,13.33,4.9
2026-02-13 06:00:00-05:00,124.0,107.06,10.41,6.53
2026-02-13 07:00:00-05:00,141.76,133.86,-0.0,7.9
2026-02-13 08:00:00-05:00,123.41,116.09,-0.0,7.32
2026-02-13 09:00:00-05:00,90.29,83.87,0.8,5.62
2026-02-13 10:00:00-05:00,84.32,79.4,-0.0,4.92
2026-02-13 11:00:00-05:00,76.78,71.89,0.87,4.02
2026-02-13 12:00:00-05:00,72.56,66.06,2.67,3.83
2026-02-13 13:00:00-05:00,76.5,64.57,8.19,3.74
2026-02-13 14:00:00-05:00,74.68,64.99,5.92,3.77
2026-02-13 15:00:00-05:00,82.4,65.98,12.59,3.83
2026-02-13 16:00:00-05:00,90.88,81.91,3.65,5.32
2026-02-13 17:00:00-05:00,120.61,93.45,21.17,5.99
2026-02-13 18:00:00-05:00,122.5,102.69,14.06,5.75
2026-02-13 19:00:00-05:00,114.6,88.22,21.53,4.85
2026-02-13 20:00:00-05:00,108.3,80.61,23.42,4.27
2026-02-13 21:00:00-05:00,106.4,80.19,22.2,4.01
2026-02-13 22:00:00-05:00,97.5,78.78,14.94,3.78
2026-02-13 23:00:00-05:00,91.1,76.23,11.14,3.73
2026-02-14 00:00:00-05:00,83.1,76.9,2.9,3.3
2026-02-14 01:00:00-05:00,82.5,69.13,10.33,3.04
2026-02-14 02:00:00-05:00,80.8,65.7,12.28,2.82
2026-02-14 03:00:00-05:00,77.1,65.46,8.96,2.68
2026-02-14 04:00:00-05:00,79.1,66.14,10.25,2.71
2026-02-14 05:00:00-05:00,88.48,70.84,14.88,2.76
2026-02-14 06:00:00-05:00,97.23,76.25,18.08,2.9
2026-02-14 07:00:00-05:00,99.2,79.71,16.14,3.35
2026-02-14 08:00:00-05:00,90.68,79.79,7.62,3.27
2026-02-14 09:00:00-05:00,75.62,72.92,-0.0,2.7
2026-02-14 10:00:00-05:00,68.06,65.82,-0.0,2.24
2026-02-14 11:00:00-05:00,62.68,60.56,-0.0,2.12
2026-02-14 12:00:00-05:00,57.07,54.98,-0.0,2.09
2026-02-14 13:00:00-05:00,56.36,54.3,-0.0,2.06
2026-02-14 14:00:00-05:00,56.1,53.94,-0.0,2.16
2026-02-14 15:00:00-05:00,59.48,57.19,-0.0,2.29
2026-02-14 16:00:00-05:00,71.53,68.78,-0.0,2.75
2026-02-14 17:00:00-05:00,89.58,80.11,5.86,3.61
2026-02-14 18:00:00-05:00,83.8,80.19,-0.0,3.61
2026-02-14 19:00:00-05:00,82.82,79.71,-0.0,3.11
2026-02-14 20:00:00-05:00,77.9,75.27,-0.0,2.63
2026-02-14 21:00:00-05:00,72.23,69.65,-0.0,2.58
2026-02-14 22:00:00-05:00,71.77,69.48,-0.0,2.29
2026-02-14 23:00:00-05:00,66.63,64.82,-0.0,1.81
2026-02-15 00:00:00-05:00,68.2,66.22,-0.0,1.98
2026-02-15 01:00:00-05:00,63.56,61.53,-0.0,2.03
2026-02-15 02:00:00-05:00,58.28,56.53,-0.0,1.75
2026-02-15 03:00:00-05:00,57.07,55.41,-0.0,1.66
2026-02-15 04:00:00-05:00,55.49,53.93,-0.0,1.56
2026-02-15 05:00:00-05:00,60.39,58.57,-0.0,1.82
2026-02-15 06:00:00-05:00,69.6,66.45,1.02,2.13
2026-02-15 07:00:00-05:00,78.69,63.97,12.67,2.05
2026-02-15 08:00:00-05:00,68.2,62.08,4.07,2.05
2026-02-15 09:00:00-05:00,60.9,54.86,4.17,1.87
2026-02-15 10:00:00-05:00,52.55,50.82,-0.0,1.73
2026-02-15 11:00:00-05:00,51.23,49.5,-0.0,1.73
2026-02-15 12:00:00-05:00,50.16,48.32,-0.0,1.84
2026-02-15 13:00:00-05:00,50.43,48.58,-0.0,1.85
2026-02-15 14:00:00-05:00,52.48,50.46,-0.0,2.02
2026-02-15 15:00:00-05:00,57.97,55.02,0.75,2.2
2026-02-15 16:00:00-05:00,72.7,68.3,1.67,2.73
2026-02-15 17:00:00-05:00,93.0,79.47,10.43,3.1
2026-02-15 18:00:00-05:00,92.5,82.24,6.48,3.78
2026-02-15 19:00:00-05:00,82.6,77.53,1.74,3.33
2026-02-15 20:00:00-05:00,86.0,73.65,9.19,3.16
2026-02-15 21:00:00-05:00,72.7,64.18,5.76,2.76
2026-02-15 22:00:00-05:00,70.98,59.87,8.71,2.4
2026-02-15 23:00:00-05:00,60.0,57.86,-0.0,2.14
2026-02-16 00:00:00-05:00,70.6,58.4,10.04,2.16
2026-02-16 01:00:00-05:00,69.8,53.34,14.49,1.97
2026-02-16 02:00:00-05:00,68.06,52.06,14.13,1.87
2026-02-16 03:00:00-05:00,68.0,50.63,15.65,1.72
2026-02-16 04:00:00-05:00,69.36,51.32,16.35,1.69
2026-02-16 05:00:00-05:00,72.6,55.49,15.28,1.83
2026-02-16 06:00:00-05:00,79.37,65.99,11.07,2.31
2026-02-16 07:00:00-05:00,89.78,71.75,15.23,2.8
2026-02-16 08:00:00-05:00,75.0,71.05,1.11,2.84
2026-02-16 09:00:00-05:00,75.7,72.72,-0.0,2.98
2026-02-16 10:00:00-05:00,72.02,69.32,-0.0,2.7
2026-02-16 11:00:00-05:00,70.5,67.86,-0.0,2.64
2026-02-16 12:00:00-05:00,64.77,62.22,-0.0,2.55
2026-02-16 13:00:00-05:00,64.1,61.52,-0.0,2.58
2026-02-16 14:00:00-05:00,60.16,57.74,-0.0,2.42
2026-02-16 15:00:00-05:00,68.5,58.14,7.98,2.38
2026-02-16 16:00:00-05:00,75.5,67.14,5.67,2.69
2026-02-16 17:00:00-05:00,97.0,79.79,13.54,3.67
2026-02-16 18:00:00-05:00,95.3,83.37,7.68,4.25
2026-02-16 19:00:00-05:00,88.6,74.71,10.45,3.44
2026-02-16 20:00:00-05:00,87.22,62.62,21.91,2.69
2026-02-16 21:00:00-05:00,85.81,59.16,24.17,2.48
2026-02-16 22:00:00-05:00,74.38,55.34,16.82,2.22
2026-02-16 23:00:00-05:00,68.08,52.95,13.07,2.06
2026-02-17 00:00:00-05:00,67.4,51.81,13.31,2.28
2026-02-17 01:00:00-05:00,63.4,47.26,14.06,2.08
2026-02-17 02:00:00-05:00,62.7,45.23,15.53,1.94
2026-02-17 03:00:00-05:00,63.72,44.72,17.26,1.74
2026-02-17 04:00:00-05:00,66.9,46.78,18.39,1.73
2026-02-17 05:00:00-05:00,75.42,50.82,22.67,1.93
2026-02-17 06:00:00-05:00,87.28,67.45,17.41,2.42
2026-02-17 07:00:00-05:00,96.65,76.09,17.6,2.96
2026-02-17 08:00:00-05:00,87.03,75.14,8.81,3.08
2026-02-17 09:00:00-05:00,78.52,75.43,-0.0,3.09
2026-02-17 10:00:00-05:00,72.87,70.06,-0.0,2.81
2026-02-17 11:00:00-05:00,69.97,67.28,-0.0,2.69
2026-02-17 12:00:00-05:00,64.0,61.42,-0.0,2.58
2026-02-17 13:00:00-05:00,59.69,55.18,2.14,2.37
2026-02-17 14:00:00-05:00,58.7,52.53,4.02,2.15
2026-02-17 15:00:00-05:00,61.39,52.54,6.8,2.05
2026-02-17 16:00:00-05:00,67.43,64.77,-0.0,2.66
2026-02-17 17:00:00-05:00,86.32,79.95,2.86,3.51
2026-02-17 18:00:00-05:00,88.01,83.98,-0.0,4.03
2026-02-17 19:00:00-05:00,77.75,74.45,0.1,3.2
2026-02-17 20:00:00-05:00,74.73,65.44,6.61,2.68
2026-02-17 21:00:00-05:00,64.0,58.43,3.0,2.57
2026-02-17 22:00:00-05:00,57.85,55.62,-0.0,2.23
2026-02-17 23:00:00-05:00,55.32,53.3,-0.0,2.02
2026-02-18 00:00:00-05:00,56.67,54.7,-0.0,1.97
2026-02-18 01:00:00-05:00,55.43,50.61,3.0,1.82
2026-02-18 02:00:00-05:00,52.6,49.56,1.26,1.78
2026-02-18 03:00:00-05:00,52.6,48.07,2.8,1.73
2026-02-18 04:00:00-05:00,53.67,49.64,2.25,1.78
2026-02-18 05:00:00-05:00,58.29,52.81,3.63,1.85
2026-02-18 06:00:00-05:00,66.7,59.03,5.6,2.07
2026-02-18 07:00:00-05:00,78.84,69.25,6.82,2.77
2026-02-18 08:00:00-05:00,76.98,71.02,2.98,2.98
2026-02-18 09:00:00-05:00,75.9,72.98,-0.0,2.92
2026-02-18 10:00:00-05:00,68.91,66.39,-0.0,2.52
2026-02-18 11:00:00-05:00,70.76,68.5,-0.0,2.26
2026-02-18 12:00:00-05:00,68.71,66.45,-0.0,2.26
2026-02-18 13:00:00-05:00,66.6,64.41,-0.0,2.19
2026-02-18 14:00:00-05:00,63.0,60.87,-0.0,2.13
2026-02-18 15:00:00-05:00,64.56,62.2,-0.0,2.36
2026-02-18 16:00:00-05:00,70.75,68.16,-0.0,2.59
2026-02-18 17:00:00-05:00,89.33,75.2,11.05,3.08
2026-02-18 18:00:00-05:00,86.1,76.5,6.39,3.21
2026-02-18 19:00:00-05:00,77.0,69.89,4.45,2.66
2026-02-18 20:00:00-05:00,68.06,65.5,0.21,2.35
2026-02-18 21:00:00-05:00,58.53,56.44,-0.0,2.09
2026-02-18 22:00:00-05:00,56.17,54.48,-0.0,1.69
2026-02-18 23:00:00-05:00,53.3,51.95,-0.0,1.35
2026-02-19 00:00:00-05:00,52.39,50.49,0.24,1.66
2026-02-19 01:00:00-05:00,50.0,48.3,0.11,1.59
2026-02-19 02:00:00-05:00,47.67,46.28,-0.0,1.39
2026-02-19 03:00:00-05:00,47.68,46.2,-0.0,1.48
2026-02-19 04:00:00-05:00,49.0,46.72,0.79,1.49
2026-02-19 05:00:00-05:00,52.0,47.53,3.0,1.47
2026-02-19 06:00:00-05:00,59.23,57.45,-0.0,1.78
2026-02-19 07:00:00-05:00,69.8,67.5,-0.0,2.3
2026-02-19 08:00:00-05:00,67.47,65.32,-0.0,2.15
2026-02-19 09:00:00-05:00,64.5,60.5,1.83,2.17
2026-02-19 10:00:00-05:00,56.69,54.82,-0.0,1.87
2026-02-19 11:00:00-05:00,54.34,52.55,-0.0,1.79
2026-02-19 12:00:00-05:00,52.39,50.47,-0.0,1.92
2026-02-19 13:00:00-05:00,50.33,48.53,-0.0,1.8
2026-02-19 14:00:00-05:00,51.92,50.12,-0.0,1.8
2026-02-19 15:00:00-05:00,55.9,49.43,4.69,1.78
2026-02-19 16:00:00-05:00,66.87,56.7,8.13,2.04
2026-02-19 17:00:00-05:00,82.36,69.6,10.12,2.64
2026-02-19 18:00:00-05:00,82.7,73.68,6.0,3.02
2026-02-19 19:00:00-05:00,80.14,62.67,15.09,2.38
2026-02-19 20:00:00-05:00,75.82,55.98,17.71,2.13
2026-02-19 21:00:00-05:00,64.26,49.36,12.88,2.02
2026-02-19 22:00:00-05:00,66.4,47.62,16.97,1.81
2026-02-19 23:00:00-05:00,53.8,45.35,6.77,1.68
2026-02-20 00:00:00-05:00,65.19,45.65,17.62,1.92
2026-02-20 01:00:00-05:00,63.9,43.35,18.69,1.86
2026-02-20 02:00:00-05:00,62.5,43.29,17.39,1.82
2026-02-20 03:00:00-05:00,62.6,40.35,20.56,1.69
2026-02-20 04:00:00-05:00,65.8,40.07,23.97,1.76
2026-02-20 05:00:00-05:00,70.73,45.56,23.17,2.0
2026-02-20 06:00:00-05:00,82.29,54.92,25.12,2.25
2026-02-20 07:00:00-05:00,90.0,59.53,28.15,2.32
2026-02-20 08:00:00-05:00,85.0,64.37,17.99,2.64
2026-02-20 09:00:00-05:00,80.0,70.32,6.59,3.09
2026-02-20 10:00:00-05:00,82.0,76.06,2.51,3.43
2026-02-20 11:00:00-05:00,80.88,77.39,-0.0,3.49
2026-02-20 12:00:00-05:00,79.4,75.75,0.16,3.49
2026-02-20 13:00:00-05:00,78.7,72.04,3.2,3.46
2026-02-20 14:00:00-05:00,73.4,70.17,-0.07,3.3
2026-02-20 15:00:00-05:00,76.8,67.04,6.61,3.15
2026-02-20 16:00:00-05:00,77.9,67.35,7.45,3.1
2026-02-20 17:00:00-05:00,96.26,72.66,20.26,3.34
2026-02-20 18:00:00-05:00,98.9,67.35,28.52,3.03
2026-02-20 19:00:00-05:00,85.4,61.37,21.27,2.76
2026-02-20 20:00:00-05:00,81.56,55.07,24.12,2.37
2026-02-20 21:00:00-05:00,75.0,53.65,18.93,2.42
2026-02-20 22:00:00-05:00,66.7,46.56,18.09,2.05
2026-02-20 23:00:00-05:00,62.35,46.71,13.63,2.01
2026-02-21 00:00:00-05:00,58.29,42.1,14.55,1.64
2026-02-21 01:00:00-05:00,55.66,41.9,12.04,1.72
2026-02-21 02:00:00-05:00,53.56,41.94,9.9,1.72
2026-02-21 03:00:00-05:00,53.55,41.52,10.37,1.66
2026-02-21 04:00:00-05:00,51.05,41.35,8.0,1.7
2026-02-21 05:00:00-05:00,51.8,41.98,8.14,1.68
2026-02-21 06:00:00-05:00,54.45,44.4,8.36,1.69
2026-02-21 07:00:00-05:00,62.1,47.51,12.88,1.71
2026-02-21 08:00:00-05:00,62.45,50.79,9.83,1.83
2026-02-21 09:00:00-05:00,60.0,48.92,9.37,1.71
2026-02-21 10:00:00-05:00,66.5,51.95,12.58,1.97
2026-02-21 11:00:00-05:00,63.59,50.91,10.7,1.98
2026-02-21 12:00:00-05:00,59.8,48.77,9.08,1.95
2026-02-21 13:00:00-05:00,58.34,49.88,6.56,1.9
2026-02-21 14:00:00-05:00,60.0,49.1,8.99,1.91
2026-02-21 15:00:00-05:00,64.66,52.35,10.37,1.94
2026-02-21 16:00:00-05:00,65.11,58.27,4.86,1.98
2026-02-21 17:00:00-05:00,75.18,68.17,4.63,2.38
2026-02-21 18:00:00-05:00,75.28,72.67,-0.0,2.61
2026-02-21 19:00:00-05:00,69.83,65.9,1.56,2.37
2026-02-21 20:00:00-05:00,72.0,59.91,9.99,2.1
2026-02-21 21:00:00-05:00,62.1,54.57,5.4,2.13
2026-02-21 22:00:00-05:00,57.81,55.8,-0.0,2.01
2026-02-21 23:00:00-05:00,56.07,54.17,-0.0,1.9
2026-02-22 00:00:00-05:00,53.31,49.15,2.49,1.67
2026-02-22 01:00:00-05:00,54.65,47.37,5.62,1.66
2026-02-22 02:00:00-05:00,50.81,44.55,4.7,1.56
2026-02-22 03:00:00-05:00,49.83,43.38,4.97,1.48
2026-02-22 04:00:00-05:00,49.71,43.03,5.17,1.51
2026-02-22 05:00:00-05:00,51.46,41.94,8.05,1.47
2026-02-22 06:00:00-05:00,54.0,42.82,9.72,1.46
2026-02-22 07:00:00-05:00,58.0,41.31,15.28,1.41
2026-02-22 08:00:00-05:00,58.0,43.45,13.12,1.43
2026-02-22 09:00:00-05:00,58.0,47.85,8.52,1.63
2026-02-22 10:00:00-05:00,59.0,53.29,3.74,1.97
2026-02-22 11:00:00-05:00,57.91,55.79,-0.0,2.12
2026-02-22 12:00:00-05:00,58.73,56.69,-0.0,2.04
2026-02-22 13:00:00-05:00,57.68,55.62,-0.0,2.06
2026-02-22 14:00:00-05:00,57.14,55.1,-0.0,2.04
2026-02-22 15:00:00-05:00,60.09,56.45,1.44,2.2
2026-02-22 16:00:00-05:00,62.89,60.53,-0.0,2.36
2026-02-22 17:00:00-05:00,73.21,66.85,3.96,2.4
2026-02-22 18:00:00-05:00,73.82,68.45,2.84,2.53
2026-02-22 19:00:00-05:00,69.78,61.19,6.32,2.27
2026-02-22 20:00:00-05:00,69.0,59.96,6.76,2.28
2026-02-22 21:00:00-05:00,59.91,57.72,-0.0,2.19
2026-02-22 22:00:00-05:00,57.41,55.79,-0.0,1.62
2026-02-22 23:00:00-05:00,56.0,54.53,-0.0,1.47
2026-02-23 00:00:00-05:00,52.97,51.38,-0.0,1.59
2026-02-23 01:00:00-05:00,51.56,49.86,-0.0,1.7
2026-02-23 02:00:00-05:00,48.98,47.32,-0.0,1.66
2026-02-23 03:00:00-05:00,47.46,45.86,-0.0,1.6
2026-02-23 04:00:00-05:00,49.1,47.4,-0.0,1.7
2026-02-23 05:00:00-05:00,53.65,51.73,-0.0,1.92
2026-02-23 06:00:00-05:00,65.41,63.64,-0.4,2.17
2026-02-23 07:00:00-05:00,69.25,66.52,0.4,2.33
2026-02-23 08:00:00-05:00,74.1,71.66,-0.0,2.44
2026-02-23 09:00:00-05:00,75.33,72.78,-0.0,2.55
2026-02-23 10:00:00-05:00,81.6,78.69,-0.0,2.91
2026-02-23 11:00:00-05:00,80.95,77.99,-0.0,2.96
2026-02-23 12:00:00-05:00,75.43,71.53,0.9,3.0
2026-02-23 13:00:00-05:00,70.89,68.3,-0.0,2.59
2026-02-23 14:00:00-05:00,66.68,64.05,-0.0,2.63
2026-02-23 15:00:00-05:00,70.81,66.14,2.02,2.65
2026-02-23 16:00:00-05:00,71.97,66.95,2.21,2.81
2026-02-23 17:00:00-05:00,85.51,79.79,2.29,3.43
2026-02-23 18:00:00-05:00,83.3,79.87,-0.0,3.43
2026-02-23 19:00:00-05:00,77.0,71.12,2.89,2.99
2026-02-23 20:00:00-05:00,69.0,62.91,3.57,2.52
2026-02-23 21:00:00-05:00,64.15,59.79,1.79,2.57
2026-02-23 22:00:00-05:00,64.16,58.21,3.62,2.33
2026-02-23 23:00:00-05:00,59.24,56.65,0.16,2.43
2026-02-24 00:00:00-05:00,69.9,67.67,-0.0,2.23
2026-02-24 01:00:00-05:00,66.29,64.23,-0.0,2.06
2026-02-24 02:00:00-05:00,66.14,64.15,-0.0,1.99
2026-02-24 03:00:00-05:00,63.6,61.81,-0.0,1.79
2026-02-24 04:00:00-05:00,68.23,66.24,-0.0,1.99
2026-02-24 05:00:00-05:00,71.07,68.93,-0.0,2.14
2026-02-24 06:00:00-05:00,86.54,84.43,-0.0,2.11
2026-02-24 07:00:00-05:00,113.36,109.95,-0.0,3.41
2026-02-24 08:00:00-05:00,85.0,86.7,-5.51,3.81
2026-02-24 09:00:00-05:00,78.6,70.48,5.51,2.61
2026-02-24 10:00:00-05:00,79.38,76.36,-0.04,3.06
2026-02-24 11:00:00-05:00,73.7,70.69,0.04,2.97
2026-02-24 12:00:00-05:00,70.36,67.65,-0.0,2.71
2026-02-24 13:00:00-05:00,67.02,64.38,-0.0,2.64
2026-02-24 14:00:00-05:00,68.1,65.36,-0.0,2.74
2026-02-24 15:00:00-05:00,67.96,65.28,-0.0,2.68
2026-02-24 16:00:00-05:00,82.82,79.79,-0.0,3.03
2026-02-24 17:00:00-05:00,101.19,97.96,-0.0,3.23
2026-02-24 18:00:00-05:00,123.03,119.56,-0.0,3.47
2026-02-24 19:00:00-05:00,99.26,95.91,-0.0,3.35
2026-02-24 20:00:00-05:00,91.4,88.05,-0.0,3.35
2026-02-24 21:00:00-05:00,84.29,81.04,-0.0,3.25
2026-02-24 22:00:00-05:00,78.94,75.76,-0.0,3.18
2026-02-24 23:00:00-05:00,75.0,72.32,-0.0,2.68
2026-02-25 00:00:00-05:00,82.57,78.23,0.74,3.6
2026-02-25 01:00:00-05:00,81.14,77.57,-0.0,3.57
2026-02-25 02:00:00-05:00,76.52,73.15,-0.0,3.37
2026-02-25 03:00:00-05:00,75.9,69.42,3.29,3.19
2026-02-25 04:00:00-05:00,78.52,70.23,5.06,3.23
2026-02-25 05:00:00-05:00,84.54,78.81,2.18,3.55
2026-02-25 06:00:00-05:00,101.03,97.05,-0.0,3.98
2026-02-25 07:00:00-05:00,113.9,103.13,6.12,4.65
2026-02-25 08:00:00-05:00,106.2,98.0,3.69,4.51
2026-02-25 09:00:00-05:00,101.35,96.98,-0.0,4.37
2026-02-25 10:00:00-05:00,95.9,78.79,13.56,3.55
2026-02-25 11:00:00-05:00,92.5,70.76,18.55,3.19
2026-02-25 12:00:00-05:00,88.15,66.62,18.53,3.0
2026-02-25 13:00:00-05:00,84.3,62.9,18.51,2.89
2026-02-25 14:00:00-05:00,83.1,60.53,19.72,2.85
2026-02-25 15:00:00-05:00,77.6,60.41,14.41,2.78
2026-02-25 16:00:00-05:00,73.28,68.46,1.81,3.01
2026-02-25 17:00:00-05:00,99.56,89.39,6.33,3.84
2026-02-25 18:00:00-05:00,100.59,83.25,13.76,3.58
2026-02-25 19:00:00-05:00,88.87,80.0,5.35,3.52
2026-02-25 20:00:00-05:00,82.26,70.55,8.75,2.96
2026-02-25 21:00:00-05:00,75.05,68.84,3.32,2.89
2026-02-25 22:00:00-05:00,69.81,64.73,2.43,2.65
2026-02-25 23:00:00-05:00,67.62,65.02,-0.0,2.6
2026-02-26 00:00:00-05:00,62.03,54.41,5.39,2.23
2026-02-26 01:00:00-05:00,61.6,51.1,8.56,1.94
2026-02-26 02:00:00-05:00,60.1,50.9,7.32,1.88
2026-02-26 03:00:00-05:00,58.6,49.61,7.3,1.69
2026-02-26 04:00:00-05:00,54.68,53.03,-0.0,1.65
2026-02-26 05:00:00-05:00,58.45,56.8,-0.0,1.65
2026-02-26 06:00:00-05:00,77.9,75.7,-0.0,2.2
2026-02-26 07:00:00-05:00,79.89,77.57,-0.0,2.32
2026-02-26 08:00:00-05:00,73.46,71.04,-0.0,2.42
2026-02-26 09:00:00-05:00,54.8,51.24,1.51,2.05
2026-02-26 10:00:00-05:00,53.42,51.46,-0.0,1.96
2026-02-26 11:00:00-05:00,51.15,49.38,-0.0,1.77
2026-02-26 12:00:00-05:00,51.06,49.33,-0.0,1.73
2026-02-26 13:00:00-05:00,50.67,48.96,-0.0,1.71
2026-02-26 14:00:00-05:00,51.01,49.38,-0.0,1.63
2026-02-26 15:00:00-05:00,51.69,49.99,-0.0,1.7
2026-02-26 16:00:00-05:00,59.6,57.81,-0.0,1.79
2026-02-26 17:00:00-05:00,81.95,79.72,-0.0,2.23
2026-02-26 18:00:00-05:00,87.89,85.75,-0.0,2.14
2026-02-26 19:00:00-05:00,82.03,79.8,-0.0,2.23
2026-02-26 20:00:00-05:00,72.99,71.07,-0.0,1.92
2026-02-26 21:00:00-05:00,67.41,65.64,-0.0,1.77
2026-02-26 22:00:00-05:00,65.35,63.06,0.9,1.39
2026-02-26 23:00:00-05:00,65.0,64.87,-0.9,1.03
2026-02-27 00:00:00-05:00,52.61,50.98,-0.0,1.63
2026-02-27 01:00:00-05:00,51.52,47.36,2.64,1.52
2026-02-27 02:00:00-05:00,53.5,46.4,5.62,1.48
2026-02-27 03:00:00-05:00,49.87,45.37,3.01,1.49
2026-02-27 04:00:00-05:00,50.87,46.34,3.0,1.53
2026-02-27 05:00:00-05:00,59.3,50.41,7.13,1.76
2026-02-27 06:00:00-05:00,73.2,66.22,4.73,2.25
2026-02-27 07:00:00-05:00,79.1,68.42,8.22,2.46
2026-02-27 08:00:00-05:00,66.85,53.99,10.81,2.05
2026-02-27 09:00:00-05:00,51.6,46.09,3.53,1.98
2026-02-27 10:00:00-05:00,46.74,43.74,1.12,1.88
2026-02-27 11:00:00-05:00,45.19,40.23,3.15,1.81
2026-02-27 12:00:00-05:00,44.82,39.65,3.35,1.82
2026-02-27 13:00:00-05:00,41.0,38.64,0.54,1.82
2026-02-27 14:00:00-05:00,42.0,38.75,1.39,1.86
2026-02-27 15:00:00-05:00,45.0,39.63,3.51,1.86
2026-02-27 16:00:00-05:00,50.43,47.74,0.45,2.24
2026-02-27 17:00:00-05:00,70.0,59.58,7.74,2.68
2026-02-27 18:00:00-05:00,78.74,63.53,12.29,2.92
2026-02-27 19:00:00-05:00,73.1,53.12,17.48,2.5
2026-02-27 20:00:00-05:00,68.6,46.82,19.49,2.29
2026-02-27 21:00:00-05:00,63.2,44.93,15.93,2.34
2026-02-27 22:00:00-05:00,57.69,43.83,11.71,2.15
2026-02-27 23:00:00-05:00,55.8,42.25,11.48,2.07
2026-02-28 00:00:00-05:00,46.57,39.2,5.41,1.96
2026-02-28 01:00:00-05:00,45.6,38.27,5.38,1.95
2026-02-28 02:00:00-05:00,45.74,35.8,8.15,1.79
2026-02-28 03:00:00-05:00,43.65,36.78,5.07,1.8
2026-02-28 04:00:00-05:00,45.36,36.56,7.01,1.79
2026-02-28 05:00:00-05:00,47.3,36.16,9.33,1.81
2026-02-28 06:00:00-05:00,56.4,39.93,14.55,1.92
2026-02-28 07:00:00-05:00,60.48,42.45,15.99,2.04
2026-02-28 08:00:00-05:00,46.2,40.39,3.83,1.98
2026-02-28 09:00:00-05:00,40.54,38.72,-0.0,1.82
2026-02-28 10:00:00-05:00,38.1,36.36,-0.0,1.74
2026-02-28 11:00:00-05:00,36.18,34.59,-0.0,1.59
2026-02-28 12:00:00-05:00,34.62,33.1,-0.0,1.52
2026-02-28 13:00:00-05:00,34.06,32.59,-0.0,1.47
2026-02-28 14:00:00-05:00,34.08,32.61,-0.0,1.47
2026-02-28 15:00:00-05:00,34.38,32.9,-0.0,1.48
2026-02-28 16:00:00-05:00,42.21,40.55,-0.0,1.66
2026-02-28 17:00:00-05:00,55.98,53.82,-0.0,2.16
2026-02-28 18:00:00-05:00,66.1,63.37,0.38,2.35
2026-02-28 19:00:00-05:00,57.69,55.79,-0.0,1.9
2026-02-28 20:00:00-05:00,55.85,54.01,-0.0,1.84
2026-02-28 21:00:00-05:00,55.55,53.98,-0.0,1.57
2026-02-28 22:00:00-05:00,52.48,51.2,-0.0,1.28
2026-02-28 23:00:00-05:00,49.82,48.65,-0.0,1.17
2026-03-01 00:00:00-05:00,50.01,48.74,-0.0,1.27
2026-03-01 01:00:00-05:00,48.13,46.96,-0.0,1.17
2026-03-01 02:00:00-05:00,46.67,45.44,-0.0,1.23
2026-03-01 03:00:00-05:00,44.75,43.57,-0.0,1.18
2026-03-01 04:00:00-05:00,44.74,43.61,-0.0,1.13
2026-03-01 05:00:00-05:00,43.82,42.54,-0.0,1.28
2026-03-01 06:00:00-05:00,47.65,47.44,-1.17,1.38
2026-03-01 07:00:00-05:00,50.16,47.52,1.17,1.47
2026-03-01 08:00:00-05:00,51.79,50.09,-0.0,1.7
2026-03-01 09:00:00-05:00,51.73,49.98,-0.0,1.75
2026-03-01 10:00:00-05:00,66.3,63.51,-0.0,2.79
2026-03-01 11:00:00-05:00,66.02,63.24,-0.0,2.78
2026-03-01 12:00:00-05:00,64.37,61.48,-0.0,2.89
2026-03-01 13:00:00-05:00,63.1,59.07,1.08,2.95
2026-03-01 14:00:00-05:00,61.49,58.62,-0.0,2.87
2026-03-01 15:00:00-05:00,59.3,56.58,-0.0,2.72
2026-03-01 16:00:00-05:00,68.99,63.66,2.21,3.12
2026-03-01 17:00:00-05:00,106.6,85.48,17.1,4.02
2026-03-01 18:00:00-05:00,117.12,80.72,32.76,3.64
2026-03-01 19:00:00-05:00,106.6,77.19,26.02,3.39
2026-03-01 20:00:00-05:00,104.0,76.18,24.7,3.12
2026-03-01 21:00:00-05:00,87.0,76.11,7.55,3.34
2026-03-01 22:00:00-05:00,78.83,75.87,-0.0,2.96
2026-03-01 23:00:00-05:00,73.57,71.22,-0.0,2.35
2026-03-02 00:00:00-05:00,81.34,78.29,-0.0,3.05
2026-03-02 01:00:00-05:00,81.64,75.69,3.0,2.95
2026-03-02 02:00:00-05:00,75.85,73.01,0.22,2.62
2026-03-02 03:00:00-05:00,81.83,79.06,-0.0,2.77
2026-03-02 04:00:00-05:00,86.12,83.05,-0.0,3.07
2026-03-02 05:00:00-05:00,102.2,98.55,-0.0,3.65
2026-03-02 06:00:00-05:00,142.09,137.56,-0.0,4.53
2026-03-02 07:00:00-05:00,164.03,158.34,-0.0,5.69
2026-03-02 08:00:00-05:00,107.17,103.04,-0.0,4.13
2026-03-02 09:00:00-05:00,75.2,71.83,0.14,3.23
2026-03-02 10:00:00-05:00,74.4,69.78,1.13,3.49
2026-03-02 11:00:00-05:00,67.85,63.83,0.7,3.32
2026-03-02 12:00:00-05:00,62.09,58.55,0.44,3.1
2026-03-02 13:00:00-05:00,64.1,55.4,5.71,2.99
2026-03-02 14:00:00-05:00,66.96,54.07,9.97,2.92
2026-03-02 15:00:00-05:00,65.0,55.45,6.67,2.88
2026-03-02 16:00:00-05:00,80.0,70.44,6.04,3.52
2026-03-02 17:00:00-05:00,125.24,121.38,-1.36,5.22
2026-03-02 18:00:00-05:00,163.93,157.78,-0.0,6.15
2026-03-02 19:00:00-05:00,126.66,131.99,-10.74,5.41
2026-03-02 20:00:00-05:00,113.5,94.07,15.39,4.04
2026-03-02 21:00:00-05:00,106.81,81.71,21.42,3.68
2026-03-02 22:00:00-05:00,102.45,73.95,24.95,3.55
2026-03-02 23:00:00-05:00,89.71,71.55,14.73,3.43
2026-03-03 00:00:00-05:00,95.2,61.79,30.82,2.59
2026-03-03 01:00:00-05:00,91.4,59.53,29.37,2.5
2026-03-03 02:00:00-05:00,82.9,56.79,23.78,2.33
2026-03-03 03:00:00-05:00,74.0,56.44,15.25,2.31
2026-03-03 04:00:00-05:00,81.76,56.02,23.5,2.24
2026-03-03 05:00:00-05:00,94.72,61.16,31.18,2.38
2026-03-03 06:00:00-05:00,132.33,71.55,58.13,2.65
2026-03-03 07:00:00-05:00,150.0,78.07,69.04,2.89
2026-03-03 08:00:00-05:00,111.7,75.95,32.33,3.42
2026-03-03 09:00:00-05:00,90.8,75.09,12.11,3.6
2026-03-03 10:00:00-05:00,72.2,67.05,2.6,2.55
2026-03-03 11:00:00-05:00,71.9,66.81,2.62,2.47
2026-03-03 12:00:00-05:00,70.18,65.23,2.47,2.48
2026-03-03 13:00:00-05:00,68.54,63.77,2.35,2.42
2026-03-03 14:00:00-05:00,70.02,65.04,2.31,2.67
2026-03-03 15:00:00-05:00,75.83,70.74,2.4,2.69
2026-03-03 16:00:00-05:00,74.5,66.44,5.47,2.59
2026-03-03 17:00:00-05:00,98.6,75.72,19.7,3.18
2026-03-03 18:00:00-05:00,91.1,76.03,11.88,3.19
2026-03-03 19:00:00-05:00,80.07,74.55,2.76,2.76
2026-03-03 20:00:00-05:00,74.3,69.06,2.76,2.48
2026-03-03 21:00:00-05:00,70.43,63.74,4.33,2.36
2026-03-03 22:00:00-05:00,63.0,60.65,0.23,2.12
2026-03-03 23:00:00-05:00,58.92,57.21,-0.0,1.71
2026-03-04 00:00:00-05:00,50.2,48.83,-0.0,1.37
2026-03-04 01:00:00-05:00,45.89,44.77,-0.0,1.12
2026-03-04 02:00:00-05:00,45.08,43.89,-0.0,1.19
2026-03-04 03:00:00-05:00,42.48,41.41,-0.0,1.07
2026-03-04 04:00:00-05:00,42.29,41.22,-0.0,1.07
2026-03-04 05:00:00-05:00,49.14,47.85,-0.0,1.29
2026-03-04 06:00:00-05:00,62.38,60.5,-0.0,1.88
2026-03-04 07:00:00-05:00,68.91,66.97,-0.0,1.94
2026-03-04 08:00:00-05:00,60.7,58.82,-0.0,1.88
2026-03-04 09:00:00-05:00,50.98,49.45,-0.0,1.53
2026-03-04 10:00:00-05:00,46.87,45.51,-0.0,1.36
2026-03-04 11:00:00-05:00,42.96,41.67,-0.0,1.29
2026-03-04 12:00:00-05:00,38.95,37.74,-0.0,1.21
2026-03-04 13:00:00-05:00,35.11,34.05,-0.0,1.06
2026-03-04 14:00:00-05:00,35.76,34.62,-0.0,1.14
2026-03-04 15:00:00-05:00,40.03,38.79,-0.0,1.24
2026-03-04 16:00:00-05:00,48.4,46.81,-0.0,1.59
2026-03-04 17:00:00-05:00,60.72,58.78,-0.0,1.94
2026-03-04 18:00:00-05:00,70.0,67.83,-0.0,2.17
2026-03-04 19:00:00-05:00,61.68,59.71,-0.0,1.97
2026-03-04 20:00:00-05:00,54.87,53.22,-0.0,1.65
2026-03-04 21:00:00-05:00,50.7,49.17,-0.0,1.53
2026-03-04 22:00:00-05:00,50.36,48.94,-0.0,1.42
2026-03-04 23:00:00-05:00,44.72,43.67,-0.0,1.05
2026-03-05 00:00:00-05:00,43.94,42.78,-0.0,1.16
2026-03-05 01:00:00-05:00,41.56,40.51,-0.0,1.05
2026-03-05 02:00:00-05:00,40.61,39.74,-0.0,0.87
2026-03-05 03:00:00-05:00,39.74,38.81,-0.0,0.93
2026-03-05 04:00:00-05:00,40.84,39.88,-0.0,0.96
2026-03-05 05:00:00-05:00,43.27,42.09,-0.0,1.18
2026-03-05 06:00:00-05:00,54.51,52.92,-0.0,1.59
2026-03-05 07:00:00-05:00,60.01,58.15,-0.0,1.86
2026-03-05 08:00:00-05:00,57.77,55.87,-0.0,1.9
2026-03-05 09:00:00-05:00,51.3,49.5,0.32,1.48
2026-03-05 10:00:00-05:00,50.89,49.02,0.55,1.32
2026-03-05 11:00:00-05:00,49.3,47.33,0.6,1.37
2026-03-05 12:00:00-05:00,48.57,46.51,0.71,1.35
2026-03-05 13:00:00-05:00,47.0,44.97,0.73,1.3
2026-03-05 14:00:00-05:00,46.7,44.65,0.75,1.3
2026-03-05 15:00:00-05:00,50.5,48.44,0.51,1.55
2026-03-05 16:00:00-05:00,54.67,52.75,0.13,1.79
2026-03-05 17:00:00-05:00,60.2,57.55,0.52,2.13
2026-03-05 18:00:00-05:00,61.34,59.09,-0.0,2.25
2026-03-05 19:00:00-05:00,57.72,55.46,0.27,1.99
2026-03-05 20:00:00-05:00,52.77,50.89,0.05,1.83
2026-03-05 21:00:00-05:00,51.4,49.7,0.06,1.64
2026-03-05 22:00:00-05:00,45.7,44.37,-0.0,1.33
2026-03-05 23:00:00-05:00,41.7,40.44,-0.0,1.26
2026-03-06 00:00:00-05:00,46.9,45.36,-0.0,1.54
2026-03-06 01:00:00-05:00,44.31,42.77,-0.0,1.54
2026-03-06 02:00:00-05:00,44.01,42.56,-0.0,1.45
2026-03-06 03:00:00-05:00,44.03,42.67,-0.0,1.36
2026-03-06 04:00:00-05:00,45.58,42.79,1.33,1.46
2026-03-06 05:00:00-05:00,47.82,46.2,-0.0,1.62
2026-03-06 06:00:00-05:00,57.0,55.12,-0.0,1.88
2026-03-06 07:00:00-05:00,68.6,66.09,-0.0,2.51
2026-03-06 08:00:00-05:00,68.6,66.15,-0.0,2.45
2026-03-06 09:00:00-05:00,63.7,61.31,-0.0,2.39
2026-03-06 10:00:00-05:00,73.23,70.62,-0.0,2.61
2026-03-06 11:00:00-05:00,58.97,56.65,-0.0,2.32
2026-03-06 12:00:00-05:00,54.0,51.82,-0.0,2.18
2026-03-06 13:00:00-05:00,52.64,50.61,-0.0,2.03
2026-03-06 14:00:00-05:00,50.18,48.16,-0.0,2.02
2026-03-06 15:00:00-05:00,53.01,50.78,-0.0,2.23
2026-03-06 16:00:00-05:00,57.9,52.74,2.68,2.48
2026-03-06 17:00:00-05:00,63.61,60.81,-0.0,2.8
2026-03-06 18:00:00-05:00,64.6,59.94,1.72,2.94
2026-03-06 19:00:00-05:00,57.0,52.57,2.06,2.37
2026-03-06 20:00:00-05:00,51.46,48.66,0.56,2.24
2026-03-06 21:00:00-05:00,49.68,47.59,-0.0,2.09
2026-03-06 22:00:00-05:00,49.03,46.97,-0.0,2.06
2026-03-06 23:00:00-05:00,44.8,39.36,3.63,1.81
2026-03-07 00:00:00-05:00,46.1,44.07,-0.0,2.03
2026-03-07 01:00:00-05:00,49.93,38.76,9.35,1.82
2026-03-07 02:00:00-05:00,48.83,38.19,8.81,1.83
2026-03-07 03:00:00-05:00,50.15,35.87,12.59,1.69
2026-03-07 04:00:00-05:00,48.08,33.7,12.8,1.58
2026-03-07 05:00:00-05:00,51.51,36.77,12.97,1.77
2026-03-07 06:00:00-05:00,50.36,42.6,5.72,2.04
2026-03-07 07:00:00-05:00,58.0,44.85,10.91,2.24
2026-03-07 08:00:00-05:00,61.39,45.32,13.81,2.26
2026-03-07 09:00:00-05:00,58.92,42.68,14.11,2.13
2026-03-07 10:00:00-05:00,50.5,41.7,6.72,2.08
2026-03-07 11:00:00-05:00,47.7,39.89,5.74,2.07
2026-03-07 12:00:00-05:00,42.19,36.65,3.64,1.9
2026-03-07 13:00:00-05:00,43.6,36.55,5.11,1.94
2026-03-07 14:00:00-05:00,40.31,36.56,1.85,1.9
2026-03-07 15:00:00-05:00,41.16,36.12,3.13,1.91
2026-03-07 16:00:00-05:00,43.28,41.22,-0.0,2.06
2026-03-07 17:00:00-05:00,54.04,51.56,-0.0,2.48
2026-03-07 18:00:00-05:00,57.19,54.57,-0.0,2.62
2026-03-07 19:00:00-05:00,50.74,48.42,-0.0,2.32
2026-03-07 20:00:00-05:00,47.17,45.09,-0.0,2.08
2026-03-07 21:00:00-05:00,43.3,41.36,-0.0,1.94
2026-03-07 22:00:00-05:00,39.71,37.89,-0.0,1.82
2026-03-07 23:00:00-05:00,37.3,32.62,2.99,1.69
2026-03-08 00:00:00-05:00,39.73,37.83,0.05,1.85
2026-03-08 01:00:00-05:00,38.84,35.06,2.13,1.65
2026-03-08 03:00:00-04:00,35.82,34.41,-0.0,1.41
2026-03-08 04:00:00-04:00,31.28,29.96,-0.0,1.32
2026-03-08 05:00:00-04:00,31.87,30.44,-0.0,1.43
2026-03-08 06:00:00-04:00,38.01,33.53,2.87,1.61
2026-03-08 07:00:00-04:00,43.65,36.55,5.38,1.72
2026-03-08 08:00:00-04:00,42.37,36.96,3.64,1.77
2026-03-08 09:00:00-04:00,38.29,36.5,-0.0,1.79
2026-03-08 10:00:00-04:00,37.74,35.88,-0.0,1.86
2026-03-08 11:00:00-04:00,33.88,32.24,-0.0,1.64
2026-03-08 12:00:00-04:00,32.19,29.47,1.19,1.53
2026-03-08 13:00:00-04:00,28.9,26.43,1.07,1.4
2026-03-08 14:00:00-04:00,26.61,23.18,2.18,1.25
2026-03-08 15:00:00-04:00,28.7,22.09,5.4,1.21
2026-03-08 16:00:00-04:00,33.28,27.84,3.94,1.5
2026-03-08 17:00:00-04:00,41.5,33.82,5.85,1.83
2026-03-08 18:00:00-04:00,51.36,48.92,-0.0,2.44
2026-03-08 19:00:00-04:00,56.41,53.93,-0.0,2.48
2026-03-08 20:00:00-04:00,51.4,49.24,-0.0,2.16
2026-03-08 21:00:00-04:00,42.32,40.5,-0.0,1.82
2026-03-08 22:00:00-04:00,37.99,36.46,-0.0,1.53
2026-03-08 23:00:00-04:00,34.0,32.79,-0.0,1.21
2026-03-09 00:00:00-04:00,36.17,33.98,0.93,1.26
2026-03-09 01:00:00-04:00,32.2,31.14,-0.0,1.06
2026-03-09 02:00:00-04:00,30.95,29.99,-0.0,0.96
2026-03-09 03:00:00-04:00,31.55,30.54,-0.0,1.01
2026-03-09 04:00:00-04:00,32.9,31.91,-0.0,0.99
2026-03-09 05:00:00-04:00,40.4,35.47,3.69,1.24
2026-03-09 06:00:00-04:00,52.57,51.04,-0.0,1.53
2026-03-09 07:00:00-04:00,70.31,69.98,-1.63,1.96
2026-03-09 08:00:00-04:00,52.8,53.54,-2.56,1.82
2026-03-09 09:00:00-04:00,39.6,31.98,6.37,1.25
2026-03-09 10:00:00-04:00,31.53,30.29,-0.0,1.24
2026-03-09 11:00:00-04:00,30.04,28.83,-0.0,1.21
2026-03-09 12:00:00-04:00,27.02,25.96,-0.0,1.06
2026-03-09 13:00:00-04:00,24.77,23.79,-0.0,0.98
2026-03-09 14:00:00-04:00,24.79,23.81,-0.0,0.98
2026-03-09 15:00:00-04:00,25.61,24.55,-0.0,1.06
2026-03-09 16:00:00-04:00,31.75,30.41,-0.0,1.34
2026-03-09 17:00:00-04:00,43.05,41.28,-0.0,1.77
2026-03-09 18:00:00-04:00,58.1,55.86,-0.0,2.24
2026-03-09 19:00:00-04:00,64.0,61.84,-0.0,2.16
2026-03-09 20:00:00-04:00,55.32,53.5,-0.0,1.82
2026-03-09 21:00:00-04:00,45.63,44.17,-0.0,1.46
2026-03-09 22:00:00-04:00,39.84,38.68,-0.0,1.16
2026-03-09 23:00:00-04:00,35.78,34.74,-0.0,1.04
2026-03-10 00:00:00-04:00,33.42,32.73,-0.0,0.69
2026-03-10 01:00:00-04:00,30.8,30.14,-0.0,0.66
2026-03-10 02:00:00-04:00,29.82,29.41,-0.0,0.41
2026-03-10 03:00:00-04:00,29.2,28.85,-0.0,0.35
2026-03-10 04:00:00-04:00,31.56,31.18,-0.0,0.38
2026-03-10 05:00:00-04:00,37.9,37.34,-0.0,0.56
2026-03-10 06:00:00-04:00,50.4,49.97,-0.07,0.5
2026-03-10 07:00:00-04:00,82.68,81.15,0.07,1.46
2026-03-10 08:00:00-04:00,57.7,56.68,-0.0,1.02
2026-03-10 09:00:00-04:00,39.76,39.06,-0.0,0.7
2026-03-10 10:00:00-04:00,34.29,33.62,-0.0,0.67
2026-03-10 11:00:00-04:00,31.81,31.22,-0.0,0.59
2026-03-10 12:00:00-04:00,30.95,30.37,-0.0,0.58
2026-03-10 13:00:00-04:00,30.14,29.58,-0.0,0.56
2026-03-10 14:00:00-04:00,30.06,29.44,-0.0,0.62
2026-03-10 15:00:00-04:00,32.88,32.33,-0.0,0.55
2026-03-10 16:00:00-04:00,38.8,38.04,-0.0,0.76
2026-03-10 17:00:00-04:00,45.71,44.95,-0.0,0.76
2026-03-10 18:00:00-04:00,57.52,56.78,-0.0,0.74
2026-03-10 19:00:00-04:00,69.41,68.65,-0.0,0.76
2026-03-10 20:00:00-04:00,56.8,56.12,-0.0,0.68
2026-03-10 21:00:00-04:00,47.01,46.36,-0.0,0.65
2026-03-10 22:00:00-04:00,43.95,43.43,-0.0,0.52
2026-03-10 23:00:00-04:00,36.85,36.41,-0.0,0.44
2026-03-11 00:00:00-04:00,35.19,34.4,-0.0,0.79
2026-03-11 01:00:00-04:00,33.02,32.21,-0.0,0.81
2026-03-11 02:00:00-04:00,31.48,30.68,-0.0,0.8
2026-03-11 03:00:00-04:00,30.47,29.67,-0.0,0.8
2026-03-11 04:00:00-04:00,30.52,29.69,-0.0,0.83
2026-03-11 05:00:00-04:00,35.0,32.66,1.3,1.04
2026-03-11 06:00:00-04:00,46.78,45.33,-0.0,1.45
2026-03-11 07:00:00-04:00,56.34,54.59,-0.0,1.75
2026-03-11 08:00:00-04:00,50.1,48.78,-0.0,1.32
2026-03-11 09:00:00-04:00,42.0,41.1,-0.0,0.9
2026-03-11 10:00:00-04:00,41.89,40.95,-0.0,0.94
2026-03-11 11:00:00-04:00,37.63,36.71,-0.0,0.92
2026-03-11 12:00:00-04:00,37.0,36.06,-0.0,0.94
2026-03-11 13:00:00-04:00,36.28,35.46,-0.0,0.82
2026-03-11 14:00:00-04:00,38.12,37.3,-0.0,0.82
2026-03-11 15:00:00-04:00,41.16,40.2,-0.0,0.96
2026-03-11 16:00:00-04:00,45.22,44.08,-0.0,1.14
2026-03-11 17:00:00-04:00,47.7,46.18,-0.0,1.52
2026-03-11 18:00:00-04:00,54.94,53.13,-0.0,1.81
2026-03-11 19:00:00-04:00,55.8,54.07,-0.0,1.73
2026-03-11 20:00:00-04:00,54.04,52.47,-0.0,1.57
2026-03-11 21:00:00-04:00,48.21,46.67,-0.0,1.54
2026-03-11 22:00:00-04:00,39.71,38.4,-0.0,1.31
2026-03-11 23:00:00-04:00,35.0,33.38,0.42,1.2
2026-03-12 00:00:00-04:00,31.08,30.06,-0.0,1.02
2026-03-12 01:00:00-04:00,29.42,28.48,-0.0,0.94
2026-03-12 02:00:00-04:00,27.86,27.0,-0.0,0.86
2026-03-12 03:00:00-04:00,27.41,26.58,-0.0,0.83
2026-03-12 04:00:00-04:00,27.89,27.05,-0.0,0.84
2026-03-12 05:00:00-04:00,30.03,29.1,-0.0,0.93
2026-03-12 06:00:00-04:00,36.43,35.37,-0.0,1.06
2026-03-12 07:00:00-04:00,48.0,46.74,-0.0,1.26
2026-03-12 08:00:00-04:00,46.77,45.72,-0.0,1.05
2026-03-12 09:00:00-04:00,46.1,44.98,-0.0,1.12
2026-03-12 10:00:00-04:00,43.64,42.45,-0.0,1.19
2026-03-12 11:00:00-04:00,42.83,41.7,-0.0,1.13
2026-03-12 12:00:00-04:00,42.19,41.08,-0.0,1.11
2026-03-12 13:00:00-04:00,38.11,36.89,-0.0,1.22
2026-03-12 14:00:00-04:00,37.7,36.5,-0.0,1.2
2026-03-12 15:00:00-04:00,36.71,35.44,-0.0,1.27
2026-03-12 16:00:00-04:00,42.54,40.94,-0.0,1.6
2026-03-12 17:00:00-04:00,50.91,49.24,-0.0,1.67
2026-03-12 18:00:00-04:00,54.37,52.64,-0.0,1.73
2026-03-12 19:00:00-04:00,59.0,57.62,-0.0,1.38
2026-03-12 20:00:00-04:00,60.54,59.06,-0.0,1.48
2026-03-12 21:00:00-04:00,47.95,47.01,-0.0,0.94
2026-03-12 22:00:00-04:00,43.13,42.45,-0.0,0.68
2026-03-12 23:00:00-04:00,38.4,38.21,-0.0,0.19
2026-03-13 00:00:00-04:00,46.57,46.24,-0.0,0.33
2026-03-13 01:00:00-04:00,40.34,40.02,-0.0,0.32
2026-03-13 02:00:00-04:00,38.89,38.62,-0.0,0.27
2026-03-13 03:00:00-04:00,39.4,39.05,-0.0,0.35
2026-03-13 04:00:00-04:00,39.97,39.73,-0.0,0.24
2026-03-13 05:00:00-04:00,44.38,43.98,-0.0,0.4
2026-03-13 06:00:00-04:00,61.3,60.52,-0.0,0.78
2026-03-13 07:00:00-04:00,74.74,73.57,-0.0,1.17
2026-03-13 08:00:00-04:00,58.87,57.89,-0.0,0.98
2026-03-13 09:00:00-04:00,46.3,45.47,0.15,0.68
2026-03-13 10:00:00-04:00,41.5,41.2,-0.15,0.45
2026-03-13 11:00:00-04:00,42.42,41.88,-0.0,0.54
2026-03-13 12:00:00-04:00,39.55,39.0,-0.0,0.55
2026-03-13 13:00:00-04:00,42.53,41.9,-0.0,0.63
2026-03-13 14:00:00-04:00,42.39,41.76,-0.0,0.63
2026-03-13 15:00:00-04:00,43.52,42.71,-0.0,0.81
2026-03-13 16:00:00-04:00,48.45,47.36,-0.0,1.09
2026-03-13 17:00:00-04:00,53.99,52.67,-0.0,1.32
2026-03-13 18:00:00-04:00,60.53,59.05,-0.0,1.48
2026-03-13 19:00:00-04:00,66.7,65.01,-0.0,1.69
2026-03-13 20:00:00-04:00,57.18,55.62,-0.0,1.56
2026-03-13 21:00:00-04:00,54.53,53.3,-0.0,1.23
2026-03-13 22:00:00-04:00,49.47,48.41,-0.0,1.06
2026-03-13 23:00:00-04:00,45.18,44.21,-0.0,0.97
2026-03-14 00:00:00-04:00,42.09,41.14,-0.0,0.95
2026-03-14 01:00:00-04:00,41.28,40.39,-0.0,0.89
2026-03-14 02:00:00-04:00,37.77,36.96,-0.0,0.81
2026-03-14 03:00:00-04:00,37.31,36.58,-0.0,0.73
2026-03-14 04:00:00-04:00,37.89,37.15,-0.0,0.74
2026-03-14 05:00:00-04:00,40.08,39.18,-0.0,0.9
2026-03-14 06:00:00-04:00,46.14,45.19,-0.0,0.95
2026-03-14 07:00:00-04:00,52.57,50.36,1.05,1.16
2026-03-14 08:00:00-04:00,46.97,47.08,-1.05,0.94
2026-03-14 09:00:00-04:00,42.5,41.83,-0.0,0.67
2026-03-14 10:00:00-04:00,39.07,38.34,-0.0,0.73
2026-03-14 11:00:00-04:00,37.0,36.17,-0.0,0.83
2026-03-14 12:00:00-04:00,33.4,32.59,-0.0,0.81
2026-03-14 13:00:00-04:00,29.78,28.88,-0.0,0.9
2026-03-14 14:00:00-04:00,28.23,27.46,-0.0,0.77
2026-03-14 15:00:00-04:00,30.12,29.13,-0.0,0.99
2026-03-14 16:00:00-04:00,33.28,32.25,-0.0,1.03
2026-03-14 17:00:00-04:00,42.98,41.39,0.27,1.32
2026-03-14 18:00:00-04:00,55.9,54.86,-0.27,1.31
2026-03-14 19:00:00-04:00,60.92,59.67,-0.0,1.25
2026-03-14 20:00:00-04:00,56.2,55.32,-0.0,0.88
2026-03-14 21:00:00-04:00,52.1,51.33,-0.0,0.77
2026-03-14 22:00:00-04:00,48.68,48.15,-0.0,0.53
2026-03-14 23:00:00-04:00,43.0,42.87,-0.0,0.13
2026-03-15 00:00:00-04:00,49.27,48.64,-0.0,0.63
2026-03-15 01:00:00-04:00,47.3,46.74,-0.0,0.56
2026-03-15 02:00:00-04:00,44.18,43.57,-0.0,0.61
2026-03-15 03:00:00-04:00,43.39,42.79,-0.0,0.6
2026-03-15 04:00:00-04:00,44.43,43.95,-0.0,0.48
2026-03-15 05:00:00-04:00,45.13,44.55,-0.0,0.58
2026-03-15 06:00:00-04:00,47.25,46.32,-0.0,0.93
2026-03-15 07:00:00-04:00,52.52,51.39,-0.0,1.13
2026-03-15 08:00:00-04:00,49.34,48.28,-0.0,1.06
2026-03-15 09:00:00-04:00,46.82,45.99,-0.0,0.83
2026-03-15 10:00:00-04:00,42.27,41.44,-0.0,0.83
2026-03-15 11:00:00-04:00,40.28,39.49,-0.0,0.79
2026-03-15 12:00:00-04:00,37.57,36.76,-0.0,0.81
2026-03-15 13:00:00-04:00,34.3,33.46,-0.0,0.84
2026-03-15 14:00:00-04:00,34.34,33.5,-0.0,0.84
2026-03-15 15:00:00-04:00,35.12,34.23,-0.0,0.89
2026-03-15 16:00:00-04:00,40.77,39.74,-0.0,1.03
2026-03-15 17:00:00-04:00,50.51,49.28,-0.0,1.23
2026-03-15 18:00:00-04:00,61.0,59.51,-0.0,1.49
2026-03-15 19:00:00-04:00,74.14,72.41,-0.0,1.73
2026-03-15 20:00:00-04:00,64.22,62.47,-0.0,1.75
2026-03-15 21:00:00-04:00,54.73,53.19,-0.0,1.54
2026-03-15 22:00:00-04:00,48.34,46.98,-0.0,1.36
2026-03-15 23:00:00-04:00,43.1,41.8,-0.0,1.3
2026-03-16 00:00:00-04:00,43.69,40.42,1.86,1.41
2026-03-16 01:00:00-04:00,45.7,38.56,5.75,1.39
2026-03-16 02:00:00-04:00,39.13,37.73,-0.0,1.4
2026-03-16 03:00:00-04:00,38.9,36.47,1.12,1.31
2026-03-16 04:00:00-04:00,40.6,36.4,2.93,1.27
2026-03-16 05:00:00-04:00,47.5,39.19,6.86,1.45
2026-03-16 06:00:00-04:00,60.0,48.96,9.23,1.81
2026-03-16 07:00:00-04:00,64.0,46.89,15.51,1.6
2026-03-16 08:00:00-04:00,65.4,56.72,6.53,2.15
2026-03-16 09:00:00-04:00,58.79,56.53,-0.0,2.26
2026-03-16 10:00:00-04:00,56.59,52.6,2.04,1.95
2026-03-16 11:00:00-04:00,53.48,48.67,3.01,1.8
2026-03-16 12:00:00-04:00,52.89,48.36,2.84,1.69
2026-03-16 13:00:00-04:00,52.26,47.06,3.51,1.69
2026-03-16 14:00:00-04:00,50.94,46.34,2.93,1.67
2026-03-16 15:00:00-04:00,51.53,47.84,1.97,1.72
2026-03-16 16:00:00-04:00,53.89,50.2,1.89,1.8
2026-03-16 17:00:00-04:00,63.0,54.41,6.52,2.07
2026-03-16 18:00:00-04:00,65.7,58.96,4.32,2.42
2026-03-16 19:00:00-04:00,69.14,58.89,7.89,2.36
2026-03-16 20:00:00-04:00,61.76,58.18,1.49,2.09
2026-03-16 21:00:00-04:00,54.57,52.88,-0.0,1.69
2026-03-16 22:00:00-04:00,47.66,46.14,-0.0,1.52
2026-03-16 23:00:00-04:00,42.18,40.72,-0.0,1.46
2026-03-17 00:00:00-04:00,43.24,41.86,-0.0,1.38
2026-03-17 01:00:00-04:00,39.8,38.42,-0.0,1.38
2026-03-17 02:00:00-04:00,39.1,37.78,-0.0,1.32
2026-03-17 03:00:00-04:00,38.59,37.32,-0.0,1.27
2026-03-17 04:00:00-04:00,39.5,38.35,-0.0,1.15
2026-03-17 05:00:00-04:00,44.78,43.31,-0.0,1.47
2026-03-17 06:00:00-04:00,55.73,54.0,-0.0,1.73
2026-03-17 07:00:00-04:00,75.61,56.19,18.07,1.35
2026-03-17 08:00:00-04:00,59.99,58.3,-0.0,1.69
2026-03-17 09:00:00-04:00,47.19,45.13,0.71,1.35
2026-03-17 10:00:00-04:00,43.4,38.31,3.86,1.23
2026-03-17 11:00:00-04:00,43.06,37.97,3.84,1.25
2026-03-17 12:00:00-04:00,39.94,35.46,3.38,1.1
2026-03-17 13:00:00-04:00,40.4,35.88,3.48,1.04
2026-03-17 14:00:00-04:00,40.01,36.67,2.24,1.1
2026-03-17 15:00:00-04:00,45.19,41.84,2.1,1.25
2026-03-17 16:00:00-04:00,49.83,45.78,2.68,1.37
2026-03-17 17:00:00-04:00,60.77,59.64,-0.6,1.73
2026-03-17 18:00:00-04:00,70.39,68.48,-0.0,1.91
2026-03-17 19:00:00-04:00,81.35,79.37,-0.0,1.98
2026-03-17 20:00:00-04:00,71.35,70.02,-0.0,1.33
2026-03-17 21:00:00-04:00,66.44,65.2,-0.0,1.24
2026-03-17 22:00:00-04:00,58.13,57.05,-0.0,1.08
2026-03-17 23:00:00-04:00,53.69,52.9,-0.0,0.79
2026-03-18 00:00:00-04:00,62.0,61.08,-0.0,0.92
2026-03-18 01:00:00-04:00,55.0,54.14,-0.0,0.86
2026-03-18 02:00:00-04:00,55.53,54.66,-0.0,0.87
2026-03-18 03:00:00-04:00,56.0,55.17,-0.0,0.83
2026-03-18 04:00:00-04:00,56.31,55.7,-0.0,0.61
2026-03-18 05:00:00-04:00,68.87,68.05,-0.0,0.82
2026-03-18 06:00:00-04:00,90.22,88.88,-0.0,1.34
2026-03-18 07:00:00-04:00,129.02,127.24,-0.0,1.78
2026-03-18 08:00:00-04:00,91.42,90.65,-0.86,1.63
2026-03-18 09:00:00-04:00,66.24,64.1,0.86,1.28
2026-03-18 10:00:00-04:00,50.87,50.07,-0.0,0.8
2026-03-18 11:00:00-04:00,46.88,45.91,-0.0,0.97
2026-03-18 12:00:00-04:00,46.72,45.76,-0.0,0.96
2026-03-18 13:00:00-04:00,44.98,43.93,-0.0,1.05
2026-03-18 14:00:00-04:00,41.99,41.05,-0.0,0.94
2026-03-18 15:00:00-04:00,45.44,44.29,-0.0,1.15
2026-03-18 16:00:00-04:00,52.39,50.96,-0.0,1.43
2026-03-18 17:00:00-04:00,66.0,63.81,0.15,2.04
2026-03-18 18:00:00-04:00,90.37,87.82,-0.0,2.55
2026-03-18 19:00:00-04:00,106.01,103.73,-0.0,2.28
2026-03-18 20:00:00-04:00,93.29,90.84,-0.0,2.45
2026-03-18 21:00:00-04:00,72.04,70.01,-0.0,2.03
2026-03-18 22:00:00-04:00,67.87,65.9,-0.0,1.97
2026-03-18 23:00:00-04:00,58.24,56.71,-0.0,1.53
2026-03-19 00:00:00-04:00,54.4,53.44,-0.0,0.96
2026-03-19 01:00:00-04:00,51.49,50.33,-0.0,1.16
2026-03-19 02:00:00-04:00,49.79,48.62,-0.0,1.17
2026-03-19 03:00:00-04:00,47.83,46.57,-0.0,1.26
2026-03-19 04:00:00-04:00,51.56,50.3,-0.0,1.26
2026-03-19 05:00:00-04:00,53.84,52.32,-0.0,1.52
2026-03-19 06:00:00-04:00,71.0,65.26,3.65,2.09
2026-03-19 07:00:00-04:00,90.3,88.88,-0.98,2.4
2026-03-19 08:00:00-04:00,73.89,72.3,-0.0,1.59
2026-03-19 09:00:00-04:00,58.87,57.38,-0.0,1.49
2026-03-19 10:00:00-04:00,50.52,49.73,-0.0,0.79
2026-03-19 11:00:00-04:00,46.03,45.22,-0.0,0.81
2026-03-19 12:00:00-04:00,43.22,42.45,-0.0,0.77
2026-03-19 13:00:00-04:00,42.14,41.36,-0.0,0.78
2026-03-19 14:00:00-04:00,41.4,40.55,-0.0,0.85
2026-03-19 15:00:00-04:00,42.7,41.74,-0.0,0.96
2026-03-19 16:00:00-04:00,50.12,48.85,-0.0,1.27
2026-03-19 17:00:00-04:00,57.88,56.2,-0.0,1.68
2026-03-19 18:00:00-04:00,66.0,64.39,-0.0,1.61
2026-03-19 19:00:00-04:00,76.22,74.29,-0.0,1.93
2026-03-19 20:00:00-04:00,68.0,66.34,-0.0,1.66
2026-03-19 21:00:00-04:00,60.0,58.48,-0.0,1.52
2026-03-19 22:00:00-04:00,51.83,50.57,-0.0,1.26
2026-03-19 23:00:00-04:00,48.94,48.03,-0.0,0.91
2026-03-20 00:00:00-04:00,46.37,45.82,-0.0,0.55
2026-03-20 01:00:00-04:00,42.7,42.07,-0.0,0.63
2026-03-20 02:00:00-04:00,40.18,39.55,-0.0,0.63
2026-03-20 03:00:00-04:00,40.26,39.66,-0.0,0.6
2026-03-20 04:00:00-04:00,41.4,40.87,-0.0,0.53
2026-03-20 05:00:00-04:00,44.5,43.76,-0.0,0.74
2026-03-20 06:00:00-04:00,54.56,53.33,-0.0,1.23
2026-03-20 07:00:00-04:00,68.39,66.85,-0.0,1.54
2026-03-20 08:00:00-04:00,56.67,55.18,0.06,1.43
2026-03-20 09:00:00-04:00,46.61,45.12,0.63,0.86
2026-03-20 10:00:00-04:00,39.3,38.49,-0.0,0.81
2026-03-20 11:00:00-04:00,37.39,36.69,-0.0,0.7
2026-03-20 12:00:00-04:00,37.03,36.23,-0.0,0.8
2026-03-20 13:00:00-04:00,38.0,37.29,-0.0,0.71
2026-03-20 14:00:00-04:00,39.01,38.28,-0.0,0.73
2026-03-20 15:00:00-04:00,39.55,38.7,-0.0,0.85
2026-03-20 16:00:00-04:00,44.53,43.11,0.39,1.03
2026-03-20 17:00:00-04:00,49.91,47.9,0.77,1.24
2026-03-20 18:00:00-04:00,55.8,53.71,0.75,1.34
2026-03-20 19:00:00-04:00,61.38,59.49,0.46,1.43
2026-03-20 20:00:00-04:00,55.19,53.81,0.14,1.24
2026-03-20 21:00:00-04:00,48.57,47.52,0.05,1.0
2026-03-20 22:00:00-04:00,44.96,43.99,-0.0,0.97
2026-03-20 23:00:00-04:00,39.86,39.23,-0.0,0.63
2026-03-21 00:00:00-04:00,41.74,41.08,-0.0,0.66
2026-03-21 01:00:00-04:00,39.98,39.54,-0.0,0.44
2026-03-21 02:00:00-04:00,38.25,37.83,-0.0,0.42
2026-03-21 03:00:00-04:00,36.66,36.33,-0.0,0.33
2026-03-21 04:00:00-04:00,37.1,36.73,-0.0,0.37
2026-03-21 05:00:00-04:00,38.9,38.36,-0.0,0.54
2026-03-21 06:00:00-04:00,43.56,42.62,-0.0,0.94
2026-03-21 07:00:00-04:00,51.22,50.12,-0.0,1.1
2026-03-21 08:00:00-04:00,48.71,47.85,-0.0,0.86
2026-03-21 09:00:00-04:00,43.83,43.14,-0.0,0.69
2026-03-21 10:00:00-04:00,36.96,36.49,-0.0,0.47
2026-03-21 11:00:00-04:00,34.32,33.71,-0.0,0.61
2026-03-21 12:00:00-04:00,30.72,30.21,-0.0,0.51
2026-03-21 13:00:00-04:00,29.69,29.14,-0.0,0.55
2026-03-21 14:00:00-04:00,28.31,27.76,-0.0,0.55
2026-03-21 15:00:00-04:00,29.42,28.79,-0.0,0.63
2026-03-21 16:00:00-04:00,32.9,32.11,0.05,0.74
2026-03-21 17:00:00-04:00,43.33,42.45,-0.05,0.93
2026-03-21 18:00:00-04:00,54.17,53.11,-0.0,1.06
2026-03-21 19:00:00-04:00,58.49,57.23,-0.0,1.26
2026-03-21 20:00:00-04:00,55.6,54.45,-0.0,1.15
2026-03-21 21:00:00-04:00,48.4,47.45,-0.0,0.95
2026-03-21 22:00:00-04:00,42.61,41.73,-0.0,0.88
2026-03-21 23:00:00-04:00,38.91,38.19,-0.0,0.72
2026-03-22 00:00:00-04:00,40.0,39.1,-0.0,0.9
2026-03-22 01:00:00-04:00,37.8,36.84,-0.0,0.96
2026-03-22 02:00:00-04:00,36.4,35.3,-0.0,1.1
2026-03-22 03:00:00-04:00,35.08,33.99,-0.0,1.09
2026-03-22 04:00:00-04:00,35.0,33.92,-0.0,1.08
2026-03-22 05:00:00-04:00,36.09,34.94,-0.0,1.15
2026-03-22 06:00:00-04:00,41.71,37.18,3.27,1.26
2026-03-22 07:00:00-04:00,44.76,37.18,6.32,1.26
2026-03-22 08:00:00-04:00,42.4,39.8,1.33,1.27
2026-03-22 09:00:00-04:00,44.74,44.86,-1.33,1.21
2026-03-22 10:00:00-04:00,40.08,38.91,-0.0,1.17
2026-03-22 11:00:00-04:00,39.35,38.17,-0.0,1.18
2026-03-22 12:00:00-04:00,38.39,37.31,-0.0,1.08
2026-03-22 13:00:00-04:00,39.09,38.06,-0.0,1.03
2026-03-22 14:00:00-04:00,38.0,37.07,-0.0,0.93
2026-03-22 15:00:00-04:00,39.95,39.09,-0.0,0.86
2026-03-22 16:00:00-04:00,45.32,44.35,-0.0,0.97
2026-03-22 17:00:00-04:00,48.95,47.71,-0.0,1.24
2026-03-22 18:00:00-04:00,53.62,52.06,-0.0,1.56
2026-03-22 19:00:00-04:00,55.55,53.93,-0.0,1.62
2026-03-22 20:00:00-04:00,55.15,53.59,-0.0,1.56
2026-03-22 21:00:00-04:00,48.29,46.98,-0.0,1.31
2026-03-22 22:00:00-04:00,42.3,41.23,-0.0,1.07
2026-03-22 23:00:00-04:00,38.71,37.91,-0.0,0.8
2026-03-23 00:00:00-04:00,37.82,37.04,-0.0,0.78
2026-03-23 01:00:00-04:00,36.11,35.33,-0.0,0.78
2026-03-23 02:00:00-04:00,36.0,35.26,-0.0,0.74
2026-03-23 03:00:00-04:00,35.17,34.58,-0.0,0.59
2026-03-23 04:00:00-04:00,35.8,35.34,-0.0,0.46
2026-03-23 05:00:00-04:00,39.1,38.22,-0.0,0.88
2026-03-23 06:00:00-04:00,48.11,46.75,-0.0,1.36
2026-03-23 07:00:00-04:00,57.14,54.5,1.23,1.41
2026-03-23 08:00:00-04:00,62.7,62.49,-1.23,1.44
2026-03-23 09:00:00-04:00,60.21,58.92,-0.0,1.29
2026-03-23 10:00:00-04:00,54.27,52.66,0.29,1.32
2026-03-23 11:00:00-04:00,52.67,50.81,0.49,1.37
2026-03-23 12:00:00-04:00,49.72,48.1,0.22,1.4
2026-03-23 13:00:00-04:00,46.94,45.14,0.45,1.35
2026-03-23 14:00:00-04:00,44.78,42.45,0.97,1.36
2026-03-23 15:00:00-04:00,45.92,43.37,1.12,1.43
2026-03-23 16:00:00-04:00,50.24,48.54,-0.0,1.7
2026-03-23 17:00:00-04:00,54.87,53.17,-0.0,1.7
2026-03-23 18:00:00-04:00,59.3,57.46,-0.0,1.84
2026-03-23 19:00:00-04:00,71.05,68.98,-0.0,2.07
2026-03-23 20:00:00-04:00,66.21,64.53,-0.0,1.68
2026-03-23 21:00:00-04:00,57.94,56.31,-0.0,1.63
2026-03-23 22:00:00-04:00,50.0,48.73,-0.0,1.27
2026-03-23 23:00:00-04:00,43.91,42.88,-0.0,1.03
2026-03-24 00:00:00-04:00,47.77,47.06,-0.0,0.71
2026-03-24 01:00:00-04:00,45.34,44.5,-0.0,0.84
2026-03-24 02:00:00-04:00,43.7,42.89,-0.0,0.81
2026-03-24 03:00:00-04:00,43.5,42.77,-0.0,0.73
2026-03-24 04:00:00-04:00,45.3,44.85,-0.0,0.45
2026-03-24 05:00:00-04:00,49.08,48.55,-0.0,0.53
2026-03-24 06:00:00-04:00,70.7,69.65,-0.0,1.05
2026-03-24 07:00:00-04:00,100.7,107.45,-8.36,1.61
2026-03-24 08:00:00-04:00,67.74,64.09,2.3,1.35
2026-03-24 09:00:00-04:00,50.0,41.07,7.62,1.31
2026-03-24 10:00:00-04:00,40.39,37.36,1.91,1.12
2026-03-24 11:00:00-04:00,38.17,36.61,0.54,1.02
2026-03-24 12:00:00-04:00,36.08,34.69,0.42,0.97
2026-03-24 13:00:00-04:00,35.1,33.0,1.14,0.96
2026-03-24 14:00:00-04:00,31.33,29.17,1.23,0.93
2026-03-24 15:00:00-04:00,33.55,31.77,0.67,1.11
2026-03-24 16:00:00-04:00,38.57,35.7,1.48,1.39
2026-03-24 17:00:00-04:00,47.5,43.06,2.76,1.68
2026-03-24 18:00:00-04:00,63.2,59.47,1.47,2.26
2026-03-24 19:00:00-04:00,73.39,68.81,2.03,2.55
2026-03-24 20:00:00-04:00,71.25,68.78,-0.0,2.47
2026-03-24 21:00:00-04:00,56.0,54.0,-0.0,2.0
2026-03-24 22:00:00-04:00,50.4,48.56,-0.0,1.84
2026-03-24 23:00:00-04:00,45.0,43.65,-0.0,1.35
2026-03-25 00:00:00-04:00,42.27,41.04,-0.0,1.23
2026-03-25 01:00:00-04:00,40.14,38.97,-0.0,1.17
2026-03-25 02:00:00-04:00,38.53,37.59,-0.0,0.94
2026-03-25 03:00:00-04:00,38.34,37.33,-0.0,1.01
2026-03-25 04:00:00-04:00,40.61,39.74,-0.0,0.87
2026-03-25 05:00:00-04:00,44.1,43.02,-0.0,1.08
2026-03-25 06:00:00-04:00,62.55,60.2,-0.0,2.35
2026-03-25 07:00:00-04:00,77.65,75.17,-0.0,2.48
2026-03-25 08:00:00-04:00,66.34,62.42,2.05,1.87
2026-03-25 09:00:00-04:00,47.5,45.0,1.19,1.31
2026-03-25 10:00:00-04:00,39.48,37.47,1.15,0.86
2026-03-25 11:00:00-04:00,35.63,34.73,-0.0,0.9
2026-03-25 12:00:00-04:00,34.7,33.3,0.33,1.07
2026-03-25 13:00:00-04:00,32.65,29.97,1.78,0.9
2026-03-25 14:00:00-04:00,31.68,29.36,1.5,0.82
2026-03-25 15:00:00-04:00,34.44,23.93,10.1,0.41
2026-03-25 16:00:00-04:00,39.06,37.56,-0.0,1.5
2026-03-25 17:00:00-04:00,47.84,46.13,-0.0,1.71
2026-03-25 18:00:00-04:00,53.51,52.0,-0.0,1.51
2026-03-25 19:00:00-04:00,65.88,63.41,-0.0,2.47
2026-03-25 20:00:00-04:00,55.2,53.49,-0.0,1.71
2026-03-25 21:00:00-04:00,47.92,46.3,-0.0,1.62
2026-03-25 22:00:00-04:00,41.47,39.92,-0.0,1.55
2026-03-25 23:00:00-04:00,36.9,35.48,-0.0,1.42
2026-03-26 00:00:00-04:00,32.72,30.63,0.38,1.71
2026-03-26 01:00:00-04:00,32.9,28.91,2.37,1.62
2026-03-26 02:00:00-04:00,30.2,28.68,-0.0,1.52
2026-03-26 03:00:00-04:00,30.15,28.36,0.4,1.39
2026-03-26 04:00:00-04:00,32.8,28.55,2.82,1.43
2026-03-26 05:00:00-04:00,35.3,30.77,2.93,1.6
2026-03-26 06:00:00-04:00,47.2,39.14,5.91,2.15
2026-03-26 07:00:00-04:00,57.0,49.69,4.58,2.73
2026-03-26 08:00:00-04:00,45.38,40.23,3.14,2.01
2026-03-26 09:00:00-04:00,39.45,34.2,3.37,1.88
2026-03-26 10:00:00-04:00,33.82,30.0,2.2,1.62
2026-03-26 11:00:00-04:00,32.0,28.65,1.83,1.52
2026-03-26 12:00:00-04:00,31.3,28.12,1.63,1.55
2026-03-26 13:00:00-04:00,31.28,28.5,1.53,1.25
2026-03-26 14:00:00-04:00,32.0,29.19,1.7,1.11
2026-03-26 15:00:00-04:00,35.0,32.06,1.98,0.96
2026-03-26 16:00:00-04:00,38.8,34.28,3.35,1.17
2026-03-26 17:00:00-04:00,41.46,39.57,0.51,1.38
2026-03-26 18:00:00-04:00,48.42,46.56,-0.0,1.86
2026-03-26 19:00:00-04:00,53.37,51.82,-0.0,1.55
2026-03-26 20:00:00-04:00,50.0,48.68,-0.0,1.32
2026-03-26 21:00:00-04:00,42.81,41.85,-0.0,0.96
2026-03-26 22:00:00-04:00,36.8,35.94,-0.0,0.86
2026-03-26 23:00:00-04:00,34.0,32.29,1.1,0.61
2026-03-27 00:00:00-04:00,30.32,29.81,-0.0,0.51
2026-03-27 01:00:00-04:00,29.33,28.84,-0.0,0.49
2026-03-27 02:00:00-04:00,27.44,27.01,-0.0,0.43
2026-03-27 03:00:00-04:00,27.74,27.36,-0.0,0.38
2026-03-27 04:00:00-04:00,27.93,27.6,-0.0,0.33
2026-03-27 05:00:00-04:00,28.5,28.08,-0.0,0.42
2026-03-27 06:00:00-04:00,37.4,36.05,0.23,1.12
2026-03-27 07:00:00-04:00,46.86,44.74,1.05,1.07
2026-03-27 08:00:00-04:00,44.38,44.47,-1.03,0.94
2026-03-27 09:00:00-04:00,41.0,40.16,-0.0,0.84
2026-03-27 10:00:00-04:00,37.71,36.86,-0.0,0.85
2026-03-27 11:00:00-04:00,34.8,33.82,0.03,0.95
2026-03-27 12:00:00-04:00,32.4,30.79,0.81,0.8
2026-03-27 13:00:00-04:00,30.34,28.81,0.69,0.84
2026-03-27 14:00:00-04:00,27.69,26.29,0.66,0.74
2026-03-27 15:00:00-04:00,29.08,28.07,0.08,0.93
2026-03-27 16:00:00-04:00,32.18,31.12,-0.0,1.06
2026-03-27 17:00:00-04:00,38.73,37.68,-0.0,1.05
2026-03-27 18:00:00-04:00,47.33,46.4,-0.0,0.93
2026-03-27 19:00:00-04:00,54.6,53.85,-0.0,0.75
2026-03-27 20:00:00-04:00,51.57,50.96,-0.0,0.61
2026-03-27 21:00:00-04:00,43.18,42.02,0.32,0.84
2026-03-27 22:00:00-04:00,40.44,40.04,-0.24,0.64
2026-03-27 23:00:00-04:00,38.6,38.34,-0.08,0.34
2026-03-28 00:00:00-04:00,46.05,45.28,-0.0,0.77
2026-03-28 01:00:00-04:00,43.93,42.99,-0.0,0.94
2026-03-28 02:00:00-04:00,40.61,39.81,-0.0,0.8
2026-03-28 03:00:00-04:00,40.4,39.53,-0.0,0.87
2026-03-28 04:00:00-04:00,40.79,39.87,-0.0,0.92
2026-03-28 05:00:00-04:00,44.54,43.54,-0.0,1.0
2026-03-28 06:00:00-04:00,49.4,48.38,-0.0,1.02
2026-03-28 07:00:00-04:00,52.86,51.77,-0.0,1.09
2026-03-28 08:00:00-04:00,48.64,47.88,-0.0,0.76
2026-03-28 09:00:00-04:00,38.09,37.38,-0.0,0.71
2026-03-28 10:00:00-04:00,34.51,33.87,-0.0,0.64
2026-03-28 11:00:00-04:00,30.4,29.86,-0.0,0.54
2026-03-28 12:00:00-04:00,29.45,28.9,-0.0,0.55
2026-03-28 13:00:00-04:00,28.21,27.58,-0.0,0.63
2026-03-28 14:00:00-04:00,25.54,24.94,-0.0,0.6
2026-03-28 15:00:00-04:00,26.78,26.1,-0.0,0.68
2026-03-28 16:00:00-04:00,31.9,30.79,-0.0,1.11
2026-03-28 17:00:00-04:00,40.2,38.95,-0.0,1.25
2026-03-28 18:00:00-04:00,53.53,51.84,0.39,1.3
2026-03-28 19:00:00-04:00,61.9,60.48,-0.39,1.81
2026-03-28 20:00:00-04:00,58.18,56.6,-0.0,1.58
2026-03-28 21:00:00-04:00,50.25,48.69,-0.0,1.56
2026-03-28 22:00:00-04:00,44.78,43.69,-0.0,1.09
2026-03-28 23:00:00-04:00,41.83,40.81,-0.0,1.02
2026-03-29 00:00:00-04:00,39.8,38.75,-0.0,1.05
2026-03-29 01:00:00-04:00,36.05,34.93,-0.0,1.12
2026-03-29 02:00:00-04:00,34.16,33.1,-0.0,1.06
2026-03-29 03:00:00-04:00,34.3,33.3,-0.0,1.0
2026-03-29 04:00:00-04:00,35.15,34.03,-0.0,1.12
2026-03-29 05:00:00-04:00,36.51,35.35,-0.0,1.16
2026-03-29 06:00:00-04:00,46.6,41.09,4.03,1.48
2026-03-29 07:00:00-04:00,53.0,44.86,6.61,1.53
2026-03-29 08:00:00-04:00,39.3,37.65,0.3,1.35
2026-03-29 09:00:00-04:00,31.26,30.38,-0.0,0.88
2026-03-29 10:00:00-04:00,28.0,27.45,-0.0,0.55
2026-03-29 11:00:00-04:00,26.8,26.25,-0.0,0.55
2026-03-29 12:00:00-04:00,24.93,24.3,-0.0,0.63
2026-03-29 13:00:00-04:00,23.93,23.28,-0.0,0.65
2026-03-29 14:00:00-04:00,23.42,22.8,-0.0,0.62
2026-03-29 15:00:00-04:00,24.34,23.75,-0.0,0.59
2026-03-29 16:00:00-04:00,28.17,27.3,-0.0,0.87
2026-03-29 17:00:00-04:00,35.74,32.73,1.8,1.21
2026-03-29 18:00:00-04:00,45.76,44.25,-0.0,1.51
2026-03-29 19:00:00-04:00,53.57,51.62,0.14,1.81
2026-03-29 20:00:00-04:00,50.45,48.65,-0.0,1.8
2026-03-29 21:00:00-04:00,41.45,37.99,1.94,1.52
2026-03-29 22:00:00-04:00,36.42,32.66,2.42,1.34
2026-03-29 23:00:00-04:00,32.0,30.33,0.52,1.15
2026-03-30 00:00:00-04:00,29.68,28.65,-0.0,1.03
2026-03-30 01:00:00-04:00,28.71,27.79,-0.0,0.92
2026-03-30 02:00:00-04:00,27.97,27.05,-0.0,0.92
2026-03-30 03:00:00-04:00,28.36,27.46,-0.0,0.9
2026-03-30 04:00:00-04:00,28.5,27.59,-0.0,0.91
2026-03-30 05:00:00-04:00,31.83,29.78,1.1,0.95
2026-03-30 06:00:00-04:00,42.2,40.1,0.62,1.48
2026-03-30 07:00:00-04:00,48.9,46.81,0.36,1.73
2026-03-30 08:00:00-04:00,45.14,43.49,-0.0,1.65
2026-03-30 09:00:00-04:00,34.9,33.59,-0.0,1.31
2026-03-30 10:00:00-04:00,30.89,29.93,-0.0,0.96
2026-03-30 11:00:00-04:00,29.0,28.1,-0.0,0.9
2026-03-30 12:00:00-04:00,27.18,26.39,-0.0,0.79
2026-03-30 13:00:00-04:00,25.91,25.13,-0.0,0.78
2026-03-30 14:00:00-04:00,27.28,26.33,-0.0,0.95
2026-03-30 15:00:00-04:00,31.71,30.76,-0.0,0.95
2026-03-30 16:00:00-04:00,32.59,31.37,-0.0,1.22
2026-03-30 17:00:00-04:00,36.92,35.54,-0.0,1.38
2026-03-30 18:00:00-04:00,46.02,44.59,-0.0,1.43
2026-03-30 19:00:00-04:00,54.2,52.88,-0.0,1.32
2026-03-30 20:00:00-04:00,51.17,50.12,-0.0,1.05
2026-03-30 21:00:00-04:00,40.28,39.26,-0.0,1.02
2026-03-30 22:00:00-04:00,34.57,33.66,-0.0,0.91
2026-03-30 23:00:00-04:00,30.93,30.21,-0.0,0.72
2026-04-01 00:00:00-04:00,32.14,31.17,-0.0,0.97
2026-04-01 01:00:00-04:00,27.51,26.63,-0.0,0.88
2026-04-01 02:00:00-04:00,26.65,25.77,-0.0,0.88
2026-04-01 03:00:00-04:00,27.2,25.86,0.51,0.83
2026-04-01 04:00:00-04:00,27.9,27.09,-0.0,0.81
2026-04-01 05:00:00-04:00,29.96,29.17,-0.0,0.79
2026-04-01 06:00:00-04:00,36.97,35.82,-0.0,1.15
2026-04-01 07:00:00-04:00,45.4,44.12,-0.0,1.28
2026-04-01 08:00:00-04:00,44.64,43.38,-0.0,1.26
2026-04-01 09:00:00-04:00,40.58,39.32,-0.0,1.26
2026-04-01 10:00:00-04:00,37.78,36.64,-0.0,1.14
2026-04-01 11:00:00-04:00,36.29,35.23,-0.0,1.06
2026-04-01 12:00:00-04:00,35.0,33.98,-0.0,1.02
2026-04-01 13:00:00-04:00,34.7,33.43,0.34,0.93
2026-04-01 14:00:00-04:00,34.07,32.59,0.6,0.88
2026-04-01 15:00:00-04:00,35.39,32.59,1.98,0.82
2026-04-01 16:00:00-04:00,39.7,36.12,2.35,1.23
2026-04-01 17:00:00-04:00,43.77,41.37,1.28,1.12
2026-04-01 18:00:00-04:00,49.32,48.17,-0.0,1.15
2026-04-01 19:00:00-04:00,55.91,54.71,-0.0,1.2
2026-04-01 20:00:00-04:00,50.72,49.73,-0.0,0.99
2026-04-01 21:00:00-04:00,42.87,41.91,-0.0,0.96
2026-04-01 22:00:00-04:00,36.25,35.37,-0.0,0.88
2026-04-01 23:00:00-04:00,32.77,32.19,-0.0,0.58
2026-04-02 00:00:00-04:00,34.44,34.03,-0.0,0.41
2026-04-02 01:00:00-04:00,30.31,29.89,-0.0,0.42
2026-04-02 02:00:00-04:00,27.8,27.39,-0.0,0.41
2026-04-02 03:00:00-04:00,27.8,27.47,-0.0,0.33
2026-04-02 04:00:00-04:00,28.74,28.4,-0.0,0.34
2026-04-02 05:00:00-04:00,31.46,30.99,-0.0,0.47
2026-04-02 06:00:00-04:00,40.04,39.1,-0.0,0.94
2026-04-02 07:00:00-04:00,47.73,46.0,0.86,0.87
2026-04-02 08:00:00-04:00,47.57,47.48,-0.86,0.95
2026-04-02 09:00:00-04:00,46.72,45.85,-0.0,0.87
2026-04-02 10:00:00-04:00,42.09,41.08,0.27,0.74
2026-04-02 11:00:00-04:00,41.04,39.73,0.64,0.67
2026-04-02 12:00:00-04:00,40.76,39.44,0.61,0.71
2026-04-02 13:00:00-04:00,40.73,39.25,0.74,0.74
2026-04-02 14:00:00-04:00,38.23,34.96,2.61,0.66
2026-04-02 15:00:00-04:00,38.93,35.65,2.39,0.89
2026-04-02 16:00:00-04:00,41.36,39.48,0.7,1.18
2026-04-02 17:00:00-04:00,43.0,40.74,0.84,1.42
2026-04-02 18:00:00-04:00,46.99,45.01,0.13,1.85
2026-04-02 19:00:00-04:00,50.3,47.86,0.52,1.92
2026-04-02 20:00:00-04:00,47.6,45.72,-0.0,1.88
2026-04-02 21:00:00-04:00,42.57,38.31,2.69,1.57
2026-04-02 22:00:00-04:00,36.75,33.56,1.78,1.41
2026-04-02 23:00:00-04:00,33.02,32.36,-0.47,1.13
2026-04-03 00:00:00-04:00,36.67,30.59,4.8,1.28
2026-04-03 01:00:00-04:00,34.5,27.38,5.97,1.15
2026-04-03 02:00:00-04:00,28.29,26.74,0.38,1.17
2026-04-03 03:00:00-04:00,28.17,25.78,1.33,1.06
2026-04-03 04:00:00-04:00,31.0,27.11,2.8,1.09
2026-04-03 05:00:00-04:00,36.2,28.36,6.62,1.22
2026-04-03 06:00:00-04:00,40.48,37.32,1.59,1.57
2026-04-03 07:00:00-04:00,55.0,45.04,8.02,1.94
2026-04-03 08:00:00-04:00,50.0,41.62,6.63,1.75
2026-04-03 09:00:00-04:00,48.04,37.14,9.3,1.6
2026-04-03 10:00:00-04:00,40.1,33.32,5.32,1.46
2026-04-03 11:00:00-04:00,35.41,30.97,3.08,1.36
2026-04-03 12:00:00-04:00,30.63,27.53,1.86,1.24
2026-04-03 13:00:00-04:00,29.01,26.68,1.18,1.15
2026-04-03 14:00:00-04:00,26.26,23.05,2.24,0.97
2026-04-03 15:00:00-04:00,28.56,26.52,0.9,1.14
2026-04-03 16:00:00-04:00,32.41,28.52,2.58,1.31
2026-04-03 17:00:00-04:00,37.75,33.83,2.43,1.49
2026-04-03 18:00:00-04:00,43.4,40.01,1.55,1.84
2026-04-03 19:00:00-04:00,49.0,45.91,1.25,1.84
2026-04-03 20:00:00-04:00,46.43,44.41,0.29,1.73
2026-04-03 21:00:00-04:00,40.23,38.68,-0.0,1.55
2026-04-03 22:00:00-04:00,36.04,34.79,-0.0,1.25
2026-04-03 23:00:00-04:00,33.1,32.17,-0.0,0.93
