timestamps,prices,energy,congestion,loss
2025-01-01 00:00:00-05:00,37.11,31.86,3.82,1.43
2025-01-01 01:00:00-05:00,36.22,30.809999999999995,3.96,1.45
2025-01-01 02:00:00-05:00,34.4,28.86,4.15,1.39
2025-01-01 03:00:00-05:00,28.42,27.26,0.01,1.15
2025-01-01 04:00:00-05:00,28.31,27.19,0.01,1.11
2025-01-01 05:00:00-05:00,32.35,29.08,1.96,1.31
2025-01-01 06:00:00-05:00,31.17,29.76,0.01,1.4
2025-01-01 07:00:00-05:00,35.29,29.630000000000003,4.0,1.66
2025-01-01 08:00:00-05:00,37.13,31.890000000000004,3.45,1.79
2025-01-01 09:00:00-05:00,37.64,32.379999999999995,3.38,1.88
2025-01-01 10:00:00-05:00,40.27,35.28,2.95,2.04
2025-01-01 11:00:00-05:00,40.6,35.46,2.9,2.24
2025-01-01 12:00:00-05:00,41.3,36.23,2.79,2.28
2025-01-01 13:00:00-05:00,41.8,36.669999999999995,2.71,2.42
2025-01-01 14:00:00-05:00,42.17,37.03,2.66,2.48
2025-01-01 15:00:00-05:00,42.2,36.81,2.78,2.61
2025-01-01 16:00:00-05:00,45.25,39.73,2.54,2.98
2025-01-01 17:00:00-05:00,55.74,50.50000000000001,1.4,3.84
2025-01-01 18:00:00-05:00,49.21,43.48,2.47,3.26
2025-01-01 19:00:00-05:00,46.66,40.64999999999999,2.92,3.09
2025-01-01 20:00:00-05:00,44.31,38.24000000000001,3.16,2.91
2025-01-01 21:00:00-05:00,40.08,34.02,3.44,2.62
2025-01-01 22:00:00-05:00,37.77,31.410000000000004,3.85,2.51
2025-01-01 23:00:00-05:00,37.51,31.499999999999993,3.74,2.27
2025-01-02 00:00:00-05:00,39.83,34.91,2.65,2.27
2025-01-02 01:00:00-05:00,39.24,34.32,2.76,2.16
2025-01-02 02:00:00-05:00,36.59,31.53,3.07,1.99
2025-01-02 03:00:00-05:00,33.33,29.839999999999996,1.55,1.94
2025-01-02 04:00:00-05:00,37.53,32.42,3.03,2.08
2025-01-02 05:00:00-05:00,40.48,35.629999999999995,2.54,2.31
2025-01-02 06:00:00-05:00,43.92,38.16,3.01,2.75
2025-01-02 07:00:00-05:00,51.29,41.61,6.56,3.12
2025-01-02 08:00:00-05:00,50.87,41.56999999999999,6.06,3.24
2025-01-02 09:00:00-05:00,48.92,41.120000000000005,4.43,3.37
2025-01-02 10:00:00-05:00,48.35,41.870000000000005,3.01,3.47
2025-01-02 11:00:00-05:00,47.33,40.92,2.97,3.44
2025-01-02 12:00:00-05:00,46.25,40.059999999999995,2.74,3.45
2025-01-02 13:00:00-05:00,47.55,41.37,2.62,3.56
2025-01-02 14:00:00-05:00,48.17,41.1,3.53,3.54
2025-01-02 15:00:00-05:00,52.48,43.309999999999995,5.49,3.68
2025-01-02 16:00:00-05:00,61.44,49.54,7.44,4.46
2025-01-02 17:00:00-05:00,75.3,55.10000000000001,15.02,5.18
2025-01-02 18:00:00-05:00,80.38,55.03999999999999,20.44,4.9
2025-01-02 19:00:00-05:00,73.13,49.24,19.65,4.24
2025-01-02 20:00:00-05:00,62.28,49.040000000000006,9.22,4.02
2025-01-02 21:00:00-05:00,52.22,45.84,2.71,3.67
2025-01-02 22:00:00-05:00,48.47,43.28,1.86,3.33
2025-01-02 23:00:00-05:00,45.88,41.040000000000006,1.97,2.87
2025-01-03 00:00:00-05:00,47.57,41.400000000000006,3.44,2.73
2025-01-03 01:00:00-05:00,45.57,39.42,3.62,2.53
2025-01-03 02:00:00-05:00,44.94,38.78,3.72,2.44
2025-01-03 03:00:00-05:00,45.59,39.42,3.61,2.56
2025-01-03 04:00:00-05:00,46.67,40.61,3.42,2.64
2025-01-03 05:00:00-05:00,51.94,46.54,2.51,2.89
2025-01-03 06:00:00-05:00,59.1,53.940000000000005,1.44,3.72
2025-01-03 07:00:00-05:00,62.13,54.99,2.58,4.56
2025-01-03 08:00:00-05:00,65.55,55.05,5.77,4.73
2025-01-03 09:00:00-05:00,67.65,54.150000000000006,9.12,4.38
2025-01-03 10:00:00-05:00,61.64,52.5,4.94,4.2
2025-01-03 11:00:00-05:00,61.56,52.260000000000005,4.97,4.33
2025-01-03 12:00:00-05:00,60.36,50.84,5.45,4.07
2025-01-03 13:00:00-05:00,61.56,51.88000000000001,5.27,4.41
2025-01-03 14:00:00-05:00,65.16,54.97999999999999,5.23,4.95
2025-01-03 15:00:00-05:00,66.9,55.25,6.73,4.92
2025-01-03 16:00:00-05:00,84.47,55.31999999999999,23.89,5.26
2025-01-03 17:00:00-05:00,105.46,58.609999999999985,41.28,5.57
2025-01-03 18:00:00-05:00,92.28,57.92999999999999,28.84,5.51
2025-01-03 19:00:00-05:00,81.09,55.5,20.59,5.0
2025-01-03 20:00:00-05:00,80.27,55.25999999999999,20.03,4.98
2025-01-03 21:00:00-05:00,61.9,54.65,2.93,4.32
2025-01-03 22:00:00-05:00,60.14,54.220000000000006,1.91,4.01
2025-01-03 23:00:00-05:00,59.88,54.540000000000006,1.58,3.76
2025-01-04 00:00:00-05:00,57.93,51.96,2.12,3.85
2025-01-04 01:00:00-05:00,55.28,49.57,2.19,3.52
2025-01-04 02:00:00-05:00,53.54,47.62,2.49,3.43
2025-01-04 03:00:00-05:00,54.3,48.52,2.14,3.64
2025-01-04 04:00:00-05:00,54.47,48.75,2.11,3.61
2025-01-04 05:00:00-05:00,55.75,49.92,2.08,3.75
2025-01-04 06:00:00-05:00,55.78,49.62,2.24,3.92
2025-01-04 07:00:00-05:00,60.22,53.97,1.93,4.32
2025-01-04 08:00:00-05:00,62.79,54.81,3.59,4.39
2025-01-04 09:00:00-05:00,64.81,55.1,4.86,4.85
2025-01-04 10:00:00-05:00,75.9,55.32,15.49,5.09
2025-01-04 11:00:00-05:00,100.0,55.38999999999999,39.46,5.15
2025-01-04 12:00:00-05:00,78.0,55.260000000000005,17.66,5.08
2025-01-04 13:00:00-05:00,85.78,55.21000000000001,25.55,5.02
2025-01-04 14:00:00-05:00,71.38,55.27,11.03,5.08
2025-01-04 15:00:00-05:00,79.27,55.379999999999995,18.69,5.2
2025-01-04 16:00:00-05:00,100.39,58.029999999999994,36.79,5.57
2025-01-04 17:00:00-05:00,135.41,67.35,61.46,6.6
2025-01-04 18:00:00-05:00,126.36,66.19,53.81,6.36
2025-01-04 19:00:00-05:00,108.35,57.41,45.48,5.46
2025-01-04 20:00:00-05:00,112.68,55.330000000000005,52.26,5.09
2025-01-04 21:00:00-05:00,97.02,55.2,36.85,4.97
2025-01-04 22:00:00-05:00,73.25,55.09,13.31,4.85
2025-01-04 23:00:00-05:00,68.86,54.98,9.15,4.73
2025-01-05 00:00:00-05:00,79.82,73.41,0.39,6.02
2025-01-05 01:00:00-05:00,79.92,73.85000000000001,0.16,5.91
2025-01-05 02:00:00-05:00,76.9,67.50000000000001,4.13,5.27
2025-01-05 03:00:00-05:00,72.84,64.74000000000001,2.99,5.11
2025-01-05 04:00:00-05:00,72.82,66.92999999999999,0.6,5.29
2025-01-05 05:00:00-05:00,73.35,67.19999999999999,0.84,5.31
2025-01-05 06:00:00-05:00,76.71,70.97,0.06,5.68
2025-01-05 07:00:00-05:00,78.29,54.18000000000001,19.51,4.6
2025-01-05 08:00:00-05:00,79.85,59.17999999999999,15.34,5.33
2025-01-05 09:00:00-05:00,81.67,66.55,9.26,5.86
2025-01-05 10:00:00-05:00,86.03,74.14,5.51,6.38
2025-01-05 11:00:00-05:00,86.03,74.0,5.67,6.36
2025-01-05 12:00:00-05:00,84.48,72.33,6.01,6.14
2025-01-05 13:00:00-05:00,85.63,73.69999999999999,5.59,6.34
2025-01-05 14:00:00-05:00,86.75,74.0,6.32,6.43
2025-01-05 15:00:00-05:00,90.0,73.92,9.95,6.13
2025-01-05 16:00:00-05:00,108.92,85.59,16.57,6.76
2025-01-05 17:00:00-05:00,150.0,104.93,36.67,8.4
2025-01-05 18:00:00-05:00,142.78,100.70000000000002,33.82,8.26
2025-01-05 19:00:00-05:00,136.95,89.91999999999999,39.57,7.46
2025-01-05 20:00:00-05:00,136.07,93.31,35.2,7.56
2025-01-05 21:00:00-05:00,97.07,86.15999999999998,4.01,6.9
2025-01-05 22:00:00-05:00,91.16,83.59,1.13,6.44
2025-01-05 23:00:00-05:00,93.2,87.19,-0.0,6.01
2025-01-06 00:00:00-05:00,99.0,88.35,4.28,6.37
2025-01-06 01:00:00-05:00,96.83,81.28,10.02,5.53
2025-01-06 02:00:00-05:00,94.95,81.01,8.75,5.19
2025-01-06 03:00:00-05:00,95.28,85.16000000000001,4.66,5.46
2025-01-06 04:00:00-05:00,95.32,89.14999999999999,0.2,5.97
2025-01-06 05:00:00-05:00,108.88,81.59,23.21,4.08
2025-01-06 06:00:00-05:00,116.16,90.62,20.38,5.16
2025-01-06 07:00:00-05:00,146.18,89.84,50.32,6.02
2025-01-06 08:00:00-05:00,142.91,103.04999999999998,32.34,7.52
2025-01-06 09:00:00-05:00,140.37,91.49,41.83,7.05
2025-01-06 10:00:00-05:00,167.92,118.07999999999998,39.81,10.03
2025-01-06 11:00:00-05:00,135.56,112.22,13.13,10.21
2025-01-06 12:00:00-05:00,129.7,101.53,18.93,9.24
2025-01-06 13:00:00-05:00,127.31,83.71000000000001,35.98,7.62
2025-01-06 14:00:00-05:00,129.07,85.83999999999999,35.42,7.81
2025-01-06 15:00:00-05:00,136.32,79.82,49.63,6.87
2025-01-06 16:00:00-05:00,152.88,81.42,64.54,6.92
2025-01-06 17:00:00-05:00,178.96,97.65000000000002,73.11,8.2
2025-01-06 18:00:00-05:00,174.14,86.88999999999997,80.04,7.21
2025-01-06 19:00:00-05:00,161.18,71.66,83.5,6.02
2025-01-06 20:00:00-05:00,152.54,74.36999999999998,70.81,7.36
2025-01-06 21:00:00-05:00,131.97,74.89,49.67,7.41
2025-01-06 22:00:00-05:00,126.14,80.14,37.67,8.33
2025-01-06 23:00:00-05:00,117.35,79.43999999999998,30.12,7.79
2025-01-07 00:00:00-05:00,122.48,70.6,45.52,6.36
2025-01-07 01:00:00-05:00,110.27,70.39,33.97,5.91
2025-01-07 02:00:00-05:00,115.99,70.23999999999998,40.13,5.62
2025-01-07 03:00:00-05:00,114.43,70.32000000000001,38.56,5.55
2025-01-07 04:00:00-05:00,118.76,70.32000000000001,43.03,5.41
2025-01-07 05:00:00-05:00,126.77,64.19,58.09,4.49
2025-01-07 06:00:00-05:00,147.02,68.89000000000001,73.38,4.75
2025-01-07 07:00:00-05:00,169.52,50.54000000000002,115.34,3.64
2025-01-07 08:00:00-05:00,152.65,51.51000000000002,97.38,3.76
2025-01-07 09:00:00-05:00,147.05,45.33000000000003,97.96,3.76
2025-01-07 10:00:00-05:00,147.65,59.10000000000002,83.88,4.67
2025-01-07 11:00:00-05:00,146.24,52.24000000000001,89.82,4.18
2025-01-07 12:00:00-05:00,139.92,47.139999999999986,88.82,3.96
2025-01-07 13:00:00-05:00,138.92,46.93999999999998,88.04,3.94
2025-01-07 14:00:00-05:00,139.88,48.379999999999995,87.44,4.06
2025-01-07 15:00:00-05:00,151.1,46.349999999999994,101.0,3.75
2025-01-07 16:00:00-05:00,180.0,61.60000000000001,113.23,5.17
2025-01-07 17:00:00-05:00,218.0,81.17000000000002,129.69,7.14
2025-01-07 18:00:00-05:00,204.27,80.42999999999999,117.01,6.83
2025-01-07 19:00:00-05:00,188.01,68.71,113.46,5.84
2025-01-07 20:00:00-05:00,160.5,70.6,82.84,7.06
2025-01-07 21:00:00-05:00,154.75,70.53,77.38,6.84
2025-01-07 22:00:00-05:00,142.92,70.46999999999997,65.68,6.77
2025-01-07 23:00:00-05:00,140.74,70.65,63.37,6.72
2025-01-08 00:00:00-05:00,138.49,73.71000000000001,57.19,7.59
2025-01-08 01:00:00-05:00,133.76,71.77,54.66,7.33
2025-01-08 02:00:00-05:00,126.68,70.76,49.06,6.86
2025-01-08 03:00:00-05:00,126.17,70.55,48.92,6.7
2025-01-08 04:00:00-05:00,135.78,70.76000000000002,58.23,6.79
2025-01-08 05:00:00-05:00,142.96,73.63,61.9,7.43
2025-01-08 06:00:00-05:00,159.83,74.55000000000001,78.34,6.94
2025-01-08 07:00:00-05:00,187.0,73.63,106.37,7.0
2025-01-08 08:00:00-05:00,160.91,74.54999999999998,78.53,7.83
2025-01-08 09:00:00-05:00,155.77,74.24000000000002,73.36,8.17
2025-01-08 10:00:00-05:00,149.6,74.52,66.51,8.57
2025-01-08 11:00:00-05:00,147.96,72.87000000000002,66.71,8.38
2025-01-08 12:00:00-05:00,143.83,70.76000000000002,65.15,7.92
2025-01-08 13:00:00-05:00,143.83,70.61000000000001,65.38,7.84
2025-01-08 14:00:00-05:00,145.49,72.74000000000001,64.25,8.5
2025-01-08 15:00:00-05:00,157.95,72.36,77.49,8.1
2025-01-08 16:00:00-05:00,168.89,74.72,85.66,8.51
2025-01-08 17:00:00-05:00,195.9,86.60000000000002,99.35,9.95
2025-01-08 18:00:00-05:00,185.82,82.38999999999999,94.12,9.31
2025-01-08 19:00:00-05:00,172.65,74.33000000000001,90.0,8.32
2025-01-08 20:00:00-05:00,165.02,74.16000000000001,82.48,8.38
2025-01-08 21:00:00-05:00,158.8,71.43,79.65,7.72
2025-01-08 22:00:00-05:00,153.86,74.25000000000003,71.44,8.17
2025-01-08 23:00:00-05:00,145.37,74.25,62.59,8.53
2025-01-09 00:00:00-05:00,180.74,70.65,103.03,7.06
2025-01-09 01:00:00-05:00,159.75,66.19000000000001,87.27,6.29
2025-01-09 02:00:00-05:00,131.77,57.21000000000001,69.12,5.44
2025-01-09 03:00:00-05:00,126.6,57.61,63.75,5.24
2025-01-09 04:00:00-05:00,134.81,62.59,66.47,5.75
2025-01-09 05:00:00-05:00,160.36,70.80000000000003,82.83,6.73
2025-01-09 06:00:00-05:00,194.94,71.10000000000001,117.08,6.76
2025-01-09 07:00:00-05:00,226.12,71.00999999999999,147.65,7.46
2025-01-09 08:00:00-05:00,192.57,71.02,113.74,7.81
2025-01-09 09:00:00-05:00,201.77,70.95000000000002,122.88,7.94
2025-01-09 10:00:00-05:00,150.59,71.24000000000001,71.16,8.19
2025-01-09 11:00:00-05:00,142.81,71.10000000000001,63.61,8.1
2025-01-09 12:00:00-05:00,140.82,71.1,61.69,8.03
2025-01-09 13:00:00-05:00,139.45,70.94999999999999,60.48,8.02
2025-01-09 14:00:00-05:00,140.19,70.88,61.37,7.94
2025-01-09 15:00:00-05:00,147.2,71.16999999999997,67.92,8.11
2025-01-09 16:00:00-05:00,167.57,71.16999999999999,88.43,7.97
2025-01-09 17:00:00-05:00,229.31,96.83,121.45,11.03
2025-01-09 18:00:00-05:00,201.0,97.71,92.16,11.13
2025-01-09 19:00:00-05:00,182.04,74.21999999999998,99.36,8.46
2025-01-09 20:00:00-05:00,163.79,73.60999999999997,81.79,8.39
2025-01-09 21:00:00-05:00,155.32,71.1,76.19,8.03
2025-01-09 22:00:00-05:00,174.88,71.02,95.98,7.88
2025-01-09 23:00:00-05:00,151.85,70.94000000000001,73.24,7.67
2025-01-10 00:00:00-05:00,118.73,66.44,46.38,5.91
2025-01-10 01:00:00-05:00,112.0,66.37,40.05,5.58
2025-01-10 02:00:00-05:00,104.28,66.44,32.12,5.72
2025-01-10 03:00:00-05:00,101.72,67.28,28.65,5.79
2025-01-10 04:00:00-05:00,105.05,74.22,24.52,6.31
2025-01-10 05:00:00-05:00,109.99,77.01999999999998,26.43,6.54
2025-01-10 06:00:00-05:00,137.05,84.68000000000002,44.67,7.7
2025-01-10 07:00:00-05:00,157.43,85.85000000000001,62.39,9.19
2025-01-10 08:00:00-05:00,134.19,86.73,37.58,9.88
2025-01-10 09:00:00-05:00,122.51,85.82000000000001,26.91,9.78
2025-01-10 10:00:00-05:00,105.43,86.73,8.9,9.8
2025-01-10 11:00:00-05:00,99.66,82.44,7.91,9.31
2025-01-10 12:00:00-05:00,98.04,82.44,6.29,9.31
2025-01-10 13:00:00-05:00,95.37,82.95,3.05,9.37
2025-01-10 14:00:00-05:00,94.74,83.71,1.41,9.62
2025-01-10 15:00:00-05:00,103.93,90.01,3.75,10.17
2025-01-10 16:00:00-05:00,123.54,91.6,21.77,10.17
2025-01-10 17:00:00-05:00,158.78,115.0,30.79,12.99
2025-01-10 18:00:00-05:00,147.74,97.81,39.07,10.86
2025-01-10 19:00:00-05:00,119.95,97.08,12.1,10.77
2025-01-10 20:00:00-05:00,116.05,91.54,14.26,10.25
2025-01-10 21:00:00-05:00,105.46,86.17999999999999,9.97,9.31
2025-01-10 22:00:00-05:00,103.75,83.65,11.66,8.44
2025-01-10 23:00:00-05:00,108.67,81.92999999999999,18.95,7.79
2025-01-11 00:00:00-05:00,88.16,81.78,-0.0,6.38
2025-01-11 01:00:00-05:00,83.47,77.58,-0.0,5.89
2025-01-11 02:00:00-05:00,76.14,71.16,-0.0,4.98
2025-01-11 03:00:00-05:00,73.19,68.27,-0.0,4.92
2025-01-11 04:00:00-05:00,74.59,69.52000000000001,-0.0,5.07
2025-01-11 05:00:00-05:00,75.75,70.86,-0.0,4.89
2025-01-11 06:00:00-05:00,74.51,69.25,-0.0,5.26
2025-01-11 07:00:00-05:00,82.74,73.6,3.03,6.11
2025-01-11 08:00:00-05:00,95.19,80.42,7.85,6.92
2025-01-11 09:00:00-05:00,97.76,81.77000000000001,8.38,7.61
2025-01-11 10:00:00-05:00,86.41,79.35,-0.0,7.06
2025-01-11 11:00:00-05:00,91.39,84.46000000000001,-0.0,6.93
2025-01-11 12:00:00-05:00,82.0,75.51,-0.0,6.49
2025-01-11 13:00:00-05:00,78.63,72.05,0.02,6.56
2025-01-11 14:00:00-05:00,72.67,66.14,0.51,6.02
2025-01-11 15:00:00-05:00,84.09,77.43,-0.0,6.66
2025-01-11 16:00:00-05:00,89.45,81.69,-0.0,7.76
2025-01-11 17:00:00-05:00,104.22,84.84,10.72,8.66
2025-01-11 18:00:00-05:00,93.63,82.02,3.41,8.2
2025-01-11 19:00:00-05:00,81.06,73.78,0.04,7.24
2025-01-11 20:00:00-05:00,78.84,69.72,2.36,6.76
2025-01-11 21:00:00-05:00,74.42,66.00999999999999,2.34,6.07
2025-01-11 22:00:00-05:00,71.66,65.81,0.52,5.33
2025-01-11 23:00:00-05:00,71.36,65.74,0.56,5.06
2025-01-12 00:00:00-05:00,71.93,65.94,0.84,5.15
2025-01-12 01:00:00-05:00,71.32,65.8,0.85,4.67
2025-01-12 02:00:00-05:00,70.03,65.26,0.72,4.05
2025-01-12 03:00:00-05:00,69.38,65.0,0.74,3.64
2025-01-12 04:00:00-05:00,69.38,65.0,0.74,3.64
2025-01-12 05:00:00-05:00,70.32,65.46,0.67,4.19
2025-01-12 06:00:00-05:00,70.6,65.39,0.96,4.25
2025-01-12 07:00:00-05:00,70.51,65.01,1.08,4.42
2025-01-12 08:00:00-05:00,71.02,65.07,1.26,4.69
2025-01-12 09:00:00-05:00,69.1,63.19,1.61,4.3
2025-01-12 10:00:00-05:00,68.97,62.99999999999999,1.63,4.34
2025-01-12 11:00:00-05:00,67.47,61.79,1.91,3.77
2025-01-12 12:00:00-05:00,68.83,63.19,1.66,3.98
2025-01-12 13:00:00-05:00,68.7,63.05,1.68,3.97
2025-01-12 14:00:00-05:00,69.98,64.35000000000001,1.45,4.18
2025-01-12 15:00:00-05:00,71.13,65.19,1.24,4.7
2025-01-12 16:00:00-05:00,75.29,68.48,0.86,5.95
2025-01-12 17:00:00-05:00,89.21,81.68999999999998,0.01,7.51
2025-01-12 18:00:00-05:00,80.72,74.11999999999999,0.01,6.59
2025-01-12 19:00:00-05:00,75.15,68.28000000000002,0.66,6.21
2025-01-12 20:00:00-05:00,73.23,65.94,1.09,6.2
2025-01-12 21:00:00-05:00,72.05,65.39999999999999,1.29,5.36
2025-01-12 22:00:00-05:00,71.14,65.07000000000001,1.19,4.88
2025-01-12 23:00:00-05:00,71.08,65.13,1.2,4.75
2025-01-13 00:00:00-05:00,70.91,65.39999999999999,1.0,4.51
2025-01-13 01:00:00-05:00,70.49,65.33,0.98,4.18
2025-01-13 02:00:00-05:00,70.55,65.45,0.97,4.13
2025-01-13 03:00:00-05:00,69.84,65.26,0.73,3.85
2025-01-13 04:00:00-05:00,70.49,65.60999999999999,0.62,4.26
2025-01-13 05:00:00-05:00,71.99,66.19,0.83,4.97
2025-01-13 06:00:00-05:00,80.27,74.53,-0.0,5.74
2025-01-13 07:00:00-05:00,111.55,101.03,1.33,9.19
2025-01-13 08:00:00-05:00,102.62,93.44,0.3,8.88
2025-01-13 09:00:00-05:00,79.59,71.81,0.95,6.83
2025-01-13 10:00:00-05:00,74.02,67.05,0.8,6.17
2025-01-13 11:00:00-05:00,72.28,65.46000000000001,1.19,5.63
2025-01-13 12:00:00-05:00,72.1,65.4,1.21,5.49
2025-01-13 13:00:00-05:00,71.72,65.27000000000001,1.1,5.35
2025-01-13 14:00:00-05:00,72.04,65.33000000000001,1.22,5.49
2025-01-13 15:00:00-05:00,73.13,65.8,1.28,6.05
2025-01-13 16:00:00-05:00,83.93,72.54,3.85,7.54
2025-01-13 17:00:00-05:00,113.71,81.78,23.35,8.58
2025-01-13 18:00:00-05:00,121.78,80.47999999999999,33.09,8.21
2025-01-13 19:00:00-05:00,91.05,67.25,16.87,6.93
2025-01-13 20:00:00-05:00,90.0,66.47,16.95,6.58
2025-01-13 21:00:00-05:00,75.0,64.93,4.35,5.72
2025-01-13 22:00:00-05:00,72.21,65.72999999999999,1.03,5.45
2025-01-13 23:00:00-05:00,71.25,65.33,1.15,4.77
2025-01-14 00:00:00-05:00,76.0,64.72,6.56,4.72
2025-01-14 01:00:00-05:00,74.52,63.129999999999995,6.78,4.61
2025-01-14 02:00:00-05:00,76.2,65.59,6.09,4.52
2025-01-14 03:00:00-05:00,76.0,65.59,5.89,4.52
2025-01-14 04:00:00-05:00,76.0,65.65,5.88,4.47
2025-01-14 05:00:00-05:00,74.2,62.51,6.88,4.81
2025-01-14 06:00:00-05:00,92.71,69.95,16.74,6.02
2025-01-14 07:00:00-05:00,114.5,82.27,24.5,7.73
2025-01-14 08:00:00-05:00,108.69,82.35999999999999,17.85,8.48
2025-01-14 09:00:00-05:00,97.31,80.03999999999999,8.79,8.48
2025-01-14 10:00:00-05:00,100.3,82.19,9.07,9.04
2025-01-14 11:00:00-05:00,91.11,75.08999999999999,7.76,8.26
2025-01-14 12:00:00-05:00,91.32,76.77,6.03,8.52
2025-01-14 13:00:00-05:00,93.81,78.2,7.01,8.6
2025-01-14 14:00:00-05:00,99.64,82.11,8.42,9.11
2025-01-14 15:00:00-05:00,113.86,83.66,20.75,9.45
2025-01-14 16:00:00-05:00,143.05,82.37,51.13,9.55
2025-01-14 17:00:00-05:00,176.0,122.09,40.24,13.67
2025-01-14 18:00:00-05:00,158.8,88.52000000000001,60.1,10.18
2025-01-14 19:00:00-05:00,146.65,85.55000000000001,51.1,10.0
2025-01-14 20:00:00-05:00,133.0,85.82,37.23,9.95
2025-01-14 21:00:00-05:00,116.88,82.2,25.8,8.88
2025-01-14 22:00:00-05:00,107.82,81.94999999999999,17.51,8.36
2025-01-14 23:00:00-05:00,103.22,81.86,13.5,7.86
2025-01-15 00:00:00-05:00,95.76,80.94000000000001,7.46,7.36
2025-01-15 01:00:00-05:00,92.64,74.87,10.89,6.88
2025-01-15 02:00:00-05:00,90.82,74.86,9.08,6.88
2025-01-15 03:00:00-05:00,89.05,74.87,7.3,6.88
2025-01-15 04:00:00-05:00,90.84,80.61000000000001,2.82,7.41
2025-01-15 05:00:00-05:00,98.88,82.19,9.13,7.56
2025-01-15 06:00:00-05:00,116.49,85.91,22.33,8.25
2025-01-15 07:00:00-05:00,150.23,103.79,35.85,10.59
2025-01-15 08:00:00-05:00,128.63,109.36,7.24,12.03
2025-01-15 09:00:00-05:00,118.0,85.74,22.75,9.51
2025-01-15 10:00:00-05:00,108.0,85.73,12.5,9.77
2025-01-15 11:00:00-05:00,106.85,86.0,11.05,9.8
2025-01-15 12:00:00-05:00,104.66,85.64,9.35,9.67
2025-01-15 13:00:00-05:00,104.51,84.85000000000001,10.08,9.58
2025-01-15 14:00:00-05:00,106.73,85.39,11.7,9.64
2025-01-15 15:00:00-05:00,114.6,86.56,18.18,9.86
2025-01-15 16:00:00-05:00,148.0,87.49000000000001,50.63,9.88
2025-01-15 17:00:00-05:00,188.02,113.69,61.71,12.62
2025-01-15 18:00:00-05:00,173.03,115.02,45.25,12.76
2025-01-15 19:00:00-05:00,156.26,84.94,62.57,8.75
2025-01-15 20:00:00-05:00,149.36,85.10000000000002,55.57,8.69
2025-01-15 21:00:00-05:00,132.47,84.15,40.16,8.16
2025-01-15 22:00:00-05:00,118.78,84.15,26.47,8.16
2025-01-15 23:00:00-05:00,111.29,83.72,19.87,7.7
2025-01-16 00:00:00-05:00,120.31,82.03,31.15,7.13
2025-01-16 01:00:00-05:00,111.11,81.87,22.29,6.95
2025-01-16 02:00:00-05:00,110.05,80.96,22.37,6.72
2025-01-16 03:00:00-05:00,105.44,95.74,1.85,7.85
2025-01-16 04:00:00-05:00,108.93,99.46,1.22,8.25
2025-01-16 05:00:00-05:00,111.29,83.86000000000001,19.21,8.22
2025-01-16 06:00:00-05:00,144.24,122.75000000000004,10.82,10.67
2025-01-16 07:00:00-05:00,169.97,149.92,5.8,14.25
2025-01-16 08:00:00-05:00,150.29,133.09,3.76,13.44
2025-01-16 09:00:00-05:00,146.65,109.82,24.75,12.08
2025-01-16 10:00:00-05:00,141.29,113.99999999999996,15.21,12.08
2025-01-16 11:00:00-05:00,135.82,86.35999999999999,39.79,9.67
2025-01-16 12:00:00-05:00,132.87,85.71000000000001,37.56,9.6
2025-01-16 13:00:00-05:00,130.19,91.46,28.49,10.24
2025-01-16 14:00:00-05:00,134.86,89.46000000000001,35.47,9.93
2025-01-16 15:00:00-05:00,151.01,96.63,43.66,10.72
2025-01-16 16:00:00-05:00,157.88,94.96,52.66,10.26
2025-01-16 17:00:00-05:00,208.08,115.31000000000002,80.67,12.1
2025-01-16 18:00:00-05:00,202.33,96.30000000000004,95.83,10.2
2025-01-16 19:00:00-05:00,180.0,88.19,82.28,9.53
2025-01-16 20:00:00-05:00,167.86,92.45,65.8,9.61
2025-01-16 21:00:00-05:00,139.69,83.14000000000001,47.57,8.98
2025-01-16 22:00:00-05:00,124.16,82.03,33.03,9.1
2025-01-16 23:00:00-05:00,113.57,85.44,18.65,9.48
2025-01-17 00:00:00-05:00,123.25,105.22,7.29,10.74
2025-01-17 01:00:00-05:00,107.84,85.64,14.06,8.14
2025-01-17 02:00:00-05:00,101.05,79.07,14.71,7.27
2025-01-17 03:00:00-05:00,103.12,86.18,9.27,7.67
2025-01-17 04:00:00-05:00,104.74,86.00999999999999,11.33,7.4
2025-01-17 05:00:00-05:00,106.73,85.01,14.16,7.56
2025-01-17 06:00:00-05:00,117.98,87.36,22.05,8.57
2025-01-17 07:00:00-05:00,159.63,124.59,22.33,12.71
2025-01-17 08:00:00-05:00,159.85,127.09,19.79,12.97
2025-01-17 09:00:00-05:00,141.66,87.09,44.9,9.67
2025-01-17 10:00:00-05:00,124.08,85.19,29.52,9.37
2025-01-17 11:00:00-05:00,104.07,82.98999999999998,11.71,9.37
2025-01-17 12:00:00-05:00,103.14,82.11,12.08,8.95
2025-01-17 13:00:00-05:00,99.22,81.18,9.19,8.85
2025-01-17 14:00:00-05:00,103.82,84.93999999999998,9.45,9.43
2025-01-17 15:00:00-05:00,124.34,70.57,46.15,7.62
2025-01-17 16:00:00-05:00,110.49,70.5,32.44,7.55
2025-01-17 17:00:00-05:00,148.0,70.72000000000001,69.64,7.64
2025-01-17 18:00:00-05:00,126.22,70.57,47.96,7.69
2025-01-17 19:00:00-05:00,123.18,70.55000000000001,44.8,7.83
2025-01-17 20:00:00-05:00,112.29,70.7,33.67,7.92
2025-01-17 21:00:00-05:00,103.76,70.25,25.85,7.66
2025-01-17 22:00:00-05:00,102.17,70.41000000000001,24.02,7.74
2025-01-17 23:00:00-05:00,97.29,70.11000000000001,20.38,6.8
2025-01-18 00:00:00-05:00,87.86,70.03999999999999,13.2,4.62
2025-01-18 01:00:00-05:00,73.94,69.69,-0.0,4.25
2025-01-18 02:00:00-05:00,72.4,68.43,-0.0,3.97
2025-01-18 03:00:00-05:00,73.65,69.68,-0.0,3.97
2025-01-18 04:00:00-05:00,73.73,69.76,-0.0,3.97
2025-01-18 05:00:00-05:00,74.69,70.33,-0.0,4.36
2025-01-18 06:00:00-05:00,84.66,66.61,13.72,4.33
2025-01-18 07:00:00-05:00,80.34,54.65,21.65,4.04
2025-01-18 08:00:00-05:00,83.9,58.71000000000001,20.61,4.58
2025-01-18 09:00:00-05:00,102.76,69.77000000000001,27.27,5.72
2025-01-18 10:00:00-05:00,115.31,75.06,33.42,6.83
2025-01-18 11:00:00-05:00,121.1,70.97,43.53,6.6
2025-01-18 12:00:00-05:00,119.1,70.67999999999998,42.13,6.29
2025-01-18 13:00:00-05:00,115.01,70.61000000000001,38.12,6.28
2025-01-18 14:00:00-05:00,112.27,70.68,35.01,6.58
2025-01-18 15:00:00-05:00,114.61,70.75999999999999,37.27,6.58
2025-01-18 16:00:00-05:00,125.19,71.6,46.78,6.81
2025-01-18 17:00:00-05:00,152.47,71.28999999999999,74.62,6.56
2025-01-18 18:00:00-05:00,148.57,74.82,66.94,6.81
2025-01-18 19:00:00-05:00,141.32,71.07,64.07,6.18
2025-01-18 20:00:00-05:00,136.07,70.85,59.34,5.88
2025-01-18 21:00:00-05:00,123.81,70.72,47.22,5.87
2025-01-18 22:00:00-05:00,108.22,70.92999999999999,31.26,6.03
2025-01-18 23:00:00-05:00,113.99,70.72,37.75,5.52
2025-01-19 00:00:00-05:00,187.28,82.25000000000001,98.86,6.17
2025-01-19 01:00:00-05:00,176.98,84.68999999999998,86.36,5.93
2025-01-19 02:00:00-05:00,179.68,82.98000000000002,91.22,5.48
2025-01-19 03:00:00-05:00,193.77,85.00999999999999,103.15,5.61
2025-01-19 04:00:00-05:00,168.06,85.00000000000001,77.36,5.7
2025-01-19 05:00:00-05:00,171.65,85.35000000000001,80.24,6.06
2025-01-19 06:00:00-05:00,183.1,85.27,91.61,6.22
2025-01-19 07:00:00-05:00,181.27,85.35000000000001,88.67,7.25
2025-01-19 08:00:00-05:00,182.61,88.61,85.67,8.33
2025-01-19 09:00:00-05:00,226.8,89.64000000000001,128.74,8.42
2025-01-19 10:00:00-05:00,212.46,88.69,115.34,8.43
2025-01-19 11:00:00-05:00,195.46,88.78999999999999,98.15,8.52
2025-01-19 12:00:00-05:00,232.76,88.60999999999999,135.56,8.59
2025-01-19 13:00:00-05:00,194.5,87.41000000000001,98.61,8.48
2025-01-19 14:00:00-05:00,238.76,89.29999999999998,140.8,8.66
2025-01-19 15:00:00-05:00,206.52,137.11,57.49,11.92
2025-01-19 16:00:00-05:00,235.09,155.51,65.89,13.69
2025-01-19 17:00:00-05:00,292.39,228.00999999999996,45.47,18.91
2025-01-19 18:00:00-05:00,284.91,209.65000000000003,58.07,17.19
2025-01-19 19:00:00-05:00,249.82,205.17,27.63,17.02
2025-01-19 20:00:00-05:00,224.86,165.96,45.13,13.77
2025-01-19 21:00:00-05:00,215.19,137.83999999999995,66.05,11.3
2025-01-19 22:00:00-05:00,232.87,149.34,71.87,11.66
2025-01-19 23:00:00-05:00,218.85,161.87,44.83,12.15
2025-01-20 00:00:00-05:00,223.43,174.12,36.77,12.54
2025-01-20 01:00:00-05:00,210.36,162.76000000000002,36.04,11.56
2025-01-20 02:00:00-05:00,203.42,156.48999999999998,35.19,11.74
2025-01-20 03:00:00-05:00,202.55,157.36,34.48,10.71
2025-01-20 04:00:00-05:00,211.69,168.0,33.61,10.08
2025-01-20 05:00:00-05:00,235.57,190.99999999999997,35.21,9.36
2025-01-20 06:00:00-05:00,276.49,229.39,35.41,11.69
2025-01-20 07:00:00-05:00,300.15,242.12,44.48,13.55
2025-01-20 08:00:00-05:00,268.47,213.5600000000001,43.39,11.52
2025-01-20 09:00:00-05:00,276.81,229.52,33.75,13.54
2025-01-20 10:00:00-05:00,256.43,210.3,33.72,12.41
2025-01-20 11:00:00-05:00,256.55,208.22000000000003,35.41,12.92
2025-01-20 12:00:00-05:00,263.14,208.02,41.61,13.51
2025-01-20 13:00:00-05:00,257.52,209.0,35.35,13.17
2025-01-20 14:00:00-05:00,294.74,217.61,62.99,14.14
2025-01-20 15:00:00-05:00,298.05,222.71,61.3,14.04
2025-01-20 16:00:00-05:00,306.99,228.09000000000003,64.75,14.15
2025-01-20 17:00:00-05:00,383.81,283.36,85.44,15.01
2025-01-20 18:00:00-05:00,383.81,274.09,95.48,14.24
2025-01-20 19:00:00-05:00,363.72,250.01,100.47,13.24
2025-01-20 20:00:00-05:00,310.0,234.8,62.76,12.44
2025-01-20 21:00:00-05:00,310.0,219.37,79.23,11.4
2025-01-20 22:00:00-05:00,291.76,222.37999999999997,58.27,11.11
2025-01-20 23:00:00-05:00,258.36,211.22000000000003,36.79,10.35
2025-01-21 00:00:00-05:00,245.09,203.78,31.53,9.78
2025-01-21 01:00:00-05:00,227.9,186.67,32.27,8.96
2025-01-21 02:00:00-05:00,236.08,197.5,29.9,8.68
2025-01-21 03:00:00-05:00,234.14,195.31999999999996,30.24,8.58
2025-01-21 04:00:00-05:00,238.51,200.23,29.48,8.8
2025-01-21 05:00:00-05:00,247.78,209.38,29.61,8.79
2025-01-21 06:00:00-05:00,297.4,255.56999999999996,30.6,11.23
2025-01-21 07:00:00-05:00,392.89,299.34,78.29,15.26
2025-01-21 08:00:00-05:00,347.76,262.19,70.63,14.94
2025-01-21 09:00:00-05:00,336.16,248.34,72.16,15.66
2025-01-21 10:00:00-05:00,301.62,234.91,50.73,15.98
2025-01-21 11:00:00-05:00,300.0,222.88,61.75,15.37
2025-01-21 12:00:00-05:00,300.2,218.43,66.71,15.06
2025-01-21 13:00:00-05:00,294.45,223.79999999999995,54.99,15.66
2025-01-21 14:00:00-05:00,299.52,232.43,51.06,16.03
2025-01-21 15:00:00-05:00,314.12,245.98,52.16,15.98
2025-01-21 16:00:00-05:00,339.49,258.99,65.49,15.01
2025-01-21 17:00:00-05:00,368.31,318.46000000000004,29.78,20.07
2025-01-21 18:00:00-05:00,376.12,308.77000000000004,49.14,18.21
2025-01-21 19:00:00-05:00,326.81,279.27,30.5,17.04
2025-01-21 20:00:00-05:00,343.04,251.13,77.35,14.56
2025-01-21 21:00:00-05:00,308.25,239.88,54.7,13.67
2025-01-21 22:00:00-05:00,302.84,228.55999999999997,62.17,12.11
2025-01-21 23:00:00-05:00,268.13,225.28,32.48,10.37
2025-01-22 00:00:00-05:00,244.48,203.78,31.94,8.76
2025-01-22 01:00:00-05:00,240.48,199.18,31.94,9.36
2025-01-22 02:00:00-05:00,234.03,195.06,30.18,8.79
2025-01-22 03:00:00-05:00,233.3,194.03,30.15,9.12
2025-01-22 04:00:00-05:00,245.69,207.18,30.21,8.3
2025-01-22 05:00:00-05:00,259.59,216.30999999999997,34.85,8.43
2025-01-22 06:00:00-05:00,329.4,282.36,35.46,11.58
2025-01-22 07:00:00-05:00,425.0,301.53,108.4,15.07
2025-01-22 08:00:00-05:00,392.7,275.44,102.12,15.14
2025-01-22 09:00:00-05:00,338.53,246.51999999999995,76.22,15.79
2025-01-22 10:00:00-05:00,291.41,220.26,55.28,15.87
2025-01-22 11:00:00-05:00,277.22,208.46000000000004,54.17,14.59
2025-01-22 12:00:00-05:00,274.84,205.68999999999997,54.54,14.61
2025-01-22 13:00:00-05:00,276.64,206.0,56.01,14.63
2025-01-22 14:00:00-05:00,289.09,208.62,66.28,14.19
2025-01-22 15:00:00-05:00,303.39,229.7,56.93,16.76
2025-01-22 16:00:00-05:00,323.32,243.3,63.47,16.55
2025-01-22 17:00:00-05:00,349.68,294.35,35.61,19.72
2025-01-22 18:00:00-05:00,350.8,284.87,47.13,18.8
2025-01-22 19:00:00-05:00,311.31,259.37,34.56,17.38
2025-01-22 20:00:00-05:00,322.77,243.43,63.75,15.59
2025-01-22 21:00:00-05:00,307.34,227.02999999999997,66.23,14.08
2025-01-22 22:00:00-05:00,284.84,214.8,58.23,11.81
2025-01-22 23:00:00-05:00,259.1,208.23,40.46,10.41
2025-01-23 00:00:00-05:00,187.42,162.26,13.15,12.01
2025-01-23 01:00:00-05:00,181.28,155.93,13.51,11.84
2025-01-23 02:00:00-05:00,179.15,153.46,13.87,11.82
2025-01-23 03:00:00-05:00,175.77,151.93,12.6,11.24
2025-01-23 04:00:00-05:00,180.75,156.14,13.36,11.25
2025-01-23 05:00:00-05:00,187.84,162.27,13.07,12.5
2025-01-23 06:00:00-05:00,217.93,178.06000000000003,25.45,14.42
2025-01-23 07:00:00-05:00,261.54,182.13,63.57,15.84
2025-01-23 08:00:00-05:00,244.7,174.89,53.02,16.79
2025-01-23 09:00:00-05:00,246.37,182.33,46.36,17.68
2025-01-23 10:00:00-05:00,197.87,156.73,27.03,14.11
2025-01-23 11:00:00-05:00,193.83,143.74,37.15,12.94
2025-01-23 12:00:00-05:00,179.0,144.11,22.2,12.69
2025-01-23 13:00:00-05:00,178.43,138.38,27.87,12.18
2025-01-23 14:00:00-05:00,178.32,137.29999999999998,28.8,12.22
2025-01-23 15:00:00-05:00,181.66,147.5,21.04,13.12
2025-01-23 16:00:00-05:00,212.85,161.73999999999998,36.72,14.39
2025-01-23 17:00:00-05:00,247.26,182.67,47.79,16.8
2025-01-23 18:00:00-05:00,244.34,177.31,50.73,16.3
2025-01-23 19:00:00-05:00,238.19,166.66,56.52,15.01
2025-01-23 20:00:00-05:00,259.07,161.29,83.43,14.35
2025-01-23 21:00:00-05:00,200.0,154.19,31.93,13.88
2025-01-23 22:00:00-05:00,177.72,148.56,16.24,12.92
2025-01-23 23:00:00-05:00,176.01,147.88,15.86,12.27
2025-01-24 00:00:00-05:00,152.02,100.5,42.37,9.15
2025-01-24 01:00:00-05:00,143.37,96.76999999999998,37.99,8.61
2025-01-24 02:00:00-05:00,127.37,97.55,21.34,8.48
2025-01-24 03:00:00-05:00,148.69,112.5,26.51,9.68
2025-01-24 04:00:00-05:00,150.26,111.16,29.43,9.67
2025-01-24 05:00:00-05:00,160.82,129.93,19.45,11.44
2025-01-24 06:00:00-05:00,188.58,167.35000000000002,8.67,12.56
2025-01-24 07:00:00-05:00,225.0,174.07,37.53,13.4
2025-01-24 08:00:00-05:00,225.0,172.22,38.66,14.12
2025-01-24 09:00:00-05:00,208.86,129.9,66.22,12.74
2025-01-24 10:00:00-05:00,181.1,109.03,62.04,10.03
2025-01-24 11:00:00-05:00,180.5,99.93,71.38,9.19
2025-01-24 12:00:00-05:00,178.0,100.71,68.03,9.26
2025-01-24 13:00:00-05:00,175.93,97.43,69.64,8.86
2025-01-24 14:00:00-05:00,176.21,100.82,66.01,9.38
2025-01-24 15:00:00-05:00,180.64,104.43999999999998,66.49,9.71
2025-01-24 16:00:00-05:00,199.47,111.23,77.67,10.57
2025-01-24 17:00:00-05:00,218.63,132.65,72.97,13.01
2025-01-24 18:00:00-05:00,205.32,132.36,60.12,12.84
2025-01-24 19:00:00-05:00,201.52,109.19000000000004,82.07,10.26
2025-01-24 20:00:00-05:00,196.06,102.73,83.89,9.44
2025-01-24 21:00:00-05:00,180.0,110.66,59.17,10.17
2025-01-24 22:00:00-05:00,167.61,100.51,57.95,9.15
2025-01-24 23:00:00-05:00,159.67,100.29999999999998,50.74,8.63
2025-01-25 00:00:00-05:00,167.03,97.35,61.02,8.66
2025-01-25 01:00:00-05:00,156.84,116.71,30.09,10.04
2025-01-25 02:00:00-05:00,153.24,121.99,21.13,10.12
2025-01-25 03:00:00-05:00,148.38,137.54,-0.02,10.86
2025-01-25 04:00:00-05:00,157.06,141.51,4.5,11.05
2025-01-25 05:00:00-05:00,164.34,149.69000000000003,3.42,11.23
2025-01-25 06:00:00-05:00,181.45,133.04,37.5,10.91
2025-01-25 07:00:00-05:00,198.64,130.33999999999995,57.49,10.81
2025-01-25 08:00:00-05:00,191.13,137.15,41.63,12.35
2025-01-25 09:00:00-05:00,171.77,109.55,51.7,10.52
2025-01-25 10:00:00-05:00,142.64,100.36,33.65,8.63
2025-01-25 11:00:00-05:00,126.4,87.80000000000001,31.05,7.55
2025-01-25 12:00:00-05:00,122.06,87.52000000000001,27.1,7.44
2025-01-25 13:00:00-05:00,121.07,87.27,26.56,7.24
2025-01-25 14:00:00-05:00,127.59,87.44,32.9,7.25
2025-01-25 15:00:00-05:00,136.88,87.61999999999999,42.17,7.09
2025-01-25 16:00:00-05:00,149.98,87.80999999999997,54.71,7.46
2025-01-25 17:00:00-05:00,166.6,88.16,70.68,7.76
2025-01-25 18:00:00-05:00,164.11,88.26000000000002,68.0,7.85
2025-01-25 19:00:00-05:00,155.91,81.80000000000001,67.07,7.04
2025-01-25 20:00:00-05:00,151.91,76.69,68.78,6.44
2025-01-25 21:00:00-05:00,132.43,73.12,53.25,6.06
2025-01-25 22:00:00-05:00,131.06,72.28999999999999,52.98,5.79
2025-01-25 23:00:00-05:00,136.55,72.15,59.06,5.34
2025-01-26 00:00:00-05:00,129.81,87.61,35.19,7.01
2025-01-26 01:00:00-05:00,110.92,85.24,19.12,6.56
2025-01-26 02:00:00-05:00,108.03,81.82000000000001,20.24,5.97
2025-01-26 03:00:00-05:00,97.09,81.81,9.31,5.97
2025-01-26 04:00:00-05:00,97.81,80.97,11.01,5.83
2025-01-26 05:00:00-05:00,105.96,73.28999999999999,27.62,5.05
2025-01-26 06:00:00-05:00,115.2,81.22,27.97,6.01
2025-01-26 07:00:00-05:00,104.43,71.91,27.12,5.4
2025-01-26 08:00:00-05:00,110.7,78.04,26.19,6.47
2025-01-26 09:00:00-05:00,113.03,81.30000000000001,24.82,6.91
2025-01-26 10:00:00-05:00,97.69,72.86,18.49,6.34
2025-01-26 11:00:00-05:00,105.08,75.06,23.64,6.38
2025-01-26 12:00:00-05:00,101.94,72.14999999999999,23.73,6.06
2025-01-26 13:00:00-05:00,98.88,72.15,20.6,6.13
2025-01-26 14:00:00-05:00,101.67,72.29,23.45,5.93
2025-01-26 15:00:00-05:00,99.97,81.13,11.86,6.98
2025-01-26 16:00:00-05:00,108.63,83.42999999999999,18.28,6.92
2025-01-26 17:00:00-05:00,134.73,88.07,39.44,7.22
2025-01-26 18:00:00-05:00,157.98,88.07,62.6,7.31
2025-01-26 19:00:00-05:00,124.65,87.62,29.76,7.27
2025-01-26 20:00:00-05:00,109.0,87.8,13.92,7.28
2025-01-26 21:00:00-05:00,103.76,80.97000000000001,15.99,6.8
2025-01-26 22:00:00-05:00,96.43,78.05000000000001,12.06,6.32
2025-01-26 23:00:00-05:00,95.1,72.00999999999999,17.55,5.54
2025-01-27 00:00:00-05:00,108.2,81.22000000000001,21.13,5.85
2025-01-27 01:00:00-05:00,87.86,71.92,10.83,5.11
2025-01-27 02:00:00-05:00,86.85,71.69999999999999,10.21,4.94
2025-01-27 03:00:00-05:00,86.91,71.78,10.18,4.95
2025-01-27 04:00:00-05:00,90.0,72.0,12.89,5.11
2025-01-27 05:00:00-05:00,96.45,72.15,19.18,5.12
2025-01-27 06:00:00-05:00,120.45,87.25,26.57,6.63
2025-01-27 07:00:00-05:00,170.48,87.96999999999998,75.74,6.77
2025-01-27 08:00:00-05:00,140.75,88.25,44.91,7.59
2025-01-27 09:00:00-05:00,128.63,73.63999999999999,48.51,6.48
2025-01-27 10:00:00-05:00,108.13,71.71000000000001,30.04,6.38
2025-01-27 11:00:00-05:00,100.78,71.69,22.71,6.38
2025-01-27 12:00:00-05:00,96.34,71.85000000000001,18.02,6.47
2025-01-27 13:00:00-05:00,93.48,71.78,15.31,6.39
2025-01-27 14:00:00-05:00,88.48,71.78,10.17,6.53
2025-01-27 15:00:00-05:00,104.72,71.92,26.55,6.25
2025-01-27 16:00:00-05:00,117.37,71.92,39.34,6.11
2025-01-27 17:00:00-05:00,172.49,82.70000000000002,82.6,7.19
2025-01-27 18:00:00-05:00,168.44,80.56,80.87,7.01
2025-01-27 19:00:00-05:00,134.87,72.29000000000002,56.29,6.29
2025-01-27 20:00:00-05:00,122.0,75.67999999999999,39.81,6.51
2025-01-27 21:00:00-05:00,103.55,72.07,25.65,5.83
2025-01-27 22:00:00-05:00,108.81,71.85,31.21,5.75
2025-01-27 23:00:00-05:00,107.46,71.69999999999999,30.53,5.23
2025-01-28 00:00:00-05:00,107.69,71.42,31.13,5.14
2025-01-28 01:00:00-05:00,105.06,71.34,28.8,4.92
2025-01-28 02:00:00-05:00,101.35,71.28,25.16,4.91
2025-01-28 03:00:00-05:00,99.19,71.27000000000001,23.07,4.85
2025-01-28 04:00:00-05:00,108.96,71.57,32.6,4.79
2025-01-28 05:00:00-05:00,113.04,72.0,35.93,5.11
2025-01-28 06:00:00-05:00,128.23,78.66999999999999,43.89,5.67
2025-01-28 07:00:00-05:00,164.46,87.53,70.1,6.83
2025-01-28 08:00:00-05:00,150.0,87.97999999999999,54.37,7.65
2025-01-28 09:00:00-05:00,130.43,87.61000000000001,34.93,7.89
2025-01-28 10:00:00-05:00,125.88,87.8,30.17,7.91
2025-01-28 11:00:00-05:00,122.03,87.81,26.31,7.91
2025-01-28 12:00:00-05:00,115.8,87.7,20.47,7.63
2025-01-28 13:00:00-05:00,114.45,86.12,20.92,7.41
2025-01-28 14:00:00-05:00,119.46,87.61999999999999,23.87,7.97
2025-01-28 15:00:00-05:00,137.51,88.16,41.07,8.28
2025-01-28 16:00:00-05:00,160.92,88.25999999999999,64.63,8.03
2025-01-28 17:00:00-05:00,206.98,168.17999999999998,23.5,15.3
2025-01-28 18:00:00-05:00,202.63,170.57,16.89,15.17
2025-01-28 19:00:00-05:00,177.61,116.12,51.16,10.33
2025-01-28 20:00:00-05:00,170.55,140.78,18.09,11.68
2025-01-28 21:00:00-05:00,147.0,104.19,33.96,8.85
2025-01-28 22:00:00-05:00,129.48,87.52999999999999,34.86,7.09
2025-01-28 23:00:00-05:00,125.32,87.16999999999999,31.7,6.45
2025-01-29 00:00:00-05:00,117.92,95.17,17.14,5.61
2025-01-29 01:00:00-05:00,107.33,88.64999999999999,13.98,4.7
2025-01-29 02:00:00-05:00,100.01,87.98,7.54,4.49
2025-01-29 03:00:00-05:00,98.76,82.46000000000001,12.02,4.28
2025-01-29 04:00:00-05:00,98.96,91.18,3.13,4.65
2025-01-29 05:00:00-05:00,98.7,91.63,1.94,5.13
2025-01-29 06:00:00-05:00,141.02,80.1,55.87,5.05
2025-01-29 07:00:00-05:00,175.67,72.32,98.22,5.13
2025-01-29 08:00:00-05:00,154.12,79.76,68.14,6.22
2025-01-29 09:00:00-05:00,144.51,92.27999999999996,45.12,7.11
2025-01-29 10:00:00-05:00,137.27,121.37000000000002,6.55,9.35
2025-01-29 11:00:00-05:00,128.56,117.42000000000002,2.1,9.04
2025-01-29 12:00:00-05:00,126.43,119.24,-1.51,8.7
2025-01-29 13:00:00-05:00,125.29,117.5,-0.9,8.69
2025-01-29 14:00:00-05:00,119.56,113.48,-2.32,8.4
2025-01-29 15:00:00-05:00,128.77,122.37,-2.66,9.06
2025-01-29 16:00:00-05:00,145.88,135.82999999999998,-0.0,10.05
2025-01-29 17:00:00-05:00,168.51,93.03,68.22,7.26
2025-01-29 18:00:00-05:00,165.35,102.76999999999998,54.46,8.12
2025-01-29 19:00:00-05:00,159.63,94.58,57.67,7.38
2025-01-29 20:00:00-05:00,148.35,123.0,16.12,9.23
2025-01-29 21:00:00-05:00,139.2,124.15999999999998,5.98,9.06
2025-01-29 22:00:00-05:00,125.87,117.0,1.61,7.26
2025-01-29 23:00:00-05:00,118.03,104.0,7.68,6.35
2025-01-30 00:00:00-05:00,109.22,102.26,0.32,6.64
2025-01-30 01:00:00-05:00,99.08,94.75,-1.26,5.59
2025-01-30 02:00:00-05:00,96.34,92.0,-0.81,5.15
2025-01-30 03:00:00-05:00,97.95,93.95,-1.07,5.07
2025-01-30 04:00:00-05:00,103.63,99.87,-2.03,5.79
2025-01-30 05:00:00-05:00,105.04,96.59,1.98,6.47
2025-01-30 06:00:00-05:00,165.51,69.45,90.99,5.07
2025-01-30 07:00:00-05:00,210.41,88.24999999999999,115.54,6.62
2025-01-30 08:00:00-05:00,170.0,102.17,59.65,8.18
2025-01-30 09:00:00-05:00,151.36,87.63000000000002,56.19,7.54
2025-01-30 10:00:00-05:00,112.54,87.10000000000001,18.22,7.22
2025-01-30 11:00:00-05:00,101.19,87.26,6.6,7.33
2025-01-30 12:00:00-05:00,85.22,75.91,3.08,6.23
2025-01-30 13:00:00-05:00,79.41,71.36999999999999,2.26,5.78
2025-01-30 14:00:00-05:00,94.05,66.52999999999999,22.2,5.32
2025-01-30 15:00:00-05:00,82.11,71.17999999999999,4.95,5.98
2025-01-30 16:00:00-05:00,148.72,78.69999999999999,63.41,6.61
2025-01-30 17:00:00-05:00,162.0,87.25999999999999,67.06,7.68
2025-01-30 18:00:00-05:00,182.49,87.36,87.36,7.77
2025-01-30 19:00:00-05:00,155.46,79.89000000000001,68.62,6.95
2025-01-30 20:00:00-05:00,144.35,109.92,25.2,9.23
2025-01-30 21:00:00-05:00,130.37,114.64,7.25,8.48
2025-01-30 22:00:00-05:00,104.8,94.3,4.0,6.5
2025-01-30 23:00:00-05:00,92.13,74.95,12.08,5.1
2025-01-31 00:00:00-05:00,76.24,66.16,5.98,4.1
2025-01-31 01:00:00-05:00,77.65,69.52000000000001,4.1,4.03
2025-01-31 02:00:00-05:00,77.64,69.37,4.32,3.95
2025-01-31 03:00:00-05:00,77.56,67.67,6.24,3.65
2025-01-31 04:00:00-05:00,77.61,73.43,-0.0,4.18
2025-01-31 05:00:00-05:00,81.41,76.93,0.1,4.38
2025-01-31 06:00:00-05:00,94.08,88.59,-0.0,5.49
2025-01-31 07:00:00-05:00,120.72,98.35,15.39,6.98
2025-01-31 08:00:00-05:00,128.55,119.81000000000002,-0.0,8.74
2025-01-31 09:00:00-05:00,151.0,140.73,-0.0,10.27
2025-01-31 10:00:00-05:00,141.51,132.13,-0.0,9.38
2025-01-31 11:00:00-05:00,135.27,125.37,-0.0,9.9
2025-01-31 12:00:00-05:00,117.6,107.93,0.82,8.85
2025-01-31 13:00:00-05:00,98.55,87.27999999999999,4.2,7.07
2025-01-31 14:00:00-05:00,103.32,87.19,9.07,7.06
2025-01-31 15:00:00-05:00,106.07,87.1,12.0,6.97
2025-01-31 16:00:00-05:00,98.39,86.82,4.62,6.95
2025-01-31 17:00:00-05:00,101.72,86.99,7.59,7.14
2025-01-31 18:00:00-05:00,89.94,79.01,4.61,6.32
2025-01-31 19:00:00-05:00,85.81,71.41,8.98,5.42
2025-01-31 20:00:00-05:00,93.47,71.5,16.32,5.65
2025-01-31 21:00:00-05:00,78.52,71.2,2.05,5.27
2025-01-31 22:00:00-05:00,76.61,71.2,0.14,5.27
2025-01-31 23:00:00-05:00,75.75,71.13,-0.0,4.62
2025-02-01 00:00:00-05:00,66.66,63.91,-0.0,2.75
2025-02-01 01:00:00-05:00,54.65,52.5,-0.0,2.15
2025-02-01 02:00:00-05:00,48.8,46.48,0.46,1.86
2025-02-01 03:00:00-05:00,47.28,44.84,0.74,1.7
2025-02-01 04:00:00-05:00,48.07,45.82,0.6,1.65
2025-02-01 05:00:00-05:00,50.04,48.06,0.25,1.73
2025-02-01 06:00:00-05:00,54.94,53.45,-0.0,1.49
2025-02-01 07:00:00-05:00,58.13,56.17,-0.0,1.96
2025-02-01 08:00:00-05:00,61.38,59.080000000000005,-0.0,2.3
2025-02-01 09:00:00-05:00,69.64,67.09,-0.0,2.55
2025-02-01 10:00:00-05:00,73.46,70.5,-0.0,2.96
2025-02-01 11:00:00-05:00,65.4,62.650000000000006,-0.0,2.75
2025-02-01 12:00:00-05:00,60.7,58.2,-0.0,2.5
2025-02-01 13:00:00-05:00,64.0,61.31,-0.0,2.69
2025-02-01 14:00:00-05:00,59.84,57.370000000000005,-0.0,2.47
2025-02-01 15:00:00-05:00,70.0,67.72,-0.56,2.84
2025-02-01 16:00:00-05:00,78.01,72.45,1.65,3.91
2025-02-01 17:00:00-05:00,101.68,94.01,2.03,5.64
2025-02-01 18:00:00-05:00,106.89,96.4,4.61,5.88
2025-02-01 19:00:00-05:00,99.08,90.78,2.76,5.54
2025-02-01 20:00:00-05:00,95.11,86.84,2.8,5.47
2025-02-01 21:00:00-05:00,85.07,78.17999999999999,2.36,4.53
2025-02-01 22:00:00-05:00,76.41,71.41999999999999,1.06,3.93
2025-02-01 23:00:00-05:00,82.81,79.55,-0.0,3.26
2025-02-02 00:00:00-05:00,103.47,98.97,0.34,4.16
2025-02-02 01:00:00-05:00,92.84,89.61,-0.17,3.4
2025-02-02 02:00:00-05:00,78.84,75.97,0.06,2.81
2025-02-02 03:00:00-05:00,73.12,69.45,1.17,2.5
2025-02-02 04:00:00-05:00,68.45,63.84,2.38,2.23
2025-02-02 05:00:00-05:00,71.05,67.63,0.99,2.43
2025-02-02 06:00:00-05:00,79.97,72.61999999999999,4.23,3.12
2025-02-02 07:00:00-05:00,84.56,76.10000000000001,4.66,3.8
2025-02-02 08:00:00-05:00,88.07,77.33999999999999,6.48,4.25
2025-02-02 09:00:00-05:00,83.37,73.27,6.15,3.95
2025-02-02 10:00:00-05:00,71.14,65.52,2.28,3.34
2025-02-02 11:00:00-05:00,75.0,71.84,-0.64,3.8
2025-02-02 12:00:00-05:00,70.0,66.82,-0.49,3.67
2025-02-02 13:00:00-05:00,70.0,66.49,-0.21,3.72
2025-02-02 14:00:00-05:00,70.0,66.23,-0.0,3.77
2025-02-02 15:00:00-05:00,74.89,71.59,-0.64,3.94
2025-02-02 16:00:00-05:00,91.5,84.12,1.83,5.55
2025-02-02 17:00:00-05:00,109.22,100.09,2.53,6.6
2025-02-02 18:00:00-05:00,109.82,95.28,7.97,6.57
2025-02-02 19:00:00-05:00,95.48,86.86000000000001,2.63,5.99
2025-02-02 20:00:00-05:00,84.3,76.69999999999999,2.31,5.29
2025-02-02 21:00:00-05:00,70.45,65.38,1.01,4.06
2025-02-02 22:00:00-05:00,61.01,57.49,0.01,3.51
2025-02-02 23:00:00-05:00,56.4,52.77,0.83,2.8
2025-02-03 00:00:00-05:00,73.32,70.57,-0.0,2.75
2025-02-03 01:00:00-05:00,69.33,66.85,-0.0,2.48
2025-02-03 02:00:00-05:00,68.37,66.35000000000001,-0.36,2.38
2025-02-03 03:00:00-05:00,70.36,68.42999999999999,-0.46,2.39
2025-02-03 04:00:00-05:00,71.14,69.21,-0.49,2.42
2025-02-03 05:00:00-05:00,72.74,70.91999999999999,-0.94,2.76
2025-02-03 06:00:00-05:00,75.27,71.42,-0.0,3.85
2025-02-03 07:00:00-05:00,82.53,71.58,6.37,4.58
2025-02-03 08:00:00-05:00,80.61,71.86,3.8,4.95
2025-02-03 09:00:00-05:00,78.02,71.99,0.78,5.25
2025-02-03 10:00:00-05:00,76.53,71.71,0.23,4.59
2025-02-03 11:00:00-05:00,75.03,71.27,-0.52,4.28
2025-02-03 12:00:00-05:00,74.81,71.14,-0.45,4.12
2025-02-03 13:00:00-05:00,74.44,70.99,-0.52,3.97
2025-02-03 14:00:00-05:00,71.23,67.80000000000001,-0.43,3.86
2025-02-03 15:00:00-05:00,73.8,70.05,-0.31,4.06
2025-02-03 16:00:00-05:00,74.0,69.67,0.01,4.32
2025-02-03 17:00:00-05:00,77.19,71.61999999999999,0.48,5.09
2025-02-03 18:00:00-05:00,78.4,71.86000000000001,1.3,5.24
2025-02-03 19:00:00-05:00,76.33,71.27,0.43,4.63
2025-02-03 20:00:00-05:00,75.79,71.06,0.47,4.26
2025-02-03 21:00:00-05:00,72.85,69.32,-0.0,3.53
2025-02-03 22:00:00-05:00,60.0,57.14,-0.0,2.86
2025-02-03 23:00:00-05:00,56.0,53.69,-0.0,2.31
2025-02-04 00:00:00-05:00,66.25,64.07,-0.0,2.18
2025-02-04 01:00:00-05:00,63.68,61.96,-0.2,1.92
2025-02-04 02:00:00-05:00,63.27,61.73,-0.19,1.73
2025-02-04 03:00:00-05:00,59.62,58.21,-0.1,1.51
2025-02-04 04:00:00-05:00,61.94,60.7,-0.16,1.4
2025-02-04 05:00:00-05:00,64.76,63.22,-0.23,1.77
2025-02-04 06:00:00-05:00,74.29,71.06000000000002,0.32,2.91
2025-02-04 07:00:00-05:00,78.13,71.56,2.35,4.22
2025-02-04 08:00:00-05:00,78.42,71.79,1.75,4.88
2025-02-04 09:00:00-05:00,74.99,71.35,-0.78,4.42
2025-02-04 10:00:00-05:00,73.47,69.58,-0.0,3.89
2025-02-04 11:00:00-05:00,65.69,61.66,0.33,3.7
2025-02-04 12:00:00-05:00,62.92,59.010000000000005,0.37,3.54
2025-02-04 13:00:00-05:00,65.43,61.45000000000001,0.36,3.62
2025-02-04 14:00:00-05:00,70.6,66.91999999999999,-0.47,4.15
2025-02-04 15:00:00-05:00,74.0,69.49,-0.0,4.51
2025-02-04 16:00:00-05:00,82.18,74.11,2.29,5.78
2025-02-04 17:00:00-05:00,109.15,88.42,13.22,7.51
2025-02-04 18:00:00-05:00,113.12,91.07,14.22,7.83
2025-02-04 19:00:00-05:00,104.87,88.42,8.94,7.51
2025-02-04 20:00:00-05:00,97.16,83.49999999999999,6.98,6.68
2025-02-04 21:00:00-05:00,79.94,72.02,3.45,4.47
2025-02-04 22:00:00-05:00,75.87,71.56,0.52,3.79
2025-02-04 23:00:00-05:00,75.47,71.36,0.9,3.21
2025-02-05 00:00:00-05:00,95.66,90.12,0.77,4.77
2025-02-05 01:00:00-05:00,97.08,94.14,-1.2,4.14
2025-02-05 02:00:00-05:00,92.97,90.73,-1.39,3.63
2025-02-05 03:00:00-05:00,93.05,91.12,-1.44,3.37
2025-02-05 04:00:00-05:00,106.27,103.91,-1.59,3.95
2025-02-05 05:00:00-05:00,121.64,119.12,-2.01,4.53
2025-02-05 06:00:00-05:00,146.56,140.52,-0.0,6.04
2025-02-05 07:00:00-05:00,174.84,166.8,0.2,7.84
2025-02-05 08:00:00-05:00,162.24,154.66,-0.0,7.58
2025-02-05 09:00:00-05:00,143.5,135.89,-0.0,7.61
2025-02-05 10:00:00-05:00,135.81,128.61,-0.0,7.2
2025-02-05 11:00:00-05:00,122.64,115.47,0.01,7.16
2025-02-05 12:00:00-05:00,113.51,108.64,-1.87,6.74
2025-02-05 13:00:00-05:00,114.94,110.29,-1.97,6.62
2025-02-05 14:00:00-05:00,121.31,116.39,-2.18,7.1
2025-02-05 15:00:00-05:00,135.06,127.42,-0.0,7.64
2025-02-05 16:00:00-05:00,151.52,142.53,-0.0,8.99
2025-02-05 17:00:00-05:00,186.54,174.98999999999998,-0.0,11.55
2025-02-05 18:00:00-05:00,193.75,181.75,0.01,11.99
2025-02-05 19:00:00-05:00,171.61,160.67000000000002,0.01,10.93
2025-02-05 20:00:00-05:00,154.65,143.48000000000002,0.98,10.19
2025-02-05 21:00:00-05:00,140.58,131.99,0.01,8.58
2025-02-05 22:00:00-05:00,125.36,118.15,-0.0,7.21
2025-02-05 23:00:00-05:00,121.49,110.7,4.82,5.97
2025-02-06 00:00:00-05:00,85.11,72.32000000000001,9.1,3.69
2025-02-06 01:00:00-05:00,81.58,72.61999999999999,5.04,3.92
2025-02-06 02:00:00-05:00,80.85,72.16999999999999,5.43,3.25
2025-02-06 03:00:00-05:00,80.99,72.25,5.42,3.32
2025-02-06 04:00:00-05:00,83.7,72.32,7.98,3.4
2025-02-06 05:00:00-05:00,81.27,72.25,5.41,3.61
2025-02-06 06:00:00-05:00,97.26,83.06,9.13,5.07
2025-02-06 07:00:00-05:00,157.83,140.14,8.59,9.1
2025-02-06 08:00:00-05:00,153.08,134.02,9.41,9.65
2025-02-06 09:00:00-05:00,130.42,98.58999999999996,23.65,8.18
2025-02-06 10:00:00-05:00,131.43,107.72,15.3,8.41
2025-02-06 11:00:00-05:00,129.64,105.05999999999996,15.96,8.62
2025-02-06 12:00:00-05:00,122.14,87.34,27.55,7.25
2025-02-06 13:00:00-05:00,125.78,72.99000000000001,46.74,6.05
2025-02-06 14:00:00-05:00,119.51,72.91,40.62,5.98
2025-02-06 15:00:00-05:00,116.04,74.37,35.42,6.25
2025-02-06 16:00:00-05:00,118.32,72.50999999999999,39.79,6.02
2025-02-06 17:00:00-05:00,129.94,72.81,50.8,6.33
2025-02-06 18:00:00-05:00,125.6,72.72999999999999,46.61,6.26
2025-02-06 19:00:00-05:00,115.68,72.51,37.22,5.95
2025-02-06 20:00:00-05:00,95.81,72.43,17.66,5.72
2025-02-06 21:00:00-05:00,79.24,71.15,2.96,5.13
2025-02-06 22:00:00-05:00,71.55,66.56,-0.0,4.99
2025-02-06 23:00:00-05:00,67.53,62.290000000000006,0.94,4.3
2025-02-07 00:00:00-05:00,61.83,58.55,-0.0,3.28
2025-02-07 01:00:00-05:00,57.11,53.83,-0.0,3.28
2025-02-07 02:00:00-05:00,56.95,53.830000000000005,-0.0,3.12
2025-02-07 03:00:00-05:00,56.42,53.48,-0.0,2.94
2025-02-07 04:00:00-05:00,56.33,53.4,-0.0,2.93
2025-02-07 05:00:00-05:00,57.99,55.06,0.01,2.92
2025-02-07 06:00:00-05:00,78.77,67.6,7.05,4.12
2025-02-07 07:00:00-05:00,82.64,72.44,5.06,5.14
2025-02-07 08:00:00-05:00,82.45,72.38000000000001,5.08,4.99
2025-02-07 09:00:00-05:00,69.31,64.4,0.21,4.7
2025-02-07 10:00:00-05:00,68.35,63.75999999999999,-0.0,4.59
2025-02-07 11:00:00-05:00,66.0,61.62,-0.0,4.38
2025-02-07 12:00:00-05:00,65.25,61.15,-0.0,4.1
2025-02-07 13:00:00-05:00,64.47,60.31,-0.0,4.16
2025-02-07 14:00:00-05:00,61.65,57.72,-0.0,3.93
2025-02-07 15:00:00-05:00,68.41,64.05,-0.0,4.36
2025-02-07 16:00:00-05:00,78.25,72.66,-0.0,5.59
2025-02-07 17:00:00-05:00,90.0,73.34,10.43,6.23
2025-02-07 18:00:00-05:00,98.84,73.35000000000001,19.33,6.16
2025-02-07 19:00:00-05:00,87.59,72.95,8.8,5.84
2025-02-07 20:00:00-05:00,83.03,72.96,4.31,5.76
2025-02-07 21:00:00-05:00,77.89,72.66,-0.0,5.23
2025-02-07 22:00:00-05:00,76.85,72.36,-0.0,4.49
2025-02-07 23:00:00-05:00,79.8,72.66,2.78,4.36
2025-02-08 00:00:00-05:00,68.25,63.5,0.56,4.19
2025-02-08 01:00:00-05:00,64.59,60.99,-0.0,3.6
2025-02-08 02:00:00-05:00,64.65,61.05,-0.0,3.6
2025-02-08 03:00:00-05:00,69.22,65.42999999999999,-0.0,3.79
2025-02-08 04:00:00-05:00,72.55,68.64,-0.0,3.91
2025-02-08 05:00:00-05:00,73.96,70.11,-0.0,3.85
2025-02-08 06:00:00-05:00,72.47,68.35,0.09,4.03
2025-02-08 07:00:00-05:00,75.51,71.10000000000001,-0.0,4.41
2025-02-08 08:00:00-05:00,79.67,74.95,-0.0,4.72
2025-02-08 09:00:00-05:00,80.41,75.41999999999999,0.01,4.98
2025-02-08 10:00:00-05:00,86.02,79.74,0.78,5.5
2025-02-08 11:00:00-05:00,83.61,77.53999999999999,0.48,5.59
2025-02-08 12:00:00-05:00,76.07,70.75999999999999,-0.0,5.31
2025-02-08 13:00:00-05:00,65.43,60.86000000000001,-0.0,4.57
2025-02-08 14:00:00-05:00,75.64,70.5,-0.0,5.14
2025-02-08 15:00:00-05:00,84.17,77.03,1.98,5.16
2025-02-08 16:00:00-05:00,95.57,84.78999999999999,4.76,6.02
2025-02-08 17:00:00-05:00,103.36,91.55,4.94,6.87
2025-02-08 18:00:00-05:00,107.28,92.15,8.13,7.0
2025-02-08 19:00:00-05:00,91.9,78.24,7.79,5.87
2025-02-08 20:00:00-05:00,93.96,82.31,5.72,5.93
2025-02-08 21:00:00-05:00,82.03,71.9,5.17,4.96
2025-02-08 22:00:00-05:00,78.57,73.55999999999999,-0.0,5.01
2025-02-08 23:00:00-05:00,76.93,72.44000000000001,-0.0,4.49
2025-02-09 00:00:00-05:00,69.72,65.38000000000001,0.35,3.99
2025-02-09 01:00:00-05:00,68.03,64.85,-0.0,3.18
2025-02-09 02:00:00-05:00,68.16,64.85,-0.0,3.31
2025-02-09 03:00:00-05:00,67.33,64.65,-0.04,2.72
2025-02-09 04:00:00-05:00,67.27,64.59,-0.03,2.71
2025-02-09 05:00:00-05:00,67.5,64.72,-0.0,2.78
2025-02-09 06:00:00-05:00,68.03,64.98,-0.0,3.05
2025-02-09 07:00:00-05:00,68.34,64.85000000000001,0.25,3.24
2025-02-09 08:00:00-05:00,70.58,65.24999999999999,1.68,3.65
2025-02-09 09:00:00-05:00,76.5,67.38999999999999,5.07,4.04
2025-02-09 10:00:00-05:00,78.76,69.46000000000001,5.2,4.1
2025-02-09 11:00:00-05:00,72.15,65.53,2.56,4.06
2025-02-09 12:00:00-05:00,71.38,65.16999999999999,2.23,3.98
2025-02-09 13:00:00-05:00,71.25,65.10000000000001,2.24,3.91
2025-02-09 14:00:00-05:00,71.18,65.05,2.23,3.9
2025-02-09 15:00:00-05:00,74.83,67.39999999999999,3.11,4.32
2025-02-09 16:00:00-05:00,98.63,77.69,15.73,5.21
2025-02-09 17:00:00-05:00,119.82,88.69,25.02,6.11
2025-02-09 18:00:00-05:00,119.14,86.66000000000001,26.24,6.24
2025-02-09 19:00:00-05:00,111.98,81.57,24.46,5.95
2025-02-09 20:00:00-05:00,102.46,78.41,18.4,5.65
2025-02-09 21:00:00-05:00,90.46,73.25999999999999,11.92,5.28
2025-02-09 22:00:00-05:00,72.65,65.85000000000001,2.45,4.35
2025-02-09 23:00:00-05:00,70.91,65.23,2.22,3.46
2025-02-10 00:00:00-05:00,76.22,70.84,0.91,4.47
2025-02-10 01:00:00-05:00,75.0,70.47,0.37,4.16
2025-02-10 02:00:00-05:00,74.67,70.33,0.4,3.94
2025-02-10 03:00:00-05:00,75.0,70.55,0.36,4.09
2025-02-10 04:00:00-05:00,76.73,70.92,1.48,4.33
2025-02-10 05:00:00-05:00,86.22,79.59,2.02,4.61
2025-02-10 06:00:00-05:00,116.0,106.38,2.38,7.24
2025-02-10 07:00:00-05:00,174.24,134.06,30.66,9.52
2025-02-10 08:00:00-05:00,164.66,146.81,6.26,11.59
2025-02-10 09:00:00-05:00,137.61,98.18,31.09,8.34
2025-02-10 10:00:00-05:00,122.34,96.94,17.06,8.34
2025-02-10 11:00:00-05:00,107.49,91.16,8.59,7.74
2025-02-10 12:00:00-05:00,109.83,80.7,22.27,6.86
2025-02-10 13:00:00-05:00,107.47,74.97999999999999,26.12,6.37
2025-02-10 14:00:00-05:00,111.47,70.85,34.53,6.09
2025-02-10 15:00:00-05:00,127.06,71.53,49.38,6.15
2025-02-10 16:00:00-05:00,160.41,96.47,56.22,7.72
2025-02-10 17:00:00-05:00,173.42,96.85,68.63,7.94
2025-02-10 18:00:00-05:00,188.86,97.04,83.77,8.05
2025-02-10 19:00:00-05:00,173.16,96.75,68.58,7.83
2025-02-10 20:00:00-05:00,166.01,96.84,61.14,8.03
2025-02-10 21:00:00-05:00,147.48,85.59,54.79,7.1
2025-02-10 22:00:00-05:00,126.35,94.78,23.98,7.59
2025-02-10 23:00:00-05:00,126.96,80.07,41.2,5.69
2025-02-11 00:00:00-05:00,139.94,74.85,59.63,5.46
2025-02-11 01:00:00-05:00,113.12,72.03,35.9,5.19
2025-02-11 02:00:00-05:00,103.9,73.71000000000001,24.88,5.31
2025-02-11 03:00:00-05:00,99.19,75.31,18.46,5.42
2025-02-11 04:00:00-05:00,110.97,77.04,28.38,5.55
2025-02-11 05:00:00-05:00,124.55,94.29,23.66,6.6
2025-02-11 06:00:00-05:00,163.4,99.77,56.25,7.38
2025-02-11 07:00:00-05:00,202.96,97.90000000000002,97.42,7.64
2025-02-11 08:00:00-05:00,172.13,97.24,66.63,8.26
2025-02-11 09:00:00-05:00,163.06,81.17000000000002,75.0,6.89
2025-02-11 10:00:00-05:00,140.34,90.05,42.64,7.65
2025-02-11 11:00:00-05:00,130.43,79.84,43.56,7.03
2025-02-11 12:00:00-05:00,128.53,71.18,51.08,6.27
2025-02-11 13:00:00-05:00,126.19,71.07000000000001,48.8,6.32
2025-02-11 14:00:00-05:00,132.4,71.14000000000001,54.93,6.33
2025-02-11 15:00:00-05:00,142.37,78.91000000000001,56.67,6.79
2025-02-11 16:00:00-05:00,170.34,97.04,64.86,8.44
2025-02-11 17:00:00-05:00,194.78,97.44,88.67,8.67
2025-02-11 18:00:00-05:00,188.5,99.15,80.53,8.82
2025-02-11 19:00:00-05:00,177.49,97.33,71.89,8.27
2025-02-11 20:00:00-05:00,168.82,97.24,63.32,8.26
2025-02-11 21:00:00-05:00,140.13,96.75,35.45,7.93
2025-02-11 22:00:00-05:00,127.48,96.84,22.89,7.75
2025-02-11 23:00:00-05:00,137.03,97.36,32.76,6.91
2025-02-12 00:00:00-05:00,114.06,107.59,0.02,6.45
2025-02-12 01:00:00-05:00,111.92,99.98,6.34,5.6
2025-02-12 02:00:00-05:00,113.84,108.09,0.56,5.19
2025-02-12 03:00:00-05:00,118.14,113.17,-0.0,4.97
2025-02-12 04:00:00-05:00,119.68,114.75,-0.0,4.93
2025-02-12 05:00:00-05:00,124.19,119.23,0.43,4.53
2025-02-12 06:00:00-05:00,148.04,127.14,14.92,5.98
2025-02-12 07:00:00-05:00,145.82,121.88,15.9,8.04
2025-02-12 08:00:00-05:00,157.15,122.21,26.88,8.06
2025-02-12 09:00:00-05:00,159.81,137.82999999999998,13.15,8.83
2025-02-12 10:00:00-05:00,152.13,137.47,5.99,8.67
2025-02-12 11:00:00-05:00,149.28,138.92,1.46,8.9
2025-02-12 12:00:00-05:00,133.0,118.12,6.49,8.39
2025-02-12 13:00:00-05:00,118.79,99.55,10.88,8.36
2025-02-12 14:00:00-05:00,115.41,96.48,10.82,8.11
2025-02-12 15:00:00-05:00,132.3,121.86,2.15,8.29
2025-02-12 16:00:00-05:00,166.15,155.42000000000002,0.01,10.72
2025-02-12 17:00:00-05:00,191.63,173.72,6.27,11.64
2025-02-12 18:00:00-05:00,190.73,170.63,8.34,11.76
2025-02-12 19:00:00-05:00,165.43,148.6,6.43,10.4
2025-02-12 20:00:00-05:00,140.84,130.4,1.84,8.6
2025-02-12 21:00:00-05:00,117.69,99.95,10.85,6.89
2025-02-12 22:00:00-05:00,101.35,87.1,8.5,5.75
2025-02-12 23:00:00-05:00,96.64,83.39,8.16,5.09
2025-02-13 00:00:00-05:00,71.98,64.59,3.06,4.33
2025-02-13 01:00:00-05:00,68.66,51.30999999999999,13.81,3.54
2025-02-13 02:00:00-05:00,69.75,47.27000000000001,19.41,3.07
2025-02-13 03:00:00-05:00,67.89,49.0,15.61,3.28
2025-02-13 04:00:00-05:00,56.95,51.85,1.36,3.74
2025-02-13 05:00:00-05:00,61.93,57.06,0.76,4.11
2025-02-13 06:00:00-05:00,75.65,70.57000000000001,-0.0,5.08
2025-02-13 07:00:00-05:00,88.91,82.78,-0.0,6.13
2025-02-13 08:00:00-05:00,91.17,85.04,-0.0,6.13
2025-02-13 09:00:00-05:00,89.5,83.13000000000001,0.3,6.07
2025-02-13 10:00:00-05:00,94.48,85.98,1.79,6.71
2025-02-13 11:00:00-05:00,97.58,78.71,12.34,6.53
2025-02-13 12:00:00-05:00,81.2,66.14000000000001,9.57,5.49
2025-02-13 13:00:00-05:00,74.86,60.22,9.58,5.06
2025-02-13 14:00:00-05:00,74.82,56.12,14.04,4.66
2025-02-13 15:00:00-05:00,70.61,58.46,7.12,5.03
2025-02-13 16:00:00-05:00,76.48,59.36000000000001,12.01,5.11
2025-02-13 17:00:00-05:00,91.41,70.16,15.15,6.1
2025-02-13 18:00:00-05:00,105.36,71.71,27.42,6.23
2025-02-13 19:00:00-05:00,89.42,56.77000000000001,27.77,4.88
2025-02-13 20:00:00-05:00,75.86,62.31999999999999,8.31,5.23
2025-02-13 21:00:00-05:00,70.0,58.54,6.54,4.92
2025-02-13 22:00:00-05:00,61.89,55.89,1.19,4.81
2025-02-13 23:00:00-05:00,61.75,52.010000000000005,5.73,4.01
2025-02-14 00:00:00-05:00,68.84,60.400000000000006,4.94,3.5
2025-02-14 01:00:00-05:00,66.61,58.52,5.11,2.98
2025-02-14 02:00:00-05:00,66.03,59.21,3.86,2.96
2025-02-14 03:00:00-05:00,65.74,59.41,3.48,2.85
2025-02-14 04:00:00-05:00,67.14,60.22,4.09,2.83
2025-02-14 05:00:00-05:00,67.07,58.9,5.05,3.12
2025-02-14 06:00:00-05:00,74.97,62.75,8.08,4.14
2025-02-14 07:00:00-05:00,92.0,61.03999999999999,26.81,4.15
2025-02-14 08:00:00-05:00,79.92,65.64999999999999,8.95,5.32
2025-02-14 09:00:00-05:00,74.89,61.220000000000006,8.71,4.96
2025-02-14 10:00:00-05:00,75.14,61.17,9.08,4.89
2025-02-14 11:00:00-05:00,74.4,61.09000000000001,8.49,4.82
2025-02-14 12:00:00-05:00,70.02,60.84,4.38,4.8
2025-02-14 13:00:00-05:00,69.8,60.71,4.35,4.74
2025-02-14 14:00:00-05:00,74.6,60.8,9.0,4.8
2025-02-14 15:00:00-05:00,75.33,61.65,8.38,5.3
2025-02-14 16:00:00-05:00,88.01,61.42,21.55,5.04
2025-02-14 17:00:00-05:00,120.57,84.94999999999999,28.4,7.22
2025-02-14 18:00:00-05:00,137.96,97.83,31.91,8.22
2025-02-14 19:00:00-05:00,110.0,86.6,16.47,6.93
2025-02-14 20:00:00-05:00,101.08,83.41,11.25,6.42
2025-02-14 21:00:00-05:00,86.47,74.6,6.5,5.37
2025-02-14 22:00:00-05:00,81.0,69.00999999999999,7.09,4.9
2025-02-14 23:00:00-05:00,82.0,70.56,6.99,4.45
2025-02-15 00:00:00-05:00,100.88,81.62,13.79,5.47
2025-02-15 01:00:00-05:00,95.98,80.60000000000001,10.22,5.16
2025-02-15 02:00:00-05:00,94.12,74.21,15.23,4.68
2025-02-15 03:00:00-05:00,77.59,70.16000000000001,2.94,4.49
2025-02-15 04:00:00-05:00,88.03,70.97,12.51,4.55
2025-02-15 05:00:00-05:00,92.12,74.33,12.81,4.98
2025-02-15 06:00:00-05:00,92.04,70.29,16.76,4.99
2025-02-15 07:00:00-05:00,93.26,65.05,23.73,4.48
2025-02-15 08:00:00-05:00,98.21,71.53999999999999,21.3,5.37
2025-02-15 09:00:00-05:00,120.02,77.25999999999999,36.73,6.03
2025-02-15 10:00:00-05:00,126.64,85.97,33.71,6.96
2025-02-15 11:00:00-05:00,131.1,82.32,42.19,6.59
2025-02-15 12:00:00-05:00,130.53,82.16000000000001,41.8,6.57
2025-02-15 13:00:00-05:00,129.09,79.80000000000001,42.99,6.3
2025-02-15 14:00:00-05:00,137.34,74.13,57.21,6.0
2025-02-15 15:00:00-05:00,130.85,62.489999999999995,63.3,5.06
2025-02-15 16:00:00-05:00,153.28,65.71000000000001,82.18,5.39
2025-02-15 17:00:00-05:00,161.97,72.64,83.23,6.1
2025-02-15 18:00:00-05:00,170.58,68.99,95.73,5.86
2025-02-15 19:00:00-05:00,159.86,61.66000000000001,93.02,5.18
2025-02-15 20:00:00-05:00,147.66,69.98,71.73,5.95
2025-02-15 21:00:00-05:00,128.14,55.83999999999999,67.72,4.58
2025-02-15 22:00:00-05:00,124.86,55.84,64.66,4.36
2025-02-15 23:00:00-05:00,127.32,55.97,67.21,4.14
2025-02-16 00:00:00-05:00,95.5,63.83,27.14,4.53
2025-02-16 01:00:00-05:00,88.1,60.989999999999995,22.72,4.39
2025-02-16 02:00:00-05:00,92.31,60.92,27.31,4.08
2025-02-16 03:00:00-05:00,88.07,60.92,23.13,4.02
2025-02-16 04:00:00-05:00,89.13,60.86999999999999,24.31,3.95
2025-02-16 05:00:00-05:00,85.79,60.86,20.98,3.95
2025-02-16 06:00:00-05:00,94.38,60.72999999999999,29.64,4.01
2025-02-16 07:00:00-05:00,92.36,60.66,27.46,4.24
2025-02-16 08:00:00-05:00,100.35,93.26,0.47,6.62
2025-02-16 09:00:00-05:00,108.57,95.65999999999998,6.12,6.79
2025-02-16 10:00:00-05:00,116.84,95.76,14.28,6.8
2025-02-16 11:00:00-05:00,116.85,95.96,13.98,6.91
2025-02-16 12:00:00-05:00,120.2,95.86,17.15,7.19
2025-02-16 13:00:00-05:00,117.8,95.76,15.05,6.99
2025-02-16 14:00:00-05:00,117.13,95.85,14.09,7.19
2025-02-16 15:00:00-05:00,114.33,95.66,11.49,7.18
2025-02-16 16:00:00-05:00,120.56,96.04,16.93,7.59
2025-02-16 17:00:00-05:00,121.16,96.04,17.43,7.69
2025-02-16 18:00:00-05:00,150.32,96.14,46.4,7.78
2025-02-16 19:00:00-05:00,120.88,95.86,17.45,7.57
2025-02-16 20:00:00-05:00,117.11,95.65,13.99,7.47
2025-02-16 21:00:00-05:00,105.66,60.67,40.08,4.91
2025-02-16 22:00:00-05:00,89.99,60.91,24.08,5.0
2025-02-16 23:00:00-05:00,94.0,60.73,28.78,4.49
2025-02-17 00:00:00-05:00,104.68,61.1,38.99,4.59
2025-02-17 01:00:00-05:00,101.09,65.87,30.48,4.74
2025-02-17 02:00:00-05:00,93.74,69.1,19.73,4.91
2025-02-17 03:00:00-05:00,93.51,68.12,20.55,4.84
2025-02-17 04:00:00-05:00,92.0,68.25999999999999,19.1,4.64
2025-02-17 05:00:00-05:00,94.47,71.16,18.54,4.77
2025-02-17 06:00:00-05:00,106.33,82.21,18.78,5.34
2025-02-17 07:00:00-05:00,119.58,74.82,39.52,5.24
2025-02-17 08:00:00-05:00,114.91,90.87,16.77,7.27
2025-02-17 09:00:00-05:00,130.4,89.53,33.71,7.16
2025-02-17 10:00:00-05:00,142.89,94.17,40.53,8.19
2025-02-17 11:00:00-05:00,141.86,95.37,37.9,8.59
2025-02-17 12:00:00-05:00,139.79,89.04,42.83,7.92
2025-02-17 13:00:00-05:00,135.2,85.44999999999999,42.15,7.6
2025-02-17 14:00:00-05:00,140.0,91.04000000000002,40.76,8.2
2025-02-17 15:00:00-05:00,146.59,101.79,35.64,9.16
2025-02-17 16:00:00-05:00,162.41,110.66,41.9,9.85
2025-02-17 17:00:00-05:00,206.99,112.41,84.24,10.34
2025-02-17 18:00:00-05:00,213.67,115.08,87.89,10.7
2025-02-17 19:00:00-05:00,197.37,112.18,74.98,10.21
2025-02-17 20:00:00-05:00,188.45,112.06,66.19,10.2
2025-02-17 21:00:00-05:00,152.37,94.15,49.37,8.85
2025-02-17 22:00:00-05:00,148.18,107.18,30.93,10.07
2025-02-17 23:00:00-05:00,146.96,103.63,34.62,8.71
2025-02-18 00:00:00-05:00,144.3,113.56,21.65,9.09
2025-02-18 01:00:00-05:00,142.63,114.01,19.72,8.9
2025-02-18 02:00:00-05:00,138.99,114.02,16.31,8.66
2025-02-18 03:00:00-05:00,139.38,114.49,16.3,8.59
2025-02-18 04:00:00-05:00,144.18,114.6,20.76,8.82
2025-02-18 05:00:00-05:00,150.33,139.15,0.74,10.44
2025-02-18 06:00:00-05:00,163.08,142.72,8.81,11.55
2025-02-18 07:00:00-05:00,209.26,143.39,54.11,11.76
2025-02-18 08:00:00-05:00,202.94,156.53,32.32,14.09
2025-02-18 09:00:00-05:00,187.97,132.19,43.21,12.57
2025-02-18 10:00:00-05:00,161.78,122.08,27.86,11.84
2025-02-18 11:00:00-05:00,165.36,126.84,25.96,12.56
2025-02-18 12:00:00-05:00,153.79,114.36999999999998,28.09,11.33
2025-02-18 13:00:00-05:00,151.83,111.96000000000002,28.89,10.98
2025-02-18 14:00:00-05:00,146.24,111.85,23.42,10.97
2025-02-18 15:00:00-05:00,155.0,116.20000000000002,27.29,11.51
2025-02-18 16:00:00-05:00,194.12,150.87,29.67,13.58
2025-02-18 17:00:00-05:00,233.72,191.34,27.07,15.31
2025-02-18 18:00:00-05:00,246.35,204.73,26.07,15.55
2025-02-18 19:00:00-05:00,230.0,187.91,27.25,14.84
2025-02-18 20:00:00-05:00,218.45,177.53,27.25,13.67
2025-02-18 21:00:00-05:00,186.42,138.36999999999998,35.74,12.31
2025-02-18 22:00:00-05:00,162.02,148.59,0.81,12.62
2025-02-18 23:00:00-05:00,159.55,140.0,8.22,11.33
2025-02-19 00:00:00-05:00,142.2,112.54,20.88,8.78
2025-02-19 01:00:00-05:00,143.5,112.41,22.55,8.54
2025-02-19 02:00:00-05:00,140.81,112.9,19.44,8.47
2025-02-19 03:00:00-05:00,136.41,118.43,8.86,9.12
2025-02-19 04:00:00-05:00,138.96,127.58,1.69,9.69
2025-02-19 05:00:00-05:00,150.16,139.29,-0.0,10.87
2025-02-19 06:00:00-05:00,167.37,148.38,7.41,11.58
2025-02-19 07:00:00-05:00,196.25,170.46,11.81,13.98
2025-02-19 08:00:00-05:00,186.46,171.14,1.62,13.7
2025-02-19 09:00:00-05:00,180.0,159.85,6.4,13.75
2025-02-19 10:00:00-05:00,190.99,153.06,24.15,13.78
2025-02-19 11:00:00-05:00,174.88,148.07,13.04,13.77
2025-02-19 12:00:00-05:00,158.6,145.24,0.01,13.35
2025-02-19 13:00:00-05:00,171.87,143.19,15.22,13.46
2025-02-19 14:00:00-05:00,158.0,143.61,1.03,13.36
2025-02-19 15:00:00-05:00,177.74,147.6,16.71,13.43
2025-02-19 16:00:00-05:00,195.84,157.2,25.43,13.21
2025-02-19 17:00:00-05:00,228.53,186.47,26.22,15.84
2025-02-19 18:00:00-05:00,248.0,198.54,32.78,16.68
2025-02-19 19:00:00-05:00,222.02,175.84,31.06,15.12
2025-02-19 20:00:00-05:00,212.79,171.09,28.01,13.69
2025-02-19 21:00:00-05:00,190.59,152.48000000000002,25.91,12.2
2025-02-19 22:00:00-05:00,175.29,150.75,12.34,12.2
2025-02-19 23:00:00-05:00,162.44,150.82999999999998,-0.0,11.61
2025-02-20 00:00:00-05:00,166.32,140.51999999999998,14.55,11.25
2025-02-20 01:00:00-05:00,157.45,131.2,15.49,10.76
2025-02-20 02:00:00-05:00,151.46,117.0,24.86,9.6
2025-02-20 03:00:00-05:00,154.68,132.95000000000002,11.23,10.5
2025-02-20 04:00:00-05:00,157.72,136.04999999999998,11.05,10.62
2025-02-20 05:00:00-05:00,165.26,143.42999999999998,11.22,10.61
2025-02-20 06:00:00-05:00,194.08,169.11,15.0,9.97
2025-02-20 07:00:00-05:00,222.02,191.88,17.28,12.86
2025-02-20 08:00:00-05:00,211.65,181.85,16.34,13.46
2025-02-20 09:00:00-05:00,191.23,160.85,16.71,13.67
2025-02-20 10:00:00-05:00,181.59,152.37,16.11,13.11
2025-02-20 11:00:00-05:00,177.92,146.57,17.87,13.48
2025-02-20 12:00:00-05:00,171.53,115.56,44.99,10.98
2025-02-20 13:00:00-05:00,169.37,115.79000000000002,42.35,11.23
2025-02-20 14:00:00-05:00,168.0,112.64,44.77,10.59
2025-02-20 15:00:00-05:00,173.81,116.1,46.8,10.91
2025-02-20 16:00:00-05:00,193.35,112.77,70.21,10.37
2025-02-20 17:00:00-05:00,216.52,115.91,89.83,10.78
2025-02-20 18:00:00-05:00,241.66,123.32,106.5,11.84
2025-02-20 19:00:00-05:00,210.51,115.2,84.72,10.59
2025-02-20 20:00:00-05:00,199.38,118.93,69.51,10.94
2025-02-20 21:00:00-05:00,189.65,112.64,66.65,10.36
2025-02-20 22:00:00-05:00,159.05,111.3,37.29,10.46
2025-02-20 23:00:00-05:00,152.35,112.07,30.86,9.42
2025-02-21 00:00:00-05:00,145.26,134.63,-0.0,10.63
2025-02-21 01:00:00-05:00,136.41,127.01,-0.0,9.4
2025-02-21 02:00:00-05:00,131.69,122.74,-0.0,8.95
2025-02-21 03:00:00-05:00,132.28,123.39,-0.0,8.89
2025-02-21 04:00:00-05:00,135.21,126.37,-0.0,8.84
2025-02-21 05:00:00-05:00,145.21,135.71,-0.0,9.5
2025-02-21 06:00:00-05:00,157.93,145.95000000000002,0.01,11.97
2025-02-21 07:00:00-05:00,179.41,148.98,18.21,12.22
2025-02-21 08:00:00-05:00,164.68,133.81,18.69,12.18
2025-02-21 09:00:00-05:00,155.58,113.76000000000002,31.13,10.69
2025-02-21 10:00:00-05:00,145.31,109.15,26.01,10.15
2025-02-21 11:00:00-05:00,137.41,105.45,21.94,10.02
2025-02-21 12:00:00-05:00,131.26,94.18,28.23,8.85
2025-02-21 13:00:00-05:00,126.92,80.29,39.16,7.47
2025-02-21 14:00:00-05:00,124.42,73.99000000000001,43.63,6.8
2025-02-21 15:00:00-05:00,135.77,90.19,37.19,8.39
2025-02-21 16:00:00-05:00,155.73,96.44,50.32,8.97
2025-02-21 17:00:00-05:00,194.92,106.35999999999996,78.67,9.89
2025-02-21 18:00:00-05:00,205.94,102.7,93.8,9.44
2025-02-21 19:00:00-05:00,188.93,99.92,79.92,9.09
2025-02-21 20:00:00-05:00,180.0,113.39,56.18,10.43
2025-02-21 21:00:00-05:00,150.0,111.68,28.26,10.06
2025-02-21 22:00:00-05:00,139.09,119.57,8.99,10.53
2025-02-21 23:00:00-05:00,141.31,130.52,0.88,9.91
2025-02-22 00:00:00-05:00,115.7,107.83,-0.0,7.87
2025-02-22 01:00:00-05:00,115.08,107.66,-0.0,7.42
2025-02-22 02:00:00-05:00,107.96,101.28,-0.0,6.68
2025-02-22 03:00:00-05:00,105.21,98.79,-0.0,6.42
2025-02-22 04:00:00-05:00,103.69,97.27,-0.0,6.42
2025-02-22 05:00:00-05:00,103.21,96.91,-0.0,6.3
2025-02-22 06:00:00-05:00,113.81,97.0,9.92,6.89
2025-02-22 07:00:00-05:00,136.87,96.51000000000002,33.41,6.95
2025-02-22 08:00:00-05:00,124.16,96.8,19.9,7.46
2025-02-22 09:00:00-05:00,106.59,96.71,2.43,7.45
2025-02-22 10:00:00-05:00,91.22,85.8,0.01,5.41
2025-02-22 11:00:00-05:00,81.96,75.50999999999999,1.69,4.76
2025-02-22 12:00:00-05:00,77.71,70.66999999999999,2.45,4.59
2025-02-22 13:00:00-05:00,76.7,69.5,2.62,4.58
2025-02-22 14:00:00-05:00,75.19,68.17999999999999,2.58,4.43
2025-02-22 15:00:00-05:00,80.01,73.21,2.04,4.76
2025-02-22 16:00:00-05:00,99.88,87.25,6.96,5.67
2025-02-22 17:00:00-05:00,113.08,97.94,7.99,7.15
2025-02-22 18:00:00-05:00,120.92,99.57,13.68,7.67
2025-02-22 19:00:00-05:00,110.84,96.99,6.77,7.08
2025-02-22 20:00:00-05:00,110.22,96.5,7.15,6.57
2025-02-22 21:00:00-05:00,105.6,96.32,2.83,6.45
2025-02-22 22:00:00-05:00,95.07,88.27,1.33,5.47
2025-02-22 23:00:00-05:00,90.73,86.0,-0.0,4.73
2025-02-23 00:00:00-05:00,91.02,82.33999999999999,4.48,4.2
2025-02-23 01:00:00-05:00,83.75,76.0,4.1,3.65
2025-02-23 02:00:00-05:00,79.13,71.91,3.98,3.24
2025-02-23 03:00:00-05:00,80.48,73.12,3.99,3.37
2025-02-23 04:00:00-05:00,85.52,78.42999999999999,3.72,3.37
2025-02-23 05:00:00-05:00,78.69,73.78,1.96,2.95
2025-02-23 06:00:00-05:00,88.37,82.42999999999999,2.4,3.54
2025-02-23 07:00:00-05:00,83.25,78.12,1.85,3.28
2025-02-23 08:00:00-05:00,76.36,69.32000000000001,3.85,3.19
2025-02-23 09:00:00-05:00,72.39,64.61,4.42,3.36
2025-02-23 10:00:00-05:00,70.0,62.52,4.36,3.12
2025-02-23 11:00:00-05:00,69.95,63.13,3.85,2.97
2025-02-23 12:00:00-05:00,68.24,64.91,0.34,2.99
2025-02-23 13:00:00-05:00,70.0,63.16,3.81,3.03
2025-02-23 14:00:00-05:00,70.0,63.4,3.62,2.98
2025-02-23 15:00:00-05:00,70.0,64.63000000000001,2.27,3.1
2025-02-23 16:00:00-05:00,93.8,79.8,10.33,3.67
2025-02-23 17:00:00-05:00,148.93,95.71,48.81,4.41
2025-02-23 18:00:00-05:00,145.15,109.24,30.56,5.35
2025-02-23 19:00:00-05:00,152.33,98.69,48.81,4.83
2025-02-23 20:00:00-05:00,128.39,93.58999999999996,30.4,4.4
2025-02-23 21:00:00-05:00,99.43,80.85000000000001,15.11,3.47
2025-02-23 22:00:00-05:00,80.07,75.88,0.85,3.34
2025-02-23 23:00:00-05:00,75.64,73.02,-0.0,2.62
2025-02-24 00:00:00-05:00,70.44,67.92999999999999,-0.0,2.51
2025-02-24 01:00:00-05:00,69.68,67.19000000000001,-0.0,2.49
2025-02-24 02:00:00-05:00,67.2,64.86,0.01,2.33
2025-02-24 03:00:00-05:00,63.38,60.61000000000001,0.47,2.3
2025-02-24 04:00:00-05:00,67.29,64.82000000000001,0.01,2.46
2025-02-24 05:00:00-05:00,70.0,67.12,-0.0,2.88
2025-02-24 06:00:00-05:00,82.68,78.44,0.01,4.23
2025-02-24 07:00:00-05:00,93.52,86.74,1.31,5.47
2025-02-24 08:00:00-05:00,91.92,69.14000000000001,18.29,4.49
2025-02-24 09:00:00-05:00,73.9,65.07000000000001,4.47,4.36
2025-02-24 10:00:00-05:00,65.41,60.7,0.7,4.01
2025-02-24 11:00:00-05:00,62.77,57.35,1.47,3.95
2025-02-24 12:00:00-05:00,62.45,56.260000000000005,2.53,3.66
2025-02-24 13:00:00-05:00,60.36,54.77,1.98,3.61
2025-02-24 14:00:00-05:00,61.54,56.0,1.73,3.81
2025-02-24 15:00:00-05:00,61.19,55.45,1.8,3.94
2025-02-24 16:00:00-05:00,80.7,64.06,11.97,4.67
2025-02-24 17:00:00-05:00,101.37,74.21000000000001,21.52,5.64
2025-02-24 18:00:00-05:00,112.45,85.82000000000001,20.11,6.52
2025-02-24 19:00:00-05:00,103.16,76.92,20.47,5.77
2025-02-24 20:00:00-05:00,95.95,70.68,20.11,5.16
2025-02-24 21:00:00-05:00,70.0,62.580000000000005,3.1,4.32
2025-02-24 22:00:00-05:00,61.33,56.18,1.5,3.65
2025-02-24 23:00:00-05:00,59.47,54.56,1.58,3.33
2025-02-25 00:00:00-05:00,54.18,48.83,2.42,2.93
2025-02-25 01:00:00-05:00,53.3,48.28999999999999,2.31,2.7
2025-02-25 02:00:00-05:00,51.45,46.32,2.54,2.59
2025-02-25 03:00:00-05:00,52.62,47.85,2.33,2.44
2025-02-25 04:00:00-05:00,53.92,49.49,2.1,2.33
2025-02-25 05:00:00-05:00,58.5,54.97,1.22,2.31
2025-02-25 06:00:00-05:00,74.75,71.71000000000001,-0.4,3.44
2025-02-25 07:00:00-05:00,76.89,73.60000000000001,-0.31,3.6
2025-02-25 08:00:00-05:00,70.44,67.21999999999998,-0.21,3.43
2025-02-25 09:00:00-05:00,80.0,67.59,8.96,3.45
2025-02-25 10:00:00-05:00,66.48,63.220000000000006,0.35,2.91
2025-02-25 11:00:00-05:00,64.47,61.01,0.71,2.75
2025-02-25 12:00:00-05:00,63.47,59.96,0.87,2.64
2025-02-25 13:00:00-05:00,61.1,57.17,1.3,2.63
2025-02-25 14:00:00-05:00,61.05,57.169999999999995,1.31,2.57
2025-02-25 15:00:00-05:00,68.0,61.91,3.43,2.66
2025-02-25 16:00:00-05:00,70.01,67.18,-0.2,3.03
2025-02-25 17:00:00-05:00,92.74,81.78999999999999,7.52,3.43
2025-02-25 18:00:00-05:00,95.91,85.14999999999999,6.84,3.92
2025-02-25 19:00:00-05:00,88.07,77.39,7.19,3.49
2025-02-25 20:00:00-05:00,82.07,69.03,9.79,3.25
2025-02-25 21:00:00-05:00,64.87,61.27,0.84,2.76
2025-02-25 22:00:00-05:00,61.79,57.71,1.37,2.71
2025-02-25 23:00:00-05:00,62.51,59.16,0.98,2.37
2025-02-26 00:00:00-05:00,48.06,43.98,1.88,2.2
2025-02-26 01:00:00-05:00,44.97,42.87,-0.0,2.1
2025-02-26 02:00:00-05:00,42.59,40.6,-0.0,1.99
2025-02-26 03:00:00-05:00,42.22,40.21,-0.0,2.01
2025-02-26 04:00:00-05:00,43.94,41.93,-0.0,2.01
2025-02-26 05:00:00-05:00,49.92,46.31,1.57,2.04
2025-02-26 06:00:00-05:00,60.14,57.01,-0.0,3.13
2025-02-26 07:00:00-05:00,67.77,64.49999999999999,-0.02,3.29
2025-02-26 08:00:00-05:00,56.33,53.21,0.41,2.71
2025-02-26 09:00:00-05:00,49.23,45.11,1.5,2.62
2025-02-26 10:00:00-05:00,44.88,42.34,-0.0,2.54
2025-02-26 11:00:00-05:00,42.16,39.66,-0.0,2.5
2025-02-26 12:00:00-05:00,41.69,39.559999999999995,-0.0,2.13
2025-02-26 13:00:00-05:00,42.74,40.67,-0.0,2.07
2025-02-26 14:00:00-05:00,43.2,41.07,-0.0,2.13
2025-02-26 15:00:00-05:00,44.73,42.36,-0.0,2.37
2025-02-26 16:00:00-05:00,51.4,48.93,-0.12,2.59
2025-02-26 17:00:00-05:00,64.62,62.010000000000005,-0.43,3.04
2025-02-26 18:00:00-05:00,86.29,74.09,8.42,3.78
2025-02-26 19:00:00-05:00,75.95,62.870000000000005,10.0,3.08
2025-02-26 20:00:00-05:00,71.45,55.65,12.74,3.06
2025-02-26 21:00:00-05:00,53.29,49.629999999999995,1.03,2.63
2025-02-26 22:00:00-05:00,50.37,46.05,1.88,2.44
2025-02-26 23:00:00-05:00,47.73,43.48,2.21,2.04
2025-02-27 00:00:00-05:00,45.1,41.040000000000006,2.3,1.76
2025-02-27 01:00:00-05:00,43.71,39.45,2.53,1.73
2025-02-27 02:00:00-05:00,40.07,37.64,0.85,1.58
2025-02-27 03:00:00-05:00,39.12,37.6,0.01,1.51
2025-02-27 04:00:00-05:00,39.1,37.510000000000005,0.01,1.58
2025-02-27 05:00:00-05:00,42.13,40.38,0.01,1.74
2025-02-27 06:00:00-05:00,56.25,52.5,1.44,2.31
2025-02-27 07:00:00-05:00,57.55,53.77,1.2,2.58
2025-02-27 08:00:00-05:00,54.21,49.16,2.45,2.6
2025-02-27 09:00:00-05:00,53.5,48.18,2.72,2.6
2025-02-27 10:00:00-05:00,54.62,49.279999999999994,2.78,2.56
2025-02-27 11:00:00-05:00,53.3,47.8,2.87,2.63
2025-02-27 12:00:00-05:00,50.51,46.61,1.48,2.42
2025-02-27 13:00:00-05:00,48.31,44.15,1.82,2.34
2025-02-27 14:00:00-05:00,47.89,43.44,1.89,2.56
2025-02-27 15:00:00-05:00,47.87,43.5,1.89,2.48
2025-02-27 16:00:00-05:00,51.03,46.81,1.41,2.81
2025-02-27 17:00:00-05:00,58.74,55.03,0.58,3.13
2025-02-27 18:00:00-05:00,92.46,59.959999999999994,29.26,3.24
2025-02-27 19:00:00-05:00,77.61,53.36,21.05,3.2
2025-02-27 20:00:00-05:00,71.27,47.45,20.83,2.99
2025-02-27 21:00:00-05:00,47.86,43.23,2.21,2.42
2025-02-27 22:00:00-05:00,44.17,39.2,2.62,2.35
2025-02-27 23:00:00-05:00,44.71,39.79,2.61,2.31
2025-02-28 00:00:00-05:00,43.76,38.85,2.54,2.37
2025-02-28 01:00:00-05:00,41.0,36.52,2.44,2.04
2025-02-28 02:00:00-05:00,40.92,35.96,2.95,2.01
2025-02-28 03:00:00-05:00,38.82,36.19,0.64,1.99
2025-02-28 04:00:00-05:00,42.01,37.28,2.76,1.97
2025-02-28 05:00:00-05:00,45.88,41.830000000000005,2.12,1.93
2025-02-28 06:00:00-05:00,56.18,52.79,0.7,2.69
2025-02-28 07:00:00-05:00,61.2,58.07,0.11,3.02
2025-02-28 08:00:00-05:00,51.28,47.330000000000005,1.4,2.55
2025-02-28 09:00:00-05:00,45.61,40.98,2.17,2.46
2025-02-28 10:00:00-05:00,43.57,38.96,2.47,2.14
2025-02-28 11:00:00-05:00,42.78,37.989999999999995,2.59,2.2
2025-02-28 12:00:00-05:00,41.73,36.85999999999999,2.7,2.17
2025-02-28 13:00:00-05:00,41.65,36.739999999999995,2.71,2.2
2025-02-28 14:00:00-05:00,41.77,36.81,2.75,2.21
2025-02-28 15:00:00-05:00,43.74,39.010000000000005,2.43,2.3
2025-02-28 16:00:00-05:00,49.3,44.8,1.72,2.78
2025-02-28 17:00:00-05:00,68.66,55.43000000000001,10.02,3.21
2025-02-28 18:00:00-05:00,73.73,59.41000000000001,10.94,3.38
2025-02-28 19:00:00-05:00,62.37,51.2,7.64,3.53
2025-02-28 20:00:00-05:00,59.4,49.33,6.67,3.4
2025-02-28 21:00:00-05:00,49.78,44.93,1.79,3.06
2025-02-28 22:00:00-05:00,46.1,41.11,2.28,2.71
2025-02-28 23:00:00-05:00,45.0,40.04,2.44,2.52
2025-03-01 00:00:00-05:00,45.17,40.92,2.2,2.05
2025-03-01 01:00:00-05:00,43.6,39.43,2.35,1.82
2025-03-01 02:00:00-05:00,42.76,38.6,2.5,1.66
2025-03-01 03:00:00-05:00,39.42,37.73,0.03,1.66
2025-03-01 04:00:00-05:00,40.22,38.46,0.03,1.73
2025-03-01 05:00:00-05:00,40.43,38.66,0.03,1.74
2025-03-01 06:00:00-05:00,46.51,42.39,2.0,2.12
2025-03-01 07:00:00-05:00,47.93,43.95,1.74,2.24
2025-03-01 08:00:00-05:00,46.72,42.23,2.08,2.41
2025-03-01 09:00:00-05:00,44.62,39.73,2.51,2.38
2025-03-01 10:00:00-05:00,47.93,43.71,1.73,2.49
2025-03-01 11:00:00-05:00,48.8,44.54,1.72,2.54
2025-03-01 12:00:00-05:00,47.73,43.27,1.95,2.51
2025-03-01 13:00:00-05:00,47.38,42.85000000000001,2.05,2.48
2025-03-01 14:00:00-05:00,47.98,43.63999999999999,1.85,2.49
2025-03-01 15:00:00-05:00,50.73,46.82,1.43,2.48
2025-03-01 16:00:00-05:00,57.2,54.0,0.39,2.81
2025-03-01 17:00:00-05:00,69.93,64.95000000000002,1.41,3.57
2025-03-01 18:00:00-05:00,85.73,77.84,3.69,4.2
2025-03-01 19:00:00-05:00,88.08,74.85,9.04,4.19
2025-03-01 20:00:00-05:00,81.01,70.17999999999999,6.9,3.93
2025-03-01 21:00:00-05:00,72.97,65.21000000000001,4.63,3.13
2025-03-01 22:00:00-05:00,65.29,60.88,1.67,2.74
2025-03-01 23:00:00-05:00,60.09,57.4,0.34,2.35
2025-03-02 00:00:00-05:00,60.84,58.37,0.13,2.34
2025-03-02 01:00:00-05:00,58.53,55.94,0.35,2.24
2025-03-02 02:00:00-05:00,57.99,55.790000000000006,0.19,2.01
2025-03-02 03:00:00-05:00,60.0,58.080000000000005,0.01,1.91
2025-03-02 04:00:00-05:00,61.02,59.13,-0.0,1.89
2025-03-02 05:00:00-05:00,62.63,60.650000000000006,-0.02,2.0
2025-03-02 06:00:00-05:00,67.85,65.62,-0.26,2.49
2025-03-02 07:00:00-05:00,71.79,69.39000000000001,-0.45,2.85
2025-03-02 08:00:00-05:00,70.08,64.14,2.86,3.08
2025-03-02 09:00:00-05:00,60.47,54.05,3.34,3.08
2025-03-02 10:00:00-05:00,78.26,69.49000000000001,4.32,4.45
2025-03-02 11:00:00-05:00,76.0,64.27999999999999,7.54,4.18
2025-03-02 12:00:00-05:00,76.0,62.78,9.14,4.08
2025-03-02 13:00:00-05:00,76.0,62.85999999999999,8.99,4.15
2025-03-02 14:00:00-05:00,76.0,64.7,7.03,4.27
2025-03-02 15:00:00-05:00,86.25,75.25999999999999,5.95,5.04
2025-03-02 16:00:00-05:00,96.64,86.1,4.0,6.54
2025-03-02 17:00:00-05:00,110.96,99.23,5.28,6.45
2025-03-02 18:00:00-05:00,133.96,120.78000000000002,5.44,7.74
2025-03-02 19:00:00-05:00,114.19,99.67,8.05,6.47
2025-03-02 20:00:00-05:00,111.43,97.52,7.58,6.33
2025-03-02 21:00:00-05:00,107.87,96.87,4.61,6.39
2025-03-02 22:00:00-05:00,101.35,90.36,5.39,5.6
2025-03-02 23:00:00-05:00,90.64,85.75,-0.0,4.89
2025-03-03 00:00:00-05:00,94.6,81.19,9.75,3.66
2025-03-03 01:00:00-05:00,85.84,76.14999999999999,6.26,3.43
2025-03-03 02:00:00-05:00,80.72,73.18,4.47,3.07
2025-03-03 03:00:00-05:00,78.52,72.61,3.22,2.69
2025-03-03 04:00:00-05:00,81.25,77.54,0.69,3.02
2025-03-03 05:00:00-05:00,93.17,84.19,5.53,3.45
2025-03-03 06:00:00-05:00,140.03,116.70000000000002,18.07,5.26
2025-03-03 07:00:00-05:00,157.82,131.3,20.48,6.04
2025-03-03 08:00:00-05:00,132.9,99.14,28.81,4.95
2025-03-03 09:00:00-05:00,100.6,78.36999999999999,17.37,4.86
2025-03-03 10:00:00-05:00,105.51,73.22,28.12,4.17
2025-03-03 11:00:00-05:00,88.58,67.16,17.25,4.17
2025-03-03 12:00:00-05:00,91.83,64.32000000000001,23.52,3.99
2025-03-03 13:00:00-05:00,89.08,62.98,22.38,3.72
2025-03-03 14:00:00-05:00,74.9,63.25,7.86,3.79
2025-03-03 15:00:00-05:00,87.92,68.16,15.81,3.95
2025-03-03 16:00:00-05:00,102.15,80.80000000000001,16.83,4.52
2025-03-03 17:00:00-05:00,136.1,105.08,24.82,6.2
2025-03-03 18:00:00-05:00,154.14,118.53999999999998,28.49,7.11
2025-03-03 19:00:00-05:00,134.5,98.88,29.29,6.33
2025-03-03 20:00:00-05:00,122.84,92.06,25.26,5.52
2025-03-03 21:00:00-05:00,106.63,81.82,20.23,4.58
2025-03-03 22:00:00-05:00,90.34,76.61,9.67,4.06
2025-03-03 23:00:00-05:00,83.23,70.74000000000001,8.74,3.75
2025-03-04 00:00:00-05:00,73.0,61.82,8.4,2.78
2025-03-04 01:00:00-05:00,66.45,62.95,0.6,2.9
2025-03-04 02:00:00-05:00,63.34,60.55,-0.0,2.79
2025-03-04 03:00:00-05:00,62.18,59.62,-0.0,2.56
2025-03-04 04:00:00-05:00,63.56,60.14,0.78,2.64
2025-03-04 05:00:00-05:00,68.0,58.53000000000001,7.01,2.46
2025-03-04 06:00:00-05:00,98.56,86.37,7.1,5.09
2025-03-04 07:00:00-05:00,103.05,86.62,10.71,5.72
2025-03-04 08:00:00-05:00,89.64,72.82000000000001,12.74,4.08
2025-03-04 09:00:00-05:00,81.73,68.6,9.15,3.98
2025-03-04 10:00:00-05:00,68.75,51.3,14.63,2.82
2025-03-04 11:00:00-05:00,66.51,49.190000000000005,14.72,2.6
2025-03-04 12:00:00-05:00,53.43,47.64,3.22,2.57
2025-03-04 13:00:00-05:00,60.29,46.629999999999995,11.14,2.52
2025-03-04 14:00:00-05:00,52.19,46.99,2.62,2.58
2025-03-04 15:00:00-05:00,58.8,49.58,6.54,2.68
2025-03-04 16:00:00-05:00,66.34,55.400000000000006,7.9,3.04
2025-03-04 17:00:00-05:00,105.21,67.70999999999998,33.85,3.65
2025-03-04 18:00:00-05:00,115.0,77.42999999999999,33.39,4.18
2025-03-04 19:00:00-05:00,100.74,68.16,29.04,3.54
2025-03-04 20:00:00-05:00,87.05,61.0,22.88,3.17
2025-03-04 21:00:00-05:00,76.0,55.010000000000005,18.19,2.8
2025-03-04 22:00:00-05:00,54.14,49.55,1.87,2.72
2025-03-04 23:00:00-05:00,51.36,46.57,2.32,2.47
2025-03-05 00:00:00-05:00,42.54,38.41,2.25,1.88
2025-03-05 01:00:00-05:00,41.47,37.79,2.17,1.51
2025-03-05 02:00:00-05:00,40.17,36.23,2.38,1.56
2025-03-05 03:00:00-05:00,39.8,35.779999999999994,2.45,1.57
2025-03-05 04:00:00-05:00,39.99,35.93000000000001,2.41,1.65
2025-03-05 05:00:00-05:00,41.38,37.690000000000005,2.18,1.51
2025-03-05 06:00:00-05:00,48.42,44.82,1.27,2.33
2025-03-05 07:00:00-05:00,51.2,47.25000000000001,1.12,2.83
2025-03-05 08:00:00-05:00,51.87,47.81999999999999,1.03,3.02
2025-03-05 09:00:00-05:00,52.07,47.81,1.11,3.15
2025-03-05 10:00:00-05:00,52.05,48.01,1.01,3.03
2025-03-05 11:00:00-05:00,50.52,46.190000000000005,1.24,3.09
2025-03-05 12:00:00-05:00,48.46,43.86,1.58,3.02
2025-03-05 13:00:00-05:00,47.78,43.16,1.68,2.94
2025-03-05 14:00:00-05:00,46.81,42.09,1.82,2.9
2025-03-05 15:00:00-05:00,47.81,42.84,1.76,3.21
2025-03-05 16:00:00-05:00,49.92,44.96,1.59,3.37
2025-03-05 17:00:00-05:00,56.13,51.43,0.79,3.91
2025-03-05 18:00:00-05:00,60.11,55.3,0.78,4.03
2025-03-05 19:00:00-05:00,54.1,49.29,1.21,3.6
2025-03-05 20:00:00-05:00,49.62,44.55,1.82,3.25
2025-03-05 21:00:00-05:00,44.6,39.59,2.47,2.54
2025-03-05 22:00:00-05:00,42.69,37.809999999999995,2.57,2.31
2025-03-05 23:00:00-05:00,41.61,37.18,2.27,2.16
2025-03-06 00:00:00-05:00,45.14,40.53,2.34,2.27
2025-03-06 01:00:00-05:00,43.84,39.220000000000006,2.43,2.19
2025-03-06 02:00:00-05:00,38.56,36.53,0.02,2.01
2025-03-06 03:00:00-05:00,36.26,34.47,-0.0,1.79
2025-03-06 04:00:00-05:00,38.8,36.919999999999995,-0.0,1.88
2025-03-06 05:00:00-05:00,44.51,40.19,2.31,2.01
2025-03-06 06:00:00-05:00,48.28,44.17,1.42,2.69
2025-03-06 07:00:00-05:00,51.65,47.16,1.57,2.92
2025-03-06 08:00:00-05:00,48.95,44.150000000000006,1.97,2.83
2025-03-06 09:00:00-05:00,46.64,41.26,2.45,2.93
2025-03-06 10:00:00-05:00,46.34,41.23,2.27,2.84
2025-03-06 11:00:00-05:00,44.84,39.63,2.51,2.7
2025-03-06 12:00:00-05:00,44.12,38.8,2.64,2.68
2025-03-06 13:00:00-05:00,45.03,39.43,2.88,2.72
2025-03-06 14:00:00-05:00,44.1,38.76,2.67,2.67
2025-03-06 15:00:00-05:00,47.07,40.989999999999995,2.88,3.2
2025-03-06 16:00:00-05:00,49.62,43.72,2.58,3.32
2025-03-06 17:00:00-05:00,58.23,52.349999999999994,1.95,3.93
2025-03-06 18:00:00-05:00,85.89,60.12,21.32,4.45
2025-03-06 19:00:00-05:00,57.41,52.29,1.25,3.87
2025-03-06 20:00:00-05:00,54.95,49.71000000000001,1.66,3.58
2025-03-06 21:00:00-05:00,51.4,45.809999999999995,2.2,3.39
2025-03-06 22:00:00-05:00,48.51,42.73,2.57,3.21
2025-03-06 23:00:00-05:00,46.92,41.5,2.52,2.9
2025-03-07 00:00:00-05:00,48.78,43.67,2.05,3.06
2025-03-07 01:00:00-05:00,46.06,40.84,2.36,2.86
2025-03-07 02:00:00-05:00,46.17,41.08,2.34,2.75
2025-03-07 03:00:00-05:00,46.04,41.1,2.23,2.71
2025-03-07 04:00:00-05:00,47.22,42.349999999999994,2.03,2.84
2025-03-07 05:00:00-05:00,51.42,46.79,1.63,3.0
2025-03-07 06:00:00-05:00,66.29,62.010000000000005,-0.0,4.28
2025-03-07 07:00:00-05:00,68.28,63.6,0.04,4.64
2025-03-07 08:00:00-05:00,57.53,52.39,1.11,4.03
2025-03-07 09:00:00-05:00,49.23,42.95,2.5,3.78
2025-03-07 10:00:00-05:00,47.4,41.08,2.95,3.37
2025-03-07 11:00:00-05:00,45.08,37.97,4.0,3.11
2025-03-07 12:00:00-05:00,44.73,37.67,4.08,2.98
2025-03-07 13:00:00-05:00,44.49,37.27,4.24,2.98
2025-03-07 14:00:00-05:00,44.33,37.34,4.08,2.91
2025-03-07 15:00:00-05:00,46.39,40.13,3.21,3.05
2025-03-07 16:00:00-05:00,52.69,46.81,2.23,3.65
2025-03-07 17:00:00-05:00,72.0,60.75,6.75,4.5
2025-03-07 18:00:00-05:00,79.59,69.81,4.89,4.89
2025-03-07 19:00:00-05:00,75.01,63.459999999999994,7.23,4.32
2025-03-07 20:00:00-05:00,68.24,57.22999999999999,7.23,3.78
2025-03-07 21:00:00-05:00,57.28,52.12,1.67,3.49
2025-03-07 22:00:00-05:00,52.59,47.49,2.2,2.9
2025-03-07 23:00:00-05:00,50.08,45.47,2.2,2.41
2025-03-08 00:00:00-05:00,50.68,45.620000000000005,2.23,2.83
2025-03-08 01:00:00-05:00,47.72,43.49,1.97,2.26
2025-03-08 02:00:00-05:00,45.24,40.78,2.26,2.2
2025-03-08 03:00:00-05:00,45.0,40.48,2.3,2.22
2025-03-08 04:00:00-05:00,45.18,40.669999999999995,2.27,2.24
2025-03-08 05:00:00-05:00,47.52,43.440000000000005,1.87,2.21
2025-03-08 06:00:00-05:00,54.06,48.11,3.45,2.5
2025-03-08 07:00:00-05:00,52.65,48.459999999999994,1.28,2.91
2025-03-08 08:00:00-05:00,48.31,43.35000000000001,2.23,2.73
2025-03-08 09:00:00-05:00,43.62,38.28999999999999,2.84,2.49
2025-03-08 10:00:00-05:00,42.62,37.17999999999999,3.02,2.42
2025-03-08 11:00:00-05:00,41.83,36.35,3.15,2.33
2025-03-08 12:00:00-05:00,40.19,34.41,3.44,2.34
2025-03-08 13:00:00-05:00,39.26,33.24,3.76,2.26
2025-03-08 14:00:00-05:00,39.64,33.839999999999996,3.53,2.27
2025-03-08 15:00:00-05:00,43.0,37.43,3.14,2.43
2025-03-08 16:00:00-05:00,47.54,41.7,2.88,2.96
2025-03-08 17:00:00-05:00,57.41,50.279999999999994,3.56,3.57
2025-03-08 18:00:00-05:00,69.2,62.33000000000001,2.69,4.18
2025-03-08 19:00:00-05:00,64.28,58.04,2.29,3.95
2025-03-08 20:00:00-05:00,58.78,51.82,3.43,3.53
2025-03-08 21:00:00-05:00,56.11,49.79,3.04,3.28
2025-03-08 22:00:00-05:00,52.03,45.76,3.39,2.88
2025-03-08 23:00:00-05:00,49.54,44.8,2.01,2.73
2025-03-09 00:00:00-05:00,57.29,54.47,0.31,2.51
2025-03-09 01:00:00-05:00,53.07,50.12,0.89,2.06
2025-03-09 03:00:00-04:00,51.49,48.21000000000001,1.16,2.12
2025-03-09 04:00:00-04:00,50.19,46.65,1.25,2.29
2025-03-09 05:00:00-04:00,51.04,47.69,1.11,2.24
2025-03-09 06:00:00-04:00,57.69,54.63999999999999,0.1,2.95
2025-03-09 07:00:00-04:00,55.56,51.82,0.68,3.06
2025-03-09 08:00:00-04:00,52.44,48.36,1.37,2.71
2025-03-09 09:00:00-04:00,48.55,44.04,2.04,2.47
2025-03-09 10:00:00-04:00,45.25,40.489999999999995,2.49,2.27
2025-03-09 11:00:00-04:00,44.69,40.08,2.49,2.12
2025-03-09 12:00:00-04:00,44.36,39.71,2.55,2.1
2025-03-09 13:00:00-04:00,43.07,38.16,2.77,2.14
2025-03-09 14:00:00-04:00,42.78,37.66,2.67,2.45
2025-03-09 15:00:00-04:00,42.38,37.08,2.74,2.56
2025-03-09 16:00:00-04:00,45.1,40.120000000000005,2.25,2.73
2025-03-09 17:00:00-04:00,53.2,48.52,1.57,3.11
2025-03-09 18:00:00-04:00,67.43,61.900000000000006,1.82,3.71
2025-03-09 19:00:00-04:00,75.27,69.31,1.8,4.16
2025-03-09 20:00:00-04:00,67.85,61.86999999999999,2.39,3.59
2025-03-09 21:00:00-04:00,58.73,54.129999999999995,0.92,3.68
2025-03-09 22:00:00-04:00,53.23,49.61,0.94,2.68
2025-03-09 23:00:00-04:00,51.34,47.70000000000001,1.16,2.48
2025-03-10 00:00:00-04:00,47.35,43.3,1.84,2.21
2025-03-10 01:00:00-04:00,44.54,40.41,2.19,1.94
2025-03-10 02:00:00-04:00,43.33,39.10999999999999,2.38,1.84
2025-03-10 03:00:00-04:00,43.2,38.970000000000006,2.4,1.83
2025-03-10 04:00:00-04:00,45.44,41.599999999999994,1.84,2.0
2025-03-10 05:00:00-04:00,50.41,47.309999999999995,1.07,2.03
2025-03-10 06:00:00-04:00,65.37,62.38,-0.0,2.99
2025-03-10 07:00:00-04:00,77.98,73.99000000000001,-0.0,3.99
2025-03-10 08:00:00-04:00,62.78,59.4,0.11,3.27
2025-03-10 09:00:00-04:00,50.12,45.01,2.01,3.1
2025-03-10 10:00:00-04:00,47.0,41.989999999999995,2.2,2.81
2025-03-10 11:00:00-04:00,44.53,39.17,2.7,2.66
2025-03-10 12:00:00-04:00,42.58,37.15,2.72,2.71
2025-03-10 13:00:00-04:00,41.68,35.88,3.33,2.47
2025-03-10 14:00:00-04:00,41.07,35.440000000000005,3.33,2.3
2025-03-10 15:00:00-04:00,42.15,36.49999999999999,2.99,2.66
2025-03-10 16:00:00-04:00,45.19,39.68,2.65,2.86
2025-03-10 17:00:00-04:00,60.68,50.14,7.33,3.21
2025-03-10 18:00:00-04:00,71.31,67.91,0.01,3.39
2025-03-10 19:00:00-04:00,84.12,74.97,5.03,4.12
2025-03-10 20:00:00-04:00,68.13,64.16999999999999,0.43,3.53
2025-03-10 21:00:00-04:00,57.84,53.870000000000005,0.9,3.07
2025-03-10 22:00:00-04:00,51.54,46.67,2.07,2.8
2025-03-10 23:00:00-04:00,46.82,41.830000000000005,2.44,2.55
2025-03-11 00:00:00-04:00,43.09,37.96000000000001,2.66,2.47
2025-03-11 01:00:00-04:00,41.71,36.559999999999995,2.77,2.38
2025-03-11 02:00:00-04:00,39.37,34.04,3.15,2.18
2025-03-11 03:00:00-04:00,35.0,31.76,1.11,2.13
2025-03-11 04:00:00-04:00,35.48,33.23,0.02,2.23
2025-03-11 05:00:00-04:00,42.13,37.33,2.38,2.42
2025-03-11 06:00:00-04:00,61.36,52.89,4.87,3.6
2025-03-11 07:00:00-04:00,76.07,69.61,1.72,4.74
2025-03-11 08:00:00-04:00,56.47,51.46,1.26,3.75
2025-03-11 09:00:00-04:00,44.66,38.77,2.86,3.03
2025-03-11 10:00:00-04:00,42.83,33.39,6.9,2.54
2025-03-11 11:00:00-04:00,38.87,24.06,12.98,1.83
2025-03-11 12:00:00-04:00,36.95,21.97000000000001,13.25,1.73
2025-03-11 13:00:00-04:00,35.99,21.61,12.74,1.64
2025-03-11 14:00:00-04:00,36.37,21.589999999999996,13.14,1.64
2025-03-11 15:00:00-04:00,38.56,22.19,14.66,1.71
2025-03-11 16:00:00-04:00,42.79,25.410000000000004,15.47,1.91
2025-03-11 17:00:00-04:00,53.71,38.66,11.92,3.13
2025-03-11 18:00:00-04:00,67.15,53.11,9.95,4.09
2025-03-11 19:00:00-04:00,77.91,65.4,7.93,4.58
2025-03-11 20:00:00-04:00,73.1,60.30999999999999,8.81,3.98
2025-03-11 21:00:00-04:00,53.27,48.260000000000005,1.97,3.04
2025-03-11 22:00:00-04:00,48.3,42.67,2.94,2.69
2025-03-11 23:00:00-04:00,44.95,39.48,3.22,2.25
2025-03-12 00:00:00-04:00,39.67,38.04,-0.0,1.63
2025-03-12 01:00:00-04:00,41.0,36.900000000000006,2.59,1.51
2025-03-12 02:00:00-04:00,36.56,35.260000000000005,-0.0,1.3
2025-03-12 03:00:00-04:00,36.38,35.150000000000006,-0.0,1.23
2025-03-12 04:00:00-04:00,37.52,36.43,-0.0,1.09
2025-03-12 05:00:00-04:00,45.07,43.71,-0.0,1.36
2025-03-12 06:00:00-04:00,65.19,63.11,-0.0,2.08
2025-03-12 07:00:00-04:00,81.24,78.27,-0.0,2.97
2025-03-12 08:00:00-04:00,65.13,62.74999999999999,-0.0,2.38
2025-03-12 09:00:00-04:00,45.24,41.36,1.85,2.03
2025-03-12 10:00:00-04:00,44.85,41.13,1.91,1.81
2025-03-12 11:00:00-04:00,42.42,38.46,2.27,1.69
2025-03-12 12:00:00-04:00,40.37,36.14,2.57,1.66
2025-03-12 13:00:00-04:00,40.03,35.760000000000005,2.62,1.65
2025-03-12 14:00:00-04:00,39.42,35.0,2.71,1.71
2025-03-12 15:00:00-04:00,42.31,38.27,2.4,1.64
2025-03-12 16:00:00-04:00,48.56,44.5,1.79,2.27
2025-03-12 17:00:00-04:00,55.83,52.27,0.9,2.66
2025-03-12 18:00:00-04:00,69.13,66.33999999999999,-0.0,2.79
2025-03-12 19:00:00-04:00,75.66,72.13,-0.0,3.53
2025-03-12 20:00:00-04:00,66.19,63.22,-0.0,2.97
2025-03-12 21:00:00-04:00,56.03,52.5,0.96,2.57
2025-03-12 22:00:00-04:00,49.61,45.64,1.6,2.37
2025-03-12 23:00:00-04:00,46.32,42.41,1.87,2.04
2025-03-13 00:00:00-04:00,47.68,44.24,1.4,2.04
2025-03-13 01:00:00-04:00,44.7,41.23,1.78,1.69
2025-03-13 02:00:00-04:00,40.29,38.78,-0.0,1.51
2025-03-13 03:00:00-04:00,40.06,38.56,-0.0,1.5
2025-03-13 04:00:00-04:00,40.37,38.86,-0.0,1.51
2025-03-13 05:00:00-04:00,48.13,45.07,1.21,1.85
2025-03-13 06:00:00-04:00,60.57,58.24,-0.0,2.33
2025-03-13 07:00:00-04:00,84.54,80.52000000000001,-0.0,4.02
2025-03-13 08:00:00-04:00,67.69,64.59,-0.0,3.1
2025-03-13 09:00:00-04:00,55.85,50.32000000000001,2.91,2.62
2025-03-13 10:00:00-04:00,54.26,46.88,4.9,2.48
2025-03-13 11:00:00-04:00,52.37,41.870000000000005,8.16,2.34
2025-03-13 12:00:00-04:00,48.63,40.010000000000005,6.34,2.28
2025-03-13 13:00:00-04:00,46.73,38.379999999999995,6.24,2.11
2025-03-13 14:00:00-04:00,46.67,37.64,6.92,2.11
2025-03-13 15:00:00-04:00,48.05,38.849999999999994,6.95,2.25
2025-03-13 16:00:00-04:00,48.21,44.02,1.42,2.77
2025-03-13 17:00:00-04:00,56.5,52.53,0.76,3.21
2025-03-13 18:00:00-04:00,67.49,63.96999999999999,-0.0,3.52
2025-03-13 19:00:00-04:00,80.65,76.30000000000001,-0.0,4.35
2025-03-13 20:00:00-04:00,65.15,62.05,-0.0,3.1
2025-03-13 21:00:00-04:00,54.92,51.43000000000001,0.87,2.62
2025-03-13 22:00:00-04:00,48.73,44.76,1.47,2.5
2025-03-13 23:00:00-04:00,44.98,40.96999999999999,1.84,2.17
2025-03-14 00:00:00-04:00,41.92,37.88,2.22,1.82
2025-03-14 01:00:00-04:00,40.53,36.37,2.45,1.71
2025-03-14 02:00:00-04:00,38.07,34.489999999999995,2.06,1.52
2025-03-14 03:00:00-04:00,38.78,34.48,2.71,1.59
2025-03-14 04:00:00-04:00,40.2,36.00000000000001,2.51,1.69
2025-03-14 05:00:00-04:00,44.31,40.56,1.76,1.99
2025-03-14 06:00:00-04:00,55.58,52.74999999999999,0.09,2.74
2025-03-14 07:00:00-04:00,68.55,64.98,-0.0,3.57
2025-03-14 08:00:00-04:00,59.2,55.11,0.34,3.75
2025-03-14 09:00:00-04:00,47.95,43.38,1.54,3.03
2025-03-14 10:00:00-04:00,43.69,38.45,2.43,2.81
2025-03-14 11:00:00-04:00,41.77,35.27,4.07,2.43
2025-03-14 12:00:00-04:00,39.5,33.53,3.66,2.31
2025-03-14 13:00:00-04:00,39.0,32.5,4.26,2.24
2025-03-14 14:00:00-04:00,39.0,30.91,5.84,2.25
2025-03-14 15:00:00-04:00,38.38,31.05,5.06,2.27
2025-03-14 16:00:00-04:00,40.97,34.35,4.18,2.44
2025-03-14 17:00:00-04:00,48.75,39.260000000000005,6.59,2.9
2025-03-14 18:00:00-04:00,58.51,48.1,6.8,3.61
2025-03-14 19:00:00-04:00,64.76,54.830000000000005,5.82,4.11
2025-03-14 20:00:00-04:00,52.19,47.36,1.33,3.5
2025-03-14 21:00:00-04:00,46.37,40.96,2.3,3.11
2025-03-14 22:00:00-04:00,42.77,37.55,2.66,2.56
2025-03-14 23:00:00-04:00,40.58,35.55,2.58,2.45
2025-03-15 00:00:00-04:00,39.05,34.489999999999995,2.39,2.17
2025-03-15 01:00:00-04:00,36.41,31.43,2.97,2.01
2025-03-15 02:00:00-04:00,34.0,28.72,3.47,1.81
2025-03-15 03:00:00-04:00,32.14,28.85,1.47,1.82
2025-03-15 04:00:00-04:00,33.54,29.81,1.85,1.88
2025-03-15 05:00:00-04:00,38.49,31.31,5.17,2.01
2025-03-15 06:00:00-04:00,43.98,33.61,8.15,2.22
2025-03-15 07:00:00-04:00,47.81,33.63,11.96,2.22
2025-03-15 08:00:00-04:00,47.04,37.3,7.02,2.72
2025-03-15 09:00:00-04:00,43.23,38.09,2.25,2.89
2025-03-15 10:00:00-04:00,41.49,36.03,2.79,2.67
2025-03-15 11:00:00-04:00,39.57,34.04,3.18,2.35
2025-03-15 12:00:00-04:00,36.7,30.500000000000004,3.94,2.26
2025-03-15 13:00:00-04:00,36.81,29.090000000000003,5.51,2.21
2025-03-15 14:00:00-04:00,35.94,27.91,5.88,2.15
2025-03-15 15:00:00-04:00,37.33,26.9,8.31,2.12
2025-03-15 16:00:00-04:00,38.0,31.8,3.88,2.32
2025-03-15 17:00:00-04:00,43.12,35.589999999999996,4.61,2.92
2025-03-15 18:00:00-04:00,50.2,40.09,6.94,3.17
2025-03-15 19:00:00-04:00,64.58,43.05,18.04,3.49
2025-03-15 20:00:00-04:00,49.13,41.14,4.78,3.21
2025-03-15 21:00:00-04:00,40.76,34.949999999999996,3.15,2.66
2025-03-15 22:00:00-04:00,38.54,26.15,10.45,1.94
2025-03-15 23:00:00-04:00,36.84,27.99000000000001,6.81,2.04
2025-03-16 00:00:00-04:00,33.54,23.94,8.05,1.55
2025-03-16 01:00:00-04:00,30.0,21.23,7.37,1.4
2025-03-16 02:00:00-04:00,26.75,21.85,3.46,1.44
2025-03-16 03:00:00-04:00,26.59,19.99,5.3,1.3
2025-03-16 04:00:00-04:00,27.22,20.76,5.11,1.35
2025-03-16 05:00:00-04:00,26.96,20.21,5.38,1.37
2025-03-16 06:00:00-04:00,34.03,19.47,13.31,1.25
2025-03-16 07:00:00-04:00,36.7,20.16,15.09,1.45
2025-03-16 08:00:00-04:00,39.54,21.110000000000003,17.06,1.37
2025-03-16 09:00:00-04:00,36.67,24.4,10.64,1.63
2025-03-16 10:00:00-04:00,39.11,28.000000000000004,9.2,1.91
2025-03-16 11:00:00-04:00,37.23,27.21,7.9,2.12
2025-03-16 12:00:00-04:00,37.58,27.519999999999996,7.97,2.09
2025-03-16 13:00:00-04:00,36.86,26.130000000000003,8.93,1.8
2025-03-16 14:00:00-04:00,36.74,25.76,9.02,1.96
2025-03-16 15:00:00-04:00,36.9,28.83,5.76,2.31
2025-03-16 16:00:00-04:00,40.6,33.93,3.96,2.71
2025-03-16 17:00:00-04:00,43.78,33.82,7.42,2.54
2025-03-16 18:00:00-04:00,46.8,42.17999999999999,1.2,3.42
2025-03-16 19:00:00-04:00,51.67,48.13,0.03,3.51
2025-03-16 20:00:00-04:00,47.5,43.309999999999995,0.85,3.34
2025-03-16 21:00:00-04:00,40.19,35.92999999999999,1.56,2.7
2025-03-16 22:00:00-04:00,36.1,31.85,2.18,2.07
2025-03-16 23:00:00-04:00,34.35,30.34,2.31,1.7
2025-03-17 00:00:00-04:00,38.03,34.86,1.77,1.4
2025-03-17 01:00:00-04:00,33.39,32.230000000000004,-0.0,1.16
2025-03-17 02:00:00-04:00,32.22,31.04,-0.0,1.18
2025-03-17 03:00:00-04:00,30.99,29.909999999999997,-0.0,1.08
2025-03-17 04:00:00-04:00,31.28,30.25,-0.0,1.03
2025-03-17 05:00:00-04:00,35.58,34.309999999999995,-0.0,1.27
2025-03-17 06:00:00-04:00,45.0,42.190000000000005,0.58,2.23
2025-03-17 07:00:00-04:00,58.01,55.14,-0.0,2.87
2025-03-17 08:00:00-04:00,54.59,51.75,-0.0,2.84
2025-03-17 09:00:00-04:00,51.09,47.75,0.28,3.06
2025-03-17 10:00:00-04:00,49.55,45.99999999999999,0.52,3.03
2025-03-17 11:00:00-04:00,48.57,43.760000000000005,1.66,3.15
2025-03-17 12:00:00-04:00,47.59,41.650000000000006,2.98,2.96
2025-03-17 13:00:00-04:00,46.29,40.14,3.26,2.89
2025-03-17 14:00:00-04:00,44.72,37.65,4.36,2.71
2025-03-17 15:00:00-04:00,48.8,38.879999999999995,7.04,2.88
2025-03-17 16:00:00-04:00,49.6,39.64,6.91,3.05
2025-03-17 17:00:00-04:00,57.1,49.66,3.96,3.48
2025-03-17 18:00:00-04:00,63.32,55.84,4.24,3.24
2025-03-17 19:00:00-04:00,70.8,64.3,2.84,3.66
2025-03-17 20:00:00-04:00,63.47,56.11,4.22,3.14
2025-03-17 21:00:00-04:00,49.92,46.48,0.6,2.84
2025-03-17 22:00:00-04:00,45.11,41.27,1.32,2.52
2025-03-17 23:00:00-04:00,40.87,37.61,1.72,1.54
2025-03-18 00:00:00-04:00,41.87,39.02,1.25,1.6
2025-03-18 01:00:00-04:00,39.54,36.559999999999995,1.56,1.42
2025-03-18 02:00:00-04:00,37.63,34.52,1.9,1.21
2025-03-18 03:00:00-04:00,37.28,34.06,1.96,1.26
2025-03-18 04:00:00-04:00,38.2,34.970000000000006,1.8,1.43
2025-03-18 05:00:00-04:00,42.39,39.46,1.11,1.82
2025-03-18 06:00:00-04:00,58.09,55.38,-0.0,2.71
2025-03-18 07:00:00-04:00,72.89,68.83,-0.0,4.06
2025-03-18 08:00:00-04:00,54.63,51.34,0.11,3.18
2025-03-18 09:00:00-04:00,44.25,37.0,4.81,2.44
2025-03-18 10:00:00-04:00,40.97,32.86,5.88,2.23
2025-03-18 11:00:00-04:00,39.06,29.06,7.94,2.06
2025-03-18 12:00:00-04:00,37.82,27.200000000000003,8.69,1.93
2025-03-18 13:00:00-04:00,37.04,26.300000000000004,8.87,1.87
2025-03-18 14:00:00-04:00,37.12,25.839999999999996,9.39,1.89
2025-03-18 15:00:00-04:00,38.88,28.700000000000003,8.14,2.04
2025-03-18 16:00:00-04:00,40.67,31.51,6.92,2.24
2025-03-18 17:00:00-04:00,47.91,38.06,7.23,2.62
2025-03-18 18:00:00-04:00,56.61,47.49,6.08,3.04
2025-03-18 19:00:00-04:00,65.6,58.19,3.98,3.43
2025-03-18 20:00:00-04:00,59.83,50.97,5.65,3.21
2025-03-18 21:00:00-04:00,45.57,41.059999999999995,1.88,2.63
2025-03-18 22:00:00-04:00,42.46,37.67,2.42,2.37
2025-03-18 23:00:00-04:00,39.32,35.21,2.18,1.93
2025-03-19 00:00:00-04:00,38.49,34.550000000000004,2.14,1.8
2025-03-19 01:00:00-04:00,34.39,32.69,-0.0,1.7
2025-03-19 02:00:00-04:00,34.0,31.700000000000003,0.72,1.58
2025-03-19 03:00:00-04:00,33.61,31.98,-0.0,1.63
2025-03-19 04:00:00-04:00,34.35,32.68,-0.0,1.67
2025-03-19 05:00:00-04:00,38.47,34.04,2.22,2.21
2025-03-19 06:00:00-04:00,54.47,51.34,-0.0,3.13
2025-03-19 07:00:00-04:00,64.5,60.62,-0.0,3.88
2025-03-19 08:00:00-04:00,51.3,47.21,0.79,3.3
2025-03-19 09:00:00-04:00,44.17,34.63,7.05,2.49
2025-03-19 10:00:00-04:00,37.37,31.979999999999997,3.28,2.11
2025-03-19 11:00:00-04:00,35.0,28.49,4.46,2.05
2025-03-19 12:00:00-04:00,35.0,27.450000000000003,5.57,1.98
2025-03-19 13:00:00-04:00,35.0,27.17,5.82,2.01
2025-03-19 14:00:00-04:00,35.0,25.99,7.06,1.95
2025-03-19 15:00:00-04:00,35.0,28.339999999999996,4.42,2.24
2025-03-19 16:00:00-04:00,37.92,31.83,3.73,2.36
2025-03-19 17:00:00-04:00,45.52,36.41,5.98,3.13
2025-03-19 18:00:00-04:00,52.67,47.15,1.52,4.0
2025-03-19 19:00:00-04:00,57.8,53.029999999999994,0.27,4.5
2025-03-19 20:00:00-04:00,53.23,48.379999999999995,0.84,4.01
2025-03-19 21:00:00-04:00,42.75,37.58,2.09,3.08
2025-03-19 22:00:00-04:00,38.88,33.85,2.32,2.71
2025-03-19 23:00:00-04:00,36.48,31.43,2.72,2.33
2025-03-20 00:00:00-04:00,37.98,33.78999999999999,2.16,2.03
2025-03-20 01:00:00-04:00,33.8,31.799999999999997,-0.0,2.0
2025-03-20 02:00:00-04:00,32.73,30.859999999999996,0.02,1.85
2025-03-20 03:00:00-04:00,31.87,30.02,0.02,1.83
2025-03-20 04:00:00-04:00,32.03,30.25,-0.0,1.78
2025-03-20 05:00:00-04:00,37.6,33.540000000000006,2.12,1.94
2025-03-20 06:00:00-04:00,52.65,49.02,-0.0,3.63
2025-03-20 07:00:00-04:00,59.34,56.31,-1.42,4.45
2025-03-20 08:00:00-04:00,54.54,51.36,-0.62,3.8
2025-03-20 09:00:00-04:00,50.11,44.059999999999995,2.7,3.35
2025-03-20 10:00:00-04:00,49.36,42.93,3.21,3.22
2025-03-20 11:00:00-04:00,47.41,39.349999999999994,5.03,3.03
2025-03-20 12:00:00-04:00,46.96,38.53,5.46,2.97
2025-03-20 13:00:00-04:00,46.16,36.99999999999999,6.31,2.85
2025-03-20 14:00:00-04:00,45.92,36.57,6.46,2.89
2025-03-20 15:00:00-04:00,48.09,39.86000000000001,5.04,3.19
2025-03-20 16:00:00-04:00,48.78,41.39,4.2,3.19
2025-03-20 17:00:00-04:00,51.81,46.81,1.58,3.42
2025-03-20 18:00:00-04:00,60.22,51.59,5.12,3.51
2025-03-20 19:00:00-04:00,67.1,61.07999999999999,1.93,4.09
2025-03-20 20:00:00-04:00,58.32,55.55,-0.79,3.56
2025-03-20 21:00:00-04:00,50.12,45.9,1.24,2.98
2025-03-20 22:00:00-04:00,44.7,40.08,2.17,2.45
2025-03-20 23:00:00-04:00,40.66,36.919999999999995,1.82,1.92
2025-03-21 00:00:00-04:00,41.16,37.47,2.0,1.69
2025-03-21 01:00:00-04:00,39.14,35.32,2.23,1.59
2025-03-21 02:00:00-04:00,38.11,34.21,2.4,1.5
2025-03-21 03:00:00-04:00,38.05,34.14,2.41,1.5
2025-03-21 04:00:00-04:00,36.35,34.14,0.57,1.64
2025-03-21 05:00:00-04:00,42.0,38.11,1.95,1.94
2025-03-21 06:00:00-04:00,53.83,52.53,-1.59,2.89
2025-03-21 07:00:00-04:00,64.08,63.09,-2.67,3.66
2025-03-21 08:00:00-04:00,57.23,55.72,-1.95,3.46
2025-03-21 09:00:00-04:00,51.1,45.07,2.92,3.11
2025-03-21 10:00:00-04:00,46.7,37.720000000000006,6.26,2.72
2025-03-21 11:00:00-04:00,44.56,34.67,7.32,2.57
2025-03-21 12:00:00-04:00,43.0,31.96,8.68,2.36
2025-03-21 13:00:00-04:00,42.61,30.54,9.78,2.29
2025-03-21 14:00:00-04:00,39.33,29.519999999999996,7.36,2.45
2025-03-21 15:00:00-04:00,38.15,30.130000000000003,5.58,2.44
2025-03-21 16:00:00-04:00,41.94,32.14,7.29,2.51
2025-03-21 17:00:00-04:00,50.64,38.17,9.61,2.86
2025-03-21 18:00:00-04:00,59.33,49.31999999999999,6.31,3.7
2025-03-21 19:00:00-04:00,65.38,55.72,5.04,4.62
2025-03-21 20:00:00-04:00,60.72,51.2,5.83,3.69
2025-03-21 21:00:00-04:00,50.04,45.190000000000005,1.91,2.94
2025-03-21 22:00:00-04:00,44.31,39.49,2.33,2.49
2025-03-21 23:00:00-04:00,41.15,36.54,2.42,2.19
2025-03-22 00:00:00-04:00,39.24,34.86,2.64,1.74
2025-03-22 01:00:00-04:00,37.96,33.260000000000005,2.87,1.83
2025-03-22 02:00:00-04:00,36.6,31.910000000000004,3.0,1.69
2025-03-22 03:00:00-04:00,35.61,30.770000000000003,3.18,1.66
2025-03-22 04:00:00-04:00,35.55,30.629999999999995,3.21,1.71
2025-03-22 05:00:00-04:00,38.23,33.62,2.83,1.78
2025-03-22 06:00:00-04:00,44.42,40.55,1.72,2.15
2025-03-22 07:00:00-04:00,49.62,45.87,0.95,2.8
2025-03-22 08:00:00-04:00,45.65,40.83,2.41,2.41
2025-03-22 09:00:00-04:00,39.14,34.23,2.82,2.09
2025-03-22 10:00:00-04:00,37.47,31.73,3.87,1.87
2025-03-22 11:00:00-04:00,37.54,31.64,4.03,1.87
2025-03-22 12:00:00-04:00,35.83,29.659999999999997,4.42,1.75
2025-03-22 13:00:00-04:00,35.0,28.15,5.13,1.72
2025-03-22 14:00:00-04:00,34.3,27.34999999999999,5.28,1.67
2025-03-22 15:00:00-04:00,35.91,29.479999999999993,4.69,1.74
2025-03-22 16:00:00-04:00,38.19,32.16,4.13,1.9
2025-03-22 17:00:00-04:00,42.19,36.27,3.67,2.25
2025-03-22 18:00:00-04:00,49.42,44.23,2.18,3.01
2025-03-22 19:00:00-04:00,54.87,50.18,1.48,3.21
2025-03-22 20:00:00-04:00,53.46,49.26,1.24,2.96
2025-03-22 21:00:00-04:00,47.13,42.13,2.52,2.48
2025-03-22 22:00:00-04:00,41.94,37.66,2.32,1.96
2025-03-22 23:00:00-04:00,40.49,36.4,2.42,1.67
2025-03-23 00:00:00-04:00,41.85,37.85,2.22,1.78
2025-03-23 01:00:00-04:00,39.26,35.14,2.75,1.37
2025-03-23 02:00:00-04:00,38.64,34.7,2.62,1.32
2025-03-23 03:00:00-04:00,38.93,34.99,2.61,1.33
2025-03-23 04:00:00-04:00,39.52,35.88,2.38,1.26
2025-03-23 05:00:00-04:00,40.93,37.33,2.26,1.34
2025-03-23 06:00:00-04:00,47.56,44.34,1.27,1.95
2025-03-23 07:00:00-04:00,52.78,49.59,0.91,2.28
2025-03-23 08:00:00-04:00,45.55,41.37,2.23,1.95
2025-03-23 09:00:00-04:00,39.87,35.34,2.8,1.73
2025-03-23 10:00:00-04:00,37.36,32.63,3.0,1.73
2025-03-23 11:00:00-04:00,35.42,30.39,3.33,1.7
2025-03-23 12:00:00-04:00,34.61,29.39,3.78,1.44
2025-03-23 13:00:00-04:00,34.02,28.010000000000005,4.61,1.4
2025-03-23 14:00:00-04:00,32.16,26.789999999999996,4.0,1.37
2025-03-23 15:00:00-04:00,32.33,26.88,3.97,1.48
2025-03-23 16:00:00-04:00,36.02,31.200000000000003,3.26,1.56
2025-03-23 17:00:00-04:00,46.01,41.13999999999999,2.85,2.02
2025-03-23 18:00:00-04:00,57.07,52.8,1.53,2.74
2025-03-23 19:00:00-04:00,67.0,63.620000000000005,0.01,3.37
2025-03-23 20:00:00-04:00,62.68,59.28,0.26,3.14
2025-03-23 21:00:00-04:00,52.12,48.1,1.47,2.55
2025-03-23 22:00:00-04:00,44.93,40.71,2.14,2.08
2025-03-23 23:00:00-04:00,40.89,36.7,2.5,1.69
2025-03-24 00:00:00-04:00,42.34,38.42,2.0,1.92
2025-03-24 01:00:00-04:00,41.04,37.01,2.11,1.92
2025-03-24 02:00:00-04:00,39.68,35.38,2.36,1.94
2025-03-24 03:00:00-04:00,37.54,34.55,1.09,1.9
2025-03-24 04:00:00-04:00,38.22,36.23,-0.0,1.99
2025-03-24 05:00:00-04:00,44.94,41.4,1.31,2.23
2025-03-24 06:00:00-04:00,55.34,51.91,-0.0,3.43
2025-03-24 07:00:00-04:00,63.4,58.98,-0.0,4.42
2025-03-24 08:00:00-04:00,58.41,54.23,0.11,4.07
2025-03-24 09:00:00-04:00,58.52,50.14,4.52,3.86
2025-03-24 10:00:00-04:00,55.42,49.99,1.58,3.85
2025-03-24 11:00:00-04:00,55.0,48.8,2.29,3.91
2025-03-24 12:00:00-04:00,55.0,44.2,7.17,3.63
2025-03-24 13:00:00-04:00,50.93,42.58,4.82,3.53
2025-03-24 14:00:00-04:00,49.92,41.23,5.43,3.26
2025-03-24 15:00:00-04:00,48.2,40.95,4.14,3.11
2025-03-24 16:00:00-04:00,50.27,41.46000000000001,5.62,3.19
2025-03-24 17:00:00-04:00,58.95,48.52,6.84,3.59
2025-03-24 18:00:00-04:00,64.03,54.39,5.78,3.86
2025-03-24 19:00:00-04:00,69.07,59.98999999999999,4.88,4.2
2025-03-24 20:00:00-04:00,64.49,55.52,5.03,3.94
2025-03-24 21:00:00-04:00,50.72,45.599999999999994,1.88,3.24
2025-03-24 22:00:00-04:00,45.54,40.54,2.04,2.96
2025-03-24 23:00:00-04:00,44.22,40.09,1.81,2.32
2025-03-25 00:00:00-04:00,43.41,39.21999999999999,1.99,2.2
2025-03-25 01:00:00-04:00,41.56,37.34,2.2,2.02
2025-03-25 02:00:00-04:00,40.09,36.02000000000001,2.34,1.73
2025-03-25 03:00:00-04:00,39.81,35.84,2.39,1.58
2025-03-25 04:00:00-04:00,40.51,36.419999999999995,2.38,1.71
2025-03-25 05:00:00-04:00,44.26,40.55,1.6,2.11
2025-03-25 06:00:00-04:00,56.99,53.56,0.11,3.32
2025-03-25 07:00:00-04:00,65.1,61.00999999999999,-0.0,4.09
2025-03-25 08:00:00-04:00,58.48,54.26,0.42,3.8
2025-03-25 09:00:00-04:00,50.22,41.19,5.86,3.17
2025-03-25 10:00:00-04:00,48.42,38.94,6.64,2.84
2025-03-25 11:00:00-04:00,47.47,37.3,7.48,2.69
2025-03-25 12:00:00-04:00,45.84,34.97,8.35,2.52
2025-03-25 13:00:00-04:00,45.41,34.96999999999999,7.99,2.45
2025-03-25 14:00:00-04:00,42.23,33.709999999999994,6.09,2.43
2025-03-25 15:00:00-04:00,45.44,34.42,8.54,2.48
2025-03-25 16:00:00-04:00,47.06,37.54,6.67,2.85
2025-03-25 17:00:00-04:00,55.13,43.8,7.78,3.55
2025-03-25 18:00:00-04:00,64.29,54.28000000000001,6.05,3.96
2025-03-25 19:00:00-04:00,72.5,63.290000000000006,4.97,4.24
2025-03-25 20:00:00-04:00,69.56,59.92,5.69,3.95
2025-03-25 21:00:00-04:00,59.12,48.489999999999995,7.52,3.11
2025-03-25 22:00:00-04:00,54.3,42.94,8.65,2.71
2025-03-25 23:00:00-04:00,44.98,40.599999999999994,2.27,2.11
2025-03-26 00:00:00-04:00,44.22,40.24999999999999,1.84,2.13
2025-03-26 01:00:00-04:00,42.55,38.85,1.91,1.79
2025-03-26 02:00:00-04:00,42.08,38.17,2.12,1.79
2025-03-26 03:00:00-04:00,41.85,38.13,2.04,1.68
2025-03-26 04:00:00-04:00,42.6,38.98,1.91,1.71
2025-03-26 05:00:00-04:00,46.05,42.48,1.53,2.04
2025-03-26 06:00:00-04:00,59.33,55.71,-0.0,3.62
2025-03-26 07:00:00-04:00,69.24,64.83,-0.0,4.41
2025-03-26 08:00:00-04:00,59.23,55.21,0.43,3.59
2025-03-26 09:00:00-04:00,50.58,42.55,4.97,3.06
2025-03-26 10:00:00-04:00,47.0,39.33,5.04,2.63
2025-03-26 11:00:00-04:00,46.56,36.36,7.73,2.47
2025-03-26 12:00:00-04:00,41.55,36.11,3.09,2.35
2025-03-26 13:00:00-04:00,46.46,36.3,7.76,2.4
2025-03-26 14:00:00-04:00,44.2,35.21,6.7,2.29
2025-03-26 15:00:00-04:00,45.07,35.56,6.98,2.53
2025-03-26 16:00:00-04:00,47.88,38.46,6.5,2.92
2025-03-26 17:00:00-04:00,53.15,45.46,4.1,3.59
2025-03-26 18:00:00-04:00,63.66,53.64999999999999,5.88,4.13
2025-03-26 19:00:00-04:00,74.32,65.48,3.99,4.85
2025-03-26 20:00:00-04:00,70.78,61.71000000000001,4.44,4.63
2025-03-26 21:00:00-04:00,58.42,53.11,1.59,3.72
2025-03-26 22:00:00-04:00,49.91,44.73,2.05,3.13
2025-03-26 23:00:00-04:00,47.13,42.89,1.71,2.53
2025-03-27 00:00:00-04:00,43.64,39.44,1.95,2.25
2025-03-27 01:00:00-04:00,42.18,37.93,2.2,2.05
2025-03-27 02:00:00-04:00,41.0,36.84,2.32,1.84
2025-03-27 03:00:00-04:00,41.79,37.79,2.19,1.81
2025-03-27 04:00:00-04:00,42.06,37.95,2.14,1.97
2025-03-27 05:00:00-04:00,46.76,42.83,1.49,2.44
2025-03-27 06:00:00-04:00,67.31,63.68,-0.0,3.63
2025-03-27 07:00:00-04:00,79.72,74.92,-0.0,4.8
2025-03-27 08:00:00-04:00,56.05,51.379999999999995,1.33,3.34
2025-03-27 09:00:00-04:00,47.15,37.68,6.83,2.64
2025-03-27 10:00:00-04:00,44.35,32.55,9.39,2.41
2025-03-27 11:00:00-04:00,41.0,31.13,7.66,2.21
2025-03-27 12:00:00-04:00,40.79,30.4,8.32,2.07
2025-03-27 13:00:00-04:00,38.04,30.21,5.68,2.15
2025-03-27 14:00:00-04:00,35.91,27.88,5.91,2.12
2025-03-27 15:00:00-04:00,36.08,27.64,6.26,2.18
2025-03-27 16:00:00-04:00,38.74,29.330000000000005,7.15,2.26
2025-03-27 17:00:00-04:00,48.1,37.45,7.47,3.18
2025-03-27 18:00:00-04:00,59.16,48.14999999999999,6.92,4.09
2025-03-27 19:00:00-04:00,69.51,59.74,4.82,4.95
2025-03-27 20:00:00-04:00,66.24,56.4,5.44,4.4
2025-03-27 21:00:00-04:00,50.57,44.870000000000005,2.11,3.59
2025-03-27 22:00:00-04:00,45.55,40.709999999999994,1.99,2.85
2025-03-27 23:00:00-04:00,41.99,37.19,2.42,2.38
2025-03-28 00:00:00-04:00,39.91,35.13999999999999,2.38,2.39
2025-03-28 01:00:00-04:00,38.84,34.400000000000006,2.34,2.1
2025-03-28 02:00:00-04:00,37.86,33.58,2.4,1.88
2025-03-28 03:00:00-04:00,37.65,33.27,2.55,1.83
2025-03-28 04:00:00-04:00,38.0,33.559999999999995,2.6,1.84
2025-03-28 05:00:00-04:00,42.69,38.89999999999999,1.77,2.02
2025-03-28 06:00:00-04:00,57.32,54.23,-0.0,3.09
2025-03-28 07:00:00-04:00,70.9,66.76,-0.0,4.14
2025-03-28 08:00:00-04:00,55.58,51.22,0.88,3.48
2025-03-28 09:00:00-04:00,47.82,39.61,5.51,2.7
2025-03-28 10:00:00-04:00,45.81,36.940000000000005,6.62,2.25
2025-03-28 11:00:00-04:00,41.14,34.4,4.57,2.17
2025-03-28 12:00:00-04:00,40.25,32.82,5.26,2.17
2025-03-28 13:00:00-04:00,42.44,31.83,8.57,2.04
2025-03-28 14:00:00-04:00,40.08,31.879999999999995,6.1,2.1
2025-03-28 15:00:00-04:00,43.12,33.209999999999994,7.85,2.06
2025-03-28 16:00:00-04:00,44.99,35.44,7.39,2.16
2025-03-28 17:00:00-04:00,48.07,39.8,5.68,2.59
2025-03-28 18:00:00-04:00,50.67,44.36,3.16,3.15
2025-03-28 19:00:00-04:00,58.83,53.46,1.57,3.8
2025-03-28 20:00:00-04:00,52.71,48.1,1.24,3.37
2025-03-28 21:00:00-04:00,44.7,39.06,2.91,2.73
2025-03-28 22:00:00-04:00,41.96,37.38,2.26,2.32
2025-03-28 23:00:00-04:00,38.76,34.06,2.59,2.11
2025-03-29 00:00:00-04:00,36.02,31.860000000000003,2.44,1.72
2025-03-29 01:00:00-04:00,35.0,30.65,2.6,1.75
2025-03-29 02:00:00-04:00,33.78,29.37,2.77,1.64
2025-03-29 03:00:00-04:00,32.89,28.23,3.02,1.64
2025-03-29 04:00:00-04:00,32.86,28.12,3.02,1.72
2025-03-29 05:00:00-04:00,34.4,29.91,2.73,1.76
2025-03-29 06:00:00-04:00,37.09,33.03,2.24,1.82
2025-03-29 07:00:00-04:00,39.99,35.88,1.85,2.26
2025-03-29 08:00:00-04:00,41.82,38.0,1.62,2.2
2025-03-29 09:00:00-04:00,40.22,35.32,2.78,2.12
2025-03-29 10:00:00-04:00,38.83,34.72,2.17,1.94
2025-03-29 11:00:00-04:00,38.35,33.230000000000004,3.23,1.89
2025-03-29 12:00:00-04:00,36.19,30.93,3.43,1.83
2025-03-29 13:00:00-04:00,35.99,30.81,3.43,1.75
2025-03-29 14:00:00-04:00,36.3,31.08,3.36,1.86
2025-03-29 15:00:00-04:00,37.06,31.799999999999997,3.42,1.84
2025-03-29 16:00:00-04:00,39.17,33.88,3.29,2.0
2025-03-29 17:00:00-04:00,44.34,37.33,4.66,2.35
2025-03-29 18:00:00-04:00,49.08,43.19,3.25,2.64
2025-03-29 19:00:00-04:00,52.71,47.82,1.97,2.92
2025-03-29 20:00:00-04:00,50.25,43.58,4.1,2.57
2025-03-29 21:00:00-04:00,42.44,37.98,2.37,2.09
2025-03-29 22:00:00-04:00,39.94,36.0,2.18,1.76
2025-03-29 23:00:00-04:00,36.75,32.730000000000004,2.51,1.51
2025-03-30 00:00:00-04:00,39.05,35.779999999999994,1.84,1.43
2025-03-30 01:00:00-04:00,35.38,33.99,-0.0,1.39
2025-03-30 02:00:00-04:00,34.07,32.85,-0.0,1.22
2025-03-30 03:00:00-04:00,35.0,32.92,0.83,1.25
2025-03-30 04:00:00-04:00,34.45,33.25,-0.0,1.2
2025-03-30 05:00:00-04:00,35.0,33.85,-0.0,1.15
2025-03-30 06:00:00-04:00,36.44,35.07,-0.0,1.37
2025-03-30 07:00:00-04:00,40.0,36.35,1.76,1.89
2025-03-30 08:00:00-04:00,40.5,36.84,1.78,1.88
2025-03-30 09:00:00-04:00,44.18,40.65,1.25,2.28
2025-03-30 10:00:00-04:00,46.49,42.92,1.17,2.4
2025-03-30 11:00:00-04:00,46.07,42.34,1.28,2.45
2025-03-30 12:00:00-04:00,45.22,41.39,1.43,2.4
2025-03-30 13:00:00-04:00,43.69,39.59,1.68,2.42
2025-03-30 14:00:00-04:00,43.25,39.370000000000005,1.4,2.48
2025-03-30 15:00:00-04:00,45.01,41.04,1.43,2.54
2025-03-30 16:00:00-04:00,47.83,43.94,1.08,2.81
2025-03-30 17:00:00-04:00,52.04,48.46,0.33,3.25
2025-03-30 18:00:00-04:00,55.06,51.46,-0.0,3.6
2025-03-30 19:00:00-04:00,59.28,54.97,0.18,4.13
2025-03-30 20:00:00-04:00,54.66,50.7,-0.0,3.96
2025-03-30 21:00:00-04:00,46.53,37.95,5.96,2.62
2025-03-30 22:00:00-04:00,42.44,38.36,1.47,2.61
2025-03-30 23:00:00-04:00,37.29,32.81,2.44,2.04
2025-03-31 00:00:00-04:00,39.59,25.09,13.05,1.45
2025-03-31 01:00:00-04:00,36.47,23.489999999999995,11.64,1.34
2025-03-31 02:00:00-04:00,33.63,22.54,9.85,1.24
2025-03-31 03:00:00-04:00,32.08,22.29,8.61,1.18
2025-03-31 04:00:00-04:00,34.04,23.410000000000004,9.37,1.26
2025-03-31 05:00:00-04:00,34.31,26.65,6.12,1.54
2025-03-31 06:00:00-04:00,47.87,30.46,15.4,2.01
2025-03-31 07:00:00-04:00,52.52,46.24,1.74,4.54
2025-03-31 08:00:00-04:00,54.95,48.46,1.65,4.84
2025-03-31 09:00:00-04:00,52.19,45.059999999999995,2.49,4.64
2025-03-31 10:00:00-04:00,51.67,46.45,0.53,4.69
2025-03-31 11:00:00-04:00,48.41,42.919999999999995,1.24,4.25
2025-03-31 12:00:00-04:00,45.0,39.059999999999995,1.95,3.99
2025-03-31 13:00:00-04:00,44.83,38.35,2.57,3.91
2025-03-31 14:00:00-04:00,43.84,36.81,3.2,3.83
2025-03-31 15:00:00-04:00,44.97,38.190000000000005,2.62,4.16
2025-03-31 16:00:00-04:00,49.09,38.02000000000001,7.27,3.8
2025-03-31 17:00:00-04:00,54.5,42.8,7.59,4.11
2025-03-31 18:00:00-04:00,56.76,48.04,4.01,4.71
2025-03-31 19:00:00-04:00,65.41,57.209999999999994,2.42,5.78
2025-03-31 20:00:00-04:00,55.4,50.82,-0.0,4.58
2025-03-31 21:00:00-04:00,47.58,41.72,2.1,3.76
2025-03-31 22:00:00-04:00,42.06,37.29,1.82,2.95
2025-03-31 23:00:00-04:00,39.54,35.38,1.83,2.33
2025-04-01 00:00:00-04:00,37.0,32.99,2.33,1.68
2025-04-01 01:00:00-04:00,36.36,32.370000000000005,2.34,1.65
2025-04-01 02:00:00-04:00,34.69,30.51,2.65,1.53
2025-04-01 03:00:00-04:00,34.27,29.97000000000001,2.83,1.47
2025-04-01 04:00:00-04:00,35.0,31.090000000000003,2.36,1.55
2025-04-01 05:00:00-04:00,37.63,33.93000000000001,1.94,1.76
2025-04-01 06:00:00-04:00,51.71,47.3,1.48,2.93
2025-04-01 07:00:00-04:00,59.9,55.48,1.2,3.22
2025-04-01 08:00:00-04:00,51.72,47.059999999999995,1.6,3.06
2025-04-01 09:00:00-04:00,41.31,35.96000000000001,2.87,2.48
2025-04-01 10:00:00-04:00,37.7,32.69,2.49,2.52
2025-04-01 11:00:00-04:00,37.0,30.79,3.75,2.46
2025-04-01 12:00:00-04:00,34.56,28.31000000000001,3.84,2.41
2025-04-01 13:00:00-04:00,34.09,27.680000000000003,3.95,2.46
2025-04-01 14:00:00-04:00,34.67,28.49,3.82,2.36
2025-04-01 15:00:00-04:00,36.37,27.88,6.12,2.37
2025-04-01 16:00:00-04:00,37.88,29.85,5.43,2.6
2025-04-01 17:00:00-04:00,44.79,37.48,4.46,2.85
2025-04-01 18:00:00-04:00,50.26,43.06999999999999,3.66,3.53
2025-04-01 19:00:00-04:00,62.62,56.67999999999999,2.03,3.91
2025-04-01 20:00:00-04:00,59.9,53.69,2.4,3.81
2025-04-01 21:00:00-04:00,48.27,41.32000000000001,4.02,2.93
2025-04-01 22:00:00-04:00,43.5,37.83,3.21,2.46
2025-04-01 23:00:00-04:00,39.63,35.230000000000004,2.39,2.01
2025-04-02 00:00:00-04:00,42.11,37.95,2.38,1.78
2025-04-02 01:00:00-04:00,40.24,35.900000000000006,2.58,1.76
2025-04-02 02:00:00-04:00,38.26,35.36,1.1,1.8
2025-04-02 03:00:00-04:00,38.02,35.5,0.68,1.84
2025-04-02 04:00:00-04:00,39.22,35.73,1.67,1.82
2025-04-02 05:00:00-04:00,44.25,40.28,1.92,2.05
2025-04-02 06:00:00-04:00,58.92,55.17,-0.0,3.75
2025-04-02 07:00:00-04:00,67.53,62.53,-0.0,5.0
2025-04-02 08:00:00-04:00,56.06,51.11,0.86,4.09
2025-04-02 09:00:00-04:00,47.81,42.89,1.7,3.22
2025-04-02 10:00:00-04:00,42.36,37.19,2.27,2.9
2025-04-02 11:00:00-04:00,41.2,35.91,2.45,2.84
2025-04-02 12:00:00-04:00,41.54,36.16,2.41,2.97
2025-04-02 13:00:00-04:00,41.3,36.03999999999999,2.45,2.81
2025-04-02 14:00:00-04:00,41.74,36.28,2.56,2.9
2025-04-02 15:00:00-04:00,43.03,36.99,2.75,3.29
2025-04-02 16:00:00-04:00,46.2,39.790000000000006,2.83,3.58
2025-04-02 17:00:00-04:00,52.35,45.080000000000005,2.98,4.29
2025-04-02 18:00:00-04:00,62.07,52.79,4.21,5.07
2025-04-02 19:00:00-04:00,70.55,61.32,3.4,5.83
2025-04-02 20:00:00-04:00,64.13,49.15,10.21,4.77
2025-04-02 21:00:00-04:00,50.57,41.05,5.74,3.78
2025-04-02 22:00:00-04:00,44.64,37.81,3.54,3.29
2025-04-02 23:00:00-04:00,42.73,35.08999999999999,4.73,2.91
2025-04-03 00:00:00-04:00,42.11,28.4,11.66,2.05
2025-04-03 01:00:00-04:00,40.26,24.449999999999996,14.13,1.68
2025-04-03 02:00:00-04:00,39.07,25.03,12.31,1.73
2025-04-03 03:00:00-04:00,36.13,24.49,9.97,1.67
2025-04-03 04:00:00-04:00,36.84,23.35,11.88,1.61
2025-04-03 05:00:00-04:00,38.04,34.449999999999996,1.35,2.24
2025-04-03 06:00:00-04:00,50.64,44.98,2.11,3.55
2025-04-03 07:00:00-04:00,58.02,44.57,9.39,4.06
2025-04-03 08:00:00-04:00,57.99,52.89,0.13,4.97
2025-04-03 09:00:00-04:00,56.59,51.3,0.36,4.93
2025-04-03 10:00:00-04:00,53.86,48.52,0.68,4.66
2025-04-03 11:00:00-04:00,52.33,46.91,0.73,4.69
2025-04-03 12:00:00-04:00,51.58,43.7,3.38,4.5
2025-04-03 13:00:00-04:00,47.92,42.27,1.26,4.39
2025-04-03 14:00:00-04:00,47.0,36.019999999999996,7.16,3.82
2025-04-03 15:00:00-04:00,46.88,39.47,3.38,4.03
2025-04-03 16:00:00-04:00,47.93,36.01,8.25,3.67
2025-04-03 17:00:00-04:00,55.0,39.87,11.06,4.07
2025-04-03 18:00:00-04:00,56.07,42.79,8.96,4.32
2025-04-03 19:00:00-04:00,64.36,49.45,9.86,5.05
2025-04-03 20:00:00-04:00,60.24,49.760000000000005,5.5,4.98
2025-04-03 21:00:00-04:00,47.18,41.28,1.98,3.92
2025-04-03 22:00:00-04:00,43.62,38.379999999999995,2.09,3.15
2025-04-03 23:00:00-04:00,40.49,35.43000000000001,2.47,2.59
2025-04-04 00:00:00-04:00,41.68,37.68,1.93,2.07
2025-04-04 01:00:00-04:00,37.5,34.72,1.01,1.77
2025-04-04 02:00:00-04:00,35.82,34.24,-0.0,1.58
2025-04-04 03:00:00-04:00,36.22,34.76,-0.0,1.46
2025-04-04 04:00:00-04:00,36.27,35.080000000000005,-0.0,1.19
2025-04-04 05:00:00-04:00,39.63,38.29,-0.0,1.34
2025-04-04 06:00:00-04:00,50.27,47.46000000000001,0.44,2.37
2025-04-04 07:00:00-04:00,54.2,51.18,-0.0,3.02
2025-04-04 08:00:00-04:00,54.13,50.64,0.35,3.14
2025-04-04 09:00:00-04:00,47.56,43.38,1.19,2.99
2025-04-04 10:00:00-04:00,45.43,41.07,1.44,2.92
2025-04-04 11:00:00-04:00,40.31,35.58,2.13,2.6
2025-04-04 12:00:00-04:00,39.11,34.29,2.32,2.5
2025-04-04 13:00:00-04:00,39.04,34.21,2.33,2.5
2025-04-04 14:00:00-04:00,37.95,33.07,2.5,2.38
2025-04-04 15:00:00-04:00,37.94,32.55,2.88,2.51
2025-04-04 16:00:00-04:00,38.44,33.209999999999994,2.84,2.39
2025-04-04 17:00:00-04:00,42.3,37.38,2.19,2.73
2025-04-04 18:00:00-04:00,48.99,44.330000000000005,1.43,3.23
2025-04-04 19:00:00-04:00,58.84,55.25,-0.0,3.59
2025-04-04 20:00:00-04:00,55.33,51.51,0.42,3.4
2025-04-04 21:00:00-04:00,48.79,44.44,1.46,2.89
2025-04-04 22:00:00-04:00,43.05,39.07,1.79,2.19
2025-04-04 23:00:00-04:00,40.71,36.940000000000005,2.11,1.66
2025-04-05 00:00:00-04:00,41.92,39.82,0.75,1.35
2025-04-05 01:00:00-04:00,38.53,37.19,-0.0,1.34
2025-04-05 02:00:00-04:00,36.93,35.61,-0.0,1.32
2025-04-05 03:00:00-04:00,36.42,35.050000000000004,-0.0,1.37
2025-04-05 04:00:00-04:00,38.36,36.75,-0.0,1.61
2025-04-05 05:00:00-04:00,35.63,34.03,-0.0,1.6
2025-04-05 06:00:00-04:00,38.49,36.66,-0.0,1.83
2025-04-05 07:00:00-04:00,43.07,41.02,-0.0,2.05
2025-04-05 08:00:00-04:00,46.65,43.12,1.25,2.28
2025-04-05 09:00:00-04:00,48.79,45.33,1.01,2.45
2025-04-05 10:00:00-04:00,50.97,48.01,0.51,2.45
2025-04-05 11:00:00-04:00,52.96,49.64,0.64,2.68
2025-04-05 12:00:00-04:00,52.24,48.79,0.77,2.68
2025-04-05 13:00:00-04:00,52.05,48.33,1.01,2.71
2025-04-05 14:00:00-04:00,47.98,43.93,1.5,2.55
2025-04-05 15:00:00-04:00,50.42,46.64,1.17,2.61
2025-04-05 16:00:00-04:00,50.2,46.220000000000006,1.16,2.82
2025-04-05 17:00:00-04:00,52.54,48.51,0.92,3.11
2025-04-05 18:00:00-04:00,54.29,50.45,0.61,3.23
2025-04-05 19:00:00-04:00,58.19,54.64,-0.0,3.55
2025-04-05 20:00:00-04:00,56.12,52.629999999999995,0.28,3.21
2025-04-05 21:00:00-04:00,48.67,45.3,1.02,2.35
2025-04-05 22:00:00-04:00,45.5,41.91,1.58,2.01
2025-04-05 23:00:00-04:00,42.95,39.330000000000005,1.89,1.73
2025-04-06 00:00:00-04:00,42.17,38.18,2.5,1.49
2025-04-06 01:00:00-04:00,40.14,35.79,2.85,1.5
2025-04-06 02:00:00-04:00,39.85,35.870000000000005,2.9,1.08
2025-04-06 03:00:00-04:00,38.68,34.97,2.56,1.15
2025-04-06 04:00:00-04:00,38.48,34.379999999999995,2.93,1.17
2025-04-06 05:00:00-04:00,35.0,32.980000000000004,0.44,1.58
2025-04-06 06:00:00-04:00,38.91,34.24999999999999,2.95,1.71
2025-04-06 07:00:00-04:00,40.14,35.62,2.85,1.67
2025-04-06 08:00:00-04:00,42.98,38.48,2.5,2.0
2025-04-06 09:00:00-04:00,44.21,39.61,2.42,2.18
2025-04-06 10:00:00-04:00,47.46,43.1,1.99,2.37
2025-04-06 11:00:00-04:00,45.63,40.78,2.32,2.53
2025-04-06 12:00:00-04:00,43.82,38.9,2.63,2.29
2025-04-06 13:00:00-04:00,40.45,35.28,2.95,2.22
2025-04-06 14:00:00-04:00,40.0,34.68,3.03,2.29
2025-04-06 15:00:00-04:00,40.76,35.51,2.62,2.63
2025-04-06 16:00:00-04:00,41.97,36.76,2.71,2.5
2025-04-06 17:00:00-04:00,49.56,44.89,1.93,2.74
2025-04-06 18:00:00-04:00,55.16,51.10999999999999,1.09,2.96
2025-04-06 19:00:00-04:00,66.73,58.53,4.81,3.39
2025-04-06 20:00:00-04:00,65.62,57.91,4.99,2.72
2025-04-06 21:00:00-04:00,53.66,50.38999999999999,1.2,2.07
2025-04-06 22:00:00-04:00,49.34,45.84,1.85,1.65
2025-04-06 23:00:00-04:00,44.2,40.78,2.2,1.22
2025-04-07 00:00:00-04:00,49.39,46.21,1.19,1.99
2025-04-07 01:00:00-04:00,45.5,41.99,1.75,1.76
2025-04-07 02:00:00-04:00,44.55,41.10999999999999,1.92,1.52
2025-04-07 03:00:00-04:00,41.24,39.88,-0.0,1.36
2025-04-07 04:00:00-04:00,42.66,41.33,0.01,1.32
2025-04-07 05:00:00-04:00,49.27,46.17,1.21,1.89
2025-04-07 06:00:00-04:00,60.52,57.86,-0.0,2.66
2025-04-07 07:00:00-04:00,69.21,65.53999999999999,-0.0,3.67
2025-04-07 08:00:00-04:00,63.69,60.26,-0.0,3.43
2025-04-07 09:00:00-04:00,64.52,58.59,2.12,3.81
2025-04-07 10:00:00-04:00,60.69,56.349999999999994,0.56,3.78
2025-04-07 11:00:00-04:00,61.92,52.83,5.24,3.85
2025-04-07 12:00:00-04:00,56.99,50.25,3.22,3.52
2025-04-07 13:00:00-04:00,59.45,48.78,7.11,3.56
2025-04-07 14:00:00-04:00,60.0,49.43000000000001,6.91,3.66
2025-04-07 15:00:00-04:00,60.43,50.32,6.44,3.67
2025-04-07 16:00:00-04:00,61.81,51.150000000000006,6.72,3.94
2025-04-07 17:00:00-04:00,66.05,55.97,5.83,4.25
2025-04-07 18:00:00-04:00,71.31,61.22,5.56,4.53
2025-04-07 19:00:00-04:00,77.97,69.14,3.64,5.19
2025-04-07 20:00:00-04:00,72.0,61.8,5.44,4.76
2025-04-07 21:00:00-04:00,61.88,54.120000000000005,3.92,3.84
2025-04-07 22:00:00-04:00,51.15,46.29,1.81,3.05
2025-04-07 23:00:00-04:00,49.01,44.54,1.75,2.72
2025-04-08 00:00:00-04:00,52.02,47.6,0.9,3.52
2025-04-08 01:00:00-04:00,47.89,43.44,1.5,2.95
2025-04-08 02:00:00-04:00,46.1,41.53,1.83,2.74
2025-04-08 03:00:00-04:00,46.2,41.59,1.7,2.91
2025-04-08 04:00:00-04:00,46.4,41.919999999999995,1.63,2.85
2025-04-08 05:00:00-04:00,48.94,44.32,1.25,3.37
2025-04-08 06:00:00-04:00,62.86,58.37,-0.0,4.49
2025-04-08 07:00:00-04:00,71.25,65.73,-0.0,5.52
2025-04-08 08:00:00-04:00,70.58,60.14,5.09,5.35
2025-04-08 09:00:00-04:00,65.93,54.72,6.23,4.98
2025-04-08 10:00:00-04:00,63.75,52.42,6.67,4.66
2025-04-08 11:00:00-04:00,60.62,48.61,7.69,4.32
2025-04-08 12:00:00-04:00,59.21,46.67,8.39,4.15
2025-04-08 13:00:00-04:00,58.25,45.82,8.54,3.89
2025-04-08 14:00:00-04:00,56.59,44.46,8.35,3.78
2025-04-08 15:00:00-04:00,57.69,46.6,7.08,4.01
2025-04-08 16:00:00-04:00,60.21,49.28,6.55,4.38
2025-04-08 17:00:00-04:00,67.22,56.11,6.45,4.66
2025-04-08 18:00:00-04:00,74.33,63.830000000000005,5.26,5.24
2025-04-08 19:00:00-04:00,90.81,82.58000000000001,1.38,6.85
2025-04-08 20:00:00-04:00,88.75,80.69,1.76,6.3
2025-04-08 21:00:00-04:00,72.0,62.540000000000006,5.02,4.44
2025-04-08 22:00:00-04:00,65.69,56.13999999999999,5.45,4.1
2025-04-08 23:00:00-04:00,58.8,49.809999999999995,5.45,3.54
2025-04-09 00:00:00-04:00,55.32,51.09,0.65,3.58
2025-04-09 01:00:00-04:00,53.73,49.62,0.78,3.33
2025-04-09 02:00:00-04:00,52.03,47.83,1.09,3.11
2025-04-09 03:00:00-04:00,52.24,48.2,1.05,2.99
2025-04-09 04:00:00-04:00,53.55,49.59,0.83,3.13
2025-04-09 05:00:00-04:00,61.57,58.03,-0.0,3.54
2025-04-09 06:00:00-04:00,87.63,82.42999999999999,-0.0,5.2
2025-04-09 07:00:00-04:00,98.12,91.27,-0.0,6.85
2025-04-09 08:00:00-04:00,71.84,67.21000000000001,-0.0,4.63
2025-04-09 09:00:00-04:00,59.73,54.06,1.73,3.94
2025-04-09 10:00:00-04:00,57.16,49.67,3.87,3.62
2025-04-09 11:00:00-04:00,54.1,44.66,6.13,3.31
2025-04-09 12:00:00-04:00,52.56,42.85,6.54,3.17
2025-04-09 13:00:00-04:00,51.27,40.79,7.46,3.02
2025-04-09 14:00:00-04:00,45.8,39.629999999999995,3.2,2.97
2025-04-09 15:00:00-04:00,46.25,40.06,3.11,3.08
2025-04-09 16:00:00-04:00,53.63,43.970000000000006,5.97,3.69
2025-04-09 17:00:00-04:00,58.98,51.599999999999994,3.41,3.97
2025-04-09 18:00:00-04:00,70.44,65.52,-0.0,4.92
2025-04-09 19:00:00-04:00,88.34,82.25,-0.0,6.09
2025-04-09 20:00:00-04:00,84.55,78.87,-0.0,5.68
2025-04-09 21:00:00-04:00,71.29,66.81,-0.0,4.48
2025-04-09 22:00:00-04:00,60.15,56.37,0.45,3.33
2025-04-09 23:00:00-04:00,54.9,51.24999999999999,0.88,2.77
2025-04-10 00:00:00-04:00,46.18,42.22,1.68,2.28
2025-04-10 01:00:00-04:00,45.93,41.99,1.72,2.22
2025-04-10 02:00:00-04:00,44.13,40.25000000000001,1.91,1.97
2025-04-10 03:00:00-04:00,43.26,39.2,2.06,2.0
2025-04-10 04:00:00-04:00,44.55,40.44,1.97,2.14
2025-04-10 05:00:00-04:00,46.82,42.86,1.65,2.31
2025-04-10 06:00:00-04:00,64.1,60.02,-0.0,4.08
2025-04-10 07:00:00-04:00,70.59,65.42,-0.0,5.17
2025-04-10 08:00:00-04:00,58.49,53.09,2.0,3.4
2025-04-10 09:00:00-04:00,52.97,44.57,5.54,2.86
2025-04-10 10:00:00-04:00,51.52,42.73,6.1,2.69
2025-04-10 11:00:00-04:00,50.57,40.76,7.2,2.61
2025-04-10 12:00:00-04:00,50.84,40.99,7.39,2.46
2025-04-10 13:00:00-04:00,51.38,42.04,6.99,2.35
2025-04-10 14:00:00-04:00,51.37,41.72,7.19,2.46
2025-04-10 15:00:00-04:00,51.9,42.57,6.78,2.55
2025-04-10 16:00:00-04:00,52.81,44.0,5.99,2.82
2025-04-10 17:00:00-04:00,59.93,49.2,7.43,3.3
2025-04-10 18:00:00-04:00,60.39,55.19,1.5,3.7
2025-04-10 19:00:00-04:00,68.47,63.45,0.01,5.01
2025-04-10 20:00:00-04:00,64.0,59.25,0.3,4.45
2025-04-10 21:00:00-04:00,59.61,51.34,4.73,3.54
2025-04-10 22:00:00-04:00,48.94,43.71,2.47,2.76
2025-04-10 23:00:00-04:00,46.13,41.75,1.92,2.46
2025-04-11 00:00:00-04:00,44.8,41.1,1.15,2.55
2025-04-11 01:00:00-04:00,43.61,39.9,1.36,2.35
2025-04-11 02:00:00-04:00,40.42,38.25,0.07,2.1
2025-04-11 03:00:00-04:00,39.91,37.9,-0.0,2.01
2025-04-11 04:00:00-04:00,40.08,38.059999999999995,-0.0,2.02
2025-04-11 05:00:00-04:00,45.79,42.56,0.98,2.25
2025-04-11 06:00:00-04:00,57.31,54.48,-0.0,2.83
2025-04-11 07:00:00-04:00,66.95,62.81,-0.0,4.14
2025-04-11 08:00:00-04:00,61.07,57.34,-0.0,3.73
2025-04-11 09:00:00-04:00,59.74,55.77,0.29,3.68
2025-04-11 10:00:00-04:00,57.29,53.61,0.25,3.43
2025-04-11 11:00:00-04:00,54.83,50.2,1.27,3.36
2025-04-11 12:00:00-04:00,54.15,49.04,1.77,3.34
2025-04-11 13:00:00-04:00,54.45,48.64,2.6,3.21
2025-04-11 14:00:00-04:00,53.36,48.0,2.14,3.22
2025-04-11 15:00:00-04:00,53.56,48.2,2.13,3.23
2025-04-11 16:00:00-04:00,53.71,48.46,1.86,3.39
2025-04-11 17:00:00-04:00,56.27,52.760000000000005,0.03,3.48
2025-04-11 18:00:00-04:00,60.24,56.3,-0.0,3.94
2025-04-11 19:00:00-04:00,65.82,61.459999999999994,-0.0,4.36
2025-04-11 20:00:00-04:00,62.05,57.879999999999995,-0.0,4.17
2025-04-11 21:00:00-04:00,56.24,52.85,-0.0,3.39
2025-04-11 22:00:00-04:00,54.75,51.04,0.54,3.17
2025-04-11 23:00:00-04:00,51.77,48.73,0.21,2.83
2025-04-12 00:00:00-04:00,50.69,47.669999999999995,0.02,3.0
2025-04-12 01:00:00-04:00,46.99,43.68,0.64,2.67
2025-04-12 02:00:00-04:00,45.9,42.48,0.83,2.59
2025-04-12 03:00:00-04:00,44.19,40.7,1.13,2.36
2025-04-12 04:00:00-04:00,43.53,39.93,1.25,2.35
2025-04-12 05:00:00-04:00,46.89,43.620000000000005,0.65,2.62
2025-04-12 06:00:00-04:00,53.27,50.11,-0.0,3.16
2025-04-12 07:00:00-04:00,58.31,54.85,-0.0,3.46
2025-04-12 08:00:00-04:00,60.65,56.67,0.01,3.97
2025-04-12 09:00:00-04:00,60.87,56.72,0.01,4.14
2025-04-12 10:00:00-04:00,60.76,56.36,0.12,4.28
2025-04-12 11:00:00-04:00,60.81,56.290000000000006,0.3,4.22
2025-04-12 12:00:00-04:00,56.72,52.57,0.36,3.79
2025-04-12 13:00:00-04:00,54.74,50.82,0.31,3.61
2025-04-12 14:00:00-04:00,53.45,49.54,0.24,3.67
2025-04-12 15:00:00-04:00,53.45,49.52,0.32,3.61
2025-04-12 16:00:00-04:00,53.52,49.74,0.1,3.68
2025-04-12 17:00:00-04:00,57.0,52.81,0.39,3.8
2025-04-12 18:00:00-04:00,57.64,53.81,0.01,3.82
2025-04-12 19:00:00-04:00,61.23,56.79,0.01,4.43
2025-04-12 20:00:00-04:00,62.4,57.8,0.03,4.57
2025-04-12 21:00:00-04:00,56.46,52.86,-0.0,3.6
2025-04-12 22:00:00-04:00,54.46,50.66,0.46,3.34
2025-04-12 23:00:00-04:00,49.59,46.260000000000005,0.32,3.01
2025-04-13 00:00:00-04:00,52.78,49.7,-0.0,3.08
2025-04-13 01:00:00-04:00,50.73,47.809999999999995,-0.0,2.92
2025-04-13 02:00:00-04:00,47.69,44.82,0.32,2.55
2025-04-13 03:00:00-04:00,47.13,44.11,0.42,2.6
2025-04-13 04:00:00-04:00,48.01,45.15,0.38,2.48
2025-04-13 05:00:00-04:00,47.95,44.95,0.39,2.61
2025-04-13 06:00:00-04:00,50.23,47.06999999999999,0.1,3.06
2025-04-13 07:00:00-04:00,53.52,50.02,-0.0,3.5
2025-04-13 08:00:00-04:00,54.27,50.57000000000001,0.01,3.69
2025-04-13 09:00:00-04:00,51.19,46.94,0.64,3.61
2025-04-13 10:00:00-04:00,49.54,45.22,0.79,3.53
2025-04-13 11:00:00-04:00,47.84,43.760000000000005,0.76,3.32
2025-04-13 12:00:00-04:00,45.6,41.25,1.25,3.1
2025-04-13 13:00:00-04:00,44.33,40.04,1.29,3.0
2025-04-13 14:00:00-04:00,43.83,39.44,1.39,3.0
2025-04-13 15:00:00-04:00,43.15,38.55,1.56,3.04
2025-04-13 16:00:00-04:00,45.66,41.39,1.08,3.19
2025-04-13 17:00:00-04:00,52.49,48.00000000000001,0.55,3.94
2025-04-13 18:00:00-04:00,56.94,52.86,0.01,4.07
2025-04-13 19:00:00-04:00,61.95,57.150000000000006,-0.0,4.8
2025-04-13 20:00:00-04:00,66.79,61.73,-0.0,5.06
2025-04-13 21:00:00-04:00,59.02,55.11,-0.0,3.91
2025-04-13 22:00:00-04:00,51.1,47.56,0.07,3.47
2025-04-13 23:00:00-04:00,48.41,44.83,0.4,3.18
2025-04-14 00:00:00-04:00,43.6,40.67,-0.0,2.93
2025-04-14 01:00:00-04:00,40.99,38.42,-0.0,2.57
2025-04-14 02:00:00-04:00,40.75,38.44,-0.0,2.31
2025-04-14 03:00:00-04:00,40.8,38.419999999999995,-0.0,2.38
2025-04-14 04:00:00-04:00,42.7,40.32,-0.0,2.38
2025-04-14 05:00:00-04:00,47.07,44.24,-0.0,2.83
2025-04-14 06:00:00-04:00,60.75,56.41,-0.0,4.34
2025-04-14 07:00:00-04:00,64.72,59.76,-0.0,4.96
2025-04-14 08:00:00-04:00,56.74,49.48,3.3,3.96
2025-04-14 09:00:00-04:00,52.81,37.36,12.42,3.03
2025-04-14 10:00:00-04:00,48.23,35.13999999999999,10.32,2.77
2025-04-14 11:00:00-04:00,47.12,31.78,12.7,2.64
2025-04-14 12:00:00-04:00,46.83,31.229999999999997,13.01,2.59
2025-04-14 13:00:00-04:00,46.72,31.75,12.37,2.6
2025-04-14 14:00:00-04:00,46.6,32.19,11.74,2.67
2025-04-14 15:00:00-04:00,50.91,34.21999999999999,13.85,2.84
2025-04-14 16:00:00-04:00,52.57,37.31,12.01,3.25
2025-04-14 17:00:00-04:00,60.26,44.98,11.41,3.87
2025-04-14 18:00:00-04:00,74.02,55.04999999999999,14.07,4.9
2025-04-14 19:00:00-04:00,79.2,57.34,16.35,5.51
2025-04-14 20:00:00-04:00,68.82,56.69999999999999,6.56,5.56
2025-04-14 21:00:00-04:00,57.14,52.18,0.32,4.64
2025-04-14 22:00:00-04:00,47.82,41.040000000000006,3.09,3.69
2025-04-14 23:00:00-04:00,41.83,36.51,2.14,3.18
2025-04-15 00:00:00-04:00,42.89,33.07,6.88,2.94
2025-04-15 01:00:00-04:00,38.0,32.349999999999994,2.84,2.81
2025-04-15 02:00:00-04:00,37.33,32.48,2.06,2.79
2025-04-15 03:00:00-04:00,34.79,32.07,-0.0,2.72
2025-04-15 04:00:00-04:00,36.38,33.54,0.06,2.78
2025-04-15 05:00:00-04:00,39.33,36.22,-0.0,3.11
2025-04-15 06:00:00-04:00,56.74,47.52,5.18,4.04
2025-04-15 07:00:00-04:00,62.43,52.96,4.65,4.82
2025-04-15 08:00:00-04:00,70.02,45.52,20.13,4.37
2025-04-15 09:00:00-04:00,67.21,39.66,23.7,3.85
2025-04-15 10:00:00-04:00,54.65,37.31,13.61,3.73
2025-04-15 11:00:00-04:00,54.44,33.599999999999994,17.41,3.43
2025-04-15 12:00:00-04:00,53.18,32.71,17.17,3.3
2025-04-15 13:00:00-04:00,54.29,31.359999999999996,19.8,3.13
2025-04-15 14:00:00-04:00,53.31,30.88,19.34,3.09
2025-04-15 15:00:00-04:00,65.37,33.07000000000001,28.99,3.31
2025-04-15 16:00:00-04:00,66.7,36.92,26.05,3.73
2025-04-15 17:00:00-04:00,100.1,40.49999999999999,55.43,4.17
2025-04-15 18:00:00-04:00,97.67,45.21000000000001,47.94,4.52
2025-04-15 19:00:00-04:00,97.43,54.94000000000001,37.0,5.49
2025-04-15 20:00:00-04:00,90.0,48.56999999999999,36.53,4.9
2025-04-15 21:00:00-04:00,63.8,44.23,15.11,4.46
2025-04-15 22:00:00-04:00,56.29,38.92999999999999,13.59,3.77
2025-04-15 23:00:00-04:00,52.54,35.39,13.86,3.29
2025-04-16 00:00:00-04:00,39.0,31.3,4.73,2.97
2025-04-16 01:00:00-04:00,37.0,30.77,3.34,2.89
2025-04-16 02:00:00-04:00,36.96,31.38,2.66,2.92
2025-04-16 03:00:00-04:00,36.45,30.72,2.84,2.89
2025-04-16 04:00:00-04:00,37.0,32.4,1.59,3.01
2025-04-16 05:00:00-04:00,41.39,36.28,1.74,3.37
2025-04-16 06:00:00-04:00,53.98,46.4,2.99,4.59
2025-04-16 07:00:00-04:00,68.02,52.739999999999995,9.96,5.32
2025-04-16 08:00:00-04:00,59.95,43.49,12.24,4.22
2025-04-16 09:00:00-04:00,56.52,39.0,13.7,3.82
2025-04-16 10:00:00-04:00,54.5,35.629999999999995,15.48,3.39
2025-04-16 11:00:00-04:00,54.4,32.47,18.81,3.12
2025-04-16 12:00:00-04:00,53.61,31.01,19.62,2.98
2025-04-16 13:00:00-04:00,53.62,30.749999999999993,19.92,2.95
2025-04-16 14:00:00-04:00,53.74,30.83,19.92,2.99
2025-04-16 15:00:00-04:00,54.35,32.0,19.28,3.07
2025-04-16 16:00:00-04:00,55.42,34.260000000000005,17.73,3.43
2025-04-16 17:00:00-04:00,64.0,40.14,19.85,4.01
2025-04-16 18:00:00-04:00,66.16,46.25,15.19,4.72
2025-04-16 19:00:00-04:00,74.15,56.260000000000005,12.27,5.62
2025-04-16 20:00:00-04:00,85.83,56.040000000000006,24.3,5.49
2025-04-16 21:00:00-04:00,57.06,48.2,4.23,4.63
2025-04-16 22:00:00-04:00,52.24,41.67,6.65,3.92
2025-04-16 23:00:00-04:00,47.0,38.620000000000005,4.94,3.44
2025-04-17 00:00:00-04:00,38.56,33.690000000000005,2.11,2.76
2025-04-17 01:00:00-04:00,35.0,32.21,0.15,2.64
2025-04-17 02:00:00-04:00,35.0,32.46,0.01,2.53
2025-04-17 03:00:00-04:00,34.76,32.23,0.01,2.52
2025-04-17 04:00:00-04:00,35.49,32.95,-0.0,2.54
2025-04-17 05:00:00-04:00,42.71,38.45,1.26,3.0
2025-04-17 06:00:00-04:00,58.12,53.66,0.01,4.45
2025-04-17 07:00:00-04:00,60.4,55.5,0.01,4.89
2025-04-17 08:00:00-04:00,55.9,41.88,10.29,3.73
2025-04-17 09:00:00-04:00,49.35,28.97,17.92,2.46
2025-04-17 10:00:00-04:00,47.55,25.97,19.29,2.29
2025-04-17 11:00:00-04:00,47.18,23.8,21.31,2.07
2025-04-17 12:00:00-04:00,45.87,23.379999999999995,20.46,2.03
2025-04-17 13:00:00-04:00,45.66,22.82,20.86,1.98
2025-04-17 14:00:00-04:00,46.92,22.09,22.84,1.99
2025-04-17 15:00:00-04:00,46.6,22.910000000000004,21.61,2.08
2025-04-17 16:00:00-04:00,47.23,24.1,20.87,2.26
2025-04-17 17:00:00-04:00,51.25,30.680000000000003,17.63,2.94
2025-04-17 18:00:00-04:00,54.72,42.2,8.59,3.93
2025-04-17 19:00:00-04:00,61.22,52.43,4.07,4.72
2025-04-17 20:00:00-04:00,60.8,53.11,3.01,4.68
2025-04-17 21:00:00-04:00,50.18,45.3,1.12,3.76
2025-04-17 22:00:00-04:00,46.76,38.81,4.77,3.18
2025-04-17 23:00:00-04:00,40.09,35.42,1.9,2.77
2025-04-18 00:00:00-04:00,36.48,31.899999999999995,2.06,2.52
2025-04-18 01:00:00-04:00,33.75,29.34,2.12,2.29
2025-04-18 02:00:00-04:00,31.0,27.9,0.87,2.23
2025-04-18 03:00:00-04:00,29.94,27.76,0.01,2.17
2025-04-18 04:00:00-04:00,31.33,29.139999999999997,-0.0,2.19
2025-04-18 05:00:00-04:00,35.94,33.36,0.01,2.57
2025-04-18 06:00:00-04:00,46.26,42.529999999999994,0.07,3.66
2025-04-18 07:00:00-04:00,48.71,44.32,-0.0,4.39
2025-04-18 08:00:00-04:00,46.34,38.14,4.39,3.81
2025-04-18 09:00:00-04:00,50.0,27.74,19.49,2.77
2025-04-18 10:00:00-04:00,42.11,26.089999999999996,13.49,2.53
2025-04-18 11:00:00-04:00,41.71,24.49,14.89,2.33
2025-04-18 12:00:00-04:00,41.64,23.52,15.91,2.21
2025-04-18 13:00:00-04:00,41.89,23.72000000000001,15.94,2.23
2025-04-18 14:00:00-04:00,41.79,23.809999999999995,15.74,2.24
2025-04-18 15:00:00-04:00,41.71,20.7,19.06,1.95
2025-04-18 16:00:00-04:00,42.7,20.22000000000001,20.54,1.94
2025-04-18 17:00:00-04:00,51.83,22.879999999999995,26.71,2.24
2025-04-18 18:00:00-04:00,51.37,33.66,14.28,3.43
2025-04-18 19:00:00-04:00,50.83,37.36,9.62,3.85
2025-04-18 20:00:00-04:00,50.86,37.0,10.05,3.81
2025-04-18 21:00:00-04:00,44.86,33.51,7.97,3.38
2025-04-18 22:00:00-04:00,40.72,28.97,8.82,2.93
2025-04-18 23:00:00-04:00,36.19,30.479999999999997,2.72,2.99
2025-04-19 00:00:00-04:00,31.57,22.74,6.72,2.11
2025-04-19 01:00:00-04:00,28.0,20.78,5.35,1.87
2025-04-19 02:00:00-04:00,25.91,20.58,3.5,1.83
2025-04-19 03:00:00-04:00,25.15,19.09,4.34,1.72
2025-04-19 04:00:00-04:00,24.98,21.66,1.35,1.97
2025-04-19 05:00:00-04:00,28.0,25.59,0.06,2.35
2025-04-19 06:00:00-04:00,29.98,23.49,4.28,2.21
2025-04-19 07:00:00-04:00,32.8,27.789999999999996,2.37,2.64
2025-04-19 08:00:00-04:00,32.77,28.700000000000006,1.31,2.76
2025-04-19 09:00:00-04:00,32.87,26.82,3.47,2.58
2025-04-19 10:00:00-04:00,32.44,25.72,4.35,2.37
2025-04-19 11:00:00-04:00,33.42,26.04,4.9,2.48
2025-04-19 12:00:00-04:00,33.36,25.979999999999997,4.89,2.49
2025-04-19 13:00:00-04:00,34.07,25.5,6.12,2.45
2025-04-19 14:00:00-04:00,35.0,25.619999999999997,6.92,2.46
2025-04-19 15:00:00-04:00,35.0,27.34,4.95,2.71
2025-04-19 16:00:00-04:00,36.23,28.97,4.39,2.87
2025-04-19 17:00:00-04:00,40.22,35.550000000000004,1.26,3.41
2025-04-19 18:00:00-04:00,44.32,35.89,5.02,3.41
2025-04-19 19:00:00-04:00,50.0,36.86,9.68,3.46
2025-04-19 20:00:00-04:00,50.41,39.48,7.22,3.71
2025-04-19 21:00:00-04:00,39.82,35.519999999999996,0.92,3.38
2025-04-19 22:00:00-04:00,35.82,31.88,0.98,2.96
2025-04-19 23:00:00-04:00,33.38,29.4,1.3,2.68
2025-04-20 00:00:00-04:00,33.3,26.99,3.8,2.51
2025-04-20 01:00:00-04:00,31.19,27.07,1.6,2.52
2025-04-20 02:00:00-04:00,27.56,25.19,-0.0,2.37
2025-04-20 03:00:00-04:00,26.48,24.23,-0.0,2.25
2025-04-20 04:00:00-04:00,25.15,23.01,-0.0,2.14
2025-04-20 05:00:00-04:00,26.95,24.75,-0.0,2.2
2025-04-20 06:00:00-04:00,31.57,28.88,-0.0,2.69
2025-04-20 07:00:00-04:00,30.57,27.92,-0.0,2.65
2025-04-20 08:00:00-04:00,27.46,25.040000000000003,0.04,2.38
2025-04-20 09:00:00-04:00,28.67,20.81,5.9,1.96
2025-04-20 10:00:00-04:00,25.14,19.69,3.64,1.81
2025-04-20 11:00:00-04:00,25.11,17.880000000000003,5.51,1.72
2025-04-20 12:00:00-04:00,23.46,17.03,4.78,1.65
2025-04-20 13:00:00-04:00,23.25,17.18,4.37,1.7
2025-04-20 14:00:00-04:00,23.84,16.47,5.75,1.62
2025-04-20 15:00:00-04:00,25.2,17.65,5.82,1.73
2025-04-20 16:00:00-04:00,24.08,19.57,2.65,1.86
2025-04-20 17:00:00-04:00,30.68,27.9,0.04,2.74
2025-04-20 18:00:00-04:00,38.76,35.3,-0.0,3.46
2025-04-20 19:00:00-04:00,46.83,42.77,0.04,4.02
2025-04-20 20:00:00-04:00,46.13,42.07,0.02,4.04
2025-04-20 21:00:00-04:00,39.37,36.059999999999995,-0.0,3.31
2025-04-20 22:00:00-04:00,36.75,33.87,-0.0,2.88
2025-04-20 23:00:00-04:00,32.45,30.070000000000004,-0.0,2.38
2025-04-21 00:00:00-04:00,30.44,28.18,-0.0,2.26
2025-04-21 01:00:00-04:00,28.79,26.76,-0.0,2.03
2025-04-21 02:00:00-04:00,27.15,25.28,-0.0,1.87
2025-04-21 03:00:00-04:00,25.94,24.130000000000003,-0.0,1.81
2025-04-21 04:00:00-04:00,26.83,24.959999999999997,-0.0,1.87
2025-04-21 05:00:00-04:00,29.87,27.76,-0.0,2.11
2025-04-21 06:00:00-04:00,35.07,32.38,-0.0,2.69
2025-04-21 07:00:00-04:00,40.74,36.38,1.3,3.06
2025-04-21 08:00:00-04:00,37.04,34.17,-0.0,2.87
2025-04-21 09:00:00-04:00,34.16,31.419999999999995,0.07,2.67
2025-04-21 10:00:00-04:00,33.03,30.41,0.01,2.61
2025-04-21 11:00:00-04:00,32.31,29.77,0.01,2.53
2025-04-21 12:00:00-04:00,31.39,28.74,0.04,2.61
2025-04-21 13:00:00-04:00,31.35,27.910000000000004,0.9,2.54
2025-04-21 14:00:00-04:00,32.79,28.52,1.65,2.62
2025-04-21 15:00:00-04:00,35.71,32.67,0.07,2.97
2025-04-21 16:00:00-04:00,39.22,35.84,0.01,3.37
2025-04-21 17:00:00-04:00,44.31,36.190000000000005,4.75,3.37
2025-04-21 18:00:00-04:00,49.95,36.46,10.25,3.24
2025-04-21 19:00:00-04:00,53.4,42.34,7.29,3.77
2025-04-21 20:00:00-04:00,52.82,35.84,13.94,3.04
2025-04-21 21:00:00-04:00,41.71,34.61,4.09,3.01
2025-04-21 22:00:00-04:00,36.0,27.299999999999997,6.24,2.46
2025-04-21 23:00:00-04:00,32.29,21.229999999999997,9.28,1.78
2025-04-22 00:00:00-04:00,31.38,16.33,13.73,1.32
2025-04-22 01:00:00-04:00,30.63,13.329999999999998,16.21,1.09
2025-04-22 02:00:00-04:00,28.96,13.630000000000004,14.25,1.08
2025-04-22 03:00:00-04:00,27.76,11.260000000000003,15.62,0.88
2025-04-22 04:00:00-04:00,28.71,15.97,11.48,1.26
2025-04-22 05:00:00-04:00,32.54,20.22,10.74,1.58
2025-04-22 06:00:00-04:00,43.35,23.290000000000003,18.24,1.82
2025-04-22 07:00:00-04:00,43.28,36.88,3.19,3.21
2025-04-22 08:00:00-04:00,37.25,33.760000000000005,0.01,3.48
2025-04-22 09:00:00-04:00,33.28,28.76,1.44,3.08
2025-04-22 10:00:00-04:00,32.12,28.959999999999997,0.09,3.07
2025-04-22 11:00:00-04:00,33.24,27.540000000000003,2.72,2.98
2025-04-22 12:00:00-04:00,33.16,26.22,4.08,2.86
2025-04-22 13:00:00-04:00,33.28,27.2,3.09,2.99
2025-04-22 14:00:00-04:00,32.55,25.84999999999999,3.83,2.87
2025-04-22 15:00:00-04:00,34.58,26.44,5.18,2.96
2025-04-22 16:00:00-04:00,38.25,29.43,5.49,3.33
2025-04-22 17:00:00-04:00,43.33,35.37,3.86,4.1
2025-04-22 18:00:00-04:00,46.7,41.99,0.01,4.7
2025-04-22 19:00:00-04:00,51.97,46.89,0.01,5.07
2025-04-22 20:00:00-04:00,54.46,49.33,-0.0,5.13
2025-04-22 21:00:00-04:00,43.13,39.35,-0.0,3.78
2025-04-22 22:00:00-04:00,36.64,33.61,-0.0,3.03
2025-04-22 23:00:00-04:00,33.86,31.24,-0.0,2.62
2025-04-23 00:00:00-04:00,28.35,26.22,0.01,2.12
2025-04-23 01:00:00-04:00,27.59,25.69,-0.0,1.9
2025-04-23 02:00:00-04:00,26.0,24.19,-0.0,1.81
2025-04-23 03:00:00-04:00,26.72,24.92,-0.0,1.8
2025-04-23 04:00:00-04:00,27.82,26.03,-0.0,1.79
2025-04-23 05:00:00-04:00,32.04,30.0,-0.0,2.04
2025-04-23 06:00:00-04:00,42.1,39.35,-0.0,2.75
2025-04-23 07:00:00-04:00,42.68,39.67,-0.0,3.01
2025-04-23 08:00:00-04:00,35.06,32.31,-0.0,2.75
2025-04-23 09:00:00-04:00,29.45,27.04,-0.0,2.41
2025-04-23 10:00:00-04:00,27.32,25.02,0.02,2.28
2025-04-23 11:00:00-04:00,27.48,23.0,2.36,2.12
2025-04-23 12:00:00-04:00,28.0,22.29,3.66,2.05
2025-04-23 13:00:00-04:00,28.0,22.6,3.28,2.12
2025-04-23 14:00:00-04:00,28.0,22.549999999999997,3.28,2.17
2025-04-23 15:00:00-04:00,28.31,24.699999999999996,1.26,2.35
2025-04-23 16:00:00-04:00,30.93,28.08,0.04,2.81
2025-04-23 17:00:00-04:00,37.0,33.660000000000004,0.04,3.3
2025-04-23 18:00:00-04:00,43.3,39.61,0.01,3.68
2025-04-23 19:00:00-04:00,48.06,44.580000000000005,-0.0,3.48
2025-04-23 20:00:00-04:00,48.83,45.05,-0.0,3.78
2025-04-23 21:00:00-04:00,39.39,36.71,-0.0,2.68
2025-04-23 22:00:00-04:00,35.0,32.71,-0.0,2.29
2025-04-23 23:00:00-04:00,31.35,29.41,-0.0,1.94
2025-04-24 00:00:00-04:00,27.94,26.06,-0.0,1.88
2025-04-24 01:00:00-04:00,26.34,24.55,-0.0,1.79
2025-04-24 02:00:00-04:00,23.94,22.4,-0.0,1.54
2025-04-24 03:00:00-04:00,23.58,22.02,-0.0,1.56
2025-04-24 04:00:00-04:00,22.35,20.85,-0.0,1.5
2025-04-24 05:00:00-04:00,28.6,26.9,-0.0,1.7
2025-04-24 06:00:00-04:00,35.21,32.910000000000004,-0.0,2.3
2025-04-24 07:00:00-04:00,39.96,37.35,-0.0,2.61
2025-04-24 08:00:00-04:00,34.22,31.77,-0.0,2.45
2025-04-24 09:00:00-04:00,28.12,25.87,-0.0,2.25
2025-04-24 10:00:00-04:00,27.0,25.0,-0.0,2.0
2025-04-24 11:00:00-04:00,25.66,23.74,-0.0,1.92
2025-04-24 12:00:00-04:00,26.08,24.13,-0.0,1.95
2025-04-24 13:00:00-04:00,26.75,24.68,-0.0,2.07
2025-04-24 14:00:00-04:00,27.26,25.1,-0.0,2.16
2025-04-24 15:00:00-04:00,29.96,27.64,-0.0,2.32
2025-04-24 16:00:00-04:00,33.28,30.59,-0.0,2.69
2025-04-24 17:00:00-04:00,39.3,35.89,-0.0,3.41
2025-04-24 18:00:00-04:00,45.77,42.34,-0.0,3.43
2025-04-24 19:00:00-04:00,51.34,47.67,-0.0,3.67
2025-04-24 20:00:00-04:00,48.48,45.059999999999995,-0.0,3.42
2025-04-24 21:00:00-04:00,40.44,37.83,-0.0,2.61
2025-04-24 22:00:00-04:00,34.49,32.230000000000004,-0.0,2.26
2025-04-24 23:00:00-04:00,31.07,29.39,-0.0,1.68
2025-04-25 00:00:00-04:00,27.95,26.15,-0.0,1.8
2025-04-25 01:00:00-04:00,26.2,24.51,-0.0,1.69
2025-04-25 02:00:00-04:00,24.76,23.23,-0.0,1.53
2025-04-25 03:00:00-04:00,24.9,23.45,-0.0,1.45
2025-04-25 04:00:00-04:00,26.29,24.75,-0.0,1.54
2025-04-25 05:00:00-04:00,29.04,27.45,-0.0,1.59
2025-04-25 06:00:00-04:00,36.14,33.87,-0.0,2.27
2025-04-25 07:00:00-04:00,40.66,38.25,-0.0,2.41
2025-04-25 08:00:00-04:00,33.39,31.09,-0.0,2.3
2025-04-25 09:00:00-04:00,30.37,28.15,-0.0,2.22
2025-04-25 10:00:00-04:00,28.47,26.48,-0.0,1.99
2025-04-25 11:00:00-04:00,28.37,26.37,-0.0,2.0
2025-04-25 12:00:00-04:00,29.13,26.97,-0.0,2.16
2025-04-25 13:00:00-04:00,29.92,27.78,-0.0,2.14
2025-04-25 14:00:00-04:00,31.32,28.95,-0.0,2.37
2025-04-25 15:00:00-04:00,33.42,30.69,-0.0,2.73
2025-04-25 16:00:00-04:00,37.36,34.269999999999996,-0.0,3.09
2025-04-25 17:00:00-04:00,42.63,39.11,-0.0,3.52
2025-04-25 18:00:00-04:00,46.0,42.63,-0.0,3.37
2025-04-25 19:00:00-04:00,48.78,45.17,-0.0,3.61
2025-04-25 20:00:00-04:00,45.57,42.23,-0.0,3.34
2025-04-25 21:00:00-04:00,37.79,34.9,-0.0,2.89
2025-04-25 22:00:00-04:00,34.69,32.269999999999996,-0.0,2.42
2025-04-25 23:00:00-04:00,30.2,28.22,-0.0,1.98
2025-04-26 00:00:00-04:00,31.02,28.96,-0.0,2.06
2025-04-26 01:00:00-04:00,28.4,25.44,1.21,1.75
2025-04-26 02:00:00-04:00,26.71,24.1,1.0,1.61
2025-04-26 03:00:00-04:00,25.58,21.819999999999997,2.28,1.48
2025-04-26 04:00:00-04:00,26.5,22.42,2.53,1.55
2025-04-26 05:00:00-04:00,26.45,22.68,2.25,1.52
2025-04-26 06:00:00-04:00,28.31,21.11,5.76,1.44
2025-04-26 07:00:00-04:00,29.4,26.51,0.96,1.93
2025-04-26 08:00:00-04:00,33.56,31.22,-0.0,2.34
2025-04-26 09:00:00-04:00,37.66,29.799999999999994,5.66,2.2
2025-04-26 10:00:00-04:00,36.24,29.540000000000003,4.55,2.15
2025-04-26 11:00:00-04:00,37.15,26.729999999999997,8.39,2.03
2025-04-26 12:00:00-04:00,35.89,26.019999999999996,7.92,1.95
2025-04-26 13:00:00-04:00,35.62,23.11,10.78,1.73
2025-04-26 14:00:00-04:00,34.47,22.43,10.29,1.75
2025-04-26 15:00:00-04:00,36.13,19.71,14.86,1.56
2025-04-26 16:00:00-04:00,37.34,18.040000000000006,17.89,1.41
2025-04-26 17:00:00-04:00,43.91,23.85,18.15,1.91
2025-04-26 18:00:00-04:00,43.02,24.020000000000003,17.15,1.85
2025-04-26 19:00:00-04:00,44.44,30.58,11.57,2.29
2025-04-26 20:00:00-04:00,46.08,29.950000000000003,13.94,2.19
2025-04-26 21:00:00-04:00,36.64,32.379999999999995,1.77,2.49
2025-04-26 22:00:00-04:00,33.62,27.94,3.61,2.07
2025-04-26 23:00:00-04:00,30.25,22.19,6.51,1.55
2025-04-27 00:00:00-04:00,29.81,11.31,17.71,0.79
2025-04-27 01:00:00-04:00,27.56,13.2,13.45,0.91
2025-04-27 02:00:00-04:00,26.03,13.4,11.72,0.91
2025-04-27 03:00:00-04:00,26.88,13.36,12.71,0.81
2025-04-27 04:00:00-04:00,26.2,14.54,10.77,0.89
2025-04-27 05:00:00-04:00,26.44,19.39,5.95,1.1
2025-04-27 06:00:00-04:00,28.37,17.78,9.49,1.1
2025-04-27 07:00:00-04:00,26.93,21.97,3.53,1.43
2025-04-27 08:00:00-04:00,27.54,19.03,7.18,1.33
2025-04-27 09:00:00-04:00,29.66,17.16,11.3,1.2
2025-04-27 10:00:00-04:00,30.26,17.080000000000002,12.04,1.14
2025-04-27 11:00:00-04:00,29.43,14.04,14.44,0.95
2025-04-27 12:00:00-04:00,28.83,14.049999999999995,13.8,0.98
2025-04-27 13:00:00-04:00,28.16,17.54,9.39,1.23
2025-04-27 14:00:00-04:00,28.8,13.98,13.84,0.98
2025-04-27 15:00:00-04:00,28.78,13.920000000000002,13.89,0.97
2025-04-27 16:00:00-04:00,28.17,19.910000000000004,6.85,1.41
2025-04-27 17:00:00-04:00,31.12,22.300000000000004,7.17,1.65
2025-04-27 18:00:00-04:00,34.07,28.92,2.95,2.2
2025-04-27 19:00:00-04:00,42.18,39.08,0.17,2.93
2025-04-27 20:00:00-04:00,46.69,43.55,-0.0,3.14
2025-04-27 21:00:00-04:00,34.4,32.089999999999996,-0.0,2.31
2025-04-27 22:00:00-04:00,30.88,28.78,-0.0,2.1
2025-04-27 23:00:00-04:00,28.61,26.69,-0.0,1.92
2025-04-28 00:00:00-04:00,31.56,29.58,-0.0,1.98
2025-04-28 01:00:00-04:00,27.87,26.27,-0.0,1.6
2025-04-28 02:00:00-04:00,26.75,25.14,-0.0,1.61
2025-04-28 03:00:00-04:00,26.62,25.07,-0.0,1.55
2025-04-28 04:00:00-04:00,26.9,25.38,-0.0,1.52
2025-04-28 05:00:00-04:00,29.82,28.21,-0.0,1.61
2025-04-28 06:00:00-04:00,39.04,36.97,-0.0,2.07
2025-04-28 07:00:00-04:00,40.73,38.419999999999995,-0.0,2.31
2025-04-28 08:00:00-04:00,35.12,32.79,-0.0,2.33
2025-04-28 09:00:00-04:00,29.61,27.47,-0.0,2.14
2025-04-28 10:00:00-04:00,26.09,24.2,-0.0,1.89
2025-04-28 11:00:00-04:00,24.97,23.01,-0.0,1.96
2025-04-28 12:00:00-04:00,24.81,22.84,-0.0,1.97
2025-04-28 13:00:00-04:00,25.7,23.66,-0.0,2.04
2025-04-28 14:00:00-04:00,25.54,23.5,-0.0,2.04
2025-04-28 15:00:00-04:00,26.58,24.38,-0.0,2.2
2025-04-28 16:00:00-04:00,30.68,28.15,-0.0,2.53
2025-04-28 17:00:00-04:00,35.81,32.77,0.03,3.01
2025-04-28 18:00:00-04:00,43.68,39.809999999999995,0.52,3.35
2025-04-28 19:00:00-04:00,51.17,46.74,0.65,3.78
2025-04-28 20:00:00-04:00,51.26,46.65,0.65,3.96
2025-04-28 21:00:00-04:00,39.68,35.88,0.86,2.94
2025-04-28 22:00:00-04:00,31.33,27.949999999999996,1.03,2.35
2025-04-28 23:00:00-04:00,27.27,22.729999999999997,2.58,1.96
2025-04-29 00:00:00-04:00,28.34,17.39,9.64,1.31
2025-04-29 01:00:00-04:00,25.78,9.420000000000003,15.62,0.74
2025-04-29 02:00:00-04:00,24.7,11.07,12.78,0.85
2025-04-29 03:00:00-04:00,24.0,8.180000000000001,15.19,0.63
2025-04-29 04:00:00-04:00,24.77,7.850000000000001,16.31,0.61
2025-04-29 05:00:00-04:00,27.98,14.18,12.71,1.09
2025-04-29 06:00:00-04:00,39.9,16.129999999999995,22.53,1.24
2025-04-29 07:00:00-04:00,39.77,16.26,22.24,1.27
2025-04-29 08:00:00-04:00,31.78,17.490000000000002,12.79,1.5
2025-04-29 09:00:00-04:00,26.79,17.580000000000002,7.56,1.65
2025-04-29 10:00:00-04:00,26.36,18.31,6.33,1.72
2025-04-29 11:00:00-04:00,25.64,18.64,5.25,1.75
2025-04-29 12:00:00-04:00,26.88,18.85,6.28,1.75
2025-04-29 13:00:00-04:00,27.79,21.72,4.03,2.04
2025-04-29 14:00:00-04:00,30.61,25.95,2.32,2.34
2025-04-29 15:00:00-04:00,32.15,29.0,0.34,2.81
2025-04-29 16:00:00-04:00,36.24,25.74,8.05,2.45
2025-04-29 17:00:00-04:00,43.88,28.050000000000004,13.22,2.61
2025-04-29 18:00:00-04:00,49.36,29.839999999999996,16.89,2.63
2025-04-29 19:00:00-04:00,59.01,32.03999999999999,24.05,2.92
2025-04-29 20:00:00-04:00,56.53,32.900000000000006,20.7,2.93
2025-04-29 21:00:00-04:00,43.88,28.82,12.61,2.45
2025-04-29 22:00:00-04:00,36.36,25.42,8.73,2.21
2025-04-29 23:00:00-04:00,32.78,18.32,13.07,1.39
2025-04-30 00:00:00-04:00,30.76,19.53,9.65,1.58
2025-04-30 01:00:00-04:00,28.35,18.21,8.7,1.44
2025-04-30 02:00:00-04:00,26.83,18.489999999999995,6.9,1.44
2025-04-30 03:00:00-04:00,25.87,18.99,5.42,1.46
2025-04-30 04:00:00-04:00,26.83,24.959999999999997,-0.0,1.87
2025-04-30 05:00:00-04:00,30.83,28.76,-0.0,2.07
2025-04-30 06:00:00-04:00,41.49,38.45,-0.0,3.04
2025-04-30 07:00:00-04:00,45.29,42.17,-0.0,3.12
2025-04-30 08:00:00-04:00,38.07,35.09,-0.0,2.98
2025-04-30 09:00:00-04:00,32.88,30.19,-0.0,2.69
2025-04-30 10:00:00-04:00,31.05,28.48,-0.0,2.57
2025-04-30 11:00:00-04:00,29.82,27.21,0.02,2.59
2025-04-30 12:00:00-04:00,29.79,26.56,0.68,2.55
2025-04-30 13:00:00-04:00,29.76,25.92,1.27,2.57
2025-04-30 14:00:00-04:00,29.54,26.2,0.75,2.59
2025-04-30 15:00:00-04:00,30.42,27.58,0.02,2.82
2025-04-30 16:00:00-04:00,33.45,30.200000000000003,0.02,3.23
2025-04-30 17:00:00-04:00,44.41,40.129999999999995,0.03,4.25
2025-04-30 18:00:00-04:00,51.59,47.07000000000001,-0.0,4.52
2025-04-30 19:00:00-04:00,56.71,52.03,-0.0,4.68
2025-04-30 20:00:00-04:00,57.04,52.62,-0.0,4.42
2025-04-30 21:00:00-04:00,45.88,42.56,-0.0,3.32
2025-04-30 22:00:00-04:00,38.72,36.019999999999996,-0.0,2.7
2025-04-30 23:00:00-04:00,33.63,31.430000000000003,-0.0,2.2
2025-05-01 00:00:00-04:00,36.04,34.449999999999996,-0.0,1.59
2025-05-01 01:00:00-04:00,30.12,28.61,-0.0,1.51
2025-05-01 02:00:00-04:00,28.67,27.380000000000003,-0.0,1.29
2025-05-01 03:00:00-04:00,28.27,26.92,-0.0,1.35
2025-05-01 04:00:00-04:00,29.91,28.46,-0.0,1.45
2025-05-01 05:00:00-04:00,35.24,33.63,-0.0,1.61
2025-05-01 06:00:00-04:00,45.26,42.94,-0.0,2.32
2025-05-01 07:00:00-04:00,47.12,44.83,-0.0,2.29
2025-05-01 08:00:00-04:00,37.98,35.8,-0.0,2.18
2025-05-01 09:00:00-04:00,33.11,31.09,-0.0,2.02
2025-05-01 10:00:00-04:00,30.88,28.91,-0.0,1.97
2025-05-01 11:00:00-04:00,29.32,27.38,-0.0,1.94
2025-05-01 12:00:00-04:00,29.09,27.06,-0.0,2.03
2025-05-01 13:00:00-04:00,29.77,27.69,-0.0,2.08
2025-05-01 14:00:00-04:00,30.76,28.590000000000003,-0.0,2.17
2025-05-01 15:00:00-04:00,32.65,30.4,-0.0,2.25
2025-05-01 16:00:00-04:00,35.84,33.370000000000005,-0.0,2.47
2025-05-01 17:00:00-04:00,51.0,38.15,10.07,2.78
2025-05-01 18:00:00-04:00,46.94,44.03,-0.0,2.91
2025-05-01 19:00:00-04:00,55.35,50.84,1.01,3.5
2025-05-01 20:00:00-04:00,51.13,47.010000000000005,0.78,3.34
2025-05-01 21:00:00-04:00,40.54,37.89,-0.0,2.65
2025-05-01 22:00:00-04:00,34.81,32.47,-0.0,2.34
2025-05-01 23:00:00-04:00,32.53,30.55,-0.0,1.98
2025-05-02 00:00:00-04:00,33.12,31.1,-0.0,2.02
2025-05-02 01:00:00-04:00,28.45,26.46,-0.0,1.99
2025-05-02 02:00:00-04:00,27.08,25.28,-0.0,1.8
2025-05-02 03:00:00-04:00,26.3,24.58,-0.0,1.72
2025-05-02 04:00:00-04:00,27.03,25.24,-0.0,1.79
2025-05-02 05:00:00-04:00,30.35,28.39,-0.0,1.96
2025-05-02 06:00:00-04:00,39.69,36.989999999999995,-0.0,2.7
2025-05-02 07:00:00-04:00,44.3,41.209999999999994,-0.0,3.09
2025-05-02 08:00:00-04:00,42.17,38.940000000000005,-0.0,3.23
2025-05-02 09:00:00-04:00,41.3,37.89,-0.0,3.41
2025-05-02 10:00:00-04:00,38.0,34.77,-0.0,3.23
2025-05-02 11:00:00-04:00,37.08,33.769999999999996,-0.0,3.31
2025-05-02 12:00:00-04:00,36.67,33.36000000000001,0.01,3.3
2025-05-02 13:00:00-04:00,38.93,32.97,2.6,3.36
2025-05-02 14:00:00-04:00,40.62,34.98,2.11,3.53
2025-05-02 15:00:00-04:00,41.18,34.730000000000004,2.8,3.65
2025-05-02 16:00:00-04:00,47.11,37.21,5.96,3.94
2025-05-02 17:00:00-04:00,56.0,42.98,8.42,4.6
2025-05-02 18:00:00-04:00,58.13,51.43,1.56,5.14
2025-05-02 19:00:00-04:00,62.2,55.89,0.89,5.42
2025-05-02 20:00:00-04:00,62.8,56.51,0.86,5.43
2025-05-02 21:00:00-04:00,49.09,45.330000000000005,-0.0,3.76
2025-05-02 22:00:00-04:00,42.15,39.02,0.01,3.12
2025-05-02 23:00:00-04:00,37.27,34.7,-0.0,2.57
2025-05-03 00:00:00-04:00,42.19,39.099999999999994,-0.0,3.09
2025-05-03 01:00:00-04:00,35.32,32.67,-0.0,2.65
2025-05-03 02:00:00-04:00,31.28,29.07,-0.0,2.21
2025-05-03 03:00:00-04:00,30.63,28.36,-0.0,2.27
2025-05-03 04:00:00-04:00,30.61,28.45,-0.0,2.16
2025-05-03 05:00:00-04:00,31.51,29.340000000000003,-0.0,2.17
2025-05-03 06:00:00-04:00,34.13,32.050000000000004,-0.0,2.08
2025-05-03 07:00:00-04:00,41.96,39.55,-0.0,2.41
2025-05-03 08:00:00-04:00,39.95,37.370000000000005,-0.0,2.58
2025-05-03 09:00:00-04:00,39.56,36.97,-0.0,2.59
2025-05-03 10:00:00-04:00,38.73,36.26,-0.0,2.47
2025-05-03 11:00:00-04:00,39.88,37.24,-0.0,2.64
2025-05-03 12:00:00-04:00,39.14,36.34,-0.0,2.8
2025-05-03 13:00:00-04:00,40.0,36.79,0.38,2.83
2025-05-03 14:00:00-04:00,42.53,38.75,0.68,3.1
2025-05-03 15:00:00-04:00,47.05,43.61,-0.0,3.44
2025-05-03 16:00:00-04:00,50.83,47.15,-0.0,3.68
2025-05-03 17:00:00-04:00,56.09,50.870000000000005,0.69,4.53
2025-05-03 18:00:00-04:00,60.97,55.879999999999995,-0.0,5.09
2025-05-03 19:00:00-04:00,60.57,55.83,-0.0,4.74
2025-05-03 20:00:00-04:00,57.5,53.69,-0.0,3.81
2025-05-03 21:00:00-04:00,51.52,48.330000000000005,-0.0,3.19
2025-05-03 22:00:00-04:00,46.3,43.48,-0.0,2.82
2025-05-03 23:00:00-04:00,41.69,39.22,-0.0,2.47
2025-05-04 00:00:00-04:00,44.73,39.92999999999999,2.17,2.63
2025-05-04 01:00:00-04:00,35.79,31.27,2.3,2.22
2025-05-04 02:00:00-04:00,33.94,31.659999999999997,-0.0,2.28
2025-05-04 03:00:00-04:00,32.1,30.08,-0.0,2.02
2025-05-04 04:00:00-04:00,31.84,29.84,-0.0,2.0
2025-05-04 05:00:00-04:00,32.22,30.34,-0.0,1.88
2025-05-04 06:00:00-04:00,30.7,28.53,-0.0,2.17
2025-05-04 07:00:00-04:00,32.21,29.96,-0.0,2.25
2025-05-04 08:00:00-04:00,33.63,31.200000000000003,-0.0,2.43
2025-05-04 09:00:00-04:00,37.75,34.32,0.62,2.81
2025-05-04 10:00:00-04:00,38.0,33.24,1.94,2.82
2025-05-04 11:00:00-04:00,39.41,34.57,1.83,3.01
2025-05-04 12:00:00-04:00,39.96,34.99,1.82,3.15
2025-05-04 13:00:00-04:00,40.57,35.72,1.63,3.22
2025-05-04 14:00:00-04:00,39.97,34.839999999999996,1.82,3.31
2025-05-04 15:00:00-04:00,41.73,37.099999999999994,1.22,3.41
2025-05-04 16:00:00-04:00,43.93,38.89,1.5,3.54
2025-05-04 17:00:00-04:00,48.36,35.82,9.17,3.37
2025-05-04 18:00:00-04:00,50.39,45.129999999999995,1.34,3.92
2025-05-04 19:00:00-04:00,52.87,48.32999999999999,0.34,4.2
2025-05-04 20:00:00-04:00,50.73,44.669999999999995,2.31,3.75
2025-05-04 21:00:00-04:00,44.09,39.88,0.78,3.43
2025-05-04 22:00:00-04:00,39.05,34.26,1.88,2.91
2025-05-04 23:00:00-04:00,36.55,32.269999999999996,1.76,2.52
2025-05-05 00:00:00-04:00,35.26,33.23,-0.0,2.03
2025-05-05 01:00:00-04:00,31.21,29.17,-0.0,2.04
2025-05-05 02:00:00-04:00,31.0,27.62,1.64,1.74
2025-05-05 03:00:00-04:00,31.03,29.27,-0.0,1.76
2025-05-05 04:00:00-04:00,32.53,30.72,-0.0,1.81
2025-05-05 05:00:00-04:00,35.76,33.739999999999995,-0.0,2.02
2025-05-05 06:00:00-04:00,43.6,40.75,-0.0,2.85
2025-05-05 07:00:00-04:00,46.88,43.25,-0.0,3.63
2025-05-05 08:00:00-04:00,46.13,40.83,1.42,3.88
2025-05-05 09:00:00-04:00,47.51,41.05,2.43,4.03
2025-05-05 10:00:00-04:00,46.05,38.79,3.57,3.69
2025-05-05 11:00:00-04:00,46.77,42.27,0.74,3.76
2025-05-05 12:00:00-04:00,45.66,40.9,1.04,3.72
2025-05-05 13:00:00-04:00,44.38,39.49,1.38,3.51
2025-05-05 14:00:00-04:00,43.6,38.64,1.44,3.52
2025-05-05 15:00:00-04:00,47.14,41.29,2.13,3.72
2025-05-05 16:00:00-04:00,52.0,41.46,6.81,3.73
2025-05-05 17:00:00-04:00,56.0,43.44,8.52,4.04
2025-05-05 18:00:00-04:00,53.92,48.2,1.53,4.19
2025-05-05 19:00:00-04:00,55.04,50.43,0.33,4.28
2025-05-05 20:00:00-04:00,54.6,48.36,2.08,4.16
2025-05-05 21:00:00-04:00,45.67,41.09,1.13,3.45
2025-05-05 22:00:00-04:00,41.06,36.59,1.43,3.04
2025-05-05 23:00:00-04:00,35.67,33.050000000000004,0.01,2.61
2025-05-06 00:00:00-04:00,35.22,32.92,-0.0,2.3
2025-05-06 01:00:00-04:00,32.27,30.08,-0.0,2.19
2025-05-06 02:00:00-04:00,30.39,27.860000000000003,0.47,2.06
2025-05-06 03:00:00-04:00,30.66,28.58,-0.0,2.08
2025-05-06 04:00:00-04:00,30.93,28.88,-0.0,2.05
2025-05-06 05:00:00-04:00,34.42,32.230000000000004,-0.0,2.19
2025-05-06 06:00:00-04:00,44.49,41.42,-0.0,3.07
2025-05-06 07:00:00-04:00,48.05,44.33,-0.0,3.72
2025-05-06 08:00:00-04:00,48.75,44.89,-0.0,3.86
2025-05-06 09:00:00-04:00,45.49,41.73,0.17,3.59
2025-05-06 10:00:00-04:00,46.81,43.22,-0.0,3.59
2025-05-06 11:00:00-04:00,45.5,41.099999999999994,0.95,3.45
2025-05-06 12:00:00-04:00,44.32,40.49,0.47,3.36
2025-05-06 13:00:00-04:00,43.99,39.940000000000005,0.69,3.36
2025-05-06 14:00:00-04:00,45.07,41.16,0.41,3.5
2025-05-06 15:00:00-04:00,46.11,41.9,0.82,3.39
2025-05-06 16:00:00-04:00,48.43,44.54,0.32,3.57
2025-05-06 17:00:00-04:00,56.01,51.01,0.71,4.29
2025-05-06 18:00:00-04:00,58.0,53.79,0.01,4.2
2025-05-06 19:00:00-04:00,59.46,55.41,0.01,4.04
2025-05-06 20:00:00-04:00,62.0,56.17,1.73,4.1
2025-05-06 21:00:00-04:00,49.13,45.870000000000005,0.14,3.12
2025-05-06 22:00:00-04:00,42.7,39.13,0.83,2.74
2025-05-06 23:00:00-04:00,37.43,34.98,-0.0,2.45
2025-05-07 00:00:00-04:00,38.78,36.17,-0.0,2.61
2025-05-07 01:00:00-04:00,33.92,31.46,-0.0,2.46
2025-05-07 02:00:00-04:00,31.93,29.54,-0.0,2.39
2025-05-07 03:00:00-04:00,30.54,28.25,-0.0,2.29
2025-05-07 04:00:00-04:00,32.59,30.510000000000005,-0.0,2.08
2025-05-07 05:00:00-04:00,37.4,35.379999999999995,-0.0,2.02
2025-05-07 06:00:00-04:00,48.22,45.32,-0.0,2.9
2025-05-07 07:00:00-04:00,53.65,50.28,-0.0,3.37
2025-05-07 08:00:00-04:00,50.0,46.38,-0.0,3.62
2025-05-07 09:00:00-04:00,47.76,44.21,0.01,3.54
2025-05-07 10:00:00-04:00,44.6,41.400000000000006,0.01,3.19
2025-05-07 11:00:00-04:00,43.0,39.33,0.49,3.18
2025-05-07 12:00:00-04:00,43.0,38.48,1.33,3.19
2025-05-07 13:00:00-04:00,42.78,37.99,1.56,3.23
2025-05-07 14:00:00-04:00,43.0,37.9,1.92,3.18
2025-05-07 15:00:00-04:00,44.97,40.17,1.47,3.33
2025-05-07 16:00:00-04:00,47.11,43.14,0.6,3.37
2025-05-07 17:00:00-04:00,52.63,48.720000000000006,0.01,3.9
2025-05-07 18:00:00-04:00,59.25,54.25,1.04,3.96
2025-05-07 19:00:00-04:00,62.71,57.94,0.02,4.75
2025-05-07 20:00:00-04:00,65.06,60.22,0.02,4.82
2025-05-07 21:00:00-04:00,53.92,49.74,0.75,3.43
2025-05-07 22:00:00-04:00,45.98,43.04,0.01,2.93
2025-05-07 23:00:00-04:00,38.02,35.67,-0.0,2.35
2025-05-08 00:00:00-04:00,42.33,38.61,1.44,2.28
2025-05-08 01:00:00-04:00,34.64,30.3,2.31,2.03
2025-05-08 02:00:00-04:00,34.53,30.280000000000005,2.31,1.94
2025-05-08 03:00:00-04:00,33.72,29.4,2.44,1.88
2025-05-08 04:00:00-04:00,34.57,30.56,2.21,1.8
2025-05-08 05:00:00-04:00,37.93,34.08,1.77,2.08
2025-05-08 06:00:00-04:00,47.5,43.989999999999995,0.74,2.77
2025-05-08 07:00:00-04:00,51.07,46.93,0.72,3.42
2025-05-08 08:00:00-04:00,48.4,44.05,0.7,3.65
2025-05-08 09:00:00-04:00,43.13,38.39000000000001,1.48,3.26
2025-05-08 10:00:00-04:00,41.95,37.07000000000001,1.62,3.26
2025-05-08 11:00:00-04:00,41.26,36.309999999999995,1.68,3.27
2025-05-08 12:00:00-04:00,40.48,35.46,1.79,3.23
2025-05-08 13:00:00-04:00,40.84,35.7,1.75,3.39
2025-05-08 14:00:00-04:00,41.74,34.78,3.59,3.37
2025-05-08 15:00:00-04:00,42.52,37.260000000000005,1.72,3.54
2025-05-08 16:00:00-04:00,47.17,42.08,1.14,3.95
2025-05-08 17:00:00-04:00,51.03,46.95,-0.0,4.08
2025-05-08 18:00:00-04:00,57.09,52.760000000000005,-0.0,4.33
2025-05-08 19:00:00-04:00,59.79,55.41,-0.0,4.38
2025-05-08 20:00:00-04:00,59.41,55.16,-0.0,4.25
2025-05-08 21:00:00-04:00,51.61,47.07,0.96,3.58
2025-05-08 22:00:00-04:00,44.45,40.36000000000001,1.22,2.87
2025-05-08 23:00:00-04:00,38.44,34.14,1.98,2.32
2025-05-09 00:00:00-04:00,35.46,33.3,-0.0,2.16
2025-05-09 01:00:00-04:00,31.47,29.33,-0.0,2.14
2025-05-09 02:00:00-04:00,30.0,27.98,-0.0,2.02
2025-05-09 03:00:00-04:00,29.13,27.17,-0.0,1.96
2025-05-09 04:00:00-04:00,30.0,28.04,-0.0,1.96
2025-05-09 05:00:00-04:00,33.06,31.040000000000003,-0.0,2.02
2025-05-09 06:00:00-04:00,41.67,39.02,-0.0,2.65
2025-05-09 07:00:00-04:00,45.06,41.760000000000005,-0.0,3.3
2025-05-09 08:00:00-04:00,47.98,44.02,-0.0,3.96
2025-05-09 09:00:00-04:00,44.45,40.63,-0.0,3.82
2025-05-09 10:00:00-04:00,42.42,38.95,-0.0,3.47
2025-05-09 11:00:00-04:00,41.22,37.82,-0.0,3.4
2025-05-09 12:00:00-04:00,42.0,37.22,1.39,3.39
2025-05-09 13:00:00-04:00,41.78,36.64,1.77,3.37
2025-05-09 14:00:00-04:00,39.6,36.27,-0.0,3.33
2025-05-09 15:00:00-04:00,41.57,36.61,1.7,3.26
2025-05-09 16:00:00-04:00,44.63,39.83,1.06,3.74
2025-05-09 17:00:00-04:00,45.21,40.35,1.19,3.67
2025-05-09 18:00:00-04:00,47.53,43.67,0.37,3.49
2025-05-09 19:00:00-04:00,49.41,45.919999999999995,-0.0,3.49
2025-05-09 20:00:00-04:00,50.94,47.21,-0.0,3.73
2025-05-09 21:00:00-04:00,42.17,39.15,-0.0,3.02
2025-05-09 22:00:00-04:00,38.0,35.25,-0.0,2.75
2025-05-09 23:00:00-04:00,36.1,33.550000000000004,-0.0,2.55
2025-05-10 00:00:00-04:00,38.15,33.43,2.05,2.67
2025-05-10 01:00:00-04:00,36.5,31.72,2.21,2.57
2025-05-10 02:00:00-04:00,34.15,29.29,2.55,2.31
2025-05-10 03:00:00-04:00,33.87,28.949999999999996,2.6,2.32
2025-05-10 04:00:00-04:00,33.31,28.320000000000004,2.7,2.29
2025-05-10 05:00:00-04:00,34.87,29.94,2.42,2.51
2025-05-10 06:00:00-04:00,35.67,30.87,2.27,2.53
2025-05-10 07:00:00-04:00,35.76,30.489999999999995,2.71,2.56
2025-05-10 08:00:00-04:00,34.81,28.110000000000003,4.23,2.47
2025-05-10 09:00:00-04:00,33.75,24.75,6.77,2.23
2025-05-10 10:00:00-04:00,32.2,22.42,7.83,1.95
2025-05-10 11:00:00-04:00,30.96,20.22,8.92,1.82
2025-05-10 12:00:00-04:00,30.91,20.6,8.52,1.79
2025-05-10 13:00:00-04:00,30.43,20.199999999999996,8.47,1.76
2025-05-10 14:00:00-04:00,30.46,21.08,7.52,1.86
2025-05-10 15:00:00-04:00,30.61,21.159999999999997,7.51,1.94
2025-05-10 16:00:00-04:00,34.08,20.58,11.65,1.85
2025-05-10 17:00:00-04:00,36.32,30.440000000000005,3.08,2.8
2025-05-10 18:00:00-04:00,41.94,36.8,1.83,3.31
2025-05-10 19:00:00-04:00,45.98,41.4,1.1,3.48
2025-05-10 20:00:00-04:00,49.29,44.56,0.9,3.83
2025-05-10 21:00:00-04:00,42.88,38.18,1.64,3.06
2025-05-10 22:00:00-04:00,38.02,32.97,2.31,2.74
2025-05-10 23:00:00-04:00,35.42,30.53,2.32,2.57
2025-05-11 00:00:00-04:00,33.32,28.68,2.23,2.41
2025-05-11 01:00:00-04:00,30.26,24.71,3.35,2.2
2025-05-11 02:00:00-04:00,27.85,24.26,1.48,2.11
2025-05-11 03:00:00-04:00,26.95,23.78,1.15,2.02
2025-05-11 04:00:00-04:00,28.59,25.43,1.07,2.09
2025-05-11 05:00:00-04:00,30.12,27.49,0.46,2.17
2025-05-11 06:00:00-04:00,30.92,28.74,-0.0,2.18
2025-05-11 07:00:00-04:00,30.03,27.19,0.64,2.2
2025-05-11 08:00:00-04:00,26.99,24.88,-0.0,2.11
2025-05-11 09:00:00-04:00,23.7,21.72,-0.0,1.98
2025-05-11 10:00:00-04:00,22.14,20.2,-0.0,1.94
2025-05-11 11:00:00-04:00,20.97,18.35,0.79,1.83
2025-05-11 12:00:00-04:00,20.55,16.12,2.72,1.71
2025-05-11 13:00:00-04:00,22.86,18.54,2.39,1.93
2025-05-11 14:00:00-04:00,24.48,12.27,10.86,1.35
2025-05-11 15:00:00-04:00,25.87,15.260000000000002,8.95,1.66
2025-05-11 16:00:00-04:00,25.96,17.120000000000005,7.01,1.83
2025-05-11 17:00:00-04:00,34.67,28.1,3.84,2.73
2025-05-11 18:00:00-04:00,41.79,37.05,1.55,3.19
2025-05-11 19:00:00-04:00,49.35,45.64,0.01,3.7
2025-05-11 20:00:00-04:00,52.53,49.05,-0.0,3.48
2025-05-11 21:00:00-04:00,45.67,42.3,0.62,2.75
2025-05-11 22:00:00-04:00,37.81,35.57,-0.0,2.24
2025-05-11 23:00:00-04:00,33.2,31.140000000000004,-0.0,2.06
2025-05-12 00:00:00-04:00,29.75,27.75,-0.0,2.0
2025-05-12 01:00:00-04:00,23.0,21.32,-0.0,1.68
2025-05-12 02:00:00-04:00,21.67,19.950000000000003,0.18,1.54
2025-05-12 03:00:00-04:00,21.55,20.07,-0.0,1.48
2025-05-12 04:00:00-04:00,24.02,22.53,-0.0,1.49
2025-05-12 05:00:00-04:00,31.64,29.88,-0.0,1.76
2025-05-12 06:00:00-04:00,37.71,35.51,-0.0,2.2
2025-05-12 07:00:00-04:00,40.29,37.55,-0.0,2.74
2025-05-12 08:00:00-04:00,37.38,34.64,-0.0,2.74
2025-05-12 09:00:00-04:00,32.29,29.7,0.01,2.58
2025-05-12 10:00:00-04:00,31.17,28.59,0.01,2.57
2025-05-12 11:00:00-04:00,31.16,26.81,1.67,2.68
2025-05-12 12:00:00-04:00,31.25,25.5,3.0,2.75
2025-05-12 13:00:00-04:00,32.05,25.959999999999997,3.23,2.86
2025-05-12 14:00:00-04:00,33.14,25.96,4.3,2.88
2025-05-12 15:00:00-04:00,34.46,28.06,3.29,3.11
2025-05-12 16:00:00-04:00,38.6,32.989999999999995,2.34,3.27
2025-05-12 17:00:00-04:00,47.68,43.25,0.8,3.63
2025-05-12 18:00:00-04:00,54.93,51.24,-0.0,3.69
2025-05-12 19:00:00-04:00,59.52,55.52,-0.0,4.0
2025-05-12 20:00:00-04:00,59.47,55.58,-0.0,3.89
2025-05-12 21:00:00-04:00,50.79,47.65,-0.0,3.14
2025-05-12 22:00:00-04:00,42.82,39.02,1.15,2.65
2025-05-12 23:00:00-04:00,34.42,32.14,-0.0,2.28
2025-05-13 00:00:00-04:00,32.0,29.6,-0.0,2.4
2025-05-13 01:00:00-04:00,29.38,26.95,-0.0,2.43
2025-05-13 02:00:00-04:00,28.0,25.71,-0.0,2.29
2025-05-13 03:00:00-04:00,27.87,25.78,-0.0,2.09
2025-05-13 04:00:00-04:00,29.84,27.92,-0.0,1.92
2025-05-13 05:00:00-04:00,32.67,30.82,-0.0,1.85
2025-05-13 06:00:00-04:00,40.66,38.209999999999994,-0.0,2.45
2025-05-13 07:00:00-04:00,41.44,38.58,-0.0,2.86
2025-05-13 08:00:00-04:00,41.04,37.93,-0.0,3.11
2025-05-13 09:00:00-04:00,38.19,35.199999999999996,-0.0,2.99
2025-05-13 10:00:00-04:00,38.39,35.57,0.01,2.81
2025-05-13 11:00:00-04:00,39.0,34.550000000000004,1.51,2.94
2025-05-13 12:00:00-04:00,39.0,33.75,2.32,2.93
2025-05-13 13:00:00-04:00,46.42,34.59,8.82,3.01
2025-05-13 14:00:00-04:00,41.8,36.169999999999995,2.49,3.14
2025-05-13 15:00:00-04:00,43.21,38.02,1.96,3.23
2025-05-13 16:00:00-04:00,46.0,40.93,1.76,3.31
2025-05-13 17:00:00-04:00,51.41,47.7,0.09,3.62
2025-05-13 18:00:00-04:00,53.7,50.080000000000005,0.01,3.61
2025-05-13 19:00:00-04:00,55.44,51.71,0.11,3.62
2025-05-13 20:00:00-04:00,58.82,50.77,4.39,3.66
2025-05-13 21:00:00-04:00,46.39,42.120000000000005,1.4,2.87
2025-05-13 22:00:00-04:00,39.35,33.9,2.77,2.68
2025-05-13 23:00:00-04:00,37.1,28.42,6.29,2.39
2025-05-14 00:00:00-04:00,32.52,22.050000000000004,8.4,2.07
2025-05-14 01:00:00-04:00,30.12,18.61,9.74,1.77
2025-05-14 02:00:00-04:00,28.47,19.15,7.5,1.82
2025-05-14 03:00:00-04:00,27.58,16.629999999999995,9.4,1.55
2025-05-14 04:00:00-04:00,29.07,20.15,6.98,1.94
2025-05-14 05:00:00-04:00,30.98,28.47,-0.0,2.51
2025-05-14 06:00:00-04:00,36.82,34.28,-0.0,2.54
2025-05-14 07:00:00-04:00,43.17,39.82,-0.0,3.35
2025-05-14 08:00:00-04:00,43.49,39.85,0.01,3.63
2025-05-14 09:00:00-04:00,43.14,38.44,1.13,3.57
2025-05-14 10:00:00-04:00,42.3,37.599999999999994,1.35,3.35
2025-05-14 11:00:00-04:00,41.53,36.690000000000005,1.68,3.16
2025-05-14 12:00:00-04:00,41.46,36.54,1.7,3.22
2025-05-14 13:00:00-04:00,41.99,37.19,1.56,3.24
2025-05-14 14:00:00-04:00,42.74,37.96,1.51,3.27
2025-05-14 15:00:00-04:00,44.3,39.46,1.44,3.4
2025-05-14 16:00:00-04:00,45.91,41.25,1.16,3.5
2025-05-14 17:00:00-04:00,49.6,45.47,0.13,4.0
2025-05-14 18:00:00-04:00,52.39,48.69,-0.0,3.7
2025-05-14 19:00:00-04:00,56.35,52.42,-0.0,3.93
2025-05-14 20:00:00-04:00,55.04,51.15,-0.0,3.89
2025-05-14 21:00:00-04:00,49.41,46.04,0.01,3.36
2025-05-14 22:00:00-04:00,38.79,35.940000000000005,0.01,2.84
2025-05-14 23:00:00-04:00,36.18,33.18,0.01,2.99
2025-05-15 00:00:00-04:00,30.96,28.46,-0.0,2.5
2025-05-15 01:00:00-04:00,27.53,25.3,-0.0,2.23
2025-05-15 02:00:00-04:00,27.98,25.65,-0.0,2.33
2025-05-15 03:00:00-04:00,27.04,24.81,-0.0,2.23
2025-05-15 04:00:00-04:00,26.7,24.56,-0.0,2.14
2025-05-15 05:00:00-04:00,31.85,29.57,-0.0,2.28
2025-05-15 06:00:00-04:00,39.26,36.83,-0.0,2.43
2025-05-15 07:00:00-04:00,43.92,40.92,0.01,2.99
2025-05-15 08:00:00-04:00,45.83,42.06999999999999,0.56,3.2
2025-05-15 09:00:00-04:00,44.14,39.82,1.13,3.19
2025-05-15 10:00:00-04:00,42.29,37.56,1.61,3.12
2025-05-15 11:00:00-04:00,42.66,37.93,1.51,3.22
2025-05-15 12:00:00-04:00,40.69,35.63999999999999,2.02,3.03
2025-05-15 13:00:00-04:00,41.96,37.080000000000005,1.69,3.19
2025-05-15 14:00:00-04:00,44.02,38.92,1.64,3.46
2025-05-15 15:00:00-04:00,45.31,39.970000000000006,1.62,3.72
2025-05-15 16:00:00-04:00,48.23,43.42999999999999,0.85,3.95
2025-05-15 17:00:00-04:00,51.79,47.86,-0.0,3.93
2025-05-15 18:00:00-04:00,56.16,52.34,-0.0,3.82
2025-05-15 19:00:00-04:00,59.41,55.419999999999995,-0.0,3.99
2025-05-15 20:00:00-04:00,59.57,55.41,-0.0,4.16
2025-05-15 21:00:00-04:00,51.15,47.71,-0.0,3.44
2025-05-15 22:00:00-04:00,44.8,40.54,1.26,3.0
2025-05-15 23:00:00-04:00,38.21,35.7,0.01,2.5
2025-05-16 00:00:00-04:00,35.06,32.74,-0.0,2.32
2025-05-16 01:00:00-04:00,30.63,28.15,-0.0,2.48
2025-05-16 02:00:00-04:00,26.63,24.36,-0.0,2.27
2025-05-16 03:00:00-04:00,24.04,22.02,-0.0,2.02
2025-05-16 04:00:00-04:00,27.76,25.56,-0.0,2.2
2025-05-16 05:00:00-04:00,33.92,31.790000000000003,-0.0,2.13
2025-05-16 06:00:00-04:00,39.97,37.53,-0.0,2.44
2025-05-16 07:00:00-04:00,43.18,40.05,-0.0,3.13
2025-05-16 08:00:00-04:00,43.82,40.46,-0.0,3.36
2025-05-16 09:00:00-04:00,42.71,39.28,0.01,3.42
2025-05-16 10:00:00-04:00,42.01,38.53,0.01,3.47
2025-05-16 11:00:00-04:00,43.76,38.53999999999999,1.56,3.66
2025-05-16 12:00:00-04:00,44.42,37.53,3.25,3.64
2025-05-16 13:00:00-04:00,47.32,38.56,5.02,3.74
2025-05-16 14:00:00-04:00,51.53,39.62,8.07,3.84
2025-05-16 15:00:00-04:00,54.87,41.84,8.97,4.06
2025-05-16 16:00:00-04:00,54.7,49.7,0.03,4.97
2025-05-16 17:00:00-04:00,59.97,54.25,0.67,5.05
2025-05-16 18:00:00-04:00,60.35,55.47,-0.0,4.88
2025-05-16 19:00:00-04:00,60.36,55.58,-0.0,4.78
2025-05-16 20:00:00-04:00,57.88,53.99,-0.0,3.89
2025-05-16 21:00:00-04:00,50.5,47.01,0.06,3.43
2025-05-16 22:00:00-04:00,43.98,39.21,1.55,3.22
2025-05-16 23:00:00-04:00,37.01,33.79,0.01,3.21
2025-05-17 00:00:00-04:00,33.69,30.869999999999997,0.01,2.81
2025-05-17 01:00:00-04:00,30.34,27.67,0.01,2.66
2025-05-17 02:00:00-04:00,28.62,26.020000000000003,0.18,2.42
2025-05-17 03:00:00-04:00,26.68,24.42,0.01,2.25
2025-05-17 04:00:00-04:00,26.71,24.45,0.01,2.25
2025-05-17 05:00:00-04:00,27.67,23.350000000000005,2.31,2.01
2025-05-17 06:00:00-04:00,30.15,25.1,2.82,2.23
2025-05-17 07:00:00-04:00,30.88,24.61,3.83,2.44
2025-05-17 08:00:00-04:00,32.76,22.409999999999997,8.15,2.2
2025-05-17 09:00:00-04:00,36.49,24.340000000000003,9.76,2.39
2025-05-17 10:00:00-04:00,37.69,25.950000000000003,9.19,2.55
2025-05-17 11:00:00-04:00,43.04,27.139999999999997,13.27,2.63
2025-05-17 12:00:00-04:00,45.68,27.43,15.53,2.72
2025-05-17 13:00:00-04:00,45.7,25.26,17.91,2.53
2025-05-17 14:00:00-04:00,47.0,22.74,21.89,2.37
2025-05-17 15:00:00-04:00,55.0,22.55,30.01,2.44
2025-05-17 16:00:00-04:00,54.53,27.840000000000003,23.71,2.98
2025-05-17 17:00:00-04:00,73.5,29.879999999999995,40.45,3.17
2025-05-17 18:00:00-04:00,60.37,30.77,26.34,3.26
2025-05-17 19:00:00-04:00,55.24,30.64,21.35,3.25
2025-05-17 20:00:00-04:00,54.33,34.68,16.15,3.5
2025-05-17 21:00:00-04:00,47.86,29.130000000000003,15.93,2.8
2025-05-17 22:00:00-04:00,42.13,32.17000000000001,6.87,3.09
2025-05-17 23:00:00-04:00,36.8,24.21999999999999,10.13,2.45
2025-05-18 00:00:00-04:00,30.95,16.439999999999998,12.82,1.69
2025-05-18 01:00:00-04:00,25.31,13.99,9.94,1.38
2025-05-18 02:00:00-04:00,22.0,12.78,8.02,1.2
2025-05-18 03:00:00-04:00,21.89,12.96,7.72,1.21
2025-05-18 04:00:00-04:00,21.24,11.159999999999997,9.05,1.03
2025-05-18 05:00:00-04:00,22.0,7.010000000000002,14.41,0.58
2025-05-18 06:00:00-04:00,22.1,10.2,11.03,0.87
2025-05-18 07:00:00-04:00,20.84,10.21,9.66,0.97
2025-05-18 08:00:00-04:00,22.58,9.51,12.17,0.9
2025-05-18 09:00:00-04:00,24.46,10.420000000000002,13.04,1.0
2025-05-18 10:00:00-04:00,25.85,10.63,14.22,1.0
2025-05-18 11:00:00-04:00,26.68,12.95,12.54,1.19
2025-05-18 12:00:00-04:00,27.18,14.89,10.9,1.39
2025-05-18 13:00:00-04:00,27.17,10.52,15.64,1.01
2025-05-18 14:00:00-04:00,30.0,12.94,15.83,1.23
2025-05-18 15:00:00-04:00,30.0,14.15,14.49,1.36
2025-05-18 16:00:00-04:00,32.06,16.37,14.18,1.51
2025-05-18 17:00:00-04:00,38.34,21.080000000000005,15.28,1.98
2025-05-18 18:00:00-04:00,40.6,20.980000000000004,17.65,1.97
2025-05-18 19:00:00-04:00,43.45,23.33,17.95,2.17
2025-05-18 20:00:00-04:00,43.38,24.11,17.03,2.24
2025-05-18 21:00:00-04:00,35.16,25.269999999999996,7.64,2.25
2025-05-18 22:00:00-04:00,31.07,28.74,-0.0,2.33
2025-05-18 23:00:00-04:00,28.97,18.18,9.43,1.36
2025-05-19 00:00:00-04:00,25.88,22.89,0.86,2.13
2025-05-19 01:00:00-04:00,21.61,18.26,1.74,1.61
2025-05-19 02:00:00-04:00,20.28,16.830000000000002,2.07,1.38
2025-05-19 03:00:00-04:00,19.38,17.15,0.86,1.37
2025-05-19 04:00:00-04:00,20.16,16.419999999999998,2.41,1.33
2025-05-19 05:00:00-04:00,22.36,20.67,-0.0,1.69
2025-05-19 06:00:00-04:00,32.02,29.680000000000003,-0.0,2.34
2025-05-19 07:00:00-04:00,33.69,32.89,-2.46,3.26
2025-05-19 08:00:00-04:00,31.18,30.24,-2.08,3.02
2025-05-19 09:00:00-04:00,31.56,28.1,0.88,2.58
2025-05-19 10:00:00-04:00,30.0,30.15,-2.96,2.81
2025-05-19 11:00:00-04:00,30.28,31.54,-4.1,2.84
2025-05-19 12:00:00-04:00,31.54,30.74,-2.06,2.86
2025-05-19 13:00:00-04:00,33.4,29.2,1.22,2.98
2025-05-19 14:00:00-04:00,33.4,25.99,4.66,2.75
2025-05-19 15:00:00-04:00,34.78,28.28,3.65,2.85
2025-05-19 16:00:00-04:00,36.52,36.28000000000001,-3.1,3.34
2025-05-19 17:00:00-04:00,44.08,45.71,-5.65,4.02
2025-05-19 18:00:00-04:00,50.43,52.27,-5.97,4.13
2025-05-19 19:00:00-04:00,49.17,46.69,-1.26,3.74
2025-05-19 20:00:00-04:00,49.67,47.3,-1.32,3.69
2025-05-19 21:00:00-04:00,41.5,39.22,-0.58,2.86
2025-05-19 22:00:00-04:00,34.48,32.41,-0.29,2.36
2025-05-19 23:00:00-04:00,31.09,29.25,-0.0,1.84
2025-05-20 00:00:00-04:00,27.58,25.97,-0.0,1.61
2025-05-20 01:00:00-04:00,24.98,23.39,-0.0,1.59
2025-05-20 02:00:00-04:00,23.66,22.28,-0.0,1.38
2025-05-20 03:00:00-04:00,22.98,21.78,-0.0,1.2
2025-05-20 04:00:00-04:00,24.52,23.2,-0.0,1.32
2025-05-20 05:00:00-04:00,29.14,27.65,-0.0,1.49
2025-05-20 06:00:00-04:00,36.39,34.33,-0.0,2.06
2025-05-20 07:00:00-04:00,37.8,35.39,-0.0,2.41
2025-05-20 08:00:00-04:00,31.64,29.5,0.01,2.13
2025-05-20 09:00:00-04:00,28.44,26.200000000000003,0.22,2.02
2025-05-20 10:00:00-04:00,29.13,27.08,0.02,2.03
2025-05-20 11:00:00-04:00,29.88,26.6,1.2,2.08
2025-05-20 12:00:00-04:00,29.11,26.66,0.37,2.08
2025-05-20 13:00:00-04:00,30.22,27.49,0.58,2.15
2025-05-20 14:00:00-04:00,33.79,27.69,3.88,2.22
2025-05-20 15:00:00-04:00,34.92,28.3,4.3,2.32
2025-05-20 16:00:00-04:00,35.68,30.68,2.39,2.61
2025-05-20 17:00:00-04:00,39.96,35.54,1.5,2.92
2025-05-20 18:00:00-04:00,47.16,44.29,-0.14,3.01
2025-05-20 19:00:00-04:00,54.4,46.77,4.5,3.13
2025-05-20 20:00:00-04:00,52.8,49.66,-0.09,3.23
2025-05-20 21:00:00-04:00,43.26,40.09,0.77,2.4
2025-05-20 22:00:00-04:00,36.74,32.59,2.1,2.05
2025-05-20 23:00:00-04:00,31.06,29.33,-0.0,1.73
2025-05-21 00:00:00-04:00,28.11,26.65,-0.0,1.46
2025-05-21 01:00:00-04:00,25.38,24.01,-0.0,1.37
2025-05-21 02:00:00-04:00,24.07,22.82,-0.0,1.25
2025-05-21 03:00:00-04:00,22.2,21.08,-0.0,1.12
2025-05-21 04:00:00-04:00,23.15,21.94,-0.0,1.21
2025-05-21 05:00:00-04:00,25.94,24.71,-0.0,1.23
2025-05-21 06:00:00-04:00,32.25,30.69,-0.0,1.56
2025-05-21 07:00:00-04:00,36.01,33.9,-0.03,2.14
2025-05-21 08:00:00-04:00,35.52,33.18,-0.08,2.42
2025-05-21 09:00:00-04:00,33.42,31.14,-0.18,2.46
2025-05-21 10:00:00-04:00,32.62,30.3,-0.01,2.33
2025-05-21 11:00:00-04:00,31.8,29.56,-0.01,2.25
2025-05-21 12:00:00-04:00,31.85,29.67,-0.22,2.4
2025-05-21 13:00:00-04:00,31.42,29.06,-0.14,2.5
2025-05-21 14:00:00-04:00,30.55,28.06,-0.01,2.5
2025-05-21 15:00:00-04:00,31.86,29.2,-0.0,2.66
2025-05-21 16:00:00-04:00,36.85,34.23,-0.15,2.77
2025-05-21 17:00:00-04:00,41.56,38.37,0.24,2.95
2025-05-21 18:00:00-04:00,43.94,41.44,-0.49,2.99
2025-05-21 19:00:00-04:00,46.13,43.620000000000005,-0.54,3.05
2025-05-21 20:00:00-04:00,46.14,43.54,-0.54,3.14
2025-05-21 21:00:00-04:00,37.7,35.25,-0.16,2.61
2025-05-21 22:00:00-04:00,31.06,28.84,-0.0,2.22
2025-05-21 23:00:00-04:00,28.4,26.23,0.15,2.02
2025-05-22 00:00:00-04:00,27.23,25.02,0.13,2.08
2025-05-22 01:00:00-04:00,26.56,19.28,5.72,1.56
2025-05-22 02:00:00-04:00,23.13,17.58,4.11,1.44
2025-05-22 03:00:00-04:00,20.74,18.11,1.15,1.48
2025-05-22 04:00:00-04:00,22.0,20.43,-0.0,1.57
2025-05-22 05:00:00-04:00,26.48,24.68,-0.0,1.8
2025-05-22 06:00:00-04:00,31.1,29.15,-0.0,1.95
2025-05-22 07:00:00-04:00,36.01,33.559999999999995,-0.0,2.45
2025-05-22 08:00:00-04:00,40.96,38.35,-0.0,2.61
2025-05-22 09:00:00-04:00,39.57,36.830000000000005,-0.06,2.8
2025-05-22 10:00:00-04:00,39.58,36.68,-0.07,2.97
2025-05-22 11:00:00-04:00,39.24,36.54,-0.26,2.96
2025-05-22 12:00:00-04:00,36.95,34.440000000000005,-0.18,2.69
2025-05-22 13:00:00-04:00,36.38,33.74,-0.13,2.77
2025-05-22 14:00:00-04:00,36.08,33.1,-0.03,3.01
2025-05-22 15:00:00-04:00,36.39,33.6,-0.34,3.13
2025-05-22 16:00:00-04:00,38.87,36.42999999999999,-0.44,2.88
2025-05-22 17:00:00-04:00,45.98,43.27,-0.62,3.33
2025-05-22 18:00:00-04:00,47.64,44.93,-0.48,3.19
2025-05-22 19:00:00-04:00,47.38,44.6,-0.21,2.99
2025-05-22 20:00:00-04:00,49.28,46.49,-0.19,2.98
2025-05-22 21:00:00-04:00,41.74,39.34,-0.0,2.4
2025-05-22 22:00:00-04:00,35.08,32.949999999999996,-0.01,2.14
2025-05-22 23:00:00-04:00,32.14,30.26,-0.0,1.88
2025-05-23 00:00:00-04:00,29.18,27.48,-0.0,1.7
2025-05-23 01:00:00-04:00,26.43,24.84,-0.0,1.59
2025-05-23 02:00:00-04:00,24.16,22.71,-0.0,1.45
2025-05-23 03:00:00-04:00,22.44,21.19,-0.0,1.25
2025-05-23 04:00:00-04:00,25.55,24.2,-0.0,1.35
2025-05-23 05:00:00-04:00,29.58,28.25,-0.0,1.33
2025-05-23 06:00:00-04:00,35.55,33.84,-0.02,1.73
2025-05-23 07:00:00-04:00,41.24,39.03,-0.01,2.22
2025-05-23 08:00:00-04:00,41.86,39.69,-0.01,2.18
2025-05-23 09:00:00-04:00,39.46,37.13,-0.01,2.34
2025-05-23 10:00:00-04:00,38.39,36.27,-0.02,2.14
2025-05-23 11:00:00-04:00,36.74,34.61000000000001,-0.02,2.15
2025-05-23 12:00:00-04:00,36.07,33.92,-0.02,2.17
2025-05-23 13:00:00-04:00,35.07,32.91,-0.01,2.17
2025-05-23 14:00:00-04:00,34.61,32.39,-0.01,2.23
2025-05-23 15:00:00-04:00,34.74,32.54,-0.01,2.21
2025-05-23 16:00:00-04:00,36.69,34.29,-0.0,2.4
2025-05-23 17:00:00-04:00,41.92,39.36,-0.0,2.56
2025-05-23 18:00:00-04:00,43.53,41.07,-0.0,2.46
2025-05-23 19:00:00-04:00,46.43,43.76,-0.0,2.67
2025-05-23 20:00:00-04:00,47.77,45.150000000000006,-0.0,2.62
2025-05-23 21:00:00-04:00,41.9,39.879999999999995,-0.01,2.03
2025-05-23 22:00:00-04:00,36.1,34.2,-0.01,1.91
2025-05-23 23:00:00-04:00,32.85,31.14,-0.0,1.71
2025-05-24 00:00:00-04:00,31.75,30.25,-0.01,1.51
2025-05-24 01:00:00-04:00,26.78,25.24,-0.0,1.54
2025-05-24 02:00:00-04:00,24.66,23.18,-0.0,1.48
2025-05-24 03:00:00-04:00,22.48,21.13,-0.0,1.35
2025-05-24 04:00:00-04:00,25.1,23.68,-0.0,1.42
2025-05-24 05:00:00-04:00,26.23,24.86,-0.0,1.37
2025-05-24 06:00:00-04:00,27.4,26.119999999999997,-0.0,1.28
2025-05-24 07:00:00-04:00,28.41,27.08,-0.0,1.33
2025-05-24 08:00:00-04:00,28.3,26.93,-0.0,1.37
2025-05-24 09:00:00-04:00,28.77,27.3,-0.0,1.47
2025-05-24 10:00:00-04:00,29.16,27.680000000000003,-0.01,1.49
2025-05-24 11:00:00-04:00,28.51,26.950000000000003,-0.0,1.56
2025-05-24 12:00:00-04:00,28.25,26.68,-0.0,1.57
2025-05-24 13:00:00-04:00,27.01,25.46,-0.0,1.55
2025-05-24 14:00:00-04:00,26.91,25.29,-0.0,1.62
2025-05-24 15:00:00-04:00,27.53,25.92,-0.0,1.61
2025-05-24 16:00:00-04:00,29.56,27.93,-0.02,1.65
2025-05-24 17:00:00-04:00,33.9,31.979999999999997,-0.0,1.92
2025-05-24 18:00:00-04:00,39.63,37.46,-0.0,2.17
2025-05-24 19:00:00-04:00,44.85,42.67,-0.0,2.18
2025-05-24 20:00:00-04:00,47.94,45.53,-0.0,2.41
2025-05-24 21:00:00-04:00,41.75,39.8,-0.0,1.95
2025-05-24 22:00:00-04:00,34.17,32.45,-0.0,1.72
2025-05-24 23:00:00-04:00,29.23,27.8,-0.01,1.44
2025-05-25 00:00:00-04:00,25.63,24.46,-0.0,1.17
2025-05-25 01:00:00-04:00,23.0,21.72,-0.0,1.28
2025-05-25 02:00:00-04:00,20.57,19.42,-0.0,1.15
2025-05-25 03:00:00-04:00,20.1,18.93,-0.0,1.17
2025-05-25 04:00:00-04:00,21.84,20.76,-0.0,1.08
2025-05-25 05:00:00-04:00,22.51,21.46,-0.0,1.05
2025-05-25 06:00:00-04:00,24.07,22.92,-0.0,1.15
2025-05-25 07:00:00-04:00,23.17,22.05,-0.0,1.12
2025-05-25 08:00:00-04:00,22.23,21.07,-0.0,1.16
2025-05-25 09:00:00-04:00,20.49,19.31,-0.0,1.18
2025-05-25 10:00:00-04:00,20.98,19.75,-0.0,1.23
2025-05-25 11:00:00-04:00,20.22,19.04,-0.0,1.18
2025-05-25 12:00:00-04:00,20.39,19.15,-0.0,1.24
2025-05-25 13:00:00-04:00,19.4,18.18,-0.0,1.22
2025-05-25 14:00:00-04:00,20.17,18.880000000000003,-0.0,1.29
2025-05-25 15:00:00-04:00,21.29,19.99,-0.0,1.3
2025-05-25 16:00:00-04:00,23.05,21.75,-0.0,1.3
2025-05-25 17:00:00-04:00,27.49,26.09,-0.01,1.41
2025-05-25 18:00:00-04:00,34.37,32.83,-0.0,1.54
2025-05-25 19:00:00-04:00,40.79,39.07,-0.0,1.72
2025-05-25 20:00:00-04:00,43.05,41.32,-0.0,1.73
2025-05-25 21:00:00-04:00,37.74,36.22,-0.0,1.52
2025-05-25 22:00:00-04:00,31.2,30.040000000000003,-0.01,1.17
2025-05-25 23:00:00-04:00,26.18,25.2,-0.0,0.98
2025-05-26 00:00:00-04:00,23.99,22.59,-0.0,1.4
2025-05-26 01:00:00-04:00,22.12,20.6,-0.0,1.52
2025-05-26 02:00:00-04:00,19.57,18.25,-0.0,1.32
2025-05-26 03:00:00-04:00,18.63,17.46,-0.0,1.17
2025-05-26 04:00:00-04:00,21.43,20.26,-0.0,1.17
2025-05-26 05:00:00-04:00,23.47,22.369999999999997,-0.0,1.1
2025-05-26 06:00:00-04:00,25.86,24.68,-0.0,1.18
2025-05-26 07:00:00-04:00,24.27,23.03,-0.0,1.24
2025-05-26 08:00:00-04:00,21.79,20.48,-0.0,1.31
2025-05-26 09:00:00-04:00,19.79,18.44,-0.0,1.35
2025-05-26 10:00:00-04:00,20.35,18.97,-0.0,1.38
2025-05-26 11:00:00-04:00,20.44,18.98,-0.0,1.46
2025-05-26 12:00:00-04:00,20.81,19.32,-0.0,1.49
2025-05-26 13:00:00-04:00,20.73,19.18,-0.0,1.55
2025-05-26 14:00:00-04:00,20.77,19.21,-0.0,1.56
2025-05-26 15:00:00-04:00,22.0,20.33,-0.0,1.67
2025-05-26 16:00:00-04:00,25.09,23.36,-0.0,1.73
2025-05-26 17:00:00-04:00,31.58,29.53,-0.05,2.1
2025-05-26 18:00:00-04:00,38.95,36.61,-0.04,2.38
2025-05-26 19:00:00-04:00,43.2,41.07,-0.0,2.13
2025-05-26 20:00:00-04:00,48.23,45.92,-0.03,2.34
2025-05-26 21:00:00-04:00,40.08,38.16,-0.03,1.95
2025-05-26 22:00:00-04:00,33.06,31.37,-0.0,1.69
2025-05-26 23:00:00-04:00,26.99,25.68,-0.0,1.31
2025-05-27 00:00:00-04:00,23.68,22.32,-0.0,1.36
2025-05-27 01:00:00-04:00,20.22,19.06,-0.0,1.16
2025-05-27 02:00:00-04:00,18.27,17.22,-0.0,1.05
2025-05-27 03:00:00-04:00,17.09,16.15,-0.0,0.94
2025-05-27 04:00:00-04:00,18.64,17.59,-0.0,1.05
2025-05-27 05:00:00-04:00,24.3,23.25,-0.0,1.05
2025-05-27 06:00:00-04:00,31.47,30.23,-0.0,1.24
2025-05-27 07:00:00-04:00,35.12,33.26,-0.0,1.86
2025-05-27 08:00:00-04:00,30.4,28.57,-0.0,1.83
2025-05-27 09:00:00-04:00,27.08,25.139999999999997,-0.0,1.94
2025-05-27 10:00:00-04:00,25.95,24.119999999999997,-0.0,1.83
2025-05-27 11:00:00-04:00,26.28,24.380000000000003,-0.0,1.9
2025-05-27 12:00:00-04:00,26.67,24.74,-0.0,1.93
2025-05-27 13:00:00-04:00,28.16,26.03,-0.0,2.13
2025-05-27 14:00:00-04:00,30.05,27.75,-0.0,2.3
2025-05-27 15:00:00-04:00,30.97,28.619999999999997,-0.0,2.35
2025-05-27 16:00:00-04:00,34.66,32.15,-0.0,2.51
2025-05-27 17:00:00-04:00,41.29,38.48,-0.0,2.81
2025-05-27 18:00:00-04:00,48.42,45.68,-0.0,2.74
2025-05-27 19:00:00-04:00,49.96,47.36,-0.0,2.6
2025-05-27 20:00:00-04:00,50.07,47.64,-0.0,2.43
2025-05-27 21:00:00-04:00,41.58,39.53,-0.0,2.05
2025-05-27 22:00:00-04:00,32.82,30.87,-0.0,1.95
2025-05-27 23:00:00-04:00,26.76,25.200000000000003,-0.0,1.56
2025-05-28 00:00:00-04:00,26.98,25.26,-0.0,1.72
2025-05-28 01:00:00-04:00,24.09,22.43,-0.0,1.66
2025-05-28 02:00:00-04:00,22.0,20.5,-0.0,1.5
2025-05-28 03:00:00-04:00,20.66,19.36,-0.0,1.3
2025-05-28 04:00:00-04:00,20.94,19.53,-0.0,1.41
2025-05-28 05:00:00-04:00,24.33,22.869999999999997,-0.0,1.46
2025-05-28 06:00:00-04:00,30.06,28.549999999999997,-0.0,1.51
2025-05-28 07:00:00-04:00,37.85,35.78,-0.0,2.07
2025-05-28 08:00:00-04:00,36.83,34.55,-0.0,2.28
2025-05-28 09:00:00-04:00,35.78,33.28,-0.0,2.5
2025-05-28 10:00:00-04:00,35.52,33.13,-0.0,2.39
2025-05-28 11:00:00-04:00,34.98,32.66,-0.0,2.32
2025-05-28 12:00:00-04:00,33.87,31.569999999999997,-0.0,2.3
2025-05-28 13:00:00-04:00,34.37,32.059999999999995,-0.0,2.31
2025-05-28 14:00:00-04:00,33.76,31.38,-0.0,2.38
2025-05-28 15:00:00-04:00,35.7,33.24,-0.0,2.46
2025-05-28 16:00:00-04:00,40.87,38.16,-0.0,2.71
2025-05-28 17:00:00-04:00,47.19,44.059999999999995,-0.0,3.13
2025-05-28 18:00:00-04:00,47.03,43.63,-0.0,3.4
2025-05-28 19:00:00-04:00,45.94,42.7,-0.0,3.24
2025-05-28 20:00:00-04:00,50.95,47.35,-0.0,3.6
2025-05-28 21:00:00-04:00,42.65,39.82,-0.0,2.83
2025-05-28 22:00:00-04:00,32.79,30.5,-0.0,2.29
2025-05-28 23:00:00-04:00,27.62,25.57,-0.0,2.05
2025-05-29 00:00:00-04:00,25.8,23.93,-0.0,1.87
2025-05-29 01:00:00-04:00,21.93,20.31,-0.0,1.62
2025-05-29 02:00:00-04:00,19.33,17.95,-0.0,1.38
2025-05-29 03:00:00-04:00,18.65,17.32,-0.0,1.33
2025-05-29 04:00:00-04:00,17.93,16.62,-0.0,1.31
2025-05-29 05:00:00-04:00,25.58,23.84,-0.0,1.74
2025-05-29 06:00:00-04:00,32.09,30.33,-0.0,1.76
2025-05-29 07:00:00-04:00,36.67,34.300000000000004,-0.0,2.37
2025-05-29 08:00:00-04:00,39.93,37.18,-0.0,2.75
2025-05-29 09:00:00-04:00,38.86,35.88,-0.0,2.98
2025-05-29 10:00:00-04:00,38.97,36.08,-0.0,2.89
2025-05-29 11:00:00-04:00,38.94,35.96,-0.0,2.98
2025-05-29 12:00:00-04:00,37.72,34.769999999999996,-0.0,2.95
2025-05-29 13:00:00-04:00,36.94,34.05,-0.0,2.89
2025-05-29 14:00:00-04:00,35.85,33.04,-0.0,2.81
2025-05-29 15:00:00-04:00,34.89,32.11,-0.01,2.79
2025-05-29 16:00:00-04:00,37.57,34.53,-0.0,3.04
2025-05-29 17:00:00-04:00,41.29,37.95,-0.0,3.34
2025-05-29 18:00:00-04:00,42.55,39.29,-0.0,3.26
2025-05-29 19:00:00-04:00,45.23,41.849999999999994,-0.01,3.39
2025-05-29 20:00:00-04:00,47.99,44.400000000000006,-0.0,3.59
2025-05-29 21:00:00-04:00,41.89,38.93,-0.0,2.96
2025-05-29 22:00:00-04:00,35.41,33.059999999999995,-0.0,2.35
2025-05-29 23:00:00-04:00,31.73,29.57,-0.0,2.16
2025-05-30 00:00:00-04:00,28.36,26.0,-0.0,2.36
2025-05-30 01:00:00-04:00,25.2,22.89,0.16,2.15
2025-05-30 02:00:00-04:00,22.11,20.25,-0.0,1.86
2025-05-30 03:00:00-04:00,21.56,19.619999999999997,0.16,1.78
2025-05-30 04:00:00-04:00,21.97,20.14,-0.0,1.83
2025-05-30 05:00:00-04:00,24.78,22.69,-0.0,2.09
2025-05-30 06:00:00-04:00,31.61,29.43,-0.0,2.18
2025-05-30 07:00:00-04:00,35.91,33.47,-0.0,2.44
2025-05-30 08:00:00-04:00,35.31,32.82,-0.0,2.49
2025-05-30 09:00:00-04:00,33.67,30.98,-0.0,2.69
2025-05-30 10:00:00-04:00,32.3,29.629999999999995,-0.0,2.67
2025-05-30 11:00:00-04:00,34.0,29.83,1.48,2.69
2025-05-30 12:00:00-04:00,35.53,28.21,4.78,2.54
2025-05-30 13:00:00-04:00,37.47,29.02,5.84,2.61
2025-05-30 14:00:00-04:00,38.0,30.08,5.21,2.71
2025-05-30 15:00:00-04:00,38.9,29.96,6.21,2.73
2025-05-30 16:00:00-04:00,40.37,32.879999999999995,4.5,2.99
2025-05-30 17:00:00-04:00,49.05,39.68,6.0,3.37
2025-05-30 18:00:00-04:00,51.46,42.91,5.12,3.43
2025-05-30 19:00:00-04:00,50.44,43.83,3.28,3.33
2025-05-30 20:00:00-04:00,47.09,43.97,-0.22,3.34
2025-05-30 21:00:00-04:00,41.79,40.08,-1.26,2.97
2025-05-30 22:00:00-04:00,36.84,34.300000000000004,-0.0,2.54
2025-05-30 23:00:00-04:00,32.96,30.630000000000003,-0.0,2.33
2025-05-31 00:00:00-04:00,28.83,26.639999999999997,-0.0,2.19
2025-05-31 01:00:00-04:00,24.11,22.09,0.14,1.88
2025-05-31 02:00:00-04:00,22.05,20.020000000000003,0.31,1.72
2025-05-31 03:00:00-04:00,20.55,18.94,-0.0,1.61
2025-05-31 04:00:00-04:00,21.69,20.03,-0.0,1.66
2025-05-31 05:00:00-04:00,22.31,20.6,-0.0,1.71
2025-05-31 06:00:00-04:00,24.13,22.36,-0.0,1.77
2025-05-31 07:00:00-04:00,24.32,22.67,-0.0,1.65
2025-05-31 08:00:00-04:00,28.44,26.78,-0.0,1.66
2025-05-31 09:00:00-04:00,28.45,26.69,-0.0,1.76
2025-05-31 10:00:00-04:00,29.52,27.59,-0.0,1.93
2025-05-31 11:00:00-04:00,29.19,27.08,-0.0,2.11
2025-05-31 12:00:00-04:00,27.63,25.58,-0.0,2.05
2025-05-31 13:00:00-04:00,26.19,24.16,-0.0,2.03
2025-05-31 14:00:00-04:00,26.26,23.21,0.89,2.16
2025-05-31 15:00:00-04:00,26.41,20.73,3.65,2.03
2025-05-31 16:00:00-04:00,27.37,23.5,1.66,2.21
2025-05-31 17:00:00-04:00,31.04,25.93,2.64,2.47
2025-05-31 18:00:00-04:00,30.09,27.4,-0.0,2.69
2025-05-31 19:00:00-04:00,31.56,28.85,-0.0,2.71
2025-05-31 20:00:00-04:00,32.18,29.55,-0.0,2.63
2025-05-31 21:00:00-04:00,33.12,30.78,-0.0,2.34
2025-05-31 22:00:00-04:00,28.75,26.72,-0.0,2.03
2025-05-31 23:00:00-04:00,26.02,24.2,-0.0,1.82
2025-06-01 00:00:00-04:00,23.32,21.13,0.16,2.03
2025-06-01 01:00:00-04:00,21.32,18.4,1.17,1.75
2025-06-01 02:00:00-04:00,19.44,15.190000000000005,2.85,1.4
2025-06-01 03:00:00-04:00,18.54,14.84,2.32,1.38
2025-06-01 04:00:00-04:00,19.0,15.94,1.56,1.5
2025-06-01 05:00:00-04:00,19.52,14.49,3.74,1.29
2025-06-01 06:00:00-04:00,20.43,17.61,1.23,1.59
2025-06-01 07:00:00-04:00,20.14,14.13,4.75,1.26
2025-06-01 08:00:00-04:00,18.87,11.910000000000002,5.9,1.06
2025-06-01 09:00:00-04:00,19.32,8.9,9.6,0.82
2025-06-01 10:00:00-04:00,19.68,13.439999999999998,4.94,1.3
2025-06-01 11:00:00-04:00,18.58,13.509999999999998,3.77,1.3
2025-06-01 12:00:00-04:00,18.5,12.89,4.38,1.23
2025-06-01 13:00:00-04:00,18.17,8.700000000000003,8.64,0.83
2025-06-01 14:00:00-04:00,18.14,8.190000000000001,9.16,0.79
2025-06-01 15:00:00-04:00,18.62,8.990000000000002,8.77,0.86
2025-06-01 16:00:00-04:00,21.33,15.62,4.26,1.45
2025-06-01 17:00:00-04:00,23.81,16.2,6.12,1.49
2025-06-01 18:00:00-04:00,26.04,24.13,-0.0,1.91
2025-06-01 19:00:00-04:00,30.03,27.99,-0.0,2.04
2025-06-01 20:00:00-04:00,35.41,33.15,-0.0,2.26
2025-06-01 21:00:00-04:00,32.2,30.410000000000004,-0.0,1.79
2025-06-01 22:00:00-04:00,27.97,26.41,-0.0,1.56
2025-06-01 23:00:00-04:00,23.22,21.56,-0.0,1.66
2025-06-02 00:00:00-04:00,21.93,20.25,-0.0,1.68
2025-06-02 01:00:00-04:00,19.37,17.970000000000002,-0.0,1.4
2025-06-02 02:00:00-04:00,17.0,15.84,-0.0,1.16
2025-06-02 03:00:00-04:00,16.99,15.839999999999998,-0.0,1.15
2025-06-02 04:00:00-04:00,17.97,16.66,-0.0,1.31
2025-06-02 05:00:00-04:00,22.41,20.81,-0.0,1.6
2025-06-02 06:00:00-04:00,28.53,26.86,-0.0,1.67
2025-06-02 07:00:00-04:00,31.47,29.63,-0.0,1.84
2025-06-02 08:00:00-04:00,27.61,25.88,-0.0,1.73
2025-06-02 09:00:00-04:00,22.94,21.24,-0.0,1.7
2025-06-02 10:00:00-04:00,22.28,20.55,-0.0,1.73
2025-06-02 11:00:00-04:00,21.95,20.19,-0.0,1.76
2025-06-02 12:00:00-04:00,22.46,20.64,-0.0,1.82
2025-06-02 13:00:00-04:00,23.29,21.369999999999997,-0.0,1.92
2025-06-02 14:00:00-04:00,23.69,21.67,-0.0,2.02
2025-06-02 15:00:00-04:00,24.62,22.52,-0.0,2.1
2025-06-02 16:00:00-04:00,28.88,26.619999999999997,-0.0,2.26
2025-06-02 17:00:00-04:00,33.77,31.210000000000004,-0.0,2.56
2025-06-02 18:00:00-04:00,39.45,36.66,-0.0,2.79
2025-06-02 19:00:00-04:00,44.46,41.59,-0.0,2.87
2025-06-02 20:00:00-04:00,46.29,43.34,-0.0,2.95
2025-06-02 21:00:00-04:00,39.61,37.09,-0.0,2.52
2025-06-02 22:00:00-04:00,31.21,29.14,-0.0,2.07
2025-06-02 23:00:00-04:00,25.84,23.97,-0.0,1.87
2025-06-03 00:00:00-04:00,21.44,19.69,-0.0,1.75
2025-06-03 01:00:00-04:00,17.62,16.21,-0.0,1.41
2025-06-03 02:00:00-04:00,17.0,15.71,-0.0,1.29
2025-06-03 03:00:00-04:00,16.24,15.019999999999998,-0.0,1.22
2025-06-03 04:00:00-04:00,17.51,16.240000000000002,-0.0,1.27
2025-06-03 05:00:00-04:00,21.93,20.5,-0.0,1.43
2025-06-03 06:00:00-04:00,27.18,25.67,-0.0,1.51
2025-06-03 07:00:00-04:00,28.78,27.200000000000003,-0.0,1.58
2025-06-03 08:00:00-04:00,27.35,25.83,-0.0,1.52
2025-06-03 09:00:00-04:00,24.0,22.43,-0.0,1.57
2025-06-03 10:00:00-04:00,24.5,22.92,-0.0,1.58
2025-06-03 11:00:00-04:00,24.37,22.65,-0.0,1.72
2025-06-03 12:00:00-04:00,25.45,23.67,-0.0,1.78
2025-06-03 13:00:00-04:00,26.93,25.05,-0.0,1.88
2025-06-03 14:00:00-04:00,29.2,27.06,-0.0,2.14
2025-06-03 15:00:00-04:00,30.75,28.33,0.07,2.35
2025-06-03 16:00:00-04:00,35.99,32.78,0.42,2.79
2025-06-03 17:00:00-04:00,44.69,42.8,-1.54,3.43
2025-06-03 18:00:00-04:00,52.0,51.92,-3.61,3.69
2025-06-03 19:00:00-04:00,52.35,52.37,-3.48,3.46
2025-06-03 20:00:00-04:00,49.59,46.82000000000001,-0.27,3.04
2025-06-03 21:00:00-04:00,40.5,38.27,-0.03,2.26
2025-06-03 22:00:00-04:00,32.15,29.93,-0.0,2.22
2025-06-03 23:00:00-04:00,28.72,26.54,-0.0,2.18
2025-06-04 00:00:00-04:00,23.98,12.92,9.69,1.37
2025-06-04 01:00:00-04:00,21.12,11.74,8.12,1.26
2025-06-04 02:00:00-04:00,18.05,10.660000000000002,6.33,1.06
2025-06-04 03:00:00-04:00,17.99,9.999999999999998,6.99,1.0
2025-06-04 04:00:00-04:00,18.2,10.329999999999998,6.84,1.03
2025-06-04 05:00:00-04:00,21.47,14.329999999999998,5.66,1.48
2025-06-04 06:00:00-04:00,26.1,23.880000000000003,-0.0,2.22
2025-06-04 07:00:00-04:00,31.63,29.1,-0.0,2.53
2025-06-04 08:00:00-04:00,30.7,28.32,-0.0,2.38
2025-06-04 09:00:00-04:00,29.57,27.05,-0.0,2.52
2025-06-04 10:00:00-04:00,32.15,29.49,0.01,2.65
2025-06-04 11:00:00-04:00,33.78,30.92,0.02,2.84
2025-06-04 12:00:00-04:00,35.75,32.75,0.02,2.98
2025-06-04 13:00:00-04:00,39.1,38.02,-2.3,3.38
2025-06-04 14:00:00-04:00,41.61,38.75,-0.47,3.33
2025-06-04 15:00:00-04:00,43.48,40.29,0.01,3.18
2025-06-04 16:00:00-04:00,48.13,44.56,-0.0,3.57
2025-06-04 17:00:00-04:00,57.75,53.42,-0.0,4.33
2025-06-04 18:00:00-04:00,63.85,58.63,-0.0,5.22
2025-06-04 19:00:00-04:00,60.87,56.309999999999995,-0.0,4.56
2025-06-04 20:00:00-04:00,59.81,56.32,-0.0,3.49
2025-06-04 21:00:00-04:00,49.3,47.279999999999994,-0.01,2.03
2025-06-04 22:00:00-04:00,42.4,39.97,-0.01,2.44
2025-06-04 23:00:00-04:00,37.49,34.910000000000004,-0.0,2.58
2025-06-05 00:00:00-04:00,32.08,29.65,-0.0,2.43
2025-06-05 01:00:00-04:00,26.53,23.880000000000003,0.36,2.29
2025-06-05 02:00:00-04:00,23.78,21.8,-0.0,1.98
2025-06-05 03:00:00-04:00,22.74,20.92,-0.0,1.82
2025-06-05 04:00:00-04:00,23.24,21.42,-0.0,1.82
2025-06-05 05:00:00-04:00,26.79,25.18,-0.0,1.61
2025-06-05 06:00:00-04:00,32.14,30.32,-0.0,1.82
2025-06-05 07:00:00-04:00,33.16,30.819999999999997,-0.0,2.34
2025-06-05 08:00:00-04:00,34.7,32.220000000000006,-0.0,2.48
2025-06-05 09:00:00-04:00,34.85,32.33,-0.0,2.52
2025-06-05 10:00:00-04:00,38.22,35.449999999999996,-0.0,2.77
2025-06-05 11:00:00-04:00,39.13,37.7,-1.77,3.2
2025-06-05 12:00:00-04:00,41.91,40.15,-1.61,3.37
2025-06-05 13:00:00-04:00,45.46,44.25,-2.46,3.67
2025-06-05 14:00:00-04:00,47.75,46.34,-2.58,3.99
2025-06-05 15:00:00-04:00,49.92,45.98,-0.2,4.14
2025-06-05 16:00:00-04:00,53.34,50.06,-0.83,4.11
2025-06-05 17:00:00-04:00,68.39,55.8,7.35,5.24
2025-06-05 18:00:00-04:00,61.68,56.07,-0.0,5.61
2025-06-05 19:00:00-04:00,60.13,55.75000000000001,-0.24,4.62
2025-06-05 20:00:00-04:00,52.3,48.879999999999995,-0.15,3.57
2025-06-05 21:00:00-04:00,47.26,44.25,-0.09,3.1
2025-06-05 22:00:00-04:00,42.16,39.29,-0.0,2.87
2025-06-05 23:00:00-04:00,40.61,37.89,-0.01,2.73
2025-06-06 00:00:00-04:00,38.63,35.64,-0.0,2.99
2025-06-06 01:00:00-04:00,32.19,29.17,0.37,2.65
2025-06-06 02:00:00-04:00,28.21,26.0,-0.0,2.21
2025-06-06 03:00:00-04:00,26.29,24.049999999999997,-0.0,2.24
2025-06-06 04:00:00-04:00,26.38,24.13,-0.0,2.25
2025-06-06 05:00:00-04:00,30.63,28.28,-0.0,2.35
2025-06-06 06:00:00-04:00,37.45,35.1,-0.0,2.35
2025-06-06 07:00:00-04:00,38.39,35.65,-0.0,2.74
2025-06-06 08:00:00-04:00,39.38,36.43,-0.0,2.95
2025-06-06 09:00:00-04:00,41.14,39.96,-2.29,3.47
2025-06-06 10:00:00-04:00,42.35,40.56,-1.65,3.44
2025-06-06 11:00:00-04:00,44.09,44.330000000000005,-3.97,3.73
2025-06-06 12:00:00-04:00,44.71,43.69,-2.69,3.71
2025-06-06 13:00:00-04:00,48.6,46.71,-2.27,4.16
2025-06-06 14:00:00-04:00,47.0,43.24,-0.22,3.98
2025-06-06 15:00:00-04:00,49.78,45.93000000000001,-0.42,4.27
2025-06-06 16:00:00-04:00,51.62,47.34,-0.12,4.4
2025-06-06 17:00:00-04:00,59.94,54.9,-0.28,5.32
2025-06-06 18:00:00-04:00,56.0,51.67,-0.22,4.55
2025-06-06 19:00:00-04:00,49.1,45.46,-0.04,3.68
2025-06-06 20:00:00-04:00,45.89,42.73,-0.0,3.16
2025-06-06 21:00:00-04:00,44.07,41.11,-0.0,2.96
2025-06-06 22:00:00-04:00,41.41,38.489999999999995,-0.0,2.92
2025-06-06 23:00:00-04:00,39.0,36.21,-0.0,2.79
2025-06-07 00:00:00-04:00,40.46,37.29,-0.0,3.17
2025-06-07 01:00:00-04:00,31.13,28.43,-0.0,2.7
2025-06-07 02:00:00-04:00,27.96,25.58,-0.0,2.38
2025-06-07 03:00:00-04:00,27.09,24.81,-0.0,2.28
2025-06-07 04:00:00-04:00,26.61,24.39,-0.0,2.22
2025-06-07 05:00:00-04:00,27.03,24.84,-0.0,2.19
2025-06-07 06:00:00-04:00,28.85,26.32,-0.0,2.53
2025-06-07 07:00:00-04:00,28.16,25.51,-0.0,2.65
2025-06-07 08:00:00-04:00,31.85,28.950000000000003,-0.0,2.9
2025-06-07 09:00:00-04:00,34.03,31.08,-0.0,2.95
2025-06-07 10:00:00-04:00,32.57,29.8,-0.0,2.77
2025-06-07 11:00:00-04:00,31.22,28.43,-0.0,2.79
2025-06-07 12:00:00-04:00,32.15,29.15,-0.0,3.0
2025-06-07 13:00:00-04:00,32.78,29.69,-0.0,3.09
2025-06-07 14:00:00-04:00,33.73,27.489999999999995,3.33,2.91
2025-06-07 15:00:00-04:00,35.16,26.44,5.76,2.96
2025-06-07 16:00:00-04:00,38.61,33.58,1.5,3.53
2025-06-07 17:00:00-04:00,42.34,38.32000000000001,-0.0,4.02
2025-06-07 18:00:00-04:00,47.67,43.49,-0.0,4.18
2025-06-07 19:00:00-04:00,46.81,43.02,-0.0,3.79
2025-06-07 20:00:00-04:00,42.98,39.4,-0.0,3.58
2025-06-07 21:00:00-04:00,39.36,36.35,-0.0,3.01
2025-06-07 22:00:00-04:00,36.38,33.59,-0.0,2.79
2025-06-07 23:00:00-04:00,33.77,31.070000000000004,-0.0,2.7
2025-06-08 00:00:00-04:00,32.97,30.61,-0.0,2.36
2025-06-08 01:00:00-04:00,28.35,26.130000000000003,-0.0,2.22
2025-06-08 02:00:00-04:00,25.83,23.9,-0.0,1.93
2025-06-08 03:00:00-04:00,25.25,23.38,-0.0,1.87
2025-06-08 04:00:00-04:00,26.44,24.57,-0.0,1.87
2025-06-08 05:00:00-04:00,26.25,24.49,-0.0,1.76
2025-06-08 06:00:00-04:00,27.6,25.6,-0.0,2.0
2025-06-08 07:00:00-04:00,22.26,20.44,-0.0,1.82
2025-06-08 08:00:00-04:00,22.73,20.87,-0.0,1.86
2025-06-08 09:00:00-04:00,22.93,21.04,-0.0,1.89
2025-06-08 10:00:00-04:00,25.01,23.01,-0.0,2.0
2025-06-08 11:00:00-04:00,26.21,24.130000000000003,-0.0,2.08
2025-06-08 12:00:00-04:00,27.88,25.72,-0.0,2.16
2025-06-08 13:00:00-04:00,29.42,27.07,-0.0,2.35
2025-06-08 14:00:00-04:00,30.9,28.38,-0.0,2.52
2025-06-08 15:00:00-04:00,31.2,28.65,-0.0,2.55
2025-06-08 16:00:00-04:00,34.03,31.28,-0.0,2.75
2025-06-08 17:00:00-04:00,39.75,36.6,-0.0,3.15
2025-06-08 18:00:00-04:00,45.43,42.58,-0.05,2.9
2025-06-08 19:00:00-04:00,44.53,41.650000000000006,-0.03,2.91
2025-06-08 20:00:00-04:00,43.37,40.2,-0.0,3.17
2025-06-08 21:00:00-04:00,39.42,36.91,-0.0,2.51
2025-06-08 22:00:00-04:00,34.16,31.959999999999997,-0.0,2.2
2025-06-08 23:00:00-04:00,29.51,27.25,-0.0,2.26
2025-06-09 00:00:00-04:00,29.1,26.82,-0.0,2.28
2025-06-09 01:00:00-04:00,25.49,23.56,-0.0,1.93
2025-06-09 02:00:00-04:00,25.23,23.45,-0.0,1.78
2025-06-09 03:00:00-04:00,22.44,20.87,-0.0,1.57
2025-06-09 04:00:00-04:00,23.09,21.48,-0.0,1.61
2025-06-09 05:00:00-04:00,24.67,22.8,-0.0,1.87
2025-06-09 06:00:00-04:00,31.96,29.81,-0.0,2.15
2025-06-09 07:00:00-04:00,34.49,31.99,-0.0,2.5
2025-06-09 08:00:00-04:00,38.27,32.330000000000005,3.35,2.59
2025-06-09 09:00:00-04:00,38.86,33.07,3.21,2.58
2025-06-09 10:00:00-04:00,35.7,33.24,-0.0,2.46
2025-06-09 11:00:00-04:00,36.96,34.53,0.01,2.42
2025-06-09 12:00:00-04:00,35.73,33.239999999999995,-0.0,2.49
2025-06-09 13:00:00-04:00,36.48,34.0,-0.0,2.48
2025-06-09 14:00:00-04:00,36.34,33.39000000000001,0.15,2.8
2025-06-09 15:00:00-04:00,37.26,34.41,-0.0,2.85
2025-06-09 16:00:00-04:00,42.33,39.17999999999999,0.06,3.09
2025-06-09 17:00:00-04:00,46.88,43.61,-0.0,3.27
2025-06-09 18:00:00-04:00,52.34,49.28,-0.0,3.06
2025-06-09 19:00:00-04:00,49.07,46.08,-0.0,2.99
2025-06-09 20:00:00-04:00,44.49,41.54,-0.0,2.95
2025-06-09 21:00:00-04:00,42.4,39.96,-0.0,2.44
2025-06-09 22:00:00-04:00,35.14,33.44,-0.0,1.7
2025-06-09 23:00:00-04:00,30.56,28.59,-0.0,1.97
2025-06-10 00:00:00-04:00,25.26,23.520000000000003,-0.0,1.74
2025-06-10 01:00:00-04:00,21.3,19.74,-0.0,1.56
2025-06-10 02:00:00-04:00,21.0,19.57,-0.0,1.43
2025-06-10 03:00:00-04:00,20.25,18.89,-0.0,1.36
2025-06-10 04:00:00-04:00,20.98,19.52,-0.0,1.46
2025-06-10 05:00:00-04:00,22.72,21.33,-0.0,1.39
2025-06-10 06:00:00-04:00,29.18,27.63,-0.0,1.55
2025-06-10 07:00:00-04:00,32.82,30.82,-0.0,2.0
2025-06-10 08:00:00-04:00,33.52,31.300000000000004,-0.0,2.22
2025-06-10 09:00:00-04:00,33.05,30.6,-0.0,2.45
2025-06-10 10:00:00-04:00,34.85,32.27,-0.0,2.58
2025-06-10 11:00:00-04:00,34.0,31.36,-0.0,2.64
2025-06-10 12:00:00-04:00,34.53,31.85,-0.0,2.68
2025-06-10 13:00:00-04:00,34.16,31.4,-0.0,2.76
2025-06-10 14:00:00-04:00,33.53,30.51,-0.0,3.02
2025-06-10 15:00:00-04:00,34.16,31.109999999999996,-0.0,3.05
2025-06-10 16:00:00-04:00,38.53,35.28,0.01,3.24
2025-06-10 17:00:00-04:00,45.94,42.21,0.01,3.72
2025-06-10 18:00:00-04:00,48.6,44.95,0.01,3.64
2025-06-10 19:00:00-04:00,47.03,43.51,-0.0,3.52
2025-06-10 20:00:00-04:00,45.17,41.82,-0.0,3.35
2025-06-10 21:00:00-04:00,40.45,37.73,-0.0,2.72
2025-06-10 22:00:00-04:00,33.99,31.39,-0.0,2.6
2025-06-10 23:00:00-04:00,29.83,27.52,-0.0,2.31
2025-06-11 00:00:00-04:00,29.11,26.9,-0.0,2.21
2025-06-11 01:00:00-04:00,26.29,24.3,-0.0,1.99
2025-06-11 02:00:00-04:00,23.54,21.84,-0.0,1.7
2025-06-11 03:00:00-04:00,23.07,21.34,-0.0,1.73
2025-06-11 04:00:00-04:00,22.78,21.07,-0.0,1.71
2025-06-11 05:00:00-04:00,25.07,23.32,-0.0,1.75
2025-06-11 06:00:00-04:00,29.45,27.32,-0.0,2.13
2025-06-11 07:00:00-04:00,32.68,30.15,-0.0,2.53
2025-06-11 08:00:00-04:00,32.2,29.51,-0.0,2.69
2025-06-11 09:00:00-04:00,30.95,24.71,3.72,2.52
2025-06-11 10:00:00-04:00,32.14,26.12,3.38,2.64
2025-06-11 11:00:00-04:00,36.34,26.38000000000001,7.27,2.69
2025-06-11 12:00:00-04:00,37.37,26.81,7.8,2.76
2025-06-11 13:00:00-04:00,38.35,27.080000000000005,8.37,2.9
2025-06-11 14:00:00-04:00,39.13,26.92,9.28,2.93
2025-06-11 15:00:00-04:00,41.26,29.369999999999997,8.81,3.08
2025-06-11 16:00:00-04:00,48.04,35.28999999999999,9.05,3.7
2025-06-11 17:00:00-04:00,61.63,45.11,11.92,4.6
2025-06-11 18:00:00-04:00,64.36,49.2,10.39,4.77
2025-06-11 19:00:00-04:00,56.47,49.81,1.83,4.83
2025-06-11 20:00:00-04:00,48.6,44.55,-0.0,4.05
2025-06-11 21:00:00-04:00,44.13,40.6,-0.0,3.53
2025-06-11 22:00:00-04:00,37.55,34.23,-0.0,3.32
2025-06-11 23:00:00-04:00,33.01,30.17,-0.0,2.84
2025-06-12 00:00:00-04:00,27.5,25.21,-0.0,2.29
2025-06-12 01:00:00-04:00,24.44,22.32,-0.0,2.12
2025-06-12 02:00:00-04:00,22.9,21.07,-0.0,1.83
2025-06-12 03:00:00-04:00,21.19,19.5,-0.0,1.69
2025-06-12 04:00:00-04:00,21.62,19.93,-0.0,1.69
2025-06-12 05:00:00-04:00,25.01,23.200000000000003,-0.0,1.81
2025-06-12 06:00:00-04:00,31.47,29.41,-0.0,2.06
2025-06-12 07:00:00-04:00,35.27,32.510000000000005,-0.0,2.76
2025-06-12 08:00:00-04:00,33.89,30.95,-0.0,2.94
2025-06-12 09:00:00-04:00,33.19,26.679999999999996,3.87,2.64
2025-06-12 10:00:00-04:00,36.68,26.11,7.93,2.64
2025-06-12 11:00:00-04:00,40.33,27.369999999999997,10.14,2.82
2025-06-12 12:00:00-04:00,42.0,27.58,11.5,2.92
2025-06-12 13:00:00-04:00,42.29,28.41,10.84,3.04
2025-06-12 14:00:00-04:00,46.53,28.1,15.42,3.01
2025-06-12 15:00:00-04:00,47.22,30.68,13.32,3.22
2025-06-12 16:00:00-04:00,51.58,34.21,13.75,3.62
2025-06-12 17:00:00-04:00,79.0,44.620000000000005,29.52,4.86
2025-06-12 18:00:00-04:00,73.18,51.190000000000005,16.82,5.17
2025-06-12 19:00:00-04:00,56.84,49.74,2.02,5.08
2025-06-12 20:00:00-04:00,49.53,45.4,-0.04,4.17
2025-06-12 21:00:00-04:00,45.1,41.92,-0.0,3.18
2025-06-12 22:00:00-04:00,39.51,36.62,-0.0,2.89
2025-06-12 23:00:00-04:00,34.62,31.919999999999995,0.14,2.56
2025-06-13 00:00:00-04:00,32.11,29.51,-0.0,2.6
2025-06-13 01:00:00-04:00,27.96,25.89,-0.0,2.07
2025-06-13 02:00:00-04:00,25.86,23.9,-0.0,1.96
2025-06-13 03:00:00-04:00,24.05,22.21,-0.0,1.84
2025-06-13 04:00:00-04:00,23.81,21.99,-0.0,1.82
2025-06-13 05:00:00-04:00,26.2,24.28,-0.0,1.92
2025-06-13 06:00:00-04:00,30.64,28.56,-0.0,2.08
2025-06-13 07:00:00-04:00,33.73,31.119999999999997,-0.0,2.61
2025-06-13 08:00:00-04:00,32.31,29.64,-0.0,2.67
2025-06-13 09:00:00-04:00,32.14,27.4,2.25,2.49
2025-06-13 10:00:00-04:00,31.0,26.67,1.9,2.43
2025-06-13 11:00:00-04:00,36.54,26.459999999999997,7.73,2.35
2025-06-13 12:00:00-04:00,37.04,26.979999999999997,7.71,2.35
2025-06-13 13:00:00-04:00,39.84,26.760000000000005,10.65,2.43
2025-06-13 14:00:00-04:00,43.42,27.42,13.37,2.63
2025-06-13 15:00:00-04:00,44.61,28.910000000000004,13.01,2.69
2025-06-13 16:00:00-04:00,46.82,37.07,6.67,3.08
2025-06-13 17:00:00-04:00,63.88,42.07,18.36,3.45
2025-06-13 18:00:00-04:00,52.96,48.21,0.85,3.9
2025-06-13 19:00:00-04:00,48.84,45.470000000000006,-0.0,3.37
2025-06-13 20:00:00-04:00,46.49,43.53,-0.0,2.96
2025-06-13 21:00:00-04:00,42.19,39.349999999999994,-0.0,2.84
2025-06-13 22:00:00-04:00,36.92,34.54,-0.0,2.38
2025-06-13 23:00:00-04:00,32.47,30.42,0.01,2.04
2025-06-14 00:00:00-04:00,33.26,31.69,-0.49,2.06
2025-06-14 01:00:00-04:00,28.65,27.09,-0.26,1.82
2025-06-14 02:00:00-04:00,25.96,24.44,-0.19,1.71
2025-06-14 03:00:00-04:00,23.93,22.43,-0.16,1.66
2025-06-14 04:00:00-04:00,23.57,22.13,-0.15,1.59
2025-06-14 05:00:00-04:00,25.07,24.02,-0.37,1.42
2025-06-14 06:00:00-04:00,26.26,25.08,-0.27,1.45
2025-06-14 07:00:00-04:00,27.54,25.92,-0.22,1.84
2025-06-14 08:00:00-04:00,28.16,26.43,-0.2,1.93
2025-06-14 09:00:00-04:00,30.32,28.6,-0.31,2.03
2025-06-14 10:00:00-04:00,30.3,28.66,-0.34,1.98
2025-06-14 11:00:00-04:00,30.68,28.94,-0.34,2.08
2025-06-14 12:00:00-04:00,29.86,28.049999999999997,-0.29,2.1
2025-06-14 13:00:00-04:00,29.57,27.86,-0.27,1.98
2025-06-14 14:00:00-04:00,29.86,27.97,-0.29,2.18
2025-06-14 15:00:00-04:00,30.71,28.66,-0.33,2.38
2025-06-14 16:00:00-04:00,30.68,28.709999999999997,-0.33,2.3
2025-06-14 17:00:00-04:00,34.97,33.04,-0.52,2.45
2025-06-14 18:00:00-04:00,37.95,36.12,-0.55,2.38
2025-06-14 19:00:00-04:00,38.05,36.18,-0.45,2.32
2025-06-14 20:00:00-04:00,38.74,35.17,1.35,2.22
2025-06-14 21:00:00-04:00,35.7,33.940000000000005,-0.0,1.76
2025-06-14 22:00:00-04:00,31.71,30.06,-0.0,1.65
2025-06-14 23:00:00-04:00,28.43,27.13,-0.0,1.3
2025-06-15 00:00:00-04:00,29.55,27.98,-0.0,1.57
2025-06-15 01:00:00-04:00,26.04,24.59,-0.0,1.45
2025-06-15 02:00:00-04:00,22.36,21.01,-0.0,1.35
2025-06-15 03:00:00-04:00,22.0,20.68,-0.0,1.32
2025-06-15 04:00:00-04:00,21.96,20.68,-0.0,1.28
2025-06-15 05:00:00-04:00,22.43,21.18,-0.0,1.25
2025-06-15 06:00:00-04:00,22.85,21.62,-0.0,1.23
2025-06-15 07:00:00-04:00,22.9,21.6,-0.0,1.3
2025-06-15 08:00:00-04:00,23.62,22.200000000000003,-0.0,1.42
2025-06-15 09:00:00-04:00,23.68,22.17,-0.0,1.51
2025-06-15 10:00:00-04:00,25.0,23.41,-0.0,1.59
2025-06-15 11:00:00-04:00,25.0,23.34,-0.0,1.66
2025-06-15 12:00:00-04:00,25.04,23.49,-0.0,1.55
2025-06-15 13:00:00-04:00,25.27,23.55,-0.0,1.72
2025-06-15 14:00:00-04:00,24.5,22.88,-0.0,1.62
2025-06-15 15:00:00-04:00,24.39,22.77,-0.0,1.62
2025-06-15 16:00:00-04:00,27.58,25.78,-0.0,1.8
2025-06-15 17:00:00-04:00,31.7,29.49,-0.0,2.21
2025-06-15 18:00:00-04:00,35.0,32.65,-0.0,2.35
2025-06-15 19:00:00-04:00,37.06,34.7,-0.0,2.36
2025-06-15 20:00:00-04:00,38.98,37.02,-0.0,1.96
2025-06-15 21:00:00-04:00,36.31,34.68,-0.0,1.63
2025-06-15 22:00:00-04:00,31.93,30.61,-0.0,1.32
2025-06-15 23:00:00-04:00,27.64,26.53,-0.0,1.11
2025-06-16 00:00:00-04:00,28.91,27.69,-0.0,1.22
2025-06-16 01:00:00-04:00,25.89,24.75,-0.0,1.14
2025-06-16 02:00:00-04:00,23.34,22.23,-0.0,1.11
2025-06-16 03:00:00-04:00,22.16,21.03,-0.0,1.13
2025-06-16 04:00:00-04:00,22.4,21.29,-0.0,1.11
2025-06-16 05:00:00-04:00,25.49,24.35,-0.0,1.14
2025-06-16 06:00:00-04:00,30.78,29.540000000000003,-0.0,1.24
2025-06-16 07:00:00-04:00,32.98,30.94,-0.0,2.04
2025-06-16 08:00:00-04:00,33.0,31.06,0.05,1.89
2025-06-16 09:00:00-04:00,30.84,28.6,0.38,1.86
2025-06-16 10:00:00-04:00,30.0,28.16,0.04,1.8
2025-06-16 11:00:00-04:00,30.25,28.46,-0.0,1.79
2025-06-16 12:00:00-04:00,31.99,30.02,0.11,1.86
2025-06-16 13:00:00-04:00,32.15,29.979999999999997,0.25,1.92
2025-06-16 14:00:00-04:00,33.08,30.699999999999996,0.35,2.03
2025-06-16 15:00:00-04:00,33.4,31.0,0.41,1.99
2025-06-16 16:00:00-04:00,36.33,33.89,0.3,2.14
2025-06-16 17:00:00-04:00,41.8,39.279999999999994,-0.0,2.52
2025-06-16 18:00:00-04:00,46.99,44.58,-0.0,2.41
2025-06-16 19:00:00-04:00,49.34,46.95,-0.0,2.39
2025-06-16 20:00:00-04:00,45.79,43.57,-0.0,2.22
2025-06-16 21:00:00-04:00,41.98,39.83,-0.0,2.15
2025-06-16 22:00:00-04:00,35.02,33.230000000000004,-0.0,1.79
2025-06-16 23:00:00-04:00,29.59,28.15,-0.0,1.44
2025-06-17 00:00:00-04:00,28.75,26.92,-0.0,1.83
2025-06-17 01:00:00-04:00,25.87,24.29,-0.0,1.58
2025-06-17 02:00:00-04:00,23.79,22.21,-0.0,1.58
2025-06-17 03:00:00-04:00,22.23,20.68,-0.0,1.55
2025-06-17 04:00:00-04:00,22.74,21.19,-0.0,1.55
2025-06-17 05:00:00-04:00,26.31,24.89,-0.0,1.42
2025-06-17 06:00:00-04:00,31.78,30.15,-0.0,1.63
2025-06-17 07:00:00-04:00,35.45,33.290000000000006,-0.0,2.16
2025-06-17 08:00:00-04:00,37.04,34.81,-0.0,2.23
2025-06-17 09:00:00-04:00,35.62,33.449999999999996,-0.0,2.17
2025-06-17 10:00:00-04:00,37.52,35.290000000000006,-0.0,2.23
2025-06-17 11:00:00-04:00,38.18,35.82,-0.0,2.36
2025-06-17 12:00:00-04:00,38.65,36.16,-0.0,2.49
2025-06-17 13:00:00-04:00,38.74,36.31,-0.0,2.43
2025-06-17 14:00:00-04:00,38.47,35.949999999999996,-0.0,2.52
2025-06-17 15:00:00-04:00,40.83,38.2,-0.0,2.63
2025-06-17 16:00:00-04:00,43.28,40.49,-0.0,2.79
2025-06-17 17:00:00-04:00,46.22,43.1,0.01,3.11
2025-06-17 18:00:00-04:00,49.44,46.419999999999995,-0.0,3.02
2025-06-17 19:00:00-04:00,51.17,48.09,-0.0,3.08
2025-06-17 20:00:00-04:00,48.42,45.47,-0.0,2.95
2025-06-17 21:00:00-04:00,43.74,41.150000000000006,-0.0,2.59
2025-06-17 22:00:00-04:00,37.67,35.300000000000004,-0.0,2.37
2025-06-17 23:00:00-04:00,32.75,30.66,-0.0,2.09
2025-06-18 00:00:00-04:00,32.0,29.88,-0.0,2.12
2025-06-18 01:00:00-04:00,28.39,26.36,-0.0,2.03
2025-06-18 02:00:00-04:00,26.0,24.18,-0.0,1.82
2025-06-18 03:00:00-04:00,25.95,24.119999999999997,-0.0,1.83
2025-06-18 04:00:00-04:00,26.21,24.29,-0.0,1.92
2025-06-18 05:00:00-04:00,27.12,25.23,-0.0,1.89
2025-06-18 06:00:00-04:00,35.0,32.74,-0.0,2.26
2025-06-18 07:00:00-04:00,36.71,33.74,-0.0,2.97
2025-06-18 08:00:00-04:00,41.69,38.599999999999994,-0.0,3.09
2025-06-18 09:00:00-04:00,42.89,39.53,-0.0,3.36
2025-06-18 10:00:00-04:00,43.9,40.84,-0.0,3.06
2025-06-18 11:00:00-04:00,44.65,41.83,0.1,2.72
2025-06-18 12:00:00-04:00,45.53,42.510000000000005,0.26,2.76
2025-06-18 13:00:00-04:00,47.96,44.650000000000006,0.23,3.08
2025-06-18 14:00:00-04:00,51.8,47.95,0.49,3.36
2025-06-18 15:00:00-04:00,57.71,52.52,1.3,3.89
2025-06-18 16:00:00-04:00,55.85,52.190000000000005,0.16,3.5
2025-06-18 17:00:00-04:00,60.79,56.51,-0.24,4.52
2025-06-18 18:00:00-04:00,62.0,57.99,-0.4,4.41
2025-06-18 19:00:00-04:00,58.96,56.02,-0.48,3.42
2025-06-18 20:00:00-04:00,57.77,55.580000000000005,-0.53,2.72
2025-06-18 21:00:00-04:00,50.26,48.27,-0.18,2.17
2025-06-18 22:00:00-04:00,43.86,41.46,-0.0,2.4
2025-06-18 23:00:00-04:00,39.3,37.01,-0.0,2.29
2025-06-19 00:00:00-04:00,42.33,39.71,-0.0,2.62
2025-06-19 01:00:00-04:00,37.77,35.7,-0.0,2.07
2025-06-19 02:00:00-04:00,34.36,32.48,-0.0,1.88
2025-06-19 03:00:00-04:00,32.15,30.1,-0.0,2.05
2025-06-19 04:00:00-04:00,31.72,29.59,-0.0,2.13
2025-06-19 05:00:00-04:00,36.59,34.42,-0.0,2.17
2025-06-19 06:00:00-04:00,40.73,38.029999999999994,-0.0,2.7
2025-06-19 07:00:00-04:00,45.12,41.78,-0.0,3.34
2025-06-19 08:00:00-04:00,46.72,43.14,-0.0,3.58
2025-06-19 09:00:00-04:00,47.01,43.17,-0.0,3.84
2025-06-19 10:00:00-04:00,47.9,43.82,-0.0,4.08
2025-06-19 11:00:00-04:00,49.66,45.279999999999994,-0.01,4.39
2025-06-19 12:00:00-04:00,54.94,50.17999999999999,-0.16,4.92
2025-06-19 13:00:00-04:00,57.7,52.690000000000005,-0.21,5.22
2025-06-19 14:00:00-04:00,62.05,56.02,-0.24,6.27
2025-06-19 15:00:00-04:00,67.11,56.48,3.4,7.23
2025-06-19 16:00:00-04:00,74.63,56.53,10.86,7.24
2025-06-19 17:00:00-04:00,85.08,56.65,21.29,7.14
2025-06-19 18:00:00-04:00,82.0,56.71,18.54,6.75
2025-06-19 19:00:00-04:00,69.18,62.48,-0.36,7.06
2025-06-19 20:00:00-04:00,61.92,56.48,-0.15,5.59
2025-06-19 21:00:00-04:00,56.93,52.96,-0.27,4.24
2025-06-19 22:00:00-04:00,49.69,45.84,-0.0,3.85
2025-06-19 23:00:00-04:00,43.7,39.8,-0.0,3.9
2025-06-20 00:00:00-04:00,45.17,41.75,-0.0,3.42
2025-06-20 01:00:00-04:00,40.5,37.64,-0.0,2.86
2025-06-20 02:00:00-04:00,35.79,33.48,-0.0,2.31
2025-06-20 03:00:00-04:00,35.33,33.17,-0.0,2.16
2025-06-20 04:00:00-04:00,34.41,32.309999999999995,-0.0,2.1
2025-06-20 05:00:00-04:00,33.2,31.230000000000004,-0.0,1.97
2025-06-20 06:00:00-04:00,36.17,33.74,-0.0,2.43
2025-06-20 07:00:00-04:00,37.15,34.21,-0.0,2.94
2025-06-20 08:00:00-04:00,39.73,36.39,-0.0,3.34
2025-06-20 09:00:00-04:00,38.18,34.769999999999996,-0.0,3.41
2025-06-20 10:00:00-04:00,39.42,35.84,-0.0,3.58
2025-06-20 11:00:00-04:00,41.12,37.25,-0.0,3.87
2025-06-20 12:00:00-04:00,43.03,38.77,-0.0,4.26
2025-06-20 13:00:00-04:00,46.47,41.75,-0.0,4.72
2025-06-20 14:00:00-04:00,49.45,44.43000000000001,-0.0,5.02
2025-06-20 15:00:00-04:00,51.39,46.26,-0.0,5.13
2025-06-20 16:00:00-04:00,56.84,51.67,-0.0,5.17
2025-06-20 17:00:00-04:00,61.99,56.41,-0.18,5.76
2025-06-20 18:00:00-04:00,61.44,56.41,-0.22,5.25
2025-06-20 19:00:00-04:00,60.46,56.31,-0.24,4.39
2025-06-20 20:00:00-04:00,57.5,54.02,-0.08,3.56
2025-06-20 21:00:00-04:00,54.79,51.35,-0.0,3.44
2025-06-20 22:00:00-04:00,48.88,45.39,-0.0,3.49
2025-06-20 23:00:00-04:00,43.95,40.690000000000005,-0.0,3.26
2025-06-21 00:00:00-04:00,42.24,38.97,-0.0,3.27
2025-06-21 01:00:00-04:00,37.71,34.980000000000004,-0.0,2.73
2025-06-21 02:00:00-04:00,35.02,32.7,-0.0,2.32
2025-06-21 03:00:00-04:00,33.27,31.010000000000005,-0.0,2.26
2025-06-21 04:00:00-04:00,32.59,30.370000000000005,-0.0,2.22
2025-06-21 05:00:00-04:00,32.0,29.74,-0.0,2.26
2025-06-21 06:00:00-04:00,32.78,30.3,-0.0,2.48
2025-06-21 07:00:00-04:00,34.15,31.53,-0.0,2.62
2025-06-21 08:00:00-04:00,36.2,33.39,-0.0,2.81
2025-06-21 09:00:00-04:00,38.04,34.87,-0.0,3.17
2025-06-21 10:00:00-04:00,41.27,37.75,0.24,3.28
2025-06-21 11:00:00-04:00,44.71,40.61,0.53,3.57
2025-06-21 12:00:00-04:00,49.32,44.81,0.97,3.54
2025-06-21 13:00:00-04:00,50.6,46.1,0.77,3.73
2025-06-21 14:00:00-04:00,52.58,47.98,0.62,3.98
2025-06-21 15:00:00-04:00,55.65,51.05,0.62,3.98
2025-06-21 16:00:00-04:00,60.62,55.17999999999999,1.13,4.31
2025-06-21 17:00:00-04:00,64.2,59.24,-0.25,5.21
2025-06-21 18:00:00-04:00,66.91,61.84,-0.43,5.5
2025-06-21 19:00:00-04:00,62.19,57.73,-0.33,4.79
2025-06-21 20:00:00-04:00,60.38,56.190000000000005,-0.25,4.44
2025-06-21 21:00:00-04:00,56.28,52.57000000000001,-0.02,3.73
2025-06-21 22:00:00-04:00,51.95,47.970000000000006,-0.0,3.98
2025-06-21 23:00:00-04:00,47.09,43.32,-0.0,3.77
2025-06-22 00:00:00-04:00,41.48,35.39,2.48,3.61
2025-06-22 01:00:00-04:00,38.7,33.67,1.63,3.4
2025-06-22 02:00:00-04:00,35.72,32.62,-0.0,3.1
2025-06-22 03:00:00-04:00,33.5,30.62,-0.0,2.88
2025-06-22 04:00:00-04:00,33.47,29.72,0.9,2.85
2025-06-22 05:00:00-04:00,33.0,28.99,1.23,2.78
2025-06-22 06:00:00-04:00,30.51,27.66,-0.0,2.85
2025-06-22 07:00:00-04:00,32.8,29.679999999999996,-0.0,3.12
2025-06-22 08:00:00-04:00,36.71,33.1,-0.0,3.61
2025-06-22 09:00:00-04:00,44.02,39.59,-0.0,4.43
2025-06-22 10:00:00-04:00,50.52,45.8,-0.0,4.72
2025-06-22 11:00:00-04:00,54.52,49.470000000000006,-0.0,5.05
2025-06-22 12:00:00-04:00,59.71,54.73,-0.22,5.2
2025-06-22 13:00:00-04:00,61.16,56.36,-0.22,5.02
2025-06-22 14:00:00-04:00,62.05,56.81999999999999,-0.23,5.46
2025-06-22 15:00:00-04:00,69.85,64.35,-0.36,5.86
2025-06-22 16:00:00-04:00,85.43,76.9,0.3,8.23
2025-06-22 17:00:00-04:00,105.05,94.33,0.91,9.81
2025-06-22 18:00:00-04:00,109.26,102.61,-3.92,10.57
2025-06-22 19:00:00-04:00,100.42,92.78,-1.36,9.0
2025-06-22 20:00:00-04:00,90.89,81.05,2.54,7.3
2025-06-22 21:00:00-04:00,78.07,71.52999999999999,0.75,5.79
2025-06-22 22:00:00-04:00,67.33,63.22,-0.57,4.68
2025-06-22 23:00:00-04:00,60.73,56.59,-0.28,4.42
2025-06-23 00:00:00-04:00,62.11,58.370000000000005,-0.34,4.08
2025-06-23 01:00:00-04:00,58.47,55.29,-0.19,3.37
2025-06-23 02:00:00-04:00,56.45,52.99000000000001,-0.09,3.55
2025-06-23 03:00:00-04:00,53.01,49.36,-0.0,3.65
2025-06-23 04:00:00-04:00,50.76,47.18,-0.0,3.58
2025-06-23 05:00:00-04:00,53.91,50.48,-0.0,3.43
2025-06-23 06:00:00-04:00,56.77,52.85000000000001,-0.09,4.01
2025-06-23 07:00:00-04:00,60.24,56.19,-0.22,4.27
2025-06-23 08:00:00-04:00,62.25,57.75,-0.29,4.79
2025-06-23 09:00:00-04:00,64.99,60.36,-0.38,5.01
2025-06-23 10:00:00-04:00,76.47,71.24,-0.82,6.05
2025-06-23 11:00:00-04:00,86.96,80.37,-0.4,6.99
2025-06-23 12:00:00-04:00,119.35,108.7,-0.32,10.97
2025-06-23 13:00:00-04:00,148.32,131.23,3.04,14.05
2025-06-23 14:00:00-04:00,174.85,151.04,6.3,17.51
2025-06-23 15:00:00-04:00,201.85,169.13,12.43,20.29
2025-06-23 16:00:00-04:00,254.68,210.28,19.6,24.8
2025-06-23 17:00:00-04:00,296.43,245.27,23.21,27.95
2025-06-23 18:00:00-04:00,300.2,213.43999999999997,64.15,22.61
2025-06-23 19:00:00-04:00,237.37,182.95,36.13,18.29
2025-06-23 20:00:00-04:00,217.69,172.34,29.5,15.85
2025-06-23 21:00:00-04:00,138.5,114.76000000000002,14.1,9.64
2025-06-23 22:00:00-04:00,83.98,78.38000000000001,-0.75,6.35
2025-06-23 23:00:00-04:00,71.58,67.50999999999999,-0.52,4.59
2025-06-24 00:00:00-04:00,63.38,59.14,-0.43,4.67
2025-06-24 01:00:00-04:00,60.52,56.47,-0.3,4.35
2025-06-24 02:00:00-04:00,57.91,54.43,-0.17,3.65
2025-06-24 03:00:00-04:00,52.81,49.45,-0.0,3.36
2025-06-24 04:00:00-04:00,51.67,48.16,-0.0,3.51
2025-06-24 05:00:00-04:00,54.78,51.46,-0.02,3.34
2025-06-24 06:00:00-04:00,57.91,54.01,-0.15,4.05
2025-06-24 07:00:00-04:00,61.84,57.0,-0.29,5.13
2025-06-24 08:00:00-04:00,65.95,61.22,-0.41,5.14
2025-06-24 09:00:00-04:00,69.09,64.09,-0.51,5.51
2025-06-24 10:00:00-04:00,79.03,73.04,-0.59,6.58
2025-06-24 11:00:00-04:00,93.48,85.93,-0.88,8.43
2025-06-24 12:00:00-04:00,125.0,113.03,-0.57,12.54
2025-06-24 13:00:00-04:00,156.54,138.75,1.01,16.78
2025-06-24 14:00:00-04:00,189.33,162.72,6.93,19.68
2025-06-24 15:00:00-04:00,219.0,170.53000000000003,26.64,21.83
2025-06-24 16:00:00-04:00,300.0,230.38,40.12,29.5
2025-06-24 17:00:00-04:00,342.72,262.55000000000007,48.15,32.02
2025-06-24 18:00:00-04:00,365.0,260.43999999999994,73.84,30.72
2025-06-24 19:00:00-04:00,313.07,237.57,49.6,25.9
2025-06-24 20:00:00-04:00,260.95,201.7,38.89,20.36
2025-06-24 21:00:00-04:00,165.53,134.02,20.13,11.38
2025-06-24 22:00:00-04:00,102.73,92.48,2.94,7.31
2025-06-24 23:00:00-04:00,75.56,71.92000000000002,-0.68,4.32
2025-06-25 00:00:00-04:00,73.89,68.86,-0.55,5.58
2025-06-25 01:00:00-04:00,70.0,64.94000000000001,-0.4,5.46
2025-06-25 02:00:00-04:00,65.27,60.71999999999999,-0.19,4.74
2025-06-25 03:00:00-04:00,60.95,56.49,-0.0,4.46
2025-06-25 04:00:00-04:00,60.24,56.190000000000005,-0.0,4.05
2025-06-25 05:00:00-04:00,61.31,57.16,-0.02,4.17
2025-06-25 06:00:00-04:00,62.23,57.52,-0.06,4.77
2025-06-25 07:00:00-04:00,68.35,63.34,-0.31,5.32
2025-06-25 08:00:00-04:00,72.8,67.43,-0.43,5.8
2025-06-25 09:00:00-04:00,77.66,71.54,-0.54,6.66
2025-06-25 10:00:00-04:00,81.04,72.07000000000001,1.26,7.71
2025-06-25 11:00:00-04:00,85.66,76.0,1.3,8.36
2025-06-25 12:00:00-04:00,105.78,91.55,3.62,10.61
2025-06-25 13:00:00-04:00,129.1,109.89,5.47,13.74
2025-06-25 14:00:00-04:00,154.17,121.95999999999998,16.72,15.49
2025-06-25 15:00:00-04:00,180.13,131.47,30.26,18.4
2025-06-25 16:00:00-04:00,219.37,162.82,34.24,22.31
2025-06-25 17:00:00-04:00,266.05,185.13,57.03,23.89
2025-06-25 18:00:00-04:00,268.15,205.58999999999995,36.86,25.7
2025-06-25 19:00:00-04:00,217.78,183.25,12.73,21.8
2025-06-25 20:00:00-04:00,151.45,122.29999999999998,15.94,13.21
2025-06-25 21:00:00-04:00,106.96,92.86,4.81,9.29
2025-06-25 22:00:00-04:00,79.8,73.88999999999999,-0.6,6.51
2025-06-25 23:00:00-04:00,69.4,64.17,-0.22,5.45
2025-06-26 00:00:00-04:00,55.36,51.12,-0.21,4.45
2025-06-26 01:00:00-04:00,52.85,48.97,-0.18,4.06
2025-06-26 02:00:00-04:00,50.77,47.06,-0.15,3.86
2025-06-26 03:00:00-04:00,48.42,44.99,-0.17,3.6
2025-06-26 04:00:00-04:00,46.57,43.18,-0.15,3.54
2025-06-26 05:00:00-04:00,47.79,44.41,-0.17,3.55
2025-06-26 06:00:00-04:00,50.1,46.36000000000001,-0.2,3.94
2025-06-26 07:00:00-04:00,50.63,45.760000000000005,-0.21,5.08
2025-06-26 08:00:00-04:00,52.4,47.459999999999994,-0.23,5.17
2025-06-26 09:00:00-04:00,54.19,49.59,-0.31,4.91
2025-06-26 10:00:00-04:00,52.01,47.87,-0.26,4.4
2025-06-26 11:00:00-04:00,53.14,48.86000000000001,-0.27,4.55
2025-06-26 12:00:00-04:00,54.48,50.24999999999999,-0.29,4.52
2025-06-26 13:00:00-04:00,57.76,53.279999999999994,-0.37,4.85
2025-06-26 14:00:00-04:00,57.48,52.41,-0.33,5.4
2025-06-26 15:00:00-04:00,58.55,53.24999999999999,-0.4,5.7
2025-06-26 16:00:00-04:00,61.02,56.13,-0.44,5.33
2025-06-26 17:00:00-04:00,63.89,59.05,-0.71,5.55
2025-06-26 18:00:00-04:00,60.54,56.370000000000005,-0.56,4.73
2025-06-26 19:00:00-04:00,59.66,55.8,-0.5,4.36
2025-06-26 20:00:00-04:00,54.02,49.870000000000005,-0.29,4.44
2025-06-26 21:00:00-04:00,50.04,46.12,-0.23,4.15
2025-06-26 22:00:00-04:00,44.5,41.0,-0.15,3.65
2025-06-26 23:00:00-04:00,40.48,36.65,-0.09,3.92
2025-06-27 00:00:00-04:00,42.09,38.47,-0.15,3.77
2025-06-27 01:00:00-04:00,37.79,34.56,-0.09,3.32
2025-06-27 02:00:00-04:00,34.0,31.369999999999997,-0.04,2.67
2025-06-27 03:00:00-04:00,31.38,28.96,-0.01,2.43
2025-06-27 04:00:00-04:00,32.08,29.56,-0.02,2.54
2025-06-27 05:00:00-04:00,33.2,30.570000000000004,-0.03,2.66
2025-06-27 06:00:00-04:00,41.63,38.54,-0.15,3.24
2025-06-27 07:00:00-04:00,43.28,39.790000000000006,-0.17,3.66
2025-06-27 08:00:00-04:00,46.19,42.37,-0.21,4.03
2025-06-27 09:00:00-04:00,44.79,41.19,-0.19,3.79
2025-06-27 10:00:00-04:00,42.34,38.940000000000005,-0.14,3.54
2025-06-27 11:00:00-04:00,41.94,38.49,-0.13,3.58
2025-06-27 12:00:00-04:00,43.36,39.85,-0.15,3.66
2025-06-27 13:00:00-04:00,43.87,40.209999999999994,-0.16,3.82
2025-06-27 14:00:00-04:00,44.19,40.459999999999994,-0.16,3.89
2025-06-27 15:00:00-04:00,45.56,41.66,-0.18,4.08
2025-06-27 16:00:00-04:00,49.16,45.059999999999995,-0.23,4.33
2025-06-27 17:00:00-04:00,51.1,46.95,-0.26,4.41
2025-06-27 18:00:00-04:00,49.11,45.13999999999999,-0.23,4.2
2025-06-27 19:00:00-04:00,49.33,45.599999999999994,-0.23,3.96
2025-06-27 20:00:00-04:00,44.88,40.88,-0.17,4.17
2025-06-27 21:00:00-04:00,42.31,38.88,-0.14,3.57
2025-06-27 22:00:00-04:00,38.55,35.22,-0.09,3.42
2025-06-27 23:00:00-04:00,33.38,30.53,-0.02,2.87
2025-06-28 00:00:00-04:00,36.77,33.46,-0.0,3.31
2025-06-28 01:00:00-04:00,31.21,28.42,-0.0,2.79
2025-06-28 02:00:00-04:00,28.43,26.11,-0.0,2.32
2025-06-28 03:00:00-04:00,29.62,27.130000000000003,-0.0,2.49
2025-06-28 04:00:00-04:00,28.45,25.96,-0.0,2.49
2025-06-28 05:00:00-04:00,29.51,27.03,-0.0,2.48
2025-06-28 06:00:00-04:00,28.4,25.86,-0.0,2.54
2025-06-28 07:00:00-04:00,31.6,28.73,-0.0,2.87
2025-06-28 08:00:00-04:00,35.18,31.95,-0.0,3.23
2025-06-28 09:00:00-04:00,38.95,35.410000000000004,-0.0,3.54
2025-06-28 10:00:00-04:00,42.95,39.370000000000005,-0.0,3.58
2025-06-28 11:00:00-04:00,44.46,40.75,-0.0,3.71
2025-06-28 12:00:00-04:00,44.82,41.01,-0.0,3.81
2025-06-28 13:00:00-04:00,47.91,43.83,-0.0,4.08
2025-06-28 14:00:00-04:00,47.82,43.32,-0.0,4.5
2025-06-28 15:00:00-04:00,53.21,47.94,-0.0,5.27
2025-06-28 16:00:00-04:00,55.94,50.17,-0.0,5.77
2025-06-28 17:00:00-04:00,66.81,60.190000000000005,-0.0,6.62
2025-06-28 18:00:00-04:00,68.2,61.61,-0.0,6.59
2025-06-28 19:00:00-04:00,70.13,63.58,-0.0,6.55
2025-06-28 20:00:00-04:00,67.74,61.529999999999994,-0.0,6.21
2025-06-28 21:00:00-04:00,57.7,53.13,-0.0,4.57
2025-06-28 22:00:00-04:00,52.6,48.3,-0.0,4.3
2025-06-28 23:00:00-04:00,47.85,43.82,-0.0,4.03
2025-06-29 00:00:00-04:00,40.76,36.95,-0.0,3.81
2025-06-29 01:00:00-04:00,37.03,33.76,-0.0,3.27
2025-06-29 02:00:00-04:00,32.85,29.97,-0.0,2.88
2025-06-29 03:00:00-04:00,31.35,28.53,-0.0,2.82
2025-06-29 04:00:00-04:00,31.2,28.52,-0.0,2.68
2025-06-29 05:00:00-04:00,30.68,28.02,-0.0,2.66
2025-06-29 06:00:00-04:00,30.61,27.9,-0.0,2.71
2025-06-29 07:00:00-04:00,31.2,28.31,-0.0,2.89
2025-06-29 08:00:00-04:00,31.24,28.22,-0.0,3.02
2025-06-29 09:00:00-04:00,33.59,30.340000000000003,-0.0,3.25
2025-06-29 10:00:00-04:00,34.54,31.31,-0.0,3.23
2025-06-29 11:00:00-04:00,38.68,34.94,-0.0,3.74
2025-06-29 12:00:00-04:00,41.55,37.43,-0.0,4.12
2025-06-29 13:00:00-04:00,45.0,40.290000000000006,0.16,4.55
2025-06-29 14:00:00-04:00,47.69,42.98,0.02,4.69
2025-06-29 15:00:00-04:00,52.06,47.23,0.01,4.82
2025-06-29 16:00:00-04:00,57.78,53.3,-0.32,4.8
2025-06-29 17:00:00-04:00,62.0,57.2,-0.35,5.15
2025-06-29 18:00:00-04:00,77.08,71.07,-0.6,6.61
2025-06-29 19:00:00-04:00,72.55,67.52,-0.91,5.94
2025-06-29 20:00:00-04:00,66.35,61.96999999999999,-0.76,5.14
2025-06-29 21:00:00-04:00,60.04,56.98,-0.47,3.53
2025-06-29 22:00:00-04:00,52.65,49.309999999999995,-0.11,3.45
2025-06-29 23:00:00-04:00,47.41,43.86,-0.0,3.55
2025-06-30 00:00:00-04:00,46.01,41.79,-0.0,4.22
2025-06-30 01:00:00-04:00,40.47,36.82,-0.0,3.65
2025-06-30 02:00:00-04:00,37.19,33.96,-0.0,3.23
2025-06-30 03:00:00-04:00,34.28,31.36,-0.0,2.92
2025-06-30 04:00:00-04:00,33.76,30.97,-0.0,2.79
2025-06-30 05:00:00-04:00,35.13,32.260000000000005,-0.0,2.87
2025-06-30 06:00:00-04:00,37.98,34.68,-0.0,3.3
2025-06-30 07:00:00-04:00,41.74,37.67,-0.0,4.07
2025-06-30 08:00:00-04:00,47.42,43.03,-0.0,4.39
2025-06-30 09:00:00-04:00,47.81,43.35,-0.0,4.46
2025-06-30 10:00:00-04:00,50.62,46.059999999999995,-0.0,4.56
2025-06-30 11:00:00-04:00,53.85,49.13,-0.0,4.72
2025-06-30 12:00:00-04:00,60.0,55.1,-0.0,4.9
2025-06-30 13:00:00-04:00,60.22,55.81,-0.39,4.8
2025-06-30 14:00:00-04:00,65.56,61.1,-0.55,5.01
2025-06-30 15:00:00-04:00,70.94,64.61,-0.45,6.78
2025-06-30 16:00:00-04:00,85.12,76.87,-0.59,8.84
2025-06-30 17:00:00-04:00,101.12,89.41000000000001,-0.28,11.99
2025-06-30 18:00:00-04:00,100.2,89.97999999999999,-0.57,10.79
2025-06-30 19:00:00-04:00,93.81,84.42999999999999,-0.33,9.71
2025-06-30 20:00:00-04:00,81.2,75.15,-0.72,6.77
2025-06-30 21:00:00-04:00,68.89,64.5,-0.58,4.97
2025-06-30 22:00:00-04:00,59.86,55.47,-0.32,4.71
2025-06-30 23:00:00-04:00,54.07,50.0,-0.18,4.25
2025-07-01 00:00:00-04:00,49.13,44.870000000000005,-0.0,4.26
2025-07-01 01:00:00-04:00,43.38,39.510000000000005,-0.0,3.87
2025-07-01 02:00:00-04:00,40.07,36.59,-0.0,3.48
2025-07-01 03:00:00-04:00,36.5,33.46,-0.0,3.04
2025-07-01 04:00:00-04:00,36.49,33.480000000000004,-0.0,3.01
2025-07-01 05:00:00-04:00,42.0,38.43,-0.0,3.57
2025-07-01 06:00:00-04:00,45.79,41.51,-0.0,4.28
2025-07-01 07:00:00-04:00,48.74,44.19,-0.22,4.77
2025-07-01 08:00:00-04:00,51.26,46.42999999999999,-0.19,5.02
2025-07-01 09:00:00-04:00,54.24,47.92,1.24,5.08
2025-07-01 10:00:00-04:00,55.13,49.71,-0.19,5.61
2025-07-01 11:00:00-04:00,57.81,52.03,-0.25,6.03
2025-07-01 12:00:00-04:00,62.15,55.65,-0.4,6.9
2025-07-01 13:00:00-04:00,67.14,59.9,-0.43,7.67
2025-07-01 14:00:00-04:00,72.55,63.78999999999999,-0.3,9.06
2025-07-01 15:00:00-04:00,116.71,61.929999999999986,45.74,9.04
2025-07-01 16:00:00-04:00,138.51,70.13,58.07,10.31
2025-07-01 17:00:00-04:00,173.65,76.94000000000001,85.79,10.92
2025-07-01 18:00:00-04:00,120.29,77.5,31.39,11.4
2025-07-01 19:00:00-04:00,87.02,77.27,-0.92,10.67
2025-07-01 20:00:00-04:00,78.3,70.38999999999999,-0.32,8.23
2025-07-01 21:00:00-04:00,65.28,59.75,-0.33,5.86
2025-07-01 22:00:00-04:00,56.1,51.3,-0.18,4.98
2025-07-01 23:00:00-04:00,52.88,48.720000000000006,-0.13,4.29
2025-07-02 00:00:00-04:00,51.0,46.36,-0.0,4.64
2025-07-02 01:00:00-04:00,46.0,41.74,-0.0,4.26
2025-07-02 02:00:00-04:00,40.27,36.41,-0.0,3.86
2025-07-02 03:00:00-04:00,37.69,34.11,-0.0,3.58
2025-07-02 04:00:00-04:00,37.12,33.68,-0.0,3.44
2025-07-02 05:00:00-04:00,39.49,35.800000000000004,-0.0,3.69
2025-07-02 06:00:00-04:00,43.23,39.05,-0.0,4.18
2025-07-02 07:00:00-04:00,49.96,45.01,-0.0,4.95
2025-07-02 08:00:00-04:00,53.19,48.489999999999995,-0.0,4.7
2025-07-02 09:00:00-04:00,53.45,48.63,0.01,4.81
2025-07-02 10:00:00-04:00,51.25,46.54,0.01,4.7
2025-07-02 11:00:00-04:00,54.48,49.559999999999995,0.01,4.91
2025-07-02 12:00:00-04:00,56.82,51.75,-0.0,5.07
2025-07-02 13:00:00-04:00,60.9,55.72,-0.12,5.3
2025-07-02 14:00:00-04:00,64.18,58.95,-0.25,5.48
2025-07-02 15:00:00-04:00,68.12,61.67,-0.33,6.78
2025-07-02 16:00:00-04:00,75.04,66.76,-0.2,8.48
2025-07-02 17:00:00-04:00,85.66,75.6,0.76,9.3
2025-07-02 18:00:00-04:00,87.7,78.84,-0.44,9.3
2025-07-02 19:00:00-04:00,83.54,76.42,-0.45,7.57
2025-07-02 20:00:00-04:00,72.04,66.71000000000001,-0.68,6.01
2025-07-02 21:00:00-04:00,64.41,60.04,-0.14,4.51
2025-07-02 22:00:00-04:00,55.73,51.22,-0.0,4.51
2025-07-02 23:00:00-04:00,50.58,46.57,-0.0,4.01
2025-07-03 00:00:00-04:00,48.84,45.1,-0.0,3.74
2025-07-03 01:00:00-04:00,45.37,41.82,-0.0,3.55
2025-07-03 02:00:00-04:00,38.93,35.45,-0.0,3.48
2025-07-03 03:00:00-04:00,36.37,33.269999999999996,-0.0,3.1
2025-07-03 04:00:00-04:00,35.67,32.72,-0.0,2.95
2025-07-03 05:00:00-04:00,39.28,36.370000000000005,-0.0,2.91
2025-07-03 06:00:00-04:00,43.24,39.82,-0.0,3.42
2025-07-03 07:00:00-04:00,45.55,41.52,-0.0,4.03
2025-07-03 08:00:00-04:00,47.3,43.24,0.3,3.76
2025-07-03 09:00:00-04:00,51.67,43.330000000000005,4.44,3.9
2025-07-03 10:00:00-04:00,52.0,42.86,5.37,3.77
2025-07-03 11:00:00-04:00,53.43,47.78,1.21,4.44
2025-07-03 12:00:00-04:00,56.66,51.46,0.15,5.05
2025-07-03 13:00:00-04:00,60.22,54.370000000000005,0.3,5.55
2025-07-03 14:00:00-04:00,64.6,58.669999999999995,0.18,5.75
2025-07-03 15:00:00-04:00,69.98,61.8,0.71,7.47
2025-07-03 16:00:00-04:00,84.07,65.74,10.24,8.09
2025-07-03 17:00:00-04:00,84.09,74.88,0.15,9.06
2025-07-03 18:00:00-04:00,82.65,75.38000000000001,-0.04,7.31
2025-07-03 19:00:00-04:00,76.75,70.94,-0.07,5.88
2025-07-03 20:00:00-04:00,67.6,63.10999999999999,-0.49,4.98
2025-07-03 21:00:00-04:00,61.26,58.099999999999994,-0.15,3.31
2025-07-03 22:00:00-04:00,54.3,50.84,-0.0,3.46
2025-07-03 23:00:00-04:00,49.39,46.12,-0.0,3.27
2025-07-04 00:00:00-04:00,45.51,42.61,-0.0,2.9
2025-07-04 01:00:00-04:00,40.54,37.82,-0.0,2.72
2025-07-04 02:00:00-04:00,34.76,32.46,-0.0,2.3
2025-07-04 03:00:00-04:00,33.9,31.799999999999997,-0.0,2.1
2025-07-04 04:00:00-04:00,33.41,31.4,-0.0,2.01
2025-07-04 05:00:00-04:00,33.57,31.55,-0.0,2.02
2025-07-04 06:00:00-04:00,33.58,31.709999999999997,-0.0,1.87
2025-07-04 07:00:00-04:00,31.89,30.03,-0.0,1.86
2025-07-04 08:00:00-04:00,32.16,30.059999999999995,-0.0,2.1
2025-07-04 09:00:00-04:00,31.9,29.57,-0.0,2.33
2025-07-04 10:00:00-04:00,32.69,30.24,-0.0,2.45
2025-07-04 11:00:00-04:00,35.0,32.29,0.03,2.68
2025-07-04 12:00:00-04:00,38.82,35.58,0.29,2.95
2025-07-04 13:00:00-04:00,43.18,39.22,0.59,3.37
2025-07-04 14:00:00-04:00,45.52,41.260000000000005,0.71,3.55
2025-07-04 15:00:00-04:00,50.15,45.4,0.75,4.0
2025-07-04 16:00:00-04:00,55.78,51.31,0.46,4.01
2025-07-04 17:00:00-04:00,62.33,58.42,-0.0,3.91
2025-07-04 18:00:00-04:00,63.79,60.35,-0.0,3.44
2025-07-04 19:00:00-04:00,61.75,58.7,-0.0,3.05
2025-07-04 20:00:00-04:00,57.45,54.66,-0.0,2.79
2025-07-04 21:00:00-04:00,51.74,49.32,-0.0,2.42
2025-07-04 22:00:00-04:00,46.94,44.2,-0.0,2.74
2025-07-04 23:00:00-04:00,41.86,39.13,0.11,2.62
2025-07-05 00:00:00-04:00,41.88,38.96,-0.0,2.92
2025-07-05 01:00:00-04:00,36.53,33.980000000000004,-0.0,2.55
2025-07-05 02:00:00-04:00,32.96,30.86,-0.0,2.1
2025-07-05 03:00:00-04:00,31.48,29.45,-0.0,2.03
2025-07-05 04:00:00-04:00,30.27,28.34,-0.0,1.93
2025-07-05 05:00:00-04:00,30.4,28.6,-0.0,1.8
2025-07-05 06:00:00-04:00,29.53,27.6,-0.0,1.93
2025-07-05 07:00:00-04:00,29.76,27.66,-0.0,2.1
2025-07-05 08:00:00-04:00,29.75,27.52,-0.0,2.23
2025-07-05 09:00:00-04:00,34.16,31.78,-0.0,2.38
2025-07-05 10:00:00-04:00,37.13,34.330000000000005,0.29,2.51
2025-07-05 11:00:00-04:00,40.13,37.05,0.38,2.7
2025-07-05 12:00:00-04:00,44.84,41.31,0.6,2.93
2025-07-05 13:00:00-04:00,47.96,44.11,0.59,3.26
2025-07-05 14:00:00-04:00,50.31,46.38,0.82,3.11
2025-07-05 15:00:00-04:00,53.96,49.940000000000005,0.72,3.3
2025-07-05 16:00:00-04:00,62.11,58.36,0.42,3.33
2025-07-05 17:00:00-04:00,67.24,64.03999999999999,-0.0,3.2
2025-07-05 18:00:00-04:00,70.32,66.52999999999999,-0.0,3.79
2025-07-05 19:00:00-04:00,67.89,64.66,-0.0,3.23
2025-07-05 20:00:00-04:00,65.46,62.81999999999999,-0.0,2.64
2025-07-05 21:00:00-04:00,60.03,57.23,-0.0,2.8
2025-07-05 22:00:00-04:00,52.11,49.21,-0.0,2.9
2025-07-05 23:00:00-04:00,48.11,44.63,-0.0,3.48
2025-07-06 00:00:00-04:00,42.44,39.33,-0.0,3.11
2025-07-06 01:00:00-04:00,36.73,34.04,-0.0,2.69
2025-07-06 02:00:00-04:00,33.59,31.22,-0.0,2.37
2025-07-06 03:00:00-04:00,32.28,30.06,-0.0,2.22
2025-07-06 04:00:00-04:00,31.25,29.04,-0.0,2.21
2025-07-06 05:00:00-04:00,31.05,28.78,-0.0,2.27
2025-07-06 06:00:00-04:00,31.2,28.84,-0.0,2.36
2025-07-06 07:00:00-04:00,31.11,28.619999999999997,-0.0,2.49
2025-07-06 08:00:00-04:00,33.81,31.110000000000003,-0.0,2.7
2025-07-06 09:00:00-04:00,38.24,35.510000000000005,-0.0,2.73
2025-07-06 10:00:00-04:00,41.53,38.6,-0.0,2.93
2025-07-06 11:00:00-04:00,48.95,45.580000000000005,-0.0,3.37
2025-07-06 12:00:00-04:00,52.08,48.489999999999995,-0.0,3.59
2025-07-06 13:00:00-04:00,56.15,52.36,-0.08,3.87
2025-07-06 14:00:00-04:00,61.2,57.120000000000005,-0.32,4.4
2025-07-06 15:00:00-04:00,65.95,62.18000000000001,-0.52,4.29
2025-07-06 16:00:00-04:00,77.34,72.6,-0.99,5.73
2025-07-06 17:00:00-04:00,89.51,82.54,-0.54,7.51
2025-07-06 18:00:00-04:00,98.4,90.66,-0.33,8.07
2025-07-06 19:00:00-04:00,97.02,89.9,-0.34,7.46
2025-07-06 20:00:00-04:00,87.57,81.82,-0.47,6.22
2025-07-06 21:00:00-04:00,72.69,69.67999999999999,-0.82,3.83
2025-07-06 22:00:00-04:00,63.93,61.85,-0.46,2.54
2025-07-06 23:00:00-04:00,53.94,51.22,-0.04,2.76
2025-07-07 00:00:00-04:00,50.29,47.0,-0.0,3.29
2025-07-07 01:00:00-04:00,45.44,42.309999999999995,-0.0,3.13
2025-07-07 02:00:00-04:00,40.92,38.21,-0.0,2.71
2025-07-07 03:00:00-04:00,38.87,36.29,-0.0,2.58
2025-07-07 04:00:00-04:00,39.18,36.55,-0.0,2.63
2025-07-07 05:00:00-04:00,40.96,38.28,-0.0,2.68
2025-07-07 06:00:00-04:00,47.2,44.11,-0.0,3.09
2025-07-07 07:00:00-04:00,49.64,46.05,-0.0,3.59
2025-07-07 08:00:00-04:00,54.09,50.41,-0.05,3.73
2025-07-07 09:00:00-04:00,57.1,53.18000000000001,-0.17,4.09
2025-07-07 10:00:00-04:00,62.84,58.93000000000001,-0.39,4.3
2025-07-07 11:00:00-04:00,68.21,64.39999999999999,-0.57,4.38
2025-07-07 12:00:00-04:00,71.12,66.41000000000001,-0.67,5.38
2025-07-07 13:00:00-04:00,77.47,72.64999999999999,-0.63,5.45
2025-07-07 14:00:00-04:00,88.59,81.77000000000001,-0.79,7.61
2025-07-07 15:00:00-04:00,108.48,93.35,4.68,10.45
2025-07-07 16:00:00-04:00,125.12,107.15,5.97,12.0
2025-07-07 17:00:00-04:00,151.19,106.0,33.42,11.77
2025-07-07 18:00:00-04:00,147.9,107.66,29.15,11.09
2025-07-07 19:00:00-04:00,118.97,89.75999999999999,20.51,8.7
2025-07-07 20:00:00-04:00,107.93,78.37,24.0,5.56
2025-07-07 21:00:00-04:00,89.55,71.72,13.31,4.52
2025-07-07 22:00:00-04:00,69.2,65.76,-0.64,4.08
2025-07-07 23:00:00-04:00,61.05,58.44,-0.37,2.98
2025-07-08 00:00:00-04:00,57.81,55.190000000000005,-0.25,2.87
2025-07-08 01:00:00-04:00,52.72,49.74,-0.0,2.98
2025-07-08 02:00:00-04:00,50.08,47.2,-0.0,2.88
2025-07-08 03:00:00-04:00,49.73,46.559999999999995,-0.0,3.17
2025-07-08 04:00:00-04:00,49.56,46.67,-0.0,2.89
2025-07-08 05:00:00-04:00,51.11,48.63,-0.0,2.48
2025-07-08 06:00:00-04:00,53.26,50.56,-0.03,2.73
2025-07-08 07:00:00-04:00,55.59,52.6,-0.11,3.1
2025-07-08 08:00:00-04:00,60.95,57.57000000000001,-0.31,3.69
2025-07-08 09:00:00-04:00,64.58,61.24,-0.46,3.8
2025-07-08 10:00:00-04:00,64.89,61.52,-0.45,3.82
2025-07-08 11:00:00-04:00,69.06,64.52,-0.56,5.1
2025-07-08 12:00:00-04:00,72.97,68.1,-0.64,5.51
2025-07-08 13:00:00-04:00,86.23,79.69,-0.71,7.25
2025-07-08 14:00:00-04:00,94.39,84.75,0.15,9.49
2025-07-08 15:00:00-04:00,125.71,93.12,20.95,11.64
2025-07-08 16:00:00-04:00,134.64,94.11999999999998,28.85,11.67
2025-07-08 17:00:00-04:00,166.4,97.16,57.2,12.04
2025-07-08 18:00:00-04:00,146.14,111.96,21.2,12.98
2025-07-08 19:00:00-04:00,120.63,92.59,18.5,9.54
2025-07-08 20:00:00-04:00,101.27,83.78999999999999,9.93,7.55
2025-07-08 21:00:00-04:00,79.96,75.96,-1.17,5.17
2025-07-08 22:00:00-04:00,67.22,64.26,-0.7,3.66
2025-07-08 23:00:00-04:00,58.9,56.32,-0.29,2.87
2025-07-09 00:00:00-04:00,55.0,51.26,-0.0,3.74
2025-07-09 01:00:00-04:00,50.31,46.370000000000005,-0.0,3.94
2025-07-09 02:00:00-04:00,47.76,44.22,-0.0,3.54
2025-07-09 03:00:00-04:00,45.92,42.64,-0.0,3.28
2025-07-09 04:00:00-04:00,46.36,43.17,-0.0,3.19
2025-07-09 05:00:00-04:00,49.61,46.06,-0.0,3.55
2025-07-09 06:00:00-04:00,52.52,48.81,-0.0,3.71
2025-07-09 07:00:00-04:00,53.96,50.29,-0.0,3.67
2025-07-09 08:00:00-04:00,55.88,52.35,-0.03,3.56
2025-07-09 09:00:00-04:00,56.8,53.19,-0.06,3.67
2025-07-09 10:00:00-04:00,55.8,51.66,-0.0,4.14
2025-07-09 11:00:00-04:00,59.97,56.120000000000005,-0.02,3.87
2025-07-09 12:00:00-04:00,60.41,56.58,-0.13,3.96
2025-07-09 13:00:00-04:00,65.07,60.809999999999995,-0.06,4.32
2025-07-09 14:00:00-04:00,67.7,62.470000000000006,0.61,4.62
2025-07-09 15:00:00-04:00,70.16,64.66,-0.12,5.62
2025-07-09 16:00:00-04:00,76.89,71.71,-0.63,5.81
2025-07-09 17:00:00-04:00,91.09,84.78,-1.06,7.37
2025-07-09 18:00:00-04:00,84.68,80.42,-2.41,6.67
2025-07-09 19:00:00-04:00,81.53,79.60000000000001,-3.01,4.94
2025-07-09 20:00:00-04:00,74.45,72.0,-1.87,4.32
2025-07-09 21:00:00-04:00,65.69,63.54,-1.34,3.49
2025-07-09 22:00:00-04:00,59.56,56.080000000000005,-0.0,3.48
2025-07-09 23:00:00-04:00,55.0,51.45,-0.0,3.55
2025-07-10 00:00:00-04:00,51.26,47.46,-0.0,3.8
2025-07-10 01:00:00-04:00,48.81,44.99,-0.0,3.82
2025-07-10 02:00:00-04:00,43.21,40.120000000000005,-0.0,3.09
2025-07-10 03:00:00-04:00,41.14,38.24,-0.0,2.9
2025-07-10 04:00:00-04:00,41.14,38.27,-0.0,2.87
2025-07-10 05:00:00-04:00,42.39,39.4,-0.0,2.99
2025-07-10 06:00:00-04:00,47.02,43.42,-0.0,3.6
2025-07-10 07:00:00-04:00,50.69,47.2,-0.0,3.49
2025-07-10 08:00:00-04:00,53.49,50.27,-0.0,3.22
2025-07-10 09:00:00-04:00,57.0,53.37,-0.0,3.63
2025-07-10 10:00:00-04:00,57.96,54.47,-0.16,3.65
2025-07-10 11:00:00-04:00,58.66,55.14,-0.06,3.58
2025-07-10 12:00:00-04:00,61.01,57.459999999999994,0.1,3.45
2025-07-10 13:00:00-04:00,63.69,59.95,0.26,3.48
2025-07-10 14:00:00-04:00,66.74,62.379999999999995,0.55,3.81
2025-07-10 15:00:00-04:00,70.73,65.17,0.61,4.95
2025-07-10 16:00:00-04:00,76.71,70.46999999999998,0.95,5.29
2025-07-10 17:00:00-04:00,86.46,79.28999999999999,0.91,6.26
2025-07-10 18:00:00-04:00,81.16,75.27000000000001,1.07,4.82
2025-07-10 19:00:00-04:00,73.88,69.64,0.27,3.97
2025-07-10 20:00:00-04:00,67.62,64.32000000000001,-0.11,3.41
2025-07-10 21:00:00-04:00,63.76,61.51,-0.39,2.64
2025-07-10 22:00:00-04:00,56.0,52.53,-0.15,3.62
2025-07-10 23:00:00-04:00,49.66,46.459999999999994,-0.0,3.2
2025-07-11 00:00:00-04:00,48.06,44.79,-0.0,3.27
2025-07-11 01:00:00-04:00,45.7,42.470000000000006,-0.0,3.23
2025-07-11 02:00:00-04:00,41.67,38.760000000000005,-0.0,2.91
2025-07-11 03:00:00-04:00,42.32,39.51,-0.0,2.81
2025-07-11 04:00:00-04:00,42.38,39.72,-0.0,2.66
2025-07-11 05:00:00-04:00,43.37,40.76,-0.0,2.61
2025-07-11 06:00:00-04:00,45.95,42.830000000000005,-0.0,3.12
2025-07-11 07:00:00-04:00,49.25,46.33,-0.0,2.92
2025-07-11 08:00:00-04:00,52.19,49.239999999999995,-0.05,3.0
2025-07-11 09:00:00-04:00,52.73,49.809999999999995,-0.07,2.99
2025-07-11 10:00:00-04:00,54.53,51.25,0.1,3.18
2025-07-11 11:00:00-04:00,58.86,55.040000000000006,0.41,3.41
2025-07-11 12:00:00-04:00,63.96,59.7,0.68,3.58
2025-07-11 13:00:00-04:00,70.59,65.94,0.56,4.09
2025-07-11 14:00:00-04:00,73.95,68.11,0.8,5.04
2025-07-11 15:00:00-04:00,83.9,76.87,0.73,6.3
2025-07-11 16:00:00-04:00,87.8,81.21,-0.23,6.82
2025-07-11 17:00:00-04:00,96.83,88.39,-0.23,8.67
2025-07-11 18:00:00-04:00,90.81,83.66000000000001,-0.29,7.44
2025-07-11 19:00:00-04:00,86.54,81.38000000000001,-0.62,5.78
2025-07-11 20:00:00-04:00,76.56,72.28,-0.56,4.84
2025-07-11 21:00:00-04:00,68.82,66.08,-0.5,3.24
2025-07-11 22:00:00-04:00,61.55,59.58,-0.42,2.39
2025-07-11 23:00:00-04:00,55.66,53.28999999999999,-0.19,2.56
2025-07-12 00:00:00-04:00,50.63,48.22,-0.0,2.41
2025-07-12 01:00:00-04:00,45.24,42.28,-0.0,2.96
2025-07-12 02:00:00-04:00,41.39,38.54,-0.0,2.85
2025-07-12 03:00:00-04:00,40.48,37.94,-0.0,2.54
2025-07-12 04:00:00-04:00,38.27,35.870000000000005,-0.0,2.4
2025-07-12 05:00:00-04:00,39.47,36.92,-0.0,2.55
2025-07-12 06:00:00-04:00,40.23,37.669999999999995,-0.0,2.56
2025-07-12 07:00:00-04:00,39.45,37.040000000000006,-0.0,2.41
2025-07-12 08:00:00-04:00,44.12,41.62,-0.0,2.5
2025-07-12 09:00:00-04:00,48.09,45.370000000000005,-0.0,2.72
2025-07-12 10:00:00-04:00,51.49,48.78000000000001,-0.02,2.73
2025-07-12 11:00:00-04:00,54.77,52.66,-0.15,2.26
2025-07-12 12:00:00-04:00,58.14,55.7,-0.29,2.73
2025-07-12 13:00:00-04:00,63.32,60.99,-0.42,2.75
2025-07-12 14:00:00-04:00,68.46,65.67,-0.43,3.22
2025-07-12 15:00:00-04:00,76.0,72.46,-0.66,4.2
2025-07-12 16:00:00-04:00,83.49,79.94,-0.92,4.47
2025-07-12 17:00:00-04:00,89.85,84.72999999999999,-0.72,5.84
2025-07-12 18:00:00-04:00,85.55,81.83,-0.94,4.66
2025-07-12 19:00:00-04:00,83.78,81.22,-1.34,3.9
2025-07-12 20:00:00-04:00,74.29,72.48,-1.16,2.97
2025-07-12 21:00:00-04:00,66.87,65.81,-0.98,2.04
2025-07-12 22:00:00-04:00,57.78,55.61000000000001,-0.27,2.44
2025-07-12 23:00:00-04:00,53.12,50.45,-0.0,2.67
2025-07-13 00:00:00-04:00,50.11,46.44,-0.0,3.67
2025-07-13 01:00:00-04:00,45.02,41.92,-0.0,3.1
2025-07-13 02:00:00-04:00,39.97,37.25,-0.0,2.72
2025-07-13 03:00:00-04:00,39.85,37.24,-0.0,2.61
2025-07-13 04:00:00-04:00,38.99,36.370000000000005,-0.0,2.62
2025-07-13 05:00:00-04:00,38.92,36.27,-0.0,2.65
2025-07-13 06:00:00-04:00,38.9,36.29,-0.0,2.61
2025-07-13 07:00:00-04:00,41.21,38.44,-0.0,2.77
2025-07-13 08:00:00-04:00,43.12,40.19,-0.0,2.93
2025-07-13 09:00:00-04:00,48.65,45.38999999999999,0.31,2.95
2025-07-13 10:00:00-04:00,51.57,48.06,0.72,2.79
2025-07-13 11:00:00-04:00,55.12,51.379999999999995,1.07,2.67
2025-07-13 12:00:00-04:00,56.72,53.22,0.95,2.55
2025-07-13 13:00:00-04:00,58.17,55.12,0.46,2.59
2025-07-13 14:00:00-04:00,63.61,61.04,-0.24,2.81
2025-07-13 15:00:00-04:00,71.44,67.45,-0.39,4.38
2025-07-13 16:00:00-04:00,81.09,76.61000000000001,-0.43,4.91
2025-07-13 17:00:00-04:00,87.76,82.14,-0.3,5.92
2025-07-13 18:00:00-04:00,91.49,85.53,-0.28,6.24
2025-07-13 19:00:00-04:00,85.81,81.23,-0.29,4.87
2025-07-13 20:00:00-04:00,79.62,75.89000000000001,-0.29,4.02
2025-07-13 21:00:00-04:00,69.04,66.47000000000001,-0.29,2.86
2025-07-13 22:00:00-04:00,61.45,59.55,-0.42,2.32
2025-07-13 23:00:00-04:00,56.46,53.81,-0.2,2.85
2025-07-14 00:00:00-04:00,51.13,47.56,-0.0,3.57
2025-07-14 01:00:00-04:00,47.04,43.879999999999995,-0.0,3.16
2025-07-14 02:00:00-04:00,42.18,39.31,-0.0,2.87
2025-07-14 03:00:00-04:00,40.83,38.16,-0.0,2.67
2025-07-14 04:00:00-04:00,41.16,38.58,-0.0,2.58
2025-07-14 05:00:00-04:00,43.0,40.19,-0.0,2.81
2025-07-14 06:00:00-04:00,45.0,41.63,-0.0,3.37
2025-07-14 07:00:00-04:00,51.98,48.7,-0.03,3.31
2025-07-14 08:00:00-04:00,56.64,53.53,-0.21,3.32
2025-07-14 09:00:00-04:00,58.12,54.919999999999995,-0.26,3.46
2025-07-14 10:00:00-04:00,60.35,57.150000000000006,-0.34,3.54
2025-07-14 11:00:00-04:00,64.11,60.87,-0.41,3.65
2025-07-14 12:00:00-04:00,69.94,66.33999999999999,-0.58,4.18
2025-07-14 13:00:00-04:00,79.34,75.27000000000001,-0.75,4.82
2025-07-14 14:00:00-04:00,87.05,81.39,-0.52,6.18
2025-07-14 15:00:00-04:00,87.34,81.09,-0.56,6.81
2025-07-14 16:00:00-04:00,100.69,93.54,-0.71,7.86
2025-07-14 17:00:00-04:00,114.57,106.24,-0.7,9.03
2025-07-14 18:00:00-04:00,107.85,101.22,-0.97,7.6
2025-07-14 19:00:00-04:00,97.01,91.54,-1.03,6.5
2025-07-14 20:00:00-04:00,88.12,82.24,-0.21,6.09
2025-07-14 21:00:00-04:00,78.07,75.36,-0.98,3.69
2025-07-14 22:00:00-04:00,66.16,63.97,-0.56,2.75
2025-07-14 23:00:00-04:00,59.58,56.82,-0.31,3.07
2025-07-15 00:00:00-04:00,53.8,50.23,-0.1,3.67
2025-07-15 01:00:00-04:00,50.44,46.83,-0.0,3.61
2025-07-15 02:00:00-04:00,49.21,45.82,-0.0,3.39
2025-07-15 03:00:00-04:00,45.41,42.279999999999994,-0.0,3.13
2025-07-15 04:00:00-04:00,45.77,42.78,-0.0,2.99
2025-07-15 05:00:00-04:00,49.31,46.0,-0.0,3.31
2025-07-15 06:00:00-04:00,52.29,48.99,-0.03,3.33
2025-07-15 07:00:00-04:00,55.26,51.739999999999995,-0.15,3.67
2025-07-15 08:00:00-04:00,58.08,54.529999999999994,-0.26,3.81
2025-07-15 09:00:00-04:00,60.85,57.31,-0.36,3.9
2025-07-15 10:00:00-04:00,61.77,58.190000000000005,-0.32,3.9
2025-07-15 11:00:00-04:00,70.64,66.34,-0.34,4.64
2025-07-15 12:00:00-04:00,76.79,71.59,-0.39,5.59
2025-07-15 13:00:00-04:00,88.25,82.14,-0.79,6.9
2025-07-15 14:00:00-04:00,99.6,91.54,-0.36,8.42
2025-07-15 15:00:00-04:00,110.36,100.4,-0.38,10.34
2025-07-15 16:00:00-04:00,139.01,128.65,-1.22,11.58
2025-07-15 17:00:00-04:00,172.44,160.13,-1.78,14.09
2025-07-15 18:00:00-04:00,193.26,181.77999999999997,-2.88,14.36
2025-07-15 19:00:00-04:00,163.93,155.12,-2.67,11.48
2025-07-15 20:00:00-04:00,121.59,113.46,-0.83,8.96
2025-07-15 21:00:00-04:00,95.21,89.38,-0.42,6.25
2025-07-15 22:00:00-04:00,75.29,71.54,-0.47,4.22
2025-07-15 23:00:00-04:00,64.63,62.26,-0.5,2.87
2025-07-16 00:00:00-04:00,78.51,74.65,-0.39,4.25
2025-07-16 01:00:00-04:00,69.13,65.26,0.41,3.46
2025-07-16 02:00:00-04:00,63.91,60.60999999999999,0.21,3.09
2025-07-16 03:00:00-04:00,58.58,54.94,0.07,3.57
2025-07-16 04:00:00-04:00,57.16,53.919999999999995,-0.0,3.24
2025-07-16 05:00:00-04:00,61.91,58.68,-0.0,3.23
2025-07-16 06:00:00-04:00,65.73,62.190000000000005,-0.0,3.54
2025-07-16 07:00:00-04:00,68.92,64.96000000000001,-0.0,3.96
2025-07-16 08:00:00-04:00,71.94,67.23,-0.0,4.71
2025-07-16 09:00:00-04:00,82.78,77.0,-0.0,5.78
2025-07-16 10:00:00-04:00,82.13,76.61,-0.0,5.52
2025-07-16 11:00:00-04:00,95.31,89.02000000000001,-0.12,6.41
2025-07-16 12:00:00-04:00,104.1,98.34,-1.42,7.18
2025-07-16 13:00:00-04:00,122.38,115.9,-2.1,8.58
2025-07-16 14:00:00-04:00,139.58,131.32000000000002,-1.85,10.11
2025-07-16 15:00:00-04:00,169.28,158.01,-2.0,13.27
2025-07-16 16:00:00-04:00,213.08,196.63,-0.86,17.31
2025-07-16 17:00:00-04:00,266.69,239.61,5.51,21.57
2025-07-16 18:00:00-04:00,255.09,236.3,-0.12,18.91
2025-07-16 19:00:00-04:00,212.73,196.17,1.45,15.11
2025-07-16 20:00:00-04:00,166.7,165.12,-10.14,11.72
2025-07-16 21:00:00-04:00,125.18,124.73,-6.53,6.98
2025-07-16 22:00:00-04:00,88.75,82.14,1.6,5.01
2025-07-16 23:00:00-04:00,74.53,73.12,-2.39,3.8
2025-07-17 00:00:00-04:00,76.95,69.04,4.25,3.66
2025-07-17 01:00:00-04:00,72.18,67.12,1.03,4.03
2025-07-17 02:00:00-04:00,69.15,66.84,-1.36,3.67
2025-07-17 03:00:00-04:00,68.15,66.63000000000001,-1.55,3.07
2025-07-17 04:00:00-04:00,67.4,65.48,-1.03,2.95
2025-07-17 05:00:00-04:00,69.01,66.9,-1.3,3.41
2025-07-17 06:00:00-04:00,69.59,66.89999999999999,-0.99,3.68
2025-07-17 07:00:00-04:00,71.0,66.89999999999999,-0.19,4.29
2025-07-17 08:00:00-04:00,73.2,67.17999999999999,1.18,4.84
2025-07-17 09:00:00-04:00,77.69,71.44,0.89,5.36
2025-07-17 10:00:00-04:00,89.25,83.29,-0.62,6.58
2025-07-17 11:00:00-04:00,106.03,97.36,-0.28,8.95
2025-07-17 12:00:00-04:00,121.14,110.58,-0.28,10.84
2025-07-17 13:00:00-04:00,131.0,118.94,-0.19,12.25
2025-07-17 14:00:00-04:00,140.17,122.79999999999998,4.72,12.65
2025-07-17 15:00:00-04:00,184.0,137.52,32.04,14.44
2025-07-17 16:00:00-04:00,238.32,177.14,42.22,18.96
2025-07-17 17:00:00-04:00,300.0,206.62,71.89,21.49
2025-07-17 18:00:00-04:00,292.09,189.61,83.52,18.96
2025-07-17 19:00:00-04:00,191.85,142.97,35.02,13.86
2025-07-17 20:00:00-04:00,151.2,111.07999999999998,29.12,11.0
2025-07-17 21:00:00-04:00,118.02,83.08999999999999,27.2,7.73
2025-07-17 22:00:00-04:00,100.07,81.88,11.23,6.96
2025-07-17 23:00:00-04:00,81.8,67.39,9.83,4.58
2025-07-18 00:00:00-04:00,73.07,61.45,7.01,4.61
2025-07-18 01:00:00-04:00,65.04,50.70000000000001,10.79,3.55
2025-07-18 02:00:00-04:00,61.26,48.18,9.51,3.57
2025-07-18 03:00:00-04:00,59.65,49.17,6.94,3.54
2025-07-18 04:00:00-04:00,60.76,55.73,1.57,3.46
2025-07-18 05:00:00-04:00,61.0,55.41,2.38,3.21
2025-07-18 06:00:00-04:00,62.49,56.13,2.77,3.59
2025-07-18 07:00:00-04:00,62.77,59.27,-0.18,3.68
2025-07-18 08:00:00-04:00,65.19,61.32,-0.24,4.11
2025-07-18 09:00:00-04:00,65.48,61.080000000000005,-0.0,4.4
2025-07-18 10:00:00-04:00,61.21,56.73,-0.0,4.48
2025-07-18 11:00:00-04:00,61.25,56.14,-0.0,5.11
2025-07-18 12:00:00-04:00,64.06,58.83,-0.0,5.23
2025-07-18 13:00:00-04:00,68.33,62.8,-0.0,5.53
2025-07-18 14:00:00-04:00,70.81,64.96000000000001,-0.0,5.85
2025-07-18 15:00:00-04:00,75.38,69.53,-0.2,6.05
2025-07-18 16:00:00-04:00,83.43,77.19,-0.24,6.48
2025-07-18 17:00:00-04:00,94.37,86.41,-0.25,8.21
2025-07-18 18:00:00-04:00,87.45,80.89999999999999,-0.32,6.87
2025-07-18 19:00:00-04:00,80.3,77.04,-1.67,4.93
2025-07-18 20:00:00-04:00,77.23,73.8,-1.07,4.5
2025-07-18 21:00:00-04:00,67.02,62.92999999999999,-0.0,4.09
2025-07-18 22:00:00-04:00,61.61,57.47,-0.0,4.14
2025-07-18 23:00:00-04:00,58.33,54.31,-0.0,4.02
2025-07-19 00:00:00-04:00,51.87,47.9,-0.0,3.97
2025-07-19 01:00:00-04:00,43.2,40.220000000000006,-0.0,2.98
2025-07-19 02:00:00-04:00,40.0,37.38,-0.0,2.62
2025-07-19 03:00:00-04:00,38.07,35.58,-0.0,2.49
2025-07-19 04:00:00-04:00,38.15,35.62,-0.0,2.53
2025-07-19 05:00:00-04:00,37.07,34.55,-0.0,2.52
2025-07-19 06:00:00-04:00,37.81,35.17,-0.0,2.64
2025-07-19 07:00:00-04:00,38.08,35.36,-0.0,2.72
2025-07-19 08:00:00-04:00,39.41,36.629999999999995,-0.0,2.78
2025-07-19 09:00:00-04:00,40.96,37.96,-0.0,3.0
2025-07-19 10:00:00-04:00,41.71,37.99,0.49,3.23
2025-07-19 11:00:00-04:00,46.1,41.72,0.84,3.54
2025-07-19 12:00:00-04:00,48.13,43.41,0.99,3.73
2025-07-19 13:00:00-04:00,52.0,47.47,0.64,3.89
2025-07-19 14:00:00-04:00,55.09,50.43,0.52,4.14
2025-07-19 15:00:00-04:00,58.39,53.33,0.58,4.48
2025-07-19 16:00:00-04:00,63.45,59.580000000000005,-0.0,3.87
2025-07-19 17:00:00-04:00,77.19,73.03,-0.0,4.16
2025-07-19 18:00:00-04:00,80.17,75.99000000000001,-0.0,4.18
2025-07-19 19:00:00-04:00,80.08,76.34,-0.0,3.74
2025-07-19 20:00:00-04:00,71.03,68.17,-0.0,2.86
2025-07-19 21:00:00-04:00,61.87,59.43,-0.0,2.44
2025-07-19 22:00:00-04:00,57.78,54.67,-0.0,3.11
2025-07-19 23:00:00-04:00,54.1,50.65,-0.0,3.45
2025-07-20 00:00:00-04:00,51.59,48.220000000000006,-0.0,3.37
2025-07-20 01:00:00-04:00,45.48,42.27,-0.0,3.21
2025-07-20 02:00:00-04:00,40.55,37.79,-0.0,2.76
2025-07-20 03:00:00-04:00,38.0,35.35,-0.0,2.65
2025-07-20 04:00:00-04:00,38.0,35.28,-0.0,2.72
2025-07-20 05:00:00-04:00,38.0,35.25,-0.0,2.75
2025-07-20 06:00:00-04:00,38.79,35.98,-0.0,2.81
2025-07-20 07:00:00-04:00,39.42,36.5,-0.0,2.92
2025-07-20 08:00:00-04:00,43.55,40.029999999999994,-0.0,3.52
2025-07-20 09:00:00-04:00,48.37,44.22,-0.0,4.15
2025-07-20 10:00:00-04:00,50.49,46.03,-0.0,4.46
2025-07-20 11:00:00-04:00,52.43,47.71,-0.0,4.72
2025-07-20 12:00:00-04:00,55.98,50.75,-0.0,5.23
2025-07-20 13:00:00-04:00,58.93,53.77,-0.0,5.16
2025-07-20 14:00:00-04:00,60.17,54.8,-0.0,5.37
2025-07-20 15:00:00-04:00,63.02,57.45,-0.0,5.57
2025-07-20 16:00:00-04:00,71.81,65.4,-0.0,6.41
2025-07-20 17:00:00-04:00,85.13,77.67,-0.0,7.46
2025-07-20 18:00:00-04:00,94.43,86.63000000000001,-0.0,7.8
2025-07-20 19:00:00-04:00,87.43,81.03,-0.0,6.4
2025-07-20 20:00:00-04:00,83.24,77.64999999999999,-0.0,5.59
2025-07-20 21:00:00-04:00,70.96,68.14,-0.93,3.75
2025-07-20 22:00:00-04:00,58.35,54.84,-0.0,3.51
2025-07-20 23:00:00-04:00,53.61,49.69,-0.0,3.92
2025-07-21 00:00:00-04:00,49.1,45.17,-0.0,3.93
2025-07-21 01:00:00-04:00,42.83,39.69,-0.0,3.14
2025-07-21 02:00:00-04:00,38.95,36.06,-0.0,2.89
2025-07-21 03:00:00-04:00,36.32,33.76,-0.0,2.56
2025-07-21 04:00:00-04:00,36.37,33.86,-0.0,2.51
2025-07-21 05:00:00-04:00,37.53,35.01,-0.0,2.52
2025-07-21 06:00:00-04:00,40.74,37.79,-0.0,2.95
2025-07-21 07:00:00-04:00,43.15,39.73,-0.0,3.42
2025-07-21 08:00:00-04:00,43.54,39.94,-0.0,3.6
2025-07-21 09:00:00-04:00,41.23,37.69,-0.0,3.54
2025-07-21 10:00:00-04:00,44.72,37.129999999999995,3.91,3.68
2025-07-21 11:00:00-04:00,49.49,40.35000000000001,5.27,3.87
2025-07-21 12:00:00-04:00,50.68,40.63,6.07,3.98
2025-07-21 13:00:00-04:00,52.62,42.85999999999999,5.56,4.2
2025-07-21 14:00:00-04:00,53.78,43.59,5.83,4.36
2025-07-21 15:00:00-04:00,55.56,47.77,2.82,4.97
2025-07-21 16:00:00-04:00,58.65,53.54,-0.14,5.25
2025-07-21 17:00:00-04:00,68.3,62.779999999999994,-0.01,5.53
2025-07-21 18:00:00-04:00,76.89,72.00999999999999,-0.02,4.9
2025-07-21 19:00:00-04:00,71.6,67.35,-0.12,4.37
2025-07-21 20:00:00-04:00,60.36,57.26,-0.22,3.32
2025-07-21 21:00:00-04:00,55.15,52.09,-0.12,3.18
2025-07-21 22:00:00-04:00,51.23,47.97,-0.0,3.26
2025-07-21 23:00:00-04:00,46.72,43.3,-0.0,3.42
2025-07-22 00:00:00-04:00,41.17,38.66,-0.0,2.51
2025-07-22 01:00:00-04:00,38.33,36.059999999999995,-0.0,2.27
2025-07-22 02:00:00-04:00,36.85,34.96,-0.0,1.89
2025-07-22 03:00:00-04:00,33.97,32.23,-0.0,1.74
2025-07-22 04:00:00-04:00,32.74,31.21,-0.0,1.53
2025-07-22 05:00:00-04:00,35.75,34.02,-0.0,1.73
2025-07-22 06:00:00-04:00,39.7,38.06,-0.0,1.64
2025-07-22 07:00:00-04:00,38.78,37.0,-0.0,1.78
2025-07-22 08:00:00-04:00,38.11,36.019999999999996,-0.0,2.09
2025-07-22 09:00:00-04:00,36.29,34.04,-0.0,2.25
2025-07-22 10:00:00-04:00,36.26,34.05,-0.0,2.21
2025-07-22 11:00:00-04:00,39.15,36.33,0.32,2.5
2025-07-22 12:00:00-04:00,40.44,37.37,0.34,2.73
2025-07-22 13:00:00-04:00,42.14,38.89,0.41,2.84
2025-07-22 14:00:00-04:00,46.55,42.54,0.91,3.1
2025-07-22 15:00:00-04:00,48.12,44.17,0.73,3.22
2025-07-22 16:00:00-04:00,51.53,48.07,-0.0,3.46
2025-07-22 17:00:00-04:00,60.4,57.629999999999995,-0.0,2.77
2025-07-22 18:00:00-04:00,66.81,64.24000000000001,-0.0,2.57
2025-07-22 19:00:00-04:00,68.34,66.09,-0.0,2.25
2025-07-22 20:00:00-04:00,65.32,63.239999999999995,-0.0,2.08
2025-07-22 21:00:00-04:00,55.67,53.53,-0.0,2.14
2025-07-22 22:00:00-04:00,50.94,48.15,-0.0,2.79
2025-07-22 23:00:00-04:00,43.36,40.68,-0.0,2.68
2025-07-23 00:00:00-04:00,41.05,38.73,-0.0,2.32
2025-07-23 01:00:00-04:00,37.02,34.89,-0.0,2.13
2025-07-23 02:00:00-04:00,34.6,32.77,-0.0,1.83
2025-07-23 03:00:00-04:00,31.6,29.98,-0.0,1.62
2025-07-23 04:00:00-04:00,31.52,29.85,-0.0,1.67
2025-07-23 05:00:00-04:00,35.31,33.760000000000005,-0.0,1.55
2025-07-23 06:00:00-04:00,40.27,38.53,-0.0,1.74
2025-07-23 07:00:00-04:00,41.71,39.61,-0.0,2.1
2025-07-23 08:00:00-04:00,40.9,38.51,-0.0,2.39
2025-07-23 09:00:00-04:00,40.85,38.18,-0.0,2.67
2025-07-23 10:00:00-04:00,43.83,40.92,-0.0,2.91
2025-07-23 11:00:00-04:00,46.68,43.75,-0.0,2.93
2025-07-23 12:00:00-04:00,48.34,45.470000000000006,-0.0,2.87
2025-07-23 13:00:00-04:00,51.98,49.08,-0.0,2.9
2025-07-23 14:00:00-04:00,54.8,52.06999999999999,-0.08,2.81
2025-07-23 15:00:00-04:00,57.0,54.34,-0.16,2.82
2025-07-23 16:00:00-04:00,63.77,61.040000000000006,-0.32,3.05
2025-07-23 17:00:00-04:00,78.1,75.44999999999999,-0.75,3.4
2025-07-23 18:00:00-04:00,78.38,77.19,-2.36,3.55
2025-07-23 19:00:00-04:00,77.4,76.95,-2.86,3.31
2025-07-23 20:00:00-04:00,71.95,73.07000000000001,-3.39,2.27
2025-07-23 21:00:00-04:00,62.69,61.129999999999995,-0.4,1.96
2025-07-23 22:00:00-04:00,53.53,51.42,-0.0,2.11
2025-07-23 23:00:00-04:00,48.7,46.34,-0.0,2.36
2025-07-24 00:00:00-04:00,45.27,42.71,-0.0,2.56
2025-07-24 01:00:00-04:00,39.64,37.33,-0.0,2.31
2025-07-24 02:00:00-04:00,36.16,33.98,-0.0,2.18
2025-07-24 03:00:00-04:00,32.25,30.22,-0.0,2.03
2025-07-24 04:00:00-04:00,33.45,31.380000000000003,-0.0,2.07
2025-07-24 05:00:00-04:00,36.58,34.28,-0.0,2.3
2025-07-24 06:00:00-04:00,37.41,34.63999999999999,-0.0,2.77
2025-07-24 07:00:00-04:00,41.05,37.66,-0.0,3.39
2025-07-24 08:00:00-04:00,44.88,41.03,-0.0,3.85
2025-07-24 09:00:00-04:00,47.16,42.88999999999999,0.02,4.25
2025-07-24 10:00:00-04:00,50.89,46.64,0.01,4.24
2025-07-24 11:00:00-04:00,55.57,51.05,-0.13,4.65
2025-07-24 12:00:00-04:00,60.25,55.71,-0.25,4.79
2025-07-24 13:00:00-04:00,68.59,63.96,-0.36,4.99
2025-07-24 14:00:00-04:00,84.1,78.17,-0.4,6.33
2025-07-24 15:00:00-04:00,93.31,86.21000000000001,-0.4,7.5
2025-07-24 16:00:00-04:00,117.38,104.38,0.9,12.1
2025-07-24 17:00:00-04:00,148.94,135.19,-1.25,15.0
2025-07-24 18:00:00-04:00,166.5,151.74,-1.02,15.78
2025-07-24 19:00:00-04:00,138.3,124.46,1.89,11.95
2025-07-24 20:00:00-04:00,109.81,97.19,4.45,8.17
2025-07-24 21:00:00-04:00,88.2,83.38,-0.6,5.42
2025-07-24 22:00:00-04:00,70.05,67.39,-0.51,3.17
2025-07-24 23:00:00-04:00,60.66,58.09,-0.33,2.9
2025-07-25 00:00:00-04:00,62.16,59.31999999999999,-0.36,3.2
2025-07-25 01:00:00-04:00,56.04,52.81,-0.1,3.33
2025-07-25 02:00:00-04:00,52.54,49.29,-0.0,3.25
2025-07-25 03:00:00-04:00,51.98,48.9,-0.0,3.08
2025-07-25 04:00:00-04:00,52.51,49.54,-0.0,2.97
2025-07-25 05:00:00-04:00,52.22,48.85,-0.0,3.37
2025-07-25 06:00:00-04:00,52.23,48.45,-0.0,3.78
2025-07-25 07:00:00-04:00,53.94,49.45,-0.01,4.5
2025-07-25 08:00:00-04:00,58.56,54.05,-0.19,4.7
2025-07-25 09:00:00-04:00,64.86,59.8,-0.32,5.38
2025-07-25 10:00:00-04:00,70.68,65.51,-0.39,5.56
2025-07-25 11:00:00-04:00,89.8,82.78999999999999,-0.44,7.45
2025-07-25 12:00:00-04:00,103.91,92.35,1.22,10.34
2025-07-25 13:00:00-04:00,151.71,95.25,45.32,11.14
2025-07-25 14:00:00-04:00,209.88,101.56,96.24,12.08
2025-07-25 15:00:00-04:00,294.98,101.53000000000004,181.37,12.08
2025-07-25 16:00:00-04:00,355.0,113.16,228.15,13.69
2025-07-25 17:00:00-04:00,400.2,133.15999999999997,251.07,15.97
2025-07-25 18:00:00-04:00,300.0,145.87999999999997,137.21,16.91
2025-07-25 19:00:00-04:00,213.06,143.65,53.18,16.23
2025-07-25 20:00:00-04:00,152.88,114.72,25.88,12.28
2025-07-25 21:00:00-04:00,106.48,96.01,1.06,9.41
2025-07-25 22:00:00-04:00,87.38,81.42999999999999,-0.23,6.18
2025-07-25 23:00:00-04:00,69.73,65.27,-0.24,4.7
2025-07-26 00:00:00-04:00,59.2,55.790000000000006,-0.27,3.68
2025-07-26 01:00:00-04:00,51.78,47.94,-0.0,3.84
2025-07-26 02:00:00-04:00,45.66,42.16,-0.0,3.5
2025-07-26 03:00:00-04:00,43.87,40.69,-0.0,3.18
2025-07-26 04:00:00-04:00,43.5,40.46,-0.0,3.04
2025-07-26 05:00:00-04:00,43.0,40.0,-0.0,3.0
2025-07-26 06:00:00-04:00,45.94,42.7,-0.0,3.24
2025-07-26 07:00:00-04:00,42.11,38.99,-0.0,3.12
2025-07-26 08:00:00-04:00,45.71,42.52,-0.0,3.19
2025-07-26 09:00:00-04:00,50.54,47.1,-0.0,3.44
2025-07-26 10:00:00-04:00,52.16,48.76,-0.01,3.41
2025-07-26 11:00:00-04:00,55.93,52.489999999999995,-0.08,3.52
2025-07-26 12:00:00-04:00,58.67,54.89,-0.01,3.79
2025-07-26 13:00:00-04:00,60.89,57.43,-0.1,3.56
2025-07-26 14:00:00-04:00,64.18,61.50000000000001,-1.01,3.69
2025-07-26 15:00:00-04:00,65.51,64.24000000000001,-2.39,3.66
2025-07-26 16:00:00-04:00,78.0,76.09,-3.11,5.02
2025-07-26 17:00:00-04:00,83.35,82.94,-5.57,5.98
2025-07-26 18:00:00-04:00,85.6,87.46,-7.11,5.25
2025-07-26 19:00:00-04:00,77.78,80.62,-6.95,4.11
2025-07-26 20:00:00-04:00,75.15,76.79,-5.02,3.38
2025-07-26 21:00:00-04:00,67.86,67.67,-1.98,2.17
2025-07-26 22:00:00-04:00,59.07,57.11000000000001,-0.27,2.23
2025-07-26 23:00:00-04:00,56.39,53.760000000000005,-0.06,2.69
2025-07-27 00:00:00-04:00,47.19,43.94,-0.0,3.25
2025-07-27 01:00:00-04:00,41.87,38.91,-0.0,2.96
2025-07-27 02:00:00-04:00,39.08,36.489999999999995,-0.0,2.59
2025-07-27 03:00:00-04:00,37.14,34.77,-0.0,2.37
2025-07-27 04:00:00-04:00,36.79,34.51,-0.0,2.28
2025-07-27 05:00:00-04:00,35.84,33.59,-0.0,2.25
2025-07-27 06:00:00-04:00,36.62,34.129999999999995,-0.0,2.49
2025-07-27 07:00:00-04:00,37.12,34.989999999999995,-0.0,2.13
2025-07-27 08:00:00-04:00,40.34,37.7,-0.0,2.64
2025-07-27 09:00:00-04:00,45.15,42.68,-0.0,2.47
2025-07-27 10:00:00-04:00,48.57,46.08,-0.0,2.49
2025-07-27 11:00:00-04:00,50.45,48.09,-0.0,2.36
2025-07-27 12:00:00-04:00,52.32,49.97,-0.0,2.35
2025-07-27 13:00:00-04:00,55.21,52.89,-0.11,2.43
2025-07-27 14:00:00-04:00,59.11,56.809999999999995,0.09,2.21
2025-07-27 15:00:00-04:00,61.34,59.3,-0.09,2.13
2025-07-27 16:00:00-04:00,68.95,68.46000000000001,-2.11,2.6
2025-07-27 17:00:00-04:00,75.89,76.64999999999999,-4.13,3.37
2025-07-27 18:00:00-04:00,75.99,78.1,-5.39,3.28
2025-07-27 19:00:00-04:00,75.86,79.02,-6.09,2.93
2025-07-27 20:00:00-04:00,72.76,75.65,-4.93,2.04
2025-07-27 21:00:00-04:00,68.71,69.06,-1.87,1.52
2025-07-27 22:00:00-04:00,59.66,57.89,-0.31,2.08
2025-07-27 23:00:00-04:00,51.99,49.7,-0.0,2.29
2025-07-28 00:00:00-04:00,52.19,49.61,-0.0,2.58
2025-07-28 01:00:00-04:00,46.79,43.89,-0.0,2.9
2025-07-28 02:00:00-04:00,40.94,38.19,-0.0,2.75
2025-07-28 03:00:00-04:00,38.18,35.68,-0.0,2.5
2025-07-28 04:00:00-04:00,38.08,35.62,-0.0,2.46
2025-07-28 05:00:00-04:00,40.91,38.379999999999995,-0.0,2.53
2025-07-28 06:00:00-04:00,46.05,43.4,-0.0,2.65
2025-07-28 07:00:00-04:00,51.15,48.48,-0.0,2.67
2025-07-28 08:00:00-04:00,52.49,49.900000000000006,-0.0,2.59
2025-07-28 09:00:00-04:00,57.88,54.69,0.13,3.06
2025-07-28 10:00:00-04:00,64.45,61.440000000000005,-0.06,3.07
2025-07-28 11:00:00-04:00,76.33,71.85,0.53,3.95
2025-07-28 12:00:00-04:00,86.3,79.33999999999999,0.93,6.03
2025-07-28 13:00:00-04:00,100.69,91.98,0.53,8.18
2025-07-28 14:00:00-04:00,121.43,97.96,12.79,10.68
2025-07-28 15:00:00-04:00,173.72,121.86,38.34,13.52
2025-07-28 16:00:00-04:00,253.07,151.54999999999998,84.4,17.12
2025-07-28 17:00:00-04:00,290.29,224.82,41.18,24.29
2025-07-28 18:00:00-04:00,268.49,244.54,-1.96,25.91
2025-07-28 19:00:00-04:00,230.0,214.66,-6.57,21.91
2025-07-28 20:00:00-04:00,156.15,152.25,-10.26,14.16
2025-07-28 21:00:00-04:00,100.09,95.84,-3.23,7.48
2025-07-28 22:00:00-04:00,77.31,77.23,-4.16,4.24
2025-07-28 23:00:00-04:00,64.97,63.99,-1.07,2.05
2025-07-29 00:00:00-04:00,60.4,57.52,-0.28,3.16
2025-07-29 01:00:00-04:00,56.28,53.41,-0.17,3.04
2025-07-29 02:00:00-04:00,51.54,48.26,-0.0,3.28
2025-07-29 03:00:00-04:00,49.54,46.43,-0.0,3.11
2025-07-29 04:00:00-04:00,49.14,46.23,-0.0,2.91
2025-07-29 05:00:00-04:00,51.66,48.97,-0.0,2.69
2025-07-29 06:00:00-04:00,55.03,52.27,-0.11,2.87
2025-07-29 07:00:00-04:00,58.2,55.55,-0.24,2.89
2025-07-29 08:00:00-04:00,62.03,59.35,-0.29,2.97
2025-07-29 09:00:00-04:00,68.17,65.16,-0.38,3.39
2025-07-29 10:00:00-04:00,80.81,76.87,-0.52,4.46
2025-07-29 11:00:00-04:00,92.7,87.17999999999999,-0.49,6.01
2025-07-29 12:00:00-04:00,103.95,95.41,-0.05,8.59
2025-07-29 13:00:00-04:00,136.0,122.09,1.45,12.46
2025-07-29 14:00:00-04:00,165.84,148.07999999999998,1.18,16.58
2025-07-29 15:00:00-04:00,237.25,210.11,3.41,23.73
2025-07-29 16:00:00-04:00,333.0,247.45,56.86,28.69
2025-07-29 17:00:00-04:00,388.0,307.52,45.13,35.35
2025-07-29 18:00:00-04:00,386.73,347.53000000000003,0.63,38.57
2025-07-29 19:00:00-04:00,344.02,311.34,-0.0,32.68
2025-07-29 20:00:00-04:00,240.13,220.26,-0.38,20.25
2025-07-29 21:00:00-04:00,144.56,142.54,-8.38,10.4
2025-07-29 22:00:00-04:00,94.59,90.75,-1.24,5.08
2025-07-29 23:00:00-04:00,72.39,73.67999999999999,-3.58,2.29
2025-07-30 00:00:00-04:00,73.78,73.43,-1.93,2.28
2025-07-30 01:00:00-04:00,65.37,62.67,-0.43,3.13
2025-07-30 02:00:00-04:00,61.36,58.18,-0.31,3.49
2025-07-30 03:00:00-04:00,54.67,51.48,-0.0,3.19
2025-07-30 04:00:00-04:00,54.9,51.79,-0.0,3.11
2025-07-30 05:00:00-04:00,59.52,56.82000000000001,-0.2,2.9
2025-07-30 06:00:00-04:00,61.78,58.34,-0.3,3.74
2025-07-30 07:00:00-04:00,63.25,59.32000000000001,-0.34,4.27
2025-07-30 08:00:00-04:00,65.81,61.2,-0.34,4.95
2025-07-30 09:00:00-04:00,69.39,64.56,-0.4,5.23
2025-07-30 10:00:00-04:00,71.9,66.78,-0.42,5.54
2025-07-30 11:00:00-04:00,91.07,82.99,1.2,6.88
2025-07-30 12:00:00-04:00,104.14,93.71,0.59,9.84
2025-07-30 13:00:00-04:00,123.81,109.33,1.69,12.79
2025-07-30 14:00:00-04:00,170.0,131.63,22.85,15.52
2025-07-30 15:00:00-04:00,273.84,146.17999999999995,109.98,17.68
2025-07-30 16:00:00-04:00,331.15,185.05,123.53,22.57
2025-07-30 17:00:00-04:00,382.9,242.9,110.86,29.14
2025-07-30 18:00:00-04:00,340.51,280.84,25.98,33.69
2025-07-30 19:00:00-04:00,284.4,231.88,25.63,26.89
2025-07-30 20:00:00-04:00,200.0,159.28,22.88,17.84
2025-07-30 21:00:00-04:00,106.7,99.49,-1.04,8.25
2025-07-30 22:00:00-04:00,85.05,81.63,-1.64,5.06
2025-07-30 23:00:00-04:00,70.42,69.16,-1.92,3.18
2025-07-31 00:00:00-04:00,65.2,63.75,-1.61,3.06
2025-07-31 01:00:00-04:00,57.52,54.3,-0.2,3.42
2025-07-31 02:00:00-04:00,50.32,46.64,-0.0,3.68
2025-07-31 03:00:00-04:00,49.26,45.65,-0.0,3.61
2025-07-31 04:00:00-04:00,47.9,44.48,-0.0,3.42
2025-07-31 05:00:00-04:00,51.37,48.19,-0.0,3.18
2025-07-31 06:00:00-04:00,55.79,52.95,-0.12,2.96
2025-07-31 07:00:00-04:00,58.02,55.18,-0.19,3.03
2025-07-31 08:00:00-04:00,58.96,55.78,-0.22,3.4
2025-07-31 09:00:00-04:00,59.71,56.34,-0.24,3.61
2025-07-31 10:00:00-04:00,59.27,56.06,-0.21,3.42
2025-07-31 11:00:00-04:00,62.53,58.940000000000005,-0.24,3.83
2025-07-31 12:00:00-04:00,65.58,62.02,-0.66,4.22
2025-07-31 13:00:00-04:00,69.21,66.08,-0.97,4.1
2025-07-31 14:00:00-04:00,71.95,67.78,-0.23,4.4
2025-07-31 15:00:00-04:00,75.52,70.49,-0.19,5.22
2025-07-31 16:00:00-04:00,77.5,72.29,-0.0,5.21
2025-07-31 17:00:00-04:00,78.4,73.82000000000001,-0.0,4.58
2025-07-31 18:00:00-04:00,71.33,68.91,-1.16,3.58
2025-07-31 19:00:00-04:00,65.76,63.68,-0.98,3.06
2025-07-31 20:00:00-04:00,60.53,58.010000000000005,-0.38,2.9
2025-07-31 21:00:00-04:00,58.96,56.24,-0.09,2.81
2025-07-31 22:00:00-04:00,56.56,53.77,-0.0,2.79
2025-07-31 23:00:00-04:00,52.87,49.93,-0.0,2.94
2025-08-01 00:00:00-04:00,45.57,42.16,-0.0,3.41
2025-08-01 01:00:00-04:00,40.83,37.739999999999995,-0.0,3.09
2025-08-01 02:00:00-04:00,36.94,34.36,-0.0,2.58
2025-08-01 03:00:00-04:00,33.14,30.86,-0.0,2.28
2025-08-01 04:00:00-04:00,33.37,31.129999999999995,-0.0,2.24
2025-08-01 05:00:00-04:00,35.08,32.69,-0.0,2.39
2025-08-01 06:00:00-04:00,40.35,37.53,-0.0,2.82
2025-08-01 07:00:00-04:00,43.77,40.790000000000006,-0.0,2.98
2025-08-01 08:00:00-04:00,45.71,42.48,-0.0,3.23
2025-08-01 09:00:00-04:00,43.57,40.45,-0.0,3.12
2025-08-01 10:00:00-04:00,41.46,38.57,-0.0,2.89
2025-08-01 11:00:00-04:00,41.41,38.559999999999995,-0.0,2.85
2025-08-01 12:00:00-04:00,41.99,39.06,-0.0,2.93
2025-08-01 13:00:00-04:00,43.9,40.91,-0.0,2.99
2025-08-01 14:00:00-04:00,44.45,41.540000000000006,-0.0,2.91
2025-08-01 15:00:00-04:00,47.4,44.21,-0.0,3.19
2025-08-01 16:00:00-04:00,50.09,46.81,-0.0,3.28
2025-08-01 17:00:00-04:00,52.77,50.16,-0.0,2.61
2025-08-01 18:00:00-04:00,58.94,56.129999999999995,-0.0,2.81
2025-08-01 19:00:00-04:00,58.7,56.120000000000005,-0.0,2.58
2025-08-01 20:00:00-04:00,55.13,52.650000000000006,-0.0,2.48
2025-08-01 21:00:00-04:00,48.27,46.02,-0.0,2.25
2025-08-01 22:00:00-04:00,41.95,39.95,-0.0,2.0
2025-08-01 23:00:00-04:00,38.31,36.49,-0.0,1.82
2025-08-02 00:00:00-04:00,41.47,38.97,-0.0,2.5
2025-08-02 01:00:00-04:00,37.25,35.11,-0.0,2.14
2025-08-02 02:00:00-04:00,33.14,31.41,-0.0,1.73
2025-08-02 03:00:00-04:00,30.8,29.25,-0.0,1.55
2025-08-02 04:00:00-04:00,31.13,29.619999999999997,-0.0,1.51
2025-08-02 05:00:00-04:00,31.34,29.79,-0.0,1.55
2025-08-02 06:00:00-04:00,33.64,31.83,-0.0,1.81
2025-08-02 07:00:00-04:00,34.16,32.199999999999996,-0.0,1.96
2025-08-02 08:00:00-04:00,32.2,30.210000000000004,-0.0,1.99
2025-08-02 09:00:00-04:00,31.92,29.78,-0.0,2.14
2025-08-02 10:00:00-04:00,30.95,28.77,-0.0,2.18
2025-08-02 11:00:00-04:00,32.06,29.74,-0.0,2.32
2025-08-02 12:00:00-04:00,33.51,30.94,-0.0,2.57
2025-08-02 13:00:00-04:00,35.55,32.919999999999995,-0.0,2.63
2025-08-02 14:00:00-04:00,37.73,34.97,-0.0,2.76
2025-08-02 15:00:00-04:00,40.69,37.669999999999995,-0.0,3.02
2025-08-02 16:00:00-04:00,47.97,44.5,-0.0,3.47
2025-08-02 17:00:00-04:00,57.06,53.73,-0.0,3.33
2025-08-02 18:00:00-04:00,63.42,60.17,-0.0,3.25
2025-08-02 19:00:00-04:00,61.35,58.32,-0.0,3.03
2025-08-02 20:00:00-04:00,55.77,52.760000000000005,-0.0,3.01
2025-08-02 21:00:00-04:00,48.71,45.74,-0.0,2.97
2025-08-02 22:00:00-04:00,44.53,41.58,-0.0,2.95
2025-08-02 23:00:00-04:00,39.31,36.88,-0.0,2.43
2025-08-03 00:00:00-04:00,36.71,35.02,-0.38,2.07
2025-08-03 01:00:00-04:00,31.82,29.88,-0.0,1.94
2025-08-03 02:00:00-04:00,29.13,27.43,-0.0,1.7
2025-08-03 03:00:00-04:00,27.05,25.57,-0.0,1.48
2025-08-03 04:00:00-04:00,26.76,25.22,-0.0,1.54
2025-08-03 05:00:00-04:00,27.2,25.71,-0.0,1.49
2025-08-03 06:00:00-04:00,27.52,25.82,-0.0,1.7
2025-08-03 07:00:00-04:00,27.94,26.24,-0.0,1.7
2025-08-03 08:00:00-04:00,27.95,26.369999999999997,-0.0,1.58
2025-08-03 09:00:00-04:00,28.07,26.38,-0.0,1.69
2025-08-03 10:00:00-04:00,29.76,27.97,-0.0,1.79
2025-08-03 11:00:00-04:00,32.0,29.91,-0.0,2.09
2025-08-03 12:00:00-04:00,32.99,30.75,-0.0,2.24
2025-08-03 13:00:00-04:00,36.49,34.010000000000005,-0.0,2.48
2025-08-03 14:00:00-04:00,39.78,37.08,-0.0,2.7
2025-08-03 15:00:00-04:00,44.84,41.95,-0.0,2.89
2025-08-03 16:00:00-04:00,52.96,50.15,-0.0,2.81
2025-08-03 17:00:00-04:00,65.93,63.21000000000001,-0.0,2.72
2025-08-03 18:00:00-04:00,76.87,74.34,-0.0,2.53
2025-08-03 19:00:00-04:00,78.79,76.72000000000001,-0.0,2.07
2025-08-03 20:00:00-04:00,70.66,68.74,-0.0,1.92
2025-08-03 21:00:00-04:00,58.54,57.06,-0.0,1.48
2025-08-03 22:00:00-04:00,51.57,49.78,-0.0,1.79
2025-08-03 23:00:00-04:00,45.36,43.66,-0.0,1.7
2025-08-04 00:00:00-04:00,39.37,37.25,-0.0,2.12
2025-08-04 01:00:00-04:00,35.53,33.74,-0.0,1.79
2025-08-04 02:00:00-04:00,32.39,30.79,-0.0,1.6
2025-08-04 03:00:00-04:00,29.96,28.51,-0.0,1.45
2025-08-04 04:00:00-04:00,30.16,28.86,-0.0,1.3
2025-08-04 05:00:00-04:00,34.26,32.85,-0.0,1.41
2025-08-04 06:00:00-04:00,37.76,36.239999999999995,-0.0,1.52
2025-08-04 07:00:00-04:00,40.66,38.61,-0.0,2.05
2025-08-04 08:00:00-04:00,39.61,37.16,-0.0,2.45
2025-08-04 09:00:00-04:00,39.06,36.47,-0.0,2.59
2025-08-04 10:00:00-04:00,43.46,40.47,-0.0,2.99
2025-08-04 11:00:00-04:00,47.99,44.9,0.31,2.78
2025-08-04 12:00:00-04:00,50.22,47.45,-0.03,2.8
2025-08-04 13:00:00-04:00,53.79,51.18,-0.2,2.81
2025-08-04 14:00:00-04:00,55.26,52.65,-0.18,2.79
2025-08-04 15:00:00-04:00,58.72,56.419999999999995,-0.3,2.6
2025-08-04 16:00:00-04:00,71.47,68.55999999999999,-0.52,3.43
2025-08-04 17:00:00-04:00,83.58,79.6,-0.55,4.53
2025-08-04 18:00:00-04:00,84.37,81.01,-0.77,4.13
2025-08-04 19:00:00-04:00,81.96,79.53999999999999,-1.24,3.66
2025-08-04 20:00:00-04:00,76.14,74.88,-1.36,2.62
2025-08-04 21:00:00-04:00,62.7,61.99000000000001,-0.59,1.3
2025-08-04 22:00:00-04:00,56.04,54.739999999999995,-0.29,1.59
2025-08-04 23:00:00-04:00,49.15,47.67,-0.0,1.48
2025-08-05 00:00:00-04:00,46.02,44.510000000000005,-0.0,1.51
2025-08-05 01:00:00-04:00,40.78,39.370000000000005,-0.0,1.41
2025-08-05 02:00:00-04:00,36.3,34.97,-0.0,1.33
2025-08-05 03:00:00-04:00,35.11,33.95,-0.0,1.16
2025-08-05 04:00:00-04:00,33.35,32.22,-0.0,1.13
2025-08-05 05:00:00-04:00,34.85,33.25,-0.0,1.6
2025-08-05 06:00:00-04:00,39.94,38.07,-0.0,1.87
2025-08-05 07:00:00-04:00,44.1,42.08,-0.0,2.02
2025-08-05 08:00:00-04:00,45.31,43.03,-0.0,2.28
2025-08-05 09:00:00-04:00,45.48,42.989999999999995,-0.0,2.49
2025-08-05 10:00:00-04:00,46.1,43.86,-0.0,2.24
2025-08-05 11:00:00-04:00,48.65,46.27,0.11,2.27
2025-08-05 12:00:00-04:00,52.98,50.8,-0.16,2.34
2025-08-05 13:00:00-04:00,58.17,56.32000000000001,-0.34,2.19
2025-08-05 14:00:00-04:00,61.93,59.93,-0.28,2.28
2025-08-05 15:00:00-04:00,68.04,65.80000000000001,-0.39,2.63
2025-08-05 16:00:00-04:00,84.49,80.14999999999999,-0.39,4.73
2025-08-05 17:00:00-04:00,101.33,94.61,-0.38,7.1
2025-08-05 18:00:00-04:00,97.17,91.86,-0.39,5.7
2025-08-05 19:00:00-04:00,86.8,82.81,-0.4,4.39
2025-08-05 20:00:00-04:00,75.13,75.16999999999999,-2.97,2.93
2025-08-05 21:00:00-04:00,62.09,62.63,-1.86,1.32
2025-08-05 22:00:00-04:00,54.78,53.62,-0.18,1.34
2025-08-05 23:00:00-04:00,48.21,47.08,-0.0,1.13
2025-08-06 00:00:00-04:00,46.85,45.09,-0.0,1.76
2025-08-06 01:00:00-04:00,43.48,41.809999999999995,-0.0,1.67
2025-08-06 02:00:00-04:00,39.19,37.76,-0.0,1.43
2025-08-06 03:00:00-04:00,37.14,35.78,-0.0,1.36
2025-08-06 04:00:00-04:00,37.5,36.2,-0.0,1.3
2025-08-06 05:00:00-04:00,39.12,37.91,-0.0,1.21
2025-08-06 06:00:00-04:00,43.89,42.2,-0.0,1.69
2025-08-06 07:00:00-04:00,45.81,43.88,-0.0,1.93
2025-08-06 08:00:00-04:00,46.15,43.87,-0.0,2.28
2025-08-06 09:00:00-04:00,45.82,43.21,0.19,2.42
2025-08-06 10:00:00-04:00,45.57,42.93,0.45,2.19
2025-08-06 11:00:00-04:00,48.13,45.13,0.7,2.3
2025-08-06 12:00:00-04:00,50.78,48.080000000000005,0.83,1.87
2025-08-06 13:00:00-04:00,54.96,52.51,0.61,1.84
2025-08-06 14:00:00-04:00,58.65,56.37,0.42,1.86
2025-08-06 15:00:00-04:00,59.44,57.37,0.12,1.95
2025-08-06 16:00:00-04:00,72.2,69.61,0.09,2.5
2025-08-06 17:00:00-04:00,79.58,76.94999999999999,-0.6,3.23
2025-08-06 18:00:00-04:00,77.13,75.39999999999999,-0.61,2.34
2025-08-06 19:00:00-04:00,70.34,71.94,-3.32,1.72
2025-08-06 20:00:00-04:00,65.26,64.87,-0.91,1.3
2025-08-06 21:00:00-04:00,57.77,57.24,-0.33,0.86
2025-08-06 22:00:00-04:00,49.5,48.34,-0.0,1.16
2025-08-06 23:00:00-04:00,45.55,44.22,-0.0,1.33
2025-08-07 00:00:00-04:00,47.13,45.49,-0.0,1.64
2025-08-07 01:00:00-04:00,42.68,41.16,-0.0,1.52
2025-08-07 02:00:00-04:00,39.09,37.73,-0.0,1.36
2025-08-07 03:00:00-04:00,37.77,36.49,-0.0,1.28
2025-08-07 04:00:00-04:00,37.14,35.92,-0.0,1.22
2025-08-07 05:00:00-04:00,39.85,38.5,-0.0,1.35
2025-08-07 06:00:00-04:00,44.31,42.690000000000005,-0.0,1.62
2025-08-07 07:00:00-04:00,46.49,44.79,-0.0,1.7
2025-08-07 08:00:00-04:00,47.24,45.08,-0.0,2.16
2025-08-07 09:00:00-04:00,46.03,43.63,-0.0,2.4
2025-08-07 10:00:00-04:00,45.63,43.46,-0.0,2.17
2025-08-07 11:00:00-04:00,48.58,45.97,0.17,2.44
2025-08-07 12:00:00-04:00,50.14,47.52,0.29,2.33
2025-08-07 13:00:00-04:00,54.64,51.97,0.49,2.18
2025-08-07 14:00:00-04:00,56.44,53.83,0.4,2.21
2025-08-07 15:00:00-04:00,60.88,58.470000000000006,0.48,1.93
2025-08-07 16:00:00-04:00,68.0,65.38000000000001,0.07,2.55
2025-08-07 17:00:00-04:00,79.87,76.72,-0.0,3.15
2025-08-07 18:00:00-04:00,78.73,76.66000000000001,-0.0,2.07
2025-08-07 19:00:00-04:00,78.18,76.57000000000001,-0.0,1.61
2025-08-07 20:00:00-04:00,72.78,71.35,-0.0,1.43
2025-08-07 21:00:00-04:00,61.32,60.77,-0.0,0.55
2025-08-07 22:00:00-04:00,54.21,52.74,-0.0,1.47
2025-08-07 23:00:00-04:00,48.49,46.760000000000005,-0.0,1.73
2025-08-08 00:00:00-04:00,47.81,46.150000000000006,-0.0,1.66
2025-08-08 01:00:00-04:00,43.83,42.19,-0.0,1.64
2025-08-08 02:00:00-04:00,37.94,36.379999999999995,-0.0,1.56
2025-08-08 03:00:00-04:00,35.82,34.48,-0.0,1.34
2025-08-08 04:00:00-04:00,35.8,34.459999999999994,-0.0,1.34
2025-08-08 05:00:00-04:00,37.89,36.43,-0.0,1.46
2025-08-08 06:00:00-04:00,43.92,42.23,-0.0,1.69
2025-08-08 07:00:00-04:00,45.64,43.84,-0.0,1.8
2025-08-08 08:00:00-04:00,44.03,41.97,-0.0,2.06
2025-08-08 09:00:00-04:00,41.92,39.55,-0.0,2.37
2025-08-08 10:00:00-04:00,41.76,39.51,-0.0,2.25
2025-08-08 11:00:00-04:00,43.77,41.650000000000006,-0.0,2.12
2025-08-08 12:00:00-04:00,46.15,43.93,0.15,2.07
2025-08-08 13:00:00-04:00,49.86,47.48,0.24,2.14
2025-08-08 14:00:00-04:00,53.26,50.95,0.12,2.19
2025-08-08 15:00:00-04:00,56.69,54.72,-0.0,1.97
2025-08-08 16:00:00-04:00,63.96,62.03,-0.0,1.93
2025-08-08 17:00:00-04:00,73.63,71.28,-0.0,2.35
2025-08-08 18:00:00-04:00,77.37,75.48,-0.0,1.89
2025-08-08 19:00:00-04:00,77.78,76.18,-0.0,1.6
2025-08-08 20:00:00-04:00,69.16,68.0,-0.0,1.16
2025-08-08 21:00:00-04:00,59.28,58.81,-0.0,0.47
2025-08-08 22:00:00-04:00,52.15,50.83,-0.0,1.32
2025-08-08 23:00:00-04:00,45.46,44.26,-0.0,1.2
2025-08-09 00:00:00-04:00,41.91,40.22,-0.0,1.69
2025-08-09 01:00:00-04:00,36.93,35.44,-0.0,1.49
2025-08-09 02:00:00-04:00,34.54,33.24,-0.0,1.3
2025-08-09 03:00:00-04:00,32.16,30.949999999999996,-0.0,1.21
2025-08-09 04:00:00-04:00,33.04,31.86,-0.0,1.18
2025-08-09 05:00:00-04:00,33.52,32.290000000000006,-0.0,1.23
2025-08-09 06:00:00-04:00,33.36,32.05,-0.0,1.31
2025-08-09 07:00:00-04:00,33.53,32.24,-0.0,1.29
2025-08-09 08:00:00-04:00,31.57,30.39,-0.0,1.18
2025-08-09 09:00:00-04:00,31.57,30.15,-0.0,1.42
2025-08-09 10:00:00-04:00,34.42,32.84,-0.0,1.58
2025-08-09 11:00:00-04:00,38.87,36.93,0.28,1.66
2025-08-09 12:00:00-04:00,42.32,39.959999999999994,0.52,1.84
2025-08-09 13:00:00-04:00,45.73,43.25,0.75,1.73
2025-08-09 14:00:00-04:00,48.01,45.5,0.78,1.73
2025-08-09 15:00:00-04:00,50.03,48.04,0.45,1.54
2025-08-09 16:00:00-04:00,57.28,55.83,-0.0,1.45
2025-08-09 17:00:00-04:00,66.16,64.8,-0.0,1.36
2025-08-09 18:00:00-04:00,73.36,72.13,-0.0,1.23
2025-08-09 19:00:00-04:00,74.2,72.75,-0.0,1.45
2025-08-09 20:00:00-04:00,65.93,64.95,-0.0,0.98
2025-08-09 21:00:00-04:00,57.53,56.79,-0.0,0.74
2025-08-09 22:00:00-04:00,49.93,48.67,-0.0,1.26
2025-08-09 23:00:00-04:00,45.67,44.25,-0.0,1.42
2025-08-10 00:00:00-04:00,42.6,40.81,-0.0,1.79
2025-08-10 01:00:00-04:00,39.16,37.69,-0.0,1.47
2025-08-10 02:00:00-04:00,35.79,34.38,-0.0,1.41
2025-08-10 03:00:00-04:00,34.71,33.37,-0.0,1.34
2025-08-10 04:00:00-04:00,34.08,32.83,-0.0,1.25
2025-08-10 05:00:00-04:00,34.26,33.04,-0.0,1.22
2025-08-10 06:00:00-04:00,33.57,32.47,-0.0,1.1
2025-08-10 07:00:00-04:00,32.98,31.769999999999996,-0.0,1.21
2025-08-10 08:00:00-04:00,33.05,31.72,-0.0,1.33
2025-08-10 09:00:00-04:00,34.42,32.78,-0.0,1.64
2025-08-10 10:00:00-04:00,37.38,35.7,-0.0,1.68
2025-08-10 11:00:00-04:00,43.78,41.620000000000005,-0.0,2.16
2025-08-10 12:00:00-04:00,49.41,47.599999999999994,-0.0,1.81
2025-08-10 13:00:00-04:00,53.6,51.55,-0.06,2.11
2025-08-10 14:00:00-04:00,56.94,56.05,-0.17,1.06
2025-08-10 15:00:00-04:00,59.71,58.76,-0.29,1.24
2025-08-10 16:00:00-04:00,70.0,68.94,-0.66,1.72
2025-08-10 17:00:00-04:00,87.37,86.01,-1.14,2.5
2025-08-10 18:00:00-04:00,97.28,96.02,-1.23,2.49
2025-08-10 19:00:00-04:00,95.94,95.08,-1.23,2.09
2025-08-10 20:00:00-04:00,89.26,88.81,-1.5,1.95
2025-08-10 21:00:00-04:00,68.58,68.72999999999999,-0.63,0.48
2025-08-10 22:00:00-04:00,59.33,58.73,-0.28,0.88
2025-08-10 23:00:00-04:00,50.6,48.99,-0.0,1.61
2025-08-11 00:00:00-04:00,51.43,49.74,-0.0,1.69
2025-08-11 01:00:00-04:00,44.88,43.2,-0.0,1.68
2025-08-11 02:00:00-04:00,41.5,39.9,-0.0,1.6
2025-08-11 03:00:00-04:00,37.54,36.13,-0.0,1.41
2025-08-11 04:00:00-04:00,37.42,35.980000000000004,-0.0,1.44
2025-08-11 05:00:00-04:00,40.87,39.22,-0.0,1.65
2025-08-11 06:00:00-04:00,45.82,43.85,-0.0,1.97
2025-08-11 07:00:00-04:00,49.39,47.22,-0.0,2.17
2025-08-11 08:00:00-04:00,51.22,48.64,-0.0,2.58
2025-08-11 09:00:00-04:00,53.56,50.99,-0.08,2.65
2025-08-11 10:00:00-04:00,57.61,55.239999999999995,-0.23,2.6
2025-08-11 11:00:00-04:00,65.75,63.809999999999995,-0.48,2.42
2025-08-11 12:00:00-04:00,74.06,72.22000000000001,-0.76,2.6
2025-08-11 13:00:00-04:00,99.07,96.29,-1.26,4.04
2025-08-11 14:00:00-04:00,108.04,104.45,-1.0,4.59
2025-08-11 15:00:00-04:00,116.34,110.75,-1.28,6.87
2025-08-11 16:00:00-04:00,145.4,135.91,-1.66,11.15
2025-08-11 17:00:00-04:00,184.02,163.95000000000002,5.48,14.59
2025-08-11 18:00:00-04:00,192.44,157.91,22.53,12.0
2025-08-11 19:00:00-04:00,161.75,128.11,24.68,8.96
2025-08-11 20:00:00-04:00,146.91,126.12,14.61,6.18
2025-08-11 21:00:00-04:00,106.58,98.41,5.31,2.86
2025-08-11 22:00:00-04:00,76.27,75.67999999999999,-0.77,1.36
2025-08-11 23:00:00-04:00,64.68,63.940000000000005,-0.54,1.28
2025-08-12 00:00:00-04:00,61.29,60.82,-0.44,0.91
2025-08-12 01:00:00-04:00,55.14,54.34,-0.18,0.98
2025-08-12 02:00:00-04:00,50.44,49.07,-0.0,1.37
2025-08-12 03:00:00-04:00,47.32,45.9,-0.0,1.42
2025-08-12 04:00:00-04:00,47.88,46.53,-0.0,1.35
2025-08-12 05:00:00-04:00,50.17,48.9,-0.0,1.27
2025-08-12 06:00:00-04:00,54.81,53.46,-0.14,1.49
2025-08-12 07:00:00-04:00,57.58,56.28999999999999,-0.23,1.52
2025-08-12 08:00:00-04:00,61.93,60.35,-0.35,1.93
2025-08-12 09:00:00-04:00,65.88,64.28999999999999,-0.47,2.06
2025-08-12 10:00:00-04:00,73.06,71.83,-0.71,1.94
2025-08-12 11:00:00-04:00,82.8,81.50999999999999,-1.08,2.37
2025-08-12 12:00:00-04:00,88.61,94.61,-9.31,3.31
2025-08-12 13:00:00-04:00,102.52,108.07,-11.49,5.94
2025-08-12 14:00:00-04:00,125.0,122.47,-6.04,8.57
2025-08-12 15:00:00-04:00,137.39,132.95999999999998,-6.48,10.91
2025-08-12 16:00:00-04:00,189.84,180.4,-6.61,16.05
2025-08-12 17:00:00-04:00,253.15,230.02,4.26,18.87
2025-08-12 18:00:00-04:00,239.07,207.43,16.7,14.94
2025-08-12 19:00:00-04:00,186.25,158.20000000000002,17.29,10.76
2025-08-12 20:00:00-04:00,150.0,136.85,4.94,8.21
2025-08-12 21:00:00-04:00,113.31,112.24,-4.54,5.61
2025-08-12 22:00:00-04:00,90.8,95.52,-7.87,3.15
2025-08-12 23:00:00-04:00,74.75,79.68,-5.81,0.88
2025-08-13 00:00:00-04:00,63.32,62.52,-0.7,1.5
2025-08-13 01:00:00-04:00,55.12,53.19,-0.09,2.02
2025-08-13 02:00:00-04:00,51.12,48.919999999999995,-0.0,2.2
2025-08-13 03:00:00-04:00,50.95,48.81,-0.0,2.14
2025-08-13 04:00:00-04:00,50.81,48.760000000000005,-0.0,2.05
2025-08-13 05:00:00-04:00,51.81,49.72,-0.0,2.09
2025-08-13 06:00:00-04:00,57.68,55.760000000000005,-0.2,2.12
2025-08-13 07:00:00-04:00,60.97,59.42,-0.35,1.9
2025-08-13 08:00:00-04:00,63.49,62.07,-0.51,1.93
2025-08-13 09:00:00-04:00,66.96,64.89999999999999,-0.6,2.66
2025-08-13 10:00:00-04:00,73.58,72.03,-2.63,4.18
2025-08-13 11:00:00-04:00,79.92,76.35000000000001,-2.39,5.96
2025-08-13 12:00:00-04:00,89.04,82.25000000000001,-0.62,7.41
2025-08-13 13:00:00-04:00,99.75,92.47,-1.13,8.41
2025-08-13 14:00:00-04:00,108.43,99.69,-1.13,9.87
2025-08-13 15:00:00-04:00,124.72,110.78,2.31,11.63
2025-08-13 16:00:00-04:00,150.55,134.82000000000002,1.03,14.7
2025-08-13 17:00:00-04:00,184.59,163.32,3.63,17.64
2025-08-13 18:00:00-04:00,164.72,152.65,-3.19,15.26
2025-08-13 19:00:00-04:00,118.66,114.8,-6.48,10.34
2025-08-13 20:00:00-04:00,95.0,91.6,-3.47,6.87
2025-08-13 21:00:00-04:00,84.53,83.49,-3.89,4.93
2025-08-13 22:00:00-04:00,70.07,70.07,-3.08,3.08
2025-08-13 23:00:00-04:00,63.27,62.36000000000001,-0.71,1.62
2025-08-14 00:00:00-04:00,57.63,55.54,-0.3,2.39
2025-08-14 01:00:00-04:00,53.13,50.88000000000001,-0.09,2.34
2025-08-14 02:00:00-04:00,49.07,46.69,-0.0,2.38
2025-08-14 03:00:00-04:00,45.25,43.06,-0.0,2.19
2025-08-14 04:00:00-04:00,44.92,42.78,-0.0,2.14
2025-08-14 05:00:00-04:00,48.49,46.09,-0.0,2.4
2025-08-14 06:00:00-04:00,54.54,52.22,-0.14,2.46
2025-08-14 07:00:00-04:00,55.88,53.56,-0.2,2.52
2025-08-14 08:00:00-04:00,56.81,54.07,-0.23,2.97
2025-08-14 09:00:00-04:00,59.6,56.8,-0.32,3.12
2025-08-14 10:00:00-04:00,59.03,56.04,-0.26,3.25
2025-08-14 11:00:00-04:00,64.32,61.559999999999995,-0.68,3.44
2025-08-14 12:00:00-04:00,70.78,67.89,-1.32,4.21
2025-08-14 13:00:00-04:00,76.51,72.03,-1.35,5.83
2025-08-14 14:00:00-04:00,79.53,72.31,0.13,7.09
2025-08-14 15:00:00-04:00,83.0,75.5,-0.28,7.78
2025-08-14 16:00:00-04:00,92.58,82.42999999999999,1.08,9.07
2025-08-14 17:00:00-04:00,102.05,92.57,-0.33,9.81
2025-08-14 18:00:00-04:00,95.86,88.69,-0.72,7.89
2025-08-14 19:00:00-04:00,80.54,76.96000000000001,-2.58,6.16
2025-08-14 20:00:00-04:00,74.88,72.55,-2.02,4.35
2025-08-14 21:00:00-04:00,66.54,64.53,-1.09,3.1
2025-08-14 22:00:00-04:00,60.07,57.85,-0.39,2.61
2025-08-14 23:00:00-04:00,53.18,50.5,-0.04,2.72
2025-08-15 00:00:00-04:00,48.9,46.57,-0.0,2.33
2025-08-15 01:00:00-04:00,45.45,43.370000000000005,-0.0,2.08
2025-08-15 02:00:00-04:00,40.94,39.18,-0.0,1.76
2025-08-15 03:00:00-04:00,37.07,35.410000000000004,-0.0,1.66
2025-08-15 04:00:00-04:00,37.15,35.55,-0.0,1.6
2025-08-15 05:00:00-04:00,39.81,38.06,-0.0,1.75
2025-08-15 06:00:00-04:00,44.53,42.370000000000005,-0.0,2.16
2025-08-15 07:00:00-04:00,47.07,44.74,-0.0,2.33
2025-08-15 08:00:00-04:00,48.13,45.150000000000006,-0.0,2.98
2025-08-15 09:00:00-04:00,48.59,45.28000000000001,0.01,3.3
2025-08-15 10:00:00-04:00,48.88,45.470000000000006,0.23,3.18
2025-08-15 11:00:00-04:00,54.88,51.330000000000005,0.47,3.08
2025-08-15 12:00:00-04:00,55.46,52.09,0.46,2.91
2025-08-15 13:00:00-04:00,63.1,59.92,0.55,2.63
2025-08-15 14:00:00-04:00,65.96,63.05999999999999,0.38,2.52
2025-08-15 15:00:00-04:00,69.5,66.08999999999999,0.43,2.98
2025-08-15 16:00:00-04:00,77.05,75.33999999999999,-2.66,4.37
2025-08-15 17:00:00-04:00,79.94,77.95,-3.31,5.3
2025-08-15 18:00:00-04:00,77.52,76.08999999999999,-3.13,4.56
2025-08-15 19:00:00-04:00,72.85,72.99999999999999,-2.99,2.84
2025-08-15 20:00:00-04:00,66.7,67.46000000000001,-2.04,1.28
2025-08-15 21:00:00-04:00,59.53,59.84,-0.91,0.6
2025-08-15 22:00:00-04:00,53.32,52.559999999999995,-0.19,0.95
2025-08-15 23:00:00-04:00,49.7,48.25,-0.0,1.45
2025-08-16 00:00:00-04:00,44.75,42.79,0.08,1.88
2025-08-16 01:00:00-04:00,40.66,39.209999999999994,-0.0,1.45
2025-08-16 02:00:00-04:00,37.71,36.33,-0.0,1.38
2025-08-16 03:00:00-04:00,34.4,33.11,-0.0,1.29
2025-08-16 04:00:00-04:00,33.59,32.24,-0.0,1.35
2025-08-16 05:00:00-04:00,35.0,33.59,-0.0,1.41
2025-08-16 06:00:00-04:00,36.01,34.33,-0.0,1.68
2025-08-16 07:00:00-04:00,35.17,33.46,-0.0,1.71
2025-08-16 08:00:00-04:00,35.15,33.129999999999995,-0.0,2.02
2025-08-16 09:00:00-04:00,39.71,36.85,0.76,2.1
2025-08-16 10:00:00-04:00,43.0,39.830000000000005,0.94,2.23
2025-08-16 11:00:00-04:00,47.3,43.95,1.24,2.11
2025-08-16 12:00:00-04:00,50.4,46.73,1.47,2.2
2025-08-16 13:00:00-04:00,55.01,51.54,1.41,2.06
2025-08-16 14:00:00-04:00,58.29,54.74,1.64,1.91
2025-08-16 15:00:00-04:00,66.52,62.69,2.08,1.75
2025-08-16 16:00:00-04:00,75.46,71.67999999999999,1.27,2.51
2025-08-16 17:00:00-04:00,82.2,80.17,-0.37,2.4
2025-08-16 18:00:00-04:00,80.8,80.39999999999999,-0.72,1.12
2025-08-16 19:00:00-04:00,74.11,74.16,-0.72,0.67
2025-08-16 20:00:00-04:00,66.2,66.76,-0.69,0.13
2025-08-16 21:00:00-04:00,60.08,60.08,-0.48,0.48
2025-08-16 22:00:00-04:00,54.57,53.84,-0.24,0.97
2025-08-16 23:00:00-04:00,48.69,47.46,-0.0,1.23
2025-08-17 00:00:00-04:00,46.81,44.97,-0.0,1.84
2025-08-17 01:00:00-04:00,42.34,40.48,-0.0,1.86
2025-08-17 02:00:00-04:00,37.4,35.72,-0.0,1.68
2025-08-17 03:00:00-04:00,34.32,32.75,-0.0,1.57
2025-08-17 04:00:00-04:00,33.0,31.55,-0.0,1.45
2025-08-17 05:00:00-04:00,35.21,33.660000000000004,-0.0,1.55
2025-08-17 06:00:00-04:00,35.31,33.79,-0.0,1.52
2025-08-17 07:00:00-04:00,35.7,34.0,-0.0,1.7
2025-08-17 08:00:00-04:00,36.46,34.36,-0.0,2.1
2025-08-17 09:00:00-04:00,39.41,36.94,-0.0,2.47
2025-08-17 10:00:00-04:00,44.48,41.26,0.25,2.97
2025-08-17 11:00:00-04:00,49.53,45.98,0.38,3.17
2025-08-17 12:00:00-04:00,54.11,50.14,0.51,3.46
2025-08-17 13:00:00-04:00,58.44,54.72,0.16,3.56
2025-08-17 14:00:00-04:00,62.66,58.74,0.16,3.76
2025-08-17 15:00:00-04:00,69.17,65.44000000000001,-0.26,3.99
2025-08-17 16:00:00-04:00,88.62,82.77000000000001,-0.36,6.21
2025-08-17 17:00:00-04:00,104.77,97.18,-0.47,8.06
2025-08-17 18:00:00-04:00,107.61,101.12,-0.89,7.38
2025-08-17 19:00:00-04:00,94.89,89.72,-0.84,6.01
2025-08-17 20:00:00-04:00,75.0,72.74,-1.02,3.28
2025-08-17 21:00:00-04:00,65.61,62.64,-0.29,3.26
2025-08-17 22:00:00-04:00,56.17,53.190000000000005,-0.21,3.19
2025-08-17 23:00:00-04:00,49.7,46.75,-0.0,2.95
2025-08-18 00:00:00-04:00,43.38,40.5,-0.0,2.88
2025-08-18 01:00:00-04:00,39.34,36.73,-0.0,2.61
2025-08-18 02:00:00-04:00,35.94,33.559999999999995,-0.0,2.38
2025-08-18 03:00:00-04:00,33.0,30.9,-0.0,2.1
2025-08-18 04:00:00-04:00,33.0,31.07,-0.0,1.93
2025-08-18 05:00:00-04:00,36.6,34.730000000000004,-0.0,1.87
2025-08-18 06:00:00-04:00,41.18,38.89,-0.0,2.29
2025-08-18 07:00:00-04:00,44.39,41.68,-0.0,2.71
2025-08-18 08:00:00-04:00,43.67,40.510000000000005,0.04,3.12
2025-08-18 09:00:00-04:00,41.3,37.45,0.89,2.96
2025-08-18 10:00:00-04:00,39.9,36.32,0.82,2.76
2025-08-18 11:00:00-04:00,40.52,36.85000000000001,0.87,2.8
2025-08-18 12:00:00-04:00,44.53,40.37,1.17,2.99
2025-08-18 13:00:00-04:00,46.3,42.02,1.3,2.98
2025-08-18 14:00:00-04:00,49.08,44.72,1.49,2.87
2025-08-18 15:00:00-04:00,51.77,47.57,1.63,2.57
2025-08-18 16:00:00-04:00,58.85,54.33,1.64,2.88
2025-08-18 17:00:00-04:00,66.78,63.37,0.31,3.1
2025-08-18 18:00:00-04:00,67.1,64.75,-0.43,2.78
2025-08-18 19:00:00-04:00,59.98,57.69,-0.13,2.42
2025-08-18 20:00:00-04:00,51.43,49.470000000000006,-0.02,1.98
2025-08-18 21:00:00-04:00,47.02,44.82,-0.0,2.2
2025-08-18 22:00:00-04:00,44.53,42.33,-0.0,2.2
2025-08-18 23:00:00-04:00,40.27,38.28,-0.0,1.99
2025-08-19 00:00:00-04:00,35.5,34.01,-0.0,1.49
2025-08-19 01:00:00-04:00,30.94,29.69,-0.0,1.25
2025-08-19 02:00:00-04:00,29.78,28.630000000000003,-0.0,1.15
2025-08-19 03:00:00-04:00,28.63,27.58,-0.0,1.05
2025-08-19 04:00:00-04:00,28.82,27.71,-0.0,1.11
2025-08-19 05:00:00-04:00,29.53,28.56,-0.0,0.97
2025-08-19 06:00:00-04:00,34.56,33.11,-0.0,1.45
2025-08-19 07:00:00-04:00,36.85,35.03,-0.0,1.82
2025-08-19 08:00:00-04:00,34.87,33.05,-0.0,1.82
2025-08-19 09:00:00-04:00,33.54,31.38,0.34,1.82
2025-08-19 10:00:00-04:00,33.91,31.819999999999997,0.31,1.78
2025-08-19 11:00:00-04:00,35.89,33.63,0.48,1.78
2025-08-19 12:00:00-04:00,38.92,36.07000000000001,0.8,2.05
2025-08-19 13:00:00-04:00,42.03,38.81,1.16,2.06
2025-08-19 14:00:00-04:00,45.82,42.37,1.25,2.2
2025-08-19 15:00:00-04:00,47.76,44.33,1.39,2.04
2025-08-19 16:00:00-04:00,52.51,48.75,1.67,2.09
2025-08-19 17:00:00-04:00,54.79,52.6,0.3,1.89
2025-08-19 18:00:00-04:00,59.58,57.57,-0.0,2.01
2025-08-19 19:00:00-04:00,58.88,57.17,-0.0,1.71
2025-08-19 20:00:00-04:00,54.73,53.19,-0.0,1.54
2025-08-19 21:00:00-04:00,47.81,45.85,0.4,1.56
2025-08-19 22:00:00-04:00,42.24,39.88,0.81,1.55
2025-08-19 23:00:00-04:00,36.62,35.11,0.07,1.44
2025-08-20 00:00:00-04:00,33.95,32.49,-0.0,1.46
2025-08-20 01:00:00-04:00,30.4,29.2,-0.0,1.2
2025-08-20 02:00:00-04:00,29.25,28.23,-0.0,1.02
2025-08-20 03:00:00-04:00,28.37,27.44,-0.0,0.93
2025-08-20 04:00:00-04:00,28.76,27.81,-0.0,0.95
2025-08-20 05:00:00-04:00,30.28,29.23,-0.0,1.05
2025-08-20 06:00:00-04:00,37.25,35.51,-0.0,1.74
2025-08-20 07:00:00-04:00,42.15,40.18,-0.0,1.97
2025-08-20 08:00:00-04:00,42.23,39.78999999999999,0.09,2.35
2025-08-20 09:00:00-04:00,43.43,40.86,0.36,2.21
2025-08-20 10:00:00-04:00,42.41,39.79,0.51,2.11
2025-08-20 11:00:00-04:00,44.85,41.7,0.98,2.17
2025-08-20 12:00:00-04:00,45.22,41.97,0.94,2.31
2025-08-20 13:00:00-04:00,52.42,48.57,1.72,2.13
2025-08-20 14:00:00-04:00,53.53,49.580000000000005,1.72,2.23
2025-08-20 15:00:00-04:00,54.5,50.86,1.35,2.29
2025-08-20 16:00:00-04:00,58.18,54.3,1.11,2.77
2025-08-20 17:00:00-04:00,62.79,58.95,0.84,3.0
2025-08-20 18:00:00-04:00,62.5,59.35,0.54,2.61
2025-08-20 19:00:00-04:00,59.59,57.0,0.31,2.28
2025-08-20 20:00:00-04:00,54.64,52.74,-0.0,1.9
2025-08-20 21:00:00-04:00,51.41,49.81999999999999,-0.0,1.59
2025-08-20 22:00:00-04:00,42.74,41.14000000000001,0.16,1.44
2025-08-20 23:00:00-04:00,38.34,36.74,0.39,1.21
2025-08-21 00:00:00-04:00,34.34,32.93000000000001,-0.0,1.41
2025-08-21 01:00:00-04:00,31.52,30.45,-0.0,1.07
2025-08-21 02:00:00-04:00,29.0,28.02,-0.0,0.98
2025-08-21 03:00:00-04:00,27.56,26.76,-0.0,0.8
2025-08-21 04:00:00-04:00,27.46,26.53,-0.0,0.93
2025-08-21 05:00:00-04:00,30.46,29.43,-0.0,1.03
2025-08-21 06:00:00-04:00,37.08,35.55,-0.0,1.53
2025-08-21 07:00:00-04:00,39.76,37.76,-0.0,2.0
2025-08-21 08:00:00-04:00,40.85,38.65,-0.0,2.2
2025-08-21 09:00:00-04:00,37.87,35.86,0.15,1.86
2025-08-21 10:00:00-04:00,38.79,36.47,0.21,2.11
2025-08-21 11:00:00-04:00,39.58,36.779999999999994,0.71,2.09
2025-08-21 12:00:00-04:00,40.62,37.529999999999994,0.88,2.21
2025-08-21 13:00:00-04:00,42.31,39.59,0.5,2.22
2025-08-21 14:00:00-04:00,42.6,39.76,0.57,2.27
2025-08-21 15:00:00-04:00,43.03,40.46,0.26,2.31
2025-08-21 16:00:00-04:00,44.54,41.78,-0.0,2.76
2025-08-21 17:00:00-04:00,49.89,47.02,-0.0,2.87
2025-08-21 18:00:00-04:00,53.81,51.2,-0.0,2.61
2025-08-21 19:00:00-04:00,52.55,50.34,-0.0,2.21
2025-08-21 20:00:00-04:00,50.84,49.03,-0.0,1.81
2025-08-21 21:00:00-04:00,44.8,43.2,-0.0,1.6
2025-08-21 22:00:00-04:00,38.52,37.14,-0.0,1.38
2025-08-21 23:00:00-04:00,34.72,33.55,-0.0,1.17
2025-08-22 00:00:00-04:00,32.79,31.65,-0.0,1.14
2025-08-22 01:00:00-04:00,29.92,28.99,-0.0,0.93
2025-08-22 02:00:00-04:00,27.44,26.540000000000003,-0.0,0.9
2025-08-22 03:00:00-04:00,26.18,25.37,-0.0,0.81
2025-08-22 04:00:00-04:00,26.77,25.96,-0.0,0.81
2025-08-22 05:00:00-04:00,29.04,28.25,-0.0,0.79
2025-08-22 06:00:00-04:00,34.14,32.89,-0.0,1.25
2025-08-22 07:00:00-04:00,37.46,35.68,-0.0,1.78
2025-08-22 08:00:00-04:00,32.02,30.320000000000004,-0.0,1.7
2025-08-22 09:00:00-04:00,28.65,26.83,-0.0,1.82
2025-08-22 10:00:00-04:00,29.88,27.61,0.2,2.07
2025-08-22 11:00:00-04:00,32.09,29.56,0.37,2.16
2025-08-22 12:00:00-04:00,34.26,31.179999999999996,0.55,2.53
2025-08-22 13:00:00-04:00,37.74,34.27,0.83,2.64
2025-08-22 14:00:00-04:00,40.5,36.92,0.96,2.62
2025-08-22 15:00:00-04:00,43.49,39.71,1.12,2.66
2025-08-22 16:00:00-04:00,48.87,45.01,0.89,2.97
2025-08-22 17:00:00-04:00,62.34,58.580000000000005,0.66,3.1
2025-08-22 18:00:00-04:00,69.43,66.07000000000001,0.46,2.9
2025-08-22 19:00:00-04:00,65.83,63.3,-0.0,2.53
2025-08-22 20:00:00-04:00,54.49,53.06,-0.0,1.43
2025-08-22 21:00:00-04:00,51.2,49.66,-0.0,1.54
2025-08-22 22:00:00-04:00,44.6,43.13,-0.0,1.47
2025-08-22 23:00:00-04:00,38.61,36.98,-0.0,1.63
2025-08-23 00:00:00-04:00,30.5,29.44,-0.0,1.06
2025-08-23 01:00:00-04:00,29.29,28.36,-0.0,0.93
2025-08-23 02:00:00-04:00,27.76,26.98,-0.0,0.78
2025-08-23 03:00:00-04:00,26.07,25.36,-0.0,0.71
2025-08-23 04:00:00-04:00,25.75,25.05,-0.0,0.7
2025-08-23 05:00:00-04:00,26.0,25.32,-0.0,0.68
2025-08-23 06:00:00-04:00,27.21,26.42,-0.0,0.79
2025-08-23 07:00:00-04:00,26.73,25.63,-0.0,1.1
2025-08-23 08:00:00-04:00,26.73,25.46,-0.0,1.27
2025-08-23 09:00:00-04:00,25.72,24.38,-0.0,1.34
2025-08-23 10:00:00-04:00,27.39,25.91,-0.0,1.48
2025-08-23 11:00:00-04:00,28.71,27.21,-0.0,1.5
2025-08-23 12:00:00-04:00,29.92,28.33,-0.0,1.59
2025-08-23 13:00:00-04:00,32.42,30.27,0.3,1.85
2025-08-23 14:00:00-04:00,35.87,33.15,0.5,2.22
2025-08-23 15:00:00-04:00,39.13,36.12,0.7,2.31
2025-08-23 16:00:00-04:00,46.5,43.09,1.0,2.41
2025-08-23 17:00:00-04:00,52.6,50.19,-0.0,2.41
2025-08-23 18:00:00-04:00,57.8,55.57,-0.0,2.23
2025-08-23 19:00:00-04:00,52.31,50.400000000000006,-0.0,1.91
2025-08-23 20:00:00-04:00,47.72,46.02,-0.0,1.7
2025-08-23 21:00:00-04:00,42.45,41.02,-0.0,1.43
2025-08-23 22:00:00-04:00,37.48,35.8,-0.0,1.68
2025-08-23 23:00:00-04:00,32.84,31.49,-0.0,1.35
2025-08-24 00:00:00-04:00,28.7,27.26,-0.0,1.44
2025-08-24 01:00:00-04:00,26.63,25.34,-0.0,1.29
2025-08-24 02:00:00-04:00,24.48,23.31,-0.0,1.17
2025-08-24 03:00:00-04:00,23.04,21.92,-0.0,1.12
2025-08-24 04:00:00-04:00,22.78,21.82,-0.0,0.96
2025-08-24 05:00:00-04:00,24.0,22.92,-0.0,1.08
2025-08-24 06:00:00-04:00,24.36,23.22,-0.0,1.14
2025-08-24 07:00:00-04:00,23.64,22.45,-0.0,1.19
2025-08-24 08:00:00-04:00,23.77,22.42,-0.0,1.35
2025-08-24 09:00:00-04:00,24.42,22.99,-0.0,1.43
2025-08-24 10:00:00-04:00,26.0,24.44,0.04,1.52
2025-08-24 11:00:00-04:00,27.95,25.97,0.21,1.77
2025-08-24 12:00:00-04:00,31.14,28.5,0.47,2.17
2025-08-24 13:00:00-04:00,35.12,31.889999999999997,0.77,2.46
2025-08-24 14:00:00-04:00,37.56,33.96,0.92,2.68
2025-08-24 15:00:00-04:00,39.36,35.559999999999995,1.06,2.74
2025-08-24 16:00:00-04:00,45.64,41.71,0.68,3.25
2025-08-24 17:00:00-04:00,51.57,48.51,-0.0,3.06
2025-08-24 18:00:00-04:00,54.85,51.89,-0.0,2.96
2025-08-24 19:00:00-04:00,51.59,48.830000000000005,0.32,2.44
2025-08-24 20:00:00-04:00,49.98,47.059999999999995,0.47,2.45
2025-08-24 21:00:00-04:00,42.05,39.62,0.29,2.14
2025-08-24 22:00:00-04:00,38.48,35.72,0.58,2.18
2025-08-24 23:00:00-04:00,34.23,32.15,0.22,1.86
2025-08-25 00:00:00-04:00,32.61,30.94,-0.0,1.67
2025-08-25 01:00:00-04:00,28.77,27.35,-0.0,1.42
2025-08-25 02:00:00-04:00,26.91,25.56,-0.0,1.35
2025-08-25 03:00:00-04:00,25.96,24.68,-0.0,1.28
2025-08-25 04:00:00-04:00,26.07,24.76,-0.0,1.31
2025-08-25 05:00:00-04:00,27.56,26.32,-0.0,1.24
2025-08-25 06:00:00-04:00,32.13,30.540000000000003,-0.0,1.59
2025-08-25 07:00:00-04:00,34.93,32.92,-0.0,2.01
2025-08-25 08:00:00-04:00,35.23,31.85,1.02,2.36
2025-08-25 09:00:00-04:00,31.47,28.95,-0.0,2.52
2025-08-25 10:00:00-04:00,31.81,29.06,0.02,2.73
2025-08-25 11:00:00-04:00,33.47,30.63,0.02,2.82
2025-08-25 12:00:00-04:00,36.13,31.66,1.34,3.13
2025-08-25 13:00:00-04:00,39.6,35.190000000000005,0.86,3.55
2025-08-25 14:00:00-04:00,40.38,35.21,1.47,3.7
2025-08-25 15:00:00-04:00,41.82,37.73,0.2,3.89
2025-08-25 16:00:00-04:00,47.76,42.92999999999999,0.45,4.38
2025-08-25 17:00:00-04:00,54.02,49.22,0.03,4.77
2025-08-25 18:00:00-04:00,56.88,52.52,-0.0,4.36
2025-08-25 19:00:00-04:00,55.1,51.16,-0.0,3.94
2025-08-25 20:00:00-04:00,48.32,45.07,-0.0,3.25
2025-08-25 21:00:00-04:00,41.84,39.1,-0.0,2.74
2025-08-25 22:00:00-04:00,34.56,31.910000000000004,-0.0,2.65
2025-08-25 23:00:00-04:00,30.84,28.66,-0.0,2.18
2025-08-26 00:00:00-04:00,28.11,26.22,-0.0,1.89
2025-08-26 01:00:00-04:00,24.83,23.29,-0.0,1.54
2025-08-26 02:00:00-04:00,22.72,21.369999999999997,-0.0,1.35
2025-08-26 03:00:00-04:00,21.6,20.34,-0.0,1.26
2025-08-26 04:00:00-04:00,21.52,20.26,-0.0,1.26
2025-08-26 05:00:00-04:00,23.18,21.95,-0.0,1.23
2025-08-26 06:00:00-04:00,28.37,27.1,-0.0,1.27
2025-08-26 07:00:00-04:00,30.42,28.83,-0.0,1.59
2025-08-26 08:00:00-04:00,28.48,26.74,-0.0,1.74
2025-08-26 09:00:00-04:00,27.0,25.05,0.12,1.83
2025-08-26 10:00:00-04:00,27.45,25.4,0.04,2.01
2025-08-26 11:00:00-04:00,27.69,25.520000000000003,0.08,2.09
2025-08-26 12:00:00-04:00,28.81,26.4,0.14,2.27
2025-08-26 13:00:00-04:00,30.64,27.97,0.21,2.46
2025-08-26 14:00:00-04:00,33.55,30.459999999999994,0.35,2.74
2025-08-26 15:00:00-04:00,33.91,30.979999999999997,0.2,2.73
2025-08-26 16:00:00-04:00,39.41,35.96999999999999,0.13,3.31
2025-08-26 17:00:00-04:00,45.14,42.15,-0.0,2.99
2025-08-26 18:00:00-04:00,48.38,45.68,-0.0,2.7
2025-08-26 19:00:00-04:00,46.85,44.45,-0.0,2.4
2025-08-26 20:00:00-04:00,42.94,40.93,-0.0,2.01
2025-08-26 21:00:00-04:00,38.49,36.66,-0.0,1.83
2025-08-26 22:00:00-04:00,32.48,30.959999999999997,-0.0,1.52
2025-08-26 23:00:00-04:00,30.44,29.130000000000003,-0.0,1.31
2025-08-27 00:00:00-04:00,27.78,26.66,-0.0,1.12
2025-08-27 01:00:00-04:00,26.05,25.12,-0.0,0.93
2025-08-27 02:00:00-04:00,24.43,23.58,-0.0,0.85
2025-08-27 03:00:00-04:00,23.63,22.9,-0.0,0.73
2025-08-27 04:00:00-04:00,23.75,23.13,-0.0,0.62
2025-08-27 05:00:00-04:00,25.85,25.1,-0.0,0.75
2025-08-27 06:00:00-04:00,31.44,30.44,-0.0,1.0
2025-08-27 07:00:00-04:00,32.56,31.06,0.16,1.34
2025-08-27 08:00:00-04:00,29.53,27.76,0.3,1.47
2025-08-27 09:00:00-04:00,27.2,25.679999999999996,0.19,1.33
2025-08-27 10:00:00-04:00,26.1,24.590000000000003,0.08,1.43
2025-08-27 11:00:00-04:00,26.34,24.77,0.06,1.51
2025-08-27 12:00:00-04:00,26.63,24.73,0.24,1.66
2025-08-27 13:00:00-04:00,28.98,26.7,0.41,1.87
2025-08-27 14:00:00-04:00,30.1,27.67,0.44,1.99
2025-08-27 15:00:00-04:00,31.57,28.95,0.45,2.17
2025-08-27 16:00:00-04:00,35.96,32.690000000000005,0.65,2.62
2025-08-27 17:00:00-04:00,41.66,39.08,-0.0,2.58
2025-08-27 18:00:00-04:00,43.6,40.82,-0.0,2.78
2025-08-27 19:00:00-04:00,43.03,40.48,-0.0,2.55
2025-08-27 20:00:00-04:00,40.85,38.940000000000005,-0.0,1.91
2025-08-27 21:00:00-04:00,35.23,33.57,0.11,1.55
2025-08-27 22:00:00-04:00,29.57,28.19,-0.0,1.38
2025-08-27 23:00:00-04:00,27.1,25.96,-0.0,1.14
2025-08-28 00:00:00-04:00,26.85,25.97,-0.0,0.88
2025-08-28 01:00:00-04:00,23.52,22.64,-0.0,0.88
2025-08-28 02:00:00-04:00,21.99,21.2,-0.0,0.79
2025-08-28 03:00:00-04:00,21.05,20.24,-0.0,0.81
2025-08-28 04:00:00-04:00,21.86,21.08,-0.0,0.78
2025-08-28 05:00:00-04:00,23.09,22.24,-0.0,0.85
2025-08-28 06:00:00-04:00,27.31,26.08,-0.0,1.23
2025-08-28 07:00:00-04:00,30.26,28.68,-0.0,1.58
2025-08-28 08:00:00-04:00,27.52,25.91,-0.0,1.61
2025-08-28 09:00:00-04:00,24.18,22.68,-0.0,1.5
2025-08-28 10:00:00-04:00,24.11,22.55,-0.0,1.56
2025-08-28 11:00:00-04:00,25.06,23.44,-0.0,1.62
2025-08-28 12:00:00-04:00,25.45,23.72,-0.0,1.73
2025-08-28 13:00:00-04:00,27.3,25.360000000000003,0.04,1.9
2025-08-28 14:00:00-04:00,28.97,26.889999999999997,0.12,1.96
2025-08-28 15:00:00-04:00,31.04,28.55,0.24,2.25
2025-08-28 16:00:00-04:00,36.62,32.21999999999999,1.34,3.06
2025-08-28 17:00:00-04:00,38.57,34.6,0.37,3.6
2025-08-28 18:00:00-04:00,40.54,35.65,1.57,3.32
2025-08-28 19:00:00-04:00,39.89,35.519999999999996,1.35,3.02
2025-08-28 20:00:00-04:00,38.22,35.32,-0.0,2.9
2025-08-28 21:00:00-04:00,35.1,32.96,-0.0,2.14
2025-08-28 22:00:00-04:00,30.78,29.43,-0.0,1.35
2025-08-28 23:00:00-04:00,28.33,27.27,-0.0,1.06
2025-08-29 00:00:00-04:00,27.36,26.36,-0.0,1.0
2025-08-29 01:00:00-04:00,24.69,23.83,-0.0,0.86
2025-08-29 02:00:00-04:00,22.77,21.92,-0.0,0.85
2025-08-29 03:00:00-04:00,21.61,20.9,-0.0,0.71
2025-08-29 04:00:00-04:00,22.52,21.88,-0.0,0.64
2025-08-29 05:00:00-04:00,25.07,24.34,-0.0,0.73
2025-08-29 06:00:00-04:00,30.41,29.35,-0.0,1.06
2025-08-29 07:00:00-04:00,33.57,32.160000000000004,-0.0,1.41
2025-08-29 08:00:00-04:00,34.08,32.43,-0.0,1.65
2025-08-29 09:00:00-04:00,30.78,29.06,0.07,1.65
2025-08-29 10:00:00-04:00,31.41,29.44,0.2,1.77
2025-08-29 11:00:00-04:00,31.14,28.930000000000003,0.33,1.88
2025-08-29 12:00:00-04:00,34.38,28.200000000000003,4.18,2.0
2025-08-29 13:00:00-04:00,36.6,30.18,4.25,2.17
2025-08-29 14:00:00-04:00,37.0,30.299999999999997,4.46,2.24
2025-08-29 15:00:00-04:00,37.21,30.33,4.55,2.33
2025-08-29 16:00:00-04:00,38.17,34.84,0.61,2.72
2025-08-29 17:00:00-04:00,40.8,38.27,-0.0,2.53
2025-08-29 18:00:00-04:00,42.77,40.31000000000001,0.12,2.34
2025-08-29 19:00:00-04:00,42.09,40.120000000000005,-0.0,1.97
2025-08-29 20:00:00-04:00,39.76,38.3,-0.0,1.46
2025-08-29 21:00:00-04:00,35.65,34.04,0.18,1.43
2025-08-29 22:00:00-04:00,30.32,29.07,-0.0,1.25
2025-08-29 23:00:00-04:00,27.67,26.610000000000003,-0.0,1.06
2025-08-30 00:00:00-04:00,28.82,27.79,-0.0,1.03
2025-08-30 01:00:00-04:00,26.98,26.22,-0.0,0.76
2025-08-30 02:00:00-04:00,23.45,22.88,-0.0,0.57
2025-08-30 03:00:00-04:00,21.45,20.91,-0.0,0.54
2025-08-30 04:00:00-04:00,21.71,21.22,-0.0,0.49
2025-08-30 05:00:00-04:00,23.79,23.19,-0.0,0.6
2025-08-30 06:00:00-04:00,24.4,23.709999999999997,-0.0,0.69
2025-08-30 07:00:00-04:00,24.41,23.61,-0.0,0.8
2025-08-30 08:00:00-04:00,21.91,20.85,-0.0,1.06
2025-08-30 09:00:00-04:00,19.17,18.08,-0.0,1.09
2025-08-30 10:00:00-04:00,18.5,17.32,-0.0,1.18
2025-08-30 11:00:00-04:00,18.86,17.63,-0.0,1.23
2025-08-30 12:00:00-04:00,19.87,18.52,-0.0,1.35
2025-08-30 13:00:00-04:00,20.82,19.42,-0.0,1.4
2025-08-30 14:00:00-04:00,21.55,20.08,-0.0,1.47
2025-08-30 15:00:00-04:00,22.86,21.39,-0.0,1.47
2025-08-30 16:00:00-04:00,25.56,23.84,-0.0,1.72
2025-08-30 17:00:00-04:00,31.88,29.799999999999997,-0.0,2.08
2025-08-30 18:00:00-04:00,37.78,35.85,-0.0,1.93
2025-08-30 19:00:00-04:00,38.86,37.12,-0.0,1.74
2025-08-30 20:00:00-04:00,38.15,36.58,-0.0,1.57
2025-08-30 21:00:00-04:00,32.56,31.37,-0.0,1.19
2025-08-30 22:00:00-04:00,27.7,26.71,-0.0,0.99
2025-08-30 23:00:00-04:00,25.46,24.62,-0.0,0.84
2025-08-31 00:00:00-04:00,27.27,26.55,-0.0,0.72
2025-08-31 01:00:00-04:00,24.82,24.24,-0.0,0.58
2025-08-31 02:00:00-04:00,21.81,21.22,-0.0,0.59
2025-08-31 03:00:00-04:00,20.41,19.85,-0.0,0.56
2025-08-31 04:00:00-04:00,19.79,19.25,-0.0,0.54
2025-08-31 05:00:00-04:00,20.45,19.97,-0.0,0.48
2025-08-31 06:00:00-04:00,22.33,21.77,-0.0,0.56
2025-08-31 07:00:00-04:00,20.63,19.99,-0.0,0.64
2025-08-31 08:00:00-04:00,16.8,16.080000000000002,-0.0,0.72
2025-08-31 09:00:00-04:00,15.87,15.19,-0.0,0.68
2025-08-31 10:00:00-04:00,16.49,15.589999999999998,-0.0,0.9
2025-08-31 11:00:00-04:00,17.37,16.43,-0.0,0.94
2025-08-31 12:00:00-04:00,18.0,16.97,-0.0,1.03
2025-08-31 13:00:00-04:00,20.31,19.14,-0.0,1.17
2025-08-31 14:00:00-04:00,21.12,19.86,0.05,1.21
2025-08-31 15:00:00-04:00,23.81,22.339999999999996,0.17,1.3
2025-08-31 16:00:00-04:00,26.64,25.08,-0.0,1.56
2025-08-31 17:00:00-04:00,35.35,33.35,-0.0,2.0
2025-08-31 18:00:00-04:00,43.75,41.79,-0.0,1.96
2025-08-31 19:00:00-04:00,45.73,44.02,-0.1,1.81
2025-08-31 20:00:00-04:00,40.62,39.169999999999995,-0.0,1.45
2025-08-31 21:00:00-04:00,38.04,36.68,-0.0,1.36
2025-08-31 22:00:00-04:00,31.87,30.85,-0.0,1.02
2025-08-31 23:00:00-04:00,27.7,26.89,-0.0,0.81
2025-09-01 00:00:00-04:00,27.0,26.01,-0.0,0.99
2025-09-01 01:00:00-04:00,24.99,24.15,-0.0,0.84
2025-09-01 02:00:00-04:00,22.57,21.87,-0.0,0.7
2025-09-01 03:00:00-04:00,21.82,21.2,-0.0,0.62
2025-09-01 04:00:00-04:00,21.01,20.44,-0.0,0.57
2025-09-01 05:00:00-04:00,22.54,22.14,-0.0,0.4
2025-09-01 06:00:00-04:00,24.14,23.58,-0.0,0.56
2025-09-01 07:00:00-04:00,24.02,23.25,-0.0,0.77
2025-09-01 08:00:00-04:00,20.49,19.53,-0.0,0.96
2025-09-01 09:00:00-04:00,18.5,17.54,-0.0,0.96
2025-09-01 10:00:00-04:00,19.73,18.61,-0.0,1.12
2025-09-01 11:00:00-04:00,20.31,19.03,-0.0,1.28
2025-09-01 12:00:00-04:00,22.22,20.77,-0.0,1.45
2025-09-01 13:00:00-04:00,24.09,22.58,-0.0,1.51
2025-09-01 14:00:00-04:00,25.37,23.67,-0.0,1.7
2025-09-01 15:00:00-04:00,29.5,27.58,0.04,1.88
2025-09-01 16:00:00-04:00,34.57,32.46,-0.0,2.11
2025-09-01 17:00:00-04:00,45.19,42.81,-0.02,2.4
2025-09-01 18:00:00-04:00,50.57,48.27,-0.02,2.32
2025-09-01 19:00:00-04:00,51.18,49.14,-0.02,2.06
2025-09-01 20:00:00-04:00,45.9,43.98,-0.01,1.93
2025-09-01 21:00:00-04:00,41.3,39.48,-0.0,1.82
2025-09-01 22:00:00-04:00,35.0,33.49,-0.0,1.51
2025-09-01 23:00:00-04:00,29.62,28.450000000000003,-0.0,1.17
2025-09-02 00:00:00-04:00,31.58,30.51,-0.0,1.07
2025-09-02 01:00:00-04:00,28.93,28.06,-0.0,0.87
2025-09-02 02:00:00-04:00,26.6,25.83,-0.0,0.77
2025-09-02 03:00:00-04:00,23.36,22.77,-0.0,0.59
2025-09-02 04:00:00-04:00,24.07,23.32,-0.0,0.75
2025-09-02 05:00:00-04:00,27.75,27.0,-0.0,0.75
2025-09-02 06:00:00-04:00,36.08,34.46,-0.0,1.62
2025-09-02 07:00:00-04:00,37.68,35.89,-0.0,1.79
2025-09-02 08:00:00-04:00,34.63,32.64,-0.0,1.99
2025-09-02 09:00:00-04:00,27.76,25.69,0.22,1.85
2025-09-02 10:00:00-04:00,29.59,27.09,0.55,1.95
2025-09-02 11:00:00-04:00,30.15,27.51,0.6,2.04
2025-09-02 12:00:00-04:00,33.42,29.96,1.09,2.37
2025-09-02 13:00:00-04:00,36.02,32.50000000000001,1.05,2.47
2025-09-02 14:00:00-04:00,37.26,33.62,1.09,2.55
2025-09-02 15:00:00-04:00,39.65,36.059999999999995,0.96,2.63
2025-09-02 16:00:00-04:00,44.29,41.3,0.26,2.73
2025-09-02 17:00:00-04:00,58.52,54.470000000000006,0.46,3.59
2025-09-02 18:00:00-04:00,62.42,59.09,0.08,3.25
2025-09-02 19:00:00-04:00,59.71,56.89000000000001,-0.02,2.84
2025-09-02 20:00:00-04:00,52.28,50.190000000000005,-0.02,2.11
2025-09-02 21:00:00-04:00,41.42,39.50000000000001,-0.02,1.94
2025-09-02 22:00:00-04:00,35.81,34.2,-0.0,1.61
2025-09-02 23:00:00-04:00,31.64,30.45,-0.0,1.19
2025-09-03 00:00:00-04:00,30.87,29.630000000000003,-0.0,1.24
2025-09-03 01:00:00-04:00,26.43,25.51,-0.0,0.92
2025-09-03 02:00:00-04:00,24.26,23.42,-0.0,0.84
2025-09-03 03:00:00-04:00,22.27,21.52,-0.0,0.75
2025-09-03 04:00:00-04:00,22.79,21.91,-0.0,0.88
2025-09-03 05:00:00-04:00,26.61,25.71,-0.0,0.9
2025-09-03 06:00:00-04:00,34.69,33.01,-0.0,1.68
2025-09-03 07:00:00-04:00,37.03,34.97,-0.0,2.06
2025-09-03 08:00:00-04:00,32.09,29.910000000000004,-0.0,2.18
2025-09-03 09:00:00-04:00,27.08,24.87,0.22,1.99
2025-09-03 10:00:00-04:00,27.95,25.67,0.07,2.21
2025-09-03 11:00:00-04:00,29.07,26.59,0.14,2.34
2025-09-03 12:00:00-04:00,31.57,28.89,0.31,2.37
2025-09-03 13:00:00-04:00,34.09,31.140000000000004,0.4,2.55
2025-09-03 14:00:00-04:00,34.35,31.320000000000004,0.4,2.63
2025-09-03 15:00:00-04:00,37.3,33.97,0.48,2.85
2025-09-03 16:00:00-04:00,41.82,38.69,-0.0,3.13
2025-09-03 17:00:00-04:00,48.18,45.0,-0.01,3.19
2025-09-03 18:00:00-04:00,52.47,49.22,-0.0,3.25
2025-09-03 19:00:00-04:00,52.05,49.059999999999995,-0.0,2.99
2025-09-03 20:00:00-04:00,45.35,42.78,-0.0,2.57
2025-09-03 21:00:00-04:00,38.03,35.84,-0.0,2.19
2025-09-03 22:00:00-04:00,32.8,30.83,-0.0,1.97
2025-09-03 23:00:00-04:00,29.87,28.15,-0.0,1.72
2025-09-04 00:00:00-04:00,28.55,26.76,-0.0,1.79
2025-09-04 01:00:00-04:00,25.85,24.360000000000003,-0.0,1.49
2025-09-04 02:00:00-04:00,24.0,22.6,-0.0,1.4
2025-09-04 03:00:00-04:00,22.67,21.33,-0.0,1.34
2025-09-04 04:00:00-04:00,22.93,21.55,-0.0,1.38
2025-09-04 05:00:00-04:00,25.21,23.74,-0.0,1.47
2025-09-04 06:00:00-04:00,31.49,29.54,-0.0,1.95
2025-09-04 07:00:00-04:00,33.91,31.519999999999996,-0.0,2.39
2025-09-04 08:00:00-04:00,30.84,28.43,-0.0,2.41
2025-09-04 09:00:00-04:00,27.94,25.51,-0.0,2.43
2025-09-04 10:00:00-04:00,28.71,26.17,-0.0,2.54
2025-09-04 11:00:00-04:00,28.6,26.020000000000003,-0.0,2.58
2025-09-04 12:00:00-04:00,29.61,26.859999999999996,0.01,2.74
2025-09-04 13:00:00-04:00,32.87,29.709999999999997,0.01,3.15
2025-09-04 14:00:00-04:00,35.33,31.789999999999996,0.26,3.28
2025-09-04 15:00:00-04:00,38.27,34.13,0.62,3.52
2025-09-04 16:00:00-04:00,43.16,38.63,0.55,3.98
2025-09-04 17:00:00-04:00,47.54,43.49,-0.0,4.05
2025-09-04 18:00:00-04:00,52.87,48.68,-0.0,4.19
2025-09-04 19:00:00-04:00,52.05,48.239999999999995,-0.0,3.81
2025-09-04 20:00:00-04:00,46.38,43.19,-0.01,3.2
2025-09-04 21:00:00-04:00,39.24,36.43,-0.0,2.81
2025-09-04 22:00:00-04:00,34.62,32.23,-0.0,2.39
2025-09-04 23:00:00-04:00,33.91,31.619999999999997,0.2,2.09
2025-09-05 00:00:00-04:00,33.97,32.449999999999996,-0.0,1.52
2025-09-05 01:00:00-04:00,30.97,29.61,-0.0,1.36
2025-09-05 02:00:00-04:00,29.24,27.93,-0.0,1.31
2025-09-05 03:00:00-04:00,27.61,26.42,-0.0,1.19
2025-09-05 04:00:00-04:00,27.52,26.26,-0.0,1.26
2025-09-05 05:00:00-04:00,30.94,29.64,-0.0,1.3
2025-09-05 06:00:00-04:00,38.12,36.27,-0.0,1.85
2025-09-05 07:00:00-04:00,43.36,40.98,-0.0,2.38
2025-09-05 08:00:00-04:00,40.44,37.86,-0.0,2.58
2025-09-05 09:00:00-04:00,37.32,34.78,-0.0,2.54
2025-09-05 10:00:00-04:00,37.81,34.88,-0.0,2.93
2025-09-05 11:00:00-04:00,37.08,34.01,0.01,3.06
2025-09-05 12:00:00-04:00,37.23,34.03999999999999,0.02,3.17
2025-09-05 13:00:00-04:00,39.34,35.910000000000004,0.02,3.41
2025-09-05 14:00:00-04:00,41.66,38.07,0.01,3.58
2025-09-05 15:00:00-04:00,43.63,39.95,0.01,3.67
2025-09-05 16:00:00-04:00,50.16,45.94,-0.0,4.22
2025-09-05 17:00:00-04:00,58.43,53.56,-0.0,4.87
2025-09-05 18:00:00-04:00,64.77,59.7,-0.0,5.07
2025-09-05 19:00:00-04:00,63.24,58.83,-0.0,4.41
2025-09-05 20:00:00-04:00,53.48,50.12,-0.0,3.36
2025-09-05 21:00:00-04:00,45.57,42.67,-0.0,2.9
2025-09-05 22:00:00-04:00,42.78,39.870000000000005,-0.0,2.91
2025-09-05 23:00:00-04:00,39.52,37.05,0.02,2.45
2025-09-06 00:00:00-04:00,41.76,38.79,-0.02,2.99
2025-09-06 01:00:00-04:00,35.21,32.660000000000004,-0.0,2.55
2025-09-06 02:00:00-04:00,32.09,29.910000000000004,-0.0,2.18
2025-09-06 03:00:00-04:00,30.71,28.700000000000003,-0.0,2.01
2025-09-06 04:00:00-04:00,30.27,28.32,-0.0,1.95
2025-09-06 05:00:00-04:00,31.14,29.18,-0.0,1.96
2025-09-06 06:00:00-04:00,36.21,34.230000000000004,-0.0,1.98
2025-09-06 07:00:00-04:00,36.12,34.11,-0.0,2.01
2025-09-06 08:00:00-04:00,38.47,36.09,-0.0,2.38
2025-09-06 09:00:00-04:00,39.0,36.48,-0.0,2.52
2025-09-06 10:00:00-04:00,37.61,34.72,0.11,2.78
2025-09-06 11:00:00-04:00,39.86,36.63,0.19,3.04
2025-09-06 12:00:00-04:00,42.86,39.27,0.1,3.49
2025-09-06 13:00:00-04:00,43.89,39.18,1.03,3.68
2025-09-06 14:00:00-04:00,45.16,40.41,0.91,3.84
2025-09-06 15:00:00-04:00,45.72,41.11,0.79,3.82
2025-09-06 16:00:00-04:00,50.07,44.54,1.12,4.41
2025-09-06 17:00:00-04:00,51.97,47.35,0.07,4.55
2025-09-06 18:00:00-04:00,52.72,48.629999999999995,-0.0,4.09
2025-09-06 19:00:00-04:00,50.38,46.56,-0.0,3.82
2025-09-06 20:00:00-04:00,48.18,44.82,-0.0,3.36
2025-09-06 21:00:00-04:00,42.67,39.690000000000005,-0.0,2.98
2025-09-06 22:00:00-04:00,41.23,38.68,-0.0,2.55
2025-09-06 23:00:00-04:00,38.16,35.83,-0.0,2.33
2025-09-07 00:00:00-04:00,37.35,35.24,-0.0,2.11
2025-09-07 01:00:00-04:00,33.16,31.43,-0.0,1.73
2025-09-07 02:00:00-04:00,30.24,28.77,-0.0,1.47
2025-09-07 03:00:00-04:00,28.36,27.04,-0.0,1.32
2025-09-07 04:00:00-04:00,27.46,26.28,-0.0,1.18
2025-09-07 05:00:00-04:00,28.41,27.16,-0.0,1.25
2025-09-07 06:00:00-04:00,30.14,28.73,-0.0,1.41
2025-09-07 07:00:00-04:00,29.16,27.04,0.63,1.49
2025-09-07 08:00:00-04:00,30.27,28.4,-0.0,1.87
2025-09-07 09:00:00-04:00,31.02,29.02,-0.0,2.0
2025-09-07 10:00:00-04:00,31.23,29.02,-0.0,2.21
2025-09-07 11:00:00-04:00,30.54,28.25,-0.0,2.29
2025-09-07 12:00:00-04:00,29.1,25.43,1.61,2.06
2025-09-07 13:00:00-04:00,28.49,25.31,1.15,2.03
2025-09-07 14:00:00-04:00,28.81,25.02,1.71,2.08
2025-09-07 15:00:00-04:00,29.71,27.33,-0.0,2.38
2025-09-07 16:00:00-04:00,34.02,31.18,0.22,2.62
2025-09-07 17:00:00-04:00,40.75,37.94,-0.0,2.81
2025-09-07 18:00:00-04:00,46.02,43.33,-0.0,2.69
2025-09-07 19:00:00-04:00,48.19,45.64,-0.0,2.55
2025-09-07 20:00:00-04:00,43.63,41.55,-0.0,2.08
2025-09-07 21:00:00-04:00,38.35,36.42,-0.0,1.93
2025-09-07 22:00:00-04:00,33.95,32.36,-0.0,1.59
2025-09-07 23:00:00-04:00,30.36,29.02,-0.0,1.34
2025-09-08 00:00:00-04:00,29.04,27.68,-0.0,1.36
2025-09-08 01:00:00-04:00,26.01,24.87,-0.0,1.14
2025-09-08 02:00:00-04:00,24.06,22.96,-0.0,1.1
2025-09-08 03:00:00-04:00,23.22,22.22,-0.0,1.0
2025-09-08 04:00:00-04:00,24.38,23.47,-0.0,0.91
2025-09-08 05:00:00-04:00,28.84,27.87,-0.0,0.97
2025-09-08 06:00:00-04:00,35.0,33.33,-0.0,1.67
2025-09-08 07:00:00-04:00,39.46,37.23,-0.0,2.23
2025-09-08 08:00:00-04:00,31.86,30.0,-0.0,1.86
2025-09-08 09:00:00-04:00,27.04,25.15,-0.0,1.89
2025-09-08 10:00:00-04:00,25.79,23.79,-0.0,2.0
2025-09-08 11:00:00-04:00,25.71,23.72,-0.0,1.99
2025-09-08 12:00:00-04:00,26.05,23.99,-0.0,2.06
2025-09-08 13:00:00-04:00,26.24,24.23,-0.0,2.01
2025-09-08 14:00:00-04:00,26.3,24.2,-0.0,2.1
2025-09-08 15:00:00-04:00,28.49,26.21,-0.0,2.28
2025-09-08 16:00:00-04:00,34.36,31.67,-0.0,2.69
2025-09-08 17:00:00-04:00,42.07,38.81,-0.0,3.26
2025-09-08 18:00:00-04:00,45.98,43.01,-0.0,2.97
2025-09-08 19:00:00-04:00,50.88,47.95,-0.0,2.93
2025-09-08 20:00:00-04:00,45.19,42.47,-0.0,2.72
2025-09-08 21:00:00-04:00,39.66,37.1,-0.0,2.56
2025-09-08 22:00:00-04:00,34.39,32.32,-0.0,2.07
2025-09-08 23:00:00-04:00,28.64,27.1,-0.0,1.54
2025-09-09 00:00:00-04:00,29.47,28.2,-0.0,1.27
2025-09-09 01:00:00-04:00,28.91,27.72,-0.0,1.19
2025-09-09 02:00:00-04:00,26.9,25.86,-0.0,1.04
2025-09-09 03:00:00-04:00,24.74,23.9,-0.0,0.84
2025-09-09 04:00:00-04:00,24.79,23.93,-0.0,0.86
2025-09-09 05:00:00-04:00,29.45,28.1,-0.0,1.35
2025-09-09 06:00:00-04:00,40.29,38.15,-0.0,2.14
2025-09-09 07:00:00-04:00,41.54,38.97,-0.0,2.57
2025-09-09 08:00:00-04:00,32.66,30.61,0.09,1.96
2025-09-09 09:00:00-04:00,28.32,25.94,0.46,1.92
2025-09-09 10:00:00-04:00,27.62,25.54,0.04,2.04
2025-09-09 11:00:00-04:00,27.3,25.17,0.04,2.09
2025-09-09 12:00:00-04:00,26.92,24.81,-0.0,2.11
2025-09-09 13:00:00-04:00,27.38,25.21,-0.0,2.17
2025-09-09 14:00:00-04:00,28.46,26.02,0.07,2.37
2025-09-09 15:00:00-04:00,31.04,28.2,0.25,2.59
2025-09-09 16:00:00-04:00,36.7,33.46,0.26,2.98
2025-09-09 17:00:00-04:00,43.7,40.69,-0.0,3.01
2025-09-09 18:00:00-04:00,49.45,46.34,-0.0,3.11
2025-09-09 19:00:00-04:00,53.16,49.79,0.23,3.14
2025-09-09 20:00:00-04:00,46.2,43.42,-0.0,2.78
2025-09-09 21:00:00-04:00,39.83,37.78,-0.44,2.49
2025-09-09 22:00:00-04:00,33.18,31.04,-0.0,2.14
2025-09-09 23:00:00-04:00,30.12,28.18,-0.0,1.94
2025-09-10 00:00:00-04:00,29.0,26.83,0.37,1.8
2025-09-10 01:00:00-04:00,28.04,26.42,0.01,1.61
2025-09-10 02:00:00-04:00,25.57,23.75,0.4,1.42
2025-09-10 03:00:00-04:00,25.12,23.61,0.02,1.49
2025-09-10 04:00:00-04:00,25.08,23.71,-0.0,1.37
2025-09-10 05:00:00-04:00,30.04,28.56,-0.0,1.48
2025-09-10 06:00:00-04:00,37.88,35.31,0.14,2.43
2025-09-10 07:00:00-04:00,42.09,39.19,-0.0,2.9
2025-09-10 08:00:00-04:00,37.81,35.17,-0.0,2.64
2025-09-10 09:00:00-04:00,34.77,31.92,0.2,2.65
2025-09-10 10:00:00-04:00,34.74,31.9,-0.0,2.84
2025-09-10 11:00:00-04:00,34.74,31.84,-0.0,2.9
2025-09-10 12:00:00-04:00,34.31,31.33,-0.0,2.98
2025-09-10 13:00:00-04:00,35.02,32.04,-0.0,2.98
2025-09-10 14:00:00-04:00,35.15,32.1,-0.0,3.05
2025-09-10 15:00:00-04:00,35.53,32.45,-0.0,3.08
2025-09-10 16:00:00-04:00,40.91,37.53,-0.0,3.38
2025-09-10 17:00:00-04:00,45.27,42.23,-0.0,3.04
2025-09-10 18:00:00-04:00,50.69,47.6,-0.0,3.09
2025-09-10 19:00:00-04:00,55.68,52.48,0.21,2.99
2025-09-10 20:00:00-04:00,48.23,45.63,-0.0,2.6
2025-09-10 21:00:00-04:00,42.03,39.61,-0.0,2.42
2025-09-10 22:00:00-04:00,36.53,34.4,-0.0,2.13
2025-09-10 23:00:00-04:00,32.98,31.17,-0.0,1.81
2025-09-11 00:00:00-04:00,28.13,26.64,-0.0,1.49
2025-09-11 01:00:00-04:00,26.63,25.46,-0.0,1.17
2025-09-11 02:00:00-04:00,25.4,24.15,-0.0,1.25
2025-09-11 03:00:00-04:00,24.91,23.68,-0.0,1.23
2025-09-11 04:00:00-04:00,25.69,24.58,-0.0,1.11
2025-09-11 05:00:00-04:00,29.37,28.1,-0.0,1.27
2025-09-11 06:00:00-04:00,35.95,33.92,-0.0,2.03
2025-09-11 07:00:00-04:00,40.86,37.79,0.31,2.76
2025-09-11 08:00:00-04:00,35.24,32.29,0.5,2.45
2025-09-11 09:00:00-04:00,31.02,27.6,1.1,2.32
2025-09-11 10:00:00-04:00,30.17,27.48,0.13,2.56
2025-09-11 11:00:00-04:00,29.93,26.98,0.38,2.57
2025-09-11 12:00:00-04:00,30.16,27.13,0.4,2.63
2025-09-11 13:00:00-04:00,34.39,30.65,0.86,2.88
2025-09-11 14:00:00-04:00,36.41,32.58,0.8,3.03
2025-09-11 15:00:00-04:00,39.79,35.54,0.87,3.38
2025-09-11 16:00:00-04:00,45.68,41.05,0.93,3.7
2025-09-11 17:00:00-04:00,51.22,46.86,0.61,3.75
2025-09-11 18:00:00-04:00,54.56,50.43,0.7,3.43
2025-09-11 19:00:00-04:00,57.79,53.49,0.98,3.32
2025-09-11 20:00:00-04:00,47.13,44.29,-0.0,2.84
2025-09-11 21:00:00-04:00,40.82,38.29,-0.0,2.53
2025-09-11 22:00:00-04:00,36.24,33.8,0.04,2.4
2025-09-11 23:00:00-04:00,33.3,31.27,0.06,1.97
2025-09-12 00:00:00-04:00,29.18,27.76,-0.0,1.42
2025-09-12 01:00:00-04:00,27.11,25.87,-0.0,1.24
2025-09-12 02:00:00-04:00,25.38,24.08,-0.0,1.3
2025-09-12 03:00:00-04:00,23.94,22.82,-0.0,1.12
2025-09-12 04:00:00-04:00,23.57,22.45,-0.0,1.12
2025-09-12 05:00:00-04:00,28.42,27.17,-0.0,1.25
2025-09-12 06:00:00-04:00,35.31,33.66,-0.0,1.65
2025-09-12 07:00:00-04:00,36.4,34.54,-0.0,1.86
2025-09-12 08:00:00-04:00,31.77,29.59,0.52,1.66
2025-09-12 09:00:00-04:00,26.61,24.78,0.22,1.61
2025-09-12 10:00:00-04:00,26.74,24.92,-0.0,1.82
2025-09-12 11:00:00-04:00,26.72,24.81,-0.0,1.91
2025-09-12 12:00:00-04:00,27.02,25.11,-0.0,1.91
2025-09-12 13:00:00-04:00,29.69,27.36,0.22,2.11
2025-09-12 14:00:00-04:00,32.2,29.33,0.38,2.49
2025-09-12 15:00:00-04:00,34.75,32.26,-0.22,2.71
2025-09-12 16:00:00-04:00,41.15,37.11,0.74,3.3
2025-09-12 17:00:00-04:00,50.1,45.88,0.83,3.39
2025-09-12 18:00:00-04:00,50.34,46.67,0.45,3.22
2025-09-12 19:00:00-04:00,48.46,45.53,0.11,2.82
2025-09-12 20:00:00-04:00,43.75,40.96,-0.0,2.79
2025-09-12 21:00:00-04:00,36.85,34.57,-0.0,2.28
2025-09-12 22:00:00-04:00,32.75,30.75,-0.0,2.0
2025-09-12 23:00:00-04:00,30.82,29.3,-0.0,1.52
2025-09-13 00:00:00-04:00,29.94,28.3,-0.0,1.64
2025-09-13 01:00:00-04:00,26.81,25.44,-0.0,1.37
2025-09-13 02:00:00-04:00,25.83,24.41,-0.0,1.42
2025-09-13 03:00:00-04:00,24.5,23.16,-0.0,1.34
2025-09-13 04:00:00-04:00,24.54,23.15,-0.0,1.39
2025-09-13 05:00:00-04:00,25.69,24.28,-0.0,1.41
2025-09-13 06:00:00-04:00,28.29,26.92,-0.0,1.37
2025-09-13 07:00:00-04:00,27.78,26.38,-0.0,1.4
2025-09-13 08:00:00-04:00,25.38,23.92,-0.0,1.46
2025-09-13 09:00:00-04:00,24.0,22.47,-0.0,1.53
2025-09-13 10:00:00-04:00,24.79,23.12,-0.0,1.67
2025-09-13 11:00:00-04:00,26.56,24.82,-0.0,1.74
2025-09-13 12:00:00-04:00,27.66,25.65,0.14,1.87
2025-09-13 13:00:00-04:00,29.35,27.15,0.11,2.09
2025-09-13 14:00:00-04:00,31.35,28.83,0.19,2.33
2025-09-13 15:00:00-04:00,33.61,30.93,0.3,2.38
2025-09-13 16:00:00-04:00,39.16,36.18,0.27,2.71
2025-09-13 17:00:00-04:00,44.71,41.79,-0.0,2.92
2025-09-13 18:00:00-04:00,50.6,47.47,-0.0,3.13
2025-09-13 19:00:00-04:00,47.15,44.4,-0.0,2.75
2025-09-13 20:00:00-04:00,43.07,40.33,-0.0,2.74
2025-09-13 21:00:00-04:00,37.46,35.14,-0.0,2.32
2025-09-13 22:00:00-04:00,34.24,32.03,-0.0,2.21
2025-09-13 23:00:00-04:00,30.99,29.04,-0.0,1.95
2025-09-14 00:00:00-04:00,30.78,29.01,-0.0,1.77
2025-09-14 01:00:00-04:00,29.19,27.62,-0.0,1.57
2025-09-14 02:00:00-04:00,27.11,25.7,-0.0,1.41
2025-09-14 03:00:00-04:00,26.57,25.16,-0.0,1.41
2025-09-14 04:00:00-04:00,25.89,24.49,-0.0,1.4
2025-09-14 05:00:00-04:00,26.43,25.12,-0.0,1.31
2025-09-14 06:00:00-04:00,28.48,27.12,-0.0,1.36
2025-09-14 07:00:00-04:00,27.3,25.9,-0.0,1.4
2025-09-14 08:00:00-04:00,25.81,24.37,-0.0,1.44
2025-09-14 09:00:00-04:00,24.38,22.76,-0.0,1.62
2025-09-14 10:00:00-04:00,26.32,24.55,-0.0,1.77
2025-09-14 11:00:00-04:00,28.0,26.14,-0.0,1.86
2025-09-14 12:00:00-04:00,29.66,27.62,-0.0,2.04
2025-09-14 13:00:00-04:00,32.17,29.76,-0.0,2.41
2025-09-14 14:00:00-04:00,31.54,29.15,-0.0,2.39
2025-09-14 15:00:00-04:00,34.36,31.7,-0.0,2.66
2025-09-14 16:00:00-04:00,43.14,39.44,0.15,3.55
2025-09-14 17:00:00-04:00,51.97,48.08,-0.0,3.89
2025-09-14 18:00:00-04:00,59.0,54.83,-0.0,4.17
2025-09-14 19:00:00-04:00,57.95,53.86,-0.0,4.09
2025-09-14 20:00:00-04:00,48.2,44.75,-0.0,3.45
2025-09-14 21:00:00-04:00,43.34,40.05,-0.0,3.29
2025-09-14 22:00:00-04:00,37.81,35.04,-0.0,2.77
2025-09-14 23:00:00-04:00,32.73,30.56,-0.0,2.17
2025-09-15 00:00:00-04:00,33.26,30.94,-0.0,2.32
2025-09-15 01:00:00-04:00,30.77,28.92,-0.0,1.85
2025-09-15 02:00:00-04:00,29.18,27.63,-0.0,1.55
2025-09-15 03:00:00-04:00,28.33,27.01,-0.0,1.32
2025-09-15 04:00:00-04:00,29.11,27.65,-0.0,1.46
2025-09-15 05:00:00-04:00,29.64,28.12,-0.0,1.52
2025-09-15 06:00:00-04:00,38.62,36.36,-0.0,2.26
2025-09-15 07:00:00-04:00,43.19,40.82,0.09,2.28
2025-09-15 08:00:00-04:00,41.27,38.42,0.58,2.27
2025-09-15 09:00:00-04:00,36.62,33.79,0.6,2.23
2025-09-15 10:00:00-04:00,35.8,33.53,-0.25,2.52
2025-09-15 11:00:00-04:00,38.41,35.25,0.27,2.89
2025-09-15 12:00:00-04:00,39.52,35.92,0.55,3.05
2025-09-15 13:00:00-04:00,42.5,38.57,0.69,3.24
2025-09-15 14:00:00-04:00,45.32,41.02,0.9,3.4
2025-09-15 15:00:00-04:00,49.25,44.54,1.1,3.61
2025-09-15 16:00:00-04:00,56.33,51.38,1.05,3.9
2025-09-15 17:00:00-04:00,68.86,63.1,1.16,4.6
2025-09-15 18:00:00-04:00,71.78,66.26,1.21,4.31
2025-09-15 19:00:00-04:00,63.52,59.37,0.53,3.62
2025-09-15 20:00:00-04:00,54.01,50.6,0.02,3.39
2025-09-15 21:00:00-04:00,45.86,42.94,-0.0,2.92
2025-09-15 22:00:00-04:00,39.8,37.06,-0.0,2.74
2025-09-15 23:00:00-04:00,35.59,33.54,-0.0,2.05
2025-09-16 00:00:00-04:00,30.9,29.04,-0.0,1.86
2025-09-16 01:00:00-04:00,29.91,28.19,-0.0,1.72
2025-09-16 02:00:00-04:00,27.07,25.66,-0.0,1.41
2025-09-16 03:00:00-04:00,25.53,24.18,-0.0,1.35
2025-09-16 04:00:00-04:00,25.68,24.32,-0.0,1.36
2025-09-16 05:00:00-04:00,30.16,28.56,-0.0,1.6
2025-09-16 06:00:00-04:00,40.27,37.62,0.43,2.22
2025-09-16 07:00:00-04:00,41.2,38.69,0.27,2.24
2025-09-16 08:00:00-04:00,38.47,35.64,0.58,2.25
2025-09-16 09:00:00-04:00,34.74,32.46,0.01,2.27
2025-09-16 10:00:00-04:00,35.01,33.34,-0.9,2.57
2025-09-16 11:00:00-04:00,35.2,33.38,-0.79,2.61
2025-09-16 12:00:00-04:00,38.83,34.17,1.86,2.8
2025-09-16 13:00:00-04:00,38.34,34.9,0.58,2.86
2025-09-16 14:00:00-04:00,39.34,35.81,0.49,3.04
2025-09-16 15:00:00-04:00,40.39,36.53,0.86,3.0
2025-09-16 16:00:00-04:00,44.71,40.99,0.77,2.95
2025-09-16 17:00:00-04:00,54.68,49.3,2.22,3.16
2025-09-16 18:00:00-04:00,60.54,55.45,1.99,3.1
2025-09-16 19:00:00-04:00,61.3,56.21,2.22,2.87
2025-09-16 20:00:00-04:00,48.31,43.38,2.28,2.65
2025-09-16 21:00:00-04:00,41.13,38.45,0.3,2.38
2025-09-16 22:00:00-04:00,36.35,33.81,0.37,2.17
2025-09-16 23:00:00-04:00,33.68,31.65,0.26,1.77
2025-09-17 00:00:00-04:00,35.91,33.63,0.43,1.85
2025-09-17 01:00:00-04:00,31.56,29.8,0.18,1.58
2025-09-17 02:00:00-04:00,31.34,29.74,0.17,1.43
2025-09-17 03:00:00-04:00,29.73,28.42,-0.0,1.31
2025-09-17 04:00:00-04:00,30.09,29.1,-0.47,1.46
2025-09-17 05:00:00-04:00,32.63,31.3,-0.2,1.53
2025-09-17 06:00:00-04:00,42.67,40.16,-0.02,2.53
2025-09-17 07:00:00-04:00,47.29,44.07,0.22,3.0
2025-09-17 08:00:00-04:00,44.8,41.27,0.31,3.22
2025-09-17 09:00:00-04:00,42.2,37.79,1.24,3.17
2025-09-17 10:00:00-04:00,40.28,36.77,0.27,3.24
2025-09-17 11:00:00-04:00,40.59,36.82,0.34,3.43
2025-09-17 12:00:00-04:00,42.59,38.61,0.54,3.44
2025-09-17 13:00:00-04:00,43.5,39.79,0.41,3.3
2025-09-17 14:00:00-04:00,44.89,41.08,0.44,3.37
2025-09-17 15:00:00-04:00,48.1,44.32,0.37,3.41
2025-09-17 16:00:00-04:00,51.7,48.04,0.1,3.56
2025-09-17 17:00:00-04:00,56.53,53.7,-0.61,3.44
2025-09-17 18:00:00-04:00,63.44,60.47,-0.41,3.38
2025-09-17 19:00:00-04:00,60.74,58.36,-0.83,3.21
2025-09-17 20:00:00-04:00,51.24,49.18,-0.59,2.65
2025-09-17 21:00:00-04:00,46.13,43.45,0.12,2.56
2025-09-17 22:00:00-04:00,40.82,38.32,0.05,2.45
2025-09-17 23:00:00-04:00,36.62,34.75,-0.08,1.95
2025-09-18 00:00:00-04:00,34.74,32.65,0.23,1.86
2025-09-18 01:00:00-04:00,32.57,30.84,0.13,1.6
2025-09-18 02:00:00-04:00,30.32,29.07,-0.0,1.25
2025-09-18 03:00:00-04:00,28.98,27.76,-0.0,1.22
2025-09-18 04:00:00-04:00,29.84,28.98,-0.45,1.31
2025-09-18 05:00:00-04:00,32.59,31.33,-0.27,1.53
2025-09-18 06:00:00-04:00,41.76,39.42,-0.14,2.48
2025-09-18 07:00:00-04:00,47.28,44.58,-0.29,2.99
2025-09-18 08:00:00-04:00,46.33,42.84,0.4,3.09
2025-09-18 09:00:00-04:00,44.1,40.05,0.84,3.21
2025-09-18 10:00:00-04:00,41.47,38.0,0.13,3.34
2025-09-18 11:00:00-04:00,41.27,37.43,0.21,3.63
2025-09-18 12:00:00-04:00,44.22,40.36,0.27,3.59
2025-09-18 13:00:00-04:00,46.33,42.02,0.57,3.74
2025-09-18 14:00:00-04:00,48.45,43.83,0.67,3.95
2025-09-18 15:00:00-04:00,51.21,45.74,1.53,3.94
2025-09-18 16:00:00-04:00,53.34,48.29,0.95,4.1
2025-09-18 17:00:00-04:00,75.95,69.86,1.27,4.82
2025-09-18 18:00:00-04:00,74.82,69.62,1.02,4.18
2025-09-18 19:00:00-04:00,75.9,70.79,1.22,3.89
2025-09-18 20:00:00-04:00,60.84,57.5,0.35,2.99
2025-09-18 21:00:00-04:00,50.75,47.97,0.57,2.21
2025-09-18 22:00:00-04:00,45.68,43.37,0.19,2.12
2025-09-18 23:00:00-04:00,42.29,40.42,0.01,1.86
2025-09-19 00:00:00-04:00,35.73,34.42,-0.44,1.75
2025-09-19 01:00:00-04:00,33.42,32.51,-0.42,1.33
2025-09-19 02:00:00-04:00,31.11,30.54,-0.53,1.1
2025-09-19 03:00:00-04:00,29.4,29.2,-0.67,0.87
2025-09-19 04:00:00-04:00,29.15,28.98,-0.64,0.81
2025-09-19 05:00:00-04:00,32.8,32.26,-0.59,1.13
2025-09-19 06:00:00-04:00,39.64,38.35,-0.63,1.92
2025-09-19 07:00:00-04:00,44.87,43.58,-0.85,2.14
2025-09-19 08:00:00-04:00,42.65,40.31,-0.0,2.34
2025-09-19 09:00:00-04:00,40.95,37.96,0.33,2.66
2025-09-19 10:00:00-04:00,39.85,36.5,0.65,2.7
2025-09-19 11:00:00-04:00,40.8,37.16,0.71,2.93
2025-09-19 12:00:00-04:00,42.54,38.56,0.93,3.05
2025-09-19 13:00:00-04:00,43.62,39.43,1.04,3.15
2025-09-19 14:00:00-04:00,46.36,41.48,1.31,3.57
2025-09-19 15:00:00-04:00,48.25,43.12,1.42,3.71
2025-09-19 16:00:00-04:00,53.82,48.72,1.2,3.9
2025-09-19 17:00:00-04:00,69.79,63.47,1.62,4.7
2025-09-19 18:00:00-04:00,66.17,61.23,0.9,4.04
2025-09-19 19:00:00-04:00,59.8,56.13,0.36,3.31
2025-09-19 20:00:00-04:00,49.83,47.57,-0.36,2.62
2025-09-19 21:00:00-04:00,45.15,42.91,-0.08,2.32
2025-09-19 22:00:00-04:00,41.81,39.71,-0.36,2.46
2025-09-19 23:00:00-04:00,37.18,35.67,-0.45,1.96
2025-09-20 00:00:00-04:00,35.45,33.73,-0.0,1.72
2025-09-20 01:00:00-04:00,31.0,29.55,-0.0,1.45
2025-09-20 02:00:00-04:00,28.46,27.29,-0.0,1.17
2025-09-20 03:00:00-04:00,28.95,28.46,-0.85,1.34
2025-09-20 04:00:00-04:00,28.33,27.88,-0.78,1.23
2025-09-20 05:00:00-04:00,29.37,29.02,-0.81,1.16
2025-09-20 06:00:00-04:00,32.26,31.69,-0.76,1.33
2025-09-20 07:00:00-04:00,27.83,27.29,-0.8,1.34
2025-09-20 08:00:00-04:00,28.23,27.36,-0.55,1.42
2025-09-20 09:00:00-04:00,23.71,22.75,-0.36,1.32
2025-09-20 10:00:00-04:00,22.98,21.85,-0.31,1.44
2025-09-20 11:00:00-04:00,23.84,22.56,-0.25,1.53
2025-09-20 12:00:00-04:00,24.05,22.53,-0.03,1.55
2025-09-20 13:00:00-04:00,25.44,23.71,0.1,1.63
2025-09-20 14:00:00-04:00,25.76,24.13,-0.01,1.64
2025-09-20 15:00:00-04:00,29.56,27.79,-0.01,1.78
2025-09-20 16:00:00-04:00,34.68,32.27,0.22,2.19
2025-09-20 17:00:00-04:00,42.1,40.41,-0.78,2.47
2025-09-20 18:00:00-04:00,47.0,45.81,-1.01,2.2
2025-09-20 19:00:00-04:00,46.66,45.51,-0.99,2.14
2025-09-20 20:00:00-04:00,41.2,39.96,-0.76,2.0
2025-09-20 21:00:00-04:00,34.74,33.66,-0.54,1.62
2025-09-20 22:00:00-04:00,32.68,31.71,-0.52,1.49
2025-09-20 23:00:00-04:00,28.41,27.8,-0.7,1.31
2025-09-21 00:00:00-04:00,29.62,28.64,-0.31,1.29
2025-09-21 01:00:00-04:00,27.16,26.28,-0.28,1.16
2025-09-21 02:00:00-04:00,24.75,23.96,-0.24,1.03
2025-09-21 03:00:00-04:00,23.47,22.75,-0.23,0.95
2025-09-21 04:00:00-04:00,23.11,22.43,-0.24,0.92
2025-09-21 05:00:00-04:00,23.57,22.91,-0.23,0.89
2025-09-21 06:00:00-04:00,26.5,25.84,-0.32,0.98
2025-09-21 07:00:00-04:00,26.09,25.32,-0.27,1.04
2025-09-21 08:00:00-04:00,24.81,23.95,-0.22,1.08
2025-09-21 09:00:00-04:00,20.79,19.95,-0.16,1.0
2025-09-21 10:00:00-04:00,20.11,19.32,-0.21,1.0
2025-09-21 11:00:00-04:00,20.65,19.84,-0.18,0.99
2025-09-21 12:00:00-04:00,21.17,20.36,-0.27,1.08
2025-09-21 13:00:00-04:00,22.92,22.1,-0.28,1.1
2025-09-21 14:00:00-04:00,23.14,22.12,-0.13,1.15
2025-09-21 15:00:00-04:00,27.09,26.04,-0.25,1.3
2025-09-21 16:00:00-04:00,31.94,30.77,-0.4,1.57
2025-09-21 17:00:00-04:00,42.71,41.52,-0.88,2.07
2025-09-21 18:00:00-04:00,49.88,48.87,-1.19,2.2
2025-09-21 19:00:00-04:00,45.7,44.83,-1.01,1.88
2025-09-21 20:00:00-04:00,43.55,42.23,-0.92,2.24
2025-09-21 21:00:00-04:00,34.9,33.67,-0.52,1.75
2025-09-21 22:00:00-04:00,30.05,28.91,-0.31,1.45
2025-09-21 23:00:00-04:00,27.14,26.01,-0.17,1.3
2025-09-22 00:00:00-04:00,28.31,27.34,-0.31,1.28
2025-09-22 01:00:00-04:00,26.45,25.72,-0.38,1.11
2025-09-22 02:00:00-04:00,24.65,23.93,-0.29,1.01
2025-09-22 03:00:00-04:00,23.53,22.95,-0.36,0.94
2025-09-22 04:00:00-04:00,24.17,23.61,-0.34,0.9
2025-09-22 05:00:00-04:00,25.47,24.86,-0.39,1.0
2025-09-22 06:00:00-04:00,33.39,32.04,-0.48,1.83
2025-09-22 07:00:00-04:00,36.84,35.32,-0.53,2.05
2025-09-22 08:00:00-04:00,32.47,30.87,-0.4,2.0
2025-09-22 09:00:00-04:00,27.85,26.32,-0.23,1.76
2025-09-22 10:00:00-04:00,27.32,25.75,-0.18,1.75
2025-09-22 11:00:00-04:00,27.7,26.17,-0.2,1.73
2025-09-22 12:00:00-04:00,29.38,27.64,-0.11,1.85
2025-09-22 13:00:00-04:00,33.66,32.28,-0.33,1.71
2025-09-22 14:00:00-04:00,36.5,34.66,0.11,1.73
2025-09-22 15:00:00-04:00,37.86,36.23,-0.18,1.81
2025-09-22 16:00:00-04:00,46.34,44.61,-0.45,2.18
2025-09-22 17:00:00-04:00,60.32,58.86,-1.01,2.47
2025-09-22 18:00:00-04:00,62.13,60.6,-1.13,2.66
2025-09-22 19:00:00-04:00,58.28,57.39,-1.12,2.01
2025-09-22 20:00:00-04:00,50.17,49.08,-0.88,1.97
2025-09-22 21:00:00-04:00,39.8,38.82,-0.73,1.71
2025-09-22 22:00:00-04:00,36.1,35.18,-0.59,1.51
2025-09-22 23:00:00-04:00,32.08,31.14,-0.4,1.34
2025-09-23 00:00:00-04:00,34.92,34.2,-0.61,1.33
2025-09-23 01:00:00-04:00,31.14,30.54,-0.53,1.13
2025-09-23 02:00:00-04:00,30.86,30.45,-0.59,1.0
2025-09-23 03:00:00-04:00,29.9,29.48,-0.58,1.0
2025-09-23 04:00:00-04:00,30.44,30.02,-0.57,0.99
2025-09-23 05:00:00-04:00,34.53,33.93,-0.59,1.19
2025-09-23 06:00:00-04:00,45.67,44.78,-0.95,1.84
2025-09-23 07:00:00-04:00,50.76,49.39,-0.95,2.32
2025-09-23 08:00:00-04:00,47.17,45.63,-0.83,2.37
2025-09-23 09:00:00-04:00,41.43,39.06,-0.05,2.42
2025-09-23 10:00:00-04:00,41.96,39.24,0.13,2.59
2025-09-23 11:00:00-04:00,42.21,39.21,0.18,2.82
2025-09-23 12:00:00-04:00,46.71,42.89,0.52,3.3
2025-09-23 13:00:00-04:00,51.89,47.44,0.85,3.6
2025-09-23 14:00:00-04:00,56.88,52.1,0.67,4.11
2025-09-23 15:00:00-04:00,63.87,58.11,1.11,4.65
2025-09-23 16:00:00-04:00,78.21,70.47,1.82,5.92
2025-09-23 17:00:00-04:00,89.15,82.57,-0.19,6.77
2025-09-23 18:00:00-04:00,74.6,69.28,-0.01,5.33
2025-09-23 19:00:00-04:00,70.25,66.16,-0.68,4.77
2025-09-23 20:00:00-04:00,59.5,56.98,-1.18,3.7
2025-09-23 21:00:00-04:00,49.17,47.66,-1.01,2.52
2025-09-23 22:00:00-04:00,44.0,42.61,-0.78,2.17
2025-09-23 23:00:00-04:00,40.1,38.79,-0.63,1.94
2025-09-24 00:00:00-04:00,41.4,40.23,-0.76,1.93
2025-09-24 01:00:00-04:00,36.62,35.57,-0.66,1.71
2025-09-24 02:00:00-04:00,33.99,33.29,-0.83,1.53
2025-09-24 03:00:00-04:00,32.72,31.61,-0.03,1.14
2025-09-24 04:00:00-04:00,32.86,31.76,-0.04,1.14
2025-09-24 05:00:00-04:00,34.56,33.51,-0.09,1.14
2025-09-24 06:00:00-04:00,45.35,44.22,-0.42,1.55
2025-09-24 07:00:00-04:00,50.36,49.21,-0.52,1.67
2025-09-24 08:00:00-04:00,50.97,49.59,-0.55,1.93
2025-09-24 09:00:00-04:00,51.21,48.93,0.42,1.86
2025-09-24 10:00:00-04:00,51.6,48.99,0.5,2.11
2025-09-24 11:00:00-04:00,51.55,49.21,0.12,2.22
2025-09-24 12:00:00-04:00,55.0,52.07,0.38,2.55
2025-09-24 13:00:00-04:00,55.1,52.23,0.36,2.51
2025-09-24 14:00:00-04:00,59.64,56.22,0.55,2.87
2025-09-24 15:00:00-04:00,69.49,64.8,1.06,3.63
2025-09-24 16:00:00-04:00,74.06,69.82,0.82,3.42
2025-09-24 17:00:00-04:00,83.1,79.05,-0.22,4.27
2025-09-24 18:00:00-04:00,72.95,69.82,0.27,2.86
2025-09-24 19:00:00-04:00,68.07,65.98,-0.35,2.44
2025-09-24 20:00:00-04:00,54.29,52.85,-0.41,1.85
2025-09-24 21:00:00-04:00,48.0,46.12,0.22,1.66
2025-09-24 22:00:00-04:00,43.59,41.63,0.17,1.79
2025-09-24 23:00:00-04:00,39.56,37.99,0.13,1.44
2025-09-25 00:00:00-04:00,37.31,35.96,-0.41,1.76
2025-09-25 01:00:00-04:00,33.23,32.3,-0.36,1.29
2025-09-25 02:00:00-04:00,31.84,31.03,-0.37,1.18
2025-09-25 03:00:00-04:00,30.38,29.59,-0.31,1.1
2025-09-25 04:00:00-04:00,30.96,30.2,-0.33,1.09
2025-09-25 05:00:00-04:00,32.74,31.79,-0.35,1.3
2025-09-25 06:00:00-04:00,41.36,40.38,-0.75,1.73
2025-09-25 07:00:00-04:00,45.59,44.3,-0.61,1.9
2025-09-25 08:00:00-04:00,47.08,45.51,-0.16,1.73
2025-09-25 09:00:00-04:00,47.38,45.24,-0.03,2.17
2025-09-25 10:00:00-04:00,49.01,46.94,0.01,2.06
2025-09-25 11:00:00-04:00,50.33,48.35,-0.14,2.12
2025-09-25 12:00:00-04:00,50.81,48.7,0.06,2.05
2025-09-25 13:00:00-04:00,54.92,52.88,-0.23,2.27
2025-09-25 14:00:00-04:00,55.87,52.99,0.76,2.12
2025-09-25 15:00:00-04:00,58.75,55.43,0.77,2.55
2025-09-25 16:00:00-04:00,61.49,58.14,0.44,2.91
2025-09-25 17:00:00-04:00,68.2,64.48,0.5,3.22
2025-09-25 18:00:00-04:00,60.61,58.4,-0.48,2.69
2025-09-25 19:00:00-04:00,60.0,57.84,-0.27,2.43
2025-09-25 20:00:00-04:00,50.27,48.92,-0.56,1.91
2025-09-25 21:00:00-04:00,45.28,44.0,-0.61,1.89
2025-09-25 22:00:00-04:00,42.07,39.81,0.11,2.15
2025-09-25 23:00:00-04:00,37.5,35.65,-0.0,1.85
2025-09-26 00:00:00-04:00,44.83,42.14,0.5,2.19
2025-09-26 01:00:00-04:00,38.91,36.85,0.14,1.92
2025-09-26 02:00:00-04:00,35.0,33.5,-0.17,1.67
2025-09-26 03:00:00-04:00,33.5,31.82,0.18,1.5
2025-09-26 04:00:00-04:00,34.77,33.14,0.24,1.39
2025-09-26 05:00:00-04:00,37.23,35.31,0.4,1.52
2025-09-26 06:00:00-04:00,46.37,44.13,0.61,1.63
2025-09-26 07:00:00-04:00,50.12,47.85,0.26,2.01
2025-09-26 08:00:00-04:00,52.08,48.98,1.04,2.06
2025-09-26 09:00:00-04:00,49.42,45.94,1.18,2.3
2025-09-26 10:00:00-04:00,46.98,43.42,1.0,2.56
2025-09-26 11:00:00-04:00,47.44,42.57,2.1,2.77
2025-09-26 12:00:00-04:00,48.14,41.72,3.63,2.79
2025-09-26 13:00:00-04:00,48.07,44.21,0.9,2.96
2025-09-26 14:00:00-04:00,52.01,45.38,3.54,3.09
2025-09-26 15:00:00-04:00,53.64,46.96,3.39,3.29
2025-09-26 16:00:00-04:00,59.69,53.51,2.59,3.59
2025-09-26 17:00:00-04:00,69.69,64.67,1.08,3.94
2025-09-26 18:00:00-04:00,70.67,65.29,1.59,3.79
2025-09-26 19:00:00-04:00,62.15,57.64,1.46,3.05
2025-09-26 20:00:00-04:00,50.89,48.65,0.15,2.09
2025-09-26 21:00:00-04:00,48.04,45.39,0.34,2.31
2025-09-26 22:00:00-04:00,47.57,44.33,0.94,2.3
2025-09-26 23:00:00-04:00,44.07,41.56,0.81,1.7
2025-09-27 00:00:00-04:00,41.85,38.84,0.88,2.13
2025-09-27 01:00:00-04:00,36.64,34.26,0.5,1.88
2025-09-27 02:00:00-04:00,35.0,33.03,0.42,1.55
2025-09-27 03:00:00-04:00,30.58,29.16,0.11,1.31
2025-09-27 04:00:00-04:00,32.09,30.51,0.24,1.34
2025-09-27 05:00:00-04:00,33.98,32.43,0.32,1.23
2025-09-27 06:00:00-04:00,35.62,33.94,0.36,1.32
2025-09-27 07:00:00-04:00,39.16,37.11,0.49,1.56
2025-09-27 08:00:00-04:00,40.3,37.41,1.25,1.64
2025-09-27 09:00:00-04:00,39.58,35.91,1.8,1.87
2025-09-27 10:00:00-04:00,38.51,35.37,1.16,1.98
2025-09-27 11:00:00-04:00,39.87,36.28,1.41,2.18
2025-09-27 12:00:00-04:00,41.36,37.84,1.36,2.16
2025-09-27 13:00:00-04:00,41.85,38.61,1.16,2.08
2025-09-27 14:00:00-04:00,42.92,39.59,0.83,2.5
2025-09-27 15:00:00-04:00,45.46,42.2,0.98,2.28
2025-09-27 16:00:00-04:00,50.67,47.58,1.24,1.85
2025-09-27 17:00:00-04:00,59.75,57.07,0.46,2.22
2025-09-27 18:00:00-04:00,59.42,57.07,0.41,1.94
2025-09-27 19:00:00-04:00,56.47,54.21,0.58,1.68
2025-09-27 20:00:00-04:00,51.05,48.67,0.78,1.6
2025-09-27 21:00:00-04:00,47.34,44.6,1.0,1.74
2025-09-27 22:00:00-04:00,43.11,40.61,0.55,1.95
2025-09-27 23:00:00-04:00,39.35,37.37,-0.0,1.98
2025-09-28 00:00:00-04:00,36.1,34.02,-0.0,2.08
2025-09-28 01:00:00-04:00,31.86,30.14,-0.0,1.72
2025-09-28 02:00:00-04:00,28.35,26.82,-0.0,1.53
2025-09-28 03:00:00-04:00,28.04,26.48,-0.0,1.56
2025-09-28 04:00:00-04:00,27.62,26.13,-0.0,1.49
2025-09-28 05:00:00-04:00,28.69,27.2,-0.0,1.49
2025-09-28 06:00:00-04:00,30.58,29.18,-0.0,1.4
2025-09-28 07:00:00-04:00,30.61,29.1,-0.0,1.51
2025-09-28 08:00:00-04:00,29.79,28.32,-0.0,1.47
2025-09-28 09:00:00-04:00,31.09,29.36,-0.0,1.73
2025-09-28 10:00:00-04:00,31.4,29.51,-0.0,1.89
2025-09-28 11:00:00-04:00,33.52,31.3,0.15,2.07
2025-09-28 12:00:00-04:00,36.15,33.47,0.37,2.31
2025-09-28 13:00:00-04:00,38.39,35.38,0.5,2.51
2025-09-28 14:00:00-04:00,40.1,37.12,0.57,2.41
2025-09-28 15:00:00-04:00,45.35,42.12,0.83,2.4
2025-09-28 16:00:00-04:00,50.18,47.08,0.98,2.12
2025-09-28 17:00:00-04:00,61.59,59.97,-0.54,2.16
2025-09-28 18:00:00-04:00,66.97,65.12,-0.49,2.34
2025-09-28 19:00:00-04:00,66.61,65.05,-0.58,2.14
2025-09-28 20:00:00-04:00,52.47,51.54,-0.36,1.29
2025-09-28 21:00:00-04:00,47.95,46.73,-0.23,1.45
2025-09-28 22:00:00-04:00,42.1,39.94,0.52,1.64
2025-09-28 23:00:00-04:00,37.62,35.84,0.17,1.61
2025-09-29 00:00:00-04:00,37.41,34.99,0.39,2.03
2025-09-29 01:00:00-04:00,32.88,31.16,0.13,1.59
2025-09-29 02:00:00-04:00,30.22,28.84,-0.0,1.38
2025-09-29 03:00:00-04:00,28.01,26.83,-0.0,1.18
2025-09-29 04:00:00-04:00,28.87,27.68,-0.0,1.19
2025-09-29 05:00:00-04:00,33.01,31.56,0.12,1.33
2025-09-29 06:00:00-04:00,42.61,40.09,0.71,1.81
2025-09-29 07:00:00-04:00,43.78,40.01,0.97,2.8
2025-09-29 08:00:00-04:00,42.2,37.66,1.49,3.05
2025-09-29 09:00:00-04:00,36.61,32.22,1.52,2.87
2025-09-29 10:00:00-04:00,36.79,33.07,0.54,3.18
2025-09-29 11:00:00-04:00,41.2,33.91,4.1,3.19
2025-09-29 12:00:00-04:00,41.1,35.31,2.4,3.39
2025-09-29 13:00:00-04:00,42.63,37.5,1.45,3.68
2025-09-29 14:00:00-04:00,45.45,39.02,2.65,3.78
2025-09-29 15:00:00-04:00,49.13,43.89,1.64,3.6
2025-09-29 16:00:00-04:00,55.0,48.31,3.5,3.19
2025-09-29 17:00:00-04:00,73.1,66.28,2.78,4.04
2025-09-29 18:00:00-04:00,73.27,68.49,1.02,3.76
2025-09-29 19:00:00-04:00,70.04,65.89,1.98,2.17
2025-09-29 20:00:00-04:00,55.59,51.76,2.28,1.55
2025-09-29 21:00:00-04:00,48.21,45.78,0.74,1.69
2025-09-29 22:00:00-04:00,44.27,41.07,1.31,1.89
2025-09-29 23:00:00-04:00,39.82,37.46,0.64,1.72
2025-09-30 00:00:00-04:00,34.82,32.88,0.2,1.74
2025-09-30 01:00:00-04:00,32.11,30.75,0.04,1.32
2025-09-30 02:00:00-04:00,29.66,28.46,-0.0,1.2
2025-09-30 03:00:00-04:00,28.72,27.59,-0.0,1.13
2025-09-30 04:00:00-04:00,29.43,28.35,-0.0,1.08
2025-09-30 05:00:00-04:00,31.54,30.45,-0.0,1.09
2025-09-30 06:00:00-04:00,43.6,41.72,0.3,1.58
2025-09-30 07:00:00-04:00,46.14,44.0,0.29,1.85
2025-09-30 08:00:00-04:00,41.59,39.51,0.1,1.98
2025-09-30 09:00:00-04:00,34.84,31.95,0.65,2.24
2025-09-30 10:00:00-04:00,35.53,32.44,0.56,2.53
2025-09-30 11:00:00-04:00,37.13,33.61,0.87,2.65
2025-09-30 12:00:00-04:00,41.15,37.02,1.24,2.89
2025-09-30 13:00:00-04:00,43.78,38.44,2.26,3.08
2025-09-30 14:00:00-04:00,45.11,39.64,2.1,3.37
2025-09-30 15:00:00-04:00,46.51,41.15,2.36,3.0
2025-09-30 16:00:00-04:00,56.0,47.79,4.87,3.34
2025-09-30 17:00:00-04:00,71.96,64.03,4.15,3.78
2025-09-30 18:00:00-04:00,74.02,66.32,4.19,3.51
2025-09-30 19:00:00-04:00,66.5,60.3,3.31,2.89
2025-09-30 20:00:00-04:00,53.8,48.51,3.06,2.23
2025-09-30 21:00:00-04:00,42.58,39.59,0.61,2.38
2025-09-30 22:00:00-04:00,37.78,34.98,0.63,2.17
2025-09-30 23:00:00-04:00,33.59,31.69,0.09,1.81
2025-10-01 00:00:00-04:00,30.69,29.15,-0.0,1.54
2025-10-01 01:00:00-04:00,28.19,26.92,-0.0,1.27
2025-10-01 02:00:00-04:00,26.15,25.1,-0.0,1.05
2025-10-01 03:00:00-04:00,25.75,24.81,-0.0,0.94
2025-10-01 04:00:00-04:00,27.06,25.99,-0.0,1.07
2025-10-01 05:00:00-04:00,31.35,30.26,-0.0,1.09
2025-10-01 06:00:00-04:00,41.51,39.99,-0.0,1.52
2025-10-01 07:00:00-04:00,44.76,43.08,-0.0,1.68
2025-10-01 08:00:00-04:00,38.78,36.31,0.69,1.78
2025-10-01 09:00:00-04:00,31.79,29.91,0.24,1.64
2025-10-01 10:00:00-04:00,28.34,26.63,-0.0,1.71
2025-10-01 11:00:00-04:00,27.68,25.89,0.11,1.68
2025-10-01 12:00:00-04:00,27.39,25.39,0.27,1.73
2025-10-01 13:00:00-04:00,29.33,26.79,0.5,2.04
2025-10-01 14:00:00-04:00,28.44,26.11,0.27,2.06
2025-10-01 15:00:00-04:00,31.91,29.3,0.35,2.26
2025-10-01 16:00:00-04:00,38.26,35.22,0.57,2.47
2025-10-01 17:00:00-04:00,45.77,43.43,-0.0,2.34
2025-10-01 18:00:00-04:00,51.15,49.42,-0.0,1.73
2025-10-01 19:00:00-04:00,51.27,49.68,-0.0,1.59
2025-10-01 20:00:00-04:00,44.01,42.05,0.02,1.94
2025-10-01 21:00:00-04:00,38.0,36.19,-0.0,1.81
2025-10-01 22:00:00-04:00,33.98,32.16,0.28,1.54
2025-10-01 23:00:00-04:00,30.76,29.46,-0.0,1.3
2025-10-02 00:00:00-04:00,29.77,28.6,-0.0,1.17
2025-10-02 01:00:00-04:00,27.51,26.48,-0.0,1.03
2025-10-02 02:00:00-04:00,26.41,25.52,-0.0,0.89
2025-10-02 03:00:00-04:00,26.04,25.18,-0.0,0.86
2025-10-02 04:00:00-04:00,27.26,26.44,-0.0,0.82
2025-10-02 05:00:00-04:00,31.23,30.47,-0.0,0.76
2025-10-02 06:00:00-04:00,44.39,43.44,-0.0,0.95
2025-10-02 07:00:00-04:00,48.38,47.38,-0.0,1.0
2025-10-02 08:00:00-04:00,40.06,38.67,-0.0,1.39
2025-10-02 09:00:00-04:00,31.15,29.84,-0.0,1.31
2025-10-02 10:00:00-04:00,29.25,27.86,-0.0,1.39
2025-10-02 11:00:00-04:00,27.44,26.11,-0.0,1.33
2025-10-02 12:00:00-04:00,27.13,25.74,-0.0,1.39
2025-10-02 13:00:00-04:00,28.54,26.95,-0.0,1.59
2025-10-02 14:00:00-04:00,29.03,27.31,-0.0,1.72
2025-10-02 15:00:00-04:00,30.15,28.31,-0.0,1.84
2025-10-02 16:00:00-04:00,35.81,33.85,-0.0,1.96
2025-10-02 17:00:00-04:00,47.15,45.03,-0.0,2.12
2025-10-02 18:00:00-04:00,58.65,56.34,-0.0,2.31
2025-10-02 19:00:00-04:00,57.8,55.74,-0.0,2.06
2025-10-02 20:00:00-04:00,46.15,44.33,-0.0,1.82
2025-10-02 21:00:00-04:00,40.37,38.56,-0.0,1.81
2025-10-02 22:00:00-04:00,34.1,32.51,-0.0,1.59
2025-10-02 23:00:00-04:00,31.98,30.63,-0.0,1.35
2025-10-03 00:00:00-04:00,30.49,29.15,-0.0,1.34
2025-10-03 01:00:00-04:00,28.27,27.05,-0.0,1.22
2025-10-03 02:00:00-04:00,26.93,25.89,-0.0,1.04
2025-10-03 03:00:00-04:00,27.03,25.89,-0.0,1.14
2025-10-03 04:00:00-04:00,28.25,27.22,-0.0,1.03
2025-10-03 05:00:00-04:00,31.57,30.47,-0.0,1.1
2025-10-03 06:00:00-04:00,42.78,41.13,-0.0,1.65
2025-10-03 07:00:00-04:00,48.83,47.09,-0.0,1.74
2025-10-03 08:00:00-04:00,38.12,36.37,-0.0,1.75
2025-10-03 09:00:00-04:00,30.77,29.31,-0.0,1.46
2025-10-03 10:00:00-04:00,28.0,26.52,-0.0,1.48
2025-10-03 11:00:00-04:00,27.23,25.76,-0.0,1.47
2025-10-03 12:00:00-04:00,27.33,25.77,0.07,1.49
2025-10-03 13:00:00-04:00,28.34,26.67,0.07,1.6
2025-10-03 14:00:00-04:00,29.84,27.93,0.23,1.68
2025-10-03 15:00:00-04:00,32.54,30.49,0.31,1.74
2025-10-03 16:00:00-04:00,39.65,37.01,0.83,1.81
2025-10-03 17:00:00-04:00,47.41,45.9,-0.0,1.51
2025-10-03 18:00:00-04:00,58.62,57.14,-0.0,1.48
2025-10-03 19:00:00-04:00,63.15,61.08,0.24,1.83
2025-10-03 20:00:00-04:00,45.51,44.31,-0.0,1.2
2025-10-03 21:00:00-04:00,40.1,38.63,-0.0,1.47
2025-10-03 22:00:00-04:00,35.2,33.75,-0.0,1.45
2025-10-03 23:00:00-04:00,32.98,31.71,-0.0,1.27
2025-10-04 00:00:00-04:00,33.03,31.58,-0.0,1.45
2025-10-04 01:00:00-04:00,29.14,27.91,-0.0,1.23
2025-10-04 02:00:00-04:00,27.93,26.8,-0.0,1.13
2025-10-04 03:00:00-04:00,26.18,25.22,-0.0,0.96
2025-10-04 04:00:00-04:00,26.54,25.52,-0.0,1.02
2025-10-04 05:00:00-04:00,29.05,27.88,-0.0,1.17
2025-10-04 06:00:00-04:00,38.55,37.03,-0.0,1.52
2025-10-04 07:00:00-04:00,40.27,38.46,-0.0,1.81
2025-10-04 08:00:00-04:00,34.71,32.93,-0.0,1.78
2025-10-04 09:00:00-04:00,28.57,27.08,-0.0,1.49
2025-10-04 10:00:00-04:00,28.0,26.36,-0.0,1.64
2025-10-04 11:00:00-04:00,27.84,26.19,-0.0,1.65
2025-10-04 12:00:00-04:00,29.08,27.33,-0.0,1.75
2025-10-04 13:00:00-04:00,31.58,29.42,0.22,1.94
2025-10-04 14:00:00-04:00,34.22,31.71,0.26,2.25
2025-10-04 15:00:00-04:00,38.55,35.46,0.47,2.62
2025-10-04 16:00:00-04:00,46.15,43.79,-0.0,2.36
2025-10-04 17:00:00-04:00,66.23,63.32,-0.0,2.91
2025-10-04 18:00:00-04:00,76.38,73.3,-0.0,3.08
2025-10-04 19:00:00-04:00,72.53,70.08,-0.0,2.45
2025-10-04 20:00:00-04:00,51.11,49.38,-0.0,1.73
2025-10-04 21:00:00-04:00,44.42,42.43,-0.0,1.99
2025-10-04 22:00:00-04:00,39.25,37.1,-0.0,2.15
2025-10-04 23:00:00-04:00,35.71,33.85,-0.0,1.86
2025-10-05 00:00:00-04:00,39.96,37.2,0.72,2.04
2025-10-05 01:00:00-04:00,35.11,32.5,0.69,1.92
2025-10-05 02:00:00-04:00,31.16,29.02,0.46,1.68
2025-10-05 03:00:00-04:00,29.0,27.46,-0.0,1.54
2025-10-05 04:00:00-04:00,29.2,27.61,0.07,1.52
2025-10-05 05:00:00-04:00,30.22,27.87,0.87,1.48
2025-10-05 06:00:00-04:00,35.59,32.05,1.94,1.6
2025-10-05 07:00:00-04:00,37.24,33.08,2.34,1.82
2025-10-05 08:00:00-04:00,30.23,28.14,0.51,1.58
2025-10-05 09:00:00-04:00,27.76,26.04,-0.0,1.72
2025-10-05 10:00:00-04:00,28.0,26.14,-0.0,1.86
2025-10-05 11:00:00-04:00,30.27,28.13,-0.0,2.14
2025-10-05 12:00:00-04:00,33.87,31.42,-0.0,2.45
2025-10-05 13:00:00-04:00,35.92,33.29,-0.0,2.63
2025-10-05 14:00:00-04:00,38.67,35.54,0.29,2.84
2025-10-05 15:00:00-04:00,45.22,42.38,-0.0,2.84
2025-10-05 16:00:00-04:00,59.13,55.52,-0.0,3.61
2025-10-05 17:00:00-04:00,86.99,80.28,1.09,5.62
2025-10-05 18:00:00-04:00,93.93,84.72,3.03,6.18
2025-10-05 19:00:00-04:00,84.0,77.02,2.2,4.78
2025-10-05 20:00:00-04:00,66.3,62.25,0.69,3.36
2025-10-05 21:00:00-04:00,48.72,45.14,1.14,2.44
2025-10-05 22:00:00-04:00,44.2,40.74,0.81,2.65
2025-10-05 23:00:00-04:00,37.95,35.06,0.47,2.42
2025-10-06 00:00:00-04:00,36.2,33.64,-0.0,2.56
2025-10-06 01:00:00-04:00,32.05,29.84,-0.0,2.21
2025-10-06 02:00:00-04:00,29.48,27.66,-0.0,1.82
2025-10-06 03:00:00-04:00,28.41,26.7,-0.0,1.71
2025-10-06 04:00:00-04:00,29.85,28.16,-0.0,1.69
2025-10-06 05:00:00-04:00,33.83,31.82,-0.0,2.01
2025-10-06 06:00:00-04:00,41.26,36.79,2.0,2.47
2025-10-06 07:00:00-04:00,47.97,43.97,1.23,2.77
2025-10-06 08:00:00-04:00,46.75,43.45,0.17,3.13
2025-10-06 09:00:00-04:00,40.94,37.91,-0.0,3.03
2025-10-06 10:00:00-04:00,43.86,40.68,-0.0,3.18
2025-10-06 11:00:00-04:00,45.0,41.71,-0.0,3.29
2025-10-06 12:00:00-04:00,46.39,43.03,-0.0,3.36
2025-10-06 13:00:00-04:00,51.12,47.96,-0.0,3.16
2025-10-06 14:00:00-04:00,53.81,50.6,0.02,3.19
2025-10-06 15:00:00-04:00,60.72,57.17,-0.0,3.55
2025-10-06 16:00:00-04:00,82.04,76.25,-0.0,5.79
2025-10-06 17:00:00-04:00,112.55,101.62,1.99,8.94
2025-10-06 18:00:00-04:00,122.0,109.6,3.41,8.99
2025-10-06 19:00:00-04:00,102.03,91.89,3.52,6.62
2025-10-06 20:00:00-04:00,71.44,65.62,2.08,3.74
2025-10-06 21:00:00-04:00,51.62,48.45,0.89,2.28
2025-10-06 22:00:00-04:00,46.87,43.97,0.31,2.59
2025-10-06 23:00:00-04:00,41.42,38.64,0.3,2.48
2025-10-07 00:00:00-04:00,37.71,35.07,0.11,2.53
2025-10-07 01:00:00-04:00,32.57,30.73,-0.0,1.84
2025-10-07 02:00:00-04:00,31.81,30.01,-0.0,1.8
2025-10-07 03:00:00-04:00,30.65,28.86,-0.0,1.79
2025-10-07 04:00:00-04:00,30.58,28.82,-0.0,1.76
2025-10-07 05:00:00-04:00,33.96,31.78,0.21,1.97
2025-10-07 06:00:00-04:00,44.21,40.23,1.73,2.25
2025-10-07 07:00:00-04:00,50.55,45.87,2.02,2.66
2025-10-07 08:00:00-04:00,46.61,43.8,-0.0,2.81
2025-10-07 09:00:00-04:00,41.69,38.86,-0.0,2.83
2025-10-07 10:00:00-04:00,41.71,38.69,-0.0,3.02
2025-10-07 11:00:00-04:00,42.46,38.77,-0.0,3.69
2025-10-07 12:00:00-04:00,44.62,41.28,-0.0,3.34
2025-10-07 13:00:00-04:00,47.04,43.52,-0.0,3.52
2025-10-07 14:00:00-04:00,50.63,46.96,-0.0,3.67
2025-10-07 15:00:00-04:00,59.3,55.06,-0.0,4.24
2025-10-07 16:00:00-04:00,79.77,73.59,-0.0,6.18
2025-10-07 17:00:00-04:00,112.56,97.49,5.51,9.56
2025-10-07 18:00:00-04:00,123.1,106.79,6.06,10.25
2025-10-07 19:00:00-04:00,95.03,85.65,2.19,7.19
2025-10-07 20:00:00-04:00,72.47,67.85,-0.0,4.62
2025-10-07 21:00:00-04:00,52.08,49.09,-0.0,2.99
2025-10-07 22:00:00-04:00,45.67,43.21,-0.0,2.46
2025-10-07 23:00:00-04:00,42.11,39.57,-0.0,2.54
2025-10-08 00:00:00-04:00,43.67,41.24,-0.0,2.43
2025-10-08 01:00:00-04:00,40.26,37.98,-0.0,2.28
2025-10-08 02:00:00-04:00,36.71,34.76,-0.0,1.95
2025-10-08 03:00:00-04:00,36.78,34.76,-0.0,2.02
2025-10-08 04:00:00-04:00,37.22,35.15,-0.0,2.07
2025-10-08 05:00:00-04:00,40.08,37.88,-0.0,2.2
2025-10-08 06:00:00-04:00,51.68,49.45,-0.0,2.23
2025-10-08 07:00:00-04:00,62.28,59.37,-0.0,2.91
2025-10-08 08:00:00-04:00,60.45,57.3,-0.0,3.15
2025-10-08 09:00:00-04:00,52.31,49.25,-0.0,3.06
2025-10-08 10:00:00-04:00,48.05,45.16,-0.0,2.89
2025-10-08 11:00:00-04:00,46.36,43.33,-0.0,3.03
2025-10-08 12:00:00-04:00,44.81,41.45,-0.0,3.36
2025-10-08 13:00:00-04:00,44.03,40.73,-0.0,3.3
2025-10-08 14:00:00-04:00,41.75,38.24,0.11,3.4
2025-10-08 15:00:00-04:00,43.25,39.82,-0.0,3.43
2025-10-08 16:00:00-04:00,47.21,43.96,-0.0,3.25
2025-10-08 17:00:00-04:00,64.63,59.81,0.87,3.95
2025-10-08 18:00:00-04:00,70.4,65.86,1.05,3.49
2025-10-08 19:00:00-04:00,61.8,59.37,-0.0,2.43
2025-10-08 20:00:00-04:00,47.72,45.84,-0.0,1.88
2025-10-08 21:00:00-04:00,44.28,42.05,-0.0,2.23
2025-10-08 22:00:00-04:00,40.37,38.16,-0.0,2.21
2025-10-08 23:00:00-04:00,36.0,34.25,-0.0,1.75
2025-10-09 00:00:00-04:00,33.65,31.84,-0.0,1.81
2025-10-09 01:00:00-04:00,29.47,28.04,-0.0,1.43
2025-10-09 02:00:00-04:00,28.47,27.19,-0.0,1.28
2025-10-09 03:00:00-04:00,27.9,26.67,-0.0,1.23
2025-10-09 04:00:00-04:00,28.91,27.66,-0.0,1.25
2025-10-09 05:00:00-04:00,33.6,32.12,-0.0,1.48
2025-10-09 06:00:00-04:00,51.21,49.15,-0.0,2.06
2025-10-09 07:00:00-04:00,59.87,57.07,-0.0,2.8
2025-10-09 08:00:00-04:00,45.9,43.38,-0.0,2.52
2025-10-09 09:00:00-04:00,33.25,31.25,-0.0,2.0
2025-10-09 10:00:00-04:00,31.19,29.26,-0.0,1.93
2025-10-09 11:00:00-04:00,29.1,27.17,-0.0,1.93
2025-10-09 12:00:00-04:00,29.69,27.72,-0.0,1.97
2025-10-09 13:00:00-04:00,30.42,28.38,-0.0,2.04
2025-10-09 14:00:00-04:00,30.6,26.28,2.35,1.97
2025-10-09 15:00:00-04:00,32.0,28.59,1.29,2.12
2025-10-09 16:00:00-04:00,36.78,34.44,-0.0,2.34
2025-10-09 17:00:00-04:00,51.09,48.75,-0.0,2.34
2025-10-09 18:00:00-04:00,63.61,61.16,-0.0,2.45
2025-10-09 19:00:00-04:00,63.61,61.4,-0.0,2.21
2025-10-09 20:00:00-04:00,48.44,46.71,-0.0,1.73
2025-10-09 21:00:00-04:00,43.38,41.47,-0.0,1.91
2025-10-09 22:00:00-04:00,40.48,38.89,-0.0,1.59
2025-10-09 23:00:00-04:00,36.23,34.94,-0.0,1.29
2025-10-10 00:00:00-04:00,38.8,37.17,-0.0,1.63
2025-10-10 01:00:00-04:00,35.56,34.26,-0.0,1.3
2025-10-10 02:00:00-04:00,33.88,32.61,-0.0,1.27
2025-10-10 03:00:00-04:00,33.19,31.91,-0.0,1.28
2025-10-10 04:00:00-04:00,33.66,32.43,-0.0,1.23
2025-10-10 05:00:00-04:00,38.11,36.75,-0.0,1.36
2025-10-10 06:00:00-04:00,56.95,55.4,-0.0,1.55
2025-10-10 07:00:00-04:00,71.98,69.35,-0.0,2.63
2025-10-10 08:00:00-04:00,48.02,46.0,-0.0,2.02
2025-10-10 09:00:00-04:00,37.24,34.97,-0.0,2.27
2025-10-10 10:00:00-04:00,33.21,30.62,0.42,2.17
2025-10-10 11:00:00-04:00,32.82,30.67,-0.0,2.15
2025-10-10 12:00:00-04:00,32.07,27.53,2.53,2.01
2025-10-10 13:00:00-04:00,30.88,24.92,4.14,1.82
2025-10-10 14:00:00-04:00,32.81,24.66,6.37,1.78
2025-10-10 15:00:00-04:00,37.86,26.46,9.49,1.91
2025-10-10 16:00:00-04:00,40.31,32.65,5.28,2.38
2025-10-10 17:00:00-04:00,50.02,47.73,-0.0,2.29
2025-10-10 18:00:00-04:00,60.99,58.7,-0.0,2.29
2025-10-10 19:00:00-04:00,59.5,57.21,-0.0,2.29
2025-10-10 20:00:00-04:00,47.26,45.31,-0.0,1.95
2025-10-10 21:00:00-04:00,41.75,39.54,-0.0,2.21
2025-10-10 22:00:00-04:00,38.28,36.15,-0.0,2.13
2025-10-10 23:00:00-04:00,34.96,33.11,-0.0,1.85
2025-10-11 00:00:00-04:00,36.38,34.45,-0.0,1.93
2025-10-11 01:00:00-04:00,31.02,29.38,-0.0,1.64
2025-10-11 02:00:00-04:00,29.8,28.3,-0.0,1.5
2025-10-11 03:00:00-04:00,28.7,27.26,-0.0,1.44
2025-10-11 04:00:00-04:00,29.93,28.51,-0.0,1.42
2025-10-11 05:00:00-04:00,32.08,30.76,-0.0,1.32
2025-10-11 06:00:00-04:00,39.51,37.66,-0.0,1.85
2025-10-11 07:00:00-04:00,43.2,41.18,-0.0,2.02
2025-10-11 08:00:00-04:00,39.23,37.04,-0.0,2.19
2025-10-11 09:00:00-04:00,34.06,32.13,-0.0,1.93
2025-10-11 10:00:00-04:00,32.43,30.48,-0.0,1.95
2025-10-11 11:00:00-04:00,34.2,32.14,-0.0,2.06
2025-10-11 12:00:00-04:00,34.4,32.27,-0.0,2.13
2025-10-11 13:00:00-04:00,34.54,32.43,-0.0,2.11
2025-10-11 14:00:00-04:00,35.46,33.2,-0.0,2.26
2025-10-11 15:00:00-04:00,38.87,36.64,-0.0,2.23
2025-10-11 16:00:00-04:00,43.87,41.47,-0.0,2.4
2025-10-11 17:00:00-04:00,51.1,49.09,-0.0,2.01
2025-10-11 18:00:00-04:00,61.87,59.49,-0.0,2.38
2025-10-11 19:00:00-04:00,56.91,54.88,-0.0,2.03
2025-10-11 20:00:00-04:00,46.0,44.1,-0.0,1.9
2025-10-11 21:00:00-04:00,40.6,38.63,-0.0,1.97
2025-10-11 22:00:00-04:00,38.48,36.54,-0.0,1.94
2025-10-11 23:00:00-04:00,34.74,33.05,-0.0,1.69
2025-10-12 00:00:00-04:00,39.01,37.12,-0.0,1.89
2025-10-12 01:00:00-04:00,35.2,33.43,-0.0,1.77
2025-10-12 02:00:00-04:00,32.73,31.14,-0.0,1.59
2025-10-12 03:00:00-04:00,31.58,30.22,-0.0,1.36
2025-10-12 04:00:00-04:00,31.98,30.66,-0.0,1.32
2025-10-12 05:00:00-04:00,33.78,32.17,-0.0,1.61
2025-10-12 06:00:00-04:00,37.65,36.1,-0.0,1.55
2025-10-12 07:00:00-04:00,39.93,38.28,-0.0,1.65
2025-10-12 08:00:00-04:00,38.85,37.0,-0.0,1.85
2025-10-12 09:00:00-04:00,39.39,37.48,-0.0,1.91
2025-10-12 10:00:00-04:00,39.88,37.69,-0.0,2.19
2025-10-12 11:00:00-04:00,40.26,38.02,-0.0,2.24
2025-10-12 12:00:00-04:00,40.01,37.82,-0.0,2.19
2025-10-12 13:00:00-04:00,41.39,38.97,-0.0,2.42
2025-10-12 14:00:00-04:00,41.0,38.57,-0.0,2.43
2025-10-12 15:00:00-04:00,41.95,39.5,-0.0,2.45
2025-10-12 16:00:00-04:00,46.96,44.26,-0.0,2.7
2025-10-12 17:00:00-04:00,58.67,55.56,-0.0,3.11
2025-10-12 18:00:00-04:00,67.76,64.53,-0.0,3.23
2025-10-12 19:00:00-04:00,64.74,61.66,-0.0,3.08
2025-10-12 20:00:00-04:00,48.28,46.02,-0.0,2.26
2025-10-12 21:00:00-04:00,43.57,41.34,-0.0,2.23
2025-10-12 22:00:00-04:00,40.86,39.03,-0.0,1.83
2025-10-12 23:00:00-04:00,37.35,35.64,-0.0,1.71
2025-10-13 00:00:00-04:00,36.61,34.67,-0.0,1.94
2025-10-13 01:00:00-04:00,34.79,33.13,-0.0,1.66
2025-10-13 02:00:00-04:00,32.62,31.21,-0.0,1.41
2025-10-13 03:00:00-04:00,32.19,30.77,-0.0,1.42
2025-10-13 04:00:00-04:00,32.15,30.85,-0.0,1.3
2025-10-13 05:00:00-04:00,34.26,32.63,-0.0,1.63
2025-10-13 06:00:00-04:00,42.37,40.82,-0.0,1.55
2025-10-13 07:00:00-04:00,48.36,47.81,-1.27,1.82
2025-10-13 08:00:00-04:00,51.55,49.76,-0.0,1.79
2025-10-13 09:00:00-04:00,48.99,47.1,-0.0,1.89
2025-10-13 10:00:00-04:00,50.9,48.76,-0.0,2.14
2025-10-13 11:00:00-04:00,49.82,47.72,-0.0,2.1
2025-10-13 12:00:00-04:00,48.87,46.68,-0.0,2.19
2025-10-13 13:00:00-04:00,48.9,46.66,-0.0,2.24
2025-10-13 14:00:00-04:00,48.52,46.3,-0.0,2.22
2025-10-13 15:00:00-04:00,49.34,47.35,-0.0,1.99
2025-10-13 16:00:00-04:00,53.67,51.41,-0.0,2.26
2025-10-13 17:00:00-04:00,62.41,59.84,-0.0,2.57
2025-10-13 18:00:00-04:00,69.01,66.23,-0.0,2.78
2025-10-13 19:00:00-04:00,67.15,64.63,-0.0,2.52
2025-10-13 20:00:00-04:00,52.36,50.3,-0.0,2.06
2025-10-13 21:00:00-04:00,44.68,42.95,-0.25,1.98
2025-10-13 22:00:00-04:00,42.26,41.14,-0.65,1.77
2025-10-13 23:00:00-04:00,39.15,38.51,-0.74,1.38
2025-10-14 00:00:00-04:00,38.91,37.13,-0.0,1.78
2025-10-14 01:00:00-04:00,36.84,35.19,-0.0,1.65
2025-10-14 02:00:00-04:00,35.04,33.53,-0.0,1.51
2025-10-14 03:00:00-04:00,34.99,33.42,-0.0,1.57
2025-10-14 04:00:00-04:00,35.42,33.83,-0.0,1.59
2025-10-14 05:00:00-04:00,38.45,36.76,-0.0,1.69
2025-10-14 06:00:00-04:00,50.46,48.75,-0.0,1.71
2025-10-14 07:00:00-04:00,65.84,62.88,-0.0,2.96
2025-10-14 08:00:00-04:00,63.83,60.73,-0.0,3.1
2025-10-14 09:00:00-04:00,51.34,48.9,-0.0,2.44
2025-10-14 10:00:00-04:00,50.69,47.91,-0.0,2.78
2025-10-14 11:00:00-04:00,50.45,47.46,-0.0,2.99
2025-10-14 12:00:00-04:00,48.55,45.59,-0.0,2.96
2025-10-14 13:00:00-04:00,48.66,45.69,-0.0,2.97
2025-10-14 14:00:00-04:00,46.7,43.73,-0.0,2.97
2025-10-14 15:00:00-04:00,46.54,43.7,-0.0,2.84
2025-10-14 16:00:00-04:00,52.33,49.18,-0.0,3.15
2025-10-14 17:00:00-04:00,66.17,62.37,-0.0,3.8
2025-10-14 18:00:00-04:00,82.32,77.66,-0.0,4.66
2025-10-14 19:00:00-04:00,75.58,71.51,-0.0,4.07
2025-10-14 20:00:00-04:00,56.44,53.4,-0.0,3.04
2025-10-14 21:00:00-04:00,47.15,44.44,-0.0,2.71
2025-10-14 22:00:00-04:00,41.32,39.09,-0.0,2.23
2025-10-14 23:00:00-04:00,39.42,37.37,-0.0,2.05
2025-10-15 00:00:00-04:00,37.64,35.68,-0.0,1.96
2025-10-15 01:00:00-04:00,35.36,33.55,-0.0,1.81
2025-10-15 02:00:00-04:00,34.87,33.21,-0.0,1.66
2025-10-15 03:00:00-04:00,33.7,32.1,-0.0,1.6
2025-10-15 04:00:00-04:00,34.93,33.24,-0.0,1.69
2025-10-15 05:00:00-04:00,36.61,34.77,-0.0,1.84
2025-10-15 06:00:00-04:00,45.86,43.22,-0.0,2.64
2025-10-15 07:00:00-04:00,55.7,52.11,-0.0,3.59
2025-10-15 08:00:00-04:00,50.79,47.6,-0.0,3.19
2025-10-15 09:00:00-04:00,40.82,37.79,0.01,3.02
2025-10-15 10:00:00-04:00,39.82,36.79,0.01,3.02
2025-10-15 11:00:00-04:00,38.78,35.63,0.01,3.14
2025-10-15 12:00:00-04:00,38.3,35.17,0.07,3.06
2025-10-15 13:00:00-04:00,38.72,35.91,0.01,2.8
2025-10-15 14:00:00-04:00,38.07,35.25,0.07,2.75
2025-10-15 15:00:00-04:00,39.61,36.8,0.01,2.8
2025-10-15 16:00:00-04:00,44.34,41.32,0.01,3.01
2025-10-15 17:00:00-04:00,58.0,54.46,-0.0,3.54
2025-10-15 18:00:00-04:00,73.37,69.61,-0.0,3.76
2025-10-15 19:00:00-04:00,73.04,69.37,-0.0,3.67
2025-10-15 20:00:00-04:00,54.25,51.57,-0.0,2.68
2025-10-15 21:00:00-04:00,44.88,42.66,-0.0,2.22
2025-10-15 22:00:00-04:00,40.42,38.39,-0.0,2.03
2025-10-15 23:00:00-04:00,36.61,34.71,0.1,1.8
2025-10-16 00:00:00-04:00,38.0,35.56,0.27,2.17
2025-10-16 01:00:00-04:00,36.66,34.82,-0.0,1.84
2025-10-16 02:00:00-04:00,36.19,34.53,-0.0,1.66
2025-10-16 03:00:00-04:00,35.77,34.13,-0.0,1.64
2025-10-16 04:00:00-04:00,35.55,33.99,-0.0,1.56
2025-10-16 05:00:00-04:00,37.78,35.85,-0.0,1.93
2025-10-16 06:00:00-04:00,52.67,50.55,-0.0,2.12
2025-10-16 07:00:00-04:00,73.65,70.14,-0.0,3.51
2025-10-16 08:00:00-04:00,52.68,50.41,-0.0,2.27
2025-10-16 09:00:00-04:00,43.07,40.63,-0.0,2.44
2025-10-16 10:00:00-04:00,36.76,33.8,0.53,2.43
2025-10-16 11:00:00-04:00,36.72,33.2,1.1,2.42
2025-10-16 12:00:00-04:00,34.13,30.99,0.72,2.42
2025-10-16 13:00:00-04:00,33.07,30.03,0.55,2.49
2025-10-16 14:00:00-04:00,33.0,29.9,0.56,2.54
2025-10-16 15:00:00-04:00,34.35,31.72,-0.0,2.63
2025-10-16 16:00:00-04:00,40.37,37.24,-0.0,3.13
2025-10-16 17:00:00-04:00,55.33,52.25,-0.0,3.08
2025-10-16 18:00:00-04:00,71.0,67.49,-0.0,3.51
2025-10-16 19:00:00-04:00,72.01,68.39,-0.0,3.62
2025-10-16 20:00:00-04:00,52.67,50.26,-0.0,2.41
2025-10-16 21:00:00-04:00,45.49,43.16,-0.0,2.33
2025-10-16 22:00:00-04:00,43.37,40.84,-0.0,2.53
2025-10-16 23:00:00-04:00,40.19,37.99,-0.0,2.2
2025-10-17 00:00:00-04:00,40.92,38.68,-0.0,2.24
2025-10-17 01:00:00-04:00,38.21,36.22,-0.0,1.99
2025-10-17 02:00:00-04:00,36.73,34.98,-0.0,1.75
2025-10-17 03:00:00-04:00,36.0,34.35,-0.0,1.65
2025-10-17 04:00:00-04:00,36.39,34.82,-0.0,1.57
2025-10-17 05:00:00-04:00,40.21,38.06,0.51,1.64
2025-10-17 06:00:00-04:00,53.56,52.05,-0.0,1.51
2025-10-17 07:00:00-04:00,72.75,68.19,1.97,2.59
2025-10-17 08:00:00-04:00,52.43,50.66,-0.0,1.77
2025-10-17 09:00:00-04:00,40.5,36.83,1.76,1.91
2025-10-17 10:00:00-04:00,37.09,33.14,1.86,2.09
2025-10-17 11:00:00-04:00,36.1,32.06,2.02,2.02
2025-10-17 12:00:00-04:00,34.02,30.27,1.75,2.0
2025-10-17 13:00:00-04:00,33.8,30.23,1.42,2.15
2025-10-17 14:00:00-04:00,33.56,29.82,1.44,2.3
2025-10-17 15:00:00-04:00,35.66,32.01,1.22,2.43
2025-10-17 16:00:00-04:00,41.58,38.3,0.49,2.79
2025-10-17 17:00:00-04:00,54.56,52.01,-0.0,2.55
2025-10-17 18:00:00-04:00,62.94,60.23,-0.0,2.71
2025-10-17 19:00:00-04:00,61.35,58.65,-0.0,2.7
2025-10-17 20:00:00-04:00,48.88,46.73,-0.0,2.15
2025-10-17 21:00:00-04:00,44.69,42.64,-0.0,2.05
2025-10-17 22:00:00-04:00,41.69,39.52,-0.0,2.17
2025-10-17 23:00:00-04:00,38.81,36.28,0.39,2.14
2025-10-18 00:00:00-04:00,39.99,37.69,-0.0,2.3
2025-10-18 01:00:00-04:00,38.4,36.19,-0.0,2.21
2025-10-18 02:00:00-04:00,35.43,33.26,0.21,1.96
2025-10-18 03:00:00-04:00,33.93,32.04,-0.0,1.89
2025-10-18 04:00:00-04:00,34.86,32.95,-0.0,1.91
2025-10-18 05:00:00-04:00,37.36,35.38,-0.0,1.98
2025-10-18 06:00:00-04:00,43.33,41.27,-0.0,2.06
2025-10-18 07:00:00-04:00,48.43,45.86,-0.0,2.57
2025-10-18 08:00:00-04:00,45.41,42.96,-0.0,2.45
2025-10-18 09:00:00-04:00,35.65,33.7,-0.0,1.95
2025-10-18 10:00:00-04:00,33.4,31.45,-0.0,1.95
2025-10-18 11:00:00-04:00,30.63,28.81,-0.0,1.82
2025-10-18 12:00:00-04:00,29.44,27.67,-0.0,1.77
2025-10-18 13:00:00-04:00,29.82,28.02,-0.0,1.8
2025-10-18 14:00:00-04:00,29.76,27.84,-0.0,1.92
2025-10-18 15:00:00-04:00,34.81,32.56,-0.0,2.25
2025-10-18 16:00:00-04:00,42.01,39.3,-0.04,2.75
2025-10-18 17:00:00-04:00,56.11,53.32,-0.3,3.09
2025-10-18 18:00:00-04:00,60.35,57.31,-0.34,3.38
2025-10-18 19:00:00-04:00,58.38,55.52,-0.41,3.27
2025-10-18 20:00:00-04:00,45.1,42.61,-0.37,2.86
2025-10-18 21:00:00-04:00,41.05,38.61,-0.19,2.63
2025-10-18 22:00:00-04:00,37.63,35.11,-0.08,2.6
2025-10-18 23:00:00-04:00,34.66,32.21,-0.0,2.45
2025-10-19 00:00:00-04:00,39.45,36.87,-0.0,2.58
2025-10-19 01:00:00-04:00,36.68,34.34,-0.0,2.34
2025-10-19 02:00:00-04:00,34.47,32.34,-0.0,2.13
2025-10-19 03:00:00-04:00,32.11,30.12,-0.0,1.99
2025-10-19 04:00:00-04:00,31.51,29.53,-0.0,1.98
2025-10-19 05:00:00-04:00,33.38,31.43,-0.0,1.95
2025-10-19 06:00:00-04:00,34.43,32.33,-0.0,2.1
2025-10-19 07:00:00-04:00,36.37,33.71,-0.0,2.66
2025-10-19 08:00:00-04:00,33.27,30.89,-0.0,2.38
2025-10-19 09:00:00-04:00,28.61,26.56,-0.0,2.05
2025-10-19 10:00:00-04:00,27.25,25.33,-0.0,1.92
2025-10-19 11:00:00-04:00,26.46,24.59,-0.0,1.87
2025-10-19 12:00:00-04:00,27.14,25.11,-0.0,2.03
2025-10-19 13:00:00-04:00,28.57,26.31,-0.0,2.26
2025-10-19 14:00:00-04:00,30.93,28.4,-0.0,2.53
2025-10-19 15:00:00-04:00,34.5,31.74,-0.0,2.76
2025-10-19 16:00:00-04:00,41.83,38.7,-0.0,3.13
2025-10-19 17:00:00-04:00,52.05,48.65,-0.0,3.4
2025-10-19 18:00:00-04:00,63.21,58.91,-0.0,4.3
2025-10-19 19:00:00-04:00,59.64,55.84,-0.0,3.8
2025-10-19 20:00:00-04:00,47.86,44.52,-0.0,3.34
2025-10-19 21:00:00-04:00,42.84,39.85,-0.0,2.99
2025-10-19 22:00:00-04:00,38.11,35.19,-0.0,2.92
2025-10-19 23:00:00-04:00,34.55,32.11,-0.0,2.44
2025-10-20 00:00:00-04:00,35.28,32.67,-0.0,2.61
2025-10-20 01:00:00-04:00,33.0,30.7,-0.0,2.3
2025-10-20 02:00:00-04:00,32.03,29.94,-0.0,2.09
2025-10-20 03:00:00-04:00,31.66,29.73,-0.0,1.93
2025-10-20 04:00:00-04:00,31.69,29.7,-0.0,1.99
2025-10-20 05:00:00-04:00,36.9,34.49,-0.0,2.41
2025-10-20 06:00:00-04:00,46.89,43.99,-0.0,2.9
2025-10-20 07:00:00-04:00,58.41,54.41,0.08,3.92
2025-10-20 08:00:00-04:00,58.93,55.17,0.12,3.64
2025-10-20 09:00:00-04:00,55.76,52.31,-0.0,3.45
2025-10-20 10:00:00-04:00,54.83,51.01,0.3,3.52
2025-10-20 11:00:00-04:00,50.81,47.39,0.1,3.32
2025-10-20 12:00:00-04:00,47.67,44.38,0.01,3.28
2025-10-20 13:00:00-04:00,46.38,43.05,0.01,3.32
2025-10-20 14:00:00-04:00,45.7,42.34,0.01,3.35
2025-10-20 15:00:00-04:00,46.62,43.28,0.01,3.33
2025-10-20 16:00:00-04:00,52.82,49.08,0.01,3.73
2025-10-20 17:00:00-04:00,63.67,59.05,0.01,4.61
2025-10-20 18:00:00-04:00,73.29,67.73,0.01,5.55
2025-10-20 19:00:00-04:00,71.7,66.09,0.32,5.29
2025-10-20 20:00:00-04:00,54.74,51.05,0.01,3.68
2025-10-20 21:00:00-04:00,46.41,43.33,-0.0,3.08
2025-10-20 22:00:00-04:00,40.49,37.49,-0.0,3.0
2025-10-20 23:00:00-04:00,37.14,34.61,-0.0,2.53
2025-10-21 00:00:00-04:00,35.35,32.88,-0.0,2.47
2025-10-21 01:00:00-04:00,32.37,30.25,-0.0,2.12
2025-10-21 02:00:00-04:00,32.37,30.31,-0.0,2.06
2025-10-21 03:00:00-04:00,31.15,29.17,-0.0,1.98
2025-10-21 04:00:00-04:00,32.4,30.34,-0.0,2.06
2025-10-21 05:00:00-04:00,37.9,35.48,0.01,2.41
2025-10-21 06:00:00-04:00,55.68,52.03,0.01,3.64
2025-10-21 07:00:00-04:00,81.89,73.17,3.09,5.63
2025-10-21 08:00:00-04:00,58.01,52.32,1.29,4.4
2025-10-21 09:00:00-04:00,42.32,38.9,0.15,3.27
2025-10-21 10:00:00-04:00,38.25,35.04,0.02,3.19
2025-10-21 11:00:00-04:00,37.35,32.27,2.08,3.0
2025-10-21 12:00:00-04:00,39.0,34.16,1.76,3.08
2025-10-21 13:00:00-04:00,39.0,29.69,6.46,2.85
2025-10-21 14:00:00-04:00,39.97,34.98,2.02,2.97
2025-10-21 15:00:00-04:00,43.15,38.1,1.89,3.16
2025-10-21 16:00:00-04:00,51.87,47.3,0.93,3.64
2025-10-21 17:00:00-04:00,73.03,65.48,2.25,5.3
2025-10-21 18:00:00-04:00,84.71,76.38,2.07,6.26
2025-10-21 19:00:00-04:00,78.13,71.17,1.48,5.48
2025-10-21 20:00:00-04:00,59.96,54.93,0.96,4.07
2025-10-21 21:00:00-04:00,48.94,45.82,-0.0,3.12
2025-10-21 22:00:00-04:00,41.54,38.89,-0.0,2.65
2025-10-21 23:00:00-04:00,38.67,35.98,0.21,2.48
2025-10-22 00:00:00-04:00,40.93,38.0,-0.0,2.93
2025-10-22 01:00:00-04:00,38.26,35.62,-0.0,2.64
2025-10-22 02:00:00-04:00,37.29,34.75,-0.0,2.54
2025-10-22 03:00:00-04:00,36.58,34.12,-0.0,2.46
2025-10-22 04:00:00-04:00,36.67,34.24,-0.0,2.43
2025-10-22 05:00:00-04:00,39.96,37.21,-0.0,2.75
2025-10-22 06:00:00-04:00,57.34,53.87,0.02,3.45
2025-10-22 07:00:00-04:00,74.27,67.57,1.77,4.93
2025-10-22 08:00:00-04:00,70.93,66.46,0.28,4.19
2025-10-22 09:00:00-04:00,50.93,47.56,0.32,3.05
2025-10-22 10:00:00-04:00,47.75,44.34,0.39,3.02
2025-10-22 11:00:00-04:00,44.75,40.42,1.1,3.23
2025-10-22 12:00:00-04:00,44.79,40.34,1.51,2.94
2025-10-22 13:00:00-04:00,45.98,39.58,3.47,2.93
2025-10-22 14:00:00-04:00,45.84,39.48,3.32,3.04
2025-10-22 15:00:00-04:00,47.76,41.51,3.05,3.2
2025-10-22 16:00:00-04:00,52.96,46.45,2.89,3.62
2025-10-22 17:00:00-04:00,67.91,62.81,0.33,4.77
2025-10-22 18:00:00-04:00,88.19,68.07,14.95,5.17
2025-10-22 19:00:00-04:00,74.64,65.94,3.82,4.88
2025-10-22 20:00:00-04:00,57.31,53.36,-0.0,3.95
2025-10-22 21:00:00-04:00,50.57,47.08,0.01,3.48
2025-10-22 22:00:00-04:00,43.39,40.32,0.01,3.06
2025-10-22 23:00:00-04:00,41.0,38.18,-0.0,2.82
2025-10-23 00:00:00-04:00,36.46,33.76,-0.0,2.7
2025-10-23 01:00:00-04:00,35.0,32.8,-0.0,2.2
2025-10-23 02:00:00-04:00,35.43,33.27,-0.0,2.16
2025-10-23 03:00:00-04:00,34.73,32.67,-0.0,2.06
2025-10-23 04:00:00-04:00,34.91,32.72,-0.0,2.19
2025-10-23 05:00:00-04:00,38.56,36.1,-0.0,2.46
2025-10-23 06:00:00-04:00,53.63,49.97,0.01,3.65
2025-10-23 07:00:00-04:00,68.79,64.16,0.01,4.62
2025-10-23 08:00:00-04:00,57.12,53.53,-0.0,3.59
2025-10-23 09:00:00-04:00,47.44,44.16,0.01,3.27
2025-10-23 10:00:00-04:00,44.5,41.38,0.01,3.11
2025-10-23 11:00:00-04:00,43.55,39.08,1.31,3.16
2025-10-23 12:00:00-04:00,43.17,39.52,0.45,3.2
2025-10-23 13:00:00-04:00,43.87,38.15,2.59,3.13
2025-10-23 14:00:00-04:00,44.0,38.08,2.69,3.23
2025-10-23 15:00:00-04:00,44.0,40.08,0.55,3.37
2025-10-23 16:00:00-04:00,51.66,47.83,-0.0,3.83
2025-10-23 17:00:00-04:00,67.25,62.62,-0.0,4.63
2025-10-23 18:00:00-04:00,79.19,73.82,0.28,5.09
2025-10-23 19:00:00-04:00,79.56,74.21,-0.0,5.35
2025-10-23 20:00:00-04:00,62.06,58.27,-0.0,3.79
2025-10-23 21:00:00-04:00,52.98,49.78,0.01,3.19
2025-10-23 22:00:00-04:00,47.23,44.21,0.01,3.01
2025-10-23 23:00:00-04:00,43.25,40.46,-0.0,2.79
2025-10-24 00:00:00-04:00,41.16,38.58,-0.0,2.58
2025-10-24 01:00:00-04:00,38.98,36.67,-0.0,2.31
2025-10-24 02:00:00-04:00,38.76,36.57,-0.0,2.19
2025-10-24 03:00:00-04:00,38.12,36.03,-0.0,2.09
2025-10-24 04:00:00-04:00,38.4,36.26,-0.0,2.14
2025-10-24 05:00:00-04:00,44.31,41.64,-0.0,2.67
2025-10-24 06:00:00-04:00,66.36,62.37,-0.0,3.99
2025-10-24 07:00:00-04:00,88.0,82.08,0.01,5.91
2025-10-24 08:00:00-04:00,75.65,70.9,-0.0,4.75
2025-10-24 09:00:00-04:00,54.46,50.71,0.05,3.7
2025-10-24 10:00:00-04:00,47.88,44.57,0.01,3.3
2025-10-24 11:00:00-04:00,44.8,41.66,0.01,3.13
2025-10-24 12:00:00-04:00,43.85,40.67,0.01,3.17
2025-10-24 13:00:00-04:00,45.04,41.62,0.01,3.41
2025-10-24 14:00:00-04:00,44.35,41.02,0.01,3.32
2025-10-24 15:00:00-04:00,46.0,42.7,0.01,3.29
2025-10-24 16:00:00-04:00,55.08,51.11,0.09,3.88
2025-10-24 17:00:00-04:00,68.38,63.91,-0.0,4.47
2025-10-24 18:00:00-04:00,87.16,81.12,-0.05,6.09
2025-10-24 19:00:00-04:00,76.41,71.35,-0.01,5.07
2025-10-24 20:00:00-04:00,64.25,60.9,-0.0,3.35
2025-10-24 21:00:00-04:00,53.35,50.43,-0.0,2.92
2025-10-24 22:00:00-04:00,49.44,46.73,-0.0,2.71
2025-10-24 23:00:00-04:00,46.57,43.98,-0.0,2.59
2025-10-25 00:00:00-04:00,48.38,45.77,-0.0,2.61
2025-10-25 01:00:00-04:00,47.2,44.66,-0.0,2.54
2025-10-25 02:00:00-04:00,43.7,41.42,-0.0,2.28
2025-10-25 03:00:00-04:00,41.57,39.55,-0.0,2.02
2025-10-25 04:00:00-04:00,42.28,40.27,-0.0,2.01
2025-10-25 05:00:00-04:00,44.21,41.95,-0.0,2.26
2025-10-25 06:00:00-04:00,58.28,56.09,-0.0,2.19
2025-10-25 07:00:00-04:00,73.53,70.63,-0.0,2.9
2025-10-25 08:00:00-04:00,64.57,62.26,-0.0,2.31
2025-10-25 09:00:00-04:00,46.77,44.54,-0.0,2.23
2025-10-25 10:00:00-04:00,42.47,40.14,-0.0,2.33
2025-10-25 11:00:00-04:00,41.31,38.94,-0.0,2.37
2025-10-25 12:00:00-04:00,40.45,38.09,-0.0,2.36
2025-10-25 13:00:00-04:00,41.16,38.72,-0.0,2.44
2025-10-25 14:00:00-04:00,41.68,39.21,-0.0,2.47
2025-10-25 15:00:00-04:00,44.66,42.21,-0.0,2.45
2025-10-25 16:00:00-04:00,51.46,48.69,-0.0,2.77
2025-10-25 17:00:00-04:00,66.19,63.16,-0.0,3.03
2025-10-25 18:00:00-04:00,77.75,74.05,-0.0,3.7
2025-10-25 19:00:00-04:00,73.31,70.08,-0.0,3.23
2025-10-25 20:00:00-04:00,61.23,58.59,-0.0,2.64
2025-10-25 21:00:00-04:00,54.31,51.63,-0.0,2.68
2025-10-25 22:00:00-04:00,49.25,47.04,-0.0,2.21
2025-10-25 23:00:00-04:00,46.42,44.21,-0.0,2.21
2025-10-26 00:00:00-04:00,50.13,47.56,-0.0,2.57
2025-10-26 01:00:00-04:00,48.23,45.93,-0.0,2.3
2025-10-26 02:00:00-04:00,46.0,43.89,-0.0,2.11
2025-10-26 03:00:00-04:00,43.55,41.59,-0.0,1.96
2025-10-26 04:00:00-04:00,43.25,41.35,-0.0,1.9
2025-10-26 05:00:00-04:00,44.85,42.88,-0.0,1.97
2025-10-26 06:00:00-04:00,50.78,48.97,-0.0,1.81
2025-10-26 07:00:00-04:00,60.31,58.44,-0.0,1.87
2025-10-26 08:00:00-04:00,58.2,56.4,-0.0,1.8
2025-10-26 09:00:00-04:00,48.95,47.16,-0.0,1.79
2025-10-26 10:00:00-04:00,46.8,44.78,-0.0,2.02
2025-10-26 11:00:00-04:00,43.8,41.75,-0.0,2.05
2025-10-26 12:00:00-04:00,42.88,40.53,-0.0,2.35
2025-10-26 13:00:00-04:00,42.51,40.37,-0.0,2.14
2025-10-26 14:00:00-04:00,44.35,42.08,-0.0,2.27
2025-10-26 15:00:00-04:00,45.95,43.72,-0.0,2.23
2025-10-26 16:00:00-04:00,55.48,52.54,-0.0,2.94
2025-10-26 17:00:00-04:00,67.71,65.04,-0.0,2.67
2025-10-26 18:00:00-04:00,84.44,80.8,-0.0,3.64
2025-10-26 19:00:00-04:00,81.7,78.26,-0.0,3.44
2025-10-26 20:00:00-04:00,65.85,63.08,-0.0,2.77
2025-10-26 21:00:00-04:00,59.3,56.8,-0.0,2.5
2025-10-26 22:00:00-04:00,54.45,52.16,-0.0,2.29
2025-10-26 23:00:00-04:00,49.52,47.48,-0.0,2.04
2025-10-27 00:00:00-04:00,47.35,44.88,-0.0,2.47
2025-10-27 01:00:00-04:00,46.29,43.96,-0.0,2.33
2025-10-27 02:00:00-04:00,44.0,42.02,-0.0,1.98
2025-10-27 03:00:00-04:00,43.26,41.24,-0.0,2.02
2025-10-27 04:00:00-04:00,45.07,43.05,-0.0,2.02
2025-10-27 05:00:00-04:00,48.7,46.51,-0.0,2.19
2025-10-27 06:00:00-04:00,76.73,72.59,-0.0,4.14
2025-10-27 07:00:00-04:00,103.5,96.19,-0.0,7.31
2025-10-27 08:00:00-04:00,84.52,80.04,-0.0,4.48
2025-10-27 09:00:00-04:00,56.21,53.03,-0.0,3.18
2025-10-27 10:00:00-04:00,49.16,46.29,-0.0,2.87
2025-10-27 11:00:00-04:00,47.46,44.6,-0.0,2.86
2025-10-27 12:00:00-04:00,46.89,43.9,-0.0,2.99
2025-10-27 13:00:00-04:00,47.51,44.48,-0.0,3.03
2025-10-27 14:00:00-04:00,47.83,44.62,-0.0,3.21
2025-10-27 15:00:00-04:00,52.28,49.04,-0.0,3.24
2025-10-27 16:00:00-04:00,60.54,56.79,-0.0,3.75
2025-10-27 17:00:00-04:00,82.7,78.5,-0.27,4.47
2025-10-27 18:00:00-04:00,100.23,94.91,-0.47,5.79
2025-10-27 19:00:00-04:00,95.11,90.23,-0.44,5.32
2025-10-27 20:00:00-04:00,75.17,71.2,-0.09,4.06
2025-10-27 21:00:00-04:00,60.18,56.72,-0.0,3.46
2025-10-27 22:00:00-04:00,55.45,52.41,-0.0,3.04
2025-10-27 23:00:00-04:00,51.58,48.85,-0.0,2.73
2025-10-28 00:00:00-04:00,48.7,46.47,-0.0,2.23
2025-10-28 01:00:00-04:00,45.33,43.34,-0.0,1.99
2025-10-28 02:00:00-04:00,42.24,40.34,-0.0,1.9
2025-10-28 03:00:00-04:00,42.0,40.15,-0.0,1.85
2025-10-28 04:00:00-04:00,43.15,41.29,-0.0,1.86
2025-10-28 05:00:00-04:00,50.17,48.43,-0.0,1.74
2025-10-28 06:00:00-04:00,74.22,71.64,-0.0,2.58
2025-10-28 07:00:00-04:00,100.23,95.19,-0.0,5.04
2025-10-28 08:00:00-04:00,82.5,78.94,-0.0,3.56
2025-10-28 09:00:00-04:00,51.26,48.68,-0.0,2.58
2025-10-28 10:00:00-04:00,45.11,42.04,-0.0,3.07
2025-10-28 11:00:00-04:00,42.36,39.44,-0.0,2.92
2025-10-28 12:00:00-04:00,40.49,37.63,-0.0,2.86
2025-10-28 13:00:00-04:00,41.02,38.09,-0.0,2.93
2025-10-28 14:00:00-04:00,41.49,38.52,-0.0,2.97
2025-10-28 15:00:00-04:00,45.0,42.02,-0.0,2.98
2025-10-28 16:00:00-04:00,54.78,51.34,-0.0,3.44
2025-10-28 17:00:00-04:00,74.48,70.6,-0.0,3.88
2025-10-28 18:00:00-04:00,92.18,87.67,-0.31,4.82
2025-10-28 19:00:00-04:00,85.72,81.56,-0.0,4.16
2025-10-28 20:00:00-04:00,66.56,63.39,-0.06,3.23
2025-10-28 21:00:00-04:00,55.97,53.15,-0.0,2.82
2025-10-28 22:00:00-04:00,49.97,47.28,-0.0,2.69
2025-10-28 23:00:00-04:00,46.97,44.23,-0.0,2.74
2025-10-29 00:00:00-04:00,45.78,42.63,-0.0,3.15
2025-10-29 01:00:00-04:00,44.21,41.43,-0.0,2.78
2025-10-29 02:00:00-04:00,42.65,40.12,-0.0,2.53
2025-10-29 03:00:00-04:00,42.12,39.62,-0.0,2.5
2025-10-29 04:00:00-04:00,42.71,40.22,-0.0,2.49
2025-10-29 05:00:00-04:00,46.25,43.63,-0.0,2.62
2025-10-29 06:00:00-04:00,65.18,62.44,-0.0,2.74
2025-10-29 07:00:00-04:00,93.9,89.01,-0.0,4.89
2025-10-29 08:00:00-04:00,81.48,77.09,-0.0,4.39
2025-10-29 09:00:00-04:00,55.22,51.75,-0.0,3.47
2025-10-29 10:00:00-04:00,49.28,45.46,-0.0,3.82
2025-10-29 11:00:00-04:00,48.07,44.26,-0.0,3.81
2025-10-29 12:00:00-04:00,46.84,43.05,-0.0,3.79
2025-10-29 13:00:00-04:00,46.25,42.39,-0.0,3.86
2025-10-29 14:00:00-04:00,46.78,42.76,-0.0,4.02
2025-10-29 15:00:00-04:00,48.9,44.94,-0.0,3.96
2025-10-29 16:00:00-04:00,57.71,53.38,0.01,4.32
2025-10-29 17:00:00-04:00,71.74,67.17,-0.0,4.57
2025-10-29 18:00:00-04:00,91.2,85.33,-0.28,6.15
2025-10-29 19:00:00-04:00,80.55,75.42,-0.0,5.13
2025-10-29 20:00:00-04:00,63.29,59.26,-0.0,4.03
2025-10-29 21:00:00-04:00,54.84,51.15,-0.0,3.69
2025-10-29 22:00:00-04:00,48.54,45.28,-0.0,3.26
2025-10-29 23:00:00-04:00,46.3,43.27,-0.0,3.03
2025-10-30 00:00:00-04:00,42.87,40.11,-0.0,2.76
2025-10-30 01:00:00-04:00,40.57,38.27,-0.0,2.3
2025-10-30 02:00:00-04:00,39.45,37.47,-0.0,1.98
2025-10-30 03:00:00-04:00,39.07,37.07,-0.0,2.0
2025-10-30 04:00:00-04:00,39.89,37.92,-0.0,1.97
2025-10-30 05:00:00-04:00,43.03,40.75,-0.0,2.28
2025-10-30 06:00:00-04:00,56.93,53.91,-0.0,3.02
2025-10-30 07:00:00-04:00,67.48,64.09,-0.0,3.39
2025-10-30 08:00:00-04:00,75.93,71.63,-0.0,4.3
2025-10-30 09:00:00-04:00,64.92,61.13,-0.0,3.79
2025-10-30 10:00:00-04:00,66.44,62.33,-0.0,4.11
2025-10-30 11:00:00-04:00,64.3,59.93,-0.0,4.37
2025-10-30 12:00:00-04:00,62.17,57.56,-0.0,4.61
2025-10-30 13:00:00-04:00,62.14,57.38,-0.0,4.76
2025-10-30 14:00:00-04:00,58.73,54.13,-0.0,4.6
2025-10-30 15:00:00-04:00,62.08,57.54,-0.0,4.54
2025-10-30 16:00:00-04:00,64.43,59.55,-0.0,4.88
2025-10-30 17:00:00-04:00,72.52,67.27,-0.0,5.25
2025-10-30 18:00:00-04:00,79.42,73.88,-0.0,5.54
2025-10-30 19:00:00-04:00,72.09,67.31,-0.0,4.78
2025-10-30 20:00:00-04:00,63.5,59.07,-0.0,4.43
2025-10-30 21:00:00-04:00,54.31,50.33,-0.0,3.98
2025-10-30 22:00:00-04:00,48.35,44.6,-0.0,3.75
2025-10-30 23:00:00-04:00,44.52,41.34,-0.0,3.18
2025-10-31 00:00:00-04:00,43.13,40.31,-0.0,2.82
2025-10-31 01:00:00-04:00,39.47,37.09,-0.0,2.38
2025-10-31 02:00:00-04:00,38.95,36.68,-0.0,2.27
2025-10-31 03:00:00-04:00,37.69,35.52,-0.0,2.17
2025-10-31 04:00:00-04:00,38.18,35.98,-0.0,2.2
2025-10-31 05:00:00-04:00,40.53,38.13,-0.0,2.4
2025-10-31 06:00:00-04:00,52.18,48.77,-0.0,3.41
2025-10-31 07:00:00-04:00,62.85,59.07,-0.0,3.78
2025-10-31 08:00:00-04:00,67.07,63.03,-0.0,4.04
2025-10-31 09:00:00-04:00,55.52,51.6,-0.0,3.92
2025-10-31 10:00:00-04:00,53.16,49.13,-0.0,4.03
2025-10-31 11:00:00-04:00,52.19,48.19,-0.0,4.0
2025-10-31 12:00:00-04:00,50.26,46.24,-0.0,4.02
2025-10-31 13:00:00-04:00,51.19,47.01,-0.0,4.18
2025-10-31 14:00:00-04:00,49.6,45.59,-0.0,4.01
2025-10-31 15:00:00-04:00,52.55,48.08,-0.0,4.47
2025-10-31 16:00:00-04:00,57.54,52.7,-0.0,4.84
2025-10-31 17:00:00-04:00,59.64,54.67,-0.0,4.97
2025-10-31 18:00:00-04:00,66.01,60.56,-0.0,5.45
2025-10-31 19:00:00-04:00,60.39,55.25,-0.0,5.14
2025-10-31 20:00:00-04:00,53.43,48.66,-0.0,4.77
2025-10-31 21:00:00-04:00,46.79,42.69,-0.0,4.1
2025-10-31 22:00:00-04:00,45.2,41.2,-0.0,4.0
2025-10-31 23:00:00-04:00,42.0,38.75,-0.0,3.25
2025-11-01 00:00:00-04:00,43.37,40.27,-0.0,3.1
2025-11-01 01:00:00-04:00,40.77,38.28,-0.0,2.49
2025-11-01 02:00:00-04:00,38.66,36.47,-0.0,2.19
2025-11-01 03:00:00-04:00,38.63,36.41,-0.0,2.22
2025-11-01 04:00:00-04:00,39.06,36.85,-0.0,2.21
2025-11-01 05:00:00-04:00,40.12,37.74,-0.0,2.38
2025-11-01 06:00:00-04:00,47.75,44.96,-0.0,2.79
2025-11-01 07:00:00-04:00,55.2,51.93,-0.0,3.27
2025-11-01 08:00:00-04:00,56.13,52.95,-0.0,3.18
2025-11-01 09:00:00-04:00,44.98,42.16,-0.0,2.82
2025-11-01 10:00:00-04:00,41.04,38.18,-0.0,2.86
2025-11-01 11:00:00-04:00,39.94,37.08,-0.0,2.86
2025-11-01 12:00:00-04:00,38.0,35.25,-0.0,2.75
2025-11-01 13:00:00-04:00,37.98,35.07,-0.0,2.91
2025-11-01 14:00:00-04:00,37.8,35.03,-0.0,2.77
2025-11-01 15:00:00-04:00,38.8,36.16,-0.0,2.64
2025-11-01 16:00:00-04:00,46.73,43.75,-0.0,2.98
2025-11-01 17:00:00-04:00,62.93,59.65,-0.0,3.28
2025-11-01 18:00:00-04:00,74.04,70.12,-0.0,3.92
2025-11-01 19:00:00-04:00,68.08,64.59,-0.0,3.49
2025-11-01 20:00:00-04:00,60.71,57.49,-0.0,3.22
2025-11-01 21:00:00-04:00,54.13,51.16,-0.0,2.97
2025-11-01 22:00:00-04:00,51.52,48.93,-0.0,2.59
2025-11-01 23:00:00-04:00,46.69,44.34,-0.0,2.35
2025-11-02 00:00:00-04:00,51.52,48.6,-0.0,2.92
2025-11-02 01:00:00-04:00,53.65,51.44,-0.0,2.21
2025-11-02 01:00:00-05:00,52.59,50.09,-0.0,2.5
2025-11-02 02:00:00-05:00,43.87,41.62,-0.0,2.25
2025-11-02 03:00:00-05:00,41.64,39.55,-0.0,2.09
2025-11-02 04:00:00-05:00,40.15,38.17,-0.0,1.98
2025-11-02 05:00:00-05:00,43.24,41.14,-0.0,2.1
2025-11-02 06:00:00-05:00,50.62,48.17,-0.0,2.45
2025-11-02 07:00:00-05:00,52.49,49.99,-0.0,2.5
2025-11-02 08:00:00-05:00,47.42,44.86,-0.0,2.56
2025-11-02 09:00:00-05:00,39.42,37.12,-0.0,2.3
2025-11-02 10:00:00-05:00,34.56,32.57,-0.0,1.99
2025-11-02 11:00:00-05:00,34.72,32.66,-0.0,2.06
2025-11-02 12:00:00-05:00,35.93,33.71,-0.0,2.22
2025-11-02 13:00:00-05:00,36.4,34.24,-0.0,2.16
2025-11-02 14:00:00-05:00,38.07,35.75,-0.0,2.32
2025-11-02 15:00:00-05:00,44.76,41.83,-0.0,2.93
2025-11-02 16:00:00-05:00,59.32,55.75,-0.0,3.57
2025-11-02 17:00:00-05:00,75.51,71.44,-0.0,4.07
2025-11-02 18:00:00-05:00,76.62,72.77,-0.0,3.85
2025-11-02 19:00:00-05:00,68.86,65.46,-0.0,3.4
2025-11-02 20:00:00-05:00,60.82,57.76,-0.0,3.06
2025-11-02 21:00:00-05:00,55.58,52.48,-0.0,3.1
2025-11-02 22:00:00-05:00,49.96,47.04,-0.0,2.92
2025-11-02 23:00:00-05:00,46.21,43.39,-0.0,2.82
2025-11-03 00:00:00-05:00,46.97,43.61,-0.0,3.36
2025-11-03 01:00:00-05:00,40.93,38.07,-0.0,2.86
2025-11-03 02:00:00-05:00,39.32,36.65,-0.0,2.67
2025-11-03 03:00:00-05:00,38.75,36.08,-0.0,2.67
2025-11-03 04:00:00-05:00,38.6,36.08,-0.0,2.52
2025-11-03 05:00:00-05:00,45.95,42.74,-0.0,3.21
2025-11-03 06:00:00-05:00,64.38,60.05,-0.0,4.33
2025-11-03 07:00:00-05:00,69.09,64.39,-0.0,4.7
2025-11-03 08:00:00-05:00,62.04,56.92,-0.0,5.12
2025-11-03 09:00:00-05:00,52.07,47.12,-0.0,4.95
2025-11-03 10:00:00-05:00,49.24,44.68,-0.0,4.56
2025-11-03 11:00:00-05:00,49.4,44.67,-0.0,4.73
2025-11-03 12:00:00-05:00,50.18,45.29,-0.0,4.89
2025-11-03 13:00:00-05:00,53.57,48.35,-0.0,5.22
2025-11-03 14:00:00-05:00,56.76,51.37,-0.0,5.39
2025-11-03 15:00:00-05:00,60.7,54.85,0.69,5.16
2025-11-03 16:00:00-05:00,77.2,68.9,1.75,6.55
2025-11-03 17:00:00-05:00,88.85,80.84,-0.0,8.01
2025-11-03 18:00:00-05:00,84.08,77.07,-0.0,7.01
2025-11-03 19:00:00-05:00,74.18,67.93,-0.0,6.25
2025-11-03 20:00:00-05:00,66.05,58.3,2.62,5.13
2025-11-03 21:00:00-05:00,57.57,50.4,2.58,4.59
2025-11-03 22:00:00-05:00,50.06,43.99,1.63,4.44
2025-11-03 23:00:00-05:00,44.99,41.16,-0.0,3.83
2025-11-04 00:00:00-05:00,41.76,38.21,-0.0,3.55
2025-11-04 01:00:00-05:00,38.55,35.43,-0.0,3.12
2025-11-04 02:00:00-05:00,37.65,34.7,-0.0,2.95
2025-11-04 03:00:00-05:00,36.94,34.17,-0.0,2.77
2025-11-04 04:00:00-05:00,38.56,35.67,-0.0,2.89
2025-11-04 05:00:00-05:00,42.76,39.41,-0.0,3.35
2025-11-04 06:00:00-05:00,61.4,56.8,-0.0,4.6
2025-11-04 07:00:00-05:00,71.47,65.75,-0.0,5.72
2025-11-04 08:00:00-05:00,49.26,45.53,-0.0,3.73
2025-11-04 09:00:00-05:00,41.77,38.39,-0.0,3.38
2025-11-04 10:00:00-05:00,37.63,34.52,-0.0,3.11
2025-11-04 11:00:00-05:00,37.16,34.0,-0.0,3.16
2025-11-04 12:00:00-05:00,36.99,33.84,-0.0,3.15
2025-11-04 13:00:00-05:00,38.68,35.36,-0.0,3.32
2025-11-04 14:00:00-05:00,42.15,38.63,-0.0,3.52
2025-11-04 15:00:00-05:00,49.39,45.61,-0.0,3.78
2025-11-04 16:00:00-05:00,68.77,64.21,-0.0,4.56
2025-11-04 17:00:00-05:00,93.69,87.32,-0.0,6.37
2025-11-04 18:00:00-05:00,86.68,81.24,-0.0,5.44
2025-11-04 19:00:00-05:00,72.15,67.75,-0.0,4.4
2025-11-04 20:00:00-05:00,63.32,59.29,-0.0,4.03
2025-11-04 21:00:00-05:00,55.09,51.68,-0.0,3.41
2025-11-04 22:00:00-05:00,50.34,47.05,-0.0,3.29
2025-11-04 23:00:00-05:00,46.5,43.58,-0.0,2.92
2025-11-05 00:00:00-05:00,44.6,41.71,0.01,2.88
2025-11-05 01:00:00-05:00,40.73,38.16,0.01,2.56
2025-11-05 02:00:00-05:00,40.47,38.14,-0.0,2.33
2025-11-05 03:00:00-05:00,39.22,37.0,-0.0,2.22
2025-11-05 04:00:00-05:00,41.4,38.94,-0.0,2.46
2025-11-05 05:00:00-05:00,48.81,45.74,0.01,3.06
2025-11-05 06:00:00-05:00,61.67,58.35,-0.0,3.32
2025-11-05 07:00:00-05:00,70.76,66.88,-0.0,3.88
2025-11-05 08:00:00-05:00,60.07,56.99,-0.0,3.08
2025-11-05 09:00:00-05:00,52.1,48.42,0.48,3.2
2025-11-05 10:00:00-05:00,50.42,43.89,3.46,3.07
2025-11-05 11:00:00-05:00,49.0,44.26,1.6,3.14
2025-11-05 12:00:00-05:00,50.73,42.83,4.78,3.12
2025-11-05 13:00:00-05:00,51.18,44.16,3.75,3.27
2025-11-05 14:00:00-05:00,54.0,47.63,2.8,3.57
2025-11-05 15:00:00-05:00,57.68,53.9,0.01,3.77
2025-11-05 16:00:00-05:00,72.1,67.64,-0.0,4.46
2025-11-05 17:00:00-05:00,83.04,77.46,-0.0,5.58
2025-11-05 18:00:00-05:00,71.65,67.4,-0.0,4.25
2025-11-05 19:00:00-05:00,60.62,56.92,-0.0,3.7
2025-11-05 20:00:00-05:00,55.95,52.09,0.01,3.85
2025-11-05 21:00:00-05:00,50.31,46.88,0.01,3.42
2025-11-05 22:00:00-05:00,46.14,42.79,0.01,3.34
2025-11-05 23:00:00-05:00,40.7,37.85,0.01,2.84
2025-11-06 00:00:00-05:00,39.66,36.85,0.01,2.8
2025-11-06 01:00:00-05:00,36.52,34.03,0.01,2.48
2025-11-06 02:00:00-05:00,36.15,33.84,0.01,2.3
2025-11-06 03:00:00-05:00,35.99,33.69,0.01,2.29
2025-11-06 04:00:00-05:00,37.34,34.99,0.01,2.34
2025-11-06 05:00:00-05:00,42.6,39.88,0.01,2.71
2025-11-06 06:00:00-05:00,60.76,56.88,0.01,3.87
2025-11-06 07:00:00-05:00,69.37,65.0,0.01,4.36
2025-11-06 08:00:00-05:00,55.03,51.47,0.01,3.55
2025-11-06 09:00:00-05:00,49.77,41.41,5.38,2.98
2025-11-06 10:00:00-05:00,42.77,39.1,0.82,2.85
2025-11-06 11:00:00-05:00,44.0,36.65,4.49,2.86
2025-11-06 12:00:00-05:00,44.0,38.85,2.28,2.87
2025-11-06 13:00:00-05:00,44.0,38.87,2.21,2.92
2025-11-06 14:00:00-05:00,46.0,41.42,1.43,3.15
2025-11-06 15:00:00-05:00,53.26,49.78,-0.0,3.48
2025-11-06 16:00:00-05:00,75.04,70.46,-0.0,4.58
2025-11-06 17:00:00-05:00,90.93,85.14,-0.0,5.79
2025-11-06 18:00:00-05:00,87.23,81.98,-0.0,5.25
2025-11-06 19:00:00-05:00,74.0,69.81,-0.0,4.19
2025-11-06 20:00:00-05:00,62.72,59.23,-0.0,3.49
2025-11-06 21:00:00-05:00,54.73,51.48,-0.0,3.25
2025-11-06 22:00:00-05:00,48.5,45.61,0.01,2.88
2025-11-06 23:00:00-05:00,46.42,43.92,-0.0,2.5
2025-11-07 00:00:00-05:00,46.03,43.17,0.01,2.85
2025-11-07 01:00:00-05:00,42.45,39.85,0.01,2.59
2025-11-07 02:00:00-05:00,42.3,39.79,-0.0,2.51
2025-11-07 03:00:00-05:00,41.15,38.71,-0.0,2.44
2025-11-07 04:00:00-05:00,40.84,38.38,-0.0,2.46
2025-11-07 05:00:00-05:00,47.19,44.17,0.01,3.01
2025-11-07 06:00:00-05:00,63.84,59.83,-0.0,4.01
2025-11-07 07:00:00-05:00,72.68,68.57,-0.0,4.11
2025-11-07 08:00:00-05:00,58.85,55.36,-0.0,3.49
2025-11-07 09:00:00-05:00,52.34,48.76,0.02,3.56
2025-11-07 10:00:00-05:00,47.87,44.43,0.02,3.42
2025-11-07 11:00:00-05:00,46.8,43.38,0.03,3.39
2025-11-07 12:00:00-05:00,45.98,42.51,0.03,3.44
2025-11-07 13:00:00-05:00,48.12,44.53,0.03,3.56
2025-11-07 14:00:00-05:00,52.37,48.46,0.03,3.88
2025-11-07 15:00:00-05:00,56.9,53.03,-0.0,3.87
2025-11-07 16:00:00-05:00,59.71,55.7,-0.0,4.01
2025-11-07 17:00:00-05:00,77.05,71.94,-0.0,5.11
2025-11-07 18:00:00-05:00,67.38,63.03,-0.0,4.35
2025-11-07 19:00:00-05:00,59.96,55.93,-0.0,4.03
2025-11-07 20:00:00-05:00,55.72,51.74,-0.0,3.98
2025-11-07 21:00:00-05:00,48.76,45.11,-0.0,3.65
2025-11-07 22:00:00-05:00,44.77,41.33,0.01,3.43
2025-11-07 23:00:00-05:00,43.4,40.17,0.01,3.22
2025-11-08 00:00:00-05:00,41.39,38.79,-0.0,2.6
2025-11-08 01:00:00-05:00,37.93,35.75,-0.0,2.18
2025-11-08 02:00:00-05:00,37.0,34.91,-0.0,2.09
2025-11-08 03:00:00-05:00,36.07,34.09,-0.0,1.98
2025-11-08 04:00:00-05:00,37.0,34.97,-0.0,2.03
2025-11-08 05:00:00-05:00,40.25,38.15,-0.0,2.1
2025-11-08 06:00:00-05:00,47.64,44.94,-0.0,2.7
2025-11-08 07:00:00-05:00,48.96,45.97,-0.0,2.99
2025-11-08 08:00:00-05:00,47.14,44.39,-0.0,2.75
2025-11-08 09:00:00-05:00,41.56,39.06,-0.0,2.5
2025-11-08 10:00:00-05:00,40.17,37.67,0.01,2.49
2025-11-08 11:00:00-05:00,38.83,36.25,0.01,2.57
2025-11-08 12:00:00-05:00,37.86,35.38,0.01,2.47
2025-11-08 13:00:00-05:00,39.14,36.61,0.01,2.52
2025-11-08 14:00:00-05:00,39.78,37.31,0.01,2.46
2025-11-08 15:00:00-05:00,49.27,46.61,-0.0,2.66
2025-11-08 16:00:00-05:00,60.89,57.94,-0.0,2.95
2025-11-08 17:00:00-05:00,77.67,74.25,-0.0,3.42
2025-11-08 18:00:00-05:00,73.26,70.1,-0.0,3.16
2025-11-08 19:00:00-05:00,68.05,64.93,-0.0,3.12
2025-11-08 20:00:00-05:00,57.36,54.78,-0.0,2.58
2025-11-08 21:00:00-05:00,50.16,47.59,-0.0,2.57
2025-11-08 22:00:00-05:00,45.0,42.66,-0.0,2.34
2025-11-08 23:00:00-05:00,42.92,40.95,-0.0,1.97
2025-11-09 00:00:00-05:00,51.05,48.48,-0.0,2.57
2025-11-09 01:00:00-05:00,47.58,45.36,-0.0,2.22
2025-11-09 02:00:00-05:00,42.98,40.97,-0.0,2.01
2025-11-09 03:00:00-05:00,41.29,39.47,-0.0,1.82
2025-11-09 04:00:00-05:00,40.17,38.55,-0.0,1.62
2025-11-09 05:00:00-05:00,43.62,41.78,-0.0,1.84
2025-11-09 06:00:00-05:00,49.51,47.38,-0.0,2.13
2025-11-09 07:00:00-05:00,50.87,48.68,-0.0,2.19
2025-11-09 08:00:00-05:00,45.44,42.99,-0.0,2.45
2025-11-09 09:00:00-05:00,51.85,48.78,-0.0,3.07
2025-11-09 10:00:00-05:00,52.51,49.44,-0.0,3.07
2025-11-09 11:00:00-05:00,51.44,48.3,-0.0,3.14
2025-11-09 12:00:00-05:00,54.59,50.97,-0.0,3.62
2025-11-09 13:00:00-05:00,57.05,53.37,-0.0,3.68
2025-11-09 14:00:00-05:00,58.95,54.99,-0.0,3.96
2025-11-09 15:00:00-05:00,62.4,58.64,-0.0,3.76
2025-11-09 16:00:00-05:00,65.23,61.25,-0.0,3.98
2025-11-09 17:00:00-05:00,83.54,78.51,-0.0,5.03
2025-11-09 18:00:00-05:00,81.78,76.72,-0.0,5.06
2025-11-09 19:00:00-05:00,69.02,65.05,-0.0,3.97
2025-11-09 20:00:00-05:00,61.31,57.84,-0.0,3.47
2025-11-09 21:00:00-05:00,52.77,49.46,-0.0,3.31
2025-11-09 22:00:00-05:00,46.84,44.19,-0.0,2.65
2025-11-09 23:00:00-05:00,43.11,40.9,-0.0,2.21
2025-11-10 00:00:00-05:00,46.3,43.89,-0.0,2.41
2025-11-10 01:00:00-05:00,42.11,39.95,-0.0,2.16
2025-11-10 02:00:00-05:00,41.01,39.13,-0.0,1.88
2025-11-10 03:00:00-05:00,39.32,37.55,-0.0,1.77
2025-11-10 04:00:00-05:00,40.3,38.35,-0.0,1.95
2025-11-10 05:00:00-05:00,47.09,44.42,-0.0,2.67
2025-11-10 06:00:00-05:00,61.02,57.79,-0.0,3.23
2025-11-10 07:00:00-05:00,71.43,67.45,-0.0,3.98
2025-11-10 08:00:00-05:00,65.57,61.92,-0.0,3.65
2025-11-10 09:00:00-05:00,63.42,59.66,-0.0,3.76
2025-11-10 10:00:00-05:00,62.41,58.6,-0.0,3.81
2025-11-10 11:00:00-05:00,61.92,58.09,-0.0,3.83
2025-11-10 12:00:00-05:00,61.86,57.98,-0.0,3.88
2025-11-10 13:00:00-05:00,64.16,60.19,-0.0,3.97
2025-11-10 14:00:00-05:00,63.2,59.4,-0.0,3.8
2025-11-10 15:00:00-05:00,71.21,66.99,-0.0,4.22
2025-11-10 16:00:00-05:00,89.64,84.01,-0.0,5.63
2025-11-10 17:00:00-05:00,111.81,104.99,-0.0,6.82
2025-11-10 18:00:00-05:00,99.74,93.31,-0.0,6.43
2025-11-10 19:00:00-05:00,86.89,81.29,-0.0,5.6
2025-11-10 20:00:00-05:00,71.33,67.16,-0.0,4.17
2025-11-10 21:00:00-05:00,64.81,60.57,-0.0,4.24
2025-11-10 22:00:00-05:00,55.69,51.85,-0.0,3.84
2025-11-10 23:00:00-05:00,52.85,49.35,-0.0,3.5
2025-11-11 00:00:00-05:00,49.5,46.01,-0.0,3.49
2025-11-11 01:00:00-05:00,48.64,45.24,-0.0,3.4
2025-11-11 02:00:00-05:00,45.35,42.46,-0.0,2.89
2025-11-11 03:00:00-05:00,44.91,42.05,-0.0,2.86
2025-11-11 04:00:00-05:00,47.89,44.63,-0.0,3.26
2025-11-11 05:00:00-05:00,52.98,49.1,-0.0,3.88
2025-11-11 06:00:00-05:00,69.87,64.98,0.01,4.88
2025-11-11 07:00:00-05:00,80.62,75.07,-0.0,5.55
2025-11-11 08:00:00-05:00,68.6,63.63,-0.0,4.97
2025-11-11 09:00:00-05:00,64.94,59.96,0.01,4.97
2025-11-11 10:00:00-05:00,65.0,60.0,0.02,4.98
2025-11-11 11:00:00-05:00,62.46,57.29,0.3,4.87
2025-11-11 12:00:00-05:00,62.37,55.94,1.51,4.92
2025-11-11 13:00:00-05:00,62.51,56.33,1.11,5.07
2025-11-11 14:00:00-05:00,62.77,56.86,0.68,5.23
2025-11-11 15:00:00-05:00,67.05,61.23,0.07,5.75
2025-11-11 16:00:00-05:00,88.25,80.96,-0.0,7.29
2025-11-11 17:00:00-05:00,116.15,106.86,-0.0,9.29
2025-11-11 18:00:00-05:00,102.05,93.97,-0.0,8.08
2025-11-11 19:00:00-05:00,91.63,84.61,-0.0,7.02
2025-11-11 20:00:00-05:00,74.31,69.19,-0.0,5.12
2025-11-11 21:00:00-05:00,67.32,61.98,0.01,5.33
2025-11-11 22:00:00-05:00,57.91,53.76,0.01,4.14
2025-11-11 23:00:00-05:00,53.35,49.72,-0.0,3.63
2025-11-12 00:00:00-05:00,51.13,47.65,-0.0,3.48
2025-11-12 01:00:00-05:00,46.95,43.96,-0.0,2.99
2025-11-12 02:00:00-05:00,45.82,42.78,-0.0,3.04
2025-11-12 03:00:00-05:00,45.47,42.5,-0.0,2.97
2025-11-12 04:00:00-05:00,46.0,43.11,-0.0,2.89
2025-11-12 05:00:00-05:00,49.59,46.48,-0.0,3.11
2025-11-12 06:00:00-05:00,72.38,67.96,-0.0,4.42
2025-11-12 07:00:00-05:00,91.4,86.23,-0.0,5.17
2025-11-12 08:00:00-05:00,82.65,77.67,-0.0,4.98
2025-11-12 09:00:00-05:00,71.53,67.48,-0.0,4.05
2025-11-12 10:00:00-05:00,67.67,63.66,-0.0,4.01
2025-11-12 11:00:00-05:00,66.27,62.17,-0.0,4.1
2025-11-12 12:00:00-05:00,64.49,60.44,-0.0,4.05
2025-11-12 13:00:00-05:00,66.06,61.85,-0.0,4.21
2025-11-12 14:00:00-05:00,66.44,62.09,-0.0,4.35
2025-11-12 15:00:00-05:00,68.95,64.68,-0.0,4.27
2025-11-12 16:00:00-05:00,77.92,73.1,-0.0,4.82
2025-11-12 17:00:00-05:00,90.46,85.1,-0.0,5.36
2025-11-12 18:00:00-05:00,85.22,80.24,-0.0,4.98
2025-11-12 19:00:00-05:00,77.47,72.95,-0.0,4.52
2025-11-12 20:00:00-05:00,67.79,64.01,-0.0,3.78
2025-11-12 21:00:00-05:00,61.23,57.5,-0.0,3.73
2025-11-12 22:00:00-05:00,54.37,50.91,-0.0,3.46
2025-11-12 23:00:00-05:00,48.73,45.71,-0.0,3.02
2025-11-13 00:00:00-05:00,47.19,44.1,-0.0,3.09
2025-11-13 01:00:00-05:00,46.1,43.25,-0.0,2.85
2025-11-13 02:00:00-05:00,43.74,41.19,-0.0,2.55
2025-11-13 03:00:00-05:00,43.73,41.18,-0.0,2.55
2025-11-13 04:00:00-05:00,43.55,41.05,-0.0,2.5
2025-11-13 05:00:00-05:00,45.97,43.33,-0.0,2.64
2025-11-13 06:00:00-05:00,67.04,63.0,-0.0,4.04
2025-11-13 07:00:00-05:00,79.9,75.88,-0.0,4.02
2025-11-13 08:00:00-05:00,65.23,61.6,-0.0,3.63
2025-11-13 09:00:00-05:00,59.8,56.36,-0.0,3.44
2025-11-13 10:00:00-05:00,56.5,53.05,-0.0,3.45
2025-11-13 11:00:00-05:00,54.66,51.23,-0.0,3.43
2025-11-13 12:00:00-05:00,54.56,51.04,-0.0,3.52
2025-11-13 13:00:00-05:00,55.33,51.81,-0.0,3.52
2025-11-13 14:00:00-05:00,56.34,52.75,-0.0,3.59
2025-11-13 15:00:00-05:00,64.12,60.26,-0.0,3.86
2025-11-13 16:00:00-05:00,74.09,69.31,-0.0,4.78
2025-11-13 17:00:00-05:00,94.14,88.23,-0.0,5.91
2025-11-13 18:00:00-05:00,83.58,78.55,-0.0,5.03
2025-11-13 19:00:00-05:00,70.64,66.71,-0.0,3.93
2025-11-13 20:00:00-05:00,63.4,59.98,-0.0,3.42
2025-11-13 21:00:00-05:00,59.41,56.21,-0.0,3.2
2025-11-13 22:00:00-05:00,54.58,51.44,-0.0,3.14
2025-11-13 23:00:00-05:00,50.76,47.98,-0.0,2.78
2025-11-14 00:00:00-05:00,54.07,50.58,-0.0,3.49
2025-11-14 01:00:00-05:00,47.88,45.08,-0.0,2.8
2025-11-14 02:00:00-05:00,46.53,44.02,-0.0,2.51
2025-11-14 03:00:00-05:00,45.48,43.19,-0.0,2.29
2025-11-14 04:00:00-05:00,47.61,45.17,-0.0,2.44
2025-11-14 05:00:00-05:00,53.24,50.23,-0.0,3.01
2025-11-14 06:00:00-05:00,72.36,68.79,-0.0,3.57
2025-11-14 07:00:00-05:00,92.24,87.77,-0.0,4.47
2025-11-14 08:00:00-05:00,69.98,66.27,-0.0,3.71
2025-11-14 09:00:00-05:00,59.24,55.83,-0.0,3.41
2025-11-14 10:00:00-05:00,56.4,52.61,-0.0,3.79
2025-11-14 11:00:00-05:00,53.34,49.38,0.01,3.95
2025-11-14 12:00:00-05:00,55.93,51.98,-0.0,3.95
2025-11-14 13:00:00-05:00,57.81,53.98,-0.0,3.83
2025-11-14 14:00:00-05:00,62.43,58.78,-0.0,3.65
2025-11-14 15:00:00-05:00,68.93,64.9,-0.0,4.03
2025-11-14 16:00:00-05:00,87.64,82.06,-0.0,5.58
2025-11-14 17:00:00-05:00,101.46,95.0,-0.0,6.46
2025-11-14 18:00:00-05:00,88.72,84.02,-0.0,4.7
2025-11-14 19:00:00-05:00,77.75,73.84,-0.0,3.91
2025-11-14 20:00:00-05:00,66.58,63.41,-0.0,3.17
2025-11-14 21:00:00-05:00,61.93,58.87,-0.0,3.06
2025-11-14 22:00:00-05:00,57.0,53.72,-0.0,3.28
2025-11-14 23:00:00-05:00,53.08,49.88,-0.0,3.2
2025-11-15 00:00:00-05:00,57.38,54.79,0.01,2.58
2025-11-15 01:00:00-05:00,56.72,54.21,0.01,2.5
2025-11-15 02:00:00-05:00,52.97,50.39,0.01,2.57
2025-11-15 03:00:00-05:00,53.13,50.5,0.01,2.62
2025-11-15 04:00:00-05:00,52.65,49.99,0.01,2.65
2025-11-15 05:00:00-05:00,54.52,51.93,-0.0,2.59
2025-11-15 06:00:00-05:00,66.42,63.62,-0.0,2.8
2025-11-15 07:00:00-05:00,67.0,64.3,-0.0,2.7
2025-11-15 08:00:00-05:00,58.66,55.92,-0.0,2.74
2025-11-15 09:00:00-05:00,54.16,51.09,0.16,2.91
2025-11-15 10:00:00-05:00,53.39,47.41,2.99,2.99
2025-11-15 11:00:00-05:00,52.0,45.09,4.11,2.8
2025-11-15 12:00:00-05:00,53.53,45.09,5.46,2.98
2025-11-15 13:00:00-05:00,54.32,47.3,3.9,3.12
2025-11-15 14:00:00-05:00,57.93,51.76,2.91,3.26
2025-11-15 15:00:00-05:00,62.53,59.22,-0.0,3.31
2025-11-15 16:00:00-05:00,67.58,63.82,-0.0,3.76
2025-11-15 17:00:00-05:00,75.25,71.19,-0.0,4.06
2025-11-15 18:00:00-05:00,69.44,65.95,-0.0,3.49
2025-11-15 19:00:00-05:00,63.74,60.48,-0.0,3.26
2025-11-15 20:00:00-05:00,58.95,53.1,2.45,3.4
2025-11-15 21:00:00-05:00,55.02,48.1,3.84,3.08
2025-11-15 22:00:00-05:00,52.93,45.48,4.54,2.91
2025-11-15 23:00:00-05:00,47.0,44.06,0.16,2.78
2025-11-16 00:00:00-05:00,42.25,39.56,-0.0,2.69
2025-11-16 01:00:00-05:00,40.02,37.64,0.01,2.37
2025-11-16 02:00:00-05:00,39.06,36.71,-0.0,2.35
2025-11-16 03:00:00-05:00,37.84,35.73,-0.0,2.11
2025-11-16 04:00:00-05:00,36.09,34.01,-0.0,2.08
2025-11-16 05:00:00-05:00,37.0,34.84,-0.0,2.16
2025-11-16 06:00:00-05:00,39.66,37.49,-0.0,2.17
2025-11-16 07:00:00-05:00,41.95,39.69,-0.0,2.26
2025-11-16 08:00:00-05:00,40.39,38.07,-0.0,2.32
2025-11-16 09:00:00-05:00,39.92,37.31,-0.0,2.61
2025-11-16 10:00:00-05:00,38.83,36.29,-0.0,2.54
2025-11-16 11:00:00-05:00,38.61,35.91,-0.0,2.7
2025-11-16 12:00:00-05:00,41.15,38.17,-0.0,2.98
2025-11-16 13:00:00-05:00,41.85,38.68,-0.0,3.17
2025-11-16 14:00:00-05:00,43.92,40.63,-0.0,3.29
2025-11-16 15:00:00-05:00,48.31,44.86,-0.0,3.45
2025-11-16 16:00:00-05:00,56.08,51.97,-0.0,4.11
2025-11-16 17:00:00-05:00,65.81,61.45,-0.0,4.36
2025-11-16 18:00:00-05:00,62.31,58.29,-0.0,4.02
2025-11-16 19:00:00-05:00,55.75,51.81,-0.0,3.94
2025-11-16 20:00:00-05:00,50.2,46.61,-0.0,3.59
2025-11-16 21:00:00-05:00,46.72,43.22,-0.0,3.5
2025-11-16 22:00:00-05:00,43.0,40.0,-0.0,3.0
2025-11-16 23:00:00-05:00,42.09,39.34,-0.0,2.75
2025-11-17 00:00:00-05:00,43.11,40.07,-0.0,3.04
2025-11-17 01:00:00-05:00,39.48,36.93,-0.0,2.55
2025-11-17 02:00:00-05:00,37.68,35.35,-0.0,2.33
2025-11-17 03:00:00-05:00,37.36,35.05,-0.0,2.31
2025-11-17 04:00:00-05:00,39.6,36.97,-0.0,2.63
2025-11-17 05:00:00-05:00,43.17,40.27,-0.0,2.9
2025-11-17 06:00:00-05:00,59.75,56.0,-0.0,3.75
2025-11-17 07:00:00-05:00,71.65,67.09,-0.0,4.56
2025-11-17 08:00:00-05:00,59.7,56.0,-0.0,3.7
2025-11-17 09:00:00-05:00,55.88,52.23,-0.0,3.65
2025-11-17 10:00:00-05:00,55.25,51.59,-0.0,3.66
2025-11-17 11:00:00-05:00,54.21,50.42,0.01,3.78
2025-11-17 12:00:00-05:00,53.98,50.16,0.01,3.81
2025-11-17 13:00:00-05:00,55.06,51.03,-0.0,4.03
2025-11-17 14:00:00-05:00,55.89,52.23,-0.0,3.66
2025-11-17 15:00:00-05:00,59.29,55.51,-0.0,3.78
2025-11-17 16:00:00-05:00,71.57,67.26,-0.0,4.31
2025-11-17 17:00:00-05:00,93.46,87.26,-0.0,6.2
2025-11-17 18:00:00-05:00,82.73,77.97,-0.0,4.76
2025-11-17 19:00:00-05:00,70.63,66.57,-0.0,4.06
2025-11-17 20:00:00-05:00,64.73,61.12,-0.0,3.61
2025-11-17 21:00:00-05:00,59.41,55.94,-0.0,3.47
2025-11-17 22:00:00-05:00,53.99,50.79,-0.0,3.2
2025-11-17 23:00:00-05:00,50.7,47.92,-0.0,2.78
2025-11-18 00:00:00-05:00,46.07,43.34,-0.0,2.73
2025-11-18 01:00:00-05:00,43.83,41.39,-0.0,2.44
2025-11-18 02:00:00-05:00,43.58,41.27,-0.0,2.31
2025-11-18 03:00:00-05:00,43.46,41.16,-0.0,2.3
2025-11-18 04:00:00-05:00,44.31,42.08,-0.0,2.23
2025-11-18 05:00:00-05:00,46.32,43.91,-0.0,2.41
2025-11-18 06:00:00-05:00,64.6,60.6,-0.0,4.0
2025-11-18 07:00:00-05:00,81.11,76.52,-0.0,4.59
2025-11-18 08:00:00-05:00,58.94,55.5,-0.0,3.44
2025-11-18 09:00:00-05:00,53.53,50.11,0.01,3.41
2025-11-18 10:00:00-05:00,49.42,46.09,0.01,3.32
2025-11-18 11:00:00-05:00,47.9,44.67,0.01,3.22
2025-11-18 12:00:00-05:00,47.33,44.04,0.12,3.17
2025-11-18 13:00:00-05:00,49.23,46.01,-0.0,3.22
2025-11-18 14:00:00-05:00,50.75,47.42,0.01,3.32
2025-11-18 15:00:00-05:00,59.2,55.59,-0.0,3.61
2025-11-18 16:00:00-05:00,72.85,69.12,-0.0,3.73
2025-11-18 17:00:00-05:00,97.81,92.45,-0.0,5.36
2025-11-18 18:00:00-05:00,86.06,81.42,-0.0,4.64
2025-11-18 19:00:00-05:00,75.33,71.54,-0.0,3.79
2025-11-18 20:00:00-05:00,67.61,64.33,-0.0,3.28
2025-11-18 21:00:00-05:00,59.71,56.71,-0.0,3.0
2025-11-18 22:00:00-05:00,55.75,52.69,-0.0,3.06
2025-11-18 23:00:00-05:00,50.65,48.1,-0.0,2.55
2025-11-19 00:00:00-05:00,55.47,52.98,-0.0,2.49
2025-11-19 01:00:00-05:00,52.89,50.61,-0.0,2.28
2025-11-19 02:00:00-05:00,51.59,49.18,-0.0,2.41
2025-11-19 03:00:00-05:00,52.32,49.88,-0.0,2.44
2025-11-19 04:00:00-05:00,53.12,50.59,-0.0,2.53
2025-11-19 05:00:00-05:00,56.63,53.53,-0.0,3.1
2025-11-19 06:00:00-05:00,78.92,74.67,-0.0,4.25
2025-11-19 07:00:00-05:00,93.04,88.02,-0.0,5.02
2025-11-19 08:00:00-05:00,66.1,61.94,0.01,4.15
2025-11-19 09:00:00-05:00,64.44,55.49,4.84,4.11
2025-11-19 10:00:00-05:00,58.8,47.49,7.42,3.89
2025-11-19 11:00:00-05:00,57.96,46.85,7.32,3.79
2025-11-19 12:00:00-05:00,56.0,46.09,6.22,3.69
2025-11-19 13:00:00-05:00,54.56,47.15,3.73,3.68
2025-11-19 14:00:00-05:00,57.88,49.9,4.19,3.79
2025-11-19 15:00:00-05:00,65.06,60.51,0.01,4.54
2025-11-19 16:00:00-05:00,83.74,78.26,-0.0,5.48
2025-11-19 17:00:00-05:00,102.0,95.33,-0.0,6.67
2025-11-19 18:00:00-05:00,88.97,83.3,-0.0,5.67
2025-11-19 19:00:00-05:00,81.49,76.66,-0.0,4.83
2025-11-19 20:00:00-05:00,71.09,67.58,-0.0,3.51
2025-11-19 21:00:00-05:00,63.72,59.94,-0.0,3.78
2025-11-19 22:00:00-05:00,58.83,55.29,-0.0,3.54
2025-11-19 23:00:00-05:00,55.91,52.9,-0.0,3.01
2025-11-20 00:00:00-05:00,53.58,50.79,-0.0,2.79
2025-11-20 01:00:00-05:00,49.7,47.29,-0.0,2.41
2025-11-20 02:00:00-05:00,47.31,45.06,-0.0,2.25
2025-11-20 03:00:00-05:00,46.59,44.46,-0.0,2.13
2025-11-20 04:00:00-05:00,47.9,45.71,-0.0,2.19
2025-11-20 05:00:00-05:00,53.51,50.53,-0.0,2.98
2025-11-20 06:00:00-05:00,77.46,73.15,-0.0,4.31
2025-11-20 07:00:00-05:00,90.39,85.68,-0.0,4.71
2025-11-20 08:00:00-05:00,68.13,63.96,0.01,4.16
2025-11-20 09:00:00-05:00,60.45,56.17,0.52,3.76
2025-11-20 10:00:00-05:00,54.15,50.32,0.01,3.82
2025-11-20 11:00:00-05:00,49.33,45.84,0.01,3.48
2025-11-20 12:00:00-05:00,49.96,46.33,0.01,3.62
2025-11-20 13:00:00-05:00,51.96,48.24,0.01,3.71
2025-11-20 14:00:00-05:00,52.2,48.55,0.01,3.64
2025-11-20 15:00:00-05:00,62.09,55.35,2.7,4.04
2025-11-20 16:00:00-05:00,76.18,71.2,-0.0,4.98
2025-11-20 17:00:00-05:00,87.0,81.23,-0.0,5.77
2025-11-20 18:00:00-05:00,77.15,72.03,-0.0,5.12
2025-11-20 19:00:00-05:00,71.29,66.29,0.22,4.78
2025-11-20 20:00:00-05:00,64.48,60.02,0.2,4.26
2025-11-20 21:00:00-05:00,59.75,54.35,1.43,3.97
2025-11-20 22:00:00-05:00,52.91,49.25,0.01,3.65
2025-11-20 23:00:00-05:00,50.0,44.73,2.05,3.22
2025-11-21 00:00:00-05:00,51.75,47.89,0.41,3.45
2025-11-21 01:00:00-05:00,47.61,44.58,-0.0,3.03
2025-11-21 02:00:00-05:00,44.92,42.03,0.07,2.82
2025-11-21 03:00:00-05:00,43.91,41.31,-0.0,2.6
2025-11-21 04:00:00-05:00,44.78,42.13,-0.0,2.65
2025-11-21 05:00:00-05:00,51.88,41.93,7.18,2.77
2025-11-21 06:00:00-05:00,72.98,68.02,0.54,4.42
2025-11-21 07:00:00-05:00,79.29,73.67,0.61,5.01
2025-11-21 08:00:00-05:00,71.38,66.45,0.28,4.65
2025-11-21 09:00:00-05:00,67.15,59.0,3.72,4.43
2025-11-21 10:00:00-05:00,61.42,56.6,0.46,4.36
2025-11-21 11:00:00-05:00,63.0,53.92,4.82,4.26
2025-11-21 12:00:00-05:00,62.64,52.63,5.75,4.26
2025-11-21 13:00:00-05:00,62.47,52.24,6.0,4.23
2025-11-21 14:00:00-05:00,63.12,55.06,3.76,4.3
2025-11-21 15:00:00-05:00,66.58,54.91,7.27,4.4
2025-11-21 16:00:00-05:00,75.63,65.64,4.94,5.05
2025-11-21 17:00:00-05:00,86.36,80.04,-0.0,6.32
2025-11-21 18:00:00-05:00,78.26,72.66,-0.0,5.6
2025-11-21 19:00:00-05:00,70.72,65.66,-0.0,5.06
2025-11-21 20:00:00-05:00,67.33,62.33,0.01,4.99
2025-11-21 21:00:00-05:00,61.27,56.94,0.01,4.32
2025-11-21 22:00:00-05:00,57.27,53.57,0.01,3.69
2025-11-21 23:00:00-05:00,50.42,47.29,0.01,3.12
2025-11-22 00:00:00-05:00,52.27,49.12,-0.0,3.15
2025-11-22 01:00:00-05:00,50.26,47.42,-0.0,2.84
2025-11-22 02:00:00-05:00,46.15,43.66,-0.0,2.49
2025-11-22 03:00:00-05:00,44.46,42.14,-0.0,2.32
2025-11-22 04:00:00-05:00,43.75,41.51,-0.0,2.24
2025-11-22 05:00:00-05:00,46.47,44.05,-0.0,2.42
2025-11-22 06:00:00-05:00,56.58,53.17,-0.0,3.41
2025-11-22 07:00:00-05:00,61.73,57.96,-0.0,3.77
2025-11-22 08:00:00-05:00,59.84,55.82,-0.0,4.02
2025-11-22 09:00:00-05:00,56.36,52.33,-0.0,4.03
2025-11-22 10:00:00-05:00,55.15,51.16,-0.0,3.99
2025-11-22 11:00:00-05:00,52.59,48.6,-0.0,3.99
2025-11-22 12:00:00-05:00,50.38,46.56,-0.0,3.82
2025-11-22 13:00:00-05:00,50.49,46.66,-0.0,3.83
2025-11-22 14:00:00-05:00,53.81,49.78,-0.0,4.03
2025-11-22 15:00:00-05:00,58.95,54.74,-0.0,4.21
2025-11-22 16:00:00-05:00,71.2,66.61,-0.0,4.59
2025-11-22 17:00:00-05:00,85.0,79.36,-0.0,5.64
2025-11-22 18:00:00-05:00,77.15,71.83,-0.0,5.32
2025-11-22 19:00:00-05:00,71.4,66.48,-0.0,4.92
2025-11-22 20:00:00-05:00,69.21,64.44,-0.0,4.77
2025-11-22 21:00:00-05:00,62.37,58.13,-0.0,4.24
2025-11-22 22:00:00-05:00,58.03,54.23,-0.0,3.8
2025-11-22 23:00:00-05:00,53.29,50.04,-0.0,3.25
2025-11-23 00:00:00-05:00,53.52,50.02,-0.0,3.5
2025-11-23 01:00:00-05:00,48.98,45.81,0.15,3.02
2025-11-23 02:00:00-05:00,48.51,42.89,2.83,2.79
2025-11-23 03:00:00-05:00,46.43,41.97,1.81,2.65
2025-11-23 04:00:00-05:00,46.05,40.54,3.0,2.51
2025-11-23 05:00:00-05:00,46.98,39.66,4.7,2.62
2025-11-23 06:00:00-05:00,53.59,44.14,6.49,2.96
2025-11-23 07:00:00-05:00,56.87,43.34,10.54,2.99
2025-11-23 08:00:00-05:00,55.82,43.64,9.08,3.1
2025-11-23 09:00:00-05:00,55.84,44.08,8.54,3.22
2025-11-23 10:00:00-05:00,55.47,49.07,2.92,3.48
2025-11-23 11:00:00-05:00,57.86,49.65,4.44,3.77
2025-11-23 12:00:00-05:00,60.14,49.64,6.77,3.73
2025-11-23 13:00:00-05:00,60.22,46.25,10.5,3.47
2025-11-23 14:00:00-05:00,63.41,47.55,12.43,3.43
2025-11-23 15:00:00-05:00,67.77,53.3,10.8,3.67
2025-11-23 16:00:00-05:00,74.41,54.12,16.5,3.79
2025-11-23 17:00:00-05:00,90.25,65.76,19.49,5.0
2025-11-23 18:00:00-05:00,83.42,55.72,23.58,4.12
2025-11-23 19:00:00-05:00,79.16,53.49,21.82,3.85
2025-11-23 20:00:00-05:00,74.08,52.18,18.2,3.7
2025-11-23 21:00:00-05:00,64.43,47.82,13.02,3.59
2025-11-23 22:00:00-05:00,58.51,48.36,6.57,3.58
2025-11-23 23:00:00-05:00,53.27,43.88,6.27,3.12
2025-11-24 00:00:00-05:00,51.92,48.66,-0.0,3.26
2025-11-24 01:00:00-05:00,48.78,46.02,-0.0,2.76
2025-11-24 02:00:00-05:00,49.13,46.35,-0.0,2.78
2025-11-24 03:00:00-05:00,48.72,46.05,-0.0,2.67
2025-11-24 04:00:00-05:00,50.42,47.79,-0.0,2.63
2025-11-24 05:00:00-05:00,55.27,52.09,-0.0,3.18
2025-11-24 06:00:00-05:00,75.66,71.04,-0.0,4.62
2025-11-24 07:00:00-05:00,90.45,84.84,0.01,5.6
2025-11-24 08:00:00-05:00,69.26,65.14,0.01,4.11
2025-11-24 09:00:00-05:00,60.89,52.57,4.7,3.62
2025-11-24 10:00:00-05:00,59.0,50.66,4.74,3.6
2025-11-24 11:00:00-05:00,54.0,49.33,1.07,3.6
2025-11-24 12:00:00-05:00,51.92,48.33,0.01,3.58
2025-11-24 13:00:00-05:00,59.0,49.28,6.02,3.7
2025-11-24 14:00:00-05:00,59.0,53.1,1.91,3.99
2025-11-24 15:00:00-05:00,68.13,62.66,1.09,4.38
2025-11-24 16:00:00-05:00,83.1,77.74,-0.0,5.36
2025-11-24 17:00:00-05:00,91.96,85.77,0.01,6.18
2025-11-24 18:00:00-05:00,83.05,77.39,0.01,5.65
2025-11-24 19:00:00-05:00,73.75,68.42,0.4,4.93
2025-11-24 20:00:00-05:00,68.6,60.41,3.96,4.23
2025-11-24 21:00:00-05:00,63.57,53.56,5.99,4.02
2025-11-24 22:00:00-05:00,59.0,47.78,7.54,3.68
2025-11-24 23:00:00-05:00,55.76,42.92,9.71,3.13
2025-11-25 00:00:00-05:00,48.83,45.89,-0.0,2.94
2025-11-25 01:00:00-05:00,45.46,42.72,-0.0,2.74
2025-11-25 02:00:00-05:00,45.3,42.78,-0.0,2.52
2025-11-25 03:00:00-05:00,44.54,42.26,-0.0,2.28
2025-11-25 04:00:00-05:00,46.04,43.68,-0.0,2.36
2025-11-25 05:00:00-05:00,47.62,44.92,-0.0,2.7
2025-11-25 06:00:00-05:00,63.0,59.04,-0.0,3.96
2025-11-25 07:00:00-05:00,74.03,69.71,-0.0,4.32
2025-11-25 08:00:00-05:00,72.49,67.93,0.01,4.55
2025-11-25 09:00:00-05:00,76.17,63.79,7.92,4.46
2025-11-25 10:00:00-05:00,68.01,62.6,1.09,4.32
2025-11-25 11:00:00-05:00,70.8,62.14,4.56,4.1
2025-11-25 12:00:00-05:00,73.32,63.27,5.87,4.18
2025-11-25 13:00:00-05:00,72.98,64.12,4.5,4.36
2025-11-25 14:00:00-05:00,72.52,68.09,0.01,4.42
2025-11-25 15:00:00-05:00,78.84,74.16,0.01,4.67
2025-11-25 16:00:00-05:00,83.15,77.71,-0.0,5.44
2025-11-25 17:00:00-05:00,87.59,81.77,0.01,5.81
2025-11-25 18:00:00-05:00,79.0,73.89,0.01,5.1
2025-11-25 19:00:00-05:00,71.83,67.19,0.01,4.63
2025-11-25 20:00:00-05:00,66.89,62.62,0.01,4.26
2025-11-25 21:00:00-05:00,60.71,56.24,0.48,3.99
2025-11-25 22:00:00-05:00,52.86,49.59,-0.0,3.27
2025-11-25 23:00:00-05:00,47.53,44.71,-0.0,2.82
2025-11-26 00:00:00-05:00,45.69,42.97,0.01,2.71
2025-11-26 01:00:00-05:00,41.77,39.52,-0.0,2.25
2025-11-26 02:00:00-05:00,41.41,39.18,-0.0,2.23
2025-11-26 03:00:00-05:00,40.93,38.95,-0.0,1.98
2025-11-26 04:00:00-05:00,40.9,38.95,-0.0,1.95
2025-11-26 05:00:00-05:00,40.8,38.53,-0.0,2.27
2025-11-26 06:00:00-05:00,52.43,46.63,2.77,3.03
2025-11-26 07:00:00-05:00,59.91,55.98,0.01,3.92
2025-11-26 08:00:00-05:00,62.07,57.95,0.01,4.11
2025-11-26 09:00:00-05:00,72.22,60.33,7.79,4.1
2025-11-26 10:00:00-05:00,70.07,59.0,6.7,4.37
2025-11-26 11:00:00-05:00,69.5,56.39,9.0,4.11
2025-11-26 12:00:00-05:00,65.96,55.35,6.46,4.15
2025-11-26 13:00:00-05:00,65.93,54.44,7.46,4.03
2025-11-26 14:00:00-05:00,66.96,52.45,10.63,3.88
2025-11-26 15:00:00-05:00,71.97,51.83,16.31,3.83
2025-11-26 16:00:00-05:00,73.15,53.27,15.94,3.94
2025-11-26 17:00:00-05:00,76.2,58.65,13.21,4.34
2025-11-26 18:00:00-05:00,72.54,53.85,14.76,3.93
2025-11-26 19:00:00-05:00,68.15,39.81,25.47,2.87
2025-11-26 20:00:00-05:00,65.0,37.79,24.45,2.76
2025-11-26 21:00:00-05:00,59.21,32.51,24.55,2.15
2025-11-26 22:00:00-05:00,52.87,27.95,23.13,1.79
2025-11-26 23:00:00-05:00,46.0,28.04,16.28,1.68
2025-11-27 00:00:00-05:00,43.47,40.63,-0.0,2.84
2025-11-27 01:00:00-05:00,39.01,36.63,-0.0,2.38
2025-11-27 02:00:00-05:00,37.49,35.17,-0.0,2.32
2025-11-27 03:00:00-05:00,36.61,34.34,-0.0,2.27
2025-11-27 04:00:00-05:00,36.42,34.17,-0.0,2.25
2025-11-27 05:00:00-05:00,37.04,34.71,-0.0,2.33
2025-11-27 06:00:00-05:00,40.74,38.14,-0.0,2.6
2025-11-27 07:00:00-05:00,43.7,40.8,-0.0,2.9
2025-11-27 08:00:00-05:00,43.72,40.4,0.01,3.31
2025-11-27 09:00:00-05:00,44.48,41.14,0.01,3.33
2025-11-27 10:00:00-05:00,47.82,44.23,0.01,3.58
2025-11-27 11:00:00-05:00,49.47,45.67,0.01,3.79
2025-11-27 12:00:00-05:00,49.56,45.71,0.01,3.84
2025-11-27 13:00:00-05:00,48.29,44.58,0.01,3.7
2025-11-27 14:00:00-05:00,46.43,42.94,0.01,3.48
2025-11-27 15:00:00-05:00,47.84,44.29,0.01,3.54
2025-11-27 16:00:00-05:00,55.83,51.45,0.01,4.37
2025-11-27 17:00:00-05:00,59.6,54.97,0.01,4.62
2025-11-27 18:00:00-05:00,56.47,52.19,-0.0,4.28
2025-11-27 19:00:00-05:00,53.21,49.27,-0.0,3.94
2025-11-27 20:00:00-05:00,49.04,45.45,-0.0,3.59
2025-11-27 21:00:00-05:00,47.86,44.44,-0.0,3.42
2025-11-27 22:00:00-05:00,45.73,42.33,0.01,3.39
2025-11-27 23:00:00-05:00,46.69,43.35,-0.0,3.34
2025-11-28 00:00:00-05:00,45.66,42.83,-0.0,2.83
2025-11-28 01:00:00-05:00,43.31,40.63,-0.0,2.68
2025-11-28 02:00:00-05:00,42.04,39.44,-0.0,2.6
2025-11-28 03:00:00-05:00,41.91,39.39,-0.0,2.52
2025-11-28 04:00:00-05:00,42.75,40.22,-0.0,2.53
2025-11-28 05:00:00-05:00,45.65,42.87,-0.0,2.78
2025-11-28 06:00:00-05:00,52.35,48.97,-0.0,3.38
2025-11-28 07:00:00-05:00,59.5,55.18,0.01,4.31
2025-11-28 08:00:00-05:00,55.58,51.46,-0.0,4.12
2025-11-28 09:00:00-05:00,50.14,46.42,-0.0,3.72
2025-11-28 10:00:00-05:00,53.74,49.62,-0.0,4.12
2025-11-28 11:00:00-05:00,53.08,49.01,-0.0,4.07
2025-11-28 12:00:00-05:00,57.07,46.69,6.51,3.87
2025-11-28 13:00:00-05:00,52.07,48.12,-0.0,3.95
2025-11-28 14:00:00-05:00,57.82,49.07,4.72,4.03
2025-11-28 15:00:00-05:00,60.0,54.97,0.3,4.73
2025-11-28 16:00:00-05:00,72.03,58.39,8.62,5.02
2025-11-28 17:00:00-05:00,82.09,71.55,4.46,6.08
2025-11-28 18:00:00-05:00,78.06,69.43,2.73,5.9
2025-11-28 19:00:00-05:00,71.14,65.5,0.01,5.63
2025-11-28 20:00:00-05:00,62.89,58.06,0.01,4.82
2025-11-28 21:00:00-05:00,58.52,54.03,0.01,4.48
2025-11-28 22:00:00-05:00,56.16,52.08,0.01,4.07
2025-11-28 23:00:00-05:00,53.54,49.85,-0.0,3.69
2025-11-29 00:00:00-05:00,50.73,47.72,-0.0,3.01
2025-11-29 01:00:00-05:00,47.55,44.99,-0.0,2.56
2025-11-29 02:00:00-05:00,45.7,43.32,-0.0,2.38
2025-11-29 03:00:00-05:00,45.5,43.17,-0.0,2.33
2025-11-29 04:00:00-05:00,45.84,43.62,-0.0,2.22
2025-11-29 05:00:00-05:00,48.41,46.06,-0.0,2.35
2025-11-29 06:00:00-05:00,58.54,55.6,-0.0,2.94
2025-11-29 07:00:00-05:00,59.82,56.22,-0.0,3.6
2025-11-29 08:00:00-05:00,53.37,50.11,-0.0,3.26
2025-11-29 09:00:00-05:00,45.34,42.56,0.01,2.77
2025-11-29 10:00:00-05:00,45.91,43.02,0.01,2.88
2025-11-29 11:00:00-05:00,45.9,42.93,0.01,2.96
2025-11-29 12:00:00-05:00,45.84,43.03,0.01,2.8
2025-11-29 13:00:00-05:00,46.97,44.22,0.01,2.74
2025-11-29 14:00:00-05:00,51.49,48.62,-0.0,2.87
2025-11-29 15:00:00-05:00,60.1,56.7,-0.0,3.4
2025-11-29 16:00:00-05:00,76.56,72.43,-0.0,4.13
2025-11-29 17:00:00-05:00,87.26,82.71,-0.0,4.55
2025-11-29 18:00:00-05:00,86.53,81.79,-0.0,4.74
2025-11-29 19:00:00-05:00,77.15,72.92,-0.0,4.23
2025-11-29 20:00:00-05:00,70.56,66.57,-0.0,3.99
2025-11-29 21:00:00-05:00,63.01,59.33,-0.0,3.68
2025-11-29 22:00:00-05:00,58.4,55.41,-0.0,2.99
2025-11-29 23:00:00-05:00,58.8,55.95,-0.0,2.85
2025-11-30 00:00:00-05:00,53.72,51.07,-0.0,2.65
2025-11-30 01:00:00-05:00,49.79,47.64,-0.0,2.15
2025-11-30 02:00:00-05:00,46.15,44.04,-0.0,2.11
2025-11-30 03:00:00-05:00,43.41,41.27,-0.0,2.14
2025-11-30 04:00:00-05:00,43.12,40.87,-0.0,2.25
2025-11-30 05:00:00-05:00,41.25,39.14,-0.0,2.11
2025-11-30 06:00:00-05:00,42.5,40.4,-0.0,2.1
2025-11-30 07:00:00-05:00,44.52,42.16,-0.0,2.36
2025-11-30 08:00:00-05:00,44.04,41.31,-0.0,2.73
2025-11-30 09:00:00-05:00,48.89,45.65,-0.0,3.24
2025-11-30 10:00:00-05:00,52.85,49.3,-0.0,3.55
2025-11-30 11:00:00-05:00,55.75,51.91,-0.0,3.84
2025-11-30 12:00:00-05:00,60.58,55.98,0.01,4.59
2025-11-30 13:00:00-05:00,63.56,58.73,0.01,4.82
2025-11-30 14:00:00-05:00,60.08,55.67,0.01,4.4
2025-11-30 15:00:00-05:00,58.13,53.87,-0.0,4.26
2025-11-30 16:00:00-05:00,66.93,61.85,0.01,5.07
2025-11-30 17:00:00-05:00,74.44,68.91,0.01,5.52
2025-11-30 18:00:00-05:00,74.8,69.2,-0.0,5.6
2025-11-30 19:00:00-05:00,65.89,60.83,0.01,5.05
2025-11-30 20:00:00-05:00,55.27,51.32,-0.0,3.95
2025-11-30 21:00:00-05:00,50.42,46.68,-0.0,3.74
2025-11-30 22:00:00-05:00,46.68,43.45,0.01,3.22
2025-11-30 23:00:00-05:00,45.51,42.41,0.01,3.09
2025-12-01 00:00:00-05:00,51.27,48.32,-0.0,2.95
2025-12-01 01:00:00-05:00,47.85,45.27,-0.0,2.58
2025-12-01 02:00:00-05:00,46.01,43.7,-0.0,2.31
2025-12-01 03:00:00-05:00,47.92,45.6,-0.0,2.32
2025-12-01 04:00:00-05:00,52.06,49.68,-0.0,2.38
2025-12-01 05:00:00-05:00,55.41,52.72,-0.0,2.69
2025-12-01 06:00:00-05:00,77.27,73.45,-0.0,3.82
2025-12-01 07:00:00-05:00,88.93,84.38,-0.0,4.55
2025-12-01 08:00:00-05:00,84.55,82.4,-0.57,2.72
2025-12-01 09:00:00-05:00,69.73,67.64,-0.34,2.43
2025-12-01 10:00:00-05:00,66.99,65.19,-0.35,2.15
2025-12-01 11:00:00-05:00,62.28,60.61,-0.27,1.94
2025-12-01 12:00:00-05:00,62.44,60.79,-0.29,1.94
2025-12-01 13:00:00-05:00,67.0,65.58,-0.35,1.77
2025-12-01 14:00:00-05:00,71.15,70.09,-0.41,1.47
2025-12-01 15:00:00-05:00,78.64,75.91,-0.0,2.73
2025-12-01 16:00:00-05:00,101.73,97.72,-0.0,4.01
2025-12-01 17:00:00-05:00,140.77,135.74,-0.0,5.03
2025-12-01 18:00:00-05:00,121.41,116.63,-0.0,4.78
2025-12-01 19:00:00-05:00,109.7,105.38,-0.0,4.32
2025-12-01 20:00:00-05:00,91.78,88.42,-0.0,3.36
2025-12-01 21:00:00-05:00,82.26,79.25,-0.0,3.01
2025-12-01 22:00:00-05:00,74.53,71.8,-0.0,2.73
2025-12-01 23:00:00-05:00,69.08,66.42,-0.0,2.66
2025-12-02 00:00:00-05:00,74.58,72.62,-0.0,1.96
2025-12-02 01:00:00-05:00,70.41,68.49,-0.0,1.92
2025-12-02 02:00:00-05:00,68.31,66.32,-0.0,1.99
2025-12-02 03:00:00-05:00,67.78,65.87,-0.0,1.91
2025-12-02 04:00:00-05:00,66.58,64.9,-0.0,1.68
2025-12-02 05:00:00-05:00,70.74,69.15,-0.0,1.59
2025-12-02 06:00:00-05:00,92.33,89.82,-0.0,2.51
2025-12-02 07:00:00-05:00,103.07,100.85,-0.0,2.22
2025-12-02 08:00:00-05:00,103.45,99.66,-0.0,3.79
2025-12-02 09:00:00-05:00,118.89,114.54,-0.0,4.35
2025-12-02 10:00:00-05:00,120.07,115.57,-0.0,4.5
2025-12-02 11:00:00-05:00,121.14,116.04,-0.0,5.1
2025-12-02 12:00:00-05:00,117.82,113.4,-0.0,4.42
2025-12-02 13:00:00-05:00,113.16,109.02,-0.0,4.14
2025-12-02 14:00:00-05:00,111.73,107.74,-0.0,3.99
2025-12-02 15:00:00-05:00,106.96,102.75,-0.0,4.21
2025-12-02 16:00:00-05:00,121.36,117.03,-0.0,4.33
2025-12-02 17:00:00-05:00,150.89,145.37,-0.0,5.52
2025-12-02 18:00:00-05:00,129.49,124.87,-0.0,4.62
2025-12-02 19:00:00-05:00,117.16,113.09,-0.0,4.07
2025-12-02 20:00:00-05:00,103.89,100.96,-0.0,2.93
2025-12-02 21:00:00-05:00,93.89,91.16,-0.0,2.73
2025-12-02 22:00:00-05:00,89.18,87.26,-0.0,1.92
2025-12-02 23:00:00-05:00,81.27,79.52,-0.0,1.75
2025-12-03 00:00:00-05:00,90.87,86.87,-0.0,4.0
2025-12-03 01:00:00-05:00,86.79,83.14,-0.0,3.65
2025-12-03 02:00:00-05:00,87.75,84.54,-0.0,3.21
2025-12-03 03:00:00-05:00,87.81,84.6,-0.0,3.21
2025-12-03 04:00:00-05:00,88.0,84.86,-0.0,3.14
2025-12-03 05:00:00-05:00,87.32,83.72,-0.0,3.6
2025-12-03 06:00:00-05:00,122.82,116.86,-0.0,5.96
2025-12-03 07:00:00-05:00,139.7,132.3,-0.0,7.4
2025-12-03 08:00:00-05:00,131.71,124.37,-0.0,7.34
2025-12-03 09:00:00-05:00,111.37,104.48,-0.0,6.89
2025-12-03 10:00:00-05:00,98.09,91.84,-0.0,6.25
2025-12-03 11:00:00-05:00,95.55,89.46,-0.0,6.09
2025-12-03 12:00:00-05:00,95.62,90.47,-0.0,5.15
2025-12-03 13:00:00-05:00,92.53,87.54,-0.0,4.99
2025-12-03 14:00:00-05:00,93.97,88.65,-0.0,5.32
2025-12-03 15:00:00-05:00,108.91,102.94,-0.0,5.97
2025-12-03 16:00:00-05:00,132.72,124.62,-0.0,8.1
2025-12-03 17:00:00-05:00,154.77,144.65,-0.0,10.12
2025-12-03 18:00:00-05:00,134.97,126.26,-0.0,8.71
2025-12-03 19:00:00-05:00,126.0,117.76,-0.0,8.24
2025-12-03 20:00:00-05:00,105.73,98.91,-0.0,6.82
2025-12-03 21:00:00-05:00,99.73,92.86,-0.0,6.87
2025-12-03 22:00:00-05:00,92.94,87.1,-0.0,5.84
2025-12-03 23:00:00-05:00,85.21,80.01,-0.0,5.2
2025-12-04 00:00:00-05:00,92.0,75.72,11.43,4.85
2025-12-04 01:00:00-05:00,80.87,70.57,5.92,4.38
2025-12-04 02:00:00-05:00,78.26,70.63,3.61,4.02
2025-12-04 03:00:00-05:00,75.61,71.53,-0.0,4.08
2025-12-04 04:00:00-05:00,74.86,71.03,-0.0,3.83
2025-12-04 05:00:00-05:00,77.45,71.33,1.7,4.42
2025-12-04 06:00:00-05:00,98.93,93.15,-0.0,5.78
2025-12-04 07:00:00-05:00,130.5,122.64,-0.0,7.86
2025-12-04 08:00:00-05:00,126.0,118.64,-0.0,7.36
2025-12-04 09:00:00-05:00,120.2,112.76,-0.0,7.44
2025-12-04 10:00:00-05:00,119.12,111.53,-0.0,7.59
2025-12-04 11:00:00-05:00,110.29,102.98,-0.0,7.31
2025-12-04 12:00:00-05:00,108.22,100.95,-0.0,7.27
2025-12-04 13:00:00-05:00,112.99,100.96,4.86,7.17
2025-12-04 14:00:00-05:00,110.77,103.33,-0.0,7.44
2025-12-04 15:00:00-05:00,129.6,121.46,-0.0,8.14
2025-12-04 16:00:00-05:00,167.1,155.59,-0.0,11.51
2025-12-04 17:00:00-05:00,187.63,174.87,-0.0,12.76
2025-12-04 18:00:00-05:00,180.43,168.31,-0.0,12.12
2025-12-04 19:00:00-05:00,168.09,157.1,-0.0,10.99
2025-12-04 20:00:00-05:00,162.94,153.0,-0.0,9.94
2025-12-04 21:00:00-05:00,145.67,137.56,-0.0,8.11
2025-12-04 22:00:00-05:00,140.71,133.89,-0.0,6.82
2025-12-04 23:00:00-05:00,130.6,124.38,-0.0,6.22
2025-12-05 00:00:00-05:00,177.0,168.42,-0.0,8.58
2025-12-05 01:00:00-05:00,149.98,143.67,-0.0,6.31
2025-12-05 02:00:00-05:00,133.46,127.96,-0.0,5.5
2025-12-05 03:00:00-05:00,129.81,125.06,-0.0,4.75
2025-12-05 04:00:00-05:00,128.67,123.84,-0.0,4.83
2025-12-05 05:00:00-05:00,138.88,133.03,-0.0,5.85
2025-12-05 06:00:00-05:00,176.44,167.24,0.01,9.19
2025-12-05 07:00:00-05:00,215.0,204.38,-0.0,10.62
2025-12-05 08:00:00-05:00,190.89,180.6,-0.0,10.29
2025-12-05 09:00:00-05:00,180.27,161.96,8.26,10.05
2025-12-05 10:00:00-05:00,151.1,135.09,7.91,8.1
2025-12-05 11:00:00-05:00,147.12,124.29,15.25,7.58
2025-12-05 12:00:00-05:00,138.85,116.58,14.92,7.35
2025-12-05 13:00:00-05:00,133.74,113.25,13.35,7.14
2025-12-05 14:00:00-05:00,148.92,126.64,14.68,7.6
2025-12-05 15:00:00-05:00,182.06,156.4,16.75,8.91
2025-12-05 16:00:00-05:00,196.89,185.64,0.3,10.95
2025-12-05 17:00:00-05:00,235.05,221.96,-0.0,13.09
2025-12-05 18:00:00-05:00,207.46,196.09,-0.0,11.37
2025-12-05 19:00:00-05:00,189.09,178.22,-0.0,10.87
2025-12-05 20:00:00-05:00,172.07,162.11,0.89,9.07
2025-12-05 21:00:00-05:00,161.83,132.75,21.25,7.83
2025-12-05 22:00:00-05:00,148.13,140.28,-0.0,7.85
2025-12-05 23:00:00-05:00,140.41,133.6,-0.0,6.81
2025-12-06 00:00:00-05:00,133.26,124.4,2.02,6.84
2025-12-06 01:00:00-05:00,119.81,113.75,0.15,5.91
2025-12-06 02:00:00-05:00,111.99,106.76,-0.0,5.23
2025-12-06 03:00:00-05:00,102.96,98.52,-0.0,4.44
2025-12-06 04:00:00-05:00,108.56,103.69,-0.0,4.87
2025-12-06 05:00:00-05:00,110.22,102.21,3.21,4.8
2025-12-06 06:00:00-05:00,124.03,111.22,7.69,5.12
2025-12-06 07:00:00-05:00,131.13,117.9,7.69,5.54
2025-12-06 08:00:00-05:00,140.58,132.04,1.81,6.73
2025-12-06 09:00:00-05:00,136.68,129.81,-0.0,6.87
2025-12-06 10:00:00-05:00,128.48,122.02,-0.0,6.46
2025-12-06 11:00:00-05:00,126.34,119.87,-0.0,6.47
2025-12-06 12:00:00-05:00,122.47,116.09,-0.0,6.38
2025-12-06 13:00:00-05:00,119.43,112.78,-0.0,6.65
2025-12-06 14:00:00-05:00,116.25,110.09,-0.0,6.16
2025-12-06 15:00:00-05:00,123.57,117.24,-0.0,6.33
2025-12-06 16:00:00-05:00,153.78,143.08,2.55,8.15
2025-12-06 17:00:00-05:00,162.37,153.0,0.35,9.02
2025-12-06 18:00:00-05:00,158.62,149.06,1.07,8.49
2025-12-06 19:00:00-05:00,157.86,137.65,12.51,7.7
2025-12-06 20:00:00-05:00,139.34,132.58,-0.0,6.76
2025-12-06 21:00:00-05:00,126.93,120.66,-0.0,6.27
2025-12-06 22:00:00-05:00,124.89,119.28,-0.0,5.61
2025-12-06 23:00:00-05:00,119.07,113.51,-0.0,5.56
2025-12-07 00:00:00-05:00,127.15,122.14,-0.0,5.01
2025-12-07 01:00:00-05:00,119.56,115.29,-0.0,4.27
2025-12-07 02:00:00-05:00,114.33,110.57,-0.0,3.76
2025-12-07 03:00:00-05:00,112.85,109.25,-0.0,3.6
2025-12-07 04:00:00-05:00,118.33,114.89,-0.0,3.44
2025-12-07 05:00:00-05:00,115.22,112.52,-0.0,2.7
2025-12-07 06:00:00-05:00,118.24,115.13,-0.0,3.11
2025-12-07 07:00:00-05:00,122.88,120.12,-0.0,2.76
2025-12-07 08:00:00-05:00,123.36,120.35,-0.0,3.01
2025-12-07 09:00:00-05:00,125.05,121.52,-0.0,3.53
2025-12-07 10:00:00-05:00,127.83,123.39,-0.0,4.44
2025-12-07 11:00:00-05:00,129.34,124.61,-0.0,4.73
2025-12-07 12:00:00-05:00,136.08,130.72,-0.0,5.36
2025-12-07 13:00:00-05:00,139.11,132.86,-0.0,6.25
2025-12-07 14:00:00-05:00,139.51,133.25,-0.0,6.26
2025-12-07 15:00:00-05:00,142.71,136.7,-0.0,6.01
2025-12-07 16:00:00-05:00,162.91,155.89,-0.0,7.02
2025-12-07 17:00:00-05:00,185.1,176.62,-0.0,8.48
2025-12-07 18:00:00-05:00,172.92,164.84,-0.0,8.08
2025-12-07 19:00:00-05:00,156.34,148.62,-0.0,7.72
2025-12-07 20:00:00-05:00,144.25,137.9,-0.0,6.35
2025-12-07 21:00:00-05:00,132.82,126.62,-0.0,6.2
2025-12-07 22:00:00-05:00,131.17,125.77,-0.0,5.4
2025-12-07 23:00:00-05:00,126.28,120.72,-0.0,5.56
2025-12-08 00:00:00-05:00,119.92,114.75,-0.0,5.17
2025-12-08 01:00:00-05:00,120.19,115.9,-0.0,4.29
2025-12-08 02:00:00-05:00,118.4,114.29,-0.0,4.11
2025-12-08 03:00:00-05:00,120.05,116.22,-0.0,3.83
2025-12-08 04:00:00-05:00,120.23,116.39,-0.0,3.84
2025-12-08 05:00:00-05:00,121.46,116.67,-0.0,4.79
2025-12-08 06:00:00-05:00,148.25,142.0,0.01,6.24
2025-12-08 07:00:00-05:00,173.78,165.29,0.56,7.93
2025-12-08 08:00:00-05:00,163.72,155.04,-0.0,8.68
2025-12-08 09:00:00-05:00,150.36,142.39,-0.0,7.97
2025-12-08 10:00:00-05:00,155.14,144.99,-0.0,10.15
2025-12-08 11:00:00-05:00,148.99,138.97,0.01,10.01
2025-12-08 12:00:00-05:00,142.48,132.9,0.01,9.57
2025-12-08 13:00:00-05:00,143.67,134.01,0.01,9.65
2025-12-08 14:00:00-05:00,153.12,142.57,-0.0,10.55
2025-12-08 15:00:00-05:00,176.01,165.41,-0.0,10.6
2025-12-08 16:00:00-05:00,207.92,195.4,-0.0,12.52
2025-12-08 17:00:00-05:00,253.83,238.55,-0.0,15.28
2025-12-08 18:00:00-05:00,248.28,233.33,-0.0,14.95
2025-12-08 19:00:00-05:00,209.71,196.92,-0.0,12.79
2025-12-08 20:00:00-05:00,197.05,185.36,-0.0,11.69
2025-12-08 21:00:00-05:00,186.84,175.27,-0.0,11.57
2025-12-08 22:00:00-05:00,172.28,162.99,-0.0,9.29
2025-12-08 23:00:00-05:00,167.0,156.66,-0.0,10.34
2025-12-09 00:00:00-05:00,154.28,148.63,-2.07,7.72
2025-12-09 01:00:00-05:00,140.7,135.43,-1.77,7.04
2025-12-09 02:00:00-05:00,136.16,131.36,-1.5,6.3
2025-12-09 03:00:00-05:00,137.73,132.65,-1.55,6.63
2025-12-09 04:00:00-05:00,136.39,131.64,-1.44,6.19
2025-12-09 05:00:00-05:00,144.5,137.93,-1.15,7.72
2025-12-09 06:00:00-05:00,178.12,164.77,3.3,10.05
2025-12-09 07:00:00-05:00,221.96,208.32,1.14,12.5
2025-12-09 08:00:00-05:00,201.44,190.2,-1.12,12.36
2025-12-09 09:00:00-05:00,173.44,163.17,-1.48,11.75
2025-12-09 10:00:00-05:00,163.16,154.37,-1.24,10.03
2025-12-09 11:00:00-05:00,152.57,142.14,0.48,9.95
2025-12-09 12:00:00-05:00,150.49,137.92,2.78,9.79
2025-12-09 13:00:00-05:00,151.65,130.11,12.3,9.24
2025-12-09 14:00:00-05:00,148.38,137.12,1.52,9.74
2025-12-09 15:00:00-05:00,157.34,139.19,8.27,9.88
2025-12-09 16:00:00-05:00,173.31,154.59,6.82,11.9
2025-12-09 17:00:00-05:00,202.74,181.28,8.05,13.41
2025-12-09 18:00:00-05:00,186.76,162.2,11.58,12.98
2025-12-09 19:00:00-05:00,169.95,143.57,15.04,11.34
2025-12-09 20:00:00-05:00,156.56,138.06,7.87,10.63
2025-12-09 21:00:00-05:00,151.58,126.15,15.96,9.47
2025-12-09 22:00:00-05:00,138.09,128.19,0.16,9.74
2025-12-09 23:00:00-05:00,126.3,118.04,-0.0,8.26
2025-12-10 00:00:00-05:00,122.84,116.36,-1.32,7.8
2025-12-10 01:00:00-05:00,117.3,110.93,-1.06,7.43
2025-12-10 02:00:00-05:00,115.49,109.56,-1.09,7.02
2025-12-10 03:00:00-05:00,109.39,103.66,-0.8,6.53
2025-12-10 04:00:00-05:00,109.0,103.27,-0.67,6.4
2025-12-10 05:00:00-05:00,113.54,107.14,-0.89,7.29
2025-12-10 06:00:00-05:00,135.04,118.65,8.21,8.18
2025-12-10 07:00:00-05:00,168.89,149.51,8.76,10.62
2025-12-10 08:00:00-05:00,164.31,142.62,10.99,10.7
2025-12-10 09:00:00-05:00,165.15,147.62,5.58,11.95
2025-12-10 10:00:00-05:00,143.41,127.69,6.92,8.8
2025-12-10 11:00:00-05:00,145.79,130.44,6.09,9.26
2025-12-10 12:00:00-05:00,137.11,122.29,6.26,8.56
2025-12-10 13:00:00-05:00,133.0,114.98,9.97,8.05
2025-12-10 14:00:00-05:00,124.52,116.76,-0.88,8.64
2025-12-10 15:00:00-05:00,124.76,117.13,-0.81,8.44
2025-12-10 16:00:00-05:00,138.52,128.54,0.72,9.26
2025-12-10 17:00:00-05:00,154.56,145.12,-0.86,10.3
2025-12-10 18:00:00-05:00,134.99,126.96,-1.37,9.4
2025-12-10 19:00:00-05:00,127.52,120.04,-1.04,8.52
2025-12-10 20:00:00-05:00,121.18,112.93,-0.56,8.81
2025-12-10 21:00:00-05:00,110.02,101.67,0.41,7.94
2025-12-10 22:00:00-05:00,102.29,96.32,-0.29,6.26
2025-12-10 23:00:00-05:00,98.6,93.2,-0.0,5.4
2025-12-11 00:00:00-05:00,88.15,84.03,-0.0,4.12
2025-12-11 01:00:00-05:00,85.16,81.18,-0.0,3.98
2025-12-11 02:00:00-05:00,81.74,78.45,-0.0,3.29
2025-12-11 03:00:00-05:00,81.93,78.48,-0.0,3.45
2025-12-11 04:00:00-05:00,85.65,82.2,-0.0,3.45
2025-12-11 05:00:00-05:00,86.11,82.01,-0.0,4.1
2025-12-11 06:00:00-05:00,113.54,106.7,-0.0,6.84
2025-12-11 07:00:00-05:00,127.46,119.9,-0.0,7.56
2025-12-11 08:00:00-05:00,126.01,117.88,-0.0,8.13
2025-12-11 09:00:00-05:00,121.51,113.25,-0.0,8.26
2025-12-11 10:00:00-05:00,125.14,117.34,-0.76,8.56
2025-12-11 11:00:00-05:00,120.73,113.13,-0.65,8.25
2025-12-11 12:00:00-05:00,119.4,111.63,-0.61,8.38
2025-12-11 13:00:00-05:00,118.41,110.38,-0.58,8.61
2025-12-11 14:00:00-05:00,123.16,114.37,-0.7,9.49
2025-12-11 15:00:00-05:00,130.38,121.65,-0.88,9.61
2025-12-11 16:00:00-05:00,168.0,155.71,-1.25,13.54
2025-12-11 17:00:00-05:00,195.01,181.12,-2.76,16.65
2025-12-11 18:00:00-05:00,182.86,170.34,-2.64,15.16
2025-12-11 19:00:00-05:00,170.36,157.58,-1.71,14.49
2025-12-11 20:00:00-05:00,154.03,143.75,-1.36,11.64
2025-12-11 21:00:00-05:00,137.76,128.46,-1.24,10.54
2025-12-11 22:00:00-05:00,124.46,116.15,0.65,7.66
2025-12-11 23:00:00-05:00,118.14,111.57,-0.79,7.36
2025-12-12 00:00:00-05:00,112.11,107.61,-0.56,5.06
2025-12-12 01:00:00-05:00,107.07,103.96,-0.94,4.05
2025-12-12 02:00:00-05:00,102.48,99.42,-0.72,3.78
2025-12-12 03:00:00-05:00,104.96,102.02,-0.84,3.78
2025-12-12 04:00:00-05:00,104.42,101.58,-0.81,3.65
2025-12-12 05:00:00-05:00,102.21,99.04,-0.69,3.86
2025-12-12 06:00:00-05:00,131.55,126.58,-0.86,5.83
2025-12-12 07:00:00-05:00,178.79,171.83,-1.8,8.76
2025-12-12 08:00:00-05:00,166.31,159.93,-2.09,8.47
2025-12-12 09:00:00-05:00,138.23,132.64,-1.83,7.42
2025-12-12 10:00:00-05:00,127.73,122.27,-1.02,6.48
2025-12-12 11:00:00-05:00,125.99,120.71,-0.99,6.27
2025-12-12 12:00:00-05:00,121.06,115.6,-0.89,6.35
2025-12-12 13:00:00-05:00,125.4,119.9,-0.97,6.47
2025-12-12 14:00:00-05:00,126.83,121.16,-0.99,6.66
2025-12-12 15:00:00-05:00,141.54,136.31,-1.99,7.22
2025-12-12 16:00:00-05:00,162.77,153.76,-2.07,11.08
2025-12-12 17:00:00-05:00,176.51,166.3,-2.27,12.48
2025-12-12 18:00:00-05:00,166.05,156.72,-2.27,11.6
2025-12-12 19:00:00-05:00,165.11,156.46,-2.14,10.79
2025-12-12 20:00:00-05:00,155.56,149.87,-2.1,7.79
2025-12-12 21:00:00-05:00,136.9,132.46,-1.66,6.1
2025-12-12 22:00:00-05:00,137.97,134.51,-1.93,5.39
2025-12-12 23:00:00-05:00,131.66,128.81,-1.78,4.63
2025-12-13 00:00:00-05:00,114.81,109.84,-0.19,5.16
2025-12-13 01:00:00-05:00,109.48,106.19,-0.96,4.25
2025-12-13 02:00:00-05:00,96.7,93.31,-0.35,3.74
2025-12-13 03:00:00-05:00,95.0,91.79,-0.28,3.49
2025-12-13 04:00:00-05:00,94.04,90.45,-0.21,3.8
2025-12-13 05:00:00-05:00,94.89,91.56,-0.24,3.57
2025-12-13 06:00:00-05:00,101.25,96.89,-0.0,4.36
2025-12-13 07:00:00-05:00,105.07,100.07,-0.0,5.0
2025-12-13 08:00:00-05:00,107.6,102.19,-0.0,5.41
2025-12-13 09:00:00-05:00,109.46,103.66,-0.0,5.8
2025-12-13 10:00:00-05:00,118.89,113.27,-0.83,6.45
2025-12-13 11:00:00-05:00,114.88,109.0,-0.66,6.54
2025-12-13 12:00:00-05:00,112.35,106.52,-0.56,6.39
2025-12-13 13:00:00-05:00,115.67,109.78,-0.7,6.59
2025-12-13 14:00:00-05:00,111.42,105.27,-0.49,6.64
2025-12-13 15:00:00-05:00,113.63,107.88,-0.61,6.36
2025-12-13 16:00:00-05:00,130.95,124.01,-0.0,6.94
2025-12-13 17:00:00-05:00,144.18,136.93,-0.0,7.25
2025-12-13 18:00:00-05:00,134.06,127.32,-0.0,6.74
2025-12-13 19:00:00-05:00,126.91,120.64,-0.0,6.27
2025-12-13 20:00:00-05:00,126.3,121.21,-0.0,5.09
2025-12-13 21:00:00-05:00,122.83,117.09,-0.0,5.74
2025-12-13 22:00:00-05:00,119.59,114.44,-0.0,5.15
2025-12-13 23:00:00-05:00,115.64,111.62,-0.78,4.8
2025-12-14 00:00:00-05:00,121.85,116.38,-0.0,5.47
2025-12-14 01:00:00-05:00,118.18,112.98,-0.0,5.2
2025-12-14 02:00:00-05:00,113.23,107.94,-0.0,5.29
2025-12-14 03:00:00-05:00,106.81,101.82,-0.0,4.99
2025-12-14 04:00:00-05:00,109.47,104.75,-0.0,4.72
2025-12-14 05:00:00-05:00,112.74,107.78,-0.0,4.96
2025-12-14 06:00:00-05:00,112.66,107.2,-0.0,5.46
2025-12-14 07:00:00-05:00,118.93,112.95,-0.0,5.98
2025-12-14 08:00:00-05:00,122.0,115.64,-0.0,6.36
2025-12-14 09:00:00-05:00,123.0,116.81,-0.0,6.19
2025-12-14 10:00:00-05:00,138.01,130.57,-0.0,7.44
2025-12-14 11:00:00-05:00,137.18,129.91,-0.0,7.27
2025-12-14 12:00:00-05:00,134.36,126.76,-0.0,7.6
2025-12-14 13:00:00-05:00,138.91,130.8,-0.0,8.11
2025-12-14 14:00:00-05:00,143.26,134.89,-0.0,8.37
2025-12-14 15:00:00-05:00,154.68,145.51,-0.0,9.17
2025-12-14 16:00:00-05:00,169.27,159.78,0.06,9.43
2025-12-14 17:00:00-05:00,199.43,186.79,2.0,10.64
2025-12-14 18:00:00-05:00,189.9,177.23,1.86,10.81
2025-12-14 19:00:00-05:00,175.91,165.11,1.06,9.74
2025-12-14 20:00:00-05:00,165.81,156.3,0.29,9.22
2025-12-14 21:00:00-05:00,152.82,143.36,-0.0,9.46
2025-12-14 22:00:00-05:00,153.74,143.69,-0.0,10.05
2025-12-14 23:00:00-05:00,143.91,135.51,-0.0,8.4
2025-12-15 00:00:00-05:00,141.89,133.6,-0.0,8.29
2025-12-15 01:00:00-05:00,135.91,128.22,-0.0,7.69
2025-12-15 02:00:00-05:00,132.98,125.93,-0.0,7.05
2025-12-15 03:00:00-05:00,133.24,126.18,-0.0,7.06
2025-12-15 04:00:00-05:00,132.46,125.68,-0.0,6.78
2025-12-15 05:00:00-05:00,141.22,133.35,-0.0,7.87
2025-12-15 06:00:00-05:00,170.85,153.0,7.3,10.55
2025-12-15 07:00:00-05:00,213.17,198.4,1.27,13.5
2025-12-15 08:00:00-05:00,182.48,171.6,-0.27,11.15
2025-12-15 09:00:00-05:00,162.37,151.75,-0.0,10.62
2025-12-15 10:00:00-05:00,161.46,151.17,-0.0,10.29
2025-12-15 11:00:00-05:00,154.57,144.86,-0.0,9.71
2025-12-15 12:00:00-05:00,151.94,142.14,-0.0,9.8
2025-12-15 13:00:00-05:00,153.02,143.01,-0.0,10.01
2025-12-15 14:00:00-05:00,155.9,145.97,-0.0,9.93
2025-12-15 15:00:00-05:00,163.4,152.44,-0.02,10.98
2025-12-15 16:00:00-05:00,191.41,178.89,-0.18,12.7
2025-12-15 17:00:00-05:00,221.25,207.78,-0.67,14.14
2025-12-15 18:00:00-05:00,201.09,188.4,-0.49,13.18
2025-12-15 19:00:00-05:00,191.5,179.56,-0.28,12.22
2025-12-15 20:00:00-05:00,166.34,154.49,-0.21,12.06
2025-12-15 21:00:00-05:00,155.0,145.67,-0.0,9.33
2025-12-15 22:00:00-05:00,154.55,145.8,-0.0,8.75
2025-12-15 23:00:00-05:00,145.9,138.17,-0.0,7.73
2025-12-16 00:00:00-05:00,138.47,130.88,-0.0,7.59
2025-12-16 01:00:00-05:00,132.08,125.44,-0.0,6.64
2025-12-16 02:00:00-05:00,130.0,123.34,-0.0,6.66
2025-12-16 03:00:00-05:00,130.42,123.86,-0.0,6.56
2025-12-16 04:00:00-05:00,130.66,124.21,-0.0,6.45
2025-12-16 05:00:00-05:00,133.3,126.12,-0.0,7.18
2025-12-16 06:00:00-05:00,155.65,140.05,7.2,8.4
2025-12-16 07:00:00-05:00,207.0,195.2,-0.5,12.3
2025-12-16 08:00:00-05:00,177.69,167.9,-0.28,10.07
2025-12-16 09:00:00-05:00,155.24,145.48,0.01,9.75
2025-12-16 10:00:00-05:00,134.47,125.43,-0.0,9.04
2025-12-16 11:00:00-05:00,127.56,118.77,-0.0,8.79
2025-12-16 12:00:00-05:00,126.31,117.4,-0.01,8.92
2025-12-16 13:00:00-05:00,125.4,116.65,-0.0,8.75
2025-12-16 14:00:00-05:00,128.33,119.73,-0.14,8.74
2025-12-16 15:00:00-05:00,133.65,125.12,-0.35,8.88
2025-12-16 16:00:00-05:00,169.36,158.17,-0.51,11.7
2025-12-16 17:00:00-05:00,187.89,175.0,-0.4,13.29
2025-12-16 18:00:00-05:00,166.2,142.16,12.94,11.1
2025-12-16 19:00:00-05:00,155.98,125.1,21.12,9.76
2025-12-16 20:00:00-05:00,152.72,110.21,34.02,8.49
2025-12-16 21:00:00-05:00,138.03,91.01,40.01,7.01
2025-12-16 22:00:00-05:00,130.45,92.38,31.14,6.93
2025-12-16 23:00:00-05:00,132.42,93.2,33.16,6.06
2025-12-17 00:00:00-05:00,101.34,86.95,8.65,5.74
2025-12-17 01:00:00-05:00,93.05,87.29,-0.0,5.76
2025-12-17 02:00:00-05:00,85.06,77.31,2.73,5.02
2025-12-17 03:00:00-05:00,88.07,77.5,5.68,4.89
2025-12-17 04:00:00-05:00,87.63,82.28,-0.0,5.35
2025-12-17 05:00:00-05:00,93.31,70.22,18.66,4.43
2025-12-17 06:00:00-05:00,112.06,92.6,13.44,6.02
2025-12-17 07:00:00-05:00,122.14,82.94,33.56,5.64
2025-12-17 08:00:00-05:00,118.3,88.83,23.07,6.4
2025-12-17 09:00:00-05:00,118.05,94.03,16.96,7.06
2025-12-17 10:00:00-05:00,90.28,84.31,-0.02,5.99
2025-12-17 11:00:00-05:00,88.84,82.73,-0.01,6.12
2025-12-17 12:00:00-05:00,85.57,79.67,-0.0,5.9
2025-12-17 13:00:00-05:00,84.44,78.55,-0.0,5.89
2025-12-17 14:00:00-05:00,85.07,79.29,-0.0,5.78
2025-12-17 15:00:00-05:00,99.7,93.13,-0.04,6.61
2025-12-17 16:00:00-05:00,110.8,103.43,-0.08,7.45
2025-12-17 17:00:00-05:00,129.05,121.58,-1.04,8.51
2025-12-17 18:00:00-05:00,123.91,116.12,-0.58,8.37
2025-12-17 19:00:00-05:00,119.16,111.16,-0.11,8.11
2025-12-17 20:00:00-05:00,117.19,109.72,-0.09,7.56
2025-12-17 21:00:00-05:00,95.95,90.13,-0.03,5.85
2025-12-17 22:00:00-05:00,99.19,94.22,-0.59,5.56
2025-12-17 23:00:00-05:00,84.03,79.88,-0.0,4.15
2025-12-18 00:00:00-05:00,68.84,65.75,-0.0,3.09
2025-12-18 01:00:00-05:00,64.13,61.96,-0.0,2.17
2025-12-18 02:00:00-05:00,59.17,57.06,-0.0,2.11
2025-12-18 03:00:00-05:00,59.79,57.49,-0.0,2.3
2025-12-18 04:00:00-05:00,58.69,56.49,-0.0,2.2
2025-12-18 05:00:00-05:00,60.98,58.24,-0.0,2.74
2025-12-18 06:00:00-05:00,66.39,62.93,-0.0,3.46
2025-12-18 07:00:00-05:00,77.18,72.74,-0.0,4.44
2025-12-18 08:00:00-05:00,68.55,64.25,-0.0,4.3
2025-12-18 09:00:00-05:00,62.22,57.99,-0.0,4.23
2025-12-18 10:00:00-05:00,60.96,56.5,-0.0,4.46
2025-12-18 11:00:00-05:00,57.23,53.09,-0.0,4.14
2025-12-18 12:00:00-05:00,54.19,50.22,-0.0,3.97
2025-12-18 13:00:00-05:00,55.33,50.9,-0.0,4.43
2025-12-18 14:00:00-05:00,58.81,54.31,-0.0,4.5
2025-12-18 15:00:00-05:00,64.32,59.55,-0.0,4.77
2025-12-18 16:00:00-05:00,71.65,66.59,-0.0,5.06
2025-12-18 17:00:00-05:00,77.44,71.97,-0.0,5.47
2025-12-18 18:00:00-05:00,73.8,68.91,-0.0,4.89
2025-12-18 19:00:00-05:00,67.0,62.68,-0.0,4.32
2025-12-18 20:00:00-05:00,64.68,60.22,-0.0,4.46
2025-12-18 21:00:00-05:00,60.4,56.08,-0.0,4.32
2025-12-18 22:00:00-05:00,53.73,50.22,-0.0,3.51
2025-12-18 23:00:00-05:00,46.62,45.29,-1.34,2.67
2025-12-19 00:00:00-05:00,42.34,39.68,-0.0,2.66
2025-12-19 01:00:00-05:00,40.61,38.13,-0.0,2.48
2025-12-19 02:00:00-05:00,39.51,37.2,-0.0,2.31
2025-12-19 03:00:00-05:00,38.88,36.61,-0.0,2.27
2025-12-19 04:00:00-05:00,37.53,35.3,-0.0,2.23
2025-12-19 05:00:00-05:00,39.55,37.03,-0.0,2.52
2025-12-19 06:00:00-05:00,46.04,42.83,-0.0,3.21
2025-12-19 07:00:00-05:00,52.94,49.15,-0.0,3.79
2025-12-19 08:00:00-05:00,56.8,52.63,0.01,4.16
2025-12-19 09:00:00-05:00,58.42,54.17,0.02,4.23
2025-12-19 10:00:00-05:00,57.12,53.02,0.02,4.08
2025-12-19 11:00:00-05:00,55.81,51.8,0.02,3.99
2025-12-19 12:00:00-05:00,54.46,50.42,0.01,4.03
2025-12-19 13:00:00-05:00,51.89,47.92,-0.0,3.97
2025-12-19 14:00:00-05:00,50.03,46.24,-0.0,3.79
2025-12-19 15:00:00-05:00,55.0,50.92,-0.0,4.08
2025-12-19 16:00:00-05:00,66.16,61.03,-0.0,5.13
2025-12-19 17:00:00-05:00,77.13,71.55,-0.0,5.58
2025-12-19 18:00:00-05:00,71.61,66.12,-0.0,5.49
2025-12-19 19:00:00-05:00,65.92,60.76,-0.0,5.16
2025-12-19 20:00:00-05:00,64.31,59.44,-0.0,4.87
2025-12-19 21:00:00-05:00,60.58,56.09,-0.0,4.49
2025-12-19 22:00:00-05:00,56.69,52.59,-0.0,4.1
2025-12-19 23:00:00-05:00,53.57,50.25,-0.0,3.32
2025-12-20 00:00:00-05:00,52.05,48.88,-0.0,3.17
2025-12-20 01:00:00-05:00,50.0,47.13,-0.0,2.87
2025-12-20 02:00:00-05:00,48.28,45.5,-0.0,2.78
2025-12-20 03:00:00-05:00,47.47,44.87,-0.0,2.6
2025-12-20 04:00:00-05:00,48.88,46.33,-0.0,2.55
2025-12-20 05:00:00-05:00,48.38,45.9,-0.0,2.48
2025-12-20 06:00:00-05:00,56.78,53.57,-0.0,3.21
2025-12-20 07:00:00-05:00,62.33,58.69,-0.0,3.64
2025-12-20 08:00:00-05:00,65.27,61.69,-0.0,3.58
2025-12-20 09:00:00-05:00,54.36,51.33,-0.0,3.03
2025-12-20 10:00:00-05:00,61.89,58.0,-0.0,3.89
2025-12-20 11:00:00-05:00,55.89,52.33,-0.0,3.56
2025-12-20 12:00:00-05:00,56.56,52.76,-0.0,3.8
2025-12-20 13:00:00-05:00,57.41,53.6,-0.0,3.81
2025-12-20 14:00:00-05:00,59.39,55.4,-0.0,3.99
2025-12-20 15:00:00-05:00,65.06,57.31,3.51,4.24
2025-12-20 16:00:00-05:00,74.58,69.31,-0.0,5.27
2025-12-20 17:00:00-05:00,81.38,75.7,-0.0,5.68
2025-12-20 18:00:00-05:00,73.08,67.79,-0.0,5.29
2025-12-20 19:00:00-05:00,69.53,64.0,0.28,5.25
2025-12-20 20:00:00-05:00,64.43,54.88,5.27,4.28
2025-12-20 21:00:00-05:00,65.28,52.04,9.18,4.06
2025-12-20 22:00:00-05:00,57.29,53.28,0.01,4.0
2025-12-20 23:00:00-05:00,56.88,52.79,0.34,3.75
2025-12-21 00:00:00-05:00,54.47,51.15,-0.0,3.32
2025-12-21 01:00:00-05:00,50.81,47.8,-0.0,3.01
2025-12-21 02:00:00-05:00,47.61,44.83,-0.0,2.78
2025-12-21 03:00:00-05:00,45.16,42.52,-0.0,2.64
2025-12-21 04:00:00-05:00,45.53,42.87,-0.0,2.66
2025-12-21 05:00:00-05:00,46.0,43.27,-0.0,2.73
2025-12-21 06:00:00-05:00,49.3,46.29,-0.0,3.01
2025-12-21 07:00:00-05:00,54.43,50.96,-0.0,3.47
2025-12-21 08:00:00-05:00,54.29,50.88,-0.0,3.41
2025-12-21 09:00:00-05:00,52.59,49.29,-0.0,3.3
2025-12-21 10:00:00-05:00,51.37,48.24,-0.0,3.13
2025-12-21 11:00:00-05:00,49.68,46.6,-0.0,3.08
2025-12-21 12:00:00-05:00,49.3,46.12,-0.0,3.18
2025-12-21 13:00:00-05:00,49.12,45.91,-0.0,3.21
2025-12-21 14:00:00-05:00,57.15,53.41,-0.0,3.74
2025-12-21 15:00:00-05:00,61.98,58.09,-0.0,3.89
2025-12-21 16:00:00-05:00,74.12,69.72,-0.0,4.4
2025-12-21 17:00:00-05:00,84.41,79.56,-0.0,4.85
2025-12-21 18:00:00-05:00,77.22,72.71,-0.0,4.51
2025-12-21 19:00:00-05:00,75.57,71.02,-0.0,4.55
2025-12-21 20:00:00-05:00,70.68,66.62,-0.0,4.06
2025-12-21 21:00:00-05:00,67.31,63.38,-0.0,3.93
2025-12-21 22:00:00-05:00,71.81,68.07,-0.0,3.74
2025-12-21 23:00:00-05:00,64.82,61.85,-0.0,2.97
2025-12-22 00:00:00-05:00,65.96,63.12,-0.0,2.84
2025-12-22 01:00:00-05:00,63.06,60.23,-0.0,2.83
2025-12-22 02:00:00-05:00,60.55,58.11,-0.0,2.44
2025-12-22 03:00:00-05:00,60.8,58.12,-0.0,2.68
2025-12-22 04:00:00-05:00,61.94,59.27,-0.0,2.67
2025-12-22 05:00:00-05:00,63.29,60.63,-0.0,2.66
2025-12-22 06:00:00-05:00,85.04,80.69,-0.0,4.35
2025-12-22 07:00:00-05:00,103.7,97.83,-0.0,5.87
2025-12-22 08:00:00-05:00,98.2,92.21,-0.0,5.99
2025-12-22 09:00:00-05:00,71.18,67.09,-0.0,4.09
2025-12-22 10:00:00-05:00,71.82,67.44,-0.0,4.38
2025-12-22 11:00:00-05:00,67.14,62.94,-0.02,4.22
2025-12-22 12:00:00-05:00,64.86,60.99,-0.04,3.91
2025-12-22 13:00:00-05:00,65.92,62.01,-0.06,3.97
2025-12-22 14:00:00-05:00,74.13,70.43,-0.24,3.94
2025-12-22 15:00:00-05:00,80.47,77.15,-0.46,3.78
2025-12-22 16:00:00-05:00,99.15,95.51,-0.94,4.58
2025-12-22 17:00:00-05:00,110.64,106.38,-1.16,5.42
2025-12-22 18:00:00-05:00,103.33,99.65,-1.0,4.68
2025-12-22 19:00:00-05:00,98.89,95.43,-0.93,4.39
2025-12-22 20:00:00-05:00,80.35,77.37,-0.42,3.4
2025-12-22 21:00:00-05:00,76.58,73.37,-0.31,3.52
2025-12-22 22:00:00-05:00,74.24,71.4,-0.3,3.14
2025-12-22 23:00:00-05:00,70.36,67.73,-0.21,2.84
2025-12-23 00:00:00-05:00,60.36,57.87,-0.0,2.49
2025-12-23 01:00:00-05:00,58.32,55.75,-0.0,2.57
2025-12-23 02:00:00-05:00,53.99,51.77,-0.0,2.22
2025-12-23 03:00:00-05:00,51.69,49.84,-0.0,1.85
2025-12-23 04:00:00-05:00,54.51,52.36,-0.0,2.15
2025-12-23 05:00:00-05:00,59.71,56.71,-0.0,3.0
2025-12-23 06:00:00-05:00,67.0,63.67,-0.11,3.44
2025-12-23 07:00:00-05:00,73.75,69.97,-0.28,4.06
2025-12-23 08:00:00-05:00,76.11,72.0,-0.35,4.46
2025-12-23 09:00:00-05:00,83.93,79.09,-0.46,5.3
2025-12-23 10:00:00-05:00,79.52,75.02,-0.37,4.87
2025-12-23 11:00:00-05:00,76.98,72.41,-0.0,4.57
2025-12-23 12:00:00-05:00,71.34,67.11,-0.0,4.23
2025-12-23 13:00:00-05:00,70.95,66.87,-0.0,4.08
2025-12-23 14:00:00-05:00,71.91,67.97,-0.0,3.94
2025-12-23 15:00:00-05:00,68.4,64.65,-0.0,3.75
2025-12-23 16:00:00-05:00,72.85,68.79,-0.0,4.06
2025-12-23 17:00:00-05:00,80.21,75.67,-0.0,4.54
2025-12-23 18:00:00-05:00,71.71,67.72,-0.0,3.99
2025-12-23 19:00:00-05:00,65.63,61.45,-0.0,4.18
2025-12-23 20:00:00-05:00,64.71,60.54,-0.0,4.17
2025-12-23 21:00:00-05:00,61.7,57.34,-0.0,4.36
2025-12-23 22:00:00-05:00,56.42,52.68,-0.0,3.74
2025-12-23 23:00:00-05:00,54.51,50.85,-0.0,3.66
2025-12-24 00:00:00-05:00,48.33,45.73,-0.0,2.6
2025-12-24 01:00:00-05:00,44.05,41.83,-0.0,2.22
2025-12-24 02:00:00-05:00,40.86,38.84,-0.0,2.02
2025-12-24 03:00:00-05:00,40.17,38.22,-0.0,1.95
2025-12-24 04:00:00-05:00,40.04,38.21,-0.0,1.83
2025-12-24 05:00:00-05:00,45.01,42.71,-0.0,2.3
2025-12-24 06:00:00-05:00,55.84,52.83,-0.0,3.01
2025-12-24 07:00:00-05:00,62.6,58.83,-0.0,3.77
2025-12-24 08:00:00-05:00,62.5,58.74,-0.0,3.76
2025-12-24 09:00:00-05:00,59.51,55.93,-0.0,3.58
2025-12-24 10:00:00-05:00,58.82,55.65,-0.0,3.17
2025-12-24 11:00:00-05:00,57.03,53.96,-0.0,3.07
2025-12-24 12:00:00-05:00,55.34,52.11,-0.0,3.23
2025-12-24 13:00:00-05:00,58.5,55.14,-0.0,3.36
2025-12-24 14:00:00-05:00,62.47,59.33,-0.0,3.14
2025-12-24 15:00:00-05:00,63.51,60.77,-0.0,2.74
2025-12-24 16:00:00-05:00,71.41,68.53,-0.0,2.88
2025-12-24 17:00:00-05:00,86.32,82.44,-0.0,3.88
2025-12-24 18:00:00-05:00,72.47,69.15,-0.0,3.32
2025-12-24 19:00:00-05:00,69.11,66.07,-0.0,3.04
2025-12-24 20:00:00-05:00,65.43,62.49,-0.0,2.94
2025-12-24 21:00:00-05:00,62.55,59.57,-0.0,2.98
2025-12-24 22:00:00-05:00,62.02,58.96,-0.0,3.06
2025-12-24 23:00:00-05:00,58.25,55.69,-0.0,2.56
2025-12-25 00:00:00-05:00,52.02,49.83,-0.0,2.19
2025-12-25 01:00:00-05:00,47.99,46.14,-0.0,1.85
2025-12-25 02:00:00-05:00,46.84,44.78,-0.0,2.06
2025-12-25 03:00:00-05:00,43.22,41.6,-0.0,1.62
2025-12-25 04:00:00-05:00,42.9,41.33,-0.0,1.57
2025-12-25 05:00:00-05:00,44.6,42.93,-0.0,1.67
2025-12-25 06:00:00-05:00,48.65,46.55,-0.0,2.1
2025-12-25 07:00:00-05:00,49.73,47.32,-0.0,2.41
2025-12-25 08:00:00-05:00,52.2,49.72,-0.0,2.48
2025-12-25 09:00:00-05:00,50.51,47.74,-0.0,2.77
2025-12-25 10:00:00-05:00,55.33,52.15,-0.0,3.18
2025-12-25 11:00:00-05:00,50.52,47.61,-0.0,2.91
2025-12-25 12:00:00-05:00,49.96,47.04,-0.0,2.92
2025-12-25 13:00:00-05:00,47.62,44.97,-0.0,2.65
2025-12-25 14:00:00-05:00,47.6,44.99,-0.0,2.61
2025-12-25 15:00:00-05:00,52.53,49.46,-0.0,3.07
2025-12-25 16:00:00-05:00,57.49,54.29,-0.0,3.2
2025-12-25 17:00:00-05:00,62.74,59.19,-0.0,3.55
2025-12-25 18:00:00-05:00,59.41,55.99,-0.0,3.42
2025-12-25 19:00:00-05:00,57.89,54.67,-0.0,3.22
2025-12-25 20:00:00-05:00,57.32,54.54,-0.0,2.78
2025-12-25 21:00:00-05:00,56.9,54.04,-0.0,2.86
2025-12-25 22:00:00-05:00,59.29,56.41,-0.0,2.88
2025-12-25 23:00:00-05:00,56.21,53.58,-0.0,2.63
2025-12-26 00:00:00-05:00,67.05,64.35,-0.0,2.7
2025-12-26 01:00:00-05:00,60.76,58.37,-0.0,2.39
2025-12-26 02:00:00-05:00,56.29,54.02,-0.0,2.27
2025-12-26 03:00:00-05:00,56.11,54.01,-0.0,2.1
2025-12-26 04:00:00-05:00,55.78,53.63,-0.0,2.15
2025-12-26 05:00:00-05:00,63.09,60.84,-0.0,2.25
2025-12-26 06:00:00-05:00,71.2,68.46,-0.0,2.74
2025-12-26 07:00:00-05:00,81.13,77.79,-0.0,3.34
2025-12-26 08:00:00-05:00,82.65,78.86,-0.0,3.79
2025-12-26 09:00:00-05:00,79.62,75.87,-0.19,3.94
2025-12-26 10:00:00-05:00,80.76,76.77,-0.31,4.3
2025-12-26 11:00:00-05:00,92.04,86.94,-0.38,5.48
2025-12-26 12:00:00-05:00,87.97,83.05,-0.32,5.24
2025-12-26 13:00:00-05:00,85.07,80.39,-0.31,4.99
2025-12-26 14:00:00-05:00,87.32,82.06,-0.0,5.26
2025-12-26 15:00:00-05:00,87.24,82.07,-0.0,5.17
2025-12-26 16:00:00-05:00,98.4,92.05,-0.0,6.35
2025-12-26 17:00:00-05:00,115.0,106.97,-0.0,8.03
2025-12-26 18:00:00-05:00,108.0,100.84,-0.0,7.16
2025-12-26 19:00:00-05:00,100.05,93.6,-0.0,6.45
2025-12-26 20:00:00-05:00,97.94,92.04,-0.0,5.9
2025-12-26 21:00:00-05:00,87.33,81.92,-0.0,5.41
2025-12-26 22:00:00-05:00,82.37,77.71,-0.0,4.66
2025-12-26 23:00:00-05:00,83.57,79.37,-0.0,4.2
2025-12-27 00:00:00-05:00,85.0,81.34,-0.0,3.66
2025-12-27 01:00:00-05:00,72.55,70.03,-0.0,2.52
2025-12-27 02:00:00-05:00,70.52,68.4,-0.0,2.12
2025-12-27 03:00:00-05:00,67.99,65.94,-0.0,2.05
2025-12-27 04:00:00-05:00,68.53,66.6,-0.0,1.93
2025-12-27 05:00:00-05:00,71.02,69.09,-0.0,1.93
2025-12-27 06:00:00-05:00,73.75,71.32,-0.0,2.43
2025-12-27 07:00:00-05:00,73.27,70.73,-0.0,2.54
2025-12-27 08:00:00-05:00,82.48,79.23,-0.0,3.25
2025-12-27 09:00:00-05:00,96.53,92.28,-0.0,4.25
2025-12-27 10:00:00-05:00,92.33,89.23,-0.38,3.48
2025-12-27 11:00:00-05:00,97.74,94.19,-0.31,3.86
2025-12-27 12:00:00-05:00,86.59,83.55,-0.31,3.35
2025-12-27 13:00:00-05:00,78.77,76.15,-0.27,2.89
2025-12-27 14:00:00-05:00,79.02,76.2,-0.0,2.82
2025-12-27 15:00:00-05:00,85.07,82.12,-0.0,2.95
2025-12-27 16:00:00-05:00,98.7,94.45,-0.0,4.25
2025-12-27 17:00:00-05:00,114.02,108.9,-0.0,5.12
2025-12-27 18:00:00-05:00,102.52,98.01,-0.0,4.51
2025-12-27 19:00:00-05:00,95.23,91.04,-0.0,4.19
2025-12-27 20:00:00-05:00,90.89,87.31,-0.0,3.58
2025-12-27 21:00:00-05:00,86.97,82.91,-0.0,4.06
2025-12-27 22:00:00-05:00,90.71,86.89,-0.0,3.82
2025-12-27 23:00:00-05:00,90.32,86.76,-0.0,3.56
2025-12-28 00:00:00-05:00,112.59,107.64,-0.0,4.95
2025-12-28 01:00:00-05:00,95.24,91.57,-0.0,3.67
2025-12-28 02:00:00-05:00,82.38,79.29,-0.0,3.09
2025-12-28 03:00:00-05:00,82.14,79.21,-0.0,2.93
2025-12-28 04:00:00-05:00,82.05,79.2,-0.0,2.85
2025-12-28 05:00:00-05:00,89.2,86.52,-0.0,2.68
2025-12-28 06:00:00-05:00,90.93,87.43,-0.0,3.5
2025-12-28 07:00:00-05:00,91.05,87.38,-0.0,3.67
2025-12-28 08:00:00-05:00,79.19,75.49,-0.0,3.7
2025-12-28 09:00:00-05:00,78.34,74.33,-0.0,4.01
2025-12-28 10:00:00-05:00,71.83,68.61,-0.14,3.36
2025-12-28 11:00:00-05:00,68.69,65.67,-0.07,3.09
2025-12-28 12:00:00-05:00,67.76,64.35,-0.0,3.41
2025-12-28 13:00:00-05:00,68.45,64.95,-0.0,3.5
2025-12-28 14:00:00-05:00,72.28,68.71,-0.0,3.57
2025-12-28 15:00:00-05:00,71.97,68.87,-0.0,3.1
2025-12-28 16:00:00-05:00,88.95,84.48,-0.0,4.47
2025-12-28 17:00:00-05:00,98.45,93.59,-0.0,4.86
2025-12-28 18:00:00-05:00,86.92,82.7,-0.0,4.22
2025-12-28 19:00:00-05:00,73.74,70.03,-0.0,3.71
2025-12-28 20:00:00-05:00,72.0,67.99,-0.0,4.01
2025-12-28 21:00:00-05:00,66.49,62.91,-0.0,3.58
2025-12-28 22:00:00-05:00,61.02,57.57,-0.0,3.45
2025-12-28 23:00:00-05:00,60.45,57.08,-0.0,3.37
2025-12-29 00:00:00-05:00,59.19,55.84,-0.0,3.35
2025-12-29 01:00:00-05:00,57.88,54.76,0.17,2.95
2025-12-29 02:00:00-05:00,58.63,54.39,1.47,2.77
2025-12-29 03:00:00-05:00,57.6,52.94,1.96,2.7
2025-12-29 04:00:00-05:00,54.52,52.02,0.05,2.45
2025-12-29 05:00:00-05:00,57.14,47.03,7.76,2.35
2025-12-29 06:00:00-05:00,59.11,54.91,0.96,3.24
2025-12-29 07:00:00-05:00,65.39,61.75,-0.0,3.64
2025-12-29 08:00:00-05:00,66.93,63.08,-0.0,3.85
2025-12-29 09:00:00-05:00,73.33,63.03,6.45,3.85
2025-12-29 10:00:00-05:00,91.69,63.31,24.39,3.99
2025-12-29 11:00:00-05:00,73.91,58.74,11.59,3.58
2025-12-29 12:00:00-05:00,68.64,56.43,8.65,3.56
2025-12-29 13:00:00-05:00,68.4,53.36,11.41,3.63
2025-12-29 14:00:00-05:00,63.99,55.16,4.97,3.86
2025-12-29 15:00:00-05:00,64.23,57.04,3.26,3.93
2025-12-29 16:00:00-05:00,68.44,64.14,-0.0,4.3
2025-12-29 17:00:00-05:00,89.48,82.47,1.07,5.94
2025-12-29 18:00:00-05:00,76.78,71.69,-0.0,5.09
2025-12-29 19:00:00-05:00,69.31,64.78,-0.0,4.53
2025-12-29 20:00:00-05:00,70.63,66.01,-0.0,4.62
2025-12-29 21:00:00-05:00,67.42,60.06,2.98,4.38
2025-12-29 22:00:00-05:00,62.4,58.16,-0.0,4.24
2025-12-29 23:00:00-05:00,62.71,58.77,-0.0,3.94
2025-12-30 00:00:00-05:00,66.13,62.27,-0.0,3.86
2025-12-30 01:00:00-05:00,62.63,59.03,-0.0,3.6
2025-12-30 02:00:00-05:00,57.98,54.49,-0.0,3.49
2025-12-30 03:00:00-05:00,60.41,56.88,-0.0,3.53
2025-12-30 04:00:00-05:00,53.76,50.48,-0.0,3.28
2025-12-30 05:00:00-05:00,60.43,53.55,3.4,3.48
2025-12-30 06:00:00-05:00,71.28,58.48,9.11,3.69
2025-12-30 07:00:00-05:00,84.66,59.45,21.52,3.69
2025-12-30 08:00:00-05:00,86.87,63.43,19.32,4.12
2025-12-30 09:00:00-05:00,87.33,67.61,15.06,4.66
2025-12-30 10:00:00-05:00,90.23,66.84,18.84,4.55
2025-12-30 11:00:00-05:00,90.19,66.7,18.89,4.6
2025-12-30 12:00:00-05:00,91.25,69.76,16.47,5.02
2025-12-30 13:00:00-05:00,88.35,68.45,14.97,4.93
2025-12-30 14:00:00-05:00,91.68,69.9,16.74,5.04
2025-12-30 15:00:00-05:00,96.61,73.69,17.84,5.08
2025-12-30 16:00:00-05:00,108.77,86.81,15.97,5.99
2025-12-30 17:00:00-05:00,127.37,118.65,-0.18,8.9
2025-12-30 18:00:00-05:00,128.17,119.83,-0.29,8.63
2025-12-30 19:00:00-05:00,116.67,109.13,-0.21,7.75
2025-12-30 20:00:00-05:00,105.7,99.05,-0.09,6.74
2025-12-30 21:00:00-05:00,95.69,72.85,17.82,5.02
2025-12-30 22:00:00-05:00,88.4,70.33,13.22,4.85
2025-12-30 23:00:00-05:00,85.91,80.39,0.05,5.47
2026-01-01 00:00:00-05:00,106.19,101.04,-0.0,5.15
2026-01-01 01:00:00-05:00,96.92,92.22,-0.0,4.7
2026-01-01 02:00:00-05:00,79.26,75.49,-0.0,3.77
2026-01-01 03:00:00-05:00,73.08,69.6,-0.0,3.48
2026-01-01 04:00:00-05:00,73.24,69.82,-0.0,3.42
2026-01-01 05:00:00-05:00,90.77,86.53,-0.0,4.24
2026-01-01 06:00:00-05:00,113.16,108.28,-0.0,4.88
2026-01-01 07:00:00-05:00,110.08,104.74,-0.0,5.34
2026-01-01 08:00:00-05:00,115.66,110.05,-0.0,5.61
2026-01-01 09:00:00-05:00,117.39,111.27,-0.0,6.12
2026-01-01 10:00:00-05:00,116.92,110.3,-0.0,6.62
2026-01-01 11:00:00-05:00,110.28,103.74,-0.0,6.54
2026-01-01 12:00:00-05:00,109.13,102.37,-0.0,6.76
2026-01-01 13:00:00-05:00,112.24,105.09,-0.0,7.15
2026-01-01 14:00:00-05:00,126.1,118.41,-0.0,7.69
2026-01-01 15:00:00-05:00,124.99,117.58,-0.0,7.41
2026-01-01 16:00:00-05:00,146.38,137.19,-0.0,9.19
2026-01-01 17:00:00-05:00,161.36,151.26,-0.03,10.13
2026-01-01 18:00:00-05:00,166.78,156.19,-0.18,10.77
2026-01-01 19:00:00-05:00,150.76,140.99,-0.1,9.87
2026-01-01 20:00:00-05:00,137.13,128.43,-0.04,8.74
2026-01-01 21:00:00-05:00,133.98,125.69,-0.0,8.29
2026-01-01 22:00:00-05:00,131.27,123.72,-0.0,7.55
2026-01-01 23:00:00-05:00,134.41,127.53,-0.0,6.88
2026-01-02 00:00:00-05:00,136.6,129.48,-0.0,7.12
2026-01-02 01:00:00-05:00,126.29,120.17,-0.0,6.12
2026-01-02 02:00:00-05:00,117.46,111.87,-0.0,5.59
2026-01-02 03:00:00-05:00,118.48,112.95,-0.0,5.53
2026-01-02 04:00:00-05:00,118.49,113.17,-0.0,5.32
2026-01-02 05:00:00-05:00,123.46,117.69,-0.0,5.77
2026-01-02 06:00:00-05:00,140.03,132.86,-0.0,7.17
2026-01-02 07:00:00-05:00,144.45,137.44,-0.0,7.01
2026-01-02 08:00:00-05:00,157.13,148.8,-0.0,8.33
2026-01-02 09:00:00-05:00,140.02,132.09,-0.0,7.93
2026-01-02 10:00:00-05:00,152.4,142.97,-0.0,9.43
2026-01-02 11:00:00-05:00,137.71,128.94,-0.0,8.77
2026-01-02 12:00:00-05:00,130.92,122.58,-0.0,8.34
2026-01-02 13:00:00-05:00,130.75,122.08,-0.0,8.67
2026-01-02 14:00:00-05:00,134.61,125.69,-0.0,8.92
2026-01-02 15:00:00-05:00,144.74,135.19,-0.05,9.6
2026-01-02 16:00:00-05:00,168.83,157.92,-0.3,11.21
2026-01-02 17:00:00-05:00,184.08,171.98,-0.45,12.55
2026-01-02 18:00:00-05:00,164.53,153.06,-0.32,11.79
2026-01-02 19:00:00-05:00,147.4,136.91,-0.2,10.69
2026-01-02 20:00:00-05:00,143.35,134.08,-0.25,9.52
2026-01-02 21:00:00-05:00,129.91,106.38,15.77,7.76
2026-01-02 22:00:00-05:00,130.68,123.05,-0.0,7.63
2026-01-02 23:00:00-05:00,129.76,121.73,-0.0,8.03
2026-01-03 00:00:00-05:00,133.0,126.67,-0.0,6.33
2026-01-03 01:00:00-05:00,130.55,124.69,-0.0,5.86
2026-01-03 02:00:00-05:00,126.15,120.37,-0.0,5.78
2026-01-03 03:00:00-05:00,121.7,116.69,-0.0,5.01
2026-01-03 04:00:00-05:00,122.35,117.31,-0.0,5.04
2026-01-03 05:00:00-05:00,128.67,123.84,-0.0,4.83
2026-01-03 06:00:00-05:00,136.31,130.43,-0.0,5.88
2026-01-03 07:00:00-05:00,127.87,122.01,-0.0,5.86
2026-01-03 08:00:00-05:00,144.99,138.89,-0.0,6.1
2026-01-03 09:00:00-05:00,136.36,130.16,-0.05,6.25
2026-01-03 10:00:00-05:00,131.99,125.64,-0.05,6.4
2026-01-03 11:00:00-05:00,128.0,122.19,-0.05,5.86
2026-01-03 12:00:00-05:00,127.81,121.77,-0.05,6.09
2026-01-03 13:00:00-05:00,129.29,123.53,-0.05,5.81
2026-01-03 14:00:00-05:00,130.76,124.89,-0.0,5.87
2026-01-03 15:00:00-05:00,136.55,129.44,-0.0,7.11
2026-01-03 16:00:00-05:00,158.2,149.25,-0.0,8.95
2026-01-03 17:00:00-05:00,169.5,159.45,-0.0,10.05
2026-01-03 18:00:00-05:00,164.12,154.39,-0.0,9.73
2026-01-03 19:00:00-05:00,148.26,139.6,-0.0,8.66
2026-01-03 20:00:00-05:00,136.8,129.18,-0.0,7.62
2026-01-03 21:00:00-05:00,127.22,120.25,-0.0,6.97
2026-01-03 22:00:00-05:00,128.0,121.79,-0.0,6.21
2026-01-03 23:00:00-05:00,126.7,121.24,-0.0,5.46
2026-01-04 00:00:00-05:00,140.12,134.87,-0.0,5.25
2026-01-04 01:00:00-05:00,127.94,123.86,-0.0,4.08
2026-01-04 02:00:00-05:00,123.4,119.34,-0.0,4.06
2026-01-04 03:00:00-05:00,119.91,115.96,-0.0,3.95
2026-01-04 04:00:00-05:00,114.78,110.8,-0.0,3.98
2026-01-04 05:00:00-05:00,115.79,111.88,-0.0,3.91
2026-01-04 06:00:00-05:00,112.32,107.69,-0.0,4.63
2026-01-04 07:00:00-05:00,107.29,102.47,-0.0,4.82
2026-01-04 08:00:00-05:00,116.26,110.83,-0.0,5.43
2026-01-04 09:00:00-05:00,120.91,115.15,-0.0,5.76
2026-01-04 10:00:00-05:00,123.81,117.92,-0.0,5.89
2026-01-04 11:00:00-05:00,124.78,119.07,-0.0,5.71
2026-01-04 12:00:00-05:00,123.28,116.86,-0.0,6.42
2026-01-04 13:00:00-05:00,124.0,117.43,-0.0,6.57
2026-01-04 14:00:00-05:00,124.92,118.52,-0.0,6.4
2026-01-04 15:00:00-05:00,130.53,123.96,-0.0,6.57
2026-01-04 16:00:00-05:00,156.52,148.08,-0.0,8.44
2026-01-04 17:00:00-05:00,188.7,178.7,-0.0,10.0
2026-01-04 18:00:00-05:00,172.74,162.96,-0.0,9.78
2026-01-04 19:00:00-05:00,169.79,159.87,-0.0,9.92
2026-01-04 20:00:00-05:00,140.23,132.67,-0.0,7.56
2026-01-04 21:00:00-05:00,133.49,126.29,-0.0,7.2
2026-01-04 22:00:00-05:00,127.19,121.02,-0.0,6.17
2026-01-04 23:00:00-05:00,125.84,120.77,-0.0,5.07
2026-01-05 00:00:00-05:00,140.08,135.08,-0.0,5.0
2026-01-05 01:00:00-05:00,127.51,123.09,-0.0,4.42
2026-01-05 02:00:00-05:00,121.09,117.23,-0.0,3.86
2026-01-05 03:00:00-05:00,122.54,118.63,-0.0,3.91
2026-01-05 04:00:00-05:00,125.1,121.22,-0.0,3.88
2026-01-05 05:00:00-05:00,128.99,124.88,-0.0,4.11
2026-01-05 06:00:00-05:00,139.9,133.47,0.7,5.73
2026-01-05 07:00:00-05:00,159.73,151.81,0.78,7.14
2026-01-05 08:00:00-05:00,168.52,160.35,-0.0,8.17
2026-01-05 09:00:00-05:00,181.85,172.21,-0.0,9.64
2026-01-05 10:00:00-05:00,163.84,155.6,-0.0,8.24
2026-01-05 11:00:00-05:00,152.01,144.91,-0.0,7.1
2026-01-05 12:00:00-05:00,145.86,139.31,-0.0,6.55
2026-01-05 13:00:00-05:00,143.06,136.77,-0.0,6.29
2026-01-05 14:00:00-05:00,145.99,138.91,-0.0,7.08
2026-01-05 15:00:00-05:00,143.45,137.01,-0.0,6.44
2026-01-05 16:00:00-05:00,167.92,160.53,-0.0,7.39
2026-01-05 17:00:00-05:00,189.13,181.51,-0.0,7.62
2026-01-05 18:00:00-05:00,176.62,169.18,-0.0,7.44
2026-01-05 19:00:00-05:00,163.15,156.72,-0.0,6.43
2026-01-05 20:00:00-05:00,144.7,139.13,-0.0,5.57
2026-01-05 21:00:00-05:00,133.31,127.56,-0.0,5.75
2026-01-05 22:00:00-05:00,130.01,124.89,-0.0,5.12
2026-01-05 23:00:00-05:00,130.28,124.91,-0.0,5.37
2026-01-06 00:00:00-05:00,126.84,122.79,-0.0,4.05
2026-01-06 01:00:00-05:00,115.84,112.47,-0.0,3.37
2026-01-06 02:00:00-05:00,108.76,106.11,-0.0,2.65
2026-01-06 03:00:00-05:00,109.92,107.14,-0.0,2.78
2026-01-06 04:00:00-05:00,114.28,111.27,-0.0,3.01
2026-01-06 05:00:00-05:00,119.29,115.82,-0.0,3.47
2026-01-06 06:00:00-05:00,134.43,129.39,-0.0,5.04
2026-01-06 07:00:00-05:00,159.07,151.78,-0.0,7.29
2026-01-06 08:00:00-05:00,144.48,137.27,0.21,7.0
2026-01-06 09:00:00-05:00,153.53,146.08,-0.0,7.45
2026-01-06 10:00:00-05:00,124.64,119.16,-0.0,5.48
2026-01-06 11:00:00-05:00,121.0,115.35,-0.0,5.65
2026-01-06 12:00:00-05:00,117.98,112.26,-0.0,5.72
2026-01-06 13:00:00-05:00,117.16,111.27,-0.0,5.89
2026-01-06 14:00:00-05:00,116.23,110.17,-0.0,6.06
2026-01-06 15:00:00-05:00,100.52,95.1,-0.0,5.42
2026-01-06 16:00:00-05:00,116.15,109.68,-0.0,6.47
2026-01-06 17:00:00-05:00,124.39,117.46,-0.0,6.93
2026-01-06 18:00:00-05:00,112.88,106.59,-0.0,6.29
2026-01-06 19:00:00-05:00,96.7,91.05,-0.0,5.65
2026-01-06 20:00:00-05:00,88.21,82.98,-0.0,5.23
2026-01-06 21:00:00-05:00,83.35,77.97,-0.0,5.38
2026-01-06 22:00:00-05:00,82.54,77.51,-0.0,5.03
2026-01-06 23:00:00-05:00,77.56,73.1,-0.0,4.46
2026-01-07 00:00:00-05:00,62.2,59.87,-0.0,2.33
2026-01-07 01:00:00-05:00,56.89,55.13,-0.0,1.76
2026-01-07 02:00:00-05:00,56.84,55.03,-0.0,1.81
2026-01-07 03:00:00-05:00,56.85,55.14,-0.0,1.71
2026-01-07 04:00:00-05:00,56.79,55.14,-0.0,1.65
2026-01-07 05:00:00-05:00,55.24,53.32,-0.0,1.92
2026-01-07 06:00:00-05:00,62.64,60.29,-0.0,2.35
2026-01-07 07:00:00-05:00,72.9,69.9,-0.0,3.0
2026-01-07 08:00:00-05:00,70.11,67.16,-0.0,2.95
2026-01-07 09:00:00-05:00,70.54,67.57,-0.0,2.97
2026-01-07 10:00:00-05:00,62.67,59.91,-0.0,2.76
2026-01-07 11:00:00-05:00,62.0,59.67,-0.0,2.33
2026-01-07 12:00:00-05:00,58.41,56.16,-0.0,2.25
2026-01-07 13:00:00-05:00,56.93,54.9,-0.0,2.03
2026-01-07 14:00:00-05:00,56.04,53.78,-0.0,2.26
2026-01-07 15:00:00-05:00,58.84,55.88,-0.0,2.96
2026-01-07 16:00:00-05:00,68.68,64.92,-0.0,3.76
2026-01-07 17:00:00-05:00,83.45,79.03,-0.0,4.42
2026-01-07 18:00:00-05:00,74.57,70.42,-0.0,4.15
2026-01-07 19:00:00-05:00,63.44,60.02,-0.0,3.42
2026-01-07 20:00:00-05:00,57.56,54.51,-0.0,3.05
2026-01-07 21:00:00-05:00,56.14,53.11,-0.0,3.03
2026-01-07 22:00:00-05:00,53.44,50.8,-0.0,2.64
2026-01-07 23:00:00-05:00,53.0,50.52,-0.0,2.48
2026-01-08 00:00:00-05:00,51.87,49.97,-0.0,1.9
2026-01-08 01:00:00-05:00,51.26,49.57,-0.0,1.69
2026-01-08 02:00:00-05:00,49.9,48.31,-0.0,1.59
2026-01-08 03:00:00-05:00,48.05,46.74,-0.0,1.31
2026-01-08 04:00:00-05:00,49.77,48.23,-0.0,1.54
2026-01-08 05:00:00-05:00,51.54,49.7,-0.0,1.84
2026-01-08 06:00:00-05:00,62.45,60.16,-0.0,2.29
2026-01-08 07:00:00-05:00,73.85,70.47,-0.0,3.38
2026-01-08 08:00:00-05:00,70.16,66.76,-0.0,3.4
2026-01-08 09:00:00-05:00,55.49,52.85,-0.0,2.64
2026-01-08 10:00:00-05:00,51.15,48.53,-0.0,2.62
2026-01-08 11:00:00-05:00,46.89,44.36,-0.0,2.53
2026-01-08 12:00:00-05:00,44.7,42.37,-0.0,2.33
2026-01-08 13:00:00-05:00,44.94,42.6,-0.0,2.34
2026-01-08 14:00:00-05:00,47.85,45.14,-0.0,2.71
2026-01-08 15:00:00-05:00,52.16,49.16,-0.0,3.0
2026-01-08 16:00:00-05:00,60.75,57.64,-0.0,3.11
2026-01-08 17:00:00-05:00,68.25,64.45,-0.0,3.8
2026-01-08 18:00:00-05:00,59.1,55.86,-0.0,3.24
2026-01-08 19:00:00-05:00,54.63,51.34,-0.0,3.29
2026-01-08 20:00:00-05:00,51.64,48.49,-0.0,3.15
2026-01-08 21:00:00-05:00,49.35,46.3,-0.0,3.05
2026-01-08 22:00:00-05:00,48.04,45.15,-0.0,2.89
2026-01-08 23:00:00-05:00,46.95,44.12,-0.0,2.83
2026-01-09 00:00:00-05:00,51.25,47.81,-0.0,3.44
2026-01-09 01:00:00-05:00,46.35,43.44,-0.0,2.91
2026-01-09 02:00:00-05:00,43.06,40.36,-0.0,2.7
2026-01-09 03:00:00-05:00,43.02,40.32,-0.0,2.7
2026-01-09 04:00:00-05:00,42.0,39.55,-0.0,2.45
2026-01-09 05:00:00-05:00,42.77,39.93,0.05,2.79
2026-01-09 06:00:00-05:00,54.31,49.45,1.15,3.71
2026-01-09 07:00:00-05:00,58.48,54.25,-0.0,4.23
2026-01-09 08:00:00-05:00,53.72,49.65,-0.0,4.07
2026-01-09 09:00:00-05:00,52.63,48.64,-0.0,3.99
2026-01-09 10:00:00-05:00,46.29,42.98,-0.0,3.31
2026-01-09 11:00:00-05:00,45.31,42.11,-0.0,3.2
2026-01-09 12:00:00-05:00,43.58,40.39,-0.0,3.19
2026-01-09 13:00:00-05:00,42.85,39.71,-0.0,3.14
2026-01-09 14:00:00-05:00,45.46,42.01,-0.0,3.45
2026-01-09 15:00:00-05:00,48.26,44.56,-0.0,3.7
2026-01-09 16:00:00-05:00,57.09,52.52,-0.0,4.57
2026-01-09 17:00:00-05:00,67.52,62.29,-0.0,5.23
2026-01-09 18:00:00-05:00,58.68,54.19,-0.0,4.49
2026-01-09 19:00:00-05:00,49.87,45.88,-0.0,3.99
2026-01-09 20:00:00-05:00,45.63,42.53,-0.0,3.1
2026-01-09 21:00:00-05:00,42.85,40.09,-0.0,2.76
2026-01-09 22:00:00-05:00,41.8,39.4,-0.0,2.4
2026-01-09 23:00:00-05:00,41.52,39.28,-0.0,2.24
2026-01-10 00:00:00-05:00,38.83,36.67,-0.0,2.16
2026-01-10 01:00:00-05:00,40.24,38.11,-0.0,2.13
2026-01-10 02:00:00-05:00,39.26,37.36,-0.0,1.9
2026-01-10 03:00:00-05:00,38.01,36.3,-0.0,1.71
2026-01-10 04:00:00-05:00,38.49,36.73,-0.0,1.76
2026-01-10 05:00:00-05:00,38.7,36.89,-0.0,1.81
2026-01-10 06:00:00-05:00,41.91,39.8,-0.0,2.11
2026-01-10 07:00:00-05:00,46.43,43.89,-0.0,2.54
2026-01-10 08:00:00-05:00,47.45,44.56,-0.0,2.89
2026-01-10 09:00:00-05:00,51.6,48.59,-0.0,3.01
2026-01-10 10:00:00-05:00,50.37,47.56,-0.0,2.81
2026-01-10 11:00:00-05:00,53.17,49.88,-0.0,3.29
2026-01-10 12:00:00-05:00,53.44,49.99,-0.0,3.45
2026-01-10 13:00:00-05:00,54.3,50.8,-0.0,3.5
2026-01-10 14:00:00-05:00,53.48,49.7,-0.0,3.78
2026-01-10 15:00:00-05:00,53.83,50.12,-0.0,3.71
2026-01-10 16:00:00-05:00,59.0,54.73,-0.0,4.27
2026-01-10 17:00:00-05:00,62.63,57.88,-0.0,4.75
2026-01-10 18:00:00-05:00,59.53,55.12,-0.0,4.41
2026-01-10 19:00:00-05:00,54.19,49.81,-0.0,4.38
2026-01-10 20:00:00-05:00,46.12,42.67,-0.0,3.45
2026-01-10 21:00:00-05:00,43.32,40.26,-0.0,3.06
2026-01-10 22:00:00-05:00,43.03,40.18,-0.0,2.85
2026-01-10 23:00:00-05:00,40.47,37.86,-0.0,2.61
2026-01-11 00:00:00-05:00,36.48,34.22,-0.0,2.26
2026-01-11 01:00:00-05:00,34.73,32.73,-0.0,2.0
2026-01-11 02:00:00-05:00,32.16,30.22,-0.0,1.94
2026-01-11 03:00:00-05:00,29.71,28.03,-0.0,1.68
2026-01-11 04:00:00-05:00,29.52,27.88,-0.0,1.64
2026-01-11 05:00:00-05:00,30.49,28.74,-0.0,1.75
2026-01-11 06:00:00-05:00,33.19,31.25,-0.0,1.94
2026-01-11 07:00:00-05:00,35.3,33.08,-0.0,2.22
2026-01-11 08:00:00-05:00,34.51,32.04,-0.0,2.47
2026-01-11 09:00:00-05:00,34.62,32.27,-0.0,2.35
2026-01-11 10:00:00-05:00,33.76,31.52,-0.0,2.24
2026-01-11 11:00:00-05:00,33.63,31.4,-0.0,2.23
2026-01-11 12:00:00-05:00,33.58,31.38,-0.0,2.2
2026-01-11 13:00:00-05:00,34.33,32.14,-0.0,2.19
2026-01-11 14:00:00-05:00,41.7,38.9,-0.0,2.8
2026-01-11 15:00:00-05:00,44.69,41.69,-0.0,3.0
2026-01-11 16:00:00-05:00,52.87,48.95,-0.0,3.92
2026-01-11 17:00:00-05:00,64.17,59.69,-0.0,4.48
2026-01-11 18:00:00-05:00,59.43,55.28,-0.0,4.15
2026-01-11 19:00:00-05:00,56.95,52.68,-0.0,4.27
2026-01-11 20:00:00-05:00,52.83,48.92,-0.0,3.91
2026-01-11 21:00:00-05:00,43.37,40.05,-0.0,3.32
2026-01-11 22:00:00-05:00,42.97,40.08,-0.0,2.89
2026-01-11 23:00:00-05:00,36.95,34.53,-0.0,2.42
2026-01-12 00:00:00-05:00,48.65,44.96,0.18,3.51
2026-01-12 01:00:00-05:00,45.42,42.01,0.17,3.24
2026-01-12 02:00:00-05:00,43.82,40.6,0.17,3.05
2026-01-12 03:00:00-05:00,42.6,39.74,-0.0,2.86
2026-01-12 04:00:00-05:00,46.0,42.99,-0.0,3.01
2026-01-12 05:00:00-05:00,46.06,42.93,-0.0,3.13
2026-01-12 06:00:00-05:00,57.29,42.58,11.35,3.36
2026-01-12 07:00:00-05:00,82.63,76.7,-0.13,6.06
2026-01-12 08:00:00-05:00,75.77,70.11,-0.09,5.75
2026-01-12 09:00:00-05:00,59.2,54.94,-0.03,4.29
2026-01-12 10:00:00-05:00,54.67,50.72,-0.01,3.96
2026-01-12 11:00:00-05:00,51.4,47.81,-0.0,3.59
2026-01-12 12:00:00-05:00,49.19,45.67,-0.0,3.52
2026-01-12 13:00:00-05:00,50.55,46.8,-0.0,3.75
2026-01-12 14:00:00-05:00,52.7,49.16,-0.0,3.54
2026-01-12 15:00:00-05:00,58.61,54.54,-0.07,4.14
2026-01-12 16:00:00-05:00,65.46,61.17,-0.24,4.53
2026-01-12 17:00:00-05:00,80.04,74.28,-0.04,5.8
2026-01-12 18:00:00-05:00,81.56,75.78,-0.06,5.84
2026-01-12 19:00:00-05:00,70.22,65.25,-0.05,5.02
2026-01-12 20:00:00-05:00,63.95,59.36,-0.04,4.63
2026-01-12 21:00:00-05:00,52.74,48.92,-0.0,3.82
2026-01-12 22:00:00-05:00,51.44,48.08,-0.0,3.36
2026-01-12 23:00:00-05:00,45.61,42.79,-0.0,2.82
2026-01-13 00:00:00-05:00,44.6,41.96,-0.0,2.64
2026-01-13 01:00:00-05:00,43.87,41.19,-0.0,2.68
2026-01-13 02:00:00-05:00,43.67,41.12,-0.0,2.55
2026-01-13 03:00:00-05:00,41.22,39.07,-0.0,2.15
2026-01-13 04:00:00-05:00,42.64,40.42,-0.0,2.22
2026-01-13 05:00:00-05:00,47.95,45.24,-0.0,2.71
2026-01-13 06:00:00-05:00,64.52,60.98,-0.06,3.6
2026-01-13 07:00:00-05:00,80.33,76.23,-0.17,4.27
2026-01-13 08:00:00-05:00,68.96,64.97,-0.17,4.16
2026-01-13 09:00:00-05:00,54.53,50.87,-0.0,3.66
2026-01-13 10:00:00-05:00,46.2,42.97,-0.0,3.23
2026-01-13 11:00:00-05:00,44.67,41.44,-0.0,3.23
2026-01-13 12:00:00-05:00,43.65,40.49,-0.0,3.16
2026-01-13 13:00:00-05:00,43.44,40.41,-0.0,3.03
2026-01-13 14:00:00-05:00,43.67,40.51,-0.0,3.16
2026-01-13 15:00:00-05:00,52.96,49.54,-0.0,3.42
2026-01-13 16:00:00-05:00,56.99,53.0,-0.04,4.03
2026-01-13 17:00:00-05:00,71.49,66.23,-0.04,5.3
2026-01-13 18:00:00-05:00,62.91,58.44,-0.03,4.5
2026-01-13 19:00:00-05:00,55.15,50.53,-0.03,4.65
2026-01-13 20:00:00-05:00,52.52,48.57,-0.03,3.98
2026-01-13 21:00:00-05:00,47.05,43.61,-0.0,3.44
2026-01-13 22:00:00-05:00,44.79,41.55,-0.0,3.24
2026-01-13 23:00:00-05:00,43.0,39.84,0.21,2.95
2026-01-14 00:00:00-05:00,34.03,31.69,-0.0,2.34
2026-01-14 01:00:00-05:00,33.1,30.99,-0.0,2.11
2026-01-14 02:00:00-05:00,31.62,29.69,-0.0,1.93
2026-01-14 03:00:00-05:00,31.37,29.48,-0.0,1.89
2026-01-14 04:00:00-05:00,33.13,31.02,-0.0,2.11
2026-01-14 05:00:00-05:00,35.9,33.15,0.63,2.12
2026-01-14 06:00:00-05:00,48.83,40.0,6.03,2.8
2026-01-14 07:00:00-05:00,55.35,51.89,-0.02,3.48
2026-01-14 08:00:00-05:00,52.45,49.25,-0.0,3.2
2026-01-14 09:00:00-05:00,54.41,50.82,-0.02,3.61
2026-01-14 10:00:00-05:00,53.56,49.97,-0.01,3.6
2026-01-14 11:00:00-05:00,52.45,48.98,-0.01,3.48
2026-01-14 12:00:00-05:00,51.57,48.06,-0.0,3.51
2026-01-14 13:00:00-05:00,49.98,46.54,-0.0,3.44
2026-01-14 14:00:00-05:00,52.33,48.82,-0.01,3.52
2026-01-14 15:00:00-05:00,56.52,52.92,-0.05,3.65
2026-01-14 16:00:00-05:00,60.24,56.79,-0.13,3.58
2026-01-14 17:00:00-05:00,71.69,67.57,-0.0,4.12
2026-01-14 18:00:00-05:00,61.85,57.87,-0.01,3.99
2026-01-14 19:00:00-05:00,60.25,56.92,-0.03,3.36
2026-01-14 20:00:00-05:00,55.46,52.13,-0.01,3.34
2026-01-14 21:00:00-05:00,48.36,45.32,-0.0,3.04
2026-01-14 22:00:00-05:00,46.94,44.33,-0.0,2.61
2026-01-14 23:00:00-05:00,42.71,40.45,-0.0,2.26
2026-01-15 00:00:00-05:00,46.23,43.74,-0.0,2.49
2026-01-15 01:00:00-05:00,43.92,41.79,-0.0,2.13
2026-01-15 02:00:00-05:00,41.9,39.94,-0.0,1.96
2026-01-15 03:00:00-05:00,41.41,39.55,-0.0,1.86
2026-01-15 04:00:00-05:00,42.05,40.2,-0.0,1.85
2026-01-15 05:00:00-05:00,46.2,43.83,-0.0,2.37
2026-01-15 06:00:00-05:00,55.51,52.27,-0.0,3.24
2026-01-15 07:00:00-05:00,66.87,62.52,-0.02,4.37
2026-01-15 08:00:00-05:00,63.6,59.46,-0.02,4.16
2026-01-15 09:00:00-05:00,62.03,57.94,-0.02,4.11
2026-01-15 10:00:00-05:00,70.04,65.28,-0.33,5.09
2026-01-15 11:00:00-05:00,70.09,65.14,-0.26,5.21
2026-01-15 12:00:00-05:00,70.07,65.24,-0.26,5.09
2026-01-15 13:00:00-05:00,71.28,66.21,-0.29,5.36
2026-01-15 14:00:00-05:00,71.82,66.9,-0.3,5.22
2026-01-15 15:00:00-05:00,76.63,71.61,-0.49,5.51
2026-01-15 16:00:00-05:00,86.84,80.26,-0.0,6.58
2026-01-15 17:00:00-05:00,104.29,96.56,-0.0,7.73
2026-01-15 18:00:00-05:00,104.31,96.23,-0.0,8.08
2026-01-15 19:00:00-05:00,93.65,86.0,-0.0,7.65
2026-01-15 20:00:00-05:00,88.84,82.03,-0.0,6.81
2026-01-15 21:00:00-05:00,80.86,74.59,-0.0,6.27
2026-01-15 22:00:00-05:00,73.83,68.48,-0.0,5.35
2026-01-15 23:00:00-05:00,71.19,66.22,-0.0,4.97
2026-01-16 00:00:00-05:00,82.39,65.61,12.05,4.73
2026-01-16 01:00:00-05:00,77.96,60.73,12.92,4.31
2026-01-16 02:00:00-05:00,74.38,56.89,13.57,3.92
2026-01-16 03:00:00-05:00,70.25,56.85,9.42,3.98
2026-01-16 04:00:00-05:00,67.1,60.9,1.94,4.26
2026-01-16 05:00:00-05:00,76.98,63.75,8.89,4.34
2026-01-16 06:00:00-05:00,92.7,78.84,8.34,5.52
2026-01-16 07:00:00-05:00,109.83,101.79,-0.0,8.04
2026-01-16 08:00:00-05:00,88.49,82.08,-0.0,6.41
2026-01-16 09:00:00-05:00,79.68,73.44,-0.0,6.24
2026-01-16 10:00:00-05:00,78.54,70.87,1.01,6.66
2026-01-16 11:00:00-05:00,72.22,66.01,0.01,6.2
2026-01-16 12:00:00-05:00,70.42,64.42,0.01,5.99
2026-01-16 13:00:00-05:00,70.2,64.4,-0.0,5.8
2026-01-16 14:00:00-05:00,78.67,72.57,-0.0,6.1
2026-01-16 15:00:00-05:00,87.22,80.91,-0.0,6.31
2026-01-16 16:00:00-05:00,89.09,82.87,-0.0,6.22
2026-01-16 17:00:00-05:00,105.99,98.41,-0.0,7.58
2026-01-16 18:00:00-05:00,100.23,93.32,-0.0,6.91
2026-01-16 19:00:00-05:00,88.62,82.28,-0.0,6.34
2026-01-16 20:00:00-05:00,87.49,81.54,-0.0,5.95
2026-01-16 21:00:00-05:00,85.07,79.06,-0.0,6.01
2026-01-16 22:00:00-05:00,82.24,76.29,-0.0,5.95
2026-01-16 23:00:00-05:00,74.8,69.58,-0.0,5.22
2026-01-17 00:00:00-05:00,60.4,56.98,-0.0,3.42
2026-01-17 01:00:00-05:00,62.1,58.64,-0.0,3.46
2026-01-17 02:00:00-05:00,57.89,54.82,-0.0,3.07
2026-01-17 03:00:00-05:00,54.66,51.81,-0.0,2.85
2026-01-17 04:00:00-05:00,53.41,50.53,-0.0,2.88
2026-01-17 05:00:00-05:00,51.15,48.35,-0.0,2.8
2026-01-17 06:00:00-05:00,57.62,54.51,-0.0,3.11
2026-01-17 07:00:00-05:00,56.91,53.95,-0.0,2.96
2026-01-17 08:00:00-05:00,60.44,57.4,-0.0,3.04
2026-01-17 09:00:00-05:00,77.25,72.54,-0.0,4.71
2026-01-17 10:00:00-05:00,89.18,83.75,-0.1,5.53
2026-01-17 11:00:00-05:00,91.59,85.99,-0.25,5.85
2026-01-17 12:00:00-05:00,92.2,86.67,-0.28,5.81
2026-01-17 13:00:00-05:00,93.68,88.23,-0.28,5.73
2026-01-17 14:00:00-05:00,91.75,86.47,-0.26,5.54
2026-01-17 15:00:00-05:00,95.67,90.32,-0.34,5.69
2026-01-17 16:00:00-05:00,106.88,100.77,-0.84,6.95
2026-01-17 17:00:00-05:00,110.07,103.67,-0.96,7.36
2026-01-17 18:00:00-05:00,111.54,105.11,-1.03,7.46
2026-01-17 19:00:00-05:00,87.85,81.93,-0.06,5.98
2026-01-17 20:00:00-05:00,82.21,76.47,-0.0,5.74
2026-01-17 21:00:00-05:00,76.4,70.87,-0.0,5.53
2026-01-17 22:00:00-05:00,74.09,68.67,-0.0,5.42
2026-01-17 23:00:00-05:00,67.73,62.95,-0.0,4.78
2026-01-18 00:00:00-05:00,68.12,63.25,-0.0,4.87
2026-01-18 01:00:00-05:00,64.57,58.17,1.92,4.48
2026-01-18 02:00:00-05:00,59.58,55.08,0.2,4.3
2026-01-18 03:00:00-05:00,55.8,51.69,0.13,3.98
2026-01-18 04:00:00-05:00,55.45,47.87,3.89,3.69
2026-01-18 05:00:00-05:00,55.7,50.77,0.97,3.96
2026-01-18 06:00:00-05:00,57.42,51.32,1.99,4.11
2026-01-18 07:00:00-05:00,57.33,53.13,-0.0,4.2
2026-01-18 08:00:00-05:00,69.19,64.24,-0.0,4.95
2026-01-18 09:00:00-05:00,70.92,65.85,-0.0,5.07
2026-01-18 10:00:00-05:00,85.44,61.55,18.91,4.98
2026-01-18 11:00:00-05:00,88.9,64.66,18.94,5.3
2026-01-18 12:00:00-05:00,87.77,68.86,13.06,5.85
2026-01-18 13:00:00-05:00,89.94,79.33,3.94,6.67
2026-01-18 14:00:00-05:00,91.94,85.13,-0.0,6.81
2026-01-18 15:00:00-05:00,94.15,87.66,-0.0,6.49
2026-01-18 16:00:00-05:00,106.57,98.95,-0.0,7.62
2026-01-18 17:00:00-05:00,118.8,108.32,1.49,8.99
2026-01-18 18:00:00-05:00,116.65,108.01,-0.0,8.64
2026-01-18 19:00:00-05:00,108.56,100.52,-0.0,8.04
2026-01-18 20:00:00-05:00,105.64,97.99,-0.0,7.65
2026-01-18 21:00:00-05:00,96.47,89.74,-0.0,6.73
2026-01-18 22:00:00-05:00,91.24,84.72,-0.0,6.52
2026-01-18 23:00:00-05:00,86.47,80.29,-0.0,6.18
2026-01-19 00:00:00-05:00,88.68,83.82,-1.26,6.12
2026-01-19 01:00:00-05:00,83.19,78.46,-1.08,5.81
2026-01-19 02:00:00-05:00,80.62,76.3,-1.41,5.73
2026-01-19 03:00:00-05:00,75.0,71.24,-1.22,4.98
2026-01-19 04:00:00-05:00,76.8,72.82,-1.12,5.1
2026-01-19 05:00:00-05:00,82.76,78.11,-1.13,5.78
2026-01-19 06:00:00-05:00,106.64,101.05,-2.09,7.68
2026-01-19 07:00:00-05:00,118.74,113.68,-2.67,7.73
2026-01-19 08:00:00-05:00,119.92,114.63,-2.73,8.02
2026-01-19 09:00:00-05:00,115.9,110.16,-2.53,8.27
2026-01-19 10:00:00-05:00,129.63,121.68,-2.39,10.34
2026-01-19 11:00:00-05:00,121.89,113.05,-2.12,10.96
2026-01-19 12:00:00-05:00,123.11,114.44,-2.43,11.1
2026-01-19 13:00:00-05:00,124.33,115.25,-2.22,11.3
2026-01-19 14:00:00-05:00,124.27,115.16,-2.29,11.4
2026-01-19 15:00:00-05:00,124.11,115.87,-2.19,10.43
2026-01-19 16:00:00-05:00,152.1,144.22,-4.24,12.12
2026-01-19 17:00:00-05:00,171.56,162.05,-4.58,14.09
2026-01-19 18:00:00-05:00,162.8,153.84,-4.58,13.54
2026-01-19 19:00:00-05:00,158.07,149.45,-4.53,13.15
2026-01-19 20:00:00-05:00,134.62,126.75,-3.41,11.28
2026-01-19 21:00:00-05:00,123.01,109.42,2.75,10.84
2026-01-19 22:00:00-05:00,123.28,109.54,3.33,10.41
2026-01-19 23:00:00-05:00,119.61,109.3,-0.08,10.39
2026-01-20 00:00:00-05:00,121.03,73.78,40.9,6.35
2026-01-20 01:00:00-05:00,118.83,71.75,41.05,6.03
2026-01-20 02:00:00-05:00,118.84,75.26,37.04,6.54
2026-01-20 03:00:00-05:00,114.41,79.07,28.7,6.64
2026-01-20 04:00:00-05:00,118.3,81.09,30.4,6.81
2026-01-20 05:00:00-05:00,124.04,85.16,31.81,7.07
2026-01-20 06:00:00-05:00,150.34,121.7,17.93,10.71
2026-01-20 07:00:00-05:00,164.06,154.22,-3.73,13.57
2026-01-20 08:00:00-05:00,156.86,147.46,-3.42,12.82
2026-01-20 09:00:00-05:00,142.5,133.97,-3.53,12.06
2026-01-20 10:00:00-05:00,154.19,143.2,-3.19,14.18
2026-01-20 11:00:00-05:00,136.25,108.44,17.3,10.51
2026-01-20 12:00:00-05:00,135.53,108.32,17.03,10.18
2026-01-20 13:00:00-05:00,135.43,104.93,20.64,9.86
2026-01-20 14:00:00-05:00,145.0,98.0,37.79,9.21
2026-01-20 15:00:00-05:00,138.28,123.17,3.54,11.57
2026-01-20 16:00:00-05:00,162.17,152.56,-3.66,13.27
2026-01-20 17:00:00-05:00,190.06,179.62,-4.65,15.09
2026-01-20 18:00:00-05:00,183.21,172.58,-4.56,15.19
2026-01-20 19:00:00-05:00,177.96,167.29,-4.21,14.88
2026-01-20 20:00:00-05:00,164.2,154.06,-3.57,13.71
2026-01-20 21:00:00-05:00,145.0,135.89,-2.85,11.96
2026-01-20 22:00:00-05:00,146.59,108.33,28.73,9.53
2026-01-20 23:00:00-05:00,136.24,108.22,18.83,9.19
2026-01-21 00:00:00-05:00,131.63,107.89,14.24,9.5
2026-01-21 01:00:00-05:00,127.56,104.89,13.86,8.81
2026-01-21 02:00:00-05:00,126.44,97.31,21.25,7.88
2026-01-21 03:00:00-05:00,127.41,97.41,22.2,7.8
2026-01-21 04:00:00-05:00,130.65,100.49,22.02,8.14
2026-01-21 05:00:00-05:00,136.21,109.89,17.31,9.01
2026-01-21 06:00:00-05:00,158.42,126.58,21.71,10.13
2026-01-21 07:00:00-05:00,176.0,165.64,-3.22,13.58
2026-01-21 08:00:00-05:00,165.34,153.4,-0.78,12.72
2026-01-21 09:00:00-05:00,148.03,138.37,-2.8,12.46
2026-01-21 10:00:00-05:00,133.13,124.2,-2.12,11.05
2026-01-21 11:00:00-05:00,122.32,108.01,3.84,10.47
2026-01-21 12:00:00-05:00,122.37,105.01,7.18,10.18
2026-01-21 13:00:00-05:00,122.11,102.99,9.54,9.58
2026-01-21 14:00:00-05:00,122.09,103.1,9.61,9.38
2026-01-21 15:00:00-05:00,126.2,102.83,14.22,9.15
2026-01-21 16:00:00-05:00,134.68,112.3,12.62,9.76
2026-01-21 17:00:00-05:00,165.36,142.56,9.83,12.97
2026-01-21 18:00:00-05:00,156.0,128.57,16.37,11.06
2026-01-21 19:00:00-05:00,142.39,114.77,17.64,9.98
2026-01-21 20:00:00-05:00,131.96,104.89,17.74,9.33
2026-01-21 21:00:00-05:00,122.77,90.66,23.86,8.25
2026-01-21 22:00:00-05:00,113.83,83.73,22.56,7.54
2026-01-21 23:00:00-05:00,108.23,79.5,21.82,6.91
2026-01-22 00:00:00-05:00,73.27,70.68,-1.86,4.45
2026-01-22 01:00:00-05:00,71.5,69.0,-1.78,4.28
2026-01-22 02:00:00-05:00,72.0,69.79,-1.77,3.98
2026-01-22 03:00:00-05:00,69.34,67.29,-1.78,3.83
2026-01-22 04:00:00-05:00,71.32,65.84,1.6,3.88
2026-01-22 05:00:00-05:00,75.51,69.79,1.88,3.84
2026-01-22 06:00:00-05:00,94.95,79.92,9.84,5.19
2026-01-22 07:00:00-05:00,103.02,98.38,-2.25,6.89
2026-01-22 08:00:00-05:00,91.71,87.64,-2.32,6.39
2026-01-22 09:00:00-05:00,73.35,69.94,-1.69,5.1
2026-01-22 10:00:00-05:00,73.4,69.5,-1.31,5.21
2026-01-22 11:00:00-05:00,62.89,59.37,-0.94,4.46
2026-01-22 12:00:00-05:00,62.39,58.93,-0.96,4.42
2026-01-22 13:00:00-05:00,60.75,57.35,-0.9,4.3
2026-01-22 14:00:00-05:00,60.71,57.57,-0.89,4.03
2026-01-22 15:00:00-05:00,71.0,67.29,-1.2,4.91
2026-01-22 16:00:00-05:00,88.96,85.16,-2.33,6.13
2026-01-22 17:00:00-05:00,107.2,102.35,-3.03,7.88
2026-01-22 18:00:00-05:00,102.8,98.29,-2.87,7.38
2026-01-22 19:00:00-05:00,95.03,90.66,-2.61,6.98
2026-01-22 20:00:00-05:00,84.91,80.29,-1.56,6.18
2026-01-22 21:00:00-05:00,72.43,69.1,-1.65,4.98
2026-01-22 22:00:00-05:00,70.86,67.73,-1.54,4.67
2026-01-22 23:00:00-05:00,64.0,61.31,-1.24,3.93
2026-01-23 00:00:00-05:00,84.74,81.51,-1.74,4.97
2026-01-23 01:00:00-05:00,84.35,81.53,-1.82,4.64
2026-01-23 02:00:00-05:00,81.52,79.05,-1.72,4.19
2026-01-23 03:00:00-05:00,81.05,78.88,-1.69,3.86
2026-01-23 04:00:00-05:00,83.29,80.96,-1.8,4.13
2026-01-23 05:00:00-05:00,85.94,83.66,-1.74,4.02
2026-01-23 06:00:00-05:00,100.2,95.36,-1.17,6.01
2026-01-23 07:00:00-05:00,129.93,125.72,-1.32,5.53
2026-01-23 08:00:00-05:00,130.11,126.39,-2.35,6.07
2026-01-23 09:00:00-05:00,107.44,100.68,-0.18,6.94
2026-01-23 10:00:00-05:00,120.07,93.48,19.67,6.92
2026-01-23 11:00:00-05:00,121.89,93.49,21.38,7.02
2026-01-23 12:00:00-05:00,118.66,93.48,17.98,7.2
2026-01-23 13:00:00-05:00,119.79,93.57,19.01,7.21
2026-01-23 14:00:00-05:00,123.38,93.58,23.15,6.65
2026-01-23 15:00:00-05:00,128.83,114.29,6.42,8.12
2026-01-23 16:00:00-05:00,150.23,139.35,-0.0,10.88
2026-01-23 17:00:00-05:00,197.19,184.81,-0.0,12.38
2026-01-23 18:00:00-05:00,188.32,175.66,-0.0,12.66
2026-01-23 19:00:00-05:00,179.97,167.88,-0.0,12.09
2026-01-23 20:00:00-05:00,174.13,162.74,-0.0,11.39
2026-01-23 21:00:00-05:00,151.85,130.24,10.29,11.32
2026-01-23 22:00:00-05:00,144.03,125.75,7.46,10.82
2026-01-23 23:00:00-05:00,137.92,127.59,-0.0,10.33
2026-01-24 00:00:00-05:00,204.92,191.15,-0.0,13.77
2026-01-24 01:00:00-05:00,200.25,190.0,-0.0,10.25
2026-01-24 02:00:00-05:00,198.34,189.43,-0.0,8.91
2026-01-24 03:00:00-05:00,197.56,189.24,-0.0,8.32
2026-01-24 04:00:00-05:00,198.36,189.81,-0.0,8.55
2026-01-24 05:00:00-05:00,207.41,201.37,-0.0,6.04
2026-01-24 06:00:00-05:00,241.41,235.76,-0.0,5.65
2026-01-24 07:00:00-05:00,288.28,279.6,-0.0,8.68
2026-01-24 08:00:00-05:00,276.57,266.2,-0.0,10.37
2026-01-24 09:00:00-05:00,251.83,242.39,-0.0,9.44
2026-01-24 10:00:00-05:00,271.58,259.87,-0.0,11.71
2026-01-24 11:00:00-05:00,255.44,243.74,-0.0,11.7
2026-01-24 12:00:00-05:00,237.82,223.5,-0.0,14.32
2026-01-24 13:00:00-05:00,234.82,220.9,-0.0,13.92
2026-01-24 14:00:00-05:00,234.36,220.88,-0.0,13.48
2026-01-24 15:00:00-05:00,288.5,275.03,-0.0,13.47
2026-01-24 16:00:00-05:00,257.98,244.54,-0.0,13.44
2026-01-24 17:00:00-05:00,320.04,301.64,-0.0,18.4
2026-01-24 18:00:00-05:00,313.67,295.35,-0.0,18.32
2026-01-24 19:00:00-05:00,294.75,277.54,-0.0,17.21
2026-01-24 20:00:00-05:00,273.33,257.86,-0.0,15.47
2026-01-24 21:00:00-05:00,240.79,228.89,-0.0,11.9
2026-01-24 22:00:00-05:00,273.34,262.32,-0.0,11.02
2026-01-24 23:00:00-05:00,270.54,262.4,-0.0,8.14
2026-01-25 00:00:00-05:00,383.0,370.4,-0.0,12.6
2026-01-25 01:00:00-05:00,358.53,347.42,-0.0,11.11
2026-01-25 02:00:00-05:00,348.92,338.42,-0.0,10.5
2026-01-25 03:00:00-05:00,332.82,323.43,-0.0,9.39
2026-01-25 04:00:00-05:00,336.92,327.76,-0.0,9.16
2026-01-25 05:00:00-05:00,354.81,345.83,-0.0,8.98
2026-01-25 06:00:00-05:00,414.02,405.49,-0.0,8.53
2026-01-25 07:00:00-05:00,379.34,366.18,-0.0,13.16
2026-01-25 08:00:00-05:00,379.67,361.94,-0.0,17.73
2026-01-25 09:00:00-05:00,389.71,369.06,-0.0,20.65
2026-01-25 10:00:00-05:00,414.18,392.23,-0.0,21.95
2026-01-25 11:00:00-05:00,422.38,397.33,-0.0,25.05
2026-01-25 12:00:00-05:00,419.43,394.56,-0.0,24.87
2026-01-25 13:00:00-05:00,415.91,390.16,-0.0,25.75
2026-01-25 14:00:00-05:00,414.24,390.05,-0.0,24.19
2026-01-25 15:00:00-05:00,445.55,419.13,-0.0,26.42
2026-01-25 16:00:00-05:00,384.06,358.6,-0.0,25.46
2026-01-25 17:00:00-05:00,446.17,414.27,-0.0,31.9
2026-01-25 18:00:00-05:00,429.25,398.94,-0.0,30.31
2026-01-25 19:00:00-05:00,404.19,375.65,-0.0,28.54
2026-01-25 20:00:00-05:00,368.56,343.79,-0.0,24.77
2026-01-25 21:00:00-05:00,330.1,307.65,-0.0,22.45
2026-01-25 22:00:00-05:00,330.67,309.34,-0.0,21.33
2026-01-25 23:00:00-05:00,334.48,316.45,-0.0,18.03
2026-01-26 00:00:00-05:00,418.05,403.92,-0.0,14.13
2026-01-26 01:00:00-05:00,379.57,367.08,-0.0,12.49
2026-01-26 02:00:00-05:00,357.56,346.48,-0.0,11.08
2026-01-26 03:00:00-05:00,352.68,342.42,-0.0,10.26
2026-01-26 04:00:00-05:00,369.99,359.56,-0.0,10.43
2026-01-26 05:00:00-05:00,425.44,413.44,-0.0,12.0
2026-01-26 06:00:00-05:00,517.94,498.0,-0.0,19.94
2026-01-26 07:00:00-05:00,525.98,500.0,-0.0,25.98
2026-01-26 08:00:00-05:00,555.22,523.79,-0.0,31.43
2026-01-26 09:00:00-05:00,560.92,527.15,-0.0,33.77
2026-01-26 10:00:00-05:00,546.59,514.18,-0.0,32.41
2026-01-26 11:00:00-05:00,553.26,518.02,-0.0,35.24
2026-01-26 12:00:00-05:00,543.85,510.19,-0.0,33.66
2026-01-26 13:00:00-05:00,533.01,500.5,-0.0,32.51
2026-01-26 14:00:00-05:00,546.12,514.72,-0.0,31.4
2026-01-26 15:00:00-05:00,562.73,530.88,-0.0,31.85
2026-01-26 16:00:00-05:00,456.0,423.4,-0.0,32.6
2026-01-26 17:00:00-05:00,552.13,507.46,-0.0,44.67
2026-01-26 18:00:00-05:00,529.55,487.19,-0.0,42.36
2026-01-26 19:00:00-05:00,514.19,476.09,-0.0,38.1
2026-01-26 20:00:00-05:00,481.77,447.32,-0.0,34.45
2026-01-26 21:00:00-05:00,469.74,438.6,-0.0,31.14
2026-01-26 22:00:00-05:00,538.69,506.75,-0.0,31.94
2026-01-26 23:00:00-05:00,491.7,467.41,-0.0,24.29
2026-01-27 00:00:00-05:00,591.87,569.67,-0.0,22.2
2026-01-27 01:00:00-05:00,592.7,575.45,-0.0,17.25
2026-01-27 02:00:00-05:00,586.16,571.33,-0.0,14.83
2026-01-27 03:00:00-05:00,587.3,572.97,-0.0,14.33
2026-01-27 04:00:00-05:00,602.65,583.97,-0.0,18.68
2026-01-27 05:00:00-05:00,603.64,581.55,-0.0,22.09
2026-01-27 06:00:00-05:00,754.24,725.96,-0.0,28.28
2026-01-27 07:00:00-05:00,842.19,796.8,-0.0,45.39
2026-01-27 08:00:00-05:00,842.19,796.8,-0.0,45.39
2026-01-27 09:00:00-05:00,792.26,751.7,-0.0,40.56
2026-01-27 10:00:00-05:00,674.14,640.84,-0.0,33.3
2026-01-27 11:00:00-05:00,672.98,635.5,-0.0,37.48
2026-01-27 12:00:00-05:00,636.54,601.66,-0.0,34.88
2026-01-27 13:00:00-05:00,623.75,591.25,-0.0,32.5
2026-01-27 14:00:00-05:00,620.29,588.53,-0.0,31.76
2026-01-27 15:00:00-05:00,660.84,629.38,-0.0,31.46
2026-01-27 16:00:00-05:00,563.63,531.73,-0.0,31.9
2026-01-27 17:00:00-05:00,725.0,682.01,-0.0,42.99
2026-01-27 18:00:00-05:00,733.16,689.68,-0.0,43.48
2026-01-27 19:00:00-05:00,665.0,625.57,-0.0,39.43
2026-01-27 20:00:00-05:00,607.42,574.13,-0.0,33.29
2026-01-27 21:00:00-05:00,596.3,568.45,-0.0,27.85
2026-01-27 22:00:00-05:00,610.42,580.27,-0.0,30.15
2026-01-27 23:00:00-05:00,598.67,577.3,-0.0,21.37
2026-01-28 00:00:00-05:00,659.46,625.7,-0.0,33.76
2026-01-28 01:00:00-05:00,607.35,578.44,-0.0,28.91
2026-01-28 02:00:00-05:00,577.22,551.3,-0.0,25.92
2026-01-28 03:00:00-05:00,578.27,552.31,-0.0,25.96
2026-01-28 04:00:00-05:00,635.0,605.92,-0.0,29.08
2026-01-28 05:00:00-05:00,831.78,798.26,-0.0,33.52
2026-01-28 06:00:00-05:00,1006.81,970.87,-0.0,35.94
2026-01-28 07:00:00-05:00,1020.46,972.8,-0.0,47.66
2026-01-28 08:00:00-05:00,1019.4,971.79,-0.0,47.61
2026-01-28 09:00:00-05:00,1015.43,965.27,-0.0,50.16
2026-01-28 10:00:00-05:00,999.0,940.66,-0.0,58.34
2026-01-28 11:00:00-05:00,985.68,918.65,-0.0,67.03
2026-01-28 12:00:00-05:00,939.26,875.39,-0.0,63.87
2026-01-28 13:00:00-05:00,917.02,855.4,-0.0,61.62
2026-01-28 14:00:00-05:00,932.71,870.03,-0.0,62.68
2026-01-28 15:00:00-05:00,1058.27,1005.99,-0.0,52.28
2026-01-28 16:00:00-05:00,558.25,518.84,-0.0,39.41
2026-01-28 17:00:00-05:00,853.94,790.39,6.61,56.94
2026-01-28 18:00:00-05:00,854.67,788.11,6.69,59.87
2026-01-28 19:00:00-05:00,818.81,765.99,0.01,52.81
2026-01-28 20:00:00-05:00,639.82,594.89,3.3,41.63
2026-01-28 21:00:00-05:00,639.86,596.86,-0.0,43.0
2026-01-28 22:00:00-05:00,970.7,914.88,-0.0,55.82
2026-01-28 23:00:00-05:00,905.97,859.58,-0.0,46.39
2026-01-29 00:00:00-05:00,403.63,386.23,-0.0,17.4
2026-01-29 01:00:00-05:00,368.91,354.38,-0.0,14.53
2026-01-29 02:00:00-05:00,334.61,321.73,-0.0,12.88
2026-01-29 03:00:00-05:00,337.71,325.35,-0.0,12.36
2026-01-29 04:00:00-05:00,386.54,373.47,-0.0,13.07
2026-01-29 05:00:00-05:00,480.49,471.07,-0.0,9.42
2026-01-29 06:00:00-05:00,653.32,638.62,-0.0,14.7
2026-01-29 07:00:00-05:00,701.13,680.73,-0.0,20.4
2026-01-29 08:00:00-05:00,700.65,675.01,-0.0,25.64
2026-01-29 09:00:00-05:00,635.29,612.61,-0.0,22.68
2026-01-29 10:00:00-05:00,568.08,547.29,-0.0,20.79
2026-01-29 11:00:00-05:00,549.39,518.29,-0.0,31.1
2026-01-29 12:00:00-05:00,480.65,450.46,-0.0,30.19
2026-01-29 13:00:00-05:00,474.4,444.18,-0.0,30.22
2026-01-29 14:00:00-05:00,480.65,451.33,-0.0,29.32
2026-01-29 15:00:00-05:00,482.34,457.64,-0.0,24.7
2026-01-29 16:00:00-05:00,508.31,488.74,-0.0,19.57
2026-01-29 17:00:00-05:00,689.48,660.45,-0.0,29.03
2026-01-29 18:00:00-05:00,686.97,658.67,-0.0,28.3
2026-01-29 19:00:00-05:00,620.58,595.01,-0.0,25.57
2026-01-29 20:00:00-05:00,573.98,552.46,-0.0,21.52
2026-01-29 21:00:00-05:00,538.38,519.7,-0.0,18.68
2026-01-29 22:00:00-05:00,602.89,576.91,-0.0,25.98
2026-01-29 23:00:00-05:00,444.37,421.22,-0.0,23.15
2026-01-30 00:00:00-05:00,308.3,293.62,-0.0,14.68
2026-01-30 01:00:00-05:00,285.9,271.78,-0.0,14.12
2026-01-30 02:00:00-05:00,267.93,255.66,-0.0,12.27
2026-01-30 03:00:00-05:00,259.54,248.12,-0.0,11.42
2026-01-30 04:00:00-05:00,280.74,267.38,-0.0,13.36
2026-01-30 05:00:00-05:00,339.47,325.79,-0.0,13.68
2026-01-30 06:00:00-05:00,469.32,455.19,-0.0,14.13
2026-01-30 07:00:00-05:00,513.94,493.69,-0.0,20.25
2026-01-30 08:00:00-05:00,498.59,478.95,-0.0,19.64
2026-01-30 09:00:00-05:00,460.34,439.67,-0.0,20.67
2026-01-30 10:00:00-05:00,410.39,387.53,-0.0,22.86
2026-01-30 11:00:00-05:00,384.98,359.46,-0.0,25.52
2026-01-30 12:00:00-05:00,340.64,315.98,-0.0,24.66
2026-01-30 13:00:00-05:00,312.25,289.92,-0.0,22.33
2026-01-30 14:00:00-05:00,313.55,291.41,-0.0,22.14
2026-01-30 15:00:00-05:00,333.9,311.19,-0.0,22.71
2026-01-30 16:00:00-05:00,429.62,400.75,-0.0,28.87
2026-01-30 17:00:00-05:00,493.82,459.8,-0.0,34.02
2026-01-30 18:00:00-05:00,515.6,481.42,-0.0,34.18
2026-01-30 19:00:00-05:00,467.94,436.92,-0.0,31.02
2026-01-30 20:00:00-05:00,430.34,401.81,-0.0,28.53
2026-01-30 21:00:00-05:00,418.18,391.92,-0.0,26.26
2026-01-30 22:00:00-05:00,408.0,383.44,-0.0,24.56
2026-01-30 23:00:00-05:00,380.78,358.2,-0.0,22.58
2026-01-31 00:00:00-05:00,250.08,238.18,-0.0,11.9
2026-01-31 01:00:00-05:00,237.71,226.4,-0.0,11.31
2026-01-31 02:00:00-05:00,221.84,209.68,-0.0,12.16
2026-01-31 03:00:00-05:00,215.93,204.87,-0.0,11.06
2026-01-31 04:00:00-05:00,220.47,209.78,-0.0,10.69
2026-01-31 05:00:00-05:00,230.0,221.37,-0.0,8.63
2026-01-31 06:00:00-05:00,266.02,256.79,-0.0,9.23
2026-01-31 07:00:00-05:00,300.28,288.45,-0.0,11.83
2026-01-31 08:00:00-05:00,314.43,301.19,-0.0,13.24
2026-01-31 09:00:00-05:00,285.01,271.7,-0.0,13.31
2026-01-31 10:00:00-05:00,261.5,248.82,-0.0,12.68
2026-01-31 11:00:00-05:00,232.74,221.87,-0.0,10.87
2026-01-31 12:00:00-05:00,221.22,207.33,-0.0,13.89
2026-01-31 13:00:00-05:00,213.28,198.22,-0.0,15.06
2026-01-31 14:00:00-05:00,216.43,201.71,-0.0,14.72
2026-01-31 15:00:00-05:00,225.11,210.19,-0.0,14.92
2026-01-31 16:00:00-05:00,254.34,240.17,-0.0,14.17
2026-01-31 17:00:00-05:00,313.71,295.67,-0.0,18.04
2026-01-31 18:00:00-05:00,304.29,287.07,-0.0,17.22
2026-01-31 19:00:00-05:00,291.86,275.08,-0.0,16.78
2026-01-31 20:00:00-05:00,261.48,246.92,-0.0,14.56
2026-01-31 21:00:00-05:00,262.54,247.92,-0.0,14.62
2026-01-31 22:00:00-05:00,237.76,225.59,-0.0,12.17
2026-01-31 23:00:00-05:00,239.18,227.79,-0.0,11.39
2026-02-01 00:00:00-05:00,293.6,284.5,-0.0,9.1
2026-02-01 01:00:00-05:00,271.19,262.78,-0.0,8.41
2026-02-01 02:00:00-05:00,247.42,240.22,-0.0,7.2
2026-02-01 03:00:00-05:00,232.62,225.62,-0.0,7.0
2026-02-01 04:00:00-05:00,242.6,235.54,-0.0,7.06
2026-02-01 05:00:00-05:00,250.94,244.34,-0.0,6.6
2026-02-01 06:00:00-05:00,267.03,258.0,-0.0,9.03
2026-02-01 07:00:00-05:00,281.87,272.6,-0.0,9.27
2026-02-01 08:00:00-05:00,297.46,287.14,-0.0,10.32
2026-02-01 09:00:00-05:00,322.94,311.73,-0.0,11.21
2026-02-01 10:00:00-05:00,292.32,280.28,-0.0,12.04
2026-02-01 11:00:00-05:00,275.97,262.59,-0.0,13.38
2026-02-01 12:00:00-05:00,250.38,228.97,7.44,13.97
2026-02-01 13:00:00-05:00,238.08,186.33,39.07,12.68
2026-02-01 14:00:00-05:00,236.82,181.26,43.41,12.15
2026-02-01 15:00:00-05:00,227.36,212.93,0.16,14.27
2026-02-01 16:00:00-05:00,280.25,266.41,-0.0,13.84
2026-02-01 17:00:00-05:00,326.23,310.41,-0.0,15.82
2026-02-01 18:00:00-05:00,319.63,305.57,-0.0,14.06
2026-02-01 19:00:00-05:00,297.77,284.67,-0.0,13.1
2026-02-01 20:00:00-05:00,286.15,274.1,-0.0,12.05
2026-02-01 21:00:00-05:00,261.41,249.2,-0.0,12.21
2026-02-01 22:00:00-05:00,245.23,235.57,-0.0,9.66
2026-02-01 23:00:00-05:00,232.08,222.73,-0.0,9.35
2026-02-02 00:00:00-05:00,225.52,215.8,-0.0,9.72
2026-02-02 01:00:00-05:00,199.62,190.3,-0.0,9.32
2026-02-02 02:00:00-05:00,199.09,189.79,-0.0,9.3
2026-02-02 03:00:00-05:00,196.92,187.9,-0.0,9.02
2026-02-02 04:00:00-05:00,199.21,190.27,-0.0,8.94
2026-02-02 05:00:00-05:00,206.54,198.4,-0.0,8.14
2026-02-02 06:00:00-05:00,276.01,267.45,-0.0,8.56
2026-02-02 07:00:00-05:00,303.87,293.33,-0.0,10.54
2026-02-02 08:00:00-05:00,308.12,296.84,-0.0,11.28
2026-02-02 09:00:00-05:00,287.74,276.14,-0.0,11.6
2026-02-02 10:00:00-05:00,248.92,234.38,-0.0,14.54
2026-02-02 11:00:00-05:00,212.79,198.49,-0.0,14.3
2026-02-02 12:00:00-05:00,199.2,170.12,15.64,13.44
2026-02-02 13:00:00-05:00,187.9,163.66,10.99,13.25
2026-02-02 14:00:00-05:00,177.86,161.46,3.65,12.75
2026-02-02 15:00:00-05:00,193.39,179.39,-0.0,14.0
2026-02-02 16:00:00-05:00,229.94,215.29,-0.0,14.65
2026-02-02 17:00:00-05:00,299.0,281.81,-0.0,17.19
2026-02-02 18:00:00-05:00,304.88,286.53,-0.0,18.35
2026-02-02 19:00:00-05:00,271.6,255.49,-0.0,16.11
2026-02-02 20:00:00-05:00,252.86,238.55,-0.0,14.31
2026-02-02 21:00:00-05:00,215.09,200.46,-0.0,14.63
2026-02-02 22:00:00-05:00,225.94,211.55,-0.0,14.39
2026-02-02 23:00:00-05:00,211.58,197.55,-0.0,14.03
2026-02-03 00:00:00-05:00,209.57,199.97,-0.0,9.6
2026-02-03 01:00:00-05:00,199.97,190.81,-0.0,9.16
2026-02-03 02:00:00-05:00,198.44,189.35,-0.0,9.09
2026-02-03 03:00:00-05:00,197.13,188.28,-0.0,8.85
2026-02-03 04:00:00-05:00,203.27,194.51,-0.0,8.76
2026-02-03 05:00:00-05:00,233.2,228.86,-0.0,4.34
2026-02-03 06:00:00-05:00,326.84,319.49,-0.0,7.35
2026-02-03 07:00:00-05:00,320.97,311.02,-0.0,9.95
2026-02-03 08:00:00-05:00,288.83,279.33,-0.0,9.5
2026-02-03 09:00:00-05:00,272.52,262.03,-0.0,10.49
2026-02-03 10:00:00-05:00,230.09,217.69,-0.0,12.4
2026-02-03 11:00:00-05:00,207.69,194.65,-0.0,13.04
2026-02-03 12:00:00-05:00,196.6,183.05,-0.0,13.55
2026-02-03 13:00:00-05:00,185.42,173.94,-0.0,11.48
2026-02-03 14:00:00-05:00,185.58,173.61,-0.0,11.97
2026-02-03 15:00:00-05:00,199.46,187.11,-0.0,12.35
2026-02-03 16:00:00-05:00,241.04,230.22,-0.0,10.82
2026-02-03 17:00:00-05:00,306.59,293.38,-0.0,13.21
2026-02-03 18:00:00-05:00,298.54,285.67,-0.0,12.87
2026-02-03 19:00:00-05:00,264.25,251.67,-0.0,12.58
2026-02-03 20:00:00-05:00,243.31,231.51,-0.0,11.8
2026-02-03 21:00:00-05:00,230.07,214.82,-0.0,15.25
2026-02-03 22:00:00-05:00,210.76,197.52,-0.0,13.24
2026-02-03 23:00:00-05:00,206.33,195.21,-0.0,11.12
2026-02-04 00:00:00-05:00,159.2,150.62,-0.0,8.58
2026-02-04 01:00:00-05:00,148.15,140.56,-0.0,7.59
2026-02-04 02:00:00-05:00,135.23,128.18,-0.0,7.05
2026-02-04 03:00:00-05:00,137.25,130.59,-0.0,6.66
2026-02-04 04:00:00-05:00,140.32,133.26,-0.0,7.06
2026-02-04 05:00:00-05:00,151.19,143.99,-0.0,7.2
2026-02-04 06:00:00-05:00,201.63,192.03,-0.0,9.6
2026-02-04 07:00:00-05:00,265.39,253.47,-0.0,11.92
2026-02-04 08:00:00-05:00,254.24,243.05,-0.0,11.19
2026-02-04 09:00:00-05:00,213.72,200.49,-0.0,13.23
2026-02-04 10:00:00-05:00,189.21,177.01,-0.0,12.2
2026-02-04 11:00:00-05:00,175.01,163.56,-0.0,11.45
2026-02-04 12:00:00-05:00,162.71,151.78,-0.0,10.93
2026-02-04 13:00:00-05:00,159.95,149.2,-0.0,10.75
2026-02-04 14:00:00-05:00,161.16,150.62,-0.0,10.54
2026-02-04 15:00:00-05:00,161.71,150.71,-0.0,11.0
2026-02-04 16:00:00-05:00,190.32,177.38,-0.0,12.94
2026-02-04 17:00:00-05:00,257.99,241.35,-0.0,16.64
2026-02-04 18:00:00-05:00,257.72,240.63,-0.0,17.09
2026-02-04 19:00:00-05:00,232.37,217.78,-0.0,14.59
2026-02-04 20:00:00-05:00,210.95,196.77,-0.0,14.18
2026-02-04 21:00:00-05:00,189.84,176.93,-0.0,12.91
2026-02-04 22:00:00-05:00,177.39,165.47,-0.0,11.92
2026-02-04 23:00:00-05:00,172.57,161.28,-0.0,11.29
2026-02-05 00:00:00-05:00,161.79,151.21,-0.0,10.58
2026-02-05 01:00:00-05:00,150.07,141.17,-0.0,8.9
2026-02-05 02:00:00-05:00,143.32,134.95,-0.0,8.37
2026-02-05 03:00:00-05:00,141.16,133.04,-0.0,8.12
2026-02-05 04:00:00-05:00,149.61,141.28,-0.0,8.33
2026-02-05 05:00:00-05:00,163.9,154.92,-0.0,8.98
2026-02-05 06:00:00-05:00,209.65,199.67,-0.0,9.98
2026-02-05 07:00:00-05:00,226.5,214.5,-0.0,12.0
2026-02-05 08:00:00-05:00,210.19,198.67,-0.0,11.52
2026-02-05 09:00:00-05:00,187.66,175.22,-0.0,12.44
2026-02-05 10:00:00-05:00,172.04,159.89,-0.0,12.15
2026-02-05 11:00:00-05:00,159.71,147.88,-0.0,11.83
2026-02-05 12:00:00-05:00,143.15,132.43,-0.0,10.72
2026-02-05 13:00:00-05:00,135.8,125.74,-0.0,10.06
2026-02-05 14:00:00-05:00,133.1,123.13,-0.0,9.97
2026-02-05 15:00:00-05:00,143.45,132.95,-0.0,10.5
2026-02-05 16:00:00-05:00,169.83,157.4,-0.0,12.43
2026-02-05 17:00:00-05:00,223.21,207.45,-0.0,15.76
2026-02-05 18:00:00-05:00,221.74,205.69,-0.0,16.05
2026-02-05 19:00:00-05:00,204.94,189.94,-0.0,15.0
2026-02-05 20:00:00-05:00,187.21,174.14,-0.0,13.07
2026-02-05 21:00:00-05:00,166.61,155.28,-0.0,11.33
2026-02-05 22:00:00-05:00,165.66,154.39,-0.0,11.27
2026-02-05 23:00:00-05:00,153.24,143.89,-0.0,9.35
2026-02-06 00:00:00-05:00,217.62,204.35,-0.0,13.27
2026-02-06 01:00:00-05:00,182.22,169.69,2.35,10.18
2026-02-06 02:00:00-05:00,165.46,155.62,0.19,9.65
2026-02-06 03:00:00-05:00,177.89,168.62,-0.0,9.27
2026-02-06 04:00:00-05:00,184.89,176.92,-0.0,7.97
2026-02-06 05:00:00-05:00,190.47,182.09,-0.0,8.38
2026-02-06 06:00:00-05:00,248.65,238.67,-0.04,10.02
2026-02-06 07:00:00-05:00,286.78,274.28,-0.12,12.62
2026-02-06 08:00:00-05:00,274.76,262.97,-0.05,11.84
2026-02-06 09:00:00-05:00,260.65,248.01,-0.0,12.64
2026-02-06 10:00:00-05:00,242.49,230.35,-0.06,12.2
2026-02-06 11:00:00-05:00,224.98,212.07,-0.03,12.94
2026-02-06 12:00:00-05:00,206.27,178.67,12.78,14.82
2026-02-06 13:00:00-05:00,197.95,153.82,31.37,12.76
2026-02-06 14:00:00-05:00,188.86,153.47,23.11,12.28
2026-02-06 15:00:00-05:00,201.95,175.01,13.12,13.82
2026-02-06 16:00:00-05:00,245.47,229.83,-0.0,15.64
2026-02-06 17:00:00-05:00,280.56,263.92,-0.0,16.64
2026-02-06 18:00:00-05:00,271.65,255.54,-0.0,16.11
2026-02-06 19:00:00-05:00,232.33,215.32,-0.0,17.01
2026-02-06 20:00:00-05:00,219.12,203.65,-0.0,15.47
2026-02-06 21:00:00-05:00,210.7,196.18,-0.0,14.52
2026-02-06 22:00:00-05:00,193.15,174.51,6.07,12.57
2026-02-06 23:00:00-05:00,189.93,149.94,29.79,10.2
2026-02-07 00:00:00-05:00,180.86,170.46,-0.0,10.4
2026-02-07 01:00:00-05:00,168.65,159.1,-0.0,9.55
2026-02-07 02:00:00-05:00,149.85,135.81,6.17,7.87
2026-02-07 03:00:00-05:00,141.38,120.79,13.71,6.88
2026-02-07 04:00:00-05:00,132.65,125.5,-0.0,7.15
2026-02-07 05:00:00-05:00,140.22,132.41,-0.0,7.81
2026-02-07 06:00:00-05:00,152.58,146.29,-0.0,6.29
2026-02-07 07:00:00-05:00,166.08,160.0,-0.0,6.08
2026-02-07 08:00:00-05:00,187.33,180.12,-0.0,7.21
2026-02-07 09:00:00-05:00,202.82,195.01,-0.0,7.81
2026-02-07 10:00:00-05:00,251.63,240.33,-0.0,11.3
2026-02-07 11:00:00-05:00,230.5,218.28,-0.0,12.22
2026-02-07 12:00:00-05:00,217.0,195.34,8.37,13.29
2026-02-07 13:00:00-05:00,217.13,166.66,39.13,11.34
2026-02-07 14:00:00-05:00,217.24,155.4,51.13,10.71
2026-02-07 15:00:00-05:00,212.04,156.4,44.69,10.95
2026-02-07 16:00:00-05:00,265.85,251.76,-0.0,14.09
2026-02-07 17:00:00-05:00,333.09,316.34,-0.0,16.75
2026-02-07 18:00:00-05:00,326.0,311.36,-0.0,14.64
2026-02-07 19:00:00-05:00,310.54,295.76,-0.0,14.78
2026-02-07 20:00:00-05:00,259.3,243.69,-0.0,15.61
2026-02-07 21:00:00-05:00,248.26,213.04,20.53,14.69
2026-02-07 22:00:00-05:00,251.25,237.26,-0.0,13.99
2026-02-07 23:00:00-05:00,253.77,240.09,-0.0,13.68
2026-02-08 00:00:00-05:00,223.86,213.41,-0.0,10.45
2026-02-08 01:00:00-05:00,215.48,205.03,-0.0,10.45
2026-02-08 02:00:00-05:00,204.67,194.01,-0.0,10.66
2026-02-08 03:00:00-05:00,202.44,192.26,-0.0,10.18
2026-02-08 04:00:00-05:00,204.28,194.56,-0.0,9.72
2026-02-08 05:00:00-05:00,207.55,198.04,-0.0,9.51
2026-02-08 06:00:00-05:00,237.12,228.44,-0.0,8.68
2026-02-08 07:00:00-05:00,245.17,237.79,-0.0,7.38
2026-02-08 08:00:00-05:00,252.41,243.88,-0.0,8.53
2026-02-08 09:00:00-05:00,235.55,225.19,-0.0,10.36
2026-02-08 10:00:00-05:00,220.0,208.93,-0.0,11.07
2026-02-08 11:00:00-05:00,205.09,194.77,-0.0,10.32
2026-02-08 12:00:00-05:00,205.57,194.49,-0.0,11.08
2026-02-08 13:00:00-05:00,198.5,187.09,-0.0,11.41
2026-02-08 14:00:00-05:00,206.82,194.74,-0.0,12.08
2026-02-08 15:00:00-05:00,211.24,198.9,-0.0,12.34
2026-02-08 16:00:00-05:00,247.84,235.6,-0.0,12.24
2026-02-08 17:00:00-05:00,325.03,313.43,-0.0,11.6
2026-02-08 18:00:00-05:00,321.86,310.08,-0.0,11.78
2026-02-08 19:00:00-05:00,309.29,297.1,-0.0,12.19
2026-02-08 20:00:00-05:00,292.57,282.12,-0.0,10.45
2026-02-08 21:00:00-05:00,266.49,253.56,-0.0,12.93
2026-02-08 22:00:00-05:00,239.85,228.86,-0.0,10.99
2026-02-08 23:00:00-05:00,237.85,226.96,-0.0,10.89
2026-02-09 00:00:00-05:00,211.62,200.98,-0.0,10.64
2026-02-09 01:00:00-05:00,202.29,191.75,-0.0,10.54
2026-02-09 02:00:00-05:00,198.47,188.31,-0.0,10.16
2026-02-09 03:00:00-05:00,200.23,190.7,-0.0,9.53
2026-02-09 04:00:00-05:00,202.88,194.89,-0.0,7.99
2026-02-09 05:00:00-05:00,234.19,228.03,-0.0,6.16
2026-02-09 06:00:00-05:00,308.05,299.36,-0.0,8.69
2026-02-09 07:00:00-05:00,325.51,314.51,-0.0,11.0
2026-02-09 08:00:00-05:00,306.3,295.67,-0.0,10.63
2026-02-09 09:00:00-05:00,248.8,239.22,-0.0,9.58
2026-02-09 10:00:00-05:00,230.0,220.52,-0.0,9.48
2026-02-09 11:00:00-05:00,195.76,183.82,-0.0,11.94
2026-02-09 12:00:00-05:00,188.85,175.84,-0.0,13.01
2026-02-09 13:00:00-05:00,178.03,165.76,-0.0,12.27
2026-02-09 14:00:00-05:00,185.62,172.66,-0.0,12.96
2026-02-09 15:00:00-05:00,191.08,178.76,-0.0,12.32
2026-02-09 16:00:00-05:00,224.65,213.35,-0.0,11.3
2026-02-09 17:00:00-05:00,290.01,279.13,-0.0,10.88
2026-02-09 18:00:00-05:00,305.76,294.84,-0.0,10.92
2026-02-09 19:00:00-05:00,261.64,251.33,-0.0,10.31
2026-02-09 20:00:00-05:00,245.07,236.1,-0.0,8.97
2026-02-09 21:00:00-05:00,217.79,207.82,-0.0,9.97
2026-02-09 22:00:00-05:00,206.55,196.53,-0.0,10.02
2026-02-09 23:00:00-05:00,195.53,184.46,-0.0,11.07
2026-02-10 00:00:00-05:00,180.34,168.55,-0.0,11.79
2026-02-10 01:00:00-05:00,160.83,150.03,0.59,10.21
2026-02-10 02:00:00-05:00,151.6,141.94,-0.0,9.66
2026-02-10 03:00:00-05:00,150.29,140.85,-0.0,9.44
2026-02-10 04:00:00-05:00,162.04,152.29,-0.0,9.75
2026-02-10 05:00:00-05:00,198.84,189.91,-0.0,8.93
2026-02-10 06:00:00-05:00,240.73,229.49,-0.0,11.24
2026-02-10 07:00:00-05:00,253.81,240.13,-0.0,13.68
2026-02-10 08:00:00-05:00,236.63,223.66,-0.0,12.97
2026-02-10 09:00:00-05:00,222.13,208.58,-0.0,13.55
2026-02-10 10:00:00-05:00,154.46,143.15,-0.0,11.31
2026-02-10 11:00:00-05:00,150.99,124.46,16.57,9.96
2026-02-10 12:00:00-05:00,149.76,115.03,25.42,9.31
2026-02-10 13:00:00-05:00,149.27,111.63,28.48,9.16
2026-02-10 14:00:00-05:00,144.53,105.62,30.46,8.45
2026-02-10 15:00:00-05:00,141.09,100.93,31.99,8.17
2026-02-10 16:00:00-05:00,156.08,145.19,-0.0,10.89
2026-02-10 17:00:00-05:00,181.91,170.01,-0.0,11.9
2026-02-10 18:00:00-05:00,177.42,166.28,-0.0,11.14
2026-02-10 19:00:00-05:00,174.19,163.25,-0.0,10.94
2026-02-10 20:00:00-05:00,162.53,152.32,-0.0,10.21
2026-02-10 21:00:00-05:00,148.08,138.13,-0.0,9.95
2026-02-10 22:00:00-05:00,134.62,124.77,-0.0,9.85
2026-02-10 23:00:00-05:00,125.98,102.7,15.48,7.8
2026-02-11 00:00:00-05:00,89.6,85.82,-1.02,4.8
2026-02-11 01:00:00-05:00,86.24,83.08,-0.91,4.07
2026-02-11 02:00:00-05:00,79.71,76.71,-0.61,3.61
2026-02-11 03:00:00-05:00,77.57,74.57,-0.51,3.51
2026-02-11 04:00:00-05:00,72.64,69.58,-0.28,3.34
2026-02-11 05:00:00-05:00,85.42,82.31,-0.84,3.95
2026-02-11 06:00:00-05:00,100.43,97.29,-1.53,4.67
2026-02-11 07:00:00-05:00,119.15,114.98,-2.26,6.43
2026-02-11 08:00:00-05:00,115.29,110.68,-1.81,6.42
2026-02-11 09:00:00-05:00,102.63,97.68,-1.31,6.26
2026-02-11 10:00:00-05:00,92.26,87.94,-0.96,5.28
2026-02-11 11:00:00-05:00,90.37,86.04,-0.92,5.25
2026-02-11 12:00:00-05:00,85.03,80.58,-0.71,5.16
2026-02-11 13:00:00-05:00,85.89,81.58,-0.75,5.06
2026-02-11 14:00:00-05:00,87.14,82.8,-0.8,5.14
2026-02-11 15:00:00-05:00,89.04,85.07,-0.79,4.76
2026-02-11 16:00:00-05:00,102.57,97.14,-1.18,6.61
2026-02-11 17:00:00-05:00,126.69,118.61,-1.05,9.13
2026-02-11 18:00:00-05:00,125.38,116.4,-0.33,9.31
2026-02-11 19:00:00-05:00,108.18,99.8,0.69,7.69
2026-02-11 20:00:00-05:00,102.1,97.44,-1.58,6.24
2026-02-11 21:00:00-05:00,100.91,96.8,-1.5,5.61
2026-02-11 22:00:00-05:00,84.98,81.42,-0.75,4.31
2026-02-11 23:00:00-05:00,85.93,83.16,-0.89,3.66
2026-02-12 00:00:00-05:00,86.97,83.42,-0.78,4.33
2026-02-12 01:00:00-05:00,75.53,72.9,-0.73,3.36
2026-02-12 02:00:00-05:00,69.08,66.62,-0.47,2.93
2026-02-12 03:00:00-05:00,66.58,64.15,-0.39,2.82
2026-02-12 04:00:00-05:00,71.01,68.62,-0.56,2.95
2026-02-12 05:00:00-05:00,87.52,85.11,-1.33,3.74
2026-02-12 06:00:00-05:00,113.16,108.13,-2.1,7.13
2026-02-12 07:00:00-05:00,123.48,115.65,-1.43,9.26
2026-02-12 08:00:00-05:00,110.96,103.83,-1.28,8.41
2026-02-12 09:00:00-05:00,102.42,96.75,-1.2,6.87
2026-02-12 10:00:00-05:00,98.92,93.88,-1.15,6.19
2026-02-12 11:00:00-05:00,94.61,90.11,-1.09,5.59
2026-02-12 12:00:00-05:00,86.81,82.12,-0.9,5.59
2026-02-12 13:00:00-05:00,86.23,81.63,-0.87,5.47
2026-02-12 14:00:00-05:00,86.31,81.47,-0.86,5.7
2026-02-12 15:00:00-05:00,96.71,92.43,-1.27,5.55
2026-02-12 16:00:00-05:00,106.43,99.8,-1.36,7.99
2026-02-12 17:00:00-05:00,129.42,121.12,-1.99,10.29
2026-02-12 18:00:00-05:00,130.18,121.61,-2.49,11.06
2026-02-12 19:00:00-05:00,117.52,110.44,-2.08,9.16
2026-02-12 20:00:00-05:00,105.04,99.33,-1.64,7.35
2026-02-12 21:00:00-05:00,102.37,96.85,-1.46,6.98
2026-02-12 22:00:00-05:00,94.69,90.4,-1.22,5.51
2026-02-12 23:00:00-05:00,92.28,88.6,-1.19,4.87
2026-02-13 00:00:00-05:00,93.67,80.44,7.12,6.11
2026-02-13 01:00:00-05:00,84.75,80.1,-1.04,5.69
2026-02-13 02:00:00-05:00,84.15,79.95,-1.16,5.36
2026-02-13 03:00:00-05:00,84.2,79.95,-1.19,5.44
2026-02-13 04:00:00-05:00,88.4,80.2,2.51,5.69
2026-02-13 05:00:00-05:00,96.52,80.37,10.05,6.1
2026-02-13 06:00:00-05:00,122.14,107.06,6.51,8.57
2026-02-13 07:00:00-05:00,142.37,133.86,-2.47,10.98
2026-02-13 08:00:00-05:00,124.5,116.09,-2.04,10.45
2026-02-13 09:00:00-05:00,91.28,83.87,-0.22,7.63
2026-02-13 10:00:00-05:00,85.07,79.39,-0.75,6.43
2026-02-13 11:00:00-05:00,76.68,71.88,-0.52,5.32
2026-02-13 12:00:00-05:00,71.0,66.06,-0.41,5.35
2026-02-13 13:00:00-05:00,69.49,64.56,-0.24,5.17
2026-02-13 14:00:00-05:00,69.71,64.99,-0.41,5.13
2026-02-13 15:00:00-05:00,70.98,65.99,-0.29,5.28
2026-02-13 16:00:00-05:00,89.59,81.91,0.23,7.45
2026-02-13 17:00:00-05:00,118.57,93.46,16.23,8.88
2026-02-13 18:00:00-05:00,109.98,102.69,-1.75,9.04
2026-02-13 19:00:00-05:00,94.25,88.22,-1.21,7.24
2026-02-13 20:00:00-05:00,85.72,80.62,-0.86,5.96
2026-02-13 21:00:00-05:00,85.14,80.18,-0.82,5.78
2026-02-13 22:00:00-05:00,83.26,78.77,-0.71,5.2
2026-02-13 23:00:00-05:00,80.14,76.22,-0.65,4.57
2026-02-14 00:00:00-05:00,80.9,76.9,-0.0,4.0
2026-02-14 01:00:00-05:00,72.43,69.13,-0.16,3.46
2026-02-14 02:00:00-05:00,68.61,65.69,-0.17,3.09
2026-02-14 03:00:00-05:00,68.06,65.45,-0.14,2.75
2026-02-14 04:00:00-05:00,68.68,66.14,-0.17,2.71
2026-02-14 05:00:00-05:00,73.43,70.85,-0.18,2.76
2026-02-14 06:00:00-05:00,79.11,76.26,-0.28,3.13
2026-02-14 07:00:00-05:00,83.45,79.71,-0.09,3.83
2026-02-14 08:00:00-05:00,83.21,79.79,-0.17,3.59
2026-02-14 09:00:00-05:00,75.94,72.93,-0.12,3.13
2026-02-14 10:00:00-05:00,68.51,65.83,-0.08,2.76
2026-02-14 11:00:00-05:00,63.14,60.56,-0.02,2.6
2026-02-14 12:00:00-05:00,57.72,54.97,-0.0,2.75
2026-02-14 13:00:00-05:00,57.12,54.3,-0.0,2.82
2026-02-14 14:00:00-05:00,56.85,53.94,-0.0,2.91
2026-02-14 15:00:00-05:00,60.1,57.18,-0.0,2.92
2026-02-14 16:00:00-05:00,72.32,68.78,-0.1,3.64
2026-02-14 17:00:00-05:00,84.46,80.11,-0.05,4.4
2026-02-14 18:00:00-05:00,84.79,80.19,-0.05,4.65
2026-02-14 19:00:00-05:00,83.72,79.71,-0.05,4.06
2026-02-14 20:00:00-05:00,78.38,75.27,-0.05,3.16
2026-02-14 21:00:00-05:00,72.93,69.65,-0.06,3.34
2026-02-14 22:00:00-05:00,72.62,69.48,-0.06,3.2
2026-02-14 23:00:00-05:00,66.96,64.82,-0.06,2.2
2026-02-15 00:00:00-05:00,69.27,66.22,-0.0,3.05
2026-02-15 01:00:00-05:00,64.01,61.54,-0.11,2.58
2026-02-15 02:00:00-05:00,58.72,56.52,-0.0,2.2
2026-02-15 03:00:00-05:00,57.63,55.41,-0.0,2.22
2026-02-15 04:00:00-05:00,55.82,53.93,-0.0,1.89
2026-02-15 05:00:00-05:00,60.53,58.58,-0.04,1.99
2026-02-15 06:00:00-05:00,68.45,66.46,-0.0,1.99
2026-02-15 07:00:00-05:00,66.21,63.97,-0.0,2.24
2026-02-15 08:00:00-05:00,64.39,62.09,-0.0,2.3
2026-02-15 09:00:00-05:00,57.28,54.87,-0.0,2.41
2026-02-15 10:00:00-05:00,53.11,50.82,-0.0,2.29
2026-02-15 11:00:00-05:00,52.12,49.5,-0.0,2.62
2026-02-15 12:00:00-05:00,51.18,48.33,-0.0,2.85
2026-02-15 13:00:00-05:00,51.7,48.59,-0.0,3.11
2026-02-15 14:00:00-05:00,53.38,50.45,-0.0,2.93
2026-02-15 15:00:00-05:00,58.15,55.02,-0.0,3.13
2026-02-15 16:00:00-05:00,71.85,68.3,-0.0,3.55
2026-02-15 17:00:00-05:00,83.28,79.47,-0.0,3.81
2026-02-15 18:00:00-05:00,87.25,82.23,-0.0,5.02
2026-02-15 19:00:00-05:00,81.94,77.52,-0.0,4.42
2026-02-15 20:00:00-05:00,77.69,73.64,-0.0,4.05
2026-02-15 21:00:00-05:00,67.84,64.18,-0.0,3.66
2026-02-15 22:00:00-05:00,63.1,59.87,-0.0,3.23
2026-02-15 23:00:00-05:00,60.52,57.86,-0.0,2.66
2026-02-16 00:00:00-05:00,61.19,58.4,-0.07,2.86
2026-02-16 01:00:00-05:00,55.74,53.34,-0.0,2.4
2026-02-16 02:00:00-05:00,54.35,52.06,-0.0,2.29
2026-02-16 03:00:00-05:00,52.75,50.62,-0.0,2.13
2026-02-16 04:00:00-05:00,53.47,51.32,-0.0,2.15
2026-02-16 05:00:00-05:00,57.71,55.49,-0.0,2.22
2026-02-16 06:00:00-05:00,68.96,65.99,-0.0,2.97
2026-02-16 07:00:00-05:00,75.56,71.76,-0.0,3.8
2026-02-16 08:00:00-05:00,74.88,71.05,-0.0,3.83
2026-02-16 09:00:00-05:00,77.08,72.72,-0.0,4.36
2026-02-16 10:00:00-05:00,73.26,69.31,-0.0,3.95
2026-02-16 11:00:00-05:00,71.62,67.86,-0.45,4.21
2026-02-16 12:00:00-05:00,66.09,62.22,-0.3,4.17
2026-02-16 13:00:00-05:00,65.37,61.52,-0.27,4.12
2026-02-16 14:00:00-05:00,61.44,57.74,-0.11,3.81
2026-02-16 15:00:00-05:00,61.8,58.14,-0.0,3.66
2026-02-16 16:00:00-05:00,71.17,67.14,-0.0,4.03
2026-02-16 17:00:00-05:00,85.54,79.79,-0.0,5.75
2026-02-16 18:00:00-05:00,89.79,83.37,-0.0,6.42
2026-02-16 19:00:00-05:00,80.01,74.71,-0.0,5.3
2026-02-16 20:00:00-05:00,66.63,62.62,-0.0,4.01
2026-02-16 21:00:00-05:00,62.89,59.16,-0.0,3.73
2026-02-16 22:00:00-05:00,58.61,55.35,-0.0,3.26
2026-02-16 23:00:00-05:00,55.75,52.95,-0.0,2.8
2026-02-17 00:00:00-05:00,55.08,51.81,-0.0,3.27
2026-02-17 01:00:00-05:00,50.0,47.26,-0.0,2.74
2026-02-17 02:00:00-05:00,47.71,45.22,-0.0,2.49
2026-02-17 03:00:00-05:00,47.0,44.72,-0.0,2.28
2026-02-17 04:00:00-05:00,48.93,46.78,-0.0,2.15
2026-02-17 05:00:00-05:00,53.21,50.82,-0.0,2.39
2026-02-17 06:00:00-05:00,70.61,67.44,-0.0,3.17
2026-02-17 07:00:00-05:00,80.42,76.09,-0.0,4.33
2026-02-17 08:00:00-05:00,79.8,75.14,-0.0,4.66
2026-02-17 09:00:00-05:00,80.25,75.42,-0.0,4.83
2026-02-17 10:00:00-05:00,74.42,70.06,-0.06,4.42
2026-02-17 11:00:00-05:00,71.33,67.27,-0.45,4.51
2026-02-17 12:00:00-05:00,65.53,61.42,-0.19,4.3
2026-02-17 13:00:00-05:00,59.05,55.17,-0.1,3.98
2026-02-17 14:00:00-05:00,56.2,52.52,-0.0,3.68
2026-02-17 15:00:00-05:00,55.85,52.54,-0.0,3.31
2026-02-17 16:00:00-05:00,69.24,64.77,-0.0,4.47
2026-02-17 17:00:00-05:00,85.54,79.95,-0.0,5.59
2026-02-17 18:00:00-05:00,90.44,83.97,-0.0,6.47
2026-02-17 19:00:00-05:00,79.36,74.45,-0.0,4.91
2026-02-17 20:00:00-05:00,69.23,65.44,-0.0,3.79
2026-02-17 21:00:00-05:00,61.94,58.43,-0.0,3.51
2026-02-17 22:00:00-05:00,58.56,55.61,-0.0,2.95
2026-02-17 23:00:00-05:00,55.8,53.29,-0.0,2.51
2026-02-18 00:00:00-05:00,57.49,54.7,-0.0,2.79
2026-02-18 01:00:00-05:00,52.94,50.61,-0.0,2.33
2026-02-18 02:00:00-05:00,51.73,49.55,-0.0,2.18
2026-02-18 03:00:00-05:00,50.09,48.07,-0.0,2.02
2026-02-18 04:00:00-05:00,51.72,49.64,-0.0,2.08
2026-02-18 05:00:00-05:00,55.19,52.81,-0.0,2.38
2026-02-18 06:00:00-05:00,61.57,59.03,-0.0,2.54
2026-02-18 07:00:00-05:00,72.91,69.24,-0.0,3.67
2026-02-18 08:00:00-05:00,75.42,71.02,-0.0,4.4
2026-02-18 09:00:00-05:00,77.94,72.98,-0.0,4.96
2026-02-18 10:00:00-05:00,70.86,66.39,-0.11,4.58
2026-02-18 11:00:00-05:00,73.56,68.5,-0.14,5.2
2026-02-18 12:00:00-05:00,71.24,66.45,-0.13,4.92
2026-02-18 13:00:00-05:00,68.81,64.4,-0.1,4.51
2026-02-18 14:00:00-05:00,65.34,60.88,-0.04,4.5
2026-02-18 15:00:00-05:00,66.62,62.2,-0.06,4.48
2026-02-18 16:00:00-05:00,73.1,68.17,-0.11,5.04
2026-02-18 17:00:00-05:00,80.47,75.2,-0.07,5.34
2026-02-18 18:00:00-05:00,81.94,76.5,-0.07,5.51
2026-02-18 19:00:00-05:00,74.17,69.9,-0.07,4.34
2026-02-18 20:00:00-05:00,69.42,65.49,-0.07,4.0
2026-02-18 21:00:00-05:00,60.1,56.43,-0.0,3.67
2026-02-18 22:00:00-05:00,57.69,54.48,-0.0,3.21
2026-02-18 23:00:00-05:00,54.7,51.95,-0.0,2.75
2026-02-19 00:00:00-05:00,52.45,50.48,-0.0,1.97
2026-02-19 01:00:00-05:00,50.18,48.3,-0.0,1.88
2026-02-19 02:00:00-05:00,48.0,46.29,-0.0,1.71
2026-02-19 03:00:00-05:00,47.86,46.2,-0.0,1.66
2026-02-19 04:00:00-05:00,48.35,46.72,-0.0,1.63
2026-02-19 05:00:00-05:00,49.23,47.52,-0.0,1.71
2026-02-19 06:00:00-05:00,59.59,57.44,-0.09,2.24
2026-02-19 07:00:00-05:00,70.71,67.5,-0.03,3.24
2026-02-19 08:00:00-05:00,68.45,65.31,-0.06,3.2
2026-02-19 09:00:00-05:00,63.77,60.5,-0.05,3.32
2026-02-19 10:00:00-05:00,57.6,54.83,-0.13,2.9
2026-02-19 11:00:00-05:00,55.65,52.55,-0.05,3.15
2026-02-19 12:00:00-05:00,53.75,50.47,-0.0,3.28
2026-02-19 13:00:00-05:00,51.49,48.53,-0.0,2.96
2026-02-19 14:00:00-05:00,53.12,50.11,-0.0,3.01
2026-02-19 15:00:00-05:00,52.2,49.43,-0.0,2.77
2026-02-19 16:00:00-05:00,59.65,56.7,-0.17,3.12
2026-02-19 17:00:00-05:00,73.28,69.6,-0.21,3.89
2026-02-19 18:00:00-05:00,77.91,73.68,-0.19,4.42
2026-02-19 19:00:00-05:00,65.92,62.67,-0.19,3.44
2026-02-19 20:00:00-05:00,58.61,55.98,-0.17,2.8
2026-02-19 21:00:00-05:00,52.47,49.36,-0.0,3.11
2026-02-19 22:00:00-05:00,50.33,47.62,-0.0,2.71
2026-02-19 23:00:00-05:00,47.66,45.35,-0.0,2.31
2026-02-20 00:00:00-05:00,47.8,45.65,-0.0,2.15
2026-02-20 01:00:00-05:00,45.42,43.34,-0.0,2.08
2026-02-20 02:00:00-05:00,45.29,43.3,-0.0,1.99
2026-02-20 03:00:00-05:00,42.16,40.34,-0.0,1.82
2026-02-20 04:00:00-05:00,42.11,40.07,-0.0,2.04
2026-02-20 05:00:00-05:00,47.7,45.56,-0.0,2.14
2026-02-20 06:00:00-05:00,57.22,54.91,-0.05,2.36
2026-02-20 07:00:00-05:00,62.51,59.54,-0.06,3.03
2026-02-20 08:00:00-05:00,68.0,64.37,-0.04,3.67
2026-02-20 09:00:00-05:00,74.85,70.31,-0.03,4.57
2026-02-20 10:00:00-05:00,80.74,76.07,-0.35,5.02
2026-02-20 11:00:00-05:00,82.58,77.39,-0.31,5.5
2026-02-20 12:00:00-05:00,80.97,75.75,-0.31,5.53
2026-02-20 13:00:00-05:00,76.92,72.04,-0.38,5.26
2026-02-20 14:00:00-05:00,74.73,70.17,-0.42,4.98
2026-02-20 15:00:00-05:00,71.48,67.03,-0.31,4.76
2026-02-20 16:00:00-05:00,71.77,67.34,-0.08,4.51
2026-02-20 17:00:00-05:00,77.23,72.66,-0.08,4.65
2026-02-20 18:00:00-05:00,71.58,67.36,-0.09,4.31
2026-02-20 19:00:00-05:00,65.09,61.36,-0.08,3.81
2026-02-20 20:00:00-05:00,57.99,55.07,-0.05,2.97
2026-02-20 21:00:00-05:00,56.87,53.65,-0.0,3.22
2026-02-20 22:00:00-05:00,49.31,46.56,-0.0,2.75
2026-02-20 23:00:00-05:00,49.14,46.71,-0.0,2.43
2026-02-21 00:00:00-05:00,43.95,42.1,-0.0,1.85
2026-02-21 01:00:00-05:00,43.82,41.89,-0.0,1.93
2026-02-21 02:00:00-05:00,43.82,41.93,-0.0,1.89
2026-02-21 03:00:00-05:00,43.22,41.52,-0.0,1.7
2026-02-21 04:00:00-05:00,43.22,41.36,-0.0,1.86
2026-02-21 05:00:00-05:00,43.78,41.98,-0.0,1.8
2026-02-21 06:00:00-05:00,46.22,44.4,-0.0,1.82
2026-02-21 07:00:00-05:00,49.41,47.51,-0.0,1.9
2026-02-21 08:00:00-05:00,53.02,50.79,-0.0,2.23
2026-02-21 09:00:00-05:00,51.02,48.92,-0.0,2.1
2026-02-21 10:00:00-05:00,54.28,51.94,-0.0,2.34
2026-02-21 11:00:00-05:00,53.25,50.91,-0.0,2.34
2026-02-21 12:00:00-05:00,51.2,48.76,-0.0,2.44
2026-02-21 13:00:00-05:00,52.03,49.89,-0.0,2.14
2026-02-21 14:00:00-05:00,51.25,49.09,-0.0,2.16
2026-02-21 15:00:00-05:00,54.5,52.35,-0.0,2.15
2026-02-21 16:00:00-05:00,60.1,58.27,-0.21,2.04
2026-02-21 17:00:00-05:00,70.34,68.17,-0.35,2.52
2026-02-21 18:00:00-05:00,75.12,72.66,-0.3,2.76
2026-02-21 19:00:00-05:00,68.1,65.9,-0.3,2.5
2026-02-21 20:00:00-05:00,61.44,59.91,-0.27,1.8
2026-02-21 21:00:00-05:00,56.81,54.58,-0.06,2.29
2026-02-21 22:00:00-05:00,57.76,55.8,-0.11,2.07
2026-02-21 23:00:00-05:00,55.78,54.18,-0.02,1.62
2026-02-22 00:00:00-05:00,50.33,49.15,-0.0,1.18
2026-02-22 01:00:00-05:00,48.46,47.37,-0.0,1.09
2026-02-22 02:00:00-05:00,45.58,44.55,-0.0,1.03
2026-02-22 03:00:00-05:00,44.34,43.39,-0.0,0.95
2026-02-22 04:00:00-05:00,44.02,43.03,-0.0,0.99
2026-02-22 05:00:00-05:00,42.99,41.94,-0.0,1.05
2026-02-22 06:00:00-05:00,43.93,42.82,-0.0,1.11
2026-02-22 07:00:00-05:00,42.8,41.31,-0.0,1.49
2026-02-22 08:00:00-05:00,45.36,43.45,-0.0,1.91
2026-02-22 09:00:00-05:00,50.1,47.85,-0.0,2.25
2026-02-22 10:00:00-05:00,55.79,53.28,-0.0,2.51
2026-02-22 11:00:00-05:00,58.8,55.79,-0.0,3.01
2026-02-22 12:00:00-05:00,59.81,56.69,-0.0,3.12
2026-02-22 13:00:00-05:00,58.63,55.63,-0.0,3.0
2026-02-22 14:00:00-05:00,58.24,55.1,-0.0,3.14
2026-02-22 15:00:00-05:00,59.56,56.46,-0.0,3.1
2026-02-22 16:00:00-05:00,63.75,60.52,-0.04,3.27
2026-02-22 17:00:00-05:00,70.04,66.84,-0.14,3.34
2026-02-22 18:00:00-05:00,71.93,68.45,-0.01,3.49
2026-02-22 19:00:00-05:00,64.24,61.19,-0.01,3.06
2026-02-22 20:00:00-05:00,62.96,59.96,-0.0,3.0
2026-02-22 21:00:00-05:00,61.24,57.72,-0.0,3.52
2026-02-22 22:00:00-05:00,58.46,55.78,-0.0,2.68
2026-02-22 23:00:00-05:00,56.87,54.53,-0.0,2.34
2026-02-23 00:00:00-05:00,53.22,51.37,-0.0,1.85
2026-02-23 01:00:00-05:00,51.81,49.87,-0.0,1.94
2026-02-23 02:00:00-05:00,49.02,47.32,-0.0,1.7
2026-02-23 03:00:00-05:00,47.6,45.86,-0.0,1.74
2026-02-23 04:00:00-05:00,49.15,47.4,-0.0,1.75
2026-02-23 05:00:00-05:00,53.7,51.73,-0.0,1.97
2026-02-23 06:00:00-05:00,66.06,63.64,-0.0,2.42
2026-02-23 07:00:00-05:00,69.7,66.53,-0.02,3.19
2026-02-23 08:00:00-05:00,75.0,71.66,-0.03,3.37
2026-02-23 09:00:00-05:00,76.55,72.78,-0.09,3.86
2026-02-23 10:00:00-05:00,82.67,78.69,-0.5,4.48
2026-02-23 11:00:00-05:00,82.09,77.99,-0.5,4.6
2026-02-23 12:00:00-05:00,75.49,71.52,-0.47,4.44
2026-02-23 13:00:00-05:00,71.73,68.3,-0.39,3.82
2026-02-23 14:00:00-05:00,67.55,64.06,-0.22,3.71
2026-02-23 15:00:00-05:00,69.48,66.14,-0.3,3.64
2026-02-23 16:00:00-05:00,70.67,66.95,-0.23,3.95
2026-02-23 17:00:00-05:00,84.8,79.79,-0.02,5.03
2026-02-23 18:00:00-05:00,84.9,79.87,-0.0,5.03
2026-02-23 19:00:00-05:00,75.46,71.12,-0.0,4.34
2026-02-23 20:00:00-05:00,66.18,62.91,-0.0,3.27
2026-02-23 21:00:00-05:00,63.56,59.79,-0.0,3.77
2026-02-23 22:00:00-05:00,61.64,58.21,-0.0,3.43
2026-02-23 23:00:00-05:00,59.98,56.64,-0.0,3.34
2026-02-24 00:00:00-05:00,71.25,67.67,-0.0,3.58
2026-02-24 01:00:00-05:00,67.64,64.24,-0.0,3.4
2026-02-24 02:00:00-05:00,67.3,64.16,-0.0,3.14
2026-02-24 03:00:00-05:00,64.65,61.81,-0.0,2.84
2026-02-24 04:00:00-05:00,69.26,66.25,-0.04,3.05
2026-02-24 05:00:00-05:00,72.49,68.93,-0.09,3.65
2026-02-24 06:00:00-05:00,88.81,84.42,-0.0,4.39
2026-02-24 07:00:00-05:00,116.21,109.95,-0.0,6.26
2026-02-24 08:00:00-05:00,92.95,86.7,-0.0,6.25
2026-02-24 09:00:00-05:00,74.87,70.47,-0.18,4.58
2026-02-24 10:00:00-05:00,81.78,76.36,-0.0,5.42
2026-02-24 11:00:00-05:00,75.29,70.7,-0.28,4.87
2026-02-24 12:00:00-05:00,72.16,67.66,-0.16,4.66
2026-02-24 13:00:00-05:00,68.88,64.38,-0.0,4.5
2026-02-24 14:00:00-05:00,69.93,65.36,-0.0,4.57
2026-02-24 15:00:00-05:00,69.85,65.28,-0.0,4.57
2026-02-24 16:00:00-05:00,85.49,79.79,-0.05,5.75
2026-02-24 17:00:00-05:00,104.87,97.95,-0.04,6.96
2026-02-24 18:00:00-05:00,127.7,119.56,-0.1,8.24
2026-02-24 19:00:00-05:00,102.75,95.91,-0.07,6.91
2026-02-24 20:00:00-05:00,93.86,88.06,-0.1,5.9
2026-02-24 21:00:00-05:00,86.71,81.05,-0.09,5.75
2026-02-24 22:00:00-05:00,81.29,75.76,-0.0,5.53
2026-02-24 23:00:00-05:00,76.96,72.33,-0.0,4.63
2026-02-25 00:00:00-05:00,82.27,78.23,-0.65,4.69
2026-02-25 01:00:00-05:00,82.0,77.57,-0.22,4.65
2026-02-25 02:00:00-05:00,77.14,73.16,-0.41,4.39
2026-02-25 03:00:00-05:00,73.34,69.41,-0.23,4.16
2026-02-25 04:00:00-05:00,74.1,70.23,-0.27,4.14
2026-02-25 05:00:00-05:00,82.71,78.81,-0.75,4.65
2026-02-25 06:00:00-05:00,103.26,97.06,-0.2,6.4
2026-02-25 07:00:00-05:00,110.88,103.14,-0.0,7.74
2026-02-25 08:00:00-05:00,105.65,98.0,-0.0,7.65
2026-02-25 09:00:00-05:00,104.78,96.99,-0.16,7.95
2026-02-25 10:00:00-05:00,84.77,78.79,-0.01,5.99
2026-02-25 11:00:00-05:00,76.05,70.75,-0.01,5.31
2026-02-25 12:00:00-05:00,71.53,66.61,-0.01,4.93
2026-02-25 13:00:00-05:00,67.81,62.9,-0.0,4.91
2026-02-25 14:00:00-05:00,65.31,60.53,-0.0,4.78
2026-02-25 15:00:00-05:00,65.0,60.41,-0.0,4.59
2026-02-25 16:00:00-05:00,73.32,68.46,-0.0,4.86
2026-02-25 17:00:00-05:00,96.0,89.39,-0.0,6.61
2026-02-25 18:00:00-05:00,89.41,83.25,-0.0,6.16
2026-02-25 19:00:00-05:00,85.6,80.0,-0.0,5.6
2026-02-25 20:00:00-05:00,74.99,70.54,-0.0,4.45
2026-02-25 21:00:00-05:00,72.97,68.84,-0.0,4.13
2026-02-25 22:00:00-05:00,68.61,64.73,-0.0,3.88
2026-02-25 23:00:00-05:00,68.33,65.02,-0.0,3.31
2026-02-26 00:00:00-05:00,57.27,54.4,-0.18,3.05
2026-02-26 01:00:00-05:00,53.45,51.1,-0.1,2.45
2026-02-26 02:00:00-05:00,53.0,50.89,-0.08,2.19
2026-02-26 03:00:00-05:00,51.53,49.62,-0.02,1.93
2026-02-26 04:00:00-05:00,54.67,53.03,-0.16,1.8
2026-02-26 05:00:00-05:00,58.46,56.8,-0.33,1.99
2026-02-26 06:00:00-05:00,78.16,75.7,-0.87,3.33
2026-02-26 07:00:00-05:00,80.91,77.56,-0.3,3.65
2026-02-26 08:00:00-05:00,74.42,71.04,-0.6,3.98
2026-02-26 09:00:00-05:00,54.33,51.24,-0.04,3.13
2026-02-26 10:00:00-05:00,54.63,51.47,-0.03,3.19
2026-02-26 11:00:00-05:00,52.82,49.37,-0.0,3.45
2026-02-26 12:00:00-05:00,52.83,49.34,-0.01,3.5
2026-02-26 13:00:00-05:00,52.38,48.96,-0.01,3.43
2026-02-26 14:00:00-05:00,52.78,49.39,-0.01,3.4
2026-02-26 15:00:00-05:00,53.44,49.99,-0.0,3.45
2026-02-26 16:00:00-05:00,61.35,57.81,-0.27,3.81
2026-02-26 17:00:00-05:00,83.58,79.72,-0.92,4.78
2026-02-26 18:00:00-05:00,89.41,85.74,-0.87,4.54
2026-02-26 19:00:00-05:00,83.42,79.8,-0.93,4.55
2026-02-26 20:00:00-05:00,73.65,71.07,-0.76,3.34
2026-02-26 21:00:00-05:00,68.49,65.63,-0.62,3.48
2026-02-26 22:00:00-05:00,65.44,63.08,-0.48,2.84
2026-02-26 23:00:00-05:00,66.99,64.86,-0.59,2.72
2026-02-27 00:00:00-05:00,53.17,50.98,-0.0,2.19
2026-02-27 01:00:00-05:00,49.12,47.37,-0.0,1.75
2026-02-27 02:00:00-05:00,48.06,46.39,-0.0,1.67
2026-02-27 03:00:00-05:00,47.05,45.37,-0.0,1.68
2026-02-27 04:00:00-05:00,48.05,46.33,-0.0,1.72
2026-02-27 05:00:00-05:00,52.27,50.4,-0.0,1.87
2026-02-27 06:00:00-05:00,68.41,66.21,-0.65,2.85
2026-02-27 07:00:00-05:00,70.79,68.42,-0.71,3.08
2026-02-27 08:00:00-05:00,56.75,54.0,-0.16,2.91
2026-02-27 09:00:00-05:00,49.08,46.09,-0.0,2.99
2026-02-27 10:00:00-05:00,46.8,43.74,-0.0,3.06
2026-02-27 11:00:00-05:00,43.17,40.23,-0.0,2.94
2026-02-27 12:00:00-05:00,42.62,39.65,-0.0,2.97
2026-02-27 13:00:00-05:00,41.5,38.64,-0.0,2.86
2026-02-27 14:00:00-05:00,41.66,38.75,-0.0,2.91
2026-02-27 15:00:00-05:00,42.64,39.63,-0.0,3.01
2026-02-27 16:00:00-05:00,51.46,47.73,-0.0,3.73
2026-02-27 17:00:00-05:00,63.12,59.58,-0.39,3.93
2026-02-27 18:00:00-05:00,67.14,63.53,-0.58,4.19
2026-02-27 19:00:00-05:00,56.65,53.13,-0.09,3.61
2026-02-27 20:00:00-05:00,50.0,46.81,-0.0,3.19
2026-02-27 21:00:00-05:00,48.45,44.94,-0.0,3.51
2026-02-27 22:00:00-05:00,47.03,43.83,-0.0,3.2
2026-02-27 23:00:00-05:00,45.03,42.24,-0.0,2.79
2026-02-28 00:00:00-05:00,41.75,39.2,-0.0,2.55
2026-02-28 01:00:00-05:00,40.75,38.26,-0.0,2.49
2026-02-28 02:00:00-05:00,38.06,35.8,-0.0,2.26
2026-02-28 03:00:00-05:00,38.95,36.78,-0.0,2.17
2026-02-28 04:00:00-05:00,38.76,36.57,-0.0,2.19
2026-02-28 05:00:00-05:00,39.74,36.17,1.33,2.24
2026-02-28 06:00:00-05:00,42.21,39.93,-0.0,2.28
2026-02-28 07:00:00-05:00,44.87,42.45,-0.0,2.42
2026-02-28 08:00:00-05:00,42.89,40.39,-0.0,2.5
2026-02-28 09:00:00-05:00,41.16,38.72,-0.0,2.44
2026-02-28 10:00:00-05:00,38.65,36.36,-0.0,2.29
2026-02-28 11:00:00-05:00,36.77,34.59,-0.0,2.18
2026-02-28 12:00:00-05:00,35.22,33.1,-0.0,2.12
2026-02-28 13:00:00-05:00,34.58,32.59,-0.0,1.99
2026-02-28 14:00:00-05:00,34.66,32.6,-0.0,2.06
2026-02-28 15:00:00-05:00,34.93,32.89,-0.0,2.04
2026-02-28 16:00:00-05:00,42.77,40.54,-0.0,2.23
2026-02-28 17:00:00-05:00,55.94,53.83,-0.2,2.31
2026-02-28 18:00:00-05:00,65.46,63.37,-0.51,2.6
2026-02-28 19:00:00-05:00,57.67,55.79,-0.24,2.12
2026-02-28 20:00:00-05:00,55.7,54.01,-0.15,1.84
2026-02-28 21:00:00-05:00,55.78,53.99,-0.15,1.94
2026-02-28 22:00:00-05:00,53.08,51.2,-0.02,1.9
2026-02-28 23:00:00-05:00,50.65,48.65,-0.0,2.0
2026-03-01 00:00:00-05:00,51.14,48.75,-0.0,2.39
2026-03-01 01:00:00-05:00,49.12,46.96,-0.0,2.16
2026-03-01 02:00:00-05:00,47.63,45.45,-0.0,2.18
2026-03-01 03:00:00-05:00,45.49,43.58,-0.0,1.91
2026-03-01 04:00:00-05:00,45.49,43.62,-0.0,1.87
2026-03-01 05:00:00-05:00,44.51,42.55,-0.0,1.96
2026-03-01 06:00:00-05:00,49.39,47.44,-0.0,1.95
2026-03-01 07:00:00-05:00,49.18,47.52,-0.0,1.66
2026-03-01 08:00:00-05:00,52.39,50.08,-0.0,2.31
2026-03-01 09:00:00-05:00,52.53,49.98,-0.0,2.55
2026-03-01 10:00:00-05:00,67.0,63.51,-0.0,3.49
2026-03-01 11:00:00-05:00,66.84,63.24,-0.0,3.6
2026-03-01 12:00:00-05:00,65.11,61.48,-0.0,3.63
2026-03-01 13:00:00-05:00,62.85,59.07,-0.0,3.78
2026-03-01 14:00:00-05:00,62.37,58.62,-0.0,3.75
2026-03-01 15:00:00-05:00,59.98,56.59,-0.0,3.39
2026-03-01 16:00:00-05:00,67.54,63.66,-0.0,3.88
2026-03-01 17:00:00-05:00,96.35,85.48,5.14,5.73
2026-03-01 18:00:00-05:00,95.01,80.72,8.72,5.57
2026-03-01 19:00:00-05:00,89.29,77.19,6.93,5.17
2026-03-01 20:00:00-05:00,86.94,76.17,6.58,4.19
2026-03-01 21:00:00-05:00,83.36,76.1,2.01,5.25
2026-03-01 22:00:00-05:00,80.43,75.88,-0.0,4.55
2026-03-01 23:00:00-05:00,74.64,71.22,-0.0,3.42
2026-03-02 00:00:00-05:00,81.73,78.29,-0.0,3.44
2026-03-02 01:00:00-05:00,78.72,75.69,-0.0,3.03
2026-03-02 02:00:00-05:00,75.55,73.0,-0.0,2.55
2026-03-02 03:00:00-05:00,81.75,79.06,-0.0,2.69
2026-03-02 04:00:00-05:00,86.12,83.05,-0.0,3.07
2026-03-02 05:00:00-05:00,102.59,98.55,-0.0,4.04
2026-03-02 06:00:00-05:00,144.02,137.55,-0.0,6.47
2026-03-02 07:00:00-05:00,167.04,158.34,-0.0,8.7
2026-03-02 08:00:00-05:00,109.33,103.04,-0.0,6.29
2026-03-02 09:00:00-05:00,76.84,71.81,-0.0,5.03
2026-03-02 10:00:00-05:00,80.22,69.79,4.71,5.72
2026-03-02 11:00:00-05:00,72.38,63.83,2.93,5.62
2026-03-02 12:00:00-05:00,64.82,58.55,0.94,5.33
2026-03-02 13:00:00-05:00,63.56,55.4,2.95,5.21
2026-03-02 14:00:00-05:00,61.2,54.08,1.98,5.14
2026-03-02 15:00:00-05:00,64.0,55.45,3.62,4.93
2026-03-02 16:00:00-05:00,79.29,70.44,3.29,5.56
2026-03-02 17:00:00-05:00,130.24,121.38,-0.0,8.86
2026-03-02 18:00:00-05:00,169.29,157.78,-0.0,11.51
2026-03-02 19:00:00-05:00,141.36,131.99,-0.0,9.37
2026-03-02 20:00:00-05:00,101.09,94.07,0.62,6.4
2026-03-02 21:00:00-05:00,87.18,81.71,-0.0,5.47
2026-03-02 22:00:00-05:00,79.2,73.95,-0.0,5.25
2026-03-02 23:00:00-05:00,76.34,71.55,-0.0,4.79
2026-03-03 00:00:00-05:00,65.31,61.79,-0.0,3.52
2026-03-03 01:00:00-05:00,62.68,59.53,-0.0,3.15
2026-03-03 02:00:00-05:00,59.74,56.79,-0.0,2.95
2026-03-03 03:00:00-05:00,59.2,56.44,-0.0,2.76
2026-03-03 04:00:00-05:00,58.65,56.02,-0.0,2.63
2026-03-03 05:00:00-05:00,71.88,61.15,7.85,2.88
2026-03-03 06:00:00-05:00,83.27,71.55,8.5,3.22
2026-03-03 07:00:00-05:00,90.41,78.07,8.21,4.13
2026-03-03 08:00:00-05:00,101.67,75.95,20.33,5.39
2026-03-03 09:00:00-05:00,103.35,75.1,22.47,5.78
2026-03-03 10:00:00-05:00,105.87,67.06,34.58,4.23
2026-03-03 11:00:00-05:00,106.0,66.8,34.92,4.28
2026-03-03 12:00:00-05:00,102.27,65.23,32.86,4.18
2026-03-03 13:00:00-05:00,99.14,63.76,31.36,4.02
2026-03-03 14:00:00-05:00,101.0,65.05,31.47,4.48
2026-03-03 15:00:00-05:00,103.9,70.74,28.63,4.53
2026-03-03 16:00:00-05:00,101.71,66.44,31.08,4.19
2026-03-03 17:00:00-05:00,99.1,75.72,18.31,5.07
2026-03-03 18:00:00-05:00,94.54,76.03,13.72,4.79
2026-03-03 19:00:00-05:00,90.55,74.55,11.83,4.17
2026-03-03 20:00:00-05:00,79.54,69.06,7.1,3.38
2026-03-03 21:00:00-05:00,71.55,63.73,4.63,3.19
2026-03-03 22:00:00-05:00,64.29,60.65,0.97,2.67
2026-03-03 23:00:00-05:00,59.21,57.21,-0.0,2.0
2026-03-04 00:00:00-05:00,50.64,48.83,-0.0,1.81
2026-03-04 01:00:00-05:00,46.21,44.78,-0.0,1.43
2026-03-04 02:00:00-05:00,45.52,43.89,-0.0,1.63
2026-03-04 03:00:00-05:00,42.65,41.41,-0.0,1.24
2026-03-04 04:00:00-05:00,42.5,41.22,-0.0,1.28
2026-03-04 05:00:00-05:00,49.52,47.85,-0.0,1.67
2026-03-04 06:00:00-05:00,62.99,60.51,-0.0,2.48
2026-03-04 07:00:00-05:00,69.85,66.97,-0.0,2.88
2026-03-04 08:00:00-05:00,61.82,58.82,-0.0,3.0
2026-03-04 09:00:00-05:00,52.41,49.44,-0.0,2.97
2026-03-04 10:00:00-05:00,48.79,45.51,-0.0,3.28
2026-03-04 11:00:00-05:00,44.83,41.66,-0.0,3.17
2026-03-04 12:00:00-05:00,40.49,37.74,-0.0,2.75
2026-03-04 13:00:00-05:00,36.34,34.06,-0.0,2.28
2026-03-04 14:00:00-05:00,36.97,34.61,-0.0,2.36
2026-03-04 15:00:00-05:00,41.31,38.79,-0.0,2.52
2026-03-04 16:00:00-05:00,49.94,46.8,-0.0,3.14
2026-03-04 17:00:00-05:00,61.96,58.79,-0.0,3.17
2026-03-04 18:00:00-05:00,71.56,67.83,-0.0,3.73
2026-03-04 19:00:00-05:00,62.87,59.71,-0.0,3.16
2026-03-04 20:00:00-05:00,55.72,53.22,-0.0,2.5
2026-03-04 21:00:00-05:00,51.54,49.18,-0.0,2.36
2026-03-04 22:00:00-05:00,51.14,48.94,-0.0,2.2
2026-03-04 23:00:00-05:00,45.55,43.67,-0.0,1.88
2026-03-05 00:00:00-05:00,44.37,42.79,-0.0,1.58
2026-03-05 01:00:00-05:00,41.72,40.51,-0.0,1.21
2026-03-05 02:00:00-05:00,40.92,39.73,-0.0,1.19
2026-03-05 03:00:00-05:00,40.01,38.81,-0.0,1.2
2026-03-05 04:00:00-05:00,41.0,39.88,-0.0,1.12
2026-03-05 05:00:00-05:00,43.61,42.1,-0.0,1.51
2026-03-05 06:00:00-05:00,55.15,52.93,-0.0,2.22
2026-03-05 07:00:00-05:00,61.0,58.15,-0.0,2.85
2026-03-05 08:00:00-05:00,59.05,55.87,-0.0,3.18
2026-03-05 09:00:00-05:00,57.09,49.5,4.42,3.17
2026-03-05 10:00:00-05:00,59.54,49.01,7.59,2.94
2026-03-05 11:00:00-05:00,58.58,47.32,8.28,2.98
2026-03-05 12:00:00-05:00,59.05,46.52,9.74,2.79
2026-03-05 13:00:00-05:00,57.67,44.97,10.0,2.7
2026-03-05 14:00:00-05:00,57.65,44.66,10.31,2.68
2026-03-05 15:00:00-05:00,58.46,48.44,7.07,2.95
2026-03-05 16:00:00-05:00,57.91,52.74,1.79,3.38
2026-03-05 17:00:00-05:00,68.52,57.55,7.11,3.86
2026-03-05 18:00:00-05:00,62.94,59.1,-0.0,3.84
2026-03-05 19:00:00-05:00,62.82,55.46,3.7,3.66
2026-03-05 20:00:00-05:00,54.68,50.89,0.74,3.05
2026-03-05 21:00:00-05:00,53.47,49.71,0.78,2.98
2026-03-05 22:00:00-05:00,46.9,44.37,-0.0,2.53
2026-03-05 23:00:00-05:00,42.59,40.45,-0.0,2.14
2026-03-06 00:00:00-05:00,47.26,45.36,-0.0,1.9
2026-03-06 01:00:00-05:00,44.44,42.77,-0.0,1.67
2026-03-06 02:00:00-05:00,44.01,42.56,-0.0,1.45
2026-03-06 03:00:00-05:00,43.99,42.67,-0.0,1.32
2026-03-06 04:00:00-05:00,44.25,42.79,-0.0,1.46
2026-03-06 05:00:00-05:00,48.19,46.2,-0.0,1.99
2026-03-06 06:00:00-05:00,57.66,55.12,-0.0,2.54
2026-03-06 07:00:00-05:00,69.46,66.09,-0.0,3.37
2026-03-06 08:00:00-05:00,69.72,66.15,-0.0,3.57
2026-03-06 09:00:00-05:00,64.74,61.31,-0.0,3.43
2026-03-06 10:00:00-05:00,75.27,70.61,-0.0,4.66
2026-03-06 11:00:00-05:00,60.27,56.64,-0.0,3.63
2026-03-06 12:00:00-05:00,55.14,51.82,-0.0,3.32
2026-03-06 13:00:00-05:00,53.86,50.62,-0.0,3.24
2026-03-06 14:00:00-05:00,51.33,48.15,-0.0,3.18
2026-03-06 15:00:00-05:00,54.23,50.78,-0.0,3.45
2026-03-06 16:00:00-05:00,56.17,52.74,-0.0,3.43
2026-03-06 17:00:00-05:00,65.0,60.81,-0.0,4.19
2026-03-06 18:00:00-05:00,64.26,59.94,-0.0,4.32
2026-03-06 19:00:00-05:00,55.93,52.56,-0.0,3.37
2026-03-06 20:00:00-05:00,51.88,48.67,-0.0,3.21
2026-03-06 21:00:00-05:00,50.68,47.59,-0.0,3.09
2026-03-06 22:00:00-05:00,50.12,46.97,-0.0,3.15
2026-03-06 23:00:00-05:00,42.0,39.36,-0.0,2.64
2026-03-07 00:00:00-05:00,47.17,44.08,0.01,3.08
2026-03-07 01:00:00-05:00,41.35,38.75,-0.0,2.6
2026-03-07 02:00:00-05:00,40.79,38.19,-0.0,2.6
2026-03-07 03:00:00-05:00,38.14,35.88,-0.0,2.26
2026-03-07 04:00:00-05:00,35.82,33.7,-0.0,2.12
2026-03-07 05:00:00-05:00,39.16,36.77,-0.0,2.39
2026-03-07 06:00:00-05:00,45.54,42.6,-0.0,2.94
2026-03-07 07:00:00-05:00,48.17,44.85,-0.0,3.32
2026-03-07 08:00:00-05:00,48.76,45.32,-0.0,3.44
2026-03-07 09:00:00-05:00,45.96,42.67,-0.0,3.29
2026-03-07 10:00:00-05:00,44.99,41.7,-0.0,3.29
2026-03-07 11:00:00-05:00,43.27,39.88,-0.0,3.39
2026-03-07 12:00:00-05:00,39.9,36.64,-0.0,3.26
2026-03-07 13:00:00-05:00,39.7,36.56,-0.0,3.14
2026-03-07 14:00:00-05:00,39.7,36.56,-0.0,3.14
2026-03-07 15:00:00-05:00,39.15,36.12,-0.0,3.03
2026-03-07 16:00:00-05:00,44.52,41.22,-0.0,3.3
2026-03-07 17:00:00-05:00,55.53,51.56,-0.0,3.97
2026-03-07 18:00:00-05:00,58.99,54.57,-0.0,4.42
2026-03-07 19:00:00-05:00,52.19,48.41,-0.0,3.78
2026-03-07 20:00:00-05:00,48.61,45.09,-0.0,3.52
2026-03-07 21:00:00-05:00,44.66,41.35,-0.0,3.31
2026-03-07 22:00:00-05:00,40.92,37.89,-0.0,3.03
2026-03-07 23:00:00-05:00,35.13,32.62,-0.0,2.51
2026-03-08 00:00:00-05:00,40.67,37.83,-0.0,2.84
2026-03-08 01:00:00-05:00,37.45,35.06,-0.0,2.39
2026-03-08 03:00:00-04:00,36.3,34.41,-0.0,1.89
2026-03-08 04:00:00-04:00,31.85,29.96,-0.0,1.89
2026-03-08 05:00:00-04:00,32.39,30.44,-0.0,1.95
2026-03-08 06:00:00-04:00,35.74,33.53,-0.0,2.21
2026-03-08 07:00:00-04:00,39.1,36.54,-0.0,2.56
2026-03-08 08:00:00-04:00,39.69,36.96,-0.0,2.73
2026-03-08 09:00:00-04:00,39.27,36.5,-0.0,2.77
2026-03-08 10:00:00-04:00,38.82,35.88,-0.0,2.94
2026-03-08 11:00:00-04:00,34.81,32.23,-0.0,2.58
2026-03-08 12:00:00-04:00,31.79,29.46,-0.0,2.33
2026-03-08 13:00:00-04:00,28.62,26.43,-0.0,2.19
2026-03-08 14:00:00-04:00,25.22,23.18,-0.0,2.04
2026-03-08 15:00:00-04:00,24.07,22.08,-0.0,1.99
2026-03-08 16:00:00-04:00,30.2,27.84,-0.0,2.36
2026-03-08 17:00:00-04:00,36.67,33.83,-0.0,2.84
2026-03-08 18:00:00-04:00,52.63,48.91,-0.0,3.72
2026-03-08 19:00:00-04:00,57.76,53.93,-0.0,3.83
2026-03-08 20:00:00-04:00,52.73,49.23,-0.0,3.5
2026-03-08 21:00:00-04:00,43.45,40.5,-0.0,2.95
2026-03-08 22:00:00-04:00,38.9,36.46,-0.0,2.44
2026-03-08 23:00:00-04:00,34.89,32.79,-0.0,2.1
2026-03-09 00:00:00-04:00,35.75,33.98,-0.0,1.77
2026-03-09 01:00:00-04:00,32.64,31.15,-0.0,1.49
2026-03-09 02:00:00-04:00,31.49,29.99,-0.0,1.5
2026-03-09 03:00:00-04:00,31.8,30.55,-0.0,1.25
2026-03-09 04:00:00-04:00,33.15,31.91,-0.0,1.24
2026-03-09 05:00:00-04:00,37.07,35.47,-0.0,1.6
2026-03-09 06:00:00-04:00,53.28,51.04,-0.0,2.24
2026-03-09 07:00:00-04:00,73.49,69.99,-0.0,3.5
2026-03-09 08:00:00-04:00,56.54,53.54,-0.0,3.0
2026-03-09 09:00:00-04:00,34.13,31.98,0.01,2.14
2026-03-09 10:00:00-04:00,32.59,30.29,-0.0,2.3
2026-03-09 11:00:00-04:00,31.16,28.83,-0.0,2.33
2026-03-09 12:00:00-04:00,28.11,25.96,-0.0,2.15
2026-03-09 13:00:00-04:00,25.84,23.79,-0.0,2.05
2026-03-09 14:00:00-04:00,25.91,23.81,-0.0,2.1
2026-03-09 15:00:00-04:00,26.77,24.56,-0.0,2.21
2026-03-09 16:00:00-04:00,33.0,30.42,-0.0,2.58
2026-03-09 17:00:00-04:00,44.45,41.27,-0.0,3.18
2026-03-09 18:00:00-04:00,59.44,55.86,-0.0,3.58
2026-03-09 19:00:00-04:00,65.85,61.83,-0.0,4.02
2026-03-09 20:00:00-04:00,56.54,53.49,-0.0,3.05
2026-03-09 21:00:00-04:00,47.01,44.18,-0.0,2.83
2026-03-09 22:00:00-04:00,40.96,38.68,-0.0,2.28
2026-03-09 23:00:00-04:00,36.54,34.73,-0.0,1.81
2026-03-10 00:00:00-04:00,34.27,32.73,-0.0,1.54
2026-03-10 01:00:00-04:00,31.5,30.14,-0.0,1.36
2026-03-10 02:00:00-04:00,30.7,29.41,-0.0,1.29
2026-03-10 03:00:00-04:00,29.89,28.85,-0.0,1.04
2026-03-10 04:00:00-04:00,32.15,31.18,-0.0,0.97
2026-03-10 05:00:00-04:00,38.46,37.34,-0.0,1.12
2026-03-10 06:00:00-04:00,51.52,49.97,-0.0,1.55
2026-03-10 07:00:00-04:00,84.55,81.14,-0.0,3.41
2026-03-10 08:00:00-04:00,58.95,56.68,-0.0,2.27
2026-03-10 09:00:00-04:00,41.24,39.05,-0.0,2.19
2026-03-10 10:00:00-04:00,35.74,33.62,-0.0,2.12
2026-03-10 11:00:00-04:00,33.22,31.22,-0.0,2.0
2026-03-10 12:00:00-04:00,32.38,30.37,0.01,2.0
2026-03-10 13:00:00-04:00,31.61,29.59,0.01,2.01
2026-03-10 14:00:00-04:00,31.61,29.44,0.02,2.15
2026-03-10 15:00:00-04:00,34.59,32.33,-0.0,2.26
2026-03-10 16:00:00-04:00,40.66,38.04,-0.0,2.62
2026-03-10 17:00:00-04:00,47.6,44.95,-0.0,2.65
2026-03-10 18:00:00-04:00,59.34,56.78,-0.0,2.56
2026-03-10 19:00:00-04:00,71.94,68.64,-0.0,3.3
2026-03-10 20:00:00-04:00,58.48,56.12,-0.0,2.36
2026-03-10 21:00:00-04:00,48.31,46.36,-0.0,1.95
2026-03-10 22:00:00-04:00,45.21,43.43,-0.0,1.78
2026-03-10 23:00:00-04:00,37.8,36.42,-0.0,1.38
2026-03-11 00:00:00-04:00,35.64,34.4,-0.0,1.24
2026-03-11 01:00:00-04:00,33.41,32.22,-0.0,1.19
2026-03-11 02:00:00-04:00,31.92,30.69,-0.0,1.23
2026-03-11 03:00:00-04:00,30.86,29.67,-0.0,1.19
2026-03-11 04:00:00-04:00,30.7,29.69,-0.0,1.01
2026-03-11 05:00:00-04:00,33.83,32.66,-0.0,1.17
2026-03-11 06:00:00-04:00,47.19,45.33,-0.0,1.86
2026-03-11 07:00:00-04:00,57.16,54.59,-0.0,2.57
2026-03-11 08:00:00-04:00,50.93,48.79,-0.0,2.14
2026-03-11 09:00:00-04:00,43.16,41.11,-0.0,2.05
2026-03-11 10:00:00-04:00,43.28,40.95,-0.0,2.33
2026-03-11 11:00:00-04:00,38.85,36.71,0.01,2.13
2026-03-11 12:00:00-04:00,38.31,36.06,0.01,2.24
2026-03-11 13:00:00-04:00,37.77,35.46,0.01,2.3
2026-03-11 14:00:00-04:00,39.61,37.29,0.01,2.31
2026-03-11 15:00:00-04:00,42.89,40.2,-0.0,2.69
2026-03-11 16:00:00-04:00,47.16,44.08,-0.0,3.08
2026-03-11 17:00:00-04:00,49.18,46.18,-0.0,3.0
2026-03-11 18:00:00-04:00,56.53,53.13,-0.0,3.4
2026-03-11 19:00:00-04:00,57.04,54.07,-0.0,2.97
2026-03-11 20:00:00-04:00,55.46,52.47,-0.0,2.99
2026-03-11 21:00:00-04:00,49.15,46.68,-0.0,2.47
2026-03-11 22:00:00-04:00,40.51,38.4,-0.0,2.11
2026-03-11 23:00:00-04:00,35.05,33.38,-0.0,1.67
2026-03-12 00:00:00-04:00,31.59,30.06,-0.0,1.53
2026-03-12 01:00:00-04:00,29.88,28.48,-0.0,1.4
2026-03-12 02:00:00-04:00,28.21,26.99,-0.0,1.22
2026-03-12 03:00:00-04:00,27.76,26.59,-0.0,1.17
2026-03-12 04:00:00-04:00,28.08,27.05,-0.0,1.03
2026-03-12 05:00:00-04:00,30.32,29.1,-0.0,1.22
2026-03-12 06:00:00-04:00,36.96,35.37,-0.0,1.59
2026-03-12 07:00:00-04:00,49.07,46.73,-0.0,2.34
2026-03-12 08:00:00-04:00,47.91,45.72,-0.0,2.19
2026-03-12 09:00:00-04:00,47.27,44.98,-0.0,2.29
2026-03-12 10:00:00-04:00,45.0,42.45,-0.0,2.55
2026-03-12 11:00:00-04:00,44.24,41.7,-0.0,2.54
2026-03-12 12:00:00-04:00,43.71,41.08,-0.0,2.63
2026-03-12 13:00:00-04:00,39.51,36.91,0.02,2.58
2026-03-12 14:00:00-04:00,39.15,36.5,0.02,2.63
2026-03-12 15:00:00-04:00,37.94,35.44,0.02,2.48
2026-03-12 16:00:00-04:00,43.77,40.95,-0.0,2.82
2026-03-12 17:00:00-04:00,52.42,49.23,-0.16,3.35
2026-03-12 18:00:00-04:00,56.21,52.63,0.63,2.95
2026-03-12 19:00:00-04:00,61.74,57.62,1.01,3.11
2026-03-12 20:00:00-04:00,68.18,59.06,5.75,3.37
2026-03-12 21:00:00-04:00,50.47,47.0,1.07,2.4
2026-03-12 22:00:00-04:00,44.43,42.46,0.02,1.95
2026-03-12 23:00:00-04:00,39.72,38.21,0.02,1.49
2026-03-13 00:00:00-04:00,47.3,46.25,-1.03,2.08
2026-03-13 01:00:00-04:00,41.42,40.02,-0.0,1.4
2026-03-13 02:00:00-04:00,39.82,38.62,-0.0,1.2
2026-03-13 03:00:00-04:00,40.38,39.05,-0.0,1.33
2026-03-13 04:00:00-04:00,41.04,39.73,-0.0,1.31
2026-03-13 05:00:00-04:00,45.57,43.99,-0.0,1.58
2026-03-13 06:00:00-04:00,62.17,60.52,-0.47,2.12
2026-03-13 07:00:00-04:00,76.05,73.56,-0.74,3.23
2026-03-13 08:00:00-04:00,60.01,57.89,-0.37,2.49
2026-03-13 09:00:00-04:00,47.61,45.47,-0.0,2.14
2026-03-13 10:00:00-04:00,43.5,41.19,-0.0,2.31
2026-03-13 11:00:00-04:00,44.34,41.87,-0.0,2.47
2026-03-13 12:00:00-04:00,41.27,39.01,-0.0,2.26
2026-03-13 13:00:00-04:00,44.41,41.9,-0.0,2.51
2026-03-13 14:00:00-04:00,44.35,41.76,-0.0,2.59
2026-03-13 15:00:00-04:00,45.4,42.71,-0.0,2.69
2026-03-13 16:00:00-04:00,50.1,47.35,-0.0,2.75
2026-03-13 17:00:00-04:00,55.5,52.68,-0.13,2.95
2026-03-13 18:00:00-04:00,61.77,59.05,-0.29,3.01
2026-03-13 19:00:00-04:00,67.76,65.01,-0.56,3.31
2026-03-13 20:00:00-04:00,58.14,55.63,-0.16,2.67
2026-03-13 21:00:00-04:00,55.43,53.3,-0.16,2.29
2026-03-13 22:00:00-04:00,50.59,48.41,-0.0,2.18
2026-03-13 23:00:00-04:00,46.24,44.21,-0.0,2.03
2026-03-14 00:00:00-04:00,42.95,41.14,-0.0,1.81
2026-03-14 01:00:00-04:00,42.01,40.39,-0.0,1.62
2026-03-14 02:00:00-04:00,38.28,36.95,-0.0,1.33
2026-03-14 03:00:00-04:00,37.79,36.58,-0.0,1.21
2026-03-14 04:00:00-04:00,38.26,37.15,-0.0,1.11
2026-03-14 05:00:00-04:00,40.47,39.18,-0.0,1.29
2026-03-14 06:00:00-04:00,46.9,45.18,-0.0,1.72
2026-03-14 07:00:00-04:00,52.27,50.36,-0.0,1.91
2026-03-14 08:00:00-04:00,49.01,47.08,-0.0,1.93
2026-03-14 09:00:00-04:00,43.63,41.83,-0.0,1.8
2026-03-14 10:00:00-04:00,39.87,38.33,-0.0,1.54
2026-03-14 11:00:00-04:00,37.8,36.17,-0.0,1.63
2026-03-14 12:00:00-04:00,34.08,32.58,-0.0,1.5
2026-03-14 13:00:00-04:00,30.28,28.89,-0.0,1.39
2026-03-14 14:00:00-04:00,28.7,27.46,-0.0,1.24
2026-03-14 15:00:00-04:00,30.47,29.13,-0.0,1.34
2026-03-14 16:00:00-04:00,33.76,32.24,-0.0,1.52
2026-03-14 17:00:00-04:00,43.49,41.38,-0.0,2.11
2026-03-14 18:00:00-04:00,57.21,54.85,-0.0,2.36
2026-03-14 19:00:00-04:00,62.47,59.67,-0.0,2.8
2026-03-14 20:00:00-04:00,57.75,55.32,-0.0,2.43
2026-03-14 21:00:00-04:00,53.58,51.32,-0.0,2.26
2026-03-14 22:00:00-04:00,50.26,48.14,-0.0,2.12
2026-03-14 23:00:00-04:00,44.59,42.87,-0.0,1.72
2026-03-15 00:00:00-04:00,50.49,48.64,-0.0,1.85
2026-03-15 01:00:00-04:00,48.42,46.74,-0.0,1.68
2026-03-15 02:00:00-04:00,45.0,43.56,-0.0,1.44
2026-03-15 03:00:00-04:00,44.16,42.79,-0.0,1.37
2026-03-15 04:00:00-04:00,45.43,43.94,-0.0,1.49
2026-03-15 05:00:00-04:00,46.11,44.55,-0.0,1.56
2026-03-15 06:00:00-04:00,48.08,46.32,-0.0,1.76
2026-03-15 07:00:00-04:00,53.39,51.39,-0.0,2.0
2026-03-15 08:00:00-04:00,50.21,48.28,-0.0,1.93
2026-03-15 09:00:00-04:00,48.01,45.99,-0.0,2.02
2026-03-15 10:00:00-04:00,43.31,41.44,-0.0,1.87
2026-03-15 11:00:00-04:00,41.19,39.49,-0.0,1.7
2026-03-15 12:00:00-04:00,38.34,36.76,-0.0,1.58
2026-03-15 13:00:00-04:00,35.0,33.46,-0.0,1.54
2026-03-15 14:00:00-04:00,35.18,33.51,-0.0,1.67
2026-03-15 15:00:00-04:00,36.11,34.23,-0.0,1.88
2026-03-15 16:00:00-04:00,42.04,39.74,-0.0,2.3
2026-03-15 17:00:00-04:00,52.14,49.28,-0.0,2.86
2026-03-15 18:00:00-04:00,62.66,59.51,-0.0,3.15
2026-03-15 19:00:00-04:00,76.46,72.41,-0.0,4.05
2026-03-15 20:00:00-04:00,65.66,62.48,-0.0,3.18
2026-03-15 21:00:00-04:00,55.64,53.19,-0.0,2.45
2026-03-15 22:00:00-04:00,49.23,46.98,-0.0,2.25
2026-03-15 23:00:00-04:00,43.68,41.8,-0.0,1.88
2026-03-16 00:00:00-04:00,42.44,40.42,-0.0,2.02
2026-03-16 01:00:00-04:00,40.33,38.56,-0.0,1.77
2026-03-16 02:00:00-04:00,39.47,37.73,-0.0,1.74
2026-03-16 03:00:00-04:00,38.0,36.47,-0.0,1.53
2026-03-16 04:00:00-04:00,38.0,36.4,-0.0,1.6
2026-03-16 05:00:00-04:00,41.18,39.18,-0.0,2.0
2026-03-16 06:00:00-04:00,51.89,48.95,-0.0,2.94
2026-03-16 07:00:00-04:00,81.62,46.89,32.29,2.44
2026-03-16 08:00:00-04:00,60.17,56.71,-0.0,3.46
2026-03-16 09:00:00-04:00,60.65,56.53,-0.0,4.12
2026-03-16 10:00:00-04:00,61.0,52.61,4.71,3.68
2026-03-16 11:00:00-04:00,58.95,48.66,6.98,3.31
2026-03-16 12:00:00-04:00,58.27,48.37,6.57,3.33
2026-03-16 13:00:00-04:00,58.39,47.06,8.13,3.2
2026-03-16 14:00:00-04:00,56.28,46.34,6.79,3.15
2026-03-16 15:00:00-04:00,55.66,47.85,4.56,3.25
2026-03-16 16:00:00-04:00,58.02,50.19,4.37,3.46
2026-03-16 17:00:00-04:00,73.29,54.41,15.07,3.81
2026-03-16 18:00:00-04:00,73.08,58.95,10.0,4.13
2026-03-16 19:00:00-04:00,81.38,58.9,18.24,4.24
2026-03-16 20:00:00-04:00,65.53,58.19,3.44,3.9
2026-03-16 21:00:00-04:00,56.0,52.88,-0.0,3.12
2026-03-16 22:00:00-04:00,49.23,46.14,-0.0,3.09
2026-03-16 23:00:00-04:00,43.07,40.71,-0.0,2.36
2026-03-17 00:00:00-04:00,44.25,41.87,-0.0,2.38
2026-03-17 01:00:00-04:00,40.53,38.42,-0.0,2.11
2026-03-17 02:00:00-04:00,39.85,37.77,-0.0,2.08
2026-03-17 03:00:00-04:00,39.18,37.31,-0.0,1.87
2026-03-17 04:00:00-04:00,40.19,38.35,-0.0,1.84
2026-03-17 05:00:00-04:00,45.55,43.3,-0.0,2.25
2026-03-17 06:00:00-04:00,57.3,54.01,-0.0,3.29
2026-03-17 07:00:00-04:00,96.92,56.19,37.59,3.14
2026-03-17 08:00:00-04:00,62.03,58.3,-0.0,3.73
2026-03-17 09:00:00-04:00,49.97,45.13,1.64,3.2
2026-03-17 10:00:00-04:00,50.0,38.32,8.92,2.76
2026-03-17 11:00:00-04:00,49.7,37.97,8.88,2.85
2026-03-17 12:00:00-04:00,45.9,35.47,7.81,2.62
2026-03-17 13:00:00-04:00,46.65,35.88,8.04,2.73
2026-03-17 14:00:00-04:00,44.59,36.67,5.17,2.75
2026-03-17 15:00:00-04:00,49.75,41.84,4.86,3.05
2026-03-17 16:00:00-04:00,53.88,45.77,4.86,3.25
2026-03-17 17:00:00-04:00,64.05,59.64,-0.0,4.41
2026-03-17 18:00:00-04:00,73.34,68.48,-0.0,4.86
2026-03-17 19:00:00-04:00,85.0,79.36,-0.0,5.64
2026-03-17 20:00:00-04:00,74.23,70.03,-0.0,4.2
2026-03-17 21:00:00-04:00,68.98,65.2,-0.0,3.78
2026-03-17 22:00:00-04:00,60.42,57.05,-0.0,3.37
2026-03-17 23:00:00-04:00,55.91,52.9,-0.0,3.01
2026-03-18 00:00:00-04:00,63.83,61.08,-0.0,2.75
2026-03-18 01:00:00-04:00,56.41,54.14,-0.0,2.27
2026-03-18 02:00:00-04:00,56.9,54.66,-0.0,2.24
2026-03-18 03:00:00-04:00,57.32,55.17,-0.0,2.15
2026-03-18 04:00:00-04:00,57.87,55.7,-0.0,2.17
2026-03-18 05:00:00-04:00,70.7,68.05,-0.0,2.65
2026-03-18 06:00:00-04:00,93.41,88.88,-0.0,4.53
2026-03-18 07:00:00-04:00,135.0,127.24,-0.0,7.76
2026-03-18 08:00:00-04:00,96.63,90.65,-0.0,5.98
2026-03-18 09:00:00-04:00,68.77,64.09,-0.0,4.68
2026-03-18 10:00:00-04:00,53.68,50.07,-0.0,3.61
2026-03-18 11:00:00-04:00,49.5,45.92,-0.0,3.58
2026-03-18 12:00:00-04:00,49.28,45.76,-0.0,3.52
2026-03-18 13:00:00-04:00,47.36,43.93,-0.0,3.43
2026-03-18 14:00:00-04:00,44.0,41.04,-0.0,2.96
2026-03-18 15:00:00-04:00,47.39,44.29,-0.0,3.1
2026-03-18 16:00:00-04:00,54.68,50.96,-0.0,3.72
2026-03-18 17:00:00-04:00,68.49,63.81,0.21,4.47
2026-03-18 18:00:00-04:00,93.37,87.82,-0.16,5.71
2026-03-18 19:00:00-04:00,110.57,103.73,-0.0,6.84
2026-03-18 20:00:00-04:00,96.56,90.83,-0.0,5.73
2026-03-18 21:00:00-04:00,74.2,70.0,-0.0,4.2
2026-03-18 22:00:00-04:00,69.65,65.89,-0.06,3.82
2026-03-18 23:00:00-04:00,59.43,56.71,-0.0,2.72
2026-03-19 00:00:00-04:00,56.27,53.44,-0.0,2.83
2026-03-19 01:00:00-04:00,52.65,50.33,-0.0,2.32
2026-03-19 02:00:00-04:00,50.77,48.63,-0.0,2.14
2026-03-19 03:00:00-04:00,48.44,46.58,-0.0,1.86
2026-03-19 04:00:00-04:00,52.26,50.3,-0.0,1.96
2026-03-19 05:00:00-04:00,54.62,52.32,-0.0,2.3
2026-03-19 06:00:00-04:00,68.0,65.26,-0.0,2.74
2026-03-19 07:00:00-04:00,93.76,88.87,-0.0,4.89
2026-03-19 08:00:00-04:00,76.06,72.3,-0.0,3.76
2026-03-19 09:00:00-04:00,60.88,57.38,-0.0,3.5
2026-03-19 10:00:00-04:00,52.86,49.73,-0.0,3.13
2026-03-19 11:00:00-04:00,48.25,45.22,-0.0,3.03
2026-03-19 12:00:00-04:00,45.3,42.46,-0.0,2.84
2026-03-19 13:00:00-04:00,44.17,41.36,-0.0,2.81
2026-03-19 14:00:00-04:00,43.31,40.55,-0.0,2.76
2026-03-19 15:00:00-04:00,44.58,41.74,-0.0,2.84
2026-03-19 16:00:00-04:00,52.32,48.85,-0.0,3.47
2026-03-19 17:00:00-04:00,60.41,56.19,-0.0,4.22
2026-03-19 18:00:00-04:00,68.18,64.38,-0.0,3.8
2026-03-19 19:00:00-04:00,78.6,74.29,-0.0,4.31
2026-03-19 20:00:00-04:00,70.31,66.34,-0.01,3.98
2026-03-19 21:00:00-04:00,62.11,58.48,-0.0,3.63
2026-03-19 22:00:00-04:00,53.75,50.56,-0.0,3.19
2026-03-19 23:00:00-04:00,50.72,48.03,-0.0,2.69
2026-03-20 00:00:00-04:00,47.6,45.81,-0.0,1.79
2026-03-20 01:00:00-04:00,43.71,42.07,-0.0,1.64
2026-03-20 02:00:00-04:00,40.85,39.55,-0.0,1.3
2026-03-20 03:00:00-04:00,40.89,39.66,-0.0,1.23
2026-03-20 04:00:00-04:00,42.06,40.87,-0.0,1.19
2026-03-20 05:00:00-04:00,45.33,43.76,-0.0,1.57
2026-03-20 06:00:00-04:00,55.39,53.33,-0.02,2.08
2026-03-20 07:00:00-04:00,69.56,66.85,-0.1,2.81
2026-03-20 08:00:00-04:00,57.99,55.18,0.11,2.7
2026-03-20 09:00:00-04:00,49.84,45.12,1.92,2.8
2026-03-20 10:00:00-04:00,40.92,38.49,-0.0,2.43
2026-03-20 11:00:00-04:00,38.93,36.69,-0.0,2.24
2026-03-20 12:00:00-04:00,38.66,36.23,-0.0,2.43
2026-03-20 13:00:00-04:00,39.71,37.29,-0.0,2.42
2026-03-20 14:00:00-04:00,40.77,38.28,-0.0,2.49
2026-03-20 15:00:00-04:00,41.29,38.7,-0.0,2.59
2026-03-20 16:00:00-04:00,47.14,43.11,1.19,2.84
2026-03-20 17:00:00-04:00,53.17,47.9,2.35,2.92
2026-03-20 18:00:00-04:00,58.86,53.7,2.21,2.95
2026-03-20 19:00:00-04:00,64.0,59.5,1.35,3.15
2026-03-20 20:00:00-04:00,56.81,53.81,0.42,2.58
2026-03-20 21:00:00-04:00,50.1,47.52,0.16,2.42
2026-03-20 22:00:00-04:00,46.33,44.0,-0.0,2.33
2026-03-20 23:00:00-04:00,41.2,39.24,-0.0,1.96
2026-03-21 00:00:00-04:00,42.85,41.08,-0.0,1.77
2026-03-21 01:00:00-04:00,40.89,39.54,-0.0,1.35
2026-03-21 02:00:00-04:00,39.01,37.84,-0.0,1.17
2026-03-21 03:00:00-04:00,37.21,36.34,-0.0,0.87
2026-03-21 04:00:00-04:00,37.65,36.73,-0.0,0.92
2026-03-21 05:00:00-04:00,39.51,38.36,-0.0,1.15
2026-03-21 06:00:00-04:00,44.28,42.62,-0.0,1.66
2026-03-21 07:00:00-04:00,51.98,50.12,-0.0,1.86
2026-03-21 08:00:00-04:00,50.1,47.85,-0.0,2.25
2026-03-21 09:00:00-04:00,45.3,43.14,-0.0,2.16
2026-03-21 10:00:00-04:00,38.3,36.48,-0.0,1.82
2026-03-21 11:00:00-04:00,35.43,33.71,-0.0,1.72
2026-03-21 12:00:00-04:00,31.8,30.2,-0.0,1.6
2026-03-21 13:00:00-04:00,30.91,29.13,-0.0,1.78
2026-03-21 14:00:00-04:00,29.5,27.75,-0.0,1.75
2026-03-21 15:00:00-04:00,30.51,28.78,-0.0,1.73
2026-03-21 16:00:00-04:00,33.85,32.12,-0.0,1.73
2026-03-21 17:00:00-04:00,45.03,42.44,-0.0,2.59
2026-03-21 18:00:00-04:00,55.7,53.11,-0.01,2.6
2026-03-21 19:00:00-04:00,59.67,57.24,-0.2,2.63
2026-03-21 20:00:00-04:00,56.89,54.45,-0.07,2.51
2026-03-21 21:00:00-04:00,49.82,47.45,-0.0,2.37
2026-03-21 22:00:00-04:00,43.78,41.74,-0.0,2.04
2026-03-21 23:00:00-04:00,40.06,38.19,-0.0,1.87
2026-03-22 00:00:00-04:00,40.55,39.1,-0.0,1.45
2026-03-22 01:00:00-04:00,38.28,36.84,-0.0,1.44
2026-03-22 02:00:00-04:00,36.65,35.31,-0.0,1.34
2026-03-22 03:00:00-04:00,35.25,33.99,-0.0,1.26
2026-03-22 04:00:00-04:00,35.1,33.91,-0.0,1.19
2026-03-22 05:00:00-04:00,36.16,34.94,-0.0,1.22
2026-03-22 06:00:00-04:00,38.51,37.17,-0.0,1.34
2026-03-22 07:00:00-04:00,38.81,37.18,-0.0,1.63
2026-03-22 08:00:00-04:00,41.75,39.8,-0.0,1.95
2026-03-22 09:00:00-04:00,47.14,44.85,-0.0,2.29
2026-03-22 10:00:00-04:00,41.05,38.91,-0.0,2.14
2026-03-22 11:00:00-04:00,40.26,38.16,-0.0,2.1
2026-03-22 12:00:00-04:00,39.39,37.3,-0.0,2.09
2026-03-22 13:00:00-04:00,40.34,38.06,-0.0,2.28
2026-03-22 14:00:00-04:00,39.33,37.07,-0.0,2.26
2026-03-22 15:00:00-04:00,41.44,39.09,-0.0,2.35
2026-03-22 16:00:00-04:00,46.96,44.34,-0.0,2.62
2026-03-22 17:00:00-04:00,50.42,47.7,-0.0,2.72
2026-03-22 18:00:00-04:00,54.62,52.06,-0.04,2.6
2026-03-22 19:00:00-04:00,56.75,53.93,-0.09,2.91
2026-03-22 20:00:00-04:00,56.57,53.6,-0.08,3.05
2026-03-22 21:00:00-04:00,49.51,46.97,-0.0,2.54
2026-03-22 22:00:00-04:00,43.41,41.23,-0.0,2.18
2026-03-22 23:00:00-04:00,39.58,37.91,-0.0,1.67
2026-03-23 00:00:00-04:00,38.1,37.05,-0.39,1.44
2026-03-23 01:00:00-04:00,36.02,35.34,-0.52,1.2
2026-03-23 02:00:00-04:00,35.79,35.26,-0.56,1.09
2026-03-23 03:00:00-04:00,34.91,34.59,-0.54,0.86
2026-03-23 04:00:00-04:00,35.56,35.33,-0.55,0.78
2026-03-23 05:00:00-04:00,39.26,38.22,-0.41,1.45
2026-03-23 06:00:00-04:00,48.68,46.75,-0.69,2.62
2026-03-23 07:00:00-04:00,56.58,54.49,-0.74,2.83
2026-03-23 08:00:00-04:00,65.0,62.49,-0.99,3.5
2026-03-23 09:00:00-04:00,61.86,58.92,-0.77,3.71
2026-03-23 10:00:00-04:00,56.0,52.66,0.07,3.27
2026-03-23 11:00:00-04:00,54.62,50.81,0.56,3.25
2026-03-23 12:00:00-04:00,51.29,48.11,0.01,3.17
2026-03-23 13:00:00-04:00,49.06,45.15,0.62,3.29
2026-03-23 14:00:00-04:00,47.51,42.44,1.97,3.1
2026-03-23 15:00:00-04:00,48.84,43.37,2.31,3.16
2026-03-23 16:00:00-04:00,51.36,48.54,-0.53,3.35
2026-03-23 17:00:00-04:00,56.63,53.16,-0.41,3.88
2026-03-23 18:00:00-04:00,60.53,57.45,-0.43,3.51
2026-03-23 19:00:00-04:00,72.62,68.98,-0.84,4.48
2026-03-23 20:00:00-04:00,68.0,64.54,-0.67,4.13
2026-03-23 21:00:00-04:00,59.23,56.3,-0.28,3.21
2026-03-23 22:00:00-04:00,50.98,48.74,-0.78,3.02
2026-03-23 23:00:00-04:00,44.62,42.89,-0.54,2.27
2026-03-24 00:00:00-04:00,49.6,47.06,-0.0,2.54
2026-03-24 01:00:00-04:00,47.03,44.49,-0.0,2.54
2026-03-24 02:00:00-04:00,44.99,42.89,-0.0,2.1
2026-03-24 03:00:00-04:00,44.78,42.77,-0.0,2.01
2026-03-24 04:00:00-04:00,46.65,44.85,-0.0,1.8
2026-03-24 05:00:00-04:00,50.62,48.53,-0.0,2.09
2026-03-24 06:00:00-04:00,73.27,69.65,-0.0,3.62
2026-03-24 07:00:00-04:00,114.11,107.45,-0.0,6.66
2026-03-24 08:00:00-04:00,68.0,64.09,-0.0,3.91
2026-03-24 09:00:00-04:00,48.29,41.06,3.86,3.37
2026-03-24 10:00:00-04:00,44.97,37.36,4.73,2.88
2026-03-24 11:00:00-04:00,40.87,36.61,1.33,2.93
2026-03-24 12:00:00-04:00,38.5,34.69,1.03,2.78
2026-03-24 13:00:00-04:00,38.41,33.0,2.83,2.58
2026-03-24 14:00:00-04:00,34.5,29.16,3.06,2.28
2026-03-24 15:00:00-04:00,35.85,31.76,1.68,2.41
2026-03-24 16:00:00-04:00,42.23,35.7,3.67,2.86
2026-03-24 17:00:00-04:00,53.54,43.06,6.86,3.62
2026-03-24 18:00:00-04:00,68.0,59.48,3.64,4.88
2026-03-24 19:00:00-04:00,79.49,68.81,5.04,5.64
2026-03-24 20:00:00-04:00,74.41,68.77,-0.0,5.64
2026-03-24 21:00:00-04:00,57.94,54.0,-0.0,3.94
2026-03-24 22:00:00-04:00,52.0,48.55,-0.0,3.45
2026-03-24 23:00:00-04:00,46.53,43.65,-0.0,2.88
2026-03-25 00:00:00-04:00,43.0,41.03,-0.58,2.55
2026-03-25 01:00:00-04:00,40.72,38.98,-0.48,2.22
2026-03-25 02:00:00-04:00,39.14,37.6,-0.41,1.95
2026-03-25 03:00:00-04:00,38.81,37.33,-0.39,1.87
2026-03-25 04:00:00-04:00,41.14,39.73,-0.5,1.91
2026-03-25 05:00:00-04:00,44.77,43.02,-0.66,2.41
2026-03-25 06:00:00-04:00,63.49,60.21,-0.75,4.03
2026-03-25 07:00:00-04:00,78.75,75.18,-1.09,4.66
2026-03-25 08:00:00-04:00,68.96,62.42,2.79,3.75
2026-03-25 09:00:00-04:00,49.83,45.01,1.58,3.24
2026-03-25 10:00:00-04:00,41.99,37.47,1.75,2.77
2026-03-25 11:00:00-04:00,36.94,34.73,-0.32,2.53
2026-03-25 12:00:00-04:00,35.99,33.31,0.28,2.4
2026-03-25 13:00:00-04:00,35.12,29.96,3.03,2.13
2026-03-25 14:00:00-04:00,34.0,29.36,2.52,2.12
2026-03-25 15:00:00-04:00,43.85,23.93,18.53,1.39
2026-03-25 16:00:00-04:00,40.09,37.55,-0.35,2.89
2026-03-25 17:00:00-04:00,49.26,46.14,-0.66,3.78
2026-03-25 18:00:00-04:00,55.05,52.01,-0.44,3.48
2026-03-25 19:00:00-04:00,67.3,63.41,-0.61,4.5
2026-03-25 20:00:00-04:00,56.9,53.49,-0.44,3.85
2026-03-25 21:00:00-04:00,49.49,46.3,-0.15,3.34
2026-03-25 22:00:00-04:00,42.25,39.91,-0.54,2.88
2026-03-25 23:00:00-04:00,37.5,35.48,-0.28,2.3
2026-03-26 00:00:00-04:00,32.59,30.63,-0.0,1.96
2026-03-26 01:00:00-04:00,30.74,28.92,-0.0,1.82
2026-03-26 02:00:00-04:00,30.38,28.69,-0.0,1.69
2026-03-26 03:00:00-04:00,29.9,28.37,-0.0,1.53
2026-03-26 04:00:00-04:00,30.07,28.56,-0.0,1.51
2026-03-26 05:00:00-04:00,32.53,30.78,-0.0,1.75
2026-03-26 06:00:00-04:00,41.76,39.14,-0.0,2.62
2026-03-26 07:00:00-04:00,53.07,49.69,-0.0,3.38
2026-03-26 08:00:00-04:00,49.09,40.23,5.92,2.94
2026-03-26 09:00:00-04:00,43.33,34.21,6.35,2.77
2026-03-26 10:00:00-04:00,36.46,29.99,4.16,2.31
2026-03-26 11:00:00-04:00,34.39,28.66,3.44,2.29
2026-03-26 12:00:00-04:00,33.4,28.12,3.08,2.2
2026-03-26 13:00:00-04:00,33.52,28.49,2.89,2.14
2026-03-26 14:00:00-04:00,32.97,29.19,1.56,2.22
2026-03-26 15:00:00-04:00,40.1,32.06,5.41,2.63
2026-03-26 16:00:00-04:00,43.3,34.27,6.35,2.68
2026-03-26 17:00:00-04:00,43.66,39.56,0.97,3.13
2026-03-26 18:00:00-04:00,49.81,46.55,-0.0,3.26
2026-03-26 19:00:00-04:00,55.03,51.82,-0.0,3.21
2026-03-26 20:00:00-04:00,51.95,48.69,-0.0,3.26
2026-03-26 21:00:00-04:00,44.15,41.85,-0.0,2.3
2026-03-26 22:00:00-04:00,38.06,35.94,-0.0,2.12
2026-03-26 23:00:00-04:00,36.37,32.29,2.47,1.61
2026-03-27 00:00:00-04:00,31.19,29.82,-0.0,1.37
2026-03-27 01:00:00-04:00,30.05,28.84,-0.0,1.21
2026-03-27 02:00:00-04:00,28.26,27.02,-0.0,1.24
2026-03-27 03:00:00-04:00,28.51,27.36,-0.0,1.15
2026-03-27 04:00:00-04:00,28.57,27.6,-0.0,0.97
2026-03-27 05:00:00-04:00,29.17,28.08,-0.0,1.09
2026-03-27 06:00:00-04:00,38.07,36.05,-0.0,2.02
2026-03-27 07:00:00-04:00,47.28,44.73,-0.0,2.55
2026-03-27 08:00:00-04:00,47.46,44.48,0.05,2.93
2026-03-27 09:00:00-04:00,43.13,40.16,-0.0,2.97
2026-03-27 10:00:00-04:00,39.73,36.85,-0.0,2.88
2026-03-27 11:00:00-04:00,36.46,33.82,0.07,2.57
2026-03-27 12:00:00-04:00,35.08,30.78,1.99,2.31
2026-03-27 13:00:00-04:00,32.6,28.82,1.68,2.1
2026-03-27 14:00:00-04:00,29.83,26.3,1.64,1.89
2026-03-27 15:00:00-04:00,30.21,28.07,0.2,1.94
2026-03-27 16:00:00-04:00,33.17,31.12,-0.0,2.05
2026-03-27 17:00:00-04:00,40.46,37.67,-0.0,2.79
2026-03-27 18:00:00-04:00,49.18,46.4,-0.0,2.78
2026-03-27 19:00:00-04:00,56.91,53.84,-0.0,3.07
2026-03-27 20:00:00-04:00,53.71,50.96,-0.0,2.75
2026-03-27 21:00:00-04:00,44.2,42.02,-0.0,2.18
2026-03-27 22:00:00-04:00,42.45,40.05,-0.0,2.4
2026-03-27 23:00:00-04:00,40.48,38.33,-0.0,2.15
2026-03-28 00:00:00-04:00,47.68,45.28,-0.0,2.4
2026-03-28 01:00:00-04:00,45.31,42.99,-0.0,2.32
2026-03-28 02:00:00-04:00,41.84,39.81,-0.0,2.03
2026-03-28 03:00:00-04:00,41.51,39.53,-0.0,1.98
2026-03-28 04:00:00-04:00,41.83,39.88,-0.0,1.95
2026-03-28 05:00:00-04:00,45.84,43.53,-0.0,2.31
2026-03-28 06:00:00-04:00,50.8,48.38,-0.0,2.42
2026-03-28 07:00:00-04:00,54.2,51.77,-0.0,2.43
2026-03-28 08:00:00-04:00,50.08,47.88,-0.0,2.2
2026-03-28 09:00:00-04:00,39.63,37.39,-0.0,2.24
2026-03-28 10:00:00-04:00,35.9,33.87,-0.0,2.03
2026-03-28 11:00:00-04:00,31.77,29.86,-0.0,1.91
2026-03-28 12:00:00-04:00,30.76,28.91,-0.0,1.85
2026-03-28 13:00:00-04:00,29.53,27.57,-0.0,1.96
2026-03-28 14:00:00-04:00,26.66,24.94,-0.0,1.72
2026-03-28 15:00:00-04:00,27.93,26.1,-0.0,1.83
2026-03-28 16:00:00-04:00,32.89,30.8,-0.0,2.09
2026-03-28 17:00:00-04:00,41.84,38.96,-0.0,2.88
2026-03-28 18:00:00-04:00,55.47,51.84,-0.0,3.63
2026-03-28 19:00:00-04:00,64.95,60.47,-0.0,4.48
2026-03-28 20:00:00-04:00,61.12,56.59,-0.0,4.53
2026-03-28 21:00:00-04:00,52.34,48.69,-0.0,3.65
2026-03-28 22:00:00-04:00,46.75,43.69,-0.0,3.06
2026-03-28 23:00:00-04:00,43.55,40.82,-0.0,2.73
2026-03-29 00:00:00-04:00,41.16,38.76,-0.0,2.4
2026-03-29 01:00:00-04:00,37.1,34.93,-0.0,2.17
2026-03-29 02:00:00-04:00,35.05,33.1,-0.0,1.95
2026-03-29 03:00:00-04:00,35.13,33.3,-0.0,1.83
2026-03-29 04:00:00-04:00,36.01,34.04,-0.0,1.97
2026-03-29 05:00:00-04:00,37.44,35.35,-0.0,2.09
2026-03-29 06:00:00-04:00,43.73,41.1,-0.0,2.63
2026-03-29 07:00:00-04:00,47.78,44.87,-0.0,2.91
2026-03-29 08:00:00-04:00,40.17,37.65,-0.0,2.52
2026-03-29 09:00:00-04:00,32.17,30.38,-0.0,1.79
2026-03-29 10:00:00-04:00,28.93,27.45,-0.0,1.48
2026-03-29 11:00:00-04:00,27.74,26.24,-0.0,1.5
2026-03-29 12:00:00-04:00,25.76,24.3,-0.0,1.46
2026-03-29 13:00:00-04:00,24.75,23.28,-0.0,1.47
2026-03-29 14:00:00-04:00,24.29,22.81,-0.0,1.48
2026-03-29 15:00:00-04:00,25.12,23.74,-0.0,1.38
2026-03-29 16:00:00-04:00,28.87,27.29,-0.0,1.58
2026-03-29 17:00:00-04:00,34.98,32.72,-0.0,2.26
2026-03-29 18:00:00-04:00,47.31,44.26,-0.0,3.05
2026-03-29 19:00:00-04:00,54.98,51.63,-0.0,3.35
2026-03-29 20:00:00-04:00,52.0,48.65,-0.0,3.35
2026-03-29 21:00:00-04:00,40.8,37.99,-0.0,2.81
2026-03-29 22:00:00-04:00,34.95,32.66,-0.0,2.29
2026-03-29 23:00:00-04:00,32.21,30.33,-0.0,1.88
2026-03-30 00:00:00-04:00,30.23,28.66,-0.0,1.57
2026-03-30 01:00:00-04:00,29.16,27.8,-0.0,1.36
2026-03-30 02:00:00-04:00,28.44,27.06,-0.0,1.38
2026-03-30 03:00:00-04:00,28.78,27.46,-0.0,1.32
2026-03-30 04:00:00-04:00,28.89,27.59,-0.0,1.3
2026-03-30 05:00:00-04:00,31.14,29.77,-0.0,1.37
2026-03-30 06:00:00-04:00,42.5,40.09,-0.0,2.41
2026-03-30 07:00:00-04:00,49.85,46.81,-0.0,3.04
2026-03-30 08:00:00-04:00,46.63,43.5,-0.0,3.13
2026-03-30 09:00:00-04:00,36.18,33.59,-0.0,2.59
2026-03-30 10:00:00-04:00,31.91,29.93,-0.0,1.98
2026-03-30 11:00:00-04:00,30.04,28.1,-0.0,1.94
2026-03-30 12:00:00-04:00,28.31,26.38,-0.0,1.93
2026-03-30 13:00:00-04:00,27.04,25.13,-0.0,1.91
2026-03-30 14:00:00-04:00,28.36,26.33,-0.0,2.03
2026-03-30 15:00:00-04:00,32.94,30.76,-0.0,2.18
2026-03-30 16:00:00-04:00,33.91,31.37,-0.0,2.54
2026-03-30 17:00:00-04:00,38.48,35.53,-0.0,2.95
2026-03-30 18:00:00-04:00,47.67,44.6,-0.0,3.07
2026-03-30 19:00:00-04:00,56.26,52.87,-0.0,3.39
2026-03-30 20:00:00-04:00,53.12,50.11,-0.0,3.01
2026-03-30 21:00:00-04:00,41.42,39.26,-0.0,2.16
2026-03-30 22:00:00-04:00,35.42,33.67,-0.0,1.75
2026-03-30 23:00:00-04:00,31.48,30.21,-0.0,1.27
2026-04-01 00:00:00-04:00,32.86,31.18,-0.0,1.68
2026-04-01 01:00:00-04:00,28.04,26.63,-0.0,1.41
2026-04-01 02:00:00-04:00,27.06,25.77,-0.0,1.29
2026-04-01 03:00:00-04:00,27.05,25.86,-0.0,1.19
2026-04-01 04:00:00-04:00,28.23,27.09,-0.0,1.14
2026-04-01 05:00:00-04:00,30.4,29.18,-0.0,1.22
2026-04-01 06:00:00-04:00,38.05,35.83,-0.0,2.22
2026-04-01 07:00:00-04:00,46.81,44.12,-0.0,2.69
2026-04-01 08:00:00-04:00,46.07,43.38,-0.0,2.69
2026-04-01 09:00:00-04:00,42.24,39.33,-0.0,2.91
2026-04-01 10:00:00-04:00,39.42,36.64,-0.0,2.78
2026-04-01 11:00:00-04:00,38.06,35.24,-0.0,2.82
2026-04-01 12:00:00-04:00,36.88,33.98,0.01,2.89
2026-04-01 13:00:00-04:00,37.12,33.43,0.85,2.84
2026-04-01 14:00:00-04:00,37.72,32.58,2.34,2.8
2026-04-01 15:00:00-04:00,40.01,32.6,4.58,2.83
2026-04-01 16:00:00-04:00,44.62,36.12,5.36,3.14
2026-04-01 17:00:00-04:00,47.8,41.37,2.92,3.51
2026-04-01 18:00:00-04:00,51.92,48.16,-0.0,3.76
2026-04-01 19:00:00-04:00,58.86,54.7,-0.0,4.16
2026-04-01 20:00:00-04:00,52.95,49.72,-0.0,3.23
2026-04-01 21:00:00-04:00,44.59,41.91,-0.0,2.68
2026-04-01 22:00:00-04:00,37.56,35.37,-0.0,2.19
2026-04-01 23:00:00-04:00,33.93,32.19,-0.0,1.74
2026-04-02 00:00:00-04:00,35.39,34.03,-0.0,1.36
2026-04-02 01:00:00-04:00,31.12,29.89,-0.0,1.23
2026-04-02 02:00:00-04:00,28.52,27.4,-0.0,1.12
2026-04-02 03:00:00-04:00,28.49,27.47,-0.0,1.02
2026-04-02 04:00:00-04:00,29.42,28.4,-0.0,1.02
2026-04-02 05:00:00-04:00,32.11,31.0,-0.0,1.11
2026-04-02 06:00:00-04:00,41.22,39.11,-0.0,2.11
2026-04-02 07:00:00-04:00,48.61,45.99,-0.0,2.62
2026-04-02 08:00:00-04:00,50.23,47.48,-0.0,2.75
2026-04-02 09:00:00-04:00,49.15,45.85,-0.0,3.3
2026-04-02 10:00:00-04:00,44.66,41.08,0.66,2.92
2026-04-02 11:00:00-04:00,44.25,39.72,1.59,2.94
2026-04-02 12:00:00-04:00,43.99,39.44,1.51,3.04
2026-04-02 13:00:00-04:00,44.16,39.25,1.85,3.06
2026-04-02 14:00:00-04:00,44.15,34.95,6.51,2.69
2026-04-02 15:00:00-04:00,44.38,35.65,5.95,2.78
2026-04-02 16:00:00-04:00,44.7,39.48,1.87,3.35
2026-04-02 17:00:00-04:00,46.86,40.74,2.58,3.54
2026-04-02 18:00:00-04:00,48.8,45.02,-0.0,3.78
2026-04-02 19:00:00-04:00,53.37,47.85,1.4,4.12
2026-04-02 20:00:00-04:00,49.24,45.72,-0.0,3.52
2026-04-02 21:00:00-04:00,41.19,38.32,-0.0,2.87
2026-04-02 22:00:00-04:00,36.15,33.57,-0.0,2.58
2026-04-02 23:00:00-04:00,34.4,32.36,-0.0,2.04
2026-04-03 00:00:00-04:00,32.82,30.59,-0.0,2.23
2026-04-03 01:00:00-04:00,29.41,27.38,-0.0,2.03
2026-04-03 02:00:00-04:00,28.63,26.73,-0.0,1.9
2026-04-03 03:00:00-04:00,27.48,25.78,-0.0,1.7
2026-04-03 04:00:00-04:00,28.88,27.12,-0.0,1.76
2026-04-03 05:00:00-04:00,30.2,28.36,-0.0,1.84
2026-04-03 06:00:00-04:00,40.27,37.32,-0.0,2.95
2026-04-03 07:00:00-04:00,49.11,45.04,0.42,3.65
2026-04-03 08:00:00-04:00,45.74,41.62,0.75,3.37
2026-04-03 09:00:00-04:00,46.26,37.14,5.96,3.16
2026-04-03 10:00:00-04:00,42.35,33.32,6.1,2.93
2026-04-03 11:00:00-04:00,39.97,30.97,6.15,2.85
2026-04-03 12:00:00-04:00,35.0,27.53,4.97,2.5
2026-04-03 13:00:00-04:00,32.26,26.68,3.15,2.43
2026-04-03 14:00:00-04:00,31.12,23.05,5.97,2.1
2026-04-03 15:00:00-04:00,31.35,26.52,2.39,2.44
2026-04-03 16:00:00-04:00,34.56,28.52,3.47,2.57
2026-04-03 17:00:00-04:00,43.53,33.83,6.48,3.22
2026-04-03 18:00:00-04:00,47.62,40.02,4.08,3.52
2026-04-03 19:00:00-04:00,53.24,45.91,3.34,3.99
2026-04-03 20:00:00-04:00,49.13,44.41,0.77,3.95
2026-04-03 21:00:00-04:00,41.89,38.68,-0.0,3.21
2026-04-03 22:00:00-04:00,37.54,34.79,-0.0,2.75
2026-04-03 23:00:00-04:00,34.39,32.17,-0.0,2.22
