timestamps,prices,energy,congestion,loss
2025-01-01 00:00:00-05:00,28.1,31.86,-0.0,-3.76
2025-01-01 01:00:00-05:00,27.2,30.8,-0.0,-3.6
2025-01-01 02:00:00-05:00,25.0,28.86,-0.4,-3.46
2025-01-01 03:00:00-05:00,22.94,27.270000000000003,-1.14,-3.19
2025-01-01 04:00:00-05:00,23.0,27.19,-0.95,-3.24
2025-01-01 05:00:00-05:00,23.0,29.08,-2.33,-3.75
2025-01-01 06:00:00-05:00,25.92,29.76,-0.0,-3.84
2025-01-01 07:00:00-05:00,25.13,29.63,-0.0,-4.5
2025-01-01 08:00:00-05:00,26.92,31.9,-0.0,-4.98
2025-01-01 09:00:00-05:00,27.27,32.39,-0.0,-5.12
2025-01-01 10:00:00-05:00,30.05,35.27,-0.0,-5.22
2025-01-01 11:00:00-05:00,29.75,35.46,-0.04,-5.67
2025-01-01 12:00:00-05:00,30.19,36.220000000000006,-0.34,-5.69
2025-01-01 13:00:00-05:00,30.23,36.67,-0.61,-5.83
2025-01-01 14:00:00-05:00,31.18,37.03,-0.0,-5.85
2025-01-01 15:00:00-05:00,30.99,36.8,-0.0,-5.81
2025-01-01 16:00:00-05:00,33.41,39.71999999999999,-0.04,-6.27
2025-01-01 17:00:00-05:00,38.67,50.50000000000001,-3.85,-7.98
2025-01-01 18:00:00-05:00,36.26,43.47,-0.3,-6.91
2025-01-01 19:00:00-05:00,34.06,40.66,-0.01,-6.59
2025-01-01 20:00:00-05:00,32.47,38.25,-0.0,-5.78
2025-01-01 21:00:00-05:00,29.19,34.02,-0.0,-4.83
2025-01-01 22:00:00-05:00,26.69,31.4,-0.0,-4.71
2025-01-01 23:00:00-05:00,27.12,31.5,-0.0,-4.38
2025-01-02 00:00:00-05:00,30.24,34.92,-0.0,-4.68
2025-01-02 01:00:00-05:00,30.17,34.32,-0.0,-4.15
2025-01-02 02:00:00-05:00,27.62,31.53,-0.0,-3.91
2025-01-02 03:00:00-05:00,26.05,29.84,-0.0,-3.79
2025-01-02 04:00:00-05:00,28.31,32.43,-0.0,-4.12
2025-01-02 05:00:00-05:00,31.24,35.62,-0.0,-4.38
2025-01-02 06:00:00-05:00,33.42,38.150000000000006,-0.0,-4.73
2025-01-02 07:00:00-05:00,35.53,41.61,-0.0,-6.08
2025-01-02 08:00:00-05:00,35.54,41.57,-0.0,-6.03
2025-01-02 09:00:00-05:00,35.3,41.12,0.43,-6.25
2025-01-02 10:00:00-05:00,34.6,41.870000000000005,-1.28,-5.99
2025-01-02 11:00:00-05:00,34.82,40.93,-0.05,-6.06
2025-01-02 12:00:00-05:00,34.0,40.07,-0.02,-6.05
2025-01-02 13:00:00-05:00,35.22,41.379999999999995,-0.04,-6.12
2025-01-02 14:00:00-05:00,34.92,41.1,-0.06,-6.12
2025-01-02 15:00:00-05:00,36.74,43.31,-0.16,-6.41
2025-01-02 16:00:00-05:00,40.0,49.54,-2.26,-7.28
2025-01-02 17:00:00-05:00,46.72,55.09,-0.22,-8.15
2025-01-02 18:00:00-05:00,46.4,55.03999999999999,-0.16,-8.48
2025-01-02 19:00:00-05:00,41.3,49.23,-0.4,-7.53
2025-01-02 20:00:00-05:00,41.7,49.05,0.06,-7.41
2025-01-02 21:00:00-05:00,37.4,45.84,-1.61,-6.83
2025-01-02 22:00:00-05:00,37.17,43.27,-0.0,-6.1
2025-01-02 23:00:00-05:00,36.08,41.05,-0.0,-4.97
2025-01-03 00:00:00-05:00,36.84,41.39,-0.0,-4.55
2025-01-03 01:00:00-05:00,35.13,39.43,-0.0,-4.3
2025-01-03 02:00:00-05:00,34.63,38.78,-0.0,-4.15
2025-01-03 03:00:00-05:00,35.21,39.43,-0.0,-4.22
2025-01-03 04:00:00-05:00,36.27,40.620000000000005,-0.0,-4.35
2025-01-03 05:00:00-05:00,41.99,46.55,-0.0,-4.56
2025-01-03 06:00:00-05:00,47.68,53.94,-0.0,-6.26
2025-01-03 07:00:00-05:00,47.37,54.99,0.08,-7.7
2025-01-03 08:00:00-05:00,47.0,55.04,-0.0,-8.04
2025-01-03 09:00:00-05:00,46.11,54.15,-0.19,-7.85
2025-01-03 10:00:00-05:00,43.94,52.51,-1.32,-7.25
2025-01-03 11:00:00-05:00,43.88,52.260000000000005,-0.28,-8.1
2025-01-03 12:00:00-05:00,42.97,50.83,-0.34,-7.52
2025-01-03 13:00:00-05:00,41.1,51.88,-2.64,-8.14
2025-01-03 14:00:00-05:00,42.55,54.98,-3.74,-8.69
2025-01-03 15:00:00-05:00,43.98,55.26,-3.88,-7.4
2025-01-03 16:00:00-05:00,46.2,55.32,-1.15,-7.97
2025-01-03 17:00:00-05:00,48.78,58.599999999999994,-1.91,-7.91
2025-01-03 18:00:00-05:00,47.8,57.92,-2.42,-7.7
2025-01-03 19:00:00-05:00,43.08,55.51,-3.88,-8.55
2025-01-03 20:00:00-05:00,41.8,55.27,-6.34,-7.13
2025-01-03 21:00:00-05:00,40.93,54.650000000000006,-4.92,-8.8
2025-01-03 22:00:00-05:00,46.63,54.22,-0.0,-7.59
2025-01-03 23:00:00-05:00,47.83,54.54,-0.0,-6.71
2025-01-04 00:00:00-05:00,45.52,51.970000000000006,-0.0,-6.45
2025-01-04 01:00:00-05:00,43.72,49.57,-0.0,-5.85
2025-01-04 02:00:00-05:00,41.61,47.61,-0.0,-6.0
2025-01-04 03:00:00-05:00,42.26,48.52,-0.0,-6.26
2025-01-04 04:00:00-05:00,42.57,48.76,-0.0,-6.19
2025-01-04 05:00:00-05:00,43.49,49.93,-0.0,-6.44
2025-01-04 06:00:00-05:00,43.0,49.62,0.03,-6.65
2025-01-04 07:00:00-05:00,45.6,53.97,-0.65,-7.72
2025-01-04 08:00:00-05:00,46.19,54.82,-1.06,-7.57
2025-01-04 09:00:00-05:00,42.0,55.099999999999994,-5.94,-7.16
2025-01-04 10:00:00-05:00,42.0,55.32,-6.4,-6.92
2025-01-04 11:00:00-05:00,41.96,55.39,-6.56,-6.87
2025-01-04 12:00:00-05:00,41.78,55.26,-6.57,-6.91
2025-01-04 13:00:00-05:00,41.41,55.21,-6.57,-7.23
2025-01-04 14:00:00-05:00,41.9,55.26,-6.18,-7.18
2025-01-04 15:00:00-05:00,42.96,55.37,-5.43,-6.98
2025-01-04 16:00:00-05:00,46.53,58.03,-4.71,-6.79
2025-01-04 17:00:00-05:00,54.47,67.35,-4.26,-8.62
2025-01-04 18:00:00-05:00,52.77,66.2,-4.89,-8.54
2025-01-04 19:00:00-05:00,46.19,57.41,-3.93,-7.29
2025-01-04 20:00:00-05:00,45.92,55.34,-2.83,-6.59
2025-01-04 21:00:00-05:00,43.25,55.21,-4.95,-7.01
2025-01-04 22:00:00-05:00,47.47,55.1,-0.52,-7.11
2025-01-04 23:00:00-05:00,49.43,54.98,1.43,-6.98
2025-01-05 00:00:00-05:00,64.51,73.41,0.06,-8.96
2025-01-05 01:00:00-05:00,65.08,73.84,0.03,-8.79
2025-01-05 02:00:00-05:00,60.09,67.5,0.62,-8.03
2025-01-05 03:00:00-05:00,57.22,64.74000000000001,0.38,-7.9
2025-01-05 04:00:00-05:00,58.77,66.94,-0.0,-8.17
2025-01-05 05:00:00-05:00,59.34,67.2,-0.0,-7.86
2025-01-05 06:00:00-05:00,62.1,70.97,-0.0,-8.87
2025-01-05 07:00:00-05:00,48.76,54.169999999999995,2.28,-7.69
2025-01-05 08:00:00-05:00,49.84,59.18,-0.58,-8.76
2025-01-05 09:00:00-05:00,52.49,66.56,-3.82,-10.25
2025-01-05 10:00:00-05:00,57.62,74.14,-5.25,-11.27
2025-01-05 11:00:00-05:00,57.74,74.0,-5.23,-11.03
2025-01-05 12:00:00-05:00,60.97,72.33,-0.22,-11.14
2025-01-05 13:00:00-05:00,63.11,73.69,0.91,-11.49
2025-01-05 14:00:00-05:00,63.63,73.99000000000001,1.03,-11.39
2025-01-05 15:00:00-05:00,64.65,73.92,1.23,-10.5
2025-01-05 16:00:00-05:00,75.25,85.59,2.5,-12.84
2025-01-05 17:00:00-05:00,91.58,104.93,2.5,-15.85
2025-01-05 18:00:00-05:00,86.86,100.69,1.47,-15.3
2025-01-05 19:00:00-05:00,77.88,89.91999999999999,1.54,-13.58
2025-01-05 20:00:00-05:00,80.3,93.32,1.35,-14.37
2025-01-05 21:00:00-05:00,73.5,86.16,-0.0,-12.66
2025-01-05 22:00:00-05:00,72.73,83.60000000000001,-0.0,-10.87
2025-01-05 23:00:00-05:00,77.51,87.19,-0.0,-9.68
2025-01-06 00:00:00-05:00,80.29,88.36,0.68,-8.75
2025-01-06 01:00:00-05:00,75.22,81.27,1.59,-7.64
2025-01-06 02:00:00-05:00,74.87,81.01,1.39,-7.53
2025-01-06 03:00:00-05:00,77.9,85.17000000000002,0.74,-8.01
2025-01-06 04:00:00-05:00,80.35,89.14999999999999,0.03,-8.83
2025-01-06 05:00:00-05:00,77.7,81.60000000000001,3.69,-7.59
2025-01-06 06:00:00-05:00,84.8,90.62,3.33,-9.15
2025-01-06 07:00:00-05:00,84.81,89.84,6.02,-11.05
2025-01-06 08:00:00-05:00,93.54,103.06000000000002,3.88,-13.4
2025-01-06 09:00:00-05:00,84.52,91.49,5.01,-11.98
2025-01-06 10:00:00-05:00,104.75,118.08,2.97,-16.3
2025-01-06 11:00:00-05:00,97.98,112.22,1.58,-15.82
2025-01-06 12:00:00-05:00,89.28,101.53,2.27,-14.52
2025-01-06 13:00:00-05:00,75.96,83.69999999999999,4.31,-12.05
2025-01-06 14:00:00-05:00,77.8,85.84,4.24,-12.28
2025-01-06 15:00:00-05:00,75.0,79.83,5.95,-10.78
2025-01-06 16:00:00-05:00,78.16,81.41999999999999,7.81,-11.07
2025-01-06 17:00:00-05:00,93.18,97.64,8.72,-13.18
2025-01-06 18:00:00-05:00,84.7,86.89,9.45,-11.64
2025-01-06 19:00:00-05:00,72.3,71.66,10.1,-9.46
2025-01-06 20:00:00-05:00,70.89,74.36,6.42,-9.89
2025-01-06 21:00:00-05:00,70.33,74.88,5.48,-10.03
2025-01-06 22:00:00-05:00,76.34,80.14,6.14,-9.94
2025-01-06 23:00:00-05:00,75.93,79.44000000000001,4.91,-8.42
2025-01-07 00:00:00-05:00,72.6,70.6,7.43,-5.43
2025-01-07 01:00:00-05:00,70.16,70.38,5.55,-5.77
2025-01-07 02:00:00-05:00,70.75,70.24000000000001,6.55,-6.04
2025-01-07 03:00:00-05:00,70.63,70.31,6.3,-5.98
2025-01-07 04:00:00-05:00,71.44,70.32,7.03,-5.91
2025-01-07 05:00:00-05:00,69.0,64.18,9.5,-4.68
2025-01-07 06:00:00-05:00,74.9,68.89000000000001,12.07,-6.06
2025-01-07 07:00:00-05:00,64.4,50.54,18.96,-5.1
2025-01-07 08:00:00-05:00,61.96,51.50999999999999,16.01,-5.56
2025-01-07 09:00:00-05:00,56.36,45.33,16.02,-4.99
2025-01-07 10:00:00-05:00,66.06,59.1,13.4,-6.44
2025-01-07 11:00:00-05:00,60.7,52.23,14.27,-5.8
2025-01-07 12:00:00-05:00,56.47,47.14,14.52,-5.19
2025-01-07 13:00:00-05:00,56.26,46.94,14.39,-5.07
2025-01-07 14:00:00-05:00,57.3,48.379999999999995,14.29,-5.37
2025-01-07 15:00:00-05:00,57.63,46.35,16.43,-5.15
2025-01-07 16:00:00-05:00,72.15,61.59,17.7,-7.14
2025-01-07 17:00:00-05:00,93.1,81.16,21.19,-9.25
2025-01-07 18:00:00-05:00,87.4,80.43,16.22,-9.25
2025-01-07 19:00:00-05:00,74.28,68.71000000000001,13.82,-8.25
2025-01-07 20:00:00-05:00,72.09,70.61,10.03,-8.55
2025-01-07 21:00:00-05:00,74.86,70.53,12.72,-8.39
2025-01-07 22:00:00-05:00,73.76,70.48000000000002,10.82,-7.54
2025-01-07 23:00:00-05:00,74.99,70.66,10.34,-6.01
2025-01-08 00:00:00-05:00,77.37,73.7,9.34,-5.67
2025-01-08 01:00:00-05:00,74.89,71.78,8.92,-5.81
2025-01-08 02:00:00-05:00,73.25,70.75999999999999,8.01,-5.52
2025-01-08 03:00:00-05:00,72.46,70.54,7.99,-6.07
2025-01-08 04:00:00-05:00,74.74,70.74999999999999,9.51,-5.52
2025-01-08 05:00:00-05:00,78.07,73.63,10.11,-5.67
2025-01-08 06:00:00-05:00,81.28,74.56,12.83,-6.11
2025-01-08 07:00:00-05:00,83.3,73.63,17.48,-7.81
2025-01-08 08:00:00-05:00,79.26,74.55000000000001,12.91,-8.2
2025-01-08 09:00:00-05:00,76.78,74.24,10.78,-8.24
2025-01-08 10:00:00-05:00,73.87,74.52000000000001,7.99,-8.64
2025-01-08 11:00:00-05:00,71.84,72.88,7.56,-8.6
2025-01-08 12:00:00-05:00,70.14,70.75999999999999,7.59,-8.21
2025-01-08 13:00:00-05:00,70.4,70.61000000000001,8.05,-8.26
2025-01-08 14:00:00-05:00,74.91,72.72999999999999,9.82,-7.64
2025-01-08 15:00:00-05:00,76.55,72.36,12.66,-8.47
2025-01-08 16:00:00-05:00,81.92,74.71000000000001,14.08,-6.87
2025-01-08 17:00:00-05:00,94.9,86.6,16.35,-8.05
2025-01-08 18:00:00-05:00,90.59,82.39,15.45,-7.25
2025-01-08 19:00:00-05:00,81.97,74.33,14.78,-7.14
2025-01-08 20:00:00-05:00,80.56,74.16,13.59,-7.19
2025-01-08 21:00:00-05:00,76.44,71.42999999999999,13.01,-8.0
2025-01-08 22:00:00-05:00,79.15,74.24000000000001,11.67,-6.76
2025-01-08 23:00:00-05:00,78.97,74.24,10.22,-5.49
2025-01-09 00:00:00-05:00,74.79,70.65,11.06,-6.92
2025-01-09 01:00:00-05:00,70.62,66.18,10.79,-6.35
2025-01-09 02:00:00-05:00,63.06,57.22,11.28,-5.44
2025-01-09 03:00:00-05:00,62.95,57.610000000000014,10.41,-5.07
2025-01-09 04:00:00-05:00,67.62,62.59,10.85,-5.82
2025-01-09 05:00:00-05:00,75.31,70.81,10.94,-6.44
2025-01-09 06:00:00-05:00,79.03,71.10000000000001,13.83,-5.9
2025-01-09 07:00:00-05:00,82.99,71.02,19.5,-7.53
2025-01-09 08:00:00-05:00,76.46,71.01999999999998,13.54,-8.1
2025-01-09 09:00:00-05:00,75.21,70.94999999999999,12.7,-8.44
2025-01-09 10:00:00-05:00,74.71,71.25,10.94,-7.48
2025-01-09 11:00:00-05:00,72.52,71.1,9.38,-7.96
2025-01-09 12:00:00-05:00,72.04,71.09,8.98,-8.03
2025-01-09 13:00:00-05:00,71.19,70.95,8.61,-8.37
2025-01-09 14:00:00-05:00,71.07,70.88999999999999,8.62,-8.44
2025-01-09 15:00:00-05:00,73.66,71.16999999999999,10.04,-7.55
2025-01-09 16:00:00-05:00,75.64,71.17,11.87,-7.4
2025-01-09 17:00:00-05:00,99.34,96.81000000000002,11.24,-8.71
2025-01-09 18:00:00-05:00,99.34,97.71,10.82,-9.19
2025-01-09 19:00:00-05:00,78.62,74.22,11.45,-7.05
2025-01-09 20:00:00-05:00,77.45,73.61,11.27,-7.43
2025-01-09 21:00:00-05:00,74.54,71.09,11.34,-7.89
2025-01-09 22:00:00-05:00,73.9,71.02,10.34,-7.46
2025-01-09 23:00:00-05:00,74.72,70.95,10.3,-6.53
2025-01-10 00:00:00-05:00,68.26,66.44000000000001,7.6,-5.78
2025-01-10 01:00:00-05:00,66.94,66.36999999999999,6.54,-5.97
2025-01-10 02:00:00-05:00,66.04,66.45000000000002,5.24,-5.65
2025-01-10 03:00:00-05:00,66.31,67.28,4.68,-5.65
2025-01-10 04:00:00-05:00,71.7,74.23,4.0,-6.53
2025-01-10 05:00:00-05:00,77.12,77.02,6.65,-6.55
2025-01-10 06:00:00-05:00,82.4,84.67000000000002,5.18,-7.45
2025-01-10 07:00:00-05:00,88.83,85.85,10.28,-7.3
2025-01-10 08:00:00-05:00,85.28,86.73,6.27,-7.72
2025-01-10 09:00:00-05:00,81.81,85.81,4.15,-8.15
2025-01-10 10:00:00-05:00,79.88,86.74,1.12,-7.98
2025-01-10 11:00:00-05:00,74.49,82.42999999999999,0.47,-8.41
2025-01-10 12:00:00-05:00,73.86,82.44,-0.0,-8.58
2025-01-10 13:00:00-05:00,73.92,82.96000000000001,-0.0,-9.04
2025-01-10 14:00:00-05:00,75.26,83.71000000000001,-0.0,-8.45
2025-01-10 15:00:00-05:00,81.28,90.00999999999999,0.18,-8.91
2025-01-10 16:00:00-05:00,83.64,91.6,1.47,-9.43
2025-01-10 17:00:00-05:00,104.47,115.0,1.2,-11.73
2025-01-10 18:00:00-05:00,89.3,97.82,1.66,-10.18
2025-01-10 19:00:00-05:00,88.82,97.07999999999998,1.84,-10.1
2025-01-10 20:00:00-05:00,84.64,91.54,2.25,-9.15
2025-01-10 21:00:00-05:00,79.02,86.18,1.63,-8.79
2025-01-10 22:00:00-05:00,76.68,83.65,1.9,-8.87
2025-01-10 23:00:00-05:00,76.68,81.94,2.2,-7.46
2025-01-11 00:00:00-05:00,75.55,81.77,-0.0,-6.22
2025-01-11 01:00:00-05:00,71.06,77.58,-0.0,-6.52
2025-01-11 02:00:00-05:00,65.26,71.17,-0.0,-5.91
2025-01-11 03:00:00-05:00,62.68,68.28,-0.0,-5.6
2025-01-11 04:00:00-05:00,63.61,69.52,-0.0,-5.91
2025-01-11 05:00:00-05:00,64.98,70.86,-0.0,-5.88
2025-01-11 06:00:00-05:00,63.01,69.24,-0.0,-6.23
2025-01-11 07:00:00-05:00,65.22,73.59,0.46,-8.83
2025-01-11 08:00:00-05:00,71.79,80.43,1.34,-9.98
2025-01-11 09:00:00-05:00,72.81,81.77,1.43,-10.39
2025-01-11 10:00:00-05:00,69.27,79.35,-0.0,-10.08
2025-01-11 11:00:00-05:00,72.98,84.47,-0.0,-11.49
2025-01-11 12:00:00-05:00,65.31,75.5,-0.0,-10.19
2025-01-11 13:00:00-05:00,62.1,72.04,-0.0,-9.94
2025-01-11 14:00:00-05:00,57.28,66.14,-0.0,-8.86
2025-01-11 15:00:00-05:00,67.05,77.42,-0.0,-10.37
2025-01-11 16:00:00-05:00,71.48,81.69,-0.0,-10.21
2025-01-11 17:00:00-05:00,77.17,84.85000000000001,1.82,-9.5
2025-01-11 18:00:00-05:00,73.17,82.02,0.58,-9.43
2025-01-11 19:00:00-05:00,64.13,73.77999999999999,0.01,-9.66
2025-01-11 20:00:00-05:00,61.0,69.72,-0.0,-8.72
2025-01-11 21:00:00-05:00,58.15,66.01,-0.0,-7.86
2025-01-11 22:00:00-05:00,59.16,65.8,-0.0,-6.64
2025-01-11 23:00:00-05:00,59.43,65.74,-0.0,-6.31
2025-01-12 00:00:00-05:00,60.6,65.94,-0.0,-5.34
2025-01-12 01:00:00-05:00,60.34,65.8,-0.0,-5.46
2025-01-12 02:00:00-05:00,59.39,65.26,-0.0,-5.87
2025-01-12 03:00:00-05:00,59.09,65.0,-0.0,-5.91
2025-01-12 04:00:00-05:00,58.83,65.00999999999999,-0.0,-6.18
2025-01-12 05:00:00-05:00,59.5,65.46,-0.0,-5.96
2025-01-12 06:00:00-05:00,59.71,65.4,-0.0,-5.69
2025-01-12 07:00:00-05:00,56.56,65.01,-0.0,-8.45
2025-01-12 08:00:00-05:00,56.48,65.07,-0.0,-8.59
2025-01-12 09:00:00-05:00,55.29,63.19,-0.0,-7.9
2025-01-12 10:00:00-05:00,55.31,63.0,-0.0,-7.69
2025-01-12 11:00:00-05:00,55.0,61.8,-0.0,-6.8
2025-01-12 12:00:00-05:00,55.29,63.19,-0.0,-7.9
2025-01-12 13:00:00-05:00,55.09,63.03,-0.0,-7.94
2025-01-12 14:00:00-05:00,55.6,64.35,-0.0,-8.75
2025-01-12 15:00:00-05:00,57.44,65.2,-0.0,-7.76
2025-01-12 16:00:00-05:00,60.33,68.48,-0.0,-8.15
2025-01-12 17:00:00-05:00,72.87,81.69,-0.0,-8.82
2025-01-12 18:00:00-05:00,65.89,74.12,-0.0,-8.23
2025-01-12 19:00:00-05:00,60.29,68.28,-0.0,-7.99
2025-01-12 20:00:00-05:00,57.37,65.94,-0.0,-8.57
2025-01-12 21:00:00-05:00,56.83,65.39,-0.0,-8.56
2025-01-12 22:00:00-05:00,56.87,65.07,-0.0,-8.2
2025-01-12 23:00:00-05:00,57.97,65.14,-0.0,-7.17
2025-01-13 00:00:00-05:00,59.38,65.4,-0.0,-6.02
2025-01-13 01:00:00-05:00,59.45,65.33,-0.0,-5.88
2025-01-13 02:00:00-05:00,59.57,65.46,-0.0,-5.89
2025-01-13 03:00:00-05:00,59.33,65.27,-0.0,-5.94
2025-01-13 04:00:00-05:00,59.89,65.6,-0.0,-5.71
2025-01-13 05:00:00-05:00,60.71,66.2,-0.0,-5.49
2025-01-13 06:00:00-05:00,67.9,74.53,-0.0,-6.63
2025-01-13 07:00:00-05:00,88.4,101.03,-0.0,-12.63
2025-01-13 08:00:00-05:00,81.75,93.43,-0.0,-11.68
2025-01-13 09:00:00-05:00,62.26,71.81,-0.0,-9.55
2025-01-13 10:00:00-05:00,58.27,67.05,-0.0,-8.78
2025-01-13 11:00:00-05:00,56.17,65.47,-0.0,-9.3
2025-01-13 12:00:00-05:00,55.91,65.39,-0.0,-9.48
2025-01-13 13:00:00-05:00,55.73,65.25999999999999,-0.0,-9.53
2025-01-13 14:00:00-05:00,55.73,65.33,-0.0,-9.6
2025-01-13 15:00:00-05:00,56.52,65.79,-0.0,-9.27
2025-01-13 16:00:00-05:00,61.3,72.53999999999999,-0.72,-10.52
2025-01-13 17:00:00-05:00,71.28,81.77,0.55,-11.04
2025-01-13 18:00:00-05:00,69.67,80.47000000000001,0.71,-11.51
2025-01-13 19:00:00-05:00,57.88,67.25,0.25,-9.62
2025-01-13 20:00:00-05:00,56.25,66.47,-0.45,-9.77
2025-01-13 21:00:00-05:00,55.72,64.92999999999999,0.53,-9.74
2025-01-13 22:00:00-05:00,58.7,65.73,-0.0,-7.03
2025-01-13 23:00:00-05:00,58.47,65.33,-0.0,-6.86
2025-01-14 00:00:00-05:00,57.53,64.72,-0.0,-7.19
2025-01-14 01:00:00-05:00,56.19,63.129999999999995,-0.0,-6.94
2025-01-14 02:00:00-05:00,57.98,65.59,-0.0,-7.61
2025-01-14 03:00:00-05:00,58.05,65.59,-0.0,-7.54
2025-01-14 04:00:00-05:00,58.17,65.66,-0.0,-7.49
2025-01-14 05:00:00-05:00,56.82,62.510000000000005,0.69,-6.38
2025-01-14 06:00:00-05:00,64.08,69.94999999999999,-0.69,-5.18
2025-01-14 07:00:00-05:00,59.04,82.25999999999999,-15.82,-7.4
2025-01-14 08:00:00-05:00,59.01,82.35,-15.19,-8.15
2025-01-14 09:00:00-05:00,59.01,80.03,-12.62,-8.4
2025-01-14 10:00:00-05:00,58.97,82.19,-13.85,-9.37
2025-01-14 11:00:00-05:00,58.94,75.09,-7.14,-9.01
2025-01-14 12:00:00-05:00,59.04,76.77,-8.13,-9.6
2025-01-14 13:00:00-05:00,58.97,78.19999999999999,-9.69,-9.54
2025-01-14 14:00:00-05:00,59.05,82.1,-12.87,-10.18
2025-01-14 15:00:00-05:00,59.49,83.66,-14.63,-9.54
2025-01-14 16:00:00-05:00,64.83,82.37,-7.57,-9.97
2025-01-14 17:00:00-05:00,79.34,122.09,-27.0,-15.75
2025-01-14 18:00:00-05:00,69.21,88.52999999999999,-9.05,-10.27
2025-01-14 19:00:00-05:00,67.45,85.55,-8.0,-10.1
2025-01-14 20:00:00-05:00,65.6,85.82,-10.43,-9.79
2025-01-14 21:00:00-05:00,61.25,82.2,-11.5,-9.45
2025-01-14 22:00:00-05:00,59.02,81.94000000000001,-13.42,-9.5
2025-01-14 23:00:00-05:00,73.61,81.86,0.01,-8.26
2025-01-15 00:00:00-05:00,60.41,80.92999999999999,-13.08,-7.44
2025-01-15 01:00:00-05:00,60.41,74.86,-7.41,-7.04
2025-01-15 02:00:00-05:00,60.41,74.87,-7.57,-6.89
2025-01-15 03:00:00-05:00,60.41,74.86,-7.41,-7.04
2025-01-15 04:00:00-05:00,54.37,80.61,-18.75,-7.49
2025-01-15 05:00:00-05:00,76.52,82.19,1.23,-6.9
2025-01-15 06:00:00-05:00,74.8,85.91,-3.89,-7.22
2025-01-15 07:00:00-05:00,74.88,103.79,-18.74,-10.17
2025-01-15 08:00:00-05:00,75.05,109.36,-22.5,-11.81
2025-01-15 09:00:00-05:00,74.89,85.73,-2.01,-8.83
2025-01-15 10:00:00-05:00,75.03,85.73,-1.53,-9.17
2025-01-15 11:00:00-05:00,74.92,86.00000000000001,-1.79,-9.29
2025-01-15 12:00:00-05:00,60.04,85.63999999999999,-16.35,-9.25
2025-01-15 13:00:00-05:00,60.02,84.84,-15.49,-9.33
2025-01-15 14:00:00-05:00,74.98,85.38000000000001,-1.18,-9.22
2025-01-15 15:00:00-05:00,74.9,86.55000000000001,-2.65,-9.0
2025-01-15 16:00:00-05:00,82.32,87.49,4.28,-9.45
2025-01-15 17:00:00-05:00,104.81,113.69,3.74,-12.62
2025-01-15 18:00:00-05:00,104.86,115.01,2.5,-12.65
2025-01-15 19:00:00-05:00,81.14,84.94,5.8,-9.6
2025-01-15 20:00:00-05:00,74.87,85.11,-0.88,-9.36
2025-01-15 21:00:00-05:00,64.4,84.15,-10.41,-9.34
2025-01-15 22:00:00-05:00,59.97,84.15,-15.51,-8.67
2025-01-15 23:00:00-05:00,65.86,83.72,-10.41,-7.45
2025-01-16 00:00:00-05:00,52.5,82.03,-22.81,-6.72
2025-01-16 01:00:00-05:00,78.18,81.87000000000002,3.35,-7.04
2025-01-16 02:00:00-05:00,76.97,80.97,3.37,-7.37
2025-01-16 03:00:00-05:00,50.3,95.74,-35.2,-10.24
2025-01-16 04:00:00-05:00,79.31,99.46,-9.91,-10.24
2025-01-16 05:00:00-05:00,49.5,83.85,-27.14,-7.21
2025-01-16 06:00:00-05:00,62.93,122.75,-48.16,-11.66
2025-01-16 07:00:00-05:00,67.0,149.91,-65.07,-17.84
2025-01-16 08:00:00-05:00,63.8,133.1,-53.32,-15.98
2025-01-16 09:00:00-05:00,78.48,109.82,-18.6,-12.74
2025-01-16 10:00:00-05:00,78.65,114.01,-21.56,-13.8
2025-01-16 11:00:00-05:00,78.58,86.36,1.11,-8.89
2025-01-16 12:00:00-05:00,78.17,85.71000000000001,1.11,-8.65
2025-01-16 13:00:00-05:00,78.68,91.46,-3.0,-9.78
2025-01-16 14:00:00-05:00,78.47,89.46,-1.42,-9.57
2025-01-16 15:00:00-05:00,78.66,96.62,-8.01,-9.95
2025-01-16 16:00:00-05:00,86.33,94.96,1.72,-10.35
2025-01-16 17:00:00-05:00,105.99,115.31,2.21,-11.53
2025-01-16 18:00:00-05:00,87.71,96.3,2.1,-10.69
2025-01-16 19:00:00-05:00,81.09,88.2,1.71,-8.82
2025-01-16 20:00:00-05:00,78.59,92.45,-3.04,-10.82
2025-01-16 21:00:00-05:00,62.86,83.14,-11.55,-8.73
2025-01-16 22:00:00-05:00,62.76,82.03,-11.07,-8.2
2025-01-16 23:00:00-05:00,80.0,85.42999999999999,2.51,-7.94
2025-01-17 00:00:00-05:00,90.0,105.22,-6.91,-8.31
2025-01-17 01:00:00-05:00,79.47,85.64,-0.0,-6.17
2025-01-17 02:00:00-05:00,73.3,79.07,-0.0,-5.77
2025-01-17 03:00:00-05:00,79.63,86.17999999999999,-0.0,-6.55
2025-01-17 04:00:00-05:00,72.5,86.01,-7.15,-6.36
2025-01-17 05:00:00-05:00,75.2,85.01,-4.37,-5.44
2025-01-17 06:00:00-05:00,80.81,87.36,-0.0,-6.55
2025-01-17 07:00:00-05:00,77.16,124.59,-35.09,-12.34
2025-01-17 08:00:00-05:00,77.11,127.08,-37.39,-12.58
2025-01-17 09:00:00-05:00,77.03,87.09,-2.05,-8.01
2025-01-17 10:00:00-05:00,61.68,85.17999999999999,-15.16,-8.34
2025-01-17 11:00:00-05:00,61.57,82.98,-13.28,-8.13
2025-01-17 12:00:00-05:00,53.86,82.1,-20.28,-7.96
2025-01-17 13:00:00-05:00,53.93,81.18,-19.3,-7.95
2025-01-17 14:00:00-05:00,58.16,84.94,-18.29,-8.49
2025-01-17 15:00:00-05:00,58.09,70.57000000000001,-5.42,-7.06
2025-01-17 16:00:00-05:00,64.14,70.5,2.38,-8.74
2025-01-17 17:00:00-05:00,67.32,70.72,5.02,-8.42
2025-01-17 18:00:00-05:00,65.73,70.56,4.2,-9.03
2025-01-17 19:00:00-05:00,60.97,70.55999999999999,-1.05,-8.54
2025-01-17 20:00:00-05:00,57.3,70.7,-5.98,-7.42
2025-01-17 21:00:00-05:00,54.83,70.25,-6.71,-8.71
2025-01-17 22:00:00-05:00,62.31,70.41,-0.28,-7.82
2025-01-17 23:00:00-05:00,65.22,70.11,2.19,-7.08
2025-01-18 00:00:00-05:00,64.3,70.03999999999999,-0.0,-5.74
2025-01-18 01:00:00-05:00,63.48,69.67999999999999,-0.0,-6.2
2025-01-18 02:00:00-05:00,62.0,68.44,-0.0,-6.44
2025-01-18 03:00:00-05:00,62.93,69.69,-0.0,-6.76
2025-01-18 04:00:00-05:00,63.27,69.76,-0.0,-6.49
2025-01-18 05:00:00-05:00,64.77,70.33,-0.0,-5.56
2025-01-18 06:00:00-05:00,61.14,66.6,-0.0,-5.46
2025-01-18 07:00:00-05:00,49.45,54.64,-0.0,-5.19
2025-01-18 08:00:00-05:00,53.02,58.71,-0.0,-5.69
2025-01-18 09:00:00-05:00,64.61,69.76,2.52,-7.67
2025-01-18 10:00:00-05:00,70.92,75.06,3.52,-7.66
2025-01-18 11:00:00-05:00,64.67,70.96,0.87,-7.16
2025-01-18 12:00:00-05:00,65.46,70.69,1.84,-7.07
2025-01-18 13:00:00-05:00,68.14,70.61,4.59,-7.06
2025-01-18 14:00:00-05:00,67.5,70.69,4.02,-7.21
2025-01-18 15:00:00-05:00,68.35,70.75,4.46,-6.86
2025-01-18 16:00:00-05:00,71.74,71.6,6.08,-5.94
2025-01-18 17:00:00-05:00,77.84,71.29,11.11,-4.56
2025-01-18 18:00:00-05:00,80.21,74.82999999999998,9.79,-4.41
2025-01-18 19:00:00-05:00,74.82,71.08,9.14,-5.4
2025-01-18 20:00:00-05:00,73.3,70.86,8.25,-5.81
2025-01-18 21:00:00-05:00,70.91,70.72,6.13,-5.94
2025-01-18 22:00:00-05:00,69.53,70.93,3.35,-4.75
2025-01-18 23:00:00-05:00,71.47,70.71,4.58,-3.82
2025-01-19 00:00:00-05:00,86.3,82.25,8.41,-4.36
2025-01-19 01:00:00-05:00,88.1,84.69999999999999,8.14,-4.74
2025-01-19 02:00:00-05:00,87.31,82.98,8.98,-4.65
2025-01-19 03:00:00-05:00,87.25,85.00999999999999,7.34,-5.1
2025-01-19 04:00:00-05:00,86.58,85.00999999999999,6.5,-4.93
2025-01-19 05:00:00-05:00,87.43,85.35,6.43,-4.35
2025-01-19 06:00:00-05:00,87.95,85.27000000000001,7.97,-5.29
2025-01-19 07:00:00-05:00,83.6,85.33999999999999,5.0,-6.74
2025-01-19 08:00:00-05:00,87.14,88.61,5.09,-6.56
2025-01-19 09:00:00-05:00,89.87,89.64,7.31,-7.08
2025-01-19 10:00:00-05:00,92.18,88.70000000000002,11.02,-7.54
2025-01-19 11:00:00-05:00,90.28,88.78999999999999,8.95,-7.46
2025-01-19 12:00:00-05:00,89.51,88.60000000000001,8.35,-7.44
2025-01-19 13:00:00-05:00,89.09,87.42,9.28,-7.61
2025-01-19 14:00:00-05:00,91.41,89.3,9.52,-7.41
2025-01-19 15:00:00-05:00,125.04,137.11,2.87,-14.94
2025-01-19 16:00:00-05:00,138.4,155.51,-0.0,-17.11
2025-01-19 17:00:00-05:00,198.92,228.01,0.1,-29.19
2025-01-19 18:00:00-05:00,182.07,209.64,0.31,-27.88
2025-01-19 19:00:00-05:00,178.5,205.17,0.42,-27.09
2025-01-19 20:00:00-05:00,145.75,165.95999999999998,2.52,-22.73
2025-01-19 21:00:00-05:00,122.87,137.82999999999998,3.37,-18.33
2025-01-19 22:00:00-05:00,134.54,149.33999999999995,2.52,-17.32
2025-01-19 23:00:00-05:00,145.03,161.87,-0.0,-16.84
2025-01-20 00:00:00-05:00,158.45,174.11999999999998,-0.0,-15.67
2025-01-20 01:00:00-05:00,147.95,162.76,-0.0,-14.81
2025-01-20 02:00:00-05:00,141.61,156.48000000000002,-0.0,-14.87
2025-01-20 03:00:00-05:00,142.11,157.37,-0.0,-15.26
2025-01-20 04:00:00-05:00,151.55,168.01000000000002,-0.0,-16.46
2025-01-20 05:00:00-05:00,172.67,191.01,-0.0,-18.34
2025-01-20 06:00:00-05:00,205.07,229.39,-0.0,-24.32
2025-01-20 07:00:00-05:00,212.08,242.12,-0.01,-30.03
2025-01-20 08:00:00-05:00,186.0,213.56,-0.01,-27.55
2025-01-20 09:00:00-05:00,199.0,229.53,-0.0,-30.53
2025-01-20 10:00:00-05:00,180.87,210.31,-0.0,-29.44
2025-01-20 11:00:00-05:00,179.71,208.23,-0.0,-28.52
2025-01-20 12:00:00-05:00,176.68,208.02,-2.85,-28.49
2025-01-20 13:00:00-05:00,161.92,208.98,-18.02,-29.04
2025-01-20 14:00:00-05:00,162.15,217.61,-25.22,-30.24
2025-01-20 15:00:00-05:00,174.77,222.72,-18.78,-29.17
2025-01-20 16:00:00-05:00,177.3,228.08000000000004,-20.67,-30.11
2025-01-20 17:00:00-05:00,232.73,283.35999999999996,-13.52,-37.11
2025-01-20 18:00:00-05:00,232.34,274.08,-5.56,-36.18
2025-01-20 19:00:00-05:00,197.0,250.0,-18.26,-34.74
2025-01-20 20:00:00-05:00,174.96,234.8,-27.68,-32.16
2025-01-20 21:00:00-05:00,172.95,219.37,-16.37,-30.05
2025-01-20 22:00:00-05:00,193.47,222.37,-0.0,-28.9
2025-01-20 23:00:00-05:00,187.77,211.22,-0.0,-23.45
2025-01-21 00:00:00-05:00,184.42,203.77999999999997,-0.0,-19.36
2025-01-21 01:00:00-05:00,169.11,186.66000000000005,-0.0,-17.55
2025-01-21 02:00:00-05:00,178.54,197.5,-0.0,-18.96
2025-01-21 03:00:00-05:00,176.57,195.32,-0.0,-18.75
2025-01-21 04:00:00-05:00,181.62,200.24,-0.0,-18.62
2025-01-21 05:00:00-05:00,190.95,209.38,-0.0,-18.43
2025-01-21 06:00:00-05:00,229.76,255.56,-0.0,-25.8
2025-01-21 07:00:00-05:00,263.71,299.34,-0.0,-35.63
2025-01-21 08:00:00-05:00,229.67,262.19,-0.0,-32.52
2025-01-21 09:00:00-05:00,218.03,248.35,-0.01,-30.31
2025-01-21 10:00:00-05:00,201.2,234.9,-4.8,-28.9
2025-01-21 11:00:00-05:00,195.0,222.89,-0.02,-27.87
2025-01-21 12:00:00-05:00,191.11,218.43,-0.01,-27.31
2025-01-21 13:00:00-05:00,193.2,223.8,-2.84,-27.76
2025-01-21 14:00:00-05:00,201.52,232.43000000000004,-2.08,-28.83
2025-01-21 15:00:00-05:00,213.5,245.98,-1.97,-30.51
2025-01-21 16:00:00-05:00,227.37,258.99,-0.01,-31.61
2025-01-21 17:00:00-05:00,280.86,318.46,-0.02,-37.58
2025-01-21 18:00:00-05:00,270.1,308.77000000000004,-3.17,-35.5
2025-01-21 19:00:00-05:00,236.2,279.28,-6.21,-36.87
2025-01-21 20:00:00-05:00,197.14,251.12,-20.83,-33.15
2025-01-21 21:00:00-05:00,199.17,239.89,-9.3,-31.42
2025-01-21 22:00:00-05:00,202.97,228.56,-0.0,-25.59
2025-01-21 23:00:00-05:00,205.24,225.29,-0.0,-20.05
2025-01-22 00:00:00-05:00,189.31,203.77,-0.0,-14.46
2025-01-22 01:00:00-05:00,184.23,199.17,-0.0,-14.94
2025-01-22 02:00:00-05:00,181.02,195.07,-0.0,-14.05
2025-01-22 03:00:00-05:00,180.25,194.02,-0.0,-13.77
2025-01-22 04:00:00-05:00,193.09,207.19,-0.0,-14.1
2025-01-22 05:00:00-05:00,213.77,216.32,11.51,-14.06
2025-01-22 06:00:00-05:00,247.98,282.34999999999997,-11.51,-22.86
2025-01-22 07:00:00-05:00,271.08,301.52,-0.0,-30.44
2025-01-22 08:00:00-05:00,247.35,275.45,-0.0,-28.1
2025-01-22 09:00:00-05:00,220.15,246.52,-0.0,-26.37
2025-01-22 10:00:00-05:00,196.03,220.26,-0.0,-24.23
2025-01-22 11:00:00-05:00,184.91,208.47,-0.0,-23.56
2025-01-22 12:00:00-05:00,181.83,205.69,-0.0,-23.86
2025-01-22 13:00:00-05:00,182.11,206.0,-0.0,-23.89
2025-01-22 14:00:00-05:00,184.42,208.62,-0.0,-24.2
2025-01-22 15:00:00-05:00,203.06,229.7,-0.0,-26.64
2025-01-22 16:00:00-05:00,213.36,243.29,-0.0,-29.93
2025-01-22 17:00:00-05:00,259.31,294.35,-0.01,-35.03
2025-01-22 18:00:00-05:00,250.1,284.88,-0.01,-34.77
2025-01-22 19:00:00-05:00,227.19,259.37,-0.01,-32.17
2025-01-22 20:00:00-05:00,211.79,243.43,-0.0,-31.64
2025-01-22 21:00:00-05:00,198.19,227.03,-0.0,-28.84
2025-01-22 22:00:00-05:00,190.75,214.8,-0.0,-24.05
2025-01-22 23:00:00-05:00,188.24,208.23,-0.0,-19.99
2025-01-23 00:00:00-05:00,146.19,162.26,-0.0,-16.07
2025-01-23 01:00:00-05:00,140.81,155.93,-0.0,-15.12
2025-01-23 02:00:00-05:00,139.2,153.47,-0.0,-14.27
2025-01-23 03:00:00-05:00,137.5,151.94,-0.0,-14.44
2025-01-23 04:00:00-05:00,141.46,156.14,-0.0,-14.68
2025-01-23 05:00:00-05:00,147.67,162.26999999999998,-0.0,-14.6
2025-01-23 06:00:00-05:00,162.35,178.05999999999997,2.27,-17.98
2025-01-23 07:00:00-05:00,162.79,182.12999999999997,2.52,-21.86
2025-01-23 08:00:00-05:00,156.46,174.89,2.39,-20.82
2025-01-23 09:00:00-05:00,148.1,182.34,-12.35,-21.89
2025-01-23 10:00:00-05:00,137.59,156.72,-0.0,-19.13
2025-01-23 11:00:00-05:00,126.2,143.74,-0.0,-17.54
2025-01-23 12:00:00-05:00,126.53,144.12,-0.0,-17.59
2025-01-23 13:00:00-05:00,121.08,138.38,-0.0,-17.3
2025-01-23 14:00:00-05:00,120.14,137.31,-0.0,-17.17
2025-01-23 15:00:00-05:00,129.79,147.48999999999998,-0.0,-17.7
2025-01-23 16:00:00-05:00,140.72,161.74,-0.0,-21.02
2025-01-23 17:00:00-05:00,158.96,182.67,0.21,-23.92
2025-01-23 18:00:00-05:00,153.91,177.31,0.54,-23.94
2025-01-23 19:00:00-05:00,143.78,166.67000000000002,-0.06,-22.83
2025-01-23 20:00:00-05:00,139.48,161.29,-0.03,-21.78
2025-01-23 21:00:00-05:00,133.99,154.19,-0.01,-20.19
2025-01-23 22:00:00-05:00,129.39,148.54999999999998,-0.0,-19.16
2025-01-23 23:00:00-05:00,133.39,147.88,-0.0,-14.49
2025-01-24 00:00:00-05:00,101.81,100.51,6.63,-5.33
2025-01-24 01:00:00-05:00,97.1,96.78,5.94,-5.62
2025-01-24 02:00:00-05:00,94.35,97.54,3.34,-6.53
2025-01-24 03:00:00-05:00,105.89,112.5,1.71,-8.32
2025-01-24 04:00:00-05:00,106.11,111.16,2.73,-7.78
2025-01-24 05:00:00-05:00,120.37,129.93,-0.2,-9.36
2025-01-24 06:00:00-05:00,154.24,167.35000000000002,1.95,-15.06
2025-01-24 07:00:00-05:00,157.02,174.07000000000002,-0.0,-17.05
2025-01-24 08:00:00-05:00,155.51,172.20999999999998,-0.0,-16.7
2025-01-24 09:00:00-05:00,121.5,129.9,3.68,-12.08
2025-01-24 10:00:00-05:00,101.42,109.04,1.76,-9.38
2025-01-24 11:00:00-05:00,95.12,99.93,2.88,-7.69
2025-01-24 12:00:00-05:00,95.01,100.72,2.15,-7.86
2025-01-24 13:00:00-05:00,91.76,97.43,2.32,-7.99
2025-01-24 14:00:00-05:00,95.02,100.82,1.76,-7.56
2025-01-24 15:00:00-05:00,99.7,104.43,3.1,-7.83
2025-01-24 16:00:00-05:00,106.97,111.23,4.53,-8.79
2025-01-24 17:00:00-05:00,129.2,132.64,5.58,-9.02
2025-01-24 18:00:00-05:00,127.39,132.36,5.1,-10.07
2025-01-24 19:00:00-05:00,106.04,109.19,7.44,-10.59
2025-01-24 20:00:00-05:00,100.29,102.73,7.11,-9.55
2025-01-24 21:00:00-05:00,102.5,110.65,2.47,-10.62
2025-01-24 22:00:00-05:00,94.32,100.52,2.55,-8.75
2025-01-24 23:00:00-05:00,97.33,100.3,4.25,-7.22
2025-01-25 00:00:00-05:00,99.06,97.35,8.14,-6.43
2025-01-25 01:00:00-05:00,111.43,116.71,3.94,-9.22
2025-01-25 02:00:00-05:00,114.67,122.0,2.55,-9.88
2025-01-25 03:00:00-05:00,124.47,137.54,-0.0,-13.07
2025-01-25 04:00:00-05:00,128.21,141.52,-0.0,-13.31
2025-01-25 05:00:00-05:00,135.16,149.68,-0.0,-14.52
2025-01-25 06:00:00-05:00,124.79,133.03,4.79,-13.03
2025-01-25 07:00:00-05:00,117.18,130.34000000000003,3.14,-16.3
2025-01-25 08:00:00-05:00,122.33,137.15,3.42,-18.24
2025-01-25 09:00:00-05:00,92.59,109.56,-3.93,-13.04
2025-01-25 10:00:00-05:00,87.2,100.36,-0.31,-12.85
2025-01-25 11:00:00-05:00,81.17,87.79,3.39,-10.01
2025-01-25 12:00:00-05:00,79.5,87.53,2.3,-10.33
2025-01-25 13:00:00-05:00,78.2,87.27,1.14,-10.21
2025-01-25 14:00:00-05:00,79.35,87.43999999999998,2.23,-10.32
2025-01-25 15:00:00-05:00,79.6,87.61999999999999,2.23,-10.25
2025-01-25 16:00:00-05:00,76.21,87.81,-1.15,-10.45
2025-01-25 17:00:00-05:00,87.12,88.17000000000002,8.21,-9.26
2025-01-25 18:00:00-05:00,83.42,88.25,4.17,-9.0
2025-01-25 19:00:00-05:00,78.12,81.81,5.72,-9.41
2025-01-25 20:00:00-05:00,77.42,76.69,9.09,-8.36
2025-01-25 21:00:00-05:00,70.19,73.12,5.19,-8.12
2025-01-25 22:00:00-05:00,72.06,72.28999999999999,6.93,-7.16
2025-01-25 23:00:00-05:00,73.33,72.15,7.6,-6.42
2025-01-26 00:00:00-05:00,85.13,87.61999999999999,5.31,-7.8
2025-01-26 01:00:00-05:00,80.0,85.25,2.51,-7.76
2025-01-26 02:00:00-05:00,77.48,81.81,3.11,-7.44
2025-01-26 03:00:00-05:00,76.14,81.81,1.77,-7.44
2025-01-26 04:00:00-05:00,75.63,80.97,2.03,-7.37
2025-01-26 05:00:00-05:00,71.35,73.27999999999999,4.59,-6.52
2025-01-26 06:00:00-05:00,78.21,81.21000000000001,4.07,-7.07
2025-01-26 07:00:00-05:00,67.88,71.91999999999999,4.09,-8.13
2025-01-26 08:00:00-05:00,69.5,78.03,0.21,-8.74
2025-01-26 09:00:00-05:00,70.28,81.31,-2.41,-8.62
2025-01-26 10:00:00-05:00,62.95,72.86,-1.75,-8.16
2025-01-26 11:00:00-05:00,64.9,75.06,-1.83,-8.33
2025-01-26 12:00:00-05:00,63.11,72.15,-0.31,-8.73
2025-01-26 13:00:00-05:00,63.2,72.15,-0.29,-8.66
2025-01-26 14:00:00-05:00,62.4,72.28999999999999,-1.72,-8.17
2025-01-26 15:00:00-05:00,72.16,81.13,0.52,-9.49
2025-01-26 16:00:00-05:00,74.4,83.43,0.9,-9.93
2025-01-26 17:00:00-05:00,80.49,88.07,2.9,-10.48
2025-01-26 18:00:00-05:00,85.8,88.07,8.03,-10.3
2025-01-26 19:00:00-05:00,79.55,87.61999999999999,3.15,-11.22
2025-01-26 20:00:00-05:00,79.52,87.8,1.64,-9.92
2025-01-26 21:00:00-05:00,72.86,80.97,1.93,-10.04
2025-01-26 22:00:00-05:00,71.0,78.06,1.45,-8.51
2025-01-26 23:00:00-05:00,67.52,72.0,2.21,-6.69
2025-01-27 00:00:00-05:00,76.04,81.21000000000001,2.63,-7.8
2025-01-27 01:00:00-05:00,66.19,71.93,1.6,-7.34
2025-01-27 02:00:00-05:00,65.61,71.69999999999999,1.51,-7.6
2025-01-27 03:00:00-05:00,65.96,71.78,1.5,-7.32
2025-01-27 04:00:00-05:00,67.04,71.99000000000001,1.96,-6.91
2025-01-27 05:00:00-05:00,67.84,72.16000000000001,2.61,-6.93
2025-01-27 06:00:00-05:00,81.83,87.25,2.96,-8.38
2025-01-27 07:00:00-05:00,77.01,87.98,-1.73,-9.24
2025-01-27 08:00:00-05:00,76.9,88.25000000000001,-2.09,-9.26
2025-01-27 09:00:00-05:00,65.57,73.63999999999999,-0.05,-8.02
2025-01-27 10:00:00-05:00,60.46,71.71,-1.14,-10.11
2025-01-27 11:00:00-05:00,60.3,71.71000000000001,-1.87,-9.54
2025-01-27 12:00:00-05:00,60.61,71.85000000000001,-1.68,-9.56
2025-01-27 13:00:00-05:00,59.06,71.77,-2.74,-9.97
2025-01-27 14:00:00-05:00,58.96,71.78,-2.77,-10.05
2025-01-27 15:00:00-05:00,60.8,71.92999999999999,-1.85,-9.28
2025-01-27 16:00:00-05:00,61.05,71.92,-0.58,-10.29
2025-01-27 17:00:00-05:00,69.4,82.7,-1.39,-11.91
2025-01-27 18:00:00-05:00,67.6,80.57,-1.69,-11.28
2025-01-27 19:00:00-05:00,61.27,72.29,-1.26,-9.76
2025-01-27 20:00:00-05:00,70.26,75.69,3.43,-8.86
2025-01-27 21:00:00-05:00,66.08,72.06,2.81,-8.79
2025-01-27 22:00:00-05:00,65.98,71.85,3.18,-9.05
2025-01-27 23:00:00-05:00,66.85,71.69999999999999,3.18,-8.03
2025-01-28 00:00:00-05:00,64.27,71.42,1.99,-9.14
2025-01-28 01:00:00-05:00,63.76,71.34,1.91,-9.49
2025-01-28 02:00:00-05:00,63.54,71.27,1.68,-9.41
2025-01-28 03:00:00-05:00,63.19,71.26,1.55,-9.62
2025-01-28 04:00:00-05:00,64.84,71.56,2.16,-8.88
2025-01-28 05:00:00-05:00,67.16,72.0,2.36,-7.2
2025-01-28 06:00:00-05:00,74.78,78.67,3.9,-7.79
2025-01-28 07:00:00-05:00,82.34,87.53,4.61,-9.8
2025-01-28 08:00:00-05:00,82.26,87.98,3.69,-9.41
2025-01-28 09:00:00-05:00,78.6,87.60999999999999,1.59,-10.6
2025-01-28 10:00:00-05:00,79.44,87.81,1.38,-9.75
2025-01-28 11:00:00-05:00,79.41,87.80999999999999,1.17,-9.57
2025-01-28 12:00:00-05:00,78.95,87.71,0.98,-9.74
2025-01-28 13:00:00-05:00,76.87,86.12,1.0,-10.25
2025-01-28 14:00:00-05:00,78.29,87.62,1.01,-10.34
2025-01-28 15:00:00-05:00,83.6,88.14999999999999,4.44,-8.99
2025-01-28 16:00:00-05:00,88.23,88.26,9.06,-9.09
2025-01-28 17:00:00-05:00,143.19,168.17000000000002,-4.46,-20.52
2025-01-28 18:00:00-05:00,140.72,170.55999999999997,-7.67,-22.17
2025-01-28 19:00:00-05:00,101.98,116.12,0.95,-15.09
2025-01-28 20:00:00-05:00,116.09,140.78,-4.42,-20.27
2025-01-28 21:00:00-05:00,89.81,104.18,0.63,-15.0
2025-01-28 22:00:00-05:00,78.79,87.54,1.58,-10.33
2025-01-28 23:00:00-05:00,80.0,87.17999999999999,2.15,-9.33
2025-01-29 00:00:00-05:00,83.95,95.16,0.97,-12.18
2025-01-29 01:00:00-05:00,76.36,88.64999999999999,0.12,-12.41
2025-01-29 02:00:00-05:00,76.57,87.99,0.46,-11.88
2025-01-29 03:00:00-05:00,72.08,82.44999999999999,0.68,-11.05
2025-01-29 04:00:00-05:00,79.42,91.18,0.18,-11.94
2025-01-29 05:00:00-05:00,80.44,91.63,-0.01,-11.18
2025-01-29 06:00:00-05:00,72.65,80.09,2.09,-9.53
2025-01-29 07:00:00-05:00,67.01,72.31000000000002,3.96,-9.26
2025-01-29 08:00:00-05:00,67.8,79.76,-1.51,-10.45
2025-01-29 09:00:00-05:00,73.55,92.28,-6.37,-12.36
2025-01-29 10:00:00-05:00,67.82,121.38,-36.69,-16.87
2025-01-29 11:00:00-05:00,67.64,117.41,-33.57,-16.2
2025-01-29 12:00:00-05:00,67.44,119.25,-35.35,-16.46
2025-01-29 13:00:00-05:00,65.35,117.49,-36.05,-16.09
2025-01-29 14:00:00-05:00,62.9,113.48,-34.69,-15.89
2025-01-29 15:00:00-05:00,68.2,122.38,-37.17,-17.01
2025-01-29 16:00:00-05:00,69.65,135.82999999999998,-46.89,-19.29
2025-01-29 17:00:00-05:00,77.84,93.03,-2.91,-12.28
2025-01-29 18:00:00-05:00,75.82,102.77,-13.59,-13.36
2025-01-29 19:00:00-05:00,68.72,94.58,-13.19,-12.67
2025-01-29 20:00:00-05:00,76.88,122.99,-29.02,-17.09
2025-01-29 21:00:00-05:00,74.12,124.16,-32.66,-17.38
2025-01-29 22:00:00-05:00,84.1,117.0,-16.99,-15.91
2025-01-29 23:00:00-05:00,90.01,104.01,0.04,-14.04
2025-01-30 00:00:00-05:00,91.42,102.26,-0.0,-10.84
2025-01-30 01:00:00-05:00,84.7,94.75,-0.0,-10.05
2025-01-30 02:00:00-05:00,82.89,92.0,-0.0,-9.11
2025-01-30 03:00:00-05:00,85.31,93.95,-0.0,-8.64
2025-01-30 04:00:00-05:00,90.09,99.87,-0.0,-9.78
2025-01-30 05:00:00-05:00,88.33,96.59,0.14,-8.4
2025-01-30 06:00:00-05:00,76.0,69.46,12.86,-6.32
2025-01-30 07:00:00-05:00,84.3,88.24,6.29,-10.23
2025-01-30 08:00:00-05:00,91.67,102.17,2.68,-13.18
2025-01-30 09:00:00-05:00,80.13,87.63,2.75,-10.25
2025-01-30 10:00:00-05:00,76.19,87.09,0.77,-11.67
2025-01-30 11:00:00-05:00,76.28,87.26,0.1,-11.08
2025-01-30 12:00:00-05:00,66.1,75.92,0.05,-9.87
2025-01-30 13:00:00-05:00,62.45,71.37,-0.0,-8.92
2025-01-30 14:00:00-05:00,59.2,66.52000000000001,1.13,-8.45
2025-01-30 15:00:00-05:00,62.19,71.17999999999999,-0.02,-8.97
2025-01-30 16:00:00-05:00,70.72,78.69,3.52,-11.49
2025-01-30 17:00:00-05:00,78.33,87.26,3.46,-12.39
2025-01-30 18:00:00-05:00,70.8,87.33999999999999,-4.49,-12.05
2025-01-30 19:00:00-05:00,67.46,79.9,-1.65,-10.79
2025-01-30 20:00:00-05:00,67.5,109.92,-26.37,-16.05
2025-01-30 21:00:00-05:00,60.99,114.64,-37.37,-16.28
2025-01-30 22:00:00-05:00,64.72,94.29,-16.37,-13.2
2025-01-30 23:00:00-05:00,65.0,74.95,0.39,-10.34
2025-01-31 00:00:00-05:00,57.88,66.16000000000001,-0.01,-8.27
2025-01-31 01:00:00-05:00,60.53,69.52,-0.02,-8.97
2025-01-31 02:00:00-05:00,60.49,69.37,-0.0,-8.88
2025-01-31 03:00:00-05:00,58.94,67.67,-0.0,-8.73
2025-01-31 04:00:00-05:00,64.46,73.41999999999999,-0.0,-8.96
2025-01-31 05:00:00-05:00,67.85,76.92999999999999,-0.0,-9.08
2025-01-31 06:00:00-05:00,77.69,88.59,-0.0,-10.9
2025-01-31 07:00:00-05:00,85.21,98.35,0.93,-14.07
2025-01-31 08:00:00-05:00,102.5,119.81,-0.06,-17.25
2025-01-31 09:00:00-05:00,101.11,140.73,-18.51,-21.11
2025-01-31 10:00:00-05:00,84.7,132.13,-27.88,-19.55
2025-01-31 11:00:00-05:00,76.4,125.37,-30.66,-18.31
2025-01-31 12:00:00-05:00,68.6,107.93,-24.55,-14.78
2025-01-31 13:00:00-05:00,65.51,87.28,-9.82,-11.95
2025-01-31 14:00:00-05:00,61.27,87.19,-13.54,-12.38
2025-01-31 15:00:00-05:00,63.27,87.10000000000001,-11.2,-12.63
2025-01-31 16:00:00-05:00,65.0,86.82,-8.54,-13.28
2025-01-31 17:00:00-05:00,72.14,86.99,-1.63,-13.22
2025-01-31 18:00:00-05:00,67.79,79.01,0.71,-11.93
2025-01-31 19:00:00-05:00,60.59,71.41,0.03,-10.85
2025-01-31 20:00:00-05:00,62.1,71.5,0.83,-10.23
2025-01-31 21:00:00-05:00,60.89,71.2,0.01,-10.32
2025-01-31 22:00:00-05:00,61.46,71.2,0.01,-9.75
2025-01-31 23:00:00-05:00,62.73,71.12,-0.0,-8.39
2025-02-01 00:00:00-05:00,57.08,63.92,-0.0,-6.84
2025-02-01 01:00:00-05:00,47.3,52.5,-0.0,-5.2
2025-02-01 02:00:00-05:00,42.67,46.48,-0.0,-3.81
2025-02-01 03:00:00-05:00,41.75,44.84,-0.0,-3.09
2025-02-01 04:00:00-05:00,42.71,45.83,-0.0,-3.12
2025-02-01 05:00:00-05:00,44.51,48.07,-0.0,-3.56
2025-02-01 06:00:00-05:00,49.98,53.45,-0.0,-3.47
2025-02-01 07:00:00-05:00,51.0,56.17,-0.0,-5.17
2025-02-01 08:00:00-05:00,53.0,59.08,-0.0,-6.08
2025-02-01 09:00:00-05:00,60.92,67.09,-0.0,-6.17
2025-02-01 10:00:00-05:00,63.52,70.5,-0.0,-6.98
2025-02-01 11:00:00-05:00,56.75,62.64,-0.0,-5.89
2025-02-01 12:00:00-05:00,52.91,58.209999999999994,-0.0,-5.3
2025-02-01 13:00:00-05:00,56.46,61.3,-0.0,-4.84
2025-02-01 14:00:00-05:00,52.9,57.379999999999995,-0.0,-4.48
2025-02-01 15:00:00-05:00,62.57,67.72,-0.0,-5.15
2025-02-01 16:00:00-05:00,66.8,72.45,-0.0,-5.65
2025-02-01 17:00:00-05:00,85.65,94.02,-0.0,-8.37
2025-02-01 18:00:00-05:00,87.53,96.4,-0.0,-8.87
2025-02-01 19:00:00-05:00,81.71,90.79,-0.0,-9.08
2025-02-01 20:00:00-05:00,77.11,86.83,-0.0,-9.72
2025-02-01 21:00:00-05:00,68.32,78.16999999999999,-0.0,-9.85
2025-02-01 22:00:00-05:00,63.71,71.43,-0.0,-7.72
2025-02-01 23:00:00-05:00,72.23,79.55000000000001,-0.0,-7.32
2025-02-02 00:00:00-05:00,87.1,98.98,-0.0,-11.88
2025-02-02 01:00:00-05:00,78.34,89.62,-0.25,-11.03
2025-02-02 02:00:00-05:00,67.0,75.96000000000001,-0.0,-8.96
2025-02-02 03:00:00-05:00,61.12,69.46,-0.0,-8.34
2025-02-02 04:00:00-05:00,56.11,63.84,-0.0,-7.73
2025-02-02 05:00:00-05:00,59.44,67.62,-0.0,-8.18
2025-02-02 06:00:00-05:00,63.04,72.63,-0.0,-9.59
2025-02-02 07:00:00-05:00,65.63,76.09,-0.04,-10.42
2025-02-02 08:00:00-05:00,56.95,77.34,-9.33,-11.06
2025-02-02 09:00:00-05:00,54.03,73.26,-9.2,-10.03
2025-02-02 10:00:00-05:00,57.16,65.52,-0.04,-8.32
2025-02-02 11:00:00-05:00,56.9,71.83999999999999,-5.24,-9.7
2025-02-02 12:00:00-05:00,51.9,66.82000000000001,-5.36,-9.56
2025-02-02 13:00:00-05:00,50.81,66.49,-6.24,-9.44
2025-02-02 14:00:00-05:00,50.84,66.22,-5.98,-9.4
2025-02-02 15:00:00-05:00,61.97,71.60000000000001,-0.04,-9.59
2025-02-02 16:00:00-05:00,61.68,84.11,-10.15,-12.28
2025-02-02 17:00:00-05:00,73.42,100.08,-12.15,-14.51
2025-02-02 18:00:00-05:00,69.55,95.28,-11.82,-13.91
2025-02-02 19:00:00-05:00,64.44,86.85,-10.25,-12.16
2025-02-02 20:00:00-05:00,60.0,76.71000000000001,-6.12,-10.59
2025-02-02 21:00:00-05:00,56.61,65.39,-0.02,-8.76
2025-02-02 22:00:00-05:00,50.2,57.5,-0.0,-7.3
2025-02-02 23:00:00-05:00,46.66,52.779999999999994,-0.0,-6.12
2025-02-03 00:00:00-05:00,63.3,70.57,-0.0,-7.27
2025-02-03 01:00:00-05:00,59.9,66.85,-0.0,-6.95
2025-02-03 02:00:00-05:00,59.31,66.34,-0.0,-7.03
2025-02-03 03:00:00-05:00,61.03,68.42,-0.0,-7.39
2025-02-03 04:00:00-05:00,61.81,69.21000000000001,-0.0,-7.4
2025-02-03 05:00:00-05:00,64.11,70.92,-0.0,-6.81
2025-02-03 06:00:00-05:00,64.7,71.42,-0.0,-6.72
2025-02-03 07:00:00-05:00,62.91,71.57,-0.0,-8.66
2025-02-03 08:00:00-05:00,63.95,71.85000000000001,-0.0,-7.9
2025-02-03 09:00:00-05:00,64.43,71.99000000000001,-0.0,-7.56
2025-02-03 10:00:00-05:00,64.32,71.69999999999999,-0.0,-7.38
2025-02-03 11:00:00-05:00,63.14,71.27,-0.0,-8.13
2025-02-03 12:00:00-05:00,62.81,71.13,-0.0,-8.32
2025-02-03 13:00:00-05:00,62.18,70.98,-0.0,-8.8
2025-02-03 14:00:00-05:00,59.19,67.8,-0.0,-8.61
2025-02-03 15:00:00-05:00,61.5,70.05,-0.0,-8.55
2025-02-03 16:00:00-05:00,59.91,69.67,-0.01,-9.75
2025-02-03 17:00:00-05:00,62.67,71.63,-0.0,-8.96
2025-02-03 18:00:00-05:00,63.16,71.86,-0.0,-8.7
2025-02-03 19:00:00-05:00,61.65,71.27,-0.0,-9.62
2025-02-03 20:00:00-05:00,61.89,71.06,-0.0,-9.17
2025-02-03 21:00:00-05:00,61.0,69.32,-0.0,-8.32
2025-02-03 22:00:00-05:00,50.69,57.15,-0.0,-6.46
2025-02-03 23:00:00-05:00,48.06,53.7,-0.0,-5.64
2025-02-04 00:00:00-05:00,58.43,64.07,-0.0,-5.64
2025-02-04 01:00:00-05:00,56.32,61.96,-0.0,-5.64
2025-02-04 02:00:00-05:00,56.55,61.739999999999995,-0.0,-5.19
2025-02-04 03:00:00-05:00,53.26,58.21,-0.0,-4.95
2025-02-04 04:00:00-05:00,55.9,60.7,-0.0,-4.8
2025-02-04 05:00:00-05:00,56.5,63.22,-1.79,-4.93
2025-02-04 06:00:00-05:00,65.16,71.06,-0.0,-5.9
2025-02-04 07:00:00-05:00,59.3,71.55,-5.03,-7.22
2025-02-04 08:00:00-05:00,63.73,71.79,-0.45,-7.61
2025-02-04 09:00:00-05:00,59.0,71.33999999999999,-4.21,-8.13
2025-02-04 10:00:00-05:00,62.0,69.58,-0.0,-7.58
2025-02-04 11:00:00-05:00,55.0,61.66,-0.0,-6.66
2025-02-04 12:00:00-05:00,52.34,59.010000000000005,-0.0,-6.67
2025-02-04 13:00:00-05:00,55.0,61.45,-0.0,-6.45
2025-02-04 14:00:00-05:00,58.89,66.92,-0.0,-8.03
2025-02-04 15:00:00-05:00,61.84,69.48,-0.0,-7.64
2025-02-04 16:00:00-05:00,65.73,74.10000000000001,-0.0,-8.37
2025-02-04 17:00:00-05:00,82.28,88.41,2.09,-8.22
2025-02-04 18:00:00-05:00,84.85,91.07,1.89,-8.11
2025-02-04 19:00:00-05:00,80.2,88.42,-0.0,-8.22
2025-02-04 20:00:00-05:00,75.31,83.49000000000001,-0.0,-8.18
2025-02-04 21:00:00-05:00,65.68,72.02000000000001,-0.0,-6.34
2025-02-04 22:00:00-05:00,65.41,71.57,-0.0,-6.16
2025-02-04 23:00:00-05:00,65.79,71.36000000000001,-0.0,-5.57
2025-02-05 00:00:00-05:00,83.9,90.12,-0.0,-6.22
2025-02-05 01:00:00-05:00,86.33,94.14,-0.0,-7.81
2025-02-05 02:00:00-05:00,83.11,90.73,-0.0,-7.62
2025-02-05 03:00:00-05:00,84.01,91.12,-0.0,-7.11
2025-02-05 04:00:00-05:00,94.77,103.92,-0.0,-9.15
2025-02-05 05:00:00-05:00,107.1,119.13,-0.0,-12.03
2025-02-05 06:00:00-05:00,124.65,140.53,-0.0,-15.88
2025-02-05 07:00:00-05:00,147.45,166.79999999999998,-0.0,-19.35
2025-02-05 08:00:00-05:00,137.19,154.67,-0.0,-17.48
2025-02-05 09:00:00-05:00,121.22,135.9,-0.0,-14.68
2025-02-05 10:00:00-05:00,115.49,128.61,-0.0,-13.12
2025-02-05 11:00:00-05:00,103.0,115.47,-0.0,-12.47
2025-02-05 12:00:00-05:00,96.58,108.64,-0.0,-12.06
2025-02-05 13:00:00-05:00,98.6,110.29,-0.0,-11.69
2025-02-05 14:00:00-05:00,102.3,116.39,-0.0,-14.09
2025-02-05 15:00:00-05:00,112.38,127.42,-0.0,-15.04
2025-02-05 16:00:00-05:00,124.01,142.54000000000002,-0.0,-18.53
2025-02-05 17:00:00-05:00,151.36,175.0,-0.01,-23.63
2025-02-05 18:00:00-05:00,157.2,181.74999999999997,-0.01,-24.54
2025-02-05 19:00:00-05:00,138.96,160.67000000000002,-0.02,-21.69
2025-02-05 20:00:00-05:00,124.1,143.48,-0.01,-19.37
2025-02-05 21:00:00-05:00,96.53,132.0,-17.65,-17.82
2025-02-05 22:00:00-05:00,94.0,118.15,-8.68,-15.47
2025-02-05 23:00:00-05:00,90.0,110.7,-6.53,-14.17
2025-02-06 00:00:00-05:00,67.84,72.32000000000001,-0.0,-4.48
2025-02-06 01:00:00-05:00,67.46,72.61,-0.0,-5.15
2025-02-06 02:00:00-05:00,66.68,72.17,-0.0,-5.49
2025-02-06 03:00:00-05:00,66.97,72.24,-0.0,-5.27
2025-02-06 04:00:00-05:00,67.11,72.32,-0.0,-5.21
2025-02-06 05:00:00-05:00,67.26,72.24000000000001,-0.0,-4.98
2025-02-06 06:00:00-05:00,75.16,83.05,-0.0,-7.89
2025-02-06 07:00:00-05:00,116.94,140.14,-4.56,-18.64
2025-02-06 08:00:00-05:00,113.1,134.0,-2.81,-18.09
2025-02-06 09:00:00-05:00,90.05,98.57999999999998,2.9,-11.43
2025-02-06 10:00:00-05:00,96.38,107.72,2.88,-14.22
2025-02-06 11:00:00-05:00,94.22,105.07,2.91,-13.76
2025-02-06 12:00:00-05:00,80.36,87.35000000000001,4.02,-11.01
2025-02-06 13:00:00-05:00,72.34,72.97999999999999,7.68,-8.32
2025-02-06 14:00:00-05:00,69.19,72.91,4.81,-8.53
2025-02-06 15:00:00-05:00,68.13,74.36999999999999,2.98,-9.22
2025-02-06 16:00:00-05:00,65.27,72.52,2.97,-10.22
2025-02-06 17:00:00-05:00,67.46,72.80999999999999,4.26,-9.61
2025-02-06 18:00:00-05:00,67.05,72.72999999999999,3.92,-9.6
2025-02-06 19:00:00-05:00,62.37,72.50999999999999,0.01,-10.15
2025-02-06 20:00:00-05:00,62.48,72.43,0.19,-10.14
2025-02-06 21:00:00-05:00,61.6,71.14999999999999,-0.02,-9.53
2025-02-06 22:00:00-05:00,58.7,66.55,-0.0,-7.85
2025-02-06 23:00:00-05:00,55.75,62.29,-0.0,-6.54
2025-02-07 00:00:00-05:00,51.88,58.56,-0.0,-6.68
2025-02-07 01:00:00-05:00,48.71,53.82,-0.0,-5.11
2025-02-07 02:00:00-05:00,48.66,53.83,-0.0,-5.17
2025-02-07 03:00:00-05:00,48.72,53.48,-0.0,-4.76
2025-02-07 04:00:00-05:00,48.64,53.39,-0.0,-4.75
2025-02-07 05:00:00-05:00,50.71,55.06,-0.0,-4.35
2025-02-07 06:00:00-05:00,60.64,67.6,-0.0,-6.96
2025-02-07 07:00:00-05:00,63.59,72.43,-0.0,-8.84
2025-02-07 08:00:00-05:00,63.48,72.39,-0.0,-8.91
2025-02-07 09:00:00-05:00,55.7,64.41000000000001,-0.01,-8.7
2025-02-07 10:00:00-05:00,55.62,63.76,-0.04,-8.1
2025-02-07 11:00:00-05:00,54.1,61.63,-0.01,-7.52
2025-02-07 12:00:00-05:00,54.36,61.15,-0.0,-6.79
2025-02-07 13:00:00-05:00,53.5,60.32,-0.0,-6.82
2025-02-07 14:00:00-05:00,51.2,57.72,-0.0,-6.52
2025-02-07 15:00:00-05:00,56.62,64.05,-0.0,-7.43
2025-02-07 16:00:00-05:00,63.94,72.66,-0.0,-8.72
2025-02-07 17:00:00-05:00,67.44,73.34,1.88,-7.78
2025-02-07 18:00:00-05:00,68.39,73.35000000000001,3.33,-8.29
2025-02-07 19:00:00-05:00,65.5,72.96,1.59,-9.05
2025-02-07 20:00:00-05:00,64.98,72.96000000000001,0.78,-8.76
2025-02-07 21:00:00-05:00,64.45,72.66,-0.0,-8.21
2025-02-07 22:00:00-05:00,64.55,72.37,-0.0,-7.82
2025-02-07 23:00:00-05:00,66.99,72.66,-0.0,-5.67
2025-02-08 00:00:00-05:00,61.46,63.49,-0.0,-2.03
2025-02-08 01:00:00-05:00,58.43,60.99,-0.0,-2.56
2025-02-08 02:00:00-05:00,58.18,61.05,-0.0,-2.87
2025-02-08 03:00:00-05:00,62.42,65.43,-0.0,-3.01
2025-02-08 04:00:00-05:00,65.69,68.64,-0.0,-2.95
2025-02-08 05:00:00-05:00,67.51,70.10000000000001,-0.0,-2.59
2025-02-08 06:00:00-05:00,65.07,68.35,-0.0,-3.28
2025-02-08 07:00:00-05:00,66.2,71.11,-0.0,-4.91
2025-02-08 08:00:00-05:00,69.85,74.94999999999999,-0.0,-5.1
2025-02-08 09:00:00-05:00,70.22,75.42,-0.0,-5.2
2025-02-08 10:00:00-05:00,74.15,79.73,-0.0,-5.58
2025-02-08 11:00:00-05:00,72.19,77.53999999999999,-0.0,-5.35
2025-02-08 12:00:00-05:00,65.1,70.75999999999999,-0.0,-5.66
2025-02-08 13:00:00-05:00,55.99,60.86,-0.0,-4.87
2025-02-08 14:00:00-05:00,64.29,70.49000000000001,-0.0,-6.2
2025-02-08 15:00:00-05:00,70.63,77.02,-0.0,-6.39
2025-02-08 16:00:00-05:00,76.14,84.79,-0.0,-8.65
2025-02-08 17:00:00-05:00,82.03,91.55,-0.0,-9.52
2025-02-08 18:00:00-05:00,82.37,92.14,-0.0,-9.77
2025-02-08 19:00:00-05:00,69.95,78.25,-0.0,-8.3
2025-02-08 20:00:00-05:00,73.74,82.3,-0.0,-8.56
2025-02-08 21:00:00-05:00,65.14,71.9,-0.0,-6.76
2025-02-08 22:00:00-05:00,68.2,73.57000000000001,-0.0,-5.37
2025-02-08 23:00:00-05:00,68.31,72.44,-0.0,-4.13
2025-02-09 00:00:00-05:00,61.19,65.38,-0.0,-4.19
2025-02-09 01:00:00-05:00,59.92,64.85,-0.0,-4.93
2025-02-09 02:00:00-05:00,59.73,64.85,-0.0,-5.12
2025-02-09 03:00:00-05:00,59.8,64.64999999999999,-0.0,-4.85
2025-02-09 04:00:00-05:00,59.55,64.59,-0.0,-5.04
2025-02-09 05:00:00-05:00,60.19,64.72,-0.0,-4.53
2025-02-09 06:00:00-05:00,60.11,64.98,-0.0,-4.87
2025-02-09 07:00:00-05:00,58.23,64.85,-0.0,-6.62
2025-02-09 08:00:00-05:00,58.92,65.25,-0.0,-6.33
2025-02-09 09:00:00-05:00,62.2,67.39,-0.0,-5.19
2025-02-09 10:00:00-05:00,63.9,69.46,-0.0,-5.56
2025-02-09 11:00:00-05:00,59.96,65.53,-0.0,-5.57
2025-02-09 12:00:00-05:00,58.2,65.17,-0.0,-6.97
2025-02-09 13:00:00-05:00,58.6,65.11,-0.0,-6.51
2025-02-09 14:00:00-05:00,58.09,65.05,-0.0,-6.96
2025-02-09 15:00:00-05:00,61.53,67.39,-0.0,-5.86
2025-02-09 16:00:00-05:00,70.16,77.69,-0.0,-7.53
2025-02-09 17:00:00-05:00,80.17,88.68,-0.0,-8.51
2025-02-09 18:00:00-05:00,77.64,86.65,-0.0,-9.01
2025-02-09 19:00:00-05:00,73.74,81.57,-0.0,-7.83
2025-02-09 20:00:00-05:00,70.96,78.41,-0.0,-7.45
2025-02-09 21:00:00-05:00,67.25,73.26,-0.0,-6.01
2025-02-09 22:00:00-05:00,61.51,65.86,-0.0,-4.35
2025-02-09 23:00:00-05:00,60.54,65.24,-0.0,-4.7
2025-02-10 00:00:00-05:00,66.16,70.84,-0.0,-4.68
2025-02-10 01:00:00-05:00,65.05,70.47,-0.0,-5.42
2025-02-10 02:00:00-05:00,64.84,70.33,-0.0,-5.49
2025-02-10 03:00:00-05:00,65.33,70.55,-0.0,-5.22
2025-02-10 04:00:00-05:00,66.74,70.91999999999999,-0.0,-4.18
2025-02-10 05:00:00-05:00,74.26,79.59,-0.0,-5.33
2025-02-10 06:00:00-05:00,96.36,106.38,0.4,-10.42
2025-02-10 07:00:00-05:00,119.99,134.07,2.55,-16.63
2025-02-10 08:00:00-05:00,129.0,146.79999999999998,0.99,-18.79
2025-02-10 09:00:00-05:00,95.0,98.19,5.16,-8.35
2025-02-10 10:00:00-05:00,90.61,96.95,2.87,-9.21
2025-02-10 11:00:00-05:00,82.6,91.15,0.93,-9.48
2025-02-10 12:00:00-05:00,76.14,80.7,3.75,-8.31
2025-02-10 13:00:00-05:00,72.1,74.96999999999998,4.4,-7.27
2025-02-10 14:00:00-05:00,69.29,70.84,5.82,-7.37
2025-02-10 15:00:00-05:00,72.48,71.53,8.32,-7.37
2025-02-10 16:00:00-05:00,90.93,96.47,5.84,-11.38
2025-02-10 17:00:00-05:00,97.57,96.84,11.57,-10.84
2025-02-10 18:00:00-05:00,100.58,97.04,14.11,-10.57
2025-02-10 19:00:00-05:00,93.79,96.74,8.47,-11.42
2025-02-10 20:00:00-05:00,93.16,96.84,7.65,-11.33
2025-02-10 21:00:00-05:00,84.7,85.59,8.53,-9.42
2025-02-10 22:00:00-05:00,88.9,94.78000000000002,3.88,-9.76
2025-02-10 23:00:00-05:00,78.89,80.08,5.54,-6.73
2025-02-11 00:00:00-05:00,76.02,74.85,6.78,-5.61
2025-02-11 01:00:00-05:00,72.35,72.03,5.36,-5.04
2025-02-11 02:00:00-05:00,72.3,73.71000000000001,3.46,-4.87
2025-02-11 03:00:00-05:00,72.36,75.30000000000001,2.1,-5.04
2025-02-11 04:00:00-05:00,75.95,77.03,4.23,-5.31
2025-02-11 05:00:00-05:00,90.91,94.28,3.98,-7.35
2025-02-11 06:00:00-05:00,101.95,99.77,8.37,-6.19
2025-02-11 07:00:00-05:00,106.15,97.89,16.38,-8.12
2025-02-11 08:00:00-05:00,98.61,97.24,10.22,-8.85
2025-02-11 09:00:00-05:00,85.9,81.16000000000001,12.61,-7.87
2025-02-11 10:00:00-05:00,89.3,90.05999999999999,7.17,-7.93
2025-02-11 11:00:00-05:00,80.46,79.85,7.32,-6.71
2025-02-11 12:00:00-05:00,73.22,71.17999999999999,8.59,-6.55
2025-02-11 13:00:00-05:00,72.95,71.06,8.21,-6.32
2025-02-11 14:00:00-05:00,73.87,71.14,9.2,-6.47
2025-02-11 15:00:00-05:00,80.61,78.92,9.27,-7.58
2025-02-11 16:00:00-05:00,97.14,97.05,9.6,-9.51
2025-02-11 17:00:00-05:00,102.68,97.44,13.91,-8.67
2025-02-11 18:00:00-05:00,102.49,99.15,11.97,-8.63
2025-02-11 19:00:00-05:00,99.57,97.34,11.18,-8.95
2025-02-11 20:00:00-05:00,97.49,97.24,9.39,-9.14
2025-02-11 21:00:00-05:00,92.68,96.75,5.8,-9.87
2025-02-11 22:00:00-05:00,91.48,96.84,3.84,-9.2
2025-02-11 23:00:00-05:00,91.87,97.36,2.3,-7.79
2025-02-12 00:00:00-05:00,95.43,107.59,-0.0,-12.16
2025-02-12 01:00:00-05:00,88.88,99.98,-0.0,-11.1
2025-02-12 02:00:00-05:00,94.57,108.09,-0.01,-13.51
2025-02-12 03:00:00-05:00,99.01,113.17000000000002,-0.01,-14.15
2025-02-12 04:00:00-05:00,100.28,114.75,-0.01,-14.46
2025-02-12 05:00:00-05:00,104.44,119.23,-0.0,-14.79
2025-02-12 06:00:00-05:00,111.37,127.14,-0.0,-15.77
2025-02-12 07:00:00-05:00,105.55,121.88,-0.0,-16.33
2025-02-12 08:00:00-05:00,105.83,122.21,-0.01,-16.37
2025-02-12 09:00:00-05:00,105.45,137.82999999999998,-13.64,-18.74
2025-02-12 10:00:00-05:00,106.83,137.47,-11.81,-18.83
2025-02-12 11:00:00-05:00,103.19,138.92000000000002,-16.28,-19.45
2025-02-12 12:00:00-05:00,88.68,118.11,-13.02,-16.41
2025-02-12 13:00:00-05:00,85.8,99.55,-0.01,-13.74
2025-02-12 14:00:00-05:00,81.18,96.48,-1.89,-13.41
2025-02-12 15:00:00-05:00,84.0,121.86,-19.58,-18.28
2025-02-12 16:00:00-05:00,103.28,155.43,-27.91,-24.24
2025-02-12 17:00:00-05:00,105.0,173.72000000000003,-40.92,-27.8
2025-02-12 18:00:00-05:00,106.71,170.62,-38.14,-25.77
2025-02-12 19:00:00-05:00,97.74,148.6,-28.72,-22.14
2025-02-12 20:00:00-05:00,84.36,130.4,-26.22,-19.82
2025-02-12 21:00:00-05:00,70.56,99.95,-15.0,-14.39
2025-02-12 22:00:00-05:00,73.8,87.11,-1.9,-11.41
2025-02-12 23:00:00-05:00,73.47,83.4,-0.0,-9.93
2025-02-13 00:00:00-05:00,58.0,64.59,-0.0,-6.59
2025-02-13 01:00:00-05:00,49.0,51.31,2.0,-4.31
2025-02-13 02:00:00-05:00,46.49,47.27,3.14,-3.92
2025-02-13 03:00:00-05:00,47.59,49.0,2.66,-4.07
2025-02-13 04:00:00-05:00,47.61,51.86,-0.0,-4.25
2025-02-13 05:00:00-05:00,52.72,57.06,-0.0,-4.34
2025-02-13 06:00:00-05:00,63.37,70.57,-0.0,-7.2
2025-02-13 07:00:00-05:00,72.58,82.78999999999999,-0.02,-10.19
2025-02-13 08:00:00-05:00,74.1,85.04,-0.48,-10.46
2025-02-13 09:00:00-05:00,74.36,83.14,1.78,-10.56
2025-02-13 10:00:00-05:00,70.67,85.97,-4.64,-10.66
2025-02-13 11:00:00-05:00,70.73,78.71000000000001,1.47,-9.45
2025-02-13 12:00:00-05:00,60.21,66.14999999999999,1.73,-7.67
2025-02-13 13:00:00-05:00,54.8,60.22,0.9,-6.32
2025-02-13 14:00:00-05:00,51.2,56.120000000000005,0.97,-5.89
2025-02-13 15:00:00-05:00,52.87,58.459999999999994,0.49,-6.08
2025-02-13 16:00:00-05:00,54.43,59.37,0.82,-5.76
2025-02-13 17:00:00-05:00,62.5,70.16000000000001,-0.29,-7.37
2025-02-13 18:00:00-05:00,63.29,71.71,-0.89,-7.53
2025-02-13 19:00:00-05:00,49.99,56.77,-0.59,-6.19
2025-02-13 20:00:00-05:00,56.61,62.31,0.72,-6.42
2025-02-13 21:00:00-05:00,53.65,58.54,0.49,-5.38
2025-02-13 22:00:00-05:00,51.08,55.89,-0.0,-4.81
2025-02-13 23:00:00-05:00,49.2,52.02,0.77,-3.59
2025-02-14 00:00:00-05:00,54.78,60.4,-0.0,-5.62
2025-02-14 01:00:00-05:00,53.13,58.510000000000005,-0.0,-5.38
2025-02-14 02:00:00-05:00,53.11,59.21,-0.0,-6.1
2025-02-14 03:00:00-05:00,53.53,59.41,-0.0,-5.88
2025-02-14 04:00:00-05:00,54.38,60.22,-0.0,-5.84
2025-02-14 05:00:00-05:00,53.42,58.900000000000006,-0.0,-5.48
2025-02-14 06:00:00-05:00,57.67,62.75,-0.0,-5.08
2025-02-14 07:00:00-05:00,57.57,61.04,2.45,-5.92
2025-02-14 08:00:00-05:00,59.9,65.64999999999999,0.03,-5.78
2025-02-14 09:00:00-05:00,56.78,61.23,1.49,-5.94
2025-02-14 10:00:00-05:00,57.04,61.16,1.57,-5.69
2025-02-14 11:00:00-05:00,56.62,61.09,1.51,-5.98
2025-02-14 12:00:00-05:00,54.29,60.83,0.76,-7.3
2025-02-14 13:00:00-05:00,54.32,60.7,0.72,-7.1
2025-02-14 14:00:00-05:00,55.48,60.8,1.25,-6.57
2025-02-14 15:00:00-05:00,58.2,61.64,1.49,-4.93
2025-02-14 16:00:00-05:00,57.98,61.42999999999999,2.39,-5.84
2025-02-14 17:00:00-05:00,79.42,84.95,2.46,-7.99
2025-02-14 18:00:00-05:00,89.3,97.83,0.57,-9.1
2025-02-14 19:00:00-05:00,78.63,86.6,-0.0,-7.97
2025-02-14 20:00:00-05:00,75.9,83.41000000000001,-0.0,-7.51
2025-02-14 21:00:00-05:00,68.33,74.6,-0.0,-6.27
2025-02-14 22:00:00-05:00,63.21,69.01,-0.0,-5.8
2025-02-14 23:00:00-05:00,66.18,70.55000000000001,-0.0,-4.37
2025-02-15 00:00:00-05:00,76.15,81.62,-0.0,-5.47
2025-02-15 01:00:00-05:00,75.36,80.6,-0.0,-5.24
2025-02-15 02:00:00-05:00,69.39,74.21000000000001,-0.0,-4.82
2025-02-15 03:00:00-05:00,65.31,70.15,-0.0,-4.84
2025-02-15 04:00:00-05:00,66.0,70.97,-0.0,-4.97
2025-02-15 05:00:00-05:00,68.9,74.32000000000001,-0.0,-5.42
2025-02-15 06:00:00-05:00,64.24,70.28,-0.0,-6.04
2025-02-15 07:00:00-05:00,59.35,65.05,1.0,-6.7
2025-02-15 08:00:00-05:00,63.53,71.54,-0.0,-8.01
2025-02-15 09:00:00-05:00,71.36,77.26,2.91,-8.81
2025-02-15 10:00:00-05:00,80.13,85.97,3.88,-9.72
2025-02-15 11:00:00-05:00,80.06,82.31,6.64,-8.89
2025-02-15 12:00:00-05:00,78.77,82.14999999999999,5.9,-9.28
2025-02-15 13:00:00-05:00,76.97,79.81,6.18,-9.02
2025-02-15 14:00:00-05:00,75.4,74.12,9.43,-8.15
2025-02-15 15:00:00-05:00,64.42,62.489999999999995,9.06,-7.13
2025-02-15 16:00:00-05:00,70.23,65.71000000000001,11.75,-7.23
2025-02-15 17:00:00-05:00,74.21,72.63,8.48,-6.9
2025-02-15 18:00:00-05:00,74.57,68.97999999999999,12.28,-6.69
2025-02-15 19:00:00-05:00,67.68,61.66000000000001,11.75,-5.73
2025-02-15 20:00:00-05:00,72.34,70.0,9.2,-6.86
2025-02-15 21:00:00-05:00,55.17,55.85,5.69,-6.37
2025-02-15 22:00:00-05:00,59.17,55.84,9.25,-5.92
2025-02-15 23:00:00-05:00,61.17,55.96,9.63,-4.42
2025-02-16 00:00:00-05:00,64.0,63.82000000000001,4.52,-4.34
2025-02-16 01:00:00-05:00,60.16,60.989999999999995,3.56,-4.39
2025-02-16 02:00:00-05:00,60.96,60.92,4.48,-4.44
2025-02-16 03:00:00-05:00,60.45,60.92,3.97,-4.44
2025-02-16 04:00:00-05:00,60.29,60.85999999999999,4.18,-4.75
2025-02-16 05:00:00-05:00,59.66,60.87,3.6,-4.81
2025-02-16 06:00:00-05:00,59.84,60.73,4.94,-5.83
2025-02-16 07:00:00-05:00,58.85,60.65,4.51,-6.31
2025-02-16 08:00:00-05:00,81.31,93.26,-0.01,-11.94
2025-02-16 09:00:00-05:00,83.42,95.65,0.01,-12.24
2025-02-16 10:00:00-05:00,86.07,95.75,2.48,-12.16
2025-02-16 11:00:00-05:00,86.51,95.96,2.36,-11.81
2025-02-16 12:00:00-05:00,85.91,95.85,2.9,-12.84
2025-02-16 13:00:00-05:00,85.4,95.77,2.75,-13.12
2025-02-16 14:00:00-05:00,85.59,95.85,2.58,-12.84
2025-02-16 15:00:00-05:00,83.68,95.66,1.89,-13.87
2025-02-16 16:00:00-05:00,85.62,96.05,2.63,-13.06
2025-02-16 17:00:00-05:00,85.63,96.05,3.03,-13.45
2025-02-16 18:00:00-05:00,87.18,96.14,3.92,-12.88
2025-02-16 19:00:00-05:00,82.48,95.86,0.62,-14.0
2025-02-16 20:00:00-05:00,82.24,95.65,0.46,-13.87
2025-02-16 21:00:00-05:00,56.8,60.66,3.42,-7.28
2025-02-16 22:00:00-05:00,58.61,60.92,3.72,-6.03
2025-02-16 23:00:00-05:00,60.17,60.73,4.72,-5.28
2025-02-17 00:00:00-05:00,63.14,61.11,6.73,-4.7
2025-02-17 01:00:00-05:00,65.0,65.85000000000001,5.27,-6.12
2025-02-17 02:00:00-05:00,65.67,69.10000000000001,3.41,-6.84
2025-02-17 03:00:00-05:00,65.0,68.12,3.55,-6.67
2025-02-17 04:00:00-05:00,65.0,68.25,3.3,-6.55
2025-02-17 05:00:00-05:00,67.31,71.16,3.2,-7.05
2025-02-17 06:00:00-05:00,77.48,82.21000000000001,3.24,-7.97
2025-02-17 07:00:00-05:00,69.44,74.82,3.37,-8.75
2025-02-17 08:00:00-05:00,81.82,90.87,2.95,-12.0
2025-02-17 09:00:00-05:00,81.0,89.53,2.93,-11.46
2025-02-17 10:00:00-05:00,85.2,94.17,3.46,-12.43
2025-02-17 11:00:00-05:00,85.8,95.38,3.2,-12.78
2025-02-17 12:00:00-05:00,80.67,89.03999999999999,3.65,-12.02
2025-02-17 13:00:00-05:00,78.19,85.44,3.6,-10.85
2025-02-17 14:00:00-05:00,83.5,91.04,3.48,-11.02
2025-02-17 15:00:00-05:00,91.7,101.79,3.04,-13.13
2025-02-17 16:00:00-05:00,99.16,110.67,3.54,-15.05
2025-02-17 17:00:00-05:00,102.47,112.41,5.01,-14.95
2025-02-17 18:00:00-05:00,105.48,115.08,5.36,-14.96
2025-02-17 19:00:00-05:00,98.63,112.19,2.15,-15.71
2025-02-17 20:00:00-05:00,96.8,112.07,0.42,-15.69
2025-02-17 21:00:00-05:00,85.33,94.15,4.17,-12.99
2025-02-17 22:00:00-05:00,96.0,107.18,2.65,-13.83
2025-02-17 23:00:00-05:00,95.83,103.63,2.98,-10.78
2025-02-18 00:00:00-05:00,106.16,113.56,3.72,-11.12
2025-02-18 01:00:00-05:00,106.35,114.02,3.39,-11.06
2025-02-18 02:00:00-05:00,105.88,114.03,2.8,-10.95
2025-02-18 03:00:00-05:00,106.65,114.49,2.8,-10.64
2025-02-18 04:00:00-05:00,107.52,114.6,3.57,-10.65
2025-02-18 05:00:00-05:00,125.54,139.14,0.03,-13.63
2025-02-18 06:00:00-05:00,126.6,142.72,0.43,-16.55
2025-02-18 07:00:00-05:00,126.32,143.39,1.71,-18.78
2025-02-18 08:00:00-05:00,130.4,156.53,-5.63,-20.5
2025-02-18 09:00:00-05:00,114.86,132.2,0.11,-17.45
2025-02-18 10:00:00-05:00,107.66,122.08,1.57,-15.99
2025-02-18 11:00:00-05:00,111.73,126.84,1.0,-16.11
2025-02-18 12:00:00-05:00,99.48,114.38,0.31,-15.21
2025-02-18 13:00:00-05:00,98.79,111.96,1.72,-14.89
2025-02-18 14:00:00-05:00,98.93,111.85,1.62,-14.54
2025-02-18 15:00:00-05:00,102.97,116.2,1.53,-14.76
2025-02-18 16:00:00-05:00,132.71,150.86,0.41,-18.56
2025-02-18 17:00:00-05:00,167.21,191.33,-0.01,-24.11
2025-02-18 18:00:00-05:00,169.7,204.72,-9.22,-25.8
2025-02-18 19:00:00-05:00,148.1,187.9,-13.87,-25.93
2025-02-18 20:00:00-05:00,135.72,177.51999999999998,-16.95,-24.85
2025-02-18 21:00:00-05:00,121.97,138.37,2.0,-18.4
2025-02-18 22:00:00-05:00,131.2,148.57999999999998,-0.0,-17.38
2025-02-18 23:00:00-05:00,125.93,140.0,0.63,-14.7
2025-02-19 00:00:00-05:00,106.43,112.53000000000002,3.58,-9.68
2025-02-19 01:00:00-05:00,106.6,112.41,3.86,-9.67
2025-02-19 02:00:00-05:00,106.97,112.89,3.33,-9.25
2025-02-19 03:00:00-05:00,110.0,118.43,1.52,-9.95
2025-02-19 04:00:00-05:00,116.26,127.58,0.29,-11.61
2025-02-19 05:00:00-05:00,127.73,139.29,-0.0,-11.56
2025-02-19 06:00:00-05:00,134.14,148.39,-0.0,-14.25
2025-02-19 07:00:00-05:00,150.0,170.46,-0.0,-20.46
2025-02-19 08:00:00-05:00,150.09,171.15,-0.0,-21.06
2025-02-19 09:00:00-05:00,140.99,159.85000000000002,-0.0,-18.86
2025-02-19 10:00:00-05:00,134.38,153.06,-0.0,-18.68
2025-02-19 11:00:00-05:00,130.29,148.06,-0.0,-17.77
2025-02-19 12:00:00-05:00,127.66,145.24,-0.0,-17.58
2025-02-19 13:00:00-05:00,126.44,143.19,-0.0,-16.75
2025-02-19 14:00:00-05:00,126.23,143.61,-0.0,-17.38
2025-02-19 15:00:00-05:00,130.77,147.60000000000002,-0.0,-16.83
2025-02-19 16:00:00-05:00,140.38,157.2,-0.0,-16.82
2025-02-19 17:00:00-05:00,161.66,186.47,-0.01,-24.8
2025-02-19 18:00:00-05:00,172.72,198.54,-0.01,-25.81
2025-02-19 19:00:00-05:00,151.61,175.84000000000003,0.39,-24.62
2025-02-19 20:00:00-05:00,150.04,171.09,-0.0,-21.05
2025-02-19 21:00:00-05:00,135.7,152.47,-0.0,-16.77
2025-02-19 22:00:00-05:00,134.32,150.75,-0.0,-16.43
2025-02-19 23:00:00-05:00,136.8,150.82000000000002,-0.0,-14.02
2025-02-20 00:00:00-05:00,132.51,140.51,-0.0,-8.0
2025-02-20 01:00:00-05:00,124.52,131.21,0.53,-7.22
2025-02-20 02:00:00-05:00,114.06,117.0,2.44,-5.38
2025-02-20 03:00:00-05:00,126.31,132.95,-0.0,-6.64
2025-02-20 04:00:00-05:00,127.61,136.05,-0.0,-8.44
2025-02-20 05:00:00-05:00,136.41,143.44,-0.0,-7.03
2025-02-20 06:00:00-05:00,156.77,169.11,-0.0,-12.34
2025-02-20 07:00:00-05:00,172.51,191.88,-0.0,-19.37
2025-02-20 08:00:00-05:00,163.85,181.86,-0.0,-18.01
2025-02-20 09:00:00-05:00,146.7,160.86,-0.0,-14.16
2025-02-20 10:00:00-05:00,137.6,152.38,-0.0,-14.78
2025-02-20 11:00:00-05:00,131.19,146.57999999999998,-0.0,-15.39
2025-02-20 12:00:00-05:00,108.76,115.56000000000002,4.52,-11.32
2025-02-20 13:00:00-05:00,108.84,115.78,4.06,-11.0
2025-02-20 14:00:00-05:00,103.06,112.64,2.25,-11.83
2025-02-20 15:00:00-05:00,107.64,116.1,3.15,-11.61
2025-02-20 16:00:00-05:00,104.68,112.76,4.55,-12.63
2025-02-20 17:00:00-05:00,108.59,115.91,5.08,-12.4
2025-02-20 18:00:00-05:00,121.8,123.32,10.69,-12.21
2025-02-20 19:00:00-05:00,109.51,115.19,6.41,-12.09
2025-02-20 20:00:00-05:00,108.75,118.94,3.37,-13.56
2025-02-20 21:00:00-05:00,103.91,112.65,2.98,-11.72
2025-02-20 22:00:00-05:00,102.8,111.3,2.4,-10.9
2025-02-20 23:00:00-05:00,106.77,112.08,4.89,-10.2
2025-02-21 00:00:00-05:00,121.97,134.63,-0.0,-12.66
2025-02-21 01:00:00-05:00,116.08,127.0,-0.0,-10.92
2025-02-21 02:00:00-05:00,112.42,122.73,-0.0,-10.31
2025-02-21 03:00:00-05:00,113.27,123.39,-0.0,-10.12
2025-02-21 04:00:00-05:00,116.14,126.37,-0.0,-10.23
2025-02-21 05:00:00-05:00,123.91,135.72,-0.0,-11.81
2025-02-21 06:00:00-05:00,131.66,145.96,-0.0,-14.3
2025-02-21 07:00:00-05:00,132.32,148.98,1.52,-18.18
2025-02-21 08:00:00-05:00,120.87,133.81,1.51,-14.45
2025-02-21 09:00:00-05:00,104.73,113.76,2.23,-11.26
2025-02-21 10:00:00-05:00,99.9,109.14,1.67,-10.91
2025-02-21 11:00:00-05:00,96.84,105.44,1.52,-10.12
2025-02-21 12:00:00-05:00,89.31,94.18,3.7,-8.57
2025-02-21 13:00:00-05:00,79.03,80.28999999999999,5.81,-7.07
2025-02-21 14:00:00-05:00,74.42,74.0,7.23,-6.81
2025-02-21 15:00:00-05:00,86.96,90.18,5.26,-8.48
2025-02-21 16:00:00-05:00,89.75,96.43,3.25,-9.93
2025-02-21 17:00:00-05:00,98.83,106.36,3.96,-11.49
2025-02-21 18:00:00-05:00,97.92,102.7,5.39,-10.17
2025-02-21 19:00:00-05:00,94.02,99.91,4.3,-10.19
2025-02-21 20:00:00-05:00,103.51,113.39,2.14,-12.02
2025-02-21 21:00:00-05:00,102.2,111.69,1.34,-10.83
2025-02-21 22:00:00-05:00,108.78,119.58,0.2,-11.0
2025-02-21 23:00:00-05:00,118.77,130.51999999999998,-0.0,-11.75
2025-02-22 00:00:00-05:00,96.73,107.83,-0.0,-11.1
2025-02-22 01:00:00-05:00,96.99,107.65,-0.0,-10.66
2025-02-22 02:00:00-05:00,91.55,101.27,-0.0,-9.72
2025-02-22 03:00:00-05:00,89.21,98.79,-0.0,-9.58
2025-02-22 04:00:00-05:00,87.74,97.27,-0.0,-9.53
2025-02-22 05:00:00-05:00,87.31,96.91,-0.0,-9.6
2025-02-22 06:00:00-05:00,86.56,97.0,0.62,-11.06
2025-02-22 07:00:00-05:00,86.05,96.5,2.87,-13.32
2025-02-22 08:00:00-05:00,84.77,96.81,1.51,-13.55
2025-02-22 09:00:00-05:00,83.36,96.71,-0.0,-13.35
2025-02-22 10:00:00-05:00,74.31,85.8,-0.0,-11.49
2025-02-22 11:00:00-05:00,65.7,75.52000000000001,-0.0,-9.82
2025-02-22 12:00:00-05:00,61.41,70.66,-0.0,-9.25
2025-02-22 13:00:00-05:00,60.73,69.49,-0.0,-8.76
2025-02-22 14:00:00-05:00,60.0,68.18,-0.0,-8.18
2025-02-22 15:00:00-05:00,63.99,73.22,-0.0,-9.23
2025-02-22 16:00:00-05:00,74.95,87.25,-0.0,-12.3
2025-02-22 17:00:00-05:00,84.7,97.94,0.08,-13.32
2025-02-22 18:00:00-05:00,87.1,99.57,0.57,-13.04
2025-02-22 19:00:00-05:00,83.33,97.0,-0.0,-13.67
2025-02-22 20:00:00-05:00,82.9,96.5,-0.0,-13.6
2025-02-22 21:00:00-05:00,82.93,96.31,-0.0,-13.38
2025-02-22 22:00:00-05:00,78.03,88.27,-0.0,-10.24
2025-02-22 23:00:00-05:00,76.63,86.0,-0.0,-9.37
2025-02-23 00:00:00-05:00,74.03,82.34,-0.0,-8.31
2025-02-23 01:00:00-05:00,68.33,76.0,-0.0,-7.67
2025-02-23 02:00:00-05:00,65.51,71.91000000000001,-0.0,-6.4
2025-02-23 03:00:00-05:00,66.32,73.11999999999999,-0.0,-6.8
2025-02-23 04:00:00-05:00,70.66,78.42999999999999,-0.0,-7.77
2025-02-23 05:00:00-05:00,67.8,73.77,-0.0,-5.97
2025-02-23 06:00:00-05:00,74.59,82.42,-0.0,-7.83
2025-02-23 07:00:00-05:00,70.24,78.13,-0.0,-7.89
2025-02-23 08:00:00-05:00,62.25,69.32,-0.0,-7.07
2025-02-23 09:00:00-05:00,58.41,64.61,-0.0,-6.2
2025-02-23 10:00:00-05:00,56.45,62.510000000000005,-0.0,-6.06
2025-02-23 11:00:00-05:00,57.01,63.129999999999995,-0.0,-6.12
2025-02-23 12:00:00-05:00,58.74,64.91,-0.0,-6.17
2025-02-23 13:00:00-05:00,56.91,63.16,-0.0,-6.25
2025-02-23 14:00:00-05:00,57.25,63.4,-0.0,-6.15
2025-02-23 15:00:00-05:00,58.04,64.63,-0.0,-6.59
2025-02-23 16:00:00-05:00,70.86,79.8,-0.0,-8.94
2025-02-23 17:00:00-05:00,85.29,95.72,-0.0,-10.43
2025-02-23 18:00:00-05:00,96.57,109.24,-0.0,-12.67
2025-02-23 19:00:00-05:00,87.43,98.68,-0.0,-11.25
2025-02-23 20:00:00-05:00,84.14,93.59,-0.0,-9.45
2025-02-23 21:00:00-05:00,72.28,80.85,-0.0,-8.57
2025-02-23 22:00:00-05:00,69.21,75.88999999999999,-0.0,-6.68
2025-02-23 23:00:00-05:00,67.91,73.02,-0.0,-5.11
2025-02-24 00:00:00-05:00,60.79,67.92,-0.0,-7.13
2025-02-24 01:00:00-05:00,59.74,67.2,-0.0,-7.46
2025-02-24 02:00:00-05:00,58.06,64.87,-0.0,-6.81
2025-02-24 03:00:00-05:00,54.3,60.599999999999994,-0.0,-6.3
2025-02-24 04:00:00-05:00,57.76,64.82,-0.0,-7.06
2025-02-24 05:00:00-05:00,60.0,67.12,-0.0,-7.12
2025-02-24 06:00:00-05:00,68.63,78.44,-0.0,-9.81
2025-02-24 07:00:00-05:00,75.56,86.75,-0.0,-11.19
2025-02-24 08:00:00-05:00,60.29,69.14,-0.0,-8.85
2025-02-24 09:00:00-05:00,57.0,65.07,-0.0,-8.07
2025-02-24 10:00:00-05:00,53.0,60.71,-0.0,-7.71
2025-02-24 11:00:00-05:00,50.17,57.34,-0.0,-7.17
2025-02-24 12:00:00-05:00,49.46,56.27,-0.0,-6.81
2025-02-24 13:00:00-05:00,48.25,54.77,-0.0,-6.52
2025-02-24 14:00:00-05:00,49.22,56.0,-0.0,-6.78
2025-02-24 15:00:00-05:00,48.51,55.45,-0.01,-6.93
2025-02-24 16:00:00-05:00,55.0,64.06,-0.41,-8.65
2025-02-24 17:00:00-05:00,63.78,74.22,-0.5,-9.94
2025-02-24 18:00:00-05:00,70.37,85.82000000000001,-4.12,-11.33
2025-02-24 19:00:00-05:00,57.18,76.92999999999999,-9.44,-10.31
2025-02-24 20:00:00-05:00,60.22,70.67999999999999,-1.13,-9.33
2025-02-24 21:00:00-05:00,54.7,62.59,-0.0,-7.89
2025-02-24 22:00:00-05:00,50.11,56.18,-0.0,-6.07
2025-02-24 23:00:00-05:00,49.27,54.56,-0.0,-5.29
2025-02-25 00:00:00-05:00,44.29,48.83,-0.0,-4.54
2025-02-25 01:00:00-05:00,43.7,48.290000000000006,-0.0,-4.59
2025-02-25 02:00:00-05:00,42.1,46.31,-0.0,-4.21
2025-02-25 03:00:00-05:00,43.4,47.85,-0.0,-4.45
2025-02-25 04:00:00-05:00,44.94,49.489999999999995,-0.0,-4.55
2025-02-25 05:00:00-05:00,50.3,54.97,-0.0,-4.67
2025-02-25 06:00:00-05:00,64.97,71.71,-0.0,-6.74
2025-02-25 07:00:00-05:00,66.45,73.59,-0.0,-7.14
2025-02-25 08:00:00-05:00,60.5,67.22,-0.0,-6.72
2025-02-25 09:00:00-05:00,61.04,67.6,-0.0,-6.56
2025-02-25 10:00:00-05:00,57.78,63.22,-0.0,-5.44
2025-02-25 11:00:00-05:00,56.13,61.010000000000005,-0.0,-4.88
2025-02-25 12:00:00-05:00,55.11,59.96,-0.0,-4.85
2025-02-25 13:00:00-05:00,52.02,57.16,-0.0,-5.14
2025-02-25 14:00:00-05:00,51.91,57.169999999999995,-0.0,-5.26
2025-02-25 15:00:00-05:00,56.4,61.91,-0.0,-5.51
2025-02-25 16:00:00-05:00,60.26,67.17999999999999,-0.0,-6.92
2025-02-25 17:00:00-05:00,75.0,81.79,-0.0,-6.79
2025-02-25 18:00:00-05:00,78.51,85.15,-0.0,-6.64
2025-02-25 19:00:00-05:00,70.59,77.4,-0.0,-6.81
2025-02-25 20:00:00-05:00,62.68,69.03,-0.0,-6.35
2025-02-25 21:00:00-05:00,56.0,61.27,-0.0,-5.27
2025-02-25 22:00:00-05:00,52.86,57.71,-0.0,-4.85
2025-02-25 23:00:00-05:00,54.55,59.16,-0.0,-4.61
2025-02-26 00:00:00-05:00,39.94,43.989999999999995,-0.0,-4.05
2025-02-26 01:00:00-05:00,39.14,42.87,-0.0,-3.73
2025-02-26 02:00:00-05:00,37.15,40.6,-0.0,-3.45
2025-02-26 03:00:00-05:00,36.75,40.21,-0.0,-3.46
2025-02-26 04:00:00-05:00,38.37,41.93,-0.0,-3.56
2025-02-26 05:00:00-05:00,42.94,46.32,-0.0,-3.38
2025-02-26 06:00:00-05:00,52.1,57.0,-0.0,-4.9
2025-02-26 07:00:00-05:00,58.83,64.50999999999999,-0.0,-5.68
2025-02-26 08:00:00-05:00,49.16,53.209999999999994,-0.0,-4.05
2025-02-26 09:00:00-05:00,42.0,45.11,-0.0,-3.11
2025-02-26 10:00:00-05:00,39.42,42.34,-0.0,-2.92
2025-02-26 11:00:00-05:00,36.85,39.67,-0.0,-2.82
2025-02-26 12:00:00-05:00,36.78,39.55,-0.0,-2.77
2025-02-26 13:00:00-05:00,37.95,40.67,-0.0,-2.72
2025-02-26 14:00:00-05:00,38.11,41.07,-0.0,-2.96
2025-02-26 15:00:00-05:00,39.18,42.36,-0.0,-3.18
2025-02-26 16:00:00-05:00,44.47,48.92,-0.0,-4.45
2025-02-26 17:00:00-05:00,56.5,62.02,-0.0,-5.52
2025-02-26 18:00:00-05:00,67.42,74.09,-0.0,-6.67
2025-02-26 19:00:00-05:00,57.28,62.88,-0.0,-5.6
2025-02-26 20:00:00-05:00,50.36,55.65,-0.0,-5.29
2025-02-26 21:00:00-05:00,45.28,49.63,0.41,-4.76
2025-02-26 22:00:00-05:00,41.4,46.05,-0.41,-4.24
2025-02-26 23:00:00-05:00,40.0,43.48,-0.0,-3.48
2025-02-27 00:00:00-05:00,38.17,41.04,-0.0,-2.87
2025-02-27 01:00:00-05:00,36.6,39.44,-0.0,-2.84
2025-02-27 02:00:00-05:00,35.0,37.64,-0.0,-2.64
2025-02-27 03:00:00-05:00,35.28,37.61,-0.0,-2.33
2025-02-27 04:00:00-05:00,35.0,37.51,-0.0,-2.51
2025-02-27 05:00:00-05:00,37.6,40.39,-0.0,-2.79
2025-02-27 06:00:00-05:00,48.57,52.51,-0.0,-3.94
2025-02-27 07:00:00-05:00,49.87,53.77,0.19,-4.09
2025-02-27 08:00:00-05:00,44.78,49.15,-0.19,-4.18
2025-02-27 09:00:00-05:00,44.48,48.19,-0.0,-3.71
2025-02-27 10:00:00-05:00,45.33,49.27,-0.0,-3.94
2025-02-27 11:00:00-05:00,43.41,47.809999999999995,-0.0,-4.4
2025-02-27 12:00:00-05:00,42.22,46.6,-0.0,-4.38
2025-02-27 13:00:00-05:00,39.78,44.15,-0.0,-4.37
2025-02-27 14:00:00-05:00,38.87,43.43,-0.0,-4.56
2025-02-27 15:00:00-05:00,39.03,43.510000000000005,-0.0,-4.48
2025-02-27 16:00:00-05:00,41.72,46.82,-0.0,-5.1
2025-02-27 17:00:00-05:00,49.41,55.02,-0.0,-5.61
2025-02-27 18:00:00-05:00,54.26,59.96,-0.0,-5.7
2025-02-27 19:00:00-05:00,47.76,53.36,-0.0,-5.6
2025-02-27 20:00:00-05:00,42.9,47.46,-0.0,-4.56
2025-02-27 21:00:00-05:00,39.47,43.23,-0.0,-3.76
2025-02-27 22:00:00-05:00,35.67,39.2,-0.0,-3.53
2025-02-27 23:00:00-05:00,36.45,39.790000000000006,-0.0,-3.34
2025-02-28 00:00:00-05:00,35.86,38.85,-0.0,-2.99
2025-02-28 01:00:00-05:00,34.0,36.52,-0.0,-2.52
2025-02-28 02:00:00-05:00,33.51,35.96,-0.0,-2.45
2025-02-28 03:00:00-05:00,33.84,36.190000000000005,-0.0,-2.35
2025-02-28 04:00:00-05:00,35.0,37.27,-0.0,-2.27
2025-02-28 05:00:00-05:00,40.0,41.84,-0.0,-1.84
2025-02-28 06:00:00-05:00,49.56,52.78,-0.0,-3.22
2025-02-28 07:00:00-05:00,53.95,58.07,-0.0,-4.12
2025-02-28 08:00:00-05:00,44.25,47.33,-0.0,-3.08
2025-02-28 09:00:00-05:00,37.91,40.98,-0.0,-3.07
2025-02-28 10:00:00-05:00,36.77,38.95,-0.0,-2.18
2025-02-28 11:00:00-05:00,35.37,37.989999999999995,-0.0,-2.62
2025-02-28 12:00:00-05:00,34.21,36.86,-0.0,-2.65
2025-02-28 13:00:00-05:00,33.72,36.73,-0.0,-3.01
2025-02-28 14:00:00-05:00,33.9,36.81,-0.0,-2.91
2025-02-28 15:00:00-05:00,35.23,39.01,-0.0,-3.78
2025-02-28 16:00:00-05:00,39.87,44.8,-0.0,-4.93
2025-02-28 17:00:00-05:00,48.44,55.43,-0.0,-6.99
2025-02-28 18:00:00-05:00,51.92,59.41,-0.0,-7.49
2025-02-28 19:00:00-05:00,44.46,51.21,-0.04,-6.71
2025-02-28 20:00:00-05:00,42.77,49.330000000000005,-0.0,-6.56
2025-02-28 21:00:00-05:00,39.63,44.93,-0.0,-5.3
2025-02-28 22:00:00-05:00,36.54,41.1,-0.0,-4.56
2025-02-28 23:00:00-05:00,36.04,40.04,-0.0,-4.0
2025-03-01 00:00:00-05:00,38.22,40.92,-0.0,-2.7
2025-03-01 01:00:00-05:00,36.91,39.43,-0.0,-2.52
2025-03-01 02:00:00-05:00,36.13,38.6,-0.0,-2.47
2025-03-01 03:00:00-05:00,35.32,37.74,-0.0,-2.42
2025-03-01 04:00:00-05:00,36.11,38.46,-0.0,-2.35
2025-03-01 05:00:00-05:00,36.42,38.66,-0.0,-2.24
2025-03-01 06:00:00-05:00,39.0,42.39,-0.0,-3.39
2025-03-01 07:00:00-05:00,40.3,43.95,-0.0,-3.65
2025-03-01 08:00:00-05:00,38.43,42.23,-0.0,-3.8
2025-03-01 09:00:00-05:00,36.16,39.739999999999995,-0.0,-3.58
2025-03-01 10:00:00-05:00,39.39,43.72,-0.0,-4.33
2025-03-01 11:00:00-05:00,40.18,44.54,-0.0,-4.36
2025-03-01 12:00:00-05:00,39.03,43.27,-0.0,-4.24
2025-03-01 13:00:00-05:00,38.73,42.84,-0.0,-4.11
2025-03-01 14:00:00-05:00,39.28,43.64,-0.0,-4.36
2025-03-01 15:00:00-05:00,42.09,46.82000000000001,-0.0,-4.73
2025-03-01 16:00:00-05:00,47.9,54.0,-0.0,-6.1
2025-03-01 17:00:00-05:00,57.22,64.95,-0.0,-7.73
2025-03-01 18:00:00-05:00,68.81,77.84,-0.0,-9.03
2025-03-01 19:00:00-05:00,65.64,74.85,-0.0,-9.21
2025-03-01 20:00:00-05:00,61.55,70.19,-0.0,-8.64
2025-03-01 21:00:00-05:00,57.9,65.2,-0.0,-7.3
2025-03-01 22:00:00-05:00,54.67,60.88,-0.0,-6.21
2025-03-01 23:00:00-05:00,52.92,57.400000000000006,-0.0,-4.48
2025-03-02 00:00:00-05:00,54.46,58.370000000000005,-0.0,-3.91
2025-03-02 01:00:00-05:00,52.2,55.95,-0.0,-3.75
2025-03-02 02:00:00-05:00,52.11,55.79,-0.0,-3.68
2025-03-02 03:00:00-05:00,54.19,58.08,-0.0,-3.89
2025-03-02 04:00:00-05:00,55.05,59.129999999999995,-0.0,-4.08
2025-03-02 05:00:00-05:00,56.77,60.650000000000006,-0.0,-3.88
2025-03-02 06:00:00-05:00,60.17,65.62,-0.0,-5.45
2025-03-02 07:00:00-05:00,62.73,69.39,-0.0,-6.66
2025-03-02 08:00:00-05:00,58.31,64.15,-0.0,-5.84
2025-03-02 09:00:00-05:00,54.66,54.05,6.12,-5.51
2025-03-02 10:00:00-05:00,55.59,69.49000000000001,-6.12,-7.78
2025-03-02 11:00:00-05:00,56.89,64.28,-0.0,-7.39
2025-03-02 12:00:00-05:00,55.75,62.78,-0.0,-7.03
2025-03-02 13:00:00-05:00,55.5,62.85,-0.0,-7.35
2025-03-02 14:00:00-05:00,56.42,64.7,-0.0,-8.28
2025-03-02 15:00:00-05:00,65.4,75.26,-0.0,-9.86
2025-03-02 16:00:00-05:00,74.14,86.11,-0.0,-11.97
2025-03-02 17:00:00-05:00,88.81,99.23,-0.0,-10.42
2025-03-02 18:00:00-05:00,107.98,120.79,-0.0,-12.81
2025-03-02 19:00:00-05:00,88.81,99.67,-0.0,-10.86
2025-03-02 20:00:00-05:00,85.13,97.52,-0.0,-12.39
2025-03-02 21:00:00-05:00,84.47,96.87,-0.0,-12.4
2025-03-02 22:00:00-05:00,79.69,90.35,-0.0,-10.66
2025-03-02 23:00:00-05:00,76.84,85.76,-0.0,-8.92
2025-03-03 00:00:00-05:00,73.32,81.19,-0.0,-7.87
2025-03-03 01:00:00-05:00,67.85,76.14999999999999,-0.0,-8.3
2025-03-03 02:00:00-05:00,65.2,73.17,-0.0,-7.97
2025-03-03 03:00:00-05:00,64.62,72.61,-0.0,-7.99
2025-03-03 04:00:00-05:00,70.18,77.55000000000001,-0.0,-7.37
2025-03-03 05:00:00-05:00,78.75,84.19,1.8,-7.24
2025-03-03 06:00:00-05:00,105.1,116.7,-1.8,-9.8
2025-03-03 07:00:00-05:00,118.95,131.3,-0.0,-12.35
2025-03-03 08:00:00-05:00,90.41,99.14,-0.0,-8.73
2025-03-03 09:00:00-05:00,68.93,78.37,-1.99,-7.45
2025-03-03 10:00:00-05:00,64.98,73.22,-1.28,-6.96
2025-03-03 11:00:00-05:00,58.82,67.17,-2.03,-6.32
2025-03-03 12:00:00-05:00,54.27,64.31,-3.42,-6.62
2025-03-03 13:00:00-05:00,54.21,62.99,-2.29,-6.49
2025-03-03 14:00:00-05:00,53.82,63.25,-2.6,-6.83
2025-03-03 15:00:00-05:00,60.4,68.15,-0.39,-7.36
2025-03-03 16:00:00-05:00,71.43,80.80000000000001,-0.0,-9.37
2025-03-03 17:00:00-05:00,94.06,105.09,-0.0,-11.03
2025-03-03 18:00:00-05:00,107.64,118.54,-0.0,-10.9
2025-03-03 19:00:00-05:00,89.39,98.88,-0.0,-9.49
2025-03-03 20:00:00-05:00,75.22,92.06,-7.26,-9.58
2025-03-03 21:00:00-05:00,63.9,81.83000000000001,-8.68,-9.25
2025-03-03 22:00:00-05:00,58.26,76.61,-10.31,-8.04
2025-03-03 23:00:00-05:00,63.6,70.74,-0.0,-7.14
2025-03-04 00:00:00-05:00,52.95,61.81,-3.24,-5.62
2025-03-04 01:00:00-05:00,51.88,62.95,-5.28,-5.79
2025-03-04 02:00:00-05:00,50.41,60.55,-4.57,-5.57
2025-03-04 03:00:00-05:00,49.7,59.61,-4.72,-5.19
2025-03-04 04:00:00-05:00,50.67,60.14,-4.18,-5.29
2025-03-04 05:00:00-05:00,54.32,58.54,-0.0,-4.22
2025-03-04 06:00:00-05:00,75.84,86.36,-4.56,-5.96
2025-03-04 07:00:00-05:00,69.2,86.61999999999999,-10.49,-6.93
2025-03-04 08:00:00-05:00,58.31,72.82,-7.66,-6.85
2025-03-04 09:00:00-05:00,53.26,68.6,-8.55,-6.79
2025-03-04 10:00:00-05:00,47.25,51.3,-0.0,-4.05
2025-03-04 11:00:00-05:00,45.79,49.18,-0.0,-3.39
2025-03-04 12:00:00-05:00,44.4,47.64,-0.0,-3.24
2025-03-04 13:00:00-05:00,43.46,46.63,-0.0,-3.17
2025-03-04 14:00:00-05:00,43.66,47.0,-0.0,-3.34
2025-03-04 15:00:00-05:00,45.67,49.59,-0.0,-3.92
2025-03-04 16:00:00-05:00,50.25,55.4,-0.0,-5.15
2025-03-04 17:00:00-05:00,61.41,67.7,-0.0,-6.29
2025-03-04 18:00:00-05:00,70.46,77.42999999999999,-0.0,-6.97
2025-03-04 19:00:00-05:00,62.29,68.15,-0.0,-5.86
2025-03-04 20:00:00-05:00,56.36,61.0,-0.0,-4.64
2025-03-04 21:00:00-05:00,50.88,55.010000000000005,-0.0,-4.13
2025-03-04 22:00:00-05:00,46.08,49.55,-0.0,-3.47
2025-03-04 23:00:00-05:00,43.59,46.57,-0.0,-2.98
2025-03-05 00:00:00-05:00,35.48,38.4,-0.0,-2.92
2025-03-05 01:00:00-05:00,35.18,37.79,-0.0,-2.61
2025-03-05 02:00:00-05:00,33.66,36.23,-0.0,-2.57
2025-03-05 03:00:00-05:00,33.06,35.78,-0.0,-2.72
2025-03-05 04:00:00-05:00,33.08,35.92,-0.0,-2.84
2025-03-05 05:00:00-05:00,35.24,37.690000000000005,-0.0,-2.45
2025-03-05 06:00:00-05:00,41.1,44.82,-0.0,-3.72
2025-03-05 07:00:00-05:00,43.14,47.25,-0.0,-4.11
2025-03-05 08:00:00-05:00,43.81,47.83,-0.0,-4.02
2025-03-05 09:00:00-05:00,43.45,47.8,-0.0,-4.35
2025-03-05 10:00:00-05:00,43.93,48.01,-0.0,-4.08
2025-03-05 11:00:00-05:00,42.03,46.19,-0.0,-4.16
2025-03-05 12:00:00-05:00,39.74,43.86,-0.0,-4.12
2025-03-05 13:00:00-05:00,39.67,43.16,-0.0,-3.49
2025-03-05 14:00:00-05:00,38.88,42.080000000000005,-0.0,-3.2
2025-03-05 15:00:00-05:00,39.2,42.84,-0.0,-3.64
2025-03-05 16:00:00-05:00,41.09,44.96,-0.0,-3.87
2025-03-05 17:00:00-05:00,46.59,51.43000000000001,-0.0,-4.84
2025-03-05 18:00:00-05:00,50.99,55.3,-0.0,-4.31
2025-03-05 19:00:00-05:00,45.4,49.3,-0.0,-3.9
2025-03-05 20:00:00-05:00,41.12,44.55,-0.0,-3.43
2025-03-05 21:00:00-05:00,37.14,39.59,-0.0,-2.45
2025-03-05 22:00:00-05:00,35.44,37.82,-0.0,-2.38
2025-03-05 23:00:00-05:00,35.18,37.19,-0.0,-2.01
2025-03-06 00:00:00-05:00,38.34,40.53,-0.0,-2.19
2025-03-06 01:00:00-05:00,36.67,39.22,-0.0,-2.55
2025-03-06 02:00:00-05:00,34.02,36.540000000000006,-0.0,-2.52
2025-03-06 03:00:00-05:00,32.19,34.47,-0.0,-2.28
2025-03-06 04:00:00-05:00,34.63,36.92,-0.0,-2.29
2025-03-06 05:00:00-05:00,37.98,40.19,-0.0,-2.21
2025-03-06 06:00:00-05:00,41.78,44.17,-0.0,-2.39
2025-03-06 07:00:00-05:00,43.76,47.16,-0.0,-3.4
2025-03-06 08:00:00-05:00,40.93,44.15,-0.0,-3.22
2025-03-06 09:00:00-05:00,38.29,41.26,-0.0,-2.97
2025-03-06 10:00:00-05:00,38.34,41.23,-0.0,-2.89
2025-03-06 11:00:00-05:00,36.78,39.63,-0.0,-2.85
2025-03-06 12:00:00-05:00,35.66,38.8,-0.0,-3.14
2025-03-06 13:00:00-05:00,36.52,39.43000000000001,-0.03,-2.88
2025-03-06 14:00:00-05:00,35.97,38.76,-0.0,-2.79
2025-03-06 15:00:00-05:00,37.71,40.99,-0.0,-3.28
2025-03-06 16:00:00-05:00,40.09,43.720000000000006,-0.0,-3.63
2025-03-06 17:00:00-05:00,47.4,52.35,-0.03,-4.92
2025-03-06 18:00:00-05:00,54.26,60.12,-0.03,-5.83
2025-03-06 19:00:00-05:00,47.7,52.29,-0.04,-4.55
2025-03-06 20:00:00-05:00,45.76,49.72,-0.03,-3.93
2025-03-06 21:00:00-05:00,42.42,45.81,-0.0,-3.39
2025-03-06 22:00:00-05:00,39.61,42.73,-0.0,-3.12
2025-03-06 23:00:00-05:00,39.46,41.49,-0.0,-2.03
2025-03-07 00:00:00-05:00,40.84,43.68000000000001,-0.0,-2.84
2025-03-07 01:00:00-05:00,38.22,40.83,-0.0,-2.61
2025-03-07 02:00:00-05:00,38.25,41.08,-0.0,-2.83
2025-03-07 03:00:00-05:00,38.27,41.11,-0.0,-2.84
2025-03-07 04:00:00-05:00,39.47,42.35,-0.0,-2.88
2025-03-07 05:00:00-05:00,43.94,46.8,-0.0,-2.86
2025-03-07 06:00:00-05:00,57.86,62.01,-0.0,-4.15
2025-03-07 07:00:00-05:00,57.94,63.599999999999994,-0.0,-5.66
2025-03-07 08:00:00-05:00,48.09,52.38,-0.0,-4.29
2025-03-07 09:00:00-05:00,39.43,42.95,-0.0,-3.52
2025-03-07 10:00:00-05:00,37.83,41.08,-0.0,-3.25
2025-03-07 11:00:00-05:00,35.07,37.96,-0.0,-2.89
2025-03-07 12:00:00-05:00,35.0,37.67,-0.0,-2.67
2025-03-07 13:00:00-05:00,34.66,37.27,-0.0,-2.61
2025-03-07 14:00:00-05:00,34.68,37.33,-0.0,-2.65
2025-03-07 15:00:00-05:00,37.48,40.129999999999995,-0.0,-2.65
2025-03-07 16:00:00-05:00,43.02,46.81,-0.0,-3.79
2025-03-07 17:00:00-05:00,55.16,60.75,-0.0,-5.59
2025-03-07 18:00:00-05:00,63.67,69.81,-0.0,-6.14
2025-03-07 19:00:00-05:00,58.0,63.46,-0.0,-5.46
2025-03-07 20:00:00-05:00,52.77,57.23,-0.0,-4.46
2025-03-07 21:00:00-05:00,48.36,52.11,-0.0,-3.75
2025-03-07 22:00:00-05:00,44.74,47.5,-0.0,-2.76
2025-03-07 23:00:00-05:00,43.88,45.470000000000006,-0.0,-1.59
2025-03-08 00:00:00-05:00,41.7,45.620000000000005,-0.0,-3.92
2025-03-08 01:00:00-05:00,39.92,43.49,-0.0,-3.57
2025-03-08 02:00:00-05:00,37.23,40.779999999999994,-0.0,-3.55
2025-03-08 03:00:00-05:00,36.87,40.47,-0.0,-3.6
2025-03-08 04:00:00-05:00,37.13,40.67,-0.0,-3.54
2025-03-08 05:00:00-05:00,39.83,43.43,-0.0,-3.6
2025-03-08 06:00:00-05:00,44.17,48.11,-0.0,-3.94
2025-03-08 07:00:00-05:00,43.43,48.47,-0.0,-5.04
2025-03-08 08:00:00-05:00,39.37,43.36,-0.0,-3.99
2025-03-08 09:00:00-05:00,35.08,38.3,-0.0,-3.22
2025-03-08 10:00:00-05:00,34.25,37.19,-0.0,-2.94
2025-03-08 11:00:00-05:00,33.33,36.35,-0.0,-3.02
2025-03-08 12:00:00-05:00,31.35,34.410000000000004,-0.0,-3.06
2025-03-08 13:00:00-05:00,30.18,33.24,-0.0,-3.06
2025-03-08 14:00:00-05:00,30.66,33.84,-0.0,-3.18
2025-03-08 15:00:00-05:00,34.21,37.43,-0.0,-3.22
2025-03-08 16:00:00-05:00,37.45,41.7,-0.0,-4.25
2025-03-08 17:00:00-05:00,47.28,50.28,2.13,-5.13
2025-03-08 18:00:00-05:00,53.66,62.33,-2.13,-6.54
2025-03-08 19:00:00-05:00,51.59,58.03,-0.0,-6.44
2025-03-08 20:00:00-05:00,46.28,51.82,-0.0,-5.54
2025-03-08 21:00:00-05:00,44.46,49.79,-0.0,-5.33
2025-03-08 22:00:00-05:00,41.4,45.75,-0.0,-4.35
2025-03-08 23:00:00-05:00,41.08,44.8,-0.0,-3.72
2025-03-09 00:00:00-05:00,50.66,54.47,-0.0,-3.81
2025-03-09 01:00:00-05:00,49.4,50.129999999999995,1.88,-2.61
2025-03-09 03:00:00-04:00,42.76,48.21,-1.88,-3.57
2025-03-09 04:00:00-04:00,43.44,46.66,-0.0,-3.22
2025-03-09 05:00:00-04:00,44.44,47.68,-0.0,-3.24
2025-03-09 06:00:00-04:00,49.72,54.64,-0.0,-4.92
2025-03-09 07:00:00-04:00,46.33,51.82,-0.0,-5.49
2025-03-09 08:00:00-04:00,43.63,48.370000000000005,-0.0,-4.74
2025-03-09 09:00:00-04:00,40.44,44.05,-0.0,-3.61
2025-03-09 10:00:00-04:00,37.21,40.49,-0.0,-3.28
2025-03-09 11:00:00-04:00,36.79,40.08,-0.0,-3.29
2025-03-09 12:00:00-04:00,36.37,39.709999999999994,-0.0,-3.34
2025-03-09 13:00:00-04:00,34.96,38.17,-0.0,-3.21
2025-03-09 14:00:00-04:00,34.27,37.66,-0.0,-3.39
2025-03-09 15:00:00-04:00,33.82,37.08,-0.0,-3.26
2025-03-09 16:00:00-04:00,36.27,40.120000000000005,-0.0,-3.85
2025-03-09 17:00:00-04:00,43.38,48.52,-0.0,-5.14
2025-03-09 18:00:00-04:00,56.02,61.89,0.82,-6.69
2025-03-09 19:00:00-04:00,60.59,69.31,-0.82,-7.9
2025-03-09 20:00:00-04:00,55.0,61.87,-0.0,-6.87
2025-03-09 21:00:00-04:00,47.63,54.13,-0.0,-6.5
2025-03-09 22:00:00-04:00,44.45,49.61,-0.0,-5.16
2025-03-09 23:00:00-04:00,43.98,47.7,-0.0,-3.72
2025-03-10 00:00:00-04:00,39.4,43.3,-0.0,-3.9
2025-03-10 01:00:00-04:00,37.1,40.41,-0.0,-3.31
2025-03-10 02:00:00-04:00,35.98,39.11,-0.0,-3.13
2025-03-10 03:00:00-04:00,35.81,38.96,-0.0,-3.15
2025-03-10 04:00:00-04:00,38.36,41.61,-0.0,-3.25
2025-03-10 05:00:00-04:00,43.76,47.309999999999995,-0.0,-3.55
2025-03-10 06:00:00-04:00,58.5,62.38,0.61,-4.49
2025-03-10 07:00:00-04:00,66.21,73.99999999999999,-0.61,-7.18
2025-03-10 08:00:00-04:00,53.67,59.4,-0.68,-5.05
2025-03-10 09:00:00-04:00,41.37,45.01,0.68,-4.32
2025-03-10 10:00:00-04:00,38.09,41.99,-0.0,-3.9
2025-03-10 11:00:00-04:00,35.37,39.169999999999995,-0.0,-3.8
2025-03-10 12:00:00-04:00,33.58,37.15,-0.0,-3.57
2025-03-10 13:00:00-04:00,32.43,35.87,-0.0,-3.44
2025-03-10 14:00:00-04:00,32.04,35.44,-0.0,-3.4
2025-03-10 15:00:00-04:00,33.14,36.5,-0.0,-3.36
2025-03-10 16:00:00-04:00,36.11,39.68,-0.0,-3.57
2025-03-10 17:00:00-04:00,46.35,50.14,1.17,-4.96
2025-03-10 18:00:00-04:00,60.88,67.91,-0.44,-6.59
2025-03-10 19:00:00-04:00,66.29,74.98,-0.74,-7.95
2025-03-10 20:00:00-04:00,57.69,64.17,-0.0,-6.48
2025-03-10 21:00:00-04:00,48.05,53.87,-0.0,-5.82
2025-03-10 22:00:00-04:00,41.97,46.67,-0.13,-4.57
2025-03-10 23:00:00-04:00,38.54,41.84,0.13,-3.43
2025-03-11 00:00:00-04:00,33.6,37.96,-0.0,-4.36
2025-03-11 01:00:00-04:00,32.62,36.57,-0.0,-3.95
2025-03-11 02:00:00-04:00,30.37,34.050000000000004,-0.0,-3.68
2025-03-11 03:00:00-04:00,28.27,31.76,-0.0,-3.49
2025-03-11 04:00:00-04:00,29.78,33.24,-0.0,-3.46
2025-03-11 05:00:00-04:00,33.52,37.330000000000005,-0.0,-3.81
2025-03-11 06:00:00-04:00,46.81,52.89,-0.0,-6.08
2025-03-11 07:00:00-04:00,51.53,69.61,-9.45,-8.63
2025-03-11 08:00:00-04:00,39.0,51.46,-7.26,-5.2
2025-03-11 09:00:00-04:00,29.16,38.77,-5.65,-3.96
2025-03-11 10:00:00-04:00,25.46,33.39,-4.76,-3.17
2025-03-11 11:00:00-04:00,21.81,24.06,-0.01,-2.24
2025-03-11 12:00:00-04:00,20.47,21.959999999999997,0.64,-2.13
2025-03-11 13:00:00-04:00,20.05,21.610000000000003,0.58,-2.14
2025-03-11 14:00:00-04:00,20.05,21.59,0.6,-2.14
2025-03-11 15:00:00-04:00,20.86,22.18,0.74,-2.06
2025-03-11 16:00:00-04:00,23.7,25.42,0.85,-2.57
2025-03-11 17:00:00-04:00,34.32,38.66,0.07,-4.41
2025-03-11 18:00:00-04:00,46.95,53.11,-0.0,-6.16
2025-03-11 19:00:00-04:00,58.34,65.4,-0.0,-7.06
2025-03-11 20:00:00-04:00,53.85,60.3,-0.0,-6.45
2025-03-11 21:00:00-04:00,43.24,48.260000000000005,-0.0,-5.02
2025-03-11 22:00:00-04:00,39.05,42.68,-0.0,-3.63
2025-03-11 23:00:00-04:00,36.64,39.48,-0.0,-2.84
2025-03-12 00:00:00-04:00,36.47,38.03,-0.0,-1.56
2025-03-12 01:00:00-04:00,35.31,36.900000000000006,-0.0,-1.59
2025-03-12 02:00:00-04:00,34.05,35.25,-0.0,-1.2
2025-03-12 03:00:00-04:00,33.81,35.150000000000006,-0.0,-1.34
2025-03-12 04:00:00-04:00,35.14,36.42,-0.0,-1.28
2025-03-12 05:00:00-04:00,42.18,43.71,-0.0,-1.53
2025-03-12 06:00:00-04:00,59.59,63.10000000000001,1.03,-4.54
2025-03-12 07:00:00-04:00,70.04,78.27000000000001,-1.03,-7.2
2025-03-12 08:00:00-04:00,54.97,62.75,-2.38,-5.4
2025-03-12 09:00:00-04:00,40.59,41.36,2.38,-3.15
2025-03-12 10:00:00-04:00,38.17,41.13,-0.0,-2.96
2025-03-12 11:00:00-04:00,35.61,38.46,-0.0,-2.85
2025-03-12 12:00:00-04:00,33.43,36.14,-0.0,-2.71
2025-03-12 13:00:00-04:00,33.18,35.75,-0.0,-2.57
2025-03-12 14:00:00-04:00,32.26,34.989999999999995,-0.0,-2.73
2025-03-12 15:00:00-04:00,35.35,38.260000000000005,-0.0,-2.91
2025-03-12 16:00:00-04:00,40.94,44.5,-0.0,-3.56
2025-03-12 17:00:00-04:00,47.83,52.27,-0.0,-4.44
2025-03-12 18:00:00-04:00,61.3,66.34,-0.0,-5.04
2025-03-12 19:00:00-04:00,65.42,72.13,-0.0,-6.71
2025-03-12 20:00:00-04:00,57.03,63.22,-0.0,-6.19
2025-03-12 21:00:00-04:00,47.98,52.489999999999995,-0.0,-4.51
2025-03-12 22:00:00-04:00,41.98,45.629999999999995,-0.0,-3.65
2025-03-12 23:00:00-04:00,39.91,42.41,-0.0,-2.5
2025-03-13 00:00:00-04:00,41.5,44.24,-0.0,-2.74
2025-03-13 01:00:00-04:00,38.76,41.23,-0.0,-2.47
2025-03-13 02:00:00-04:00,36.49,38.78,-0.0,-2.29
2025-03-13 03:00:00-04:00,36.36,38.56,-0.0,-2.2
2025-03-13 04:00:00-04:00,36.76,38.86,-0.0,-2.1
2025-03-13 05:00:00-04:00,42.51,45.08,-0.0,-2.57
2025-03-13 06:00:00-04:00,54.86,58.24,-0.0,-3.38
2025-03-13 07:00:00-04:00,74.0,80.52,-0.0,-6.52
2025-03-13 08:00:00-04:00,59.37,64.6,-0.0,-5.23
2025-03-13 09:00:00-04:00,45.94,50.32,-0.0,-4.38
2025-03-13 10:00:00-04:00,43.32,46.89,-0.0,-3.57
2025-03-13 11:00:00-04:00,38.68,41.86,-0.0,-3.18
2025-03-13 12:00:00-04:00,36.65,40.01,-0.0,-3.36
2025-03-13 13:00:00-04:00,35.12,38.379999999999995,-0.0,-3.26
2025-03-13 14:00:00-04:00,34.37,37.65,-0.0,-3.28
2025-03-13 15:00:00-04:00,35.51,38.849999999999994,-0.0,-3.34
2025-03-13 16:00:00-04:00,39.92,44.010000000000005,-0.0,-4.09
2025-03-13 17:00:00-04:00,47.23,52.529999999999994,-0.0,-5.3
2025-03-13 18:00:00-04:00,57.64,63.97,-0.0,-6.33
2025-03-13 19:00:00-04:00,67.68,76.30000000000001,-0.0,-8.62
2025-03-13 20:00:00-04:00,56.34,62.05,-0.0,-5.71
2025-03-13 21:00:00-04:00,46.96,51.44,-0.0,-4.48
2025-03-13 22:00:00-04:00,41.22,44.76,-0.0,-3.54
2025-03-13 23:00:00-04:00,38.18,40.97,-0.0,-2.79
2025-03-14 00:00:00-04:00,36.4,37.879999999999995,-0.0,-1.48
2025-03-14 01:00:00-04:00,34.44,36.37,-0.0,-1.93
2025-03-14 02:00:00-04:00,32.7,34.5,-0.0,-1.8
2025-03-14 03:00:00-04:00,32.59,34.49,-0.0,-1.9
2025-03-14 04:00:00-04:00,33.69,35.989999999999995,-0.0,-2.3
2025-03-14 05:00:00-04:00,37.89,40.57,-0.0,-2.68
2025-03-14 06:00:00-04:00,48.32,52.75,-0.0,-4.43
2025-03-14 07:00:00-04:00,58.68,64.98,-0.0,-6.3
2025-03-14 08:00:00-04:00,49.27,55.11,-0.0,-5.84
2025-03-14 09:00:00-04:00,39.82,43.38,-0.0,-3.56
2025-03-14 10:00:00-04:00,34.84,38.46,-0.0,-3.62
2025-03-14 11:00:00-04:00,32.2,35.27,-0.0,-3.07
2025-03-14 12:00:00-04:00,30.48,33.53,-0.0,-3.05
2025-03-14 13:00:00-04:00,29.61,32.5,-0.0,-2.89
2025-03-14 14:00:00-04:00,28.0,30.91,-0.0,-2.91
2025-03-14 15:00:00-04:00,28.11,31.06,-0.0,-2.95
2025-03-14 16:00:00-04:00,30.95,34.35,-0.0,-3.4
2025-03-14 17:00:00-04:00,34.86,39.26,-0.0,-4.4
2025-03-14 18:00:00-04:00,42.04,48.1,-0.0,-6.06
2025-03-14 19:00:00-04:00,47.8,54.82999999999999,-0.01,-7.02
2025-03-14 20:00:00-04:00,40.33,47.35,-1.24,-5.78
2025-03-14 21:00:00-04:00,35.18,40.95,-0.73,-5.04
2025-03-14 22:00:00-04:00,33.62,37.559999999999995,-0.0,-3.94
2025-03-14 23:00:00-04:00,31.86,35.56,-0.0,-3.7
2025-03-15 00:00:00-04:00,30.08,34.48,-0.16,-4.24
2025-03-15 01:00:00-04:00,27.73,31.43,0.07,-3.77
2025-03-15 02:00:00-04:00,25.24,28.72,0.2,-3.68
2025-03-15 03:00:00-04:00,25.29,28.85,0.13,-3.69
2025-03-15 04:00:00-04:00,26.06,29.81,0.01,-3.76
2025-03-15 05:00:00-04:00,27.39,31.320000000000004,-0.01,-3.92
2025-03-15 06:00:00-04:00,29.51,33.61,-0.0,-4.1
2025-03-15 07:00:00-04:00,25.52,33.64,-4.08,-4.04
2025-03-15 08:00:00-04:00,27.69,37.3,-4.91,-4.7
2025-03-15 09:00:00-04:00,27.76,38.09,-5.45,-4.88
2025-03-15 10:00:00-04:00,26.52,36.04,-5.19,-4.33
2025-03-15 11:00:00-04:00,25.7,34.04,-4.94,-3.4
2025-03-15 12:00:00-04:00,22.41,30.51,-4.5,-3.6
2025-03-15 13:00:00-04:00,21.22,29.09,-4.32,-3.55
2025-03-15 14:00:00-04:00,20.44,27.910000000000004,-4.15,-3.32
2025-03-15 15:00:00-04:00,20.36,26.9,-3.47,-3.07
2025-03-15 16:00:00-04:00,23.99,31.789999999999996,-4.56,-3.24
2025-03-15 17:00:00-04:00,26.45,35.589999999999996,-5.05,-4.09
2025-03-15 18:00:00-04:00,30.57,40.09,-5.07,-4.45
2025-03-15 19:00:00-04:00,32.3,43.059999999999995,-5.55,-5.21
2025-03-15 20:00:00-04:00,30.6,41.14,-5.64,-4.9
2025-03-15 21:00:00-04:00,25.85,34.95,-5.01,-4.09
2025-03-15 22:00:00-04:00,23.16,26.15,0.02,-3.01
2025-03-15 23:00:00-04:00,25.0,27.99,0.34,-3.33
2025-03-16 00:00:00-04:00,22.0,23.94,0.45,-2.39
2025-03-16 01:00:00-04:00,19.63,21.23,0.52,-2.12
2025-03-16 02:00:00-04:00,20.0,21.85,0.29,-2.14
2025-03-16 03:00:00-04:00,18.9,20.0,0.9,-2.0
2025-03-16 04:00:00-04:00,19.09,20.76,0.43,-2.1
2025-03-16 05:00:00-04:00,19.05,20.2,0.85,-2.0
2025-03-16 06:00:00-04:00,18.77,19.47,1.17,-1.87
2025-03-16 07:00:00-04:00,20.75,20.16,2.81,-2.22
2025-03-16 08:00:00-04:00,20.08,21.11,1.27,-2.3
2025-03-16 09:00:00-04:00,23.0,24.39,1.46,-2.85
2025-03-16 10:00:00-04:00,24.34,28.0,-0.13,-3.53
2025-03-16 11:00:00-04:00,24.3,27.200000000000003,0.45,-3.35
2025-03-16 12:00:00-04:00,24.21,27.51,-0.0,-3.3
2025-03-16 13:00:00-04:00,23.37,26.13,0.51,-3.27
2025-03-16 14:00:00-04:00,23.0,25.77,0.48,-3.25
2025-03-16 15:00:00-04:00,25.0,28.84,-0.0,-3.84
2025-03-16 16:00:00-04:00,29.51,33.92,0.1,-4.51
2025-03-16 17:00:00-04:00,29.97,33.82,0.41,-4.26
2025-03-16 18:00:00-04:00,37.0,42.18,0.01,-5.19
2025-03-16 19:00:00-04:00,42.25,48.12,-0.0,-5.87
2025-03-16 20:00:00-04:00,37.73,43.31999999999999,-0.0,-5.59
2025-03-16 21:00:00-04:00,31.95,35.94,-0.0,-3.99
2025-03-16 22:00:00-04:00,28.63,31.85,-0.0,-3.22
2025-03-16 23:00:00-04:00,27.22,30.34,-0.0,-3.12
2025-03-17 00:00:00-04:00,33.09,34.870000000000005,-0.0,-1.78
2025-03-17 01:00:00-04:00,30.55,32.230000000000004,-0.0,-1.68
2025-03-17 02:00:00-04:00,29.39,31.04,-0.0,-1.65
2025-03-17 03:00:00-04:00,28.39,29.91,-0.0,-1.52
2025-03-17 04:00:00-04:00,28.85,30.24,-0.0,-1.39
2025-03-17 05:00:00-04:00,32.7,34.31,-0.0,-1.61
2025-03-17 06:00:00-04:00,40.8,42.17999999999999,0.27,-1.65
2025-03-17 07:00:00-04:00,50.85,55.14000000000001,-0.27,-4.02
2025-03-17 08:00:00-04:00,47.81,51.74,-0.0,-3.93
2025-03-17 09:00:00-04:00,43.73,47.739999999999995,-0.0,-4.01
2025-03-17 10:00:00-04:00,41.85,45.99,-0.0,-4.14
2025-03-17 11:00:00-04:00,39.46,43.76,-0.01,-4.29
2025-03-17 12:00:00-04:00,37.61,41.66,-0.01,-4.04
2025-03-17 13:00:00-04:00,36.09,40.14,-0.08,-3.97
2025-03-17 14:00:00-04:00,33.98,37.65,-0.02,-3.65
2025-03-17 15:00:00-04:00,34.95,38.88,-0.08,-3.85
2025-03-17 16:00:00-04:00,35.71,39.65,-0.01,-3.93
2025-03-17 17:00:00-04:00,41.2,49.67,-3.2,-5.27
2025-03-17 18:00:00-04:00,50.76,55.84,-0.0,-5.08
2025-03-17 19:00:00-04:00,58.51,64.3,-0.0,-5.79
2025-03-17 20:00:00-04:00,50.78,56.11,-0.0,-5.33
2025-03-17 21:00:00-04:00,42.07,46.49,-0.0,-4.42
2025-03-17 22:00:00-04:00,37.94,41.28,-0.0,-3.34
2025-03-17 23:00:00-04:00,35.38,37.6,-0.0,-2.22
2025-03-18 00:00:00-04:00,36.87,39.02,-0.0,-2.15
2025-03-18 01:00:00-04:00,34.54,36.55,-0.0,-2.01
2025-03-18 02:00:00-04:00,32.38,34.52,-0.0,-2.14
2025-03-18 03:00:00-04:00,31.81,34.06,-0.0,-2.25
2025-03-18 04:00:00-04:00,32.59,34.970000000000006,-0.0,-2.38
2025-03-18 05:00:00-04:00,36.7,39.46,-0.0,-2.76
2025-03-18 06:00:00-04:00,51.11,55.37,-0.0,-4.26
2025-03-18 07:00:00-04:00,62.36,68.83,-0.0,-6.47
2025-03-18 08:00:00-04:00,46.49,51.330000000000005,-0.07,-4.77
2025-03-18 09:00:00-04:00,34.07,37.0,0.07,-3.0
2025-03-18 10:00:00-04:00,30.12,32.85,-0.0,-2.73
2025-03-18 11:00:00-04:00,26.59,29.06,-0.0,-2.47
2025-03-18 12:00:00-04:00,25.05,27.2,-0.0,-2.15
2025-03-18 13:00:00-04:00,24.22,26.299999999999997,-0.0,-2.08
2025-03-18 14:00:00-04:00,23.73,25.85,-0.0,-2.12
2025-03-18 15:00:00-04:00,26.29,28.7,-0.0,-2.41
2025-03-18 16:00:00-04:00,28.8,31.51,-0.0,-2.71
2025-03-18 17:00:00-04:00,34.4,38.05,-0.0,-3.65
2025-03-18 18:00:00-04:00,43.12,47.489999999999995,-0.0,-4.37
2025-03-18 19:00:00-04:00,53.25,58.2,-0.0,-4.95
2025-03-18 20:00:00-04:00,46.13,50.97,-0.0,-4.84
2025-03-18 21:00:00-04:00,36.43,41.07,-0.0,-4.64
2025-03-18 22:00:00-04:00,34.16,37.66,-0.0,-3.5
2025-03-18 23:00:00-04:00,32.0,35.2,-0.0,-3.2
2025-03-19 00:00:00-04:00,32.27,34.550000000000004,-0.0,-2.28
2025-03-19 01:00:00-04:00,30.13,32.68,-0.0,-2.55
2025-03-19 02:00:00-04:00,29.45,31.7,-0.0,-2.25
2025-03-19 03:00:00-04:00,29.55,31.98,-0.0,-2.43
2025-03-19 04:00:00-04:00,30.36,32.68,-0.0,-2.32
2025-03-19 05:00:00-04:00,31.76,34.04,-0.0,-2.28
2025-03-19 06:00:00-04:00,46.66,51.33,-0.0,-4.67
2025-03-19 07:00:00-04:00,54.5,60.62,-0.0,-6.12
2025-03-19 08:00:00-04:00,42.39,47.21,-0.0,-4.82
2025-03-19 09:00:00-04:00,31.68,34.62,-0.0,-2.94
2025-03-19 10:00:00-04:00,29.33,31.979999999999997,-0.0,-2.65
2025-03-19 11:00:00-04:00,26.07,28.49,-0.0,-2.42
2025-03-19 12:00:00-04:00,25.06,27.45,-0.0,-2.39
2025-03-19 13:00:00-04:00,24.89,27.17,-0.0,-2.28
2025-03-19 14:00:00-04:00,23.7,25.99,-0.0,-2.29
2025-03-19 15:00:00-04:00,25.48,28.34,-0.0,-2.86
2025-03-19 16:00:00-04:00,28.68,31.83,-0.0,-3.15
2025-03-19 17:00:00-04:00,32.55,36.41,-0.0,-3.86
2025-03-19 18:00:00-04:00,41.9,47.13999999999999,-0.01,-5.23
2025-03-19 19:00:00-04:00,46.7,53.02,-0.06,-6.26
2025-03-19 20:00:00-04:00,40.34,48.37,-2.37,-5.66
2025-03-19 21:00:00-04:00,33.35,37.59,-0.03,-4.21
2025-03-19 22:00:00-04:00,30.23,33.85,-0.0,-3.62
2025-03-19 23:00:00-04:00,28.54,31.43,-0.0,-2.89
2025-03-20 00:00:00-04:00,30.44,33.79,-0.0,-3.35
2025-03-20 01:00:00-04:00,28.58,31.79,-0.0,-3.21
2025-03-20 02:00:00-04:00,27.9,30.86,-0.0,-2.96
2025-03-20 03:00:00-04:00,27.11,30.02,-0.0,-2.91
2025-03-20 04:00:00-04:00,27.31,30.24,-0.0,-2.93
2025-03-20 05:00:00-04:00,30.35,33.54,-0.0,-3.19
2025-03-20 06:00:00-04:00,43.93,49.03,-0.0,-5.1
2025-03-20 07:00:00-04:00,49.34,56.31,-1.06,-5.91
2025-03-20 08:00:00-04:00,40.19,51.36,-5.83,-5.34
2025-03-20 09:00:00-04:00,39.2,44.06,-0.28,-4.58
2025-03-20 10:00:00-04:00,37.6,42.93,-0.91,-4.42
2025-03-20 11:00:00-04:00,34.5,39.35,-0.88,-3.97
2025-03-20 12:00:00-04:00,32.5,38.54,-1.99,-4.05
2025-03-20 13:00:00-04:00,33.07,37.0,-0.08,-3.85
2025-03-20 14:00:00-04:00,32.69,36.56999999999999,-0.08,-3.8
2025-03-20 15:00:00-04:00,35.58,39.849999999999994,-0.01,-4.26
2025-03-20 16:00:00-04:00,37.08,41.39,-0.0,-4.31
2025-03-20 17:00:00-04:00,39.04,46.81,-2.67,-5.1
2025-03-20 18:00:00-04:00,45.37,51.59,-0.55,-5.67
2025-03-20 19:00:00-04:00,49.97,61.06,-4.56,-6.53
2025-03-20 20:00:00-04:00,47.48,55.559999999999995,-2.3,-5.78
2025-03-20 21:00:00-04:00,41.09,45.900000000000006,-0.08,-4.73
2025-03-20 22:00:00-04:00,36.35,40.08,-0.0,-3.73
2025-03-20 23:00:00-04:00,34.12,36.93,-0.0,-2.81
2025-03-21 00:00:00-04:00,35.3,37.47,-0.0,-2.17
2025-03-21 01:00:00-04:00,33.3,35.309999999999995,-0.0,-2.01
2025-03-21 02:00:00-04:00,32.16,34.209999999999994,-0.0,-2.05
2025-03-21 03:00:00-04:00,32.36,34.14,-0.0,-1.78
2025-03-21 04:00:00-04:00,32.6,34.14,-0.0,-1.54
2025-03-21 05:00:00-04:00,36.92,38.11,-0.01,-1.18
2025-03-21 06:00:00-04:00,45.75,52.53,-4.31,-2.47
2025-03-21 07:00:00-04:00,52.32,63.09,-6.99,-3.78
2025-03-21 08:00:00-04:00,46.21,55.73,-5.56,-3.96
2025-03-21 09:00:00-04:00,39.34,45.07,-2.4,-3.33
2025-03-21 10:00:00-04:00,34.85,37.72,-0.0,-2.87
2025-03-21 11:00:00-04:00,32.08,34.68,-0.0,-2.6
2025-03-21 12:00:00-04:00,29.24,31.959999999999997,-0.0,-2.72
2025-03-21 13:00:00-04:00,27.76,30.540000000000003,-0.0,-2.78
2025-03-21 14:00:00-04:00,26.3,29.52,-0.0,-3.22
2025-03-21 15:00:00-04:00,27.03,30.130000000000003,-0.0,-3.1
2025-03-21 16:00:00-04:00,29.05,32.14,-0.0,-3.09
2025-03-21 17:00:00-04:00,36.36,38.169999999999995,1.59,-3.4
2025-03-21 18:00:00-04:00,43.69,49.32,-1.59,-4.04
2025-03-21 19:00:00-04:00,50.81,55.720000000000006,-0.56,-4.35
2025-03-21 20:00:00-04:00,47.25,51.2,0.56,-4.51
2025-03-21 21:00:00-04:00,40.9,45.19,-0.0,-4.29
2025-03-21 22:00:00-04:00,36.09,39.49,-0.0,-3.4
2025-03-21 23:00:00-04:00,33.72,36.53,-0.0,-2.81
2025-03-22 00:00:00-04:00,31.86,34.86,-0.0,-3.0
2025-03-22 01:00:00-04:00,30.07,33.26,-0.0,-3.19
2025-03-22 02:00:00-04:00,28.88,31.91,-0.0,-3.03
2025-03-22 03:00:00-04:00,28.0,30.77,-0.0,-2.77
2025-03-22 04:00:00-04:00,27.83,30.619999999999997,-0.0,-2.79
2025-03-22 05:00:00-04:00,30.42,33.61,-0.0,-3.19
2025-03-22 06:00:00-04:00,36.7,40.55,-0.0,-3.85
2025-03-22 07:00:00-04:00,41.28,45.870000000000005,-0.0,-4.59
2025-03-22 08:00:00-04:00,37.16,40.84,-0.0,-3.68
2025-03-22 09:00:00-04:00,31.43,34.230000000000004,-0.03,-2.77
2025-03-22 10:00:00-04:00,29.39,31.73,-0.03,-2.31
2025-03-22 11:00:00-04:00,29.21,31.65,-0.0,-2.44
2025-03-22 12:00:00-04:00,27.4,29.659999999999997,-0.0,-2.26
2025-03-22 13:00:00-04:00,25.67,28.15,-0.0,-2.48
2025-03-22 14:00:00-04:00,25.09,27.36,-0.03,-2.24
2025-03-22 15:00:00-04:00,27.01,29.49,-0.0,-2.48
2025-03-22 16:00:00-04:00,26.51,32.160000000000004,-3.27,-2.38
2025-03-22 17:00:00-04:00,31.65,36.27,-1.94,-2.68
2025-03-22 18:00:00-04:00,40.14,44.22,-0.41,-3.67
2025-03-22 19:00:00-04:00,45.9,50.169999999999995,-0.01,-4.26
2025-03-22 20:00:00-04:00,45.32,49.26,-0.0,-3.94
2025-03-22 21:00:00-04:00,39.22,42.129999999999995,-0.0,-2.91
2025-03-22 22:00:00-04:00,35.63,37.66,-0.0,-2.03
2025-03-22 23:00:00-04:00,35.3,36.39,-0.0,-1.09
2025-03-23 00:00:00-04:00,36.49,37.85,-0.0,-1.36
2025-03-23 01:00:00-04:00,34.23,35.13999999999999,-0.0,-0.91
2025-03-23 02:00:00-04:00,33.9,34.699999999999996,-0.0,-0.8
2025-03-23 03:00:00-04:00,34.25,34.99,-0.0,-0.74
2025-03-23 04:00:00-04:00,35.2,35.88,-0.0,-0.68
2025-03-23 05:00:00-04:00,36.43,37.33,-0.0,-0.9
2025-03-23 06:00:00-04:00,42.27,44.35,-0.0,-2.08
2025-03-23 07:00:00-04:00,46.01,49.58,-0.0,-3.57
2025-03-23 08:00:00-04:00,39.52,41.38,-0.0,-1.86
2025-03-23 09:00:00-04:00,33.4,35.339999999999996,-0.0,-1.94
2025-03-23 10:00:00-04:00,30.8,32.63,-0.0,-1.83
2025-03-23 11:00:00-04:00,28.93,30.39,-0.0,-1.46
2025-03-23 12:00:00-04:00,27.9,29.4,-0.0,-1.5
2025-03-23 13:00:00-04:00,26.44,28.01,-0.0,-1.57
2025-03-23 14:00:00-04:00,25.27,26.8,-0.0,-1.53
2025-03-23 15:00:00-04:00,25.24,26.88,-0.0,-1.64
2025-03-23 16:00:00-04:00,29.36,31.2,-0.0,-1.84
2025-03-23 17:00:00-04:00,38.27,41.150000000000006,-0.0,-2.88
2025-03-23 18:00:00-04:00,48.52,52.790000000000006,-0.0,-4.27
2025-03-23 19:00:00-04:00,58.28,63.620000000000005,-0.0,-5.34
2025-03-23 20:00:00-04:00,54.12,59.28,-0.0,-5.16
2025-03-23 21:00:00-04:00,43.4,48.11,-0.0,-4.71
2025-03-23 22:00:00-04:00,37.25,40.71,-0.0,-3.46
2025-03-23 23:00:00-04:00,34.54,36.71,-0.0,-2.17
2025-03-24 00:00:00-04:00,35.08,38.42,-0.0,-3.34
2025-03-24 01:00:00-04:00,33.64,37.01,-0.0,-3.37
2025-03-24 02:00:00-04:00,32.12,35.37,-0.0,-3.25
2025-03-24 03:00:00-04:00,31.37,34.550000000000004,-0.0,-3.18
2025-03-24 04:00:00-04:00,33.15,36.23,-0.0,-3.08
2025-03-24 05:00:00-04:00,38.21,41.4,-0.0,-3.19
2025-03-24 06:00:00-04:00,46.98,51.91,-0.0,-4.93
2025-03-24 07:00:00-04:00,52.6,58.97,-0.0,-6.37
2025-03-24 08:00:00-04:00,48.64,54.24,-0.01,-5.59
2025-03-24 09:00:00-04:00,38.12,50.14,-7.46,-4.56
2025-03-24 10:00:00-04:00,39.08,49.99,-6.31,-4.6
2025-03-24 11:00:00-04:00,36.74,48.8,-7.23,-4.83
2025-03-24 12:00:00-04:00,32.99,44.2,-6.61,-4.6
2025-03-24 13:00:00-04:00,31.64,42.59,-6.39,-4.56
2025-03-24 14:00:00-04:00,31.0,41.23,-6.27,-3.96
2025-03-24 15:00:00-04:00,30.59,40.95,-6.18,-4.18
2025-03-24 16:00:00-04:00,33.02,41.46,-4.21,-4.23
2025-03-24 17:00:00-04:00,37.4,48.51,-6.31,-4.8
2025-03-24 18:00:00-04:00,45.8,54.39,-2.66,-5.93
2025-03-24 19:00:00-04:00,53.61,60.0,-0.03,-6.36
2025-03-24 20:00:00-04:00,49.66,55.52,-0.03,-5.83
2025-03-24 21:00:00-04:00,40.64,45.6,-0.03,-4.93
2025-03-24 22:00:00-04:00,36.29,40.55,-0.0,-4.26
2025-03-24 23:00:00-04:00,36.52,40.09,-0.0,-3.57
2025-03-25 00:00:00-04:00,36.59,39.220000000000006,-0.0,-2.63
2025-03-25 01:00:00-04:00,35.07,37.35,-0.0,-2.28
2025-03-25 02:00:00-04:00,34.15,36.019999999999996,-0.0,-1.87
2025-03-25 03:00:00-04:00,34.02,35.85,-0.0,-1.83
2025-03-25 04:00:00-04:00,34.41,36.41,-0.0,-2.0
2025-03-25 05:00:00-04:00,38.0,40.55,-0.0,-2.55
2025-03-25 06:00:00-04:00,49.17,53.56,-0.0,-4.39
2025-03-25 07:00:00-04:00,55.83,61.02,-0.0,-5.19
2025-03-25 08:00:00-04:00,49.6,54.27,-0.0,-4.67
2025-03-25 09:00:00-04:00,37.89,41.19,-0.0,-3.3
2025-03-25 10:00:00-04:00,36.18,38.94,-0.0,-2.76
2025-03-25 11:00:00-04:00,34.88,37.3,-0.0,-2.42
2025-03-25 12:00:00-04:00,32.42,34.97,-0.0,-2.55
2025-03-25 13:00:00-04:00,32.34,34.96,-0.0,-2.62
2025-03-25 14:00:00-04:00,31.19,33.72,-0.0,-2.53
2025-03-25 15:00:00-04:00,32.01,34.42,-0.0,-2.41
2025-03-25 16:00:00-04:00,34.91,37.54,-0.0,-2.63
2025-03-25 17:00:00-04:00,40.04,43.81,-0.0,-3.77
2025-03-25 18:00:00-04:00,49.45,54.28,-0.0,-4.83
2025-03-25 19:00:00-04:00,59.36,63.28,-0.0,-3.92
2025-03-25 20:00:00-04:00,56.2,59.92,-0.0,-3.72
2025-03-25 21:00:00-04:00,45.15,48.5,-0.0,-3.35
2025-03-25 22:00:00-04:00,40.32,42.94,-0.0,-2.62
2025-03-25 23:00:00-04:00,39.02,40.6,-0.0,-1.58
2025-03-26 00:00:00-04:00,38.4,40.25,-0.0,-1.85
2025-03-26 01:00:00-04:00,37.06,38.85,-0.0,-1.79
2025-03-26 02:00:00-04:00,36.34,38.17,-0.0,-1.83
2025-03-26 03:00:00-04:00,36.83,38.129999999999995,-0.0,-1.3
2025-03-26 04:00:00-04:00,37.34,38.98,-0.0,-1.64
2025-03-26 05:00:00-04:00,40.7,42.48,-0.0,-1.78
2025-03-26 06:00:00-04:00,51.81,55.71,-0.0,-3.9
2025-03-26 07:00:00-04:00,60.16,64.83,-0.0,-4.67
2025-03-26 08:00:00-04:00,51.63,55.22,-0.0,-3.59
2025-03-26 09:00:00-04:00,39.48,42.54,-0.0,-3.06
2025-03-26 10:00:00-04:00,37.12,39.32,-0.0,-2.2
2025-03-26 11:00:00-04:00,34.36,36.36,-0.0,-2.0
2025-03-26 12:00:00-04:00,33.77,36.120000000000005,-0.0,-2.35
2025-03-26 13:00:00-04:00,34.06,36.31,-0.0,-2.25
2025-03-26 14:00:00-04:00,32.93,35.22,-0.0,-2.29
2025-03-26 15:00:00-04:00,33.29,35.57,-0.0,-2.28
2025-03-26 16:00:00-04:00,36.08,38.46,-0.0,-2.38
2025-03-26 17:00:00-04:00,41.82,45.46,-0.0,-3.64
2025-03-26 18:00:00-04:00,49.52,53.650000000000006,-0.0,-4.13
2025-03-26 19:00:00-04:00,61.62,65.48,-0.0,-3.86
2025-03-26 20:00:00-04:00,58.32,61.71,-0.0,-3.39
2025-03-26 21:00:00-04:00,50.41,53.12,-0.0,-2.71
2025-03-26 22:00:00-04:00,42.32,44.74,-0.0,-2.42
2025-03-26 23:00:00-04:00,41.56,42.89,-0.0,-1.33
2025-03-27 00:00:00-04:00,38.17,39.43,-0.0,-1.26
2025-03-27 01:00:00-04:00,36.3,37.93,-0.0,-1.63
2025-03-27 02:00:00-04:00,35.52,36.84,-0.0,-1.32
2025-03-27 03:00:00-04:00,36.57,37.78,-0.0,-1.21
2025-03-27 04:00:00-04:00,36.46,37.94,-0.0,-1.48
2025-03-27 05:00:00-04:00,40.94,42.82,-0.0,-1.88
2025-03-27 06:00:00-04:00,60.43,63.68,-0.0,-3.25
2025-03-27 07:00:00-04:00,70.51,74.93,-0.0,-4.42
2025-03-27 08:00:00-04:00,48.2,51.39,-0.0,-3.19
2025-03-27 09:00:00-04:00,35.38,37.68,-0.0,-2.3
2025-03-27 10:00:00-04:00,30.24,32.55,-0.0,-2.31
2025-03-27 11:00:00-04:00,29.01,31.130000000000003,-0.0,-2.12
2025-03-27 12:00:00-04:00,28.33,30.4,-0.0,-2.07
2025-03-27 13:00:00-04:00,27.76,30.21,-0.0,-2.45
2025-03-27 14:00:00-04:00,25.45,27.88,-0.0,-2.43
2025-03-27 15:00:00-04:00,25.54,27.64,-0.0,-2.1
2025-03-27 16:00:00-04:00,27.13,29.32,0.33,-2.52
2025-03-27 17:00:00-04:00,33.85,37.44,-0.0,-3.59
2025-03-27 18:00:00-04:00,43.96,48.15,-0.0,-4.19
2025-03-27 19:00:00-04:00,54.0,59.73,-0.0,-5.73
2025-03-27 20:00:00-04:00,51.61,56.4,-0.0,-4.79
2025-03-27 21:00:00-04:00,41.1,44.870000000000005,-0.0,-3.77
2025-03-27 22:00:00-04:00,38.15,40.71,-0.0,-2.56
2025-03-27 23:00:00-04:00,35.18,37.19,-0.0,-2.01
2025-03-28 00:00:00-04:00,33.59,35.14,-0.0,-1.55
2025-03-28 01:00:00-04:00,33.02,34.400000000000006,-0.0,-1.38
2025-03-28 02:00:00-04:00,32.47,33.58,-0.0,-1.11
2025-03-28 03:00:00-04:00,31.98,33.28,-0.0,-1.3
2025-03-28 04:00:00-04:00,32.28,33.550000000000004,-0.0,-1.27
2025-03-28 05:00:00-04:00,37.46,38.9,-0.0,-1.44
2025-03-28 06:00:00-04:00,51.63,54.23,-0.0,-2.6
2025-03-28 07:00:00-04:00,62.56,66.76,-0.0,-4.2
2025-03-28 08:00:00-04:00,47.99,51.22,-0.0,-3.23
2025-03-28 09:00:00-04:00,37.52,39.620000000000005,-0.0,-2.1
2025-03-28 10:00:00-04:00,35.16,36.93,-0.0,-1.77
2025-03-28 11:00:00-04:00,32.68,34.4,-0.0,-1.72
2025-03-28 12:00:00-04:00,30.89,32.83,-0.0,-1.94
2025-03-28 13:00:00-04:00,30.21,31.83,-0.0,-1.62
2025-03-28 14:00:00-04:00,30.29,31.89,0.22,-1.82
2025-03-28 15:00:00-04:00,31.36,33.21,-0.22,-1.63
2025-03-28 16:00:00-04:00,33.56,35.440000000000005,-0.0,-1.88
2025-03-28 17:00:00-04:00,35.87,39.8,-1.3,-2.63
2025-03-28 18:00:00-04:00,42.51,44.36,1.3,-3.15
2025-03-28 19:00:00-04:00,49.29,53.46,-0.0,-4.17
2025-03-28 20:00:00-04:00,44.41,48.11,-0.0,-3.7
2025-03-28 21:00:00-04:00,35.78,39.06,-0.0,-3.28
2025-03-28 22:00:00-04:00,34.69,37.379999999999995,-0.0,-2.69
2025-03-28 23:00:00-04:00,31.81,34.06,-0.0,-2.25
2025-03-29 00:00:00-04:00,29.05,31.85,-0.0,-2.8
2025-03-29 01:00:00-04:00,27.43,30.65,-0.0,-3.22
2025-03-29 02:00:00-04:00,26.26,29.37,-0.0,-3.11
2025-03-29 03:00:00-04:00,25.24,28.229999999999997,-0.0,-2.99
2025-03-29 04:00:00-04:00,24.98,28.13,-0.0,-3.15
2025-03-29 05:00:00-04:00,26.74,29.909999999999997,-0.0,-3.17
2025-03-29 06:00:00-04:00,29.96,33.03,-0.0,-3.07
2025-03-29 07:00:00-04:00,32.11,35.88,-0.0,-3.77
2025-03-29 08:00:00-04:00,34.65,37.989999999999995,-0.0,-3.34
2025-03-29 09:00:00-04:00,32.11,35.32,-0.0,-3.21
2025-03-29 10:00:00-04:00,31.87,34.72,-0.0,-2.85
2025-03-29 11:00:00-04:00,30.27,33.23,-0.0,-2.96
2025-03-29 12:00:00-04:00,28.06,30.94,-0.0,-2.88
2025-03-29 13:00:00-04:00,28.06,30.799999999999997,-0.0,-2.74
2025-03-29 14:00:00-04:00,28.09,31.07,-0.0,-2.98
2025-03-29 15:00:00-04:00,28.99,31.79,-0.0,-2.8
2025-03-29 16:00:00-04:00,31.04,33.89,-0.0,-2.85
2025-03-29 17:00:00-04:00,34.16,37.33,-0.0,-3.17
2025-03-29 18:00:00-04:00,40.09,43.2,-0.0,-3.11
2025-03-29 19:00:00-04:00,44.43,47.82,-0.0,-3.39
2025-03-29 20:00:00-04:00,40.7,43.580000000000005,-0.0,-2.88
2025-03-29 21:00:00-04:00,35.48,37.989999999999995,-0.0,-2.51
2025-03-29 22:00:00-04:00,34.27,36.0,-0.0,-1.73
2025-03-29 23:00:00-04:00,31.2,32.74,-0.0,-1.54
2025-03-30 00:00:00-04:00,34.38,35.78,-0.0,-1.4
2025-03-30 01:00:00-04:00,32.42,33.980000000000004,-0.0,-1.56
2025-03-30 02:00:00-04:00,31.34,32.85,-0.0,-1.51
2025-03-30 03:00:00-04:00,30.97,32.91,-0.0,-1.94
2025-03-30 04:00:00-04:00,31.68,33.24,-0.0,-1.56
2025-03-30 05:00:00-04:00,32.39,33.84,-0.0,-1.45
2025-03-30 06:00:00-04:00,33.81,35.07,-0.0,-1.26
2025-03-30 07:00:00-04:00,34.5,36.35,-0.0,-1.85
2025-03-30 08:00:00-04:00,35.11,36.84,-0.0,-1.73
2025-03-30 09:00:00-04:00,38.41,40.65,-0.0,-2.24
2025-03-30 10:00:00-04:00,40.04,42.92,-0.0,-2.88
2025-03-30 11:00:00-04:00,39.33,42.33,-0.0,-3.0
2025-03-30 12:00:00-04:00,38.24,41.39,-0.0,-3.15
2025-03-30 13:00:00-04:00,36.59,39.6,-0.0,-3.01
2025-03-30 14:00:00-04:00,36.14,39.37,-0.0,-3.23
2025-03-30 15:00:00-04:00,37.79,41.03,-0.0,-3.24
2025-03-30 16:00:00-04:00,39.89,43.93,-0.0,-4.04
2025-03-30 17:00:00-04:00,43.51,48.45,-0.0,-4.94
2025-03-30 18:00:00-04:00,46.57,51.46,-0.0,-4.89
2025-03-30 19:00:00-04:00,49.07,54.98,0.03,-5.94
2025-03-30 20:00:00-04:00,45.94,50.709999999999994,-0.0,-4.77
2025-03-30 21:00:00-04:00,35.12,37.96,0.69,-3.53
2025-03-30 22:00:00-04:00,34.98,38.36,-0.0,-3.38
2025-03-30 23:00:00-04:00,30.03,32.81,0.04,-2.82
2025-03-31 00:00:00-04:00,24.95,25.09,1.69,-1.83
2025-03-31 01:00:00-04:00,23.17,23.5,1.41,-1.74
2025-03-31 02:00:00-04:00,22.36,22.55,1.48,-1.67
2025-03-31 03:00:00-04:00,21.94,22.29,1.3,-1.65
2025-03-31 04:00:00-04:00,23.16,23.41,1.41,-1.66
2025-03-31 05:00:00-04:00,24.0,26.64,-0.59,-2.05
2025-03-31 06:00:00-04:00,32.71,30.46,3.71,-1.46
2025-03-31 07:00:00-04:00,42.97,46.25,-0.0,-3.28
2025-03-31 08:00:00-04:00,44.63,48.46,-0.0,-3.83
2025-03-31 09:00:00-04:00,41.5,45.059999999999995,0.09,-3.65
2025-03-31 10:00:00-04:00,42.46,46.46,-0.0,-4.0
2025-03-31 11:00:00-04:00,39.53,42.92,-0.0,-3.39
2025-03-31 12:00:00-04:00,36.06,39.07,-0.0,-3.01
2025-03-31 13:00:00-04:00,35.74,38.35,-0.0,-2.61
2025-03-31 14:00:00-04:00,34.24,36.82,-0.0,-2.58
2025-03-31 15:00:00-04:00,35.37,38.2,-0.0,-2.83
2025-03-31 16:00:00-04:00,35.99,38.02,0.94,-2.97
2025-03-31 17:00:00-04:00,40.13,42.8,1.1,-3.77
2025-03-31 18:00:00-04:00,44.97,48.04,0.58,-3.65
2025-03-31 19:00:00-04:00,52.75,57.21,-0.0,-4.46
2025-03-31 20:00:00-04:00,47.26,50.82,-0.0,-3.56
2025-03-31 21:00:00-04:00,38.8,41.72,-0.0,-2.92
2025-03-31 22:00:00-04:00,35.13,37.290000000000006,-0.0,-2.16
2025-03-31 23:00:00-04:00,34.03,35.370000000000005,-0.0,-1.34
2025-04-01 00:00:00-04:00,32.72,32.99,-0.0,-0.27
2025-04-01 01:00:00-04:00,31.5,32.37,-0.0,-0.87
2025-04-01 02:00:00-04:00,29.76,30.520000000000003,-0.0,-0.76
2025-04-01 03:00:00-04:00,29.5,29.98,-0.0,-0.48
2025-04-01 04:00:00-04:00,30.65,31.09,-0.0,-0.44
2025-04-01 05:00:00-04:00,33.89,33.92,-0.0,-0.03
2025-04-01 06:00:00-04:00,46.39,47.29,-0.0,-0.9
2025-04-01 07:00:00-04:00,53.87,55.48,-0.0,-1.61
2025-04-01 08:00:00-04:00,45.27,47.06,-0.0,-1.79
2025-04-01 09:00:00-04:00,35.17,35.96,-0.0,-0.79
2025-04-01 10:00:00-04:00,31.71,32.69,-0.0,-0.98
2025-04-01 11:00:00-04:00,29.77,30.79,-0.0,-1.02
2025-04-01 12:00:00-04:00,27.49,28.31,-0.0,-0.82
2025-04-01 13:00:00-04:00,26.68,27.68,-0.0,-1.0
2025-04-01 14:00:00-04:00,27.89,28.49,-0.0,-0.6
2025-04-01 15:00:00-04:00,27.3,27.89,-0.0,-0.59
2025-04-01 16:00:00-04:00,28.73,29.86,-0.0,-1.13
2025-04-01 17:00:00-04:00,36.28,37.48,-0.0,-1.2
2025-04-01 18:00:00-04:00,41.78,43.07,-0.0,-1.29
2025-04-01 19:00:00-04:00,54.93,56.69,-0.0,-1.76
2025-04-01 20:00:00-04:00,51.53,53.68,-0.0,-2.15
2025-04-01 21:00:00-04:00,39.7,41.31,-0.0,-1.61
2025-04-01 22:00:00-04:00,37.0,37.83,-0.0,-0.83
2025-04-01 23:00:00-04:00,34.7,35.230000000000004,-0.0,-0.53
2025-04-02 00:00:00-04:00,36.46,37.94,-0.0,-1.48
2025-04-02 01:00:00-04:00,34.1,35.89,-0.0,-1.79
2025-04-02 02:00:00-04:00,33.34,35.35,-0.0,-2.01
2025-04-02 03:00:00-04:00,33.4,35.489999999999995,-0.0,-2.09
2025-04-02 04:00:00-04:00,33.66,35.73,-0.0,-2.07
2025-04-02 05:00:00-04:00,37.5,40.28,-0.0,-2.78
2025-04-02 06:00:00-04:00,50.2,55.17,-0.0,-4.97
2025-04-02 07:00:00-04:00,55.21,62.52,-0.0,-7.31
2025-04-02 08:00:00-04:00,45.39,51.11,-0.0,-5.72
2025-04-02 09:00:00-04:00,38.28,42.89,-0.75,-3.86
2025-04-02 10:00:00-04:00,35.0,37.19,0.75,-2.94
2025-04-02 11:00:00-04:00,33.46,35.9,-0.0,-2.44
2025-04-02 12:00:00-04:00,33.8,36.17,-0.02,-2.35
2025-04-02 13:00:00-04:00,33.93,36.04,-0.02,-2.09
2025-04-02 14:00:00-04:00,33.9,36.28,-0.02,-2.36
2025-04-02 15:00:00-04:00,34.17,36.98,-0.0,-2.81
2025-04-02 16:00:00-04:00,36.25,39.79,-0.0,-3.54
2025-04-02 17:00:00-04:00,40.4,45.08,-0.04,-4.64
2025-04-02 18:00:00-04:00,43.9,52.8,-3.67,-5.23
2025-04-02 19:00:00-04:00,47.8,61.31999999999999,-8.12,-5.4
2025-04-02 20:00:00-04:00,42.3,49.16,-2.53,-4.33
2025-04-02 21:00:00-04:00,37.3,41.059999999999995,-0.11,-3.65
2025-04-02 22:00:00-04:00,34.72,37.8,0.32,-3.4
2025-04-02 23:00:00-04:00,31.8,35.080000000000005,-0.09,-3.19
2025-04-03 00:00:00-04:00,27.7,28.41,1.39,-2.1
2025-04-03 01:00:00-04:00,24.4,24.44,1.72,-1.76
2025-04-03 02:00:00-04:00,24.52,25.04,1.43,-1.95
2025-04-03 03:00:00-04:00,24.0,24.49,1.45,-1.94
2025-04-03 04:00:00-04:00,23.46,23.35,1.72,-1.61
2025-04-03 05:00:00-04:00,32.03,34.449999999999996,0.2,-2.62
2025-04-03 06:00:00-04:00,41.17,44.98,0.24,-4.05
2025-04-03 07:00:00-04:00,40.96,44.57,0.71,-4.32
2025-04-03 08:00:00-04:00,42.5,52.89,-4.84,-5.55
2025-04-03 09:00:00-04:00,41.0,51.31,-4.82,-5.49
2025-04-03 10:00:00-04:00,41.08,48.52,-2.54,-4.9
2025-04-03 11:00:00-04:00,40.94,46.9,-1.32,-4.64
2025-04-03 12:00:00-04:00,34.05,43.69,-5.01,-4.63
2025-04-03 13:00:00-04:00,33.32,42.26,-4.8,-4.14
2025-04-03 14:00:00-04:00,30.6,36.03,-1.97,-3.46
2025-04-03 15:00:00-04:00,29.91,39.48,-5.7,-3.87
2025-04-03 16:00:00-04:00,30.25,36.01,-2.12,-3.64
2025-04-03 17:00:00-04:00,35.84,39.88,-0.01,-4.03
2025-04-03 18:00:00-04:00,40.01,42.78,1.25,-4.02
2025-04-03 19:00:00-04:00,45.55,49.45,0.75,-4.65
2025-04-03 20:00:00-04:00,44.94,49.77,-0.0,-4.83
2025-04-03 21:00:00-04:00,38.22,41.27,-0.0,-3.05
2025-04-03 22:00:00-04:00,35.89,38.38,-0.0,-2.49
2025-04-03 23:00:00-04:00,33.17,35.440000000000005,-0.0,-2.27
2025-04-04 00:00:00-04:00,38.2,37.67,-0.0,0.53
2025-04-04 01:00:00-04:00,35.0,34.72,-0.0,0.28
2025-04-04 02:00:00-04:00,34.14,34.24,-0.0,-0.1
2025-04-04 03:00:00-04:00,34.58,34.75,-0.0,-0.17
2025-04-04 04:00:00-04:00,35.53,35.08,-0.0,0.45
2025-04-04 05:00:00-04:00,39.63,38.29,-0.0,1.34
2025-04-04 06:00:00-04:00,48.07,47.45,-0.0,0.62
2025-04-04 07:00:00-04:00,50.72,51.18,-0.0,-0.46
2025-04-04 08:00:00-04:00,49.38,50.64,-0.0,-1.26
2025-04-04 09:00:00-04:00,42.55,43.379999999999995,-0.0,-0.83
2025-04-04 10:00:00-04:00,40.7,41.07,-0.0,-0.37
2025-04-04 11:00:00-04:00,35.44,35.58,-0.0,-0.14
2025-04-04 12:00:00-04:00,33.84,34.290000000000006,-0.0,-0.45
2025-04-04 13:00:00-04:00,33.77,34.220000000000006,-0.0,-0.45
2025-04-04 14:00:00-04:00,32.64,33.07,-0.0,-0.43
2025-04-04 15:00:00-04:00,32.0,32.55,-0.0,-0.55
2025-04-04 16:00:00-04:00,32.31,33.21,-0.0,-0.9
2025-04-04 17:00:00-04:00,36.07,37.38,-0.0,-1.31
2025-04-04 18:00:00-04:00,42.77,44.32,-0.0,-1.55
2025-04-04 19:00:00-04:00,53.65,55.25,-0.0,-1.6
2025-04-04 20:00:00-04:00,50.07,51.51,-0.0,-1.44
2025-04-04 21:00:00-04:00,43.15,44.44,-0.0,-1.29
2025-04-04 22:00:00-04:00,38.29,39.07,-0.0,-0.78
2025-04-04 23:00:00-04:00,36.69,36.95,-0.0,-0.26
2025-04-05 00:00:00-04:00,38.71,39.82,-0.0,-1.11
2025-04-05 01:00:00-04:00,36.04,37.19,-0.0,-1.15
2025-04-05 02:00:00-04:00,34.08,35.61,-0.0,-1.53
2025-04-05 03:00:00-04:00,33.4,35.05,-0.0,-1.65
2025-04-05 04:00:00-04:00,33.1,36.74,-1.88,-1.76
2025-04-05 05:00:00-04:00,33.3,34.029999999999994,0.46,-1.19
2025-04-05 06:00:00-04:00,36.91,36.66,1.42,-1.17
2025-04-05 07:00:00-04:00,40.0,41.02,-0.0,-1.02
2025-04-05 08:00:00-04:00,42.97,43.11,1.2,-1.34
2025-04-05 09:00:00-04:00,42.78,45.34,-1.2,-1.36
2025-04-05 10:00:00-04:00,46.53,48.02,-0.0,-1.49
2025-04-05 11:00:00-04:00,47.86,49.65,-0.0,-1.79
2025-04-05 12:00:00-04:00,47.18,48.79,-0.0,-1.61
2025-04-05 13:00:00-04:00,46.69,48.33,-0.0,-1.64
2025-04-05 14:00:00-04:00,42.48,43.93,-0.0,-1.45
2025-04-05 15:00:00-04:00,45.1,46.64,-0.0,-1.54
2025-04-05 16:00:00-04:00,44.09,46.220000000000006,-0.0,-2.13
2025-04-05 17:00:00-04:00,45.6,48.510000000000005,-0.0,-2.91
2025-04-05 18:00:00-04:00,47.42,50.45,-0.0,-3.03
2025-04-05 19:00:00-04:00,51.09,54.64,-0.0,-3.55
2025-04-05 20:00:00-04:00,49.79,52.629999999999995,-0.0,-2.84
2025-04-05 21:00:00-04:00,43.63,45.31,-0.0,-1.68
2025-04-05 22:00:00-04:00,41.28,41.91,-0.0,-0.63
2025-04-05 23:00:00-04:00,38.87,39.34,-0.0,-0.47
2025-04-06 00:00:00-04:00,37.34,38.18000000000001,-0.0,-0.84
2025-04-06 01:00:00-04:00,34.29,35.79,-0.0,-1.5
2025-04-06 02:00:00-04:00,34.55,35.879999999999995,-0.0,-1.33
2025-04-06 03:00:00-04:00,33.22,34.97,-0.0,-1.75
2025-04-06 04:00:00-04:00,32.83,34.379999999999995,-0.0,-1.55
2025-04-06 05:00:00-04:00,32.12,32.98,-0.0,-0.86
2025-04-06 06:00:00-04:00,33.66,34.239999999999995,-0.0,-0.58
2025-04-06 07:00:00-04:00,35.08,35.61,-0.0,-0.53
2025-04-06 08:00:00-04:00,37.91,38.489999999999995,-0.0,-0.58
2025-04-06 09:00:00-04:00,38.86,39.61,-0.0,-0.75
2025-04-06 10:00:00-04:00,42.03,43.11,-0.0,-1.08
2025-04-06 11:00:00-04:00,39.51,40.77,-0.0,-1.26
2025-04-06 12:00:00-04:00,38.38,38.89,-0.0,-0.51
2025-04-06 13:00:00-04:00,34.75,35.28,-0.0,-0.53
2025-04-06 14:00:00-04:00,34.02,34.68,-0.0,-0.66
2025-04-06 15:00:00-04:00,34.66,35.51,-0.0,-0.85
2025-04-06 16:00:00-04:00,35.81,36.76,0.34,-1.29
2025-04-06 17:00:00-04:00,42.84,44.89000000000001,-0.34,-1.71
2025-04-06 18:00:00-04:00,48.65,51.1,-0.0,-2.45
2025-04-06 19:00:00-04:00,56.19,58.53,-0.0,-2.34
2025-04-06 20:00:00-04:00,55.65,57.91,-0.0,-2.26
2025-04-06 21:00:00-04:00,48.93,50.39,-0.0,-1.46
2025-04-06 22:00:00-04:00,45.65,45.83,-0.0,-0.18
2025-04-06 23:00:00-04:00,41.51,40.78,-0.0,0.73
2025-04-07 00:00:00-04:00,46.63,46.21,-0.0,0.42
2025-04-07 01:00:00-04:00,42.03,41.99,-0.0,0.04
2025-04-07 02:00:00-04:00,41.48,41.11,-0.0,0.37
2025-04-07 03:00:00-04:00,40.24,39.88,-0.0,0.36
2025-04-07 04:00:00-04:00,41.7,41.330000000000005,-0.0,0.37
2025-04-07 05:00:00-04:00,45.89,46.17,-0.0,-0.28
2025-04-07 06:00:00-04:00,56.46,57.85,-0.0,-1.39
2025-04-07 07:00:00-04:00,62.4,65.53999999999999,-0.0,-3.14
2025-04-07 08:00:00-04:00,57.97,60.26,-0.0,-2.29
2025-04-07 09:00:00-04:00,55.61,58.6,-0.0,-2.99
2025-04-07 10:00:00-04:00,53.31,56.35,-0.0,-3.04
2025-04-07 11:00:00-04:00,49.87,52.83,-0.0,-2.96
2025-04-07 12:00:00-04:00,48.05,50.26,-0.0,-2.21
2025-04-07 13:00:00-04:00,46.05,48.779999999999994,-0.0,-2.73
2025-04-07 14:00:00-04:00,46.91,49.43,-0.0,-2.52
2025-04-07 15:00:00-04:00,47.81,50.32,-0.0,-2.51
2025-04-07 16:00:00-04:00,47.52,51.150000000000006,-0.0,-3.63
2025-04-07 17:00:00-04:00,51.1,55.97,-0.0,-4.87
2025-04-07 18:00:00-04:00,55.77,61.220000000000006,-0.0,-5.45
2025-04-07 19:00:00-04:00,63.33,69.14,-0.0,-5.81
2025-04-07 20:00:00-04:00,56.74,61.81,-0.0,-5.07
2025-04-07 21:00:00-04:00,50.11,54.11,-0.0,-4.0
2025-04-07 22:00:00-04:00,43.28,46.29,-0.0,-3.01
2025-04-07 23:00:00-04:00,42.54,44.54,-0.0,-2.0
2025-04-08 00:00:00-04:00,44.98,47.599999999999994,-0.0,-2.62
2025-04-08 01:00:00-04:00,40.87,43.43,-0.0,-2.56
2025-04-08 02:00:00-04:00,39.37,41.53,-0.0,-2.16
2025-04-08 03:00:00-04:00,39.51,41.59,-0.0,-2.08
2025-04-08 04:00:00-04:00,40.16,41.919999999999995,-0.0,-1.76
2025-04-08 05:00:00-04:00,42.11,44.33,-0.0,-2.22
2025-04-08 06:00:00-04:00,55.68,58.36,-0.0,-2.68
2025-04-08 07:00:00-04:00,61.59,65.73,-0.0,-4.14
2025-04-08 08:00:00-04:00,49.9,60.13999999999999,-6.51,-3.73
2025-04-08 09:00:00-04:00,48.1,54.72,-3.83,-2.79
2025-04-08 10:00:00-04:00,48.24,52.43000000000001,-1.2,-2.99
2025-04-08 11:00:00-04:00,46.41,48.599999999999994,-0.0,-2.19
2025-04-08 12:00:00-04:00,43.92,46.67,-0.0,-2.75
2025-04-08 13:00:00-04:00,43.62,45.82,-0.0,-2.2
2025-04-08 14:00:00-04:00,42.59,44.46,-0.0,-1.87
2025-04-08 15:00:00-04:00,44.55,46.599999999999994,-0.0,-2.05
2025-04-08 16:00:00-04:00,46.42,49.28,-0.0,-2.86
2025-04-08 17:00:00-04:00,50.7,56.11000000000001,-1.32,-4.09
2025-04-08 18:00:00-04:00,57.05,63.84,-1.81,-4.98
2025-04-08 19:00:00-04:00,64.61,82.59,-10.21,-7.77
2025-04-08 20:00:00-04:00,75.52,80.69,-0.0,-5.17
2025-04-08 21:00:00-04:00,59.16,62.54,-0.0,-3.38
2025-04-08 22:00:00-04:00,53.28,56.14,-0.0,-2.86
2025-04-08 23:00:00-04:00,48.32,49.81,-0.0,-1.49
2025-04-09 00:00:00-04:00,47.26,51.09,-0.0,-3.83
2025-04-09 01:00:00-04:00,46.1,49.620000000000005,-0.0,-3.52
2025-04-09 02:00:00-04:00,44.44,47.84,-0.0,-3.4
2025-04-09 03:00:00-04:00,45.11,48.2,-0.0,-3.09
2025-04-09 04:00:00-04:00,46.12,49.59,-0.0,-3.47
2025-04-09 05:00:00-04:00,54.38,58.03,-0.0,-3.65
2025-04-09 06:00:00-04:00,76.42,82.43,-0.0,-6.01
2025-04-09 07:00:00-04:00,84.61,91.27,-0.0,-6.66
2025-04-09 08:00:00-04:00,62.31,67.21000000000001,-0.0,-4.9
2025-04-09 09:00:00-04:00,51.52,54.06,-0.0,-2.54
2025-04-09 10:00:00-04:00,47.68,49.67,-0.0,-1.99
2025-04-09 11:00:00-04:00,43.06,44.67,-0.0,-1.61
2025-04-09 12:00:00-04:00,41.18,42.85,-0.0,-1.67
2025-04-09 13:00:00-04:00,39.2,40.790000000000006,-0.0,-1.59
2025-04-09 14:00:00-04:00,38.04,39.63,-0.0,-1.59
2025-04-09 15:00:00-04:00,38.62,40.059999999999995,-0.0,-1.44
2025-04-09 16:00:00-04:00,41.82,43.97,-0.0,-2.15
2025-04-09 17:00:00-04:00,48.97,51.6,-0.0,-2.63
2025-04-09 18:00:00-04:00,61.33,65.53,-0.0,-4.2
2025-04-09 19:00:00-04:00,76.58,82.25,-0.0,-5.67
2025-04-09 20:00:00-04:00,75.15,78.87,0.3,-4.02
2025-04-09 21:00:00-04:00,61.9,66.81,-0.3,-4.61
2025-04-09 22:00:00-04:00,54.23,56.37,-0.0,-2.14
2025-04-09 23:00:00-04:00,49.45,51.25,-0.0,-1.8
2025-04-10 00:00:00-04:00,40.62,42.22,-0.0,-1.6
2025-04-10 01:00:00-04:00,39.76,41.989999999999995,-0.0,-2.23
2025-04-10 02:00:00-04:00,38.19,40.239999999999995,-0.0,-2.05
2025-04-10 03:00:00-04:00,36.88,39.190000000000005,-0.0,-2.31
2025-04-10 04:00:00-04:00,38.3,40.44,-0.0,-2.14
2025-04-10 05:00:00-04:00,40.63,42.86,-0.0,-2.23
2025-04-10 06:00:00-04:00,56.24,60.02,-0.0,-3.78
2025-04-10 07:00:00-04:00,60.32,65.42,-0.0,-5.1
2025-04-10 08:00:00-04:00,49.96,53.09,-0.0,-3.13
2025-04-10 09:00:00-04:00,42.26,44.58,-0.0,-2.32
2025-04-10 10:00:00-04:00,40.97,42.72,-0.0,-1.75
2025-04-10 11:00:00-04:00,39.3,40.77,-0.0,-1.47
2025-04-10 12:00:00-04:00,39.76,40.989999999999995,-0.0,-1.23
2025-04-10 13:00:00-04:00,40.9,42.03,-0.0,-1.13
2025-04-10 14:00:00-04:00,40.31,41.73,-0.0,-1.42
2025-04-10 15:00:00-04:00,41.2,42.56,-0.0,-1.36
2025-04-10 16:00:00-04:00,42.38,44.010000000000005,-0.0,-1.63
2025-04-10 17:00:00-04:00,46.89,49.2,-0.0,-2.31
2025-04-10 18:00:00-04:00,51.94,55.2,-0.0,-3.26
2025-04-10 19:00:00-04:00,59.07,63.45,-0.0,-4.38
2025-04-10 20:00:00-04:00,55.82,59.26,-0.0,-3.44
2025-04-10 21:00:00-04:00,48.73,51.349999999999994,-0.0,-2.62
2025-04-10 22:00:00-04:00,41.79,43.71,-0.0,-1.92
2025-04-10 23:00:00-04:00,40.04,41.75,-0.0,-1.71
2025-04-11 00:00:00-04:00,39.25,41.1,-0.0,-1.85
2025-04-11 01:00:00-04:00,37.99,39.9,-0.0,-1.91
2025-04-11 02:00:00-04:00,36.61,38.25,-0.0,-1.64
2025-04-11 03:00:00-04:00,36.38,37.900000000000006,-0.0,-1.52
2025-04-11 04:00:00-04:00,36.73,38.059999999999995,-0.0,-1.33
2025-04-11 05:00:00-04:00,40.94,42.559999999999995,-0.0,-1.62
2025-04-11 06:00:00-04:00,52.19,54.48,-0.0,-2.29
2025-04-11 07:00:00-04:00,61.87,62.809999999999995,1.26,-2.2
2025-04-11 08:00:00-04:00,53.09,57.35,-1.16,-3.1
2025-04-11 09:00:00-04:00,44.6,55.76,-7.82,-3.34
2025-04-11 10:00:00-04:00,45.73,53.60999999999999,-5.04,-2.84
2025-04-11 11:00:00-04:00,47.0,50.2,-0.99,-2.21
2025-04-11 12:00:00-04:00,45.3,49.04,-1.34,-2.4
2025-04-11 13:00:00-04:00,41.1,48.64,-5.25,-2.29
2025-04-11 14:00:00-04:00,37.5,48.0,-8.1,-2.4
2025-04-11 15:00:00-04:00,39.6,48.2,-6.24,-2.36
2025-04-11 16:00:00-04:00,45.69,48.45,-0.0,-2.76
2025-04-11 17:00:00-04:00,49.53,52.75,-0.0,-3.22
2025-04-11 18:00:00-04:00,53.31,56.3,-0.0,-2.99
2025-04-11 19:00:00-04:00,58.38,61.45,-0.0,-3.07
2025-04-11 20:00:00-04:00,54.93,57.88,-0.0,-2.95
2025-04-11 21:00:00-04:00,49.99,52.85,0.47,-3.33
2025-04-11 22:00:00-04:00,47.97,51.04,-0.47,-2.6
2025-04-11 23:00:00-04:00,46.2,48.74,-0.0,-2.54
2025-04-12 00:00:00-04:00,45.05,47.669999999999995,-0.0,-2.62
2025-04-12 01:00:00-04:00,40.85,43.69,-0.0,-2.84
2025-04-12 02:00:00-04:00,39.76,42.48,-0.0,-2.72
2025-04-12 03:00:00-04:00,38.33,40.69,-0.0,-2.36
2025-04-12 04:00:00-04:00,37.33,39.92,-0.0,-2.59
2025-04-12 05:00:00-04:00,40.61,43.62,-0.0,-3.01
2025-04-12 06:00:00-04:00,46.6,50.11,-0.0,-3.51
2025-04-12 07:00:00-04:00,51.77,54.85,0.81,-3.89
2025-04-12 08:00:00-04:00,52.28,56.68,-0.49,-3.91
2025-04-12 09:00:00-04:00,52.77,56.720000000000006,-0.32,-3.63
2025-04-12 10:00:00-04:00,52.47,56.36,-0.0,-3.89
2025-04-12 11:00:00-04:00,52.74,56.28,-0.0,-3.54
2025-04-12 12:00:00-04:00,49.1,52.57,-0.0,-3.47
2025-04-12 13:00:00-04:00,47.47,50.83,-0.0,-3.36
2025-04-12 14:00:00-04:00,45.78,49.55,-0.0,-3.77
2025-04-12 15:00:00-04:00,46.31,49.53,-0.0,-3.22
2025-04-12 16:00:00-04:00,46.56,49.74,-0.0,-3.18
2025-04-12 17:00:00-04:00,49.38,52.81,-0.0,-3.43
2025-04-12 18:00:00-04:00,50.43,53.82,-0.0,-3.39
2025-04-12 19:00:00-04:00,53.61,56.79,-0.0,-3.18
2025-04-12 20:00:00-04:00,54.57,57.81,-0.0,-3.24
2025-04-12 21:00:00-04:00,49.58,52.86,-0.0,-3.28
2025-04-12 22:00:00-04:00,47.87,50.66,-0.0,-2.79
2025-04-12 23:00:00-04:00,43.95,46.260000000000005,-0.0,-2.31
2025-04-13 00:00:00-04:00,46.66,49.69,-0.0,-3.03
2025-04-13 01:00:00-04:00,44.75,47.81,-0.0,-3.06
2025-04-13 02:00:00-04:00,41.86,44.82,-0.0,-2.96
2025-04-13 03:00:00-04:00,41.06,44.1,-0.0,-3.04
2025-04-13 04:00:00-04:00,41.99,45.150000000000006,-0.0,-3.16
2025-04-13 05:00:00-04:00,41.67,44.95,-0.0,-3.28
2025-04-13 06:00:00-04:00,44.01,47.07,-0.0,-3.06
2025-04-13 07:00:00-04:00,46.62,50.02,-0.0,-3.4
2025-04-13 08:00:00-04:00,46.57,50.57,-0.0,-4.0
2025-04-13 09:00:00-04:00,43.04,46.94,-0.0,-3.9
2025-04-13 10:00:00-04:00,41.24,45.22,-0.0,-3.98
2025-04-13 11:00:00-04:00,40.39,43.76,-0.0,-3.37
2025-04-13 12:00:00-04:00,38.82,41.25,-0.0,-2.43
2025-04-13 13:00:00-04:00,37.35,40.03,-0.0,-2.68
2025-04-13 14:00:00-04:00,37.24,39.45,-0.0,-2.21
2025-04-13 15:00:00-04:00,36.31,38.55,-0.0,-2.24
2025-04-13 16:00:00-04:00,39.37,41.4,-0.0,-2.03
2025-04-13 17:00:00-04:00,44.5,48.0,-0.0,-3.5
2025-04-13 18:00:00-04:00,48.84,52.86,-0.0,-4.02
2025-04-13 19:00:00-04:00,53.03,57.15,-0.0,-4.12
2025-04-13 20:00:00-04:00,57.22,61.72,-0.0,-4.5
2025-04-13 21:00:00-04:00,51.08,55.099999999999994,-0.0,-4.02
2025-04-13 22:00:00-04:00,44.09,47.56,-0.0,-3.47
2025-04-13 23:00:00-04:00,41.42,44.83,-0.0,-3.41
2025-04-14 00:00:00-04:00,37.9,40.67,-0.0,-2.77
2025-04-14 01:00:00-04:00,36.0,38.42,-0.0,-2.42
2025-04-14 02:00:00-04:00,35.9,38.44,-0.0,-2.54
2025-04-14 03:00:00-04:00,35.73,38.419999999999995,-0.0,-2.69
2025-04-14 04:00:00-04:00,37.62,40.32,-0.0,-2.7
2025-04-14 05:00:00-04:00,41.32,44.24,-0.0,-2.92
2025-04-14 06:00:00-04:00,50.71,56.4,-0.0,-5.69
2025-04-14 07:00:00-04:00,53.73,59.76,-0.0,-6.03
2025-04-14 08:00:00-04:00,44.33,49.48,-0.0,-5.15
2025-04-14 09:00:00-04:00,34.12,37.37,-0.0,-3.25
2025-04-14 10:00:00-04:00,32.53,35.13,-0.0,-2.6
2025-04-14 11:00:00-04:00,29.34,31.79,-0.0,-2.45
2025-04-14 12:00:00-04:00,28.64,31.23,-0.0,-2.59
2025-04-14 13:00:00-04:00,29.52,31.74,-0.0,-2.22
2025-04-14 14:00:00-04:00,29.91,32.2,-0.0,-2.29
2025-04-14 15:00:00-04:00,32.03,34.22,-0.0,-2.19
2025-04-14 16:00:00-04:00,34.41,37.31999999999999,-0.0,-2.91
2025-04-14 17:00:00-04:00,40.53,44.98,-0.0,-4.45
2025-04-14 18:00:00-04:00,48.44,55.05,-0.0,-6.61
2025-04-14 19:00:00-04:00,51.26,57.349999999999994,0.39,-6.48
2025-04-14 20:00:00-04:00,51.19,56.7,0.56,-6.07
2025-04-14 21:00:00-04:00,45.9,52.19,0.03,-6.32
2025-04-14 22:00:00-04:00,36.6,41.03,-0.0,-4.43
2025-04-14 23:00:00-04:00,33.08,36.51,-0.0,-3.43
2025-04-15 00:00:00-04:00,29.66,33.06,-0.0,-3.4
2025-04-15 01:00:00-04:00,29.05,32.35,-0.0,-3.3
2025-04-15 02:00:00-04:00,28.91,32.48,-0.0,-3.57
2025-04-15 03:00:00-04:00,28.41,32.07,-0.0,-3.66
2025-04-15 04:00:00-04:00,29.92,33.54,-0.0,-3.62
2025-04-15 05:00:00-04:00,32.48,36.209999999999994,-0.0,-3.73
2025-04-15 06:00:00-04:00,42.29,47.52,-0.0,-5.23
2025-04-15 07:00:00-04:00,46.5,52.96,-0.0,-6.46
2025-04-15 08:00:00-04:00,39.69,45.52,-0.09,-5.74
2025-04-15 09:00:00-04:00,36.13,39.66,-0.0,-3.53
2025-04-15 10:00:00-04:00,34.1,37.31,-0.0,-3.21
2025-04-15 11:00:00-04:00,30.98,33.6,-0.0,-2.62
2025-04-15 12:00:00-04:00,30.06,32.71,-0.0,-2.65
2025-04-15 13:00:00-04:00,29.0,31.35,-0.0,-2.35
2025-04-15 14:00:00-04:00,28.39,30.89,-0.0,-2.5
2025-04-15 15:00:00-04:00,30.53,33.08,-0.0,-2.55
2025-04-15 16:00:00-04:00,33.94,36.93,-0.0,-2.99
2025-04-15 17:00:00-04:00,36.2,40.49,-0.0,-4.29
2025-04-15 18:00:00-04:00,41.1,45.2,0.78,-4.88
2025-04-15 19:00:00-04:00,49.43,54.95,0.31,-5.83
2025-04-15 20:00:00-04:00,43.31,48.57,-0.26,-5.0
2025-04-15 21:00:00-04:00,40.44,44.22,0.6,-4.38
2025-04-15 22:00:00-04:00,35.66,38.93,-0.0,-3.27
2025-04-15 23:00:00-04:00,32.13,35.39,-0.0,-3.26
2025-04-16 00:00:00-04:00,28.15,31.3,0.2,-3.35
2025-04-16 01:00:00-04:00,27.9,30.769999999999996,0.42,-3.29
2025-04-16 02:00:00-04:00,28.09,31.38,-0.0,-3.29
2025-04-16 03:00:00-04:00,27.6,30.72,0.01,-3.13
2025-04-16 04:00:00-04:00,29.05,32.4,0.02,-3.37
2025-04-16 05:00:00-04:00,32.61,36.27,-0.0,-3.66
2025-04-16 06:00:00-04:00,41.47,46.39,-0.0,-4.92
2025-04-16 07:00:00-04:00,47.09,52.73,-0.0,-5.64
2025-04-16 08:00:00-04:00,40.23,43.489999999999995,-0.0,-3.26
2025-04-16 09:00:00-04:00,36.07,39.0,-0.0,-2.93
2025-04-16 10:00:00-04:00,33.5,35.64,-0.0,-2.14
2025-04-16 11:00:00-04:00,30.27,32.48,-0.0,-2.21
2025-04-16 12:00:00-04:00,28.72,31.01,-0.0,-2.29
2025-04-16 13:00:00-04:00,28.29,30.75,-0.0,-2.46
2025-04-16 14:00:00-04:00,28.31,30.84,-0.0,-2.53
2025-04-16 15:00:00-04:00,29.5,32.0,-0.0,-2.5
2025-04-16 16:00:00-04:00,31.5,34.27,-0.0,-2.77
2025-04-16 17:00:00-04:00,36.48,40.129999999999995,-0.0,-3.65
2025-04-16 18:00:00-04:00,41.76,46.25,-0.0,-4.49
2025-04-16 19:00:00-04:00,51.42,56.260000000000005,-0.0,-4.84
2025-04-16 20:00:00-04:00,51.66,56.029999999999994,-0.0,-4.37
2025-04-16 21:00:00-04:00,45.11,48.2,-0.0,-3.09
2025-04-16 22:00:00-04:00,38.96,41.67,-0.0,-2.71
2025-04-16 23:00:00-04:00,36.81,38.620000000000005,-0.0,-1.81
2025-04-17 00:00:00-04:00,32.58,33.69,-0.0,-1.11
2025-04-17 01:00:00-04:00,30.83,32.21,-0.0,-1.38
2025-04-17 02:00:00-04:00,31.64,32.45,-0.0,-0.81
2025-04-17 03:00:00-04:00,31.02,32.25,-0.0,-1.23
2025-04-17 04:00:00-04:00,31.83,32.949999999999996,-0.0,-1.12
2025-04-17 05:00:00-04:00,37.25,38.44,-0.0,-1.19
2025-04-17 06:00:00-04:00,51.57,53.66,-0.0,-2.09
2025-04-17 07:00:00-04:00,52.56,55.5,-0.0,-2.94
2025-04-17 08:00:00-04:00,40.08,41.879999999999995,-0.0,-1.8
2025-04-17 09:00:00-04:00,27.56,28.979999999999997,-0.0,-1.42
2025-04-17 10:00:00-04:00,24.73,25.98,-0.0,-1.25
2025-04-17 11:00:00-04:00,23.06,23.799999999999997,-0.0,-0.74
2025-04-17 12:00:00-04:00,22.42,23.380000000000003,-0.0,-0.96
2025-04-17 13:00:00-04:00,22.32,22.82,-0.0,-0.5
2025-04-17 14:00:00-04:00,21.67,22.090000000000003,-0.0,-0.42
2025-04-17 15:00:00-04:00,22.27,22.91,-0.0,-0.64
2025-04-17 16:00:00-04:00,22.92,24.1,-0.0,-1.18
2025-04-17 17:00:00-04:00,28.56,30.68,-0.0,-2.12
2025-04-17 18:00:00-04:00,39.67,42.2,-0.0,-2.53
2025-04-17 19:00:00-04:00,49.18,52.43,-0.0,-3.25
2025-04-17 20:00:00-04:00,49.93,53.12,-0.0,-3.19
2025-04-17 21:00:00-04:00,42.81,45.3,-0.0,-2.49
2025-04-17 22:00:00-04:00,36.91,38.809999999999995,-0.0,-1.9
2025-04-17 23:00:00-04:00,34.12,35.43,-0.0,-1.31
2025-04-18 00:00:00-04:00,29.32,31.9,-0.0,-2.58
2025-04-18 01:00:00-04:00,26.79,29.34,-0.0,-2.55
2025-04-18 02:00:00-04:00,25.42,27.9,-0.0,-2.48
2025-04-18 03:00:00-04:00,25.02,27.77,-0.0,-2.75
2025-04-18 04:00:00-04:00,26.49,29.139999999999997,-0.0,-2.65
2025-04-18 05:00:00-04:00,30.4,33.37,-0.0,-2.97
2025-04-18 06:00:00-04:00,38.02,42.53,-0.0,-4.51
2025-04-18 07:00:00-04:00,40.88,44.31,1.44,-4.87
2025-04-18 08:00:00-04:00,33.0,38.14,-1.44,-3.7
2025-04-18 09:00:00-04:00,25.26,27.74,0.1,-2.58
2025-04-18 10:00:00-04:00,23.85,26.090000000000003,-0.0,-2.24
2025-04-18 11:00:00-04:00,22.71,24.5,-0.0,-1.79
2025-04-18 12:00:00-04:00,21.85,23.520000000000003,-0.0,-1.67
2025-04-18 13:00:00-04:00,21.9,23.729999999999997,-0.0,-1.83
2025-04-18 14:00:00-04:00,22.01,23.81,0.13,-1.93
2025-04-18 15:00:00-04:00,20.05,20.7,0.96,-1.61
2025-04-18 16:00:00-04:00,20.03,20.230000000000004,1.4,-1.6
2025-04-18 17:00:00-04:00,22.48,22.88,1.87,-2.27
2025-04-18 18:00:00-04:00,31.59,33.669999999999995,1.09,-3.17
2025-04-18 19:00:00-04:00,35.22,37.37,1.29,-3.44
2025-04-18 20:00:00-04:00,35.13,37.0,1.42,-3.29
2025-04-18 21:00:00-04:00,31.66,33.5,0.97,-2.81
2025-04-18 22:00:00-04:00,27.6,28.97,1.06,-2.43
2025-04-18 23:00:00-04:00,28.03,30.480000000000004,0.08,-2.53
2025-04-19 00:00:00-04:00,21.53,22.74,0.77,-1.98
2025-04-19 01:00:00-04:00,19.83,20.78,0.8,-1.75
2025-04-19 02:00:00-04:00,19.29,20.58,0.52,-1.81
2025-04-19 03:00:00-04:00,18.04,19.09,0.65,-1.7
2025-04-19 04:00:00-04:00,20.02,21.66,0.2,-1.84
2025-04-19 05:00:00-04:00,21.64,25.59,-1.72,-2.23
2025-04-19 06:00:00-04:00,23.91,23.49,2.37,-1.95
2025-04-19 07:00:00-04:00,25.7,27.79,0.16,-2.25
2025-04-19 08:00:00-04:00,26.52,28.7,-0.0,-2.18
2025-04-19 09:00:00-04:00,24.92,26.840000000000003,0.31,-2.23
2025-04-19 10:00:00-04:00,24.05,25.72,0.41,-2.08
2025-04-19 11:00:00-04:00,24.05,26.040000000000003,0.09,-2.08
2025-04-19 12:00:00-04:00,24.05,25.98,0.02,-1.95
2025-04-19 13:00:00-04:00,23.69,25.5,-0.0,-1.81
2025-04-19 14:00:00-04:00,23.67,25.62,-0.0,-1.95
2025-04-19 15:00:00-04:00,24.99,27.34,-0.0,-2.35
2025-04-19 16:00:00-04:00,26.36,28.97,0.03,-2.64
2025-04-19 17:00:00-04:00,32.17,35.550000000000004,0.07,-3.45
2025-04-19 18:00:00-04:00,32.65,35.88999999999999,0.6,-3.84
2025-04-19 19:00:00-04:00,34.33,36.85999999999999,1.27,-3.8
2025-04-19 20:00:00-04:00,36.12,39.48,0.75,-4.11
2025-04-19 21:00:00-04:00,32.18,35.53,0.03,-3.38
2025-04-19 22:00:00-04:00,29.17,31.880000000000003,-0.0,-2.71
2025-04-19 23:00:00-04:00,27.05,29.4,-0.0,-2.35
2025-04-20 00:00:00-04:00,25.03,26.99,0.39,-2.35
2025-04-20 01:00:00-04:00,24.94,27.08,-0.0,-2.14
2025-04-20 02:00:00-04:00,23.13,25.2,-0.0,-2.07
2025-04-20 03:00:00-04:00,22.36,24.22,-0.0,-1.86
2025-04-20 04:00:00-04:00,21.08,23.01,-0.0,-1.93
2025-04-20 05:00:00-04:00,23.03,24.74,-0.0,-1.71
2025-04-20 06:00:00-04:00,25.0,28.89,-1.46,-2.43
2025-04-20 07:00:00-04:00,27.58,27.909999999999997,1.46,-1.79
2025-04-20 08:00:00-04:00,23.74,25.04,-0.0,-1.3
2025-04-20 09:00:00-04:00,19.44,20.81,-0.0,-1.37
2025-04-20 10:00:00-04:00,18.82,19.69,-0.0,-0.87
2025-04-20 11:00:00-04:00,17.0,17.88,-0.0,-0.88
2025-04-20 12:00:00-04:00,16.2,17.029999999999998,-0.0,-0.83
2025-04-20 13:00:00-04:00,16.36,17.18,-0.0,-0.82
2025-04-20 14:00:00-04:00,15.65,16.47,-0.0,-0.82
2025-04-20 15:00:00-04:00,16.68,17.65,-0.0,-0.97
2025-04-20 16:00:00-04:00,18.3,19.57,-0.0,-1.27
2025-04-20 17:00:00-04:00,25.53,27.9,-0.0,-2.37
2025-04-20 18:00:00-04:00,32.22,35.3,0.31,-3.39
2025-04-20 19:00:00-04:00,37.67,42.77,-0.31,-4.79
2025-04-20 20:00:00-04:00,37.32,42.07,-0.0,-4.75
2025-04-20 21:00:00-04:00,32.3,36.05,-0.0,-3.75
2025-04-20 22:00:00-04:00,31.1,33.88,-0.0,-2.78
2025-04-20 23:00:00-04:00,28.06,30.07,-0.0,-2.01
2025-04-21 00:00:00-04:00,25.16,28.17,-0.0,-3.01
2025-04-21 01:00:00-04:00,24.05,26.75,-0.0,-2.7
2025-04-21 02:00:00-04:00,22.67,25.270000000000003,-0.0,-2.6
2025-04-21 03:00:00-04:00,21.52,24.13,-0.0,-2.61
2025-04-21 04:00:00-04:00,22.31,24.959999999999997,-0.0,-2.65
2025-04-21 05:00:00-04:00,24.59,27.75,-0.0,-3.16
2025-04-21 06:00:00-04:00,28.33,32.379999999999995,-0.0,-4.05
2025-04-21 07:00:00-04:00,32.07,36.379999999999995,0.09,-4.4
2025-04-21 08:00:00-04:00,30.4,34.169999999999995,-0.01,-3.76
2025-04-21 09:00:00-04:00,28.37,31.42,-0.0,-3.05
2025-04-21 10:00:00-04:00,27.27,30.4,-0.0,-3.13
2025-04-21 11:00:00-04:00,27.06,29.77,-0.0,-2.71
2025-04-21 12:00:00-04:00,24.09,28.73,-1.28,-3.36
2025-04-21 13:00:00-04:00,24.06,27.92,-0.59,-3.27
2025-04-21 14:00:00-04:00,24.09,28.52,-1.12,-3.31
2025-04-21 15:00:00-04:00,24.08,32.669999999999995,-4.8,-3.79
2025-04-21 16:00:00-04:00,22.43,35.84,-9.29,-4.12
2025-04-21 17:00:00-04:00,32.12,36.2,0.01,-4.09
2025-04-21 18:00:00-04:00,32.3,36.45,0.04,-4.19
2025-04-21 19:00:00-04:00,32.56,42.330000000000005,-4.99,-4.78
2025-04-21 20:00:00-04:00,32.21,35.84,0.64,-4.27
2025-04-21 21:00:00-04:00,30.66,34.62,0.02,-3.98
2025-04-21 22:00:00-04:00,24.2,27.3,0.04,-3.14
2025-04-21 23:00:00-04:00,20.47,21.24,1.57,-2.34
2025-04-22 00:00:00-04:00,17.08,16.32,2.33,-1.57
2025-04-22 01:00:00-04:00,14.9,13.32,2.75,-1.17
2025-04-22 02:00:00-04:00,14.81,13.64,2.41,-1.24
2025-04-22 03:00:00-04:00,12.89,11.25,2.65,-1.01
2025-04-22 04:00:00-04:00,16.48,15.970000000000002,1.95,-1.44
2025-04-22 05:00:00-04:00,20.02,20.22,1.82,-2.02
2025-04-22 06:00:00-04:00,24.06,23.3,3.09,-2.33
2025-04-22 07:00:00-04:00,33.7,36.88,0.54,-3.72
2025-04-22 08:00:00-04:00,31.02,33.75,-0.0,-2.73
2025-04-22 09:00:00-04:00,26.37,28.76,-0.0,-2.39
2025-04-22 10:00:00-04:00,26.38,28.96,-0.0,-2.58
2025-04-22 11:00:00-04:00,25.2,27.54,-0.0,-2.34
2025-04-22 12:00:00-04:00,24.08,26.22,0.09,-2.23
2025-04-22 13:00:00-04:00,24.8,27.19,0.08,-2.47
2025-04-22 14:00:00-04:00,24.05,25.84,0.38,-2.17
2025-04-22 15:00:00-04:00,24.55,26.450000000000003,0.43,-2.33
2025-04-22 16:00:00-04:00,27.83,29.43,0.93,-2.53
2025-04-22 17:00:00-04:00,32.98,35.35999999999999,0.52,-2.9
2025-04-22 18:00:00-04:00,38.54,41.98,-0.0,-3.44
2025-04-22 19:00:00-04:00,43.42,46.89,-0.0,-3.47
2025-04-22 20:00:00-04:00,45.83,49.33,-0.0,-3.5
2025-04-22 21:00:00-04:00,37.15,39.35,-0.0,-2.2
2025-04-22 22:00:00-04:00,32.4,33.61,-0.0,-1.21
2025-04-22 23:00:00-04:00,29.2,31.23,-0.0,-2.03
2025-04-23 00:00:00-04:00,24.67,26.22,-0.0,-1.55
2025-04-23 01:00:00-04:00,24.74,25.69,-0.0,-0.95
2025-04-23 02:00:00-04:00,22.78,24.18,-0.0,-1.4
2025-04-23 03:00:00-04:00,23.6,24.92,-0.0,-1.32
2025-04-23 04:00:00-04:00,24.75,26.02,-0.0,-1.27
2025-04-23 05:00:00-04:00,28.5,30.0,-0.0,-1.5
2025-04-23 06:00:00-04:00,36.67,39.35,-0.0,-2.68
2025-04-23 07:00:00-04:00,36.93,39.67,-0.0,-2.74
2025-04-23 08:00:00-04:00,30.41,32.32,-0.0,-1.91
2025-04-23 09:00:00-04:00,25.56,27.049999999999997,-0.0,-1.49
2025-04-23 10:00:00-04:00,23.72,25.02,-0.0,-1.3
2025-04-23 11:00:00-04:00,21.81,23.01,-0.0,-1.2
2025-04-23 12:00:00-04:00,21.11,22.29,-0.0,-1.18
2025-04-23 13:00:00-04:00,21.31,22.6,-0.0,-1.29
2025-04-23 14:00:00-04:00,21.29,22.55,-0.0,-1.26
2025-04-23 15:00:00-04:00,23.19,24.700000000000003,-0.0,-1.51
2025-04-23 16:00:00-04:00,25.67,28.090000000000003,-0.0,-2.42
2025-04-23 17:00:00-04:00,31.58,33.67,-0.0,-2.09
2025-04-23 18:00:00-04:00,36.67,39.6,-0.0,-2.93
2025-04-23 19:00:00-04:00,41.95,44.580000000000005,-0.0,-2.63
2025-04-23 20:00:00-04:00,41.27,45.05,-0.0,-3.78
2025-04-23 21:00:00-04:00,34.77,36.720000000000006,-0.0,-1.95
2025-04-23 22:00:00-04:00,31.24,32.71,-0.0,-1.47
2025-04-23 23:00:00-04:00,28.29,29.41,-0.0,-1.12
2025-04-24 00:00:00-04:00,24.05,26.06,-0.0,-2.01
2025-04-24 01:00:00-04:00,22.6,24.540000000000003,-0.0,-1.94
2025-04-24 02:00:00-04:00,21.07,22.39,-0.0,-1.32
2025-04-24 03:00:00-04:00,20.54,22.01,-0.0,-1.47
2025-04-24 04:00:00-04:00,19.41,20.85,-0.0,-1.44
2025-04-24 05:00:00-04:00,25.75,26.91,-0.0,-1.16
2025-04-24 06:00:00-04:00,31.07,32.910000000000004,-0.0,-1.84
2025-04-24 07:00:00-04:00,35.67,37.35,-0.0,-1.68
2025-04-24 08:00:00-04:00,30.32,31.78,-0.0,-1.46
2025-04-24 09:00:00-04:00,24.21,25.87,-0.0,-1.66
2025-04-24 10:00:00-04:00,23.7,25.0,-0.0,-1.3
2025-04-24 11:00:00-04:00,22.5,23.74,-0.0,-1.24
2025-04-24 12:00:00-04:00,22.85,24.130000000000003,-0.0,-1.28
2025-04-24 13:00:00-04:00,23.24,24.67,-0.0,-1.43
2025-04-24 14:00:00-04:00,23.62,25.1,-0.0,-1.48
2025-04-24 15:00:00-04:00,25.98,27.64,-0.0,-1.66
2025-04-24 16:00:00-04:00,28.78,30.58,-0.0,-1.8
2025-04-24 17:00:00-04:00,33.23,35.89,-0.0,-2.66
2025-04-24 18:00:00-04:00,39.54,42.34,-0.0,-2.8
2025-04-24 19:00:00-04:00,44.67,47.67,-0.0,-3.0
2025-04-24 20:00:00-04:00,42.18,45.06,-0.0,-2.88
2025-04-24 21:00:00-04:00,36.25,37.84,-0.0,-1.59
2025-04-24 22:00:00-04:00,30.78,32.230000000000004,-0.0,-1.45
2025-04-24 23:00:00-04:00,28.7,29.41,-0.0,-0.71
2025-04-25 00:00:00-04:00,23.77,26.15,-0.0,-2.38
2025-04-25 01:00:00-04:00,22.13,24.51,-0.0,-2.38
2025-04-25 02:00:00-04:00,21.05,23.23,-0.0,-2.18
2025-04-25 03:00:00-04:00,21.6,23.450000000000003,-0.0,-1.85
2025-04-25 04:00:00-04:00,22.63,24.76,-0.0,-2.13
2025-04-25 05:00:00-04:00,25.34,27.45,-0.0,-2.11
2025-04-25 06:00:00-04:00,30.62,33.870000000000005,-0.0,-3.25
2025-04-25 07:00:00-04:00,35.84,38.25,-0.0,-2.41
2025-04-25 08:00:00-04:00,29.35,31.09,-0.0,-1.74
2025-04-25 09:00:00-04:00,26.35,28.15,-0.0,-1.8
2025-04-25 10:00:00-04:00,25.05,26.48,-0.0,-1.43
2025-04-25 11:00:00-04:00,24.89,26.37,-0.0,-1.48
2025-04-25 12:00:00-04:00,25.06,26.97,-0.0,-1.91
2025-04-25 13:00:00-04:00,26.0,27.78,-0.0,-1.78
2025-04-25 14:00:00-04:00,26.69,28.950000000000003,-0.0,-2.26
2025-04-25 15:00:00-04:00,28.2,30.68,-0.0,-2.48
2025-04-25 16:00:00-04:00,31.63,34.269999999999996,-0.0,-2.64
2025-04-25 17:00:00-04:00,35.42,39.1,-0.28,-3.4
2025-04-25 18:00:00-04:00,39.59,42.64,0.28,-3.33
2025-04-25 19:00:00-04:00,41.37,45.16,-0.0,-3.79
2025-04-25 20:00:00-04:00,38.9,42.239999999999995,-0.0,-3.34
2025-04-25 21:00:00-04:00,32.31,34.89,-0.0,-2.58
2025-04-25 22:00:00-04:00,30.2,32.269999999999996,-0.0,-2.07
2025-04-25 23:00:00-04:00,26.45,28.23,-0.0,-1.78
2025-04-26 00:00:00-04:00,26.5,28.96,-0.0,-2.46
2025-04-26 01:00:00-04:00,23.26,25.450000000000003,0.18,-2.37
2025-04-26 02:00:00-04:00,21.96,24.1,0.15,-2.29
2025-04-26 03:00:00-04:00,20.24,21.809999999999995,0.35,-1.92
2025-04-26 04:00:00-04:00,20.79,22.43,0.38,-2.02
2025-04-26 05:00:00-04:00,20.85,22.69,0.34,-2.18
2025-04-26 06:00:00-04:00,20.0,21.1,0.88,-1.98
2025-04-26 07:00:00-04:00,24.08,26.5,0.15,-2.57
2025-04-26 08:00:00-04:00,27.69,31.22,-0.0,-3.53
2025-04-26 09:00:00-04:00,25.92,29.8,-0.24,-3.64
2025-04-26 10:00:00-04:00,26.17,29.520000000000003,0.31,-3.66
2025-04-26 11:00:00-04:00,24.8,26.73,1.28,-3.21
2025-04-26 12:00:00-04:00,24.33,26.02,1.2,-2.89
2025-04-26 13:00:00-04:00,22.23,23.11,1.64,-2.52
2025-04-26 14:00:00-04:00,21.6,22.44,1.56,-2.4
2025-04-26 15:00:00-04:00,19.88,19.71,2.26,-2.09
2025-04-26 16:00:00-04:00,18.92,18.040000000000003,2.72,-1.84
2025-04-26 17:00:00-04:00,24.08,23.85,2.76,-2.53
2025-04-26 18:00:00-04:00,24.08,24.02,2.61,-2.55
2025-04-26 19:00:00-04:00,29.4,30.579999999999995,1.76,-2.94
2025-04-26 20:00:00-04:00,29.38,29.959999999999997,2.12,-2.7
2025-04-26 21:00:00-04:00,29.54,32.379999999999995,0.27,-3.11
2025-04-26 22:00:00-04:00,26.17,27.94,0.55,-2.32
2025-04-26 23:00:00-04:00,21.4,22.19,0.99,-1.78
2025-04-27 00:00:00-04:00,13.31,11.31,2.69,-0.69
2025-04-27 01:00:00-04:00,14.4,13.21,2.04,-0.85
2025-04-27 02:00:00-04:00,14.3,13.410000000000002,1.78,-0.89
2025-04-27 03:00:00-04:00,14.3,13.36,1.93,-0.99
2025-04-27 04:00:00-04:00,15.0,14.54,1.64,-1.18
2025-04-27 05:00:00-04:00,18.76,19.390000000000004,0.9,-1.53
2025-04-27 06:00:00-04:00,17.87,17.78,1.44,-1.35
2025-04-27 07:00:00-04:00,20.86,21.97,0.54,-1.65
2025-04-27 08:00:00-04:00,18.65,19.02,1.09,-1.46
2025-04-27 09:00:00-04:00,17.59,17.16,1.72,-1.29
2025-04-27 10:00:00-04:00,17.47,17.07,1.83,-1.43
2025-04-27 11:00:00-04:00,15.04,14.04,2.19,-1.19
2025-04-27 12:00:00-04:00,15.04,14.05,2.1,-1.11
2025-04-27 13:00:00-04:00,17.56,17.529999999999998,1.43,-1.4
2025-04-27 14:00:00-04:00,15.04,13.99,2.1,-1.05
2025-04-27 15:00:00-04:00,15.03,13.920000000000002,2.11,-1.0
2025-04-27 16:00:00-04:00,19.47,19.9,1.04,-1.47
2025-04-27 17:00:00-04:00,21.52,22.3,1.09,-1.87
2025-04-27 18:00:00-04:00,26.77,28.92,0.45,-2.6
2025-04-27 19:00:00-04:00,35.55,39.08,0.03,-3.56
2025-04-27 20:00:00-04:00,39.9,43.56,-0.0,-3.66
2025-04-27 21:00:00-04:00,29.78,32.09,-0.0,-2.31
2025-04-27 22:00:00-04:00,26.71,28.78,-0.0,-2.07
2025-04-27 23:00:00-04:00,24.95,26.68,-0.0,-1.73
2025-04-28 00:00:00-04:00,28.0,29.57,-0.0,-1.57
2025-04-28 01:00:00-04:00,24.95,26.26,-0.0,-1.31
2025-04-28 02:00:00-04:00,23.37,25.130000000000003,-0.0,-1.76
2025-04-28 03:00:00-04:00,23.18,25.06,-0.0,-1.88
2025-04-28 04:00:00-04:00,23.5,25.38,-0.0,-1.88
2025-04-28 05:00:00-04:00,26.47,28.22,-0.0,-1.75
2025-04-28 06:00:00-04:00,34.27,36.970000000000006,-0.0,-2.7
2025-04-28 07:00:00-04:00,34.97,38.43,-0.0,-3.46
2025-04-28 08:00:00-04:00,30.96,32.800000000000004,-0.0,-1.84
2025-04-28 09:00:00-04:00,25.76,27.46,-0.0,-1.7
2025-04-28 10:00:00-04:00,22.73,24.21,-0.0,-1.48
2025-04-28 11:00:00-04:00,21.49,23.01,-0.0,-1.52
2025-04-28 12:00:00-04:00,21.04,22.85,-0.0,-1.81
2025-04-28 13:00:00-04:00,21.96,23.66,-0.0,-1.7
2025-04-28 14:00:00-04:00,21.52,23.49,-0.0,-1.97
2025-04-28 15:00:00-04:00,22.09,24.38,-0.0,-2.29
2025-04-28 16:00:00-04:00,25.16,28.14,-0.0,-2.98
2025-04-28 17:00:00-04:00,29.03,32.77,-0.0,-3.74
2025-04-28 18:00:00-04:00,35.16,39.81999999999999,-0.0,-4.66
2025-04-28 19:00:00-04:00,35.05,46.739999999999995,-6.08,-5.61
2025-04-28 20:00:00-04:00,35.02,46.650000000000006,-5.75,-5.88
2025-04-28 21:00:00-04:00,32.21,35.87,0.07,-3.73
2025-04-28 22:00:00-04:00,22.77,27.950000000000003,-2.33,-2.85
2025-04-28 23:00:00-04:00,20.79,22.74,0.42,-2.37
2025-04-29 00:00:00-04:00,17.4,17.4,1.55,-1.55
2025-04-29 01:00:00-04:00,11.2,9.42,2.53,-0.75
2025-04-29 02:00:00-04:00,9.93,11.07,-0.23,-0.91
2025-04-29 03:00:00-04:00,10.01,8.17,2.47,-0.63
2025-04-29 04:00:00-04:00,9.91,7.85,2.65,-0.59
2025-04-29 05:00:00-04:00,9.95,14.18,-3.04,-1.19
2025-04-29 06:00:00-04:00,12.2,16.119999999999997,-2.47,-1.45
2025-04-29 07:00:00-04:00,17.69,16.25,3.08,-1.64
2025-04-29 08:00:00-04:00,17.79,17.48,2.13,-1.82
2025-04-29 09:00:00-04:00,17.37,17.580000000000002,1.27,-1.48
2025-04-29 10:00:00-04:00,17.73,18.32,1.06,-1.65
2025-04-29 11:00:00-04:00,17.82,18.64,0.88,-1.7
2025-04-29 12:00:00-04:00,18.2,18.85,1.05,-1.7
2025-04-29 13:00:00-04:00,20.22,21.72,0.67,-2.17
2025-04-29 14:00:00-04:00,20.4,25.949999999999996,-2.67,-2.88
2025-04-29 15:00:00-04:00,21.38,29.0,-4.46,-3.16
2025-04-29 16:00:00-04:00,23.7,25.74,0.97,-3.01
2025-04-29 17:00:00-04:00,27.13,28.05,2.22,-3.14
2025-04-29 18:00:00-04:00,29.46,29.85,2.83,-3.22
2025-04-29 19:00:00-04:00,31.77,32.059999999999995,3.56,-3.85
2025-04-29 20:00:00-04:00,32.79,32.9,3.48,-3.59
2025-04-29 21:00:00-04:00,28.12,28.82,2.12,-2.82
2025-04-29 22:00:00-04:00,24.4,25.43,1.46,-2.49
2025-04-29 23:00:00-04:00,19.1,18.32,2.19,-1.41
2025-04-30 00:00:00-04:00,20.0,19.52,1.59,-1.11
2025-04-30 01:00:00-04:00,18.66,18.21,1.43,-0.98
2025-04-30 02:00:00-04:00,18.63,18.49,1.14,-1.0
2025-04-30 03:00:00-04:00,18.78,18.99,0.89,-1.1
2025-04-30 04:00:00-04:00,23.36,24.96,-0.0,-1.6
2025-04-30 05:00:00-04:00,27.66,28.75,-0.0,-1.09
2025-04-30 06:00:00-04:00,35.15,38.46,-0.0,-3.31
2025-04-30 07:00:00-04:00,39.52,42.18000000000001,-0.0,-2.66
2025-04-30 08:00:00-04:00,32.98,35.08,-0.0,-2.1
2025-04-30 09:00:00-04:00,28.75,30.2,-0.0,-1.45
2025-04-30 10:00:00-04:00,27.21,28.49,-0.0,-1.28
2025-04-30 11:00:00-04:00,25.83,27.22,-0.0,-1.39
2025-04-30 12:00:00-04:00,25.28,26.55,-0.0,-1.27
2025-04-30 13:00:00-04:00,24.24,25.92,-0.0,-1.68
2025-04-30 14:00:00-04:00,24.36,26.19,-0.0,-1.83
2025-04-30 15:00:00-04:00,25.44,27.59,-0.0,-2.15
2025-04-30 16:00:00-04:00,27.72,30.2,-0.0,-2.48
2025-04-30 17:00:00-04:00,36.67,40.120000000000005,-0.0,-3.45
2025-04-30 18:00:00-04:00,43.02,47.07,-0.0,-4.05
2025-04-30 19:00:00-04:00,48.48,52.02,-0.0,-3.54
2025-04-30 20:00:00-04:00,48.73,52.62,-0.0,-3.89
2025-04-30 21:00:00-04:00,39.79,42.56,-0.0,-2.77
2025-04-30 22:00:00-04:00,34.51,36.019999999999996,-0.0,-1.51
2025-04-30 23:00:00-04:00,30.77,31.43,-0.0,-0.66
2025-05-01 00:00:00-04:00,35.57,34.45,-0.09,1.21
2025-05-01 01:00:00-04:00,28.06,28.6,0.09,-0.63
2025-05-01 02:00:00-04:00,27.03,27.39,-0.0,-0.36
2025-05-01 03:00:00-04:00,26.33,26.92,-0.0,-0.59
2025-05-01 04:00:00-04:00,27.98,28.46,-0.0,-0.48
2025-05-01 05:00:00-04:00,33.06,33.63,-0.0,-0.57
2025-05-01 06:00:00-04:00,40.84,42.940000000000005,-0.0,-2.1
2025-05-01 07:00:00-04:00,41.57,44.84,-0.0,-3.27
2025-05-01 08:00:00-04:00,33.33,35.8,-0.0,-2.47
2025-05-01 09:00:00-04:00,29.57,31.09,-0.0,-1.52
2025-05-01 10:00:00-04:00,27.38,28.91,-0.0,-1.53
2025-05-01 11:00:00-04:00,25.87,27.380000000000003,-0.0,-1.51
2025-05-01 12:00:00-04:00,25.54,27.05,-0.0,-1.51
2025-05-01 13:00:00-04:00,25.97,27.69,-0.0,-1.72
2025-05-01 14:00:00-04:00,26.59,28.59,-0.0,-2.0
2025-05-01 15:00:00-04:00,28.49,30.4,-0.0,-1.91
2025-05-01 16:00:00-04:00,30.64,33.38,-0.0,-2.74
2025-05-01 17:00:00-04:00,35.17,38.15,-0.0,-2.98
2025-05-01 18:00:00-04:00,40.66,44.03999999999999,-0.12,-3.26
2025-05-01 19:00:00-04:00,47.62,50.83,1.16,-4.37
2025-05-01 20:00:00-04:00,43.37,47.01,0.78,-4.42
2025-05-01 21:00:00-04:00,34.6,37.89,0.08,-3.37
2025-05-01 22:00:00-04:00,30.07,32.47,-0.0,-2.4
2025-05-01 23:00:00-04:00,28.28,30.54,-0.0,-2.26
2025-05-02 00:00:00-04:00,30.78,31.1,-0.38,0.06
2025-05-02 01:00:00-04:00,25.39,26.47,0.38,-1.46
2025-05-02 02:00:00-04:00,23.69,25.28,-0.0,-1.59
2025-05-02 03:00:00-04:00,23.15,24.58,-0.0,-1.43
2025-05-02 04:00:00-04:00,24.03,25.24,-0.0,-1.21
2025-05-02 05:00:00-04:00,27.06,28.39,-0.0,-1.33
2025-05-02 06:00:00-04:00,34.37,37.0,-0.0,-2.63
2025-05-02 07:00:00-04:00,39.14,41.220000000000006,0.44,-2.52
2025-05-02 08:00:00-04:00,34.98,38.95,-0.89,-3.08
2025-05-02 09:00:00-04:00,33.92,37.9,-0.19,-3.79
2025-05-02 10:00:00-04:00,31.25,34.76,-0.0,-3.51
2025-05-02 11:00:00-04:00,30.39,33.77,-0.0,-3.38
2025-05-02 12:00:00-04:00,30.09,33.36,-0.0,-3.27
2025-05-02 13:00:00-04:00,29.6,32.96,-0.0,-3.36
2025-05-02 14:00:00-04:00,31.51,34.97,-0.0,-3.46
2025-05-02 15:00:00-04:00,31.29,34.73,-0.0,-3.44
2025-05-02 16:00:00-04:00,33.9,37.21,-0.0,-3.31
2025-05-02 17:00:00-04:00,38.9,42.98,-0.04,-4.04
2025-05-02 18:00:00-04:00,46.8,51.43,0.05,-4.68
2025-05-02 19:00:00-04:00,51.69,55.879999999999995,-0.0,-4.19
2025-05-02 20:00:00-04:00,51.83,56.52,-0.0,-4.69
2025-05-02 21:00:00-04:00,41.52,45.330000000000005,-0.0,-3.81
2025-05-02 22:00:00-04:00,36.29,39.02,-0.0,-2.73
2025-05-02 23:00:00-04:00,33.03,34.69,-0.0,-1.66
2025-05-03 00:00:00-04:00,38.78,39.09,-0.0,-0.31
2025-05-03 01:00:00-04:00,31.4,32.67,-0.0,-1.27
2025-05-03 02:00:00-04:00,28.28,29.06,-0.0,-0.78
2025-05-03 03:00:00-04:00,27.39,28.35,-0.0,-0.96
2025-05-03 04:00:00-04:00,27.6,28.450000000000003,-0.0,-0.85
2025-05-03 05:00:00-04:00,28.29,29.35,-0.0,-1.06
2025-05-03 06:00:00-04:00,30.54,32.05,-0.0,-1.51
2025-05-03 07:00:00-04:00,37.73,39.55,-0.0,-1.82
2025-05-03 08:00:00-04:00,35.32,37.38,-0.0,-2.06
2025-05-03 09:00:00-04:00,34.72,36.98,-0.0,-2.26
2025-05-03 10:00:00-04:00,34.23,36.26,-0.0,-2.03
2025-05-03 11:00:00-04:00,35.07,37.23,-0.0,-2.16
2025-05-03 12:00:00-04:00,34.05,36.34,-0.0,-2.29
2025-05-03 13:00:00-04:00,34.18,36.79,-0.0,-2.61
2025-05-03 14:00:00-04:00,35.77,38.75,-0.0,-2.98
2025-05-03 15:00:00-04:00,40.34,43.61000000000001,-0.0,-3.27
2025-05-03 16:00:00-04:00,43.43,47.16,-0.0,-3.73
2025-05-03 17:00:00-04:00,46.04,50.87,-0.0,-4.83
2025-05-03 18:00:00-04:00,50.58,55.89,-0.0,-5.31
2025-05-03 19:00:00-04:00,51.41,55.81999999999999,-0.0,-4.41
2025-05-03 20:00:00-04:00,49.02,53.690000000000005,-0.0,-4.67
2025-05-03 21:00:00-04:00,44.27,48.330000000000005,-0.0,-4.06
2025-05-03 22:00:00-04:00,40.17,43.48,-0.0,-3.31
2025-05-03 23:00:00-04:00,37.49,39.21,-0.0,-1.72
2025-05-04 00:00:00-04:00,38.18,39.94,-0.0,-1.76
2025-05-04 01:00:00-04:00,29.35,31.26,-0.0,-1.91
2025-05-04 02:00:00-04:00,29.53,31.65,-0.0,-2.12
2025-05-04 03:00:00-04:00,28.13,30.08,-0.0,-1.95
2025-05-04 04:00:00-04:00,27.99,29.84,-0.0,-1.85
2025-05-04 05:00:00-04:00,28.45,30.33,-0.0,-1.88
2025-05-04 06:00:00-04:00,26.48,28.53,-0.0,-2.05
2025-05-04 07:00:00-04:00,27.84,29.97,-0.0,-2.13
2025-05-04 08:00:00-04:00,28.6,31.19,-0.0,-2.59
2025-05-04 09:00:00-04:00,30.99,34.32,-0.0,-3.33
2025-05-04 10:00:00-04:00,30.18,33.24,-0.0,-3.06
2025-05-04 11:00:00-04:00,31.5,34.58,-0.0,-3.08
2025-05-04 12:00:00-04:00,31.74,34.989999999999995,-0.0,-3.25
2025-05-04 13:00:00-04:00,32.47,35.72,-0.0,-3.25
2025-05-04 14:00:00-04:00,31.46,34.84,-0.0,-3.38
2025-05-04 15:00:00-04:00,33.61,37.1,-0.0,-3.49
2025-05-04 16:00:00-04:00,35.08,38.9,0.11,-3.93
2025-05-04 17:00:00-04:00,33.05,35.81999999999999,1.13,-3.9
2025-05-04 18:00:00-04:00,40.13,45.120000000000005,0.11,-5.1
2025-05-04 19:00:00-04:00,43.18,48.33,0.02,-5.17
2025-05-04 20:00:00-04:00,40.09,44.67,0.29,-4.87
2025-05-04 21:00:00-04:00,35.93,39.88,0.04,-3.99
2025-05-04 22:00:00-04:00,31.24,34.24999999999999,0.24,-3.25
2025-05-04 23:00:00-04:00,30.01,32.27,0.22,-2.48
2025-05-05 00:00:00-04:00,32.37,33.23,-0.0,-0.86
2025-05-05 01:00:00-04:00,27.68,29.17,-0.0,-1.49
2025-05-05 02:00:00-04:00,26.07,27.61,0.25,-1.79
2025-05-05 03:00:00-04:00,27.37,29.27,-0.0,-1.9
2025-05-05 04:00:00-04:00,28.9,30.709999999999997,-0.0,-1.81
2025-05-05 05:00:00-04:00,31.72,33.74,-0.0,-2.02
2025-05-05 06:00:00-04:00,37.93,40.74,-0.0,-2.81
2025-05-05 07:00:00-04:00,39.18,43.25,-0.0,-4.07
2025-05-05 08:00:00-04:00,37.4,40.83,-0.0,-3.43
2025-05-05 09:00:00-04:00,37.32,41.06,-0.0,-3.74
2025-05-05 10:00:00-04:00,35.57,38.79,-0.0,-3.22
2025-05-05 11:00:00-04:00,38.59,42.27,-0.0,-3.68
2025-05-05 12:00:00-04:00,37.33,40.89,-0.0,-3.56
2025-05-05 13:00:00-04:00,36.09,39.49,-0.0,-3.4
2025-05-05 14:00:00-04:00,35.36,38.64,-0.0,-3.28
2025-05-05 15:00:00-04:00,37.7,41.290000000000006,-0.0,-3.59
2025-05-05 16:00:00-04:00,37.63,41.46,0.11,-3.94
2025-05-05 17:00:00-04:00,39.27,43.440000000000005,-0.0,-4.17
2025-05-05 18:00:00-04:00,43.57,48.2,-0.0,-4.63
2025-05-05 19:00:00-04:00,45.84,50.43000000000001,-0.0,-4.59
2025-05-05 20:00:00-04:00,44.1,48.36,-0.0,-4.26
2025-05-05 21:00:00-04:00,37.64,41.09,-0.0,-3.45
2025-05-05 22:00:00-04:00,33.74,36.59,-0.0,-2.85
2025-05-05 23:00:00-04:00,31.0,33.05,-0.0,-2.05
2025-05-06 00:00:00-04:00,31.96,32.92,-0.0,-0.96
2025-05-06 01:00:00-04:00,28.3,30.07,-0.0,-1.77
2025-05-06 02:00:00-04:00,26.32,27.87,0.07,-1.62
2025-05-06 03:00:00-04:00,26.91,28.57,-0.0,-1.66
2025-05-06 04:00:00-04:00,27.24,28.889999999999997,-0.0,-1.65
2025-05-06 05:00:00-04:00,30.46,32.230000000000004,-0.0,-1.77
2025-05-06 06:00:00-04:00,38.94,41.419999999999995,-0.0,-2.48
2025-05-06 07:00:00-04:00,41.0,44.33,-0.0,-3.33
2025-05-06 08:00:00-04:00,41.47,44.879999999999995,-0.0,-3.41
2025-05-06 09:00:00-04:00,38.6,41.73,-0.0,-3.13
2025-05-06 10:00:00-04:00,40.24,43.22,-0.0,-2.98
2025-05-06 11:00:00-04:00,38.3,41.099999999999994,-0.0,-2.8
2025-05-06 12:00:00-04:00,38.18,40.49,-0.0,-2.31
2025-05-06 13:00:00-04:00,37.11,39.94,-0.0,-2.83
2025-05-06 14:00:00-04:00,38.12,41.169999999999995,-0.0,-3.05
2025-05-06 15:00:00-04:00,38.8,41.9,-0.0,-3.1
2025-05-06 16:00:00-04:00,41.2,44.540000000000006,-0.0,-3.34
2025-05-06 17:00:00-04:00,46.42,51.010000000000005,-0.0,-4.59
2025-05-06 18:00:00-04:00,50.03,53.8,-0.0,-3.77
2025-05-06 19:00:00-04:00,51.7,55.41,-0.0,-3.71
2025-05-06 20:00:00-04:00,52.91,56.169999999999995,-0.0,-3.26
2025-05-06 21:00:00-04:00,43.3,45.87,-0.0,-2.57
2025-05-06 22:00:00-04:00,36.55,39.129999999999995,-0.0,-2.58
2025-05-06 23:00:00-04:00,33.83,34.98,-0.0,-1.15
2025-05-07 00:00:00-04:00,35.59,36.17,-0.0,-0.58
2025-05-07 01:00:00-04:00,30.02,31.47,-0.0,-1.45
2025-05-07 02:00:00-04:00,28.06,29.54,-0.0,-1.48
2025-05-07 03:00:00-04:00,26.95,28.25,-0.0,-1.3
2025-05-07 04:00:00-04:00,28.92,30.51,-0.0,-1.59
2025-05-07 05:00:00-04:00,33.22,35.379999999999995,-0.0,-2.16
2025-05-07 06:00:00-04:00,41.55,45.309999999999995,-0.0,-3.76
2025-05-07 07:00:00-04:00,45.91,50.279999999999994,-0.0,-4.37
2025-05-07 08:00:00-04:00,42.21,46.38,-0.0,-4.17
2025-05-07 09:00:00-04:00,40.15,44.22,-0.0,-4.07
2025-05-07 10:00:00-04:00,38.06,41.41,-0.0,-3.35
2025-05-07 11:00:00-04:00,35.79,39.33,-0.0,-3.54
2025-05-07 12:00:00-04:00,34.9,38.48,-0.0,-3.58
2025-05-07 13:00:00-04:00,34.5,37.99,-0.0,-3.49
2025-05-07 14:00:00-04:00,34.37,37.89,-0.0,-3.52
2025-05-07 15:00:00-04:00,36.07,40.17,-0.0,-4.1
2025-05-07 16:00:00-04:00,38.73,43.13999999999999,-0.01,-4.4
2025-05-07 17:00:00-04:00,42.9,48.72,-0.51,-5.31
2025-05-07 18:00:00-04:00,48.82,54.25,-0.01,-5.42
2025-05-07 19:00:00-04:00,53.13,57.940000000000005,-0.0,-4.81
2025-05-07 20:00:00-04:00,55.47,60.23,-0.0,-4.76
2025-05-07 21:00:00-04:00,44.87,49.739999999999995,-0.0,-4.87
2025-05-07 22:00:00-04:00,39.04,43.04,-0.0,-4.0
2025-05-07 23:00:00-04:00,33.56,35.660000000000004,-0.0,-2.1
2025-05-08 00:00:00-04:00,38.11,38.61,-0.0,-0.5
2025-05-08 01:00:00-04:00,28.54,30.3,-0.0,-1.76
2025-05-08 02:00:00-04:00,28.19,30.28,-0.0,-2.09
2025-05-08 03:00:00-04:00,27.55,29.4,-0.0,-1.85
2025-05-08 04:00:00-04:00,28.76,30.56,-0.0,-1.8
2025-05-08 05:00:00-04:00,32.04,34.08,-0.0,-2.04
2025-05-08 06:00:00-04:00,40.65,44.0,-0.0,-3.35
2025-05-08 07:00:00-04:00,42.93,46.92,-0.0,-3.99
2025-05-08 08:00:00-04:00,40.03,44.04,-0.0,-4.01
2025-05-08 09:00:00-04:00,35.66,38.379999999999995,-0.0,-2.72
2025-05-08 10:00:00-04:00,34.36,37.06,-0.0,-2.7
2025-05-08 11:00:00-04:00,33.55,36.309999999999995,-0.0,-2.76
2025-05-08 12:00:00-04:00,32.87,35.459999999999994,-0.0,-2.59
2025-05-08 13:00:00-04:00,32.73,35.69,-0.0,-2.96
2025-05-08 14:00:00-04:00,31.74,34.769999999999996,-0.0,-3.03
2025-05-08 15:00:00-04:00,34.06,37.260000000000005,-0.0,-3.2
2025-05-08 16:00:00-04:00,37.83,42.08,-0.0,-4.25
2025-05-08 17:00:00-04:00,41.88,46.95,-0.0,-5.07
2025-05-08 18:00:00-04:00,47.54,52.76,-0.0,-5.22
2025-05-08 19:00:00-04:00,49.93,55.42,-0.0,-5.49
2025-05-08 20:00:00-04:00,49.7,55.16,-0.0,-5.46
2025-05-08 21:00:00-04:00,42.46,47.07,-0.0,-4.61
2025-05-08 22:00:00-04:00,37.06,40.370000000000005,-0.0,-3.31
2025-05-08 23:00:00-04:00,32.26,34.14,-0.0,-1.88
2025-05-09 00:00:00-04:00,32.1,33.300000000000004,-0.0,-1.2
2025-05-09 01:00:00-04:00,27.16,29.33,-0.0,-2.17
2025-05-09 02:00:00-04:00,26.05,27.98,-0.0,-1.93
2025-05-09 03:00:00-04:00,25.33,27.18,-0.0,-1.85
2025-05-09 04:00:00-04:00,26.16,28.04,-0.0,-1.88
2025-05-09 05:00:00-04:00,29.06,31.049999999999997,-0.0,-1.99
2025-05-09 06:00:00-04:00,36.36,39.01,-0.0,-2.65
2025-05-09 07:00:00-04:00,38.0,41.76,-0.0,-3.76
2025-05-09 08:00:00-04:00,39.51,44.02,-0.02,-4.49
2025-05-09 09:00:00-04:00,36.05,40.629999999999995,-0.03,-4.55
2025-05-09 10:00:00-04:00,35.0,38.95,-0.02,-3.93
2025-05-09 11:00:00-04:00,34.07,37.81,-0.0,-3.74
2025-05-09 12:00:00-04:00,33.47,37.23,-0.0,-3.76
2025-05-09 13:00:00-04:00,33.0,36.64,-0.01,-3.63
2025-05-09 14:00:00-04:00,32.73,36.27,-0.02,-3.52
2025-05-09 15:00:00-04:00,32.96,36.620000000000005,-0.0,-3.66
2025-05-09 16:00:00-04:00,35.47,39.830000000000005,-0.02,-4.34
2025-05-09 17:00:00-04:00,35.93,40.35,-0.02,-4.4
2025-05-09 18:00:00-04:00,39.51,43.66,-0.0,-4.15
2025-05-09 19:00:00-04:00,42.16,45.919999999999995,-0.0,-3.76
2025-05-09 20:00:00-04:00,43.15,47.21,-0.0,-4.06
2025-05-09 21:00:00-04:00,35.94,39.15,-0.0,-3.21
2025-05-09 22:00:00-04:00,32.46,35.25,-0.0,-2.79
2025-05-09 23:00:00-04:00,31.07,33.55,-0.0,-2.48
2025-05-10 00:00:00-04:00,31.15,33.42,-0.0,-2.27
2025-05-10 01:00:00-04:00,29.18,31.72,-0.0,-2.54
2025-05-10 02:00:00-04:00,26.97,29.28,-0.0,-2.31
2025-05-10 03:00:00-04:00,26.64,28.96,-0.0,-2.32
2025-05-10 04:00:00-04:00,26.09,28.33,-0.0,-2.24
2025-05-10 05:00:00-04:00,27.54,29.94,-0.0,-2.4
2025-05-10 06:00:00-04:00,28.49,30.869999999999997,-0.0,-2.38
2025-05-10 07:00:00-04:00,27.72,30.49,-0.0,-2.77
2025-05-10 08:00:00-04:00,25.24,28.1,0.06,-2.92
2025-05-10 09:00:00-04:00,22.6,24.750000000000004,0.2,-2.35
2025-05-10 10:00:00-04:00,20.64,22.42,0.28,-2.06
2025-05-10 11:00:00-04:00,19.31,20.22,0.79,-1.7
2025-05-10 12:00:00-04:00,19.7,20.609999999999996,0.76,-1.67
2025-05-10 13:00:00-04:00,19.2,20.2,0.74,-1.74
2025-05-10 14:00:00-04:00,19.9,21.08,0.61,-1.79
2025-05-10 15:00:00-04:00,20.02,21.14,0.61,-1.73
2025-05-10 16:00:00-04:00,20.04,20.56,1.31,-1.83
2025-05-10 17:00:00-04:00,27.41,30.45,0.03,-3.07
2025-05-10 18:00:00-04:00,33.01,36.8,-0.0,-3.79
2025-05-10 19:00:00-04:00,37.38,41.39,-0.0,-4.01
2025-05-10 20:00:00-04:00,40.1,44.56,-0.0,-4.46
2025-05-10 21:00:00-04:00,34.98,38.19,-0.0,-3.21
2025-05-10 22:00:00-04:00,30.44,32.980000000000004,-0.0,-2.54
2025-05-10 23:00:00-04:00,28.64,30.53,-0.0,-1.89
2025-05-11 00:00:00-04:00,27.13,28.68,0.34,-1.89
2025-05-11 01:00:00-04:00,23.74,24.709999999999997,0.51,-1.48
2025-05-11 02:00:00-04:00,23.03,24.270000000000003,0.22,-1.46
2025-05-11 03:00:00-04:00,22.5,23.78,0.17,-1.45
2025-05-11 04:00:00-04:00,23.74,25.44,0.16,-1.86
2025-05-11 05:00:00-04:00,25.34,27.5,0.07,-2.23
2025-05-11 06:00:00-04:00,26.44,28.74,-0.0,-2.3
2025-05-11 07:00:00-04:00,25.0,27.19,0.07,-2.26
2025-05-11 08:00:00-04:00,22.6,24.88,0.03,-2.31
2025-05-11 09:00:00-04:00,19.51,21.73,-0.0,-2.22
2025-05-11 10:00:00-04:00,18.0,20.2,-0.0,-2.2
2025-05-11 11:00:00-04:00,16.55,18.34,0.12,-1.91
2025-05-11 12:00:00-04:00,15.03,16.12,0.41,-1.5
2025-05-11 13:00:00-04:00,16.55,18.55,0.02,-2.02
2025-05-11 14:00:00-04:00,12.43,12.26,1.05,-0.88
2025-05-11 15:00:00-04:00,14.73,15.26,0.63,-1.16
2025-05-11 16:00:00-04:00,16.86,17.12,1.06,-1.32
2025-05-11 17:00:00-04:00,25.25,28.1,0.07,-2.92
2025-05-11 18:00:00-04:00,32.75,37.05,-0.0,-4.3
2025-05-11 19:00:00-04:00,40.54,45.65,-0.0,-5.11
2025-05-11 20:00:00-04:00,43.31,49.05,-0.0,-5.74
2025-05-11 21:00:00-04:00,37.57,42.31,-0.0,-4.74
2025-05-11 22:00:00-04:00,32.08,35.559999999999995,-0.0,-3.48
2025-05-11 23:00:00-04:00,28.62,31.14,-0.0,-2.52
2025-05-12 00:00:00-04:00,25.94,27.74,-0.0,-1.8
2025-05-12 01:00:00-04:00,19.91,21.32,-0.0,-1.41
2025-05-12 02:00:00-04:00,18.51,19.96,0.03,-1.48
2025-05-12 03:00:00-04:00,18.56,20.06,-0.0,-1.5
2025-05-12 04:00:00-04:00,20.75,22.53,-0.0,-1.78
2025-05-12 05:00:00-04:00,27.37,29.880000000000003,-0.0,-2.51
2025-05-12 06:00:00-04:00,32.56,35.510000000000005,-0.0,-2.95
2025-05-12 07:00:00-04:00,34.21,37.55,-0.0,-3.34
2025-05-12 08:00:00-04:00,31.9,34.64,-0.0,-2.74
2025-05-12 09:00:00-04:00,27.08,29.69,-0.0,-2.61
2025-05-12 10:00:00-04:00,26.1,28.590000000000003,-0.0,-2.49
2025-05-12 11:00:00-04:00,25.01,26.81,-0.0,-1.8
2025-05-12 12:00:00-04:00,23.81,25.49,-0.0,-1.68
2025-05-12 13:00:00-04:00,24.46,25.97,-0.0,-1.51
2025-05-12 14:00:00-04:00,24.61,25.96,-0.0,-1.35
2025-05-12 15:00:00-04:00,26.21,28.06,-0.0,-1.85
2025-05-12 16:00:00-04:00,30.22,32.99,-0.0,-2.77
2025-05-12 17:00:00-04:00,39.27,43.25,-0.0,-3.98
2025-05-12 18:00:00-04:00,46.17,51.24,-0.0,-5.07
2025-05-12 19:00:00-04:00,50.58,55.52,-0.0,-4.94
2025-05-12 20:00:00-04:00,50.8,55.58,-0.0,-4.78
2025-05-12 21:00:00-04:00,43.64,47.64,-0.0,-4.0
2025-05-12 22:00:00-04:00,35.86,39.02,-0.0,-3.16
2025-05-12 23:00:00-04:00,30.05,32.14,-0.0,-2.09
2025-05-13 00:00:00-04:00,27.79,29.6,-0.0,-1.81
2025-05-13 01:00:00-04:00,25.03,26.94,-0.0,-1.91
2025-05-13 02:00:00-04:00,24.04,25.71,-0.0,-1.67
2025-05-13 03:00:00-04:00,24.03,25.78,-0.0,-1.75
2025-05-13 04:00:00-04:00,25.65,27.909999999999997,-0.0,-2.26
2025-05-13 05:00:00-04:00,28.72,30.82,-0.0,-2.1
2025-05-13 06:00:00-04:00,35.08,38.21,-0.0,-3.13
2025-05-13 07:00:00-04:00,35.08,38.59,-0.0,-3.51
2025-05-13 08:00:00-04:00,34.59,37.93000000000001,-0.0,-3.34
2025-05-13 09:00:00-04:00,31.85,35.19,-0.0,-3.34
2025-05-13 10:00:00-04:00,32.12,35.57,-0.0,-3.45
2025-05-13 11:00:00-04:00,30.86,34.56,-0.0,-3.7
2025-05-13 12:00:00-04:00,30.0,33.75,-0.0,-3.75
2025-05-13 13:00:00-04:00,30.82,34.59,-0.0,-3.77
2025-05-13 14:00:00-04:00,32.18,36.16,-0.0,-3.98
2025-05-13 15:00:00-04:00,33.77,38.03,-0.0,-4.26
2025-05-13 16:00:00-04:00,36.22,40.93,-0.0,-4.71
2025-05-13 17:00:00-04:00,42.4,47.7,-0.0,-5.3
2025-05-13 18:00:00-04:00,44.83,50.09,-0.0,-5.26
2025-05-13 19:00:00-04:00,46.54,51.71,-0.0,-5.17
2025-05-13 20:00:00-04:00,45.8,50.77,-0.0,-4.97
2025-05-13 21:00:00-04:00,38.5,42.12,-0.0,-3.62
2025-05-13 22:00:00-04:00,31.25,33.89,-0.0,-2.64
2025-05-13 23:00:00-04:00,27.13,28.43,0.55,-1.85
2025-05-14 00:00:00-04:00,21.96,22.05,1.3,-1.39
2025-05-14 01:00:00-04:00,19.0,18.61,1.51,-1.12
2025-05-14 02:00:00-04:00,19.16,19.15,1.16,-1.15
2025-05-14 03:00:00-04:00,17.13,16.65,1.45,-0.97
2025-05-14 04:00:00-04:00,19.97,20.159999999999997,1.08,-1.27
2025-05-14 05:00:00-04:00,26.37,28.48,-0.0,-2.11
2025-05-14 06:00:00-04:00,31.19,34.28,-0.0,-3.09
2025-05-14 07:00:00-04:00,35.73,39.82,-0.03,-4.06
2025-05-14 08:00:00-04:00,34.06,39.86,-1.73,-4.07
2025-05-14 09:00:00-04:00,31.54,38.43,-3.2,-3.69
2025-05-14 10:00:00-04:00,33.15,37.61,-0.7,-3.76
2025-05-14 11:00:00-04:00,33.08,36.690000000000005,-0.02,-3.59
2025-05-14 12:00:00-04:00,33.0,36.54,-0.03,-3.51
2025-05-14 13:00:00-04:00,33.56,37.2,-0.03,-3.61
2025-05-14 14:00:00-04:00,34.24,37.96,-0.0,-3.72
2025-05-14 15:00:00-04:00,35.64,39.47,-0.0,-3.83
2025-05-14 16:00:00-04:00,37.09,41.24,-0.03,-4.12
2025-05-14 17:00:00-04:00,38.9,45.47,-1.8,-4.77
2025-05-14 18:00:00-04:00,43.97,48.69,-0.0,-4.72
2025-05-14 19:00:00-04:00,47.39,52.42,-0.0,-5.03
2025-05-14 20:00:00-04:00,46.4,51.16,-0.0,-4.76
2025-05-14 21:00:00-04:00,42.23,46.05,-0.0,-3.82
2025-05-14 22:00:00-04:00,33.5,35.95,-0.0,-2.45
2025-05-14 23:00:00-04:00,31.22,33.18,-0.0,-1.96
2025-05-15 00:00:00-04:00,27.0,28.45,-0.0,-1.45
2025-05-15 01:00:00-04:00,24.01,25.3,-0.0,-1.29
2025-05-15 02:00:00-04:00,24.15,25.639999999999997,-0.0,-1.49
2025-05-15 03:00:00-04:00,23.36,24.8,-0.0,-1.44
2025-05-15 04:00:00-04:00,23.29,24.57,-0.0,-1.28
2025-05-15 05:00:00-04:00,27.93,29.57,-0.07,-1.57
2025-05-15 06:00:00-04:00,34.14,36.83,0.07,-2.76
2025-05-15 07:00:00-04:00,37.21,40.93,-0.0,-3.72
2025-05-15 08:00:00-04:00,38.08,42.08,-0.0,-4.0
2025-05-15 09:00:00-04:00,36.07,39.81,-0.0,-3.74
2025-05-15 10:00:00-04:00,34.08,37.57,-0.0,-3.49
2025-05-15 11:00:00-04:00,34.29,37.93,-0.0,-3.64
2025-05-15 12:00:00-04:00,32.33,35.64,-0.0,-3.31
2025-05-15 13:00:00-04:00,33.78,37.08,-0.0,-3.3
2025-05-15 14:00:00-04:00,35.18,38.92,-0.0,-3.74
2025-05-15 15:00:00-04:00,36.13,39.97,-0.0,-3.84
2025-05-15 16:00:00-04:00,38.91,43.42999999999999,-0.0,-4.52
2025-05-15 17:00:00-04:00,43.12,47.86,-0.0,-4.74
2025-05-15 18:00:00-04:00,47.89,52.34,-0.0,-4.45
2025-05-15 19:00:00-04:00,50.98,55.419999999999995,-0.0,-4.44
2025-05-15 20:00:00-04:00,50.37,55.41,-0.0,-5.04
2025-05-15 21:00:00-04:00,43.42,47.71,-0.0,-4.29
2025-05-15 22:00:00-04:00,36.73,40.54,-0.0,-3.81
2025-05-15 23:00:00-04:00,33.1,35.71,-0.0,-2.61
2025-05-16 00:00:00-04:00,30.44,32.730000000000004,-0.0,-2.29
2025-05-16 01:00:00-04:00,25.92,28.14,-0.0,-2.22
2025-05-16 02:00:00-04:00,22.83,24.36,-0.0,-1.53
2025-05-16 03:00:00-04:00,20.74,22.02,-0.0,-1.28
2025-05-16 04:00:00-04:00,23.4,25.56,-0.52,-1.64
2025-05-16 05:00:00-04:00,27.0,31.79,-2.98,-1.81
2025-05-16 06:00:00-04:00,30.68,37.529999999999994,-4.37,-2.48
2025-05-16 07:00:00-04:00,37.09,40.05,0.32,-3.28
2025-05-16 08:00:00-04:00,36.87,40.47,-0.32,-3.28
2025-05-16 09:00:00-04:00,36.0,39.28,-0.18,-3.1
2025-05-16 10:00:00-04:00,35.76,38.53,-0.0,-2.77
2025-05-16 11:00:00-04:00,35.56,38.53,-0.0,-2.97
2025-05-16 12:00:00-04:00,34.75,37.53,-0.0,-2.78
2025-05-16 13:00:00-04:00,35.47,38.56,-0.0,-3.09
2025-05-16 14:00:00-04:00,36.69,39.62,-0.0,-2.93
2025-05-16 15:00:00-04:00,38.49,41.84,-0.0,-3.35
2025-05-16 16:00:00-04:00,43.23,49.7,-1.65,-4.82
2025-05-16 17:00:00-04:00,49.48,54.25,-0.0,-4.77
2025-05-16 18:00:00-04:00,50.2,55.47,-0.0,-5.27
2025-05-16 19:00:00-04:00,50.52,55.580000000000005,-0.0,-5.06
2025-05-16 20:00:00-04:00,49.19,54.0,-0.0,-4.81
2025-05-16 21:00:00-04:00,42.73,47.01,-0.0,-4.28
2025-05-16 22:00:00-04:00,36.12,39.22,-0.0,-3.1
2025-05-16 23:00:00-04:00,31.67,33.800000000000004,-0.0,-2.13
2025-05-17 00:00:00-04:00,28.99,30.869999999999997,-0.0,-1.88
2025-05-17 01:00:00-04:00,25.45,27.66,-0.0,-2.21
2025-05-17 02:00:00-04:00,23.75,26.01,0.03,-2.29
2025-05-17 03:00:00-04:00,22.4,24.43,-0.0,-2.03
2025-05-17 04:00:00-04:00,22.59,24.45,-0.0,-1.86
2025-05-17 05:00:00-04:00,22.09,23.36,0.39,-1.66
2025-05-17 06:00:00-04:00,23.95,25.1,0.48,-1.63
2025-05-17 07:00:00-04:00,22.8,24.62,0.27,-2.09
2025-05-17 08:00:00-04:00,21.51,22.42,1.2,-2.11
2025-05-17 09:00:00-04:00,23.08,24.33,0.96,-2.21
2025-05-17 10:00:00-04:00,24.0,25.950000000000003,0.72,-2.67
2025-05-17 11:00:00-04:00,24.11,27.15,-0.05,-2.99
2025-05-17 12:00:00-04:00,24.16,27.430000000000003,-0.17,-3.1
2025-05-17 13:00:00-04:00,22.5,25.26,-0.11,-2.65
2025-05-17 14:00:00-04:00,20.5,22.74,-0.24,-2.0
2025-05-17 15:00:00-04:00,20.33,22.55,-0.46,-1.76
2025-05-17 16:00:00-04:00,23.13,27.84,-2.12,-2.59
2025-05-17 17:00:00-04:00,24.49,29.88,-2.28,-3.11
2025-05-17 18:00:00-04:00,24.9,30.77,-2.73,-3.14
2025-05-17 19:00:00-04:00,26.33,30.639999999999997,-1.31,-3.0
2025-05-17 20:00:00-04:00,30.9,34.68,-0.31,-3.47
2025-05-17 21:00:00-04:00,27.04,29.14,1.14,-3.24
2025-05-17 22:00:00-04:00,29.95,32.17,1.16,-3.38
2025-05-17 23:00:00-04:00,24.29,24.229999999999997,1.71,-1.65
2025-05-18 00:00:00-04:00,17.19,16.430000000000003,1.99,-1.23
2025-05-18 01:00:00-04:00,14.49,13.98,1.54,-1.03
2025-05-18 02:00:00-04:00,13.15,12.78,1.24,-0.87
2025-05-18 03:00:00-04:00,13.27,12.96,1.2,-0.89
2025-05-18 04:00:00-04:00,11.83,11.17,1.39,-0.73
2025-05-18 05:00:00-04:00,8.98,7.020000000000001,2.43,-0.47
2025-05-18 06:00:00-04:00,11.34,10.2,1.86,-0.72
2025-05-18 07:00:00-04:00,11.0,10.21,1.62,-0.83
2025-05-18 08:00:00-04:00,10.5,9.5,1.75,-0.75
2025-05-18 09:00:00-04:00,11.2,10.419999999999998,1.56,-0.78
2025-05-18 10:00:00-04:00,11.5,10.64,1.7,-0.84
2025-05-18 11:00:00-04:00,13.11,12.95,1.38,-1.22
2025-05-18 12:00:00-04:00,13.28,14.9,-0.2,-1.42
2025-05-18 13:00:00-04:00,12.0,10.52,2.41,-0.93
2025-05-18 14:00:00-04:00,14.0,12.94,2.2,-1.14
2025-05-18 15:00:00-04:00,15.07,14.15,2.08,-1.16
2025-05-18 16:00:00-04:00,16.0,16.380000000000003,1.13,-1.51
2025-05-18 17:00:00-04:00,18.9,21.08,-0.3,-1.88
2025-05-18 18:00:00-04:00,22.1,20.97,2.98,-1.85
2025-05-18 19:00:00-04:00,24.7,23.33,3.03,-1.66
2025-05-18 20:00:00-04:00,25.1,24.11,2.87,-1.88
2025-05-18 21:00:00-04:00,24.15,25.26,1.29,-2.4
2025-05-18 22:00:00-04:00,26.1,28.74,-0.0,-2.64
2025-05-18 23:00:00-04:00,18.58,18.17,1.59,-1.18
2025-05-19 00:00:00-04:00,21.57,22.89,0.15,-1.47
2025-05-19 01:00:00-04:00,17.3,18.270000000000003,0.29,-1.26
2025-05-19 02:00:00-04:00,16.0,16.83,0.35,-1.18
2025-05-19 03:00:00-04:00,16.13,17.159999999999997,0.14,-1.17
2025-05-19 04:00:00-04:00,15.76,16.419999999999998,0.41,-1.07
2025-05-19 05:00:00-04:00,19.49,20.67,-0.0,-1.18
2025-05-19 06:00:00-04:00,27.63,29.68,-0.0,-2.05
2025-05-19 07:00:00-04:00,18.9,32.89,-12.64,-1.35
2025-05-19 08:00:00-04:00,18.7,30.24,-10.66,-0.88
2025-05-19 09:00:00-04:00,13.94,28.1,-13.63,-0.53
2025-05-19 10:00:00-04:00,12.49,30.15,-17.24,-0.42
2025-05-19 11:00:00-04:00,10.17,31.54,-21.12,-0.25
2025-05-19 12:00:00-04:00,10.13,30.730000000000004,-20.14,-0.46
2025-05-19 13:00:00-04:00,10.59,29.2,-18.11,-0.5
2025-05-19 14:00:00-04:00,10.1,25.99,-15.5,-0.39
2025-05-19 15:00:00-04:00,11.32,28.28,-16.48,-0.48
2025-05-19 16:00:00-04:00,12.41,36.28,-23.11,-0.76
2025-05-19 17:00:00-04:00,15.23,45.7,-29.1,-1.37
2025-05-19 18:00:00-04:00,23.1,52.28,-26.93,-2.25
2025-05-19 19:00:00-04:00,33.48,46.69,-8.54,-4.67
2025-05-19 20:00:00-04:00,36.15,47.3,-6.04,-5.11
2025-05-19 21:00:00-04:00,32.17,39.22,-3.01,-4.04
2025-05-19 22:00:00-04:00,28.09,32.41,-1.5,-2.82
2025-05-19 23:00:00-04:00,27.0,29.25,-0.0,-2.25
2025-05-20 00:00:00-04:00,24.62,25.97,-0.0,-1.35
2025-05-20 01:00:00-04:00,21.92,23.39,-0.0,-1.47
2025-05-20 02:00:00-04:00,20.81,22.28,-0.0,-1.47
2025-05-20 03:00:00-04:00,20.3,21.78,-0.0,-1.48
2025-05-20 04:00:00-04:00,21.6,23.200000000000003,-0.0,-1.6
2025-05-20 05:00:00-04:00,25.9,27.639999999999997,-0.0,-1.74
2025-05-20 06:00:00-04:00,32.03,34.33,-0.0,-2.3
2025-05-20 07:00:00-04:00,32.1,35.39,-0.0,-3.29
2025-05-20 08:00:00-04:00,27.0,29.51,-0.0,-2.51
2025-05-20 09:00:00-04:00,23.9,26.209999999999997,-0.0,-2.31
2025-05-20 10:00:00-04:00,24.42,27.07,-0.0,-2.65
2025-05-20 11:00:00-04:00,24.0,26.61,-0.0,-2.61
2025-05-20 12:00:00-04:00,23.97,26.66,-0.0,-2.69
2025-05-20 13:00:00-04:00,24.69,27.49,-0.0,-2.8
2025-05-20 14:00:00-04:00,24.87,27.69,-0.0,-2.82
2025-05-20 15:00:00-04:00,25.07,28.3,-0.0,-3.23
2025-05-20 16:00:00-04:00,26.79,30.68,-0.48,-3.41
2025-05-20 17:00:00-04:00,31.7,35.54,-0.25,-3.59
2025-05-20 18:00:00-04:00,39.5,44.29,-0.76,-4.03
2025-05-20 19:00:00-04:00,42.99,46.77,-0.08,-3.7
2025-05-20 20:00:00-04:00,45.51,49.66,-0.08,-4.07
2025-05-20 21:00:00-04:00,36.58,40.08,0.07,-3.57
2025-05-20 22:00:00-04:00,29.5,32.59,-0.09,-3.0
2025-05-20 23:00:00-04:00,26.74,29.32,-0.0,-2.58
2025-05-21 00:00:00-04:00,24.27,26.64,-0.0,-2.37
2025-05-21 01:00:00-04:00,21.51,24.01,-0.0,-2.5
2025-05-21 02:00:00-04:00,20.47,22.82,-0.0,-2.35
2025-05-21 03:00:00-04:00,19.1,21.08,-0.0,-1.98
2025-05-21 04:00:00-04:00,19.99,21.94,-0.0,-1.95
2025-05-21 05:00:00-04:00,22.54,24.71,-0.0,-2.17
2025-05-21 06:00:00-04:00,27.96,30.69,-0.0,-2.73
2025-05-21 07:00:00-04:00,29.99,33.89,-0.14,-3.76
2025-05-21 08:00:00-04:00,29.17,33.17,-0.42,-3.58
2025-05-21 09:00:00-04:00,26.52,31.16,-0.96,-3.68
2025-05-21 10:00:00-04:00,26.79,30.29,-0.08,-3.42
2025-05-21 11:00:00-04:00,26.11,29.56,-0.08,-3.37
2025-05-21 12:00:00-04:00,25.04,29.66,-1.12,-3.5
2025-05-21 13:00:00-04:00,25.09,29.06,-0.72,-3.25
2025-05-21 14:00:00-04:00,24.9,28.069999999999997,-0.08,-3.09
2025-05-21 15:00:00-04:00,26.09,29.200000000000003,-0.01,-3.1
2025-05-21 16:00:00-04:00,30.0,34.230000000000004,-0.81,-3.42
2025-05-21 17:00:00-04:00,32.74,38.37,-1.91,-3.72
2025-05-21 18:00:00-04:00,34.2,41.45000000000001,-2.77,-4.48
2025-05-21 19:00:00-04:00,36.34,43.61000000000001,-2.78,-4.49
2025-05-21 20:00:00-04:00,36.19,43.53,-2.77,-4.57
2025-05-21 21:00:00-04:00,30.32,35.26,-0.85,-4.09
2025-05-21 22:00:00-04:00,25.75,28.84,-0.0,-3.09
2025-05-21 23:00:00-04:00,23.86,26.22,0.03,-2.39
2025-05-22 00:00:00-04:00,22.62,25.03,0.02,-2.43
2025-05-22 01:00:00-04:00,18.64,19.28,0.96,-1.6
2025-05-22 02:00:00-04:00,16.99,17.58,0.69,-1.28
2025-05-22 03:00:00-04:00,16.99,18.1,0.19,-1.3
2025-05-22 04:00:00-04:00,18.56,20.42,-0.0,-1.86
2025-05-22 05:00:00-04:00,22.29,24.68,-0.0,-2.39
2025-05-22 06:00:00-04:00,26.4,29.14,-0.0,-2.74
2025-05-22 07:00:00-04:00,30.0,33.56,-0.0,-3.56
2025-05-22 08:00:00-04:00,34.9,38.35,-0.0,-3.45
2025-05-22 09:00:00-04:00,32.2,36.830000000000005,-0.28,-4.35
2025-05-22 10:00:00-04:00,31.72,36.69,-0.35,-4.62
2025-05-22 11:00:00-04:00,30.73,36.55,-1.25,-4.57
2025-05-22 12:00:00-04:00,29.33,34.44,-0.84,-4.27
2025-05-22 13:00:00-04:00,29.0,33.75,-0.63,-4.12
2025-05-22 14:00:00-04:00,29.0,33.1,-0.13,-3.97
2025-05-22 15:00:00-04:00,28.11,33.6,-1.63,-3.86
2025-05-22 16:00:00-04:00,29.98,36.43,-2.08,-4.37
2025-05-22 17:00:00-04:00,35.55,43.27,-2.96,-4.76
2025-05-22 18:00:00-04:00,38.5,44.93,-2.3,-4.13
2025-05-22 19:00:00-04:00,39.97,44.6,-1.02,-3.61
2025-05-22 20:00:00-04:00,41.82,46.489999999999995,-0.91,-3.76
2025-05-22 21:00:00-04:00,36.7,39.35,0.58,-3.23
2025-05-22 22:00:00-04:00,29.48,32.95,-0.64,-2.83
2025-05-22 23:00:00-04:00,27.48,30.26,-0.0,-2.78
2025-05-23 00:00:00-04:00,25.94,27.48,-0.0,-1.54
2025-05-23 01:00:00-04:00,23.2,24.84,-0.0,-1.64
2025-05-23 02:00:00-04:00,21.21,22.71,-0.0,-1.5
2025-05-23 03:00:00-04:00,20.0,21.19,-0.0,-1.19
2025-05-23 04:00:00-04:00,22.43,24.19,-0.0,-1.76
2025-05-23 05:00:00-04:00,25.91,28.25,-0.0,-2.34
2025-05-23 06:00:00-04:00,30.56,33.839999999999996,-0.0,-3.28
2025-05-23 07:00:00-04:00,34.62,39.03,-0.0,-4.41
2025-05-23 08:00:00-04:00,35.6,39.69,-0.0,-4.09
2025-05-23 09:00:00-04:00,32.89,37.120000000000005,-0.0,-4.23
2025-05-23 10:00:00-04:00,32.03,36.27,-0.0,-4.24
2025-05-23 11:00:00-04:00,30.8,34.61,-0.0,-3.81
2025-05-23 12:00:00-04:00,29.98,33.910000000000004,-0.0,-3.93
2025-05-23 13:00:00-04:00,28.86,32.91,-0.0,-4.05
2025-05-23 14:00:00-04:00,28.27,32.38,-0.0,-4.11
2025-05-23 15:00:00-04:00,28.49,32.54,-0.01,-4.04
2025-05-23 16:00:00-04:00,29.61,34.3,-0.54,-4.15
2025-05-23 17:00:00-04:00,35.45,39.36000000000001,0.54,-4.45
2025-05-23 18:00:00-04:00,36.75,41.06,-0.0,-4.31
2025-05-23 19:00:00-04:00,39.16,43.75,-0.0,-4.59
2025-05-23 20:00:00-04:00,40.77,45.150000000000006,-0.0,-4.38
2025-05-23 21:00:00-04:00,36.05,39.879999999999995,-0.0,-3.83
2025-05-23 22:00:00-04:00,30.77,34.19,-0.0,-3.42
2025-05-23 23:00:00-04:00,28.21,31.14,-0.0,-2.93
2025-05-24 00:00:00-04:00,27.28,30.24,-0.0,-2.96
2025-05-24 01:00:00-04:00,22.59,25.24,-0.0,-2.65
2025-05-24 02:00:00-04:00,21.0,23.18,-0.0,-2.18
2025-05-24 03:00:00-04:00,19.16,21.12,-0.0,-1.96
2025-05-24 04:00:00-04:00,21.2,23.69,-0.0,-2.49
2025-05-24 05:00:00-04:00,22.43,24.87,-0.0,-2.44
2025-05-24 06:00:00-04:00,23.4,26.119999999999997,-0.0,-2.72
2025-05-24 07:00:00-04:00,24.18,27.08,-0.0,-2.9
2025-05-24 08:00:00-04:00,24.24,26.93,-0.0,-2.69
2025-05-24 09:00:00-04:00,24.4,27.29,-0.0,-2.89
2025-05-24 10:00:00-04:00,24.82,27.67,-0.0,-2.85
2025-05-24 11:00:00-04:00,24.04,26.95,-0.0,-2.91
2025-05-24 12:00:00-04:00,23.96,26.68,-0.0,-2.72
2025-05-24 13:00:00-04:00,22.84,25.46,-0.0,-2.62
2025-05-24 14:00:00-04:00,22.71,25.29,-0.0,-2.58
2025-05-24 15:00:00-04:00,23.2,25.92,-0.0,-2.72
2025-05-24 16:00:00-04:00,25.0,27.93,-0.0,-2.93
2025-05-24 17:00:00-04:00,28.72,31.979999999999997,-0.0,-3.26
2025-05-24 18:00:00-04:00,33.72,37.47,-0.0,-3.75
2025-05-24 19:00:00-04:00,38.79,42.67,-0.0,-3.88
2025-05-24 20:00:00-04:00,41.3,45.53,-0.0,-4.23
2025-05-24 21:00:00-04:00,35.86,39.8,-0.0,-3.94
2025-05-24 22:00:00-04:00,29.01,32.45,-0.0,-3.44
2025-05-24 23:00:00-04:00,25.35,27.8,-0.0,-2.45
2025-05-25 00:00:00-04:00,22.31,24.459999999999997,-0.0,-2.15
2025-05-25 01:00:00-04:00,19.46,21.72,-0.0,-2.26
2025-05-25 02:00:00-04:00,17.58,19.43,-0.0,-1.85
2025-05-25 03:00:00-04:00,17.22,18.92,-0.0,-1.7
2025-05-25 04:00:00-04:00,18.6,20.76,-0.0,-2.16
2025-05-25 05:00:00-04:00,19.19,21.47,-0.0,-2.28
2025-05-25 06:00:00-04:00,20.36,22.93,-0.0,-2.57
2025-05-25 07:00:00-04:00,20.04,22.049999999999997,-0.0,-2.01
2025-05-25 08:00:00-04:00,19.26,21.07,-0.0,-1.81
2025-05-25 09:00:00-04:00,17.49,19.31,-0.0,-1.82
2025-05-25 10:00:00-04:00,17.82,19.76,-0.0,-1.94
2025-05-25 11:00:00-04:00,17.29,19.04,-0.0,-1.75
2025-05-25 12:00:00-04:00,17.23,19.14,-0.0,-1.91
2025-05-25 13:00:00-04:00,16.33,18.19,-0.0,-1.86
2025-05-25 14:00:00-04:00,17.0,18.89,-0.0,-1.89
2025-05-25 15:00:00-04:00,17.97,19.99,-0.0,-2.02
2025-05-25 16:00:00-04:00,19.44,21.75,-0.0,-2.31
2025-05-25 17:00:00-04:00,23.27,26.09,-0.0,-2.82
2025-05-25 18:00:00-04:00,29.52,32.83,-0.0,-3.31
2025-05-25 19:00:00-04:00,35.4,39.07,-0.0,-3.67
2025-05-25 20:00:00-04:00,37.39,41.32,-0.0,-3.93
2025-05-25 21:00:00-04:00,32.89,36.22,-0.0,-3.33
2025-05-25 22:00:00-04:00,27.46,30.04,-0.0,-2.58
2025-05-25 23:00:00-04:00,23.62,25.21,-0.0,-1.59
2025-05-26 00:00:00-04:00,20.92,22.590000000000003,-0.0,-1.67
2025-05-26 01:00:00-04:00,19.01,20.6,-0.0,-1.59
2025-05-26 02:00:00-04:00,17.2,18.26,-0.0,-1.06
2025-05-26 03:00:00-04:00,16.5,17.46,-0.0,-0.96
2025-05-26 04:00:00-04:00,19.06,20.25,-0.0,-1.19
2025-05-26 05:00:00-04:00,20.83,22.369999999999997,-0.0,-1.54
2025-05-26 06:00:00-04:00,22.78,24.68,-0.0,-1.9
2025-05-26 07:00:00-04:00,20.98,23.03,-0.0,-2.05
2025-05-26 08:00:00-04:00,18.76,20.48,-0.0,-1.72
2025-05-26 09:00:00-04:00,16.82,18.44,-0.0,-1.62
2025-05-26 10:00:00-04:00,17.24,18.97,-0.0,-1.73
2025-05-26 11:00:00-04:00,17.21,18.97,-0.0,-1.76
2025-05-26 12:00:00-04:00,17.53,19.33,-0.0,-1.8
2025-05-26 13:00:00-04:00,17.3,19.18,-0.0,-1.88
2025-05-26 14:00:00-04:00,17.27,19.21,-0.0,-1.94
2025-05-26 15:00:00-04:00,18.21,20.32,-0.0,-2.11
2025-05-26 16:00:00-04:00,21.05,23.36,-0.0,-2.31
2025-05-26 17:00:00-04:00,26.76,29.540000000000003,-0.0,-2.78
2025-05-26 18:00:00-04:00,33.17,36.61,-0.0,-3.44
2025-05-26 19:00:00-04:00,37.57,41.06,-0.0,-3.49
2025-05-26 20:00:00-04:00,42.52,45.92,-0.0,-3.4
2025-05-26 21:00:00-04:00,34.96,38.17,-0.0,-3.21
2025-05-26 22:00:00-04:00,28.79,31.36,-0.0,-2.57
2025-05-26 23:00:00-04:00,24.17,25.69,-0.0,-1.52
2025-05-27 00:00:00-04:00,21.71,22.31,-0.0,-0.6
2025-05-27 01:00:00-04:00,18.43,19.06,-0.0,-0.63
2025-05-27 02:00:00-04:00,16.74,17.22,-0.0,-0.48
2025-05-27 03:00:00-04:00,15.82,16.14,-0.0,-0.32
2025-05-27 04:00:00-04:00,17.12,17.580000000000002,-0.0,-0.46
2025-05-27 05:00:00-04:00,22.46,23.25,-0.0,-0.79
2025-05-27 06:00:00-04:00,28.21,30.24,-0.0,-2.03
2025-05-27 07:00:00-04:00,30.57,33.26,-0.0,-2.69
2025-05-27 08:00:00-04:00,26.57,28.57,-0.0,-2.0
2025-05-27 09:00:00-04:00,23.36,25.14,-0.0,-1.78
2025-05-27 10:00:00-04:00,22.28,24.11,-0.0,-1.83
2025-05-27 11:00:00-04:00,22.52,24.37,-0.0,-1.85
2025-05-27 12:00:00-04:00,22.66,24.74,-0.0,-2.08
2025-05-27 13:00:00-04:00,23.65,26.02,-0.0,-2.37
2025-05-27 14:00:00-04:00,25.2,27.75,-0.0,-2.55
2025-05-27 15:00:00-04:00,25.9,28.619999999999997,-0.0,-2.72
2025-05-27 16:00:00-04:00,28.97,32.15,-0.0,-3.18
2025-05-27 17:00:00-04:00,34.44,38.48,-0.0,-4.04
2025-05-27 18:00:00-04:00,41.16,45.67999999999999,-0.0,-4.52
2025-05-27 19:00:00-04:00,42.91,47.36,-0.0,-4.45
2025-05-27 20:00:00-04:00,43.02,47.64,-0.0,-4.62
2025-05-27 21:00:00-04:00,35.69,39.52,-0.0,-3.83
2025-05-27 22:00:00-04:00,28.58,30.86,-0.0,-2.28
2025-05-27 23:00:00-04:00,24.14,25.2,-0.0,-1.06
2025-05-28 00:00:00-04:00,24.08,25.27,-0.0,-1.19
2025-05-28 01:00:00-04:00,20.95,22.43,-0.0,-1.48
2025-05-28 02:00:00-04:00,19.04,20.49,-0.0,-1.45
2025-05-28 03:00:00-04:00,18.2,19.36,-0.0,-1.16
2025-05-28 04:00:00-04:00,18.18,19.53,-0.0,-1.35
2025-05-28 05:00:00-04:00,20.18,22.860000000000003,-1.26,-1.42
2025-05-28 06:00:00-04:00,27.38,28.549999999999997,1.26,-2.43
2025-05-28 07:00:00-04:00,32.05,35.769999999999996,-0.0,-3.72
2025-05-28 08:00:00-04:00,30.89,34.55,-0.0,-3.66
2025-05-28 09:00:00-04:00,29.49,33.29,-0.0,-3.8
2025-05-28 10:00:00-04:00,29.49,33.129999999999995,-0.0,-3.64
2025-05-28 11:00:00-04:00,28.77,32.66,-0.0,-3.89
2025-05-28 12:00:00-04:00,27.71,31.56,-0.0,-3.85
2025-05-28 13:00:00-04:00,28.18,32.06,-0.0,-3.88
2025-05-28 14:00:00-04:00,27.71,31.380000000000003,-0.0,-3.67
2025-05-28 15:00:00-04:00,29.25,33.24,-0.0,-3.99
2025-05-28 16:00:00-04:00,33.24,38.16,-0.0,-4.92
2025-05-28 17:00:00-04:00,38.22,44.059999999999995,-0.29,-5.55
2025-05-28 18:00:00-04:00,38.75,43.62,-0.29,-4.58
2025-05-28 19:00:00-04:00,38.52,42.690000000000005,-0.03,-4.14
2025-05-28 20:00:00-04:00,42.81,47.36,-0.0,-4.55
2025-05-28 21:00:00-04:00,36.0,39.82,-0.0,-3.82
2025-05-28 22:00:00-04:00,28.12,30.5,-0.0,-2.38
2025-05-28 23:00:00-04:00,23.73,25.57,-0.0,-1.84
2025-05-29 00:00:00-04:00,22.55,23.94,-0.0,-1.39
2025-05-29 01:00:00-04:00,19.2,20.3,-0.0,-1.1
2025-05-29 02:00:00-04:00,16.9,17.939999999999998,-0.0,-1.04
2025-05-29 03:00:00-04:00,16.24,17.31,-0.0,-1.07
2025-05-29 04:00:00-04:00,15.6,16.61,-0.0,-1.01
2025-05-29 05:00:00-04:00,21.4,23.83,-0.62,-1.81
2025-05-29 06:00:00-04:00,27.77,30.33,0.02,-2.58
2025-05-29 07:00:00-04:00,32.1,34.300000000000004,0.61,-2.81
2025-05-29 08:00:00-04:00,33.54,37.18,-0.0,-3.64
2025-05-29 09:00:00-04:00,31.68,35.88,-0.0,-4.2
2025-05-29 10:00:00-04:00,32.12,36.09,-0.0,-3.97
2025-05-29 11:00:00-04:00,31.53,35.95,-0.0,-4.42
2025-05-29 12:00:00-04:00,30.7,34.769999999999996,-0.0,-4.07
2025-05-29 13:00:00-04:00,30.14,34.05,-0.0,-3.91
2025-05-29 14:00:00-04:00,29.44,33.04,-0.0,-3.6
2025-05-29 15:00:00-04:00,28.6,32.11,-0.01,-3.5
2025-05-29 16:00:00-04:00,30.8,34.53,-0.0,-3.73
2025-05-29 17:00:00-04:00,33.74,37.95,-0.0,-4.21
2025-05-29 18:00:00-04:00,35.32,39.29,-0.0,-3.97
2025-05-29 19:00:00-04:00,37.95,41.85,-0.01,-3.89
2025-05-29 20:00:00-04:00,40.36,44.4,-0.0,-4.04
2025-05-29 21:00:00-04:00,35.43,38.93,-0.0,-3.5
2025-05-29 22:00:00-04:00,30.53,33.06,0.18,-2.71
2025-05-29 23:00:00-04:00,27.59,29.57,-0.18,-1.8
2025-05-30 00:00:00-04:00,24.95,25.99,-0.0,-1.04
2025-05-30 01:00:00-04:00,21.58,22.889999999999997,0.02,-1.33
2025-05-30 02:00:00-04:00,19.21,20.24,-0.0,-1.03
2025-05-30 03:00:00-04:00,18.52,19.62,0.02,-1.12
2025-05-30 04:00:00-04:00,19.09,20.14,-0.0,-1.05
2025-05-30 05:00:00-04:00,21.56,22.69,-0.0,-1.13
2025-05-30 06:00:00-04:00,28.08,29.43,-0.0,-1.35
2025-05-30 07:00:00-04:00,31.42,33.46,-0.0,-2.04
2025-05-30 08:00:00-04:00,30.79,32.82,-0.0,-2.03
2025-05-30 09:00:00-04:00,28.62,30.98,-0.0,-2.36
2025-05-30 10:00:00-04:00,27.47,29.63,-0.0,-2.16
2025-05-30 11:00:00-04:00,27.65,29.83,-0.0,-2.18
2025-05-30 12:00:00-04:00,26.12,28.21,-0.0,-2.09
2025-05-30 13:00:00-04:00,26.99,29.02,-0.0,-2.03
2025-05-30 14:00:00-04:00,27.97,30.08,-0.0,-2.11
2025-05-30 15:00:00-04:00,27.68,29.96,-0.0,-2.28
2025-05-30 16:00:00-04:00,30.26,32.87,-0.05,-2.56
2025-05-30 17:00:00-04:00,34.25,39.669999999999995,-2.05,-3.37
2025-05-30 18:00:00-04:00,38.41,42.9,-1.36,-3.13
2025-05-30 19:00:00-04:00,39.61,43.84,-1.03,-3.2
2025-05-30 20:00:00-04:00,40.47,43.97,-0.25,-3.25
2025-05-30 21:00:00-04:00,35.47,40.09,-1.45,-3.17
2025-05-30 22:00:00-04:00,31.69,34.300000000000004,-0.0,-2.61
2025-05-30 23:00:00-04:00,28.7,30.63,-0.0,-1.93
2025-05-31 00:00:00-04:00,25.1,26.65,-0.0,-1.55
2025-05-31 01:00:00-04:00,20.3,22.09,0.02,-1.81
2025-05-31 02:00:00-04:00,18.58,20.02,0.04,-1.48
2025-05-31 03:00:00-04:00,17.57,18.93,-0.0,-1.36
2025-05-31 04:00:00-04:00,18.57,20.03,-0.0,-1.46
2025-05-31 05:00:00-04:00,19.18,20.6,-0.0,-1.42
2025-05-31 06:00:00-04:00,20.6,22.36,-0.24,-1.52
2025-05-31 07:00:00-04:00,20.98,22.67,0.24,-1.93
2025-05-31 08:00:00-04:00,24.02,26.78,-0.0,-2.76
2025-05-31 09:00:00-04:00,23.78,26.69,0.03,-2.94
2025-05-31 10:00:00-04:00,24.22,27.59,-0.03,-3.34
2025-05-31 11:00:00-04:00,23.43,27.08,-0.02,-3.63
2025-05-31 12:00:00-04:00,22.42,25.59,-0.02,-3.15
2025-05-31 13:00:00-04:00,21.2,24.17,-0.02,-2.95
2025-05-31 14:00:00-04:00,20.67,23.21,0.01,-2.55
2025-05-31 15:00:00-04:00,19.11,20.729999999999997,0.1,-1.72
2025-05-31 16:00:00-04:00,21.3,23.51,0.05,-2.26
2025-05-31 17:00:00-04:00,23.63,25.95,0.07,-2.39
2025-05-31 18:00:00-04:00,25.63,27.41,-0.0,-1.78
2025-05-31 19:00:00-04:00,27.15,28.85,-0.0,-1.7
2025-05-31 20:00:00-04:00,27.96,29.56,-0.0,-1.6
2025-05-31 21:00:00-04:00,28.57,30.79,-0.0,-2.22
2025-05-31 22:00:00-04:00,24.88,26.72,-0.0,-1.84
2025-05-31 23:00:00-04:00,23.02,24.21,-0.0,-1.19
2025-06-01 00:00:00-04:00,20.4,21.119999999999997,0.02,-0.74
2025-06-01 01:00:00-04:00,17.9,18.4,0.14,-0.64
2025-06-01 02:00:00-04:00,14.97,15.19,0.34,-0.56
2025-06-01 03:00:00-04:00,14.7,14.85,0.27,-0.42
2025-06-01 04:00:00-04:00,15.5,15.94,0.18,-0.62
2025-06-01 05:00:00-04:00,14.27,14.5,0.44,-0.67
2025-06-01 06:00:00-04:00,17.0,17.630000000000003,0.13,-0.76
2025-06-01 07:00:00-04:00,13.95,14.14,0.52,-0.71
2025-06-01 08:00:00-04:00,13.49,11.91,2.2,-0.62
2025-06-01 09:00:00-04:00,10.0,8.899999999999999,1.62,-0.52
2025-06-01 10:00:00-04:00,13.02,13.43,0.42,-0.83
2025-06-01 11:00:00-04:00,13.06,13.52,0.42,-0.88
2025-06-01 12:00:00-04:00,12.5,12.9,0.49,-0.89
2025-06-01 13:00:00-04:00,9.64,8.690000000000001,1.45,-0.5
2025-06-01 14:00:00-04:00,9.74,8.190000000000001,2.03,-0.48
2025-06-01 15:00:00-04:00,10.06,8.99,1.56,-0.49
2025-06-01 16:00:00-04:00,15.02,15.62,0.48,-1.08
2025-06-01 17:00:00-04:00,15.67,16.21,0.68,-1.22
2025-06-01 18:00:00-04:00,22.33,24.139999999999997,-0.0,-1.81
2025-06-01 19:00:00-04:00,26.06,27.99,-0.0,-1.93
2025-06-01 20:00:00-04:00,30.74,33.16,-0.0,-2.42
2025-06-01 21:00:00-04:00,28.04,30.41,-0.0,-2.37
2025-06-01 22:00:00-04:00,24.72,26.41,-0.0,-1.69
2025-06-01 23:00:00-04:00,20.86,21.55,-0.0,-0.69
2025-06-02 00:00:00-04:00,19.5,20.25,-0.0,-0.75
2025-06-02 01:00:00-04:00,17.61,17.97,-0.0,-0.36
2025-06-02 02:00:00-04:00,15.37,15.84,-0.0,-0.47
2025-06-02 03:00:00-04:00,15.15,15.83,-0.0,-0.68
2025-06-02 04:00:00-04:00,16.03,16.650000000000002,-0.0,-0.62
2025-06-02 05:00:00-04:00,19.95,20.8,-0.0,-0.85
2025-06-02 06:00:00-04:00,25.49,26.86,-0.0,-1.37
2025-06-02 07:00:00-04:00,27.68,29.64,-0.0,-1.96
2025-06-02 08:00:00-04:00,24.35,25.880000000000003,-0.0,-1.53
2025-06-02 09:00:00-04:00,19.91,21.25,-0.0,-1.34
2025-06-02 10:00:00-04:00,19.14,20.56,-0.0,-1.42
2025-06-02 11:00:00-04:00,18.66,20.2,-0.0,-1.54
2025-06-02 12:00:00-04:00,19.12,20.65,-0.0,-1.53
2025-06-02 13:00:00-04:00,19.7,21.369999999999997,-0.0,-1.67
2025-06-02 14:00:00-04:00,20.14,21.68,-0.0,-1.54
2025-06-02 15:00:00-04:00,20.77,22.53,-0.0,-1.76
2025-06-02 16:00:00-04:00,24.62,26.62,-0.0,-2.0
2025-06-02 17:00:00-04:00,28.65,31.209999999999997,-0.0,-2.56
2025-06-02 18:00:00-04:00,33.84,36.66,-0.0,-2.82
2025-06-02 19:00:00-04:00,38.35,41.59,-0.0,-3.24
2025-06-02 20:00:00-04:00,40.05,43.349999999999994,-0.0,-3.3
2025-06-02 21:00:00-04:00,34.68,37.09,-0.0,-2.41
2025-06-02 22:00:00-04:00,27.19,29.14,-0.0,-1.95
2025-06-02 23:00:00-04:00,22.84,23.97,-0.0,-1.13
2025-06-03 00:00:00-04:00,18.58,19.68,-0.0,-1.1
2025-06-03 01:00:00-04:00,15.17,16.21,-0.0,-1.04
2025-06-03 02:00:00-04:00,14.76,15.7,-0.0,-0.94
2025-06-03 03:00:00-04:00,14.11,15.03,-0.0,-0.92
2025-06-03 04:00:00-04:00,15.16,16.23,-0.0,-1.07
2025-06-03 05:00:00-04:00,18.79,20.49,-0.0,-1.7
2025-06-03 06:00:00-04:00,23.33,25.67,-0.0,-2.34
2025-06-03 07:00:00-04:00,24.24,27.2,-0.0,-2.96
2025-06-03 08:00:00-04:00,23.89,25.83,-0.0,-1.94
2025-06-03 09:00:00-04:00,20.77,22.43,-0.0,-1.66
2025-06-03 10:00:00-04:00,21.25,22.92,-0.0,-1.67
2025-06-03 11:00:00-04:00,21.0,22.65,-0.0,-1.65
2025-06-03 12:00:00-04:00,21.95,23.68,-0.0,-1.73
2025-06-03 13:00:00-04:00,23.05,25.06,-0.0,-2.01
2025-06-03 14:00:00-04:00,25.12,27.07,-0.0,-1.95
2025-06-03 15:00:00-04:00,26.23,28.33,-0.0,-2.1
2025-06-03 16:00:00-04:00,30.07,32.79,-0.0,-2.72
2025-06-03 17:00:00-04:00,37.79,42.8,-1.63,-3.38
2025-06-03 18:00:00-04:00,44.3,51.92,-3.78,-3.84
2025-06-03 19:00:00-04:00,45.35,52.36,-3.61,-3.4
2025-06-03 20:00:00-04:00,43.77,46.82,-0.01,-3.04
2025-06-03 21:00:00-04:00,38.31,38.28,2.52,-2.49
2025-06-03 22:00:00-04:00,27.89,29.94,-0.37,-1.68
2025-06-03 23:00:00-04:00,22.89,26.54,-2.16,-1.49
2025-06-04 00:00:00-04:00,13.87,12.919999999999998,1.48,-0.53
2025-06-04 01:00:00-04:00,13.3,11.740000000000002,2.03,-0.47
2025-06-04 02:00:00-04:00,11.17,10.66,1.0,-0.49
2025-06-04 03:00:00-04:00,10.4,10.01,0.82,-0.43
2025-06-04 04:00:00-04:00,10.7,10.32,0.81,-0.43
2025-06-04 05:00:00-04:00,14.36,14.32,0.68,-0.64
2025-06-04 06:00:00-04:00,21.98,23.88,-0.11,-1.79
2025-06-04 07:00:00-04:00,23.5,29.11,-3.57,-2.04
2025-06-04 08:00:00-04:00,23.8,28.32,-2.71,-1.81
2025-06-04 09:00:00-04:00,24.61,27.06,-0.39,-2.06
2025-06-04 10:00:00-04:00,24.9,29.48,-2.37,-2.21
2025-06-04 11:00:00-04:00,27.4,30.93,-1.3,-2.23
2025-06-04 12:00:00-04:00,26.63,32.75,-3.89,-2.23
2025-06-04 13:00:00-04:00,28.51,38.02,-7.12,-2.39
2025-06-04 14:00:00-04:00,30.11,38.75,-6.12,-2.52
2025-06-04 15:00:00-04:00,33.0,40.29,-5.03,-2.26
2025-06-04 16:00:00-04:00,39.85,44.57000000000001,-2.27,-2.45
2025-06-04 17:00:00-04:00,50.33,53.43,-0.0,-3.1
2025-06-04 18:00:00-04:00,55.99,58.63,-0.0,-2.64
2025-06-04 19:00:00-04:00,54.57,56.32,-0.0,-1.75
2025-06-04 20:00:00-04:00,55.06,56.32,-0.3,-0.96
2025-06-04 21:00:00-04:00,46.43,47.28,0.29,-1.14
2025-06-04 22:00:00-04:00,38.64,39.97,-0.01,-1.32
2025-06-04 23:00:00-04:00,34.49,34.910000000000004,-0.0,-0.42
2025-06-05 00:00:00-04:00,28.34,29.64,-0.0,-1.3
2025-06-05 01:00:00-04:00,23.35,23.880000000000003,-0.0,-0.53
2025-06-05 02:00:00-04:00,21.32,21.8,-0.0,-0.48
2025-06-05 03:00:00-04:00,20.71,20.92,-0.0,-0.21
2025-06-05 04:00:00-04:00,21.1,21.42,-0.0,-0.32
2025-06-05 05:00:00-04:00,24.5,25.18,-0.0,-0.68
2025-06-05 06:00:00-04:00,28.98,30.31,-0.0,-1.33
2025-06-05 07:00:00-04:00,29.12,30.81,-0.0,-1.69
2025-06-05 08:00:00-04:00,30.77,32.22,-0.0,-1.45
2025-06-05 09:00:00-04:00,30.68,32.33,-0.0,-1.65
2025-06-05 10:00:00-04:00,33.4,35.46,-0.0,-2.06
2025-06-05 11:00:00-04:00,33.36,37.7,-2.04,-2.3
2025-06-05 12:00:00-04:00,36.0,40.14,-1.85,-2.29
2025-06-05 13:00:00-04:00,38.68,44.25,-2.78,-2.79
2025-06-05 14:00:00-04:00,40.55,46.34,-2.87,-2.92
2025-06-05 15:00:00-04:00,42.14,45.98,-0.12,-3.72
2025-06-05 16:00:00-04:00,46.0,50.07,-0.76,-3.31
2025-06-05 17:00:00-04:00,51.53,55.79,-0.3,-3.96
2025-06-05 18:00:00-04:00,53.09,56.07,-0.01,-2.97
2025-06-05 19:00:00-04:00,52.62,55.739999999999995,-0.0,-3.12
2025-06-05 20:00:00-04:00,46.34,48.88,-0.0,-2.54
2025-06-05 21:00:00-04:00,42.7,44.25000000000001,0.04,-1.59
2025-06-05 22:00:00-04:00,37.88,39.3,-0.04,-1.38
2025-06-05 23:00:00-04:00,35.98,37.879999999999995,-0.01,-1.89
2025-06-06 00:00:00-04:00,33.81,35.63,-0.0,-1.82
2025-06-06 01:00:00-04:00,27.85,29.16,-0.0,-1.31
2025-06-06 02:00:00-04:00,25.09,26.0,-0.0,-0.91
2025-06-06 03:00:00-04:00,22.99,24.049999999999997,-0.0,-1.06
2025-06-06 04:00:00-04:00,23.19,24.130000000000003,-0.0,-0.94
2025-06-06 05:00:00-04:00,27.01,28.28,-0.0,-1.27
2025-06-06 06:00:00-04:00,32.78,35.1,-0.0,-2.32
2025-06-06 07:00:00-04:00,33.19,35.65,-0.0,-2.46
2025-06-06 08:00:00-04:00,33.77,36.43000000000001,-0.0,-2.66
2025-06-06 09:00:00-04:00,34.0,39.96,-2.64,-3.32
2025-06-06 10:00:00-04:00,35.17,40.56,-1.9,-3.49
2025-06-06 11:00:00-04:00,35.76,44.34,-4.59,-3.99
2025-06-06 12:00:00-04:00,36.66,43.69,-3.1,-3.93
2025-06-06 13:00:00-04:00,39.87,46.71999999999999,-2.51,-4.34
2025-06-06 14:00:00-04:00,38.65,43.25,-0.19,-4.41
2025-06-06 15:00:00-04:00,40.87,45.92999999999999,-0.37,-4.69
2025-06-06 16:00:00-04:00,43.3,47.32999999999999,-0.01,-4.02
2025-06-06 17:00:00-04:00,50.45,54.89,-0.0,-4.44
2025-06-06 18:00:00-04:00,47.69,51.669999999999995,-0.0,-3.98
2025-06-06 19:00:00-04:00,42.73,45.459999999999994,-0.0,-2.73
2025-06-06 20:00:00-04:00,40.34,42.73,-0.0,-2.39
2025-06-06 21:00:00-04:00,38.77,41.11,-0.0,-2.34
2025-06-06 22:00:00-04:00,35.75,38.48,-0.0,-2.73
2025-06-06 23:00:00-04:00,33.71,36.21,-0.0,-2.5
2025-06-07 00:00:00-04:00,35.31,37.29,-0.0,-1.98
2025-06-07 01:00:00-04:00,27.29,28.43,-0.0,-1.14
2025-06-07 02:00:00-04:00,24.25,25.58,-0.0,-1.33
2025-06-07 03:00:00-04:00,23.47,24.81,-0.0,-1.34
2025-06-07 04:00:00-04:00,23.17,24.39,-0.0,-1.22
2025-06-07 05:00:00-04:00,23.52,24.84,-0.0,-1.32
2025-06-07 06:00:00-04:00,25.01,26.33,-0.0,-1.32
2025-06-07 07:00:00-04:00,23.62,25.51,-0.0,-1.89
2025-06-07 08:00:00-04:00,27.22,28.959999999999997,-0.0,-1.74
2025-06-07 09:00:00-04:00,28.4,31.07,-0.0,-2.67
2025-06-07 10:00:00-04:00,27.86,29.8,-0.0,-1.94
2025-06-07 11:00:00-04:00,26.61,28.43,-0.0,-1.82
2025-06-07 12:00:00-04:00,27.19,29.14,-0.0,-1.95
2025-06-07 13:00:00-04:00,27.82,29.69,-0.0,-1.87
2025-06-07 14:00:00-04:00,25.7,27.49,-0.0,-1.79
2025-06-07 15:00:00-04:00,24.78,26.450000000000003,-0.0,-1.67
2025-06-07 16:00:00-04:00,31.07,33.59,-0.0,-2.52
2025-06-07 17:00:00-04:00,35.48,38.309999999999995,-0.0,-2.83
2025-06-07 18:00:00-04:00,40.32,43.49,-0.0,-3.17
2025-06-07 19:00:00-04:00,40.01,43.02,-0.0,-3.01
2025-06-07 20:00:00-04:00,37.15,39.39,-0.0,-2.24
2025-06-07 21:00:00-04:00,34.16,36.34,-0.0,-2.18
2025-06-07 22:00:00-04:00,31.85,33.6,-0.0,-1.75
2025-06-07 23:00:00-04:00,29.7,31.07,-0.0,-1.37
2025-06-08 00:00:00-04:00,29.63,30.61,-0.0,-0.98
2025-06-08 01:00:00-04:00,25.06,26.13,-0.0,-1.07
2025-06-08 02:00:00-04:00,22.96,23.89,-0.0,-0.93
2025-06-08 03:00:00-04:00,22.3,23.37,-0.0,-1.07
2025-06-08 04:00:00-04:00,23.42,24.57,-0.0,-1.15
2025-06-08 05:00:00-04:00,23.46,24.49,-0.0,-1.03
2025-06-08 06:00:00-04:00,22.11,25.6,-2.16,-1.33
2025-06-08 07:00:00-04:00,20.89,20.44,1.8,-1.35
2025-06-08 08:00:00-04:00,20.28,20.880000000000003,0.36,-0.96
2025-06-08 09:00:00-04:00,19.67,21.040000000000003,-0.0,-1.37
2025-06-08 10:00:00-04:00,21.6,23.0,-0.0,-1.4
2025-06-08 11:00:00-04:00,22.26,24.14,-0.0,-1.88
2025-06-08 12:00:00-04:00,24.18,25.72,-0.0,-1.54
2025-06-08 13:00:00-04:00,25.55,27.07,-0.0,-1.52
2025-06-08 14:00:00-04:00,26.5,28.37,-0.0,-1.87
2025-06-08 15:00:00-04:00,26.88,28.66,-0.0,-1.78
2025-06-08 16:00:00-04:00,29.15,31.28,-0.0,-2.13
2025-06-08 17:00:00-04:00,34.11,36.6,-0.0,-2.49
2025-06-08 18:00:00-04:00,39.86,42.59,-0.0,-2.73
2025-06-08 19:00:00-04:00,39.27,41.64,-0.0,-2.37
2025-06-08 20:00:00-04:00,37.99,40.2,-0.0,-2.21
2025-06-08 21:00:00-04:00,34.62,36.91,-0.0,-2.29
2025-06-08 22:00:00-04:00,30.78,31.959999999999997,0.55,-1.73
2025-06-08 23:00:00-04:00,25.74,27.24,-0.55,-0.95
2025-06-09 00:00:00-04:00,25.61,26.82,-0.0,-1.21
2025-06-09 01:00:00-04:00,22.42,23.55,-0.0,-1.13
2025-06-09 02:00:00-04:00,22.22,23.44,-0.0,-1.22
2025-06-09 03:00:00-04:00,19.71,20.880000000000003,-0.0,-1.17
2025-06-09 04:00:00-04:00,20.38,21.47,-0.0,-1.09
2025-06-09 05:00:00-04:00,21.66,22.8,-0.0,-1.14
2025-06-09 06:00:00-04:00,28.35,29.81,-0.0,-1.46
2025-06-09 07:00:00-04:00,30.2,31.99,-0.0,-1.79
2025-06-09 08:00:00-04:00,31.39,32.33,-0.0,-0.94
2025-06-09 09:00:00-04:00,31.49,33.08,-0.0,-1.59
2025-06-09 10:00:00-04:00,31.55,33.24,-0.0,-1.69
2025-06-09 11:00:00-04:00,32.84,34.53,-0.0,-1.69
2025-06-09 12:00:00-04:00,31.44,33.24,-0.0,-1.8
2025-06-09 13:00:00-04:00,32.54,34.0,-0.0,-1.46
2025-06-09 14:00:00-04:00,31.55,33.39,-0.0,-1.84
2025-06-09 15:00:00-04:00,32.14,34.410000000000004,-0.0,-2.27
2025-06-09 16:00:00-04:00,36.04,39.18,-0.0,-3.14
2025-06-09 17:00:00-04:00,40.33,43.6,-0.0,-3.27
2025-06-09 18:00:00-04:00,45.49,49.28,-0.0,-3.79
2025-06-09 19:00:00-04:00,43.54,46.07,-0.0,-2.53
2025-06-09 20:00:00-04:00,39.92,41.54,-0.0,-1.62
2025-06-09 21:00:00-04:00,37.72,39.96,-0.0,-2.24
2025-06-09 22:00:00-04:00,32.46,33.43,-0.0,-0.97
2025-06-09 23:00:00-04:00,28.39,28.59,-0.0,-0.2
2025-06-10 00:00:00-04:00,23.0,23.52,-0.0,-0.52
2025-06-10 01:00:00-04:00,18.83,19.74,-0.0,-0.91
2025-06-10 02:00:00-04:00,18.61,19.57,-0.0,-0.96
2025-06-10 03:00:00-04:00,18.0,18.89,-0.0,-0.89
2025-06-10 04:00:00-04:00,18.48,19.51,-0.0,-1.03
2025-06-10 05:00:00-04:00,20.22,21.33,-0.0,-1.11
2025-06-10 06:00:00-04:00,26.0,27.63,-0.0,-1.63
2025-06-10 07:00:00-04:00,28.72,30.82,-0.0,-2.1
2025-06-10 08:00:00-04:00,29.26,31.290000000000003,-0.0,-2.03
2025-06-10 09:00:00-04:00,28.31,30.61,-0.0,-2.3
2025-06-10 10:00:00-04:00,29.4,32.269999999999996,-0.0,-2.87
2025-06-10 11:00:00-04:00,28.11,31.36,-0.4,-2.85
2025-06-10 12:00:00-04:00,28.5,31.86,-0.65,-2.71
2025-06-10 13:00:00-04:00,27.0,31.39,-1.82,-2.57
2025-06-10 14:00:00-04:00,25.73,30.5,-1.93,-2.84
2025-06-10 15:00:00-04:00,26.61,31.110000000000003,-1.76,-2.74
2025-06-10 16:00:00-04:00,28.45,35.29,-3.77,-3.07
2025-06-10 17:00:00-04:00,34.27,42.220000000000006,-4.49,-3.46
2025-06-10 18:00:00-04:00,39.53,44.96,-1.74,-3.69
2025-06-10 19:00:00-04:00,39.9,43.51,-0.0,-3.61
2025-06-10 20:00:00-04:00,39.06,41.82,-0.0,-2.76
2025-06-10 21:00:00-04:00,35.2,37.73,-0.0,-2.53
2025-06-10 22:00:00-04:00,30.03,31.380000000000003,-0.0,-1.35
2025-06-10 23:00:00-04:00,26.28,27.52,-0.0,-1.24
2025-06-11 00:00:00-04:00,26.04,26.9,-0.0,-0.86
2025-06-11 01:00:00-04:00,23.1,24.290000000000003,-0.0,-1.19
2025-06-11 02:00:00-04:00,20.98,21.83,-0.0,-0.85
2025-06-11 03:00:00-04:00,20.29,21.34,-0.0,-1.05
2025-06-11 04:00:00-04:00,20.17,21.08,-0.0,-0.91
2025-06-11 05:00:00-04:00,22.41,23.32,-0.0,-0.91
2025-06-11 06:00:00-04:00,26.2,27.32,-0.0,-1.12
2025-06-11 07:00:00-04:00,28.43,30.15,-0.0,-1.72
2025-06-11 08:00:00-04:00,28.07,29.52,-0.0,-1.45
2025-06-11 09:00:00-04:00,23.33,24.71,0.08,-1.46
2025-06-11 10:00:00-04:00,22.37,26.120000000000005,-2.42,-1.33
2025-06-11 11:00:00-04:00,23.63,26.38,-1.25,-1.5
2025-06-11 12:00:00-04:00,22.72,26.81,-2.56,-1.53
2025-06-11 13:00:00-04:00,22.86,27.08,-2.7,-1.52
2025-06-11 14:00:00-04:00,22.69,26.930000000000003,-2.73,-1.51
2025-06-11 15:00:00-04:00,24.83,29.38,-2.93,-1.62
2025-06-11 16:00:00-04:00,29.83,35.29,-3.38,-2.08
2025-06-11 17:00:00-04:00,37.91,45.1,-4.17,-3.02
2025-06-11 18:00:00-04:00,41.9,49.2,-4.59,-2.71
2025-06-11 19:00:00-04:00,45.3,49.809999999999995,-1.72,-2.79
2025-06-11 20:00:00-04:00,42.14,44.55,-0.0,-2.41
2025-06-11 21:00:00-04:00,38.33,40.6,-0.0,-2.27
2025-06-11 22:00:00-04:00,32.9,34.24,-0.0,-1.34
2025-06-11 23:00:00-04:00,30.0,30.18,-0.0,-0.18
2025-06-12 00:00:00-04:00,24.24,25.2,-0.0,-0.96
2025-06-12 01:00:00-04:00,21.8,22.31,-0.0,-0.51
2025-06-12 02:00:00-04:00,20.75,21.07,-0.0,-0.32
2025-06-12 03:00:00-04:00,19.1,19.49,-0.0,-0.39
2025-06-12 04:00:00-04:00,19.4,19.92,-0.0,-0.52
2025-06-12 05:00:00-04:00,22.9,23.2,-0.0,-0.3
2025-06-12 06:00:00-04:00,28.26,29.41,-0.0,-1.15
2025-06-12 07:00:00-04:00,30.95,32.51,-0.0,-1.56
2025-06-12 08:00:00-04:00,30.03,30.96,-0.0,-0.93
2025-06-12 09:00:00-04:00,25.77,26.67,0.03,-0.93
2025-06-12 10:00:00-04:00,25.23,26.12,0.05,-0.94
2025-06-12 11:00:00-04:00,26.61,27.38,-0.0,-0.77
2025-06-12 12:00:00-04:00,26.85,27.57,0.05,-0.77
2025-06-12 13:00:00-04:00,27.72,28.4,-0.0,-0.68
2025-06-12 14:00:00-04:00,27.23,28.09,0.12,-0.98
2025-06-12 15:00:00-04:00,29.55,30.68,0.19,-1.32
2025-06-12 16:00:00-04:00,32.99,34.21,0.35,-1.57
2025-06-12 17:00:00-04:00,42.06,44.61,0.75,-3.3
2025-06-12 18:00:00-04:00,48.03,51.18,0.43,-3.58
2025-06-12 19:00:00-04:00,46.51,49.74,0.05,-3.28
2025-06-12 20:00:00-04:00,43.22,45.4,-0.0,-2.18
2025-06-12 21:00:00-04:00,40.37,41.91,0.68,-2.22
2025-06-12 22:00:00-04:00,34.36,36.61,-0.68,-1.57
2025-06-12 23:00:00-04:00,31.61,31.93,-0.0,-0.32
2025-06-13 00:00:00-04:00,28.51,29.51,-0.0,-1.0
2025-06-13 01:00:00-04:00,25.01,25.89,-0.0,-0.88
2025-06-13 02:00:00-04:00,22.99,23.9,-0.0,-0.91
2025-06-13 03:00:00-04:00,21.36,22.2,-0.0,-0.84
2025-06-13 04:00:00-04:00,21.11,21.99,-0.0,-0.88
2025-06-13 05:00:00-04:00,23.26,24.28,-0.0,-1.02
2025-06-13 06:00:00-04:00,27.1,28.56,-0.0,-1.46
2025-06-13 07:00:00-04:00,29.0,31.12,-0.0,-2.12
2025-06-13 08:00:00-04:00,28.34,29.64,-0.0,-1.3
2025-06-13 09:00:00-04:00,26.23,27.38,0.05,-1.2
2025-06-13 10:00:00-04:00,25.84,26.68,0.04,-0.88
2025-06-13 11:00:00-04:00,25.57,26.459999999999997,0.01,-0.9
2025-06-13 12:00:00-04:00,25.89,26.98,0.07,-1.16
2025-06-13 13:00:00-04:00,25.78,26.76,0.17,-1.15
2025-06-13 14:00:00-04:00,26.27,27.42,0.25,-1.4
2025-06-13 15:00:00-04:00,27.6,28.910000000000004,0.11,-1.42
2025-06-13 16:00:00-04:00,35.34,37.080000000000005,0.37,-2.11
2025-06-13 17:00:00-04:00,39.64,42.07,0.47,-2.9
2025-06-13 18:00:00-04:00,45.14,48.21,0.02,-3.09
2025-06-13 19:00:00-04:00,42.84,45.48,-0.0,-2.64
2025-06-13 20:00:00-04:00,41.18,43.53,-0.0,-2.35
2025-06-13 21:00:00-04:00,36.92,39.36,-0.0,-2.44
2025-06-13 22:00:00-04:00,32.4,34.54,-0.0,-2.14
2025-06-13 23:00:00-04:00,29.29,30.41,-0.0,-1.12
2025-06-14 00:00:00-04:00,30.48,31.68,-0.0,-1.2
2025-06-14 01:00:00-04:00,25.66,27.1,-0.0,-1.44
2025-06-14 02:00:00-04:00,23.22,24.44,-0.0,-1.22
2025-06-14 03:00:00-04:00,21.31,22.43,-0.0,-1.12
2025-06-14 04:00:00-04:00,21.06,22.119999999999997,-0.0,-1.06
2025-06-14 05:00:00-04:00,22.97,24.03,-0.0,-1.06
2025-06-14 06:00:00-04:00,23.74,25.07,-0.0,-1.33
2025-06-14 07:00:00-04:00,24.6,25.92,-0.0,-1.32
2025-06-14 08:00:00-04:00,25.22,26.44,-0.0,-1.22
2025-06-14 09:00:00-04:00,26.83,28.6,-0.0,-1.77
2025-06-14 10:00:00-04:00,27.0,28.66,-0.0,-1.66
2025-06-14 11:00:00-04:00,27.4,28.93,-0.0,-1.53
2025-06-14 12:00:00-04:00,26.52,28.03,-0.0,-1.51
2025-06-14 13:00:00-04:00,26.52,27.86,-0.0,-1.34
2025-06-14 14:00:00-04:00,26.62,27.96,-0.0,-1.34
2025-06-14 15:00:00-04:00,27.26,28.66,-0.0,-1.4
2025-06-14 16:00:00-04:00,27.59,28.71,-0.0,-1.12
2025-06-14 17:00:00-04:00,31.6,33.050000000000004,-0.0,-1.45
2025-06-14 18:00:00-04:00,34.49,36.11,-0.0,-1.62
2025-06-14 19:00:00-04:00,34.84,36.18000000000001,-0.0,-1.34
2025-06-14 20:00:00-04:00,33.9,35.16,-0.0,-1.26
2025-06-14 21:00:00-04:00,32.54,33.93,-0.0,-1.39
2025-06-14 22:00:00-04:00,29.31,30.06,-0.0,-0.75
2025-06-14 23:00:00-04:00,26.97,27.13,-0.0,-0.16
2025-06-15 00:00:00-04:00,27.87,27.98,-0.0,-0.11
2025-06-15 01:00:00-04:00,24.44,24.59,-0.0,-0.15
2025-06-15 02:00:00-04:00,20.85,21.020000000000003,-0.0,-0.17
2025-06-15 03:00:00-04:00,20.49,20.68,-0.0,-0.19
2025-06-15 04:00:00-04:00,20.8,20.68,-0.0,0.12
2025-06-15 05:00:00-04:00,21.07,21.18,-0.0,-0.11
2025-06-15 06:00:00-04:00,21.6,21.62,-0.0,-0.02
2025-06-15 07:00:00-04:00,21.19,21.6,-0.0,-0.41
2025-06-15 08:00:00-04:00,21.89,22.2,-0.0,-0.31
2025-06-15 09:00:00-04:00,21.78,22.18,-0.0,-0.4
2025-06-15 10:00:00-04:00,22.99,23.41,-0.0,-0.42
2025-06-15 11:00:00-04:00,23.06,23.34,-0.0,-0.28
2025-06-15 12:00:00-04:00,23.38,23.5,-0.0,-0.12
2025-06-15 13:00:00-04:00,23.25,23.56,-0.0,-0.31
2025-06-15 14:00:00-04:00,22.58,22.88,-0.0,-0.3
2025-06-15 15:00:00-04:00,22.46,22.78,-0.0,-0.32
2025-06-15 16:00:00-04:00,25.26,25.78,-0.0,-0.52
2025-06-15 17:00:00-04:00,28.61,29.49,-0.0,-0.88
2025-06-15 18:00:00-04:00,31.57,32.65,-0.0,-1.08
2025-06-15 19:00:00-04:00,33.59,34.7,-0.0,-1.11
2025-06-15 20:00:00-04:00,35.54,37.02,-0.0,-1.48
2025-06-15 21:00:00-04:00,33.47,34.68,-0.0,-1.21
2025-06-15 22:00:00-04:00,30.03,30.61,-0.0,-0.58
2025-06-15 23:00:00-04:00,26.6,26.520000000000003,-0.0,0.08
2025-06-16 00:00:00-04:00,27.8,27.69,-0.0,0.11
2025-06-16 01:00:00-04:00,24.98,24.76,-0.0,0.22
2025-06-16 02:00:00-04:00,22.19,22.23,-0.0,-0.04
2025-06-16 03:00:00-04:00,20.98,21.02,-0.0,-0.04
2025-06-16 04:00:00-04:00,21.34,21.3,-0.0,0.04
2025-06-16 05:00:00-04:00,24.1,24.34,-0.0,-0.24
2025-06-16 06:00:00-04:00,28.45,29.54,-0.0,-1.09
2025-06-16 07:00:00-04:00,29.46,30.94,-0.0,-1.48
2025-06-16 08:00:00-04:00,30.4,31.049999999999997,-0.0,-0.65
2025-06-16 09:00:00-04:00,28.03,28.6,-0.0,-0.57
2025-06-16 10:00:00-04:00,27.76,28.15,-0.0,-0.39
2025-06-16 11:00:00-04:00,28.0,28.46,-0.0,-0.46
2025-06-16 12:00:00-04:00,29.51,30.020000000000003,-0.0,-0.51
2025-06-16 13:00:00-04:00,29.62,29.98,-0.0,-0.36
2025-06-16 14:00:00-04:00,30.0,30.7,-0.0,-0.7
2025-06-16 15:00:00-04:00,30.13,31.0,-0.0,-0.87
2025-06-16 16:00:00-04:00,32.84,33.89,-0.0,-1.05
2025-06-16 17:00:00-04:00,37.66,39.27,-0.0,-1.61
2025-06-16 18:00:00-04:00,43.25,44.59,-0.0,-1.34
2025-06-16 19:00:00-04:00,45.35,46.95,-0.0,-1.6
2025-06-16 20:00:00-04:00,42.09,43.57,-0.0,-1.48
2025-06-16 21:00:00-04:00,38.04,39.83,-0.0,-1.79
2025-06-16 22:00:00-04:00,32.5,33.23,-0.0,-0.73
2025-06-16 23:00:00-04:00,28.02,28.16,-0.0,-0.14
2025-06-17 00:00:00-04:00,27.19,26.92,-0.0,0.27
2025-06-17 01:00:00-04:00,24.85,24.290000000000003,-0.0,0.56
2025-06-17 02:00:00-04:00,22.06,22.209999999999997,-0.0,-0.15
2025-06-17 03:00:00-04:00,20.44,20.69,-0.0,-0.25
2025-06-17 04:00:00-04:00,20.9,21.2,-0.0,-0.3
2025-06-17 05:00:00-04:00,24.6,24.9,-0.0,-0.3
2025-06-17 06:00:00-04:00,29.01,30.16,-0.0,-1.15
2025-06-17 07:00:00-04:00,31.71,33.290000000000006,0.19,-1.77
2025-06-17 08:00:00-04:00,33.26,34.809999999999995,-0.19,-1.36
2025-06-17 09:00:00-04:00,32.51,33.449999999999996,-0.0,-0.94
2025-06-17 10:00:00-04:00,33.96,35.300000000000004,-0.0,-1.34
2025-06-17 11:00:00-04:00,34.56,35.81,-0.0,-1.25
2025-06-17 12:00:00-04:00,34.86,36.16,-0.0,-1.3
2025-06-17 13:00:00-04:00,35.47,36.3,-0.0,-0.83
2025-06-17 14:00:00-04:00,35.13,35.96,-0.0,-0.83
2025-06-17 15:00:00-04:00,36.78,38.19,-0.0,-1.41
2025-06-17 16:00:00-04:00,39.27,40.48,-0.0,-1.21
2025-06-17 17:00:00-04:00,41.04,43.11,-0.0,-2.07
2025-06-17 18:00:00-04:00,45.03,46.42,-0.0,-1.39
2025-06-17 19:00:00-04:00,46.98,48.08,-0.0,-1.1
2025-06-17 20:00:00-04:00,44.28,45.46,-0.0,-1.18
2025-06-17 21:00:00-04:00,39.99,41.14,-0.0,-1.15
2025-06-17 22:00:00-04:00,34.71,35.300000000000004,0.22,-0.81
2025-06-17 23:00:00-04:00,30.5,30.66,-0.22,0.06
2025-06-18 00:00:00-04:00,29.99,29.869999999999997,-0.0,0.12
2025-06-18 01:00:00-04:00,26.28,26.36,-0.0,-0.08
2025-06-18 02:00:00-04:00,23.97,24.19,-0.0,-0.22
2025-06-18 03:00:00-04:00,23.76,24.12,-0.0,-0.36
2025-06-18 04:00:00-04:00,23.9,24.29,-0.0,-0.39
2025-06-18 05:00:00-04:00,25.1,25.23,-0.0,-0.13
2025-06-18 06:00:00-04:00,31.73,32.75,-0.0,-1.02
2025-06-18 07:00:00-04:00,33.2,33.74,-0.0,-0.54
2025-06-18 08:00:00-04:00,37.44,38.599999999999994,-0.0,-1.16
2025-06-18 09:00:00-04:00,38.3,39.529999999999994,-0.0,-1.23
2025-06-18 10:00:00-04:00,39.86,40.84,-0.0,-0.98
2025-06-18 11:00:00-04:00,41.41,41.83,-0.0,-0.42
2025-06-18 12:00:00-04:00,42.13,42.510000000000005,-0.0,-0.38
2025-06-18 13:00:00-04:00,43.54,44.65,-0.0,-1.11
2025-06-18 14:00:00-04:00,46.66,47.95,-0.0,-1.29
2025-06-18 15:00:00-04:00,49.85,52.53,-0.0,-2.68
2025-06-18 16:00:00-04:00,50.1,52.19,-0.0,-2.09
2025-06-18 17:00:00-04:00,54.75,56.5,-0.0,-1.75
2025-06-18 18:00:00-04:00,57.07,58.0,-0.0,-0.93
2025-06-18 19:00:00-04:00,54.95,56.02,-0.0,-1.07
2025-06-18 20:00:00-04:00,53.63,55.580000000000005,-0.0,-1.95
2025-06-18 21:00:00-04:00,46.72,48.27,-0.0,-1.55
2025-06-18 22:00:00-04:00,39.88,41.46,-0.0,-1.58
2025-06-18 23:00:00-04:00,35.93,37.0,-0.0,-1.07
2025-06-19 00:00:00-04:00,37.6,39.71,-0.0,-2.11
2025-06-19 01:00:00-04:00,33.7,35.7,-0.0,-2.0
2025-06-19 02:00:00-04:00,30.36,32.47,-0.0,-2.11
2025-06-19 03:00:00-04:00,28.29,30.1,-0.0,-1.81
2025-06-19 04:00:00-04:00,27.73,29.59,-0.0,-1.86
2025-06-19 05:00:00-04:00,31.94,34.42,-0.0,-2.48
2025-06-19 06:00:00-04:00,34.84,38.03,-0.26,-2.93
2025-06-19 07:00:00-04:00,33.58,41.779999999999994,-4.94,-3.26
2025-06-19 08:00:00-04:00,39.04,43.14,-0.0,-4.1
2025-06-19 09:00:00-04:00,39.33,43.17,-0.0,-3.84
2025-06-19 10:00:00-04:00,40.01,43.82,-0.0,-3.81
2025-06-19 11:00:00-04:00,41.34,45.28,-0.0,-3.94
2025-06-19 12:00:00-04:00,45.71,50.18,-0.0,-4.47
2025-06-19 13:00:00-04:00,48.05,52.69,-0.0,-4.64
2025-06-19 14:00:00-04:00,50.25,56.02,-0.0,-5.77
2025-06-19 15:00:00-04:00,51.81,56.48,0.58,-5.25
2025-06-19 16:00:00-04:00,53.66,56.52,1.77,-4.63
2025-06-19 17:00:00-04:00,56.34,56.650000000000006,3.43,-3.74
2025-06-19 18:00:00-04:00,56.21,56.720000000000006,3.01,-3.52
2025-06-19 19:00:00-04:00,58.73,62.48,-0.0,-3.75
2025-06-19 20:00:00-04:00,53.43,56.48,-0.0,-3.05
2025-06-19 21:00:00-04:00,49.65,52.97,0.23,-3.55
2025-06-19 22:00:00-04:00,43.42,45.84,0.33,-2.75
2025-06-19 23:00:00-04:00,37.6,39.790000000000006,-0.56,-1.63
2025-06-20 00:00:00-04:00,40.07,41.74,-0.0,-1.67
2025-06-20 01:00:00-04:00,35.57,37.64,-0.0,-2.07
2025-06-20 02:00:00-04:00,31.84,33.48,-0.0,-1.64
2025-06-20 03:00:00-04:00,31.61,33.17,-0.0,-1.56
2025-06-20 04:00:00-04:00,29.98,32.31,-0.62,-1.71
2025-06-20 05:00:00-04:00,30.6,31.23,0.62,-1.25
2025-06-20 06:00:00-04:00,32.22,33.74,-0.0,-1.52
2025-06-20 07:00:00-04:00,32.66,34.199999999999996,-0.0,-1.54
2025-06-20 08:00:00-04:00,34.96,36.38,-0.0,-1.42
2025-06-20 09:00:00-04:00,33.83,34.769999999999996,-0.0,-0.94
2025-06-20 10:00:00-04:00,34.9,35.83,-0.0,-0.93
2025-06-20 11:00:00-04:00,36.24,37.24,-0.0,-1.0
2025-06-20 12:00:00-04:00,37.25,38.76,-0.0,-1.51
2025-06-20 13:00:00-04:00,40.08,41.75,-0.0,-1.67
2025-06-20 14:00:00-04:00,42.39,44.43,-0.0,-2.04
2025-06-20 15:00:00-04:00,44.22,46.25,-0.0,-2.03
2025-06-20 16:00:00-04:00,49.2,51.68,-0.0,-2.48
2025-06-20 17:00:00-04:00,54.27,56.41,-0.0,-2.14
2025-06-20 18:00:00-04:00,54.84,56.42,-0.0,-1.58
2025-06-20 19:00:00-04:00,55.29,56.3,-0.0,-1.01
2025-06-20 20:00:00-04:00,52.45,54.02,-0.0,-1.57
2025-06-20 21:00:00-04:00,49.6,51.35,-0.0,-1.75
2025-06-20 22:00:00-04:00,43.52,45.38,-0.0,-1.86
2025-06-20 23:00:00-04:00,39.43,40.69,-0.0,-1.26
2025-06-21 00:00:00-04:00,37.87,38.96,-0.0,-1.09
2025-06-21 01:00:00-04:00,34.21,34.980000000000004,-0.0,-0.77
2025-06-21 02:00:00-04:00,31.78,32.7,-0.0,-0.92
2025-06-21 03:00:00-04:00,29.86,31.01,-0.0,-1.15
2025-06-21 04:00:00-04:00,28.98,30.38,-0.0,-1.4
2025-06-21 05:00:00-04:00,28.64,29.74,-0.0,-1.1
2025-06-21 06:00:00-04:00,29.29,30.29,-0.0,-1.0
2025-06-21 07:00:00-04:00,30.81,31.53,-0.0,-0.72
2025-06-21 08:00:00-04:00,32.59,33.39,-0.0,-0.8
2025-06-21 09:00:00-04:00,34.17,34.870000000000005,-0.0,-0.7
2025-06-21 10:00:00-04:00,36.88,37.75,-0.0,-0.87
2025-06-21 11:00:00-04:00,39.1,40.6,-0.0,-1.5
2025-06-21 12:00:00-04:00,43.47,44.81,-0.0,-1.34
2025-06-21 13:00:00-04:00,44.53,46.1,-0.0,-1.57
2025-06-21 14:00:00-04:00,45.59,47.99,-0.0,-2.4
2025-06-21 15:00:00-04:00,48.24,51.05,-0.0,-2.81
2025-06-21 16:00:00-04:00,52.81,55.18,-0.0,-2.37
2025-06-21 17:00:00-04:00,57.52,59.24,-0.0,-1.72
2025-06-21 18:00:00-04:00,59.0,61.84,-0.0,-2.84
2025-06-21 19:00:00-04:00,56.35,57.74,-0.0,-1.39
2025-06-21 20:00:00-04:00,53.94,56.19,-0.0,-2.25
2025-06-21 21:00:00-04:00,49.0,52.58,-0.0,-3.58
2025-06-21 22:00:00-04:00,44.85,47.97,-0.0,-3.12
2025-06-21 23:00:00-04:00,40.85,43.32,-0.0,-2.47
2025-06-22 00:00:00-04:00,34.2,35.38000000000001,0.41,-1.59
2025-06-22 01:00:00-04:00,32.59,33.67,0.27,-1.35
2025-06-22 02:00:00-04:00,31.12,32.620000000000005,-0.0,-1.5
2025-06-22 03:00:00-04:00,29.18,30.62,-0.0,-1.44
2025-06-22 04:00:00-04:00,28.1,29.71,0.14,-1.75
2025-06-22 05:00:00-04:00,27.59,28.98,0.2,-1.59
2025-06-22 06:00:00-04:00,26.47,27.66,-0.0,-1.19
2025-06-22 07:00:00-04:00,28.05,29.68,-0.0,-1.63
2025-06-22 08:00:00-04:00,31.38,33.1,-0.0,-1.72
2025-06-22 09:00:00-04:00,37.8,39.58,-0.0,-1.78
2025-06-22 10:00:00-04:00,43.23,45.8,-0.01,-2.56
2025-06-22 11:00:00-04:00,47.14,49.46,-0.0,-2.32
2025-06-22 12:00:00-04:00,51.61,54.74,-0.28,-2.85
2025-06-22 13:00:00-04:00,53.38,56.370000000000005,-0.0,-2.99
2025-06-22 14:00:00-04:00,54.21,56.82,-0.0,-2.61
2025-06-22 15:00:00-04:00,61.98,64.36,-0.0,-2.38
2025-06-22 16:00:00-04:00,74.06,76.9,-0.0,-2.84
2025-06-22 17:00:00-04:00,91.31,94.33,-0.0,-3.02
2025-06-22 18:00:00-04:00,99.63,102.61,-0.0,-2.98
2025-06-22 19:00:00-04:00,90.18,92.78,-0.0,-2.6
2025-06-22 20:00:00-04:00,78.96,81.05,-0.31,-1.78
2025-06-22 21:00:00-04:00,70.21,71.53999999999999,0.31,-1.64
2025-06-22 22:00:00-04:00,62.53,63.22,-0.0,-0.69
2025-06-22 23:00:00-04:00,56.76,56.59,-0.0,0.17
2025-06-23 00:00:00-04:00,59.29,58.36,-0.0,0.93
2025-06-23 01:00:00-04:00,55.4,55.29,-0.0,0.11
2025-06-23 02:00:00-04:00,52.67,52.99,-0.0,-0.32
2025-06-23 03:00:00-04:00,48.62,49.36,-0.0,-0.74
2025-06-23 04:00:00-04:00,46.09,47.17,-0.0,-1.08
2025-06-23 05:00:00-04:00,49.77,50.48,-0.0,-0.71
2025-06-23 06:00:00-04:00,51.73,52.84,-0.0,-1.11
2025-06-23 07:00:00-04:00,54.79,56.19,-0.0,-1.4
2025-06-23 08:00:00-04:00,57.41,57.75,-0.0,-0.34
2025-06-23 09:00:00-04:00,60.3,60.36,-0.0,-0.06
2025-06-23 10:00:00-04:00,71.02,71.22999999999999,-0.0,-0.21
2025-06-23 11:00:00-04:00,81.09,80.37,-0.0,0.72
2025-06-23 12:00:00-04:00,108.26,108.69,-0.0,-0.43
2025-06-23 13:00:00-04:00,128.73,131.23,-0.0,-2.5
2025-06-23 14:00:00-04:00,146.51,151.04,-0.0,-4.53
2025-06-23 15:00:00-04:00,160.5,169.13,0.84,-9.47
2025-06-23 16:00:00-04:00,200.9,210.28,1.77,-11.15
2025-06-23 17:00:00-04:00,236.55,245.26,3.3,-12.01
2025-06-23 18:00:00-04:00,212.4,213.44,6.85,-7.89
2025-06-23 19:00:00-04:00,183.85,182.95,4.56,-3.66
2025-06-23 20:00:00-04:00,165.54,172.35,-4.56,-2.25
2025-06-23 21:00:00-04:00,113.72,114.75,-0.0,-1.03
2025-06-23 22:00:00-04:00,79.32,78.38,-0.0,0.94
2025-06-23 23:00:00-04:00,68.25,67.51,-0.0,0.74
2025-06-24 00:00:00-04:00,58.61,59.14,-0.0,-0.53
2025-06-24 01:00:00-04:00,55.91,56.47,-0.0,-0.56
2025-06-24 02:00:00-04:00,53.18,54.43,-0.0,-1.25
2025-06-24 03:00:00-04:00,48.7,49.440000000000005,-0.0,-0.74
2025-06-24 04:00:00-04:00,46.91,48.16,-0.0,-1.25
2025-06-24 05:00:00-04:00,50.02,51.46,-0.0,-1.44
2025-06-24 06:00:00-04:00,53.47,54.01,-0.0,-0.54
2025-06-24 07:00:00-04:00,55.4,57.0,-0.0,-1.6
2025-06-24 08:00:00-04:00,59.81,61.22,-0.0,-1.41
2025-06-24 09:00:00-04:00,63.06,64.09,-0.0,-1.03
2025-06-24 10:00:00-04:00,72.53,73.04,-0.0,-0.51
2025-06-24 11:00:00-04:00,86.71,85.94,-0.0,0.77
2025-06-24 12:00:00-04:00,111.33,113.02,-0.0,-1.69
2025-06-24 13:00:00-04:00,133.89,138.75,-0.0,-4.86
2025-06-24 14:00:00-04:00,154.75,162.72,-0.0,-7.97
2025-06-24 15:00:00-04:00,162.99,170.53,2.52,-10.06
2025-06-24 16:00:00-04:00,216.83,230.38,4.42,-17.97
2025-06-24 17:00:00-04:00,248.93,262.56000000000006,5.53,-19.16
2025-06-24 18:00:00-04:00,249.26,260.45,7.57,-18.76
2025-06-24 19:00:00-04:00,228.46,237.57,4.42,-13.53
2025-06-24 20:00:00-04:00,193.04,201.71,-0.0,-8.67
2025-06-24 21:00:00-04:00,131.2,134.01999999999998,-0.0,-2.82
2025-06-24 22:00:00-04:00,91.48,92.5,-0.0,-1.02
2025-06-24 23:00:00-04:00,71.86,71.92999999999999,-0.0,-0.07
2025-06-25 00:00:00-04:00,68.24,68.86,-0.0,-0.62
2025-06-25 01:00:00-04:00,63.84,64.94,-0.0,-1.1
2025-06-25 02:00:00-04:00,58.36,60.73,-0.0,-2.37
2025-06-25 03:00:00-04:00,54.22,56.48,-0.0,-2.26
2025-06-25 04:00:00-04:00,53.33,56.19,-0.0,-2.86
2025-06-25 05:00:00-04:00,54.58,57.15,-0.0,-2.57
2025-06-25 06:00:00-04:00,54.3,57.52,-0.0,-3.22
2025-06-25 07:00:00-04:00,59.28,63.33,-0.0,-4.05
2025-06-25 08:00:00-04:00,63.18,67.43,-0.0,-4.25
2025-06-25 09:00:00-04:00,67.75,71.54,-0.0,-3.79
2025-06-25 10:00:00-04:00,68.68,72.07000000000001,-0.0,-3.39
2025-06-25 11:00:00-04:00,73.56,75.99000000000001,-0.0,-2.43
2025-06-25 12:00:00-04:00,88.16,91.55,-0.0,-3.39
2025-06-25 13:00:00-04:00,105.17,109.89,-0.0,-4.72
2025-06-25 14:00:00-04:00,116.3,121.96,1.54,-7.2
2025-06-25 15:00:00-04:00,126.2,131.47,3.01,-8.28
2025-06-25 16:00:00-04:00,156.04,162.82,3.8,-10.58
2025-06-25 17:00:00-04:00,179.74,185.13,6.64,-12.03
2025-06-25 18:00:00-04:00,194.38,205.59,3.38,-14.59
2025-06-25 19:00:00-04:00,175.0,183.25,0.73,-8.98
2025-06-25 20:00:00-04:00,119.8,122.3,1.66,-4.16
2025-06-25 21:00:00-04:00,91.62,92.87,2.28,-3.53
2025-06-25 22:00:00-04:00,70.34,73.9,-1.72,-1.84
2025-06-25 23:00:00-04:00,61.92,64.17,-0.0,-2.25
2025-06-26 00:00:00-04:00,50.51,51.12,-0.0,-0.61
2025-06-26 01:00:00-04:00,48.03,48.96,-0.0,-0.93
2025-06-26 02:00:00-04:00,45.74,47.06,-0.0,-1.32
2025-06-26 03:00:00-04:00,43.55,44.989999999999995,-0.0,-1.44
2025-06-26 04:00:00-04:00,41.45,43.18,-0.0,-1.73
2025-06-26 05:00:00-04:00,42.94,44.4,-0.0,-1.46
2025-06-26 06:00:00-04:00,44.65,46.36,-0.0,-1.71
2025-06-26 07:00:00-04:00,43.79,45.76,-0.0,-1.97
2025-06-26 08:00:00-04:00,45.66,47.459999999999994,-0.0,-1.8
2025-06-26 09:00:00-04:00,47.8,49.58,-0.0,-1.78
2025-06-26 10:00:00-04:00,47.1,47.870000000000005,-0.0,-0.77
2025-06-26 11:00:00-04:00,47.48,48.86999999999999,-0.41,-0.98
2025-06-26 12:00:00-04:00,51.26,50.24,0.41,0.61
2025-06-26 13:00:00-04:00,53.7,53.28,-0.0,0.42
2025-06-26 14:00:00-04:00,52.25,52.41,-0.0,-0.16
2025-06-26 15:00:00-04:00,52.56,53.25,-0.0,-0.69
2025-06-26 16:00:00-04:00,55.4,56.129999999999995,-0.0,-0.73
2025-06-26 17:00:00-04:00,58.7,59.05,-0.0,-0.35
2025-06-26 18:00:00-04:00,55.68,56.35,-0.0,-0.67
2025-06-26 19:00:00-04:00,55.07,55.8,-0.0,-0.73
2025-06-26 20:00:00-04:00,49.67,49.870000000000005,-0.0,-0.2
2025-06-26 21:00:00-04:00,45.1,46.11,-0.0,-1.01
2025-06-26 22:00:00-04:00,41.98,40.99999999999999,1.92,-0.94
2025-06-26 23:00:00-04:00,34.48,36.65,-1.92,-0.25
2025-06-27 00:00:00-04:00,38.2,38.470000000000006,-0.0,-0.27
2025-06-27 01:00:00-04:00,34.35,34.56,-0.0,-0.21
2025-06-27 02:00:00-04:00,31.22,31.38,-0.0,-0.16
2025-06-27 03:00:00-04:00,29.02,28.96,-0.0,0.06
2025-06-27 04:00:00-04:00,29.38,29.56,-0.0,-0.18
2025-06-27 05:00:00-04:00,30.17,30.57,-0.0,-0.4
2025-06-27 06:00:00-04:00,37.57,38.53,-0.0,-0.96
2025-06-27 07:00:00-04:00,38.12,39.79,-0.0,-1.67
2025-06-27 08:00:00-04:00,40.38,42.370000000000005,-0.0,-1.99
2025-06-27 09:00:00-04:00,39.71,41.19,-0.0,-1.48
2025-06-27 10:00:00-04:00,37.88,38.93,-0.0,-1.05
2025-06-27 11:00:00-04:00,37.8,38.489999999999995,-0.0,-0.69
2025-06-27 12:00:00-04:00,39.69,39.849999999999994,-0.0,-0.16
2025-06-27 13:00:00-04:00,40.21,40.21,-0.0,0.0
2025-06-27 14:00:00-04:00,40.35,40.47,-0.0,-0.12
2025-06-27 15:00:00-04:00,41.32,41.65,-0.0,-0.33
2025-06-27 16:00:00-04:00,44.89,45.07,-0.0,-0.18
2025-06-27 17:00:00-04:00,46.38,46.940000000000005,-0.0,-0.56
2025-06-27 18:00:00-04:00,44.78,45.14,-0.0,-0.36
2025-06-27 19:00:00-04:00,45.09,45.59,-0.0,-0.5
2025-06-27 20:00:00-04:00,40.72,40.879999999999995,-0.0,-0.16
2025-06-27 21:00:00-04:00,38.8,38.879999999999995,-0.0,-0.08
2025-06-27 22:00:00-04:00,34.76,35.22,-0.0,-0.46
2025-06-27 23:00:00-04:00,30.68,30.53,-0.0,0.15
2025-06-28 00:00:00-04:00,33.08,33.449999999999996,-0.0,-0.37
2025-06-28 01:00:00-04:00,28.62,28.42,-0.0,0.2
2025-06-28 02:00:00-04:00,26.29,26.11,-0.0,0.18
2025-06-28 03:00:00-04:00,26.85,27.12,-0.0,-0.27
2025-06-28 04:00:00-04:00,25.31,25.959999999999997,-0.0,-0.65
2025-06-28 05:00:00-04:00,25.75,27.02,-0.65,-0.62
2025-06-28 06:00:00-04:00,26.44,25.87,0.65,-0.08
2025-06-28 07:00:00-04:00,28.44,28.73,-0.0,-0.29
2025-06-28 08:00:00-04:00,31.66,31.95,-0.0,-0.29
2025-06-28 09:00:00-04:00,35.31,35.42,-0.0,-0.11
2025-06-28 10:00:00-04:00,39.53,39.370000000000005,-0.0,0.16
2025-06-28 11:00:00-04:00,41.04,40.75,-0.0,0.29
2025-06-28 12:00:00-04:00,41.3,41.01,-0.0,0.29
2025-06-28 13:00:00-04:00,44.23,43.84,-0.0,0.39
2025-06-28 14:00:00-04:00,43.1,43.32,-0.0,-0.22
2025-06-28 15:00:00-04:00,47.17,47.940000000000005,-0.0,-0.77
2025-06-28 16:00:00-04:00,49.02,50.17,-0.0,-1.15
2025-06-28 17:00:00-04:00,59.11,60.19,-0.0,-1.08
2025-06-28 18:00:00-04:00,60.25,61.61,-0.0,-1.36
2025-06-28 19:00:00-04:00,62.95,63.59,-0.0,-0.64
2025-06-28 20:00:00-04:00,60.79,61.53,-0.0,-0.74
2025-06-28 21:00:00-04:00,52.6,53.13,-0.0,-0.53
2025-06-28 22:00:00-04:00,48.35,48.3,-0.0,0.05
2025-06-28 23:00:00-04:00,44.08,43.82,-0.0,0.26
2025-06-29 00:00:00-04:00,36.18,36.96,-0.0,-0.78
2025-06-29 01:00:00-04:00,33.18,33.75,-0.0,-0.57
2025-06-29 02:00:00-04:00,29.67,29.97,-0.0,-0.3
2025-06-29 03:00:00-04:00,27.58,28.52,-0.0,-0.94
2025-06-29 04:00:00-04:00,27.63,28.51,-0.0,-0.88
2025-06-29 05:00:00-04:00,26.98,28.02,-0.0,-1.04
2025-06-29 06:00:00-04:00,27.04,27.91,-0.0,-0.87
2025-06-29 07:00:00-04:00,27.61,28.32,-0.0,-0.71
2025-06-29 08:00:00-04:00,27.35,28.23,-0.0,-0.88
2025-06-29 09:00:00-04:00,29.76,30.34,-0.0,-0.58
2025-06-29 10:00:00-04:00,31.06,31.31,-0.0,-0.25
2025-06-29 11:00:00-04:00,34.7,34.940000000000005,-0.0,-0.24
2025-06-29 12:00:00-04:00,36.87,37.43,-0.0,-0.56
2025-06-29 13:00:00-04:00,39.57,40.29,-0.0,-0.72
2025-06-29 14:00:00-04:00,42.17,42.99,-0.0,-0.82
2025-06-29 15:00:00-04:00,46.57,47.23,-0.0,-0.66
2025-06-29 16:00:00-04:00,53.09,53.3,-0.0,-0.21
2025-06-29 17:00:00-04:00,60.68,57.19,4.06,-0.57
2025-06-29 18:00:00-04:00,65.8,71.07,-4.06,-1.21
2025-06-29 19:00:00-04:00,65.56,67.52,-0.0,-1.96
2025-06-29 20:00:00-04:00,60.67,61.97,-0.0,-1.3
2025-06-29 21:00:00-04:00,55.45,56.99,-0.0,-1.54
2025-06-29 22:00:00-04:00,48.37,49.309999999999995,-0.0,-0.94
2025-06-29 23:00:00-04:00,43.29,43.86,-0.0,-0.57
2025-06-30 00:00:00-04:00,41.29,41.79,-0.0,-0.5
2025-06-30 01:00:00-04:00,36.46,36.83,-0.0,-0.37
2025-06-30 02:00:00-04:00,33.79,33.96,-0.0,-0.17
2025-06-30 03:00:00-04:00,31.11,31.36,-0.0,-0.25
2025-06-30 04:00:00-04:00,30.6,30.97,-0.0,-0.37
2025-06-30 05:00:00-04:00,32.0,32.26,-0.0,-0.26
2025-06-30 06:00:00-04:00,33.6,34.68,-0.0,-1.08
2025-06-30 07:00:00-04:00,35.74,37.66,-0.0,-1.92
2025-06-30 08:00:00-04:00,40.96,43.02,-0.0,-2.06
2025-06-30 09:00:00-04:00,42.34,43.34,-0.0,-1.0
2025-06-30 10:00:00-04:00,45.6,46.06,-0.0,-0.46
2025-06-30 11:00:00-04:00,48.54,49.13,-0.0,-0.59
2025-06-30 12:00:00-04:00,55.87,55.099999999999994,-0.0,0.77
2025-06-30 13:00:00-04:00,57.37,55.809999999999995,-0.0,1.56
2025-06-30 14:00:00-04:00,62.32,61.1,-0.0,1.22
2025-06-30 15:00:00-04:00,65.07,64.61,-0.0,0.46
2025-06-30 16:00:00-04:00,77.64,76.87,-0.0,0.77
2025-06-30 17:00:00-04:00,90.13,89.42,-0.0,0.71
2025-06-30 18:00:00-04:00,90.61,89.98,-0.0,0.63
2025-06-30 19:00:00-04:00,85.45,84.43,-0.0,1.02
2025-06-30 20:00:00-04:00,75.23,75.15,-0.0,0.08
2025-06-30 21:00:00-04:00,65.22,64.51,-0.0,0.71
2025-06-30 22:00:00-04:00,55.3,55.47,-0.0,-0.17
2025-06-30 23:00:00-04:00,49.85,50.0,-0.0,-0.15
2025-07-01 00:00:00-04:00,43.97,44.87,-0.0,-0.9
2025-07-01 01:00:00-04:00,38.4,39.51,-0.0,-1.11
2025-07-01 02:00:00-04:00,35.02,36.59,-0.0,-1.57
2025-07-01 03:00:00-04:00,32.11,33.45,-0.0,-1.34
2025-07-01 04:00:00-04:00,32.0,33.47,-0.0,-1.47
2025-07-01 05:00:00-04:00,36.58,38.42,-0.0,-1.84
2025-07-01 06:00:00-04:00,39.15,41.51,-0.0,-2.36
2025-07-01 07:00:00-04:00,41.09,44.18000000000001,-0.0,-3.09
2025-07-01 08:00:00-04:00,43.79,46.43,-0.0,-2.64
2025-07-01 09:00:00-04:00,46.1,47.92,-0.0,-1.82
2025-07-01 10:00:00-04:00,47.57,49.71,-0.0,-2.14
2025-07-01 11:00:00-04:00,50.11,52.03,-0.0,-1.92
2025-07-01 12:00:00-04:00,53.14,55.64,-0.0,-2.5
2025-07-01 13:00:00-04:00,57.45,59.91,-0.0,-2.46
2025-07-01 14:00:00-04:00,61.37,63.79,-0.0,-2.42
2025-07-01 15:00:00-04:00,59.59,61.93,1.07,-3.41
2025-07-01 16:00:00-04:00,67.53,70.12,-0.0,-2.59
2025-07-01 17:00:00-04:00,73.86,76.94,-0.0,-3.08
2025-07-01 18:00:00-04:00,75.41,77.5,-0.0,-2.09
2025-07-01 19:00:00-04:00,74.49,77.27,-0.0,-2.78
2025-07-01 20:00:00-04:00,67.79,70.39,-0.0,-2.6
2025-07-01 21:00:00-04:00,58.38,59.74,0.73,-2.09
2025-07-01 22:00:00-04:00,49.55,51.309999999999995,-0.73,-1.03
2025-07-01 23:00:00-04:00,48.77,48.720000000000006,-0.0,0.05
2025-07-02 00:00:00-04:00,45.15,46.36,-0.0,-1.21
2025-07-02 01:00:00-04:00,41.78,41.74,-0.0,0.04
2025-07-02 02:00:00-04:00,35.57,36.41,-0.0,-0.84
2025-07-02 03:00:00-04:00,33.43,34.11,-0.0,-0.68
2025-07-02 04:00:00-04:00,32.64,33.68,-0.0,-1.04
2025-07-02 05:00:00-04:00,34.98,35.8,-0.0,-0.82
2025-07-02 06:00:00-04:00,37.6,39.04,-0.0,-1.44
2025-07-02 07:00:00-04:00,41.9,45.01,-0.0,-3.11
2025-07-02 08:00:00-04:00,45.49,48.5,-0.0,-3.01
2025-07-02 09:00:00-04:00,46.24,48.620000000000005,-0.0,-2.38
2025-07-02 10:00:00-04:00,44.68,46.54,-0.0,-1.86
2025-07-02 11:00:00-04:00,47.92,49.55,-0.0,-1.63
2025-07-02 12:00:00-04:00,50.3,51.75,-0.0,-1.45
2025-07-02 13:00:00-04:00,54.17,55.73,-0.0,-1.56
2025-07-02 14:00:00-04:00,56.83,58.95,-0.0,-2.12
2025-07-02 15:00:00-04:00,59.7,61.68,-0.0,-1.98
2025-07-02 16:00:00-04:00,65.15,66.75,-0.0,-1.6
2025-07-02 17:00:00-04:00,74.81,75.6,1.4,-2.19
2025-07-02 18:00:00-04:00,76.58,78.85000000000001,-1.4,-0.87
2025-07-02 19:00:00-04:00,73.9,76.42,-0.0,-2.52
2025-07-02 20:00:00-04:00,64.78,66.72,-0.0,-1.94
2025-07-02 21:00:00-04:00,57.88,60.040000000000006,-0.0,-2.16
2025-07-02 22:00:00-04:00,50.29,51.22,0.3,-1.23
2025-07-02 23:00:00-04:00,45.06,46.57,-0.3,-1.21
2025-07-03 00:00:00-04:00,44.55,45.09,-0.0,-0.54
2025-07-03 01:00:00-04:00,41.15,41.82,-0.0,-0.67
2025-07-03 02:00:00-04:00,35.13,35.45,-0.0,-0.32
2025-07-03 03:00:00-04:00,32.14,33.27,-0.0,-1.13
2025-07-03 04:00:00-04:00,31.58,32.73,-0.0,-1.15
2025-07-03 05:00:00-04:00,34.8,36.36,-0.0,-1.56
2025-07-03 06:00:00-04:00,37.54,39.81,-0.0,-2.27
2025-07-03 07:00:00-04:00,38.74,41.52,-0.0,-2.78
2025-07-03 08:00:00-04:00,41.3,43.25,-0.0,-1.95
2025-07-03 09:00:00-04:00,42.03,43.33,-0.0,-1.3
2025-07-03 10:00:00-04:00,41.91,42.849999999999994,-0.0,-0.94
2025-07-03 11:00:00-04:00,46.58,47.77,-0.0,-1.19
2025-07-03 12:00:00-04:00,50.28,51.46,-0.0,-1.18
2025-07-03 13:00:00-04:00,52.58,54.37,-0.0,-1.79
2025-07-03 14:00:00-04:00,56.61,58.67,-0.0,-2.06
2025-07-03 15:00:00-04:00,58.89,61.79,-0.0,-2.9
2025-07-03 16:00:00-04:00,63.39,65.75,-0.0,-2.36
2025-07-03 17:00:00-04:00,71.36,74.88,-0.0,-3.52
2025-07-03 18:00:00-04:00,71.84,75.38000000000001,-0.0,-3.54
2025-07-03 19:00:00-04:00,68.95,70.94,-0.0,-1.99
2025-07-03 20:00:00-04:00,61.28,63.11,-0.0,-1.83
2025-07-03 21:00:00-04:00,56.36,58.1,-0.0,-1.74
2025-07-03 22:00:00-04:00,50.63,50.84,0.7,-0.91
2025-07-03 23:00:00-04:00,44.49,46.11000000000001,-0.7,-0.92
2025-07-04 00:00:00-04:00,41.8,42.61,-0.17,-0.64
2025-07-04 01:00:00-04:00,39.0,37.809999999999995,0.17,1.02
2025-07-04 02:00:00-04:00,33.2,32.45,-0.0,0.75
2025-07-04 03:00:00-04:00,31.77,31.8,-0.0,-0.03
2025-07-04 04:00:00-04:00,31.45,31.39,-0.0,0.06
2025-07-04 05:00:00-04:00,31.7,31.54,-0.0,0.16
2025-07-04 06:00:00-04:00,31.15,31.71,-0.05,-0.51
2025-07-04 07:00:00-04:00,29.48,30.03,0.05,-0.6
2025-07-04 08:00:00-04:00,29.57,30.05,-0.0,-0.48
2025-07-04 09:00:00-04:00,29.18,29.57,-0.0,-0.39
2025-07-04 10:00:00-04:00,30.03,30.24,-0.0,-0.21
2025-07-04 11:00:00-04:00,31.9,32.29,-0.0,-0.39
2025-07-04 12:00:00-04:00,35.9,35.58,-0.0,0.32
2025-07-04 13:00:00-04:00,39.65,39.22,-0.0,0.43
2025-07-04 14:00:00-04:00,41.43,41.26,-0.0,0.17
2025-07-04 15:00:00-04:00,45.04,45.4,-0.0,-0.36
2025-07-04 16:00:00-04:00,51.06,51.32,-0.0,-0.26
2025-07-04 17:00:00-04:00,58.48,58.419999999999995,-0.0,0.06
2025-07-04 18:00:00-04:00,60.83,60.35,-0.0,0.48
2025-07-04 19:00:00-04:00,58.82,58.7,-0.0,0.12
2025-07-04 20:00:00-04:00,54.4,54.67,-0.0,-0.27
2025-07-04 21:00:00-04:00,49.62,49.32,-0.0,0.3
2025-07-04 22:00:00-04:00,43.9,44.19,0.11,-0.4
2025-07-04 23:00:00-04:00,38.7,39.120000000000005,-0.11,-0.31
2025-07-05 00:00:00-04:00,39.15,38.95,-0.0,0.2
2025-07-05 01:00:00-04:00,33.7,33.970000000000006,-0.0,-0.27
2025-07-05 02:00:00-04:00,30.4,30.86,-0.0,-0.46
2025-07-05 03:00:00-04:00,28.59,29.44,-0.0,-0.85
2025-07-05 04:00:00-04:00,27.43,28.34,-0.0,-0.91
2025-07-05 05:00:00-04:00,28.23,28.6,-0.0,-0.37
2025-07-05 06:00:00-04:00,27.07,27.6,-0.0,-0.53
2025-07-05 07:00:00-04:00,27.55,27.66,-0.0,-0.11
2025-07-05 08:00:00-04:00,27.38,27.52,-0.0,-0.14
2025-07-05 09:00:00-04:00,31.78,31.78,-0.0,0.0
2025-07-05 10:00:00-04:00,34.58,34.339999999999996,-0.0,0.24
2025-07-05 11:00:00-04:00,37.31,37.05,-0.0,0.26
2025-07-05 12:00:00-04:00,41.39,41.31,-0.0,0.08
2025-07-05 13:00:00-04:00,43.71,44.11,-0.0,-0.4
2025-07-05 14:00:00-04:00,46.75,46.38,-0.0,0.37
2025-07-05 15:00:00-04:00,50.24,49.940000000000005,-0.0,0.3
2025-07-05 16:00:00-04:00,59.3,58.37,-0.0,0.93
2025-07-05 17:00:00-04:00,64.87,64.04,-0.0,0.83
2025-07-05 18:00:00-04:00,67.33,66.53,-0.0,0.8
2025-07-05 19:00:00-04:00,65.88,64.64999999999999,-0.0,1.23
2025-07-05 20:00:00-04:00,62.95,62.82,-0.0,0.13
2025-07-05 21:00:00-04:00,57.13,57.23,0.01,-0.11
2025-07-05 22:00:00-04:00,51.03,49.21,2.22,-0.4
2025-07-05 23:00:00-04:00,42.8,44.629999999999995,-2.23,0.4
2025-07-06 00:00:00-04:00,39.53,39.33,-0.0,0.2
2025-07-06 01:00:00-04:00,33.66,34.029999999999994,-0.0,-0.37
2025-07-06 02:00:00-04:00,30.87,31.21,-0.0,-0.34
2025-07-06 03:00:00-04:00,29.7,30.06,-0.0,-0.36
2025-07-06 04:00:00-04:00,28.49,29.04,-0.0,-0.55
2025-07-06 05:00:00-04:00,27.83,28.78,-0.0,-0.95
2025-07-06 06:00:00-04:00,28.17,28.83,-0.0,-0.66
2025-07-06 07:00:00-04:00,27.79,28.619999999999997,-0.0,-0.83
2025-07-06 08:00:00-04:00,30.39,31.1,-0.0,-0.71
2025-07-06 09:00:00-04:00,34.69,35.51,-0.0,-0.82
2025-07-06 10:00:00-04:00,37.52,38.6,-0.0,-1.08
2025-07-06 11:00:00-04:00,44.39,45.58,-0.0,-1.19
2025-07-06 12:00:00-04:00,47.43,48.5,-0.0,-1.07
2025-07-06 13:00:00-04:00,50.89,52.36,-0.0,-1.47
2025-07-06 14:00:00-04:00,55.64,57.13,-0.0,-1.49
2025-07-06 15:00:00-04:00,60.63,62.18,-0.0,-1.55
2025-07-06 16:00:00-04:00,71.21,72.58999999999999,-0.0,-1.38
2025-07-06 17:00:00-04:00,81.38,82.53999999999999,-0.0,-1.16
2025-07-06 18:00:00-04:00,91.39,90.67,-0.0,0.72
2025-07-06 19:00:00-04:00,90.98,89.9,-0.0,1.08
2025-07-06 20:00:00-04:00,82.4,81.82000000000001,-0.0,0.58
2025-07-06 21:00:00-04:00,68.56,69.68,-0.0,-1.12
2025-07-06 22:00:00-04:00,61.72,61.84,-0.0,-0.12
2025-07-06 23:00:00-04:00,50.9,51.21,-0.0,-0.31
2025-07-07 00:00:00-04:00,46.72,47.0,-0.0,-0.28
2025-07-07 01:00:00-04:00,41.63,42.31,-0.0,-0.68
2025-07-07 02:00:00-04:00,37.26,38.21,-0.0,-0.95
2025-07-07 03:00:00-04:00,35.46,36.29,-0.0,-0.83
2025-07-07 04:00:00-04:00,35.49,36.55,-0.0,-1.06
2025-07-07 05:00:00-04:00,37.13,38.28,-0.0,-1.15
2025-07-07 06:00:00-04:00,42.0,44.12,-0.0,-2.12
2025-07-07 07:00:00-04:00,43.06,46.05,-0.0,-2.99
2025-07-07 08:00:00-04:00,46.73,50.41,-0.0,-3.68
2025-07-07 09:00:00-04:00,49.77,53.17,-0.0,-3.4
2025-07-07 10:00:00-04:00,55.45,58.93,-0.0,-3.48
2025-07-07 11:00:00-04:00,60.98,64.39,-0.0,-3.41
2025-07-07 12:00:00-04:00,62.76,66.41,-0.0,-3.65
2025-07-07 13:00:00-04:00,68.79,72.64,-0.0,-3.85
2025-07-07 14:00:00-04:00,76.87,81.77000000000001,-0.0,-4.9
2025-07-07 15:00:00-04:00,85.87,93.34,-0.0,-7.47
2025-07-07 16:00:00-04:00,99.54,107.15,-0.0,-7.61
2025-07-07 17:00:00-04:00,101.94,106.0,3.57,-7.63
2025-07-07 18:00:00-04:00,104.0,107.65,3.67,-7.32
2025-07-07 19:00:00-04:00,85.07,89.74,0.89,-5.56
2025-07-07 20:00:00-04:00,74.13,78.36,-0.0,-4.23
2025-07-07 21:00:00-04:00,66.98,71.72,-0.0,-4.74
2025-07-07 22:00:00-04:00,62.99,65.75,0.66,-3.42
2025-07-07 23:00:00-04:00,54.98,58.43999999999999,-0.66,-2.8
2025-07-08 00:00:00-04:00,52.87,55.19,-0.0,-2.32
2025-07-08 01:00:00-04:00,47.25,49.74,-0.0,-2.49
2025-07-08 02:00:00-04:00,44.65,47.2,-0.0,-2.55
2025-07-08 03:00:00-04:00,43.68,46.57,-0.0,-2.89
2025-07-08 04:00:00-04:00,43.77,46.66,-0.0,-2.89
2025-07-08 05:00:00-04:00,45.43,48.64,-0.0,-3.21
2025-07-08 06:00:00-04:00,47.18,50.57,-0.0,-3.39
2025-07-08 07:00:00-04:00,48.6,52.6,-0.0,-4.0
2025-07-08 08:00:00-04:00,53.43,57.58,-0.0,-4.15
2025-07-08 09:00:00-04:00,57.69,61.239999999999995,-0.0,-3.55
2025-07-08 10:00:00-04:00,57.65,61.52,-0.0,-3.87
2025-07-08 11:00:00-04:00,60.71,64.52,-0.0,-3.81
2025-07-08 12:00:00-04:00,64.35,68.1,-0.0,-3.75
2025-07-08 13:00:00-04:00,74.11,79.69,-0.0,-5.58
2025-07-08 14:00:00-04:00,79.07,84.75,-0.0,-5.68
2025-07-08 15:00:00-04:00,89.0,93.12,2.49,-6.61
2025-07-08 16:00:00-04:00,91.01,94.12,3.57,-6.68
2025-07-08 17:00:00-04:00,98.21,97.15,7.37,-6.31
2025-07-08 18:00:00-04:00,107.41,111.96,2.73,-7.28
2025-07-08 19:00:00-04:00,90.28,92.59,2.51,-4.82
2025-07-08 20:00:00-04:00,80.78,83.8,1.25,-4.27
2025-07-08 21:00:00-04:00,71.32,75.96,-0.0,-4.64
2025-07-08 22:00:00-04:00,60.85,64.26,-0.0,-3.41
2025-07-08 23:00:00-04:00,54.69,56.33,-0.0,-1.64
2025-07-09 00:00:00-04:00,50.13,51.260000000000005,-0.0,-1.13
2025-07-09 01:00:00-04:00,44.05,46.37,-0.0,-2.32
2025-07-09 02:00:00-04:00,41.83,44.22,-0.0,-2.39
2025-07-09 03:00:00-04:00,40.11,42.63,-0.0,-2.52
2025-07-09 04:00:00-04:00,40.66,43.16,-0.0,-2.5
2025-07-09 05:00:00-04:00,43.25,46.06,-0.0,-2.81
2025-07-09 06:00:00-04:00,45.56,48.81,-0.71,-2.54
2025-07-09 07:00:00-04:00,47.39,50.3,0.71,-3.62
2025-07-09 08:00:00-04:00,49.05,52.349999999999994,-0.0,-3.3
2025-07-09 09:00:00-04:00,50.0,53.19,-0.0,-3.19
2025-07-09 10:00:00-04:00,49.04,51.67,-0.0,-2.63
2025-07-09 11:00:00-04:00,54.22,56.129999999999995,-0.0,-1.91
2025-07-09 12:00:00-04:00,55.39,56.58,-0.0,-1.19
2025-07-09 13:00:00-04:00,59.77,60.8,-0.0,-1.03
2025-07-09 14:00:00-04:00,61.59,62.46,-0.0,-0.87
2025-07-09 15:00:00-04:00,63.81,64.65,-0.0,-0.84
2025-07-09 16:00:00-04:00,72.73,71.72000000000001,1.66,-0.65
2025-07-09 17:00:00-04:00,83.46,84.77999999999999,-1.66,0.34
2025-07-09 18:00:00-04:00,80.98,80.41000000000001,-0.0,0.57
2025-07-09 19:00:00-04:00,79.52,79.6,-0.0,-0.08
2025-07-09 20:00:00-04:00,71.21,72.0,-0.0,-0.79
2025-07-09 21:00:00-04:00,63.75,63.540000000000006,0.91,-0.7
2025-07-09 22:00:00-04:00,57.1,56.080000000000005,2.37,-1.35
2025-07-09 23:00:00-04:00,47.61,51.45,-3.28,-0.56
2025-07-10 00:00:00-04:00,46.41,47.45,-0.0,-1.04
2025-07-10 01:00:00-04:00,43.23,44.989999999999995,-0.0,-1.76
2025-07-10 02:00:00-04:00,39.4,40.12,-0.0,-0.72
2025-07-10 03:00:00-04:00,37.09,38.24,-0.0,-1.15
2025-07-10 04:00:00-04:00,37.46,38.27,-0.0,-0.81
2025-07-10 05:00:00-04:00,38.53,39.4,-0.0,-0.87
2025-07-10 06:00:00-04:00,41.73,43.419999999999995,-0.0,-1.69
2025-07-10 07:00:00-04:00,44.46,47.2,-0.0,-2.74
2025-07-10 08:00:00-04:00,48.51,50.27,-0.0,-1.76
2025-07-10 09:00:00-04:00,50.97,53.37,-0.0,-2.4
2025-07-10 10:00:00-04:00,52.68,54.48,-0.0,-1.8
2025-07-10 11:00:00-04:00,53.7,55.13,-0.0,-1.43
2025-07-10 12:00:00-04:00,56.49,57.47,-0.0,-0.98
2025-07-10 13:00:00-04:00,58.82,59.96,-0.0,-1.14
2025-07-10 14:00:00-04:00,61.38,62.38,-0.0,-1.0
2025-07-10 15:00:00-04:00,65.1,65.16999999999999,-0.0,-0.07
2025-07-10 16:00:00-04:00,71.45,70.46000000000001,-0.0,0.99
2025-07-10 17:00:00-04:00,80.0,79.29,-0.0,0.71
2025-07-10 18:00:00-04:00,77.0,75.27,-0.0,1.73
2025-07-10 19:00:00-04:00,71.52,69.64,-0.0,1.88
2025-07-10 20:00:00-04:00,64.51,64.32000000000001,-0.0,0.19
2025-07-10 21:00:00-04:00,60.58,61.5,-0.0,-0.92
2025-07-10 22:00:00-04:00,53.92,52.52,1.03,0.37
2025-07-10 23:00:00-04:00,46.87,46.46,-1.03,1.44
2025-07-11 00:00:00-04:00,45.11,44.79,-0.0,0.32
2025-07-11 01:00:00-04:00,43.27,42.470000000000006,-0.0,0.8
2025-07-11 02:00:00-04:00,39.03,38.76,-0.0,0.27
2025-07-11 03:00:00-04:00,39.15,39.51,-0.0,-0.36
2025-07-11 04:00:00-04:00,39.4,39.72,-0.0,-0.32
2025-07-11 05:00:00-04:00,40.23,40.76,-0.0,-0.53
2025-07-11 06:00:00-04:00,42.44,42.83,-0.0,-0.39
2025-07-11 07:00:00-04:00,44.29,46.33,-0.0,-2.04
2025-07-11 08:00:00-04:00,47.85,49.23,-0.0,-1.38
2025-07-11 09:00:00-04:00,49.31,49.81,-0.0,-0.5
2025-07-11 10:00:00-04:00,51.35,51.25,-0.0,0.1
2025-07-11 11:00:00-04:00,55.26,55.04,-0.0,0.22
2025-07-11 12:00:00-04:00,60.06,59.7,-0.0,0.36
2025-07-11 13:00:00-04:00,65.15,65.94000000000001,-0.0,-0.79
2025-07-11 14:00:00-04:00,67.77,68.11,-0.0,-0.34
2025-07-11 15:00:00-04:00,74.56,76.86,-0.0,-2.3
2025-07-11 16:00:00-04:00,80.8,81.2,-0.0,-0.4
2025-07-11 17:00:00-04:00,88.4,88.4,-0.0,0.0
2025-07-11 18:00:00-04:00,83.82,83.64999999999999,-0.0,0.17
2025-07-11 19:00:00-04:00,79.76,81.39,-0.0,-1.63
2025-07-11 20:00:00-04:00,70.47,72.27,-0.0,-1.8
2025-07-11 21:00:00-04:00,64.23,66.08,-0.0,-1.85
2025-07-11 22:00:00-04:00,60.06,59.58,0.78,-0.3
2025-07-11 23:00:00-04:00,53.09,53.28,-0.78,0.59
2025-07-12 00:00:00-04:00,47.88,48.220000000000006,-0.0,-0.34
2025-07-12 01:00:00-04:00,41.34,42.27,-0.0,-0.93
2025-07-12 02:00:00-04:00,37.42,38.54,-0.0,-1.12
2025-07-12 03:00:00-04:00,36.23,37.94,-0.0,-1.71
2025-07-12 04:00:00-04:00,34.32,35.86,-0.0,-1.54
2025-07-12 05:00:00-04:00,35.12,36.93,-0.0,-1.81
2025-07-12 06:00:00-04:00,36.0,37.66,-0.23,-1.43
2025-07-12 07:00:00-04:00,36.2,37.05,0.23,-1.08
2025-07-12 08:00:00-04:00,40.55,41.629999999999995,-0.0,-1.08
2025-07-12 09:00:00-04:00,44.01,45.37,-0.0,-1.36
2025-07-12 10:00:00-04:00,48.33,48.77,-0.0,-0.44
2025-07-12 11:00:00-04:00,53.85,52.65,-0.01,1.21
2025-07-12 12:00:00-04:00,56.16,55.71,0.01,0.44
2025-07-12 13:00:00-04:00,60.62,60.98,-0.0,-0.36
2025-07-12 14:00:00-04:00,66.66,65.67,-0.0,0.99
2025-07-12 15:00:00-04:00,73.11,72.46,-0.0,0.65
2025-07-12 16:00:00-04:00,81.45,79.93,-0.0,1.52
2025-07-12 17:00:00-04:00,86.76,84.73,-0.0,2.03
2025-07-12 18:00:00-04:00,83.21,81.82,-0.0,1.39
2025-07-12 19:00:00-04:00,82.03,81.22,-0.0,0.81
2025-07-12 20:00:00-04:00,72.7,72.48,-0.0,0.22
2025-07-12 21:00:00-04:00,65.08,65.8,-0.0,-0.72
2025-07-12 22:00:00-04:00,55.11,55.61,-0.0,-0.5
2025-07-12 23:00:00-04:00,50.24,50.440000000000005,-0.0,-0.2
2025-07-13 00:00:00-04:00,45.98,46.44,-0.0,-0.46
2025-07-13 01:00:00-04:00,42.92,41.92,-0.0,1.0
2025-07-13 02:00:00-04:00,38.2,37.25,0.24,0.71
2025-07-13 03:00:00-04:00,36.4,37.24,-0.24,-0.6
2025-07-13 04:00:00-04:00,36.0,36.36,-0.0,-0.36
2025-07-13 05:00:00-04:00,35.58,36.27,-0.0,-0.69
2025-07-13 06:00:00-04:00,35.89,36.29,-0.0,-0.4
2025-07-13 07:00:00-04:00,38.44,38.44,-0.0,0.0
2025-07-13 08:00:00-04:00,41.8,40.19,-0.0,1.61
2025-07-13 09:00:00-04:00,46.16,45.38999999999999,-0.0,0.77
2025-07-13 10:00:00-04:00,49.46,48.07,-0.0,1.39
2025-07-13 11:00:00-04:00,53.44,51.379999999999995,-0.0,2.06
2025-07-13 12:00:00-04:00,55.55,53.209999999999994,-0.0,2.34
2025-07-13 13:00:00-04:00,56.94,55.12,-0.0,1.82
2025-07-13 14:00:00-04:00,62.33,61.05,-0.0,1.28
2025-07-13 15:00:00-04:00,68.26,67.45,-0.0,0.81
2025-07-13 16:00:00-04:00,77.3,76.61,-0.0,0.69
2025-07-13 17:00:00-04:00,83.37,82.14,-0.0,1.23
2025-07-13 18:00:00-04:00,87.36,85.53,-0.73,2.56
2025-07-13 19:00:00-04:00,84.06,81.22,0.73,2.11
2025-07-13 20:00:00-04:00,77.56,75.89,-0.0,1.67
2025-07-13 21:00:00-04:00,67.6,66.47,-0.0,1.13
2025-07-13 22:00:00-04:00,65.49,59.559999999999995,4.68,1.25
2025-07-13 23:00:00-04:00,51.77,53.81,-4.68,2.64
2025-07-14 00:00:00-04:00,47.98,47.55,-0.0,0.43
2025-07-14 01:00:00-04:00,45.19,43.87,-0.0,1.32
2025-07-14 02:00:00-04:00,39.98,39.309999999999995,-0.0,0.67
2025-07-14 03:00:00-04:00,38.04,38.15,-0.0,-0.11
2025-07-14 04:00:00-04:00,38.0,38.58,-0.0,-0.58
2025-07-14 05:00:00-04:00,39.47,40.19,-0.0,-0.72
2025-07-14 06:00:00-04:00,40.62,41.62,-0.0,-1.0
2025-07-14 07:00:00-04:00,46.06,48.690000000000005,-0.0,-2.63
2025-07-14 08:00:00-04:00,51.66,53.54,-0.0,-1.88
2025-07-14 09:00:00-04:00,53.71,54.92,-0.0,-1.21
2025-07-14 10:00:00-04:00,56.0,57.14,-0.0,-1.14
2025-07-14 11:00:00-04:00,60.37,60.86,-0.0,-0.49
2025-07-14 12:00:00-04:00,67.0,66.34,-0.0,0.66
2025-07-14 13:00:00-04:00,76.1,75.27,-0.0,0.83
2025-07-14 14:00:00-04:00,81.31,81.39,-0.0,-0.08
2025-07-14 15:00:00-04:00,80.2,81.09,-0.0,-0.89
2025-07-14 16:00:00-04:00,92.52,93.55,-0.0,-1.03
2025-07-14 17:00:00-04:00,103.8,106.24,-0.0,-2.44
2025-07-14 18:00:00-04:00,99.3,101.23,-0.0,-1.93
2025-07-14 19:00:00-04:00,92.0,91.54,-0.0,0.46
2025-07-14 20:00:00-04:00,82.16,82.24,-0.0,-0.08
2025-07-14 21:00:00-04:00,75.74,75.36,-0.0,0.38
2025-07-14 22:00:00-04:00,66.76,63.97000000000001,2.08,0.71
2025-07-14 23:00:00-04:00,57.3,56.81999999999999,-2.08,2.56
2025-07-15 00:00:00-04:00,50.09,50.24,-0.0,-0.15
2025-07-15 01:00:00-04:00,47.84,46.83,0.59,0.42
2025-07-15 02:00:00-04:00,44.77,45.82000000000001,-0.59,-0.46
2025-07-15 03:00:00-04:00,41.44,42.29,-0.0,-0.85
2025-07-15 04:00:00-04:00,42.13,42.77,-0.0,-0.64
2025-07-15 05:00:00-04:00,43.84,46.00000000000001,-0.82,-1.34
2025-07-15 06:00:00-04:00,48.0,48.99,0.82,-1.81
2025-07-15 07:00:00-04:00,49.66,51.73,-0.0,-2.07
2025-07-15 08:00:00-04:00,53.1,54.52,-0.0,-1.42
2025-07-15 09:00:00-04:00,57.03,57.32,-0.0,-0.29
2025-07-15 10:00:00-04:00,58.54,58.19,-0.0,0.35
2025-07-15 11:00:00-04:00,66.34,66.34,-0.0,0.0
2025-07-15 12:00:00-04:00,72.59,71.59,-0.0,1.0
2025-07-15 13:00:00-04:00,83.2,82.13000000000001,-0.0,1.07
2025-07-15 14:00:00-04:00,92.55,91.54,-0.0,1.01
2025-07-15 15:00:00-04:00,99.4,100.4,-0.0,-1.0
2025-07-15 16:00:00-04:00,125.7,128.65,-0.0,-2.95
2025-07-15 17:00:00-04:00,154.68,160.12,-0.0,-5.44
2025-07-15 18:00:00-04:00,176.5,181.78,-0.0,-5.28
2025-07-15 19:00:00-04:00,150.15,155.12,-0.0,-4.97
2025-07-15 20:00:00-04:00,110.97,113.47,-0.0,-2.5
2025-07-15 21:00:00-04:00,88.21,89.36999999999999,-0.0,-1.16
2025-07-15 22:00:00-04:00,71.97,71.53999999999999,-0.0,0.43
2025-07-15 23:00:00-04:00,63.2,62.260000000000005,-0.0,0.94
2025-07-16 00:00:00-04:00,72.78,74.64,-0.0,-1.86
2025-07-16 01:00:00-04:00,62.26,65.25999999999999,-0.0,-3.0
2025-07-16 02:00:00-04:00,56.73,60.61,-0.0,-3.88
2025-07-16 03:00:00-04:00,49.8,54.94,-1.46,-3.68
2025-07-16 04:00:00-04:00,50.36,53.92,-0.0,-3.56
2025-07-16 05:00:00-04:00,49.76,58.7,-5.06,-3.88
2025-07-16 06:00:00-04:00,57.34,62.190000000000005,-0.0,-4.85
2025-07-16 07:00:00-04:00,60.35,64.96000000000001,-0.0,-4.61
2025-07-16 08:00:00-04:00,62.6,67.24,-0.0,-4.64
2025-07-16 09:00:00-04:00,72.69,77.0,-0.0,-4.31
2025-07-16 10:00:00-04:00,73.47,76.61,-0.0,-3.14
2025-07-16 11:00:00-04:00,84.66,89.02,-0.0,-4.36
2025-07-16 12:00:00-04:00,94.9,98.34,-0.0,-3.44
2025-07-16 13:00:00-04:00,110.7,115.91,-0.0,-5.21
2025-07-16 14:00:00-04:00,126.85,131.32,-0.0,-4.47
2025-07-16 15:00:00-04:00,151.84,158.0,-0.0,-6.16
2025-07-16 16:00:00-04:00,186.4,196.63,-0.0,-10.23
2025-07-16 17:00:00-04:00,219.72,239.6,-0.0,-19.88
2025-07-16 18:00:00-04:00,219.06,236.3,-0.0,-17.24
2025-07-16 19:00:00-04:00,186.76,196.17,-0.0,-9.41
2025-07-16 20:00:00-04:00,157.86,165.12,-0.0,-7.26
2025-07-16 21:00:00-04:00,119.87,124.74,-0.0,-4.87
2025-07-16 22:00:00-04:00,81.65,82.14,-0.0,-0.49
2025-07-16 23:00:00-04:00,71.15,73.12,-0.0,-1.97
2025-07-17 00:00:00-04:00,66.91,69.05,-0.0,-2.14
2025-07-17 01:00:00-04:00,62.82,67.12,-0.0,-4.3
2025-07-17 02:00:00-04:00,56.0,66.84,-5.69,-5.15
2025-07-17 03:00:00-04:00,51.28,66.64,-9.76,-5.6
2025-07-17 04:00:00-04:00,51.28,65.48,-8.77,-5.43
2025-07-17 05:00:00-04:00,50.69,66.91,-10.93,-5.29
2025-07-17 06:00:00-04:00,52.0,66.89999999999999,-8.88,-6.02
2025-07-17 07:00:00-04:00,58.91,66.89999999999999,-1.3,-6.69
2025-07-17 08:00:00-04:00,61.26,67.17,-0.0,-5.91
2025-07-17 09:00:00-04:00,65.79,71.44000000000001,-0.0,-5.65
2025-07-17 10:00:00-04:00,75.84,83.29,-0.04,-7.41
2025-07-17 11:00:00-04:00,88.3,97.36,-0.01,-9.05
2025-07-17 12:00:00-04:00,93.41,110.57,-6.0,-11.16
2025-07-17 13:00:00-04:00,100.53,118.94,-6.4,-12.01
2025-07-17 14:00:00-04:00,106.7,122.8,-4.55,-11.55
2025-07-17 15:00:00-04:00,114.78,137.53,-10.37,-12.38
2025-07-17 16:00:00-04:00,138.49,177.14,-21.64,-17.01
2025-07-17 17:00:00-04:00,164.57,206.62,-23.66,-18.39
2025-07-17 18:00:00-04:00,153.07,189.61,-18.71,-17.83
2025-07-17 19:00:00-04:00,130.81,142.96,-0.0,-12.15
2025-07-17 20:00:00-04:00,103.75,111.08,-0.0,-7.33
2025-07-17 21:00:00-04:00,81.71,83.09,2.69,-4.07
2025-07-17 22:00:00-04:00,76.8,81.88000000000001,0.49,-5.57
2025-07-17 23:00:00-04:00,64.16,67.38,2.17,-5.39
2025-07-18 00:00:00-04:00,58.66,61.45,1.14,-3.93
2025-07-18 01:00:00-04:00,49.31,50.690000000000005,1.71,-3.09
2025-07-18 02:00:00-04:00,46.7,48.190000000000005,1.5,-2.99
2025-07-18 03:00:00-04:00,46.85,49.17,1.12,-3.44
2025-07-18 04:00:00-04:00,51.0,55.739999999999995,0.28,-5.02
2025-07-18 05:00:00-04:00,49.85,55.41,-0.68,-4.88
2025-07-18 06:00:00-04:00,48.5,56.12,-2.51,-5.11
2025-07-18 07:00:00-04:00,55.57,59.28,2.99,-6.7
2025-07-18 08:00:00-04:00,54.51,61.32,-0.0,-6.81
2025-07-18 09:00:00-04:00,55.1,61.08,-0.0,-5.98
2025-07-18 10:00:00-04:00,52.82,56.73,-0.0,-3.91
2025-07-18 11:00:00-04:00,52.49,56.14,-0.0,-3.65
2025-07-18 12:00:00-04:00,54.69,58.82,-0.95,-3.18
2025-07-18 13:00:00-04:00,59.8,62.8,0.95,-3.95
2025-07-18 14:00:00-04:00,60.8,64.96,-0.0,-4.16
2025-07-18 15:00:00-04:00,65.01,69.53,-0.0,-4.52
2025-07-18 16:00:00-04:00,73.8,77.19,-0.0,-3.39
2025-07-18 17:00:00-04:00,82.34,86.4,-0.0,-4.06
2025-07-18 18:00:00-04:00,77.42,80.9,-0.0,-3.48
2025-07-18 19:00:00-04:00,74.1,77.03,-0.0,-2.93
2025-07-18 20:00:00-04:00,70.04,73.80000000000001,-0.0,-3.76
2025-07-18 21:00:00-04:00,58.9,62.93,-0.0,-4.03
2025-07-18 22:00:00-04:00,55.08,57.48,1.05,-3.45
2025-07-18 23:00:00-04:00,50.7,54.3,-1.05,-2.55
2025-07-19 00:00:00-04:00,46.65,47.9,-0.0,-1.25
2025-07-19 01:00:00-04:00,40.46,40.22,-0.0,0.24
2025-07-19 02:00:00-04:00,37.83,37.379999999999995,-0.0,0.45
2025-07-19 03:00:00-04:00,35.47,35.58,-0.0,-0.11
2025-07-19 04:00:00-04:00,35.3,35.62,-0.0,-0.32
2025-07-19 05:00:00-04:00,34.23,34.54,-0.0,-0.31
2025-07-19 06:00:00-04:00,34.54,35.17,-0.0,-0.63
2025-07-19 07:00:00-04:00,35.25,35.36,-0.0,-0.11
2025-07-19 08:00:00-04:00,35.82,36.63,-0.0,-0.81
2025-07-19 09:00:00-04:00,36.9,37.96,-0.0,-1.06
2025-07-19 10:00:00-04:00,36.93,37.99,-0.0,-1.06
2025-07-19 11:00:00-04:00,40.59,41.71,-0.0,-1.12
2025-07-19 12:00:00-04:00,41.89,43.41,-0.0,-1.52
2025-07-19 13:00:00-04:00,46.76,47.47,-0.0,-0.71
2025-07-19 14:00:00-04:00,49.53,50.44,-0.0,-0.91
2025-07-19 15:00:00-04:00,50.5,53.33,-2.35,-0.48
2025-07-19 16:00:00-04:00,62.46,59.57,2.35,0.54
2025-07-19 17:00:00-04:00,72.73,73.02000000000001,-0.0,-0.29
2025-07-19 18:00:00-04:00,75.08,75.99,-0.0,-0.91
2025-07-19 19:00:00-04:00,74.97,76.34,-0.0,-1.37
2025-07-19 20:00:00-04:00,66.67,68.17,-0.0,-1.5
2025-07-19 21:00:00-04:00,60.45,59.43,1.85,-0.83
2025-07-19 22:00:00-04:00,52.55,54.67,-1.85,-0.27
2025-07-19 23:00:00-04:00,50.75,50.65,-0.0,0.1
2025-07-20 00:00:00-04:00,46.96,48.21,-0.0,-1.25
2025-07-20 01:00:00-04:00,41.0,42.27,-0.0,-1.27
2025-07-20 02:00:00-04:00,36.51,37.8,-0.0,-1.29
2025-07-20 03:00:00-04:00,34.0,35.34,-0.0,-1.34
2025-07-20 04:00:00-04:00,33.73,35.279999999999994,-0.0,-1.55
2025-07-20 05:00:00-04:00,33.52,35.25,-0.0,-1.73
2025-07-20 06:00:00-04:00,34.4,35.98,-0.0,-1.58
2025-07-20 07:00:00-04:00,35.44,36.5,-0.0,-1.06
2025-07-20 08:00:00-04:00,38.38,40.02,-0.0,-1.64
2025-07-20 09:00:00-04:00,42.0,44.21,-0.0,-2.21
2025-07-20 10:00:00-04:00,43.03,46.02,-0.0,-2.99
2025-07-20 11:00:00-04:00,44.6,47.7,-0.0,-3.1
2025-07-20 12:00:00-04:00,47.05,50.75,-0.0,-3.7
2025-07-20 13:00:00-04:00,50.11,53.77,-0.0,-3.66
2025-07-20 14:00:00-04:00,50.96,54.8,-0.0,-3.84
2025-07-20 15:00:00-04:00,54.0,57.45,-0.0,-3.45
2025-07-20 16:00:00-04:00,61.8,65.39999999999999,-0.0,-3.6
2025-07-20 17:00:00-04:00,72.0,77.67,-0.0,-5.67
2025-07-20 18:00:00-04:00,81.43,86.63000000000001,-0.0,-5.2
2025-07-20 19:00:00-04:00,76.49,81.03,-0.0,-4.54
2025-07-20 20:00:00-04:00,72.6,77.64999999999999,-0.0,-5.05
2025-07-20 21:00:00-04:00,61.6,68.14,-0.0,-6.54
2025-07-20 22:00:00-04:00,52.3,54.84,0.2,-2.74
2025-07-20 23:00:00-04:00,47.49,49.68000000000001,-0.2,-1.99
2025-07-21 00:00:00-04:00,43.5,45.17,-0.0,-1.67
2025-07-21 01:00:00-04:00,38.82,39.69,-0.0,-0.87
2025-07-21 02:00:00-04:00,34.94,36.059999999999995,-0.0,-1.12
2025-07-21 03:00:00-04:00,33.04,33.75,-0.0,-0.71
2025-07-21 04:00:00-04:00,33.01,33.86,-0.0,-0.85
2025-07-21 05:00:00-04:00,34.09,35.0,-0.0,-0.91
2025-07-21 06:00:00-04:00,36.2,37.790000000000006,-0.0,-1.59
2025-07-21 07:00:00-04:00,37.23,39.73,-0.0,-2.5
2025-07-21 08:00:00-04:00,35.95,39.96000000000001,-1.49,-2.52
2025-07-21 09:00:00-04:00,37.25,37.68,1.49,-1.92
2025-07-21 10:00:00-04:00,35.35,37.13,-0.0,-1.78
2025-07-21 11:00:00-04:00,38.16,40.34,-0.0,-2.18
2025-07-21 12:00:00-04:00,39.2,40.620000000000005,-0.0,-1.42
2025-07-21 13:00:00-04:00,41.7,42.86,-0.0,-1.16
2025-07-21 14:00:00-04:00,42.67,43.59,-0.0,-0.92
2025-07-21 15:00:00-04:00,44.59,47.760000000000005,-1.5,-1.67
2025-07-21 16:00:00-04:00,53.39,53.55,1.5,-1.66
2025-07-21 17:00:00-04:00,60.96,62.78,-0.0,-1.82
2025-07-21 18:00:00-04:00,68.99,72.00999999999999,-0.0,-3.02
2025-07-21 19:00:00-04:00,65.73,67.35000000000001,-0.0,-1.62
2025-07-21 20:00:00-04:00,55.89,57.26,-0.0,-1.37
2025-07-21 21:00:00-04:00,50.28,52.1,-0.0,-1.82
2025-07-21 22:00:00-04:00,47.0,47.96,-0.0,-0.96
2025-07-21 23:00:00-04:00,43.0,43.3,-0.0,-0.3
2025-07-22 00:00:00-04:00,39.0,38.65,-0.0,0.35
2025-07-22 01:00:00-04:00,36.87,36.07,0.66,0.14
2025-07-22 02:00:00-04:00,33.5,34.959999999999994,-0.66,-0.8
2025-07-22 03:00:00-04:00,31.65,32.23,-0.0,-0.58
2025-07-22 04:00:00-04:00,30.84,31.21,-0.0,-0.37
2025-07-22 05:00:00-04:00,33.16,34.01,-0.0,-0.85
2025-07-22 06:00:00-04:00,36.13,38.07,-0.0,-1.94
2025-07-22 07:00:00-04:00,34.79,37.01,-0.0,-2.22
2025-07-22 08:00:00-04:00,34.69,36.019999999999996,-0.0,-1.33
2025-07-22 09:00:00-04:00,33.26,34.04,-0.0,-0.78
2025-07-22 10:00:00-04:00,33.67,34.04,-0.0,-0.37
2025-07-22 11:00:00-04:00,35.88,36.31,-0.0,-0.43
2025-07-22 12:00:00-04:00,37.07,37.37,-0.0,-0.3
2025-07-22 13:00:00-04:00,38.46,38.89,-0.0,-0.43
2025-07-22 14:00:00-04:00,42.24,42.54,-0.0,-0.3
2025-07-22 15:00:00-04:00,43.72,44.16,-0.0,-0.44
2025-07-22 16:00:00-04:00,47.49,48.06,-0.0,-0.57
2025-07-22 17:00:00-04:00,56.88,57.63,-0.0,-0.75
2025-07-22 18:00:00-04:00,63.02,64.24000000000001,-0.0,-1.22
2025-07-22 19:00:00-04:00,64.5,66.09,-0.0,-1.59
2025-07-22 20:00:00-04:00,60.9,63.239999999999995,-0.0,-2.34
2025-07-22 21:00:00-04:00,54.6,53.52,3.06,-1.98
2025-07-22 22:00:00-04:00,45.09,48.150000000000006,-3.06,0.0
2025-07-22 23:00:00-04:00,41.0,40.68,-0.0,0.32
2025-07-23 00:00:00-04:00,38.1,38.72,-0.0,-0.62
2025-07-23 01:00:00-04:00,34.47,34.89,-0.0,-0.42
2025-07-23 02:00:00-04:00,32.05,32.769999999999996,-0.0,-0.72
2025-07-23 03:00:00-04:00,29.29,29.98,-0.0,-0.69
2025-07-23 04:00:00-04:00,29.22,29.85,-0.0,-0.63
2025-07-23 05:00:00-04:00,32.43,33.75,-0.0,-1.32
2025-07-23 06:00:00-04:00,35.88,38.540000000000006,-0.0,-2.66
2025-07-23 07:00:00-04:00,36.84,39.61000000000001,-0.0,-2.77
2025-07-23 08:00:00-04:00,36.63,38.52,-0.0,-1.89
2025-07-23 09:00:00-04:00,36.42,38.18,-0.0,-1.76
2025-07-23 10:00:00-04:00,39.0,40.92,-0.0,-1.92
2025-07-23 11:00:00-04:00,43.05,43.75,-0.0,-0.7
2025-07-23 12:00:00-04:00,45.52,45.470000000000006,-0.0,0.05
2025-07-23 13:00:00-04:00,48.89,49.09,-0.0,-0.2
2025-07-23 14:00:00-04:00,52.28,52.07,-0.0,0.21
2025-07-23 15:00:00-04:00,54.55,54.33,-0.0,0.22
2025-07-23 16:00:00-04:00,60.0,61.04,-0.0,-1.04
2025-07-23 17:00:00-04:00,74.55,75.45,-0.0,-0.9
2025-07-23 18:00:00-04:00,78.12,77.19,-0.0,0.93
2025-07-23 19:00:00-04:00,77.64,76.95,-0.0,0.69
2025-07-23 20:00:00-04:00,72.28,73.08,-0.0,-0.8
2025-07-23 21:00:00-04:00,58.94,61.14,-0.0,-2.2
2025-07-23 22:00:00-04:00,51.01,51.419999999999995,-0.0,-0.41
2025-07-23 23:00:00-04:00,46.15,46.33,-0.0,-0.18
2025-07-24 00:00:00-04:00,41.04,42.71,-0.0,-1.67
2025-07-24 01:00:00-04:00,36.28,37.32,-0.0,-1.04
2025-07-24 02:00:00-04:00,32.69,33.98,-0.0,-1.29
2025-07-24 03:00:00-04:00,29.35,30.23,-0.0,-0.88
2025-07-24 04:00:00-04:00,30.27,31.37,-0.0,-1.1
2025-07-24 05:00:00-04:00,32.94,34.28,-0.0,-1.34
2025-07-24 06:00:00-04:00,33.56,34.63,-0.0,-1.07
2025-07-24 07:00:00-04:00,35.51,37.65,-0.0,-2.14
2025-07-24 08:00:00-04:00,39.34,41.02,-0.0,-1.68
2025-07-24 09:00:00-04:00,41.18,42.9,-0.0,-1.72
2025-07-24 10:00:00-04:00,45.32,46.63,-0.0,-1.31
2025-07-24 11:00:00-04:00,50.34,51.05,-0.0,-0.71
2025-07-24 12:00:00-04:00,55.49,55.71,-0.0,-0.22
2025-07-24 13:00:00-04:00,63.57,63.95,-0.0,-0.38
2025-07-24 14:00:00-04:00,77.24,78.17,-0.0,-0.93
2025-07-24 15:00:00-04:00,86.9,86.21000000000001,-0.0,0.69
2025-07-24 16:00:00-04:00,104.9,104.38,-0.0,0.52
2025-07-24 17:00:00-04:00,133.57,135.19,-0.0,-1.62
2025-07-24 18:00:00-04:00,150.07,151.73999999999998,-0.0,-1.67
2025-07-24 19:00:00-04:00,123.34,124.46,-0.0,-1.12
2025-07-24 20:00:00-04:00,92.08,97.19,-3.46,-1.65
2025-07-24 21:00:00-04:00,83.85,83.39,3.46,-3.0
2025-07-24 22:00:00-04:00,65.1,67.39,-0.0,-2.29
2025-07-24 23:00:00-04:00,56.47,58.1,-0.0,-1.63
2025-07-25 00:00:00-04:00,56.71,59.32,-0.0,-2.61
2025-07-25 01:00:00-04:00,49.91,52.809999999999995,-0.0,-2.9
2025-07-25 02:00:00-04:00,45.0,49.28,-1.08,-3.2
2025-07-25 03:00:00-04:00,45.0,48.89,-0.03,-3.86
2025-07-25 04:00:00-04:00,40.0,49.53,-5.57,-3.96
2025-07-25 05:00:00-04:00,39.07,48.85,-6.46,-3.32
2025-07-25 06:00:00-04:00,41.13,48.45,-3.49,-3.83
2025-07-25 07:00:00-04:00,45.0,49.45,-0.0,-4.45
2025-07-25 08:00:00-04:00,50.0,54.05,-0.0,-4.05
2025-07-25 09:00:00-04:00,54.53,59.79,-0.0,-5.26
2025-07-25 10:00:00-04:00,60.0,65.5,-0.0,-5.5
2025-07-25 11:00:00-04:00,65.0,82.78,-10.17,-7.61
2025-07-25 12:00:00-04:00,70.52,92.35,-12.04,-9.79
2025-07-25 13:00:00-04:00,80.69,95.26,-4.66,-9.91
2025-07-25 14:00:00-04:00,94.75,101.56,2.03,-8.84
2025-07-25 15:00:00-04:00,96.61,101.54,4.01,-8.94
2025-07-25 16:00:00-04:00,106.13,113.16,2.36,-9.39
2025-07-25 17:00:00-04:00,125.0,133.16,1.69,-9.85
2025-07-25 18:00:00-04:00,140.0,145.87,6.82,-12.69
2025-07-25 19:00:00-04:00,136.0,143.66,5.13,-12.79
2025-07-25 20:00:00-04:00,109.35,114.72,3.81,-9.18
2025-07-25 21:00:00-04:00,88.29,96.01,0.25,-7.97
2025-07-25 22:00:00-04:00,74.42,81.42,-0.0,-7.0
2025-07-25 23:00:00-04:00,57.87,65.27,-3.16,-4.24
2025-07-26 00:00:00-04:00,53.83,55.78,-0.0,-1.95
2025-07-26 01:00:00-04:00,46.65,47.94,-0.0,-1.29
2025-07-26 02:00:00-04:00,40.64,42.16,-0.0,-1.52
2025-07-26 03:00:00-04:00,39.47,40.69,-0.0,-1.22
2025-07-26 04:00:00-04:00,38.4,40.46,-0.0,-2.06
2025-07-26 05:00:00-04:00,38.0,40.0,-0.0,-2.0
2025-07-26 06:00:00-04:00,38.63,42.690000000000005,-1.63,-2.43
2025-07-26 07:00:00-04:00,38.6,39.0,1.63,-2.03
2025-07-26 08:00:00-04:00,40.01,42.52,-0.0,-2.51
2025-07-26 09:00:00-04:00,44.84,47.1,-0.0,-2.26
2025-07-26 10:00:00-04:00,47.0,48.75,-0.0,-1.75
2025-07-26 11:00:00-04:00,51.08,52.489999999999995,-0.0,-1.41
2025-07-26 12:00:00-04:00,53.36,54.9,-0.0,-1.54
2025-07-26 13:00:00-04:00,55.93,57.42,-0.0,-1.49
2025-07-26 14:00:00-04:00,60.27,61.5,-0.0,-1.23
2025-07-26 15:00:00-04:00,62.57,64.24,-0.0,-1.67
2025-07-26 16:00:00-04:00,74.8,76.09,-0.0,-1.29
2025-07-26 17:00:00-04:00,81.29,82.95,-0.0,-1.66
2025-07-26 18:00:00-04:00,86.5,87.46,-0.0,-0.96
2025-07-26 19:00:00-04:00,80.3,80.61999999999999,-0.0,-0.32
2025-07-26 20:00:00-04:00,75.11,76.8,-0.0,-1.69
2025-07-26 21:00:00-04:00,68.19,67.66999999999999,2.34,-1.82
2025-07-26 22:00:00-04:00,56.62,57.11,0.82,-1.31
2025-07-26 23:00:00-04:00,50.06,53.760000000000005,-3.16,-0.54
2025-07-27 00:00:00-04:00,42.53,43.94,-0.0,-1.41
2025-07-27 01:00:00-04:00,39.3,38.91,-0.0,0.39
2025-07-27 02:00:00-04:00,37.0,36.49,-0.0,0.51
2025-07-27 03:00:00-04:00,34.36,34.78,-0.0,-0.42
2025-07-27 04:00:00-04:00,34.0,34.52,-0.0,-0.52
2025-07-27 05:00:00-04:00,32.95,33.59,-0.0,-0.64
2025-07-27 06:00:00-04:00,33.45,34.13,-0.0,-0.68
2025-07-27 07:00:00-04:00,35.16,34.98,-0.0,0.18
2025-07-27 08:00:00-04:00,38.04,37.7,-0.0,0.34
2025-07-27 09:00:00-04:00,42.21,42.68,-0.0,-0.47
2025-07-27 10:00:00-04:00,45.62,46.08,-0.0,-0.46
2025-07-27 11:00:00-04:00,47.85,48.09,-0.0,-0.24
2025-07-27 12:00:00-04:00,50.52,49.970000000000006,-0.0,0.55
2025-07-27 13:00:00-04:00,54.0,52.89,-0.0,1.11
2025-07-27 14:00:00-04:00,59.37,56.809999999999995,-0.0,2.56
2025-07-27 15:00:00-04:00,61.79,59.3,-0.0,2.49
2025-07-27 16:00:00-04:00,70.86,68.46,-0.0,2.4
2025-07-27 17:00:00-04:00,80.71,76.64999999999999,-0.0,4.06
2025-07-27 18:00:00-04:00,82.39,78.1,-0.0,4.29
2025-07-27 19:00:00-04:00,83.68,79.02000000000001,-0.0,4.66
2025-07-27 20:00:00-04:00,78.07,75.64999999999999,-0.0,2.42
2025-07-27 21:00:00-04:00,73.4,69.07,2.54,1.79
2025-07-27 22:00:00-04:00,55.81,57.89,-2.54,0.46
2025-07-27 23:00:00-04:00,51.04,49.7,-0.0,1.34
2025-07-28 00:00:00-04:00,51.75,49.62,-0.0,2.13
2025-07-28 01:00:00-04:00,44.94,43.89,-0.0,1.05
2025-07-28 02:00:00-04:00,39.25,38.18,-0.0,1.07
2025-07-28 03:00:00-04:00,36.46,35.68,-0.0,0.78
2025-07-28 04:00:00-04:00,36.26,35.62,-0.0,0.64
2025-07-28 05:00:00-04:00,38.42,38.38,-0.0,0.04
2025-07-28 06:00:00-04:00,42.49,43.4,-0.0,-0.91
2025-07-28 07:00:00-04:00,47.42,48.49,-0.0,-1.07
2025-07-28 08:00:00-04:00,50.05,49.9,-0.0,0.15
2025-07-28 09:00:00-04:00,55.12,54.68,-0.0,0.44
2025-07-28 10:00:00-04:00,62.36,61.44,-0.0,0.92
2025-07-28 11:00:00-04:00,72.07,71.85,-0.0,0.22
2025-07-28 12:00:00-04:00,79.82,79.33999999999999,-0.0,0.48
2025-07-28 13:00:00-04:00,92.07,91.98,-0.0,0.09
2025-07-28 14:00:00-04:00,100.5,97.96,-0.0,2.54
2025-07-28 15:00:00-04:00,123.43,121.85,-0.0,1.58
2025-07-28 16:00:00-04:00,150.79,151.54,-0.0,-0.75
2025-07-28 17:00:00-04:00,218.08,224.82,-0.0,-6.74
2025-07-28 18:00:00-04:00,238.18,244.54,-0.0,-6.36
2025-07-28 19:00:00-04:00,211.45,214.66,-0.0,-3.21
2025-07-28 20:00:00-04:00,150.04,152.25,-0.08,-2.13
2025-07-28 21:00:00-04:00,96.3,95.84,0.08,0.38
2025-07-28 22:00:00-04:00,77.15,77.23,-0.0,-0.08
2025-07-28 23:00:00-04:00,65.6,63.99999999999999,-0.0,1.6
2025-07-29 00:00:00-04:00,57.18,57.52,-0.0,-0.34
2025-07-29 01:00:00-04:00,52.44,53.4,-0.0,-0.96
2025-07-29 02:00:00-04:00,47.15,48.26,-0.0,-1.11
2025-07-29 03:00:00-04:00,45.03,46.42,-0.0,-1.39
2025-07-29 04:00:00-04:00,44.98,46.23,-0.0,-1.25
2025-07-29 05:00:00-04:00,47.16,48.97,-0.0,-1.81
2025-07-29 06:00:00-04:00,49.71,52.27,-0.0,-2.56
2025-07-29 07:00:00-04:00,53.41,55.55,-0.36,-1.78
2025-07-29 08:00:00-04:00,59.0,59.35,0.36,-0.71
2025-07-29 09:00:00-04:00,65.36,65.16,-0.0,0.2
2025-07-29 10:00:00-04:00,77.49,76.88,-0.0,0.61
2025-07-29 11:00:00-04:00,89.01,87.18,-0.0,1.83
2025-07-29 12:00:00-04:00,99.9,95.41,-0.0,4.49
2025-07-29 13:00:00-04:00,125.75,122.09,-0.0,3.66
2025-07-29 14:00:00-04:00,150.3,148.08,-0.0,2.22
2025-07-29 15:00:00-04:00,209.48,210.11,-0.0,-0.63
2025-07-29 16:00:00-04:00,240.78,247.45,-0.0,-6.67
2025-07-29 17:00:00-04:00,295.21,307.52,-0.0,-12.31
2025-07-29 18:00:00-04:00,334.67,347.52000000000004,-0.0,-12.85
2025-07-29 19:00:00-04:00,300.14,311.34,-0.0,-11.2
2025-07-29 20:00:00-04:00,216.51,220.26,-0.0,-3.75
2025-07-29 21:00:00-04:00,145.1,142.53,-0.0,2.57
2025-07-29 22:00:00-04:00,89.62,90.75,-1.85,0.72
2025-07-29 23:00:00-04:00,77.6,73.69,1.85,2.06
2025-07-30 00:00:00-04:00,74.97,73.43,0.66,0.88
2025-07-30 01:00:00-04:00,60.69,62.669999999999995,-0.66,-1.32
2025-07-30 02:00:00-04:00,56.43,58.17,-0.0,-1.74
2025-07-30 03:00:00-04:00,50.4,51.48,-0.0,-1.08
2025-07-30 04:00:00-04:00,49.98,51.79,-0.0,-1.81
2025-07-30 05:00:00-04:00,54.38,56.82,-0.0,-2.44
2025-07-30 06:00:00-04:00,55.86,58.35,-0.21,-2.28
2025-07-30 07:00:00-04:00,56.74,59.32,0.21,-2.79
2025-07-30 08:00:00-04:00,59.66,61.19,-0.0,-1.53
2025-07-30 09:00:00-04:00,63.21,64.57000000000001,-0.0,-1.36
2025-07-30 10:00:00-04:00,65.92,66.79,-0.0,-0.87
2025-07-30 11:00:00-04:00,82.0,82.99,-0.0,-0.99
2025-07-30 12:00:00-04:00,92.78,93.72,-0.0,-0.94
2025-07-30 13:00:00-04:00,106.05,109.33,-0.0,-3.28
2025-07-30 14:00:00-04:00,128.2,131.61999999999998,-0.0,-3.42
2025-07-30 15:00:00-04:00,141.06,146.18,-0.0,-5.12
2025-07-30 16:00:00-04:00,173.96,185.06,-0.0,-11.1
2025-07-30 17:00:00-04:00,228.08,242.91000000000005,-0.0,-14.83
2025-07-30 18:00:00-04:00,263.7,280.84000000000003,2.53,-19.67
2025-07-30 19:00:00-04:00,219.57,231.89,2.53,-14.85
2025-07-30 20:00:00-04:00,153.15,159.28,2.47,-8.6
2025-07-30 21:00:00-04:00,96.3,99.49,-0.0,-3.19
2025-07-30 22:00:00-04:00,80.07,81.61999999999999,-0.0,-1.55
2025-07-30 23:00:00-04:00,67.78,69.16,-0.0,-1.38
2025-07-31 00:00:00-04:00,64.57,63.74999999999999,0.63,0.19
2025-07-31 01:00:00-04:00,52.52,54.290000000000006,-0.63,-1.14
2025-07-31 02:00:00-04:00,45.0,46.63,-0.0,-1.63
2025-07-31 03:00:00-04:00,43.37,45.65,-0.0,-2.28
2025-07-31 04:00:00-04:00,42.3,44.48,-0.0,-2.18
2025-07-31 05:00:00-04:00,42.83,48.19,-3.0,-2.36
2025-07-31 06:00:00-04:00,46.05,52.94,-3.29,-3.6
2025-07-31 07:00:00-04:00,50.1,55.18,-0.72,-4.36
2025-07-31 08:00:00-04:00,51.88,55.790000000000006,-0.0,-3.91
2025-07-31 09:00:00-04:00,52.9,56.34,-0.0,-3.44
2025-07-31 10:00:00-04:00,53.7,56.05,-0.0,-2.35
2025-07-31 11:00:00-04:00,56.12,58.95,-0.0,-2.83
2025-07-31 12:00:00-04:00,58.73,62.02,-0.0,-3.29
2025-07-31 13:00:00-04:00,63.31,66.08,-0.0,-2.77
2025-07-31 14:00:00-04:00,64.93,67.77000000000001,-0.0,-2.84
2025-07-31 15:00:00-04:00,66.41,70.5,-0.0,-4.09
2025-07-31 16:00:00-04:00,67.67,72.3,-0.0,-4.63
2025-07-31 17:00:00-04:00,69.91,73.82,-0.0,-3.91
2025-07-31 18:00:00-04:00,66.43,68.91000000000001,-0.0,-2.48
2025-07-31 19:00:00-04:00,61.64,63.68,-0.0,-2.04
2025-07-31 20:00:00-04:00,57.81,58.010000000000005,2.64,-2.84
2025-07-31 21:00:00-04:00,54.1,56.23,1.58,-3.71
2025-07-31 22:00:00-04:00,50.65,53.76,-0.37,-2.74
2025-07-31 23:00:00-04:00,43.93,49.93,-3.85,-2.15
2025-08-01 00:00:00-04:00,41.14,42.15,-0.0,-1.01
2025-08-01 01:00:00-04:00,36.9,37.73,-0.0,-0.83
2025-08-01 02:00:00-04:00,33.98,34.36,-0.0,-0.38
2025-08-01 03:00:00-04:00,30.05,30.85,-0.0,-0.8
2025-08-01 04:00:00-04:00,30.5,31.12,-0.0,-0.62
2025-08-01 05:00:00-04:00,32.31,32.7,-0.0,-0.39
2025-08-01 06:00:00-04:00,36.26,37.54,-0.0,-1.28
2025-08-01 07:00:00-04:00,38.63,40.790000000000006,-0.0,-2.16
2025-08-01 08:00:00-04:00,39.47,42.49,-0.0,-3.02
2025-08-01 09:00:00-04:00,37.79,40.46,-0.0,-2.67
2025-08-01 10:00:00-04:00,36.45,38.57,-0.0,-2.12
2025-08-01 11:00:00-04:00,37.64,38.57,-0.0,-0.93
2025-08-01 12:00:00-04:00,38.51,39.059999999999995,-0.0,-0.55
2025-08-01 13:00:00-04:00,40.51,40.919999999999995,-0.0,-0.41
2025-08-01 14:00:00-04:00,41.91,41.54,-0.0,0.37
2025-08-01 15:00:00-04:00,44.26,44.22,-0.0,0.04
2025-08-01 16:00:00-04:00,46.3,46.809999999999995,-0.0,-0.51
2025-08-01 17:00:00-04:00,50.19,50.16,0.58,-0.55
2025-08-01 18:00:00-04:00,54.11,56.15,-0.58,-1.46
2025-08-01 19:00:00-04:00,54.89,56.13,-0.0,-1.24
2025-08-01 20:00:00-04:00,51.72,52.67,-0.0,-0.95
2025-08-01 21:00:00-04:00,45.04,46.01,-0.0,-0.97
2025-08-01 22:00:00-04:00,40.47,39.95,-0.0,0.52
2025-08-01 23:00:00-04:00,37.55,36.489999999999995,-0.0,1.06
2025-08-02 00:00:00-04:00,38.27,38.970000000000006,-0.0,-0.7
2025-08-02 01:00:00-04:00,34.58,35.11,-0.0,-0.53
2025-08-02 02:00:00-04:00,30.71,31.4,-0.0,-0.69
2025-08-02 03:00:00-04:00,29.08,29.25,-0.0,-0.17
2025-08-02 04:00:00-04:00,29.35,29.62,-0.0,-0.27
2025-08-02 05:00:00-04:00,29.49,29.79,-0.0,-0.3
2025-08-02 06:00:00-04:00,31.1,31.83,-0.0,-0.73
2025-08-02 07:00:00-04:00,31.49,32.199999999999996,-0.0,-0.71
2025-08-02 08:00:00-04:00,29.27,30.21,-0.0,-0.94
2025-08-02 09:00:00-04:00,29.36,29.78,-0.0,-0.42
2025-08-02 10:00:00-04:00,28.07,28.76,-0.0,-0.69
2025-08-02 11:00:00-04:00,29.11,29.74,-0.0,-0.63
2025-08-02 12:00:00-04:00,30.66,30.94,-0.0,-0.28
2025-08-02 13:00:00-04:00,32.75,32.91,-0.0,-0.16
2025-08-02 14:00:00-04:00,35.0,34.96,-0.0,0.04
2025-08-02 15:00:00-04:00,37.64,37.68,-0.0,-0.04
2025-08-02 16:00:00-04:00,43.96,44.49,-0.0,-0.53
2025-08-02 17:00:00-04:00,53.3,53.73,-0.0,-0.43
2025-08-02 18:00:00-04:00,57.89,60.18,-0.0,-2.29
2025-08-02 19:00:00-04:00,55.82,58.33,-0.0,-2.51
2025-08-02 20:00:00-04:00,51.07,52.76,-0.0,-1.69
2025-08-02 21:00:00-04:00,44.0,45.74,-0.0,-1.74
2025-08-02 22:00:00-04:00,39.95,41.57,-0.0,-1.62
2025-08-02 23:00:00-04:00,37.1,36.88,-0.0,0.22
2025-08-03 00:00:00-04:00,34.71,35.03,-0.0,-0.32
2025-08-03 01:00:00-04:00,29.94,29.880000000000003,-0.0,0.06
2025-08-03 02:00:00-04:00,27.7,27.43,-0.0,0.27
2025-08-03 03:00:00-04:00,25.67,25.57,-0.0,0.1
2025-08-03 04:00:00-04:00,25.14,25.22,-0.0,-0.08
2025-08-03 05:00:00-04:00,25.69,25.72,-0.0,-0.03
2025-08-03 06:00:00-04:00,25.4,25.81,-0.0,-0.41
2025-08-03 07:00:00-04:00,25.01,26.24,-0.0,-1.23
2025-08-03 08:00:00-04:00,24.89,26.37,-0.0,-1.48
2025-08-03 09:00:00-04:00,25.0,26.37,-0.0,-1.37
2025-08-03 10:00:00-04:00,26.79,27.96,-0.0,-1.17
2025-08-03 11:00:00-04:00,29.01,29.91,-0.0,-0.9
2025-08-03 12:00:00-04:00,29.92,30.75,-0.0,-0.83
2025-08-03 13:00:00-04:00,33.16,34.01,-0.0,-0.85
2025-08-03 14:00:00-04:00,36.14,37.07,-0.0,-0.93
2025-08-03 15:00:00-04:00,40.27,41.95,-0.55,-1.13
2025-08-03 16:00:00-04:00,50.6,50.150000000000006,0.55,-0.1
2025-08-03 17:00:00-04:00,62.78,63.22,-0.0,-0.44
2025-08-03 18:00:00-04:00,73.9,74.34,-0.0,-0.44
2025-08-03 19:00:00-04:00,75.81,76.73,-0.0,-0.92
2025-08-03 20:00:00-04:00,67.23,68.74000000000001,-0.0,-1.51
2025-08-03 21:00:00-04:00,55.47,57.07,-0.0,-1.6
2025-08-03 22:00:00-04:00,48.59,49.790000000000006,-0.0,-1.2
2025-08-03 23:00:00-04:00,43.18,43.66,-0.0,-0.48
2025-08-04 00:00:00-04:00,37.62,37.25,-0.0,0.37
2025-08-04 01:00:00-04:00,34.59,33.75,-0.0,0.84
2025-08-04 02:00:00-04:00,31.59,30.79,-0.0,0.8
2025-08-04 03:00:00-04:00,29.16,28.5,-0.0,0.66
2025-08-04 04:00:00-04:00,29.34,28.85,-0.0,0.49
2025-08-04 05:00:00-04:00,31.83,32.85,-0.0,-1.02
2025-08-04 06:00:00-04:00,34.35,36.24,-0.0,-1.89
2025-08-04 07:00:00-04:00,36.11,38.62,-0.0,-2.51
2025-08-04 08:00:00-04:00,35.0,37.16,-0.0,-2.16
2025-08-04 09:00:00-04:00,34.42,36.46,-0.0,-2.04
2025-08-04 10:00:00-04:00,38.2,40.470000000000006,-0.0,-2.27
2025-08-04 11:00:00-04:00,43.05,44.89,-0.0,-1.84
2025-08-04 12:00:00-04:00,45.98,47.45,-0.0,-1.47
2025-08-04 13:00:00-04:00,49.69,51.18,-0.0,-1.49
2025-08-04 14:00:00-04:00,51.65,52.65,-0.0,-1.0
2025-08-04 15:00:00-04:00,55.47,56.43,-0.0,-0.96
2025-08-04 16:00:00-04:00,66.16,68.56,-0.0,-2.4
2025-08-04 17:00:00-04:00,77.28,79.59,-0.0,-2.31
2025-08-04 18:00:00-04:00,80.85,81.00999999999999,-0.0,-0.16
2025-08-04 19:00:00-04:00,78.58,79.53,-0.0,-0.95
2025-08-04 20:00:00-04:00,72.19,74.88,-0.0,-2.69
2025-08-04 21:00:00-04:00,60.06,61.98,-0.0,-1.92
2025-08-04 22:00:00-04:00,54.03,54.74,-0.0,-0.71
2025-08-04 23:00:00-04:00,47.96,47.67,-0.0,0.29
2025-08-05 00:00:00-04:00,44.91,44.51,-0.0,0.4
2025-08-05 01:00:00-04:00,39.95,39.36,-0.0,0.59
2025-08-05 02:00:00-04:00,35.07,34.96,-0.0,0.11
2025-08-05 03:00:00-04:00,33.75,33.95,-0.0,-0.2
2025-08-05 04:00:00-04:00,32.32,32.22,-0.0,0.1
2025-08-05 05:00:00-04:00,33.38,33.25,-0.0,0.13
2025-08-05 06:00:00-04:00,36.63,38.080000000000005,-0.0,-1.45
2025-08-05 07:00:00-04:00,39.81,42.080000000000005,-0.0,-2.27
2025-08-05 08:00:00-04:00,40.79,43.03,-0.0,-2.24
2025-08-05 09:00:00-04:00,41.78,42.98,-0.0,-1.2
2025-08-05 10:00:00-04:00,44.04,43.86,-0.0,0.18
2025-08-05 11:00:00-04:00,47.02,46.28,-0.0,0.74
2025-08-05 12:00:00-04:00,51.36,50.8,-0.0,0.56
2025-08-05 13:00:00-04:00,57.04,56.31,-0.0,0.73
2025-08-05 14:00:00-04:00,60.84,59.940000000000005,-0.0,0.9
2025-08-05 15:00:00-04:00,66.13,65.8,-0.0,0.33
2025-08-05 16:00:00-04:00,80.39,80.15,-0.0,0.24
2025-08-05 17:00:00-04:00,96.13,94.62,-0.0,1.51
2025-08-05 18:00:00-04:00,93.33,91.86,-0.0,1.47
2025-08-05 19:00:00-04:00,84.31,82.82000000000001,-0.0,1.49
2025-08-05 20:00:00-04:00,74.5,75.18,-0.0,-0.68
2025-08-05 21:00:00-04:00,62.7,62.64,-0.0,0.06
2025-08-05 22:00:00-04:00,54.8,53.62,0.16,1.02
2025-08-05 23:00:00-04:00,48.76,47.09,-0.16,1.83
2025-08-06 00:00:00-04:00,46.67,45.09,-0.0,1.58
2025-08-06 01:00:00-04:00,43.23,41.809999999999995,-0.0,1.42
2025-08-06 02:00:00-04:00,38.4,37.76,-0.0,0.64
2025-08-06 03:00:00-04:00,35.93,35.79,-0.0,0.14
2025-08-06 04:00:00-04:00,36.27,36.2,-0.0,0.07
2025-08-06 05:00:00-04:00,38.59,37.91,-0.0,0.68
2025-08-06 06:00:00-04:00,42.46,42.21,-0.0,0.25
2025-08-06 07:00:00-04:00,43.53,43.88,-0.0,-0.35
2025-08-06 08:00:00-04:00,42.99,43.870000000000005,-0.0,-0.88
2025-08-06 09:00:00-04:00,42.95,43.21,-0.0,-0.26
2025-08-06 10:00:00-04:00,43.4,42.93,-0.0,0.47
2025-08-06 11:00:00-04:00,45.98,45.12,-0.0,0.86
2025-08-06 12:00:00-04:00,49.38,48.080000000000005,-0.0,1.3
2025-08-06 13:00:00-04:00,54.14,52.51,-0.0,1.63
2025-08-06 14:00:00-04:00,58.01,56.37,-0.0,1.64
2025-08-06 15:00:00-04:00,58.86,57.37,-0.0,1.49
2025-08-06 16:00:00-04:00,71.97,69.6,-0.0,2.37
2025-08-06 17:00:00-04:00,79.57,76.94999999999999,-0.0,2.62
2025-08-06 18:00:00-04:00,78.04,75.4,-0.0,2.64
2025-08-06 19:00:00-04:00,74.32,71.92999999999999,0.02,2.37
2025-08-06 20:00:00-04:00,67.01,64.87,-0.0,2.14
2025-08-06 21:00:00-04:00,59.08,57.25,-0.0,1.83
2025-08-06 22:00:00-04:00,50.33,48.35,-0.0,1.98
2025-08-06 23:00:00-04:00,46.25,44.22,0.04,1.99
2025-08-07 00:00:00-04:00,46.4,45.49,-0.0,0.91
2025-08-07 01:00:00-04:00,41.81,41.150000000000006,-0.0,0.66
2025-08-07 02:00:00-04:00,38.14,37.72,-0.0,0.42
2025-08-07 03:00:00-04:00,36.63,36.48,-0.0,0.15
2025-08-07 04:00:00-04:00,36.13,35.910000000000004,-0.0,0.22
2025-08-07 05:00:00-04:00,39.16,38.51,-0.0,0.65
2025-08-07 06:00:00-04:00,42.77,42.68,-0.0,0.09
2025-08-07 07:00:00-04:00,44.35,44.8,-0.0,-0.45
2025-08-07 08:00:00-04:00,43.77,45.080000000000005,-0.0,-1.31
2025-08-07 09:00:00-04:00,42.89,43.63,-0.0,-0.74
2025-08-07 10:00:00-04:00,44.11,43.46,-0.0,0.65
2025-08-07 11:00:00-04:00,47.31,45.98,-0.0,1.33
2025-08-07 12:00:00-04:00,49.37,47.52,-0.0,1.85
2025-08-07 13:00:00-04:00,54.06,51.98,-0.0,2.08
2025-08-07 14:00:00-04:00,55.99,53.83,-0.0,2.16
2025-08-07 15:00:00-04:00,60.81,58.47,-0.0,2.34
2025-08-07 16:00:00-04:00,67.87,65.39,-0.0,2.48
2025-08-07 17:00:00-04:00,79.34,76.73,-0.0,2.61
2025-08-07 18:00:00-04:00,79.04,76.66000000000001,-0.0,2.38
2025-08-07 19:00:00-04:00,79.1,76.58,-0.0,2.52
2025-08-07 20:00:00-04:00,74.35,71.35,-0.0,3.0
2025-08-07 21:00:00-04:00,63.82,60.78,-0.0,3.04
2025-08-07 22:00:00-04:00,54.32,52.74,-0.0,1.58
2025-08-07 23:00:00-04:00,48.49,46.760000000000005,-0.0,1.73
2025-08-08 00:00:00-04:00,47.67,46.15,-0.0,1.52
2025-08-08 01:00:00-04:00,42.51,42.169999999999995,-0.0,0.34
2025-08-08 02:00:00-04:00,36.44,36.37,-0.0,0.07
2025-08-08 03:00:00-04:00,34.65,34.48,-0.0,0.17
2025-08-08 04:00:00-04:00,34.25,34.46,-0.0,-0.21
2025-08-08 05:00:00-04:00,36.65,36.43,-0.0,0.22
2025-08-08 06:00:00-04:00,42.1,42.23,-0.0,-0.13
2025-08-08 07:00:00-04:00,43.75,43.84,-0.0,-0.09
2025-08-08 08:00:00-04:00,41.64,41.98,-0.0,-0.34
2025-08-08 09:00:00-04:00,39.9,39.54,-0.0,0.36
2025-08-08 10:00:00-04:00,40.85,39.51,-0.0,1.34
2025-08-08 11:00:00-04:00,44.06,41.650000000000006,-0.0,2.41
2025-08-08 12:00:00-04:00,47.26,43.92,-0.0,3.34
2025-08-08 13:00:00-04:00,51.08,47.47,-0.0,3.61
2025-08-08 14:00:00-04:00,54.47,50.96,-0.0,3.51
2025-08-08 15:00:00-04:00,63.0,54.72,4.45,3.83
2025-08-08 16:00:00-04:00,66.2,62.040000000000006,-0.0,4.16
2025-08-08 17:00:00-04:00,73.57,71.28999999999999,-0.0,2.28
2025-08-08 18:00:00-04:00,77.53,75.49,-0.0,2.04
2025-08-08 19:00:00-04:00,79.0,76.18,-0.0,2.82
2025-08-08 20:00:00-04:00,71.0,68.01,-0.0,2.99
2025-08-08 21:00:00-04:00,61.7,58.82,-0.0,2.88
2025-08-08 22:00:00-04:00,52.87,50.83,-0.0,2.04
2025-08-08 23:00:00-04:00,46.38,44.260000000000005,-0.0,2.12
2025-08-09 00:00:00-04:00,40.58,40.22,-0.0,0.36
2025-08-09 01:00:00-04:00,35.19,35.44,-0.0,-0.25
2025-08-09 02:00:00-04:00,33.14,33.24,-0.0,-0.1
2025-08-09 03:00:00-04:00,30.7,30.95,-0.0,-0.25
2025-08-09 04:00:00-04:00,31.22,31.86,-0.0,-0.64
2025-08-09 05:00:00-04:00,31.45,32.29,-0.0,-0.84
2025-08-09 06:00:00-04:00,31.5,32.04,-0.0,-0.54
2025-08-09 07:00:00-04:00,32.56,32.24,-0.0,0.32
2025-08-09 08:00:00-04:00,31.48,30.39,-0.0,1.09
2025-08-09 09:00:00-04:00,31.33,30.159999999999997,-0.0,1.17
2025-08-09 10:00:00-04:00,33.99,32.84,-0.0,1.15
2025-08-09 11:00:00-04:00,39.0,36.93,-0.0,2.07
2025-08-09 12:00:00-04:00,42.71,39.95,-0.0,2.76
2025-08-09 13:00:00-04:00,46.48,43.24999999999999,0.03,3.2
2025-08-09 14:00:00-04:00,48.77,45.510000000000005,0.03,3.23
2025-08-09 15:00:00-04:00,51.49,48.05,0.03,3.41
2025-08-09 16:00:00-04:00,59.83,55.84,0.03,3.96
2025-08-09 17:00:00-04:00,68.89,64.8,0.01,4.08
2025-08-09 18:00:00-04:00,75.96,72.14,-0.0,3.82
2025-08-09 19:00:00-04:00,75.95,72.75,-0.0,3.2
2025-08-09 20:00:00-04:00,68.01,64.96000000000001,-0.0,3.05
2025-08-09 21:00:00-04:00,58.16,56.8,-0.0,1.36
2025-08-09 22:00:00-04:00,50.51,48.66,-0.0,1.85
2025-08-09 23:00:00-04:00,46.11,44.25,-0.0,1.86
2025-08-10 00:00:00-04:00,40.68,40.8,-0.0,-0.12
2025-08-10 01:00:00-04:00,38.26,37.69,-0.0,0.57
2025-08-10 02:00:00-04:00,34.55,34.379999999999995,-0.0,0.17
2025-08-10 03:00:00-04:00,33.4,33.37,-0.0,0.03
2025-08-10 04:00:00-04:00,32.73,32.83,-0.0,-0.1
2025-08-10 05:00:00-04:00,32.68,33.04,-0.0,-0.36
2025-08-10 06:00:00-04:00,31.78,32.46,-0.0,-0.68
2025-08-10 07:00:00-04:00,31.2,31.77,-0.0,-0.57
2025-08-10 08:00:00-04:00,32.0,31.72,-0.0,0.28
2025-08-10 09:00:00-04:00,33.47,32.78,-0.0,0.69
2025-08-10 10:00:00-04:00,36.34,35.7,-0.0,0.64
2025-08-10 11:00:00-04:00,42.2,41.620000000000005,-0.0,0.58
2025-08-10 12:00:00-04:00,49.6,47.6,-0.0,2.0
2025-08-10 13:00:00-04:00,53.3,51.55,-0.0,1.75
2025-08-10 14:00:00-04:00,60.0,56.05,-0.54,4.49
2025-08-10 15:00:00-04:00,62.59,58.760000000000005,0.54,3.29
2025-08-10 16:00:00-04:00,71.42,68.94,-0.0,2.48
2025-08-10 17:00:00-04:00,88.0,86.02,-0.0,1.98
2025-08-10 18:00:00-04:00,98.13,96.02,-0.0,2.11
2025-08-10 19:00:00-04:00,96.98,95.08,-0.0,1.9
2025-08-10 20:00:00-04:00,89.52,88.81,-0.0,0.71
2025-08-10 21:00:00-04:00,70.1,68.72999999999999,-0.0,1.37
2025-08-10 22:00:00-04:00,60.37,58.73,-0.0,1.64
2025-08-10 23:00:00-04:00,50.01,48.98,-0.0,1.03
2025-08-11 00:00:00-04:00,49.19,49.739999999999995,-0.0,-0.55
2025-08-11 01:00:00-04:00,42.98,43.19,-0.0,-0.21
2025-08-11 02:00:00-04:00,39.34,39.900000000000006,-0.0,-0.56
2025-08-11 03:00:00-04:00,35.08,36.129999999999995,-0.0,-1.05
2025-08-11 04:00:00-04:00,34.86,35.98,-0.0,-1.12
2025-08-11 05:00:00-04:00,37.88,39.21,-0.0,-1.33
2025-08-11 06:00:00-04:00,42.27,43.85,-0.0,-1.58
2025-08-11 07:00:00-04:00,45.19,47.22,-0.0,-2.03
2025-08-11 08:00:00-04:00,46.84,48.64,-0.0,-1.8
2025-08-11 09:00:00-04:00,50.89,50.99,-0.0,-0.1
2025-08-11 10:00:00-04:00,55.9,55.23,-0.0,0.67
2025-08-11 11:00:00-04:00,66.36,63.81,-0.0,2.55
2025-08-11 12:00:00-04:00,74.18,72.23,-0.0,1.95
2025-08-11 13:00:00-04:00,99.08,96.29,-0.0,2.79
2025-08-11 14:00:00-04:00,106.22,104.45,-0.0,1.77
2025-08-11 15:00:00-04:00,113.85,110.75,-0.0,3.1
2025-08-11 16:00:00-04:00,138.89,135.91,0.53,2.45
2025-08-11 17:00:00-04:00,160.48,163.95999999999998,-0.53,-2.95
2025-08-11 18:00:00-04:00,158.71,157.92000000000002,-0.0,0.79
2025-08-11 19:00:00-04:00,134.13,128.11,-0.0,6.02
2025-08-11 20:00:00-04:00,124.42,126.13,-6.62,4.91
2025-08-11 21:00:00-04:00,107.0,98.41,6.62,1.97
2025-08-11 22:00:00-04:00,77.81,75.67,1.54,0.6
2025-08-11 23:00:00-04:00,63.11,63.95,-1.54,0.7
2025-08-12 00:00:00-04:00,61.67,60.82,-0.0,0.85
2025-08-12 01:00:00-04:00,53.63,54.34,-0.0,-0.71
2025-08-12 02:00:00-04:00,48.23,49.059999999999995,-0.0,-0.83
2025-08-12 03:00:00-04:00,44.93,45.9,-0.0,-0.97
2025-08-12 04:00:00-04:00,45.41,46.529999999999994,-0.0,-1.12
2025-08-12 05:00:00-04:00,47.59,48.91,-0.0,-1.32
2025-08-12 06:00:00-04:00,51.96,53.46,-0.0,-1.5
2025-08-12 07:00:00-04:00,55.05,56.29,-0.0,-1.24
2025-08-12 08:00:00-04:00,59.99,60.35,-0.0,-0.36
2025-08-12 09:00:00-04:00,65.07,64.3,-0.0,0.77
2025-08-12 10:00:00-04:00,73.77,71.83,-0.0,1.94
2025-08-12 11:00:00-04:00,84.36,81.51,-0.0,2.85
2025-08-12 12:00:00-04:00,97.92,94.61,-0.0,3.31
2025-08-12 13:00:00-04:00,110.55,108.06,-0.0,2.49
2025-08-12 14:00:00-04:00,123.45,122.47,-0.0,0.98
2025-08-12 15:00:00-04:00,136.5,132.96,2.07,1.47
2025-08-12 16:00:00-04:00,175.8,180.4,-2.07,-2.53
2025-08-12 17:00:00-04:00,223.59,230.03,-0.0,-6.44
2025-08-12 18:00:00-04:00,206.6,207.43,-0.0,-0.83
2025-08-12 19:00:00-04:00,161.99,158.20000000000002,-0.0,3.79
2025-08-12 20:00:00-04:00,139.63,136.85,-2.7,5.48
2025-08-12 21:00:00-04:00,115.05,112.24,2.7,0.11
2025-08-12 22:00:00-04:00,94.57,95.53,-0.0,-0.96
2025-08-12 23:00:00-04:00,80.24,79.67999999999999,-0.0,0.56
2025-08-13 00:00:00-04:00,62.9,62.52,-0.0,0.38
2025-08-13 01:00:00-04:00,52.23,53.19,-0.0,-0.96
2025-08-13 02:00:00-04:00,47.35,48.92,-0.0,-1.57
2025-08-13 03:00:00-04:00,46.89,48.79,-0.0,-1.9
2025-08-13 04:00:00-04:00,46.96,48.76,-0.0,-1.8
2025-08-13 05:00:00-04:00,47.83,49.72,-0.0,-1.89
2025-08-13 06:00:00-04:00,53.86,55.76,-0.0,-1.9
2025-08-13 07:00:00-04:00,57.93,59.41,-0.0,-1.48
2025-08-13 08:00:00-04:00,61.95,62.07,-0.0,-0.12
2025-08-13 09:00:00-04:00,65.55,64.89999999999999,-0.0,0.65
2025-08-13 10:00:00-04:00,74.2,72.04,-0.0,2.16
2025-08-13 11:00:00-04:00,77.88,76.35,-0.0,1.53
2025-08-13 12:00:00-04:00,83.24,82.25,-0.0,0.99
2025-08-13 13:00:00-04:00,93.2,92.46,-0.0,0.74
2025-08-13 14:00:00-04:00,99.3,99.7,-0.0,-0.4
2025-08-13 15:00:00-04:00,109.89,110.78,-0.0,-0.89
2025-08-13 16:00:00-04:00,132.53,134.82,-0.0,-2.29
2025-08-13 17:00:00-04:00,157.12,163.33,-0.0,-6.21
2025-08-13 18:00:00-04:00,148.54,152.65,-0.0,-4.11
2025-08-13 19:00:00-04:00,113.89,114.81,-0.0,-0.92
2025-08-13 20:00:00-04:00,93.52,91.59,-0.0,1.93
2025-08-13 21:00:00-04:00,85.08,83.5,-0.0,1.58
2025-08-13 22:00:00-04:00,70.0,70.07,-0.0,-0.07
2025-08-13 23:00:00-04:00,62.67,62.36,-0.0,0.31
2025-08-14 00:00:00-04:00,54.37,55.54,-0.0,-1.17
2025-08-14 01:00:00-04:00,49.6,50.870000000000005,-0.0,-1.27
2025-08-14 02:00:00-04:00,44.35,46.68,-0.0,-2.33
2025-08-14 03:00:00-04:00,40.77,43.05,-0.0,-2.28
2025-08-14 04:00:00-04:00,40.51,42.78,-0.0,-2.27
2025-08-14 05:00:00-04:00,43.65,46.09,-0.0,-2.44
2025-08-14 06:00:00-04:00,49.51,52.23,-0.0,-2.72
2025-08-14 07:00:00-04:00,51.2,53.56,-0.0,-2.36
2025-08-14 08:00:00-04:00,51.47,54.06,-0.0,-2.59
2025-08-14 09:00:00-04:00,55.32,56.8,-0.0,-1.48
2025-08-14 10:00:00-04:00,55.09,56.040000000000006,-0.0,-0.95
2025-08-14 11:00:00-04:00,60.38,61.55,-0.0,-1.17
2025-08-14 12:00:00-04:00,66.6,67.89,-0.0,-1.29
2025-08-14 13:00:00-04:00,70.95,72.03,-0.0,-1.08
2025-08-14 14:00:00-04:00,71.36,72.3,-0.0,-0.94
2025-08-14 15:00:00-04:00,75.58,75.5,-0.0,0.08
2025-08-14 16:00:00-04:00,81.87,82.44,-0.0,-0.57
2025-08-14 17:00:00-04:00,92.29,92.57,-0.0,-0.28
2025-08-14 18:00:00-04:00,88.25,88.69,-0.0,-0.44
2025-08-14 19:00:00-04:00,77.04,76.96000000000001,-0.0,0.08
2025-08-14 20:00:00-04:00,71.17,72.55,-0.0,-1.38
2025-08-14 21:00:00-04:00,63.5,64.54,-0.0,-1.04
2025-08-14 22:00:00-04:00,57.1,57.85,-0.0,-0.75
2025-08-14 23:00:00-04:00,50.3,50.5,-0.0,-0.2
2025-08-15 00:00:00-04:00,45.45,46.57,-0.0,-1.12
2025-08-15 01:00:00-04:00,43.1,43.36,-0.0,-0.26
2025-08-15 02:00:00-04:00,38.15,39.17,-0.0,-1.02
2025-08-15 03:00:00-04:00,34.13,35.400000000000006,-0.0,-1.27
2025-08-15 04:00:00-04:00,34.37,35.54,-0.0,-1.17
2025-08-15 05:00:00-04:00,36.53,38.05,-0.0,-1.52
2025-08-15 06:00:00-04:00,40.41,42.37,-0.31,-1.65
2025-08-15 07:00:00-04:00,43.62,44.739999999999995,0.31,-1.43
2025-08-15 08:00:00-04:00,43.34,45.150000000000006,-0.0,-1.81
2025-08-15 09:00:00-04:00,44.6,45.28,-0.0,-0.68
2025-08-15 10:00:00-04:00,45.8,45.48,-0.0,0.32
2025-08-15 11:00:00-04:00,52.2,51.330000000000005,-0.0,0.87
2025-08-15 12:00:00-04:00,54.27,52.080000000000005,-0.0,2.19
2025-08-15 13:00:00-04:00,62.43,59.91,-0.0,2.52
2025-08-15 14:00:00-04:00,65.58,63.059999999999995,-0.0,2.52
2025-08-15 15:00:00-04:00,73.0,66.09,3.08,3.83
2025-08-15 16:00:00-04:00,77.4,75.35000000000001,-3.08,5.13
2025-08-15 17:00:00-04:00,84.18,77.94000000000001,-0.0,6.24
2025-08-15 18:00:00-04:00,81.4,76.08000000000001,-0.0,5.32
2025-08-15 19:00:00-04:00,76.2,72.99000000000001,-0.0,3.21
2025-08-15 20:00:00-04:00,70.08,67.45,-0.0,2.63
2025-08-15 21:00:00-04:00,61.75,59.84,-0.0,1.91
2025-08-15 22:00:00-04:00,55.3,52.56999999999999,1.1,1.63
2025-08-15 23:00:00-04:00,48.84,48.25000000000001,-1.1,1.69
2025-08-16 00:00:00-04:00,42.08,42.79,-0.2,-0.51
2025-08-16 01:00:00-04:00,40.0,39.209999999999994,0.2,0.59
2025-08-16 02:00:00-04:00,36.07,36.32,-0.0,-0.25
2025-08-16 03:00:00-04:00,32.38,33.11,-0.0,-0.73
2025-08-16 04:00:00-04:00,31.3,32.24,-0.0,-0.94
2025-08-16 05:00:00-04:00,32.34,33.580000000000005,-0.0,-1.24
2025-08-16 06:00:00-04:00,32.32,34.330000000000005,-0.84,-1.17
2025-08-16 07:00:00-04:00,33.1,33.46,0.84,-1.2
2025-08-16 08:00:00-04:00,31.77,33.13,-0.0,-1.36
2025-08-16 09:00:00-04:00,36.3,36.849999999999994,-0.0,-0.55
2025-08-16 10:00:00-04:00,39.47,39.83,-0.0,-0.36
2025-08-16 11:00:00-04:00,45.05,43.95,-0.0,1.1
2025-08-16 12:00:00-04:00,47.81,46.73,-0.0,1.08
2025-08-16 13:00:00-04:00,53.08,51.54,-0.0,1.54
2025-08-16 14:00:00-04:00,56.44,54.739999999999995,-0.0,1.7
2025-08-16 15:00:00-04:00,64.51,62.690000000000005,-0.0,1.82
2025-08-16 16:00:00-04:00,72.89,71.67,-0.0,1.22
2025-08-16 17:00:00-04:00,81.53,80.17,-0.0,1.36
2025-08-16 18:00:00-04:00,82.0,80.39,-0.0,1.61
2025-08-16 19:00:00-04:00,75.57,74.16,-0.0,1.41
2025-08-16 20:00:00-04:00,68.43,66.76,-0.0,1.67
2025-08-16 21:00:00-04:00,61.53,60.09,-0.0,1.44
2025-08-16 22:00:00-04:00,55.94,53.84,-0.0,2.1
2025-08-16 23:00:00-04:00,49.16,47.45,-0.0,1.71
2025-08-17 00:00:00-04:00,43.97,44.96,-0.0,-0.99
2025-08-17 01:00:00-04:00,40.27,40.470000000000006,-0.0,-0.2
2025-08-17 02:00:00-04:00,34.9,35.72,-0.0,-0.82
2025-08-17 03:00:00-04:00,31.37,32.74,-0.0,-1.37
2025-08-17 04:00:00-04:00,30.28,31.540000000000003,-0.0,-1.26
2025-08-17 05:00:00-04:00,32.21,33.660000000000004,-0.0,-1.45
2025-08-17 06:00:00-04:00,32.3,33.79,-0.0,-1.49
2025-08-17 07:00:00-04:00,32.1,34.0,-0.0,-1.9
2025-08-17 08:00:00-04:00,32.41,34.37,-0.0,-1.96
2025-08-17 09:00:00-04:00,35.05,36.93,-0.0,-1.88
2025-08-17 10:00:00-04:00,39.36,41.26,-0.0,-1.9
2025-08-17 11:00:00-04:00,44.18,45.97,-0.0,-1.79
2025-08-17 12:00:00-04:00,47.53,50.14,-0.0,-2.61
2025-08-17 13:00:00-04:00,52.05,54.73,-0.0,-2.68
2025-08-17 14:00:00-04:00,55.27,58.74,-0.0,-3.47
2025-08-17 15:00:00-04:00,61.32,65.44,-0.0,-4.12
2025-08-17 16:00:00-04:00,75.99,82.78,-0.0,-6.79
2025-08-17 17:00:00-04:00,88.04,97.18,-0.0,-9.14
2025-08-17 18:00:00-04:00,92.02,101.12,-0.0,-9.1
2025-08-17 19:00:00-04:00,81.73,89.72,-0.0,-7.99
2025-08-17 20:00:00-04:00,68.31,72.75,-0.0,-4.44
2025-08-17 21:00:00-04:00,58.14,62.65,-0.0,-4.51
2025-08-17 22:00:00-04:00,50.05,53.19,-0.0,-3.14
2025-08-17 23:00:00-04:00,44.93,46.75,-0.0,-1.82
2025-08-18 00:00:00-04:00,38.48,40.5,-0.0,-2.02
2025-08-18 01:00:00-04:00,36.25,36.73,-0.0,-0.48
2025-08-18 02:00:00-04:00,32.68,33.55,-0.0,-0.87
2025-08-18 03:00:00-04:00,30.12,30.89,-0.0,-0.77
2025-08-18 04:00:00-04:00,30.17,31.07,-0.0,-0.9
2025-08-18 05:00:00-04:00,33.26,34.72,-0.0,-1.46
2025-08-18 06:00:00-04:00,36.44,38.89,-0.0,-2.45
2025-08-18 07:00:00-04:00,38.23,41.69,-0.0,-3.46
2025-08-18 08:00:00-04:00,37.03,40.51,-0.0,-3.48
2025-08-18 09:00:00-04:00,35.1,37.46,-0.0,-2.36
2025-08-18 10:00:00-04:00,34.32,36.32,-0.0,-2.0
2025-08-18 11:00:00-04:00,35.05,36.849999999999994,-0.0,-1.8
2025-08-18 12:00:00-04:00,39.0,40.37,-0.0,-1.37
2025-08-18 13:00:00-04:00,41.05,42.01,-0.0,-0.96
2025-08-18 14:00:00-04:00,43.7,44.74,-0.32,-0.72
2025-08-18 15:00:00-04:00,47.04,47.58,0.32,-0.86
2025-08-18 16:00:00-04:00,53.08,54.33,-0.0,-1.25
2025-08-18 17:00:00-04:00,63.24,63.370000000000005,-0.0,-0.13
2025-08-18 18:00:00-04:00,63.71,64.75,-0.0,-1.04
2025-08-18 19:00:00-04:00,56.37,57.69,-0.0,-1.32
2025-08-18 20:00:00-04:00,47.74,49.47,-0.0,-1.73
2025-08-18 21:00:00-04:00,43.25,44.82,-0.0,-1.57
2025-08-18 22:00:00-04:00,41.19,42.33,-0.0,-1.14
2025-08-18 23:00:00-04:00,37.62,38.27,-0.0,-0.65
2025-08-19 00:00:00-04:00,34.03,34.0,-0.0,0.03
2025-08-19 01:00:00-04:00,29.9,29.69,-0.0,0.21
2025-08-19 02:00:00-04:00,28.72,28.63,-0.0,0.09
2025-08-19 03:00:00-04:00,27.58,27.58,-0.0,0.0
2025-08-19 04:00:00-04:00,27.68,27.71,-0.0,-0.03
2025-08-19 05:00:00-04:00,28.53,28.56,-0.0,-0.03
2025-08-19 06:00:00-04:00,32.31,33.1,-0.0,-0.79
2025-08-19 07:00:00-04:00,33.63,35.03,-0.0,-1.4
2025-08-19 08:00:00-04:00,31.9,33.059999999999995,-0.0,-1.16
2025-08-19 09:00:00-04:00,30.66,31.38,-0.0,-0.72
2025-08-19 10:00:00-04:00,31.37,31.82,-0.0,-0.45
2025-08-19 11:00:00-04:00,33.33,33.629999999999995,-0.0,-0.3
2025-08-19 12:00:00-04:00,35.52,36.06,-0.0,-0.54
2025-08-19 13:00:00-04:00,38.55,38.82,-0.0,-0.27
2025-08-19 14:00:00-04:00,42.15,42.36,-0.0,-0.21
2025-08-19 15:00:00-04:00,44.24,44.32,-0.08,0.0
2025-08-19 16:00:00-04:00,48.72,48.74,0.08,-0.1
2025-08-19 17:00:00-04:00,52.29,52.6,-0.0,-0.31
2025-08-19 18:00:00-04:00,56.3,57.57,-0.0,-1.27
2025-08-19 19:00:00-04:00,56.32,57.18,-0.0,-0.86
2025-08-19 20:00:00-04:00,52.02,53.190000000000005,-0.0,-1.17
2025-08-19 21:00:00-04:00,45.76,45.85,-0.0,-0.09
2025-08-19 22:00:00-04:00,40.8,39.879999999999995,-0.0,0.92
2025-08-19 23:00:00-04:00,35.85,35.11,-0.0,0.74
2025-08-20 00:00:00-04:00,32.03,32.480000000000004,-0.0,-0.45
2025-08-20 01:00:00-04:00,28.91,29.2,-0.0,-0.29
2025-08-20 02:00:00-04:00,27.96,28.24,-0.0,-0.28
2025-08-20 03:00:00-04:00,27.14,27.44,-0.0,-0.3
2025-08-20 04:00:00-04:00,27.51,27.82,-0.0,-0.31
2025-08-20 05:00:00-04:00,28.76,29.23,-0.0,-0.47
2025-08-20 06:00:00-04:00,34.27,35.510000000000005,-0.0,-1.24
2025-08-20 07:00:00-04:00,38.78,40.19,-0.0,-1.41
2025-08-20 08:00:00-04:00,37.56,39.79,-0.0,-2.23
2025-08-20 09:00:00-04:00,39.8,40.86,-0.0,-1.06
2025-08-20 10:00:00-04:00,38.92,39.8,-0.0,-0.88
2025-08-20 11:00:00-04:00,41.29,41.71,-0.0,-0.42
2025-08-20 12:00:00-04:00,41.55,41.97,-0.0,-0.42
2025-08-20 13:00:00-04:00,48.23,48.57,-0.0,-0.34
2025-08-20 14:00:00-04:00,49.53,49.58,-0.0,-0.05
2025-08-20 15:00:00-04:00,51.01,50.86,-0.0,0.15
2025-08-20 16:00:00-04:00,54.08,54.3,-0.0,-0.22
2025-08-20 17:00:00-04:00,58.18,58.95,-0.0,-0.77
2025-08-20 18:00:00-04:00,58.46,59.35,-0.0,-0.89
2025-08-20 19:00:00-04:00,56.08,56.989999999999995,-0.0,-0.91
2025-08-20 20:00:00-04:00,52.06,52.75,-0.0,-0.69
2025-08-20 21:00:00-04:00,50.21,49.81,-0.0,0.4
2025-08-20 22:00:00-04:00,41.89,41.15,-0.0,0.74
2025-08-20 23:00:00-04:00,37.43,36.73,-0.0,0.7
2025-08-21 00:00:00-04:00,32.29,32.92,-0.0,-0.63
2025-08-21 01:00:00-04:00,30.6,30.450000000000003,-0.0,0.15
2025-08-21 02:00:00-04:00,27.9,28.01,-0.0,-0.11
2025-08-21 03:00:00-04:00,26.89,26.76,-0.0,0.13
2025-08-21 04:00:00-04:00,26.26,26.53,-0.0,-0.27
2025-08-21 05:00:00-04:00,28.7,29.43,-0.0,-0.73
2025-08-21 06:00:00-04:00,33.92,35.550000000000004,-0.0,-1.63
2025-08-21 07:00:00-04:00,35.4,37.76,-0.36,-2.0
2025-08-21 08:00:00-04:00,35.01,38.65,-1.51,-2.13
2025-08-21 09:00:00-04:00,35.0,35.86,-0.0,-0.86
2025-08-21 10:00:00-04:00,35.48,36.459999999999994,-0.0,-0.98
2025-08-21 11:00:00-04:00,36.03,36.77,-0.0,-0.74
2025-08-21 12:00:00-04:00,37.04,37.53,-0.0,-0.49
2025-08-21 13:00:00-04:00,39.4,39.6,-0.0,-0.2
2025-08-21 14:00:00-04:00,39.72,39.76,-0.0,-0.04
2025-08-21 15:00:00-04:00,40.22,40.46,-0.0,-0.24
2025-08-21 16:00:00-04:00,41.18,41.77,-0.01,-0.58
2025-08-21 17:00:00-04:00,46.15,47.03,-0.03,-0.85
2025-08-21 18:00:00-04:00,45.55,51.2,-4.57,-1.08
2025-08-21 19:00:00-04:00,45.51,50.349999999999994,-4.18,-0.66
2025-08-21 20:00:00-04:00,44.22,49.02,-3.92,-0.88
2025-08-21 21:00:00-04:00,42.9,43.2,-0.0,-0.3
2025-08-21 22:00:00-04:00,37.25,37.14,-0.0,0.11
2025-08-21 23:00:00-04:00,34.35,33.550000000000004,-0.0,0.8
2025-08-22 00:00:00-04:00,32.25,31.65,-0.0,0.6
2025-08-22 01:00:00-04:00,29.4,28.99,-0.0,0.41
2025-08-22 02:00:00-04:00,26.93,26.53,-0.0,0.4
2025-08-22 03:00:00-04:00,25.68,25.37,-0.0,0.31
2025-08-22 04:00:00-04:00,26.28,25.97,-0.0,0.31
2025-08-22 05:00:00-04:00,28.33,28.25,-0.0,0.08
2025-08-22 06:00:00-04:00,32.2,32.89,-0.0,-0.69
2025-08-22 07:00:00-04:00,34.14,35.67,-0.0,-1.53
2025-08-22 08:00:00-04:00,29.81,30.33,-0.0,-0.52
2025-08-22 09:00:00-04:00,26.18,26.82,-0.0,-0.64
2025-08-22 10:00:00-04:00,27.36,27.61,-0.0,-0.25
2025-08-22 11:00:00-04:00,29.62,29.56,-0.0,0.06
2025-08-22 12:00:00-04:00,31.07,31.19,-0.0,-0.12
2025-08-22 13:00:00-04:00,34.51,34.269999999999996,-0.0,0.24
2025-08-22 14:00:00-04:00,37.33,36.92,-0.0,0.41
2025-08-22 15:00:00-04:00,39.9,39.7,-0.0,0.2
2025-08-22 16:00:00-04:00,44.74,45.010000000000005,-0.0,-0.27
2025-08-22 17:00:00-04:00,57.0,58.58,-0.0,-1.58
2025-08-22 18:00:00-04:00,64.61,66.06,-0.0,-1.45
2025-08-22 19:00:00-04:00,59.76,63.31,-2.03,-1.52
2025-08-22 20:00:00-04:00,54.77,53.06,2.03,-0.32
2025-08-22 21:00:00-04:00,49.66,49.66,-0.0,0.0
2025-08-22 22:00:00-04:00,43.69,43.129999999999995,-0.0,0.56
2025-08-22 23:00:00-04:00,37.09,36.98,-0.0,0.11
2025-08-23 00:00:00-04:00,29.44,29.44,-0.0,0.0
2025-08-23 01:00:00-04:00,28.35,28.35,-0.0,0.0
2025-08-23 02:00:00-04:00,26.82,26.98,-0.0,-0.16
2025-08-23 03:00:00-04:00,25.19,25.37,-0.0,-0.18
2025-08-23 04:00:00-04:00,24.88,25.05,-0.0,-0.17
2025-08-23 05:00:00-04:00,25.04,25.32,-0.0,-0.28
2025-08-23 06:00:00-04:00,25.65,26.42,-0.0,-0.77
2025-08-23 07:00:00-04:00,24.61,25.64,-0.0,-1.03
2025-08-23 08:00:00-04:00,24.72,25.459999999999997,-0.0,-0.74
2025-08-23 09:00:00-04:00,23.7,24.38,-0.0,-0.68
2025-08-23 10:00:00-04:00,25.45,25.92,-0.0,-0.47
2025-08-23 11:00:00-04:00,26.88,27.209999999999997,-0.0,-0.33
2025-08-23 12:00:00-04:00,28.11,28.34,-0.0,-0.23
2025-08-23 13:00:00-04:00,29.91,30.27,-0.0,-0.36
2025-08-23 14:00:00-04:00,32.59,33.150000000000006,-0.0,-0.56
2025-08-23 15:00:00-04:00,35.15,36.12,-0.0,-0.97
2025-08-23 16:00:00-04:00,41.93,43.09,-0.0,-1.16
2025-08-23 17:00:00-04:00,48.04,50.2,-0.0,-2.16
2025-08-23 18:00:00-04:00,53.35,55.57,-0.0,-2.22
2025-08-23 19:00:00-04:00,48.28,50.39,-0.0,-2.11
2025-08-23 20:00:00-04:00,44.68,46.02,-0.0,-1.34
2025-08-23 21:00:00-04:00,40.85,41.01,-0.0,-0.16
2025-08-23 22:00:00-04:00,35.69,35.8,-0.0,-0.11
2025-08-23 23:00:00-04:00,32.12,31.49,-0.0,0.63
2025-08-24 00:00:00-04:00,27.3,27.25,-0.0,0.05
2025-08-24 01:00:00-04:00,25.36,25.33,-0.0,0.03
2025-08-24 02:00:00-04:00,23.43,23.31,-0.0,0.12
2025-08-24 03:00:00-04:00,22.06,21.93,-0.0,0.13
2025-08-24 04:00:00-04:00,21.95,21.82,-0.0,0.13
2025-08-24 05:00:00-04:00,23.08,22.92,-0.0,0.16
2025-08-24 06:00:00-04:00,22.97,23.22,-0.0,-0.25
2025-08-24 07:00:00-04:00,21.95,22.44,-0.0,-0.49
2025-08-24 08:00:00-04:00,21.82,22.42,-0.0,-0.6
2025-08-24 09:00:00-04:00,22.62,22.99,-0.0,-0.37
2025-08-24 10:00:00-04:00,24.12,24.44,-0.0,-0.32
2025-08-24 11:00:00-04:00,25.64,25.98,-0.0,-0.34
2025-08-24 12:00:00-04:00,27.82,28.5,-0.0,-0.68
2025-08-24 13:00:00-04:00,31.0,31.89,-0.0,-0.89
2025-08-24 14:00:00-04:00,32.8,33.949999999999996,-0.0,-1.15
2025-08-24 15:00:00-04:00,34.07,35.56,-0.0,-1.49
2025-08-24 16:00:00-04:00,39.62,41.7,-0.0,-2.08
2025-08-24 17:00:00-04:00,45.55,48.51,-0.0,-2.96
2025-08-24 18:00:00-04:00,48.84,51.900000000000006,-0.0,-3.06
2025-08-24 19:00:00-04:00,46.29,48.83,-0.0,-2.54
2025-08-24 20:00:00-04:00,44.9,47.06,-0.0,-2.16
2025-08-24 21:00:00-04:00,38.4,39.629999999999995,-0.0,-1.23
2025-08-24 22:00:00-04:00,35.01,35.72,-0.0,-0.71
2025-08-24 23:00:00-04:00,31.93,32.15,-0.0,-0.22
2025-08-25 00:00:00-04:00,30.1,30.93,-0.0,-0.83
2025-08-25 01:00:00-04:00,26.39,27.35,-0.0,-0.96
2025-08-25 02:00:00-04:00,24.61,25.55,-0.0,-0.94
2025-08-25 03:00:00-04:00,23.71,24.67,-0.0,-0.96
2025-08-25 04:00:00-04:00,23.76,24.75,-0.0,-0.99
2025-08-25 05:00:00-04:00,25.17,26.33,-0.0,-1.16
2025-08-25 06:00:00-04:00,28.59,30.55,-0.0,-1.96
2025-08-25 07:00:00-04:00,30.19,32.92,-0.0,-2.73
2025-08-25 08:00:00-04:00,29.18,31.86,-0.0,-2.68
2025-08-25 09:00:00-04:00,27.31,28.959999999999997,-0.0,-1.65
2025-08-25 10:00:00-04:00,27.59,29.07,-0.0,-1.48
2025-08-25 11:00:00-04:00,29.5,30.63,-0.0,-1.13
2025-08-25 12:00:00-04:00,30.1,31.65,-0.0,-1.55
2025-08-25 13:00:00-04:00,32.9,35.19,-0.0,-2.29
2025-08-25 14:00:00-04:00,33.0,35.22,-0.0,-2.22
2025-08-25 15:00:00-04:00,34.68,37.73,-0.0,-3.05
2025-08-25 16:00:00-04:00,39.36,42.92,-0.0,-3.56
2025-08-25 17:00:00-04:00,45.23,49.209999999999994,-0.0,-3.98
2025-08-25 18:00:00-04:00,49.01,52.53,-0.0,-3.52
2025-08-25 19:00:00-04:00,48.19,51.16,-0.0,-2.97
2025-08-25 20:00:00-04:00,42.82,45.07,-0.0,-2.25
2025-08-25 21:00:00-04:00,37.46,39.1,-0.0,-1.64
2025-08-25 22:00:00-04:00,30.7,31.91,-0.0,-1.21
2025-08-25 23:00:00-04:00,28.4,28.66,-0.0,-0.26
2025-08-26 00:00:00-04:00,25.36,26.22,-0.0,-0.86
2025-08-26 01:00:00-04:00,22.95,23.3,-0.0,-0.35
2025-08-26 02:00:00-04:00,21.28,21.37,-0.0,-0.09
2025-08-26 03:00:00-04:00,20.07,20.33,-0.0,-0.26
2025-08-26 04:00:00-04:00,20.08,20.26,-0.0,-0.18
2025-08-26 05:00:00-04:00,21.89,21.96,-0.0,-0.07
2025-08-26 06:00:00-04:00,26.1,27.1,-0.0,-1.0
2025-08-26 07:00:00-04:00,27.6,28.84,-0.0,-1.24
2025-08-26 08:00:00-04:00,25.51,26.74,-0.0,-1.23
2025-08-26 09:00:00-04:00,24.2,25.05,-0.0,-0.85
2025-08-26 10:00:00-04:00,24.49,25.4,-0.0,-0.91
2025-08-26 11:00:00-04:00,24.45,25.52,-0.0,-1.07
2025-08-26 12:00:00-04:00,25.16,26.4,-0.0,-1.24
2025-08-26 13:00:00-04:00,26.44,27.98,-0.0,-1.54
2025-08-26 14:00:00-04:00,28.93,30.45,-0.0,-1.52
2025-08-26 15:00:00-04:00,29.13,30.99,-0.0,-1.86
2025-08-26 16:00:00-04:00,33.2,35.970000000000006,-0.0,-2.77
2025-08-26 17:00:00-04:00,38.61,42.15,-0.0,-3.54
2025-08-26 18:00:00-04:00,41.44,45.69,-0.0,-4.25
2025-08-26 19:00:00-04:00,40.59,44.46,-0.0,-3.87
2025-08-26 20:00:00-04:00,38.11,40.93,-0.0,-2.82
2025-08-26 21:00:00-04:00,35.01,36.66,-0.0,-1.65
2025-08-26 22:00:00-04:00,30.0,30.96,-0.0,-0.96
2025-08-26 23:00:00-04:00,28.43,29.13,-0.0,-0.7
2025-08-27 00:00:00-04:00,25.35,26.66,-0.0,-1.31
2025-08-27 01:00:00-04:00,24.27,25.12,-0.0,-0.85
2025-08-27 02:00:00-04:00,22.83,23.59,-0.0,-0.76
2025-08-27 03:00:00-04:00,22.28,22.9,-0.0,-0.62
2025-08-27 04:00:00-04:00,22.41,23.13,-0.0,-0.72
2025-08-27 05:00:00-04:00,24.09,25.09,-0.0,-1.0
2025-08-27 06:00:00-04:00,28.34,30.44,-0.0,-2.1
2025-08-27 07:00:00-04:00,29.14,31.07,-0.0,-1.93
2025-08-27 08:00:00-04:00,26.17,27.75,-0.0,-1.58
2025-08-27 09:00:00-04:00,24.55,25.68,-0.0,-1.13
2025-08-27 10:00:00-04:00,23.68,24.59,-0.0,-0.91
2025-08-27 11:00:00-04:00,23.63,24.77,-0.0,-1.14
2025-08-27 12:00:00-04:00,23.38,24.74,-0.0,-1.36
2025-08-27 13:00:00-04:00,25.07,26.7,-0.0,-1.63
2025-08-27 14:00:00-04:00,25.87,27.67,-0.0,-1.8
2025-08-27 15:00:00-04:00,27.0,28.94,-0.0,-1.94
2025-08-27 16:00:00-04:00,30.34,32.69,-0.0,-2.35
2025-08-27 17:00:00-04:00,36.04,39.09,-0.0,-3.05
2025-08-27 18:00:00-04:00,37.88,40.82,-0.0,-2.94
2025-08-27 19:00:00-04:00,37.97,40.48,-0.0,-2.51
2025-08-27 20:00:00-04:00,36.25,38.94,-0.0,-2.69
2025-08-27 21:00:00-04:00,31.84,33.59,-0.0,-1.75
2025-08-27 22:00:00-04:00,27.03,28.19,-0.0,-1.16
2025-08-27 23:00:00-04:00,25.03,25.96,-0.0,-0.93
2025-08-28 00:00:00-04:00,24.85,25.97,-0.0,-1.12
2025-08-28 01:00:00-04:00,21.08,22.639999999999997,-0.0,-1.56
2025-08-28 02:00:00-04:00,20.0,21.21,-0.0,-1.21
2025-08-28 03:00:00-04:00,19.03,20.24,-0.0,-1.21
2025-08-28 04:00:00-04:00,19.76,21.090000000000003,-0.0,-1.33
2025-08-28 05:00:00-04:00,20.2,22.25,-0.0,-2.05
2025-08-28 06:00:00-04:00,23.42,26.08,-0.0,-2.66
2025-08-28 07:00:00-04:00,25.82,28.69,-0.0,-2.87
2025-08-28 08:00:00-04:00,23.45,25.91,-0.0,-2.46
2025-08-28 09:00:00-04:00,20.92,22.69,-0.0,-1.77
2025-08-28 10:00:00-04:00,20.8,22.56,-0.0,-1.76
2025-08-28 11:00:00-04:00,21.73,23.44,-0.0,-1.71
2025-08-28 12:00:00-04:00,21.87,23.72,-0.0,-1.85
2025-08-28 13:00:00-04:00,23.38,25.36,-0.0,-1.98
2025-08-28 14:00:00-04:00,25.11,26.89,-0.0,-1.78
2025-08-28 15:00:00-04:00,26.58,28.549999999999997,-0.0,-1.97
2025-08-28 16:00:00-04:00,30.28,32.21,-0.0,-1.93
2025-08-28 17:00:00-04:00,33.04,34.6,-0.0,-1.56
2025-08-28 18:00:00-04:00,34.15,35.65,0.21,-1.71
2025-08-28 19:00:00-04:00,34.05,35.53,0.19,-1.67
2025-08-28 20:00:00-04:00,33.84,35.32,-0.0,-1.48
2025-08-28 21:00:00-04:00,31.34,32.95,-0.0,-1.61
2025-08-28 22:00:00-04:00,28.34,29.43,-0.0,-1.09
2025-08-28 23:00:00-04:00,26.51,27.270000000000003,-0.0,-0.76
2025-08-29 00:00:00-04:00,25.7,26.36,-0.0,-0.66
2025-08-29 01:00:00-04:00,22.83,23.83,-0.0,-1.0
2025-08-29 02:00:00-04:00,20.77,21.91,-0.0,-1.14
2025-08-29 03:00:00-04:00,20.0,20.9,-0.0,-0.9
2025-08-29 04:00:00-04:00,20.77,21.89,-0.0,-1.12
2025-08-29 05:00:00-04:00,23.05,24.34,-0.0,-1.29
2025-08-29 06:00:00-04:00,27.0,29.35,-0.0,-2.35
2025-08-29 07:00:00-04:00,30.0,32.15,-0.0,-2.15
2025-08-29 08:00:00-04:00,30.06,32.43,-0.0,-2.37
2025-08-29 09:00:00-04:00,27.36,29.05,-0.0,-1.69
2025-08-29 10:00:00-04:00,27.65,29.45,-0.0,-1.8
2025-08-29 11:00:00-04:00,27.14,28.93,-0.0,-1.79
2025-08-29 12:00:00-04:00,26.42,28.200000000000003,-0.0,-1.78
2025-08-29 13:00:00-04:00,28.31,30.18,-0.0,-1.87
2025-08-29 14:00:00-04:00,28.45,30.3,-0.0,-1.85
2025-08-29 15:00:00-04:00,28.2,30.32,-0.0,-2.12
2025-08-29 16:00:00-04:00,32.09,34.84,-0.0,-2.75
2025-08-29 17:00:00-04:00,35.37,38.28,-0.0,-2.91
2025-08-29 18:00:00-04:00,37.33,40.309999999999995,-0.0,-2.98
2025-08-29 19:00:00-04:00,37.32,40.13,-0.0,-2.81
2025-08-29 20:00:00-04:00,36.44,38.32,-0.0,-1.88
2025-08-29 21:00:00-04:00,32.48,34.05,-0.0,-1.57
2025-08-29 22:00:00-04:00,27.99,29.07,-0.0,-1.08
2025-08-29 23:00:00-04:00,26.17,26.6,-0.0,-0.43
2025-08-30 00:00:00-04:00,27.6,27.790000000000003,-0.0,-0.19
2025-08-30 01:00:00-04:00,25.59,26.22,-0.0,-0.63
2025-08-30 02:00:00-04:00,22.67,22.880000000000003,-0.0,-0.21
2025-08-30 03:00:00-04:00,20.85,20.91,-0.0,-0.06
2025-08-30 04:00:00-04:00,21.23,21.23,-0.0,0.0
2025-08-30 05:00:00-04:00,22.8,23.19,-0.0,-0.39
2025-08-30 06:00:00-04:00,22.97,23.709999999999997,-0.0,-0.74
2025-08-30 07:00:00-04:00,22.79,23.619999999999997,-0.0,-0.83
2025-08-30 08:00:00-04:00,19.99,20.85,-0.0,-0.86
2025-08-30 09:00:00-04:00,17.4,18.09,-0.0,-0.69
2025-08-30 10:00:00-04:00,16.7,17.32,-0.0,-0.62
2025-08-30 11:00:00-04:00,16.99,17.619999999999997,-0.0,-0.63
2025-08-30 12:00:00-04:00,17.96,18.52,-0.0,-0.56
2025-08-30 13:00:00-04:00,18.85,19.41,-0.0,-0.56
2025-08-30 14:00:00-04:00,19.49,20.09,-0.0,-0.6
2025-08-30 15:00:00-04:00,20.55,21.38,-0.0,-0.83
2025-08-30 16:00:00-04:00,22.88,23.83,-0.0,-0.95
2025-08-30 17:00:00-04:00,28.15,29.79,-0.0,-1.64
2025-08-30 18:00:00-04:00,33.91,35.849999999999994,-0.0,-1.94
2025-08-30 19:00:00-04:00,35.15,37.12,-0.0,-1.97
2025-08-30 20:00:00-04:00,34.82,36.57,-0.0,-1.75
2025-08-30 21:00:00-04:00,30.31,31.38,-0.0,-1.07
2025-08-30 22:00:00-04:00,25.85,26.71,-0.0,-0.86
2025-08-30 23:00:00-04:00,24.33,24.619999999999997,-0.0,-0.29
2025-08-31 00:00:00-04:00,26.34,26.55,-0.0,-0.21
2025-08-31 01:00:00-04:00,24.11,24.23,-0.0,-0.12
2025-08-31 02:00:00-04:00,20.99,21.22,-0.0,-0.23
2025-08-31 03:00:00-04:00,19.82,19.86,-0.0,-0.04
2025-08-31 04:00:00-04:00,19.0,19.25,-0.0,-0.25
2025-08-31 05:00:00-04:00,19.87,19.97,-0.0,-0.1
2025-08-31 06:00:00-04:00,21.38,21.77,-0.0,-0.39
2025-08-31 07:00:00-04:00,19.39,19.99,-0.0,-0.6
2025-08-31 08:00:00-04:00,15.51,16.07,-0.0,-0.56
2025-08-31 09:00:00-04:00,14.9,15.19,-0.0,-0.29
2025-08-31 10:00:00-04:00,15.1,15.58,-0.0,-0.48
2025-08-31 11:00:00-04:00,15.92,16.43,-0.0,-0.51
2025-08-31 12:00:00-04:00,16.49,16.959999999999997,-0.0,-0.47
2025-08-31 13:00:00-04:00,18.7,19.14,-0.0,-0.44
2025-08-31 14:00:00-04:00,19.2,19.85,-0.0,-0.65
2025-08-31 15:00:00-04:00,21.59,22.35,-0.0,-0.76
2025-08-31 16:00:00-04:00,24.2,25.08,-0.0,-0.88
2025-08-31 17:00:00-04:00,31.48,33.35,-0.0,-1.87
2025-08-31 18:00:00-04:00,39.16,41.79,-0.0,-2.63
2025-08-31 19:00:00-04:00,41.43,44.03,-0.0,-2.6
2025-08-31 20:00:00-04:00,37.22,39.18,-0.0,-1.96
2025-08-31 21:00:00-04:00,35.04,36.69,-0.0,-1.65
2025-08-31 22:00:00-04:00,29.9,30.86,-0.0,-0.96
2025-08-31 23:00:00-04:00,26.62,26.89,-0.0,-0.27
2025-09-01 00:00:00-04:00,25.47,26.02,-0.0,-0.55
2025-09-01 01:00:00-04:00,23.62,24.15,-0.0,-0.53
2025-09-01 02:00:00-04:00,21.41,21.87,-0.0,-0.46
2025-09-01 03:00:00-04:00,20.78,21.200000000000003,-0.0,-0.42
2025-09-01 04:00:00-04:00,20.11,20.44,-0.0,-0.33
2025-09-01 05:00:00-04:00,21.83,22.139999999999997,-0.0,-0.31
2025-09-01 06:00:00-04:00,22.89,23.57,-0.0,-0.68
2025-09-01 07:00:00-04:00,22.35,23.26,-0.0,-0.91
2025-09-01 08:00:00-04:00,18.67,19.53,-0.0,-0.86
2025-09-01 09:00:00-04:00,16.73,17.54,-0.0,-0.81
2025-09-01 10:00:00-04:00,17.81,18.61,-0.0,-0.8
2025-09-01 11:00:00-04:00,18.3,19.04,-0.0,-0.74
2025-09-01 12:00:00-04:00,20.0,20.77,-0.0,-0.77
2025-09-01 13:00:00-04:00,21.58,22.569999999999997,-0.0,-0.99
2025-09-01 14:00:00-04:00,22.62,23.66,-0.0,-1.04
2025-09-01 15:00:00-04:00,26.37,27.58,-0.0,-1.21
2025-09-01 16:00:00-04:00,30.52,32.47,-0.0,-1.95
2025-09-01 17:00:00-04:00,39.6,42.81,-0.0,-3.21
2025-09-01 18:00:00-04:00,44.98,48.26,-0.0,-3.28
2025-09-01 19:00:00-04:00,46.63,49.13,-0.0,-2.5
2025-09-01 20:00:00-04:00,41.61,43.99,-0.0,-2.38
2025-09-01 21:00:00-04:00,37.71,39.49,-0.0,-1.78
2025-09-01 22:00:00-04:00,32.59,33.49,-0.0,-0.9
2025-09-01 23:00:00-04:00,28.2,28.46,-0.0,-0.26
2025-09-02 00:00:00-04:00,29.9,30.51,-0.0,-0.61
2025-09-02 01:00:00-04:00,27.39,28.06,-0.0,-0.67
2025-09-02 02:00:00-04:00,25.1,25.82,-0.0,-0.72
2025-09-02 03:00:00-04:00,22.2,22.77,-0.0,-0.57
2025-09-02 04:00:00-04:00,22.72,23.33,-0.0,-0.61
2025-09-02 05:00:00-04:00,26.11,27.0,-0.0,-0.89
2025-09-02 06:00:00-04:00,32.7,34.46,-0.0,-1.76
2025-09-02 07:00:00-04:00,33.45,35.89,-0.0,-2.44
2025-09-02 08:00:00-04:00,30.88,32.64,-0.0,-1.76
2025-09-02 09:00:00-04:00,24.63,25.68,-0.0,-1.05
2025-09-02 10:00:00-04:00,25.98,27.09,-0.0,-1.11
2025-09-02 11:00:00-04:00,26.43,27.5,-0.0,-1.07
2025-09-02 12:00:00-04:00,28.7,29.96,-0.0,-1.26
2025-09-02 13:00:00-04:00,31.0,32.49,-0.0,-1.49
2025-09-02 14:00:00-04:00,32.1,33.61,-0.0,-1.51
2025-09-02 15:00:00-04:00,34.15,36.059999999999995,-0.0,-1.91
2025-09-02 16:00:00-04:00,39.45,41.31,-0.0,-1.86
2025-09-02 17:00:00-04:00,51.2,54.470000000000006,-0.0,-3.27
2025-09-02 18:00:00-04:00,56.31,59.09,-0.0,-2.78
2025-09-02 19:00:00-04:00,54.05,56.89,-0.0,-2.84
2025-09-02 20:00:00-04:00,48.49,50.2,-0.0,-1.71
2025-09-02 21:00:00-04:00,38.2,39.5,-0.0,-1.3
2025-09-02 22:00:00-04:00,33.79,34.199999999999996,-0.0,-0.41
2025-09-02 23:00:00-04:00,30.12,30.45,-0.0,-0.33
2025-09-03 00:00:00-04:00,29.8,29.62,-0.0,0.18
2025-09-03 01:00:00-04:00,25.44,25.52,-0.0,-0.08
2025-09-03 02:00:00-04:00,23.11,23.42,-0.0,-0.31
2025-09-03 03:00:00-04:00,21.04,21.51,-0.0,-0.47
2025-09-03 04:00:00-04:00,21.43,21.91,-0.0,-0.48
2025-09-03 05:00:00-04:00,25.02,25.71,-0.0,-0.69
2025-09-03 06:00:00-04:00,31.2,33.019999999999996,-0.0,-1.82
2025-09-03 07:00:00-04:00,32.48,34.959999999999994,-0.0,-2.48
2025-09-03 08:00:00-04:00,28.71,29.91,-0.0,-1.2
2025-09-03 09:00:00-04:00,24.09,24.86,-0.0,-0.77
2025-09-03 10:00:00-04:00,25.03,25.67,-0.0,-0.64
2025-09-03 11:00:00-04:00,25.95,26.59,-0.0,-0.64
2025-09-03 12:00:00-04:00,28.2,28.89,-0.0,-0.69
2025-09-03 13:00:00-04:00,30.08,31.139999999999997,-0.0,-1.06
2025-09-03 14:00:00-04:00,30.44,31.32,-0.0,-0.88
2025-09-03 15:00:00-04:00,32.57,33.96,-0.0,-1.39
2025-09-03 16:00:00-04:00,36.94,38.68,-0.0,-1.74
2025-09-03 17:00:00-04:00,43.11,45.0,-0.0,-1.89
2025-09-03 18:00:00-04:00,47.2,49.220000000000006,-0.0,-2.02
2025-09-03 19:00:00-04:00,47.09,49.05,-0.0,-1.96
2025-09-03 20:00:00-04:00,41.03,42.79,-0.0,-1.76
2025-09-03 21:00:00-04:00,34.8,35.839999999999996,-0.0,-1.04
2025-09-03 22:00:00-04:00,30.0,30.83,-0.0,-0.83
2025-09-03 23:00:00-04:00,27.73,28.15,-0.0,-0.42
2025-09-04 00:00:00-04:00,25.2,26.75,-0.0,-1.55
2025-09-04 01:00:00-04:00,23.0,24.36,-0.0,-1.36
2025-09-04 02:00:00-04:00,21.17,22.590000000000003,-0.0,-1.42
2025-09-04 03:00:00-04:00,20.04,21.32,-0.0,-1.28
2025-09-04 04:00:00-04:00,20.3,21.55,-0.0,-1.25
2025-09-04 05:00:00-04:00,22.15,23.74,-0.0,-1.59
2025-09-04 06:00:00-04:00,27.09,29.54,-0.0,-2.45
2025-09-04 07:00:00-04:00,28.62,31.52,-0.0,-2.9
2025-09-04 08:00:00-04:00,26.26,28.42,-0.0,-2.16
2025-09-04 09:00:00-04:00,23.68,25.52,-0.0,-1.84
2025-09-04 10:00:00-04:00,24.39,26.17,-0.0,-1.78
2025-09-04 11:00:00-04:00,24.33,26.02,-0.0,-1.69
2025-09-04 12:00:00-04:00,25.0,26.85,-0.0,-1.85
2025-09-04 13:00:00-04:00,27.6,29.71,-0.0,-2.11
2025-09-04 14:00:00-04:00,29.6,31.790000000000003,-0.0,-2.19
2025-09-04 15:00:00-04:00,31.23,34.13,-0.0,-2.9
2025-09-04 16:00:00-04:00,35.11,38.62,-0.0,-3.51
2025-09-04 17:00:00-04:00,39.62,43.489999999999995,-0.0,-3.87
2025-09-04 18:00:00-04:00,44.3,48.68,-0.0,-4.38
2025-09-04 19:00:00-04:00,44.44,48.25,-0.0,-3.81
2025-09-04 20:00:00-04:00,40.33,43.18,-0.0,-2.85
2025-09-04 21:00:00-04:00,34.1,36.43,-0.0,-2.33
2025-09-04 22:00:00-04:00,30.62,32.230000000000004,-0.0,-1.61
2025-09-04 23:00:00-04:00,30.45,31.619999999999997,-0.0,-1.17
2025-09-05 00:00:00-04:00,31.4,32.44,-0.0,-1.04
2025-09-05 01:00:00-04:00,25.0,29.6,-2.97,-1.63
2025-09-05 02:00:00-04:00,21.9,27.92,-4.29,-1.73
2025-09-05 03:00:00-04:00,20.48,26.410000000000004,-4.24,-1.69
2025-09-05 04:00:00-04:00,20.9,26.26,-3.68,-1.68
2025-09-05 05:00:00-04:00,21.66,29.64,-6.05,-1.93
2025-09-05 06:00:00-04:00,26.39,36.27,-6.69,-3.19
2025-09-05 07:00:00-04:00,27.0,40.98,-9.1,-4.88
2025-09-05 08:00:00-04:00,26.5,37.86,-7.01,-4.35
2025-09-05 09:00:00-04:00,25.28,34.79,-5.68,-3.83
2025-09-05 10:00:00-04:00,25.0,34.870000000000005,-6.0,-3.87
2025-09-05 11:00:00-04:00,24.8,34.01,-5.33,-3.88
2025-09-05 12:00:00-04:00,24.81,34.05,-5.33,-3.91
2025-09-05 13:00:00-04:00,25.0,35.92,-6.86,-4.06
2025-09-05 14:00:00-04:00,26.05,38.07,-7.72,-4.3
2025-09-05 15:00:00-04:00,29.19,39.94,-6.48,-4.27
2025-09-05 16:00:00-04:00,31.27,45.919999999999995,-9.69,-4.96
2025-09-05 17:00:00-04:00,35.47,53.55,-11.33,-6.75
2025-09-05 18:00:00-04:00,40.07,59.7,-11.81,-7.82
2025-09-05 19:00:00-04:00,41.0,58.83,-10.71,-7.12
2025-09-05 20:00:00-04:00,40.48,50.12,-4.18,-5.46
2025-09-05 21:00:00-04:00,35.61,42.67,-2.02,-5.04
2025-09-05 22:00:00-04:00,34.74,39.870000000000005,-0.34,-4.79
2025-09-05 23:00:00-04:00,33.91,37.059999999999995,-0.0,-3.15
2025-09-06 00:00:00-04:00,36.0,38.79,-0.0,-2.79
2025-09-06 01:00:00-04:00,30.01,32.65,-0.0,-2.64
2025-09-06 02:00:00-04:00,27.49,29.909999999999997,-0.0,-2.42
2025-09-06 03:00:00-04:00,26.32,28.7,-0.0,-2.38
2025-09-06 04:00:00-04:00,26.05,28.32,-0.0,-2.27
2025-09-06 05:00:00-04:00,26.97,29.19,-0.0,-2.22
2025-09-06 06:00:00-04:00,30.67,34.230000000000004,-0.0,-3.56
2025-09-06 07:00:00-04:00,30.56,34.11,-0.0,-3.55
2025-09-06 08:00:00-04:00,33.62,36.09,1.36,-3.83
2025-09-06 09:00:00-04:00,31.15,36.489999999999995,-1.36,-3.98
2025-09-06 10:00:00-04:00,30.6,34.720000000000006,-0.02,-4.1
2025-09-06 11:00:00-04:00,32.11,36.64,-0.02,-4.51
2025-09-06 12:00:00-04:00,34.18,39.260000000000005,-0.02,-5.06
2025-09-06 13:00:00-04:00,34.03,39.18000000000001,-0.02,-5.13
2025-09-06 14:00:00-04:00,35.02,40.42000000000001,-0.02,-5.38
2025-09-06 15:00:00-04:00,34.92,41.11,-0.64,-5.55
2025-09-06 16:00:00-04:00,35.0,44.54,-3.08,-6.46
2025-09-06 17:00:00-04:00,37.3,47.349999999999994,-3.09,-6.96
2025-09-06 18:00:00-04:00,42.3,48.64,-0.02,-6.32
2025-09-06 19:00:00-04:00,40.93,46.57,-0.0,-5.64
2025-09-06 20:00:00-04:00,40.16,44.81999999999999,-0.0,-4.66
2025-09-06 21:00:00-04:00,36.86,39.690000000000005,1.3,-4.13
2025-09-06 22:00:00-04:00,33.32,38.68,-1.3,-4.06
2025-09-06 23:00:00-04:00,32.68,35.83,-0.0,-3.15
2025-09-07 00:00:00-04:00,33.23,35.24,-0.0,-2.01
2025-09-07 01:00:00-04:00,29.23,31.43,-0.0,-2.2
2025-09-07 02:00:00-04:00,26.75,28.76,-0.0,-2.01
2025-09-07 03:00:00-04:00,25.33,27.03,-0.0,-1.7
2025-09-07 04:00:00-04:00,24.75,26.27,-0.0,-1.52
2025-09-07 05:00:00-04:00,25.37,27.16,-0.0,-1.79
2025-09-07 06:00:00-04:00,26.57,28.73,-0.0,-2.16
2025-09-07 07:00:00-04:00,25.78,27.05,-0.0,-1.27
2025-09-07 08:00:00-04:00,26.01,28.4,-0.0,-2.39
2025-09-07 09:00:00-04:00,26.93,29.02,-0.0,-2.09
2025-09-07 10:00:00-04:00,26.79,29.02,-0.0,-2.23
2025-09-07 11:00:00-04:00,26.25,28.26,-0.0,-2.01
2025-09-07 12:00:00-04:00,24.26,25.43,-0.0,-1.17
2025-09-07 13:00:00-04:00,24.08,25.32,-0.0,-1.24
2025-09-07 14:00:00-04:00,23.75,25.03,-0.0,-1.28
2025-09-07 15:00:00-04:00,25.45,27.34,-0.0,-1.89
2025-09-07 16:00:00-04:00,28.91,31.19,-0.0,-2.28
2025-09-07 17:00:00-04:00,35.58,37.95,0.78,-3.15
2025-09-07 18:00:00-04:00,39.98,43.34,0.5,-3.86
2025-09-07 19:00:00-04:00,40.16,45.64,-1.28,-4.2
2025-09-07 20:00:00-04:00,39.19,41.56,-0.0,-2.37
2025-09-07 21:00:00-04:00,34.31,36.42,-0.0,-2.11
2025-09-07 22:00:00-04:00,31.1,32.36,-0.0,-1.26
2025-09-07 23:00:00-04:00,28.79,29.02,-0.0,-0.23
2025-09-08 00:00:00-04:00,26.63,27.68,-0.0,-1.05
2025-09-08 01:00:00-04:00,24.77,24.87,-0.0,-0.1
2025-09-08 02:00:00-04:00,22.82,22.96,-0.0,-0.14
2025-09-08 03:00:00-04:00,22.16,22.23,-0.0,-0.07
2025-09-08 04:00:00-04:00,23.35,23.47,-0.0,-0.12
2025-09-08 05:00:00-04:00,27.56,27.87,-0.0,-0.31
2025-09-08 06:00:00-04:00,32.57,33.34,-0.0,-0.77
2025-09-08 07:00:00-04:00,35.4,37.22,-0.0,-1.82
2025-09-08 08:00:00-04:00,28.65,30.0,-0.0,-1.35
2025-09-08 09:00:00-04:00,23.87,25.15,-0.0,-1.28
2025-09-08 10:00:00-04:00,22.65,23.79,-0.0,-1.14
2025-09-08 11:00:00-04:00,22.77,23.72,-0.0,-0.95
2025-09-08 12:00:00-04:00,23.15,23.99,-0.0,-0.84
2025-09-08 13:00:00-04:00,23.48,24.23,-0.0,-0.75
2025-09-08 14:00:00-04:00,23.13,24.19,-0.0,-1.06
2025-09-08 15:00:00-04:00,24.61,26.21,-0.0,-1.6
2025-09-08 16:00:00-04:00,29.71,31.67,-0.0,-1.96
2025-09-08 17:00:00-04:00,35.7,38.81,-0.0,-3.11
2025-09-08 18:00:00-04:00,40.09,43.02,-0.0,-2.93
2025-09-08 19:00:00-04:00,44.64,47.95,-0.0,-3.31
2025-09-08 20:00:00-04:00,40.48,42.48,-0.0,-2.0
2025-09-08 21:00:00-04:00,34.99,37.1,-0.0,-2.11
2025-09-08 22:00:00-04:00,30.93,32.32,-0.0,-1.39
2025-09-08 23:00:00-04:00,26.74,27.09,-0.0,-0.35
2025-09-09 00:00:00-04:00,28.85,28.2,-0.0,0.65
2025-09-09 01:00:00-04:00,27.99,27.71,-0.0,0.28
2025-09-09 02:00:00-04:00,26.34,25.87,-0.0,0.47
2025-09-09 03:00:00-04:00,24.4,23.9,-0.0,0.5
2025-09-09 04:00:00-04:00,24.36,23.93,-0.0,0.43
2025-09-09 05:00:00-04:00,27.77,28.11,-0.0,-0.34
2025-09-09 06:00:00-04:00,36.32,38.15,-0.0,-1.83
2025-09-09 07:00:00-04:00,37.02,38.97,-0.0,-1.95
2025-09-09 08:00:00-04:00,30.17,30.6,-0.0,-0.43
2025-09-09 09:00:00-04:00,25.5,25.94,-0.0,-0.44
2025-09-09 10:00:00-04:00,25.31,25.54,-0.0,-0.23
2025-09-09 11:00:00-04:00,25.1,25.18,-0.0,-0.08
2025-09-09 12:00:00-04:00,24.91,24.81,-0.0,0.1
2025-09-09 13:00:00-04:00,25.29,25.21,-0.0,0.08
2025-09-09 14:00:00-04:00,25.73,26.02,-0.0,-0.29
2025-09-09 15:00:00-04:00,27.66,28.2,-0.0,-0.54
2025-09-09 16:00:00-04:00,32.73,33.47,-0.0,-0.74
2025-09-09 17:00:00-04:00,39.51,40.69,-0.0,-1.18
2025-09-09 18:00:00-04:00,44.82,46.35,-0.0,-1.53
2025-09-09 19:00:00-04:00,48.15,49.79,-0.0,-1.64
2025-09-09 20:00:00-04:00,43.08,43.43,-0.0,-0.35
2025-09-09 21:00:00-04:00,37.52,37.78,-0.0,-0.26
2025-09-09 22:00:00-04:00,30.83,31.05,-0.0,-0.22
2025-09-09 23:00:00-04:00,28.49,28.18,-0.0,0.31
2025-09-10 00:00:00-04:00,26.27,26.83,-0.0,-0.56
2025-09-10 01:00:00-04:00,26.44,26.41,-0.0,0.03
2025-09-10 02:00:00-04:00,24.01,23.75,-0.0,0.26
2025-09-10 03:00:00-04:00,23.73,23.61,-0.0,0.12
2025-09-10 04:00:00-04:00,24.02,23.71,-0.0,0.31
2025-09-10 05:00:00-04:00,28.7,28.56,-0.0,0.14
2025-09-10 06:00:00-04:00,33.7,35.3,0.02,-1.62
2025-09-10 07:00:00-04:00,37.63,39.2,-0.0,-1.57
2025-09-10 08:00:00-04:00,33.94,35.17,-0.0,-1.23
2025-09-10 09:00:00-04:00,30.68,31.93,-0.0,-1.25
2025-09-10 10:00:00-04:00,30.53,31.9,-0.0,-1.37
2025-09-10 11:00:00-04:00,30.85,31.84,-0.0,-0.99
2025-09-10 12:00:00-04:00,30.18,31.34,-0.0,-1.16
2025-09-10 13:00:00-04:00,30.96,32.05,-0.0,-1.09
2025-09-10 14:00:00-04:00,30.98,32.1,-0.0,-1.12
2025-09-10 15:00:00-04:00,31.6,32.44,-0.0,-0.84
2025-09-10 16:00:00-04:00,36.45,37.54,-0.0,-1.09
2025-09-10 17:00:00-04:00,41.39,42.23,-0.0,-0.84
2025-09-10 18:00:00-04:00,46.69,47.6,-0.0,-0.91
2025-09-10 19:00:00-04:00,51.74,52.47,-0.0,-0.73
2025-09-10 20:00:00-04:00,45.63,45.63,0.05,-0.05
2025-09-10 21:00:00-04:00,38.93,39.62,-0.05,-0.64
2025-09-10 22:00:00-04:00,34.26,34.4,-0.0,-0.14
2025-09-10 23:00:00-04:00,31.52,31.18,-0.0,0.34
2025-09-11 00:00:00-04:00,26.53,26.64,-0.0,-0.11
2025-09-11 01:00:00-04:00,25.58,25.45,-0.0,0.13
2025-09-11 02:00:00-04:00,24.07,24.14,-0.0,-0.07
2025-09-11 03:00:00-04:00,23.56,23.68,-0.0,-0.12
2025-09-11 04:00:00-04:00,24.56,24.58,-0.0,-0.02
2025-09-11 05:00:00-04:00,28.33,28.11,-0.0,0.22
2025-09-11 06:00:00-04:00,33.37,33.91,-0.0,-0.54
2025-09-11 07:00:00-04:00,36.36,37.8,-0.0,-1.44
2025-09-11 08:00:00-04:00,31.28,32.28,-0.0,-1.0
2025-09-11 09:00:00-04:00,26.78,27.61,-0.0,-0.83
2025-09-11 10:00:00-04:00,26.77,27.48,-0.0,-0.71
2025-09-11 11:00:00-04:00,26.53,26.99,-0.0,-0.46
2025-09-11 12:00:00-04:00,26.72,27.13,-0.0,-0.41
2025-09-11 13:00:00-04:00,30.38,30.66,-0.0,-0.28
2025-09-11 14:00:00-04:00,32.23,32.59,-0.0,-0.36
2025-09-11 15:00:00-04:00,34.54,35.53,-0.0,-0.99
2025-09-11 16:00:00-04:00,39.37,41.05,-0.0,-1.68
2025-09-11 17:00:00-04:00,44.61,46.86,-0.0,-2.25
2025-09-11 18:00:00-04:00,48.41,50.43,-0.0,-2.02
2025-09-11 19:00:00-04:00,51.94,53.49,-0.0,-1.55
2025-09-11 20:00:00-04:00,43.67,44.29,-0.0,-0.62
2025-09-11 21:00:00-04:00,37.84,38.3,-0.0,-0.46
2025-09-11 22:00:00-04:00,33.67,33.8,-0.0,-0.13
2025-09-11 23:00:00-04:00,31.92,31.26,-0.0,0.66
2025-09-12 00:00:00-04:00,27.46,27.76,-0.0,-0.3
2025-09-12 01:00:00-04:00,25.76,25.86,-0.0,-0.1
2025-09-12 02:00:00-04:00,23.88,24.07,-0.0,-0.19
2025-09-12 03:00:00-04:00,22.73,22.82,-0.0,-0.09
2025-09-12 04:00:00-04:00,22.38,22.45,-0.0,-0.07
2025-09-12 05:00:00-04:00,27.34,27.18,-0.0,0.16
2025-09-12 06:00:00-04:00,33.05,33.65,-0.0,-0.6
2025-09-12 07:00:00-04:00,33.4,34.54,-0.0,-1.14
2025-09-12 08:00:00-04:00,28.53,29.59,-0.0,-1.06
2025-09-12 09:00:00-04:00,23.86,24.78,-0.0,-0.92
2025-09-12 10:00:00-04:00,24.08,24.93,-0.0,-0.85
2025-09-12 11:00:00-04:00,24.09,24.81,-0.0,-0.72
2025-09-12 12:00:00-04:00,24.48,25.11,-0.0,-0.63
2025-09-12 13:00:00-04:00,26.65,27.36,-0.0,-0.71
2025-09-12 14:00:00-04:00,28.45,29.33,-0.0,-0.88
2025-09-12 15:00:00-04:00,30.15,32.25,-0.75,-1.35
2025-09-12 16:00:00-04:00,35.7,37.11,-0.0,-1.41
2025-09-12 17:00:00-04:00,43.81,45.87,-0.0,-2.06
2025-09-12 18:00:00-04:00,44.58,46.68,-0.0,-2.1
2025-09-12 19:00:00-04:00,43.66,45.53,-0.0,-1.87
2025-09-12 20:00:00-04:00,39.7,40.97,-0.0,-1.27
2025-09-12 21:00:00-04:00,33.39,34.57,-0.0,-1.18
2025-09-12 22:00:00-04:00,30.11,30.76,-0.0,-0.65
2025-09-12 23:00:00-04:00,29.39,29.3,-0.0,0.09
2025-09-13 00:00:00-04:00,28.29,28.29,-0.0,0.0
2025-09-13 01:00:00-04:00,25.76,25.43,-0.0,0.33
2025-09-13 02:00:00-04:00,24.71,24.42,-0.0,0.29
2025-09-13 03:00:00-04:00,23.16,23.16,-0.0,0.0
2025-09-13 04:00:00-04:00,22.96,23.15,-0.0,-0.19
2025-09-13 05:00:00-04:00,24.26,24.28,-0.0,-0.02
2025-09-13 06:00:00-04:00,26.6,26.92,-0.0,-0.32
2025-09-13 07:00:00-04:00,25.73,26.39,-0.0,-0.66
2025-09-13 08:00:00-04:00,23.01,23.92,-0.0,-0.91
2025-09-13 09:00:00-04:00,21.8,22.47,-0.0,-0.67
2025-09-13 10:00:00-04:00,22.73,23.12,-0.0,-0.39
2025-09-13 11:00:00-04:00,24.42,24.82,-0.0,-0.4
2025-09-13 12:00:00-04:00,25.16,25.65,-0.0,-0.49
2025-09-13 13:00:00-04:00,26.77,27.15,-0.0,-0.38
2025-09-13 14:00:00-04:00,28.3,28.82,-0.0,-0.52
2025-09-13 15:00:00-04:00,30.06,30.93,-0.0,-0.87
2025-09-13 16:00:00-04:00,34.98,36.17,-0.0,-1.19
2025-09-13 17:00:00-04:00,40.37,41.79,-0.0,-1.42
2025-09-13 18:00:00-04:00,45.95,47.47,-0.0,-1.52
2025-09-13 19:00:00-04:00,43.11,44.4,-0.0,-1.29
2025-09-13 20:00:00-04:00,39.16,40.33,-0.0,-1.17
2025-09-13 21:00:00-04:00,34.37,35.14,-0.0,-0.77
2025-09-13 22:00:00-04:00,31.52,32.03,-0.0,-0.51
2025-09-13 23:00:00-04:00,29.1,29.04,-0.0,0.06
2025-09-14 00:00:00-04:00,28.89,29.01,-0.0,-0.12
2025-09-14 01:00:00-04:00,27.53,27.61,-0.0,-0.08
2025-09-14 02:00:00-04:00,25.72,25.69,-0.0,0.03
2025-09-14 03:00:00-04:00,24.86,25.16,-0.0,-0.3
2025-09-14 04:00:00-04:00,24.25,24.49,-0.0,-0.24
2025-09-14 05:00:00-04:00,25.0,25.13,-0.0,-0.13
2025-09-14 06:00:00-04:00,26.87,27.12,-0.03,-0.22
2025-09-14 07:00:00-04:00,25.7,25.9,0.03,-0.23
2025-09-14 08:00:00-04:00,23.52,24.37,-0.0,-0.85
2025-09-14 09:00:00-04:00,21.83,22.76,-0.0,-0.93
2025-09-14 10:00:00-04:00,23.82,24.56,-0.0,-0.74
2025-09-14 11:00:00-04:00,25.39,26.15,-0.0,-0.76
2025-09-14 12:00:00-04:00,27.04,27.62,-0.0,-0.58
2025-09-14 13:00:00-04:00,29.08,29.76,-0.0,-0.68
2025-09-14 14:00:00-04:00,28.34,29.16,-0.0,-0.82
2025-09-14 15:00:00-04:00,30.3,31.69,-0.0,-1.39
2025-09-14 16:00:00-04:00,37.23,39.44,-0.0,-2.21
2025-09-14 17:00:00-04:00,45.14,48.07,-0.0,-2.93
2025-09-14 18:00:00-04:00,51.77,54.84,-0.0,-3.07
2025-09-14 19:00:00-04:00,50.36,53.86,-0.0,-3.5
2025-09-14 20:00:00-04:00,42.56,44.75,-0.0,-2.19
2025-09-14 21:00:00-04:00,37.69,40.05,-0.0,-2.36
2025-09-14 22:00:00-04:00,33.92,35.04,-0.0,-1.12
2025-09-14 23:00:00-04:00,30.47,30.56,-0.0,-0.09
2025-09-15 00:00:00-04:00,29.95,30.94,-0.0,-0.99
2025-09-15 01:00:00-04:00,28.8,28.92,-0.0,-0.12
2025-09-15 02:00:00-04:00,27.27,27.63,-0.0,-0.36
2025-09-15 03:00:00-04:00,26.55,27.01,-0.0,-0.46
2025-09-15 04:00:00-04:00,27.12,27.65,-0.0,-0.53
2025-09-15 05:00:00-04:00,27.9,28.13,-0.0,-0.23
2025-09-15 06:00:00-04:00,34.87,36.36,-0.0,-1.49
2025-09-15 07:00:00-04:00,41.2,40.82,2.46,-2.08
2025-09-15 08:00:00-04:00,38.72,38.42,2.41,-2.11
2025-09-15 09:00:00-04:00,34.5,33.79,2.23,-1.52
2025-09-15 10:00:00-04:00,33.19,33.53,1.17,-1.51
2025-09-15 11:00:00-04:00,35.13,35.25,1.89,-2.01
2025-09-15 12:00:00-04:00,36.3,35.92,2.36,-1.98
2025-09-15 13:00:00-04:00,40.34,38.57,3.54,-1.77
2025-09-15 14:00:00-04:00,41.6,41.01,2.6,-2.01
2025-09-15 15:00:00-04:00,44.36,44.53,2.63,-2.8
2025-09-15 16:00:00-04:00,51.82,51.38,3.16,-2.72
2025-09-15 17:00:00-04:00,63.63,63.1,4.06,-3.53
2025-09-15 18:00:00-04:00,69.08,66.27,5.79,-2.98
2025-09-15 19:00:00-04:00,63.02,59.38,6.25,-2.61
2025-09-15 20:00:00-04:00,53.76,50.59,5.34,-2.17
2025-09-15 21:00:00-04:00,43.47,42.93,2.6,-2.06
2025-09-15 22:00:00-04:00,37.7,37.05,2.28,-1.63
2025-09-15 23:00:00-04:00,36.34,33.55,3.53,-0.74
2025-09-16 00:00:00-04:00,31.05,29.04,3.05,-1.04
2025-09-16 01:00:00-04:00,30.44,28.18,2.96,-0.7
2025-09-16 02:00:00-04:00,27.9,25.65,2.71,-0.46
2025-09-16 03:00:00-04:00,26.26,24.17,2.55,-0.46
2025-09-16 04:00:00-04:00,26.42,24.32,2.56,-0.46
2025-09-16 05:00:00-04:00,30.66,28.56,2.79,-0.69
2025-09-16 06:00:00-04:00,39.64,37.62,3.67,-1.65
2025-09-16 07:00:00-04:00,40.33,38.69,3.77,-2.13
2025-09-16 08:00:00-04:00,36.57,35.64,3.07,-2.14
2025-09-16 09:00:00-04:00,32.25,32.45,1.26,-1.46
2025-09-16 10:00:00-04:00,32.6,33.33,0.4,-1.13
2025-09-16 11:00:00-04:00,32.84,33.38,0.6,-1.14
2025-09-16 12:00:00-04:00,34.89,34.16,1.79,-1.06
2025-09-16 13:00:00-04:00,37.22,34.9,3.4,-1.08
2025-09-16 14:00:00-04:00,38.25,35.81,3.48,-1.04
2025-09-16 15:00:00-04:00,38.35,36.54,3.53,-1.72
2025-09-16 16:00:00-04:00,42.95,40.99,3.97,-2.01
2025-09-16 17:00:00-04:00,52.16,49.3,4.78,-1.92
2025-09-16 18:00:00-04:00,59.29,55.45,5.39,-1.55
2025-09-16 19:00:00-04:00,59.83,56.21,5.47,-1.85
2025-09-16 20:00:00-04:00,45.91,43.38,4.22,-1.69
2025-09-16 21:00:00-04:00,40.72,38.44,3.74,-1.46
2025-09-16 22:00:00-04:00,35.88,33.82,3.28,-1.22
2025-09-16 23:00:00-04:00,34.7,31.65,3.08,-0.03
2025-09-17 00:00:00-04:00,33.6,33.63,-0.0,-0.03
2025-09-17 01:00:00-04:00,29.89,29.8,-0.0,0.09
2025-09-17 02:00:00-04:00,29.56,29.74,-0.0,-0.18
2025-09-17 03:00:00-04:00,28.2,28.43,-0.0,-0.23
2025-09-17 04:00:00-04:00,28.68,29.12,-0.0,-0.44
2025-09-17 05:00:00-04:00,31.08,31.3,-0.0,-0.22
2025-09-17 06:00:00-04:00,39.58,40.16,0.74,-1.32
2025-09-17 07:00:00-04:00,42.82,44.07,0.91,-2.16
2025-09-17 08:00:00-04:00,39.9,41.27,0.9,-2.27
2025-09-17 09:00:00-04:00,37.15,37.78,1.18,-1.81
2025-09-17 10:00:00-04:00,37.04,36.77,1.15,-0.88
2025-09-17 11:00:00-04:00,36.67,36.82,1.1,-1.25
2025-09-17 12:00:00-04:00,38.5,38.61,1.05,-1.16
2025-09-17 13:00:00-04:00,40.54,39.79,0.87,-0.12
2025-09-17 14:00:00-04:00,41.72,41.09,0.88,-0.25
2025-09-17 15:00:00-04:00,44.58,44.32,1.06,-0.8
2025-09-17 16:00:00-04:00,49.11,48.05,1.83,-0.77
2025-09-17 17:00:00-04:00,55.78,53.7,2.03,0.05
2025-09-17 18:00:00-04:00,63.97,60.48,2.71,0.78
2025-09-17 19:00:00-04:00,61.09,58.36,2.55,0.18
2025-09-17 20:00:00-04:00,50.77,49.17,1.7,-0.1
2025-09-17 21:00:00-04:00,44.95,43.45,1.72,-0.22
2025-09-17 22:00:00-04:00,38.21,38.31,0.74,-0.84
2025-09-17 23:00:00-04:00,36.58,34.75,1.34,0.49
2025-09-18 00:00:00-04:00,33.69,32.64,0.56,0.49
2025-09-18 01:00:00-04:00,31.9,30.84,0.44,0.62
2025-09-18 02:00:00-04:00,30.14,29.08,0.31,0.75
2025-09-18 03:00:00-04:00,28.4,27.76,0.22,0.42
2025-09-18 04:00:00-04:00,29.61,28.98,0.31,0.32
2025-09-18 05:00:00-04:00,32.27,31.32,0.48,0.47
2025-09-18 06:00:00-04:00,39.08,39.41,0.93,-1.26
2025-09-18 07:00:00-04:00,42.6,44.58,0.29,-2.27
2025-09-18 08:00:00-04:00,40.73,42.85,0.11,-2.23
2025-09-18 09:00:00-04:00,38.3,40.06,-0.0,-1.76
2025-09-18 10:00:00-04:00,36.97,38.01,0.1,-1.14
2025-09-18 11:00:00-04:00,36.45,37.43,0.07,-1.05
2025-09-18 12:00:00-04:00,40.36,40.36,0.16,-0.16
2025-09-18 13:00:00-04:00,42.24,42.03,0.34,-0.13
2025-09-18 14:00:00-04:00,43.42,43.83,0.03,-0.44
2025-09-18 15:00:00-04:00,44.66,45.75,0.1,-1.19
2025-09-18 16:00:00-04:00,46.93,48.29,0.43,-1.79
2025-09-18 17:00:00-04:00,65.07,69.86,-0.11,-4.68
2025-09-18 18:00:00-04:00,67.3,69.62,2.2,-4.52
2025-09-18 19:00:00-04:00,69.69,70.79,3.29,-4.39
2025-09-18 20:00:00-04:00,55.77,57.5,1.95,-3.68
2025-09-18 21:00:00-04:00,46.84,47.97,1.27,-2.4
2025-09-18 22:00:00-04:00,42.74,43.37,1.41,-2.04
2025-09-18 23:00:00-04:00,39.51,40.42,-0.38,-0.53
2025-09-19 00:00:00-04:00,33.08,34.42,-0.0,-1.34
2025-09-19 01:00:00-04:00,31.53,32.5,-0.0,-0.97
2025-09-19 02:00:00-04:00,29.8,30.54,0.33,-1.07
2025-09-19 03:00:00-04:00,28.81,29.18,0.24,-0.61
2025-09-19 04:00:00-04:00,28.33,28.98,0.22,-0.87
2025-09-19 05:00:00-04:00,30.78,32.26,-0.0,-1.48
2025-09-19 06:00:00-04:00,35.82,38.35,-0.0,-2.53
2025-09-19 07:00:00-04:00,39.86,43.58,-0.23,-3.49
2025-09-19 08:00:00-04:00,37.25,40.32,-0.0,-3.07
2025-09-19 09:00:00-04:00,34.69,37.95,-0.0,-3.26
2025-09-19 10:00:00-04:00,33.55,36.51,-0.0,-2.96
2025-09-19 11:00:00-04:00,34.52,37.16,-0.0,-2.64
2025-09-19 12:00:00-04:00,35.41,38.56,-0.45,-2.7
2025-09-19 13:00:00-04:00,36.98,39.42,-0.0,-2.44
2025-09-19 14:00:00-04:00,38.55,41.47,-0.31,-2.61
2025-09-19 15:00:00-04:00,39.6,43.12,-0.46,-3.06
2025-09-19 16:00:00-04:00,44.1,48.73,-0.78,-3.85
2025-09-19 17:00:00-04:00,56.4,63.47,-1.55,-5.52
2025-09-19 18:00:00-04:00,56.83,61.23,-0.05,-4.35
2025-09-19 19:00:00-04:00,52.65,56.13,-0.0,-3.48
2025-09-19 20:00:00-04:00,45.2,47.58,-0.0,-2.38
2025-09-19 21:00:00-04:00,42.9,42.91,2.39,-2.4
2025-09-19 22:00:00-04:00,35.78,39.72,-2.07,-1.87
2025-09-19 23:00:00-04:00,34.57,35.68,-0.32,-0.79
2025-09-20 00:00:00-04:00,33.02,33.73,-0.0,-0.71
2025-09-20 01:00:00-04:00,28.54,29.54,-0.0,-1.0
2025-09-20 02:00:00-04:00,26.12,27.29,-0.0,-1.17
2025-09-20 03:00:00-04:00,27.1,28.47,-0.0,-1.37
2025-09-20 04:00:00-04:00,25.04,27.89,-1.48,-1.37
2025-09-20 05:00:00-04:00,25.0,29.02,-3.0,-1.02
2025-09-20 06:00:00-04:00,26.0,31.69,-4.01,-1.68
2025-09-20 07:00:00-04:00,28.24,27.29,2.94,-1.99
2025-09-20 08:00:00-04:00,25.7,27.37,-0.19,-1.48
2025-09-20 09:00:00-04:00,21.79,22.75,-0.23,-0.73
2025-09-20 10:00:00-04:00,20.78,21.85,-0.39,-0.68
2025-09-20 11:00:00-04:00,21.73,22.56,-0.13,-0.7
2025-09-20 12:00:00-04:00,21.82,22.53,-0.03,-0.68
2025-09-20 13:00:00-04:00,22.61,23.7,-0.52,-0.57
2025-09-20 14:00:00-04:00,22.75,24.13,-0.61,-0.77
2025-09-20 15:00:00-04:00,26.7,27.78,-0.0,-1.08
2025-09-20 16:00:00-04:00,29.55,32.26,-0.0,-2.71
2025-09-20 17:00:00-04:00,37.26,40.41,-0.0,-3.15
2025-09-20 18:00:00-04:00,42.74,45.81,-0.0,-3.07
2025-09-20 19:00:00-04:00,42.23,45.51,-0.0,-3.28
2025-09-20 20:00:00-04:00,36.92,39.96,-0.0,-3.04
2025-09-20 21:00:00-04:00,31.02,33.65,-0.21,-2.42
2025-09-20 22:00:00-04:00,30.03,31.71,-0.0,-1.68
2025-09-20 23:00:00-04:00,26.75,27.81,-0.0,-1.06
2025-09-21 00:00:00-04:00,27.35,28.64,-0.0,-1.29
2025-09-21 01:00:00-04:00,25.34,26.29,-0.0,-0.95
2025-09-21 02:00:00-04:00,23.12,23.96,-0.0,-0.84
2025-09-21 03:00:00-04:00,21.81,22.74,-0.0,-0.93
2025-09-21 04:00:00-04:00,21.63,22.44,-0.0,-0.81
2025-09-21 05:00:00-04:00,21.82,22.92,-0.0,-1.1
2025-09-21 06:00:00-04:00,24.99,25.84,-0.0,-0.85
2025-09-21 07:00:00-04:00,24.54,25.33,-0.0,-0.79
2025-09-21 08:00:00-04:00,23.16,23.95,-0.0,-0.79
2025-09-21 09:00:00-04:00,19.42,19.96,-0.0,-0.54
2025-09-21 10:00:00-04:00,18.81,19.31,-0.0,-0.5
2025-09-21 11:00:00-04:00,19.64,19.84,-0.0,-0.2
2025-09-21 12:00:00-04:00,20.1,20.37,-0.0,-0.27
2025-09-21 13:00:00-04:00,21.95,22.09,0.01,-0.15
2025-09-21 14:00:00-04:00,21.5,22.12,-0.0,-0.62
2025-09-21 15:00:00-04:00,22.22,26.04,-2.91,-0.91
2025-09-21 16:00:00-04:00,29.45,30.76,0.07,-1.38
2025-09-21 17:00:00-04:00,35.85,41.51,-3.34,-2.32
2025-09-21 18:00:00-04:00,37.6,48.87,-8.39,-2.88
2025-09-21 19:00:00-04:00,37.08,44.82,-4.92,-2.82
2025-09-21 20:00:00-04:00,30.79,42.23,-9.41,-2.03
2025-09-21 21:00:00-04:00,26.87,33.67,-5.29,-1.51
2025-09-21 22:00:00-04:00,27.91,28.92,0.06,-1.07
2025-09-21 23:00:00-04:00,25.86,26.01,0.16,-0.31
2025-09-22 00:00:00-04:00,26.48,27.33,-0.0,-0.85
2025-09-22 01:00:00-04:00,25.26,25.72,-0.0,-0.46
2025-09-22 02:00:00-04:00,23.62,23.93,-0.0,-0.31
2025-09-22 03:00:00-04:00,22.49,22.95,-0.0,-0.46
2025-09-22 04:00:00-04:00,23.19,23.61,-0.0,-0.42
2025-09-22 05:00:00-04:00,26.39,24.87,2.22,-0.7
2025-09-22 06:00:00-04:00,31.3,32.04,0.35,-1.09
2025-09-22 07:00:00-04:00,31.51,35.32,-2.22,-1.59
2025-09-22 08:00:00-04:00,29.84,30.86,-0.0,-1.02
2025-09-22 09:00:00-04:00,25.58,26.32,-0.0,-0.74
2025-09-22 10:00:00-04:00,25.11,25.75,-0.0,-0.64
2025-09-22 11:00:00-04:00,25.72,26.17,-0.0,-0.45
2025-09-22 12:00:00-04:00,27.3,27.63,-0.0,-0.33
2025-09-22 13:00:00-04:00,31.44,32.28,-0.0,-0.84
2025-09-22 14:00:00-04:00,33.76,34.66,-0.0,-0.9
2025-09-22 15:00:00-04:00,35.29,36.24,0.24,-1.19
2025-09-22 16:00:00-04:00,43.17,44.61,0.03,-1.47
2025-09-22 17:00:00-04:00,58.21,58.87,1.52,-2.18
2025-09-22 18:00:00-04:00,60.37,60.6,2.5,-2.73
2025-09-22 19:00:00-04:00,57.9,57.39,2.4,-1.89
2025-09-22 20:00:00-04:00,48.82,49.09,1.84,-2.11
2025-09-22 21:00:00-04:00,38.4,38.83,0.73,-1.16
2025-09-22 22:00:00-04:00,35.73,35.17,0.91,-0.35
2025-09-22 23:00:00-04:00,31.91,31.14,0.71,0.06
2025-09-23 00:00:00-04:00,35.1,34.2,0.87,0.03
2025-09-23 01:00:00-04:00,31.2,30.55,0.62,0.03
2025-09-23 02:00:00-04:00,30.9,30.46,0.32,0.12
2025-09-23 03:00:00-04:00,29.95,29.48,0.32,0.15
2025-09-23 04:00:00-04:00,30.25,30.02,0.29,-0.06
2025-09-23 05:00:00-04:00,34.45,33.93,0.86,-0.34
2025-09-23 06:00:00-04:00,43.74,44.78,0.53,-1.57
2025-09-23 07:00:00-04:00,48.2,49.4,0.63,-1.83
2025-09-23 08:00:00-04:00,46.38,45.63,1.62,-0.87
2025-09-23 09:00:00-04:00,39.98,39.05,1.16,-0.23
2025-09-23 10:00:00-04:00,40.54,39.24,1.26,0.04
2025-09-23 11:00:00-04:00,40.03,39.21,1.25,-0.43
2025-09-23 12:00:00-04:00,45.52,42.89,3.1,-0.47
2025-09-23 13:00:00-04:00,50.59,47.44,3.43,-0.28
2025-09-23 14:00:00-04:00,55.08,52.1,3.76,-0.78
2025-09-23 15:00:00-04:00,60.32,58.12,4.18,-1.98
2025-09-23 16:00:00-04:00,67.5,70.47,0.62,-3.59
2025-09-23 17:00:00-04:00,76.5,82.58,-0.79,-5.29
2025-09-23 18:00:00-04:00,71.98,69.27,4.99,-2.28
2025-09-23 19:00:00-04:00,69.69,66.17,4.78,-1.26
2025-09-23 20:00:00-04:00,54.93,56.98,0.85,-2.9
2025-09-23 21:00:00-04:00,49.45,47.65,3.42,-1.62
2025-09-23 22:00:00-04:00,43.63,42.6,1.54,-0.51
2025-09-23 23:00:00-04:00,38.41,38.79,0.08,-0.46
2025-09-24 00:00:00-04:00,41.78,40.23,1.23,0.32
2025-09-24 01:00:00-04:00,36.6,35.57,0.92,0.11
2025-09-24 02:00:00-04:00,34.45,33.29,0.76,0.4
2025-09-24 03:00:00-04:00,32.82,31.61,0.64,0.57
2025-09-24 04:00:00-04:00,32.75,31.75,0.65,0.35
2025-09-24 05:00:00-04:00,35.3,33.52,1.25,0.53
2025-09-24 06:00:00-04:00,45.65,44.23,1.6,-0.18
2025-09-24 07:00:00-04:00,50.0,49.21,1.83,-1.04
2025-09-24 08:00:00-04:00,50.23,49.58,1.84,-1.19
2025-09-24 09:00:00-04:00,50.01,48.93,1.57,-0.49
2025-09-24 10:00:00-04:00,50.0,49.0,1.54,-0.54
2025-09-24 11:00:00-04:00,50.17,49.22,1.64,-0.69
2025-09-24 12:00:00-04:00,53.79,52.07,1.88,-0.16
2025-09-24 13:00:00-04:00,53.87,52.24,1.84,-0.21
2025-09-24 14:00:00-04:00,57.3,56.23,1.74,-0.67
2025-09-24 15:00:00-04:00,64.01,64.81,0.89,-1.69
2025-09-24 16:00:00-04:00,70.12,69.82,1.98,-1.68
2025-09-24 17:00:00-04:00,78.11,79.06,1.42,-2.37
2025-09-24 18:00:00-04:00,74.6,69.82,5.27,-0.49
2025-09-24 19:00:00-04:00,69.2,65.97,3.49,-0.26
2025-09-24 20:00:00-04:00,54.63,52.85,2.2,-0.42
2025-09-24 21:00:00-04:00,47.9,46.12,1.73,0.05
2025-09-24 22:00:00-04:00,42.69,41.63,1.31,-0.25
2025-09-24 23:00:00-04:00,39.74,37.99,1.18,0.57
2025-09-25 00:00:00-04:00,37.86,35.97,1.03,0.86
2025-09-25 01:00:00-04:00,34.25,32.3,0.79,1.16
2025-09-25 02:00:00-04:00,32.37,31.04,0.62,0.71
2025-09-25 03:00:00-04:00,31.03,29.58,0.59,0.86
2025-09-25 04:00:00-04:00,31.54,30.21,0.63,0.7
2025-09-25 05:00:00-04:00,33.68,31.78,1.1,0.8
2025-09-25 06:00:00-04:00,42.0,40.37,1.27,0.36
2025-09-25 07:00:00-04:00,47.17,44.29,2.53,0.35
2025-09-25 08:00:00-04:00,48.2,45.5,2.24,0.46
2025-09-25 09:00:00-04:00,46.48,45.24,1.83,-0.59
2025-09-25 10:00:00-04:00,49.42,46.94,2.39,0.09
2025-09-25 11:00:00-04:00,50.76,48.34,2.32,0.1
2025-09-25 12:00:00-04:00,51.22,48.7,2.37,0.15
2025-09-25 13:00:00-04:00,55.02,52.88,1.98,0.16
2025-09-25 14:00:00-04:00,55.08,52.99,2.2,-0.11
2025-09-25 15:00:00-04:00,56.54,55.43,2.22,-1.11
2025-09-25 16:00:00-04:00,58.79,58.14,2.51,-1.86
2025-09-25 17:00:00-04:00,64.68,64.49,2.9,-2.71
2025-09-25 18:00:00-04:00,59.11,58.4,2.52,-1.81
2025-09-25 19:00:00-04:00,59.43,57.84,2.57,-0.98
2025-09-25 20:00:00-04:00,49.92,48.92,1.93,-0.93
2025-09-25 21:00:00-04:00,45.08,44.01,1.82,-0.75
2025-09-25 22:00:00-04:00,40.0,39.82,0.82,-0.64
2025-09-25 23:00:00-04:00,36.83,35.65,0.93,0.25
2025-09-26 00:00:00-04:00,43.45,42.14,1.18,0.13
2025-09-26 01:00:00-04:00,37.86,36.85,0.82,0.19
2025-09-26 02:00:00-04:00,34.52,33.5,0.59,0.43
2025-09-26 03:00:00-04:00,32.81,31.83,0.47,0.51
2025-09-26 04:00:00-04:00,34.38,33.13,0.65,0.6
2025-09-26 05:00:00-04:00,36.6,35.31,0.8,0.49
2025-09-26 06:00:00-04:00,46.11,44.12,1.99,0.0
2025-09-26 07:00:00-04:00,50.06,47.86,2.3,-0.1
2025-09-26 08:00:00-04:00,50.13,48.99,1.68,-0.54
2025-09-26 09:00:00-04:00,47.14,45.94,1.47,-0.27
2025-09-26 10:00:00-04:00,44.68,43.41,1.31,-0.04
2025-09-26 11:00:00-04:00,43.98,42.58,1.27,0.13
2025-09-26 12:00:00-04:00,43.14,41.71,1.26,0.17
2025-09-26 13:00:00-04:00,45.78,44.21,1.39,0.18
2025-09-26 14:00:00-04:00,47.15,45.38,1.45,0.32
2025-09-26 15:00:00-04:00,48.0,46.97,1.55,-0.52
2025-09-26 16:00:00-04:00,53.81,53.51,2.06,-1.76
2025-09-26 17:00:00-04:00,63.94,64.66,2.25,-2.97
2025-09-26 18:00:00-04:00,65.23,65.29,2.94,-3.0
2025-09-26 19:00:00-04:00,57.61,57.63,2.4,-2.42
2025-09-26 20:00:00-04:00,48.74,48.64,1.75,-1.65
2025-09-26 21:00:00-04:00,45.5,45.39,1.52,-1.41
2025-09-26 22:00:00-04:00,46.81,44.33,3.1,-0.62
2025-09-26 23:00:00-04:00,41.64,41.55,-0.41,0.5
2025-09-27 00:00:00-04:00,40.28,38.84,0.94,0.5
2025-09-27 01:00:00-04:00,35.5,34.25,0.63,0.62
2025-09-27 02:00:00-04:00,34.2,33.02,0.55,0.63
2025-09-27 03:00:00-04:00,30.1,29.15,0.31,0.64
2025-09-27 04:00:00-04:00,31.39,30.51,0.42,0.46
2025-09-27 05:00:00-04:00,33.36,32.42,0.45,0.49
2025-09-27 06:00:00-04:00,35.03,33.94,0.65,0.44
2025-09-27 07:00:00-04:00,37.53,37.12,0.82,-0.41
2025-09-27 08:00:00-04:00,37.94,37.4,0.84,-0.3
2025-09-27 09:00:00-04:00,35.86,35.91,0.38,-0.43
2025-09-27 10:00:00-04:00,36.2,35.37,0.72,0.11
2025-09-27 11:00:00-04:00,36.97,36.29,0.79,-0.11
2025-09-27 12:00:00-04:00,38.94,37.85,0.52,0.57
2025-09-27 13:00:00-04:00,40.28,38.61,0.94,0.73
2025-09-27 14:00:00-04:00,40.0,39.6,0.64,-0.24
2025-09-27 15:00:00-04:00,43.0,42.2,1.18,-0.38
2025-09-27 16:00:00-04:00,48.8,47.57,1.56,-0.33
2025-09-27 17:00:00-04:00,58.04,57.06,2.29,-1.31
2025-09-27 18:00:00-04:00,58.49,57.07,2.73,-1.31
2025-09-27 19:00:00-04:00,55.71,54.21,2.53,-1.03
2025-09-27 20:00:00-04:00,49.88,48.67,1.99,-0.78
2025-09-27 21:00:00-04:00,46.7,44.6,2.46,-0.36
2025-09-27 22:00:00-04:00,40.03,40.61,-0.54,-0.04
2025-09-27 23:00:00-04:00,38.49,37.37,0.26,0.86
2025-09-28 00:00:00-04:00,33.52,34.03,-0.0,-0.51
2025-09-28 01:00:00-04:00,30.32,30.14,0.33,-0.15
2025-09-28 02:00:00-04:00,26.93,26.81,0.09,0.03
2025-09-28 03:00:00-04:00,26.17,26.48,0.01,-0.32
2025-09-28 04:00:00-04:00,26.2,26.13,0.04,0.03
2025-09-28 05:00:00-04:00,27.36,27.19,0.12,0.05
2025-09-28 06:00:00-04:00,29.9,29.18,0.34,0.38
2025-09-28 07:00:00-04:00,29.93,29.1,0.34,0.49
2025-09-28 08:00:00-04:00,28.85,28.31,0.2,0.34
2025-09-28 09:00:00-04:00,29.98,29.36,0.21,0.41
2025-09-28 10:00:00-04:00,29.98,29.51,-0.0,0.47
2025-09-28 11:00:00-04:00,31.73,31.31,0.11,0.31
2025-09-28 12:00:00-04:00,34.72,33.47,0.68,0.57
2025-09-28 13:00:00-04:00,36.66,35.38,0.82,0.46
2025-09-28 14:00:00-04:00,38.76,37.12,0.94,0.7
2025-09-28 15:00:00-04:00,43.42,42.12,1.26,0.04
2025-09-28 16:00:00-04:00,48.44,47.08,1.69,-0.33
2025-09-28 17:00:00-04:00,60.56,59.98,2.56,-1.98
2025-09-28 18:00:00-04:00,65.63,65.11,2.93,-2.41
2025-09-28 19:00:00-04:00,65.47,65.03,3.04,-2.6
2025-09-28 20:00:00-04:00,52.1,51.54,2.0,-1.44
2025-09-28 21:00:00-04:00,47.67,46.72,1.65,-0.7
2025-09-28 22:00:00-04:00,40.46,39.94,1.2,-0.68
2025-09-28 23:00:00-04:00,37.48,35.84,0.92,0.72
2025-09-29 00:00:00-04:00,35.43,34.99,0.72,-0.28
2025-09-29 01:00:00-04:00,32.33,31.15,0.46,0.72
2025-09-29 02:00:00-04:00,29.57,28.84,0.3,0.43
2025-09-29 03:00:00-04:00,27.28,26.82,0.16,0.3
2025-09-29 04:00:00-04:00,28.45,27.68,0.22,0.55
2025-09-29 05:00:00-04:00,32.71,31.56,0.49,0.66
2025-09-29 06:00:00-04:00,40.68,40.09,1.07,-0.48
2025-09-29 07:00:00-04:00,40.04,40.01,1.15,-1.12
2025-09-29 08:00:00-04:00,38.19,37.66,0.98,-0.45
2025-09-29 09:00:00-04:00,32.64,32.22,0.58,-0.16
2025-09-29 10:00:00-04:00,33.6,33.08,0.75,-0.23
2025-09-29 11:00:00-04:00,35.0,33.91,0.82,0.27
2025-09-29 12:00:00-04:00,36.77,35.31,0.93,0.53
2025-09-29 13:00:00-04:00,38.96,37.5,1.09,0.37
2025-09-29 14:00:00-04:00,40.08,39.03,1.21,-0.16
2025-09-29 15:00:00-04:00,45.72,43.9,1.6,0.22
2025-09-29 16:00:00-04:00,52.32,48.32,3.18,0.82
2025-09-29 17:00:00-04:00,69.17,66.28,2.56,0.33
2025-09-29 18:00:00-04:00,74.42,68.48,4.71,1.23
2025-09-29 19:00:00-04:00,70.0,65.89,4.18,-0.07
2025-09-29 20:00:00-04:00,54.4,51.76,3.11,-0.47
2025-09-29 21:00:00-04:00,47.78,45.77,2.19,-0.18
2025-09-29 22:00:00-04:00,42.79,41.08,1.38,0.33
2025-09-29 23:00:00-04:00,40.47,37.46,1.59,1.42
2025-09-30 00:00:00-04:00,34.17,32.89,0.66,0.62
2025-09-30 01:00:00-04:00,31.88,30.76,0.51,0.61
2025-09-30 02:00:00-04:00,29.02,28.47,0.32,0.23
2025-09-30 03:00:00-04:00,27.81,27.59,0.25,-0.03
2025-09-30 04:00:00-04:00,28.8,28.35,0.31,0.14
2025-09-30 05:00:00-04:00,30.92,30.44,0.48,0.0
2025-09-30 06:00:00-04:00,40.04,41.71,0.79,-2.46
2025-09-30 07:00:00-04:00,43.39,44.0,1.5,-2.11
2025-09-30 08:00:00-04:00,37.88,39.52,0.42,-2.06
2025-09-30 09:00:00-04:00,30.58,31.96,0.03,-1.41
2025-09-30 10:00:00-04:00,31.46,32.44,0.19,-1.17
2025-09-30 11:00:00-04:00,32.79,33.61,0.36,-1.18
2025-09-30 12:00:00-04:00,36.27,37.03,0.65,-1.41
2025-09-30 13:00:00-04:00,38.45,38.45,1.12,-1.12
2025-09-30 14:00:00-04:00,38.1,39.65,-0.0,-1.55
2025-09-30 15:00:00-04:00,40.58,41.16,0.82,-1.4
2025-09-30 16:00:00-04:00,45.4,47.79,-0.0,-2.39
2025-09-30 17:00:00-04:00,60.0,64.03,-0.0,-4.03
2025-09-30 18:00:00-04:00,65.53,66.32,3.12,-3.91
2025-09-30 19:00:00-04:00,60.0,60.3,2.96,-3.26
2025-09-30 20:00:00-04:00,47.85,48.51,2.01,-2.67
2025-09-30 21:00:00-04:00,38.6,39.6,1.02,-2.02
2025-09-30 22:00:00-04:00,33.91,34.98,0.64,-1.71
2025-09-30 23:00:00-04:00,31.14,31.69,0.59,-1.14
2025-10-01 00:00:00-04:00,28.6,29.14,0.01,-0.55
2025-10-01 01:00:00-04:00,26.71,26.92,0.01,-0.22
2025-10-01 02:00:00-04:00,24.98,25.09,0.01,-0.12
2025-10-01 03:00:00-04:00,25.05,24.8,-0.0,0.25
2025-10-01 04:00:00-04:00,25.64,26.0,0.08,-0.44
2025-10-01 05:00:00-04:00,29.77,30.27,0.32,-0.82
2025-10-01 06:00:00-04:00,37.73,39.98,0.55,-2.8
2025-10-01 07:00:00-04:00,41.45,43.08,0.82,-2.45
2025-10-01 08:00:00-04:00,35.48,36.31,0.77,-1.6
2025-10-01 09:00:00-04:00,29.42,29.91,0.26,-0.75
2025-10-01 10:00:00-04:00,25.98,26.63,0.01,-0.66
2025-10-01 11:00:00-04:00,25.27,25.88,0.01,-0.62
2025-10-01 12:00:00-04:00,25.03,25.39,0.02,-0.38
2025-10-01 13:00:00-04:00,26.32,26.8,-0.0,-0.48
2025-10-01 14:00:00-04:00,25.37,26.1,-0.0,-0.73
2025-10-01 15:00:00-04:00,28.51,29.3,-0.0,-0.79
2025-10-01 16:00:00-04:00,33.07,35.23,-1.1,-1.06
2025-10-01 17:00:00-04:00,44.0,43.43,2.13,-1.56
2025-10-01 18:00:00-04:00,50.1,49.42,2.06,-1.38
2025-10-01 19:00:00-04:00,49.62,49.68,2.07,-2.13
2025-10-01 20:00:00-04:00,41.04,42.04,1.35,-2.35
2025-10-01 21:00:00-04:00,35.26,36.19,0.88,-1.81
2025-10-01 22:00:00-04:00,32.12,32.15,0.65,-0.68
2025-10-01 23:00:00-04:00,30.12,29.46,0.48,0.18
2025-10-02 00:00:00-04:00,27.65,28.6,0.17,-1.12
2025-10-02 01:00:00-04:00,25.77,26.48,0.16,-0.87
2025-10-02 02:00:00-04:00,25.12,25.51,0.12,-0.51
2025-10-02 03:00:00-04:00,24.56,25.17,0.09,-0.7
2025-10-02 04:00:00-04:00,25.6,26.44,0.19,-1.03
2025-10-02 05:00:00-04:00,30.06,30.47,0.5,-0.91
2025-10-02 06:00:00-04:00,42.07,43.44,1.37,-2.74
2025-10-02 07:00:00-04:00,46.31,47.39,1.76,-2.84
2025-10-02 08:00:00-04:00,37.68,38.67,1.02,-2.01
2025-10-02 09:00:00-04:00,29.47,29.84,0.43,-0.8
2025-10-02 10:00:00-04:00,27.3,27.87,0.27,-0.84
2025-10-02 11:00:00-04:00,25.81,26.1,0.15,-0.44
2025-10-02 12:00:00-04:00,25.52,25.74,0.12,-0.34
2025-10-02 13:00:00-04:00,26.95,26.96,0.21,-0.22
2025-10-02 14:00:00-04:00,27.26,27.31,0.25,-0.3
2025-10-02 15:00:00-04:00,27.54,28.31,0.25,-1.02
2025-10-02 16:00:00-04:00,32.62,33.84,0.3,-1.52
2025-10-02 17:00:00-04:00,43.15,45.05,0.67,-2.57
2025-10-02 18:00:00-04:00,54.51,56.34,2.12,-3.95
2025-10-02 19:00:00-04:00,54.41,55.74,2.18,-3.51
2025-10-02 20:00:00-04:00,42.69,44.33,1.46,-3.1
2025-10-02 21:00:00-04:00,36.85,38.55,0.69,-2.39
2025-10-02 22:00:00-04:00,31.85,32.5,0.55,-1.2
2025-10-02 23:00:00-04:00,30.31,30.63,0.38,-0.7
2025-10-03 00:00:00-04:00,28.13,29.15,0.03,-1.05
2025-10-03 01:00:00-04:00,25.87,27.05,0.06,-1.24
2025-10-03 02:00:00-04:00,25.12,25.89,0.08,-0.85
2025-10-03 03:00:00-04:00,25.04,25.89,0.21,-1.06
2025-10-03 04:00:00-04:00,26.6,27.21,0.23,-0.84
2025-10-03 05:00:00-04:00,29.98,30.48,0.38,-0.88
2025-10-03 06:00:00-04:00,39.19,41.15,0.51,-2.47
2025-10-03 07:00:00-04:00,44.49,47.09,0.65,-3.25
2025-10-03 08:00:00-04:00,34.02,36.37,0.05,-2.4
2025-10-03 09:00:00-04:00,27.99,29.3,0.01,-1.32
2025-10-03 10:00:00-04:00,25.8,26.51,0.08,-0.79
2025-10-03 11:00:00-04:00,25.24,25.77,0.04,-0.57
2025-10-03 12:00:00-04:00,25.56,25.77,0.05,-0.26
2025-10-03 13:00:00-04:00,26.28,26.66,0.07,-0.45
2025-10-03 14:00:00-04:00,27.38,27.93,0.09,-0.64
2025-10-03 15:00:00-04:00,29.94,30.5,0.17,-0.73
2025-10-03 16:00:00-04:00,36.07,37.01,0.32,-1.26
2025-10-03 17:00:00-04:00,45.7,45.91,1.49,-1.7
2025-10-03 18:00:00-04:00,57.3,57.15,2.38,-2.23
2025-10-03 19:00:00-04:00,60.99,61.08,2.66,-2.75
2025-10-03 20:00:00-04:00,43.91,44.32,1.45,-1.86
2025-10-03 21:00:00-04:00,38.08,38.64,0.95,-1.51
2025-10-03 22:00:00-04:00,33.74,33.74,1.01,-1.01
2025-10-03 23:00:00-04:00,31.66,31.72,0.23,-0.29
2025-10-04 00:00:00-04:00,31.19,31.57,-0.0,-0.38
2025-10-04 01:00:00-04:00,27.52,27.91,-0.0,-0.39
2025-10-04 02:00:00-04:00,26.45,26.8,-0.0,-0.35
2025-10-04 03:00:00-04:00,25.14,25.22,-0.0,-0.08
2025-10-04 04:00:00-04:00,25.1,25.51,-0.0,-0.41
2025-10-04 05:00:00-04:00,26.93,27.88,-0.0,-0.95
2025-10-04 06:00:00-04:00,34.88,37.03,-0.0,-2.15
2025-10-04 07:00:00-04:00,35.42,38.46,-0.0,-3.04
2025-10-04 08:00:00-04:00,31.06,32.94,-0.0,-1.88
2025-10-04 09:00:00-04:00,26.19,27.08,-0.0,-0.89
2025-10-04 10:00:00-04:00,25.66,26.37,-0.0,-0.71
2025-10-04 11:00:00-04:00,25.54,26.19,-0.0,-0.65
2025-10-04 12:00:00-04:00,26.75,27.33,-0.0,-0.58
2025-10-04 13:00:00-04:00,28.89,29.42,-0.0,-0.53
2025-10-04 14:00:00-04:00,30.85,31.7,-0.0,-0.85
2025-10-04 15:00:00-04:00,34.0,35.46,-0.0,-1.46
2025-10-04 16:00:00-04:00,41.86,43.79,-0.0,-1.93
2025-10-04 17:00:00-04:00,59.14,63.32,-0.0,-4.18
2025-10-04 18:00:00-04:00,68.69,73.31,-0.0,-4.62
2025-10-04 19:00:00-04:00,65.59,70.08,-0.0,-4.49
2025-10-04 20:00:00-04:00,46.57,49.38,-0.0,-2.81
2025-10-04 21:00:00-04:00,39.28,42.42,-0.0,-3.14
2025-10-04 22:00:00-04:00,34.94,37.09,-0.0,-2.15
2025-10-04 23:00:00-04:00,32.8,33.85,-0.0,-1.05
2025-10-05 00:00:00-04:00,35.29,37.19,-0.0,-1.9
2025-10-05 01:00:00-04:00,30.59,32.51,-0.0,-1.92
2025-10-05 02:00:00-04:00,27.36,29.01,-0.0,-1.65
2025-10-05 03:00:00-04:00,26.0,27.46,-0.0,-1.46
2025-10-05 04:00:00-04:00,26.15,27.61,-0.0,-1.46
2025-10-05 05:00:00-04:00,26.4,27.88,-0.0,-1.48
2025-10-05 06:00:00-04:00,30.19,32.05,-0.0,-1.86
2025-10-05 07:00:00-04:00,31.0,33.08,-0.0,-2.08
2025-10-05 08:00:00-04:00,26.85,28.14,-0.0,-1.29
2025-10-05 09:00:00-04:00,25.0,26.04,-0.0,-1.04
2025-10-05 10:00:00-04:00,25.18,26.15,-0.0,-0.97
2025-10-05 11:00:00-04:00,26.93,28.14,-0.0,-1.21
2025-10-05 12:00:00-04:00,30.03,31.41,-0.0,-1.38
2025-10-05 13:00:00-04:00,31.96,33.29,-0.0,-1.33
2025-10-05 14:00:00-04:00,33.94,35.54,-0.0,-1.6
2025-10-05 15:00:00-04:00,40.22,42.38,-0.0,-2.16
2025-10-05 16:00:00-04:00,51.14,55.53,-0.0,-4.39
2025-10-05 17:00:00-04:00,75.34,80.28,1.24,-6.18
2025-10-05 18:00:00-04:00,82.44,84.71,2.98,-5.25
2025-10-05 19:00:00-04:00,75.16,77.02,3.84,-5.7
2025-10-05 20:00:00-04:00,56.94,62.24,0.05,-5.35
2025-10-05 21:00:00-04:00,40.74,45.15,-0.75,-3.66
2025-10-05 22:00:00-04:00,36.94,40.74,-0.74,-3.06
2025-10-05 23:00:00-04:00,32.49,35.06,-0.71,-1.86
2025-10-06 00:00:00-04:00,32.52,33.64,0.02,-1.14
2025-10-06 01:00:00-04:00,28.35,29.83,-0.47,-1.01
2025-10-06 02:00:00-04:00,26.59,27.66,0.01,-1.08
2025-10-06 03:00:00-04:00,25.82,26.7,-0.08,-0.8
2025-10-06 04:00:00-04:00,27.19,28.17,0.01,-0.99
2025-10-06 05:00:00-04:00,29.43,31.83,-1.06,-1.34
2025-10-06 06:00:00-04:00,35.03,36.79,0.52,-2.28
2025-10-06 07:00:00-04:00,42.52,43.97,2.11,-3.56
2025-10-06 08:00:00-04:00,40.88,43.45,0.04,-2.61
2025-10-06 09:00:00-04:00,35.4,37.91,0.03,-2.54
2025-10-06 10:00:00-04:00,38.5,40.69,0.01,-2.2
2025-10-06 11:00:00-04:00,40.01,41.7,0.06,-1.75
2025-10-06 12:00:00-04:00,42.29,43.03,0.08,-0.82
2025-10-06 13:00:00-04:00,45.64,47.96,-0.64,-1.68
2025-10-06 14:00:00-04:00,48.6,50.6,-0.48,-1.52
2025-10-06 15:00:00-04:00,54.19,57.17,0.56,-3.54
2025-10-06 16:00:00-04:00,70.0,76.25,-0.0,-6.25
2025-10-06 17:00:00-04:00,94.2,101.61,-0.0,-7.41
2025-10-06 18:00:00-04:00,103.03,109.6,-0.0,-6.57
2025-10-06 19:00:00-04:00,87.66,91.89,-0.0,-4.23
2025-10-06 20:00:00-04:00,60.96,65.62,-0.0,-4.66
2025-10-06 21:00:00-04:00,46.04,48.46,-0.0,-2.42
2025-10-06 22:00:00-04:00,41.86,43.97,-0.0,-2.11
2025-10-06 23:00:00-04:00,37.29,38.64,-0.0,-1.35
2025-10-07 00:00:00-04:00,33.08,35.08,-0.0,-2.0
2025-10-07 01:00:00-04:00,29.77,30.72,-0.0,-0.95
2025-10-07 02:00:00-04:00,28.69,30.01,-0.0,-1.32
2025-10-07 03:00:00-04:00,27.67,28.85,-0.0,-1.18
2025-10-07 04:00:00-04:00,27.66,28.81,-0.0,-1.15
2025-10-07 05:00:00-04:00,30.0,31.78,-0.0,-1.78
2025-10-07 06:00:00-04:00,36.93,40.23,-0.0,-3.3
2025-10-07 07:00:00-04:00,43.78,45.86,1.86,-3.94
2025-10-07 08:00:00-04:00,38.14,43.81,-1.86,-3.81
2025-10-07 09:00:00-04:00,36.13,38.85,-0.0,-2.72
2025-10-07 10:00:00-04:00,36.64,38.68,0.36,-2.4
2025-10-07 11:00:00-04:00,36.52,38.78,-0.36,-1.9
2025-10-07 12:00:00-04:00,38.68,41.28,-0.0,-2.6
2025-10-07 13:00:00-04:00,40.61,43.53,-0.0,-2.92
2025-10-07 14:00:00-04:00,43.82,46.97,-0.0,-3.15
2025-10-07 15:00:00-04:00,50.33,55.07,-0.0,-4.74
2025-10-07 16:00:00-04:00,60.14,73.59,-4.84,-8.61
2025-10-07 17:00:00-04:00,79.7,97.49,-6.87,-10.92
2025-10-07 18:00:00-04:00,95.22,106.8,-0.04,-11.54
2025-10-07 19:00:00-04:00,77.16,85.64,-0.0,-8.48
2025-10-07 20:00:00-04:00,60.39,67.85,-0.0,-7.46
2025-10-07 21:00:00-04:00,44.47,49.09,-0.0,-4.62
2025-10-07 22:00:00-04:00,40.66,43.21,-0.0,-2.55
2025-10-07 23:00:00-04:00,36.98,39.58,-0.18,-2.42
2025-10-08 00:00:00-04:00,39.63,41.24,-0.0,-1.61
2025-10-08 01:00:00-04:00,33.85,37.98,-2.42,-1.71
2025-10-08 02:00:00-04:00,32.42,34.76,-0.78,-1.56
2025-10-08 03:00:00-04:00,29.93,34.76,-3.37,-1.46
2025-10-08 04:00:00-04:00,29.94,35.14,-3.55,-1.65
2025-10-08 05:00:00-04:00,35.08,37.88,-0.34,-2.46
2025-10-08 06:00:00-04:00,45.65,49.46,-0.0,-3.81
2025-10-08 07:00:00-04:00,53.55,59.37,-0.0,-5.82
2025-10-08 08:00:00-04:00,50.66,57.3,-0.28,-6.36
2025-10-08 09:00:00-04:00,44.42,49.26,0.28,-5.12
2025-10-08 10:00:00-04:00,40.6,45.16,-0.0,-4.56
2025-10-08 11:00:00-04:00,39.56,43.33,-0.0,-3.77
2025-10-08 12:00:00-04:00,37.76,41.45,-0.0,-3.69
2025-10-08 13:00:00-04:00,37.47,40.73,-0.0,-3.26
2025-10-08 14:00:00-04:00,35.4,38.25,-0.02,-2.83
2025-10-08 15:00:00-04:00,36.68,39.83,-0.0,-3.15
2025-10-08 16:00:00-04:00,40.4,43.96,-0.0,-3.56
2025-10-08 17:00:00-04:00,53.84,59.82,-0.0,-5.98
2025-10-08 18:00:00-04:00,60.13,65.86,-0.0,-5.73
2025-10-08 19:00:00-04:00,55.57,59.37,-0.0,-3.8
2025-10-08 20:00:00-04:00,43.23,45.84,-0.0,-2.61
2025-10-08 21:00:00-04:00,39.66,42.06,-0.0,-2.4
2025-10-08 22:00:00-04:00,36.78,38.15,-0.0,-1.37
2025-10-08 23:00:00-04:00,34.12,34.26,-0.0,-0.14
2025-10-09 00:00:00-04:00,32.32,31.84,-0.0,0.48
2025-10-09 01:00:00-04:00,28.85,28.04,-0.0,0.81
2025-10-09 02:00:00-04:00,28.0,27.19,-0.0,0.81
2025-10-09 03:00:00-04:00,27.62,26.66,-0.0,0.96
2025-10-09 04:00:00-04:00,28.47,27.67,-0.0,0.8
2025-10-09 05:00:00-04:00,32.41,32.12,-0.0,0.29
2025-10-09 06:00:00-04:00,46.94,49.15,-0.0,-2.21
2025-10-09 07:00:00-04:00,54.11,57.08,-0.0,-2.97
2025-10-09 08:00:00-04:00,42.13,43.39,-0.0,-1.26
2025-10-09 09:00:00-04:00,30.93,31.24,-0.0,-0.31
2025-10-09 10:00:00-04:00,29.49,29.26,-0.0,0.23
2025-10-09 11:00:00-04:00,26.93,27.18,-0.0,-0.25
2025-10-09 12:00:00-04:00,27.61,27.72,-0.0,-0.11
2025-10-09 13:00:00-04:00,28.18,28.38,-0.0,-0.2
2025-10-09 14:00:00-04:00,25.81,26.28,-0.39,-0.08
2025-10-09 15:00:00-04:00,27.35,28.6,-0.22,-1.03
2025-10-09 16:00:00-04:00,32.92,34.43,-0.0,-1.51
2025-10-09 17:00:00-04:00,45.98,48.76,-0.0,-2.78
2025-10-09 18:00:00-04:00,59.52,61.17,-0.0,-1.65
2025-10-09 19:00:00-04:00,58.94,61.4,-0.0,-2.46
2025-10-09 20:00:00-04:00,44.42,46.71,-0.0,-2.29
2025-10-09 21:00:00-04:00,38.99,41.48,-0.0,-2.49
2025-10-09 22:00:00-04:00,37.64,38.89,-0.0,-1.25
2025-10-09 23:00:00-04:00,34.9,34.93,-0.0,-0.03
2025-10-10 00:00:00-04:00,37.17,37.17,-0.0,0.0
2025-10-10 01:00:00-04:00,34.5,34.26,-0.0,0.24
2025-10-10 02:00:00-04:00,32.9,32.61,-0.0,0.29
2025-10-10 03:00:00-04:00,32.16,31.91,-0.0,0.25
2025-10-10 04:00:00-04:00,32.94,32.42,-0.0,0.52
2025-10-10 05:00:00-04:00,36.31,36.75,-0.0,-0.44
2025-10-10 06:00:00-04:00,52.92,55.41,-0.0,-2.49
2025-10-10 07:00:00-04:00,64.91,69.35,-0.0,-4.44
2025-10-10 08:00:00-04:00,44.76,46.0,-0.0,-1.24
2025-10-10 09:00:00-04:00,33.71,34.97,-0.0,-1.26
2025-10-10 10:00:00-04:00,29.85,30.62,-0.07,-0.7
2025-10-10 11:00:00-04:00,30.0,30.67,-0.0,-0.67
2025-10-10 12:00:00-04:00,26.86,27.53,-0.42,-0.25
2025-10-10 13:00:00-04:00,24.13,24.92,-0.69,-0.1
2025-10-10 14:00:00-04:00,23.18,24.66,-1.06,-0.42
2025-10-10 15:00:00-04:00,24.17,26.47,-1.59,-0.71
2025-10-10 16:00:00-04:00,30.06,32.65,-0.89,-1.7
2025-10-10 17:00:00-04:00,43.96,47.73,-1.19,-2.58
2025-10-10 18:00:00-04:00,57.37,58.7,1.19,-2.52
2025-10-10 19:00:00-04:00,54.06,57.21,-0.0,-3.15
2025-10-10 20:00:00-04:00,42.46,45.31,-0.0,-2.85
2025-10-10 21:00:00-04:00,36.93,39.54,-0.0,-2.61
2025-10-10 22:00:00-04:00,34.27,36.15,-0.0,-1.88
2025-10-10 23:00:00-04:00,32.41,33.11,-0.0,-0.7
2025-10-11 00:00:00-04:00,32.93,34.44,-0.0,-1.51
2025-10-11 01:00:00-04:00,27.94,29.38,-0.0,-1.44
2025-10-11 02:00:00-04:00,27.17,28.3,-0.0,-1.13
2025-10-11 03:00:00-04:00,26.46,27.25,-0.0,-0.79
2025-10-11 04:00:00-04:00,27.82,28.5,-0.0,-0.68
2025-10-11 05:00:00-04:00,29.96,30.76,-0.0,-0.8
2025-10-11 06:00:00-04:00,35.22,37.67,-0.0,-2.45
2025-10-11 07:00:00-04:00,38.14,41.19,-0.0,-3.05
2025-10-11 08:00:00-04:00,34.79,37.05,-0.0,-2.26
2025-10-11 09:00:00-04:00,30.4,32.14,-0.0,-1.74
2025-10-11 10:00:00-04:00,29.47,30.47,-0.0,-1.0
2025-10-11 11:00:00-04:00,30.92,32.14,-0.0,-1.22
2025-10-11 12:00:00-04:00,30.82,32.27,-0.0,-1.45
2025-10-11 13:00:00-04:00,30.94,32.43,-0.0,-1.49
2025-10-11 14:00:00-04:00,31.28,33.21,-0.0,-1.93
2025-10-11 15:00:00-04:00,34.62,36.63,-0.0,-2.01
2025-10-11 16:00:00-04:00,37.51,41.46,-0.59,-3.36
2025-10-11 17:00:00-04:00,46.24,49.09,0.59,-3.44
2025-10-11 18:00:00-04:00,55.21,59.49,-0.0,-4.28
2025-10-11 19:00:00-04:00,50.83,54.89,-0.0,-4.06
2025-10-11 20:00:00-04:00,40.57,44.1,-0.0,-3.53
2025-10-11 21:00:00-04:00,35.73,38.63,-0.0,-2.9
2025-10-11 22:00:00-04:00,34.72,36.55,-0.0,-1.83
2025-10-11 23:00:00-04:00,32.04,33.07,-0.0,-1.03
2025-10-12 00:00:00-04:00,35.85,37.11,-0.0,-1.26
2025-10-12 01:00:00-04:00,32.56,33.43,-0.0,-0.87
2025-10-12 02:00:00-04:00,30.74,31.15,-0.0,-0.41
2025-10-12 03:00:00-04:00,29.77,30.22,-0.0,-0.45
2025-10-12 04:00:00-04:00,30.08,30.66,-0.0,-0.58
2025-10-12 05:00:00-04:00,31.27,32.17,-0.0,-0.9
2025-10-12 06:00:00-04:00,35.02,36.1,-0.0,-1.08
2025-10-12 07:00:00-04:00,37.6,38.29,-0.0,-0.69
2025-10-12 08:00:00-04:00,36.04,37.0,-0.0,-0.96
2025-10-12 09:00:00-04:00,36.43,37.48,-0.0,-1.05
2025-10-12 10:00:00-04:00,35.7,37.7,-0.0,-2.0
2025-10-12 11:00:00-04:00,36.23,38.02,-0.0,-1.79
2025-10-12 12:00:00-04:00,36.83,37.81,-0.0,-0.98
2025-10-12 13:00:00-04:00,37.22,38.97,-0.0,-1.75
2025-10-12 14:00:00-04:00,36.76,38.57,-0.0,-1.81
2025-10-12 15:00:00-04:00,37.25,39.5,-0.0,-2.25
2025-10-12 16:00:00-04:00,40.63,44.26,-0.0,-3.63
2025-10-12 17:00:00-04:00,50.5,55.56,-0.0,-5.06
2025-10-12 18:00:00-04:00,60.08,64.53,-0.0,-4.45
2025-10-12 19:00:00-04:00,57.4,61.65,-0.0,-4.25
2025-10-12 20:00:00-04:00,42.21,46.03,-0.0,-3.82
2025-10-12 21:00:00-04:00,37.99,41.34,-0.0,-3.35
2025-10-12 22:00:00-04:00,37.2,39.03,-0.0,-1.83
2025-10-12 23:00:00-04:00,34.75,35.64,-0.0,-0.89
2025-10-13 00:00:00-04:00,33.77,34.67,-0.0,-0.9
2025-10-13 01:00:00-04:00,32.7,33.13,-0.0,-0.43
2025-10-13 02:00:00-04:00,30.34,31.21,-0.0,-0.87
2025-10-13 03:00:00-04:00,30.0,30.77,-0.0,-0.77
2025-10-13 04:00:00-04:00,30.11,30.85,-0.0,-0.74
2025-10-13 05:00:00-04:00,31.62,32.63,-0.0,-1.01
2025-10-13 06:00:00-04:00,39.19,40.82,-0.0,-1.63
2025-10-13 07:00:00-04:00,44.47,47.82,0.24,-3.59
2025-10-13 08:00:00-04:00,48.03,49.76,2.15,-3.88
2025-10-13 09:00:00-04:00,47.6,47.1,4.17,-3.67
2025-10-13 10:00:00-04:00,49.49,48.76,4.68,-3.95
2025-10-13 11:00:00-04:00,48.37,47.73,4.46,-3.82
2025-10-13 12:00:00-04:00,44.82,46.67,1.93,-3.78
2025-10-13 13:00:00-04:00,45.0,46.66,1.93,-3.59
2025-10-13 14:00:00-04:00,44.3,46.29,1.62,-3.61
2025-10-13 15:00:00-04:00,45.63,47.35,1.78,-3.5
2025-10-13 16:00:00-04:00,48.65,51.41,1.66,-4.42
2025-10-13 17:00:00-04:00,60.35,59.85,5.35,-4.85
2025-10-13 18:00:00-04:00,67.59,66.23,5.93,-4.57
2025-10-13 19:00:00-04:00,65.64,64.64,5.78,-4.78
2025-10-13 20:00:00-04:00,50.62,50.29,4.5,-4.17
2025-10-13 21:00:00-04:00,40.9,42.95,1.64,-3.69
2025-10-13 22:00:00-04:00,40.53,41.14,2.48,-3.09
2025-10-13 23:00:00-04:00,39.16,38.5,2.08,-1.42
2025-10-14 00:00:00-04:00,36.98,37.13,-0.0,-0.15
2025-10-14 01:00:00-04:00,35.47,35.19,-0.0,0.28
2025-10-14 02:00:00-04:00,33.93,33.53,-0.0,0.4
2025-10-14 03:00:00-04:00,33.78,33.41,-0.0,0.37
2025-10-14 04:00:00-04:00,34.1,33.83,-0.0,0.27
2025-10-14 05:00:00-04:00,36.54,36.76,-0.0,-0.22
2025-10-14 06:00:00-04:00,47.39,48.75,-0.0,-1.36
2025-10-14 07:00:00-04:00,60.43,62.88,-0.0,-2.45
2025-10-14 08:00:00-04:00,56.41,60.75,-1.24,-3.1
2025-10-14 09:00:00-04:00,48.81,48.89,1.24,-1.32
2025-10-14 10:00:00-04:00,45.81,47.92,-0.0,-2.11
2025-10-14 11:00:00-04:00,45.42,47.46,-0.0,-2.04
2025-10-14 12:00:00-04:00,43.63,45.59,-0.0,-1.96
2025-10-14 13:00:00-04:00,43.95,45.69,-0.0,-1.74
2025-10-14 14:00:00-04:00,41.89,43.72,-0.0,-1.83
2025-10-14 15:00:00-04:00,41.65,43.7,-0.0,-2.05
2025-10-14 16:00:00-04:00,46.62,49.18,-0.0,-2.56
2025-10-14 17:00:00-04:00,59.37,62.36,-0.0,-2.99
2025-10-14 18:00:00-04:00,74.09,77.66,-0.0,-3.57
2025-10-14 19:00:00-04:00,68.5,71.5,-0.0,-3.0
2025-10-14 20:00:00-04:00,50.46,53.4,-0.0,-2.94
2025-10-14 21:00:00-04:00,42.0,44.44,-0.0,-2.44
2025-10-14 22:00:00-04:00,37.53,39.1,-0.0,-1.57
2025-10-14 23:00:00-04:00,36.84,37.36,-0.0,-0.52
2025-10-15 00:00:00-04:00,35.43,35.68,-0.0,-0.25
2025-10-15 01:00:00-04:00,33.35,33.55,-0.0,-0.2
2025-10-15 02:00:00-04:00,32.91,33.21,-0.0,-0.3
2025-10-15 03:00:00-04:00,31.9,32.09,-0.0,-0.19
2025-10-15 04:00:00-04:00,32.9,33.23,-0.0,-0.33
2025-10-15 05:00:00-04:00,34.91,34.77,-0.03,0.17
2025-10-15 06:00:00-04:00,43.9,43.22,0.03,0.65
2025-10-15 07:00:00-04:00,55.24,52.12,4.48,-1.36
2025-10-15 08:00:00-04:00,51.61,47.59,4.3,-0.28
2025-10-15 09:00:00-04:00,40.86,37.79,3.41,-0.34
2025-10-15 10:00:00-04:00,40.07,36.79,3.32,-0.04
2025-10-15 11:00:00-04:00,35.71,35.64,-0.0,0.07
2025-10-15 12:00:00-04:00,35.24,35.17,-0.0,0.07
2025-10-15 13:00:00-04:00,35.54,35.9,-0.0,-0.36
2025-10-15 14:00:00-04:00,34.65,35.25,-0.0,-0.6
2025-10-15 15:00:00-04:00,35.74,36.81,-0.0,-1.07
2025-10-15 16:00:00-04:00,39.58,41.31,-0.0,-1.73
2025-10-15 17:00:00-04:00,50.65,54.46,-0.0,-3.81
2025-10-15 18:00:00-04:00,65.72,69.62,-0.0,-3.9
2025-10-15 19:00:00-04:00,65.69,69.37,-0.0,-3.68
2025-10-15 20:00:00-04:00,49.2,51.57,-0.0,-2.37
2025-10-15 21:00:00-04:00,40.95,42.66,-0.0,-1.71
2025-10-15 22:00:00-04:00,38.08,38.39,-0.0,-0.31
2025-10-15 23:00:00-04:00,35.19,34.7,-0.0,0.49
2025-10-16 00:00:00-04:00,35.34,35.55,-0.0,-0.21
2025-10-16 01:00:00-04:00,35.2,34.82,-0.0,0.38
2025-10-16 02:00:00-04:00,34.7,34.53,-0.0,0.17
2025-10-16 03:00:00-04:00,34.5,34.12,-0.0,0.38
2025-10-16 04:00:00-04:00,34.8,33.99,-0.0,0.81
2025-10-16 05:00:00-04:00,35.99,35.85,-0.0,0.14
2025-10-16 06:00:00-04:00,50.7,50.55,-0.0,0.15
2025-10-16 07:00:00-04:00,68.81,70.14,-0.0,-1.33
2025-10-16 08:00:00-04:00,50.67,50.42,-0.0,0.25
2025-10-16 09:00:00-04:00,41.25,40.64,-0.0,0.61
2025-10-16 10:00:00-04:00,34.3,33.79,-0.0,0.51
2025-10-16 11:00:00-04:00,33.57,33.2,-0.0,0.37
2025-10-16 12:00:00-04:00,31.02,30.99,-0.0,0.03
2025-10-16 13:00:00-04:00,30.0,30.03,-0.0,-0.03
2025-10-16 14:00:00-04:00,29.73,29.91,-0.0,-0.18
2025-10-16 15:00:00-04:00,31.4,31.72,-0.0,-0.32
2025-10-16 16:00:00-04:00,35.64,37.24,-0.0,-1.6
2025-10-16 17:00:00-04:00,50.0,52.24,-0.0,-2.24
2025-10-16 18:00:00-04:00,65.0,67.5,-0.0,-2.5
2025-10-16 19:00:00-04:00,65.52,68.39,-0.0,-2.87
2025-10-16 20:00:00-04:00,48.75,50.26,-0.0,-1.51
2025-10-16 21:00:00-04:00,41.82,43.16,-0.0,-1.34
2025-10-16 22:00:00-04:00,39.5,40.85,-0.0,-1.35
2025-10-16 23:00:00-04:00,37.95,37.99,-0.0,-0.04
2025-10-17 00:00:00-04:00,38.6,38.68,-0.0,-0.08
2025-10-17 01:00:00-04:00,36.11,36.22,-0.0,-0.11
2025-10-17 02:00:00-04:00,34.98,34.98,-0.0,0.0
2025-10-17 03:00:00-04:00,34.66,34.35,-0.0,0.31
2025-10-17 04:00:00-04:00,35.09,34.81,-0.0,0.28
2025-10-17 05:00:00-04:00,37.55,38.06,-0.17,-0.34
2025-10-17 06:00:00-04:00,51.91,52.05,0.17,-0.31
2025-10-17 07:00:00-04:00,66.75,68.19,-0.0,-1.44
2025-10-17 08:00:00-04:00,50.25,50.66,-0.0,-0.41
2025-10-17 09:00:00-04:00,36.57,36.83,-0.0,-0.26
2025-10-17 10:00:00-04:00,33.34,33.14,-0.0,0.2
2025-10-17 11:00:00-04:00,31.8,32.06,-0.0,-0.26
2025-10-17 12:00:00-04:00,30.03,30.27,-0.0,-0.24
2025-10-17 13:00:00-04:00,30.03,30.24,-0.0,-0.21
2025-10-17 14:00:00-04:00,29.53,29.83,-0.0,-0.3
2025-10-17 15:00:00-04:00,31.33,32.0,-0.0,-0.67
2025-10-17 16:00:00-04:00,36.81,38.3,-0.0,-1.49
2025-10-17 17:00:00-04:00,49.62,52.01,-0.0,-2.39
2025-10-17 18:00:00-04:00,57.4,60.23,-0.0,-2.83
2025-10-17 19:00:00-04:00,55.19,58.65,-0.0,-3.46
2025-10-17 20:00:00-04:00,44.49,46.73,-0.0,-2.24
2025-10-17 21:00:00-04:00,40.93,42.64,-0.0,-1.71
2025-10-17 22:00:00-04:00,38.45,39.52,-0.0,-1.07
2025-10-17 23:00:00-04:00,35.49,36.29,-0.0,-0.8
2025-10-18 00:00:00-04:00,35.92,37.69,-0.0,-1.77
2025-10-18 01:00:00-04:00,34.78,36.19,-0.0,-1.41
2025-10-18 02:00:00-04:00,31.9,33.27,-0.0,-1.37
2025-10-18 03:00:00-04:00,30.6,32.04,-0.0,-1.44
2025-10-18 04:00:00-04:00,31.59,32.94,-0.0,-1.35
2025-10-18 05:00:00-04:00,32.89,35.38,-0.51,-1.98
2025-10-18 06:00:00-04:00,39.22,41.27,0.51,-2.56
2025-10-18 07:00:00-04:00,42.1,45.86,-0.0,-3.76
2025-10-18 08:00:00-04:00,40.09,42.97,-0.0,-2.88
2025-10-18 09:00:00-04:00,32.72,33.7,-0.0,-0.98
2025-10-18 10:00:00-04:00,30.73,31.45,-0.0,-0.72
2025-10-18 11:00:00-04:00,28.21,28.82,-0.0,-0.61
2025-10-18 12:00:00-04:00,27.28,27.67,-0.0,-0.39
2025-10-18 13:00:00-04:00,27.44,28.03,-0.0,-0.59
2025-10-18 14:00:00-04:00,27.12,27.84,-0.0,-0.72
2025-10-18 15:00:00-04:00,31.52,32.56,-0.0,-1.04
2025-10-18 16:00:00-04:00,36.38,39.29,-0.16,-2.75
2025-10-18 17:00:00-04:00,48.01,53.31,-1.36,-3.94
2025-10-18 18:00:00-04:00,51.46,57.31,-1.55,-4.3
2025-10-18 19:00:00-04:00,49.34,55.51,-1.84,-4.33
2025-10-18 20:00:00-04:00,37.4,42.62,-1.68,-3.54
2025-10-18 21:00:00-04:00,35.0,38.62,-0.88,-2.74
2025-10-18 22:00:00-04:00,32.3,35.11,-0.35,-2.46
2025-10-18 23:00:00-04:00,30.34,32.21,-0.0,-1.87
2025-10-19 00:00:00-04:00,35.1,36.87,-0.0,-1.77
2025-10-19 01:00:00-04:00,32.49,34.35,-0.0,-1.86
2025-10-19 02:00:00-04:00,30.42,32.33,-0.0,-1.91
2025-10-19 03:00:00-04:00,28.37,30.12,-0.0,-1.75
2025-10-19 04:00:00-04:00,27.67,29.53,-0.0,-1.86
2025-10-19 05:00:00-04:00,29.23,31.43,-0.0,-2.2
2025-10-19 06:00:00-04:00,29.9,32.33,-0.0,-2.43
2025-10-19 07:00:00-04:00,25.94,33.71,-4.84,-2.93
2025-10-19 08:00:00-04:00,27.5,30.9,-1.05,-2.35
2025-10-19 09:00:00-04:00,24.89,26.56,-0.0,-1.67
2025-10-19 10:00:00-04:00,24.01,25.33,-0.0,-1.32
2025-10-19 11:00:00-04:00,23.26,24.59,-0.0,-1.33
2025-10-19 12:00:00-04:00,23.93,25.11,-0.0,-1.18
2025-10-19 13:00:00-04:00,24.94,26.31,-0.0,-1.37
2025-10-19 14:00:00-04:00,26.9,28.41,-0.0,-1.51
2025-10-19 15:00:00-04:00,29.71,31.74,-0.0,-2.03
2025-10-19 16:00:00-04:00,33.38,38.7,-2.42,-2.9
2025-10-19 17:00:00-04:00,44.03,48.65,-0.0,-4.62
2025-10-19 18:00:00-04:00,52.97,58.92,-0.0,-5.95
2025-10-19 19:00:00-04:00,50.29,55.84,-0.86,-4.69
2025-10-19 20:00:00-04:00,40.82,44.51,-0.0,-3.69
2025-10-19 21:00:00-04:00,36.3,39.85,-0.0,-3.55
2025-10-19 22:00:00-04:00,32.48,35.19,-0.0,-2.71
2025-10-19 23:00:00-04:00,30.51,32.11,-0.0,-1.6
2025-10-20 00:00:00-04:00,31.69,32.67,-0.0,-0.98
2025-10-20 01:00:00-04:00,29.99,30.69,-0.0,-0.7
2025-10-20 02:00:00-04:00,29.45,29.93,-0.0,-0.48
2025-10-20 03:00:00-04:00,29.04,29.72,-0.0,-0.68
2025-10-20 04:00:00-04:00,28.8,29.69,-0.0,-0.89
2025-10-20 05:00:00-04:00,33.24,34.48,-0.0,-1.24
2025-10-20 06:00:00-04:00,41.57,43.99,-0.0,-2.42
2025-10-20 07:00:00-04:00,50.11,54.41,-0.0,-4.3
2025-10-20 08:00:00-04:00,50.7,55.17,-0.0,-4.47
2025-10-20 09:00:00-04:00,48.5,52.32,-0.0,-3.82
2025-10-20 10:00:00-04:00,47.29,51.01,-0.0,-3.72
2025-10-20 11:00:00-04:00,44.17,47.39,-0.0,-3.22
2025-10-20 12:00:00-04:00,41.45,44.38,-0.0,-2.93
2025-10-20 13:00:00-04:00,40.04,43.06,-0.0,-3.02
2025-10-20 14:00:00-04:00,39.6,42.35,-0.0,-2.75
2025-10-20 15:00:00-04:00,40.47,43.28,-0.0,-2.81
2025-10-20 16:00:00-04:00,45.06,49.08,-0.0,-4.02
2025-10-20 17:00:00-04:00,54.04,59.06,-0.0,-5.02
2025-10-20 18:00:00-04:00,62.65,67.73,-0.0,-5.08
2025-10-20 19:00:00-04:00,61.2,66.09,-0.0,-4.89
2025-10-20 20:00:00-04:00,48.66,51.06,-0.0,-2.4
2025-10-20 21:00:00-04:00,42.3,43.34,-0.0,-1.04
2025-10-20 22:00:00-04:00,36.48,37.49,-0.0,-1.01
2025-10-20 23:00:00-04:00,33.92,34.61,-0.0,-0.69
2025-10-21 00:00:00-04:00,32.55,32.88,-0.0,-0.33
2025-10-21 01:00:00-04:00,30.28,30.25,-0.0,0.03
2025-10-21 02:00:00-04:00,30.3,30.3,-0.0,0.0
2025-10-21 03:00:00-04:00,28.92,29.15,-0.0,-0.23
2025-10-21 04:00:00-04:00,29.97,30.33,-0.0,-0.36
2025-10-21 05:00:00-04:00,34.98,35.48,-0.0,-0.5
2025-10-21 06:00:00-04:00,49.54,52.04,-0.0,-2.5
2025-10-21 07:00:00-04:00,54.68,73.17,-12.2,-6.29
2025-10-21 08:00:00-04:00,49.97,52.32,-0.0,-2.35
2025-10-21 09:00:00-04:00,38.75,38.9,-0.0,-0.15
2025-10-21 10:00:00-04:00,35.03,35.03,-0.0,0.0
2025-10-21 11:00:00-04:00,32.38,32.27,0.05,0.06
2025-10-21 12:00:00-04:00,34.07,34.16,0.01,-0.1
2025-10-21 13:00:00-04:00,30.1,29.68,0.21,0.21
2025-10-21 14:00:00-04:00,34.52,34.98,-0.0,-0.46
2025-10-21 15:00:00-04:00,37.25,38.09,-0.0,-0.84
2025-10-21 16:00:00-04:00,44.36,47.29,-0.0,-2.93
2025-10-21 17:00:00-04:00,60.0,65.48,-0.05,-5.43
2025-10-21 18:00:00-04:00,69.48,76.38,-0.79,-6.11
2025-10-21 19:00:00-04:00,65.48,71.17,-0.28,-5.41
2025-10-21 20:00:00-04:00,50.82,54.94,-0.0,-4.12
2025-10-21 21:00:00-04:00,43.58,45.82,-0.0,-2.24
2025-10-21 22:00:00-04:00,37.14,38.89,-0.0,-1.75
2025-10-21 23:00:00-04:00,34.54,35.98,-0.0,-1.44
2025-10-22 00:00:00-04:00,36.86,38.0,-0.0,-1.14
2025-10-22 01:00:00-04:00,34.48,35.62,-0.0,-1.14
2025-10-22 02:00:00-04:00,33.6,34.75,-0.0,-1.15
2025-10-22 03:00:00-04:00,32.82,34.12,-0.0,-1.3
2025-10-22 04:00:00-04:00,33.0,34.23,-0.0,-1.23
2025-10-22 05:00:00-04:00,35.42,37.21,-0.0,-1.79
2025-10-22 06:00:00-04:00,50.69,53.87,-0.0,-3.18
2025-10-22 07:00:00-04:00,61.96,67.57,-0.0,-5.61
2025-10-22 08:00:00-04:00,54.98,66.47,-6.5,-4.99
2025-10-22 09:00:00-04:00,44.9,47.56,-0.0,-2.66
2025-10-22 10:00:00-04:00,41.68,44.34,-0.0,-2.66
2025-10-22 11:00:00-04:00,39.11,40.42,0.02,-1.33
2025-10-22 12:00:00-04:00,38.8,40.34,0.03,-1.57
2025-10-22 13:00:00-04:00,38.12,39.58,0.08,-1.54
2025-10-22 14:00:00-04:00,37.74,39.48,0.08,-1.82
2025-10-22 15:00:00-04:00,39.38,41.51,0.07,-2.2
2025-10-22 16:00:00-04:00,43.12,46.44,0.07,-3.39
2025-10-22 17:00:00-04:00,57.22,62.8,0.01,-5.59
2025-10-22 18:00:00-04:00,60.54,68.07,-1.13,-6.4
2025-10-22 19:00:00-04:00,62.06,65.94,1.59,-5.47
2025-10-22 20:00:00-04:00,49.04,53.36,-0.0,-4.32
2025-10-22 21:00:00-04:00,43.78,47.08,-0.0,-3.3
2025-10-22 22:00:00-04:00,37.7,40.32,-0.0,-2.62
2025-10-22 23:00:00-04:00,35.96,38.17,-0.0,-2.21
2025-10-23 00:00:00-04:00,31.63,33.76,-0.0,-2.13
2025-10-23 01:00:00-04:00,31.68,32.8,-0.0,-1.12
2025-10-23 02:00:00-04:00,31.8,33.26,-0.0,-1.46
2025-10-23 03:00:00-04:00,31.0,32.66,-0.0,-1.66
2025-10-23 04:00:00-04:00,31.11,32.71,-0.0,-1.6
2025-10-23 05:00:00-04:00,34.65,36.1,-0.15,-1.3
2025-10-23 06:00:00-04:00,47.73,49.98,0.15,-2.4
2025-10-23 07:00:00-04:00,59.35,64.16,-0.0,-4.81
2025-10-23 08:00:00-04:00,50.53,53.53,-0.0,-3.0
2025-10-23 09:00:00-04:00,42.18,44.17,-0.0,-1.99
2025-10-23 10:00:00-04:00,40.23,41.39,-0.0,-1.16
2025-10-23 11:00:00-04:00,38.14,39.08,0.04,-0.98
2025-10-23 12:00:00-04:00,38.59,39.53,0.01,-0.95
2025-10-23 13:00:00-04:00,37.21,38.15,0.09,-1.03
2025-10-23 14:00:00-04:00,36.3,38.07,0.09,-1.86
2025-10-23 15:00:00-04:00,37.22,40.09,0.02,-2.89
2025-10-23 16:00:00-04:00,43.96,47.83,-0.0,-3.87
2025-10-23 17:00:00-04:00,57.04,62.61,-0.0,-5.57
2025-10-23 18:00:00-04:00,68.21,73.82,-0.0,-5.61
2025-10-23 19:00:00-04:00,68.57,74.21,-0.0,-5.64
2025-10-23 20:00:00-04:00,54.54,58.27,-0.0,-3.73
2025-10-23 21:00:00-04:00,48.12,49.79,0.52,-2.19
2025-10-23 22:00:00-04:00,41.49,44.22,-0.52,-2.21
2025-10-23 23:00:00-04:00,39.16,40.46,-0.0,-1.3
2025-10-24 00:00:00-04:00,37.53,38.57,-0.0,-1.04
2025-10-24 01:00:00-04:00,35.6,36.66,-0.0,-1.06
2025-10-24 02:00:00-04:00,35.43,36.56,-0.0,-1.13
2025-10-24 03:00:00-04:00,35.06,36.03,-0.0,-0.97
2025-10-24 04:00:00-04:00,34.95,36.25,-0.0,-1.3
2025-10-24 05:00:00-04:00,39.93,41.64,-0.0,-1.71
2025-10-24 06:00:00-04:00,58.87,62.36,-0.0,-3.49
2025-10-24 07:00:00-04:00,75.76,82.08,-0.0,-6.32
2025-10-24 08:00:00-04:00,67.0,70.9,-0.0,-3.9
2025-10-24 09:00:00-04:00,49.24,50.71,-0.0,-1.47
2025-10-24 10:00:00-04:00,43.63,44.57,-0.0,-0.94
2025-10-24 11:00:00-04:00,40.75,41.67,-0.0,-0.92
2025-10-24 12:00:00-04:00,40.02,40.67,-0.0,-0.65
2025-10-24 13:00:00-04:00,40.66,41.62,-0.0,-0.96
2025-10-24 14:00:00-04:00,40.08,41.02,-0.0,-0.94
2025-10-24 15:00:00-04:00,41.55,42.7,-0.0,-1.15
2025-10-24 16:00:00-04:00,48.11,51.11,-0.03,-2.97
2025-10-24 17:00:00-04:00,60.3,63.91,0.03,-3.64
2025-10-24 18:00:00-04:00,76.37,81.12,-0.21,-4.54
2025-10-24 19:00:00-04:00,67.59,71.35,-0.05,-3.71
2025-10-24 20:00:00-04:00,57.55,60.9,-0.0,-3.35
2025-10-24 21:00:00-04:00,49.08,50.44,0.26,-1.62
2025-10-24 22:00:00-04:00,44.78,46.72,-0.26,-1.68
2025-10-24 23:00:00-04:00,42.43,43.97,-0.0,-1.54
2025-10-25 00:00:00-04:00,45.27,45.77,-0.0,-0.5
2025-10-25 01:00:00-04:00,43.54,44.65,-0.0,-1.11
2025-10-25 02:00:00-04:00,40.88,41.42,-0.0,-0.54
2025-10-25 03:00:00-04:00,39.23,39.55,-0.0,-0.32
2025-10-25 04:00:00-04:00,39.94,40.26,-0.0,-0.32
2025-10-25 05:00:00-04:00,41.27,41.94,-0.0,-0.67
2025-10-25 06:00:00-04:00,54.86,56.09,-0.0,-1.23
2025-10-25 07:00:00-04:00,69.64,70.63,-0.0,-0.99
2025-10-25 08:00:00-04:00,61.83,62.26,-0.0,-0.43
2025-10-25 09:00:00-04:00,45.35,44.55,-0.0,0.8
2025-10-25 10:00:00-04:00,40.5,40.14,-0.0,0.36
2025-10-25 11:00:00-04:00,39.32,38.93,-0.0,0.39
2025-10-25 12:00:00-04:00,38.7,38.09,-0.0,0.61
2025-10-25 13:00:00-04:00,39.26,38.72,-0.0,0.54
2025-10-25 14:00:00-04:00,39.64,39.21,-0.0,0.43
2025-10-25 15:00:00-04:00,41.79,42.21,-0.0,-0.42
2025-10-25 16:00:00-04:00,47.03,48.69,-0.0,-1.66
2025-10-25 17:00:00-04:00,60.13,63.16,-0.0,-3.03
2025-10-25 18:00:00-04:00,70.42,74.05,-0.0,-3.63
2025-10-25 19:00:00-04:00,67.0,70.08,-0.0,-3.08
2025-10-25 20:00:00-04:00,55.96,58.6,-0.0,-2.64
2025-10-25 21:00:00-04:00,49.09,51.62,-0.0,-2.53
2025-10-25 22:00:00-04:00,45.77,47.04,-0.0,-1.27
2025-10-25 23:00:00-04:00,43.01,44.2,-0.0,-1.19
2025-10-26 00:00:00-04:00,46.03,47.55,-0.0,-1.52
2025-10-26 01:00:00-04:00,44.46,45.93,-0.0,-1.47
2025-10-26 02:00:00-04:00,42.4,43.89,-0.0,-1.49
2025-10-26 03:00:00-04:00,40.26,41.59,-0.0,-1.33
2025-10-26 04:00:00-04:00,39.98,41.34,-0.0,-1.36
2025-10-26 05:00:00-04:00,41.5,42.87,-0.0,-1.37
2025-10-26 06:00:00-04:00,47.44,48.96,-0.25,-1.27
2025-10-26 07:00:00-04:00,57.52,58.44,0.25,-1.17
2025-10-26 08:00:00-04:00,55.73,56.4,-0.0,-0.67
2025-10-26 09:00:00-04:00,46.92,47.15,-0.0,-0.23
2025-10-26 10:00:00-04:00,44.79,44.79,-0.0,0.0
2025-10-26 11:00:00-04:00,41.51,41.76,-0.0,-0.25
2025-10-26 12:00:00-04:00,40.29,40.53,-0.0,-0.24
2025-10-26 13:00:00-04:00,40.01,40.37,-0.0,-0.36
2025-10-26 14:00:00-04:00,41.78,42.07,-0.0,-0.29
2025-10-26 15:00:00-04:00,42.76,43.72,-0.0,-0.96
2025-10-26 16:00:00-04:00,49.8,52.53,-0.0,-2.73
2025-10-26 17:00:00-04:00,61.98,65.04,-0.0,-3.06
2025-10-26 18:00:00-04:00,76.6,80.81,-0.0,-4.21
2025-10-26 19:00:00-04:00,73.88,78.26,-0.0,-4.38
2025-10-26 20:00:00-04:00,59.16,63.07,-0.0,-3.91
2025-10-26 21:00:00-04:00,53.91,56.8,-0.0,-2.89
2025-10-26 22:00:00-04:00,49.91,52.15,-0.0,-2.24
2025-10-26 23:00:00-04:00,45.43,47.47,-0.0,-2.04
2025-10-27 00:00:00-04:00,43.22,44.88,-0.0,-1.66
2025-10-27 01:00:00-04:00,42.59,43.95,-0.0,-1.36
2025-10-27 02:00:00-04:00,41.01,42.02,-0.0,-1.01
2025-10-27 03:00:00-04:00,39.84,41.24,-0.0,-1.4
2025-10-27 04:00:00-04:00,41.62,43.04,-0.0,-1.42
2025-10-27 05:00:00-04:00,44.84,46.51,-0.0,-1.67
2025-10-27 06:00:00-04:00,67.63,72.6,0.91,-5.88
2025-10-27 07:00:00-04:00,85.76,96.21,-0.92,-9.53
2025-10-27 08:00:00-04:00,71.37,80.04,-0.02,-8.65
2025-10-27 09:00:00-04:00,49.0,53.03,-0.0,-4.03
2025-10-27 10:00:00-04:00,43.42,46.29,-0.0,-2.87
2025-10-27 11:00:00-04:00,41.43,44.6,-0.0,-3.17
2025-10-27 12:00:00-04:00,40.7,43.9,-0.0,-3.2
2025-10-27 13:00:00-04:00,41.1,44.48,-0.0,-3.38
2025-10-27 14:00:00-04:00,41.01,44.62,-0.0,-3.61
2025-10-27 15:00:00-04:00,44.53,49.04,-0.0,-4.51
2025-10-27 16:00:00-04:00,49.9,56.79,-0.02,-6.87
2025-10-27 17:00:00-04:00,68.49,78.5,-1.46,-8.55
2025-10-27 18:00:00-04:00,81.48,94.9,-2.51,-10.91
2025-10-27 19:00:00-04:00,77.9,90.23,-2.31,-10.02
2025-10-27 20:00:00-04:00,61.82,71.21,-0.7,-8.69
2025-10-27 21:00:00-04:00,50.0,56.71,-0.02,-6.69
2025-10-27 22:00:00-04:00,47.41,52.41,-0.02,-4.98
2025-10-27 23:00:00-04:00,45.03,48.84,-0.0,-3.81
2025-10-28 00:00:00-04:00,44.29,46.47,-0.0,-2.18
2025-10-28 01:00:00-04:00,41.21,43.33,-0.0,-2.12
2025-10-28 02:00:00-04:00,38.53,40.34,-0.0,-1.81
2025-10-28 03:00:00-04:00,38.5,40.15,-0.0,-1.65
2025-10-28 04:00:00-04:00,39.23,41.29,-0.0,-2.06
2025-10-28 05:00:00-04:00,45.38,48.43,-0.0,-3.05
2025-10-28 06:00:00-04:00,64.69,71.64,-0.0,-6.95
2025-10-28 07:00:00-04:00,85.76,95.19,-0.0,-9.43
2025-10-28 08:00:00-04:00,68.5,78.95,-3.58,-6.87
2025-10-28 09:00:00-04:00,48.71,48.68,3.58,-3.55
2025-10-28 10:00:00-04:00,39.27,42.05,-0.0,-2.78
2025-10-28 11:00:00-04:00,36.64,39.44,-0.0,-2.8
2025-10-28 12:00:00-04:00,35.41,37.63,-0.0,-2.22
2025-10-28 13:00:00-04:00,35.5,38.09,-0.0,-2.59
2025-10-28 14:00:00-04:00,35.25,38.52,-0.0,-3.27
2025-10-28 15:00:00-04:00,38.95,42.02,-0.0,-3.07
2025-10-28 16:00:00-04:00,45.98,51.34,-0.02,-5.34
2025-10-28 17:00:00-04:00,63.23,70.59,-0.02,-7.34
2025-10-28 18:00:00-04:00,76.55,87.68,-1.66,-9.47
2025-10-28 19:00:00-04:00,75.2,81.56,-0.0,-6.36
2025-10-28 20:00:00-04:00,56.3,63.39,-0.37,-6.72
2025-10-28 21:00:00-04:00,47.29,53.16,-0.02,-5.85
2025-10-28 22:00:00-04:00,43.12,47.28,-0.0,-4.16
2025-10-28 23:00:00-04:00,41.3,44.22,-0.0,-2.92
2025-10-29 00:00:00-04:00,39.73,42.63,-0.0,-2.9
2025-10-29 01:00:00-04:00,38.53,41.43,-0.0,-2.9
2025-10-29 02:00:00-04:00,37.71,40.12,-0.0,-2.41
2025-10-29 03:00:00-04:00,37.33,39.63,-0.0,-2.3
2025-10-29 04:00:00-04:00,37.6,40.21,-0.0,-2.61
2025-10-29 05:00:00-04:00,41.15,43.64,-0.0,-2.49
2025-10-29 06:00:00-04:00,56.81,62.43,-0.0,-5.62
2025-10-29 07:00:00-04:00,80.53,89.01,-0.02,-8.46
2025-10-29 08:00:00-04:00,70.36,77.09,-0.02,-6.71
2025-10-29 09:00:00-04:00,47.3,51.76,-0.01,-4.45
2025-10-29 10:00:00-04:00,40.49,45.46,-0.02,-4.95
2025-10-29 11:00:00-04:00,39.46,44.26,-0.02,-4.78
2025-10-29 12:00:00-04:00,38.77,43.05,-0.02,-4.26
2025-10-29 13:00:00-04:00,38.05,42.39,-0.02,-4.32
2025-10-29 14:00:00-04:00,38.29,42.76,-0.02,-4.45
2025-10-29 15:00:00-04:00,40.34,44.94,-0.02,-4.58
2025-10-29 16:00:00-04:00,46.51,53.38,-0.09,-6.78
2025-10-29 17:00:00-04:00,60.1,67.17,-0.02,-7.05
2025-10-29 18:00:00-04:00,75.0,85.33,-1.2,-9.13
2025-10-29 19:00:00-04:00,67.56,75.43,-0.02,-7.85
2025-10-29 20:00:00-04:00,51.8,59.26,-0.23,-7.23
2025-10-29 21:00:00-04:00,43.38,51.16,-1.18,-6.6
2025-10-29 22:00:00-04:00,41.41,45.28,-0.02,-3.85
2025-10-29 23:00:00-04:00,40.07,43.27,-0.0,-3.2
2025-10-30 00:00:00-04:00,37.77,40.1,-0.0,-2.33
2025-10-30 01:00:00-04:00,37.35,38.27,-0.0,-0.92
2025-10-30 02:00:00-04:00,36.38,37.47,-0.0,-1.09
2025-10-30 03:00:00-04:00,35.99,37.07,-0.0,-1.08
2025-10-30 04:00:00-04:00,36.4,37.92,-0.0,-1.52
2025-10-30 05:00:00-04:00,38.79,40.74,-0.0,-1.95
2025-10-30 06:00:00-04:00,50.46,53.91,-0.0,-3.45
2025-10-30 07:00:00-04:00,59.55,64.08,0.53,-5.06
2025-10-30 08:00:00-04:00,64.92,71.63,-0.55,-6.16
2025-10-30 09:00:00-04:00,54.63,61.14,-1.25,-5.26
2025-10-30 10:00:00-04:00,47.64,62.32,-8.76,-5.92
2025-10-30 11:00:00-04:00,45.33,59.93,-8.55,-6.05
2025-10-30 12:00:00-04:00,44.42,57.56,-7.1,-6.04
2025-10-30 13:00:00-04:00,45.13,57.39,-6.52,-5.74
2025-10-30 14:00:00-04:00,42.92,54.13,-5.96,-5.25
2025-10-30 15:00:00-04:00,44.8,57.54,-6.93,-5.81
2025-10-30 16:00:00-04:00,47.52,59.55,-5.36,-6.67
2025-10-30 17:00:00-04:00,56.48,67.27,-2.92,-7.87
2025-10-30 18:00:00-04:00,67.6,73.88,-0.0,-6.28
2025-10-30 19:00:00-04:00,61.3,67.31,-0.02,-5.99
2025-10-30 20:00:00-04:00,50.0,59.07,-2.33,-6.74
2025-10-30 21:00:00-04:00,44.78,50.34,-0.02,-5.54
2025-10-30 22:00:00-04:00,41.03,44.6,-0.0,-3.57
2025-10-30 23:00:00-04:00,39.02,41.33,-0.0,-2.31
2025-10-31 00:00:00-04:00,37.97,40.31,-0.0,-2.34
2025-10-31 01:00:00-04:00,34.98,37.09,-0.0,-2.11
2025-10-31 02:00:00-04:00,34.8,36.67,-0.0,-1.87
2025-10-31 03:00:00-04:00,33.5,35.52,-0.0,-2.02
2025-10-31 04:00:00-04:00,33.47,35.99,-0.0,-2.52
2025-10-31 05:00:00-04:00,34.96,38.12,-0.0,-3.16
2025-10-31 06:00:00-04:00,43.52,48.77,-0.03,-5.22
2025-10-31 07:00:00-04:00,52.39,59.07,-0.65,-6.03
2025-10-31 08:00:00-04:00,50.68,63.03,-6.24,-6.11
2025-10-31 09:00:00-04:00,44.6,51.61,-2.21,-4.8
2025-10-31 10:00:00-04:00,40.43,49.14,-4.24,-4.47
2025-10-31 11:00:00-04:00,38.02,48.19,-5.88,-4.29
2025-10-31 12:00:00-04:00,36.8,46.24,-5.56,-3.88
2025-10-31 13:00:00-04:00,36.8,47.01,-6.4,-3.81
2025-10-31 14:00:00-04:00,35.67,45.58,-6.13,-3.78
2025-10-31 15:00:00-04:00,36.3,48.08,-6.68,-5.1
2025-10-31 16:00:00-04:00,34.56,52.7,-12.13,-6.01
2025-10-31 17:00:00-04:00,37.3,54.67,-11.52,-5.85
2025-10-31 18:00:00-04:00,49.39,60.56,-4.99,-6.18
2025-10-31 19:00:00-04:00,44.67,55.25,-6.05,-4.53
2025-10-31 20:00:00-04:00,38.6,48.66,-5.63,-4.43
2025-10-31 21:00:00-04:00,35.3,42.69,-3.76,-3.63
2025-10-31 22:00:00-04:00,36.99,41.19,-0.66,-3.54
2025-10-31 23:00:00-04:00,35.9,38.75,-0.02,-2.83
2025-11-01 00:00:00-04:00,37.05,40.27,-0.0,-3.22
2025-11-01 01:00:00-04:00,36.56,38.28,-0.0,-1.72
2025-11-01 02:00:00-04:00,35.41,36.47,-0.0,-1.06
2025-11-01 03:00:00-04:00,35.13,36.41,-0.0,-1.28
2025-11-01 04:00:00-04:00,35.6,36.85,-0.0,-1.25
2025-11-01 05:00:00-04:00,36.75,37.73,-0.0,-0.98
2025-11-01 06:00:00-04:00,43.3,44.96,-0.0,-1.66
2025-11-01 07:00:00-04:00,48.91,51.92,-0.0,-3.01
2025-11-01 08:00:00-04:00,50.36,52.95,-0.0,-2.59
2025-11-01 09:00:00-04:00,40.81,42.16,-0.0,-1.35
2025-11-01 10:00:00-04:00,36.77,38.18,-0.0,-1.41
2025-11-01 11:00:00-04:00,35.57,37.09,-0.0,-1.52
2025-11-01 12:00:00-04:00,34.02,35.25,-0.0,-1.23
2025-11-01 13:00:00-04:00,33.92,35.08,-0.0,-1.16
2025-11-01 14:00:00-04:00,33.46,35.04,-0.0,-1.58
2025-11-01 15:00:00-04:00,34.61,36.16,-0.0,-1.55
2025-11-01 16:00:00-04:00,40.95,43.75,-0.0,-2.8
2025-11-01 17:00:00-04:00,55.35,59.65,-0.0,-4.3
2025-11-01 18:00:00-04:00,65.7,70.12,-0.0,-4.42
2025-11-01 19:00:00-04:00,60.6,64.61,-0.0,-4.01
2025-11-01 20:00:00-04:00,53.47,57.5,-0.0,-4.03
2025-11-01 21:00:00-04:00,48.3,51.16,-0.0,-2.86
2025-11-01 22:00:00-04:00,47.5,48.92,-0.0,-1.42
2025-11-01 23:00:00-04:00,43.85,44.34,-0.0,-0.49
2025-11-02 00:00:00-04:00,46.12,48.6,-0.0,-2.48
2025-11-02 01:00:00-04:00,50.21,51.45,-0.0,-1.24
2025-11-02 01:00:00-05:00,48.13,50.08,-0.0,-1.95
2025-11-02 02:00:00-05:00,40.25,41.62,-0.0,-1.37
2025-11-02 03:00:00-05:00,38.2,39.54,-0.0,-1.34
2025-11-02 04:00:00-05:00,37.48,38.17,-0.0,-0.69
2025-11-02 05:00:00-05:00,39.53,41.14,-0.0,-1.61
2025-11-02 06:00:00-05:00,43.81,48.16,-2.23,-2.12
2025-11-02 07:00:00-05:00,48.92,49.99,2.23,-3.3
2025-11-02 08:00:00-05:00,41.6,44.87,-0.0,-3.27
2025-11-02 09:00:00-05:00,35.07,37.11,-0.0,-2.04
2025-11-02 10:00:00-05:00,31.41,32.58,-0.0,-1.17
2025-11-02 11:00:00-05:00,31.42,32.66,-0.0,-1.24
2025-11-02 12:00:00-05:00,32.32,33.7,-0.0,-1.38
2025-11-02 13:00:00-05:00,32.64,34.25,-0.0,-1.61
2025-11-02 14:00:00-05:00,33.64,35.75,-0.0,-2.11
2025-11-02 15:00:00-05:00,38.32,41.83,-0.0,-3.51
2025-11-02 16:00:00-05:00,51.4,55.75,-0.0,-4.35
2025-11-02 17:00:00-05:00,66.87,71.44,-0.0,-4.57
2025-11-02 18:00:00-05:00,68.26,72.77,-0.0,-4.51
2025-11-02 19:00:00-05:00,60.48,65.46,-0.0,-4.98
2025-11-02 20:00:00-05:00,52.79,57.76,-0.0,-4.97
2025-11-02 21:00:00-05:00,47.08,52.49,-0.0,-5.41
2025-11-02 22:00:00-05:00,43.8,47.05,-0.0,-3.25
2025-11-02 23:00:00-05:00,41.22,43.39,-0.0,-2.17
2025-11-03 00:00:00-05:00,39.86,43.61,-0.0,-3.75
2025-11-03 01:00:00-05:00,34.91,38.07,-0.0,-3.16
2025-11-03 02:00:00-05:00,33.49,36.64,-0.0,-3.15
2025-11-03 03:00:00-05:00,32.77,36.09,-0.0,-3.32
2025-11-03 04:00:00-05:00,32.97,36.07,-0.0,-3.1
2025-11-03 05:00:00-05:00,38.51,42.74,-0.0,-4.23
2025-11-03 06:00:00-05:00,53.21,60.06,-0.0,-6.85
2025-11-03 07:00:00-05:00,56.22,64.4,-0.0,-8.18
2025-11-03 08:00:00-05:00,48.88,56.91,-0.01,-8.02
2025-11-03 09:00:00-05:00,41.08,47.12,-0.01,-6.03
2025-11-03 10:00:00-05:00,39.4,44.68,-0.01,-5.27
2025-11-03 11:00:00-05:00,39.12,44.67,-0.01,-5.54
2025-11-03 12:00:00-05:00,39.48,45.29,-0.01,-5.8
2025-11-03 13:00:00-05:00,41.71,48.34,-0.01,-6.62
2025-11-03 14:00:00-05:00,43.91,51.37,-0.01,-7.45
2025-11-03 15:00:00-05:00,46.55,54.85,-0.57,-7.73
2025-11-03 16:00:00-05:00,57.8,68.91,-1.46,-9.65
2025-11-03 17:00:00-05:00,71.01,80.84,0.84,-10.67
2025-11-03 18:00:00-05:00,68.27,77.07,-0.01,-8.79
2025-11-03 19:00:00-05:00,59.43,67.93,-0.01,-8.49
2025-11-03 20:00:00-05:00,50.7,58.3,0.15,-7.75
2025-11-03 21:00:00-05:00,43.5,50.41,0.15,-7.06
2025-11-03 22:00:00-05:00,38.4,43.98,0.09,-5.67
2025-11-03 23:00:00-05:00,36.88,41.16,-0.0,-4.28
2025-11-04 00:00:00-05:00,35.3,38.21,-0.0,-2.91
2025-11-04 01:00:00-05:00,32.7,35.43,-0.0,-2.73
2025-11-04 02:00:00-05:00,32.2,34.7,-0.0,-2.5
2025-11-04 03:00:00-05:00,31.95,34.17,-0.0,-2.22
2025-11-04 04:00:00-05:00,33.1,35.67,-0.0,-2.57
2025-11-04 05:00:00-05:00,36.3,39.41,-0.0,-3.11
2025-11-04 06:00:00-05:00,50.38,56.8,-0.0,-6.42
2025-11-04 07:00:00-05:00,57.4,65.75,-0.0,-8.35
2025-11-04 08:00:00-05:00,40.11,45.53,-0.0,-5.42
2025-11-04 09:00:00-05:00,35.2,38.39,-0.0,-3.19
2025-11-04 10:00:00-05:00,31.73,34.53,-0.0,-2.8
2025-11-04 11:00:00-05:00,31.24,33.99,-0.0,-2.75
2025-11-04 12:00:00-05:00,31.07,33.84,-0.0,-2.77
2025-11-04 13:00:00-05:00,32.45,35.35,-0.0,-2.9
2025-11-04 14:00:00-05:00,35.19,38.63,-0.0,-3.44
2025-11-04 15:00:00-05:00,41.13,45.61,-0.01,-4.47
2025-11-04 16:00:00-05:00,57.07,64.21,-0.01,-7.13
2025-11-04 17:00:00-05:00,77.7,87.32,-0.01,-9.61
2025-11-04 18:00:00-05:00,73.11,81.23,-0.0,-8.12
2025-11-04 19:00:00-05:00,60.09,67.75,-0.0,-7.66
2025-11-04 20:00:00-05:00,52.09,59.28,-0.01,-7.18
2025-11-04 21:00:00-05:00,46.1,51.68,-0.0,-5.58
2025-11-04 22:00:00-05:00,41.44,47.05,-0.01,-5.6
2025-11-04 23:00:00-05:00,38.88,43.59,-0.0,-4.71
2025-11-05 00:00:00-05:00,39.42,41.71,-0.0,-2.29
2025-11-05 01:00:00-05:00,36.11,38.17,-0.0,-2.06
2025-11-05 02:00:00-05:00,35.93,38.14,-0.0,-2.21
2025-11-05 03:00:00-05:00,35.04,37.0,-0.0,-1.96
2025-11-05 04:00:00-05:00,36.13,38.95,-0.21,-2.61
2025-11-05 05:00:00-05:00,39.35,45.73,-1.4,-4.98
2025-11-05 06:00:00-05:00,52.6,58.34,1.61,-7.35
2025-11-05 07:00:00-05:00,64.92,66.88,6.07,-8.03
2025-11-05 08:00:00-05:00,44.55,56.99,-6.06,-6.38
2025-11-05 09:00:00-05:00,42.99,48.42,-0.01,-5.42
2025-11-05 10:00:00-05:00,38.3,43.88,-0.01,-5.57
2025-11-05 11:00:00-05:00,38.54,44.26,-0.01,-5.71
2025-11-05 12:00:00-05:00,37.63,42.82,-0.01,-5.18
2025-11-05 13:00:00-05:00,38.71,44.15,-0.01,-5.43
2025-11-05 14:00:00-05:00,40.75,47.62,-0.35,-6.52
2025-11-05 15:00:00-05:00,44.02,53.89,-2.49,-7.38
2025-11-05 16:00:00-05:00,53.51,67.64,-5.2,-8.93
2025-11-05 17:00:00-05:00,73.18,77.46,5.17,-9.45
2025-11-05 18:00:00-05:00,59.51,67.41,-0.01,-7.89
2025-11-05 19:00:00-05:00,50.08,56.92,-0.01,-6.83
2025-11-05 20:00:00-05:00,45.25,52.08,-0.01,-6.82
2025-11-05 21:00:00-05:00,41.14,46.87,-0.01,-5.72
2025-11-05 22:00:00-05:00,38.02,42.78,-0.01,-4.75
2025-11-05 23:00:00-05:00,34.37,37.85,-0.0,-3.48
2025-11-06 00:00:00-05:00,34.31,36.85,-0.0,-2.54
2025-11-06 01:00:00-05:00,31.55,34.03,-0.0,-2.48
2025-11-06 02:00:00-05:00,31.5,33.83,-0.0,-2.33
2025-11-06 03:00:00-05:00,31.37,33.69,-0.0,-2.32
2025-11-06 04:00:00-05:00,33.09,34.98,-0.0,-1.89
2025-11-06 05:00:00-05:00,36.65,39.88,-0.0,-3.23
2025-11-06 06:00:00-05:00,50.85,56.88,-0.0,-6.03
2025-11-06 07:00:00-05:00,58.5,65.0,-0.0,-6.5
2025-11-06 08:00:00-05:00,47.2,51.47,-0.0,-4.27
2025-11-06 09:00:00-05:00,38.59,41.41,-0.0,-2.82
2025-11-06 10:00:00-05:00,37.06,39.09,-0.0,-2.03
2025-11-06 11:00:00-05:00,35.07,36.64,-0.0,-1.57
2025-11-06 12:00:00-05:00,36.24,38.84,-0.0,-2.6
2025-11-06 13:00:00-05:00,36.22,38.86,-0.0,-2.64
2025-11-06 14:00:00-05:00,38.36,41.43,-0.0,-3.07
2025-11-06 15:00:00-05:00,45.25,49.78,-0.0,-4.53
2025-11-06 16:00:00-05:00,64.33,70.46,-0.0,-6.13
2025-11-06 17:00:00-05:00,76.8,85.14,-0.0,-8.34
2025-11-06 18:00:00-05:00,74.19,81.98,-0.0,-7.79
2025-11-06 19:00:00-05:00,63.74,69.81,-0.0,-6.07
2025-11-06 20:00:00-05:00,54.23,59.22,0.22,-5.21
2025-11-06 21:00:00-05:00,47.0,51.49,-0.22,-4.27
2025-11-06 22:00:00-05:00,41.97,45.62,-0.0,-3.65
2025-11-06 23:00:00-05:00,40.97,43.91,-0.0,-2.94
2025-11-07 00:00:00-05:00,39.98,43.17,-0.0,-3.19
2025-11-07 01:00:00-05:00,36.3,39.85,-0.0,-3.55
2025-11-07 02:00:00-05:00,36.29,39.79,-0.0,-3.5
2025-11-07 03:00:00-05:00,35.3,38.71,-0.0,-3.41
2025-11-07 04:00:00-05:00,34.85,38.38,-0.0,-3.53
2025-11-07 05:00:00-05:00,38.42,44.17,-0.01,-5.74
2025-11-07 06:00:00-05:00,51.2,59.83,-0.02,-8.61
2025-11-07 07:00:00-05:00,59.44,68.57,-0.01,-9.12
2025-11-07 08:00:00-05:00,48.7,55.35,-0.01,-6.64
2025-11-07 09:00:00-05:00,43.05,48.77,-0.01,-5.71
2025-11-07 10:00:00-05:00,39.37,44.44,-0.0,-5.07
2025-11-07 11:00:00-05:00,38.57,43.39,-0.0,-4.82
2025-11-07 12:00:00-05:00,37.44,42.51,-0.01,-5.06
2025-11-07 13:00:00-05:00,39.35,44.52,-0.01,-5.16
2025-11-07 14:00:00-05:00,42.39,48.46,-0.01,-6.06
2025-11-07 15:00:00-05:00,44.96,53.03,-1.76,-6.31
2025-11-07 16:00:00-05:00,51.32,55.7,1.75,-6.13
2025-11-07 17:00:00-05:00,63.38,71.94,-0.0,-8.56
2025-11-07 18:00:00-05:00,55.85,63.04,-0.0,-7.19
2025-11-07 19:00:00-05:00,50.0,55.93,-0.0,-5.93
2025-11-07 20:00:00-05:00,46.05,51.74,-0.0,-5.69
2025-11-07 21:00:00-05:00,40.01,45.11,-0.0,-5.1
2025-11-07 22:00:00-05:00,36.5,41.34,-0.0,-4.84
2025-11-07 23:00:00-05:00,36.0,40.18,-0.0,-4.18
2025-11-08 00:00:00-05:00,36.23,38.79,-0.0,-2.56
2025-11-08 01:00:00-05:00,33.75,35.75,-0.0,-2.0
2025-11-08 02:00:00-05:00,33.05,34.9,-0.0,-1.85
2025-11-08 03:00:00-05:00,32.56,34.09,-0.0,-1.53
2025-11-08 04:00:00-05:00,33.5,34.97,-0.0,-1.47
2025-11-08 05:00:00-05:00,36.36,38.15,-0.0,-1.79
2025-11-08 06:00:00-05:00,42.11,44.94,-0.0,-2.83
2025-11-08 07:00:00-05:00,44.18,45.97,1.93,-3.72
2025-11-08 08:00:00-05:00,39.0,44.39,-1.93,-3.46
2025-11-08 09:00:00-05:00,36.44,39.06,-0.0,-2.62
2025-11-08 10:00:00-05:00,35.37,37.67,-0.0,-2.3
2025-11-08 11:00:00-05:00,34.4,36.25,-0.0,-1.85
2025-11-08 12:00:00-05:00,33.64,35.37,-0.0,-1.73
2025-11-08 13:00:00-05:00,34.74,36.61,-0.0,-1.87
2025-11-08 14:00:00-05:00,35.11,37.31,-0.0,-2.2
2025-11-08 15:00:00-05:00,43.5,46.62,-0.0,-3.12
2025-11-08 16:00:00-05:00,52.9,57.94,-0.0,-5.04
2025-11-08 17:00:00-05:00,69.13,74.25,-0.0,-5.12
2025-11-08 18:00:00-05:00,64.92,70.11,-0.0,-5.19
2025-11-08 19:00:00-05:00,59.41,64.93,-0.0,-5.52
2025-11-08 20:00:00-05:00,50.13,54.79,-0.0,-4.66
2025-11-08 21:00:00-05:00,43.83,47.59,-0.0,-3.76
2025-11-08 22:00:00-05:00,39.46,42.66,-0.0,-3.2
2025-11-08 23:00:00-05:00,38.17,40.96,-0.0,-2.79
2025-11-09 00:00:00-05:00,45.37,48.47,-0.0,-3.1
2025-11-09 01:00:00-05:00,43.13,45.35,-0.0,-2.22
2025-11-09 02:00:00-05:00,38.96,40.97,-0.0,-2.01
2025-11-09 03:00:00-05:00,37.78,39.48,-0.0,-1.7
2025-11-09 04:00:00-05:00,36.89,38.55,-0.0,-1.66
2025-11-09 05:00:00-05:00,39.4,41.78,-0.0,-2.38
2025-11-09 06:00:00-05:00,45.34,47.38,-0.0,-2.04
2025-11-09 07:00:00-05:00,45.85,48.67,-0.0,-2.82
2025-11-09 08:00:00-05:00,40.5,42.99,1.55,-4.04
2025-11-09 09:00:00-05:00,42.3,48.77,-1.55,-4.92
2025-11-09 10:00:00-05:00,44.99,49.44,-0.0,-4.45
2025-11-09 11:00:00-05:00,43.18,48.3,-0.0,-5.12
2025-11-09 12:00:00-05:00,44.89,50.97,-0.01,-6.07
2025-11-09 13:00:00-05:00,46.74,53.37,-0.01,-6.62
2025-11-09 14:00:00-05:00,47.29,54.99,-0.88,-6.82
2025-11-09 15:00:00-05:00,48.09,58.64,-4.16,-6.39
2025-11-09 16:00:00-05:00,59.41,61.26,5.01,-6.86
2025-11-09 17:00:00-05:00,71.37,78.51,-0.0,-7.14
2025-11-09 18:00:00-05:00,68.51,76.72,-0.0,-8.21
2025-11-09 19:00:00-05:00,58.55,65.05,-0.0,-6.5
2025-11-09 20:00:00-05:00,52.75,57.84,-0.0,-5.09
2025-11-09 21:00:00-05:00,45.85,49.46,-0.0,-3.61
2025-11-09 22:00:00-05:00,41.76,44.19,-0.0,-2.43
2025-11-09 23:00:00-05:00,39.67,40.9,-0.0,-1.23
2025-11-10 00:00:00-05:00,42.96,43.88,-0.0,-0.92
2025-11-10 01:00:00-05:00,38.63,39.95,-0.0,-1.32
2025-11-10 02:00:00-05:00,37.99,39.13,-0.0,-1.14
2025-11-10 03:00:00-05:00,36.42,37.55,-0.0,-1.13
2025-11-10 04:00:00-05:00,37.39,38.35,-0.0,-0.96
2025-11-10 05:00:00-05:00,41.56,44.43,-0.78,-2.09
2025-11-10 06:00:00-05:00,54.63,57.78,0.78,-3.93
2025-11-10 07:00:00-05:00,63.12,67.45,0.8,-5.13
2025-11-10 08:00:00-05:00,56.41,61.92,-0.8,-4.71
2025-11-10 09:00:00-05:00,55.78,59.66,-0.0,-3.88
2025-11-10 10:00:00-05:00,54.21,58.61,-0.0,-4.4
2025-11-10 11:00:00-05:00,53.96,58.08,-0.0,-4.12
2025-11-10 12:00:00-05:00,53.8,57.97,-0.0,-4.17
2025-11-10 13:00:00-05:00,55.43,60.19,-0.0,-4.76
2025-11-10 14:00:00-05:00,54.82,59.39,-0.0,-4.57
2025-11-10 15:00:00-05:00,60.56,66.99,-0.0,-6.43
2025-11-10 16:00:00-05:00,75.86,84.01,-0.0,-8.15
2025-11-10 17:00:00-05:00,96.91,104.99,-0.0,-8.08
2025-11-10 18:00:00-05:00,85.0,93.3,-0.0,-8.3
2025-11-10 19:00:00-05:00,74.38,81.29,-0.0,-6.91
2025-11-10 20:00:00-05:00,62.33,67.17,0.67,-5.51
2025-11-10 21:00:00-05:00,55.3,60.58,-0.67,-4.61
2025-11-10 22:00:00-05:00,48.07,51.85,-0.0,-3.78
2025-11-10 23:00:00-05:00,46.83,49.34,-0.0,-2.51
2025-11-11 00:00:00-05:00,43.7,46.0,-0.0,-2.3
2025-11-11 01:00:00-05:00,42.67,45.25,-0.0,-2.58
2025-11-11 02:00:00-05:00,39.99,42.45,-0.0,-2.46
2025-11-11 03:00:00-05:00,39.65,42.05,-0.0,-2.4
2025-11-11 04:00:00-05:00,41.19,44.63,-0.0,-3.44
2025-11-11 05:00:00-05:00,44.68,49.1,-0.0,-4.42
2025-11-11 06:00:00-05:00,57.64,64.98,-0.0,-7.34
2025-11-11 07:00:00-05:00,65.59,75.06,-0.01,-9.46
2025-11-11 08:00:00-05:00,56.51,63.64,-0.0,-7.13
2025-11-11 09:00:00-05:00,54.02,59.96,-0.0,-5.94
2025-11-11 10:00:00-05:00,54.13,60.01,-0.0,-5.88
2025-11-11 11:00:00-05:00,51.56,57.3,-0.01,-5.73
2025-11-11 12:00:00-05:00,50.1,55.93,-0.01,-5.82
2025-11-11 13:00:00-05:00,49.95,56.33,-0.01,-6.37
2025-11-11 14:00:00-05:00,50.36,56.85,-0.01,-6.48
2025-11-11 15:00:00-05:00,53.86,61.22,-0.01,-7.35
2025-11-11 16:00:00-05:00,70.75,80.96,-0.01,-10.2
2025-11-11 17:00:00-05:00,94.02,106.86,-0.01,-12.83
2025-11-11 18:00:00-05:00,82.2,93.96,-0.01,-11.75
2025-11-11 19:00:00-05:00,74.54,84.62,-0.01,-10.07
2025-11-11 20:00:00-05:00,60.73,69.18,-0.01,-8.44
2025-11-11 21:00:00-05:00,53.78,61.97,-0.01,-8.18
2025-11-11 22:00:00-05:00,47.96,53.77,-0.0,-5.81
2025-11-11 23:00:00-05:00,45.24,49.71,-0.0,-4.47
2025-11-12 00:00:00-05:00,43.41,47.65,-0.0,-4.24
2025-11-12 01:00:00-05:00,39.91,43.95,-0.0,-4.04
2025-11-12 02:00:00-05:00,38.72,42.79,-0.0,-4.07
2025-11-12 03:00:00-05:00,38.33,42.49,-0.0,-4.16
2025-11-12 04:00:00-05:00,38.84,43.11,-0.0,-4.27
2025-11-12 05:00:00-05:00,41.69,46.48,-0.0,-4.79
2025-11-12 06:00:00-05:00,61.23,67.96,-0.0,-6.73
2025-11-12 07:00:00-05:00,77.69,86.23,-0.0,-8.54
2025-11-12 08:00:00-05:00,68.97,77.67,-0.0,-8.7
2025-11-12 09:00:00-05:00,61.0,67.48,-0.0,-6.48
2025-11-12 10:00:00-05:00,57.99,63.66,-0.0,-5.67
2025-11-12 11:00:00-05:00,55.89,62.17,-0.0,-6.28
2025-11-12 12:00:00-05:00,54.34,60.44,-0.0,-6.1
2025-11-12 13:00:00-05:00,54.61,61.85,-0.0,-7.24
2025-11-12 14:00:00-05:00,54.77,62.1,-0.0,-7.33
2025-11-12 15:00:00-05:00,57.7,64.69,-0.0,-6.99
2025-11-12 16:00:00-05:00,64.84,73.1,-0.0,-8.26
2025-11-12 17:00:00-05:00,76.16,85.09,-0.0,-8.93
2025-11-12 18:00:00-05:00,72.46,80.24,-0.0,-7.78
2025-11-12 19:00:00-05:00,65.5,72.94,-0.0,-7.44
2025-11-12 20:00:00-05:00,57.17,64.02,-0.0,-6.85
2025-11-12 21:00:00-05:00,51.05,57.49,-0.0,-6.44
2025-11-12 22:00:00-05:00,45.31,50.91,-0.0,-5.6
2025-11-12 23:00:00-05:00,41.14,45.71,-0.0,-4.57
2025-11-13 00:00:00-05:00,40.01,44.11,-0.0,-4.1
2025-11-13 01:00:00-05:00,38.75,43.25,-0.0,-4.5
2025-11-13 02:00:00-05:00,37.15,41.18,-0.0,-4.03
2025-11-13 03:00:00-05:00,37.06,41.18,-0.0,-4.12
2025-11-13 04:00:00-05:00,36.9,41.04,-0.0,-4.14
2025-11-13 05:00:00-05:00,39.0,43.33,-0.0,-4.33
2025-11-13 06:00:00-05:00,55.95,63.01,-0.0,-7.06
2025-11-13 07:00:00-05:00,67.69,75.89,-0.0,-8.2
2025-11-13 08:00:00-05:00,54.14,61.6,-0.0,-7.46
2025-11-13 09:00:00-05:00,50.22,56.36,-0.0,-6.14
2025-11-13 10:00:00-05:00,47.0,53.05,-0.0,-6.05
2025-11-13 11:00:00-05:00,45.59,51.23,-0.0,-5.64
2025-11-13 12:00:00-05:00,45.27,51.04,-0.0,-5.77
2025-11-13 13:00:00-05:00,45.95,51.8,-0.0,-5.85
2025-11-13 14:00:00-05:00,46.84,52.76,-0.01,-5.91
2025-11-13 15:00:00-05:00,53.32,60.27,-0.02,-6.93
2025-11-13 16:00:00-05:00,60.5,69.32,-0.02,-8.8
2025-11-13 17:00:00-05:00,78.17,88.23,-0.0,-10.06
2025-11-13 18:00:00-05:00,69.75,78.55,-0.0,-8.8
2025-11-13 19:00:00-05:00,59.57,66.71,-0.0,-7.14
2025-11-13 20:00:00-05:00,54.11,59.99,-0.0,-5.88
2025-11-13 21:00:00-05:00,50.14,56.21,-0.0,-6.07
2025-11-13 22:00:00-05:00,46.5,51.44,-0.0,-4.94
2025-11-13 23:00:00-05:00,43.18,47.98,-0.0,-4.8
2025-11-14 00:00:00-05:00,46.29,50.59,-0.0,-4.3
2025-11-14 01:00:00-05:00,41.7,45.08,-0.0,-3.38
2025-11-14 02:00:00-05:00,40.58,44.01,-0.0,-3.43
2025-11-14 03:00:00-05:00,39.95,43.19,-0.0,-3.24
2025-11-14 04:00:00-05:00,41.74,45.17,-0.0,-3.43
2025-11-14 05:00:00-05:00,45.1,50.22,-0.0,-5.12
2025-11-14 06:00:00-05:00,62.73,68.78,-0.0,-6.05
2025-11-14 07:00:00-05:00,79.34,87.77,-0.0,-8.43
2025-11-14 08:00:00-05:00,61.5,66.27,-0.0,-4.77
2025-11-14 09:00:00-05:00,52.82,55.84,-0.0,-3.02
2025-11-14 10:00:00-05:00,49.56,52.61,-0.0,-3.05
2025-11-14 11:00:00-05:00,46.36,49.37,-0.0,-3.01
2025-11-14 12:00:00-05:00,47.88,51.99,-0.0,-4.11
2025-11-14 13:00:00-05:00,49.66,53.98,-0.0,-4.32
2025-11-14 14:00:00-05:00,53.73,58.79,-0.0,-5.06
2025-11-14 15:00:00-05:00,59.45,64.9,-0.0,-5.45
2025-11-14 16:00:00-05:00,75.0,82.06,-0.0,-7.06
2025-11-14 17:00:00-05:00,88.54,95.0,-0.0,-6.46
2025-11-14 18:00:00-05:00,79.14,84.02,-0.0,-4.88
2025-11-14 19:00:00-05:00,69.11,73.84,-0.0,-4.73
2025-11-14 20:00:00-05:00,59.23,63.42,-0.0,-4.19
2025-11-14 21:00:00-05:00,54.46,58.88,-0.0,-4.42
2025-11-14 22:00:00-05:00,50.61,53.73,-0.0,-3.12
2025-11-14 23:00:00-05:00,46.99,49.88,-0.0,-2.89
2025-11-15 00:00:00-05:00,51.95,54.8,-0.0,-2.85
2025-11-15 01:00:00-05:00,51.24,54.22,-0.0,-2.98
2025-11-15 02:00:00-05:00,47.17,50.4,-0.0,-3.23
2025-11-15 03:00:00-05:00,47.37,50.5,-0.0,-3.13
2025-11-15 04:00:00-05:00,46.5,50.0,-0.0,-3.5
2025-11-15 05:00:00-05:00,46.74,51.92,-1.96,-3.22
2025-11-15 06:00:00-05:00,59.06,63.63,-0.37,-4.2
2025-11-15 07:00:00-05:00,61.43,64.31,2.33,-5.21
2025-11-15 08:00:00-05:00,51.33,55.91,-0.0,-4.58
2025-11-15 09:00:00-05:00,47.0,51.09,-0.0,-4.09
2025-11-15 10:00:00-05:00,43.0,47.41,-0.0,-4.41
2025-11-15 11:00:00-05:00,41.17,45.09,-0.0,-3.92
2025-11-15 12:00:00-05:00,40.5,45.1,-0.0,-4.6
2025-11-15 13:00:00-05:00,42.0,47.3,-0.0,-5.3
2025-11-15 14:00:00-05:00,45.28,51.76,-0.01,-6.47
2025-11-15 15:00:00-05:00,49.0,59.21,-2.46,-7.75
2025-11-15 16:00:00-05:00,55.34,63.81,0.34,-8.81
2025-11-15 17:00:00-05:00,62.14,71.19,-0.01,-9.04
2025-11-15 18:00:00-05:00,58.22,65.95,-0.01,-7.72
2025-11-15 19:00:00-05:00,53.14,60.47,-0.01,-7.32
2025-11-15 20:00:00-05:00,46.8,53.1,-0.03,-6.27
2025-11-15 21:00:00-05:00,41.8,48.1,-0.19,-6.11
2025-11-15 22:00:00-05:00,40.15,45.48,-0.01,-5.32
2025-11-15 23:00:00-05:00,39.16,44.06,-0.01,-4.89
2025-11-16 00:00:00-05:00,35.0,39.56,-0.01,-4.55
2025-11-16 01:00:00-05:00,33.6,37.64,-0.01,-4.03
2025-11-16 02:00:00-05:00,32.66,36.71,-0.01,-4.04
2025-11-16 03:00:00-05:00,31.97,35.73,-0.01,-3.75
2025-11-16 04:00:00-05:00,30.99,34.02,-0.0,-3.03
2025-11-16 05:00:00-05:00,31.6,34.84,-0.0,-3.24
2025-11-16 06:00:00-05:00,34.3,37.49,-0.0,-3.19
2025-11-16 07:00:00-05:00,36.44,39.69,-0.0,-3.25
2025-11-16 08:00:00-05:00,34.53,38.07,-0.0,-3.54
2025-11-16 09:00:00-05:00,33.72,37.31,-0.01,-3.58
2025-11-16 10:00:00-05:00,32.5,36.28,-0.01,-3.77
2025-11-16 11:00:00-05:00,32.03,35.92,-0.01,-3.88
2025-11-16 12:00:00-05:00,34.42,38.17,-0.01,-3.74
2025-11-16 13:00:00-05:00,34.8,38.68,-0.01,-3.87
2025-11-16 14:00:00-05:00,36.36,40.64,-0.01,-4.27
2025-11-16 15:00:00-05:00,40.09,44.86,-0.01,-4.76
2025-11-16 16:00:00-05:00,45.78,51.98,-0.01,-6.19
2025-11-16 17:00:00-05:00,55.67,61.45,-0.0,-5.78
2025-11-16 18:00:00-05:00,52.99,58.29,-0.0,-5.3
2025-11-16 19:00:00-05:00,46.37,51.82,-0.01,-5.44
2025-11-16 20:00:00-05:00,41.77,46.62,-0.0,-4.85
2025-11-16 21:00:00-05:00,38.71,43.22,-0.01,-4.5
2025-11-16 22:00:00-05:00,36.72,40.0,-0.0,-3.28
2025-11-16 23:00:00-05:00,36.11,39.33,-0.0,-3.22
2025-11-17 00:00:00-05:00,36.66,40.07,-0.0,-3.41
2025-11-17 01:00:00-05:00,34.35,36.94,-0.0,-2.59
2025-11-17 02:00:00-05:00,32.94,35.34,-0.0,-2.4
2025-11-17 03:00:00-05:00,32.52,35.04,-0.0,-2.52
2025-11-17 04:00:00-05:00,34.05,36.97,-0.0,-2.92
2025-11-17 05:00:00-05:00,36.8,40.26,-0.0,-3.46
2025-11-17 06:00:00-05:00,51.63,56.0,-0.0,-4.37
2025-11-17 07:00:00-05:00,60.17,67.09,-0.01,-6.91
2025-11-17 08:00:00-05:00,50.9,56.0,-0.0,-5.1
2025-11-17 09:00:00-05:00,48.0,52.23,-0.0,-4.23
2025-11-17 10:00:00-05:00,47.51,51.59,-0.0,-4.08
2025-11-17 11:00:00-05:00,46.03,50.42,-0.0,-4.39
2025-11-17 12:00:00-05:00,45.75,50.16,-0.0,-4.41
2025-11-17 13:00:00-05:00,46.7,51.04,-0.0,-4.34
2025-11-17 14:00:00-05:00,47.85,52.24,-0.0,-4.39
2025-11-17 15:00:00-05:00,50.23,55.52,-0.01,-5.28
2025-11-17 16:00:00-05:00,60.59,67.26,-0.01,-6.66
2025-11-17 17:00:00-05:00,78.0,87.26,-0.01,-9.25
2025-11-17 18:00:00-05:00,71.58,77.97,-0.0,-6.39
2025-11-17 19:00:00-05:00,60.25,66.58,-0.0,-6.33
2025-11-17 20:00:00-05:00,55.57,61.13,-0.0,-5.56
2025-11-17 21:00:00-05:00,51.13,55.94,-0.0,-4.81
2025-11-17 22:00:00-05:00,47.59,50.79,-0.0,-3.2
2025-11-17 23:00:00-05:00,45.76,47.92,-0.0,-2.16
2025-11-18 00:00:00-05:00,42.9,43.33,-0.0,-0.43
2025-11-18 01:00:00-05:00,41.1,41.39,-0.0,-0.29
2025-11-18 02:00:00-05:00,40.94,41.27,-0.0,-0.33
2025-11-18 03:00:00-05:00,40.71,41.16,-0.0,-0.45
2025-11-18 04:00:00-05:00,41.79,42.08,-0.0,-0.29
2025-11-18 05:00:00-05:00,42.85,43.9,-0.0,-1.05
2025-11-18 06:00:00-05:00,57.58,60.61,-0.0,-3.03
2025-11-18 07:00:00-05:00,73.15,76.51,-0.0,-3.36
2025-11-18 08:00:00-05:00,53.28,55.5,-0.0,-2.22
2025-11-18 09:00:00-05:00,49.11,50.11,-0.0,-1.0
2025-11-18 10:00:00-05:00,45.49,46.09,-0.0,-0.6
2025-11-18 11:00:00-05:00,43.91,44.67,-0.0,-0.76
2025-11-18 12:00:00-05:00,43.55,44.03,-0.0,-0.48
2025-11-18 13:00:00-05:00,45.46,46.01,-0.0,-0.55
2025-11-18 14:00:00-05:00,46.28,47.42,-0.0,-1.14
2025-11-18 15:00:00-05:00,53.4,55.6,-0.25,-1.95
2025-11-18 16:00:00-05:00,66.6,69.12,0.25,-2.77
2025-11-18 17:00:00-05:00,88.57,92.45,-0.0,-3.88
2025-11-18 18:00:00-05:00,78.24,81.42,-0.0,-3.18
2025-11-18 19:00:00-05:00,69.25,71.54,-0.0,-2.29
2025-11-18 20:00:00-05:00,62.47,64.34,-0.0,-1.87
2025-11-18 21:00:00-05:00,55.86,56.71,-0.0,-0.85
2025-11-18 22:00:00-05:00,51.22,52.7,-0.0,-1.48
2025-11-18 23:00:00-05:00,47.38,48.1,-0.0,-0.72
2025-11-19 00:00:00-05:00,52.23,52.97,-0.0,-0.74
2025-11-19 01:00:00-05:00,50.15,50.61,-0.0,-0.46
2025-11-19 02:00:00-05:00,48.89,49.18,-0.0,-0.29
2025-11-19 03:00:00-05:00,49.77,49.87,-0.0,-0.1
2025-11-19 04:00:00-05:00,49.98,50.58,-0.0,-0.6
2025-11-19 05:00:00-05:00,51.01,53.52,-0.0,-2.51
2025-11-19 06:00:00-05:00,69.99,74.67,0.1,-4.78
2025-11-19 07:00:00-05:00,81.15,88.03,-0.1,-6.78
2025-11-19 08:00:00-05:00,56.92,61.94,-0.0,-5.02
2025-11-19 09:00:00-05:00,52.17,55.5,-0.0,-3.33
2025-11-19 10:00:00-05:00,45.06,47.48,-0.0,-2.42
2025-11-19 11:00:00-05:00,44.27,46.85,-0.0,-2.58
2025-11-19 12:00:00-05:00,43.69,46.09,-0.0,-2.4
2025-11-19 13:00:00-05:00,44.56,47.15,-0.0,-2.59
2025-11-19 14:00:00-05:00,46.16,49.9,-0.0,-3.74
2025-11-19 15:00:00-05:00,55.55,60.51,-0.0,-4.96
2025-11-19 16:00:00-05:00,71.28,78.26,-0.01,-6.97
2025-11-19 17:00:00-05:00,87.51,95.34,-0.01,-7.82
2025-11-19 18:00:00-05:00,76.47,83.31,-0.01,-6.83
2025-11-19 19:00:00-05:00,69.82,76.65,-0.01,-6.82
2025-11-19 20:00:00-05:00,62.91,67.57,-0.0,-4.66
2025-11-19 21:00:00-05:00,54.97,59.94,-0.0,-4.97
2025-11-19 22:00:00-05:00,51.04,55.3,-0.0,-4.26
2025-11-19 23:00:00-05:00,50.99,52.89,-0.0,-1.9
2025-11-20 00:00:00-05:00,49.47,50.79,-0.0,-1.32
2025-11-20 01:00:00-05:00,46.34,47.29,-0.0,-0.95
2025-11-20 02:00:00-05:00,44.06,45.05,-0.0,-0.99
2025-11-20 03:00:00-05:00,43.74,44.45,-0.0,-0.71
2025-11-20 04:00:00-05:00,44.78,45.69,-0.0,-0.91
2025-11-20 05:00:00-05:00,47.96,50.54,-0.0,-2.58
2025-11-20 06:00:00-05:00,66.93,73.15,-0.0,-6.22
2025-11-20 07:00:00-05:00,78.91,85.68,-0.0,-6.77
2025-11-20 08:00:00-05:00,58.46,63.96,-0.0,-5.5
2025-11-20 09:00:00-05:00,52.51,56.16,-0.0,-3.65
2025-11-20 10:00:00-05:00,47.24,50.31,-0.0,-3.07
2025-11-20 11:00:00-05:00,43.22,45.83,-0.0,-2.61
2025-11-20 12:00:00-05:00,43.51,46.34,-0.0,-2.83
2025-11-20 13:00:00-05:00,45.05,48.23,-0.0,-3.18
2025-11-20 14:00:00-05:00,45.1,48.55,-0.0,-3.45
2025-11-20 15:00:00-05:00,50.36,55.35,-0.01,-4.98
2025-11-20 16:00:00-05:00,64.72,71.2,-0.0,-6.48
2025-11-20 17:00:00-05:00,73.84,81.23,-0.0,-7.39
2025-11-20 18:00:00-05:00,65.98,72.03,-0.0,-6.05
2025-11-20 19:00:00-05:00,60.16,66.29,0.03,-6.16
2025-11-20 20:00:00-05:00,54.46,60.01,0.03,-5.58
2025-11-20 21:00:00-05:00,49.65,54.36,0.18,-4.89
2025-11-20 22:00:00-05:00,45.76,49.26,-0.0,-3.5
2025-11-20 23:00:00-05:00,42.0,44.74,0.26,-3.0
2025-11-21 00:00:00-05:00,44.69,47.9,0.05,-3.26
2025-11-21 01:00:00-05:00,42.3,44.57,-0.0,-2.27
2025-11-21 02:00:00-05:00,39.69,42.03,0.01,-2.35
2025-11-21 03:00:00-05:00,39.24,41.3,-0.0,-2.06
2025-11-21 04:00:00-05:00,40.1,42.12,-0.0,-2.02
2025-11-21 05:00:00-05:00,40.01,41.93,0.93,-2.85
2025-11-21 06:00:00-05:00,63.27,68.03,0.07,-4.83
2025-11-21 07:00:00-05:00,72.35,73.67,3.84,-5.16
2025-11-21 08:00:00-05:00,56.74,66.45,-3.73,-5.98
2025-11-21 09:00:00-05:00,54.58,59.01,-0.0,-4.43
2025-11-21 10:00:00-05:00,51.96,56.6,-0.0,-4.64
2025-11-21 11:00:00-05:00,49.34,53.92,-0.0,-4.58
2025-11-21 12:00:00-05:00,47.78,52.62,-0.0,-4.84
2025-11-21 13:00:00-05:00,47.69,52.24,-0.0,-4.55
2025-11-21 14:00:00-05:00,50.33,55.07,-0.0,-4.74
2025-11-21 15:00:00-05:00,51.12,54.91,0.82,-4.61
2025-11-21 16:00:00-05:00,61.28,65.64,0.76,-5.12
2025-11-21 17:00:00-05:00,73.95,80.04,-0.0,-6.09
2025-11-21 18:00:00-05:00,67.21,72.66,-0.0,-5.45
2025-11-21 19:00:00-05:00,60.09,65.67,-0.0,-5.58
2025-11-21 20:00:00-05:00,57.4,62.32,-0.0,-4.92
2025-11-21 21:00:00-05:00,53.23,56.93,-0.0,-3.7
2025-11-21 22:00:00-05:00,51.16,53.57,-0.0,-2.41
2025-11-21 23:00:00-05:00,45.78,47.3,-0.0,-1.52
2025-11-22 00:00:00-05:00,48.34,49.13,-0.0,-0.79
2025-11-22 01:00:00-05:00,46.37,47.41,-0.0,-1.04
2025-11-22 02:00:00-05:00,42.45,43.67,-0.0,-1.22
2025-11-22 03:00:00-05:00,41.09,42.14,-0.0,-1.05
2025-11-22 04:00:00-05:00,40.44,41.52,-0.0,-1.08
2025-11-22 05:00:00-05:00,43.34,44.05,-0.0,-0.71
2025-11-22 06:00:00-05:00,51.05,53.18,-0.0,-2.13
2025-11-22 07:00:00-05:00,55.01,57.96,-0.0,-2.95
2025-11-22 08:00:00-05:00,52.53,55.82,-0.0,-3.29
2025-11-22 09:00:00-05:00,49.98,52.33,-0.0,-2.35
2025-11-22 10:00:00-05:00,49.47,51.16,-0.0,-1.69
2025-11-22 11:00:00-05:00,47.01,48.61,-0.0,-1.6
2025-11-22 12:00:00-05:00,44.79,46.56,-0.0,-1.77
2025-11-22 13:00:00-05:00,45.03,46.66,-0.0,-1.63
2025-11-22 14:00:00-05:00,47.64,49.78,-0.0,-2.14
2025-11-22 15:00:00-05:00,51.78,54.74,-0.0,-2.96
2025-11-22 16:00:00-05:00,62.34,66.6,-0.0,-4.26
2025-11-22 17:00:00-05:00,74.84,79.36,-0.0,-4.52
2025-11-22 18:00:00-05:00,66.95,71.84,-0.0,-4.89
2025-11-22 19:00:00-05:00,61.83,66.49,-0.0,-4.66
2025-11-22 20:00:00-05:00,60.13,64.45,-0.0,-4.32
2025-11-22 21:00:00-05:00,54.59,58.14,-0.0,-3.55
2025-11-22 22:00:00-05:00,51.74,54.23,-0.0,-2.49
2025-11-22 23:00:00-05:00,48.58,50.03,-0.0,-1.45
2025-11-23 00:00:00-05:00,46.32,50.02,-0.0,-3.7
2025-11-23 01:00:00-05:00,42.44,45.81,0.02,-3.39
2025-11-23 02:00:00-05:00,40.06,42.89,0.43,-3.26
2025-11-23 03:00:00-05:00,39.18,41.96,0.28,-3.06
2025-11-23 04:00:00-05:00,37.99,40.53,0.46,-3.0
2025-11-23 05:00:00-05:00,37.48,39.65,0.72,-2.89
2025-11-23 06:00:00-05:00,42.0,44.14,0.99,-3.13
2025-11-23 07:00:00-05:00,41.82,43.33,1.61,-3.12
2025-11-23 08:00:00-05:00,41.36,43.64,1.39,-3.67
2025-11-23 09:00:00-05:00,41.46,44.08,1.3,-3.92
2025-11-23 10:00:00-05:00,44.57,49.06,0.22,-4.71
2025-11-23 11:00:00-05:00,45.05,49.65,0.32,-4.92
2025-11-23 12:00:00-05:00,45.06,49.64,0.48,-5.06
2025-11-23 13:00:00-05:00,42.05,46.25,0.7,-4.9
2025-11-23 14:00:00-05:00,43.39,47.55,0.83,-4.99
2025-11-23 15:00:00-05:00,49.0,53.29,0.72,-5.01
2025-11-23 16:00:00-05:00,49.97,54.13,1.09,-5.25
2025-11-23 17:00:00-05:00,60.22,65.77,1.29,-6.84
2025-11-23 18:00:00-05:00,51.47,55.71,1.56,-5.8
2025-11-23 19:00:00-05:00,49.9,53.49,1.44,-5.03
2025-11-23 20:00:00-05:00,48.58,52.17,1.21,-4.8
2025-11-23 21:00:00-05:00,45.55,47.82,1.99,-4.26
2025-11-23 22:00:00-05:00,45.3,48.36,1.0,-4.06
2025-11-23 23:00:00-05:00,41.9,43.88,0.96,-2.94
2025-11-24 00:00:00-05:00,46.71,48.66,-0.0,-1.95
2025-11-24 01:00:00-05:00,44.64,46.02,-0.0,-1.38
2025-11-24 02:00:00-05:00,44.96,46.35,-0.0,-1.39
2025-11-24 03:00:00-05:00,44.99,46.05,-0.0,-1.06
2025-11-24 04:00:00-05:00,46.64,47.79,-0.0,-1.15
2025-11-24 05:00:00-05:00,49.75,52.09,-0.0,-2.34
2025-11-24 06:00:00-05:00,66.0,71.04,-0.0,-5.04
2025-11-24 07:00:00-05:00,79.58,84.84,-0.0,-5.26
2025-11-24 08:00:00-05:00,61.37,65.15,-0.0,-3.78
2025-11-24 09:00:00-05:00,50.36,52.57,-0.0,-2.21
2025-11-24 10:00:00-05:00,48.88,50.65,-0.0,-1.77
2025-11-24 11:00:00-05:00,47.5,49.32,-0.0,-1.82
2025-11-24 12:00:00-05:00,46.26,48.34,-0.0,-2.08
2025-11-24 13:00:00-05:00,46.82,49.28,-0.0,-2.46
2025-11-24 14:00:00-05:00,50.14,53.11,-0.0,-2.97
2025-11-24 15:00:00-05:00,58.15,62.66,-0.0,-4.51
2025-11-24 16:00:00-05:00,70.97,77.73,-0.0,-6.76
2025-11-24 17:00:00-05:00,78.48,85.77,-0.0,-7.29
2025-11-24 18:00:00-05:00,70.2,77.4,-0.0,-7.2
2025-11-24 19:00:00-05:00,62.19,68.42,0.06,-6.29
2025-11-24 20:00:00-05:00,55.52,60.42,0.6,-5.5
2025-11-24 21:00:00-05:00,49.97,53.56,0.91,-4.5
2025-11-24 22:00:00-05:00,45.35,47.78,1.15,-3.58
2025-11-24 23:00:00-05:00,41.7,42.92,1.48,-2.7
2025-11-25 00:00:00-05:00,44.56,45.89,-0.0,-1.33
2025-11-25 01:00:00-05:00,41.4,42.72,-0.0,-1.32
2025-11-25 02:00:00-05:00,41.41,42.78,-0.0,-1.37
2025-11-25 03:00:00-05:00,41.0,42.27,-0.0,-1.27
2025-11-25 04:00:00-05:00,42.51,43.69,-0.0,-1.18
2025-11-25 05:00:00-05:00,42.58,44.92,-0.0,-2.34
2025-11-25 06:00:00-05:00,55.56,59.04,-0.0,-3.48
2025-11-25 07:00:00-05:00,70.14,69.71,4.54,-4.11
2025-11-25 08:00:00-05:00,59.84,67.93,-3.33,-4.76
2025-11-25 09:00:00-05:00,58.81,63.79,-1.22,-3.76
2025-11-25 10:00:00-05:00,58.97,62.6,-0.0,-3.63
2025-11-25 11:00:00-05:00,58.9,62.13,-0.0,-3.23
2025-11-25 12:00:00-05:00,59.6,63.27,-0.0,-3.67
2025-11-25 13:00:00-05:00,60.14,64.12,-0.0,-3.98
2025-11-25 14:00:00-05:00,63.8,68.09,-0.0,-4.29
2025-11-25 15:00:00-05:00,69.49,74.16,-0.0,-4.67
2025-11-25 16:00:00-05:00,71.96,77.71,-0.0,-5.75
2025-11-25 17:00:00-05:00,76.05,81.78,-0.0,-5.73
2025-11-25 18:00:00-05:00,68.65,73.9,-0.0,-5.25
2025-11-25 19:00:00-05:00,62.35,67.19,-0.0,-4.84
2025-11-25 20:00:00-05:00,57.8,62.62,-0.0,-4.82
2025-11-25 21:00:00-05:00,51.42,56.24,0.07,-4.89
2025-11-25 22:00:00-05:00,46.31,49.58,-0.0,-3.27
2025-11-25 23:00:00-05:00,42.48,44.71,-0.0,-2.23
2025-11-26 00:00:00-05:00,41.43,42.98,-0.0,-1.55
2025-11-26 01:00:00-05:00,38.37,39.52,-0.0,-1.15
2025-11-26 02:00:00-05:00,37.92,39.18,-0.0,-1.26
2025-11-26 03:00:00-05:00,37.73,38.94,-0.0,-1.21
2025-11-26 04:00:00-05:00,37.83,38.96,-0.0,-1.13
2025-11-26 05:00:00-05:00,36.52,38.53,-0.0,-2.01
2025-11-26 06:00:00-05:00,43.46,46.63,0.42,-3.59
2025-11-26 07:00:00-05:00,51.34,55.99,-0.0,-4.65
2025-11-26 08:00:00-05:00,52.96,57.94,-0.0,-4.98
2025-11-26 09:00:00-05:00,55.98,60.32,-0.0,-4.34
2025-11-26 10:00:00-05:00,54.11,59.01,-0.0,-4.9
2025-11-26 11:00:00-05:00,51.53,56.38,-0.0,-4.85
2025-11-26 12:00:00-05:00,50.08,55.34,-0.0,-5.26
2025-11-26 13:00:00-05:00,49.29,54.44,0.02,-5.17
2025-11-26 14:00:00-05:00,47.88,52.44,0.42,-4.98
2025-11-26 15:00:00-05:00,47.43,51.82,0.84,-5.23
2025-11-26 16:00:00-05:00,49.2,53.26,1.05,-5.11
2025-11-26 17:00:00-05:00,53.54,58.65,0.87,-5.98
2025-11-26 18:00:00-05:00,50.01,53.85,1.06,-4.9
2025-11-26 19:00:00-05:00,40.13,39.81,3.86,-3.54
2025-11-26 20:00:00-05:00,35.94,37.8,1.43,-3.29
2025-11-26 21:00:00-05:00,31.5,32.52,1.61,-2.63
2025-11-26 22:00:00-05:00,29.26,27.95,3.46,-2.15
2025-11-26 23:00:00-05:00,28.68,28.04,2.46,-1.82
2025-11-27 00:00:00-05:00,36.93,40.63,-0.0,-3.7
2025-11-27 01:00:00-05:00,33.59,36.63,-0.0,-3.04
2025-11-27 02:00:00-05:00,32.14,35.16,-0.0,-3.02
2025-11-27 03:00:00-05:00,31.52,34.34,-0.0,-2.82
2025-11-27 04:00:00-05:00,31.36,34.16,-0.0,-2.8
2025-11-27 05:00:00-05:00,31.8,34.72,-0.0,-2.92
2025-11-27 06:00:00-05:00,34.9,38.14,-0.0,-3.24
2025-11-27 07:00:00-05:00,37.29,40.8,-0.0,-3.51
2025-11-27 08:00:00-05:00,36.65,40.41,-0.0,-3.76
2025-11-27 09:00:00-05:00,37.36,41.14,-0.0,-3.78
2025-11-27 10:00:00-05:00,40.07,44.23,-0.0,-4.16
2025-11-27 11:00:00-05:00,41.11,45.68,-0.0,-4.57
2025-11-27 12:00:00-05:00,40.87,45.72,-0.0,-4.85
2025-11-27 13:00:00-05:00,40.0,44.59,-0.0,-4.59
2025-11-27 14:00:00-05:00,38.65,42.94,-0.0,-4.29
2025-11-27 15:00:00-05:00,39.64,44.29,-0.0,-4.65
2025-11-27 16:00:00-05:00,45.79,51.45,-0.0,-5.66
2025-11-27 17:00:00-05:00,49.48,54.98,-0.0,-5.5
2025-11-27 18:00:00-05:00,46.87,52.19,-0.0,-5.32
2025-11-27 19:00:00-05:00,44.05,49.27,-0.0,-5.22
2025-11-27 20:00:00-05:00,40.68,45.45,-0.0,-4.77
2025-11-27 21:00:00-05:00,39.82,44.44,-0.0,-4.62
2025-11-27 22:00:00-05:00,37.85,42.34,-0.0,-4.49
2025-11-27 23:00:00-05:00,39.18,43.34,-0.0,-4.16
2025-11-28 00:00:00-05:00,39.4,42.83,-0.0,-3.43
2025-11-28 01:00:00-05:00,37.21,40.62,-0.0,-3.41
2025-11-28 02:00:00-05:00,36.08,39.43,-0.0,-3.35
2025-11-28 03:00:00-05:00,35.99,39.38,-0.0,-3.39
2025-11-28 04:00:00-05:00,36.99,40.21,-0.0,-3.22
2025-11-28 05:00:00-05:00,38.83,42.86,-0.0,-4.03
2025-11-28 06:00:00-05:00,43.54,48.98,-0.0,-5.44
2025-11-28 07:00:00-05:00,48.95,55.19,-0.0,-6.24
2025-11-28 08:00:00-05:00,45.79,51.45,-0.0,-5.66
2025-11-28 09:00:00-05:00,41.88,46.43,-0.0,-4.55
2025-11-28 10:00:00-05:00,44.22,49.63,-0.0,-5.41
2025-11-28 11:00:00-05:00,43.77,49.01,-0.0,-5.24
2025-11-28 12:00:00-05:00,41.78,46.68,-0.0,-4.9
2025-11-28 13:00:00-05:00,42.88,48.12,-0.0,-5.24
2025-11-28 14:00:00-05:00,43.98,49.09,-0.0,-5.11
2025-11-28 15:00:00-05:00,49.09,54.97,-0.0,-5.88
2025-11-28 16:00:00-05:00,51.68,58.39,0.3,-7.01
2025-11-28 17:00:00-05:00,63.75,71.55,-0.0,-7.8
2025-11-28 18:00:00-05:00,62.14,69.43,-0.0,-7.29
2025-11-28 19:00:00-05:00,58.95,65.5,-0.0,-6.55
2025-11-28 20:00:00-05:00,52.6,58.06,-0.0,-5.46
2025-11-28 21:00:00-05:00,48.84,54.03,-0.0,-5.19
2025-11-28 22:00:00-05:00,47.92,52.09,-0.0,-4.17
2025-11-28 23:00:00-05:00,46.01,49.85,-0.0,-3.84
2025-11-29 00:00:00-05:00,45.76,47.72,-0.0,-1.96
2025-11-29 01:00:00-05:00,43.6,45.0,-0.0,-1.4
2025-11-29 02:00:00-05:00,42.24,43.32,-0.0,-1.08
2025-11-29 03:00:00-05:00,42.05,43.17,-0.0,-1.12
2025-11-29 04:00:00-05:00,42.79,43.62,-0.0,-0.83
2025-11-29 05:00:00-05:00,45.19,46.07,-0.0,-0.88
2025-11-29 06:00:00-05:00,53.98,55.59,-0.0,-1.61
2025-11-29 07:00:00-05:00,54.2,56.22,-0.0,-2.02
2025-11-29 08:00:00-05:00,48.61,50.11,-0.0,-1.5
2025-11-29 09:00:00-05:00,41.63,42.57,-0.0,-0.94
2025-11-29 10:00:00-05:00,42.29,43.02,-0.0,-0.73
2025-11-29 11:00:00-05:00,42.28,42.92,-0.0,-0.64
2025-11-29 12:00:00-05:00,42.68,43.03,-0.0,-0.35
2025-11-29 13:00:00-05:00,44.0,44.22,-0.0,-0.22
2025-11-29 14:00:00-05:00,48.38,48.62,-0.0,-0.24
2025-11-29 15:00:00-05:00,55.79,56.7,-0.0,-0.91
2025-11-29 16:00:00-05:00,70.19,72.44,-0.0,-2.25
2025-11-29 17:00:00-05:00,80.4,82.72,-0.0,-2.32
2025-11-29 18:00:00-05:00,78.43,81.79,-0.0,-3.36
2025-11-29 19:00:00-05:00,70.15,72.92,-0.0,-2.77
2025-11-29 20:00:00-05:00,63.24,66.57,-0.0,-3.33
2025-11-29 21:00:00-05:00,56.07,59.33,-0.0,-3.26
2025-11-29 22:00:00-05:00,53.19,55.41,-0.0,-2.22
2025-11-29 23:00:00-05:00,53.77,55.95,-0.0,-2.18
2025-11-30 00:00:00-05:00,47.95,51.07,-0.0,-3.12
2025-11-30 01:00:00-05:00,44.88,47.64,-0.0,-2.76
2025-11-30 02:00:00-05:00,41.44,44.04,-0.0,-2.6
2025-11-30 03:00:00-05:00,38.87,41.26,-0.0,-2.39
2025-11-30 04:00:00-05:00,38.34,40.87,-0.0,-2.53
2025-11-30 05:00:00-05:00,36.87,39.14,-0.0,-2.27
2025-11-30 06:00:00-05:00,38.26,40.4,-0.0,-2.14
2025-11-30 07:00:00-05:00,39.8,42.16,-0.0,-2.36
2025-11-30 08:00:00-05:00,38.05,41.31,-0.0,-3.26
2025-11-30 09:00:00-05:00,41.86,45.65,-0.0,-3.79
2025-11-30 10:00:00-05:00,45.16,49.3,-0.0,-4.14
2025-11-30 11:00:00-05:00,47.34,51.91,-0.0,-4.57
2025-11-30 12:00:00-05:00,50.27,55.98,-0.0,-5.71
2025-11-30 13:00:00-05:00,52.68,58.73,-0.0,-6.05
2025-11-30 14:00:00-05:00,50.17,55.68,-0.0,-5.51
2025-11-30 15:00:00-05:00,48.6,53.88,-0.0,-5.28
2025-11-30 16:00:00-05:00,55.48,61.85,-0.0,-6.37
2025-11-30 17:00:00-05:00,62.3,68.92,-0.0,-6.62
2025-11-30 18:00:00-05:00,62.62,69.2,-0.0,-6.58
2025-11-30 19:00:00-05:00,55.24,60.84,-0.0,-5.6
2025-11-30 20:00:00-05:00,46.96,51.32,-0.0,-4.36
2025-11-30 21:00:00-05:00,42.86,46.69,-0.0,-3.83
2025-11-30 22:00:00-05:00,41.11,43.46,-0.0,-2.35
2025-11-30 23:00:00-05:00,40.42,42.41,-0.0,-1.99
2025-12-01 00:00:00-05:00,46.0,48.32,-0.0,-2.32
2025-12-01 01:00:00-05:00,43.59,45.26,-0.0,-1.67
2025-12-01 02:00:00-05:00,42.03,43.69,-0.0,-1.66
2025-12-01 03:00:00-05:00,44.09,45.59,-0.0,-1.5
2025-12-01 04:00:00-05:00,48.13,49.67,-0.0,-1.54
2025-12-01 05:00:00-05:00,50.24,52.72,-0.0,-2.48
2025-12-01 06:00:00-05:00,68.16,73.45,-0.0,-5.29
2025-12-01 07:00:00-05:00,78.13,84.37,-0.0,-6.24
2025-12-01 08:00:00-05:00,64.73,82.4,-13.63,-4.04
2025-12-01 09:00:00-05:00,57.05,67.65,-8.23,-2.37
2025-12-01 10:00:00-05:00,54.41,65.19,-8.37,-2.41
2025-12-01 11:00:00-05:00,52.17,60.61,-6.44,-2.0
2025-12-01 12:00:00-05:00,51.91,60.79,-6.93,-1.95
2025-12-01 13:00:00-05:00,55.05,65.58,-8.43,-2.1
2025-12-01 14:00:00-05:00,57.95,70.1,-9.9,-2.25
2025-12-01 15:00:00-05:00,71.36,75.91,-0.0,-4.55
2025-12-01 16:00:00-05:00,90.39,97.72,-0.0,-7.33
2025-12-01 17:00:00-05:00,123.53,135.75,-0.0,-12.22
2025-12-01 18:00:00-05:00,106.36,116.62,-0.0,-10.26
2025-12-01 19:00:00-05:00,95.69,105.38,-0.0,-9.69
2025-12-01 20:00:00-05:00,80.38,88.43,-0.0,-8.05
2025-12-01 21:00:00-05:00,72.76,79.26,-0.0,-6.5
2025-12-01 22:00:00-05:00,66.42,71.81,-0.0,-5.39
2025-12-01 23:00:00-05:00,62.17,66.42,-0.0,-4.25
2025-12-02 00:00:00-05:00,70.01,72.62,-0.0,-2.61
2025-12-02 01:00:00-05:00,66.1,68.5,-0.0,-2.4
2025-12-02 02:00:00-05:00,63.67,66.33,-0.0,-2.66
2025-12-02 03:00:00-05:00,63.37,65.87,-0.0,-2.5
2025-12-02 04:00:00-05:00,62.69,64.9,-0.0,-2.21
2025-12-02 05:00:00-05:00,65.34,69.14,-0.0,-3.8
2025-12-02 06:00:00-05:00,82.01,89.83,-0.0,-7.82
2025-12-02 07:00:00-05:00,95.0,100.85,-0.0,-5.85
2025-12-02 08:00:00-05:00,97.05,99.67,4.96,-7.58
2025-12-02 09:00:00-05:00,100.42,114.55,-4.96,-9.17
2025-12-02 10:00:00-05:00,105.98,115.57,-0.0,-9.59
2025-12-02 11:00:00-05:00,105.94,116.04,-0.0,-10.1
2025-12-02 12:00:00-05:00,102.97,113.4,-0.0,-10.43
2025-12-02 13:00:00-05:00,98.66,109.02,-0.0,-10.36
2025-12-02 14:00:00-05:00,98.05,107.75,-0.0,-9.7
2025-12-02 15:00:00-05:00,93.3,102.75,-0.0,-9.45
2025-12-02 16:00:00-05:00,108.13,117.03,-0.0,-8.9
2025-12-02 17:00:00-05:00,133.31,145.37,-0.0,-12.06
2025-12-02 18:00:00-05:00,115.0,124.87,-0.0,-9.87
2025-12-02 19:00:00-05:00,104.5,113.1,-0.0,-8.6
2025-12-02 20:00:00-05:00,94.2,100.96,-0.0,-6.76
2025-12-02 21:00:00-05:00,84.42,91.17,-0.0,-6.75
2025-12-02 22:00:00-05:00,82.64,87.27,-0.0,-4.63
2025-12-02 23:00:00-05:00,76.5,79.52,-0.0,-3.02
2025-12-03 00:00:00-05:00,78.7,86.87,-0.0,-8.17
2025-12-03 01:00:00-05:00,74.9,83.13,-0.0,-8.23
2025-12-03 02:00:00-05:00,75.74,84.53,-0.0,-8.79
2025-12-03 03:00:00-05:00,75.62,84.6,-0.01,-8.97
2025-12-03 04:00:00-05:00,75.95,84.86,-0.0,-8.91
2025-12-03 05:00:00-05:00,71.65,83.72,-1.94,-10.13
2025-12-03 06:00:00-05:00,93.66,116.86,-6.49,-16.71
2025-12-03 07:00:00-05:00,108.02,132.3,-6.29,-17.99
2025-12-03 08:00:00-05:00,105.0,124.37,-3.45,-15.92
2025-12-03 09:00:00-05:00,88.18,104.47,-3.65,-12.64
2025-12-03 10:00:00-05:00,76.47,91.83,-3.88,-11.48
2025-12-03 11:00:00-05:00,73.23,89.46,-4.42,-11.81
2025-12-03 12:00:00-05:00,72.57,90.46,-5.59,-12.3
2025-12-03 13:00:00-05:00,70.3,87.54,-5.16,-12.08
2025-12-03 14:00:00-05:00,72.39,88.64,-4.28,-11.97
2025-12-03 15:00:00-05:00,83.81,102.95,-4.93,-14.21
2025-12-03 16:00:00-05:00,99.52,124.62,-7.53,-17.57
2025-12-03 17:00:00-05:00,113.09,144.65,-9.14,-22.42
2025-12-03 18:00:00-05:00,100.0,126.26,-8.08,-18.18
2025-12-03 19:00:00-05:00,92.47,117.76,-8.09,-17.2
2025-12-03 20:00:00-05:00,79.23,98.91,-5.24,-14.44
2025-12-03 21:00:00-05:00,74.18,92.85,-5.86,-12.81
2025-12-03 22:00:00-05:00,72.21,87.1,-3.83,-11.06
2025-12-03 23:00:00-05:00,69.69,80.01,-1.52,-8.8
2025-12-04 00:00:00-05:00,66.0,75.72,-0.03,-9.69
2025-12-04 01:00:00-05:00,61.1,70.58,-0.16,-9.32
2025-12-04 02:00:00-05:00,60.4,70.63,-0.91,-9.32
2025-12-04 03:00:00-05:00,60.71,71.53,-1.16,-9.66
2025-12-04 04:00:00-05:00,60.84,71.02,-0.73,-9.45
2025-12-04 05:00:00-05:00,60.12,71.32,-1.07,-10.13
2025-12-04 06:00:00-05:00,79.45,93.15,-0.01,-13.69
2025-12-04 07:00:00-05:00,104.49,122.65,-0.01,-18.15
2025-12-04 08:00:00-05:00,101.92,118.64,-0.0,-16.72
2025-12-04 09:00:00-05:00,96.85,112.76,-0.01,-15.9
2025-12-04 10:00:00-05:00,92.0,111.53,-2.8,-16.73
2025-12-04 11:00:00-05:00,88.13,102.97,-0.01,-14.83
2025-12-04 12:00:00-05:00,87.3,100.94,-0.01,-13.63
2025-12-04 13:00:00-05:00,86.57,100.96,0.15,-14.54
2025-12-04 14:00:00-05:00,90.31,103.33,-0.0,-13.02
2025-12-04 15:00:00-05:00,107.0,121.46,-0.0,-14.46
2025-12-04 16:00:00-05:00,136.34,155.58,-0.1,-19.14
2025-12-04 17:00:00-05:00,153.36,174.88,-0.0,-21.52
2025-12-04 18:00:00-05:00,146.51,168.3,-0.75,-21.04
2025-12-04 19:00:00-05:00,138.09,157.1,-0.0,-19.01
2025-12-04 20:00:00-05:00,134.02,153.0,-0.0,-18.98
2025-12-04 21:00:00-05:00,122.01,137.55,-0.0,-15.54
2025-12-04 22:00:00-05:00,119.56,133.88,-0.0,-14.32
2025-12-04 23:00:00-05:00,111.94,124.38,-0.0,-12.44
2025-12-05 00:00:00-05:00,132.54,168.41,-15.49,-20.38
2025-12-05 01:00:00-05:00,114.54,143.67,-12.32,-16.81
2025-12-05 02:00:00-05:00,105.78,127.97,-7.98,-14.21
2025-12-05 03:00:00-05:00,104.18,125.07,-7.26,-13.63
2025-12-05 04:00:00-05:00,103.27,123.85,-7.08,-13.5
2025-12-05 05:00:00-05:00,103.46,133.03,-10.68,-18.89
2025-12-05 06:00:00-05:00,121.29,167.23,-16.34,-29.6
2025-12-05 07:00:00-05:00,153.2,204.38,-18.27,-32.91
2025-12-05 08:00:00-05:00,132.05,180.6,-17.49,-31.06
2025-12-05 09:00:00-05:00,119.62,161.97,-14.16,-28.19
2025-12-05 10:00:00-05:00,102.2,135.08,-11.68,-21.2
2025-12-05 11:00:00-05:00,94.58,124.29,-10.08,-19.63
2025-12-05 12:00:00-05:00,89.6,116.58,-8.91,-18.07
2025-12-05 13:00:00-05:00,87.19,113.25,-8.17,-17.89
2025-12-05 14:00:00-05:00,95.5,126.64,-10.24,-20.9
2025-12-05 15:00:00-05:00,114.7,156.41,-14.34,-27.37
2025-12-05 16:00:00-05:00,136.87,185.65,-19.07,-29.71
2025-12-05 17:00:00-05:00,168.9,221.95,-17.99,-35.06
2025-12-05 18:00:00-05:00,146.2,196.08,-18.12,-31.76
2025-12-05 19:00:00-05:00,130.48,178.22,-17.97,-29.77
2025-12-05 20:00:00-05:00,119.97,162.11,-15.55,-26.59
2025-12-05 21:00:00-05:00,101.51,132.76,-10.41,-20.84
2025-12-05 22:00:00-05:00,107.62,140.28,-12.04,-20.62
2025-12-05 23:00:00-05:00,105.73,133.6,-11.03,-16.84
2025-12-06 00:00:00-05:00,106.61,124.4,-0.0,-17.79
2025-12-06 01:00:00-05:00,97.72,113.76,-0.0,-16.04
2025-12-06 02:00:00-05:00,91.7,106.76,-0.01,-15.05
2025-12-06 03:00:00-05:00,85.42,98.52,-0.0,-13.1
2025-12-06 04:00:00-05:00,89.36,103.68,-0.01,-14.31
2025-12-06 05:00:00-05:00,88.3,102.21,-0.01,-13.9
2025-12-06 06:00:00-05:00,95.2,111.22,-0.01,-16.01
2025-12-06 07:00:00-05:00,101.02,117.89,-0.01,-16.86
2025-12-06 08:00:00-05:00,97.47,132.04,-15.29,-19.28
2025-12-06 09:00:00-05:00,99.95,129.8,-11.16,-18.69
2025-12-06 10:00:00-05:00,104.68,122.02,-0.01,-17.33
2025-12-06 11:00:00-05:00,102.04,119.88,-0.46,-17.38
2025-12-06 12:00:00-05:00,99.95,116.09,-0.01,-16.13
2025-12-06 13:00:00-05:00,96.53,112.78,-0.01,-16.24
2025-12-06 14:00:00-05:00,95.33,110.09,-0.01,-14.75
2025-12-06 15:00:00-05:00,100.35,117.24,-0.01,-16.88
2025-12-06 16:00:00-05:00,123.49,143.09,0.15,-19.75
2025-12-06 17:00:00-05:00,131.44,153.0,0.01,-21.57
2025-12-06 18:00:00-05:00,128.19,149.06,-0.0,-20.87
2025-12-06 19:00:00-05:00,118.9,137.65,0.8,-19.55
2025-12-06 20:00:00-05:00,115.48,132.58,-0.0,-17.1
2025-12-06 21:00:00-05:00,105.93,120.65,-0.0,-14.72
2025-12-06 22:00:00-05:00,106.4,119.29,-0.0,-12.89
2025-12-06 23:00:00-05:00,103.18,113.51,-0.0,-10.33
2025-12-07 00:00:00-05:00,112.36,122.14,-0.0,-9.78
2025-12-07 01:00:00-05:00,106.64,115.29,-0.0,-8.65
2025-12-07 02:00:00-05:00,102.72,110.57,-0.0,-7.85
2025-12-07 03:00:00-05:00,101.38,109.25,-0.0,-7.87
2025-12-07 04:00:00-05:00,105.69,114.89,-0.0,-9.2
2025-12-07 05:00:00-05:00,103.41,112.52,-0.0,-9.11
2025-12-07 06:00:00-05:00,105.58,115.13,-0.0,-9.55
2025-12-07 07:00:00-05:00,110.5,120.11,-0.0,-9.61
2025-12-07 08:00:00-05:00,110.72,120.35,-0.0,-9.63
2025-12-07 09:00:00-05:00,112.78,121.53,-0.0,-8.75
2025-12-07 10:00:00-05:00,114.27,123.4,-0.0,-9.13
2025-12-07 11:00:00-05:00,115.26,124.61,-0.0,-9.35
2025-12-07 12:00:00-05:00,119.48,130.72,-0.0,-11.24
2025-12-07 13:00:00-05:00,119.31,132.86,-0.0,-13.55
2025-12-07 14:00:00-05:00,118.45,133.24,-0.0,-14.79
2025-12-07 15:00:00-05:00,120.29,136.7,-0.0,-16.41
2025-12-07 16:00:00-05:00,137.18,155.89,-0.0,-18.71
2025-12-07 17:00:00-05:00,155.25,176.63,-0.0,-21.38
2025-12-07 18:00:00-05:00,144.73,164.85,-0.0,-20.12
2025-12-07 19:00:00-05:00,128.85,148.62,-0.0,-19.77
2025-12-07 20:00:00-05:00,120.8,137.9,-0.0,-17.1
2025-12-07 21:00:00-05:00,112.44,126.62,-0.0,-14.18
2025-12-07 22:00:00-05:00,111.8,125.76,-0.0,-13.96
2025-12-07 23:00:00-05:00,110.1,120.72,-0.0,-10.62
2025-12-08 00:00:00-05:00,104.31,114.75,-0.0,-10.44
2025-12-08 01:00:00-05:00,105.12,115.9,-0.0,-10.78
2025-12-08 02:00:00-05:00,104.01,114.3,-0.0,-10.29
2025-12-08 03:00:00-05:00,105.76,116.22,-0.0,-10.46
2025-12-08 04:00:00-05:00,106.03,116.39,-0.0,-10.36
2025-12-08 05:00:00-05:00,104.31,116.68,-0.0,-12.37
2025-12-08 06:00:00-05:00,126.38,142.0,-0.0,-15.62
2025-12-08 07:00:00-05:00,145.78,165.29,-0.0,-19.51
2025-12-08 08:00:00-05:00,135.81,155.04,-0.0,-19.23
2025-12-08 09:00:00-05:00,127.01,142.39,-0.0,-15.38
2025-12-08 10:00:00-05:00,127.45,145.0,-0.0,-17.55
2025-12-08 11:00:00-05:00,122.01,138.97,-0.0,-16.96
2025-12-08 12:00:00-05:00,117.49,132.9,-0.0,-15.41
2025-12-08 13:00:00-05:00,117.12,134.01,-0.0,-16.89
2025-12-08 14:00:00-05:00,123.47,142.57,-0.0,-19.1
2025-12-08 15:00:00-05:00,143.91,165.41,-0.0,-21.5
2025-12-08 16:00:00-05:00,170.0,195.4,-0.0,-25.4
2025-12-08 17:00:00-05:00,205.4,238.55,-0.0,-33.15
2025-12-08 18:00:00-05:00,202.3,233.33,-0.0,-31.03
2025-12-08 19:00:00-05:00,171.71,196.92,-0.0,-25.21
2025-12-08 20:00:00-05:00,160.16,185.37,-0.0,-25.21
2025-12-08 21:00:00-05:00,150.39,175.28,-0.0,-24.89
2025-12-08 22:00:00-05:00,143.43,162.99,-0.0,-19.56
2025-12-08 23:00:00-05:00,136.45,156.66,-0.0,-20.21
2025-12-09 00:00:00-05:00,133.62,148.63,-0.0,-15.01
2025-12-09 01:00:00-05:00,120.94,135.43,-0.0,-14.49
2025-12-09 02:00:00-05:00,117.3,131.35,-0.0,-14.05
2025-12-09 03:00:00-05:00,117.4,132.65,-0.0,-15.25
2025-12-09 04:00:00-05:00,117.16,131.64,-0.0,-14.48
2025-12-09 05:00:00-05:00,116.97,137.93,-0.0,-20.96
2025-12-09 06:00:00-05:00,133.47,164.78,-2.97,-28.34
2025-12-09 07:00:00-05:00,168.66,208.32,-5.08,-34.58
2025-12-09 08:00:00-05:00,154.21,190.21,-4.8,-31.2
2025-12-09 09:00:00-05:00,137.39,163.17,-0.0,-25.78
2025-12-09 10:00:00-05:00,128.75,154.37,-0.0,-25.62
2025-12-09 11:00:00-05:00,119.47,142.16,0.06,-22.75
2025-12-09 12:00:00-05:00,117.5,137.91,0.28,-20.69
2025-12-09 13:00:00-05:00,111.14,130.11,1.19,-20.16
2025-12-09 14:00:00-05:00,116.02,137.12,0.15,-21.25
2025-12-09 15:00:00-05:00,118.16,139.19,0.82,-21.85
2025-12-09 16:00:00-05:00,130.0,154.58,-0.0,-24.58
2025-12-09 17:00:00-05:00,155.54,181.28,-0.0,-25.74
2025-12-09 18:00:00-05:00,137.38,162.19,-0.0,-24.81
2025-12-09 19:00:00-05:00,122.02,143.57,0.7,-22.25
2025-12-09 20:00:00-05:00,118.05,138.06,0.01,-20.02
2025-12-09 21:00:00-05:00,109.91,126.15,1.54,-17.78
2025-12-09 22:00:00-05:00,109.63,128.2,0.02,-18.59
2025-12-09 23:00:00-05:00,103.75,118.04,-0.0,-14.29
2025-12-10 00:00:00-05:00,100.0,116.36,-0.77,-15.59
2025-12-10 01:00:00-05:00,96.52,110.94,-0.0,-14.42
2025-12-10 02:00:00-05:00,95.64,109.56,-0.0,-13.92
2025-12-10 03:00:00-05:00,90.69,103.65,-0.0,-12.96
2025-12-10 04:00:00-05:00,90.15,103.27,-0.0,-13.12
2025-12-10 05:00:00-05:00,91.82,107.14,-0.0,-15.32
2025-12-10 06:00:00-05:00,91.61,118.65,-8.17,-18.87
2025-12-10 07:00:00-05:00,114.16,149.51,-12.33,-23.02
2025-12-10 08:00:00-05:00,109.01,142.62,-11.22,-22.39
2025-12-10 09:00:00-05:00,107.87,147.62,-15.25,-24.5
2025-12-10 10:00:00-05:00,108.3,127.68,-0.1,-19.28
2025-12-10 11:00:00-05:00,107.64,130.43,-2.71,-20.08
2025-12-10 12:00:00-05:00,103.41,122.3,-0.18,-18.71
2025-12-10 13:00:00-05:00,94.49,114.98,-2.67,-17.82
2025-12-10 14:00:00-05:00,90.03,116.76,-8.29,-18.44
2025-12-10 15:00:00-05:00,97.0,117.13,-1.86,-18.27
2025-12-10 16:00:00-05:00,101.0,128.54,-7.62,-19.92
2025-12-10 17:00:00-05:00,124.49,145.12,-0.02,-20.61
2025-12-10 18:00:00-05:00,108.0,126.97,-0.05,-18.92
2025-12-10 19:00:00-05:00,102.37,120.03,-0.02,-17.64
2025-12-10 20:00:00-05:00,94.58,112.91,-1.28,-17.05
2025-12-10 21:00:00-05:00,86.5,101.67,-0.02,-15.15
2025-12-10 22:00:00-05:00,83.13,96.32,-0.0,-13.19
2025-12-10 23:00:00-05:00,82.48,93.19,-0.0,-10.71
2025-12-11 00:00:00-05:00,75.8,84.03,-0.0,-8.23
2025-12-11 01:00:00-05:00,72.9,81.18,-0.0,-8.28
2025-12-11 02:00:00-05:00,70.68,78.45,-0.0,-7.77
2025-12-11 03:00:00-05:00,70.87,78.48,-0.0,-7.61
2025-12-11 04:00:00-05:00,74.47,82.2,-0.0,-7.73
2025-12-11 05:00:00-05:00,73.16,82.02,-0.0,-8.86
2025-12-11 06:00:00-05:00,91.24,106.71,-0.0,-15.47
2025-12-11 07:00:00-05:00,105.51,119.9,-0.0,-14.39
2025-12-11 08:00:00-05:00,102.78,117.89,-0.02,-15.09
2025-12-11 09:00:00-05:00,100.79,113.25,-0.0,-12.46
2025-12-11 10:00:00-05:00,103.95,117.33,-0.0,-13.38
2025-12-11 11:00:00-05:00,100.22,113.12,-0.0,-12.9
2025-12-11 12:00:00-05:00,98.8,111.63,-0.0,-12.83
2025-12-11 13:00:00-05:00,96.23,110.38,-0.02,-14.13
2025-12-11 14:00:00-05:00,97.1,114.37,-1.03,-16.24
2025-12-11 15:00:00-05:00,103.36,121.64,-1.74,-16.54
2025-12-11 16:00:00-05:00,119.42,155.71,-13.4,-22.89
2025-12-11 17:00:00-05:00,139.73,181.12,-14.22,-27.17
2025-12-11 18:00:00-05:00,130.41,170.34,-14.72,-25.21
2025-12-11 19:00:00-05:00,129.63,157.58,-4.79,-23.16
2025-12-11 20:00:00-05:00,125.35,143.75,-0.0,-18.4
2025-12-11 21:00:00-05:00,113.3,128.46,-0.0,-15.16
2025-12-11 22:00:00-05:00,105.23,116.15,-0.0,-10.92
2025-12-11 23:00:00-05:00,99.86,111.57,-0.0,-11.71
2025-12-12 00:00:00-05:00,101.8,107.61,-0.0,-5.81
2025-12-12 01:00:00-05:00,98.45,103.96,-0.0,-5.51
2025-12-12 02:00:00-05:00,92.96,99.42,-0.0,-6.46
2025-12-12 03:00:00-05:00,94.98,102.02,-0.0,-7.04
2025-12-12 04:00:00-05:00,94.98,101.58,-0.0,-6.6
2025-12-12 05:00:00-05:00,91.82,99.05,-0.0,-7.23
2025-12-12 06:00:00-05:00,114.3,126.58,-0.0,-12.28
2025-12-12 07:00:00-05:00,155.0,171.83,-0.0,-16.83
2025-12-12 08:00:00-05:00,145.38,159.93,-0.0,-14.55
2025-12-12 09:00:00-05:00,122.42,132.63,-0.0,-10.21
2025-12-12 10:00:00-05:00,113.1,122.27,-0.0,-9.17
2025-12-12 11:00:00-05:00,111.78,120.71,-0.0,-8.93
2025-12-12 12:00:00-05:00,107.28,115.6,-0.0,-8.32
2025-12-12 13:00:00-05:00,110.43,119.9,-0.0,-9.47
2025-12-12 14:00:00-05:00,112.07,121.16,-0.0,-9.09
2025-12-12 15:00:00-05:00,125.4,136.31,-0.0,-10.91
2025-12-12 16:00:00-05:00,141.32,153.77,-0.0,-12.45
2025-12-12 17:00:00-05:00,153.83,166.31,-0.0,-12.48
2025-12-12 18:00:00-05:00,144.8,156.72,-0.0,-11.92
2025-12-12 19:00:00-05:00,143.62,156.45,-0.79,-12.04
2025-12-12 20:00:00-05:00,135.83,149.88,0.79,-14.84
2025-12-12 21:00:00-05:00,121.47,132.46,-0.0,-10.99
2025-12-12 22:00:00-05:00,124.7,134.51,-0.0,-9.81
2025-12-12 23:00:00-05:00,118.75,128.8,-0.0,-10.05
2025-12-13 00:00:00-05:00,95.6,109.83,-1.82,-12.41
2025-12-13 01:00:00-05:00,94.08,106.19,-0.0,-12.11
2025-12-13 02:00:00-05:00,83.7,93.31,-0.0,-9.61
2025-12-13 03:00:00-05:00,82.24,91.79,-0.0,-9.55
2025-12-13 04:00:00-05:00,80.41,90.45,-0.0,-10.04
2025-12-13 05:00:00-05:00,81.49,91.56,-0.0,-10.07
2025-12-13 06:00:00-05:00,84.58,96.89,-0.0,-12.31
2025-12-13 07:00:00-05:00,86.06,100.07,-0.0,-14.01
2025-12-13 08:00:00-05:00,87.26,102.18,-0.0,-14.92
2025-12-13 09:00:00-05:00,88.72,103.66,-0.01,-14.93
2025-12-13 10:00:00-05:00,95.7,113.26,-0.01,-17.55
2025-12-13 11:00:00-05:00,92.1,109.0,-0.01,-16.89
2025-12-13 12:00:00-05:00,90.32,106.52,-0.01,-16.19
2025-12-13 13:00:00-05:00,93.3,109.78,-0.01,-16.47
2025-12-13 14:00:00-05:00,90.32,105.28,-0.01,-14.95
2025-12-13 15:00:00-05:00,93.53,107.88,-0.0,-14.35
2025-12-13 16:00:00-05:00,108.76,124.02,-0.0,-15.26
2025-12-13 17:00:00-05:00,121.32,136.93,-0.0,-15.61
2025-12-13 18:00:00-05:00,113.07,127.33,-0.0,-14.26
2025-12-13 19:00:00-05:00,107.37,120.64,-0.0,-13.27
2025-12-13 20:00:00-05:00,109.94,121.21,-0.0,-11.27
2025-12-13 21:00:00-05:00,105.04,117.1,-0.0,-12.06
2025-12-13 22:00:00-05:00,103.23,114.44,-0.0,-11.21
2025-12-13 23:00:00-05:00,100.46,111.62,-0.0,-11.16
2025-12-14 00:00:00-05:00,103.69,116.37,-0.0,-12.68
2025-12-14 01:00:00-05:00,96.56,112.98,-3.54,-12.88
2025-12-14 02:00:00-05:00,87.5,107.94,-7.92,-12.52
2025-12-14 03:00:00-05:00,88.2,101.82,-1.6,-12.02
2025-12-14 04:00:00-05:00,87.07,104.75,-5.53,-12.15
2025-12-14 05:00:00-05:00,89.24,107.77,-5.49,-13.04
2025-12-14 06:00:00-05:00,92.61,107.19,-0.0,-14.58
2025-12-14 07:00:00-05:00,96.45,112.94,-0.0,-16.49
2025-12-14 08:00:00-05:00,98.29,115.64,-0.0,-17.35
2025-12-14 09:00:00-05:00,100.46,116.81,-0.0,-16.35
2025-12-14 10:00:00-05:00,111.49,130.57,-0.01,-19.07
2025-12-14 11:00:00-05:00,112.36,129.91,-0.01,-17.54
2025-12-14 12:00:00-05:00,109.38,126.75,-0.01,-17.36
2025-12-14 13:00:00-05:00,111.17,130.79,-0.0,-19.62
2025-12-14 14:00:00-05:00,114.79,134.89,-0.0,-20.1
2025-12-14 15:00:00-05:00,116.34,145.51,-7.34,-21.83
2025-12-14 16:00:00-05:00,143.8,159.79,7.34,-23.33
2025-12-14 17:00:00-05:00,163.62,186.79,-0.0,-23.17
2025-12-14 18:00:00-05:00,153.3,177.23,-0.0,-23.93
2025-12-14 19:00:00-05:00,143.31,165.11,-0.0,-21.8
2025-12-14 20:00:00-05:00,135.52,156.31,-0.0,-20.79
2025-12-14 21:00:00-05:00,123.86,143.36,-0.0,-19.5
2025-12-14 22:00:00-05:00,125.72,143.68,-0.0,-17.96
2025-12-14 23:00:00-05:00,119.51,135.5,-0.0,-15.99
2025-12-15 00:00:00-05:00,117.16,133.6,-0.0,-16.44
2025-12-15 01:00:00-05:00,111.93,128.22,-0.0,-16.29
2025-12-15 02:00:00-05:00,108.99,125.93,-1.45,-15.49
2025-12-15 03:00:00-05:00,104.35,126.17,-6.17,-15.65
2025-12-15 04:00:00-05:00,106.24,125.68,-4.1,-15.34
2025-12-15 05:00:00-05:00,114.15,133.35,-0.0,-19.2
2025-12-15 06:00:00-05:00,130.66,153.0,-0.0,-22.34
2025-12-15 07:00:00-05:00,164.36,198.4,-1.5,-32.54
2025-12-15 08:00:00-05:00,139.98,171.61,-2.8,-28.83
2025-12-15 09:00:00-05:00,127.29,151.74,-0.02,-24.43
2025-12-15 10:00:00-05:00,126.69,151.18,-0.0,-24.49
2025-12-15 11:00:00-05:00,121.4,144.87,-0.0,-23.47
2025-12-15 12:00:00-05:00,118.97,142.14,-0.01,-23.16
2025-12-15 13:00:00-05:00,119.97,143.01,-0.01,-23.03
2025-12-15 14:00:00-05:00,121.87,145.98,-0.02,-24.09
2025-12-15 15:00:00-05:00,121.18,152.44,-6.42,-24.84
2025-12-15 16:00:00-05:00,150.0,178.89,-0.63,-28.26
2025-12-15 17:00:00-05:00,177.8,207.78,-0.26,-29.72
2025-12-15 18:00:00-05:00,161.4,188.4,-0.05,-26.95
2025-12-15 19:00:00-05:00,154.02,179.57,-0.05,-25.5
2025-12-15 20:00:00-05:00,135.8,154.5,-0.0,-18.7
2025-12-15 21:00:00-05:00,130.76,145.67,4.9,-19.81
2025-12-15 22:00:00-05:00,121.37,145.8,-4.9,-19.53
2025-12-15 23:00:00-05:00,119.51,138.17,-0.0,-18.66
2025-12-16 00:00:00-05:00,112.36,130.88,-1.11,-17.41
2025-12-16 01:00:00-05:00,99.53,125.43,-9.6,-16.3
2025-12-16 02:00:00-05:00,97.49,123.34,-9.57,-16.28
2025-12-16 03:00:00-05:00,97.49,123.86,-9.9,-16.47
2025-12-16 04:00:00-05:00,97.49,124.2,-10.69,-16.02
2025-12-16 05:00:00-05:00,97.49,126.12,-9.08,-19.55
2025-12-16 06:00:00-05:00,111.77,140.04,-4.6,-23.67
2025-12-16 07:00:00-05:00,136.2,195.19,-25.61,-33.38
2025-12-16 08:00:00-05:00,125.8,167.9,-14.56,-27.54
2025-12-16 09:00:00-05:00,121.62,145.48,-0.0,-23.86
2025-12-16 10:00:00-05:00,104.6,125.43,-0.01,-20.82
2025-12-16 11:00:00-05:00,98.45,118.77,-0.01,-20.31
2025-12-16 12:00:00-05:00,96.69,117.4,-0.63,-20.08
2025-12-16 13:00:00-05:00,96.55,116.65,-0.15,-19.95
2025-12-16 14:00:00-05:00,92.01,119.73,-7.37,-20.35
2025-12-16 15:00:00-05:00,86.35,125.12,-18.0,-20.77
2025-12-16 16:00:00-05:00,105.4,158.17,-26.35,-26.42
2025-12-16 17:00:00-05:00,124.49,175.0,-21.11,-29.4
2025-12-16 18:00:00-05:00,104.0,142.16,-14.13,-24.03
2025-12-16 19:00:00-05:00,97.6,125.09,-6.1,-21.39
2025-12-16 20:00:00-05:00,90.4,110.21,-0.74,-19.07
2025-12-16 21:00:00-05:00,79.35,91.0,3.0,-14.65
2025-12-16 22:00:00-05:00,80.28,92.38,2.31,-14.41
2025-12-16 23:00:00-05:00,81.9,93.21,2.48,-13.79
2025-12-17 00:00:00-05:00,75.0,86.95,0.57,-12.52
2025-12-17 01:00:00-05:00,74.02,87.3,-0.01,-13.27
2025-12-17 02:00:00-05:00,65.79,77.31,0.16,-11.68
2025-12-17 03:00:00-05:00,66.13,77.49,0.34,-11.7
2025-12-17 04:00:00-05:00,70.02,82.28,-0.0,-12.26
2025-12-17 05:00:00-05:00,60.17,70.23,1.18,-11.24
2025-12-17 06:00:00-05:00,71.12,92.6,-6.11,-15.37
2025-12-17 07:00:00-05:00,67.3,82.94,-0.63,-15.01
2025-12-17 08:00:00-05:00,72.4,88.83,-0.44,-15.99
2025-12-17 09:00:00-05:00,77.6,94.03,0.12,-16.55
2025-12-17 10:00:00-05:00,72.0,84.31,-0.0,-12.31
2025-12-17 11:00:00-05:00,70.4,82.73,-0.0,-12.33
2025-12-17 12:00:00-05:00,67.56,79.67,-0.0,-12.11
2025-12-17 13:00:00-05:00,65.9,78.55,-0.0,-12.65
2025-12-17 14:00:00-05:00,68.03,79.29,-0.0,-11.26
2025-12-17 15:00:00-05:00,79.8,93.12,-0.0,-13.32
2025-12-17 16:00:00-05:00,89.77,103.42,-0.0,-13.65
2025-12-17 17:00:00-05:00,106.63,121.59,-0.0,-14.96
2025-12-17 18:00:00-05:00,101.95,116.12,-0.0,-14.17
2025-12-17 19:00:00-05:00,97.37,111.16,-0.0,-13.79
2025-12-17 20:00:00-05:00,95.89,109.72,-0.0,-13.83
2025-12-17 21:00:00-05:00,78.5,90.13,-0.0,-11.63
2025-12-17 22:00:00-05:00,82.91,94.22,-0.0,-11.31
2025-12-17 23:00:00-05:00,71.41,79.88,-0.0,-8.47
2025-12-18 00:00:00-05:00,60.69,65.75,-0.0,-5.06
2025-12-18 01:00:00-05:00,57.0,61.96,-0.0,-4.96
2025-12-18 02:00:00-05:00,52.49,57.06,-0.0,-4.57
2025-12-18 03:00:00-05:00,52.66,57.49,-0.0,-4.83
2025-12-18 04:00:00-05:00,51.75,56.5,-0.0,-4.75
2025-12-18 05:00:00-05:00,51.49,58.25,-0.0,-6.76
2025-12-18 06:00:00-05:00,55.19,62.93,-0.0,-7.74
2025-12-18 07:00:00-05:00,62.34,72.74,-0.0,-10.4
2025-12-18 08:00:00-05:00,55.38,64.25,-0.0,-8.87
2025-12-18 09:00:00-05:00,51.67,57.99,-0.0,-6.32
2025-12-18 10:00:00-05:00,50.22,56.49,-0.0,-6.27
2025-12-18 11:00:00-05:00,47.83,53.09,-0.0,-5.26
2025-12-18 12:00:00-05:00,45.15,50.22,-0.0,-5.07
2025-12-18 13:00:00-05:00,45.15,50.9,-0.0,-5.75
2025-12-18 14:00:00-05:00,48.6,54.3,-0.0,-5.7
2025-12-18 15:00:00-05:00,52.1,59.55,-0.72,-6.73
2025-12-18 16:00:00-05:00,60.46,66.6,0.72,-6.86
2025-12-18 17:00:00-05:00,65.28,71.97,-0.0,-6.69
2025-12-18 18:00:00-05:00,62.16,68.91,-0.0,-6.75
2025-12-18 19:00:00-05:00,56.97,62.67,-0.0,-5.7
2025-12-18 20:00:00-05:00,54.5,60.22,-0.0,-5.72
2025-12-18 21:00:00-05:00,50.65,56.09,-0.0,-5.44
2025-12-18 22:00:00-05:00,45.5,50.22,-0.0,-4.72
2025-12-18 23:00:00-05:00,42.08,45.29,-0.0,-3.21
2025-12-19 00:00:00-05:00,37.1,39.68,-0.0,-2.58
2025-12-19 01:00:00-05:00,35.65,38.13,-0.0,-2.48
2025-12-19 02:00:00-05:00,35.0,37.19,-0.0,-2.19
2025-12-19 03:00:00-05:00,34.52,36.61,-0.0,-2.09
2025-12-19 04:00:00-05:00,32.86,35.3,-0.0,-2.44
2025-12-19 05:00:00-05:00,33.43,37.02,-0.0,-3.59
2025-12-19 06:00:00-05:00,38.42,42.83,-0.0,-4.41
2025-12-19 07:00:00-05:00,43.99,49.15,-0.0,-5.16
2025-12-19 08:00:00-05:00,46.84,52.63,-0.0,-5.79
2025-12-19 09:00:00-05:00,48.87,54.18,-0.0,-5.31
2025-12-19 10:00:00-05:00,47.71,53.01,-0.0,-5.3
2025-12-19 11:00:00-05:00,46.62,51.8,-0.0,-5.18
2025-12-19 12:00:00-05:00,45.37,50.41,-0.0,-5.04
2025-12-19 13:00:00-05:00,42.81,47.92,-0.46,-4.65
2025-12-19 14:00:00-05:00,41.35,46.23,-0.35,-4.53
2025-12-19 15:00:00-05:00,45.88,50.92,-0.0,-5.04
2025-12-19 16:00:00-05:00,54.92,61.03,-0.01,-6.1
2025-12-19 17:00:00-05:00,62.39,71.55,-2.58,-6.58
2025-12-19 18:00:00-05:00,51.73,66.12,-7.98,-6.41
2025-12-19 19:00:00-05:00,50.6,60.76,-4.14,-6.02
2025-12-19 20:00:00-05:00,52.84,59.43,-0.41,-6.18
2025-12-19 21:00:00-05:00,50.2,56.09,-0.0,-5.89
2025-12-19 22:00:00-05:00,47.01,52.59,-0.0,-5.58
2025-12-19 23:00:00-05:00,47.09,50.25,-0.0,-3.16
2025-12-20 00:00:00-05:00,46.18,48.87,-0.0,-2.69
2025-12-20 01:00:00-05:00,44.38,47.11,-0.0,-2.73
2025-12-20 02:00:00-05:00,42.86,45.5,-0.0,-2.64
2025-12-20 03:00:00-05:00,42.62,44.86,-0.0,-2.24
2025-12-20 04:00:00-05:00,44.06,46.33,-0.0,-2.27
2025-12-20 05:00:00-05:00,43.1,45.9,-0.0,-2.8
2025-12-20 06:00:00-05:00,49.33,53.56,-0.0,-4.23
2025-12-20 07:00:00-05:00,52.23,58.69,-0.0,-6.46
2025-12-20 08:00:00-05:00,54.9,61.69,-0.0,-6.79
2025-12-20 09:00:00-05:00,50.0,51.33,4.21,-5.54
2025-12-20 10:00:00-05:00,46.07,57.99,-4.21,-7.71
2025-12-20 11:00:00-05:00,45.0,52.33,-0.0,-7.33
2025-12-20 12:00:00-05:00,45.0,52.75,-0.0,-7.75
2025-12-20 13:00:00-05:00,42.4,53.6,-3.59,-7.61
2025-12-20 14:00:00-05:00,44.01,55.4,-3.02,-8.37
2025-12-20 15:00:00-05:00,42.22,57.3,-6.71,-8.37
2025-12-20 16:00:00-05:00,51.7,69.31,-8.12,-9.49
2025-12-20 17:00:00-05:00,57.15,75.69,-8.85,-9.69
2025-12-20 18:00:00-05:00,51.05,67.79,-8.0,-8.74
2025-12-20 19:00:00-05:00,47.8,64.0,-7.5,-8.7
2025-12-20 20:00:00-05:00,41.38,54.88,-6.09,-7.41
2025-12-20 21:00:00-05:00,39.1,52.03,-5.7,-7.23
2025-12-20 22:00:00-05:00,45.22,53.28,-1.13,-6.93
2025-12-20 23:00:00-05:00,46.51,52.8,0.05,-6.34
2025-12-21 00:00:00-05:00,45.37,51.15,-0.0,-5.78
2025-12-21 01:00:00-05:00,42.68,47.79,-0.0,-5.11
2025-12-21 02:00:00-05:00,39.99,44.83,-0.0,-4.84
2025-12-21 03:00:00-05:00,37.85,42.53,-0.0,-4.68
2025-12-21 04:00:00-05:00,38.32,42.87,-0.0,-4.55
2025-12-21 05:00:00-05:00,38.16,43.27,-0.0,-5.11
2025-12-21 06:00:00-05:00,40.46,46.29,-0.0,-5.83
2025-12-21 07:00:00-05:00,44.89,50.95,-0.0,-6.06
2025-12-21 08:00:00-05:00,44.2,50.88,-0.47,-6.21
2025-12-21 09:00:00-05:00,43.37,49.29,-0.0,-5.92
2025-12-21 10:00:00-05:00,42.4,48.24,-0.0,-5.84
2025-12-21 11:00:00-05:00,41.2,46.61,-0.0,-5.41
2025-12-21 12:00:00-05:00,39.8,46.12,-0.78,-5.54
2025-12-21 13:00:00-05:00,39.48,45.9,-0.82,-5.6
2025-12-21 14:00:00-05:00,43.86,53.4,-2.55,-6.99
2025-12-21 15:00:00-05:00,45.0,58.09,-5.48,-7.61
2025-12-21 16:00:00-05:00,60.6,69.72,-0.47,-8.65
2025-12-21 17:00:00-05:00,70.25,79.56,-0.0,-9.31
2025-12-21 18:00:00-05:00,64.64,72.71,-0.0,-8.07
2025-12-21 19:00:00-05:00,63.42,71.02,-0.0,-7.6
2025-12-21 20:00:00-05:00,59.62,66.61,-0.0,-6.99
2025-12-21 21:00:00-05:00,56.91,63.38,-0.0,-6.47
2025-12-21 22:00:00-05:00,62.41,68.06,-0.0,-5.65
2025-12-21 23:00:00-05:00,58.7,61.85,-0.0,-3.15
2025-12-22 00:00:00-05:00,59.9,63.12,-0.0,-3.22
2025-12-22 01:00:00-05:00,56.67,60.22,-0.0,-3.55
2025-12-22 02:00:00-05:00,55.08,58.1,-0.0,-3.02
2025-12-22 03:00:00-05:00,53.82,58.12,-0.0,-4.3
2025-12-22 04:00:00-05:00,54.71,59.27,-0.0,-4.56
2025-12-22 05:00:00-05:00,54.44,60.62,-0.0,-6.18
2025-12-22 06:00:00-05:00,69.71,80.68,-0.0,-10.97
2025-12-22 07:00:00-05:00,83.35,97.83,-0.0,-14.48
2025-12-22 08:00:00-05:00,74.85,92.21,-3.53,-13.83
2025-12-22 09:00:00-05:00,62.62,67.08,3.52,-7.98
2025-12-22 10:00:00-05:00,60.02,67.44,-0.0,-7.42
2025-12-22 11:00:00-05:00,56.02,62.94,-0.0,-6.92
2025-12-22 12:00:00-05:00,54.89,60.99,-0.0,-6.1
2025-12-22 13:00:00-05:00,55.19,62.01,-0.0,-6.82
2025-12-22 14:00:00-05:00,63.39,70.43,-0.0,-7.04
2025-12-22 15:00:00-05:00,68.9,77.15,-0.0,-8.25
2025-12-22 16:00:00-05:00,84.43,95.51,-0.0,-11.08
2025-12-22 17:00:00-05:00,94.36,106.38,-0.0,-12.02
2025-12-22 18:00:00-05:00,88.09,99.65,-0.0,-11.56
2025-12-22 19:00:00-05:00,84.75,95.44,-0.0,-10.69
2025-12-22 20:00:00-05:00,69.01,77.37,-0.0,-8.36
2025-12-22 21:00:00-05:00,67.5,73.37,1.98,-7.85
2025-12-22 22:00:00-05:00,61.5,71.41,-1.98,-7.93
2025-12-22 23:00:00-05:00,61.16,67.73,-0.0,-6.57
2025-12-23 00:00:00-05:00,52.43,57.87,-0.0,-5.44
2025-12-23 01:00:00-05:00,50.07,55.76,-0.0,-5.69
2025-12-23 02:00:00-05:00,47.0,51.76,-0.0,-4.76
2025-12-23 03:00:00-05:00,45.76,49.85,-0.0,-4.09
2025-12-23 04:00:00-05:00,47.49,52.36,-0.0,-4.87
2025-12-23 05:00:00-05:00,49.05,56.71,-0.0,-7.66
2025-12-23 06:00:00-05:00,54.12,63.67,-0.0,-9.55
2025-12-23 07:00:00-05:00,60.79,69.97,0.62,-9.8
2025-12-23 08:00:00-05:00,63.62,71.99,2.93,-11.3
2025-12-23 09:00:00-05:00,63.05,79.09,-3.55,-12.49
2025-12-23 10:00:00-05:00,57.29,75.01,-5.57,-12.15
2025-12-23 11:00:00-05:00,56.66,72.43,-4.47,-11.3
2025-12-23 12:00:00-05:00,55.0,67.12,-1.85,-10.27
2025-12-23 13:00:00-05:00,53.71,66.87,-3.4,-9.76
2025-12-23 14:00:00-05:00,58.12,67.97,-0.13,-9.72
2025-12-23 15:00:00-05:00,49.87,64.65,-5.8,-8.98
2025-12-23 16:00:00-05:00,56.01,68.8,-3.64,-9.15
2025-12-23 17:00:00-05:00,58.73,75.68,-7.19,-9.76
2025-12-23 18:00:00-05:00,55.59,67.72,-3.06,-9.07
2025-12-23 19:00:00-05:00,50.0,61.45,-2.91,-8.54
2025-12-23 20:00:00-05:00,48.42,60.53,-3.94,-8.17
2025-12-23 21:00:00-05:00,46.3,57.34,-3.47,-7.57
2025-12-23 22:00:00-05:00,45.88,52.68,-0.0,-6.8
2025-12-23 23:00:00-05:00,44.49,50.85,-0.0,-6.36
2025-12-24 00:00:00-05:00,41.02,45.73,-0.0,-4.71
2025-12-24 01:00:00-05:00,37.89,41.82,-0.0,-3.93
2025-12-24 02:00:00-05:00,35.35,38.85,-0.0,-3.5
2025-12-24 03:00:00-05:00,35.05,38.22,-0.0,-3.17
2025-12-24 04:00:00-05:00,35.11,38.2,-0.0,-3.09
2025-12-24 05:00:00-05:00,38.05,42.7,-0.0,-4.65
2025-12-24 06:00:00-05:00,46.39,52.84,-0.0,-6.45
2025-12-24 07:00:00-05:00,51.19,58.84,-0.0,-7.65
2025-12-24 08:00:00-05:00,51.63,58.74,-0.0,-7.11
2025-12-24 09:00:00-05:00,50.73,55.93,-0.0,-5.2
2025-12-24 10:00:00-05:00,50.7,55.65,-0.0,-4.95
2025-12-24 11:00:00-05:00,49.32,53.96,-0.0,-4.64
2025-12-24 12:00:00-05:00,46.9,52.11,-0.0,-5.21
2025-12-24 13:00:00-05:00,49.9,55.14,-0.0,-5.24
2025-12-24 14:00:00-05:00,54.7,59.33,-0.0,-4.63
2025-12-24 15:00:00-05:00,55.67,60.78,-0.0,-5.11
2025-12-24 16:00:00-05:00,62.57,68.53,-0.0,-5.96
2025-12-24 17:00:00-05:00,75.03,82.45,-0.0,-7.42
2025-12-24 18:00:00-05:00,61.82,69.15,-0.0,-7.33
2025-12-24 19:00:00-05:00,59.6,66.07,-0.0,-6.47
2025-12-24 20:00:00-05:00,55.62,62.49,-0.0,-6.87
2025-12-24 21:00:00-05:00,52.78,59.57,-0.0,-6.79
2025-12-24 22:00:00-05:00,52.65,58.96,-0.0,-6.31
2025-12-24 23:00:00-05:00,51.89,55.68,-0.0,-3.79
2025-12-25 00:00:00-05:00,44.9,49.83,-0.0,-4.93
2025-12-25 01:00:00-05:00,41.8,46.14,-0.0,-4.34
2025-12-25 02:00:00-05:00,40.39,44.78,-0.0,-4.39
2025-12-25 03:00:00-05:00,37.69,41.6,-0.0,-3.91
2025-12-25 04:00:00-05:00,37.49,41.33,-0.0,-3.84
2025-12-25 05:00:00-05:00,38.46,42.93,-0.0,-4.47
2025-12-25 06:00:00-05:00,41.01,46.55,-0.0,-5.54
2025-12-25 07:00:00-05:00,41.4,47.32,-0.0,-5.92
2025-12-25 08:00:00-05:00,43.75,49.72,-0.0,-5.97
2025-12-25 09:00:00-05:00,41.54,47.75,-0.0,-6.21
2025-12-25 10:00:00-05:00,44.9,52.15,-0.0,-7.25
2025-12-25 11:00:00-05:00,41.52,47.62,-0.0,-6.1
2025-12-25 12:00:00-05:00,40.75,47.05,-0.0,-6.3
2025-12-25 13:00:00-05:00,39.71,44.97,-0.0,-5.26
2025-12-25 14:00:00-05:00,40.0,45.0,-0.0,-5.0
2025-12-25 15:00:00-05:00,42.74,49.47,-0.0,-6.73
2025-12-25 16:00:00-05:00,47.34,54.29,-0.0,-6.95
2025-12-25 17:00:00-05:00,51.79,59.19,-0.0,-7.4
2025-12-25 18:00:00-05:00,48.83,56.0,-0.0,-7.17
2025-12-25 19:00:00-05:00,47.62,54.67,-0.0,-7.05
2025-12-25 20:00:00-05:00,48.11,54.55,-0.0,-6.44
2025-12-25 21:00:00-05:00,47.17,54.03,-0.0,-6.86
2025-12-25 22:00:00-05:00,50.1,56.42,-0.0,-6.32
2025-12-25 23:00:00-05:00,48.34,53.59,-0.0,-5.25
2025-12-26 00:00:00-05:00,57.72,64.35,-0.0,-6.63
2025-12-26 01:00:00-05:00,52.12,58.36,-0.0,-6.24
2025-12-26 02:00:00-05:00,48.57,54.02,-0.0,-5.45
2025-12-26 03:00:00-05:00,48.38,54.0,-0.0,-5.62
2025-12-26 04:00:00-05:00,48.11,53.63,-0.0,-5.52
2025-12-26 05:00:00-05:00,53.11,60.84,-0.0,-7.73
2025-12-26 06:00:00-05:00,58.06,68.46,-0.0,-10.4
2025-12-26 07:00:00-05:00,64.64,77.79,-0.0,-13.15
2025-12-26 08:00:00-05:00,60.58,78.87,-5.59,-12.7
2025-12-26 09:00:00-05:00,61.41,75.87,-2.17,-12.29
2025-12-26 10:00:00-05:00,63.16,76.78,-1.49,-12.13
2025-12-26 11:00:00-05:00,62.65,86.93,-9.59,-14.69
2025-12-26 12:00:00-05:00,63.73,83.05,-5.62,-13.7
2025-12-26 13:00:00-05:00,65.9,80.39,-1.15,-13.34
2025-12-26 14:00:00-05:00,68.03,82.07,-0.25,-13.79
2025-12-26 15:00:00-05:00,60.11,82.06,-7.59,-14.36
2025-12-26 16:00:00-05:00,65.08,92.05,-11.14,-15.83
2025-12-26 17:00:00-05:00,75.02,106.97,-13.77,-18.18
2025-12-26 18:00:00-05:00,73.56,100.84,-10.24,-17.04
2025-12-26 19:00:00-05:00,68.63,93.59,-9.43,-15.53
2025-12-26 20:00:00-05:00,67.91,92.04,-9.22,-14.91
2025-12-26 21:00:00-05:00,69.31,81.92,-0.0,-12.61
2025-12-26 22:00:00-05:00,66.91,77.71,-0.0,-10.8
2025-12-26 23:00:00-05:00,68.64,79.37,-0.17,-10.56
2025-12-27 00:00:00-05:00,71.74,81.34,-0.0,-9.6
2025-12-27 01:00:00-05:00,61.98,70.03,-0.0,-8.05
2025-12-27 02:00:00-05:00,60.94,68.39,-0.0,-7.45
2025-12-27 03:00:00-05:00,58.56,65.94,-0.0,-7.38
2025-12-27 04:00:00-05:00,58.88,66.6,-0.0,-7.72
2025-12-27 05:00:00-05:00,60.94,69.09,-0.0,-8.15
2025-12-27 06:00:00-05:00,62.12,71.32,-0.0,-9.2
2025-12-27 07:00:00-05:00,61.74,70.72,-0.0,-8.98
2025-12-27 08:00:00-05:00,67.9,79.23,-0.0,-11.33
2025-12-27 09:00:00-05:00,77.61,92.29,-0.0,-14.68
2025-12-27 10:00:00-05:00,76.03,89.24,-0.0,-13.21
2025-12-27 11:00:00-05:00,79.4,94.18,-0.0,-14.78
2025-12-27 12:00:00-05:00,71.69,83.55,-0.0,-11.86
2025-12-27 13:00:00-05:00,66.1,76.15,-0.0,-10.05
2025-12-27 14:00:00-05:00,66.52,76.2,-0.0,-9.68
2025-12-27 15:00:00-05:00,70.13,82.12,-0.0,-11.99
2025-12-27 16:00:00-05:00,80.37,94.44,-0.0,-14.07
2025-12-27 17:00:00-05:00,92.12,108.9,-0.01,-16.77
2025-12-27 18:00:00-05:00,83.0,98.0,-0.01,-14.99
2025-12-27 19:00:00-05:00,77.1,91.04,-0.01,-13.93
2025-12-27 20:00:00-05:00,73.76,87.3,-0.01,-13.53
2025-12-27 21:00:00-05:00,70.05,82.91,-0.01,-12.85
2025-12-27 22:00:00-05:00,74.47,86.9,-0.0,-12.43
2025-12-27 23:00:00-05:00,71.41,86.76,-4.24,-11.11
2025-12-28 00:00:00-05:00,69.1,107.64,-25.62,-12.92
2025-12-28 01:00:00-05:00,62.15,91.57,-18.8,-10.62
2025-12-28 02:00:00-05:00,59.94,79.29,-10.47,-8.88
2025-12-28 03:00:00-05:00,59.92,79.21,-10.42,-8.87
2025-12-28 04:00:00-05:00,60.0,79.21,-10.34,-8.87
2025-12-28 05:00:00-05:00,59.88,86.52,-16.69,-9.95
2025-12-28 06:00:00-05:00,58.13,87.43,-18.37,-10.93
2025-12-28 07:00:00-05:00,60.34,87.38,-15.94,-11.1
2025-12-28 08:00:00-05:00,65.0,75.49,-0.0,-10.49
2025-12-28 09:00:00-05:00,63.7,74.33,-0.0,-10.63
2025-12-28 10:00:00-05:00,59.21,68.61,-0.0,-9.4
2025-12-28 11:00:00-05:00,57.59,65.67,-0.0,-8.08
2025-12-28 12:00:00-05:00,55.09,64.36,-0.0,-9.27
2025-12-28 13:00:00-05:00,54.81,64.94,-0.0,-10.13
2025-12-28 14:00:00-05:00,57.93,68.72,-0.0,-10.79
2025-12-28 15:00:00-05:00,58.4,68.87,-0.0,-10.47
2025-12-28 16:00:00-05:00,71.3,84.48,-0.0,-13.18
2025-12-28 17:00:00-05:00,79.92,93.59,-0.0,-13.67
2025-12-28 18:00:00-05:00,70.96,82.7,-0.0,-11.74
2025-12-28 19:00:00-05:00,60.08,70.02,-0.0,-9.94
2025-12-28 20:00:00-05:00,57.18,67.99,-0.0,-10.81
2025-12-28 21:00:00-05:00,53.6,62.91,-0.0,-9.31
2025-12-28 22:00:00-05:00,50.2,57.57,-0.0,-7.37
2025-12-28 23:00:00-05:00,50.0,57.08,-0.0,-7.08
2025-12-29 00:00:00-05:00,48.24,55.83,-0.0,-7.59
2025-12-29 01:00:00-05:00,47.0,54.74,0.03,-7.77
2025-12-29 02:00:00-05:00,47.0,54.4,0.22,-7.62
2025-12-29 03:00:00-05:00,45.83,52.94,0.3,-7.41
2025-12-29 04:00:00-05:00,44.75,52.02,0.01,-7.28
2025-12-29 05:00:00-05:00,40.15,47.03,0.46,-7.34
2025-12-29 06:00:00-05:00,41.88,54.91,-4.9,-8.13
2025-12-29 07:00:00-05:00,45.9,61.75,-5.85,-10.0
2025-12-29 08:00:00-05:00,45.9,63.09,-6.84,-10.35
2025-12-29 09:00:00-05:00,49.94,63.04,-2.76,-10.34
2025-12-29 10:00:00-05:00,51.4,63.3,-1.52,-10.38
2025-12-29 11:00:00-05:00,48.1,58.74,-1.54,-9.1
2025-12-29 12:00:00-05:00,47.1,56.43,-0.81,-8.52
2025-12-29 13:00:00-05:00,45.56,53.36,0.47,-8.27
2025-12-29 14:00:00-05:00,46.7,55.16,0.2,-8.66
2025-12-29 15:00:00-05:00,46.55,57.04,-1.76,-8.73
2025-12-29 16:00:00-05:00,53.5,64.14,-1.15,-9.49
2025-12-29 17:00:00-05:00,60.63,82.48,-9.23,-12.62
2025-12-29 18:00:00-05:00,53.1,71.69,-7.91,-10.68
2025-12-29 19:00:00-05:00,50.67,64.78,-4.39,-9.72
2025-12-29 20:00:00-05:00,49.88,66.01,-6.16,-9.97
2025-12-29 21:00:00-05:00,50.0,60.06,-0.87,-9.19
2025-12-29 22:00:00-05:00,50.12,58.16,-0.01,-8.03
2025-12-29 23:00:00-05:00,50.95,58.77,-0.0,-7.82
2025-12-30 00:00:00-05:00,54.11,62.26,-0.0,-8.15
2025-12-30 01:00:00-05:00,52.0,59.02,-0.0,-7.02
2025-12-30 02:00:00-05:00,47.95,54.49,-0.0,-6.54
2025-12-30 03:00:00-05:00,49.82,56.88,-0.0,-7.06
2025-12-30 04:00:00-05:00,44.21,50.47,-0.0,-6.26
2025-12-30 05:00:00-05:00,46.08,53.56,0.18,-7.66
2025-12-30 06:00:00-05:00,50.09,58.48,0.44,-8.83
2025-12-30 07:00:00-05:00,49.94,59.45,-0.42,-9.09
2025-12-30 08:00:00-05:00,50.06,63.43,-3.16,-10.21
2025-12-30 09:00:00-05:00,55.57,67.61,-1.43,-10.61
2025-12-30 10:00:00-05:00,55.58,66.84,-0.37,-10.89
2025-12-30 11:00:00-05:00,55.52,66.69,-0.37,-10.8
2025-12-30 12:00:00-05:00,56.35,69.75,-2.52,-10.88
2025-12-30 13:00:00-05:00,57.0,68.45,-0.98,-10.47
2025-12-30 14:00:00-05:00,58.38,69.9,-0.33,-11.19
2025-12-30 15:00:00-05:00,59.47,73.69,-2.43,-11.79
2025-12-30 16:00:00-05:00,60.48,86.81,-12.27,-14.06
2025-12-30 17:00:00-05:00,78.68,118.65,-20.98,-18.99
2025-12-30 18:00:00-05:00,75.12,119.82,-25.29,-19.41
2025-12-30 19:00:00-05:00,70.89,109.13,-20.78,-17.46
2025-12-30 20:00:00-05:00,68.35,99.05,-14.75,-15.95
2025-12-30 21:00:00-05:00,58.14,72.84,-3.12,-11.58
2025-12-30 22:00:00-05:00,60.85,70.33,0.65,-10.13
2025-12-30 23:00:00-05:00,65.0,80.38,-4.29,-11.09
2026-01-01 00:00:00-05:00,65.4,101.04,-22.51,-13.13
2026-01-01 01:00:00-05:00,61.63,92.21,-18.5,-12.08
2026-01-01 02:00:00-05:00,56.65,75.49,-9.25,-9.59
2026-01-01 03:00:00-05:00,55.6,69.6,-5.3,-8.7
2026-01-01 04:00:00-05:00,56.22,69.82,-5.15,-8.45
2026-01-01 05:00:00-05:00,59.61,86.54,-16.54,-10.39
2026-01-01 06:00:00-05:00,60.28,108.29,-35.01,-13.0
2026-01-01 07:00:00-05:00,60.97,104.75,-28.48,-15.3
2026-01-01 08:00:00-05:00,61.64,110.06,-32.24,-16.18
2026-01-01 09:00:00-05:00,62.11,111.27,-32.58,-16.58
2026-01-01 10:00:00-05:00,65.0,110.3,-28.54,-16.76
2026-01-01 11:00:00-05:00,60.2,103.74,-27.67,-15.87
2026-01-01 12:00:00-05:00,59.25,102.37,-27.46,-15.66
2026-01-01 13:00:00-05:00,59.33,105.08,-29.04,-16.71
2026-01-01 14:00:00-05:00,61.22,118.41,-38.49,-18.7
2026-01-01 15:00:00-05:00,62.21,117.57,-35.85,-19.51
2026-01-01 16:00:00-05:00,68.78,137.19,-45.22,-23.19
2026-01-01 17:00:00-05:00,82.5,151.25,-43.04,-25.71
2026-01-01 18:00:00-05:00,78.45,156.19,-51.19,-26.55
2026-01-01 19:00:00-05:00,73.48,140.99,-43.26,-24.25
2026-01-01 20:00:00-05:00,67.25,128.44,-38.97,-22.22
2026-01-01 21:00:00-05:00,60.68,125.68,-43.51,-21.49
2026-01-01 22:00:00-05:00,64.23,123.71,-40.92,-18.56
2026-01-01 23:00:00-05:00,62.78,127.52,-47.66,-17.08
2026-01-02 00:00:00-05:00,89.2,129.47,-23.18,-17.09
2026-01-02 01:00:00-05:00,85.37,120.16,-19.17,-15.62
2026-01-02 02:00:00-05:00,82.29,111.87,-15.15,-14.43
2026-01-02 03:00:00-05:00,80.67,112.95,-17.6,-14.68
2026-01-02 04:00:00-05:00,79.97,113.17,-18.38,-14.82
2026-01-02 05:00:00-05:00,84.95,117.7,-15.68,-17.07
2026-01-02 06:00:00-05:00,91.23,132.86,-18.91,-22.72
2026-01-02 07:00:00-05:00,87.46,137.44,-26.75,-23.23
2026-01-02 08:00:00-05:00,86.49,148.81,-36.87,-25.45
2026-01-02 09:00:00-05:00,87.11,132.1,-23.19,-21.8
2026-01-02 10:00:00-05:00,88.32,142.96,-30.34,-24.3
2026-01-02 11:00:00-05:00,79.18,128.93,-27.96,-21.79
2026-01-02 12:00:00-05:00,83.1,122.58,-18.64,-20.84
2026-01-02 13:00:00-05:00,80.79,122.08,-20.66,-20.63
2026-01-02 14:00:00-05:00,83.28,125.68,-21.54,-20.86
2026-01-02 15:00:00-05:00,83.69,135.19,-27.57,-23.93
2026-01-02 16:00:00-05:00,89.68,157.92,-39.66,-28.58
2026-01-02 17:00:00-05:00,104.51,171.98,-36.17,-31.3
2026-01-02 18:00:00-05:00,99.63,153.06,-25.57,-27.86
2026-01-02 19:00:00-05:00,95.31,136.91,-16.68,-24.92
2026-01-02 20:00:00-05:00,89.57,134.08,-20.11,-24.4
2026-01-02 21:00:00-05:00,84.4,106.37,-2.72,-19.25
2026-01-02 22:00:00-05:00,96.43,123.06,-7.68,-18.95
2026-01-02 23:00:00-05:00,97.9,121.73,-6.42,-17.41
2026-01-03 00:00:00-05:00,110.71,126.67,-0.0,-15.96
2026-01-03 01:00:00-05:00,109.23,124.7,-0.0,-15.47
2026-01-03 02:00:00-05:00,105.44,120.37,-0.0,-14.93
2026-01-03 03:00:00-05:00,102.68,116.69,-0.0,-14.01
2026-01-03 04:00:00-05:00,102.75,117.3,-0.0,-14.55
2026-01-03 05:00:00-05:00,108.98,123.85,-0.0,-14.87
2026-01-03 06:00:00-05:00,113.09,130.44,-0.0,-17.35
2026-01-03 07:00:00-05:00,103.11,122.02,-0.0,-18.91
2026-01-03 08:00:00-05:00,98.63,138.89,-19.56,-20.7
2026-01-03 09:00:00-05:00,98.06,130.17,-13.76,-18.35
2026-01-03 10:00:00-05:00,94.76,125.64,-13.17,-17.71
2026-01-03 11:00:00-05:00,92.54,122.19,-12.67,-16.98
2026-01-03 12:00:00-05:00,92.61,121.77,-12.6,-16.56
2026-01-03 13:00:00-05:00,94.36,123.54,-12.63,-16.55
2026-01-03 14:00:00-05:00,97.66,124.89,-10.74,-16.49
2026-01-03 15:00:00-05:00,108.99,129.44,-0.0,-20.45
2026-01-03 16:00:00-05:00,124.18,149.25,-0.0,-25.07
2026-01-03 17:00:00-05:00,133.3,159.45,-0.0,-26.15
2026-01-03 18:00:00-05:00,128.6,154.38,-0.0,-25.78
2026-01-03 19:00:00-05:00,116.71,139.61,-0.0,-22.9
2026-01-03 20:00:00-05:00,107.09,129.18,-0.0,-22.09
2026-01-03 21:00:00-05:00,101.01,120.25,-0.0,-19.24
2026-01-03 22:00:00-05:00,105.71,121.79,-0.0,-16.08
2026-01-03 23:00:00-05:00,107.3,121.24,-0.0,-13.94
2026-01-04 00:00:00-05:00,120.56,134.86,-0.0,-14.3
2026-01-04 01:00:00-05:00,110.23,123.85,-0.0,-13.62
2026-01-04 02:00:00-05:00,106.09,119.34,-0.0,-13.25
2026-01-04 03:00:00-05:00,103.44,115.97,-0.0,-12.53
2026-01-04 04:00:00-05:00,98.94,110.79,-0.0,-11.85
2026-01-04 05:00:00-05:00,99.91,111.88,-0.0,-11.97
2026-01-04 06:00:00-05:00,95.41,107.69,-0.0,-12.28
2026-01-04 07:00:00-05:00,88.75,102.48,-0.0,-13.73
2026-01-04 08:00:00-05:00,94.76,110.83,-0.0,-16.07
2026-01-04 09:00:00-05:00,98.34,115.16,-0.0,-16.82
2026-01-04 10:00:00-05:00,100.0,117.92,-0.0,-17.92
2026-01-04 11:00:00-05:00,100.0,119.06,-0.85,-18.21
2026-01-04 12:00:00-05:00,99.1,116.86,-0.0,-17.76
2026-01-04 13:00:00-05:00,99.58,117.42,-0.0,-17.84
2026-01-04 14:00:00-05:00,100.51,118.52,-0.0,-18.01
2026-01-04 15:00:00-05:00,105.0,123.96,-0.0,-18.96
2026-01-04 16:00:00-05:00,122.91,148.08,-0.0,-25.17
2026-01-04 17:00:00-05:00,149.75,178.7,-0.0,-28.95
2026-01-04 18:00:00-05:00,136.41,162.97,-0.0,-26.56
2026-01-04 19:00:00-05:00,132.7,159.88,-0.0,-27.18
2026-01-04 20:00:00-05:00,111.31,132.67,-0.0,-21.36
2026-01-04 21:00:00-05:00,106.35,126.3,-0.0,-19.95
2026-01-04 22:00:00-05:00,104.81,121.02,-0.0,-16.21
2026-01-04 23:00:00-05:00,107.6,120.76,-0.0,-13.16
2026-01-05 00:00:00-05:00,122.24,135.08,-0.0,-12.84
2026-01-05 01:00:00-05:00,110.66,123.09,-0.0,-12.43
2026-01-05 02:00:00-05:00,105.74,117.22,-0.0,-11.48
2026-01-05 03:00:00-05:00,106.53,118.63,-0.0,-12.1
2026-01-05 04:00:00-05:00,108.85,121.22,-0.0,-12.37
2026-01-05 05:00:00-05:00,108.89,124.87,-0.0,-15.98
2026-01-05 06:00:00-05:00,114.65,133.46,-0.0,-18.81
2026-01-05 07:00:00-05:00,129.5,151.81,-0.0,-22.31
2026-01-05 08:00:00-05:00,136.13,160.35,-0.0,-24.22
2026-01-05 09:00:00-05:00,148.1,172.21,-0.0,-24.11
2026-01-05 10:00:00-05:00,134.12,155.59,-0.0,-21.47
2026-01-05 11:00:00-05:00,125.35,144.92,-0.0,-19.57
2026-01-05 12:00:00-05:00,120.92,139.31,-0.0,-18.39
2026-01-05 13:00:00-05:00,119.94,136.77,-0.0,-16.83
2026-01-05 14:00:00-05:00,120.99,138.91,-0.0,-17.92
2026-01-05 15:00:00-05:00,119.2,137.01,-0.0,-17.81
2026-01-05 16:00:00-05:00,140.46,160.53,-0.0,-20.07
2026-01-05 17:00:00-05:00,161.18,181.51,-0.0,-20.33
2026-01-05 18:00:00-05:00,149.57,169.19,-0.0,-19.62
2026-01-05 19:00:00-05:00,138.71,156.73,-0.0,-18.02
2026-01-05 20:00:00-05:00,123.27,139.13,-0.0,-15.86
2026-01-05 21:00:00-05:00,110.99,127.57,-0.0,-16.58
2026-01-05 22:00:00-05:00,110.27,124.88,-0.0,-14.61
2026-01-05 23:00:00-05:00,111.17,124.91,-0.0,-13.74
2026-01-06 00:00:00-05:00,109.66,122.8,-0.0,-13.14
2026-01-06 01:00:00-05:00,100.89,112.47,-0.0,-11.58
2026-01-06 02:00:00-05:00,96.03,106.11,-0.0,-10.08
2026-01-06 03:00:00-05:00,96.53,107.14,-0.0,-10.61
2026-01-06 04:00:00-05:00,99.7,111.28,-0.0,-11.58
2026-01-06 05:00:00-05:00,101.0,115.83,-0.0,-14.83
2026-01-06 06:00:00-05:00,110.11,129.39,-0.0,-19.28
2026-01-06 07:00:00-05:00,124.96,151.79,-3.0,-23.83
2026-01-06 08:00:00-05:00,116.14,137.28,-0.0,-21.14
2026-01-06 09:00:00-05:00,112.51,146.09,-12.11,-21.47
2026-01-06 10:00:00-05:00,103.79,119.16,-0.0,-15.37
2026-01-06 11:00:00-05:00,100.59,115.36,-0.0,-14.77
2026-01-06 12:00:00-05:00,97.1,112.26,-0.0,-15.16
2026-01-06 13:00:00-05:00,96.47,111.27,-0.0,-14.8
2026-01-06 14:00:00-05:00,95.42,110.18,-0.0,-14.76
2026-01-06 15:00:00-05:00,82.46,95.11,-0.0,-12.65
2026-01-06 16:00:00-05:00,94.22,109.68,-0.0,-15.46
2026-01-06 17:00:00-05:00,101.6,117.46,-0.0,-15.86
2026-01-06 18:00:00-05:00,92.52,106.59,-0.0,-14.07
2026-01-06 19:00:00-05:00,78.76,91.05,-0.0,-12.29
2026-01-06 20:00:00-05:00,71.53,82.98,-0.0,-11.45
2026-01-06 21:00:00-05:00,67.84,77.98,-0.0,-10.14
2026-01-06 22:00:00-05:00,68.12,77.5,-0.0,-9.38
2026-01-06 23:00:00-05:00,65.13,73.1,-0.0,-7.97
2026-01-07 00:00:00-05:00,54.96,59.87,-0.0,-4.91
2026-01-07 01:00:00-05:00,50.28,55.13,-0.0,-4.85
2026-01-07 02:00:00-05:00,50.08,55.03,-0.0,-4.95
2026-01-07 03:00:00-05:00,50.01,55.14,-0.0,-5.13
2026-01-07 04:00:00-05:00,50.12,55.14,-0.0,-5.02
2026-01-07 05:00:00-05:00,47.56,53.32,-0.0,-5.76
2026-01-07 06:00:00-05:00,52.93,60.29,-0.0,-7.36
2026-01-07 07:00:00-05:00,62.7,69.9,-0.0,-7.2
2026-01-07 08:00:00-05:00,60.31,67.16,-0.0,-6.85
2026-01-07 09:00:00-05:00,61.22,67.57,-0.0,-6.35
2026-01-07 10:00:00-05:00,54.94,59.91,-0.0,-4.97
2026-01-07 11:00:00-05:00,55.26,59.68,-0.0,-4.42
2026-01-07 12:00:00-05:00,52.12,56.16,-0.0,-4.04
2026-01-07 13:00:00-05:00,51.28,54.91,-0.0,-3.63
2026-01-07 14:00:00-05:00,50.18,53.78,-0.0,-3.6
2026-01-07 15:00:00-05:00,50.91,55.88,-0.0,-4.97
2026-01-07 16:00:00-05:00,58.43,64.92,-0.0,-6.49
2026-01-07 17:00:00-05:00,70.89,79.03,-0.0,-8.14
2026-01-07 18:00:00-05:00,63.02,70.41,-0.0,-7.39
2026-01-07 19:00:00-05:00,53.6,60.02,-0.0,-6.42
2026-01-07 20:00:00-05:00,48.41,54.51,-0.0,-6.1
2026-01-07 21:00:00-05:00,47.75,53.11,-0.0,-5.36
2026-01-07 22:00:00-05:00,46.23,50.8,-0.0,-4.57
2026-01-07 23:00:00-05:00,46.43,50.52,-0.0,-4.09
2026-01-08 00:00:00-05:00,46.43,49.98,-0.0,-3.55
2026-01-08 01:00:00-05:00,45.95,49.57,-0.0,-3.62
2026-01-08 02:00:00-05:00,44.98,48.31,-0.0,-3.33
2026-01-08 03:00:00-05:00,43.94,46.74,-0.0,-2.8
2026-01-08 04:00:00-05:00,45.0,48.23,-0.0,-3.23
2026-01-08 05:00:00-05:00,45.18,49.7,-0.0,-4.52
2026-01-08 06:00:00-05:00,54.33,60.16,-0.0,-5.83
2026-01-08 07:00:00-05:00,60.6,70.47,-0.0,-9.87
2026-01-08 08:00:00-05:00,53.0,66.75,-4.54,-9.21
2026-01-08 09:00:00-05:00,47.17,52.85,0.24,-5.92
2026-01-08 10:00:00-05:00,43.63,48.53,-0.0,-4.9
2026-01-08 11:00:00-05:00,39.84,44.37,-0.0,-4.53
2026-01-08 12:00:00-05:00,38.14,42.38,-0.0,-4.24
2026-01-08 13:00:00-05:00,38.17,42.6,-0.0,-4.43
2026-01-08 14:00:00-05:00,40.26,45.14,-0.0,-4.88
2026-01-08 15:00:00-05:00,43.31,49.16,-0.0,-5.85
2026-01-08 16:00:00-05:00,50.09,57.64,-0.0,-7.55
2026-01-08 17:00:00-05:00,54.91,64.45,-0.0,-9.54
2026-01-08 18:00:00-05:00,47.87,55.86,-0.0,-7.99
2026-01-08 19:00:00-05:00,44.15,51.34,-0.0,-7.19
2026-01-08 20:00:00-05:00,41.68,48.49,-0.02,-6.79
2026-01-08 21:00:00-05:00,40.0,46.3,-0.0,-6.3
2026-01-08 22:00:00-05:00,40.0,45.15,-0.0,-5.15
2026-01-08 23:00:00-05:00,39.53,44.12,-0.0,-4.59
2026-01-09 00:00:00-05:00,41.68,47.8,-0.0,-6.12
2026-01-09 01:00:00-05:00,37.88,43.44,-0.0,-5.56
2026-01-09 02:00:00-05:00,35.34,40.34,-0.0,-5.0
2026-01-09 03:00:00-05:00,35.31,40.31,-0.0,-5.0
2026-01-09 04:00:00-05:00,34.64,39.54,-0.0,-4.9
2026-01-09 05:00:00-05:00,34.34,39.92,0.01,-5.59
2026-01-09 06:00:00-05:00,37.1,49.45,-5.08,-7.27
2026-01-09 07:00:00-05:00,40.72,54.24,-5.82,-7.7
2026-01-09 08:00:00-05:00,39.98,49.64,-1.62,-8.04
2026-01-09 09:00:00-05:00,40.26,48.64,-1.18,-7.2
2026-01-09 10:00:00-05:00,37.22,42.98,-0.0,-5.76
2026-01-09 11:00:00-05:00,36.8,42.11,-0.0,-5.31
2026-01-09 12:00:00-05:00,35.1,40.39,-0.0,-5.29
2026-01-09 13:00:00-05:00,34.37,39.71,-0.02,-5.32
2026-01-09 14:00:00-05:00,35.84,42.01,-0.5,-5.67
2026-01-09 15:00:00-05:00,34.58,44.57,-3.97,-6.02
2026-01-09 16:00:00-05:00,40.16,52.52,-4.9,-7.46
2026-01-09 17:00:00-05:00,47.88,62.28,-5.99,-8.41
2026-01-09 18:00:00-05:00,43.1,54.18,-3.93,-7.15
2026-01-09 19:00:00-05:00,39.04,45.88,-0.0,-6.84
2026-01-09 20:00:00-05:00,37.2,42.52,-0.0,-5.32
2026-01-09 21:00:00-05:00,35.67,40.08,-0.0,-4.41
2026-01-09 22:00:00-05:00,36.6,39.4,-0.0,-2.8
2026-01-09 23:00:00-05:00,37.0,39.28,-0.0,-2.28
2026-01-10 00:00:00-05:00,35.59,36.65,-0.0,-1.06
2026-01-10 01:00:00-05:00,36.92,38.1,-0.0,-1.18
2026-01-10 02:00:00-05:00,36.35,37.36,-0.0,-1.01
2026-01-10 03:00:00-05:00,34.96,36.3,-0.0,-1.34
2026-01-10 04:00:00-05:00,35.0,36.73,-0.0,-1.73
2026-01-10 05:00:00-05:00,34.53,36.89,-0.0,-2.36
2026-01-10 06:00:00-05:00,36.18,39.8,-0.0,-3.62
2026-01-10 07:00:00-05:00,40.42,43.89,-0.0,-3.47
2026-01-10 08:00:00-05:00,40.59,44.56,-0.0,-3.97
2026-01-10 09:00:00-05:00,43.2,48.58,-1.06,-4.32
2026-01-10 10:00:00-05:00,42.6,47.56,-1.2,-3.76
2026-01-10 11:00:00-05:00,43.47,49.88,-1.42,-4.99
2026-01-10 12:00:00-05:00,42.58,49.99,-1.81,-5.6
2026-01-10 13:00:00-05:00,43.24,50.8,-1.72,-5.84
2026-01-10 14:00:00-05:00,43.34,49.7,-0.0,-6.36
2026-01-10 15:00:00-05:00,43.6,50.11,-0.0,-6.51
2026-01-10 16:00:00-05:00,47.94,54.73,-0.0,-6.79
2026-01-10 17:00:00-05:00,50.7,57.88,-0.0,-7.18
2026-01-10 18:00:00-05:00,48.12,55.12,-0.0,-7.0
2026-01-10 19:00:00-05:00,42.83,49.8,-0.0,-6.97
2026-01-10 20:00:00-05:00,37.5,42.66,-0.0,-5.16
2026-01-10 21:00:00-05:00,35.99,40.26,-0.0,-4.27
2026-01-10 22:00:00-05:00,36.72,40.18,-0.0,-3.46
2026-01-10 23:00:00-05:00,34.76,37.86,-0.0,-3.1
2026-01-11 00:00:00-05:00,30.59,34.22,-0.0,-3.63
2026-01-11 01:00:00-05:00,29.33,32.74,-0.0,-3.41
2026-01-11 02:00:00-05:00,26.9,30.22,-0.0,-3.32
2026-01-11 03:00:00-05:00,25.0,28.03,-0.0,-3.03
2026-01-11 04:00:00-05:00,24.92,27.88,-0.0,-2.96
2026-01-11 05:00:00-05:00,25.6,28.73,-0.0,-3.13
2026-01-11 06:00:00-05:00,27.56,31.25,-0.0,-3.69
2026-01-11 07:00:00-05:00,29.05,33.09,-0.0,-4.04
2026-01-11 08:00:00-05:00,27.41,32.04,-0.18,-4.45
2026-01-11 09:00:00-05:00,28.4,32.27,-0.0,-3.87
2026-01-11 10:00:00-05:00,27.92,31.51,-0.0,-3.59
2026-01-11 11:00:00-05:00,27.57,31.4,-0.0,-3.83
2026-01-11 12:00:00-05:00,27.61,31.38,-0.0,-3.77
2026-01-11 13:00:00-05:00,28.28,32.14,-0.0,-3.86
2026-01-11 14:00:00-05:00,30.67,38.9,-3.09,-5.14
2026-01-11 15:00:00-05:00,32.58,41.69,-3.69,-5.42
2026-01-11 16:00:00-05:00,36.6,48.95,-5.45,-6.9
2026-01-11 17:00:00-05:00,46.16,59.69,-5.71,-7.82
2026-01-11 18:00:00-05:00,41.8,55.28,-5.52,-7.96
2026-01-11 19:00:00-05:00,38.7,52.68,-6.02,-7.96
2026-01-11 20:00:00-05:00,37.41,48.91,-4.5,-7.0
2026-01-11 21:00:00-05:00,31.18,40.04,-3.5,-5.36
2026-01-11 22:00:00-05:00,35.63,40.08,-0.0,-4.45
2026-01-11 23:00:00-05:00,31.25,34.53,-0.0,-3.28
2026-01-12 00:00:00-05:00,39.91,44.96,0.03,-5.08
2026-01-12 01:00:00-05:00,36.91,42.01,0.03,-5.13
2026-01-12 02:00:00-05:00,35.84,40.6,0.03,-4.79
2026-01-12 03:00:00-05:00,35.17,39.74,-0.0,-4.57
2026-01-12 04:00:00-05:00,37.88,43.0,-0.0,-5.12
2026-01-12 05:00:00-05:00,37.05,42.93,-0.0,-5.88
2026-01-12 06:00:00-05:00,36.19,42.57,-1.36,-5.02
2026-01-12 07:00:00-05:00,44.84,76.7,-19.82,-12.04
2026-01-12 08:00:00-05:00,40.38,70.11,-19.56,-10.17
2026-01-12 09:00:00-05:00,41.1,54.94,-5.65,-8.19
2026-01-12 10:00:00-05:00,40.7,50.72,-2.67,-7.35
2026-01-12 11:00:00-05:00,41.0,47.81,-0.02,-6.79
2026-01-12 12:00:00-05:00,39.49,45.68,-0.02,-6.17
2026-01-12 13:00:00-05:00,40.14,46.81,-0.02,-6.65
2026-01-12 14:00:00-05:00,41.49,49.17,-0.55,-7.13
2026-01-12 15:00:00-05:00,42.3,54.53,-4.38,-7.85
2026-01-12 16:00:00-05:00,45.3,61.17,-6.51,-9.36
2026-01-12 17:00:00-05:00,54.17,74.28,-8.6,-11.51
2026-01-12 18:00:00-05:00,50.8,75.78,-13.24,-11.74
2026-01-12 19:00:00-05:00,44.26,65.25,-11.2,-9.79
2026-01-12 20:00:00-05:00,41.7,59.36,-8.99,-8.67
2026-01-12 21:00:00-05:00,41.0,48.92,-0.97,-6.95
2026-01-12 22:00:00-05:00,42.4,48.07,-0.0,-5.67
2026-01-12 23:00:00-05:00,37.87,42.79,-0.0,-4.92
2026-01-13 00:00:00-05:00,37.0,41.95,-0.0,-4.95
2026-01-13 01:00:00-05:00,36.04,41.19,-0.0,-5.15
2026-01-13 02:00:00-05:00,36.1,41.12,-0.0,-5.02
2026-01-13 03:00:00-05:00,34.7,39.08,-0.0,-4.38
2026-01-13 04:00:00-05:00,35.73,40.42,-0.0,-4.69
2026-01-13 05:00:00-05:00,39.24,45.23,-0.02,-5.97
2026-01-13 06:00:00-05:00,40.31,60.98,-12.74,-7.93
2026-01-13 07:00:00-05:00,34.6,76.23,-33.63,-8.0
2026-01-13 08:00:00-05:00,36.85,64.97,-19.35,-8.77
2026-01-13 09:00:00-05:00,40.0,50.87,-3.85,-7.02
2026-01-13 10:00:00-05:00,36.3,42.98,-0.92,-5.76
2026-01-13 11:00:00-05:00,35.57,41.44,-0.48,-5.39
2026-01-13 12:00:00-05:00,35.1,40.49,-0.29,-5.1
2026-01-13 13:00:00-05:00,35.08,40.4,-0.27,-5.05
2026-01-13 14:00:00-05:00,35.12,40.5,-0.28,-5.1
2026-01-13 15:00:00-05:00,31.8,49.54,-12.34,-5.4
2026-01-13 16:00:00-05:00,36.6,52.99,-8.92,-7.47
2026-01-13 17:00:00-05:00,47.0,66.23,-9.96,-9.27
2026-01-13 18:00:00-05:00,42.0,58.44,-8.32,-8.12
2026-01-13 19:00:00-05:00,37.2,50.53,-6.91,-6.42
2026-01-13 20:00:00-05:00,34.11,48.57,-7.56,-6.9
2026-01-13 21:00:00-05:00,32.6,43.6,-4.94,-6.06
2026-01-13 22:00:00-05:00,36.0,41.55,-0.02,-5.53
2026-01-13 23:00:00-05:00,34.37,39.84,0.03,-5.5
2026-01-14 00:00:00-05:00,28.32,31.68,-0.0,-3.36
2026-01-14 01:00:00-05:00,27.74,30.99,-0.0,-3.25
2026-01-14 02:00:00-05:00,26.78,29.69,-0.0,-2.91
2026-01-14 03:00:00-05:00,26.41,29.48,-0.0,-3.07
2026-01-14 04:00:00-05:00,27.64,31.02,-0.0,-3.38
2026-01-14 05:00:00-05:00,28.4,33.15,-0.01,-4.74
2026-01-14 06:00:00-05:00,34.22,40.01,-0.15,-5.64
2026-01-14 07:00:00-05:00,35.16,51.9,-10.82,-5.92
2026-01-14 08:00:00-05:00,33.87,49.25,-9.91,-5.47
2026-01-14 09:00:00-05:00,36.0,50.81,-9.02,-5.79
2026-01-14 10:00:00-05:00,36.4,49.98,-7.78,-5.8
2026-01-14 11:00:00-05:00,39.39,48.97,-4.0,-5.58
2026-01-14 12:00:00-05:00,38.45,48.06,-4.37,-5.24
2026-01-14 13:00:00-05:00,40.14,46.53,-0.02,-6.37
2026-01-14 14:00:00-05:00,40.16,48.82,-2.02,-6.64
2026-01-14 15:00:00-05:00,41.31,52.92,-4.31,-7.3
2026-01-14 16:00:00-05:00,45.42,56.79,-3.76,-7.61
2026-01-14 17:00:00-05:00,57.73,67.57,-0.65,-9.19
2026-01-14 18:00:00-05:00,48.6,57.87,-1.92,-7.35
2026-01-14 19:00:00-05:00,42.84,56.93,-6.29,-7.8
2026-01-14 20:00:00-05:00,42.6,52.12,-2.33,-7.19
2026-01-14 21:00:00-05:00,39.0,45.32,-0.02,-6.3
2026-01-14 22:00:00-05:00,39.8,44.32,-0.0,-4.52
2026-01-14 23:00:00-05:00,36.6,40.44,-0.0,-3.84
2026-01-15 00:00:00-05:00,39.45,43.73,-0.0,-4.28
2026-01-15 01:00:00-05:00,37.9,41.79,-0.0,-3.89
2026-01-15 02:00:00-05:00,36.15,39.95,-0.0,-3.8
2026-01-15 03:00:00-05:00,35.83,39.55,-0.0,-3.72
2026-01-15 04:00:00-05:00,36.7,40.2,-0.0,-3.5
2026-01-15 05:00:00-05:00,38.62,43.84,-0.0,-5.22
2026-01-15 06:00:00-05:00,45.32,52.27,-0.0,-6.95
2026-01-15 07:00:00-05:00,54.63,62.52,-0.01,-7.88
2026-01-15 08:00:00-05:00,52.63,59.47,-0.0,-6.84
2026-01-15 09:00:00-05:00,52.2,57.94,-0.0,-5.74
2026-01-15 10:00:00-05:00,57.1,65.27,-0.01,-8.16
2026-01-15 11:00:00-05:00,57.65,65.14,-0.0,-7.49
2026-01-15 12:00:00-05:00,57.61,65.24,-0.0,-7.63
2026-01-15 13:00:00-05:00,58.52,66.2,-0.0,-7.68
2026-01-15 14:00:00-05:00,58.8,66.9,-0.0,-8.1
2026-01-15 15:00:00-05:00,63.01,71.62,-0.01,-8.6
2026-01-15 16:00:00-05:00,69.88,80.25,-0.02,-10.35
2026-01-15 17:00:00-05:00,84.08,96.56,-0.02,-12.46
2026-01-15 18:00:00-05:00,75.02,96.23,-9.27,-11.94
2026-01-15 19:00:00-05:00,71.43,85.99,-3.81,-10.75
2026-01-15 20:00:00-05:00,66.32,82.03,-5.37,-10.34
2026-01-15 21:00:00-05:00,65.23,74.6,-0.04,-9.33
2026-01-15 22:00:00-05:00,63.3,68.48,2.01,-7.19
2026-01-15 23:00:00-05:00,56.0,66.22,-2.01,-8.21
2026-01-16 00:00:00-05:00,57.85,65.6,0.71,-8.46
2026-01-16 01:00:00-05:00,53.13,60.73,0.72,-8.32
2026-01-16 02:00:00-05:00,50.14,56.89,0.76,-7.51
2026-01-16 03:00:00-05:00,50.1,56.86,0.52,-7.28
2026-01-16 04:00:00-05:00,52.66,60.91,0.09,-8.34
2026-01-16 05:00:00-05:00,55.35,63.75,0.53,-8.93
2026-01-16 06:00:00-05:00,65.8,78.84,-1.06,-11.98
2026-01-16 07:00:00-05:00,73.29,101.79,-13.64,-14.86
2026-01-16 08:00:00-05:00,68.8,82.08,-1.22,-12.06
2026-01-16 09:00:00-05:00,62.94,73.45,-0.37,-10.14
2026-01-16 10:00:00-05:00,59.4,70.87,-1.12,-10.35
2026-01-16 11:00:00-05:00,55.0,66.0,-1.83,-9.17
2026-01-16 12:00:00-05:00,50.0,64.42,-5.34,-9.08
2026-01-16 13:00:00-05:00,50.0,64.4,-5.51,-8.89
2026-01-16 14:00:00-05:00,50.6,72.57,-11.23,-10.74
2026-01-16 15:00:00-05:00,54.13,80.91,-14.72,-12.06
2026-01-16 16:00:00-05:00,60.0,82.87,-10.44,-12.43
2026-01-16 17:00:00-05:00,71.13,98.41,-13.01,-14.27
2026-01-16 18:00:00-05:00,63.2,93.32,-16.77,-13.35
2026-01-16 19:00:00-05:00,55.8,82.28,-14.8,-11.68
2026-01-16 20:00:00-05:00,51.17,81.53,-18.05,-12.31
2026-01-16 21:00:00-05:00,45.1,79.06,-22.18,-11.78
2026-01-16 22:00:00-05:00,55.43,76.28,-10.1,-10.75
2026-01-16 23:00:00-05:00,50.0,69.58,-9.28,-10.3
2026-01-17 00:00:00-05:00,47.77,56.98,-1.69,-7.52
2026-01-17 01:00:00-05:00,46.61,58.63,-4.05,-7.97
2026-01-17 02:00:00-05:00,46.25,54.82,-1.61,-6.96
2026-01-17 03:00:00-05:00,45.28,51.81,-0.0,-6.53
2026-01-17 04:00:00-05:00,44.36,50.53,-0.0,-6.17
2026-01-17 05:00:00-05:00,42.54,48.34,-0.0,-5.8
2026-01-17 06:00:00-05:00,36.76,54.51,-11.48,-6.27
2026-01-17 07:00:00-05:00,48.1,53.95,-0.02,-5.83
2026-01-17 08:00:00-05:00,50.12,57.4,-0.91,-6.37
2026-01-17 09:00:00-05:00,44.5,72.54,-20.42,-7.62
2026-01-17 10:00:00-05:00,45.5,83.75,-29.29,-8.96
2026-01-17 11:00:00-05:00,46.49,85.99,-30.04,-9.46
2026-01-17 12:00:00-05:00,44.55,86.67,-32.33,-9.79
2026-01-17 13:00:00-05:00,45.9,88.23,-32.45,-9.88
2026-01-17 14:00:00-05:00,40.7,86.47,-36.17,-9.6
2026-01-17 15:00:00-05:00,41.9,90.32,-38.39,-10.03
2026-01-17 16:00:00-05:00,47.33,100.77,-42.46,-10.98
2026-01-17 17:00:00-05:00,49.45,103.67,-42.92,-11.3
2026-01-17 18:00:00-05:00,47.82,105.1,-46.04,-11.24
2026-01-17 19:00:00-05:00,54.85,81.93,-14.71,-12.37
2026-01-17 20:00:00-05:00,48.56,76.47,-16.29,-11.62
2026-01-17 21:00:00-05:00,46.46,70.86,-13.84,-10.56
2026-01-17 22:00:00-05:00,50.04,68.66,-9.01,-9.61
2026-01-17 23:00:00-05:00,44.2,62.95,-10.0,-8.75
2026-01-18 00:00:00-05:00,47.65,63.24,-6.74,-8.85
2026-01-18 01:00:00-05:00,46.92,58.17,-2.58,-8.67
2026-01-18 02:00:00-05:00,44.71,55.08,-2.22,-8.15
2026-01-18 03:00:00-05:00,40.33,51.69,-3.71,-7.65
2026-01-18 04:00:00-05:00,40.76,47.87,0.02,-7.13
2026-01-18 05:00:00-05:00,43.24,50.76,-0.11,-7.41
2026-01-18 06:00:00-05:00,43.69,51.32,-0.19,-7.44
2026-01-18 07:00:00-05:00,45.17,53.12,-0.25,-7.7
2026-01-18 08:00:00-05:00,49.92,64.24,-4.81,-9.51
2026-01-18 09:00:00-05:00,50.71,65.84,-5.39,-9.74
2026-01-18 10:00:00-05:00,50.63,61.54,-1.56,-9.35
2026-01-18 11:00:00-05:00,52.92,64.65,-1.91,-9.82
2026-01-18 12:00:00-05:00,51.97,68.86,-6.36,-10.53
2026-01-18 13:00:00-05:00,50.81,79.34,-16.39,-12.14
2026-01-18 14:00:00-05:00,52.39,85.13,-19.55,-13.19
2026-01-18 15:00:00-05:00,51.68,87.67,-21.96,-14.03
2026-01-18 16:00:00-05:00,59.28,98.95,-24.63,-15.04
2026-01-18 17:00:00-05:00,73.44,108.32,-18.2,-16.68
2026-01-18 18:00:00-05:00,64.94,108.0,-26.43,-16.63
2026-01-18 19:00:00-05:00,60.27,100.5,-24.96,-15.27
2026-01-18 20:00:00-05:00,57.0,97.99,-26.0,-14.99
2026-01-18 21:00:00-05:00,51.62,89.73,-24.47,-13.64
2026-01-18 22:00:00-05:00,56.24,84.72,-16.28,-12.2
2026-01-18 23:00:00-05:00,50.0,80.29,-19.37,-10.92
2026-01-19 00:00:00-05:00,63.0,83.83,-9.26,-11.57
2026-01-19 01:00:00-05:00,57.57,78.47,-9.76,-11.14
2026-01-19 02:00:00-05:00,54.72,76.31,-10.68,-10.91
2026-01-19 03:00:00-05:00,51.4,71.24,-9.72,-10.12
2026-01-19 04:00:00-05:00,50.9,72.82,-11.95,-9.97
2026-01-19 05:00:00-05:00,50.09,78.11,-16.15,-11.87
2026-01-19 06:00:00-05:00,50.1,101.05,-35.29,-15.66
2026-01-19 07:00:00-05:00,50.76,113.68,-51.44,-11.48
2026-01-19 08:00:00-05:00,45.51,114.63,-58.34,-10.78
2026-01-19 09:00:00-05:00,46.33,110.17,-54.7,-9.14
2026-01-19 10:00:00-05:00,43.72,121.69,-67.99,-9.98
2026-01-19 11:00:00-05:00,41.25,113.05,-62.87,-8.93
2026-01-19 12:00:00-05:00,40.56,114.44,-64.72,-9.16
2026-01-19 13:00:00-05:00,40.1,115.25,-66.16,-8.99
2026-01-19 14:00:00-05:00,39.19,115.15,-67.44,-8.52
2026-01-19 15:00:00-05:00,36.26,115.86,-71.03,-8.57
2026-01-19 16:00:00-05:00,36.73,144.22,-96.67,-10.82
2026-01-19 17:00:00-05:00,50.66,162.05,-97.29,-14.1
2026-01-19 18:00:00-05:00,46.91,153.84,-93.85,-13.08
2026-01-19 19:00:00-05:00,44.74,149.45,-93.95,-10.76
2026-01-19 20:00:00-05:00,45.21,126.76,-69.89,-11.66
2026-01-19 21:00:00-05:00,39.8,109.43,-60.44,-9.19
2026-01-19 22:00:00-05:00,44.66,109.54,-57.54,-7.34
2026-01-19 23:00:00-05:00,43.48,109.31,-57.74,-8.09
2026-01-20 00:00:00-05:00,48.5,73.79,-15.18,-10.11
2026-01-20 01:00:00-05:00,48.44,71.76,-13.49,-9.83
2026-01-20 02:00:00-05:00,47.46,75.26,-17.41,-10.39
2026-01-20 03:00:00-05:00,46.55,79.06,-21.76,-10.75
2026-01-20 04:00:00-05:00,47.91,81.09,-22.23,-10.95
2026-01-20 05:00:00-05:00,51.33,85.17,-21.92,-11.92
2026-01-20 06:00:00-05:00,64.82,121.7,-38.62,-18.26
2026-01-20 07:00:00-05:00,72.55,154.21,-58.37,-23.29
2026-01-20 08:00:00-05:00,68.44,147.46,-57.93,-21.09
2026-01-20 09:00:00-05:00,68.39,133.97,-47.09,-18.49
2026-01-20 10:00:00-05:00,63.32,143.2,-59.4,-20.48
2026-01-20 11:00:00-05:00,58.06,108.43,-36.17,-14.2
2026-01-20 12:00:00-05:00,54.3,108.32,-39.51,-14.51
2026-01-20 13:00:00-05:00,52.86,104.93,-38.01,-14.06
2026-01-20 14:00:00-05:00,55.57,98.0,-29.3,-13.13
2026-01-20 15:00:00-05:00,65.78,123.16,-40.51,-16.87
2026-01-20 16:00:00-05:00,78.99,152.56,-50.99,-22.58
2026-01-20 17:00:00-05:00,92.83,179.63,-59.85,-26.95
2026-01-20 18:00:00-05:00,88.71,172.58,-57.98,-25.89
2026-01-20 19:00:00-05:00,79.85,167.29,-62.68,-24.76
2026-01-20 20:00:00-05:00,70.73,154.05,-60.68,-22.64
2026-01-20 21:00:00-05:00,66.13,135.88,-49.91,-19.84
2026-01-20 22:00:00-05:00,62.28,108.32,-31.74,-14.3
2026-01-20 23:00:00-05:00,61.37,108.21,-32.45,-14.39
2026-01-21 00:00:00-05:00,68.61,107.89,-24.61,-14.67
2026-01-21 01:00:00-05:00,64.13,104.9,-26.4,-14.37
2026-01-21 02:00:00-05:00,63.54,97.32,-20.45,-13.33
2026-01-21 03:00:00-05:00,63.75,97.41,-20.22,-13.44
2026-01-21 04:00:00-05:00,66.15,100.5,-20.48,-13.87
2026-01-21 05:00:00-05:00,65.45,109.89,-28.72,-15.72
2026-01-21 06:00:00-05:00,71.46,126.58,-36.0,-19.12
2026-01-21 07:00:00-05:00,82.38,165.63,-58.57,-24.68
2026-01-21 08:00:00-05:00,87.9,153.39,-42.79,-22.7
2026-01-21 09:00:00-05:00,84.3,138.38,-33.87,-20.21
2026-01-21 10:00:00-05:00,74.8,124.2,-31.39,-18.01
2026-01-21 11:00:00-05:00,67.22,108.0,-25.33,-15.45
2026-01-21 12:00:00-05:00,65.8,105.01,-23.98,-15.23
2026-01-21 13:00:00-05:00,66.69,102.99,-21.37,-14.93
2026-01-21 14:00:00-05:00,66.35,103.09,-21.9,-14.84
2026-01-21 15:00:00-05:00,63.54,102.83,-24.89,-14.4
2026-01-21 16:00:00-05:00,76.0,112.3,-20.35,-15.95
2026-01-21 17:00:00-05:00,91.48,142.56,-31.69,-19.39
2026-01-21 18:00:00-05:00,87.13,128.56,-23.95,-17.48
2026-01-21 19:00:00-05:00,74.1,114.77,-24.49,-16.18
2026-01-21 20:00:00-05:00,61.52,104.9,-28.8,-14.58
2026-01-21 21:00:00-05:00,56.4,90.66,-21.57,-12.69
2026-01-21 22:00:00-05:00,67.59,83.73,-4.83,-11.31
2026-01-21 23:00:00-05:00,59.45,79.5,-9.0,-11.05
2026-01-22 00:00:00-05:00,61.53,70.68,-0.03,-9.12
2026-01-22 01:00:00-05:00,60.07,69.0,-0.03,-8.9
2026-01-22 02:00:00-05:00,59.61,69.79,-0.97,-9.21
2026-01-22 03:00:00-05:00,57.76,67.28,-0.91,-8.61
2026-01-22 04:00:00-05:00,57.42,65.84,0.01,-8.43
2026-01-22 05:00:00-05:00,56.77,69.79,-3.32,-9.7
2026-01-22 06:00:00-05:00,62.18,79.91,-6.3,-11.43
2026-01-22 07:00:00-05:00,63.55,98.39,-21.46,-13.38
2026-01-22 08:00:00-05:00,64.8,87.64,-11.01,-11.83
2026-01-22 09:00:00-05:00,60.0,69.93,-0.98,-8.95
2026-01-22 10:00:00-05:00,59.5,69.49,-1.03,-8.96
2026-01-22 11:00:00-05:00,51.69,59.38,-0.03,-7.66
2026-01-22 12:00:00-05:00,50.34,58.93,-0.93,-7.66
2026-01-22 13:00:00-05:00,50.0,57.35,-0.12,-7.23
2026-01-22 14:00:00-05:00,50.0,57.57,-0.49,-7.08
2026-01-22 15:00:00-05:00,55.6,67.29,-3.08,-8.61
2026-01-22 16:00:00-05:00,74.4,85.16,-0.03,-10.73
2026-01-22 17:00:00-05:00,89.43,102.34,-0.01,-12.9
2026-01-22 18:00:00-05:00,86.19,98.29,-0.01,-12.09
2026-01-22 19:00:00-05:00,63.7,90.66,-14.99,-11.97
2026-01-22 20:00:00-05:00,57.9,80.29,-11.79,-10.6
2026-01-22 21:00:00-05:00,55.19,69.11,-4.52,-9.4
2026-01-22 22:00:00-05:00,59.53,67.73,-0.0,-8.2
2026-01-22 23:00:00-05:00,54.63,61.31,-0.0,-6.68
2026-01-23 00:00:00-05:00,71.13,81.51,-0.03,-10.35
2026-01-23 01:00:00-05:00,69.9,81.53,-0.95,-10.68
2026-01-23 02:00:00-05:00,68.73,79.04,-0.04,-10.27
2026-01-23 03:00:00-05:00,68.75,78.88,-0.03,-10.1
2026-01-23 04:00:00-05:00,70.01,80.95,-0.5,-10.44
2026-01-23 05:00:00-05:00,56.36,83.67,-16.93,-10.38
2026-01-23 06:00:00-05:00,66.0,95.36,-17.15,-12.21
2026-01-23 07:00:00-05:00,69.1,125.72,-38.26,-18.36
2026-01-23 08:00:00-05:00,69.38,126.4,-38.56,-18.46
2026-01-23 09:00:00-05:00,66.0,100.67,-21.08,-13.59
2026-01-23 10:00:00-05:00,65.1,93.49,-15.11,-13.28
2026-01-23 11:00:00-05:00,65.0,93.49,-15.21,-13.28
2026-01-23 12:00:00-05:00,65.0,93.48,-15.02,-13.46
2026-01-23 13:00:00-05:00,64.59,93.58,-15.7,-13.29
2026-01-23 14:00:00-05:00,66.3,93.59,-14.28,-13.01
2026-01-23 15:00:00-05:00,83.58,114.29,-14.6,-16.11
2026-01-23 16:00:00-05:00,123.6,139.36,2.08,-17.84
2026-01-23 17:00:00-05:00,161.15,184.81,-0.0,-23.66
2026-01-23 18:00:00-05:00,152.8,175.66,-0.03,-22.83
2026-01-23 19:00:00-05:00,133.3,167.88,-12.59,-21.99
2026-01-23 20:00:00-05:00,119.7,162.75,-20.11,-22.94
2026-01-23 21:00:00-05:00,101.5,130.24,-10.38,-18.36
2026-01-23 22:00:00-05:00,109.08,125.74,0.44,-17.1
2026-01-23 23:00:00-05:00,113.42,127.59,-0.0,-14.17
2026-01-24 00:00:00-05:00,181.41,191.15,-0.0,-9.74
2026-01-24 01:00:00-05:00,179.92,190.0,-0.0,-10.08
2026-01-24 02:00:00-05:00,179.57,189.43,-0.0,-9.86
2026-01-24 03:00:00-05:00,178.46,189.24,-0.0,-10.78
2026-01-24 04:00:00-05:00,180.51,189.81,-0.0,-9.3
2026-01-24 05:00:00-05:00,191.11,201.37,-0.0,-10.26
2026-01-24 06:00:00-05:00,223.75,235.77,-0.0,-12.02
2026-01-24 07:00:00-05:00,261.43,279.6,-0.0,-18.17
2026-01-24 08:00:00-05:00,252.35,266.2,-0.0,-13.85
2026-01-24 09:00:00-05:00,231.0,242.39,-0.0,-11.39
2026-01-24 10:00:00-05:00,245.33,259.88,-0.0,-14.55
2026-01-24 11:00:00-05:00,231.06,243.74,-0.0,-12.68
2026-01-24 12:00:00-05:00,213.9,223.5,-0.0,-9.6
2026-01-24 13:00:00-05:00,211.62,220.89,-0.0,-9.27
2026-01-24 14:00:00-05:00,211.39,220.88,-0.0,-9.49
2026-01-24 15:00:00-05:00,233.48,275.04,-26.97,-14.59
2026-01-24 16:00:00-05:00,246.08,244.55,26.97,-25.44
2026-01-24 17:00:00-05:00,269.97,301.64,-0.0,-31.67
2026-01-24 18:00:00-05:00,264.35,295.36,-0.0,-31.01
2026-01-24 19:00:00-05:00,248.11,277.54,-0.0,-29.43
2026-01-24 20:00:00-05:00,230.27,257.86,-0.0,-27.59
2026-01-24 21:00:00-05:00,228.47,228.89,22.24,-22.66
2026-01-24 22:00:00-05:00,234.26,262.33,-13.38,-14.69
2026-01-24 23:00:00-05:00,242.26,262.4,-8.86,-11.28
2026-01-25 00:00:00-05:00,295.5,370.4,-53.8,-21.1
2026-01-25 01:00:00-05:00,272.76,347.42,-55.89,-18.77
2026-01-25 02:00:00-05:00,274.26,338.41,-45.21,-18.94
2026-01-25 03:00:00-05:00,277.24,323.44,-27.43,-18.77
2026-01-25 04:00:00-05:00,282.88,327.76,-25.54,-19.34
2026-01-25 05:00:00-05:00,267.14,345.83,-58.29,-20.4
2026-01-25 06:00:00-05:00,299.35,405.5,-79.37,-26.78
2026-01-25 07:00:00-05:00,300.21,366.18,-31.93,-34.04
2026-01-25 08:00:00-05:00,280.0,361.94,-47.55,-34.39
2026-01-25 09:00:00-05:00,235.3,369.06,-98.69,-35.07
2026-01-25 10:00:00-05:00,251.56,392.24,-103.02,-37.66
2026-01-25 11:00:00-05:00,254.98,397.34,-102.63,-39.73
2026-01-25 12:00:00-05:00,259.22,394.56,-94.71,-40.63
2026-01-25 13:00:00-05:00,259.22,390.17,-91.94,-39.01
2026-01-25 14:00:00-05:00,292.58,390.05,-59.64,-37.83
2026-01-25 15:00:00-05:00,336.23,419.13,-43.49,-39.41
2026-01-25 16:00:00-05:00,345.48,358.6,33.49,-46.61
2026-01-25 17:00:00-05:00,363.3,414.27,-0.0,-50.97
2026-01-25 18:00:00-05:00,351.46,398.94,-0.0,-47.48
2026-01-25 19:00:00-05:00,329.81,375.65,-0.0,-45.84
2026-01-25 20:00:00-05:00,303.22,343.79,-0.0,-40.57
2026-01-25 21:00:00-05:00,271.04,307.66,-0.0,-36.62
2026-01-25 22:00:00-05:00,280.32,309.34,-1.49,-27.53
2026-01-25 23:00:00-05:00,287.14,316.45,-10.0,-19.31
2026-01-26 00:00:00-05:00,382.5,403.92,-0.0,-21.42
2026-01-26 01:00:00-05:00,348.37,367.08,-0.0,-18.71
2026-01-26 02:00:00-05:00,330.19,346.47,-0.0,-16.28
2026-01-26 03:00:00-05:00,327.01,342.41,-0.0,-15.4
2026-01-26 04:00:00-05:00,344.1,359.55,-0.0,-15.45
2026-01-26 05:00:00-05:00,392.78,413.44,-0.0,-20.66
2026-01-26 06:00:00-05:00,468.13,498.0,-0.0,-29.87
2026-01-26 07:00:00-05:00,459.52,500.0,-0.0,-40.48
2026-01-26 08:00:00-05:00,478.75,523.8,-0.0,-45.05
2026-01-26 09:00:00-05:00,480.76,527.15,-0.0,-46.39
2026-01-26 10:00:00-05:00,470.47,514.18,-0.0,-43.71
2026-01-26 11:00:00-05:00,469.86,518.02,-0.0,-48.16
2026-01-26 12:00:00-05:00,461.21,510.19,-0.0,-48.98
2026-01-26 13:00:00-05:00,451.47,500.5,-0.0,-49.03
2026-01-26 14:00:00-05:00,445.43,514.73,-16.79,-52.51
2026-01-26 15:00:00-05:00,439.47,530.88,-36.19,-55.22
2026-01-26 16:00:00-05:00,413.28,423.4,52.97,-63.09
2026-01-26 17:00:00-05:00,431.49,507.46,-8.48,-67.49
2026-01-26 18:00:00-05:00,427.46,487.19,8.48,-68.21
2026-01-26 19:00:00-05:00,412.77,476.09,-0.0,-63.32
2026-01-26 20:00:00-05:00,387.11,447.32,1.52,-61.73
2026-01-26 21:00:00-05:00,392.87,438.6,16.1,-61.83
2026-01-26 22:00:00-05:00,433.38,506.74,-17.62,-55.74
2026-01-26 23:00:00-05:00,429.09,467.41,-0.0,-38.32
2026-01-27 00:00:00-05:00,542.34,569.67,-0.0,-27.33
2026-01-27 01:00:00-05:00,544.37,575.45,-0.0,-31.08
2026-01-27 02:00:00-05:00,539.91,571.33,-0.0,-31.42
2026-01-27 03:00:00-05:00,542.02,572.97,-0.0,-30.95
2026-01-27 04:00:00-05:00,553.0,583.97,-0.0,-30.97
2026-01-27 05:00:00-05:00,553.07,581.55,-0.0,-28.48
2026-01-27 06:00:00-05:00,689.68,725.96,-0.0,-36.28
2026-01-27 07:00:00-05:00,733.03,796.8,-0.0,-63.77
2026-01-27 08:00:00-05:00,733.84,796.8,-0.0,-62.96
2026-01-27 09:00:00-05:00,687.81,751.71,-0.0,-63.9
2026-01-27 10:00:00-05:00,590.86,640.85,-0.0,-49.99
2026-01-27 11:00:00-05:00,578.93,635.49,-0.0,-56.56
2026-01-27 12:00:00-05:00,548.11,601.66,-0.0,-53.55
2026-01-27 13:00:00-05:00,536.87,591.25,-0.0,-54.38
2026-01-27 14:00:00-05:00,534.4,588.53,-0.0,-54.13
2026-01-27 15:00:00-05:00,532.61,629.38,-42.01,-54.76
2026-01-27 16:00:00-05:00,504.11,531.74,42.01,-69.64
2026-01-27 17:00:00-05:00,594.71,682.01,-0.0,-87.3
2026-01-27 18:00:00-05:00,602.08,689.68,-0.0,-87.6
2026-01-27 19:00:00-05:00,549.85,625.56,-0.0,-75.71
2026-01-27 20:00:00-05:00,500.65,574.14,-0.0,-73.49
2026-01-27 21:00:00-05:00,492.29,568.45,-0.0,-76.16
2026-01-27 22:00:00-05:00,528.61,580.26,-0.0,-51.65
2026-01-27 23:00:00-05:00,546.12,577.3,-0.0,-31.18
2026-01-28 00:00:00-05:00,600.64,625.69,-0.0,-25.05
2026-01-28 01:00:00-05:00,556.46,578.44,-0.0,-21.98
2026-01-28 02:00:00-05:00,530.91,551.3,-0.0,-20.39
2026-01-28 03:00:00-05:00,532.45,552.31,-0.0,-19.86
2026-01-28 04:00:00-05:00,582.89,605.91,-0.0,-23.02
2026-01-28 05:00:00-05:00,771.11,798.25,-0.0,-27.14
2026-01-28 06:00:00-05:00,936.86,970.87,-0.0,-34.01
2026-01-28 07:00:00-05:00,917.39,972.8,-0.0,-55.41
2026-01-28 08:00:00-05:00,910.61,971.8,-0.0,-61.19
2026-01-28 09:00:00-05:00,896.76,965.27,-0.0,-68.51
2026-01-28 10:00:00-05:00,879.53,940.66,-0.0,-61.13
2026-01-28 11:00:00-05:00,848.8,918.66,-0.0,-69.86
2026-01-28 12:00:00-05:00,811.53,875.4,-0.0,-63.87
2026-01-28 13:00:00-05:00,791.22,855.39,-0.0,-64.17
2026-01-28 14:00:00-05:00,802.17,870.03,-0.0,-67.86
2026-01-28 15:00:00-05:00,676.15,1006.0,-253.35,-76.5
2026-01-28 16:00:00-05:00,709.91,518.83,253.35,-62.27
2026-01-28 17:00:00-05:00,697.12,790.39,-0.0,-93.27
2026-01-28 18:00:00-05:00,694.31,788.11,-0.0,-93.8
2026-01-28 19:00:00-05:00,672.51,765.99,-0.0,-93.48
2026-01-28 20:00:00-05:00,600.0,594.89,69.94,-64.83
2026-01-28 21:00:00-05:00,600.44,596.86,74.02,-70.44
2026-01-28 22:00:00-05:00,740.58,914.89,-106.62,-67.69
2026-01-28 23:00:00-05:00,790.46,859.58,-37.33,-31.79
2026-01-29 00:00:00-05:00,378.1,386.23,-0.0,-8.13
2026-01-29 01:00:00-05:00,347.63,354.37,-0.0,-6.74
2026-01-29 02:00:00-05:00,314.34,321.73,-0.0,-7.39
2026-01-29 03:00:00-05:00,317.88,325.35,-0.0,-7.47
2026-01-29 04:00:00-05:00,363.02,373.47,-0.0,-10.45
2026-01-29 05:00:00-05:00,446.09,471.07,-0.0,-24.98
2026-01-29 06:00:00-05:00,586.27,638.62,-0.0,-52.35
2026-01-29 07:00:00-05:00,620.82,680.73,-0.0,-59.91
2026-01-29 08:00:00-05:00,612.25,675.01,-0.0,-62.76
2026-01-29 09:00:00-05:00,553.8,612.61,-0.0,-58.81
2026-01-29 10:00:00-05:00,499.13,547.3,-0.0,-48.17
2026-01-29 11:00:00-05:00,474.77,518.31,-0.0,-43.54
2026-01-29 12:00:00-05:00,413.54,450.47,-0.0,-36.93
2026-01-29 13:00:00-05:00,406.42,444.18,-0.0,-37.76
2026-01-29 14:00:00-05:00,401.91,451.33,-12.88,-36.54
2026-01-29 15:00:00-05:00,411.45,457.65,-8.22,-37.98
2026-01-29 16:00:00-05:00,464.4,488.74,21.1,-45.44
2026-01-29 17:00:00-05:00,587.8,660.45,-0.0,-72.65
2026-01-29 18:00:00-05:00,593.45,658.67,-0.0,-65.22
2026-01-29 19:00:00-05:00,534.32,595.02,-0.0,-60.7
2026-01-29 20:00:00-05:00,501.1,552.46,-0.0,-51.36
2026-01-29 21:00:00-05:00,495.93,519.69,19.89,-43.65
2026-01-29 22:00:00-05:00,512.6,576.9,-19.89,-44.41
2026-01-29 23:00:00-05:00,402.27,421.22,-0.0,-18.95
2026-01-30 00:00:00-05:00,290.4,293.62,-0.0,-3.22
2026-01-30 01:00:00-05:00,265.0,271.78,-0.0,-6.78
2026-01-30 02:00:00-05:00,250.55,255.66,-0.0,-5.11
2026-01-30 03:00:00-05:00,243.9,248.12,-0.0,-4.22
2026-01-30 04:00:00-05:00,259.62,267.38,-0.0,-7.76
2026-01-30 05:00:00-05:00,315.05,325.79,-0.0,-10.74
2026-01-30 06:00:00-05:00,427.9,455.2,-0.0,-27.3
2026-01-30 07:00:00-05:00,453.72,493.69,-0.0,-39.97
2026-01-30 08:00:00-05:00,441.1,478.95,-0.0,-37.85
2026-01-30 09:00:00-05:00,402.3,439.67,-0.0,-37.37
2026-01-30 10:00:00-05:00,361.17,387.54,-0.0,-26.37
2026-01-30 11:00:00-05:00,333.94,359.45,-0.0,-25.51
2026-01-30 12:00:00-05:00,293.55,315.98,-0.0,-22.43
2026-01-30 13:00:00-05:00,269.92,289.92,-0.0,-20.0
2026-01-30 14:00:00-05:00,271.31,291.41,-0.0,-20.1
2026-01-30 15:00:00-05:00,284.12,311.2,-0.0,-27.08
2026-01-30 16:00:00-05:00,361.49,400.75,-0.0,-39.26
2026-01-30 17:00:00-05:00,414.26,459.79,-0.0,-45.53
2026-01-30 18:00:00-05:00,445.8,481.42,-0.0,-35.62
2026-01-30 19:00:00-05:00,403.7,436.92,-0.0,-33.22
2026-01-30 20:00:00-05:00,366.85,401.81,-0.0,-34.96
2026-01-30 21:00:00-05:00,359.39,391.91,-0.0,-32.52
2026-01-30 22:00:00-05:00,358.89,383.44,-0.0,-24.55
2026-01-30 23:00:00-05:00,338.5,358.2,-0.0,-19.7
2026-01-31 00:00:00-05:00,224.61,238.18,-0.0,-13.57
2026-01-31 01:00:00-05:00,215.3,226.39,-0.0,-11.09
2026-01-31 02:00:00-05:00,197.74,209.68,-0.0,-11.94
2026-01-31 03:00:00-05:00,193.4,204.87,-0.0,-11.47
2026-01-31 04:00:00-05:00,197.79,209.77,-0.03,-11.95
2026-01-31 05:00:00-05:00,209.45,221.38,0.03,-11.96
2026-01-31 06:00:00-05:00,244.22,256.8,-0.0,-12.58
2026-01-31 07:00:00-05:00,269.13,288.45,-0.0,-19.32
2026-01-31 08:00:00-05:00,281.02,301.2,-0.0,-20.18
2026-01-31 09:00:00-05:00,257.16,271.7,4.2,-18.74
2026-01-31 10:00:00-05:00,223.22,248.82,-4.2,-21.4
2026-01-31 11:00:00-05:00,205.0,221.87,-0.0,-16.87
2026-01-31 12:00:00-05:00,194.06,207.33,-0.0,-13.27
2026-01-31 13:00:00-05:00,184.73,198.22,-0.0,-13.49
2026-01-31 14:00:00-05:00,186.37,201.71,-0.0,-15.34
2026-01-31 15:00:00-05:00,191.48,210.19,-0.0,-18.71
2026-01-31 16:00:00-05:00,216.16,240.18,-0.0,-24.02
2026-01-31 17:00:00-05:00,267.0,295.68,-0.0,-28.68
2026-01-31 18:00:00-05:00,261.23,287.07,-0.0,-25.84
2026-01-31 19:00:00-05:00,250.05,275.08,-0.0,-25.03
2026-01-31 20:00:00-05:00,222.47,246.92,-0.0,-24.45
2026-01-31 21:00:00-05:00,223.13,247.92,-0.0,-24.79
2026-01-31 22:00:00-05:00,218.34,225.59,11.7,-18.95
2026-01-31 23:00:00-05:00,199.24,227.79,-11.7,-16.85
2026-02-01 00:00:00-05:00,254.9,284.49,-0.0,-29.59
2026-02-01 01:00:00-05:00,195.3,262.79,-39.1,-28.39
2026-02-01 02:00:00-05:00,179.85,240.23,-33.95,-26.43
2026-02-01 03:00:00-05:00,173.4,225.62,-27.17,-25.05
2026-02-01 04:00:00-05:00,177.79,235.54,-32.31,-25.44
2026-02-01 05:00:00-05:00,195.0,244.34,-22.46,-26.88
2026-02-01 06:00:00-05:00,225.49,258.01,-0.0,-32.52
2026-02-01 07:00:00-05:00,235.53,272.6,-0.0,-37.07
2026-02-01 08:00:00-05:00,247.65,287.14,0.41,-39.9
2026-02-01 09:00:00-05:00,265.8,311.73,-0.41,-45.52
2026-02-01 10:00:00-05:00,236.82,280.28,-0.02,-43.44
2026-02-01 11:00:00-05:00,221.88,262.59,-0.02,-40.69
2026-02-01 12:00:00-05:00,197.82,228.97,0.45,-31.6
2026-02-01 13:00:00-05:00,166.84,186.34,2.3,-21.8
2026-02-01 14:00:00-05:00,162.24,181.26,2.55,-21.57
2026-02-01 15:00:00-05:00,183.36,212.92,0.03,-29.59
2026-02-01 16:00:00-05:00,225.11,266.42,-0.02,-41.29
2026-02-01 17:00:00-05:00,262.29,310.42,-0.02,-48.11
2026-02-01 18:00:00-05:00,260.04,305.57,-0.0,-45.53
2026-02-01 19:00:00-05:00,243.95,284.67,-0.0,-40.72
2026-02-01 20:00:00-05:00,231.9,274.11,-0.0,-42.21
2026-02-01 21:00:00-05:00,210.08,249.21,-0.01,-39.12
2026-02-01 22:00:00-05:00,204.72,235.57,-0.0,-30.85
2026-02-01 23:00:00-05:00,194.88,222.73,-0.0,-27.85
2026-02-02 00:00:00-05:00,200.69,215.8,-0.0,-15.11
2026-02-02 01:00:00-05:00,175.46,190.3,-0.0,-14.84
2026-02-02 02:00:00-05:00,174.43,189.8,-0.0,-15.37
2026-02-02 03:00:00-05:00,171.93,187.9,-0.0,-15.97
2026-02-02 04:00:00-05:00,174.47,190.26,-0.0,-15.79
2026-02-02 05:00:00-05:00,181.93,198.4,-0.0,-16.47
2026-02-02 06:00:00-05:00,238.31,267.46,-0.0,-29.15
2026-02-02 07:00:00-05:00,256.65,293.33,-0.0,-36.68
2026-02-02 08:00:00-05:00,263.0,296.85,-0.0,-33.85
2026-02-02 09:00:00-05:00,245.77,276.15,-0.0,-30.38
2026-02-02 10:00:00-05:00,210.72,234.38,-0.0,-23.66
2026-02-02 11:00:00-05:00,177.65,198.49,-0.0,-20.84
2026-02-02 12:00:00-05:00,154.69,170.12,2.27,-17.7
2026-02-02 13:00:00-05:00,147.9,163.66,1.59,-17.35
2026-02-02 14:00:00-05:00,144.55,161.46,0.53,-17.44
2026-02-02 15:00:00-05:00,160.37,179.39,-0.0,-19.02
2026-02-02 16:00:00-05:00,192.26,215.29,-0.0,-23.03
2026-02-02 17:00:00-05:00,250.25,281.81,-0.0,-31.56
2026-02-02 18:00:00-05:00,253.59,286.53,-0.0,-32.94
2026-02-02 19:00:00-05:00,227.65,255.49,-0.0,-27.84
2026-02-02 20:00:00-05:00,211.59,238.55,-0.0,-26.96
2026-02-02 21:00:00-05:00,175.6,200.46,-0.0,-24.86
2026-02-02 22:00:00-05:00,188.92,211.55,-0.0,-22.63
2026-02-02 23:00:00-05:00,177.4,197.55,-0.0,-20.15
2026-02-03 00:00:00-05:00,183.78,199.97,-0.0,-16.19
2026-02-03 01:00:00-05:00,175.17,190.81,-0.0,-15.64
2026-02-03 02:00:00-05:00,173.45,189.35,-0.0,-15.9
2026-02-03 03:00:00-05:00,172.65,188.27,-0.0,-15.62
2026-02-03 04:00:00-05:00,175.29,194.51,-2.49,-16.73
2026-02-03 05:00:00-05:00,211.21,228.86,2.49,-20.14
2026-02-03 06:00:00-05:00,285.62,319.49,-0.0,-33.87
2026-02-03 07:00:00-05:00,270.28,311.02,-0.01,-40.73
2026-02-03 08:00:00-05:00,242.18,279.33,-0.0,-37.15
2026-02-03 09:00:00-05:00,228.75,262.03,-0.0,-33.28
2026-02-03 10:00:00-05:00,194.61,217.69,-0.0,-23.08
2026-02-03 11:00:00-05:00,174.21,194.65,-0.0,-20.44
2026-02-03 12:00:00-05:00,160.53,183.05,-0.0,-22.52
2026-02-03 13:00:00-05:00,156.38,173.94,-0.0,-17.56
2026-02-03 14:00:00-05:00,154.51,173.61,-0.0,-19.1
2026-02-03 15:00:00-05:00,167.85,187.12,-0.0,-19.27
2026-02-03 16:00:00-05:00,202.81,230.21,-0.0,-27.4
2026-02-03 17:00:00-05:00,257.57,293.37,-0.0,-35.8
2026-02-03 18:00:00-05:00,248.26,285.67,-0.0,-37.41
2026-02-03 19:00:00-05:00,217.2,251.67,-0.0,-34.47
2026-02-03 20:00:00-05:00,206.04,231.51,-0.0,-25.47
2026-02-03 21:00:00-05:00,187.11,214.82,-0.0,-27.71
2026-02-03 22:00:00-05:00,177.58,197.52,-0.0,-19.94
2026-02-03 23:00:00-05:00,177.64,195.21,-0.0,-17.57
2026-02-04 00:00:00-05:00,137.06,150.62,-0.0,-13.56
2026-02-04 01:00:00-05:00,126.51,140.56,-0.0,-14.05
2026-02-04 02:00:00-05:00,116.13,128.18,-0.0,-12.05
2026-02-04 03:00:00-05:00,118.71,130.59,-0.0,-11.88
2026-02-04 04:00:00-05:00,120.21,133.26,-0.0,-13.05
2026-02-04 05:00:00-05:00,131.32,143.99,-0.0,-12.67
2026-02-04 06:00:00-05:00,176.49,192.04,-0.0,-15.55
2026-02-04 07:00:00-05:00,226.09,253.47,-0.0,-27.38
2026-02-04 08:00:00-05:00,217.53,243.05,-0.0,-25.52
2026-02-04 09:00:00-05:00,181.64,200.49,-0.0,-18.85
2026-02-04 10:00:00-05:00,160.72,177.0,-0.0,-16.28
2026-02-04 11:00:00-05:00,148.18,163.56,-0.0,-15.38
2026-02-04 12:00:00-05:00,138.27,151.78,-0.0,-13.51
2026-02-04 13:00:00-05:00,136.07,149.2,-0.0,-13.13
2026-02-04 14:00:00-05:00,137.52,150.63,-0.0,-13.11
2026-02-04 15:00:00-05:00,137.15,150.71,-0.0,-13.56
2026-02-04 16:00:00-05:00,160.35,177.38,-0.0,-17.03
2026-02-04 17:00:00-05:00,215.76,241.35,-0.0,-25.59
2026-02-04 18:00:00-05:00,216.34,240.64,-0.0,-24.3
2026-02-04 19:00:00-05:00,199.7,217.77,-0.0,-18.07
2026-02-04 20:00:00-05:00,177.5,196.78,-0.0,-19.28
2026-02-04 21:00:00-05:00,159.77,176.93,-0.0,-17.16
2026-02-04 22:00:00-05:00,149.42,165.47,-0.0,-16.05
2026-02-04 23:00:00-05:00,145.0,161.28,-0.0,-16.28
2026-02-05 00:00:00-05:00,135.94,151.21,-0.0,-15.27
2026-02-05 01:00:00-05:00,127.48,141.17,-0.0,-13.69
2026-02-05 02:00:00-05:00,121.73,134.95,-0.0,-13.22
2026-02-05 03:00:00-05:00,120.01,133.04,-0.0,-13.03
2026-02-05 04:00:00-05:00,127.15,141.28,-0.0,-14.13
2026-02-05 05:00:00-05:00,138.65,154.91,-0.0,-16.26
2026-02-05 06:00:00-05:00,170.8,199.67,-9.31,-19.56
2026-02-05 07:00:00-05:00,204.92,214.49,9.31,-18.88
2026-02-05 08:00:00-05:00,182.19,198.68,-0.0,-16.49
2026-02-05 09:00:00-05:00,157.35,175.22,-0.0,-17.87
2026-02-05 10:00:00-05:00,141.35,159.89,-0.0,-18.54
2026-02-05 11:00:00-05:00,131.01,147.87,-0.0,-16.86
2026-02-05 12:00:00-05:00,118.12,132.42,-0.0,-14.3
2026-02-05 13:00:00-05:00,113.05,125.75,-0.0,-12.7
2026-02-05 14:00:00-05:00,110.2,123.13,-0.0,-12.93
2026-02-05 15:00:00-05:00,118.72,132.94,-0.0,-14.22
2026-02-05 16:00:00-05:00,139.92,157.4,-0.0,-17.48
2026-02-05 17:00:00-05:00,185.87,207.45,-0.0,-21.58
2026-02-05 18:00:00-05:00,182.85,205.69,-0.0,-22.84
2026-02-05 19:00:00-05:00,170.18,189.94,-0.0,-19.76
2026-02-05 20:00:00-05:00,154.29,174.15,-0.0,-19.86
2026-02-05 21:00:00-05:00,137.12,155.29,-0.0,-18.17
2026-02-05 22:00:00-05:00,137.41,154.39,-0.0,-16.98
2026-02-05 23:00:00-05:00,128.5,143.89,-0.0,-15.39
2026-02-06 00:00:00-05:00,168.0,204.34,-11.61,-24.73
2026-02-06 01:00:00-05:00,146.93,169.7,0.31,-23.08
2026-02-06 02:00:00-05:00,134.77,155.62,-0.0,-20.85
2026-02-06 03:00:00-05:00,142.89,168.62,-2.46,-23.27
2026-02-06 04:00:00-05:00,147.86,176.92,-4.64,-24.42
2026-02-06 05:00:00-05:00,157.83,182.1,-0.05,-24.22
2026-02-06 06:00:00-05:00,191.1,238.66,-15.82,-31.74
2026-02-06 07:00:00-05:00,184.94,274.27,-51.76,-37.57
2026-02-06 08:00:00-05:00,205.78,262.97,-21.17,-36.02
2026-02-06 09:00:00-05:00,213.99,248.01,-0.05,-33.97
2026-02-06 10:00:00-05:00,171.27,230.35,-24.99,-34.09
2026-02-06 11:00:00-05:00,166.53,212.08,-14.16,-31.39
2026-02-06 12:00:00-05:00,154.44,178.67,1.68,-25.91
2026-02-06 13:00:00-05:00,135.92,153.82,4.1,-22.0
2026-02-06 14:00:00-05:00,130.85,153.46,-0.66,-21.95
2026-02-06 15:00:00-05:00,150.54,175.01,0.91,-25.38
2026-02-06 16:00:00-05:00,195.1,229.83,-0.02,-34.71
2026-02-06 17:00:00-05:00,220.47,263.92,-3.86,-39.59
2026-02-06 18:00:00-05:00,218.23,255.55,-0.0,-37.32
2026-02-06 19:00:00-05:00,184.72,215.32,-0.02,-30.58
2026-02-06 20:00:00-05:00,156.21,203.65,-18.73,-28.71
2026-02-06 21:00:00-05:00,127.4,196.19,-41.32,-27.47
2026-02-06 22:00:00-05:00,130.6,174.5,-20.34,-23.56
2026-02-06 23:00:00-05:00,124.41,149.95,-5.74,-19.8
2026-02-07 00:00:00-05:00,151.2,170.46,-0.0,-19.26
2026-02-07 01:00:00-05:00,139.52,159.1,-0.0,-19.58
2026-02-07 02:00:00-05:00,120.0,135.8,0.36,-16.16
2026-02-07 03:00:00-05:00,107.79,120.78,0.78,-13.77
2026-02-07 04:00:00-05:00,111.45,125.5,-0.0,-14.05
2026-02-07 05:00:00-05:00,96.37,132.41,-21.74,-14.3
2026-02-07 06:00:00-05:00,152.81,146.29,21.74,-15.22
2026-02-07 07:00:00-05:00,140.8,160.01,-0.0,-19.21
2026-02-07 08:00:00-05:00,160.31,180.12,-0.0,-19.81
2026-02-07 09:00:00-05:00,161.23,195.01,-10.37,-23.41
2026-02-07 10:00:00-05:00,190.7,240.34,-19.11,-30.53
2026-02-07 11:00:00-05:00,176.2,218.28,-16.1,-25.98
2026-02-07 12:00:00-05:00,160.0,195.35,-12.69,-22.66
2026-02-07 13:00:00-05:00,139.42,166.67,-7.41,-19.84
2026-02-07 14:00:00-05:00,132.58,155.39,-5.25,-17.56
2026-02-07 15:00:00-05:00,128.53,156.41,-8.17,-19.71
2026-02-07 16:00:00-05:00,185.59,251.77,-29.93,-36.25
2026-02-07 17:00:00-05:00,238.7,316.34,-36.52,-41.12
2026-02-07 18:00:00-05:00,258.4,311.36,-14.34,-38.62
2026-02-07 19:00:00-05:00,231.8,295.75,-22.26,-41.69
2026-02-07 20:00:00-05:00,192.7,243.69,-18.58,-32.41
2026-02-07 21:00:00-05:00,177.8,213.03,-9.45,-25.78
2026-02-07 22:00:00-05:00,209.98,237.26,-0.0,-27.28
2026-02-07 23:00:00-05:00,214.63,240.09,-0.0,-25.46
2026-02-08 00:00:00-05:00,197.84,213.41,-0.0,-15.57
2026-02-08 01:00:00-05:00,189.86,205.03,-0.0,-15.17
2026-02-08 02:00:00-05:00,178.87,194.0,-0.0,-15.13
2026-02-08 03:00:00-05:00,177.84,192.26,-0.0,-14.42
2026-02-08 04:00:00-05:00,178.61,194.56,-0.0,-15.95
2026-02-08 05:00:00-05:00,175.53,198.05,-6.67,-15.85
2026-02-08 06:00:00-05:00,200.49,228.44,-10.58,-17.37
2026-02-08 07:00:00-05:00,235.32,237.8,17.25,-19.73
2026-02-08 08:00:00-05:00,223.88,243.87,-0.0,-19.99
2026-02-08 09:00:00-05:00,207.85,225.19,-0.0,-17.34
2026-02-08 10:00:00-05:00,192.21,208.93,-0.0,-16.72
2026-02-08 11:00:00-05:00,181.14,194.78,-0.0,-13.64
2026-02-08 12:00:00-05:00,178.93,194.5,-0.0,-15.57
2026-02-08 13:00:00-05:00,171.75,187.09,-0.0,-15.34
2026-02-08 14:00:00-05:00,178.98,194.75,-0.0,-15.77
2026-02-08 15:00:00-05:00,181.0,198.9,-0.0,-17.9
2026-02-08 16:00:00-05:00,215.57,235.6,-0.0,-20.03
2026-02-08 17:00:00-05:00,285.54,313.44,-0.0,-27.9
2026-02-08 18:00:00-05:00,283.72,310.08,-0.0,-26.36
2026-02-08 19:00:00-05:00,269.78,297.11,-0.0,-27.33
2026-02-08 20:00:00-05:00,258.15,282.13,-0.0,-23.98
2026-02-08 21:00:00-05:00,230.5,253.57,-0.0,-23.07
2026-02-08 22:00:00-05:00,214.9,228.87,-0.0,-13.97
2026-02-08 23:00:00-05:00,210.4,226.96,-0.0,-16.56
2026-02-09 00:00:00-05:00,186.71,200.97,-0.0,-14.26
2026-02-09 01:00:00-05:00,176.8,191.76,-0.0,-14.96
2026-02-09 02:00:00-05:00,173.62,188.31,-0.0,-14.69
2026-02-09 03:00:00-05:00,175.63,190.7,-0.0,-15.07
2026-02-09 04:00:00-05:00,181.44,194.88,-0.0,-13.44
2026-02-09 05:00:00-05:00,206.36,228.03,-0.0,-21.67
2026-02-09 06:00:00-05:00,268.8,299.36,-0.92,-29.64
2026-02-09 07:00:00-05:00,286.5,314.51,0.92,-28.93
2026-02-09 08:00:00-05:00,269.65,295.67,-0.0,-26.02
2026-02-09 09:00:00-05:00,218.17,239.22,-0.0,-21.05
2026-02-09 10:00:00-05:00,199.79,220.53,-0.0,-20.74
2026-02-09 11:00:00-05:00,167.46,183.82,-0.0,-16.36
2026-02-09 12:00:00-05:00,157.73,175.84,-0.0,-18.11
2026-02-09 13:00:00-05:00,150.84,165.76,-0.0,-14.92
2026-02-09 14:00:00-05:00,156.61,172.66,-0.0,-16.05
2026-02-09 15:00:00-05:00,160.43,178.76,-0.28,-18.05
2026-02-09 16:00:00-05:00,195.93,213.36,0.28,-17.71
2026-02-09 17:00:00-05:00,253.19,279.14,-0.0,-25.95
2026-02-09 18:00:00-05:00,266.83,294.85,-0.0,-28.02
2026-02-09 19:00:00-05:00,226.45,251.34,-0.0,-24.89
2026-02-09 20:00:00-05:00,211.79,236.1,-0.0,-24.31
2026-02-09 21:00:00-05:00,183.71,207.81,-0.0,-24.1
2026-02-09 22:00:00-05:00,181.89,196.54,7.56,-22.21
2026-02-09 23:00:00-05:00,157.9,184.46,-7.56,-19.0
2026-02-10 00:00:00-05:00,144.0,168.55,-4.15,-20.4
2026-02-10 01:00:00-05:00,131.45,150.03,0.03,-18.61
2026-02-10 02:00:00-05:00,125.05,141.94,-0.0,-16.89
2026-02-10 03:00:00-05:00,124.23,140.85,-0.0,-16.62
2026-02-10 04:00:00-05:00,133.54,152.28,-0.0,-18.74
2026-02-10 05:00:00-05:00,140.0,189.92,-24.66,-25.26
2026-02-10 06:00:00-05:00,189.33,229.48,-9.41,-30.74
2026-02-10 07:00:00-05:00,200.0,240.13,-7.71,-32.42
2026-02-10 08:00:00-05:00,193.24,223.66,-0.0,-30.42
2026-02-10 09:00:00-05:00,178.96,208.58,-0.0,-29.62
2026-02-10 10:00:00-05:00,124.25,143.15,-0.0,-18.9
2026-02-10 11:00:00-05:00,107.35,124.47,-0.31,-16.81
2026-02-10 12:00:00-05:00,100.54,115.03,0.81,-15.3
2026-02-10 13:00:00-05:00,98.14,111.64,1.01,-14.51
2026-02-10 14:00:00-05:00,93.5,105.62,1.19,-13.31
2026-02-10 15:00:00-05:00,89.4,100.92,1.4,-12.92
2026-02-10 16:00:00-05:00,119.55,145.19,-4.87,-20.77
2026-02-10 17:00:00-05:00,137.4,170.01,-8.29,-24.32
2026-02-10 18:00:00-05:00,134.7,166.27,-8.8,-22.77
2026-02-10 19:00:00-05:00,120.0,163.25,-20.72,-22.53
2026-02-10 20:00:00-05:00,100.5,152.33,-30.5,-21.33
2026-02-10 21:00:00-05:00,101.74,138.13,-16.63,-19.76
2026-02-10 22:00:00-05:00,103.35,124.76,-4.56,-16.85
2026-02-10 23:00:00-05:00,92.44,102.7,0.73,-10.99
2026-02-11 00:00:00-05:00,75.43,85.82,-0.0,-10.39
2026-02-11 01:00:00-05:00,73.37,83.09,-0.0,-9.72
2026-02-11 02:00:00-05:00,67.35,76.71,-0.0,-9.36
2026-02-11 03:00:00-05:00,65.55,74.58,-0.0,-9.03
2026-02-11 04:00:00-05:00,60.95,69.58,-0.0,-8.63
2026-02-11 05:00:00-05:00,71.94,82.31,-0.0,-10.37
2026-02-11 06:00:00-05:00,86.3,97.29,-0.0,-10.99
2026-02-11 07:00:00-05:00,100.7,114.98,-0.02,-14.26
2026-02-11 08:00:00-05:00,99.62,110.69,-0.0,-11.07
2026-02-11 09:00:00-05:00,87.52,97.68,-0.0,-10.16
2026-02-11 10:00:00-05:00,78.1,87.95,-0.0,-9.85
2026-02-11 11:00:00-05:00,76.49,86.04,-0.0,-9.55
2026-02-11 12:00:00-05:00,71.47,80.57,-0.0,-9.1
2026-02-11 13:00:00-05:00,72.6,81.57,-0.0,-8.97
2026-02-11 14:00:00-05:00,73.78,82.8,-0.0,-9.02
2026-02-11 15:00:00-05:00,75.97,85.07,-0.0,-9.1
2026-02-11 16:00:00-05:00,85.57,97.14,-0.01,-11.56
2026-02-11 17:00:00-05:00,106.26,118.6,-0.0,-12.34
2026-02-11 18:00:00-05:00,104.41,116.4,-0.0,-11.99
2026-02-11 19:00:00-05:00,89.62,99.8,-0.0,-10.18
2026-02-11 20:00:00-05:00,86.91,97.43,-0.0,-10.52
2026-02-11 21:00:00-05:00,85.96,96.8,-0.0,-10.84
2026-02-11 22:00:00-05:00,72.46,81.42,-0.0,-8.96
2026-02-11 23:00:00-05:00,74.68,83.16,-0.0,-8.48
2026-02-12 00:00:00-05:00,73.9,83.41,-0.0,-9.51
2026-02-12 01:00:00-05:00,65.1,72.9,-0.0,-7.8
2026-02-12 02:00:00-05:00,59.5,66.63,-0.0,-7.13
2026-02-12 03:00:00-05:00,57.42,64.15,-0.0,-6.73
2026-02-12 04:00:00-05:00,60.94,68.62,-0.0,-7.68
2026-02-12 05:00:00-05:00,75.06,85.1,-0.0,-10.04
2026-02-12 06:00:00-05:00,98.18,108.13,-0.0,-9.95
2026-02-12 07:00:00-05:00,103.98,115.66,-0.0,-11.68
2026-02-12 08:00:00-05:00,93.55,103.83,-0.0,-10.28
2026-02-12 09:00:00-05:00,86.99,96.76,-0.0,-9.77
2026-02-12 10:00:00-05:00,83.65,93.88,-0.0,-10.23
2026-02-12 11:00:00-05:00,81.1,90.11,-0.0,-9.01
2026-02-12 12:00:00-05:00,73.0,82.12,-0.0,-9.12
2026-02-12 13:00:00-05:00,72.9,81.63,-0.0,-8.73
2026-02-12 14:00:00-05:00,71.93,81.46,-0.0,-9.53
2026-02-12 15:00:00-05:00,83.28,92.43,-0.0,-9.15
2026-02-12 16:00:00-05:00,89.73,99.81,-0.0,-10.08
2026-02-12 17:00:00-05:00,110.09,121.11,-0.0,-11.02
2026-02-12 18:00:00-05:00,111.15,121.61,-0.0,-10.46
2026-02-12 19:00:00-05:00,99.5,110.44,-0.0,-10.94
2026-02-12 20:00:00-05:00,89.79,99.33,-0.0,-9.54
2026-02-12 21:00:00-05:00,87.26,96.85,-0.0,-9.59
2026-02-12 22:00:00-05:00,80.72,90.39,-0.0,-9.67
2026-02-12 23:00:00-05:00,79.83,88.6,-0.0,-8.77
2026-02-13 00:00:00-05:00,76.1,80.44,1.21,-5.55
2026-02-13 01:00:00-05:00,72.58,80.11,-0.0,-7.53
2026-02-13 02:00:00-05:00,71.79,79.95,-0.0,-8.16
2026-02-13 03:00:00-05:00,72.12,79.95,-0.0,-7.83
2026-02-13 04:00:00-05:00,73.53,80.19,0.56,-7.22
2026-02-13 05:00:00-05:00,74.09,80.36,1.69,-7.96
2026-02-13 06:00:00-05:00,97.26,107.06,1.12,-10.92
2026-02-13 07:00:00-05:00,120.67,133.86,0.2,-13.39
2026-02-13 08:00:00-05:00,104.25,116.09,-0.0,-11.84
2026-02-13 09:00:00-05:00,76.34,83.87,0.1,-7.63
2026-02-13 10:00:00-05:00,69.54,79.39,-0.0,-9.85
2026-02-13 11:00:00-05:00,63.4,71.88,-0.0,-8.48
2026-02-13 12:00:00-05:00,56.88,66.06,-0.0,-9.18
2026-02-13 13:00:00-05:00,55.52,64.56,-0.0,-9.04
2026-02-13 14:00:00-05:00,56.15,64.99,-0.0,-8.84
2026-02-13 15:00:00-05:00,52.92,65.99,-3.43,-9.64
2026-02-13 16:00:00-05:00,61.1,81.91,-10.0,-10.81
2026-02-13 17:00:00-05:00,81.77,93.46,-0.1,-11.59
2026-02-13 18:00:00-05:00,87.22,102.69,-2.53,-12.94
2026-02-13 19:00:00-05:00,72.68,88.22,-4.6,-10.94
2026-02-13 20:00:00-05:00,66.34,80.61,-3.95,-10.32
2026-02-13 21:00:00-05:00,50.36,80.19,-18.85,-10.98
2026-02-13 22:00:00-05:00,54.8,78.78,-13.5,-10.48
2026-02-13 23:00:00-05:00,57.93,76.22,-8.08,-10.21
2026-02-14 00:00:00-05:00,66.5,76.9,-0.02,-10.38
2026-02-14 01:00:00-05:00,58.0,69.14,-1.39,-9.75
2026-02-14 02:00:00-05:00,56.68,65.7,-0.02,-9.0
2026-02-14 03:00:00-05:00,56.95,65.46,-0.0,-8.51
2026-02-14 04:00:00-05:00,57.74,66.14,-0.0,-8.4
2026-02-14 05:00:00-05:00,62.7,70.84,-0.0,-8.14
2026-02-14 06:00:00-05:00,67.56,76.25,-0.0,-8.69
2026-02-14 07:00:00-05:00,71.34,79.71,-0.0,-8.37
2026-02-14 08:00:00-05:00,72.21,79.79,-0.0,-7.58
2026-02-14 09:00:00-05:00,64.54,72.92,-0.0,-8.38
2026-02-14 10:00:00-05:00,58.91,65.82,-0.0,-6.91
2026-02-14 11:00:00-05:00,54.93,60.56,-0.0,-5.63
2026-02-14 12:00:00-05:00,49.59,54.98,-0.0,-5.39
2026-02-14 13:00:00-05:00,48.98,54.3,-0.0,-5.32
2026-02-14 14:00:00-05:00,48.38,53.93,-0.0,-5.55
2026-02-14 15:00:00-05:00,51.24,57.19,-0.0,-5.95
2026-02-14 16:00:00-05:00,60.59,68.78,-0.0,-8.19
2026-02-14 17:00:00-05:00,72.66,80.11,-0.0,-7.45
2026-02-14 18:00:00-05:00,72.57,80.19,-0.0,-7.62
2026-02-14 19:00:00-05:00,71.18,79.71,-0.0,-8.53
2026-02-14 20:00:00-05:00,67.29,75.27,-0.0,-7.98
2026-02-14 21:00:00-05:00,61.5,69.65,-0.0,-8.15
2026-02-14 22:00:00-05:00,61.7,69.48,-0.0,-7.78
2026-02-14 23:00:00-05:00,59.5,64.81,-0.0,-5.31
2026-02-15 00:00:00-05:00,59.53,66.22,-0.0,-6.69
2026-02-15 01:00:00-05:00,54.83,61.54,-0.0,-6.71
2026-02-15 02:00:00-05:00,50.53,56.52,-0.0,-5.99
2026-02-15 03:00:00-05:00,50.09,55.41,-0.0,-5.32
2026-02-15 04:00:00-05:00,48.92,53.93,-0.0,-5.01
2026-02-15 05:00:00-05:00,52.89,58.57,-0.0,-5.68
2026-02-15 06:00:00-05:00,60.14,66.45,-0.0,-6.31
2026-02-15 07:00:00-05:00,57.0,63.97,-0.0,-6.97
2026-02-15 08:00:00-05:00,56.13,62.09,-0.0,-5.96
2026-02-15 09:00:00-05:00,50.2,54.86,-0.0,-4.66
2026-02-15 10:00:00-05:00,46.6,50.82,-0.0,-4.22
2026-02-15 11:00:00-05:00,44.6,49.5,-0.0,-4.9
2026-02-15 12:00:00-05:00,43.3,48.33,-0.0,-5.03
2026-02-15 13:00:00-05:00,42.95,48.58,-0.0,-5.63
2026-02-15 14:00:00-05:00,44.2,50.46,-0.0,-6.26
2026-02-15 15:00:00-05:00,48.14,55.02,-0.0,-6.88
2026-02-15 16:00:00-05:00,58.39,68.29,-0.82,-9.08
2026-02-15 17:00:00-05:00,70.6,79.48,0.82,-9.7
2026-02-15 18:00:00-05:00,75.93,82.24,1.91,-8.22
2026-02-15 19:00:00-05:00,65.46,77.52,-1.91,-10.15
2026-02-15 20:00:00-05:00,64.0,73.64,-0.0,-9.64
2026-02-15 21:00:00-05:00,56.22,64.18,-0.0,-7.96
2026-02-15 22:00:00-05:00,52.99,59.87,-0.0,-6.88
2026-02-15 23:00:00-05:00,52.42,57.86,-0.0,-5.44
2026-02-16 00:00:00-05:00,53.14,58.4,-0.0,-5.26
2026-02-16 01:00:00-05:00,48.8,53.33,-0.0,-4.53
2026-02-16 02:00:00-05:00,47.37,52.06,-0.0,-4.69
2026-02-16 03:00:00-05:00,46.27,50.62,-0.0,-4.35
2026-02-16 04:00:00-05:00,46.8,51.32,-0.0,-4.52
2026-02-16 05:00:00-05:00,50.6,55.48,-0.0,-4.88
2026-02-16 06:00:00-05:00,58.66,65.99,-0.0,-7.33
2026-02-16 07:00:00-05:00,62.43,71.76,-0.0,-9.33
2026-02-16 08:00:00-05:00,61.86,71.04,-0.02,-9.16
2026-02-16 09:00:00-05:00,61.57,72.72,-1.48,-9.67
2026-02-16 10:00:00-05:00,60.05,69.32,-0.19,-9.08
2026-02-16 11:00:00-05:00,57.0,67.85,-1.56,-9.29
2026-02-16 12:00:00-05:00,53.12,62.22,-0.58,-8.52
2026-02-16 13:00:00-05:00,50.1,61.52,-3.05,-8.37
2026-02-16 14:00:00-05:00,49.9,57.74,-0.16,-7.68
2026-02-16 15:00:00-05:00,50.4,58.13,-0.0,-7.73
2026-02-16 16:00:00-05:00,57.74,67.15,-0.01,-9.4
2026-02-16 17:00:00-05:00,68.44,79.79,-0.02,-11.33
2026-02-16 18:00:00-05:00,75.89,83.37,2.1,-9.58
2026-02-16 19:00:00-05:00,61.9,74.71,-2.12,-10.69
2026-02-16 20:00:00-05:00,53.78,62.63,-0.02,-8.83
2026-02-16 21:00:00-05:00,52.0,59.16,-0.0,-7.16
2026-02-16 22:00:00-05:00,49.15,55.35,-0.0,-6.2
2026-02-16 23:00:00-05:00,47.7,52.94,-0.0,-5.24
2026-02-17 00:00:00-05:00,45.54,51.81,-0.0,-6.27
2026-02-17 01:00:00-05:00,41.83,47.26,-0.0,-5.43
2026-02-17 02:00:00-05:00,40.07,45.23,-0.0,-5.16
2026-02-17 03:00:00-05:00,40.07,44.72,-0.0,-4.65
2026-02-17 04:00:00-05:00,42.0,46.77,-0.0,-4.77
2026-02-17 05:00:00-05:00,45.03,50.82,-0.0,-5.79
2026-02-17 06:00:00-05:00,59.89,67.44,-0.0,-7.55
2026-02-17 07:00:00-05:00,65.0,76.08,-1.12,-9.96
2026-02-17 08:00:00-05:00,64.21,75.15,-1.1,-9.84
2026-02-17 09:00:00-05:00,62.5,75.43,-2.67,-10.26
2026-02-17 10:00:00-05:00,53.47,70.06,-6.92,-9.67
2026-02-17 11:00:00-05:00,50.1,67.27,-7.62,-9.55
2026-02-17 12:00:00-05:00,49.95,61.42,-2.75,-8.72
2026-02-17 13:00:00-05:00,47.26,55.17,-0.02,-7.89
2026-02-17 14:00:00-05:00,45.38,52.52,-0.0,-7.14
2026-02-17 15:00:00-05:00,46.18,52.54,-0.0,-6.36
2026-02-17 16:00:00-05:00,55.77,64.77,-0.0,-9.0
2026-02-17 17:00:00-05:00,71.0,79.95,-0.0,-8.95
2026-02-17 18:00:00-05:00,76.39,83.98,1.06,-8.65
2026-02-17 19:00:00-05:00,63.34,74.45,-1.06,-10.05
2026-02-17 20:00:00-05:00,56.47,65.43,-0.0,-8.96
2026-02-17 21:00:00-05:00,50.07,58.43,-0.0,-8.36
2026-02-17 22:00:00-05:00,48.77,55.61,-0.0,-6.84
2026-02-17 23:00:00-05:00,47.54,53.3,-0.0,-5.76
2026-02-18 00:00:00-05:00,49.83,54.7,-0.0,-4.87
2026-02-18 01:00:00-05:00,45.7,50.61,-0.0,-4.91
2026-02-18 02:00:00-05:00,44.5,49.56,-0.0,-5.06
2026-02-18 03:00:00-05:00,43.22,48.07,-0.0,-4.85
2026-02-18 04:00:00-05:00,44.03,49.64,-0.0,-5.61
2026-02-18 05:00:00-05:00,46.69,52.82,-0.0,-6.13
2026-02-18 06:00:00-05:00,51.83,59.03,-0.0,-7.2
2026-02-18 07:00:00-05:00,59.76,69.24,-0.0,-9.48
2026-02-18 08:00:00-05:00,60.99,71.02,-0.02,-10.01
2026-02-18 09:00:00-05:00,62.52,72.98,-0.02,-10.44
2026-02-18 10:00:00-05:00,56.94,66.39,-0.02,-9.43
2026-02-18 11:00:00-05:00,58.76,68.51,-0.02,-9.73
2026-02-18 12:00:00-05:00,56.53,66.45,-0.02,-9.9
2026-02-18 13:00:00-05:00,55.31,64.41,-0.02,-9.08
2026-02-18 14:00:00-05:00,52.16,60.88,-0.01,-8.71
2026-02-18 15:00:00-05:00,53.23,62.2,-0.01,-8.96
2026-02-18 16:00:00-05:00,58.62,68.16,-0.0,-9.54
2026-02-18 17:00:00-05:00,65.8,75.2,-0.0,-9.4
2026-02-18 18:00:00-05:00,68.0,76.49,-0.0,-8.49
2026-02-18 19:00:00-05:00,62.14,69.9,-0.0,-7.76
2026-02-18 20:00:00-05:00,58.03,65.5,-0.0,-7.47
2026-02-18 21:00:00-05:00,49.83,56.43,-0.0,-6.6
2026-02-18 22:00:00-05:00,49.25,54.48,-0.0,-5.23
2026-02-18 23:00:00-05:00,48.05,51.95,-0.0,-3.9
2026-02-19 00:00:00-05:00,46.6,50.49,-0.0,-3.89
2026-02-19 01:00:00-05:00,44.1,48.3,-0.0,-4.2
2026-02-19 02:00:00-05:00,42.54,46.29,-0.0,-3.75
2026-02-19 03:00:00-05:00,42.0,46.2,-0.0,-4.2
2026-02-19 04:00:00-05:00,42.42,46.72,-0.0,-4.3
2026-02-19 05:00:00-05:00,43.2,47.52,-0.0,-4.32
2026-02-19 06:00:00-05:00,50.84,57.44,-0.0,-6.6
2026-02-19 07:00:00-05:00,58.53,67.51,-0.0,-8.98
2026-02-19 08:00:00-05:00,57.02,65.32,-0.0,-8.3
2026-02-19 09:00:00-05:00,53.05,60.49,-0.0,-7.44
2026-02-19 10:00:00-05:00,48.63,54.83,-0.0,-6.2
2026-02-19 11:00:00-05:00,46.3,52.56,-0.0,-6.26
2026-02-19 12:00:00-05:00,44.12,50.48,-0.0,-6.36
2026-02-19 13:00:00-05:00,43.0,48.53,-0.0,-5.53
2026-02-19 14:00:00-05:00,44.2,50.11,-0.0,-5.91
2026-02-19 15:00:00-05:00,43.6,49.43,-0.0,-5.83
2026-02-19 16:00:00-05:00,49.67,56.7,-0.0,-7.03
2026-02-19 17:00:00-05:00,61.1,69.59,-0.0,-8.49
2026-02-19 18:00:00-05:00,64.03,73.68,-0.0,-9.65
2026-02-19 19:00:00-05:00,54.77,62.67,-0.0,-7.9
2026-02-19 20:00:00-05:00,49.32,55.98,-0.0,-6.66
2026-02-19 21:00:00-05:00,43.09,49.36,-0.0,-6.27
2026-02-19 22:00:00-05:00,42.29,47.62,-0.0,-5.33
2026-02-19 23:00:00-05:00,40.68,45.35,-0.0,-4.67
2026-02-20 00:00:00-05:00,39.77,45.66,-0.0,-5.89
2026-02-20 01:00:00-05:00,37.65,43.35,-0.02,-5.68
2026-02-20 02:00:00-05:00,37.43,43.3,-0.02,-5.85
2026-02-20 03:00:00-05:00,35.0,40.35,-0.02,-5.33
2026-02-20 04:00:00-05:00,34.4,40.07,-0.02,-5.65
2026-02-20 05:00:00-05:00,35.96,45.56,-3.22,-6.38
2026-02-20 06:00:00-05:00,41.18,54.91,-5.99,-7.74
2026-02-20 07:00:00-05:00,47.79,59.53,-3.7,-8.04
2026-02-20 08:00:00-05:00,44.36,64.37,-10.8,-9.21
2026-02-20 09:00:00-05:00,42.44,70.32,-18.04,-9.84
2026-02-20 10:00:00-05:00,42.92,76.07,-22.35,-10.8
2026-02-20 11:00:00-05:00,40.74,77.39,-25.51,-11.14
2026-02-20 12:00:00-05:00,38.81,75.76,-25.96,-10.99
2026-02-20 13:00:00-05:00,40.0,72.04,-21.52,-10.52
2026-02-20 14:00:00-05:00,40.85,70.16,-18.93,-10.38
2026-02-20 15:00:00-05:00,38.2,67.04,-18.85,-9.99
2026-02-20 16:00:00-05:00,35.53,67.34,-22.38,-9.43
2026-02-20 17:00:00-05:00,44.0,72.66,-18.56,-10.1
2026-02-20 18:00:00-05:00,51.22,67.35,-6.64,-9.49
2026-02-20 19:00:00-05:00,42.88,61.37,-9.84,-8.65
2026-02-20 20:00:00-05:00,39.2,55.07,-8.16,-7.71
2026-02-20 21:00:00-05:00,34.47,53.65,-11.62,-7.56
2026-02-20 22:00:00-05:00,39.0,46.56,-1.09,-6.47
2026-02-20 23:00:00-05:00,36.85,46.71,-3.79,-6.07
2026-02-21 00:00:00-05:00,38.02,42.1,-0.0,-4.08
2026-02-21 01:00:00-05:00,37.21,41.9,-0.0,-4.69
2026-02-21 02:00:00-05:00,37.2,41.94,-0.0,-4.74
2026-02-21 03:00:00-05:00,36.74,41.51,-0.0,-4.77
2026-02-21 04:00:00-05:00,36.39,41.35,-0.0,-4.96
2026-02-21 05:00:00-05:00,36.98,41.98,-0.0,-5.0
2026-02-21 06:00:00-05:00,38.98,44.4,-0.0,-5.42
2026-02-21 07:00:00-05:00,42.0,47.51,-0.0,-5.51
2026-02-21 08:00:00-05:00,45.15,50.79,-0.0,-5.64
2026-02-21 09:00:00-05:00,43.83,48.92,-0.0,-5.09
2026-02-21 10:00:00-05:00,45.97,51.94,-0.0,-5.97
2026-02-21 11:00:00-05:00,45.15,50.9,-0.0,-5.75
2026-02-21 12:00:00-05:00,42.91,48.76,-0.0,-5.85
2026-02-21 13:00:00-05:00,44.4,49.89,-0.0,-5.49
2026-02-21 14:00:00-05:00,43.79,49.09,-0.0,-5.3
2026-02-21 15:00:00-05:00,45.96,52.35,-0.0,-6.39
2026-02-21 16:00:00-05:00,50.81,58.27,-0.0,-7.46
2026-02-21 17:00:00-05:00,58.96,68.16,-0.0,-9.2
2026-02-21 18:00:00-05:00,63.58,72.67,-0.0,-9.09
2026-02-21 19:00:00-05:00,57.53,65.9,-0.0,-8.37
2026-02-21 20:00:00-05:00,53.08,59.91,-0.0,-6.83
2026-02-21 21:00:00-05:00,47.7,54.58,-0.0,-6.88
2026-02-21 22:00:00-05:00,50.0,55.8,-0.0,-5.8
2026-02-21 23:00:00-05:00,48.97,54.17,-0.0,-5.2
2026-02-22 00:00:00-05:00,45.46,49.15,-0.0,-3.69
2026-02-22 01:00:00-05:00,43.92,47.38,-0.0,-3.46
2026-02-22 02:00:00-05:00,41.3,44.55,-0.0,-3.25
2026-02-22 03:00:00-05:00,40.35,43.39,-0.0,-3.04
2026-02-22 04:00:00-05:00,39.89,43.03,-0.0,-3.14
2026-02-22 05:00:00-05:00,38.88,41.94,-0.0,-3.06
2026-02-22 06:00:00-05:00,38.98,42.82,-0.76,-3.08
2026-02-22 07:00:00-05:00,38.6,41.31,0.76,-3.47
2026-02-22 08:00:00-05:00,39.8,43.45,-0.0,-3.65
2026-02-22 09:00:00-05:00,43.5,47.85,-0.0,-4.35
2026-02-22 10:00:00-05:00,47.27,53.29,-0.0,-6.02
2026-02-22 11:00:00-05:00,49.04,55.79,-0.0,-6.75
2026-02-22 12:00:00-05:00,49.83,56.69,-0.0,-6.86
2026-02-22 13:00:00-05:00,48.73,55.63,-0.0,-6.9
2026-02-22 14:00:00-05:00,48.16,55.1,-0.0,-6.94
2026-02-22 15:00:00-05:00,49.0,56.45,-0.0,-7.45
2026-02-22 16:00:00-05:00,51.82,60.54,-0.0,-8.72
2026-02-22 17:00:00-05:00,58.22,66.84,-0.0,-8.62
2026-02-22 18:00:00-05:00,60.03,68.45,-0.0,-8.42
2026-02-22 19:00:00-05:00,53.24,61.19,-0.0,-7.95
2026-02-22 20:00:00-05:00,51.75,59.96,-0.0,-8.21
2026-02-22 21:00:00-05:00,49.52,57.72,-0.0,-8.2
2026-02-22 22:00:00-05:00,49.93,55.79,-0.0,-5.86
2026-02-22 23:00:00-05:00,49.35,54.53,-0.0,-5.18
2026-02-23 00:00:00-05:00,46.39,51.37,-0.0,-4.98
2026-02-23 01:00:00-05:00,44.83,49.86,-0.0,-5.03
2026-02-23 02:00:00-05:00,42.21,47.32,-0.0,-5.11
2026-02-23 03:00:00-05:00,41.13,45.85,-0.0,-4.72
2026-02-23 04:00:00-05:00,42.28,47.4,-0.0,-5.12
2026-02-23 05:00:00-05:00,45.37,51.74,-0.0,-6.37
2026-02-23 06:00:00-05:00,50.01,63.64,-4.85,-8.78
2026-02-23 07:00:00-05:00,53.65,66.53,-3.36,-9.52
2026-02-23 08:00:00-05:00,52.85,71.66,-8.92,-9.89
2026-02-23 09:00:00-05:00,51.94,72.79,-10.59,-10.26
2026-02-23 10:00:00-05:00,52.26,78.69,-15.02,-11.41
2026-02-23 11:00:00-05:00,51.23,77.99,-15.45,-11.31
2026-02-23 12:00:00-05:00,50.23,71.52,-10.85,-10.44
2026-02-23 13:00:00-05:00,49.97,68.29,-8.35,-9.97
2026-02-23 14:00:00-05:00,47.55,64.05,-7.21,-9.29
2026-02-23 15:00:00-05:00,47.41,66.14,-9.21,-9.52
2026-02-23 16:00:00-05:00,50.1,66.95,-7.41,-9.44
2026-02-23 17:00:00-05:00,64.79,79.79,-4.15,-10.85
2026-02-23 18:00:00-05:00,69.39,79.87,-0.02,-10.46
2026-02-23 19:00:00-05:00,61.57,71.12,-0.02,-9.53
2026-02-23 20:00:00-05:00,55.17,62.91,-0.0,-7.74
2026-02-23 21:00:00-05:00,51.96,59.79,-0.0,-7.83
2026-02-23 22:00:00-05:00,52.1,58.21,-0.0,-6.11
2026-02-23 23:00:00-05:00,49.9,56.64,-0.0,-6.74
2026-02-24 00:00:00-05:00,60.76,67.66,-0.0,-6.9
2026-02-24 01:00:00-05:00,57.62,64.23,-0.0,-6.61
2026-02-24 02:00:00-05:00,57.74,64.15,-0.0,-6.41
2026-02-24 03:00:00-05:00,56.43,61.81,-0.0,-5.38
2026-02-24 04:00:00-05:00,60.09,66.25,-0.0,-6.16
2026-02-24 05:00:00-05:00,61.15,68.94,-0.0,-7.79
2026-02-24 06:00:00-05:00,76.91,84.42,-0.0,-7.51
2026-02-24 07:00:00-05:00,96.97,109.95,-0.0,-12.98
2026-02-24 08:00:00-05:00,71.74,86.7,-5.51,-9.45
2026-02-24 09:00:00-05:00,68.45,70.48,5.51,-7.54
2026-02-24 10:00:00-05:00,67.0,76.36,-0.04,-9.32
2026-02-24 11:00:00-05:00,63.1,70.7,0.04,-7.64
2026-02-24 12:00:00-05:00,59.73,67.64,-0.0,-7.91
2026-02-24 13:00:00-05:00,56.2,64.38,-0.0,-8.18
2026-02-24 14:00:00-05:00,56.4,65.36,-0.01,-8.95
2026-02-24 15:00:00-05:00,56.19,65.28,-0.02,-9.07
2026-02-24 16:00:00-05:00,59.4,79.79,-9.78,-10.61
2026-02-24 17:00:00-05:00,75.5,97.96,-9.43,-13.03
2026-02-24 18:00:00-05:00,82.25,119.56,-21.65,-15.66
2026-02-24 19:00:00-05:00,67.6,95.91,-15.36,-12.95
2026-02-24 20:00:00-05:00,56.0,88.05,-20.08,-11.97
2026-02-24 21:00:00-05:00,49.93,81.04,-19.85,-11.26
2026-02-24 22:00:00-05:00,64.79,75.76,-0.67,-10.3
2026-02-24 23:00:00-05:00,62.0,72.32,-0.92,-9.4
2026-02-25 00:00:00-05:00,55.72,78.23,-11.64,-10.87
2026-02-25 01:00:00-05:00,49.97,77.57,-16.67,-10.93
2026-02-25 02:00:00-05:00,50.55,73.15,-12.29,-10.31
2026-02-25 03:00:00-05:00,55.55,69.41,-4.08,-9.78
2026-02-25 04:00:00-05:00,54.66,70.23,-5.81,-9.76
2026-02-25 05:00:00-05:00,49.96,78.81,-17.58,-11.27
2026-02-25 06:00:00-05:00,55.0,97.05,-27.59,-14.46
2026-02-25 07:00:00-05:00,66.41,103.14,-21.47,-15.26
2026-02-25 08:00:00-05:00,59.71,98.0,-23.69,-14.6
2026-02-25 09:00:00-05:00,51.3,96.98,-31.23,-14.45
2026-02-25 10:00:00-05:00,56.0,78.8,-11.29,-11.51
2026-02-25 11:00:00-05:00,52.53,70.76,-7.9,-10.33
2026-02-25 12:00:00-05:00,49.97,66.62,-6.92,-9.73
2026-02-25 13:00:00-05:00,48.0,62.9,-5.84,-9.06
2026-02-25 14:00:00-05:00,45.75,60.53,-6.12,-8.66
2026-02-25 15:00:00-05:00,48.64,60.41,-3.19,-8.58
2026-02-25 16:00:00-05:00,52.0,68.46,-7.01,-9.45
2026-02-25 17:00:00-05:00,64.9,89.39,-12.33,-12.16
2026-02-25 18:00:00-05:00,67.36,83.25,-4.82,-11.07
2026-02-25 19:00:00-05:00,68.58,79.99,-0.61,-10.8
2026-02-25 20:00:00-05:00,58.9,70.54,-2.19,-9.45
2026-02-25 21:00:00-05:00,56.54,68.84,-3.28,-9.02
2026-02-25 22:00:00-05:00,56.89,64.72,-0.0,-7.83
2026-02-25 23:00:00-05:00,55.0,65.02,-2.28,-7.74
2026-02-26 00:00:00-05:00,50.6,54.41,-0.0,-3.81
2026-02-26 01:00:00-05:00,48.6,51.1,-0.0,-2.5
2026-02-26 02:00:00-05:00,48.05,50.9,-0.0,-2.85
2026-02-26 03:00:00-05:00,47.48,49.61,-0.0,-2.13
2026-02-26 04:00:00-05:00,50.7,53.03,-0.0,-2.33
2026-02-26 05:00:00-05:00,53.91,56.8,-0.0,-2.89
2026-02-26 06:00:00-05:00,70.63,75.7,-0.0,-5.07
2026-02-26 07:00:00-05:00,71.83,77.57,-0.0,-5.74
2026-02-26 08:00:00-05:00,65.71,71.04,-0.0,-5.33
2026-02-26 09:00:00-05:00,47.24,51.24,-0.0,-4.0
2026-02-26 10:00:00-05:00,47.76,51.47,-0.0,-3.71
2026-02-26 11:00:00-05:00,45.87,49.37,-0.0,-3.5
2026-02-26 12:00:00-05:00,45.73,49.33,-0.0,-3.6
2026-02-26 13:00:00-05:00,45.43,48.96,-0.0,-3.53
2026-02-26 14:00:00-05:00,45.82,49.38,-0.0,-3.56
2026-02-26 15:00:00-05:00,45.84,49.99,-0.0,-4.15
2026-02-26 16:00:00-05:00,52.61,57.81,-0.0,-5.2
2026-02-26 17:00:00-05:00,73.34,79.72,-0.0,-6.38
2026-02-26 18:00:00-05:00,80.0,85.74,-0.0,-5.74
2026-02-26 19:00:00-05:00,73.1,79.8,-0.0,-6.7
2026-02-26 20:00:00-05:00,65.1,71.07,-0.0,-5.97
2026-02-26 21:00:00-05:00,59.34,65.64,-0.0,-6.3
2026-02-26 22:00:00-05:00,59.68,63.07,0.9,-4.29
2026-02-26 23:00:00-05:00,59.23,64.86,-0.9,-4.73
2026-02-27 00:00:00-05:00,47.1,50.98,-0.0,-3.88
2026-02-27 01:00:00-05:00,44.0,47.36,-0.0,-3.36
2026-02-27 02:00:00-05:00,43.1,46.39,-0.0,-3.29
2026-02-27 03:00:00-05:00,41.92,45.37,-0.0,-3.45
2026-02-27 04:00:00-05:00,42.4,46.34,-0.0,-3.94
2026-02-27 05:00:00-05:00,45.36,50.4,-0.0,-5.04
2026-02-27 06:00:00-05:00,58.0,66.21,-0.0,-8.21
2026-02-27 07:00:00-05:00,59.8,68.42,-0.0,-8.62
2026-02-27 08:00:00-05:00,48.38,54.0,-0.0,-5.62
2026-02-27 09:00:00-05:00,41.16,46.09,-0.0,-4.93
2026-02-27 10:00:00-05:00,39.02,43.74,-0.0,-4.72
2026-02-27 11:00:00-05:00,35.61,40.24,-0.0,-4.63
2026-02-27 12:00:00-05:00,34.89,39.65,-0.0,-4.76
2026-02-27 13:00:00-05:00,33.93,38.65,-0.0,-4.72
2026-02-27 14:00:00-05:00,33.44,38.75,-0.0,-5.31
2026-02-27 15:00:00-05:00,34.2,39.63,-0.0,-5.43
2026-02-27 16:00:00-05:00,40.37,47.74,-0.02,-7.35
2026-02-27 17:00:00-05:00,47.7,59.58,-2.83,-9.05
2026-02-27 18:00:00-05:00,48.53,63.52,-5.59,-9.4
2026-02-27 19:00:00-05:00,43.58,53.12,-2.26,-7.28
2026-02-27 20:00:00-05:00,38.89,46.82,-1.56,-6.37
2026-02-27 21:00:00-05:00,36.3,44.94,-1.9,-6.74
2026-02-27 22:00:00-05:00,38.39,43.84,-0.01,-5.44
2026-02-27 23:00:00-05:00,36.84,42.25,-0.0,-5.41
2026-02-28 00:00:00-05:00,34.53,39.2,-0.0,-4.67
2026-02-28 01:00:00-05:00,33.25,38.26,-0.0,-5.01
2026-02-28 02:00:00-05:00,31.36,35.8,-0.0,-4.44
2026-02-28 03:00:00-05:00,32.66,36.78,-0.0,-4.12
2026-02-28 04:00:00-05:00,32.39,36.56,-0.0,-4.17
2026-02-28 05:00:00-05:00,31.97,36.16,-0.0,-4.19
2026-02-28 06:00:00-05:00,35.86,39.93,-0.0,-4.07
2026-02-28 07:00:00-05:00,38.33,42.45,-0.0,-4.12
2026-02-28 08:00:00-05:00,36.35,40.39,-0.0,-4.04
2026-02-28 09:00:00-05:00,35.12,38.72,-0.0,-3.6
2026-02-28 10:00:00-05:00,33.08,36.35,-0.0,-3.27
2026-02-28 11:00:00-05:00,31.48,34.59,-0.0,-3.11
2026-02-28 12:00:00-05:00,30.25,33.1,-0.0,-2.85
2026-02-28 13:00:00-05:00,29.95,32.59,-0.0,-2.64
2026-02-28 14:00:00-05:00,29.94,32.61,-0.0,-2.67
2026-02-28 15:00:00-05:00,30.2,32.9,-0.0,-2.7
2026-02-28 16:00:00-05:00,36.98,40.55,-0.0,-3.57
2026-02-28 17:00:00-05:00,48.66,53.83,-0.0,-5.17
2026-02-28 18:00:00-05:00,57.1,63.37,-0.0,-6.27
2026-02-28 19:00:00-05:00,50.99,55.79,-0.0,-4.8
2026-02-28 20:00:00-05:00,49.31,54.01,-0.0,-4.7
2026-02-28 21:00:00-05:00,49.29,53.99,-0.0,-4.7
2026-02-28 22:00:00-05:00,48.28,51.2,-0.0,-2.92
2026-02-28 23:00:00-05:00,45.83,48.65,-0.0,-2.82
2026-03-01 00:00:00-05:00,45.19,48.75,-0.0,-3.56
2026-03-01 01:00:00-05:00,43.24,46.95,-0.0,-3.71
2026-03-01 02:00:00-05:00,41.9,45.44,-0.0,-3.54
2026-03-01 03:00:00-05:00,40.43,43.57,-0.0,-3.14
2026-03-01 04:00:00-05:00,40.78,43.61,-0.0,-2.83
2026-03-01 05:00:00-05:00,39.4,42.55,-0.0,-3.15
2026-03-01 06:00:00-05:00,42.81,47.44,-1.17,-3.46
2026-03-01 07:00:00-05:00,45.07,47.51,1.17,-3.61
2026-03-01 08:00:00-05:00,45.23,50.09,-0.0,-4.86
2026-03-01 09:00:00-05:00,45.4,49.98,0.62,-5.2
2026-03-01 10:00:00-05:00,54.0,63.51,-0.62,-8.89
2026-03-01 11:00:00-05:00,54.45,63.24,-0.0,-8.79
2026-03-01 12:00:00-05:00,52.75,61.48,-0.0,-8.73
2026-03-01 13:00:00-05:00,50.56,59.06,-0.0,-8.5
2026-03-01 14:00:00-05:00,50.18,58.62,-0.0,-8.44
2026-03-01 15:00:00-05:00,49.11,56.58,-0.0,-7.47
2026-03-01 16:00:00-05:00,56.39,63.67,2.21,-9.49
2026-03-01 17:00:00-05:00,73.36,85.48,-2.21,-9.91
2026-03-01 18:00:00-05:00,72.73,80.72,-0.0,-7.99
2026-03-01 19:00:00-05:00,69.93,77.19,-0.0,-7.26
2026-03-01 20:00:00-05:00,68.94,76.18,-0.0,-7.24
2026-03-01 21:00:00-05:00,66.97,76.1,-0.0,-9.13
2026-03-01 22:00:00-05:00,67.61,75.88,-0.0,-8.27
2026-03-01 23:00:00-05:00,64.67,71.22,-0.0,-6.55
2026-03-02 00:00:00-05:00,72.18,78.29,-0.0,-6.11
2026-03-02 01:00:00-05:00,69.71,75.69,-0.0,-5.98
2026-03-02 02:00:00-05:00,67.6,73.0,-0.0,-5.4
2026-03-02 03:00:00-05:00,73.37,79.06,-0.0,-5.69
2026-03-02 04:00:00-05:00,76.73,83.04,-0.0,-6.31
2026-03-02 05:00:00-05:00,87.02,98.55,-0.0,-11.53
2026-03-02 06:00:00-05:00,119.39,137.55,-0.0,-18.16
2026-03-02 07:00:00-05:00,136.34,158.34,-0.0,-22.0
2026-03-02 08:00:00-05:00,90.26,103.04,-0.0,-12.78
2026-03-02 09:00:00-05:00,63.2,71.82,-0.0,-8.62
2026-03-02 10:00:00-05:00,59.74,69.79,-0.07,-9.98
2026-03-02 11:00:00-05:00,54.44,63.83,-0.07,-9.32
2026-03-02 12:00:00-05:00,49.91,58.56,-0.04,-8.61
2026-03-02 13:00:00-05:00,47.48,55.4,-0.0,-7.92
2026-03-02 14:00:00-05:00,46.22,54.07,-0.01,-7.84
2026-03-02 15:00:00-05:00,47.05,55.45,-0.19,-8.21
2026-03-02 16:00:00-05:00,58.1,70.44,-1.64,-10.7
2026-03-02 17:00:00-05:00,101.19,121.38,-1.86,-18.33
2026-03-02 18:00:00-05:00,127.0,157.78,-7.27,-23.51
2026-03-02 19:00:00-05:00,88.9,131.99,-24.48,-18.61
2026-03-02 20:00:00-05:00,75.5,94.07,-4.83,-13.74
2026-03-02 21:00:00-05:00,64.0,81.71,-7.09,-10.62
2026-03-02 22:00:00-05:00,58.82,73.95,-4.63,-10.5
2026-03-02 23:00:00-05:00,60.0,71.55,-2.39,-9.16
2026-03-03 00:00:00-05:00,54.06,61.79,-0.0,-7.73
2026-03-03 01:00:00-05:00,52.32,59.52,-0.0,-7.2
2026-03-03 02:00:00-05:00,49.97,56.79,-0.0,-6.82
2026-03-03 03:00:00-05:00,49.95,56.44,-0.0,-6.49
2026-03-03 04:00:00-05:00,49.69,56.02,-0.0,-6.33
2026-03-03 05:00:00-05:00,52.98,61.16,-0.35,-7.83
2026-03-03 06:00:00-05:00,61.94,71.55,-0.38,-9.23
2026-03-03 07:00:00-05:00,68.1,78.08,-0.37,-9.61
2026-03-03 08:00:00-05:00,65.93,75.96,-0.91,-9.12
2026-03-03 09:00:00-05:00,64.13,75.09,-0.9,-10.06
2026-03-03 10:00:00-05:00,57.6,67.05,-0.0,-9.45
2026-03-03 11:00:00-05:00,57.31,66.81,-0.01,-9.49
2026-03-03 12:00:00-05:00,55.84,65.23,-0.0,-9.39
2026-03-03 13:00:00-05:00,54.51,63.77,-0.01,-9.25
2026-03-03 14:00:00-05:00,55.03,65.05,-0.0,-10.02
2026-03-03 15:00:00-05:00,60.7,70.74,-0.07,-9.97
2026-03-03 16:00:00-05:00,58.0,66.44,-0.0,-8.44
2026-03-03 17:00:00-05:00,66.4,75.72,-0.0,-9.32
2026-03-03 18:00:00-05:00,67.81,76.02,-0.0,-8.21
2026-03-03 19:00:00-05:00,66.27,74.55,-0.0,-8.28
2026-03-03 20:00:00-05:00,61.32,69.05,-0.0,-7.73
2026-03-03 21:00:00-05:00,57.43,63.74,-0.0,-6.31
2026-03-03 22:00:00-05:00,55.5,60.66,-0.0,-5.16
2026-03-03 23:00:00-05:00,53.26,57.21,-0.0,-3.95
2026-03-04 00:00:00-05:00,46.0,48.83,-0.0,-2.83
2026-03-04 01:00:00-05:00,42.85,44.77,-0.0,-1.92
2026-03-04 02:00:00-05:00,41.61,43.89,-0.0,-2.28
2026-03-04 03:00:00-05:00,40.04,41.41,-0.0,-1.37
2026-03-04 04:00:00-05:00,39.45,41.22,-0.0,-1.77
2026-03-04 05:00:00-05:00,45.03,47.85,-0.0,-2.82
2026-03-04 06:00:00-05:00,55.0,60.51,-0.0,-5.51
2026-03-04 07:00:00-05:00,59.74,66.97,-0.0,-7.23
2026-03-04 08:00:00-05:00,52.88,58.82,-0.0,-5.94
2026-03-04 09:00:00-05:00,44.35,49.44,-0.0,-5.09
2026-03-04 10:00:00-05:00,40.14,45.51,-0.0,-5.37
2026-03-04 11:00:00-05:00,37.0,41.67,-0.0,-4.67
2026-03-04 12:00:00-05:00,33.74,37.74,-0.0,-4.0
2026-03-04 13:00:00-05:00,30.82,34.06,-0.0,-3.24
2026-03-04 14:00:00-05:00,31.05,34.62,-0.0,-3.57
2026-03-04 15:00:00-05:00,34.75,38.79,-0.0,-4.04
2026-03-04 16:00:00-05:00,41.71,46.81,-0.0,-5.1
2026-03-04 17:00:00-05:00,52.85,58.79,-0.0,-5.94
2026-03-04 18:00:00-05:00,59.89,67.83,-0.0,-7.94
2026-03-04 19:00:00-05:00,53.74,59.71,-0.0,-5.97
2026-03-04 20:00:00-05:00,48.33,53.23,-0.0,-4.9
2026-03-04 21:00:00-05:00,44.65,49.17,-0.0,-4.52
2026-03-04 22:00:00-05:00,45.17,48.94,-0.0,-3.77
2026-03-04 23:00:00-05:00,40.75,43.68,-0.0,-2.93
2026-03-05 00:00:00-05:00,40.09,42.78,-0.0,-2.69
2026-03-05 01:00:00-05:00,37.88,40.51,-0.0,-2.63
2026-03-05 02:00:00-05:00,37.11,39.73,-0.0,-2.62
2026-03-05 03:00:00-05:00,35.7,38.81,-0.0,-3.11
2026-03-05 04:00:00-05:00,37.06,39.89,-0.0,-2.83
2026-03-05 05:00:00-05:00,38.35,42.1,-0.0,-3.75
2026-03-05 06:00:00-05:00,47.0,52.93,-0.0,-5.93
2026-03-05 07:00:00-05:00,50.41,58.15,-0.01,-7.73
2026-03-05 08:00:00-05:00,48.39,55.88,-0.0,-7.49
2026-03-05 09:00:00-05:00,41.37,49.5,-1.2,-6.93
2026-03-05 10:00:00-05:00,42.54,49.01,-0.0,-6.47
2026-03-05 11:00:00-05:00,39.95,47.32,-0.89,-6.48
2026-03-05 12:00:00-05:00,39.9,46.51,-0.24,-6.37
2026-03-05 13:00:00-05:00,39.03,44.97,-0.0,-5.94
2026-03-05 14:00:00-05:00,38.4,44.66,-0.14,-6.12
2026-03-05 15:00:00-05:00,38.83,48.43,-2.87,-6.73
2026-03-05 16:00:00-05:00,41.45,52.74,-4.01,-7.28
2026-03-05 17:00:00-05:00,45.98,57.55,-3.51,-8.06
2026-03-05 18:00:00-05:00,50.73,59.09,-0.09,-8.27
2026-03-05 19:00:00-05:00,48.1,55.45,-0.09,-7.26
2026-03-05 20:00:00-05:00,44.17,50.89,-0.0,-6.72
2026-03-05 21:00:00-05:00,43.54,49.71,-0.0,-6.17
2026-03-05 22:00:00-05:00,39.84,44.37,-0.0,-4.53
2026-03-05 23:00:00-05:00,36.56,40.44,-0.0,-3.88
2026-03-06 00:00:00-05:00,42.5,45.36,-0.0,-2.86
2026-03-06 01:00:00-05:00,39.91,42.78,-0.0,-2.87
2026-03-06 02:00:00-05:00,39.8,42.57,-0.0,-2.77
2026-03-06 03:00:00-05:00,40.49,42.66,-0.0,-2.17
2026-03-06 04:00:00-05:00,39.8,42.8,-0.0,-3.0
2026-03-06 05:00:00-05:00,42.0,46.2,-0.0,-4.2
2026-03-06 06:00:00-05:00,49.72,55.12,-0.0,-5.4
2026-03-06 07:00:00-05:00,57.89,66.09,-0.0,-8.2
2026-03-06 08:00:00-05:00,57.62,66.15,-0.0,-8.53
2026-03-06 09:00:00-05:00,51.84,61.31,-0.7,-8.77
2026-03-06 10:00:00-05:00,56.29,70.62,-4.09,-10.24
2026-03-06 11:00:00-05:00,48.01,56.64,-0.25,-8.38
2026-03-06 12:00:00-05:00,44.0,51.82,-0.41,-7.41
2026-03-06 13:00:00-05:00,37.55,50.62,-5.78,-7.29
2026-03-06 14:00:00-05:00,36.38,48.15,-4.79,-6.98
2026-03-06 15:00:00-05:00,39.92,50.78,-3.24,-7.62
2026-03-06 16:00:00-05:00,45.16,52.74,-0.04,-7.54
2026-03-06 17:00:00-05:00,49.0,60.81,-2.99,-8.82
2026-03-06 18:00:00-05:00,48.01,59.94,-3.24,-8.69
2026-03-06 19:00:00-05:00,45.16,52.57,-0.0,-7.41
2026-03-06 20:00:00-05:00,40.14,48.67,-1.47,-7.06
2026-03-06 21:00:00-05:00,37.4,47.59,-3.53,-6.66
2026-03-06 22:00:00-05:00,34.81,46.97,-6.01,-6.15
2026-03-06 23:00:00-05:00,32.3,39.36,-1.47,-5.59
2026-03-07 00:00:00-05:00,32.3,44.08,-5.7,-6.08
2026-03-07 01:00:00-05:00,27.97,38.75,-5.28,-5.5
2026-03-07 02:00:00-05:00,25.0,38.18,-7.8,-5.38
2026-03-07 03:00:00-05:00,27.58,35.87,-3.27,-5.02
2026-03-07 04:00:00-05:00,25.89,33.7,-3.09,-4.72
2026-03-07 05:00:00-05:00,25.65,36.77,-5.94,-5.18
2026-03-07 06:00:00-05:00,26.7,42.6,-9.68,-6.22
2026-03-07 07:00:00-05:00,28.26,44.85,-10.22,-6.37
2026-03-07 08:00:00-05:00,23.95,45.31,-15.11,-6.25
2026-03-07 09:00:00-05:00,24.41,42.67,-12.37,-5.89
2026-03-07 10:00:00-05:00,25.54,41.7,-10.49,-5.67
2026-03-07 11:00:00-05:00,25.0,39.88,-9.54,-5.34
2026-03-07 12:00:00-05:00,24.45,36.65,-7.25,-4.95
2026-03-07 13:00:00-05:00,23.05,36.55,-8.64,-4.86
2026-03-07 14:00:00-05:00,24.08,36.56,-7.54,-4.94
2026-03-07 15:00:00-05:00,21.86,36.11,-9.27,-4.98
2026-03-07 16:00:00-05:00,26.82,41.22,-8.67,-5.73
2026-03-07 17:00:00-05:00,31.44,51.57,-12.86,-7.27
2026-03-07 18:00:00-05:00,32.22,54.57,-14.66,-7.69
2026-03-07 19:00:00-05:00,31.59,48.42,-10.05,-6.78
2026-03-07 20:00:00-05:00,29.79,45.1,-9.13,-6.18
2026-03-07 21:00:00-05:00,27.36,41.35,-8.33,-5.66
2026-03-07 22:00:00-05:00,28.8,37.89,-3.97,-5.12
2026-03-07 23:00:00-05:00,27.99,32.62,-0.03,-4.6
2026-03-08 00:00:00-05:00,33.18,37.83,-0.0,-4.65
2026-03-08 01:00:00-05:00,30.65,35.07,-0.0,-4.42
2026-03-08 03:00:00-04:00,30.21,34.41,-0.0,-4.2
2026-03-08 04:00:00-04:00,26.7,29.97,-0.0,-3.27
2026-03-08 05:00:00-04:00,27.03,30.44,-0.0,-3.41
2026-03-08 06:00:00-04:00,29.0,33.53,-0.54,-3.99
2026-03-08 07:00:00-04:00,32.73,36.54,0.54,-4.35
2026-03-08 08:00:00-04:00,32.67,36.96,-0.0,-4.29
2026-03-08 09:00:00-04:00,31.79,36.5,-0.0,-4.71
2026-03-08 10:00:00-04:00,30.42,35.88,-0.15,-5.31
2026-03-08 11:00:00-04:00,26.6,32.24,-0.9,-4.74
2026-03-08 12:00:00-04:00,23.4,29.46,-1.76,-4.3
2026-03-08 13:00:00-04:00,18.4,26.43,-4.17,-3.86
2026-03-08 14:00:00-04:00,17.6,23.18,-2.15,-3.43
2026-03-08 15:00:00-04:00,18.65,22.08,-0.12,-3.31
2026-03-08 16:00:00-04:00,23.4,27.84,-0.32,-4.12
2026-03-08 17:00:00-04:00,29.0,33.83,-0.03,-4.8
2026-03-08 18:00:00-04:00,37.29,48.92,-4.34,-7.29
2026-03-08 19:00:00-04:00,40.39,53.93,-5.66,-7.88
2026-03-08 20:00:00-04:00,39.2,49.24,-2.8,-7.24
2026-03-08 21:00:00-04:00,33.8,40.5,-0.71,-5.99
2026-03-08 22:00:00-04:00,31.54,36.46,-0.0,-4.92
2026-03-08 23:00:00-04:00,28.88,32.78,-0.0,-3.9
2026-03-09 00:00:00-04:00,29.98,33.99,-0.0,-4.01
2026-03-09 01:00:00-04:00,27.34,31.14,-0.0,-3.8
2026-03-09 02:00:00-04:00,26.15,29.99,-0.0,-3.84
2026-03-09 03:00:00-04:00,26.82,30.55,-0.0,-3.73
2026-03-09 04:00:00-04:00,28.11,31.91,-0.0,-3.8
2026-03-09 05:00:00-04:00,30.23,35.46,-0.09,-5.14
2026-03-09 06:00:00-04:00,35.0,51.04,-9.1,-6.94
2026-03-09 07:00:00-04:00,34.0,69.99,-26.61,-9.38
2026-03-09 08:00:00-04:00,36.8,53.54,-9.3,-7.44
2026-03-09 09:00:00-04:00,31.55,31.99,4.07,-4.51
2026-03-09 10:00:00-04:00,26.16,30.29,-0.01,-4.12
2026-03-09 11:00:00-04:00,23.4,28.83,-1.25,-4.18
2026-03-09 12:00:00-04:00,19.3,25.95,-2.94,-3.71
2026-03-09 13:00:00-04:00,18.7,23.79,-1.74,-3.35
2026-03-09 14:00:00-04:00,17.6,23.82,-2.81,-3.41
2026-03-09 15:00:00-04:00,17.1,24.56,-3.95,-3.51
2026-03-09 16:00:00-04:00,20.24,30.42,-6.01,-4.17
2026-03-09 17:00:00-04:00,29.7,41.27,-5.92,-5.65
2026-03-09 18:00:00-04:00,37.14,55.87,-11.13,-7.6
2026-03-09 19:00:00-04:00,44.25,61.83,-9.42,-8.16
2026-03-09 20:00:00-04:00,39.01,53.5,-7.32,-7.17
2026-03-09 21:00:00-04:00,34.91,44.18,-3.39,-5.88
2026-03-09 22:00:00-04:00,34.43,38.69,-0.0,-4.26
2026-03-09 23:00:00-04:00,31.02,34.74,-0.0,-3.72
2026-03-10 00:00:00-04:00,30.01,32.73,-0.0,-2.72
2026-03-10 01:00:00-04:00,27.34,30.14,-0.0,-2.8
2026-03-10 02:00:00-04:00,27.03,29.41,-0.0,-2.38
2026-03-10 03:00:00-04:00,26.46,28.85,-0.0,-2.39
2026-03-10 04:00:00-04:00,28.78,31.18,-0.0,-2.4
2026-03-10 05:00:00-04:00,33.49,37.35,-0.01,-3.85
2026-03-10 06:00:00-04:00,36.8,49.98,-7.68,-5.5
2026-03-10 07:00:00-04:00,36.13,81.14,-36.73,-8.28
2026-03-10 08:00:00-04:00,31.1,56.68,-19.52,-6.06
2026-03-10 09:00:00-04:00,25.01,39.05,-9.74,-4.3
2026-03-10 10:00:00-04:00,29.88,33.62,-0.01,-3.73
2026-03-10 11:00:00-04:00,25.38,31.23,-2.35,-3.5
2026-03-10 12:00:00-04:00,26.9,30.37,-0.01,-3.46
2026-03-10 13:00:00-04:00,26.14,29.58,-0.01,-3.43
2026-03-10 14:00:00-04:00,24.6,29.44,-1.31,-3.53
2026-03-10 15:00:00-04:00,22.8,32.33,-5.78,-3.75
2026-03-10 16:00:00-04:00,25.26,38.03,-8.4,-4.37
2026-03-10 17:00:00-04:00,32.49,44.95,-7.52,-4.94
2026-03-10 18:00:00-04:00,35.88,56.78,-15.11,-5.79
2026-03-10 19:00:00-04:00,48.53,68.65,-12.98,-7.14
2026-03-10 20:00:00-04:00,45.29,56.13,-5.17,-5.67
2026-03-10 21:00:00-04:00,35.28,46.36,-6.21,-4.87
2026-03-10 22:00:00-04:00,39.25,43.43,-0.01,-4.17
2026-03-10 23:00:00-04:00,32.99,36.41,-0.0,-3.42
2026-03-11 00:00:00-04:00,31.0,34.41,-0.0,-3.41
2026-03-11 01:00:00-04:00,28.9,32.22,-0.0,-3.32
2026-03-11 02:00:00-04:00,27.22,30.69,-0.0,-3.47
2026-03-11 03:00:00-04:00,26.32,29.67,-0.0,-3.35
2026-03-11 04:00:00-04:00,26.25,29.69,-0.0,-3.44
2026-03-11 05:00:00-04:00,25.15,32.66,-3.49,-4.02
2026-03-11 06:00:00-04:00,29.18,45.32,-10.25,-5.89
2026-03-11 07:00:00-04:00,35.46,54.59,-12.09,-7.04
2026-03-11 08:00:00-04:00,30.91,48.78,-12.11,-5.76
2026-03-11 09:00:00-04:00,24.54,41.09,-11.95,-4.6
2026-03-11 10:00:00-04:00,24.81,40.95,-11.59,-4.55
2026-03-11 11:00:00-04:00,25.29,36.71,-7.31,-4.11
2026-03-11 12:00:00-04:00,25.37,36.07,-6.62,-4.08
2026-03-11 13:00:00-04:00,25.26,35.47,-6.13,-4.08
2026-03-11 14:00:00-04:00,24.99,37.29,-8.05,-4.25
2026-03-11 15:00:00-04:00,21.75,40.2,-13.46,-4.99
2026-03-11 16:00:00-04:00,22.29,44.08,-16.5,-5.29
2026-03-11 17:00:00-04:00,34.5,46.17,-5.35,-6.32
2026-03-11 18:00:00-04:00,35.81,53.13,-9.94,-7.38
2026-03-11 19:00:00-04:00,37.4,54.06,-9.42,-7.24
2026-03-11 20:00:00-04:00,34.17,52.47,-11.32,-6.98
2026-03-11 21:00:00-04:00,29.0,46.67,-11.42,-6.25
2026-03-11 22:00:00-04:00,30.0,38.41,-3.26,-5.15
2026-03-11 23:00:00-04:00,28.72,33.38,-0.12,-4.54
2026-03-12 00:00:00-04:00,26.21,30.06,-0.0,-3.85
2026-03-12 01:00:00-04:00,24.58,28.48,-0.25,-3.65
2026-03-12 02:00:00-04:00,22.83,27.0,-0.79,-3.38
2026-03-12 03:00:00-04:00,23.31,26.58,-0.03,-3.24
2026-03-12 04:00:00-04:00,23.82,27.05,-0.01,-3.22
2026-03-12 05:00:00-04:00,25.61,29.1,-0.03,-3.46
2026-03-12 06:00:00-04:00,29.8,35.37,-1.29,-4.28
2026-03-12 07:00:00-04:00,35.0,46.74,-5.94,-5.8
2026-03-12 08:00:00-04:00,36.56,45.72,-3.67,-5.49
2026-03-12 09:00:00-04:00,34.32,44.97,-5.12,-5.53
2026-03-12 10:00:00-04:00,34.4,42.45,-2.66,-5.39
2026-03-12 11:00:00-04:00,34.7,41.7,-1.74,-5.26
2026-03-12 12:00:00-04:00,29.83,41.08,-5.87,-5.38
2026-03-12 13:00:00-04:00,29.2,36.9,-2.68,-5.02
2026-03-12 14:00:00-04:00,27.17,36.5,-4.51,-4.82
2026-03-12 15:00:00-04:00,25.46,35.43,-5.01,-4.96
2026-03-12 16:00:00-04:00,29.54,40.95,-5.84,-5.57
2026-03-12 17:00:00-04:00,35.0,49.24,-7.84,-6.4
2026-03-12 18:00:00-04:00,44.89,52.63,-0.58,-7.16
2026-03-12 19:00:00-04:00,50.47,57.62,-0.0,-7.15
2026-03-12 20:00:00-04:00,50.05,59.07,-1.04,-7.98
2026-03-12 21:00:00-04:00,41.27,47.01,-0.0,-5.74
2026-03-12 22:00:00-04:00,38.0,42.46,-0.0,-4.46
2026-03-12 23:00:00-04:00,35.08,38.21,-0.0,-3.13
2026-03-13 00:00:00-04:00,42.13,46.25,-0.0,-4.12
2026-03-13 01:00:00-04:00,35.66,40.02,-0.0,-4.36
2026-03-13 02:00:00-04:00,34.49,38.62,-0.0,-4.13
2026-03-13 03:00:00-04:00,34.6,39.05,-0.0,-4.45
2026-03-13 04:00:00-04:00,35.0,39.73,-0.0,-4.73
2026-03-13 05:00:00-04:00,36.0,43.99,-2.27,-5.72
2026-03-13 06:00:00-04:00,40.92,60.51,-11.18,-8.41
2026-03-13 07:00:00-04:00,45.0,73.56,-17.09,-11.47
2026-03-13 08:00:00-04:00,43.15,57.89,-7.04,-7.7
2026-03-13 09:00:00-04:00,31.89,45.47,-7.76,-5.82
2026-03-13 10:00:00-04:00,28.42,41.2,-7.63,-5.15
2026-03-13 11:00:00-04:00,28.93,41.88,-7.55,-5.4
2026-03-13 12:00:00-04:00,26.79,39.01,-7.03,-5.19
2026-03-13 13:00:00-04:00,25.67,41.9,-10.53,-5.7
2026-03-13 14:00:00-04:00,25.66,41.76,-10.42,-5.68
2026-03-13 15:00:00-04:00,20.59,42.7,-16.18,-5.93
2026-03-13 16:00:00-04:00,20.94,47.36,-19.84,-6.58
2026-03-13 17:00:00-04:00,25.7,52.67,-19.65,-7.32
2026-03-13 18:00:00-04:00,30.44,59.05,-20.58,-8.03
2026-03-13 19:00:00-04:00,31.12,65.01,-25.11,-8.78
2026-03-13 20:00:00-04:00,30.9,55.62,-17.21,-7.51
2026-03-13 21:00:00-04:00,26.0,53.3,-20.16,-7.14
2026-03-13 22:00:00-04:00,25.44,48.41,-16.29,-6.68
2026-03-13 23:00:00-04:00,29.0,44.21,-9.02,-6.19
2026-03-14 00:00:00-04:00,30.5,41.15,-5.26,-5.39
2026-03-14 01:00:00-04:00,30.0,40.39,-5.18,-5.21
2026-03-14 02:00:00-04:00,30.0,36.95,-1.78,-5.17
2026-03-14 03:00:00-04:00,30.3,36.58,-1.2,-5.08
2026-03-14 04:00:00-04:00,31.3,37.15,-0.61,-5.24
2026-03-14 05:00:00-04:00,32.5,39.18,-1.31,-5.37
2026-03-14 06:00:00-04:00,34.2,45.19,-5.29,-5.7
2026-03-14 07:00:00-04:00,37.45,50.36,-6.36,-6.55
2026-03-14 08:00:00-04:00,33.12,47.07,-8.02,-5.93
2026-03-14 09:00:00-04:00,30.72,41.84,-6.31,-4.81
2026-03-14 10:00:00-04:00,28.12,38.34,-5.85,-4.37
2026-03-14 11:00:00-04:00,26.22,36.16,-5.53,-4.41
2026-03-14 12:00:00-04:00,25.26,32.59,-3.45,-3.88
2026-03-14 13:00:00-04:00,25.1,28.88,-0.17,-3.61
2026-03-14 14:00:00-04:00,24.25,27.46,-0.0,-3.21
2026-03-14 15:00:00-04:00,22.21,29.14,-3.37,-3.56
2026-03-14 16:00:00-04:00,27.8,32.25,-0.68,-3.77
2026-03-14 17:00:00-04:00,36.48,41.38,0.27,-5.17
2026-03-14 18:00:00-04:00,48.0,54.85,-0.27,-6.58
2026-03-14 19:00:00-04:00,51.97,59.67,-0.0,-7.7
2026-03-14 20:00:00-04:00,48.68,55.32,-0.0,-6.64
2026-03-14 21:00:00-04:00,45.01,51.32,-0.0,-6.31
2026-03-14 22:00:00-04:00,42.9,48.15,-0.0,-5.25
2026-03-14 23:00:00-04:00,38.89,42.88,-0.0,-3.99
2026-03-15 00:00:00-04:00,43.53,48.64,-0.0,-5.11
2026-03-15 01:00:00-04:00,41.46,46.74,-0.0,-5.28
2026-03-15 02:00:00-04:00,38.12,43.57,-0.0,-5.45
2026-03-15 03:00:00-04:00,37.62,42.8,-0.0,-5.18
2026-03-15 04:00:00-04:00,38.19,43.94,-0.0,-5.75
2026-03-15 05:00:00-04:00,39.03,44.56,-0.0,-5.53
2026-03-15 06:00:00-04:00,38.1,46.33,-1.23,-7.0
2026-03-15 07:00:00-04:00,40.7,51.38,-3.13,-7.55
2026-03-15 08:00:00-04:00,37.73,48.27,-3.54,-7.0
2026-03-15 09:00:00-04:00,35.49,45.99,-4.52,-5.98
2026-03-15 10:00:00-04:00,31.64,41.44,-4.16,-5.64
2026-03-15 11:00:00-04:00,28.83,39.49,-5.41,-5.25
2026-03-15 12:00:00-04:00,25.54,36.76,-6.33,-4.89
2026-03-15 13:00:00-04:00,24.31,33.46,-4.67,-4.48
2026-03-15 14:00:00-04:00,24.08,33.5,-4.9,-4.52
2026-03-15 15:00:00-04:00,21.8,34.24,-7.85,-4.59
2026-03-15 16:00:00-04:00,23.17,39.74,-11.09,-5.48
2026-03-15 17:00:00-04:00,28.43,49.28,-13.9,-6.95
2026-03-15 18:00:00-04:00,31.27,59.51,-20.33,-7.91
2026-03-15 19:00:00-04:00,31.64,72.41,-30.92,-9.85
2026-03-15 20:00:00-04:00,31.3,62.47,-22.49,-8.68
2026-03-15 21:00:00-04:00,26.12,53.19,-19.52,-7.55
2026-03-15 22:00:00-04:00,29.75,46.98,-10.56,-6.67
2026-03-15 23:00:00-04:00,28.5,41.8,-7.16,-6.14
2026-03-16 00:00:00-04:00,35.2,40.41,-0.0,-5.21
2026-03-16 01:00:00-04:00,31.63,38.56,-1.34,-5.59
2026-03-16 02:00:00-04:00,27.49,37.73,-4.92,-5.32
2026-03-16 03:00:00-04:00,27.0,36.47,-4.33,-5.14
2026-03-16 04:00:00-04:00,28.54,36.4,-2.65,-5.21
2026-03-16 05:00:00-04:00,31.0,39.19,-2.35,-5.84
2026-03-16 06:00:00-04:00,29.6,48.95,-12.55,-6.8
2026-03-16 07:00:00-04:00,32.9,46.89,-7.33,-6.66
2026-03-16 08:00:00-04:00,34.28,56.71,-14.49,-7.94
2026-03-16 09:00:00-04:00,33.4,56.53,-15.27,-7.86
2026-03-16 10:00:00-04:00,30.75,52.6,-14.75,-7.1
2026-03-16 11:00:00-04:00,28.91,48.67,-13.33,-6.43
2026-03-16 12:00:00-04:00,31.7,48.37,-10.38,-6.29
2026-03-16 13:00:00-04:00,28.17,47.06,-12.77,-6.12
2026-03-16 14:00:00-04:00,28.58,46.34,-11.64,-6.12
2026-03-16 15:00:00-04:00,28.53,47.85,-13.05,-6.27
2026-03-16 16:00:00-04:00,30.68,50.19,-12.94,-6.57
2026-03-16 17:00:00-04:00,27.84,54.42,-19.29,-7.29
2026-03-16 18:00:00-04:00,40.3,58.96,-10.52,-8.14
2026-03-16 19:00:00-04:00,42.94,58.9,-7.71,-8.25
2026-03-16 20:00:00-04:00,41.09,58.18,-9.35,-7.74
2026-03-16 21:00:00-04:00,27.49,52.88,-18.2,-7.19
2026-03-16 22:00:00-04:00,32.42,46.14,-7.68,-6.04
2026-03-16 23:00:00-04:00,28.66,40.71,-6.6,-5.45
2026-03-17 00:00:00-04:00,37.3,41.86,-0.0,-4.56
2026-03-17 01:00:00-04:00,27.73,38.41,-6.19,-4.49
2026-03-17 02:00:00-04:00,26.02,37.78,-7.34,-4.42
2026-03-17 03:00:00-04:00,25.39,37.32,-7.45,-4.48
2026-03-17 04:00:00-04:00,28.2,38.35,-5.47,-4.68
2026-03-17 05:00:00-04:00,33.72,43.31,-3.87,-5.72
2026-03-17 06:00:00-04:00,39.1,54.0,-8.04,-6.86
2026-03-17 07:00:00-04:00,40.75,56.19,-8.41,-7.03
2026-03-17 08:00:00-04:00,45.18,58.3,-5.77,-7.35
2026-03-17 09:00:00-04:00,39.7,45.13,-0.01,-5.42
2026-03-17 10:00:00-04:00,33.8,38.32,-0.0,-4.52
2026-03-17 11:00:00-04:00,32.5,37.98,-0.77,-4.71
2026-03-17 12:00:00-04:00,31.36,35.47,-0.03,-4.08
2026-03-17 13:00:00-04:00,30.21,35.87,-1.68,-3.98
2026-03-17 14:00:00-04:00,30.28,36.66,-2.13,-4.25
2026-03-17 15:00:00-04:00,30.59,41.82,-6.13,-5.1
2026-03-17 16:00:00-04:00,34.2,45.78,-6.13,-5.45
2026-03-17 17:00:00-04:00,43.05,59.64,-9.61,-6.98
2026-03-17 18:00:00-04:00,53.59,68.47,-6.87,-8.01
2026-03-17 19:00:00-04:00,61.4,79.37,-8.36,-9.61
2026-03-17 20:00:00-04:00,60.69,70.03,-0.51,-8.83
2026-03-17 21:00:00-04:00,55.99,65.21,-0.87,-8.35
2026-03-17 22:00:00-04:00,50.2,57.05,-0.0,-6.85
2026-03-17 23:00:00-04:00,47.14,52.9,-0.0,-5.76
2026-03-18 00:00:00-04:00,56.93,61.09,-0.0,-4.16
2026-03-18 01:00:00-04:00,49.94,54.14,-0.73,-3.47
2026-03-18 02:00:00-04:00,49.98,54.66,-1.18,-3.5
2026-03-18 03:00:00-04:00,49.96,55.17,-1.79,-3.42
2026-03-18 04:00:00-04:00,51.6,55.7,-0.59,-3.51
2026-03-18 05:00:00-04:00,54.88,68.05,-7.66,-5.51
2026-03-18 06:00:00-04:00,69.89,88.88,-10.46,-8.53
2026-03-18 07:00:00-04:00,89.23,127.24,-23.76,-14.25
2026-03-18 08:00:00-04:00,78.72,90.64,-0.86,-11.06
2026-03-18 09:00:00-04:00,57.84,64.1,0.86,-7.12
2026-03-18 10:00:00-04:00,45.56,50.07,-0.0,-4.51
2026-03-18 11:00:00-04:00,38.13,45.92,-2.97,-4.82
2026-03-18 12:00:00-04:00,40.3,45.76,-0.29,-5.17
2026-03-18 13:00:00-04:00,38.88,43.93,-0.0,-5.05
2026-03-18 14:00:00-04:00,36.49,41.05,-0.0,-4.56
2026-03-18 15:00:00-04:00,39.29,44.29,-0.0,-5.0
2026-03-18 16:00:00-04:00,44.39,50.96,-0.0,-6.57
2026-03-18 17:00:00-04:00,51.63,63.81,-3.82,-8.36
2026-03-18 18:00:00-04:00,76.19,87.83,-0.22,-11.42
2026-03-18 19:00:00-04:00,65.1,103.73,-25.56,-13.07
2026-03-18 20:00:00-04:00,59.5,90.84,-19.71,-11.63
2026-03-18 21:00:00-04:00,50.12,70.0,-10.78,-9.1
2026-03-18 22:00:00-04:00,42.78,65.89,-14.87,-8.24
2026-03-18 23:00:00-04:00,40.05,56.71,-11.16,-5.5
2026-03-19 00:00:00-04:00,49.48,53.43,-0.0,-3.95
2026-03-19 01:00:00-04:00,34.88,50.34,-11.33,-4.13
2026-03-19 02:00:00-04:00,35.08,48.63,-9.9,-3.65
2026-03-19 03:00:00-04:00,35.58,46.57,-7.45,-3.54
2026-03-19 04:00:00-04:00,36.16,50.31,-10.12,-4.03
2026-03-19 05:00:00-04:00,47.29,52.32,-0.27,-4.76
2026-03-19 06:00:00-04:00,50.11,65.26,-8.1,-7.05
2026-03-19 07:00:00-04:00,78.31,88.88,-0.79,-9.78
2026-03-19 08:00:00-04:00,64.64,72.31,-0.0,-7.67
2026-03-19 09:00:00-04:00,50.43,57.38,-0.01,-6.94
2026-03-19 10:00:00-04:00,45.1,49.72,-0.0,-4.62
2026-03-19 11:00:00-04:00,40.88,45.22,-0.0,-4.34
2026-03-19 12:00:00-04:00,38.46,42.45,-0.0,-3.99
2026-03-19 13:00:00-04:00,37.26,41.35,-0.0,-4.09
2026-03-19 14:00:00-04:00,36.33,40.55,-0.0,-4.22
2026-03-19 15:00:00-04:00,36.98,41.74,-0.0,-4.76
2026-03-19 16:00:00-04:00,43.43,48.85,-0.0,-5.42
2026-03-19 17:00:00-04:00,48.99,56.19,-0.01,-7.19
2026-03-19 18:00:00-04:00,56.53,64.39,-0.0,-7.86
2026-03-19 19:00:00-04:00,65.23,74.3,-0.0,-9.07
2026-03-19 20:00:00-04:00,58.51,66.34,-0.0,-7.83
2026-03-19 21:00:00-04:00,51.29,58.49,-0.0,-7.2
2026-03-19 22:00:00-04:00,45.1,50.56,-0.0,-5.46
2026-03-19 23:00:00-04:00,43.99,48.02,-0.0,-4.03
2026-03-20 00:00:00-04:00,43.07,45.82,-0.0,-2.75
2026-03-20 01:00:00-04:00,38.55,42.07,-0.7,-2.82
2026-03-20 02:00:00-04:00,36.98,39.55,-0.0,-2.57
2026-03-20 03:00:00-04:00,37.0,39.66,-0.0,-2.66
2026-03-20 04:00:00-04:00,38.01,40.87,-0.0,-2.86
2026-03-20 05:00:00-04:00,39.95,43.76,-0.0,-3.81
2026-03-20 06:00:00-04:00,45.26,53.33,-1.88,-6.19
2026-03-20 07:00:00-04:00,58.27,66.85,-0.02,-8.56
2026-03-20 08:00:00-04:00,47.8,55.18,-0.04,-7.34
2026-03-20 09:00:00-04:00,40.0,45.12,-0.25,-4.87
2026-03-20 10:00:00-04:00,34.3,38.49,-0.0,-4.19
2026-03-20 11:00:00-04:00,32.3,36.69,-0.21,-4.18
2026-03-20 12:00:00-04:00,31.9,36.23,-0.02,-4.31
2026-03-20 13:00:00-04:00,32.69,37.3,-0.02,-4.59
2026-03-20 14:00:00-04:00,31.0,38.28,-2.65,-4.63
2026-03-20 15:00:00-04:00,30.5,38.7,-3.44,-4.76
2026-03-20 16:00:00-04:00,35.1,43.11,-2.49,-5.52
2026-03-20 17:00:00-04:00,40.93,47.9,-0.41,-6.56
2026-03-20 18:00:00-04:00,46.8,53.7,-0.29,-6.61
2026-03-20 19:00:00-04:00,52.59,59.49,-0.18,-6.72
2026-03-20 20:00:00-04:00,48.0,53.81,-0.05,-5.76
2026-03-20 21:00:00-04:00,41.7,47.52,-0.02,-5.8
2026-03-20 22:00:00-04:00,38.85,44.0,-0.0,-5.15
2026-03-20 23:00:00-04:00,35.47,39.24,-0.0,-3.77
2026-03-21 00:00:00-04:00,36.73,41.09,-0.0,-4.36
2026-03-21 01:00:00-04:00,36.9,39.55,-0.0,-2.65
2026-03-21 02:00:00-04:00,35.45,37.83,-0.0,-2.38
2026-03-21 03:00:00-04:00,34.34,36.34,-0.0,-2.0
2026-03-21 04:00:00-04:00,34.86,36.73,-0.0,-1.87
2026-03-21 05:00:00-04:00,35.68,38.37,-0.0,-2.69
2026-03-21 06:00:00-04:00,38.4,42.62,-0.0,-4.22
2026-03-21 07:00:00-04:00,44.81,50.12,-0.0,-5.31
2026-03-21 08:00:00-04:00,42.73,47.85,-0.0,-5.12
2026-03-21 09:00:00-04:00,39.0,43.14,-0.0,-4.14
2026-03-21 10:00:00-04:00,33.35,36.49,-0.0,-3.14
2026-03-21 11:00:00-04:00,30.31,33.71,-0.0,-3.4
2026-03-21 12:00:00-04:00,27.51,30.2,-0.0,-2.69
2026-03-21 13:00:00-04:00,26.51,29.13,-0.0,-2.62
2026-03-21 14:00:00-04:00,25.2,27.75,-0.0,-2.55
2026-03-21 15:00:00-04:00,26.28,28.78,-0.0,-2.5
2026-03-21 16:00:00-04:00,28.88,32.11,0.05,-3.28
2026-03-21 17:00:00-04:00,37.39,42.45,-0.05,-5.01
2026-03-21 18:00:00-04:00,46.63,53.11,-0.0,-6.48
2026-03-21 19:00:00-04:00,49.91,57.24,-0.0,-7.33
2026-03-21 20:00:00-04:00,47.75,54.45,-0.0,-6.7
2026-03-21 21:00:00-04:00,41.0,47.46,-0.1,-6.36
2026-03-21 22:00:00-04:00,36.27,41.74,-0.0,-5.47
2026-03-21 23:00:00-04:00,33.95,38.19,-0.0,-4.24
2026-03-22 00:00:00-04:00,34.45,39.1,-0.0,-4.65
2026-03-22 01:00:00-04:00,32.61,36.85,-0.0,-4.24
2026-03-22 02:00:00-04:00,31.21,35.3,-0.0,-4.09
2026-03-22 03:00:00-04:00,30.05,33.99,-0.0,-3.94
2026-03-22 04:00:00-04:00,30.12,33.92,-0.0,-3.8
2026-03-22 05:00:00-04:00,31.65,34.94,-0.0,-3.29
2026-03-22 06:00:00-04:00,33.46,37.18,-0.0,-3.72
2026-03-22 07:00:00-04:00,32.9,37.17,-0.0,-4.27
2026-03-22 08:00:00-04:00,36.19,39.8,1.33,-4.94
2026-03-22 09:00:00-04:00,38.14,44.85,-1.33,-5.38
2026-03-22 10:00:00-04:00,33.8,38.92,-0.1,-5.02
2026-03-22 11:00:00-04:00,32.8,38.17,-0.33,-5.04
2026-03-22 12:00:00-04:00,32.44,37.32,-0.1,-4.78
2026-03-22 13:00:00-04:00,32.3,38.06,-0.85,-4.91
2026-03-22 14:00:00-04:00,31.1,37.07,-1.19,-4.78
2026-03-22 15:00:00-04:00,33.59,39.09,-0.46,-5.04
2026-03-22 16:00:00-04:00,31.39,44.34,-7.05,-5.9
2026-03-22 17:00:00-04:00,31.37,47.7,-9.75,-6.58
2026-03-22 18:00:00-04:00,40.7,52.05,-4.17,-7.18
2026-03-22 19:00:00-04:00,45.26,53.93,-1.28,-7.39
2026-03-22 20:00:00-04:00,43.01,53.6,-3.35,-7.24
2026-03-22 21:00:00-04:00,38.5,46.97,-1.99,-6.48
2026-03-22 22:00:00-04:00,35.65,41.23,-0.01,-5.57
2026-03-22 23:00:00-04:00,33.78,37.91,-0.0,-4.13
2026-03-23 00:00:00-04:00,33.41,37.04,-0.0,-3.63
2026-03-23 01:00:00-04:00,32.33,35.33,-0.0,-3.0
2026-03-23 02:00:00-04:00,32.47,35.26,-0.0,-2.79
2026-03-23 03:00:00-04:00,31.99,34.58,-0.0,-2.59
2026-03-23 04:00:00-04:00,33.58,35.35,-0.0,-1.77
2026-03-23 05:00:00-04:00,35.01,38.22,-0.0,-3.21
2026-03-23 06:00:00-04:00,41.0,46.75,-0.0,-5.75
2026-03-23 07:00:00-04:00,48.8,54.49,1.12,-6.81
2026-03-23 08:00:00-04:00,45.6,62.49,-9.52,-7.37
2026-03-23 09:00:00-04:00,40.5,58.91,-11.4,-7.01
2026-03-23 10:00:00-04:00,40.23,52.67,-5.75,-6.69
2026-03-23 11:00:00-04:00,37.7,50.81,-7.06,-6.05
2026-03-23 12:00:00-04:00,35.26,48.1,-7.02,-5.82
2026-03-23 13:00:00-04:00,33.96,45.14,-5.67,-5.51
2026-03-23 14:00:00-04:00,32.0,42.44,-5.18,-5.26
2026-03-23 15:00:00-04:00,35.15,43.37,-2.75,-5.47
2026-03-23 16:00:00-04:00,35.01,48.55,-7.37,-6.17
2026-03-23 17:00:00-04:00,39.0,53.16,-7.25,-6.91
2026-03-23 18:00:00-04:00,48.11,57.46,-2.11,-7.24
2026-03-23 19:00:00-04:00,54.5,68.98,-6.13,-8.35
2026-03-23 20:00:00-04:00,50.07,64.54,-6.72,-7.75
2026-03-23 21:00:00-04:00,43.03,56.3,-6.29,-6.98
2026-03-23 22:00:00-04:00,40.28,48.73,-2.36,-6.09
2026-03-23 23:00:00-04:00,38.34,42.89,-0.0,-4.55
2026-03-24 00:00:00-04:00,43.53,47.06,-0.0,-3.53
2026-03-24 01:00:00-04:00,40.45,44.5,-0.0,-4.05
2026-03-24 02:00:00-04:00,39.41,42.88,-0.0,-3.47
2026-03-24 03:00:00-04:00,39.31,42.77,-0.0,-3.46
2026-03-24 04:00:00-04:00,42.34,44.85,-0.0,-2.51
2026-03-24 05:00:00-04:00,44.61,48.54,-0.0,-3.93
2026-03-24 06:00:00-04:00,61.71,69.65,-0.0,-7.94
2026-03-24 07:00:00-04:00,76.18,107.44,-19.23,-12.03
2026-03-24 08:00:00-04:00,59.41,64.09,2.3,-6.98
2026-03-24 09:00:00-04:00,41.7,41.06,5.77,-5.13
2026-03-24 10:00:00-04:00,33.1,37.36,-0.0,-4.26
2026-03-24 11:00:00-04:00,32.7,36.62,-0.0,-3.92
2026-03-24 12:00:00-04:00,31.05,34.69,-0.0,-3.64
2026-03-24 13:00:00-04:00,29.64,33.01,-0.0,-3.37
2026-03-24 14:00:00-04:00,26.1,29.16,-0.0,-3.06
2026-03-24 15:00:00-04:00,28.56,31.77,-0.0,-3.21
2026-03-24 16:00:00-04:00,31.45,35.7,-0.0,-4.25
2026-03-24 17:00:00-04:00,37.5,43.07,-0.01,-5.56
2026-03-24 18:00:00-04:00,52.18,59.48,-0.04,-7.26
2026-03-24 19:00:00-04:00,60.51,68.81,-0.04,-8.26
2026-03-24 20:00:00-04:00,59.31,68.77,-1.14,-8.32
2026-03-24 21:00:00-04:00,45.68,54.0,-1.57,-6.75
2026-03-24 22:00:00-04:00,42.2,48.55,-0.04,-6.31
2026-03-24 23:00:00-04:00,39.06,43.64,-0.0,-4.58
2026-03-25 00:00:00-04:00,38.29,41.04,-0.0,-2.75
2026-03-25 01:00:00-04:00,36.48,38.98,-0.0,-2.5
2026-03-25 02:00:00-04:00,35.75,37.59,-0.0,-1.84
2026-03-25 03:00:00-04:00,35.02,37.33,-0.0,-2.31
2026-03-25 04:00:00-04:00,37.19,39.73,-0.0,-2.54
2026-03-25 05:00:00-04:00,39.15,43.02,-0.0,-3.87
2026-03-25 06:00:00-04:00,53.28,60.2,-0.0,-6.92
2026-03-25 07:00:00-04:00,67.28,75.17,-0.0,-7.89
2026-03-25 08:00:00-04:00,55.51,62.43,-0.49,-6.43
2026-03-25 09:00:00-04:00,40.47,45.0,-0.17,-4.36
2026-03-25 10:00:00-04:00,34.1,37.47,-0.0,-3.37
2026-03-25 11:00:00-04:00,31.29,34.73,-0.0,-3.44
2026-03-25 12:00:00-04:00,29.95,33.31,-0.0,-3.36
2026-03-25 13:00:00-04:00,27.0,29.97,-0.0,-2.97
2026-03-25 14:00:00-04:00,26.34,29.36,-0.0,-3.02
2026-03-25 15:00:00-04:00,20.0,23.94,-2.5,-1.44
2026-03-25 16:00:00-04:00,33.05,37.56,-0.0,-4.51
2026-03-25 17:00:00-04:00,36.69,46.13,-3.49,-5.95
2026-03-25 18:00:00-04:00,45.55,52.01,-0.01,-6.45
2026-03-25 19:00:00-04:00,52.32,63.4,-2.78,-8.3
2026-03-25 20:00:00-04:00,46.83,53.49,-0.03,-6.63
2026-03-25 21:00:00-04:00,36.0,46.3,-4.33,-5.97
2026-03-25 22:00:00-04:00,35.0,39.91,-0.0,-4.91
2026-03-25 23:00:00-04:00,31.61,35.48,-0.0,-3.87
2026-03-26 00:00:00-04:00,27.62,30.62,-0.0,-3.0
2026-03-26 01:00:00-04:00,26.16,28.91,-0.0,-2.75
2026-03-26 02:00:00-04:00,26.19,28.69,-0.0,-2.5
2026-03-26 03:00:00-04:00,26.26,28.36,-0.0,-2.1
2026-03-26 04:00:00-04:00,26.41,28.55,-0.0,-2.14
2026-03-26 05:00:00-04:00,27.79,30.77,-0.0,-2.98
2026-03-26 06:00:00-04:00,34.21,39.14,-0.0,-4.93
2026-03-26 07:00:00-04:00,43.58,49.69,-0.0,-6.11
2026-03-26 08:00:00-04:00,35.57,40.24,-0.0,-4.67
2026-03-26 09:00:00-04:00,30.34,34.21,-0.0,-3.87
2026-03-26 10:00:00-04:00,26.81,29.99,-0.0,-3.18
2026-03-26 11:00:00-04:00,25.56,28.66,-0.0,-3.1
2026-03-26 12:00:00-04:00,25.28,28.12,-0.0,-2.84
2026-03-26 13:00:00-04:00,25.59,28.5,-0.0,-2.91
2026-03-26 14:00:00-04:00,26.92,29.19,0.88,-3.15
2026-03-26 15:00:00-04:00,27.65,32.06,-0.92,-3.49
2026-03-26 16:00:00-04:00,30.0,34.29,-0.0,-4.29
2026-03-26 17:00:00-04:00,34.54,39.57,-0.0,-5.03
2026-03-26 18:00:00-04:00,40.12,46.56,-0.29,-6.15
2026-03-26 19:00:00-04:00,44.99,51.82,-0.09,-6.74
2026-03-26 20:00:00-04:00,41.2,48.69,-1.06,-6.43
2026-03-26 21:00:00-04:00,34.35,41.85,-1.97,-5.53
2026-03-26 22:00:00-04:00,31.3,35.94,-0.0,-4.64
2026-03-26 23:00:00-04:00,28.8,32.29,-0.0,-3.49
2026-03-27 00:00:00-04:00,26.98,29.81,-0.0,-2.83
2026-03-27 01:00:00-04:00,26.5,28.83,-0.0,-2.33
2026-03-27 02:00:00-04:00,24.88,27.01,-0.0,-2.13
2026-03-27 03:00:00-04:00,25.53,27.36,-0.0,-1.83
2026-03-27 04:00:00-04:00,26.19,27.6,-0.0,-1.41
2026-03-27 05:00:00-04:00,26.0,28.08,-0.0,-2.08
2026-03-27 06:00:00-04:00,31.69,36.05,-0.0,-4.36
2026-03-27 07:00:00-04:00,41.18,44.74,1.05,-4.61
2026-03-27 08:00:00-04:00,38.84,44.48,-1.06,-4.58
2026-03-27 09:00:00-04:00,36.14,40.16,-0.0,-4.02
2026-03-27 10:00:00-04:00,32.62,36.86,-0.0,-4.24
2026-03-27 11:00:00-04:00,29.9,33.82,-0.0,-3.92
2026-03-27 12:00:00-04:00,27.4,30.79,-0.0,-3.39
2026-03-27 13:00:00-04:00,25.59,28.82,-0.0,-3.23
2026-03-27 14:00:00-04:00,23.71,26.29,-0.0,-2.58
2026-03-27 15:00:00-04:00,24.9,28.07,-0.0,-3.17
2026-03-27 16:00:00-04:00,27.2,31.12,-0.0,-3.92
2026-03-27 17:00:00-04:00,32.67,37.68,-0.0,-5.01
2026-03-27 18:00:00-04:00,41.11,46.4,-0.0,-5.29
2026-03-27 19:00:00-04:00,48.41,53.85,-0.0,-5.44
2026-03-27 20:00:00-04:00,45.82,50.97,-0.0,-5.15
2026-03-27 21:00:00-04:00,37.42,42.02,0.32,-4.92
2026-03-27 22:00:00-04:00,35.23,40.04,-0.24,-4.57
2026-03-27 23:00:00-04:00,35.0,38.34,-0.08,-3.26
2026-03-28 00:00:00-04:00,40.71,45.28,-0.0,-4.57
2026-03-28 01:00:00-04:00,37.96,42.99,-0.0,-5.03
2026-03-28 02:00:00-04:00,35.39,39.81,-0.0,-4.42
2026-03-28 03:00:00-04:00,34.99,39.53,-0.0,-4.54
2026-03-28 04:00:00-04:00,35.13,39.88,-0.0,-4.75
2026-03-28 05:00:00-04:00,38.18,43.54,-0.0,-5.36
2026-03-28 06:00:00-04:00,42.53,48.39,-0.0,-5.86
2026-03-28 07:00:00-04:00,46.8,51.77,-0.0,-4.97
2026-03-28 08:00:00-04:00,43.37,47.87,-0.0,-4.5
2026-03-28 09:00:00-04:00,34.1,37.39,-0.0,-3.29
2026-03-28 10:00:00-04:00,30.52,33.87,-0.0,-3.35
2026-03-28 11:00:00-04:00,26.97,29.87,-0.0,-2.9
2026-03-28 12:00:00-04:00,26.28,28.91,-0.0,-2.63
2026-03-28 13:00:00-04:00,25.04,27.58,-0.0,-2.54
2026-03-28 14:00:00-04:00,22.77,24.94,-0.0,-2.17
2026-03-28 15:00:00-04:00,23.73,26.11,-0.0,-2.38
2026-03-28 16:00:00-04:00,26.97,30.79,-0.0,-3.82
2026-03-28 17:00:00-04:00,33.4,38.96,-0.57,-4.99
2026-03-28 18:00:00-04:00,40.5,51.84,-5.01,-6.33
2026-03-28 19:00:00-04:00,48.83,60.47,-3.66,-7.98
2026-03-28 20:00:00-04:00,48.86,56.59,-0.03,-7.7
2026-03-28 21:00:00-04:00,40.83,48.68,-0.5,-7.35
2026-03-28 22:00:00-04:00,38.14,43.69,-0.0,-5.55
2026-03-28 23:00:00-04:00,36.07,40.8,-0.0,-4.73
2026-03-29 00:00:00-04:00,34.68,38.75,-0.0,-4.07
2026-03-29 01:00:00-04:00,30.85,34.94,-0.0,-4.09
2026-03-29 02:00:00-04:00,29.62,33.09,-0.0,-3.47
2026-03-29 03:00:00-04:00,29.73,33.29,-0.0,-3.56
2026-03-29 04:00:00-04:00,30.05,34.03,-0.0,-3.98
2026-03-29 05:00:00-04:00,30.4,35.35,-0.0,-4.95
2026-03-29 06:00:00-04:00,35.14,41.09,-0.11,-5.84
2026-03-29 07:00:00-04:00,38.72,44.86,-0.0,-6.14
2026-03-29 08:00:00-04:00,32.64,37.65,-0.0,-5.01
2026-03-29 09:00:00-04:00,27.4,30.38,-0.0,-2.98
2026-03-29 10:00:00-04:00,25.06,27.45,-0.0,-2.39
2026-03-29 11:00:00-04:00,23.68,26.25,-0.0,-2.57
2026-03-29 12:00:00-04:00,21.8,24.3,-0.0,-2.5
2026-03-29 13:00:00-04:00,20.95,23.28,-0.0,-2.33
2026-03-29 14:00:00-04:00,20.48,22.81,-0.0,-2.33
2026-03-29 15:00:00-04:00,21.56,23.74,-0.0,-2.18
2026-03-29 16:00:00-04:00,24.37,27.29,-0.0,-2.92
2026-03-29 17:00:00-04:00,28.13,32.72,-0.11,-4.48
2026-03-29 18:00:00-04:00,37.5,44.26,-0.56,-6.2
2026-03-29 19:00:00-04:00,41.93,51.63,-2.42,-7.28
2026-03-29 20:00:00-04:00,40.0,48.65,-1.79,-6.86
2026-03-29 21:00:00-04:00,31.78,37.99,-0.66,-5.55
2026-03-29 22:00:00-04:00,27.78,32.66,-0.11,-4.77
2026-03-29 23:00:00-04:00,26.38,30.32,-0.0,-3.94
2026-03-30 00:00:00-04:00,25.78,28.64,-0.0,-2.86
2026-03-30 01:00:00-04:00,25.35,27.8,-0.0,-2.45
2026-03-30 02:00:00-04:00,24.62,27.05,-0.0,-2.43
2026-03-30 03:00:00-04:00,25.01,27.45,-0.0,-2.44
2026-03-30 04:00:00-04:00,25.08,27.59,-0.0,-2.51
2026-03-30 05:00:00-04:00,26.94,29.77,-0.0,-2.83
2026-03-30 06:00:00-04:00,35.0,40.09,-0.0,-5.09
2026-03-30 07:00:00-04:00,40.84,46.81,-0.02,-5.95
2026-03-30 08:00:00-04:00,38.25,43.49,-0.02,-5.22
2026-03-30 09:00:00-04:00,29.5,33.59,-0.02,-4.07
2026-03-30 10:00:00-04:00,25.18,29.93,-1.34,-3.41
2026-03-30 11:00:00-04:00,24.73,28.09,-0.02,-3.34
2026-03-30 12:00:00-04:00,23.46,26.38,-0.02,-2.9
2026-03-30 13:00:00-04:00,22.24,25.13,-0.02,-2.87
2026-03-30 14:00:00-04:00,20.0,26.32,-2.98,-3.34
2026-03-30 15:00:00-04:00,21.8,30.75,-5.2,-3.75
2026-03-30 16:00:00-04:00,26.6,31.37,-0.85,-3.92
2026-03-30 17:00:00-04:00,31.33,35.53,-0.01,-4.19
2026-03-30 18:00:00-04:00,39.87,44.6,-0.0,-4.73
2026-03-30 19:00:00-04:00,47.38,52.88,-0.0,-5.5
2026-03-30 20:00:00-04:00,45.0,50.11,-0.0,-5.11
2026-03-30 21:00:00-04:00,34.9,39.26,-0.0,-4.36
2026-03-30 22:00:00-04:00,30.16,33.66,-0.0,-3.5
2026-03-30 23:00:00-04:00,27.49,30.21,-0.0,-2.72
2026-04-01 00:00:00-04:00,28.4,31.17,-0.0,-2.77
2026-04-01 01:00:00-04:00,23.89,26.63,-0.0,-2.74
2026-04-01 02:00:00-04:00,23.35,25.77,-0.0,-2.42
2026-04-01 03:00:00-04:00,23.43,25.86,-0.0,-2.43
2026-04-01 04:00:00-04:00,24.7,27.08,-0.0,-2.38
2026-04-01 05:00:00-04:00,26.2,29.18,-0.0,-2.98
2026-04-01 06:00:00-04:00,32.13,35.82,-0.0,-3.69
2026-04-01 07:00:00-04:00,40.15,44.12,-0.0,-3.97
2026-04-01 08:00:00-04:00,39.09,43.39,-0.0,-4.3
2026-04-01 09:00:00-04:00,35.08,39.33,-0.0,-4.25
2026-04-01 10:00:00-04:00,32.94,36.64,-0.0,-3.7
2026-04-01 11:00:00-04:00,31.5,35.24,-0.0,-3.74
2026-04-01 12:00:00-04:00,30.11,33.98,-0.0,-3.87
2026-04-01 13:00:00-04:00,29.71,33.42,-0.0,-3.71
2026-04-01 14:00:00-04:00,29.0,32.58,-0.0,-3.58
2026-04-01 15:00:00-04:00,28.91,32.59,-0.0,-3.68
2026-04-01 16:00:00-04:00,31.48,36.12,-0.02,-4.62
2026-04-01 17:00:00-04:00,36.4,41.37,-0.0,-4.97
2026-04-01 18:00:00-04:00,43.11,48.17,-0.0,-5.06
2026-04-01 19:00:00-04:00,49.4,54.71,-0.0,-5.31
2026-04-01 20:00:00-04:00,45.15,49.72,-0.0,-4.57
2026-04-01 21:00:00-04:00,37.67,41.9,-0.0,-4.23
2026-04-01 22:00:00-04:00,32.22,35.37,-0.0,-3.15
2026-04-01 23:00:00-04:00,30.03,32.19,-0.0,-2.16
2026-04-02 00:00:00-04:00,34.5,34.03,2.51,-2.04
2026-04-02 01:00:00-04:00,25.05,29.89,-2.51,-2.33
2026-04-02 02:00:00-04:00,25.2,27.39,-0.0,-2.19
2026-04-02 03:00:00-04:00,25.55,27.47,-0.0,-1.92
2026-04-02 04:00:00-04:00,26.5,28.4,-0.0,-1.9
2026-04-02 05:00:00-04:00,28.14,30.99,-0.0,-2.85
2026-04-02 06:00:00-04:00,35.0,39.11,-0.0,-4.11
2026-04-02 07:00:00-04:00,42.3,45.99,0.86,-4.55
2026-04-02 08:00:00-04:00,41.2,47.48,-0.87,-5.41
2026-04-02 09:00:00-04:00,37.81,45.84,-2.53,-5.5
2026-04-02 10:00:00-04:00,36.27,41.09,-0.01,-4.81
2026-04-02 11:00:00-04:00,35.09,39.73,-0.03,-4.61
2026-04-02 12:00:00-04:00,34.6,39.44,-0.03,-4.81
2026-04-02 13:00:00-04:00,34.9,39.25,-0.03,-4.32
2026-04-02 14:00:00-04:00,31.24,34.96,-0.01,-3.71
2026-04-02 15:00:00-04:00,31.7,35.64,-0.02,-3.92
2026-04-02 16:00:00-04:00,32.4,39.48,-2.3,-4.78
2026-04-02 17:00:00-04:00,35.1,40.73,-0.5,-5.13
2026-04-02 18:00:00-04:00,39.3,45.02,0.04,-5.76
2026-04-02 19:00:00-04:00,41.66,47.85,-0.02,-6.17
2026-04-02 20:00:00-04:00,38.53,45.72,-1.61,-5.58
2026-04-02 21:00:00-04:00,30.38,38.32,-3.26,-4.68
2026-04-02 22:00:00-04:00,29.55,33.56,0.45,-4.46
2026-04-02 23:00:00-04:00,28.2,32.36,-0.47,-3.69
2026-04-03 00:00:00-04:00,24.81,30.59,-1.8,-3.98
2026-04-03 01:00:00-04:00,23.81,27.38,-0.01,-3.56
2026-04-03 02:00:00-04:00,23.1,26.73,-0.02,-3.61
2026-04-03 03:00:00-04:00,22.63,25.78,-0.0,-3.15
2026-04-03 04:00:00-04:00,23.7,27.12,-0.0,-3.42
2026-04-03 05:00:00-04:00,24.23,28.36,-0.58,-3.55
2026-04-03 06:00:00-04:00,27.5,37.32,-4.71,-5.11
2026-04-03 07:00:00-04:00,29.44,45.05,-9.44,-6.17
2026-04-03 08:00:00-04:00,29.5,41.63,-6.3,-5.83
2026-04-03 09:00:00-04:00,27.58,37.14,-4.66,-4.9
2026-04-03 10:00:00-04:00,25.06,33.31,-4.15,-4.1
2026-04-03 11:00:00-04:00,23.35,30.97,-3.84,-3.78
2026-04-03 12:00:00-04:00,20.83,27.52,-3.36,-3.33
2026-04-03 13:00:00-04:00,20.33,26.68,-3.26,-3.09
2026-04-03 14:00:00-04:00,20.1,23.06,-0.38,-2.58
2026-04-03 15:00:00-04:00,20.17,26.53,-3.26,-3.1
2026-04-03 16:00:00-04:00,21.45,28.52,-3.53,-3.54
2026-04-03 17:00:00-04:00,25.18,33.84,-4.23,-4.43
2026-04-03 18:00:00-04:00,30.53,40.01,-4.36,-5.12
2026-04-03 19:00:00-04:00,39.7,45.91,-0.38,-5.83
2026-04-03 20:00:00-04:00,38.68,44.41,-0.0,-5.73
2026-04-03 21:00:00-04:00,33.84,38.68,-0.0,-4.84
2026-04-03 22:00:00-04:00,31.13,34.78,-0.0,-3.65
2026-04-03 23:00:00-04:00,29.53,32.17,-0.0,-2.64
